0.0000E+00   -.9000E+01   -.9000E+01   -.8999E+01   -.8999E+01   -.8999E+01   -.8999E+01   -.8998E+01   -.8998E+01   -.8998E+01   -.8997E+01   -.8997E+01   -.8997E+01   -.8997E+01   -.8996E+01   -.8996E+01   -.8996E+01   -.8996E+01   -.8995E+01   -.8995E+01   -.8995E+01   -.8995E+01   -.8994E+01   -.8994E+01   -.8994E+01   -.8993E+01   -.8993E+01   -.8993E+01   -.8993E+01   -.8992E+01   -.8992E+01   -.8992E+01   -.8991E+01   -.8991E+01   -.8991E+01   -.8991E+01   -.8990E+01   -.8990E+01   -.8990E+01   -.8990E+01   -.8989E+01   -.8989E+01   -.8989E+01   -.8988E+01   -.8988E+01   -.8988E+01   -.8988E+01   -.8988E+01   -.8988E+01   -.8987E+01   -.8987E+01   -.8987E+01   -.8987E+01   -.8987E+01   -.8987E+01   -.8987E+01   -.8987E+01   -.8986E+01   -.8986E+01   -.8986E+01   -.8986E+01   -.8986E+01   -.8986E+01   -.8986E+01   -.8987E+01   -.8987E+01   -.8987E+01   -.8987E+01   -.8987E+01   -.8987E+01   -.8988E+01   -.8988E+01   -.8989E+01   -.8989E+01   -.8990E+01   -.8990E+01   -.8991E+01   -.8991E+01   -.8993E+01   -.8993E+01   -.8995E+01   -.8995E+01   -.8997E+01   -.8997E+01   -.9000E+01   -.9000E+01   -.9004E+01   -.9004E+01   -.9008E+01   -.9008E+01   -.9013E+01   -.9013E+01   -.9019E+01   -.9019E+01   -.9027E+01   -.9026E+01   -.9036E+01   -.9034E+01   -.9046E+01   -.9045E+01   -.9046E+01   -.9087E+01   -.9097E+01   -.9102E+01   -.9104E+01   -.9106E+01   -.9107E+01   -.9108E+01   -.9109E+01   -.9109E+01   -.9110E+01   -.9111E+01   -.9111E+01   -.9112E+01   -.9112E+01   -.9112E+01   -.9113E+01   -.9113E+01   -.9113E+01   -.9114E+01   -.9114E+01   -.9114E+01   -.9114E+01   -.9115E+01   -.9115E+01   -.9115E+01   -.9115E+01   -.9115E+01   -.9115E+01   -.9116E+01   -.9116E+01
0.2167E+00   -.9000E+01   -.9000E+01   -.8999E+01   -.8999E+01   -.8999E+01   -.8999E+01   -.8998E+01   -.8998E+01   -.8998E+01   -.8998E+01   -.8997E+01   -.8997E+01   -.8997E+01   -.8996E+01   -.8996E+01   -.8996E+01   -.8996E+01   -.8995E+01   -.8995E+01   -.8995E+01   -.8995E+01   -.8994E+01   -.8994E+01   -.8994E+01   -.8994E+01   -.8993E+01   -.8993E+01   -.8993E+01   -.8992E+01   -.8992E+01   -.8992E+01   -.8992E+01   -.8991E+01   -.8991E+01   -.8991E+01   -.8991E+01   -.8990E+01   -.8990E+01   -.8990E+01   -.8989E+01   -.8989E+01   -.8989E+01   -.8989E+01   -.8989E+01   -.8988E+01   -.8988E+01   -.8988E+01   -.8988E+01   -.8988E+01   -.8988E+01   -.8987E+01   -.8987E+01   -.8987E+01   -.8987E+01   -.8987E+01   -.8987E+01   -.8987E+01   -.8987E+01   -.8987E+01   -.8987E+01   -.8987E+01   -.8987E+01   -.8987E+01   -.8987E+01   -.8987E+01   -.8987E+01   -.8988E+01   -.8988E+01   -.8988E+01   -.8988E+01   -.8989E+01   -.8989E+01   -.8989E+01   -.8990E+01   -.8990E+01   -.8992E+01   -.8992E+01   -.8993E+01   -.8993E+01   -.8995E+01   -.8996E+01   -.8998E+01   -.8998E+01   -.9001E+01   -.9001E+01   -.9004E+01   -.9005E+01   -.9008E+01   -.9009E+01   -.9013E+01   -.9014E+01   -.9020E+01   -.9020E+01   -.9027E+01   -.9028E+01   -.9036E+01   -.9037E+01   -.9047E+01   -.9047E+01   -.9048E+01   -.9089E+01   -.9099E+01   -.9104E+01   -.9106E+01   -.9108E+01   -.9109E+01   -.9110E+01   -.9111E+01   -.9111E+01   -.9112E+01   -.9113E+01   -.9113E+01   -.9114E+01   -.9114E+01   -.9114E+01   -.9115E+01   -.9115E+01   -.9115E+01   -.9116E+01   -.9116E+01   -.9116E+01   -.9116E+01   -.9117E+01   -.9117E+01   -.9117E+01   -.9117E+01   -.9117E+01   -.9117E+01   -.9118E+01   -.9118E+01
0.4333E+00   -.9000E+01   -.9000E+01   -.8999E+01   -.8999E+01   -.8999E+01   -.8999E+01   -.8998E+01   -.8998E+01   -.8998E+01   -.8998E+01   -.8997E+01   -.8997E+01   -.8997E+01   -.8997E+01   -.8996E+01   -.8996E+01   -.8996E+01   -.8995E+01   -.8995E+01   -.8995E+01   -.8995E+01   -.8994E+01   -.8994E+01   -.8994E+01   -.8994E+01   -.8993E+01   -.8993E+01   -.8993E+01   -.8993E+01   -.8992E+01   -.8992E+01   -.8992E+01   -.8992E+01   -.8991E+01   -.8991E+01   -.8991E+01   -.8990E+01   -.8990E+01   -.8990E+01   -.8990E+01   -.8989E+01   -.8989E+01   -.8989E+01   -.8989E+01   -.8989E+01   -.8988E+01   -.8988E+01   -.8988E+01   -.8988E+01   -.8988E+01   -.8988E+01   -.8988E+01   -.8987E+01   -.8987E+01   -.8987E+01   -.8987E+01   -.8987E+01   -.8987E+01   -.8987E+01   -.8987E+01   -.8987E+01   -.8987E+01   -.8987E+01   -.8988E+01   -.8988E+01   -.8988E+01   -.8988E+01   -.8988E+01   -.8988E+01   -.8989E+01   -.8989E+01   -.8990E+01   -.8990E+01   -.8991E+01   -.8991E+01   -.8992E+01   -.8993E+01   -.8994E+01   -.8994E+01   -.8996E+01   -.8996E+01   -.8998E+01   -.8999E+01   -.9001E+01   -.9002E+01   -.9005E+01   -.9006E+01   -.9009E+01   -.9010E+01   -.9014E+01   -.9016E+01   -.9020E+01   -.9022E+01   -.9027E+01   -.9030E+01   -.9036E+01   -.9039E+01   -.9047E+01   -.9050E+01   -.9051E+01   -.9091E+01   -.9101E+01   -.9105E+01   -.9108E+01   -.9110E+01   -.9111E+01   -.9112E+01   -.9113E+01   -.9113E+01   -.9114E+01   -.9115E+01   -.9115E+01   -.9116E+01   -.9116E+01   -.9116E+01   -.9117E+01   -.9117E+01   -.9117E+01   -.9118E+01   -.9118E+01   -.9118E+01   -.9118E+01   -.9119E+01   -.9119E+01   -.9119E+01   -.9119E+01   -.9119E+01   -.9119E+01   -.9120E+01   -.9120E+01
0.6500E+00   -.9000E+01   -.9000E+01   -.8999E+01   -.8999E+01   -.8999E+01   -.8999E+01   -.8998E+01   -.8998E+01   -.8998E+01   -.8998E+01   -.8997E+01   -.8997E+01   -.8997E+01   -.8997E+01   -.8996E+01   -.8996E+01   -.8996E+01   -.8996E+01   -.8995E+01   -.8995E+01   -.8995E+01   -.8995E+01   -.8994E+01   -.8994E+01   -.8994E+01   -.8994E+01   -.8993E+01   -.8993E+01   -.8993E+01   -.8992E+01   -.8992E+01   -.8992E+01   -.8992E+01   -.8991E+01   -.8991E+01   -.8991E+01   -.8991E+01   -.8990E+01   -.8990E+01   -.8990E+01   -.8990E+01   -.8989E+01   -.8989E+01   -.8989E+01   -.8989E+01   -.8989E+01   -.8989E+01   -.8988E+01   -.8988E+01   -.8988E+01   -.8988E+01   -.8988E+01   -.8988E+01   -.8988E+01   -.8988E+01   -.8988E+01   -.8988E+01   -.8988E+01   -.8988E+01   -.8988E+01   -.8988E+01   -.8988E+01   -.8988E+01   -.8988E+01   -.8988E+01   -.8988E+01   -.8989E+01   -.8989E+01   -.8989E+01   -.8989E+01   -.8990E+01   -.8990E+01   -.8991E+01   -.8991E+01   -.8992E+01   -.8993E+01   -.8993E+01   -.8994E+01   -.8995E+01   -.8996E+01   -.8997E+01   -.8999E+01   -.9000E+01   -.9002E+01   -.9003E+01   -.9005E+01   -.9007E+01   -.9009E+01   -.9012E+01   -.9015E+01   -.9017E+01   -.9021E+01   -.9024E+01   -.9028E+01   -.9031E+01   -.9036E+01   -.9041E+01   -.9047E+01   -.9052E+01   -.9053E+01   -.9092E+01   -.9103E+01   -.9107E+01   -.9110E+01   -.9111E+01   -.9113E+01   -.9114E+01   -.9115E+01   -.9115E+01   -.9116E+01   -.9117E+01   -.9117E+01   -.9118E+01   -.9118E+01   -.9118E+01   -.9119E+01   -.9119E+01   -.9119E+01   -.9120E+01   -.9120E+01   -.9120E+01   -.9120E+01   -.9121E+01   -.9121E+01   -.9121E+01   -.9121E+01   -.9121E+01   -.9121E+01   -.9122E+01   -.9122E+01
0.8667E+00   -.9000E+01   -.9000E+01   -.8999E+01   -.8999E+01   -.8999E+01   -.8999E+01   -.8998E+01   -.8998E+01   -.8998E+01   -.8998E+01   -.8997E+01   -.8997E+01   -.8997E+01   -.8997E+01   -.8996E+01   -.8996E+01   -.8996E+01   -.8996E+01   -.8995E+01   -.8995E+01   -.8995E+01   -.8995E+01   -.8994E+01   -.8994E+01   -.8994E+01   -.8994E+01   -.8993E+01   -.8993E+01   -.8993E+01   -.8993E+01   -.8992E+01   -.8992E+01   -.8992E+01   -.8992E+01   -.8991E+01   -.8991E+01   -.8991E+01   -.8991E+01   -.8990E+01   -.8990E+01   -.8990E+01   -.8990E+01   -.8989E+01   -.8989E+01   -.8989E+01   -.8989E+01   -.8989E+01   -.8989E+01   -.8989E+01   -.8988E+01   -.8988E+01   -.8988E+01   -.8988E+01   -.8988E+01   -.8988E+01   -.8988E+01   -.8988E+01   -.8988E+01   -.8988E+01   -.8988E+01   -.8988E+01   -.8988E+01   -.8988E+01   -.8988E+01   -.8989E+01   -.8989E+01   -.8989E+01   -.8989E+01   -.8990E+01   -.8990E+01   -.8990E+01   -.8991E+01   -.8991E+01   -.8992E+01   -.8993E+01   -.8993E+01   -.8994E+01   -.8995E+01   -.8996E+01   -.8997E+01   -.8998E+01   -.8999E+01   -.9001E+01   -.9002E+01   -.9004E+01   -.9006E+01   -.9008E+01   -.9010E+01   -.9013E+01   -.9015E+01   -.9019E+01   -.9021E+01   -.9025E+01   -.9028E+01   -.9033E+01   -.9037E+01   -.9043E+01   -.9047E+01   -.9055E+01   -.9055E+01   -.9094E+01   -.9105E+01   -.9109E+01   -.9112E+01   -.9113E+01   -.9115E+01   -.9116E+01   -.9116E+01   -.9117E+01   -.9118E+01   -.9119E+01   -.9119E+01   -.9120E+01   -.9120E+01   -.9120E+01   -.9121E+01   -.9121E+01   -.9121E+01   -.9122E+01   -.9122E+01   -.9122E+01   -.9122E+01   -.9123E+01   -.9123E+01   -.9123E+01   -.9123E+01   -.9123E+01   -.9123E+01   -.9124E+01   -.9124E+01
0.1083E+01   -.9000E+01   -.9000E+01   -.8999E+01   -.8999E+01   -.8999E+01   -.8999E+01   -.8998E+01   -.8998E+01   -.8998E+01   -.8998E+01   -.8997E+01   -.8997E+01   -.8997E+01   -.8997E+01   -.8996E+01   -.8996E+01   -.8996E+01   -.8996E+01   -.8996E+01   -.8995E+01   -.8995E+01   -.8995E+01   -.8995E+01   -.8994E+01   -.8994E+01   -.8994E+01   -.8994E+01   -.8993E+01   -.8993E+01   -.8993E+01   -.8993E+01   -.8992E+01   -.8992E+01   -.8992E+01   -.8992E+01   -.8991E+01   -.8991E+01   -.8991E+01   -.8991E+01   -.8990E+01   -.8990E+01   -.8990E+01   -.8990E+01   -.8990E+01   -.8989E+01   -.8989E+01   -.8989E+01   -.8989E+01   -.8989E+01   -.8989E+01   -.8989E+01   -.8989E+01   -.8989E+01   -.8988E+01   -.8988E+01   -.8988E+01   -.8988E+01   -.8988E+01   -.8988E+01   -.8988E+01   -.8989E+01   -.8989E+01   -.8989E+01   -.8989E+01   -.8989E+01   -.8990E+01   -.8990E+01   -.8990E+01   -.8990E+01   -.8990E+01   -.8991E+01   -.8991E+01   -.8992E+01   -.8992E+01   -.8993E+01   -.8994E+01   -.8995E+01   -.8995E+01   -.8997E+01   -.8997E+01   -.8999E+01   -.9000E+01   -.9002E+01   -.9003E+01   -.9005E+01   -.9006E+01   -.9009E+01   -.9011E+01   -.9014E+01   -.9016E+01   -.9020E+01   -.9022E+01   -.9027E+01   -.9029E+01   -.9035E+01   -.9037E+01   -.9045E+01   -.9047E+01   -.9057E+01   -.9058E+01   -.9096E+01   -.9107E+01   -.9111E+01   -.9114E+01   -.9115E+01   -.9117E+01   -.9118E+01   -.9118E+01   -.9119E+01   -.9120E+01   -.9120E+01   -.9121E+01   -.9121E+01   -.9122E+01   -.9122E+01   -.9123E+01   -.9123E+01   -.9123E+01   -.9124E+01   -.9124E+01   -.9124E+01   -.9124E+01   -.9125E+01   -.9125E+01   -.9125E+01   -.9125E+01   -.9125E+01   -.9126E+01   -.9126E+01   -.9126E+01
0.1300E+01   -.9000E+01   -.9000E+01   -.8999E+01   -.8999E+01   -.8999E+01   -.8999E+01   -.8998E+01   -.8998E+01   -.8998E+01   -.8998E+01   -.8998E+01   -.8997E+01   -.8997E+01   -.8997E+01   -.8997E+01   -.8996E+01   -.8996E+01   -.8996E+01   -.8996E+01   -.8995E+01   -.8995E+01   -.8995E+01   -.8995E+01   -.8994E+01   -.8994E+01   -.8994E+01   -.8994E+01   -.8993E+01   -.8993E+01   -.8993E+01   -.8993E+01   -.8992E+01   -.8992E+01   -.8992E+01   -.8992E+01   -.8991E+01   -.8991E+01   -.8991E+01   -.8991E+01   -.8991E+01   -.8990E+01   -.8990E+01   -.8990E+01   -.8990E+01   -.8990E+01   -.8990E+01   -.8989E+01   -.8989E+01   -.8989E+01   -.8989E+01   -.8989E+01   -.8989E+01   -.8989E+01   -.8989E+01   -.8989E+01   -.8989E+01   -.8989E+01   -.8989E+01   -.8989E+01   -.8989E+01   -.8989E+01   -.8989E+01   -.8989E+01   -.8989E+01   -.8990E+01   -.8990E+01   -.8990E+01   -.8990E+01   -.8991E+01   -.8991E+01   -.8992E+01   -.8992E+01   -.8993E+01   -.8993E+01   -.8994E+01   -.8994E+01   -.8996E+01   -.8996E+01   -.8998E+01   -.8998E+01   -.9000E+01   -.9000E+01   -.9003E+01   -.9003E+01   -.9006E+01   -.9007E+01   -.9011E+01   -.9011E+01   -.9016E+01   -.9016E+01   -.9022E+01   -.9022E+01   -.9029E+01   -.9029E+01   -.9037E+01   -.9037E+01   -.9047E+01   -.9047E+01   -.9060E+01   -.9060E+01   -.9098E+01   -.9109E+01   -.9113E+01   -.9115E+01   -.9117E+01   -.9118E+01   -.9119E+01   -.9120E+01   -.9121E+01   -.9122E+01   -.9122E+01   -.9123E+01   -.9123E+01   -.9124E+01   -.9124E+01   -.9125E+01   -.9125E+01   -.9125E+01   -.9126E+01   -.9126E+01   -.9126E+01   -.9126E+01   -.9127E+01   -.9127E+01   -.9127E+01   -.9127E+01   -.9127E+01   -.9128E+01   -.9128E+01   -.9128E+01
0.1517E+01   -.9000E+01   -.9000E+01   -.8999E+01   -.8999E+01   -.8999E+01   -.8999E+01   -.8998E+01   -.8998E+01   -.8998E+01   -.8998E+01   -.8998E+01   -.8997E+01   -.8997E+01   -.8997E+01   -.8997E+01   -.8996E+01   -.8996E+01   -.8996E+01   -.8996E+01   -.8996E+01   -.8995E+01   -.8995E+01   -.8995E+01   -.8995E+01   -.8994E+01   -.8994E+01   -.8994E+01   -.8994E+01   -.8993E+01   -.8993E+01   -.8993E+01   -.8993E+01   -.8993E+01   -.8992E+01   -.8992E+01   -.8992E+01   -.8992E+01   -.8991E+01   -.8991E+01   -.8991E+01   -.8991E+01   -.8991E+01   -.8990E+01   -.8990E+01   -.8990E+01   -.8990E+01   -.8990E+01   -.8990E+01   -.8990E+01   -.8990E+01   -.8990E+01   -.8989E+01   -.8989E+01   -.8989E+01   -.8989E+01   -.8989E+01   -.8989E+01   -.8989E+01   -.8990E+01   -.8990E+01   -.8990E+01   -.8990E+01   -.8990E+01   -.8990E+01   -.8991E+01   -.8991E+01   -.8991E+01   -.8991E+01   -.8992E+01   -.8992E+01   -.8993E+01   -.8993E+01   -.8994E+01   -.8994E+01   -.8995E+01   -.8995E+01   -.8997E+01   -.8997E+01   -.8999E+01   -.8999E+01   -.9001E+01   -.9002E+01   -.9004E+01   -.9005E+01   -.9008E+01   -.9009E+01   -.9012E+01   -.9013E+01   -.9017E+01   -.9018E+01   -.9023E+01   -.9024E+01   -.9030E+01   -.9032E+01   -.9039E+01   -.9040E+01   -.9049E+01   -.9051E+01   -.9062E+01   -.9062E+01   -.9100E+01   -.9110E+01   -.9114E+01   -.9117E+01   -.9118E+01   -.9120E+01   -.9121E+01   -.9122E+01   -.9122E+01   -.9123E+01   -.9124E+01   -.9124E+01   -.9125E+01   -.9125E+01   -.9126E+01   -.9126E+01   -.9126E+01   -.9127E+01   -.9127E+01   -.9127E+01   -.9127E+01   -.9128E+01   -.9128E+01   -.9128E+01   -.9128E+01   -.9128E+01   -.9129E+01   -.9129E+01   -.9129E+01   -.9129E+01
0.1733E+01   -.9000E+01   -.9000E+01   -.8999E+01   -.8999E+01   -.8999E+01   -.8999E+01   -.8999E+01   -.8998E+01   -.8998E+01   -.8998E+01   -.8998E+01   -.8997E+01   -.8997E+01   -.8997E+01   -.8997E+01   -.8997E+01   -.8996E+01   -.8996E+01   -.8996E+01   -.8996E+01   -.8995E+01   -.8995E+01   -.8995E+01   -.8995E+01   -.8995E+01   -.8994E+01   -.8994E+01   -.8994E+01   -.8994E+01   -.8993E+01   -.8993E+01   -.8993E+01   -.8993E+01   -.8993E+01   -.8992E+01   -.8992E+01   -.8992E+01   -.8992E+01   -.8992E+01   -.8991E+01   -.8991E+01   -.8991E+01   -.8991E+01   -.8991E+01   -.8991E+01   -.8991E+01   -.8990E+01   -.8990E+01   -.8990E+01   -.8990E+01   -.8990E+01   -.8990E+01   -.8990E+01   -.8990E+01   -.8990E+01   -.8990E+01   -.8990E+01   -.8990E+01   -.8990E+01   -.8990E+01   -.8991E+01   -.8991E+01   -.8991E+01   -.8991E+01   -.8992E+01   -.8992E+01   -.8992E+01   -.8992E+01   -.8993E+01   -.8993E+01   -.8994E+01   -.8994E+01   -.8995E+01   -.8995E+01   -.8996E+01   -.8997E+01   -.8998E+01   -.8999E+01   -.9000E+01   -.9001E+01   -.9002E+01   -.9004E+01   -.9006E+01   -.9007E+01   -.9009E+01   -.9011E+01   -.9013E+01   -.9015E+01   -.9018E+01   -.9020E+01   -.9024E+01   -.9027E+01   -.9032E+01   -.9034E+01   -.9040E+01   -.9043E+01   -.9051E+01   -.9054E+01   -.9063E+01   -.9065E+01   -.9101E+01   -.9111E+01   -.9116E+01   -.9118E+01   -.9120E+01   -.9121E+01   -.9122E+01   -.9123E+01   -.9124E+01   -.9124E+01   -.9125E+01   -.9125E+01   -.9126E+01   -.9126E+01   -.9127E+01   -.9127E+01   -.9127E+01   -.9128E+01   -.9128E+01   -.9128E+01   -.9129E+01   -.9129E+01   -.9129E+01   -.9129E+01   -.9129E+01   -.9130E+01   -.9130E+01   -.9130E+01   -.9130E+01   -.9130E+01
0.1950E+01   -.9000E+01   -.9000E+01   -.8999E+01   -.8999E+01   -.8999E+01   -.8999E+01   -.8999E+01   -.8998E+01   -.8998E+01   -.8998E+01   -.8998E+01   -.8998E+01   -.8997E+01   -.8997E+01   -.8997E+01   -.8997E+01   -.8996E+01   -.8996E+01   -.8996E+01   -.8996E+01   -.8996E+01   -.8995E+01   -.8995E+01   -.8995E+01   -.8995E+01   -.8995E+01   -.8994E+01   -.8994E+01   -.8994E+01   -.8994E+01   -.8994E+01   -.8993E+01   -.8993E+01   -.8993E+01   -.8993E+01   -.8993E+01   -.8992E+01   -.8992E+01   -.8992E+01   -.8992E+01   -.8992E+01   -.8991E+01   -.8991E+01   -.8991E+01   -.8991E+01   -.8991E+01   -.8991E+01   -.8991E+01   -.8991E+01   -.8991E+01   -.8991E+01   -.8991E+01   -.8991E+01   -.8991E+01   -.8991E+01   -.8991E+01   -.8991E+01   -.8991E+01   -.8991E+01   -.8991E+01   -.8991E+01   -.8992E+01   -.8992E+01   -.8992E+01   -.8993E+01   -.8993E+01   -.8993E+01   -.8993E+01   -.8994E+01   -.8994E+01   -.8995E+01   -.8995E+01   -.8996E+01   -.8996E+01   -.8997E+01   -.8998E+01   -.8999E+01   -.9000E+01   -.9001E+01   -.9002E+01   -.9004E+01   -.9005E+01   -.9007E+01   -.9008E+01   -.9010E+01   -.9012E+01   -.9015E+01   -.9017E+01   -.9020E+01   -.9023E+01   -.9026E+01   -.9029E+01   -.9033E+01   -.9037E+01   -.9042E+01   -.9047E+01   -.9052E+01   -.9058E+01   -.9065E+01   -.9067E+01   -.9102E+01   -.9113E+01   -.9117E+01   -.9119E+01   -.9121E+01   -.9122E+01   -.9123E+01   -.9124E+01   -.9125E+01   -.9126E+01   -.9126E+01   -.9127E+01   -.9127E+01   -.9128E+01   -.9128E+01   -.9128E+01   -.9129E+01   -.9129E+01   -.9129E+01   -.9129E+01   -.9130E+01   -.9130E+01   -.9130E+01   -.9130E+01   -.9130E+01   -.9131E+01   -.9131E+01   -.9131E+01   -.9131E+01   -.9131E+01
0.2167E+01   -.9000E+01   -.9000E+01   -.8999E+01   -.8999E+01   -.8999E+01   -.8999E+01   -.8999E+01   -.8998E+01   -.8998E+01   -.8998E+01   -.8998E+01   -.8998E+01   -.8997E+01   -.8997E+01   -.8997E+01   -.8997E+01   -.8997E+01   -.8996E+01   -.8996E+01   -.8996E+01   -.8996E+01   -.8996E+01   -.8995E+01   -.8995E+01   -.8995E+01   -.8995E+01   -.8995E+01   -.8994E+01   -.8994E+01   -.8994E+01   -.8994E+01   -.8994E+01   -.8993E+01   -.8993E+01   -.8993E+01   -.8993E+01   -.8993E+01   -.8993E+01   -.8992E+01   -.8992E+01   -.8992E+01   -.8992E+01   -.8992E+01   -.8992E+01   -.8992E+01   -.8992E+01   -.8991E+01   -.8991E+01   -.8991E+01   -.8991E+01   -.8991E+01   -.8991E+01   -.8991E+01   -.8991E+01   -.8991E+01   -.8991E+01   -.8992E+01   -.8992E+01   -.8992E+01   -.8992E+01   -.8992E+01   -.8992E+01   -.8993E+01   -.8993E+01   -.8994E+01   -.8994E+01   -.8994E+01   -.8994E+01   -.8995E+01   -.8995E+01   -.8996E+01   -.8996E+01   -.8997E+01   -.8998E+01   -.8998E+01   -.8999E+01   -.9000E+01   -.9001E+01   -.9002E+01   -.9004E+01   -.9005E+01   -.9007E+01   -.9008E+01   -.9010E+01   -.9012E+01   -.9014E+01   -.9016E+01   -.9019E+01   -.9021E+01   -.9025E+01   -.9027E+01   -.9032E+01   -.9035E+01   -.9040E+01   -.9043E+01   -.9050E+01   -.9054E+01   -.9062E+01   -.9066E+01   -.9069E+01   -.9104E+01   -.9114E+01   -.9118E+01   -.9121E+01   -.9122E+01   -.9124E+01   -.9125E+01   -.9125E+01   -.9126E+01   -.9127E+01   -.9127E+01   -.9128E+01   -.9128E+01   -.9129E+01   -.9129E+01   -.9129E+01   -.9130E+01   -.9130E+01   -.9130E+01   -.9131E+01   -.9131E+01   -.9131E+01   -.9131E+01   -.9131E+01   -.9132E+01   -.9132E+01   -.9132E+01   -.9132E+01   -.9132E+01   -.9132E+01
0.2383E+01   -.9000E+01   -.9000E+01   -.9000E+01   -.8999E+01   -.8999E+01   -.8999E+01   -.8999E+01   -.8999E+01   -.8998E+01   -.8998E+01   -.8998E+01   -.8998E+01   -.8998E+01   -.8997E+01   -.8997E+01   -.8997E+01   -.8997E+01   -.8997E+01   -.8996E+01   -.8996E+01   -.8996E+01   -.8996E+01   -.8996E+01   -.8995E+01   -.8995E+01   -.8995E+01   -.8995E+01   -.8995E+01   -.8994E+01   -.8994E+01   -.8994E+01   -.8994E+01   -.8994E+01   -.8994E+01   -.8993E+01   -.8993E+01   -.8993E+01   -.8993E+01   -.8993E+01   -.8993E+01   -.8993E+01   -.8992E+01   -.8992E+01   -.8992E+01   -.8992E+01   -.8992E+01   -.8992E+01   -.8992E+01   -.8992E+01   -.8992E+01   -.8992E+01   -.8992E+01   -.8992E+01   -.8992E+01   -.8992E+01   -.8992E+01   -.8992E+01   -.8992E+01   -.8993E+01   -.8993E+01   -.8993E+01   -.8993E+01   -.8993E+01   -.8994E+01   -.8994E+01   -.8995E+01   -.8995E+01   -.8995E+01   -.8995E+01   -.8996E+01   -.8997E+01   -.8997E+01   -.8998E+01   -.8999E+01   -.8999E+01   -.9001E+01   -.9001E+01   -.9003E+01   -.9004E+01   -.9005E+01   -.9006E+01   -.9008E+01   -.9009E+01   -.9012E+01   -.9013E+01   -.9016E+01   -.9017E+01   -.9021E+01   -.9023E+01   -.9027E+01   -.9029E+01   -.9034E+01   -.9036E+01   -.9043E+01   -.9045E+01   -.9053E+01   -.9055E+01   -.9065E+01   -.9068E+01   -.9071E+01   -.9105E+01   -.9115E+01   -.9120E+01   -.9122E+01   -.9124E+01   -.9125E+01   -.9126E+01   -.9127E+01   -.9127E+01   -.9128E+01   -.9129E+01   -.9129E+01   -.9129E+01   -.9130E+01   -.9130E+01   -.9131E+01   -.9131E+01   -.9131E+01   -.9131E+01   -.9132E+01   -.9132E+01   -.9132E+01   -.9132E+01   -.9133E+01   -.9133E+01   -.9133E+01   -.9133E+01   -.9133E+01   -.9133E+01   -.9133E+01
0.2600E+01   -.9000E+01   -.9000E+01   -.9000E+01   -.8999E+01   -.8999E+01   -.8999E+01   -.8999E+01   -.8999E+01   -.8998E+01   -.8998E+01   -.8998E+01   -.8998E+01   -.8998E+01   -.8997E+01   -.8997E+01   -.8997E+01   -.8997E+01   -.8997E+01   -.8997E+01   -.8996E+01   -.8996E+01   -.8996E+01   -.8996E+01   -.8996E+01   -.8995E+01   -.8995E+01   -.8995E+01   -.8995E+01   -.8995E+01   -.8995E+01   -.8994E+01   -.8994E+01   -.8994E+01   -.8994E+01   -.8994E+01   -.8994E+01   -.8993E+01   -.8993E+01   -.8993E+01   -.8993E+01   -.8993E+01   -.8993E+01   -.8993E+01   -.8993E+01   -.8993E+01   -.8993E+01   -.8992E+01   -.8992E+01   -.8992E+01   -.8992E+01   -.8993E+01   -.8993E+01   -.8993E+01   -.8993E+01   -.8993E+01   -.8993E+01   -.8993E+01   -.8993E+01   -.8993E+01   -.8994E+01   -.8994E+01   -.8994E+01   -.8994E+01   -.8995E+01   -.8995E+01   -.8996E+01   -.8996E+01   -.8996E+01   -.8996E+01   -.8997E+01   -.8998E+01   -.8998E+01   -.8999E+01   -.9000E+01   -.9001E+01   -.9002E+01   -.9002E+01   -.9004E+01   -.9005E+01   -.9007E+01   -.9008E+01   -.9010E+01   -.9011E+01   -.9014E+01   -.9015E+01   -.9018E+01   -.9019E+01   -.9023E+01   -.9024E+01   -.9029E+01   -.9031E+01   -.9036E+01   -.9038E+01   -.9045E+01   -.9047E+01   -.9056E+01   -.9058E+01   -.9069E+01   -.9071E+01   -.9074E+01   -.9108E+01   -.9118E+01   -.9123E+01   -.9125E+01   -.9127E+01   -.9128E+01   -.9129E+01   -.9130E+01   -.9130E+01   -.9131E+01   -.9132E+01   -.9132E+01   -.9133E+01   -.9133E+01   -.9133E+01   -.9134E+01   -.9134E+01   -.9134E+01   -.9135E+01   -.9135E+01   -.9135E+01   -.9135E+01   -.9135E+01   -.9136E+01   -.9136E+01   -.9136E+01   -.9136E+01   -.9136E+01   -.9136E+01   -.9137E+01
0.2817E+01   -.9000E+01   -.9000E+01   -.9000E+01   -.8999E+01   -.8999E+01   -.8999E+01   -.8999E+01   -.8999E+01   -.8998E+01   -.8998E+01   -.8998E+01   -.8998E+01   -.8998E+01   -.8998E+01   -.8997E+01   -.8997E+01   -.8997E+01   -.8997E+01   -.8997E+01   -.8996E+01   -.8996E+01   -.8996E+01   -.8996E+01   -.8996E+01   -.8996E+01   -.8995E+01   -.8995E+01   -.8995E+01   -.8995E+01   -.8995E+01   -.8995E+01   -.8994E+01   -.8994E+01   -.8994E+01   -.8994E+01   -.8994E+01   -.8994E+01   -.8994E+01   -.8994E+01   -.8993E+01   -.8993E+01   -.8993E+01   -.8993E+01   -.8993E+01   -.8993E+01   -.8993E+01   -.8993E+01   -.8993E+01   -.8993E+01   -.8993E+01   -.8993E+01   -.8993E+01   -.8993E+01   -.8993E+01   -.8993E+01   -.8993E+01   -.8994E+01   -.8994E+01   -.8994E+01   -.8994E+01   -.8994E+01   -.8995E+01   -.8995E+01   -.8996E+01   -.8996E+01   -.8996E+01   -.8996E+01   -.8997E+01   -.8997E+01   -.8998E+01   -.8999E+01   -.8999E+01   -.9000E+01   -.9001E+01   -.9002E+01   -.9003E+01   -.9004E+01   -.9005E+01   -.9006E+01   -.9008E+01   -.9009E+01   -.9011E+01   -.9012E+01   -.9015E+01   -.9016E+01   -.9019E+01   -.9021E+01   -.9025E+01   -.9027E+01   -.9031E+01   -.9033E+01   -.9038E+01   -.9041E+01   -.9047E+01   -.9051E+01   -.9058E+01   -.9062E+01   -.9071E+01   -.9076E+01   -.9079E+01   -.9113E+01   -.9123E+01   -.9128E+01   -.9130E+01   -.9132E+01   -.9133E+01   -.9134E+01   -.9135E+01   -.9136E+01   -.9136E+01   -.9137E+01   -.9137E+01   -.9138E+01   -.9138E+01   -.9139E+01   -.9139E+01   -.9139E+01   -.9140E+01   -.9140E+01   -.9140E+01   -.9140E+01   -.9141E+01   -.9141E+01   -.9141E+01   -.9141E+01   -.9141E+01   -.9141E+01   -.9142E+01   -.9142E+01   -.9142E+01
0.3033E+01   -.9000E+01   -.9000E+01   -.9000E+01   -.8999E+01   -.8999E+01   -.8999E+01   -.8999E+01   -.8999E+01   -.8999E+01   -.8998E+01   -.8998E+01   -.8998E+01   -.8998E+01   -.8998E+01   -.8997E+01   -.8997E+01   -.8997E+01   -.8997E+01   -.8997E+01   -.8997E+01   -.8996E+01   -.8996E+01   -.8996E+01   -.8996E+01   -.8996E+01   -.8996E+01   -.8995E+01   -.8995E+01   -.8995E+01   -.8995E+01   -.8995E+01   -.8995E+01   -.8995E+01   -.8994E+01   -.8994E+01   -.8994E+01   -.8994E+01   -.8994E+01   -.8994E+01   -.8994E+01   -.8994E+01   -.8994E+01   -.8994E+01   -.8993E+01   -.8993E+01   -.8993E+01   -.8993E+01   -.8993E+01   -.8993E+01   -.8994E+01   -.8994E+01   -.8994E+01   -.8994E+01   -.8994E+01   -.8994E+01   -.8994E+01   -.8994E+01   -.8994E+01   -.8995E+01   -.8995E+01   -.8995E+01   -.8996E+01   -.8996E+01   -.8996E+01   -.8997E+01   -.8997E+01   -.8997E+01   -.8998E+01   -.8998E+01   -.8999E+01   -.9000E+01   -.9000E+01   -.9001E+01   -.9002E+01   -.9003E+01   -.9004E+01   -.9005E+01   -.9006E+01   -.9008E+01   -.9009E+01   -.9011E+01   -.9012E+01   -.9014E+01   -.9016E+01   -.9018E+01   -.9021E+01   -.9023E+01   -.9026E+01   -.9029E+01   -.9033E+01   -.9036E+01   -.9040E+01   -.9044E+01   -.9049E+01   -.9054E+01   -.9060E+01   -.9066E+01   -.9074E+01   -.9081E+01   -.9084E+01   -.9118E+01   -.9128E+01   -.9133E+01   -.9135E+01   -.9137E+01   -.9138E+01   -.9139E+01   -.9140E+01   -.9141E+01   -.9141E+01   -.9142E+01   -.9143E+01   -.9143E+01   -.9144E+01   -.9144E+01   -.9144E+01   -.9145E+01   -.9145E+01   -.9145E+01   -.9145E+01   -.9146E+01   -.9146E+01   -.9146E+01   -.9146E+01   -.9147E+01   -.9147E+01   -.9147E+01   -.9147E+01   -.9147E+01   -.9147E+01
0.3250E+01   -.9000E+01   -.9000E+01   -.9000E+01   -.8999E+01   -.8999E+01   -.8999E+01   -.8999E+01   -.8999E+01   -.8999E+01   -.8998E+01   -.8998E+01   -.8998E+01   -.8998E+01   -.8998E+01   -.8998E+01   -.8997E+01   -.8997E+01   -.8997E+01   -.8997E+01   -.8997E+01   -.8997E+01   -.8996E+01   -.8996E+01   -.8996E+01   -.8996E+01   -.8996E+01   -.8996E+01   -.8996E+01   -.8995E+01   -.8995E+01   -.8995E+01   -.8995E+01   -.8995E+01   -.8995E+01   -.8995E+01   -.8995E+01   -.8994E+01   -.8994E+01   -.8994E+01   -.8994E+01   -.8994E+01   -.8994E+01   -.8994E+01   -.8994E+01   -.8994E+01   -.8994E+01   -.8994E+01   -.8994E+01   -.8994E+01   -.8994E+01   -.8994E+01   -.8994E+01   -.8994E+01   -.8994E+01   -.8995E+01   -.8995E+01   -.8995E+01   -.8995E+01   -.8995E+01   -.8996E+01   -.8996E+01   -.8996E+01   -.8997E+01   -.8997E+01   -.8998E+01   -.8998E+01   -.8998E+01   -.8999E+01   -.8999E+01   -.9000E+01   -.9001E+01   -.9001E+01   -.9002E+01   -.9003E+01   -.9004E+01   -.9005E+01   -.9006E+01   -.9008E+01   -.9009E+01   -.9010E+01   -.9012E+01   -.9014E+01   -.9016E+01   -.9018E+01   -.9020E+01   -.9022E+01   -.9025E+01   -.9028E+01   -.9031E+01   -.9034E+01   -.9038E+01   -.9042E+01   -.9047E+01   -.9051E+01   -.9057E+01   -.9062E+01   -.9070E+01   -.9076E+01   -.9086E+01   -.9089E+01   -.9122E+01   -.9133E+01   -.9138E+01   -.9140E+01   -.9142E+01   -.9143E+01   -.9144E+01   -.9145E+01   -.9146E+01   -.9147E+01   -.9147E+01   -.9148E+01   -.9148E+01   -.9149E+01   -.9149E+01   -.9150E+01   -.9150E+01   -.9150E+01   -.9151E+01   -.9151E+01   -.9151E+01   -.9151E+01   -.9151E+01   -.9152E+01   -.9152E+01   -.9152E+01   -.9152E+01   -.9152E+01   -.9153E+01   -.9153E+01
0.3467E+01   -.9000E+01   -.9000E+01   -.9000E+01   -.8999E+01   -.8999E+01   -.8999E+01   -.8999E+01   -.8999E+01   -.8999E+01   -.8998E+01   -.8998E+01   -.8998E+01   -.8998E+01   -.8998E+01   -.8998E+01   -.8998E+01   -.8997E+01   -.8997E+01   -.8997E+01   -.8997E+01   -.8997E+01   -.8997E+01   -.8996E+01   -.8996E+01   -.8996E+01   -.8996E+01   -.8996E+01   -.8996E+01   -.8996E+01   -.8996E+01   -.8995E+01   -.8995E+01   -.8995E+01   -.8995E+01   -.8995E+01   -.8995E+01   -.8995E+01   -.8995E+01   -.8995E+01   -.8994E+01   -.8994E+01   -.8994E+01   -.8994E+01   -.8994E+01   -.8994E+01   -.8994E+01   -.8994E+01   -.8994E+01   -.8994E+01   -.8995E+01   -.8995E+01   -.8995E+01   -.8995E+01   -.8995E+01   -.8995E+01   -.8995E+01   -.8996E+01   -.8996E+01   -.8996E+01   -.8996E+01   -.8997E+01   -.8997E+01   -.8998E+01   -.8998E+01   -.8999E+01   -.8999E+01   -.8999E+01   -.9000E+01   -.9000E+01   -.9001E+01   -.9002E+01   -.9002E+01   -.9003E+01   -.9004E+01   -.9005E+01   -.9006E+01   -.9008E+01   -.9009E+01   -.9010E+01   -.9012E+01   -.9014E+01   -.9015E+01   -.9017E+01   -.9019E+01   -.9022E+01   -.9024E+01   -.9027E+01   -.9029E+01   -.9034E+01   -.9036E+01   -.9041E+01   -.9044E+01   -.9050E+01   -.9053E+01   -.9061E+01   -.9065E+01   -.9074E+01   -.9079E+01   -.9091E+01   -.9094E+01   -.9127E+01   -.9138E+01   -.9143E+01   -.9145E+01   -.9147E+01   -.9149E+01   -.9150E+01   -.9150E+01   -.9151E+01   -.9152E+01   -.9153E+01   -.9153E+01   -.9154E+01   -.9154E+01   -.9155E+01   -.9155E+01   -.9155E+01   -.9156E+01   -.9156E+01   -.9156E+01   -.9156E+01   -.9157E+01   -.9157E+01   -.9157E+01   -.9157E+01   -.9157E+01   -.9158E+01   -.9158E+01   -.9158E+01   -.9158E+01
0.3683E+01   -.9000E+01   -.9000E+01   -.9000E+01   -.8999E+01   -.8999E+01   -.8999E+01   -.8999E+01   -.8999E+01   -.8999E+01   -.8999E+01   -.8998E+01   -.8998E+01   -.8998E+01   -.8998E+01   -.8998E+01   -.8998E+01   -.8998E+01   -.8997E+01   -.8997E+01   -.8997E+01   -.8997E+01   -.8997E+01   -.8997E+01   -.8997E+01   -.8996E+01   -.8996E+01   -.8996E+01   -.8996E+01   -.8996E+01   -.8996E+01   -.8996E+01   -.8996E+01   -.8995E+01   -.8995E+01   -.8995E+01   -.8995E+01   -.8995E+01   -.8995E+01   -.8995E+01   -.8995E+01   -.8995E+01   -.8995E+01   -.8995E+01   -.8995E+01   -.8995E+01   -.8995E+01   -.8995E+01   -.8995E+01   -.8995E+01   -.8995E+01   -.8995E+01   -.8995E+01   -.8995E+01   -.8996E+01   -.8996E+01   -.8996E+01   -.8996E+01   -.8996E+01   -.8997E+01   -.8997E+01   -.8997E+01   -.8998E+01   -.8998E+01   -.8999E+01   -.9000E+01   -.9000E+01   -.9000E+01   -.9000E+01   -.9001E+01   -.9002E+01   -.9003E+01   -.9003E+01   -.9004E+01   -.9005E+01   -.9007E+01   -.9007E+01   -.9009E+01   -.9010E+01   -.9012E+01   -.9013E+01   -.9015E+01   -.9017E+01   -.9019E+01   -.9021E+01   -.9024E+01   -.9026E+01   -.9029E+01   -.9031E+01   -.9036E+01   -.9038E+01   -.9043E+01   -.9046E+01   -.9053E+01   -.9056E+01   -.9064E+01   -.9068E+01   -.9078E+01   -.9083E+01   -.9095E+01   -.9099E+01   -.9133E+01   -.9143E+01   -.9148E+01   -.9151E+01   -.9153E+01   -.9154E+01   -.9155E+01   -.9156E+01   -.9157E+01   -.9158E+01   -.9158E+01   -.9159E+01   -.9160E+01   -.9160E+01   -.9160E+01   -.9161E+01   -.9161E+01   -.9162E+01   -.9162E+01   -.9162E+01   -.9162E+01   -.9163E+01   -.9163E+01   -.9163E+01   -.9163E+01   -.9163E+01   -.9164E+01   -.9164E+01   -.9164E+01   -.9164E+01
0.3900E+01   -.9000E+01   -.9000E+01   -.9000E+01   -.9000E+01   -.8999E+01   -.8999E+01   -.8999E+01   -.8999E+01   -.8999E+01   -.8999E+01   -.8998E+01   -.8998E+01   -.8998E+01   -.8998E+01   -.8998E+01   -.8998E+01   -.8998E+01   -.8997E+01   -.8997E+01   -.8997E+01   -.8997E+01   -.8997E+01   -.8997E+01   -.8997E+01   -.8997E+01   -.8996E+01   -.8996E+01   -.8996E+01   -.8996E+01   -.8996E+01   -.8996E+01   -.8996E+01   -.8996E+01   -.8996E+01   -.8995E+01   -.8995E+01   -.8995E+01   -.8995E+01   -.8995E+01   -.8995E+01   -.8995E+01   -.8995E+01   -.8995E+01   -.8995E+01   -.8995E+01   -.8995E+01   -.8995E+01   -.8995E+01   -.8995E+01   -.8996E+01   -.8996E+01   -.8996E+01   -.8996E+01   -.8996E+01   -.8996E+01   -.8997E+01   -.8997E+01   -.8997E+01   -.8997E+01   -.8998E+01   -.8998E+01   -.8999E+01   -.8999E+01   -.9000E+01   -.9001E+01   -.9001E+01   -.9001E+01   -.9001E+01   -.9002E+01   -.9003E+01   -.9004E+01   -.9004E+01   -.9006E+01   -.9006E+01   -.9008E+01   -.9009E+01   -.9010E+01   -.9011E+01   -.9013E+01   -.9015E+01   -.9017E+01   -.9018E+01   -.9021E+01   -.9023E+01   -.9025E+01   -.9028E+01   -.9031E+01   -.9034E+01   -.9038E+01   -.9041E+01   -.9046E+01   -.9050E+01   -.9055E+01   -.9060E+01   -.9067E+01   -.9073E+01   -.9082E+01   -.9089E+01   -.9100E+01   -.9104E+01   -.9138E+01   -.9149E+01   -.9154E+01   -.9157E+01   -.9159E+01   -.9161E+01   -.9162E+01   -.9163E+01   -.9163E+01   -.9164E+01   -.9165E+01   -.9165E+01   -.9166E+01   -.9166E+01   -.9167E+01   -.9167E+01   -.9168E+01   -.9168E+01   -.9168E+01   -.9169E+01   -.9169E+01   -.9169E+01   -.9169E+01   -.9169E+01   -.9170E+01   -.9170E+01   -.9170E+01   -.9170E+01   -.9170E+01   -.9170E+01
0.4117E+01   -.9000E+01   -.9000E+01   -.9000E+01   -.9000E+01   -.8999E+01   -.8999E+01   -.8999E+01   -.8999E+01   -.8999E+01   -.8999E+01   -.8999E+01   -.8998E+01   -.8998E+01   -.8998E+01   -.8998E+01   -.8998E+01   -.8998E+01   -.8998E+01   -.8997E+01   -.8997E+01   -.8997E+01   -.8997E+01   -.8997E+01   -.8997E+01   -.8997E+01   -.8997E+01   -.8996E+01   -.8996E+01   -.8996E+01   -.8996E+01   -.8996E+01   -.8996E+01   -.8996E+01   -.8996E+01   -.8996E+01   -.8996E+01   -.8996E+01   -.8996E+01   -.8996E+01   -.8996E+01   -.8995E+01   -.8995E+01   -.8995E+01   -.8996E+01   -.8996E+01   -.8996E+01   -.8996E+01   -.8996E+01   -.8996E+01   -.8996E+01   -.8996E+01   -.8996E+01   -.8997E+01   -.8997E+01   -.8997E+01   -.8997E+01   -.8997E+01   -.8998E+01   -.8998E+01   -.8999E+01   -.8999E+01   -.8999E+01   -.9000E+01   -.9000E+01   -.9001E+01   -.9002E+01   -.9002E+01   -.9002E+01   -.9003E+01   -.9004E+01   -.9005E+01   -.9006E+01   -.9007E+01   -.9008E+01   -.9009E+01   -.9010E+01   -.9011E+01   -.9013E+01   -.9014E+01   -.9016E+01   -.9018E+01   -.9020E+01   -.9022E+01   -.9024E+01   -.9027E+01   -.9030E+01   -.9033E+01   -.9036E+01   -.9040E+01   -.9044E+01   -.9048E+01   -.9053E+01   -.9058E+01   -.9064E+01   -.9070E+01   -.9077E+01   -.9085E+01   -.9094E+01   -.9104E+01   -.9109E+01   -.9144E+01   -.9155E+01   -.9161E+01   -.9163E+01   -.9165E+01   -.9167E+01   -.9168E+01   -.9169E+01   -.9170E+01   -.9170E+01   -.9171E+01   -.9172E+01   -.9172E+01   -.9173E+01   -.9173E+01   -.9174E+01   -.9174E+01   -.9174E+01   -.9175E+01   -.9175E+01   -.9175E+01   -.9175E+01   -.9176E+01   -.9176E+01   -.9176E+01   -.9176E+01   -.9176E+01   -.9177E+01   -.9177E+01   -.9177E+01
0.4333E+01   -.9000E+01   -.9000E+01   -.9000E+01   -.9000E+01   -.8999E+01   -.8999E+01   -.8999E+01   -.8999E+01   -.8999E+01   -.8999E+01   -.8999E+01   -.8998E+01   -.8998E+01   -.8998E+01   -.8998E+01   -.8998E+01   -.8998E+01   -.8998E+01   -.8998E+01   -.8997E+01   -.8997E+01   -.8997E+01   -.8997E+01   -.8997E+01   -.8997E+01   -.8997E+01   -.8997E+01   -.8997E+01   -.8996E+01   -.8996E+01   -.8996E+01   -.8996E+01   -.8996E+01   -.8996E+01   -.8996E+01   -.8996E+01   -.8996E+01   -.8996E+01   -.8996E+01   -.8996E+01   -.8996E+01   -.8996E+01   -.8996E+01   -.8996E+01   -.8996E+01   -.8996E+01   -.8996E+01   -.8996E+01   -.8996E+01   -.8997E+01   -.8997E+01   -.8997E+01   -.8997E+01   -.8997E+01   -.8998E+01   -.8998E+01   -.8998E+01   -.8998E+01   -.8999E+01   -.8999E+01   -.9000E+01   -.9000E+01   -.9001E+01   -.9001E+01   -.9002E+01   -.9003E+01   -.9003E+01   -.9003E+01   -.9004E+01   -.9005E+01   -.9006E+01   -.9007E+01   -.9008E+01   -.9009E+01   -.9010E+01   -.9011E+01   -.9013E+01   -.9014E+01   -.9016E+01   -.9018E+01   -.9019E+01   -.9022E+01   -.9024E+01   -.9026E+01   -.9029E+01   -.9032E+01   -.9035E+01   -.9038E+01   -.9042E+01   -.9046E+01   -.9050E+01   -.9056E+01   -.9061E+01   -.9068E+01   -.9073E+01   -.9082E+01   -.9089E+01   -.9100E+01   -.9109E+01   -.9114E+01   -.9149E+01   -.9161E+01   -.9167E+01   -.9170E+01   -.9172E+01   -.9173E+01   -.9174E+01   -.9175E+01   -.9176E+01   -.9177E+01   -.9177E+01   -.9178E+01   -.9179E+01   -.9179E+01   -.9180E+01   -.9180E+01   -.9180E+01   -.9181E+01   -.9181E+01   -.9181E+01   -.9182E+01   -.9182E+01   -.9182E+01   -.9182E+01   -.9183E+01   -.9183E+01   -.9183E+01   -.9183E+01   -.9183E+01   -.9183E+01
0.4550E+01   -.9000E+01   -.9000E+01   -.9000E+01   -.9000E+01   -.8999E+01   -.8999E+01   -.8999E+01   -.8999E+01   -.8999E+01   -.8999E+01   -.8999E+01   -.8999E+01   -.8998E+01   -.8998E+01   -.8998E+01   -.8998E+01   -.8998E+01   -.8998E+01   -.8998E+01   -.8998E+01   -.8997E+01   -.8997E+01   -.8997E+01   -.8997E+01   -.8997E+01   -.8997E+01   -.8997E+01   -.8997E+01   -.8997E+01   -.8997E+01   -.8997E+01   -.8996E+01   -.8996E+01   -.8996E+01   -.8996E+01   -.8996E+01   -.8996E+01   -.8996E+01   -.8996E+01   -.8996E+01   -.8996E+01   -.8996E+01   -.8996E+01   -.8996E+01   -.8996E+01   -.8996E+01   -.8997E+01   -.8997E+01   -.8997E+01   -.8997E+01   -.8997E+01   -.8997E+01   -.8998E+01   -.8998E+01   -.8998E+01   -.8998E+01   -.8999E+01   -.8999E+01   -.8999E+01   -.9000E+01   -.9000E+01   -.9001E+01   -.9001E+01   -.9002E+01   -.9003E+01   -.9003E+01   -.9003E+01   -.9004E+01   -.9005E+01   -.9006E+01   -.9007E+01   -.9008E+01   -.9009E+01   -.9010E+01   -.9011E+01   -.9013E+01   -.9014E+01   -.9016E+01   -.9017E+01   -.9019E+01   -.9021E+01   -.9023E+01   -.9025E+01   -.9028E+01   -.9030E+01   -.9034E+01   -.9037E+01   -.9041E+01   -.9044E+01   -.9049E+01   -.9053E+01   -.9059E+01   -.9064E+01   -.9071E+01   -.9077E+01   -.9087E+01   -.9094E+01   -.9106E+01   -.9115E+01   -.9120E+01   -.9156E+01   -.9169E+01   -.9174E+01   -.9177E+01   -.9179E+01   -.9181E+01   -.9182E+01   -.9183E+01   -.9184E+01   -.9185E+01   -.9185E+01   -.9186E+01   -.9187E+01   -.9187E+01   -.9188E+01   -.9188E+01   -.9188E+01   -.9189E+01   -.9189E+01   -.9189E+01   -.9190E+01   -.9190E+01   -.9190E+01   -.9190E+01   -.9191E+01   -.9191E+01   -.9191E+01   -.9191E+01   -.9191E+01   -.9191E+01
0.4767E+01   -.9000E+01   -.9000E+01   -.9000E+01   -.9000E+01   -.8999E+01   -.8999E+01   -.8999E+01   -.8999E+01   -.8999E+01   -.8999E+01   -.8999E+01   -.8999E+01   -.8998E+01   -.8998E+01   -.8998E+01   -.8998E+01   -.8998E+01   -.8998E+01   -.8998E+01   -.8998E+01   -.8998E+01   -.8997E+01   -.8997E+01   -.8997E+01   -.8997E+01   -.8997E+01   -.8997E+01   -.8997E+01   -.8997E+01   -.8997E+01   -.8997E+01   -.8997E+01   -.8997E+01   -.8997E+01   -.8997E+01   -.8997E+01   -.8997E+01   -.8996E+01   -.8996E+01   -.8997E+01   -.8997E+01   -.8997E+01   -.8997E+01   -.8997E+01   -.8997E+01   -.8997E+01   -.8997E+01   -.8997E+01   -.8997E+01   -.8998E+01   -.8998E+01   -.8998E+01   -.8998E+01   -.8998E+01   -.8999E+01   -.8999E+01   -.8999E+01   -.9000E+01   -.9000E+01   -.9001E+01   -.9001E+01   -.9002E+01   -.9002E+01   -.9003E+01   -.9004E+01   -.9004E+01   -.9004E+01   -.9005E+01   -.9006E+01   -.9007E+01   -.9008E+01   -.9009E+01   -.9010E+01   -.9011E+01   -.9012E+01   -.9014E+01   -.9015E+01   -.9017E+01   -.9019E+01   -.9021E+01   -.9022E+01   -.9025E+01   -.9027E+01   -.9030E+01   -.9033E+01   -.9036E+01   -.9039E+01   -.9043E+01   -.9047E+01   -.9052E+01   -.9056E+01   -.9062E+01   -.9068E+01   -.9075E+01   -.9082E+01   -.9092E+01   -.9100E+01   -.9112E+01   -.9123E+01   -.9129E+01   -.9166E+01   -.9179E+01   -.9185E+01   -.9188E+01   -.9190E+01   -.9192E+01   -.9193E+01   -.9194E+01   -.9195E+01   -.9196E+01   -.9197E+01   -.9197E+01   -.9198E+01   -.9199E+01   -.9199E+01   -.9200E+01   -.9200E+01   -.9200E+01   -.9201E+01   -.9201E+01   -.9201E+01   -.9202E+01   -.9202E+01   -.9202E+01   -.9202E+01   -.9203E+01   -.9203E+01   -.9203E+01   -.9203E+01   -.9203E+01
0.4983E+01   -.9000E+01   -.9000E+01   -.9000E+01   -.9000E+01   -.9000E+01   -.8999E+01   -.8999E+01   -.8999E+01   -.8999E+01   -.8999E+01   -.8999E+01   -.8999E+01   -.8999E+01   -.8998E+01   -.8998E+01   -.8998E+01   -.8998E+01   -.8998E+01   -.8998E+01   -.8998E+01   -.8998E+01   -.8998E+01   -.8998E+01   -.8997E+01   -.8997E+01   -.8997E+01   -.8997E+01   -.8997E+01   -.8997E+01   -.8997E+01   -.8997E+01   -.8997E+01   -.8997E+01   -.8997E+01   -.8997E+01   -.8997E+01   -.8997E+01   -.8997E+01   -.8997E+01   -.8997E+01   -.8997E+01   -.8997E+01   -.8997E+01   -.8997E+01   -.8997E+01   -.8997E+01   -.8997E+01   -.8998E+01   -.8998E+01   -.8998E+01   -.8998E+01   -.8998E+01   -.8999E+01   -.8999E+01   -.8999E+01   -.9000E+01   -.9000E+01   -.9000E+01   -.9001E+01   -.9001E+01   -.9002E+01   -.9002E+01   -.9003E+01   -.9004E+01   -.9005E+01   -.9005E+01   -.9005E+01   -.9006E+01   -.9007E+01   -.9008E+01   -.9009E+01   -.9010E+01   -.9011E+01   -.9012E+01   -.9014E+01   -.9015E+01   -.9017E+01   -.9018E+01   -.9020E+01   -.9022E+01   -.9024E+01   -.9027E+01   -.9029E+01   -.9032E+01   -.9035E+01   -.9038E+01   -.9042E+01   -.9046E+01   -.9050E+01   -.9055E+01   -.9060E+01   -.9066E+01   -.9072E+01   -.9079E+01   -.9087E+01   -.9097E+01   -.9106E+01   -.9118E+01   -.9131E+01   -.9138E+01   -.9176E+01   -.9190E+01   -.9196E+01   -.9199E+01   -.9202E+01   -.9203E+01   -.9205E+01   -.9206E+01   -.9207E+01   -.9208E+01   -.9208E+01   -.9209E+01   -.9210E+01   -.9210E+01   -.9211E+01   -.9211E+01   -.9212E+01   -.9212E+01   -.9212E+01   -.9213E+01   -.9213E+01   -.9213E+01   -.9214E+01   -.9214E+01   -.9214E+01   -.9214E+01   -.9215E+01   -.9215E+01   -.9215E+01   -.9215E+01
0.5200E+01   -.9000E+01   -.9000E+01   -.9000E+01   -.9000E+01   -.9000E+01   -.8999E+01   -.8999E+01   -.8999E+01   -.8999E+01   -.8999E+01   -.8999E+01   -.8999E+01   -.8999E+01   -.8999E+01   -.8998E+01   -.8998E+01   -.8998E+01   -.8998E+01   -.8998E+01   -.8998E+01   -.8998E+01   -.8998E+01   -.8998E+01   -.8998E+01   -.8998E+01   -.8997E+01   -.8997E+01   -.8997E+01   -.8997E+01   -.8997E+01   -.8997E+01   -.8997E+01   -.8997E+01   -.8997E+01   -.8997E+01   -.8997E+01   -.8997E+01   -.8997E+01   -.8997E+01   -.8997E+01   -.8997E+01   -.8997E+01   -.8997E+01   -.8997E+01   -.8998E+01   -.8998E+01   -.8998E+01   -.8998E+01   -.8998E+01   -.8998E+01   -.8999E+01   -.8999E+01   -.8999E+01   -.9000E+01   -.9000E+01   -.9000E+01   -.9001E+01   -.9001E+01   -.9002E+01   -.9002E+01   -.9003E+01   -.9003E+01   -.9004E+01   -.9005E+01   -.9006E+01   -.9006E+01   -.9006E+01   -.9007E+01   -.9008E+01   -.9009E+01   -.9010E+01   -.9011E+01   -.9012E+01   -.9013E+01   -.9015E+01   -.9016E+01   -.9018E+01   -.9020E+01   -.9022E+01   -.9024E+01   -.9026E+01   -.9028E+01   -.9031E+01   -.9034E+01   -.9037E+01   -.9040E+01   -.9044E+01   -.9048E+01   -.9053E+01   -.9058E+01   -.9063E+01   -.9069E+01   -.9076E+01   -.9083E+01   -.9092E+01   -.9101E+01   -.9113E+01   -.9125E+01   -.9140E+01   -.9148E+01   -.9186E+01   -.9200E+01   -.9207E+01   -.9210E+01   -.9213E+01   -.9214E+01   -.9216E+01   -.9217E+01   -.9218E+01   -.9219E+01   -.9220E+01   -.9221E+01   -.9221E+01   -.9222E+01   -.9222E+01   -.9223E+01   -.9223E+01   -.9224E+01   -.9224E+01   -.9224E+01   -.9225E+01   -.9225E+01   -.9225E+01   -.9226E+01   -.9226E+01   -.9226E+01   -.9226E+01   -.9227E+01   -.9227E+01   -.9227E+01
0.5417E+01   -.9000E+01   -.9000E+01   -.9000E+01   -.9000E+01   -.9000E+01   -.8999E+01   -.8999E+01   -.8999E+01   -.8999E+01   -.8999E+01   -.8999E+01   -.8999E+01   -.8999E+01   -.8999E+01   -.8999E+01   -.8998E+01   -.8998E+01   -.8998E+01   -.8998E+01   -.8998E+01   -.8998E+01   -.8998E+01   -.8998E+01   -.8998E+01   -.8998E+01   -.8998E+01   -.8998E+01   -.8998E+01   -.8997E+01   -.8997E+01   -.8997E+01   -.8997E+01   -.8997E+01   -.8997E+01   -.8997E+01   -.8997E+01   -.8997E+01   -.8997E+01   -.8997E+01   -.8997E+01   -.8998E+01   -.8998E+01   -.8998E+01   -.8998E+01   -.8998E+01   -.8998E+01   -.8998E+01   -.8998E+01   -.8999E+01   -.8999E+01   -.8999E+01   -.9000E+01   -.9000E+01   -.9000E+01   -.9000E+01   -.9001E+01   -.9001E+01   -.9002E+01   -.9002E+01   -.9003E+01   -.9003E+01   -.9004E+01   -.9005E+01   -.9005E+01   -.9007E+01   -.9007E+01   -.9007E+01   -.9008E+01   -.9009E+01   -.9010E+01   -.9011E+01   -.9012E+01   -.9013E+01   -.9015E+01   -.9016E+01   -.9018E+01   -.9019E+01   -.9021E+01   -.9023E+01   -.9025E+01   -.9028E+01   -.9030E+01   -.9033E+01   -.9036E+01   -.9039E+01   -.9043E+01   -.9047E+01   -.9051E+01   -.9056E+01   -.9061E+01   -.9067E+01   -.9073E+01   -.9081E+01   -.9088E+01   -.9098E+01   -.9107E+01   -.9120E+01   -.9133E+01   -.9149E+01   -.9158E+01   -.9198E+01   -.9213E+01   -.9220E+01   -.9223E+01   -.9226E+01   -.9228E+01   -.9229E+01   -.9231E+01   -.9232E+01   -.9233E+01   -.9233E+01   -.9234E+01   -.9235E+01   -.9236E+01   -.9236E+01   -.9237E+01   -.9237E+01   -.9238E+01   -.9238E+01   -.9238E+01   -.9239E+01   -.9239E+01   -.9239E+01   -.9240E+01   -.9240E+01   -.9240E+01   -.9240E+01   -.9241E+01   -.9241E+01   -.9241E+01
0.5633E+01   -.9000E+01   -.9000E+01   -.9000E+01   -.9000E+01   -.9000E+01   -.9000E+01   -.8999E+01   -.8999E+01   -.8999E+01   -.8999E+01   -.8999E+01   -.8999E+01   -.8999E+01   -.8999E+01   -.8999E+01   -.8999E+01   -.8998E+01   -.8998E+01   -.8998E+01   -.8998E+01   -.8998E+01   -.8998E+01   -.8998E+01   -.8998E+01   -.8998E+01   -.8998E+01   -.8998E+01   -.8998E+01   -.8998E+01   -.8998E+01   -.8998E+01   -.8998E+01   -.8998E+01   -.8998E+01   -.8998E+01   -.8998E+01   -.8998E+01   -.8998E+01   -.8998E+01   -.8998E+01   -.8998E+01   -.8998E+01   -.8998E+01   -.8998E+01   -.8998E+01   -.8999E+01   -.8999E+01   -.8999E+01   -.8999E+01   -.8999E+01   -.9000E+01   -.9000E+01   -.9000E+01   -.9001E+01   -.9001E+01   -.9001E+01   -.9002E+01   -.9002E+01   -.9003E+01   -.9003E+01   -.9004E+01   -.9005E+01   -.9005E+01   -.9006E+01   -.9008E+01   -.9008E+01   -.9008E+01   -.9009E+01   -.9010E+01   -.9011E+01   -.9012E+01   -.9013E+01   -.9015E+01   -.9016E+01   -.9017E+01   -.9019E+01   -.9021E+01   -.9023E+01   -.9025E+01   -.9027E+01   -.9030E+01   -.9032E+01   -.9035E+01   -.9038E+01   -.9042E+01   -.9045E+01   -.9050E+01   -.9054E+01   -.9059E+01   -.9064E+01   -.9071E+01   -.9077E+01   -.9086E+01   -.9094E+01   -.9104E+01   -.9115E+01   -.9128E+01   -.9142E+01   -.9160E+01   -.9170E+01   -.9212E+01   -.9228E+01   -.9235E+01   -.9239E+01   -.9242E+01   -.9244E+01   -.9245E+01   -.9247E+01   -.9248E+01   -.9249E+01   -.9250E+01   -.9251E+01   -.9251E+01   -.9252E+01   -.9253E+01   -.9253E+01   -.9254E+01   -.9254E+01   -.9255E+01   -.9255E+01   -.9255E+01   -.9256E+01   -.9256E+01   -.9256E+01   -.9257E+01   -.9257E+01   -.9257E+01   -.9257E+01   -.9258E+01   -.9258E+01
0.5850E+01   -.9000E+01   -.9000E+01   -.9000E+01   -.9000E+01   -.9000E+01   -.9000E+01   -.8999E+01   -.8999E+01   -.8999E+01   -.8999E+01   -.8999E+01   -.8999E+01   -.8999E+01   -.8999E+01   -.8999E+01   -.8999E+01   -.8999E+01   -.8998E+01   -.8998E+01   -.8998E+01   -.8998E+01   -.8998E+01   -.8998E+01   -.8998E+01   -.8998E+01   -.8998E+01   -.8998E+01   -.8998E+01   -.8998E+01   -.8998E+01   -.8998E+01   -.8998E+01   -.8998E+01   -.8998E+01   -.8998E+01   -.8998E+01   -.8998E+01   -.8998E+01   -.8998E+01   -.8998E+01   -.8998E+01   -.8998E+01   -.8998E+01   -.8999E+01   -.8999E+01   -.8999E+01   -.8999E+01   -.8999E+01   -.9000E+01   -.9000E+01   -.9000E+01   -.9001E+01   -.9001E+01   -.9001E+01   -.9002E+01   -.9002E+01   -.9003E+01   -.9003E+01   -.9004E+01   -.9004E+01   -.9005E+01   -.9006E+01   -.9006E+01   -.9007E+01   -.9009E+01   -.9009E+01   -.9009E+01   -.9010E+01   -.9011E+01   -.9012E+01   -.9013E+01   -.9014E+01   -.9016E+01   -.9017E+01   -.9019E+01   -.9020E+01   -.9022E+01   -.9024E+01   -.9027E+01   -.9029E+01   -.9031E+01   -.9034E+01   -.9037E+01   -.9040E+01   -.9044E+01   -.9048E+01   -.9052E+01   -.9057E+01   -.9063E+01   -.9068E+01   -.9075E+01   -.9082E+01   -.9091E+01   -.9100E+01   -.9111E+01   -.9122E+01   -.9136E+01   -.9152E+01   -.9171E+01   -.9182E+01   -.9226E+01   -.9243E+01   -.9250E+01   -.9255E+01   -.9258E+01   -.9260E+01   -.9261E+01   -.9263E+01   -.9264E+01   -.9265E+01   -.9266E+01   -.9267E+01   -.9268E+01   -.9269E+01   -.9269E+01   -.9270E+01   -.9270E+01   -.9271E+01   -.9271E+01   -.9272E+01   -.9272E+01   -.9273E+01   -.9273E+01   -.9273E+01   -.9274E+01   -.9274E+01   -.9274E+01   -.9274E+01   -.9274E+01   -.9275E+01
0.6067E+01   -.9000E+01   -.9000E+01   -.9000E+01   -.9000E+01   -.9000E+01   -.9000E+01   -.8999E+01   -.8999E+01   -.8999E+01   -.8999E+01   -.8999E+01   -.8999E+01   -.8999E+01   -.8999E+01   -.8999E+01   -.8999E+01   -.8999E+01   -.8999E+01   -.8998E+01   -.8998E+01   -.8998E+01   -.8998E+01   -.8998E+01   -.8998E+01   -.8998E+01   -.8998E+01   -.8998E+01   -.8998E+01   -.8998E+01   -.8998E+01   -.8998E+01   -.8998E+01   -.8998E+01   -.8998E+01   -.8998E+01   -.8998E+01   -.8998E+01   -.8998E+01   -.8998E+01   -.8998E+01   -.8999E+01   -.8999E+01   -.8999E+01   -.8999E+01   -.8999E+01   -.8999E+01   -.9000E+01   -.9000E+01   -.9000E+01   -.9000E+01   -.9001E+01   -.9001E+01   -.9001E+01   -.9002E+01   -.9002E+01   -.9003E+01   -.9003E+01   -.9004E+01   -.9004E+01   -.9005E+01   -.9006E+01   -.9006E+01   -.9007E+01   -.9008E+01   -.9010E+01   -.9010E+01   -.9010E+01   -.9011E+01   -.9012E+01   -.9013E+01   -.9014E+01   -.9016E+01   -.9017E+01   -.9018E+01   -.9020E+01   -.9022E+01   -.9024E+01   -.9026E+01   -.9028E+01   -.9031E+01   -.9033E+01   -.9036E+01   -.9039E+01   -.9043E+01   -.9047E+01   -.9051E+01   -.9055E+01   -.9060E+01   -.9066E+01   -.9072E+01   -.9079E+01   -.9087E+01   -.9096E+01   -.9105E+01   -.9117E+01   -.9130E+01   -.9145E+01   -.9162E+01   -.9182E+01   -.9194E+01   -.9240E+01   -.9258E+01   -.9266E+01   -.9271E+01   -.9274E+01   -.9276E+01   -.9278E+01   -.9279E+01   -.9280E+01   -.9282E+01   -.9283E+01   -.9284E+01   -.9284E+01   -.9285E+01   -.9286E+01   -.9287E+01   -.9287E+01   -.9288E+01   -.9288E+01   -.9289E+01   -.9289E+01   -.9289E+01   -.9290E+01   -.9290E+01   -.9290E+01   -.9291E+01   -.9291E+01   -.9291E+01   -.9291E+01   -.9292E+01
0.6283E+01   -.9000E+01   -.9000E+01   -.9000E+01   -.9000E+01   -.9000E+01   -.9000E+01   -.9000E+01   -.8999E+01   -.8999E+01   -.8999E+01   -.8999E+01   -.8999E+01   -.8999E+01   -.8999E+01   -.8999E+01   -.8999E+01   -.8999E+01   -.8999E+01   -.8999E+01   -.8999E+01   -.8998E+01   -.8998E+01   -.8998E+01   -.8998E+01   -.8998E+01   -.8998E+01   -.8998E+01   -.8998E+01   -.8998E+01   -.8998E+01   -.8998E+01   -.8998E+01   -.8998E+01   -.8998E+01   -.8998E+01   -.8998E+01   -.8998E+01   -.8999E+01   -.8999E+01   -.8999E+01   -.8999E+01   -.8999E+01   -.8999E+01   -.8999E+01   -.9000E+01   -.9000E+01   -.9000E+01   -.9000E+01   -.9001E+01   -.9001E+01   -.9001E+01   -.9002E+01   -.9002E+01   -.9002E+01   -.9003E+01   -.9003E+01   -.9004E+01   -.9004E+01   -.9005E+01   -.9006E+01   -.9006E+01   -.9007E+01   -.9008E+01   -.9009E+01   -.9011E+01   -.9011E+01   -.9011E+01   -.9012E+01   -.9013E+01   -.9014E+01   -.9015E+01   -.9017E+01   -.9018E+01   -.9020E+01   -.9022E+01   -.9023E+01   -.9025E+01   -.9028E+01   -.9030E+01   -.9033E+01   -.9035E+01   -.9038E+01   -.9042E+01   -.9045E+01   -.9049E+01   -.9054E+01   -.9058E+01   -.9064E+01   -.9070E+01   -.9077E+01   -.9084E+01   -.9093E+01   -.9102E+01   -.9113E+01   -.9125E+01   -.9140E+01   -.9156E+01   -.9175E+01   -.9197E+01   -.9211E+01   -.9261E+01   -.9280E+01   -.9289E+01   -.9294E+01   -.9297E+01   -.9299E+01   -.9301E+01   -.9303E+01   -.9304E+01   -.9306E+01   -.9307E+01   -.9308E+01   -.9309E+01   -.9309E+01   -.9310E+01   -.9311E+01   -.9312E+01   -.9312E+01   -.9313E+01   -.9313E+01   -.9314E+01   -.9314E+01   -.9314E+01   -.9315E+01   -.9315E+01   -.9315E+01   -.9316E+01   -.9316E+01   -.9316E+01   -.9316E+01
0.6500E+01   -.9000E+01   -.9000E+01   -.9000E+01   -.9000E+01   -.9000E+01   -.9000E+01   -.9000E+01   -.8999E+01   -.8999E+01   -.8999E+01   -.8999E+01   -.8999E+01   -.8999E+01   -.8999E+01   -.8999E+01   -.8999E+01   -.8999E+01   -.8999E+01   -.8999E+01   -.8999E+01   -.8999E+01   -.8999E+01   -.8999E+01   -.8998E+01   -.8998E+01   -.8998E+01   -.8998E+01   -.8998E+01   -.8998E+01   -.8998E+01   -.8998E+01   -.8998E+01   -.8998E+01   -.8999E+01   -.8999E+01   -.8999E+01   -.8999E+01   -.8999E+01   -.8999E+01   -.8999E+01   -.8999E+01   -.8999E+01   -.8999E+01   -.9000E+01   -.9000E+01   -.9000E+01   -.9000E+01   -.9001E+01   -.9001E+01   -.9001E+01   -.9002E+01   -.9002E+01   -.9003E+01   -.9003E+01   -.9003E+01   -.9004E+01   -.9005E+01   -.9005E+01   -.9006E+01   -.9006E+01   -.9007E+01   -.9008E+01   -.9009E+01   -.9010E+01   -.9011E+01   -.9012E+01   -.9012E+01   -.9013E+01   -.9014E+01   -.9015E+01   -.9017E+01   -.9018E+01   -.9020E+01   -.9021E+01   -.9023E+01   -.9025E+01   -.9027E+01   -.9029E+01   -.9032E+01   -.9035E+01   -.9037E+01   -.9041E+01   -.9044E+01   -.9048E+01   -.9052E+01   -.9057E+01   -.9062E+01   -.9068E+01   -.9074E+01   -.9081E+01   -.9089E+01   -.9099E+01   -.9108E+01   -.9121E+01   -.9133E+01   -.9150E+01   -.9167E+01   -.9189E+01   -.9213E+01   -.9229E+01   -.9281E+01   -.9302E+01   -.9311E+01   -.9317E+01   -.9320E+01   -.9323E+01   -.9325E+01   -.9327E+01   -.9328E+01   -.9330E+01   -.9331E+01   -.9332E+01   -.9333E+01   -.9334E+01   -.9335E+01   -.9335E+01   -.9336E+01   -.9337E+01   -.9337E+01   -.9338E+01   -.9338E+01   -.9339E+01   -.9339E+01   -.9340E+01   -.9340E+01   -.9340E+01   -.9341E+01   -.9341E+01   -.9341E+01   -.9341E+01
0.6717E+01   -.9000E+01   -.9000E+01   -.9000E+01   -.9000E+01   -.9000E+01   -.9000E+01   -.9000E+01   -.9000E+01   -.8999E+01   -.8999E+01   -.8999E+01   -.8999E+01   -.8999E+01   -.8999E+01   -.8999E+01   -.8999E+01   -.8999E+01   -.8999E+01   -.8999E+01   -.8999E+01   -.8999E+01   -.8999E+01   -.8999E+01   -.8999E+01   -.8999E+01   -.8999E+01   -.8999E+01   -.8999E+01   -.8999E+01   -.8999E+01   -.8999E+01   -.8999E+01   -.8999E+01   -.8999E+01   -.8999E+01   -.8999E+01   -.8999E+01   -.8999E+01   -.8999E+01   -.8999E+01   -.8999E+01   -.9000E+01   -.9000E+01   -.9000E+01   -.9000E+01   -.9001E+01   -.9001E+01   -.9001E+01   -.9001E+01   -.9002E+01   -.9002E+01   -.9003E+01   -.9003E+01   -.9004E+01   -.9004E+01   -.9005E+01   -.9005E+01   -.9006E+01   -.9006E+01   -.9007E+01   -.9008E+01   -.9009E+01   -.9010E+01   -.9011E+01   -.9012E+01   -.9013E+01   -.9013E+01   -.9014E+01   -.9015E+01   -.9016E+01   -.9018E+01   -.9019E+01   -.9021E+01   -.9023E+01   -.9024E+01   -.9027E+01   -.9029E+01   -.9031E+01   -.9034E+01   -.9037E+01   -.9039E+01   -.9043E+01   -.9046E+01   -.9051E+01   -.9055E+01   -.9060E+01   -.9065E+01   -.9072E+01   -.9078E+01   -.9086E+01   -.9094E+01   -.9104E+01   -.9114E+01   -.9128E+01   -.9141E+01   -.9160E+01   -.9178E+01   -.9203E+01   -.9228E+01   -.9247E+01   -.9301E+01   -.9323E+01   -.9334E+01   -.9340E+01   -.9344E+01   -.9346E+01   -.9349E+01   -.9351E+01   -.9352E+01   -.9354E+01   -.9355E+01   -.9356E+01   -.9357E+01   -.9358E+01   -.9359E+01   -.9360E+01   -.9361E+01   -.9361E+01   -.9362E+01   -.9362E+01   -.9363E+01   -.9363E+01   -.9364E+01   -.9364E+01   -.9365E+01   -.9365E+01   -.9365E+01   -.9366E+01   -.9366E+01   -.9366E+01
0.6933E+01   -.9000E+01   -.9000E+01   -.9000E+01   -.9000E+01   -.9000E+01   -.9000E+01   -.9000E+01   -.9000E+01   -.8999E+01   -.8999E+01   -.8999E+01   -.8999E+01   -.8999E+01   -.8999E+01   -.8999E+01   -.8999E+01   -.8999E+01   -.8999E+01   -.8999E+01   -.8999E+01   -.8999E+01   -.8999E+01   -.8999E+01   -.8999E+01   -.8999E+01   -.8999E+01   -.8999E+01   -.8999E+01   -.8999E+01   -.8999E+01   -.8999E+01   -.8999E+01   -.8999E+01   -.8999E+01   -.8999E+01   -.8999E+01   -.8999E+01   -.8999E+01   -.9000E+01   -.9000E+01   -.9000E+01   -.9000E+01   -.9000E+01   -.9000E+01   -.9001E+01   -.9001E+01   -.9001E+01   -.9002E+01   -.9002E+01   -.9002E+01   -.9003E+01   -.9003E+01   -.9004E+01   -.9004E+01   -.9005E+01   -.9005E+01   -.9006E+01   -.9007E+01   -.9007E+01   -.9008E+01   -.9009E+01   -.9010E+01   -.9011E+01   -.9012E+01   -.9013E+01   -.9014E+01   -.9014E+01   -.9015E+01   -.9016E+01   -.9018E+01   -.9019E+01   -.9021E+01   -.9022E+01   -.9024E+01   -.9026E+01   -.9028E+01   -.9031E+01   -.9033E+01   -.9036E+01   -.9039E+01   -.9042E+01   -.9045E+01   -.9049E+01   -.9054E+01   -.9058E+01   -.9064E+01   -.9069E+01   -.9076E+01   -.9083E+01   -.9091E+01   -.9101E+01   -.9111E+01   -.9123E+01   -.9137E+01   -.9153E+01   -.9172E+01   -.9194E+01   -.9219E+01   -.9250E+01   -.9271E+01   -.9331E+01   -.9355E+01   -.9367E+01   -.9374E+01   -.9378E+01   -.9381E+01   -.9384E+01   -.9386E+01   -.9388E+01   -.9389E+01   -.9391E+01   -.9392E+01   -.9393E+01   -.9394E+01   -.9395E+01   -.9396E+01   -.9397E+01   -.9398E+01   -.9398E+01   -.9399E+01   -.9400E+01   -.9400E+01   -.9401E+01   -.9401E+01   -.9401E+01   -.9402E+01   -.9402E+01   -.9403E+01   -.9403E+01   -.9403E+01
0.7150E+01   -.9000E+01   -.9000E+01   -.9000E+01   -.9000E+01   -.9000E+01   -.9000E+01   -.9000E+01   -.9000E+01   -.9000E+01   -.8999E+01   -.8999E+01   -.8999E+01   -.8999E+01   -.8999E+01   -.8999E+01   -.8999E+01   -.8999E+01   -.8999E+01   -.8999E+01   -.8999E+01   -.8999E+01   -.8999E+01   -.8999E+01   -.8999E+01   -.8999E+01   -.8999E+01   -.8999E+01   -.8999E+01   -.8999E+01   -.8999E+01   -.8999E+01   -.8999E+01   -.8999E+01   -.8999E+01   -.8999E+01   -.8999E+01   -.9000E+01   -.9000E+01   -.9000E+01   -.9000E+01   -.9000E+01   -.9000E+01   -.9001E+01   -.9001E+01   -.9001E+01   -.9001E+01   -.9002E+01   -.9002E+01   -.9002E+01   -.9003E+01   -.9003E+01   -.9004E+01   -.9004E+01   -.9005E+01   -.9005E+01   -.9006E+01   -.9007E+01   -.9007E+01   -.9008E+01   -.9009E+01   -.9010E+01   -.9010E+01   -.9012E+01   -.9013E+01   -.9015E+01   -.9015E+01   -.9015E+01   -.9016E+01   -.9017E+01   -.9019E+01   -.9020E+01   -.9022E+01   -.9024E+01   -.9026E+01   -.9028E+01   -.9030E+01   -.9032E+01   -.9035E+01   -.9038E+01   -.9041E+01   -.9045E+01   -.9048E+01   -.9052E+01   -.9056E+01   -.9062E+01   -.9067E+01   -.9074E+01   -.9080E+01   -.9089E+01   -.9097E+01   -.9108E+01   -.9118E+01   -.9132E+01   -.9146E+01   -.9165E+01   -.9184E+01   -.9210E+01   -.9236E+01   -.9272E+01   -.9297E+01   -.9361E+01   -.9388E+01   -.9401E+01   -.9409E+01   -.9413E+01   -.9417E+01   -.9419E+01   -.9422E+01   -.9424E+01   -.9426E+01   -.9427E+01   -.9429E+01   -.9430E+01   -.9431E+01   -.9432E+01   -.9433E+01   -.9434E+01   -.9435E+01   -.9436E+01   -.9436E+01   -.9437E+01   -.9437E+01   -.9438E+01   -.9438E+01   -.9439E+01   -.9439E+01   -.9440E+01   -.9440E+01   -.9441E+01   -.9441E+01
0.7367E+01   -.9000E+01   -.9000E+01   -.9000E+01   -.9000E+01   -.9000E+01   -.9000E+01   -.9000E+01   -.9000E+01   -.9000E+01   -.9000E+01   -.8999E+01   -.8999E+01   -.8999E+01   -.8999E+01   -.8999E+01   -.8999E+01   -.8999E+01   -.8999E+01   -.8999E+01   -.8999E+01   -.8999E+01   -.8999E+01   -.8999E+01   -.8999E+01   -.8999E+01   -.8999E+01   -.8999E+01   -.8999E+01   -.8999E+01   -.8999E+01   -.8999E+01   -.8999E+01   -.8999E+01   -.8999E+01   -.9000E+01   -.9000E+01   -.9000E+01   -.9000E+01   -.9000E+01   -.9000E+01   -.9000E+01   -.9001E+01   -.9001E+01   -.9001E+01   -.9001E+01   -.9002E+01   -.9002E+01   -.9003E+01   -.9003E+01   -.9003E+01   -.9004E+01   -.9004E+01   -.9005E+01   -.9005E+01   -.9006E+01   -.9007E+01   -.9007E+01   -.9008E+01   -.9009E+01   -.9010E+01   -.9010E+01   -.9011E+01   -.9012E+01   -.9013E+01   -.9016E+01   -.9016E+01   -.9016E+01   -.9017E+01   -.9019E+01   -.9020E+01   -.9022E+01   -.9023E+01   -.9025E+01   -.9027E+01   -.9029E+01   -.9031E+01   -.9034E+01   -.9037E+01   -.9040E+01   -.9043E+01   -.9047E+01   -.9050E+01   -.9055E+01   -.9059E+01   -.9066E+01   -.9071E+01   -.9078E+01   -.9085E+01   -.9094E+01   -.9102E+01   -.9114E+01   -.9125E+01   -.9141E+01   -.9156E+01   -.9177E+01   -.9198E+01   -.9227E+01   -.9255E+01   -.9294E+01   -.9323E+01   -.9392E+01   -.9423E+01   -.9437E+01   -.9446E+01   -.9451E+01   -.9455E+01   -.9458E+01   -.9460E+01   -.9462E+01   -.9464E+01   -.9466E+01   -.9468E+01   -.9469E+01   -.9470E+01   -.9471E+01   -.9472E+01   -.9473E+01   -.9474E+01   -.9475E+01   -.9476E+01   -.9477E+01   -.9477E+01   -.9478E+01   -.9478E+01   -.9479E+01   -.9479E+01   -.9480E+01   -.9480E+01   -.9481E+01   -.9481E+01
0.7583E+01   -.9000E+01   -.9000E+01   -.9000E+01   -.9000E+01   -.9000E+01   -.9000E+01   -.9000E+01   -.9000E+01   -.9000E+01   -.9000E+01   -.9000E+01   -.8999E+01   -.8999E+01   -.8999E+01   -.8999E+01   -.8999E+01   -.8999E+01   -.8999E+01   -.8999E+01   -.8999E+01   -.8999E+01   -.8999E+01   -.8999E+01   -.8999E+01   -.8999E+01   -.8999E+01   -.8999E+01   -.8999E+01   -.8999E+01   -.8999E+01   -.8999E+01   -.9000E+01   -.9000E+01   -.9000E+01   -.9000E+01   -.9000E+01   -.9000E+01   -.9000E+01   -.9000E+01   -.9001E+01   -.9001E+01   -.9001E+01   -.9001E+01   -.9002E+01   -.9002E+01   -.9002E+01   -.9003E+01   -.9003E+01   -.9003E+01   -.9004E+01   -.9004E+01   -.9005E+01   -.9005E+01   -.9006E+01   -.9007E+01   -.9007E+01   -.9008E+01   -.9009E+01   -.9009E+01   -.9010E+01   -.9011E+01   -.9012E+01   -.9013E+01   -.9015E+01   -.9017E+01   -.9017E+01   -.9017E+01   -.9018E+01   -.9020E+01   -.9021E+01   -.9023E+01   -.9025E+01   -.9027E+01   -.9029E+01   -.9031E+01   -.9034E+01   -.9036E+01   -.9039E+01   -.9042E+01   -.9046E+01   -.9049E+01   -.9054E+01   -.9058E+01   -.9064E+01   -.9069E+01   -.9076E+01   -.9082E+01   -.9091E+01   -.9099E+01   -.9110E+01   -.9122E+01   -.9136E+01   -.9151E+01   -.9170E+01   -.9190E+01   -.9216E+01   -.9245E+01   -.9280E+01   -.9319E+01   -.9355E+01   -.9430E+01   -.9465E+01   -.9482E+01   -.9491E+01   -.9497E+01   -.9501E+01   -.9504E+01   -.9507E+01   -.9509E+01   -.9512E+01   -.9513E+01   -.9515E+01   -.9517E+01   -.9518E+01   -.9519E+01   -.9521E+01   -.9522E+01   -.9523E+01   -.9523E+01   -.9524E+01   -.9525E+01   -.9526E+01   -.9526E+01   -.9527E+01   -.9527E+01   -.9528E+01   -.9528E+01   -.9529E+01   -.9529E+01   -.9530E+01
0.7800E+01   -.9000E+01   -.9000E+01   -.9000E+01   -.9000E+01   -.9000E+01   -.9000E+01   -.9000E+01   -.9000E+01   -.9000E+01   -.9000E+01   -.9000E+01   -.9000E+01   -.8999E+01   -.8999E+01   -.8999E+01   -.8999E+01   -.8999E+01   -.8999E+01   -.8999E+01   -.8999E+01   -.8999E+01   -.8999E+01   -.8999E+01   -.8999E+01   -.8999E+01   -.8999E+01   -.8999E+01   -.8999E+01   -.9000E+01   -.9000E+01   -.9000E+01   -.9000E+01   -.9000E+01   -.9000E+01   -.9000E+01   -.9000E+01   -.9000E+01   -.9001E+01   -.9001E+01   -.9001E+01   -.9001E+01   -.9001E+01   -.9002E+01   -.9002E+01   -.9002E+01   -.9003E+01   -.9003E+01   -.9003E+01   -.9004E+01   -.9004E+01   -.9005E+01   -.9005E+01   -.9006E+01   -.9007E+01   -.9007E+01   -.9008E+01   -.9009E+01   -.9009E+01   -.9010E+01   -.9011E+01   -.9012E+01   -.9013E+01   -.9014E+01   -.9016E+01   -.9018E+01   -.9018E+01   -.9018E+01   -.9020E+01   -.9021E+01   -.9023E+01   -.9024E+01   -.9026E+01   -.9028E+01   -.9031E+01   -.9033E+01   -.9036E+01   -.9038E+01   -.9042E+01   -.9044E+01   -.9049E+01   -.9052E+01   -.9057E+01   -.9061E+01   -.9068E+01   -.9072E+01   -.9081E+01   -.9087E+01   -.9097E+01   -.9105E+01   -.9118E+01   -.9129E+01   -.9146E+01   -.9160E+01   -.9183E+01   -.9203E+01   -.9235E+01   -.9263E+01   -.9305E+01   -.9343E+01   -.9387E+01   -.9468E+01   -.9507E+01   -.9526E+01   -.9536E+01   -.9543E+01   -.9547E+01   -.9551E+01   -.9554E+01   -.9557E+01   -.9559E+01   -.9561E+01   -.9563E+01   -.9564E+01   -.9566E+01   -.9567E+01   -.9569E+01   -.9570E+01   -.9571E+01   -.9572E+01   -.9572E+01   -.9573E+01   -.9574E+01   -.9575E+01   -.9575E+01   -.9576E+01   -.9576E+01   -.9577E+01   -.9577E+01   -.9578E+01   -.9578E+01
0.8017E+01   -.9000E+01   -.9000E+01   -.9000E+01   -.9000E+01   -.9000E+01   -.9000E+01   -.9000E+01   -.9000E+01   -.9000E+01   -.9000E+01   -.9000E+01   -.9000E+01   -.9000E+01   -.9000E+01   -.8999E+01   -.8999E+01   -.8999E+01   -.8999E+01   -.8999E+01   -.8999E+01   -.8999E+01   -.8999E+01   -.8999E+01   -.8999E+01   -.8999E+01   -.9000E+01   -.9000E+01   -.9000E+01   -.9000E+01   -.9000E+01   -.9000E+01   -.9000E+01   -.9000E+01   -.9000E+01   -.9000E+01   -.9000E+01   -.9001E+01   -.9001E+01   -.9001E+01   -.9001E+01   -.9001E+01   -.9002E+01   -.9002E+01   -.9002E+01   -.9003E+01   -.9003E+01   -.9003E+01   -.9004E+01   -.9004E+01   -.9005E+01   -.9005E+01   -.9006E+01   -.9007E+01   -.9007E+01   -.9008E+01   -.9009E+01   -.9009E+01   -.9010E+01   -.9011E+01   -.9012E+01   -.9013E+01   -.9014E+01   -.9015E+01   -.9017E+01   -.9019E+01   -.9019E+01   -.9019E+01   -.9021E+01   -.9022E+01   -.9024E+01   -.9026E+01   -.9028E+01   -.9030E+01   -.9032E+01   -.9035E+01   -.9037E+01   -.9040E+01   -.9044E+01   -.9047E+01   -.9051E+01   -.9055E+01   -.9060E+01   -.9065E+01   -.9071E+01   -.9077E+01   -.9085E+01   -.9093E+01   -.9103E+01   -.9113E+01   -.9125E+01   -.9139E+01   -.9156E+01   -.9174E+01   -.9197E+01   -.9223E+01   -.9254E+01   -.9289E+01   -.9330E+01   -.9374E+01   -.9426E+01   -.9510E+01   -.9550E+01   -.9570E+01   -.9582E+01   -.9589E+01   -.9594E+01   -.9598E+01   -.9602E+01   -.9605E+01   -.9607E+01   -.9610E+01   -.9612E+01   -.9614E+01   -.9616E+01   -.9617E+01   -.9619E+01   -.9620E+01   -.9621E+01   -.9622E+01   -.9623E+01   -.9624E+01   -.9625E+01   -.9626E+01   -.9627E+01   -.9627E+01   -.9628E+01   -.9628E+01   -.9629E+01   -.9629E+01   -.9630E+01
0.8233E+01   -.9000E+01   -.9000E+01   -.9000E+01   -.9000E+01   -.9000E+01   -.9000E+01   -.9000E+01   -.9000E+01   -.9000E+01   -.9000E+01   -.9000E+01   -.9000E+01   -.9000E+01   -.9000E+01   -.9000E+01   -.9000E+01   -.9000E+01   -.9000E+01   -.9000E+01   -.9000E+01   -.9000E+01   -.9000E+01   -.9000E+01   -.9000E+01   -.9000E+01   -.9000E+01   -.9000E+01   -.9000E+01   -.9000E+01   -.9000E+01   -.9000E+01   -.9000E+01   -.9000E+01   -.9000E+01   -.9001E+01   -.9001E+01   -.9001E+01   -.9001E+01   -.9001E+01   -.9002E+01   -.9002E+01   -.9002E+01   -.9002E+01   -.9003E+01   -.9003E+01   -.9004E+01   -.9004E+01   -.9004E+01   -.9005E+01   -.9005E+01   -.9006E+01   -.9007E+01   -.9007E+01   -.9008E+01   -.9009E+01   -.9009E+01   -.9010E+01   -.9011E+01   -.9012E+01   -.9013E+01   -.9014E+01   -.9015E+01   -.9016E+01   -.9018E+01   -.9020E+01   -.9020E+01   -.9021E+01   -.9022E+01   -.9024E+01   -.9025E+01   -.9027E+01   -.9029E+01   -.9032E+01   -.9034E+01   -.9037E+01   -.9039E+01   -.9043E+01   -.9046E+01   -.9050E+01   -.9053E+01   -.9059E+01   -.9063E+01   -.9070E+01   -.9074E+01   -.9083E+01   -.9089E+01   -.9100E+01   -.9108E+01   -.9122E+01   -.9133E+01   -.9151E+01   -.9166E+01   -.9190E+01   -.9211E+01   -.9243E+01   -.9273E+01   -.9317E+01   -.9355E+01   -.9406E+01   -.9468E+01   -.9553E+01   -.9593E+01   -.9615E+01   -.9627E+01   -.9635E+01   -.9641E+01   -.9646E+01   -.9650E+01   -.9653E+01   -.9656E+01   -.9659E+01   -.9661E+01   -.9663E+01   -.9666E+01   -.9667E+01   -.9669E+01   -.9671E+01   -.9672E+01   -.9673E+01   -.9675E+01   -.9676E+01   -.9677E+01   -.9678E+01   -.9679E+01   -.9679E+01   -.9680E+01   -.9681E+01   -.9681E+01   -.9682E+01   -.9683E+01
0.8450E+01   -.9000E+01   -.9000E+01   -.9000E+01   -.9000E+01   -.9000E+01   -.9000E+01   -.9000E+01   -.9000E+01   -.9000E+01   -.9000E+01   -.9000E+01   -.9000E+01   -.9000E+01   -.9000E+01   -.9000E+01   -.9000E+01   -.9000E+01   -.9000E+01   -.9000E+01   -.9000E+01   -.9000E+01   -.9000E+01   -.9000E+01   -.9000E+01   -.9000E+01   -.9000E+01   -.9000E+01   -.9000E+01   -.9000E+01   -.9000E+01   -.9000E+01   -.9000E+01   -.9001E+01   -.9001E+01   -.9001E+01   -.9001E+01   -.9001E+01   -.9001E+01   -.9002E+01   -.9002E+01   -.9002E+01   -.9002E+01   -.9003E+01   -.9003E+01   -.9004E+01   -.9004E+01   -.9004E+01   -.9005E+01   -.9005E+01   -.9006E+01   -.9007E+01   -.9007E+01   -.9008E+01   -.9008E+01   -.9009E+01   -.9010E+01   -.9011E+01   -.9012E+01   -.9013E+01   -.9014E+01   -.9015E+01   -.9016E+01   -.9017E+01   -.9019E+01   -.9021E+01   -.9022E+01   -.9022E+01   -.9023E+01   -.9025E+01   -.9027E+01   -.9029E+01   -.9031E+01   -.9033E+01   -.9036E+01   -.9039E+01   -.9042E+01   -.9045E+01   -.9048E+01   -.9053E+01   -.9057E+01   -.9062E+01   -.9067E+01   -.9073E+01   -.9079E+01   -.9087E+01   -.9095E+01   -.9106E+01   -.9116E+01   -.9129E+01   -.9143E+01   -.9161E+01   -.9180E+01   -.9204E+01   -.9230E+01   -.9263E+01   -.9299E+01   -.9343E+01   -.9385E+01   -.9430E+01   -.9503E+01   -.9581E+01   -.9611E+01   -.9628E+01   -.9637E+01   -.9644E+01   -.9649E+01   -.9653E+01   -.9656E+01   -.9659E+01   -.9662E+01   -.9664E+01   -.9667E+01   -.9669E+01   -.9670E+01   -.9672E+01   -.9674E+01   -.9675E+01   -.9676E+01   -.9678E+01   -.9679E+01   -.9680E+01   -.9681E+01   -.9682E+01   -.9682E+01   -.9683E+01   -.9684E+01   -.9684E+01   -.9685E+01   -.9686E+01   -.9686E+01
0.8667E+01   -.9000E+01   -.9000E+01   -.9000E+01   -.9000E+01   -.9000E+01   -.9000E+01   -.9000E+01   -.9000E+01   -.9000E+01   -.9000E+01   -.9000E+01   -.9000E+01   -.9000E+01   -.9000E+01   -.9000E+01   -.9000E+01   -.9000E+01   -.9000E+01   -.9000E+01   -.9000E+01   -.9000E+01   -.9000E+01   -.9000E+01   -.9000E+01   -.9000E+01   -.9000E+01   -.9000E+01   -.9000E+01   -.9000E+01   -.9000E+01   -.9000E+01   -.9001E+01   -.9001E+01   -.9001E+01   -.9001E+01   -.9001E+01   -.9001E+01   -.9002E+01   -.9002E+01   -.9002E+01   -.9003E+01   -.9003E+01   -.9003E+01   -.9004E+01   -.9004E+01   -.9004E+01   -.9005E+01   -.9005E+01   -.9006E+01   -.9007E+01   -.9007E+01   -.9008E+01   -.9008E+01   -.9009E+01   -.9010E+01   -.9011E+01   -.9012E+01   -.9013E+01   -.9014E+01   -.9015E+01   -.9016E+01   -.9017E+01   -.9018E+01   -.9020E+01   -.9022E+01   -.9023E+01   -.9023E+01   -.9025E+01   -.9026E+01   -.9029E+01   -.9030E+01   -.9033E+01   -.9035E+01   -.9038E+01   -.9040E+01   -.9044E+01   -.9047E+01   -.9052E+01   -.9055E+01   -.9061E+01   -.9065E+01   -.9072E+01   -.9076E+01   -.9085E+01   -.9092E+01   -.9103E+01   -.9111E+01   -.9125E+01   -.9136E+01   -.9156E+01   -.9171E+01   -.9196E+01   -.9218E+01   -.9253E+01   -.9283E+01   -.9329E+01   -.9368E+01   -.9419E+01   -.9447E+01   -.9534E+01   -.9599E+01   -.9614E+01   -.9621E+01   -.9626E+01   -.9629E+01   -.9632E+01   -.9635E+01   -.9638E+01   -.9640E+01   -.9642E+01   -.9644E+01   -.9645E+01   -.9647E+01   -.9648E+01   -.9649E+01   -.9651E+01   -.9652E+01   -.9653E+01   -.9654E+01   -.9654E+01   -.9655E+01   -.9656E+01   -.9656E+01   -.9657E+01   -.9658E+01   -.9658E+01   -.9659E+01   -.9659E+01   -.9659E+01   -.9660E+01
0.8883E+01   -.9000E+01   -.9000E+01   -.9000E+01   -.9000E+01   -.9000E+01   -.9000E+01   -.9000E+01   -.9000E+01   -.9000E+01   -.9000E+01   -.9000E+01   -.9000E+01   -.9000E+01   -.9000E+01   -.9000E+01   -.9000E+01   -.9000E+01   -.9000E+01   -.9000E+01   -.9000E+01   -.9000E+01   -.9000E+01   -.9000E+01   -.9000E+01   -.9000E+01   -.9000E+01   -.9000E+01   -.9000E+01   -.9000E+01   -.9001E+01   -.9001E+01   -.9001E+01   -.9001E+01   -.9001E+01   -.9001E+01   -.9002E+01   -.9002E+01   -.9002E+01   -.9002E+01   -.9003E+01   -.9003E+01   -.9003E+01   -.9004E+01   -.9004E+01   -.9004E+01   -.9005E+01   -.9005E+01   -.9006E+01   -.9006E+01   -.9007E+01   -.9008E+01   -.9008E+01   -.9009E+01   -.9010E+01   -.9011E+01   -.9012E+01   -.9012E+01   -.9013E+01   -.9015E+01   -.9016E+01   -.9017E+01   -.9018E+01   -.9020E+01   -.9021E+01   -.9024E+01   -.9024E+01   -.9024E+01   -.9026E+01   -.9028E+01   -.9030E+01   -.9032E+01   -.9035E+01   -.9037E+01   -.9040E+01   -.9043E+01   -.9046E+01   -.9050E+01   -.9054E+01   -.9059E+01   -.9064E+01   -.9069E+01   -.9075E+01   -.9082E+01   -.9090E+01   -.9098E+01   -.9109E+01   -.9120E+01   -.9133E+01   -.9148E+01   -.9166E+01   -.9186E+01   -.9211E+01   -.9239E+01   -.9273E+01   -.9311E+01   -.9355E+01   -.9399E+01   -.9439E+01   -.9449E+01   -.9549E+01   -.9527E+01   -.9490E+01   -.9471E+01   -.9462E+01   -.9458E+01   -.9456E+01   -.9454E+01   -.9453E+01   -.9452E+01   -.9451E+01   -.9450E+01   -.9449E+01   -.9449E+01   -.9448E+01   -.9448E+01   -.9447E+01   -.9446E+01   -.9446E+01   -.9445E+01   -.9445E+01   -.9444E+01   -.9444E+01   -.9443E+01   -.9443E+01   -.9443E+01   -.9442E+01   -.9442E+01   -.9442E+01   -.9441E+01   -.9441E+01
0.9100E+01   -.9000E+01   -.9000E+01   -.9000E+01   -.9000E+01   -.9000E+01   -.9000E+01   -.9000E+01   -.9000E+01   -.9000E+01   -.9000E+01   -.9000E+01   -.9000E+01   -.9000E+01   -.9000E+01   -.9000E+01   -.9000E+01   -.9000E+01   -.9000E+01   -.9000E+01   -.9000E+01   -.9000E+01   -.9000E+01   -.9000E+01   -.9000E+01   -.9000E+01   -.9000E+01   -.9000E+01   -.9001E+01   -.9001E+01   -.9001E+01   -.9001E+01   -.9001E+01   -.9001E+01   -.9001E+01   -.9002E+01   -.9002E+01   -.9002E+01   -.9002E+01   -.9003E+01   -.9003E+01   -.9003E+01   -.9004E+01   -.9004E+01   -.9004E+01   -.9005E+01   -.9005E+01   -.9006E+01   -.9006E+01   -.9007E+01   -.9008E+01   -.9008E+01   -.9009E+01   -.9010E+01   -.9010E+01   -.9011E+01   -.9012E+01   -.9013E+01   -.9014E+01   -.9016E+01   -.9016E+01   -.9018E+01   -.9019E+01   -.9021E+01   -.9022E+01   -.9025E+01   -.9026E+01   -.9026E+01   -.9027E+01   -.9030E+01   -.9031E+01   -.9034E+01   -.9036E+01   -.9040E+01   -.9041E+01   -.9046E+01   -.9048E+01   -.9054E+01   -.9056E+01   -.9063E+01   -.9066E+01   -.9074E+01   -.9078E+01   -.9088E+01   -.9094E+01   -.9106E+01   -.9114E+01   -.9130E+01   -.9140E+01   -.9161E+01   -.9175E+01   -.9204E+01   -.9224E+01   -.9263E+01   -.9292E+01   -.9342E+01   -.9379E+01   -.9432E+01   -.9454E+01   -.9444E+01   -.9555E+01   -.9414E+01   -.9308E+01   -.9256E+01   -.9231E+01   -.9217E+01   -.9208E+01   -.9201E+01   -.9195E+01   -.9189E+01   -.9184E+01   -.9180E+01   -.9176E+01   -.9173E+01   -.9169E+01   -.9166E+01   -.9163E+01   -.9160E+01   -.9157E+01   -.9155E+01   -.9153E+01   -.9150E+01   -.9148E+01   -.9147E+01   -.9145E+01   -.9143E+01   -.9142E+01   -.9140E+01   -.9139E+01   -.9138E+01   -.9137E+01
0.9317E+01   -.9000E+01   -.9000E+01   -.9000E+01   -.9000E+01   -.9000E+01   -.9000E+01   -.9000E+01   -.9000E+01   -.9000E+01   -.9000E+01   -.9000E+01   -.9000E+01   -.9000E+01   -.9000E+01   -.9000E+01   -.9000E+01   -.9000E+01   -.9000E+01   -.9000E+01   -.9000E+01   -.9000E+01   -.9000E+01   -.9000E+01   -.9000E+01   -.9000E+01   -.9000E+01   -.9001E+01   -.9001E+01   -.9001E+01   -.9001E+01   -.9001E+01   -.9001E+01   -.9001E+01   -.9002E+01   -.9002E+01   -.9002E+01   -.9002E+01   -.9003E+01   -.9003E+01   -.9003E+01   -.9004E+01   -.9004E+01   -.9004E+01   -.9005E+01   -.9005E+01   -.9006E+01   -.9006E+01   -.9007E+01   -.9008E+01   -.9008E+01   -.9009E+01   -.9010E+01   -.9010E+01   -.9011E+01   -.9012E+01   -.9013E+01   -.9014E+01   -.9015E+01   -.9016E+01   -.9018E+01   -.9019E+01   -.9020E+01   -.9022E+01   -.9024E+01   -.9027E+01   -.9027E+01   -.9027E+01   -.9029E+01   -.9031E+01   -.9033E+01   -.9036E+01   -.9039E+01   -.9041E+01   -.9045E+01   -.9048E+01   -.9052E+01   -.9055E+01   -.9061E+01   -.9065E+01   -.9071E+01   -.9077E+01   -.9085E+01   -.9092E+01   -.9102E+01   -.9111E+01   -.9124E+01   -.9136E+01   -.9154E+01   -.9170E+01   -.9194E+01   -.9217E+01   -.9249E+01   -.9281E+01   -.9324E+01   -.9366E+01   -.9413E+01   -.9447E+01   -.9447E+01   -.9386E+01   -.9502E+01   -.8974E+01   -.8747E+01   -.8652E+01   -.8608E+01   -.8584E+01   -.8569E+01   -.8558E+01   -.8549E+01   -.8542E+01   -.8535E+01   -.8529E+01   -.8524E+01   -.8520E+01   -.8515E+01   -.8512E+01   -.8508E+01   -.8505E+01   -.8502E+01   -.8499E+01   -.8497E+01   -.8494E+01   -.8492E+01   -.8490E+01   -.8488E+01   -.8487E+01   -.8485E+01   -.8484E+01   -.8482E+01   -.8481E+01   -.8480E+01
0.9533E+01   -.9000E+01   -.9000E+01   -.9000E+01   -.9000E+01   -.9000E+01   -.9000E+01   -.9000E+01   -.9000E+01   -.9000E+01   -.9000E+01   -.9000E+01   -.9000E+01   -.9000E+01   -.9000E+01   -.9000E+01   -.9000E+01   -.9000E+01   -.9000E+01   -.9000E+01   -.9000E+01   -.9000E+01   -.9000E+01   -.9000E+01   -.9000E+01   -.9001E+01   -.9001E+01   -.9001E+01   -.9001E+01   -.9001E+01   -.9001E+01   -.9001E+01   -.9002E+01   -.9002E+01   -.9002E+01   -.9002E+01   -.9002E+01   -.9003E+01   -.9003E+01   -.9003E+01   -.9004E+01   -.9004E+01   -.9004E+01   -.9005E+01   -.9005E+01   -.9006E+01   -.9006E+01   -.9007E+01   -.9007E+01   -.9008E+01   -.9009E+01   -.9010E+01   -.9010E+01   -.9011E+01   -.9012E+01   -.9013E+01   -.9014E+01   -.9015E+01   -.9016E+01   -.9017E+01   -.9019E+01   -.9020E+01   -.9022E+01   -.9023E+01   -.9025E+01   -.9028E+01   -.9028E+01   -.9028E+01   -.9031E+01   -.9033E+01   -.9035E+01   -.9037E+01   -.9041E+01   -.9043E+01   -.9047E+01   -.9050E+01   -.9055E+01   -.9058E+01   -.9064E+01   -.9069E+01   -.9076E+01   -.9081E+01   -.9090E+01   -.9098E+01   -.9109E+01   -.9119E+01   -.9133E+01   -.9146E+01   -.9165E+01   -.9184E+01   -.9210E+01   -.9235E+01   -.9271E+01   -.9306E+01   -.9352E+01   -.9394E+01   -.9440E+01   -.9452E+01   -.9424E+01   -.9255E+01   -.9246E+01   -.8614E+01   -.8382E+01   -.8286E+01   -.8240E+01   -.8213E+01   -.8194E+01   -.8180E+01   -.8169E+01   -.8159E+01   -.8150E+01   -.8143E+01   -.8136E+01   -.8130E+01   -.8125E+01   -.8120E+01   -.8115E+01   -.8111E+01   -.8108E+01   -.8104E+01   -.8101E+01   -.8098E+01   -.8095E+01   -.8093E+01   -.8090E+01   -.8088E+01   -.8086E+01   -.8084E+01   -.8082E+01   -.8080E+01   -.8079E+01
0.9750E+01   -.9000E+01   -.9000E+01   -.9000E+01   -.9000E+01   -.9000E+01   -.9000E+01   -.9000E+01   -.9000E+01   -.9000E+01   -.9000E+01   -.9000E+01   -.9000E+01   -.9000E+01   -.9000E+01   -.9000E+01   -.9000E+01   -.9000E+01   -.9000E+01   -.9000E+01   -.9000E+01   -.9000E+01   -.9000E+01   -.9001E+01   -.9001E+01   -.9001E+01   -.9001E+01   -.9001E+01   -.9001E+01   -.9001E+01   -.9001E+01   -.9002E+01   -.9002E+01   -.9002E+01   -.9002E+01   -.9002E+01   -.9003E+01   -.9003E+01   -.9003E+01   -.9004E+01   -.9004E+01   -.9004E+01   -.9005E+01   -.9005E+01   -.9006E+01   -.9006E+01   -.9007E+01   -.9007E+01   -.9008E+01   -.9009E+01   -.9009E+01   -.9010E+01   -.9011E+01   -.9012E+01   -.9013E+01   -.9014E+01   -.9015E+01   -.9016E+01   -.9017E+01   -.9019E+01   -.9019E+01   -.9022E+01   -.9022E+01   -.9025E+01   -.9026E+01   -.9030E+01   -.9030E+01   -.9030E+01   -.9031E+01   -.9035E+01   -.9036E+01   -.9040E+01   -.9042E+01   -.9047E+01   -.9048E+01   -.9054E+01   -.9056E+01   -.9063E+01   -.9066E+01   -.9075E+01   -.9078E+01   -.9089E+01   -.9093E+01   -.9107E+01   -.9112E+01   -.9131E+01   -.9138E+01   -.9162E+01   -.9173E+01   -.9204E+01   -.9221E+01   -.9262E+01   -.9287E+01   -.9341E+01   -.9373E+01   -.9431E+01   -.9452E+01   -.9443E+01   -.9368E+01   -.9066E+01   -.8792E+01   -.8475E+01   -.8398E+01   -.8358E+01   -.8329E+01   -.8307E+01   -.8289E+01   -.8273E+01   -.8259E+01   -.8247E+01   -.8236E+01   -.8226E+01   -.8217E+01   -.8210E+01   -.8202E+01   -.8196E+01   -.8190E+01   -.8184E+01   -.8179E+01   -.8174E+01   -.8169E+01   -.8165E+01   -.8161E+01   -.8157E+01   -.8154E+01   -.8151E+01   -.8147E+01   -.8144E+01   -.8142E+01   -.8139E+01   -.8136E+01
0.9967E+01   -.9000E+01   -.9000E+01   -.9000E+01   -.9000E+01   -.9000E+01   -.9000E+01   -.9000E+01   -.9000E+01   -.9000E+01   -.9000E+01   -.9000E+01   -.9000E+01   -.9000E+01   -.9000E+01   -.9000E+01   -.9000E+01   -.9000E+01   -.9000E+01   -.9000E+01   -.9000E+01   -.9001E+01   -.9001E+01   -.9001E+01   -.9001E+01   -.9001E+01   -.9001E+01   -.9001E+01   -.9001E+01   -.9001E+01   -.9002E+01   -.9002E+01   -.9002E+01   -.9002E+01   -.9003E+01   -.9003E+01   -.9003E+01   -.9003E+01   -.9004E+01   -.9004E+01   -.9004E+01   -.9005E+01   -.9005E+01   -.9006E+01   -.9006E+01   -.9007E+01   -.9007E+01   -.9008E+01   -.9009E+01   -.9009E+01   -.9010E+01   -.9011E+01   -.9012E+01   -.9013E+01   -.9013E+01   -.9015E+01   -.9015E+01   -.9018E+01   -.9017E+01   -.9020E+01   -.9020E+01   -.9024E+01   -.9023E+01   -.9027E+01   -.9026E+01   -.9031E+01   -.9032E+01   -.9032E+01   -.9031E+01   -.9038E+01   -.9036E+01   -.9044E+01   -.9041E+01   -.9052E+01   -.9048E+01   -.9061E+01   -.9056E+01   -.9071E+01   -.9065E+01   -.9085E+01   -.9077E+01   -.9101E+01   -.9092E+01   -.9122E+01   -.9112E+01   -.9150E+01   -.9138E+01   -.9187E+01   -.9174E+01   -.9238E+01   -.9224E+01   -.9308E+01   -.9293E+01   -.9399E+01   -.9376E+01   -.9491E+01   -.9412E+01   -.9437E+01   -.9154E+01   -.9347E+01   -.9220E+01   -.9802E+01   -.9936E+01   -.9966E+01   -.9964E+01   -.9951E+01   -.9935E+01   -.9920E+01   -.9906E+01   -.9893E+01   -.9882E+01   -.9871E+01   -.9862E+01   -.9853E+01   -.9845E+01   -.9838E+01   -.9831E+01   -.9825E+01   -.9819E+01   -.9813E+01   -.9808E+01   -.9804E+01   -.9799E+01   -.9795E+01   -.9791E+01   -.9787E+01   -.9783E+01   -.9780E+01   -.9777E+01   -.9773E+01   -.9770E+01
0.1018E+02   -.9000E+01   -.9000E+01   -.9000E+01   -.9000E+01   -.9000E+01   -.9000E+01   -.9000E+01   -.9000E+01   -.9000E+01   -.9000E+01   -.9000E+01   -.9000E+01   -.9000E+01   -.9000E+01   -.9000E+01   -.9000E+01   -.9000E+01   -.9000E+01   -.9001E+01   -.9001E+01   -.9001E+01   -.9001E+01   -.9001E+01   -.9001E+01   -.9001E+01   -.9001E+01   -.9001E+01   -.9002E+01   -.9002E+01   -.9002E+01   -.9002E+01   -.9002E+01   -.9003E+01   -.9003E+01   -.9003E+01   -.9003E+01   -.9004E+01   -.9004E+01   -.9004E+01   -.9005E+01   -.9005E+01   -.9006E+01   -.9006E+01   -.9007E+01   -.9007E+01   -.9008E+01   -.9009E+01   -.9009E+01   -.9010E+01   -.9011E+01   -.9012E+01   -.9012E+01   -.9013E+01   -.9014E+01   -.9016E+01   -.9016E+01   -.9018E+01   -.9019E+01   -.9021E+01   -.9022E+01   -.9024E+01   -.9025E+01   -.9028E+01   -.9029E+01   -.9033E+01   -.9033E+01   -.9033E+01   -.9034E+01   -.9039E+01   -.9040E+01   -.9045E+01   -.9046E+01   -.9052E+01   -.9053E+01   -.9061E+01   -.9062E+01   -.9071E+01   -.9073E+01   -.9085E+01   -.9087E+01   -.9101E+01   -.9105E+01   -.9123E+01   -.9128E+01   -.9151E+01   -.9160E+01   -.9190E+01   -.9202E+01   -.9243E+01   -.9262E+01   -.9316E+01   -.9341E+01   -.9406E+01   -.9426E+01   -.9465E+01   -.9408E+01   -.9275E+01   -.9300E+01   -.1018E+02   -.6340E+01   -.6753E+01   -.6871E+01   -.6905E+01   -.6910E+01   -.6905E+01   -.6896E+01   -.6887E+01   -.6878E+01   -.6870E+01   -.6862E+01   -.6855E+01   -.6849E+01   -.6843E+01   -.6838E+01   -.6833E+01   -.6829E+01   -.6825E+01   -.6821E+01   -.6817E+01   -.6814E+01   -.6811E+01   -.6808E+01   -.6805E+01   -.6802E+01   -.6800E+01   -.6798E+01   -.6795E+01   -.6793E+01   -.6791E+01   -.6789E+01
0.1040E+02   -.9000E+01   -.9000E+01   -.9000E+01   -.9000E+01   -.9000E+01   -.9000E+01   -.9000E+01   -.9000E+01   -.9000E+01   -.9000E+01   -.9000E+01   -.9000E+01   -.9000E+01   -.9000E+01   -.9000E+01   -.9000E+01   -.9001E+01   -.9001E+01   -.9001E+01   -.9001E+01   -.9001E+01   -.9001E+01   -.9001E+01   -.9001E+01   -.9001E+01   -.9001E+01   -.9002E+01   -.9002E+01   -.9002E+01   -.9002E+01   -.9002E+01   -.9003E+01   -.9003E+01   -.9003E+01   -.9003E+01   -.9004E+01   -.9004E+01   -.9004E+01   -.9005E+01   -.9005E+01   -.9006E+01   -.9006E+01   -.9007E+01   -.9007E+01   -.9008E+01   -.9008E+01   -.9009E+01   -.9010E+01   -.9011E+01   -.9011E+01   -.9012E+01   -.9013E+01   -.9014E+01   -.9015E+01   -.9016E+01   -.9018E+01   -.9019E+01   -.9020E+01   -.9021E+01   -.9023E+01   -.9025E+01   -.9027E+01   -.9028E+01   -.9031E+01   -.9034E+01   -.9035E+01   -.9035E+01   -.9038E+01   -.9040E+01   -.9044E+01   -.9046E+01   -.9050E+01   -.9053E+01   -.9058E+01   -.9062E+01   -.9068E+01   -.9073E+01   -.9081E+01   -.9086E+01   -.9097E+01   -.9103E+01   -.9117E+01   -.9126E+01   -.9143E+01   -.9155E+01   -.9179E+01   -.9196E+01   -.9229E+01   -.9253E+01   -.9297E+01   -.9329E+01   -.9385E+01   -.9416E+01   -.9461E+01   -.9432E+01   -.9356E+01   -.9204E+01   -.9729E+01   -.9376E+01   -.3341E+01   -.3708E+01   -.3905E+01   -.3948E+01   -.3959E+01   -.3960E+01   -.3957E+01   -.3953E+01   -.3949E+01   -.3945E+01   -.3942E+01   -.3938E+01   -.3935E+01   -.3932E+01   -.3929E+01   -.3927E+01   -.3925E+01   -.3923E+01   -.3921E+01   -.3919E+01   -.3917E+01   -.3916E+01   -.3915E+01   -.3913E+01   -.3912E+01   -.3911E+01   -.3910E+01   -.3909E+01   -.3908E+01   -.3907E+01   -.3906E+01
0.1062E+02   -.9000E+01   -.9000E+01   -.9000E+01   -.9000E+01   -.9000E+01   -.9000E+01   -.9000E+01   -.9000E+01   -.9000E+01   -.9000E+01   -.9000E+01   -.9000E+01   -.9000E+01   -.9000E+01   -.9001E+01   -.9001E+01   -.9001E+01   -.9001E+01   -.9001E+01   -.9001E+01   -.9001E+01   -.9001E+01   -.9001E+01   -.9001E+01   -.9001E+01   -.9002E+01   -.9002E+01   -.9002E+01   -.9002E+01   -.9002E+01   -.9003E+01   -.9003E+01   -.9003E+01   -.9003E+01   -.9004E+01   -.9004E+01   -.9004E+01   -.9005E+01   -.9005E+01   -.9006E+01   -.9006E+01   -.9007E+01   -.9007E+01   -.9008E+01   -.9008E+01   -.9009E+01   -.9010E+01   -.9010E+01   -.9011E+01   -.9012E+01   -.9013E+01   -.9014E+01   -.9015E+01   -.9016E+01   -.9017E+01   -.9018E+01   -.9020E+01   -.9021E+01   -.9023E+01   -.9024E+01   -.9026E+01   -.9028E+01   -.9030E+01   -.9032E+01   -.9036E+01   -.9037E+01   -.9037E+01   -.9039E+01   -.9043E+01   -.9045E+01   -.9049E+01   -.9052E+01   -.9057E+01   -.9060E+01   -.9067E+01   -.9070E+01   -.9079E+01   -.9083E+01   -.9094E+01   -.9100E+01   -.9113E+01   -.9121E+01   -.9139E+01   -.9149E+01   -.9173E+01   -.9187E+01   -.9220E+01   -.9240E+01   -.9285E+01   -.9312E+01   -.9371E+01   -.9400E+01   -.9458E+01   -.9442E+01   -.9414E+01   -.9183E+01   -.9405E+01   -.1065E+02   -.4643E+01   -.1422E+01   -.2460E+01   -.3046E+01   -.3135E+01   -.3157E+01   -.3162E+01   -.3161E+01   -.3159E+01   -.3157E+01   -.3155E+01   -.3152E+01   -.3150E+01   -.3148E+01   -.3146E+01   -.3145E+01   -.3143E+01   -.3142E+01   -.3141E+01   -.3139E+01   -.3138E+01   -.3137E+01   -.3137E+01   -.3136E+01   -.3135E+01   -.3135E+01   -.3134E+01   -.3134E+01   -.3133E+01   -.3133E+01   -.3132E+01   -.3132E+01
0.1083E+02   -.9000E+01   -.9000E+01   -.9000E+01   -.9000E+01   -.9000E+01   -.9000E+01   -.9000E+01   -.9000E+01   -.9000E+01   -.9000E+01   -.9000E+01   -.9000E+01   -.9001E+01   -.9001E+01   -.9001E+01   -.9001E+01   -.9001E+01   -.9001E+01   -.9001E+01   -.9001E+01   -.9001E+01   -.9001E+01   -.9001E+01   -.9001E+01   -.9002E+01   -.9002E+01   -.9002E+01   -.9002E+01   -.9002E+01   -.9003E+01   -.9003E+01   -.9003E+01   -.9003E+01   -.9004E+01   -.9004E+01   -.9004E+01   -.9005E+01   -.9005E+01   -.9006E+01   -.9006E+01   -.9006E+01   -.9007E+01   -.9008E+01   -.9008E+01   -.9009E+01   -.9009E+01   -.9010E+01   -.9011E+01   -.9012E+01   -.9013E+01   -.9014E+01   -.9015E+01   -.9016E+01   -.9017E+01   -.9018E+01   -.9019E+01   -.9021E+01   -.9022E+01   -.9024E+01   -.9026E+01   -.9027E+01   -.9029E+01   -.9032E+01   -.9034E+01   -.9038E+01   -.9038E+01   -.9039E+01   -.9041E+01   -.9044E+01   -.9048E+01   -.9051E+01   -.9055E+01   -.9059E+01   -.9064E+01   -.9070E+01   -.9076E+01   -.9082E+01   -.9090E+01   -.9098E+01   -.9108E+01   -.9119E+01   -.9132E+01   -.9146E+01   -.9164E+01   -.9183E+01   -.9207E+01   -.9234E+01   -.9268E+01   -.9304E+01   -.9348E+01   -.9392E+01   -.9436E+01   -.9452E+01   -.9424E+01   -.9277E+01   -.9298E+01   -.1016E+02   -.7208E+01   -.3338E+01   -.1369E+01   -.2025E+01   -.2613E+01   -.2695E+01   -.2714E+01   -.2718E+01   -.2717E+01   -.2714E+01   -.2712E+01   -.2709E+01   -.2706E+01   -.2704E+01   -.2701E+01   -.2699E+01   -.2698E+01   -.2696E+01   -.2694E+01   -.2693E+01   -.2692E+01   -.2690E+01   -.2689E+01   -.2689E+01   -.2688E+01   -.2687E+01   -.2686E+01   -.2686E+01   -.2685E+01   -.2685E+01   -.2684E+01   -.2684E+01   -.2683E+01
0.1105E+02   -.9000E+01   -.9000E+01   -.9000E+01   -.9000E+01   -.9000E+01   -.9000E+01   -.9000E+01   -.9000E+01   -.9000E+01   -.9000E+01   -.9001E+01   -.9001E+01   -.9001E+01   -.9001E+01   -.9001E+01   -.9001E+01   -.9001E+01   -.9001E+01   -.9001E+01   -.9001E+01   -.9001E+01   -.9001E+01   -.9001E+01   -.9002E+01   -.9002E+01   -.9002E+01   -.9002E+01   -.9002E+01   -.9003E+01   -.9003E+01   -.9003E+01   -.9003E+01   -.9004E+01   -.9004E+01   -.9004E+01   -.9005E+01   -.9005E+01   -.9005E+01   -.9006E+01   -.9006E+01   -.9007E+01   -.9007E+01   -.9008E+01   -.9009E+01   -.9009E+01   -.9010E+01   -.9011E+01   -.9012E+01   -.9013E+01   -.9013E+01   -.9014E+01   -.9016E+01   -.9017E+01   -.9018E+01   -.9019E+01   -.9021E+01   -.9022E+01   -.9024E+01   -.9025E+01   -.9027E+01   -.9029E+01   -.9031E+01   -.9033E+01   -.9036E+01   -.9040E+01   -.9040E+01   -.9040E+01   -.9044E+01   -.9046E+01   -.9051E+01   -.9053E+01   -.9059E+01   -.9062E+01   -.9069E+01   -.9073E+01   -.9081E+01   -.9086E+01   -.9097E+01   -.9103E+01   -.9117E+01   -.9125E+01   -.9143E+01   -.9154E+01   -.9179E+01   -.9195E+01   -.9228E+01   -.9250E+01   -.9296E+01   -.9326E+01   -.9384E+01   -.9413E+01   -.9463E+01   -.9433E+01   -.9370E+01   -.9189E+01   -.9663E+01   -.9765E+01   -.3492E+01   -.2776E+01   -.1573E+01   -.1903E+01   -.2382E+01   -.2448E+01   -.2463E+01   -.2465E+01   -.2463E+01   -.2459E+01   -.2456E+01   -.2453E+01   -.2449E+01   -.2446E+01   -.2444E+01   -.2441E+01   -.2439E+01   -.2437E+01   -.2435E+01   -.2433E+01   -.2432E+01   -.2430E+01   -.2429E+01   -.2428E+01   -.2427E+01   -.2426E+01   -.2425E+01   -.2424E+01   -.2423E+01   -.2423E+01   -.2422E+01   -.2422E+01   -.2421E+01
0.1127E+02   -.9000E+01   -.9000E+01   -.9000E+01   -.9000E+01   -.9000E+01   -.9000E+01   -.9000E+01   -.9000E+01   -.9001E+01   -.9001E+01   -.9001E+01   -.9001E+01   -.9001E+01   -.9001E+01   -.9001E+01   -.9001E+01   -.9001E+01   -.9001E+01   -.9001E+01   -.9001E+01   -.9001E+01   -.9001E+01   -.9002E+01   -.9002E+01   -.9002E+01   -.9002E+01   -.9002E+01   -.9003E+01   -.9003E+01   -.9003E+01   -.9003E+01   -.9004E+01   -.9004E+01   -.9004E+01   -.9005E+01   -.9005E+01   -.9005E+01   -.9006E+01   -.9006E+01   -.9007E+01   -.9007E+01   -.9008E+01   -.9009E+01   -.9009E+01   -.9010E+01   -.9011E+01   -.9011E+01   -.9012E+01   -.9013E+01   -.9014E+01   -.9015E+01   -.9016E+01   -.9018E+01   -.9019E+01   -.9020E+01   -.9021E+01   -.9023E+01   -.9024E+01   -.9027E+01   -.9028E+01   -.9031E+01   -.9032E+01   -.9035E+01   -.9037E+01   -.9042E+01   -.9042E+01   -.9043E+01   -.9045E+01   -.9049E+01   -.9052E+01   -.9057E+01   -.9060E+01   -.9067E+01   -.9071E+01   -.9079E+01   -.9084E+01   -.9094E+01   -.9100E+01   -.9113E+01   -.9121E+01   -.9138E+01   -.9149E+01   -.9172E+01   -.9187E+01   -.9219E+01   -.9239E+01   -.9283E+01   -.9311E+01   -.9368E+01   -.9399E+01   -.9455E+01   -.9443E+01   -.9416E+01   -.9196E+01   -.9390E+01   -.1058E+02   -.5017E+01   -.3214E+01   -.1259E+01   -.7716E+00   -.2018E+01   -.2396E+01   -.2472E+01   -.2491E+01   -.2494E+01   -.2493E+01   -.2490E+01   -.2487E+01   -.2484E+01   -.2481E+01   -.2478E+01   -.2476E+01   -.2473E+01   -.2471E+01   -.2469E+01   -.2467E+01   -.2466E+01   -.2464E+01   -.2463E+01   -.2462E+01   -.2461E+01   -.2460E+01   -.2459E+01   -.2458E+01   -.2457E+01   -.2457E+01   -.2456E+01   -.2455E+01   -.2455E+01   -.2454E+01
0.1148E+02   -.9000E+01   -.9000E+01   -.9000E+01   -.9000E+01   -.9000E+01   -.9000E+01   -.9000E+01   -.9001E+01   -.9001E+01   -.9001E+01   -.9001E+01   -.9001E+01   -.9001E+01   -.9001E+01   -.9001E+01   -.9001E+01   -.9001E+01   -.9001E+01   -.9001E+01   -.9001E+01   -.9002E+01   -.9002E+01   -.9002E+01   -.9002E+01   -.9002E+01   -.9002E+01   -.9003E+01   -.9003E+01   -.9003E+01   -.9003E+01   -.9004E+01   -.9004E+01   -.9004E+01   -.9005E+01   -.9005E+01   -.9005E+01   -.9006E+01   -.9006E+01   -.9007E+01   -.9007E+01   -.9008E+01   -.9008E+01   -.9009E+01   -.9010E+01   -.9010E+01   -.9011E+01   -.9012E+01   -.9013E+01   -.9014E+01   -.9015E+01   -.9016E+01   -.9017E+01   -.9018E+01   -.9020E+01   -.9021E+01   -.9023E+01   -.9024E+01   -.9026E+01   -.9028E+01   -.9030E+01   -.9032E+01   -.9034E+01   -.9037E+01   -.9039E+01   -.9044E+01   -.9045E+01   -.9045E+01   -.9048E+01   -.9052E+01   -.9055E+01   -.9060E+01   -.9065E+01   -.9070E+01   -.9076E+01   -.9083E+01   -.9090E+01   -.9098E+01   -.9108E+01   -.9119E+01   -.9131E+01   -.9146E+01   -.9163E+01   -.9183E+01   -.9206E+01   -.9234E+01   -.9265E+01   -.9303E+01   -.9345E+01   -.9391E+01   -.9432E+01   -.9454E+01   -.9425E+01   -.9290E+01   -.9282E+01   -.1009E+02   -.7573E+01   -.3362E+01   -.2077E+01   -.9882E+00   -.7807E+00   -.2305E+01   -.2656E+01   -.2737E+01   -.2757E+01   -.2761E+01   -.2760E+01   -.2757E+01   -.2754E+01   -.2751E+01   -.2748E+01   -.2745E+01   -.2742E+01   -.2740E+01   -.2738E+01   -.2736E+01   -.2735E+01   -.2733E+01   -.2732E+01   -.2730E+01   -.2729E+01   -.2728E+01   -.2727E+01   -.2726E+01   -.2726E+01   -.2725E+01   -.2724E+01   -.2724E+01   -.2723E+01   -.2723E+01   -.2722E+01
0.1170E+02   -.9000E+01   -.9000E+01   -.9000E+01   -.9000E+01   -.9000E+01   -.9001E+01   -.9001E+01   -.9001E+01   -.9001E+01   -.9001E+01   -.9001E+01   -.9001E+01   -.9001E+01   -.9001E+01   -.9001E+01   -.9001E+01   -.9001E+01   -.9001E+01   -.9001E+01   -.9002E+01   -.9002E+01   -.9002E+01   -.9002E+01   -.9002E+01   -.9002E+01   -.9003E+01   -.9003E+01   -.9003E+01   -.9003E+01   -.9004E+01   -.9004E+01   -.9004E+01   -.9005E+01   -.9005E+01   -.9005E+01   -.9006E+01   -.9006E+01   -.9007E+01   -.9007E+01   -.9008E+01   -.9008E+01   -.9009E+01   -.9010E+01   -.9010E+01   -.9011E+01   -.9012E+01   -.9013E+01   -.9014E+01   -.9015E+01   -.9016E+01   -.9017E+01   -.9018E+01   -.9019E+01   -.9021E+01   -.9022E+01   -.9024E+01   -.9025E+01   -.9027E+01   -.9029E+01   -.9032E+01   -.9033E+01   -.9036E+01   -.9038E+01   -.9042E+01   -.9046E+01   -.9047E+01   -.9047E+01   -.9052E+01   -.9054E+01   -.9059E+01   -.9062E+01   -.9069E+01   -.9073E+01   -.9082E+01   -.9086E+01   -.9097E+01   -.9103E+01   -.9117E+01   -.9124E+01   -.9143E+01   -.9153E+01   -.9179E+01   -.9193E+01   -.9228E+01   -.9248E+01   -.9295E+01   -.9323E+01   -.9383E+01   -.9410E+01   -.9465E+01   -.9434E+01   -.9384E+01   -.9174E+01   -.9593E+01   -.1013E+02   -.3512E+01   -.2892E+01   -.8360E+00   -.1222E+01   -.1087E+01   -.2622E+01   -.2978E+01   -.3061E+01   -.3081E+01   -.3084E+01   -.3083E+01   -.3080E+01   -.3076E+01   -.3073E+01   -.3070E+01   -.3067E+01   -.3065E+01   -.3062E+01   -.3060E+01   -.3059E+01   -.3057E+01   -.3055E+01   -.3054E+01   -.3053E+01   -.3052E+01   -.3051E+01   -.3050E+01   -.3049E+01   -.3048E+01   -.3047E+01   -.3047E+01   -.3046E+01   -.3046E+01   -.3045E+01   -.3045E+01
0.1192E+02   -.9000E+01   -.9000E+01   -.9000E+01   -.9001E+01   -.9001E+01   -.9001E+01   -.9001E+01   -.9001E+01   -.9001E+01   -.9001E+01   -.9001E+01   -.9001E+01   -.9001E+01   -.9001E+01   -.9001E+01   -.9001E+01   -.9001E+01   -.9001E+01   -.9002E+01   -.9002E+01   -.9002E+01   -.9002E+01   -.9002E+01   -.9002E+01   -.9003E+01   -.9003E+01   -.9003E+01   -.9003E+01   -.9004E+01   -.9004E+01   -.9004E+01   -.9004E+01   -.9005E+01   -.9005E+01   -.9006E+01   -.9006E+01   -.9007E+01   -.9007E+01   -.9008E+01   -.9008E+01   -.9009E+01   -.9009E+01   -.9010E+01   -.9011E+01   -.9012E+01   -.9013E+01   -.9013E+01   -.9014E+01   -.9015E+01   -.9017E+01   -.9018E+01   -.9019E+01   -.9020E+01   -.9022E+01   -.9023E+01   -.9025E+01   -.9027E+01   -.9028E+01   -.9031E+01   -.9032E+01   -.9035E+01   -.9037E+01   -.9041E+01   -.9043E+01   -.9049E+01   -.9049E+01   -.9050E+01   -.9052E+01   -.9058E+01   -.9061E+01   -.9067E+01   -.9071E+01   -.9079E+01   -.9084E+01   -.9094E+01   -.9100E+01   -.9113E+01   -.9121E+01   -.9138E+01   -.9149E+01   -.9171E+01   -.9187E+01   -.9217E+01   -.9239E+01   -.9281E+01   -.9310E+01   -.9365E+01   -.9398E+01   -.9452E+01   -.9445E+01   -.9417E+01   -.9210E+01   -.9375E+01   -.1051E+02   -.5380E+01   -.3232E+01   -.1375E+01   -.1119E+01   -.1183E+01   -.1044E+01   -.2687E+01   -.3036E+01   -.3117E+01   -.3136E+01   -.3139E+01   -.3136E+01   -.3133E+01   -.3129E+01   -.3125E+01   -.3122E+01   -.3119E+01   -.3116E+01   -.3114E+01   -.3112E+01   -.3110E+01   -.3108E+01   -.3106E+01   -.3105E+01   -.3104E+01   -.3102E+01   -.3101E+01   -.3100E+01   -.3099E+01   -.3099E+01   -.3098E+01   -.3097E+01   -.3097E+01   -.3096E+01   -.3095E+01   -.3095E+01
0.1213E+02   -.9000E+01   -.9000E+01   -.9001E+01   -.9001E+01   -.9001E+01   -.9001E+01   -.9001E+01   -.9001E+01   -.9001E+01   -.9001E+01   -.9001E+01   -.9001E+01   -.9001E+01   -.9001E+01   -.9001E+01   -.9001E+01   -.9001E+01   -.9002E+01   -.9002E+01   -.9002E+01   -.9002E+01   -.9002E+01   -.9002E+01   -.9003E+01   -.9003E+01   -.9003E+01   -.9003E+01   -.9004E+01   -.9004E+01   -.9004E+01   -.9004E+01   -.9005E+01   -.9005E+01   -.9006E+01   -.9006E+01   -.9006E+01   -.9007E+01   -.9007E+01   -.9008E+01   -.9009E+01   -.9009E+01   -.9010E+01   -.9011E+01   -.9011E+01   -.9012E+01   -.9013E+01   -.9014E+01   -.9015E+01   -.9016E+01   -.9017E+01   -.9019E+01   -.9020E+01   -.9021E+01   -.9023E+01   -.9024E+01   -.9026E+01   -.9028E+01   -.9030E+01   -.9032E+01   -.9034E+01   -.9037E+01   -.9040E+01   -.9043E+01   -.9046E+01   -.9051E+01   -.9052E+01   -.9052E+01   -.9056E+01   -.9060E+01   -.9065E+01   -.9070E+01   -.9076E+01   -.9083E+01   -.9090E+01   -.9099E+01   -.9108E+01   -.9119E+01   -.9131E+01   -.9146E+01   -.9162E+01   -.9183E+01   -.9204E+01   -.9233E+01   -.9263E+01   -.9302E+01   -.9342E+01   -.9390E+01   -.9429E+01   -.9456E+01   -.9427E+01   -.9303E+01   -.9267E+01   -.1002E+02   -.7937E+01   -.3381E+01   -.2191E+01   -.9656E+00   -.1204E+01   -.1227E+01   -.1105E+01   -.2780E+01   -.3123E+01   -.3202E+01   -.3220E+01   -.3223E+01   -.3220E+01   -.3216E+01   -.3212E+01   -.3208E+01   -.3205E+01   -.3201E+01   -.3199E+01   -.3196E+01   -.3194E+01   -.3192E+01   -.3190E+01   -.3188E+01   -.3187E+01   -.3185E+01   -.3184E+01   -.3183E+01   -.3182E+01   -.3181E+01   -.3180E+01   -.3179E+01   -.3179E+01   -.3178E+01   -.3177E+01   -.3177E+01   -.3176E+01
0.1235E+02   -.9000E+01   -.9000E+01   -.9001E+01   -.9001E+01   -.9001E+01   -.9001E+01   -.9001E+01   -.9001E+01   -.9001E+01   -.9001E+01   -.9001E+01   -.9001E+01   -.9001E+01   -.9001E+01   -.9001E+01   -.9001E+01   -.9002E+01   -.9002E+01   -.9002E+01   -.9002E+01   -.9002E+01   -.9002E+01   -.9003E+01   -.9003E+01   -.9003E+01   -.9003E+01   -.9003E+01   -.9004E+01   -.9004E+01   -.9004E+01   -.9005E+01   -.9005E+01   -.9005E+01   -.9006E+01   -.9006E+01   -.9007E+01   -.9007E+01   -.9008E+01   -.9008E+01   -.9009E+01   -.9010E+01   -.9010E+01   -.9011E+01   -.9012E+01   -.9013E+01   -.9014E+01   -.9015E+01   -.9016E+01   -.9017E+01   -.9018E+01   -.9020E+01   -.9021E+01   -.9022E+01   -.9024E+01   -.9025E+01   -.9028E+01   -.9029E+01   -.9032E+01   -.9033E+01   -.9037E+01   -.9038E+01   -.9042E+01   -.9044E+01   -.9049E+01   -.9054E+01   -.9054E+01   -.9054E+01   -.9060E+01   -.9063E+01   -.9070E+01   -.9073E+01   -.9082E+01   -.9086E+01   -.9097E+01   -.9102E+01   -.9117E+01   -.9124E+01   -.9144E+01   -.9153E+01   -.9179E+01   -.9192E+01   -.9227E+01   -.9246E+01   -.9294E+01   -.9320E+01   -.9382E+01   -.9407E+01   -.9466E+01   -.9436E+01   -.9397E+01   -.9158E+01   -.9523E+01   -.1050E+02   -.3531E+01   -.3006E+01   -.8122E+00   -.1224E+01   -.1176E+01   -.1309E+01   -.1223E+01   -.2883E+01   -.3221E+01   -.3299E+01   -.3317E+01   -.3320E+01   -.3317E+01   -.3313E+01   -.3308E+01   -.3304E+01   -.3300E+01   -.3297E+01   -.3294E+01   -.3292E+01   -.3289E+01   -.3287E+01   -.3285E+01   -.3283E+01   -.3282E+01   -.3280E+01   -.3279E+01   -.3278E+01   -.3277E+01   -.3276E+01   -.3275E+01   -.3274E+01   -.3273E+01   -.3273E+01   -.3272E+01   -.3271E+01   -.3271E+01
0.1257E+02   -.9000E+01   -.9001E+01   -.9001E+01   -.9001E+01   -.9001E+01   -.9001E+01   -.9001E+01   -.9001E+01   -.9001E+01   -.9001E+01   -.9001E+01   -.9001E+01   -.9001E+01   -.9001E+01   -.9001E+01   -.9002E+01   -.9002E+01   -.9002E+01   -.9002E+01   -.9002E+01   -.9002E+01   -.9003E+01   -.9003E+01   -.9003E+01   -.9003E+01   -.9003E+01   -.9004E+01   -.9004E+01   -.9004E+01   -.9005E+01   -.9005E+01   -.9005E+01   -.9006E+01   -.9006E+01   -.9007E+01   -.9007E+01   -.9008E+01   -.9008E+01   -.9009E+01   -.9010E+01   -.9010E+01   -.9011E+01   -.9012E+01   -.9013E+01   -.9014E+01   -.9015E+01   -.9016E+01   -.9017E+01   -.9018E+01   -.9019E+01   -.9021E+01   -.9022E+01   -.9023E+01   -.9025E+01   -.9027E+01   -.9029E+01   -.9031E+01   -.9033E+01   -.9036E+01   -.9038E+01   -.9041E+01   -.9043E+01   -.9047E+01   -.9050E+01   -.9057E+01   -.9057E+01   -.9058E+01   -.9061E+01   -.9067E+01   -.9071E+01   -.9079E+01   -.9084E+01   -.9094E+01   -.9100E+01   -.9113E+01   -.9121E+01   -.9137E+01   -.9149E+01   -.9170E+01   -.9186E+01   -.9216E+01   -.9238E+01   -.9278E+01   -.9310E+01   -.9362E+01   -.9397E+01   -.9449E+01   -.9446E+01   -.9419E+01   -.9223E+01   -.9360E+01   -.1044E+02   -.5744E+01   -.3251E+01   -.1490E+01   -.1096E+01   -.1186E+01   -.1270E+01   -.1248E+01   -.1239E+01   -.2899E+01   -.3241E+01   -.3319E+01   -.3339E+01   -.3342E+01   -.3340E+01   -.3336E+01   -.3332E+01   -.3327E+01   -.3324E+01   -.3320E+01   -.3317E+01   -.3315E+01   -.3312E+01   -.3310E+01   -.3308E+01   -.3306E+01   -.3305E+01   -.3303E+01   -.3302E+01   -.3301E+01   -.3300E+01   -.3299E+01   -.3298E+01   -.3297E+01   -.3296E+01   -.3296E+01   -.3295E+01   -.3294E+01   -.3294E+01
0.1278E+02   -.9000E+01   -.9001E+01   -.9001E+01   -.9001E+01   -.9001E+01   -.9001E+01   -.9001E+01   -.9001E+01   -.9001E+01   -.9001E+01   -.9001E+01   -.9001E+01   -.9001E+01   -.9001E+01   -.9002E+01   -.9002E+01   -.9002E+01   -.9002E+01   -.9002E+01   -.9002E+01   -.9003E+01   -.9003E+01   -.9003E+01   -.9003E+01   -.9003E+01   -.9004E+01   -.9004E+01   -.9004E+01   -.9005E+01   -.9005E+01   -.9005E+01   -.9006E+01   -.9006E+01   -.9007E+01   -.9007E+01   -.9008E+01   -.9008E+01   -.9009E+01   -.9009E+01   -.9010E+01   -.9011E+01   -.9012E+01   -.9012E+01   -.9013E+01   -.9014E+01   -.9015E+01   -.9016E+01   -.9018E+01   -.9019E+01   -.9020E+01   -.9022E+01   -.9023E+01   -.9025E+01   -.9026E+01   -.9028E+01   -.9030E+01   -.9032E+01   -.9034E+01   -.9037E+01   -.9040E+01   -.9043E+01   -.9046E+01   -.9050E+01   -.9053E+01   -.9060E+01   -.9060E+01   -.9061E+01   -.9065E+01   -.9071E+01   -.9076E+01   -.9083E+01   -.9090E+01   -.9099E+01   -.9107E+01   -.9119E+01   -.9130E+01   -.9146E+01   -.9161E+01   -.9183E+01   -.9203E+01   -.9233E+01   -.9261E+01   -.9302E+01   -.9339E+01   -.9389E+01   -.9426E+01   -.9457E+01   -.9428E+01   -.9317E+01   -.9251E+01   -.9945E+01   -.8302E+01   -.3401E+01   -.2305E+01   -.9423E+00   -.1206E+01   -.1219E+01   -.1281E+01   -.1242E+01   -.1268E+01   -.2924E+01   -.3267E+01   -.3346E+01   -.3367E+01   -.3371E+01   -.3369E+01   -.3365E+01   -.3360E+01   -.3356E+01   -.3352E+01   -.3349E+01   -.3346E+01   -.3343E+01   -.3340E+01   -.3338E+01   -.3336E+01   -.3334E+01   -.3333E+01   -.3331E+01   -.3330E+01   -.3329E+01   -.3328E+01   -.3327E+01   -.3326E+01   -.3325E+01   -.3324E+01   -.3324E+01   -.3323E+01   -.3322E+01   -.3322E+01
0.1300E+02   -.9001E+01   -.9001E+01   -.9001E+01   -.9001E+01   -.9001E+01   -.9001E+01   -.9001E+01   -.9001E+01   -.9001E+01   -.9001E+01   -.9001E+01   -.9001E+01   -.9001E+01   -.9002E+01   -.9002E+01   -.9002E+01   -.9002E+01   -.9002E+01   -.9002E+01   -.9002E+01   -.9003E+01   -.9003E+01   -.9003E+01   -.9003E+01   -.9004E+01   -.9004E+01   -.9004E+01   -.9005E+01   -.9005E+01   -.9005E+01   -.9006E+01   -.9006E+01   -.9007E+01   -.9007E+01   -.9008E+01   -.9008E+01   -.9009E+01   -.9009E+01   -.9010E+01   -.9011E+01   -.9011E+01   -.9012E+01   -.9013E+01   -.9014E+01   -.9015E+01   -.9016E+01   -.9017E+01   -.9018E+01   -.9020E+01   -.9021E+01   -.9023E+01   -.9024E+01   -.9026E+01   -.9028E+01   -.9029E+01   -.9032E+01   -.9033E+01   -.9037E+01   -.9038E+01   -.9042E+01   -.9044E+01   -.9049E+01   -.9051E+01   -.9057E+01   -.9063E+01   -.9063E+01   -.9063E+01   -.9071E+01   -.9073E+01   -.9083E+01   -.9086E+01   -.9098E+01   -.9102E+01   -.9118E+01   -.9123E+01   -.9144E+01   -.9152E+01   -.9179E+01   -.9190E+01   -.9227E+01   -.9244E+01   -.9294E+01   -.9317E+01   -.9381E+01   -.9404E+01   -.9468E+01   -.9438E+01   -.9411E+01   -.9143E+01   -.9453E+01   -.1086E+02   -.3551E+01   -.3121E+01   -.7893E+00   -.1226E+01   -.1167E+01   -.1313E+01   -.1220E+01   -.1284E+01   -.1309E+01   -.2958E+01   -.3300E+01   -.3379E+01   -.3400E+01   -.3404E+01   -.3402E+01   -.3398E+01   -.3394E+01   -.3389E+01   -.3385E+01   -.3382E+01   -.3378E+01   -.3375E+01   -.3373E+01   -.3371E+01   -.3369E+01   -.3367E+01   -.3365E+01   -.3364E+01   -.3362E+01   -.3361E+01   -.3360E+01   -.3359E+01   -.3358E+01   -.3357E+01   -.3356E+01   -.3355E+01   -.3355E+01   -.3354E+01   -.3354E+01
0.1322E+02   -.9001E+01   -.9001E+01   -.9001E+01   -.9001E+01   -.9001E+01   -.9001E+01   -.9001E+01   -.9001E+01   -.9001E+01   -.9001E+01   -.9001E+01   -.9001E+01   -.9002E+01   -.9002E+01   -.9002E+01   -.9002E+01   -.9002E+01   -.9002E+01   -.9002E+01   -.9003E+01   -.9003E+01   -.9003E+01   -.9003E+01   -.9004E+01   -.9004E+01   -.9004E+01   -.9005E+01   -.9005E+01   -.9005E+01   -.9006E+01   -.9006E+01   -.9006E+01   -.9007E+01   -.9007E+01   -.9008E+01   -.9009E+01   -.9009E+01   -.9010E+01   -.9010E+01   -.9011E+01   -.9012E+01   -.9013E+01   -.9014E+01   -.9015E+01   -.9016E+01   -.9017E+01   -.9018E+01   -.9019E+01   -.9021E+01   -.9022E+01   -.9024E+01   -.9025E+01   -.9027E+01   -.9029E+01   -.9031E+01   -.9033E+01   -.9036E+01   -.9038E+01   -.9041E+01   -.9044E+01   -.9047E+01   -.9050E+01   -.9055E+01   -.9059E+01   -.9066E+01   -.9067E+01   -.9067E+01   -.9072E+01   -.9079E+01   -.9084E+01   -.9094E+01   -.9101E+01   -.9112E+01   -.9121E+01   -.9137E+01   -.9149E+01   -.9169E+01   -.9186E+01   -.9214E+01   -.9238E+01   -.9276E+01   -.9309E+01   -.9359E+01   -.9396E+01   -.9446E+01   -.9448E+01   -.9421E+01   -.9237E+01   -.9345E+01   -.1037E+02   -.6109E+01   -.3271E+01   -.1605E+01   -.1073E+01   -.1187E+01   -.1262E+01   -.1252E+01   -.1262E+01   -.1244E+01   -.1321E+01   -.2979E+01   -.3324E+01   -.3406E+01   -.3428E+01   -.3433E+01   -.3432E+01   -.3428E+01   -.3424E+01   -.3420E+01   -.3416E+01   -.3412E+01   -.3409E+01   -.3406E+01   -.3404E+01   -.3401E+01   -.3399E+01   -.3397E+01   -.3396E+01   -.3394E+01   -.3393E+01   -.3392E+01   -.3391E+01   -.3390E+01   -.3389E+01   -.3388E+01   -.3387E+01   -.3386E+01   -.3386E+01   -.3385E+01   -.3384E+01
0.1343E+02   -.9001E+01   -.9001E+01   -.9001E+01   -.9001E+01   -.9001E+01   -.9001E+01   -.9001E+01   -.9001E+01   -.9001E+01   -.9001E+01   -.9001E+01   -.9002E+01   -.9002E+01   -.9002E+01   -.9002E+01   -.9002E+01   -.9002E+01   -.9002E+01   -.9003E+01   -.9003E+01   -.9003E+01   -.9003E+01   -.9004E+01   -.9004E+01   -.9004E+01   -.9004E+01   -.9005E+01   -.9005E+01   -.9006E+01   -.9006E+01   -.9006E+01   -.9007E+01   -.9007E+01   -.9008E+01   -.9008E+01   -.9009E+01   -.9010E+01   -.9010E+01   -.9011E+01   -.9012E+01   -.9013E+01   -.9013E+01   -.9014E+01   -.9015E+01   -.9017E+01   -.9018E+01   -.9019E+01   -.9020E+01   -.9022E+01   -.9023E+01   -.9025E+01   -.9026E+01   -.9028E+01   -.9030E+01   -.9032E+01   -.9034E+01   -.9037E+01   -.9040E+01   -.9043E+01   -.9046E+01   -.9050E+01   -.9053E+01   -.9058E+01   -.9062E+01   -.9070E+01   -.9071E+01   -.9071E+01   -.9076E+01   -.9083E+01   -.9089E+01   -.9099E+01   -.9107E+01   -.9120E+01   -.9130E+01   -.9146E+01   -.9160E+01   -.9183E+01   -.9202E+01   -.9232E+01   -.9259E+01   -.9301E+01   -.9336E+01   -.9388E+01   -.9424E+01   -.9459E+01   -.9430E+01   -.9331E+01   -.9236E+01   -.9875E+01   -.8667E+01   -.3421E+01   -.2421E+01   -.9196E+00   -.1208E+01   -.1210E+01   -.1284E+01   -.1239E+01   -.1266E+01   -.1236E+01   -.1339E+01   -.3000E+01   -.3348E+01   -.3431E+01   -.3455E+01   -.3460E+01   -.3459E+01   -.3455E+01   -.3451E+01   -.3447E+01   -.3443E+01   -.3440E+01   -.3437E+01   -.3434E+01   -.3431E+01   -.3429E+01   -.3427E+01   -.3425E+01   -.3423E+01   -.3422E+01   -.3420E+01   -.3419E+01   -.3418E+01   -.3417E+01   -.3416E+01   -.3415E+01   -.3414E+01   -.3414E+01   -.3413E+01   -.3412E+01   -.3412E+01
0.1365E+02   -.9001E+01   -.9001E+01   -.9001E+01   -.9001E+01   -.9001E+01   -.9001E+01   -.9001E+01   -.9001E+01   -.9001E+01   -.9001E+01   -.9001E+01   -.9002E+01   -.9002E+01   -.9002E+01   -.9002E+01   -.9002E+01   -.9002E+01   -.9003E+01   -.9003E+01   -.9003E+01   -.9003E+01   -.9004E+01   -.9004E+01   -.9004E+01   -.9004E+01   -.9005E+01   -.9005E+01   -.9005E+01   -.9006E+01   -.9006E+01   -.9007E+01   -.9007E+01   -.9008E+01   -.9008E+01   -.9009E+01   -.9009E+01   -.9010E+01   -.9011E+01   -.9012E+01   -.9012E+01   -.9013E+01   -.9014E+01   -.9015E+01   -.9016E+01   -.9017E+01   -.9019E+01   -.9020E+01   -.9021E+01   -.9023E+01   -.9024E+01   -.9026E+01   -.9028E+01   -.9029E+01   -.9032E+01   -.9033E+01   -.9037E+01   -.9038E+01   -.9042E+01   -.9044E+01   -.9049E+01   -.9051E+01   -.9057E+01   -.9059E+01   -.9067E+01   -.9073E+01   -.9074E+01   -.9074E+01   -.9083E+01   -.9087E+01   -.9098E+01   -.9103E+01   -.9118E+01   -.9124E+01   -.9143E+01   -.9152E+01   -.9178E+01   -.9190E+01   -.9226E+01   -.9243E+01   -.9292E+01   -.9316E+01   -.9379E+01   -.9403E+01   -.9466E+01   -.9440E+01   -.9413E+01   -.9157E+01   -.9438E+01   -.1079E+02   -.3915E+01   -.3141E+01   -.9052E+00   -.1203E+01   -.1170E+01   -.1305E+01   -.1224E+01   -.1280E+01   -.1226E+01   -.1263E+01   -.1365E+01   -.3024E+01   -.3371E+01   -.3455E+01   -.3479E+01   -.3484E+01   -.3483E+01   -.3480E+01   -.3476E+01   -.3472E+01   -.3468E+01   -.3464E+01   -.3461E+01   -.3458E+01   -.3455E+01   -.3453E+01   -.3451E+01   -.3449E+01   -.3447E+01   -.3446E+01   -.3444E+01   -.3443E+01   -.3442E+01   -.3441E+01   -.3440E+01   -.3439E+01   -.3438E+01   -.3438E+01   -.3437E+01   -.3436E+01   -.3436E+01
0.1387E+02   -.9001E+01   -.9001E+01   -.9001E+01   -.9001E+01   -.9001E+01   -.9001E+01   -.9001E+01   -.9001E+01   -.9001E+01   -.9001E+01   -.9002E+01   -.9002E+01   -.9002E+01   -.9002E+01   -.9002E+01   -.9002E+01   -.9003E+01   -.9003E+01   -.9003E+01   -.9003E+01   -.9003E+01   -.9004E+01   -.9004E+01   -.9004E+01   -.9005E+01   -.9005E+01   -.9005E+01   -.9006E+01   -.9006E+01   -.9007E+01   -.9007E+01   -.9008E+01   -.9008E+01   -.9009E+01   -.9009E+01   -.9010E+01   -.9011E+01   -.9011E+01   -.9012E+01   -.9013E+01   -.9014E+01   -.9015E+01   -.9016E+01   -.9017E+01   -.9018E+01   -.9019E+01   -.9021E+01   -.9022E+01   -.9024E+01   -.9025E+01   -.9027E+01   -.9029E+01   -.9031E+01   -.9033E+01   -.9036E+01   -.9038E+01   -.9041E+01   -.9044E+01   -.9047E+01   -.9051E+01   -.9055E+01   -.9059E+01   -.9064E+01   -.9069E+01   -.9078E+01   -.9079E+01   -.9079E+01   -.9085E+01   -.9093E+01   -.9101E+01   -.9112E+01   -.9122E+01   -.9136E+01   -.9149E+01   -.9169E+01   -.9186E+01   -.9213E+01   -.9238E+01   -.9274E+01   -.9308E+01   -.9356E+01   -.9396E+01   -.9443E+01   -.9451E+01   -.9422E+01   -.9251E+01   -.9330E+01   -.1030E+02   -.6474E+01   -.3291E+01   -.1721E+01   -.1050E+01   -.1190E+01   -.1254E+01   -.1256E+01   -.1257E+01   -.1247E+01   -.1248E+01   -.1268E+01   -.1380E+01   -.3045E+01   -.3396E+01   -.3481E+01   -.3506E+01   -.3512E+01   -.3512E+01   -.3509E+01   -.3505E+01   -.3501E+01   -.3497E+01   -.3494E+01   -.3490E+01   -.3487E+01   -.3485E+01   -.3482E+01   -.3480E+01   -.3478E+01   -.3477E+01   -.3475E+01   -.3474E+01   -.3473E+01   -.3471E+01   -.3470E+01   -.3469E+01   -.3469E+01   -.3468E+01   -.3467E+01   -.3466E+01   -.3466E+01   -.3465E+01
0.1408E+02   -.9001E+01   -.9001E+01   -.9001E+01   -.9001E+01   -.9001E+01   -.9001E+01   -.9001E+01   -.9001E+01   -.9001E+01   -.9002E+01   -.9002E+01   -.9002E+01   -.9002E+01   -.9002E+01   -.9002E+01   -.9003E+01   -.9003E+01   -.9003E+01   -.9003E+01   -.9003E+01   -.9004E+01   -.9004E+01   -.9004E+01   -.9005E+01   -.9005E+01   -.9005E+01   -.9006E+01   -.9006E+01   -.9006E+01   -.9007E+01   -.9007E+01   -.9008E+01   -.9009E+01   -.9009E+01   -.9010E+01   -.9010E+01   -.9011E+01   -.9012E+01   -.9013E+01   -.9014E+01   -.9015E+01   -.9016E+01   -.9017E+01   -.9018E+01   -.9019E+01   -.9020E+01   -.9022E+01   -.9023E+01   -.9025E+01   -.9027E+01   -.9028E+01   -.9030E+01   -.9033E+01   -.9035E+01   -.9037E+01   -.9040E+01   -.9043E+01   -.9046E+01   -.9050E+01   -.9053E+01   -.9058E+01   -.9062E+01   -.9068E+01   -.9072E+01   -.9082E+01   -.9083E+01   -.9083E+01   -.9089E+01   -.9099E+01   -.9107E+01   -.9120E+01   -.9129E+01   -.9147E+01   -.9159E+01   -.9183E+01   -.9200E+01   -.9232E+01   -.9257E+01   -.9300E+01   -.9334E+01   -.9388E+01   -.9421E+01   -.9462E+01   -.9432E+01   -.9345E+01   -.9222E+01   -.9806E+01   -.9033E+01   -.3441E+01   -.2536E+01   -.8973E+00   -.1210E+01   -.1203E+01   -.1288E+01   -.1235E+01   -.1268E+01   -.1233E+01   -.1266E+01   -.1276E+01   -.1393E+01   -.3062E+01   -.3415E+01   -.3502E+01   -.3528E+01   -.3535E+01   -.3534E+01   -.3532E+01   -.3528E+01   -.3524E+01   -.3520E+01   -.3517E+01   -.3514E+01   -.3511E+01   -.3508E+01   -.3506E+01   -.3504E+01   -.3502E+01   -.3500E+01   -.3498E+01   -.3497E+01   -.3496E+01   -.3495E+01   -.3494E+01   -.3493E+01   -.3492E+01   -.3491E+01   -.3490E+01   -.3490E+01   -.3489E+01   -.3488E+01
0.1430E+02   -.9001E+01   -.9001E+01   -.9001E+01   -.9001E+01   -.9001E+01   -.9001E+01   -.9001E+01   -.9001E+01   -.9002E+01   -.9002E+01   -.9002E+01   -.9002E+01   -.9002E+01   -.9002E+01   -.9002E+01   -.9003E+01   -.9003E+01   -.9003E+01   -.9003E+01   -.9004E+01   -.9004E+01   -.9004E+01   -.9004E+01   -.9005E+01   -.9005E+01   -.9006E+01   -.9006E+01   -.9006E+01   -.9007E+01   -.9007E+01   -.9008E+01   -.9008E+01   -.9009E+01   -.9010E+01   -.9010E+01   -.9011E+01   -.9012E+01   -.9013E+01   -.9013E+01   -.9014E+01   -.9015E+01   -.9016E+01   -.9017E+01   -.9019E+01   -.9020E+01   -.9021E+01   -.9023E+01   -.9024E+01   -.9026E+01   -.9028E+01   -.9030E+01   -.9032E+01   -.9034E+01   -.9037E+01   -.9039E+01   -.9042E+01   -.9044E+01   -.9049E+01   -.9051E+01   -.9057E+01   -.9060E+01   -.9067E+01   -.9070E+01   -.9079E+01   -.9087E+01   -.9087E+01   -.9088E+01   -.9099E+01   -.9103E+01   -.9118E+01   -.9124E+01   -.9143E+01   -.9152E+01   -.9177E+01   -.9190E+01   -.9225E+01   -.9243E+01   -.9290E+01   -.9316E+01   -.9376E+01   -.9403E+01   -.9463E+01   -.9442E+01   -.9415E+01   -.9171E+01   -.9423E+01   -.1072E+02   -.4280E+01   -.3161E+01   -.1021E+01   -.1181E+01   -.1172E+01   -.1297E+01   -.1228E+01   -.1276E+01   -.1228E+01   -.1260E+01   -.1270E+01   -.1291E+01   -.1407E+01   -.3074E+01   -.3427E+01   -.3514E+01   -.3540E+01   -.3547E+01   -.3547E+01   -.3544E+01   -.3540E+01   -.3536E+01   -.3533E+01   -.3529E+01   -.3526E+01   -.3523E+01   -.3520E+01   -.3518E+01   -.3516E+01   -.3514E+01   -.3512E+01   -.3511E+01   -.3509E+01   -.3508E+01   -.3507E+01   -.3506E+01   -.3505E+01   -.3504E+01   -.3503E+01   -.3502E+01   -.3502E+01   -.3501E+01   -.3500E+01
0.1452E+02   -.9001E+01   -.9001E+01   -.9001E+01   -.9001E+01   -.9001E+01   -.9001E+01   -.9001E+01   -.9001E+01   -.9002E+01   -.9002E+01   -.9002E+01   -.9002E+01   -.9002E+01   -.9002E+01   -.9003E+01   -.9003E+01   -.9003E+01   -.9003E+01   -.9004E+01   -.9004E+01   -.9004E+01   -.9004E+01   -.9005E+01   -.9005E+01   -.9005E+01   -.9006E+01   -.9006E+01   -.9007E+01   -.9007E+01   -.9008E+01   -.9008E+01   -.9009E+01   -.9009E+01   -.9010E+01   -.9011E+01   -.9012E+01   -.9012E+01   -.9013E+01   -.9014E+01   -.9015E+01   -.9016E+01   -.9017E+01   -.9018E+01   -.9019E+01   -.9021E+01   -.9022E+01   -.9024E+01   -.9025E+01   -.9027E+01   -.9029E+01   -.9031E+01   -.9033E+01   -.9036E+01   -.9038E+01   -.9041E+01   -.9044E+01   -.9047E+01   -.9051E+01   -.9055E+01   -.9059E+01   -.9064E+01   -.9069E+01   -.9075E+01   -.9082E+01   -.9092E+01   -.9093E+01   -.9093E+01   -.9101E+01   -.9112E+01   -.9122E+01   -.9136E+01   -.9149E+01   -.9168E+01   -.9186E+01   -.9212E+01   -.9238E+01   -.9273E+01   -.9308E+01   -.9354E+01   -.9395E+01   -.9441E+01   -.9453E+01   -.9424E+01   -.9265E+01   -.9315E+01   -.1023E+02   -.6839E+01   -.3312E+01   -.1837E+01   -.1028E+01   -.1192E+01   -.1246E+01   -.1260E+01   -.1254E+01   -.1249E+01   -.1245E+01   -.1269E+01   -.1284E+01   -.1360E+01   -.1417E+01   -.3089E+01   -.3444E+01   -.3533E+01   -.3560E+01   -.3567E+01   -.3567E+01   -.3565E+01   -.3561E+01   -.3558E+01   -.3554E+01   -.3551E+01   -.3547E+01   -.3545E+01   -.3542E+01   -.3540E+01   -.3538E+01   -.3536E+01   -.3534E+01   -.3532E+01   -.3531E+01   -.3530E+01   -.3528E+01   -.3527E+01   -.3526E+01   -.3525E+01   -.3525E+01   -.3524E+01   -.3523E+01   -.3523E+01   -.3522E+01
0.1473E+02   -.9001E+01   -.9001E+01   -.9001E+01   -.9001E+01   -.9001E+01   -.9001E+01   -.9001E+01   -.9002E+01   -.9002E+01   -.9002E+01   -.9002E+01   -.9002E+01   -.9002E+01   -.9003E+01   -.9003E+01   -.9003E+01   -.9003E+01   -.9003E+01   -.9004E+01   -.9004E+01   -.9004E+01   -.9005E+01   -.9005E+01   -.9005E+01   -.9006E+01   -.9006E+01   -.9007E+01   -.9007E+01   -.9008E+01   -.9008E+01   -.9009E+01   -.9009E+01   -.9010E+01   -.9011E+01   -.9011E+01   -.9012E+01   -.9013E+01   -.9014E+01   -.9015E+01   -.9016E+01   -.9017E+01   -.9018E+01   -.9019E+01   -.9020E+01   -.9022E+01   -.9023E+01   -.9025E+01   -.9027E+01   -.9028E+01   -.9030E+01   -.9033E+01   -.9035E+01   -.9037E+01   -.9040E+01   -.9043E+01   -.9046E+01   -.9050E+01   -.9053E+01   -.9058E+01   -.9061E+01   -.9068E+01   -.9072E+01   -.9080E+01   -.9086E+01   -.9098E+01   -.9099E+01   -.9099E+01   -.9106E+01   -.9120E+01   -.9129E+01   -.9147E+01   -.9159E+01   -.9183E+01   -.9199E+01   -.9232E+01   -.9255E+01   -.9300E+01   -.9331E+01   -.9387E+01   -.9419E+01   -.9464E+01   -.9434E+01   -.9359E+01   -.9207E+01   -.9736E+01   -.9399E+01   -.3462E+01   -.2652E+01   -.8752E+00   -.1213E+01   -.1195E+01   -.1293E+01   -.1231E+01   -.1270E+01   -.1230E+01   -.1266E+01   -.1278E+01   -.1318E+01   -.1419E+01   -.1428E+01   -.3103E+01   -.3460E+01   -.3549E+01   -.3577E+01   -.3585E+01   -.3586E+01   -.3583E+01   -.3580E+01   -.3576E+01   -.3573E+01   -.3569E+01   -.3566E+01   -.3563E+01   -.3561E+01   -.3559E+01   -.3556E+01   -.3554E+01   -.3553E+01   -.3551E+01   -.3550E+01   -.3549E+01   -.3547E+01   -.3546E+01   -.3545E+01   -.3544E+01   -.3544E+01   -.3543E+01   -.3542E+01   -.3542E+01   -.3541E+01
0.1495E+02   -.9001E+01   -.9001E+01   -.9001E+01   -.9001E+01   -.9001E+01   -.9001E+01   -.9001E+01   -.9002E+01   -.9002E+01   -.9002E+01   -.9002E+01   -.9002E+01   -.9003E+01   -.9003E+01   -.9003E+01   -.9003E+01   -.9003E+01   -.9004E+01   -.9004E+01   -.9004E+01   -.9005E+01   -.9005E+01   -.9005E+01   -.9006E+01   -.9006E+01   -.9006E+01   -.9007E+01   -.9007E+01   -.9008E+01   -.9008E+01   -.9009E+01   -.9010E+01   -.9010E+01   -.9011E+01   -.9012E+01   -.9013E+01   -.9013E+01   -.9014E+01   -.9015E+01   -.9016E+01   -.9017E+01   -.9019E+01   -.9020E+01   -.9021E+01   -.9023E+01   -.9024E+01   -.9026E+01   -.9028E+01   -.9030E+01   -.9032E+01   -.9034E+01   -.9037E+01   -.9039E+01   -.9042E+01   -.9044E+01   -.9049E+01   -.9051E+01   -.9057E+01   -.9060E+01   -.9066E+01   -.9070E+01   -.9078E+01   -.9083E+01   -.9093E+01   -.9104E+01   -.9104E+01   -.9105E+01   -.9118E+01   -.9125E+01   -.9143E+01   -.9153E+01   -.9177E+01   -.9190E+01   -.9223E+01   -.9243E+01   -.9288E+01   -.9315E+01   -.9373E+01   -.9403E+01   -.9461E+01   -.9444E+01   -.9417E+01   -.9185E+01   -.9409E+01   -.1065E+02   -.4646E+01   -.3182E+01   -.1138E+01   -.1159E+01   -.1175E+01   -.1289E+01   -.1232E+01   -.1273E+01   -.1231E+01   -.1258E+01   -.1273E+01   -.1293E+01   -.1397E+01   -.1431E+01   -.1438E+01   -.3112E+01   -.3469E+01   -.3558E+01   -.3586E+01   -.3594E+01   -.3595E+01   -.3592E+01   -.3589E+01   -.3585E+01   -.3582E+01   -.3578E+01   -.3575E+01   -.3573E+01   -.3570E+01   -.3568E+01   -.3565E+01   -.3564E+01   -.3562E+01   -.3560E+01   -.3559E+01   -.3558E+01   -.3556E+01   -.3555E+01   -.3554E+01   -.3553E+01   -.3553E+01   -.3552E+01   -.3551E+01   -.3551E+01   -.3550E+01
0.1517E+02   -.9001E+01   -.9001E+01   -.9001E+01   -.9001E+01   -.9001E+01   -.9001E+01   -.9002E+01   -.9002E+01   -.9002E+01   -.9002E+01   -.9002E+01   -.9002E+01   -.9003E+01   -.9003E+01   -.9003E+01   -.9003E+01   -.9004E+01   -.9004E+01   -.9004E+01   -.9004E+01   -.9005E+01   -.9005E+01   -.9006E+01   -.9006E+01   -.9006E+01   -.9007E+01   -.9007E+01   -.9008E+01   -.9008E+01   -.9009E+01   -.9010E+01   -.9010E+01   -.9011E+01   -.9012E+01   -.9012E+01   -.9013E+01   -.9014E+01   -.9015E+01   -.9016E+01   -.9017E+01   -.9018E+01   -.9020E+01   -.9021E+01   -.9022E+01   -.9024E+01   -.9025E+01   -.9027E+01   -.9029E+01   -.9031E+01   -.9033E+01   -.9036E+01   -.9038E+01   -.9041E+01   -.9044E+01   -.9047E+01   -.9051E+01   -.9055E+01   -.9059E+01   -.9064E+01   -.9069E+01   -.9075E+01   -.9082E+01   -.9089E+01   -.9097E+01   -.9110E+01   -.9111E+01   -.9112E+01   -.9122E+01   -.9136E+01   -.9150E+01   -.9167E+01   -.9187E+01   -.9211E+01   -.9237E+01   -.9271E+01   -.9307E+01   -.9351E+01   -.9395E+01   -.9438E+01   -.9455E+01   -.9427E+01   -.9280E+01   -.9301E+01   -.1016E+02   -.7205E+01   -.3333E+01   -.1953E+01   -.1006E+01   -.1195E+01   -.1239E+01   -.1265E+01   -.1250E+01   -.1252E+01   -.1243E+01   -.1270E+01   -.1287E+01   -.1356E+01   -.1424E+01   -.1440E+01   -.1447E+01   -.3123E+01   -.3482E+01   -.3572E+01   -.3600E+01   -.3609E+01   -.3610E+01   -.3608E+01   -.3605E+01   -.3601E+01   -.3598E+01   -.3594E+01   -.3591E+01   -.3588E+01   -.3586E+01   -.3584E+01   -.3581E+01   -.3580E+01   -.3578E+01   -.3576E+01   -.3575E+01   -.3574E+01   -.3572E+01   -.3571E+01   -.3570E+01   -.3570E+01   -.3569E+01   -.3568E+01   -.3567E+01   -.3567E+01   -.3566E+01
0.1538E+02   -.9001E+01   -.9001E+01   -.9001E+01   -.9001E+01   -.9001E+01   -.9001E+01   -.9002E+01   -.9002E+01   -.9002E+01   -.9002E+01   -.9002E+01   -.9003E+01   -.9003E+01   -.9003E+01   -.9003E+01   -.9004E+01   -.9004E+01   -.9004E+01   -.9004E+01   -.9005E+01   -.9005E+01   -.9005E+01   -.9006E+01   -.9006E+01   -.9007E+01   -.9007E+01   -.9008E+01   -.9008E+01   -.9009E+01   -.9009E+01   -.9010E+01   -.9011E+01   -.9011E+01   -.9012E+01   -.9013E+01   -.9014E+01   -.9015E+01   -.9016E+01   -.9017E+01   -.9018E+01   -.9019E+01   -.9020E+01   -.9022E+01   -.9023E+01   -.9025E+01   -.9027E+01   -.9028E+01   -.9030E+01   -.9033E+01   -.9035E+01   -.9037E+01   -.9040E+01   -.9043E+01   -.9046E+01   -.9050E+01   -.9053E+01   -.9058E+01   -.9061E+01   -.9068E+01   -.9072E+01   -.9080E+01   -.9085E+01   -.9096E+01   -.9102E+01   -.9118E+01   -.9119E+01   -.9119E+01   -.9127E+01   -.9146E+01   -.9158E+01   -.9183E+01   -.9198E+01   -.9232E+01   -.9254E+01   -.9300E+01   -.9329E+01   -.9387E+01   -.9416E+01   -.9466E+01   -.9436E+01   -.9374E+01   -.9192E+01   -.9667E+01   -.9765E+01   -.3483E+01   -.2768E+01   -.8532E+00   -.1216E+01   -.1188E+01   -.1297E+01   -.1227E+01   -.1273E+01   -.1228E+01   -.1266E+01   -.1280E+01   -.1316E+01   -.1418E+01   -.1435E+01   -.1448E+01   -.1454E+01   -.3134E+01   -.3494E+01   -.3586E+01   -.3615E+01   -.3624E+01   -.3625E+01   -.3623E+01   -.3620E+01   -.3616E+01   -.3613E+01   -.3610E+01   -.3607E+01   -.3604E+01   -.3601E+01   -.3599E+01   -.3597E+01   -.3595E+01   -.3593E+01   -.3592E+01   -.3590E+01   -.3589E+01   -.3588E+01   -.3587E+01   -.3586E+01   -.3585E+01   -.3584E+01   -.3584E+01   -.3583E+01   -.3582E+01   -.3582E+01
0.1560E+02   -.9001E+01   -.9001E+01   -.9001E+01   -.9001E+01   -.9001E+01   -.9002E+01   -.9002E+01   -.9002E+01   -.9002E+01   -.9002E+01   -.9002E+01   -.9003E+01   -.9003E+01   -.9003E+01   -.9003E+01   -.9004E+01   -.9004E+01   -.9004E+01   -.9005E+01   -.9005E+01   -.9005E+01   -.9006E+01   -.9006E+01   -.9007E+01   -.9007E+01   -.9008E+01   -.9008E+01   -.9009E+01   -.9009E+01   -.9010E+01   -.9010E+01   -.9011E+01   -.9012E+01   -.9013E+01   -.9014E+01   -.9014E+01   -.9015E+01   -.9016E+01   -.9018E+01   -.9019E+01   -.9020E+01   -.9021E+01   -.9023E+01   -.9024E+01   -.9026E+01   -.9028E+01   -.9030E+01   -.9032E+01   -.9034E+01   -.9037E+01   -.9039E+01   -.9042E+01   -.9045E+01   -.9049E+01   -.9051E+01   -.9057E+01   -.9060E+01   -.9066E+01   -.9070E+01   -.9078E+01   -.9083E+01   -.9093E+01   -.9099E+01   -.9112E+01   -.9125E+01   -.9126E+01   -.9126E+01   -.9143E+01   -.9153E+01   -.9176E+01   -.9191E+01   -.9223E+01   -.9243E+01   -.9286E+01   -.9315E+01   -.9371E+01   -.9402E+01   -.9458E+01   -.9446E+01   -.9419E+01   -.9200E+01   -.9394E+01   -.1058E+02   -.5011E+01   -.3203E+01   -.1254E+01   -.1137E+01   -.1178E+01   -.1282E+01   -.1237E+01   -.1269E+01   -.1234E+01   -.1255E+01   -.1275E+01   -.1295E+01   -.1392E+01   -.1430E+01   -.1443E+01   -.1457E+01   -.1463E+01   -.3141E+01   -.3501E+01   -.3592E+01   -.3621E+01   -.3630E+01   -.3631E+01   -.3629E+01   -.3626E+01   -.3623E+01   -.3619E+01   -.3616E+01   -.3613E+01   -.3610E+01   -.3608E+01   -.3606E+01   -.3603E+01   -.3602E+01   -.3600E+01   -.3598E+01   -.3597E+01   -.3596E+01   -.3594E+01   -.3593E+01   -.3592E+01   -.3592E+01   -.3591E+01   -.3590E+01   -.3589E+01   -.3589E+01   -.3588E+01
0.1582E+02   -.9001E+01   -.9001E+01   -.9001E+01   -.9001E+01   -.9001E+01   -.9002E+01   -.9002E+01   -.9002E+01   -.9002E+01   -.9002E+01   -.9003E+01   -.9003E+01   -.9003E+01   -.9003E+01   -.9004E+01   -.9004E+01   -.9004E+01   -.9005E+01   -.9005E+01   -.9005E+01   -.9006E+01   -.9006E+01   -.9006E+01   -.9007E+01   -.9007E+01   -.9008E+01   -.9008E+01   -.9009E+01   -.9010E+01   -.9010E+01   -.9011E+01   -.9012E+01   -.9012E+01   -.9013E+01   -.9014E+01   -.9015E+01   -.9016E+01   -.9017E+01   -.9018E+01   -.9020E+01   -.9021E+01   -.9022E+01   -.9024E+01   -.9025E+01   -.9027E+01   -.9029E+01   -.9031E+01   -.9033E+01   -.9036E+01   -.9038E+01   -.9041E+01   -.9044E+01   -.9047E+01   -.9051E+01   -.9055E+01   -.9059E+01   -.9064E+01   -.9069E+01   -.9075E+01   -.9082E+01   -.9089E+01   -.9097E+01   -.9107E+01   -.9118E+01   -.9134E+01   -.9135E+01   -.9136E+01   -.9150E+01   -.9167E+01   -.9187E+01   -.9210E+01   -.9237E+01   -.9269E+01   -.9307E+01   -.9349E+01   -.9395E+01   -.9436E+01   -.9458E+01   -.9429E+01   -.9294E+01   -.9286E+01   -.1009E+02   -.7571E+01   -.3355E+01   -.2069E+01   -.9844E+00   -.1198E+01   -.1231E+01   -.1269E+01   -.1247E+01   -.1255E+01   -.1240E+01   -.1270E+01   -.1288E+01   -.1352E+01   -.1424E+01   -.1439E+01   -.1452E+01   -.1464E+01   -.1470E+01   -.3149E+01   -.3510E+01   -.3602E+01   -.3632E+01   -.3641E+01   -.3643E+01   -.3641E+01   -.3638E+01   -.3634E+01   -.3631E+01   -.3628E+01   -.3625E+01   -.3622E+01   -.3620E+01   -.3617E+01   -.3615E+01   -.3613E+01   -.3612E+01   -.3610E+01   -.3609E+01   -.3607E+01   -.3606E+01   -.3605E+01   -.3604E+01   -.3603E+01   -.3603E+01   -.3602E+01   -.3601E+01   -.3601E+01   -.3600E+01
0.1603E+02   -.9001E+01   -.9001E+01   -.9001E+01   -.9001E+01   -.9002E+01   -.9002E+01   -.9002E+01   -.9002E+01   -.9002E+01   -.9003E+01   -.9003E+01   -.9003E+01   -.9003E+01   -.9004E+01   -.9004E+01   -.9004E+01   -.9004E+01   -.9005E+01   -.9005E+01   -.9005E+01   -.9006E+01   -.9006E+01   -.9007E+01   -.9007E+01   -.9008E+01   -.9008E+01   -.9009E+01   -.9009E+01   -.9010E+01   -.9011E+01   -.9011E+01   -.9012E+01   -.9013E+01   -.9014E+01   -.9015E+01   -.9016E+01   -.9017E+01   -.9018E+01   -.9019E+01   -.9020E+01   -.9022E+01   -.9023E+01   -.9025E+01   -.9027E+01   -.9028E+01   -.9030E+01   -.9033E+01   -.9035E+01   -.9037E+01   -.9040E+01   -.9043E+01   -.9046E+01   -.9050E+01   -.9053E+01   -.9058E+01   -.9061E+01   -.9068E+01   -.9072E+01   -.9080E+01   -.9085E+01   -.9096E+01   -.9101E+01   -.9116E+01   -.9123E+01   -.9144E+01   -.9145E+01   -.9145E+01   -.9156E+01   -.9182E+01   -.9196E+01   -.9231E+01   -.9252E+01   -.9299E+01   -.9326E+01   -.9387E+01   -.9414E+01   -.9469E+01   -.9438E+01   -.9388E+01   -.9178E+01   -.9598E+01   -.1013E+02   -.3504E+01   -.2885E+01   -.8313E+00   -.1218E+01   -.1180E+01   -.1302E+01   -.1224E+01   -.1276E+01   -.1226E+01   -.1265E+01   -.1281E+01   -.1312E+01   -.1417E+01   -.1435E+01   -.1447E+01   -.1461E+01   -.1470E+01   -.1476E+01   -.3158E+01   -.3520E+01   -.3613E+01   -.3643E+01   -.3653E+01   -.3655E+01   -.3653E+01   -.3650E+01   -.3647E+01   -.3643E+01   -.3640E+01   -.3637E+01   -.3635E+01   -.3632E+01   -.3630E+01   -.3628E+01   -.3626E+01   -.3624E+01   -.3623E+01   -.3621E+01   -.3620E+01   -.3619E+01   -.3618E+01   -.3617E+01   -.3616E+01   -.3615E+01   -.3614E+01   -.3614E+01   -.3613E+01   -.3613E+01
0.1625E+02   -.9001E+01   -.9001E+01   -.9001E+01   -.9001E+01   -.9002E+01   -.9002E+01   -.9002E+01   -.9002E+01   -.9002E+01   -.9003E+01   -.9003E+01   -.9003E+01   -.9003E+01   -.9004E+01   -.9004E+01   -.9004E+01   -.9005E+01   -.9005E+01   -.9005E+01   -.9006E+01   -.9006E+01   -.9007E+01   -.9007E+01   -.9008E+01   -.9008E+01   -.9009E+01   -.9009E+01   -.9010E+01   -.9011E+01   -.9011E+01   -.9012E+01   -.9013E+01   -.9014E+01   -.9015E+01   -.9015E+01   -.9017E+01   -.9018E+01   -.9019E+01   -.9020E+01   -.9021E+01   -.9023E+01   -.9024E+01   -.9026E+01   -.9028E+01   -.9030E+01   -.9032E+01   -.9034E+01   -.9036E+01   -.9039E+01   -.9042E+01   -.9045E+01   -.9049E+01   -.9052E+01   -.9056E+01   -.9060E+01   -.9066E+01   -.9070E+01   -.9078E+01   -.9083E+01   -.9093E+01   -.9099E+01   -.9111E+01   -.9120E+01   -.9136E+01   -.9153E+01   -.9154E+01   -.9155E+01   -.9177E+01   -.9192E+01   -.9222E+01   -.9244E+01   -.9285E+01   -.9315E+01   -.9369E+01   -.9402E+01   -.9456E+01   -.9449E+01   -.9422E+01   -.9215E+01   -.9380E+01   -.1051E+02   -.5377E+01   -.3224E+01   -.1371E+01   -.1115E+01   -.1181E+01   -.1275E+01   -.1241E+01   -.1266E+01   -.1237E+01   -.1253E+01   -.1275E+01   -.1296E+01   -.1387E+01   -.1429E+01   -.1443E+01   -.1456E+01   -.1467E+01   -.1477E+01   -.1482E+01   -.3163E+01   -.3525E+01   -.3618E+01   -.3648E+01   -.3658E+01   -.3659E+01   -.3658E+01   -.3655E+01   -.3652E+01   -.3648E+01   -.3645E+01   -.3642E+01   -.3639E+01   -.3637E+01   -.3634E+01   -.3632E+01   -.3631E+01   -.3629E+01   -.3627E+01   -.3626E+01   -.3625E+01   -.3623E+01   -.3622E+01   -.3621E+01   -.3621E+01   -.3620E+01   -.3619E+01   -.3618E+01   -.3618E+01   -.3617E+01
0.1647E+02   -.9001E+01   -.9001E+01   -.9001E+01   -.9001E+01   -.9002E+01   -.9002E+01   -.9002E+01   -.9002E+01   -.9003E+01   -.9003E+01   -.9003E+01   -.9003E+01   -.9004E+01   -.9004E+01   -.9004E+01   -.9005E+01   -.9005E+01   -.9005E+01   -.9006E+01   -.9006E+01   -.9006E+01   -.9007E+01   -.9007E+01   -.9008E+01   -.9008E+01   -.9009E+01   -.9010E+01   -.9010E+01   -.9011E+01   -.9012E+01   -.9013E+01   -.9013E+01   -.9014E+01   -.9015E+01   -.9016E+01   -.9017E+01   -.9018E+01   -.9020E+01   -.9021E+01   -.9022E+01   -.9024E+01   -.9025E+01   -.9027E+01   -.9029E+01   -.9031E+01   -.9033E+01   -.9036E+01   -.9038E+01   -.9041E+01   -.9044E+01   -.9047E+01   -.9051E+01   -.9055E+01   -.9059E+01   -.9063E+01   -.9069E+01   -.9075E+01   -.9082E+01   -.9088E+01   -.9097E+01   -.9106E+01   -.9118E+01   -.9129E+01   -.9145E+01   -.9165E+01   -.9166E+01   -.9167E+01   -.9187E+01   -.9209E+01   -.9238E+01   -.9268E+01   -.9307E+01   -.9347E+01   -.9395E+01   -.9434E+01   -.9460E+01   -.9431E+01   -.9309E+01   -.9272E+01   -.1002E+02   -.7937E+01   -.3376E+01   -.2185E+01   -.9627E+00   -.1201E+01   -.1224E+01   -.1274E+01   -.1244E+01   -.1258E+01   -.1238E+01   -.1270E+01   -.1289E+01   -.1347E+01   -.1423E+01   -.1438E+01   -.1451E+01   -.1464E+01   -.1474E+01   -.1483E+01   -.1488E+01   -.3169E+01   -.3532E+01   -.3625E+01   -.3656E+01   -.3666E+01   -.3668E+01   -.3666E+01   -.3663E+01   -.3660E+01   -.3657E+01   -.3653E+01   -.3650E+01   -.3648E+01   -.3645E+01   -.3643E+01   -.3641E+01   -.3639E+01   -.3637E+01   -.3636E+01   -.3634E+01   -.3633E+01   -.3632E+01   -.3631E+01   -.3630E+01   -.3629E+01   -.3628E+01   -.3628E+01   -.3627E+01   -.3626E+01   -.3626E+01
0.1668E+02   -.9001E+01   -.9001E+01   -.9001E+01   -.9002E+01   -.9002E+01   -.9002E+01   -.9002E+01   -.9002E+01   -.9003E+01   -.9003E+01   -.9003E+01   -.9003E+01   -.9004E+01   -.9004E+01   -.9004E+01   -.9005E+01   -.9005E+01   -.9005E+01   -.9006E+01   -.9006E+01   -.9007E+01   -.9007E+01   -.9008E+01   -.9008E+01   -.9009E+01   -.9009E+01   -.9010E+01   -.9011E+01   -.9011E+01   -.9012E+01   -.9013E+01   -.9014E+01   -.9015E+01   -.9016E+01   -.9017E+01   -.9018E+01   -.9019E+01   -.9020E+01   -.9022E+01   -.9023E+01   -.9025E+01   -.9027E+01   -.9028E+01   -.9030E+01   -.9032E+01   -.9035E+01   -.9037E+01   -.9040E+01   -.9043E+01   -.9046E+01   -.9049E+01   -.9053E+01   -.9058E+01   -.9061E+01   -.9068E+01   -.9071E+01   -.9080E+01   -.9084E+01   -.9096E+01   -.9101E+01   -.9116E+01   -.9122E+01   -.9142E+01   -.9151E+01   -.9178E+01   -.9179E+01   -.9180E+01   -.9194E+01   -.9230E+01   -.9249E+01   -.9298E+01   -.9324E+01   -.9387E+01   -.9412E+01   -.9471E+01   -.9441E+01   -.9403E+01   -.9164E+01   -.9529E+01   -.1050E+02   -.3526E+01   -.3001E+01   -.8093E+00   -.1222E+01   -.1173E+01   -.1307E+01   -.1221E+01   -.1279E+01   -.1224E+01   -.1264E+01   -.1281E+01   -.1308E+01   -.1417E+01   -.1434E+01   -.1447E+01   -.1460E+01   -.1470E+01   -.1481E+01   -.1488E+01   -.1493E+01   -.3176E+01   -.3540E+01   -.3634E+01   -.3665E+01   -.3675E+01   -.3677E+01   -.3676E+01   -.3673E+01   -.3670E+01   -.3667E+01   -.3664E+01   -.3661E+01   -.3658E+01   -.3656E+01   -.3653E+01   -.3651E+01   -.3649E+01   -.3648E+01   -.3646E+01   -.3645E+01   -.3644E+01   -.3643E+01   -.3642E+01   -.3641E+01   -.3640E+01   -.3639E+01   -.3638E+01   -.3638E+01   -.3637E+01   -.3636E+01
0.1690E+02   -.9001E+01   -.9001E+01   -.9001E+01   -.9002E+01   -.9002E+01   -.9002E+01   -.9002E+01   -.9003E+01   -.9003E+01   -.9003E+01   -.9003E+01   -.9004E+01   -.9004E+01   -.9004E+01   -.9005E+01   -.9005E+01   -.9005E+01   -.9006E+01   -.9006E+01   -.9007E+01   -.9007E+01   -.9008E+01   -.9008E+01   -.9009E+01   -.9009E+01   -.9010E+01   -.9011E+01   -.9011E+01   -.9012E+01   -.9013E+01   -.9014E+01   -.9015E+01   -.9016E+01   -.9017E+01   -.9018E+01   -.9019E+01   -.9020E+01   -.9021E+01   -.9023E+01   -.9024E+01   -.9026E+01   -.9028E+01   -.9030E+01   -.9032E+01   -.9034E+01   -.9036E+01   -.9039E+01   -.9042E+01   -.9045E+01   -.9048E+01   -.9052E+01   -.9056E+01   -.9060E+01   -.9066E+01   -.9070E+01   -.9077E+01   -.9083E+01   -.9092E+01   -.9099E+01   -.9111E+01   -.9120E+01   -.9135E+01   -.9147E+01   -.9169E+01   -.9192E+01   -.9193E+01   -.9194E+01   -.9222E+01   -.9244E+01   -.9284E+01   -.9315E+01   -.9367E+01   -.9402E+01   -.9454E+01   -.9452E+01   -.9425E+01   -.9229E+01   -.9367E+01   -.1044E+02   -.5743E+01   -.3246E+01   -.1487E+01   -.1093E+01   -.1184E+01   -.1267E+01   -.1246E+01   -.1263E+01   -.1240E+01   -.1251E+01   -.1275E+01   -.1296E+01   -.1382E+01   -.1428E+01   -.1442E+01   -.1456E+01   -.1466E+01   -.1477E+01   -.1486E+01   -.1494E+01   -.1498E+01   -.3181E+01   -.3544E+01   -.3638E+01   -.3669E+01   -.3679E+01   -.3681E+01   -.3680E+01   -.3677E+01   -.3674E+01   -.3670E+01   -.3667E+01   -.3664E+01   -.3662E+01   -.3659E+01   -.3657E+01   -.3655E+01   -.3653E+01   -.3651E+01   -.3650E+01   -.3648E+01   -.3647E+01   -.3646E+01   -.3645E+01   -.3644E+01   -.3643E+01   -.3642E+01   -.3642E+01   -.3641E+01   -.3640E+01   -.3640E+01
0.1712E+02   -.9001E+01   -.9001E+01   -.9001E+01   -.9002E+01   -.9002E+01   -.9002E+01   -.9002E+01   -.9003E+01   -.9003E+01   -.9003E+01   -.9003E+01   -.9004E+01   -.9004E+01   -.9004E+01   -.9005E+01   -.9005E+01   -.9006E+01   -.9006E+01   -.9006E+01   -.9007E+01   -.9007E+01   -.9008E+01   -.9008E+01   -.9009E+01   -.9010E+01   -.9010E+01   -.9011E+01   -.9012E+01   -.9013E+01   -.9013E+01   -.9014E+01   -.9015E+01   -.9016E+01   -.9017E+01   -.9018E+01   -.9020E+01   -.9021E+01   -.9022E+01   -.9024E+01   -.9025E+01   -.9027E+01   -.9029E+01   -.9031E+01   -.9033E+01   -.9036E+01   -.9038E+01   -.9041E+01   -.9044E+01   -.9047E+01   -.9051E+01   -.9055E+01   -.9059E+01   -.9063E+01   -.9069E+01   -.9074E+01   -.9081E+01   -.9088E+01   -.9097E+01   -.9106E+01   -.9118E+01   -.9128E+01   -.9144E+01   -.9159E+01   -.9181E+01   -.9207E+01   -.9209E+01   -.9209E+01   -.9239E+01   -.9267E+01   -.9307E+01   -.9345E+01   -.9395E+01   -.9432E+01   -.9463E+01   -.9434E+01   -.9324E+01   -.9259E+01   -.9953E+01   -.8305E+01   -.3397E+01   -.2302E+01   -.9409E+00   -.1204E+01   -.1217E+01   -.1278E+01   -.1241E+01   -.1261E+01   -.1236E+01   -.1270E+01   -.1289E+01   -.1342E+01   -.1422E+01   -.1438E+01   -.1451E+01   -.1463E+01   -.1473E+01   -.1483E+01   -.1491E+01   -.1499E+01   -.1503E+01   -.3185E+01   -.3549E+01   -.3643E+01   -.3675E+01   -.3685E+01   -.3687E+01   -.3686E+01   -.3683E+01   -.3680E+01   -.3677E+01   -.3673E+01   -.3670E+01   -.3668E+01   -.3665E+01   -.3663E+01   -.3661E+01   -.3659E+01   -.3657E+01   -.3656E+01   -.3655E+01   -.3653E+01   -.3652E+01   -.3651E+01   -.3650E+01   -.3649E+01   -.3649E+01   -.3648E+01   -.3647E+01   -.3647E+01   -.3646E+01
0.1733E+02   -.9001E+01   -.9001E+01   -.9002E+01   -.9002E+01   -.9002E+01   -.9002E+01   -.9002E+01   -.9003E+01   -.9003E+01   -.9003E+01   -.9004E+01   -.9004E+01   -.9004E+01   -.9005E+01   -.9005E+01   -.9005E+01   -.9006E+01   -.9006E+01   -.9007E+01   -.9007E+01   -.9008E+01   -.9008E+01   -.9009E+01   -.9009E+01   -.9010E+01   -.9011E+01   -.9012E+01   -.9012E+01   -.9013E+01   -.9014E+01   -.9015E+01   -.9016E+01   -.9017E+01   -.9018E+01   -.9019E+01   -.9020E+01   -.9022E+01   -.9023E+01   -.9025E+01   -.9027E+01   -.9028E+01   -.9030E+01   -.9032E+01   -.9035E+01   -.9037E+01   -.9040E+01   -.9043E+01   -.9046E+01   -.9049E+01   -.9053E+01   -.9057E+01   -.9062E+01   -.9067E+01   -.9071E+01   -.9080E+01   -.9084E+01   -.9096E+01   -.9100E+01   -.9115E+01   -.9121E+01   -.9142E+01   -.9150E+01   -.9177E+01   -.9188E+01   -.9225E+01   -.9227E+01   -.9227E+01   -.9246E+01   -.9297E+01   -.9321E+01   -.9386E+01   -.9409E+01   -.9474E+01   -.9444E+01   -.9418E+01   -.9150E+01   -.9461E+01   -.1087E+02   -.3548E+01   -.3116E+01   -.7873E+00   -.1225E+01   -.1166E+01   -.1312E+01   -.1218E+01   -.1282E+01   -.1222E+01   -.1264E+01   -.1281E+01   -.1303E+01   -.1416E+01   -.1434E+01   -.1446E+01   -.1460E+01   -.1469E+01   -.1480E+01   -.1488E+01   -.1497E+01   -.1503E+01   -.1507E+01   -.3191E+01   -.3556E+01   -.3651E+01   -.3682E+01   -.3693E+01   -.3695E+01   -.3694E+01   -.3692E+01   -.3688E+01   -.3685E+01   -.3682E+01   -.3679E+01   -.3677E+01   -.3674E+01   -.3672E+01   -.3670E+01   -.3668E+01   -.3666E+01   -.3665E+01   -.3663E+01   -.3662E+01   -.3661E+01   -.3660E+01   -.3659E+01   -.3658E+01   -.3658E+01   -.3657E+01   -.3656E+01   -.3656E+01   -.3655E+01
0.1755E+02   -.9001E+01   -.9001E+01   -.9002E+01   -.9002E+01   -.9002E+01   -.9002E+01   -.9003E+01   -.9003E+01   -.9003E+01   -.9003E+01   -.9004E+01   -.9004E+01   -.9005E+01   -.9005E+01   -.9005E+01   -.9006E+01   -.9006E+01   -.9007E+01   -.9007E+01   -.9008E+01   -.9008E+01   -.9009E+01   -.9009E+01   -.9010E+01   -.9011E+01   -.9011E+01   -.9012E+01   -.9013E+01   -.9014E+01   -.9015E+01   -.9016E+01   -.9017E+01   -.9018E+01   -.9019E+01   -.9020E+01   -.9021E+01   -.9023E+01   -.9024E+01   -.9026E+01   -.9028E+01   -.9030E+01   -.9032E+01   -.9034E+01   -.9036E+01   -.9039E+01   -.9042E+01   -.9045E+01   -.9048E+01   -.9052E+01   -.9056E+01   -.9060E+01   -.9065E+01   -.9070E+01   -.9077E+01   -.9083E+01   -.9091E+01   -.9099E+01   -.9110E+01   -.9119E+01   -.9135E+01   -.9147E+01   -.9167E+01   -.9184E+01   -.9212E+01   -.9244E+01   -.9245E+01   -.9246E+01   -.9284E+01   -.9316E+01   -.9366E+01   -.9403E+01   -.9453E+01   -.9455E+01   -.9428E+01   -.9245E+01   -.9353E+01   -.1038E+02   -.6109E+01   -.3269E+01   -.1603E+01   -.1072E+01   -.1187E+01   -.1260E+01   -.1251E+01   -.1260E+01   -.1243E+01   -.1249E+01   -.1275E+01   -.1296E+01   -.1377E+01   -.1428E+01   -.1442E+01   -.1455E+01   -.1466E+01   -.1477E+01   -.1485E+01   -.1494E+01   -.1501E+01   -.1508E+01   -.1511E+01   -.3195E+01   -.3559E+01   -.3654E+01   -.3685E+01   -.3696E+01   -.3698E+01   -.3697E+01   -.3694E+01   -.3691E+01   -.3688E+01   -.3685E+01   -.3682E+01   -.3679E+01   -.3677E+01   -.3675E+01   -.3673E+01   -.3671E+01   -.3669E+01   -.3668E+01   -.3666E+01   -.3665E+01   -.3664E+01   -.3663E+01   -.3662E+01   -.3661E+01   -.3660E+01   -.3660E+01   -.3659E+01   -.3658E+01   -.3658E+01
0.1777E+02   -.9001E+01   -.9001E+01   -.9002E+01   -.9002E+01   -.9002E+01   -.9002E+01   -.9003E+01   -.9003E+01   -.9003E+01   -.9004E+01   -.9004E+01   -.9004E+01   -.9005E+01   -.9005E+01   -.9006E+01   -.9006E+01   -.9006E+01   -.9007E+01   -.9007E+01   -.9008E+01   -.9008E+01   -.9009E+01   -.9010E+01   -.9010E+01   -.9011E+01   -.9012E+01   -.9013E+01   -.9013E+01   -.9014E+01   -.9015E+01   -.9016E+01   -.9017E+01   -.9018E+01   -.9020E+01   -.9021E+01   -.9022E+01   -.9024E+01   -.9025E+01   -.9027E+01   -.9029E+01   -.9031E+01   -.9033E+01   -.9035E+01   -.9038E+01   -.9041E+01   -.9044E+01   -.9047E+01   -.9050E+01   -.9054E+01   -.9059E+01   -.9063E+01   -.9069E+01   -.9074E+01   -.9081E+01   -.9088E+01   -.9097E+01   -.9105E+01   -.9117E+01   -.9128E+01   -.9144E+01   -.9158E+01   -.9180E+01   -.9199E+01   -.9230E+01   -.9265E+01   -.9267E+01   -.9268E+01   -.9309E+01   -.9344E+01   -.9396E+01   -.9431E+01   -.9467E+01   -.9438E+01   -.9339E+01   -.9245E+01   -.9885E+01   -.8672E+01   -.3416E+01   -.2420E+01   -.9185E+00   -.1207E+01   -.1210E+01   -.1283E+01   -.1238E+01   -.1264E+01   -.1234E+01   -.1269E+01   -.1289E+01   -.1338E+01   -.1421E+01   -.1438E+01   -.1450E+01   -.1463E+01   -.1473E+01   -.1483E+01   -.1491E+01   -.1499E+01   -.1505E+01   -.1511E+01   -.1515E+01   -.3198E+01   -.3563E+01   -.3658E+01   -.3690E+01   -.3700E+01   -.3703E+01   -.3702E+01   -.3699E+01   -.3696E+01   -.3693E+01   -.3689E+01   -.3687E+01   -.3684E+01   -.3681E+01   -.3679E+01   -.3677E+01   -.3675E+01   -.3674E+01   -.3672E+01   -.3671E+01   -.3670E+01   -.3668E+01   -.3667E+01   -.3666E+01   -.3666E+01   -.3665E+01   -.3664E+01   -.3663E+01   -.3663E+01   -.3662E+01
0.1798E+02   -.9001E+01   -.9001E+01   -.9002E+01   -.9002E+01   -.9002E+01   -.9003E+01   -.9003E+01   -.9003E+01   -.9003E+01   -.9004E+01   -.9004E+01   -.9005E+01   -.9005E+01   -.9005E+01   -.9006E+01   -.9006E+01   -.9007E+01   -.9007E+01   -.9008E+01   -.9008E+01   -.9009E+01   -.9009E+01   -.9010E+01   -.9011E+01   -.9012E+01   -.9012E+01   -.9013E+01   -.9014E+01   -.9015E+01   -.9016E+01   -.9017E+01   -.9018E+01   -.9019E+01   -.9020E+01   -.9022E+01   -.9023E+01   -.9025E+01   -.9027E+01   -.9028E+01   -.9030E+01   -.9032E+01   -.9035E+01   -.9037E+01   -.9040E+01   -.9043E+01   -.9046E+01   -.9049E+01   -.9053E+01   -.9057E+01   -.9062E+01   -.9067E+01   -.9072E+01   -.9079E+01   -.9084E+01   -.9095E+01   -.9100E+01   -.9115E+01   -.9121E+01   -.9141E+01   -.9150E+01   -.9175E+01   -.9188E+01   -.9223E+01   -.9241E+01   -.9289E+01   -.9291E+01   -.9292E+01   -.9318E+01   -.9382E+01   -.9409E+01   -.9472E+01   -.9447E+01   -.9421E+01   -.9166E+01   -.9448E+01   -.1080E+02   -.3914E+01   -.3134E+01   -.9041E+00   -.1201E+01   -.1168E+01   -.1304E+01   -.1222E+01   -.1279E+01   -.1224E+01   -.1261E+01   -.1281E+01   -.1303E+01   -.1410E+01   -.1433E+01   -.1445E+01   -.1459E+01   -.1469E+01   -.1480E+01   -.1487E+01   -.1496E+01   -.1502E+01   -.1509E+01   -.1514E+01   -.1518E+01   -.3202E+01   -.3568E+01   -.3663E+01   -.3695E+01   -.3706E+01   -.3709E+01   -.3708E+01   -.3705E+01   -.3702E+01   -.3699E+01   -.3696E+01   -.3693E+01   -.3690E+01   -.3688E+01   -.3686E+01   -.3684E+01   -.3682E+01   -.3680E+01   -.3679E+01   -.3677E+01   -.3676E+01   -.3675E+01   -.3674E+01   -.3673E+01   -.3672E+01   -.3672E+01   -.3671E+01   -.3670E+01   -.3670E+01   -.3669E+01
0.1820E+02   -.9001E+01   -.9001E+01   -.9002E+01   -.9002E+01   -.9002E+01   -.9003E+01   -.9003E+01   -.9003E+01   -.9004E+01   -.9004E+01   -.9004E+01   -.9005E+01   -.9005E+01   -.9006E+01   -.9006E+01   -.9006E+01   -.9007E+01   -.9007E+01   -.9008E+01   -.9009E+01   -.9009E+01   -.9010E+01   -.9011E+01   -.9011E+01   -.9012E+01   -.9013E+01   -.9014E+01   -.9015E+01   -.9016E+01   -.9017E+01   -.9018E+01   -.9019E+01   -.9020E+01   -.9021E+01   -.9023E+01   -.9024E+01   -.9026E+01   -.9028E+01   -.9030E+01   -.9032E+01   -.9034E+01   -.9036E+01   -.9039E+01   -.9041E+01   -.9045E+01   -.9048E+01   -.9052E+01   -.9056E+01   -.9060E+01   -.9065E+01   -.9070E+01   -.9077E+01   -.9083E+01   -.9091E+01   -.9099E+01   -.9109E+01   -.9119E+01   -.9134E+01   -.9147E+01   -.9166E+01   -.9184E+01   -.9211E+01   -.9235E+01   -.9272E+01   -.9315E+01   -.9317E+01   -.9318E+01   -.9365E+01   -.9404E+01   -.9452E+01   -.9459E+01   -.9432E+01   -.9261E+01   -.9341E+01   -.1031E+02   -.6475E+01   -.3293E+01   -.1717E+01   -.1051E+01   -.1189E+01   -.1254E+01   -.1256E+01   -.1257E+01   -.1247E+01   -.1248E+01   -.1277E+01   -.1297E+01   -.1372E+01   -.1427E+01   -.1442E+01   -.1455E+01   -.1466E+01   -.1477E+01   -.1486E+01   -.1494E+01   -.1501E+01   -.1508E+01   -.1514E+01   -.1519E+01   -.1522E+01   -.3207E+01   -.3572E+01   -.3668E+01   -.3700E+01   -.3710E+01   -.3713E+01   -.3712E+01   -.3709E+01   -.3706E+01   -.3703E+01   -.3700E+01   -.3697E+01   -.3694E+01   -.3692E+01   -.3690E+01   -.3688E+01   -.3686E+01   -.3684E+01   -.3683E+01   -.3681E+01   -.3680E+01   -.3679E+01   -.3678E+01   -.3677E+01   -.3676E+01   -.3676E+01   -.3675E+01   -.3674E+01   -.3674E+01   -.3673E+01
0.1842E+02   -.9001E+01   -.9002E+01   -.9002E+01   -.9002E+01   -.9002E+01   -.9003E+01   -.9003E+01   -.9003E+01   -.9004E+01   -.9004E+01   -.9005E+01   -.9005E+01   -.9005E+01   -.9006E+01   -.9006E+01   -.9007E+01   -.9007E+01   -.9008E+01   -.9008E+01   -.9009E+01   -.9010E+01   -.9010E+01   -.9011E+01   -.9012E+01   -.9013E+01   -.9013E+01   -.9014E+01   -.9015E+01   -.9016E+01   -.9017E+01   -.9018E+01   -.9020E+01   -.9021E+01   -.9022E+01   -.9024E+01   -.9025E+01   -.9027E+01   -.9029E+01   -.9031E+01   -.9033E+01   -.9035E+01   -.9038E+01   -.9040E+01   -.9043E+01   -.9047E+01   -.9050E+01   -.9054E+01   -.9058E+01   -.9063E+01   -.9068E+01   -.9074E+01   -.9081E+01   -.9087E+01   -.9097E+01   -.9104E+01   -.9117E+01   -.9127E+01   -.9144E+01   -.9157E+01   -.9180E+01   -.9198E+01   -.9229E+01   -.9255E+01   -.9298E+01   -.9343E+01   -.9344E+01   -.9345E+01   -.9399E+01   -.9431E+01   -.9472E+01   -.9442E+01   -.9356E+01   -.9233E+01   -.9818E+01   -.9040E+01   -.3437E+01   -.2539E+01   -.8948E+00   -.1212E+01   -.1201E+01   -.1289E+01   -.1234E+01   -.1268E+01   -.1232E+01   -.1268E+01   -.1290E+01   -.1333E+01   -.1421E+01   -.1438E+01   -.1450E+01   -.1463E+01   -.1473E+01   -.1483E+01   -.1491E+01   -.1499E+01   -.1505E+01   -.1512E+01   -.1517E+01   -.1523E+01   -.1526E+01   -.3210E+01   -.3575E+01   -.3671E+01   -.3703E+01   -.3714E+01   -.3716E+01   -.3715E+01   -.3713E+01   -.3710E+01   -.3706E+01   -.3703E+01   -.3701E+01   -.3698E+01   -.3695E+01   -.3693E+01   -.3691E+01   -.3689E+01   -.3688E+01   -.3686E+01   -.3685E+01   -.3684E+01   -.3683E+01   -.3681E+01   -.3681E+01   -.3680E+01   -.3679E+01   -.3678E+01   -.3678E+01   -.3677E+01   -.3676E+01
0.1863E+02   -.9001E+01   -.9002E+01   -.9002E+01   -.9002E+01   -.9003E+01   -.9003E+01   -.9003E+01   -.9004E+01   -.9004E+01   -.9004E+01   -.9005E+01   -.9005E+01   -.9006E+01   -.9006E+01   -.9007E+01   -.9007E+01   -.9008E+01   -.9008E+01   -.9009E+01   -.9009E+01   -.9010E+01   -.9011E+01   -.9011E+01   -.9012E+01   -.9013E+01   -.9014E+01   -.9015E+01   -.9016E+01   -.9017E+01   -.9018E+01   -.9019E+01   -.9020E+01   -.9022E+01   -.9023E+01   -.9025E+01   -.9026E+01   -.9028E+01   -.9030E+01   -.9032E+01   -.9034E+01   -.9037E+01   -.9039E+01   -.9042E+01   -.9045E+01   -.9049E+01   -.9053E+01   -.9057E+01   -.9061E+01   -.9067E+01   -.9072E+01   -.9078E+01   -.9085E+01   -.9094E+01   -.9101E+01   -.9114E+01   -.9122E+01   -.9140E+01   -.9149E+01   -.9174E+01   -.9188E+01   -.9222E+01   -.9241E+01   -.9287E+01   -.9313E+01   -.9373E+01   -.9375E+01   -.9376E+01   -.9406E+01   -.9468E+01   -.9449E+01   -.9424E+01   -.9182E+01   -.9436E+01   -.1073E+02   -.4278E+01   -.3153E+01   -.1022E+01   -.1175E+01   -.1172E+01   -.1293E+01   -.1227E+01   -.1273E+01   -.1227E+01   -.1257E+01   -.1277E+01   -.1303E+01   -.1403E+01   -.1430E+01   -.1443E+01   -.1457E+01   -.1467E+01   -.1478E+01   -.1486E+01   -.1494E+01   -.1500E+01   -.1508E+01   -.1513E+01   -.1519E+01   -.1523E+01   -.1526E+01   -.3211E+01   -.3577E+01   -.3672E+01   -.3705E+01   -.3716E+01   -.3719E+01   -.3718E+01   -.3715E+01   -.3712E+01   -.3709E+01   -.3706E+01   -.3703E+01   -.3700E+01   -.3698E+01   -.3696E+01   -.3694E+01   -.3692E+01   -.3690E+01   -.3689E+01   -.3688E+01   -.3686E+01   -.3685E+01   -.3684E+01   -.3683E+01   -.3682E+01   -.3682E+01   -.3681E+01   -.3680E+01   -.3680E+01   -.3679E+01
0.1885E+02   -.9001E+01   -.9002E+01   -.9002E+01   -.9002E+01   -.9003E+01   -.9003E+01   -.9003E+01   -.9004E+01   -.9004E+01   -.9005E+01   -.9005E+01   -.9005E+01   -.9006E+01   -.9006E+01   -.9007E+01   -.9007E+01   -.9008E+01   -.9009E+01   -.9009E+01   -.9010E+01   -.9010E+01   -.9011E+01   -.9012E+01   -.9013E+01   -.9014E+01   -.9015E+01   -.9016E+01   -.9017E+01   -.9018E+01   -.9019E+01   -.9020E+01   -.9021E+01   -.9023E+01   -.9024E+01   -.9026E+01   -.9028E+01   -.9030E+01   -.9032E+01   -.9034E+01   -.9036E+01   -.9039E+01   -.9041E+01   -.9044E+01   -.9048E+01   -.9051E+01   -.9055E+01   -.9060E+01   -.9065E+01   -.9070E+01   -.9076E+01   -.9083E+01   -.9091E+01   -.9099E+01   -.9109E+01   -.9119E+01   -.9133E+01   -.9146E+01   -.9165E+01   -.9184E+01   -.9209E+01   -.9235E+01   -.9270E+01   -.9305E+01   -.9351E+01   -.9403E+01   -.9405E+01   -.9406E+01   -.9453E+01   -.9464E+01   -.9437E+01   -.9278E+01   -.9329E+01   -.1024E+02   -.6847E+01   -.3311E+01   -.1831E+01   -.1032E+01   -.1189E+01   -.1251E+01   -.1258E+01   -.1257E+01   -.1248E+01   -.1248E+01   -.1281E+01   -.1295E+01   -.1369E+01   -.1428E+01   -.1443E+01   -.1456E+01   -.1467E+01   -.1478E+01   -.1487E+01   -.1495E+01   -.1502E+01   -.1509E+01   -.1515E+01   -.1520E+01   -.1525E+01   -.1530E+01   -.1533E+01   -.3218E+01   -.3584E+01   -.3679E+01   -.3712E+01   -.3723E+01   -.3726E+01   -.3725E+01   -.3722E+01   -.3719E+01   -.3716E+01   -.3713E+01   -.3710E+01   -.3707E+01   -.3705E+01   -.3703E+01   -.3701E+01   -.3699E+01   -.3697E+01   -.3696E+01   -.3695E+01   -.3693E+01   -.3692E+01   -.3691E+01   -.3690E+01   -.3689E+01   -.3689E+01   -.3688E+01   -.3687E+01   -.3687E+01   -.3686E+01
0.1907E+02   -.9001E+01   -.9002E+01   -.9002E+01   -.9002E+01   -.9003E+01   -.9003E+01   -.9003E+01   -.9004E+01   -.9004E+01   -.9005E+01   -.9005E+01   -.9006E+01   -.9006E+01   -.9007E+01   -.9007E+01   -.9008E+01   -.9008E+01   -.9009E+01   -.9010E+01   -.9010E+01   -.9011E+01   -.9012E+01   -.9012E+01   -.9013E+01   -.9014E+01   -.9015E+01   -.9016E+01   -.9017E+01   -.9018E+01   -.9020E+01   -.9021E+01   -.9022E+01   -.9024E+01   -.9025E+01   -.9027E+01   -.9029E+01   -.9031E+01   -.9033E+01   -.9035E+01   -.9038E+01   -.9040E+01   -.9043E+01   -.9046E+01   -.9050E+01   -.9054E+01   -.9058E+01   -.9063E+01   -.9068E+01   -.9074E+01   -.9081E+01   -.9088E+01   -.9096E+01   -.9104E+01   -.9117E+01   -.9126E+01   -.9143E+01   -.9156E+01   -.9179E+01   -.9196E+01   -.9229E+01   -.9252E+01   -.9297E+01   -.9328E+01   -.9384E+01   -.9431E+01   -.9434E+01   -.9435E+01   -.9480E+01   -.9449E+01   -.9375E+01   -.9223E+01   -.9753E+01   -.9405E+01   -.3469E+01   -.2652E+01   -.8707E+00   -.1220E+01   -.1191E+01   -.1300E+01   -.1228E+01   -.1276E+01   -.1229E+01   -.1269E+01   -.1300E+01   -.1329E+01   -.1422E+01   -.1439E+01   -.1452E+01   -.1465E+01   -.1475E+01   -.1485E+01   -.1493E+01   -.1501E+01   -.1507E+01   -.1514E+01   -.1519E+01   -.1525E+01   -.1529E+01   -.1534E+01   -.1537E+01   -.3222E+01   -.3588E+01   -.3684E+01   -.3716E+01   -.3727E+01   -.3730E+01   -.3729E+01   -.3727E+01   -.3724E+01   -.3721E+01   -.3717E+01   -.3715E+01   -.3712E+01   -.3709E+01   -.3707E+01   -.3705E+01   -.3703E+01   -.3702E+01   -.3700E+01   -.3699E+01   -.3698E+01   -.3697E+01   -.3696E+01   -.3695E+01   -.3694E+01   -.3693E+01   -.3692E+01   -.3692E+01   -.3691E+01   -.3691E+01
0.1928E+02   -.9001E+01   -.9002E+01   -.9002E+01   -.9002E+01   -.9003E+01   -.9003E+01   -.9004E+01   -.9004E+01   -.9004E+01   -.9005E+01   -.9005E+01   -.9006E+01   -.9006E+01   -.9007E+01   -.9007E+01   -.9008E+01   -.9009E+01   -.9009E+01   -.9010E+01   -.9011E+01   -.9011E+01   -.9012E+01   -.9013E+01   -.9014E+01   -.9015E+01   -.9016E+01   -.9017E+01   -.9018E+01   -.9019E+01   -.9020E+01   -.9022E+01   -.9023E+01   -.9025E+01   -.9026E+01   -.9028E+01   -.9030E+01   -.9032E+01   -.9034E+01   -.9037E+01   -.9039E+01   -.9042E+01   -.9045E+01   -.9049E+01   -.9052E+01   -.9057E+01   -.9061E+01   -.9066E+01   -.9072E+01   -.9078E+01   -.9085E+01   -.9093E+01   -.9101E+01   -.9113E+01   -.9122E+01   -.9139E+01   -.9149E+01   -.9173E+01   -.9187E+01   -.9220E+01   -.9240E+01   -.9285E+01   -.9312E+01   -.9370E+01   -.9399E+01   -.9455E+01   -.9458E+01   -.9460E+01   -.9450E+01   -.9424E+01   -.9198E+01   -.9424E+01   -.1067E+02   -.4627E+01   -.3194E+01   -.1139E+01   -.1150E+01   -.1178E+01   -.1278E+01   -.1235E+01   -.1262E+01   -.1233E+01   -.1249E+01   -.1265E+01   -.1307E+01   -.1394E+01   -.1427E+01   -.1440E+01   -.1453E+01   -.1463E+01   -.1474E+01   -.1482E+01   -.1491E+01   -.1497E+01   -.1504E+01   -.1510E+01   -.1515E+01   -.1520E+01   -.1525E+01   -.1529E+01   -.1531E+01   -.3217E+01   -.3583E+01   -.3680E+01   -.3712E+01   -.3724E+01   -.3727E+01   -.3726E+01   -.3723E+01   -.3720E+01   -.3717E+01   -.3714E+01   -.3711E+01   -.3709E+01   -.3706E+01   -.3704E+01   -.3702E+01   -.3700E+01   -.3699E+01   -.3697E+01   -.3696E+01   -.3695E+01   -.3693E+01   -.3692E+01   -.3692E+01   -.3691E+01   -.3690E+01   -.3689E+01   -.3689E+01   -.3688E+01   -.3687E+01
0.1950E+02   -.9001E+01   -.9002E+01   -.9002E+01   -.9003E+01   -.9003E+01   -.9003E+01   -.9004E+01   -.9004E+01   -.9005E+01   -.9005E+01   -.9006E+01   -.9006E+01   -.9007E+01   -.9007E+01   -.9008E+01   -.9008E+01   -.9009E+01   -.9010E+01   -.9010E+01   -.9011E+01   -.9012E+01   -.9013E+01   -.9014E+01   -.9014E+01   -.9015E+01   -.9016E+01   -.9018E+01   -.9019E+01   -.9020E+01   -.9021E+01   -.9023E+01   -.9024E+01   -.9026E+01   -.9028E+01   -.9029E+01   -.9031E+01   -.9034E+01   -.9036E+01   -.9038E+01   -.9041E+01   -.9044E+01   -.9047E+01   -.9051E+01   -.9055E+01   -.9060E+01   -.9064E+01   -.9070E+01   -.9076E+01   -.9083E+01   -.9090E+01   -.9099E+01   -.9108E+01   -.9119E+01   -.9132E+01   -.9146E+01   -.9164E+01   -.9183E+01   -.9207E+01   -.9234E+01   -.9267E+01   -.9304E+01   -.9348E+01   -.9391E+01   -.9435E+01   -.9464E+01   -.9467E+01   -.9468E+01   -.9444E+01   -.9295E+01   -.9319E+01   -.1018E+02   -.7237E+01   -.3292E+01   -.1957E+01   -.1009E+01   -.1187E+01   -.1248E+01   -.1254E+01   -.1261E+01   -.1244E+01   -.1252E+01   -.1288E+01   -.1283E+01   -.1367E+01   -.1427E+01   -.1442E+01   -.1455E+01   -.1467E+01   -.1477E+01   -.1486E+01   -.1494E+01   -.1502E+01   -.1508E+01   -.1514E+01   -.1520E+01   -.1525E+01   -.1530E+01   -.1534E+01   -.1538E+01   -.1541E+01   -.3225E+01   -.3591E+01   -.3687E+01   -.3720E+01   -.3732E+01   -.3734E+01   -.3734E+01   -.3731E+01   -.3728E+01   -.3725E+01   -.3722E+01   -.3719E+01   -.3716E+01   -.3714E+01   -.3712E+01   -.3710E+01   -.3708E+01   -.3706E+01   -.3705E+01   -.3704E+01   -.3702E+01   -.3701E+01   -.3700E+01   -.3699E+01   -.3699E+01   -.3698E+01   -.3697E+01   -.3696E+01   -.3696E+01   -.3695E+01
0.1972E+02   -.9002E+01   -.9002E+01   -.9002E+01   -.9003E+01   -.9003E+01   -.9004E+01   -.9004E+01   -.9004E+01   -.9005E+01   -.9005E+01   -.9006E+01   -.9006E+01   -.9007E+01   -.9007E+01   -.9008E+01   -.9009E+01   -.9009E+01   -.9010E+01   -.9011E+01   -.9012E+01   -.9012E+01   -.9013E+01   -.9014E+01   -.9015E+01   -.9016E+01   -.9017E+01   -.9018E+01   -.9020E+01   -.9021E+01   -.9022E+01   -.9024E+01   -.9025E+01   -.9027E+01   -.9029E+01   -.9031E+01   -.9033E+01   -.9035E+01   -.9038E+01   -.9040E+01   -.9043E+01   -.9046E+01   -.9050E+01   -.9054E+01   -.9058E+01   -.9063E+01   -.9068E+01   -.9074E+01   -.9080E+01   -.9087E+01   -.9096E+01   -.9105E+01   -.9116E+01   -.9126E+01   -.9142E+01   -.9155E+01   -.9179E+01   -.9195E+01   -.9228E+01   -.9250E+01   -.9296E+01   -.9325E+01   -.9383E+01   -.9413E+01   -.9462E+01   -.9456E+01   -.9459E+01   -.9461E+01   -.9402E+01   -.9216E+01   -.9691E+01   -.9766E+01   -.3548E+01   -.2718E+01   -.8522E+00   -.1221E+01   -.1180E+01   -.1313E+01   -.1219E+01   -.1291E+01   -.1222E+01   -.1277E+01   -.1323E+01   -.1319E+01   -.1426E+01   -.1443E+01   -.1456E+01   -.1469E+01   -.1479E+01   -.1489E+01   -.1497E+01   -.1505E+01   -.1511E+01   -.1518E+01   -.1523E+01   -.1529E+01   -.1533E+01   -.1538E+01   -.1542E+01   -.1546E+01   -.1549E+01   -.3234E+01   -.3600E+01   -.3696E+01   -.3729E+01   -.3740E+01   -.3743E+01   -.3742E+01   -.3740E+01   -.3737E+01   -.3734E+01   -.3730E+01   -.3728E+01   -.3725E+01   -.3722E+01   -.3720E+01   -.3718E+01   -.3717E+01   -.3715E+01   -.3713E+01   -.3712E+01   -.3711E+01   -.3710E+01   -.3709E+01   -.3708E+01   -.3707E+01   -.3706E+01   -.3706E+01   -.3705E+01   -.3704E+01   -.3704E+01
0.1993E+02   -.9002E+01   -.9002E+01   -.9002E+01   -.9003E+01   -.9003E+01   -.9004E+01   -.9004E+01   -.9005E+01   -.9005E+01   -.9006E+01   -.9006E+01   -.9007E+01   -.9007E+01   -.9008E+01   -.9008E+01   -.9009E+01   -.9010E+01   -.9010E+01   -.9011E+01   -.9012E+01   -.9013E+01   -.9014E+01   -.9015E+01   -.9016E+01   -.9017E+01   -.9018E+01   -.9019E+01   -.9020E+01   -.9022E+01   -.9023E+01   -.9025E+01   -.9026E+01   -.9028E+01   -.9030E+01   -.9032E+01   -.9034E+01   -.9037E+01   -.9039E+01   -.9042E+01   -.9045E+01   -.9049E+01   -.9052E+01   -.9056E+01   -.9061E+01   -.9066E+01   -.9071E+01   -.9078E+01   -.9085E+01   -.9093E+01   -.9101E+01   -.9112E+01   -.9123E+01   -.9137E+01   -.9150E+01   -.9172E+01   -.9187E+01   -.9218E+01   -.9240E+01   -.9282E+01   -.9311E+01   -.9367E+01   -.9399E+01   -.9454E+01   -.9443E+01   -.9412E+01   -.9416E+01   -.9419E+01   -.9214E+01   -.9413E+01   -.1060E+02   -.4923E+01   -.3332E+01   -.1242E+01   -.1148E+01   -.1186E+01   -.1272E+01   -.1251E+01   -.1253E+01   -.1248E+01   -.1239E+01   -.1258E+01   -.1326E+01   -.1386E+01   -.1425E+01   -.1439E+01   -.1452E+01   -.1463E+01   -.1473E+01   -.1482E+01   -.1490E+01   -.1497E+01   -.1504E+01   -.1509E+01   -.1515E+01   -.1520E+01   -.1524E+01   -.1528E+01   -.1533E+01   -.1536E+01   -.1539E+01   -.3231E+01   -.3598E+01   -.3695E+01   -.3728E+01   -.3739E+01   -.3742E+01   -.3742E+01   -.3739E+01   -.3736E+01   -.3733E+01   -.3730E+01   -.3727E+01   -.3724E+01   -.3722E+01   -.3720E+01   -.3718E+01   -.3716E+01   -.3714E+01   -.3713E+01   -.3712E+01   -.3710E+01   -.3709E+01   -.3708E+01   -.3707E+01   -.3707E+01   -.3706E+01   -.3705E+01   -.3704E+01   -.3704E+01   -.3703E+01
0.2015E+02   -.9002E+01   -.9002E+01   -.9002E+01   -.9003E+01   -.9003E+01   -.9004E+01   -.9004E+01   -.9005E+01   -.9005E+01   -.9006E+01   -.9006E+01   -.9007E+01   -.9007E+01   -.9008E+01   -.9009E+01   -.9009E+01   -.9010E+01   -.9011E+01   -.9012E+01   -.9013E+01   -.9013E+01   -.9014E+01   -.9015E+01   -.9016E+01   -.9017E+01   -.9019E+01   -.9020E+01   -.9021E+01   -.9023E+01   -.9024E+01   -.9026E+01   -.9027E+01   -.9029E+01   -.9031E+01   -.9034E+01   -.9036E+01   -.9038E+01   -.9041E+01   -.9044E+01   -.9047E+01   -.9051E+01   -.9055E+01   -.9059E+01   -.9064E+01   -.9069E+01   -.9075E+01   -.9082E+01   -.9090E+01   -.9098E+01   -.9108E+01   -.9119E+01   -.9132E+01   -.9146E+01   -.9163E+01   -.9183E+01   -.9206E+01   -.9233E+01   -.9265E+01   -.9303E+01   -.9345E+01   -.9390E+01   -.9432E+01   -.9454E+01   -.9425E+01   -.9302E+01   -.9306E+01   -.9308E+01   -.9310E+01   -.1012E+02   -.7680E+01   -.3136E+01   -.2153E+01   -.9533E+00   -.1199E+01   -.1227E+01   -.1252E+01   -.1254E+01   -.1232E+01   -.1251E+01   -.1272E+01   -.1263E+01   -.1364E+01   -.1416E+01   -.1431E+01   -.1444E+01   -.1456E+01   -.1467E+01   -.1476E+01   -.1484E+01   -.1492E+01   -.1498E+01   -.1504E+01   -.1510E+01   -.1515E+01   -.1520E+01   -.1524E+01   -.1528E+01   -.1532E+01   -.1535E+01   -.1538E+01   -.3219E+01   -.3585E+01   -.3682E+01   -.3715E+01   -.3726E+01   -.3729E+01   -.3729E+01   -.3726E+01   -.3723E+01   -.3720E+01   -.3717E+01   -.3714E+01   -.3711E+01   -.3709E+01   -.3707E+01   -.3705E+01   -.3703E+01   -.3701E+01   -.3700E+01   -.3699E+01   -.3697E+01   -.3696E+01   -.3695E+01   -.3694E+01   -.3693E+01   -.3693E+01   -.3692E+01   -.3691E+01   -.3691E+01   -.3690E+01
0.2037E+02   -.9002E+01   -.9002E+01   -.9003E+01   -.9003E+01   -.9003E+01   -.9004E+01   -.9004E+01   -.9005E+01   -.9005E+01   -.9006E+01   -.9007E+01   -.9007E+01   -.9008E+01   -.9008E+01   -.9009E+01   -.9010E+01   -.9011E+01   -.9011E+01   -.9012E+01   -.9013E+01   -.9014E+01   -.9015E+01   -.9016E+01   -.9017E+01   -.9018E+01   -.9019E+01   -.9021E+01   -.9022E+01   -.9024E+01   -.9025E+01   -.9027E+01   -.9029E+01   -.9031E+01   -.9033E+01   -.9035E+01   -.9037E+01   -.9040E+01   -.9043E+01   -.9046E+01   -.9050E+01   -.9053E+01   -.9058E+01   -.9062E+01   -.9067E+01   -.9073E+01   -.9080E+01   -.9087E+01   -.9095E+01   -.9104E+01   -.9115E+01   -.9127E+01   -.9141E+01   -.9155E+01   -.9177E+01   -.9193E+01   -.9227E+01   -.9248E+01   -.9294E+01   -.9323E+01   -.9382E+01   -.9410E+01   -.9464E+01   -.9434E+01   -.9384E+01   -.9223E+01   -.9227E+01   -.9229E+01   -.9636E+01   -.1012E+02   -.3779E+01   -.2572E+01   -.8559E+00   -.1159E+01   -.1178E+01   -.1287E+01   -.1208E+01   -.1281E+01   -.1207E+01   -.1282E+01   -.1317E+01   -.1298E+01   -.1419E+01   -.1436E+01   -.1449E+01   -.1462E+01   -.1472E+01   -.1483E+01   -.1490E+01   -.1499E+01   -.1505E+01   -.1512E+01   -.1517E+01   -.1523E+01   -.1527E+01   -.1532E+01   -.1536E+01   -.1540E+01   -.1543E+01   -.1547E+01   -.1549E+01   -.3222E+01   -.3586E+01   -.3682E+01   -.3715E+01   -.3727E+01   -.3730E+01   -.3729E+01   -.3727E+01   -.3724E+01   -.3721E+01   -.3718E+01   -.3715E+01   -.3712E+01   -.3710E+01   -.3707E+01   -.3705E+01   -.3704E+01   -.3702E+01   -.3701E+01   -.3699E+01   -.3698E+01   -.3697E+01   -.3696E+01   -.3695E+01   -.3694E+01   -.3693E+01   -.3693E+01   -.3692E+01   -.3691E+01   -.3691E+01
0.2058E+02   -.9002E+01   -.9002E+01   -.9003E+01   -.9003E+01   -.9004E+01   -.9004E+01   -.9005E+01   -.9005E+01   -.9006E+01   -.9006E+01   -.9007E+01   -.9007E+01   -.9008E+01   -.9009E+01   -.9009E+01   -.9010E+01   -.9011E+01   -.9012E+01   -.9013E+01   -.9014E+01   -.9015E+01   -.9016E+01   -.9017E+01   -.9018E+01   -.9019E+01   -.9020E+01   -.9022E+01   -.9023E+01   -.9025E+01   -.9026E+01   -.9028E+01   -.9030E+01   -.9032E+01   -.9034E+01   -.9037E+01   -.9039E+01   -.9042E+01   -.9045E+01   -.9048E+01   -.9052E+01   -.9056E+01   -.9060E+01   -.9065E+01   -.9071E+01   -.9077E+01   -.9084E+01   -.9092E+01   -.9101E+01   -.9111E+01   -.9122E+01   -.9136E+01   -.9150E+01   -.9169E+01   -.9187E+01   -.9216E+01   -.9239E+01   -.9280E+01   -.9310E+01   -.9364E+01   -.9398E+01   -.9451E+01   -.9445E+01   -.9417E+01   -.9210E+01   -.9485E+01   -.9491E+01   -.9493E+01   -.1053E+02   -.5052E+01   -.3827E+01   -.1270E+01   -.1262E+01   -.1181E+01   -.1358E+01   -.1273E+01   -.1318E+01   -.1282E+01   -.1293E+01   -.1355E+01   -.1388E+01   -.1439E+01   -.1485E+01   -.1499E+01   -.1512E+01   -.1523E+01   -.1534E+01   -.1542E+01   -.1551E+01   -.1557E+01   -.1564E+01   -.1570E+01   -.1576E+01   -.1580E+01   -.1585E+01   -.1589E+01   -.1593E+01   -.1597E+01   -.1601E+01   -.1604E+01   -.1606E+01   -.3320E+01   -.3690E+01   -.3788E+01   -.3821E+01   -.3833E+01   -.3836E+01   -.3835E+01   -.3833E+01   -.3830E+01   -.3827E+01   -.3824E+01   -.3821E+01   -.3818E+01   -.3816E+01   -.3814E+01   -.3812E+01   -.3810E+01   -.3808E+01   -.3807E+01   -.3806E+01   -.3804E+01   -.3803E+01   -.3802E+01   -.3801E+01   -.3800E+01   -.3800E+01   -.3799E+01   -.3798E+01   -.3798E+01   -.3797E+01
0.2080E+02   -.9002E+01   -.9002E+01   -.9003E+01   -.9003E+01   -.9004E+01   -.9004E+01   -.9005E+01   -.9005E+01   -.9006E+01   -.9007E+01   -.9007E+01   -.9008E+01   -.9008E+01   -.9009E+01   -.9010E+01   -.9011E+01   -.9011E+01   -.9012E+01   -.9013E+01   -.9014E+01   -.9015E+01   -.9016E+01   -.9017E+01   -.9018E+01   -.9020E+01   -.9021E+01   -.9022E+01   -.9024E+01   -.9026E+01   -.9027E+01   -.9029E+01   -.9031E+01   -.9033E+01   -.9036E+01   -.9038E+01   -.9041E+01   -.9044E+01   -.9047E+01   -.9051E+01   -.9055E+01   -.9059E+01   -.9064E+01   -.9069E+01   -.9075E+01   -.9082E+01   -.9089E+01   -.9098E+01   -.9107E+01   -.9118E+01   -.9131E+01   -.9145E+01   -.9162E+01   -.9182E+01   -.9204E+01   -.9233E+01   -.9263E+01   -.9302E+01   -.9342E+01   -.9390E+01   -.9429E+01   -.9456E+01   -.9427E+01   -.9304E+01   -.9268E+01   -.1014E+02   -.1014E+02   -.1015E+02   -.8274E+01   -.2239E+01   -.2643E+01   -.7644E+00   -.1309E+01   -.1099E+01   -.1314E+01   -.1160E+01   -.1264E+01   -.1173E+01   -.1240E+01   -.1266E+01   -.1290E+01   -.1371E+01   -.1379E+01   -.1400E+01   -.1412E+01   -.1422E+01   -.1432E+01   -.1440E+01   -.1448E+01   -.1454E+01   -.1460E+01   -.1466E+01   -.1471E+01   -.1475E+01   -.1480E+01   -.1484E+01   -.1488E+01   -.1491E+01   -.1495E+01   -.1498E+01   -.1500E+01   -.3175E+01   -.3541E+01   -.3638E+01   -.3671E+01   -.3683E+01   -.3686E+01   -.3685E+01   -.3683E+01   -.3680E+01   -.3677E+01   -.3674E+01   -.3671E+01   -.3668E+01   -.3666E+01   -.3664E+01   -.3662E+01   -.3660E+01   -.3658E+01   -.3657E+01   -.3655E+01   -.3654E+01   -.3653E+01   -.3652E+01   -.3651E+01   -.3650E+01   -.3650E+01   -.3649E+01   -.3648E+01   -.3648E+01   -.3647E+01
0.2102E+02   -.9002E+01   -.9002E+01   -.9003E+01   -.9003E+01   -.9004E+01   -.9004E+01   -.9005E+01   -.9006E+01   -.9006E+01   -.9007E+01   -.9007E+01   -.9008E+01   -.9009E+01   -.9010E+01   -.9010E+01   -.9011E+01   -.9012E+01   -.9013E+01   -.9014E+01   -.9015E+01   -.9016E+01   -.9017E+01   -.9018E+01   -.9019E+01   -.9021E+01   -.9022E+01   -.9023E+01   -.9025E+01   -.9027E+01   -.9029E+01   -.9030E+01   -.9033E+01   -.9035E+01   -.9037E+01   -.9040E+01   -.9043E+01   -.9046E+01   -.9049E+01   -.9053E+01   -.9057E+01   -.9062E+01   -.9067E+01   -.9073E+01   -.9079E+01   -.9086E+01   -.9094E+01   -.9104E+01   -.9114E+01   -.9126E+01   -.9140E+01   -.9156E+01   -.9175E+01   -.9194E+01   -.9225E+01   -.9246E+01   -.9293E+01   -.9320E+01   -.9381E+01   -.9407E+01   -.9466E+01   -.9437E+01   -.9398E+01   -.9160E+01   -.9524E+01   -.1050E+02   -.1051E+02   -.1051E+02   -.4419E+01   -.9218E+00   -.8923E+00   -.7875E+00   -.1181E+01   -.9943E+00   -.1177E+01   -.1030E+01   -.1150E+01   -.1045E+01   -.1141E+01   -.1123E+01   -.1133E+01   -.1220E+01   -.1213E+01   -.1246E+01   -.1255E+01   -.1266E+01   -.1273E+01   -.1282E+01   -.1288E+01   -.1295E+01   -.1300E+01   -.1306E+01   -.1310E+01   -.1315E+01   -.1319E+01   -.1323E+01   -.1326E+01   -.1330E+01   -.1333E+01   -.1336E+01   -.1338E+01   -.2941E+01   -.3298E+01   -.3393E+01   -.3426E+01   -.3438E+01   -.3441E+01   -.3441E+01   -.3438E+01   -.3435E+01   -.3432E+01   -.3429E+01   -.3426E+01   -.3423E+01   -.3421E+01   -.3419E+01   -.3417E+01   -.3415E+01   -.3413E+01   -.3412E+01   -.3411E+01   -.3409E+01   -.3408E+01   -.3407E+01   -.3406E+01   -.3406E+01   -.3405E+01   -.3404E+01   -.3403E+01   -.3403E+01   -.3402E+01
0.2123E+02   -.9002E+01   -.9002E+01   -.9003E+01   -.9003E+01   -.9004E+01   -.9005E+01   -.9005E+01   -.9006E+01   -.9006E+01   -.9007E+01   -.9008E+01   -.9008E+01   -.9009E+01   -.9010E+01   -.9011E+01   -.9012E+01   -.9012E+01   -.9013E+01   -.9014E+01   -.9015E+01   -.9016E+01   -.9018E+01   -.9019E+01   -.9020E+01   -.9021E+01   -.9023E+01   -.9024E+01   -.9026E+01   -.9028E+01   -.9030E+01   -.9032E+01   -.9034E+01   -.9036E+01   -.9039E+01   -.9042E+01   -.9045E+01   -.9048E+01   -.9052E+01   -.9056E+01   -.9060E+01   -.9065E+01   -.9071E+01   -.9077E+01   -.9084E+01   -.9091E+01   -.9100E+01   -.9110E+01   -.9122E+01   -.9135E+01   -.9150E+01   -.9168E+01   -.9188E+01   -.9213E+01   -.9239E+01   -.9277E+01   -.9310E+01   -.9361E+01   -.9397E+01   -.9448E+01   -.9447E+01   -.9419E+01   -.9225E+01   -.9361E+01   -.1044E+02   -.4386E+01   -.4486E+01   -.4487E+01   -.4931E+01   -.6369E+00   -.1575E+01   -.1183E+01   -.1658E+01   -.1382E+01   -.1596E+01   -.1456E+01   -.1554E+01   -.1503E+01   -.1536E+01   -.1558E+01   -.1528E+01   -.1612E+01   -.1606E+01   -.1636E+01   -.1647E+01   -.1655E+01   -.1664E+01   -.1671E+01   -.1678E+01   -.1683E+01   -.1689E+01   -.1694E+01   -.1699E+01   -.1703E+01   -.1707E+01   -.1711E+01   -.1715E+01   -.1718E+01   -.1721E+01   -.1724E+01   -.1727E+01   -.3460E+01   -.3834E+01   -.3932E+01   -.3966E+01   -.3978E+01   -.3982E+01   -.3981E+01   -.3979E+01   -.3976E+01   -.3973E+01   -.3970E+01   -.3967E+01   -.3964E+01   -.3962E+01   -.3960E+01   -.3958E+01   -.3956E+01   -.3955E+01   -.3953E+01   -.3952E+01   -.3951E+01   -.3950E+01   -.3949E+01   -.3948E+01   -.3947E+01   -.3946E+01   -.3945E+01   -.3945E+01   -.3944E+01   -.3944E+01
0.2145E+02   -.9002E+01   -.9002E+01   -.9003E+01   -.9004E+01   -.9004E+01   -.9005E+01   -.9005E+01   -.9006E+01   -.9007E+01   -.9007E+01   -.9008E+01   -.9009E+01   -.9010E+01   -.9010E+01   -.9011E+01   -.9012E+01   -.9013E+01   -.9014E+01   -.9015E+01   -.9016E+01   -.9017E+01   -.9018E+01   -.9020E+01   -.9021E+01   -.9022E+01   -.9024E+01   -.9025E+01   -.9027E+01   -.9029E+01   -.9031E+01   -.9033E+01   -.9036E+01   -.9038E+01   -.9041E+01   -.9044E+01   -.9047E+01   -.9051E+01   -.9054E+01   -.9059E+01   -.9063E+01   -.9069E+01   -.9074E+01   -.9081E+01   -.9088E+01   -.9097E+01   -.9107E+01   -.9117E+01   -.9130E+01   -.9145E+01   -.9161E+01   -.9181E+01   -.9204E+01   -.9231E+01   -.9261E+01   -.9301E+01   -.9339E+01   -.9389E+01   -.9427E+01   -.9457E+01   -.9429E+01   -.9318E+01   -.9253E+01   -.9947E+01   -.8296E+01   -.6587E+00   -.7917E+00   -.7873E+00   -.3955E+01   -.3662E+00   -.1801E+01   -.1269E+01   -.1738E+01   -.1429E+01   -.1643E+01   -.1506E+01   -.1591E+01   -.1557E+01   -.1567E+01   -.1596E+01   -.1559E+01   -.1625E+01   -.1608E+01   -.1647E+01   -.1656E+01   -.1665E+01   -.1673E+01   -.1680E+01   -.1686E+01   -.1692E+01   -.1697E+01   -.1702E+01   -.1706E+01   -.1710E+01   -.1714E+01   -.1718E+01   -.1722E+01   -.1725E+01   -.1728E+01   -.1731E+01   -.1734E+01   -.3497E+01   -.3875E+01   -.3974E+01   -.4008E+01   -.4020E+01   -.4024E+01   -.4023E+01   -.4021E+01   -.4018E+01   -.4015E+01   -.4012E+01   -.4009E+01   -.4007E+01   -.4004E+01   -.4002E+01   -.4000E+01   -.3998E+01   -.3997E+01   -.3995E+01   -.3994E+01   -.3993E+01   -.3992E+01   -.3991E+01   -.3990E+01   -.3989E+01   -.3989E+01   -.3988E+01   -.3987E+01   -.3987E+01   -.3986E+01
0.2167E+02   -.9002E+01   -.9003E+01   -.9003E+01   -.9004E+01   -.9004E+01   -.9005E+01   -.9006E+01   -.9006E+01   -.9007E+01   -.9008E+01   -.9008E+01   -.9009E+01   -.9010E+01   -.9011E+01   -.9012E+01   -.9012E+01   -.9013E+01   -.9014E+01   -.9015E+01   -.9017E+01   -.9018E+01   -.9019E+01   -.9020E+01   -.9022E+01   -.9023E+01   -.9025E+01   -.9027E+01   -.9028E+01   -.9030E+01   -.9032E+01   -.9035E+01   -.9037E+01   -.9040E+01   -.9043E+01   -.9046E+01   -.9049E+01   -.9053E+01   -.9057E+01   -.9062E+01   -.9067E+01   -.9072E+01   -.9079E+01   -.9086E+01   -.9094E+01   -.9103E+01   -.9113E+01   -.9125E+01   -.9139E+01   -.9155E+01   -.9173E+01   -.9195E+01   -.9222E+01   -.9247E+01   -.9290E+01   -.9317E+01   -.9379E+01   -.9405E+01   -.9467E+01   -.9439E+01   -.9411E+01   -.9146E+01   -.9455E+01   -.1086E+02   -.3530E+01   0.1024E+01   0.9072E+00   0.9228E+00   -.1704E+01   -.1076E+00   -.1636E+01   -.1089E+01   -.1478E+01   -.1185E+01   -.1371E+01   -.1232E+01   -.1314E+01   -.1266E+01   -.1288E+01   -.1293E+01   -.1278E+01   -.1316E+01   -.1276E+01   -.1334E+01   -.1338E+01   -.1350E+01   -.1356E+01   -.1363E+01   -.1368E+01   -.1374E+01   -.1378E+01   -.1384E+01   -.1387E+01   -.1392E+01   -.1395E+01   -.1399E+01   -.1402E+01   -.1406E+01   -.1408E+01   -.1412E+01   -.1414E+01   -.3122E+01   -.3492E+01   -.3590E+01   -.3623E+01   -.3635E+01   -.3639E+01   -.3638E+01   -.3636E+01   -.3633E+01   -.3630E+01   -.3627E+01   -.3624E+01   -.3621E+01   -.3619E+01   -.3617E+01   -.3615E+01   -.3613E+01   -.3612E+01   -.3610E+01   -.3609E+01   -.3608E+01   -.3607E+01   -.3606E+01   -.3605E+01   -.3604E+01   -.3603E+01   -.3603E+01   -.3602E+01   -.3601E+01   -.3601E+01
0.2188E+02   -.9002E+01   -.9003E+01   -.9003E+01   -.9004E+01   -.9004E+01   -.9005E+01   -.9006E+01   -.9006E+01   -.9007E+01   -.9008E+01   -.9009E+01   -.9009E+01   -.9010E+01   -.9011E+01   -.9012E+01   -.9013E+01   -.9014E+01   -.9015E+01   -.9016E+01   -.9017E+01   -.9018E+01   -.9020E+01   -.9021E+01   -.9023E+01   -.9024E+01   -.9026E+01   -.9028E+01   -.9030E+01   -.9032E+01   -.9034E+01   -.9036E+01   -.9039E+01   -.9042E+01   -.9045E+01   -.9048E+01   -.9052E+01   -.9056E+01   -.9060E+01   -.9065E+01   -.9070E+01   -.9076E+01   -.9083E+01   -.9091E+01   -.9099E+01   -.9110E+01   -.9121E+01   -.9134E+01   -.9149E+01   -.9167E+01   -.9187E+01   -.9212E+01   -.9240E+01   -.9274E+01   -.9310E+01   -.9358E+01   -.9397E+01   -.9446E+01   -.9450E+01   -.9421E+01   -.9239E+01   -.9347E+01   -.1037E+02   -.6094E+01   -.3250E+01   0.8219E-01   -.4209E+00   -.4062E+00   -.1796E+01   -.8042E+00   -.1698E+01   -.1163E+01   -.1550E+01   -.1253E+01   -.1461E+01   -.1317E+01   -.1415E+01   -.1362E+01   -.1395E+01   -.1396E+01   -.1388E+01   -.1422E+01   -.1387E+01   -.1442E+01   -.1448E+01   -.1458E+01   -.1465E+01   -.1470E+01   -.1476E+01   -.1481E+01   -.1486E+01   -.1490E+01   -.1494E+01   -.1498E+01   -.1501E+01   -.1505E+01   -.1508E+01   -.1511E+01   -.1514E+01   -.1517E+01   -.1519E+01   -.3205E+01   -.3574E+01   -.3673E+01   -.3707E+01   -.3719E+01   -.3722E+01   -.3722E+01   -.3720E+01   -.3717E+01   -.3714E+01   -.3711E+01   -.3708E+01   -.3705E+01   -.3703E+01   -.3701E+01   -.3699E+01   -.3697E+01   -.3695E+01   -.3694E+01   -.3693E+01   -.3692E+01   -.3690E+01   -.3689E+01   -.3689E+01   -.3688E+01   -.3687E+01   -.3686E+01   -.3686E+01   -.3685E+01   -.3685E+01
0.2210E+02   -.9002E+01   -.9003E+01   -.9003E+01   -.9004E+01   -.9005E+01   -.9005E+01   -.9006E+01   -.9007E+01   -.9007E+01   -.9008E+01   -.9009E+01   -.9010E+01   -.9011E+01   -.9012E+01   -.9013E+01   -.9014E+01   -.9015E+01   -.9016E+01   -.9017E+01   -.9018E+01   -.9019E+01   -.9021E+01   -.9022E+01   -.9024E+01   -.9025E+01   -.9027E+01   -.9029E+01   -.9031E+01   -.9033E+01   -.9035E+01   -.9038E+01   -.9041E+01   -.9044E+01   -.9047E+01   -.9050E+01   -.9054E+01   -.9058E+01   -.9063E+01   -.9068E+01   -.9074E+01   -.9081E+01   -.9088E+01   -.9096E+01   -.9106E+01   -.9117E+01   -.9129E+01   -.9143E+01   -.9160E+01   -.9180E+01   -.9203E+01   -.9229E+01   -.9261E+01   -.9298E+01   -.9337E+01   -.9388E+01   -.9425E+01   -.9460E+01   -.9432E+01   -.9333E+01   -.9239E+01   -.9878E+01   -.8661E+01   -.3397E+01   -.2399E+01   -.4134E+00   -.1070E+01   -.1056E+01   -.1869E+01   -.1233E+01   -.1714E+01   -.1272E+01   -.1569E+01   -.1344E+01   -.1489E+01   -.1403E+01   -.1454E+01   -.1448E+01   -.1478E+01   -.1482E+01   -.1481E+01   -.1508E+01   -.1487E+01   -.1527E+01   -.1534E+01   -.1542E+01   -.1548E+01   -.1554E+01   -.1559E+01   -.1564E+01   -.1568E+01   -.1572E+01   -.1576E+01   -.1580E+01   -.1583E+01   -.1586E+01   -.1590E+01   -.1593E+01   -.1596E+01   -.1598E+01   -.1600E+01   -.3278E+01   -.3648E+01   -.3747E+01   -.3781E+01   -.3793E+01   -.3797E+01   -.3796E+01   -.3794E+01   -.3791E+01   -.3788E+01   -.3785E+01   -.3782E+01   -.3779E+01   -.3777E+01   -.3775E+01   -.3773E+01   -.3771E+01   -.3770E+01   -.3768E+01   -.3767E+01   -.3766E+01   -.3765E+01   -.3764E+01   -.3763E+01   -.3762E+01   -.3761E+01   -.3761E+01   -.3760E+01   -.3759E+01   -.3759E+01
0.2232E+02   -.9002E+01   -.9003E+01   -.9003E+01   -.9004E+01   -.9005E+01   -.9006E+01   -.9006E+01   -.9007E+01   -.9008E+01   -.9009E+01   -.9009E+01   -.9010E+01   -.9011E+01   -.9012E+01   -.9013E+01   -.9014E+01   -.9015E+01   -.9016E+01   -.9017E+01   -.9019E+01   -.9020E+01   -.9021E+01   -.9023E+01   -.9025E+01   -.9026E+01   -.9028E+01   -.9030E+01   -.9032E+01   -.9034E+01   -.9037E+01   -.9040E+01   -.9042E+01   -.9046E+01   -.9049E+01   -.9053E+01   -.9057E+01   -.9061E+01   -.9066E+01   -.9072E+01   -.9078E+01   -.9085E+01   -.9093E+01   -.9102E+01   -.9112E+01   -.9124E+01   -.9138E+01   -.9154E+01   -.9172E+01   -.9194E+01   -.9219E+01   -.9249E+01   -.9285E+01   -.9320E+01   -.9373E+01   -.9405E+01   -.9464E+01   -.9442E+01   -.9413E+01   -.9161E+01   -.9441E+01   -.1079E+02   -.3887E+01   -.3117E+01   -.8818E+00   -.3889E+00   -.9271E+00   -.9126E+00   -.1919E+01   -.1350E+01   -.1676E+01   -.1423E+01   -.1525E+01   -.1461E+01   -.1446E+01   -.1490E+01   -.1422E+01   -.1521E+01   -.1534E+01   -.1548E+01   -.1556E+01   -.1568E+01   -.1574E+01   -.1585E+01   -.1591E+01   -.1598E+01   -.1603E+01   -.1609E+01   -.1614E+01   -.1619E+01   -.1622E+01   -.1627E+01   -.1630E+01   -.1634E+01   -.1637E+01   -.1641E+01   -.1643E+01   -.1647E+01   -.1649E+01   -.1652E+01   -.1654E+01   -.3342E+01   -.3711E+01   -.3810E+01   -.3844E+01   -.3856E+01   -.3860E+01   -.3860E+01   -.3857E+01   -.3854E+01   -.3851E+01   -.3848E+01   -.3845E+01   -.3843E+01   -.3841E+01   -.3838E+01   -.3837E+01   -.3835E+01   -.3833E+01   -.3832E+01   -.3831E+01   -.3829E+01   -.3828E+01   -.3827E+01   -.3826E+01   -.3826E+01   -.3825E+01   -.3824E+01   -.3824E+01   -.3823E+01   -.3822E+01
0.2253E+02   -.9002E+01   -.9003E+01   -.9004E+01   -.9004E+01   -.9005E+01   -.9006E+01   -.9006E+01   -.9007E+01   -.9008E+01   -.9009E+01   -.9010E+01   -.9011E+01   -.9012E+01   -.9013E+01   -.9014E+01   -.9015E+01   -.9016E+01   -.9017E+01   -.9018E+01   -.9019E+01   -.9021E+01   -.9022E+01   -.9024E+01   -.9026E+01   -.9027E+01   -.9029E+01   -.9031E+01   -.9034E+01   -.9036E+01   -.9039E+01   -.9041E+01   -.9044E+01   -.9048E+01   -.9051E+01   -.9055E+01   -.9060E+01   -.9065E+01   -.9070E+01   -.9076E+01   -.9083E+01   -.9090E+01   -.9099E+01   -.9109E+01   -.9120E+01   -.9133E+01   -.9148E+01   -.9166E+01   -.9186E+01   -.9210E+01   -.9238E+01   -.9271E+01   -.9309E+01   -.9353E+01   -.9397E+01   -.9443E+01   -.9452E+01   -.9424E+01   -.9254E+01   -.9334E+01   -.1030E+02   -.6452E+01   -.3262E+01   -.1694E+01   -.1030E+01   -.8698E+00   -.1068E+01   -.1053E+01   -.1750E+01   -.1192E+01   -.1530E+01   -.1289E+01   -.1408E+01   -.1353E+01   -.1348E+01   -.1398E+01   -.1327E+01   -.1431E+01   -.1444E+01   -.1455E+01   -.1466E+01   -.1475E+01   -.1483E+01   -.1490E+01   -.1497E+01   -.1503E+01   -.1509E+01   -.1513E+01   -.1518E+01   -.1523E+01   -.1527E+01   -.1530E+01   -.1534E+01   -.1538E+01   -.1541E+01   -.1544E+01   -.1547E+01   -.1550E+01   -.1553E+01   -.1555E+01   -.1557E+01   -.3262E+01   -.3634E+01   -.3734E+01   -.3768E+01   -.3781E+01   -.3784E+01   -.3784E+01   -.3781E+01   -.3778E+01   -.3775E+01   -.3772E+01   -.3770E+01   -.3767E+01   -.3765E+01   -.3763E+01   -.3761E+01   -.3759E+01   -.3757E+01   -.3756E+01   -.3755E+01   -.3753E+01   -.3752E+01   -.3751E+01   -.3751E+01   -.3750E+01   -.3749E+01   -.3748E+01   -.3748E+01   -.3747E+01   -.3747E+01
0.2275E+02   -.9002E+01   -.9003E+01   -.9004E+01   -.9004E+01   -.9005E+01   -.9006E+01   -.9007E+01   -.9008E+01   -.9008E+01   -.9009E+01   -.9010E+01   -.9011E+01   -.9012E+01   -.9013E+01   -.9014E+01   -.9015E+01   -.9016E+01   -.9018E+01   -.9019E+01   -.9020E+01   -.9022E+01   -.9023E+01   -.9025E+01   -.9027E+01   -.9029E+01   -.9031E+01   -.9033E+01   -.9035E+01   -.9038E+01   -.9040E+01   -.9043E+01   -.9046E+01   -.9050E+01   -.9054E+01   -.9058E+01   -.9063E+01   -.9068E+01   -.9074E+01   -.9080E+01   -.9087E+01   -.9096E+01   -.9105E+01   -.9116E+01   -.9128E+01   -.9142E+01   -.9159E+01   -.9178E+01   -.9201E+01   -.9228E+01   -.9259E+01   -.9295E+01   -.9336E+01   -.9384E+01   -.9423E+01   -.9462E+01   -.9435E+01   -.9347E+01   -.9227E+01   -.9810E+01   -.9025E+01   -.3403E+01   -.2506E+01   -.8710E+00   -.1189E+01   -.1211E+01   -.1191E+01   -.1180E+01   -.1654E+01   -.1171E+01   -.1452E+01   -.1261E+01   -.1350E+01   -.1328E+01   -.1338E+01   -.1380E+01   -.1332E+01   -.1412E+01   -.1425E+01   -.1435E+01   -.1445E+01   -.1453E+01   -.1461E+01   -.1467E+01   -.1474E+01   -.1479E+01   -.1485E+01   -.1489E+01   -.1494E+01   -.1498E+01   -.1502E+01   -.1506E+01   -.1510E+01   -.1513E+01   -.1516E+01   -.1519E+01   -.1522E+01   -.1525E+01   -.1528E+01   -.1530E+01   -.1532E+01   -.3245E+01   -.3619E+01   -.3719E+01   -.3754E+01   -.3766E+01   -.3770E+01   -.3769E+01   -.3767E+01   -.3764E+01   -.3761E+01   -.3758E+01   -.3755E+01   -.3752E+01   -.3750E+01   -.3748E+01   -.3746E+01   -.3744E+01   -.3743E+01   -.3741E+01   -.3740E+01   -.3739E+01   -.3738E+01   -.3737E+01   -.3736E+01   -.3735E+01   -.3735E+01   -.3734E+01   -.3733E+01   -.3733E+01   -.3732E+01
0.2297E+02   -.9002E+01   -.9003E+01   -.9004E+01   -.9005E+01   -.9005E+01   -.9006E+01   -.9007E+01   -.9008E+01   -.9009E+01   -.9010E+01   -.9011E+01   -.9011E+01   -.9012E+01   -.9014E+01   -.9015E+01   -.9016E+01   -.9017E+01   -.9018E+01   -.9020E+01   -.9021E+01   -.9023E+01   -.9024E+01   -.9026E+01   -.9028E+01   -.9030E+01   -.9032E+01   -.9034E+01   -.9037E+01   -.9039E+01   -.9042E+01   -.9045E+01   -.9049E+01   -.9052E+01   -.9057E+01   -.9061E+01   -.9066E+01   -.9072E+01   -.9078E+01   -.9085E+01   -.9093E+01   -.9101E+01   -.9112E+01   -.9123E+01   -.9137E+01   -.9153E+01   -.9171E+01   -.9192E+01   -.9217E+01   -.9247E+01   -.9282E+01   -.9321E+01   -.9367E+01   -.9408E+01   -.9457E+01   -.9444E+01   -.9414E+01   -.9177E+01   -.9427E+01   -.1073E+02   -.4238E+01   -.3123E+01   -.9856E+00   -.1160E+01   -.1142E+01   -.1260E+01   -.1248E+01   -.1247E+01   -.1706E+01   -.1405E+01   -.1498E+01   -.1439E+01   -.1394E+01   -.1466E+01   -.1478E+01   -.1502E+01   -.1506E+01   -.1529E+01   -.1539E+01   -.1550E+01   -.1558E+01   -.1567E+01   -.1573E+01   -.1580E+01   -.1585E+01   -.1591E+01   -.1596E+01   -.1601E+01   -.1605E+01   -.1609E+01   -.1612E+01   -.1616E+01   -.1619E+01   -.1623E+01   -.1626E+01   -.1629E+01   -.1632E+01   -.1635E+01   -.1637E+01   -.1640E+01   -.1642E+01   -.3350E+01   -.3723E+01   -.3823E+01   -.3857E+01   -.3869E+01   -.3872E+01   -.3872E+01   -.3869E+01   -.3866E+01   -.3863E+01   -.3860E+01   -.3857E+01   -.3855E+01   -.3852E+01   -.3850E+01   -.3848E+01   -.3847E+01   -.3845E+01   -.3844E+01   -.3842E+01   -.3841E+01   -.3840E+01   -.3839E+01   -.3838E+01   -.3838E+01   -.3837E+01   -.3836E+01   -.3835E+01   -.3835E+01   -.3834E+01
0.2318E+02   -.9003E+01   -.9003E+01   -.9004E+01   -.9005E+01   -.9006E+01   -.9006E+01   -.9007E+01   -.9008E+01   -.9009E+01   -.9010E+01   -.9011E+01   -.9012E+01   -.9013E+01   -.9014E+01   -.9015E+01   -.9016E+01   -.9018E+01   -.9019E+01   -.9020E+01   -.9022E+01   -.9024E+01   -.9025E+01   -.9027E+01   -.9029E+01   -.9031E+01   -.9033E+01   -.9036E+01   -.9038E+01   -.9041E+01   -.9044E+01   -.9047E+01   -.9051E+01   -.9055E+01   -.9059E+01   -.9064E+01   -.9070E+01   -.9076E+01   -.9082E+01   -.9090E+01   -.9098E+01   -.9108E+01   -.9119E+01   -.9132E+01   -.9147E+01   -.9164E+01   -.9185E+01   -.9208E+01   -.9236E+01   -.9269E+01   -.9307E+01   -.9349E+01   -.9395E+01   -.9437E+01   -.9455E+01   -.9427E+01   -.9270E+01   -.9322E+01   -.1024E+02   -.6804E+01   -.3268E+01   -.1793E+01   -.9986E+00   -.1163E+01   -.1214E+01   -.1240E+01   -.1231E+01   -.1231E+01   -.1589E+01   -.1314E+01   -.1418E+01   -.1376E+01   -.1337E+01   -.1420E+01   -.1433E+01   -.1452E+01   -.1465E+01   -.1477E+01   -.1487E+01   -.1496E+01   -.1505E+01   -.1512E+01   -.1519E+01   -.1525E+01   -.1530E+01   -.1535E+01   -.1540E+01   -.1544E+01   -.1548E+01   -.1552E+01   -.1556E+01   -.1559E+01   -.1563E+01   -.1566E+01   -.1569E+01   -.1572E+01   -.1575E+01   -.1577E+01   -.1580E+01   -.1582E+01   -.1584E+01   -.3298E+01   -.3673E+01   -.3773E+01   -.3807E+01   -.3819E+01   -.3822E+01   -.3822E+01   -.3819E+01   -.3816E+01   -.3813E+01   -.3810E+01   -.3807E+01   -.3805E+01   -.3802E+01   -.3800E+01   -.3798E+01   -.3797E+01   -.3795E+01   -.3794E+01   -.3792E+01   -.3791E+01   -.3790E+01   -.3789E+01   -.3788E+01   -.3788E+01   -.3787E+01   -.3786E+01   -.3786E+01   -.3785E+01   -.3785E+01
0.2340E+02   -.9003E+01   -.9003E+01   -.9004E+01   -.9005E+01   -.9006E+01   -.9007E+01   -.9008E+01   -.9008E+01   -.9009E+01   -.9010E+01   -.9011E+01   -.9012E+01   -.9013E+01   -.9015E+01   -.9016E+01   -.9017E+01   -.9018E+01   -.9020E+01   -.9021E+01   -.9023E+01   -.9025E+01   -.9026E+01   -.9028E+01   -.9030E+01   -.9032E+01   -.9035E+01   -.9037E+01   -.9040E+01   -.9043E+01   -.9046E+01   -.9050E+01   -.9054E+01   -.9058E+01   -.9062E+01   -.9068E+01   -.9073E+01   -.9080E+01   -.9087E+01   -.9095E+01   -.9104E+01   -.9115E+01   -.9127E+01   -.9141E+01   -.9157E+01   -.9177E+01   -.9199E+01   -.9226E+01   -.9256E+01   -.9293E+01   -.9333E+01   -.9377E+01   -.9421E+01   -.9456E+01   -.9440E+01   -.9362E+01   -.9216E+01   -.9744E+01   -.9390E+01   -.3394E+01   -.2607E+01   -.8306E+00   -.1185E+01   -.1158E+01   -.1258E+01   -.1242E+01   -.1235E+01   -.1235E+01   -.1491E+01   -.1255E+01   -.1352E+01   -.1332E+01   -.1321E+01   -.1388E+01   -.1402E+01   -.1418E+01   -.1431E+01   -.1441E+01   -.1451E+01   -.1459E+01   -.1468E+01   -.1474E+01   -.1481E+01   -.1486E+01   -.1492E+01   -.1496E+01   -.1501E+01   -.1505E+01   -.1509E+01   -.1513E+01   -.1516E+01   -.1520E+01   -.1523E+01   -.1526E+01   -.1529E+01   -.1532E+01   -.1535E+01   -.1537E+01   -.1540E+01   -.1542E+01   -.1544E+01   -.3265E+01   -.3642E+01   -.3742E+01   -.3776E+01   -.3788E+01   -.3791E+01   -.3790E+01   -.3788E+01   -.3785E+01   -.3782E+01   -.3778E+01   -.3776E+01   -.3773E+01   -.3771E+01   -.3769E+01   -.3767E+01   -.3765E+01   -.3764E+01   -.3762E+01   -.3761E+01   -.3760E+01   -.3759E+01   -.3758E+01   -.3757E+01   -.3756E+01   -.3756E+01   -.3755E+01   -.3754E+01   -.3754E+01   -.3753E+01
0.2362E+02   -.9003E+01   -.9004E+01   -.9004E+01   -.9005E+01   -.9006E+01   -.9007E+01   -.9008E+01   -.9009E+01   -.9010E+01   -.9011E+01   -.9012E+01   -.9013E+01   -.9014E+01   -.9015E+01   -.9016E+01   -.9018E+01   -.9019E+01   -.9021E+01   -.9022E+01   -.9024E+01   -.9026E+01   -.9027E+01   -.9029E+01   -.9032E+01   -.9034E+01   -.9036E+01   -.9039E+01   -.9042E+01   -.9045E+01   -.9048E+01   -.9052E+01   -.9056E+01   -.9061E+01   -.9066E+01   -.9071E+01   -.9077E+01   -.9084E+01   -.9092E+01   -.9101E+01   -.9111E+01   -.9123E+01   -.9136E+01   -.9151E+01   -.9169E+01   -.9191E+01   -.9216E+01   -.9245E+01   -.9279E+01   -.9318E+01   -.9361E+01   -.9406E+01   -.9445E+01   -.9450E+01   -.9411E+01   -.9192E+01   -.9414E+01   -.1066E+02   -.4575E+01   -.3116E+01   -.1080E+01   -.1124E+01   -.1134E+01   -.1251E+01   -.1191E+01   -.1321E+01   -.1317E+01   -.1315E+01   -.1504E+01   -.1401E+01   -.1364E+01   -.1426E+01   -.1437E+01   -.1464E+01   -.1477E+01   -.1491E+01   -.1501E+01   -.1512E+01   -.1520E+01   -.1529E+01   -.1535E+01   -.1543E+01   -.1548E+01   -.1554E+01   -.1558E+01   -.1564E+01   -.1567E+01   -.1572E+01   -.1575E+01   -.1579E+01   -.1582E+01   -.1586E+01   -.1589E+01   -.1592E+01   -.1595E+01   -.1598E+01   -.1600E+01   -.1603E+01   -.1605E+01   -.1608E+01   -.1610E+01   -.3338E+01   -.3716E+01   -.3815E+01   -.3849E+01   -.3860E+01   -.3863E+01   -.3862E+01   -.3860E+01   -.3857E+01   -.3854E+01   -.3851E+01   -.3848E+01   -.3846E+01   -.3843E+01   -.3841E+01   -.3839E+01   -.3838E+01   -.3836E+01   -.3835E+01   -.3834E+01   -.3832E+01   -.3831E+01   -.3830E+01   -.3830E+01   -.3829E+01   -.3828E+01   -.3827E+01   -.3827E+01   -.3826E+01   -.3826E+01
0.2383E+02   -.9003E+01   -.9004E+01   -.9004E+01   -.9005E+01   -.9006E+01   -.9007E+01   -.9008E+01   -.9009E+01   -.9010E+01   -.9011E+01   -.9012E+01   -.9013E+01   -.9015E+01   -.9016E+01   -.9017E+01   -.9018E+01   -.9020E+01   -.9021E+01   -.9023E+01   -.9025E+01   -.9027E+01   -.9029E+01   -.9031E+01   -.9033E+01   -.9035E+01   -.9038E+01   -.9041E+01   -.9044E+01   -.9047E+01   -.9051E+01   -.9055E+01   -.9059E+01   -.9064E+01   -.9069E+01   -.9075E+01   -.9082E+01   -.9089E+01   -.9098E+01   -.9107E+01   -.9118E+01   -.9131E+01   -.9146E+01   -.9163E+01   -.9183E+01   -.9207E+01   -.9234E+01   -.9266E+01   -.9303E+01   -.9345E+01   -.9389E+01   -.9428E+01   -.9448E+01   -.9422E+01   -.9284E+01   -.9312E+01   -.1017E+02   -.7149E+01   -.3250E+01   -.1876E+01   -.9585E+00   -.1151E+01   -.1197E+01   -.1221E+01   -.1209E+01   -.1327E+01   -.1323E+01   -.1320E+01   -.1454E+01   -.1377E+01   -.1342E+01   -.1419E+01   -.1436E+01   -.1451E+01   -.1465E+01   -.1476E+01   -.1487E+01   -.1496E+01   -.1504E+01   -.1512E+01   -.1519E+01   -.1525E+01   -.1530E+01   -.1535E+01   -.1540E+01   -.1545E+01   -.1549E+01   -.1553E+01   -.1556E+01   -.1560E+01   -.1563E+01   -.1566E+01   -.1570E+01   -.1572E+01   -.1575E+01   -.1578E+01   -.1581E+01   -.1583E+01   -.1586E+01   -.1588E+01   -.1590E+01   -.3321E+01   -.3698E+01   -.3797E+01   -.3829E+01   -.3840E+01   -.3843E+01   -.3842E+01   -.3840E+01   -.3836E+01   -.3833E+01   -.3830E+01   -.3828E+01   -.3825E+01   -.3823E+01   -.3821E+01   -.3819E+01   -.3817E+01   -.3816E+01   -.3815E+01   -.3813E+01   -.3812E+01   -.3811E+01   -.3810E+01   -.3809E+01   -.3809E+01   -.3808E+01   -.3807E+01   -.3807E+01   -.3806E+01   -.3806E+01
0.2405E+02   -.9003E+01   -.9004E+01   -.9005E+01   -.9006E+01   -.9006E+01   -.9007E+01   -.9008E+01   -.9009E+01   -.9010E+01   -.9012E+01   -.9013E+01   -.9014E+01   -.9015E+01   -.9016E+01   -.9018E+01   -.9019E+01   -.9021E+01   -.9022E+01   -.9024E+01   -.9026E+01   -.9028E+01   -.9030E+01   -.9032E+01   -.9034E+01   -.9037E+01   -.9040E+01   -.9043E+01   -.9046E+01   -.9049E+01   -.9053E+01   -.9057E+01   -.9062E+01   -.9067E+01   -.9073E+01   -.9079E+01   -.9086E+01   -.9095E+01   -.9104E+01   -.9114E+01   -.9126E+01   -.9140E+01   -.9156E+01   -.9175E+01   -.9197E+01   -.9223E+01   -.9254E+01   -.9289E+01   -.9329E+01   -.9373E+01   -.9415E+01   -.9443E+01   -.9436E+01   -.9361E+01   -.9208E+01   -.9682E+01   -.9752E+01   -.3368E+01   -.2684E+01   -.7706E+00   -.1177E+01   -.1132E+01   -.1256E+01   -.1179E+01   -.1234E+01   -.1323E+01   -.1316E+01   -.1313E+01   -.1396E+01   -.1336E+01   -.1335E+01   -.1400E+01   -.1418E+01   -.1430E+01   -.1444E+01   -.1453E+01   -.1464E+01   -.1472E+01   -.1480E+01   -.1487E+01   -.1494E+01   -.1499E+01   -.1505E+01   -.1509E+01   -.1514E+01   -.1518E+01   -.1522E+01   -.1526E+01   -.1530E+01   -.1533E+01   -.1536E+01   -.1539E+01   -.1542E+01   -.1545E+01   -.1548E+01   -.1551E+01   -.1553E+01   -.1556E+01   -.1558E+01   -.1560E+01   -.1562E+01   -.3297E+01   -.3672E+01   -.3770E+01   -.3801E+01   -.3812E+01   -.3814E+01   -.3813E+01   -.3810E+01   -.3807E+01   -.3804E+01   -.3801E+01   -.3799E+01   -.3796E+01   -.3794E+01   -.3792E+01   -.3790E+01   -.3788E+01   -.3787E+01   -.3786E+01   -.3784E+01   -.3783E+01   -.3782E+01   -.3782E+01   -.3781E+01   -.3780E+01   -.3779E+01   -.3779E+01   -.3778E+01   -.3778E+01   -.3777E+01
0.2427E+02   -.9003E+01   -.9004E+01   -.9005E+01   -.9006E+01   -.9007E+01   -.9008E+01   -.9009E+01   -.9010E+01   -.9011E+01   -.9012E+01   -.9013E+01   -.9014E+01   -.9016E+01   -.9017E+01   -.9019E+01   -.9020E+01   -.9022E+01   -.9023E+01   -.9025E+01   -.9027E+01   -.9029E+01   -.9031E+01   -.9033E+01   -.9036E+01   -.9039E+01   -.9041E+01   -.9045E+01   -.9048E+01   -.9052E+01   -.9056E+01   -.9060E+01   -.9065E+01   -.9071E+01   -.9077E+01   -.9084E+01   -.9092E+01   -.9100E+01   -.9110E+01   -.9122E+01   -.9135E+01   -.9150E+01   -.9168E+01   -.9189E+01   -.9213E+01   -.9242E+01   -.9276E+01   -.9314E+01   -.9356E+01   -.9399E+01   -.9433E+01   -.9440E+01   -.9390E+01   -.9204E+01   -.9401E+01   -.1059E+02   -.4854E+01   -.3117E+01   -.1155E+01   -.1079E+01   -.1122E+01   -.1230E+01   -.1188E+01   -.1224E+01   -.1195E+01   -.1355E+01   -.1346E+01   -.1342E+01   -.1375E+01   -.1401E+01   -.1413E+01   -.1442E+01   -.1456E+01   -.1470E+01   -.1480E+01   -.1491E+01   -.1499E+01   -.1508E+01   -.1515E+01   -.1522E+01   -.1527E+01   -.1533E+01   -.1538E+01   -.1543E+01   -.1547E+01   -.1552E+01   -.1555E+01   -.1559E+01   -.1562E+01   -.1566E+01   -.1569E+01   -.1572E+01   -.1575E+01   -.1578E+01   -.1581E+01   -.1583E+01   -.1586E+01   -.1588E+01   -.1591E+01   -.1593E+01   -.1595E+01   -.3336E+01   -.3711E+01   -.3807E+01   -.3837E+01   -.3846E+01   -.3848E+01   -.3847E+01   -.3844E+01   -.3841E+01   -.3838E+01   -.3836E+01   -.3833E+01   -.3831E+01   -.3828E+01   -.3826E+01   -.3825E+01   -.3823E+01   -.3822E+01   -.3820E+01   -.3819E+01   -.3818E+01   -.3817E+01   -.3816E+01   -.3816E+01   -.3815E+01   -.3814E+01   -.3814E+01   -.3813E+01   -.3813E+01   -.3812E+01
0.2448E+02   -.9003E+01   -.9004E+01   -.9005E+01   -.9006E+01   -.9007E+01   -.9008E+01   -.9009E+01   -.9010E+01   -.9011E+01   -.9013E+01   -.9014E+01   -.9015E+01   -.9016E+01   -.9018E+01   -.9019E+01   -.9021E+01   -.9022E+01   -.9024E+01   -.9026E+01   -.9028E+01   -.9030E+01   -.9032E+01   -.9035E+01   -.9037E+01   -.9040E+01   -.9043E+01   -.9047E+01   -.9050E+01   -.9054E+01   -.9059E+01   -.9063E+01   -.9069E+01   -.9075E+01   -.9081E+01   -.9089E+01   -.9097E+01   -.9107E+01   -.9118E+01   -.9130E+01   -.9145E+01   -.9162E+01   -.9181E+01   -.9204E+01   -.9232E+01   -.9264E+01   -.9301E+01   -.9341E+01   -.9384E+01   -.9421E+01   -.9437E+01   -.9401E+01   -.9270E+01   -.9310E+01   -.9920E+01   -.7488E+01   -.3020E+01   -.1976E+01   -.8939E+00   -.1130E+01   -.1173E+01   -.1212E+01   -.1198E+01   -.1231E+01   -.1210E+01   -.1375E+01   -.1363E+01   -.1359E+01   -.1354E+01   -.1403E+01   -.1420E+01   -.1436E+01   -.1449E+01   -.1461E+01   -.1471E+01   -.1481E+01   -.1489E+01   -.1497E+01   -.1504E+01   -.1510E+01   -.1516E+01   -.1521E+01   -.1526E+01   -.1530E+01   -.1534E+01   -.1538E+01   -.1542E+01   -.1546E+01   -.1549E+01   -.1552E+01   -.1555E+01   -.1558E+01   -.1561E+01   -.1564E+01   -.1567E+01   -.1569E+01   -.1572E+01   -.1574E+01   -.1576E+01   -.1578E+01   -.1580E+01   -.3299E+01   -.3666E+01   -.3758E+01   -.3785E+01   -.3793E+01   -.3794E+01   -.3792E+01   -.3789E+01   -.3786E+01   -.3783E+01   -.3780E+01   -.3777E+01   -.3775E+01   -.3773E+01   -.3771E+01   -.3769E+01   -.3768E+01   -.3766E+01   -.3765E+01   -.3764E+01   -.3763E+01   -.3762E+01   -.3761E+01   -.3760E+01   -.3760E+01   -.3759E+01   -.3758E+01   -.3758E+01   -.3757E+01   -.3757E+01
0.2470E+02   -.9003E+01   -.9004E+01   -.9005E+01   -.9006E+01   -.9007E+01   -.9008E+01   -.9009E+01   -.9011E+01   -.9012E+01   -.9013E+01   -.9014E+01   -.9016E+01   -.9017E+01   -.9018E+01   -.9020E+01   -.9022E+01   -.9023E+01   -.9025E+01   -.9027E+01   -.9029E+01   -.9031E+01   -.9034E+01   -.9036E+01   -.9039E+01   -.9042E+01   -.9045E+01   -.9049E+01   -.9053E+01   -.9057E+01   -.9062E+01   -.9067E+01   -.9072E+01   -.9079E+01   -.9086E+01   -.9094E+01   -.9103E+01   -.9114E+01   -.9125E+01   -.9139E+01   -.9155E+01   -.9174E+01   -.9196E+01   -.9221E+01   -.9252E+01   -.9287E+01   -.9327E+01   -.9369E+01   -.9410E+01   -.9437E+01   -.9427E+01   -.9344E+01   -.9184E+01   -.9538E+01   -.9661E+01   -.3322E+01   -.2434E+01   -.7221E+00   -.1137E+01   -.1087E+01   -.1242E+01   -.1154E+01   -.1227E+01   -.1217E+01   -.1247E+01   -.1375E+01   -.1362E+01   -.1358E+01   -.1326E+01   -.1375E+01   -.1392E+01   -.1405E+01   -.1418E+01   -.1428E+01   -.1439E+01   -.1447E+01   -.1455E+01   -.1462E+01   -.1469E+01   -.1474E+01   -.1480E+01   -.1484E+01   -.1489E+01   -.1493E+01   -.1498E+01   -.1501E+01   -.1505E+01   -.1508E+01   -.1512E+01   -.1514E+01   -.1518E+01   -.1520E+01   -.1523E+01   -.1526E+01   -.1529E+01   -.1531E+01   -.1533E+01   -.1536E+01   -.1538E+01   -.1540E+01   -.1542E+01   -.3236E+01   -.3594E+01   -.3680E+01   -.3704E+01   -.3710E+01   -.3710E+01   -.3708E+01   -.3705E+01   -.3701E+01   -.3698E+01   -.3695E+01   -.3693E+01   -.3690E+01   -.3688E+01   -.3686E+01   -.3685E+01   -.3683E+01   -.3682E+01   -.3680E+01   -.3679E+01   -.3678E+01   -.3677E+01   -.3677E+01   -.3676E+01   -.3675E+01   -.3675E+01   -.3674E+01   -.3673E+01   -.3673E+01   -.3672E+01
0.2492E+02   -.9003E+01   -.9004E+01   -.9005E+01   -.9006E+01   -.9007E+01   -.9009E+01   -.9010E+01   -.9011E+01   -.9012E+01   -.9014E+01   -.9015E+01   -.9016E+01   -.9018E+01   -.9019E+01   -.9021E+01   -.9023E+01   -.9024E+01   -.9026E+01   -.9028E+01   -.9031E+01   -.9033E+01   -.9035E+01   -.9038E+01   -.9041E+01   -.9044E+01   -.9047E+01   -.9051E+01   -.9055E+01   -.9060E+01   -.9065E+01   -.9070E+01   -.9076E+01   -.9083E+01   -.9091E+01   -.9100E+01   -.9110E+01   -.9121E+01   -.9134E+01   -.9149E+01   -.9167E+01   -.9188E+01   -.9212E+01   -.9241E+01   -.9274E+01   -.9313E+01   -.9354E+01   -.9396E+01   -.9429E+01   -.9433E+01   -.9382E+01   -.9272E+01   -.9460E+01   -.9801E+01   -.4331E+01   -.3124E+01   -.1214E+01   -.1015E+01   -.1061E+01   -.1154E+01   -.1155E+01   -.1158E+01   -.1173E+01   -.1184E+01   -.1267E+01   -.1304E+01   -.1290E+01   -.1289E+01   -.1260E+01   -.1327E+01   -.1338E+01   -.1356E+01   -.1364E+01   -.1378E+01   -.1384E+01   -.1395E+01   -.1401E+01   -.1409E+01   -.1414E+01   -.1421E+01   -.1424E+01   -.1430E+01   -.1434E+01   -.1439E+01   -.1442E+01   -.1447E+01   -.1449E+01   -.1453E+01   -.1456E+01   -.1460E+01   -.1462E+01   -.1465E+01   -.1468E+01   -.1471E+01   -.1473E+01   -.1476E+01   -.1478E+01   -.1480E+01   -.1483E+01   -.1485E+01   -.1487E+01   -.3217E+01   -.3574E+01   -.3658E+01   -.3680E+01   -.3685E+01   -.3685E+01   -.3682E+01   -.3679E+01   -.3675E+01   -.3672E+01   -.3670E+01   -.3667E+01   -.3665E+01   -.3663E+01   -.3661E+01   -.3660E+01   -.3658E+01   -.3657E+01   -.3656E+01   -.3655E+01   -.3654E+01   -.3653E+01   -.3652E+01   -.3652E+01   -.3651E+01   -.3650E+01   -.3650E+01   -.3649E+01   -.3649E+01   -.3648E+01
0.2513E+02   -.9003E+01   -.9004E+01   -.9005E+01   -.9006E+01   -.9007E+01   -.9008E+01   -.9009E+01   -.9011E+01   -.9012E+01   -.9013E+01   -.9015E+01   -.9016E+01   -.9018E+01   -.9019E+01   -.9021E+01   -.9023E+01   -.9024E+01   -.9026E+01   -.9029E+01   -.9031E+01   -.9033E+01   -.9036E+01   -.9039E+01   -.9042E+01   -.9045E+01   -.9049E+01   -.9053E+01   -.9057E+01   -.9062E+01   -.9067E+01   -.9073E+01   -.9080E+01   -.9087E+01   -.9095E+01   -.9105E+01   -.9116E+01   -.9128E+01   -.9142E+01   -.9159E+01   -.9179E+01   -.9201E+01   -.9228E+01   -.9259E+01   -.9295E+01   -.9335E+01   -.9375E+01   -.9408E+01   -.9416E+01   -.9362E+01   -.9192E+01   -.9004E+01   -.1600E+02   -.7168E+01   -.1882E+01   -.2205E+01   -.2121E+01   -.1072E+01   -.2364E+01   -.1168E+01   -.2250E+01   -.1194E+01   -.2094E+01   -.1241E+01   -.2048E+01   -.1867E+01   -.1851E+01   -.1853E+01   -.2123E+01   -.1706E+01   -.1987E+01   -.1665E+01   -.1898E+01   -.1665E+01   -.1853E+01   -.1681E+01   -.1832E+01   -.1702E+01   -.1823E+01   -.1722E+01   -.1820E+01   -.1740E+01   -.1820E+01   -.1756E+01   -.1821E+01   -.1770E+01   -.1822E+01   -.1782E+01   -.1824E+01   -.1792E+01   -.1827E+01   -.1801E+01   -.1828E+01   -.1808E+01   -.1831E+01   -.1815E+01   -.1834E+01   -.1821E+01   -.1836E+01   -.1826E+01   -.1830E+01   -.3525E+01   -.3922E+01   -.4001E+01   -.4015E+01   -.4013E+01   -.4006E+01   -.3999E+01   -.3992E+01   -.3985E+01   -.3979E+01   -.3974E+01   -.3970E+01   -.3966E+01   -.3963E+01   -.3960E+01   -.3957E+01   -.3954E+01   -.3952E+01   -.3950E+01   -.3948E+01   -.3947E+01   -.3945E+01   -.3944E+01   -.3942E+01   -.3941E+01   -.3940E+01   -.3939E+01   -.3938E+01   -.3937E+01   -.3936E+01
0.2535E+02   -.9002E+01   -.9003E+01   -.9004E+01   -.9005E+01   -.9006E+01   -.9008E+01   -.9009E+01   -.9010E+01   -.9011E+01   -.9013E+01   -.9014E+01   -.9016E+01   -.9017E+01   -.9019E+01   -.9021E+01   -.9023E+01   -.9024E+01   -.9027E+01   -.9029E+01   -.9031E+01   -.9034E+01   -.9036E+01   -.9039E+01   -.9043E+01   -.9046E+01   -.9050E+01   -.9054E+01   -.9059E+01   -.9064E+01   -.9069E+01   -.9076E+01   -.9083E+01   -.9091E+01   -.9100E+01   -.9110E+01   -.9122E+01   -.9135E+01   -.9151E+01   -.9169E+01   -.9190E+01   -.9215E+01   -.9244E+01   -.9278E+01   -.9316E+01   -.9356E+01   -.9393E+01   -.9413E+01   -.9390E+01   -.9264E+01   -.8964E+01   -.8733E+01   -.2290E+02   -.3089E+01   -.1462E+01   -.1022E+01   -.3697E+01   -.1031E+01   -.3893E+01   -.1173E+01   -.3538E+01   -.1262E+01   -.3157E+01   -.1349E+01   -.2893E+01   -.2492E+01   -.2474E+01   -.2481E+01   -.3103E+01   -.2151E+01   -.2685E+01   -.2041E+01   -.2496E+01   -.2019E+01   -.2389E+01   -.2032E+01   -.2329E+01   -.2060E+01   -.2299E+01   -.2089E+01   -.2281E+01   -.2116E+01   -.2272E+01   -.2140E+01   -.2267E+01   -.2160E+01   -.2262E+01   -.2177E+01   -.2260E+01   -.2191E+01   -.2259E+01   -.2204E+01   -.2256E+01   -.2213E+01   -.2256E+01   -.2221E+01   -.2256E+01   -.2228E+01   -.2257E+01   -.2235E+01   -.2241E+01   -.3900E+01   -.4345E+01   -.4419E+01   -.4422E+01   -.4410E+01   -.4397E+01   -.4385E+01   -.4373E+01   -.4363E+01   -.4354E+01   -.4346E+01   -.4340E+01   -.4334E+01   -.4329E+01   -.4325E+01   -.4321E+01   -.4317E+01   -.4314E+01   -.4311E+01   -.4309E+01   -.4306E+01   -.4304E+01   -.4302E+01   -.4300E+01   -.4298E+01   -.4296E+01   -.4295E+01   -.4293E+01   -.4292E+01   -.4291E+01
0.2557E+02   -.9004E+01   -.9005E+01   -.9006E+01   -.9007E+01   -.9008E+01   -.9010E+01   -.9011E+01   -.9012E+01   -.9014E+01   -.9015E+01   -.9017E+01   -.9018E+01   -.9020E+01   -.9022E+01   -.9023E+01   -.9025E+01   -.9027E+01   -.9030E+01   -.9032E+01   -.9034E+01   -.9037E+01   -.9040E+01   -.9043E+01   -.9047E+01   -.9050E+01   -.9054E+01   -.9059E+01   -.9064E+01   -.9069E+01   -.9075E+01   -.9082E+01   -.9090E+01   -.9098E+01   -.9108E+01   -.9119E+01   -.9132E+01   -.9147E+01   -.9164E+01   -.9185E+01   -.9208E+01   -.9236E+01   -.9269E+01   -.9306E+01   -.9348E+01   -.9390E+01   -.9425E+01   -.9437E+01   -.9395E+01   -.9265E+01   -.9164E+01   -.1080E+02   0.1750E-02   -.7633E+00   -.5707E+00   -.7407E+00   -.7476E+00   -.9457E+00   -.8810E+00   -.1017E+01   -.9474E+00   -.1054E+01   -.1028E+01   -.1100E+01   -.1072E+01   -.1010E+01   -.1018E+01   -.1033E+01   -.9986E+00   -.1078E+01   -.1070E+01   -.1106E+01   -.1108E+01   -.1131E+01   -.1131E+01   -.1153E+01   -.1150E+01   -.1170E+01   -.1164E+01   -.1180E+01   -.1176E+01   -.1189E+01   -.1186E+01   -.1197E+01   -.1195E+01   -.1204E+01   -.1203E+01   -.1211E+01   -.1210E+01   -.1217E+01   -.1217E+01   -.1224E+01   -.1224E+01   -.1229E+01   -.1230E+01   -.1235E+01   -.1235E+01   -.1240E+01   -.1241E+01   -.1244E+01   -.1246E+01   -.3200E+01   -.3552E+01   -.3617E+01   -.3630E+01   -.3630E+01   -.3626E+01   -.3622E+01   -.3617E+01   -.3613E+01   -.3609E+01   -.3606E+01   -.3603E+01   -.3600E+01   -.3598E+01   -.3595E+01   -.3593E+01   -.3591E+01   -.3589E+01   -.3588E+01   -.3586E+01   -.3585E+01   -.3584E+01   -.3583E+01   -.3581E+01   -.3580E+01   -.3580E+01   -.3579E+01   -.3578E+01   -.3577E+01   -.3576E+01
0.2578E+02   -.9004E+01   -.9005E+01   -.9006E+01   -.9007E+01   -.9009E+01   -.9010E+01   -.9011E+01   -.9013E+01   -.9014E+01   -.9016E+01   -.9017E+01   -.9019E+01   -.9021E+01   -.9023E+01   -.9024E+01   -.9027E+01   -.9029E+01   -.9031E+01   -.9033E+01   -.9036E+01   -.9039E+01   -.9042E+01   -.9045E+01   -.9049E+01   -.9053E+01   -.9057E+01   -.9062E+01   -.9067E+01   -.9073E+01   -.9080E+01   -.9087E+01   -.9096E+01   -.9105E+01   -.9116E+01   -.9128E+01   -.9142E+01   -.9159E+01   -.9178E+01   -.9201E+01   -.9227E+01   -.9258E+01   -.9295E+01   -.9336E+01   -.9379E+01   -.9418E+01   -.9439E+01   -.9419E+01   -.9316E+01   -.9145E+01   -.9641E+01   -.1403E+01   0.1251E-01   -.5130E+00   -.3692E+00   -.5836E+00   -.6598E+00   -.7246E+00   -.7674E+00   -.8066E+00   -.8365E+00   -.8645E+00   -.8854E+00   -.9060E+00   -.9223E+00   -.8246E+00   -.8375E+00   -.8616E+00   -.8739E+00   -.8870E+00   -.8971E+00   -.9071E+00   -.9150E+00   -.9231E+00   -.9295E+00   -.9363E+00   -.9416E+00   -.9473E+00   -.9519E+00   -.9568E+00   -.9608E+00   -.9652E+00   -.9688E+00   -.9726E+00   -.9759E+00   -.9795E+00   -.9825E+00   -.9857E+00   -.9886E+00   -.9916E+00   -.9943E+00   -.9970E+00   -.9995E+00   -.1002E+01   -.1004E+01   -.1007E+01   -.1009E+01   -.1011E+01   -.1013E+01   -.1016E+01   -.1017E+01   -.2721E+01   -.3031E+01   -.3086E+01   -.3092E+01   -.3089E+01   -.3085E+01   -.3081E+01   -.3078E+01   -.3076E+01   -.3073E+01   -.3071E+01   -.3069E+01   -.3067E+01   -.3066E+01   -.3064E+01   -.3063E+01   -.3062E+01   -.3061E+01   -.3059E+01   -.3058E+01   -.3058E+01   -.3057E+01   -.3056E+01   -.3055E+01   -.3054E+01   -.3054E+01   -.3053E+01   -.3052E+01   -.3052E+01   -.3051E+01
0.2600E+02   -.9004E+01   -.9005E+01   -.9006E+01   -.9008E+01   -.9009E+01   -.9010E+01   -.9012E+01   -.9013E+01   -.9015E+01   -.9016E+01   -.9018E+01   -.9020E+01   -.9022E+01   -.9023E+01   -.9025E+01   -.9028E+01   -.9030E+01   -.9032E+01   -.9035E+01   -.9038E+01   -.9041E+01   -.9044E+01   -.9047E+01   -.9051E+01   -.9056E+01   -.9060E+01   -.9065E+01   -.9071E+01   -.9077E+01   -.9084E+01   -.9092E+01   -.9101E+01   -.9111E+01   -.9123E+01   -.9137E+01   -.9152E+01   -.9170E+01   -.9192E+01   -.9216E+01   -.9246E+01   -.9280E+01   -.9319E+01   -.9361E+01   -.9402E+01   -.9429E+01   -.9424E+01   -.9358E+01   -.9231E+01   -.9270E+01   -.2082E+02   0.1965E+00   -.5454E+00   -.9291E+00   -.9035E+00   -.1036E+01   -.1118E+01   -.1170E+01   -.1218E+01   -.1252E+01   -.1286E+01   -.1310E+01   -.1335E+01   -.1353E+01   -.1373E+01   -.1219E+01   -.1243E+01   -.1275E+01   -.1289E+01   -.1300E+01   -.1311E+01   -.1320E+01   -.1329E+01   -.1336E+01   -.1343E+01   -.1349E+01   -.1355E+01   -.1360E+01   -.1365E+01   -.1369E+01   -.1374E+01   -.1378E+01   -.1382E+01   -.1385E+01   -.1389E+01   -.1392E+01   -.1395E+01   -.1398E+01   -.1401E+01   -.1404E+01   -.1407E+01   -.1409E+01   -.1412E+01   -.1414E+01   -.1416E+01   -.1419E+01   -.1421E+01   -.1423E+01   -.1425E+01   -.1427E+01   -.1429E+01   -.3016E+01   -.3315E+01   -.3370E+01   -.3376E+01   -.3373E+01   -.3368E+01   -.3364E+01   -.3359E+01   -.3355E+01   -.3352E+01   -.3348E+01   -.3346E+01   -.3343E+01   -.3340E+01   -.3338E+01   -.3336E+01   -.3334E+01   -.3332E+01   -.3330E+01   -.3329E+01   -.3327E+01   -.3326E+01   -.3324E+01   -.3323E+01   -.3322E+01   -.3321E+01   -.3320E+01   -.3318E+01   -.3317E+01   -.3317E+01
0.2622E+02   -.9004E+01   -.9005E+01   -.9007E+01   -.9008E+01   -.9009E+01   -.9011E+01   -.9012E+01   -.9014E+01   -.9015E+01   -.9017E+01   -.9019E+01   -.9021E+01   -.9022E+01   -.9024E+01   -.9027E+01   -.9029E+01   -.9031E+01   -.9034E+01   -.9036E+01   -.9039E+01   -.9043E+01   -.9046E+01   -.9050E+01   -.9054E+01   -.9058E+01   -.9063E+01   -.9069E+01   -.9075E+01   -.9082E+01   -.9089E+01   -.9098E+01   -.9108E+01   -.9119E+01   -.9132E+01   -.9146E+01   -.9164E+01   -.9184E+01   -.9207E+01   -.9235E+01   -.9268E+01   -.9305E+01   -.9347E+01   -.9390E+01   -.9425E+01   -.9432E+01   -.9385E+01   -.9257E+01   -.9121E+01   -.1104E+02   0.1262E+00   -.3429E+00   -.5540E+00   -.4743E+00   -.6745E+00   -.7825E+00   -.8495E+00   -.8971E+00   -.9355E+00   -.9667E+00   -.9936E+00   -.1016E+01   -.1037E+01   -.1054E+01   -.1070E+01   -.9097E+00   -.9487E+00   -.9873E+00   -.9994E+00   -.1010E+01   -.1020E+01   -.1028E+01   -.1036E+01   -.1043E+01   -.1050E+01   -.1055E+01   -.1061E+01   -.1066E+01   -.1071E+01   -.1075E+01   -.1079E+01   -.1083E+01   -.1087E+01   -.1090E+01   -.1094E+01   -.1097E+01   -.1100E+01   -.1103E+01   -.1106E+01   -.1109E+01   -.1112E+01   -.1114E+01   -.1117E+01   -.1119E+01   -.1121E+01   -.1124E+01   -.1126E+01   -.1128E+01   -.1130E+01   -.1132E+01   -.1134E+01   -.2801E+01   -.3106E+01   -.3161E+01   -.3167E+01   -.3163E+01   -.3157E+01   -.3150E+01   -.3144E+01   -.3139E+01   -.3134E+01   -.3129E+01   -.3125E+01   -.3121E+01   -.3117E+01   -.3114E+01   -.3111E+01   -.3108E+01   -.3106E+01   -.3103E+01   -.3101E+01   -.3099E+01   -.3097E+01   -.3095E+01   -.3094E+01   -.3092E+01   -.3090E+01   -.3089E+01   -.3088E+01   -.3087E+01   -.3085E+01
0.2643E+02   -.9004E+01   -.9005E+01   -.9007E+01   -.9008E+01   -.9010E+01   -.9011E+01   -.9013E+01   -.9014E+01   -.9016E+01   -.9018E+01   -.9019E+01   -.9021E+01   -.9023E+01   -.9025E+01   -.9028E+01   -.9030E+01   -.9033E+01   -.9035E+01   -.9038E+01   -.9041E+01   -.9045E+01   -.9048E+01   -.9052E+01   -.9057E+01   -.9061E+01   -.9067E+01   -.9073E+01   -.9079E+01   -.9087E+01   -.9095E+01   -.9104E+01   -.9115E+01   -.9127E+01   -.9141E+01   -.9158E+01   -.9177E+01   -.9199E+01   -.9226E+01   -.9257E+01   -.9293E+01   -.9334E+01   -.9378E+01   -.9420E+01   -.9443E+01   -.9419E+01   -.9313E+01   -.9103E+01   -.8994E+01   -.2877E+01   -.5297E-01   -.5775E+00   -.5246E+00   -.6727E+00   -.7735E+00   -.8362E+00   -.8821E+00   -.9185E+00   -.9497E+00   -.9757E+00   -.9986E+00   -.1019E+01   -.1037E+01   -.1053E+01   -.1067E+01   -.8583E+00   -.9057E+00   -.9450E+00   -.9558E+00   -.9656E+00   -.9743E+00   -.9821E+00   -.9891E+00   -.9955E+00   -.1001E+01   -.1007E+01   -.1012E+01   -.1016E+01   -.1021E+01   -.1025E+01   -.1029E+01   -.1032E+01   -.1036E+01   -.1039E+01   -.1043E+01   -.1046E+01   -.1049E+01   -.1051E+01   -.1054E+01   -.1057E+01   -.1059E+01   -.1062E+01   -.1064E+01   -.1066E+01   -.1069E+01   -.1071E+01   -.1073E+01   -.1075E+01   -.1077E+01   -.1079E+01   -.1081E+01   -.2659E+01   -.2939E+01   -.2985E+01   -.2989E+01   -.2983E+01   -.2976E+01   -.2969E+01   -.2962E+01   -.2956E+01   -.2950E+01   -.2945E+01   -.2940E+01   -.2935E+01   -.2931E+01   -.2928E+01   -.2925E+01   -.2922E+01   -.2919E+01   -.2916E+01   -.2914E+01   -.2912E+01   -.2910E+01   -.2908E+01   -.2906E+01   -.2904E+01   -.2903E+01   -.2901E+01   -.2900E+01   -.2899E+01   -.2897E+01
0.2665E+02   -.9004E+01   -.9006E+01   -.9007E+01   -.9009E+01   -.9010E+01   -.9012E+01   -.9013E+01   -.9015E+01   -.9017E+01   -.9018E+01   -.9020E+01   -.9022E+01   -.9024E+01   -.9026E+01   -.9029E+01   -.9031E+01   -.9034E+01   -.9037E+01   -.9040E+01   -.9043E+01   -.9047E+01   -.9051E+01   -.9055E+01   -.9059E+01   -.9065E+01   -.9070E+01   -.9076E+01   -.9084E+01   -.9091E+01   -.9100E+01   -.9111E+01   -.9122E+01   -.9136E+01   -.9151E+01   -.9169E+01   -.9190E+01   -.9215E+01   -.9244E+01   -.9279E+01   -.9318E+01   -.9361E+01   -.9404E+01   -.9436E+01   -.9434E+01   -.9359E+01   -.9203E+01   -.9220E+01   -.1794E+02   0.2952E+00   -.3551E+00   -.8310E+00   -.8264E+00   -.9630E+00   -.1049E+01   -.1107E+01   -.1151E+01   -.1186E+01   -.1215E+01   -.1240E+01   -.1262E+01   -.1282E+01   -.1299E+01   -.1315E+01   -.1329E+01   -.1108E+01   -.1167E+01   -.1213E+01   -.1223E+01   -.1233E+01   -.1242E+01   -.1250E+01   -.1257E+01   -.1263E+01   -.1269E+01   -.1274E+01   -.1279E+01   -.1284E+01   -.1288E+01   -.1292E+01   -.1296E+01   -.1300E+01   -.1304E+01   -.1307E+01   -.1310E+01   -.1313E+01   -.1316E+01   -.1319E+01   -.1322E+01   -.1324E+01   -.1327E+01   -.1329E+01   -.1332E+01   -.1334E+01   -.1336E+01   -.1338E+01   -.1340E+01   -.1342E+01   -.1344E+01   -.1346E+01   -.1348E+01   -.2902E+01   -.3183E+01   -.3226E+01   -.3225E+01   -.3217E+01   -.3207E+01   -.3198E+01   -.3189E+01   -.3182E+01   -.3175E+01   -.3169E+01   -.3163E+01   -.3158E+01   -.3154E+01   -.3150E+01   -.3146E+01   -.3142E+01   -.3139E+01   -.3136E+01   -.3134E+01   -.3131E+01   -.3129E+01   -.3126E+01   -.3124E+01   -.3122E+01   -.3121E+01   -.3119E+01   -.3117E+01   -.3116E+01   -.3114E+01
0.2687E+02   -.9004E+01   -.9006E+01   -.9007E+01   -.9009E+01   -.9010E+01   -.9012E+01   -.9014E+01   -.9015E+01   -.9017E+01   -.9019E+01   -.9021E+01   -.9023E+01   -.9025E+01   -.9028E+01   -.9030E+01   -.9033E+01   -.9035E+01   -.9038E+01   -.9042E+01   -.9045E+01   -.9049E+01   -.9053E+01   -.9057E+01   -.9062E+01   -.9068E+01   -.9074E+01   -.9081E+01   -.9088E+01   -.9097E+01   -.9107E+01   -.9118E+01   -.9130E+01   -.9145E+01   -.9162E+01   -.9182E+01   -.9206E+01   -.9234E+01   -.9266E+01   -.9304E+01   -.9347E+01   -.9392E+01   -.9433E+01   -.9452E+01   -.9418E+01   -.9293E+01   -.9174E+01   -.1067E+02   -.1371E+00   -.3627E+00   -.4959E+00   -.4448E+00   -.6022E+00   -.6941E+00   -.7556E+00   -.8001E+00   -.8361E+00   -.8660E+00   -.8914E+00   -.9143E+00   -.9344E+00   -.9520E+00   -.9675E+00   -.9812E+00   -.9933E+00   -.7841E+00   -.8413E+00   -.8815E+00   -.8909E+00   -.8996E+00   -.9073E+00   -.9143E+00   -.9206E+00   -.9264E+00   -.9318E+00   -.9368E+00   -.9414E+00   -.9458E+00   -.9499E+00   -.9538E+00   -.9574E+00   -.9609E+00   -.9643E+00   -.9675E+00   -.9706E+00   -.9736E+00   -.9765E+00   -.9793E+00   -.9820E+00   -.9845E+00   -.9870E+00   -.9894E+00   -.9917E+00   -.9940E+00   -.9962E+00   -.9984E+00   -.1000E+01   -.1003E+01   -.1005E+01   -.1007E+01   -.1008E+01   -.2632E+01   -.2924E+01   -.2976E+01   -.2981E+01   -.2976E+01   -.2969E+01   -.2962E+01   -.2955E+01   -.2949E+01   -.2944E+01   -.2939E+01   -.2934E+01   -.2930E+01   -.2926E+01   -.2923E+01   -.2919E+01   -.2916E+01   -.2914E+01   -.2911E+01   -.2909E+01   -.2907E+01   -.2905E+01   -.2903E+01   -.2901E+01   -.2900E+01   -.2898E+01   -.2897E+01   -.2895E+01   -.2894E+01   -.2893E+01
0.2708E+02   -.9005E+01   -.9006E+01   -.9008E+01   -.9009E+01   -.9011E+01   -.9013E+01   -.9014E+01   -.9016E+01   -.9018E+01   -.9020E+01   -.9022E+01   -.9024E+01   -.9026E+01   -.9029E+01   -.9031E+01   -.9034E+01   -.9037E+01   -.9040E+01   -.9044E+01   -.9047E+01   -.9051E+01   -.9056E+01   -.9060E+01   -.9066E+01   -.9072E+01   -.9078E+01   -.9085E+01   -.9094E+01   -.9103E+01   -.9114E+01   -.9126E+01   -.9140E+01   -.9156E+01   -.9175E+01   -.9197E+01   -.9224E+01   -.9254E+01   -.9290E+01   -.9331E+01   -.9376E+01   -.9419E+01   -.9447E+01   -.9432E+01   -.9334E+01   -.9149E+01   -.9362E+01   -.5975E+01   -.2949E+00   -.5661E+00   -.5811E+00   -.7232E+00   -.8375E+00   -.9088E+00   -.9626E+00   -.1005E+01   -.1038E+01   -.1067E+01   -.1091E+01   -.1112E+01   -.1131E+01   -.1147E+01   -.1162E+01   -.1174E+01   -.1186E+01   -.1057E+01   -.1098E+01   -.1139E+01   -.1148E+01   -.1156E+01   -.1164E+01   -.1171E+01   -.1177E+01   -.1182E+01   -.1188E+01   -.1192E+01   -.1197E+01   -.1201E+01   -.1205E+01   -.1209E+01   -.1213E+01   -.1216E+01   -.1219E+01   -.1223E+01   -.1226E+01   -.1229E+01   -.1231E+01   -.1234E+01   -.1237E+01   -.1239E+01   -.1242E+01   -.1244E+01   -.1246E+01   -.1248E+01   -.1251E+01   -.1253E+01   -.1255E+01   -.1257E+01   -.1259E+01   -.1261E+01   -.1262E+01   -.2850E+01   -.3142E+01   -.3191E+01   -.3194E+01   -.3188E+01   -.3181E+01   -.3174E+01   -.3167E+01   -.3161E+01   -.3156E+01   -.3151E+01   -.3146E+01   -.3142E+01   -.3138E+01   -.3135E+01   -.3132E+01   -.3129E+01   -.3126E+01   -.3124E+01   -.3121E+01   -.3119E+01   -.3117E+01   -.3115E+01   -.3113E+01   -.3112E+01   -.3110E+01   -.3109E+01   -.3107E+01   -.3106E+01   -.3105E+01
0.2730E+02   -.9005E+01   -.9006E+01   -.9008E+01   -.9010E+01   -.9011E+01   -.9013E+01   -.9015E+01   -.9017E+01   -.9019E+01   -.9021E+01   -.9023E+01   -.9025E+01   -.9028E+01   -.9030E+01   -.9033E+01   -.9036E+01   -.9039E+01   -.9042E+01   -.9046E+01   -.9050E+01   -.9054E+01   -.9058E+01   -.9064E+01   -.9069E+01   -.9076E+01   -.9083E+01   -.9091E+01   -.9099E+01   -.9110E+01   -.9121E+01   -.9135E+01   -.9150E+01   -.9168E+01   -.9189E+01   -.9214E+01   -.9243E+01   -.9277E+01   -.9316E+01   -.9360E+01   -.9404E+01   -.9442E+01   -.9448E+01   -.9387E+01   -.9242E+01   -.9103E+01   -.1789E+02   0.2679E+00   -.3335E+00   -.7083E+00   -.6978E+00   -.8380E+00   -.9293E+00   -.9917E+00   -.1040E+01   -.1078E+01   -.1110E+01   -.1136E+01   -.1159E+01   -.1179E+01   -.1196E+01   -.1212E+01   -.1225E+01   -.1237E+01   -.1248E+01   -.1116E+01   -.1143E+01   -.1177E+01   -.1186E+01   -.1194E+01   -.1201E+01   -.1207E+01   -.1213E+01   -.1218E+01   -.1223E+01   -.1228E+01   -.1232E+01   -.1236E+01   -.1240E+01   -.1244E+01   -.1248E+01   -.1251E+01   -.1254E+01   -.1257E+01   -.1260E+01   -.1263E+01   -.1266E+01   -.1269E+01   -.1271E+01   -.1274E+01   -.1276E+01   -.1278E+01   -.1281E+01   -.1283E+01   -.1285E+01   -.1287E+01   -.1289E+01   -.1291E+01   -.1293E+01   -.1295E+01   -.1297E+01   -.2926E+01   -.3232E+01   -.3289E+01   -.3296E+01   -.3293E+01   -.3288E+01   -.3283E+01   -.3278E+01   -.3274E+01   -.3270E+01   -.3266E+01   -.3263E+01   -.3260E+01   -.3257E+01   -.3255E+01   -.3253E+01   -.3251E+01   -.3249E+01   -.3247E+01   -.3245E+01   -.3243E+01   -.3242E+01   -.3241E+01   -.3239E+01   -.3238E+01   -.3237E+01   -.3236E+01   -.3235E+01   -.3234E+01   -.3233E+01
0.2752E+02   -.9005E+01   -.9007E+01   -.9008E+01   -.9010E+01   -.9012E+01   -.9014E+01   -.9015E+01   -.9017E+01   -.9019E+01   -.9022E+01   -.9024E+01   -.9026E+01   -.9029E+01   -.9031E+01   -.9034E+01   -.9037E+01   -.9040E+01   -.9044E+01   -.9048E+01   -.9052E+01   -.9056E+01   -.9062E+01   -.9067E+01   -.9073E+01   -.9079E+01   -.9088E+01   -.9096E+01   -.9106E+01   -.9116E+01   -.9130E+01   -.9143E+01   -.9163E+01   -.9180E+01   -.9206E+01   -.9231E+01   -.9267E+01   -.9301E+01   -.9348E+01   -.9389E+01   -.9438E+01   -.9453E+01   -.9434E+01   -.9294E+01   -.9184E+01   -.1035E+02   -.9914E+00   -.1863E-01   -.6493E+00   -.4042E+00   -.5704E+00   -.6672E+00   -.7310E+00   -.7760E+00   -.8125E+00   -.8435E+00   -.8702E+00   -.8932E+00   -.9131E+00   -.9306E+00   -.9459E+00   -.9593E+00   -.9713E+00   -.9819E+00   -.9914E+00   -.9104E+00   -.9285E+00   -.9560E+00   -.9638E+00   -.9710E+00   -.9775E+00   -.9835E+00   -.9890E+00   -.9941E+00   -.9989E+00   -.1003E+01   -.1008E+01   -.1012E+01   -.1016E+01   -.1019E+01   -.1023E+01   -.1026E+01   -.1029E+01   -.1032E+01   -.1035E+01   -.1038E+01   -.1041E+01   -.1044E+01   -.1047E+01   -.1049E+01   -.1052E+01   -.1054E+01   -.1056E+01   -.1059E+01   -.1061E+01   -.1063E+01   -.1065E+01   -.1067E+01   -.1069E+01   -.1072E+01   -.1073E+01   -.2848E+01   -.3169E+01   -.3223E+01   -.3228E+01   -.3224E+01   -.3219E+01   -.3215E+01   -.3212E+01   -.3209E+01   -.3206E+01   -.3204E+01   -.3202E+01   -.3201E+01   -.3199E+01   -.3198E+01   -.3197E+01   -.3195E+01   -.3194E+01   -.3193E+01   -.3192E+01   -.3191E+01   -.3190E+01   -.3190E+01   -.3189E+01   -.3188E+01   -.3187E+01   -.3187E+01   -.3186E+01   -.3186E+01   -.3185E+01
0.2773E+02   -.9005E+01   -.9007E+01   -.9008E+01   -.9011E+01   -.9011E+01   -.9015E+01   -.9015E+01   -.9019E+01   -.9019E+01   -.9024E+01   -.9023E+01   -.9029E+01   -.9028E+01   -.9035E+01   -.9033E+01   -.9042E+01   -.9039E+01   -.9050E+01   -.9046E+01   -.9059E+01   -.9055E+01   -.9070E+01   -.9065E+01   -.9084E+01   -.9077E+01   -.9101E+01   -.9093E+01   -.9123E+01   -.9113E+01   -.9152E+01   -.9140E+01   -.9191E+01   -.9176E+01   -.9245E+01   -.9226E+01   -.9321E+01   -.9294E+01   -.9420E+01   -.9369E+01   -.9514E+01   -.9359E+01   -.9420E+01   -.8769E+01   -.8862E+01   -.9158E+01   -.2329E+00   -.6568E+00   -.6916E+00   -.7938E+00   -.9115E+00   -.9839E+00   -.1035E+01   -.1076E+01   -.1112E+01   -.1142E+01   -.1168E+01   -.1191E+01   -.1210E+01   -.1227E+01   -.1242E+01   -.1255E+01   -.1267E+01   -.1278E+01   -.1287E+01   -.1248E+01   -.1255E+01   -.1276E+01   -.1284E+01   -.1291E+01   -.1298E+01   -.1304E+01   -.1310E+01   -.1315E+01   -.1320E+01   -.1324E+01   -.1329E+01   -.1333E+01   -.1337E+01   -.1341E+01   -.1344E+01   -.1348E+01   -.1351E+01   -.1355E+01   -.1358E+01   -.1361E+01   -.1364E+01   -.1366E+01   -.1369E+01   -.1372E+01   -.1374E+01   -.1377E+01   -.1379E+01   -.1382E+01   -.1384E+01   -.1386E+01   -.1389E+01   -.1391E+01   -.1393E+01   -.1395E+01   -.1397E+01   -.3255E+01   -.3599E+01   -.3667E+01   -.3680E+01   -.3681E+01   -.3678E+01   -.3674E+01   -.3670E+01   -.3666E+01   -.3663E+01   -.3660E+01   -.3658E+01   -.3656E+01   -.3654E+01   -.3652E+01   -.3650E+01   -.3648E+01   -.3647E+01   -.3645E+01   -.3644E+01   -.3643E+01   -.3642E+01   -.3641E+01   -.3640E+01   -.3639E+01   -.3638E+01   -.3637E+01   -.3636E+01   -.3636E+01   -.3635E+01
0.2795E+02   -.9004E+01   -.9007E+01   -.9007E+01   -.9011E+01   -.9010E+01   -.9015E+01   -.9014E+01   -.9020E+01   -.9018E+01   -.9025E+01   -.9022E+01   -.9031E+01   -.9027E+01   -.9037E+01   -.9032E+01   -.9044E+01   -.9038E+01   -.9053E+01   -.9045E+01   -.9063E+01   -.9054E+01   -.9076E+01   -.9064E+01   -.9091E+01   -.9077E+01   -.9110E+01   -.9094E+01   -.9135E+01   -.9115E+01   -.9167E+01   -.9145E+01   -.9209E+01   -.9186E+01   -.9265E+01   -.9243E+01   -.9336E+01   -.9314E+01   -.9395E+01   -.9370E+01   -.9124E+01   -.8848E+01   -.8859E+01   -.7673E+01   -.1402E+02   -.1885E+00   -.5652E+00   -.7155E+00   -.5699E+00   -.6976E+00   -.7729E+00   -.8237E+00   -.8618E+00   -.8918E+00   -.9175E+00   -.9402E+00   -.9601E+00   -.9793E+00   -.9967E+00   -.1012E+01   -.1026E+01   -.1039E+01   -.1050E+01   -.1060E+01   -.1069E+01   -.1053E+01   -.1061E+01   -.1082E+01   -.1090E+01   -.1097E+01   -.1103E+01   -.1109E+01   -.1115E+01   -.1120E+01   -.1126E+01   -.1130E+01   -.1135E+01   -.1139E+01   -.1143E+01   -.1147E+01   -.1151E+01   -.1155E+01   -.1159E+01   -.1162E+01   -.1166E+01   -.1169E+01   -.1172E+01   -.1175E+01   -.1178E+01   -.1181E+01   -.1184E+01   -.1187E+01   -.1190E+01   -.1192E+01   -.1195E+01   -.1198E+01   -.1200E+01   -.1203E+01   -.1205E+01   -.1208E+01   -.1210E+01   -.3536E+01   -.4052E+01   -.4156E+01   -.4180E+01   -.4186E+01   -.4186E+01   -.4185E+01   -.4183E+01   -.4181E+01   -.4179E+01   -.4178E+01   -.4177E+01   -.4176E+01   -.4175E+01   -.4175E+01   -.4174E+01   -.4173E+01   -.4173E+01   -.4173E+01   -.4172E+01   -.4172E+01   -.4171E+01   -.4171E+01   -.4171E+01   -.4170E+01   -.4170E+01   -.4170E+01   -.4170E+01   -.4170E+01   -.4169E+01
0.2817E+02   -.9004E+01   -.9007E+01   -.9008E+01   -.9010E+01   -.9012E+01   -.9015E+01   -.9016E+01   -.9019E+01   -.9020E+01   -.9024E+01   -.9025E+01   -.9030E+01   -.9031E+01   -.9036E+01   -.9037E+01   -.9043E+01   -.9044E+01   -.9052E+01   -.9053E+01   -.9061E+01   -.9063E+01   -.9074E+01   -.9075E+01   -.9088E+01   -.9091E+01   -.9107E+01   -.9112E+01   -.9132E+01   -.9138E+01   -.9163E+01   -.9175E+01   -.9206E+01   -.9226E+01   -.9264E+01   -.9297E+01   -.9338E+01   -.9384E+01   -.9388E+01   -.9439E+01   -.9109E+01   -.8924E+01   -.9127E+01   -.9225E+01   -.9875E+01   -.1470E+00   -.7445E+00   -.7858E+00   -.8044E+00   -.9067E+00   -.9681E+00   -.1010E+01   -.1043E+01   -.1069E+01   -.1093E+01   -.1114E+01   -.1133E+01   -.1150E+01   -.1165E+01   -.1179E+01   -.1191E+01   -.1201E+01   -.1211E+01   -.1220E+01   -.1227E+01   -.1210E+01   -.1210E+01   -.1223E+01   -.1230E+01   -.1236E+01   -.1242E+01   -.1247E+01   -.1252E+01   -.1257E+01   -.1261E+01   -.1266E+01   -.1270E+01   -.1273E+01   -.1277E+01   -.1281E+01   -.1284E+01   -.1287E+01   -.1291E+01   -.1294E+01   -.1297E+01   -.1300E+01   -.1303E+01   -.1305E+01   -.1308E+01   -.1311E+01   -.1313E+01   -.1316E+01   -.1318E+01   -.1321E+01   -.1323E+01   -.1325E+01   -.1327E+01   -.1330E+01   -.1332E+01   -.1334E+01   -.1336E+01   -.3435E+01   -.3923E+01   -.4032E+01   -.4062E+01   -.4073E+01   -.4075E+01   -.4074E+01   -.4072E+01   -.4069E+01   -.4067E+01   -.4065E+01   -.4063E+01   -.4062E+01   -.4060E+01   -.4059E+01   -.4058E+01   -.4057E+01   -.4057E+01   -.4056E+01   -.4055E+01   -.4055E+01   -.4054E+01   -.4054E+01   -.4053E+01   -.4053E+01   -.4053E+01   -.4053E+01   -.4052E+01   -.4052E+01   -.4052E+01
0.2838E+02   -.9006E+01   -.9008E+01   -.9009E+01   -.9012E+01   -.9013E+01   -.9016E+01   -.9018E+01   -.9021E+01   -.9022E+01   -.9026E+01   -.9028E+01   -.9032E+01   -.9033E+01   -.9038E+01   -.9040E+01   -.9046E+01   -.9048E+01   -.9055E+01   -.9057E+01   -.9065E+01   -.9068E+01   -.9078E+01   -.9081E+01   -.9094E+01   -.9098E+01   -.9115E+01   -.9120E+01   -.9142E+01   -.9149E+01   -.9178E+01   -.9189E+01   -.9228E+01   -.9244E+01   -.9297E+01   -.9318E+01   -.9386E+01   -.9404E+01   -.9466E+01   -.9421E+01   -.9376E+01   -.9164E+01   -.9589E+01   -.9503E+01   -.2208E+01   -.5399E+00   -.7948E+00   -.8236E+00   -.9670E+00   -.1049E+01   -.1103E+01   -.1143E+01   -.1174E+01   -.1200E+01   -.1222E+01   -.1242E+01   -.1259E+01   -.1275E+01   -.1288E+01   -.1300E+01   -.1311E+01   -.1320E+01   -.1329E+01   -.1337E+01   -.1343E+01   -.1329E+01   -.1314E+01   -.1313E+01   -.1319E+01   -.1325E+01   -.1330E+01   -.1335E+01   -.1339E+01   -.1343E+01   -.1347E+01   -.1351E+01   -.1354E+01   -.1358E+01   -.1361E+01   -.1364E+01   -.1367E+01   -.1370E+01   -.1373E+01   -.1375E+01   -.1378E+01   -.1381E+01   -.1383E+01   -.1385E+01   -.1388E+01   -.1390E+01   -.1392E+01   -.1394E+01   -.1396E+01   -.1398E+01   -.1400E+01   -.1402E+01   -.1404E+01   -.1406E+01   -.1408E+01   -.1410E+01   -.1412E+01   -.3139E+01   -.3500E+01   -.3584E+01   -.3607E+01   -.3613E+01   -.3612E+01   -.3609E+01   -.3606E+01   -.3603E+01   -.3600E+01   -.3597E+01   -.3595E+01   -.3593E+01   -.3591E+01   -.3589E+01   -.3588E+01   -.3586E+01   -.3585E+01   -.3584E+01   -.3583E+01   -.3582E+01   -.3581E+01   -.3580E+01   -.3579E+01   -.3579E+01   -.3578E+01   -.3578E+01   -.3577E+01   -.3577E+01   -.3576E+01
0.2860E+02   -.9006E+01   -.9008E+01   -.9010E+01   -.9012E+01   -.9014E+01   -.9016E+01   -.9019E+01   -.9021E+01   -.9024E+01   -.9026E+01   -.9030E+01   -.9032E+01   -.9036E+01   -.9038E+01   -.9044E+01   -.9046E+01   -.9052E+01   -.9055E+01   -.9063E+01   -.9065E+01   -.9075E+01   -.9079E+01   -.9090E+01   -.9095E+01   -.9110E+01   -.9116E+01   -.9136E+01   -.9144E+01   -.9170E+01   -.9182E+01   -.9217E+01   -.9234E+01   -.9282E+01   -.9305E+01   -.9367E+01   -.9392E+01   -.9455E+01   -.9434E+01   -.9418E+01   -.9184E+01   -.9357E+01   -.1044E+02   -.4657E+01   -.2181E+01   -.4373E+00   -.7038E+00   -.8539E+00   -.9616E+00   -.1027E+01   -.1073E+01   -.1108E+01   -.1137E+01   -.1161E+01   -.1182E+01   -.1200E+01   -.1216E+01   -.1230E+01   -.1243E+01   -.1254E+01   -.1264E+01   -.1273E+01   -.1281E+01   -.1288E+01   -.1295E+01   -.1300E+01   -.1285E+01   -.1281E+01   -.1287E+01   -.1292E+01   -.1297E+01   -.1302E+01   -.1306E+01   -.1310E+01   -.1314E+01   -.1317E+01   -.1321E+01   -.1324E+01   -.1327E+01   -.1330E+01   -.1333E+01   -.1336E+01   -.1339E+01   -.1341E+01   -.1344E+01   -.1346E+01   -.1349E+01   -.1351E+01   -.1353E+01   -.1355E+01   -.1357E+01   -.1360E+01   -.1362E+01   -.1364E+01   -.1366E+01   -.1368E+01   -.1370E+01   -.1371E+01   -.1373E+01   -.1375E+01   -.1377E+01   -.3104E+01   -.3470E+01   -.3558E+01   -.3583E+01   -.3590E+01   -.3590E+01   -.3588E+01   -.3585E+01   -.3581E+01   -.3578E+01   -.3575E+01   -.3573E+01   -.3571E+01   -.3569E+01   -.3567E+01   -.3565E+01   -.3564E+01   -.3562E+01   -.3561E+01   -.3560E+01   -.3559E+01   -.3558E+01   -.3557E+01   -.3557E+01   -.3556E+01   -.3555E+01   -.3555E+01   -.3554E+01   -.3554E+01   -.3553E+01
0.2882E+02   -.9006E+01   -.9008E+01   -.9010E+01   -.9013E+01   -.9015E+01   -.9017E+01   -.9020E+01   -.9022E+01   -.9025E+01   -.9028E+01   -.9031E+01   -.9034E+01   -.9037E+01   -.9041E+01   -.9045E+01   -.9049E+01   -.9054E+01   -.9059E+01   -.9065E+01   -.9070E+01   -.9078E+01   -.9085E+01   -.9094E+01   -.9103E+01   -.9115E+01   -.9127E+01   -.9142E+01   -.9159E+01   -.9179E+01   -.9202E+01   -.9230E+01   -.9261E+01   -.9300E+01   -.9341E+01   -.9388E+01   -.9428E+01   -.9451E+01   -.9420E+01   -.9288E+01   -.9262E+01   -.1002E+02   -.7366E+01   -.2971E+01   -.1465E+01   -.5654E+00   -.8411E+00   -.9879E+00   -.1068E+01   -.1121E+01   -.1160E+01   -.1192E+01   -.1218E+01   -.1240E+01   -.1259E+01   -.1276E+01   -.1291E+01   -.1304E+01   -.1316E+01   -.1326E+01   -.1335E+01   -.1344E+01   -.1351E+01   -.1358E+01   -.1364E+01   -.1382E+01   -.1368E+01   -.1364E+01   -.1369E+01   -.1374E+01   -.1379E+01   -.1383E+01   -.1388E+01   -.1391E+01   -.1395E+01   -.1399E+01   -.1402E+01   -.1405E+01   -.1408E+01   -.1411E+01   -.1414E+01   -.1417E+01   -.1419E+01   -.1422E+01   -.1424E+01   -.1427E+01   -.1429E+01   -.1431E+01   -.1434E+01   -.1436E+01   -.1438E+01   -.1440E+01   -.1442E+01   -.1444E+01   -.1446E+01   -.1448E+01   -.1450E+01   -.1452E+01   -.1454E+01   -.1456E+01   -.1457E+01   -.3204E+01   -.3578E+01   -.3671E+01   -.3699E+01   -.3707E+01   -.3709E+01   -.3707E+01   -.3704E+01   -.3701E+01   -.3698E+01   -.3695E+01   -.3693E+01   -.3690E+01   -.3688E+01   -.3686E+01   -.3685E+01   -.3683E+01   -.3682E+01   -.3681E+01   -.3679E+01   -.3678E+01   -.3678E+01   -.3677E+01   -.3676E+01   -.3675E+01   -.3675E+01   -.3674E+01   -.3674E+01   -.3673E+01   -.3673E+01
0.2903E+02   -.9006E+01   -.9009E+01   -.9010E+01   -.9013E+01   -.9015E+01   -.9018E+01   -.9020E+01   -.9024E+01   -.9025E+01   -.9030E+01   -.9031E+01   -.9036E+01   -.9038E+01   -.9044E+01   -.9046E+01   -.9053E+01   -.9055E+01   -.9064E+01   -.9066E+01   -.9077E+01   -.9080E+01   -.9093E+01   -.9097E+01   -.9113E+01   -.9119E+01   -.9140E+01   -.9148E+01   -.9176E+01   -.9187E+01   -.9226E+01   -.9242E+01   -.9294E+01   -.9316E+01   -.9383E+01   -.9402E+01   -.9466E+01   -.9425E+01   -.9387E+01   -.9160E+01   -.9564E+01   -.1002E+02   -.3254E+01   -.2524E+01   -.6449E+00   -.7853E+00   -.1052E+01   -.1146E+01   -.1204E+01   -.1247E+01   -.1281E+01   -.1309E+01   -.1332E+01   -.1352E+01   -.1370E+01   -.1385E+01   -.1399E+01   -.1411E+01   -.1422E+01   -.1432E+01   -.1440E+01   -.1448E+01   -.1455E+01   -.1461E+01   -.1467E+01   -.1494E+01   -.1482E+01   -.1478E+01   -.1483E+01   -.1488E+01   -.1492E+01   -.1496E+01   -.1500E+01   -.1504E+01   -.1507E+01   -.1511E+01   -.1514E+01   -.1517E+01   -.1520E+01   -.1523E+01   -.1526E+01   -.1529E+01   -.1531E+01   -.1534E+01   -.1536E+01   -.1539E+01   -.1541E+01   -.1543E+01   -.1545E+01   -.1547E+01   -.1550E+01   -.1552E+01   -.1554E+01   -.1556E+01   -.1558E+01   -.1560E+01   -.1562E+01   -.1563E+01   -.1565E+01   -.1567E+01   -.1569E+01   -.3337E+01   -.3719E+01   -.3816E+01   -.3847E+01   -.3857E+01   -.3859E+01   -.3858E+01   -.3856E+01   -.3853E+01   -.3850E+01   -.3847E+01   -.3845E+01   -.3842E+01   -.3840E+01   -.3838E+01   -.3837E+01   -.3835E+01   -.3834E+01   -.3832E+01   -.3831E+01   -.3830E+01   -.3829E+01   -.3829E+01   -.3828E+01   -.3827E+01   -.3827E+01   -.3826E+01   -.3826E+01   -.3825E+01   -.3825E+01
0.2925E+02   -.9007E+01   -.9009E+01   -.9011E+01   -.9013E+01   -.9016E+01   -.9018E+01   -.9022E+01   -.9024E+01   -.9028E+01   -.9030E+01   -.9034E+01   -.9037E+01   -.9042E+01   -.9044E+01   -.9050E+01   -.9053E+01   -.9061E+01   -.9064E+01   -.9073E+01   -.9077E+01   -.9088E+01   -.9094E+01   -.9108E+01   -.9115E+01   -.9133E+01   -.9143E+01   -.9167E+01   -.9181E+01   -.9214E+01   -.9234E+01   -.9278E+01   -.9305E+01   -.9362E+01   -.9392E+01   -.9450E+01   -.9438E+01   -.9416E+01   -.9202E+01   -.9358E+01   -.1045E+02   -.5215E+01   -.2971E+01   -.1155E+01   -.9294E+00   -.9455E+00   -.1114E+01   -.1181E+01   -.1228E+01   -.1264E+01   -.1294E+01   -.1319E+01   -.1340E+01   -.1359E+01   -.1375E+01   -.1389E+01   -.1402E+01   -.1413E+01   -.1423E+01   -.1432E+01   -.1440E+01   -.1447E+01   -.1454E+01   -.1460E+01   -.1465E+01   -.1495E+01   -.1486E+01   -.1482E+01   -.1487E+01   -.1491E+01   -.1495E+01   -.1499E+01   -.1503E+01   -.1507E+01   -.1510E+01   -.1513E+01   -.1517E+01   -.1520E+01   -.1522E+01   -.1525E+01   -.1528E+01   -.1531E+01   -.1533E+01   -.1536E+01   -.1538E+01   -.1540E+01   -.1542E+01   -.1545E+01   -.1547E+01   -.1549E+01   -.1551E+01   -.1553E+01   -.1555E+01   -.1557E+01   -.1559E+01   -.1561E+01   -.1563E+01   -.1564E+01   -.1566E+01   -.1568E+01   -.1570E+01   -.3319E+01   -.3699E+01   -.3798E+01   -.3831E+01   -.3841E+01   -.3844E+01   -.3843E+01   -.3840E+01   -.3837E+01   -.3834E+01   -.3832E+01   -.3829E+01   -.3826E+01   -.3824E+01   -.3822E+01   -.3821E+01   -.3819E+01   -.3818E+01   -.3816E+01   -.3815E+01   -.3814E+01   -.3813E+01   -.3812E+01   -.3811E+01   -.3811E+01   -.3810E+01   -.3810E+01   -.3809E+01   -.3808E+01   -.3808E+01
0.2947E+02   -.9007E+01   -.9009E+01   -.9012E+01   -.9014E+01   -.9017E+01   -.9019E+01   -.9022E+01   -.9025E+01   -.9029E+01   -.9032E+01   -.9035E+01   -.9039E+01   -.9043E+01   -.9047E+01   -.9052E+01   -.9057E+01   -.9063E+01   -.9069E+01   -.9076E+01   -.9083E+01   -.9093E+01   -.9101E+01   -.9114E+01   -.9125E+01   -.9141E+01   -.9156E+01   -.9178E+01   -.9199E+01   -.9229E+01   -.9258E+01   -.9298E+01   -.9337E+01   -.9386E+01   -.9424E+01   -.9452E+01   -.9421E+01   -.9301E+01   -.9254E+01   -.9982E+01   -.7837E+01   -.3192E+01   -.1991E+01   -.8212E+00   -.1024E+01   -.1027E+01   -.1142E+01   -.1192E+01   -.1231E+01   -.1263E+01   -.1289E+01   -.1312E+01   -.1331E+01   -.1347E+01   -.1362E+01   -.1375E+01   -.1387E+01   -.1398E+01   -.1407E+01   -.1415E+01   -.1423E+01   -.1430E+01   -.1436E+01   -.1441E+01   -.1447E+01   -.1478E+01   -.1471E+01   -.1468E+01   -.1472E+01   -.1477E+01   -.1481E+01   -.1485E+01   -.1488E+01   -.1492E+01   -.1495E+01   -.1498E+01   -.1501E+01   -.1504E+01   -.1507E+01   -.1510E+01   -.1512E+01   -.1515E+01   -.1517E+01   -.1520E+01   -.1522E+01   -.1524E+01   -.1526E+01   -.1528E+01   -.1530E+01   -.1533E+01   -.1535E+01   -.1537E+01   -.1539E+01   -.1540E+01   -.1542E+01   -.1544E+01   -.1546E+01   -.1548E+01   -.1550E+01   -.1551E+01   -.1553E+01   -.3288E+01   -.3668E+01   -.3768E+01   -.3801E+01   -.3813E+01   -.3816E+01   -.3815E+01   -.3812E+01   -.3809E+01   -.3806E+01   -.3803E+01   -.3801E+01   -.3798E+01   -.3796E+01   -.3794E+01   -.3792E+01   -.3791E+01   -.3789E+01   -.3788E+01   -.3787E+01   -.3786E+01   -.3785E+01   -.3784E+01   -.3783E+01   -.3782E+01   -.3781E+01   -.3781E+01   -.3780E+01   -.3780E+01   -.3779E+01
0.2968E+02   -.9007E+01   -.9010E+01   -.9012E+01   -.9015E+01   -.9017E+01   -.9021E+01   -.9023E+01   -.9027E+01   -.9029E+01   -.9034E+01   -.9036E+01   -.9042E+01   -.9044E+01   -.9051E+01   -.9053E+01   -.9062E+01   -.9064E+01   -.9075E+01   -.9078E+01   -.9091E+01   -.9095E+01   -.9112E+01   -.9117E+01   -.9139E+01   -.9146E+01   -.9174E+01   -.9185E+01   -.9224E+01   -.9239E+01   -.9291E+01   -.9313E+01   -.9380E+01   -.9400E+01   -.9465E+01   -.9428E+01   -.9397E+01   -.9148E+01   -.9506E+01   -.1044E+02   -.3393E+01   -.2818E+01   -.7057E+00   -.1108E+01   -.1011E+01   -.1064E+01   -.1153E+01   -.1194E+01   -.1227E+01   -.1255E+01   -.1278E+01   -.1299E+01   -.1316E+01   -.1331E+01   -.1345E+01   -.1357E+01   -.1368E+01   -.1378E+01   -.1386E+01   -.1394E+01   -.1401E+01   -.1407E+01   -.1413E+01   -.1419E+01   -.1423E+01   -.1455E+01   -.1451E+01   -.1448E+01   -.1453E+01   -.1457E+01   -.1461E+01   -.1464E+01   -.1468E+01   -.1471E+01   -.1474E+01   -.1477E+01   -.1480E+01   -.1483E+01   -.1486E+01   -.1489E+01   -.1491E+01   -.1494E+01   -.1496E+01   -.1498E+01   -.1501E+01   -.1503E+01   -.1505E+01   -.1507E+01   -.1509E+01   -.1511E+01   -.1513E+01   -.1515E+01   -.1517E+01   -.1519E+01   -.1521E+01   -.1523E+01   -.1524E+01   -.1526E+01   -.1528E+01   -.1530E+01   -.1531E+01   -.3256E+01   -.3635E+01   -.3736E+01   -.3770E+01   -.3782E+01   -.3785E+01   -.3785E+01   -.3782E+01   -.3779E+01   -.3776E+01   -.3773E+01   -.3771E+01   -.3768E+01   -.3766E+01   -.3764E+01   -.3762E+01   -.3760E+01   -.3759E+01   -.3758E+01   -.3756E+01   -.3755E+01   -.3754E+01   -.3753E+01   -.3753E+01   -.3752E+01   -.3751E+01   -.3750E+01   -.3750E+01   -.3749E+01   -.3749E+01
0.2990E+02   -.9008E+01   -.9010E+01   -.9013E+01   -.9015E+01   -.9018E+01   -.9021E+01   -.9025E+01   -.9027E+01   -.9031E+01   -.9034E+01   -.9039E+01   -.9042E+01   -.9048E+01   -.9052E+01   -.9058E+01   -.9063E+01   -.9071E+01   -.9076E+01   -.9086E+01   -.9093E+01   -.9106E+01   -.9114E+01   -.9131E+01   -.9142E+01   -.9165E+01   -.9180E+01   -.9210E+01   -.9232E+01   -.9274E+01   -.9304E+01   -.9357E+01   -.9391E+01   -.9445E+01   -.9440E+01   -.9415E+01   -.9217E+01   -.9348E+01   -.1040E+02   -.5652E+01   -.3109E+01   -.1376E+01   -.1006E+01   -.1080E+01   -.1119E+01   -.1171E+01   -.1227E+01   -.1262E+01   -.1292E+01   -.1317E+01   -.1338E+01   -.1357E+01   -.1373E+01   -.1387E+01   -.1400E+01   -.1411E+01   -.1421E+01   -.1430E+01   -.1438E+01   -.1445E+01   -.1452E+01   -.1458E+01   -.1463E+01   -.1468E+01   -.1473E+01   -.1504E+01   -.1502E+01   -.1500E+01   -.1504E+01   -.1508E+01   -.1512E+01   -.1515E+01   -.1519E+01   -.1522E+01   -.1525E+01   -.1528E+01   -.1531E+01   -.1534E+01   -.1536E+01   -.1539E+01   -.1541E+01   -.1544E+01   -.1546E+01   -.1548E+01   -.1551E+01   -.1553E+01   -.1555E+01   -.1557E+01   -.1559E+01   -.1561E+01   -.1563E+01   -.1565E+01   -.1567E+01   -.1569E+01   -.1570E+01   -.1572E+01   -.1574E+01   -.1576E+01   -.1578E+01   -.1579E+01   -.1581E+01   -.3298E+01   -.3675E+01   -.3776E+01   -.3811E+01   -.3823E+01   -.3827E+01   -.3826E+01   -.3824E+01   -.3821E+01   -.3818E+01   -.3815E+01   -.3812E+01   -.3810E+01   -.3807E+01   -.3805E+01   -.3804E+01   -.3802E+01   -.3800E+01   -.3799E+01   -.3798E+01   -.3797E+01   -.3796E+01   -.3795E+01   -.3794E+01   -.3793E+01   -.3792E+01   -.3792E+01   -.3791E+01   -.3791E+01   -.3790E+01
0.3012E+02   -.9008E+01   -.9010E+01   -.9013E+01   -.9016E+01   -.9019E+01   -.9022E+01   -.9026E+01   -.9029E+01   -.9033E+01   -.9036E+01   -.9041E+01   -.9045E+01   -.9050E+01   -.9055E+01   -.9061E+01   -.9066E+01   -.9074E+01   -.9081E+01   -.9091E+01   -.9099E+01   -.9112E+01   -.9123E+01   -.9140E+01   -.9154E+01   -.9176E+01   -.9196E+01   -.9227E+01   -.9255E+01   -.9296E+01   -.9333E+01   -.9384E+01   -.9420E+01   -.9453E+01   -.9422E+01   -.9313E+01   -.9241E+01   -.9925E+01   -.8245E+01   -.3291E+01   -.2190E+01   -.8677E+00   -.1128E+01   -.1119E+01   -.1143E+01   -.1222E+01   -.1260E+01   -.1291E+01   -.1318E+01   -.1340E+01   -.1360E+01   -.1377E+01   -.1392E+01   -.1405E+01   -.1416E+01   -.1427E+01   -.1436E+01   -.1445E+01   -.1452E+01   -.1459E+01   -.1465E+01   -.1471E+01   -.1476E+01   -.1481E+01   -.1485E+01   -.1515E+01   -.1514E+01   -.1513E+01   -.1517E+01   -.1521E+01   -.1525E+01   -.1528E+01   -.1531E+01   -.1534E+01   -.1537E+01   -.1540E+01   -.1543E+01   -.1546E+01   -.1548E+01   -.1551E+01   -.1553E+01   -.1556E+01   -.1558E+01   -.1560E+01   -.1562E+01   -.1564E+01   -.1567E+01   -.1569E+01   -.1571E+01   -.1573E+01   -.1574E+01   -.1576E+01   -.1578E+01   -.1580E+01   -.1582E+01   -.1584E+01   -.1586E+01   -.1587E+01   -.1589E+01   -.1591E+01   -.1592E+01   -.3301E+01   -.3677E+01   -.3778E+01   -.3813E+01   -.3825E+01   -.3829E+01   -.3829E+01   -.3826E+01   -.3824E+01   -.3820E+01   -.3817E+01   -.3815E+01   -.3812E+01   -.3810E+01   -.3808E+01   -.3806E+01   -.3804E+01   -.3803E+01   -.3801E+01   -.3800E+01   -.3799E+01   -.3798E+01   -.3797E+01   -.3796E+01   -.3795E+01   -.3795E+01   -.3794E+01   -.3793E+01   -.3793E+01   -.3792E+01
0.3033E+02   -.9008E+01   -.9011E+01   -.9013E+01   -.9017E+01   -.9019E+01   -.9024E+01   -.9026E+01   -.9031E+01   -.9033E+01   -.9039E+01   -.9041E+01   -.9049E+01   -.9051E+01   -.9060E+01   -.9062E+01   -.9073E+01   -.9076E+01   -.9089E+01   -.9093E+01   -.9110E+01   -.9115E+01   -.9137E+01   -.9143E+01   -.9172E+01   -.9182E+01   -.9221E+01   -.9236E+01   -.9289E+01   -.9309E+01   -.9377E+01   -.9396E+01   -.9465E+01   -.9429E+01   -.9408E+01   -.9134E+01   -.9441E+01   -.1083E+02   -.3467E+01   -.3007E+01   -.7288E+00   -.1161E+01   -.1096E+01   -.1215E+01   -.1096E+01   -.1225E+01   -.1259E+01   -.1287E+01   -.1310E+01   -.1331E+01   -.1349E+01   -.1364E+01   -.1378E+01   -.1390E+01   -.1401E+01   -.1410E+01   -.1419E+01   -.1427E+01   -.1434E+01   -.1440E+01   -.1446E+01   -.1451E+01   -.1456E+01   -.1461E+01   -.1465E+01   -.1493E+01   -.1494E+01   -.1494E+01   -.1498E+01   -.1501E+01   -.1505E+01   -.1508E+01   -.1511E+01   -.1514E+01   -.1517E+01   -.1520E+01   -.1523E+01   -.1525E+01   -.1528E+01   -.1530E+01   -.1532E+01   -.1535E+01   -.1537E+01   -.1539E+01   -.1541E+01   -.1543E+01   -.1545E+01   -.1547E+01   -.1549E+01   -.1551E+01   -.1553E+01   -.1555E+01   -.1557E+01   -.1559E+01   -.1561E+01   -.1562E+01   -.1564E+01   -.1566E+01   -.1568E+01   -.1569E+01   -.1571E+01   -.3272E+01   -.3646E+01   -.3747E+01   -.3781E+01   -.3794E+01   -.3798E+01   -.3798E+01   -.3795E+01   -.3792E+01   -.3789E+01   -.3786E+01   -.3784E+01   -.3781E+01   -.3779E+01   -.3777E+01   -.3775E+01   -.3773E+01   -.3772E+01   -.3770E+01   -.3769E+01   -.3768E+01   -.3767E+01   -.3766E+01   -.3765E+01   -.3764E+01   -.3763E+01   -.3763E+01   -.3762E+01   -.3762E+01   -.3761E+01
0.3055E+02   -.9009E+01   -.9011E+01   -.9015E+01   -.9017E+01   -.9021E+01   -.9024E+01   -.9028E+01   -.9031E+01   -.9036E+01   -.9040E+01   -.9045E+01   -.9049E+01   -.9056E+01   -.9060E+01   -.9068E+01   -.9074E+01   -.9084E+01   -.9091E+01   -.9103E+01   -.9112E+01   -.9128E+01   -.9141E+01   -.9162E+01   -.9179E+01   -.9207E+01   -.9231E+01   -.9270E+01   -.9302E+01   -.9353E+01   -.9389E+01   -.9440E+01   -.9442E+01   -.9415E+01   -.9230E+01   -.9334E+01   -.1035E+02   -.6053E+01   -.3184E+01   -.1534E+01   -.1019E+01   -.1128E+01   -.1190E+01   -.1164E+01   -.1144E+01   -.1269E+01   -.1299E+01   -.1324E+01   -.1346E+01   -.1365E+01   -.1381E+01   -.1395E+01   -.1408E+01   -.1419E+01   -.1429E+01   -.1438E+01   -.1446E+01   -.1453E+01   -.1460E+01   -.1466E+01   -.1471E+01   -.1477E+01   -.1481E+01   -.1486E+01   -.1490E+01   -.1516E+01   -.1518E+01   -.1518E+01   -.1522E+01   -.1525E+01   -.1529E+01   -.1532E+01   -.1535E+01   -.1538E+01   -.1541E+01   -.1543E+01   -.1546E+01   -.1549E+01   -.1551E+01   -.1553E+01   -.1556E+01   -.1558E+01   -.1560E+01   -.1562E+01   -.1564E+01   -.1566E+01   -.1568E+01   -.1570E+01   -.1572E+01   -.1574E+01   -.1576E+01   -.1578E+01   -.1580E+01   -.1582E+01   -.1584E+01   -.1585E+01   -.1587E+01   -.1589E+01   -.1590E+01   -.1592E+01   -.1594E+01   -.3289E+01   -.3661E+01   -.3762E+01   -.3796E+01   -.3809E+01   -.3813E+01   -.3813E+01   -.3811E+01   -.3808E+01   -.3805E+01   -.3802E+01   -.3799E+01   -.3796E+01   -.3794E+01   -.3792E+01   -.3790E+01   -.3788E+01   -.3787E+01   -.3785E+01   -.3784E+01   -.3783E+01   -.3782E+01   -.3781E+01   -.3780E+01   -.3779E+01   -.3778E+01   -.3778E+01   -.3777E+01   -.3777E+01   -.3776E+01
0.3077E+02   -.9009E+01   -.9012E+01   -.9015E+01   -.9018E+01   -.9022E+01   -.9025E+01   -.9029E+01   -.9033E+01   -.9038E+01   -.9042E+01   -.9047E+01   -.9052E+01   -.9059E+01   -.9064E+01   -.9072E+01   -.9078E+01   -.9089E+01   -.9097E+01   -.9110E+01   -.9120E+01   -.9138E+01   -.9151E+01   -.9174E+01   -.9193E+01   -.9225E+01   -.9251E+01   -.9294E+01   -.9329E+01   -.9382E+01   -.9416E+01   -.9453E+01   -.9422E+01   -.9326E+01   -.9227E+01   -.9861E+01   -.8631E+01   -.3353E+01   -.2347E+01   -.8737E+00   -.1159E+01   -.1152E+01   -.1215E+01   -.1156E+01   -.1186E+01   -.1301E+01   -.1328E+01   -.1350E+01   -.1370E+01   -.1387E+01   -.1402E+01   -.1415E+01   -.1427E+01   -.1437E+01   -.1446E+01   -.1455E+01   -.1462E+01   -.1469E+01   -.1475E+01   -.1481E+01   -.1486E+01   -.1491E+01   -.1496E+01   -.1500E+01   -.1504E+01   -.1529E+01   -.1531E+01   -.1532E+01   -.1535E+01   -.1538E+01   -.1542E+01   -.1545E+01   -.1548E+01   -.1551E+01   -.1553E+01   -.1556E+01   -.1559E+01   -.1561E+01   -.1564E+01   -.1566E+01   -.1568E+01   -.1570E+01   -.1573E+01   -.1575E+01   -.1577E+01   -.1579E+01   -.1581E+01   -.1583E+01   -.1585E+01   -.1587E+01   -.1588E+01   -.1590E+01   -.1592E+01   -.1594E+01   -.1596E+01   -.1597E+01   -.1599E+01   -.1601E+01   -.1602E+01   -.1604E+01   -.1606E+01   -.3294E+01   -.3665E+01   -.3766E+01   -.3800E+01   -.3813E+01   -.3817E+01   -.3817E+01   -.3815E+01   -.3812E+01   -.3809E+01   -.3806E+01   -.3803E+01   -.3800E+01   -.3798E+01   -.3796E+01   -.3794E+01   -.3792E+01   -.3791E+01   -.3789E+01   -.3788E+01   -.3787E+01   -.3786E+01   -.3785E+01   -.3784E+01   -.3783E+01   -.3782E+01   -.3782E+01   -.3781E+01   -.3781E+01   -.3780E+01
0.3098E+02   -.9009E+01   -.9013E+01   -.9015E+01   -.9020E+01   -.9022E+01   -.9027E+01   -.9030E+01   -.9036E+01   -.9038E+01   -.9045E+01   -.9048E+01   -.9056E+01   -.9060E+01   -.9070E+01   -.9074E+01   -.9086E+01   -.9091E+01   -.9107E+01   -.9113E+01   -.9134E+01   -.9142E+01   -.9169E+01   -.9181E+01   -.9218E+01   -.9234E+01   -.9284E+01   -.9307E+01   -.9372E+01   -.9395E+01   -.9459E+01   -.9431E+01   -.9407E+01   -.9148E+01   -.9427E+01   -.1077E+02   -.3863E+01   -.3070E+01   -.8640E+00   -.1162E+01   -.1123E+01   -.1245E+01   -.1161E+01   -.1199E+01   -.1221E+01   -.1318E+01   -.1342E+01   -.1363E+01   -.1381E+01   -.1396E+01   -.1410E+01   -.1423E+01   -.1433E+01   -.1443E+01   -.1451E+01   -.1459E+01   -.1466E+01   -.1473E+01   -.1478E+01   -.1484E+01   -.1489E+01   -.1493E+01   -.1498E+01   -.1502E+01   -.1505E+01   -.1529E+01   -.1531E+01   -.1532E+01   -.1536E+01   -.1539E+01   -.1542E+01   -.1545E+01   -.1548E+01   -.1551E+01   -.1554E+01   -.1556E+01   -.1559E+01   -.1561E+01   -.1563E+01   -.1566E+01   -.1568E+01   -.1570E+01   -.1572E+01   -.1574E+01   -.1576E+01   -.1578E+01   -.1580E+01   -.1582E+01   -.1584E+01   -.1586E+01   -.1588E+01   -.1590E+01   -.1591E+01   -.1593E+01   -.1595E+01   -.1597E+01   -.1598E+01   -.1600E+01   -.1602E+01   -.1603E+01   -.1605E+01   -.3287E+01   -.3657E+01   -.3757E+01   -.3792E+01   -.3804E+01   -.3808E+01   -.3808E+01   -.3806E+01   -.3803E+01   -.3800E+01   -.3797E+01   -.3794E+01   -.3792E+01   -.3789E+01   -.3787E+01   -.3785E+01   -.3784E+01   -.3782E+01   -.3781E+01   -.3779E+01   -.3778E+01   -.3777E+01   -.3776E+01   -.3775E+01   -.3774E+01   -.3774E+01   -.3773E+01   -.3772E+01   -.3772E+01   -.3771E+01
0.3120E+02   -.9010E+01   -.9013E+01   -.9017E+01   -.9020E+01   -.9024E+01   -.9028E+01   -.9032E+01   -.9036E+01   -.9042E+01   -.9046E+01   -.9052E+01   -.9058E+01   -.9065E+01   -.9072E+01   -.9081E+01   -.9089E+01   -.9100E+01   -.9110E+01   -.9125E+01   -.9139E+01   -.9159E+01   -.9176E+01   -.9204E+01   -.9228E+01   -.9266E+01   -.9299E+01   -.9348E+01   -.9387E+01   -.9435E+01   -.9442E+01   -.9415E+01   -.9243E+01   -.9320E+01   -.1028E+02   -.6438E+01   -.3235E+01   -.1673E+01   -.1015E+01   -.1150E+01   -.1206E+01   -.1200E+01   -.1195E+01   -.1189E+01   -.1239E+01   -.1332E+01   -.1353E+01   -.1372E+01   -.1389E+01   -.1403E+01   -.1416E+01   -.1427E+01   -.1437E+01   -.1446E+01   -.1454E+01   -.1462E+01   -.1468E+01   -.1474E+01   -.1480E+01   -.1485E+01   -.1490E+01   -.1494E+01   -.1498E+01   -.1502E+01   -.1506E+01   -.1527E+01   -.1530E+01   -.1531E+01   -.1535E+01   -.1538E+01   -.1541E+01   -.1544E+01   -.1547E+01   -.1549E+01   -.1552E+01   -.1555E+01   -.1557E+01   -.1559E+01   -.1562E+01   -.1564E+01   -.1566E+01   -.1568E+01   -.1570E+01   -.1572E+01   -.1574E+01   -.1576E+01   -.1578E+01   -.1580E+01   -.1582E+01   -.1584E+01   -.1586E+01   -.1588E+01   -.1589E+01   -.1591E+01   -.1593E+01   -.1595E+01   -.1596E+01   -.1598E+01   -.1600E+01   -.1601E+01   -.1603E+01   -.3281E+01   -.3650E+01   -.3749E+01   -.3784E+01   -.3796E+01   -.3800E+01   -.3800E+01   -.3798E+01   -.3795E+01   -.3792E+01   -.3789E+01   -.3786E+01   -.3784E+01   -.3781E+01   -.3779E+01   -.3777E+01   -.3776E+01   -.3774E+01   -.3773E+01   -.3771E+01   -.3770E+01   -.3769E+01   -.3768E+01   -.3767E+01   -.3766E+01   -.3766E+01   -.3765E+01   -.3764E+01   -.3764E+01   -.3763E+01
0.3142E+02   -.9010E+01   -.9013E+01   -.9018E+01   -.9021E+01   -.9025E+01   -.9029E+01   -.9034E+01   -.9038E+01   -.9044E+01   -.9048E+01   -.9056E+01   -.9061E+01   -.9069E+01   -.9075E+01   -.9086E+01   -.9094E+01   -.9108E+01   -.9117E+01   -.9135E+01   -.9148E+01   -.9172E+01   -.9190E+01   -.9222E+01   -.9247E+01   -.9291E+01   -.9324E+01   -.9379E+01   -.9412E+01   -.9454E+01   -.9423E+01   -.9338E+01   -.9212E+01   -.9793E+01   -.9008E+01   -.3397E+01   -.2487E+01   -.8667E+00   -.1177E+01   -.1162E+01   -.1240E+01   -.1181E+01   -.1208E+01   -.1188E+01   -.1272E+01   -.1345E+01   -.1365E+01   -.1382E+01   -.1398E+01   -.1411E+01   -.1423E+01   -.1433E+01   -.1443E+01   -.1451E+01   -.1458E+01   -.1465E+01   -.1471E+01   -.1477E+01   -.1482E+01   -.1487E+01   -.1492E+01   -.1496E+01   -.1500E+01   -.1503E+01   -.1507E+01   -.1527E+01   -.1530E+01   -.1531E+01   -.1535E+01   -.1538E+01   -.1541E+01   -.1544E+01   -.1546E+01   -.1549E+01   -.1552E+01   -.1554E+01   -.1556E+01   -.1559E+01   -.1561E+01   -.1563E+01   -.1565E+01   -.1567E+01   -.1570E+01   -.1572E+01   -.1574E+01   -.1576E+01   -.1577E+01   -.1579E+01   -.1581E+01   -.1583E+01   -.1585E+01   -.1587E+01   -.1588E+01   -.1590E+01   -.1592E+01   -.1594E+01   -.1595E+01   -.1597E+01   -.1599E+01   -.1600E+01   -.1602E+01   -.3276E+01   -.3643E+01   -.3742E+01   -.3777E+01   -.3790E+01   -.3793E+01   -.3793E+01   -.3791E+01   -.3788E+01   -.3785E+01   -.3782E+01   -.3779E+01   -.3777E+01   -.3774E+01   -.3772E+01   -.3770E+01   -.3769E+01   -.3767E+01   -.3766E+01   -.3764E+01   -.3763E+01   -.3762E+01   -.3761E+01   -.3760E+01   -.3760E+01   -.3759E+01   -.3758E+01   -.3758E+01   -.3757E+01   -.3756E+01
0.3163E+02   -.9010E+01   -.9015E+01   -.9018E+01   -.9023E+01   -.9026E+01   -.9031E+01   -.9035E+01   -.9041E+01   -.9045E+01   -.9053E+01   -.9057E+01   -.9066E+01   -.9071E+01   -.9083E+01   -.9088E+01   -.9104E+01   -.9110E+01   -.9130E+01   -.9139E+01   -.9166E+01   -.9179E+01   -.9214E+01   -.9232E+01   -.9280E+01   -.9305E+01   -.9367E+01   -.9393E+01   -.9454E+01   -.9432E+01   -.9407E+01   -.9161E+01   -.9412E+01   -.1070E+02   -.4245E+01   -.3115E+01   -.9919E+00   -.1153E+01   -.1138E+01   -.1254E+01   -.1183E+01   -.1223E+01   -.1175E+01   -.1207E+01   -.1331E+01   -.1360E+01   -.1378E+01   -.1394E+01   -.1408E+01   -.1420E+01   -.1431E+01   -.1441E+01   -.1449E+01   -.1457E+01   -.1464E+01   -.1470E+01   -.1476E+01   -.1482E+01   -.1487E+01   -.1491E+01   -.1496E+01   -.1500E+01   -.1504E+01   -.1507E+01   -.1511E+01   -.1529E+01   -.1532E+01   -.1534E+01   -.1537E+01   -.1540E+01   -.1543E+01   -.1546E+01   -.1548E+01   -.1551E+01   -.1553E+01   -.1556E+01   -.1558E+01   -.1560E+01   -.1563E+01   -.1565E+01   -.1567E+01   -.1569E+01   -.1571E+01   -.1573E+01   -.1575E+01   -.1577E+01   -.1579E+01   -.1581E+01   -.1582E+01   -.1584E+01   -.1586E+01   -.1588E+01   -.1590E+01   -.1591E+01   -.1593E+01   -.1595E+01   -.1596E+01   -.1598E+01   -.1600E+01   -.1601E+01   -.1603E+01   -.3272E+01   -.3638E+01   -.3737E+01   -.3772E+01   -.3784E+01   -.3788E+01   -.3788E+01   -.3786E+01   -.3783E+01   -.3780E+01   -.3777E+01   -.3774E+01   -.3772E+01   -.3769E+01   -.3767E+01   -.3765E+01   -.3764E+01   -.3762E+01   -.3761E+01   -.3759E+01   -.3758E+01   -.3757E+01   -.3756E+01   -.3755E+01   -.3754E+01   -.3754E+01   -.3753E+01   -.3752E+01   -.3752E+01   -.3751E+01
0.3185E+02   -.9011E+01   -.9015E+01   -.9019E+01   -.9023E+01   -.9028E+01   -.9032E+01   -.9037E+01   -.9042E+01   -.9049E+01   -.9054E+01   -.9062E+01   -.9068E+01   -.9077E+01   -.9086E+01   -.9097E+01   -.9108E+01   -.9122E+01   -.9136E+01   -.9155E+01   -.9174E+01   -.9200E+01   -.9226E+01   -.9261E+01   -.9297E+01   -.9343E+01   -.9385E+01   -.9431E+01   -.9443E+01   -.9415E+01   -.9256E+01   -.9304E+01   -.1021E+02   -.6814E+01   -.3274E+01   -.1803E+01   -.1004E+01   -.1164E+01   -.1210E+01   -.1219E+01   -.1209E+01   -.1200E+01   -.1193E+01   -.1286E+01   -.1356E+01   -.1376E+01   -.1392E+01   -.1407E+01   -.1420E+01   -.1431E+01   -.1441E+01   -.1450E+01   -.1458E+01   -.1466E+01   -.1472E+01   -.1478E+01   -.1484E+01   -.1489E+01   -.1494E+01   -.1498E+01   -.1502E+01   -.1506E+01   -.1510E+01   -.1513E+01   -.1517E+01   -.1534E+01   -.1537E+01   -.1538E+01   -.1542E+01   -.1544E+01   -.1547E+01   -.1550E+01   -.1553E+01   -.1555E+01   -.1558E+01   -.1560E+01   -.1562E+01   -.1565E+01   -.1567E+01   -.1569E+01   -.1571E+01   -.1573E+01   -.1575E+01   -.1577E+01   -.1579E+01   -.1581E+01   -.1583E+01   -.1585E+01   -.1586E+01   -.1588E+01   -.1590E+01   -.1592E+01   -.1593E+01   -.1595E+01   -.1597E+01   -.1599E+01   -.1600E+01   -.1602E+01   -.1603E+01   -.1605E+01   -.1607E+01   -.3273E+01   -.3638E+01   -.3736E+01   -.3771E+01   -.3784E+01   -.3787E+01   -.3787E+01   -.3785E+01   -.3782E+01   -.3779E+01   -.3776E+01   -.3773E+01   -.3771E+01   -.3768E+01   -.3766E+01   -.3764E+01   -.3763E+01   -.3761E+01   -.3760E+01   -.3759E+01   -.3757E+01   -.3756E+01   -.3755E+01   -.3754E+01   -.3754E+01   -.3753E+01   -.3752E+01   -.3752E+01   -.3751E+01   -.3750E+01
0.3207E+02   -.9012E+01   -.9015E+01   -.9020E+01   -.9024E+01   -.9030E+01   -.9033E+01   -.9040E+01   -.9044E+01   -.9052E+01   -.9057E+01   -.9066E+01   -.9072E+01   -.9083E+01   -.9090E+01   -.9105E+01   -.9114E+01   -.9132E+01   -.9144E+01   -.9169E+01   -.9186E+01   -.9219E+01   -.9243E+01   -.9288E+01   -.9319E+01   -.9376E+01   -.9407E+01   -.9453E+01   -.9423E+01   -.9349E+01   -.9196E+01   -.9723E+01   -.9380E+01   -.3432E+01   -.2617E+01   -.8537E+00   -.1189E+01   -.1165E+01   -.1256E+01   -.1191E+01   -.1226E+01   -.1184E+01   -.1239E+01   -.1352E+01   -.1373E+01   -.1390E+01   -.1406E+01   -.1419E+01   -.1431E+01   -.1441E+01   -.1451E+01   -.1459E+01   -.1467E+01   -.1473E+01   -.1480E+01   -.1485E+01   -.1491E+01   -.1495E+01   -.1500E+01   -.1504E+01   -.1508E+01   -.1512E+01   -.1515E+01   -.1519E+01   -.1522E+01   -.1538E+01   -.1541E+01   -.1543E+01   -.1546E+01   -.1549E+01   -.1551E+01   -.1554E+01   -.1557E+01   -.1559E+01   -.1562E+01   -.1564E+01   -.1566E+01   -.1568E+01   -.1570E+01   -.1573E+01   -.1575E+01   -.1577E+01   -.1579E+01   -.1581E+01   -.1582E+01   -.1584E+01   -.1586E+01   -.1588E+01   -.1590E+01   -.1592E+01   -.1593E+01   -.1595E+01   -.1597E+01   -.1599E+01   -.1600E+01   -.1602E+01   -.1604E+01   -.1605E+01   -.1607E+01   -.1608E+01   -.1610E+01   -.3273E+01   -.3637E+01   -.3736E+01   -.3770E+01   -.3783E+01   -.3786E+01   -.3786E+01   -.3784E+01   -.3781E+01   -.3778E+01   -.3775E+01   -.3772E+01   -.3770E+01   -.3768E+01   -.3766E+01   -.3764E+01   -.3762E+01   -.3760E+01   -.3759E+01   -.3758E+01   -.3757E+01   -.3755E+01   -.3754E+01   -.3754E+01   -.3753E+01   -.3752E+01   -.3751E+01   -.3751E+01   -.3750E+01   -.3750E+01
0.3228E+02   -.9012E+01   -.9017E+01   -.9020E+01   -.9026E+01   -.9030E+01   -.9037E+01   -.9040E+01   -.9048E+01   -.9053E+01   -.9062E+01   -.9067E+01   -.9079E+01   -.9085E+01   -.9100E+01   -.9108E+01   -.9127E+01   -.9137E+01   -.9162E+01   -.9176E+01   -.9210E+01   -.9229E+01   -.9275E+01   -.9302E+01   -.9361E+01   -.9390E+01   -.9449E+01   -.9432E+01   -.9406E+01   -.9174E+01   -.9396E+01   -.1063E+02   -.4621E+01   -.3150E+01   -.1116E+01   -.1139E+01   -.1149E+01   -.1257E+01   -.1196E+01   -.1232E+01   -.1191E+01   -.1212E+01   -.1327E+01   -.1367E+01   -.1385E+01   -.1402E+01   -.1416E+01   -.1428E+01   -.1439E+01   -.1449E+01   -.1458E+01   -.1466E+01   -.1473E+01   -.1479E+01   -.1485E+01   -.1490E+01   -.1495E+01   -.1500E+01   -.1504E+01   -.1508E+01   -.1512E+01   -.1516E+01   -.1519E+01   -.1522E+01   -.1525E+01   -.1540E+01   -.1543E+01   -.1545E+01   -.1548E+01   -.1551E+01   -.1554E+01   -.1556E+01   -.1559E+01   -.1561E+01   -.1563E+01   -.1566E+01   -.1568E+01   -.1570E+01   -.1572E+01   -.1574E+01   -.1576E+01   -.1578E+01   -.1580E+01   -.1582E+01   -.1584E+01   -.1586E+01   -.1588E+01   -.1590E+01   -.1591E+01   -.1593E+01   -.1595E+01   -.1597E+01   -.1598E+01   -.1600E+01   -.1602E+01   -.1603E+01   -.1605E+01   -.1607E+01   -.1608E+01   -.1610E+01   -.1611E+01   -.3271E+01   -.3635E+01   -.3733E+01   -.3767E+01   -.3780E+01   -.3784E+01   -.3783E+01   -.3781E+01   -.3779E+01   -.3776E+01   -.3773E+01   -.3770E+01   -.3767E+01   -.3765E+01   -.3763E+01   -.3761E+01   -.3759E+01   -.3758E+01   -.3756E+01   -.3755E+01   -.3754E+01   -.3753E+01   -.3752E+01   -.3751E+01   -.3750E+01   -.3749E+01   -.3749E+01   -.3748E+01   -.3747E+01   -.3747E+01
0.3250E+02   -.9013E+01   -.9017E+01   -.9022E+01   -.9027E+01   -.9032E+01   -.9038E+01   -.9044E+01   -.9050E+01   -.9057E+01   -.9065E+01   -.9073E+01   -.9082E+01   -.9093E+01   -.9104E+01   -.9118E+01   -.9133E+01   -.9151E+01   -.9171E+01   -.9196E+01   -.9223E+01   -.9257E+01   -.9293E+01   -.9338E+01   -.9382E+01   -.9425E+01   -.9443E+01   -.9414E+01   -.9267E+01   -.9288E+01   -.1014E+02   -.7185E+01   -.3306E+01   -.1928E+01   -.9880E+00   -.1173E+01   -.1210E+01   -.1232E+01   -.1214E+01   -.1214E+01   -.1203E+01   -.1280E+01   -.1359E+01   -.1379E+01   -.1396E+01   -.1411E+01   -.1424E+01   -.1436E+01   -.1446E+01   -.1455E+01   -.1463E+01   -.1470E+01   -.1477E+01   -.1483E+01   -.1489E+01   -.1494E+01   -.1498E+01   -.1503E+01   -.1507E+01   -.1511E+01   -.1515E+01   -.1518E+01   -.1521E+01   -.1525E+01   -.1528E+01   -.1542E+01   -.1544E+01   -.1546E+01   -.1549E+01   -.1552E+01   -.1555E+01   -.1557E+01   -.1560E+01   -.1562E+01   -.1564E+01   -.1566E+01   -.1569E+01   -.1571E+01   -.1573E+01   -.1575E+01   -.1577E+01   -.1579E+01   -.1581E+01   -.1583E+01   -.1585E+01   -.1586E+01   -.1588E+01   -.1590E+01   -.1592E+01   -.1594E+01   -.1595E+01   -.1597E+01   -.1599E+01   -.1601E+01   -.1602E+01   -.1604E+01   -.1605E+01   -.1607E+01   -.1609E+01   -.1610E+01   -.1612E+01   -.3270E+01   -.3633E+01   -.3730E+01   -.3764E+01   -.3777E+01   -.3781E+01   -.3781E+01   -.3779E+01   -.3776E+01   -.3773E+01   -.3770E+01   -.3767E+01   -.3765E+01   -.3762E+01   -.3760E+01   -.3758E+01   -.3757E+01   -.3755E+01   -.3754E+01   -.3752E+01   -.3751E+01   -.3750E+01   -.3749E+01   -.3748E+01   -.3747E+01   -.3747E+01   -.3746E+01   -.3745E+01   -.3745E+01   -.3744E+01
0.3272E+02   -.9014E+01   -.9018E+01   -.9024E+01   -.9028E+01   -.9035E+01   -.9039E+01   -.9047E+01   -.9052E+01   -.9062E+01   -.9067E+01   -.9079E+01   -.9086E+01   -.9101E+01   -.9109E+01   -.9129E+01   -.9140E+01   -.9166E+01   -.9181E+01   -.9216E+01   -.9238E+01   -.9285E+01   -.9314E+01   -.9373E+01   -.9402E+01   -.9453E+01   -.9422E+01   -.9361E+01   -.9179E+01   -.9653E+01   -.9748E+01   -.3461E+01   -.2742E+01   -.8371E+00   -.1197E+01   -.1163E+01   -.1267E+01   -.1195E+01   -.1237E+01   -.1192E+01   -.1240E+01   -.1346E+01   -.1373E+01   -.1390E+01   -.1407E+01   -.1420E+01   -.1432E+01   -.1443E+01   -.1452E+01   -.1461E+01   -.1468E+01   -.1475E+01   -.1481E+01   -.1487E+01   -.1492E+01   -.1497E+01   -.1502E+01   -.1506E+01   -.1510E+01   -.1514E+01   -.1517E+01   -.1520E+01   -.1524E+01   -.1527E+01   -.1530E+01   -.1543E+01   -.1546E+01   -.1547E+01   -.1550E+01   -.1553E+01   -.1556E+01   -.1558E+01   -.1560E+01   -.1563E+01   -.1565E+01   -.1567E+01   -.1569E+01   -.1571E+01   -.1573E+01   -.1576E+01   -.1578E+01   -.1579E+01   -.1581E+01   -.1583E+01   -.1585E+01   -.1587E+01   -.1589E+01   -.1591E+01   -.1592E+01   -.1594E+01   -.1596E+01   -.1598E+01   -.1599E+01   -.1601E+01   -.1603E+01   -.1604E+01   -.1606E+01   -.1607E+01   -.1609E+01   -.1611E+01   -.1612E+01   -.3268E+01   -.3631E+01   -.3728E+01   -.3762E+01   -.3775E+01   -.3778E+01   -.3778E+01   -.3776E+01   -.3774E+01   -.3770E+01   -.3768E+01   -.3765E+01   -.3762E+01   -.3760E+01   -.3758E+01   -.3756E+01   -.3754E+01   -.3753E+01   -.3751E+01   -.3750E+01   -.3749E+01   -.3748E+01   -.3747E+01   -.3746E+01   -.3745E+01   -.3744E+01   -.3744E+01   -.3743E+01   -.3742E+01   -.3742E+01
0.3293E+02   -.9014E+01   -.9020E+01   -.9024E+01   -.9031E+01   -.9035E+01   -.9043E+01   -.9048E+01   -.9057E+01   -.9063E+01   -.9074E+01   -.9081E+01   -.9095E+01   -.9104E+01   -.9122E+01   -.9133E+01   -.9157E+01   -.9172E+01   -.9205E+01   -.9226E+01   -.9270E+01   -.9299E+01   -.9356E+01   -.9387E+01   -.9444E+01   -.9432E+01   -.9405E+01   -.9186E+01   -.9380E+01   -.1056E+02   -.4992E+01   -.3180E+01   -.1237E+01   -.1121E+01   -.1156E+01   -.1255E+01   -.1206E+01   -.1236E+01   -.1200E+01   -.1219E+01   -.1309E+01   -.1360E+01   -.1385E+01   -.1402E+01   -.1416E+01   -.1429E+01   -.1440E+01   -.1450E+01   -.1459E+01   -.1466E+01   -.1474E+01   -.1480E+01   -.1486E+01   -.1491E+01   -.1496E+01   -.1501E+01   -.1505E+01   -.1509E+01   -.1513E+01   -.1517E+01   -.1520E+01   -.1524E+01   -.1527E+01   -.1530E+01   -.1533E+01   -.1545E+01   -.1548E+01   -.1549E+01   -.1552E+01   -.1555E+01   -.1557E+01   -.1560E+01   -.1562E+01   -.1564E+01   -.1567E+01   -.1569E+01   -.1571E+01   -.1573E+01   -.1575E+01   -.1577E+01   -.1579E+01   -.1581E+01   -.1583E+01   -.1585E+01   -.1586E+01   -.1588E+01   -.1590E+01   -.1592E+01   -.1594E+01   -.1595E+01   -.1597E+01   -.1599E+01   -.1600E+01   -.1602E+01   -.1604E+01   -.1605E+01   -.1607E+01   -.1609E+01   -.1610E+01   -.1612E+01   -.1613E+01   -.3267E+01   -.3629E+01   -.3726E+01   -.3760E+01   -.3773E+01   -.3777E+01   -.3776E+01   -.3774E+01   -.3772E+01   -.3769E+01   -.3766E+01   -.3763E+01   -.3760E+01   -.3758E+01   -.3756E+01   -.3754E+01   -.3752E+01   -.3751E+01   -.3750E+01   -.3748E+01   -.3747E+01   -.3746E+01   -.3745E+01   -.3744E+01   -.3743E+01   -.3743E+01   -.3742E+01   -.3741E+01   -.3741E+01   -.3740E+01
0.3315E+02   -.9015E+01   -.9020E+01   -.9026E+01   -.9032E+01   -.9038E+01   -.9045E+01   -.9052E+01   -.9060E+01   -.9068E+01   -.9078E+01   -.9088E+01   -.9100E+01   -.9113E+01   -.9129E+01   -.9146E+01   -.9167E+01   -.9191E+01   -.9219E+01   -.9251E+01   -.9290E+01   -.9332E+01   -.9378E+01   -.9420E+01   -.9442E+01   -.9413E+01   -.9279E+01   -.9271E+01   -.1007E+02   -.7553E+01   -.3334E+01   -.2050E+01   -.9699E+00   -.1180E+01   -.1207E+01   -.1241E+01   -.1216E+01   -.1222E+01   -.1208E+01   -.1269E+01   -.1341E+01   -.1375E+01   -.1396E+01   -.1411E+01   -.1424E+01   -.1436E+01   -.1447E+01   -.1456E+01   -.1464E+01   -.1471E+01   -.1478E+01   -.1484E+01   -.1490E+01   -.1495E+01   -.1500E+01   -.1504E+01   -.1508E+01   -.1512E+01   -.1516E+01   -.1519E+01   -.1523E+01   -.1526E+01   -.1529E+01   -.1532E+01   -.1535E+01   -.1546E+01   -.1549E+01   -.1551E+01   -.1553E+01   -.1556E+01   -.1558E+01   -.1561E+01   -.1563E+01   -.1565E+01   -.1568E+01   -.1570E+01   -.1572E+01   -.1574E+01   -.1576E+01   -.1578E+01   -.1580E+01   -.1582E+01   -.1584E+01   -.1585E+01   -.1587E+01   -.1589E+01   -.1591E+01   -.1593E+01   -.1594E+01   -.1596E+01   -.1598E+01   -.1599E+01   -.1601E+01   -.1603E+01   -.1604E+01   -.1606E+01   -.1608E+01   -.1609E+01   -.1611E+01   -.1612E+01   -.1614E+01   -.3266E+01   -.3627E+01   -.3724E+01   -.3758E+01   -.3771E+01   -.3775E+01   -.3775E+01   -.3773E+01   -.3770E+01   -.3767E+01   -.3764E+01   -.3761E+01   -.3758E+01   -.3756E+01   -.3754E+01   -.3752E+01   -.3751E+01   -.3749E+01   -.3748E+01   -.3746E+01   -.3745E+01   -.3744E+01   -.3743E+01   -.3742E+01   -.3741E+01   -.3741E+01   -.3740E+01   -.3739E+01   -.3739E+01   -.3738E+01
0.3337E+02   -.9016E+01   -.9021E+01   -.9028E+01   -.9033E+01   -.9041E+01   -.9046E+01   -.9056E+01   -.9062E+01   -.9074E+01   -.9081E+01   -.9096E+01   -.9105E+01   -.9125E+01   -.9135E+01   -.9162E+01   -.9176E+01   -.9212E+01   -.9233E+01   -.9281E+01   -.9308E+01   -.9369E+01   -.9396E+01   -.9452E+01   -.9421E+01   -.9372E+01   -.9161E+01   -.9581E+01   -.1011E+02   -.3487E+01   -.2864E+01   -.8184E+00   -.1204E+01   -.1159E+01   -.1276E+01   -.1195E+01   -.1245E+01   -.1195E+01   -.1238E+01   -.1321E+01   -.1356E+01   -.1390E+01   -.1407E+01   -.1420E+01   -.1433E+01   -.1443E+01   -.1453E+01   -.1461E+01   -.1469E+01   -.1476E+01   -.1482E+01   -.1488E+01   -.1493E+01   -.1498E+01   -.1503E+01   -.1507E+01   -.1511E+01   -.1515E+01   -.1518E+01   -.1522E+01   -.1525E+01   -.1528E+01   -.1531E+01   -.1534E+01   -.1537E+01   -.1548E+01   -.1550E+01   -.1552E+01   -.1555E+01   -.1557E+01   -.1559E+01   -.1562E+01   -.1564E+01   -.1566E+01   -.1568E+01   -.1570E+01   -.1572E+01   -.1575E+01   -.1577E+01   -.1578E+01   -.1580E+01   -.1582E+01   -.1584E+01   -.1586E+01   -.1588E+01   -.1590E+01   -.1591E+01   -.1593E+01   -.1595E+01   -.1597E+01   -.1598E+01   -.1600E+01   -.1602E+01   -.1603E+01   -.1605E+01   -.1607E+01   -.1608E+01   -.1610E+01   -.1611E+01   -.1613E+01   -.1614E+01   -.3264E+01   -.3626E+01   -.3723E+01   -.3757E+01   -.3769E+01   -.3773E+01   -.3773E+01   -.3771E+01   -.3768E+01   -.3765E+01   -.3762E+01   -.3759E+01   -.3757E+01   -.3754E+01   -.3752E+01   -.3750E+01   -.3749E+01   -.3747E+01   -.3746E+01   -.3745E+01   -.3743E+01   -.3742E+01   -.3741E+01   -.3740E+01   -.3740E+01   -.3739E+01   -.3738E+01   -.3738E+01   -.3737E+01   -.3736E+01
0.3358E+02   -.9016E+01   -.9023E+01   -.9028E+01   -.9036E+01   -.9042E+01   -.9051E+01   -.9057E+01   -.9069E+01   -.9076E+01   -.9090E+01   -.9099E+01   -.9117E+01   -.9129E+01   -.9152E+01   -.9168E+01   -.9200E+01   -.9222E+01   -.9264E+01   -.9295E+01   -.9349E+01   -.9383E+01   -.9438E+01   -.9431E+01   -.9404E+01   -.9197E+01   -.9362E+01   -.1049E+02   -.5360E+01   -.3206E+01   -.1356E+01   -.1102E+01   -.1162E+01   -.1251E+01   -.1214E+01   -.1236E+01   -.1207E+01   -.1223E+01   -.1287E+01   -.1335E+01   -.1380E+01   -.1402E+01   -.1415E+01   -.1429E+01   -.1440E+01   -.1450E+01   -.1459E+01   -.1467E+01   -.1474E+01   -.1481E+01   -.1487E+01   -.1492E+01   -.1497E+01   -.1502E+01   -.1506E+01   -.1510E+01   -.1514E+01   -.1518E+01   -.1521E+01   -.1525E+01   -.1528E+01   -.1531E+01   -.1534E+01   -.1536E+01   -.1539E+01   -.1550E+01   -.1552E+01   -.1554E+01   -.1556E+01   -.1559E+01   -.1561E+01   -.1563E+01   -.1565E+01   -.1568E+01   -.1570E+01   -.1572E+01   -.1574E+01   -.1576E+01   -.1578E+01   -.1580E+01   -.1582E+01   -.1584E+01   -.1585E+01   -.1587E+01   -.1589E+01   -.1591E+01   -.1593E+01   -.1594E+01   -.1596E+01   -.1598E+01   -.1599E+01   -.1601E+01   -.1603E+01   -.1604E+01   -.1606E+01   -.1608E+01   -.1609E+01   -.1611E+01   -.1612E+01   -.1614E+01   -.1615E+01   -.3264E+01   -.3625E+01   -.3721E+01   -.3755E+01   -.3768E+01   -.3771E+01   -.3771E+01   -.3769E+01   -.3767E+01   -.3764E+01   -.3761E+01   -.3758E+01   -.3755E+01   -.3753E+01   -.3751E+01   -.3749E+01   -.3747E+01   -.3746E+01   -.3744E+01   -.3743E+01   -.3742E+01   -.3741E+01   -.3740E+01   -.3739E+01   -.3738E+01   -.3737E+01   -.3737E+01   -.3736E+01   -.3735E+01   -.3735E+01
0.3380E+02   -.9017E+01   -.9024E+01   -.9030E+01   -.9038E+01   -.9045E+01   -.9054E+01   -.9062E+01   -.9072E+01   -.9082E+01   -.9095E+01   -.9108E+01   -.9124E+01   -.9141E+01   -.9163E+01   -.9185E+01   -.9215E+01   -.9245E+01   -.9285E+01   -.9325E+01   -.9374E+01   -.9414E+01   -.9441E+01   -.9412E+01   -.9290E+01   -.9253E+01   -.1000E+02   -.7920E+01   -.3358E+01   -.2169E+01   -.9502E+00   -.1185E+01   -.1203E+01   -.1248E+01   -.1216E+01   -.1229E+01   -.1210E+01   -.1258E+01   -.1315E+01   -.1360E+01   -.1396E+01   -.1411E+01   -.1424E+01   -.1436E+01   -.1447E+01   -.1456E+01   -.1465E+01   -.1472E+01   -.1479E+01   -.1485E+01   -.1491E+01   -.1496E+01   -.1501E+01   -.1505E+01   -.1509E+01   -.1513E+01   -.1517E+01   -.1520E+01   -.1524E+01   -.1527E+01   -.1530E+01   -.1533E+01   -.1536E+01   -.1539E+01   -.1541E+01   -.1551E+01   -.1554E+01   -.1555E+01   -.1558E+01   -.1560E+01   -.1562E+01   -.1564E+01   -.1567E+01   -.1569E+01   -.1571E+01   -.1573E+01   -.1575E+01   -.1577E+01   -.1579E+01   -.1581E+01   -.1583E+01   -.1585E+01   -.1586E+01   -.1588E+01   -.1590E+01   -.1592E+01   -.1593E+01   -.1595E+01   -.1597E+01   -.1599E+01   -.1600E+01   -.1602E+01   -.1604E+01   -.1605E+01   -.1607E+01   -.1608E+01   -.1610E+01   -.1612E+01   -.1613E+01   -.1615E+01   -.1616E+01   -.3263E+01   -.3624E+01   -.3720E+01   -.3754E+01   -.3767E+01   -.3770E+01   -.3770E+01   -.3768E+01   -.3765E+01   -.3762E+01   -.3759E+01   -.3757E+01   -.3754E+01   -.3752E+01   -.3750E+01   -.3748E+01   -.3746E+01   -.3745E+01   -.3743E+01   -.3742E+01   -.3741E+01   -.3740E+01   -.3739E+01   -.3738E+01   -.3737E+01   -.3736E+01   -.3736E+01   -.3735E+01   -.3734E+01   -.3734E+01
0.3402E+02   -.9019E+01   -.9024E+01   -.9033E+01   -.9039E+01   -.9049E+01   -.9055E+01   -.9068E+01   -.9074E+01   -.9091E+01   -.9099E+01   -.9120E+01   -.9130E+01   -.9157E+01   -.9171E+01   -.9207E+01   -.9226E+01   -.9276E+01   -.9301E+01   -.9365E+01   -.9390E+01   -.9450E+01   -.9420E+01   -.9382E+01   -.9143E+01   -.9508E+01   -.1048E+02   -.3510E+01   -.2983E+01   -.7982E+00   -.1209E+01   -.1154E+01   -.1283E+01   -.1195E+01   -.1251E+01   -.1196E+01   -.1237E+01   -.1297E+01   -.1331E+01   -.1390E+01   -.1407E+01   -.1420E+01   -.1433E+01   -.1443E+01   -.1454E+01   -.1462E+01   -.1470E+01   -.1477E+01   -.1483E+01   -.1489E+01   -.1494E+01   -.1499E+01   -.1504E+01   -.1508E+01   -.1512E+01   -.1516E+01   -.1519E+01   -.1523E+01   -.1526E+01   -.1529E+01   -.1532E+01   -.1535E+01   -.1538E+01   -.1541E+01   -.1543E+01   -.1553E+01   -.1555E+01   -.1556E+01   -.1559E+01   -.1561E+01   -.1563E+01   -.1566E+01   -.1568E+01   -.1570E+01   -.1572E+01   -.1574E+01   -.1576E+01   -.1578E+01   -.1580E+01   -.1582E+01   -.1584E+01   -.1585E+01   -.1587E+01   -.1589E+01   -.1591E+01   -.1593E+01   -.1594E+01   -.1596E+01   -.1598E+01   -.1599E+01   -.1601E+01   -.1603E+01   -.1604E+01   -.1606E+01   -.1608E+01   -.1609E+01   -.1611E+01   -.1612E+01   -.1614E+01   -.1615E+01   -.1617E+01   -.3263E+01   -.3623E+01   -.3719E+01   -.3753E+01   -.3766E+01   -.3769E+01   -.3769E+01   -.3767E+01   -.3765E+01   -.3762E+01   -.3759E+01   -.3756E+01   -.3753E+01   -.3751E+01   -.3749E+01   -.3747E+01   -.3745E+01   -.3744E+01   -.3742E+01   -.3741E+01   -.3740E+01   -.3739E+01   -.3738E+01   -.3737E+01   -.3736E+01   -.3735E+01   -.3735E+01   -.3734E+01   -.3734E+01   -.3733E+01
0.3423E+02   -.9019E+01   -.9027E+01   -.9034E+01   -.9043E+01   -.9050E+01   -.9061E+01   -.9070E+01   -.9083E+01   -.9093E+01   -.9111E+01   -.9124E+01   -.9146E+01   -.9163E+01   -.9194E+01   -.9217E+01   -.9258E+01   -.9290E+01   -.9343E+01   -.9378E+01   -.9431E+01   -.9429E+01   -.9402E+01   -.9207E+01   -.9344E+01   -.1042E+02   -.5726E+01   -.3230E+01   -.1474E+01   -.1082E+01   -.1167E+01   -.1246E+01   -.1221E+01   -.1236E+01   -.1213E+01   -.1223E+01   -.1273E+01   -.1312E+01   -.1371E+01   -.1401E+01   -.1415E+01   -.1429E+01   -.1440E+01   -.1450E+01   -.1459E+01   -.1468E+01   -.1475E+01   -.1481E+01   -.1487E+01   -.1493E+01   -.1498E+01   -.1503E+01   -.1507E+01   -.1511E+01   -.1515E+01   -.1519E+01   -.1522E+01   -.1525E+01   -.1529E+01   -.1532E+01   -.1535E+01   -.1537E+01   -.1540E+01   -.1543E+01   -.1545E+01   -.1555E+01   -.1557E+01   -.1558E+01   -.1560E+01   -.1563E+01   -.1565E+01   -.1567E+01   -.1569E+01   -.1571E+01   -.1573E+01   -.1575E+01   -.1577E+01   -.1579E+01   -.1581E+01   -.1583E+01   -.1585E+01   -.1587E+01   -.1589E+01   -.1590E+01   -.1592E+01   -.1594E+01   -.1596E+01   -.1597E+01   -.1599E+01   -.1601E+01   -.1602E+01   -.1604E+01   -.1606E+01   -.1607E+01   -.1609E+01   -.1610E+01   -.1612E+01   -.1613E+01   -.1615E+01   -.1617E+01   -.1618E+01   -.3262E+01   -.3622E+01   -.3719E+01   -.3752E+01   -.3765E+01   -.3769E+01   -.3768E+01   -.3767E+01   -.3764E+01   -.3761E+01   -.3758E+01   -.3755E+01   -.3752E+01   -.3750E+01   -.3748E+01   -.3746E+01   -.3745E+01   -.3743E+01   -.3742E+01   -.3740E+01   -.3739E+01   -.3738E+01   -.3737E+01   -.3736E+01   -.3735E+01   -.3735E+01   -.3734E+01   -.3733E+01   -.3733E+01   -.3732E+01
0.3445E+02   -.9021E+01   -.9029E+01   -.9036E+01   -.9046E+01   -.9054E+01   -.9065E+01   -.9075E+01   -.9089E+01   -.9101E+01   -.9118E+01   -.9134E+01   -.9157E+01   -.9179E+01   -.9209E+01   -.9239E+01   -.9280E+01   -.9318E+01   -.9369E+01   -.9407E+01   -.9438E+01   -.9410E+01   -.9300E+01   -.9234E+01   -.9928E+01   -.8284E+01   -.3381E+01   -.2287E+01   -.9294E+00   -.1190E+01   -.1197E+01   -.1255E+01   -.1214E+01   -.1234E+01   -.1210E+01   -.1253E+01   -.1297E+01   -.1344E+01   -.1395E+01   -.1411E+01   -.1424E+01   -.1437E+01   -.1447E+01   -.1456E+01   -.1465E+01   -.1473E+01   -.1479E+01   -.1486E+01   -.1491E+01   -.1496E+01   -.1501E+01   -.1506E+01   -.1510E+01   -.1514E+01   -.1518E+01   -.1521E+01   -.1525E+01   -.1528E+01   -.1531E+01   -.1534E+01   -.1537E+01   -.1540E+01   -.1542E+01   -.1545E+01   -.1547E+01   -.1556E+01   -.1558E+01   -.1559E+01   -.1562E+01   -.1564E+01   -.1566E+01   -.1568E+01   -.1570E+01   -.1573E+01   -.1575E+01   -.1577E+01   -.1579E+01   -.1580E+01   -.1582E+01   -.1584E+01   -.1586E+01   -.1588E+01   -.1590E+01   -.1591E+01   -.1593E+01   -.1595E+01   -.1597E+01   -.1598E+01   -.1600E+01   -.1602E+01   -.1603E+01   -.1605E+01   -.1607E+01   -.1608E+01   -.1610E+01   -.1611E+01   -.1613E+01   -.1614E+01   -.1616E+01   -.1618E+01   -.1619E+01   -.3262E+01   -.3622E+01   -.3718E+01   -.3752E+01   -.3764E+01   -.3768E+01   -.3768E+01   -.3766E+01   -.3763E+01   -.3760E+01   -.3757E+01   -.3754E+01   -.3752E+01   -.3749E+01   -.3747E+01   -.3745E+01   -.3744E+01   -.3742E+01   -.3741E+01   -.3740E+01   -.3738E+01   -.3737E+01   -.3736E+01   -.3736E+01   -.3735E+01   -.3734E+01   -.3733E+01   -.3733E+01   -.3732E+01   -.3732E+01
0.3467E+02   -.9023E+01   -.9029E+01   -.9040E+01   -.9046E+01   -.9060E+01   -.9067E+01   -.9084E+01   -.9091E+01   -.9113E+01   -.9122E+01   -.9151E+01   -.9164E+01   -.9201E+01   -.9219E+01   -.9270E+01   -.9294E+01   -.9359E+01   -.9383E+01   -.9448E+01   -.9417E+01   -.9392E+01   -.9124E+01   -.9435E+01   -.1084E+02   -.3532E+01   -.3101E+01   -.7769E+00   -.1213E+01   -.1148E+01   -.1289E+01   -.1193E+01   -.1255E+01   -.1196E+01   -.1237E+01   -.1283E+01   -.1312E+01   -.1389E+01   -.1407E+01   -.1420E+01   -.1433E+01   -.1443E+01   -.1454E+01   -.1462E+01   -.1470E+01   -.1477E+01   -.1484E+01   -.1489E+01   -.1495E+01   -.1500E+01   -.1504E+01   -.1509E+01   -.1513E+01   -.1517E+01   -.1520E+01   -.1524E+01   -.1527E+01   -.1530E+01   -.1533E+01   -.1536E+01   -.1539E+01   -.1542E+01   -.1544E+01   -.1547E+01   -.1549E+01   -.1558E+01   -.1559E+01   -.1561E+01   -.1563E+01   -.1565E+01   -.1567E+01   -.1570E+01   -.1572E+01   -.1574E+01   -.1576E+01   -.1578E+01   -.1580E+01   -.1581E+01   -.1583E+01   -.1585E+01   -.1587E+01   -.1589E+01   -.1591E+01   -.1592E+01   -.1594E+01   -.1596E+01   -.1598E+01   -.1599E+01   -.1601E+01   -.1603E+01   -.1604E+01   -.1606E+01   -.1607E+01   -.1609E+01   -.1611E+01   -.1612E+01   -.1614E+01   -.1615E+01   -.1617E+01   -.1618E+01   -.1620E+01   -.3261E+01   -.3621E+01   -.3717E+01   -.3751E+01   -.3763E+01   -.3767E+01   -.3767E+01   -.3765E+01   -.3762E+01   -.3759E+01   -.3756E+01   -.3753E+01   -.3751E+01   -.3749E+01   -.3747E+01   -.3745E+01   -.3743E+01   -.3741E+01   -.3740E+01   -.3739E+01   -.3738E+01   -.3737E+01   -.3736E+01   -.3735E+01   -.3734E+01   -.3733E+01   -.3732E+01   -.3732E+01   -.3731E+01   -.3731E+01
0.3488E+02   -.9023E+01   -.9033E+01   -.9041E+01   -.9052E+01   -.9061E+01   -.9075E+01   -.9086E+01   -.9103E+01   -.9117E+01   -.9139E+01   -.9157E+01   -.9186E+01   -.9211E+01   -.9251E+01   -.9284E+01   -.9335E+01   -.9373E+01   -.9423E+01   -.9426E+01   -.9399E+01   -.9217E+01   -.9325E+01   -.1035E+02   -.6090E+01   -.3252E+01   -.1590E+01   -.1060E+01   -.1170E+01   -.1240E+01   -.1226E+01   -.1234E+01   -.1217E+01   -.1223E+01   -.1264E+01   -.1298E+01   -.1362E+01   -.1401E+01   -.1415E+01   -.1429E+01   -.1440E+01   -.1450E+01   -.1459E+01   -.1468E+01   -.1475E+01   -.1482E+01   -.1488E+01   -.1493E+01   -.1498E+01   -.1503E+01   -.1508E+01   -.1512E+01   -.1516E+01   -.1519E+01   -.1523E+01   -.1526E+01   -.1529E+01   -.1532E+01   -.1535E+01   -.1538E+01   -.1541E+01   -.1544E+01   -.1546E+01   -.1549E+01   -.1551E+01   -.1559E+01   -.1561E+01   -.1562E+01   -.1565E+01   -.1567E+01   -.1569E+01   -.1571E+01   -.1573E+01   -.1575E+01   -.1577E+01   -.1579E+01   -.1581E+01   -.1583E+01   -.1585E+01   -.1586E+01   -.1588E+01   -.1590E+01   -.1592E+01   -.1594E+01   -.1595E+01   -.1597E+01   -.1599E+01   -.1600E+01   -.1602E+01   -.1604E+01   -.1605E+01   -.1607E+01   -.1609E+01   -.1610E+01   -.1612E+01   -.1613E+01   -.1615E+01   -.1616E+01   -.1618E+01   -.1619E+01   -.1621E+01   -.3261E+01   -.3620E+01   -.3716E+01   -.3750E+01   -.3762E+01   -.3766E+01   -.3766E+01   -.3764E+01   -.3761E+01   -.3758E+01   -.3755E+01   -.3752E+01   -.3750E+01   -.3748E+01   -.3746E+01   -.3744E+01   -.3742E+01   -.3740E+01   -.3739E+01   -.3738E+01   -.3737E+01   -.3736E+01   -.3735E+01   -.3734E+01   -.3733E+01   -.3732E+01   -.3731E+01   -.3731E+01   -.3730E+01   -.3730E+01
0.3510E+02   -.9025E+01   -.9035E+01   -.9044E+01   -.9056E+01   -.9066E+01   -.9080E+01   -.9093E+01   -.9111E+01   -.9126E+01   -.9150E+01   -.9171E+01   -.9203E+01   -.9231E+01   -.9274E+01   -.9310E+01   -.9363E+01   -.9399E+01   -.9435E+01   -.9407E+01   -.9309E+01   -.9215E+01   -.9854E+01   -.8647E+01   -.3402E+01   -.2403E+01   -.9077E+00   -.1193E+01   -.1190E+01   -.1260E+01   -.1212E+01   -.1238E+01   -.1209E+01   -.1249E+01   -.1286E+01   -.1331E+01   -.1395E+01   -.1411E+01   -.1424E+01   -.1437E+01   -.1447E+01   -.1457E+01   -.1465E+01   -.1473E+01   -.1479E+01   -.1486E+01   -.1492E+01   -.1497E+01   -.1502E+01   -.1506E+01   -.1511E+01   -.1515E+01   -.1518E+01   -.1522E+01   -.1525E+01   -.1529E+01   -.1532E+01   -.1535E+01   -.1538E+01   -.1540E+01   -.1543E+01   -.1546E+01   -.1548E+01   -.1551E+01   -.1553E+01   -.1561E+01   -.1563E+01   -.1564E+01   -.1566E+01   -.1568E+01   -.1570E+01   -.1572E+01   -.1574E+01   -.1576E+01   -.1578E+01   -.1580E+01   -.1582E+01   -.1584E+01   -.1586E+01   -.1588E+01   -.1589E+01   -.1591E+01   -.1593E+01   -.1595E+01   -.1596E+01   -.1598E+01   -.1600E+01   -.1602E+01   -.1603E+01   -.1605E+01   -.1606E+01   -.1608E+01   -.1610E+01   -.1611E+01   -.1613E+01   -.1614E+01   -.1616E+01   -.1617E+01   -.1619E+01   -.1620E+01   -.1622E+01   -.3261E+01   -.3620E+01   -.3716E+01   -.3749E+01   -.3762E+01   -.3765E+01   -.3765E+01   -.3763E+01   -.3760E+01   -.3757E+01   -.3754E+01   -.3752E+01   -.3749E+01   -.3747E+01   -.3745E+01   -.3743E+01   -.3741E+01   -.3740E+01   -.3738E+01   -.3737E+01   -.3736E+01   -.3735E+01   -.3734E+01   -.3733E+01   -.3732E+01   -.3731E+01   -.3731E+01   -.3730E+01   -.3729E+01   -.3729E+01
0.3532E+02   -.9028E+01   -.9035E+01   -.9049E+01   -.9057E+01   -.9074E+01   -.9083E+01   -.9104E+01   -.9115E+01   -.9142E+01   -.9156E+01   -.9193E+01   -.9212E+01   -.9262E+01   -.9287E+01   -.9351E+01   -.9377E+01   -.9440E+01   -.9414E+01   -.9388E+01   -.9133E+01   -.9415E+01   -.1077E+02   -.3897E+01   -.3122E+01   -.8928E+00   -.1191E+01   -.1151E+01   -.1282E+01   -.1198E+01   -.1253E+01   -.1200E+01   -.1236E+01   -.1274E+01   -.1301E+01   -.1386E+01   -.1407E+01   -.1419E+01   -.1433E+01   -.1443E+01   -.1454E+01   -.1462E+01   -.1471E+01   -.1477E+01   -.1484E+01   -.1490E+01   -.1495E+01   -.1500E+01   -.1505E+01   -.1509E+01   -.1514E+01   -.1517E+01   -.1521E+01   -.1524E+01   -.1528E+01   -.1531E+01   -.1534E+01   -.1537E+01   -.1540E+01   -.1542E+01   -.1545E+01   -.1548E+01   -.1550E+01   -.1553E+01   -.1555E+01   -.1562E+01   -.1564E+01   -.1565E+01   -.1567E+01   -.1570E+01   -.1572E+01   -.1574E+01   -.1576E+01   -.1578E+01   -.1580E+01   -.1581E+01   -.1583E+01   -.1585E+01   -.1587E+01   -.1589E+01   -.1591E+01   -.1592E+01   -.1594E+01   -.1596E+01   -.1598E+01   -.1599E+01   -.1601E+01   -.1603E+01   -.1604E+01   -.1606E+01   -.1607E+01   -.1609E+01   -.1611E+01   -.1612E+01   -.1614E+01   -.1615E+01   -.1617E+01   -.1618E+01   -.1620E+01   -.1621E+01   -.1623E+01   -.3261E+01   -.3619E+01   -.3715E+01   -.3749E+01   -.3761E+01   -.3765E+01   -.3765E+01   -.3763E+01   -.3760E+01   -.3757E+01   -.3754E+01   -.3751E+01   -.3749E+01   -.3746E+01   -.3744E+01   -.3742E+01   -.3741E+01   -.3739E+01   -.3738E+01   -.3736E+01   -.3735E+01   -.3734E+01   -.3733E+01   -.3732E+01   -.3732E+01   -.3731E+01   -.3730E+01   -.3729E+01   -.3729E+01   -.3728E+01
0.3553E+02   -.9029E+01   -.9040E+01   -.9050E+01   -.9064E+01   -.9076E+01   -.9093E+01   -.9108E+01   -.9129E+01   -.9149E+01   -.9177E+01   -.9204E+01   -.9242E+01   -.9277E+01   -.9326E+01   -.9366E+01   -.9415E+01   -.9423E+01   -.9395E+01   -.9225E+01   -.9305E+01   -.1027E+02   -.6453E+01   -.3272E+01   -.1706E+01   -.1038E+01   -.1174E+01   -.1232E+01   -.1231E+01   -.1231E+01   -.1220E+01   -.1222E+01   -.1260E+01   -.1290E+01   -.1355E+01   -.1401E+01   -.1415E+01   -.1428E+01   -.1440E+01   -.1450E+01   -.1459E+01   -.1468E+01   -.1475E+01   -.1482E+01   -.1488E+01   -.1494E+01   -.1499E+01   -.1504E+01   -.1508E+01   -.1513E+01   -.1516E+01   -.1520E+01   -.1524E+01   -.1527E+01   -.1530E+01   -.1533E+01   -.1536E+01   -.1539E+01   -.1542E+01   -.1545E+01   -.1547E+01   -.1550E+01   -.1552E+01   -.1555E+01   -.1557E+01   -.1564E+01   -.1566E+01   -.1567E+01   -.1569E+01   -.1571E+01   -.1573E+01   -.1575E+01   -.1577E+01   -.1579E+01   -.1581E+01   -.1583E+01   -.1585E+01   -.1587E+01   -.1589E+01   -.1590E+01   -.1592E+01   -.1594E+01   -.1596E+01   -.1597E+01   -.1599E+01   -.1601E+01   -.1602E+01   -.1604E+01   -.1606E+01   -.1607E+01   -.1609E+01   -.1610E+01   -.1612E+01   -.1614E+01   -.1615E+01   -.1617E+01   -.1618E+01   -.1620E+01   -.1621E+01   -.1623E+01   -.1624E+01   -.3261E+01   -.3619E+01   -.3715E+01   -.3749E+01   -.3761E+01   -.3765E+01   -.3764E+01   -.3762E+01   -.3760E+01   -.3757E+01   -.3754E+01   -.3751E+01   -.3748E+01   -.3746E+01   -.3744E+01   -.3742E+01   -.3740E+01   -.3739E+01   -.3738E+01   -.3736E+01   -.3735E+01   -.3734E+01   -.3733E+01   -.3732E+01   -.3731E+01   -.3731E+01   -.3730E+01   -.3729E+01   -.3729E+01   -.3728E+01
0.3575E+02   -.9030E+01   -.9043E+01   -.9054E+01   -.9069E+01   -.9082E+01   -.9101E+01   -.9116E+01   -.9141E+01   -.9161E+01   -.9195E+01   -.9221E+01   -.9266E+01   -.9301E+01   -.9356E+01   -.9390E+01   -.9431E+01   -.9402E+01   -.9317E+01   -.9194E+01   -.9779E+01   -.9009E+01   -.3422E+01   -.2519E+01   -.8852E+00   -.1196E+01   -.1183E+01   -.1265E+01   -.1209E+01   -.1241E+01   -.1207E+01   -.1247E+01   -.1279E+01   -.1322E+01   -.1395E+01   -.1411E+01   -.1424E+01   -.1437E+01   -.1447E+01   -.1457E+01   -.1465E+01   -.1473E+01   -.1480E+01   -.1486E+01   -.1492E+01   -.1498E+01   -.1503E+01   -.1507E+01   -.1511E+01   -.1515E+01   -.1519E+01   -.1523E+01   -.1526E+01   -.1530E+01   -.1533E+01   -.1536E+01   -.1539E+01   -.1541E+01   -.1544E+01   -.1547E+01   -.1549E+01   -.1552E+01   -.1554E+01   -.1557E+01   -.1559E+01   -.1566E+01   -.1567E+01   -.1569E+01   -.1571E+01   -.1573E+01   -.1575E+01   -.1577E+01   -.1579E+01   -.1581E+01   -.1583E+01   -.1585E+01   -.1586E+01   -.1588E+01   -.1590E+01   -.1592E+01   -.1594E+01   -.1595E+01   -.1597E+01   -.1599E+01   -.1600E+01   -.1602E+01   -.1604E+01   -.1605E+01   -.1607E+01   -.1609E+01   -.1610E+01   -.1612E+01   -.1613E+01   -.1615E+01   -.1616E+01   -.1618E+01   -.1620E+01   -.1621E+01   -.1623E+01   -.1624E+01   -.1625E+01   -.3261E+01   -.3619E+01   -.3715E+01   -.3748E+01   -.3761E+01   -.3764E+01   -.3764E+01   -.3762E+01   -.3759E+01   -.3756E+01   -.3753E+01   -.3751E+01   -.3748E+01   -.3746E+01   -.3744E+01   -.3742E+01   -.3740E+01   -.3739E+01   -.3737E+01   -.3736E+01   -.3735E+01   -.3734E+01   -.3733E+01   -.3732E+01   -.3731E+01   -.3730E+01   -.3730E+01   -.3729E+01   -.3728E+01   -.3728E+01
0.3597E+02   -.9034E+01   -.9044E+01   -.9061E+01   -.9071E+01   -.9092E+01   -.9105E+01   -.9132E+01   -.9147E+01   -.9183E+01   -.9204E+01   -.9252E+01   -.9279E+01   -.9341E+01   -.9369E+01   -.9430E+01   -.9410E+01   -.9384E+01   -.9141E+01   -.9394E+01   -.1069E+02   -.4259E+01   -.3142E+01   -.1008E+01   -.1169E+01   -.1153E+01   -.1275E+01   -.1202E+01   -.1250E+01   -.1203E+01   -.1234E+01   -.1269E+01   -.1294E+01   -.1381E+01   -.1406E+01   -.1419E+01   -.1433E+01   -.1443E+01   -.1454E+01   -.1462E+01   -.1471E+01   -.1478E+01   -.1485E+01   -.1490E+01   -.1496E+01   -.1501E+01   -.1506E+01   -.1510E+01   -.1514E+01   -.1518E+01   -.1522E+01   -.1525E+01   -.1529E+01   -.1532E+01   -.1535E+01   -.1538E+01   -.1541E+01   -.1544E+01   -.1546E+01   -.1549E+01   -.1551E+01   -.1554E+01   -.1556E+01   -.1558E+01   -.1561E+01   -.1567E+01   -.1569E+01   -.1570E+01   -.1572E+01   -.1574E+01   -.1576E+01   -.1578E+01   -.1580E+01   -.1582E+01   -.1584E+01   -.1586E+01   -.1588E+01   -.1590E+01   -.1591E+01   -.1593E+01   -.1595E+01   -.1597E+01   -.1598E+01   -.1600E+01   -.1602E+01   -.1603E+01   -.1605E+01   -.1607E+01   -.1608E+01   -.1610E+01   -.1611E+01   -.1613E+01   -.1615E+01   -.1616E+01   -.1618E+01   -.1619E+01   -.1621E+01   -.1622E+01   -.1624E+01   -.1625E+01   -.1627E+01   -.3261E+01   -.3618E+01   -.3714E+01   -.3748E+01   -.3760E+01   -.3764E+01   -.3763E+01   -.3761E+01   -.3759E+01   -.3756E+01   -.3753E+01   -.3750E+01   -.3747E+01   -.3745E+01   -.3743E+01   -.3741E+01   -.3740E+01   -.3738E+01   -.3737E+01   -.3735E+01   -.3734E+01   -.3733E+01   -.3732E+01   -.3731E+01   -.3730E+01   -.3730E+01   -.3729E+01   -.3728E+01   -.3728E+01   -.3727E+01
0.3618E+02   -.9035E+01   -.9049E+01   -.9063E+01   -.9080E+01   -.9097E+01   -.9118E+01   -.9139E+01   -.9166E+01   -.9194E+01   -.9231E+01   -.9268E+01   -.9315E+01   -.9358E+01   -.9405E+01   -.9418E+01   -.9390E+01   -.9232E+01   -.9283E+01   -.1020E+02   -.6815E+01   -.3291E+01   -.1820E+01   -.1015E+01   -.1176E+01   -.1225E+01   -.1236E+01   -.1227E+01   -.1223E+01   -.1220E+01   -.1257E+01   -.1285E+01   -.1348E+01   -.1400E+01   -.1415E+01   -.1428E+01   -.1440E+01   -.1451E+01   -.1460E+01   -.1468E+01   -.1476E+01   -.1482E+01   -.1489E+01   -.1494E+01   -.1500E+01   -.1505E+01   -.1509E+01   -.1513E+01   -.1517E+01   -.1521E+01   -.1525E+01   -.1528E+01   -.1531E+01   -.1534E+01   -.1537E+01   -.1540E+01   -.1543E+01   -.1546E+01   -.1548E+01   -.1551E+01   -.1554E+01   -.1556E+01   -.1558E+01   -.1560E+01   -.1563E+01   -.1569E+01   -.1571E+01   -.1572E+01   -.1574E+01   -.1576E+01   -.1578E+01   -.1580E+01   -.1582E+01   -.1584E+01   -.1586E+01   -.1587E+01   -.1589E+01   -.1591E+01   -.1593E+01   -.1595E+01   -.1596E+01   -.1598E+01   -.1600E+01   -.1601E+01   -.1603E+01   -.1605E+01   -.1606E+01   -.1608E+01   -.1610E+01   -.1611E+01   -.1613E+01   -.1614E+01   -.1616E+01   -.1617E+01   -.1619E+01   -.1621E+01   -.1622E+01   -.1624E+01   -.1625E+01   -.1627E+01   -.1628E+01   -.3261E+01   -.3618E+01   -.3714E+01   -.3747E+01   -.3760E+01   -.3763E+01   -.3763E+01   -.3761E+01   -.3758E+01   -.3755E+01   -.3752E+01   -.3750E+01   -.3747E+01   -.3745E+01   -.3743E+01   -.3741E+01   -.3739E+01   -.3738E+01   -.3736E+01   -.3735E+01   -.3734E+01   -.3733E+01   -.3732E+01   -.3731E+01   -.3730E+01   -.3729E+01   -.3729E+01   -.3728E+01   -.3727E+01   -.3727E+01
0.3640E+02   -.9038E+01   -.9054E+01   -.9067E+01   -.9088E+01   -.9103E+01   -.9130E+01   -.9149E+01   -.9184E+01   -.9210E+01   -.9256E+01   -.9289E+01   -.9347E+01   -.9379E+01   -.9425E+01   -.9397E+01   -.9323E+01   -.9172E+01   -.9702E+01   -.9369E+01   -.3441E+01   -.2633E+01   -.8619E+00   -.1199E+01   -.1175E+01   -.1269E+01   -.1205E+01   -.1244E+01   -.1205E+01   -.1245E+01   -.1277E+01   -.1315E+01   -.1394E+01   -.1411E+01   -.1424E+01   -.1437E+01   -.1447E+01   -.1457E+01   -.1465E+01   -.1474E+01   -.1480E+01   -.1487E+01   -.1493E+01   -.1498E+01   -.1503E+01   -.1508E+01   -.1512E+01   -.1516E+01   -.1520E+01   -.1524E+01   -.1527E+01   -.1531E+01   -.1534E+01   -.1537E+01   -.1540E+01   -.1543E+01   -.1545E+01   -.1548E+01   -.1551E+01   -.1553E+01   -.1556E+01   -.1558E+01   -.1560E+01   -.1562E+01   -.1565E+01   -.1571E+01   -.1572E+01   -.1574E+01   -.1576E+01   -.1578E+01   -.1580E+01   -.1582E+01   -.1583E+01   -.1585E+01   -.1587E+01   -.1589E+01   -.1591E+01   -.1593E+01   -.1594E+01   -.1596E+01   -.1598E+01   -.1600E+01   -.1601E+01   -.1603E+01   -.1605E+01   -.1606E+01   -.1608E+01   -.1610E+01   -.1611E+01   -.1613E+01   -.1614E+01   -.1616E+01   -.1617E+01   -.1619E+01   -.1620E+01   -.1622E+01   -.1624E+01   -.1625E+01   -.1627E+01   -.1628E+01   -.1629E+01   -.3261E+01   -.3618E+01   -.3714E+01   -.3747E+01   -.3759E+01   -.3763E+01   -.3763E+01   -.3761E+01   -.3758E+01   -.3755E+01   -.3752E+01   -.3749E+01   -.3747E+01   -.3744E+01   -.3742E+01   -.3741E+01   -.3739E+01   -.3737E+01   -.3736E+01   -.3735E+01   -.3734E+01   -.3732E+01   -.3731E+01   -.3731E+01   -.3730E+01   -.3729E+01   -.3728E+01   -.3728E+01   -.3727E+01   -.3727E+01
0.3662E+02   -.9043E+01   -.9055E+01   -.9076E+01   -.9091E+01   -.9117E+01   -.9135E+01   -.9170E+01   -.9193E+01   -.9239E+01   -.9269E+01   -.9329E+01   -.9359E+01   -.9419E+01   -.9403E+01   -.9377E+01   -.9147E+01   -.9371E+01   -.1062E+02   -.4621E+01   -.3160E+01   -.1122E+01   -.1146E+01   -.1156E+01   -.1267E+01   -.1206E+01   -.1246E+01   -.1205E+01   -.1232E+01   -.1268E+01   -.1292E+01   -.1376E+01   -.1406E+01   -.1419E+01   -.1433E+01   -.1443E+01   -.1454E+01   -.1463E+01   -.1471E+01   -.1478E+01   -.1485E+01   -.1491E+01   -.1497E+01   -.1502E+01   -.1507E+01   -.1511E+01   -.1515E+01   -.1519E+01   -.1523E+01   -.1527E+01   -.1530E+01   -.1533E+01   -.1536E+01   -.1539E+01   -.1542E+01   -.1545E+01   -.1548E+01   -.1550E+01   -.1553E+01   -.1555E+01   -.1558E+01   -.1560E+01   -.1562E+01   -.1564E+01   -.1566E+01   -.1573E+01   -.1574E+01   -.1575E+01   -.1577E+01   -.1579E+01   -.1581E+01   -.1583E+01   -.1585E+01   -.1587E+01   -.1589E+01   -.1591E+01   -.1592E+01   -.1594E+01   -.1596E+01   -.1598E+01   -.1599E+01   -.1601E+01   -.1603E+01   -.1605E+01   -.1606E+01   -.1608E+01   -.1609E+01   -.1611E+01   -.1613E+01   -.1614E+01   -.1616E+01   -.1617E+01   -.1619E+01   -.1620E+01   -.1622E+01   -.1623E+01   -.1625E+01   -.1626E+01   -.1628E+01   -.1629E+01   -.1631E+01   -.3261E+01   -.3618E+01   -.3713E+01   -.3747E+01   -.3759E+01   -.3763E+01   -.3762E+01   -.3760E+01   -.3758E+01   -.3755E+01   -.3752E+01   -.3749E+01   -.3746E+01   -.3744E+01   -.3742E+01   -.3740E+01   -.3739E+01   -.3737E+01   -.3736E+01   -.3734E+01   -.3733E+01   -.3732E+01   -.3731E+01   -.3730E+01   -.3729E+01   -.3729E+01   -.3728E+01   -.3727E+01   -.3727E+01   -.3726E+01
0.3683E+02   -.9045E+01   -.9062E+01   -.9081E+01   -.9102E+01   -.9125E+01   -.9152E+01   -.9182E+01   -.9217E+01   -.9256E+01   -.9302E+01   -.9347E+01   -.9392E+01   -.9411E+01   -.9383E+01   -.9237E+01   -.9260E+01   -.1012E+02   -.7174E+01   -.3309E+01   -.1934E+01   -.9919E+00   -.1178E+01   -.1217E+01   -.1240E+01   -.1223E+01   -.1226E+01   -.1217E+01   -.1256E+01   -.1284E+01   -.1343E+01   -.1400E+01   -.1415E+01   -.1428E+01   -.1440E+01   -.1451E+01   -.1460E+01   -.1469E+01   -.1476E+01   -.1483E+01   -.1489E+01   -.1495E+01   -.1501E+01   -.1505E+01   -.1510E+01   -.1514E+01   -.1518E+01   -.1522E+01   -.1526E+01   -.1529E+01   -.1533E+01   -.1536E+01   -.1539E+01   -.1542E+01   -.1545E+01   -.1547E+01   -.1550E+01   -.1553E+01   -.1555E+01   -.1558E+01   -.1560E+01   -.1562E+01   -.1564E+01   -.1566E+01   -.1569E+01   -.1575E+01   -.1576E+01   -.1577E+01   -.1579E+01   -.1581E+01   -.1583E+01   -.1585E+01   -.1587E+01   -.1589E+01   -.1591E+01   -.1592E+01   -.1594E+01   -.1596E+01   -.1598E+01   -.1599E+01   -.1601E+01   -.1603E+01   -.1605E+01   -.1606E+01   -.1608E+01   -.1609E+01   -.1611E+01   -.1613E+01   -.1614E+01   -.1616E+01   -.1617E+01   -.1619E+01   -.1621E+01   -.1622E+01   -.1624E+01   -.1625E+01   -.1627E+01   -.1628E+01   -.1630E+01   -.1631E+01   -.1632E+01   -.3261E+01   -.3617E+01   -.3713E+01   -.3747E+01   -.3759E+01   -.3762E+01   -.3762E+01   -.3760E+01   -.3758E+01   -.3755E+01   -.3752E+01   -.3749E+01   -.3746E+01   -.3744E+01   -.3742E+01   -.3740E+01   -.3738E+01   -.3737E+01   -.3735E+01   -.3734E+01   -.3733E+01   -.3732E+01   -.3731E+01   -.3730E+01   -.3729E+01   -.3728E+01   -.3728E+01   -.3727E+01   -.3727E+01   -.3726E+01
0.3705E+02   -.9047E+01   -.9069E+01   -.9086E+01   -.9113E+01   -.9133E+01   -.9170E+01   -.9195E+01   -.9243E+01   -.9275E+01   -.9335E+01   -.9366E+01   -.9417E+01   -.9389E+01   -.9327E+01   -.9148E+01   -.9623E+01   -.9726E+01   -.3458E+01   -.2745E+01   -.8377E+00   -.1200E+01   -.1166E+01   -.1273E+01   -.1201E+01   -.1246E+01   -.1202E+01   -.1244E+01   -.1278E+01   -.1310E+01   -.1394E+01   -.1411E+01   -.1424E+01   -.1437E+01   -.1447E+01   -.1458E+01   -.1466E+01   -.1475E+01   -.1481E+01   -.1488E+01   -.1493E+01   -.1499E+01   -.1504E+01   -.1509E+01   -.1513E+01   -.1518E+01   -.1521E+01   -.1525E+01   -.1529E+01   -.1532E+01   -.1535E+01   -.1538E+01   -.1541E+01   -.1544E+01   -.1547E+01   -.1550E+01   -.1552E+01   -.1555E+01   -.1557E+01   -.1560E+01   -.1562E+01   -.1564E+01   -.1566E+01   -.1569E+01   -.1571E+01   -.1577E+01   -.1578E+01   -.1579E+01   -.1581E+01   -.1583E+01   -.1585E+01   -.1587E+01   -.1589E+01   -.1591E+01   -.1592E+01   -.1594E+01   -.1596E+01   -.1598E+01   -.1599E+01   -.1601E+01   -.1603E+01   -.1605E+01   -.1606E+01   -.1608E+01   -.1610E+01   -.1611E+01   -.1613E+01   -.1614E+01   -.1616E+01   -.1618E+01   -.1619E+01   -.1621E+01   -.1622E+01   -.1624E+01   -.1625E+01   -.1627E+01   -.1628E+01   -.1630E+01   -.1631E+01   -.1633E+01   -.1634E+01   -.3261E+01   -.3617E+01   -.3713E+01   -.3746E+01   -.3759E+01   -.3762E+01   -.3762E+01   -.3760E+01   -.3757E+01   -.3754E+01   -.3751E+01   -.3749E+01   -.3746E+01   -.3744E+01   -.3742E+01   -.3740E+01   -.3738E+01   -.3737E+01   -.3735E+01   -.3734E+01   -.3733E+01   -.3732E+01   -.3731E+01   -.3730E+01   -.3729E+01   -.3728E+01   -.3728E+01   -.3727E+01   -.3726E+01   -.3726E+01
0.3727E+02   -.9054E+01   -.9071E+01   -.9098E+01   -.9118E+01   -.9153E+01   -.9178E+01   -.9224E+01   -.9255E+01   -.9313E+01   -.9347E+01   -.9405E+01   -.9395E+01   -.9369E+01   -.9151E+01   -.9346E+01   -.1054E+02   -.4980E+01   -.3178E+01   -.1235E+01   -.1122E+01   -.1157E+01   -.1258E+01   -.1210E+01   -.1242E+01   -.1207E+01   -.1230E+01   -.1269E+01   -.1293E+01   -.1372E+01   -.1406E+01   -.1419E+01   -.1433E+01   -.1444E+01   -.1455E+01   -.1463E+01   -.1472E+01   -.1479E+01   -.1486E+01   -.1492E+01   -.1498E+01   -.1503E+01   -.1508E+01   -.1512E+01   -.1517E+01   -.1521E+01   -.1524E+01   -.1528E+01   -.1531E+01   -.1535E+01   -.1538E+01   -.1541E+01   -.1544E+01   -.1547E+01   -.1549E+01   -.1552E+01   -.1555E+01   -.1557E+01   -.1560E+01   -.1562E+01   -.1564E+01   -.1566E+01   -.1568E+01   -.1571E+01   -.1573E+01   -.1579E+01   -.1580E+01   -.1581E+01   -.1583E+01   -.1585E+01   -.1587E+01   -.1589E+01   -.1590E+01   -.1592E+01   -.1594E+01   -.1596E+01   -.1598E+01   -.1599E+01   -.1601E+01   -.1603E+01   -.1605E+01   -.1606E+01   -.1608E+01   -.1610E+01   -.1611E+01   -.1613E+01   -.1614E+01   -.1616E+01   -.1618E+01   -.1619E+01   -.1621E+01   -.1622E+01   -.1624E+01   -.1625E+01   -.1627E+01   -.1628E+01   -.1630E+01   -.1631E+01   -.1633E+01   -.1634E+01   -.1636E+01   -.3261E+01   -.3617E+01   -.3713E+01   -.3746E+01   -.3758E+01   -.3762E+01   -.3761E+01   -.3759E+01   -.3757E+01   -.3754E+01   -.3751E+01   -.3748E+01   -.3745E+01   -.3743E+01   -.3741E+01   -.3739E+01   -.3738E+01   -.3736E+01   -.3735E+01   -.3733E+01   -.3732E+01   -.3731E+01   -.3730E+01   -.3729E+01   -.3728E+01   -.3728E+01   -.3727E+01   -.3726E+01   -.3726E+01   -.3725E+01
0.3748E+02   -.9058E+01   -.9080E+01   -.9105E+01   -.9132E+01   -.9164E+01   -.9200E+01   -.9241E+01   -.9285E+01   -.9334E+01   -.9377E+01   -.9401E+01   -.9373E+01   -.9240E+01   -.9234E+01   -.1004E+02   -.7531E+01   -.3325E+01   -.2046E+01   -.9674E+00   -.1179E+01   -.1208E+01   -.1243E+01   -.1219E+01   -.1227E+01   -.1214E+01   -.1257E+01   -.1287E+01   -.1340E+01   -.1400E+01   -.1415E+01   -.1429E+01   -.1441E+01   -.1451E+01   -.1461E+01   -.1470E+01   -.1477E+01   -.1484E+01   -.1491E+01   -.1496E+01   -.1502E+01   -.1507E+01   -.1511E+01   -.1516E+01   -.1520E+01   -.1524E+01   -.1527E+01   -.1531E+01   -.1534E+01   -.1537E+01   -.1541E+01   -.1544E+01   -.1546E+01   -.1549E+01   -.1552E+01   -.1554E+01   -.1557E+01   -.1559E+01   -.1562E+01   -.1564E+01   -.1566E+01   -.1568E+01   -.1571E+01   -.1573E+01   -.1575E+01   -.1581E+01   -.1582E+01   -.1583E+01   -.1585E+01   -.1587E+01   -.1589E+01   -.1591E+01   -.1592E+01   -.1594E+01   -.1596E+01   -.1598E+01   -.1600E+01   -.1601E+01   -.1603E+01   -.1605E+01   -.1606E+01   -.1608E+01   -.1610E+01   -.1611E+01   -.1613E+01   -.1615E+01   -.1616E+01   -.1618E+01   -.1619E+01   -.1621E+01   -.1622E+01   -.1624E+01   -.1625E+01   -.1627E+01   -.1628E+01   -.1630E+01   -.1631E+01   -.1633E+01   -.1634E+01   -.1636E+01   -.1637E+01   -.3262E+01   -.3617E+01   -.3712E+01   -.3745E+01   -.3758E+01   -.3761E+01   -.3761E+01   -.3759E+01   -.3756E+01   -.3753E+01   -.3750E+01   -.3747E+01   -.3745E+01   -.3742E+01   -.3740E+01   -.3739E+01   -.3737E+01   -.3735E+01   -.3734E+01   -.3733E+01   -.3732E+01   -.3730E+01   -.3729E+01   -.3729E+01   -.3728E+01   -.3727E+01   -.3726E+01   -.3726E+01   -.3725E+01   -.3725E+01
0.3770E+02   -.9061E+01   -.9090E+01   -.9111E+01   -.9149E+01   -.9175E+01   -.9225E+01   -.9257E+01   -.9319E+01   -.9350E+01   -.9406E+01   -.9378E+01   -.9329E+01   -.9121E+01   -.9542E+01   -.1008E+02   -.3473E+01   -.2856E+01   -.8122E+00   -.1202E+01   -.1157E+01   -.1276E+01   -.1196E+01   -.1248E+01   -.1199E+01   -.1242E+01   -.1282E+01   -.1309E+01   -.1394E+01   -.1411E+01   -.1424E+01   -.1438E+01   -.1448E+01   -.1459E+01   -.1467E+01   -.1476E+01   -.1482E+01   -.1489E+01   -.1495E+01   -.1501E+01   -.1506E+01   -.1511E+01   -.1515E+01   -.1519E+01   -.1523E+01   -.1527E+01   -.1531E+01   -.1534E+01   -.1537E+01   -.1540E+01   -.1543E+01   -.1546E+01   -.1549E+01   -.1552E+01   -.1554E+01   -.1557E+01   -.1559E+01   -.1562E+01   -.1564E+01   -.1566E+01   -.1569E+01   -.1571E+01   -.1573E+01   -.1575E+01   -.1577E+01   -.1583E+01   -.1584E+01   -.1585E+01   -.1587E+01   -.1589E+01   -.1591E+01   -.1593E+01   -.1594E+01   -.1596E+01   -.1598E+01   -.1600E+01   -.1601E+01   -.1603E+01   -.1605E+01   -.1607E+01   -.1608E+01   -.1610E+01   -.1612E+01   -.1613E+01   -.1615E+01   -.1616E+01   -.1618E+01   -.1620E+01   -.1621E+01   -.1623E+01   -.1624E+01   -.1626E+01   -.1627E+01   -.1629E+01   -.1630E+01   -.1632E+01   -.1633E+01   -.1635E+01   -.1636E+01   -.1638E+01   -.1639E+01   -.3262E+01   -.3616E+01   -.3712E+01   -.3745E+01   -.3757E+01   -.3760E+01   -.3760E+01   -.3758E+01   -.3755E+01   -.3752E+01   -.3749E+01   -.3747E+01   -.3744E+01   -.3742E+01   -.3740E+01   -.3738E+01   -.3736E+01   -.3735E+01   -.3733E+01   -.3732E+01   -.3731E+01   -.3730E+01   -.3729E+01   -.3728E+01   -.3727E+01   -.3726E+01   -.3726E+01   -.3725E+01   -.3724E+01   -.3724E+01
0.3792E+02   -.9070E+01   -.9094E+01   -.9128E+01   -.9157E+01   -.9202E+01   -.9237E+01   -.9294E+01   -.9331E+01   -.9387E+01   -.9382E+01   -.9356E+01   -.9151E+01   -.9318E+01   -.1045E+02   -.5337E+01   -.3193E+01   -.1346E+01   -.1097E+01   -.1158E+01   -.1249E+01   -.1212E+01   -.1237E+01   -.1209E+01   -.1226E+01   -.1272E+01   -.1297E+01   -.1369E+01   -.1406E+01   -.1420E+01   -.1434E+01   -.1445E+01   -.1456E+01   -.1465E+01   -.1473E+01   -.1481E+01   -.1488E+01   -.1494E+01   -.1500E+01   -.1505E+01   -.1510E+01   -.1514E+01   -.1519E+01   -.1522E+01   -.1526E+01   -.1530E+01   -.1534E+01   -.1537E+01   -.1540E+01   -.1543E+01   -.1546E+01   -.1549E+01   -.1552E+01   -.1554E+01   -.1557E+01   -.1560E+01   -.1562E+01   -.1564E+01   -.1567E+01   -.1569E+01   -.1571E+01   -.1573E+01   -.1575E+01   -.1577E+01   -.1579E+01   -.1585E+01   -.1586E+01   -.1587E+01   -.1589E+01   -.1591E+01   -.1593E+01   -.1595E+01   -.1596E+01   -.1598E+01   -.1600E+01   -.1602E+01   -.1603E+01   -.1605E+01   -.1607E+01   -.1609E+01   -.1610E+01   -.1612E+01   -.1614E+01   -.1615E+01   -.1617E+01   -.1618E+01   -.1620E+01   -.1621E+01   -.1623E+01   -.1625E+01   -.1626E+01   -.1628E+01   -.1629E+01   -.1631E+01   -.1632E+01   -.1634E+01   -.1635E+01   -.1637E+01   -.1638E+01   -.1639E+01   -.1641E+01   -.3262E+01   -.3616E+01   -.3711E+01   -.3744E+01   -.3757E+01   -.3760E+01   -.3760E+01   -.3758E+01   -.3755E+01   -.3752E+01   -.3749E+01   -.3746E+01   -.3744E+01   -.3741E+01   -.3739E+01   -.3737E+01   -.3736E+01   -.3734E+01   -.3733E+01   -.3732E+01   -.3730E+01   -.3729E+01   -.3728E+01   -.3727E+01   -.3727E+01   -.3726E+01   -.3725E+01   -.3725E+01   -.3724E+01   -.3723E+01
0.3813E+02   -.9075E+01   -.9105E+01   -.9139E+01   -.9175E+01   -.9219E+01   -.9263E+01   -.9315E+01   -.9357E+01   -.9386E+01   -.9360E+01   -.9239E+01   -.9204E+01   -.9955E+01   -.7885E+01   -.3339E+01   -.2156E+01   -.9416E+00   -.1180E+01   -.1198E+01   -.1246E+01   -.1214E+01   -.1229E+01   -.1211E+01   -.1258E+01   -.1293E+01   -.1339E+01   -.1400E+01   -.1416E+01   -.1430E+01   -.1442E+01   -.1453E+01   -.1463E+01   -.1471E+01   -.1479E+01   -.1486E+01   -.1493E+01   -.1498E+01   -.1504E+01   -.1509E+01   -.1514E+01   -.1518E+01   -.1522E+01   -.1526E+01   -.1530E+01   -.1533E+01   -.1537E+01   -.1540E+01   -.1543E+01   -.1546E+01   -.1549E+01   -.1552E+01   -.1555E+01   -.1557E+01   -.1560E+01   -.1562E+01   -.1565E+01   -.1567E+01   -.1569E+01   -.1571E+01   -.1573E+01   -.1576E+01   -.1578E+01   -.1580E+01   -.1582E+01   -.1587E+01   -.1588E+01   -.1589E+01   -.1591E+01   -.1593E+01   -.1595E+01   -.1597E+01   -.1599E+01   -.1600E+01   -.1602E+01   -.1604E+01   -.1606E+01   -.1607E+01   -.1609E+01   -.1611E+01   -.1612E+01   -.1614E+01   -.1616E+01   -.1617E+01   -.1619E+01   -.1621E+01   -.1622E+01   -.1624E+01   -.1625E+01   -.1627E+01   -.1628E+01   -.1630E+01   -.1631E+01   -.1633E+01   -.1634E+01   -.1636E+01   -.1637E+01   -.1639E+01   -.1640E+01   -.1642E+01   -.1643E+01   -.3262E+01   -.3616E+01   -.3711E+01   -.3744E+01   -.3756E+01   -.3760E+01   -.3759E+01   -.3757E+01   -.3755E+01   -.3752E+01   -.3749E+01   -.3746E+01   -.3743E+01   -.3741E+01   -.3739E+01   -.3737E+01   -.3735E+01   -.3734E+01   -.3732E+01   -.3731E+01   -.3730E+01   -.3729E+01   -.3728E+01   -.3727E+01   -.3726E+01   -.3725E+01   -.3725E+01   -.3724E+01   -.3724E+01   -.3723E+01
0.3835E+02   -.9079E+01   -.9119E+01   -.9147E+01   -.9200E+01   -.9232E+01   -.9297E+01   -.9328E+01   -.9389E+01   -.9362E+01   -.9325E+01   -.9090E+01   -.9456E+01   -.1043E+02   -.3485E+01   -.2964E+01   -.7849E+00   -.1202E+01   -.1146E+01   -.1279E+01   -.1190E+01   -.1249E+01   -.1195E+01   -.1239E+01   -.1290E+01   -.1312E+01   -.1394E+01   -.1412E+01   -.1425E+01   -.1439E+01   -.1449E+01   -.1461E+01   -.1468E+01   -.1478E+01   -.1484E+01   -.1492E+01   -.1497E+01   -.1503E+01   -.1508E+01   -.1513E+01   -.1517E+01   -.1522E+01   -.1526E+01   -.1530E+01   -.1533E+01   -.1537E+01   -.1540E+01   -.1543E+01   -.1546E+01   -.1549E+01   -.1552E+01   -.1555E+01   -.1557E+01   -.1560E+01   -.1563E+01   -.1565E+01   -.1567E+01   -.1570E+01   -.1572E+01   -.1574E+01   -.1576E+01   -.1578E+01   -.1580E+01   -.1582E+01   -.1584E+01   -.1590E+01   -.1591E+01   -.1592E+01   -.1594E+01   -.1596E+01   -.1598E+01   -.1599E+01   -.1601E+01   -.1603E+01   -.1605E+01   -.1606E+01   -.1608E+01   -.1610E+01   -.1611E+01   -.1613E+01   -.1615E+01   -.1616E+01   -.1618E+01   -.1620E+01   -.1621E+01   -.1623E+01   -.1624E+01   -.1626E+01   -.1628E+01   -.1629E+01   -.1631E+01   -.1632E+01   -.1634E+01   -.1635E+01   -.1637E+01   -.1638E+01   -.1640E+01   -.1641E+01   -.1642E+01   -.1644E+01   -.1645E+01   -.3263E+01   -.3616E+01   -.3711E+01   -.3744E+01   -.3756E+01   -.3759E+01   -.3759E+01   -.3757E+01   -.3754E+01   -.3751E+01   -.3748E+01   -.3745E+01   -.3743E+01   -.3741E+01   -.3739E+01   -.3737E+01   -.3735E+01   -.3733E+01   -.3732E+01   -.3731E+01   -.3730E+01   -.3729E+01   -.3728E+01   -.3727E+01   -.3726E+01   -.3725E+01   -.3724E+01   -.3724E+01   -.3723E+01   -.3723E+01
0.3857E+02   -.9092E+01   -.9125E+01   -.9171E+01   -.9210E+01   -.9266E+01   -.9307E+01   -.9362E+01   -.9364E+01   -.9339E+01   -.9147E+01   -.9286E+01   -.1037E+02   -.5689E+01   -.3205E+01   -.1455E+01   -.1071E+01   -.1157E+01   -.1239E+01   -.1215E+01   -.1232E+01   -.1210E+01   -.1223E+01   -.1278E+01   -.1306E+01   -.1368E+01   -.1407E+01   -.1421E+01   -.1435E+01   -.1447E+01   -.1458E+01   -.1467E+01   -.1476E+01   -.1483E+01   -.1490E+01   -.1496E+01   -.1502E+01   -.1507E+01   -.1513E+01   -.1517E+01   -.1522E+01   -.1525E+01   -.1529E+01   -.1533E+01   -.1537E+01   -.1540E+01   -.1543E+01   -.1546E+01   -.1549E+01   -.1552E+01   -.1555E+01   -.1558E+01   -.1561E+01   -.1563E+01   -.1566E+01   -.1568E+01   -.1570E+01   -.1572E+01   -.1575E+01   -.1577E+01   -.1579E+01   -.1581E+01   -.1583E+01   -.1585E+01   -.1587E+01   -.1592E+01   -.1593E+01   -.1595E+01   -.1596E+01   -.1598E+01   -.1600E+01   -.1602E+01   -.1604E+01   -.1605E+01   -.1607E+01   -.1609E+01   -.1611E+01   -.1612E+01   -.1614E+01   -.1616E+01   -.1617E+01   -.1619E+01   -.1621E+01   -.1622E+01   -.1624E+01   -.1625E+01   -.1627E+01   -.1628E+01   -.1630E+01   -.1631E+01   -.1633E+01   -.1635E+01   -.1636E+01   -.1637E+01   -.1639E+01   -.1640E+01   -.1642E+01   -.1643E+01   -.1645E+01   -.1646E+01   -.1648E+01   -.3263E+01   -.3616E+01   -.3711E+01   -.3744E+01   -.3756E+01   -.3759E+01   -.3759E+01   -.3757E+01   -.3754E+01   -.3751E+01   -.3748E+01   -.3745E+01   -.3743E+01   -.3741E+01   -.3738E+01   -.3737E+01   -.3735E+01   -.3733E+01   -.3732E+01   -.3731E+01   -.3730E+01   -.3729E+01   -.3728E+01   -.3727E+01   -.3726E+01   -.3725E+01   -.3724E+01   -.3724E+01   -.3723E+01   -.3723E+01
0.3878E+02   -.9100E+01   -.9139E+01   -.9187E+01   -.9232E+01   -.9287E+01   -.9330E+01   -.9365E+01   -.9340E+01   -.9232E+01   -.9169E+01   -.9866E+01   -.8234E+01   -.3349E+01   -.2263E+01   -.9137E+00   -.1179E+01   -.1187E+01   -.1247E+01   -.1208E+01   -.1230E+01   -.1207E+01   -.1260E+01   -.1304E+01   -.1342E+01   -.1401E+01   -.1418E+01   -.1431E+01   -.1444E+01   -.1455E+01   -.1465E+01   -.1473E+01   -.1482E+01   -.1489E+01   -.1495E+01   -.1501E+01   -.1507E+01   -.1512E+01   -.1517E+01   -.1521E+01   -.1526E+01   -.1529E+01   -.1533E+01   -.1537E+01   -.1540E+01   -.1544E+01   -.1547E+01   -.1550E+01   -.1553E+01   -.1556E+01   -.1558E+01   -.1561E+01   -.1564E+01   -.1566E+01   -.1569E+01   -.1571E+01   -.1573E+01   -.1575E+01   -.1578E+01   -.1580E+01   -.1582E+01   -.1584E+01   -.1586E+01   -.1588E+01   -.1590E+01   -.1595E+01   -.1596E+01   -.1597E+01   -.1599E+01   -.1601E+01   -.1603E+01   -.1605E+01   -.1606E+01   -.1608E+01   -.1610E+01   -.1612E+01   -.1613E+01   -.1615E+01   -.1617E+01   -.1618E+01   -.1620E+01   -.1622E+01   -.1623E+01   -.1625E+01   -.1626E+01   -.1628E+01   -.1629E+01   -.1631E+01   -.1633E+01   -.1634E+01   -.1636E+01   -.1637E+01   -.1639E+01   -.1640E+01   -.1642E+01   -.1643E+01   -.1645E+01   -.1646E+01   -.1647E+01   -.1649E+01   -.1650E+01   -.3264E+01   -.3616E+01   -.3711E+01   -.3744E+01   -.3756E+01   -.3759E+01   -.3759E+01   -.3757E+01   -.3754E+01   -.3751E+01   -.3748E+01   -.3745E+01   -.3743E+01   -.3740E+01   -.3738E+01   -.3736E+01   -.3735E+01   -.3733E+01   -.3732E+01   -.3730E+01   -.3729E+01   -.3728E+01   -.3727E+01   -.3726E+01   -.3726E+01   -.3725E+01   -.3724E+01   -.3723E+01   -.3723E+01   -.3722E+01
0.3900E+02   -.9105E+01   -.9160E+01   -.9196E+01   -.9264E+01   -.9297E+01   -.9364E+01   -.9340E+01   -.9315E+01   -.9053E+01   -.9364E+01   -.1078E+02   -.3493E+01   -.3068E+01   -.7550E+00   -.1201E+01   -.1134E+01   -.1280E+01   -.1183E+01   -.1250E+01   -.1190E+01   -.1235E+01   -.1304E+01   -.1320E+01   -.1396E+01   -.1414E+01   -.1427E+01   -.1442E+01   -.1452E+01   -.1463E+01   -.1471E+01   -.1481E+01   -.1487E+01   -.1495E+01   -.1500E+01   -.1507E+01   -.1511E+01   -.1517E+01   -.1521E+01   -.1526E+01   -.1529E+01   -.1534E+01   -.1537E+01   -.1541E+01   -.1544E+01   -.1547E+01   -.1550E+01   -.1553E+01   -.1556E+01   -.1559E+01   -.1562E+01   -.1565E+01   -.1567E+01   -.1570E+01   -.1572E+01   -.1574E+01   -.1576E+01   -.1579E+01   -.1581E+01   -.1583E+01   -.1585E+01   -.1587E+01   -.1589E+01   -.1591E+01   -.1593E+01   -.1598E+01   -.1599E+01   -.1600E+01   -.1602E+01   -.1604E+01   -.1606E+01   -.1608E+01   -.1609E+01   -.1611E+01   -.1613E+01   -.1615E+01   -.1616E+01   -.1618E+01   -.1620E+01   -.1621E+01   -.1623E+01   -.1624E+01   -.1626E+01   -.1628E+01   -.1629E+01   -.1631E+01   -.1632E+01   -.1634E+01   -.1635E+01   -.1637E+01   -.1638E+01   -.1640E+01   -.1641E+01   -.1643E+01   -.1644E+01   -.1646E+01   -.1647E+01   -.1649E+01   -.1650E+01   -.1652E+01   -.1653E+01   -.3264E+01   -.3616E+01   -.3710E+01   -.3743E+01   -.3755E+01   -.3758E+01   -.3758E+01   -.3756E+01   -.3753E+01   -.3750E+01   -.3747E+01   -.3745E+01   -.3742E+01   -.3740E+01   -.3738E+01   -.3736E+01   -.3734E+01   -.3733E+01   -.3731E+01   -.3730E+01   -.3729E+01   -.3728E+01   -.3727E+01   -.3726E+01   -.3725E+01   -.3724E+01   -.3724E+01   -.3723E+01   -.3722E+01   -.3722E+01
0.3922E+02   -.9122E+01   -.9167E+01   -.9225E+01   -.9272E+01   -.9328E+01   -.9337E+01   -.9313E+01   -.9135E+01   -.9245E+01   -.1027E+02   -.6036E+01   -.3212E+01   -.1561E+01   -.1043E+01   -.1155E+01   -.1228E+01   -.1216E+01   -.1226E+01   -.1210E+01   -.1219E+01   -.1287E+01   -.1321E+01   -.1371E+01   -.1409E+01   -.1424E+01   -.1438E+01   -.1450E+01   -.1461E+01   -.1470E+01   -.1479E+01   -.1487E+01   -.1494E+01   -.1500E+01   -.1506E+01   -.1512E+01   -.1517E+01   -.1522E+01   -.1526E+01   -.1530E+01   -.1534E+01   -.1538E+01   -.1542E+01   -.1545E+01   -.1548E+01   -.1551E+01   -.1554E+01   -.1557E+01   -.1560E+01   -.1563E+01   -.1566E+01   -.1568E+01   -.1571E+01   -.1573E+01   -.1576E+01   -.1578E+01   -.1580E+01   -.1582E+01   -.1584E+01   -.1586E+01   -.1588E+01   -.1590E+01   -.1592E+01   -.1594E+01   -.1596E+01   -.1602E+01   -.1603E+01   -.1604E+01   -.1606E+01   -.1607E+01   -.1609E+01   -.1611E+01   -.1613E+01   -.1614E+01   -.1616E+01   -.1618E+01   -.1620E+01   -.1621E+01   -.1623E+01   -.1624E+01   -.1626E+01   -.1628E+01   -.1629E+01   -.1631E+01   -.1632E+01   -.1634E+01   -.1636E+01   -.1637E+01   -.1639E+01   -.1640E+01   -.1642E+01   -.1643E+01   -.1645E+01   -.1646E+01   -.1648E+01   -.1649E+01   -.1650E+01   -.1652E+01   -.1653E+01   -.1655E+01   -.1656E+01   -.3265E+01   -.3617E+01   -.3711E+01   -.3743E+01   -.3755E+01   -.3759E+01   -.3758E+01   -.3756E+01   -.3754E+01   -.3751E+01   -.3748E+01   -.3745E+01   -.3742E+01   -.3740E+01   -.3738E+01   -.3736E+01   -.3734E+01   -.3733E+01   -.3731E+01   -.3730E+01   -.3729E+01   -.3728E+01   -.3727E+01   -.3726E+01   -.3725E+01   -.3725E+01   -.3724E+01   -.3723E+01   -.3723E+01   -.3722E+01
0.3943E+02   -.9134E+01   -.9183E+01   -.9244E+01   -.9290E+01   -.9331E+01   -.9309E+01   -.9215E+01   -.9126E+01   -.9769E+01   -.8576E+01   -.3353E+01   -.2366E+01   -.8830E+00   -.1177E+01   -.1174E+01   -.1248E+01   -.1201E+01   -.1230E+01   -.1202E+01   -.1263E+01   -.1323E+01   -.1351E+01   -.1404E+01   -.1421E+01   -.1435E+01   -.1448E+01   -.1459E+01   -.1469E+01   -.1478E+01   -.1486E+01   -.1493E+01   -.1500E+01   -.1506E+01   -.1512E+01   -.1517E+01   -.1522E+01   -.1527E+01   -.1531E+01   -.1535E+01   -.1539E+01   -.1542E+01   -.1546E+01   -.1549E+01   -.1553E+01   -.1556E+01   -.1559E+01   -.1562E+01   -.1565E+01   -.1567E+01   -.1570E+01   -.1573E+01   -.1575E+01   -.1577E+01   -.1580E+01   -.1582E+01   -.1584E+01   -.1586E+01   -.1588E+01   -.1590E+01   -.1592E+01   -.1594E+01   -.1596E+01   -.1598E+01   -.1600E+01   -.1605E+01   -.1606E+01   -.1607E+01   -.1609E+01   -.1611E+01   -.1613E+01   -.1615E+01   -.1616E+01   -.1618E+01   -.1620E+01   -.1621E+01   -.1623E+01   -.1625E+01   -.1626E+01   -.1628E+01   -.1630E+01   -.1631E+01   -.1633E+01   -.1634E+01   -.1636E+01   -.1638E+01   -.1639E+01   -.1641E+01   -.1642E+01   -.1644E+01   -.1645E+01   -.1647E+01   -.1648E+01   -.1650E+01   -.1651E+01   -.1653E+01   -.1654E+01   -.1655E+01   -.1657E+01   -.1658E+01   -.1660E+01   -.3266E+01   -.3617E+01   -.3711E+01   -.3744E+01   -.3756E+01   -.3759E+01   -.3758E+01   -.3756E+01   -.3754E+01   -.3751E+01   -.3748E+01   -.3745E+01   -.3742E+01   -.3740E+01   -.3738E+01   -.3736E+01   -.3735E+01   -.3733E+01   -.3732E+01   -.3730E+01   -.3729E+01   -.3728E+01   -.3727E+01   -.3726E+01   -.3725E+01   -.3725E+01   -.3724E+01   -.3723E+01   -.3723E+01   -.3722E+01
0.3965E+02   -.9140E+01   -.9209E+01   -.9251E+01   -.9318E+01   -.9304E+01   -.9280E+01   -.9034E+01   -.9317E+01   -.1068E+02   -.3836E+01   -.3072E+01   -.8590E+00   -.1172E+01   -.1131E+01   -.1268E+01   -.1183E+01   -.1244E+01   -.1190E+01   -.1232E+01   -.1324E+01   -.1340E+01   -.1397E+01   -.1418E+01   -.1431E+01   -.1446E+01   -.1456E+01   -.1468E+01   -.1477E+01   -.1486E+01   -.1493E+01   -.1501E+01   -.1506E+01   -.1513E+01   -.1518E+01   -.1523E+01   -.1527E+01   -.1532E+01   -.1536E+01   -.1540E+01   -.1544E+01   -.1548E+01   -.1551E+01   -.1554E+01   -.1557E+01   -.1560E+01   -.1563E+01   -.1566E+01   -.1569E+01   -.1572E+01   -.1574E+01   -.1577E+01   -.1579E+01   -.1582E+01   -.1584E+01   -.1586E+01   -.1588E+01   -.1590E+01   -.1592E+01   -.1594E+01   -.1596E+01   -.1598E+01   -.1600E+01   -.1602E+01   -.1604E+01   -.1609E+01   -.1610E+01   -.1611E+01   -.1613E+01   -.1615E+01   -.1617E+01   -.1619E+01   -.1620E+01   -.1622E+01   -.1624E+01   -.1625E+01   -.1627E+01   -.1629E+01   -.1630E+01   -.1632E+01   -.1634E+01   -.1635E+01   -.1637E+01   -.1638E+01   -.1640E+01   -.1641E+01   -.1643E+01   -.1645E+01   -.1646E+01   -.1648E+01   -.1649E+01   -.1650E+01   -.1652E+01   -.1653E+01   -.1655E+01   -.1656E+01   -.1658E+01   -.1659E+01   -.1661E+01   -.1662E+01   -.1663E+01   -.3267E+01   -.3617E+01   -.3711E+01   -.3744E+01   -.3756E+01   -.3759E+01   -.3758E+01   -.3756E+01   -.3754E+01   -.3751E+01   -.3748E+01   -.3745E+01   -.3742E+01   -.3740E+01   -.3738E+01   -.3736E+01   -.3735E+01   -.3733E+01   -.3732E+01   -.3730E+01   -.3729E+01   -.3728E+01   -.3727E+01   -.3726E+01   -.3725E+01   -.3725E+01   -.3724E+01   -.3723E+01   -.3723E+01   -.3722E+01
0.3987E+02   -.9158E+01   -.9214E+01   -.9273E+01   -.9292E+01   -.9271E+01   -.9109E+01   -.9193E+01   -.1017E+02   -.6372E+01   -.3213E+01   -.1661E+01   -.1012E+01   -.1151E+01   -.1215E+01   -.1215E+01   -.1219E+01   -.1210E+01   -.1215E+01   -.1301E+01   -.1346E+01   -.1379E+01   -.1414E+01   -.1429E+01   -.1444E+01   -.1456E+01   -.1467E+01   -.1477E+01   -.1486E+01   -.1494E+01   -.1501E+01   -.1507E+01   -.1514E+01   -.1519E+01   -.1525E+01   -.1529E+01   -.1534E+01   -.1538E+01   -.1542E+01   -.1546E+01   -.1550E+01   -.1553E+01   -.1557E+01   -.1560E+01   -.1563E+01   -.1566E+01   -.1569E+01   -.1572E+01   -.1574E+01   -.1577E+01   -.1580E+01   -.1582E+01   -.1584E+01   -.1587E+01   -.1589E+01   -.1591E+01   -.1593E+01   -.1595E+01   -.1598E+01   -.1600E+01   -.1602E+01   -.1603E+01   -.1605E+01   -.1607E+01   -.1609E+01   -.1614E+01   -.1615E+01   -.1616E+01   -.1618E+01   -.1620E+01   -.1622E+01   -.1623E+01   -.1625E+01   -.1627E+01   -.1629E+01   -.1630E+01   -.1632E+01   -.1634E+01   -.1635E+01   -.1637E+01   -.1638E+01   -.1640E+01   -.1642E+01   -.1643E+01   -.1645E+01   -.1646E+01   -.1648E+01   -.1649E+01   -.1651E+01   -.1652E+01   -.1654E+01   -.1655E+01   -.1657E+01   -.1658E+01   -.1660E+01   -.1661E+01   -.1662E+01   -.1664E+01   -.1665E+01   -.1667E+01   -.1668E+01   -.3269E+01   -.3619E+01   -.3712E+01   -.3745E+01   -.3757E+01   -.3760E+01   -.3760E+01   -.3758E+01   -.3755E+01   -.3752E+01   -.3749E+01   -.3746E+01   -.3744E+01   -.3741E+01   -.3739E+01   -.3737E+01   -.3736E+01   -.3734E+01   -.3733E+01   -.3732E+01   -.3730E+01   -.3729E+01   -.3728E+01   -.3728E+01   -.3727E+01   -.3726E+01   -.3725E+01   -.3725E+01   -.3724E+01   -.3724E+01
0.4008E+02   -.9169E+01   -.9223E+01   -.9275E+01   -.9259E+01   -.9180E+01   -.9067E+01   -.9657E+01   -.8905E+01   -.3347E+01   -.2461E+01   -.8468E+00   -.1172E+01   -.1159E+01   -.1248E+01   -.1192E+01   -.1230E+01   -.1197E+01   -.1266E+01   -.1353E+01   -.1370E+01   -.1410E+01   -.1428E+01   -.1441E+01   -.1455E+01   -.1466E+01   -.1477E+01   -.1486E+01   -.1495E+01   -.1502E+01   -.1509E+01   -.1515E+01   -.1521E+01   -.1526E+01   -.1532E+01   -.1536E+01   -.1541E+01   -.1545E+01   -.1549E+01   -.1552E+01   -.1556E+01   -.1559E+01   -.1563E+01   -.1566E+01   -.1569E+01   -.1572E+01   -.1575E+01   -.1578E+01   -.1580E+01   -.1583E+01   -.1585E+01   -.1588E+01   -.1590E+01   -.1592E+01   -.1595E+01   -.1597E+01   -.1599E+01   -.1601E+01   -.1603E+01   -.1605E+01   -.1607E+01   -.1609E+01   -.1611E+01   -.1613E+01   -.1615E+01   -.1620E+01   -.1621E+01   -.1622E+01   -.1624E+01   -.1625E+01   -.1627E+01   -.1629E+01   -.1631E+01   -.1632E+01   -.1634E+01   -.1636E+01   -.1637E+01   -.1639E+01   -.1640E+01   -.1642E+01   -.1644E+01   -.1645E+01   -.1647E+01   -.1648E+01   -.1650E+01   -.1651E+01   -.1653E+01   -.1654E+01   -.1656E+01   -.1657E+01   -.1659E+01   -.1660E+01   -.1662E+01   -.1663E+01   -.1665E+01   -.1666E+01   -.1668E+01   -.1669E+01   -.1670E+01   -.1672E+01   -.1673E+01   -.3271E+01   -.3620E+01   -.3714E+01   -.3746E+01   -.3758E+01   -.3761E+01   -.3761E+01   -.3759E+01   -.3756E+01   -.3753E+01   -.3750E+01   -.3747E+01   -.3745E+01   -.3743E+01   -.3741E+01   -.3739E+01   -.3737E+01   -.3735E+01   -.3734E+01   -.3733E+01   -.3732E+01   -.3731E+01   -.3730E+01   -.3729E+01   -.3728E+01   -.3727E+01   -.3727E+01   -.3726E+01   -.3725E+01   -.3725E+01
0.4030E+02   -.9169E+01   -.9241E+01   -.9242E+01   -.9223E+01   -.8995E+01   -.9251E+01   -.1056E+02   -.4167E+01   -.3065E+01   -.9546E+00   -.1140E+01   -.1124E+01   -.1255E+01   -.1182E+01   -.1237E+01   -.1189E+01   -.1228E+01   -.1349E+01   -.1372E+01   -.1404E+01   -.1426E+01   -.1440E+01   -.1455E+01   -.1465E+01   -.1478E+01   -.1486E+01   -.1496E+01   -.1503E+01   -.1511E+01   -.1517E+01   -.1524E+01   -.1529E+01   -.1534E+01   -.1539E+01   -.1544E+01   -.1548E+01   -.1552E+01   -.1555E+01   -.1559E+01   -.1563E+01   -.1566E+01   -.1569E+01   -.1572E+01   -.1575E+01   -.1578E+01   -.1581E+01   -.1584E+01   -.1587E+01   -.1589E+01   -.1592E+01   -.1594E+01   -.1596E+01   -.1599E+01   -.1601E+01   -.1603E+01   -.1605E+01   -.1607E+01   -.1609E+01   -.1611E+01   -.1613E+01   -.1615E+01   -.1617E+01   -.1619E+01   -.1621E+01   -.1626E+01   -.1627E+01   -.1628E+01   -.1630E+01   -.1631E+01   -.1633E+01   -.1635E+01   -.1636E+01   -.1638E+01   -.1640E+01   -.1642E+01   -.1643E+01   -.1645E+01   -.1646E+01   -.1648E+01   -.1650E+01   -.1651E+01   -.1653E+01   -.1654E+01   -.1656E+01   -.1657E+01   -.1659E+01   -.1660E+01   -.1662E+01   -.1663E+01   -.1665E+01   -.1666E+01   -.1668E+01   -.1669E+01   -.1671E+01   -.1672E+01   -.1673E+01   -.1675E+01   -.1676E+01   -.1678E+01   -.1679E+01   -.3273E+01   -.3621E+01   -.3714E+01   -.3747E+01   -.3759E+01   -.3762E+01   -.3762E+01   -.3759E+01   -.3757E+01   -.3754E+01   -.3751E+01   -.3748E+01   -.3746E+01   -.3743E+01   -.3741E+01   -.3740E+01   -.3738E+01   -.3736E+01   -.3735E+01   -.3734E+01   -.3733E+01   -.3731E+01   -.3731E+01   -.3730E+01   -.3729E+01   -.3728E+01   -.3727E+01   -.3727E+01   -.3726E+01   -.3726E+01
0.4052E+02   -.9175E+01   -.9212E+01   -.9199E+01   -.9057E+01   -.9118E+01   -.1004E+02   -.6690E+01   -.3201E+01   -.1749E+01   -.9742E+00   -.1143E+01   -.1199E+01   -.1213E+01   -.1211E+01   -.1209E+01   -.1211E+01   -.1310E+01   -.1379E+01   -.1398E+01   -.1424E+01   -.1440E+01   -.1454E+01   -.1467E+01   -.1479E+01   -.1489E+01   -.1498E+01   -.1506E+01   -.1514E+01   -.1521E+01   -.1527E+01   -.1533E+01   -.1538E+01   -.1543E+01   -.1548E+01   -.1552E+01   -.1557E+01   -.1560E+01   -.1564E+01   -.1568E+01   -.1571E+01   -.1574E+01   -.1578E+01   -.1581E+01   -.1584E+01   -.1587E+01   -.1590E+01   -.1592E+01   -.1595E+01   -.1597E+01   -.1600E+01   -.1602E+01   -.1604E+01   -.1607E+01   -.1609E+01   -.1611E+01   -.1613E+01   -.1615E+01   -.1617E+01   -.1619E+01   -.1621E+01   -.1623E+01   -.1625E+01   -.1627E+01   -.1628E+01   -.1633E+01   -.1635E+01   -.1635E+01   -.1637E+01   -.1639E+01   -.1641E+01   -.1642E+01   -.1644E+01   -.1646E+01   -.1648E+01   -.1649E+01   -.1651E+01   -.1652E+01   -.1654E+01   -.1656E+01   -.1657E+01   -.1659E+01   -.1660E+01   -.1662E+01   -.1663E+01   -.1665E+01   -.1666E+01   -.1668E+01   -.1669E+01   -.1671E+01   -.1672E+01   -.1674E+01   -.1675E+01   -.1677E+01   -.1678E+01   -.1680E+01   -.1681E+01   -.1682E+01   -.1684E+01   -.1685E+01   -.1687E+01   -.3277E+01   -.3624E+01   -.3718E+01   -.3750E+01   -.3762E+01   -.3765E+01   -.3765E+01   -.3763E+01   -.3760E+01   -.3757E+01   -.3754E+01   -.3751E+01   -.3749E+01   -.3747E+01   -.3745E+01   -.3743E+01   -.3741E+01   -.3740E+01   -.3738E+01   -.3737E+01   -.3736E+01   -.3735E+01   -.3734E+01   -.3733E+01   -.3732E+01   -.3731E+01   -.3731E+01   -.3730E+01   -.3730E+01   -.3729E+01
0.4073E+02   -.9166E+01   -.9169E+01   -.9109E+01   -.8979E+01   -.9518E+01   -.9212E+01   -.3320E+01   -.2544E+01   -.7996E+00   -.1164E+01   -.1140E+01   -.1246E+01   -.1182E+01   -.1232E+01   -.1191E+01   -.1264E+01   -.1381E+01   -.1400E+01   -.1423E+01   -.1441E+01   -.1455E+01   -.1470E+01   -.1481E+01   -.1493E+01   -.1501E+01   -.1511E+01   -.1518E+01   -.1526E+01   -.1532E+01   -.1538E+01   -.1544E+01   -.1549E+01   -.1554E+01   -.1559E+01   -.1562E+01   -.1567E+01   -.1570E+01   -.1574E+01   -.1578E+01   -.1581E+01   -.1584E+01   -.1588E+01   -.1590E+01   -.1593E+01   -.1596E+01   -.1599E+01   -.1602E+01   -.1604E+01   -.1607E+01   -.1609E+01   -.1612E+01   -.1614E+01   -.1616E+01   -.1618E+01   -.1620E+01   -.1622E+01   -.1624E+01   -.1626E+01   -.1628E+01   -.1630E+01   -.1632E+01   -.1634E+01   -.1636E+01   -.1638E+01   -.1643E+01   -.1644E+01   -.1645E+01   -.1646E+01   -.1648E+01   -.1650E+01   -.1652E+01   -.1653E+01   -.1655E+01   -.1657E+01   -.1658E+01   -.1660E+01   -.1661E+01   -.1663E+01   -.1665E+01   -.1666E+01   -.1668E+01   -.1669E+01   -.1671E+01   -.1672E+01   -.1674E+01   -.1675E+01   -.1677E+01   -.1678E+01   -.1680E+01   -.1681E+01   -.1683E+01   -.1684E+01   -.1686E+01   -.1687E+01   -.1688E+01   -.1690E+01   -.1691E+01   -.1693E+01   -.1694E+01   -.1696E+01   -.3281E+01   -.3628E+01   -.3721E+01   -.3754E+01   -.3766E+01   -.3769E+01   -.3768E+01   -.3766E+01   -.3764E+01   -.3761E+01   -.3758E+01   -.3755E+01   -.3753E+01   -.3751E+01   -.3749E+01   -.3747E+01   -.3745E+01   -.3743E+01   -.3742E+01   -.3741E+01   -.3740E+01   -.3739E+01   -.3738E+01   -.3737E+01   -.3736E+01   -.3735E+01   -.3735E+01   -.3734E+01   -.3734E+01   -.3733E+01
0.4095E+02   -.9122E+01   -.9115E+01   -.8916E+01   -.9150E+01   -.1042E+02   -.4473E+01   -.3036E+01   -.1036E+01   -.1099E+01   -.1111E+01   -.1238E+01   -.1178E+01   -.1229E+01   -.1194E+01   -.1228E+01   -.1362E+01   -.1405E+01   -.1423E+01   -.1444E+01   -.1458E+01   -.1474E+01   -.1486E+01   -.1498E+01   -.1507E+01   -.1517E+01   -.1525E+01   -.1533E+01   -.1539E+01   -.1546E+01   -.1551E+01   -.1557E+01   -.1562E+01   -.1567E+01   -.1571E+01   -.1575E+01   -.1579E+01   -.1583E+01   -.1587E+01   -.1590E+01   -.1593E+01   -.1597E+01   -.1600E+01   -.1603E+01   -.1606E+01   -.1608E+01   -.1611E+01   -.1614E+01   -.1616E+01   -.1619E+01   -.1621E+01   -.1623E+01   -.1626E+01   -.1628E+01   -.1630E+01   -.1632E+01   -.1634E+01   -.1636E+01   -.1638E+01   -.1640E+01   -.1642E+01   -.1644E+01   -.1646E+01   -.1648E+01   -.1649E+01   -.1654E+01   -.1655E+01   -.1656E+01   -.1658E+01   -.1660E+01   -.1661E+01   -.1663E+01   -.1665E+01   -.1667E+01   -.1668E+01   -.1670E+01   -.1671E+01   -.1673E+01   -.1675E+01   -.1676E+01   -.1678E+01   -.1679E+01   -.1681E+01   -.1682E+01   -.1684E+01   -.1685E+01   -.1687E+01   -.1688E+01   -.1690E+01   -.1691E+01   -.1693E+01   -.1694E+01   -.1696E+01   -.1697E+01   -.1698E+01   -.1700E+01   -.1701E+01   -.1703E+01   -.1704E+01   -.1705E+01   -.1707E+01   -.3287E+01   -.3633E+01   -.3726E+01   -.3758E+01   -.3770E+01   -.3773E+01   -.3773E+01   -.3771E+01   -.3768E+01   -.3765E+01   -.3762E+01   -.3759E+01   -.3757E+01   -.3755E+01   -.3753E+01   -.3751E+01   -.3749E+01   -.3748E+01   -.3746E+01   -.3745E+01   -.3744E+01   -.3743E+01   -.3742E+01   -.3741E+01   -.3740E+01   -.3740E+01   -.3739E+01   -.3738E+01   -.3738E+01   -.3737E+01
0.4117E+02   -.9055E+01   -.8947E+01   -.8994E+01   -.9879E+01   -.6973E+01   -.3170E+01   -.1815E+01   -.9265E+00   -.1127E+01   -.1180E+01   -.1208E+01   -.1203E+01   -.1242E+01   -.1219E+01   -.1322E+01   -.1409E+01   -.1431E+01   -.1450E+01   -.1467E+01   -.1483E+01   -.1496E+01   -.1508E+01   -.1519E+01   -.1528E+01   -.1537E+01   -.1545E+01   -.1552E+01   -.1559E+01   -.1565E+01   -.1570E+01   -.1576E+01   -.1581E+01   -.1585E+01   -.1590E+01   -.1594E+01   -.1597E+01   -.1601E+01   -.1605E+01   -.1608E+01   -.1611E+01   -.1615E+01   -.1618E+01   -.1621E+01   -.1623E+01   -.1626E+01   -.1629E+01   -.1632E+01   -.1634E+01   -.1636E+01   -.1639E+01   -.1641E+01   -.1643E+01   -.1645E+01   -.1647E+01   -.1650E+01   -.1652E+01   -.1654E+01   -.1656E+01   -.1658E+01   -.1659E+01   -.1661E+01   -.1663E+01   -.1665E+01   -.1667E+01   -.1672E+01   -.1673E+01   -.1674E+01   -.1675E+01   -.1677E+01   -.1679E+01   -.1681E+01   -.1682E+01   -.1684E+01   -.1685E+01   -.1687E+01   -.1689E+01   -.1690E+01   -.1692E+01   -.1693E+01   -.1695E+01   -.1697E+01   -.1698E+01   -.1700E+01   -.1701E+01   -.1703E+01   -.1704E+01   -.1706E+01   -.1707E+01   -.1708E+01   -.1710E+01   -.1711E+01   -.1713E+01   -.1714E+01   -.1716E+01   -.1717E+01   -.1718E+01   -.1720E+01   -.1721E+01   -.1723E+01   -.1724E+01   -.3300E+01   -.3645E+01   -.3737E+01   -.3770E+01   -.3781E+01   -.3785E+01   -.3784E+01   -.3782E+01   -.3779E+01   -.3777E+01   -.3774E+01   -.3771E+01   -.3769E+01   -.3767E+01   -.3765E+01   -.3763E+01   -.3761E+01   -.3760E+01   -.3758E+01   -.3757E+01   -.3756E+01   -.3755E+01   -.3754E+01   -.3753E+01   -.3752E+01   -.3752E+01   -.3751E+01   -.3750E+01   -.3750E+01   -.3749E+01
0.4138E+02   -.8950E+01   -.8824E+01   -.9322E+01   -.9474E+01   -.3251E+01   -.2609E+01   -.7307E+00   -.1151E+01   -.1109E+01   -.1243E+01   -.1167E+01   -.1253E+01   -.1249E+01   -.1276E+01   -.1411E+01   -.1436E+01   -.1455E+01   -.1475E+01   -.1489E+01   -.1505E+01   -.1516E+01   -.1529E+01   -.1538E+01   -.1548E+01   -.1556E+01   -.1564E+01   -.1570E+01   -.1577E+01   -.1582E+01   -.1588E+01   -.1593E+01   -.1598E+01   -.1602E+01   -.1607E+01   -.1611E+01   -.1615E+01   -.1618E+01   -.1622E+01   -.1625E+01   -.1628E+01   -.1631E+01   -.1634E+01   -.1637E+01   -.1640E+01   -.1643E+01   -.1645E+01   -.1648E+01   -.1650E+01   -.1653E+01   -.1655E+01   -.1657E+01   -.1660E+01   -.1662E+01   -.1664E+01   -.1666E+01   -.1668E+01   -.1670E+01   -.1672E+01   -.1674E+01   -.1676E+01   -.1677E+01   -.1679E+01   -.1681E+01   -.1683E+01   -.1688E+01   -.1689E+01   -.1690E+01   -.1691E+01   -.1693E+01   -.1695E+01   -.1697E+01   -.1698E+01   -.1700E+01   -.1702E+01   -.1703E+01   -.1705E+01   -.1706E+01   -.1708E+01   -.1709E+01   -.1711E+01   -.1712E+01   -.1714E+01   -.1716E+01   -.1717E+01   -.1718E+01   -.1720E+01   -.1721E+01   -.1723E+01   -.1724E+01   -.1726E+01   -.1727E+01   -.1729E+01   -.1730E+01   -.1731E+01   -.1733E+01   -.1734E+01   -.1736E+01   -.1737E+01   -.1738E+01   -.1740E+01   -.3310E+01   -.3654E+01   -.3746E+01   -.3778E+01   -.3790E+01   -.3793E+01   -.3793E+01   -.3791E+01   -.3788E+01   -.3785E+01   -.3783E+01   -.3780E+01   -.3778E+01   -.3775E+01   -.3773E+01   -.3772E+01   -.3770E+01   -.3769E+01   -.3767E+01   -.3766E+01   -.3765E+01   -.3764E+01   -.3763E+01   -.3762E+01   -.3761E+01   -.3761E+01   -.3760E+01   -.3759E+01   -.3759E+01   -.3758E+01
0.4160E+02   -.8735E+01   -.8966E+01   -.1021E+02   -.4733E+01   -.2960E+01   -.1090E+01   -.1041E+01   -.1089E+01   -.1210E+01   -.1168E+01   -.1217E+01   -.1293E+01   -.1277E+01   -.1376E+01   -.1429E+01   -.1449E+01   -.1470E+01   -.1486E+01   -.1503E+01   -.1515E+01   -.1528E+01   -.1538E+01   -.1549E+01   -.1557E+01   -.1565E+01   -.1572E+01   -.1579E+01   -.1585E+01   -.1591E+01   -.1596E+01   -.1601E+01   -.1605E+01   -.1610E+01   -.1614E+01   -.1618E+01   -.1622E+01   -.1625E+01   -.1629E+01   -.1632E+01   -.1635E+01   -.1638E+01   -.1641E+01   -.1644E+01   -.1647E+01   -.1650E+01   -.1652E+01   -.1655E+01   -.1657E+01   -.1659E+01   -.1662E+01   -.1664E+01   -.1666E+01   -.1668E+01   -.1670E+01   -.1672E+01   -.1674E+01   -.1676E+01   -.1678E+01   -.1680E+01   -.1682E+01   -.1684E+01   -.1686E+01   -.1688E+01   -.1689E+01   -.1694E+01   -.1695E+01   -.1696E+01   -.1698E+01   -.1699E+01   -.1701E+01   -.1703E+01   -.1704E+01   -.1706E+01   -.1708E+01   -.1709E+01   -.1711E+01   -.1712E+01   -.1714E+01   -.1716E+01   -.1717E+01   -.1719E+01   -.1720E+01   -.1722E+01   -.1723E+01   -.1725E+01   -.1726E+01   -.1727E+01   -.1729E+01   -.1730E+01   -.1732E+01   -.1733E+01   -.1735E+01   -.1736E+01   -.1737E+01   -.1739E+01   -.1740E+01   -.1742E+01   -.1743E+01   -.1744E+01   -.1746E+01   -.3304E+01   -.3646E+01   -.3738E+01   -.3770E+01   -.3782E+01   -.3785E+01   -.3785E+01   -.3783E+01   -.3780E+01   -.3777E+01   -.3774E+01   -.3772E+01   -.3770E+01   -.3767E+01   -.3765E+01   -.3764E+01   -.3762E+01   -.3761E+01   -.3759E+01   -.3758E+01   -.3757E+01   -.3756E+01   -.3755E+01   -.3754E+01   -.3753E+01   -.3753E+01   -.3752E+01   -.3751E+01   -.3751E+01   -.3750E+01
0.4182E+02   -.8782E+01   -.9617E+01   -.7177E+01   -.3103E+01   -.1832E+01   -.8592E+00   -.1095E+01   -.1155E+01   -.1193E+01   -.1195E+01   -.1301E+01   -.1340E+01   -.1360E+01   -.1439E+01   -.1464E+01   -.1484E+01   -.1503E+01   -.1519E+01   -.1534E+01   -.1547E+01   -.1558E+01   -.1569E+01   -.1578E+01   -.1586E+01   -.1594E+01   -.1601E+01   -.1608E+01   -.1614E+01   -.1619E+01   -.1624E+01   -.1629E+01   -.1634E+01   -.1638E+01   -.1642E+01   -.1646E+01   -.1649E+01   -.1653E+01   -.1656E+01   -.1660E+01   -.1663E+01   -.1666E+01   -.1669E+01   -.1672E+01   -.1674E+01   -.1677E+01   -.1680E+01   -.1682E+01   -.1684E+01   -.1687E+01   -.1689E+01   -.1691E+01   -.1693E+01   -.1695E+01   -.1697E+01   -.1699E+01   -.1701E+01   -.1703E+01   -.1705E+01   -.1707E+01   -.1709E+01   -.1711E+01   -.1713E+01   -.1714E+01   -.1716E+01   -.1721E+01   -.1722E+01   -.1723E+01   -.1725E+01   -.1726E+01   -.1728E+01   -.1730E+01   -.1731E+01   -.1733E+01   -.1735E+01   -.1736E+01   -.1738E+01   -.1739E+01   -.1741E+01   -.1742E+01   -.1744E+01   -.1745E+01   -.1747E+01   -.1748E+01   -.1750E+01   -.1751E+01   -.1753E+01   -.1754E+01   -.1756E+01   -.1757E+01   -.1758E+01   -.1760E+01   -.1761E+01   -.1763E+01   -.1764E+01   -.1765E+01   -.1767E+01   -.1768E+01   -.1770E+01   -.1771E+01   -.1772E+01   -.3323E+01   -.3663E+01   -.3755E+01   -.3787E+01   -.3799E+01   -.3802E+01   -.3802E+01   -.3800E+01   -.3797E+01   -.3794E+01   -.3792E+01   -.3789E+01   -.3787E+01   -.3785E+01   -.3783E+01   -.3781E+01   -.3779E+01   -.3778E+01   -.3777E+01   -.3775E+01   -.3774E+01   -.3773E+01   -.3772E+01   -.3771E+01   -.3771E+01   -.3770E+01   -.3769E+01   -.3769E+01   -.3768E+01   -.3768E+01
0.4203E+02   -.9056E+01   -.9628E+01   -.3055E+01   -.2655E+01   -.6126E+00   -.1135E+01   -.1060E+01   -.1251E+01   -.1144E+01   -.1272E+01   -.1391E+01   -.1392E+01   -.1455E+01   -.1484E+01   -.1504E+01   -.1526E+01   -.1542E+01   -.1560E+01   -.1572E+01   -.1586E+01   -.1595E+01   -.1607E+01   -.1614E+01   -.1624E+01   -.1630E+01   -.1638E+01   -.1643E+01   -.1650E+01   -.1655E+01   -.1660E+01   -.1664E+01   -.1669E+01   -.1673E+01   -.1677E+01   -.1681E+01   -.1685E+01   -.1688E+01   -.1692E+01   -.1695E+01   -.1698E+01   -.1701E+01   -.1704E+01   -.1706E+01   -.1709E+01   -.1712E+01   -.1714E+01   -.1717E+01   -.1719E+01   -.1721E+01   -.1724E+01   -.1726E+01   -.1728E+01   -.1730E+01   -.1732E+01   -.1734E+01   -.1736E+01   -.1738E+01   -.1740E+01   -.1742E+01   -.1744E+01   -.1745E+01   -.1747E+01   -.1749E+01   -.1751E+01   -.1755E+01   -.1756E+01   -.1757E+01   -.1759E+01   -.1761E+01   -.1762E+01   -.1764E+01   -.1766E+01   -.1767E+01   -.1769E+01   -.1770E+01   -.1772E+01   -.1773E+01   -.1775E+01   -.1777E+01   -.1778E+01   -.1780E+01   -.1781E+01   -.1783E+01   -.1784E+01   -.1785E+01   -.1787E+01   -.1788E+01   -.1790E+01   -.1791E+01   -.1793E+01   -.1794E+01   -.1795E+01   -.1797E+01   -.1798E+01   -.1800E+01   -.1801E+01   -.1802E+01   -.1804E+01   -.1805E+01   -.1806E+01   -.3349E+01   -.3687E+01   -.3778E+01   -.3810E+01   -.3822E+01   -.3825E+01   -.3825E+01   -.3823E+01   -.3820E+01   -.3817E+01   -.3815E+01   -.3812E+01   -.3810E+01   -.3808E+01   -.3806E+01   -.3804E+01   -.3802E+01   -.3801E+01   -.3800E+01   -.3798E+01   -.3797E+01   -.3796E+01   -.3795E+01   -.3795E+01   -.3794E+01   -.3793E+01   -.3793E+01   -.3792E+01   -.3791E+01   -.3791E+01
0.4225E+02   -.9932E+01   -.4879E+01   -.2558E+01   -.1096E+01   -.9356E+00   -.1050E+01   -.1156E+01   -.1197E+01   -.1205E+01   -.1368E+01   -.1430E+01   -.1451E+01   -.1491E+01   -.1514E+01   -.1538E+01   -.1556E+01   -.1574E+01   -.1588E+01   -.1602E+01   -.1613E+01   -.1625E+01   -.1634E+01   -.1643E+01   -.1650E+01   -.1658E+01   -.1664E+01   -.1671E+01   -.1676E+01   -.1681E+01   -.1686E+01   -.1691E+01   -.1695E+01   -.1699E+01   -.1703E+01   -.1707E+01   -.1711E+01   -.1714E+01   -.1717E+01   -.1721E+01   -.1724E+01   -.1727E+01   -.1729E+01   -.1732E+01   -.1735E+01   -.1737E+01   -.1740E+01   -.1742E+01   -.1744E+01   -.1747E+01   -.1749E+01   -.1751E+01   -.1753E+01   -.1755E+01   -.1757E+01   -.1759E+01   -.1761E+01   -.1763E+01   -.1765E+01   -.1767E+01   -.1769E+01   -.1770E+01   -.1772E+01   -.1774E+01   -.1776E+01   -.1780E+01   -.1781E+01   -.1782E+01   -.1784E+01   -.1785E+01   -.1787E+01   -.1789E+01   -.1790E+01   -.1792E+01   -.1793E+01   -.1795E+01   -.1796E+01   -.1798E+01   -.1799E+01   -.1801E+01   -.1802E+01   -.1804E+01   -.1805E+01   -.1807E+01   -.1808E+01   -.1810E+01   -.1811E+01   -.1813E+01   -.1814E+01   -.1815E+01   -.1817E+01   -.1818E+01   -.1819E+01   -.1821E+01   -.1822E+01   -.1824E+01   -.1825E+01   -.1826E+01   -.1828E+01   -.1829E+01   -.1830E+01   -.3349E+01   -.3682E+01   -.3772E+01   -.3804E+01   -.3815E+01   -.3818E+01   -.3818E+01   -.3816E+01   -.3813E+01   -.3810E+01   -.3807E+01   -.3805E+01   -.3803E+01   -.3800E+01   -.3799E+01   -.3797E+01   -.3795E+01   -.3794E+01   -.3792E+01   -.3791E+01   -.3790E+01   -.3789E+01   -.3788E+01   -.3787E+01   -.3787E+01   -.3786E+01   -.3785E+01   -.3785E+01   -.3784E+01   -.3784E+01
0.4247E+02   -.7240E+01   -.2794E+01   -.1657E+01   -.7769E+00   -.1130E+01   -.1184E+01   -.1333E+01   -.1308E+01   -.1399E+01   -.1522E+01   -.1559E+01   -.1590E+01   -.1618E+01   -.1641E+01   -.1663E+01   -.1681E+01   -.1698E+01   -.1712E+01   -.1726E+01   -.1737E+01   -.1748E+01   -.1757E+01   -.1765E+01   -.1773E+01   -.1780E+01   -.1786E+01   -.1793E+01   -.1798E+01   -.1803E+01   -.1808E+01   -.1813E+01   -.1817E+01   -.1821E+01   -.1825E+01   -.1829E+01   -.1832E+01   -.1836E+01   -.1839E+01   -.1842E+01   -.1845E+01   -.1848E+01   -.1851E+01   -.1854E+01   -.1856E+01   -.1859E+01   -.1861E+01   -.1864E+01   -.1866E+01   -.1868E+01   -.1870E+01   -.1873E+01   -.1875E+01   -.1877E+01   -.1879E+01   -.1881E+01   -.1883E+01   -.1885E+01   -.1887E+01   -.1888E+01   -.1890E+01   -.1892E+01   -.1894E+01   -.1896E+01   -.1897E+01   -.1902E+01   -.1903E+01   -.1904E+01   -.1906E+01   -.1907E+01   -.1909E+01   -.1910E+01   -.1912E+01   -.1914E+01   -.1915E+01   -.1917E+01   -.1918E+01   -.1920E+01   -.1921E+01   -.1923E+01   -.1924E+01   -.1926E+01   -.1927E+01   -.1929E+01   -.1930E+01   -.1932E+01   -.1933E+01   -.1935E+01   -.1936E+01   -.1937E+01   -.1939E+01   -.1940E+01   -.1942E+01   -.1943E+01   -.1944E+01   -.1946E+01   -.1947E+01   -.1948E+01   -.1950E+01   -.1951E+01   -.1952E+01   -.3480E+01   -.3815E+01   -.3905E+01   -.3937E+01   -.3948E+01   -.3952E+01   -.3951E+01   -.3949E+01   -.3947E+01   -.3944E+01   -.3941E+01   -.3939E+01   -.3937E+01   -.3934E+01   -.3933E+01   -.3931E+01   -.3929E+01   -.3928E+01   -.3927E+01   -.3925E+01   -.3924E+01   -.3923E+01   -.3923E+01   -.3922E+01   -.3921E+01   -.3920E+01   -.3920E+01   -.3919E+01   -.3919E+01   -.3918E+01
0.4268E+02   -.2582E+01   -.2322E+01   -.6098E+00   -.1202E+01   -.1241E+01   -.1437E+01   -.1543E+01   -.1510E+01   -.1654E+01   -.1698E+01   -.1730E+01   -.1764E+01   -.1787E+01   -.1814E+01   -.1831E+01   -.1852E+01   -.1866E+01   -.1882E+01   -.1893E+01   -.1906E+01   -.1915E+01   -.1925E+01   -.1932E+01   -.1941E+01   -.1947E+01   -.1954E+01   -.1959E+01   -.1966E+01   -.1970E+01   -.1976E+01   -.1980E+01   -.1984E+01   -.1988E+01   -.1992E+01   -.1996E+01   -.2000E+01   -.2003E+01   -.2006E+01   -.2009E+01   -.2013E+01   -.2015E+01   -.2018E+01   -.2021E+01   -.2023E+01   -.2026E+01   -.2028E+01   -.2031E+01   -.2033E+01   -.2035E+01   -.2038E+01   -.2040E+01   -.2042E+01   -.2044E+01   -.2046E+01   -.2048E+01   -.2050E+01   -.2052E+01   -.2054E+01   -.2056E+01   -.2058E+01   -.2059E+01   -.2061E+01   -.2063E+01   -.2065E+01   -.2069E+01   -.2070E+01   -.2071E+01   -.2073E+01   -.2075E+01   -.2076E+01   -.2078E+01   -.2080E+01   -.2081E+01   -.2083E+01   -.2084E+01   -.2086E+01   -.2087E+01   -.2089E+01   -.2091E+01   -.2092E+01   -.2094E+01   -.2095E+01   -.2097E+01   -.2098E+01   -.2099E+01   -.2101E+01   -.2102E+01   -.2104E+01   -.2105E+01   -.2107E+01   -.2108E+01   -.2109E+01   -.2111E+01   -.2112E+01   -.2114E+01   -.2115E+01   -.2116E+01   -.2118E+01   -.2119E+01   -.2120E+01   -.3666E+01   -.4003E+01   -.4094E+01   -.4126E+01   -.4138E+01   -.4142E+01   -.4142E+01   -.4140E+01   -.4138E+01   -.4135E+01   -.4133E+01   -.4130E+01   -.4128E+01   -.4126E+01   -.4124E+01   -.4122E+01   -.4121E+01   -.4120E+01   -.4118E+01   -.4117E+01   -.4116E+01   -.4115E+01   -.4114E+01   -.4114E+01   -.4113E+01   -.4112E+01   -.4112E+01   -.4111E+01   -.4111E+01   -.4110E+01
0.4290E+02   -.1121E+01   -.1212E+01   -.8401E+00   -.1265E+01   -.1320E+01   -.1476E+01   -.1553E+01   -.1578E+01   -.1657E+01   -.1695E+01   -.1731E+01   -.1760E+01   -.1787E+01   -.1809E+01   -.1830E+01   -.1847E+01   -.1864E+01   -.1877E+01   -.1890E+01   -.1900E+01   -.1911E+01   -.1919E+01   -.1928E+01   -.1935E+01   -.1942E+01   -.1948E+01   -.1954E+01   -.1959E+01   -.1964E+01   -.1968E+01   -.1973E+01   -.1977E+01   -.1981E+01   -.1985E+01   -.1988E+01   -.1992E+01   -.1995E+01   -.1998E+01   -.2001E+01   -.2004E+01   -.2007E+01   -.2009E+01   -.2012E+01   -.2014E+01   -.2017E+01   -.2019E+01   -.2021E+01   -.2023E+01   -.2025E+01   -.2027E+01   -.2029E+01   -.2031E+01   -.2033E+01   -.2035E+01   -.2037E+01   -.2039E+01   -.2041E+01   -.2042E+01   -.2044E+01   -.2046E+01   -.2048E+01   -.2049E+01   -.2051E+01   -.2052E+01   -.2057E+01   -.2058E+01   -.2058E+01   -.2060E+01   -.2062E+01   -.2063E+01   -.2065E+01   -.2066E+01   -.2068E+01   -.2069E+01   -.2070E+01   -.2072E+01   -.2073E+01   -.2075E+01   -.2076E+01   -.2077E+01   -.2079E+01   -.2080E+01   -.2082E+01   -.2083E+01   -.2084E+01   -.2085E+01   -.2087E+01   -.2088E+01   -.2089E+01   -.2091E+01   -.2092E+01   -.2093E+01   -.2094E+01   -.2096E+01   -.2097E+01   -.2098E+01   -.2099E+01   -.2101E+01   -.2102E+01   -.2103E+01   -.3514E+01   -.3831E+01   -.3918E+01   -.3950E+01   -.3961E+01   -.3965E+01   -.3965E+01   -.3963E+01   -.3961E+01   -.3958E+01   -.3955E+01   -.3953E+01   -.3951E+01   -.3949E+01   -.3947E+01   -.3945E+01   -.3943E+01   -.3942E+01   -.3941E+01   -.3940E+01   -.3938E+01   -.3938E+01   -.3937E+01   -.3936E+01   -.3935E+01   -.3934E+01   -.3934E+01   -.3933E+01   -.3933E+01   -.3932E+01
0.4312E+02   -.5077E+00   -.4631E+00   -.9165E+00   -.1208E+01   -.1290E+01   -.1405E+01   -.1469E+01   -.1522E+01   -.1568E+01   -.1606E+01   -.1641E+01   -.1670E+01   -.1697E+01   -.1719E+01   -.1740E+01   -.1757E+01   -.1773E+01   -.1786E+01   -.1799E+01   -.1810E+01   -.1820E+01   -.1828E+01   -.1837E+01   -.1844E+01   -.1851E+01   -.1857E+01   -.1863E+01   -.1868E+01   -.1873E+01   -.1878E+01   -.1882E+01   -.1886E+01   -.1890E+01   -.1894E+01   -.1898E+01   -.1901E+01   -.1904E+01   -.1907E+01   -.1910E+01   -.1913E+01   -.1916E+01   -.1919E+01   -.1921E+01   -.1924E+01   -.1926E+01   -.1928E+01   -.1931E+01   -.1933E+01   -.1935E+01   -.1937E+01   -.1939E+01   -.1941E+01   -.1943E+01   -.1945E+01   -.1947E+01   -.1949E+01   -.1951E+01   -.1952E+01   -.1954E+01   -.1956E+01   -.1958E+01   -.1959E+01   -.1961E+01   -.1963E+01   -.1967E+01   -.1968E+01   -.1969E+01   -.1970E+01   -.1972E+01   -.1973E+01   -.1975E+01   -.1976E+01   -.1978E+01   -.1979E+01   -.1981E+01   -.1982E+01   -.1984E+01   -.1985E+01   -.1987E+01   -.1988E+01   -.1989E+01   -.1991E+01   -.1992E+01   -.1994E+01   -.1995E+01   -.1996E+01   -.1998E+01   -.1999E+01   -.2000E+01   -.2002E+01   -.2003E+01   -.2004E+01   -.2005E+01   -.2007E+01   -.2008E+01   -.2009E+01   -.2011E+01   -.2012E+01   -.2013E+01   -.2014E+01   -.3456E+01   -.3777E+01   -.3865E+01   -.3896E+01   -.3908E+01   -.3912E+01   -.3911E+01   -.3910E+01   -.3907E+01   -.3905E+01   -.3902E+01   -.3899E+01   -.3897E+01   -.3895E+01   -.3893E+01   -.3891E+01   -.3890E+01   -.3888E+01   -.3887E+01   -.3886E+01   -.3885E+01   -.3884E+01   -.3883E+01   -.3882E+01   -.3882E+01   -.3881E+01   -.3880E+01   -.3880E+01   -.3879E+01   -.3879E+01
