
 Ansys Mechanical Enterprise                       


 *------------------------------------------------------------------*
 |                                                                  |
 |   W E L C O M E   T O   T H E   A N S Y S (R)  P R O G R A M     |
 |                                                                  |
 *------------------------------------------------------------------*




 ***************************************************************
 *            ANSYS 2022 R1          LEGAL NOTICES             *
 ***************************************************************
 *                                                             *
 * Copyright 1971-2022 ANSYS, Inc.  All rights reserved.       *
 * Unauthorized use, distribution or duplication is            *
 * prohibited.                                                 *
 *                                                             *
 * Ansys is a registered trademark of ANSYS, Inc. or its       *
 * subsidiaries in the United States or other countries.       *
 * See the ANSYS, Inc. online documentation or the ANSYS, Inc. *
 * documentation CD or online help for the complete Legal      *
 * Notice.                                                     *
 *                                                             *
 ***************************************************************
 *                                                             *
 * THIS ANSYS SOFTWARE PRODUCT AND PROGRAM DOCUMENTATION       *
 * INCLUDE TRADE SECRETS AND CONFIDENTIAL AND PROPRIETARY      *
 * PRODUCTS OF ANSYS, INC., ITS SUBSIDIARIES, OR LICENSORS.    *
 * The software products and documentation are furnished by    *
 * ANSYS, Inc. or its subsidiaries under a software license    *
 * agreement that contains provisions concerning               *
 * non-disclosure, copying, length and nature of use,          *
 * compliance with exporting laws, warranties, disclaimers,    *
 * limitations of liability, and remedies, and other           *
 * provisions.  The software products and documentation may be *
 * used, disclosed, transferred, or copied only in accordance  *
 * with the terms and conditions of that software license      *
 * agreement.                                                  *
 *                                                             *
 * ANSYS, Inc. is a UL registered                              *
 * ISO 9001:2015 company.                                      *
 *                                                             *
 ***************************************************************
 *                                                             *
 * This product is subject to U.S. laws governing export and   *
 * re-export.                                                  *
 *                                                             *
 * For U.S. Government users, except as specifically granted   *
 * by the ANSYS, Inc. software license agreement, the use,     *
 * duplication, or disclosure by the United States Government  *
 * is subject to restrictions stated in the ANSYS, Inc.        *
 * software license agreement and FAR 12.212 (for non-DOD      *
 * licenses).                                                  *
 *                                                             *
 ***************************************************************

 2022 R1 
     
 Point Releases and Patches installed:   
     
 ANSYS, Inc. License Manager 2022 R1 
 Additive 2022 R1
 Customization Files for User Programmable Features 2022 R1  
 Mechanical Products 2022 R1 
 SpaceClaim 2022 R1  


          *****  ANSYS COMMAND LINE ARGUMENTS  *****
  INITIAL JOBNAME              = file                                                                                                                                                                                                                                                    
  BATCH MODE REQUESTED (-b)    = LIST
  INPUT FILE COPY MODE (-c)    = COPY
  SHARED MEMORY PARALLEL REQUESTED
    SINGLE PROCESS WITH   8 THREADS REQUESTED
    TOTAL OF     8 CORES REQUESTED
  INPUT FILE NAME              = C:\gitprojects\tunnel_analysis\ANALYSIS\ANALISES_02\EPVP_CRVE_CG_D1_4RE_VM\APDL_TWIN_2024_01.txt
  OUTPUT FILE NAME             = C:\gitprojects\tunnel_analysis\ANALYSIS\ANALISES_02\EPVP_CRVE_CG_D1_4RE_VM\file.out
  START-UP FILE MODE           = READ  
  STOP FILE MODE               = READ  
  LANGUAGE                     = en-us               
  INITIAL DIRECTORY = C:\gitprojects\tunnel_analysis\ANALYSIS\ANALISES_02\EPVP_CRVE_CG_D1_4RE_VM

 User Link path (ANS_USER_PATH): C:\usermat                                                                                                                                                                                                                                              

 RELEASE= 2022 R1              BUILD= 22.1      UP20211129   VERSION=WINDOWS x64 
 CURRENT JOBNAME=file  12:50:03  SEP 24, 2024 CP=      0.078
 Note - This ANSYS version was linked by Licensee
     1  !************************************************************!  
     2  !** PROGRAMA ANÁLISE TUNEL DUPLO (MODELO 3D) 		   **!  
     3  !** Versão: 2024.01 					   **!
     4  !** 							   **!   
     5  !** Objetivo: faz análise da convergência de túneis 	   **!  
     6  !** profundos com seção circular dupla (gêmeos)		   **!  
     7  !** com/sem galerias transversais			   **!  
     8  !** considerando um modelo 3D 				   **!
     9  !** 							   **!   
    10  !** Programador: Felipe Quevedo, Carlos e Bianca Girardi   **!  
    11  !** Situação : OK (11/07/2020) 				   **! 
    12  !** Unidades : [F/A, L, t] = MPa, m, dias		   **!   
    13  !** 							   **!   
    14  !************************************************************!  
    15  !   
    16  !************************************************************!  
    17  !****_ 1. INICIALIZANDO O ANSYS 		        _****!
    18  !************************************************************!  
    19  FINISH  
    20  /CLEAR,NOSTART  
    21  !   
    22  !************************************************************!  
    23  !****_ 2. DADOS DE ENTRADA DO PROBLEMA 			_****!
    24  !************************************************************!  
    25  !   
    26  ! Nessa seção define-se todos os dados de entrada necessarios 
    27  !   
    28  !************************************************************!  
    29  !****_ 		2.1 Parâmetros geométricos		_****!   
    30  !************************************************************!  
    31  ! referente aos tuneis longitudinais
    32  Re 		= 1 		! [m] raio da interface entre o túnel e o maciço   
    33  esp		= 0.1		! [m] espessura do revestimento 
    34  Lp 		= 1/3*Re 	! [m] comprimento do passo de escavação
    35  nd0 		= 2 		! [Lp] número de passos que representam a dimensão não suportada 
    36  npi 		= 3 		! [Lp] número de passos escavados na primeira escavação  
    37  Vp 		= 12.5 		! [m/dia] velocidade do passo de escavação  
    38  revested0 	= 1 		! 0 - não reveste ultimo d0+Lp, 1 - reveste ultimo d0+Lp  
    39  revesteface 	= 1 		! 0 - não reveste a face, 1 - reveste a face
    40  !   
    41  ! referente as galeiras transversais
    42  Re1 		= 2*Lp 		! [m] raio externo da galeria (deve multiplo de Lp)  
    43  esp1		= 0.1		! [m] espessura do revestimento
    44  !Lp1 		= 1/3*Re1 	! [m] passo de escavação das galerias transversais (tem que ser multiplo de (d1/2+re))  
    45  nd01 		= 2 		! [Lp1] dimensão não suportada (deve ser multiplo de Lp1)
    46  npi1 		= 3 		! [un] numero de passos escavados na primeira escavação  
    47  Vp1 		= 12.5 		! [m/dia] velocidade de escavação  
    48  escavagaleria 	= 1 		! escavação das galerias: 0 - não escava, 1 - escava
    49  revestegaleria 	= 1 		! revestimento da galeria: 0 - não reveste, 1 - reveste  
    50  pig1 		= 15 		! [un] numero de passos de escavação a partir da galeria no qual iniciará a escavação da galeria 
    51  !   
    52  ! referente ao restante do domínio 
    53  l1 		= 10 		! [Re] comprimento do trecho não escavado (deve ser suficiente para captar os efeitos na última frente de escavação)
    54  l2 		= 100 		! [Lp] comprimento do trecho escavado  
    55  d3 		= 20 		! [Re] altura do domínio (profundidade do eixo do túnel longitudinal) 
    56  d4 		= 20 		! [Re] distância das bordas laterais do domínio até o eixo do tunel longitudinal 
    57  d1 		= 4		! [Re] distância entre eixos dos túneis longitudinais   
    58  !   
    59  ! distância adjacente a galeria com malha livre [Lp]   
    60  !   
    61  ! Lp1 deve ter uma medida que se tenha n passos inteiros para se escavar,   
    62  ! portanto: Lp1 = K*Re1 em que K = (d1/2-Re)/(n*Re1).   
    63  ! o valor de d5 é ajustado de modo a ter uma discretização na região da galeria 
    64  !   
    65  !   
    66  *IF,d1,EQ,16,THEN   
    67  	d5		= 6			 
    68  	Lp1		= 0.3387*re1  
    69  *ELSEIF,d1,EQ,4,THEN
    70  	d5		= 2
    71  	Lp1		= 0.3*re1 
    72  *ELSEIF,d1,EQ,3,THEN
    73  	d5		= 2
    74  	Lp1		= 0.25*re1
    75  *ELSEIF,d1,EQ,5,THEN
    76  	d5		= 2
    77  	Lp1		= 0.375*re1   
    78  *ELSEIF,d1,EQ,8,THEN
    79  	d5		= 4
    80  	Lp1		= 0.3214*re1	 
    81  *ENDIF  
    82  !   
    83  !   
    84  !************************************************************!  
    85  !****_  	2.2 Parâmetros constitutivos do maciço 	_****!   
    86  !************************************************************! 		   
    87  ! Tipo de material do maciço (matmacico)   
    88  !   
    89  ! 	1  - elastico do ANSYS   
    90  ! 	2  - elastoplastico VM do ANSYS (BISO)   
    91  ! 	22 - elastoplastico VM do ANSYS (MISO)   
    92  !	23 - viscoplastico Perzyna VM do ANSYS
    93  !	4  - usermat3D_VM do ANSYS (BISO) 
    94  !	5  - usermat3D_elastico   
    95  !	6  - usermat3D_EP 
    96  !	7  - usermat3D_VP 
    97  !	8  - usermat3D_EPVP	  
    98  !   
    99  matmacico	= 8   
   100  !   
   101  ! Parâmetros de todos os modelos   
   102  E1 		= 1500		 ! [MPa] modulo elasticidade (1,2,22,23,4,5,6,7,8) 
   103  nu1 		= 0.498		 ! [adm] coeficiente de poisson (1,2,22,23,4,5,6,7,8)
   104  !   
   105  ! Parametros para o modelo 2, 22, 6 e 8 
   106  superficief	= 2		 ! função de escoamento: 1-DPI, 2-DPII, 3-DPIII, 4-MC (6,8)  
   107  superficieg 	= 2		 ! função potencial: 1-DPI, 2-DPII, 3-DPIII, 4-MC (6,8) 
   108  fi	    	= 0		 ! [graus] angulo de atrito (0 - VM ou TR) (6,8)   
   109  psi	    	= fi		 ! [graus] angulo de dilatância (6,8)   
   110  c1	    	= 4*SQRT(3)/2	 ! [MPa] coesão inicial (2,22,23,4,6,8)  
   111  c2	    	= 4*SQRT(3)/2  	 ! [MPa] coesão de pico (2,22,23,4,6,8)
   112  c3	    	= 4*SQRT(3)/2 	 ! [MPa] coesão residual (22,6,8)   
   113  eps1	    	= 0.010		 ! [adm] deformação equiv. limite da zona 1 (22,6,8)   
   114  eps2	    	= 0.010		 ! [adm] deformação equiv. limite da zona 2 (22,6,8)   
   115  eps3	    	= 0.010		 ! [adm] deformação equiv. limite da zona 3 (22,6,8)   
   116  Dalg		= 0		 ! 0 - módulo elastico, 1 - módulo algoritmíco (6,8)  
   117  !   
   118  ! Parametros para o modelo 23, 7 e 8
   119  superficiefvp 	= 2		 ! função de escoamento: 1-DPI, 2-DPII, 3-DPIII, 4-MC (7,8)   
   120  superficiegvp 	= 2		 ! função potencial: 1-DPI, 2-DPII, 3-DPIII, 4-MC (7,8)   
   121  fivp          	= 0		 ! [graus] angulo de atrito (0 - VM ou TR)(7,8) 
   122  psivp         	= fivp		 ! [graus] angulo de dilatância (7,8)   
   123  cvp 	      	= 2*SQRT(3)/2	 ! [MPa] coesão viscoplastica (23,7,8)   
   124  n1	      	= 1		 ! [adm] expoente do modelo de Perzyna (23,7,8)  
   125  eta           	= 4E4 		 ! [dia] constante de viscosidade dinâmica (23,7,8) 
   126  f0     	      	= 1		 ! [MPa] valor de referência (23,7,8)  
   127  thetavp       	= 1		 ! 0 - totalmente explícito, 1 - semi-implicito (7,8)  
   128  !   
   129  !********************************************************************!  
   130  !****_ 		2.3 Parâmetros constitutivos do revest	_****! 
   131  !********************************************************************!  
   132  ! Tipo de material  
   133  !	0 - Sem revestimento  
   134  !	1 - Ansys_Elástico   
   135  !	2 - Usermat_Viscoelastico_CEB-MC90
   136  !   
   137  matrev 		= 2		! Tipo de material (0-SR,1-E,2-VE)
   138  !   
   139  ! Parâmetros para os modelos 1 e 2 
   140  E2 		= 30303		! [MPa] módulo de elasticidade do revestimento (matrev=1)
   141  nu2 		= 0.2    	! [adm] coeficiente de Poisson do revestimento (matrev=1,2)		   
   142  !   
   143  ! Parâmetros para o modelo 2   
   144  fck 		= 20		! [MPa] resistência característica do concreto (2)
   145  s 		= 0.2		! [adm] coef. que depende do tipo de concreto (2)
   146  ti 		= 0		! [dias] início do concreto (2)  
   147  rh 		= 70		! [%] umidade relativa do ambiente (2)   
   148  hf 		= (Re**2-(Re-esp)**2)/(Re-esp) ! [m] espessura fictítica (QUEVEDO, 2017, p. 84) (2)   
   149  hf1		= (Re1**2-(Re1-esp1)**2)/(Re1-esp1)  ! [m] espessura fictítica da galeria (QUEVEDO, 2017, p. 84) (2)  
   150  ts 		= 7		! [dias] idade do concreto no início da secagem (2)  
   151  t0		= 1		! [dias] idade do concreto no início do carregamento (2)  
   152  tinf		= 3000		! [dias] tempo final da análise (2)  
   153  betasc 		= 8d0		! [adm] coeficiente que depende do tipo de cimento (2)  
   154  temperatura 	= 20		! [oC] temperatura (2)   
   155  alpha 		= 1		! [adm] efeito do tipo de cimento durante a cura (2)   
   156  ndec  		= 10		! [década] No. de pontos por decada na discretização (2)   
   157  ligafluencia 	= 1		! [un] 1 - liga fluência, 0 - desliga fluência (2) 
   158  ligaretracao 	= 1		! [un] 1 - liga retração, 0 - desliga retração (2)   
   159  ktime		= 10		! [dias] tempo da análise para saída de dados
   160  kelemid		= 2060		! [un] identificação do elemento para saída 
   161  kkDomIntPt	= 1		! [un] identificação do ponto de integração para saída 
   162  !   
   163  ! Calculo do módulo
   164  fcm 		= fck + 8 
   165  E2 		= 21500*(fcm/10)**(1/3)		    					 
   166  !************************************************************!  
   167  !****_ 		2.4 Condições de Contorno	  	_****!  
   168  !************************************************************!  
   169  prx 		= 9 		! [MPa] tensões iniciais na direção x
   170  pry		= 9		! [MPa] tensões iniciais na direção y  
   171  prz		= 9		! [MPa] tensões iniciais na direção z  
   172  !   
   173  !************************************************************!  
   174  !****_ 		2.5 Discretização do tempo nos passos	_****! 
   175  !************************************************************!  
   176  !   
   177  ! Discretização do tempo durante os passos de escavação tunel longitudinal  
   178  tp 		= Lp/(Vp) 	! [dias] tempo para fazer um passo de escavação nos tuneis longitudinais  
   179  dtp 		= 0.5*tp	! [dias] incremento de tempo inicial dentro de cada passo
   180  dtpmax 		= dtp 		! [dias] incremento máximo de tempo dentro de cada passo  
   181  !   
   182  ! Discretização do tempo durante os passos de escavação da galeria  
   183  tp1 		= Lp1/(Vp1) 	! [dias] tempo para fazer um passo de escavação na galeria transversal 
   184  dtp1		= 0.5*tp1	! [dias] incremento de tempo inicial dentro de cada passo   
   185  dtpmax1		= dtp1		! [dias] incremento máximo de tempo dentro de cada passo  
   186  !   
   187  ! Discretização do tempo nos passos após a escavação   
   188  tp2 		= 100 		! [dias] tempo de cada passo de solução após a escavação do túnel   
   189  np2max 		= 30 		! [un] número máximo de passos de solução após a escavação do túnel 
   190  dtp2		= 0.5*tp2	! [dias] incremento de tempo de cada passo  
   191  !   
   192  tp2autots	= 1		! Especifica quando usar incremento de tempo automático 
   193  !				!      -1 - O programa escolhe 
   194  !				! 	0 - não usa incremento de tempo automático (usa apenas dtp2)  
   195  !				!	1 - usa incremento de tempo automático (usa o dpt2min e dpt2max)
   196  tp2carry	= 1		! Incremento de tempo entre passos
   197  !				!	0 - usa o dtp2 como o incremento de tempo em cada passo  
   198  !				!	1 - usa o incremento de tempo do passo anterior em cada passo (se dtp2autots = 1)
   199  dtp2min		= tp2/2		! [dias] incremento mínimo de tempo de cada passo
   200  dtp2max		= tp2		! [dias] incremento máximo de tempo de cada passo				! 
   201  !   
   202  deltaumin	= 1E-8		! [adm] critério de convergência no tempo   
   203  !   
   204  !************************************************************!  
   205  !****_ 		2.6 Discretização da malha              _****!   
   206  !************************************************************!  
   207  tipoelem 	= 1 		! elementos fora da região da galeria: 1 - SOLID185, 2 - SOLID186  
   208  formaint	= 0		! integração 0 - completa, 1 - reduzida 
   209  tipoelem1 	= 2 		! elementos na região da galeria: 1 - SOLID185, 2 - SOLID186  
   210  formaint1	= 0		! integração 0 - completa, 1 - reduzida
   211  !   
   212  nLp		= 1		! [un] numero de elementos no passo escavado do túnel longitudinal   
   213  nLp1		= 2 		! [un] numero de elementos no passo escavado da galeria 
   214  nL1 		= 15 		! [un] numero de elementos ao longo do eixo do tunel longitudinal no trecho não escavado  
   215  mL1 		= 1/5 		! [adm] taxa de crescimento   
   216  nesp 		= 1 		! [un] numero de elementos na espessura do revestimento do tunel longitudinal  
   217  nCRe 		= 16 		! [un] numero de elementos na interface entre maciço e o revestimento do tunel longitudinal (deve ser par)   
   218  nRi 		= nCRe/2 	! [un] numero de elementos na horizontal e vertical do maciço escavado no tunel longitudinal   
   219  mRi 		= 0 		! [adm] taxa de crecimento  
   220  nd3 		= nCRe/2 	! [un] numero de elementos na horizontal e vertical oposta ao tunel longitudinal
   221  m4ga		= Lp1/1.3 	! [m] tamanho dos elementos na galeria 
   222  !   
   223  *IF,d1,EQ,16,THEN   
   224  	nd1 		= 18		! 16 [un] numero de elementos na horizontal e vertical contigua ao tunel longitudinal (exemplo: 6, 8, 12)  
   225  	md1 		= 20 		! 16 [adm] taxa de crescimento (exmeplo: 5, 8, 10)		  
   226  	nd4 		= 5 		! [un] numero de elementos na horizontal e vertical contigua a região próxima do tunel longitudinal  
   227  	md4 		= 1.5 		! [adm] taxa de crescimento  
   228  	nd6		= nd1*2		! [un] número de elementos na vertical contígua a galeria transversal  
   229  	md6		= md1		! [adm] taxa de crescimento
   230  	nd5		= 12		! 8 [un] numero de elementos no trecho adjacente a galeria transversal (exemplo: 6, 8)  
   231  	md5		= 4		! 3 [adm] taxa de crescimento (exemplo: 2, 6)
   232  *ELSEIF,d1,EQ,4,THEN
   233  	nd1 		= 7		! [un] numero de elementos na horizontal e vertical contigua ao tunel longitudinal  
   234  	md1 		= 5 		! [adm] taxa de crescimento		  
   235  	nd4 		= 12 		! [un] numero de elementos na horizontal e vertical contigua a região próxima do tunel longitudinal 
   236  	md4 		= 6 		! [adm] taxa de crescimento
   237  	nd6		= nd1*2		! [un] número de elementos na vertical contígua a galeria transversal  
   238  	md6		= md1		! [adm] taxa de crescimento
   239  	nd5		= 6		! [un] numero de elementos no trecho adjacente a galeria transversal 
   240  	md5		= 4		! [adm] taxa de crescimento  
   241  *ELSEIF,d1,EQ,5,THEN
   242  	nd1 		= 9		! [un] numero de elementos na horizontal e vertical contigua ao tunel longitudinal  
   243  	md1 		= 7 		! [adm] taxa de crescimento		  
   244  	nd4 		= 12 		! [un] numero de elementos na horizontal e vertical contigua a região próxima do tunel longitudinal 
   245  	md4 		= 6 		! [adm] taxa de crescimento
   246  	nd6		= nd1*2		! [un] número de elementos na vertical contígua a galeria transversal  
   247  	md6		= md1		! [adm] taxa de crescimento
   248  	nd5		= 6		! [un] numero de elementos no trecho adjacente a galeria transversal 
   249  	md5		= 4		! [adm] taxa de crescimento  
   250  *ELSEIF,d1,EQ,8,THEN
   251  	nd1 		= 14		! [un] numero de elementos na horizontal e vertical contigua ao tunel longitudinal 
   252  	md1 		= 10 		! [adm] taxa de crescimento		 
   253  	nd4 		= 12 		! [un] numero de elementos na horizontal e vertical contigua a região próxima do tunel longitudinal 
   254  	md4 		= 6 		! [adm] taxa de crescimento
   255  	nd6		= nd1*2		! [un] número de elementos na vertical contígua a galeria transversal  
   256  	md6		= md1		! [adm] taxa de crescimento
   257  	nd5		= 8		! [un] numero de elementos no trecho adjacente a galeria transversal 
   258  	md5		= 6		! [adm] taxa de crescimento	 
   259  *ELSEIF,d1,EQ,3,THEN
   260  	nd1 		= 5		! [un] numero de elementos na horizontal e vertical contigua ao tunel longitudinal  
   261  	md1 		= 5 		! [adm] taxa de crescimento		  
   262  	nd4 		= 10 		! [un] numero de elementos na horizontal e vertical contigua a região próxima do tunel longitudinal 
   263  	md4 		= 3 		! [adm] taxa de crescimento
   264  	nd6		= nd1*2		! [un] número de elementos na vertical contígua a galeria transversal  
   265  	md6		= md1		! [adm] taxa de crescimento
   266  	nd5		= 6		! [un] numero de elementos no trecho adjacente a galeria transversal 
   267  	md5		= 4		! [adm] taxa de crescimento  
   268  *ENDIF	 
   269  !   
   270  !************************************************************!  
   271  !****_ 		2.7 Configuração da saida de dados    	_****!
   272  !************************************************************!  
   273  teta		= 90		! angulo da posição do perfil de convergências no túnel longitudinal
   274  direcao 	= 'Y'		! componente dos deslocamentos para o perfil de convergências										    						  
   275  iso		= 0 		! 0 - contorno padrão, 1 - isolinhas (apenas 0 se isosup=1) 
   276  flag1 		= 1 		! 1 - saida jpg do gráfico de convergência em arquivo   
   277  flag2 		= 1 		! 1 - saida txt de resultados do gráfico de convergênci 
   278  flag3 		= 1 		! 1 - saida do gráfico de convergência na tela do Ansys 
   279  !   
   280  ! Obs: os arquivos de imagem jpg saem com o nome jobname###.jpg 
   281  ! onde ### é um inteiro que vai incrementando a partir da última  
   282  ! numeração do último arquivo plotado.   
   283  ! Os campos de resultados serão referentes ao final da análise.   
   284  !   
   285  !***********************************************************!   
   286  !****_ 		2.8 Configurações da solução	     	_****!  
   287  !***********************************************************!   
   288  !   
   289  nr	= 2	! Tipo de Newton-Raphson 
   290  !		! 1 - INIT rigidez não é atualizada
   291  !		! 2 - FULL rigidez atualizada a cada iteração  
   292  !		! 3 - UNSYM assimétrica atualizada a cada iteração
   293  !   
   294  ! Tolerâncias durante os passos de escavação do túnel longitudinal  
   295  tolf	= 1e-6	! tolerância para o resíduo (padrão 0.005)   
   296  tolu	= 1e-4	! tolerância para o incremento de deslocamento (padrão 0.05)  
   297  !   
   298  ! Tolerâncias durante os passos de escavação da galeria transversal  
   299  tolf1	= 1e-6	! tolerância para o resíduo  
   300  tolu1	= 1e-4	! tolerância para o incremento de deslocamento
   301  !   
   302  ! Tolerâncias durante os passos após a construção do túnel 
   303  tolf2	= 1e-6	! tolerância para o resíduo  
   304  tolu2	= 1e-4	! tolerância para o incremento de deslocamento
   305  !   
   306  ! Tolerância para o incremento de deformação plástica equivalente   
   307  plslimit = 0.99 
   308  !   
   309  psc	= 1	! 1 - Ativa, 0 - desativa a opção de paralelização SMP  
   310  nlg	= 0	! 1 - Ativa, 0 - desativa a não lineariedade geométrica   
   311  soleq	= 0	! 1 - calcula o equilibrio do maciço antes de iniciar
   312  !   
   313  !   
   314  !************************************************************!  
   315  !****_ 		2.9 Titulo e nome dos arquivos  	_****!
   316  !************************************************************!  
   317  ! defini titulo na tela do Ansys
   318  /TITLE, Re=%Re% matmacico=%matmacico% E1=%E1% pr=%pr% matrev=%matrev% E2=%E2% vp=%vp%   
   319  !   
   320  ! define nome file.* para os arquivos da analise
   321  /FILNAME,file,0 
   322  !   
   323  !   
   324  !   
   325  !   
   326  !------------------FIM ENTRADA DE DADOS---------------------!   
   327  !   
   328  !   
   329  !   
   330  !   
   331  !************************************************************!  
   332  !****_ 3. PRÉ-PROCESSAMENTO 				_****! 
   333  !************************************************************!  
   334  /PREP7 ! inicia módulo de pré-processamento   
   335  !   
   336  !************************************************************!  
   337  !****_ 		3.1 Calculos iniciais			_****! 
   338  !************************************************************!  
   339  ri 		= re-esp		! [m] raio da face interna do revestimento dos tuneis longitudinais  
   340  l1		= l1*Re    		! [m] comprimento do trecho não escavado  
   341  l2		= l2*Lp			! [m] comprimento do trecho escavado  
   342  lt 		= l1+l2 		! [m] comprimento total do modelo ao longo do eixo longitudinal  
   343  d1 		= d1*Re			! [m] distância entre eixos dos túneis longitudinais (d1 = 16*Re ou d1 = 4*Re) 
   344  d4 		= d4*re 		! [m] distância das bordas laterais do domínio até o eixo do tunel longitudinal   
   345  l3 		= (d1/2+d4)*2 		! [m] dimensão transversal do modelo  
   346  d3		= d3*Re			! [m] altura do domínio (profundidade do eixo do túnel longitudinal)
   347  d5		= d5*Lp			! [m] distância adjacente a galeria com malha livre (exemplo: 1, 2, 4, 6)
   348  np	 	= l2/Lp 		! [un] numero total passos escavados nos tuneis longitudinais
   349  nesc 		= np-npi+1 		! [un] total de escavações ao longo do eixo do tunel longitudinal 
   350  d0		= nd0*lp		! [m] dimensão não suportada (multiplo do passo)
   351  !   
   352  ri1 		= re1-esp1 		! [m] raio da face interna do revestimento das galerias transversais 
   353  d2 		= l2/2 			! [m] posição da galeria ao longo do eixo longitudinal 
   354  d01		= nd01*Lp1		! [m] [m] dimensão não suportada da galeria (multiplo do passo)  
   355  np1 		= (d1/2-re)/Lp1 	! [un] total de passos escavados nas galerias transversais   
   356  nesc1 		= NINT(np1-npi1+1) 		! [un] total de escavações ao longo do eixo das galerias transversais
   357  !pig1 		= pig1+l2/(2*Lp)	! [un] numero de passos de escavação no túnel longitudinal no qual iniciará a escavação da galeria 1 
   358  !   
   359  nescinig		= np/2-npi+1+re1/Lp+pig1	! [un] numero da escavação em que se inicia a galeria  
   360  !   
   361  m1		= Lp/nLp 		! [m] tamanho do elemento ao longo do eixo do tunel longitudinal no trecho escavado  
   362  m9 		= m1 			! [m] tamanho dos elementos na região do tunel oposta a galeria   
   363  !   
   364  vpi = 3.14159265358979323846
   365  !   
   366  ! caso não haja escavação na galeria 
   367  *IF,escavagaleria,EQ,0,THEN 
   368  	nesc1 = 0  
   369  *ENDIF  
   370  !   
   371  ! verificando se haverá análise após a construção do túnel
   372  analise2 = 0
   373  *IF,matmacico,GT,6,OR,matrev,GT,1,THEN  
   374  	analise2 = 1   
   375  *ENDIF  
   376  *IF,matmacico,EQ,23,THEN
   377  	analise2 = 1   
   378  *ENDIF  
   379  !   
   380  !************************************************************!  
   381  !****_ 		3.2 Elementos finitos 			_****!
   382  !************************************************************!  
   383  *IF,tipoelem,EQ,1,THEN  
   384  	ET,1,SOLID185  
   385  	KEYOPT,1,2,formaint
   386  	KEYOPT,1,3,0   
   387  	KEYOPT,1,6,0   
   388  	KEYOPT,1,8,0   
   389  *ELSEIF,tipoelem,EQ,2,THEN  
   390  	ET,1,SOLID186  
   391  	KEYOPT,1,2,formaint
   392  	KEYOPT,1,3,0   
   393  	KEYOPT,1,6,0   
   394  	KEYOPT,1,8,0   
   395  *ENDIF  
   396  !   
   397  *IF,tipoelem1,EQ,1,THEN 
   398  	ET,2,SOLID185  
   399  	KEYOPT,2,2,formaint1   
   400  	KEYOPT,2,3,0   
   401  	KEYOPT,2,6,0   
   402  	KEYOPT,2,8,0   
   403  *ELSEIF,tipoelem1,EQ,2,THEN 
   404  	ET,2,SOLID186  
   405  	KEYOPT,2,2,formaint1   
   406  	KEYOPT,2,3,0   
   407  	KEYOPT,2,6,0   
   408  	KEYOPT,2,8,0   
   409  *ENDIF  
   410  !   
   411  !************************************************************!  
   412  !****_ 		3.3 Material do maciço 			_****!  
   413  !************************************************************!  
   414  *IF,matmacico,eq,1,then 
   415  	! Definindo o material elastico do Ansys   
   416  	MPTEMP,1,0  		 
   417  	MPDATA,EX,1,,E1	   
   418  	MPDATA,PRXY,1,,nu1 	   
   419  *ELSEIF,matmacico,eq,2,then 
   420  	! Definindo o material elastoplástico VM do Ansys bilienar
   421  	yield	    	= 2*c1			! [MPa]	tensão de escoamento  
   422  	Ep 		= 2*(c2-c1)/(eps1)	! [MPa] módulo plástico tangente 
   423  	youngt      	= Ep*E1/(E1+Ep)		! [MPa] módulo de elastoplástico tangente  
   424  	!  
   425  	MPTEMP,1,0  		 
   426  	MPDATA,EX,1,,E1	   
   427  	MPDATA,PRXY,1,,nu1 	   
   428  	TB,BISO,1,1,2, 
   429  	TBTEMP,0   
   430  	TBDATA,,yield,youngt,,,,   
   431  *ELSEIF,matmacico,eq,22,then
   432  	! Definindo o material elastoplástico VM do Ansys multilinear 
   433  	yield	    	= 2*c1			! [MPa]	tensão de escoamento  
   434  	Ep 		= 2*(c2-c1)/(eps1)	! [MPa] módulo plástico tangente 
   435  	youngt      	= Ep*E1/(E1+Ep)		! [MPa] módulo de elastoplástico tangente  
   436  	epst0		= 2*c1/E1		! [adm] deformação total no escoamento 
   437  	epst1		= 2*c2/E1 + eps1 	! [adm] deformação total na zona 1  
   438  	epst2		= 2*c2/E1 + eps2	! [adm] deformação total na zona 2	  
   439  	epst3		= 2*c3/E1 + eps3	! [adm] deformação total na zona 3   
   440  	!  
   441  	MPTEMP,1,0  		 
   442  	MPDATA,EX,1,,E1	   
   443  	MPDATA,PRXY,1,,nu1 	   
   444  	TB,MISO,1,1,5,0
   445  	TBTEMP,0   
   446  	TBPT,,epst0,2*c1   
   447  	TBPT,,epst1,2*c2   
   448  	TBPT,,epst2,2*c2   
   449  	TBPT,,epst3,2*c3   
   450  	TBPT,,0.1,2*c3 
   451  *ELSEIF,matmacico,eq,23,then
   452  	! Definindo o material viscoplastico perzyna VM do Ansys   
   453  	yieldvp	    	= 2*cvp				! [MPa]	tensão de escoamento  
   454  	youngtvp      	= 0				! [MPa] módulo de elastoplástico tangente  
   455  	gamma	      	= ((yieldvp/f0)**n1)/eta 	! [dias^-1] coeficiente Gamma do modelo de Perzyna Ansys
   456  	m  	      	= 1/n1				! [adm] coeficiente m do modelo de Perzyna do ANSYS   
   457  	!  
   458  	MPTEMP,1,0  		 
   459  	MPDATA,EX,1,,E1	   
   460  	MPDATA,PRXY,1,,nu1	
   461  	TB,BISO,1,1,2, 
   462  	TBTEMP,0   
   463  	TBDATA,,yieldvp,youngtvp,,,,   
   464  	TB,RATE,1,1,2,1
   465  	TBTEMP,0   
   466  	TBDATA,,m,gamma,,,,	   
   467  *ELSEIF,matmacico,eq,4,then 
   468  	! Definindo material usermat3D VM do Ansys 
   469  	yield	    	= 2*c1			! [MPa]	tensão de escoamento  
   470  	Ep 		= 2*(c2-c1)/(eps1)	! [MPa] módulo plástico tangente 
   471  	youngt      	= Ep*E1/(E1+Ep)		! [MPa] módulo de elastoplástico tangente  
   472  	!  
   473  	TB,USER,1,2,5  
   474  	TBTEMP,1.0 		  
   475  	TBDATA,1,matmacico,E1,nu1,yield,youngt ! modelo, E, posn, sigy, H  
   476  	TB,STATE,1,,8  
   477  *ELSEIF,matmacico,eq,5,then 
   478  	! Definindo material usermat3D_elastico
   479  	TB,USER,1,2,3  
   480  	TBTEMP,1.0 		  
   481  	TBDATA,1,matmacico,E1,nu1  
   482  	TB,STATE,1,,8	 
   483  *ELSEIF,matmacico,eq,6,then 
   484  	! Definindo material usermat3D_EP  
   485  	TB,USER,1,2,14 
   486  	TBTEMP,1.0 		  
   487  	TBDATA,1,matmacico,E1,nu1  
   488  	TBDATA,4,superficief,superficieg   
   489  	TBDATA,6,fi,psi,   
   490  	TBDATA,8,c1,c2,c3,eps1,eps2,eps3   
   491  	TBDATA,14,Dalg 
   492  	TB,STATE,1,,20	
   493  *ELSEIF,matmacico,eq,7,then 
   494  	! Definindo material usermat3D_VP  
   495  	TB,USER,1,2,13 
   496  	TBTEMP,1.0 		  
   497  	TBDATA,1,matmacico,E1,nu1  
   498  	TBDATA,4,superficiefvp,superficiegvp   
   499  	TBDATA,6,fivp,psivp,   
   500  	TBDATA,8,cvp,n1,eta,f0,thetavp	
   501  	TB,STATE,1,,20		   
   502  *ELSEIF,matmacico,eq,8,then 
   503  	! Definindo material usermat3D_EPVP
   504  	TB,USER,1,2,23 
   505  	TBTEMP,1.0 		  
   506  	TBDATA,1,matmacico,E1,nu1  
   507  	TBDATA,4,superficief,superficieg   
   508  	TBDATA,6,fi,psi,   
   509  	TBDATA,8,c1,c2,c3,eps1,eps2,eps3   
   510  	TBDATA,14,Dalg 
   511  	TBDATA,15,superficiefvp,superficiegvp  
   512  	TBDATA,17,fivp,psivp   
   513  	TBDATA,19,cvp  
   514  	TBDATA,20,n1,eta,f0
   515  	TBDATA,23,thetavp	 
   516  	TB,STATE,1,,20 
   517  *ENDIF  
   518  !   
   519  !************************************************************!  
   520  !****_ 		3.4 Material do revestimento		_****!   
   521  !************************************************************!  
   522  *IF,matrev,EQ,1,THEN
   523  	*DO,i,2,nesc+nesc1,1   
   524  		MPTEMP,1,0  				  
   525  		MPDATA,EX,i,,E2				   
   526  		MPDATA,PRXY,i,,nu2
   527  	*ENDDO 			 
   528  *ELSEIF,matrev,EQ,2,THEN
   529  	*DO,i,2,nesc+nesc1,1   
   530  		TB,USER,i,1,18
   531  		TBTEMP,1.0
   532  		TBDATA,1,9
   533  		TBDATA,2,ligafluencia,ligaretracao
   534  		! 
   535  		*IF,escavagaleria,EQ,1,THEN   
   536  			*IF,i,LT,nesc+nesc1,THEN 
   537  				TBDATA,4,npi*tp+tp*(i-2)
   538  				TBDATA,10,s,rh,hf,betasc,alpha  
   539  			*ELSE
   540  				TBDATA,4,tp*nesc + tp1*np1 + tp1*(i-2)  
   541  				TBDATA,10,s,rh,hf1,betasc,alpha 
   542  			*ENDIF   
   543  		*ELSE 
   544  			TBDATA,4,npi*tp+tp*(i-2) 
   545  			TBDATA,10,s,rh,hf,betasc,alpha   
   546  		*ENDIF
   547  		! 
   548  		TBDATA,5,ts,t0,tinf   
   549  		TBDATA,8,fck,nu2  
   550  		TBDATA,15,ndec
   551  		TBDATA,16,ktime,kelemid,kkDomIntPt
   552  		TB,STATE,i,,500   
   553  	*ENDDO	
   554  *ENDIF  
   555  !   
   556  !************************************************************!  
   557  !****_ 		3.5 Modelando o sólido			_****!   
   558  !************************************************************!  
   559  !   
   560  ! Definindo a vista 
   561  /VIEW,1,1,1,1   
   562  /ANG,1  
   563  !   
   564  ! criando bloco e casca cilindrica do trecho não escavado  
   565  BLC4,-d4,0,l3/2,d3,l1   
   566  CYL4,0,0,ri,0,re,180,l1 
   567  !   
   568  ! criando bloco e casca cilindrica do trecho que será escavado 
   569  WPOFFS,0,0,l1   
   570  BLC4,-d4,0,l3/2,d3,l2   
   571  CYL4,0,0,ri,0,re,180,l2 
   572  !   
   573  ! excluindo volumes em comum
   574  VPTN,ALL
   575  !   
   576  ! tolerancia para operações booleanas 
   577  BTOL,1E-4   
   578  !   
   579  ! dividindo os volumes no plano vertical do eixo do tunel principal 
   580  WPOFFS,0,0,0
   581  WPRO,,,90.000000
   582  VSBW,ALL
   583  !   
   584  ! dividindo o volume entre tuneis na altura 
   585  VSEL,ALL
   586  VSEL,S,LOC,X,0,d1/2 
   587  WPOFFS,0,d1/2,0 
   588  WPRO,,90,   
   589  VSBW,ALL
   590  !   
   591  ! criando o mesmo volume no lado oposto do plano vertical do eixo do tunel  
   592  VSEL,ALL
   593  VSEL,S,LOC,X,0,d1/2 
   594  VSEL,R,LOC,Y,0,d1/2 
   595  CSYS,1  
   596  VSEL,U,LOC,X,0,re   
   597  CSYS,0  
   598  VSYMM,X,ALL, , ,0,1,0   
   599  !   
   600  ! criando primeiro tunel transversal
   601  WPAVE,0,0,0 
   602  WPCSYS,-1,0 
   603  WPOFFS,0,0,lt-d2/2		
   604  WPRO,,,90   
   605  CYL4,0,0,ri1,0,re1,180,d1/2 
   606  !   
   607  ! criando plano de corte da galeria transversal 
   608  CSYS,1  
   609  VSEL,ALL
   610  VSEL,S,LOC,Z,l1,lt  
   611  VSEL,R,LOC,X,ri/2,re
   612  ASEL,S,EXT  
   613  CSYS,1  
   614  ASEL,R,LOC,X,re,re  
   615  ASEL,R,LOC,Z,l1+l2/2,l1+l2/2
   616  CM,A0,AREA  
   617  !   
   618  ! cortando a galeria transversal
   619  CSYS,0  
   620  ALLSEL,ALL  
   621  VSEL,S,LOC,Z,lt-d2/2+re1,lt-d2/2-re1
   622  VSBA,ALL,A0 
   623  !   
   624  ! deletando trecho da galeria transversal dentro do tunel longitudinal  
   625  ALLSEL,ALL  
   626  WPAVE,0,0,0 
   627  WPCSYS,-1,0 
   628  VSEL,S,LOC,Z,lt-d2/2,lt-d2/2
   629  VSEL,R,LOC,X,0,re   
   630  VSEL,R,LOC,Y,0,re1  
   631  VDELE,ALL,,,1   
   632  !   
   633  ! Alterando posição da galeria para a metade de L2
   634  ALLSEL,ALL  
   635  WPAVE,0,0,0 
   636  WPCSYS,-1,0 
   637  VSEL,S,LOC,Z,lt-d2/2,lt-d2/2
   638  VSEL,R,LOC,X,re,d1/2
   639  VSEL,R,LOC,Y,0,re1  
   640  VGEN, ,ALL, , , , ,-d2/2, , ,1  
   641  !   
   642  ! cortando trecho do tunel principal
   643  VSEL,ALL
   644  WPAVE,0,0,0 
   645  WPCSYS,-1,0 
   646  WPOFFS,0,0,(lt-l2/2)+re1+d5		   
   647  VSBW,ALL
   648  WPOFFS,0,0,-2*re1-2*d5  
   649  VSBW,ALL
   650  !   
   651  ! particionando outros volumes  
   652  VSEL,ALL
   653  VPTN,ALL
   654  !   
   655  ! Cortando no meio da galeria   
   656  VSEL,ALL
   657  WPAVE,0,0,0 
   658  WPCSYS,-1,0 
   659  VSEL,S,LOC,Z,lt-l2/2-d5,lt-l2/2+d5  
   660  WPOFFS,0,0,lt-l2/2  
   661  VSBW,ALL
   662  !   
   663  ! Deletando os volumes na metade da galeria 
   664  VSEL,ALL
   665  WPAVE,0,0,0 
   666  WPCSYS,-1,0 
   667  VSEL,S,LOC,Z,l1+l2/2,l1+l2/2-re1-d5 
   668  VSEL,R,LOC,X,-d1/2,d1/2 
   669  VSEL,R,LOC,Y,0,d1/2 
   670  VDELE,ALL,,,1   
   671  !   
   672  ! juntando pontos duplicados
   673  ALLSEL,ALL  
   674  NUMMRG,KP, , , ,LOW 
   675  !   
   676  ! renumerando a geometria   
   677  NUMCMP,KP   
   678  NUMCMP,LINE 
   679  NUMCMP,AREA 
   680  NUMCMP,VOLU 
   681  !   
   682  !************************************************************!  
   683  !****_ 		3.6 Divisões para a malha nas linhas 	_****!  
   684  !************************************************************!  
   685  !   
   686  ! tamanho do elemento ao longo do eixo do tunel longitudinal no trecho escavado (parte a frente da galeria) 
   687  CSYS,0  
   688  LSEL,ALL
   689  LSEL,S,LOC,Z,lt-0.01,lt-l2/2+re1+d5+0.01
   690  LSEL,R,LOC,X,-d4,d1/2   
   691  LSEL,R,LOC,Y,0,d3   
   692  LESIZE,ALL,m1, , , , , , ,1 
   693  !   
   694  ! tamanho do elemento ao longo do eixo do tunel longitudinal no trecho escavado (parte anterior a galeria)  
   695  CSYS,0  
   696  LSEL,ALL
   697  LSEL,S,LOC,Z,lt-l2/2-re1-d5-0.01,lt-l2/2-d2+re1+d5+0.01 
   698  LSEL,R,LOC,X,-d4,d1/2   
   699  LSEL,R,LOC,Y,0,d3   
   700  LESIZE,ALL,m1, , , , , , ,1 
   701  !   
   702  ! interface entre solo e revestimento do tunel longitudinal 
   703  CSYS,1  
   704  LSEL,ALL
   705  LSEL,S,LOC,X,0.01,re
   706  LSEL,R,LOC,Y,1,180-1
   707  LSEL,R,LOC,Z,0,lt   
   708  LSEL,U,LOC,Y,89,91  
   709  LSEL,U,LOC,Z,lt-l2/2+re1-0.01,lt-l2/2-re1+0.01  
   710  LESIZE,ALL, , ,nCRe, , , , ,1   
   711  !   
   712  CSYS,1  
   713  LSEL,ALL
   714  LSEL,S,LOC,X,0.01,re
   715  LSEL,R,LOC,Y,1,180-1
   716  LSEL,R,LOC,Z,lt-l2/2,lt-l2/2
   717  LSEL,U,LOC,Y,89,91  
   718  LSEL,U,LOC,Y,0,90   
   719  LESIZE,ALL, , ,nCRe, , , , ,1   
   720  !   
   721  CSYS,1  
   722  LSEL,ALL
   723  LSEL,S,LOC,X,0.01,ri
   724  LSEL,R,LOC,Y,1,89   
   725  LSEL,R,LOC,Z,lt-l2/2,lt-l2/2
   726  LESIZE,ALL, , ,nCRe, , , , ,1   
   727  !   
   728  ! horizontal e vertical dentro do túnel longitudinal   
   729  CSYS,1  
   730  LSEL,ALL
   731  LSEL,S,LOC,X,0,ri-0.01  
   732  LSEL,R,LOC,Y,0,180  
   733  LSEL,R,LOC,Z,0,lt   
   734  LSEL,U,LOC,Z,lt-0.01,lt-l2/2+re1+0.01+d5
   735  LSEL,U,LOC,Z,lt-l2/2-re1-0.01-d5,l1+0.01
   736  LSEL,U,LOC,Z,l1-0.01,0.01   
   737  LSEL,U,LOC,Z,lt-l2/2+d5+re1-0.01,lt-l2/2+0.01   
   738  LSEL,U,LOC,Z,lt-l2/2-0.01,lt-l2/2-re1-d5+0.01   
   739  LESIZE,ALL, , ,nRi,mRi, , , ,1  
   740  !   
   741  ! horizontal e vertical contigua ao tunel longitudinal  
   742  CSYS,1  
   743  LSEL,ALL
   744  LSEL,S,LOC,X,re+0.01,d1/2-0.01  
   745  LSEL,R,LOC,Y,0,180  
   746  LSEL,R,LOC,Z,0,l1+l2/2-re1-d5   
   747  LESIZE,ALL, , ,nd1,md1, , , ,1  
   748  !   
   749  CSYS,1  
   750  LSEL,ALL
   751  LSEL,S,LOC,X,re+0.01,d1/2-0.01  
   752  LSEL,R,LOC,Y,0,180  
   753  LSEL,R,LOC,Z,l1+l2/2+re1+d5,lt  
   754  LESIZE,ALL, , ,nd1,md1, , , ,1  
   755  !   
   756  CSYS,1  
   757  LSEL,ALL
   758  LSEL,S,LOC,X,re+0.01,d1/2-0.01  
   759  LSEL,R,LOC,Y,90,180 
   760  LSEL,R,LOC,Z,l1+l2/2,l1+l2/2
   761  LESIZE,ALL, , ,nd1,md1, , , ,1  
   762  !   
   763  LSEL,ALL
   764  LSEL,S,LOC,Y,89,91  
   765  LSEL,R,LOC,Z,lt-l2/2,lt-l2/2
   766  LREVERSE,ALL
   767  !   
   768  CSYS,1  
   769  LSEL,ALL
   770  LSEL,S,LOC,X,re+0.01,d1/2-0.01  
   771  LSEL,R,LOC,Y,89,90  
   772  LSEL,R,LOC,Z,l1+l2/2+re1+d5,l1+l2/2-re1-d5  
   773  LREVERSE,ALL
   774  !   
   775  ! Virando algumas linhas
   776  CSYS,1  
   777  LSEL,ALL
   778  LSEL,S,LOC,X,re+0.01,d1/2-0.01  
   779  LSEL,R,LOC,Y,0,0.01 
   780  LSEL,R,LOC,Z,0,l1   
   781  LREVERSE,ALL
   782  !   
   783  LSEL,ALL
   784  LSEL,S,LOC,X,re+1,d1/2-0.01 
   785  LSEL,R,LOC,Y,0,0.01 
   786  LSEL,R,LOC,Z,lt,lt  
   787  LREVERSE,ALL
   788  !   
   789  LSEL,ALL
   790  LSEL,S,LOC,X,re+0.01,d1/2-0.01  
   791  LSEL,R,LOC,Y,179,181
   792  LSEL,R,LOC,Z,0,l1   
   793  LREVERSE,ALL
   794  !   
   795  ! horizontal e vertical contigua a região de refinamento do túnel longitudinal
   796  CSYS,0  
   797  LSEL,ALL
   798  LSEL,S,LOC,X,-d1/2-0.01,-d4+0.01
   799  LSEL,R,LOC,Y,0,0.01 
   800  LSEL,R,LOC,Z,0,lt   
   801  LESIZE,ALL, , ,nd4,md4, , , ,1  
   802  !   
   803  CSYS,0  
   804  LSEL,ALL
   805  LSEL,S,LOC,X,0,d1/2 
   806  LSEL,R,LOC,Y,d1/2+0.01,d3-0.01  
   807  LSEL,R,LOC,Z,0,lt   
   808  LREVERSE,ALL
   809  LESIZE,ALL, , ,nd4,md4, , , ,1  
   810  !   
   811  CSYS,0  
   812  LSEL,ALL
   813  LSEL,S,LOC,X,-d1/2,0
   814  LSEL,R,LOC,Y,d1/2+0.01,d3-0.01  
   815  LSEL,R,LOC,Z,l1+l2/2,l1+l2/2
   816  LREVERSE,ALL
   817  !   
   818  CSYS,0  
   819  LSEL,ALL
   820  LSEL,S,LOC,X,-d1/2-0.01,-d4+0.01
   821  LSEL,R,LOC,Y,0,0.01 
   822  LSEL,R,LOC,Z,0,l1   
   823  LREVERSE,ALL
   824  !   
   825  CSYS,0  
   826  LSEL,ALL
   827  LSEL,S,LOC,X,-d1/2-0.01,-d4+0.01
   828  LSEL,R,LOC,Y,0,0.01 
   829  LSEL,R,LOC,Z,lt,lt-0.01 
   830  LREVERSE,ALL
   831  !   
   832  ! horizontal e vertical oposta ao tunel longitudinal
   833  CSYS,0  
   834  LSEL,ALL
   835  LSEL,S,LOC,X,-d1/2+1,-d1/2-0.01 
   836  LSEL,R,LOC,Y,0.01,d1/2-0.01 
   837  LSEL,R,LOC,Z,0,lt   
   838  LESIZE,ALL, , ,nd3, , , , ,1
   839  !   
   840  CSYS,0  
   841  LSEL,ALL
   842  LSEL,S,LOC,X,d1/2+0.01,d1/2-0.01
   843  LSEL,R,LOC,Y,re,d1/2-0.01   
   844  LSEL,R,LOC,Z,0,lt   
   845  LSEL,U,LOC,Z,lt-l2/2,lt-l2/2
   846  LESIZE,ALL, , ,nd3, , , , ,1
   847  !   
   848  CSYS,0  
   849  LSEL,ALL
   850  LSEL,S,LOC,X,0.01,d1/2-0.01 
   851  LSEL,R,LOC,Y,d1/2-0.01,d3   
   852  LSEL,R,LOC,Z,0,lt   
   853  LESIZE,ALL, , ,nd3, , , , ,1
   854  !   
   855  CSYS,0  
   856  LSEL,ALL
   857  LSEL,S,LOC,X,-0.01,-d1/2+0.01   
   858  LSEL,R,LOC,Y,d1/2-0.01,d1/2+0.01
   859  LSEL,R,LOC,Z,0,lt   
   860  LESIZE,ALL, , ,nd3, , , , ,1
   861  !   
   862  CSYS,0  
   863  LSEL,ALL
   864  LSEL,S,LOC,X,-0.01,-d4+0.01 
   865  LSEL,R,LOC,Y,d3-0.01,d3+0.01
   866  LSEL,R,LOC,Z,0,lt   
   867  LESIZE,ALL, , ,nd3, , , , ,1
   868  !   
   869  CSYS,0  
   870  LSEL,ALL
   871  LSEL,S,LOC,X,-d4-0.01,-d4+0.01  
   872  LSEL,R,LOC,Y,0.01,d3-0.01   
   873  LSEL,R,LOC,Z,0,lt   
   874  LESIZE,ALL, , ,nd3, , , , ,1
   875  !   
   876  ! numero de elementos na espessura do revestimento do tunel longitudinal
   877  CSYS,0  
   878  LSEL,ALL
   879  LSEL,S,LOC,X,ri+0.01,re-0.01
   880  LSEL,R,LOC,Y,0,0.01 
   881  LSEL,R,LOC,Z,0,lt   
   882  LESIZE,ALL, , ,nesp, , , , ,1   
   883  !   
   884  CSYS,0  
   885  LSEL,ALL
   886  LSEL,S,LOC,X,-ri-0.01,-re+0.01  
   887  LSEL,R,LOC,Y,0,0.01 
   888  LSEL,R,LOC,Z,0,lt   
   889  LESIZE,ALL, , ,nesp, , , , ,1   
   890  !   
   891  ! tamanho dos elementos na região do tunel oposta a galeria
   892  CSYS,0  
   893  LSEL,ALL
   894  LSEL,S,LOC,X,-re-0.01,-d4   
   895  LSEL,R,LOC,Y,0,d3   
   896  LSEL,R,LOC,Z,lt-l2/2+(re1+d5)/2,lt-l2/2+(re1+d5)/2  
   897  LESIZE,ALL,m9, , , , , , ,1 
   898  !   
   899  CSYS,0  
   900  LSEL,ALL
   901  LSEL,S,LOC,X,-re-0.01,-d4   
   902  LSEL,R,LOC,Y,0,d3   
   903  LSEL,R,LOC,Z,lt-l2/2-(re1+d5)/2,lt-l2/2-(re1+d5)/2  
   904  LESIZE,ALL,m9, , , , , , ,1 
   905  !   
   906  CSYS,0  
   907  LSEL,ALL
   908  LSEL,S,LOC,X,0,d1/2 
   909  LSEL,R,LOC,Y,d1/2,d3
   910  LSEL,R,LOC,Z,lt-l2/2+(re1+d5)/2,lt-l2/2+(re1+d5)/2  
   911  LESIZE,ALL,m9, , , , , , ,1 
   912  !   
   913  CSYS,0  
   914  LSEL,ALL
   915  LSEL,S,LOC,X,0,d1/2 
   916  LSEL,R,LOC,Y,d1/2,d3
   917  LSEL,R,LOC,Z,lt-l2/2-(re1+d5)/2,lt-l2/2-(re1+d5)/2  
   918  LESIZE,ALL,m9, , , , , , ,1 
   919  !   
   920  ! elementos ao longo do eixo do tunel longitudinal no trecho não escavado  
   921  CSYS,0  
   922  LSEL,ALL
   923  LSEL,S,LOC,Z,0.01,lt-2*d2-0.01  
   924  LSEL,R,LOC,X,-d4+0.01,d1/2  
   925  LSEL,R,LOC,Y,0,d3   
   926  LREVERSE,ALL
   927  LESIZE,ALL, , ,nL1,1/mL1, , , ,1
   928  !   
   929  CSYS,0  
   930  LSEL,ALL
   931  LSEL,S,LOC,Z,0.01,lt-2*d2-0.01  
   932  LSEL,R,LOC,X,-d4,-d4+0.01   
   933  LSEL,R,LOC,Y,0,d3   
   934  LREVERSE,ALL
   935  LESIZE,ALL, , ,nL1,mL1, , , ,1  
   936  !   
   937  ! Adjacente ao a galeria transversal
   938  CSYS,0  
   939  LSEL,ALL
   940  LSEL,S,LOC,Z,lt-l2/2+re1+d5-0.01,lt-l2/2+re1+0.01   
   941  LSEL,R,LOC,X,re-0.01,d1/2   
   942  LSEL,R,LOC,Y,0,0.01 
   943  LESIZE,ALL, , ,nd5,md5, , , ,1  
   944  !   
   945  ! Vertical acima da galeria transversal 
   946  CSYS,0  
   947  LSEL,ALL
   948  LSEL,S,LOC,Z,lt-l2/2,lt-l2/2
   949  LSEL,R,LOC,X,d1/2,d1/2  
   950  LSEL,R,LOC,Y,re1,d1/2   
   951  LESIZE,ALL, , ,nd6,md6, , , ,1  
   952  !   
   953  CSYS,0  
   954  LSEL,ALL
   955  LSEL,S,LOC,Z,lt-l2/2,lt-l2/2
   956  LSEL,R,LOC,X,0,d1/2 
   957  LSEL,R,LOC,Y,re,d1/2-0.01   
   958  LREVERSE,ALL
   959  !   
   960  !   
   961  !************************************************************!  
   962  !****_ 		3.7 Concatenando áreas da malha mapeada _****!
   963  !************************************************************!  
   964  !   
   965  ! primeiro trecho   
   966  ALLSEL,ALL  
   967  VSEL,S,LOC,X,0,d1/2 
   968  VSEL,R,LOC,Y,0,d1/2 
   969  VSEL,R,LOC,Z,lt,lt-l2/2+re1+d5  
   970  CSYS,1  
   971  VSEL,U,LOC,X,0,Re   
   972  CSYS,0  
   973  ASEL,S,EXT  
   974  ASEL,R,LOC,X,d1/2   
   975  CM,A1,AREA  
   976  ALLSEL,ALL  
   977  VSEL,S,LOC,X,0,d1/2 
   978  VSEL,R,LOC,Y,0,d1/2 
   979  VSEL,R,LOC,Z,lt,lt-l2/2+re1+d5  
   980  CSYS,1  
   981  VSEL,U,LOC,X,0,Re   
   982  CSYS,0  
   983  ASEL,S,EXT  
   984  ASEL,R,LOC,Y,d1/2   
   985  CM,A2,AREA  
   986  CMSEL,S,A1,AREA 
   987  CMSEL,A,A2,AREA 
   988  ACCAT,ALL   
   989  !   
   990  ALLSEL,ALL  
   991  VSEL,S,LOC,X,0,-d1/2
   992  VSEL,R,LOC,Y,0,d1/2 
   993  VSEL,R,LOC,Z,lt,lt-l2/2+re1+d5  
   994  CSYS,1  
   995  VSEL,U,LOC,X,0,Re   
   996  CSYS,0  
   997  ASEL,S,EXT  
   998  ASEL,R,LOC,X,-d1/2  
   999  CM,A1,AREA  
  1000  ALLSEL,ALL  
  1001  VSEL,S,LOC,X,0,-d1/2
  1002  VSEL,R,LOC,Y,0,d1/2 
  1003  VSEL,R,LOC,Z,lt,lt-l2/2+re1+d5  
  1004  CSYS,1  
  1005  VSEL,U,LOC,X,0,Re   
  1006  CSYS,0  
  1007  ASEL,S,EXT  
  1008  ASEL,R,LOC,Y,d1/2   
  1009  CM,A2,AREA  
  1010  CMSEL,S,A1,AREA 
  1011  CMSEL,A,A2,AREA 
  1012  ACCAT,ALL   
  1013  !   
  1014  ALLSEL,ALL  
  1015  VSEL,S,LOC,X,-d4,-d1/2  
  1016  VSEL,R,LOC,Y,0,d3/2 
  1017  VSEL,R,LOC,Z,lt,lt-l2/2+re1+d5  
  1018  ASEL,S,EXT  
  1019  ASEL,R,LOC,X,-d4
  1020  CM,A1,AREA  
  1021  ALLSEL,ALL  
  1022  VSEL,S,LOC,X,-d4,-d1/2  
  1023  VSEL,R,LOC,Y,0,d3/2 
  1024  VSEL,R,LOC,Z,lt,lt-l2/2+re1+d5  
  1025  ASEL,S,EXT  
  1026  ASEL,R,LOC,Y,d3 
  1027  CM,A2,AREA  
  1028  CMSEL,S,A1,AREA 
  1029  CMSEL,A,A2,AREA 
  1030  ACCAT,ALL   
  1031  !   
  1032  ! segundo trecho
  1033  ALLSEL,ALL  
  1034  VSEL,S,LOC,X,0,d1/2 
  1035  VSEL,R,LOC,Y,0,d1/2 
  1036  VSEL,R,LOC,Z,lt-l2/2-re1-d5,lt-l2   
  1037  CSYS,1  
  1038  VSEL,U,LOC,X,0,Re   
  1039  CSYS,0  
  1040  ASEL,S,EXT  
  1041  ASEL,R,LOC,X,d1/2   
  1042  CM,A1,AREA  
  1043  ALLSEL,ALL  
  1044  VSEL,S,LOC,X,0,d1/2 
  1045  VSEL,R,LOC,Y,0,d1/2 
  1046  VSEL,R,LOC,Z,lt-l2/2-re1-d5,lt-l2   
  1047  CSYS,1  
  1048  VSEL,U,LOC,X,0,Re   
  1049  CSYS,0  
  1050  ASEL,S,EXT  
  1051  ASEL,R,LOC,Y,d1/2   
  1052  CM,A2,AREA  
  1053  CMSEL,S,A1,AREA 
  1054  CMSEL,A,A2,AREA 
  1055  ACCAT,ALL   
  1056  !   
  1057  ALLSEL,ALL  
  1058  VSEL,S,LOC,X,0,-d1/2
  1059  VSEL,R,LOC,Y,0,d1/2 
  1060  VSEL,R,LOC,Z,lt-l2/2-re1-d5,lt-l2   
  1061  CSYS,1  
  1062  VSEL,U,LOC,X,0,Re   
  1063  CSYS,0  
  1064  ASEL,S,EXT  
  1065  ASEL,R,LOC,X,-d1/2  
  1066  CM,A1,AREA  
  1067  ALLSEL,ALL  
  1068  VSEL,S,LOC,X,0,-d1/2
  1069  VSEL,R,LOC,Y,0,d1/2 
  1070  VSEL,R,LOC,Z,lt-l2/2-re1-d5,lt-l2   
  1071  CSYS,1  
  1072  VSEL,U,LOC,X,0,Re   
  1073  CSYS,0  
  1074  ASEL,S,EXT  
  1075  ASEL,R,LOC,Y,d1/2   
  1076  CM,A2,AREA  
  1077  CMSEL,S,A1,AREA 
  1078  CMSEL,A,A2,AREA 
  1079  ACCAT,ALL   
  1080  !   
  1081  ALLSEL,ALL  
  1082  VSEL,S,LOC,X,-d4,-d1/2  
  1083  VSEL,R,LOC,Y,0,d3/2 
  1084  VSEL,R,LOC,Z,lt-l2/2-re1-d5,lt-l2   
  1085  ASEL,S,EXT  
  1086  ASEL,R,LOC,X,-d4
  1087  CM,A1,AREA  
  1088  ALLSEL,ALL  
  1089  VSEL,S,LOC,X,-d4,-d1/2  
  1090  VSEL,R,LOC,Y,0,d3/2 
  1091  VSEL,R,LOC,Z,lt-l2/2-re1-d5,lt-l2   
  1092  ASEL,S,EXT  
  1093  ASEL,R,LOC,Y,d3 
  1094  CM,A2,AREA  
  1095  CMSEL,S,A1,AREA 
  1096  CMSEL,A,A2,AREA 
  1097  ACCAT,ALL   
  1098  !   
  1099  ! terceiro trecho (trecho não escavado)
  1100  ALLSEL,ALL  
  1101  VSEL,S,LOC,X,0,d1/2 
  1102  VSEL,R,LOC,Y,0,d1/2 
  1103  VSEL,R,LOC,Z,0,l1   
  1104  CSYS,1  
  1105  VSEL,U,LOC,X,0,Re   
  1106  CSYS,0  
  1107  ASEL,S,EXT  
  1108  ASEL,R,LOC,X,d1/2   
  1109  CM,A1,AREA  
  1110  ALLSEL,ALL  
  1111  VSEL,S,LOC,X,0,d1/2 
  1112  VSEL,R,LOC,Y,0,d1/2 
  1113  VSEL,R,LOC,Z,0,l1   
  1114  CSYS,1  
  1115  VSEL,U,LOC,X,0,Re   
  1116  CSYS,0  
  1117  ASEL,S,EXT  
  1118  ASEL,R,LOC,Y,d1/2   
  1119  CM,A2,AREA  
  1120  CMSEL,S,A1,AREA 
  1121  CMSEL,A,A2,AREA 
  1122  ACCAT,ALL   
  1123  !   
  1124  ALLSEL,ALL  
  1125  VSEL,S,LOC,X,0,-d1/2
  1126  VSEL,R,LOC,Y,0,d1/2 
  1127  VSEL,R,LOC,Z,0,l1   
  1128  CSYS,1  
  1129  VSEL,U,LOC,X,0,Re   
  1130  CSYS,0  
  1131  ASEL,S,EXT  
  1132  ASEL,R,LOC,X,-d1/2  
  1133  CM,A1,AREA  
  1134  ALLSEL,ALL  
  1135  VSEL,S,LOC,X,0,-d1/2
  1136  VSEL,R,LOC,Y,0,d1/2 
  1137  VSEL,R,LOC,Z,0,l1   
  1138  CSYS,1  
  1139  VSEL,U,LOC,X,0,Re   
  1140  CSYS,0  
  1141  ASEL,S,EXT  
  1142  ASEL,R,LOC,Y,d1/2   
  1143  CM,A2,AREA  
  1144  CMSEL,S,A1,AREA 
  1145  CMSEL,A,A2,AREA 
  1146  ACCAT,ALL   
  1147  !   
  1148  ALLSEL,ALL  
  1149  VSEL,S,LOC,X,-d4,-d1/2  
  1150  VSEL,R,LOC,Y,0,d3/2 
  1151  VSEL,R,LOC,Z,0,l1   
  1152  ASEL,S,EXT  
  1153  ASEL,R,LOC,X,-d4
  1154  CM,A1,AREA  
  1155  ALLSEL,ALL  
  1156  VSEL,S,LOC,X,-d4,-d1/2  
  1157  VSEL,R,LOC,Y,0,d3/2 
  1158  VSEL,R,LOC,Z,0,l1   
  1159  ASEL,S,EXT  
  1160  ASEL,R,LOC,Y,d3 
  1161  CM,A2,AREA  
  1162  CMSEL,S,A1,AREA 
  1163  CMSEL,A,A2,AREA 
  1164  ACCAT,ALL   
  1165  !   
  1166  ! entre o primeiro e segundo trecho 
  1167  ALLSEL,ALL  
  1168  VSEL,S,LOC,X,0,-d1/2
  1169  VSEL,R,LOC,Y,0,d1/2 
  1170  VSEL,R,LOC,Z,lt-l2/2+re1+d5,lt-l2/2 
  1171  CSYS,1  
  1172  VSEL,U,LOC,X,0,Re   
  1173  CSYS,0  
  1174  ASEL,S,EXT  
  1175  ASEL,R,LOC,X,-d1/2  
  1176  CM,A1,AREA  
  1177  ALLSEL,ALL  
  1178  VSEL,S,LOC,X,0,-d1/2
  1179  VSEL,R,LOC,Y,0,d1/2 
  1180  VSEL,R,LOC,Z,lt-l2/2+re1+d5,lt-l2/2 
  1181  CSYS,1  
  1182  VSEL,U,LOC,X,0,Re   
  1183  CSYS,0  
  1184  ASEL,S,EXT  
  1185  ASEL,R,LOC,Y,d1/2   
  1186  CM,A2,AREA  
  1187  CMSEL,S,A1,AREA 
  1188  CMSEL,A,A2,AREA 
  1189  ACCAT,ALL   
  1190  !   
  1191  !ALLSEL,ALL 
  1192  !VSEL,S,LOC,X,-re,-d1/2 
  1193  !VSEL,R,LOC,Y,re,d1/2   
  1194  !VSEL,R,LOC,Z,lt-l2/2,lt-l2/2-re1-d5
  1195  !ASEL,S,EXT 
  1196  !ASEL,R,LOC,X,-d1/2 
  1197  !CM,A1,AREA 
  1198  !ALLSEL,ALL 
  1199  !VSEL,S,LOC,X,-re,-d1/2 
  1200  !VSEL,R,LOC,Y,re,d1/2   
  1201  !VSEL,R,LOC,Z,lt-l2/2,lt-l2/2-re1-d5
  1202  !ASEL,S,EXT 
  1203  !ASEL,R,LOC,Y,d1/2  
  1204  !CM,A2,AREA 
  1205  !CMSEL,S,A1,AREA
  1206  !CMSEL,A,A2,AREA
  1207  !ACCAT,ALL  
  1208  !   
  1209  ALLSEL,ALL  
  1210  VSEL,S,LOC,X,-d4,-d1/2  
  1211  VSEL,R,LOC,Y,0,d3/2 
  1212  VSEL,R,LOC,Z,lt-l2/2+re1+d5,lt-l2/2 
  1213  ASEL,S,EXT  
  1214  ASEL,R,LOC,X,-d4
  1215  CM,A1,AREA  
  1216  ALLSEL,ALL  
  1217  VSEL,S,LOC,X,-d4,-d1/2  
  1218  VSEL,R,LOC,Y,0,d3/2 
  1219  VSEL,R,LOC,Z,lt-l2/2+re1+d5,lt-l2/2 
  1220  ASEL,S,EXT  
  1221  ASEL,R,LOC,Y,d3 
  1222  CM,A2,AREA  
  1223  CMSEL,S,A1,AREA 
  1224  CMSEL,A,A2,AREA 
  1225  ACCAT,ALL   
  1226  !   
  1227  ALLSEL,ALL  
  1228  VSEL,S,LOC,X,-d4,-d1/2  
  1229  VSEL,R,LOC,Y,0,d3/2 
  1230  VSEL,R,LOC,Z,lt-l2/2,lt-l2/2-re1-d5 
  1231  ASEL,S,EXT  
  1232  ASEL,R,LOC,X,-d4
  1233  CM,A1,AREA  
  1234  ALLSEL,ALL  
  1235  VSEL,S,LOC,X,-d4,-d1/2  
  1236  VSEL,R,LOC,Y,0,d3/2 
  1237  VSEL,R,LOC,Z,lt-l2/2,lt-l2/2-re1-d5 
  1238  ASEL,S,EXT  
  1239  ASEL,R,LOC,Y,d3 
  1240  CM,A2,AREA  
  1241  CMSEL,S,A1,AREA 
  1242  CMSEL,A,A2,AREA 
  1243  ACCAT,ALL   
  1244  !************************************************************!  
  1245  !****_ 		3.8 Grupos de volumes para malhar 	_****!  
  1246  !************************************************************!  
  1247  !   
  1248  ! volumes do maciço com malha mapeada  
  1249  CSYS,0  
  1250  ALLSEL,ALL  
  1251  VSEL,S,LOC,X,0,d1/2 
  1252  VSEL,R,LOC,Y,0,d1/2 
  1253  VSEL,R,LOC,Z,lt,lt-l2/2+re1+d5  
  1254  CSYS,1  
  1255  VSEL,U,LOC,X,0,Re   
  1256  CSYS,0  
  1257  CM,VA1,VOLUME   
  1258  !   
  1259  CSYS,0  
  1260  ALLSEL,ALL  
  1261  VSEL,S,LOC,X,0,-d1/2
  1262  VSEL,R,LOC,Y,0,d1/2 
  1263  VSEL,R,LOC,Z,lt,lt-l2/2+re1+d5  
  1264  CSYS,1  
  1265  VSEL,U,LOC,X,0,Re   
  1266  CSYS,0  
  1267  CM,VA2,VOLUME   
  1268  !   
  1269  CSYS,0  
  1270  ALLSEL,ALL  
  1271  VSEL,S,LOC,X,0,d1/2 
  1272  VSEL,R,LOC,Y,d1/2+0.01,d3   
  1273  VSEL,R,LOC,Z,l1+l2/2+d5,lt  
  1274  CM,VA3,VOLUME   
  1275  !   
  1276  CSYS,0  
  1277  ALLSEL,ALL  
  1278  VSEL,S,LOC,X,-d4,-d1/2  
  1279  VSEL,R,LOC,Y,0,d3/2 
  1280  VSEL,R,LOC,Z,lt,lt-l2/2+re1+d5  
  1281  CM,VA4,VOLUME   
  1282  !   
  1283  CSYS,0  
  1284  ALLSEL,ALL  
  1285  VSEL,S,LOC,X,-4*ri/(3*vpi),4*ri/(3*vpi) 
  1286  VSEL,R,LOC,Y,0,4*ri/(3*vpi) 
  1287  VSEL,R,LOC,Z,lt,lt-l2/2+re1+d5  
  1288  CM,VA5,VOLUME   
  1289  !   
  1290  CSYS,1  
  1291  ALLSEL,ALL  
  1292  VSEL,S,LOC,X,0,re   
  1293  VSEL,R,LOC,Y,0,180  
  1294  VSEL,R,LOC,Z,lt,lt-l2/2+re1+d5  
  1295  CMSEL,U,VA5,VOLUME  
  1296  CM,VA6,VOLUME   
  1297  !   
  1298  CMSEL,S,VA1,VOLU
  1299  CMSEL,A,VA2,VOLU
  1300  CMSEL,A,VA3,VOLU
  1301  CMSEL,A,VA4,VOLU
  1302  CMSEL,A,VA5,VOLU
  1303  CMSEL,A,VA6,VOLU
  1304  !   
  1305  CSYS,0  
  1306  ALLSEL,ALL  
  1307  VSEL,S,LOC,X,0,d1/2 
  1308  VSEL,R,LOC,Y,0,d1/2 
  1309  VSEL,R,LOC,Z,lt-l2/2-re1-d5,l1  
  1310  CSYS,1  
  1311  VSEL,U,LOC,X,0,Re   
  1312  CSYS,0  
  1313  CM,VB1,VOLUME   
  1314  !   
  1315  CSYS,0  
  1316  ALLSEL,ALL  
  1317  VSEL,S,LOC,X,0,-d1/2
  1318  VSEL,R,LOC,Y,0,d1/2 
  1319  VSEL,R,LOC,Z,lt-l2/2-re1-d5,l1  
  1320  CSYS,1  
  1321  VSEL,U,LOC,X,0,Re   
  1322  CSYS,0  
  1323  CM,VB2,VOLUME   
  1324  !   
  1325  CSYS,0  
  1326  ALLSEL,ALL  
  1327  VSEL,S,LOC,X,0,d1/2 
  1328  VSEL,R,LOC,Y,d1/2+0.01,d3   
  1329  VSEL,R,LOC,Z,l1,l1+l2/2-d5  
  1330  CM,VB3,VOLUME   
  1331  !   
  1332  CSYS,0  
  1333  ALLSEL,ALL  
  1334  VSEL,S,LOC,X,-d4,-d1/2  
  1335  VSEL,R,LOC,Y,0,d3/2 
  1336  VSEL,R,LOC,Z,lt-l2/2-re1-d5,l1  
  1337  CM,VB4,VOLUME   
  1338  !   
  1339  CSYS,0  
  1340  ALLSEL,ALL  
  1341  VSEL,S,LOC,X,-4*ri/(3*vpi),4*ri/(3*vpi) 
  1342  VSEL,R,LOC,Y,0,4*ri/(3*vpi) 
  1343  VSEL,R,LOC,Z,l1,l1+l2/2-re1-d5  
  1344  CM,VB5,VOLUME   
  1345  !   
  1346  CSYS,1  
  1347  ALLSEL,ALL  
  1348  VSEL,S,LOC,X,0,re   
  1349  VSEL,R,LOC,Y,0,180  
  1350  VSEL,R,LOC,Z,l1,l1+l2/2-re1-d5  
  1351  CMSEL,U,VB5,VOLUME  
  1352  CM,VB6,VOLUME   
  1353  !   
  1354  !   
  1355  CMSEL,S,VB1,VOLU
  1356  CMSEL,A,VB2,VOLU
  1357  CMSEL,A,VB3,VOLU
  1358  CMSEL,A,VB4,VOLU
  1359  CMSEL,A,VB5,VOLU
  1360  CMSEL,A,VB6,VOLU
  1361  !   
  1362  CSYS,0  
  1363  ALLSEL,ALL  
  1364  VSEL,S,LOC,X,0,d1/2 
  1365  VSEL,R,LOC,Y,0,d1/2 
  1366  VSEL,R,LOC,Z,0,l1   
  1367  CSYS,1  
  1368  VSEL,U,LOC,X,0,Re   
  1369  CSYS,0  
  1370  CM,VC1,VOLUME   
  1371  !   
  1372  CSYS,0  
  1373  ALLSEL,ALL  
  1374  VSEL,S,LOC,X,0,-d1/2
  1375  VSEL,R,LOC,Y,0,d1/2 
  1376  VSEL,R,LOC,Z,0,l1   
  1377  CSYS,1  
  1378  VSEL,U,LOC,X,0,Re   
  1379  CSYS,0  
  1380  CM,VC2,VOLUME   
  1381  !   
  1382  CSYS,0  
  1383  ALLSEL,ALL  
  1384  VSEL,S,LOC,X,0,d1/2 
  1385  VSEL,R,LOC,Y,d1/2+0.01,d3   
  1386  VSEL,R,LOC,Z,0,l1   
  1387  CM,VC3,VOLUME   
  1388  !   
  1389  CSYS,0  
  1390  ALLSEL,ALL  
  1391  VSEL,S,LOC,X,-d4,-d1/2  
  1392  VSEL,R,LOC,Y,0,d3/2 
  1393  VSEL,R,LOC,Z,0,l1   
  1394  CM,VC4,VOLUME   
  1395  !   
  1396  CSYS,0  
  1397  ALLSEL,ALL  
  1398  VSEL,S,LOC,X,-4*ri/(3*vpi),4*ri/(3*vpi) 
  1399  VSEL,R,LOC,Y,0,4*ri/(3*vpi) 
  1400  VSEL,R,LOC,Z,0,l1   
  1401  CM,VC5,VOLUME   
  1402  !   
  1403  CSYS,1  
  1404  ALLSEL,ALL  
  1405  VSEL,S,LOC,X,0,re   
  1406  VSEL,R,LOC,Y,0,180  
  1407  VSEL,R,LOC,Z,0,l1   
  1408  CMSEL,U,VC5,VOLUME  
  1409  CM,VC6,VOLUME   
  1410  !   
  1411  CMSEL,S,VC1,VOLU
  1412  CMSEL,A,VC2,VOLU
  1413  CMSEL,A,VC3,VOLU
  1414  CMSEL,A,VC4,VOLU
  1415  CMSEL,A,VC5,VOLU
  1416  CMSEL,A,VC6,VOLU
  1417  !   
  1418  CSYS,0  
  1419  CSYS,0  
  1420  ALLSEL,ALL  
  1421  VSEL,S,LOC,X,0,d1/2 
  1422  VSEL,R,LOC,Y,re1,d1/2   
  1423  VSEL,R,LOC,Z,lt-l2/2+re1+d5,lt-l2/2!-re1-d5 
  1424  CSYS,1  
  1425  VSEL,U,LOC,X,0,Re   
  1426  CSYS,0  
  1427  CM,VD1,VOLUME   
  1428  !   
  1429  CSYS,0  
  1430  ALLSEL,ALL  
  1431  VSEL,S,LOC,X,0,-d1/2
  1432  VSEL,R,LOC,Y,0,d1/2 
  1433  VSEL,R,LOC,Z,lt-l2/2+re1+d5,lt-l2/2!-re1-d5 
  1434  CSYS,1  
  1435  VSEL,U,LOC,X,0,Re   
  1436  CSYS,0  
  1437  CM,VD2,VOLUME   
  1438  !   
  1439  CSYS,0  
  1440  ALLSEL,ALL  
  1441  VSEL,S,LOC,X,0,d1/2 
  1442  VSEL,R,LOC,Y,d1/2+0.01,d3   
  1443  VSEL,R,LOC,Z,l1+l2/2+d5,l1+l2/2-d5  
  1444  CM,VD3,VOLUME   
  1445  !   
  1446  CSYS,0  
  1447  ALLSEL,ALL  
  1448  VSEL,S,LOC,X,-d4,-d1/2  
  1449  VSEL,R,LOC,Y,0,d3/2 
  1450  VSEL,R,LOC,Z,lt-l2/2+re1+d5,lt-l2/2-re1-d5  
  1451  CM,VD4,VOLUME   
  1452  !   
  1453  CSYS,0  
  1454  ALLSEL,ALL  
  1455  VSEL,S,LOC,X,0,4*ri/(3*vpi) 
  1456  VSEL,R,LOC,Y,0,4*ri/(3*vpi) 
  1457  VSEL,R,LOC,Z,lt-l2/2+re1+d5,lt-l2/2-re1-d5  
  1458  CM,VD51,VOLUME  
  1459  !   
  1460  CSYS,0  
  1461  ALLSEL,ALL  
  1462  VSEL,S,LOC,X,-4*ri/(3*vpi),0
  1463  VSEL,R,LOC,Y,0,4*ri/(3*vpi) 
  1464  VSEL,R,LOC,Z,lt-l2/2+re1+d5,lt-l2/2-re1-d5  
  1465  CM,VD52,VOLUME  
  1466  !   
  1467  CSYS,1  
  1468  ALLSEL,ALL  
  1469  VSEL,S,LOC,X,0,re   
  1470  VSEL,R,LOC,Y,0,90   
  1471  VSEL,R,LOC,Z,lt-l2/2+re1+d5,lt-l2/2-re1-d5  
  1472  CMSEL,U,VD51,VOLUME 
  1473  CM,VD61,VOLUME  
  1474  !   
  1475  CSYS,1  
  1476  ALLSEL,ALL  
  1477  VSEL,S,LOC,X,0,re   
  1478  VSEL,R,LOC,Y,90,180 
  1479  VSEL,R,LOC,Z,lt-l2/2+re1+d5,lt-l2/2-re1-d5  
  1480  CMSEL,U,VD52,VOLUME 
  1481  CM,VD62,VOLUME  
  1482  !   
  1483  CSYS,0  
  1484  ALLSEL,ALL  
  1485  VSEL,S,LOC,X,re,d1/2
  1486  VSEL,R,LOC,Y,0,4*ri1/(3*vpi)
  1487  VSEL,R,LOC,Z,lt-l2/2+re1,lt-l2/2-re1
  1488  CM,VD7,VOLUME   
  1489  !   
  1490  CSYS,0  
  1491  ALLSEL,ALL  
  1492  VSEL,S,LOC,X,re,d1/2
  1493  VSEL,R,LOC,Y,0,re1  
  1494  VSEL,R,LOC,Z,lt-l2/2+re1,lt-l2/2-re1
  1495  CMSEL,U,VD7,VOLUME  
  1496  CM,VD8,VOLUME   
  1497  !   
  1498  CMSEL,S,VD1,VOLU
  1499  CMSEL,A,VD2,VOLU
  1500  CMSEL,A,VD3,VOLU
  1501  CMSEL,A,VD4,VOLU
  1502  CMSEL,A,VD51,VOLU   
  1503  CMSEL,A,VD52,VOLU   
  1504  CMSEL,A,VD61,VOLU   
  1505  CMSEL,A,VD62,VOLU   
  1506  CMSEL,A,VD7,VOLU
  1507  CMSEL,A,VD8,VOLU
  1508  !   
  1509  ! Dividindo volumes na galeria em volumes menores   
  1510  CMSEL,S,VD7,VOLU
  1511  CMSEL,A,VD8,VOLU
  1512  CSYS,0  
  1513  WPAVE,0,0,0 
  1514  WPAVE,re,0,l1+l2/2  
  1515  WPRO,,,90   
  1516  *DO,i,1,np1-1,1 
  1517  	WPOFFS,0,0,Lp1 
  1518  	VSBW,ALL   
  1519  *ENDDO  
  1520  !   
  1521  ! Dividindo volumes no encontro do tunel longitudinal com a galeria 
  1522  CMSEL,S,VD51,VOLU   
  1523  CMSEL,A,VD52,VOLU   
  1524  CMSEL,A,VD61,VOLU   
  1525  CMSEL,A,VD62,VOLU   
  1526  CSYS,0  
  1527  WPAVE,0,0,0 
  1528  WPCSYS,-1,0 
  1529  WPAVE,0,0,l1+l2/2   
  1530  nescgal = (d5+re1)/Lp   
  1531  *DO,i,1,nescgal-1,1 
  1532  	WPOFFS,0,0,Lp  
  1533  	VSBW,ALL   
  1534  *ENDDO  
  1535  !   
  1536  ! Refazendo os componentes de volumes da região da galeria 
  1537  CSYS,0  
  1538  ALLSEL,ALL  
  1539  VSEL,S,LOC,X,0,4*ri/(3*vpi) 
  1540  VSEL,R,LOC,Y,0,4*ri/(3*vpi) 
  1541  VSEL,R,LOC,Z,lt-l2/2+re1+d5,lt-l2/2!-re1!-d5
  1542  CM,VD51,VOLUME  
  1543  !   
  1544  CSYS,0  
  1545  ALLSEL,ALL  
  1546  VSEL,S,LOC,X,-4*ri/(3*vpi),0
  1547  VSEL,R,LOC,Y,0,4*ri/(3*vpi) 
  1548  VSEL,R,LOC,Z,lt-l2/2+re1+d5,lt-l2/2!-re1!-d5
  1549  CM,VD52,VOLUME  
  1550  !   
  1551  CSYS,1  
  1552  ALLSEL,ALL  
  1553  VSEL,S,LOC,X,0,re   
  1554  VSEL,R,LOC,Y,0,90   
  1555  VSEL,R,LOC,Z,lt-l2/2+re1+d5,lt-l2/2!-re1!-d5
  1556  CMSEL,U,VD51,VOLUME 
  1557  CM,VD61,VOLUME  
  1558  !   
  1559  CSYS,1  
  1560  ALLSEL,ALL  
  1561  VSEL,S,LOC,X,0,re   
  1562  VSEL,R,LOC,Y,90,180 
  1563  VSEL,R,LOC,Z,lt-l2/2+re1+d5,lt-l2/2!-re1!-d5
  1564  CMSEL,U,VD52,VOLUME 
  1565  CM,VD62,VOLUME  
  1566  !   
  1567  CSYS,0  
  1568  ALLSEL,ALL  
  1569  VSEL,S,LOC,X,re,d1/2
  1570  VSEL,R,LOC,Y,0,4*ri1/(3*vpi)
  1571  VSEL,R,LOC,Z,lt-l2/2+re1,lt-l2/2!-re1   
  1572  CM,VD7,VOLUME   
  1573  !   
  1574  CSYS,0  
  1575  ALLSEL,ALL  
  1576  VSEL,S,LOC,X,re,d1/2
  1577  VSEL,R,LOC,Y,0,re1  
  1578  VSEL,R,LOC,Z,lt-l2/2+re1,lt-l2/2!-re1   
  1579  CMSEL,U,VD7,VOLUME  
  1580  CM,VD8,VOLUME   
  1581  !   
  1582  CMSEL,S,VD51,VOLU   
  1583  CMSEL,A,VD52,VOLU   
  1584  CMSEL,A,VD61,VOLU   
  1585  CMSEL,A,VD62,VOLU   
  1586  CMSEL,A,VD7,VOLU
  1587  CMSEL,A,VD8,VOLU
  1588  !   
  1589  ! juntando pontos duplicados
  1590  ALLSEL,ALL  
  1591  NUMMRG,KP, , , ,LOW 
  1592  !   
  1593  ! renumerando a geometria   
  1594  NUMCMP,KP   
  1595  NUMCMP,LINE 
  1596  NUMCMP,AREA 
  1597  NUMCMP,VOLU 
  1598  !   
  1599  !************************************************************!  
  1600  !****_ 		3.9 Criando malhas 			_****!   
  1601  !************************************************************!  
  1602  !   
  1603  ! malha sweep   
  1604  MSHAPE,0,3d 
  1605  MSHKEY,1
  1606  TYPE, tipoelem  
  1607  ALLSEL,ALL  
  1608  CMSEL,S,VA5,VOLUME  
  1609  CMSEL,A,VA6,VOLUME  
  1610  VSWEEP,ALL  
  1611  !   
  1612  ! malha mapeada 
  1613  MSHAPE,0,3d ! 0 - hexaedro, 1 - tetraedro   
  1614  MSHKEY,1
  1615  TYPE, tipoelem  
  1616  ALLSEL,ALL  
  1617  CMSEL,S,VA1,VOLUME  
  1618  CMSEL,A,VA2,VOLUME  
  1619  CMSEL,A,VA3,VOLUME  
  1620  CMSEL,A,VA4,VOLUME  
  1621  CMSEL,A,VB3,VOLUME  
  1622  CMSEL,A,VB4,VOLUME  
  1623  CMSEL,A,VC3,VOLUME  
  1624  CMSEL,A,VC4,VOLUME  
  1625  CMSEL,A,VD3,VOLUME  
  1626  CMSEL,A,VD4,VOLUME  
  1627  VSWEEP,ALL  
  1628  !   
  1629  ! malha livre regiao da galeria 
  1630  MSHAPE,1,3d 
  1631  MSHKEY,0
  1632  TYPE, tipoelem1 
  1633  ALLSEL,ALL  
  1634  CMSEL,S,VD51,VOLUME 
  1635  CMSEL,A,VD52,VOLUME 
  1636  CMSEL,A,VD61,VOLUME 
  1637  CMSEL,A,VD62,VOLUME 
  1638  CMSEL,A,VD7,VOLUME  
  1639  CMSEL,A,VD8,VOLUME  
  1640  ASLV,S  
  1641  LSLA,S  
  1642  LESIZE,ALL,m4ga, , , ,1, , ,1,  
  1643  VMESH,ALL   
  1644  !   
  1645  ! PAREI AQUI
  1646  !   
  1647  ! malha livre em torno da região da galeria
  1648  MSHAPE,1,3d 
  1649  MSHKEY,0
  1650  TYPE, tipoelem1 
  1651  ALLSEL,ALL  
  1652  CMSEL,S,VD1,VOLUME  
  1653  CMSEL,A,VD2,VOLUME  
  1654  VMESH,ALL   
  1655  !   
  1656  ! Espelhando volumes e elementos da metade da galeria   
  1657  ALLSEL,ALL  
  1658  CMSEL,S,VD51,VOLUME 
  1659  CMSEL,A,VD52,VOLUME 
  1660  CMSEL,A,VD61,VOLUME 
  1661  CMSEL,A,VD62,VOLUME 
  1662  CMSEL,A,VD7,VOLUME  
  1663  CMSEL,A,VD8,VOLUME  
  1664  CMSEL,A,VD1,VOLUME  
  1665  CMSEL,A,VD2,VOLUME  
  1666  ESLV,S  
  1667  !   
  1668  ! Espelhando a malha na galeria 
  1669  WPAVE,0,0,0 
  1670  WPCSYS,-1,0 
  1671  WPAVE,d1/2,0,l1+l2/2
  1672  CSYS,4  
  1673  VSYMM,Z,all, , , ,0,0   
  1674  !   
  1675  ! junta nós repetidos e mantém a numeração mais baixa   
  1676  CSYS,0  
  1677  ALLSEL,ALL  
  1678  NUMMRG,node, , , ,LOW   
  1679  NUMCMP,ALL  
  1680  !   
  1681  ! criando os volumes da região espelhada da galeria
  1682  CSYS,0  
  1683  ALLSEL,ALL  
  1684  VSEL,S,LOC,X,re,d1/2
  1685  VSEL,R,LOC,Y,re1,d1/2   
  1686  VSEL,R,LOC,Z,lt-l2/2,lt-l2/2-re1-d5 
  1687  CM,VE1,VOLUME   
  1688  !   
  1689  CSYS,0  
  1690  ALLSEL,ALL  
  1691  VSEL,S,LOC,X,-re,-d1/2  
  1692  VSEL,R,LOC,Y,re,d1/2
  1693  VSEL,R,LOC,Z,lt-l2/2,lt-l2/2-re1-d5 
  1694  CM,VE2,VOLUME   
  1695  !   
  1696  CSYS,0  
  1697  ALLSEL,ALL  
  1698  VSEL,S,LOC,X,0,4*ri/(3*vpi) 
  1699  VSEL,R,LOC,Y,0,4*ri/(3*vpi) 
  1700  VSEL,R,LOC,Z,lt-l2/2,lt-l2/2-re1-d5 
  1701  CM,VE51,VOLUME  
  1702  !   
  1703  CSYS,0  
  1704  ALLSEL,ALL  
  1705  VSEL,S,LOC,X,-4*ri/(3*vpi),0
  1706  VSEL,R,LOC,Y,0,4*ri/(3*vpi) 
  1707  VSEL,R,LOC,Z,lt-l2/2,lt-l2/2-re1-d5 
  1708  CM,VE52,VOLUME  
  1709  !   
  1710  CSYS,1  
  1711  ALLSEL,ALL  
  1712  VSEL,S,LOC,X,0,re   
  1713  VSEL,R,LOC,Y,0,90   
  1714  VSEL,R,LOC,Z,lt-l2/2,lt-l2/2-re1-d5 
  1715  CMSEL,U,VE51,VOLUME 
  1716  CM,VE61,VOLUME  
  1717  !   
  1718  CSYS,1  
  1719  ALLSEL,ALL  
  1720  VSEL,S,LOC,X,0,re   
  1721  VSEL,R,LOC,Y,90,180 
  1722  VSEL,R,LOC,Z,lt-l2/2,lt-l2/2-re1-d5 
  1723  CMSEL,U,VE52,VOLUME 
  1724  CM,VE62,VOLUME  
  1725  !   
  1726  CSYS,0  
  1727  ALLSEL,ALL  
  1728  VSEL,S,LOC,X,re,d1/2
  1729  VSEL,R,LOC,Y,0,4*ri1/(3*vpi)
  1730  VSEL,R,LOC,Z,lt-l2/2,lt-l2/2-re1
  1731  CM,VE7,VOLUME   
  1732  !   
  1733  CSYS,0  
  1734  ALLSEL,ALL  
  1735  VSEL,S,LOC,X,re,d1/2
  1736  VSEL,R,LOC,Y,0,re1  
  1737  VSEL,R,LOC,Z,lt-l2/2,lt-l2/2-re1
  1738  CMSEL,U,VD7,VOLUME  
  1739  CM,VE8,VOLUME   
  1740  !   
  1741  ! junta nós repetidos e mantém a numeração mais baixa   
  1742  CSYS,0  
  1743  ALLSEL,ALL  
  1744  NUMMRG,KP, , , ,LOW 
  1745  NUMCMP,ALL							   
  1746  !   
  1747  ! malha sweep da região a posteriori da galeria
  1748  MSHAPE,0,3d 
  1749  MSHKEY,1
  1750  TYPE, tipoelem  
  1751  ALLSEL,ALL  
  1752  CMSEL,S,VB5,VOLUME  
  1753  CMSEL,A,VB6,VOLUME  
  1754  CMSEL,A,VC5,VOLUME  
  1755  VSWEEP,ALL  
  1756  !   
  1757  MSHAPE,0,3d 
  1758  MSHKEY,1
  1759  TYPE, tipoelem  
  1760  ALLSEL,ALL  
  1761  CMSEL,S,VC6,VOLUME  
  1762  VSWEEP,ALL  
  1763  !   
  1764  ! malha mapeada da região a posteriori da galeria  
  1765  MSHAPE,0,3d ! 0 - hexaedro, 1 - tetraedro   
  1766  MSHKEY,1
  1767  TYPE, tipoelem  
  1768  ALLSEL,ALL  
  1769  CMSEL,S,VB1,VOLUME  
  1770  CMSEL,A,VB2,VOLUME  
  1771  CMSEL,A,VC1,VOLUME  
  1772  CMSEL,A,VC2,VOLUME  
  1773  VSWEEP,ALL  
  1774  !	  
  1775  ALLSEL,ALL  
  1776  CMSEL,S,VE51,VOLUME 
  1777  CMSEL,A,VE52,VOLUME 
  1778  CMSEL,A,VE61,VOLUME 
  1779  CMSEL,A,VE62,VOLUME 
  1780  CMSEL,A,VE7,VOLUME  
  1781  CMSEL,A,VE8,VOLUME  
  1782  !   
  1783  ! junta nós repetidos e mantém a numeração mais baixa   
  1784  CSYS,0  
  1785  ALLSEL,ALL  
  1786  NUMMRG,node, , , ,LOW   
  1787  NUMCMP,ALL  
  1788  !							
  1789  !************************************************************!  
  1790  !****_ 		3.10 Grupos elementos do revestimento 	_****!  
  1791  !************************************************************!  
  1792  !   
  1793  ! gerando grupo de elementos com o revestimento do tunel longitudinal   
  1794  ALLSEL,ALL  
  1795  LOCAL,11,1,0,0,0
  1796  ESEL,ALL
  1797  ESEL,S,CENT,Z,lt,l1 
  1798  ESEL,R,CENT,X,ri,re 
  1799  ESEL,R,CENT,Y,0,180 
  1800  CM,Casca1,ELEM  
  1801  !   
  1802  ! gerando grupo de elementos com o revestimento das galerias transversais   
  1803  LOCAL,12,1,re,0,lt-l2/2,0,0,90  
  1804  VSEL,ALL
  1805  VSEL,S,LOC,Z,-esp,d1/2  
  1806  VSEL,R,LOC,X,0,re1  
  1807  VSEL,R,LOC,Y,0,180  
  1808  CM,VG1,VOLUME   
  1809  ESLV,S  
  1810  ESEL,R,CENT,Z,-re,d1/2-re   
  1811  ESEL,R,CENT,X,ri1,re1-0.001 
  1812  ESEL,R,CENT,Y,0,180 
  1813  CM,Casca2,ELEM  
  1814  !   
  1815  !   
  1816  !************************************************************!  
  1817  !****_		3.11 Alterando a cor dos elementos	_****!   
  1818  !************************************************************!  
  1819  !   
  1820  ! mudando a cor da janela   
  1821  /RGB,INDEX,100,100,100,0
  1822  /RGB,INDEX,0,0,0,15 
  1823  !   
  1824  ! região adjacente ao túnel   
  1825  ALLSEL,ALL  
  1826  CMSEL,S,VA1,VOLUME  
  1827  CMSEL,A,VA2,VOLUME  
  1828  CMSEL,A,VB1,VOLUME  
  1829  CMSEL,A,VB2,VOLUME  
  1830  CMSEL,A,VC1,VOLUME  
  1831  CMSEL,A,VC2,VOLUME  
  1832  CMSEL,A,VD1,VOLUME  
  1833  CMSEL,A,VD2,VOLUME  
  1834  CMSEL,A,VE1,VOLUME  
  1835  CMSEL,A,VE2,VOLUME  
  1836  ESLV,S  
  1837  /COLOR,ELEM,14,ALL  
  1838  !   
  1839  ! região escavada e externa
  1840  ALLSEL,ALL  
  1841  CMSEL,S,VA3,VOLUME  
  1842  CMSEL,A,VA4,VOLUME  
  1843  CMSEL,A,VA5,VOLUME  
  1844  CMSEL,A,VB3,VOLUME  
  1845  CMSEL,A,VB4,VOLUME  
  1846  CMSEL,A,VB5,VOLUME  
  1847  CMSEL,A,VC3,VOLUME  
  1848  CMSEL,A,VC4,VOLUME  
  1849  CMSEL,A,VC5,VOLUME  
  1850  CMSEL,A,VD3,VOLUME  
  1851  CMSEL,A,VD4,VOLUME  
  1852  CMSEL,A,VD51,VOLUME 
  1853  CMSEL,A,VD52,VOLUME 
  1854  CMSEL,A,VE51,VOLUME 
  1855  CMSEL,A,VE52,VOLUME 
  1856  CMSEL,A,VD7,VOLUME  
  1857  CMSEL,A,VE7,VOLUME  
  1858  ESLV,S  
  1859  /COLOR,ELEM,13,ALL  
  1860  !   
  1861  ! região da casca do túnel longitudinal   
  1862  ALLSEL,ALL  
  1863  CMSEL,S,Casca1,ELEM 
  1864  /COLOR,ELEM,6,ALL   
  1865  !   
  1866  ! região da casca da galeria transversal   
  1867  ALLSEL,ALL  
  1868  CMSEL,S,Casca2,ELEM 
  1869  /COLOR,ELEM,12,ALL  
  1870  !   
  1871  ! plotar elementos da casca 
  1872  CMSEL,S,Casca1,ELEM 
  1873  CMSEL,A,Casca2,ELEM 
  1874  EPLOT   
  1875  !   
  1876  !************************************************************!  
  1877  !****_ 		3.12 Condições de contorno		_****!   
  1878  !************************************************************!  
  1879  CSYS,0  
  1880  ! aplica tensões iniciais  
  1881  ALLSEL,ALL  
  1882  INISTATE, DEFINE,,,,,-prx,-pry,-prz,0,0,0   
  1883  !   
  1884  !Aplica condição de simetria na face direita do modelo
  1885  LOCAL,11,0,0,0,0
  1886  ALLSEL,ALL  
  1887  ASEL,S,LOC,X,d1/2,d1/2  
  1888  DA,ALL,SYMM 
  1889  !   
  1890  ! Aplica condições de simetria na face de baixo do modelo 
  1891  LOCAL,11,0,0,0,0
  1892  ALLSEL,ALL  
  1893  ASEL,S,LOC,Y,0,0
  1894  DA,ALL,SYMM 
  1895  !   
  1896  !Deslocamento zero em Z, face frontal   
  1897  LOCAL,11,0,0,0,0
  1898  ALLSEL,ALL  
  1899  ASEL,S,LOC,Z,lt,lt  
  1900  DA,ALL,UZ,0 
  1901  !   
  1902  ! Aplica pressão na face superior  
  1903  LOCAL,11,0,0,0,0
  1904  ALLSEL,ALL  
  1905  ASEL,S,LOC,Y,d3,d3  
  1906  ASEL,U,ACCA,
  1907  SFA,ALL,1,PRES,pry  
  1908  !   
  1909  ! Aplica pressão na face esquerda do modelo
  1910  LOCAL,11,0,0,0,0
  1911  ALLSEL,ALL  
  1912  ASEL,S,LOC,X,-d4,-d4
  1913  ASEL,U,ACCA,
  1914  SFA,ALL,1,PRES,prx  
  1915  !   
  1916  ! Aplica pressão na face do fundo  
  1917  LOCAL,11,0,0,0,0
  1918  ALLSEL,ALL  
  1919  ASEL,S,LOC,z,0,0
  1920  ASEL,U,ACCA,
  1921  SFA,ALL,1,PRES,prz  
  1922  !   
  1923  !************************************************************!  
  1924  !****_ 		3.13 Criando elementos do revestimento	_****!  
  1925  !************************************************************!  
  1926  ! Obs: esses elementos ficam sobrepostos ao do solo. Durante
  1927  ! a análise, conforme vai desligando os elementos do   
  1928  ! macicço vai-se ligando os do resvestimento, se houver.   
  1929  !   
  1930  *IF,matrev,NE,0,THEN
  1931  	CMSEL,S,Casca1,ELEM
  1932  	EGEN,2,0,ALL,ALL,1,1,,,,0,0,0  
  1933  	ESEL,ALL   
  1934  	NUMMRG,NODE, , , ,LOW  
  1935  	ESEL,MAT,2 
  1936  	CM,Revestimento1,ELEM  
  1937  *ENDIF  
  1938  !   
  1939  *IF,matrev,NE,0,THEN
  1940  	CMSEL,S,Casca2,ELEM
  1941  	EGEN,2,0,ALL,ALL,1,1,,,,0,0,0  
  1942  	ESEL,ALL   
  1943  	NUMMRG,NODE, , , ,LOW  
  1944  	ESEL,MAT,2 
  1945  	CMSEL,U,Revestimento1,ELEM 
  1946  	CM,Revestimento2,ELEM  
  1947  *ENDIF  
  1948  !   
  1949  !************************************************************!  
  1950  !****_ 		3.14 Grupos Esc-rev tunel longitudinal 	_****! 
  1951  !************************************************************!  
  1952  !   
  1953  ! Primeira escavação  
  1954  i = 1   
  1955  LOCAL,11,1,0,0,lt,0,0,180,0 
  1956  ESEL,ALL
  1957  fi=0
  1958  ff=npi*Lp   
  1959  ESEL,S,CENT,Z,fi,ff 
  1960  ESEL,R,CENT,X,0,re  
  1961  ESEL,R,CENT,Y,0,180 
  1962  CM,Lesc %i%,ELEM
  1963  CMSEL,S,Lesc %i%,ELEM   
  1964  !   
  1965  ! Proximas escavações e resvestimentos
  1966  *DO,i,2,nesc,1  
  1967  	! criando grupos com os elementos escavados do passo i 
  1968  	fi=ff  
  1969  	ff=(i-1)*Lp+npi*lp 
  1970  	ESEL,S,CENT,Z,fi,ff
  1971  	ESEL,R,CENT,X,0,re 
  1972  	ESEL,R,CENT,Y,0,180
  1973  	CM,Lesc %i%,ELEM   
  1974  	CMSEL,S,Lesc %i%,ELEM  
  1975  	!  
  1976  	*IF,matrev,NE,0,THEN   
  1977  		! criando grupos com os elementos revestidos do passo i   
  1978  		*IF,i,EQ,2,THEN   
  1979  			fi=0 
  1980  		*ELSE 
  1981  			fi=npi*lp+(i-2)*lp-(lp+d0)   
  1982  		*ENDIF
  1983  		ff = (i-1)*lp+npi*lp-(lp+d0)  
  1984  		ESEL,ALL  
  1985  		ESEL,S,CENT,Z,fi,ff   
  1986  		ESEL,R,CENT,X,ri,re   
  1987  		ESEL,R,CENT,Y,0,180   
  1988  		ESEL,R,MAT,,2 
  1989  		MPCHG,i,ALL   
  1990  		CM,Lrev %i-1%,ELEM
  1991  		CMSEL,S,Lrev %i-1%,ELEM   
  1992  	*ENDIF 
  1993  	!  
  1994  	! revestindo o ultimo trecho   
  1995  	*IF,i,EQ,nesc,THEN 
  1996  		*IF,matrev,NE,0,THEN  
  1997  			*IF,revested0,EQ,1,THEN  
  1998  				fi=l2-lp-d0 
  1999  				ff=l2   
  2000  				ESEL,S,CENT,Z,fi,ff 
  2001  				ESEL,R,CENT,X,ri,re 
  2002  				ESEL,R,CENT,Y,0,180 
  2003  				ESEL,R,MAT,,2   
  2004  				MPCHG,i,ALL 
  2005  				CM,Lrev %i%,ELEM
  2006  				CMSEL,S,Lrev %i%,ELEM   
  2007  			*ENDIF   
  2008  			*IF,revesteface,EQ,1,THEN
  2009  				fi=l2   
  2010  				ff=l2+(lp)  
  2011  				ESEL,ALL
  2012  				ESEL,S,CENT,Z,fi,ff 
  2013  				ESEL,R,CENT,X,0,re  
  2014  				ESEL,R,CENT,Y,0,180 
  2015  				CM,soloface,ELEM
  2016  				CMSEL,S,soloface,ELEM   
  2017  				!   
  2018  				fi=l2   
  2019  				ff=l2+lp
  2020  				ESEL,ALL
  2021  				ESEL,S,CENT,Z,fi,ff 
  2022  				ESEL,R,CENT,X,0,re  
  2023  				ESEL,R,CENT,Y,0,180 
  2024  				EGEN,2,0,all,all,1,1,,,,0,0,0   
  2025  				NUMMRG,node, , , ,LOW   
  2026  				ESEL,R,MAT,,2   
  2027  				MPCHG,i,ALL 
  2028  				CM,Lrevface,ELEM
  2029  				CMSEL,S,Lrevface,ELEM   
  2030  			*ENDIF   
  2031  		*ENDIF
  2032  	*ENDIF 
  2033  *ENDDO  
  2034  !   
  2035  ! criando grupo de elementos escavados  
  2036  ESEL,S,CENT,Z,0,l2  
  2037  ESEL,R,CENT,X,0,re  
  2038  ESEL,R,CENT,Y,0,180 
  2039  CM,esctotallongitudinal,ELEM
  2040  CSYS,0  
  2041  !   
  2042  !********************************************************************************************!  
  2043  !****_ 		3.15 Grupos esc-rev das galerias	_****!
  2044  !********************************************************************************************!  
  2045      
  2046  !   
  2047  ! Primeira escavação da primeira galeria  
  2048  i = 1   
  2049  LOCAL,12,1,re,0,lt-l2/2,0,0,90  
  2050  fi=-re  
  2051  ff=npi1*Lp1 
  2052  ESEL,ALL
  2053  CMSEL,S,VG1,VOLUME  
  2054  ESLV,S  
  2055  ESEL,R,CENT,Z,fi,ff 
  2056  ESEL,R,CENT,X,0,re1 
  2057  ESEL,R,CENT,Y,0,180 
  2058  CM,T1esc %i%,ELEM   
  2059  CMSEL,S,T1esc %i%,ELEM  
  2060  !   
  2061  ! criando grupo da entrada da galeria 1 
  2062  *IF,matrev,NE,0,THEN
  2063  	ESEL,ALL   
  2064  	CMSEL,S,Revestimento1,ELEM 
  2065  	ESEL,R,CENT,Z,fi,ff
  2066  	ESEL,R,CENT,X,0,re1-0.01   
  2067  	ESEL,R,CENT,Y,0,180
  2068  	CM,T1escent,ELEM   
  2069  	CMSEL,S,T1escent,ELEM  
  2070  *ENDIF  
  2071  !   
  2072  ! Proximas escavações e resvestimentos da primeira galeria
  2073  *IF,escavagaleria,EQ,1,THEN 
  2074  	*DO,i,2,nesc1,1
  2075  		fi=npi1*Lp1+(i-2)*Lp1 
  2076  		ff=npi1*Lp1+(i-1)*Lp1 
  2077  		ESEL,S,CENT,Z,fi,ff   
  2078  		ESEL,R,CENT,X,0,re1-0.01  
  2079  		ESEL,R,CENT,Y,0,180   
  2080  		CM,T1esc %i%,ELEM 
  2081  		CMSEL,S,T1esc %i%,ELEM
  2082  		! 
  2083  		*IF,matrev,NE,0,THEN  
  2084  			! criando grupos com os elementos revestidos do passo i  
  2085  			*IF,i,EQ,2,THEN  
  2086  				fi=-re  
  2087  			*ELSE
  2088  				fi=(i-2)*Lp1
  2089  			*ENDIF   
  2090  			*IF,i,EQ,nesc1,THEN  
  2091  				ff=l2/2-re  
  2092  			*ELSE
  2093  				ff=npi1*Lp1+(i-2)*Lp1-d01   
  2094  			*ENDIF   
  2095  			ESEL,ALL 
  2096  			CMSEL,S,Revestimento2,ELEM   
  2097  			ESEL,R,CENT,Z,fi,ff  
  2098  			ESEL,R,CENT,X,ri1,re1-0.01   
  2099  			ESEL,R,CENT,Y,0,180  
  2100  			MPCHG,nesc-1+i,ALL   
  2101  			CM,T1rev %i-1%,ELEM  
  2102  			CMSEL,S,T1rev %i-1%,ELEM 
  2103  		*ELSE 
  2104  			! não aplica revestimento   
  2105  		*ENDIF
  2106  	*ENDDO 
  2107  *ENDIF  
  2108  CSYS,0  
  2109  !   
  2110  !************************************************************!  
  2111  !****_ 4. SOLUÇÃO 					_****! 
  2112  !************************************************************!  
  2113  /SOL
  2114  !   
  2115  ! Colocando na angulação  
  2116  /VIEW,1,,-1 
  2117  /ANG,1  
  2118  /ANG,1,30,XS,1  
  2119  /ANG,1,30,XS,1  
  2120  /ANG,1,-30,YS,1 
  2121  /DIST,1,0.729,1 
  2122  /DIST,1,0.729,1 
  2123  /REPLOT 
  2124  !   
  2125  ! Configurações iniciais  
  2126  *IF,nlg,eq,0,then		 
  2127  	NLGEOM,OFF 
  2128  *ELSEIF,nlg,eq,1,then		 
  2129  	NLGEOM,ON  
  2130  *ENDIF  
  2131  *IF,nr,eq,1,then		  
  2132  	NROPT,INIT 
  2133  *ELSEIF,nr,eq,2,then		  
  2134  	NROPT,FULL 
  2135  *ELSEIF,nr,eq,3,then		  
  2136  	NROPT,UNSYM
  2137  *ENDIF	 
  2138  *IF,psc,eq,0,then		 
  2139  	PSCONTROL,ALL,OFF  
  2140  *ELSEIF,nlg,eq,1,then		 
  2141  	PSCONTROL,ALL,ON   
  2142  *ENDIF  
  2143  !   
  2144  ! Critério do incremento de deformação equivalente plástica 
  2145  CUTCONTROL,PLSLIMIT,plslimit
  2146  !   
  2147  ! Gravação da saida de resultados 
  2148  ALLSEL,ALL  
  2149  OUTRES,ESOL,LAST
  2150  OUTRES,SVAR,ALL		   
  2151  !   
  2152  ! Salvar parâmetros
  2153  PARSAV,ALL,parametros,txt   
  2154  !   
  2155  ! Definindo temperatura 
  2156  TUNIF,temperatura   
  2157  !   
  2158  ! Apaga os elementos do revestimento
  2159  ALLSEL,ALL  
  2160  *IF,matrev,NE,0,THEN
  2161  	CMSEL,S,Revestimento1,ELEM 
  2162  	CMSEL,A,Revestimento2,ELEM 
  2163  	EKILL,ALL  
  2164  	!  
  2165  	*IF,revesteface,EQ,1,THEN  
  2166  		CMSEL,S,Lrevface,ELEM 
  2167  		EKILL,ALL 
  2168  	*ENDIF 
  2169  *ENDIF  
  2170  !   
  2171  ! Verifica o equilibrio do maciço  
  2172  *IF,soleq,EQ,1,THEN 
  2173  	ANTYPE,0,NEW   
  2174  	ESEL,ALL   
  2175  	TIME,1 
  2176  	DELTIM,1,,1
  2177  	!CNVTOL,F,,tolf,,0.01  
  2178  	!CNVTOL,U,,tolu
  2179  	SOLVE  
  2180  	FINISH 
  2181  	!  
  2182  	! Plota a solução
  2183  	/POST1 
  2184  	RSYS,0 
  2185  	ESEL,S,LIVE
  2186  	PLNSOL, U,SUM, 0,1.0   
  2187  	ESEL,ALL   
  2188  *ENDIF  
  2189  !   
  2190  ! numero máximo de analises
  2191  nanalises = 0   
  2192  nanalises=nesc+nesc1
  2193  *IF,analise2,EQ,1,THEN  
  2194  	nanalises=nanalises + np2max   
  2195  *ENDIF	 
  2196  !   
  2197  ! criando a tabela com o criterio de parada do longo prazo (np2,deltau,uatual)  
  2198  *IF,analise2,EQ,1,THEN  
  2199  	*DIM,criterio,TABLE,nanalises,3
  2200  *ENDIF  
  2201  !   
  2202  ! Selecionando o nó de controle da convergencia no tempo		 
  2203  uatual = 0  
  2204  LOCAL,11,1,0,0,lt,0,0,0,0   
  2205  CSYS,11,
  2206  ALLSEL,ALL  
  2207  NSEL,S,LOC,X,Re-0.01,Re+0.01
  2208  NSEL,R,LOC,Y,teta-0.01,teta+0.01
  2209  NSEL,R,LOC,Z,0  
  2210  NSLE,R,CORNER   
  2211  CSYS,0  
  2212  *GET,nocontrole,NODE,0,NUM,MAX  
  2213  ALLSEL,ALL  
  2214  !   
  2215  ! Solução com as escavações 
  2216  /SOL
  2217  *IF,matmacico,LE,1,AND,matrev,EQ,0,THEN 
  2218  	!  
  2219  	! Maciço elástico sem revestimento (não precisa rodar a cada escavação)   
  2220  	ANTYPE,0,NEW   
  2221  	!  
  2222  	! primeira escavação 
  2223  	i=1
  2224  	CMSEL,S,LESC %i%,ELEM  
  2225  	EKILL,ALL  
  2226  	ESEL,S,LIVE
  2227  	EPLOT  
  2228  	*DO,i,2,nesc,1 
  2229  		! desligando elementos do grupo de escavação i  
  2230  		CMSEL,S,LESC %i%,ELEM 
  2231  		EKILL,ALL 
  2232  		ESEL,S,LIVE   
  2233  		EPLOT 
  2234  		! 
  2235  		! ligando elementos do grupo de revestimento i-1  
  2236  		*IF,matrev,NE,0,THEN  
  2237  			CMSEL,S,Lrev %i-1%,ELEM  
  2238  			EALIVE,ALL   
  2239  			*IF,revested0,EQ,1,THEN  
  2240  				*IF,i,EQ,nesc,THEN  
  2241  					CMSEL,S,Lrev %i%,ELEM  
  2242  					EALIVE,ALL 
  2243  				*ENDIF  
  2244  			*ENDIF   
  2245  			*IF,revesteface,EQ,1,THEN
  2246  				*IF,i,EQ,nesc,THEN  
  2247  					CMSEL,S,Lrevface,ELEM  
  2248  					EALIVE,ALL 
  2249  					CMSEL,S,soloface,ELEM  
  2250  					EKILL,ALL  
  2251  				*ENDIF  
  2252  			*ENDIF   
  2253  		*ENDIF
  2254  		ESEL,S,LIVE   
  2255  		EPLOT 
  2256  		! 
  2257  		! grupo de escavação da galeria 1   
  2258  		*IF,escavagaleria,EQ,1,THEN   
  2259  			*IF,i,EQ,nescinig,THEN   
  2260  				! escava entrada da galeria 1   
  2261  				*IF,matrev,NE,0,THEN
  2262  					ESEL,ALL   
  2263  					CMSEL,S,T1escent,ELEM  
  2264  					EKILL,ALL  
  2265  					ESEL,S,LIVE
  2266  					EPLOT  
  2267  				*ENDIF  
  2268  				!   
  2269  				*DO,j,1,nesc1,1 
  2270  					! desligando os elementos do grupo de escavação  
  2271  					ESEL,ALL   
  2272  					CMSEL,S,T1ESC %j%,ELEM 
  2273  					EKILL,ALL  
  2274  					ESEL,S,LIVE
  2275  					EPLOT  
  2276  					!  
  2277  					! ligando os elementos do grupo de revestimento
  2278  					*IF,matrev,NE,0,THEN   
  2279  						*IF,revestegaleria,EQ,1,THEN  
  2280  							*IF,j,GE,2,THEN  
  2281  								CMSEL,S,T1REV %j-1%,ELEM
  2282  								EALIVE,ALL  
  2283  							*ENDIF   
  2284  						*ENDIF
  2285  					*ENDIF 
  2286  					!  
  2287  					! plotando apenas os elementos ativos  
  2288  					ESEL,S,LIVE
  2289  					EPLOT  
  2290  				*ENDDO  
  2291  			*ENDIF   
  2292  			!
  2293  		*ENDIF
  2294  	*ENDDO 
  2295  	ESEL,ALL   
  2296  	SAVE   
  2297  	!CNVTOL,F,,tolf,,0.01  
  2298  	!CNVTOL,U,,tolu
  2299  	SOLVE  
  2300  	FINISH 
  2301  *ELSE   
  2302  	!  
  2303  	! Necessário fazer vários passos de escavação  
  2304  	ANTYPE,0,NEW   
  2305  	!  
  2306  	! Primeiro passo de escavação
  2307  	i=1
  2308  	CMSEL,S,LESC %i%,ELEM  
  2309  	EKILL,ALL  
  2310  	ESEL,S,LIVE
  2311  	EPLOT  
  2312  	TIME,tp*npi
  2313  	DELTIM,dtp,,dtpmax 
  2314  	ESEL,ALL   
  2315  	!CNVTOL,F,,tolf,,0.01  
  2316  	!CNVTOL,U,,tolu
  2317  	SOLVE  
  2318  	SAVE   
  2319  	FINISH 
  2320  	!  
  2321  	! Mostrar solução da primeira escavação
  2322  	/POST1 
  2323  	RSYS,1 
  2324  	ESEL,S,LIVE
  2325  	PLNSOL, U,SUM, 0,1.0   
  2326  	!  
  2327  	! Próximos passos de escavação  
  2328  	/SOL   
  2329  	ANTYPE,0,RESTART   
  2330  	tad1 = 0   
  2331  	*DO,i,2,nesc,1 
  2332  		! 
  2333  		! desligando elementos do grupo de escavação i  
  2334  		ESEL,ALL  
  2335  		CMSEL,S,LESC %i%,ELEM 
  2336  		EKILL,ALL 
  2337  		ESEL,S,LIVE   
  2338  		EPLOT 
  2339  		! 
  2340  		! ligando elementos do grupo de revestimento i-1  
  2341  		*IF,matrev,NE,0,THEN  
  2342  			CMSEL,S,Lrev %i-1%,ELEM  
  2343  			EALIVE,ALL   
  2344  			*IF,revested0,EQ,1,THEN  
  2345  				*IF,i,EQ,nesc,THEN  
  2346  					CMSEL,S,Lrev %i%,ELEM  
  2347  					EALIVE,ALL 
  2348  				*ENDIF  
  2349  			*ENDIF   
  2350  			*IF,revesteface,EQ,1,THEN
  2351  				*IF,i,EQ,nesc,THEN  
  2352  					CMSEL,S,Lrevface,ELEM  
  2353  					EALIVE,ALL 
  2354  					CMSEL,S,soloface,ELEM  
  2355  					EKILL,ALL  
  2356  				*ENDIF  
  2357  			*ENDIF   
  2358  		*ENDIF
  2359  		! 
  2360  		! grupo de escavação da galeria 1   
  2361  		*IF,escavagaleria,EQ,1,THEN   
  2362  			*IF,i,EQ,nescinig,THEN   
  2363  				! escava entrada da galeria 1   
  2364  				*IF,matrev,NE,0,THEN
  2365  					ESEL,ALL   
  2366  					CMSEL,S,T1escent,ELEM  
  2367  					EKILL,ALL  
  2368  					ESEL,S,LIVE
  2369  					EPLOT  
  2370  				*ENDIF  
  2371  				!   
  2372  				*DO,j,1,nesc1,1 
  2373  					! desligando os elementos do grupo de escavação  
  2374  					ESEL,ALL   
  2375  					CMSEL,S,T1ESC %j%,ELEM 
  2376  					EKILL,ALL  
  2377  					ESEL,S,LIVE
  2378  					EPLOT  
  2379  					!  
  2380  					! ligando os elementos do grupo de revestimento
  2381  					! ligando os elementos do grupo de revestimento
  2382  					*IF,matrev,NE,0,THEN   
  2383  						*IF,revestegaleria,EQ,1,THEN  
  2384  							*IF,j,GE,2,THEN  
  2385  								CMSEL,S,T1REV %j-1%,ELEM
  2386  								EALIVE,ALL  
  2387  							*ENDIF   
  2388  						*ENDIF
  2389  					*ENDIF 
  2390  					!  
  2391  					ESEL,S,LIVE
  2392  					EPLOT  
  2393  					TIME,npi*tp+tp*(i-1)+npi1*tp1+tp1*(j-1)
  2394  					DELTIM,dtp1,,dtpmax1   
  2395  					ESEL,ALL   
  2396  					SAVE   
  2397  					!CNVTOL,F,,tolf1,,0.01 
  2398  					!CNVTOL,U,,tolu1   
  2399  					SOLVE  
  2400  				*ENDDO  
  2401  				tad1 = npi1*tp1+tp1*(nesc1-1)   
  2402  			*ENDIF   
  2403  			!
  2404  		*ENDIF
  2405  		! 
  2406  		! Pular um Loop   
  2407  		*IF,escavagaleria,EQ,1,THEN   
  2408  			*IF,i,EQ,nescinig,THEN   
  2409  				*CYCLE  
  2410  			*ENDIF   
  2411  		*ENDIF
  2412  		! 
  2413  		ESEL,S,LIVE   
  2414  		EPLOT 
  2415  		TIME,npi*tp+tp*(i-1)+tad1 
  2416  		DELTIM,dtp,,dtpmax
  2417  		ESEL,ALL  
  2418  		SAVE  
  2419  		!CNVTOL,F,,tolf,,0.01 
  2420  		!CNVTOL,U,,tolu   
  2421  		SOLVE 
  2422  		! 
  2423  		! Criterio de convergencia no tempo   
  2424  		!criterio(i,1) = tp*(i-1)+tad1
  2425  		uanterior = uatual
  2426  		*GET,uatual,NODE,nocontrole,U,SUM 
  2427  		!deltau = uatual - uanterior  
  2428  		!criterio(i,2) = deltau   
  2429  	*ENDDO 
  2430  	!  
  2431  	np2 = 0
  2432  	*IF,analise2,EQ,1,THEN 
  2433  		! Faz o cálculo após o término da construção do túnel	                    								  
  2434  		*DO,i,1,np2max
  2435  			TIME,npi*tp+tp*(nesc-1)+tad1+i*tp2		 
  2436  			DELTIM,dtp2,dtp2min,dtp2max,tp2carry			  
  2437  			SAVE 
  2438  			!CNVTOL,F,,tolf2,,0.01   
  2439  			!CNVTOL,U,,tolu2			  
  2440  			SOLVE
  2441  			!
  2442  			! Criterio de parada no longo prazo  
  2443  			np2 = np2+1  
  2444  			criterio(np2,1) = npi*tp+tp*(nesc-1)+tad1+i*tp2  
  2445  			uanterior = uatual   
  2446  			*GET,uatual,NODE,nocontrole,U,SUM
  2447  			deltau = abs(uatual - uanterior) 
  2448  			criterio(np2,2) = deltau 
  2449  			criterio(np2,3) = uatual			  
  2450  			!*IF,deltau,LT,deltaumin,*EXIT			
  2451  		*ENDDO
  2452  	*ENDIF	
  2453  	FINISH 
  2454  *ENDIF  
  2455  !   
  2456  !************************************************************!  
  2457  !****_ 5. PÓS-PROCESSAMENTO 				_****! 
  2458  !************************************************************!  
  2459  !   
  2460  !************************************************************!  
  2461  !****_ 		5.1 Configurações iniciais		_****!   
  2462  !************************************************************!  
  2463  !   
  2464  ! mudando a cor da janela   
  2465  /RGB,INDEX,100,100,100,0
  2466  /RGB,INDEX,0,0,0,15 
  2467  !   
  2468  ! qualidade do arquivo jpeg de saida
  2469  JPEG,QUAL,100,  
  2470  JPEG,ORIENT,HORIZ   
  2471  JPEG,COLOR,2
  2472  JPEG,TMOD,1 
  2473  /GFILE,800, 
  2474  /TYPE,,3
  2475  !   
  2476  ! Colocando na angulação  
  2477  /VIEW,1,,-1 
  2478  /ANG,1  
  2479  /ANG,1,30,XS,1  
  2480  /ANG,1,30,XS,1  
  2481  /ANG,1,-30,YS,1 
  2482  /DIST,1,0.729,1 
  2483  /DIST,1,0.729,1 
  2484  /REPLOT 
  2485  !   
  2486  !************************************************************!  
  2487  !****_ 		5.2 Plotando nó de controle no tempo 	_****!  
  2488  !************************************************************!  
  2489  !   
  2490  ! Escrevendo criterio de convergencia no tempo  
  2491  ! criterio(:,1) - tempo 
  2492  ! criterio(:,2) - deltau
  2493  ! criterio(:,3) - uatual
  2494  !   
  2495  *IF,analise2,EQ,1,THEN  
  2496  !   
  2497  *CREATE,ansuitmp
  2498  *MWRITE,criterio,criterio,txt   
  2499  (1000(E10.4,3X))
  2500  *END
  2501  /INPUT,ansuitmp 
  2502  !   
  2503  ! formatando grafico para plotar uatual x tempo 
  2504  /RGB,INDEX,100,100,100,0
  2505  /RGB,INDEX,0,0,0,15 
  2506  /AXLAB,X,t  
  2507  /AXLAB,Y,u(r=Re,z=Lt)   
  2508  /XRANGE,0,npi*tp+tp*(nesc-1)+tad1+np2*tp2   
  2509  *VSCFUN,criteriomax,max,criterio(1,3)   
  2510  /YRANGE,0,criteriomax*1.2   
  2511  /GROPT,DIVY,20  
  2512  /GROPT,DIVX,10  
  2513  /GROPT,DIG1,3   
  2514  /GTHK,CURVE,1   
  2515  /PLOPTS,INFO,on 
  2516  !   
  2517  ! graficando na tela do Ansys   
  2518  /ERASE  
  2519  /SHOW,JPEG,,iso 
  2520  *VLEN,np2   
  2521  *VPLOT,criterio(1,1),criterio(1,3)  
  2522  /SHOW,CLOSE	
  2523  /ERASE  
  2524  !   
  2525  *ENDIF  
  2526  !   
  2527  !************************************************************!  
  2528  !****_ 		5.3 Perfis tunel longitudinal		_****!  
  2529  !************************************************************!  
  2530  /POST1  
  2531  !   
  2532  ! selecionando os nós na interface entre revestimento e o maciço  
  2533  LOCAL,11,1,0,0,lt,0,0,0,0   
  2534  CSYS,11,
  2535  ALLSEL,ALL  
  2536  NSEL,R,LOC,X,Re-0.01,Re+0.01
  2537  NSEL,R,LOC,Y,teta-0.01,teta+0.01
  2538  NSLE,R,CORNER   
  2539  CSYS,0  
  2540  !   
  2541  ! sistemas de referencias dos resultados
  2542  RSYS,0  
  2543  !   
  2544  ! dimensionando arrays  
  2545  nanalises = 0   
  2546  *GET,nanalises,ACTIVE,0,SET,NSET	! pegando o número de análises								   
  2547  *GET,ncount,NODE,,COUNT			  ! pegando numero máximo de nós selecionados   
  2548  *GET,ntotal,NODE,,NUM,MAX		  ! pegando numero total de nós 
  2549  *DIM,convergence_teta,TABLE,ncount,2+nanalises ! dimensionando tabela de convergencias  
  2550  *DIM,pressure_teta,TABLE,ncount,2+nanalises	  ! dimensionando tabela de pressões em x  
  2551  *DIM,coordz,ARRAY,ntotal		  ! dimensionando vetor de coordenadas nodais 
  2552  *DIM,u_teta,ARRAY,ntotal			  ! dimensionando vetor de deslocamentos em x
  2553  *DIM,s_teta,ARRAY,ntotal			  ! dimensionando vetor de pressões em x
  2554  *DIM,n_sel,ARRAY,ntotal			  ! dimensionando vetor que indica se o nó está selecionado 
  2555  !   
  2556  ! coloca lista de nós em ordem na primeira coluna  
  2557  *VGET,convergence_teta(1,1),NODE,,NLIST 
  2558  *VGET,pressure_teta(1,1),NODE,,NLIST
  2559  !   
  2560  ! criando vetor de coordenadas  
  2561  *VGET,n_sel(1),NODE,1,NSEL  
  2562  *VGET,coordz(1),NODE,1,LOC,z
  2563  *VOPER,coordz(1),coordz(1),MULT,1/Re
  2564  !   
  2565  ! Preenchendo o convergence e pressure com as coordenadas   
  2566  *VMASK,n_sel(1)				! usa como mascara os nós selecionados  
  2567  *VFUN,convergence_teta(1,2),COMP,coordz(1)  
  2568  *VMASK,n_sel(1) 
  2569  *VFUN,pressure_teta(1,2),COMP,coordz(1) 
  2570  !   
  2571  ! preenchendo o convergence com a convergência 
  2572  *DO,i,1,nanalises,1 
  2573  	! identifica o passo   
  2574  	*IF,i,EQ,nanalises,THEN
  2575  		SUBSET,LAST   
  2576  	*ELSE  
  2577  		*IF,matmacico,LE,1,AND,matrev,EQ,0,THEN   
  2578  			SUBSET,LAST  
  2579  		*ELSE 
  2580  			SUBSET,i,,,,,,   
  2581  		*ENDIF
  2582  	*ENDIF 
  2583  	!  
  2584  	! Preenchendo o array com os deslocamentos radiais e tensões radiais  
  2585  	*VMASK,n_sel(1)
  2586  	*VGET,u_teta(1),NODE,1,U,direcao   
  2587  	*VOPER,u_teta(1),u_teta(1),MULT,-1/Re*100  
  2588  	!  
  2589  	*VMASK,n_sel(1)
  2590  	*VGET,s_teta(1),NODE,1,S,direcao   
  2591  	*VOPER,s_teta(1),s_teta(1),MULT,1  
  2592  	!  
  2593  	! Preenchendo o convergence e pressure 
  2594  	*VMASK,n_sel(1)
  2595  	*VFUN,convergence_teta(1,2+i),COMP,u_teta(1)   
  2596  	*VMASK,n_sel(1)
  2597  	*VFUN,pressure_teta(1,2+i),COMP,s_teta(1)  
  2598  *ENDDO  
  2599  !   
  2600  ! ordena a tabela de acordo com a segunda coluna (das coordenadas)  
  2601  *MOPER,ORDER,convergence_teta,SORT,convergence_teta(1,2)
  2602  *MOPER,ORDER,pressure_teta,SORT,pressure_teta(1,2)  
  2603  !   
  2604  ! Coleta o maior valor das convergências   
  2605  *VSCFUN,umaximofinal,max,convergence_teta(1,2+nanalises)
  2606  *VSCFUN,smaximofinal,max,pressure_teta(1,2+nanalises)   
  2607  *VSCFUN,sminimofinal,min,pressure_teta(1,2+nanalises)   
  2608  !   
  2609  ! formatando grafico de convergencia
  2610  /RGB,INDEX,100,100,100,0
  2611  /RGB,INDEX,0,0,0,15 
  2612  /AXLAB,X,Y/Re   
  2613  /AXLAB,Y,U=-u(r=Re)/Re (%)  
  2614  /XRANGE,0,Lt/Re 
  2615  /YRANGE,umaximofinal*1.2,0  
  2616  /GROPT,DIVY,20  
  2617  /GROPT,DIVX,10  
  2618  /GROPT,DIG1,3   
  2619  /GTHK,CURVE,1   
  2620  /PLOPTS,INFO,on 
  2621  !   
  2622  ! graficando na tela do Ansys   
  2623  /ERASE  
  2624  /SHOW,JPEG,,iso 
  2625  *DO,i,1,nanalises,1 
  2626  	*IF,i,EQ,nanalises,THEN
  2627  		/COLOR,CURVE,MAGE,1   
  2628  	*ELSEIF,i,EQ,nesc+nesc1-1,THEN 
  2629  		/COLOR,CURVE,YELL,1   
  2630  	*ELSE  
  2631  		/COLOR,CURVE,LGRA,1   
  2632  	*ENDIF 
  2633  	*VPLOT,convergence_teta(1,2),convergence_teta(1,2+i)   
  2634  	/NOERASE   
  2635  *ENDDO  
  2636  /SHOW,CLOSE 
  2637  /ERASE  
  2638  !   
  2639  !   
  2640  ! formatando grafico do pressure
  2641  /RGB,INDEX,100,100,100,0
  2642  /RGB,INDEX,0,0,0,15 
  2643  /AXLAB,X,Y/Re   
  2644  /AXLAB,Y,Sx (MPa)   
  2645  /XRANGE,0,Lt/Re 
  2646  /YRANGE,smaximofinal*1.2,sminimofinal*1.2   
  2647  /GROPT,DIVY,20  
  2648  /GROPT,DIVX,10  
  2649  /GROPT,DIG1,3   
  2650  /GTHK,CURVE,1   
  2651  /PLOPTS,INFO,on 
  2652  !   
  2653  ! graficando na tela do Ansys   
  2654  /ERASE  
  2655  /SHOW,JPEG,,iso 
  2656  *DO,i,1,nanalises,1 
  2657  	*IF,i,EQ,nanalises,THEN
  2658  		/COLOR,CURVE,MAGE,1   
  2659  	*ELSEIF,i,EQ,nesc+nesc1-1,THEN 
  2660  		/COLOR,CURVE,YELL,1   
  2661  	*ELSE  
  2662  		/COLOR,CURVE,LGRA,1   
  2663  	*ENDIF 
  2664  	*VPLOT,pressure_teta(1,2),pressure_teta(1,2+i) 
  2665  	/NOERASE   
  2666  *ENDDO  
  2667  /SHOW,CLOSE 
  2668  /ERASE  
  2669  !   
  2670  ! Escrevendo em arquivo as convergências   
  2671  *CREATE,ansuitmp
  2672  *MWRITE,convergence_teta,convergencias_%teta%,txt   
  2673  (1000(E10.4,3X))
  2674  *END
  2675  /INPUT,ansuitmp 
  2676  !   
  2677  ! Escrevendo em arquivo as pressões
  2678  *CREATE,ansuitmp
  2679  *MWRITE,pressure_teta,pressure_%teta%,txt   
  2680  (1000(E10.4,3X))
  2681  *END
  2682  /INPUT,ansuitmp 
  2683  !   
  2684  ! Cria arquivo com os parâmetros   
  2685  PARSAV,SCALAR,parametros,txt
  2686  !   
  2687  !************************************************************!  
  2688  !****_ 		5.4 Perfis galeria			_****!
  2689  !************************************************************!  
  2690  /POST1  
  2691  !   
  2692  !   
  2693  ! selecionando os nós na interface entre revestimento e o maciço  
  2694  LOCAL,12,1,re,0,lt-l2/2,0,0,90  
  2695  CSYS,12,
  2696  ALLSEL,ALL  
  2697  CMSEL,S,VD8,VOLU
  2698  CMSEL,A,VD61,VOLU   
  2699  NSLV,S,1
  2700  NSEL,R,LOC,X,Re1-0.01,Re1+0.01  
  2701  NSEL,R,LOC,Y,teta-0.01,teta+0.01
  2702  NSLE,R,CORNER   
  2703  CSYS,0, 
  2704  !   
  2705  ! sistemas de referencias dos resultados
  2706  RSYS,0  
  2707  !   
  2708  ! dimensionando arrays  
  2709  nanalises = 0   
  2710  *GET,nanalises,ACTIVE,0,SET,NSET	! pegando o número de análises								   
  2711  *GET,ncount,NODE,,COUNT			  ! pegando numero máximo de nós selecionados   
  2712  *GET,ntotal,NODE,,NUM,MAX		  ! pegando numero total de nós 
  2713  *DIM,convergence1_teta,TABLE,ncount,2+nanalises ! dimensionando tabela de convergencias 
  2714  *DIM,pressure1_teta,TABLE,ncount,2+nanalises	  ! dimensionando tabela de pressões em x 
  2715  *DIM,coordz1,ARRAY,ntotal		  ! dimensionando vetor de coordenadas nodais
  2716  *DIM,u1_teta,ARRAY,ntotal			  ! dimensionando vetor de deslocamentos em x   
  2717  *DIM,s1_teta,ARRAY,ntotal			  ! dimensionando vetor de pressões em x   
  2718  *DIM,n_sel,ARRAY,ntotal			  ! dimensionando vetor que indica se o nó está selecionado 
  2719  !   
  2720  ! coloca lista de nós em ordem na primeira coluna  
  2721  *VGET,convergence1_teta(1,1),NODE,,NLIST
  2722  *VGET,pressure1_teta(1,1),NODE,,NLIST   
  2723  !   
  2724  ! criando vetor de coordenadas  
  2725  *VGET,n_sel(1),NODE,1,NSEL  
  2726  *VGET,coordz1(1),NODE,1,LOC,x   
  2727  *VOPER,coordz1(1),coordz1(1),MULT,1/Re1 
  2728  !   
  2729  ! Preenchendo o convergence e pressure com as coordenadas   
  2730  *VMASK,n_sel(1)				! usa como mascara os nós selecionados  
  2731  *VFUN,convergence1_teta(1,2),COMP,coordz1(1)
  2732  *VMASK,n_sel(1) 
  2733  *VFUN,pressure1_teta(1,2),COMP,coordz1(1)   
  2734  !   
  2735  ! preenchendo o convergence com a convergência 
  2736  *DO,i,1,nanalises,1 
  2737  	! identifica o passo   
  2738  	*IF,i,EQ,nanalises,THEN
  2739  		SUBSET,LAST   
  2740  	*ELSE  
  2741  		*IF,matmacico,LE,1,AND,matrev,EQ,0,THEN   
  2742  			SUBSET,LAST  
  2743  		*ELSE 
  2744  			SUBSET,i,,,,,,   
  2745  		*ENDIF
  2746  	*ENDIF 
  2747  	!  
  2748  	! Preenchendo o array com os deslocamentos radiais e tensões radiais  
  2749  	*VMASK,n_sel(1)
  2750  	*VGET,u1_teta(1),NODE,1,U,direcao  
  2751  	*VOPER,u1_teta(1),u1_teta(1),MULT,-1/Re1*100   
  2752  	!  
  2753  	*VMASK,n_sel(1)
  2754  	*VGET,s1_teta(1),NODE,1,S,direcao  
  2755  	*VOPER,s1_teta(1),s1_teta(1),MULT,1
  2756  	!  
  2757  	! Preenchendo o convergence e pressure 
  2758  	*VMASK,n_sel(1)
  2759  	*VFUN,convergence1_teta(1,2+i),COMP,u1_teta(1) 
  2760  	*VMASK,n_sel(1)
  2761  	*VFUN,pressure1_teta(1,2+i),COMP,s1_teta(1)
  2762  *ENDDO  
  2763  !   
  2764  ! ordena a tabela de acordo com a segunda coluna (das coordenadas)  
  2765  *MOPER,ORDER,convergence1_teta,SORT,convergence1_teta(1,2)  
  2766  *MOPER,ORDER,pressure1_teta,SORT,pressure1_teta(1,2)
  2767  !   
  2768  ! Coleta o maior valor das convergências   
  2769  *VSCFUN,umaximofinal1,max,convergence1_teta(1,2+nanalises)  
  2770  *VSCFUN,smaximofinal1,max,pressure1_teta(1,2+nanalises) 
  2771  *VSCFUN,sminimofinal1,min,pressure1_teta(1,2+nanalises) 
  2772  !   
  2773  ! formatando grafico de convergencia
  2774  /RGB,INDEX,100,100,100,0
  2775  /RGB,INDEX,0,0,0,15 
  2776  /AXLAB,X,x/Re1  
  2777  /AXLAB,Y,U1=-u1(r=Re1)/Re1 (%)  
  2778  /XRANGE,0,(d1/2)/Re1
  2779  /YRANGE,umaximofinal1*1.2,0 
  2780  /GROPT,DIVY,20  
  2781  /GROPT,DIVX,10  
  2782  /GROPT,DIG1,3   
  2783  /GTHK,CURVE,1   
  2784  /PLOPTS,INFO,on 
  2785  !   
  2786  ! graficando na tela do Ansys   
  2787  /ERASE  
  2788  /SHOW,JPEG,,iso 
  2789  *DO,i,1,nanalises,1 
  2790  	*IF,i,EQ,nanalises,THEN
  2791  		/COLOR,CURVE,MAGE,1   
  2792  	*ELSEIF,i,EQ,nesc+nesc1-1,THEN 
  2793  		/COLOR,CURVE,YELL,1   
  2794  	*ELSE  
  2795  		/COLOR,CURVE,LGRA,1   
  2796  	*ENDIF 
  2797  	*VPLOT,convergence1_teta(1,2),convergence1_teta(1,2+i) 
  2798  	/NOERASE   
  2799  *ENDDO  
  2800  /SHOW,CLOSE 
  2801  /ERASE  
  2802  !   
  2803  !   
  2804  ! formatando grafico do pressure
  2805  /RGB,INDEX,100,100,100,0
  2806  /RGB,INDEX,0,0,0,15 
  2807  /AXLAB,X,x/Re1  
  2808  /AXLAB,Y,Sx1 (MPa)  
  2809  /XRANGE,0,(d1/2)/Re1
  2810  /YRANGE,smaximofinal1*1.2,sminimofinal1*1.2 
  2811  /GROPT,DIVY,20  
  2812  /GROPT,DIVX,10  
  2813  /GROPT,DIG1,3   
  2814  /GTHK,CURVE,1   
  2815  /PLOPTS,INFO,on 
  2816  !   
  2817  ! graficando na tela do Ansys   
  2818  /ERASE  
  2819  /SHOW,JPEG,,iso 
  2820  *DO,i,1,nanalises,1 
  2821  	*IF,i,EQ,nanalises,THEN
  2822  		/COLOR,CURVE,MAGE,1   
  2823  	*ELSEIF,i,EQ,nesc+nesc1-1,THEN 
  2824  		/COLOR,CURVE,YELL,1   
  2825  	*ELSE  
  2826  		/COLOR,CURVE,LGRA,1   
  2827  	*ENDIF 
  2828  	*VPLOT,pressure1_teta(1,2),pressure1_teta(1,2+i)   
  2829  	/NOERASE   
  2830  *ENDDO  
  2831  /SHOW,CLOSE 
  2832  /ERASE  
  2833  !   
  2834  ! Escrevendo em arquivo as convergências   
  2835  *CREATE,ansuitmp
  2836  *MWRITE,convergence1_teta,convergencias1_%teta%,txt 
  2837  (1000(E10.4,3X))
  2838  *END
  2839  /INPUT,ansuitmp 
  2840  !   
  2841  ! Escrevendo em arquivo as pressões
  2842  *CREATE,ansuitmp
  2843  *MWRITE,pressure1_teta,pressure1_%teta%,txt 
  2844  (1000(E10.4,3X))
  2845  *END
  2846  /INPUT,ansuitmp 
  2847  !   
  2848  ! Cria arquivo com os parâmetros   
  2849  PARSAV,SCALAR,parametros,txt
  2850  !   
  2851  !   
  2852  !****_ 			FIM				_****! 

 RUN SETUP PROCEDURE FROM FILE= C:\Program Files\ANSYS Inc\v221\ANSYS\apdl\start.ans

 /INPUT FILE= C:\Program Files\ANSYS Inc\v221\ANSYS\apdl\start.ans  LINE=       0

 CLEAR ANSYS DATABASE AND RESTART

 Ansys Mechanical Enterprise                       

 PARAMETER RE =     1.000000000    

 PARAMETER ESP =    0.1000000000    

 PARAMETER LP =    0.3333333333    

 PARAMETER ND0 =     2.000000000    

 PARAMETER NPI =     3.000000000    

 PARAMETER VP =     12.50000000    

 PARAMETER REVESTED0 =     1.000000000    

 PARAMETER REVESTEFACE =     1.000000000    

 PARAMETER RE1 =    0.6666666667    

 PARAMETER ESP1 =    0.1000000000    

 PARAMETER ND01 =     2.000000000    

 PARAMETER NPI1 =     3.000000000    

 PARAMETER VP1 =     12.50000000    

 PARAMETER ESCAVAGALERIA =     1.000000000    

 PARAMETER REVESTEGALERIA =     1.000000000    

 PARAMETER PIG1 =     15.00000000    

 PARAMETER L1 =     10.00000000    

 PARAMETER L2 =     100.0000000    

 PARAMETER D3 =     20.00000000    

 PARAMETER D4 =     20.00000000    

 PARAMETER D1 =     4.000000000    

 *IF  d1                                ( =   4.00000     )  EQ  
      16                                ( =   16.0000     )  THEN    

 *ELSEIF  d1                                ( =   4.00000     )  EQ  
          4                                 ( =   4.00000     )  THEN    

 PARAMETER D5 =     2.000000000    

 PARAMETER LP1 =    0.2000000000    

 *ELSEIF  d1                                ( =   4.00000     )  EQ  
          3                                 ( =   3.00000     )  THEN    

 *ENDIF

 PARAMETER MATMACICO =     8.000000000    

 PARAMETER E1 =     1500.000000    

 PARAMETER NU1 =    0.4980000000    

 PARAMETER SUPERFICIEF =     2.000000000    

 PARAMETER SUPERFICIEG =     2.000000000    

 PARAMETER FI =     0.000000000    

 PARAMETER PSI =     0.000000000    

 PARAMETER C1 =     3.464101615    

 PARAMETER C2 =     3.464101615    

 PARAMETER C3 =     3.464101615    

 PARAMETER EPS1 =    0.1000000000E-01

 PARAMETER EPS2 =    0.1000000000E-01

 PARAMETER EPS3 =    0.1000000000E-01

 PARAMETER DALG =     0.000000000    

 PARAMETER SUPERFICIEFVP =     2.000000000    

 PARAMETER SUPERFICIEGVP =     2.000000000    

 PARAMETER FIVP =     0.000000000    

 PARAMETER PSIVP =     0.000000000    

 PARAMETER CVP =     1.732050808    

 PARAMETER N1 =     1.000000000    

 PARAMETER ETA =     40000.00000    

 PARAMETER F0 =     1.000000000    

 PARAMETER THETAVP =     1.000000000    

 PARAMETER MATREV =     2.000000000    

 PARAMETER E2 =     30303.00000    

 PARAMETER NU2 =    0.2000000000    

 PARAMETER FCK =     20.00000000    

 PARAMETER S =    0.2000000000    

 PARAMETER TI =     0.000000000    

 PARAMETER RH =     70.00000000    

 PARAMETER HF =    0.2111111111    

 PARAMETER HF1 =    0.2176470588    

 PARAMETER TS =     7.000000000    

 PARAMETER T0 =     1.000000000    

 PARAMETER TINF =     3000.000000    

 PARAMETER BETASC =     8.000000000    

 PARAMETER TEMPERATURA =     20.00000000    

 PARAMETER ALPHA =     1.000000000    

 PARAMETER NDEC =     10.00000000    

 PARAMETER LIGAFLUENCIA =     1.000000000    

 PARAMETER LIGARETRACAO =     1.000000000    

 PARAMETER KTIME =     10.00000000    

 PARAMETER KELEMID =     2060.000000    

 PARAMETER KKDOMINTPT =     1.000000000    

 PARAMETER FCM =     28.00000000    

 PARAMETER E2 =     30303.38455    

 PARAMETER PRX =     9.000000000    

 PARAMETER PRY =     9.000000000    

 PARAMETER PRZ =     9.000000000    

 PARAMETER TP =    0.2666666667E-01

 PARAMETER DTP =    0.1333333333E-01

 PARAMETER DTPMAX =    0.1333333333E-01

 PARAMETER TP1 =    0.1600000000E-01

 PARAMETER DTP1 =    0.8000000000E-02

 PARAMETER DTPMAX1 =    0.8000000000E-02

 PARAMETER TP2 =     100.0000000    

 PARAMETER NP2MAX =     30.00000000    

 PARAMETER DTP2 =     50.00000000    

 PARAMETER TP2AUTOTS =     1.000000000    

 PARAMETER TP2CARRY =     1.000000000    

 PARAMETER DTP2MIN =     50.00000000    

 PARAMETER DTP2MAX =     100.0000000    

 PARAMETER DELTAUMIN =    0.1000000000E-07

 PARAMETER TIPOELEM =     1.000000000    

 PARAMETER FORMAINT =     0.000000000    

 PARAMETER TIPOELEM1 =     2.000000000    

 PARAMETER FORMAINT1 =     0.000000000    

 PARAMETER NLP =     1.000000000    

 PARAMETER NLP1 =     2.000000000    

 PARAMETER NL1 =     15.00000000    

 PARAMETER ML1 =    0.2000000000    

 PARAMETER NESP =     1.000000000    

 PARAMETER NCRE =     16.00000000    

 PARAMETER NRI =     8.000000000    

 PARAMETER MRI =     0.000000000    

 PARAMETER ND3 =     8.000000000    

 PARAMETER M4GA =    0.1538461538    

 *IF  d1                                ( =   4.00000     )  EQ  
      16                                ( =   16.0000     )  THEN    

 *ELSEIF  d1                                ( =   4.00000     )  EQ  
          4                                 ( =   4.00000     )  THEN    

 PARAMETER ND1 =     7.000000000    

 PARAMETER MD1 =     5.000000000    

 PARAMETER ND4 =     12.00000000    

 PARAMETER MD4 =     6.000000000    

 PARAMETER ND6 =     14.00000000    

 PARAMETER MD6 =     5.000000000    

 PARAMETER ND5 =     6.000000000    

 PARAMETER MD5 =     4.000000000    

 *ELSEIF  d1                                ( =   4.00000     )  EQ  
          5                                 ( =   5.00000     )  THEN    

 *ENDIF

 PARAMETER TETA =     90.00000000    

 PARAMETER DIRECAO = Y       

 PARAMETER ISO =     0.000000000    

 PARAMETER FLAG1 =     1.000000000    

 PARAMETER FLAG2 =     1.000000000    

 PARAMETER FLAG3 =     1.000000000    

 PARAMETER NR =     2.000000000    

 PARAMETER TOLF =    0.1000000000E-05

 PARAMETER TOLU =    0.1000000000E-03

 PARAMETER TOLF1 =    0.1000000000E-05

 PARAMETER TOLU1 =    0.1000000000E-03

 PARAMETER TOLF2 =    0.1000000000E-05

 PARAMETER TOLU2 =    0.1000000000E-03

 PARAMETER PLSLIMIT =    0.9900000000    

 PARAMETER PSC =     1.000000000    

 PARAMETER NLG =     0.000000000    

 PARAMETER SOLEQ =     0.000000000    

 TITLE= 
  Re=1 matmacico=8 E1=1500 pr=%pr% matrev=2 E2=30303.3845 vp=12.5              


 CURRENT JOBNAME REDEFINED AS file

 *** ANSYS - ENGINEERING ANALYSIS SYSTEM  RELEASE 2022 R1          22.1     ***
 Ansys Mechanical Enterprise                       
 00000000  VERSION=WINDOWS x64   12:50:03  SEP 24, 2024 CP=      0.109

  Re=1 matmacico=8 E1=1500 pr=%pr% matrev=2 E2=30303.3845 vp=12.5              

 Note - This ANSYS version was linked by Licensee

          ***** ANSYS ANALYSIS DEFINITION (PREP7) *****

 PARAMETER RI =    0.9000000000    

 PARAMETER L1 =     10.00000000    

 PARAMETER L2 =     33.33333333    

 PARAMETER LT =     43.33333333    

 PARAMETER D1 =     4.000000000    

 PARAMETER D4 =     20.00000000    

 PARAMETER L3 =     44.00000000    

 PARAMETER D3 =     20.00000000    

 PARAMETER D5 =    0.6666666667    

 PARAMETER NP =     100.0000000    

 PARAMETER NESC =     98.00000000    

 PARAMETER D0 =    0.6666666667    

 PARAMETER RI1 =    0.5666666667    

 PARAMETER D2 =     16.66666667    

 PARAMETER D01 =    0.4000000000    

 PARAMETER NP1 =     5.000000000    

 PARAMETER NESC1 =     3.000000000    

 PARAMETER NESCINIG =     65.00000000    

 PARAMETER M1 =    0.3333333333    

 PARAMETER M9 =    0.3333333333    

 PARAMETER VPI =     3.141592654    

 *IF  escavagaleria                     ( =   1.00000     )  EQ  
      0                                 ( =   0.00000     )  THEN    

 *ENDIF

 PARAMETER ANALISE2 =     0.000000000    

 *IF  matmacico                         ( =   8.00000     )  GT  
      6                                 ( =   6.00000     )          
 *****  OR    *****
      matrev                            ( =   2.00000     )  GT  
      1                                 ( =   1.00000     )  THEN    

 PARAMETER ANALISE2 =     1.000000000    

 *ENDIF

 *IF  matmacico                         ( =   8.00000     )  EQ  
      23                                ( =   23.0000     )  THEN    

 *ENDIF

 *IF  tipoelem                          ( =   1.00000     )  EQ  
      1                                 ( =   1.00000     )  THEN    

 ELEMENT TYPE          1 IS SOLID185     3-D 8-NODE STRUCTURAL SOLID 
  KEYOPT( 1- 6)=        0      0      0        0      0      0
  KEYOPT( 7-12)=        0      0      0        0      0      0
  KEYOPT(13-18)=        0      0      0        0      0      0

 CURRENT NODAL DOF SET IS  UX    UY    UZ  
  THREE-DIMENSIONAL MODEL

 ELEMENT TYPE       1 IS SOLID185     3-D 8-NODE STRUCTURAL SOLID 
  KEYOPT( 1- 6)=        0      0      0        0      0      0
  KEYOPT( 7-12)=        0      0      0        0      0      0
  KEYOPT(13-18)=        0      0      0        0      0      0

 CURRENT NODAL DOF SET IS  UX    UY    UZ  
  THREE-DIMENSIONAL MODEL

 ELEMENT TYPE       1 IS SOLID185     3-D 8-NODE STRUCTURAL SOLID 
  KEYOPT( 1- 6)=        0      0      0        0      0      0
  KEYOPT( 7-12)=        0      0      0        0      0      0
  KEYOPT(13-18)=        0      0      0        0      0      0

 CURRENT NODAL DOF SET IS  UX    UY    UZ  
  THREE-DIMENSIONAL MODEL

 ELEMENT TYPE       1 IS SOLID185     3-D 8-NODE STRUCTURAL SOLID 
  KEYOPT( 1- 6)=        0      0      0        0      0      0
  KEYOPT( 7-12)=        0      0      0        0      0      0
  KEYOPT(13-18)=        0      0      0        0      0      0

 CURRENT NODAL DOF SET IS  UX    UY    UZ  
  THREE-DIMENSIONAL MODEL

 ELEMENT TYPE       1 IS SOLID185     3-D 8-NODE STRUCTURAL SOLID 
  KEYOPT( 1- 6)=        0      0      0        0      0      0
  KEYOPT( 7-12)=        0      0      0        0      0      0
  KEYOPT(13-18)=        0      0      0        0      0      0

 CURRENT NODAL DOF SET IS  UX    UY    UZ  
  THREE-DIMENSIONAL MODEL

 *ELSEIF  tipoelem                          ( =   1.00000     )  EQ  
          2                                 ( =   2.00000     )  THEN    

 *ENDIF

 *IF  tipoelem1                         ( =   2.00000     )  EQ  
      1                                 ( =   1.00000     )  THEN    

 *ELSEIF  tipoelem1                         ( =   2.00000     )  EQ  
          2                                 ( =   2.00000     )  THEN    

 ELEMENT TYPE          2 IS SOLID186     3-D 20-NODE STRUCTURAL SOLID
  KEYOPT( 1- 6)=        0      0      0        0      0      0
  KEYOPT( 7-12)=        0      0      0        0      0      0
  KEYOPT(13-18)=        0      0      0        0      0      0

 CURRENT NODAL DOF SET IS  UX    UY    UZ  
  THREE-DIMENSIONAL MODEL

 ELEMENT TYPE       2 IS SOLID186     3-D 20-NODE STRUCTURAL SOLID
  KEYOPT( 1- 6)=        0      0      0        0      0      0
  KEYOPT( 7-12)=        0      0      0        0      0      0
  KEYOPT(13-18)=        0      0      0        0      0      0

 CURRENT NODAL DOF SET IS  UX    UY    UZ  
  THREE-DIMENSIONAL MODEL

 ELEMENT TYPE       2 IS SOLID186     3-D 20-NODE STRUCTURAL SOLID
  KEYOPT( 1- 6)=        0      0      0        0      0      0
  KEYOPT( 7-12)=        0      0      0        0      0      0
  KEYOPT(13-18)=        0      0      0        0      0      0

 CURRENT NODAL DOF SET IS  UX    UY    UZ  
  THREE-DIMENSIONAL MODEL

 ELEMENT TYPE       2 IS SOLID186     3-D 20-NODE STRUCTURAL SOLID
  KEYOPT( 1- 6)=        0      0      0        0      0      0
  KEYOPT( 7-12)=        0      0      0        0      0      0
  KEYOPT(13-18)=        0      0      0        0      0      0

 CURRENT NODAL DOF SET IS  UX    UY    UZ  
  THREE-DIMENSIONAL MODEL

 ELEMENT TYPE       2 IS SOLID186     3-D 20-NODE STRUCTURAL SOLID
  KEYOPT( 1- 6)=        0      0      0        0      0      0
  KEYOPT( 7-12)=        0      0      0        0      0      0
  KEYOPT(13-18)=        0      0      0        0      0      0

 CURRENT NODAL DOF SET IS  UX    UY    UZ  
  THREE-DIMENSIONAL MODEL

 *ENDIF

 *IF  matmacico                         ( =   8.00000     )  EQ  
      1                                 ( =   1.00000     )  THEN    

 *ELSEIF  matmacico                         ( =   8.00000     )  EQ  
          2                                 ( =   2.00000     )  THEN    

 *ELSEIF  matmacico                         ( =   8.00000     )  EQ  
          22                                ( =   22.0000     )  THEN    

 *ELSEIF  matmacico                         ( =   8.00000     )  EQ  
          23                                ( =   23.0000     )  THEN    

 *ELSEIF  matmacico                         ( =   8.00000     )  EQ  
          4                                 ( =   4.00000     )  THEN    

 *ELSEIF  matmacico                         ( =   8.00000     )  EQ  
          5                                 ( =   5.00000     )  THEN    

 *ELSEIF  matmacico                         ( =   8.00000     )  EQ  
          6                                 ( =   6.00000     )  THEN    

 *ELSEIF  matmacico                         ( =   8.00000     )  EQ  
          7                                 ( =   7.00000     )  THEN    

 *ELSEIF  matmacico                         ( =   8.00000     )  EQ  
          8                                 ( =   8.00000     )  THEN    

 DEFINE DATA TABLE USER FOR MATERIAL 1 
 USER MATERIALS OPTION 
 WITH A MAXIMUM OF 2 TEMPERATURES AND 23 DATA POINTS
 TEMPERATURE TO BE USED FOR THE NEXT TBDAT COMMAND=  1.0000
    TEMPERATURE SPECIFICATION=  1

 DATA FOR  USER  TABLE FOR MATERIAL   1 AT TEMPERATURE=  1.0000    
 LOC=  1 8.00000e+00     1.50000e+03     4.98000e-01    

 DATA FOR  USER  TABLE FOR MATERIAL   1 AT TEMPERATURE=  1.0000    
 LOC=  4 2.00000e+00     2.00000e+00    

 DATA FOR  USER  TABLE FOR MATERIAL   1 AT TEMPERATURE=  1.0000    
 LOC=  6 0.00000e+00     0.00000e+00    

 DATA FOR  USER  TABLE FOR MATERIAL   1 AT TEMPERATURE=  1.0000    
 LOC=  8 3.46410e+00     3.46410e+00     3.46410e+00     1.00000e-02     1.00000e-02     1.00000e-02    

 DATA FOR  USER  TABLE FOR MATERIAL   1 AT TEMPERATURE=  1.0000    
 LOC=  14 0.00000e+00    

 DATA FOR  USER  TABLE FOR MATERIAL   1 AT TEMPERATURE=  1.0000    
 LOC=  15 2.00000e+00     2.00000e+00    

 DATA FOR  USER  TABLE FOR MATERIAL   1 AT TEMPERATURE=  1.0000    
 LOC=  17 0.00000e+00     0.00000e+00    

 DATA FOR  USER  TABLE FOR MATERIAL   1 AT TEMPERATURE=  1.0000    
 LOC=  19 1.73205e+00    

 DATA FOR  USER  TABLE FOR MATERIAL   1 AT TEMPERATURE=  1.0000    
 LOC=  20 1.00000e+00     4.00000e+04     1.00000e+00    

 DATA FOR  USER  TABLE FOR MATERIAL   1 AT TEMPERATURE=  1.0000    
 LOC=  23 1.00000e+00    


 DEFINE DATA TABLE  STAT  FOR MATERIAL     1
   USER DEFINED STATE VARIABLES OPTION                                             
   Number of state variables is      20
   WITH A MAXIMUM OF      1 TEMPERATURES AND      20 DATA POINTS

 *ENDIF

 *IF  matrev                            ( =   2.00000     )  EQ  
      1                                 ( =   1.00000     )  THEN    

 *ELSEIF  matrev                            ( =   2.00000     )  EQ  
          2                                 ( =   2.00000     )  THEN    

 *DO LOOP ON PARAMETER= I FROM  2.0000     TO  101.00     BY  1.0000    

 DEFINE DATA TABLE USER FOR MATERIAL 2 
 USER MATERIALS OPTION 
 WITH A MAXIMUM OF 18 DATA ITEMS
 TEMPERATURE TO BE USED FOR THE NEXT TBDAT COMMAND=  1.0000
    TEMPERATURE SPECIFICATION=  1

 DATA FOR  USER  TABLE FOR MATERIAL   2 
 LOC=  1 9.00000e+00    

 DATA FOR  USER  TABLE FOR MATERIAL   2 
 LOC=  2 1.00000e+00     1.00000e+00    


 *IF  escavagaleria                     ( =   1.00000     )  EQ  
      1                                 ( =   1.00000     )  THEN    

 *IF  i                                 ( =   2.00000     )  LT  
      nesc+nesc1                        ( =   101.000     )  THEN    
 DATA FOR  USER  TABLE FOR MATERIAL   2 
 LOC=  4 8.00000e-02    

 DATA FOR  USER  TABLE FOR MATERIAL   2 
 LOC=  10 2.00000e-01     7.00000e+01     2.11111e-01     8.00000e+00     1.00000e+00    


 *ELSE

 *ENDIF

 *ELSE

 *ENDIF
 DATA FOR  USER  TABLE FOR MATERIAL   2 
 LOC=  5 7.00000e+00     1.00000e+00     3.00000e+03    

 DATA FOR  USER  TABLE FOR MATERIAL   2 
 LOC=  8 2.00000e+01     2.00000e-01    

 DATA FOR  USER  TABLE FOR MATERIAL   2 
 LOC=  15 1.00000e+01    

 DATA FOR  USER  TABLE FOR MATERIAL   2 
 LOC=  16 1.00000e+01     2.06000e+03     1.00000e+00    


 DEFINE DATA TABLE  STAT  FOR MATERIAL     2
   USER DEFINED STATE VARIABLES OPTION                                             
   Number of state variables is     500
   WITH A MAXIMUM OF      1 TEMPERATURES AND     500 DATA POINTS

 *ENDDO  INDEX= I                               

 *ENDIF

 view point for window  1    1.0000      1.0000      1.0000    

 ROTATION ANGLE FOR WINDOW 1 IS     0.00 ABOUT AXIS ZS

 CREATE A HEXAHEDRAL VOLUME WITH
 X-DISTANCES FROM     -20.00000000     TO      2.000000000    
 Y-DISTANCES FROM      0.000000000     TO      20.00000000    
 Z-DISTANCES FROM      0.000000000     TO      10.00000000    

      OUTPUT VOLUME =     1

 CREATE A CYLINDRICAL VOLUME WITH
 INNER RADIUS         =     0.9000000000    
 OUTER RADIUS         =      1.000000000    
 STARTING THETA ANGLE =      0.000000000    
 ENDING   THETA ANGLE =      180.0000000    
 END Z-DISTANCES FROM        0.000000000     TO      10.00000000    

      OUTPUT VOLUME =     2

 MOVE WORKING PLANE'S FOCUS POINT 
      0.0000     UNITS ALONG THE WORKING PLANE'S X-AXIS
      0.0000     UNITS ALONG THE WORKING PLANE'S Y-AXIS
      10.000     UNITS ALONG THE WORKING PLANE'S Z-AXIS

 CREATE A HEXAHEDRAL VOLUME WITH
 X-DISTANCES FROM     -20.00000000     TO      2.000000000    
 Y-DISTANCES FROM      0.000000000     TO      20.00000000    
 Z-DISTANCES FROM      0.000000000     TO      33.33333333    

      OUTPUT VOLUME =     3

 CREATE A CYLINDRICAL VOLUME WITH
 INNER RADIUS         =     0.9000000000    
 OUTER RADIUS         =      1.000000000    
 STARTING THETA ANGLE =      0.000000000    
 ENDING   THETA ANGLE =      180.0000000    
 END Z-DISTANCES FROM        0.000000000     TO      33.33333333    

      OUTPUT VOLUME =     4

 PARTITION VOLUMES
      INPUT VOLUMES =     1    2    3    4
      INPUT VOLUMES WILL BE DELETED IF POSSIBLE
      OUTPUT VOLUMES =     2    5    6    7    8    9

 BOOLEAN TOLERANCE (NON-DEFAULT) : 

      THE POINT COINCIDENCE TOLERANCE     0.1000000000E-03 WILL BE USED


 MOVE WORKING PLANE'S FOCUS POINT 
      0.0000     UNITS ALONG THE WORKING PLANE'S X-AXIS
      0.0000     UNITS ALONG THE WORKING PLANE'S Y-AXIS
      0.0000     UNITS ALONG THE WORKING PLANE'S Z-AXIS

 ROTATE WORKING PLANE 
      0.0000     DEGREES ABOUT WORKING PLANE'S Z AXIS (X TOWARDS Y)
      0.0000     DEGREES ABOUT WORKING PLANE'S X AXIS (Y TOWARDS Z)
      90.000     DEGREES ABOUT WORKING PLANE'S Y AXIS (Z TOWARDS X)

 SUBTRACT WORKING PLANES FROM A VOLUME
      VOLUME NUMBERS TO BE OPERATED ON =       2      5      6      7      8
      VOLUME NUMBERS TO BE OPERATED ON =       9
      VOLUMES OPERATED ON WILL BE DELETED IF POSSIBLE

 *** NOTE ***                            CP =       0.250   TIME= 12:50:03
 After VSBW, shortest output line 67 is 3.E-03 times the length of       
 longest output line 45.  Extreme variations in line length can make     
 meshing difficult.  If short lines are not needed to represent the      
 geometry, use LCOMB to eliminate them.                                  
                                                                         
      OUTPUT VOLUMES =     1    3    4   10   11   12   13   14   15   16
      OUTPUT VOLUMES =    17   18

 ALL SELECT   FOR ITEM=VOLU COMPONENT=    
  IN RANGE         1 TO         18 STEP          1

       12  VOLUMES (OF       12  DEFINED) SELECTED BY  VSEL  COMMAND.

 SELECT       FOR ITEM=LOC  COMPONENT=X     BETWEEN  0.0000     AND   2.0000    
   KABS=  0.  TOLERANCE= 0.200000E-07

        6  VOLUMES (OF       12  DEFINED) SELECTED BY  VSEL  COMMAND.

 MOVE WORKING PLANE'S FOCUS POINT 
      0.0000     UNITS ALONG THE WORKING PLANE'S X-AXIS
      2.0000     UNITS ALONG THE WORKING PLANE'S Y-AXIS
      0.0000     UNITS ALONG THE WORKING PLANE'S Z-AXIS

 ROTATE WORKING PLANE 
      0.0000     DEGREES ABOUT WORKING PLANE'S Z AXIS (X TOWARDS Y)
      90.000     DEGREES ABOUT WORKING PLANE'S X AXIS (Y TOWARDS Z)
      0.0000     DEGREES ABOUT WORKING PLANE'S Y AXIS (Z TOWARDS X)

 SUBTRACT WORKING PLANES FROM A VOLUME
      VOLUME NUMBERS TO BE OPERATED ON =       3     10     11     14     16
      VOLUME NUMBERS TO BE OPERATED ON =      17
      VOLUMES OPERATED ON WILL BE DELETED IF POSSIBLE
      OUTPUT VOLUMES =     2    3    5    6    7   10   11   14

 ALL SELECT   FOR ITEM=VOLU COMPONENT=    
  IN RANGE         1 TO         18 STEP          1

       14  VOLUMES (OF       14  DEFINED) SELECTED BY  VSEL  COMMAND.

 SELECT       FOR ITEM=LOC  COMPONENT=X     BETWEEN  0.0000     AND   2.0000    
   KABS=  0.  TOLERANCE= 0.200000E-07

        8  VOLUMES (OF       14  DEFINED) SELECTED BY  VSEL  COMMAND.

 RESELECT     FOR ITEM=LOC  COMPONENT=Y     BETWEEN  0.0000     AND   2.0000    
   KABS=  0.  TOLERANCE= 0.200000E-07

        6  VOLUMES (OF       14  DEFINED) SELECTED BY  VSEL  COMMAND.

 ACTIVE COORDINATE SYSTEM SET TO          1  (CYLINDRICAL) Z- CYL. AXIS

 UNSELECT     FOR ITEM=LOC  COMPONENT=X     BETWEEN  0.0000     AND   1.0000    
   KABS=  0.  TOLERANCE= 0.100000E-07

        2  VOLUMES (OF       14  DEFINED) SELECTED BY VSEL COMMAND.

 ACTIVE COORDINATE SYSTEM SET TO          0  (CARTESIAN)  

 SYMMETRY TRANSFORMATION OF VOLUMES       USING COMPONENT  X  
   DO NOT COPY NODE AND ELEMENTS
   SET IS ALL SELECTED VOLUMES      

 MOVE ORIGIN OF WORKING PLANE TO THE AVERAGE OF      1 LOCATIONS IN CSYS      0
    0.00000    ,    0.00000    ,    0.00000    

 CREATE WORKING PLANE AT LOCAL SYSTEM      0

 MOVE WORKING PLANE'S FOCUS POINT 
      0.0000     UNITS ALONG THE WORKING PLANE'S X-AXIS
      0.0000     UNITS ALONG THE WORKING PLANE'S Y-AXIS
      35.000     UNITS ALONG THE WORKING PLANE'S Z-AXIS

 ROTATE WORKING PLANE 
      0.0000     DEGREES ABOUT WORKING PLANE'S Z AXIS (X TOWARDS Y)
      0.0000     DEGREES ABOUT WORKING PLANE'S X AXIS (Y TOWARDS Z)
      90.000     DEGREES ABOUT WORKING PLANE'S Y AXIS (Z TOWARDS X)

 CREATE A CYLINDRICAL VOLUME WITH
 INNER RADIUS         =     0.5666666667    
 OUTER RADIUS         =     0.6666666667    
 STARTING THETA ANGLE =      0.000000000    
 ENDING   THETA ANGLE =      180.0000000    
 END Z-DISTANCES FROM        0.000000000     TO      2.000000000    

      OUTPUT VOLUME =    16

 ACTIVE COORDINATE SYSTEM SET TO          1  (CYLINDRICAL) Z- CYL. AXIS

 ALL SELECT   FOR ITEM=VOLU COMPONENT=    
  IN RANGE         1 TO         18 STEP          1

       17  VOLUMES (OF       17  DEFINED) SELECTED BY  VSEL  COMMAND.

 SELECT       FOR ITEM=LOC  COMPONENT=Z     BETWEEN  10.000     AND   43.333    
   KABS=  0.  TOLERANCE= 0.333333E-06

        9  VOLUMES (OF       17  DEFINED) SELECTED BY  VSEL  COMMAND.

 RESELECT     FOR ITEM=LOC  COMPONENT=X     BETWEEN 0.45000     AND   1.0000    
   KABS=  0.  TOLERANCE= 0.550000E-08

        4  VOLUMES (OF       17  DEFINED) SELECTED BY  VSEL  COMMAND.

 SELECT      AREAS ON EXTERIOR OF SELECTED VOLUMES

    14  AREAS (OF    80  DEFINED) SELECTED BY  ASEL  COMMAND.

 ACTIVE COORDINATE SYSTEM SET TO          1  (CYLINDRICAL) Z- CYL. AXIS

 RESELECT     FOR ITEM=LOC  COMPONENT=X     BETWEEN  1.0000     AND   1.0000    
   KABS=  0.  TOLERANCE= 0.500000E-02

        2  AREAS (OF       80  DEFINED) SELECTED BY  ASEL  COMMAND.

 RESELECT     FOR ITEM=LOC  COMPONENT=Z     BETWEEN  26.667     AND   26.667    
   KABS=  0.  TOLERANCE= 0.133333    

        2  AREAS (OF       80  DEFINED) SELECTED BY  ASEL  COMMAND.

 DEFINITION OF COMPONENT = A0        ENTITY=AREA

 ACTIVE COORDINATE SYSTEM SET TO          0  (CARTESIAN)  

 SELECT ALL ENTITIES OF TYPE= ALL  AND BELOW

 SELECT       FOR ITEM=LOC  COMPONENT=Z     BETWEEN  34.333     AND   35.667    
   KABS=  0.  TOLERANCE= 0.133333E-07

        1  VOLUMES (OF       17  DEFINED) SELECTED BY  VSEL  COMMAND.

 SUBTRACT AN AREA FROM A VOLUME
      VOLUME NUMBERS TO BE OPERATED ON =      16
      VOLUMES OPERATED ON WILL BE DELETED IF POSSIBLE
      AREA NUMBERS TO BE SUBTRACTED    =      55     57
      AREAS SUBTRACTED WILL BE DELETED IF POSSIBLE
      OUTPUT VOLUMES =    17   19

 SELECT ALL ENTITIES OF TYPE= ALL  AND BELOW

 MOVE ORIGIN OF WORKING PLANE TO THE AVERAGE OF      1 LOCATIONS IN CSYS      0
    0.00000    ,    0.00000    ,    0.00000    

 CREATE WORKING PLANE AT LOCAL SYSTEM      0

 SELECT       FOR ITEM=LOC  COMPONENT=Z     BETWEEN  35.000     AND   35.000    
   KABS=  0.  TOLERANCE= 0.175000    

        2  VOLUMES (OF       18  DEFINED) SELECTED BY  VSEL  COMMAND.

 RESELECT     FOR ITEM=LOC  COMPONENT=X     BETWEEN  0.0000     AND   1.0000    
   KABS=  0.  TOLERANCE= 0.100000E-07

        1  VOLUMES (OF       18  DEFINED) SELECTED BY  VSEL  COMMAND.

 RESELECT     FOR ITEM=LOC  COMPONENT=Y     BETWEEN  0.0000     AND  0.66667    
   KABS=  0.  TOLERANCE= 0.666667E-08

        1  VOLUMES (OF       18  DEFINED) SELECTED BY  VSEL  COMMAND.

 DELETE   ALL   SELECTED VOLUMES.

     DELETED     1 VOLUMES,     5 AREAS,     8 LINES,      4 KEYPOINTS

 SELECT ALL ENTITIES OF TYPE= ALL  AND BELOW

 MOVE ORIGIN OF WORKING PLANE TO THE AVERAGE OF      1 LOCATIONS IN CSYS      0
    0.00000    ,    0.00000    ,    0.00000    

 CREATE WORKING PLANE AT LOCAL SYSTEM      0

 SELECT       FOR ITEM=LOC  COMPONENT=Z     BETWEEN  35.000     AND   35.000    
   KABS=  0.  TOLERANCE= 0.175000    

        1  VOLUMES (OF       17  DEFINED) SELECTED BY  VSEL  COMMAND.

 RESELECT     FOR ITEM=LOC  COMPONENT=X     BETWEEN  1.0000     AND   2.0000    
   KABS=  0.  TOLERANCE= 0.100000E-07

        1  VOLUMES (OF       17  DEFINED) SELECTED BY  VSEL  COMMAND.

 RESELECT     FOR ITEM=LOC  COMPONENT=Y     BETWEEN  0.0000     AND  0.66667    
   KABS=  0.  TOLERANCE= 0.666667E-08

        1  VOLUMES (OF       17  DEFINED) SELECTED BY  VSEL  COMMAND.

 MOVE ORIGINAL VOLUMES      
   SET IS ALL SELECTED VOLUMES      
   DX,DY,DZ=    0.00        0.00       -8.33           CSYS=  0

 ALL SELECT   FOR ITEM=VOLU COMPONENT=    
  IN RANGE         1 TO         19 STEP          1

       17  VOLUMES (OF       17  DEFINED) SELECTED BY  VSEL  COMMAND.

 MOVE ORIGIN OF WORKING PLANE TO THE AVERAGE OF      1 LOCATIONS IN CSYS      0
    0.00000    ,    0.00000    ,    0.00000    

 CREATE WORKING PLANE AT LOCAL SYSTEM      0

 MOVE WORKING PLANE'S FOCUS POINT 
      0.0000     UNITS ALONG THE WORKING PLANE'S X-AXIS
      0.0000     UNITS ALONG THE WORKING PLANE'S Y-AXIS
      28.000     UNITS ALONG THE WORKING PLANE'S Z-AXIS

 SUBTRACT WORKING PLANES FROM A VOLUME
      VOLUME NUMBERS TO BE OPERATED ON =       1      2      3      4      5
      VOLUME NUMBERS TO BE OPERATED ON =       6      7      8      9     10
      VOLUME NUMBERS TO BE OPERATED ON =      11     12     13     14     15
      VOLUME NUMBERS TO BE OPERATED ON =      18     19
      VOLUMES OPERATED ON WILL BE DELETED IF POSSIBLE

 *** NOTE ***                            CP =       0.328   TIME= 12:50:04
 After VSBW, shortest output line 155 is 5.E-03 times the length of      
 longest output line 8.  Extreme variations in line length can make      
 meshing difficult.  If short lines are not needed to represent the      
 geometry, use LCOMB to eliminate them.                                  
                                                                         
      OUTPUT VOLUMES =     1    2    3    6    8   11   12   15   16   17
      OUTPUT VOLUMES =    19   20   21   22   23   24   25   26   27   28
      OUTPUT VOLUMES =    29   30   31   32   33

 *** WARNING ***                         CP =       0.328   TIME= 12:50:04
 Assembly A0 is deleted.                                                 

 MOVE WORKING PLANE'S FOCUS POINT 
      0.0000     UNITS ALONG THE WORKING PLANE'S X-AXIS
      0.0000     UNITS ALONG THE WORKING PLANE'S Y-AXIS
     -2.6667     UNITS ALONG THE WORKING PLANE'S Z-AXIS

 SUBTRACT WORKING PLANES FROM A VOLUME
      VOLUME NUMBERS TO BE OPERATED ON =       1      2      3      6      8
      VOLUME NUMBERS TO BE OPERATED ON =      11     12     15     16     17
      VOLUME NUMBERS TO BE OPERATED ON =      19     20     21     22     23
      VOLUME NUMBERS TO BE OPERATED ON =      24     25     26     27     28
      VOLUME NUMBERS TO BE OPERATED ON =      29     30     31     32     33
      VOLUMES OPERATED ON WILL BE DELETED IF POSSIBLE

 *** NOTE ***                            CP =       0.391   TIME= 12:50:04
 After VSBW, shortest output line 194 is 5.E-03 times the length of      
 longest output line 8.  Extreme variations in line length can make      
 meshing difficult.  If short lines are not needed to represent the      
 geometry, use LCOMB to eliminate them.                                  
                                                                         
      OUTPUT VOLUMES =     1    2    3    4    5    6    7    8    9   10
      OUTPUT VOLUMES =    11   12   13   14   15   18   19   20   21   23
      OUTPUT VOLUMES =    26   27   29   31   33   34   35   36   37   38
      OUTPUT VOLUMES =    39   40   41

 ALL SELECT   FOR ITEM=VOLU COMPONENT=    
  IN RANGE         1 TO         41 STEP          1

       33  VOLUMES (OF       33  DEFINED) SELECTED BY  VSEL  COMMAND.

 PARTITION VOLUMES
      INPUT VOLUMES =     1    2    3    4    5    6    7    8    9   10
      INPUT VOLUMES =    11   12   13   14   15   18   19   20   21   23
      INPUT VOLUMES =    26   27   29   31   33   34   35   36   37   38
      INPUT VOLUMES =    39   40   41
      INPUT VOLUMES WILL BE DELETED IF POSSIBLE

 *** NOTE ***                            CP =       2.328   TIME= 12:50:06
 After VPTN, shortest output line 123 is 5.E-03 times the length of      
 longest output line 1.  Extreme variations in line length can make      
 meshing difficult.  If short lines are not needed to represent the      
 geometry, use LCOMB to eliminate them.                                  
                                                                         
      OUTPUT VOLUMES =     1    2    3    4    5    6    7    9   10   11
      OUTPUT VOLUMES =    13   16   17   18   20   21   22   23   24   25
      OUTPUT VOLUMES =    26   27   28   29   30   32   35   36   42   43
      OUTPUT VOLUMES =    44   45   46   47

 ALL SELECT   FOR ITEM=VOLU COMPONENT=    
  IN RANGE         1 TO         47 STEP          1

       34  VOLUMES (OF       34  DEFINED) SELECTED BY  VSEL  COMMAND.

 MOVE ORIGIN OF WORKING PLANE TO THE AVERAGE OF      1 LOCATIONS IN CSYS      0
    0.00000    ,    0.00000    ,    0.00000    

 CREATE WORKING PLANE AT LOCAL SYSTEM      0

 SELECT       FOR ITEM=LOC  COMPONENT=Z     BETWEEN  26.000     AND   27.333    
   KABS=  0.  TOLERANCE= 0.133333E-07

       10  VOLUMES (OF       34  DEFINED) SELECTED BY  VSEL  COMMAND.

 MOVE WORKING PLANE'S FOCUS POINT 
      0.0000     UNITS ALONG THE WORKING PLANE'S X-AXIS
      0.0000     UNITS ALONG THE WORKING PLANE'S Y-AXIS
      26.667     UNITS ALONG THE WORKING PLANE'S Z-AXIS

 SUBTRACT WORKING PLANES FROM A VOLUME
      VOLUME NUMBERS TO BE OPERATED ON =       4      7     16     18     24
      VOLUME NUMBERS TO BE OPERATED ON =      30     35     43     46     47
      VOLUMES OPERATED ON WILL BE DELETED IF POSSIBLE

 *** NOTE ***                            CP =       2.375   TIME= 12:50:06
 After VSBW, shortest output line 217 is 5.E-03 times the length of      
 longest output line 230.  Extreme variations in line length can make    
 meshing difficult.  If short lines are not needed to represent the      
 geometry, use LCOMB to eliminate them.                                  
                                                                         
      OUTPUT VOLUMES =     8   12   14   15   19   31   33   34   37   38
      OUTPUT VOLUMES =    39   40   41   48   49   50   51   52   53   54

 ALL SELECT   FOR ITEM=VOLU COMPONENT=    
  IN RANGE         1 TO         54 STEP          1

       44  VOLUMES (OF       44  DEFINED) SELECTED BY  VSEL  COMMAND.

 MOVE ORIGIN OF WORKING PLANE TO THE AVERAGE OF      1 LOCATIONS IN CSYS      0
    0.00000    ,    0.00000    ,    0.00000    

 CREATE WORKING PLANE AT LOCAL SYSTEM      0

 SELECT       FOR ITEM=LOC  COMPONENT=Z     BETWEEN  25.333     AND   26.667    
   KABS=  0.  TOLERANCE= 0.133333E-07

       10  VOLUMES (OF       44  DEFINED) SELECTED BY  VSEL  COMMAND.

 RESELECT     FOR ITEM=LOC  COMPONENT=X     BETWEEN -2.0000     AND   2.0000    
   KABS=  0.  TOLERANCE= 0.400000E-07

        9  VOLUMES (OF       44  DEFINED) SELECTED BY  VSEL  COMMAND.

 RESELECT     FOR ITEM=LOC  COMPONENT=Y     BETWEEN  0.0000     AND   2.0000    
   KABS=  0.  TOLERANCE= 0.200000E-07

        8  VOLUMES (OF       44  DEFINED) SELECTED BY  VSEL  COMMAND.

 DELETE   ALL   SELECTED VOLUMES.

     DELETED     8 VOLUMES,    22 AREAS,    18 LINES,      4 KEYPOINTS

 SELECT ALL ENTITIES OF TYPE= ALL  AND BELOW

 MERGE COINCIDENT KEYPOINTS WITHIN TOLERANCE OF  0.10000E-03

 NO KEYPOINTS WERE MERGED

 COMPRESS KEYPOINT NUMBERS
      MAXIMUM KEYPOINT NUMBER COMPRESSED FROM     108 TO     104

 COMPRESS LINE NUMBERS
      MAXIMUM LINE NUMBER COMPRESSED FROM    264 TO    226

 COMPRESS AREA NUMBERS
      MAXIMUM AREA NUMBER COMPRESSED FROM    210 TO    159

 COMPRESS VOLUME NUMBERS
      MAXIMUM VOLUME NUMBER COMPRESSED FROM     54 TO     36

 ACTIVE COORDINATE SYSTEM SET TO          0  (CARTESIAN)  

 ALL SELECT   FOR ITEM=LINE COMPONENT=    
  IN RANGE         1 TO        226 STEP          1

      226  LINES (OF      226  DEFINED) SELECTED BY LSEL COMMAND.

 SELECT       FOR ITEM=LOC  COMPONENT=Z     BETWEEN  28.010     AND   43.323    
   KABS=  0.  TOLERANCE= 0.153133E-06

       16  LINES (OF      226  DEFINED) SELECTED BY LSEL  COMMAND.

 RESELECT     FOR ITEM=LOC  COMPONENT=X     BETWEEN -20.000     AND   2.0000    
   KABS=  0.  TOLERANCE= 0.220000E-06

       16  LINES (OF      226  DEFINED) SELECTED BY LSEL  COMMAND.

 RESELECT     FOR ITEM=LOC  COMPONENT=Y     BETWEEN  0.0000     AND   20.000    
   KABS=  0.  TOLERANCE= 0.200000E-06

       16  LINES (OF      226  DEFINED) SELECTED BY LSEL  COMMAND.

 SET DIVISIONS ON ALL SELECTED LINES
      FOR ELEMENT SIZE =  0.33333        SPACING RATIO =     1.0000
      (KFORCE = 0      PREVIOUS NONZERO VALUES WILL NOT BE ALTERED)
 NDIV AND SPACE CAN BE OVERRIDDEN FOR CURVATURE OR PROXIMITY

 ACTIVE COORDINATE SYSTEM SET TO          0  (CARTESIAN)  

 ALL SELECT   FOR ITEM=LINE COMPONENT=    
  IN RANGE         1 TO        226 STEP          1

      226  LINES (OF      226  DEFINED) SELECTED BY LSEL COMMAND.

 SELECT       FOR ITEM=LOC  COMPONENT=Z     BETWEEN  11.343     AND   25.323    
   KABS=  0.  TOLERANCE= 0.139800E-06

       16  LINES (OF      226  DEFINED) SELECTED BY LSEL  COMMAND.

 RESELECT     FOR ITEM=LOC  COMPONENT=X     BETWEEN -20.000     AND   2.0000    
   KABS=  0.  TOLERANCE= 0.220000E-06

       16  LINES (OF      226  DEFINED) SELECTED BY LSEL  COMMAND.

 RESELECT     FOR ITEM=LOC  COMPONENT=Y     BETWEEN  0.0000     AND   20.000    
   KABS=  0.  TOLERANCE= 0.200000E-06

       16  LINES (OF      226  DEFINED) SELECTED BY LSEL  COMMAND.

 SET DIVISIONS ON ALL SELECTED LINES
      FOR ELEMENT SIZE =  0.33333        SPACING RATIO =     1.0000
      (KFORCE = 0      PREVIOUS NONZERO VALUES WILL NOT BE ALTERED)
 NDIV AND SPACE CAN BE OVERRIDDEN FOR CURVATURE OR PROXIMITY

 ACTIVE COORDINATE SYSTEM SET TO          1  (CYLINDRICAL) Z- CYL. AXIS

 ALL SELECT   FOR ITEM=LINE COMPONENT=    
  IN RANGE         1 TO        226 STEP          1

      226  LINES (OF      226  DEFINED) SELECTED BY LSEL COMMAND.

 SELECT       FOR ITEM=LOC  COMPONENT=X     BETWEEN 0.10000E-01 AND   1.0000    
   KABS=  0.  TOLERANCE= 0.990000E-08

       90  LINES (OF      226  DEFINED) SELECTED BY LSEL  COMMAND.

 RESELECT     FOR ITEM=LOC  COMPONENT=Y     BETWEEN  1.0000     AND   179.00    
   KABS=  0.  TOLERANCE= 0.178000E-05

       48  LINES (OF      226  DEFINED) SELECTED BY LSEL  COMMAND.

 RESELECT     FOR ITEM=LOC  COMPONENT=Z     BETWEEN  0.0000     AND   43.333    
   KABS=  0.  TOLERANCE= 0.433333E-06

       48  LINES (OF      226  DEFINED) SELECTED BY LSEL  COMMAND.

 UNSELECT     FOR ITEM=LOC  COMPONENT=Y     BETWEEN  89.000     AND   91.000    
   KABS=  0.  TOLERANCE= 0.200000E-07

       28  LINES (OF      226  DEFINED) SELECTED BY LSEL COMMAND.

 UNSELECT     FOR ITEM=LOC  COMPONENT=Z     BETWEEN  26.010     AND   27.323    
   KABS=  0.  TOLERANCE= 0.131333E-07

       20  LINES (OF      226  DEFINED) SELECTED BY LSEL COMMAND.

 SET DIVISIONS ON ALL SELECTED LINES
      TO  NDIV =   16,  SPACING RATIO =   1.000
      (KFORCE = 0      PREVIOUS NONZERO VALUES WILL NOT BE ALTERED)
 NDIV AND SPACE CAN BE OVERRIDDEN FOR CURVATURE OR PROXIMITY

 ACTIVE COORDINATE SYSTEM SET TO          1  (CYLINDRICAL) Z- CYL. AXIS

 ALL SELECT   FOR ITEM=LINE COMPONENT=    
  IN RANGE         1 TO        226 STEP          1

      226  LINES (OF      226  DEFINED) SELECTED BY LSEL COMMAND.

 SELECT       FOR ITEM=LOC  COMPONENT=X     BETWEEN 0.10000E-01 AND   1.0000    
   KABS=  0.  TOLERANCE= 0.990000E-08

       90  LINES (OF      226  DEFINED) SELECTED BY LSEL  COMMAND.

 RESELECT     FOR ITEM=LOC  COMPONENT=Y     BETWEEN  1.0000     AND   179.00    
   KABS=  0.  TOLERANCE= 0.178000E-05

       48  LINES (OF      226  DEFINED) SELECTED BY LSEL  COMMAND.

 RESELECT     FOR ITEM=LOC  COMPONENT=Z     BETWEEN  26.667     AND   26.667    
   KABS=  0.  TOLERANCE= 0.133333    

        8  LINES (OF      226  DEFINED) SELECTED BY LSEL  COMMAND.

 UNSELECT     FOR ITEM=LOC  COMPONENT=Y     BETWEEN  89.000     AND   91.000    
   KABS=  0.  TOLERANCE= 0.200000E-07

        6  LINES (OF      226  DEFINED) SELECTED BY LSEL COMMAND.

 UNSELECT     FOR ITEM=LOC  COMPONENT=Y     BETWEEN  0.0000     AND   90.000    
   KABS=  0.  TOLERANCE= 0.900000E-06

        2  LINES (OF      226  DEFINED) SELECTED BY LSEL COMMAND.

 SET DIVISIONS ON ALL SELECTED LINES
      TO  NDIV =   16,  SPACING RATIO =   1.000
      (KFORCE = 0      PREVIOUS NONZERO VALUES WILL NOT BE ALTERED)
 NDIV AND SPACE CAN BE OVERRIDDEN FOR CURVATURE OR PROXIMITY

 ACTIVE COORDINATE SYSTEM SET TO          1  (CYLINDRICAL) Z- CYL. AXIS

 ALL SELECT   FOR ITEM=LINE COMPONENT=    
  IN RANGE         1 TO        226 STEP          1

      226  LINES (OF      226  DEFINED) SELECTED BY LSEL COMMAND.

 SELECT       FOR ITEM=LOC  COMPONENT=X     BETWEEN 0.10000E-01 AND  0.90000    
   KABS=  0.  TOLERANCE= 0.890000E-08

       42  LINES (OF      226  DEFINED) SELECTED BY LSEL  COMMAND.

 RESELECT     FOR ITEM=LOC  COMPONENT=Y     BETWEEN  1.0000     AND   89.000    
   KABS=  0.  TOLERANCE= 0.880000E-06

        6  LINES (OF      226  DEFINED) SELECTED BY LSEL  COMMAND.

 RESELECT     FOR ITEM=LOC  COMPONENT=Z     BETWEEN  26.667     AND   26.667    
   KABS=  0.  TOLERANCE= 0.133333    

        1  LINES (OF      226  DEFINED) SELECTED BY LSEL  COMMAND.

 SET DIVISIONS ON ALL SELECTED LINES
      TO  NDIV =   16,  SPACING RATIO =   1.000
      (KFORCE = 0      PREVIOUS NONZERO VALUES WILL NOT BE ALTERED)
 NDIV AND SPACE CAN BE OVERRIDDEN FOR CURVATURE OR PROXIMITY

 ACTIVE COORDINATE SYSTEM SET TO          1  (CYLINDRICAL) Z- CYL. AXIS

 ALL SELECT   FOR ITEM=LINE COMPONENT=    
  IN RANGE         1 TO        226 STEP          1

      226  LINES (OF      226  DEFINED) SELECTED BY LSEL COMMAND.

 SELECT       FOR ITEM=LOC  COMPONENT=X     BETWEEN  0.0000     AND  0.89000    
   KABS=  0.  TOLERANCE= 0.890000E-08

       22  LINES (OF      226  DEFINED) SELECTED BY LSEL  COMMAND.

 RESELECT     FOR ITEM=LOC  COMPONENT=Y     BETWEEN  0.0000     AND   180.00    
   KABS=  0.  TOLERANCE= 0.180000E-05

       22  LINES (OF      226  DEFINED) SELECTED BY LSEL  COMMAND.

 RESELECT     FOR ITEM=LOC  COMPONENT=Z     BETWEEN  0.0000     AND   43.333    
   KABS=  0.  TOLERANCE= 0.433333E-06

       22  LINES (OF      226  DEFINED) SELECTED BY LSEL  COMMAND.

 UNSELECT     FOR ITEM=LOC  COMPONENT=Z     BETWEEN  28.010     AND   43.323    
   KABS=  0.  TOLERANCE= 0.153133E-06

       21  LINES (OF      226  DEFINED) SELECTED BY LSEL COMMAND.

 UNSELECT     FOR ITEM=LOC  COMPONENT=Z     BETWEEN  10.010     AND   25.323    
   KABS=  0.  TOLERANCE= 0.153133E-06

       20  LINES (OF      226  DEFINED) SELECTED BY LSEL COMMAND.

 UNSELECT     FOR ITEM=LOC  COMPONENT=Z     BETWEEN 0.10000E-01 AND   9.9900    
   KABS=  0.  TOLERANCE= 0.998000E-07

       19  LINES (OF      226  DEFINED) SELECTED BY LSEL COMMAND.

 UNSELECT     FOR ITEM=LOC  COMPONENT=Z     BETWEEN  26.677     AND   27.990    
   KABS=  0.  TOLERANCE= 0.131333E-07

       18  LINES (OF      226  DEFINED) SELECTED BY LSEL COMMAND.

 UNSELECT     FOR ITEM=LOC  COMPONENT=Z     BETWEEN  25.343     AND   26.657    
   KABS=  0.  TOLERANCE= 0.131333E-07

       18  LINES (OF      226  DEFINED) SELECTED BY LSEL COMMAND.

 SET DIVISIONS ON ALL SELECTED LINES
      TO  NDIV =    8,  SPACING RATIO =   1.000
      (KFORCE = 0      PREVIOUS NONZERO VALUES WILL NOT BE ALTERED)
 NDIV AND SPACE CAN BE OVERRIDDEN FOR CURVATURE OR PROXIMITY

 ACTIVE COORDINATE SYSTEM SET TO          1  (CYLINDRICAL) Z- CYL. AXIS

 ALL SELECT   FOR ITEM=LINE COMPONENT=    
  IN RANGE         1 TO        226 STEP          1

      226  LINES (OF      226  DEFINED) SELECTED BY LSEL COMMAND.

 SELECT       FOR ITEM=LOC  COMPONENT=X     BETWEEN  1.0100     AND   1.9900    
   KABS=  0.  TOLERANCE= 0.980000E-08

       22  LINES (OF      226  DEFINED) SELECTED BY LSEL  COMMAND.

 RESELECT     FOR ITEM=LOC  COMPONENT=Y     BETWEEN  0.0000     AND   180.00    
   KABS=  0.  TOLERANCE= 0.180000E-05

       22  LINES (OF      226  DEFINED) SELECTED BY LSEL  COMMAND.

 RESELECT     FOR ITEM=LOC  COMPONENT=Z     BETWEEN  0.0000     AND   25.333    
   KABS=  0.  TOLERANCE= 0.253333E-06

        9  LINES (OF      226  DEFINED) SELECTED BY LSEL  COMMAND.

 SET DIVISIONS ON ALL SELECTED LINES
      TO  NDIV =    7,  SPACING RATIO =   5.000
      (KFORCE = 0      PREVIOUS NONZERO VALUES WILL NOT BE ALTERED)
 NDIV AND SPACE CAN BE OVERRIDDEN FOR CURVATURE OR PROXIMITY

 ACTIVE COORDINATE SYSTEM SET TO          1  (CYLINDRICAL) Z- CYL. AXIS

 ALL SELECT   FOR ITEM=LINE COMPONENT=    
  IN RANGE         1 TO        226 STEP          1

      226  LINES (OF      226  DEFINED) SELECTED BY LSEL COMMAND.

 SELECT       FOR ITEM=LOC  COMPONENT=X     BETWEEN  1.0100     AND   1.9900    
   KABS=  0.  TOLERANCE= 0.980000E-08

       22  LINES (OF      226  DEFINED) SELECTED BY LSEL  COMMAND.

 RESELECT     FOR ITEM=LOC  COMPONENT=Y     BETWEEN  0.0000     AND   180.00    
   KABS=  0.  TOLERANCE= 0.180000E-05

       22  LINES (OF      226  DEFINED) SELECTED BY LSEL  COMMAND.

 RESELECT     FOR ITEM=LOC  COMPONENT=Z     BETWEEN  28.000     AND   43.333    
   KABS=  0.  TOLERANCE= 0.153333E-06

        6  LINES (OF      226  DEFINED) SELECTED BY LSEL  COMMAND.

 SET DIVISIONS ON ALL SELECTED LINES
      TO  NDIV =    7,  SPACING RATIO =   5.000
      (KFORCE = 0      PREVIOUS NONZERO VALUES WILL NOT BE ALTERED)
 NDIV AND SPACE CAN BE OVERRIDDEN FOR CURVATURE OR PROXIMITY

 ACTIVE COORDINATE SYSTEM SET TO          1  (CYLINDRICAL) Z- CYL. AXIS

 ALL SELECT   FOR ITEM=LINE COMPONENT=    
  IN RANGE         1 TO        226 STEP          1

      226  LINES (OF      226  DEFINED) SELECTED BY LSEL COMMAND.

 SELECT       FOR ITEM=LOC  COMPONENT=X     BETWEEN  1.0100     AND   1.9900    
   KABS=  0.  TOLERANCE= 0.980000E-08

       22  LINES (OF      226  DEFINED) SELECTED BY LSEL  COMMAND.

 RESELECT     FOR ITEM=LOC  COMPONENT=Y     BETWEEN  90.000     AND   180.00    
   KABS=  0.  TOLERANCE= 0.900000E-06

       12  LINES (OF      226  DEFINED) SELECTED BY LSEL  COMMAND.

 RESELECT     FOR ITEM=LOC  COMPONENT=Z     BETWEEN  26.667     AND   26.667    
   KABS=  0.  TOLERANCE= 0.133333    

        2  LINES (OF      226  DEFINED) SELECTED BY LSEL  COMMAND.

 SET DIVISIONS ON ALL SELECTED LINES
      TO  NDIV =    7,  SPACING RATIO =   5.000
      (KFORCE = 0      PREVIOUS NONZERO VALUES WILL NOT BE ALTERED)
 NDIV AND SPACE CAN BE OVERRIDDEN FOR CURVATURE OR PROXIMITY

 ALL SELECT   FOR ITEM=LINE COMPONENT=    
  IN RANGE         1 TO        226 STEP          1

      226  LINES (OF      226  DEFINED) SELECTED BY LSEL COMMAND.

 SELECT       FOR ITEM=LOC  COMPONENT=Y     BETWEEN  89.000     AND   91.000    
   KABS=  0.  TOLERANCE= 0.200000E-07

       42  LINES (OF      226  DEFINED) SELECTED BY LSEL  COMMAND.

 RESELECT     FOR ITEM=LOC  COMPONENT=Z     BETWEEN  26.667     AND   26.667    
   KABS=  0.  TOLERANCE= 0.133333    

        4  LINES (OF      226  DEFINED) SELECTED BY LSEL  COMMAND.

 REVERSE THE DIRECTION OF LINE(S)      64     153
          158     211
      AND MAKE ANY LINE ELEMENTS CONSISTENT WITH THE NEW DIRECTION(S).

 ACTIVE COORDINATE SYSTEM SET TO          1  (CYLINDRICAL) Z- CYL. AXIS

 ALL SELECT   FOR ITEM=LINE COMPONENT=    
  IN RANGE         1 TO        226 STEP          1

      226  LINES (OF      226  DEFINED) SELECTED BY LSEL COMMAND.

 SELECT       FOR ITEM=LOC  COMPONENT=X     BETWEEN  1.0100     AND   1.9900    
   KABS=  0.  TOLERANCE= 0.980000E-08

       22  LINES (OF      226  DEFINED) SELECTED BY LSEL  COMMAND.

 RESELECT     FOR ITEM=LOC  COMPONENT=Y     BETWEEN  89.000     AND   90.000    
   KABS=  0.  TOLERANCE= 0.100000E-07

        6  LINES (OF      226  DEFINED) SELECTED BY LSEL  COMMAND.

 RESELECT     FOR ITEM=LOC  COMPONENT=Z     BETWEEN  25.333     AND   28.000    
   KABS=  0.  TOLERANCE= 0.266667E-07

        3  LINES (OF      226  DEFINED) SELECTED BY LSEL  COMMAND.

 REVERSE THE DIRECTION OF LINE(S)     143     178
          211
      AND MAKE ANY LINE ELEMENTS CONSISTENT WITH THE NEW DIRECTION(S).

 ACTIVE COORDINATE SYSTEM SET TO          1  (CYLINDRICAL) Z- CYL. AXIS

 ALL SELECT   FOR ITEM=LINE COMPONENT=    
  IN RANGE         1 TO        226 STEP          1

      226  LINES (OF      226  DEFINED) SELECTED BY LSEL COMMAND.

 SELECT       FOR ITEM=LOC  COMPONENT=X     BETWEEN  1.0100     AND   1.9900    
   KABS=  0.  TOLERANCE= 0.980000E-08

       22  LINES (OF      226  DEFINED) SELECTED BY LSEL  COMMAND.

 RESELECT     FOR ITEM=LOC  COMPONENT=Y     BETWEEN  0.0000     AND  0.10000E-01
   KABS=  0.  TOLERANCE= 0.100000E-09

        8  LINES (OF      226  DEFINED) SELECTED BY LSEL  COMMAND.

 RESELECT     FOR ITEM=LOC  COMPONENT=Z     BETWEEN  0.0000     AND   10.000    
   KABS=  0.  TOLERANCE= 0.100000E-06

        2  LINES (OF      226  DEFINED) SELECTED BY LSEL  COMMAND.

 REVERSE THE DIRECTION OF LINE(S)      51      52
      AND MAKE ANY LINE ELEMENTS CONSISTENT WITH THE NEW DIRECTION(S).

 ALL SELECT   FOR ITEM=LINE COMPONENT=    
  IN RANGE         1 TO        226 STEP          1

      226  LINES (OF      226  DEFINED) SELECTED BY LSEL COMMAND.

 SELECT       FOR ITEM=LOC  COMPONENT=X     BETWEEN  1.9900     AND   2.0000    
   KABS=  0.  TOLERANCE= 0.100000E-09

       16  LINES (OF      226  DEFINED) SELECTED BY LSEL  COMMAND.

 RESELECT     FOR ITEM=LOC  COMPONENT=Y     BETWEEN  0.0000     AND  0.10000E-01
   KABS=  0.  TOLERANCE= 0.100000E-09

        6  LINES (OF      226  DEFINED) SELECTED BY LSEL  COMMAND.

 RESELECT     FOR ITEM=LOC  COMPONENT=Z     BETWEEN  43.333     AND   43.333    
   KABS=  0.  TOLERANCE= 0.216667    

        0  LINES (OF      226  DEFINED) SELECTED BY LSEL  COMMAND.

 REVERSE THE DIRECTION OF LINE(S)
      AND MAKE ANY LINE ELEMENTS CONSISTENT WITH THE NEW DIRECTION(S).

 ALL SELECT   FOR ITEM=LINE COMPONENT=    
  IN RANGE         1 TO        226 STEP          1

      226  LINES (OF      226  DEFINED) SELECTED BY LSEL COMMAND.

 SELECT       FOR ITEM=LOC  COMPONENT=X     BETWEEN  1.0100     AND   1.9900    
   KABS=  0.  TOLERANCE= 0.980000E-08

       22  LINES (OF      226  DEFINED) SELECTED BY LSEL  COMMAND.

 RESELECT     FOR ITEM=LOC  COMPONENT=Y     BETWEEN  179.00     AND   181.00    
   KABS=  0.  TOLERANCE= 0.200000E-07

        6  LINES (OF      226  DEFINED) SELECTED BY LSEL  COMMAND.

 RESELECT     FOR ITEM=LOC  COMPONENT=Z     BETWEEN  0.0000     AND   10.000    
   KABS=  0.  TOLERANCE= 0.100000E-06

        2  LINES (OF      226  DEFINED) SELECTED BY LSEL  COMMAND.

 REVERSE THE DIRECTION OF LINE(S)      88      90
      AND MAKE ANY LINE ELEMENTS CONSISTENT WITH THE NEW DIRECTION(S).

 ACTIVE COORDINATE SYSTEM SET TO          0  (CARTESIAN)  

 ALL SELECT   FOR ITEM=LINE COMPONENT=    
  IN RANGE         1 TO        226 STEP          1

      226  LINES (OF      226  DEFINED) SELECTED BY LSEL COMMAND.

 SELECT       FOR ITEM=LOC  COMPONENT=X     BETWEEN -19.990     AND  -2.0100    
   KABS=  0.  TOLERANCE= 0.179800E-06

       12  LINES (OF      226  DEFINED) SELECTED BY LSEL  COMMAND.

 RESELECT     FOR ITEM=LOC  COMPONENT=Y     BETWEEN  0.0000     AND  0.10000E-01
   KABS=  0.  TOLERANCE= 0.100000E-09

        6  LINES (OF      226  DEFINED) SELECTED BY LSEL  COMMAND.

 RESELECT     FOR ITEM=LOC  COMPONENT=Z     BETWEEN  0.0000     AND   43.333    
   KABS=  0.  TOLERANCE= 0.433333E-06

        6  LINES (OF      226  DEFINED) SELECTED BY LSEL  COMMAND.

 SET DIVISIONS ON ALL SELECTED LINES
      TO  NDIV =   12,  SPACING RATIO =   6.000
      (KFORCE = 0      PREVIOUS NONZERO VALUES WILL NOT BE ALTERED)
 NDIV AND SPACE CAN BE OVERRIDDEN FOR CURVATURE OR PROXIMITY

 ACTIVE COORDINATE SYSTEM SET TO          0  (CARTESIAN)  

 ALL SELECT   FOR ITEM=LINE COMPONENT=    
  IN RANGE         1 TO        226 STEP          1

      226  LINES (OF      226  DEFINED) SELECTED BY LSEL COMMAND.

 SELECT       FOR ITEM=LOC  COMPONENT=X     BETWEEN  0.0000     AND   2.0000    
   KABS=  0.  TOLERANCE= 0.200000E-07

      138  LINES (OF      226  DEFINED) SELECTED BY LSEL  COMMAND.

 RESELECT     FOR ITEM=LOC  COMPONENT=Y     BETWEEN  2.0100     AND   19.990    
   KABS=  0.  TOLERANCE= 0.179800E-06

       12  LINES (OF      226  DEFINED) SELECTED BY LSEL  COMMAND.

 RESELECT     FOR ITEM=LOC  COMPONENT=Z     BETWEEN  0.0000     AND   43.333    
   KABS=  0.  TOLERANCE= 0.433333E-06

       12  LINES (OF      226  DEFINED) SELECTED BY LSEL  COMMAND.

 REVERSE THE DIRECTION OF LINE(S)       2       5
           14      15      39      46      94      98     101     119
          122     153
      AND MAKE ANY LINE ELEMENTS CONSISTENT WITH THE NEW DIRECTION(S).

 SET DIVISIONS ON ALL SELECTED LINES
      TO  NDIV =   12,  SPACING RATIO =   6.000
      (KFORCE = 0      PREVIOUS NONZERO VALUES WILL NOT BE ALTERED)
 NDIV AND SPACE CAN BE OVERRIDDEN FOR CURVATURE OR PROXIMITY

 ACTIVE COORDINATE SYSTEM SET TO          0  (CARTESIAN)  

 ALL SELECT   FOR ITEM=LINE COMPONENT=    
  IN RANGE         1 TO        226 STEP          1

      226  LINES (OF      226  DEFINED) SELECTED BY LSEL COMMAND.

 SELECT       FOR ITEM=LOC  COMPONENT=X     BETWEEN -2.0000     AND   0.0000    
   KABS=  0.  TOLERANCE= 0.200000E-07

      106  LINES (OF      226  DEFINED) SELECTED BY LSEL  COMMAND.

 RESELECT     FOR ITEM=LOC  COMPONENT=Y     BETWEEN  2.0100     AND   19.990    
   KABS=  0.  TOLERANCE= 0.179800E-06

        6  LINES (OF      226  DEFINED) SELECTED BY LSEL  COMMAND.

 RESELECT     FOR ITEM=LOC  COMPONENT=Z     BETWEEN  26.667     AND   26.667    
   KABS=  0.  TOLERANCE= 0.133333    

        1  LINES (OF      226  DEFINED) SELECTED BY LSEL  COMMAND.

 REVERSE THE DIRECTION OF LINE(S)     153
      AND MAKE ANY LINE ELEMENTS CONSISTENT WITH THE NEW DIRECTION(S).

 ACTIVE COORDINATE SYSTEM SET TO          0  (CARTESIAN)  

 ALL SELECT   FOR ITEM=LINE COMPONENT=    
  IN RANGE         1 TO        226 STEP          1

      226  LINES (OF      226  DEFINED) SELECTED BY LSEL COMMAND.

 SELECT       FOR ITEM=LOC  COMPONENT=X     BETWEEN -19.990     AND  -2.0100    
   KABS=  0.  TOLERANCE= 0.179800E-06

       12  LINES (OF      226  DEFINED) SELECTED BY LSEL  COMMAND.

 RESELECT     FOR ITEM=LOC  COMPONENT=Y     BETWEEN  0.0000     AND  0.10000E-01
   KABS=  0.  TOLERANCE= 0.100000E-09

        6  LINES (OF      226  DEFINED) SELECTED BY LSEL  COMMAND.

 RESELECT     FOR ITEM=LOC  COMPONENT=Z     BETWEEN  0.0000     AND   10.000    
   KABS=  0.  TOLERANCE= 0.100000E-06

        2  LINES (OF      226  DEFINED) SELECTED BY LSEL  COMMAND.

 REVERSE THE DIRECTION OF LINE(S)     150     151
      AND MAKE ANY LINE ELEMENTS CONSISTENT WITH THE NEW DIRECTION(S).

 ACTIVE COORDINATE SYSTEM SET TO          0  (CARTESIAN)  

 ALL SELECT   FOR ITEM=LINE COMPONENT=    
  IN RANGE         1 TO        226 STEP          1

      226  LINES (OF      226  DEFINED) SELECTED BY LSEL COMMAND.

 SELECT       FOR ITEM=LOC  COMPONENT=X     BETWEEN -19.990     AND  -2.0100    
   KABS=  0.  TOLERANCE= 0.179800E-06

       12  LINES (OF      226  DEFINED) SELECTED BY LSEL  COMMAND.

 RESELECT     FOR ITEM=LOC  COMPONENT=Y     BETWEEN  0.0000     AND  0.10000E-01
   KABS=  0.  TOLERANCE= 0.100000E-09

        6  LINES (OF      226  DEFINED) SELECTED BY LSEL  COMMAND.

 RESELECT     FOR ITEM=LOC  COMPONENT=Z     BETWEEN  43.323     AND   43.333    
   KABS=  0.  TOLERANCE= 0.100000E-09

        1  LINES (OF      226  DEFINED) SELECTED BY LSEL  COMMAND.

 REVERSE THE DIRECTION OF LINE(S)     197
      AND MAKE ANY LINE ELEMENTS CONSISTENT WITH THE NEW DIRECTION(S).

 ACTIVE COORDINATE SYSTEM SET TO          0  (CARTESIAN)  

 ALL SELECT   FOR ITEM=LINE COMPONENT=    
  IN RANGE         1 TO        226 STEP          1

      226  LINES (OF      226  DEFINED) SELECTED BY LSEL COMMAND.

 SELECT       FOR ITEM=LOC  COMPONENT=X     BETWEEN -2.0100     AND  -1.0000    
   KABS=  0.  TOLERANCE= 0.101000E-07

       32  LINES (OF      226  DEFINED) SELECTED BY LSEL  COMMAND.

 RESELECT     FOR ITEM=LOC  COMPONENT=Y     BETWEEN 0.10000E-01 AND   1.9900    
   KABS=  0.  TOLERANCE= 0.198000E-07

        6  LINES (OF      226  DEFINED) SELECTED BY LSEL  COMMAND.

 RESELECT     FOR ITEM=LOC  COMPONENT=Z     BETWEEN  0.0000     AND   43.333    
   KABS=  0.  TOLERANCE= 0.433333E-06

        6  LINES (OF      226  DEFINED) SELECTED BY LSEL  COMMAND.

 SET DIVISIONS ON ALL SELECTED LINES
      TO  NDIV =    8,  SPACING RATIO =   1.000
      (KFORCE = 0      PREVIOUS NONZERO VALUES WILL NOT BE ALTERED)
 NDIV AND SPACE CAN BE OVERRIDDEN FOR CURVATURE OR PROXIMITY

 ACTIVE COORDINATE SYSTEM SET TO          0  (CARTESIAN)  

 ALL SELECT   FOR ITEM=LINE COMPONENT=    
  IN RANGE         1 TO        226 STEP          1

      226  LINES (OF      226  DEFINED) SELECTED BY LSEL COMMAND.

 SELECT       FOR ITEM=LOC  COMPONENT=X     BETWEEN  1.9900     AND   2.0100    
   KABS=  0.  TOLERANCE= 0.200000E-09

       32  LINES (OF      226  DEFINED) SELECTED BY LSEL  COMMAND.

 RESELECT     FOR ITEM=LOC  COMPONENT=Y     BETWEEN  1.0000     AND   1.9900    
   KABS=  0.  TOLERANCE= 0.990000E-08

        6  LINES (OF      226  DEFINED) SELECTED BY LSEL  COMMAND.

 RESELECT     FOR ITEM=LOC  COMPONENT=Z     BETWEEN  0.0000     AND   43.333    
   KABS=  0.  TOLERANCE= 0.433333E-06

        6  LINES (OF      226  DEFINED) SELECTED BY LSEL  COMMAND.

 UNSELECT     FOR ITEM=LOC  COMPONENT=Z     BETWEEN  26.667     AND   26.667    
   KABS=  0.  TOLERANCE= 0.133333    

        5  LINES (OF      226  DEFINED) SELECTED BY LSEL COMMAND.

 SET DIVISIONS ON ALL SELECTED LINES
      TO  NDIV =    8,  SPACING RATIO =   1.000
      (KFORCE = 0      PREVIOUS NONZERO VALUES WILL NOT BE ALTERED)
 NDIV AND SPACE CAN BE OVERRIDDEN FOR CURVATURE OR PROXIMITY

 ACTIVE COORDINATE SYSTEM SET TO          0  (CARTESIAN)  

 ALL SELECT   FOR ITEM=LINE COMPONENT=    
  IN RANGE         1 TO        226 STEP          1

      226  LINES (OF      226  DEFINED) SELECTED BY LSEL COMMAND.

 SELECT       FOR ITEM=LOC  COMPONENT=X     BETWEEN 0.10000E-01 AND   1.9900    
   KABS=  0.  TOLERANCE= 0.198000E-07

       60  LINES (OF      226  DEFINED) SELECTED BY LSEL  COMMAND.

 RESELECT     FOR ITEM=LOC  COMPONENT=Y     BETWEEN  1.9900     AND   20.000    
   KABS=  0.  TOLERANCE= 0.180100E-06

       12  LINES (OF      226  DEFINED) SELECTED BY LSEL  COMMAND.

 RESELECT     FOR ITEM=LOC  COMPONENT=Z     BETWEEN  0.0000     AND   43.333    
   KABS=  0.  TOLERANCE= 0.433333E-06

       12  LINES (OF      226  DEFINED) SELECTED BY LSEL  COMMAND.

 SET DIVISIONS ON ALL SELECTED LINES
      TO  NDIV =    8,  SPACING RATIO =   1.000
      (KFORCE = 0      PREVIOUS NONZERO VALUES WILL NOT BE ALTERED)
 NDIV AND SPACE CAN BE OVERRIDDEN FOR CURVATURE OR PROXIMITY

 ACTIVE COORDINATE SYSTEM SET TO          0  (CARTESIAN)  

 ALL SELECT   FOR ITEM=LINE COMPONENT=    
  IN RANGE         1 TO        226 STEP          1

      226  LINES (OF      226  DEFINED) SELECTED BY LSEL COMMAND.

 SELECT       FOR ITEM=LOC  COMPONENT=X     BETWEEN -1.9900     AND -0.10000E-01
   KABS=  0.  TOLERANCE= 0.198000E-07

       44  LINES (OF      226  DEFINED) SELECTED BY LSEL  COMMAND.

 RESELECT     FOR ITEM=LOC  COMPONENT=Y     BETWEEN  1.9900     AND   2.0100    
   KABS=  0.  TOLERANCE= 0.200000E-09

        6  LINES (OF      226  DEFINED) SELECTED BY LSEL  COMMAND.

 RESELECT     FOR ITEM=LOC  COMPONENT=Z     BETWEEN  0.0000     AND   43.333    
   KABS=  0.  TOLERANCE= 0.433333E-06

        6  LINES (OF      226  DEFINED) SELECTED BY LSEL  COMMAND.

 SET DIVISIONS ON ALL SELECTED LINES
      TO  NDIV =    8,  SPACING RATIO =   1.000
      (KFORCE = 0      PREVIOUS NONZERO VALUES WILL NOT BE ALTERED)
 NDIV AND SPACE CAN BE OVERRIDDEN FOR CURVATURE OR PROXIMITY

 ACTIVE COORDINATE SYSTEM SET TO          0  (CARTESIAN)  

 ALL SELECT   FOR ITEM=LINE COMPONENT=    
  IN RANGE         1 TO        226 STEP          1

      226  LINES (OF      226  DEFINED) SELECTED BY LSEL COMMAND.

 SELECT       FOR ITEM=LOC  COMPONENT=X     BETWEEN -19.990     AND -0.10000E-01
   KABS=  0.  TOLERANCE= 0.199800E-06

       72  LINES (OF      226  DEFINED) SELECTED BY LSEL  COMMAND.

 RESELECT     FOR ITEM=LOC  COMPONENT=Y     BETWEEN  19.990     AND   20.010    
   KABS=  0.  TOLERANCE= 0.200000E-09

        6  LINES (OF      226  DEFINED) SELECTED BY LSEL  COMMAND.

 RESELECT     FOR ITEM=LOC  COMPONENT=Z     BETWEEN  0.0000     AND   43.333    
   KABS=  0.  TOLERANCE= 0.433333E-06

        6  LINES (OF      226  DEFINED) SELECTED BY LSEL  COMMAND.

 SET DIVISIONS ON ALL SELECTED LINES
      TO  NDIV =    8,  SPACING RATIO =   1.000
      (KFORCE = 0      PREVIOUS NONZERO VALUES WILL NOT BE ALTERED)
 NDIV AND SPACE CAN BE OVERRIDDEN FOR CURVATURE OR PROXIMITY

 ACTIVE COORDINATE SYSTEM SET TO          0  (CARTESIAN)  

 ALL SELECT   FOR ITEM=LINE COMPONENT=    
  IN RANGE         1 TO        226 STEP          1

      226  LINES (OF      226  DEFINED) SELECTED BY LSEL COMMAND.

 SELECT       FOR ITEM=LOC  COMPONENT=X     BETWEEN -20.010     AND  -19.990    
   KABS=  0.  TOLERANCE= 0.200000E-09

       16  LINES (OF      226  DEFINED) SELECTED BY LSEL  COMMAND.

 RESELECT     FOR ITEM=LOC  COMPONENT=Y     BETWEEN 0.10000E-01 AND   19.990    
   KABS=  0.  TOLERANCE= 0.199800E-06

        6  LINES (OF      226  DEFINED) SELECTED BY LSEL  COMMAND.

 RESELECT     FOR ITEM=LOC  COMPONENT=Z     BETWEEN  0.0000     AND   43.333    
   KABS=  0.  TOLERANCE= 0.433333E-06

        6  LINES (OF      226  DEFINED) SELECTED BY LSEL  COMMAND.

 SET DIVISIONS ON ALL SELECTED LINES
      TO  NDIV =    8,  SPACING RATIO =   1.000
      (KFORCE = 0      PREVIOUS NONZERO VALUES WILL NOT BE ALTERED)
 NDIV AND SPACE CAN BE OVERRIDDEN FOR CURVATURE OR PROXIMITY

 ACTIVE COORDINATE SYSTEM SET TO          0  (CARTESIAN)  

 ALL SELECT   FOR ITEM=LINE COMPONENT=    
  IN RANGE         1 TO        226 STEP          1

      226  LINES (OF      226  DEFINED) SELECTED BY LSEL COMMAND.

 SELECT       FOR ITEM=LOC  COMPONENT=X     BETWEEN 0.91000     AND  0.99000    
   KABS=  0.  TOLERANCE= 0.800000E-09

        8  LINES (OF      226  DEFINED) SELECTED BY LSEL  COMMAND.

 RESELECT     FOR ITEM=LOC  COMPONENT=Y     BETWEEN  0.0000     AND  0.10000E-01
   KABS=  0.  TOLERANCE= 0.100000E-09

        6  LINES (OF      226  DEFINED) SELECTED BY LSEL  COMMAND.

 RESELECT     FOR ITEM=LOC  COMPONENT=Z     BETWEEN  0.0000     AND   43.333    
   KABS=  0.  TOLERANCE= 0.433333E-06

        6  LINES (OF      226  DEFINED) SELECTED BY LSEL  COMMAND.

 SET DIVISIONS ON ALL SELECTED LINES
      TO  NDIV =    1,  SPACING RATIO =   1.000
      (KFORCE = 0      PREVIOUS NONZERO VALUES WILL NOT BE ALTERED)
 NDIV AND SPACE CAN BE OVERRIDDEN FOR CURVATURE OR PROXIMITY

 ACTIVE COORDINATE SYSTEM SET TO          0  (CARTESIAN)  

 ALL SELECT   FOR ITEM=LINE COMPONENT=    
  IN RANGE         1 TO        226 STEP          1

      226  LINES (OF      226  DEFINED) SELECTED BY LSEL COMMAND.

 SELECT       FOR ITEM=LOC  COMPONENT=X     BETWEEN-0.99000     AND -0.91000    
   KABS=  0.  TOLERANCE= 0.800000E-09

        6  LINES (OF      226  DEFINED) SELECTED BY LSEL  COMMAND.

 RESELECT     FOR ITEM=LOC  COMPONENT=Y     BETWEEN  0.0000     AND  0.10000E-01
   KABS=  0.  TOLERANCE= 0.100000E-09

        6  LINES (OF      226  DEFINED) SELECTED BY LSEL  COMMAND.

 RESELECT     FOR ITEM=LOC  COMPONENT=Z     BETWEEN  0.0000     AND   43.333    
   KABS=  0.  TOLERANCE= 0.433333E-06

        6  LINES (OF      226  DEFINED) SELECTED BY LSEL  COMMAND.

 SET DIVISIONS ON ALL SELECTED LINES
      TO  NDIV =    1,  SPACING RATIO =   1.000
      (KFORCE = 0      PREVIOUS NONZERO VALUES WILL NOT BE ALTERED)
 NDIV AND SPACE CAN BE OVERRIDDEN FOR CURVATURE OR PROXIMITY

 ACTIVE COORDINATE SYSTEM SET TO          0  (CARTESIAN)  

 ALL SELECT   FOR ITEM=LINE COMPONENT=    
  IN RANGE         1 TO        226 STEP          1

      226  LINES (OF      226  DEFINED) SELECTED BY LSEL COMMAND.

 SELECT       FOR ITEM=LOC  COMPONENT=X     BETWEEN -20.000     AND  -1.0100    
   KABS=  0.  TOLERANCE= 0.189900E-06

       50  LINES (OF      226  DEFINED) SELECTED BY LSEL  COMMAND.

 RESELECT     FOR ITEM=LOC  COMPONENT=Y     BETWEEN  0.0000     AND   20.000    
   KABS=  0.  TOLERANCE= 0.200000E-06

       50  LINES (OF      226  DEFINED) SELECTED BY LSEL  COMMAND.

 RESELECT     FOR ITEM=LOC  COMPONENT=Z     BETWEEN  27.333     AND   27.333    
   KABS=  0.  TOLERANCE= 0.136667    

        4  LINES (OF      226  DEFINED) SELECTED BY LSEL  COMMAND.

 SET DIVISIONS ON ALL SELECTED LINES
      FOR ELEMENT SIZE =  0.33333        SPACING RATIO =     1.0000
      (KFORCE = 0      PREVIOUS NONZERO VALUES WILL NOT BE ALTERED)
 NDIV AND SPACE CAN BE OVERRIDDEN FOR CURVATURE OR PROXIMITY

 ACTIVE COORDINATE SYSTEM SET TO          0  (CARTESIAN)  

 ALL SELECT   FOR ITEM=LINE COMPONENT=    
  IN RANGE         1 TO        226 STEP          1

      226  LINES (OF      226  DEFINED) SELECTED BY LSEL COMMAND.

 SELECT       FOR ITEM=LOC  COMPONENT=X     BETWEEN -20.000     AND  -1.0100    
   KABS=  0.  TOLERANCE= 0.189900E-06

       50  LINES (OF      226  DEFINED) SELECTED BY LSEL  COMMAND.

 RESELECT     FOR ITEM=LOC  COMPONENT=Y     BETWEEN  0.0000     AND   20.000    
   KABS=  0.  TOLERANCE= 0.200000E-06

       50  LINES (OF      226  DEFINED) SELECTED BY LSEL  COMMAND.

 RESELECT     FOR ITEM=LOC  COMPONENT=Z     BETWEEN  26.000     AND   26.000    
   KABS=  0.  TOLERANCE= 0.130000    

        4  LINES (OF      226  DEFINED) SELECTED BY LSEL  COMMAND.

 SET DIVISIONS ON ALL SELECTED LINES
      FOR ELEMENT SIZE =  0.33333        SPACING RATIO =     1.0000
      (KFORCE = 0      PREVIOUS NONZERO VALUES WILL NOT BE ALTERED)
 NDIV AND SPACE CAN BE OVERRIDDEN FOR CURVATURE OR PROXIMITY

 ACTIVE COORDINATE SYSTEM SET TO          0  (CARTESIAN)  

 ALL SELECT   FOR ITEM=LINE COMPONENT=    
  IN RANGE         1 TO        226 STEP          1

      226  LINES (OF      226  DEFINED) SELECTED BY LSEL COMMAND.

 SELECT       FOR ITEM=LOC  COMPONENT=X     BETWEEN  0.0000     AND   2.0000    
   KABS=  0.  TOLERANCE= 0.200000E-07

      138  LINES (OF      226  DEFINED) SELECTED BY LSEL  COMMAND.

 RESELECT     FOR ITEM=LOC  COMPONENT=Y     BETWEEN  2.0000     AND   20.000    
   KABS=  0.  TOLERANCE= 0.180000E-06

       44  LINES (OF      226  DEFINED) SELECTED BY LSEL  COMMAND.

 RESELECT     FOR ITEM=LOC  COMPONENT=Z     BETWEEN  27.333     AND   27.333    
   KABS=  0.  TOLERANCE= 0.136667    

        4  LINES (OF      226  DEFINED) SELECTED BY LSEL  COMMAND.

 SET DIVISIONS ON ALL SELECTED LINES
      FOR ELEMENT SIZE =  0.33333        SPACING RATIO =     1.0000
      (KFORCE = 0      PREVIOUS NONZERO VALUES WILL NOT BE ALTERED)
 NDIV AND SPACE CAN BE OVERRIDDEN FOR CURVATURE OR PROXIMITY

 ACTIVE COORDINATE SYSTEM SET TO          0  (CARTESIAN)  

 ALL SELECT   FOR ITEM=LINE COMPONENT=    
  IN RANGE         1 TO        226 STEP          1

      226  LINES (OF      226  DEFINED) SELECTED BY LSEL COMMAND.

 SELECT       FOR ITEM=LOC  COMPONENT=X     BETWEEN  0.0000     AND   2.0000    
   KABS=  0.  TOLERANCE= 0.200000E-07

      138  LINES (OF      226  DEFINED) SELECTED BY LSEL  COMMAND.

 RESELECT     FOR ITEM=LOC  COMPONENT=Y     BETWEEN  2.0000     AND   20.000    
   KABS=  0.  TOLERANCE= 0.180000E-06

       44  LINES (OF      226  DEFINED) SELECTED BY LSEL  COMMAND.

 RESELECT     FOR ITEM=LOC  COMPONENT=Z     BETWEEN  26.000     AND   26.000    
   KABS=  0.  TOLERANCE= 0.130000    

        4  LINES (OF      226  DEFINED) SELECTED BY LSEL  COMMAND.

 SET DIVISIONS ON ALL SELECTED LINES
      FOR ELEMENT SIZE =  0.33333        SPACING RATIO =     1.0000
      (KFORCE = 0      PREVIOUS NONZERO VALUES WILL NOT BE ALTERED)
 NDIV AND SPACE CAN BE OVERRIDDEN FOR CURVATURE OR PROXIMITY

 ACTIVE COORDINATE SYSTEM SET TO          0  (CARTESIAN)  

 ALL SELECT   FOR ITEM=LINE COMPONENT=    
  IN RANGE         1 TO        226 STEP          1

      226  LINES (OF      226  DEFINED) SELECTED BY LSEL COMMAND.

 SELECT       FOR ITEM=LOC  COMPONENT=Z     BETWEEN 0.10000E-01 AND   9.9900    
   KABS=  0.  TOLERANCE= 0.998000E-07

       16  LINES (OF      226  DEFINED) SELECTED BY LSEL  COMMAND.

 RESELECT     FOR ITEM=LOC  COMPONENT=X     BETWEEN -19.990     AND   2.0000    
   KABS=  0.  TOLERANCE= 0.219900E-06

       14  LINES (OF      226  DEFINED) SELECTED BY LSEL  COMMAND.

 RESELECT     FOR ITEM=LOC  COMPONENT=Y     BETWEEN  0.0000     AND   20.000    
   KABS=  0.  TOLERANCE= 0.200000E-06

       14  LINES (OF      226  DEFINED) SELECTED BY LSEL  COMMAND.

 REVERSE THE DIRECTION OF LINE(S)       8       9
           12      16      18      19      20      25      29      62
           71      72      73      92
      AND MAKE ANY LINE ELEMENTS CONSISTENT WITH THE NEW DIRECTION(S).

 SET DIVISIONS ON ALL SELECTED LINES
      TO  NDIV =   15,  SPACING RATIO =   5.000
      (KFORCE = 0      PREVIOUS NONZERO VALUES WILL NOT BE ALTERED)
 NDIV AND SPACE CAN BE OVERRIDDEN FOR CURVATURE OR PROXIMITY

 ACTIVE COORDINATE SYSTEM SET TO          0  (CARTESIAN)  

 ALL SELECT   FOR ITEM=LINE COMPONENT=    
  IN RANGE         1 TO        226 STEP          1

      226  LINES (OF      226  DEFINED) SELECTED BY LSEL COMMAND.

 SELECT       FOR ITEM=LOC  COMPONENT=Z     BETWEEN 0.10000E-01 AND   9.9900    
   KABS=  0.  TOLERANCE= 0.998000E-07

       16  LINES (OF      226  DEFINED) SELECTED BY LSEL  COMMAND.

 RESELECT     FOR ITEM=LOC  COMPONENT=X     BETWEEN -20.000     AND  -19.990    
   KABS=  0.  TOLERANCE= 0.100000E-09

        2  LINES (OF      226  DEFINED) SELECTED BY LSEL  COMMAND.

 RESELECT     FOR ITEM=LOC  COMPONENT=Y     BETWEEN  0.0000     AND   20.000    
   KABS=  0.  TOLERANCE= 0.200000E-06

        2  LINES (OF      226  DEFINED) SELECTED BY LSEL  COMMAND.

 REVERSE THE DIRECTION OF LINE(S)       7      10
      AND MAKE ANY LINE ELEMENTS CONSISTENT WITH THE NEW DIRECTION(S).

 SET DIVISIONS ON ALL SELECTED LINES
      TO  NDIV =   15,  SPACING RATIO =   0.200
      (KFORCE = 0      PREVIOUS NONZERO VALUES WILL NOT BE ALTERED)
 NDIV AND SPACE CAN BE OVERRIDDEN FOR CURVATURE OR PROXIMITY

 ACTIVE COORDINATE SYSTEM SET TO          0  (CARTESIAN)  

 ALL SELECT   FOR ITEM=LINE COMPONENT=    
  IN RANGE         1 TO        226 STEP          1

      226  LINES (OF      226  DEFINED) SELECTED BY LSEL COMMAND.

 SELECT       FOR ITEM=LOC  COMPONENT=Z     BETWEEN  27.343     AND   27.990    
   KABS=  0.  TOLERANCE= 0.646667E-08

        2  LINES (OF      226  DEFINED) SELECTED BY LSEL  COMMAND.

 RESELECT     FOR ITEM=LOC  COMPONENT=X     BETWEEN 0.99000     AND   2.0000    
   KABS=  0.  TOLERANCE= 0.101000E-07

        2  LINES (OF      226  DEFINED) SELECTED BY LSEL  COMMAND.

 RESELECT     FOR ITEM=LOC  COMPONENT=Y     BETWEEN  0.0000     AND  0.10000E-01
   KABS=  0.  TOLERANCE= 0.100000E-09

        2  LINES (OF      226  DEFINED) SELECTED BY LSEL  COMMAND.

 SET DIVISIONS ON ALL SELECTED LINES
      TO  NDIV =    6,  SPACING RATIO =   4.000
      (KFORCE = 0      PREVIOUS NONZERO VALUES WILL NOT BE ALTERED)
 NDIV AND SPACE CAN BE OVERRIDDEN FOR CURVATURE OR PROXIMITY

 ACTIVE COORDINATE SYSTEM SET TO          0  (CARTESIAN)  

 ALL SELECT   FOR ITEM=LINE COMPONENT=    
  IN RANGE         1 TO        226 STEP          1

      226  LINES (OF      226  DEFINED) SELECTED BY LSEL COMMAND.

 SELECT       FOR ITEM=LOC  COMPONENT=Z     BETWEEN  26.667     AND   26.667    
   KABS=  0.  TOLERANCE= 0.133333    

       29  LINES (OF      226  DEFINED) SELECTED BY LSEL  COMMAND.

 RESELECT     FOR ITEM=LOC  COMPONENT=X     BETWEEN  2.0000     AND   2.0000    
   KABS=  0.  TOLERANCE= 0.100000E-01

        4  LINES (OF      226  DEFINED) SELECTED BY LSEL  COMMAND.

 RESELECT     FOR ITEM=LOC  COMPONENT=Y     BETWEEN 0.66667     AND   2.0000    
   KABS=  0.  TOLERANCE= 0.133333E-07

        1  LINES (OF      226  DEFINED) SELECTED BY LSEL  COMMAND.

 SET DIVISIONS ON ALL SELECTED LINES
      TO  NDIV =   14,  SPACING RATIO =   5.000
      (KFORCE = 0      PREVIOUS NONZERO VALUES WILL NOT BE ALTERED)
 NDIV AND SPACE CAN BE OVERRIDDEN FOR CURVATURE OR PROXIMITY

 ACTIVE COORDINATE SYSTEM SET TO          0  (CARTESIAN)  

 ALL SELECT   FOR ITEM=LINE COMPONENT=    
  IN RANGE         1 TO        226 STEP          1

      226  LINES (OF      226  DEFINED) SELECTED BY LSEL COMMAND.

 SELECT       FOR ITEM=LOC  COMPONENT=Z     BETWEEN  26.667     AND   26.667    
   KABS=  0.  TOLERANCE= 0.133333    

       29  LINES (OF      226  DEFINED) SELECTED BY LSEL  COMMAND.

 RESELECT     FOR ITEM=LOC  COMPONENT=X     BETWEEN  0.0000     AND   2.0000    
   KABS=  0.  TOLERANCE= 0.200000E-07

       19  LINES (OF      226  DEFINED) SELECTED BY LSEL  COMMAND.

 RESELECT     FOR ITEM=LOC  COMPONENT=Y     BETWEEN  1.0000     AND   1.9900    
   KABS=  0.  TOLERANCE= 0.990000E-08

        2  LINES (OF      226  DEFINED) SELECTED BY LSEL  COMMAND.

 REVERSE THE DIRECTION OF LINE(S)     211     219
      AND MAKE ANY LINE ELEMENTS CONSISTENT WITH THE NEW DIRECTION(S).

 SELECT ALL ENTITIES OF TYPE= ALL  AND BELOW

 SELECT       FOR ITEM=LOC  COMPONENT=X     BETWEEN  0.0000     AND   2.0000    
   KABS=  0.  TOLERANCE= 0.200000E-07

       19  VOLUMES (OF       36  DEFINED) SELECTED BY  VSEL  COMMAND.

 RESELECT     FOR ITEM=LOC  COMPONENT=Y     BETWEEN  0.0000     AND   2.0000    
   KABS=  0.  TOLERANCE= 0.200000E-07

       14  VOLUMES (OF       36  DEFINED) SELECTED BY  VSEL  COMMAND.

 RESELECT     FOR ITEM=LOC  COMPONENT=Z     BETWEEN  28.000     AND   43.333    
   KABS=  0.  TOLERANCE= 0.153333E-06

        3  VOLUMES (OF       36  DEFINED) SELECTED BY  VSEL  COMMAND.

 ACTIVE COORDINATE SYSTEM SET TO          1  (CYLINDRICAL) Z- CYL. AXIS

 UNSELECT     FOR ITEM=LOC  COMPONENT=X     BETWEEN  0.0000     AND   1.0000    
   KABS=  0.  TOLERANCE= 0.100000E-07

        1  VOLUMES (OF       36  DEFINED) SELECTED BY VSEL COMMAND.

 ACTIVE COORDINATE SYSTEM SET TO          0  (CARTESIAN)  

 SELECT      AREAS ON EXTERIOR OF SELECTED VOLUMES

     7  AREAS (OF   159  DEFINED) SELECTED BY  ASEL  COMMAND.

 RESELECT     FOR ITEM=LOC  COMPONENT=X     BETWEEN  2.0000     AND   2.0000    
   KABS=  0.  TOLERANCE= 0.100000E-01

        1  AREAS (OF      159  DEFINED) SELECTED BY  ASEL  COMMAND.

 DEFINITION OF COMPONENT = A1        ENTITY=AREA

 SELECT ALL ENTITIES OF TYPE= ALL  AND BELOW

 SELECT       FOR ITEM=LOC  COMPONENT=X     BETWEEN  0.0000     AND   2.0000    
   KABS=  0.  TOLERANCE= 0.200000E-07

       19  VOLUMES (OF       36  DEFINED) SELECTED BY  VSEL  COMMAND.

 RESELECT     FOR ITEM=LOC  COMPONENT=Y     BETWEEN  0.0000     AND   2.0000    
   KABS=  0.  TOLERANCE= 0.200000E-07

       14  VOLUMES (OF       36  DEFINED) SELECTED BY  VSEL  COMMAND.

 RESELECT     FOR ITEM=LOC  COMPONENT=Z     BETWEEN  28.000     AND   43.333    
   KABS=  0.  TOLERANCE= 0.153333E-06

        3  VOLUMES (OF       36  DEFINED) SELECTED BY  VSEL  COMMAND.

 ACTIVE COORDINATE SYSTEM SET TO          1  (CYLINDRICAL) Z- CYL. AXIS

 UNSELECT     FOR ITEM=LOC  COMPONENT=X     BETWEEN  0.0000     AND   1.0000    
   KABS=  0.  TOLERANCE= 0.100000E-07

        1  VOLUMES (OF       36  DEFINED) SELECTED BY VSEL COMMAND.

 ACTIVE COORDINATE SYSTEM SET TO          0  (CARTESIAN)  

 SELECT      AREAS ON EXTERIOR OF SELECTED VOLUMES

     7  AREAS (OF   159  DEFINED) SELECTED BY  ASEL  COMMAND.

 RESELECT     FOR ITEM=LOC  COMPONENT=Y     BETWEEN  2.0000     AND   2.0000    
   KABS=  0.  TOLERANCE= 0.100000E-01

        1  AREAS (OF      159  DEFINED) SELECTED BY  ASEL  COMMAND.

 DEFINITION OF COMPONENT = A2        ENTITY=AREA

 SELECT      COMPONENT A1                              

 ALSO SELECT COMPONENT A2                              

 CONCATENATE AREAS
      AREA LIST = ALL SELECTED AREAS

 COMPOSITE AREA NO.=   160
      LINE LIST =    80  128  123  142  144   85

 COMPOSITE LINE NO.=   227  KP1=     69  KP2=     73

 COMPOSITE LINE NO.=   228  KP1=     22  KP2=     42

 SELECT ALL ENTITIES OF TYPE= ALL  AND BELOW

 SELECT       FOR ITEM=LOC  COMPONENT=X     BETWEEN -2.0000     AND   0.0000    
   KABS=  0.  TOLERANCE= 0.200000E-07

       12  VOLUMES (OF       36  DEFINED) SELECTED BY  VSEL  COMMAND.

 RESELECT     FOR ITEM=LOC  COMPONENT=Y     BETWEEN  0.0000     AND   2.0000    
   KABS=  0.  TOLERANCE= 0.200000E-07

       12  VOLUMES (OF       36  DEFINED) SELECTED BY  VSEL  COMMAND.

 RESELECT     FOR ITEM=LOC  COMPONENT=Z     BETWEEN  28.000     AND   43.333    
   KABS=  0.  TOLERANCE= 0.153333E-06

        3  VOLUMES (OF       36  DEFINED) SELECTED BY  VSEL  COMMAND.

 ACTIVE COORDINATE SYSTEM SET TO          1  (CYLINDRICAL) Z- CYL. AXIS

 UNSELECT     FOR ITEM=LOC  COMPONENT=X     BETWEEN  0.0000     AND   1.0000    
   KABS=  0.  TOLERANCE= 0.100000E-07

        1  VOLUMES (OF       36  DEFINED) SELECTED BY VSEL COMMAND.

 ACTIVE COORDINATE SYSTEM SET TO          0  (CARTESIAN)  

 SELECT      AREAS ON EXTERIOR OF SELECTED VOLUMES

     7  AREAS (OF   160  DEFINED) SELECTED BY  ASEL  COMMAND.

 RESELECT     FOR ITEM=LOC  COMPONENT=X     BETWEEN -2.0000     AND  -2.0000    
   KABS=  0.  TOLERANCE= 0.100000E-01

        1  AREAS (OF      160  DEFINED) SELECTED BY  ASEL  COMMAND.

 DEFINITION OF COMPONENT = A1        ENTITY=AREA

 SELECT ALL ENTITIES OF TYPE= ALL  AND BELOW

 SELECT       FOR ITEM=LOC  COMPONENT=X     BETWEEN -2.0000     AND   0.0000    
   KABS=  0.  TOLERANCE= 0.200000E-07

       12  VOLUMES (OF       36  DEFINED) SELECTED BY  VSEL  COMMAND.

 RESELECT     FOR ITEM=LOC  COMPONENT=Y     BETWEEN  0.0000     AND   2.0000    
   KABS=  0.  TOLERANCE= 0.200000E-07

       12  VOLUMES (OF       36  DEFINED) SELECTED BY  VSEL  COMMAND.

 RESELECT     FOR ITEM=LOC  COMPONENT=Z     BETWEEN  28.000     AND   43.333    
   KABS=  0.  TOLERANCE= 0.153333E-06

        3  VOLUMES (OF       36  DEFINED) SELECTED BY  VSEL  COMMAND.

 ACTIVE COORDINATE SYSTEM SET TO          1  (CYLINDRICAL) Z- CYL. AXIS

 UNSELECT     FOR ITEM=LOC  COMPONENT=X     BETWEEN  0.0000     AND   1.0000    
   KABS=  0.  TOLERANCE= 0.100000E-07

        1  VOLUMES (OF       36  DEFINED) SELECTED BY VSEL COMMAND.

 ACTIVE COORDINATE SYSTEM SET TO          0  (CARTESIAN)  

 SELECT      AREAS ON EXTERIOR OF SELECTED VOLUMES

     7  AREAS (OF   160  DEFINED) SELECTED BY  ASEL  COMMAND.

 RESELECT     FOR ITEM=LOC  COMPONENT=Y     BETWEEN  2.0000     AND   2.0000    
   KABS=  0.  TOLERANCE= 0.100000E-01

        1  AREAS (OF      160  DEFINED) SELECTED BY  ASEL  COMMAND.

 DEFINITION OF COMPONENT = A2        ENTITY=AREA

 SELECT      COMPONENT A1                              

 ALSO SELECT COMPONENT A2                              

 CONCATENATE AREAS
      AREA LIST = ALL SELECTED AREAS

 COMPOSITE AREA NO.=   161
      LINE LIST =   128  131   97  159  149  134

 COMPOSITE LINE NO.=   229  KP1=     42  KP2=     57

 COMPOSITE LINE NO.=   230  KP1=     76  KP2=     69

 SELECT ALL ENTITIES OF TYPE= ALL  AND BELOW

 SELECT       FOR ITEM=LOC  COMPONENT=X     BETWEEN -20.000     AND  -2.0000    
   KABS=  0.  TOLERANCE= 0.180000E-06

        5  VOLUMES (OF       36  DEFINED) SELECTED BY  VSEL  COMMAND.

 RESELECT     FOR ITEM=LOC  COMPONENT=Y     BETWEEN  0.0000     AND   10.000    
   KABS=  0.  TOLERANCE= 0.100000E-06

        5  VOLUMES (OF       36  DEFINED) SELECTED BY  VSEL  COMMAND.

 RESELECT     FOR ITEM=LOC  COMPONENT=Z     BETWEEN  28.000     AND   43.333    
   KABS=  0.  TOLERANCE= 0.153333E-06

        1  VOLUMES (OF       36  DEFINED) SELECTED BY  VSEL  COMMAND.

 SELECT      AREAS ON EXTERIOR OF SELECTED VOLUMES

     9  AREAS (OF   161  DEFINED) SELECTED BY  ASEL  COMMAND.

 RESELECT     FOR ITEM=LOC  COMPONENT=X     BETWEEN -20.000     AND  -20.000    
   KABS=  0.  TOLERANCE= 0.100000    

        1  AREAS (OF      161  DEFINED) SELECTED BY  ASEL  COMMAND.

 DEFINITION OF COMPONENT = A1        ENTITY=AREA

 SELECT ALL ENTITIES OF TYPE= ALL  AND BELOW

 SELECT       FOR ITEM=LOC  COMPONENT=X     BETWEEN -20.000     AND  -2.0000    
   KABS=  0.  TOLERANCE= 0.180000E-06

        5  VOLUMES (OF       36  DEFINED) SELECTED BY  VSEL  COMMAND.

 RESELECT     FOR ITEM=LOC  COMPONENT=Y     BETWEEN  0.0000     AND   10.000    
   KABS=  0.  TOLERANCE= 0.100000E-06

        5  VOLUMES (OF       36  DEFINED) SELECTED BY  VSEL  COMMAND.

 RESELECT     FOR ITEM=LOC  COMPONENT=Z     BETWEEN  28.000     AND   43.333    
   KABS=  0.  TOLERANCE= 0.153333E-06

        1  VOLUMES (OF       36  DEFINED) SELECTED BY  VSEL  COMMAND.

 SELECT      AREAS ON EXTERIOR OF SELECTED VOLUMES

     9  AREAS (OF   161  DEFINED) SELECTED BY  ASEL  COMMAND.

 RESELECT     FOR ITEM=LOC  COMPONENT=Y     BETWEEN  20.000     AND   20.000    
   KABS=  0.  TOLERANCE= 0.100000    

        1  AREAS (OF      161  DEFINED) SELECTED BY  ASEL  COMMAND.

 DEFINITION OF COMPONENT = A2        ENTITY=AREA

 SELECT      COMPONENT A1                              

 ALSO SELECT COMPONENT A2                              

 CONCATENATE AREAS
      AREA LIST = ALL SELECTED AREAS

 COMPOSITE AREA NO.=   162
      LINE LIST =    28   79  127  163  161  164

 COMPOSITE LINE NO.=   231  KP1=     68  KP2=     79

 COMPOSITE LINE NO.=   232  KP1=     21  KP2=     36

 SELECT ALL ENTITIES OF TYPE= ALL  AND BELOW

 SELECT       FOR ITEM=LOC  COMPONENT=X     BETWEEN  0.0000     AND   2.0000    
   KABS=  0.  TOLERANCE= 0.200000E-07

       19  VOLUMES (OF       36  DEFINED) SELECTED BY  VSEL  COMMAND.

 RESELECT     FOR ITEM=LOC  COMPONENT=Y     BETWEEN  0.0000     AND   2.0000    
   KABS=  0.  TOLERANCE= 0.200000E-07

       14  VOLUMES (OF       36  DEFINED) SELECTED BY  VSEL  COMMAND.

 RESELECT     FOR ITEM=LOC  COMPONENT=Z     BETWEEN  10.000     AND   25.333    
   KABS=  0.  TOLERANCE= 0.153333E-06

        3  VOLUMES (OF       36  DEFINED) SELECTED BY  VSEL  COMMAND.

 ACTIVE COORDINATE SYSTEM SET TO          1  (CYLINDRICAL) Z- CYL. AXIS

 UNSELECT     FOR ITEM=LOC  COMPONENT=X     BETWEEN  0.0000     AND   1.0000    
   KABS=  0.  TOLERANCE= 0.100000E-07

        1  VOLUMES (OF       36  DEFINED) SELECTED BY VSEL COMMAND.

 ACTIVE COORDINATE SYSTEM SET TO          0  (CARTESIAN)  

 SELECT      AREAS ON EXTERIOR OF SELECTED VOLUMES

     7  AREAS (OF   162  DEFINED) SELECTED BY  ASEL  COMMAND.

 RESELECT     FOR ITEM=LOC  COMPONENT=X     BETWEEN  2.0000     AND   2.0000    
   KABS=  0.  TOLERANCE= 0.100000E-01

        1  AREAS (OF      162  DEFINED) SELECTED BY  ASEL  COMMAND.

 DEFINITION OF COMPONENT = A1        ENTITY=AREA

 SELECT ALL ENTITIES OF TYPE= ALL  AND BELOW

 SELECT       FOR ITEM=LOC  COMPONENT=X     BETWEEN  0.0000     AND   2.0000    
   KABS=  0.  TOLERANCE= 0.200000E-07

       19  VOLUMES (OF       36  DEFINED) SELECTED BY  VSEL  COMMAND.

 RESELECT     FOR ITEM=LOC  COMPONENT=Y     BETWEEN  0.0000     AND   2.0000    
   KABS=  0.  TOLERANCE= 0.200000E-07

       14  VOLUMES (OF       36  DEFINED) SELECTED BY  VSEL  COMMAND.

 RESELECT     FOR ITEM=LOC  COMPONENT=Z     BETWEEN  10.000     AND   25.333    
   KABS=  0.  TOLERANCE= 0.153333E-06

        3  VOLUMES (OF       36  DEFINED) SELECTED BY  VSEL  COMMAND.

 ACTIVE COORDINATE SYSTEM SET TO          1  (CYLINDRICAL) Z- CYL. AXIS

 UNSELECT     FOR ITEM=LOC  COMPONENT=X     BETWEEN  0.0000     AND   1.0000    
   KABS=  0.  TOLERANCE= 0.100000E-07

        1  VOLUMES (OF       36  DEFINED) SELECTED BY VSEL COMMAND.

 ACTIVE COORDINATE SYSTEM SET TO          0  (CARTESIAN)  

 SELECT      AREAS ON EXTERIOR OF SELECTED VOLUMES

     7  AREAS (OF   162  DEFINED) SELECTED BY  ASEL  COMMAND.

 RESELECT     FOR ITEM=LOC  COMPONENT=Y     BETWEEN  2.0000     AND   2.0000    
   KABS=  0.  TOLERANCE= 0.100000E-01

        1  AREAS (OF      162  DEFINED) SELECTED BY  ASEL  COMMAND.

 DEFINITION OF COMPONENT = A2        ENTITY=AREA

 SELECT      COMPONENT A1                              

 ALSO SELECT COMPONENT A2                              

 CONCATENATE AREAS
      AREA LIST = ALL SELECTED AREAS

 COMPOSITE AREA NO.=   163
      LINE LIST =   100   37   82  175  177  166

 COMPOSITE LINE NO.=   233  KP1=     40  KP2=      6

 COMPOSITE LINE NO.=   234  KP1=     92  KP2=     88

 SELECT ALL ENTITIES OF TYPE= ALL  AND BELOW

 SELECT       FOR ITEM=LOC  COMPONENT=X     BETWEEN -2.0000     AND   0.0000    
   KABS=  0.  TOLERANCE= 0.200000E-07

       12  VOLUMES (OF       36  DEFINED) SELECTED BY  VSEL  COMMAND.

 RESELECT     FOR ITEM=LOC  COMPONENT=Y     BETWEEN  0.0000     AND   2.0000    
   KABS=  0.  TOLERANCE= 0.200000E-07

       12  VOLUMES (OF       36  DEFINED) SELECTED BY  VSEL  COMMAND.

 RESELECT     FOR ITEM=LOC  COMPONENT=Z     BETWEEN  10.000     AND   25.333    
   KABS=  0.  TOLERANCE= 0.153333E-06

        3  VOLUMES (OF       36  DEFINED) SELECTED BY  VSEL  COMMAND.

 ACTIVE COORDINATE SYSTEM SET TO          1  (CYLINDRICAL) Z- CYL. AXIS

 UNSELECT     FOR ITEM=LOC  COMPONENT=X     BETWEEN  0.0000     AND   1.0000    
   KABS=  0.  TOLERANCE= 0.100000E-07

        1  VOLUMES (OF       36  DEFINED) SELECTED BY VSEL COMMAND.

 ACTIVE COORDINATE SYSTEM SET TO          0  (CARTESIAN)  

 SELECT      AREAS ON EXTERIOR OF SELECTED VOLUMES

     7  AREAS (OF   163  DEFINED) SELECTED BY  ASEL  COMMAND.

 RESELECT     FOR ITEM=LOC  COMPONENT=X     BETWEEN -2.0000     AND  -2.0000    
   KABS=  0.  TOLERANCE= 0.100000E-01

        1  AREAS (OF      163  DEFINED) SELECTED BY  ASEL  COMMAND.

 DEFINITION OF COMPONENT = A1        ENTITY=AREA

 SELECT ALL ENTITIES OF TYPE= ALL  AND BELOW

 SELECT       FOR ITEM=LOC  COMPONENT=X     BETWEEN -2.0000     AND   0.0000    
   KABS=  0.  TOLERANCE= 0.200000E-07

       12  VOLUMES (OF       36  DEFINED) SELECTED BY  VSEL  COMMAND.

 RESELECT     FOR ITEM=LOC  COMPONENT=Y     BETWEEN  0.0000     AND   2.0000    
   KABS=  0.  TOLERANCE= 0.200000E-07

       12  VOLUMES (OF       36  DEFINED) SELECTED BY  VSEL  COMMAND.

 RESELECT     FOR ITEM=LOC  COMPONENT=Z     BETWEEN  10.000     AND   25.333    
   KABS=  0.  TOLERANCE= 0.153333E-06

        3  VOLUMES (OF       36  DEFINED) SELECTED BY  VSEL  COMMAND.

 ACTIVE COORDINATE SYSTEM SET TO          1  (CYLINDRICAL) Z- CYL. AXIS

 UNSELECT     FOR ITEM=LOC  COMPONENT=X     BETWEEN  0.0000     AND   1.0000    
   KABS=  0.  TOLERANCE= 0.100000E-07

        1  VOLUMES (OF       36  DEFINED) SELECTED BY VSEL COMMAND.

 ACTIVE COORDINATE SYSTEM SET TO          0  (CARTESIAN)  

 SELECT      AREAS ON EXTERIOR OF SELECTED VOLUMES

     7  AREAS (OF   163  DEFINED) SELECTED BY  ASEL  COMMAND.

 RESELECT     FOR ITEM=LOC  COMPONENT=Y     BETWEEN  2.0000     AND   2.0000    
   KABS=  0.  TOLERANCE= 0.100000E-01

        1  AREAS (OF      163  DEFINED) SELECTED BY  ASEL  COMMAND.

 DEFINITION OF COMPONENT = A2        ENTITY=AREA

 SELECT      COMPONENT A1                              

 ALSO SELECT COMPONENT A2                              

 CONCATENATE AREAS
      AREA LIST = ALL SELECTED AREAS

 COMPOSITE AREA NO.=   164
      LINE LIST =   100  146  183  182   87  129

 COMPOSITE LINE NO.=   235  KP1=     88  KP2=     95

 COMPOSITE LINE NO.=   236  KP1=     48  KP2=     40

 SELECT ALL ENTITIES OF TYPE= ALL  AND BELOW

 SELECT       FOR ITEM=LOC  COMPONENT=X     BETWEEN -20.000     AND  -2.0000    
   KABS=  0.  TOLERANCE= 0.180000E-06

        5  VOLUMES (OF       36  DEFINED) SELECTED BY  VSEL  COMMAND.

 RESELECT     FOR ITEM=LOC  COMPONENT=Y     BETWEEN  0.0000     AND   10.000    
   KABS=  0.  TOLERANCE= 0.100000E-06

        5  VOLUMES (OF       36  DEFINED) SELECTED BY  VSEL  COMMAND.

 RESELECT     FOR ITEM=LOC  COMPONENT=Z     BETWEEN  10.000     AND   25.333    
   KABS=  0.  TOLERANCE= 0.153333E-06

        1  VOLUMES (OF       36  DEFINED) SELECTED BY  VSEL  COMMAND.

 SELECT      AREAS ON EXTERIOR OF SELECTED VOLUMES

     9  AREAS (OF   164  DEFINED) SELECTED BY  ASEL  COMMAND.

 RESELECT     FOR ITEM=LOC  COMPONENT=X     BETWEEN -20.000     AND  -20.000    
   KABS=  0.  TOLERANCE= 0.100000    

        1  AREAS (OF      164  DEFINED) SELECTED BY  ASEL  COMMAND.

 DEFINITION OF COMPONENT = A1        ENTITY=AREA

 SELECT ALL ENTITIES OF TYPE= ALL  AND BELOW

 SELECT       FOR ITEM=LOC  COMPONENT=X     BETWEEN -20.000     AND  -2.0000    
   KABS=  0.  TOLERANCE= 0.180000E-06

        5  VOLUMES (OF       36  DEFINED) SELECTED BY  VSEL  COMMAND.

 RESELECT     FOR ITEM=LOC  COMPONENT=Y     BETWEEN  0.0000     AND   10.000    
   KABS=  0.  TOLERANCE= 0.100000E-06

        5  VOLUMES (OF       36  DEFINED) SELECTED BY  VSEL  COMMAND.

 RESELECT     FOR ITEM=LOC  COMPONENT=Z     BETWEEN  10.000     AND   25.333    
   KABS=  0.  TOLERANCE= 0.153333E-06

        1  VOLUMES (OF       36  DEFINED) SELECTED BY  VSEL  COMMAND.

 SELECT      AREAS ON EXTERIOR OF SELECTED VOLUMES

     9  AREAS (OF   164  DEFINED) SELECTED BY  ASEL  COMMAND.

 RESELECT     FOR ITEM=LOC  COMPONENT=Y     BETWEEN  20.000     AND   20.000    
   KABS=  0.  TOLERANCE= 0.100000    

        1  AREAS (OF      164  DEFINED) SELECTED BY  ASEL  COMMAND.

 DEFINITION OF COMPONENT = A2        ENTITY=AREA

 SELECT      COMPONENT A1                              

 ALSO SELECT COMPONENT A2                              

 CONCATENATE AREAS
      AREA LIST = ALL SELECTED AREAS

 COMPOSITE AREA NO.=   165
      LINE LIST =     6  191  193  195   99   70

 COMPOSITE LINE NO.=   237  KP1=     98  KP2=     87

 COMPOSITE LINE NO.=   238  KP1=     35  KP2=      5

 SELECT ALL ENTITIES OF TYPE= ALL  AND BELOW

 SELECT       FOR ITEM=LOC  COMPONENT=X     BETWEEN  0.0000     AND   2.0000    
   KABS=  0.  TOLERANCE= 0.200000E-07

       19  VOLUMES (OF       36  DEFINED) SELECTED BY  VSEL  COMMAND.

 RESELECT     FOR ITEM=LOC  COMPONENT=Y     BETWEEN  0.0000     AND   2.0000    
   KABS=  0.  TOLERANCE= 0.200000E-07

       14  VOLUMES (OF       36  DEFINED) SELECTED BY  VSEL  COMMAND.

 RESELECT     FOR ITEM=LOC  COMPONENT=Z     BETWEEN  0.0000     AND   10.000    
   KABS=  0.  TOLERANCE= 0.100000E-06

        3  VOLUMES (OF       36  DEFINED) SELECTED BY  VSEL  COMMAND.

 ACTIVE COORDINATE SYSTEM SET TO          1  (CYLINDRICAL) Z- CYL. AXIS

 UNSELECT     FOR ITEM=LOC  COMPONENT=X     BETWEEN  0.0000     AND   1.0000    
   KABS=  0.  TOLERANCE= 0.100000E-07

        1  VOLUMES (OF       36  DEFINED) SELECTED BY VSEL COMMAND.

 ACTIVE COORDINATE SYSTEM SET TO          0  (CARTESIAN)  

 SELECT      AREAS ON EXTERIOR OF SELECTED VOLUMES

     7  AREAS (OF   165  DEFINED) SELECTED BY  ASEL  COMMAND.

 RESELECT     FOR ITEM=LOC  COMPONENT=X     BETWEEN  2.0000     AND   2.0000    
   KABS=  0.  TOLERANCE= 0.100000E-01

        1  AREAS (OF      165  DEFINED) SELECTED BY  ASEL  COMMAND.

 DEFINITION OF COMPONENT = A1        ENTITY=AREA

 SELECT ALL ENTITIES OF TYPE= ALL  AND BELOW

 SELECT       FOR ITEM=LOC  COMPONENT=X     BETWEEN  0.0000     AND   2.0000    
   KABS=  0.  TOLERANCE= 0.200000E-07

       19  VOLUMES (OF       36  DEFINED) SELECTED BY  VSEL  COMMAND.

 RESELECT     FOR ITEM=LOC  COMPONENT=Y     BETWEEN  0.0000     AND   2.0000    
   KABS=  0.  TOLERANCE= 0.200000E-07

       14  VOLUMES (OF       36  DEFINED) SELECTED BY  VSEL  COMMAND.

 RESELECT     FOR ITEM=LOC  COMPONENT=Z     BETWEEN  0.0000     AND   10.000    
   KABS=  0.  TOLERANCE= 0.100000E-06

        3  VOLUMES (OF       36  DEFINED) SELECTED BY  VSEL  COMMAND.

 ACTIVE COORDINATE SYSTEM SET TO          1  (CYLINDRICAL) Z- CYL. AXIS

 UNSELECT     FOR ITEM=LOC  COMPONENT=X     BETWEEN  0.0000     AND   1.0000    
   KABS=  0.  TOLERANCE= 0.100000E-07

        1  VOLUMES (OF       36  DEFINED) SELECTED BY VSEL COMMAND.

 ACTIVE COORDINATE SYSTEM SET TO          0  (CARTESIAN)  

 SELECT      AREAS ON EXTERIOR OF SELECTED VOLUMES

     7  AREAS (OF   165  DEFINED) SELECTED BY  ASEL  COMMAND.

 RESELECT     FOR ITEM=LOC  COMPONENT=Y     BETWEEN  2.0000     AND   2.0000    
   KABS=  0.  TOLERANCE= 0.100000E-01

        1  AREAS (OF      165  DEFINED) SELECTED BY  ASEL  COMMAND.

 DEFINITION OF COMPONENT = A2        ENTITY=AREA

 SELECT      COMPONENT A1                              

 ALSO SELECT COMPONENT A2                              

 CONCATENATE AREAS
      AREA LIST = ALL SELECTED AREAS

 COMPOSITE AREA NO.=   166
      LINE LIST =    37   16   27   81    8   82

 COMPOSITE LINE NO.=   239  KP1=     39  KP2=      4

 COMPOSITE LINE NO.=  -233  KP1=      6  KP2=     40

 SELECT ALL ENTITIES OF TYPE= ALL  AND BELOW

 SELECT       FOR ITEM=LOC  COMPONENT=X     BETWEEN -2.0000     AND   0.0000    
   KABS=  0.  TOLERANCE= 0.200000E-07

       12  VOLUMES (OF       36  DEFINED) SELECTED BY  VSEL  COMMAND.

 RESELECT     FOR ITEM=LOC  COMPONENT=Y     BETWEEN  0.0000     AND   2.0000    
   KABS=  0.  TOLERANCE= 0.200000E-07

       12  VOLUMES (OF       36  DEFINED) SELECTED BY  VSEL  COMMAND.

 RESELECT     FOR ITEM=LOC  COMPONENT=Z     BETWEEN  0.0000     AND   10.000    
   KABS=  0.  TOLERANCE= 0.100000E-06

        3  VOLUMES (OF       36  DEFINED) SELECTED BY  VSEL  COMMAND.

 ACTIVE COORDINATE SYSTEM SET TO          1  (CYLINDRICAL) Z- CYL. AXIS

 UNSELECT     FOR ITEM=LOC  COMPONENT=X     BETWEEN  0.0000     AND   1.0000    
   KABS=  0.  TOLERANCE= 0.100000E-07

        1  VOLUMES (OF       36  DEFINED) SELECTED BY VSEL COMMAND.

 ACTIVE COORDINATE SYSTEM SET TO          0  (CARTESIAN)  

 SELECT      AREAS ON EXTERIOR OF SELECTED VOLUMES

     7  AREAS (OF   166  DEFINED) SELECTED BY  ASEL  COMMAND.

 RESELECT     FOR ITEM=LOC  COMPONENT=X     BETWEEN -2.0000     AND  -2.0000    
   KABS=  0.  TOLERANCE= 0.100000E-01

        1  AREAS (OF      166  DEFINED) SELECTED BY  ASEL  COMMAND.

 DEFINITION OF COMPONENT = A1        ENTITY=AREA

 SELECT ALL ENTITIES OF TYPE= ALL  AND BELOW

 SELECT       FOR ITEM=LOC  COMPONENT=X     BETWEEN -2.0000     AND   0.0000    
   KABS=  0.  TOLERANCE= 0.200000E-07

       12  VOLUMES (OF       36  DEFINED) SELECTED BY  VSEL  COMMAND.

 RESELECT     FOR ITEM=LOC  COMPONENT=Y     BETWEEN  0.0000     AND   2.0000    
   KABS=  0.  TOLERANCE= 0.200000E-07

       12  VOLUMES (OF       36  DEFINED) SELECTED BY  VSEL  COMMAND.

 RESELECT     FOR ITEM=LOC  COMPONENT=Z     BETWEEN  0.0000     AND   10.000    
   KABS=  0.  TOLERANCE= 0.100000E-06

        3  VOLUMES (OF       36  DEFINED) SELECTED BY  VSEL  COMMAND.

 ACTIVE COORDINATE SYSTEM SET TO          1  (CYLINDRICAL) Z- CYL. AXIS

 UNSELECT     FOR ITEM=LOC  COMPONENT=X     BETWEEN  0.0000     AND   1.0000    
   KABS=  0.  TOLERANCE= 0.100000E-07

        1  VOLUMES (OF       36  DEFINED) SELECTED BY VSEL COMMAND.

 ACTIVE COORDINATE SYSTEM SET TO          0  (CARTESIAN)  

 SELECT      AREAS ON EXTERIOR OF SELECTED VOLUMES

     7  AREAS (OF   166  DEFINED) SELECTED BY  ASEL  COMMAND.

 RESELECT     FOR ITEM=LOC  COMPONENT=Y     BETWEEN  2.0000     AND   2.0000    
   KABS=  0.  TOLERANCE= 0.100000E-01

        1  AREAS (OF      166  DEFINED) SELECTED BY  ASEL  COMMAND.

 DEFINITION OF COMPONENT = A2        ENTITY=AREA

 SELECT      COMPONENT A1                              

 ALSO SELECT COMPONENT A2                              

 CONCATENATE AREAS
      AREA LIST = ALL SELECTED AREAS

 COMPOSITE AREA NO.=   167
      LINE LIST =    87  129   16  121   78   73

 COMPOSITE LINE NO.=   240  KP1=     39  KP2=     47

 COMPOSITE LINE NO.=   236  KP1=     48  KP2=     40

 SELECT ALL ENTITIES OF TYPE= ALL  AND BELOW

 SELECT       FOR ITEM=LOC  COMPONENT=X     BETWEEN -20.000     AND  -2.0000    
   KABS=  0.  TOLERANCE= 0.180000E-06

        5  VOLUMES (OF       36  DEFINED) SELECTED BY  VSEL  COMMAND.

 RESELECT     FOR ITEM=LOC  COMPONENT=Y     BETWEEN  0.0000     AND   10.000    
   KABS=  0.  TOLERANCE= 0.100000E-06

        5  VOLUMES (OF       36  DEFINED) SELECTED BY  VSEL  COMMAND.

 RESELECT     FOR ITEM=LOC  COMPONENT=Z     BETWEEN  0.0000     AND   10.000    
   KABS=  0.  TOLERANCE= 0.100000E-06

        1  VOLUMES (OF       36  DEFINED) SELECTED BY  VSEL  COMMAND.

 SELECT      AREAS ON EXTERIOR OF SELECTED VOLUMES

     9  AREAS (OF   167  DEFINED) SELECTED BY  ASEL  COMMAND.

 RESELECT     FOR ITEM=LOC  COMPONENT=X     BETWEEN -20.000     AND  -20.000    
   KABS=  0.  TOLERANCE= 0.100000    

        1  AREAS (OF      167  DEFINED) SELECTED BY  ASEL  COMMAND.

 DEFINITION OF COMPONENT = A1        ENTITY=AREA

 SELECT ALL ENTITIES OF TYPE= ALL  AND BELOW

 SELECT       FOR ITEM=LOC  COMPONENT=X     BETWEEN -20.000     AND  -2.0000    
   KABS=  0.  TOLERANCE= 0.180000E-06

        5  VOLUMES (OF       36  DEFINED) SELECTED BY  VSEL  COMMAND.

 RESELECT     FOR ITEM=LOC  COMPONENT=Y     BETWEEN  0.0000     AND   10.000    
   KABS=  0.  TOLERANCE= 0.100000E-06

        5  VOLUMES (OF       36  DEFINED) SELECTED BY  VSEL  COMMAND.

 RESELECT     FOR ITEM=LOC  COMPONENT=Z     BETWEEN  0.0000     AND   10.000    
   KABS=  0.  TOLERANCE= 0.100000E-06

        1  VOLUMES (OF       36  DEFINED) SELECTED BY  VSEL  COMMAND.

 SELECT      AREAS ON EXTERIOR OF SELECTED VOLUMES

     9  AREAS (OF   167  DEFINED) SELECTED BY  ASEL  COMMAND.

 RESELECT     FOR ITEM=LOC  COMPONENT=Y     BETWEEN  20.000     AND   20.000    
   KABS=  0.  TOLERANCE= 0.100000    

        1  AREAS (OF      167  DEFINED) SELECTED BY  ASEL  COMMAND.

 DEFINITION OF COMPONENT = A2        ENTITY=AREA

 SELECT      COMPONENT A1                              

 ALSO SELECT COMPONENT A2                              

 CONCATENATE AREAS
      AREA LIST = ALL SELECTED AREAS

 COMPOSITE AREA NO.=   168
      LINE LIST =     6   70   71   69    1    7

 COMPOSITE LINE NO.=   241  KP1=     34  KP2=      2

 COMPOSITE LINE NO.=  -238  KP1=      5  KP2=     35

 SELECT ALL ENTITIES OF TYPE= ALL  AND BELOW

 SELECT       FOR ITEM=LOC  COMPONENT=X     BETWEEN -2.0000     AND   0.0000    
   KABS=  0.  TOLERANCE= 0.200000E-07

       12  VOLUMES (OF       36  DEFINED) SELECTED BY  VSEL  COMMAND.

 RESELECT     FOR ITEM=LOC  COMPONENT=Y     BETWEEN  0.0000     AND   2.0000    
   KABS=  0.  TOLERANCE= 0.200000E-07

       12  VOLUMES (OF       36  DEFINED) SELECTED BY  VSEL  COMMAND.

 RESELECT     FOR ITEM=LOC  COMPONENT=Z     BETWEEN  26.667     AND   28.000    
   KABS=  0.  TOLERANCE= 0.133333E-07

        3  VOLUMES (OF       36  DEFINED) SELECTED BY  VSEL  COMMAND.

 ACTIVE COORDINATE SYSTEM SET TO          1  (CYLINDRICAL) Z- CYL. AXIS

 UNSELECT     FOR ITEM=LOC  COMPONENT=X     BETWEEN  0.0000     AND   1.0000    
   KABS=  0.  TOLERANCE= 0.100000E-07

        1  VOLUMES (OF       36  DEFINED) SELECTED BY VSEL COMMAND.

 ACTIVE COORDINATE SYSTEM SET TO          0  (CARTESIAN)  

 SELECT      AREAS ON EXTERIOR OF SELECTED VOLUMES

     7  AREAS (OF   168  DEFINED) SELECTED BY  ASEL  COMMAND.

 RESELECT     FOR ITEM=LOC  COMPONENT=X     BETWEEN -2.0000     AND  -2.0000    
   KABS=  0.  TOLERANCE= 0.100000E-01

        1  AREAS (OF      168  DEFINED) SELECTED BY  ASEL  COMMAND.

 DEFINITION OF COMPONENT = A1        ENTITY=AREA

 SELECT ALL ENTITIES OF TYPE= ALL  AND BELOW

 SELECT       FOR ITEM=LOC  COMPONENT=X     BETWEEN -2.0000     AND   0.0000    
   KABS=  0.  TOLERANCE= 0.200000E-07

       12  VOLUMES (OF       36  DEFINED) SELECTED BY  VSEL  COMMAND.

 RESELECT     FOR ITEM=LOC  COMPONENT=Y     BETWEEN  0.0000     AND   2.0000    
   KABS=  0.  TOLERANCE= 0.200000E-07

       12  VOLUMES (OF       36  DEFINED) SELECTED BY  VSEL  COMMAND.

 RESELECT     FOR ITEM=LOC  COMPONENT=Z     BETWEEN  26.667     AND   28.000    
   KABS=  0.  TOLERANCE= 0.133333E-07

        3  VOLUMES (OF       36  DEFINED) SELECTED BY  VSEL  COMMAND.

 ACTIVE COORDINATE SYSTEM SET TO          1  (CYLINDRICAL) Z- CYL. AXIS

 UNSELECT     FOR ITEM=LOC  COMPONENT=X     BETWEEN  0.0000     AND   1.0000    
   KABS=  0.  TOLERANCE= 0.100000E-07

        1  VOLUMES (OF       36  DEFINED) SELECTED BY VSEL COMMAND.

 ACTIVE COORDINATE SYSTEM SET TO          0  (CARTESIAN)  

 SELECT      AREAS ON EXTERIOR OF SELECTED VOLUMES

     7  AREAS (OF   168  DEFINED) SELECTED BY  ASEL  COMMAND.

 RESELECT     FOR ITEM=LOC  COMPONENT=Y     BETWEEN  2.0000     AND   2.0000    
   KABS=  0.  TOLERANCE= 0.100000E-01

        1  AREAS (OF      168  DEFINED) SELECTED BY  ASEL  COMMAND.

 DEFINITION OF COMPONENT = A2        ENTITY=AREA

 SELECT      COMPONENT A1                              

 ALSO SELECT COMPONENT A2                              

 CONCATENATE AREAS
      AREA LIST = ALL SELECTED AREAS

 COMPOSITE AREA NO.=   169
      LINE LIST =   200  134  149  212  214  210

 COMPOSITE LINE NO.=  -230  KP1=     69  KP2=     76

 COMPOSITE LINE NO.=   242  KP1=    102  KP2=     78

 SELECT ALL ENTITIES OF TYPE= ALL  AND BELOW

 SELECT       FOR ITEM=LOC  COMPONENT=X     BETWEEN -20.000     AND  -2.0000    
   KABS=  0.  TOLERANCE= 0.180000E-06

        5  VOLUMES (OF       36  DEFINED) SELECTED BY  VSEL  COMMAND.

 RESELECT     FOR ITEM=LOC  COMPONENT=Y     BETWEEN  0.0000     AND   10.000    
   KABS=  0.  TOLERANCE= 0.100000E-06

        5  VOLUMES (OF       36  DEFINED) SELECTED BY  VSEL  COMMAND.

 RESELECT     FOR ITEM=LOC  COMPONENT=Z     BETWEEN  26.667     AND   28.000    
   KABS=  0.  TOLERANCE= 0.133333E-07

        1  VOLUMES (OF       36  DEFINED) SELECTED BY  VSEL  COMMAND.

 SELECT      AREAS ON EXTERIOR OF SELECTED VOLUMES

     9  AREAS (OF   169  DEFINED) SELECTED BY  ASEL  COMMAND.

 RESELECT     FOR ITEM=LOC  COMPONENT=X     BETWEEN -20.000     AND  -20.000    
   KABS=  0.  TOLERANCE= 0.100000    

        1  AREAS (OF      169  DEFINED) SELECTED BY  ASEL  COMMAND.

 DEFINITION OF COMPONENT = A1        ENTITY=AREA

 SELECT ALL ENTITIES OF TYPE= ALL  AND BELOW

 SELECT       FOR ITEM=LOC  COMPONENT=X     BETWEEN -20.000     AND  -2.0000    
   KABS=  0.  TOLERANCE= 0.180000E-06

        5  VOLUMES (OF       36  DEFINED) SELECTED BY  VSEL  COMMAND.

 RESELECT     FOR ITEM=LOC  COMPONENT=Y     BETWEEN  0.0000     AND   10.000    
   KABS=  0.  TOLERANCE= 0.100000E-06

        5  VOLUMES (OF       36  DEFINED) SELECTED BY  VSEL  COMMAND.

 RESELECT     FOR ITEM=LOC  COMPONENT=Z     BETWEEN  26.667     AND   28.000    
   KABS=  0.  TOLERANCE= 0.133333E-07

        1  VOLUMES (OF       36  DEFINED) SELECTED BY  VSEL  COMMAND.

 SELECT      AREAS ON EXTERIOR OF SELECTED VOLUMES

     9  AREAS (OF   169  DEFINED) SELECTED BY  ASEL  COMMAND.

 RESELECT     FOR ITEM=LOC  COMPONENT=Y     BETWEEN  20.000     AND   20.000    
   KABS=  0.  TOLERANCE= 0.100000    

        1  AREAS (OF      169  DEFINED) SELECTED BY  ASEL  COMMAND.

 DEFINITION OF COMPONENT = A2        ENTITY=AREA

 SELECT      COMPONENT A1                              

 ALSO SELECT COMPONENT A2                              

 CONCATENATE AREAS
      AREA LIST = ALL SELECTED AREAS

 COMPOSITE AREA NO.=   170
      LINE LIST =   223  225  161  163  194  220

 COMPOSITE LINE NO.=  -231  KP1=     79  KP2=     68

 COMPOSITE LINE NO.=   243  KP1=     77  KP2=    104

 SELECT ALL ENTITIES OF TYPE= ALL  AND BELOW

 SELECT       FOR ITEM=LOC  COMPONENT=X     BETWEEN -20.000     AND  -2.0000    
   KABS=  0.  TOLERANCE= 0.180000E-06

        5  VOLUMES (OF       36  DEFINED) SELECTED BY  VSEL  COMMAND.

 RESELECT     FOR ITEM=LOC  COMPONENT=Y     BETWEEN  0.0000     AND   10.000    
   KABS=  0.  TOLERANCE= 0.100000E-06

        5  VOLUMES (OF       36  DEFINED) SELECTED BY  VSEL  COMMAND.

 RESELECT     FOR ITEM=LOC  COMPONENT=Z     BETWEEN  25.333     AND   26.667    
   KABS=  0.  TOLERANCE= 0.133333E-07

        1  VOLUMES (OF       36  DEFINED) SELECTED BY  VSEL  COMMAND.

 SELECT      AREAS ON EXTERIOR OF SELECTED VOLUMES

     8  AREAS (OF   170  DEFINED) SELECTED BY  ASEL  COMMAND.

 RESELECT     FOR ITEM=LOC  COMPONENT=X     BETWEEN -20.000     AND  -20.000    
   KABS=  0.  TOLERANCE= 0.100000    

        1  AREAS (OF      170  DEFINED) SELECTED BY  ASEL  COMMAND.

 DEFINITION OF COMPONENT = A1        ENTITY=AREA

 SELECT ALL ENTITIES OF TYPE= ALL  AND BELOW

 SELECT       FOR ITEM=LOC  COMPONENT=X     BETWEEN -20.000     AND  -2.0000    
   KABS=  0.  TOLERANCE= 0.180000E-06

        5  VOLUMES (OF       36  DEFINED) SELECTED BY  VSEL  COMMAND.

 RESELECT     FOR ITEM=LOC  COMPONENT=Y     BETWEEN  0.0000     AND   10.000    
   KABS=  0.  TOLERANCE= 0.100000E-06

        5  VOLUMES (OF       36  DEFINED) SELECTED BY  VSEL  COMMAND.

 RESELECT     FOR ITEM=LOC  COMPONENT=Z     BETWEEN  25.333     AND   26.667    
   KABS=  0.  TOLERANCE= 0.133333E-07

        1  VOLUMES (OF       36  DEFINED) SELECTED BY  VSEL  COMMAND.

 SELECT      AREAS ON EXTERIOR OF SELECTED VOLUMES

     8  AREAS (OF   170  DEFINED) SELECTED BY  ASEL  COMMAND.

 RESELECT     FOR ITEM=LOC  COMPONENT=Y     BETWEEN  20.000     AND   20.000    
   KABS=  0.  TOLERANCE= 0.100000    

        1  AREAS (OF      170  DEFINED) SELECTED BY  ASEL  COMMAND.

 DEFINITION OF COMPONENT = A2        ENTITY=AREA

 SELECT      COMPONENT A1                              

 ALSO SELECT COMPONENT A2                              

 CONCATENATE AREAS
      AREA LIST = ALL SELECTED AREAS

 COMPOSITE AREA NO.=   171
      LINE LIST =   147  195  193  222  223  220

 COMPOSITE LINE NO.=  -237  KP1=     87  KP2=     98

 COMPOSITE LINE NO.=  -243  KP1=    104  KP2=     77

 ACTIVE COORDINATE SYSTEM SET TO          0  (CARTESIAN)  

 SELECT ALL ENTITIES OF TYPE= ALL  AND BELOW

 SELECT       FOR ITEM=LOC  COMPONENT=X     BETWEEN  0.0000     AND   2.0000    
   KABS=  0.  TOLERANCE= 0.200000E-07

       19  VOLUMES (OF       36  DEFINED) SELECTED BY  VSEL  COMMAND.

 RESELECT     FOR ITEM=LOC  COMPONENT=Y     BETWEEN  0.0000     AND   2.0000    
   KABS=  0.  TOLERANCE= 0.200000E-07

       14  VOLUMES (OF       36  DEFINED) SELECTED BY  VSEL  COMMAND.

 RESELECT     FOR ITEM=LOC  COMPONENT=Z     BETWEEN  28.000     AND   43.333    
   KABS=  0.  TOLERANCE= 0.153333E-06

        3  VOLUMES (OF       36  DEFINED) SELECTED BY  VSEL  COMMAND.

 ACTIVE COORDINATE SYSTEM SET TO          1  (CYLINDRICAL) Z- CYL. AXIS

 UNSELECT     FOR ITEM=LOC  COMPONENT=X     BETWEEN  0.0000     AND   1.0000    
   KABS=  0.  TOLERANCE= 0.100000E-07

        1  VOLUMES (OF       36  DEFINED) SELECTED BY VSEL COMMAND.

 ACTIVE COORDINATE SYSTEM SET TO          0  (CARTESIAN)  

 DEFINITION OF COMPONENT = VA1       ENTITY=VOLU

 ACTIVE COORDINATE SYSTEM SET TO          0  (CARTESIAN)  

 SELECT ALL ENTITIES OF TYPE= ALL  AND BELOW

 SELECT       FOR ITEM=LOC  COMPONENT=X     BETWEEN -2.0000     AND   0.0000    
   KABS=  0.  TOLERANCE= 0.200000E-07

       12  VOLUMES (OF       36  DEFINED) SELECTED BY  VSEL  COMMAND.

 RESELECT     FOR ITEM=LOC  COMPONENT=Y     BETWEEN  0.0000     AND   2.0000    
   KABS=  0.  TOLERANCE= 0.200000E-07

       12  VOLUMES (OF       36  DEFINED) SELECTED BY  VSEL  COMMAND.

 RESELECT     FOR ITEM=LOC  COMPONENT=Z     BETWEEN  28.000     AND   43.333    
   KABS=  0.  TOLERANCE= 0.153333E-06

        3  VOLUMES (OF       36  DEFINED) SELECTED BY  VSEL  COMMAND.

 ACTIVE COORDINATE SYSTEM SET TO          1  (CYLINDRICAL) Z- CYL. AXIS

 UNSELECT     FOR ITEM=LOC  COMPONENT=X     BETWEEN  0.0000     AND   1.0000    
   KABS=  0.  TOLERANCE= 0.100000E-07

        1  VOLUMES (OF       36  DEFINED) SELECTED BY VSEL COMMAND.

 ACTIVE COORDINATE SYSTEM SET TO          0  (CARTESIAN)  

 DEFINITION OF COMPONENT = VA2       ENTITY=VOLU

 ACTIVE COORDINATE SYSTEM SET TO          0  (CARTESIAN)  

 SELECT ALL ENTITIES OF TYPE= ALL  AND BELOW

 SELECT       FOR ITEM=LOC  COMPONENT=X     BETWEEN  0.0000     AND   2.0000    
   KABS=  0.  TOLERANCE= 0.200000E-07

       19  VOLUMES (OF       36  DEFINED) SELECTED BY  VSEL  COMMAND.

 RESELECT     FOR ITEM=LOC  COMPONENT=Y     BETWEEN  2.0100     AND   20.000    
   KABS=  0.  TOLERANCE= 0.179900E-06

        5  VOLUMES (OF       36  DEFINED) SELECTED BY  VSEL  COMMAND.

 RESELECT     FOR ITEM=LOC  COMPONENT=Z     BETWEEN  27.333     AND   43.333    
   KABS=  0.  TOLERANCE= 0.160000E-06

        2  VOLUMES (OF       36  DEFINED) SELECTED BY  VSEL  COMMAND.

 DEFINITION OF COMPONENT = VA3       ENTITY=VOLU

 ACTIVE COORDINATE SYSTEM SET TO          0  (CARTESIAN)  

 SELECT ALL ENTITIES OF TYPE= ALL  AND BELOW

 SELECT       FOR ITEM=LOC  COMPONENT=X     BETWEEN -20.000     AND  -2.0000    
   KABS=  0.  TOLERANCE= 0.180000E-06

        5  VOLUMES (OF       36  DEFINED) SELECTED BY  VSEL  COMMAND.

 RESELECT     FOR ITEM=LOC  COMPONENT=Y     BETWEEN  0.0000     AND   10.000    
   KABS=  0.  TOLERANCE= 0.100000E-06

        5  VOLUMES (OF       36  DEFINED) SELECTED BY  VSEL  COMMAND.

 RESELECT     FOR ITEM=LOC  COMPONENT=Z     BETWEEN  28.000     AND   43.333    
   KABS=  0.  TOLERANCE= 0.153333E-06

        1  VOLUMES (OF       36  DEFINED) SELECTED BY  VSEL  COMMAND.

 DEFINITION OF COMPONENT = VA4       ENTITY=VOLU

 ACTIVE COORDINATE SYSTEM SET TO          0  (CARTESIAN)  

 SELECT ALL ENTITIES OF TYPE= ALL  AND BELOW

 SELECT       FOR ITEM=LOC  COMPONENT=X     BETWEEN-0.38197     AND  0.38197    
   KABS=  0.  TOLERANCE= 0.763944E-08

        8  VOLUMES (OF       36  DEFINED) SELECTED BY  VSEL  COMMAND.

 RESELECT     FOR ITEM=LOC  COMPONENT=Y     BETWEEN  0.0000     AND  0.38197    
   KABS=  0.  TOLERANCE= 0.381972E-08

        8  VOLUMES (OF       36  DEFINED) SELECTED BY  VSEL  COMMAND.

 RESELECT     FOR ITEM=LOC  COMPONENT=Z     BETWEEN  28.000     AND   43.333    
   KABS=  0.  TOLERANCE= 0.153333E-06

        2  VOLUMES (OF       36  DEFINED) SELECTED BY  VSEL  COMMAND.

 DEFINITION OF COMPONENT = VA5       ENTITY=VOLU

 ACTIVE COORDINATE SYSTEM SET TO          1  (CYLINDRICAL) Z- CYL. AXIS

 SELECT ALL ENTITIES OF TYPE= ALL  AND BELOW

 SELECT       FOR ITEM=LOC  COMPONENT=X     BETWEEN  0.0000     AND   1.0000    
   KABS=  0.  TOLERANCE= 0.100000E-07

       16  VOLUMES (OF       36  DEFINED) SELECTED BY  VSEL  COMMAND.

 RESELECT     FOR ITEM=LOC  COMPONENT=Y     BETWEEN  0.0000     AND   180.00    
   KABS=  0.  TOLERANCE= 0.180000E-05

       16  VOLUMES (OF       36  DEFINED) SELECTED BY  VSEL  COMMAND.

 RESELECT     FOR ITEM=LOC  COMPONENT=Z     BETWEEN  28.000     AND   43.333    
   KABS=  0.  TOLERANCE= 0.153333E-06

        4  VOLUMES (OF       36  DEFINED) SELECTED BY  VSEL  COMMAND.

 UNSELECT    COMPONENT VA5                             

 DEFINITION OF COMPONENT = VA6       ENTITY=VOLU

 SELECT      COMPONENT VA1                             

 ALSO SELECT COMPONENT VA2                             

 ALSO SELECT COMPONENT VA3                             

 ALSO SELECT COMPONENT VA4                             

 ALSO SELECT COMPONENT VA5                             

 ALSO SELECT COMPONENT VA6                             

 ACTIVE COORDINATE SYSTEM SET TO          0  (CARTESIAN)  

 SELECT ALL ENTITIES OF TYPE= ALL  AND BELOW

 SELECT       FOR ITEM=LOC  COMPONENT=X     BETWEEN  0.0000     AND   2.0000    
   KABS=  0.  TOLERANCE= 0.200000E-07

       19  VOLUMES (OF       36  DEFINED) SELECTED BY  VSEL  COMMAND.

 RESELECT     FOR ITEM=LOC  COMPONENT=Y     BETWEEN  0.0000     AND   2.0000    
   KABS=  0.  TOLERANCE= 0.200000E-07

       14  VOLUMES (OF       36  DEFINED) SELECTED BY  VSEL  COMMAND.

 RESELECT     FOR ITEM=LOC  COMPONENT=Z     BETWEEN  10.000     AND   25.333    
   KABS=  0.  TOLERANCE= 0.153333E-06

        3  VOLUMES (OF       36  DEFINED) SELECTED BY  VSEL  COMMAND.

 ACTIVE COORDINATE SYSTEM SET TO          1  (CYLINDRICAL) Z- CYL. AXIS

 UNSELECT     FOR ITEM=LOC  COMPONENT=X     BETWEEN  0.0000     AND   1.0000    
   KABS=  0.  TOLERANCE= 0.100000E-07

        1  VOLUMES (OF       36  DEFINED) SELECTED BY VSEL COMMAND.

 ACTIVE COORDINATE SYSTEM SET TO          0  (CARTESIAN)  

 DEFINITION OF COMPONENT = VB1       ENTITY=VOLU

 ACTIVE COORDINATE SYSTEM SET TO          0  (CARTESIAN)  

 SELECT ALL ENTITIES OF TYPE= ALL  AND BELOW

 SELECT       FOR ITEM=LOC  COMPONENT=X     BETWEEN -2.0000     AND   0.0000    
   KABS=  0.  TOLERANCE= 0.200000E-07

       12  VOLUMES (OF       36  DEFINED) SELECTED BY  VSEL  COMMAND.

 RESELECT     FOR ITEM=LOC  COMPONENT=Y     BETWEEN  0.0000     AND   2.0000    
   KABS=  0.  TOLERANCE= 0.200000E-07

       12  VOLUMES (OF       36  DEFINED) SELECTED BY  VSEL  COMMAND.

 RESELECT     FOR ITEM=LOC  COMPONENT=Z     BETWEEN  10.000     AND   25.333    
   KABS=  0.  TOLERANCE= 0.153333E-06

        3  VOLUMES (OF       36  DEFINED) SELECTED BY  VSEL  COMMAND.

 ACTIVE COORDINATE SYSTEM SET TO          1  (CYLINDRICAL) Z- CYL. AXIS

 UNSELECT     FOR ITEM=LOC  COMPONENT=X     BETWEEN  0.0000     AND   1.0000    
   KABS=  0.  TOLERANCE= 0.100000E-07

        1  VOLUMES (OF       36  DEFINED) SELECTED BY VSEL COMMAND.

 ACTIVE COORDINATE SYSTEM SET TO          0  (CARTESIAN)  

 DEFINITION OF COMPONENT = VB2       ENTITY=VOLU

 ACTIVE COORDINATE SYSTEM SET TO          0  (CARTESIAN)  

 SELECT ALL ENTITIES OF TYPE= ALL  AND BELOW

 SELECT       FOR ITEM=LOC  COMPONENT=X     BETWEEN  0.0000     AND   2.0000    
   KABS=  0.  TOLERANCE= 0.200000E-07

       19  VOLUMES (OF       36  DEFINED) SELECTED BY  VSEL  COMMAND.

 RESELECT     FOR ITEM=LOC  COMPONENT=Y     BETWEEN  2.0100     AND   20.000    
   KABS=  0.  TOLERANCE= 0.179900E-06

        5  VOLUMES (OF       36  DEFINED) SELECTED BY  VSEL  COMMAND.

 RESELECT     FOR ITEM=LOC  COMPONENT=Z     BETWEEN  10.000     AND   26.000    
   KABS=  0.  TOLERANCE= 0.160000E-06

        2  VOLUMES (OF       36  DEFINED) SELECTED BY  VSEL  COMMAND.

 DEFINITION OF COMPONENT = VB3       ENTITY=VOLU

 ACTIVE COORDINATE SYSTEM SET TO          0  (CARTESIAN)  

 SELECT ALL ENTITIES OF TYPE= ALL  AND BELOW

 SELECT       FOR ITEM=LOC  COMPONENT=X     BETWEEN -20.000     AND  -2.0000    
   KABS=  0.  TOLERANCE= 0.180000E-06

        5  VOLUMES (OF       36  DEFINED) SELECTED BY  VSEL  COMMAND.

 RESELECT     FOR ITEM=LOC  COMPONENT=Y     BETWEEN  0.0000     AND   10.000    
   KABS=  0.  TOLERANCE= 0.100000E-06

        5  VOLUMES (OF       36  DEFINED) SELECTED BY  VSEL  COMMAND.

 RESELECT     FOR ITEM=LOC  COMPONENT=Z     BETWEEN  10.000     AND   25.333    
   KABS=  0.  TOLERANCE= 0.153333E-06

        1  VOLUMES (OF       36  DEFINED) SELECTED BY  VSEL  COMMAND.

 DEFINITION OF COMPONENT = VB4       ENTITY=VOLU

 ACTIVE COORDINATE SYSTEM SET TO          0  (CARTESIAN)  

 SELECT ALL ENTITIES OF TYPE= ALL  AND BELOW

 SELECT       FOR ITEM=LOC  COMPONENT=X     BETWEEN-0.38197     AND  0.38197    
   KABS=  0.  TOLERANCE= 0.763944E-08

        8  VOLUMES (OF       36  DEFINED) SELECTED BY  VSEL  COMMAND.

 RESELECT     FOR ITEM=LOC  COMPONENT=Y     BETWEEN  0.0000     AND  0.38197    
   KABS=  0.  TOLERANCE= 0.381972E-08

        8  VOLUMES (OF       36  DEFINED) SELECTED BY  VSEL  COMMAND.

 RESELECT     FOR ITEM=LOC  COMPONENT=Z     BETWEEN  10.000     AND   25.333    
   KABS=  0.  TOLERANCE= 0.153333E-06

        2  VOLUMES (OF       36  DEFINED) SELECTED BY  VSEL  COMMAND.

 DEFINITION OF COMPONENT = VB5       ENTITY=VOLU

 ACTIVE COORDINATE SYSTEM SET TO          1  (CYLINDRICAL) Z- CYL. AXIS

 SELECT ALL ENTITIES OF TYPE= ALL  AND BELOW

 SELECT       FOR ITEM=LOC  COMPONENT=X     BETWEEN  0.0000     AND   1.0000    
   KABS=  0.  TOLERANCE= 0.100000E-07

       16  VOLUMES (OF       36  DEFINED) SELECTED BY  VSEL  COMMAND.

 RESELECT     FOR ITEM=LOC  COMPONENT=Y     BETWEEN  0.0000     AND   180.00    
   KABS=  0.  TOLERANCE= 0.180000E-05

       16  VOLUMES (OF       36  DEFINED) SELECTED BY  VSEL  COMMAND.

 RESELECT     FOR ITEM=LOC  COMPONENT=Z     BETWEEN  10.000     AND   25.333    
   KABS=  0.  TOLERANCE= 0.153333E-06

        4  VOLUMES (OF       36  DEFINED) SELECTED BY  VSEL  COMMAND.

 UNSELECT    COMPONENT VB5                             

 DEFINITION OF COMPONENT = VB6       ENTITY=VOLU

 SELECT      COMPONENT VB1                             

 ALSO SELECT COMPONENT VB2                             

 ALSO SELECT COMPONENT VB3                             

 ALSO SELECT COMPONENT VB4                             

 ALSO SELECT COMPONENT VB5                             

 ALSO SELECT COMPONENT VB6                             

 ACTIVE COORDINATE SYSTEM SET TO          0  (CARTESIAN)  

 SELECT ALL ENTITIES OF TYPE= ALL  AND BELOW

 SELECT       FOR ITEM=LOC  COMPONENT=X     BETWEEN  0.0000     AND   2.0000    
   KABS=  0.  TOLERANCE= 0.200000E-07

       19  VOLUMES (OF       36  DEFINED) SELECTED BY  VSEL  COMMAND.

 RESELECT     FOR ITEM=LOC  COMPONENT=Y     BETWEEN  0.0000     AND   2.0000    
   KABS=  0.  TOLERANCE= 0.200000E-07

       14  VOLUMES (OF       36  DEFINED) SELECTED BY  VSEL  COMMAND.

 RESELECT     FOR ITEM=LOC  COMPONENT=Z     BETWEEN  0.0000     AND   10.000    
   KABS=  0.  TOLERANCE= 0.100000E-06

        3  VOLUMES (OF       36  DEFINED) SELECTED BY  VSEL  COMMAND.

 ACTIVE COORDINATE SYSTEM SET TO          1  (CYLINDRICAL) Z- CYL. AXIS

 UNSELECT     FOR ITEM=LOC  COMPONENT=X     BETWEEN  0.0000     AND   1.0000    
   KABS=  0.  TOLERANCE= 0.100000E-07

        1  VOLUMES (OF       36  DEFINED) SELECTED BY VSEL COMMAND.

 ACTIVE COORDINATE SYSTEM SET TO          0  (CARTESIAN)  

 DEFINITION OF COMPONENT = VC1       ENTITY=VOLU

 ACTIVE COORDINATE SYSTEM SET TO          0  (CARTESIAN)  

 SELECT ALL ENTITIES OF TYPE= ALL  AND BELOW

 SELECT       FOR ITEM=LOC  COMPONENT=X     BETWEEN -2.0000     AND   0.0000    
   KABS=  0.  TOLERANCE= 0.200000E-07

       12  VOLUMES (OF       36  DEFINED) SELECTED BY  VSEL  COMMAND.

 RESELECT     FOR ITEM=LOC  COMPONENT=Y     BETWEEN  0.0000     AND   2.0000    
   KABS=  0.  TOLERANCE= 0.200000E-07

       12  VOLUMES (OF       36  DEFINED) SELECTED BY  VSEL  COMMAND.

 RESELECT     FOR ITEM=LOC  COMPONENT=Z     BETWEEN  0.0000     AND   10.000    
   KABS=  0.  TOLERANCE= 0.100000E-06

        3  VOLUMES (OF       36  DEFINED) SELECTED BY  VSEL  COMMAND.

 ACTIVE COORDINATE SYSTEM SET TO          1  (CYLINDRICAL) Z- CYL. AXIS

 UNSELECT     FOR ITEM=LOC  COMPONENT=X     BETWEEN  0.0000     AND   1.0000    
   KABS=  0.  TOLERANCE= 0.100000E-07

        1  VOLUMES (OF       36  DEFINED) SELECTED BY VSEL COMMAND.

 ACTIVE COORDINATE SYSTEM SET TO          0  (CARTESIAN)  

 DEFINITION OF COMPONENT = VC2       ENTITY=VOLU

 ACTIVE COORDINATE SYSTEM SET TO          0  (CARTESIAN)  

 SELECT ALL ENTITIES OF TYPE= ALL  AND BELOW

 SELECT       FOR ITEM=LOC  COMPONENT=X     BETWEEN  0.0000     AND   2.0000    
   KABS=  0.  TOLERANCE= 0.200000E-07

       19  VOLUMES (OF       36  DEFINED) SELECTED BY  VSEL  COMMAND.

 RESELECT     FOR ITEM=LOC  COMPONENT=Y     BETWEEN  2.0100     AND   20.000    
   KABS=  0.  TOLERANCE= 0.179900E-06

        5  VOLUMES (OF       36  DEFINED) SELECTED BY  VSEL  COMMAND.

 RESELECT     FOR ITEM=LOC  COMPONENT=Z     BETWEEN  0.0000     AND   10.000    
   KABS=  0.  TOLERANCE= 0.100000E-06

        1  VOLUMES (OF       36  DEFINED) SELECTED BY  VSEL  COMMAND.

 DEFINITION OF COMPONENT = VC3       ENTITY=VOLU

 ACTIVE COORDINATE SYSTEM SET TO          0  (CARTESIAN)  

 SELECT ALL ENTITIES OF TYPE= ALL  AND BELOW

 SELECT       FOR ITEM=LOC  COMPONENT=X     BETWEEN -20.000     AND  -2.0000    
   KABS=  0.  TOLERANCE= 0.180000E-06

        5  VOLUMES (OF       36  DEFINED) SELECTED BY  VSEL  COMMAND.

 RESELECT     FOR ITEM=LOC  COMPONENT=Y     BETWEEN  0.0000     AND   10.000    
   KABS=  0.  TOLERANCE= 0.100000E-06

        5  VOLUMES (OF       36  DEFINED) SELECTED BY  VSEL  COMMAND.

 RESELECT     FOR ITEM=LOC  COMPONENT=Z     BETWEEN  0.0000     AND   10.000    
   KABS=  0.  TOLERANCE= 0.100000E-06

        1  VOLUMES (OF       36  DEFINED) SELECTED BY  VSEL  COMMAND.

 DEFINITION OF COMPONENT = VC4       ENTITY=VOLU

 ACTIVE COORDINATE SYSTEM SET TO          0  (CARTESIAN)  

 SELECT ALL ENTITIES OF TYPE= ALL  AND BELOW

 SELECT       FOR ITEM=LOC  COMPONENT=X     BETWEEN-0.38197     AND  0.38197    
   KABS=  0.  TOLERANCE= 0.763944E-08

        8  VOLUMES (OF       36  DEFINED) SELECTED BY  VSEL  COMMAND.

 RESELECT     FOR ITEM=LOC  COMPONENT=Y     BETWEEN  0.0000     AND  0.38197    
   KABS=  0.  TOLERANCE= 0.381972E-08

        8  VOLUMES (OF       36  DEFINED) SELECTED BY  VSEL  COMMAND.

 RESELECT     FOR ITEM=LOC  COMPONENT=Z     BETWEEN  0.0000     AND   10.000    
   KABS=  0.  TOLERANCE= 0.100000E-06

        2  VOLUMES (OF       36  DEFINED) SELECTED BY  VSEL  COMMAND.

 DEFINITION OF COMPONENT = VC5       ENTITY=VOLU

 ACTIVE COORDINATE SYSTEM SET TO          1  (CYLINDRICAL) Z- CYL. AXIS

 SELECT ALL ENTITIES OF TYPE= ALL  AND BELOW

 SELECT       FOR ITEM=LOC  COMPONENT=X     BETWEEN  0.0000     AND   1.0000    
   KABS=  0.  TOLERANCE= 0.100000E-07

       16  VOLUMES (OF       36  DEFINED) SELECTED BY  VSEL  COMMAND.

 RESELECT     FOR ITEM=LOC  COMPONENT=Y     BETWEEN  0.0000     AND   180.00    
   KABS=  0.  TOLERANCE= 0.180000E-05

       16  VOLUMES (OF       36  DEFINED) SELECTED BY  VSEL  COMMAND.

 RESELECT     FOR ITEM=LOC  COMPONENT=Z     BETWEEN  0.0000     AND   10.000    
   KABS=  0.  TOLERANCE= 0.100000E-06

        4  VOLUMES (OF       36  DEFINED) SELECTED BY  VSEL  COMMAND.

 UNSELECT    COMPONENT VC5                             

 DEFINITION OF COMPONENT = VC6       ENTITY=VOLU

 SELECT      COMPONENT VC1                             

 ALSO SELECT COMPONENT VC2                             

 ALSO SELECT COMPONENT VC3                             

 ALSO SELECT COMPONENT VC4                             

 ALSO SELECT COMPONENT VC5                             

 ALSO SELECT COMPONENT VC6                             

 ACTIVE COORDINATE SYSTEM SET TO          0  (CARTESIAN)  

 ACTIVE COORDINATE SYSTEM SET TO          0  (CARTESIAN)  

 SELECT ALL ENTITIES OF TYPE= ALL  AND BELOW

 SELECT       FOR ITEM=LOC  COMPONENT=X     BETWEEN  0.0000     AND   2.0000    
   KABS=  0.  TOLERANCE= 0.200000E-07

       19  VOLUMES (OF       36  DEFINED) SELECTED BY  VSEL  COMMAND.

 RESELECT     FOR ITEM=LOC  COMPONENT=Y     BETWEEN 0.66667     AND   2.0000    
   KABS=  0.  TOLERANCE= 0.133333E-07

        4  VOLUMES (OF       36  DEFINED) SELECTED BY  VSEL  COMMAND.

 RESELECT     FOR ITEM=LOC  COMPONENT=Z     BETWEEN  26.667     AND   28.000    
   KABS=  0.  TOLERANCE= 0.133333E-07

        1  VOLUMES (OF       36  DEFINED) SELECTED BY  VSEL  COMMAND.

 ACTIVE COORDINATE SYSTEM SET TO          1  (CYLINDRICAL) Z- CYL. AXIS

 UNSELECT     FOR ITEM=LOC  COMPONENT=X     BETWEEN  0.0000     AND   1.0000    
   KABS=  0.  TOLERANCE= 0.100000E-07

        1  VOLUMES (OF       36  DEFINED) SELECTED BY VSEL COMMAND.

 ACTIVE COORDINATE SYSTEM SET TO          0  (CARTESIAN)  

 DEFINITION OF COMPONENT = VD1       ENTITY=VOLU

 ACTIVE COORDINATE SYSTEM SET TO          0  (CARTESIAN)  

 SELECT ALL ENTITIES OF TYPE= ALL  AND BELOW

 SELECT       FOR ITEM=LOC  COMPONENT=X     BETWEEN -2.0000     AND   0.0000    
   KABS=  0.  TOLERANCE= 0.200000E-07

       12  VOLUMES (OF       36  DEFINED) SELECTED BY  VSEL  COMMAND.

 RESELECT     FOR ITEM=LOC  COMPONENT=Y     BETWEEN  0.0000     AND   2.0000    
   KABS=  0.  TOLERANCE= 0.200000E-07

       12  VOLUMES (OF       36  DEFINED) SELECTED BY  VSEL  COMMAND.

 RESELECT     FOR ITEM=LOC  COMPONENT=Z     BETWEEN  26.667     AND   28.000    
   KABS=  0.  TOLERANCE= 0.133333E-07

        3  VOLUMES (OF       36  DEFINED) SELECTED BY  VSEL  COMMAND.

 ACTIVE COORDINATE SYSTEM SET TO          1  (CYLINDRICAL) Z- CYL. AXIS

 UNSELECT     FOR ITEM=LOC  COMPONENT=X     BETWEEN  0.0000     AND   1.0000    
   KABS=  0.  TOLERANCE= 0.100000E-07

        1  VOLUMES (OF       36  DEFINED) SELECTED BY VSEL COMMAND.

 ACTIVE COORDINATE SYSTEM SET TO          0  (CARTESIAN)  

 DEFINITION OF COMPONENT = VD2       ENTITY=VOLU

 ACTIVE COORDINATE SYSTEM SET TO          0  (CARTESIAN)  

 SELECT ALL ENTITIES OF TYPE= ALL  AND BELOW

 SELECT       FOR ITEM=LOC  COMPONENT=X     BETWEEN  0.0000     AND   2.0000    
   KABS=  0.  TOLERANCE= 0.200000E-07

       19  VOLUMES (OF       36  DEFINED) SELECTED BY  VSEL  COMMAND.

 RESELECT     FOR ITEM=LOC  COMPONENT=Y     BETWEEN  2.0100     AND   20.000    
   KABS=  0.  TOLERANCE= 0.179900E-06

        5  VOLUMES (OF       36  DEFINED) SELECTED BY  VSEL  COMMAND.

 RESELECT     FOR ITEM=LOC  COMPONENT=Z     BETWEEN  26.000     AND   27.333    
   KABS=  0.  TOLERANCE= 0.133333E-07

        2  VOLUMES (OF       36  DEFINED) SELECTED BY  VSEL  COMMAND.

 DEFINITION OF COMPONENT = VD3       ENTITY=VOLU

 ACTIVE COORDINATE SYSTEM SET TO          0  (CARTESIAN)  

 SELECT ALL ENTITIES OF TYPE= ALL  AND BELOW

 SELECT       FOR ITEM=LOC  COMPONENT=X     BETWEEN -20.000     AND  -2.0000    
   KABS=  0.  TOLERANCE= 0.180000E-06

        5  VOLUMES (OF       36  DEFINED) SELECTED BY  VSEL  COMMAND.

 RESELECT     FOR ITEM=LOC  COMPONENT=Y     BETWEEN  0.0000     AND   10.000    
   KABS=  0.  TOLERANCE= 0.100000E-06

        5  VOLUMES (OF       36  DEFINED) SELECTED BY  VSEL  COMMAND.

 RESELECT     FOR ITEM=LOC  COMPONENT=Z     BETWEEN  25.333     AND   28.000    
   KABS=  0.  TOLERANCE= 0.266667E-07

        2  VOLUMES (OF       36  DEFINED) SELECTED BY  VSEL  COMMAND.

 DEFINITION OF COMPONENT = VD4       ENTITY=VOLU

 ACTIVE COORDINATE SYSTEM SET TO          0  (CARTESIAN)  

 SELECT ALL ENTITIES OF TYPE= ALL  AND BELOW

 SELECT       FOR ITEM=LOC  COMPONENT=X     BETWEEN  0.0000     AND  0.38197    
   KABS=  0.  TOLERANCE= 0.381972E-08

        4  VOLUMES (OF       36  DEFINED) SELECTED BY  VSEL  COMMAND.

 RESELECT     FOR ITEM=LOC  COMPONENT=Y     BETWEEN  0.0000     AND  0.38197    
   KABS=  0.  TOLERANCE= 0.381972E-08

        4  VOLUMES (OF       36  DEFINED) SELECTED BY  VSEL  COMMAND.

 RESELECT     FOR ITEM=LOC  COMPONENT=Z     BETWEEN  25.333     AND   28.000    
   KABS=  0.  TOLERANCE= 0.266667E-07

        1  VOLUMES (OF       36  DEFINED) SELECTED BY  VSEL  COMMAND.

 DEFINITION OF COMPONENT = VD51      ENTITY=VOLU

 ACTIVE COORDINATE SYSTEM SET TO          0  (CARTESIAN)  

 SELECT ALL ENTITIES OF TYPE= ALL  AND BELOW

 SELECT       FOR ITEM=LOC  COMPONENT=X     BETWEEN-0.38197     AND   0.0000    
   KABS=  0.  TOLERANCE= 0.381972E-08

        4  VOLUMES (OF       36  DEFINED) SELECTED BY  VSEL  COMMAND.

 RESELECT     FOR ITEM=LOC  COMPONENT=Y     BETWEEN  0.0000     AND  0.38197    
   KABS=  0.  TOLERANCE= 0.381972E-08

        4  VOLUMES (OF       36  DEFINED) SELECTED BY  VSEL  COMMAND.

 RESELECT     FOR ITEM=LOC  COMPONENT=Z     BETWEEN  25.333     AND   28.000    
   KABS=  0.  TOLERANCE= 0.266667E-07

        1  VOLUMES (OF       36  DEFINED) SELECTED BY  VSEL  COMMAND.

 DEFINITION OF COMPONENT = VD52      ENTITY=VOLU

 ACTIVE COORDINATE SYSTEM SET TO          1  (CYLINDRICAL) Z- CYL. AXIS

 SELECT ALL ENTITIES OF TYPE= ALL  AND BELOW

 SELECT       FOR ITEM=LOC  COMPONENT=X     BETWEEN  0.0000     AND   1.0000    
   KABS=  0.  TOLERANCE= 0.100000E-07

       16  VOLUMES (OF       36  DEFINED) SELECTED BY  VSEL  COMMAND.

 RESELECT     FOR ITEM=LOC  COMPONENT=Y     BETWEEN  0.0000     AND   90.000    
   KABS=  0.  TOLERANCE= 0.900000E-06

        8  VOLUMES (OF       36  DEFINED) SELECTED BY  VSEL  COMMAND.

 RESELECT     FOR ITEM=LOC  COMPONENT=Z     BETWEEN  25.333     AND   28.000    
   KABS=  0.  TOLERANCE= 0.266667E-07

        2  VOLUMES (OF       36  DEFINED) SELECTED BY  VSEL  COMMAND.

 UNSELECT    COMPONENT VD51                            

 DEFINITION OF COMPONENT = VD61      ENTITY=VOLU

 ACTIVE COORDINATE SYSTEM SET TO          1  (CYLINDRICAL) Z- CYL. AXIS

 SELECT ALL ENTITIES OF TYPE= ALL  AND BELOW

 SELECT       FOR ITEM=LOC  COMPONENT=X     BETWEEN  0.0000     AND   1.0000    
   KABS=  0.  TOLERANCE= 0.100000E-07

       16  VOLUMES (OF       36  DEFINED) SELECTED BY  VSEL  COMMAND.

 RESELECT     FOR ITEM=LOC  COMPONENT=Y     BETWEEN  90.000     AND   180.00    
   KABS=  0.  TOLERANCE= 0.900000E-06

        8  VOLUMES (OF       36  DEFINED) SELECTED BY  VSEL  COMMAND.

 RESELECT     FOR ITEM=LOC  COMPONENT=Z     BETWEEN  25.333     AND   28.000    
   KABS=  0.  TOLERANCE= 0.266667E-07

        2  VOLUMES (OF       36  DEFINED) SELECTED BY  VSEL  COMMAND.

 UNSELECT    COMPONENT VD52                            

 DEFINITION OF COMPONENT = VD62      ENTITY=VOLU

 ACTIVE COORDINATE SYSTEM SET TO          0  (CARTESIAN)  

 SELECT ALL ENTITIES OF TYPE= ALL  AND BELOW

 SELECT       FOR ITEM=LOC  COMPONENT=X     BETWEEN  1.0000     AND   2.0000    
   KABS=  0.  TOLERANCE= 0.100000E-07

       11  VOLUMES (OF       36  DEFINED) SELECTED BY  VSEL  COMMAND.

 RESELECT     FOR ITEM=LOC  COMPONENT=Y     BETWEEN  0.0000     AND  0.24050    
   KABS=  0.  TOLERANCE= 0.240501E-08

        1  VOLUMES (OF       36  DEFINED) SELECTED BY  VSEL  COMMAND.

 RESELECT     FOR ITEM=LOC  COMPONENT=Z     BETWEEN  26.000     AND   27.333    
   KABS=  0.  TOLERANCE= 0.133333E-07

        1  VOLUMES (OF       36  DEFINED) SELECTED BY  VSEL  COMMAND.

 DEFINITION OF COMPONENT = VD7       ENTITY=VOLU

 ACTIVE COORDINATE SYSTEM SET TO          0  (CARTESIAN)  

 SELECT ALL ENTITIES OF TYPE= ALL  AND BELOW

 SELECT       FOR ITEM=LOC  COMPONENT=X     BETWEEN  1.0000     AND   2.0000    
   KABS=  0.  TOLERANCE= 0.100000E-07

       11  VOLUMES (OF       36  DEFINED) SELECTED BY  VSEL  COMMAND.

 RESELECT     FOR ITEM=LOC  COMPONENT=Y     BETWEEN  0.0000     AND  0.66667    
   KABS=  0.  TOLERANCE= 0.666667E-08

        2  VOLUMES (OF       36  DEFINED) SELECTED BY  VSEL  COMMAND.

 RESELECT     FOR ITEM=LOC  COMPONENT=Z     BETWEEN  26.000     AND   27.333    
   KABS=  0.  TOLERANCE= 0.133333E-07

        2  VOLUMES (OF       36  DEFINED) SELECTED BY  VSEL  COMMAND.

 UNSELECT    COMPONENT VD7                             

 DEFINITION OF COMPONENT = VD8       ENTITY=VOLU

 SELECT      COMPONENT VD1                             

 ALSO SELECT COMPONENT VD2                             

 ALSO SELECT COMPONENT VD3                             

 ALSO SELECT COMPONENT VD4                             

 ALSO SELECT COMPONENT VD51                            

 ALSO SELECT COMPONENT VD52                            

 ALSO SELECT COMPONENT VD61                            

 ALSO SELECT COMPONENT VD62                            

 ALSO SELECT COMPONENT VD7                             

 ALSO SELECT COMPONENT VD8                             

 SELECT      COMPONENT VD7                             

 ALSO SELECT COMPONENT VD8                             

 ACTIVE COORDINATE SYSTEM SET TO          0  (CARTESIAN)  

 MOVE ORIGIN OF WORKING PLANE TO THE AVERAGE OF      1 LOCATIONS IN CSYS      0
    0.00000    ,    0.00000    ,    0.00000    

 MOVE ORIGIN OF WORKING PLANE TO THE AVERAGE OF      1 LOCATIONS IN CSYS      0
    1.00000    ,    0.00000    ,    26.6667    

 ROTATE WORKING PLANE 
      0.0000     DEGREES ABOUT WORKING PLANE'S Z AXIS (X TOWARDS Y)
      0.0000     DEGREES ABOUT WORKING PLANE'S X AXIS (Y TOWARDS Z)
      90.000     DEGREES ABOUT WORKING PLANE'S Y AXIS (Z TOWARDS X)

 *DO LOOP ON PARAMETER= I FROM  1.0000     TO  4.0000     BY  1.0000    

 MOVE WORKING PLANE'S FOCUS POINT 
      0.0000     UNITS ALONG THE WORKING PLANE'S X-AXIS
      0.0000     UNITS ALONG THE WORKING PLANE'S Y-AXIS
     0.20000     UNITS ALONG THE WORKING PLANE'S Z-AXIS

 SUBTRACT WORKING PLANES FROM A VOLUME
      VOLUME NUMBERS TO BE OPERATED ON =      27     28
      VOLUMES OPERATED ON WILL BE DELETED IF POSSIBLE
      OUTPUT VOLUMES =    37   38   39   40

 *** WARNING ***                         CP =       2.422   TIME= 12:50:06
 Assembly VD8 is deleted.                                                

 *** WARNING ***                         CP =       2.422   TIME= 12:50:06
 Assembly VD7 is deleted.                                                

 *ENDDO  INDEX= I                               

 SELECT      COMPONENT VD51                            

 ALSO SELECT COMPONENT VD52                            

 ALSO SELECT COMPONENT VD61                            

 ALSO SELECT COMPONENT VD62                            

 ACTIVE COORDINATE SYSTEM SET TO          0  (CARTESIAN)  

 MOVE ORIGIN OF WORKING PLANE TO THE AVERAGE OF      1 LOCATIONS IN CSYS      0
    0.00000    ,    0.00000    ,    0.00000    

 CREATE WORKING PLANE AT LOCAL SYSTEM      0

 MOVE ORIGIN OF WORKING PLANE TO THE AVERAGE OF      1 LOCATIONS IN CSYS      0
    0.00000    ,    0.00000    ,    26.6667    

 PARAMETER NESCGAL =     4.000000000    

 *DO LOOP ON PARAMETER= I FROM  1.0000     TO  3.0000     BY  1.0000    

 MOVE WORKING PLANE'S FOCUS POINT 
      0.0000     UNITS ALONG THE WORKING PLANE'S X-AXIS
      0.0000     UNITS ALONG THE WORKING PLANE'S Y-AXIS
     0.33333     UNITS ALONG THE WORKING PLANE'S Z-AXIS

 SUBTRACT WORKING PLANES FROM A VOLUME
      VOLUME NUMBERS TO BE OPERATED ON =      21     23     26     33
      VOLUMES OPERATED ON WILL BE DELETED IF POSSIBLE
      OUTPUT VOLUMES =    39   43   47   48   49   50   51   52

 *** WARNING ***                         CP =       2.469   TIME= 12:50:06
 Assembly VD52 is deleted.                                               

 *** WARNING ***                         CP =       2.469   TIME= 12:50:06
 Assembly VD51 is deleted.                                               

 *** WARNING ***                         CP =       2.469   TIME= 12:50:06
 Assembly VD62 is deleted.                                               

 *** WARNING ***                         CP =       2.469   TIME= 12:50:06
 Assembly VD61 is deleted.                                               

 *ENDDO  INDEX= I                               

 ACTIVE COORDINATE SYSTEM SET TO          0  (CARTESIAN)  

 SELECT ALL ENTITIES OF TYPE= ALL  AND BELOW

 SELECT       FOR ITEM=LOC  COMPONENT=X     BETWEEN  0.0000     AND  0.38197    
   KABS=  0.  TOLERANCE= 0.381972E-08

        7  VOLUMES (OF       56  DEFINED) SELECTED BY  VSEL  COMMAND.

 RESELECT     FOR ITEM=LOC  COMPONENT=Y     BETWEEN  0.0000     AND  0.38197    
   KABS=  0.  TOLERANCE= 0.381972E-08

        7  VOLUMES (OF       56  DEFINED) SELECTED BY  VSEL  COMMAND.

 RESELECT     FOR ITEM=LOC  COMPONENT=Z     BETWEEN  26.667     AND   28.000    
   KABS=  0.  TOLERANCE= 0.133333E-07

        4  VOLUMES (OF       56  DEFINED) SELECTED BY  VSEL  COMMAND.

 DEFINITION OF COMPONENT = VD51      ENTITY=VOLU

 ACTIVE COORDINATE SYSTEM SET TO          0  (CARTESIAN)  

 SELECT ALL ENTITIES OF TYPE= ALL  AND BELOW

 SELECT       FOR ITEM=LOC  COMPONENT=X     BETWEEN-0.38197     AND   0.0000    
   KABS=  0.  TOLERANCE= 0.381972E-08

        7  VOLUMES (OF       56  DEFINED) SELECTED BY  VSEL  COMMAND.

 RESELECT     FOR ITEM=LOC  COMPONENT=Y     BETWEEN  0.0000     AND  0.38197    
   KABS=  0.  TOLERANCE= 0.381972E-08

        7  VOLUMES (OF       56  DEFINED) SELECTED BY  VSEL  COMMAND.

 RESELECT     FOR ITEM=LOC  COMPONENT=Z     BETWEEN  26.667     AND   28.000    
   KABS=  0.  TOLERANCE= 0.133333E-07

        4  VOLUMES (OF       56  DEFINED) SELECTED BY  VSEL  COMMAND.

 DEFINITION OF COMPONENT = VD52      ENTITY=VOLU

 ACTIVE COORDINATE SYSTEM SET TO          1  (CYLINDRICAL) Z- CYL. AXIS

 SELECT ALL ENTITIES OF TYPE= ALL  AND BELOW

 SELECT       FOR ITEM=LOC  COMPONENT=X     BETWEEN  0.0000     AND   1.0000    
   KABS=  0.  TOLERANCE= 0.100000E-07

       28  VOLUMES (OF       56  DEFINED) SELECTED BY  VSEL  COMMAND.

 RESELECT     FOR ITEM=LOC  COMPONENT=Y     BETWEEN  0.0000     AND   90.000    
   KABS=  0.  TOLERANCE= 0.900000E-06

       14  VOLUMES (OF       56  DEFINED) SELECTED BY  VSEL  COMMAND.

 RESELECT     FOR ITEM=LOC  COMPONENT=Z     BETWEEN  26.667     AND   28.000    
   KABS=  0.  TOLERANCE= 0.133333E-07

        8  VOLUMES (OF       56  DEFINED) SELECTED BY  VSEL  COMMAND.

 UNSELECT    COMPONENT VD51                            

 DEFINITION OF COMPONENT = VD61      ENTITY=VOLU

 ACTIVE COORDINATE SYSTEM SET TO          1  (CYLINDRICAL) Z- CYL. AXIS

 SELECT ALL ENTITIES OF TYPE= ALL  AND BELOW

 SELECT       FOR ITEM=LOC  COMPONENT=X     BETWEEN  0.0000     AND   1.0000    
   KABS=  0.  TOLERANCE= 0.100000E-07

       28  VOLUMES (OF       56  DEFINED) SELECTED BY  VSEL  COMMAND.

 RESELECT     FOR ITEM=LOC  COMPONENT=Y     BETWEEN  90.000     AND   180.00    
   KABS=  0.  TOLERANCE= 0.900000E-06

       14  VOLUMES (OF       56  DEFINED) SELECTED BY  VSEL  COMMAND.

 RESELECT     FOR ITEM=LOC  COMPONENT=Z     BETWEEN  26.667     AND   28.000    
   KABS=  0.  TOLERANCE= 0.133333E-07

        8  VOLUMES (OF       56  DEFINED) SELECTED BY  VSEL  COMMAND.

 UNSELECT    COMPONENT VD52                            

 DEFINITION OF COMPONENT = VD62      ENTITY=VOLU

 ACTIVE COORDINATE SYSTEM SET TO          0  (CARTESIAN)  

 SELECT ALL ENTITIES OF TYPE= ALL  AND BELOW

 SELECT       FOR ITEM=LOC  COMPONENT=X     BETWEEN  1.0000     AND   2.0000    
   KABS=  0.  TOLERANCE= 0.100000E-07

       19  VOLUMES (OF       56  DEFINED) SELECTED BY  VSEL  COMMAND.

 RESELECT     FOR ITEM=LOC  COMPONENT=Y     BETWEEN  0.0000     AND  0.24050    
   KABS=  0.  TOLERANCE= 0.240501E-08

        5  VOLUMES (OF       56  DEFINED) SELECTED BY  VSEL  COMMAND.

 RESELECT     FOR ITEM=LOC  COMPONENT=Z     BETWEEN  26.667     AND   27.333    
   KABS=  0.  TOLERANCE= 0.666667E-08

        5  VOLUMES (OF       56  DEFINED) SELECTED BY  VSEL  COMMAND.

 DEFINITION OF COMPONENT = VD7       ENTITY=VOLU

 ACTIVE COORDINATE SYSTEM SET TO          0  (CARTESIAN)  

 SELECT ALL ENTITIES OF TYPE= ALL  AND BELOW

 SELECT       FOR ITEM=LOC  COMPONENT=X     BETWEEN  1.0000     AND   2.0000    
   KABS=  0.  TOLERANCE= 0.100000E-07

       19  VOLUMES (OF       56  DEFINED) SELECTED BY  VSEL  COMMAND.

 RESELECT     FOR ITEM=LOC  COMPONENT=Y     BETWEEN  0.0000     AND  0.66667    
   KABS=  0.  TOLERANCE= 0.666667E-08

       10  VOLUMES (OF       56  DEFINED) SELECTED BY  VSEL  COMMAND.

 RESELECT     FOR ITEM=LOC  COMPONENT=Z     BETWEEN  26.667     AND   27.333    
   KABS=  0.  TOLERANCE= 0.666667E-08

       10  VOLUMES (OF       56  DEFINED) SELECTED BY  VSEL  COMMAND.

 UNSELECT    COMPONENT VD7                             

 DEFINITION OF COMPONENT = VD8       ENTITY=VOLU

 SELECT      COMPONENT VD51                            

 ALSO SELECT COMPONENT VD52                            

 ALSO SELECT COMPONENT VD61                            

 ALSO SELECT COMPONENT VD62                            

 ALSO SELECT COMPONENT VD7                             

 ALSO SELECT COMPONENT VD8                             

 SELECT ALL ENTITIES OF TYPE= ALL  AND BELOW

 MERGE COINCIDENT KEYPOINTS WITHIN TOLERANCE OF  0.10000E-03

 NO KEYPOINTS WERE MERGED

 COMPRESS KEYPOINT NUMBERS
      MAXIMUM KEYPOINT NUMBER COMPRESSED FROM     146 TO     146

 COMPRESS LINE NUMBERS
      MAXIMUM LINE NUMBER COMPRESSED FROM    348 TO    341

 COMPRESS AREA NUMBERS
      MAXIMUM AREA NUMBER COMPRESSED FROM    257 TO    247

 COMPRESS VOLUME NUMBERS
      MAXIMUM VOLUME NUMBER COMPRESSED FROM     60 TO     56
 PRODUCE ALL HEXAHEDRAL ELEMENTS IN 3D.
 USE THE MAPPED MESHER.

 ELEMENT TYPE SET TO         1

 SELECT ALL ENTITIES OF TYPE= ALL  AND BELOW

 SELECT      COMPONENT VA5                             

 ALSO SELECT COMPONENT VA6                             

 GENERATE NODES AND ELEMENTS IN ALL SELECTED VOLUMES
 
        SWEEPING VOLUME 18 FROM AREA 88 TO AREA 86
        VOLUME 18 MESHED WITH 736 HEXAHEDRA AND 0 WEDGES
 
        SWEEPING VOLUME 17 FROM AREA 85 TO AREA 86
        VOLUME 17 MESHED WITH 736 HEXAHEDRA AND 0 WEDGES
 
        SWEEPING VOLUME 13 FROM AREA 61 TO AREA 19
        VOLUME 13 MESHED WITH 3220 HEXAHEDRA AND 0 WEDGES
 
        SWEEPING VOLUME 12 FROM AREA 60 TO AREA 17
        VOLUME 12 MESHED WITH 3266 HEXAHEDRA AND 92 WEDGES

 Volume Sweeping Complete 

 The Following Volumes Were Successfully Swept
    12          13          17          18

 MAXIMUM NODE NUMBER        =      9400
 MAXIMUM ELEMENT NUMBER     =      8050
 PRODUCE ALL HEXAHEDRAL ELEMENTS IN 3D.
 USE THE MAPPED MESHER.

 ELEMENT TYPE SET TO         1

 SELECT ALL ENTITIES OF TYPE= ALL  AND BELOW

 SELECT      COMPONENT VA1                             

 ALSO SELECT COMPONENT VA2                             

 ALSO SELECT COMPONENT VA3                             

 ALSO SELECT COMPONENT VA4                             

 ALSO SELECT COMPONENT VB3                             

 ALSO SELECT COMPONENT VB4                             

 ALSO SELECT COMPONENT VC3                             

 ALSO SELECT COMPONENT VC4                             

 ALSO SELECT COMPONENT VD3                             

 ALSO SELECT COMPONENT VD4                             

 GENERATE NODES AND ELEMENTS IN ALL SELECTED VOLUMES
 
        SWEEPING VOLUME 34 FROM AREA 151 TO AREA 132
        VOLUME 34 MESHED WITH 768 HEXAHEDRA AND 0 WEDGES
 
        SWEEPING VOLUME 33 FROM AREA 56 TO AREA 150
        VOLUME 33 MESHED WITH 768 HEXAHEDRA AND 0 WEDGES
 
        SWEEPING VOLUME 30 FROM AREA 77 TO AREA 130
        VOLUME 30 MESHED WITH 8832 HEXAHEDRA AND 0 WEDGES
 
        SWEEPING VOLUME 29 FROM AREA 35 TO AREA 128
        VOLUME 29 MESHED WITH 8832 HEXAHEDRA AND 0 WEDGES
 
        SWEEPING VOLUME 28 FROM AREA 6 TO AREA 104
        VOLUME 28 MESHED WITH 2880 HEXAHEDRA AND 0 WEDGES
 
        SWEEPING VOLUME 23 FROM AREA 65 TO AREA 75
        VOLUME 23 MESHED WITH 384 HEXAHEDRA AND 0 WEDGES
 
        SWEEPING VOLUME 20 FROM AREA 93 TO AREA 31
        VOLUME 20 MESHED WITH 5152 HEXAHEDRA AND 0 WEDGES
 
        SWEEPING VOLUME 19 FROM AREA 98 TO AREA 97
        VOLUME 19 MESHED WITH 5152 HEXAHEDRA AND 0 WEDGES
 
        SWEEPING VOLUME 15 FROM AREA 77 TO AREA 76
        VOLUME 15 MESHED WITH 4416 HEXAHEDRA AND 0 WEDGES
 
        SWEEPING VOLUME 10 FROM AREA 56 TO AREA 55
        VOLUME 10 MESHED WITH 384 HEXAHEDRA AND 0 WEDGES
 
        SWEEPING VOLUME 7 FROM AREA 35 TO AREA 34
        VOLUME 7 MESHED WITH 4416 HEXAHEDRA AND 0 WEDGES
 
        SWEEPING VOLUME 2 FROM AREA 6 TO AREA 4
        VOLUME 2 MESHED WITH 1440 HEXAHEDRA AND 0 WEDGES

 Volume Sweeping Complete 

 The Following Volumes Were Successfully Swept
     2           7          10          15          19
    20          23          28          29          30
    33          34

 MAXIMUM NODE NUMBER        =     56782
 MAXIMUM ELEMENT NUMBER     =     51474
 PRODUCE ALL TETRAHEDRAL ELEMENTS IN 3D.

 *** WARNING ***                         CP =       5.281   TIME= 12:50:07
 Structural elements without mid nodes usually produce much more         
 accurate results in quad or brick shape.                                
 USE THE FREE MESHER.

 ELEMENT TYPE SET TO         2

 SELECT ALL ENTITIES OF TYPE= ALL  AND BELOW

 SELECT      COMPONENT VD51                            

 ALSO SELECT COMPONENT VD52                            

 ALSO SELECT COMPONENT VD61                            

 ALSO SELECT COMPONENT VD62                            

 ALSO SELECT COMPONENT VD7                             

 ALSO SELECT COMPONENT VD8                             

 SELECT      ALL AREAS HAVING ANY VOLUMES IN SELECTED VOLUME SET.

      104  AREAS (OF      247  DEFINED) SELECTED FROM 
       26 SELECTED VOLUMES BY  ASLV  COMMAND.

 SELECT      LINES ASSOCIATED WITH SELECTED AREAS

      142  LINES (OF      341  DEFINED) SELECTED FROM
      104 SELECTED AREAS BY  LSLA  COMMAND.

 SET DIVISIONS ON ALL SELECTED LINES
      FOR ELEMENT SIZE =  0.15385        SPACING RATIO =     1.0000
      (KFORCE = 1      PREVIOUS NONZERO VALUES WILL BE ALTERED)
 NDIV AND SPACE CAN BE OVERRIDDEN FOR CURVATURE OR PROXIMITY

 GENERATE NODES AND ELEMENTS   IN  ALL  SELECTED VOLUMES  

 *** WARNING ***                         CP =       6.625   TIME= 12:50:07
 Mid-nodes of some elements have been modified to lie on straight edges  
 because of distortion with the original mid-nodes.  This condition is   
 sometimes eliminated by tetrahedron element improvement when enabled.   
 Issue ESEL,,STRAIGHTENED to select such elements for listing or         
 plotting.                                                               

 *** NOTE ***                            CP =       7.031   TIME= 12:50:07
 SOLID186 element 54967 (and possibly others) does not have all of its   
 midside nodes supplied.  In some situations, this may reduce solution   
 accuracy.                                                               

 *** NOTE ***                            CP =       7.062   TIME= 12:50:07
 71 Pyramid transition elements automatically defined in volume 45 at    
 boundary between brick (or quad) and tetrahedral elements.              

 *** NOTE ***                            CP =       7.297   TIME= 12:50:07
 70 Pyramid transition elements automatically defined in volume 46 at    
 boundary between brick (or quad) and tetrahedral elements.              

 *** NOTE ***                            CP =       7.422   TIME= 12:50:07
 0 Pyramid transition elements automatically defined in volume 48 at     
 boundary between brick (or quad) and tetrahedral elements.              

 *** NOTE ***                            CP =       7.422   TIME= 12:50:07
 0 Pyramid transition elements automatically defined in volume 49 at     
 boundary between brick (or quad) and tetrahedral elements.              

 *** NOTE ***                            CP =       7.547   TIME= 12:50:08
 16 Pyramid transition elements automatically defined in volume 53 at    
 boundary between brick (or quad) and tetrahedral elements.              

 *** NOTE ***                            CP =       7.766   TIME= 12:50:08
 16 Pyramid transition elements automatically defined in volume 54 at    
 boundary between brick (or quad) and tetrahedral elements.              

 *** NOTE ***                            CP =       7.797   TIME= 12:50:08
 0 Pyramid transition elements automatically defined in volume 55 at     
 boundary between brick (or quad) and tetrahedral elements.              

 *** NOTE ***                            CP =       7.797   TIME= 12:50:08
 0 Pyramid transition elements automatically defined in volume 56 at     
 boundary between brick (or quad) and tetrahedral elements.              

 NUMBER OF VOLUMES MESHED   =        26
 MAXIMUM NODE NUMBER        =     67329
 MAXIMUM ELEMENT NUMBER     =     58571

 ------------------------------------------------------------------------------
            <<<<<<          SHAPE TESTING SUMMARY           >>>>>>
            <<<<<<       FOR NEW OR MODIFIED ELEMENTS       >>>>>>
 ------------------------------------------------------------------------------
                    --------------------------------------
                    |  Element count      6917 SOLID186  |
                    --------------------------------------

  Test                Number tested  Warning count  Error count    Warn+Err %
  ----                -------------  -------------  -----------    ----------
  Aspect Ratio               6917              0             0         0.00 %
  Parallel Deviation          173              0             0         0.00 %
  Maximum Angle              6917              0             0         0.00 %
  Jacobian Ratio             6917              1             0         0.01 %
  Warping Factor              173              0             0         0.00 %

  Any                        6917              1             0         0.01 %
 ------------------------------------------------------------------------------

 *** WARNING ***                         CP =       7.797   TIME= 12:50:08
 Shape testing revealed that 1 of the 6917 new or modified elements      
 violate shape warning limits.  To review test results, please see the   
 output file or issue the CHECK command.                                 
 PRODUCE ALL TETRAHEDRAL ELEMENTS IN 3D.
 USE THE FREE MESHER.

 ELEMENT TYPE SET TO         2

 SELECT ALL ENTITIES OF TYPE= ALL  AND BELOW

 SELECT      COMPONENT VD1                             

 ALSO SELECT COMPONENT VD2                             

 GENERATE NODES AND ELEMENTS   IN  ALL  SELECTED VOLUMES  

 *** NOTE ***                            CP =       9.016   TIME= 12:50:08
 SOLID186 element 61978 (and possibly others) does not have all of its   
 midside nodes supplied.  In some situations, this may reduce solution   
 accuracy.                                                               

 *** NOTE ***                            CP =       9.141   TIME= 12:50:08
 176 Pyramid transition elements automatically defined in volume 27 at   
 boundary between brick (or quad) and tetrahedral elements.              

 *** NOTE ***                            CP =       9.453   TIME= 12:50:08
 144 Pyramid transition elements automatically defined in volume 32 at   
 boundary between brick (or quad) and tetrahedral elements.              

 NUMBER OF VOLUMES MESHED   =         2
 MAXIMUM NODE NUMBER        =     78319
 MAXIMUM ELEMENT NUMBER     =     67019

 ------------------------------------------------------------------------------
            <<<<<<          SHAPE TESTING SUMMARY           >>>>>>
            <<<<<<       FOR NEW OR MODIFIED ELEMENTS       >>>>>>
 ------------------------------------------------------------------------------
                    --------------------------------------
                    |  Element count      8274 SOLID186  |
                    --------------------------------------

  Test                Number tested  Warning count  Error count    Warn+Err %
  ----                -------------  -------------  -----------    ----------
  Aspect Ratio               8274              0             0         0.00 %
  Parallel Deviation          320              0             0         0.00 %
  Maximum Angle              8274              0             0         0.00 %
  Jacobian Ratio             8274              1             0         0.01 %
  Warping Factor              320              0             0         0.00 %

  Any                        8274              1             0         0.01 %
 ------------------------------------------------------------------------------

 *** WARNING ***                         CP =       9.469   TIME= 12:50:08
 Shape testing revealed that 1 of the 8274 new or modified elements      
 violate shape warning limits.  To review test results, please see the   
 output file or issue the CHECK command.                                 

 SELECT ALL ENTITIES OF TYPE= ALL  AND BELOW

 SELECT      COMPONENT VD51                            

 ALSO SELECT COMPONENT VD52                            

 ALSO SELECT COMPONENT VD61                            

 ALSO SELECT COMPONENT VD62                            

 ALSO SELECT COMPONENT VD7                             

 ALSO SELECT COMPONENT VD8                             

 ALSO SELECT COMPONENT VD1                             

 ALSO SELECT COMPONENT VD2                             

 SELECT      ELEMENTS CREATED FROM SELECTED VOLUMES.

      15191  ELEMENTS (OF      66665  DEFINED) SELECTED FROM
       28 SELECTED VOLUMES BY  ESLV  COMMAND.

 MOVE ORIGIN OF WORKING PLANE TO THE AVERAGE OF      1 LOCATIONS IN CSYS      0
    0.00000    ,    0.00000    ,    0.00000    

 CREATE WORKING PLANE AT LOCAL SYSTEM      0

 MOVE ORIGIN OF WORKING PLANE TO THE AVERAGE OF      1 LOCATIONS IN CSYS      0
    2.00000    ,    0.00000    ,    26.6667    

 ACTIVE COORDINATE SYSTEM SET TO          4  (CARTESIAN)  

 SYMMETRY TRANSFORMATION OF VOLUMES       USING COMPONENT  Z  
   SET IS ALL SELECTED VOLUMES      

 *** WARNING ***                         CP =       9.484   TIME= 12:50:08
 Concatenation of line 237 is not transferred for symm operation.        

 *** WARNING ***                         CP =       9.484   TIME= 12:50:08
 Concatenation of area 164 is not transferred for symm operation.        

 *** WARNING ***                         CP =       9.484   TIME= 12:50:08
 Concatenation of line 225 is not transferred for symm operation.        

 *** NOTE ***                            CP =       9.500   TIME= 12:50:08
 SOLID186 element 67701 (and possibly others) does not have all of its   
 midside nodes supplied.  In some situations, this may reduce solution   
 accuracy.                                                               

 *** WARNING ***                         CP =       9.906   TIME= 12:50:08
 Concatenation of line 222 is not transferred for symm operation.        

 MAXIMUM NODE NUMBER        =    100376
 MAXIMUM ELEMENT NUMBER     =     82210

 ------------------------------------------------------------------------------
            <<<<<<          SHAPE TESTING SUMMARY           >>>>>>
            <<<<<<       FOR NEW OR MODIFIED ELEMENTS       >>>>>>
 ------------------------------------------------------------------------------
                    --------------------------------------
                    |  Element count     15191 SOLID186  |
                    --------------------------------------

  Test                Number tested  Warning count  Error count    Warn+Err %
  ----                -------------  -------------  -----------    ----------
  Aspect Ratio              15191              0             0         0.00 %
  Parallel Deviation          493              0             0         0.00 %
  Maximum Angle             15191              0             0         0.00 %
  Jacobian Ratio            15191              2             0         0.01 %
  Warping Factor              493              0             0         0.00 %

  Any                       15191              2             0         0.01 %
 ------------------------------------------------------------------------------

 *** WARNING ***                         CP =      10.797   TIME= 12:50:08
 Shape testing revealed that 2 of the 15191 new or modified elements     
 violate shape warning limits.  To review test results, please see the   
 output file or issue the CHECK command.                                 

 ACTIVE COORDINATE SYSTEM SET TO          0  (CARTESIAN)  

 SELECT ALL ENTITIES OF TYPE= ALL  AND BELOW

  MERGE COINCIDENT NODES WITHIN TOLERANCE OF  0.10000E-03
 NODE     18477 USED FOR NODES     80313
 NODE     18883 USED FOR NODES     80345
 NODE     18884 USED FOR NODES     80346
 NODE     18885 USED FOR NODES     80347
 NODE     18886 USED FOR NODES     80348
 NODE     18887 USED FOR NODES     80349
 NODE     18888 USED FOR NODES     80350
 NODE     18889 USED FOR NODES     80108
 NODE     18890 USED FOR NODES     80351
 NODE     21421 USED FOR NODES     80370
 NODE     21422 USED FOR NODES     80371
 NODE     21423 USED FOR NODES     80372
 NODE     21424 USED FOR NODES     80367
 NODE     21425 USED FOR NODES     80368
 NODE     21426 USED FOR NODES     80369
 NODE     21427 USED FOR NODES     80364
 NODE     21428 USED FOR NODES     80365
 NODE     21429 USED FOR NODES     80366
 NODE     21430 USED FOR NODES     80361
 NODE     21431 USED FOR NODES     80362
 NODE     21432 USED FOR NODES     80363
 NODE     21433 USED FOR NODES     80358
 NODE     21434 USED FOR NODES     80359
 NODE     21435 USED FOR NODES     80360
 NODE     21436 USED FOR NODES     80355
 NODE     21437 USED FOR NODES     80356
 NODE     21438 USED FOR NODES     80357
 NODE     21439 USED FOR NODES     80352
 NODE     21440 USED FOR NODES     80353
 NODE     21441 USED FOR NODES     80354
 NODE     21442 USED FOR NODES     80115
 NODE     21443 USED FOR NODES     80116
 NODE     21444 USED FOR NODES     80117
 NODE     21445 USED FOR NODES     79750
 NODE     21446 USED FOR NODES     79751
 NODE     21447 USED FOR NODES     79752
 NODE     21448 USED FOR NODES     79753
 NODE     21449 USED FOR NODES     79754
 NODE     21450 USED FOR NODES     79755
 NODE     21451 USED FOR NODES     79749
 NODE     21452 USED FOR NODES     79756
 NODE     21453 USED FOR NODES     79741
 NODE     21454 USED FOR NODES     80321
 NODE     21455 USED FOR NODES     80322
 NODE     21456 USED FOR NODES     80323
 NODE     67370 USED FOR NODES     79784
 NODE     67372 USED FOR NODES     79786
 NODE     67367 USED FOR NODES     79781
 NODE     67368 USED FOR NODES     79782
 NODE     67451 USED FOR NODES     79865
 NODE     67452 USED FOR NODES     79866
 NODE     67455 USED FOR NODES     79869
 NODE     67456 USED FOR NODES     79870
 NODE     67453 USED FOR NODES     79867
 NODE     67454 USED FOR NODES     79868
 NODE     67461 USED FOR NODES     79875
 NODE     67462 USED FOR NODES     79876
 NODE     67457 USED FOR NODES     79871
 NODE     67458 USED FOR NODES     79872
 NODE     67459 USED FOR NODES     79873
 NODE     67460 USED FOR NODES     79874
 NODE     67355 USED FOR NODES     79769
 NODE     67668 USED FOR NODES     80082
 NODE     67669 USED FOR NODES     80083
 NODE     67369 USED FOR NODES     79783
 NODE     67362 USED FOR NODES     79776
 NODE     67649 USED FOR NODES     80063
 NODE     67647 USED FOR NODES     80061
 NODE     67408 USED FOR NODES     79822
 NODE     67371 USED FOR NODES     79785
 NODE     67409 USED FOR NODES     79823
 NODE     67648 USED FOR NODES     80062
 NODE     67645 USED FOR NODES     80059
 NODE     67410 USED FOR NODES     79824
 NODE     67646 USED FOR NODES     80060
 NODE     67366 USED FOR NODES     79780
 NODE     67436 USED FOR NODES     79850
 NODE     67411 USED FOR NODES     79825
 NODE     18476 USED FOR NODES     80320
 NODE     21652 USED FOR NODES     80325
 NODE     21651 USED FOR NODES     80324
 NODE     21653 USED FOR NODES     80326
 NODE     21660 USED FOR NODES     79748
 NODE     67360 USED FOR NODES     79774
 NODE     67365 USED FOR NODES     79779
 NODE     67643 USED FOR NODES     80057
 NODE     67354 USED FOR NODES     79768
 NODE     67407 USED FOR NODES     79821
 NODE     67412 USED FOR NODES     79826
 NODE     67393 USED FOR NODES     79807
 NODE     67394 USED FOR NODES     79808
 NODE     67450 USED FOR NODES     79864
 NODE     67392 USED FOR NODES     79806
 NODE     67391 USED FOR NODES     79805
 NODE     67515 USED FOR NODES     79929
 NODE     67389 USED FOR NODES     79803
 NODE     67390 USED FOR NODES     79804
 NODE     67401 USED FOR NODES     79815
 NODE     67435 USED FOR NODES     79849
 NODE     67650 USED FOR NODES     80064
 NODE     67626 USED FOR NODES     80040
 NODE     67437 USED FOR NODES     79851
 NODE     67471 USED FOR NODES     79885
 NODE     67353 USED FOR NODES     79767
 NODE     67664 USED FOR NODES     80078
 NODE     67381 USED FOR NODES     79795
 NODE     67388 USED FOR NODES     79802
 NODE     67472 USED FOR NODES     79886
 NODE     67665 USED FOR NODES     80079
 NODE     67384 USED FOR NODES     79798
 NODE     67485 USED FOR NODES     79899
 NODE     67529 USED FOR NODES     79943
 NODE     67449 USED FOR NODES     79863
 NODE     67380 USED FOR NODES     79794
 NODE     67666 USED FOR NODES     80080
 NODE     67655 USED FOR NODES     80069
 NODE     67530 USED FOR NODES     79944
 NODE     67406 USED FOR NODES     79820
 NODE     67635 USED FOR NODES     80049
 NODE     67352 USED FOR NODES     79766
 NODE     18475 USED FOR NODES     80319
 NODE     21648 USED FOR NODES     80327
 NODE     21649 USED FOR NODES     80328
 NODE     21650 USED FOR NODES     80329
 NODE     21659 USED FOR NODES     79747
 NODE     67379 USED FOR NODES     79793
 NODE     67438 USED FOR NODES     79852
 NODE     67486 USED FOR NODES     79900
 NODE     67377 USED FOR NODES     79791
 NODE     67364 USED FOR NODES     79778
 NODE     67555 USED FOR NODES     79969
 NODE     67378 USED FOR NODES     79792
 NODE     67357 USED FOR NODES     79771
 NODE     67414 USED FOR NODES     79828
 NODE     67382 USED FOR NODES     79796
 NODE     67637 USED FOR NODES     80051
 NODE     67448 USED FOR NODES     79862
 NODE     67614 USED FOR NODES     80028
 NODE     67496 USED FOR NODES     79910
 NODE     67351 USED FOR NODES     79765
 NODE     67413 USED FOR NODES     79827
 NODE     67497 USED FOR NODES     79911
 NODE     67383 USED FOR NODES     79797
 NODE     67651 USED FOR NODES     80065
 NODE     67556 USED FOR NODES     79970
 NODE     67550 USED FOR NODES     79964
 NODE     67487 USED FOR NODES     79901
 NODE     67662 USED FOR NODES     80076
 NODE     67463 USED FOR NODES     79877
 NODE     67395 USED FOR NODES     79809
 NODE     67661 USED FOR NODES     80075
 NODE     67350 USED FOR NODES     79764
 NODE     67416 USED FOR NODES     79830
 NODE     67616 USED FOR NODES     80030
 NODE     67552 USED FOR NODES     79966
 NODE     67473 USED FOR NODES     79887
 NODE     67387 USED FOR NODES     79801
 NODE     67512 USED FOR NODES     79926
 NODE     67396 USED FOR NODES     79810
 NODE     67447 USED FOR NODES     79861
 NODE     67628 USED FOR NODES     80042
 NODE     67642 USED FOR NODES     80056
 NODE     67593 USED FOR NODES     80007
 NODE     67551 USED FOR NODES     79965
 NODE     67349 USED FOR NODES     79763
 NODE     67663 USED FOR NODES     80077
 NODE     67415 USED FOR NODES     79829
 NODE     67418 USED FOR NODES     79832
 NODE     67488 USED FOR NODES     79902
 NODE     67419 USED FOR NODES     79833
 NODE     67405 USED FOR NODES     79819
 NODE     67525 USED FOR NODES     79939
 NODE     67474 USED FOR NODES     79888
 NODE     67417 USED FOR NODES     79831
 NODE     67513 USED FOR NODES     79927
 NODE     21645 USED FOR NODES     80330
 NODE     21658 USED FOR NODES     79746
 NODE     21647 USED FOR NODES     80332
 NODE     21646 USED FOR NODES     80331
 NODE     18474 USED FOR NODES     80318
 NODE     67603 USED FOR NODES     80017
 NODE     67594 USED FOR NODES     80008
 NODE     67464 USED FOR NODES     79878
 NODE     67397 USED FOR NODES     79811
 NODE     67634 USED FOR NODES     80048
 NODE     67498 USED FOR NODES     79912
 NODE     67526 USED FOR NODES     79940
 NODE     67348 USED FOR NODES     79762
 NODE     67386 USED FOR NODES     79800
 NODE     67475 USED FOR NODES     79889
 NODE     67446 USED FOR NODES     79860
 NODE     67625 USED FOR NODES     80039
 NODE     67499 USED FOR NODES     79913
 NODE     67658 USED FOR NODES     80072
 NODE     67423 USED FOR NODES     79837
 NODE     67659 USED FOR NODES     80073
 NODE     67347 USED FOR NODES     79761
 NODE     67356 USED FOR NODES     79770
 NODE     67422 USED FOR NODES     79836
 NODE     67559 USED FOR NODES     79973
 NODE     67560 USED FOR NODES     79974
 NODE     67489 USED FOR NODES     79903
 NODE     67516 USED FOR NODES     79930
 NODE     67641 USED FOR NODES     80055
 NODE     67596 USED FOR NODES     80010
 NODE     67652 USED FOR NODES     80066
 NODE     67531 USED FOR NODES     79945
 NODE     67500 USED FOR NODES     79914
 NODE     67624 USED FOR NODES     80038
 NODE     67476 USED FOR NODES     79890
 NODE     67346 USED FOR NODES     79760
 NODE     67532 USED FOR NODES     79946
 NODE     67420 USED FOR NODES     79834
 NODE     67599 USED FOR NODES     80013
 NODE     67633 USED FOR NODES     80047
 NODE     67398 USED FOR NODES     79812
 NODE     67426 USED FOR NODES     79840
 NODE     67424 USED FOR NODES     79838
 NODE     67517 USED FOR NODES     79931
 NODE     67345 USED FOR NODES     79759
 NODE     67601 USED FOR NODES     80015
 NODE     67533 USED FOR NODES     79947
 NODE     67571 USED FOR NODES     79985
 NODE     67425 USED FOR NODES     79839
 NODE     67613 USED FOR NODES     80027
 NODE     67465 USED FOR NODES     79879
 NODE     67501 USED FOR NODES     79915
 NODE     67445 USED FOR NODES     79859
 NODE     67600 USED FOR NODES     80014
 NODE     67561 USED FOR NODES     79975
 NODE     67477 USED FOR NODES     79891
 NODE     67660 USED FOR NODES     80074
 NODE     67534 USED FOR NODES     79948
 NODE     67344 USED FOR NODES     79758
 NODE     67623 USED FOR NODES     80037
 NODE     67612 USED FOR NODES     80026
 NODE     67359 USED FOR NODES     79773
 NODE     67490 USED FOR NODES     79904
 NODE     67572 USED FOR NODES     79986
 NODE     67573 USED FOR NODES     79987
 NODE     67421 USED FOR NODES     79835
 NODE     67343 USED FOR NODES     79757
 NODE     67404 USED FOR NODES     79818
 NODE     67574 USED FOR NODES     79988
 NODE     67502 USED FOR NODES     79916
 NODE     67657 USED FOR NODES     80071
 NODE     67535 USED FOR NODES     79949
 NODE     67562 USED FOR NODES     79976
 NODE     67428 USED FOR NODES     79842
 NODE     67575 USED FOR NODES     79989
 NODE     18473 USED FOR NODES     80317
 NODE     21642 USED FOR NODES     80333
 NODE     21643 USED FOR NODES     80334
 NODE     21644 USED FOR NODES     80335
 NODE     21657 USED FOR NODES     79745
 NODE     64182 USED FOR NODES     79704
 NODE     67640 USED FOR NODES     80054
 NODE     64183 USED FOR NODES     79706
 NODE     67518 USED FOR NODES     79932
 NODE     64184 USED FOR NODES     79707
 NODE     67478 USED FOR NODES     79892
 NODE     67385 USED FOR NODES     79799
 NODE     67611 USED FOR NODES     80025
 NODE     67576 USED FOR NODES     79990
 NODE     64185 USED FOR NODES     79708
 NODE     67632 USED FOR NODES     80046
 NODE     64212 USED FOR NODES     98136
 NODE     67536 USED FOR NODES     79950
 NODE     64211 USED FOR NODES     98135
 NODE     64186 USED FOR NODES     79709
 NODE     67503 USED FOR NODES     79917
 NODE     67399 USED FOR NODES     79813
 NODE     67444 USED FOR NODES     79858
 NODE     64204 USED FOR NODES     98128
 NODE     64231 USED FOR NODES     98155
 NODE     67577 USED FOR NODES     79991
 NODE     64214 USED FOR NODES     98138
 NODE     64187 USED FOR NODES     79710
 NODE     67622 USED FOR NODES     80036
 NODE     67563 USED FOR NODES     79977
 NODE     67427 USED FOR NODES     79841
 NODE     64213 USED FOR NODES     98137
 NODE     67429 USED FOR NODES     79843
 NODE     64210 USED FOR NODES     98134
 NODE     64209 USED FOR NODES     98133
 NODE     67537 USED FOR NODES     79951
 NODE     67466 USED FOR NODES     79880
 NODE     67479 USED FOR NODES     79893
 NODE     67578 USED FOR NODES     79992
 NODE     64188 USED FOR NODES     79711
 NODE     64216 USED FOR NODES     98140
 NODE     67653 USED FOR NODES     80067
 NODE     59479 USED FOR NODES     93531
 NODE     67491 USED FOR NODES     79905
 NODE     59504 USED FOR NODES     93556
 NODE     67504 USED FOR NODES     79918
 NODE     67610 USED FOR NODES     80024
 NODE     59505 USED FOR NODES     93557
 NODE     64215 USED FOR NODES     98139
 NODE     64189 USED FOR NODES     79712
 NODE     59506 USED FOR NODES     93558
 NODE     67519 USED FOR NODES     79933
 NODE     67400 USED FOR NODES     79814
 NODE     67579 USED FOR NODES     79993
 NODE     67538 USED FOR NODES     79952
 NODE     59507 USED FOR NODES     93559
 NODE     64218 USED FOR NODES     98142
 NODE     67656 USED FOR NODES     80070
 NODE     64190 USED FOR NODES     79713
 NODE     67564 USED FOR NODES     79978
 NODE     67430 USED FOR NODES     79844
 NODE     59508 USED FOR NODES     93560
 NODE     67639 USED FOR NODES     80053
 NODE     67480 USED FOR NODES     79894
 NODE     67443 USED FOR NODES     79857
 NODE     67631 USED FOR NODES     80045
 NODE     59481 USED FOR NODES     93533
 NODE     59528 USED FOR NODES     93580
 NODE     67580 USED FOR NODES     79994
 NODE     64217 USED FOR NODES     98141
 NODE     59585 USED FOR NODES     93637
 NODE     67505 USED FOR NODES     79919
 NODE     67621 USED FOR NODES     80035
 NODE     59584 USED FOR NODES     93636
 NODE     59509 USED FOR NODES     93561
 NODE     64191 USED FOR NODES     79714
 NODE     67539 USED FOR NODES     79953
 NODE     67609 USED FOR NODES     80023
 NODE     64220 USED FOR NODES     98144
 NODE     67581 USED FOR NODES     79995
 NODE     59587 USED FOR NODES     93639
 NODE     59510 USED FOR NODES     93562
 NODE     67403 USED FOR NODES     79817
 NODE     64192 USED FOR NODES     79715
 NODE     21640 USED FOR NODES     80337
 NODE     21656 USED FOR NODES     79744
 NODE     21639 USED FOR NODES     80336
 NODE     59482 USED FOR NODES     93534
 NODE     18472 USED FOR NODES     80316
 NODE     21641 USED FOR NODES     80338
 NODE     59576 USED FOR NODES     93628
 NODE     67506 USED FOR NODES     79920
 NODE     59618 USED FOR NODES     93670
 NODE     59586 USED FOR NODES     93638
 NODE     67481 USED FOR NODES     79895
 NODE     67492 USED FOR NODES     79906
 NODE     64219 USED FOR NODES     98143
 NODE     67520 USED FOR NODES     79934
 NODE     67540 USED FOR NODES     79954
 NODE     67431 USED FOR NODES     79845
 NODE     67432 USED FOR NODES     79846
 NODE     59511 USED FOR NODES     93563
 NODE     67467 USED FOR NODES     79881
 NODE     67565 USED FOR NODES     79979
 NODE     67582 USED FOR NODES     79996
 NODE     59565 USED FOR NODES     93617
 NODE     59589 USED FOR NODES     93641
 NODE     64193 USED FOR NODES     79716
 NODE     64222 USED FOR NODES     98146
 NODE     67442 USED FOR NODES     79856
 NODE     59617 USED FOR NODES     93669
 NODE     59512 USED FOR NODES     93564
 NODE     59588 USED FOR NODES     93640
 NODE     59483 USED FOR NODES     93535
 NODE     59577 USED FOR NODES     93629
 NODE     67620 USED FOR NODES     80034
 NODE     67541 USED FOR NODES     79955
 NODE     67608 USED FOR NODES     80022
 NODE     67507 USED FOR NODES     79921
 NODE     67583 USED FOR NODES     79997
 NODE     67630 USED FOR NODES     80044
 NODE     59566 USED FOR NODES     93618
 NODE     59562 USED FOR NODES     93614
 NODE     64194 USED FOR NODES     79717
 NODE     64221 USED FOR NODES     98145
 NODE     59591 USED FOR NODES     93643
 NODE     67468 USED FOR NODES     79882
 NODE     59513 USED FOR NODES     93565
 NODE     59616 USED FOR NODES     93668
 NODE     67638 USED FOR NODES     80052
 NODE     67469 USED FOR NODES     79883
 NODE     59549 USED FOR NODES     93601
 NODE     67644 USED FOR NODES     80058
 NODE     59525 USED FOR NODES     93577
 NODE     67584 USED FOR NODES     79998
 NODE     67542 USED FOR NODES     79956
 NODE     67566 USED FOR NODES     79980
 NODE     59484 USED FOR NODES     93536
 NODE     59590 USED FOR NODES     93642
 NODE     64195 USED FOR NODES     79718
 NODE     59567 USED FOR NODES     93619
 NODE     67521 USED FOR NODES     79935
 NODE     64224 USED FOR NODES     98148
 NODE     67508 USED FOR NODES     79922
 NODE     59514 USED FOR NODES     93566
 NODE     59578 USED FOR NODES     93630
 NODE     59524 USED FOR NODES     93576
 NODE     67493 USED FOR NODES     79907
 NODE     59551 USED FOR NODES     93603
 NODE     59615 USED FOR NODES     93667
 NODE     59621 USED FOR NODES     93673
 NODE     67441 USED FOR NODES     79855
 NODE     59593 USED FOR NODES     93645
 NODE     67482 USED FOR NODES     79896
 NODE     59546 USED FOR NODES     93598
 NODE     64196 USED FOR NODES     79719
 NODE     67585 USED FOR NODES     79999
 NODE     67607 USED FOR NODES     80021
 NODE     64223 USED FOR NODES     98147
 NODE     59550 USED FOR NODES     93602
 NODE     59515 USED FOR NODES     93567
 NODE     67543 USED FOR NODES     79957
 NODE     59627 USED FOR NODES     93679
 NODE     59485 USED FOR NODES     93537
 NODE     59568 USED FOR NODES     93620
 NODE     67619 USED FOR NODES     80033
 NODE     59541 USED FOR NODES     93593
 NODE     67483 USED FOR NODES     79897
 NODE     59579 USED FOR NODES     93631
 NODE     67470 USED FOR NODES     79884
 NODE     59592 USED FOR NODES     93644
 NODE     59626 USED FOR NODES     93678
 NODE     67509 USED FOR NODES     79923
 NODE     21638 USED FOR NODES     80341
 NODE     18471 USED FOR NODES     80315
 NODE     21637 USED FOR NODES     80340
 NODE     21655 USED FOR NODES     79743
 NODE     21636 USED FOR NODES     80339
 NODE     59552 USED FOR NODES     93604
 NODE     67629 USED FOR NODES     80043
 NODE     67433 USED FOR NODES     79847
 NODE     64197 USED FOR NODES     79720
 NODE     59614 USED FOR NODES     93666
 NODE     67586 USED FOR NODES     80000
 NODE     64226 USED FOR NODES     98150
 NODE     59563 USED FOR NODES     93615
 NODE     59516 USED FOR NODES     93568
 NODE     59595 USED FOR NODES     93647
 NODE     67567 USED FOR NODES     79981
 NODE     59542 USED FOR NODES     93594
 NODE     59535 USED FOR NODES     93587
 NODE     59547 USED FOR NODES     93599
 NODE     67544 USED FOR NODES     79958
 NODE     59553 USED FOR NODES     93605
 NODE     59486 USED FOR NODES     93538
 NODE     59537 USED FOR NODES     93589
 NODE     59569 USED FOR NODES     93621
 NODE     67494 USED FOR NODES     79908
 NODE     67522 USED FOR NODES     79936
 NODE     67440 USED FOR NODES     79854
 NODE     59625 USED FOR NODES     93677
 NODE     67510 USED FOR NODES     79924
 NODE     59580 USED FOR NODES     93632
 NODE     64198 USED FOR NODES     79721
 NODE     64225 USED FOR NODES     98149
 NODE     59526 USED FOR NODES     93578
 NODE     59517 USED FOR NODES     93569
 NODE     59594 USED FOR NODES     93646
 NODE     59613 USED FOR NODES     93665
 NODE     59536 USED FOR NODES     93588
 NODE     67587 USED FOR NODES     80001
 NODE     67511 USED FOR NODES     79925
 NODE     59628 USED FOR NODES     93680
 NODE     67606 USED FOR NODES     80020
 NODE     67636 USED FOR NODES     80050
 NODE     59523 USED FOR NODES     93575
 NODE     59620 USED FOR NODES     93672
 NODE     59543 USED FOR NODES     93595
 NODE     59487 USED FOR NODES     93539
 NODE     59554 USED FOR NODES     93606
 NODE     67545 USED FOR NODES     79959
 NODE     67434 USED FOR NODES     79848
 NODE     59538 USED FOR NODES     93590
 NODE     67618 USED FOR NODES     80032
 NODE     67495 USED FOR NODES     79909
 NODE     64199 USED FOR NODES     79722
 NODE     59597 USED FOR NODES     93649
 NODE     64228 USED FOR NODES     98152
 NODE     59570 USED FOR NODES     93622
 NODE     67654 USED FOR NODES     80068
 NODE     59518 USED FOR NODES     93570
 NODE     59581 USED FOR NODES     93633
 NODE     59624 USED FOR NODES     93676
 NODE     59540 USED FOR NODES     93592
 NODE     67588 USED FOR NODES     80002
 NODE     67524 USED FOR NODES     79938
 NODE     59539 USED FOR NODES     93591
 NODE     59548 USED FOR NODES     93600
 NODE     67568 USED FOR NODES     79982
 NODE     67617 USED FOR NODES     80031
 NODE     59555 USED FOR NODES     93607
 NODE     59544 USED FOR NODES     93596
 NODE     59488 USED FOR NODES     93540
 NODE     59564 USED FOR NODES     93616
 NODE     67439 USED FOR NODES     79853
 NODE     67546 USED FOR NODES     79960
 NODE     59612 USED FOR NODES     93664
 NODE     59623 USED FOR NODES     93675
 NODE     67484 USED FOR NODES     79898
 NODE     64200 USED FOR NODES     79723
 NODE     59596 USED FOR NODES     93648
 NODE     67363 USED FOR NODES     79777
 NODE     64227 USED FOR NODES     98151
 NODE     59519 USED FOR NODES     93571
 NODE     59545 USED FOR NODES     93597
 NODE     67589 USED FOR NODES     80003
 NODE     67523 USED FOR NODES     79937
 NODE     67402 USED FOR NODES     79816
 NODE     59582 USED FOR NODES     93634
 NODE     59556 USED FOR NODES     93608
 NODE     59622 USED FOR NODES     93674
 NODE     21635 USED FOR NODES     80344
 NODE     21654 USED FOR NODES     79742
 NODE     18470 USED FOR NODES     80314
 NODE     21634 USED FOR NODES     80343
 NODE     21633 USED FOR NODES     80342
 NODE     67361 USED FOR NODES     79775
 NODE     67548 USED FOR NODES     79962
 NODE     67547 USED FOR NODES     79961
 NODE     67605 USED FOR NODES     80019
 NODE     59559 USED FOR NODES     93611
 NODE     59529 USED FOR NODES     93581
 NODE     59489 USED FOR NODES     93541
 NODE     59558 USED FOR NODES     93610
 NODE     64201 USED FOR NODES     79724
 NODE     64230 USED FOR NODES     98154
 NODE     59619 USED FOR NODES     93671
 NODE     59520 USED FOR NODES     93572
 NODE     59557 USED FOR NODES     93609
 NODE     67557 USED FOR NODES     79971
 NODE     59571 USED FOR NODES     93623
 NODE     67374 USED FOR NODES     79788
 NODE     59599 USED FOR NODES     93651
 NODE     59561 USED FOR NODES     93613
 NODE     67590 USED FOR NODES     80004
 NODE     59560 USED FOR NODES     93612
 NODE     59583 USED FOR NODES     93635
 NODE     67627 USED FOR NODES     80041
 NODE     67527 USED FOR NODES     79941
 NODE     67569 USED FOR NODES     79983
 NODE     67615 USED FOR NODES     80029
 NODE     67549 USED FOR NODES     79963
 NODE     67604 USED FOR NODES     80018
 NODE     59610 USED FOR NODES     93662
 NODE     67373 USED FOR NODES     79787
 NODE     59574 USED FOR NODES     93626
 NODE     67667 USED FOR NODES     80081
 NODE     59531 USED FOR NODES     93583
 NODE     59573 USED FOR NODES     93625
 NODE     59490 USED FOR NODES     93542
 NODE     59572 USED FOR NODES     93624
 NODE     64202 USED FOR NODES     79725
 NODE     64229 USED FOR NODES     98153
 NODE     59521 USED FOR NODES     93573
 NODE     67558 USED FOR NODES     79972
 NODE     59609 USED FOR NODES     93661
 NODE     59598 USED FOR NODES     93650
 NODE     67570 USED FOR NODES     79984
 NODE     59575 USED FOR NODES     93627
 NODE     59611 USED FOR NODES     93663
 NODE     59533 USED FOR NODES     93585
 NODE     59608 USED FOR NODES     93660
 NODE     67602 USED FOR NODES     80016
 NODE     64206 USED FOR NODES     98130
 NODE     64205 USED FOR NODES     98129
 NODE     59530 USED FOR NODES     93582
 NODE     59629 USED FOR NODES     93681
 NODE     67514 USED FOR NODES     79928
 NODE     67528 USED FOR NODES     79942
 NODE     67553 USED FOR NODES     79967
 NODE     67554 USED FOR NODES     79968
 NODE     67591 USED FOR NODES     80005
 NODE     67592 USED FOR NODES     80006
 NODE     59602 USED FOR NODES     93654
 NODE     59603 USED FOR NODES     93655
 NODE     67375 USED FOR NODES     79789
 NODE     67376 USED FOR NODES     79790
 NODE     59491 USED FOR NODES     93543
 NODE     64203 USED FOR NODES     79726
 NODE     64232 USED FOR NODES     98156
 NODE     59522 USED FOR NODES     93574
 NODE     59604 USED FOR NODES     93656
 NODE     59605 USED FOR NODES     93657
 NODE     59600 USED FOR NODES     93652
 NODE     59601 USED FOR NODES     93653
 NODE     59527 USED FOR NODES     93579
 NODE     59606 USED FOR NODES     93658
 NODE     59607 USED FOR NODES     93659
 NODE     67358 USED FOR NODES     79772
 NODE     67597 USED FOR NODES     80011
 NODE     67595 USED FOR NODES     80009
 NODE     67598 USED FOR NODES     80012
 NODE     59532 USED FOR NODES     93584
 NODE     59534 USED FOR NODES     93586
 NODE     64207 USED FOR NODES     98131
 NODE     64208 USED FOR NODES     98132
 NODE     59480 USED FOR NODES     93532
 NODE     59503 USED FOR NODES     93555
 NODE     59502 USED FOR NODES     93554
 NODE     67338 USED FOR NODES     79736
 NODE     67339 USED FOR NODES     79737
 NODE     59492 USED FOR NODES     93544
 NODE     59499 USED FOR NODES     93551
 NODE     59493 USED FOR NODES     93545
 NODE     59497 USED FOR NODES     93549
 NODE     59498 USED FOR NODES     93550
 NODE     59500 USED FOR NODES     93552
 NODE     59501 USED FOR NODES     93553
 NODE     67340 USED FOR NODES     79738
 NODE     59496 USED FOR NODES     93548
 NODE     67330 USED FOR NODES     79728
 NODE     67334 USED FOR NODES     79732
 NODE     67335 USED FOR NODES     79733
 NODE     67337 USED FOR NODES     79735
 NODE     67341 USED FOR NODES     79739
 NODE     67342 USED FOR NODES     79740
 NODE     12740 USED FOR NODES     80309
 NODE     67331 USED FOR NODES     79729
 NODE     59494 USED FOR NODES     93546
 NODE     67332 USED FOR NODES     79730
 NODE     67333 USED FOR NODES     79731
 NODE     64180 USED FOR NODES     79705
 NODE     12789 USED FOR NODES     79727
 NODE     67336 USED FOR NODES     79734
 NODE     12792 USED FOR NODES     80310
 NODE     12791 USED FOR NODES     80311
 NODE     12790 USED FOR NODES     80312
 NODE     59495 USED FOR NODES     93547
 NODE     64181 USED FOR NODES     98127
 NODE     65480 USED FOR NODES     99291
 NODE     65478 USED FOR NODES     99289
 NODE     71800 USED FOR NODES     85737
 NODE     72088 USED FOR NODES     86025
 NODE     72089 USED FOR NODES     86026
 NODE     60749 USED FOR NODES     94656
 NODE     60748 USED FOR NODES     94655
 NODE     60797 USED FOR NODES     94704
 NODE     60796 USED FOR NODES     94703
 NODE     60791 USED FOR NODES     94698
 NODE     60790 USED FOR NODES     94697
 NODE     60742 USED FOR NODES     94649
 NODE     71791 USED FOR NODES     85728
 NODE     71796 USED FOR NODES     85733
 NODE     60795 USED FOR NODES     94702
 NODE     60794 USED FOR NODES     94701
 NODE     65504 USED FOR NODES     99315
 NODE     65466 USED FOR NODES     85665
 NODE     60721 USED FOR NODES     94628
 NODE     72015 USED FOR NODES     85952
 NODE     72014 USED FOR NODES     85951
 NODE     60710 USED FOR NODES     94617
 NODE     72117 USED FOR NODES     86054
 NODE     60792 USED FOR NODES     94699
 NODE     60793 USED FOR NODES     94700
 NODE     71809 USED FOR NODES     85746
 NODE     71811 USED FOR NODES     85748
 NODE     71954 USED FOR NODES     85891
 NODE     71996 USED FOR NODES     85933
 NODE     60842 USED FOR NODES     94749
 NODE     71952 USED FOR NODES     85889
 NODE     60745 USED FOR NODES     94652
 NODE     65479 USED FOR NODES     99290
 NODE     65477 USED FOR NODES     99288
 NODE     71887 USED FOR NODES     85824
 NODE     71927 USED FOR NODES     85864
 NODE     72013 USED FOR NODES     85950
 NODE     60833 USED FOR NODES     94740
 NODE     60747 USED FOR NODES     94654
 NODE     60829 USED FOR NODES     94736
 NODE     60778 USED FOR NODES     94685
 NODE     72163 USED FOR NODES     86100
 NODE     60807 USED FOR NODES     94714
 NODE     60834 USED FOR NODES     94741
 NODE     71925 USED FOR NODES     85862
 NODE     65467 USED FOR NODES     85666
 NODE     65493 USED FOR NODES     99304
 NODE     60722 USED FOR NODES     94629
 NODE     60776 USED FOR NODES     94683
 NODE     72141 USED FOR NODES     86078
 NODE     60711 USED FOR NODES     94618
 NODE     71994 USED FOR NODES     85931
 NODE     60777 USED FOR NODES     94684
 NODE     60746 USED FOR NODES     94653
 NODE     71997 USED FOR NODES     85934
 NODE     60779 USED FOR NODES     94686
 NODE     60835 USED FOR NODES     94742
 NODE     72202 USED FOR NODES     86139
 NODE     72148 USED FOR NODES     86085
 NODE     71953 USED FOR NODES     85890
 NODE     71995 USED FOR NODES     85932
 NODE     60798 USED FOR NODES     94705
 NODE     60763 USED FOR NODES     94670
 NODE     71803 USED FOR NODES     85740
 NODE     71928 USED FOR NODES     85865
 NODE     60762 USED FOR NODES     94669
 NODE     60806 USED FOR NODES     94713
 NODE     60783 USED FOR NODES     94690
 NODE     71810 USED FOR NODES     85747
 NODE     65468 USED FOR NODES     85667
 NODE     65494 USED FOR NODES     99305
 NODE     60723 USED FOR NODES     94630
 NODE     60832 USED FOR NODES     94739
 NODE     60761 USED FOR NODES     94668
 NODE     71956 USED FOR NODES     85893
 NODE     72170 USED FOR NODES     86107
 NODE     71926 USED FOR NODES     85863
 NODE     72149 USED FOR NODES     86086
 NODE     60712 USED FOR NODES     94619
 NODE     60744 USED FOR NODES     94651
 NODE     71955 USED FOR NODES     85892
 NODE     60760 USED FOR NODES     94667
 NODE     71789 USED FOR NODES     85726
 NODE     60764 USED FOR NODES     94671
 NODE     71958 USED FOR NODES     85895
 NODE     14910 USED FOR NODES     87364
 NODE     14909 USED FOR NODES     87363
 NODE     14433 USED FOR NODES     87271
 NODE     14921 USED FOR NODES     85663
 NODE     14908 USED FOR NODES     87362
 NODE     60840 USED FOR NODES     94747
 NODE     60759 USED FOR NODES     94666
 NODE     60799 USED FOR NODES     94706
 NODE     71890 USED FOR NODES     85827
 NODE     71929 USED FOR NODES     85866
 NODE     71808 USED FOR NODES     85745
 NODE     60753 USED FOR NODES     94660
 NODE     65469 USED FOR NODES     85668
 NODE     65496 USED FOR NODES     99307
 NODE     60724 USED FOR NODES     94631
 NODE     60809 USED FOR NODES     94716
 NODE     72162 USED FOR NODES     86099
 NODE     60828 USED FOR NODES     94735
 NODE     71889 USED FOR NODES     85826
 NODE     60780 USED FOR NODES     94687
 NODE     60841 USED FOR NODES     94748
 NODE     71888 USED FOR NODES     85825
 NODE     71911 USED FOR NODES     85848
 NODE     60713 USED FOR NODES     94620
 NODE     71957 USED FOR NODES     85894
 NODE     60765 USED FOR NODES     94672
 NODE     71820 USED FOR NODES     85757
 NODE     72169 USED FOR NODES     86106
 NODE     60769 USED FOR NODES     94676
 NODE     60752 USED FOR NODES     94659
 NODE     71891 USED FOR NODES     85828
 NODE     71959 USED FOR NODES     85896
 NODE     60800 USED FOR NODES     94707
 NODE     60754 USED FOR NODES     94661
 NODE     65495 USED FOR NODES     99306
 NODE     65470 USED FOR NODES     85669
 NODE     60725 USED FOR NODES     94632
 NODE     71804 USED FOR NODES     85741
 NODE     60838 USED FOR NODES     94745
 NODE     60808 USED FOR NODES     94715
 NODE     71930 USED FOR NODES     85867
 NODE     60784 USED FOR NODES     94691
 NODE     60743 USED FOR NODES     94650
 NODE     72181 USED FOR NODES     86118
 NODE     60831 USED FOR NODES     94738
 NODE     60750 USED FOR NODES     94657
 NODE     72182 USED FOR NODES     86119
 NODE     71884 USED FOR NODES     85821
 NODE     60714 USED FOR NODES     94621
 NODE     60768 USED FOR NODES     94675
 NODE     72161 USED FOR NODES     86098
 NODE     71885 USED FOR NODES     85822
 NODE     60766 USED FOR NODES     94673
 NODE     71960 USED FOR NODES     85897
 NODE     60756 USED FOR NODES     94663
 NODE     60801 USED FOR NODES     94708
 NODE     65471 USED FOR NODES     85670
 NODE     65498 USED FOR NODES     99309
 NODE     60726 USED FOR NODES     94633
 NODE     71872 USED FOR NODES     85809
 NODE     60811 USED FOR NODES     94718
 NODE     60839 USED FOR NODES     94746
 NODE     60827 USED FOR NODES     94734
 NODE     71841 USED FOR NODES     85778
 NODE     60740 USED FOR NODES     94647
 NODE     71840 USED FOR NODES     85777
 NODE     60751 USED FOR NODES     94658
 NODE     71912 USED FOR NODES     85849
 NODE     71819 USED FOR NODES     85756
 NODE     60715 USED FOR NODES     94622
 NODE     60837 USED FOR NODES     94744
 NODE     71792 USED FOR NODES     85729
 NODE     60785 USED FOR NODES     94692
 NODE     60781 USED FOR NODES     94688
 NODE     72183 USED FOR NODES     86120
 NODE     71931 USED FOR NODES     85868
 NODE     71913 USED FOR NODES     85850
 NODE     65497 USED FOR NODES     99308
 NODE     60727 USED FOR NODES     94634
 NODE     72197 USED FOR NODES     86134
 NODE     60810 USED FOR NODES     94717
 NODE     65472 USED FOR NODES     85671
 NODE     60771 USED FOR NODES     94678
 NODE     71961 USED FOR NODES     85898
 NODE     60767 USED FOR NODES     94674
 NODE     60755 USED FOR NODES     94662
 NODE     71825 USED FOR NODES     85762
 NODE     60826 USED FOR NODES     94733
 NODE     60802 USED FOR NODES     94709
 NODE     14907 USED FOR NODES     87367
 NODE     14906 USED FOR NODES     87366
 NODE     14905 USED FOR NODES     87365
 NODE     14920 USED FOR NODES     85662
 NODE     14432 USED FOR NODES     87270
 NODE     71838 USED FOR NODES     85775
 NODE     71886 USED FOR NODES     85823
 NODE     60757 USED FOR NODES     94664
 NODE     71836 USED FOR NODES     85773
 NODE     60813 USED FOR NODES     94720
 NODE     60770 USED FOR NODES     94677
 NODE     60716 USED FOR NODES     94623
 NODE     60728 USED FOR NODES     94635
 NODE     65500 USED FOR NODES     99311
 NODE     65473 USED FOR NODES     85672
 NODE     71962 USED FOR NODES     85899
 NODE     60786 USED FOR NODES     94693
 NODE     71826 USED FOR NODES     85763
 NODE     72160 USED FOR NODES     86097
 NODE     72198 USED FOR NODES     86135
 NODE     71914 USED FOR NODES     85851
 NODE     60830 USED FOR NODES     94737
 NODE     72175 USED FOR NODES     86112
 NODE     60758 USED FOR NODES     94665
 NODE     71818 USED FOR NODES     85755
 NODE     71871 USED FOR NODES     85808
 NODE     60836 USED FOR NODES     94743
 NODE     60812 USED FOR NODES     94719
 NODE     60803 USED FOR NODES     94710
 NODE     60772 USED FOR NODES     94679
 NODE     60729 USED FOR NODES     94636
 NODE     65499 USED FOR NODES     99310
 NODE     65474 USED FOR NODES     85673
 NODE     60825 USED FOR NODES     94732
 NODE     71788 USED FOR NODES     85725
 NODE     60717 USED FOR NODES     94624
 NODE     71963 USED FOR NODES     85900
 NODE     71839 USED FOR NODES     85776
 NODE     71875 USED FOR NODES     85812
 NODE     71932 USED FOR NODES     85869
 NODE     60815 USED FOR NODES     94722
 NODE     72200 USED FOR NODES     86137
 NODE     60774 USED FOR NODES     94681
 NODE     60775 USED FOR NODES     94682
 NODE     71915 USED FOR NODES     85852
 NODE     71837 USED FOR NODES     85774
 NODE     71899 USED FOR NODES     85836
 NODE     60773 USED FOR NODES     94680
 NODE     60787 USED FOR NODES     94694
 NODE     60730 USED FOR NODES     94637
 NODE     65502 USED FOR NODES     99313
 NODE     65475 USED FOR NODES     85674
 NODE     60782 USED FOR NODES     94689
 NODE     71964 USED FOR NODES     85901
 NODE     60814 USED FOR NODES     94721
 NODE     72187 USED FOR NODES     86124
 NODE     71793 USED FOR NODES     85730
 NODE     71827 USED FOR NODES     85764
 NODE     72159 USED FOR NODES     86096
 NODE     60804 USED FOR NODES     94711
 NODE     60718 USED FOR NODES     94625
 NODE     60824 USED FOR NODES     94731
 NODE     71821 USED FOR NODES     85758
 NODE     60731 USED FOR NODES     94638
 NODE     60788 USED FOR NODES     94695
 NODE     71842 USED FOR NODES     85779
 NODE     65501 USED FOR NODES     99312
 NODE     71916 USED FOR NODES     85853
 NODE     65476 USED FOR NODES     85675
 NODE     60823 USED FOR NODES     94730
 NODE     60817 USED FOR NODES     94724
 NODE     72174 USED FOR NODES     86111
 NODE     72195 USED FOR NODES     86132
 NODE     71864 USED FOR NODES     85801
 NODE     60789 USED FOR NODES     94696
 NODE     60732 USED FOR NODES     94639
 NODE     71965 USED FOR NODES     85902
 NODE     65492 USED FOR NODES     99303
 NODE     71828 USED FOR NODES     85765
 NODE     60816 USED FOR NODES     94723
 NODE     71865 USED FOR NODES     85802
 NODE     60183 USED FOR NODES     85664
 NODE     71901 USED FOR NODES     85838
 NODE     60822 USED FOR NODES     94729
 NODE     60805 USED FOR NODES     94712
 NODE     14904 USED FOR NODES     87370
 NODE     14903 USED FOR NODES     87369
 NODE     14902 USED FOR NODES     87368
 NODE     14431 USED FOR NODES     87269
 NODE     14919 USED FOR NODES     85661
 NODE     60719 USED FOR NODES     94626
 NODE     71933 USED FOR NODES     85870
 NODE     60819 USED FOR NODES     94726
 NODE     71852 USED FOR NODES     85789
 NODE     71900 USED FOR NODES     85837
 NODE     60733 USED FOR NODES     94640
 NODE     72190 USED FOR NODES     86127
 NODE     65491 USED FOR NODES     99302
 NODE     60818 USED FOR NODES     94725
 NODE     71967 USED FOR NODES     85904
 NODE     60184 USED FOR NODES     94235
 NODE     71843 USED FOR NODES     85780
 NODE     71845 USED FOR NODES     85782
 NODE     71855 USED FOR NODES     85792
 NODE     60199 USED FOR NODES     94244
 NODE     60734 USED FOR NODES     94641
 NODE     60821 USED FOR NODES     94728
 NODE     71822 USED FOR NODES     85759
 NODE     65490 USED FOR NODES     99301
 NODE     71853 USED FOR NODES     85790
 NODE     60820 USED FOR NODES     94727
 NODE     72173 USED FOR NODES     86110
 NODE     60187 USED FOR NODES     85677
 NODE     71917 USED FOR NODES     85854
 NODE     59083 USED FOR NODES     93135
 NODE     60741 USED FOR NODES     94648
 NODE     60720 USED FOR NODES     94627
 NODE     72158 USED FOR NODES     86095
 NODE     71856 USED FOR NODES     85793
 NODE     60735 USED FOR NODES     94642
 NODE     60197 USED FOR NODES     94242
 NODE     71846 USED FOR NODES     85783
 NODE     65485 USED FOR NODES     99296
 NODE     71854 USED FOR NODES     85791
 NODE     60203 USED FOR NODES     94248
 NODE     60736 USED FOR NODES     94643
 NODE     72196 USED FOR NODES     86133
 NODE     72193 USED FOR NODES     86130
 NODE     71968 USED FOR NODES     85905
 NODE     59096 USED FOR NODES     93148
 NODE     71857 USED FOR NODES     85794
 NODE     60737 USED FOR NODES     94644
 NODE     60198 USED FOR NODES     94243
 NODE     65486 USED FOR NODES     99297
 NODE     72189 USED FOR NODES     86126
 NODE     59084 USED FOR NODES     93136
 NODE     60738 USED FOR NODES     94645
 NODE     71902 USED FOR NODES     85839
 NODE     71805 USED FOR NODES     85742
 NODE     60188 USED FOR NODES     85678
 NODE     60739 USED FOR NODES     94646
 NODE     59095 USED FOR NODES     93147
 NODE     60709 USED FOR NODES     94616
 NODE     60196 USED FOR NODES     94241
 NODE     65487 USED FOR NODES     99298
 NODE     59101 USED FOR NODES     93153
 NODE     71935 USED FOR NODES     85872
 NODE     71858 USED FOR NODES     85795
 NODE     65481 USED FOR NODES     99292
 NODE     71844 USED FOR NODES     85781
 NODE     71847 USED FOR NODES     85784
 NODE     65488 USED FOR NODES     99299
 NODE     65483 USED FOR NODES     99294
 NODE     71794 USED FOR NODES     85731
 NODE     60200 USED FOR NODES     94245
 NODE     71867 USED FOR NODES     85804
 NODE     59094 USED FOR NODES     93146
 NODE     71823 USED FOR NODES     85760
 NODE     65489 USED FOR NODES     99300
 NODE     59114 USED FOR NODES     93166
 NODE     65503 USED FOR NODES     99314
 NODE     59085 USED FOR NODES     93137
 NODE     71969 USED FOR NODES     85906
 NODE     65465 USED FOR NODES     99287
 NODE     59093 USED FOR NODES     93145
 NODE     72179 USED FOR NODES     86116
 NODE     65482 USED FOR NODES     99293
 NODE     71859 USED FOR NODES     85796
 NODE     59121 USED FOR NODES     93173
 NODE     72186 USED FOR NODES     86123
 NODE     71866 USED FOR NODES     85803
 NODE     59115 USED FOR NODES     93167
 NODE     65484 USED FOR NODES     99295
 NODE     72192 USED FOR NODES     86129
 NODE     60189 USED FOR NODES     85679
 NODE     59092 USED FOR NODES     93144
 NODE     71903 USED FOR NODES     85840
 NODE     71829 USED FOR NODES     85766
 NODE     59122 USED FOR NODES     93174
 NODE     59091 USED FOR NODES     93143
 NODE     59090 USED FOR NODES     93142
 NODE     60201 USED FOR NODES     94246
 NODE     14901 USED FOR NODES     87373
 NODE     14430 USED FOR NODES     87268
 NODE     14900 USED FOR NODES     87372
 NODE     14899 USED FOR NODES     87371
 NODE     14918 USED FOR NODES     85660
 NODE     59089 USED FOR NODES     93141
 NODE     72153 USED FOR NODES     86090
 NODE     71896 USED FOR NODES     85833
 NODE     71876 USED FOR NODES     85813
 NODE     59086 USED FOR NODES     93138
 NODE     71868 USED FOR NODES     85805
 NODE     71860 USED FOR NODES     85797
 NODE     59111 USED FOR NODES     93163
 NODE     71978 USED FOR NODES     85915
 NODE     59120 USED FOR NODES     93172
 NODE     71897 USED FOR NODES     85834
 NODE     71848 USED FOR NODES     85785
 NODE     59112 USED FOR NODES     93164
 NODE     59109 USED FOR NODES     93161
 NODE     60190 USED FOR NODES     85680
 NODE     59110 USED FOR NODES     93162
 NODE     59103 USED FOR NODES     93155
 NODE     59097 USED FOR NODES     93149
 NODE     72178 USED FOR NODES     86115
 NODE     71824 USED FOR NODES     85761
 NODE     60202 USED FOR NODES     94247
 NODE     71950 USED FOR NODES     85887
 NODE     71877 USED FOR NODES     85814
 NODE     72185 USED FOR NODES     86122
 NODE     59087 USED FOR NODES     93139
 NODE     59113 USED FOR NODES     93165
 NODE     71979 USED FOR NODES     85916
 NODE     71861 USED FOR NODES     85798
 NODE     71893 USED FOR NODES     85830
 NODE     60192 USED FOR NODES     94237
 NODE     59104 USED FOR NODES     93156
 NODE     59116 USED FOR NODES     93168
 NODE     59117 USED FOR NODES     93169
 NODE     59123 USED FOR NODES     93175
 NODE     59124 USED FOR NODES     93176
 NODE     59108 USED FOR NODES     93160
 NODE     59098 USED FOR NODES     93150
 NODE     60194 USED FOR NODES     94239
 NODE     59102 USED FOR NODES     93154
 NODE     71905 USED FOR NODES     85842
 NODE     71992 USED FOR NODES     85929
 NODE     72194 USED FOR NODES     86131
 NODE     59125 USED FOR NODES     93177
 NODE     71878 USED FOR NODES     85815
 NODE     72150 USED FOR NODES     86087
 NODE     60191 USED FOR NODES     85681
 NODE     60204 USED FOR NODES     94249
 NODE     71869 USED FOR NODES     85806
 NODE     59088 USED FOR NODES     93140
 NODE     71904 USED FOR NODES     85841
 NODE     71993 USED FOR NODES     85930
 NODE     59118 USED FOR NODES     93170
 NODE     59119 USED FOR NODES     93171
 NODE     59100 USED FOR NODES     93152
 NODE     59107 USED FOR NODES     93159
 NODE     59099 USED FOR NODES     93151
 NODE     72172 USED FOR NODES     86109
 NODE     71849 USED FOR NODES     85786
 NODE     59105 USED FOR NODES     93157
 NODE     59106 USED FOR NODES     93158
 NODE     72142 USED FOR NODES     86079
 NODE     60195 USED FOR NODES     94240
 NODE     60193 USED FOR NODES     94238
 NODE     71879 USED FOR NODES     85816
 NODE     71940 USED FOR NODES     85877
 NODE     71830 USED FOR NODES     85767
 NODE     72011 USED FOR NODES     85948
 NODE     71918 USED FOR NODES     85855
 NODE     72188 USED FOR NODES     86125
 NODE     57893 USED FOR NODES     79430
 NODE     57901 USED FOR NODES     79438
 NODE     57902 USED FOR NODES     79439
 NODE     57903 USED FOR NODES     79440
 NODE     57904 USED FOR NODES     79441
 NODE     57905 USED FOR NODES     79442
 NODE     57906 USED FOR NODES     79443
 NODE     57907 USED FOR NODES     79444
 NODE     60185 USED FOR NODES     85676
 NODE     60186 USED FOR NODES     94236
 NODE     57908 USED FOR NODES     79445
 NODE     71906 USED FOR NODES     85843
 NODE     71951 USED FOR NODES     85888
 NODE     72155 USED FOR NODES     86092
 NODE     60652 USED FOR NODES     94559
 NODE     60654 USED FOR NODES     94561
 NODE     72012 USED FOR NODES     85949
 NODE     71807 USED FOR NODES     85744
 NODE     71873 USED FOR NODES     85810
 NODE     71919 USED FOR NODES     85856
 NODE     71850 USED FOR NODES     85787
 NODE     72067 USED FOR NODES     86004
 NODE     58050 USED FOR NODES     79587
 NODE     58055 USED FOR NODES     79592
 NODE     58049 USED FOR NODES     79586
 NODE     58045 USED FOR NODES     79582
 NODE     60620 USED FOR NODES     85683
 NODE     60655 USED FOR NODES     94562
 NODE     58057 USED FOR NODES     79594
 NODE     14896 USED FOR NODES     87374
 NODE     14917 USED FOR NODES     85659
 NODE     14429 USED FOR NODES     87267
 NODE     58021 USED FOR NODES     79558
 NODE     14897 USED FOR NODES     87375
 NODE     14898 USED FOR NODES     87376
 NODE     71974 USED FOR NODES     85911
 NODE     72177 USED FOR NODES     86114
 NODE     71941 USED FOR NODES     85878
 NODE     60653 USED FOR NODES     94560
 NODE     60651 USED FOR NODES     94558
 NODE     71862 USED FOR NODES     85799
 NODE     72126 USED FOR NODES     86063
 NODE     71907 USED FOR NODES     85844
 NODE     71982 USED FOR NODES     85919
 NODE     72146 USED FOR NODES     86083
 NODE     72068 USED FOR NODES     86005
 NODE     71874 USED FOR NODES     85811
 NODE     58064 USED FOR NODES     79601
 NODE     58062 USED FOR NODES     79599
 NODE     58063 USED FOR NODES     79600
 NODE     60621 USED FOR NODES     85684
 NODE     58046 USED FOR NODES     79583
 NODE     58052 USED FOR NODES     79589
 NODE     60646 USED FOR NODES     94553
 NODE     58059 USED FOR NODES     79596
 NODE     58061 USED FOR NODES     79598
 NODE     58060 USED FOR NODES     79597
 NODE     58056 USED FOR NODES     79593
 NODE     58058 USED FOR NODES     79595
 NODE     58022 USED FOR NODES     79559
 NODE     71975 USED FOR NODES     85912
 NODE     71831 USED FOR NODES     85768
 NODE     72167 USED FOR NODES     86104
 NODE     71894 USED FOR NODES     85831
 NODE     60647 USED FOR NODES     94554
 NODE     60648 USED FOR NODES     94555
 NODE     72054 USED FOR NODES     85991
 NODE     72069 USED FOR NODES     86006
 NODE     71898 USED FOR NODES     85835
 NODE     71983 USED FOR NODES     85920
 NODE     72037 USED FOR NODES     85974
 NODE     72000 USED FOR NODES     85937
 NODE     71942 USED FOR NODES     85879
 NODE     58051 USED FOR NODES     79588
 NODE     58054 USED FOR NODES     79591
 NODE     58053 USED FOR NODES     79590
 NODE     60622 USED FOR NODES     85685
 NODE     58047 USED FOR NODES     79584
 NODE     58048 USED FOR NODES     79585
 NODE     60656 USED FOR NODES     94563
 NODE     58023 USED FOR NODES     79560
 NODE     71908 USED FOR NODES     85845
 NODE     72125 USED FOR NODES     86062
 NODE     72001 USED FOR NODES     85938
 NODE     60650 USED FOR NODES     94557
 NODE     60649 USED FOR NODES     94556
 NODE     72191 USED FOR NODES     86128
 NODE     71920 USED FOR NODES     85857
 NODE     72152 USED FOR NODES     86089
 NODE     72038 USED FOR NODES     85975
 NODE     71863 USED FOR NODES     85800
 NODE     72070 USED FOR NODES     86007
 NODE     72180 USED FOR NODES     86117
 NODE     72136 USED FOR NODES     86073
 NODE     57968 USED FOR NODES     79505
 NODE     57978 USED FOR NODES     79515
 NODE     57979 USED FOR NODES     79516
 NODE     60572 USED FOR NODES     94521
 NODE     57977 USED FOR NODES     79514
 NODE     57980 USED FOR NODES     79517
 NODE     57982 USED FOR NODES     79519
 NODE     60571 USED FOR NODES     85682
 NODE     57956 USED FOR NODES     79493
 NODE     57981 USED FOR NODES     79518
 NODE     57976 USED FOR NODES     79513
 NODE     71895 USED FOR NODES     85832
 NODE     72055 USED FOR NODES     85992
 NODE     71945 USED FOR NODES     85882
 NODE     72171 USED FOR NODES     86108
 NODE     71984 USED FOR NODES     85921
 NODE     72039 USED FOR NODES     85976
 NODE     72017 USED FOR NODES     85954
 NODE     61378 USED FOR NODES     95241
 NODE     61376 USED FOR NODES     95239
 NODE     72071 USED FOR NODES     86008
 NODE     71921 USED FOR NODES     85858
 NODE     71817 USED FOR NODES     85754
 NODE     72165 USED FOR NODES     86102
 NODE     58957 USED FOR NODES     93009
 NODE     58956 USED FOR NODES     93008
 NODE     61344 USED FOR NODES     85687
 NODE     58952 USED FOR NODES     93004
 NODE     58962 USED FOR NODES     93014
 NODE     58964 USED FOR NODES     93016
 NODE     61379 USED FOR NODES     95242
 NODE     58949 USED FOR NODES     93001
 NODE     72124 USED FOR NODES     86061
 NODE     72025 USED FOR NODES     85962
 NODE     72140 USED FOR NODES     86077
 NODE     71985 USED FOR NODES     85922
 NODE     71880 USED FOR NODES     85817
 NODE     71851 USED FOR NODES     85788
 NODE     71909 USED FOR NODES     85846
 NODE     61377 USED FOR NODES     95240
 NODE     61375 USED FOR NODES     95238
 NODE     71870 USED FOR NODES     85807
 NODE     72072 USED FOR NODES     86009
 NODE     72040 USED FOR NODES     85977
 NODE     71922 USED FOR NODES     85859
 NODE     72018 USED FOR NODES     85955
 NODE     71946 USED FOR NODES     85883
 NODE     71923 USED FOR NODES     85860
 NODE     72002 USED FOR NODES     85939
 NODE     58963 USED FOR NODES     93015
 NODE     58965 USED FOR NODES     93017
 NODE     58970 USED FOR NODES     93022
 NODE     58971 USED FOR NODES     93023
 NODE     61345 USED FOR NODES     85688
 NODE     58968 USED FOR NODES     93020
 NODE     58953 USED FOR NODES     93005
 NODE     58959 USED FOR NODES     93011
 NODE     58969 USED FOR NODES     93021
 NODE     58950 USED FOR NODES     93002
 NODE     58966 USED FOR NODES     93018
 NODE     58967 USED FOR NODES     93019
 NODE     61370 USED FOR NODES     95233
 NODE     14895 USED FOR NODES     87379
 NODE     14916 USED FOR NODES     85658
 NODE     14428 USED FOR NODES     87266
 NODE     14893 USED FOR NODES     87377
 NODE     14894 USED FOR NODES     87378
 NODE     72056 USED FOR NODES     85993
 NODE     72135 USED FOR NODES     86072
 NODE     72004 USED FOR NODES     85941
 NODE     71832 USED FOR NODES     85769
 NODE     61371 USED FOR NODES     95234
 NODE     61372 USED FOR NODES     95235
 NODE     72073 USED FOR NODES     86010
 NODE     72041 USED FOR NODES     85978
 NODE     72176 USED FOR NODES     86113
 NODE     72145 USED FOR NODES     86082
 NODE     71910 USED FOR NODES     85847
 NODE     71924 USED FOR NODES     85861
 NODE     72019 USED FOR NODES     85956
 NODE     71881 USED FOR NODES     85818
 NODE     58951 USED FOR NODES     93003
 NODE     61380 USED FOR NODES     95243
 NODE     58960 USED FOR NODES     93012
 NODE     58955 USED FOR NODES     93007
 NODE     58958 USED FOR NODES     93010
 NODE     58954 USED FOR NODES     93006
 NODE     58961 USED FOR NODES     93013
 NODE     61346 USED FOR NODES     85689
 NODE     72164 USED FOR NODES     86101
 NODE     72123 USED FOR NODES     86060
 NODE     72003 USED FOR NODES     85940
 NODE     72184 USED FOR NODES     86121
 NODE     72026 USED FOR NODES     85963
 NODE     61373 USED FOR NODES     95236
 NODE     61374 USED FOR NODES     95237
 NODE     72074 USED FOR NODES     86011
 NODE     71816 USED FOR NODES     85753
 NODE     72139 USED FOR NODES     86076
 NODE     72042 USED FOR NODES     85979
 NODE     71883 USED FOR NODES     85820
 NODE     71795 USED FOR NODES     85732
 NODE     58902 USED FOR NODES     92954
 NODE     58898 USED FOR NODES     92950
 NODE     58901 USED FOR NODES     92953
 NODE     61320 USED FOR NODES     95212
 NODE     58900 USED FOR NODES     92952
 NODE     58899 USED FOR NODES     92951
 NODE     58886 USED FOR NODES     92938
 NODE     58897 USED FOR NODES     92949
 NODE     61305 USED FOR NODES     85686
 NODE     58895 USED FOR NODES     92947
 NODE     58896 USED FOR NODES     92948
 NODE     72020 USED FOR NODES     85957
 NODE     71987 USED FOR NODES     85924
 NODE     71986 USED FOR NODES     85923
 NODE     71948 USED FOR NODES     85885
 NODE     72057 USED FOR NODES     85994
 NODE     71882 USED FOR NODES     85819
 NODE     71947 USED FOR NODES     85884
 NODE     71834 USED FOR NODES     85771
 NODE     72134 USED FOR NODES     86071
 NODE     61604 USED FOR NODES     95405
 NODE     61606 USED FOR NODES     95407
 NODE     72006 USED FOR NODES     85943
 NODE     72076 USED FOR NODES     86013
 NODE     72005 USED FOR NODES     85942
 NODE     72043 USED FOR NODES     85980
 NODE     60480 USED FOR NODES     94431
 NODE     60440 USED FOR NODES     94391
 NODE     60478 USED FOR NODES     94429
 NODE     60468 USED FOR NODES     94419
 NODE     60472 USED FOR NODES     94423
 NODE     60473 USED FOR NODES     94424
 NODE     61595 USED FOR NODES     85691
 NODE     61607 USED FOR NODES     95408
 NODE     71806 USED FOR NODES     85743
 NODE     72166 USED FOR NODES     86103
 NODE     72021 USED FOR NODES     85958
 NODE     71943 USED FOR NODES     85880
 NODE     72122 USED FOR NODES     86059
 NODE     72154 USED FOR NODES     86091
 NODE     72199 USED FOR NODES     86136
 NODE     71949 USED FOR NODES     85886
 NODE     72144 USED FOR NODES     86081
 NODE     72007 USED FOR NODES     85944
 NODE     72137 USED FOR NODES     86074
 NODE     72027 USED FOR NODES     85964
 NODE     61603 USED FOR NODES     95404
 NODE     61605 USED FOR NODES     95406
 NODE     72077 USED FOR NODES     86014
 NODE     72024 USED FOR NODES     85961
 NODE     72044 USED FOR NODES     85981
 NODE     72138 USED FOR NODES     86075
 NODE     60483 USED FOR NODES     94434
 NODE     60441 USED FOR NODES     94392
 NODE     60487 USED FOR NODES     94438
 NODE     60486 USED FOR NODES     94437
 NODE     60482 USED FOR NODES     94433
 NODE     60479 USED FOR NODES     94430
 NODE     60481 USED FOR NODES     94432
 NODE     60485 USED FOR NODES     94436
 NODE     61596 USED FOR NODES     85692
 NODE     60469 USED FOR NODES     94420
 NODE     60475 USED FOR NODES     94426
 NODE     60484 USED FOR NODES     94435
 NODE     61598 USED FOR NODES     95399
 NODE     71936 USED FOR NODES     85873
 NODE     71802 USED FOR NODES     85739
 NODE     71833 USED FOR NODES     85770
 NODE     72023 USED FOR NODES     85960
 NODE     72058 USED FOR NODES     85995
 NODE     71944 USED FOR NODES     85881
 NODE     71977 USED FOR NODES     85914
 NODE     71976 USED FOR NODES     85913
 NODE     72034 USED FOR NODES     85971
 NODE     71988 USED FOR NODES     85925
 NODE     61599 USED FOR NODES     95400
 NODE     61600 USED FOR NODES     95401
 NODE     72133 USED FOR NODES     86070
 NODE     72078 USED FOR NODES     86015
 NODE     72033 USED FOR NODES     85970
 NODE     72008 USED FOR NODES     85945
 NODE     72035 USED FOR NODES     85972
 NODE     72032 USED FOR NODES     85969
 NODE     72045 USED FOR NODES     85982
 NODE     72157 USED FOR NODES     86094
 NODE     60477 USED FOR NODES     94428
 NODE     60471 USED FOR NODES     94422
 NODE     61597 USED FOR NODES     85693
 NODE     60476 USED FOR NODES     94427
 NODE     60474 USED FOR NODES     94425
 NODE     61608 USED FOR NODES     95409
 NODE     60470 USED FOR NODES     94421
 NODE     60442 USED FOR NODES     94393
 NODE     14427 USED FOR NODES     87265
 NODE     14890 USED FOR NODES     87380
 NODE     14891 USED FOR NODES     87381
 NODE     14892 USED FOR NODES     87382
 NODE     14915 USED FOR NODES     85657
 NODE     72022 USED FOR NODES     85959
 NODE     71801 USED FOR NODES     85738
 NODE     71970 USED FOR NODES     85907
 NODE     71835 USED FOR NODES     85772
 NODE     72121 USED FOR NODES     86058
 NODE     72151 USED FOR NODES     86088
 NODE     72128 USED FOR NODES     86065
 NODE     61602 USED FOR NODES     95403
 NODE     61601 USED FOR NODES     95402
 NODE     71990 USED FOR NODES     85927
 NODE     72028 USED FOR NODES     85965
 NODE     72079 USED FOR NODES     86016
 NODE     72049 USED FOR NODES     85986
 NODE     72143 USED FOR NODES     86080
 NODE     72050 USED FOR NODES     85987
 NODE     72131 USED FOR NODES     86068
 NODE     71989 USED FOR NODES     85926
 NODE     72046 USED FOR NODES     85983
 NODE     57655 USED FOR NODES     79192
 NODE     61433 USED FOR NODES     95295
 NODE     57649 USED FOR NODES     79186
 NODE     57650 USED FOR NODES     79187
 NODE     57641 USED FOR NODES     79178
 NODE     61432 USED FOR NODES     85690
 NODE     57653 USED FOR NODES     79190
 NODE     57628 USED FOR NODES     79165
 NODE     57654 USED FOR NODES     79191
 NODE     57651 USED FOR NODES     79188
 NODE     57652 USED FOR NODES     79189
 NODE     72130 USED FOR NODES     86067
 NODE     71813 USED FOR NODES     85750
 NODE     71937 USED FOR NODES     85874
 NODE     72059 USED FOR NODES     85996
 NODE     72029 USED FOR NODES     85966
 NODE     72060 USED FOR NODES     85997
 NODE     72061 USED FOR NODES     85998
 NODE     71971 USED FOR NODES     85908
 NODE     72048 USED FOR NODES     85985
 NODE     71939 USED FOR NODES     85876
 NODE     61530 USED FOR NODES     95334
 NODE     61529 USED FOR NODES     95333
 NODE     72031 USED FOR NODES     85968
 NODE     71980 USED FOR NODES     85917
 NODE     72051 USED FOR NODES     85988
 NODE     72075 USED FOR NODES     86012
 NODE     71991 USED FOR NODES     85928
 NODE     72132 USED FOR NODES     86069
 NODE     72010 USED FOR NODES     85947
 NODE     72009 USED FOR NODES     85946
 NODE     72047 USED FOR NODES     85984
 NODE     72030 USED FOR NODES     85967
 NODE     61501 USED FOR NODES     85697
 NODE     61536 USED FOR NODES     95340
 NODE     57698 USED FOR NODES     79235
 NODE     57706 USED FOR NODES     79243
 NODE     57709 USED FOR NODES     79246
 NODE     57711 USED FOR NODES     79248
 NODE     57712 USED FOR NODES     79249
 NODE     57694 USED FOR NODES     79231
 NODE     72036 USED FOR NODES     85973
 NODE     72201 USED FOR NODES     86138
 NODE     72118 USED FOR NODES     86055
 NODE     72081 USED FOR NODES     86018
 NODE     72120 USED FOR NODES     86057
 NODE     71812 USED FOR NODES     85749
 NODE     71797 USED FOR NODES     85734
 NODE     72116 USED FOR NODES     86053
 NODE     72080 USED FOR NODES     86017
 NODE     72168 USED FOR NODES     86105
 NODE     72114 USED FOR NODES     86051
 NODE     61527 USED FOR NODES     95331
 NODE     61528 USED FOR NODES     95332
 NODE     71938 USED FOR NODES     85875
 NODE     72092 USED FOR NODES     86029
 NODE     71790 USED FOR NODES     85727
 NODE     71798 USED FOR NODES     85735
 NODE     72062 USED FOR NODES     85999
 NODE     72147 USED FOR NODES     86084
 NODE     71998 USED FOR NODES     85935
 NODE     72086 USED FOR NODES     86023
 NODE     72082 USED FOR NODES     86019
 NODE     72129 USED FOR NODES     86066
 NODE     72085 USED FOR NODES     86022
 NODE     71972 USED FOR NODES     85909
 NODE     72087 USED FOR NODES     86024
 NODE     72098 USED FOR NODES     86035
 NODE     72052 USED FOR NODES     85989
 NODE     72091 USED FOR NODES     86028
 NODE     72093 USED FOR NODES     86030
 NODE     72156 USED FOR NODES     86093
 NODE     72127 USED FOR NODES     86064
 NODE     57722 USED FOR NODES     79259
 NODE     57721 USED FOR NODES     79258
 NODE     57720 USED FOR NODES     79257
 NODE     57693 USED FOR NODES     79230
 NODE     61500 USED FOR NODES     85696
 NODE     57697 USED FOR NODES     79234
 NODE     57710 USED FOR NODES     79247
 NODE     57714 USED FOR NODES     79251
 NODE     57717 USED FOR NODES     79254
 NODE     57718 USED FOR NODES     79255
 NODE     57719 USED FOR NODES     79256
 NODE     61526 USED FOR NODES     95330
 NODE     57716 USED FOR NODES     79253
 NODE     72063 USED FOR NODES     86000
 NODE     72119 USED FOR NODES     86056
 NODE     72100 USED FOR NODES     86037
 NODE     72083 USED FOR NODES     86020
 NODE     61531 USED FOR NODES     95335
 NODE     61532 USED FOR NODES     95336
 NODE     72113 USED FOR NODES     86050
 NODE     72115 USED FOR NODES     86052
 NODE     72099 USED FOR NODES     86036
 NODE     72111 USED FOR NODES     86048
 NODE     71814 USED FOR NODES     85751
 NODE     71815 USED FOR NODES     85752
 NODE     72094 USED FOR NODES     86031
 NODE     72095 USED FOR NODES     86032
 NODE     72112 USED FOR NODES     86049
 NODE     71892 USED FOR NODES     85829
 NODE     71934 USED FOR NODES     85871
 NODE     72097 USED FOR NODES     86034
 NODE     72110 USED FOR NODES     86047
 NODE     71981 USED FOR NODES     85918
 NODE     71999 USED FOR NODES     85936
 NODE     72016 USED FOR NODES     85953
 NODE     72053 USED FOR NODES     85990
 NODE     71966 USED FOR NODES     85903
 NODE     71973 USED FOR NODES     85910
 NODE     72065 USED FOR NODES     86002
 NODE     72066 USED FOR NODES     86003
 NODE     57708 USED FOR NODES     79245
 NODE     57707 USED FOR NODES     79244
 NODE     57715 USED FOR NODES     79252
 NODE     57713 USED FOR NODES     79250
 NODE     57696 USED FOR NODES     79233
 NODE     61499 USED FOR NODES     85695
 NODE     57692 USED FOR NODES     79229
 NODE     61535 USED FOR NODES     95339
 NODE     72064 USED FOR NODES     86001
 NODE     72084 USED FOR NODES     86021
 NODE     72101 USED FOR NODES     86038
 NODE     72102 USED FOR NODES     86039
 NODE     72090 USED FOR NODES     86027
 NODE     72096 USED FOR NODES     86033
 NODE     72105 USED FOR NODES     86042
 NODE     72106 USED FOR NODES     86043
 NODE     72103 USED FOR NODES     86040
 NODE     72104 USED FOR NODES     86041
 NODE     71799 USED FOR NODES     85736
 NODE     72107 USED FOR NODES     86044
 NODE     72108 USED FOR NODES     86045
 NODE     72109 USED FOR NODES     86046
 NODE     61533 USED FOR NODES     95337
 NODE     61534 USED FOR NODES     95338
 NODE     14426 USED FOR NODES     86140
 NODE     14911 USED FOR NODES     86143
 NODE     14912 USED FOR NODES     86142
 NODE     14913 USED FOR NODES     86141
 NODE     14914 USED FOR NODES     85656
 NODE     57691 USED FOR NODES     79228
 NODE     57695 USED FOR NODES     79232
 NODE     57699 USED FOR NODES     79236
 NODE     57700 USED FOR NODES     79237
 NODE     57701 USED FOR NODES     79238
 NODE     57702 USED FOR NODES     79239
 NODE     57703 USED FOR NODES     79240
 NODE     57704 USED FOR NODES     79241
 NODE     57705 USED FOR NODES     79242
 NODE     61485 USED FOR NODES     85694
 NODE     61525 USED FOR NODES     95329
 NODE     71761 USED FOR NODES     85698
 NODE     71762 USED FOR NODES     85699
 NODE     71763 USED FOR NODES     85700
 NODE     71764 USED FOR NODES     85701
 NODE     71765 USED FOR NODES     85702
 NODE     71766 USED FOR NODES     85703
 NODE     71767 USED FOR NODES     85704
 NODE     71768 USED FOR NODES     85705
 NODE     71769 USED FOR NODES     85706
 NODE     71770 USED FOR NODES     85707
 NODE     71771 USED FOR NODES     85708
 NODE     71772 USED FOR NODES     85709
 NODE     71773 USED FOR NODES     85710
 NODE     71774 USED FOR NODES     85711
 NODE     71775 USED FOR NODES     85712
 NODE     71776 USED FOR NODES     85713
 NODE     71777 USED FOR NODES     85714
 NODE     71778 USED FOR NODES     85715
 NODE     71779 USED FOR NODES     85716
 NODE     71780 USED FOR NODES     85717
 NODE     71781 USED FOR NODES     85718
 NODE     71782 USED FOR NODES     85719
 NODE     71783 USED FOR NODES     85720
 NODE     71784 USED FOR NODES     85721
 NODE     71785 USED FOR NODES     85722
 NODE     71786 USED FOR NODES     85723
 NODE     71787 USED FOR NODES     85724


 A total of      1551 nodes were merged at      1551 locations.

 *** WARNING ***                         CP =      11.312   TIME= 12:50:08
 After NUMMRG,NODE, node 57628 (and possibly others) is associated with  
 more than one solid model entity.  Future commands which depend on the  
 node to solid model connectivity (meshing, mesh clearing, solid         
 boundary condition transfer, etc.) may not operate properly.            
 NUMMRG,KP may correct this problem.                                     

 COMPRESS NODE NUMBERS
      MAXIMUM NODE NUMBER COMPRESSED FROM    100376 TO     98814

 COMPRESS ELEMENT NUMBERS
      MAXIMUM ELEMENT NUMBER COMPRESSED FROM     82210 TO     81856

 COMPRESS KEYPOINT NUMBERS
      MAXIMUM KEYPOINT NUMBER COMPRESSED FROM     220 TO     220

 COMPRESS LINE NUMBERS
      MAXIMUM LINE NUMBER COMPRESSED FROM    501 TO    501

 COMPRESS AREA NUMBERS
      MAXIMUM AREA NUMBER COMPRESSED FROM    362 TO    362

 COMPRESS VOLUME NUMBERS
      MAXIMUM VOLUME NUMBER COMPRESSED FROM     84 TO     84

 COMPRESS MATERIAL NUMBERS
      MAXIMUM MATERIAL NUMBER COMPRESSED FROM     101 TO     101

 COMPRESS ELEMENT TYPE NUMBERS
      MAXIMUM ELEMENT TYPE NUMBER COMPRESSED FROM         2 TO         2

 COMPRESS REAL CONSTANT NUMBERS

 COMPRESS SECTION NUMBERS

 COMPRESS COUPLED DOF SET NUMBERS

 COMPRESS CONSTRAINT EQUATION NUMBERS

 COMPRESS COORDINATE SYSTEM NUMBERS

 ACTIVE COORDINATE SYSTEM SET TO          0  (CARTESIAN)  

 SELECT ALL ENTITIES OF TYPE= ALL  AND BELOW

 SELECT       FOR ITEM=LOC  COMPONENT=X     BETWEEN  1.0000     AND   2.0000    
   KABS=  0.  TOLERANCE= 0.100000E-07

       30  VOLUMES (OF       84  DEFINED) SELECTED BY  VSEL  COMMAND.

 RESELECT     FOR ITEM=LOC  COMPONENT=Y     BETWEEN 0.66667     AND   2.0000    
   KABS=  0.  TOLERANCE= 0.133333E-07

        5  VOLUMES (OF       84  DEFINED) SELECTED BY  VSEL  COMMAND.

 RESELECT     FOR ITEM=LOC  COMPONENT=Z     BETWEEN  25.333     AND   26.667    
   KABS=  0.  TOLERANCE= 0.133333E-07

        1  VOLUMES (OF       84  DEFINED) SELECTED BY  VSEL  COMMAND.

 DEFINITION OF COMPONENT = VE1       ENTITY=VOLU

 ACTIVE COORDINATE SYSTEM SET TO          0  (CARTESIAN)  

 SELECT ALL ENTITIES OF TYPE= ALL  AND BELOW

 SELECT       FOR ITEM=LOC  COMPONENT=X     BETWEEN -2.0000     AND  -1.0000    
   KABS=  0.  TOLERANCE= 0.100000E-07

        4  VOLUMES (OF       84  DEFINED) SELECTED BY  VSEL  COMMAND.

 RESELECT     FOR ITEM=LOC  COMPONENT=Y     BETWEEN  1.0000     AND   2.0000    
   KABS=  0.  TOLERANCE= 0.100000E-07

        4  VOLUMES (OF       84  DEFINED) SELECTED BY  VSEL  COMMAND.

 RESELECT     FOR ITEM=LOC  COMPONENT=Z     BETWEEN  25.333     AND   26.667    
   KABS=  0.  TOLERANCE= 0.133333E-07

        0  VOLUMES (OF       84  DEFINED) SELECTED BY  VSEL  COMMAND.

 DEFINITION OF COMPONENT = VE2       ENTITY=VOLU

 ACTIVE COORDINATE SYSTEM SET TO          0  (CARTESIAN)  

 SELECT ALL ENTITIES OF TYPE= ALL  AND BELOW

 SELECT       FOR ITEM=LOC  COMPONENT=X     BETWEEN  0.0000     AND  0.38197    
   KABS=  0.  TOLERANCE= 0.381972E-08

       11  VOLUMES (OF       84  DEFINED) SELECTED BY  VSEL  COMMAND.

 RESELECT     FOR ITEM=LOC  COMPONENT=Y     BETWEEN  0.0000     AND  0.38197    
   KABS=  0.  TOLERANCE= 0.381972E-08

       11  VOLUMES (OF       84  DEFINED) SELECTED BY  VSEL  COMMAND.

 RESELECT     FOR ITEM=LOC  COMPONENT=Z     BETWEEN  25.333     AND   26.667    
   KABS=  0.  TOLERANCE= 0.133333E-07

        4  VOLUMES (OF       84  DEFINED) SELECTED BY  VSEL  COMMAND.

 DEFINITION OF COMPONENT = VE51      ENTITY=VOLU

 ACTIVE COORDINATE SYSTEM SET TO          0  (CARTESIAN)  

 SELECT ALL ENTITIES OF TYPE= ALL  AND BELOW

 SELECT       FOR ITEM=LOC  COMPONENT=X     BETWEEN-0.38197     AND   0.0000    
   KABS=  0.  TOLERANCE= 0.381972E-08

       11  VOLUMES (OF       84  DEFINED) SELECTED BY  VSEL  COMMAND.

 RESELECT     FOR ITEM=LOC  COMPONENT=Y     BETWEEN  0.0000     AND  0.38197    
   KABS=  0.  TOLERANCE= 0.381972E-08

       11  VOLUMES (OF       84  DEFINED) SELECTED BY  VSEL  COMMAND.

 RESELECT     FOR ITEM=LOC  COMPONENT=Z     BETWEEN  25.333     AND   26.667    
   KABS=  0.  TOLERANCE= 0.133333E-07

        4  VOLUMES (OF       84  DEFINED) SELECTED BY  VSEL  COMMAND.

 DEFINITION OF COMPONENT = VE52      ENTITY=VOLU

 ACTIVE COORDINATE SYSTEM SET TO          1  (CYLINDRICAL) Z- CYL. AXIS

 SELECT ALL ENTITIES OF TYPE= ALL  AND BELOW

 SELECT       FOR ITEM=LOC  COMPONENT=X     BETWEEN  0.0000     AND   1.0000    
   KABS=  0.  TOLERANCE= 0.100000E-07

       44  VOLUMES (OF       84  DEFINED) SELECTED BY  VSEL  COMMAND.

 RESELECT     FOR ITEM=LOC  COMPONENT=Y     BETWEEN  0.0000     AND   90.000    
   KABS=  0.  TOLERANCE= 0.900000E-06

       22  VOLUMES (OF       84  DEFINED) SELECTED BY  VSEL  COMMAND.

 RESELECT     FOR ITEM=LOC  COMPONENT=Z     BETWEEN  25.333     AND   26.667    
   KABS=  0.  TOLERANCE= 0.133333E-07

        8  VOLUMES (OF       84  DEFINED) SELECTED BY  VSEL  COMMAND.

 UNSELECT    COMPONENT VE51                            

 DEFINITION OF COMPONENT = VE61      ENTITY=VOLU

 ACTIVE COORDINATE SYSTEM SET TO          1  (CYLINDRICAL) Z- CYL. AXIS

 SELECT ALL ENTITIES OF TYPE= ALL  AND BELOW

 SELECT       FOR ITEM=LOC  COMPONENT=X     BETWEEN  0.0000     AND   1.0000    
   KABS=  0.  TOLERANCE= 0.100000E-07

       44  VOLUMES (OF       84  DEFINED) SELECTED BY  VSEL  COMMAND.

 RESELECT     FOR ITEM=LOC  COMPONENT=Y     BETWEEN  90.000     AND   180.00    
   KABS=  0.  TOLERANCE= 0.900000E-06

       22  VOLUMES (OF       84  DEFINED) SELECTED BY  VSEL  COMMAND.

 RESELECT     FOR ITEM=LOC  COMPONENT=Z     BETWEEN  25.333     AND   26.667    
   KABS=  0.  TOLERANCE= 0.133333E-07

        8  VOLUMES (OF       84  DEFINED) SELECTED BY  VSEL  COMMAND.

 UNSELECT    COMPONENT VE52                            

 DEFINITION OF COMPONENT = VE62      ENTITY=VOLU

 ACTIVE COORDINATE SYSTEM SET TO          0  (CARTESIAN)  

 SELECT ALL ENTITIES OF TYPE= ALL  AND BELOW

 SELECT       FOR ITEM=LOC  COMPONENT=X     BETWEEN  1.0000     AND   2.0000    
   KABS=  0.  TOLERANCE= 0.100000E-07

       30  VOLUMES (OF       84  DEFINED) SELECTED BY  VSEL  COMMAND.

 RESELECT     FOR ITEM=LOC  COMPONENT=Y     BETWEEN  0.0000     AND  0.24050    
   KABS=  0.  TOLERANCE= 0.240501E-08

       10  VOLUMES (OF       84  DEFINED) SELECTED BY  VSEL  COMMAND.

 RESELECT     FOR ITEM=LOC  COMPONENT=Z     BETWEEN  26.000     AND   26.667    
   KABS=  0.  TOLERANCE= 0.666667E-08

        5  VOLUMES (OF       84  DEFINED) SELECTED BY  VSEL  COMMAND.

 DEFINITION OF COMPONENT = VE7       ENTITY=VOLU

 ACTIVE COORDINATE SYSTEM SET TO          0  (CARTESIAN)  

 SELECT ALL ENTITIES OF TYPE= ALL  AND BELOW

 SELECT       FOR ITEM=LOC  COMPONENT=X     BETWEEN  1.0000     AND   2.0000    
   KABS=  0.  TOLERANCE= 0.100000E-07

       30  VOLUMES (OF       84  DEFINED) SELECTED BY  VSEL  COMMAND.

 RESELECT     FOR ITEM=LOC  COMPONENT=Y     BETWEEN  0.0000     AND  0.66667    
   KABS=  0.  TOLERANCE= 0.666667E-08

       20  VOLUMES (OF       84  DEFINED) SELECTED BY  VSEL  COMMAND.

 RESELECT     FOR ITEM=LOC  COMPONENT=Z     BETWEEN  26.000     AND   26.667    
   KABS=  0.  TOLERANCE= 0.666667E-08

       10  VOLUMES (OF       84  DEFINED) SELECTED BY  VSEL  COMMAND.

 UNSELECT    COMPONENT VD7                             

 DEFINITION OF COMPONENT = VE8       ENTITY=VOLU

 ACTIVE COORDINATE SYSTEM SET TO          0  (CARTESIAN)  

 SELECT ALL ENTITIES OF TYPE= ALL  AND BELOW

 MERGE COINCIDENT KEYPOINTS WITHIN TOLERANCE OF  0.10000E-03
 KEYPOINT     78 USED FOR KEYPOINT(S)     167
 KEYPOINT     75 USED FOR KEYPOINT(S)     183
 KEYPOINT     96 USED FOR KEYPOINT(S)     166
 KEYPOINT    100 USED FOR KEYPOINT(S)     184
 KEYPOINT     97 USED FOR KEYPOINT(S)     189
 KEYPOINT    102 USED FOR KEYPOINT(S)     169
 KEYPOINT    101 USED FOR KEYPOINT(S)     168
 KEYPOINT    106 USED FOR KEYPOINT(S)     160
 KEYPOINT    107 USED FOR KEYPOINT(S)     161
 KEYPOINT    109 USED FOR KEYPOINT(S)     185
 KEYPOINT     53 USED FOR KEYPOINT(S)     211
 KEYPOINT     55 USED FOR KEYPOINT(S)     212
 KEYPOINT     91 USED FOR KEYPOINT(S)     173
 KEYPOINT     90 USED FOR KEYPOINT(S)     177
 KEYPOINT     88 USED FOR KEYPOINT(S)     175
 KEYPOINT     44 USED FOR KEYPOINT(S)     205
 KEYPOINT     93 USED FOR KEYPOINT(S)     176
 KEYPOINT     45 USED FOR KEYPOINT(S)     204
 KEYPOINT     95 USED FOR KEYPOINT(S)     174
 KEYPOINT     50 USED FOR KEYPOINT(S)     209
 KEYPOINT     86 USED FOR KEYPOINT(S)     190
 KEYPOINT     89 USED FOR KEYPOINT(S)     199
 KEYPOINT     92 USED FOR KEYPOINT(S)     191
 KEYPOINT     83 USED FOR KEYPOINT(S)     218
 KEYPOINT     81 USED FOR KEYPOINT(S)     217
 KEYPOINT     84 USED FOR KEYPOINT(S)     220
 KEYPOINT     82 USED FOR KEYPOINT(S)     216
 KEYPOINT     94 USED FOR KEYPOINT(S)     165
 KEYPOINT     14 USED FOR KEYPOINT(S)     156
 KEYPOINT     12 USED FOR KEYPOINT(S)     157
 KEYPOINT     51 USED FOR KEYPOINT(S)     210
 KEYPOINT    112 USED FOR KEYPOINT(S)     163
 KEYPOINT    114 USED FOR KEYPOINT(S)     186
 KEYPOINT    110 USED FOR KEYPOINT(S)     164
 KEYPOINT    119 USED FOR KEYPOINT(S)     187
 KEYPOINT    116 USED FOR KEYPOINT(S)     203
 KEYPOINT    115 USED FOR KEYPOINT(S)     201
 KEYPOINT    121 USED FOR KEYPOINT(S)     153
 KEYPOINT    124 USED FOR KEYPOINT(S)     188
 KEYPOINT    120 USED FOR KEYPOINT(S)     155
 
 LINE    154 USED FOR LINE(S)    398
 LINE    206 USED FOR LINE(S)    370
 LINE    212 USED FOR LINE(S)    399
 LINE    214 USED FOR LINE(S)    405
 LINE    173 USED FOR LINE(S)    385

 *** WARNING ***                         CP =      11.812   TIME= 12:50:08
 Due to merge, line 173 is now meshed.                                   
 LINE    241 USED FOR LINE(S)    361
 LINE    177 USED FOR LINE(S)    384

 *** WARNING ***                         CP =      11.812   TIME= 12:50:08
 Due to merge, line 177 is now meshed.                                   
 LINE    152 USED FOR LINE(S)    380
 LINE     96 USED FOR LINE(S)    406
 LINE    246 USED FOR LINE(S)    435
 LINE    245 USED FOR LINE(S)    437
 LINE    211 USED FOR LINE(S)    379
 LINE    209 USED FOR LINE(S)    372
 LINE    210 USED FOR LINE(S)    382
 LINE    205 USED FOR LINE(S)    371
 LINE    251 USED FOR LINE(S)    451
 LINE    254 USED FOR LINE(S)    400
 LINE    146 USED FOR LINE(S)    381
 LINE    148 USED FOR LINE(S)    378

 *** WARNING ***                         CP =      11.812   TIME= 12:50:08
 Due to merge, line 148 is now meshed.                                   
 LINE    273 USED FOR LINE(S)    464
 LINE    261 USED FOR LINE(S)    459
 LINE     91 USED FOR LINE(S)    461
 LINE    213 USED FOR LINE(S)    491
 LINE     26 USED FOR LINE(S)    436
 LINE    185 USED FOR LINE(S)    450
 LINE    158 USED FOR LINE(S)    483
 LINE    182 USED FOR LINE(S)    383
 LINE    265 USED FOR LINE(S)    401
 LINE    258 USED FOR LINE(S)    367
 LINE    284 USED FOR LINE(S)    465
 LINE    165 USED FOR LINE(S)    428
 LINE    175 USED FOR LINE(S)    427

 *** WARNING ***                         CP =      11.812   TIME= 12:50:08
 Due to merge, line 175 is now meshed.                                   
 LINE    176 USED FOR LINE(S)    407

 *** WARNING ***                         CP =      11.812   TIME= 12:50:08
 Due to merge, line 176 is now meshed.                                   
 LINE    171 USED FOR LINE(S)    422

 *** WARNING ***                         CP =      11.812   TIME= 12:50:08
 Due to merge, line 171 is now meshed.                                   
 LINE     63 USED FOR LINE(S)    446
 LINE    161 USED FOR LINE(S)    369
 LINE    170 USED FOR LINE(S)    498

 *** WARNING ***                         CP =      11.812   TIME= 12:50:08
 Due to merge, line 170 is now meshed.                                   
 LINE    172 USED FOR LINE(S)    501

 *** WARNING ***                         CP =      11.812   TIME= 12:50:08
 Due to merge, line 172 is now meshed.                                   
 LINE     42 USED FOR LINE(S)    475

 *** WARNING ***                         CP =      11.812   TIME= 12:50:08
 Due to merge, line 42 is now meshed.                                    
 LINE    168 USED FOR LINE(S)    499

 *** WARNING ***                         CP =      11.812   TIME= 12:50:08
 Due to merge, line 168 is now meshed.                                   
 LINE     55 USED FOR LINE(S)    480

 *** WARNING ***                         CP =      11.812   TIME= 12:50:08
 Due to merge, line 55 is now meshed.                                    
 LINE     50 USED FOR LINE(S)    365
 LINE    257 USED FOR LINE(S)    368
 LINE     45 USED FOR LINE(S)    477

 *** WARNING ***                         CP =      11.812   TIME= 12:50:08
 Due to merge, line 45 is now meshed.                                    
 LINE     54 USED FOR LINE(S)    482

 *** WARNING ***                         CP =      11.812   TIME= 12:50:08
 Due to merge, line 54 is now meshed.                                    
 LINE    287 USED FOR LINE(S)    403
 LINE     41 USED FOR LINE(S)    473

 *** WARNING ***                         CP =      11.812   TIME= 12:50:08
 Due to merge, line 41 is now meshed.                                    
 LINE    276 USED FOR LINE(S)    402
 LINE    266 USED FOR LINE(S)    432
 LINE    157 USED FOR LINE(S)    484
 LINE    208 USED FOR LINE(S)    373
 LINE    184 USED FOR LINE(S)    468
 LINE    242 USED FOR LINE(S)    430
 LINE     13 USED FOR LINE(S)    356
 LINE    248 USED FOR LINE(S)    433
 LINE     89 USED FOR LINE(S)    460
 LINE     64 USED FOR LINE(S)    445
 LINE     57 USED FOR LINE(S)    444
 LINE    279 USED FOR LINE(S)    456
 LINE    283 USED FOR LINE(S)    404
 LINE    263 USED FOR LINE(S)    354
 LINE    115 USED FOR LINE(S)    353
 LINE    278 USED FOR LINE(S)    457
 LINE    259 USED FOR LINE(S)    355
 AREA     99 USED FOR AREA(S)    267

 *** WARNING ***                         CP =      11.812   TIME= 12:50:08
 Due to merge, area 99 is now meshed.                                    
 AREA    147 USED FOR AREA(S)    277
 AREA    171 USED FOR AREA(S)    295
 AREA     57 USED FOR AREA(S)    290
 AREA    142 USED FOR AREA(S)    266
 AREA    195 USED FOR AREA(S)    319
 AREA    179 USED FOR AREA(S)    304
 AREA    141 USED FOR AREA(S)    265
 AREA    143 USED FOR AREA(S)    345
 AREA    187 USED FOR AREA(S)    314
 AREA    203 USED FOR AREA(S)    325
 AREA     66 USED FOR AREA(S)    336
 AREA    111 USED FOR AREA(S)    289

 *** WARNING ***                         CP =      11.812   TIME= 12:50:08
 Due to merge, area 111 is now meshed.                                   
 AREA    135 USED FOR AREA(S)    261
 AREA     58 USED FOR AREA(S)    358

 *** WARNING ***                         CP =      11.812   TIME= 12:50:08
 Due to merge, area 58 is now meshed.                                    
 AREA     53 USED FOR AREA(S)    356

 *** WARNING ***                         CP =      11.812   TIME= 12:50:08
 Due to merge, area 53 is now meshed.                                    
 AREA    170 USED FOR AREA(S)    292
 AREA     28 USED FOR AREA(S)    335

 *** WARNING ***                         CP =      11.812   TIME= 12:50:08
 Due to merge, area 28 is now meshed.                                    
 AREA     18 USED FOR AREA(S)    331

 *** WARNING ***                         CP =      11.812   TIME= 12:50:08
 Due to merge, area 18 is now meshed.                                    
 AREA    199 USED FOR AREA(S)    323
 AREA    184 USED FOR AREA(S)    310
 AREA    112 USED FOR AREA(S)    254
 AREA    140 USED FOR AREA(S)    263
 AREA     49 USED FOR AREA(S)    315
 AREA     42 USED FOR AREA(S)    300

 COMPRESS NODE NUMBERS
      MAXIMUM NODE NUMBER COMPRESSED FROM     98814 TO     98814

 COMPRESS ELEMENT NUMBERS
      MAXIMUM ELEMENT NUMBER COMPRESSED FROM     81856 TO     81856

 COMPRESS KEYPOINT NUMBERS
      MAXIMUM KEYPOINT NUMBER COMPRESSED FROM     220 TO     180

 COMPRESS LINE NUMBERS
      MAXIMUM LINE NUMBER COMPRESSED FROM    501 TO    437

 COMPRESS AREA NUMBERS
      MAXIMUM AREA NUMBER COMPRESSED FROM    362 TO    337

 COMPRESS VOLUME NUMBERS
      MAXIMUM VOLUME NUMBER COMPRESSED FROM     84 TO     84

 COMPRESS MATERIAL NUMBERS
      MAXIMUM MATERIAL NUMBER COMPRESSED FROM     101 TO     101

 COMPRESS ELEMENT TYPE NUMBERS
      MAXIMUM ELEMENT TYPE NUMBER COMPRESSED FROM         2 TO         2

 COMPRESS REAL CONSTANT NUMBERS

 COMPRESS SECTION NUMBERS

 COMPRESS COUPLED DOF SET NUMBERS

 COMPRESS CONSTRAINT EQUATION NUMBERS

 COMPRESS COORDINATE SYSTEM NUMBERS
 PRODUCE ALL HEXAHEDRAL ELEMENTS IN 3D.
 USE THE MAPPED MESHER.

 ELEMENT TYPE SET TO         1

 SELECT ALL ENTITIES OF TYPE= ALL  AND BELOW

 SELECT      COMPONENT VB5                             

 ALSO SELECT COMPONENT VB6                             

 ALSO SELECT COMPONENT VC5                             

 GENERATE NODES AND ELEMENTS IN ALL SELECTED VOLUMES
 
        SWEEPING VOLUME 14 FROM AREA 58 TO AREA 72
        VOLUME 14 MESHED WITH 736 HEXAHEDRA AND 0 WEDGES
 
        SWEEPING VOLUME 9 FROM AREA 53 TO AREA 38
        VOLUME 9 MESHED WITH 736 HEXAHEDRA AND 0 WEDGES
 
        SWEEPING VOLUME 6 FROM AREA 28 TO AREA 14
        VOLUME 6 MESHED WITH 3220 HEXAHEDRA AND 0 WEDGES
 
        SWEEPING VOLUME 4 FROM AREA 18 TO AREA 2
        VOLUME 4 MESHED WITH 3266 HEXAHEDRA AND 92 WEDGES
 
        SWEEPING VOLUME 3 FROM AREA 13 TO AREA 14
        VOLUME 3 MESHED WITH 1050 HEXAHEDRA AND 0 WEDGES
 
        SWEEPING VOLUME 1 FROM AREA 1 TO AREA 2
        VOLUME 1 MESHED WITH 1065 HEXAHEDRA AND 30 WEDGES

 Volume Sweeping Complete 

 The Following Volumes Were Successfully Swept
     1           3           4           6           9
    14

 MAXIMUM NODE NUMBER        =    110519
 MAXIMUM ELEMENT NUMBER     =     92051

 ------------------------------------------------------------------------------
            <<<<<<          SHAPE TESTING SUMMARY           >>>>>>
            <<<<<<       FOR NEW OR MODIFIED ELEMENTS       >>>>>>
 ------------------------------------------------------------------------------
                    --------------------------------------
                    |  Element count     10195 SOLID185  |
                    --------------------------------------

  Test                Number tested  Warning count  Error count    Warn+Err %
  ----                -------------  -------------  -----------    ----------
  Aspect Ratio              10195             40             0         0.39 %
  Parallel Deviation        10195              0             0         0.00 %
  Maximum Angle             10195              0             0         0.00 %
  Jacobian Ratio            10195              0             0         0.00 %
  Warping Factor            10195              0             0         0.00 %

  Any                       10195             40             0         0.39 %
 ------------------------------------------------------------------------------

 *** WARNING ***                         CP =      12.562   TIME= 12:50:08
 Shape testing revealed that 40 of the 10195 new or modified elements    
 violate shape warning limits.  To review test results, please see the   
 output file or issue the CHECK command.                                 
 PRODUCE ALL HEXAHEDRAL ELEMENTS IN 3D.
 USE THE MAPPED MESHER.

 ELEMENT TYPE SET TO         1

 SELECT ALL ENTITIES OF TYPE= ALL  AND BELOW

 SELECT      COMPONENT VC6                             

 GENERATE NODES AND ELEMENTS IN ALL SELECTED VOLUMES
 
        SWEEPING VOLUME 11 FROM AREA 3 TO AREA 73
        VOLUME 11 MESHED WITH 240 HEXAHEDRA AND 0 WEDGES
 
        SWEEPING VOLUME 8 FROM AREA 15 TO AREA 39
        VOLUME 8 MESHED WITH 240 HEXAHEDRA AND 0 WEDGES

 Volume Sweeping Complete 

 The Following Volumes Were Successfully Swept
     8          11

 MAXIMUM NODE NUMBER        =    111014
 MAXIMUM ELEMENT NUMBER     =     92531
 PRODUCE ALL HEXAHEDRAL ELEMENTS IN 3D.
 USE THE MAPPED MESHER.

 ELEMENT TYPE SET TO         1

 SELECT ALL ENTITIES OF TYPE= ALL  AND BELOW

 SELECT      COMPONENT VB1                             

 ALSO SELECT COMPONENT VB2                             

 ALSO SELECT COMPONENT VC1                             

 ALSO SELECT COMPONENT VC2                             

 GENERATE NODES AND ELEMENTS IN ALL SELECTED VOLUMES
 
        SWEEPING VOLUME 22 FROM AREA 111 TO AREA 26
        VOLUME 22 MESHED WITH 5152 HEXAHEDRA AND 0 WEDGES
 
        SWEEPING VOLUME 21 FROM AREA 99 TO AREA 90
        VOLUME 21 MESHED WITH 5152 HEXAHEDRA AND 0 WEDGES
 
        SWEEPING VOLUME 16 FROM AREA 83 TO AREA 90
        VOLUME 16 MESHED WITH 1680 HEXAHEDRA AND 0 WEDGES
 
        SWEEPING VOLUME 5 FROM AREA 25 TO AREA 26
        VOLUME 5 MESHED WITH 1680 HEXAHEDRA AND 0 WEDGES

 Volume Sweeping Complete 

 The Following Volumes Were Successfully Swept
     5          16          21          22

 MAXIMUM NODE NUMBER        =    123580
 MAXIMUM ELEMENT NUMBER     =    106195

 ------------------------------------------------------------------------------
            <<<<<<          SHAPE TESTING SUMMARY           >>>>>>
            <<<<<<       FOR NEW OR MODIFIED ELEMENTS       >>>>>>
 ------------------------------------------------------------------------------
                    --------------------------------------
                    |  Element count     13664 SOLID185  |
                    --------------------------------------

  Test                Number tested  Warning count  Error count    Warn+Err %
  ----                -------------  -------------  -----------    ----------
  Aspect Ratio              13664             24             0         0.18 %
  Parallel Deviation        13664              0             0         0.00 %
  Maximum Angle             13664              0             0         0.00 %
  Jacobian Ratio            13664              0             0         0.00 %
  Warping Factor            13664              0             0         0.00 %

  Any                       13664             24             0         0.18 %
 ------------------------------------------------------------------------------

 *** WARNING ***                         CP =      14.219   TIME= 12:50:09
 Shape testing revealed that 24 of the 13664 new or modified elements    
 violate shape warning limits.  To review test results, please see the   
 output file or issue the CHECK command.                                 

 SELECT ALL ENTITIES OF TYPE= ALL  AND BELOW

 SELECT      COMPONENT VE51                            

 ALSO SELECT COMPONENT VE52                            

 ALSO SELECT COMPONENT VE61                            

 ALSO SELECT COMPONENT VE62                            

 ALSO SELECT COMPONENT VE7                             

 ALSO SELECT COMPONENT VE8                             

 ACTIVE COORDINATE SYSTEM SET TO          0  (CARTESIAN)  

 SELECT ALL ENTITIES OF TYPE= ALL  AND BELOW

  MERGE COINCIDENT NODES WITHIN TOLERANCE OF  0.10000E-03

 *** NOTE ***                            CP =      14.750   TIME= 12:50:09
 Zero nodes were merged.                                                 

 COMPRESS NODE NUMBERS
      MAXIMUM NODE NUMBER COMPRESSED FROM    123580 TO    123580

 COMPRESS ELEMENT NUMBERS
      MAXIMUM ELEMENT NUMBER COMPRESSED FROM    106195 TO    106195

 COMPRESS KEYPOINT NUMBERS
      MAXIMUM KEYPOINT NUMBER COMPRESSED FROM     180 TO     180

 COMPRESS LINE NUMBERS
      MAXIMUM LINE NUMBER COMPRESSED FROM    437 TO    437

 COMPRESS AREA NUMBERS
      MAXIMUM AREA NUMBER COMPRESSED FROM    337 TO    337

 COMPRESS VOLUME NUMBERS
      MAXIMUM VOLUME NUMBER COMPRESSED FROM     84 TO     84

 COMPRESS MATERIAL NUMBERS
      MAXIMUM MATERIAL NUMBER COMPRESSED FROM     101 TO     101

 COMPRESS ELEMENT TYPE NUMBERS
      MAXIMUM ELEMENT TYPE NUMBER COMPRESSED FROM         2 TO         2

 COMPRESS REAL CONSTANT NUMBERS

 COMPRESS SECTION NUMBERS

 COMPRESS COUPLED DOF SET NUMBERS

 COMPRESS CONSTRAINT EQUATION NUMBERS

 COMPRESS COORDINATE SYSTEM NUMBERS

 SELECT ALL ENTITIES OF TYPE= ALL  AND BELOW

 COORDINATE SYSTEM         11 DEFINITION.  TYPE= 1  (CYLINDRICAL)
   XC,YC,ZC=  0.0000      0.0000      0.0000    
   ANGLES=    0.00    0.00    0.00   PARAMETERS=   1.000   1.000
   ORIENTATION=  1.00  0.00  0.00   0.00  1.00  0.00   0.00  0.00  1.00

 ACTIVE COORDINATE SYSTEM SET TO        11  (CYLINDRICAL)

 ALL SELECT   FOR ITEM=ELEM COMPONENT=    
  IN RANGE         1 TO     106195 STEP          1

     106195  ELEMENTS (OF     106195  DEFINED) SELECTED BY  ESEL  COMMAND.

 SELECT       FOR ITEM=CENT COMPONENT=Z     BETWEEN  10.000     AND   43.333    
   KABS=  0.  TOLERANCE=  0.00000    

      95890  ELEMENTS (OF     106195  DEFINED) SELECTED BY  ESEL  COMMAND.

 RESELECT     FOR ITEM=CENT COMPONENT=X     BETWEEN 0.90000     AND   1.0000    
   KABS=  0.  TOLERANCE=  0.00000    

       6146  ELEMENTS (OF     106195  DEFINED) SELECTED BY  ESEL  COMMAND.

 RESELECT     FOR ITEM=CENT COMPONENT=Y     BETWEEN  0.0000     AND   180.00    
   KABS=  0.  TOLERANCE=  0.00000    

       6146  ELEMENTS (OF     106195  DEFINED) SELECTED BY  ESEL  COMMAND.

 DEFINITION OF COMPONENT = CASCA1    ENTITY=ELEM

 COORDINATE SYSTEM         12 DEFINITION.  TYPE= 1  (CYLINDRICAL)
   XC,YC,ZC=  1.0000      0.0000      26.667    
   ANGLES=    0.00    0.00   90.00   PARAMETERS=   1.000   1.000
   ORIENTATION=  0.00  0.00 -1.00   0.00  1.00  0.00   1.00  0.00  0.00

 ACTIVE COORDINATE SYSTEM SET TO        12  (CYLINDRICAL)

 ALL SELECT   FOR ITEM=VOLU COMPONENT=    
  IN RANGE         1 TO         84 STEP          1

       84  VOLUMES (OF       84  DEFINED) SELECTED BY  VSEL  COMMAND.

 SELECT       FOR ITEM=LOC  COMPONENT=Z     BETWEEN-0.10000     AND   2.0000    
   KABS=  0.  TOLERANCE= 0.210000E-07

       30  VOLUMES (OF       84  DEFINED) SELECTED BY  VSEL  COMMAND.

 RESELECT     FOR ITEM=LOC  COMPONENT=X     BETWEEN  0.0000     AND  0.66667    
   KABS=  0.  TOLERANCE= 0.666667E-08

       20  VOLUMES (OF       84  DEFINED) SELECTED BY  VSEL  COMMAND.

 RESELECT     FOR ITEM=LOC  COMPONENT=Y     BETWEEN  0.0000     AND   180.00    
   KABS=  0.  TOLERANCE= 0.180000E-05

       20  VOLUMES (OF       84  DEFINED) SELECTED BY  VSEL  COMMAND.

 DEFINITION OF COMPONENT = VG1       ENTITY=VOLU

 SELECT      ELEMENTS CREATED FROM SELECTED VOLUMES.

       2310  ELEMENTS (OF     106195  DEFINED) SELECTED FROM
       20 SELECTED VOLUMES BY  ESLV  COMMAND.

 RESELECT     FOR ITEM=CENT COMPONENT=Z     BETWEEN -1.0000     AND   1.0000    
   KABS=  0.  TOLERANCE=  0.00000    

       2310  ELEMENTS (OF     106195  DEFINED) SELECTED BY  ESEL  COMMAND.

 RESELECT     FOR ITEM=CENT COMPONENT=X     BETWEEN 0.56667     AND  0.66567    
   KABS=  0.  TOLERANCE=  0.00000    

        972  ELEMENTS (OF     106195  DEFINED) SELECTED BY  ESEL  COMMAND.

 RESELECT     FOR ITEM=CENT COMPONENT=Y     BETWEEN  0.0000     AND   180.00    
   KABS=  0.  TOLERANCE=  0.00000    

        972  ELEMENTS (OF     106195  DEFINED) SELECTED BY  ESEL  COMMAND.

 DEFINITION OF COMPONENT = CASCA2    ENTITY=ELEM

 RED=100% GREEN=100% BLUE=100%
  for color index  0.

 RED=0% GREEN=0% BLUE=0%
  for color index 15.

 SELECT ALL ENTITIES OF TYPE= ALL  AND BELOW

 SELECT      COMPONENT VA1                             

 ALSO SELECT COMPONENT VA2                             

 ALSO SELECT COMPONENT VB1                             

 ALSO SELECT COMPONENT VB2                             

 ALSO SELECT COMPONENT VC1                             

 ALSO SELECT COMPONENT VC2                             

 ALSO SELECT COMPONENT VD1                             

 ALSO SELECT COMPONENT VD2                             

 ALSO SELECT COMPONENT VE1                             

 ALSO SELECT COMPONENT VE2                             

 SELECT      ELEMENTS CREATED FROM SELECTED VOLUMES.

      37128  ELEMENTS (OF     106195  DEFINED) SELECTED FROM
        9 SELECTED VOLUMES BY  ESLV  COMMAND.
 ALL ELEM COLORS LIGHT-GRAY                              

 SELECT ALL ENTITIES OF TYPE= ALL  AND BELOW

 SELECT      COMPONENT VA3                             

 ALSO SELECT COMPONENT VA4                             

 ALSO SELECT COMPONENT VA5                             

 ALSO SELECT COMPONENT VB3                             

 ALSO SELECT COMPONENT VB4                             

 ALSO SELECT COMPONENT VB5                             

 ALSO SELECT COMPONENT VC3                             

 ALSO SELECT COMPONENT VC4                             

 ALSO SELECT COMPONENT VC5                             

 ALSO SELECT COMPONENT VD3                             

 ALSO SELECT COMPONENT VD4                             

 ALSO SELECT COMPONENT VD51                            

 ALSO SELECT COMPONENT VD52                            

 ALSO SELECT COMPONENT VE51                            

 ALSO SELECT COMPONENT VE52                            

 ALSO SELECT COMPONENT VD7                             

 ALSO SELECT COMPONENT VE7                             

 SELECT      ELEMENTS CREATED FROM SELECTED VOLUMES.

      58081  ELEMENTS (OF     106195  DEFINED) SELECTED FROM
       42 SELECTED VOLUMES BY  ESLV  COMMAND.
 ALL ELEM COLORS DARK-GRAY                               

 SELECT ALL ENTITIES OF TYPE= ALL  AND BELOW

 SELECT      COMPONENT CASCA1                          
 ALL ELEM COLORS CYAN                                    

 SELECT ALL ENTITIES OF TYPE= ALL  AND BELOW

 SELECT      COMPONENT CASCA2                          
 ALL ELEM COLORS RED                                     

 SELECT      COMPONENT CASCA1                          

 ALSO SELECT COMPONENT CASCA2                          

 *** NOTE *** Display device has not yet been specified with the /SHOW command.  Display commands ignored. 

 ACTIVE COORDINATE SYSTEM SET TO          0  (CARTESIAN)  

 SELECT ALL ENTITIES OF TYPE= ALL  AND BELOW
 The INISTATE,DEFINE command applied to       106195  elements out of the
      106195  selected elements

 COORDINATE SYSTEM         11 DEFINITION.  TYPE= 0  (CARTESIAN)  
   XC,YC,ZC=  0.0000      0.0000      0.0000    
   ANGLES=    0.00    0.00    0.00   PARAMETERS=   1.000   1.000
   ORIENTATION=  1.00  0.00  0.00   0.00  1.00  0.00   0.00  0.00  1.00

 ACTIVE COORDINATE SYSTEM SET TO        11  (CARTESIAN)  

 SELECT ALL ENTITIES OF TYPE= ALL  AND BELOW

 SELECT       FOR ITEM=LOC  COMPONENT=X     BETWEEN  2.0000     AND   2.0000    
   KABS=  0.  TOLERANCE= 0.100000E-01

       14  AREAS (OF      337  DEFINED) SELECTED BY  ASEL  COMMAND.

 CONSTRAINT AT ALL SELECTED AREAS
      LOAD LABEL = SYMM

 COORDINATE SYSTEM         11 DEFINITION.  TYPE= 0  (CARTESIAN)  
   XC,YC,ZC=  0.0000      0.0000      0.0000    
   ANGLES=    0.00    0.00    0.00   PARAMETERS=   1.000   1.000
   ORIENTATION=  1.00  0.00  0.00   0.00  1.00  0.00   0.00  0.00  1.00

 ACTIVE COORDINATE SYSTEM SET TO        11  (CARTESIAN)  

 SELECT ALL ENTITIES OF TYPE= ALL  AND BELOW

 SELECT       FOR ITEM=LOC  COMPONENT=Y     BETWEEN  0.0000     AND   0.0000    
   KABS=  0.  TOLERANCE= 0.100000E-05

       79  AREAS (OF      337  DEFINED) SELECTED BY  ASEL  COMMAND.

 CONSTRAINT AT ALL SELECTED AREAS
      LOAD LABEL = SYMM

 COORDINATE SYSTEM         11 DEFINITION.  TYPE= 0  (CARTESIAN)  
   XC,YC,ZC=  0.0000      0.0000      0.0000    
   ANGLES=    0.00    0.00    0.00   PARAMETERS=   1.000   1.000
   ORIENTATION=  1.00  0.00  0.00   0.00  1.00  0.00   0.00  0.00  1.00

 ACTIVE COORDINATE SYSTEM SET TO        11  (CARTESIAN)  

 SELECT ALL ENTITIES OF TYPE= ALL  AND BELOW

 SELECT       FOR ITEM=LOC  COMPONENT=Z     BETWEEN  43.333     AND   43.333    
   KABS=  0.  TOLERANCE= 0.216667    

        8  AREAS (OF      337  DEFINED) SELECTED BY  ASEL  COMMAND.

 CONSTRAINT AT ALL SELECTED AREAS
      LOAD LABELS = UZ  
      VALUES =      0.0000         0.0000    

 COORDINATE SYSTEM         11 DEFINITION.  TYPE= 0  (CARTESIAN)  
   XC,YC,ZC=  0.0000      0.0000      0.0000    
   ANGLES=    0.00    0.00    0.00   PARAMETERS=   1.000   1.000
   ORIENTATION=  1.00  0.00  0.00   0.00  1.00  0.00   0.00  0.00  1.00

 ACTIVE COORDINATE SYSTEM SET TO        11  (CARTESIAN)  

 SELECT ALL ENTITIES OF TYPE= ALL  AND BELOW

 SELECT       FOR ITEM=LOC  COMPONENT=Y     BETWEEN  20.000     AND   20.000    
   KABS=  0.  TOLERANCE= 0.100000    

       11  AREAS (OF      337  DEFINED) SELECTED BY  ASEL  COMMAND.

 UNSELECT    AREAS FROM ACCAT COMMAND

       10  AREAS (OF      337  DEFINED) SELECTED BY ASEL  COMMAND.

 SURFACE LOAD ON ALL SELECTED AREAS 
     LOAD KEY =1         LOAD LABEL = PRES
     VALUES =           9.0000              0.0000    

 COORDINATE SYSTEM         11 DEFINITION.  TYPE= 0  (CARTESIAN)  
   XC,YC,ZC=  0.0000      0.0000      0.0000    
   ANGLES=    0.00    0.00    0.00   PARAMETERS=   1.000   1.000
   ORIENTATION=  1.00  0.00  0.00   0.00  1.00  0.00   0.00  0.00  1.00

 ACTIVE COORDINATE SYSTEM SET TO        11  (CARTESIAN)  

 SELECT ALL ENTITIES OF TYPE= ALL  AND BELOW

 SELECT       FOR ITEM=LOC  COMPONENT=X     BETWEEN -20.000     AND  -20.000    
   KABS=  0.  TOLERANCE= 0.100000    

        9  AREAS (OF      337  DEFINED) SELECTED BY  ASEL  COMMAND.

 UNSELECT    AREAS FROM ACCAT COMMAND

        5  AREAS (OF      337  DEFINED) SELECTED BY ASEL  COMMAND.

 SURFACE LOAD ON ALL SELECTED AREAS 
     LOAD KEY =1         LOAD LABEL = PRES
     VALUES =           9.0000              0.0000    

 COORDINATE SYSTEM         11 DEFINITION.  TYPE= 0  (CARTESIAN)  
   XC,YC,ZC=  0.0000      0.0000      0.0000    
   ANGLES=    0.00    0.00    0.00   PARAMETERS=   1.000   1.000
   ORIENTATION=  1.00  0.00  0.00   0.00  1.00  0.00   0.00  0.00  1.00

 ACTIVE COORDINATE SYSTEM SET TO        11  (CARTESIAN)  

 SELECT ALL ENTITIES OF TYPE= ALL  AND BELOW

 SELECT       FOR ITEM=LOC  COMPONENT=Z     BETWEEN  0.0000     AND   0.0000    
   KABS=  0.  TOLERANCE= 0.100000E-05

        8  AREAS (OF      337  DEFINED) SELECTED BY  ASEL  COMMAND.

 UNSELECT    AREAS FROM ACCAT COMMAND

        8  AREAS (OF      337  DEFINED) SELECTED BY ASEL  COMMAND.

 SURFACE LOAD ON ALL SELECTED AREAS 
     LOAD KEY =1         LOAD LABEL = PRES
     VALUES =           9.0000              0.0000    

 *IF  matrev                            ( =   2.00000     )  NE  
      0                                 ( =   0.00000     )  THEN    

 SELECT      COMPONENT CASCA1                          

 *** WARNING ***                         CP =      16.953   TIME= 12:50:09
 Overlapping elements will be generated due to zero node increment.      

 GENERATE       2 TOTAL SETS OF ELEMENTS WITH NODE INCREMENT OF         0
   SET IS SELECTED ELEMENTS IN RANGE         1 TO    106195 IN STEPS OF       1

   INCREMENTS   MAT=    1   TYPE=   0   REAL=     0   ESYS=     0   SEC=     0

 MAXIMUM ELEMENT NUMBER=    112341

 ------------------------------------------------------------------------------
            <<<<<<          SHAPE TESTING SUMMARY           >>>>>>
            <<<<<<       FOR NEW OR MODIFIED ELEMENTS       >>>>>>
 ------------------------------------------------------------------------------
                    --------------------------------------
                    |  Element count      2944 SOLID185  |
                    |                     3550 SOLID186  |
                    |               -----------          |
                    |          Total      6494           |
                    --------------------------------------

  Test                Number tested  Warning count  Error count    Warn+Err %
  ----                -------------  -------------  -----------    ----------
  Aspect Ratio               6494              0             0         0.00 %
  Parallel Deviation         3040              0             0         0.00 %
  Maximum Angle              6494              0             0         0.00 %
  Jacobian Ratio             6494              2             0         0.03 %
  Warping Factor             3040              0             0         0.00 %

  Any                        6494              2             0         0.03 %
 ------------------------------------------------------------------------------

 *** WARNING ***                         CP =      16.984   TIME= 12:50:09
 Shape testing revealed that 2 of the 6494 new or modified elements      
 violate shape warning limits.  To review test results, please see the   
 output file or issue the CHECK command.                                 

 ALL SELECT   FOR ITEM=ELEM COMPONENT=    
  IN RANGE         1 TO     112341 STEP          1

     112341  ELEMENTS (OF     112341  DEFINED) SELECTED BY  ESEL  COMMAND.

  MERGE COINCIDENT NODES WITHIN TOLERANCE OF  0.10000E-03

 *** NOTE ***                            CP =      17.609   TIME= 12:50:09
 Zero nodes were merged.                                                 

 ESEL  FOR LABEL= MAT   FROM       2 TO       2 BY       1

       6146  ELEMENTS (OF     112341  DEFINED) SELECTED BY  ESEL  COMMAND.

 DEFINITION OF COMPONENT = REVESTIMENTO1  ENTITY=ELEM

 *ENDIF

 *IF  matrev                            ( =   2.00000     )  NE  
      0                                 ( =   0.00000     )  THEN    

 SELECT      COMPONENT CASCA2                          

 *** WARNING ***                         CP =      17.609   TIME= 12:50:09
 Overlapping elements will be generated due to zero node increment.      

 GENERATE       2 TOTAL SETS OF ELEMENTS WITH NODE INCREMENT OF         0
   SET IS SELECTED ELEMENTS IN RANGE         1 TO    112341 IN STEPS OF       1

   INCREMENTS   MAT=    1   TYPE=   0   REAL=     0   ESYS=     0   SEC=     0

 MAXIMUM ELEMENT NUMBER=    113313

 ALL SELECT   FOR ITEM=ELEM COMPONENT=    
  IN RANGE         1 TO     113313 STEP          1

     113313  ELEMENTS (OF     113313  DEFINED) SELECTED BY  ESEL  COMMAND.

  MERGE COINCIDENT NODES WITHIN TOLERANCE OF  0.10000E-03

 *** NOTE ***                            CP =      18.250   TIME= 12:50:09
 Zero nodes were merged.                                                 

 ESEL  FOR LABEL= MAT   FROM       2 TO       2 BY       1

       7118  ELEMENTS (OF     113313  DEFINED) SELECTED BY  ESEL  COMMAND.

 UNSELECT    COMPONENT REVESTIMENTO1                   

 DEFINITION OF COMPONENT = REVESTIMENTO2  ENTITY=ELEM

 *ENDIF

 PARAMETER I =     1.000000000    

 COORDINATE SYSTEM         11 DEFINITION.  TYPE= 1  (CYLINDRICAL)
   XC,YC,ZC=  0.0000      0.0000      43.333    
   ANGLES=    0.00    0.00  180.00   PARAMETERS=   1.000   1.000
   ORIENTATION= -1.00  0.00 -0.00   0.00  1.00  0.00   0.00  0.00 -1.00

 ACTIVE COORDINATE SYSTEM SET TO        11  (CYLINDRICAL)

 ALL SELECT   FOR ITEM=ELEM COMPONENT=    
  IN RANGE         1 TO     113313 STEP          1

     113313  ELEMENTS (OF     113313  DEFINED) SELECTED BY  ESEL  COMMAND.

 PARAMETER FI =     0.000000000    

 PARAMETER FF =     1.000000000    

 SELECT       FOR ITEM=CENT COMPONENT=Z     BETWEEN  0.0000     AND   1.0000    
   KABS=  0.  TOLERANCE=  0.00000    

       2157  ELEMENTS (OF     113313  DEFINED) SELECTED BY  ESEL  COMMAND.

 RESELECT     FOR ITEM=CENT COMPONENT=X     BETWEEN  0.0000     AND   1.0000    
   KABS=  0.  TOLERANCE=  0.00000    

        621  ELEMENTS (OF     113313  DEFINED) SELECTED BY  ESEL  COMMAND.

 RESELECT     FOR ITEM=CENT COMPONENT=Y     BETWEEN  0.0000     AND   180.00    
   KABS=  0.  TOLERANCE=  0.00000    

        621  ELEMENTS (OF     113313  DEFINED) SELECTED BY  ESEL  COMMAND.

 DEFINITION OF COMPONENT = LESC1     ENTITY=ELEM

 SELECT      COMPONENT LESC1                           

 *DO LOOP ON PARAMETER= I FROM  2.0000     TO  98.000     BY  1.0000    

 PARAMETER FI =     1.000000000    

 PARAMETER FF =     1.333333333    

 SELECT       FOR ITEM=CENT COMPONENT=Z     BETWEEN  1.0000     AND   1.3333    
   KABS=  0.  TOLERANCE=  0.00000    

        719  ELEMENTS (OF     113313  DEFINED) SELECTED BY  ESEL  COMMAND.

 RESELECT     FOR ITEM=CENT COMPONENT=X     BETWEEN  0.0000     AND   1.0000    
   KABS=  0.  TOLERANCE=  0.00000    

        207  ELEMENTS (OF     113313  DEFINED) SELECTED BY  ESEL  COMMAND.

 RESELECT     FOR ITEM=CENT COMPONENT=Y     BETWEEN  0.0000     AND   180.00    
   KABS=  0.  TOLERANCE=  0.00000    

        207  ELEMENTS (OF     113313  DEFINED) SELECTED BY  ESEL  COMMAND.

 DEFINITION OF COMPONENT = LESC2     ENTITY=ELEM

 SELECT      COMPONENT LESC2                           

 *IF  matrev                            ( =   2.00000     )  NE  
      0                                 ( =   0.00000     )  THEN    

 *IF  i                                 ( =   2.00000     )  EQ  
      2                                 ( =   2.00000     )  THEN    

 PARAMETER FI =     0.000000000    

 *ELSE

 *ENDIF

 PARAMETER FF =    0.3333333333    

 ALL SELECT   FOR ITEM=ELEM COMPONENT=    
  IN RANGE         1 TO     113313 STEP          1

     113313  ELEMENTS (OF     113313  DEFINED) SELECTED BY  ESEL  COMMAND.

 SELECT       FOR ITEM=CENT COMPONENT=Z     BETWEEN  0.0000     AND  0.33333    
   KABS=  0.  TOLERANCE=  0.00000    

        719  ELEMENTS (OF     113313  DEFINED) SELECTED BY  ESEL  COMMAND.

 RESELECT     FOR ITEM=CENT COMPONENT=X     BETWEEN 0.90000     AND   1.0000    
   KABS=  0.  TOLERANCE=  0.00000    

         64  ELEMENTS (OF     113313  DEFINED) SELECTED BY  ESEL  COMMAND.

 RESELECT     FOR ITEM=CENT COMPONENT=Y     BETWEEN  0.0000     AND   180.00    
   KABS=  0.  TOLERANCE=  0.00000    

         64  ELEMENTS (OF     113313  DEFINED) SELECTED BY  ESEL  COMMAND.

 RESELECT     FOR ITEM=MAT  COMPONENT=    
  IN RANGE         2 TO          2 STEP          1

         32  ELEMENTS (OF     113313  DEFINED) SELECTED BY  ESEL  COMMAND.

 SET MATERIAL OF SELECTED ELEMENTS TO     2

 DEFINITION OF COMPONENT = LREV1     ENTITY=ELEM

 SELECT      COMPONENT LREV1                           

 *ENDIF

 *IF  i                                 ( =   2.00000     )  EQ  
      nesc                              ( =   98.0000     )  THEN    

 *ENDIF

 *ENDDO  INDEX= I                               

 *** WARNING ***                         CP =      24.062   TIME= 12:50:10
 Overlapping elements will be generated due to zero node increment.      

 SELECT       FOR ITEM=CENT COMPONENT=Z     BETWEEN  0.0000     AND   33.333    
   KABS=  0.  TOLERANCE=  0.00000    

     103008  ELEMENTS (OF     113488  DEFINED) SELECTED BY  ESEL  COMMAND.

 RESELECT     FOR ITEM=CENT COMPONENT=X     BETWEEN  0.0000     AND   1.0000    
   KABS=  0.  TOLERANCE=  0.00000    

      33770  ELEMENTS (OF     113488  DEFINED) SELECTED BY  ESEL  COMMAND.

 RESELECT     FOR ITEM=CENT COMPONENT=Y     BETWEEN  0.0000     AND   180.00    
   KABS=  0.  TOLERANCE=  0.00000    

      33770  ELEMENTS (OF     113488  DEFINED) SELECTED BY  ESEL  COMMAND.

 DEFINITION OF COMPONENT = ESCTOTALLONGITUDINAL  ENTITY=ELEM

 ACTIVE COORDINATE SYSTEM SET TO          0  (CARTESIAN)  

 PARAMETER I =     1.000000000    

 COORDINATE SYSTEM         12 DEFINITION.  TYPE= 1  (CYLINDRICAL)
   XC,YC,ZC=  1.0000      0.0000      26.667    
   ANGLES=    0.00    0.00   90.00   PARAMETERS=   1.000   1.000
   ORIENTATION=  0.00  0.00 -1.00   0.00  1.00  0.00   1.00  0.00  0.00

 ACTIVE COORDINATE SYSTEM SET TO        12  (CYLINDRICAL)

 PARAMETER FI =    -1.000000000    

 PARAMETER FF =    0.6000000000    

 ALL SELECT   FOR ITEM=ELEM COMPONENT=    
  IN RANGE         1 TO     113488 STEP          1

     113488  ELEMENTS (OF     113488  DEFINED) SELECTED BY  ESEL  COMMAND.

 SELECT      COMPONENT VG1                             

 SELECT      ELEMENTS CREATED FROM SELECTED VOLUMES.

       2310  ELEMENTS (OF     113488  DEFINED) SELECTED FROM
       20 SELECTED VOLUMES BY  ESLV  COMMAND.

 RESELECT     FOR ITEM=CENT COMPONENT=Z     BETWEEN -1.0000     AND  0.60000    
   KABS=  0.  TOLERANCE=  0.00000    

       1526  ELEMENTS (OF     113488  DEFINED) SELECTED BY  ESEL  COMMAND.

 RESELECT     FOR ITEM=CENT COMPONENT=X     BETWEEN  0.0000     AND  0.66667    
   KABS=  0.  TOLERANCE=  0.00000    

       1526  ELEMENTS (OF     113488  DEFINED) SELECTED BY  ESEL  COMMAND.

 RESELECT     FOR ITEM=CENT COMPONENT=Y     BETWEEN  0.0000     AND   180.00    
   KABS=  0.  TOLERANCE=  0.00000    

       1526  ELEMENTS (OF     113488  DEFINED) SELECTED BY  ESEL  COMMAND.

 DEFINITION OF COMPONENT = T1ESC1    ENTITY=ELEM

 SELECT      COMPONENT T1ESC1                          

 *IF  matrev                            ( =   2.00000     )  NE  
      0                                 ( =   0.00000     )  THEN    

 ALL SELECT   FOR ITEM=ELEM COMPONENT=    
  IN RANGE         1 TO     113488 STEP          1

     113488  ELEMENTS (OF     113488  DEFINED) SELECTED BY  ESEL  COMMAND.

 SELECT      COMPONENT REVESTIMENTO1                   

 RESELECT     FOR ITEM=CENT COMPONENT=Z     BETWEEN -1.0000     AND  0.60000    
   KABS=  0.  TOLERANCE=  0.00000    

       3142  ELEMENTS (OF     113488  DEFINED) SELECTED BY  ESEL  COMMAND.

 RESELECT     FOR ITEM=CENT COMPONENT=X     BETWEEN  0.0000     AND  0.65667    
   KABS=  0.  TOLERANCE=  0.00000    

        366  ELEMENTS (OF     113488  DEFINED) SELECTED BY  ESEL  COMMAND.

 RESELECT     FOR ITEM=CENT COMPONENT=Y     BETWEEN  0.0000     AND   180.00    
   KABS=  0.  TOLERANCE=  0.00000    

        366  ELEMENTS (OF     113488  DEFINED) SELECTED BY  ESEL  COMMAND.

 DEFINITION OF COMPONENT = T1ESCENT  ENTITY=ELEM

 SELECT      COMPONENT T1ESCENT                        

 *ENDIF

 *IF  escavagaleria                     ( =   1.00000     )  EQ  
      1                                 ( =   1.00000     )  THEN    

 *DO LOOP ON PARAMETER= I FROM  2.0000     TO  3.0000     BY  1.0000    

 PARAMETER FI =    0.6000000000    

 PARAMETER FF =    0.8000000000    

 SELECT       FOR ITEM=CENT COMPONENT=Z     BETWEEN 0.60000     AND  0.80000    
   KABS=  0.  TOLERANCE=  0.00000    

       3384  ELEMENTS (OF     113488  DEFINED) SELECTED BY  ESEL  COMMAND.

 RESELECT     FOR ITEM=CENT COMPONENT=X     BETWEEN  0.0000     AND  0.65667    
   KABS=  0.  TOLERANCE=  0.00000    

        576  ELEMENTS (OF     113488  DEFINED) SELECTED BY  ESEL  COMMAND.

 RESELECT     FOR ITEM=CENT COMPONENT=Y     BETWEEN  0.0000     AND   180.00    
   KABS=  0.  TOLERANCE=  0.00000    

        576  ELEMENTS (OF     113488  DEFINED) SELECTED BY  ESEL  COMMAND.

 DEFINITION OF COMPONENT = T1ESC2    ENTITY=ELEM

 SELECT      COMPONENT T1ESC2                          

 *IF  matrev                            ( =   2.00000     )  NE  
      0                                 ( =   0.00000     )  THEN    

 *IF  i                                 ( =   2.00000     )  EQ  
      2                                 ( =   2.00000     )  THEN    

 PARAMETER FI =    -1.000000000    

 *ELSE

 *ENDIF

 *IF  i                                 ( =   2.00000     )  EQ  
      nesc1                             ( =   3.00000     )  THEN    

 *ELSE

 PARAMETER FF =    0.2000000000    

 *ENDIF

 ALL SELECT   FOR ITEM=ELEM COMPONENT=    
  IN RANGE         1 TO     113488 STEP          1

     113488  ELEMENTS (OF     113488  DEFINED) SELECTED BY  ESEL  COMMAND.

 SELECT      COMPONENT REVESTIMENTO2                   

 RESELECT     FOR ITEM=CENT COMPONENT=Z     BETWEEN -1.0000     AND  0.20000    
   KABS=  0.  TOLERANCE=  0.00000    

        278  ELEMENTS (OF     113488  DEFINED) SELECTED BY  ESEL  COMMAND.

 RESELECT     FOR ITEM=CENT COMPONENT=X     BETWEEN 0.56667     AND  0.65667    
   KABS=  0.  TOLERANCE=  0.00000    

        278  ELEMENTS (OF     113488  DEFINED) SELECTED BY  ESEL  COMMAND.

 RESELECT     FOR ITEM=CENT COMPONENT=Y     BETWEEN  0.0000     AND   180.00    
   KABS=  0.  TOLERANCE=  0.00000    

        278  ELEMENTS (OF     113488  DEFINED) SELECTED BY  ESEL  COMMAND.

 SET MATERIAL OF SELECTED ELEMENTS TO    99

 DEFINITION OF COMPONENT = T1REV1    ENTITY=ELEM

 SELECT      COMPONENT T1REV1                          

 *ELSE

 *ENDIF

 *ENDDO  INDEX= I                               

 *ENDIF

 ACTIVE COORDINATE SYSTEM SET TO          0  (CARTESIAN)  


 ***** ROUTINE COMPLETED *****  CP =        24.844



 *****  ANSYS SOLUTION ROUTINE  *****

 view point for window  1    0.0000     -1.0000      0.0000    

 ROTATION ANGLE FOR WINDOW 1 IS     0.00 ABOUT AXIS ZS

 CUMULATIVE ROTATION ANGLE FOR WINDOW 1 IS    30.00 ABOUT AXIS XS

 NEW VIEW SETTINGS FOR WINDOW 1 SET TO:
   VIEW POINT IS   0.0000    -0.86603     0.50000    
   ROTATION ABOUT ZS AXIS IS     0.00 DEGREES

 CUMULATIVE ROTATION ANGLE FOR WINDOW 1 IS    30.00 ABOUT AXIS XS

 NEW VIEW SETTINGS FOR WINDOW 1 SET TO:
   VIEW POINT IS   0.0000    -0.50000     0.86603    
   ROTATION ABOUT ZS AXIS IS     0.00 DEGREES

 CUMULATIVE ROTATION ANGLE FOR WINDOW 1 IS   -30.00 ABOUT AXIS YS

 NEW VIEW SETTINGS FOR WINDOW 1 SET TO:
   VIEW POINT IS  0.50000    -0.43301     0.75000    
   ROTATION ABOUT ZS AXIS IS   -16.10 DEGREES

 DISTANCE MULTIPLIER FOR WINDOW 1  0.7290    

 DISTANCE FOR WINDOW 1   0.000    

 DISTANCE MULTIPLIER FOR WINDOW 1  0.7290    

 DISTANCE FOR WINDOW 1   0.000    

 *IF  nlg                               ( =   0.00000     )  EQ  
      0                                 ( =   0.00000     )  THEN    

 SMALL DEFORMATION ANALYSIS

 *ELSEIF  nlg                               ( =   0.00000     )  EQ  
          1                                 ( =   1.00000     )  THEN    

 *ENDIF

 *IF  nr                                ( =   2.00000     )  EQ  
      1                                 ( =   1.00000     )  THEN    

 *ELSEIF  nr                                ( =   2.00000     )  EQ  
          2                                 ( =   2.00000     )  THEN    

 USE THE FULL NEWTON-RAPHSON OPTION FOR  ALL DEGREES OF FREEDOM
   AND USE THE DEFAULT ADAPTIVE DESCENT OPTION

 *ELSEIF  nr                                ( =   2.00000     )  EQ  
          3                                 ( =   3.00000     )  THEN    

 *ENDIF

 *IF  psc                               ( =   1.00000     )  EQ  
      0                                 ( =   0.00000     )  THEN    

 *ELSEIF  nlg                               ( =   0.00000     )  EQ  
          1                                 ( =   1.00000     )  THEN    

 *ENDIF
 MAXIMUM PLASTIC STRAIN STEP ALLOWED =  0.9900000    

 SELECT ALL ENTITIES OF TYPE= ALL  AND BELOW

 WRITE ESOL ITEMS TO THE DATABASE WITH A FREQUENCY OF LAST
   FOR ALL APPLICABLE ENTITIES

 WRITE SVAR ITEMS TO THE DATABASE WITH A FREQUENCY OF ALL 
   FOR ALL APPLICABLE ENTITIES

 *** NOTE ***                            CP =      24.891   TIME= 12:50:10
 Write parameters to file= parametros.txt.                               

 *** NOTE ***                            CP =      24.891   TIME= 12:50:10
 Parameters written.  Lines= 147.                                        

 UNIFORM TEMPERATURE=    20.000  (TREF=     0.000)

 SELECT ALL ENTITIES OF TYPE= ALL  AND BELOW

 *IF  matrev                            ( =   2.00000     )  NE  
      0                                 ( =   0.00000     )  THEN    

 SELECT      COMPONENT REVESTIMENTO1                   

 ALSO SELECT COMPONENT REVESTIMENTO2                   

 KILL ALL CURRENTLY SELECTED ELEMENTS

 *IF  revesteface                       ( =   1.00000     )  EQ  
      1                                 ( =   1.00000     )  THEN    

 SELECT      COMPONENT LREVFACE                        

 KILL ALL CURRENTLY SELECTED ELEMENTS

 *ENDIF

 *ENDIF

 *IF  soleq                             ( =   0.00000     )  EQ  
      1                                 ( =   1.00000     )  THEN    

 *ENDIF

 PARAMETER NANALISES =     0.000000000    

 PARAMETER NANALISES =     101.0000000    

 *IF  analise2                          ( =   1.00000     )  EQ  
      1                                 ( =   1.00000     )  THEN    

 PARAMETER NANALISES =     131.0000000    

 *ENDIF

 *IF  analise2                          ( =   1.00000     )  EQ  
      1                                 ( =   1.00000     )  THEN    

 SET PARAMETER DIMENSIONS ON  CRITERIO TYPE=TABL  DIMENSIONS=   131     3     1
                              

 *ENDIF

 PARAMETER UATUAL =     0.000000000    

 COORDINATE SYSTEM         11 DEFINITION.  TYPE= 1  (CYLINDRICAL)
   XC,YC,ZC=  0.0000      0.0000      43.333    
   ANGLES=    0.00    0.00    0.00   PARAMETERS=   1.000   1.000
   ORIENTATION=  1.00  0.00  0.00   0.00  1.00  0.00   0.00  0.00  1.00

 ACTIVE COORDINATE SYSTEM SET TO        11  (CYLINDRICAL)

 ACTIVE COORDINATE SYSTEM SET TO         11  (CYLINDRICAL)

 SELECT ALL ENTITIES OF TYPE= ALL  AND BELOW

 SELECT       FOR ITEM=LOC  COMPONENT=X     BETWEEN 0.99000     AND   1.0100    
   KABS=  0.  TOLERANCE= 0.200000E-09

       5628  NODES (OF     123580  DEFINED) SELECTED BY  NSEL  COMMAND.

 RESELECT     FOR ITEM=LOC  COMPONENT=Y     BETWEEN  89.990     AND   90.010    
   KABS=  0.  TOLERANCE= 0.200000E-09

        156  NODES (OF     123580  DEFINED) SELECTED BY  NSEL  COMMAND.

 RESELECT     FOR ITEM=LOC  COMPONENT=Z     BETWEEN  0.0000     AND   0.0000    
   KABS=  0.  TOLERANCE= 0.100000E-05

          1  NODES (OF     123580  DEFINED) SELECTED BY  NSEL  COMMAND.

 RESELECT    ALL NODES HAVING ANY ELEMENT IN ELEMENT SET.
 CONSIDER ONLY CORNER NODES

          1 NODES (OF     123580  DEFINED) SELECTED FROM
   113488 SELECTED ELEMENTS BY NSLE COMMAND.

 ACTIVE COORDINATE SYSTEM SET TO          0  (CARTESIAN)  

 *GET  NOCONTROLE  FROM  NODE  ITEM=NUM  MAX   VALUE=  2183.00000     

 SELECT ALL ENTITIES OF TYPE= ALL  AND BELOW
 You have already entered solution.  The /SOLUTION command is ignored.   

 *IF  matmacico                         ( =   8.00000     )  LE  
      1                                 ( =   1.00000     )          
 *****  AND   *****
      matrev                            ( =   2.00000     )  EQ  
      0                                 ( =   0.00000     )  THEN    

 *ELSE


 PERFORM A STATIC ANALYSIS
  THIS WILL BE A NEW ANALYSIS

 PARAMETER I =     1.000000000    

 SELECT      COMPONENT LESC1                           

 KILL ALL CURRENTLY SELECTED ELEMENTS

 SELECT       FOR ITEM=LIVE COMPONENT=    
  IN RANGE         1 TO     113488 STEP          1

     105670  ELEMENTS (OF     113488  DEFINED) SELECTED BY  ESEL  COMMAND.

 TIME= 0.80000E-01

 USE INITIAL TIME STEP SIZE OF 0.1333333E-01 FOR ALL  DEGREES OF FREEDOM
 FOR AUTOMATIC TIME STEPPING:
   USE  0.000000     AS THE MINIMUM TIME STEP SIZE
   USE 0.1333333E-01 AS THE MAXIMUM TIME STEP SIZE

 ALL SELECT   FOR ITEM=ELEM COMPONENT=    
  IN RANGE         1 TO     113488 STEP          1

     113488  ELEMENTS (OF     113488  DEFINED) SELECTED BY  ESEL  COMMAND.

 *****  ANSYS SOLVE    COMMAND  *****

 TRANSFER SOLID MODEL BOUNDARY CONDITIONS TO FINITE ELEMENT MODEL
      CONSTRAINTS    TRANSFERRED FROM AREAS         =    854
      SYMM/ASYM CONSTRAINTS      FROM AREAS         =  12716
      SURFACE LOADS  TRANSFERRED FROM AREAS         =   3447

 *** WARNING ***                         CP =      26.312   TIME= 12:50:10
 SOLID185 wedges are recommended only in regions of relatively low       
 stress gradients.                                                       

 *** WARNING ***                         CP =      26.438   TIME= 12:50:10
 Previous testing revealed that 70 of the 113488 selected elements       
 violate shape warning limits.  To review warning messages, please see   
 the output or error file, or issue the CHECK command.                   

 *** NOTE ***                            CP =      26.438   TIME= 12:50:10
 The model data was checked and warning messages were found.             
  Please review output or errors file (                                  
 C:\gitprojects\tunnel_analysis\ANALYSIS\ANALISES_02\EPVP_CRVE_CG_D1_4RE 
 E_VM\file.err ) for these warning messages.                             

 *** SELECTION OF ELEMENT TECHNOLOGIES FOR APPLICABLE ELEMENTS ***
                ---GIVE SUGGESTIONS ONLY---

 ELEMENT TYPE         1 IS SOLID185. IT IS ASSOCIATED WITH ELASTOPLASTIC MATERIALS
 ONLY. KEYOPT(2)=2 IS SUGGESTED.

 ELEMENT TYPE         2 IS SOLID186. KEYOPT(2) IS ALREADY SET AS SUGGESTED.



 *** ANSYS - ENGINEERING ANALYSIS SYSTEM  RELEASE 2022 R1          22.1     ***
 Ansys Mechanical Enterprise                       
 00000000  VERSION=WINDOWS x64   12:50:10  SEP 24, 2024 CP=     26.703

  Re=1 matmacico=8 E1=1500 pr=%pr% matrev=2 E2=30303.3845 vp=12.5              

 Note - This ANSYS version was linked by Licensee

                       S O L U T I O N   O P T I O N S

   PROBLEM DIMENSIONALITY. . . . . . . . . . . . .3-D                  
   DEGREES OF FREEDOM. . . . . . UX   UY   UZ  
   ANALYSIS TYPE . . . . . . . . . . . . . . . . .STATIC (STEADY-STATE)
   PLASTIC MATERIAL PROPERTIES INCLUDED. . . . . .YES
   NEWTON-RAPHSON OPTION . . . . . . . . . . . . .FULL             
   GLOBALLY ASSEMBLED MATRIX . . . . . . . . . . .SYMMETRIC  

 *** WARNING ***                         CP =      27.188   TIME= 12:50:10
 ANSYS,INC.-supplied version of coding for USERCK has been used.         

 *** WARNING ***                         CP =      27.188   TIME= 12:50:10
 ANSYS,INC.-supplied version of coding for USERCK has been used.         

 *** WARNING ***                         CP =      27.188   TIME= 12:50:10
 ANSYS,INC.-supplied version of coding for USERCK has been used.         

 *** WARNING ***                         CP =      27.188   TIME= 12:50:10
 ANSYS,INC.-supplied version of coding for USERCK has been used.         

 *** WARNING ***                         CP =      27.188   TIME= 12:50:10
 ANSYS,INC.-supplied version of coding for USERCK has been used.         

 *** WARNING ***                         CP =      27.188   TIME= 12:50:10
 ANSYS,INC.-supplied version of coding for USERCK has been used.         

 *** WARNING ***                         CP =      27.188   TIME= 12:50:10
 ANSYS,INC.-supplied version of coding for USERCK has been used.         

 *** WARNING ***                         CP =      27.188   TIME= 12:50:10
 ANSYS,INC.-supplied version of coding for USERCK has been used.         

 *** WARNING ***                         CP =      27.188   TIME= 12:50:10
 ANSYS,INC.-supplied version of coding for USERCK has been used.         

 *** WARNING ***                         CP =      27.188   TIME= 12:50:10
 ANSYS,INC.-supplied version of coding for USERCK has been used.         

 *** WARNING ***                         CP =      27.188   TIME= 12:50:10
 ANSYS,INC.-supplied version of coding for USERCK has been used.         

 *** WARNING ***                         CP =      27.188   TIME= 12:50:10
 ANSYS,INC.-supplied version of coding for USERCK has been used.         

 *** WARNING ***                         CP =      27.188   TIME= 12:50:10
 ANSYS,INC.-supplied version of coding for USERCK has been used.         

 *** WARNING ***                         CP =      27.188   TIME= 12:50:10
 ANSYS,INC.-supplied version of coding for USERCK has been used.         

 *** WARNING ***                         CP =      27.188   TIME= 12:50:10
 ANSYS,INC.-supplied version of coding for USERCK has been used.         

 *** WARNING ***                         CP =      27.188   TIME= 12:50:10
 ANSYS,INC.-supplied version of coding for USERCK has been used.         

 *** WARNING ***                         CP =      27.188   TIME= 12:50:10
 ANSYS,INC.-supplied version of coding for USERCK has been used.         

 *** WARNING ***                         CP =      27.188   TIME= 12:50:10
 ANSYS,INC.-supplied version of coding for USERCK has been used.         

 *** WARNING ***                         CP =      27.188   TIME= 12:50:10
 ANSYS,INC.-supplied version of coding for USERCK has been used.         

 *** WARNING ***                         CP =      27.188   TIME= 12:50:10
 ANSYS,INC.-supplied version of coding for USERCK has been used.         

 *** WARNING ***                         CP =      27.188   TIME= 12:50:10
 ANSYS,INC.-supplied version of coding for USERCK has been used.         

 *** WARNING ***                         CP =      27.188   TIME= 12:50:10
 ANSYS,INC.-supplied version of coding for USERCK has been used.         

 *** WARNING ***                         CP =      27.188   TIME= 12:50:10
 ANSYS,INC.-supplied version of coding for USERCK has been used.         

 *** WARNING ***                         CP =      27.188   TIME= 12:50:10
 ANSYS,INC.-supplied version of coding for USERCK has been used.         

 *** WARNING ***                         CP =      27.188   TIME= 12:50:10
 ANSYS,INC.-supplied version of coding for USERCK has been used.         

 *** WARNING ***                         CP =      27.188   TIME= 12:50:10
 ANSYS,INC.-supplied version of coding for USERCK has been used.         

 *** WARNING ***                         CP =      27.188   TIME= 12:50:10
 ANSYS,INC.-supplied version of coding for USERCK has been used.         

 *** WARNING ***                         CP =      27.188   TIME= 12:50:10
 ANSYS,INC.-supplied version of coding for USERCK has been used.         

 *** WARNING ***                         CP =      27.188   TIME= 12:50:10
 ANSYS,INC.-supplied version of coding for USERCK has been used.         

 *** WARNING ***                         CP =      27.188   TIME= 12:50:10
 ANSYS,INC.-supplied version of coding for USERCK has been used.         

 *** WARNING ***                         CP =      27.188   TIME= 12:50:10
 ANSYS,INC.-supplied version of coding for USERCK has been used.         

 *** WARNING ***                         CP =      27.188   TIME= 12:50:10
 ANSYS,INC.-supplied version of coding for USERCK has been used.         

 *** WARNING ***                         CP =      27.188   TIME= 12:50:10
 ANSYS,INC.-supplied version of coding for USERCK has been used.         

 *** WARNING ***                         CP =      27.188   TIME= 12:50:10
 ANSYS,INC.-supplied version of coding for USERCK has been used.         

 *** WARNING ***                         CP =      27.188   TIME= 12:50:10
 ANSYS,INC.-supplied version of coding for USERCK has been used.         

 *** WARNING ***                         CP =      27.188   TIME= 12:50:10
 ANSYS,INC.-supplied version of coding for USERCK has been used.         

 *** WARNING ***                         CP =      27.188   TIME= 12:50:10
 ANSYS,INC.-supplied version of coding for USERCK has been used.         

 *** WARNING ***                         CP =      27.188   TIME= 12:50:10
 ANSYS,INC.-supplied version of coding for USERCK has been used.         

 *** WARNING ***                         CP =      27.188   TIME= 12:50:10
 ANSYS,INC.-supplied version of coding for USERCK has been used.         

 *** WARNING ***                         CP =      27.188   TIME= 12:50:10
 ANSYS,INC.-supplied version of coding for USERCK has been used.         

 *** WARNING ***                         CP =      27.188   TIME= 12:50:10
 ANSYS,INC.-supplied version of coding for USERCK has been used.         

 *** WARNING ***                         CP =      27.188   TIME= 12:50:10
 ANSYS,INC.-supplied version of coding for USERCK has been used.         

 *** WARNING ***                         CP =      27.188   TIME= 12:50:10
 ANSYS,INC.-supplied version of coding for USERCK has been used.         

 *** WARNING ***                         CP =      27.188   TIME= 12:50:10
 ANSYS,INC.-supplied version of coding for USERCK has been used.         

 *** WARNING ***                         CP =      27.188   TIME= 12:50:10
 ANSYS,INC.-supplied version of coding for USERCK has been used.         

 *** WARNING ***                         CP =      27.188   TIME= 12:50:10
 ANSYS,INC.-supplied version of coding for USERCK has been used.         

 *** WARNING ***                         CP =      27.188   TIME= 12:50:10
 ANSYS,INC.-supplied version of coding for USERCK has been used.         

 *** WARNING ***                         CP =      27.188   TIME= 12:50:10
 ANSYS,INC.-supplied version of coding for USERCK has been used.         

 *** WARNING ***                         CP =      27.188   TIME= 12:50:10
 ANSYS,INC.-supplied version of coding for USERCK has been used.         

 *** WARNING ***                         CP =      27.188   TIME= 12:50:10
 ANSYS,INC.-supplied version of coding for USERCK has been used.         

 *** WARNING ***                         CP =      27.188   TIME= 12:50:10
 ANSYS,INC.-supplied version of coding for USERCK has been used.         

 *** WARNING ***                         CP =      27.188   TIME= 12:50:10
 ANSYS,INC.-supplied version of coding for USERCK has been used.         

 *** WARNING ***                         CP =      27.188   TIME= 12:50:10
 ANSYS,INC.-supplied version of coding for USERCK has been used.         

 *** WARNING ***                         CP =      27.188   TIME= 12:50:10
 ANSYS,INC.-supplied version of coding for USERCK has been used.         

 *** WARNING ***                         CP =      27.188   TIME= 12:50:10
 ANSYS,INC.-supplied version of coding for USERCK has been used.         

 *** WARNING ***                         CP =      27.188   TIME= 12:50:10
 ANSYS,INC.-supplied version of coding for USERCK has been used.         

 *** WARNING ***                         CP =      27.188   TIME= 12:50:10
 ANSYS,INC.-supplied version of coding for USERCK has been used.         

 *** WARNING ***                         CP =      27.188   TIME= 12:50:10
 ANSYS,INC.-supplied version of coding for USERCK has been used.         

 *** WARNING ***                         CP =      27.188   TIME= 12:50:10
 ANSYS,INC.-supplied version of coding for USERCK has been used.         

 *** WARNING ***                         CP =      27.188   TIME= 12:50:10
 ANSYS,INC.-supplied version of coding for USERCK has been used.         

 *** WARNING ***                         CP =      27.188   TIME= 12:50:10
 ANSYS,INC.-supplied version of coding for USERCK has been used.         

 *** WARNING ***                         CP =      27.188   TIME= 12:50:10
 ANSYS,INC.-supplied version of coding for USERCK has been used.         

 *** WARNING ***                         CP =      27.188   TIME= 12:50:10
 ANSYS,INC.-supplied version of coding for USERCK has been used.         

 *** WARNING ***                         CP =      27.188   TIME= 12:50:10
 ANSYS,INC.-supplied version of coding for USERCK has been used.         

 *** WARNING ***                         CP =      27.188   TIME= 12:50:10
 ANSYS,INC.-supplied version of coding for USERCK has been used.         

 *** WARNING ***                         CP =      27.188   TIME= 12:50:10
 ANSYS,INC.-supplied version of coding for USERCK has been used.         

 *** WARNING ***                         CP =      27.188   TIME= 12:50:10
 ANSYS,INC.-supplied version of coding for USERCK has been used.         

 *** WARNING ***                         CP =      27.188   TIME= 12:50:10
 ANSYS,INC.-supplied version of coding for USERCK has been used.         

 *** WARNING ***                         CP =      27.188   TIME= 12:50:10
 ANSYS,INC.-supplied version of coding for USERCK has been used.         

 *** WARNING ***                         CP =      27.188   TIME= 12:50:10
 ANSYS,INC.-supplied version of coding for USERCK has been used.         

 *** WARNING ***                         CP =      27.188   TIME= 12:50:10
 ANSYS,INC.-supplied version of coding for USERCK has been used.         

 *** WARNING ***                         CP =      27.188   TIME= 12:50:10
 ANSYS,INC.-supplied version of coding for USERCK has been used.         

 *** WARNING ***                         CP =      27.188   TIME= 12:50:10
 ANSYS,INC.-supplied version of coding for USERCK has been used.         

 *** WARNING ***                         CP =      27.188   TIME= 12:50:10
 ANSYS,INC.-supplied version of coding for USERCK has been used.         

 *** WARNING ***                         CP =      27.188   TIME= 12:50:10
 ANSYS,INC.-supplied version of coding for USERCK has been used.         

 *** WARNING ***                         CP =      27.188   TIME= 12:50:10
 ANSYS,INC.-supplied version of coding for USERCK has been used.         

 *** WARNING ***                         CP =      27.188   TIME= 12:50:10
 ANSYS,INC.-supplied version of coding for USERCK has been used.         

 *** WARNING ***                         CP =      27.188   TIME= 12:50:10
 ANSYS,INC.-supplied version of coding for USERCK has been used.         

 *** WARNING ***                         CP =      27.188   TIME= 12:50:10
 ANSYS,INC.-supplied version of coding for USERCK has been used.         

 *** WARNING ***                         CP =      27.188   TIME= 12:50:10
 ANSYS,INC.-supplied version of coding for USERCK has been used.         

 *** WARNING ***                         CP =      27.188   TIME= 12:50:10
 ANSYS,INC.-supplied version of coding for USERCK has been used.         

 *** WARNING ***                         CP =      27.188   TIME= 12:50:10
 ANSYS,INC.-supplied version of coding for USERCK has been used.         

 *** WARNING ***                         CP =      27.188   TIME= 12:50:10
 ANSYS,INC.-supplied version of coding for USERCK has been used.         

 *** WARNING ***                         CP =      27.188   TIME= 12:50:10
 ANSYS,INC.-supplied version of coding for USERCK has been used.         

 *** WARNING ***                         CP =      27.188   TIME= 12:50:10
 ANSYS,INC.-supplied version of coding for USERCK has been used.         

 *** WARNING ***                         CP =      27.188   TIME= 12:50:10
 ANSYS,INC.-supplied version of coding for USERCK has been used.         

 *** WARNING ***                         CP =      27.188   TIME= 12:50:10
 ANSYS,INC.-supplied version of coding for USERCK has been used.         

 *** WARNING ***                         CP =      27.188   TIME= 12:50:10
 ANSYS,INC.-supplied version of coding for USERCK has been used.         

 *** WARNING ***                         CP =      27.188   TIME= 12:50:10
 ANSYS,INC.-supplied version of coding for USERCK has been used.         

 *** WARNING ***                         CP =      27.188   TIME= 12:50:10
 ANSYS,INC.-supplied version of coding for USERCK has been used.         

 *** WARNING ***                         CP =      27.188   TIME= 12:50:10
 ANSYS,INC.-supplied version of coding for USERCK has been used.         

 *** WARNING ***                         CP =      27.188   TIME= 12:50:10
 ANSYS,INC.-supplied version of coding for USERCK has been used.         

 *** WARNING ***                         CP =      27.188   TIME= 12:50:10
 ANSYS,INC.-supplied version of coding for USERCK has been used.         

 *** WARNING ***                         CP =      27.188   TIME= 12:50:10
 ANSYS,INC.-supplied version of coding for USERCK has been used.         

 *** WARNING ***                         CP =      27.188   TIME= 12:50:10
 ANSYS,INC.-supplied version of coding for USERCK has been used.         

 *** WARNING ***                         CP =      27.188   TIME= 12:50:10
 ANSYS,INC.-supplied version of coding for USERCK has been used.         

 *** WARNING ***                         CP =      27.188   TIME= 12:50:10
 ANSYS,INC.-supplied version of coding for USERCK has been used.         

 *** WARNING ***                         CP =      27.188   TIME= 12:50:10
 ANSYS,INC.-supplied version of coding for USERCK has been used.         

 *** WARNING ***                         CP =      27.188   TIME= 12:50:10
 ANSYS,INC.-supplied version of coding for USERCK has been used.         

 *** WARNING ***                         CP =      27.188   TIME= 12:50:10
 ANSYS,INC.-supplied version of coding for USERCK has been used.         

 *** WARNING ***                         CP =      27.188   TIME= 12:50:10
 ANSYS,INC.-supplied version of coding for USERCK has been used.         

 *** NOTE ***                            CP =      27.297   TIME= 12:50:11
 The step data was checked and warning messages were found.              
  Please review output or errors file (                                  
 C:\gitprojects\tunnel_analysis\ANALYSIS\ANALISES_02\EPVP_CRVE_CG_D1_4RE 
 E_VM\file.err ) for these warning messages.                             

 *** NOTE ***                            CP =      27.297   TIME= 12:50:11
 The conditions for direct assembly have been met.  No .emat or .erot    
 files will be produced.                                                 

                      L O A D   S T E P   O P T I O N S

   LOAD STEP NUMBER. . . . . . . . . . . . . . . .     1
   TIME AT END OF THE LOAD STEP. . . . . . . . . . 0.80000E-01
   AUTOMATIC TIME STEPPING . . . . . . . . . . . .    ON
      STARTING TIME STEP SIZE. . . . . . . . . . . 0.13333E-01
      MINIMUM TIME STEP SIZE . . . . . . . . . . . 0.13333E-03
      MAXIMUM TIME STEP SIZE . . . . . . . . . . . 0.13333E-01
   MAXIMUM NUMBER OF EQUILIBRIUM ITERATIONS. . . .    15
   STEP CHANGE BOUNDARY CONDITIONS . . . . . . . .    NO
   TERMINATE ANALYSIS IF NOT CONVERGED . . . . . .YES (EXIT)  
   CONVERGENCE CONTROLS. . . . . . . . . . . . . .USE DEFAULTS
   COPY INTEGRATION POINT VALUES TO NODE . . . . .YES, FOR ELEMENTS WITH
                                                  ACTIVE MAT. NONLINEARITIES
   PRINT OUTPUT CONTROLS . . . . . . . . . . . . .NO PRINTOUT
   DATABASE OUTPUT CONTROLS
      ITEM     FREQUENCY   COMPONENT
      ESOL       LAST               
      SVAR        ALL               


 SOLUTION MONITORING INFO IS WRITTEN TO FILE= file.mntr                                                                                                                                                                                                                                                           


 Range of element maximum matrix coefficients in global coordinates
 Maximum = 229158.152 at element 30123.                                  
 Minimum = 567.121876 at element 107909.                                 

   *** ELEMENT MATRIX FORMULATION TIMES
     TYPE    NUMBER   ENAME      TOTAL CP  AVE CP

        1     78932  SOLID185     65.891   0.000835
        2     34556  SOLID186     29.500   0.000854
 Time at end of element matrix formulation CP = 45.4375.                 

 ALL CURRENT ANSYS DATA WRITTEN TO FILE NAME= file.rdb
  FOR POSSIBLE RESUME FROM THIS POINT
     FORCE CONVERGENCE VALUE  =   426.3      CRITERION=   2.419    

 *** NOTE ***                            CP =      49.094   TIME= 12:50:14
 The initial memory allocation (-m) has been exceeded.                   
  Supplemental memory allocations are being used.                        

 SPARSE MATRIX DIRECT SOLVER.
  Number of equations =      359085,    Maximum wavefront =    273
  Memory allocated for solver              =  4005.130 MB
  Memory required for in-core solution     =  3826.518 MB
  Memory required for out-of-core solution =   799.843 MB

 *** NOTE ***                            CP =      50.375   TIME= 12:50:15
 The Sparse Matrix Solver is currently running in the in-core memory     
 mode.  This memory mode uses the most amount of memory in order to      
 avoid using the hard drive as much as possible, which most often        
 results in the fastest solution time.  This mode is recommended if      
 enough physical memory is present to accommodate all of the solver      
 data.                                                                   
 Sparse solver maximum pivot= 996242.962 at node 38658 UZ.               
 Sparse solver minimum pivot= 1.004148678E-04 at node 1424 UX.           
 Sparse solver minimum pivot in absolute value= 1.004148678E-04 at node  
 1424 UX.                                                                
     DISP CONVERGENCE VALUE   =  0.1128E-02  CRITERION=  0.5754E-04
    EQUIL ITER   1 COMPLETED.  NEW TRIANG MATRIX.  MAX DOF INC=  0.1128E-02
     FORCE CONVERGENCE VALUE  =  0.1004E-03  CRITERION=  0.6008     <<< CONVERGED
     DISP CONVERGENCE VALUE   =  0.2441E-06  CRITERION=  0.5873E-04 <<< CONVERGED
    EQUIL ITER   2 COMPLETED.  NEW TRIANG MATRIX.  MAX DOF INC =  0.2441E-06
    >>> SOLUTION CONVERGED AFTER EQUILIBRIUM ITERATION   2

   *** ELEMENT RESULT CALCULATION TIMES
     TYPE    NUMBER   ENAME      TOTAL CP  AVE CP

        1     78932  SOLID185     57.953   0.000734
        2     34556  SOLID186     19.078   0.000552

   *** NODAL LOAD CALCULATION TIMES
     TYPE    NUMBER   ENAME      TOTAL CP  AVE CP

        1     78932  SOLID185      0.844   0.000011
        2     34556  SOLID186      0.500   0.000014
 *** LOAD STEP     1   SUBSTEP     1  COMPLETED.    CUM ITER =      2
 *** TIME =  0.133333E-01     TIME INC =  0.133333E-01
 *** AUTO STEP TIME:  NEXT TIME INC = 0.13333E-01  UNCHANGED

     FORCE CONVERGENCE VALUE  =   511.5      CRITERION=   1.809    
     DISP CONVERGENCE VALUE   =  0.1040E-02  CRITERION=  0.5878E-04
    EQUIL ITER   1 COMPLETED.  NEW TRIANG MATRIX.  MAX DOF INC=  0.1040E-02
     FORCE CONVERGENCE VALUE  =  0.3198E-05  CRITERION=   1.202     <<< CONVERGED
     DISP CONVERGENCE VALUE   =  0.6966E-08  CRITERION=  0.5998E-04 <<< CONVERGED
    EQUIL ITER   2 COMPLETED.  NEW TRIANG MATRIX.  MAX DOF INC =  0.6966E-08
    >>> SOLUTION CONVERGED AFTER EQUILIBRIUM ITERATION   2
 *** LOAD STEP     1   SUBSTEP     2  COMPLETED.    CUM ITER =      4
 *** TIME =  0.266667E-01     TIME INC =  0.133333E-01
 *** AUTO STEP TIME:  NEXT TIME INC = 0.13333E-01  UNCHANGED

     FORCE CONVERGENCE VALUE  =  0.3148E-01  CRITERION=   1.766    
     DISP CONVERGENCE VALUE   =  0.2702E-04  CRITERION=  0.5897E-04 <<< CONVERGED
    EQUIL ITER   1 COMPLETED.  NEW TRIANG MATRIX.  MAX DOF INC=  0.2702E-04
     FORCE CONVERGENCE VALUE  =  0.1328E-01  CRITERION=   1.802     <<< CONVERGED
    >>> SOLUTION CONVERGED AFTER EQUILIBRIUM ITERATION   1
 *** LOAD STEP     1   SUBSTEP     3  COMPLETED.    CUM ITER =      5
 *** TIME =  0.400000E-01     TIME INC =  0.133333E-01
 *** MAX PLASTIC STRAIN STEP = 0.8897E-03   CRITERION = 0.9900    
 *** AUTO STEP TIME:  NEXT TIME INC = 0.13333E-01  UNCHANGED

     FORCE CONVERGENCE VALUE  =  0.3342      CRITERION=   2.355    
     DISP CONVERGENCE VALUE   =  0.2340E-03  CRITERION=  0.6166E-04
    EQUIL ITER   1 COMPLETED.  NEW TRIANG MATRIX.  MAX DOF INC=  0.2340E-03
     FORCE CONVERGENCE VALUE  =  0.1208      CRITERION=   2.403     <<< CONVERGED
     DISP CONVERGENCE VALUE   =  0.1001E-03  CRITERION=  0.6515E-04
    EQUIL ITER   2 COMPLETED.  NEW TRIANG MATRIX.  MAX DOF INC= -0.1001E-03
     FORCE CONVERGENCE VALUE  =  0.4899E-01  CRITERION=   2.452     <<< CONVERGED
     DISP CONVERGENCE VALUE   =  0.4606E-04  CRITERION=  0.6735E-04 <<< CONVERGED
    EQUIL ITER   3 COMPLETED.  NEW TRIANG MATRIX.  MAX DOF INC =  0.4606E-04
    >>> SOLUTION CONVERGED AFTER EQUILIBRIUM ITERATION   3
 *** LOAD STEP     1   SUBSTEP     4  COMPLETED.    CUM ITER =      8
 *** TIME =  0.533333E-01     TIME INC =  0.133333E-01
 *** MAX PLASTIC STRAIN STEP = 0.6270E-02   CRITERION = 0.9900    
 *** AUTO STEP TIME:  NEXT TIME INC = 0.13333E-01  UNCHANGED

     FORCE CONVERGENCE VALUE  =  0.3435      CRITERION=   2.944    
     DISP CONVERGENCE VALUE   =  0.2427E-03  CRITERION=  0.7582E-04
    EQUIL ITER   1 COMPLETED.  NEW TRIANG MATRIX.  MAX DOF INC=  0.2427E-03
     FORCE CONVERGENCE VALUE  =  0.1233      CRITERION=   3.004     <<< CONVERGED
     DISP CONVERGENCE VALUE   =  0.1409E-03  CRITERION=  0.8470E-04
    EQUIL ITER   2 COMPLETED.  NEW TRIANG MATRIX.  MAX DOF INC=  0.1409E-03
     FORCE CONVERGENCE VALUE  =  0.6927E-01  CRITERION=   3.065     <<< CONVERGED
     DISP CONVERGENCE VALUE   =  0.8380E-04  CRITERION=  0.9087E-04 <<< CONVERGED
    EQUIL ITER   3 COMPLETED.  NEW TRIANG MATRIX.  MAX DOF INC = -0.8380E-04
    >>> SOLUTION CONVERGED AFTER EQUILIBRIUM ITERATION   3
 *** LOAD STEP     1   SUBSTEP     5  COMPLETED.    CUM ITER =     11
 *** TIME =  0.666667E-01     TIME INC =  0.133333E-01
 *** MAX PLASTIC STRAIN STEP = 0.8750E-02   CRITERION = 0.9900    
 *** AUTO STEP TIME:  NEXT TIME INC = 0.13333E-01  UNCHANGED

     FORCE CONVERGENCE VALUE  =  0.3810      CRITERION=   3.533    
     DISP CONVERGENCE VALUE   =  0.3424E-03  CRITERION=  0.1011E-03
    EQUIL ITER   1 COMPLETED.  NEW TRIANG MATRIX.  MAX DOF INC= -0.3424E-03
     FORCE CONVERGENCE VALUE  =  0.1545      CRITERION=   3.605     <<< CONVERGED
     DISP CONVERGENCE VALUE   =  0.2223E-03  CRITERION=  0.1125E-03
    EQUIL ITER   2 COMPLETED.  NEW TRIANG MATRIX.  MAX DOF INC= -0.2223E-03
     FORCE CONVERGENCE VALUE  =  0.9477E-01  CRITERION=   3.679     <<< CONVERGED
     DISP CONVERGENCE VALUE   =  0.1481E-03  CRITERION=  0.1212E-03
    EQUIL ITER   3 COMPLETED.  NEW TRIANG MATRIX.  MAX DOF INC= -0.1481E-03
     FORCE CONVERGENCE VALUE  =  0.6240E-01  CRITERION=   3.754     <<< CONVERGED
     DISP CONVERGENCE VALUE   =  0.1034E-03  CRITERION=  0.1282E-03 <<< CONVERGED
    EQUIL ITER   4 COMPLETED.  NEW TRIANG MATRIX.  MAX DOF INC = -0.1034E-03
    >>> SOLUTION CONVERGED AFTER EQUILIBRIUM ITERATION   4
 *** LOAD STEP     1   SUBSTEP     6  COMPLETED.    CUM ITER =     15
 *** TIME =  0.800000E-01     TIME INC =  0.133333E-01
 *** MAX PLASTIC STRAIN STEP = 0.1200E-01   CRITERION = 0.9900    


 *** ANSYS BINARY FILE STATISTICS
  BUFFER SIZE USED= 16384
      917.312 MB WRITTEN ON ELEMENT SAVED DATA FILE: file.esav
      178.000 MB WRITTEN ON ASSEMBLED MATRIX FILE: file.full
      145.875 MB WRITTEN ON RESULTS FILE: file.rst

 ALL CURRENT ANSYS DATA WRITTEN TO FILE NAME= file.db
  FOR POSSIBLE RESUME FROM THIS POINT

 FINISH SOLUTION PROCESSING


 ***** ROUTINE COMPLETED *****  CP =      1061.891



 *** ANSYS - ENGINEERING ANALYSIS SYSTEM  RELEASE 2022 R1          22.1     ***
 Ansys Mechanical Enterprise                       
 00000000  VERSION=WINDOWS x64   12:52:33  SEP 24, 2024 CP=   1061.891

  Re=1 matmacico=8 E1=1500 pr=%pr% matrev=2 E2=30303.3845 vp=12.5              

 Note - This ANSYS version was linked by Licensee

          ***** ANSYS RESULTS INTERPRETATION (POST1) *****

 *** NOTE ***                            CP =    1061.891   TIME= 12:52:33
 Reading results into the database (SET command) will update the current 
 displacement and force boundary conditions in the database with the     
 values from the results file for that load set.  Note that any          
 subsequent solutions will use these values unless action is taken to    
 either SAVE the current values or not overwrite them (/EXIT,NOSAVE).    

 RSYS KEY SET TO   1

 USE COORDINATE SYSTEM   1 FOR SOLUTION RESULTS

 SELECT       FOR ITEM=LIVE COMPONENT=    
  IN RANGE         1 TO     113488 STEP          1

     105670  ELEMENTS (OF     113488  DEFINED) SELECTED BY  ESEL  COMMAND.

 EXIT THE ANSYS POST1 DATABASE PROCESSOR


 ***** ROUTINE COMPLETED *****  CP =      1061.906



 *****  ANSYS SOLUTION ROUTINE  *****


 PERFORM A STATIC ANALYSIS
  RESTART PREVIOUSLY RUN ANALYSIS TO ADD ADDITIONAL LOAD STEPS
  RESTART WILL BE CONTINUED WITH EXISTING LOADSTEP
  RESTART WILL BE PERFORMED BASED ON: 
   PREVIOUS LOADSTEP =      1 SUBSTEP =      6

 RESUME ANSYS DATA FROM FILE NAME=file.rdb                                                                                                                                                                                                                                                            
     DO NOT PLOT ANYTHING

 *** ANSYS GLOBAL STATUS *** 

 TITLE =  Re=1 matmacico=8 E1=1500 pr=%pr% matrev=2 E2=30303.3845 vp=12.5      
 ANALYSIS TYPE =  STATIC (STEADY-STATE)
 NUMBER OF ELEMENT TYPES =      2
    113488 ELEMENTS CURRENTLY SELECTED.  MAX ELEMENT NUMBER =      113488
    123580 NODES CURRENTLY SELECTED.     MAX NODE NUMBER =         123580
       180 KEYPOINTS CURRENTLY SELECTED. MAX KEYPOINT NUMBER =        180
       437 LINES CURRENTLY SELECTED.     MAX LINE NUMBER =            437
       337 AREAS CURRENTLY SELECTED.     MAX AREA NUMBER =            337
        84 VOLUMES CURRENTLY SELECTED.   MAX VOL. NUMBER =             84
       248 COMPONENTS CURRENTLY DEFINED
 MAXIMUM LINEAR PROPERTY NUMBER        =     101
 ACTIVE COORDINATE SYSTEM              =       0  (CARTESIAN)  
 NUMBER OF SPECIFIED CONSTRAINTS       =   11655
 NUMBER OF SPECIFIED SURFACE LOADS     =    3447
 CURRENT LOAD CASE =      0 OF      0
 LOAD SET   =       1
 SUBSTEP    =       1
 TIME/FREQ  =   0.13333E-01

 INITIAL JOBNAME = file
 CURRENT JOBNAME = file

 RESTART PROCEDURE RE-BUILDS BOUNDARY CONDITIONS
 AND LOADING INFO UPTO THE CURRENT LOADSTEP 

 READ ANSYS LOADS DATA FROM FILE= file.ldhi                                                                                                                                                                                                                                                           

 DELETE SOLID MODEL BOUNDARY CONDITIONS
 
 NUMBER OF NODAL CONSTRAINTS DELETED                       =     11655
 NUMBER OF ELEMENT PRESSURES DELETED                       =      3447
 NUMBER OF AREA DOF CONSTRAINTS DELETED                    =         8
 NUMBER OF AREA SYM/ASYM CONSTRAINTS DELETED               =        93
 NUMBER OF AREA PRESSURES DELETED                          =        23

 *** WARNING ***                         CP =    1063.641   TIME= 12:52:34
 Both solid model and finite element model boundary conditions have been 
 applied to this model.  As solid loads are transferred to the nodes or  
 elements, they can overwrite directly applied loads.                    

 *** NOTE ***                            CP =    1064.062   TIME= 12:52:34
 The number of results set on the restart command is the last set on the 
 RST file.  No updating for the RST file is required.                    

 *** WARNING ***                         CP =    1064.094   TIME= 12:52:34
 Both solid model and finite element model boundary conditions have been 
 applied to this model.  As solid loads are transferred to the nodes or  
 elements, they can overwrite directly applied loads.                    

 PARAMETER TAD1 =     0.000000000    

 *DO LOOP ON PARAMETER= I FROM  2.0000     TO  98.000     BY  1.0000    

 ALL SELECT   FOR ITEM=ELEM COMPONENT=    
  IN RANGE         1 TO     113488 STEP          1

     113488  ELEMENTS (OF     113488  DEFINED) SELECTED BY  ESEL  COMMAND.

 SELECT      COMPONENT LESC2                           

 KILL ALL CURRENTLY SELECTED ELEMENTS

 SELECT       FOR ITEM=LIVE COMPONENT=    
  IN RANGE         1 TO     113488 STEP          1

     105495  ELEMENTS (OF     113488  DEFINED) SELECTED BY  ESEL  COMMAND.

 *IF  matrev                            ( =   2.00000     )  NE  
      0                                 ( =   0.00000     )  THEN    

 SELECT      COMPONENT LREV1                           

 MAKE ALL CURRRENTLY SELECTED ELEMENTS ALIVE

 *IF  revested0                         ( =   1.00000     )  EQ  
      1                                 ( =   1.00000     )  THEN    

 *IF  i                                 ( =   2.00000     )  EQ  
      nesc                              ( =   98.0000     )  THEN    

 *ENDIF

 *ENDIF

 *IF  revesteface                       ( =   1.00000     )  EQ  
      1                                 ( =   1.00000     )  THEN    

 *IF  i                                 ( =   2.00000     )  EQ  
      nesc                              ( =   98.0000     )  THEN    

 *ENDIF

 *ENDIF

 *ENDIF

 *IF  escavagaleria                     ( =   1.00000     )  EQ  
      1                                 ( =   1.00000     )  THEN    

 *IF  i                                 ( =   2.00000     )  EQ  
      nescinig                          ( =   65.0000     )  THEN    

 *ENDIF

 *ENDIF

 *IF  escavagaleria                     ( =   1.00000     )  EQ  
      1                                 ( =   1.00000     )  THEN    

 *IF  i                                 ( =   2.00000     )  EQ  
      nescinig                          ( =   65.0000     )  THEN    

 *ENDIF

 *ENDIF

 SELECT       FOR ITEM=LIVE COMPONENT=    
  IN RANGE         1 TO     113488 STEP          1

     105527  ELEMENTS (OF     113488  DEFINED) SELECTED BY  ESEL  COMMAND.

 TIME= 0.10667    

 USE INITIAL TIME STEP SIZE OF 0.1333333E-01 FOR ALL  DEGREES OF FREEDOM
 FOR AUTOMATIC TIME STEPPING:
   USE 0.1333333E-03 AS THE MINIMUM TIME STEP SIZE
   USE 0.1333333E-01 AS THE MAXIMUM TIME STEP SIZE

 ALL SELECT   FOR ITEM=ELEM COMPONENT=    
  IN RANGE         1 TO     113488 STEP          1

     113488  ELEMENTS (OF     113488  DEFINED) SELECTED BY  ESEL  COMMAND.

 ALL CURRENT ANSYS DATA WRITTEN TO FILE NAME= file.db
  FOR POSSIBLE RESUME FROM THIS POINT

 *****  ANSYS SOLVE    COMMAND  *****

 *** ANSYS - ENGINEERING ANALYSIS SYSTEM  RELEASE 2022 R1          22.1     ***
 Ansys Mechanical Enterprise                       
 00000000  VERSION=WINDOWS x64   12:52:34  SEP 24, 2024 CP=   1066.016

  Re=1 matmacico=8 E1=1500 pr=%pr% matrev=2 E2=30303.3845 vp=12.5              

 Note - This ANSYS version was linked by Licensee

                       S O L U T I O N   O P T I O N S

   PROBLEM DIMENSIONALITY. . . . . . . . . . . . .3-D                  
   DEGREES OF FREEDOM. . . . . . UX   UY   UZ  
   ANALYSIS TYPE . . . . . . . . . . . . . . . . .STATIC (STEADY-STATE)
      RESTART. . . . . . . . . . . . . . . . . . .ON
   EQUATION SOLVER OPTION. . . . . . . . . . . . .SPARSE             
   PLASTIC MATERIAL PROPERTIES INCLUDED. . . . . .YES
   NEWTON-RAPHSON OPTION . . . . . . . . . . . . .FULL             
   GLOBALLY ASSEMBLED MATRIX . . . . . . . . . . .SYMMETRIC  

 *** NOTE ***                            CP =    1066.922   TIME= 12:52:34
 The conditions for direct assembly have been met.  No .emat or .erot    
 files will be produced.                                                 

 *** ANSYS - ENGINEERING ANALYSIS SYSTEM  RELEASE 2022 R1          22.1     ***
 Ansys Mechanical Enterprise                       
 00000000  VERSION=WINDOWS x64   12:52:36  SEP 24, 2024 CP=   1073.016

  Re=1 matmacico=8 E1=1500 pr=%pr% matrev=2 E2=30303.3845 vp=12.5              

 Note - This ANSYS version was linked by Licensee

                      L O A D   S T E P   O P T I O N S

   LOAD STEP NUMBER. . . . . . . . . . . . . . . .     2
   TIME AT END OF THE LOAD STEP. . . . . . . . . . 0.10667    
   AUTOMATIC TIME STEPPING . . . . . . . . . . . .    ON
      STARTING TIME STEP SIZE. . . . . . . . . . . 0.13333E-01
      MINIMUM TIME STEP SIZE . . . . . . . . . . . 0.13333E-03
      MAXIMUM TIME STEP SIZE . . . . . . . . . . . 0.13333E-01
   MAXIMUM NUMBER OF EQUILIBRIUM ITERATIONS. . . .    15
   STEP CHANGE BOUNDARY CONDITIONS . . . . . . . .    NO
   TERMINATE ANALYSIS IF NOT CONVERGED . . . . . .YES (EXIT)  
   CONVERGENCE CONTROLS. . . . . . . . . . . . . .USE DEFAULTS
   COPY INTEGRATION POINT VALUES TO NODE . . . . .YES, FOR ELEMENTS WITH
                                                  ACTIVE MAT. NONLINEARITIES
   PRINT OUTPUT CONTROLS . . . . . . . . . . . . .NO PRINTOUT
   DATABASE OUTPUT CONTROLS
      ITEM     FREQUENCY   COMPONENT
      ESOL       LAST               
      SVAR        ALL               


 SOLUTION MONITORING INFO IS WRITTEN TO FILE= file.mntr                                                                                                                                                                                                                                                           

     FORCE CONVERGENCE VALUE  =   1.535      CRITERION=   3.533    
     DISP CONVERGENCE VALUE   =  0.3256E-02  CRITERION=  0.1661E-03
    EQUIL ITER   1 COMPLETED.  NEW TRIANG MATRIX.  MAX DOF INC= -0.3256E-02
     FORCE CONVERGENCE VALUE  =  0.6541      CRITERION=   3.605     <<< CONVERGED
     DISP CONVERGENCE VALUE   =  0.8682E-03  CRITERION=  0.2128E-03
    EQUIL ITER   2 COMPLETED.  NEW TRIANG MATRIX.  MAX DOF INC=  0.8682E-03
     FORCE CONVERGENCE VALUE  =  0.3499      CRITERION=   3.679     <<< CONVERGED
     DISP CONVERGENCE VALUE   =  0.5256E-03  CRITERION=  0.2449E-03
    EQUIL ITER   3 COMPLETED.  NEW TRIANG MATRIX.  MAX DOF INC=  0.5256E-03
     FORCE CONVERGENCE VALUE  =  0.2253      CRITERION=   3.754     <<< CONVERGED
     DISP CONVERGENCE VALUE   =  0.3379E-03  CRITERION=  0.2683E-03
    EQUIL ITER   4 COMPLETED.  NEW TRIANG MATRIX.  MAX DOF INC=  0.3379E-03
     FORCE CONVERGENCE VALUE  =  0.1592      CRITERION=   3.831     <<< CONVERGED
     DISP CONVERGENCE VALUE   =  0.2279E-03  CRITERION=  0.2862E-03 <<< CONVERGED
    EQUIL ITER   5 COMPLETED.  NEW TRIANG MATRIX.  MAX DOF INC = -0.2279E-03
    >>> SOLUTION CONVERGED AFTER EQUILIBRIUM ITERATION   5
 *** LOAD STEP     2   SUBSTEP     1  COMPLETED.    CUM ITER =     20
 *** TIME =  0.933333E-01     TIME INC =  0.133333E-01
 *** MAX PLASTIC STRAIN STEP = 0.3336E-01   CRITERION = 0.9900    
 *** AUTO STEP TIME:  NEXT TIME INC = 0.13333E-01  UNCHANGED

     FORCE CONVERGENCE VALUE  =   1.109      CRITERION=   3.534    
     DISP CONVERGENCE VALUE   =  0.1635E-02  CRITERION=  0.2639E-03
    EQUIL ITER   1 COMPLETED.  NEW TRIANG MATRIX.  MAX DOF INC=  0.1635E-02
     FORCE CONVERGENCE VALUE  =  0.5478      CRITERION=   3.606     <<< CONVERGED
     DISP CONVERGENCE VALUE   =  0.9968E-03  CRITERION=  0.2693E-03
    EQUIL ITER   2 COMPLETED.  NEW TRIANG MATRIX.  MAX DOF INC= -0.9968E-03
     FORCE CONVERGENCE VALUE  =  0.3732      CRITERION=   3.679     <<< CONVERGED
     DISP CONVERGENCE VALUE   =  0.6836E-03  CRITERION=  0.2748E-03
    EQUIL ITER   3 COMPLETED.  NEW TRIANG MATRIX.  MAX DOF INC= -0.6836E-03
     FORCE CONVERGENCE VALUE  =  0.2558      CRITERION=   3.754     <<< CONVERGED
     DISP CONVERGENCE VALUE   =  0.4674E-03  CRITERION=  0.2804E-03
    EQUIL ITER   4 COMPLETED.  NEW TRIANG MATRIX.  MAX DOF INC= -0.4674E-03
     FORCE CONVERGENCE VALUE  =  0.1758      CRITERION=   3.831     <<< CONVERGED
     DISP CONVERGENCE VALUE   =  0.3185E-03  CRITERION=  0.2862E-03
    EQUIL ITER   5 COMPLETED.  NEW TRIANG MATRIX.  MAX DOF INC=  0.3185E-03
     FORCE CONVERGENCE VALUE  =  0.1204      CRITERION=   3.909     <<< CONVERGED
     DISP CONVERGENCE VALUE   =  0.2226E-03  CRITERION=  0.2920E-03 <<< CONVERGED
    EQUIL ITER   6 COMPLETED.  NEW TRIANG MATRIX.  MAX DOF INC =  0.2226E-03
    >>> SOLUTION CONVERGED AFTER EQUILIBRIUM ITERATION   6
 *** LOAD STEP     2   SUBSTEP     2  COMPLETED.    CUM ITER =     26
 *** TIME =  0.106667         TIME INC =  0.133333E-01
 *** MAX PLASTIC STRAIN STEP = 0.1199E-01   CRITERION = 0.9900    

 PARAMETER UANTERIOR =     0.000000000    

 *GET  UATUAL    FROM  NODE   2183  ITEM=U    SUM   VALUE= 0.852901397E-02

 *ENDDO  INDEX= I                               

 *****  ANSYS SOLVE    COMMAND  *****

 *** ANSYS - ENGINEERING ANALYSIS SYSTEM  RELEASE 2022 R1          22.1     ***
 Ansys Mechanical Enterprise                       
 00000000  VERSION=WINDOWS x64   12:54:15  SEP 24, 2024 CP=   1790.359

  Re=1 matmacico=8 E1=1500 pr=%pr% matrev=2 E2=30303.3845 vp=12.5              

 Note - This ANSYS version was linked by Licensee

 SOLUTION MONITORING INFO IS WRITTEN TO FILE= file.mntr                                                                                                                                                                                                                                                           

     FORCE CONVERGENCE VALUE  =   1.449      CRITERION=   3.533    
     DISP CONVERGENCE VALUE   =  0.3113E-02  CRITERION=  0.2639E-03
    EQUIL ITER   1 COMPLETED.  NEW TRIANG MATRIX.  MAX DOF INC= -0.3113E-02
     FORCE CONVERGENCE VALUE  =  0.6302      CRITERION=   3.606     <<< CONVERGED
     DISP CONVERGENCE VALUE   =  0.9111E-03  CRITERION=  0.2693E-03
    EQUIL ITER   2 COMPLETED.  NEW TRIANG MATRIX.  MAX DOF INC=  0.9111E-03
     FORCE CONVERGENCE VALUE  =  0.3345      CRITERION=   3.679     <<< CONVERGED
     DISP CONVERGENCE VALUE   =  0.5418E-03  CRITERION=  0.2748E-03
    EQUIL ITER   3 COMPLETED.  NEW TRIANG MATRIX.  MAX DOF INC=  0.5418E-03
     FORCE CONVERGENCE VALUE  =  0.2134      CRITERION=   3.754     <<< CONVERGED
     DISP CONVERGENCE VALUE   =  0.3452E-03  CRITERION=  0.2804E-03
    EQUIL ITER   4 COMPLETED.  NEW TRIANG MATRIX.  MAX DOF INC=  0.3452E-03
     FORCE CONVERGENCE VALUE  =  0.1494      CRITERION=   3.831     <<< CONVERGED
     DISP CONVERGENCE VALUE   =  0.2278E-03  CRITERION=  0.2862E-03 <<< CONVERGED
    EQUIL ITER   5 COMPLETED.  NEW TRIANG MATRIX.  MAX DOF INC =  0.2278E-03
    >>> SOLUTION CONVERGED AFTER EQUILIBRIUM ITERATION   5
 *** LOAD STEP     3   SUBSTEP     1  COMPLETED.    CUM ITER =     31
 *** TIME =  0.120000         TIME INC =  0.133333E-01
 *** MAX PLASTIC STRAIN STEP = 0.3219E-01   CRITERION = 0.9900    
 *** AUTO STEP TIME:  NEXT TIME INC = 0.13333E-01  UNCHANGED

     FORCE CONVERGENCE VALUE  =   1.096      CRITERION=   3.534    
     DISP CONVERGENCE VALUE   =  0.1632E-02  CRITERION=  0.2639E-03
    EQUIL ITER   1 COMPLETED.  NEW TRIANG MATRIX.  MAX DOF INC=  0.1632E-02
     FORCE CONVERGENCE VALUE  =  0.5216      CRITERION=   3.606     <<< CONVERGED
     DISP CONVERGENCE VALUE   =  0.9822E-03  CRITERION=  0.2693E-03
    EQUIL ITER   2 COMPLETED.  NEW TRIANG MATRIX.  MAX DOF INC=  0.9822E-03
     FORCE CONVERGENCE VALUE  =  0.3501      CRITERION=   3.680     <<< CONVERGED
     DISP CONVERGENCE VALUE   =  0.6642E-03  CRITERION=  0.2748E-03
    EQUIL ITER   3 COMPLETED.  NEW TRIANG MATRIX.  MAX DOF INC= -0.6642E-03
     FORCE CONVERGENCE VALUE  =  0.2380      CRITERION=   3.755     <<< CONVERGED
     DISP CONVERGENCE VALUE   =  0.4528E-03  CRITERION=  0.2804E-03
    EQUIL ITER   4 COMPLETED.  NEW TRIANG MATRIX.  MAX DOF INC= -0.4528E-03
     FORCE CONVERGENCE VALUE  =  0.1635      CRITERION=   3.831     <<< CONVERGED
     DISP CONVERGENCE VALUE   =  0.3066E-03  CRITERION=  0.2862E-03
    EQUIL ITER   5 COMPLETED.  NEW TRIANG MATRIX.  MAX DOF INC= -0.3066E-03
     FORCE CONVERGENCE VALUE  =  0.1119      CRITERION=   3.909     <<< CONVERGED
     DISP CONVERGENCE VALUE   =  0.2089E-03  CRITERION=  0.2920E-03 <<< CONVERGED
    EQUIL ITER   6 COMPLETED.  NEW TRIANG MATRIX.  MAX DOF INC =  0.2089E-03
    >>> SOLUTION CONVERGED AFTER EQUILIBRIUM ITERATION   6
 *** LOAD STEP     3   SUBSTEP     2  COMPLETED.    CUM ITER =     37
 *** TIME =  0.133333         TIME INC =  0.133333E-01
 *** MAX PLASTIC STRAIN STEP = 0.1120E-01   CRITERION = 0.9900    

 *****  ANSYS SOLVE    COMMAND  *****

 *** ANSYS - ENGINEERING ANALYSIS SYSTEM  RELEASE 2022 R1          22.1     ***
 Ansys Mechanical Enterprise                       
 00000000  VERSION=WINDOWS x64   12:55:53  SEP 24, 2024 CP=   2510.312

  Re=1 matmacico=8 E1=1500 pr=%pr% matrev=2 E2=30303.3845 vp=12.5              

 Note - This ANSYS version was linked by Licensee

 SOLUTION MONITORING INFO IS WRITTEN TO FILE= file.mntr                                                                                                                                                                                                                                                           

     FORCE CONVERGENCE VALUE  =   1.457      CRITERION=   3.534    
     DISP CONVERGENCE VALUE   =  0.3172E-02  CRITERION=  0.2639E-03
    EQUIL ITER   1 COMPLETED.  NEW TRIANG MATRIX.  MAX DOF INC= -0.3172E-02
     FORCE CONVERGENCE VALUE  =  0.6156      CRITERION=   3.606     <<< CONVERGED
     DISP CONVERGENCE VALUE   =  0.9542E-03  CRITERION=  0.2693E-03
    EQUIL ITER   2 COMPLETED.  NEW TRIANG MATRIX.  MAX DOF INC=  0.9542E-03
     FORCE CONVERGENCE VALUE  =  0.3317      CRITERION=   3.680     <<< CONVERGED
     DISP CONVERGENCE VALUE   =  0.5465E-03  CRITERION=  0.2748E-03
    EQUIL ITER   3 COMPLETED.  NEW TRIANG MATRIX.  MAX DOF INC=  0.5465E-03
     FORCE CONVERGENCE VALUE  =  0.2142      CRITERION=   3.755     <<< CONVERGED
     DISP CONVERGENCE VALUE   =  0.3477E-03  CRITERION=  0.2804E-03
    EQUIL ITER   4 COMPLETED.  NEW TRIANG MATRIX.  MAX DOF INC=  0.3477E-03
     FORCE CONVERGENCE VALUE  =  0.1521      CRITERION=   3.831     <<< CONVERGED
     DISP CONVERGENCE VALUE   =  0.2298E-03  CRITERION=  0.2862E-03 <<< CONVERGED
    EQUIL ITER   5 COMPLETED.  NEW TRIANG MATRIX.  MAX DOF INC =  0.2298E-03
    >>> SOLUTION CONVERGED AFTER EQUILIBRIUM ITERATION   5
 *** LOAD STEP     4   SUBSTEP     1  COMPLETED.    CUM ITER =     42
 *** TIME =  0.146667         TIME INC =  0.133333E-01
 *** MAX PLASTIC STRAIN STEP = 0.3247E-01   CRITERION = 0.9900    
 *** AUTO STEP TIME:  NEXT TIME INC = 0.13333E-01  UNCHANGED

     FORCE CONVERGENCE VALUE  =   1.093      CRITERION=   3.534    
     DISP CONVERGENCE VALUE   =  0.1664E-02  CRITERION=  0.2640E-03
    EQUIL ITER   1 COMPLETED.  NEW TRIANG MATRIX.  MAX DOF INC=  0.1664E-02
     FORCE CONVERGENCE VALUE  =  0.5153      CRITERION=   3.606     <<< CONVERGED
     DISP CONVERGENCE VALUE   =  0.1000E-02  CRITERION=  0.2694E-03
    EQUIL ITER   2 COMPLETED.  NEW TRIANG MATRIX.  MAX DOF INC=  0.1000E-02
     FORCE CONVERGENCE VALUE  =  0.3452      CRITERION=   3.680     <<< CONVERGED
     DISP CONVERGENCE VALUE   =  0.6724E-03  CRITERION=  0.2749E-03
    EQUIL ITER   3 COMPLETED.  NEW TRIANG MATRIX.  MAX DOF INC= -0.6724E-03
     FORCE CONVERGENCE VALUE  =  0.2335      CRITERION=   3.755     <<< CONVERGED
     DISP CONVERGENCE VALUE   =  0.4564E-03  CRITERION=  0.2805E-03
    EQUIL ITER   4 COMPLETED.  NEW TRIANG MATRIX.  MAX DOF INC= -0.4564E-03
     FORCE CONVERGENCE VALUE  =  0.1598      CRITERION=   3.832     <<< CONVERGED
     DISP CONVERGENCE VALUE   =  0.3101E-03  CRITERION=  0.2862E-03
    EQUIL ITER   5 COMPLETED.  NEW TRIANG MATRIX.  MAX DOF INC=  0.3101E-03
     FORCE CONVERGENCE VALUE  =  0.1094      CRITERION=   3.910     <<< CONVERGED
     DISP CONVERGENCE VALUE   =  0.2130E-03  CRITERION=  0.2921E-03 <<< CONVERGED
    EQUIL ITER   6 COMPLETED.  NEW TRIANG MATRIX.  MAX DOF INC =  0.2130E-03
    >>> SOLUTION CONVERGED AFTER EQUILIBRIUM ITERATION   6
 *** LOAD STEP     4   SUBSTEP     2  COMPLETED.    CUM ITER =     48
 *** TIME =  0.160000         TIME INC =  0.133333E-01
 *** MAX PLASTIC STRAIN STEP = 0.1175E-01   CRITERION = 0.9900    

 *****  ANSYS SOLVE    COMMAND  *****

 *** ANSYS - ENGINEERING ANALYSIS SYSTEM  RELEASE 2022 R1          22.1     ***
 Ansys Mechanical Enterprise                       
 00000000  VERSION=WINDOWS x64   12:57:31  SEP 24, 2024 CP=   3227.844

  Re=1 matmacico=8 E1=1500 pr=%pr% matrev=2 E2=30303.3845 vp=12.5              

 Note - This ANSYS version was linked by Licensee

 SOLUTION MONITORING INFO IS WRITTEN TO FILE= file.mntr                                                                                                                                                                                                                                                           

     FORCE CONVERGENCE VALUE  =   1.463      CRITERION=   3.534    
     DISP CONVERGENCE VALUE   =  0.3219E-02  CRITERION=  0.2640E-03
    EQUIL ITER   1 COMPLETED.  NEW TRIANG MATRIX.  MAX DOF INC= -0.3219E-02
     FORCE CONVERGENCE VALUE  =  0.6231      CRITERION=   3.606     <<< CONVERGED
     DISP CONVERGENCE VALUE   =  0.1141E-02  CRITERION=  0.2694E-03
    EQUIL ITER   2 COMPLETED.  NEW TRIANG MATRIX.  MAX DOF INC=  0.1141E-02
     FORCE CONVERGENCE VALUE  =  0.3338      CRITERION=   3.680     <<< CONVERGED
     DISP CONVERGENCE VALUE   =  0.6442E-03  CRITERION=  0.2749E-03
    EQUIL ITER   3 COMPLETED.  NEW TRIANG MATRIX.  MAX DOF INC=  0.6442E-03
     FORCE CONVERGENCE VALUE  =  0.2146      CRITERION=   3.755     <<< CONVERGED
     DISP CONVERGENCE VALUE   =  0.3844E-03  CRITERION=  0.2868E-03
    EQUIL ITER   4 COMPLETED.  NEW TRIANG MATRIX.  MAX DOF INC=  0.3844E-03
     FORCE CONVERGENCE VALUE  =  0.1519      CRITERION=   3.832     <<< CONVERGED
     DISP CONVERGENCE VALUE   =  0.2391E-03  CRITERION=  0.3059E-03 <<< CONVERGED
    EQUIL ITER   5 COMPLETED.  NEW TRIANG MATRIX.  MAX DOF INC =  0.2391E-03
    >>> SOLUTION CONVERGED AFTER EQUILIBRIUM ITERATION   5
 *** LOAD STEP     5   SUBSTEP     1  COMPLETED.    CUM ITER =     53
 *** TIME =  0.173333         TIME INC =  0.133333E-01
 *** MAX PLASTIC STRAIN STEP = 0.3272E-01   CRITERION = 0.9900    
 *** AUTO STEP TIME:  NEXT TIME INC = 0.13333E-01  UNCHANGED

     FORCE CONVERGENCE VALUE  =   1.106      CRITERION=   3.535    
     DISP CONVERGENCE VALUE   =  0.1694E-02  CRITERION=  0.2821E-03
    EQUIL ITER   1 COMPLETED.  NEW TRIANG MATRIX.  MAX DOF INC=  0.1694E-02
     FORCE CONVERGENCE VALUE  =  0.5150      CRITERION=   3.607     <<< CONVERGED
     DISP CONVERGENCE VALUE   =  0.1143E-02  CRITERION=  0.2879E-03
    EQUIL ITER   2 COMPLETED.  NEW TRIANG MATRIX.  MAX DOF INC= -0.1143E-02
     FORCE CONVERGENCE VALUE  =  0.3451      CRITERION=   3.680     <<< CONVERGED
     DISP CONVERGENCE VALUE   =  0.7778E-03  CRITERION=  0.2938E-03
    EQUIL ITER   3 COMPLETED.  NEW TRIANG MATRIX.  MAX DOF INC= -0.7778E-03
     FORCE CONVERGENCE VALUE  =  0.2337      CRITERION=   3.755     <<< CONVERGED
     DISP CONVERGENCE VALUE   =  0.5130E-03  CRITERION=  0.2998E-03
    EQUIL ITER   4 COMPLETED.  NEW TRIANG MATRIX.  MAX DOF INC= -0.5130E-03
     FORCE CONVERGENCE VALUE  =  0.1600      CRITERION=   3.832     <<< CONVERGED
     DISP CONVERGENCE VALUE   =  0.3392E-03  CRITERION=  0.3059E-03
    EQUIL ITER   5 COMPLETED.  NEW TRIANG MATRIX.  MAX DOF INC= -0.3392E-03
     FORCE CONVERGENCE VALUE  =  0.1098      CRITERION=   3.910     <<< CONVERGED
     DISP CONVERGENCE VALUE   =  0.2227E-03  CRITERION=  0.3121E-03 <<< CONVERGED
    EQUIL ITER   6 COMPLETED.  NEW TRIANG MATRIX.  MAX DOF INC = -0.2227E-03
    >>> SOLUTION CONVERGED AFTER EQUILIBRIUM ITERATION   6
 *** LOAD STEP     5   SUBSTEP     2  COMPLETED.    CUM ITER =     59
 *** TIME =  0.186667         TIME INC =  0.133333E-01
 *** MAX PLASTIC STRAIN STEP = 0.1175E-01   CRITERION = 0.9900    

 *****  ANSYS SOLVE    COMMAND  *****

 *** ANSYS - ENGINEERING ANALYSIS SYSTEM  RELEASE 2022 R1          22.1     ***
 Ansys Mechanical Enterprise                       
 00000000  VERSION=WINDOWS x64   12:59:08  SEP 24, 2024 CP=   3944.406

  Re=1 matmacico=8 E1=1500 pr=%pr% matrev=2 E2=30303.3845 vp=12.5              

 Note - This ANSYS version was linked by Licensee

 SOLUTION MONITORING INFO IS WRITTEN TO FILE= file.mntr                                                                                                                                                                                                                                                           

     FORCE CONVERGENCE VALUE  =   1.463      CRITERION=   3.534    
     DISP CONVERGENCE VALUE   =  0.3461E-02  CRITERION=  0.2821E-03
    EQUIL ITER   1 COMPLETED.  NEW TRIANG MATRIX.  MAX DOF INC=  0.3461E-02
     FORCE CONVERGENCE VALUE  =  0.6192      CRITERION=   3.607     <<< CONVERGED
     DISP CONVERGENCE VALUE   =  0.1279E-02  CRITERION=  0.2879E-03
    EQUIL ITER   2 COMPLETED.  NEW TRIANG MATRIX.  MAX DOF INC=  0.1279E-02
     FORCE CONVERGENCE VALUE  =  0.3335      CRITERION=   3.680     <<< CONVERGED
     DISP CONVERGENCE VALUE   =  0.7210E-03  CRITERION=  0.2938E-03
    EQUIL ITER   3 COMPLETED.  NEW TRIANG MATRIX.  MAX DOF INC=  0.7210E-03
     FORCE CONVERGENCE VALUE  =  0.2152      CRITERION=   3.755     <<< CONVERGED
     DISP CONVERGENCE VALUE   =  0.4299E-03  CRITERION=  0.3193E-03
    EQUIL ITER   4 COMPLETED.  NEW TRIANG MATRIX.  MAX DOF INC=  0.4299E-03
     FORCE CONVERGENCE VALUE  =  0.1529      CRITERION=   3.832     <<< CONVERGED
     DISP CONVERGENCE VALUE   =  0.2673E-03  CRITERION=  0.3406E-03 <<< CONVERGED
    EQUIL ITER   5 COMPLETED.  NEW TRIANG MATRIX.  MAX DOF INC =  0.2673E-03
    >>> SOLUTION CONVERGED AFTER EQUILIBRIUM ITERATION   5
 *** LOAD STEP     6   SUBSTEP     1  COMPLETED.    CUM ITER =     64
 *** TIME =  0.200000         TIME INC =  0.133333E-01
 *** MAX PLASTIC STRAIN STEP = 0.3287E-01   CRITERION = 0.9900    
 *** AUTO STEP TIME:  NEXT TIME INC = 0.13333E-01  UNCHANGED

     FORCE CONVERGENCE VALUE  =   1.103      CRITERION=   3.535    
     DISP CONVERGENCE VALUE   =  0.1712E-02  CRITERION=  0.3142E-03
    EQUIL ITER   1 COMPLETED.  NEW TRIANG MATRIX.  MAX DOF INC=  0.1712E-02
     FORCE CONVERGENCE VALUE  =  0.5111      CRITERION=   3.607     <<< CONVERGED
     DISP CONVERGENCE VALUE   =  0.1266E-02  CRITERION=  0.3206E-03
    EQUIL ITER   2 COMPLETED.  NEW TRIANG MATRIX.  MAX DOF INC= -0.1266E-02
     FORCE CONVERGENCE VALUE  =  0.3425      CRITERION=   3.681     <<< CONVERGED
     DISP CONVERGENCE VALUE   =  0.8646E-03  CRITERION=  0.3271E-03
    EQUIL ITER   3 COMPLETED.  NEW TRIANG MATRIX.  MAX DOF INC= -0.8646E-03
     FORCE CONVERGENCE VALUE  =  0.2319      CRITERION=   3.756     <<< CONVERGED
     DISP CONVERGENCE VALUE   =  0.5717E-03  CRITERION=  0.3338E-03
    EQUIL ITER   4 COMPLETED.  NEW TRIANG MATRIX.  MAX DOF INC= -0.5717E-03
     FORCE CONVERGENCE VALUE  =  0.1586      CRITERION=   3.832     <<< CONVERGED
     DISP CONVERGENCE VALUE   =  0.3779E-03  CRITERION=  0.3406E-03
    EQUIL ITER   5 COMPLETED.  NEW TRIANG MATRIX.  MAX DOF INC= -0.3779E-03
     FORCE CONVERGENCE VALUE  =  0.1092      CRITERION=   3.910     <<< CONVERGED
     DISP CONVERGENCE VALUE   =  0.2483E-03  CRITERION=  0.3476E-03 <<< CONVERGED
    EQUIL ITER   6 COMPLETED.  NEW TRIANG MATRIX.  MAX DOF INC = -0.2483E-03
    >>> SOLUTION CONVERGED AFTER EQUILIBRIUM ITERATION   6
 *** LOAD STEP     6   SUBSTEP     2  COMPLETED.    CUM ITER =     70
 *** TIME =  0.213333         TIME INC =  0.133333E-01
 *** MAX PLASTIC STRAIN STEP = 0.1194E-01   CRITERION = 0.9900    

 *****  ANSYS SOLVE    COMMAND  *****

 *** ANSYS - ENGINEERING ANALYSIS SYSTEM  RELEASE 2022 R1          22.1     ***
 Ansys Mechanical Enterprise                       
 00000000  VERSION=WINDOWS x64   13:00:47  SEP 24, 2024 CP=   4664.094

  Re=1 matmacico=8 E1=1500 pr=%pr% matrev=2 E2=30303.3845 vp=12.5              

 Note - This ANSYS version was linked by Licensee

 SOLUTION MONITORING INFO IS WRITTEN TO FILE= file.mntr                                                                                                                                                                                                                                                           

     FORCE CONVERGENCE VALUE  =   1.465      CRITERION=   3.535    
     DISP CONVERGENCE VALUE   =  0.3730E-02  CRITERION=  0.3142E-03
    EQUIL ITER   1 COMPLETED.  NEW TRIANG MATRIX.  MAX DOF INC=  0.3730E-02
     FORCE CONVERGENCE VALUE  =  0.6226      CRITERION=   3.607     <<< CONVERGED
     DISP CONVERGENCE VALUE   =  0.1392E-02  CRITERION=  0.3206E-03
    EQUIL ITER   2 COMPLETED.  NEW TRIANG MATRIX.  MAX DOF INC=  0.1392E-02
     FORCE CONVERGENCE VALUE  =  0.3345      CRITERION=   3.681     <<< CONVERGED
     DISP CONVERGENCE VALUE   =  0.7845E-03  CRITERION=  0.3271E-03
    EQUIL ITER   3 COMPLETED.  NEW TRIANG MATRIX.  MAX DOF INC=  0.7845E-03
     FORCE CONVERGENCE VALUE  =  0.2157      CRITERION=   3.756     <<< CONVERGED
     DISP CONVERGENCE VALUE   =  0.4678E-03  CRITERION=  0.3455E-03
    EQUIL ITER   4 COMPLETED.  NEW TRIANG MATRIX.  MAX DOF INC=  0.4678E-03
     FORCE CONVERGENCE VALUE  =  0.1532      CRITERION=   3.832     <<< CONVERGED
     DISP CONVERGENCE VALUE   =  0.2912E-03  CRITERION=  0.3687E-03 <<< CONVERGED
    EQUIL ITER   5 COMPLETED.  NEW TRIANG MATRIX.  MAX DOF INC =  0.2912E-03
    >>> SOLUTION CONVERGED AFTER EQUILIBRIUM ITERATION   5
 *** LOAD STEP     7   SUBSTEP     1  COMPLETED.    CUM ITER =     75
 *** TIME =  0.226667         TIME INC =  0.133333E-01
 *** MAX PLASTIC STRAIN STEP = 0.3302E-01   CRITERION = 0.9900    
 *** AUTO STEP TIME:  NEXT TIME INC = 0.13333E-01  UNCHANGED

     FORCE CONVERGENCE VALUE  =   1.108      CRITERION=   3.535    
     DISP CONVERGENCE VALUE   =  0.1789E-02  CRITERION=  0.3400E-03
    EQUIL ITER   1 COMPLETED.  NEW TRIANG MATRIX.  MAX DOF INC= -0.1789E-02
     FORCE CONVERGENCE VALUE  =  0.5107      CRITERION=   3.607     <<< CONVERGED
     DISP CONVERGENCE VALUE   =  0.1364E-02  CRITERION=  0.3470E-03
    EQUIL ITER   2 COMPLETED.  NEW TRIANG MATRIX.  MAX DOF INC= -0.1364E-02
     FORCE CONVERGENCE VALUE  =  0.3422      CRITERION=   3.681     <<< CONVERGED
     DISP CONVERGENCE VALUE   =  0.9342E-03  CRITERION=  0.3541E-03
    EQUIL ITER   3 COMPLETED.  NEW TRIANG MATRIX.  MAX DOF INC= -0.9342E-03
     FORCE CONVERGENCE VALUE  =  0.2318      CRITERION=   3.756     <<< CONVERGED
     DISP CONVERGENCE VALUE   =  0.6193E-03  CRITERION=  0.3613E-03
    EQUIL ITER   4 COMPLETED.  NEW TRIANG MATRIX.  MAX DOF INC= -0.6193E-03
     FORCE CONVERGENCE VALUE  =  0.1586      CRITERION=   3.833     <<< CONVERGED
     DISP CONVERGENCE VALUE   =  0.4100E-03  CRITERION=  0.3687E-03
    EQUIL ITER   5 COMPLETED.  NEW TRIANG MATRIX.  MAX DOF INC= -0.4100E-03
     FORCE CONVERGENCE VALUE  =  0.1093      CRITERION=   3.911     <<< CONVERGED
     DISP CONVERGENCE VALUE   =  0.2700E-03  CRITERION=  0.3762E-03 <<< CONVERGED
    EQUIL ITER   6 COMPLETED.  NEW TRIANG MATRIX.  MAX DOF INC = -0.2700E-03
    >>> SOLUTION CONVERGED AFTER EQUILIBRIUM ITERATION   6
 *** LOAD STEP     7   SUBSTEP     2  COMPLETED.    CUM ITER =     81
 *** TIME =  0.240000         TIME INC =  0.133333E-01
 *** MAX PLASTIC STRAIN STEP = 0.1199E-01   CRITERION = 0.9900    

 *****  ANSYS SOLVE    COMMAND  *****

 *** ANSYS - ENGINEERING ANALYSIS SYSTEM  RELEASE 2022 R1          22.1     ***
 Ansys Mechanical Enterprise                       
 00000000  VERSION=WINDOWS x64   13:02:24  SEP 24, 2024 CP=   5376.094

  Re=1 matmacico=8 E1=1500 pr=%pr% matrev=2 E2=30303.3845 vp=12.5              

 Note - This ANSYS version was linked by Licensee

 SOLUTION MONITORING INFO IS WRITTEN TO FILE= file.mntr                                                                                                                                                                                                                                                           

     FORCE CONVERGENCE VALUE  =   1.466      CRITERION=   3.535    
     DISP CONVERGENCE VALUE   =  0.3941E-02  CRITERION=  0.3400E-03
    EQUIL ITER   1 COMPLETED.  NEW TRIANG MATRIX.  MAX DOF INC=  0.3941E-02
     FORCE CONVERGENCE VALUE  =  0.6216      CRITERION=   3.607     <<< CONVERGED
     DISP CONVERGENCE VALUE   =  0.1480E-02  CRITERION=  0.3470E-03
    EQUIL ITER   2 COMPLETED.  NEW TRIANG MATRIX.  MAX DOF INC=  0.1480E-02
     FORCE CONVERGENCE VALUE  =  0.3347      CRITERION=   3.681     <<< CONVERGED
     DISP CONVERGENCE VALUE   =  0.8343E-03  CRITERION=  0.3541E-03
    EQUIL ITER   3 COMPLETED.  NEW TRIANG MATRIX.  MAX DOF INC=  0.8343E-03
     FORCE CONVERGENCE VALUE  =  0.2161      CRITERION=   3.756     <<< CONVERGED
     DISP CONVERGENCE VALUE   =  0.4975E-03  CRITERION=  0.3661E-03
    EQUIL ITER   4 COMPLETED.  NEW TRIANG MATRIX.  MAX DOF INC=  0.4975E-03
     FORCE CONVERGENCE VALUE  =  0.1538      CRITERION=   3.833     <<< CONVERGED
     DISP CONVERGENCE VALUE   =  0.3100E-03  CRITERION=  0.3907E-03 <<< CONVERGED
    EQUIL ITER   5 COMPLETED.  NEW TRIANG MATRIX.  MAX DOF INC =  0.3100E-03
    >>> SOLUTION CONVERGED AFTER EQUILIBRIUM ITERATION   5
 *** LOAD STEP     8   SUBSTEP     1  COMPLETED.    CUM ITER =     86
 *** TIME =  0.253333         TIME INC =  0.133333E-01
 *** MAX PLASTIC STRAIN STEP = 0.3314E-01   CRITERION = 0.9900    
 *** AUTO STEP TIME:  NEXT TIME INC = 0.13333E-01  UNCHANGED

     FORCE CONVERGENCE VALUE  =   1.108      CRITERION=   3.535    
     DISP CONVERGENCE VALUE   =  0.1893E-02  CRITERION=  0.3603E-03
    EQUIL ITER   1 COMPLETED.  NEW TRIANG MATRIX.  MAX DOF INC= -0.1893E-02
     FORCE CONVERGENCE VALUE  =  0.5089      CRITERION=   3.608     <<< CONVERGED
     DISP CONVERGENCE VALUE   =  0.1440E-02  CRITERION=  0.3677E-03
    EQUIL ITER   2 COMPLETED.  NEW TRIANG MATRIX.  MAX DOF INC= -0.1440E-02
     FORCE CONVERGENCE VALUE  =  0.3410      CRITERION=   3.681     <<< CONVERGED
     DISP CONVERGENCE VALUE   =  0.9880E-03  CRITERION=  0.3752E-03
    EQUIL ITER   3 COMPLETED.  NEW TRIANG MATRIX.  MAX DOF INC= -0.9880E-03
     FORCE CONVERGENCE VALUE  =  0.2311      CRITERION=   3.756     <<< CONVERGED
     DISP CONVERGENCE VALUE   =  0.6563E-03  CRITERION=  0.3829E-03
    EQUIL ITER   4 COMPLETED.  NEW TRIANG MATRIX.  MAX DOF INC= -0.6563E-03
     FORCE CONVERGENCE VALUE  =  0.1580      CRITERION=   3.833     <<< CONVERGED
     DISP CONVERGENCE VALUE   =  0.4350E-03  CRITERION=  0.3907E-03
    EQUIL ITER   5 COMPLETED.  NEW TRIANG MATRIX.  MAX DOF INC= -0.4350E-03
     FORCE CONVERGENCE VALUE  =  0.1092      CRITERION=   3.911     <<< CONVERGED
     DISP CONVERGENCE VALUE   =  0.2865E-03  CRITERION=  0.3986E-03 <<< CONVERGED
    EQUIL ITER   6 COMPLETED.  NEW TRIANG MATRIX.  MAX DOF INC = -0.2865E-03
    >>> SOLUTION CONVERGED AFTER EQUILIBRIUM ITERATION   6
 *** LOAD STEP     8   SUBSTEP     2  COMPLETED.    CUM ITER =     92
 *** TIME =  0.266667         TIME INC =  0.133333E-01
 *** MAX PLASTIC STRAIN STEP = 0.1208E-01   CRITERION = 0.9900    

 *****  ANSYS SOLVE    COMMAND  *****

 *** ANSYS - ENGINEERING ANALYSIS SYSTEM  RELEASE 2022 R1          22.1     ***
 Ansys Mechanical Enterprise                       
 00000000  VERSION=WINDOWS x64   13:04:01  SEP 24, 2024 CP=   6089.266

  Re=1 matmacico=8 E1=1500 pr=%pr% matrev=2 E2=30303.3845 vp=12.5              

 Note - This ANSYS version was linked by Licensee

 SOLUTION MONITORING INFO IS WRITTEN TO FILE= file.mntr                                                                                                                                                                                                                                                           

     FORCE CONVERGENCE VALUE  =   1.467      CRITERION=   3.535    
     DISP CONVERGENCE VALUE   =  0.4112E-02  CRITERION=  0.3603E-03
    EQUIL ITER   1 COMPLETED.  NEW TRIANG MATRIX.  MAX DOF INC=  0.4112E-02
     FORCE CONVERGENCE VALUE  =  0.6233      CRITERION=   3.608     <<< CONVERGED
     DISP CONVERGENCE VALUE   =  0.1554E-02  CRITERION=  0.3677E-03
    EQUIL ITER   2 COMPLETED.  NEW TRIANG MATRIX.  MAX DOF INC=  0.1554E-02
     FORCE CONVERGENCE VALUE  =  0.3353      CRITERION=   3.681     <<< CONVERGED
     DISP CONVERGENCE VALUE   =  0.8758E-03  CRITERION=  0.3752E-03
    EQUIL ITER   3 COMPLETED.  NEW TRIANG MATRIX.  MAX DOF INC=  0.8758E-03
     FORCE CONVERGENCE VALUE  =  0.2165      CRITERION=   3.756     <<< CONVERGED
     DISP CONVERGENCE VALUE   =  0.5224E-03  CRITERION=  0.3829E-03
    EQUIL ITER   4 COMPLETED.  NEW TRIANG MATRIX.  MAX DOF INC=  0.5224E-03
     FORCE CONVERGENCE VALUE  =  0.1541      CRITERION=   3.833     <<< CONVERGED
     DISP CONVERGENCE VALUE   =  0.3257E-03  CRITERION=  0.4088E-03 <<< CONVERGED
    EQUIL ITER   5 COMPLETED.  NEW TRIANG MATRIX.  MAX DOF INC =  0.3257E-03
    >>> SOLUTION CONVERGED AFTER EQUILIBRIUM ITERATION   5
 *** LOAD STEP     9   SUBSTEP     1  COMPLETED.    CUM ITER =     97
 *** TIME =  0.280000         TIME INC =  0.133333E-01
 *** MAX PLASTIC STRAIN STEP = 0.3324E-01   CRITERION = 0.9900    
 *** AUTO STEP TIME:  NEXT TIME INC = 0.13333E-01  UNCHANGED

     FORCE CONVERGENCE VALUE  =   1.110      CRITERION=   3.536    
     DISP CONVERGENCE VALUE   =  0.1976E-02  CRITERION=  0.3770E-03
    EQUIL ITER   1 COMPLETED.  NEW TRIANG MATRIX.  MAX DOF INC= -0.1976E-02
     FORCE CONVERGENCE VALUE  =  0.5084      CRITERION=   3.608     <<< CONVERGED
     DISP CONVERGENCE VALUE   =  0.1502E-02  CRITERION=  0.3847E-03
    EQUIL ITER   2 COMPLETED.  NEW TRIANG MATRIX.  MAX DOF INC= -0.1502E-02
     FORCE CONVERGENCE VALUE  =  0.3406      CRITERION=   3.681     <<< CONVERGED
     DISP CONVERGENCE VALUE   =  0.1032E-02  CRITERION=  0.3926E-03
    EQUIL ITER   3 COMPLETED.  NEW TRIANG MATRIX.  MAX DOF INC= -0.1032E-02
     FORCE CONVERGENCE VALUE  =  0.2310      CRITERION=   3.757     <<< CONVERGED
     DISP CONVERGENCE VALUE   =  0.6871E-03  CRITERION=  0.4006E-03
    EQUIL ITER   4 COMPLETED.  NEW TRIANG MATRIX.  MAX DOF INC= -0.6871E-03
     FORCE CONVERGENCE VALUE  =  0.1580      CRITERION=   3.833     <<< CONVERGED
     DISP CONVERGENCE VALUE   =  0.4562E-03  CRITERION=  0.4088E-03
    EQUIL ITER   5 COMPLETED.  NEW TRIANG MATRIX.  MAX DOF INC= -0.4562E-03
     FORCE CONVERGENCE VALUE  =  0.1092      CRITERION=   3.911     <<< CONVERGED
     DISP CONVERGENCE VALUE   =  0.3006E-03  CRITERION=  0.4171E-03 <<< CONVERGED
    EQUIL ITER   6 COMPLETED.  NEW TRIANG MATRIX.  MAX DOF INC = -0.3006E-03
    >>> SOLUTION CONVERGED AFTER EQUILIBRIUM ITERATION   6
 *** LOAD STEP     9   SUBSTEP     2  COMPLETED.    CUM ITER =    103
 *** TIME =  0.293333         TIME INC =  0.133333E-01
 *** MAX PLASTIC STRAIN STEP = 0.1213E-01   CRITERION = 0.9900    

 *****  ANSYS SOLVE    COMMAND  *****

 *** ANSYS - ENGINEERING ANALYSIS SYSTEM  RELEASE 2022 R1          22.1     ***
 Ansys Mechanical Enterprise                       
 00000000  VERSION=WINDOWS x64   13:05:39  SEP 24, 2024 CP=   6805.875

  Re=1 matmacico=8 E1=1500 pr=%pr% matrev=2 E2=30303.3845 vp=12.5              

 Note - This ANSYS version was linked by Licensee

 SOLUTION MONITORING INFO IS WRITTEN TO FILE= file.mntr                                                                                                                                                                                                                                                           

     FORCE CONVERGENCE VALUE  =   1.467      CRITERION=   3.536    
     DISP CONVERGENCE VALUE   =  0.4251E-02  CRITERION=  0.3770E-03
    EQUIL ITER   1 COMPLETED.  NEW TRIANG MATRIX.  MAX DOF INC=  0.4251E-02
     FORCE CONVERGENCE VALUE  =  0.6231      CRITERION=   3.608     <<< CONVERGED
     DISP CONVERGENCE VALUE   =  0.1614E-02  CRITERION=  0.3847E-03
    EQUIL ITER   2 COMPLETED.  NEW TRIANG MATRIX.  MAX DOF INC=  0.1614E-02
     FORCE CONVERGENCE VALUE  =  0.3356      CRITERION=   3.681     <<< CONVERGED
     DISP CONVERGENCE VALUE   =  0.9097E-03  CRITERION=  0.3926E-03
    EQUIL ITER   3 COMPLETED.  NEW TRIANG MATRIX.  MAX DOF INC=  0.9097E-03
     FORCE CONVERGENCE VALUE  =  0.2168      CRITERION=   3.757     <<< CONVERGED
     DISP CONVERGENCE VALUE   =  0.5428E-03  CRITERION=  0.4006E-03
    EQUIL ITER   4 COMPLETED.  NEW TRIANG MATRIX.  MAX DOF INC=  0.5428E-03
     FORCE CONVERGENCE VALUE  =  0.1545      CRITERION=   3.833     <<< CONVERGED
     DISP CONVERGENCE VALUE   =  0.3386E-03  CRITERION=  0.4235E-03 <<< CONVERGED
    EQUIL ITER   5 COMPLETED.  NEW TRIANG MATRIX.  MAX DOF INC =  0.3386E-03
    >>> SOLUTION CONVERGED AFTER EQUILIBRIUM ITERATION   5
 *** LOAD STEP    10   SUBSTEP     1  COMPLETED.    CUM ITER =    108
 *** TIME =  0.306667         TIME INC =  0.133333E-01
 *** MAX PLASTIC STRAIN STEP = 0.3333E-01   CRITERION = 0.9900    
 *** AUTO STEP TIME:  NEXT TIME INC = 0.13333E-01  UNCHANGED

     FORCE CONVERGENCE VALUE  =   1.110      CRITERION=   3.536    
     DISP CONVERGENCE VALUE   =  0.2044E-02  CRITERION=  0.3906E-03
    EQUIL ITER   1 COMPLETED.  NEW TRIANG MATRIX.  MAX DOF INC= -0.2044E-02
     FORCE CONVERGENCE VALUE  =  0.5075      CRITERION=   3.608     <<< CONVERGED
     DISP CONVERGENCE VALUE   =  0.1552E-02  CRITERION=  0.3986E-03
    EQUIL ITER   2 COMPLETED.  NEW TRIANG MATRIX.  MAX DOF INC= -0.1552E-02
     FORCE CONVERGENCE VALUE  =  0.3399      CRITERION=   3.682     <<< CONVERGED
     DISP CONVERGENCE VALUE   =  0.1068E-02  CRITERION=  0.4067E-03
    EQUIL ITER   3 COMPLETED.  NEW TRIANG MATRIX.  MAX DOF INC= -0.1068E-02
     FORCE CONVERGENCE VALUE  =  0.2306      CRITERION=   3.757     <<< CONVERGED
     DISP CONVERGENCE VALUE   =  0.7119E-03  CRITERION=  0.4150E-03
    EQUIL ITER   4 COMPLETED.  NEW TRIANG MATRIX.  MAX DOF INC= -0.7119E-03
     FORCE CONVERGENCE VALUE  =  0.1578      CRITERION=   3.833     <<< CONVERGED
     DISP CONVERGENCE VALUE   =  0.4731E-03  CRITERION=  0.4235E-03
    EQUIL ITER   5 COMPLETED.  NEW TRIANG MATRIX.  MAX DOF INC= -0.4731E-03
     FORCE CONVERGENCE VALUE  =  0.1091      CRITERION=   3.912     <<< CONVERGED
     DISP CONVERGENCE VALUE   =  0.3120E-03  CRITERION=  0.4322E-03 <<< CONVERGED
    EQUIL ITER   6 COMPLETED.  NEW TRIANG MATRIX.  MAX DOF INC = -0.3120E-03
    >>> SOLUTION CONVERGED AFTER EQUILIBRIUM ITERATION   6
 *** LOAD STEP    10   SUBSTEP     2  COMPLETED.    CUM ITER =    114
 *** TIME =  0.320000         TIME INC =  0.133333E-01
 *** MAX PLASTIC STRAIN STEP = 0.1219E-01   CRITERION = 0.9900    

 *****  ANSYS SOLVE    COMMAND  *****

 *** ANSYS - ENGINEERING ANALYSIS SYSTEM  RELEASE 2022 R1          22.1     ***
 Ansys Mechanical Enterprise                       
 00000000  VERSION=WINDOWS x64   13:07:17  SEP 24, 2024 CP=   7520.891

  Re=1 matmacico=8 E1=1500 pr=%pr% matrev=2 E2=30303.3845 vp=12.5              

 Note - This ANSYS version was linked by Licensee

 SOLUTION MONITORING INFO IS WRITTEN TO FILE= file.mntr                                                                                                                                                                                                                                                           

     FORCE CONVERGENCE VALUE  =   1.468      CRITERION=   3.536    
     DISP CONVERGENCE VALUE   =  0.4367E-02  CRITERION=  0.3906E-03
    EQUIL ITER   1 COMPLETED.  NEW TRIANG MATRIX.  MAX DOF INC=  0.4367E-02
     FORCE CONVERGENCE VALUE  =  0.6241      CRITERION=   3.608     <<< CONVERGED
     DISP CONVERGENCE VALUE   =  0.1664E-02  CRITERION=  0.3986E-03
    EQUIL ITER   2 COMPLETED.  NEW TRIANG MATRIX.  MAX DOF INC=  0.1664E-02
     FORCE CONVERGENCE VALUE  =  0.3360      CRITERION=   3.682     <<< CONVERGED
     DISP CONVERGENCE VALUE   =  0.9382E-03  CRITERION=  0.4067E-03
    EQUIL ITER   3 COMPLETED.  NEW TRIANG MATRIX.  MAX DOF INC=  0.9382E-03
     FORCE CONVERGENCE VALUE  =  0.2170      CRITERION=   3.757     <<< CONVERGED
     DISP CONVERGENCE VALUE   =  0.5601E-03  CRITERION=  0.4150E-03
    EQUIL ITER   4 COMPLETED.  NEW TRIANG MATRIX.  MAX DOF INC=  0.5601E-03
     FORCE CONVERGENCE VALUE  =  0.1547      CRITERION=   3.834     <<< CONVERGED
     DISP CONVERGENCE VALUE   =  0.3496E-03  CRITERION=  0.4358E-03 <<< CONVERGED
    EQUIL ITER   5 COMPLETED.  NEW TRIANG MATRIX.  MAX DOF INC =  0.3496E-03
    >>> SOLUTION CONVERGED AFTER EQUILIBRIUM ITERATION   5
 *** LOAD STEP    11   SUBSTEP     1  COMPLETED.    CUM ITER =    119
 *** TIME =  0.333333         TIME INC =  0.133333E-01
 *** MAX PLASTIC STRAIN STEP = 0.3340E-01   CRITERION = 0.9900    
 *** AUTO STEP TIME:  NEXT TIME INC = 0.13333E-01  UNCHANGED

     FORCE CONVERGENCE VALUE  =   1.111      CRITERION=   3.536    
     DISP CONVERGENCE VALUE   =  0.2101E-02  CRITERION=  0.4020E-03
    EQUIL ITER   1 COMPLETED.  NEW TRIANG MATRIX.  MAX DOF INC= -0.2101E-02
     FORCE CONVERGENCE VALUE  =  0.5071      CRITERION=   3.608     <<< CONVERGED
     DISP CONVERGENCE VALUE   =  0.1593E-02  CRITERION=  0.4102E-03
    EQUIL ITER   2 COMPLETED.  NEW TRIANG MATRIX.  MAX DOF INC= -0.1593E-02
     FORCE CONVERGENCE VALUE  =  0.3396      CRITERION=   3.682     <<< CONVERGED
     DISP CONVERGENCE VALUE   =  0.1097E-02  CRITERION=  0.4186E-03
    EQUIL ITER   3 COMPLETED.  NEW TRIANG MATRIX.  MAX DOF INC= -0.1097E-02
     FORCE CONVERGENCE VALUE  =  0.2305      CRITERION=   3.757     <<< CONVERGED
     DISP CONVERGENCE VALUE   =  0.7328E-03  CRITERION=  0.4271E-03
    EQUIL ITER   4 COMPLETED.  NEW TRIANG MATRIX.  MAX DOF INC= -0.7328E-03
     FORCE CONVERGENCE VALUE  =  0.1578      CRITERION=   3.834     <<< CONVERGED
     DISP CONVERGENCE VALUE   =  0.4874E-03  CRITERION=  0.4358E-03
    EQUIL ITER   5 COMPLETED.  NEW TRIANG MATRIX.  MAX DOF INC= -0.4874E-03
     FORCE CONVERGENCE VALUE  =  0.1092      CRITERION=   3.912     <<< CONVERGED
     DISP CONVERGENCE VALUE   =  0.3218E-03  CRITERION=  0.4447E-03 <<< CONVERGED
    EQUIL ITER   6 COMPLETED.  NEW TRIANG MATRIX.  MAX DOF INC = -0.3218E-03
    >>> SOLUTION CONVERGED AFTER EQUILIBRIUM ITERATION   6
 *** LOAD STEP    11   SUBSTEP     2  COMPLETED.    CUM ITER =    125
 *** TIME =  0.346667         TIME INC =  0.133333E-01
 *** MAX PLASTIC STRAIN STEP = 0.1223E-01   CRITERION = 0.9900    

 *****  ANSYS SOLVE    COMMAND  *****

 *** ANSYS - ENGINEERING ANALYSIS SYSTEM  RELEASE 2022 R1          22.1     ***
 Ansys Mechanical Enterprise                       
 00000000  VERSION=WINDOWS x64   13:08:55  SEP 24, 2024 CP=   8235.984

  Re=1 matmacico=8 E1=1500 pr=%pr% matrev=2 E2=30303.3845 vp=12.5              

 Note - This ANSYS version was linked by Licensee

 SOLUTION MONITORING INFO IS WRITTEN TO FILE= file.mntr                                                                                                                                                                                                                                                           

     FORCE CONVERGENCE VALUE  =   1.468      CRITERION=   3.536    
     DISP CONVERGENCE VALUE   =  0.4463E-02  CRITERION=  0.4020E-03
    EQUIL ITER   1 COMPLETED.  NEW TRIANG MATRIX.  MAX DOF INC=  0.4463E-02
     FORCE CONVERGENCE VALUE  =  0.6242      CRITERION=   3.608     <<< CONVERGED
     DISP CONVERGENCE VALUE   =  0.1707E-02  CRITERION=  0.4102E-03
    EQUIL ITER   2 COMPLETED.  NEW TRIANG MATRIX.  MAX DOF INC=  0.1707E-02
     FORCE CONVERGENCE VALUE  =  0.3362      CRITERION=   3.682     <<< CONVERGED
     DISP CONVERGENCE VALUE   =  0.9621E-03  CRITERION=  0.4186E-03
    EQUIL ITER   3 COMPLETED.  NEW TRIANG MATRIX.  MAX DOF INC=  0.9621E-03
     FORCE CONVERGENCE VALUE  =  0.2173      CRITERION=   3.757     <<< CONVERGED
     DISP CONVERGENCE VALUE   =  0.5746E-03  CRITERION=  0.4271E-03
    EQUIL ITER   4 COMPLETED.  NEW TRIANG MATRIX.  MAX DOF INC=  0.5746E-03
     FORCE CONVERGENCE VALUE  =  0.1550      CRITERION=   3.834     <<< CONVERGED
     DISP CONVERGENCE VALUE   =  0.3589E-03  CRITERION=  0.4461E-03 <<< CONVERGED
    EQUIL ITER   5 COMPLETED.  NEW TRIANG MATRIX.  MAX DOF INC =  0.3589E-03
    >>> SOLUTION CONVERGED AFTER EQUILIBRIUM ITERATION   5
 *** LOAD STEP    12   SUBSTEP     1  COMPLETED.    CUM ITER =    130
 *** TIME =  0.360000         TIME INC =  0.133333E-01
 *** MAX PLASTIC STRAIN STEP = 0.3346E-01   CRITERION = 0.9900    
 *** AUTO STEP TIME:  NEXT TIME INC = 0.13333E-01  UNCHANGED

     FORCE CONVERGENCE VALUE  =   1.112      CRITERION=   3.536    
     DISP CONVERGENCE VALUE   =  0.2147E-02  CRITERION=  0.4115E-03
    EQUIL ITER   1 COMPLETED.  NEW TRIANG MATRIX.  MAX DOF INC= -0.2147E-02
     FORCE CONVERGENCE VALUE  =  0.5065      CRITERION=   3.609     <<< CONVERGED
     DISP CONVERGENCE VALUE   =  0.1628E-02  CRITERION=  0.4199E-03
    EQUIL ITER   2 COMPLETED.  NEW TRIANG MATRIX.  MAX DOF INC= -0.1628E-02
     FORCE CONVERGENCE VALUE  =  0.3392      CRITERION=   3.682     <<< CONVERGED
     DISP CONVERGENCE VALUE   =  0.1122E-02  CRITERION=  0.4284E-03
    EQUIL ITER   3 COMPLETED.  NEW TRIANG MATRIX.  MAX DOF INC= -0.1122E-02
     FORCE CONVERGENCE VALUE  =  0.2303      CRITERION=   3.757     <<< CONVERGED
     DISP CONVERGENCE VALUE   =  0.7500E-03  CRITERION=  0.4372E-03
    EQUIL ITER   4 COMPLETED.  NEW TRIANG MATRIX.  MAX DOF INC= -0.7500E-03
     FORCE CONVERGENCE VALUE  =  0.1577      CRITERION=   3.834     <<< CONVERGED
     DISP CONVERGENCE VALUE   =  0.4992E-03  CRITERION=  0.4461E-03
    EQUIL ITER   5 COMPLETED.  NEW TRIANG MATRIX.  MAX DOF INC= -0.4992E-03
     FORCE CONVERGENCE VALUE  =  0.1091      CRITERION=   3.912     <<< CONVERGED
     DISP CONVERGENCE VALUE   =  0.3299E-03  CRITERION=  0.4552E-03 <<< CONVERGED
    EQUIL ITER   6 COMPLETED.  NEW TRIANG MATRIX.  MAX DOF INC = -0.3299E-03
    >>> SOLUTION CONVERGED AFTER EQUILIBRIUM ITERATION   6
 *** LOAD STEP    12   SUBSTEP     2  COMPLETED.    CUM ITER =    136
 *** TIME =  0.373333         TIME INC =  0.133333E-01
 *** MAX PLASTIC STRAIN STEP = 0.1228E-01   CRITERION = 0.9900    

 *****  ANSYS SOLVE    COMMAND  *****

 *** ANSYS - ENGINEERING ANALYSIS SYSTEM  RELEASE 2022 R1          22.1     ***
 Ansys Mechanical Enterprise                       
 00000000  VERSION=WINDOWS x64   13:10:32  SEP 24, 2024 CP=   8952.734

  Re=1 matmacico=8 E1=1500 pr=%pr% matrev=2 E2=30303.3845 vp=12.5              

 Note - This ANSYS version was linked by Licensee

 SOLUTION MONITORING INFO IS WRITTEN TO FILE= file.mntr                                                                                                                                                                                                                                                           

     FORCE CONVERGENCE VALUE  =   1.469      CRITERION=   3.536    
     DISP CONVERGENCE VALUE   =  0.4543E-02  CRITERION=  0.4115E-03
    EQUIL ITER   1 COMPLETED.  NEW TRIANG MATRIX.  MAX DOF INC=  0.4543E-02
     FORCE CONVERGENCE VALUE  =  0.6248      CRITERION=   3.609     <<< CONVERGED
     DISP CONVERGENCE VALUE   =  0.1742E-02  CRITERION=  0.4199E-03
    EQUIL ITER   2 COMPLETED.  NEW TRIANG MATRIX.  MAX DOF INC=  0.1742E-02
     FORCE CONVERGENCE VALUE  =  0.3365      CRITERION=   3.682     <<< CONVERGED
     DISP CONVERGENCE VALUE   =  0.9823E-03  CRITERION=  0.4284E-03
    EQUIL ITER   3 COMPLETED.  NEW TRIANG MATRIX.  MAX DOF INC=  0.9823E-03
     FORCE CONVERGENCE VALUE  =  0.2175      CRITERION=   3.757     <<< CONVERGED
     DISP CONVERGENCE VALUE   =  0.5870E-03  CRITERION=  0.4372E-03
    EQUIL ITER   4 COMPLETED.  NEW TRIANG MATRIX.  MAX DOF INC=  0.5870E-03
     FORCE CONVERGENCE VALUE  =  0.1552      CRITERION=   3.834     <<< CONVERGED
     DISP CONVERGENCE VALUE   =  0.3668E-03  CRITERION=  0.4548E-03 <<< CONVERGED
    EQUIL ITER   5 COMPLETED.  NEW TRIANG MATRIX.  MAX DOF INC =  0.3668E-03
    >>> SOLUTION CONVERGED AFTER EQUILIBRIUM ITERATION   5
 *** LOAD STEP    13   SUBSTEP     1  COMPLETED.    CUM ITER =    141
 *** TIME =  0.386667         TIME INC =  0.133333E-01
 *** MAX PLASTIC STRAIN STEP = 0.3351E-01   CRITERION = 0.9900    
 *** AUTO STEP TIME:  NEXT TIME INC = 0.13333E-01  UNCHANGED

     FORCE CONVERGENCE VALUE  =   1.112      CRITERION=   3.537    
     DISP CONVERGENCE VALUE   =  0.2186E-02  CRITERION=  0.4195E-03
    EQUIL ITER   1 COMPLETED.  NEW TRIANG MATRIX.  MAX DOF INC= -0.2186E-02
     FORCE CONVERGENCE VALUE  =  0.5062      CRITERION=   3.609     <<< CONVERGED
     DISP CONVERGENCE VALUE   =  0.1656E-02  CRITERION=  0.4280E-03
    EQUIL ITER   2 COMPLETED.  NEW TRIANG MATRIX.  MAX DOF INC= -0.1656E-02
     FORCE CONVERGENCE VALUE  =  0.3390      CRITERION=   3.682     <<< CONVERGED
     DISP CONVERGENCE VALUE   =  0.1142E-02  CRITERION=  0.4368E-03
    EQUIL ITER   3 COMPLETED.  NEW TRIANG MATRIX.  MAX DOF INC= -0.1142E-02
     FORCE CONVERGENCE VALUE  =  0.2302      CRITERION=   3.758     <<< CONVERGED
     DISP CONVERGENCE VALUE   =  0.7646E-03  CRITERION=  0.4457E-03
    EQUIL ITER   4 COMPLETED.  NEW TRIANG MATRIX.  MAX DOF INC= -0.7646E-03
     FORCE CONVERGENCE VALUE  =  0.1577      CRITERION=   3.834     <<< CONVERGED
     DISP CONVERGENCE VALUE   =  0.5093E-03  CRITERION=  0.4548E-03
    EQUIL ITER   5 COMPLETED.  NEW TRIANG MATRIX.  MAX DOF INC= -0.5093E-03
     FORCE CONVERGENCE VALUE  =  0.1092      CRITERION=   3.912     <<< CONVERGED
     DISP CONVERGENCE VALUE   =  0.3370E-03  CRITERION=  0.4641E-03 <<< CONVERGED
    EQUIL ITER   6 COMPLETED.  NEW TRIANG MATRIX.  MAX DOF INC = -0.3370E-03
    >>> SOLUTION CONVERGED AFTER EQUILIBRIUM ITERATION   6
 *** LOAD STEP    13   SUBSTEP     2  COMPLETED.    CUM ITER =    147
 *** TIME =  0.400000         TIME INC =  0.133333E-01
 *** MAX PLASTIC STRAIN STEP = 0.1231E-01   CRITERION = 0.9900    

 *****  ANSYS SOLVE    COMMAND  *****

 *** ANSYS - ENGINEERING ANALYSIS SYSTEM  RELEASE 2022 R1          22.1     ***
 Ansys Mechanical Enterprise                       
 00000000  VERSION=WINDOWS x64   13:12:10  SEP 24, 2024 CP=   9669.203

  Re=1 matmacico=8 E1=1500 pr=%pr% matrev=2 E2=30303.3845 vp=12.5              

 Note - This ANSYS version was linked by Licensee

 SOLUTION MONITORING INFO IS WRITTEN TO FILE= file.mntr                                                                                                                                                                                                                                                           

     FORCE CONVERGENCE VALUE  =   1.469      CRITERION=   3.537    
     DISP CONVERGENCE VALUE   =  0.4611E-02  CRITERION=  0.4195E-03
    EQUIL ITER   1 COMPLETED.  NEW TRIANG MATRIX.  MAX DOF INC=  0.4611E-02
     FORCE CONVERGENCE VALUE  =  0.6249      CRITERION=   3.609     <<< CONVERGED
     DISP CONVERGENCE VALUE   =  0.1773E-02  CRITERION=  0.4280E-03
    EQUIL ITER   2 COMPLETED.  NEW TRIANG MATRIX.  MAX DOF INC=  0.1773E-02
     FORCE CONVERGENCE VALUE  =  0.3367      CRITERION=   3.683     <<< CONVERGED
     DISP CONVERGENCE VALUE   =  0.9996E-03  CRITERION=  0.4368E-03
    EQUIL ITER   3 COMPLETED.  NEW TRIANG MATRIX.  MAX DOF INC=  0.9996E-03
     FORCE CONVERGENCE VALUE  =  0.2177      CRITERION=   3.758     <<< CONVERGED
     DISP CONVERGENCE VALUE   =  0.5975E-03  CRITERION=  0.4457E-03
    EQUIL ITER   4 COMPLETED.  NEW TRIANG MATRIX.  MAX DOF INC=  0.5975E-03
     FORCE CONVERGENCE VALUE  =  0.1554      CRITERION=   3.834     <<< CONVERGED
     DISP CONVERGENCE VALUE   =  0.3737E-03  CRITERION=  0.4621E-03 <<< CONVERGED
    EQUIL ITER   5 COMPLETED.  NEW TRIANG MATRIX.  MAX DOF INC =  0.3737E-03
    >>> SOLUTION CONVERGED AFTER EQUILIBRIUM ITERATION   5
 *** LOAD STEP    14   SUBSTEP     1  COMPLETED.    CUM ITER =    152
 *** TIME =  0.413333         TIME INC =  0.133333E-01
 *** MAX PLASTIC STRAIN STEP = 0.3356E-01   CRITERION = 0.9900    
 *** AUTO STEP TIME:  NEXT TIME INC = 0.13333E-01  UNCHANGED

     FORCE CONVERGENCE VALUE  =   1.112      CRITERION=   3.537    
     DISP CONVERGENCE VALUE   =  0.2219E-02  CRITERION=  0.4262E-03
    EQUIL ITER   1 COMPLETED.  NEW TRIANG MATRIX.  MAX DOF INC= -0.2219E-02
     FORCE CONVERGENCE VALUE  =  0.5058      CRITERION=   3.609     <<< CONVERGED
     DISP CONVERGENCE VALUE   =  0.1681E-02  CRITERION=  0.4349E-03
    EQUIL ITER   2 COMPLETED.  NEW TRIANG MATRIX.  MAX DOF INC= -0.1681E-02
     FORCE CONVERGENCE VALUE  =  0.3387      CRITERION=   3.683     <<< CONVERGED
     DISP CONVERGENCE VALUE   =  0.1160E-02  CRITERION=  0.4438E-03
    EQUIL ITER   3 COMPLETED.  NEW TRIANG MATRIX.  MAX DOF INC= -0.1160E-02
     FORCE CONVERGENCE VALUE  =  0.2300      CRITERION=   3.758     <<< CONVERGED
     DISP CONVERGENCE VALUE   =  0.7769E-03  CRITERION=  0.4529E-03
    EQUIL ITER   4 COMPLETED.  NEW TRIANG MATRIX.  MAX DOF INC= -0.7769E-03
     FORCE CONVERGENCE VALUE  =  0.1576      CRITERION=   3.834     <<< CONVERGED
     DISP CONVERGENCE VALUE   =  0.5178E-03  CRITERION=  0.4621E-03
    EQUIL ITER   5 COMPLETED.  NEW TRIANG MATRIX.  MAX DOF INC= -0.5178E-03
     FORCE CONVERGENCE VALUE  =  0.1092      CRITERION=   3.913     <<< CONVERGED
     DISP CONVERGENCE VALUE   =  0.3429E-03  CRITERION=  0.4715E-03 <<< CONVERGED
    EQUIL ITER   6 COMPLETED.  NEW TRIANG MATRIX.  MAX DOF INC = -0.3429E-03
    >>> SOLUTION CONVERGED AFTER EQUILIBRIUM ITERATION   6
 *** LOAD STEP    14   SUBSTEP     2  COMPLETED.    CUM ITER =    158
 *** TIME =  0.426667         TIME INC =  0.133333E-01
 *** MAX PLASTIC STRAIN STEP = 0.1234E-01   CRITERION = 0.9900    

 *****  ANSYS SOLVE    COMMAND  *****

 *** ANSYS - ENGINEERING ANALYSIS SYSTEM  RELEASE 2022 R1          22.1     ***
 Ansys Mechanical Enterprise                       
 00000000  VERSION=WINDOWS x64   13:13:48  SEP 24, 2024 CP=  10385.250

  Re=1 matmacico=8 E1=1500 pr=%pr% matrev=2 E2=30303.3845 vp=12.5              

 Note - This ANSYS version was linked by Licensee

 SOLUTION MONITORING INFO IS WRITTEN TO FILE= file.mntr                                                                                                                                                                                                                                                           

     FORCE CONVERGENCE VALUE  =   1.469      CRITERION=   3.537    
     DISP CONVERGENCE VALUE   =  0.4669E-02  CRITERION=  0.4262E-03
    EQUIL ITER   1 COMPLETED.  NEW TRIANG MATRIX.  MAX DOF INC=  0.4669E-02
     FORCE CONVERGENCE VALUE  =  0.6253      CRITERION=   3.609     <<< CONVERGED
     DISP CONVERGENCE VALUE   =  0.1799E-02  CRITERION=  0.4349E-03
    EQUIL ITER   2 COMPLETED.  NEW TRIANG MATRIX.  MAX DOF INC=  0.1799E-02
     FORCE CONVERGENCE VALUE  =  0.3369      CRITERION=   3.683     <<< CONVERGED
     DISP CONVERGENCE VALUE   =  0.1014E-02  CRITERION=  0.4438E-03
    EQUIL ITER   3 COMPLETED.  NEW TRIANG MATRIX.  MAX DOF INC=  0.1014E-02
     FORCE CONVERGENCE VALUE  =  0.2178      CRITERION=   3.758     <<< CONVERGED
     DISP CONVERGENCE VALUE   =  0.6066E-03  CRITERION=  0.4529E-03
    EQUIL ITER   4 COMPLETED.  NEW TRIANG MATRIX.  MAX DOF INC=  0.6066E-03
     FORCE CONVERGENCE VALUE  =  0.1556      CRITERION=   3.835     <<< CONVERGED
     DISP CONVERGENCE VALUE   =  0.3796E-03  CRITERION=  0.4684E-03 <<< CONVERGED
    EQUIL ITER   5 COMPLETED.  NEW TRIANG MATRIX.  MAX DOF INC =  0.3796E-03
    >>> SOLUTION CONVERGED AFTER EQUILIBRIUM ITERATION   5
 *** LOAD STEP    15   SUBSTEP     1  COMPLETED.    CUM ITER =    163
 *** TIME =  0.440000         TIME INC =  0.133333E-01
 *** MAX PLASTIC STRAIN STEP = 0.3359E-01   CRITERION = 0.9900    
 *** AUTO STEP TIME:  NEXT TIME INC = 0.13333E-01  UNCHANGED

     FORCE CONVERGENCE VALUE  =   1.113      CRITERION=   3.537    
     DISP CONVERGENCE VALUE   =  0.2247E-02  CRITERION=  0.4320E-03
    EQUIL ITER   1 COMPLETED.  NEW TRIANG MATRIX.  MAX DOF INC= -0.2247E-02
     FORCE CONVERGENCE VALUE  =  0.5056      CRITERION=   3.609     <<< CONVERGED
     DISP CONVERGENCE VALUE   =  0.1701E-02  CRITERION=  0.4408E-03
    EQUIL ITER   2 COMPLETED.  NEW TRIANG MATRIX.  MAX DOF INC= -0.1701E-02
     FORCE CONVERGENCE VALUE  =  0.3385      CRITERION=   3.683     <<< CONVERGED
     DISP CONVERGENCE VALUE   =  0.1175E-02  CRITERION=  0.4498E-03
    EQUIL ITER   3 COMPLETED.  NEW TRIANG MATRIX.  MAX DOF INC= -0.1175E-02
     FORCE CONVERGENCE VALUE  =  0.2300      CRITERION=   3.758     <<< CONVERGED
     DISP CONVERGENCE VALUE   =  0.7874E-03  CRITERION=  0.4590E-03
    EQUIL ITER   4 COMPLETED.  NEW TRIANG MATRIX.  MAX DOF INC= -0.7874E-03
     FORCE CONVERGENCE VALUE  =  0.1576      CRITERION=   3.835     <<< CONVERGED
     DISP CONVERGENCE VALUE   =  0.5252E-03  CRITERION=  0.4684E-03
    EQUIL ITER   5 COMPLETED.  NEW TRIANG MATRIX.  MAX DOF INC= -0.5252E-03
     FORCE CONVERGENCE VALUE  =  0.1092      CRITERION=   3.913     <<< CONVERGED
     DISP CONVERGENCE VALUE   =  0.3480E-03  CRITERION=  0.4779E-03 <<< CONVERGED
    EQUIL ITER   6 COMPLETED.  NEW TRIANG MATRIX.  MAX DOF INC = -0.3480E-03
    >>> SOLUTION CONVERGED AFTER EQUILIBRIUM ITERATION   6
 *** LOAD STEP    15   SUBSTEP     2  COMPLETED.    CUM ITER =    169
 *** TIME =  0.453333         TIME INC =  0.133333E-01
 *** MAX PLASTIC STRAIN STEP = 0.1236E-01   CRITERION = 0.9900    

 *****  ANSYS SOLVE    COMMAND  *****

 *** ANSYS - ENGINEERING ANALYSIS SYSTEM  RELEASE 2022 R1          22.1     ***
 Ansys Mechanical Enterprise                       
 00000000  VERSION=WINDOWS x64   13:15:25  SEP 24, 2024 CP=  11102.719

  Re=1 matmacico=8 E1=1500 pr=%pr% matrev=2 E2=30303.3845 vp=12.5              

 Note - This ANSYS version was linked by Licensee

 SOLUTION MONITORING INFO IS WRITTEN TO FILE= file.mntr                                                                                                                                                                                                                                                           

     FORCE CONVERGENCE VALUE  =   1.469      CRITERION=   3.537    
     DISP CONVERGENCE VALUE   =  0.4718E-02  CRITERION=  0.4320E-03
    EQUIL ITER   1 COMPLETED.  NEW TRIANG MATRIX.  MAX DOF INC=  0.4718E-02
     FORCE CONVERGENCE VALUE  =  0.6254      CRITERION=   3.609     <<< CONVERGED
     DISP CONVERGENCE VALUE   =  0.1821E-02  CRITERION=  0.4408E-03
    EQUIL ITER   2 COMPLETED.  NEW TRIANG MATRIX.  MAX DOF INC=  0.1821E-02
     FORCE CONVERGENCE VALUE  =  0.3371      CRITERION=   3.683     <<< CONVERGED
     DISP CONVERGENCE VALUE   =  0.1027E-02  CRITERION=  0.4498E-03
    EQUIL ITER   3 COMPLETED.  NEW TRIANG MATRIX.  MAX DOF INC=  0.1027E-02
     FORCE CONVERGENCE VALUE  =  0.2180      CRITERION=   3.758     <<< CONVERGED
     DISP CONVERGENCE VALUE   =  0.6144E-03  CRITERION=  0.4590E-03
    EQUIL ITER   4 COMPLETED.  NEW TRIANG MATRIX.  MAX DOF INC=  0.6144E-03
     FORCE CONVERGENCE VALUE  =  0.1558      CRITERION=   3.835     <<< CONVERGED
     DISP CONVERGENCE VALUE   =  0.3847E-03  CRITERION=  0.4738E-03 <<< CONVERGED
    EQUIL ITER   5 COMPLETED.  NEW TRIANG MATRIX.  MAX DOF INC =  0.3847E-03
    >>> SOLUTION CONVERGED AFTER EQUILIBRIUM ITERATION   5
 *** LOAD STEP    16   SUBSTEP     1  COMPLETED.    CUM ITER =    174
 *** TIME =  0.466667         TIME INC =  0.133333E-01
 *** MAX PLASTIC STRAIN STEP = 0.3363E-01   CRITERION = 0.9900    
 *** AUTO STEP TIME:  NEXT TIME INC = 0.13333E-01  UNCHANGED

     FORCE CONVERGENCE VALUE  =   1.113      CRITERION=   3.537    
     DISP CONVERGENCE VALUE   =  0.2270E-02  CRITERION=  0.4370E-03
    EQUIL ITER   1 COMPLETED.  NEW TRIANG MATRIX.  MAX DOF INC= -0.2270E-02
     FORCE CONVERGENCE VALUE  =  0.5053      CRITERION=   3.610     <<< CONVERGED
     DISP CONVERGENCE VALUE   =  0.1718E-02  CRITERION=  0.4459E-03
    EQUIL ITER   2 COMPLETED.  NEW TRIANG MATRIX.  MAX DOF INC= -0.1718E-02
     FORCE CONVERGENCE VALUE  =  0.3383      CRITERION=   3.683     <<< CONVERGED
     DISP CONVERGENCE VALUE   =  0.1187E-02  CRITERION=  0.4550E-03
    EQUIL ITER   3 COMPLETED.  NEW TRIANG MATRIX.  MAX DOF INC= -0.1187E-02
     FORCE CONVERGENCE VALUE  =  0.2299      CRITERION=   3.758     <<< CONVERGED
     DISP CONVERGENCE VALUE   =  0.7963E-03  CRITERION=  0.4643E-03
    EQUIL ITER   4 COMPLETED.  NEW TRIANG MATRIX.  MAX DOF INC= -0.7963E-03
     FORCE CONVERGENCE VALUE  =  0.1576      CRITERION=   3.835     <<< CONVERGED
     DISP CONVERGENCE VALUE   =  0.5315E-03  CRITERION=  0.4738E-03
    EQUIL ITER   5 COMPLETED.  NEW TRIANG MATRIX.  MAX DOF INC= -0.5315E-03
     FORCE CONVERGENCE VALUE  =  0.1092      CRITERION=   3.913     <<< CONVERGED
     DISP CONVERGENCE VALUE   =  0.3531E-03  CRITERION=  0.4834E-03 <<< CONVERGED
    EQUIL ITER   6 COMPLETED.  NEW TRIANG MATRIX.  MAX DOF INC = -0.3531E-03
    >>> SOLUTION CONVERGED AFTER EQUILIBRIUM ITERATION   6
 *** LOAD STEP    16   SUBSTEP     2  COMPLETED.    CUM ITER =    180
 *** TIME =  0.480000         TIME INC =  0.133333E-01
 *** MAX PLASTIC STRAIN STEP = 0.1238E-01   CRITERION = 0.9900    

 *****  ANSYS SOLVE    COMMAND  *****

 *** ANSYS - ENGINEERING ANALYSIS SYSTEM  RELEASE 2022 R1          22.1     ***
 Ansys Mechanical Enterprise                       
 00000000  VERSION=WINDOWS x64   13:17:03  SEP 24, 2024 CP=  11817.547

  Re=1 matmacico=8 E1=1500 pr=%pr% matrev=2 E2=30303.3845 vp=12.5              

 Note - This ANSYS version was linked by Licensee

 SOLUTION MONITORING INFO IS WRITTEN TO FILE= file.mntr                                                                                                                                                                                                                                                           

     FORCE CONVERGENCE VALUE  =   1.470      CRITERION=   3.537    
     DISP CONVERGENCE VALUE   =  0.4760E-02  CRITERION=  0.4370E-03
    EQUIL ITER   1 COMPLETED.  NEW TRIANG MATRIX.  MAX DOF INC=  0.4760E-02
     FORCE CONVERGENCE VALUE  =  0.6257      CRITERION=   3.609     <<< CONVERGED
     DISP CONVERGENCE VALUE   =  0.1840E-02  CRITERION=  0.4459E-03
    EQUIL ITER   2 COMPLETED.  NEW TRIANG MATRIX.  MAX DOF INC=  0.1840E-02
     FORCE CONVERGENCE VALUE  =  0.3372      CRITERION=   3.683     <<< CONVERGED
     DISP CONVERGENCE VALUE   =  0.1038E-02  CRITERION=  0.4550E-03
    EQUIL ITER   3 COMPLETED.  NEW TRIANG MATRIX.  MAX DOF INC=  0.1038E-02
     FORCE CONVERGENCE VALUE  =  0.2181      CRITERION=   3.758     <<< CONVERGED
     DISP CONVERGENCE VALUE   =  0.6212E-03  CRITERION=  0.4643E-03
    EQUIL ITER   4 COMPLETED.  NEW TRIANG MATRIX.  MAX DOF INC=  0.6212E-03
     FORCE CONVERGENCE VALUE  =  0.1559      CRITERION=   3.835     <<< CONVERGED
     DISP CONVERGENCE VALUE   =  0.3892E-03  CRITERION=  0.4784E-03 <<< CONVERGED
    EQUIL ITER   5 COMPLETED.  NEW TRIANG MATRIX.  MAX DOF INC =  0.3892E-03
    >>> SOLUTION CONVERGED AFTER EQUILIBRIUM ITERATION   5
 *** LOAD STEP    17   SUBSTEP     1  COMPLETED.    CUM ITER =    185
 *** TIME =  0.493333         TIME INC =  0.133333E-01
 *** MAX PLASTIC STRAIN STEP = 0.3367E-01   CRITERION = 0.9900    
 *** AUTO STEP TIME:  NEXT TIME INC = 0.13333E-01  UNCHANGED

     FORCE CONVERGENCE VALUE  =   1.113      CRITERION=   3.538    
     DISP CONVERGENCE VALUE   =  0.2290E-02  CRITERION=  0.4412E-03
    EQUIL ITER   1 COMPLETED.  NEW TRIANG MATRIX.  MAX DOF INC= -0.2290E-02
     FORCE CONVERGENCE VALUE  =  0.5051      CRITERION=   3.610     <<< CONVERGED
     DISP CONVERGENCE VALUE   =  0.1733E-02  CRITERION=  0.4502E-03
    EQUIL ITER   2 COMPLETED.  NEW TRIANG MATRIX.  MAX DOF INC= -0.1733E-02
     FORCE CONVERGENCE VALUE  =  0.3382      CRITERION=   3.683     <<< CONVERGED
     DISP CONVERGENCE VALUE   =  0.1198E-02  CRITERION=  0.4594E-03
    EQUIL ITER   3 COMPLETED.  NEW TRIANG MATRIX.  MAX DOF INC= -0.1198E-02
     FORCE CONVERGENCE VALUE  =  0.2298      CRITERION=   3.758     <<< CONVERGED
     DISP CONVERGENCE VALUE   =  0.8039E-03  CRITERION=  0.4688E-03
    EQUIL ITER   4 COMPLETED.  NEW TRIANG MATRIX.  MAX DOF INC= -0.8039E-03
     FORCE CONVERGENCE VALUE  =  0.1575      CRITERION=   3.835     <<< CONVERGED
     DISP CONVERGENCE VALUE   =  0.5387E-03  CRITERION=  0.4784E-03
    EQUIL ITER   5 COMPLETED.  NEW TRIANG MATRIX.  MAX DOF INC= -0.5387E-03
     FORCE CONVERGENCE VALUE  =  0.1092      CRITERION=   3.913     <<< CONVERGED
     DISP CONVERGENCE VALUE   =  0.3581E-03  CRITERION=  0.4881E-03 <<< CONVERGED
    EQUIL ITER   6 COMPLETED.  NEW TRIANG MATRIX.  MAX DOF INC = -0.3581E-03
    >>> SOLUTION CONVERGED AFTER EQUILIBRIUM ITERATION   6
 *** LOAD STEP    17   SUBSTEP     2  COMPLETED.    CUM ITER =    191
 *** TIME =  0.506667         TIME INC =  0.133333E-01
 *** MAX PLASTIC STRAIN STEP = 0.1240E-01   CRITERION = 0.9900    

 *****  ANSYS SOLVE    COMMAND  *****

 *** ANSYS - ENGINEERING ANALYSIS SYSTEM  RELEASE 2022 R1          22.1     ***
 Ansys Mechanical Enterprise                       
 00000000  VERSION=WINDOWS x64   13:18:40  SEP 24, 2024 CP=  12534.984

  Re=1 matmacico=8 E1=1500 pr=%pr% matrev=2 E2=30303.3845 vp=12.5              

 Note - This ANSYS version was linked by Licensee

 SOLUTION MONITORING INFO IS WRITTEN TO FILE= file.mntr                                                                                                                                                                                                                                                           

     FORCE CONVERGENCE VALUE  =   1.470      CRITERION=   3.537    
     DISP CONVERGENCE VALUE   =  0.4796E-02  CRITERION=  0.4412E-03
    EQUIL ITER   1 COMPLETED.  NEW TRIANG MATRIX.  MAX DOF INC=  0.4796E-02
     FORCE CONVERGENCE VALUE  =  0.6259      CRITERION=   3.610     <<< CONVERGED
     DISP CONVERGENCE VALUE   =  0.1856E-02  CRITERION=  0.4502E-03
    EQUIL ITER   2 COMPLETED.  NEW TRIANG MATRIX.  MAX DOF INC=  0.1856E-02
     FORCE CONVERGENCE VALUE  =  0.3373      CRITERION=   3.683     <<< CONVERGED
     DISP CONVERGENCE VALUE   =  0.1048E-02  CRITERION=  0.4594E-03
    EQUIL ITER   3 COMPLETED.  NEW TRIANG MATRIX.  MAX DOF INC=  0.1048E-02
     FORCE CONVERGENCE VALUE  =  0.2183      CRITERION=   3.759     <<< CONVERGED
     DISP CONVERGENCE VALUE   =  0.6271E-03  CRITERION=  0.4688E-03
    EQUIL ITER   4 COMPLETED.  NEW TRIANG MATRIX.  MAX DOF INC=  0.6271E-03
     FORCE CONVERGENCE VALUE  =  0.1560      CRITERION=   3.835     <<< CONVERGED
     DISP CONVERGENCE VALUE   =  0.3931E-03  CRITERION=  0.4823E-03 <<< CONVERGED
    EQUIL ITER   5 COMPLETED.  NEW TRIANG MATRIX.  MAX DOF INC =  0.3931E-03
    >>> SOLUTION CONVERGED AFTER EQUILIBRIUM ITERATION   5
 *** LOAD STEP    18   SUBSTEP     1  COMPLETED.    CUM ITER =    196
 *** TIME =  0.520000         TIME INC =  0.133333E-01
 *** MAX PLASTIC STRAIN STEP = 0.3373E-01   CRITERION = 0.9900    
 *** AUTO STEP TIME:  NEXT TIME INC = 0.13333E-01  UNCHANGED

     FORCE CONVERGENCE VALUE  =   1.113      CRITERION=   3.538    
     DISP CONVERGENCE VALUE   =  0.2307E-02  CRITERION=  0.4449E-03
    EQUIL ITER   1 COMPLETED.  NEW TRIANG MATRIX.  MAX DOF INC= -0.2307E-02
     FORCE CONVERGENCE VALUE  =  0.5049      CRITERION=   3.610     <<< CONVERGED
     DISP CONVERGENCE VALUE   =  0.1746E-02  CRITERION=  0.4540E-03
    EQUIL ITER   2 COMPLETED.  NEW TRIANG MATRIX.  MAX DOF INC= -0.1746E-02
     FORCE CONVERGENCE VALUE  =  0.3381      CRITERION=   3.684     <<< CONVERGED
     DISP CONVERGENCE VALUE   =  0.1208E-02  CRITERION=  0.4632E-03
    EQUIL ITER   3 COMPLETED.  NEW TRIANG MATRIX.  MAX DOF INC= -0.1208E-02
     FORCE CONVERGENCE VALUE  =  0.2297      CRITERION=   3.759     <<< CONVERGED
     DISP CONVERGENCE VALUE   =  0.8105E-03  CRITERION=  0.4727E-03
    EQUIL ITER   4 COMPLETED.  NEW TRIANG MATRIX.  MAX DOF INC= -0.8105E-03
     FORCE CONVERGENCE VALUE  =  0.1575      CRITERION=   3.835     <<< CONVERGED
     DISP CONVERGENCE VALUE   =  0.5448E-03  CRITERION=  0.4823E-03
    EQUIL ITER   5 COMPLETED.  NEW TRIANG MATRIX.  MAX DOF INC= -0.5448E-03
     FORCE CONVERGENCE VALUE  =  0.1092      CRITERION=   3.914     <<< CONVERGED
     DISP CONVERGENCE VALUE   =  0.3623E-03  CRITERION=  0.4922E-03 <<< CONVERGED
    EQUIL ITER   6 COMPLETED.  NEW TRIANG MATRIX.  MAX DOF INC = -0.3623E-03
    >>> SOLUTION CONVERGED AFTER EQUILIBRIUM ITERATION   6
 *** LOAD STEP    18   SUBSTEP     2  COMPLETED.    CUM ITER =    202
 *** TIME =  0.533333         TIME INC =  0.133333E-01
 *** MAX PLASTIC STRAIN STEP = 0.1242E-01   CRITERION = 0.9900    

 *****  ANSYS SOLVE    COMMAND  *****

 *** ANSYS - ENGINEERING ANALYSIS SYSTEM  RELEASE 2022 R1          22.1     ***
 Ansys Mechanical Enterprise                       
 00000000  VERSION=WINDOWS x64   13:20:18  SEP 24, 2024 CP=  13254.953

  Re=1 matmacico=8 E1=1500 pr=%pr% matrev=2 E2=30303.3845 vp=12.5              

 Note - This ANSYS version was linked by Licensee

 SOLUTION MONITORING INFO IS WRITTEN TO FILE= file.mntr                                                                                                                                                                                                                                                           

     FORCE CONVERGENCE VALUE  =   1.470      CRITERION=   3.538    
     DISP CONVERGENCE VALUE   =  0.4827E-02  CRITERION=  0.4449E-03
    EQUIL ITER   1 COMPLETED.  NEW TRIANG MATRIX.  MAX DOF INC=  0.4827E-02
     FORCE CONVERGENCE VALUE  =  0.6261      CRITERION=   3.610     <<< CONVERGED
     DISP CONVERGENCE VALUE   =  0.1871E-02  CRITERION=  0.4540E-03
    EQUIL ITER   2 COMPLETED.  NEW TRIANG MATRIX.  MAX DOF INC=  0.1871E-02
     FORCE CONVERGENCE VALUE  =  0.3375      CRITERION=   3.684     <<< CONVERGED
     DISP CONVERGENCE VALUE   =  0.1056E-02  CRITERION=  0.4632E-03
    EQUIL ITER   3 COMPLETED.  NEW TRIANG MATRIX.  MAX DOF INC=  0.1056E-02
     FORCE CONVERGENCE VALUE  =  0.2184      CRITERION=   3.759     <<< CONVERGED
     DISP CONVERGENCE VALUE   =  0.6323E-03  CRITERION=  0.4727E-03
    EQUIL ITER   4 COMPLETED.  NEW TRIANG MATRIX.  MAX DOF INC=  0.6323E-03
     FORCE CONVERGENCE VALUE  =  0.1561      CRITERION=   3.836     <<< CONVERGED
     DISP CONVERGENCE VALUE   =  0.3965E-03  CRITERION=  0.4858E-03 <<< CONVERGED
    EQUIL ITER   5 COMPLETED.  NEW TRIANG MATRIX.  MAX DOF INC =  0.3965E-03
    >>> SOLUTION CONVERGED AFTER EQUILIBRIUM ITERATION   5
 *** LOAD STEP    19   SUBSTEP     1  COMPLETED.    CUM ITER =    207
 *** TIME =  0.546667         TIME INC =  0.133333E-01
 *** MAX PLASTIC STRAIN STEP = 0.3379E-01   CRITERION = 0.9900    
 *** AUTO STEP TIME:  NEXT TIME INC = 0.13333E-01  UNCHANGED

     FORCE CONVERGENCE VALUE  =   1.114      CRITERION=   3.538    
     DISP CONVERGENCE VALUE   =  0.2322E-02  CRITERION=  0.4481E-03
    EQUIL ITER   1 COMPLETED.  NEW TRIANG MATRIX.  MAX DOF INC= -0.2322E-02
     FORCE CONVERGENCE VALUE  =  0.5048      CRITERION=   3.610     <<< CONVERGED
     DISP CONVERGENCE VALUE   =  0.1757E-02  CRITERION=  0.4572E-03
    EQUIL ITER   2 COMPLETED.  NEW TRIANG MATRIX.  MAX DOF INC= -0.1757E-02
     FORCE CONVERGENCE VALUE  =  0.3380      CRITERION=   3.684     <<< CONVERGED
     DISP CONVERGENCE VALUE   =  0.1216E-02  CRITERION=  0.4665E-03
    EQUIL ITER   3 COMPLETED.  NEW TRIANG MATRIX.  MAX DOF INC= -0.1216E-02
     FORCE CONVERGENCE VALUE  =  0.2297      CRITERION=   3.759     <<< CONVERGED
     DISP CONVERGENCE VALUE   =  0.8178E-03  CRITERION=  0.4761E-03
    EQUIL ITER   4 COMPLETED.  NEW TRIANG MATRIX.  MAX DOF INC= -0.8178E-03
     FORCE CONVERGENCE VALUE  =  0.1575      CRITERION=   3.836     <<< CONVERGED
     DISP CONVERGENCE VALUE   =  0.5500E-03  CRITERION=  0.4858E-03
    EQUIL ITER   5 COMPLETED.  NEW TRIANG MATRIX.  MAX DOF INC= -0.5500E-03
     FORCE CONVERGENCE VALUE  =  0.1092      CRITERION=   3.914     <<< CONVERGED
     DISP CONVERGENCE VALUE   =  0.3660E-03  CRITERION=  0.4957E-03 <<< CONVERGED
    EQUIL ITER   6 COMPLETED.  NEW TRIANG MATRIX.  MAX DOF INC = -0.3660E-03
    >>> SOLUTION CONVERGED AFTER EQUILIBRIUM ITERATION   6
 *** LOAD STEP    19   SUBSTEP     2  COMPLETED.    CUM ITER =    213
 *** TIME =  0.560000         TIME INC =  0.133333E-01
 *** MAX PLASTIC STRAIN STEP = 0.1243E-01   CRITERION = 0.9900    

 *****  ANSYS SOLVE    COMMAND  *****

 *** ANSYS - ENGINEERING ANALYSIS SYSTEM  RELEASE 2022 R1          22.1     ***
 Ansys Mechanical Enterprise                       
 00000000  VERSION=WINDOWS x64   13:21:55  SEP 24, 2024 CP=  13968.219

  Re=1 matmacico=8 E1=1500 pr=%pr% matrev=2 E2=30303.3845 vp=12.5              

 Note - This ANSYS version was linked by Licensee

 SOLUTION MONITORING INFO IS WRITTEN TO FILE= file.mntr                                                                                                                                                                                                                                                           

     FORCE CONVERGENCE VALUE  =   1.470      CRITERION=   3.538    
     DISP CONVERGENCE VALUE   =  0.4854E-02  CRITERION=  0.4481E-03
    EQUIL ITER   1 COMPLETED.  NEW TRIANG MATRIX.  MAX DOF INC=  0.4854E-02
     FORCE CONVERGENCE VALUE  =  0.6262      CRITERION=   3.610     <<< CONVERGED
     DISP CONVERGENCE VALUE   =  0.1883E-02  CRITERION=  0.4572E-03
    EQUIL ITER   2 COMPLETED.  NEW TRIANG MATRIX.  MAX DOF INC=  0.1883E-02
     FORCE CONVERGENCE VALUE  =  0.3376      CRITERION=   3.684     <<< CONVERGED
     DISP CONVERGENCE VALUE   =  0.1063E-02  CRITERION=  0.4665E-03
    EQUIL ITER   3 COMPLETED.  NEW TRIANG MATRIX.  MAX DOF INC=  0.1063E-02
     FORCE CONVERGENCE VALUE  =  0.2185      CRITERION=   3.759     <<< CONVERGED
     DISP CONVERGENCE VALUE   =  0.6367E-03  CRITERION=  0.4761E-03
    EQUIL ITER   4 COMPLETED.  NEW TRIANG MATRIX.  MAX DOF INC=  0.6367E-03
     FORCE CONVERGENCE VALUE  =  0.1563      CRITERION=   3.836     <<< CONVERGED
     DISP CONVERGENCE VALUE   =  0.3995E-03  CRITERION=  0.4888E-03 <<< CONVERGED
    EQUIL ITER   5 COMPLETED.  NEW TRIANG MATRIX.  MAX DOF INC =  0.3995E-03
    >>> SOLUTION CONVERGED AFTER EQUILIBRIUM ITERATION   5
 *** LOAD STEP    20   SUBSTEP     1  COMPLETED.    CUM ITER =    218
 *** TIME =  0.573333         TIME INC =  0.133333E-01
 *** MAX PLASTIC STRAIN STEP = 0.3383E-01   CRITERION = 0.9900    
 *** AUTO STEP TIME:  NEXT TIME INC = 0.13333E-01  UNCHANGED

     FORCE CONVERGENCE VALUE  =   1.114      CRITERION=   3.538    
     DISP CONVERGENCE VALUE   =  0.2335E-02  CRITERION=  0.4508E-03
    EQUIL ITER   1 COMPLETED.  NEW TRIANG MATRIX.  MAX DOF INC= -0.2335E-02
     FORCE CONVERGENCE VALUE  =  0.5046      CRITERION=   3.610     <<< CONVERGED
     DISP CONVERGENCE VALUE   =  0.1766E-02  CRITERION=  0.4600E-03
    EQUIL ITER   2 COMPLETED.  NEW TRIANG MATRIX.  MAX DOF INC= -0.1766E-02
     FORCE CONVERGENCE VALUE  =  0.3379      CRITERION=   3.684     <<< CONVERGED
     DISP CONVERGENCE VALUE   =  0.1222E-02  CRITERION=  0.4694E-03
    EQUIL ITER   3 COMPLETED.  NEW TRIANG MATRIX.  MAX DOF INC= -0.1222E-02
     FORCE CONVERGENCE VALUE  =  0.2296      CRITERION=   3.759     <<< CONVERGED
     DISP CONVERGENCE VALUE   =  0.8242E-03  CRITERION=  0.4790E-03
    EQUIL ITER   4 COMPLETED.  NEW TRIANG MATRIX.  MAX DOF INC= -0.8242E-03
     FORCE CONVERGENCE VALUE  =  0.1575      CRITERION=   3.836     <<< CONVERGED
     DISP CONVERGENCE VALUE   =  0.5546E-03  CRITERION=  0.4888E-03
    EQUIL ITER   5 COMPLETED.  NEW TRIANG MATRIX.  MAX DOF INC= -0.5546E-03
     FORCE CONVERGENCE VALUE  =  0.1092      CRITERION=   3.914     <<< CONVERGED
     DISP CONVERGENCE VALUE   =  0.3692E-03  CRITERION=  0.4987E-03 <<< CONVERGED
    EQUIL ITER   6 COMPLETED.  NEW TRIANG MATRIX.  MAX DOF INC = -0.3692E-03
    >>> SOLUTION CONVERGED AFTER EQUILIBRIUM ITERATION   6
 *** LOAD STEP    20   SUBSTEP     2  COMPLETED.    CUM ITER =    224
 *** TIME =  0.586667         TIME INC =  0.133333E-01
 *** MAX PLASTIC STRAIN STEP = 0.1245E-01   CRITERION = 0.9900    

 *****  ANSYS SOLVE    COMMAND  *****

 *** ANSYS - ENGINEERING ANALYSIS SYSTEM  RELEASE 2022 R1          22.1     ***
 Ansys Mechanical Enterprise                       
 00000000  VERSION=WINDOWS x64   13:23:33  SEP 24, 2024 CP=  14683.266

  Re=1 matmacico=8 E1=1500 pr=%pr% matrev=2 E2=30303.3845 vp=12.5              

 Note - This ANSYS version was linked by Licensee

 SOLUTION MONITORING INFO IS WRITTEN TO FILE= file.mntr                                                                                                                                                                                                                                                           

     FORCE CONVERGENCE VALUE  =   1.470      CRITERION=   3.538    
     DISP CONVERGENCE VALUE   =  0.4877E-02  CRITERION=  0.4508E-03
    EQUIL ITER   1 COMPLETED.  NEW TRIANG MATRIX.  MAX DOF INC=  0.4877E-02
     FORCE CONVERGENCE VALUE  =  0.6264      CRITERION=   3.610     <<< CONVERGED
     DISP CONVERGENCE VALUE   =  0.1896E-02  CRITERION=  0.4600E-03
    EQUIL ITER   2 COMPLETED.  NEW TRIANG MATRIX.  MAX DOF INC=  0.1896E-02
     FORCE CONVERGENCE VALUE  =  0.3377      CRITERION=   3.684     <<< CONVERGED
     DISP CONVERGENCE VALUE   =  0.1070E-02  CRITERION=  0.4694E-03
    EQUIL ITER   3 COMPLETED.  NEW TRIANG MATRIX.  MAX DOF INC=  0.1070E-02
     FORCE CONVERGENCE VALUE  =  0.2185      CRITERION=   3.759     <<< CONVERGED
     DISP CONVERGENCE VALUE   =  0.6413E-03  CRITERION=  0.4790E-03
    EQUIL ITER   4 COMPLETED.  NEW TRIANG MATRIX.  MAX DOF INC=  0.6413E-03
     FORCE CONVERGENCE VALUE  =  0.1563      CRITERION=   3.836     <<< CONVERGED
     DISP CONVERGENCE VALUE   =  0.4025E-03  CRITERION=  0.4914E-03 <<< CONVERGED
    EQUIL ITER   5 COMPLETED.  NEW TRIANG MATRIX.  MAX DOF INC =  0.4025E-03
    >>> SOLUTION CONVERGED AFTER EQUILIBRIUM ITERATION   5
 *** LOAD STEP    21   SUBSTEP     1  COMPLETED.    CUM ITER =    229
 *** TIME =  0.600000         TIME INC =  0.133333E-01
 *** MAX PLASTIC STRAIN STEP = 0.3387E-01   CRITERION = 0.9900    
 *** AUTO STEP TIME:  NEXT TIME INC = 0.13333E-01  UNCHANGED

     FORCE CONVERGENCE VALUE  =   1.114      CRITERION=   3.538    
     DISP CONVERGENCE VALUE   =  0.2345E-02  CRITERION=  0.4532E-03
    EQUIL ITER   1 COMPLETED.  NEW TRIANG MATRIX.  MAX DOF INC= -0.2345E-02
     FORCE CONVERGENCE VALUE  =  0.5045      CRITERION=   3.610     <<< CONVERGED
     DISP CONVERGENCE VALUE   =  0.1774E-02  CRITERION=  0.4625E-03
    EQUIL ITER   2 COMPLETED.  NEW TRIANG MATRIX.  MAX DOF INC= -0.1774E-02
     FORCE CONVERGENCE VALUE  =  0.3378      CRITERION=   3.684     <<< CONVERGED
     DISP CONVERGENCE VALUE   =  0.1228E-02  CRITERION=  0.4719E-03
    EQUIL ITER   3 COMPLETED.  NEW TRIANG MATRIX.  MAX DOF INC= -0.1228E-02
     FORCE CONVERGENCE VALUE  =  0.2296      CRITERION=   3.759     <<< CONVERGED
     DISP CONVERGENCE VALUE   =  0.8297E-03  CRITERION=  0.4815E-03
    EQUIL ITER   4 COMPLETED.  NEW TRIANG MATRIX.  MAX DOF INC= -0.8297E-03
     FORCE CONVERGENCE VALUE  =  0.1575      CRITERION=   3.836     <<< CONVERGED
     DISP CONVERGENCE VALUE   =  0.5586E-03  CRITERION=  0.4914E-03
    EQUIL ITER   5 COMPLETED.  NEW TRIANG MATRIX.  MAX DOF INC= -0.5586E-03
     FORCE CONVERGENCE VALUE  =  0.1092      CRITERION=   3.914     <<< CONVERGED
     DISP CONVERGENCE VALUE   =  0.3721E-03  CRITERION=  0.5014E-03 <<< CONVERGED
    EQUIL ITER   6 COMPLETED.  NEW TRIANG MATRIX.  MAX DOF INC = -0.3721E-03
    >>> SOLUTION CONVERGED AFTER EQUILIBRIUM ITERATION   6
 *** LOAD STEP    21   SUBSTEP     2  COMPLETED.    CUM ITER =    235
 *** TIME =  0.613333         TIME INC =  0.133333E-01
 *** MAX PLASTIC STRAIN STEP = 0.1246E-01   CRITERION = 0.9900    

 *****  ANSYS SOLVE    COMMAND  *****

 *** ANSYS - ENGINEERING ANALYSIS SYSTEM  RELEASE 2022 R1          22.1     ***
 Ansys Mechanical Enterprise                       
 00000000  VERSION=WINDOWS x64   13:25:10  SEP 24, 2024 CP=  15401.531

  Re=1 matmacico=8 E1=1500 pr=%pr% matrev=2 E2=30303.3845 vp=12.5              

 Note - This ANSYS version was linked by Licensee

 SOLUTION MONITORING INFO IS WRITTEN TO FILE= file.mntr                                                                                                                                                                                                                                                           

     FORCE CONVERGENCE VALUE  =   1.470      CRITERION=   3.538    
     DISP CONVERGENCE VALUE   =  0.4897E-02  CRITERION=  0.4532E-03
    EQUIL ITER   1 COMPLETED.  NEW TRIANG MATRIX.  MAX DOF INC=  0.4897E-02
     FORCE CONVERGENCE VALUE  =  0.6265      CRITERION=   3.610     <<< CONVERGED
     DISP CONVERGENCE VALUE   =  0.1908E-02  CRITERION=  0.4625E-03
    EQUIL ITER   2 COMPLETED.  NEW TRIANG MATRIX.  MAX DOF INC=  0.1908E-02
     FORCE CONVERGENCE VALUE  =  0.3378      CRITERION=   3.684     <<< CONVERGED
     DISP CONVERGENCE VALUE   =  0.1077E-02  CRITERION=  0.4719E-03
    EQUIL ITER   3 COMPLETED.  NEW TRIANG MATRIX.  MAX DOF INC=  0.1077E-02
     FORCE CONVERGENCE VALUE  =  0.2186      CRITERION=   3.759     <<< CONVERGED
     DISP CONVERGENCE VALUE   =  0.6456E-03  CRITERION=  0.4815E-03
    EQUIL ITER   4 COMPLETED.  NEW TRIANG MATRIX.  MAX DOF INC=  0.6456E-03
     FORCE CONVERGENCE VALUE  =  0.1564      CRITERION=   3.836     <<< CONVERGED
     DISP CONVERGENCE VALUE   =  0.4054E-03  CRITERION=  0.4936E-03 <<< CONVERGED
    EQUIL ITER   5 COMPLETED.  NEW TRIANG MATRIX.  MAX DOF INC =  0.4054E-03
    >>> SOLUTION CONVERGED AFTER EQUILIBRIUM ITERATION   5
 *** LOAD STEP    22   SUBSTEP     1  COMPLETED.    CUM ITER =    240
 *** TIME =  0.626667         TIME INC =  0.133333E-01
 *** MAX PLASTIC STRAIN STEP = 0.3391E-01   CRITERION = 0.9900    
 *** AUTO STEP TIME:  NEXT TIME INC = 0.13333E-01  UNCHANGED

     FORCE CONVERGENCE VALUE  =   1.114      CRITERION=   3.538    
     DISP CONVERGENCE VALUE   =  0.2355E-02  CRITERION=  0.4553E-03
    EQUIL ITER   1 COMPLETED.  NEW TRIANG MATRIX.  MAX DOF INC= -0.2355E-02
     FORCE CONVERGENCE VALUE  =  0.5044      CRITERION=   3.611     <<< CONVERGED
     DISP CONVERGENCE VALUE   =  0.1781E-02  CRITERION=  0.4646E-03
    EQUIL ITER   2 COMPLETED.  NEW TRIANG MATRIX.  MAX DOF INC= -0.1781E-02
     FORCE CONVERGENCE VALUE  =  0.3377      CRITERION=   3.684     <<< CONVERGED
     DISP CONVERGENCE VALUE   =  0.1234E-02  CRITERION=  0.4741E-03
    EQUIL ITER   3 COMPLETED.  NEW TRIANG MATRIX.  MAX DOF INC= -0.1234E-02
     FORCE CONVERGENCE VALUE  =  0.2295      CRITERION=   3.759     <<< CONVERGED
     DISP CONVERGENCE VALUE   =  0.8345E-03  CRITERION=  0.4837E-03
    EQUIL ITER   4 COMPLETED.  NEW TRIANG MATRIX.  MAX DOF INC= -0.8345E-03
     FORCE CONVERGENCE VALUE  =  0.1575      CRITERION=   3.836     <<< CONVERGED
     DISP CONVERGENCE VALUE   =  0.5620E-03  CRITERION=  0.4936E-03
    EQUIL ITER   5 COMPLETED.  NEW TRIANG MATRIX.  MAX DOF INC= -0.5620E-03
     FORCE CONVERGENCE VALUE  =  0.1092      CRITERION=   3.914     <<< CONVERGED
     DISP CONVERGENCE VALUE   =  0.3745E-03  CRITERION=  0.5037E-03 <<< CONVERGED
    EQUIL ITER   6 COMPLETED.  NEW TRIANG MATRIX.  MAX DOF INC = -0.3745E-03
    >>> SOLUTION CONVERGED AFTER EQUILIBRIUM ITERATION   6
 *** LOAD STEP    22   SUBSTEP     2  COMPLETED.    CUM ITER =    246
 *** TIME =  0.640000         TIME INC =  0.133333E-01
 *** MAX PLASTIC STRAIN STEP = 0.1247E-01   CRITERION = 0.9900    

 *****  ANSYS SOLVE    COMMAND  *****

 *** ANSYS - ENGINEERING ANALYSIS SYSTEM  RELEASE 2022 R1          22.1     ***
 Ansys Mechanical Enterprise                       
 00000000  VERSION=WINDOWS x64   13:26:48  SEP 24, 2024 CP=  16121.312

  Re=1 matmacico=8 E1=1500 pr=%pr% matrev=2 E2=30303.3845 vp=12.5              

 Note - This ANSYS version was linked by Licensee

 SOLUTION MONITORING INFO IS WRITTEN TO FILE= file.mntr                                                                                                                                                                                                                                                           

     FORCE CONVERGENCE VALUE  =   1.470      CRITERION=   3.538    
     DISP CONVERGENCE VALUE   =  0.4914E-02  CRITERION=  0.4553E-03
    EQUIL ITER   1 COMPLETED.  NEW TRIANG MATRIX.  MAX DOF INC=  0.4914E-02
     FORCE CONVERGENCE VALUE  =  0.6266      CRITERION=   3.611     <<< CONVERGED
     DISP CONVERGENCE VALUE   =  0.1918E-02  CRITERION=  0.4646E-03
    EQUIL ITER   2 COMPLETED.  NEW TRIANG MATRIX.  MAX DOF INC=  0.1918E-02
     FORCE CONVERGENCE VALUE  =  0.3378      CRITERION=   3.684     <<< CONVERGED
     DISP CONVERGENCE VALUE   =  0.1083E-02  CRITERION=  0.4741E-03
    EQUIL ITER   3 COMPLETED.  NEW TRIANG MATRIX.  MAX DOF INC=  0.1083E-02
     FORCE CONVERGENCE VALUE  =  0.2187      CRITERION=   3.760     <<< CONVERGED
     DISP CONVERGENCE VALUE   =  0.6494E-03  CRITERION=  0.4837E-03
    EQUIL ITER   4 COMPLETED.  NEW TRIANG MATRIX.  MAX DOF INC=  0.6494E-03
     FORCE CONVERGENCE VALUE  =  0.1565      CRITERION=   3.836     <<< CONVERGED
     DISP CONVERGENCE VALUE   =  0.4079E-03  CRITERION=  0.4956E-03 <<< CONVERGED
    EQUIL ITER   5 COMPLETED.  NEW TRIANG MATRIX.  MAX DOF INC =  0.4079E-03
    >>> SOLUTION CONVERGED AFTER EQUILIBRIUM ITERATION   5
 *** LOAD STEP    23   SUBSTEP     1  COMPLETED.    CUM ITER =    251
 *** TIME =  0.653333         TIME INC =  0.133333E-01
 *** MAX PLASTIC STRAIN STEP = 0.3394E-01   CRITERION = 0.9900    
 *** AUTO STEP TIME:  NEXT TIME INC = 0.13333E-01  UNCHANGED

     FORCE CONVERGENCE VALUE  =   1.114      CRITERION=   3.539    
     DISP CONVERGENCE VALUE   =  0.2363E-02  CRITERION=  0.4571E-03
    EQUIL ITER   1 COMPLETED.  NEW TRIANG MATRIX.  MAX DOF INC= -0.2363E-02
     FORCE CONVERGENCE VALUE  =  0.5043      CRITERION=   3.611     <<< CONVERGED
     DISP CONVERGENCE VALUE   =  0.1787E-02  CRITERION=  0.4664E-03
    EQUIL ITER   2 COMPLETED.  NEW TRIANG MATRIX.  MAX DOF INC= -0.1787E-02
     FORCE CONVERGENCE VALUE  =  0.3377      CRITERION=   3.684     <<< CONVERGED
     DISP CONVERGENCE VALUE   =  0.1238E-02  CRITERION=  0.4759E-03
    EQUIL ITER   3 COMPLETED.  NEW TRIANG MATRIX.  MAX DOF INC= -0.1238E-02
     FORCE CONVERGENCE VALUE  =  0.2295      CRITERION=   3.760     <<< CONVERGED
     DISP CONVERGENCE VALUE   =  0.8387E-03  CRITERION=  0.4857E-03
    EQUIL ITER   4 COMPLETED.  NEW TRIANG MATRIX.  MAX DOF INC= -0.8387E-03
     FORCE CONVERGENCE VALUE  =  0.1575      CRITERION=   3.836     <<< CONVERGED
     DISP CONVERGENCE VALUE   =  0.5650E-03  CRITERION=  0.4956E-03
    EQUIL ITER   5 COMPLETED.  NEW TRIANG MATRIX.  MAX DOF INC= -0.5650E-03
     FORCE CONVERGENCE VALUE  =  0.1092      CRITERION=   3.915     <<< CONVERGED
     DISP CONVERGENCE VALUE   =  0.3766E-03  CRITERION=  0.5057E-03 <<< CONVERGED
    EQUIL ITER   6 COMPLETED.  NEW TRIANG MATRIX.  MAX DOF INC = -0.3766E-03
    >>> SOLUTION CONVERGED AFTER EQUILIBRIUM ITERATION   6
 *** LOAD STEP    23   SUBSTEP     2  COMPLETED.    CUM ITER =    257
 *** TIME =  0.666667         TIME INC =  0.133333E-01
 *** MAX PLASTIC STRAIN STEP = 0.1248E-01   CRITERION = 0.9900    

 *****  ANSYS SOLVE    COMMAND  *****

 *** ANSYS - ENGINEERING ANALYSIS SYSTEM  RELEASE 2022 R1          22.1     ***
 Ansys Mechanical Enterprise                       
 00000000  VERSION=WINDOWS x64   13:28:25  SEP 24, 2024 CP=  16840.797

  Re=1 matmacico=8 E1=1500 pr=%pr% matrev=2 E2=30303.3845 vp=12.5              

 Note - This ANSYS version was linked by Licensee

 SOLUTION MONITORING INFO IS WRITTEN TO FILE= file.mntr                                                                                                                                                                                                                                                           

     FORCE CONVERGENCE VALUE  =   1.470      CRITERION=   3.539    
     DISP CONVERGENCE VALUE   =  0.4930E-02  CRITERION=  0.4571E-03
    EQUIL ITER   1 COMPLETED.  NEW TRIANG MATRIX.  MAX DOF INC=  0.4930E-02
     FORCE CONVERGENCE VALUE  =  0.6267      CRITERION=   3.611     <<< CONVERGED
     DISP CONVERGENCE VALUE   =  0.1927E-02  CRITERION=  0.4664E-03
    EQUIL ITER   2 COMPLETED.  NEW TRIANG MATRIX.  MAX DOF INC=  0.1927E-02
     FORCE CONVERGENCE VALUE  =  0.3379      CRITERION=   3.685     <<< CONVERGED
     DISP CONVERGENCE VALUE   =  0.1088E-02  CRITERION=  0.4759E-03
    EQUIL ITER   3 COMPLETED.  NEW TRIANG MATRIX.  MAX DOF INC=  0.1088E-02
     FORCE CONVERGENCE VALUE  =  0.2188      CRITERION=   3.760     <<< CONVERGED
     DISP CONVERGENCE VALUE   =  0.6528E-03  CRITERION=  0.4857E-03
    EQUIL ITER   4 COMPLETED.  NEW TRIANG MATRIX.  MAX DOF INC=  0.6528E-03
     FORCE CONVERGENCE VALUE  =  0.1566      CRITERION=   3.836     <<< CONVERGED
     DISP CONVERGENCE VALUE   =  0.4101E-03  CRITERION=  0.4973E-03 <<< CONVERGED
    EQUIL ITER   5 COMPLETED.  NEW TRIANG MATRIX.  MAX DOF INC =  0.4101E-03
    >>> SOLUTION CONVERGED AFTER EQUILIBRIUM ITERATION   5
 *** LOAD STEP    24   SUBSTEP     1  COMPLETED.    CUM ITER =    262
 *** TIME =  0.680000         TIME INC =  0.133333E-01
 *** MAX PLASTIC STRAIN STEP = 0.3397E-01   CRITERION = 0.9900    
 *** AUTO STEP TIME:  NEXT TIME INC = 0.13333E-01  UNCHANGED

     FORCE CONVERGENCE VALUE  =   1.114      CRITERION=   3.539    
     DISP CONVERGENCE VALUE   =  0.2370E-02  CRITERION=  0.4587E-03
    EQUIL ITER   1 COMPLETED.  NEW TRIANG MATRIX.  MAX DOF INC= -0.2370E-02
     FORCE CONVERGENCE VALUE  =  0.5042      CRITERION=   3.611     <<< CONVERGED
     DISP CONVERGENCE VALUE   =  0.1792E-02  CRITERION=  0.4680E-03
    EQUIL ITER   2 COMPLETED.  NEW TRIANG MATRIX.  MAX DOF INC= -0.1792E-02
     FORCE CONVERGENCE VALUE  =  0.3376      CRITERION=   3.685     <<< CONVERGED
     DISP CONVERGENCE VALUE   =  0.1242E-02  CRITERION=  0.4776E-03
    EQUIL ITER   3 COMPLETED.  NEW TRIANG MATRIX.  MAX DOF INC= -0.1242E-02
     FORCE CONVERGENCE VALUE  =  0.2295      CRITERION=   3.760     <<< CONVERGED
     DISP CONVERGENCE VALUE   =  0.8423E-03  CRITERION=  0.4873E-03
    EQUIL ITER   4 COMPLETED.  NEW TRIANG MATRIX.  MAX DOF INC= -0.8423E-03
     FORCE CONVERGENCE VALUE  =  0.1575      CRITERION=   3.837     <<< CONVERGED
     DISP CONVERGENCE VALUE   =  0.5677E-03  CRITERION=  0.4973E-03
    EQUIL ITER   5 COMPLETED.  NEW TRIANG MATRIX.  MAX DOF INC= -0.5677E-03
     FORCE CONVERGENCE VALUE  =  0.1092      CRITERION=   3.915     <<< CONVERGED
     DISP CONVERGENCE VALUE   =  0.3785E-03  CRITERION=  0.5074E-03 <<< CONVERGED
    EQUIL ITER   6 COMPLETED.  NEW TRIANG MATRIX.  MAX DOF INC = -0.3785E-03
    >>> SOLUTION CONVERGED AFTER EQUILIBRIUM ITERATION   6
 *** LOAD STEP    24   SUBSTEP     2  COMPLETED.    CUM ITER =    268
 *** TIME =  0.693333         TIME INC =  0.133333E-01
 *** MAX PLASTIC STRAIN STEP = 0.1249E-01   CRITERION = 0.9900    

 *****  ANSYS SOLVE    COMMAND  *****

 *** ANSYS - ENGINEERING ANALYSIS SYSTEM  RELEASE 2022 R1          22.1     ***
 Ansys Mechanical Enterprise                       
 00000000  VERSION=WINDOWS x64   13:30:03  SEP 24, 2024 CP=  17557.328

  Re=1 matmacico=8 E1=1500 pr=%pr% matrev=2 E2=30303.3845 vp=12.5              

 Note - This ANSYS version was linked by Licensee

 SOLUTION MONITORING INFO IS WRITTEN TO FILE= file.mntr                                                                                                                                                                                                                                                           

     FORCE CONVERGENCE VALUE  =   1.470      CRITERION=   3.539    
     DISP CONVERGENCE VALUE   =  0.4943E-02  CRITERION=  0.4587E-03
    EQUIL ITER   1 COMPLETED.  NEW TRIANG MATRIX.  MAX DOF INC=  0.4943E-02
     FORCE CONVERGENCE VALUE  =  0.6268      CRITERION=   3.611     <<< CONVERGED
     DISP CONVERGENCE VALUE   =  0.1935E-02  CRITERION=  0.4680E-03
    EQUIL ITER   2 COMPLETED.  NEW TRIANG MATRIX.  MAX DOF INC=  0.1935E-02
     FORCE CONVERGENCE VALUE  =  0.3380      CRITERION=   3.685     <<< CONVERGED
     DISP CONVERGENCE VALUE   =  0.1093E-02  CRITERION=  0.4776E-03
    EQUIL ITER   3 COMPLETED.  NEW TRIANG MATRIX.  MAX DOF INC=  0.1093E-02
     FORCE CONVERGENCE VALUE  =  0.2188      CRITERION=   3.760     <<< CONVERGED
     DISP CONVERGENCE VALUE   =  0.6557E-03  CRITERION=  0.4873E-03
    EQUIL ITER   4 COMPLETED.  NEW TRIANG MATRIX.  MAX DOF INC=  0.6557E-03
     FORCE CONVERGENCE VALUE  =  0.1566      CRITERION=   3.837     <<< CONVERGED
     DISP CONVERGENCE VALUE   =  0.4121E-03  CRITERION=  0.4988E-03 <<< CONVERGED
    EQUIL ITER   5 COMPLETED.  NEW TRIANG MATRIX.  MAX DOF INC =  0.4121E-03
    >>> SOLUTION CONVERGED AFTER EQUILIBRIUM ITERATION   5
 *** LOAD STEP    25   SUBSTEP     1  COMPLETED.    CUM ITER =    273
 *** TIME =  0.706667         TIME INC =  0.133333E-01
 *** MAX PLASTIC STRAIN STEP = 0.3399E-01   CRITERION = 0.9900    
 *** AUTO STEP TIME:  NEXT TIME INC = 0.13333E-01  UNCHANGED

     FORCE CONVERGENCE VALUE  =   1.114      CRITERION=   3.539    
     DISP CONVERGENCE VALUE   =  0.2376E-02  CRITERION=  0.4601E-03
    EQUIL ITER   1 COMPLETED.  NEW TRIANG MATRIX.  MAX DOF INC= -0.2376E-02
     FORCE CONVERGENCE VALUE  =  0.5041      CRITERION=   3.611     <<< CONVERGED
     DISP CONVERGENCE VALUE   =  0.1797E-02  CRITERION=  0.4694E-03
    EQUIL ITER   2 COMPLETED.  NEW TRIANG MATRIX.  MAX DOF INC= -0.1797E-02
     FORCE CONVERGENCE VALUE  =  0.3376      CRITERION=   3.685     <<< CONVERGED
     DISP CONVERGENCE VALUE   =  0.1246E-02  CRITERION=  0.4790E-03
    EQUIL ITER   3 COMPLETED.  NEW TRIANG MATRIX.  MAX DOF INC= -0.1246E-02
     FORCE CONVERGENCE VALUE  =  0.2295      CRITERION=   3.760     <<< CONVERGED
     DISP CONVERGENCE VALUE   =  0.8455E-03  CRITERION=  0.4888E-03
    EQUIL ITER   4 COMPLETED.  NEW TRIANG MATRIX.  MAX DOF INC= -0.8455E-03
     FORCE CONVERGENCE VALUE  =  0.1575      CRITERION=   3.837     <<< CONVERGED
     DISP CONVERGENCE VALUE   =  0.5699E-03  CRITERION=  0.4988E-03
    EQUIL ITER   5 COMPLETED.  NEW TRIANG MATRIX.  MAX DOF INC= -0.5699E-03
     FORCE CONVERGENCE VALUE  =  0.1093      CRITERION=   3.915     <<< CONVERGED
     DISP CONVERGENCE VALUE   =  0.3802E-03  CRITERION=  0.5090E-03 <<< CONVERGED
    EQUIL ITER   6 COMPLETED.  NEW TRIANG MATRIX.  MAX DOF INC = -0.3802E-03
    >>> SOLUTION CONVERGED AFTER EQUILIBRIUM ITERATION   6
 *** LOAD STEP    25   SUBSTEP     2  COMPLETED.    CUM ITER =    279
 *** TIME =  0.720000         TIME INC =  0.133333E-01
 *** MAX PLASTIC STRAIN STEP = 0.1249E-01   CRITERION = 0.9900    

 *****  ANSYS SOLVE    COMMAND  *****

 *** ANSYS - ENGINEERING ANALYSIS SYSTEM  RELEASE 2022 R1          22.1     ***
 Ansys Mechanical Enterprise                       
 00000000  VERSION=WINDOWS x64   13:31:41  SEP 24, 2024 CP=  18277.031

  Re=1 matmacico=8 E1=1500 pr=%pr% matrev=2 E2=30303.3845 vp=12.5              

 Note - This ANSYS version was linked by Licensee

 SOLUTION MONITORING INFO IS WRITTEN TO FILE= file.mntr                                                                                                                                                                                                                                                           

     FORCE CONVERGENCE VALUE  =   1.470      CRITERION=   3.539    
     DISP CONVERGENCE VALUE   =  0.4954E-02  CRITERION=  0.4601E-03
    EQUIL ITER   1 COMPLETED.  NEW TRIANG MATRIX.  MAX DOF INC=  0.4954E-02
     FORCE CONVERGENCE VALUE  =  0.6268      CRITERION=   3.611     <<< CONVERGED
     DISP CONVERGENCE VALUE   =  0.1942E-02  CRITERION=  0.4694E-03
    EQUIL ITER   2 COMPLETED.  NEW TRIANG MATRIX.  MAX DOF INC=  0.1942E-02
     FORCE CONVERGENCE VALUE  =  0.3380      CRITERION=   3.685     <<< CONVERGED
     DISP CONVERGENCE VALUE   =  0.1097E-02  CRITERION=  0.4790E-03
    EQUIL ITER   3 COMPLETED.  NEW TRIANG MATRIX.  MAX DOF INC=  0.1097E-02
     FORCE CONVERGENCE VALUE  =  0.2189      CRITERION=   3.760     <<< CONVERGED
     DISP CONVERGENCE VALUE   =  0.6583E-03  CRITERION=  0.4888E-03
    EQUIL ITER   4 COMPLETED.  NEW TRIANG MATRIX.  MAX DOF INC=  0.6583E-03
     FORCE CONVERGENCE VALUE  =  0.1567      CRITERION=   3.837     <<< CONVERGED
     DISP CONVERGENCE VALUE   =  0.4138E-03  CRITERION=  0.5001E-03 <<< CONVERGED
    EQUIL ITER   5 COMPLETED.  NEW TRIANG MATRIX.  MAX DOF INC =  0.4138E-03
    >>> SOLUTION CONVERGED AFTER EQUILIBRIUM ITERATION   5
 *** LOAD STEP    26   SUBSTEP     1  COMPLETED.    CUM ITER =    284
 *** TIME =  0.733333         TIME INC =  0.133333E-01
 *** MAX PLASTIC STRAIN STEP = 0.3401E-01   CRITERION = 0.9900    
 *** AUTO STEP TIME:  NEXT TIME INC = 0.13333E-01  UNCHANGED

     FORCE CONVERGENCE VALUE  =   1.114      CRITERION=   3.539    
     DISP CONVERGENCE VALUE   =  0.2381E-02  CRITERION=  0.4613E-03
    EQUIL ITER   1 COMPLETED.  NEW TRIANG MATRIX.  MAX DOF INC= -0.2381E-02
     FORCE CONVERGENCE VALUE  =  0.5040      CRITERION=   3.611     <<< CONVERGED
     DISP CONVERGENCE VALUE   =  0.1801E-02  CRITERION=  0.4707E-03
    EQUIL ITER   2 COMPLETED.  NEW TRIANG MATRIX.  MAX DOF INC= -0.1801E-02
     FORCE CONVERGENCE VALUE  =  0.3375      CRITERION=   3.685     <<< CONVERGED
     DISP CONVERGENCE VALUE   =  0.1249E-02  CRITERION=  0.4803E-03
    EQUIL ITER   3 COMPLETED.  NEW TRIANG MATRIX.  MAX DOF INC= -0.1249E-02
     FORCE CONVERGENCE VALUE  =  0.2295      CRITERION=   3.760     <<< CONVERGED
     DISP CONVERGENCE VALUE   =  0.8482E-03  CRITERION=  0.4901E-03
    EQUIL ITER   4 COMPLETED.  NEW TRIANG MATRIX.  MAX DOF INC= -0.8482E-03
     FORCE CONVERGENCE VALUE  =  0.1575      CRITERION=   3.837     <<< CONVERGED
     DISP CONVERGENCE VALUE   =  0.5719E-03  CRITERION=  0.5001E-03
    EQUIL ITER   5 COMPLETED.  NEW TRIANG MATRIX.  MAX DOF INC= -0.5719E-03
     FORCE CONVERGENCE VALUE  =  0.1093      CRITERION=   3.915     <<< CONVERGED
     DISP CONVERGENCE VALUE   =  0.3816E-03  CRITERION=  0.5103E-03 <<< CONVERGED
    EQUIL ITER   6 COMPLETED.  NEW TRIANG MATRIX.  MAX DOF INC = -0.3816E-03
    >>> SOLUTION CONVERGED AFTER EQUILIBRIUM ITERATION   6
 *** LOAD STEP    26   SUBSTEP     2  COMPLETED.    CUM ITER =    290
 *** TIME =  0.746667         TIME INC =  0.133333E-01
 *** MAX PLASTIC STRAIN STEP = 0.1250E-01   CRITERION = 0.9900    

 *****  ANSYS SOLVE    COMMAND  *****

 *** ANSYS - ENGINEERING ANALYSIS SYSTEM  RELEASE 2022 R1          22.1     ***
 Ansys Mechanical Enterprise                       
 00000000  VERSION=WINDOWS x64   13:33:18  SEP 24, 2024 CP=  18989.750

  Re=1 matmacico=8 E1=1500 pr=%pr% matrev=2 E2=30303.3845 vp=12.5              

 Note - This ANSYS version was linked by Licensee

 SOLUTION MONITORING INFO IS WRITTEN TO FILE= file.mntr                                                                                                                                                                                                                                                           

     FORCE CONVERGENCE VALUE  =   1.471      CRITERION=   3.539    
     DISP CONVERGENCE VALUE   =  0.4964E-02  CRITERION=  0.4613E-03
    EQUIL ITER   1 COMPLETED.  NEW TRIANG MATRIX.  MAX DOF INC=  0.4964E-02
     FORCE CONVERGENCE VALUE  =  0.6269      CRITERION=   3.611     <<< CONVERGED
     DISP CONVERGENCE VALUE   =  0.1949E-02  CRITERION=  0.4707E-03
    EQUIL ITER   2 COMPLETED.  NEW TRIANG MATRIX.  MAX DOF INC=  0.1949E-02
     FORCE CONVERGENCE VALUE  =  0.3381      CRITERION=   3.685     <<< CONVERGED
     DISP CONVERGENCE VALUE   =  0.1100E-02  CRITERION=  0.4803E-03
    EQUIL ITER   3 COMPLETED.  NEW TRIANG MATRIX.  MAX DOF INC=  0.1100E-02
     FORCE CONVERGENCE VALUE  =  0.2189      CRITERION=   3.760     <<< CONVERGED
     DISP CONVERGENCE VALUE   =  0.6606E-03  CRITERION=  0.4901E-03
    EQUIL ITER   4 COMPLETED.  NEW TRIANG MATRIX.  MAX DOF INC=  0.6606E-03
     FORCE CONVERGENCE VALUE  =  0.1567      CRITERION=   3.837     <<< CONVERGED
     DISP CONVERGENCE VALUE   =  0.4153E-03  CRITERION=  0.5012E-03 <<< CONVERGED
    EQUIL ITER   5 COMPLETED.  NEW TRIANG MATRIX.  MAX DOF INC =  0.4153E-03
    >>> SOLUTION CONVERGED AFTER EQUILIBRIUM ITERATION   5
 *** LOAD STEP    27   SUBSTEP     1  COMPLETED.    CUM ITER =    295
 *** TIME =  0.760000         TIME INC =  0.133333E-01
 *** MAX PLASTIC STRAIN STEP = 0.3402E-01   CRITERION = 0.9900    
 *** AUTO STEP TIME:  NEXT TIME INC = 0.13333E-01  UNCHANGED

     FORCE CONVERGENCE VALUE  =   1.114      CRITERION=   3.539    
     DISP CONVERGENCE VALUE   =  0.2386E-02  CRITERION=  0.4623E-03
    EQUIL ITER   1 COMPLETED.  NEW TRIANG MATRIX.  MAX DOF INC= -0.2386E-02
     FORCE CONVERGENCE VALUE  =  0.5040      CRITERION=   3.611     <<< CONVERGED
     DISP CONVERGENCE VALUE   =  0.1804E-02  CRITERION=  0.4718E-03
    EQUIL ITER   2 COMPLETED.  NEW TRIANG MATRIX.  MAX DOF INC= -0.1804E-02
     FORCE CONVERGENCE VALUE  =  0.3375      CRITERION=   3.685     <<< CONVERGED
     DISP CONVERGENCE VALUE   =  0.1252E-02  CRITERION=  0.4814E-03
    EQUIL ITER   3 COMPLETED.  NEW TRIANG MATRIX.  MAX DOF INC= -0.1252E-02
     FORCE CONVERGENCE VALUE  =  0.2294      CRITERION=   3.760     <<< CONVERGED
     DISP CONVERGENCE VALUE   =  0.8507E-03  CRITERION=  0.4912E-03
    EQUIL ITER   4 COMPLETED.  NEW TRIANG MATRIX.  MAX DOF INC= -0.8507E-03
     FORCE CONVERGENCE VALUE  =  0.1575      CRITERION=   3.837     <<< CONVERGED
     DISP CONVERGENCE VALUE   =  0.5737E-03  CRITERION=  0.5012E-03
    EQUIL ITER   5 COMPLETED.  NEW TRIANG MATRIX.  MAX DOF INC= -0.5737E-03
     FORCE CONVERGENCE VALUE  =  0.1093      CRITERION=   3.915     <<< CONVERGED
     DISP CONVERGENCE VALUE   =  0.3829E-03  CRITERION=  0.5115E-03 <<< CONVERGED
    EQUIL ITER   6 COMPLETED.  NEW TRIANG MATRIX.  MAX DOF INC = -0.3829E-03
    >>> SOLUTION CONVERGED AFTER EQUILIBRIUM ITERATION   6
 *** LOAD STEP    27   SUBSTEP     2  COMPLETED.    CUM ITER =    301
 *** TIME =  0.773333         TIME INC =  0.133333E-01
 *** MAX PLASTIC STRAIN STEP = 0.1251E-01   CRITERION = 0.9900    

 *****  ANSYS SOLVE    COMMAND  *****

 *** ANSYS - ENGINEERING ANALYSIS SYSTEM  RELEASE 2022 R1          22.1     ***
 Ansys Mechanical Enterprise                       
 00000000  VERSION=WINDOWS x64   13:34:55  SEP 24, 2024 CP=  19704.234

  Re=1 matmacico=8 E1=1500 pr=%pr% matrev=2 E2=30303.3845 vp=12.5              

 Note - This ANSYS version was linked by Licensee

 SOLUTION MONITORING INFO IS WRITTEN TO FILE= file.mntr                                                                                                                                                                                                                                                           

     FORCE CONVERGENCE VALUE  =   1.471      CRITERION=   3.539    
     DISP CONVERGENCE VALUE   =  0.4973E-02  CRITERION=  0.4623E-03
    EQUIL ITER   1 COMPLETED.  NEW TRIANG MATRIX.  MAX DOF INC=  0.4973E-02
     FORCE CONVERGENCE VALUE  =  0.6269      CRITERION=   3.611     <<< CONVERGED
     DISP CONVERGENCE VALUE   =  0.1954E-02  CRITERION=  0.4718E-03
    EQUIL ITER   2 COMPLETED.  NEW TRIANG MATRIX.  MAX DOF INC=  0.1954E-02
     FORCE CONVERGENCE VALUE  =  0.3382      CRITERION=   3.685     <<< CONVERGED
     DISP CONVERGENCE VALUE   =  0.1103E-02  CRITERION=  0.4814E-03
    EQUIL ITER   3 COMPLETED.  NEW TRIANG MATRIX.  MAX DOF INC=  0.1103E-02
     FORCE CONVERGENCE VALUE  =  0.2190      CRITERION=   3.760     <<< CONVERGED
     DISP CONVERGENCE VALUE   =  0.6626E-03  CRITERION=  0.4912E-03
    EQUIL ITER   4 COMPLETED.  NEW TRIANG MATRIX.  MAX DOF INC=  0.6626E-03
     FORCE CONVERGENCE VALUE  =  0.1568      CRITERION=   3.837     <<< CONVERGED
     DISP CONVERGENCE VALUE   =  0.4167E-03  CRITERION=  0.5023E-03 <<< CONVERGED
    EQUIL ITER   5 COMPLETED.  NEW TRIANG MATRIX.  MAX DOF INC =  0.4167E-03
    >>> SOLUTION CONVERGED AFTER EQUILIBRIUM ITERATION   5
 *** LOAD STEP    28   SUBSTEP     1  COMPLETED.    CUM ITER =    306
 *** TIME =  0.786667         TIME INC =  0.133333E-01
 *** MAX PLASTIC STRAIN STEP = 0.3404E-01   CRITERION = 0.9900    
 *** AUTO STEP TIME:  NEXT TIME INC = 0.13333E-01  UNCHANGED

     FORCE CONVERGENCE VALUE  =   1.114      CRITERION=   3.539    
     DISP CONVERGENCE VALUE   =  0.2390E-02  CRITERION=  0.4633E-03
    EQUIL ITER   1 COMPLETED.  NEW TRIANG MATRIX.  MAX DOF INC= -0.2390E-02
     FORCE CONVERGENCE VALUE  =  0.5039      CRITERION=   3.612     <<< CONVERGED
     DISP CONVERGENCE VALUE   =  0.1807E-02  CRITERION=  0.4727E-03
    EQUIL ITER   2 COMPLETED.  NEW TRIANG MATRIX.  MAX DOF INC= -0.1807E-02
     FORCE CONVERGENCE VALUE  =  0.3375      CRITERION=   3.685     <<< CONVERGED
     DISP CONVERGENCE VALUE   =  0.1255E-02  CRITERION=  0.4824E-03
    EQUIL ITER   3 COMPLETED.  NEW TRIANG MATRIX.  MAX DOF INC= -0.1255E-02
     FORCE CONVERGENCE VALUE  =  0.2294      CRITERION=   3.760     <<< CONVERGED
     DISP CONVERGENCE VALUE   =  0.8528E-03  CRITERION=  0.4922E-03
    EQUIL ITER   4 COMPLETED.  NEW TRIANG MATRIX.  MAX DOF INC= -0.8528E-03
     FORCE CONVERGENCE VALUE  =  0.1575      CRITERION=   3.837     <<< CONVERGED
     DISP CONVERGENCE VALUE   =  0.5752E-03  CRITERION=  0.5023E-03
    EQUIL ITER   5 COMPLETED.  NEW TRIANG MATRIX.  MAX DOF INC= -0.5752E-03
     FORCE CONVERGENCE VALUE  =  0.1093      CRITERION=   3.915     <<< CONVERGED
     DISP CONVERGENCE VALUE   =  0.3840E-03  CRITERION=  0.5125E-03 <<< CONVERGED
    EQUIL ITER   6 COMPLETED.  NEW TRIANG MATRIX.  MAX DOF INC = -0.3840E-03
    >>> SOLUTION CONVERGED AFTER EQUILIBRIUM ITERATION   6
 *** LOAD STEP    28   SUBSTEP     2  COMPLETED.    CUM ITER =    312
 *** TIME =  0.800000         TIME INC =  0.133333E-01
 *** MAX PLASTIC STRAIN STEP = 0.1251E-01   CRITERION = 0.9900    

 *****  ANSYS SOLVE    COMMAND  *****

 *** ANSYS - ENGINEERING ANALYSIS SYSTEM  RELEASE 2022 R1          22.1     ***
 Ansys Mechanical Enterprise                       
 00000000  VERSION=WINDOWS x64   13:36:32  SEP 24, 2024 CP=  20416.625

  Re=1 matmacico=8 E1=1500 pr=%pr% matrev=2 E2=30303.3845 vp=12.5              

 Note - This ANSYS version was linked by Licensee

 SOLUTION MONITORING INFO IS WRITTEN TO FILE= file.mntr                                                                                                                                                                                                                                                           

     FORCE CONVERGENCE VALUE  =   1.471      CRITERION=   3.539    
     DISP CONVERGENCE VALUE   =  0.4981E-02  CRITERION=  0.4633E-03
    EQUIL ITER   1 COMPLETED.  NEW TRIANG MATRIX.  MAX DOF INC=  0.4981E-02
     FORCE CONVERGENCE VALUE  =  0.6270      CRITERION=   3.612     <<< CONVERGED
     DISP CONVERGENCE VALUE   =  0.1959E-02  CRITERION=  0.4727E-03
    EQUIL ITER   2 COMPLETED.  NEW TRIANG MATRIX.  MAX DOF INC=  0.1959E-02
     FORCE CONVERGENCE VALUE  =  0.3382      CRITERION=   3.685     <<< CONVERGED
     DISP CONVERGENCE VALUE   =  0.1106E-02  CRITERION=  0.4824E-03
    EQUIL ITER   3 COMPLETED.  NEW TRIANG MATRIX.  MAX DOF INC=  0.1106E-02
     FORCE CONVERGENCE VALUE  =  0.2190      CRITERION=   3.761     <<< CONVERGED
     DISP CONVERGENCE VALUE   =  0.6643E-03  CRITERION=  0.4922E-03
    EQUIL ITER   4 COMPLETED.  NEW TRIANG MATRIX.  MAX DOF INC=  0.6643E-03
     FORCE CONVERGENCE VALUE  =  0.1568      CRITERION=   3.837     <<< CONVERGED
     DISP CONVERGENCE VALUE   =  0.4179E-03  CRITERION=  0.5031E-03 <<< CONVERGED
    EQUIL ITER   5 COMPLETED.  NEW TRIANG MATRIX.  MAX DOF INC =  0.4179E-03
    >>> SOLUTION CONVERGED AFTER EQUILIBRIUM ITERATION   5
 *** LOAD STEP    29   SUBSTEP     1  COMPLETED.    CUM ITER =    317
 *** TIME =  0.813333         TIME INC =  0.133333E-01
 *** MAX PLASTIC STRAIN STEP = 0.3405E-01   CRITERION = 0.9900    
 *** AUTO STEP TIME:  NEXT TIME INC = 0.13333E-01  UNCHANGED

     FORCE CONVERGENCE VALUE  =   1.114      CRITERION=   3.540    
     DISP CONVERGENCE VALUE   =  0.2394E-02  CRITERION=  0.4641E-03
    EQUIL ITER   1 COMPLETED.  NEW TRIANG MATRIX.  MAX DOF INC= -0.2394E-02
     FORCE CONVERGENCE VALUE  =  0.5039      CRITERION=   3.612     <<< CONVERGED
     DISP CONVERGENCE VALUE   =  0.1810E-02  CRITERION=  0.4736E-03
    EQUIL ITER   2 COMPLETED.  NEW TRIANG MATRIX.  MAX DOF INC= -0.1810E-02
     FORCE CONVERGENCE VALUE  =  0.3375      CRITERION=   3.685     <<< CONVERGED
     DISP CONVERGENCE VALUE   =  0.1257E-02  CRITERION=  0.4832E-03
    EQUIL ITER   3 COMPLETED.  NEW TRIANG MATRIX.  MAX DOF INC= -0.1257E-02
     FORCE CONVERGENCE VALUE  =  0.2294      CRITERION=   3.761     <<< CONVERGED
     DISP CONVERGENCE VALUE   =  0.8546E-03  CRITERION=  0.4931E-03
    EQUIL ITER   4 COMPLETED.  NEW TRIANG MATRIX.  MAX DOF INC= -0.8546E-03
     FORCE CONVERGENCE VALUE  =  0.1575      CRITERION=   3.837     <<< CONVERGED
     DISP CONVERGENCE VALUE   =  0.5766E-03  CRITERION=  0.5031E-03
    EQUIL ITER   5 COMPLETED.  NEW TRIANG MATRIX.  MAX DOF INC= -0.5766E-03
     FORCE CONVERGENCE VALUE  =  0.1093      CRITERION=   3.916     <<< CONVERGED
     DISP CONVERGENCE VALUE   =  0.3849E-03  CRITERION=  0.5134E-03 <<< CONVERGED
    EQUIL ITER   6 COMPLETED.  NEW TRIANG MATRIX.  MAX DOF INC = -0.3849E-03
    >>> SOLUTION CONVERGED AFTER EQUILIBRIUM ITERATION   6
 *** LOAD STEP    29   SUBSTEP     2  COMPLETED.    CUM ITER =    323
 *** TIME =  0.826667         TIME INC =  0.133333E-01
 *** MAX PLASTIC STRAIN STEP = 0.1252E-01   CRITERION = 0.9900    

 *****  ANSYS SOLVE    COMMAND  *****

 *** ANSYS - ENGINEERING ANALYSIS SYSTEM  RELEASE 2022 R1          22.1     ***
 Ansys Mechanical Enterprise                       
 00000000  VERSION=WINDOWS x64   13:38:09  SEP 24, 2024 CP=  21129.328

  Re=1 matmacico=8 E1=1500 pr=%pr% matrev=2 E2=30303.3845 vp=12.5              

 Note - This ANSYS version was linked by Licensee

 SOLUTION MONITORING INFO IS WRITTEN TO FILE= file.mntr                                                                                                                                                                                                                                                           

     FORCE CONVERGENCE VALUE  =   1.471      CRITERION=   3.539    
     DISP CONVERGENCE VALUE   =  0.4988E-02  CRITERION=  0.4641E-03
    EQUIL ITER   1 COMPLETED.  NEW TRIANG MATRIX.  MAX DOF INC=  0.4988E-02
     FORCE CONVERGENCE VALUE  =  0.6270      CRITERION=   3.612     <<< CONVERGED
     DISP CONVERGENCE VALUE   =  0.1963E-02  CRITERION=  0.4736E-03
    EQUIL ITER   2 COMPLETED.  NEW TRIANG MATRIX.  MAX DOF INC=  0.1963E-02
     FORCE CONVERGENCE VALUE  =  0.3382      CRITERION=   3.685     <<< CONVERGED
     DISP CONVERGENCE VALUE   =  0.1108E-02  CRITERION=  0.4832E-03
    EQUIL ITER   3 COMPLETED.  NEW TRIANG MATRIX.  MAX DOF INC=  0.1108E-02
     FORCE CONVERGENCE VALUE  =  0.2190      CRITERION=   3.761     <<< CONVERGED
     DISP CONVERGENCE VALUE   =  0.6659E-03  CRITERION=  0.4931E-03
    EQUIL ITER   4 COMPLETED.  NEW TRIANG MATRIX.  MAX DOF INC=  0.6659E-03
     FORCE CONVERGENCE VALUE  =  0.1569      CRITERION=   3.837     <<< CONVERGED
     DISP CONVERGENCE VALUE   =  0.4189E-03  CRITERION=  0.5039E-03 <<< CONVERGED
    EQUIL ITER   5 COMPLETED.  NEW TRIANG MATRIX.  MAX DOF INC =  0.4189E-03
    >>> SOLUTION CONVERGED AFTER EQUILIBRIUM ITERATION   5
 *** LOAD STEP    30   SUBSTEP     1  COMPLETED.    CUM ITER =    328
 *** TIME =  0.840000         TIME INC =  0.133333E-01
 *** MAX PLASTIC STRAIN STEP = 0.3405E-01   CRITERION = 0.9900    
 *** AUTO STEP TIME:  NEXT TIME INC = 0.13333E-01  UNCHANGED

     FORCE CONVERGENCE VALUE  =   1.114      CRITERION=   3.540    
     DISP CONVERGENCE VALUE   =  0.2397E-02  CRITERION=  0.4648E-03
    EQUIL ITER   1 COMPLETED.  NEW TRIANG MATRIX.  MAX DOF INC= -0.2397E-02
     FORCE CONVERGENCE VALUE  =  0.5039      CRITERION=   3.612     <<< CONVERGED
     DISP CONVERGENCE VALUE   =  0.1812E-02  CRITERION=  0.4743E-03
    EQUIL ITER   2 COMPLETED.  NEW TRIANG MATRIX.  MAX DOF INC= -0.1812E-02
     FORCE CONVERGENCE VALUE  =  0.3375      CRITERION=   3.686     <<< CONVERGED
     DISP CONVERGENCE VALUE   =  0.1260E-02  CRITERION=  0.4840E-03
    EQUIL ITER   3 COMPLETED.  NEW TRIANG MATRIX.  MAX DOF INC= -0.1260E-02
     FORCE CONVERGENCE VALUE  =  0.2295      CRITERION=   3.761     <<< CONVERGED
     DISP CONVERGENCE VALUE   =  0.8562E-03  CRITERION=  0.4939E-03
    EQUIL ITER   4 COMPLETED.  NEW TRIANG MATRIX.  MAX DOF INC= -0.8562E-03
     FORCE CONVERGENCE VALUE  =  0.1576      CRITERION=   3.837     <<< CONVERGED
     DISP CONVERGENCE VALUE   =  0.5778E-03  CRITERION=  0.5039E-03
    EQUIL ITER   5 COMPLETED.  NEW TRIANG MATRIX.  MAX DOF INC= -0.5778E-03
     FORCE CONVERGENCE VALUE  =  0.1093      CRITERION=   3.916     <<< CONVERGED
     DISP CONVERGENCE VALUE   =  0.3858E-03  CRITERION=  0.5142E-03 <<< CONVERGED
    EQUIL ITER   6 COMPLETED.  NEW TRIANG MATRIX.  MAX DOF INC = -0.3858E-03
    >>> SOLUTION CONVERGED AFTER EQUILIBRIUM ITERATION   6
 *** LOAD STEP    30   SUBSTEP     2  COMPLETED.    CUM ITER =    334
 *** TIME =  0.853333         TIME INC =  0.133333E-01
 *** MAX PLASTIC STRAIN STEP = 0.1252E-01   CRITERION = 0.9900    

 *****  ANSYS SOLVE    COMMAND  *****

 *** ANSYS - ENGINEERING ANALYSIS SYSTEM  RELEASE 2022 R1          22.1     ***
 Ansys Mechanical Enterprise                       
 00000000  VERSION=WINDOWS x64   13:39:47  SEP 24, 2024 CP=  21845.359

  Re=1 matmacico=8 E1=1500 pr=%pr% matrev=2 E2=30303.3845 vp=12.5              

 Note - This ANSYS version was linked by Licensee

 SOLUTION MONITORING INFO IS WRITTEN TO FILE= file.mntr                                                                                                                                                                                                                                                           

     FORCE CONVERGENCE VALUE  =   1.471      CRITERION=   3.540    
     DISP CONVERGENCE VALUE   =  0.4994E-02  CRITERION=  0.4648E-03
    EQUIL ITER   1 COMPLETED.  NEW TRIANG MATRIX.  MAX DOF INC=  0.4994E-02
     FORCE CONVERGENCE VALUE  =  0.6270      CRITERION=   3.612     <<< CONVERGED
     DISP CONVERGENCE VALUE   =  0.1966E-02  CRITERION=  0.4743E-03
    EQUIL ITER   2 COMPLETED.  NEW TRIANG MATRIX.  MAX DOF INC=  0.1966E-02
     FORCE CONVERGENCE VALUE  =  0.3383      CRITERION=   3.686     <<< CONVERGED
     DISP CONVERGENCE VALUE   =  0.1111E-02  CRITERION=  0.4840E-03
    EQUIL ITER   3 COMPLETED.  NEW TRIANG MATRIX.  MAX DOF INC=  0.1111E-02
     FORCE CONVERGENCE VALUE  =  0.2191      CRITERION=   3.761     <<< CONVERGED
     DISP CONVERGENCE VALUE   =  0.6672E-03  CRITERION=  0.4939E-03
    EQUIL ITER   4 COMPLETED.  NEW TRIANG MATRIX.  MAX DOF INC=  0.6672E-03
     FORCE CONVERGENCE VALUE  =  0.1569      CRITERION=   3.838     <<< CONVERGED
     DISP CONVERGENCE VALUE   =  0.4198E-03  CRITERION=  0.5046E-03 <<< CONVERGED
    EQUIL ITER   5 COMPLETED.  NEW TRIANG MATRIX.  MAX DOF INC =  0.4198E-03
    >>> SOLUTION CONVERGED AFTER EQUILIBRIUM ITERATION   5
 *** LOAD STEP    31   SUBSTEP     1  COMPLETED.    CUM ITER =    339
 *** TIME =  0.866667         TIME INC =  0.133333E-01
 *** MAX PLASTIC STRAIN STEP = 0.3406E-01   CRITERION = 0.9900    
 *** AUTO STEP TIME:  NEXT TIME INC = 0.13333E-01  UNCHANGED

     FORCE CONVERGENCE VALUE  =   1.113      CRITERION=   3.540    
     DISP CONVERGENCE VALUE   =  0.2400E-02  CRITERION=  0.4655E-03
    EQUIL ITER   1 COMPLETED.  NEW TRIANG MATRIX.  MAX DOF INC= -0.2400E-02
     FORCE CONVERGENCE VALUE  =  0.5039      CRITERION=   3.612     <<< CONVERGED
     DISP CONVERGENCE VALUE   =  0.1814E-02  CRITERION=  0.4749E-03
    EQUIL ITER   2 COMPLETED.  NEW TRIANG MATRIX.  MAX DOF INC= -0.1814E-02
     FORCE CONVERGENCE VALUE  =  0.3375      CRITERION=   3.686     <<< CONVERGED
     DISP CONVERGENCE VALUE   =  0.1262E-02  CRITERION=  0.4846E-03
    EQUIL ITER   3 COMPLETED.  NEW TRIANG MATRIX.  MAX DOF INC= -0.1262E-02
     FORCE CONVERGENCE VALUE  =  0.2295      CRITERION=   3.761     <<< CONVERGED
     DISP CONVERGENCE VALUE   =  0.8577E-03  CRITERION=  0.4945E-03
    EQUIL ITER   4 COMPLETED.  NEW TRIANG MATRIX.  MAX DOF INC= -0.8577E-03
     FORCE CONVERGENCE VALUE  =  0.1576      CRITERION=   3.838     <<< CONVERGED
     DISP CONVERGENCE VALUE   =  0.5788E-03  CRITERION=  0.5046E-03
    EQUIL ITER   5 COMPLETED.  NEW TRIANG MATRIX.  MAX DOF INC= -0.5788E-03
     FORCE CONVERGENCE VALUE  =  0.1093      CRITERION=   3.916     <<< CONVERGED
     DISP CONVERGENCE VALUE   =  0.3865E-03  CRITERION=  0.5149E-03 <<< CONVERGED
    EQUIL ITER   6 COMPLETED.  NEW TRIANG MATRIX.  MAX DOF INC = -0.3865E-03
    >>> SOLUTION CONVERGED AFTER EQUILIBRIUM ITERATION   6
 *** LOAD STEP    31   SUBSTEP     2  COMPLETED.    CUM ITER =    345
 *** TIME =  0.880000         TIME INC =  0.133333E-01
 *** MAX PLASTIC STRAIN STEP = 0.1252E-01   CRITERION = 0.9900    

 *****  ANSYS SOLVE    COMMAND  *****

 *** ANSYS - ENGINEERING ANALYSIS SYSTEM  RELEASE 2022 R1          22.1     ***
 Ansys Mechanical Enterprise                       
 00000000  VERSION=WINDOWS x64   13:41:24  SEP 24, 2024 CP=  22561.953

  Re=1 matmacico=8 E1=1500 pr=%pr% matrev=2 E2=30303.3845 vp=12.5              

 Note - This ANSYS version was linked by Licensee

 SOLUTION MONITORING INFO IS WRITTEN TO FILE= file.mntr                                                                                                                                                                                                                                                           

     FORCE CONVERGENCE VALUE  =   1.471      CRITERION=   3.540    
     DISP CONVERGENCE VALUE   =  0.5000E-02  CRITERION=  0.4655E-03
    EQUIL ITER   1 COMPLETED.  NEW TRIANG MATRIX.  MAX DOF INC=  0.5000E-02
     FORCE CONVERGENCE VALUE  =  0.6270      CRITERION=   3.612     <<< CONVERGED
     DISP CONVERGENCE VALUE   =  0.1969E-02  CRITERION=  0.4749E-03
    EQUIL ITER   2 COMPLETED.  NEW TRIANG MATRIX.  MAX DOF INC=  0.1969E-02
     FORCE CONVERGENCE VALUE  =  0.3383      CRITERION=   3.686     <<< CONVERGED
     DISP CONVERGENCE VALUE   =  0.1112E-02  CRITERION=  0.4846E-03
    EQUIL ITER   3 COMPLETED.  NEW TRIANG MATRIX.  MAX DOF INC=  0.1112E-02
     FORCE CONVERGENCE VALUE  =  0.2191      CRITERION=   3.761     <<< CONVERGED
     DISP CONVERGENCE VALUE   =  0.6685E-03  CRITERION=  0.4945E-03
    EQUIL ITER   4 COMPLETED.  NEW TRIANG MATRIX.  MAX DOF INC=  0.6685E-03
     FORCE CONVERGENCE VALUE  =  0.1569      CRITERION=   3.838     <<< CONVERGED
     DISP CONVERGENCE VALUE   =  0.4206E-03  CRITERION=  0.5052E-03 <<< CONVERGED
    EQUIL ITER   5 COMPLETED.  NEW TRIANG MATRIX.  MAX DOF INC =  0.4206E-03
    >>> SOLUTION CONVERGED AFTER EQUILIBRIUM ITERATION   5
 *** LOAD STEP    32   SUBSTEP     1  COMPLETED.    CUM ITER =    350
 *** TIME =  0.893333         TIME INC =  0.133333E-01
 *** MAX PLASTIC STRAIN STEP = 0.3406E-01   CRITERION = 0.9900    
 *** AUTO STEP TIME:  NEXT TIME INC = 0.13333E-01  UNCHANGED

     FORCE CONVERGENCE VALUE  =   1.113      CRITERION=   3.540    
     DISP CONVERGENCE VALUE   =  0.2402E-02  CRITERION=  0.4660E-03
    EQUIL ITER   1 COMPLETED.  NEW TRIANG MATRIX.  MAX DOF INC= -0.2402E-02
     FORCE CONVERGENCE VALUE  =  0.5039      CRITERION=   3.612     <<< CONVERGED
     DISP CONVERGENCE VALUE   =  0.1816E-02  CRITERION=  0.4755E-03
    EQUIL ITER   2 COMPLETED.  NEW TRIANG MATRIX.  MAX DOF INC= -0.1816E-02
     FORCE CONVERGENCE VALUE  =  0.3375      CRITERION=   3.686     <<< CONVERGED
     DISP CONVERGENCE VALUE   =  0.1263E-02  CRITERION=  0.4852E-03
    EQUIL ITER   3 COMPLETED.  NEW TRIANG MATRIX.  MAX DOF INC= -0.1263E-02
     FORCE CONVERGENCE VALUE  =  0.2295      CRITERION=   3.761     <<< CONVERGED
     DISP CONVERGENCE VALUE   =  0.8589E-03  CRITERION=  0.4951E-03
    EQUIL ITER   4 COMPLETED.  NEW TRIANG MATRIX.  MAX DOF INC= -0.8589E-03
     FORCE CONVERGENCE VALUE  =  0.1576      CRITERION=   3.838     <<< CONVERGED
     DISP CONVERGENCE VALUE   =  0.5797E-03  CRITERION=  0.5052E-03
    EQUIL ITER   5 COMPLETED.  NEW TRIANG MATRIX.  MAX DOF INC= -0.5797E-03
     FORCE CONVERGENCE VALUE  =  0.1093      CRITERION=   3.916     <<< CONVERGED
     DISP CONVERGENCE VALUE   =  0.3872E-03  CRITERION=  0.5155E-03 <<< CONVERGED
    EQUIL ITER   6 COMPLETED.  NEW TRIANG MATRIX.  MAX DOF INC = -0.3872E-03
    >>> SOLUTION CONVERGED AFTER EQUILIBRIUM ITERATION   6
 *** LOAD STEP    32   SUBSTEP     2  COMPLETED.    CUM ITER =    356
 *** TIME =  0.906667         TIME INC =  0.133333E-01
 *** MAX PLASTIC STRAIN STEP = 0.1253E-01   CRITERION = 0.9900    

 *****  ANSYS SOLVE    COMMAND  *****

 *** ANSYS - ENGINEERING ANALYSIS SYSTEM  RELEASE 2022 R1          22.1     ***
 Ansys Mechanical Enterprise                       
 00000000  VERSION=WINDOWS x64   13:43:02  SEP 24, 2024 CP=  23278.391

  Re=1 matmacico=8 E1=1500 pr=%pr% matrev=2 E2=30303.3845 vp=12.5              

 Note - This ANSYS version was linked by Licensee

 SOLUTION MONITORING INFO IS WRITTEN TO FILE= file.mntr                                                                                                                                                                                                                                                           

     FORCE CONVERGENCE VALUE  =   1.471      CRITERION=   3.540    
     DISP CONVERGENCE VALUE   =  0.5005E-02  CRITERION=  0.4660E-03
    EQUIL ITER   1 COMPLETED.  NEW TRIANG MATRIX.  MAX DOF INC=  0.5005E-02
     FORCE CONVERGENCE VALUE  =  0.6270      CRITERION=   3.612     <<< CONVERGED
     DISP CONVERGENCE VALUE   =  0.1972E-02  CRITERION=  0.4755E-03
    EQUIL ITER   2 COMPLETED.  NEW TRIANG MATRIX.  MAX DOF INC=  0.1972E-02
     FORCE CONVERGENCE VALUE  =  0.3384      CRITERION=   3.686     <<< CONVERGED
     DISP CONVERGENCE VALUE   =  0.1114E-02  CRITERION=  0.4852E-03
    EQUIL ITER   3 COMPLETED.  NEW TRIANG MATRIX.  MAX DOF INC=  0.1114E-02
     FORCE CONVERGENCE VALUE  =  0.2191      CRITERION=   3.761     <<< CONVERGED
     DISP CONVERGENCE VALUE   =  0.6695E-03  CRITERION=  0.4951E-03
    EQUIL ITER   4 COMPLETED.  NEW TRIANG MATRIX.  MAX DOF INC=  0.6695E-03
     FORCE CONVERGENCE VALUE  =  0.1569      CRITERION=   3.838     <<< CONVERGED
     DISP CONVERGENCE VALUE   =  0.4214E-03  CRITERION=  0.5058E-03 <<< CONVERGED
    EQUIL ITER   5 COMPLETED.  NEW TRIANG MATRIX.  MAX DOF INC =  0.4214E-03
    >>> SOLUTION CONVERGED AFTER EQUILIBRIUM ITERATION   5
 *** LOAD STEP    33   SUBSTEP     1  COMPLETED.    CUM ITER =    361
 *** TIME =  0.920000         TIME INC =  0.133333E-01
 *** MAX PLASTIC STRAIN STEP = 0.3406E-01   CRITERION = 0.9900    
 *** AUTO STEP TIME:  NEXT TIME INC = 0.13333E-01  UNCHANGED

     FORCE CONVERGENCE VALUE  =   1.113      CRITERION=   3.540    
     DISP CONVERGENCE VALUE   =  0.2405E-02  CRITERION=  0.4665E-03
    EQUIL ITER   1 COMPLETED.  NEW TRIANG MATRIX.  MAX DOF INC= -0.2405E-02
     FORCE CONVERGENCE VALUE  =  0.5039      CRITERION=   3.612     <<< CONVERGED
     DISP CONVERGENCE VALUE   =  0.1818E-02  CRITERION=  0.4760E-03
    EQUIL ITER   2 COMPLETED.  NEW TRIANG MATRIX.  MAX DOF INC= -0.1818E-02
     FORCE CONVERGENCE VALUE  =  0.3376      CRITERION=   3.686     <<< CONVERGED
     DISP CONVERGENCE VALUE   =  0.1265E-02  CRITERION=  0.4858E-03
    EQUIL ITER   3 COMPLETED.  NEW TRIANG MATRIX.  MAX DOF INC= -0.1265E-02
     FORCE CONVERGENCE VALUE  =  0.2295      CRITERION=   3.761     <<< CONVERGED
     DISP CONVERGENCE VALUE   =  0.8600E-03  CRITERION=  0.4957E-03
    EQUIL ITER   4 COMPLETED.  NEW TRIANG MATRIX.  MAX DOF INC= -0.8600E-03
     FORCE CONVERGENCE VALUE  =  0.1576      CRITERION=   3.838     <<< CONVERGED
     DISP CONVERGENCE VALUE   =  0.5805E-03  CRITERION=  0.5058E-03
    EQUIL ITER   5 COMPLETED.  NEW TRIANG MATRIX.  MAX DOF INC= -0.5805E-03
     FORCE CONVERGENCE VALUE  =  0.1093      CRITERION=   3.916     <<< CONVERGED
     DISP CONVERGENCE VALUE   =  0.3878E-03  CRITERION=  0.5161E-03 <<< CONVERGED
    EQUIL ITER   6 COMPLETED.  NEW TRIANG MATRIX.  MAX DOF INC = -0.3878E-03
    >>> SOLUTION CONVERGED AFTER EQUILIBRIUM ITERATION   6
 *** LOAD STEP    33   SUBSTEP     2  COMPLETED.    CUM ITER =    367
 *** TIME =  0.933333         TIME INC =  0.133333E-01
 *** MAX PLASTIC STRAIN STEP = 0.1253E-01   CRITERION = 0.9900    

 *****  ANSYS SOLVE    COMMAND  *****

 *** ANSYS - ENGINEERING ANALYSIS SYSTEM  RELEASE 2022 R1          22.1     ***
 Ansys Mechanical Enterprise                       
 00000000  VERSION=WINDOWS x64   13:44:40  SEP 24, 2024 CP=  23994.891

  Re=1 matmacico=8 E1=1500 pr=%pr% matrev=2 E2=30303.3845 vp=12.5              

 Note - This ANSYS version was linked by Licensee

 SOLUTION MONITORING INFO IS WRITTEN TO FILE= file.mntr                                                                                                                                                                                                                                                           

     FORCE CONVERGENCE VALUE  =   1.471      CRITERION=   3.540    
     DISP CONVERGENCE VALUE   =  0.5009E-02  CRITERION=  0.4665E-03
    EQUIL ITER   1 COMPLETED.  NEW TRIANG MATRIX.  MAX DOF INC=  0.5009E-02
     FORCE CONVERGENCE VALUE  =  0.6270      CRITERION=   3.612     <<< CONVERGED
     DISP CONVERGENCE VALUE   =  0.1975E-02  CRITERION=  0.4760E-03
    EQUIL ITER   2 COMPLETED.  NEW TRIANG MATRIX.  MAX DOF INC=  0.1975E-02
     FORCE CONVERGENCE VALUE  =  0.3384      CRITERION=   3.686     <<< CONVERGED
     DISP CONVERGENCE VALUE   =  0.1115E-02  CRITERION=  0.4858E-03
    EQUIL ITER   3 COMPLETED.  NEW TRIANG MATRIX.  MAX DOF INC=  0.1115E-02
     FORCE CONVERGENCE VALUE  =  0.2191      CRITERION=   3.761     <<< CONVERGED
     DISP CONVERGENCE VALUE   =  0.6704E-03  CRITERION=  0.4957E-03
    EQUIL ITER   4 COMPLETED.  NEW TRIANG MATRIX.  MAX DOF INC=  0.6704E-03
     FORCE CONVERGENCE VALUE  =  0.1569      CRITERION=   3.838     <<< CONVERGED
     DISP CONVERGENCE VALUE   =  0.4220E-03  CRITERION=  0.5063E-03 <<< CONVERGED
    EQUIL ITER   5 COMPLETED.  NEW TRIANG MATRIX.  MAX DOF INC =  0.4220E-03
    >>> SOLUTION CONVERGED AFTER EQUILIBRIUM ITERATION   5
 *** LOAD STEP    34   SUBSTEP     1  COMPLETED.    CUM ITER =    372
 *** TIME =  0.946667         TIME INC =  0.133333E-01
 *** MAX PLASTIC STRAIN STEP = 0.3406E-01   CRITERION = 0.9900    
 *** AUTO STEP TIME:  NEXT TIME INC = 0.13333E-01  UNCHANGED

     FORCE CONVERGENCE VALUE  =   1.113      CRITERION=   3.540    
     DISP CONVERGENCE VALUE   =  0.2407E-02  CRITERION=  0.4670E-03
    EQUIL ITER   1 COMPLETED.  NEW TRIANG MATRIX.  MAX DOF INC= -0.2407E-02
     FORCE CONVERGENCE VALUE  =  0.5040      CRITERION=   3.612     <<< CONVERGED
     DISP CONVERGENCE VALUE   =  0.1819E-02  CRITERION=  0.4765E-03
    EQUIL ITER   2 COMPLETED.  NEW TRIANG MATRIX.  MAX DOF INC= -0.1819E-02
     FORCE CONVERGENCE VALUE  =  0.3376      CRITERION=   3.686     <<< CONVERGED
     DISP CONVERGENCE VALUE   =  0.1266E-02  CRITERION=  0.4862E-03
    EQUIL ITER   3 COMPLETED.  NEW TRIANG MATRIX.  MAX DOF INC= -0.1266E-02
     FORCE CONVERGENCE VALUE  =  0.2296      CRITERION=   3.761     <<< CONVERGED
     DISP CONVERGENCE VALUE   =  0.8610E-03  CRITERION=  0.4961E-03
    EQUIL ITER   4 COMPLETED.  NEW TRIANG MATRIX.  MAX DOF INC= -0.8610E-03
     FORCE CONVERGENCE VALUE  =  0.1577      CRITERION=   3.838     <<< CONVERGED
     DISP CONVERGENCE VALUE   =  0.5812E-03  CRITERION=  0.5063E-03
    EQUIL ITER   5 COMPLETED.  NEW TRIANG MATRIX.  MAX DOF INC= -0.5812E-03
     FORCE CONVERGENCE VALUE  =  0.1093      CRITERION=   3.916     <<< CONVERGED
     DISP CONVERGENCE VALUE   =  0.3883E-03  CRITERION=  0.5166E-03 <<< CONVERGED
    EQUIL ITER   6 COMPLETED.  NEW TRIANG MATRIX.  MAX DOF INC = -0.3883E-03
    >>> SOLUTION CONVERGED AFTER EQUILIBRIUM ITERATION   6
 *** LOAD STEP    34   SUBSTEP     2  COMPLETED.    CUM ITER =    378
 *** TIME =  0.960000         TIME INC =  0.133333E-01
 *** MAX PLASTIC STRAIN STEP = 0.1253E-01   CRITERION = 0.9900    

 *****  ANSYS SOLVE    COMMAND  *****

 *** ANSYS - ENGINEERING ANALYSIS SYSTEM  RELEASE 2022 R1          22.1     ***
 Ansys Mechanical Enterprise                       
 00000000  VERSION=WINDOWS x64   13:46:17  SEP 24, 2024 CP=  24707.625

  Re=1 matmacico=8 E1=1500 pr=%pr% matrev=2 E2=30303.3845 vp=12.5              

 Note - This ANSYS version was linked by Licensee

 SOLUTION MONITORING INFO IS WRITTEN TO FILE= file.mntr                                                                                                                                                                                                                                                           

     FORCE CONVERGENCE VALUE  =   1.471      CRITERION=   3.540    
     DISP CONVERGENCE VALUE   =  0.5013E-02  CRITERION=  0.4670E-03
    EQUIL ITER   1 COMPLETED.  NEW TRIANG MATRIX.  MAX DOF INC=  0.5013E-02
     FORCE CONVERGENCE VALUE  =  0.6270      CRITERION=   3.612     <<< CONVERGED
     DISP CONVERGENCE VALUE   =  0.1977E-02  CRITERION=  0.4765E-03
    EQUIL ITER   2 COMPLETED.  NEW TRIANG MATRIX.  MAX DOF INC=  0.1977E-02
     FORCE CONVERGENCE VALUE  =  0.3384      CRITERION=   3.686     <<< CONVERGED
     DISP CONVERGENCE VALUE   =  0.1117E-02  CRITERION=  0.4862E-03
    EQUIL ITER   3 COMPLETED.  NEW TRIANG MATRIX.  MAX DOF INC=  0.1117E-02
     FORCE CONVERGENCE VALUE  =  0.2191      CRITERION=   3.761     <<< CONVERGED
     DISP CONVERGENCE VALUE   =  0.6713E-03  CRITERION=  0.4961E-03
    EQUIL ITER   4 COMPLETED.  NEW TRIANG MATRIX.  MAX DOF INC=  0.6713E-03
     FORCE CONVERGENCE VALUE  =  0.1569      CRITERION=   3.838     <<< CONVERGED
     DISP CONVERGENCE VALUE   =  0.4225E-03  CRITERION=  0.5067E-03 <<< CONVERGED
    EQUIL ITER   5 COMPLETED.  NEW TRIANG MATRIX.  MAX DOF INC =  0.4225E-03
    >>> SOLUTION CONVERGED AFTER EQUILIBRIUM ITERATION   5
 *** LOAD STEP    35   SUBSTEP     1  COMPLETED.    CUM ITER =    383
 *** TIME =  0.973333         TIME INC =  0.133333E-01
 *** MAX PLASTIC STRAIN STEP = 0.3406E-01   CRITERION = 0.9900    
 *** AUTO STEP TIME:  NEXT TIME INC = 0.13333E-01  UNCHANGED

     FORCE CONVERGENCE VALUE  =   1.112      CRITERION=   3.540    
     DISP CONVERGENCE VALUE   =  0.2409E-02  CRITERION=  0.4674E-03
    EQUIL ITER   1 COMPLETED.  NEW TRIANG MATRIX.  MAX DOF INC= -0.2409E-02
     FORCE CONVERGENCE VALUE  =  0.5040      CRITERION=   3.613     <<< CONVERGED
     DISP CONVERGENCE VALUE   =  0.1820E-02  CRITERION=  0.4769E-03
    EQUIL ITER   2 COMPLETED.  NEW TRIANG MATRIX.  MAX DOF INC= -0.1820E-02
     FORCE CONVERGENCE VALUE  =  0.3377      CRITERION=   3.686     <<< CONVERGED
     DISP CONVERGENCE VALUE   =  0.1267E-02  CRITERION=  0.4866E-03
    EQUIL ITER   3 COMPLETED.  NEW TRIANG MATRIX.  MAX DOF INC= -0.1267E-02
     FORCE CONVERGENCE VALUE  =  0.2296      CRITERION=   3.761     <<< CONVERGED
     DISP CONVERGENCE VALUE   =  0.8618E-03  CRITERION=  0.4966E-03
    EQUIL ITER   4 COMPLETED.  NEW TRIANG MATRIX.  MAX DOF INC= -0.8618E-03
     FORCE CONVERGENCE VALUE  =  0.1577      CRITERION=   3.838     <<< CONVERGED
     DISP CONVERGENCE VALUE   =  0.5818E-03  CRITERION=  0.5067E-03
    EQUIL ITER   5 COMPLETED.  NEW TRIANG MATRIX.  MAX DOF INC= -0.5818E-03
     FORCE CONVERGENCE VALUE  =  0.1093      CRITERION=   3.916     <<< CONVERGED
     DISP CONVERGENCE VALUE   =  0.3888E-03  CRITERION=  0.5171E-03 <<< CONVERGED
    EQUIL ITER   6 COMPLETED.  NEW TRIANG MATRIX.  MAX DOF INC = -0.3888E-03
    >>> SOLUTION CONVERGED AFTER EQUILIBRIUM ITERATION   6
 *** LOAD STEP    35   SUBSTEP     2  COMPLETED.    CUM ITER =    389
 *** TIME =  0.986667         TIME INC =  0.133333E-01
 *** MAX PLASTIC STRAIN STEP = 0.1253E-01   CRITERION = 0.9900    

 *****  ANSYS SOLVE    COMMAND  *****

 *** ANSYS - ENGINEERING ANALYSIS SYSTEM  RELEASE 2022 R1          22.1     ***
 Ansys Mechanical Enterprise                       
 00000000  VERSION=WINDOWS x64   13:47:54  SEP 24, 2024 CP=  25425.719

  Re=1 matmacico=8 E1=1500 pr=%pr% matrev=2 E2=30303.3845 vp=12.5              

 Note - This ANSYS version was linked by Licensee

 SOLUTION MONITORING INFO IS WRITTEN TO FILE= file.mntr                                                                                                                                                                                                                                                           

     FORCE CONVERGENCE VALUE  =   1.471      CRITERION=   3.540    
     DISP CONVERGENCE VALUE   =  0.5017E-02  CRITERION=  0.4674E-03
    EQUIL ITER   1 COMPLETED.  NEW TRIANG MATRIX.  MAX DOF INC=  0.5017E-02
     FORCE CONVERGENCE VALUE  =  0.6269      CRITERION=   3.612     <<< CONVERGED
     DISP CONVERGENCE VALUE   =  0.1979E-02  CRITERION=  0.4769E-03
    EQUIL ITER   2 COMPLETED.  NEW TRIANG MATRIX.  MAX DOF INC=  0.1979E-02
     FORCE CONVERGENCE VALUE  =  0.3384      CRITERION=   3.686     <<< CONVERGED
     DISP CONVERGENCE VALUE   =  0.1118E-02  CRITERION=  0.4866E-03
    EQUIL ITER   3 COMPLETED.  NEW TRIANG MATRIX.  MAX DOF INC=  0.1118E-02
     FORCE CONVERGENCE VALUE  =  0.2191      CRITERION=   3.761     <<< CONVERGED
     DISP CONVERGENCE VALUE   =  0.6720E-03  CRITERION=  0.4966E-03
    EQUIL ITER   4 COMPLETED.  NEW TRIANG MATRIX.  MAX DOF INC=  0.6720E-03
     FORCE CONVERGENCE VALUE  =  0.1569      CRITERION=   3.838     <<< CONVERGED
     DISP CONVERGENCE VALUE   =  0.4230E-03  CRITERION=  0.5071E-03 <<< CONVERGED
    EQUIL ITER   5 COMPLETED.  NEW TRIANG MATRIX.  MAX DOF INC =  0.4230E-03
    >>> SOLUTION CONVERGED AFTER EQUILIBRIUM ITERATION   5
 *** LOAD STEP    36   SUBSTEP     1  COMPLETED.    CUM ITER =    394
 *** TIME =   1.00000         TIME INC =  0.133333E-01
 *** MAX PLASTIC STRAIN STEP = 0.3405E-01   CRITERION = 0.9900    
 *** AUTO STEP TIME:  NEXT TIME INC = 0.13333E-01  UNCHANGED

     FORCE CONVERGENCE VALUE  =   1.112      CRITERION=   3.540    
     DISP CONVERGENCE VALUE   =  0.2410E-02  CRITERION=  0.4677E-03
    EQUIL ITER   1 COMPLETED.  NEW TRIANG MATRIX.  MAX DOF INC= -0.2410E-02
     FORCE CONVERGENCE VALUE  =  0.5041      CRITERION=   3.613     <<< CONVERGED
     DISP CONVERGENCE VALUE   =  0.1821E-02  CRITERION=  0.4773E-03
    EQUIL ITER   2 COMPLETED.  NEW TRIANG MATRIX.  MAX DOF INC= -0.1821E-02
     FORCE CONVERGENCE VALUE  =  0.3378      CRITERION=   3.686     <<< CONVERGED
     DISP CONVERGENCE VALUE   =  0.1268E-02  CRITERION=  0.4870E-03
    EQUIL ITER   3 COMPLETED.  NEW TRIANG MATRIX.  MAX DOF INC= -0.1268E-02
     FORCE CONVERGENCE VALUE  =  0.2297      CRITERION=   3.762     <<< CONVERGED
     DISP CONVERGENCE VALUE   =  0.8626E-03  CRITERION=  0.4970E-03
    EQUIL ITER   4 COMPLETED.  NEW TRIANG MATRIX.  MAX DOF INC= -0.8626E-03
     FORCE CONVERGENCE VALUE  =  0.1577      CRITERION=   3.838     <<< CONVERGED
     DISP CONVERGENCE VALUE   =  0.5824E-03  CRITERION=  0.5071E-03
    EQUIL ITER   5 COMPLETED.  NEW TRIANG MATRIX.  MAX DOF INC= -0.5824E-03
     FORCE CONVERGENCE VALUE  =  0.1093      CRITERION=   3.917     <<< CONVERGED
     DISP CONVERGENCE VALUE   =  0.3892E-03  CRITERION=  0.5175E-03 <<< CONVERGED
    EQUIL ITER   6 COMPLETED.  NEW TRIANG MATRIX.  MAX DOF INC = -0.3892E-03
    >>> SOLUTION CONVERGED AFTER EQUILIBRIUM ITERATION   6
 *** LOAD STEP    36   SUBSTEP     2  COMPLETED.    CUM ITER =    400
 *** TIME =   1.01333         TIME INC =  0.133333E-01
 *** MAX PLASTIC STRAIN STEP = 0.1253E-01   CRITERION = 0.9900    

 *****  ANSYS SOLVE    COMMAND  *****

 *** ANSYS - ENGINEERING ANALYSIS SYSTEM  RELEASE 2022 R1          22.1     ***
 Ansys Mechanical Enterprise                       
 00000000  VERSION=WINDOWS x64   13:49:32  SEP 24, 2024 CP=  26143.844

  Re=1 matmacico=8 E1=1500 pr=%pr% matrev=2 E2=30303.3845 vp=12.5              

 Note - This ANSYS version was linked by Licensee

 SOLUTION MONITORING INFO IS WRITTEN TO FILE= file.mntr                                                                                                                                                                                                                                                           

     FORCE CONVERGENCE VALUE  =   1.471      CRITERION=   3.540    
     DISP CONVERGENCE VALUE   =  0.5021E-02  CRITERION=  0.4677E-03
    EQUIL ITER   1 COMPLETED.  NEW TRIANG MATRIX.  MAX DOF INC=  0.5021E-02
     FORCE CONVERGENCE VALUE  =  0.6268      CRITERION=   3.613     <<< CONVERGED
     DISP CONVERGENCE VALUE   =  0.1980E-02  CRITERION=  0.4773E-03
    EQUIL ITER   2 COMPLETED.  NEW TRIANG MATRIX.  MAX DOF INC=  0.1980E-02
     FORCE CONVERGENCE VALUE  =  0.3385      CRITERION=   3.686     <<< CONVERGED
     DISP CONVERGENCE VALUE   =  0.1119E-02  CRITERION=  0.4870E-03
    EQUIL ITER   3 COMPLETED.  NEW TRIANG MATRIX.  MAX DOF INC=  0.1119E-02
     FORCE CONVERGENCE VALUE  =  0.2191      CRITERION=   3.762     <<< CONVERGED
     DISP CONVERGENCE VALUE   =  0.6726E-03  CRITERION=  0.4970E-03
    EQUIL ITER   4 COMPLETED.  NEW TRIANG MATRIX.  MAX DOF INC=  0.6726E-03
     FORCE CONVERGENCE VALUE  =  0.1569      CRITERION=   3.838     <<< CONVERGED
     DISP CONVERGENCE VALUE   =  0.4234E-03  CRITERION=  0.5075E-03 <<< CONVERGED
    EQUIL ITER   5 COMPLETED.  NEW TRIANG MATRIX.  MAX DOF INC =  0.4234E-03
    >>> SOLUTION CONVERGED AFTER EQUILIBRIUM ITERATION   5
 *** LOAD STEP    37   SUBSTEP     1  COMPLETED.    CUM ITER =    405
 *** TIME =   1.02667         TIME INC =  0.133333E-01
 *** MAX PLASTIC STRAIN STEP = 0.3404E-01   CRITERION = 0.9900    
 *** AUTO STEP TIME:  NEXT TIME INC = 0.13333E-01  UNCHANGED

     FORCE CONVERGENCE VALUE  =   1.112      CRITERION=   3.540    
     DISP CONVERGENCE VALUE   =  0.2412E-02  CRITERION=  0.4681E-03
    EQUIL ITER   1 COMPLETED.  NEW TRIANG MATRIX.  MAX DOF INC= -0.2412E-02
     FORCE CONVERGENCE VALUE  =  0.5042      CRITERION=   3.613     <<< CONVERGED
     DISP CONVERGENCE VALUE   =  0.1822E-02  CRITERION=  0.4776E-03
    EQUIL ITER   2 COMPLETED.  NEW TRIANG MATRIX.  MAX DOF INC= -0.1822E-02
     FORCE CONVERGENCE VALUE  =  0.3379      CRITERION=   3.686     <<< CONVERGED
     DISP CONVERGENCE VALUE   =  0.1269E-02  CRITERION=  0.4874E-03
    EQUIL ITER   3 COMPLETED.  NEW TRIANG MATRIX.  MAX DOF INC= -0.1269E-02
     FORCE CONVERGENCE VALUE  =  0.2298      CRITERION=   3.762     <<< CONVERGED
     DISP CONVERGENCE VALUE   =  0.8633E-03  CRITERION=  0.4973E-03
    EQUIL ITER   4 COMPLETED.  NEW TRIANG MATRIX.  MAX DOF INC= -0.8633E-03
     FORCE CONVERGENCE VALUE  =  0.1578      CRITERION=   3.838     <<< CONVERGED
     DISP CONVERGENCE VALUE   =  0.5829E-03  CRITERION=  0.5075E-03
    EQUIL ITER   5 COMPLETED.  NEW TRIANG MATRIX.  MAX DOF INC= -0.5829E-03
     FORCE CONVERGENCE VALUE  =  0.1093      CRITERION=   3.917     <<< CONVERGED
     DISP CONVERGENCE VALUE   =  0.3896E-03  CRITERION=  0.5178E-03 <<< CONVERGED
    EQUIL ITER   6 COMPLETED.  NEW TRIANG MATRIX.  MAX DOF INC = -0.3896E-03
    >>> SOLUTION CONVERGED AFTER EQUILIBRIUM ITERATION   6
 *** LOAD STEP    37   SUBSTEP     2  COMPLETED.    CUM ITER =    411
 *** TIME =   1.04000         TIME INC =  0.133333E-01
 *** MAX PLASTIC STRAIN STEP = 0.1253E-01   CRITERION = 0.9900    

 *****  ANSYS SOLVE    COMMAND  *****

 *** ANSYS - ENGINEERING ANALYSIS SYSTEM  RELEASE 2022 R1          22.1     ***
 Ansys Mechanical Enterprise                       
 00000000  VERSION=WINDOWS x64   13:51:09  SEP 24, 2024 CP=  26860.453

  Re=1 matmacico=8 E1=1500 pr=%pr% matrev=2 E2=30303.3845 vp=12.5              

 Note - This ANSYS version was linked by Licensee

 SOLUTION MONITORING INFO IS WRITTEN TO FILE= file.mntr                                                                                                                                                                                                                                                           

     FORCE CONVERGENCE VALUE  =   1.471      CRITERION=   3.540    
     DISP CONVERGENCE VALUE   =  0.5024E-02  CRITERION=  0.4681E-03
    EQUIL ITER   1 COMPLETED.  NEW TRIANG MATRIX.  MAX DOF INC=  0.5024E-02
     FORCE CONVERGENCE VALUE  =  0.6267      CRITERION=   3.613     <<< CONVERGED
     DISP CONVERGENCE VALUE   =  0.1982E-02  CRITERION=  0.4776E-03
    EQUIL ITER   2 COMPLETED.  NEW TRIANG MATRIX.  MAX DOF INC=  0.1982E-02
     FORCE CONVERGENCE VALUE  =  0.3385      CRITERION=   3.686     <<< CONVERGED
     DISP CONVERGENCE VALUE   =  0.1120E-02  CRITERION=  0.4874E-03
    EQUIL ITER   3 COMPLETED.  NEW TRIANG MATRIX.  MAX DOF INC=  0.1120E-02
     FORCE CONVERGENCE VALUE  =  0.2191      CRITERION=   3.762     <<< CONVERGED
     DISP CONVERGENCE VALUE   =  0.6732E-03  CRITERION=  0.4973E-03
    EQUIL ITER   4 COMPLETED.  NEW TRIANG MATRIX.  MAX DOF INC=  0.6732E-03
     FORCE CONVERGENCE VALUE  =  0.1569      CRITERION=   3.838     <<< CONVERGED
     DISP CONVERGENCE VALUE   =  0.4238E-03  CRITERION=  0.5078E-03 <<< CONVERGED
    EQUIL ITER   5 COMPLETED.  NEW TRIANG MATRIX.  MAX DOF INC =  0.4238E-03
    >>> SOLUTION CONVERGED AFTER EQUILIBRIUM ITERATION   5
 *** LOAD STEP    38   SUBSTEP     1  COMPLETED.    CUM ITER =    416
 *** TIME =   1.05333         TIME INC =  0.133333E-01
 *** MAX PLASTIC STRAIN STEP = 0.3403E-01   CRITERION = 0.9900    
 *** AUTO STEP TIME:  NEXT TIME INC = 0.13333E-01  UNCHANGED

     FORCE CONVERGENCE VALUE  =   1.111      CRITERION=   3.541    
     DISP CONVERGENCE VALUE   =  0.2414E-02  CRITERION=  0.4684E-03
    EQUIL ITER   1 COMPLETED.  NEW TRIANG MATRIX.  MAX DOF INC= -0.2414E-02
     FORCE CONVERGENCE VALUE  =  0.5043      CRITERION=   3.613     <<< CONVERGED
     DISP CONVERGENCE VALUE   =  0.1823E-02  CRITERION=  0.4780E-03
    EQUIL ITER   2 COMPLETED.  NEW TRIANG MATRIX.  MAX DOF INC= -0.1823E-02
     FORCE CONVERGENCE VALUE  =  0.3380      CRITERION=   3.687     <<< CONVERGED
     DISP CONVERGENCE VALUE   =  0.1270E-02  CRITERION=  0.4877E-03
    EQUIL ITER   3 COMPLETED.  NEW TRIANG MATRIX.  MAX DOF INC= -0.1270E-02
     FORCE CONVERGENCE VALUE  =  0.2299      CRITERION=   3.762     <<< CONVERGED
     DISP CONVERGENCE VALUE   =  0.8639E-03  CRITERION=  0.4977E-03
    EQUIL ITER   4 COMPLETED.  NEW TRIANG MATRIX.  MAX DOF INC= -0.8639E-03
     FORCE CONVERGENCE VALUE  =  0.1579      CRITERION=   3.839     <<< CONVERGED
     DISP CONVERGENCE VALUE   =  0.5834E-03  CRITERION=  0.5078E-03
    EQUIL ITER   5 COMPLETED.  NEW TRIANG MATRIX.  MAX DOF INC= -0.5834E-03
     FORCE CONVERGENCE VALUE  =  0.1093      CRITERION=   3.917     <<< CONVERGED
     DISP CONVERGENCE VALUE   =  0.3899E-03  CRITERION=  0.5182E-03 <<< CONVERGED
    EQUIL ITER   6 COMPLETED.  NEW TRIANG MATRIX.  MAX DOF INC = -0.3899E-03
    >>> SOLUTION CONVERGED AFTER EQUILIBRIUM ITERATION   6
 *** LOAD STEP    38   SUBSTEP     2  COMPLETED.    CUM ITER =    422
 *** TIME =   1.06667         TIME INC =  0.133333E-01
 *** MAX PLASTIC STRAIN STEP = 0.1253E-01   CRITERION = 0.9900    

 *****  ANSYS SOLVE    COMMAND  *****

 *** ANSYS - ENGINEERING ANALYSIS SYSTEM  RELEASE 2022 R1          22.1     ***
 Ansys Mechanical Enterprise                       
 00000000  VERSION=WINDOWS x64   13:52:47  SEP 24, 2024 CP=  27578.938

  Re=1 matmacico=8 E1=1500 pr=%pr% matrev=2 E2=30303.3845 vp=12.5              

 Note - This ANSYS version was linked by Licensee

 SOLUTION MONITORING INFO IS WRITTEN TO FILE= file.mntr                                                                                                                                                                                                                                                           

     FORCE CONVERGENCE VALUE  =   1.471      CRITERION=   3.541    
     DISP CONVERGENCE VALUE   =  0.5028E-02  CRITERION=  0.4684E-03
    EQUIL ITER   1 COMPLETED.  NEW TRIANG MATRIX.  MAX DOF INC=  0.5028E-02
     FORCE CONVERGENCE VALUE  =  0.6267      CRITERION=   3.613     <<< CONVERGED
     DISP CONVERGENCE VALUE   =  0.1983E-02  CRITERION=  0.4780E-03
    EQUIL ITER   2 COMPLETED.  NEW TRIANG MATRIX.  MAX DOF INC=  0.1983E-02
     FORCE CONVERGENCE VALUE  =  0.3386      CRITERION=   3.687     <<< CONVERGED
     DISP CONVERGENCE VALUE   =  0.1120E-02  CRITERION=  0.4877E-03
    EQUIL ITER   3 COMPLETED.  NEW TRIANG MATRIX.  MAX DOF INC=  0.1120E-02
     FORCE CONVERGENCE VALUE  =  0.2192      CRITERION=   3.762     <<< CONVERGED
     DISP CONVERGENCE VALUE   =  0.6738E-03  CRITERION=  0.4977E-03
    EQUIL ITER   4 COMPLETED.  NEW TRIANG MATRIX.  MAX DOF INC=  0.6738E-03
     FORCE CONVERGENCE VALUE  =  0.1569      CRITERION=   3.839     <<< CONVERGED
     DISP CONVERGENCE VALUE   =  0.4242E-03  CRITERION=  0.5082E-03 <<< CONVERGED
    EQUIL ITER   5 COMPLETED.  NEW TRIANG MATRIX.  MAX DOF INC =  0.4242E-03
    >>> SOLUTION CONVERGED AFTER EQUILIBRIUM ITERATION   5
 *** LOAD STEP    39   SUBSTEP     1  COMPLETED.    CUM ITER =    427
 *** TIME =   1.08000         TIME INC =  0.133333E-01
 *** MAX PLASTIC STRAIN STEP = 0.3401E-01   CRITERION = 0.9900    
 *** AUTO STEP TIME:  NEXT TIME INC = 0.13333E-01  UNCHANGED

     FORCE CONVERGENCE VALUE  =   1.110      CRITERION=   3.541    
     DISP CONVERGENCE VALUE   =  0.2416E-02  CRITERION=  0.4688E-03
    EQUIL ITER   1 COMPLETED.  NEW TRIANG MATRIX.  MAX DOF INC= -0.2416E-02
     FORCE CONVERGENCE VALUE  =  0.5044      CRITERION=   3.613     <<< CONVERGED
     DISP CONVERGENCE VALUE   =  0.1824E-02  CRITERION=  0.4783E-03
    EQUIL ITER   2 COMPLETED.  NEW TRIANG MATRIX.  MAX DOF INC= -0.1824E-02
     FORCE CONVERGENCE VALUE  =  0.3382      CRITERION=   3.687     <<< CONVERGED
     DISP CONVERGENCE VALUE   =  0.1271E-02  CRITERION=  0.4881E-03
    EQUIL ITER   3 COMPLETED.  NEW TRIANG MATRIX.  MAX DOF INC= -0.1271E-02
     FORCE CONVERGENCE VALUE  =  0.2301      CRITERION=   3.762     <<< CONVERGED
     DISP CONVERGENCE VALUE   =  0.8645E-03  CRITERION=  0.4980E-03
    EQUIL ITER   4 COMPLETED.  NEW TRIANG MATRIX.  MAX DOF INC= -0.8645E-03
     FORCE CONVERGENCE VALUE  =  0.1580      CRITERION=   3.839     <<< CONVERGED
     DISP CONVERGENCE VALUE   =  0.5839E-03  CRITERION=  0.5082E-03
    EQUIL ITER   5 COMPLETED.  NEW TRIANG MATRIX.  MAX DOF INC= -0.5839E-03
     FORCE CONVERGENCE VALUE  =  0.1094      CRITERION=   3.917     <<< CONVERGED
     DISP CONVERGENCE VALUE   =  0.3903E-03  CRITERION=  0.5186E-03 <<< CONVERGED
    EQUIL ITER   6 COMPLETED.  NEW TRIANG MATRIX.  MAX DOF INC = -0.3903E-03
    >>> SOLUTION CONVERGED AFTER EQUILIBRIUM ITERATION   6
 *** LOAD STEP    39   SUBSTEP     2  COMPLETED.    CUM ITER =    433
 *** TIME =   1.09333         TIME INC =  0.133333E-01
 *** MAX PLASTIC STRAIN STEP = 0.1253E-01   CRITERION = 0.9900    

 *****  ANSYS SOLVE    COMMAND  *****

 *** ANSYS - ENGINEERING ANALYSIS SYSTEM  RELEASE 2022 R1          22.1     ***
 Ansys Mechanical Enterprise                       
 00000000  VERSION=WINDOWS x64   13:54:25  SEP 24, 2024 CP=  28298.219

  Re=1 matmacico=8 E1=1500 pr=%pr% matrev=2 E2=30303.3845 vp=12.5              

 Note - This ANSYS version was linked by Licensee

 SOLUTION MONITORING INFO IS WRITTEN TO FILE= file.mntr                                                                                                                                                                                                                                                           

     FORCE CONVERGENCE VALUE  =   1.471      CRITERION=   3.541    
     DISP CONVERGENCE VALUE   =  0.5032E-02  CRITERION=  0.4688E-03
    EQUIL ITER   1 COMPLETED.  NEW TRIANG MATRIX.  MAX DOF INC=  0.5032E-02
     FORCE CONVERGENCE VALUE  =  0.6266      CRITERION=   3.613     <<< CONVERGED
     DISP CONVERGENCE VALUE   =  0.1985E-02  CRITERION=  0.4783E-03
    EQUIL ITER   2 COMPLETED.  NEW TRIANG MATRIX.  MAX DOF INC=  0.1985E-02
     FORCE CONVERGENCE VALUE  =  0.3388      CRITERION=   3.687     <<< CONVERGED
     DISP CONVERGENCE VALUE   =  0.1122E-02  CRITERION=  0.4881E-03
    EQUIL ITER   3 COMPLETED.  NEW TRIANG MATRIX.  MAX DOF INC=  0.1122E-02
     FORCE CONVERGENCE VALUE  =  0.2193      CRITERION=   3.762     <<< CONVERGED
     DISP CONVERGENCE VALUE   =  0.6748E-03  CRITERION=  0.4980E-03
    EQUIL ITER   4 COMPLETED.  NEW TRIANG MATRIX.  MAX DOF INC=  0.6748E-03
     FORCE CONVERGENCE VALUE  =  0.1570      CRITERION=   3.839     <<< CONVERGED
     DISP CONVERGENCE VALUE   =  0.4251E-03  CRITERION=  0.5087E-03 <<< CONVERGED
    EQUIL ITER   5 COMPLETED.  NEW TRIANG MATRIX.  MAX DOF INC =  0.4251E-03
    >>> SOLUTION CONVERGED AFTER EQUILIBRIUM ITERATION   5
 *** LOAD STEP    40   SUBSTEP     1  COMPLETED.    CUM ITER =    438
 *** TIME =   1.10667         TIME INC =  0.133333E-01
 *** MAX PLASTIC STRAIN STEP = 0.3403E-01   CRITERION = 0.9900    
 *** AUTO STEP TIME:  NEXT TIME INC = 0.13333E-01  UNCHANGED

     FORCE CONVERGENCE VALUE  =   1.110      CRITERION=   3.541    
     DISP CONVERGENCE VALUE   =  0.2416E-02  CRITERION=  0.4692E-03
    EQUIL ITER   1 COMPLETED.  NEW TRIANG MATRIX.  MAX DOF INC= -0.2416E-02
     FORCE CONVERGENCE VALUE  =  0.5044      CRITERION=   3.613     <<< CONVERGED
     DISP CONVERGENCE VALUE   =  0.1824E-02  CRITERION=  0.4788E-03
    EQUIL ITER   2 COMPLETED.  NEW TRIANG MATRIX.  MAX DOF INC= -0.1824E-02
     FORCE CONVERGENCE VALUE  =  0.3383      CRITERION=   3.687     <<< CONVERGED
     DISP CONVERGENCE VALUE   =  0.1271E-02  CRITERION=  0.4885E-03
    EQUIL ITER   3 COMPLETED.  NEW TRIANG MATRIX.  MAX DOF INC= -0.1271E-02
     FORCE CONVERGENCE VALUE  =  0.2302      CRITERION=   3.762     <<< CONVERGED
     DISP CONVERGENCE VALUE   =  0.8647E-03  CRITERION=  0.4985E-03
    EQUIL ITER   4 COMPLETED.  NEW TRIANG MATRIX.  MAX DOF INC= -0.8647E-03
     FORCE CONVERGENCE VALUE  =  0.1581      CRITERION=   3.839     <<< CONVERGED
     DISP CONVERGENCE VALUE   =  0.5840E-03  CRITERION=  0.5087E-03
    EQUIL ITER   5 COMPLETED.  NEW TRIANG MATRIX.  MAX DOF INC= -0.5840E-03
     FORCE CONVERGENCE VALUE  =  0.1093      CRITERION=   3.917     <<< CONVERGED
     DISP CONVERGENCE VALUE   =  0.3905E-03  CRITERION=  0.5191E-03 <<< CONVERGED
    EQUIL ITER   6 COMPLETED.  NEW TRIANG MATRIX.  MAX DOF INC = -0.3905E-03
    >>> SOLUTION CONVERGED AFTER EQUILIBRIUM ITERATION   6
 *** LOAD STEP    40   SUBSTEP     2  COMPLETED.    CUM ITER =    444
 *** TIME =   1.12000         TIME INC =  0.133333E-01
 *** MAX PLASTIC STRAIN STEP = 0.1255E-01   CRITERION = 0.9900    

 *****  ANSYS SOLVE    COMMAND  *****

 *** ANSYS - ENGINEERING ANALYSIS SYSTEM  RELEASE 2022 R1          22.1     ***
 Ansys Mechanical Enterprise                       
 00000000  VERSION=WINDOWS x64   13:56:02  SEP 24, 2024 CP=  29014.531

  Re=1 matmacico=8 E1=1500 pr=%pr% matrev=2 E2=30303.3845 vp=12.5              

 Note - This ANSYS version was linked by Licensee

 SOLUTION MONITORING INFO IS WRITTEN TO FILE= file.mntr                                                                                                                                                                                                                                                           

     FORCE CONVERGENCE VALUE  =   1.472      CRITERION=   3.541    
     DISP CONVERGENCE VALUE   =  0.5036E-02  CRITERION=  0.4692E-03
    EQUIL ITER   1 COMPLETED.  NEW TRIANG MATRIX.  MAX DOF INC=  0.5036E-02
     FORCE CONVERGENCE VALUE  =  0.6269      CRITERION=   3.613     <<< CONVERGED
     DISP CONVERGENCE VALUE   =  0.1988E-02  CRITERION=  0.4788E-03
    EQUIL ITER   2 COMPLETED.  NEW TRIANG MATRIX.  MAX DOF INC=  0.1988E-02
     FORCE CONVERGENCE VALUE  =  0.3392      CRITERION=   3.687     <<< CONVERGED
     DISP CONVERGENCE VALUE   =  0.1125E-02  CRITERION=  0.4885E-03
    EQUIL ITER   3 COMPLETED.  NEW TRIANG MATRIX.  MAX DOF INC=  0.1125E-02
     FORCE CONVERGENCE VALUE  =  0.2196      CRITERION=   3.762     <<< CONVERGED
     DISP CONVERGENCE VALUE   =  0.6776E-03  CRITERION=  0.4985E-03
    EQUIL ITER   4 COMPLETED.  NEW TRIANG MATRIX.  MAX DOF INC=  0.6776E-03
     FORCE CONVERGENCE VALUE  =  0.1571      CRITERION=   3.839     <<< CONVERGED
     DISP CONVERGENCE VALUE   =  0.4274E-03  CRITERION=  0.5096E-03 <<< CONVERGED
    EQUIL ITER   5 COMPLETED.  NEW TRIANG MATRIX.  MAX DOF INC =  0.4274E-03
    >>> SOLUTION CONVERGED AFTER EQUILIBRIUM ITERATION   5
 *** LOAD STEP    41   SUBSTEP     1  COMPLETED.    CUM ITER =    449
 *** TIME =   1.13333         TIME INC =  0.133333E-01
 *** MAX PLASTIC STRAIN STEP = 0.3413E-01   CRITERION = 0.9900    
 *** AUTO STEP TIME:  NEXT TIME INC = 0.13333E-01  UNCHANGED

     FORCE CONVERGENCE VALUE  =   1.109      CRITERION=   3.541    
     DISP CONVERGENCE VALUE   =  0.2410E-02  CRITERION=  0.4700E-03
    EQUIL ITER   1 COMPLETED.  NEW TRIANG MATRIX.  MAX DOF INC= -0.2410E-02
     FORCE CONVERGENCE VALUE  =  0.5040      CRITERION=   3.613     <<< CONVERGED
     DISP CONVERGENCE VALUE   =  0.1823E-02  CRITERION=  0.4796E-03
    EQUIL ITER   2 COMPLETED.  NEW TRIANG MATRIX.  MAX DOF INC= -0.1823E-02
     FORCE CONVERGENCE VALUE  =  0.3384      CRITERION=   3.687     <<< CONVERGED
     DISP CONVERGENCE VALUE   =  0.1271E-02  CRITERION=  0.4894E-03
    EQUIL ITER   3 COMPLETED.  NEW TRIANG MATRIX.  MAX DOF INC= -0.1271E-02
     FORCE CONVERGENCE VALUE  =  0.2305      CRITERION=   3.762     <<< CONVERGED
     DISP CONVERGENCE VALUE   =  0.8665E-03  CRITERION=  0.4994E-03
    EQUIL ITER   4 COMPLETED.  NEW TRIANG MATRIX.  MAX DOF INC= -0.8665E-03
     FORCE CONVERGENCE VALUE  =  0.1583      CRITERION=   3.839     <<< CONVERGED
     DISP CONVERGENCE VALUE   =  0.5859E-03  CRITERION=  0.5096E-03
    EQUIL ITER   5 COMPLETED.  NEW TRIANG MATRIX.  MAX DOF INC= -0.5859E-03
     FORCE CONVERGENCE VALUE  =  0.1093      CRITERION=   3.917     <<< CONVERGED
     DISP CONVERGENCE VALUE   =  0.3919E-03  CRITERION=  0.5200E-03 <<< CONVERGED
    EQUIL ITER   6 COMPLETED.  NEW TRIANG MATRIX.  MAX DOF INC = -0.3919E-03
    >>> SOLUTION CONVERGED AFTER EQUILIBRIUM ITERATION   6
 *** LOAD STEP    41   SUBSTEP     2  COMPLETED.    CUM ITER =    455
 *** TIME =   1.14667         TIME INC =  0.133333E-01
 *** MAX PLASTIC STRAIN STEP = 0.1258E-01   CRITERION = 0.9900    

 *****  ANSYS SOLVE    COMMAND  *****

 *** ANSYS - ENGINEERING ANALYSIS SYSTEM  RELEASE 2022 R1          22.1     ***
 Ansys Mechanical Enterprise                       
 00000000  VERSION=WINDOWS x64   13:57:40  SEP 24, 2024 CP=  29733.156

  Re=1 matmacico=8 E1=1500 pr=%pr% matrev=2 E2=30303.3845 vp=12.5              

 Note - This ANSYS version was linked by Licensee

 SOLUTION MONITORING INFO IS WRITTEN TO FILE= file.mntr                                                                                                                                                                                                                                                           

     FORCE CONVERGENCE VALUE  =   1.461      CRITERION=   3.541    
     DISP CONVERGENCE VALUE   =  0.5039E-02  CRITERION=  0.4700E-03
    EQUIL ITER   1 COMPLETED.  NEW TRIANG MATRIX.  MAX DOF INC=  0.5039E-02
     FORCE CONVERGENCE VALUE  =  0.6242      CRITERION=   3.613     <<< CONVERGED
     DISP CONVERGENCE VALUE   =  0.1994E-02  CRITERION=  0.4796E-03
    EQUIL ITER   2 COMPLETED.  NEW TRIANG MATRIX.  MAX DOF INC=  0.1994E-02
     FORCE CONVERGENCE VALUE  =  0.3382      CRITERION=   3.687     <<< CONVERGED
     DISP CONVERGENCE VALUE   =  0.1137E-02  CRITERION=  0.4894E-03
    EQUIL ITER   3 COMPLETED.  NEW TRIANG MATRIX.  MAX DOF INC=  0.1137E-02
     FORCE CONVERGENCE VALUE  =  0.2194      CRITERION=   3.762     <<< CONVERGED
     DISP CONVERGENCE VALUE   =  0.6906E-03  CRITERION=  0.4994E-03
    EQUIL ITER   4 COMPLETED.  NEW TRIANG MATRIX.  MAX DOF INC=  0.6906E-03
     FORCE CONVERGENCE VALUE  =  0.1570      CRITERION=   3.839     <<< CONVERGED
     DISP CONVERGENCE VALUE   =  0.4375E-03  CRITERION=  0.5120E-03 <<< CONVERGED
    EQUIL ITER   5 COMPLETED.  NEW TRIANG MATRIX.  MAX DOF INC =  0.4375E-03
    >>> SOLUTION CONVERGED AFTER EQUILIBRIUM ITERATION   5
 *** LOAD STEP    42   SUBSTEP     1  COMPLETED.    CUM ITER =    460
 *** TIME =   1.16000         TIME INC =  0.133333E-01
 *** MAX PLASTIC STRAIN STEP = 0.3434E-01   CRITERION = 0.9900    
 *** AUTO STEP TIME:  NEXT TIME INC = 0.13333E-01  UNCHANGED

     FORCE CONVERGENCE VALUE  =   1.094      CRITERION=   3.541    
     DISP CONVERGENCE VALUE   =  0.2427E-02  CRITERION=  0.4723E-03
    EQUIL ITER   1 COMPLETED.  NEW TRIANG MATRIX.  MAX DOF INC= -0.2427E-02
     FORCE CONVERGENCE VALUE  =  0.5026      CRITERION=   3.613     <<< CONVERGED
     DISP CONVERGENCE VALUE   =  0.1832E-02  CRITERION=  0.4819E-03
    EQUIL ITER   2 COMPLETED.  NEW TRIANG MATRIX.  MAX DOF INC= -0.1832E-02
     FORCE CONVERGENCE VALUE  =  0.3380      CRITERION=   3.687     <<< CONVERGED
     DISP CONVERGENCE VALUE   =  0.1276E-02  CRITERION=  0.4918E-03
    EQUIL ITER   3 COMPLETED.  NEW TRIANG MATRIX.  MAX DOF INC= -0.1276E-02
     FORCE CONVERGENCE VALUE  =  0.2297      CRITERION=   3.762     <<< CONVERGED
     DISP CONVERGENCE VALUE   =  0.8696E-03  CRITERION=  0.5018E-03
    EQUIL ITER   4 COMPLETED.  NEW TRIANG MATRIX.  MAX DOF INC= -0.8696E-03
     FORCE CONVERGENCE VALUE  =  0.1575      CRITERION=   3.839     <<< CONVERGED
     DISP CONVERGENCE VALUE   =  0.5860E-03  CRITERION=  0.5120E-03
    EQUIL ITER   5 COMPLETED.  NEW TRIANG MATRIX.  MAX DOF INC= -0.5860E-03
     FORCE CONVERGENCE VALUE  =  0.1083      CRITERION=   3.917     <<< CONVERGED
     DISP CONVERGENCE VALUE   =  0.3901E-03  CRITERION=  0.5225E-03 <<< CONVERGED
    EQUIL ITER   6 COMPLETED.  NEW TRIANG MATRIX.  MAX DOF INC = -0.3901E-03
    >>> SOLUTION CONVERGED AFTER EQUILIBRIUM ITERATION   6
 *** LOAD STEP    42   SUBSTEP     2  COMPLETED.    CUM ITER =    466
 *** TIME =   1.17333         TIME INC =  0.133333E-01
 *** MAX PLASTIC STRAIN STEP = 0.1260E-01   CRITERION = 0.9900    

 *****  ANSYS SOLVE    COMMAND  *****

 *** ANSYS - ENGINEERING ANALYSIS SYSTEM  RELEASE 2022 R1          22.1     ***
 Ansys Mechanical Enterprise                       
 00000000  VERSION=WINDOWS x64   13:59:18  SEP 24, 2024 CP=  30449.109

  Re=1 matmacico=8 E1=1500 pr=%pr% matrev=2 E2=30303.3845 vp=12.5              

 Note - This ANSYS version was linked by Licensee

 SOLUTION MONITORING INFO IS WRITTEN TO FILE= file.mntr                                                                                                                                                                                                                                                           

     FORCE CONVERGENCE VALUE  =   1.433      CRITERION=   3.541    
     DISP CONVERGENCE VALUE   =  0.5050E-02  CRITERION=  0.4723E-03
    EQUIL ITER   1 COMPLETED.  NEW TRIANG MATRIX.  MAX DOF INC=  0.5050E-02
     FORCE CONVERGENCE VALUE  =  0.6215      CRITERION=   3.613     <<< CONVERGED
     DISP CONVERGENCE VALUE   =  0.1981E-02  CRITERION=  0.4819E-03
    EQUIL ITER   2 COMPLETED.  NEW TRIANG MATRIX.  MAX DOF INC=  0.1981E-02
     FORCE CONVERGENCE VALUE  =  0.3314      CRITERION=   3.687     <<< CONVERGED
     DISP CONVERGENCE VALUE   =  0.1121E-02  CRITERION=  0.4918E-03
    EQUIL ITER   3 COMPLETED.  NEW TRIANG MATRIX.  MAX DOF INC=  0.1121E-02
     FORCE CONVERGENCE VALUE  =  0.2143      CRITERION=   3.762     <<< CONVERGED
     DISP CONVERGENCE VALUE   =  0.6792E-03  CRITERION=  0.5018E-03
    EQUIL ITER   4 COMPLETED.  NEW TRIANG MATRIX.  MAX DOF INC=  0.6792E-03
     FORCE CONVERGENCE VALUE  =  0.1534      CRITERION=   3.839     <<< CONVERGED
     DISP CONVERGENCE VALUE   =  0.4298E-03  CRITERION=  0.5120E-03 <<< CONVERGED
    EQUIL ITER   5 COMPLETED.  NEW TRIANG MATRIX.  MAX DOF INC =  0.4298E-03
    >>> SOLUTION CONVERGED AFTER EQUILIBRIUM ITERATION   5
 *** LOAD STEP    43   SUBSTEP     1  COMPLETED.    CUM ITER =    471
 *** TIME =   1.18667         TIME INC =  0.133333E-01
 *** MAX PLASTIC STRAIN STEP = 0.3469E-01   CRITERION = 0.9900    
 *** AUTO STEP TIME:  NEXT TIME INC = 0.13333E-01  UNCHANGED

     FORCE CONVERGENCE VALUE  =   1.052      CRITERION=   3.541    
     DISP CONVERGENCE VALUE   =  0.2438E-02  CRITERION=  0.4723E-03
    EQUIL ITER   1 COMPLETED.  NEW TRIANG MATRIX.  MAX DOF INC= -0.2438E-02
     FORCE CONVERGENCE VALUE  =  0.5003      CRITERION=   3.613     <<< CONVERGED
     DISP CONVERGENCE VALUE   =  0.1827E-02  CRITERION=  0.4819E-03
    EQUIL ITER   2 COMPLETED.  NEW TRIANG MATRIX.  MAX DOF INC= -0.1827E-02
     FORCE CONVERGENCE VALUE  =  0.3340      CRITERION=   3.687     <<< CONVERGED
     DISP CONVERGENCE VALUE   =  0.1265E-02  CRITERION=  0.4918E-03
    EQUIL ITER   3 COMPLETED.  NEW TRIANG MATRIX.  MAX DOF INC= -0.1265E-02
     FORCE CONVERGENCE VALUE  =  0.2262      CRITERION=   3.762     <<< CONVERGED
     DISP CONVERGENCE VALUE   =  0.8625E-03  CRITERION=  0.5018E-03
    EQUIL ITER   4 COMPLETED.  NEW TRIANG MATRIX.  MAX DOF INC= -0.8625E-03
     FORCE CONVERGENCE VALUE  =  0.1552      CRITERION=   3.839     <<< CONVERGED
     DISP CONVERGENCE VALUE   =  0.5832E-03  CRITERION=  0.5120E-03
    EQUIL ITER   5 COMPLETED.  NEW TRIANG MATRIX.  MAX DOF INC= -0.5832E-03
     FORCE CONVERGENCE VALUE  =  0.1065      CRITERION=   3.917     <<< CONVERGED
     DISP CONVERGENCE VALUE   =  0.3901E-03  CRITERION=  0.5225E-03 <<< CONVERGED
    EQUIL ITER   6 COMPLETED.  NEW TRIANG MATRIX.  MAX DOF INC = -0.3901E-03
    >>> SOLUTION CONVERGED AFTER EQUILIBRIUM ITERATION   6
 *** LOAD STEP    43   SUBSTEP     2  COMPLETED.    CUM ITER =    477
 *** TIME =   1.20000         TIME INC =  0.133333E-01
 *** MAX PLASTIC STRAIN STEP = 0.1252E-01   CRITERION = 0.9900    

 *****  ANSYS SOLVE    COMMAND  *****

 *** ANSYS - ENGINEERING ANALYSIS SYSTEM  RELEASE 2022 R1          22.1     ***
 Ansys Mechanical Enterprise                       
 00000000  VERSION=WINDOWS x64   14:00:55  SEP 24, 2024 CP=  31167.250

  Re=1 matmacico=8 E1=1500 pr=%pr% matrev=2 E2=30303.3845 vp=12.5              

 Note - This ANSYS version was linked by Licensee

 SOLUTION MONITORING INFO IS WRITTEN TO FILE= file.mntr                                                                                                                                                                                                                                                           

     FORCE CONVERGENCE VALUE  =   1.430      CRITERION=   3.541    
     DISP CONVERGENCE VALUE   =  0.5078E-02  CRITERION=  0.4723E-03
    EQUIL ITER   1 COMPLETED.  NEW TRIANG MATRIX.  MAX DOF INC=  0.5078E-02
     FORCE CONVERGENCE VALUE  =  0.5908      CRITERION=   3.613     <<< CONVERGED
     DISP CONVERGENCE VALUE   =  0.1933E-02  CRITERION=  0.4819E-03
    EQUIL ITER   2 COMPLETED.  NEW TRIANG MATRIX.  MAX DOF INC=  0.1933E-02
     FORCE CONVERGENCE VALUE  =  0.2856      CRITERION=   3.687     <<< CONVERGED
     DISP CONVERGENCE VALUE   =  0.1082E-02  CRITERION=  0.4918E-03
    EQUIL ITER   3 COMPLETED.  NEW TRIANG MATRIX.  MAX DOF INC=  0.1082E-02
     FORCE CONVERGENCE VALUE  =  0.1718      CRITERION=   3.762     <<< CONVERGED
     DISP CONVERGENCE VALUE   =  0.6539E-03  CRITERION=  0.5018E-03
    EQUIL ITER   4 COMPLETED.  NEW TRIANG MATRIX.  MAX DOF INC=  0.6539E-03
     FORCE CONVERGENCE VALUE  =  0.1126      CRITERION=   3.839     <<< CONVERGED
     DISP CONVERGENCE VALUE   =  0.4122E-03  CRITERION=  0.5120E-03 <<< CONVERGED
    EQUIL ITER   5 COMPLETED.  NEW TRIANG MATRIX.  MAX DOF INC =  0.4122E-03
    >>> SOLUTION CONVERGED AFTER EQUILIBRIUM ITERATION   5
 *** LOAD STEP    44   SUBSTEP     1  COMPLETED.    CUM ITER =    482
 *** TIME =   1.21333         TIME INC =  0.133333E-01
 *** MAX PLASTIC STRAIN STEP = 0.3819E-01   CRITERION = 0.9900    
 *** AUTO STEP TIME:  NEXT TIME INC = 0.13333E-01  UNCHANGED

     FORCE CONVERGENCE VALUE  =   1.137      CRITERION=   3.541    
     DISP CONVERGENCE VALUE   =  0.2548E-02  CRITERION=  0.4723E-03
    EQUIL ITER   1 COMPLETED.  NEW TRIANG MATRIX.  MAX DOF INC= -0.2548E-02
     FORCE CONVERGENCE VALUE  =  0.4785      CRITERION=   3.614     <<< CONVERGED
     DISP CONVERGENCE VALUE   =  0.1834E-02  CRITERION=  0.4819E-03
    EQUIL ITER   2 COMPLETED.  NEW TRIANG MATRIX.  MAX DOF INC= -0.1834E-02
     FORCE CONVERGENCE VALUE  =  0.3087      CRITERION=   3.687     <<< CONVERGED
     DISP CONVERGENCE VALUE   =  0.1244E-02  CRITERION=  0.4918E-03
    EQUIL ITER   3 COMPLETED.  NEW TRIANG MATRIX.  MAX DOF INC= -0.1244E-02
     FORCE CONVERGENCE VALUE  =  0.2067      CRITERION=   3.762     <<< CONVERGED
     DISP CONVERGENCE VALUE   =  0.8427E-03  CRITERION=  0.5018E-03
    EQUIL ITER   4 COMPLETED.  NEW TRIANG MATRIX.  MAX DOF INC= -0.8427E-03
     FORCE CONVERGENCE VALUE  =  0.1393      CRITERION=   3.839     <<< CONVERGED
     DISP CONVERGENCE VALUE   =  0.5643E-03  CRITERION=  0.5120E-03
    EQUIL ITER   5 COMPLETED.  NEW TRIANG MATRIX.  MAX DOF INC= -0.5643E-03
     FORCE CONVERGENCE VALUE  =  0.9387E-01  CRITERION=   3.918     <<< CONVERGED
     DISP CONVERGENCE VALUE   =  0.3771E-03  CRITERION=  0.5225E-03 <<< CONVERGED
    EQUIL ITER   6 COMPLETED.  NEW TRIANG MATRIX.  MAX DOF INC = -0.3771E-03
    >>> SOLUTION CONVERGED AFTER EQUILIBRIUM ITERATION   6
 *** LOAD STEP    44   SUBSTEP     2  COMPLETED.    CUM ITER =    488
 *** TIME =   1.22667         TIME INC =  0.133333E-01
 *** MAX PLASTIC STRAIN STEP = 0.1501E-01   CRITERION = 0.9900    

 *****  ANSYS SOLVE    COMMAND  *****

 *** ANSYS - ENGINEERING ANALYSIS SYSTEM  RELEASE 2022 R1          22.1     ***
 Ansys Mechanical Enterprise                       
 00000000  VERSION=WINDOWS x64   14:02:32  SEP 24, 2024 CP=  31879.031

  Re=1 matmacico=8 E1=1500 pr=%pr% matrev=2 E2=30303.3845 vp=12.5              

 Note - This ANSYS version was linked by Licensee

 SOLUTION MONITORING INFO IS WRITTEN TO FILE= file.mntr                                                                                                                                                                                                                                                           

     FORCE CONVERGENCE VALUE  =   1.606      CRITERION=   3.541    
     DISP CONVERGENCE VALUE   =  0.5629E-02  CRITERION=  0.4723E-03
    EQUIL ITER   1 COMPLETED.  NEW TRIANG MATRIX.  MAX DOF INC=  0.5629E-02
     FORCE CONVERGENCE VALUE  =  0.5577      CRITERION=   3.613     <<< CONVERGED
     DISP CONVERGENCE VALUE   =  0.2013E-02  CRITERION=  0.4819E-03
    EQUIL ITER   2 COMPLETED.  NEW TRIANG MATRIX.  MAX DOF INC=  0.2013E-02
     FORCE CONVERGENCE VALUE  =  0.2858      CRITERION=   3.687     <<< CONVERGED
     DISP CONVERGENCE VALUE   =  0.1130E-02  CRITERION=  0.4918E-03
    EQUIL ITER   3 COMPLETED.  NEW TRIANG MATRIX.  MAX DOF INC=  0.1130E-02
     FORCE CONVERGENCE VALUE  =  0.1907      CRITERION=   3.763     <<< CONVERGED
     DISP CONVERGENCE VALUE   =  0.6971E-03  CRITERION=  0.5133E-03
    EQUIL ITER   4 COMPLETED.  NEW TRIANG MATRIX.  MAX DOF INC=  0.6971E-03
     FORCE CONVERGENCE VALUE  =  0.1393      CRITERION=   3.839     <<< CONVERGED
     DISP CONVERGENCE VALUE   =  0.4523E-03  CRITERION=  0.5488E-03 <<< CONVERGED
    EQUIL ITER   5 COMPLETED.  NEW TRIANG MATRIX.  MAX DOF INC =  0.4523E-03
    >>> SOLUTION CONVERGED AFTER EQUILIBRIUM ITERATION   5
 *** LOAD STEP    45   SUBSTEP     1  COMPLETED.    CUM ITER =    493
 *** TIME =   1.24000         TIME INC =  0.133333E-01
 *** MAX PLASTIC STRAIN STEP = 0.1107       CRITERION = 0.9900    
 *** AUTO STEP TIME:  NEXT TIME INC = 0.13333E-01  UNCHANGED

     FORCE CONVERGENCE VALUE  =   1.514      CRITERION=   3.541    
     DISP CONVERGENCE VALUE   =  0.2551E-02  CRITERION=  0.5062E-03
    EQUIL ITER   1 COMPLETED.  NEW TRIANG MATRIX.  MAX DOF INC= -0.2551E-02
     FORCE CONVERGENCE VALUE  =  0.3445      CRITERION=   3.614     <<< CONVERGED
     DISP CONVERGENCE VALUE   =  0.1858E-02  CRITERION=  0.5165E-03
    EQUIL ITER   2 COMPLETED.  NEW TRIANG MATRIX.  MAX DOF INC= -0.1858E-02
     FORCE CONVERGENCE VALUE  =  0.2333      CRITERION=   3.687     <<< CONVERGED
     DISP CONVERGENCE VALUE   =  0.1278E-02  CRITERION=  0.5271E-03
    EQUIL ITER   3 COMPLETED.  NEW TRIANG MATRIX.  MAX DOF INC= -0.1278E-02
     FORCE CONVERGENCE VALUE  =  0.1723      CRITERION=   3.763     <<< CONVERGED
     DISP CONVERGENCE VALUE   =  0.8869E-03  CRITERION=  0.5378E-03
    EQUIL ITER   4 COMPLETED.  NEW TRIANG MATRIX.  MAX DOF INC= -0.8869E-03
     FORCE CONVERGENCE VALUE  =  0.1301      CRITERION=   3.839     <<< CONVERGED
     DISP CONVERGENCE VALUE   =  0.6205E-03  CRITERION=  0.5488E-03
    EQUIL ITER   5 COMPLETED.  NEW TRIANG MATRIX.  MAX DOF INC= -0.6205E-03
     FORCE CONVERGENCE VALUE  =  0.9869E-01  CRITERION=   3.918     <<< CONVERGED
     DISP CONVERGENCE VALUE   =  0.4379E-03  CRITERION=  0.5600E-03 <<< CONVERGED
    EQUIL ITER   6 COMPLETED.  NEW TRIANG MATRIX.  MAX DOF INC = -0.4379E-03
    >>> SOLUTION CONVERGED AFTER EQUILIBRIUM ITERATION   6
 *** LOAD STEP    45   SUBSTEP     2  COMPLETED.    CUM ITER =    499
 *** TIME =   1.25333         TIME INC =  0.133333E-01
 *** MAX PLASTIC STRAIN STEP = 0.6103E-01   CRITERION = 0.9900    

 *****  ANSYS SOLVE    COMMAND  *****

 *** ANSYS - ENGINEERING ANALYSIS SYSTEM  RELEASE 2022 R1          22.1     ***
 Ansys Mechanical Enterprise                       
 00000000  VERSION=WINDOWS x64   14:04:10  SEP 24, 2024 CP=  32597.188

  Re=1 matmacico=8 E1=1500 pr=%pr% matrev=2 E2=30303.3845 vp=12.5              

 Note - This ANSYS version was linked by Licensee

 SOLUTION MONITORING INFO IS WRITTEN TO FILE= file.mntr                                                                                                                                                                                                                                                           

     FORCE CONVERGENCE VALUE  =   1.054      CRITERION=   3.541    
     DISP CONVERGENCE VALUE   =  0.5067E-02  CRITERION=  0.5062E-03
    EQUIL ITER   1 COMPLETED.  NEW TRIANG MATRIX.  MAX DOF INC=  0.5067E-02
     FORCE CONVERGENCE VALUE  =  0.5379      CRITERION=   3.614     <<< CONVERGED
     DISP CONVERGENCE VALUE   =  0.1849E-02  CRITERION=  0.5165E-03
    EQUIL ITER   2 COMPLETED.  NEW TRIANG MATRIX.  MAX DOF INC=  0.1849E-02
     FORCE CONVERGENCE VALUE  =  0.2775      CRITERION=   3.687     <<< CONVERGED
     DISP CONVERGENCE VALUE   =  0.1036E-02  CRITERION=  0.5271E-03
    EQUIL ITER   3 COMPLETED.  NEW TRIANG MATRIX.  MAX DOF INC=  0.1036E-02
     FORCE CONVERGENCE VALUE  =  0.1847      CRITERION=   3.763     <<< CONVERGED
     DISP CONVERGENCE VALUE   =  0.6370E-03  CRITERION=  0.5378E-03
    EQUIL ITER   4 COMPLETED.  NEW TRIANG MATRIX.  MAX DOF INC=  0.6370E-03
     FORCE CONVERGENCE VALUE  =  0.1345      CRITERION=   3.839     <<< CONVERGED
     DISP CONVERGENCE VALUE   =  0.4134E-03  CRITERION=  0.5488E-03 <<< CONVERGED
    EQUIL ITER   5 COMPLETED.  NEW TRIANG MATRIX.  MAX DOF INC =  0.4134E-03
    >>> SOLUTION CONVERGED AFTER EQUILIBRIUM ITERATION   5
 *** LOAD STEP    46   SUBSTEP     1  COMPLETED.    CUM ITER =    504
 *** TIME =   1.26667         TIME INC =  0.133333E-01
 *** MAX PLASTIC STRAIN STEP = 0.1382       CRITERION = 0.9900    
 *** AUTO STEP TIME:  NEXT TIME INC = 0.13333E-01  UNCHANGED

     FORCE CONVERGENCE VALUE  =  0.9038      CRITERION=   3.541    
     DISP CONVERGENCE VALUE   =  0.2312E-02  CRITERION=  0.5062E-03
    EQUIL ITER   1 COMPLETED.  NEW TRIANG MATRIX.  MAX DOF INC= -0.2312E-02
     FORCE CONVERGENCE VALUE  =  0.3467      CRITERION=   3.614     <<< CONVERGED
     DISP CONVERGENCE VALUE   =  0.1661E-02  CRITERION=  0.5165E-03
    EQUIL ITER   2 COMPLETED.  NEW TRIANG MATRIX.  MAX DOF INC= -0.1661E-02
     FORCE CONVERGENCE VALUE  =  0.2399      CRITERION=   3.687     <<< CONVERGED
     DISP CONVERGENCE VALUE   =  0.1163E-02  CRITERION=  0.5271E-03
    EQUIL ITER   3 COMPLETED.  NEW TRIANG MATRIX.  MAX DOF INC= -0.1163E-02
     FORCE CONVERGENCE VALUE  =  0.1745      CRITERION=   3.763     <<< CONVERGED
     DISP CONVERGENCE VALUE   =  0.8067E-03  CRITERION=  0.5378E-03
    EQUIL ITER   4 COMPLETED.  NEW TRIANG MATRIX.  MAX DOF INC= -0.8067E-03
     FORCE CONVERGENCE VALUE  =  0.1293      CRITERION=   3.839     <<< CONVERGED
     DISP CONVERGENCE VALUE   =  0.5623E-03  CRITERION=  0.5488E-03
    EQUIL ITER   5 COMPLETED.  NEW TRIANG MATRIX.  MAX DOF INC= -0.5623E-03
     FORCE CONVERGENCE VALUE  =  0.9594E-01  CRITERION=   3.918     <<< CONVERGED
     DISP CONVERGENCE VALUE   =  0.3950E-03  CRITERION=  0.5600E-03 <<< CONVERGED
    EQUIL ITER   6 COMPLETED.  NEW TRIANG MATRIX.  MAX DOF INC = -0.3950E-03
    >>> SOLUTION CONVERGED AFTER EQUILIBRIUM ITERATION   6
 *** LOAD STEP    46   SUBSTEP     2  COMPLETED.    CUM ITER =    510
 *** TIME =   1.28000         TIME INC =  0.133333E-01
 *** MAX PLASTIC STRAIN STEP = 0.1071       CRITERION = 0.9900    

 *****  ANSYS SOLVE    COMMAND  *****

 *** ANSYS - ENGINEERING ANALYSIS SYSTEM  RELEASE 2022 R1          22.1     ***
 Ansys Mechanical Enterprise                       
 00000000  VERSION=WINDOWS x64   14:05:47  SEP 24, 2024 CP=  33311.781

  Re=1 matmacico=8 E1=1500 pr=%pr% matrev=2 E2=30303.3845 vp=12.5              

 Note - This ANSYS version was linked by Licensee

 SOLUTION MONITORING INFO IS WRITTEN TO FILE= file.mntr                                                                                                                                                                                                                                                           

     FORCE CONVERGENCE VALUE  =   1.139      CRITERION=   3.541    
     DISP CONVERGENCE VALUE   =  0.5070E-02  CRITERION=  0.5062E-03
    EQUIL ITER   1 COMPLETED.  NEW TRIANG MATRIX.  MAX DOF INC=  0.5070E-02
     FORCE CONVERGENCE VALUE  =  0.5168      CRITERION=   3.614     <<< CONVERGED
     DISP CONVERGENCE VALUE   =  0.1848E-02  CRITERION=  0.5165E-03
    EQUIL ITER   2 COMPLETED.  NEW TRIANG MATRIX.  MAX DOF INC=  0.1848E-02
     FORCE CONVERGENCE VALUE  =  0.2691      CRITERION=   3.688     <<< CONVERGED
     DISP CONVERGENCE VALUE   =  0.1037E-02  CRITERION=  0.5271E-03
    EQUIL ITER   3 COMPLETED.  NEW TRIANG MATRIX.  MAX DOF INC=  0.1037E-02
     FORCE CONVERGENCE VALUE  =  0.1798      CRITERION=   3.763     <<< CONVERGED
     DISP CONVERGENCE VALUE   =  0.6394E-03  CRITERION=  0.5378E-03
    EQUIL ITER   4 COMPLETED.  NEW TRIANG MATRIX.  MAX DOF INC=  0.6394E-03
     FORCE CONVERGENCE VALUE  =  0.1315      CRITERION=   3.840     <<< CONVERGED
     DISP CONVERGENCE VALUE   =  0.4157E-03  CRITERION=  0.5488E-03 <<< CONVERGED
    EQUIL ITER   5 COMPLETED.  NEW TRIANG MATRIX.  MAX DOF INC =  0.4157E-03
    >>> SOLUTION CONVERGED AFTER EQUILIBRIUM ITERATION   5
 *** LOAD STEP    47   SUBSTEP     1  COMPLETED.    CUM ITER =    515
 *** TIME =   1.29333         TIME INC =  0.133333E-01
 *** MAX PLASTIC STRAIN STEP = 0.9913E-01   CRITERION = 0.9900    
 *** AUTO STEP TIME:  NEXT TIME INC = 0.13333E-01  UNCHANGED

     FORCE CONVERGENCE VALUE  =   1.008      CRITERION=   3.542    
     DISP CONVERGENCE VALUE   =  0.2309E-02  CRITERION=  0.5062E-03
    EQUIL ITER   1 COMPLETED.  NEW TRIANG MATRIX.  MAX DOF INC= -0.2309E-02
     FORCE CONVERGENCE VALUE  =  0.3351      CRITERION=   3.614     <<< CONVERGED
     DISP CONVERGENCE VALUE   =  0.1650E-02  CRITERION=  0.5165E-03
    EQUIL ITER   2 COMPLETED.  NEW TRIANG MATRIX.  MAX DOF INC= -0.1650E-02
     FORCE CONVERGENCE VALUE  =  0.2305      CRITERION=   3.688     <<< CONVERGED
     DISP CONVERGENCE VALUE   =  0.1150E-02  CRITERION=  0.5271E-03
    EQUIL ITER   3 COMPLETED.  NEW TRIANG MATRIX.  MAX DOF INC= -0.1150E-02
     FORCE CONVERGENCE VALUE  =  0.1691      CRITERION=   3.763     <<< CONVERGED
     DISP CONVERGENCE VALUE   =  0.7998E-03  CRITERION=  0.5378E-03
    EQUIL ITER   4 COMPLETED.  NEW TRIANG MATRIX.  MAX DOF INC= -0.7998E-03
     FORCE CONVERGENCE VALUE  =  0.1267      CRITERION=   3.840     <<< CONVERGED
     DISP CONVERGENCE VALUE   =  0.5612E-03  CRITERION=  0.5488E-03
    EQUIL ITER   5 COMPLETED.  NEW TRIANG MATRIX.  MAX DOF INC= -0.5612E-03
     FORCE CONVERGENCE VALUE  =  0.9489E-01  CRITERION=   3.918     <<< CONVERGED
     DISP CONVERGENCE VALUE   =  0.3963E-03  CRITERION=  0.5600E-03 <<< CONVERGED
    EQUIL ITER   6 COMPLETED.  NEW TRIANG MATRIX.  MAX DOF INC = -0.3963E-03
    >>> SOLUTION CONVERGED AFTER EQUILIBRIUM ITERATION   6
 *** LOAD STEP    47   SUBSTEP     2  COMPLETED.    CUM ITER =    521
 *** TIME =   1.30667         TIME INC =  0.133333E-01
 *** MAX PLASTIC STRAIN STEP = 0.4629E-01   CRITERION = 0.9900    

 *****  ANSYS SOLVE    COMMAND  *****

 *** ANSYS - ENGINEERING ANALYSIS SYSTEM  RELEASE 2022 R1          22.1     ***
 Ansys Mechanical Enterprise                       
 00000000  VERSION=WINDOWS x64   14:07:25  SEP 24, 2024 CP=  34027.578

  Re=1 matmacico=8 E1=1500 pr=%pr% matrev=2 E2=30303.3845 vp=12.5              

 Note - This ANSYS version was linked by Licensee

 SOLUTION MONITORING INFO IS WRITTEN TO FILE= file.mntr                                                                                                                                                                                                                                                           

     FORCE CONVERGENCE VALUE  =   1.016      CRITERION=   3.542    
     DISP CONVERGENCE VALUE   =  0.5050E-02  CRITERION=  0.5062E-03
    EQUIL ITER   1 COMPLETED.  NEW TRIANG MATRIX.  MAX DOF INC=  0.5050E-02
     FORCE CONVERGENCE VALUE  =  0.5118      CRITERION=   3.614     <<< CONVERGED
     DISP CONVERGENCE VALUE   =  0.1849E-02  CRITERION=  0.5165E-03
    EQUIL ITER   2 COMPLETED.  NEW TRIANG MATRIX.  MAX DOF INC=  0.1849E-02
     FORCE CONVERGENCE VALUE  =  0.2707      CRITERION=   3.688     <<< CONVERGED
     DISP CONVERGENCE VALUE   =  0.1039E-02  CRITERION=  0.5271E-03
    EQUIL ITER   3 COMPLETED.  NEW TRIANG MATRIX.  MAX DOF INC=  0.1039E-02
     FORCE CONVERGENCE VALUE  =  0.1821      CRITERION=   3.763     <<< CONVERGED
     DISP CONVERGENCE VALUE   =  0.6414E-03  CRITERION=  0.5378E-03
    EQUIL ITER   4 COMPLETED.  NEW TRIANG MATRIX.  MAX DOF INC=  0.6414E-03
     FORCE CONVERGENCE VALUE  =  0.1332      CRITERION=   3.840     <<< CONVERGED
     DISP CONVERGENCE VALUE   =  0.4176E-03  CRITERION=  0.5488E-03 <<< CONVERGED
    EQUIL ITER   5 COMPLETED.  NEW TRIANG MATRIX.  MAX DOF INC =  0.4176E-03
    >>> SOLUTION CONVERGED AFTER EQUILIBRIUM ITERATION   5
 *** LOAD STEP    48   SUBSTEP     1  COMPLETED.    CUM ITER =    526
 *** TIME =   1.32000         TIME INC =  0.133333E-01
 *** MAX PLASTIC STRAIN STEP = 0.1079       CRITERION = 0.9900    
 *** AUTO STEP TIME:  NEXT TIME INC = 0.13333E-01  UNCHANGED

     FORCE CONVERGENCE VALUE  =  0.8937      CRITERION=   3.542    
     DISP CONVERGENCE VALUE   =  0.2282E-02  CRITERION=  0.5062E-03
    EQUIL ITER   1 COMPLETED.  NEW TRIANG MATRIX.  MAX DOF INC= -0.2282E-02
     FORCE CONVERGENCE VALUE  =  0.3206      CRITERION=   3.614     <<< CONVERGED
     DISP CONVERGENCE VALUE   =  0.1644E-02  CRITERION=  0.5165E-03
    EQUIL ITER   2 COMPLETED.  NEW TRIANG MATRIX.  MAX DOF INC= -0.1644E-02
     FORCE CONVERGENCE VALUE  =  0.2216      CRITERION=   3.688     <<< CONVERGED
     DISP CONVERGENCE VALUE   =  0.1151E-02  CRITERION=  0.5271E-03
    EQUIL ITER   3 COMPLETED.  NEW TRIANG MATRIX.  MAX DOF INC= -0.1151E-02
     FORCE CONVERGENCE VALUE  =  0.1636      CRITERION=   3.763     <<< CONVERGED
     DISP CONVERGENCE VALUE   =  0.8035E-03  CRITERION=  0.5378E-03
    EQUIL ITER   4 COMPLETED.  NEW TRIANG MATRIX.  MAX DOF INC= -0.8035E-03
     FORCE CONVERGENCE VALUE  =  0.1235      CRITERION=   3.840     <<< CONVERGED
     DISP CONVERGENCE VALUE   =  0.5666E-03  CRITERION=  0.5488E-03
    EQUIL ITER   5 COMPLETED.  NEW TRIANG MATRIX.  MAX DOF INC= -0.5666E-03
     FORCE CONVERGENCE VALUE  =  0.9335E-01  CRITERION=   3.918     <<< CONVERGED
     DISP CONVERGENCE VALUE   =  0.4029E-03  CRITERION=  0.5600E-03 <<< CONVERGED
    EQUIL ITER   6 COMPLETED.  NEW TRIANG MATRIX.  MAX DOF INC = -0.4029E-03
    >>> SOLUTION CONVERGED AFTER EQUILIBRIUM ITERATION   6
 *** LOAD STEP    48   SUBSTEP     2  COMPLETED.    CUM ITER =    532
 *** TIME =   1.33333         TIME INC =  0.133333E-01
 *** MAX PLASTIC STRAIN STEP = 0.4569E-01   CRITERION = 0.9900    

 *****  ANSYS SOLVE    COMMAND  *****

 *** ANSYS - ENGINEERING ANALYSIS SYSTEM  RELEASE 2022 R1          22.1     ***
 Ansys Mechanical Enterprise                       
 00000000  VERSION=WINDOWS x64   14:09:03  SEP 24, 2024 CP=  34744.516

  Re=1 matmacico=8 E1=1500 pr=%pr% matrev=2 E2=30303.3845 vp=12.5              

 Note - This ANSYS version was linked by Licensee

 SOLUTION MONITORING INFO IS WRITTEN TO FILE= file.mntr                                                                                                                                                                                                                                                           

     FORCE CONVERGENCE VALUE  =   1.016      CRITERION=   3.542    
     DISP CONVERGENCE VALUE   =  0.5080E-02  CRITERION=  0.5062E-03
    EQUIL ITER   1 COMPLETED.  NEW TRIANG MATRIX.  MAX DOF INC=  0.5080E-02
     FORCE CONVERGENCE VALUE  =  0.5155      CRITERION=   3.614     <<< CONVERGED
     DISP CONVERGENCE VALUE   =  0.1837E-02  CRITERION=  0.5165E-03
    EQUIL ITER   2 COMPLETED.  NEW TRIANG MATRIX.  MAX DOF INC=  0.1837E-02
     FORCE CONVERGENCE VALUE  =  0.2665      CRITERION=   3.688     <<< CONVERGED
     DISP CONVERGENCE VALUE   =  0.1028E-02  CRITERION=  0.5271E-03
    EQUIL ITER   3 COMPLETED.  NEW TRIANG MATRIX.  MAX DOF INC=  0.1028E-02
     FORCE CONVERGENCE VALUE  =  0.1785      CRITERION=   3.763     <<< CONVERGED
     DISP CONVERGENCE VALUE   =  0.6329E-03  CRITERION=  0.5378E-03
    EQUIL ITER   4 COMPLETED.  NEW TRIANG MATRIX.  MAX DOF INC=  0.6329E-03
     FORCE CONVERGENCE VALUE  =  0.1306      CRITERION=   3.840     <<< CONVERGED
     DISP CONVERGENCE VALUE   =  0.4121E-03  CRITERION=  0.5488E-03 <<< CONVERGED
    EQUIL ITER   5 COMPLETED.  NEW TRIANG MATRIX.  MAX DOF INC =  0.4121E-03
    >>> SOLUTION CONVERGED AFTER EQUILIBRIUM ITERATION   5
 *** LOAD STEP    49   SUBSTEP     1  COMPLETED.    CUM ITER =    537
 *** TIME =   1.34667         TIME INC =  0.133333E-01
 *** MAX PLASTIC STRAIN STEP = 0.9576E-01   CRITERION = 0.9900    
 *** AUTO STEP TIME:  NEXT TIME INC = 0.13333E-01  UNCHANGED

     FORCE CONVERGENCE VALUE  =  0.8809      CRITERION=   3.542    
     DISP CONVERGENCE VALUE   =  0.2312E-02  CRITERION=  0.5062E-03
    EQUIL ITER   1 COMPLETED.  NEW TRIANG MATRIX.  MAX DOF INC= -0.2312E-02
     FORCE CONVERGENCE VALUE  =  0.3300      CRITERION=   3.614     <<< CONVERGED
     DISP CONVERGENCE VALUE   =  0.1665E-02  CRITERION=  0.5165E-03
    EQUIL ITER   2 COMPLETED.  NEW TRIANG MATRIX.  MAX DOF INC= -0.1665E-02
     FORCE CONVERGENCE VALUE  =  0.2240      CRITERION=   3.688     <<< CONVERGED
     DISP CONVERGENCE VALUE   =  0.1153E-02  CRITERION=  0.5271E-03
    EQUIL ITER   3 COMPLETED.  NEW TRIANG MATRIX.  MAX DOF INC= -0.1153E-02
     FORCE CONVERGENCE VALUE  =  0.1631      CRITERION=   3.763     <<< CONVERGED
     DISP CONVERGENCE VALUE   =  0.7927E-03  CRITERION=  0.5378E-03
    EQUIL ITER   4 COMPLETED.  NEW TRIANG MATRIX.  MAX DOF INC= -0.7927E-03
     FORCE CONVERGENCE VALUE  =  0.1221      CRITERION=   3.840     <<< CONVERGED
     DISP CONVERGENCE VALUE   =  0.5530E-03  CRITERION=  0.5488E-03
    EQUIL ITER   5 COMPLETED.  NEW TRIANG MATRIX.  MAX DOF INC= -0.5530E-03
     FORCE CONVERGENCE VALUE  =  0.9199E-01  CRITERION=   3.918     <<< CONVERGED
     DISP CONVERGENCE VALUE   =  0.3901E-03  CRITERION=  0.5600E-03 <<< CONVERGED
    EQUIL ITER   6 COMPLETED.  NEW TRIANG MATRIX.  MAX DOF INC = -0.3901E-03
    >>> SOLUTION CONVERGED AFTER EQUILIBRIUM ITERATION   6
 *** LOAD STEP    49   SUBSTEP     2  COMPLETED.    CUM ITER =    543
 *** TIME =   1.36000         TIME INC =  0.133333E-01
 *** MAX PLASTIC STRAIN STEP = 0.4458E-01   CRITERION = 0.9900    

 *****  ANSYS SOLVE    COMMAND  *****

 *** ANSYS - ENGINEERING ANALYSIS SYSTEM  RELEASE 2022 R1          22.1     ***
 Ansys Mechanical Enterprise                       
 00000000  VERSION=WINDOWS x64   14:10:40  SEP 24, 2024 CP=  35458.797

  Re=1 matmacico=8 E1=1500 pr=%pr% matrev=2 E2=30303.3845 vp=12.5              

 Note - This ANSYS version was linked by Licensee

 SOLUTION MONITORING INFO IS WRITTEN TO FILE= file.mntr                                                                                                                                                                                                                                                           

     FORCE CONVERGENCE VALUE  =   1.022      CRITERION=   3.542    
     DISP CONVERGENCE VALUE   =  0.5037E-02  CRITERION=  0.5062E-03
    EQUIL ITER   1 COMPLETED.  NEW TRIANG MATRIX.  MAX DOF INC=  0.5037E-02
     FORCE CONVERGENCE VALUE  =  0.5230      CRITERION=   3.614     <<< CONVERGED
     DISP CONVERGENCE VALUE   =  0.1806E-02  CRITERION=  0.5165E-03
    EQUIL ITER   2 COMPLETED.  NEW TRIANG MATRIX.  MAX DOF INC=  0.1806E-02
     FORCE CONVERGENCE VALUE  =  0.2711      CRITERION=   3.688     <<< CONVERGED
     DISP CONVERGENCE VALUE   =  0.1001E-02  CRITERION=  0.5271E-03
    EQUIL ITER   3 COMPLETED.  NEW TRIANG MATRIX.  MAX DOF INC=  0.1001E-02
     FORCE CONVERGENCE VALUE  =  0.1812      CRITERION=   3.763     <<< CONVERGED
     DISP CONVERGENCE VALUE   =  0.6114E-03  CRITERION=  0.5378E-03
    EQUIL ITER   4 COMPLETED.  NEW TRIANG MATRIX.  MAX DOF INC=  0.6114E-03
     FORCE CONVERGENCE VALUE  =  0.1330      CRITERION=   3.840     <<< CONVERGED
     DISP CONVERGENCE VALUE   =  0.3951E-03  CRITERION=  0.5488E-03 <<< CONVERGED
    EQUIL ITER   5 COMPLETED.  NEW TRIANG MATRIX.  MAX DOF INC =  0.3951E-03
    >>> SOLUTION CONVERGED AFTER EQUILIBRIUM ITERATION   5
 *** LOAD STEP    50   SUBSTEP     1  COMPLETED.    CUM ITER =    548
 *** TIME =   1.37333         TIME INC =  0.133333E-01
 *** MAX PLASTIC STRAIN STEP = 0.2716       CRITERION = 0.9900    
 *** AUTO STEP TIME:  NEXT TIME INC = 0.13333E-01  UNCHANGED

     FORCE CONVERGENCE VALUE  =  0.8875      CRITERION=   3.542    
     DISP CONVERGENCE VALUE   =  0.2302E-02  CRITERION=  0.5062E-03
    EQUIL ITER   1 COMPLETED.  NEW TRIANG MATRIX.  MAX DOF INC= -0.2302E-02
     FORCE CONVERGENCE VALUE  =  0.3439      CRITERION=   3.614     <<< CONVERGED
     DISP CONVERGENCE VALUE   =  0.1653E-02  CRITERION=  0.5165E-03
    EQUIL ITER   2 COMPLETED.  NEW TRIANG MATRIX.  MAX DOF INC= -0.1653E-02
     FORCE CONVERGENCE VALUE  =  0.2342      CRITERION=   3.688     <<< CONVERGED
     DISP CONVERGENCE VALUE   =  0.1147E-02  CRITERION=  0.5271E-03
    EQUIL ITER   3 COMPLETED.  NEW TRIANG MATRIX.  MAX DOF INC= -0.1147E-02
     FORCE CONVERGENCE VALUE  =  0.1701      CRITERION=   3.763     <<< CONVERGED
     DISP CONVERGENCE VALUE   =  0.7923E-03  CRITERION=  0.5378E-03
    EQUIL ITER   4 COMPLETED.  NEW TRIANG MATRIX.  MAX DOF INC= -0.7923E-03
     FORCE CONVERGENCE VALUE  =  0.1260      CRITERION=   3.840     <<< CONVERGED
     DISP CONVERGENCE VALUE   =  0.5499E-03  CRITERION=  0.5488E-03
    EQUIL ITER   5 COMPLETED.  NEW TRIANG MATRIX.  MAX DOF INC= -0.5499E-03
     FORCE CONVERGENCE VALUE  =  0.9367E-01  CRITERION=   3.918     <<< CONVERGED
     DISP CONVERGENCE VALUE   =  0.3846E-03  CRITERION=  0.5600E-03 <<< CONVERGED
    EQUIL ITER   6 COMPLETED.  NEW TRIANG MATRIX.  MAX DOF INC = -0.3846E-03
    >>> SOLUTION CONVERGED AFTER EQUILIBRIUM ITERATION   6
 *** LOAD STEP    50   SUBSTEP     2  COMPLETED.    CUM ITER =    554
 *** TIME =   1.38667         TIME INC =  0.133333E-01
 *** MAX PLASTIC STRAIN STEP = 0.2072       CRITERION = 0.9900    

 *****  ANSYS SOLVE    COMMAND  *****

 *** ANSYS - ENGINEERING ANALYSIS SYSTEM  RELEASE 2022 R1          22.1     ***
 Ansys Mechanical Enterprise                       
 00000000  VERSION=WINDOWS x64   14:12:18  SEP 24, 2024 CP=  36175.641

  Re=1 matmacico=8 E1=1500 pr=%pr% matrev=2 E2=30303.3845 vp=12.5              

 Note - This ANSYS version was linked by Licensee

 SOLUTION MONITORING INFO IS WRITTEN TO FILE= file.mntr                                                                                                                                                                                                                                                           

     FORCE CONVERGENCE VALUE  =   1.052      CRITERION=   3.542    
     DISP CONVERGENCE VALUE   =  0.5058E-02  CRITERION=  0.5062E-03
    EQUIL ITER   1 COMPLETED.  NEW TRIANG MATRIX.  MAX DOF INC=  0.5058E-02
     FORCE CONVERGENCE VALUE  =  0.5224      CRITERION=   3.614     <<< CONVERGED
     DISP CONVERGENCE VALUE   =  0.1826E-02  CRITERION=  0.5165E-03
    EQUIL ITER   2 COMPLETED.  NEW TRIANG MATRIX.  MAX DOF INC=  0.1826E-02
     FORCE CONVERGENCE VALUE  =  0.2672      CRITERION=   3.688     <<< CONVERGED
     DISP CONVERGENCE VALUE   =  0.1014E-02  CRITERION=  0.5271E-03
    EQUIL ITER   3 COMPLETED.  NEW TRIANG MATRIX.  MAX DOF INC=  0.1014E-02
     FORCE CONVERGENCE VALUE  =  0.1753      CRITERION=   3.763     <<< CONVERGED
     DISP CONVERGENCE VALUE   =  0.6200E-03  CRITERION=  0.5378E-03
    EQUIL ITER   4 COMPLETED.  NEW TRIANG MATRIX.  MAX DOF INC=  0.6200E-03
     FORCE CONVERGENCE VALUE  =  0.1262      CRITERION=   3.840     <<< CONVERGED
     DISP CONVERGENCE VALUE   =  0.4014E-03  CRITERION=  0.5488E-03 <<< CONVERGED
    EQUIL ITER   5 COMPLETED.  NEW TRIANG MATRIX.  MAX DOF INC =  0.4014E-03
    >>> SOLUTION CONVERGED AFTER EQUILIBRIUM ITERATION   5
 *** LOAD STEP    51   SUBSTEP     1  COMPLETED.    CUM ITER =    559
 *** TIME =   1.40000         TIME INC =  0.133333E-01
 *** MAX PLASTIC STRAIN STEP = 0.9815E-01   CRITERION = 0.9900    
 *** AUTO STEP TIME:  NEXT TIME INC = 0.13333E-01  UNCHANGED

     FORCE CONVERGENCE VALUE  =  0.9003      CRITERION=   3.542    
     DISP CONVERGENCE VALUE   =  0.2286E-02  CRITERION=  0.5062E-03
    EQUIL ITER   1 COMPLETED.  NEW TRIANG MATRIX.  MAX DOF INC= -0.2286E-02
     FORCE CONVERGENCE VALUE  =  0.3437      CRITERION=   3.614     <<< CONVERGED
     DISP CONVERGENCE VALUE   =  0.1654E-02  CRITERION=  0.5165E-03
    EQUIL ITER   2 COMPLETED.  NEW TRIANG MATRIX.  MAX DOF INC= -0.1654E-02
     FORCE CONVERGENCE VALUE  =  0.2367      CRITERION=   3.688     <<< CONVERGED
     DISP CONVERGENCE VALUE   =  0.1160E-02  CRITERION=  0.5271E-03
    EQUIL ITER   3 COMPLETED.  NEW TRIANG MATRIX.  MAX DOF INC= -0.1160E-02
     FORCE CONVERGENCE VALUE  =  0.1716      CRITERION=   3.763     <<< CONVERGED
     DISP CONVERGENCE VALUE   =  0.8036E-03  CRITERION=  0.5378E-03
    EQUIL ITER   4 COMPLETED.  NEW TRIANG MATRIX.  MAX DOF INC= -0.8036E-03
     FORCE CONVERGENCE VALUE  =  0.1269      CRITERION=   3.840     <<< CONVERGED
     DISP CONVERGENCE VALUE   =  0.5610E-03  CRITERION=  0.5488E-03
    EQUIL ITER   5 COMPLETED.  NEW TRIANG MATRIX.  MAX DOF INC= -0.5610E-03
     FORCE CONVERGENCE VALUE  =  0.9415E-01  CRITERION=   3.918     <<< CONVERGED
     DISP CONVERGENCE VALUE   =  0.3951E-03  CRITERION=  0.5600E-03 <<< CONVERGED
    EQUIL ITER   6 COMPLETED.  NEW TRIANG MATRIX.  MAX DOF INC = -0.3951E-03
    >>> SOLUTION CONVERGED AFTER EQUILIBRIUM ITERATION   6
 *** LOAD STEP    51   SUBSTEP     2  COMPLETED.    CUM ITER =    565
 *** TIME =   1.41333         TIME INC =  0.133333E-01
 *** MAX PLASTIC STRAIN STEP = 0.3232E-01   CRITERION = 0.9900    

 *****  ANSYS SOLVE    COMMAND  *****

 *** ANSYS - ENGINEERING ANALYSIS SYSTEM  RELEASE 2022 R1          22.1     ***
 Ansys Mechanical Enterprise                       
 00000000  VERSION=WINDOWS x64   14:13:56  SEP 24, 2024 CP=  36890.281

  Re=1 matmacico=8 E1=1500 pr=%pr% matrev=2 E2=30303.3845 vp=12.5              

 Note - This ANSYS version was linked by Licensee

 SOLUTION MONITORING INFO IS WRITTEN TO FILE= file.mntr                                                                                                                                                                                                                                                           

     FORCE CONVERGENCE VALUE  =  0.9057      CRITERION=   3.542    
     DISP CONVERGENCE VALUE   =  0.5031E-02  CRITERION=  0.5062E-03
    EQUIL ITER   1 COMPLETED.  NEW TRIANG MATRIX.  MAX DOF INC=  0.5031E-02
     FORCE CONVERGENCE VALUE  =  0.5131      CRITERION=   3.614     <<< CONVERGED
     DISP CONVERGENCE VALUE   =  0.1855E-02  CRITERION=  0.5165E-03
    EQUIL ITER   2 COMPLETED.  NEW TRIANG MATRIX.  MAX DOF INC=  0.1855E-02
     FORCE CONVERGENCE VALUE  =  0.2778      CRITERION=   3.688     <<< CONVERGED
     DISP CONVERGENCE VALUE   =  0.1037E-02  CRITERION=  0.5271E-03
    EQUIL ITER   3 COMPLETED.  NEW TRIANG MATRIX.  MAX DOF INC=  0.1037E-02
     FORCE CONVERGENCE VALUE  =  0.1823      CRITERION=   3.763     <<< CONVERGED
     DISP CONVERGENCE VALUE   =  0.6367E-03  CRITERION=  0.5378E-03
    EQUIL ITER   4 COMPLETED.  NEW TRIANG MATRIX.  MAX DOF INC=  0.6367E-03
     FORCE CONVERGENCE VALUE  =  0.1293      CRITERION=   3.840     <<< CONVERGED
     DISP CONVERGENCE VALUE   =  0.4134E-03  CRITERION=  0.5488E-03 <<< CONVERGED
    EQUIL ITER   5 COMPLETED.  NEW TRIANG MATRIX.  MAX DOF INC =  0.4134E-03
    >>> SOLUTION CONVERGED AFTER EQUILIBRIUM ITERATION   5
 *** LOAD STEP    52   SUBSTEP     1  COMPLETED.    CUM ITER =    570
 *** TIME =   1.42667         TIME INC =  0.133333E-01
 *** MAX PLASTIC STRAIN STEP = 0.9834E-01   CRITERION = 0.9900    
 *** AUTO STEP TIME:  NEXT TIME INC = 0.13333E-01  UNCHANGED

     FORCE CONVERGENCE VALUE  =  0.8072      CRITERION=   3.542    
     DISP CONVERGENCE VALUE   =  0.2238E-02  CRITERION=  0.5062E-03
    EQUIL ITER   1 COMPLETED.  NEW TRIANG MATRIX.  MAX DOF INC= -0.2238E-02
     FORCE CONVERGENCE VALUE  =  0.3147      CRITERION=   3.614     <<< CONVERGED
     DISP CONVERGENCE VALUE   =  0.1660E-02  CRITERION=  0.5165E-03
    EQUIL ITER   2 COMPLETED.  NEW TRIANG MATRIX.  MAX DOF INC= -0.1660E-02
     FORCE CONVERGENCE VALUE  =  0.2251      CRITERION=   3.688     <<< CONVERGED
     DISP CONVERGENCE VALUE   =  0.1178E-02  CRITERION=  0.5271E-03
    EQUIL ITER   3 COMPLETED.  NEW TRIANG MATRIX.  MAX DOF INC= -0.1178E-02
     FORCE CONVERGENCE VALUE  =  0.1711      CRITERION=   3.763     <<< CONVERGED
     DISP CONVERGENCE VALUE   =  0.8275E-03  CRITERION=  0.5378E-03
    EQUIL ITER   4 COMPLETED.  NEW TRIANG MATRIX.  MAX DOF INC= -0.8275E-03
     FORCE CONVERGENCE VALUE  =  0.1308      CRITERION=   3.840     <<< CONVERGED
     DISP CONVERGENCE VALUE   =  0.5862E-03  CRITERION=  0.5488E-03
    EQUIL ITER   5 COMPLETED.  NEW TRIANG MATRIX.  MAX DOF INC= -0.5862E-03
     FORCE CONVERGENCE VALUE  =  0.9893E-01  CRITERION=   3.919     <<< CONVERGED
     DISP CONVERGENCE VALUE   =  0.4167E-03  CRITERION=  0.5600E-03 <<< CONVERGED
    EQUIL ITER   6 COMPLETED.  NEW TRIANG MATRIX.  MAX DOF INC = -0.4167E-03
    >>> SOLUTION CONVERGED AFTER EQUILIBRIUM ITERATION   6
 *** LOAD STEP    52   SUBSTEP     2  COMPLETED.    CUM ITER =    576
 *** TIME =   1.44000         TIME INC =  0.133333E-01
 *** MAX PLASTIC STRAIN STEP = 0.2171E-01   CRITERION = 0.9900    

 *****  ANSYS SOLVE    COMMAND  *****

 *** ANSYS - ENGINEERING ANALYSIS SYSTEM  RELEASE 2022 R1          22.1     ***
 Ansys Mechanical Enterprise                       
 00000000  VERSION=WINDOWS x64   14:15:33  SEP 24, 2024 CP=  37605.141

  Re=1 matmacico=8 E1=1500 pr=%pr% matrev=2 E2=30303.3845 vp=12.5              

 Note - This ANSYS version was linked by Licensee

 SOLUTION MONITORING INFO IS WRITTEN TO FILE= file.mntr                                                                                                                                                                                                                                                           

     FORCE CONVERGENCE VALUE  =   1.387      CRITERION=   3.542    
     DISP CONVERGENCE VALUE   =  0.4893E-02  CRITERION=  0.5062E-03
    EQUIL ITER   1 COMPLETED.  NEW TRIANG MATRIX.  MAX DOF INC=  0.4893E-02
     FORCE CONVERGENCE VALUE  =  0.5269      CRITERION=   3.614     <<< CONVERGED
     DISP CONVERGENCE VALUE   =  0.1749E-02  CRITERION=  0.5165E-03
    EQUIL ITER   2 COMPLETED.  NEW TRIANG MATRIX.  MAX DOF INC=  0.1749E-02
     FORCE CONVERGENCE VALUE  =  0.2959      CRITERION=   3.688     <<< CONVERGED
     DISP CONVERGENCE VALUE   =  0.9903E-03  CRITERION=  0.5271E-03
    EQUIL ITER   3 COMPLETED.  NEW TRIANG MATRIX.  MAX DOF INC=  0.9903E-03
     FORCE CONVERGENCE VALUE  =  0.1969      CRITERION=   3.763     <<< CONVERGED
     DISP CONVERGENCE VALUE   =  0.5984E-03  CRITERION=  0.5378E-03
    EQUIL ITER   4 COMPLETED.  NEW TRIANG MATRIX.  MAX DOF INC=  0.5984E-03
     FORCE CONVERGENCE VALUE  =  0.1451      CRITERION=   3.840     <<< CONVERGED
     DISP CONVERGENCE VALUE   =  0.3780E-03  CRITERION=  0.5488E-03 <<< CONVERGED
    EQUIL ITER   5 COMPLETED.  NEW TRIANG MATRIX.  MAX DOF INC =  0.3780E-03
    >>> SOLUTION CONVERGED AFTER EQUILIBRIUM ITERATION   5
 *** LOAD STEP    53   SUBSTEP     1  COMPLETED.    CUM ITER =    581
 *** TIME =   1.45333         TIME INC =  0.133333E-01
 *** MAX PLASTIC STRAIN STEP = 0.4593E-01   CRITERION = 0.9900    
 *** AUTO STEP TIME:  NEXT TIME INC = 0.13333E-01  UNCHANGED

     FORCE CONVERGENCE VALUE  =   1.018      CRITERION=   3.542    
     DISP CONVERGENCE VALUE   =  0.2308E-02  CRITERION=  0.5062E-03
    EQUIL ITER   1 COMPLETED.  NEW TRIANG MATRIX.  MAX DOF INC= -0.2308E-02
     FORCE CONVERGENCE VALUE  =  0.4297      CRITERION=   3.615     <<< CONVERGED
     DISP CONVERGENCE VALUE   =  0.1669E-02  CRITERION=  0.5165E-03
    EQUIL ITER   2 COMPLETED.  NEW TRIANG MATRIX.  MAX DOF INC= -0.1669E-02
     FORCE CONVERGENCE VALUE  =  0.3210      CRITERION=   3.688     <<< CONVERGED
     DISP CONVERGENCE VALUE   =  0.1167E-02  CRITERION=  0.5271E-03
    EQUIL ITER   3 COMPLETED.  NEW TRIANG MATRIX.  MAX DOF INC= -0.1167E-02
     FORCE CONVERGENCE VALUE  =  0.2342      CRITERION=   3.764     <<< CONVERGED
     DISP CONVERGENCE VALUE   =  0.8025E-03  CRITERION=  0.5378E-03
    EQUIL ITER   4 COMPLETED.  NEW TRIANG MATRIX.  MAX DOF INC= -0.8025E-03
     FORCE CONVERGENCE VALUE  =  0.1642      CRITERION=   3.840     <<< CONVERGED
     DISP CONVERGENCE VALUE   =  0.5468E-03  CRITERION=  0.5488E-03 <<< CONVERGED
    EQUIL ITER   5 COMPLETED.  NEW TRIANG MATRIX.  MAX DOF INC = -0.5468E-03
    >>> SOLUTION CONVERGED AFTER EQUILIBRIUM ITERATION   5
 *** LOAD STEP    53   SUBSTEP     2  COMPLETED.    CUM ITER =    586
 *** TIME =   1.46667         TIME INC =  0.133333E-01
 *** MAX PLASTIC STRAIN STEP = 0.1243E-01   CRITERION = 0.9900    

 *****  ANSYS SOLVE    COMMAND  *****

 *** ANSYS - ENGINEERING ANALYSIS SYSTEM  RELEASE 2022 R1          22.1     ***
 Ansys Mechanical Enterprise                       
 00000000  VERSION=WINDOWS x64   14:17:02  SEP 24, 2024 CP=  38256.453

  Re=1 matmacico=8 E1=1500 pr=%pr% matrev=2 E2=30303.3845 vp=12.5              

 Note - This ANSYS version was linked by Licensee

 SOLUTION MONITORING INFO IS WRITTEN TO FILE= file.mntr                                                                                                                                                                                                                                                           

     FORCE CONVERGENCE VALUE  =   1.449      CRITERION=   3.542    
     DISP CONVERGENCE VALUE   =  0.4949E-02  CRITERION=  0.5062E-03
    EQUIL ITER   1 COMPLETED.  NEW TRIANG MATRIX.  MAX DOF INC=  0.4949E-02
     FORCE CONVERGENCE VALUE  =  0.6048      CRITERION=   3.615     <<< CONVERGED
     DISP CONVERGENCE VALUE   =  0.1923E-02  CRITERION=  0.5165E-03
    EQUIL ITER   2 COMPLETED.  NEW TRIANG MATRIX.  MAX DOF INC=  0.1923E-02
     FORCE CONVERGENCE VALUE  =  0.3265      CRITERION=   3.688     <<< CONVERGED
     DISP CONVERGENCE VALUE   =  0.1097E-02  CRITERION=  0.5271E-03
    EQUIL ITER   3 COMPLETED.  NEW TRIANG MATRIX.  MAX DOF INC=  0.1097E-02
     FORCE CONVERGENCE VALUE  =  0.2123      CRITERION=   3.764     <<< CONVERGED
     DISP CONVERGENCE VALUE   =  0.6646E-03  CRITERION=  0.5378E-03
    EQUIL ITER   4 COMPLETED.  NEW TRIANG MATRIX.  MAX DOF INC=  0.6646E-03
     FORCE CONVERGENCE VALUE  =  0.1525      CRITERION=   3.840     <<< CONVERGED
     DISP CONVERGENCE VALUE   =  0.4201E-03  CRITERION=  0.5488E-03 <<< CONVERGED
    EQUIL ITER   5 COMPLETED.  NEW TRIANG MATRIX.  MAX DOF INC =  0.4201E-03
    >>> SOLUTION CONVERGED AFTER EQUILIBRIUM ITERATION   5
 *** LOAD STEP    54   SUBSTEP     1  COMPLETED.    CUM ITER =    591
 *** TIME =   1.48000         TIME INC =  0.133333E-01
 *** MAX PLASTIC STRAIN STEP = 0.4500E-01   CRITERION = 0.9900    
 *** AUTO STEP TIME:  NEXT TIME INC = 0.13333E-01  UNCHANGED

     FORCE CONVERGENCE VALUE  =   1.033      CRITERION=   3.542    
     DISP CONVERGENCE VALUE   =  0.2382E-02  CRITERION=  0.5062E-03
    EQUIL ITER   1 COMPLETED.  NEW TRIANG MATRIX.  MAX DOF INC= -0.2382E-02
     FORCE CONVERGENCE VALUE  =  0.5054      CRITERION=   3.615     <<< CONVERGED
     DISP CONVERGENCE VALUE   =  0.1768E-02  CRITERION=  0.5165E-03
    EQUIL ITER   2 COMPLETED.  NEW TRIANG MATRIX.  MAX DOF INC= -0.1768E-02
     FORCE CONVERGENCE VALUE  =  0.3438      CRITERION=   3.688     <<< CONVERGED
     DISP CONVERGENCE VALUE   =  0.1240E-02  CRITERION=  0.5271E-03
    EQUIL ITER   3 COMPLETED.  NEW TRIANG MATRIX.  MAX DOF INC= -0.1240E-02
     FORCE CONVERGENCE VALUE  =  0.2311      CRITERION=   3.764     <<< CONVERGED
     DISP CONVERGENCE VALUE   =  0.8444E-03  CRITERION=  0.5378E-03
    EQUIL ITER   4 COMPLETED.  NEW TRIANG MATRIX.  MAX DOF INC= -0.8444E-03
     FORCE CONVERGENCE VALUE  =  0.1566      CRITERION=   3.840     <<< CONVERGED
     DISP CONVERGENCE VALUE   =  0.5718E-03  CRITERION=  0.5488E-03
    EQUIL ITER   5 COMPLETED.  NEW TRIANG MATRIX.  MAX DOF INC= -0.5718E-03
     FORCE CONVERGENCE VALUE  =  0.1069      CRITERION=   3.919     <<< CONVERGED
     DISP CONVERGENCE VALUE   =  0.3840E-03  CRITERION=  0.5600E-03 <<< CONVERGED
    EQUIL ITER   6 COMPLETED.  NEW TRIANG MATRIX.  MAX DOF INC = -0.3840E-03
    >>> SOLUTION CONVERGED AFTER EQUILIBRIUM ITERATION   6
 *** LOAD STEP    54   SUBSTEP     2  COMPLETED.    CUM ITER =    597
 *** TIME =   1.49333         TIME INC =  0.133333E-01
 *** MAX PLASTIC STRAIN STEP = 0.1204E-01   CRITERION = 0.9900    

 *****  ANSYS SOLVE    COMMAND  *****

 *** ANSYS - ENGINEERING ANALYSIS SYSTEM  RELEASE 2022 R1          22.1     ***
 Ansys Mechanical Enterprise                       
 00000000  VERSION=WINDOWS x64   14:18:39  SEP 24, 2024 CP=  38969.938

  Re=1 matmacico=8 E1=1500 pr=%pr% matrev=2 E2=30303.3845 vp=12.5              

 Note - This ANSYS version was linked by Licensee

 SOLUTION MONITORING INFO IS WRITTEN TO FILE= file.mntr                                                                                                                                                                                                                                                           

     FORCE CONVERGENCE VALUE  =   1.471      CRITERION=   3.542    
     DISP CONVERGENCE VALUE   =  0.5080E-02  CRITERION=  0.5062E-03
    EQUIL ITER   1 COMPLETED.  NEW TRIANG MATRIX.  MAX DOF INC=  0.5080E-02
     FORCE CONVERGENCE VALUE  =  0.6210      CRITERION=   3.615     <<< CONVERGED
     DISP CONVERGENCE VALUE   =  0.1971E-02  CRITERION=  0.5165E-03
    EQUIL ITER   2 COMPLETED.  NEW TRIANG MATRIX.  MAX DOF INC=  0.1971E-02
     FORCE CONVERGENCE VALUE  =  0.3326      CRITERION=   3.688     <<< CONVERGED
     DISP CONVERGENCE VALUE   =  0.1110E-02  CRITERION=  0.5271E-03
    EQUIL ITER   3 COMPLETED.  NEW TRIANG MATRIX.  MAX DOF INC=  0.1110E-02
     FORCE CONVERGENCE VALUE  =  0.2158      CRITERION=   3.764     <<< CONVERGED
     DISP CONVERGENCE VALUE   =  0.6661E-03  CRITERION=  0.5378E-03
    EQUIL ITER   4 COMPLETED.  NEW TRIANG MATRIX.  MAX DOF INC=  0.6661E-03
     FORCE CONVERGENCE VALUE  =  0.1553      CRITERION=   3.841     <<< CONVERGED
     DISP CONVERGENCE VALUE   =  0.4187E-03  CRITERION=  0.5488E-03 <<< CONVERGED
    EQUIL ITER   5 COMPLETED.  NEW TRIANG MATRIX.  MAX DOF INC =  0.4187E-03
    >>> SOLUTION CONVERGED AFTER EQUILIBRIUM ITERATION   5
 *** LOAD STEP    55   SUBSTEP     1  COMPLETED.    CUM ITER =    602
 *** TIME =   1.50667         TIME INC =  0.133333E-01
 *** MAX PLASTIC STRAIN STEP = 0.3421E-01   CRITERION = 0.9900    
 *** AUTO STEP TIME:  NEXT TIME INC = 0.13333E-01  UNCHANGED

     FORCE CONVERGENCE VALUE  =   1.095      CRITERION=   3.542    
     DISP CONVERGENCE VALUE   =  0.2437E-02  CRITERION=  0.5062E-03
    EQUIL ITER   1 COMPLETED.  NEW TRIANG MATRIX.  MAX DOF INC= -0.2437E-02
     FORCE CONVERGENCE VALUE  =  0.5066      CRITERION=   3.615     <<< CONVERGED
     DISP CONVERGENCE VALUE   =  0.1850E-02  CRITERION=  0.5165E-03
    EQUIL ITER   2 COMPLETED.  NEW TRIANG MATRIX.  MAX DOF INC= -0.1850E-02
     FORCE CONVERGENCE VALUE  =  0.3367      CRITERION=   3.688     <<< CONVERGED
     DISP CONVERGENCE VALUE   =  0.1281E-02  CRITERION=  0.5271E-03
    EQUIL ITER   3 COMPLETED.  NEW TRIANG MATRIX.  MAX DOF INC= -0.1281E-02
     FORCE CONVERGENCE VALUE  =  0.2268      CRITERION=   3.764     <<< CONVERGED
     DISP CONVERGENCE VALUE   =  0.8597E-03  CRITERION=  0.5378E-03
    EQUIL ITER   4 COMPLETED.  NEW TRIANG MATRIX.  MAX DOF INC= -0.8597E-03
     FORCE CONVERGENCE VALUE  =  0.1545      CRITERION=   3.841     <<< CONVERGED
     DISP CONVERGENCE VALUE   =  0.5752E-03  CRITERION=  0.5488E-03
    EQUIL ITER   5 COMPLETED.  NEW TRIANG MATRIX.  MAX DOF INC= -0.5752E-03
     FORCE CONVERGENCE VALUE  =  0.1063      CRITERION=   3.919     <<< CONVERGED
     DISP CONVERGENCE VALUE   =  0.3810E-03  CRITERION=  0.5600E-03 <<< CONVERGED
    EQUIL ITER   6 COMPLETED.  NEW TRIANG MATRIX.  MAX DOF INC = -0.3810E-03
    >>> SOLUTION CONVERGED AFTER EQUILIBRIUM ITERATION   6

 Memory resident data base increased from      1024 MB to      2048 MB.
 *** LOAD STEP    55   SUBSTEP     2  COMPLETED.    CUM ITER =    608
 *** TIME =   1.52000         TIME INC =  0.133333E-01
 *** MAX PLASTIC STRAIN STEP = 0.1264E-01   CRITERION = 0.9900    

 *****  ANSYS SOLVE    COMMAND  *****

 *** ANSYS - ENGINEERING ANALYSIS SYSTEM  RELEASE 2022 R1          22.1     ***
 Ansys Mechanical Enterprise                       
 00000000  VERSION=WINDOWS x64   14:20:17  SEP 24, 2024 CP=  39682.984

  Re=1 matmacico=8 E1=1500 pr=%pr% matrev=2 E2=30303.3845 vp=12.5              

 Note - This ANSYS version was linked by Licensee

 SOLUTION MONITORING INFO IS WRITTEN TO FILE= file.mntr                                                                                                                                                                                                                                                           

     FORCE CONVERGENCE VALUE  =   1.471      CRITERION=   3.542    
     DISP CONVERGENCE VALUE   =  0.5073E-02  CRITERION=  0.5062E-03
    EQUIL ITER   1 COMPLETED.  NEW TRIANG MATRIX.  MAX DOF INC=  0.5073E-02
     FORCE CONVERGENCE VALUE  =  0.6269      CRITERION=   3.615     <<< CONVERGED
     DISP CONVERGENCE VALUE   =  0.1983E-02  CRITERION=  0.5165E-03
    EQUIL ITER   2 COMPLETED.  NEW TRIANG MATRIX.  MAX DOF INC=  0.1983E-02
     FORCE CONVERGENCE VALUE  =  0.3375      CRITERION=   3.689     <<< CONVERGED
     DISP CONVERGENCE VALUE   =  0.1120E-02  CRITERION=  0.5271E-03
    EQUIL ITER   3 COMPLETED.  NEW TRIANG MATRIX.  MAX DOF INC=  0.1120E-02
     FORCE CONVERGENCE VALUE  =  0.2183      CRITERION=   3.764     <<< CONVERGED
     DISP CONVERGENCE VALUE   =  0.6746E-03  CRITERION=  0.5378E-03
    EQUIL ITER   4 COMPLETED.  NEW TRIANG MATRIX.  MAX DOF INC=  0.6746E-03
     FORCE CONVERGENCE VALUE  =  0.1563      CRITERION=   3.841     <<< CONVERGED
     DISP CONVERGENCE VALUE   =  0.4253E-03  CRITERION=  0.5488E-03 <<< CONVERGED
    EQUIL ITER   5 COMPLETED.  NEW TRIANG MATRIX.  MAX DOF INC =  0.4253E-03
    >>> SOLUTION CONVERGED AFTER EQUILIBRIUM ITERATION   5
 *** LOAD STEP    56   SUBSTEP     1  COMPLETED.    CUM ITER =    613
 *** TIME =   1.53333         TIME INC =  0.133333E-01
 *** MAX PLASTIC STRAIN STEP = 0.3423E-01   CRITERION = 0.9900    
 *** AUTO STEP TIME:  NEXT TIME INC = 0.13333E-01  UNCHANGED

     FORCE CONVERGENCE VALUE  =   1.109      CRITERION=   3.543    
     DISP CONVERGENCE VALUE   =  0.2432E-02  CRITERION=  0.5062E-03
    EQUIL ITER   1 COMPLETED.  NEW TRIANG MATRIX.  MAX DOF INC= -0.2432E-02
     FORCE CONVERGENCE VALUE  =  0.5068      CRITERION=   3.615     <<< CONVERGED
     DISP CONVERGENCE VALUE   =  0.1845E-02  CRITERION=  0.5165E-03
    EQUIL ITER   2 COMPLETED.  NEW TRIANG MATRIX.  MAX DOF INC= -0.1845E-02
     FORCE CONVERGENCE VALUE  =  0.3397      CRITERION=   3.689     <<< CONVERGED
     DISP CONVERGENCE VALUE   =  0.1280E-02  CRITERION=  0.5271E-03
    EQUIL ITER   3 COMPLETED.  NEW TRIANG MATRIX.  MAX DOF INC= -0.1280E-02
     FORCE CONVERGENCE VALUE  =  0.2303      CRITERION=   3.764     <<< CONVERGED
     DISP CONVERGENCE VALUE   =  0.8659E-03  CRITERION=  0.5378E-03
    EQUIL ITER   4 COMPLETED.  NEW TRIANG MATRIX.  MAX DOF INC= -0.8659E-03
     FORCE CONVERGENCE VALUE  =  0.1577      CRITERION=   3.841     <<< CONVERGED
     DISP CONVERGENCE VALUE   =  0.5832E-03  CRITERION=  0.5488E-03
    EQUIL ITER   5 COMPLETED.  NEW TRIANG MATRIX.  MAX DOF INC= -0.5832E-03
     FORCE CONVERGENCE VALUE  =  0.1089      CRITERION=   3.919     <<< CONVERGED
     DISP CONVERGENCE VALUE   =  0.3902E-03  CRITERION=  0.5600E-03 <<< CONVERGED
    EQUIL ITER   6 COMPLETED.  NEW TRIANG MATRIX.  MAX DOF INC = -0.3902E-03
    >>> SOLUTION CONVERGED AFTER EQUILIBRIUM ITERATION   6
 *** LOAD STEP    56   SUBSTEP     2  COMPLETED.    CUM ITER =    619
 *** TIME =   1.54667         TIME INC =  0.133333E-01
 *** MAX PLASTIC STRAIN STEP = 0.1251E-01   CRITERION = 0.9900    

 *****  ANSYS SOLVE    COMMAND  *****

 *** ANSYS - ENGINEERING ANALYSIS SYSTEM  RELEASE 2022 R1          22.1     ***
 Ansys Mechanical Enterprise                       
 00000000  VERSION=WINDOWS x64   14:21:55  SEP 24, 2024 CP=  40400.578

  Re=1 matmacico=8 E1=1500 pr=%pr% matrev=2 E2=30303.3845 vp=12.5              

 Note - This ANSYS version was linked by Licensee

 SOLUTION MONITORING INFO IS WRITTEN TO FILE= file.mntr                                                                                                                                                                                                                                                           

     FORCE CONVERGENCE VALUE  =   1.471      CRITERION=   3.542    
     DISP CONVERGENCE VALUE   =  0.5050E-02  CRITERION=  0.5062E-03
    EQUIL ITER   1 COMPLETED.  NEW TRIANG MATRIX.  MAX DOF INC=  0.5050E-02
     FORCE CONVERGENCE VALUE  =  0.6254      CRITERION=   3.615     <<< CONVERGED
     DISP CONVERGENCE VALUE   =  0.1989E-02  CRITERION=  0.5165E-03
    EQUIL ITER   2 COMPLETED.  NEW TRIANG MATRIX.  MAX DOF INC=  0.1989E-02
     FORCE CONVERGENCE VALUE  =  0.3373      CRITERION=   3.689     <<< CONVERGED
     DISP CONVERGENCE VALUE   =  0.1122E-02  CRITERION=  0.5271E-03
    EQUIL ITER   3 COMPLETED.  NEW TRIANG MATRIX.  MAX DOF INC=  0.1122E-02
     FORCE CONVERGENCE VALUE  =  0.2186      CRITERION=   3.764     <<< CONVERGED
     DISP CONVERGENCE VALUE   =  0.6749E-03  CRITERION=  0.5378E-03
    EQUIL ITER   4 COMPLETED.  NEW TRIANG MATRIX.  MAX DOF INC=  0.6749E-03
     FORCE CONVERGENCE VALUE  =  0.1568      CRITERION=   3.841     <<< CONVERGED
     DISP CONVERGENCE VALUE   =  0.4248E-03  CRITERION=  0.5488E-03 <<< CONVERGED
    EQUIL ITER   5 COMPLETED.  NEW TRIANG MATRIX.  MAX DOF INC =  0.4248E-03
    >>> SOLUTION CONVERGED AFTER EQUILIBRIUM ITERATION   5
 *** LOAD STEP    57   SUBSTEP     1  COMPLETED.    CUM ITER =    624
 *** TIME =   1.56000         TIME INC =  0.133333E-01
 *** MAX PLASTIC STRAIN STEP = 0.3417E-01   CRITERION = 0.9900    
 *** AUTO STEP TIME:  NEXT TIME INC = 0.13333E-01  UNCHANGED

     FORCE CONVERGENCE VALUE  =   1.109      CRITERION=   3.543    
     DISP CONVERGENCE VALUE   =  0.2414E-02  CRITERION=  0.5062E-03
    EQUIL ITER   1 COMPLETED.  NEW TRIANG MATRIX.  MAX DOF INC= -0.2414E-02
     FORCE CONVERGENCE VALUE  =  0.5046      CRITERION=   3.615     <<< CONVERGED
     DISP CONVERGENCE VALUE   =  0.1837E-02  CRITERION=  0.5165E-03
    EQUIL ITER   2 COMPLETED.  NEW TRIANG MATRIX.  MAX DOF INC= -0.1837E-02
     FORCE CONVERGENCE VALUE  =  0.3376      CRITERION=   3.689     <<< CONVERGED
     DISP CONVERGENCE VALUE   =  0.1277E-02  CRITERION=  0.5271E-03
    EQUIL ITER   3 COMPLETED.  NEW TRIANG MATRIX.  MAX DOF INC= -0.1277E-02
     FORCE CONVERGENCE VALUE  =  0.2291      CRITERION=   3.764     <<< CONVERGED
     DISP CONVERGENCE VALUE   =  0.8674E-03  CRITERION=  0.5378E-03
    EQUIL ITER   4 COMPLETED.  NEW TRIANG MATRIX.  MAX DOF INC= -0.8674E-03
     FORCE CONVERGENCE VALUE  =  0.1569      CRITERION=   3.841     <<< CONVERGED
     DISP CONVERGENCE VALUE   =  0.5843E-03  CRITERION=  0.5488E-03
    EQUIL ITER   5 COMPLETED.  NEW TRIANG MATRIX.  MAX DOF INC= -0.5843E-03
     FORCE CONVERGENCE VALUE  =  0.1087      CRITERION=   3.919     <<< CONVERGED
     DISP CONVERGENCE VALUE   =  0.3911E-03  CRITERION=  0.5600E-03 <<< CONVERGED
    EQUIL ITER   6 COMPLETED.  NEW TRIANG MATRIX.  MAX DOF INC = -0.3911E-03
    >>> SOLUTION CONVERGED AFTER EQUILIBRIUM ITERATION   6
 *** LOAD STEP    57   SUBSTEP     2  COMPLETED.    CUM ITER =    630
 *** TIME =   1.57333         TIME INC =  0.133333E-01
 *** MAX PLASTIC STRAIN STEP = 0.1260E-01   CRITERION = 0.9900    

 *****  ANSYS SOLVE    COMMAND  *****

 *** ANSYS - ENGINEERING ANALYSIS SYSTEM  RELEASE 2022 R1          22.1     ***
 Ansys Mechanical Enterprise                       
 00000000  VERSION=WINDOWS x64   14:23:31  SEP 24, 2024 CP=  41112.031

  Re=1 matmacico=8 E1=1500 pr=%pr% matrev=2 E2=30303.3845 vp=12.5              

 Note - This ANSYS version was linked by Licensee

 SOLUTION MONITORING INFO IS WRITTEN TO FILE= file.mntr                                                                                                                                                                                                                                                           

     FORCE CONVERGENCE VALUE  =   1.472      CRITERION=   3.543    
     DISP CONVERGENCE VALUE   =  0.5050E-02  CRITERION=  0.5062E-03
    EQUIL ITER   1 COMPLETED.  NEW TRIANG MATRIX.  MAX DOF INC=  0.5050E-02
     FORCE CONVERGENCE VALUE  =  0.6279      CRITERION=   3.615     <<< CONVERGED
     DISP CONVERGENCE VALUE   =  0.1989E-02  CRITERION=  0.5165E-03
    EQUIL ITER   2 COMPLETED.  NEW TRIANG MATRIX.  MAX DOF INC=  0.1989E-02
     FORCE CONVERGENCE VALUE  =  0.3384      CRITERION=   3.689     <<< CONVERGED
     DISP CONVERGENCE VALUE   =  0.1123E-02  CRITERION=  0.5271E-03
    EQUIL ITER   3 COMPLETED.  NEW TRIANG MATRIX.  MAX DOF INC=  0.1123E-02
     FORCE CONVERGENCE VALUE  =  0.2190      CRITERION=   3.764     <<< CONVERGED
     DISP CONVERGENCE VALUE   =  0.6757E-03  CRITERION=  0.5378E-03
    EQUIL ITER   4 COMPLETED.  NEW TRIANG MATRIX.  MAX DOF INC=  0.6757E-03
     FORCE CONVERGENCE VALUE  =  0.1569      CRITERION=   3.841     <<< CONVERGED
     DISP CONVERGENCE VALUE   =  0.4257E-03  CRITERION=  0.5488E-03 <<< CONVERGED
    EQUIL ITER   5 COMPLETED.  NEW TRIANG MATRIX.  MAX DOF INC =  0.4257E-03
    >>> SOLUTION CONVERGED AFTER EQUILIBRIUM ITERATION   5
 *** LOAD STEP    58   SUBSTEP     1  COMPLETED.    CUM ITER =    635
 *** TIME =   1.58667         TIME INC =  0.133333E-01
 *** MAX PLASTIC STRAIN STEP = 0.3418E-01   CRITERION = 0.9900    
 *** AUTO STEP TIME:  NEXT TIME INC = 0.13333E-01  UNCHANGED

     FORCE CONVERGENCE VALUE  =   1.112      CRITERION=   3.543    
     DISP CONVERGENCE VALUE   =  0.2418E-02  CRITERION=  0.5062E-03
    EQUIL ITER   1 COMPLETED.  NEW TRIANG MATRIX.  MAX DOF INC= -0.2418E-02
     FORCE CONVERGENCE VALUE  =  0.5049      CRITERION=   3.615     <<< CONVERGED
     DISP CONVERGENCE VALUE   =  0.1836E-02  CRITERION=  0.5165E-03
    EQUIL ITER   2 COMPLETED.  NEW TRIANG MATRIX.  MAX DOF INC= -0.1836E-02
     FORCE CONVERGENCE VALUE  =  0.3382      CRITERION=   3.689     <<< CONVERGED
     DISP CONVERGENCE VALUE   =  0.1276E-02  CRITERION=  0.5271E-03
    EQUIL ITER   3 COMPLETED.  NEW TRIANG MATRIX.  MAX DOF INC= -0.1276E-02
     FORCE CONVERGENCE VALUE  =  0.2299      CRITERION=   3.764     <<< CONVERGED
     DISP CONVERGENCE VALUE   =  0.8672E-03  CRITERION=  0.5378E-03
    EQUIL ITER   4 COMPLETED.  NEW TRIANG MATRIX.  MAX DOF INC= -0.8672E-03
     FORCE CONVERGENCE VALUE  =  0.1577      CRITERION=   3.841     <<< CONVERGED
     DISP CONVERGENCE VALUE   =  0.5847E-03  CRITERION=  0.5488E-03
    EQUIL ITER   5 COMPLETED.  NEW TRIANG MATRIX.  MAX DOF INC= -0.5847E-03
     FORCE CONVERGENCE VALUE  =  0.1092      CRITERION=   3.919     <<< CONVERGED
     DISP CONVERGENCE VALUE   =  0.3915E-03  CRITERION=  0.5600E-03 <<< CONVERGED
    EQUIL ITER   6 COMPLETED.  NEW TRIANG MATRIX.  MAX DOF INC = -0.3915E-03
    >>> SOLUTION CONVERGED AFTER EQUILIBRIUM ITERATION   6
 *** LOAD STEP    58   SUBSTEP     2  COMPLETED.    CUM ITER =    641
 *** TIME =   1.60000         TIME INC =  0.133333E-01
 *** MAX PLASTIC STRAIN STEP = 0.1256E-01   CRITERION = 0.9900    

 *****  ANSYS SOLVE    COMMAND  *****

 *** ANSYS - ENGINEERING ANALYSIS SYSTEM  RELEASE 2022 R1          22.1     ***
 Ansys Mechanical Enterprise                       
 00000000  VERSION=WINDOWS x64   14:25:10  SEP 24, 2024 CP=  41830.625

  Re=1 matmacico=8 E1=1500 pr=%pr% matrev=2 E2=30303.3845 vp=12.5              

 Note - This ANSYS version was linked by Licensee

 SOLUTION MONITORING INFO IS WRITTEN TO FILE= file.mntr                                                                                                                                                                                                                                                           

     FORCE CONVERGENCE VALUE  =   1.471      CRITERION=   3.543    
     DISP CONVERGENCE VALUE   =  0.5044E-02  CRITERION=  0.5062E-03
    EQUIL ITER   1 COMPLETED.  NEW TRIANG MATRIX.  MAX DOF INC=  0.5044E-02
     FORCE CONVERGENCE VALUE  =  0.6271      CRITERION=   3.615     <<< CONVERGED
     DISP CONVERGENCE VALUE   =  0.1990E-02  CRITERION=  0.5165E-03
    EQUIL ITER   2 COMPLETED.  NEW TRIANG MATRIX.  MAX DOF INC=  0.1990E-02
     FORCE CONVERGENCE VALUE  =  0.3384      CRITERION=   3.689     <<< CONVERGED
     DISP CONVERGENCE VALUE   =  0.1123E-02  CRITERION=  0.5271E-03
    EQUIL ITER   3 COMPLETED.  NEW TRIANG MATRIX.  MAX DOF INC=  0.1123E-02
     FORCE CONVERGENCE VALUE  =  0.2192      CRITERION=   3.764     <<< CONVERGED
     DISP CONVERGENCE VALUE   =  0.6757E-03  CRITERION=  0.5378E-03
    EQUIL ITER   4 COMPLETED.  NEW TRIANG MATRIX.  MAX DOF INC=  0.6757E-03
     FORCE CONVERGENCE VALUE  =  0.1571      CRITERION=   3.841     <<< CONVERGED
     DISP CONVERGENCE VALUE   =  0.4255E-03  CRITERION=  0.5488E-03 <<< CONVERGED
    EQUIL ITER   5 COMPLETED.  NEW TRIANG MATRIX.  MAX DOF INC =  0.4255E-03
    >>> SOLUTION CONVERGED AFTER EQUILIBRIUM ITERATION   5
 *** LOAD STEP    59   SUBSTEP     1  COMPLETED.    CUM ITER =    646
 *** TIME =   1.61333         TIME INC =  0.133333E-01
 *** MAX PLASTIC STRAIN STEP = 0.3415E-01   CRITERION = 0.9900    
 *** AUTO STEP TIME:  NEXT TIME INC = 0.13333E-01  UNCHANGED

     FORCE CONVERGENCE VALUE  =   1.112      CRITERION=   3.543    
     DISP CONVERGENCE VALUE   =  0.2415E-02  CRITERION=  0.5062E-03
    EQUIL ITER   1 COMPLETED.  NEW TRIANG MATRIX.  MAX DOF INC= -0.2415E-02
     FORCE CONVERGENCE VALUE  =  0.5041      CRITERION=   3.615     <<< CONVERGED
     DISP CONVERGENCE VALUE   =  0.1833E-02  CRITERION=  0.5165E-03
    EQUIL ITER   2 COMPLETED.  NEW TRIANG MATRIX.  MAX DOF INC= -0.1833E-02
     FORCE CONVERGENCE VALUE  =  0.3377      CRITERION=   3.689     <<< CONVERGED
     DISP CONVERGENCE VALUE   =  0.1275E-02  CRITERION=  0.5271E-03
    EQUIL ITER   3 COMPLETED.  NEW TRIANG MATRIX.  MAX DOF INC= -0.1275E-02
     FORCE CONVERGENCE VALUE  =  0.2295      CRITERION=   3.764     <<< CONVERGED
     DISP CONVERGENCE VALUE   =  0.8672E-03  CRITERION=  0.5378E-03
    EQUIL ITER   4 COMPLETED.  NEW TRIANG MATRIX.  MAX DOF INC= -0.8672E-03
     FORCE CONVERGENCE VALUE  =  0.1575      CRITERION=   3.841     <<< CONVERGED
     DISP CONVERGENCE VALUE   =  0.5850E-03  CRITERION=  0.5488E-03
    EQUIL ITER   5 COMPLETED.  NEW TRIANG MATRIX.  MAX DOF INC= -0.5850E-03
     FORCE CONVERGENCE VALUE  =  0.1092      CRITERION=   3.919     <<< CONVERGED
     DISP CONVERGENCE VALUE   =  0.3917E-03  CRITERION=  0.5600E-03 <<< CONVERGED
    EQUIL ITER   6 COMPLETED.  NEW TRIANG MATRIX.  MAX DOF INC = -0.3917E-03
    >>> SOLUTION CONVERGED AFTER EQUILIBRIUM ITERATION   6
 *** LOAD STEP    59   SUBSTEP     2  COMPLETED.    CUM ITER =    652
 *** TIME =   1.62667         TIME INC =  0.133333E-01
 *** MAX PLASTIC STRAIN STEP = 0.1259E-01   CRITERION = 0.9900    

 *****  ANSYS SOLVE    COMMAND  *****

 *** ANSYS - ENGINEERING ANALYSIS SYSTEM  RELEASE 2022 R1          22.1     ***
 Ansys Mechanical Enterprise                       
 00000000  VERSION=WINDOWS x64   14:26:47  SEP 24, 2024 CP=  42545.297

  Re=1 matmacico=8 E1=1500 pr=%pr% matrev=2 E2=30303.3845 vp=12.5              

 Note - This ANSYS version was linked by Licensee

 SOLUTION MONITORING INFO IS WRITTEN TO FILE= file.mntr                                                                                                                                                                                                                                                           

     FORCE CONVERGENCE VALUE  =   1.471      CRITERION=   3.543    
     DISP CONVERGENCE VALUE   =  0.5043E-02  CRITERION=  0.5062E-03
    EQUIL ITER   1 COMPLETED.  NEW TRIANG MATRIX.  MAX DOF INC=  0.5043E-02
     FORCE CONVERGENCE VALUE  =  0.6278      CRITERION=   3.615     <<< CONVERGED
     DISP CONVERGENCE VALUE   =  0.1990E-02  CRITERION=  0.5165E-03
    EQUIL ITER   2 COMPLETED.  NEW TRIANG MATRIX.  MAX DOF INC=  0.1990E-02
     FORCE CONVERGENCE VALUE  =  0.3386      CRITERION=   3.689     <<< CONVERGED
     DISP CONVERGENCE VALUE   =  0.1125E-02  CRITERION=  0.5271E-03
    EQUIL ITER   3 COMPLETED.  NEW TRIANG MATRIX.  MAX DOF INC=  0.1125E-02
     FORCE CONVERGENCE VALUE  =  0.2193      CRITERION=   3.764     <<< CONVERGED
     DISP CONVERGENCE VALUE   =  0.6767E-03  CRITERION=  0.5378E-03
    EQUIL ITER   4 COMPLETED.  NEW TRIANG MATRIX.  MAX DOF INC=  0.6767E-03
     FORCE CONVERGENCE VALUE  =  0.1572      CRITERION=   3.841     <<< CONVERGED
     DISP CONVERGENCE VALUE   =  0.4261E-03  CRITERION=  0.5488E-03 <<< CONVERGED
    EQUIL ITER   5 COMPLETED.  NEW TRIANG MATRIX.  MAX DOF INC =  0.4261E-03
    >>> SOLUTION CONVERGED AFTER EQUILIBRIUM ITERATION   5
 *** LOAD STEP    60   SUBSTEP     1  COMPLETED.    CUM ITER =    657
 *** TIME =   1.64000         TIME INC =  0.133333E-01
 *** MAX PLASTIC STRAIN STEP = 0.3418E-01   CRITERION = 0.9900    
 *** AUTO STEP TIME:  NEXT TIME INC = 0.13333E-01  UNCHANGED

     FORCE CONVERGENCE VALUE  =   1.113      CRITERION=   3.543    
     DISP CONVERGENCE VALUE   =  0.2416E-02  CRITERION=  0.5062E-03
    EQUIL ITER   1 COMPLETED.  NEW TRIANG MATRIX.  MAX DOF INC= -0.2416E-02
     FORCE CONVERGENCE VALUE  =  0.5040      CRITERION=   3.615     <<< CONVERGED
     DISP CONVERGENCE VALUE   =  0.1832E-02  CRITERION=  0.5165E-03
    EQUIL ITER   2 COMPLETED.  NEW TRIANG MATRIX.  MAX DOF INC= -0.1832E-02
     FORCE CONVERGENCE VALUE  =  0.3378      CRITERION=   3.689     <<< CONVERGED
     DISP CONVERGENCE VALUE   =  0.1275E-02  CRITERION=  0.5271E-03
    EQUIL ITER   3 COMPLETED.  NEW TRIANG MATRIX.  MAX DOF INC= -0.1275E-02
     FORCE CONVERGENCE VALUE  =  0.2297      CRITERION=   3.764     <<< CONVERGED
     DISP CONVERGENCE VALUE   =  0.8673E-03  CRITERION=  0.5378E-03
    EQUIL ITER   4 COMPLETED.  NEW TRIANG MATRIX.  MAX DOF INC= -0.8673E-03
     FORCE CONVERGENCE VALUE  =  0.1577      CRITERION=   3.841     <<< CONVERGED
     DISP CONVERGENCE VALUE   =  0.5854E-03  CRITERION=  0.5488E-03
    EQUIL ITER   5 COMPLETED.  NEW TRIANG MATRIX.  MAX DOF INC= -0.5854E-03
     FORCE CONVERGENCE VALUE  =  0.1093      CRITERION=   3.919     <<< CONVERGED
     DISP CONVERGENCE VALUE   =  0.3920E-03  CRITERION=  0.5600E-03 <<< CONVERGED
    EQUIL ITER   6 COMPLETED.  NEW TRIANG MATRIX.  MAX DOF INC = -0.3920E-03
    >>> SOLUTION CONVERGED AFTER EQUILIBRIUM ITERATION   6
 *** LOAD STEP    60   SUBSTEP     2  COMPLETED.    CUM ITER =    663
 *** TIME =   1.65333         TIME INC =  0.133333E-01
 *** MAX PLASTIC STRAIN STEP = 0.1257E-01   CRITERION = 0.9900    

 *****  ANSYS SOLVE    COMMAND  *****

 *** ANSYS - ENGINEERING ANALYSIS SYSTEM  RELEASE 2022 R1          22.1     ***
 Ansys Mechanical Enterprise                       
 00000000  VERSION=WINDOWS x64   14:28:25  SEP 24, 2024 CP=  43263.531

  Re=1 matmacico=8 E1=1500 pr=%pr% matrev=2 E2=30303.3845 vp=12.5              

 Note - This ANSYS version was linked by Licensee

 SOLUTION MONITORING INFO IS WRITTEN TO FILE= file.mntr                                                                                                                                                                                                                                                           

     FORCE CONVERGENCE VALUE  =   1.471      CRITERION=   3.543    
     DISP CONVERGENCE VALUE   =  0.5040E-02  CRITERION=  0.5062E-03
    EQUIL ITER   1 COMPLETED.  NEW TRIANG MATRIX.  MAX DOF INC=  0.5040E-02
     FORCE CONVERGENCE VALUE  =  0.6275      CRITERION=   3.615     <<< CONVERGED
     DISP CONVERGENCE VALUE   =  0.1991E-02  CRITERION=  0.5165E-03
    EQUIL ITER   2 COMPLETED.  NEW TRIANG MATRIX.  MAX DOF INC=  0.1991E-02
     FORCE CONVERGENCE VALUE  =  0.3386      CRITERION=   3.689     <<< CONVERGED
     DISP CONVERGENCE VALUE   =  0.1125E-02  CRITERION=  0.5271E-03
    EQUIL ITER   3 COMPLETED.  NEW TRIANG MATRIX.  MAX DOF INC=  0.1125E-02
     FORCE CONVERGENCE VALUE  =  0.2194      CRITERION=   3.764     <<< CONVERGED
     DISP CONVERGENCE VALUE   =  0.6766E-03  CRITERION=  0.5378E-03
    EQUIL ITER   4 COMPLETED.  NEW TRIANG MATRIX.  MAX DOF INC=  0.6766E-03
     FORCE CONVERGENCE VALUE  =  0.1572      CRITERION=   3.841     <<< CONVERGED
     DISP CONVERGENCE VALUE   =  0.4262E-03  CRITERION=  0.5488E-03 <<< CONVERGED
    EQUIL ITER   5 COMPLETED.  NEW TRIANG MATRIX.  MAX DOF INC =  0.4262E-03
    >>> SOLUTION CONVERGED AFTER EQUILIBRIUM ITERATION   5
 *** LOAD STEP    61   SUBSTEP     1  COMPLETED.    CUM ITER =    668
 *** TIME =   1.66667         TIME INC =  0.133333E-01
 *** MAX PLASTIC STRAIN STEP = 0.3415E-01   CRITERION = 0.9900    
 *** AUTO STEP TIME:  NEXT TIME INC = 0.13333E-01  UNCHANGED

     FORCE CONVERGENCE VALUE  =   1.113      CRITERION=   3.543    
     DISP CONVERGENCE VALUE   =  0.2415E-02  CRITERION=  0.5062E-03
    EQUIL ITER   1 COMPLETED.  NEW TRIANG MATRIX.  MAX DOF INC= -0.2415E-02
     FORCE CONVERGENCE VALUE  =  0.5037      CRITERION=   3.615     <<< CONVERGED
     DISP CONVERGENCE VALUE   =  0.1831E-02  CRITERION=  0.5165E-03
    EQUIL ITER   2 COMPLETED.  NEW TRIANG MATRIX.  MAX DOF INC= -0.1831E-02
     FORCE CONVERGENCE VALUE  =  0.3375      CRITERION=   3.689     <<< CONVERGED
     DISP CONVERGENCE VALUE   =  0.1275E-02  CRITERION=  0.5271E-03
    EQUIL ITER   3 COMPLETED.  NEW TRIANG MATRIX.  MAX DOF INC= -0.1275E-02
     FORCE CONVERGENCE VALUE  =  0.2295      CRITERION=   3.764     <<< CONVERGED
     DISP CONVERGENCE VALUE   =  0.8673E-03  CRITERION=  0.5378E-03
    EQUIL ITER   4 COMPLETED.  NEW TRIANG MATRIX.  MAX DOF INC= -0.8673E-03
     FORCE CONVERGENCE VALUE  =  0.1576      CRITERION=   3.841     <<< CONVERGED
     DISP CONVERGENCE VALUE   =  0.5855E-03  CRITERION=  0.5488E-03
    EQUIL ITER   5 COMPLETED.  NEW TRIANG MATRIX.  MAX DOF INC= -0.5855E-03
     FORCE CONVERGENCE VALUE  =  0.1093      CRITERION=   3.920     <<< CONVERGED
     DISP CONVERGENCE VALUE   =  0.3920E-03  CRITERION=  0.5600E-03 <<< CONVERGED
    EQUIL ITER   6 COMPLETED.  NEW TRIANG MATRIX.  MAX DOF INC = -0.3920E-03
    >>> SOLUTION CONVERGED AFTER EQUILIBRIUM ITERATION   6
 *** LOAD STEP    61   SUBSTEP     2  COMPLETED.    CUM ITER =    674
 *** TIME =   1.68000         TIME INC =  0.133333E-01
 *** MAX PLASTIC STRAIN STEP = 0.1258E-01   CRITERION = 0.9900    

 *****  ANSYS SOLVE    COMMAND  *****

 *** ANSYS - ENGINEERING ANALYSIS SYSTEM  RELEASE 2022 R1          22.1     ***
 Ansys Mechanical Enterprise                       
 00000000  VERSION=WINDOWS x64   14:30:03  SEP 24, 2024 CP=  43984.219

  Re=1 matmacico=8 E1=1500 pr=%pr% matrev=2 E2=30303.3845 vp=12.5              

 Note - This ANSYS version was linked by Licensee

 SOLUTION MONITORING INFO IS WRITTEN TO FILE= file.mntr                                                                                                                                                                                                                                                           

     FORCE CONVERGENCE VALUE  =   1.471      CRITERION=   3.543    
     DISP CONVERGENCE VALUE   =  0.5039E-02  CRITERION=  0.5062E-03
    EQUIL ITER   1 COMPLETED.  NEW TRIANG MATRIX.  MAX DOF INC=  0.5039E-02
     FORCE CONVERGENCE VALUE  =  0.6278      CRITERION=   3.615     <<< CONVERGED
     DISP CONVERGENCE VALUE   =  0.1991E-02  CRITERION=  0.5165E-03
    EQUIL ITER   2 COMPLETED.  NEW TRIANG MATRIX.  MAX DOF INC=  0.1991E-02
     FORCE CONVERGENCE VALUE  =  0.3387      CRITERION=   3.689     <<< CONVERGED
     DISP CONVERGENCE VALUE   =  0.1125E-02  CRITERION=  0.5271E-03
    EQUIL ITER   3 COMPLETED.  NEW TRIANG MATRIX.  MAX DOF INC=  0.1125E-02
     FORCE CONVERGENCE VALUE  =  0.2194      CRITERION=   3.764     <<< CONVERGED
     DISP CONVERGENCE VALUE   =  0.6772E-03  CRITERION=  0.5378E-03
    EQUIL ITER   4 COMPLETED.  NEW TRIANG MATRIX.  MAX DOF INC=  0.6772E-03
     FORCE CONVERGENCE VALUE  =  0.1573      CRITERION=   3.841     <<< CONVERGED
     DISP CONVERGENCE VALUE   =  0.4266E-03  CRITERION=  0.5488E-03 <<< CONVERGED
    EQUIL ITER   5 COMPLETED.  NEW TRIANG MATRIX.  MAX DOF INC =  0.4266E-03
    >>> SOLUTION CONVERGED AFTER EQUILIBRIUM ITERATION   5
 *** LOAD STEP    62   SUBSTEP     1  COMPLETED.    CUM ITER =    679
 *** TIME =   1.69333         TIME INC =  0.133333E-01
 *** MAX PLASTIC STRAIN STEP = 0.3418E-01   CRITERION = 0.9900    
 *** AUTO STEP TIME:  NEXT TIME INC = 0.13333E-01  UNCHANGED

     FORCE CONVERGENCE VALUE  =   1.114      CRITERION=   3.543    
     DISP CONVERGENCE VALUE   =  0.2416E-02  CRITERION=  0.5062E-03
    EQUIL ITER   1 COMPLETED.  NEW TRIANG MATRIX.  MAX DOF INC= -0.2416E-02
     FORCE CONVERGENCE VALUE  =  0.5036      CRITERION=   3.615     <<< CONVERGED
     DISP CONVERGENCE VALUE   =  0.1830E-02  CRITERION=  0.5165E-03
    EQUIL ITER   2 COMPLETED.  NEW TRIANG MATRIX.  MAX DOF INC= -0.1830E-02
     FORCE CONVERGENCE VALUE  =  0.3375      CRITERION=   3.689     <<< CONVERGED
     DISP CONVERGENCE VALUE   =  0.1275E-02  CRITERION=  0.5271E-03
    EQUIL ITER   3 COMPLETED.  NEW TRIANG MATRIX.  MAX DOF INC= -0.1275E-02
     FORCE CONVERGENCE VALUE  =  0.2295      CRITERION=   3.764     <<< CONVERGED
     DISP CONVERGENCE VALUE   =  0.8673E-03  CRITERION=  0.5378E-03
    EQUIL ITER   4 COMPLETED.  NEW TRIANG MATRIX.  MAX DOF INC= -0.8673E-03
     FORCE CONVERGENCE VALUE  =  0.1576      CRITERION=   3.841     <<< CONVERGED
     DISP CONVERGENCE VALUE   =  0.5857E-03  CRITERION=  0.5488E-03
    EQUIL ITER   5 COMPLETED.  NEW TRIANG MATRIX.  MAX DOF INC= -0.5857E-03
     FORCE CONVERGENCE VALUE  =  0.1094      CRITERION=   3.920     <<< CONVERGED
     DISP CONVERGENCE VALUE   =  0.3922E-03  CRITERION=  0.5600E-03 <<< CONVERGED
    EQUIL ITER   6 COMPLETED.  NEW TRIANG MATRIX.  MAX DOF INC = -0.3922E-03
    >>> SOLUTION CONVERGED AFTER EQUILIBRIUM ITERATION   6
 *** LOAD STEP    62   SUBSTEP     2  COMPLETED.    CUM ITER =    685
 *** TIME =   1.70667         TIME INC =  0.133333E-01
 *** MAX PLASTIC STRAIN STEP = 0.1258E-01   CRITERION = 0.9900    

 *****  ANSYS SOLVE    COMMAND  *****

 *** ANSYS - ENGINEERING ANALYSIS SYSTEM  RELEASE 2022 R1          22.1     ***
 Ansys Mechanical Enterprise                       
 00000000  VERSION=WINDOWS x64   14:31:40  SEP 24, 2024 CP=  44701.031

  Re=1 matmacico=8 E1=1500 pr=%pr% matrev=2 E2=30303.3845 vp=12.5              

 Note - This ANSYS version was linked by Licensee

 SOLUTION MONITORING INFO IS WRITTEN TO FILE= file.mntr                                                                                                                                                                                                                                                           

     FORCE CONVERGENCE VALUE  =   1.471      CRITERION=   3.543    
     DISP CONVERGENCE VALUE   =  0.5038E-02  CRITERION=  0.5062E-03
    EQUIL ITER   1 COMPLETED.  NEW TRIANG MATRIX.  MAX DOF INC=  0.5038E-02
     FORCE CONVERGENCE VALUE  =  0.6277      CRITERION=   3.615     <<< CONVERGED
     DISP CONVERGENCE VALUE   =  0.1992E-02  CRITERION=  0.5165E-03
    EQUIL ITER   2 COMPLETED.  NEW TRIANG MATRIX.  MAX DOF INC=  0.1992E-02
     FORCE CONVERGENCE VALUE  =  0.3387      CRITERION=   3.689     <<< CONVERGED
     DISP CONVERGENCE VALUE   =  0.1125E-02  CRITERION=  0.5271E-03
    EQUIL ITER   3 COMPLETED.  NEW TRIANG MATRIX.  MAX DOF INC=  0.1125E-02
     FORCE CONVERGENCE VALUE  =  0.2195      CRITERION=   3.765     <<< CONVERGED
     DISP CONVERGENCE VALUE   =  0.6772E-03  CRITERION=  0.5378E-03
    EQUIL ITER   4 COMPLETED.  NEW TRIANG MATRIX.  MAX DOF INC=  0.6772E-03
     FORCE CONVERGENCE VALUE  =  0.1573      CRITERION=   3.841     <<< CONVERGED
     DISP CONVERGENCE VALUE   =  0.4267E-03  CRITERION=  0.5488E-03 <<< CONVERGED
    EQUIL ITER   5 COMPLETED.  NEW TRIANG MATRIX.  MAX DOF INC =  0.4267E-03
    >>> SOLUTION CONVERGED AFTER EQUILIBRIUM ITERATION   5
 *** LOAD STEP    63   SUBSTEP     1  COMPLETED.    CUM ITER =    690
 *** TIME =   1.72000         TIME INC =  0.133333E-01
 *** MAX PLASTIC STRAIN STEP = 0.3416E-01   CRITERION = 0.9900    
 *** AUTO STEP TIME:  NEXT TIME INC = 0.13333E-01  UNCHANGED

     FORCE CONVERGENCE VALUE  =   1.114      CRITERION=   3.543    
     DISP CONVERGENCE VALUE   =  0.2415E-02  CRITERION=  0.5062E-03
    EQUIL ITER   1 COMPLETED.  NEW TRIANG MATRIX.  MAX DOF INC= -0.2415E-02
     FORCE CONVERGENCE VALUE  =  0.5034      CRITERION=   3.616     <<< CONVERGED
     DISP CONVERGENCE VALUE   =  0.1829E-02  CRITERION=  0.5165E-03
    EQUIL ITER   2 COMPLETED.  NEW TRIANG MATRIX.  MAX DOF INC= -0.1829E-02
     FORCE CONVERGENCE VALUE  =  0.3373      CRITERION=   3.689     <<< CONVERGED
     DISP CONVERGENCE VALUE   =  0.1275E-02  CRITERION=  0.5271E-03
    EQUIL ITER   3 COMPLETED.  NEW TRIANG MATRIX.  MAX DOF INC= -0.1275E-02
     FORCE CONVERGENCE VALUE  =  0.2294      CRITERION=   3.765     <<< CONVERGED
     DISP CONVERGENCE VALUE   =  0.8675E-03  CRITERION=  0.5378E-03
    EQUIL ITER   4 COMPLETED.  NEW TRIANG MATRIX.  MAX DOF INC= -0.8675E-03
     FORCE CONVERGENCE VALUE  =  0.1576      CRITERION=   3.841     <<< CONVERGED
     DISP CONVERGENCE VALUE   =  0.5859E-03  CRITERION=  0.5488E-03
    EQUIL ITER   5 COMPLETED.  NEW TRIANG MATRIX.  MAX DOF INC= -0.5859E-03
     FORCE CONVERGENCE VALUE  =  0.1094      CRITERION=   3.920     <<< CONVERGED
     DISP CONVERGENCE VALUE   =  0.3923E-03  CRITERION=  0.5600E-03 <<< CONVERGED
    EQUIL ITER   6 COMPLETED.  NEW TRIANG MATRIX.  MAX DOF INC = -0.3923E-03
    >>> SOLUTION CONVERGED AFTER EQUILIBRIUM ITERATION   6
 *** LOAD STEP    63   SUBSTEP     2  COMPLETED.    CUM ITER =    696
 *** TIME =   1.73333         TIME INC =  0.133333E-01
 *** MAX PLASTIC STRAIN STEP = 0.1258E-01   CRITERION = 0.9900    

 *****  ANSYS SOLVE    COMMAND  *****

 *** ANSYS - ENGINEERING ANALYSIS SYSTEM  RELEASE 2022 R1          22.1     ***
 Ansys Mechanical Enterprise                       
 00000000  VERSION=WINDOWS x64   14:33:16  SEP 24, 2024 CP=  45407.984

  Re=1 matmacico=8 E1=1500 pr=%pr% matrev=2 E2=30303.3845 vp=12.5              

 Note - This ANSYS version was linked by Licensee

 SOLUTION MONITORING INFO IS WRITTEN TO FILE= file.mntr                                                                                                                                                                                                                                                           

     FORCE CONVERGENCE VALUE  =   1.471      CRITERION=   3.543    
     DISP CONVERGENCE VALUE   =  0.5037E-02  CRITERION=  0.5062E-03
    EQUIL ITER   1 COMPLETED.  NEW TRIANG MATRIX.  MAX DOF INC=  0.5037E-02
     FORCE CONVERGENCE VALUE  =  0.6278      CRITERION=   3.616     <<< CONVERGED
     DISP CONVERGENCE VALUE   =  0.1992E-02  CRITERION=  0.5165E-03
    EQUIL ITER   2 COMPLETED.  NEW TRIANG MATRIX.  MAX DOF INC=  0.1992E-02
     FORCE CONVERGENCE VALUE  =  0.3387      CRITERION=   3.689     <<< CONVERGED
     DISP CONVERGENCE VALUE   =  0.1126E-02  CRITERION=  0.5271E-03
    EQUIL ITER   3 COMPLETED.  NEW TRIANG MATRIX.  MAX DOF INC=  0.1126E-02
     FORCE CONVERGENCE VALUE  =  0.2195      CRITERION=   3.765     <<< CONVERGED
     DISP CONVERGENCE VALUE   =  0.6777E-03  CRITERION=  0.5378E-03
    EQUIL ITER   4 COMPLETED.  NEW TRIANG MATRIX.  MAX DOF INC=  0.6777E-03
     FORCE CONVERGENCE VALUE  =  0.1573      CRITERION=   3.841     <<< CONVERGED
     DISP CONVERGENCE VALUE   =  0.4269E-03  CRITERION=  0.5488E-03 <<< CONVERGED
    EQUIL ITER   5 COMPLETED.  NEW TRIANG MATRIX.  MAX DOF INC =  0.4269E-03
    >>> SOLUTION CONVERGED AFTER EQUILIBRIUM ITERATION   5
 *** LOAD STEP    64   SUBSTEP     1  COMPLETED.    CUM ITER =    701
 *** TIME =   1.74667         TIME INC =  0.133333E-01
 *** MAX PLASTIC STRAIN STEP = 0.3418E-01   CRITERION = 0.9900    
 *** AUTO STEP TIME:  NEXT TIME INC = 0.13333E-01  UNCHANGED

     FORCE CONVERGENCE VALUE  =   1.114      CRITERION=   3.543    
     DISP CONVERGENCE VALUE   =  0.2416E-02  CRITERION=  0.5062E-03
    EQUIL ITER   1 COMPLETED.  NEW TRIANG MATRIX.  MAX DOF INC= -0.2416E-02
     FORCE CONVERGENCE VALUE  =  0.5033      CRITERION=   3.616     <<< CONVERGED
     DISP CONVERGENCE VALUE   =  0.1829E-02  CRITERION=  0.5165E-03
    EQUIL ITER   2 COMPLETED.  NEW TRIANG MATRIX.  MAX DOF INC= -0.1829E-02
     FORCE CONVERGENCE VALUE  =  0.3373      CRITERION=   3.689     <<< CONVERGED
     DISP CONVERGENCE VALUE   =  0.1275E-02  CRITERION=  0.5271E-03
    EQUIL ITER   3 COMPLETED.  NEW TRIANG MATRIX.  MAX DOF INC= -0.1275E-02
     FORCE CONVERGENCE VALUE  =  0.2294      CRITERION=   3.765     <<< CONVERGED
     DISP CONVERGENCE VALUE   =  0.8675E-03  CRITERION=  0.5378E-03
    EQUIL ITER   4 COMPLETED.  NEW TRIANG MATRIX.  MAX DOF INC= -0.8675E-03
     FORCE CONVERGENCE VALUE  =  0.1576      CRITERION=   3.842     <<< CONVERGED
     DISP CONVERGENCE VALUE   =  0.5860E-03  CRITERION=  0.5488E-03
    EQUIL ITER   5 COMPLETED.  NEW TRIANG MATRIX.  MAX DOF INC= -0.5860E-03
     FORCE CONVERGENCE VALUE  =  0.1094      CRITERION=   3.920     <<< CONVERGED
     DISP CONVERGENCE VALUE   =  0.3924E-03  CRITERION=  0.5600E-03 <<< CONVERGED
    EQUIL ITER   6 COMPLETED.  NEW TRIANG MATRIX.  MAX DOF INC = -0.3924E-03
    >>> SOLUTION CONVERGED AFTER EQUILIBRIUM ITERATION   6
 *** LOAD STEP    64   SUBSTEP     2  COMPLETED.    CUM ITER =    707
 *** TIME =   1.76000         TIME INC =  0.133333E-01
 *** MAX PLASTIC STRAIN STEP = 0.1258E-01   CRITERION = 0.9900    

 *****  ANSYS SOLVE    COMMAND  *****

 *** ANSYS - ENGINEERING ANALYSIS SYSTEM  RELEASE 2022 R1          22.1     ***
 Ansys Mechanical Enterprise                       
 00000000  VERSION=WINDOWS x64   14:34:54  SEP 24, 2024 CP=  46122.984

  Re=1 matmacico=8 E1=1500 pr=%pr% matrev=2 E2=30303.3845 vp=12.5              

 Note - This ANSYS version was linked by Licensee

 SOLUTION MONITORING INFO IS WRITTEN TO FILE= file.mntr                                                                                                                                                                                                                                                           

     FORCE CONVERGENCE VALUE  =   1.851      CRITERION=   3.543    
     DISP CONVERGENCE VALUE   =  0.1431E-01  CRITERION=  0.7299E-03
    EQUIL ITER   1 COMPLETED.  NEW TRIANG MATRIX.  MAX DOF INC= -0.1431E-01
     FORCE CONVERGENCE VALUE  =  0.7881      CRITERION=   3.616     <<< CONVERGED
     DISP CONVERGENCE VALUE   =  0.4135E-02  CRITERION=  0.9600E-03
    EQUIL ITER   2 COMPLETED.  NEW TRIANG MATRIX.  MAX DOF INC= -0.4135E-02
     FORCE CONVERGENCE VALUE  =  0.4291      CRITERION=   3.690     <<< CONVERGED
     DISP CONVERGENCE VALUE   =  0.2786E-02  CRITERION=  0.1128E-02
    EQUIL ITER   3 COMPLETED.  NEW TRIANG MATRIX.  MAX DOF INC= -0.2786E-02
     FORCE CONVERGENCE VALUE  =  0.2890      CRITERION=   3.765     <<< CONVERGED
     DISP CONVERGENCE VALUE   =  0.2004E-02  CRITERION=  0.1259E-02
    EQUIL ITER   4 COMPLETED.  NEW TRIANG MATRIX.  MAX DOF INC= -0.2004E-02
     FORCE CONVERGENCE VALUE  =  0.2133      CRITERION=   3.842     <<< CONVERGED
     DISP CONVERGENCE VALUE   =  0.1494E-02  CRITERION=  0.1368E-02
    EQUIL ITER   5 COMPLETED.  NEW TRIANG MATRIX.  MAX DOF INC= -0.1494E-02
     FORCE CONVERGENCE VALUE  =  0.1666      CRITERION=   3.920     <<< CONVERGED
     DISP CONVERGENCE VALUE   =  0.1139E-02  CRITERION=  0.1460E-02 <<< CONVERGED
    EQUIL ITER   6 COMPLETED.  NEW TRIANG MATRIX.  MAX DOF INC = -0.1139E-02
    >>> SOLUTION CONVERGED AFTER EQUILIBRIUM ITERATION   6
 *** LOAD STEP    65   SUBSTEP     1  COMPLETED.    CUM ITER =    713
 *** TIME =   1.76830         TIME INC =  0.829630E-02
 *** MAX PLASTIC STRAIN STEP = 0.1446       CRITERION = 0.9900    
 *** AUTO TIME STEP:  NEXT TIME INC = 0.80000E-02  DECREASED (FACTOR = 0.9643)

     FORCE CONVERGENCE VALUE  =   1.382      CRITERION=   3.544    
     DISP CONVERGENCE VALUE   =  0.7189E-02  CRITERION=  0.1319E-02
    EQUIL ITER   1 COMPLETED.  NEW TRIANG MATRIX.  MAX DOF INC=  0.7189E-02
     FORCE CONVERGENCE VALUE  =  0.6416      CRITERION=   3.616     <<< CONVERGED
     DISP CONVERGENCE VALUE   =  0.4211E-02  CRITERION=  0.1346E-02
    EQUIL ITER   2 COMPLETED.  NEW TRIANG MATRIX.  MAX DOF INC=  0.4211E-02
     FORCE CONVERGENCE VALUE  =  0.4288      CRITERION=   3.690     <<< CONVERGED
     DISP CONVERGENCE VALUE   =  0.2564E-02  CRITERION=  0.1374E-02
    EQUIL ITER   3 COMPLETED.  NEW TRIANG MATRIX.  MAX DOF INC=  0.2564E-02
     FORCE CONVERGENCE VALUE  =  0.2933      CRITERION=   3.765     <<< CONVERGED
     DISP CONVERGENCE VALUE   =  0.1724E-02  CRITERION=  0.1402E-02
    EQUIL ITER   4 COMPLETED.  NEW TRIANG MATRIX.  MAX DOF INC=  0.1724E-02
     FORCE CONVERGENCE VALUE  =  0.2055      CRITERION=   3.842     <<< CONVERGED
     DISP CONVERGENCE VALUE   =  0.1229E-02  CRITERION=  0.1430E-02 <<< CONVERGED
    EQUIL ITER   5 COMPLETED.  NEW TRIANG MATRIX.  MAX DOF INC =  0.1229E-02
    >>> SOLUTION CONVERGED AFTER EQUILIBRIUM ITERATION   5
 *** LOAD STEP    65   SUBSTEP     2  COMPLETED.    CUM ITER =    718
 *** TIME =   1.77630         TIME INC =  0.800000E-02
 *** MAX PLASTIC STRAIN STEP = 0.3354E-01   CRITERION = 0.9900    
 *** AUTO STEP TIME:  NEXT TIME INC = 0.80000E-02  UNCHANGED

     FORCE CONVERGENCE VALUE  =  0.3795      CRITERION=   3.544    
     DISP CONVERGENCE VALUE   =  0.2386E-02  CRITERION=  0.1319E-02
    EQUIL ITER   1 COMPLETED.  NEW TRIANG MATRIX.  MAX DOF INC=  0.2386E-02
     FORCE CONVERGENCE VALUE  =  0.2871      CRITERION=   3.616     <<< CONVERGED
     DISP CONVERGENCE VALUE   =  0.1927E-02  CRITERION=  0.1346E-02
    EQUIL ITER   2 COMPLETED.  NEW TRIANG MATRIX.  MAX DOF INC=  0.1927E-02
     FORCE CONVERGENCE VALUE  =  0.2296      CRITERION=   3.690     <<< CONVERGED
     DISP CONVERGENCE VALUE   =  0.1525E-02  CRITERION=  0.1374E-02
    EQUIL ITER   3 COMPLETED.  NEW TRIANG MATRIX.  MAX DOF INC=  0.1525E-02
     FORCE CONVERGENCE VALUE  =  0.1864      CRITERION=   3.765     <<< CONVERGED
     DISP CONVERGENCE VALUE   =  0.1176E-02  CRITERION=  0.1402E-02 <<< CONVERGED
    EQUIL ITER   4 COMPLETED.  NEW TRIANG MATRIX.  MAX DOF INC =  0.1176E-02
    >>> SOLUTION CONVERGED AFTER EQUILIBRIUM ITERATION   4
 *** LOAD STEP    65   SUBSTEP     3  COMPLETED.    CUM ITER =    722
 *** TIME =   1.78430         TIME INC =  0.800000E-02
 *** MAX PLASTIC STRAIN STEP = 0.1533E-01   CRITERION = 0.9900    
 *** AUTO STEP TIME:  NEXT TIME INC = 0.80000E-02  UNCHANGED

     FORCE CONVERGENCE VALUE  =  0.2259      CRITERION=   3.544    
     DISP CONVERGENCE VALUE   =  0.8328E-03  CRITERION=  0.1319E-02 <<< CONVERGED
    EQUIL ITER   1 COMPLETED.  NEW TRIANG MATRIX.  MAX DOF INC=  0.8328E-03
     FORCE CONVERGENCE VALUE  =  0.1531      CRITERION=   3.616     <<< CONVERGED
    >>> SOLUTION CONVERGED AFTER EQUILIBRIUM ITERATION   1
 *** LOAD STEP    65   SUBSTEP     4  COMPLETED.    CUM ITER =    723
 *** TIME =   1.79230         TIME INC =  0.800000E-02
 *** MAX PLASTIC STRAIN STEP = 0.9902E-02   CRITERION = 0.9900    
 *** AUTO STEP TIME:  NEXT TIME INC = 0.80000E-02  UNCHANGED

     FORCE CONVERGENCE VALUE  =  0.1811      CRITERION=   3.544    
     DISP CONVERGENCE VALUE   =  0.6515E-03  CRITERION=  0.1319E-02 <<< CONVERGED
    EQUIL ITER   1 COMPLETED.  NEW TRIANG MATRIX.  MAX DOF INC=  0.6515E-03
     FORCE CONVERGENCE VALUE  =  0.6927E-01  CRITERION=   3.616     <<< CONVERGED
    >>> SOLUTION CONVERGED AFTER EQUILIBRIUM ITERATION   1
 *** LOAD STEP    65   SUBSTEP     5  COMPLETED.    CUM ITER =    724
 *** TIME =   1.80030         TIME INC =  0.800000E-02
 *** MAX PLASTIC STRAIN STEP = 0.2965E-02   CRITERION = 0.9900    
 *** AUTO STEP TIME:  NEXT TIME INC = 0.80000E-02  UNCHANGED

     FORCE CONVERGENCE VALUE  =  0.1142      CRITERION=   3.544    
     DISP CONVERGENCE VALUE   =  0.1758E-03  CRITERION=  0.1319E-02 <<< CONVERGED
    EQUIL ITER   1 COMPLETED.  NEW TRIANG MATRIX.  MAX DOF INC=  0.1758E-03
     FORCE CONVERGENCE VALUE  =  0.8179E-02  CRITERION=   3.616     <<< CONVERGED
    >>> SOLUTION CONVERGED AFTER EQUILIBRIUM ITERATION   1
 *** LOAD STEP    65   SUBSTEP     6  COMPLETED.    CUM ITER =    725
 *** TIME =   1.80830         TIME INC =  0.800000E-02
 *** MAX PLASTIC STRAIN STEP = 0.1373E-05   CRITERION = 0.9900    
 *** AUTO STEP TIME:  NEXT TIME INC = 0.80000E-02  UNCHANGED

     FORCE CONVERGENCE VALUE  =  0.6618E-01  CRITERION=   3.544    
     DISP CONVERGENCE VALUE   =  0.2957E-03  CRITERION=  0.1319E-02 <<< CONVERGED
    EQUIL ITER   1 COMPLETED.  NEW TRIANG MATRIX.  MAX DOF INC= -0.2957E-03
     FORCE CONVERGENCE VALUE  =  0.1595E-05  CRITERION=   3.616     <<< CONVERGED
    >>> SOLUTION CONVERGED AFTER EQUILIBRIUM ITERATION   1
 *** LOAD STEP    65   SUBSTEP     7  COMPLETED.    CUM ITER =    726
 *** TIME =   1.81630         TIME INC =  0.800000E-02
 *** MAX PLASTIC STRAIN STEP = 0.1373E-05   CRITERION = 0.9900    
 *** AUTO STEP TIME:  NEXT TIME INC = 0.80000E-02  UNCHANGED

     FORCE CONVERGENCE VALUE  =  0.8179E-02  CRITERION=   3.544    
     DISP CONVERGENCE VALUE   =  0.4036E-04  CRITERION=  0.1319E-02 <<< CONVERGED
    EQUIL ITER   1 COMPLETED.  NEW TRIANG MATRIX.  MAX DOF INC= -0.4036E-04
     FORCE CONVERGENCE VALUE  =  0.2812E-06  CRITERION=   3.616     <<< CONVERGED
    >>> SOLUTION CONVERGED AFTER EQUILIBRIUM ITERATION   1
 *** LOAD STEP    65   SUBSTEP     8  COMPLETED.    CUM ITER =    727
 *** TIME =   1.82430         TIME INC =  0.800000E-02
 *** MAX PLASTIC STRAIN STEP = 0.1373E-05   CRITERION = 0.9900    
 *** AUTO TIME STEP:  NEXT TIME INC = 0.51852E-02  DECREASED (FACTOR = 0.6481)

     FORCE CONVERGENCE VALUE  =  0.7817E-05  CRITERION=   3.544    
     DISP CONVERGENCE VALUE   =  0.2804E-07  CRITERION=  0.1319E-02 <<< CONVERGED
    EQUIL ITER   1 COMPLETED.  NEW TRIANG MATRIX.  MAX DOF INC= -0.2804E-07
     FORCE CONVERGENCE VALUE  =  0.3050E-09  CRITERION=   3.616     <<< CONVERGED
    >>> SOLUTION CONVERGED AFTER EQUILIBRIUM ITERATION   1
 *** LOAD STEP    65   SUBSTEP     9  COMPLETED.    CUM ITER =    728
 *** TIME =   1.82948         TIME INC =  0.518519E-02
 *** MAX PLASTIC STRAIN STEP = 0.8899E-06   CRITERION = 0.9900    
 *** AUTO STEP TIME:  NEXT TIME INC = 0.51852E-02  UNCHANGED

     FORCE CONVERGENCE VALUE  =  0.4567E-05  CRITERION=   3.544    
     DISP CONVERGENCE VALUE   =  0.9781E-08  CRITERION=  0.1319E-02 <<< CONVERGED
    EQUIL ITER   1 COMPLETED.  NEW TRIANG MATRIX.  MAX DOF INC=  0.9781E-08
     FORCE CONVERGENCE VALUE  =  0.1520E-09  CRITERION=   3.616     <<< CONVERGED
    >>> SOLUTION CONVERGED AFTER EQUILIBRIUM ITERATION   1
 *** LOAD STEP    65   SUBSTEP    10  COMPLETED.    CUM ITER =    729
 *** TIME =   1.83467         TIME INC =  0.518519E-02
 *** MAX PLASTIC STRAIN STEP = 0.8899E-06   CRITERION = 0.9900    

 *****  ANSYS SOLVE    COMMAND  *****

 *** ANSYS - ENGINEERING ANALYSIS SYSTEM  RELEASE 2022 R1          22.1     ***
 Ansys Mechanical Enterprise                       
 00000000  VERSION=WINDOWS x64   14:38:24  SEP 24, 2024 CP=  47664.625

  Re=1 matmacico=8 E1=1500 pr=%pr% matrev=2 E2=30303.3845 vp=12.5              

 Note - This ANSYS version was linked by Licensee

 SOLUTION MONITORING INFO IS WRITTEN TO FILE= file.mntr                                                                                                                                                                                                                                                           

     FORCE CONVERGENCE VALUE  =  0.6482      CRITERION=   3.544    
     DISP CONVERGENCE VALUE   =  0.3489E-02  CRITERION=  0.1319E-02
    EQUIL ITER   1 COMPLETED.  NEW TRIANG MATRIX.  MAX DOF INC= -0.3489E-02
     FORCE CONVERGENCE VALUE  =  0.1239      CRITERION=   3.616     <<< CONVERGED
     DISP CONVERGENCE VALUE   =  0.5447E-03  CRITERION=  0.1346E-02 <<< CONVERGED
    EQUIL ITER   2 COMPLETED.  NEW TRIANG MATRIX.  MAX DOF INC = -0.5447E-03
    >>> SOLUTION CONVERGED AFTER EQUILIBRIUM ITERATION   2
 *** LOAD STEP    66   SUBSTEP     1  COMPLETED.    CUM ITER =    731
 *** TIME =   1.84267         TIME INC =  0.800000E-02
 *** MAX PLASTIC STRAIN STEP = 0.1945E-01   CRITERION = 0.9900    
 *** AUTO STEP TIME:  NEXT TIME INC = 0.80000E-02  UNCHANGED

     FORCE CONVERGENCE VALUE  =  0.5649      CRITERION=   3.544    
     DISP CONVERGENCE VALUE   =  0.1536E-02  CRITERION=  0.1319E-02
    EQUIL ITER   1 COMPLETED.  NEW TRIANG MATRIX.  MAX DOF INC=  0.1536E-02
     FORCE CONVERGENCE VALUE  =  0.1514      CRITERION=   3.616     <<< CONVERGED
     DISP CONVERGENCE VALUE   =  0.7142E-03  CRITERION=  0.1346E-02 <<< CONVERGED
    EQUIL ITER   2 COMPLETED.  NEW TRIANG MATRIX.  MAX DOF INC =  0.7142E-03
    >>> SOLUTION CONVERGED AFTER EQUILIBRIUM ITERATION   2
 *** LOAD STEP    66   SUBSTEP     2  COMPLETED.    CUM ITER =    733
 *** TIME =   1.85067         TIME INC =  0.800000E-02
 *** MAX PLASTIC STRAIN STEP = 0.1034E-01   CRITERION = 0.9900    

 *****  ANSYS SOLVE    COMMAND  *****

 *** ANSYS - ENGINEERING ANALYSIS SYSTEM  RELEASE 2022 R1          22.1     ***
 Ansys Mechanical Enterprise                       
 00000000  VERSION=WINDOWS x64   14:39:04  SEP 24, 2024 CP=  47947.438

  Re=1 matmacico=8 E1=1500 pr=%pr% matrev=2 E2=30303.3845 vp=12.5              

 Note - This ANSYS version was linked by Licensee

 SOLUTION MONITORING INFO IS WRITTEN TO FILE= file.mntr                                                                                                                                                                                                                                                           

     FORCE CONVERGENCE VALUE  =  0.4235      CRITERION=   3.544    
     DISP CONVERGENCE VALUE   =  0.1546E-02  CRITERION=  0.1319E-02
    EQUIL ITER   1 COMPLETED.  NEW TRIANG MATRIX.  MAX DOF INC= -0.1546E-02
     FORCE CONVERGENCE VALUE  =  0.3182E-01  CRITERION=   3.616     <<< CONVERGED
     DISP CONVERGENCE VALUE   =  0.9186E-04  CRITERION=  0.1346E-02 <<< CONVERGED
    EQUIL ITER   2 COMPLETED.  NEW TRIANG MATRIX.  MAX DOF INC = -0.9186E-04
    >>> SOLUTION CONVERGED AFTER EQUILIBRIUM ITERATION   2
 *** LOAD STEP    67   SUBSTEP     1  COMPLETED.    CUM ITER =    735
 *** TIME =   1.85867         TIME INC =  0.800000E-02
 *** MAX PLASTIC STRAIN STEP = 0.3903E-02   CRITERION = 0.9900    
 *** AUTO STEP TIME:  NEXT TIME INC = 0.80000E-02  UNCHANGED

     FORCE CONVERGENCE VALUE  =  0.4050      CRITERION=   3.544    
     DISP CONVERGENCE VALUE   =  0.1433E-02  CRITERION=  0.1319E-02
    EQUIL ITER   1 COMPLETED.  NEW TRIANG MATRIX.  MAX DOF INC=  0.1433E-02
     FORCE CONVERGENCE VALUE  =  0.4704E-01  CRITERION=   3.616     <<< CONVERGED
     DISP CONVERGENCE VALUE   =  0.1271E-03  CRITERION=  0.1346E-02 <<< CONVERGED
    EQUIL ITER   2 COMPLETED.  NEW TRIANG MATRIX.  MAX DOF INC =  0.1271E-03
    >>> SOLUTION CONVERGED AFTER EQUILIBRIUM ITERATION   2
 *** LOAD STEP    67   SUBSTEP     2  COMPLETED.    CUM ITER =    737
 *** TIME =   1.86667         TIME INC =  0.800000E-02
 *** MAX PLASTIC STRAIN STEP = 0.2223E-03   CRITERION = 0.9900    

 *****  ANSYS SOLVE    COMMAND  *****

 *** ANSYS - ENGINEERING ANALYSIS SYSTEM  RELEASE 2022 R1          22.1     ***
 Ansys Mechanical Enterprise                       
 00000000  VERSION=WINDOWS x64   14:39:44  SEP 24, 2024 CP=  48225.812

  Re=1 matmacico=8 E1=1500 pr=%pr% matrev=2 E2=30303.3845 vp=12.5              

 Note - This ANSYS version was linked by Licensee

 SOLUTION MONITORING INFO IS WRITTEN TO FILE= file.mntr                                                                                                                                                                                                                                                           

     FORCE CONVERGENCE VALUE  =   1.429      CRITERION=   3.544    
     DISP CONVERGENCE VALUE   =  0.5034E-02  CRITERION=  0.1319E-02
    EQUIL ITER   1 COMPLETED.  NEW TRIANG MATRIX.  MAX DOF INC=  0.5034E-02
     FORCE CONVERGENCE VALUE  =  0.6018      CRITERION=   3.616     <<< CONVERGED
     DISP CONVERGENCE VALUE   =  0.1907E-02  CRITERION=  0.1346E-02
    EQUIL ITER   2 COMPLETED.  NEW TRIANG MATRIX.  MAX DOF INC=  0.1907E-02
     FORCE CONVERGENCE VALUE  =  0.3257      CRITERION=   3.690     <<< CONVERGED
     DISP CONVERGENCE VALUE   =  0.1085E-02  CRITERION=  0.1374E-02 <<< CONVERGED
    EQUIL ITER   3 COMPLETED.  NEW TRIANG MATRIX.  MAX DOF INC =  0.1085E-02
    >>> SOLUTION CONVERGED AFTER EQUILIBRIUM ITERATION   3
 *** LOAD STEP    68   SUBSTEP     1  COMPLETED.    CUM ITER =    740
 *** TIME =   1.88000         TIME INC =  0.133333E-01
 *** MAX PLASTIC STRAIN STEP = 0.2657E-01   CRITERION = 0.9900    
 *** AUTO STEP TIME:  NEXT TIME INC = 0.13333E-01  UNCHANGED

     FORCE CONVERGENCE VALUE  =   1.008      CRITERION=   3.544    
     DISP CONVERGENCE VALUE   =  0.1895E-02  CRITERION=  0.1319E-02
    EQUIL ITER   1 COMPLETED.  NEW TRIANG MATRIX.  MAX DOF INC= -0.1895E-02
     FORCE CONVERGENCE VALUE  =  0.4170      CRITERION=   3.616     <<< CONVERGED
     DISP CONVERGENCE VALUE   =  0.1402E-02  CRITERION=  0.1346E-02
    EQUIL ITER   2 COMPLETED.  NEW TRIANG MATRIX.  MAX DOF INC= -0.1402E-02
     FORCE CONVERGENCE VALUE  =  0.2573      CRITERION=   3.690     <<< CONVERGED
     DISP CONVERGENCE VALUE   =  0.9470E-03  CRITERION=  0.1374E-02 <<< CONVERGED
    EQUIL ITER   3 COMPLETED.  NEW TRIANG MATRIX.  MAX DOF INC = -0.9470E-03
    >>> SOLUTION CONVERGED AFTER EQUILIBRIUM ITERATION   3
 *** LOAD STEP    68   SUBSTEP     2  COMPLETED.    CUM ITER =    743
 *** TIME =   1.89333         TIME INC =  0.133333E-01
 *** MAX PLASTIC STRAIN STEP = 0.1424E-01   CRITERION = 0.9900    

 *****  ANSYS SOLVE    COMMAND  *****

 *** ANSYS - ENGINEERING ANALYSIS SYSTEM  RELEASE 2022 R1          22.1     ***
 Ansys Mechanical Enterprise                       
 00000000  VERSION=WINDOWS x64   14:40:40  SEP 24, 2024 CP=  48631.844

  Re=1 matmacico=8 E1=1500 pr=%pr% matrev=2 E2=30303.3845 vp=12.5              

 Note - This ANSYS version was linked by Licensee

 SOLUTION MONITORING INFO IS WRITTEN TO FILE= file.mntr                                                                                                                                                                                                                                                           

     FORCE CONVERGENCE VALUE  =   1.463      CRITERION=   3.544    
     DISP CONVERGENCE VALUE   =  0.4759E-02  CRITERION=  0.1319E-02
    EQUIL ITER   1 COMPLETED.  NEW TRIANG MATRIX.  MAX DOF INC=  0.4759E-02
     FORCE CONVERGENCE VALUE  =  0.5935      CRITERION=   3.616     <<< CONVERGED
     DISP CONVERGENCE VALUE   =  0.1894E-02  CRITERION=  0.1346E-02
    EQUIL ITER   2 COMPLETED.  NEW TRIANG MATRIX.  MAX DOF INC=  0.1894E-02
     FORCE CONVERGENCE VALUE  =  0.3274      CRITERION=   3.690     <<< CONVERGED
     DISP CONVERGENCE VALUE   =  0.1077E-02  CRITERION=  0.1374E-02 <<< CONVERGED
    EQUIL ITER   3 COMPLETED.  NEW TRIANG MATRIX.  MAX DOF INC =  0.1077E-02
    >>> SOLUTION CONVERGED AFTER EQUILIBRIUM ITERATION   3
 *** LOAD STEP    69   SUBSTEP     1  COMPLETED.    CUM ITER =    746
 *** TIME =   1.90667         TIME INC =  0.133333E-01
 *** MAX PLASTIC STRAIN STEP = 0.2928E-01   CRITERION = 0.9900    
 *** AUTO STEP TIME:  NEXT TIME INC = 0.13333E-01  UNCHANGED

     FORCE CONVERGENCE VALUE  =   1.014      CRITERION=   3.544    
     DISP CONVERGENCE VALUE   =  0.1716E-02  CRITERION=  0.1319E-02
    EQUIL ITER   1 COMPLETED.  NEW TRIANG MATRIX.  MAX DOF INC= -0.1716E-02
     FORCE CONVERGENCE VALUE  =  0.4416      CRITERION=   3.616     <<< CONVERGED
     DISP CONVERGENCE VALUE   =  0.1363E-02  CRITERION=  0.1346E-02
    EQUIL ITER   2 COMPLETED.  NEW TRIANG MATRIX.  MAX DOF INC= -0.1363E-02
     FORCE CONVERGENCE VALUE  =  0.2633      CRITERION=   3.690     <<< CONVERGED
     DISP CONVERGENCE VALUE   =  0.9141E-03  CRITERION=  0.1374E-02 <<< CONVERGED
    EQUIL ITER   3 COMPLETED.  NEW TRIANG MATRIX.  MAX DOF INC = -0.9141E-03
    >>> SOLUTION CONVERGED AFTER EQUILIBRIUM ITERATION   3
 *** LOAD STEP    69   SUBSTEP     2  COMPLETED.    CUM ITER =    749
 *** TIME =   1.92000         TIME INC =  0.133333E-01
 *** MAX PLASTIC STRAIN STEP = 0.1515E-01   CRITERION = 0.9900    

 *****  ANSYS SOLVE    COMMAND  *****

 *** ANSYS - ENGINEERING ANALYSIS SYSTEM  RELEASE 2022 R1          22.1     ***
 Ansys Mechanical Enterprise                       
 00000000  VERSION=WINDOWS x64   14:41:36  SEP 24, 2024 CP=  49036.125

  Re=1 matmacico=8 E1=1500 pr=%pr% matrev=2 E2=30303.3845 vp=12.5              

 Note - This ANSYS version was linked by Licensee

 SOLUTION MONITORING INFO IS WRITTEN TO FILE= file.mntr                                                                                                                                                                                                                                                           

     FORCE CONVERGENCE VALUE  =   1.461      CRITERION=   3.544    
     DISP CONVERGENCE VALUE   =  0.4766E-02  CRITERION=  0.1319E-02
    EQUIL ITER   1 COMPLETED.  NEW TRIANG MATRIX.  MAX DOF INC=  0.4766E-02
     FORCE CONVERGENCE VALUE  =  0.5933      CRITERION=   3.616     <<< CONVERGED
     DISP CONVERGENCE VALUE   =  0.1892E-02  CRITERION=  0.1346E-02
    EQUIL ITER   2 COMPLETED.  NEW TRIANG MATRIX.  MAX DOF INC=  0.1892E-02
     FORCE CONVERGENCE VALUE  =  0.3270      CRITERION=   3.690     <<< CONVERGED
     DISP CONVERGENCE VALUE   =  0.1076E-02  CRITERION=  0.1374E-02 <<< CONVERGED
    EQUIL ITER   3 COMPLETED.  NEW TRIANG MATRIX.  MAX DOF INC =  0.1076E-02
    >>> SOLUTION CONVERGED AFTER EQUILIBRIUM ITERATION   3
 *** LOAD STEP    70   SUBSTEP     1  COMPLETED.    CUM ITER =    752
 *** TIME =   1.93333         TIME INC =  0.133333E-01
 *** MAX PLASTIC STRAIN STEP = 0.2910E-01   CRITERION = 0.9900    
 *** AUTO STEP TIME:  NEXT TIME INC = 0.13333E-01  UNCHANGED

     FORCE CONVERGENCE VALUE  =   1.010      CRITERION=   3.544    
     DISP CONVERGENCE VALUE   =  0.1731E-02  CRITERION=  0.1319E-02
    EQUIL ITER   1 COMPLETED.  NEW TRIANG MATRIX.  MAX DOF INC= -0.1731E-02
     FORCE CONVERGENCE VALUE  =  0.4417      CRITERION=   3.616     <<< CONVERGED
     DISP CONVERGENCE VALUE   =  0.1364E-02  CRITERION=  0.1346E-02
    EQUIL ITER   2 COMPLETED.  NEW TRIANG MATRIX.  MAX DOF INC= -0.1364E-02
     FORCE CONVERGENCE VALUE  =  0.2627      CRITERION=   3.690     <<< CONVERGED
     DISP CONVERGENCE VALUE   =  0.9109E-03  CRITERION=  0.1374E-02 <<< CONVERGED
    EQUIL ITER   3 COMPLETED.  NEW TRIANG MATRIX.  MAX DOF INC = -0.9109E-03
    >>> SOLUTION CONVERGED AFTER EQUILIBRIUM ITERATION   3
 *** LOAD STEP    70   SUBSTEP     2  COMPLETED.    CUM ITER =    755
 *** TIME =   1.94667         TIME INC =  0.133333E-01
 *** MAX PLASTIC STRAIN STEP = 0.1511E-01   CRITERION = 0.9900    

 *****  ANSYS SOLVE    COMMAND  *****

 *** ANSYS - ENGINEERING ANALYSIS SYSTEM  RELEASE 2022 R1          22.1     ***
 Ansys Mechanical Enterprise                       
 00000000  VERSION=WINDOWS x64   14:42:33  SEP 24, 2024 CP=  49445.047

  Re=1 matmacico=8 E1=1500 pr=%pr% matrev=2 E2=30303.3845 vp=12.5              

 Note - This ANSYS version was linked by Licensee

 SOLUTION MONITORING INFO IS WRITTEN TO FILE= file.mntr                                                                                                                                                                                                                                                           

     FORCE CONVERGENCE VALUE  =   1.459      CRITERION=   3.544    
     DISP CONVERGENCE VALUE   =  0.4764E-02  CRITERION=  0.1319E-02
    EQUIL ITER   1 COMPLETED.  NEW TRIANG MATRIX.  MAX DOF INC=  0.4764E-02
     FORCE CONVERGENCE VALUE  =  0.5930      CRITERION=   3.616     <<< CONVERGED
     DISP CONVERGENCE VALUE   =  0.1888E-02  CRITERION=  0.1346E-02
    EQUIL ITER   2 COMPLETED.  NEW TRIANG MATRIX.  MAX DOF INC=  0.1888E-02
     FORCE CONVERGENCE VALUE  =  0.3265      CRITERION=   3.690     <<< CONVERGED
     DISP CONVERGENCE VALUE   =  0.1073E-02  CRITERION=  0.1374E-02 <<< CONVERGED
    EQUIL ITER   3 COMPLETED.  NEW TRIANG MATRIX.  MAX DOF INC =  0.1073E-02
    >>> SOLUTION CONVERGED AFTER EQUILIBRIUM ITERATION   3
 *** LOAD STEP    71   SUBSTEP     1  COMPLETED.    CUM ITER =    758
 *** TIME =   1.96000         TIME INC =  0.133333E-01
 *** MAX PLASTIC STRAIN STEP = 0.2908E-01   CRITERION = 0.9900    
 *** AUTO STEP TIME:  NEXT TIME INC = 0.13333E-01  UNCHANGED

     FORCE CONVERGENCE VALUE  =   1.008      CRITERION=   3.544    
     DISP CONVERGENCE VALUE   =  0.1733E-02  CRITERION=  0.1319E-02
    EQUIL ITER   1 COMPLETED.  NEW TRIANG MATRIX.  MAX DOF INC= -0.1733E-02
     FORCE CONVERGENCE VALUE  =  0.4420      CRITERION=   3.616     <<< CONVERGED
     DISP CONVERGENCE VALUE   =  0.1364E-02  CRITERION=  0.1346E-02
    EQUIL ITER   2 COMPLETED.  NEW TRIANG MATRIX.  MAX DOF INC= -0.1364E-02
     FORCE CONVERGENCE VALUE  =  0.2625      CRITERION=   3.690     <<< CONVERGED
     DISP CONVERGENCE VALUE   =  0.9104E-03  CRITERION=  0.1374E-02 <<< CONVERGED
    EQUIL ITER   3 COMPLETED.  NEW TRIANG MATRIX.  MAX DOF INC = -0.9104E-03
    >>> SOLUTION CONVERGED AFTER EQUILIBRIUM ITERATION   3
 *** LOAD STEP    71   SUBSTEP     2  COMPLETED.    CUM ITER =    761
 *** TIME =   1.97333         TIME INC =  0.133333E-01
 *** MAX PLASTIC STRAIN STEP = 0.1511E-01   CRITERION = 0.9900    

 *****  ANSYS SOLVE    COMMAND  *****

 *** ANSYS - ENGINEERING ANALYSIS SYSTEM  RELEASE 2022 R1          22.1     ***
 Ansys Mechanical Enterprise                       
 00000000  VERSION=WINDOWS x64   14:43:29  SEP 24, 2024 CP=  49851.703

  Re=1 matmacico=8 E1=1500 pr=%pr% matrev=2 E2=30303.3845 vp=12.5              

 Note - This ANSYS version was linked by Licensee

 SOLUTION MONITORING INFO IS WRITTEN TO FILE= file.mntr                                                                                                                                                                                                                                                           

     FORCE CONVERGENCE VALUE  =   1.460      CRITERION=   3.544    
     DISP CONVERGENCE VALUE   =  0.4764E-02  CRITERION=  0.1319E-02
    EQUIL ITER   1 COMPLETED.  NEW TRIANG MATRIX.  MAX DOF INC=  0.4764E-02
     FORCE CONVERGENCE VALUE  =  0.5926      CRITERION=   3.616     <<< CONVERGED
     DISP CONVERGENCE VALUE   =  0.1887E-02  CRITERION=  0.1346E-02
    EQUIL ITER   2 COMPLETED.  NEW TRIANG MATRIX.  MAX DOF INC=  0.1887E-02
     FORCE CONVERGENCE VALUE  =  0.3264      CRITERION=   3.690     <<< CONVERGED
     DISP CONVERGENCE VALUE   =  0.1073E-02  CRITERION=  0.1374E-02 <<< CONVERGED
    EQUIL ITER   3 COMPLETED.  NEW TRIANG MATRIX.  MAX DOF INC =  0.1073E-02
    >>> SOLUTION CONVERGED AFTER EQUILIBRIUM ITERATION   3
 *** LOAD STEP    72   SUBSTEP     1  COMPLETED.    CUM ITER =    764
 *** TIME =   1.98667         TIME INC =  0.133333E-01
 *** MAX PLASTIC STRAIN STEP = 0.2910E-01   CRITERION = 0.9900    
 *** AUTO STEP TIME:  NEXT TIME INC = 0.13333E-01  UNCHANGED

     FORCE CONVERGENCE VALUE  =   1.008      CRITERION=   3.544    
     DISP CONVERGENCE VALUE   =  0.1735E-02  CRITERION=  0.1319E-02
    EQUIL ITER   1 COMPLETED.  NEW TRIANG MATRIX.  MAX DOF INC= -0.1735E-02
     FORCE CONVERGENCE VALUE  =  0.4421      CRITERION=   3.617     <<< CONVERGED
     DISP CONVERGENCE VALUE   =  0.1365E-02  CRITERION=  0.1346E-02
    EQUIL ITER   2 COMPLETED.  NEW TRIANG MATRIX.  MAX DOF INC= -0.1365E-02
     FORCE CONVERGENCE VALUE  =  0.2625      CRITERION=   3.690     <<< CONVERGED
     DISP CONVERGENCE VALUE   =  0.9099E-03  CRITERION=  0.1374E-02 <<< CONVERGED
    EQUIL ITER   3 COMPLETED.  NEW TRIANG MATRIX.  MAX DOF INC = -0.9099E-03
    >>> SOLUTION CONVERGED AFTER EQUILIBRIUM ITERATION   3
 *** LOAD STEP    72   SUBSTEP     2  COMPLETED.    CUM ITER =    767
 *** TIME =   2.00000         TIME INC =  0.133333E-01
 *** MAX PLASTIC STRAIN STEP = 0.1511E-01   CRITERION = 0.9900    

 *****  ANSYS SOLVE    COMMAND  *****

 *** ANSYS - ENGINEERING ANALYSIS SYSTEM  RELEASE 2022 R1          22.1     ***
 Ansys Mechanical Enterprise                       
 00000000  VERSION=WINDOWS x64   14:44:25  SEP 24, 2024 CP=  50253.188

  Re=1 matmacico=8 E1=1500 pr=%pr% matrev=2 E2=30303.3845 vp=12.5              

 Note - This ANSYS version was linked by Licensee

 SOLUTION MONITORING INFO IS WRITTEN TO FILE= file.mntr                                                                                                                                                                                                                                                           

     FORCE CONVERGENCE VALUE  =   1.460      CRITERION=   3.544    
     DISP CONVERGENCE VALUE   =  0.4763E-02  CRITERION=  0.1319E-02
    EQUIL ITER   1 COMPLETED.  NEW TRIANG MATRIX.  MAX DOF INC=  0.4763E-02
     FORCE CONVERGENCE VALUE  =  0.5927      CRITERION=   3.617     <<< CONVERGED
     DISP CONVERGENCE VALUE   =  0.1887E-02  CRITERION=  0.1346E-02
    EQUIL ITER   2 COMPLETED.  NEW TRIANG MATRIX.  MAX DOF INC=  0.1887E-02
     FORCE CONVERGENCE VALUE  =  0.3263      CRITERION=   3.690     <<< CONVERGED
     DISP CONVERGENCE VALUE   =  0.1072E-02  CRITERION=  0.1374E-02 <<< CONVERGED
    EQUIL ITER   3 COMPLETED.  NEW TRIANG MATRIX.  MAX DOF INC =  0.1072E-02
    >>> SOLUTION CONVERGED AFTER EQUILIBRIUM ITERATION   3
 *** LOAD STEP    73   SUBSTEP     1  COMPLETED.    CUM ITER =    770
 *** TIME =   2.01333         TIME INC =  0.133333E-01
 *** MAX PLASTIC STRAIN STEP = 0.2909E-01   CRITERION = 0.9900    
 *** AUTO STEP TIME:  NEXT TIME INC = 0.13333E-01  UNCHANGED

     FORCE CONVERGENCE VALUE  =   1.008      CRITERION=   3.544    
     DISP CONVERGENCE VALUE   =  0.1734E-02  CRITERION=  0.1319E-02
    EQUIL ITER   1 COMPLETED.  NEW TRIANG MATRIX.  MAX DOF INC= -0.1734E-02
     FORCE CONVERGENCE VALUE  =  0.4421      CRITERION=   3.617     <<< CONVERGED
     DISP CONVERGENCE VALUE   =  0.1365E-02  CRITERION=  0.1346E-02
    EQUIL ITER   2 COMPLETED.  NEW TRIANG MATRIX.  MAX DOF INC= -0.1365E-02
     FORCE CONVERGENCE VALUE  =  0.2625      CRITERION=   3.690     <<< CONVERGED
     DISP CONVERGENCE VALUE   =  0.9101E-03  CRITERION=  0.1374E-02 <<< CONVERGED
    EQUIL ITER   3 COMPLETED.  NEW TRIANG MATRIX.  MAX DOF INC = -0.9101E-03
    >>> SOLUTION CONVERGED AFTER EQUILIBRIUM ITERATION   3
 *** LOAD STEP    73   SUBSTEP     2  COMPLETED.    CUM ITER =    773
 *** TIME =   2.02667         TIME INC =  0.133333E-01
 *** MAX PLASTIC STRAIN STEP = 0.1511E-01   CRITERION = 0.9900    

 *****  ANSYS SOLVE    COMMAND  *****

 *** ANSYS - ENGINEERING ANALYSIS SYSTEM  RELEASE 2022 R1          22.1     ***
 Ansys Mechanical Enterprise                       
 00000000  VERSION=WINDOWS x64   14:45:21  SEP 24, 2024 CP=  50656.469

  Re=1 matmacico=8 E1=1500 pr=%pr% matrev=2 E2=30303.3845 vp=12.5              

 Note - This ANSYS version was linked by Licensee

 SOLUTION MONITORING INFO IS WRITTEN TO FILE= file.mntr                                                                                                                                                                                                                                                           

     FORCE CONVERGENCE VALUE  =   1.459      CRITERION=   3.544    
     DISP CONVERGENCE VALUE   =  0.4762E-02  CRITERION=  0.1319E-02
    EQUIL ITER   1 COMPLETED.  NEW TRIANG MATRIX.  MAX DOF INC=  0.4762E-02
     FORCE CONVERGENCE VALUE  =  0.5925      CRITERION=   3.617     <<< CONVERGED
     DISP CONVERGENCE VALUE   =  0.1886E-02  CRITERION=  0.1346E-02
    EQUIL ITER   2 COMPLETED.  NEW TRIANG MATRIX.  MAX DOF INC=  0.1886E-02
     FORCE CONVERGENCE VALUE  =  0.3263      CRITERION=   3.691     <<< CONVERGED
     DISP CONVERGENCE VALUE   =  0.1072E-02  CRITERION=  0.1374E-02 <<< CONVERGED
    EQUIL ITER   3 COMPLETED.  NEW TRIANG MATRIX.  MAX DOF INC =  0.1072E-02
    >>> SOLUTION CONVERGED AFTER EQUILIBRIUM ITERATION   3
 *** LOAD STEP    74   SUBSTEP     1  COMPLETED.    CUM ITER =    776
 *** TIME =   2.04000         TIME INC =  0.133333E-01
 *** MAX PLASTIC STRAIN STEP = 0.2910E-01   CRITERION = 0.9900    
 *** AUTO STEP TIME:  NEXT TIME INC = 0.13333E-01  UNCHANGED

     FORCE CONVERGENCE VALUE  =   1.008      CRITERION=   3.544    
     DISP CONVERGENCE VALUE   =  0.1735E-02  CRITERION=  0.1319E-02
    EQUIL ITER   1 COMPLETED.  NEW TRIANG MATRIX.  MAX DOF INC= -0.1735E-02
     FORCE CONVERGENCE VALUE  =  0.4421      CRITERION=   3.617     <<< CONVERGED
     DISP CONVERGENCE VALUE   =  0.1365E-02  CRITERION=  0.1346E-02
    EQUIL ITER   2 COMPLETED.  NEW TRIANG MATRIX.  MAX DOF INC= -0.1365E-02
     FORCE CONVERGENCE VALUE  =  0.2625      CRITERION=   3.691     <<< CONVERGED
     DISP CONVERGENCE VALUE   =  0.9099E-03  CRITERION=  0.1374E-02 <<< CONVERGED
    EQUIL ITER   3 COMPLETED.  NEW TRIANG MATRIX.  MAX DOF INC = -0.9099E-03
    >>> SOLUTION CONVERGED AFTER EQUILIBRIUM ITERATION   3
 *** LOAD STEP    74   SUBSTEP     2  COMPLETED.    CUM ITER =    779
 *** TIME =   2.05333         TIME INC =  0.133333E-01
 *** MAX PLASTIC STRAIN STEP = 0.1511E-01   CRITERION = 0.9900    

 *****  ANSYS SOLVE    COMMAND  *****

 *** ANSYS - ENGINEERING ANALYSIS SYSTEM  RELEASE 2022 R1          22.1     ***
 Ansys Mechanical Enterprise                       
 00000000  VERSION=WINDOWS x64   14:46:17  SEP 24, 2024 CP=  51061.125

  Re=1 matmacico=8 E1=1500 pr=%pr% matrev=2 E2=30303.3845 vp=12.5              

 Note - This ANSYS version was linked by Licensee

 SOLUTION MONITORING INFO IS WRITTEN TO FILE= file.mntr                                                                                                                                                                                                                                                           

     FORCE CONVERGENCE VALUE  =   1.459      CRITERION=   3.544    
     DISP CONVERGENCE VALUE   =  0.4761E-02  CRITERION=  0.1319E-02
    EQUIL ITER   1 COMPLETED.  NEW TRIANG MATRIX.  MAX DOF INC=  0.4761E-02
     FORCE CONVERGENCE VALUE  =  0.5927      CRITERION=   3.617     <<< CONVERGED
     DISP CONVERGENCE VALUE   =  0.1886E-02  CRITERION=  0.1346E-02
    EQUIL ITER   2 COMPLETED.  NEW TRIANG MATRIX.  MAX DOF INC=  0.1886E-02
     FORCE CONVERGENCE VALUE  =  0.3263      CRITERION=   3.691     <<< CONVERGED
     DISP CONVERGENCE VALUE   =  0.1072E-02  CRITERION=  0.1374E-02 <<< CONVERGED
    EQUIL ITER   3 COMPLETED.  NEW TRIANG MATRIX.  MAX DOF INC =  0.1072E-02
    >>> SOLUTION CONVERGED AFTER EQUILIBRIUM ITERATION   3
 *** LOAD STEP    75   SUBSTEP     1  COMPLETED.    CUM ITER =    782
 *** TIME =   2.06667         TIME INC =  0.133333E-01
 *** MAX PLASTIC STRAIN STEP = 0.2909E-01   CRITERION = 0.9900    
 *** AUTO STEP TIME:  NEXT TIME INC = 0.13333E-01  UNCHANGED

     FORCE CONVERGENCE VALUE  =   1.008      CRITERION=   3.545    
     DISP CONVERGENCE VALUE   =  0.1734E-02  CRITERION=  0.1319E-02
    EQUIL ITER   1 COMPLETED.  NEW TRIANG MATRIX.  MAX DOF INC= -0.1734E-02
     FORCE CONVERGENCE VALUE  =  0.4422      CRITERION=   3.617     <<< CONVERGED
     DISP CONVERGENCE VALUE   =  0.1365E-02  CRITERION=  0.1346E-02
    EQUIL ITER   2 COMPLETED.  NEW TRIANG MATRIX.  MAX DOF INC= -0.1365E-02
     FORCE CONVERGENCE VALUE  =  0.2625      CRITERION=   3.691     <<< CONVERGED
     DISP CONVERGENCE VALUE   =  0.9099E-03  CRITERION=  0.1374E-02 <<< CONVERGED
    EQUIL ITER   3 COMPLETED.  NEW TRIANG MATRIX.  MAX DOF INC = -0.9099E-03
    >>> SOLUTION CONVERGED AFTER EQUILIBRIUM ITERATION   3
 *** LOAD STEP    75   SUBSTEP     2  COMPLETED.    CUM ITER =    785
 *** TIME =   2.08000         TIME INC =  0.133333E-01
 *** MAX PLASTIC STRAIN STEP = 0.1511E-01   CRITERION = 0.9900    

 *****  ANSYS SOLVE    COMMAND  *****

 *** ANSYS - ENGINEERING ANALYSIS SYSTEM  RELEASE 2022 R1          22.1     ***
 Ansys Mechanical Enterprise                       
 00000000  VERSION=WINDOWS x64   14:47:14  SEP 24, 2024 CP=  51468.812

  Re=1 matmacico=8 E1=1500 pr=%pr% matrev=2 E2=30303.3845 vp=12.5              

 Note - This ANSYS version was linked by Licensee

 SOLUTION MONITORING INFO IS WRITTEN TO FILE= file.mntr                                                                                                                                                                                                                                                           

     FORCE CONVERGENCE VALUE  =   1.459      CRITERION=   3.545    
     DISP CONVERGENCE VALUE   =  0.4761E-02  CRITERION=  0.1319E-02
    EQUIL ITER   1 COMPLETED.  NEW TRIANG MATRIX.  MAX DOF INC=  0.4761E-02
     FORCE CONVERGENCE VALUE  =  0.5926      CRITERION=   3.617     <<< CONVERGED
     DISP CONVERGENCE VALUE   =  0.1886E-02  CRITERION=  0.1346E-02
    EQUIL ITER   2 COMPLETED.  NEW TRIANG MATRIX.  MAX DOF INC=  0.1886E-02
     FORCE CONVERGENCE VALUE  =  0.3262      CRITERION=   3.691     <<< CONVERGED
     DISP CONVERGENCE VALUE   =  0.1072E-02  CRITERION=  0.1374E-02 <<< CONVERGED
    EQUIL ITER   3 COMPLETED.  NEW TRIANG MATRIX.  MAX DOF INC =  0.1072E-02
    >>> SOLUTION CONVERGED AFTER EQUILIBRIUM ITERATION   3
 *** LOAD STEP    76   SUBSTEP     1  COMPLETED.    CUM ITER =    788
 *** TIME =   2.09333         TIME INC =  0.133333E-01
 *** MAX PLASTIC STRAIN STEP = 0.2909E-01   CRITERION = 0.9900    
 *** AUTO STEP TIME:  NEXT TIME INC = 0.13333E-01  UNCHANGED

     FORCE CONVERGENCE VALUE  =   1.008      CRITERION=   3.545    
     DISP CONVERGENCE VALUE   =  0.1735E-02  CRITERION=  0.1319E-02
    EQUIL ITER   1 COMPLETED.  NEW TRIANG MATRIX.  MAX DOF INC= -0.1735E-02
     FORCE CONVERGENCE VALUE  =  0.4422      CRITERION=   3.617     <<< CONVERGED
     DISP CONVERGENCE VALUE   =  0.1365E-02  CRITERION=  0.1346E-02
    EQUIL ITER   2 COMPLETED.  NEW TRIANG MATRIX.  MAX DOF INC= -0.1365E-02
     FORCE CONVERGENCE VALUE  =  0.2625      CRITERION=   3.691     <<< CONVERGED
     DISP CONVERGENCE VALUE   =  0.9098E-03  CRITERION=  0.1374E-02 <<< CONVERGED
    EQUIL ITER   3 COMPLETED.  NEW TRIANG MATRIX.  MAX DOF INC = -0.9098E-03
    >>> SOLUTION CONVERGED AFTER EQUILIBRIUM ITERATION   3
 *** LOAD STEP    76   SUBSTEP     2  COMPLETED.    CUM ITER =    791
 *** TIME =   2.10667         TIME INC =  0.133333E-01
 *** MAX PLASTIC STRAIN STEP = 0.1511E-01   CRITERION = 0.9900    

 *****  ANSYS SOLVE    COMMAND  *****

 *** ANSYS - ENGINEERING ANALYSIS SYSTEM  RELEASE 2022 R1          22.1     ***
 Ansys Mechanical Enterprise                       
 00000000  VERSION=WINDOWS x64   14:48:10  SEP 24, 2024 CP=  51871.219

  Re=1 matmacico=8 E1=1500 pr=%pr% matrev=2 E2=30303.3845 vp=12.5              

 Note - This ANSYS version was linked by Licensee

 SOLUTION MONITORING INFO IS WRITTEN TO FILE= file.mntr                                                                                                                                                                                                                                                           

     FORCE CONVERGENCE VALUE  =   1.459      CRITERION=   3.545    
     DISP CONVERGENCE VALUE   =  0.4760E-02  CRITERION=  0.1319E-02
    EQUIL ITER   1 COMPLETED.  NEW TRIANG MATRIX.  MAX DOF INC=  0.4760E-02
     FORCE CONVERGENCE VALUE  =  0.5926      CRITERION=   3.617     <<< CONVERGED
     DISP CONVERGENCE VALUE   =  0.1886E-02  CRITERION=  0.1346E-02
    EQUIL ITER   2 COMPLETED.  NEW TRIANG MATRIX.  MAX DOF INC=  0.1886E-02
     FORCE CONVERGENCE VALUE  =  0.3262      CRITERION=   3.691     <<< CONVERGED
     DISP CONVERGENCE VALUE   =  0.1072E-02  CRITERION=  0.1374E-02 <<< CONVERGED
    EQUIL ITER   3 COMPLETED.  NEW TRIANG MATRIX.  MAX DOF INC =  0.1072E-02
    >>> SOLUTION CONVERGED AFTER EQUILIBRIUM ITERATION   3
 *** LOAD STEP    77   SUBSTEP     1  COMPLETED.    CUM ITER =    794
 *** TIME =   2.12000         TIME INC =  0.133333E-01
 *** MAX PLASTIC STRAIN STEP = 0.2909E-01   CRITERION = 0.9900    
 *** AUTO STEP TIME:  NEXT TIME INC = 0.13333E-01  UNCHANGED

     FORCE CONVERGENCE VALUE  =   1.008      CRITERION=   3.545    
     DISP CONVERGENCE VALUE   =  0.1734E-02  CRITERION=  0.1319E-02
    EQUIL ITER   1 COMPLETED.  NEW TRIANG MATRIX.  MAX DOF INC= -0.1734E-02
     FORCE CONVERGENCE VALUE  =  0.4422      CRITERION=   3.617     <<< CONVERGED
     DISP CONVERGENCE VALUE   =  0.1365E-02  CRITERION=  0.1346E-02
    EQUIL ITER   2 COMPLETED.  NEW TRIANG MATRIX.  MAX DOF INC= -0.1365E-02
     FORCE CONVERGENCE VALUE  =  0.2625      CRITERION=   3.691     <<< CONVERGED
     DISP CONVERGENCE VALUE   =  0.9099E-03  CRITERION=  0.1374E-02 <<< CONVERGED
    EQUIL ITER   3 COMPLETED.  NEW TRIANG MATRIX.  MAX DOF INC = -0.9099E-03
    >>> SOLUTION CONVERGED AFTER EQUILIBRIUM ITERATION   3
 *** LOAD STEP    77   SUBSTEP     2  COMPLETED.    CUM ITER =    797
 *** TIME =   2.13333         TIME INC =  0.133333E-01
 *** MAX PLASTIC STRAIN STEP = 0.1511E-01   CRITERION = 0.9900    

 *****  ANSYS SOLVE    COMMAND  *****

 *** ANSYS - ENGINEERING ANALYSIS SYSTEM  RELEASE 2022 R1          22.1     ***
 Ansys Mechanical Enterprise                       
 00000000  VERSION=WINDOWS x64   14:49:06  SEP 24, 2024 CP=  52274.953

  Re=1 matmacico=8 E1=1500 pr=%pr% matrev=2 E2=30303.3845 vp=12.5              

 Note - This ANSYS version was linked by Licensee

 SOLUTION MONITORING INFO IS WRITTEN TO FILE= file.mntr                                                                                                                                                                                                                                                           

     FORCE CONVERGENCE VALUE  =   1.459      CRITERION=   3.545    
     DISP CONVERGENCE VALUE   =  0.4759E-02  CRITERION=  0.1319E-02
    EQUIL ITER   1 COMPLETED.  NEW TRIANG MATRIX.  MAX DOF INC=  0.4759E-02
     FORCE CONVERGENCE VALUE  =  0.5926      CRITERION=   3.617     <<< CONVERGED
     DISP CONVERGENCE VALUE   =  0.1885E-02  CRITERION=  0.1346E-02
    EQUIL ITER   2 COMPLETED.  NEW TRIANG MATRIX.  MAX DOF INC=  0.1885E-02
     FORCE CONVERGENCE VALUE  =  0.3262      CRITERION=   3.691     <<< CONVERGED
     DISP CONVERGENCE VALUE   =  0.1071E-02  CRITERION=  0.1374E-02 <<< CONVERGED
    EQUIL ITER   3 COMPLETED.  NEW TRIANG MATRIX.  MAX DOF INC =  0.1071E-02
    >>> SOLUTION CONVERGED AFTER EQUILIBRIUM ITERATION   3
 *** LOAD STEP    78   SUBSTEP     1  COMPLETED.    CUM ITER =    800
 *** TIME =   2.14667         TIME INC =  0.133333E-01
 *** MAX PLASTIC STRAIN STEP = 0.2909E-01   CRITERION = 0.9900    
 *** AUTO STEP TIME:  NEXT TIME INC = 0.13333E-01  UNCHANGED

     FORCE CONVERGENCE VALUE  =   1.008      CRITERION=   3.545    
     DISP CONVERGENCE VALUE   =  0.1734E-02  CRITERION=  0.1319E-02
    EQUIL ITER   1 COMPLETED.  NEW TRIANG MATRIX.  MAX DOF INC= -0.1734E-02
     FORCE CONVERGENCE VALUE  =  0.4422      CRITERION=   3.617     <<< CONVERGED
     DISP CONVERGENCE VALUE   =  0.1365E-02  CRITERION=  0.1346E-02
    EQUIL ITER   2 COMPLETED.  NEW TRIANG MATRIX.  MAX DOF INC= -0.1365E-02
     FORCE CONVERGENCE VALUE  =  0.2625      CRITERION=   3.691     <<< CONVERGED
     DISP CONVERGENCE VALUE   =  0.9098E-03  CRITERION=  0.1374E-02 <<< CONVERGED
    EQUIL ITER   3 COMPLETED.  NEW TRIANG MATRIX.  MAX DOF INC = -0.9098E-03
    >>> SOLUTION CONVERGED AFTER EQUILIBRIUM ITERATION   3
 *** LOAD STEP    78   SUBSTEP     2  COMPLETED.    CUM ITER =    803
 *** TIME =   2.16000         TIME INC =  0.133333E-01
 *** MAX PLASTIC STRAIN STEP = 0.1511E-01   CRITERION = 0.9900    

 *****  ANSYS SOLVE    COMMAND  *****

 *** ANSYS - ENGINEERING ANALYSIS SYSTEM  RELEASE 2022 R1          22.1     ***
 Ansys Mechanical Enterprise                       
 00000000  VERSION=WINDOWS x64   14:50:03  SEP 24, 2024 CP=  52684.406

  Re=1 matmacico=8 E1=1500 pr=%pr% matrev=2 E2=30303.3845 vp=12.5              

 Note - This ANSYS version was linked by Licensee

 SOLUTION MONITORING INFO IS WRITTEN TO FILE= file.mntr                                                                                                                                                                                                                                                           

     FORCE CONVERGENCE VALUE  =   1.459      CRITERION=   3.545    
     DISP CONVERGENCE VALUE   =  0.4759E-02  CRITERION=  0.1319E-02
    EQUIL ITER   1 COMPLETED.  NEW TRIANG MATRIX.  MAX DOF INC=  0.4759E-02
     FORCE CONVERGENCE VALUE  =  0.5926      CRITERION=   3.617     <<< CONVERGED
     DISP CONVERGENCE VALUE   =  0.1885E-02  CRITERION=  0.1346E-02
    EQUIL ITER   2 COMPLETED.  NEW TRIANG MATRIX.  MAX DOF INC=  0.1885E-02
     FORCE CONVERGENCE VALUE  =  0.3262      CRITERION=   3.691     <<< CONVERGED
     DISP CONVERGENCE VALUE   =  0.1071E-02  CRITERION=  0.1374E-02 <<< CONVERGED
    EQUIL ITER   3 COMPLETED.  NEW TRIANG MATRIX.  MAX DOF INC =  0.1071E-02
    >>> SOLUTION CONVERGED AFTER EQUILIBRIUM ITERATION   3
 *** LOAD STEP    79   SUBSTEP     1  COMPLETED.    CUM ITER =    806
 *** TIME =   2.17333         TIME INC =  0.133333E-01
 *** MAX PLASTIC STRAIN STEP = 0.2909E-01   CRITERION = 0.9900    
 *** AUTO STEP TIME:  NEXT TIME INC = 0.13333E-01  UNCHANGED

     FORCE CONVERGENCE VALUE  =   1.008      CRITERION=   3.545    
     DISP CONVERGENCE VALUE   =  0.1734E-02  CRITERION=  0.1319E-02
    EQUIL ITER   1 COMPLETED.  NEW TRIANG MATRIX.  MAX DOF INC= -0.1734E-02
     FORCE CONVERGENCE VALUE  =  0.4422      CRITERION=   3.617     <<< CONVERGED
     DISP CONVERGENCE VALUE   =  0.1365E-02  CRITERION=  0.1346E-02
    EQUIL ITER   2 COMPLETED.  NEW TRIANG MATRIX.  MAX DOF INC= -0.1365E-02
     FORCE CONVERGENCE VALUE  =  0.2625      CRITERION=   3.691     <<< CONVERGED
     DISP CONVERGENCE VALUE   =  0.9098E-03  CRITERION=  0.1374E-02 <<< CONVERGED
    EQUIL ITER   3 COMPLETED.  NEW TRIANG MATRIX.  MAX DOF INC = -0.9098E-03
    >>> SOLUTION CONVERGED AFTER EQUILIBRIUM ITERATION   3
 *** LOAD STEP    79   SUBSTEP     2  COMPLETED.    CUM ITER =    809
 *** TIME =   2.18667         TIME INC =  0.133333E-01
 *** MAX PLASTIC STRAIN STEP = 0.1511E-01   CRITERION = 0.9900    

 *****  ANSYS SOLVE    COMMAND  *****

 *** ANSYS - ENGINEERING ANALYSIS SYSTEM  RELEASE 2022 R1          22.1     ***
 Ansys Mechanical Enterprise                       
 00000000  VERSION=WINDOWS x64   14:50:58  SEP 24, 2024 CP=  53087.312

  Re=1 matmacico=8 E1=1500 pr=%pr% matrev=2 E2=30303.3845 vp=12.5              

 Note - This ANSYS version was linked by Licensee

 SOLUTION MONITORING INFO IS WRITTEN TO FILE= file.mntr                                                                                                                                                                                                                                                           

     FORCE CONVERGENCE VALUE  =   1.459      CRITERION=   3.545    
     DISP CONVERGENCE VALUE   =  0.4759E-02  CRITERION=  0.1319E-02
    EQUIL ITER   1 COMPLETED.  NEW TRIANG MATRIX.  MAX DOF INC=  0.4759E-02
     FORCE CONVERGENCE VALUE  =  0.5926      CRITERION=   3.617     <<< CONVERGED
     DISP CONVERGENCE VALUE   =  0.1885E-02  CRITERION=  0.1346E-02
    EQUIL ITER   2 COMPLETED.  NEW TRIANG MATRIX.  MAX DOF INC=  0.1885E-02
     FORCE CONVERGENCE VALUE  =  0.3262      CRITERION=   3.691     <<< CONVERGED
     DISP CONVERGENCE VALUE   =  0.1071E-02  CRITERION=  0.1374E-02 <<< CONVERGED
    EQUIL ITER   3 COMPLETED.  NEW TRIANG MATRIX.  MAX DOF INC =  0.1071E-02
    >>> SOLUTION CONVERGED AFTER EQUILIBRIUM ITERATION   3
 *** LOAD STEP    80   SUBSTEP     1  COMPLETED.    CUM ITER =    812
 *** TIME =   2.20000         TIME INC =  0.133333E-01
 *** MAX PLASTIC STRAIN STEP = 0.2909E-01   CRITERION = 0.9900    
 *** AUTO STEP TIME:  NEXT TIME INC = 0.13333E-01  UNCHANGED

     FORCE CONVERGENCE VALUE  =   1.008      CRITERION=   3.545    
     DISP CONVERGENCE VALUE   =  0.1734E-02  CRITERION=  0.1319E-02
    EQUIL ITER   1 COMPLETED.  NEW TRIANG MATRIX.  MAX DOF INC= -0.1734E-02
     FORCE CONVERGENCE VALUE  =  0.4422      CRITERION=   3.617     <<< CONVERGED
     DISP CONVERGENCE VALUE   =  0.1365E-02  CRITERION=  0.1346E-02
    EQUIL ITER   2 COMPLETED.  NEW TRIANG MATRIX.  MAX DOF INC= -0.1365E-02
     FORCE CONVERGENCE VALUE  =  0.2625      CRITERION=   3.691     <<< CONVERGED
     DISP CONVERGENCE VALUE   =  0.9098E-03  CRITERION=  0.1374E-02 <<< CONVERGED
    EQUIL ITER   3 COMPLETED.  NEW TRIANG MATRIX.  MAX DOF INC = -0.9098E-03
    >>> SOLUTION CONVERGED AFTER EQUILIBRIUM ITERATION   3
 *** LOAD STEP    80   SUBSTEP     2  COMPLETED.    CUM ITER =    815
 *** TIME =   2.21333         TIME INC =  0.133333E-01
 *** MAX PLASTIC STRAIN STEP = 0.1511E-01   CRITERION = 0.9900    

 *****  ANSYS SOLVE    COMMAND  *****

 *** ANSYS - ENGINEERING ANALYSIS SYSTEM  RELEASE 2022 R1          22.1     ***
 Ansys Mechanical Enterprise                       
 00000000  VERSION=WINDOWS x64   14:51:55  SEP 24, 2024 CP=  53492.703

  Re=1 matmacico=8 E1=1500 pr=%pr% matrev=2 E2=30303.3845 vp=12.5              

 Note - This ANSYS version was linked by Licensee

 SOLUTION MONITORING INFO IS WRITTEN TO FILE= file.mntr                                                                                                                                                                                                                                                           

     FORCE CONVERGENCE VALUE  =   1.459      CRITERION=   3.545    
     DISP CONVERGENCE VALUE   =  0.4758E-02  CRITERION=  0.1319E-02
    EQUIL ITER   1 COMPLETED.  NEW TRIANG MATRIX.  MAX DOF INC=  0.4758E-02
     FORCE CONVERGENCE VALUE  =  0.5926      CRITERION=   3.618     <<< CONVERGED
     DISP CONVERGENCE VALUE   =  0.1885E-02  CRITERION=  0.1346E-02
    EQUIL ITER   2 COMPLETED.  NEW TRIANG MATRIX.  MAX DOF INC=  0.1885E-02
     FORCE CONVERGENCE VALUE  =  0.3262      CRITERION=   3.691     <<< CONVERGED
     DISP CONVERGENCE VALUE   =  0.1071E-02  CRITERION=  0.1374E-02 <<< CONVERGED
    EQUIL ITER   3 COMPLETED.  NEW TRIANG MATRIX.  MAX DOF INC =  0.1071E-02
    >>> SOLUTION CONVERGED AFTER EQUILIBRIUM ITERATION   3
 *** LOAD STEP    81   SUBSTEP     1  COMPLETED.    CUM ITER =    818
 *** TIME =   2.22667         TIME INC =  0.133333E-01
 *** MAX PLASTIC STRAIN STEP = 0.2909E-01   CRITERION = 0.9900    
 *** AUTO STEP TIME:  NEXT TIME INC = 0.13333E-01  UNCHANGED

     FORCE CONVERGENCE VALUE  =   1.008      CRITERION=   3.545    
     DISP CONVERGENCE VALUE   =  0.1734E-02  CRITERION=  0.1319E-02
    EQUIL ITER   1 COMPLETED.  NEW TRIANG MATRIX.  MAX DOF INC= -0.1734E-02
     FORCE CONVERGENCE VALUE  =  0.4423      CRITERION=   3.618     <<< CONVERGED
     DISP CONVERGENCE VALUE   =  0.1365E-02  CRITERION=  0.1346E-02
    EQUIL ITER   2 COMPLETED.  NEW TRIANG MATRIX.  MAX DOF INC= -0.1365E-02
     FORCE CONVERGENCE VALUE  =  0.2625      CRITERION=   3.691     <<< CONVERGED
     DISP CONVERGENCE VALUE   =  0.9098E-03  CRITERION=  0.1374E-02 <<< CONVERGED
    EQUIL ITER   3 COMPLETED.  NEW TRIANG MATRIX.  MAX DOF INC = -0.9098E-03
    >>> SOLUTION CONVERGED AFTER EQUILIBRIUM ITERATION   3
 *** LOAD STEP    81   SUBSTEP     2  COMPLETED.    CUM ITER =    821
 *** TIME =   2.24000         TIME INC =  0.133333E-01
 *** MAX PLASTIC STRAIN STEP = 0.1511E-01   CRITERION = 0.9900    

 *****  ANSYS SOLVE    COMMAND  *****

 *** ANSYS - ENGINEERING ANALYSIS SYSTEM  RELEASE 2022 R1          22.1     ***
 Ansys Mechanical Enterprise                       
 00000000  VERSION=WINDOWS x64   14:52:51  SEP 24, 2024 CP=  53895.031

  Re=1 matmacico=8 E1=1500 pr=%pr% matrev=2 E2=30303.3845 vp=12.5              

 Note - This ANSYS version was linked by Licensee

 SOLUTION MONITORING INFO IS WRITTEN TO FILE= file.mntr                                                                                                                                                                                                                                                           

     FORCE CONVERGENCE VALUE  =   1.459      CRITERION=   3.545    
     DISP CONVERGENCE VALUE   =  0.4758E-02  CRITERION=  0.1319E-02
    EQUIL ITER   1 COMPLETED.  NEW TRIANG MATRIX.  MAX DOF INC=  0.4758E-02
     FORCE CONVERGENCE VALUE  =  0.5926      CRITERION=   3.618     <<< CONVERGED
     DISP CONVERGENCE VALUE   =  0.1885E-02  CRITERION=  0.1346E-02
    EQUIL ITER   2 COMPLETED.  NEW TRIANG MATRIX.  MAX DOF INC=  0.1885E-02
     FORCE CONVERGENCE VALUE  =  0.3262      CRITERION=   3.691     <<< CONVERGED
     DISP CONVERGENCE VALUE   =  0.1071E-02  CRITERION=  0.1374E-02 <<< CONVERGED
    EQUIL ITER   3 COMPLETED.  NEW TRIANG MATRIX.  MAX DOF INC =  0.1071E-02
    >>> SOLUTION CONVERGED AFTER EQUILIBRIUM ITERATION   3
 *** LOAD STEP    82   SUBSTEP     1  COMPLETED.    CUM ITER =    824
 *** TIME =   2.25333         TIME INC =  0.133333E-01
 *** MAX PLASTIC STRAIN STEP = 0.2909E-01   CRITERION = 0.9900    
 *** AUTO STEP TIME:  NEXT TIME INC = 0.13333E-01  UNCHANGED

     FORCE CONVERGENCE VALUE  =   1.008      CRITERION=   3.545    
     DISP CONVERGENCE VALUE   =  0.1734E-02  CRITERION=  0.1319E-02
    EQUIL ITER   1 COMPLETED.  NEW TRIANG MATRIX.  MAX DOF INC= -0.1734E-02
     FORCE CONVERGENCE VALUE  =  0.4423      CRITERION=   3.618     <<< CONVERGED
     DISP CONVERGENCE VALUE   =  0.1365E-02  CRITERION=  0.1346E-02
    EQUIL ITER   2 COMPLETED.  NEW TRIANG MATRIX.  MAX DOF INC= -0.1365E-02
     FORCE CONVERGENCE VALUE  =  0.2625      CRITERION=   3.692     <<< CONVERGED
     DISP CONVERGENCE VALUE   =  0.9098E-03  CRITERION=  0.1374E-02 <<< CONVERGED
    EQUIL ITER   3 COMPLETED.  NEW TRIANG MATRIX.  MAX DOF INC = -0.9098E-03
    >>> SOLUTION CONVERGED AFTER EQUILIBRIUM ITERATION   3
 *** LOAD STEP    82   SUBSTEP     2  COMPLETED.    CUM ITER =    827
 *** TIME =   2.26667         TIME INC =  0.133333E-01
 *** MAX PLASTIC STRAIN STEP = 0.1511E-01   CRITERION = 0.9900    

 *****  ANSYS SOLVE    COMMAND  *****

 *** ANSYS - ENGINEERING ANALYSIS SYSTEM  RELEASE 2022 R1          22.1     ***
 Ansys Mechanical Enterprise                       
 00000000  VERSION=WINDOWS x64   14:53:47  SEP 24, 2024 CP=  54300.469

  Re=1 matmacico=8 E1=1500 pr=%pr% matrev=2 E2=30303.3845 vp=12.5              

 Note - This ANSYS version was linked by Licensee

 SOLUTION MONITORING INFO IS WRITTEN TO FILE= file.mntr                                                                                                                                                                                                                                                           

     FORCE CONVERGENCE VALUE  =   1.459      CRITERION=   3.545    
     DISP CONVERGENCE VALUE   =  0.4758E-02  CRITERION=  0.1319E-02
    EQUIL ITER   1 COMPLETED.  NEW TRIANG MATRIX.  MAX DOF INC=  0.4758E-02
     FORCE CONVERGENCE VALUE  =  0.5926      CRITERION=   3.618     <<< CONVERGED
     DISP CONVERGENCE VALUE   =  0.1884E-02  CRITERION=  0.1346E-02
    EQUIL ITER   2 COMPLETED.  NEW TRIANG MATRIX.  MAX DOF INC=  0.1884E-02
     FORCE CONVERGENCE VALUE  =  0.3262      CRITERION=   3.692     <<< CONVERGED
     DISP CONVERGENCE VALUE   =  0.1071E-02  CRITERION=  0.1374E-02 <<< CONVERGED
    EQUIL ITER   3 COMPLETED.  NEW TRIANG MATRIX.  MAX DOF INC =  0.1071E-02
    >>> SOLUTION CONVERGED AFTER EQUILIBRIUM ITERATION   3
 *** LOAD STEP    83   SUBSTEP     1  COMPLETED.    CUM ITER =    830
 *** TIME =   2.28000         TIME INC =  0.133333E-01
 *** MAX PLASTIC STRAIN STEP = 0.2909E-01   CRITERION = 0.9900    
 *** AUTO STEP TIME:  NEXT TIME INC = 0.13333E-01  UNCHANGED

     FORCE CONVERGENCE VALUE  =   1.008      CRITERION=   3.546    
     DISP CONVERGENCE VALUE   =  0.1734E-02  CRITERION=  0.1319E-02
    EQUIL ITER   1 COMPLETED.  NEW TRIANG MATRIX.  MAX DOF INC= -0.1734E-02
     FORCE CONVERGENCE VALUE  =  0.4423      CRITERION=   3.618     <<< CONVERGED
     DISP CONVERGENCE VALUE   =  0.1365E-02  CRITERION=  0.1346E-02
    EQUIL ITER   2 COMPLETED.  NEW TRIANG MATRIX.  MAX DOF INC= -0.1365E-02
     FORCE CONVERGENCE VALUE  =  0.2625      CRITERION=   3.692     <<< CONVERGED
     DISP CONVERGENCE VALUE   =  0.9098E-03  CRITERION=  0.1374E-02 <<< CONVERGED
    EQUIL ITER   3 COMPLETED.  NEW TRIANG MATRIX.  MAX DOF INC = -0.9098E-03
    >>> SOLUTION CONVERGED AFTER EQUILIBRIUM ITERATION   3
 *** LOAD STEP    83   SUBSTEP     2  COMPLETED.    CUM ITER =    833
 *** TIME =   2.29333         TIME INC =  0.133333E-01
 *** MAX PLASTIC STRAIN STEP = 0.1511E-01   CRITERION = 0.9900    

 *****  ANSYS SOLVE    COMMAND  *****

 *** ANSYS - ENGINEERING ANALYSIS SYSTEM  RELEASE 2022 R1          22.1     ***
 Ansys Mechanical Enterprise                       
 00000000  VERSION=WINDOWS x64   14:54:44  SEP 24, 2024 CP=  54709.828

  Re=1 matmacico=8 E1=1500 pr=%pr% matrev=2 E2=30303.3845 vp=12.5              

 Note - This ANSYS version was linked by Licensee

 SOLUTION MONITORING INFO IS WRITTEN TO FILE= file.mntr                                                                                                                                                                                                                                                           

     FORCE CONVERGENCE VALUE  =   1.459      CRITERION=   3.545    
     DISP CONVERGENCE VALUE   =  0.4758E-02  CRITERION=  0.1319E-02
    EQUIL ITER   1 COMPLETED.  NEW TRIANG MATRIX.  MAX DOF INC=  0.4758E-02
     FORCE CONVERGENCE VALUE  =  0.5926      CRITERION=   3.618     <<< CONVERGED
     DISP CONVERGENCE VALUE   =  0.1884E-02  CRITERION=  0.1346E-02
    EQUIL ITER   2 COMPLETED.  NEW TRIANG MATRIX.  MAX DOF INC=  0.1884E-02
     FORCE CONVERGENCE VALUE  =  0.3262      CRITERION=   3.692     <<< CONVERGED
     DISP CONVERGENCE VALUE   =  0.1071E-02  CRITERION=  0.1374E-02 <<< CONVERGED
    EQUIL ITER   3 COMPLETED.  NEW TRIANG MATRIX.  MAX DOF INC =  0.1071E-02
    >>> SOLUTION CONVERGED AFTER EQUILIBRIUM ITERATION   3
 *** LOAD STEP    84   SUBSTEP     1  COMPLETED.    CUM ITER =    836
 *** TIME =   2.30667         TIME INC =  0.133333E-01
 *** MAX PLASTIC STRAIN STEP = 0.2909E-01   CRITERION = 0.9900    
 *** AUTO STEP TIME:  NEXT TIME INC = 0.13333E-01  UNCHANGED

     FORCE CONVERGENCE VALUE  =   1.008      CRITERION=   3.546    
     DISP CONVERGENCE VALUE   =  0.1734E-02  CRITERION=  0.1319E-02
    EQUIL ITER   1 COMPLETED.  NEW TRIANG MATRIX.  MAX DOF INC= -0.1734E-02
     FORCE CONVERGENCE VALUE  =  0.4423      CRITERION=   3.618     <<< CONVERGED
     DISP CONVERGENCE VALUE   =  0.1366E-02  CRITERION=  0.1346E-02
    EQUIL ITER   2 COMPLETED.  NEW TRIANG MATRIX.  MAX DOF INC= -0.1366E-02
     FORCE CONVERGENCE VALUE  =  0.2625      CRITERION=   3.692     <<< CONVERGED
     DISP CONVERGENCE VALUE   =  0.9098E-03  CRITERION=  0.1374E-02 <<< CONVERGED
    EQUIL ITER   3 COMPLETED.  NEW TRIANG MATRIX.  MAX DOF INC = -0.9098E-03
    >>> SOLUTION CONVERGED AFTER EQUILIBRIUM ITERATION   3
 *** LOAD STEP    84   SUBSTEP     2  COMPLETED.    CUM ITER =    839
 *** TIME =   2.32000         TIME INC =  0.133333E-01
 *** MAX PLASTIC STRAIN STEP = 0.1511E-01   CRITERION = 0.9900    

 *****  ANSYS SOLVE    COMMAND  *****

 *** ANSYS - ENGINEERING ANALYSIS SYSTEM  RELEASE 2022 R1          22.1     ***
 Ansys Mechanical Enterprise                       
 00000000  VERSION=WINDOWS x64   14:55:42  SEP 24, 2024 CP=  55126.219

  Re=1 matmacico=8 E1=1500 pr=%pr% matrev=2 E2=30303.3845 vp=12.5              

 Note - This ANSYS version was linked by Licensee

 SOLUTION MONITORING INFO IS WRITTEN TO FILE= file.mntr                                                                                                                                                                                                                                                           

     FORCE CONVERGENCE VALUE  =   1.459      CRITERION=   3.546    
     DISP CONVERGENCE VALUE   =  0.4757E-02  CRITERION=  0.1319E-02
    EQUIL ITER   1 COMPLETED.  NEW TRIANG MATRIX.  MAX DOF INC=  0.4757E-02
     FORCE CONVERGENCE VALUE  =  0.5926      CRITERION=   3.618     <<< CONVERGED
     DISP CONVERGENCE VALUE   =  0.1884E-02  CRITERION=  0.1346E-02
    EQUIL ITER   2 COMPLETED.  NEW TRIANG MATRIX.  MAX DOF INC=  0.1884E-02
     FORCE CONVERGENCE VALUE  =  0.3262      CRITERION=   3.692     <<< CONVERGED
     DISP CONVERGENCE VALUE   =  0.1071E-02  CRITERION=  0.1374E-02 <<< CONVERGED
    EQUIL ITER   3 COMPLETED.  NEW TRIANG MATRIX.  MAX DOF INC =  0.1071E-02
    >>> SOLUTION CONVERGED AFTER EQUILIBRIUM ITERATION   3
 *** LOAD STEP    85   SUBSTEP     1  COMPLETED.    CUM ITER =    842
 *** TIME =   2.33333         TIME INC =  0.133333E-01
 *** MAX PLASTIC STRAIN STEP = 0.2909E-01   CRITERION = 0.9900    
 *** AUTO STEP TIME:  NEXT TIME INC = 0.13333E-01  UNCHANGED

     FORCE CONVERGENCE VALUE  =   1.008      CRITERION=   3.546    
     DISP CONVERGENCE VALUE   =  0.1734E-02  CRITERION=  0.1319E-02
    EQUIL ITER   1 COMPLETED.  NEW TRIANG MATRIX.  MAX DOF INC= -0.1734E-02
     FORCE CONVERGENCE VALUE  =  0.4423      CRITERION=   3.618     <<< CONVERGED
     DISP CONVERGENCE VALUE   =  0.1366E-02  CRITERION=  0.1346E-02
    EQUIL ITER   2 COMPLETED.  NEW TRIANG MATRIX.  MAX DOF INC= -0.1366E-02
     FORCE CONVERGENCE VALUE  =  0.2625      CRITERION=   3.692     <<< CONVERGED
     DISP CONVERGENCE VALUE   =  0.9098E-03  CRITERION=  0.1374E-02 <<< CONVERGED
    EQUIL ITER   3 COMPLETED.  NEW TRIANG MATRIX.  MAX DOF INC = -0.9098E-03
    >>> SOLUTION CONVERGED AFTER EQUILIBRIUM ITERATION   3
 *** LOAD STEP    85   SUBSTEP     2  COMPLETED.    CUM ITER =    845
 *** TIME =   2.34667         TIME INC =  0.133333E-01
 *** MAX PLASTIC STRAIN STEP = 0.1511E-01   CRITERION = 0.9900    

 *****  ANSYS SOLVE    COMMAND  *****

 *** ANSYS - ENGINEERING ANALYSIS SYSTEM  RELEASE 2022 R1          22.1     ***
 Ansys Mechanical Enterprise                       
 00000000  VERSION=WINDOWS x64   14:56:39  SEP 24, 2024 CP=  55543.312

  Re=1 matmacico=8 E1=1500 pr=%pr% matrev=2 E2=30303.3845 vp=12.5              

 Note - This ANSYS version was linked by Licensee

 SOLUTION MONITORING INFO IS WRITTEN TO FILE= file.mntr                                                                                                                                                                                                                                                           

     FORCE CONVERGENCE VALUE  =   1.459      CRITERION=   3.546    
     DISP CONVERGENCE VALUE   =  0.4757E-02  CRITERION=  0.1319E-02
    EQUIL ITER   1 COMPLETED.  NEW TRIANG MATRIX.  MAX DOF INC=  0.4757E-02
     FORCE CONVERGENCE VALUE  =  0.5926      CRITERION=   3.618     <<< CONVERGED
     DISP CONVERGENCE VALUE   =  0.1884E-02  CRITERION=  0.1346E-02
    EQUIL ITER   2 COMPLETED.  NEW TRIANG MATRIX.  MAX DOF INC=  0.1884E-02
     FORCE CONVERGENCE VALUE  =  0.3262      CRITERION=   3.692     <<< CONVERGED
     DISP CONVERGENCE VALUE   =  0.1071E-02  CRITERION=  0.1374E-02 <<< CONVERGED
    EQUIL ITER   3 COMPLETED.  NEW TRIANG MATRIX.  MAX DOF INC =  0.1071E-02
    >>> SOLUTION CONVERGED AFTER EQUILIBRIUM ITERATION   3
 *** LOAD STEP    86   SUBSTEP     1  COMPLETED.    CUM ITER =    848
 *** TIME =   2.36000         TIME INC =  0.133333E-01
 *** MAX PLASTIC STRAIN STEP = 0.2909E-01   CRITERION = 0.9900    
 *** AUTO STEP TIME:  NEXT TIME INC = 0.13333E-01  UNCHANGED

     FORCE CONVERGENCE VALUE  =   1.008      CRITERION=   3.546    
     DISP CONVERGENCE VALUE   =  0.1733E-02  CRITERION=  0.1319E-02
    EQUIL ITER   1 COMPLETED.  NEW TRIANG MATRIX.  MAX DOF INC= -0.1733E-02
     FORCE CONVERGENCE VALUE  =  0.4422      CRITERION=   3.618     <<< CONVERGED
     DISP CONVERGENCE VALUE   =  0.1366E-02  CRITERION=  0.1346E-02
    EQUIL ITER   2 COMPLETED.  NEW TRIANG MATRIX.  MAX DOF INC= -0.1366E-02
     FORCE CONVERGENCE VALUE  =  0.2624      CRITERION=   3.692     <<< CONVERGED
     DISP CONVERGENCE VALUE   =  0.9099E-03  CRITERION=  0.1374E-02 <<< CONVERGED
    EQUIL ITER   3 COMPLETED.  NEW TRIANG MATRIX.  MAX DOF INC = -0.9099E-03
    >>> SOLUTION CONVERGED AFTER EQUILIBRIUM ITERATION   3
 *** LOAD STEP    86   SUBSTEP     2  COMPLETED.    CUM ITER =    851
 *** TIME =   2.37333         TIME INC =  0.133333E-01
 *** MAX PLASTIC STRAIN STEP = 0.1511E-01   CRITERION = 0.9900    

 *****  ANSYS SOLVE    COMMAND  *****

 *** ANSYS - ENGINEERING ANALYSIS SYSTEM  RELEASE 2022 R1          22.1     ***
 Ansys Mechanical Enterprise                       
 00000000  VERSION=WINDOWS x64   14:57:37  SEP 24, 2024 CP=  55956.406

  Re=1 matmacico=8 E1=1500 pr=%pr% matrev=2 E2=30303.3845 vp=12.5              

 Note - This ANSYS version was linked by Licensee

 SOLUTION MONITORING INFO IS WRITTEN TO FILE= file.mntr                                                                                                                                                                                                                                                           

     FORCE CONVERGENCE VALUE  =   1.459      CRITERION=   3.546    
     DISP CONVERGENCE VALUE   =  0.4757E-02  CRITERION=  0.1319E-02
    EQUIL ITER   1 COMPLETED.  NEW TRIANG MATRIX.  MAX DOF INC=  0.4757E-02
     FORCE CONVERGENCE VALUE  =  0.5926      CRITERION=   3.618     <<< CONVERGED
     DISP CONVERGENCE VALUE   =  0.1884E-02  CRITERION=  0.1346E-02
    EQUIL ITER   2 COMPLETED.  NEW TRIANG MATRIX.  MAX DOF INC=  0.1884E-02
     FORCE CONVERGENCE VALUE  =  0.3262      CRITERION=   3.692     <<< CONVERGED
     DISP CONVERGENCE VALUE   =  0.1071E-02  CRITERION=  0.1374E-02 <<< CONVERGED
    EQUIL ITER   3 COMPLETED.  NEW TRIANG MATRIX.  MAX DOF INC =  0.1071E-02
    >>> SOLUTION CONVERGED AFTER EQUILIBRIUM ITERATION   3
 *** LOAD STEP    87   SUBSTEP     1  COMPLETED.    CUM ITER =    854
 *** TIME =   2.38667         TIME INC =  0.133333E-01
 *** MAX PLASTIC STRAIN STEP = 0.2909E-01   CRITERION = 0.9900    
 *** AUTO STEP TIME:  NEXT TIME INC = 0.13333E-01  UNCHANGED

     FORCE CONVERGENCE VALUE  =   1.008      CRITERION=   3.546    
     DISP CONVERGENCE VALUE   =  0.1733E-02  CRITERION=  0.1319E-02
    EQUIL ITER   1 COMPLETED.  NEW TRIANG MATRIX.  MAX DOF INC= -0.1733E-02
     FORCE CONVERGENCE VALUE  =  0.4422      CRITERION=   3.618     <<< CONVERGED
     DISP CONVERGENCE VALUE   =  0.1366E-02  CRITERION=  0.1346E-02
    EQUIL ITER   2 COMPLETED.  NEW TRIANG MATRIX.  MAX DOF INC= -0.1366E-02
     FORCE CONVERGENCE VALUE  =  0.2624      CRITERION=   3.692     <<< CONVERGED
     DISP CONVERGENCE VALUE   =  0.9099E-03  CRITERION=  0.1374E-02 <<< CONVERGED
    EQUIL ITER   3 COMPLETED.  NEW TRIANG MATRIX.  MAX DOF INC = -0.9099E-03
    >>> SOLUTION CONVERGED AFTER EQUILIBRIUM ITERATION   3
 *** LOAD STEP    87   SUBSTEP     2  COMPLETED.    CUM ITER =    857
 *** TIME =   2.40000         TIME INC =  0.133333E-01
 *** MAX PLASTIC STRAIN STEP = 0.1511E-01   CRITERION = 0.9900    

 *****  ANSYS SOLVE    COMMAND  *****

 *** ANSYS - ENGINEERING ANALYSIS SYSTEM  RELEASE 2022 R1          22.1     ***
 Ansys Mechanical Enterprise                       
 00000000  VERSION=WINDOWS x64   14:58:35  SEP 24, 2024 CP=  56380.578

  Re=1 matmacico=8 E1=1500 pr=%pr% matrev=2 E2=30303.3845 vp=12.5              

 Note - This ANSYS version was linked by Licensee

 SOLUTION MONITORING INFO IS WRITTEN TO FILE= file.mntr                                                                                                                                                                                                                                                           

     FORCE CONVERGENCE VALUE  =   1.459      CRITERION=   3.546    
     DISP CONVERGENCE VALUE   =  0.4757E-02  CRITERION=  0.1319E-02
    EQUIL ITER   1 COMPLETED.  NEW TRIANG MATRIX.  MAX DOF INC=  0.4757E-02
     FORCE CONVERGENCE VALUE  =  0.5926      CRITERION=   3.618     <<< CONVERGED
     DISP CONVERGENCE VALUE   =  0.1884E-02  CRITERION=  0.1346E-02
    EQUIL ITER   2 COMPLETED.  NEW TRIANG MATRIX.  MAX DOF INC=  0.1884E-02
     FORCE CONVERGENCE VALUE  =  0.3262      CRITERION=   3.692     <<< CONVERGED
     DISP CONVERGENCE VALUE   =  0.1071E-02  CRITERION=  0.1374E-02 <<< CONVERGED
    EQUIL ITER   3 COMPLETED.  NEW TRIANG MATRIX.  MAX DOF INC =  0.1071E-02
    >>> SOLUTION CONVERGED AFTER EQUILIBRIUM ITERATION   3
 *** LOAD STEP    88   SUBSTEP     1  COMPLETED.    CUM ITER =    860
 *** TIME =   2.41333         TIME INC =  0.133333E-01
 *** MAX PLASTIC STRAIN STEP = 0.2909E-01   CRITERION = 0.9900    
 *** AUTO STEP TIME:  NEXT TIME INC = 0.13333E-01  UNCHANGED

     FORCE CONVERGENCE VALUE  =   1.008      CRITERION=   3.546    
     DISP CONVERGENCE VALUE   =  0.1733E-02  CRITERION=  0.1319E-02
    EQUIL ITER   1 COMPLETED.  NEW TRIANG MATRIX.  MAX DOF INC= -0.1733E-02
     FORCE CONVERGENCE VALUE  =  0.4422      CRITERION=   3.619     <<< CONVERGED
     DISP CONVERGENCE VALUE   =  0.1366E-02  CRITERION=  0.1346E-02
    EQUIL ITER   2 COMPLETED.  NEW TRIANG MATRIX.  MAX DOF INC= -0.1366E-02
     FORCE CONVERGENCE VALUE  =  0.2624      CRITERION=   3.692     <<< CONVERGED
     DISP CONVERGENCE VALUE   =  0.9099E-03  CRITERION=  0.1374E-02 <<< CONVERGED
    EQUIL ITER   3 COMPLETED.  NEW TRIANG MATRIX.  MAX DOF INC = -0.9099E-03
    >>> SOLUTION CONVERGED AFTER EQUILIBRIUM ITERATION   3
 *** LOAD STEP    88   SUBSTEP     2  COMPLETED.    CUM ITER =    863
 *** TIME =   2.42667         TIME INC =  0.133333E-01
 *** MAX PLASTIC STRAIN STEP = 0.1511E-01   CRITERION = 0.9900    

 *****  ANSYS SOLVE    COMMAND  *****

 *** ANSYS - ENGINEERING ANALYSIS SYSTEM  RELEASE 2022 R1          22.1     ***
 Ansys Mechanical Enterprise                       
 00000000  VERSION=WINDOWS x64   14:59:35  SEP 24, 2024 CP=  56810.141

  Re=1 matmacico=8 E1=1500 pr=%pr% matrev=2 E2=30303.3845 vp=12.5              

 Note - This ANSYS version was linked by Licensee

 SOLUTION MONITORING INFO IS WRITTEN TO FILE= file.mntr                                                                                                                                                                                                                                                           

     FORCE CONVERGENCE VALUE  =   1.459      CRITERION=   3.546    
     DISP CONVERGENCE VALUE   =  0.4757E-02  CRITERION=  0.1319E-02
    EQUIL ITER   1 COMPLETED.  NEW TRIANG MATRIX.  MAX DOF INC=  0.4757E-02
     FORCE CONVERGENCE VALUE  =  0.5926      CRITERION=   3.619     <<< CONVERGED
     DISP CONVERGENCE VALUE   =  0.1884E-02  CRITERION=  0.1346E-02
    EQUIL ITER   2 COMPLETED.  NEW TRIANG MATRIX.  MAX DOF INC=  0.1884E-02
     FORCE CONVERGENCE VALUE  =  0.3262      CRITERION=   3.692     <<< CONVERGED
     DISP CONVERGENCE VALUE   =  0.1071E-02  CRITERION=  0.1374E-02 <<< CONVERGED
    EQUIL ITER   3 COMPLETED.  NEW TRIANG MATRIX.  MAX DOF INC =  0.1071E-02
    >>> SOLUTION CONVERGED AFTER EQUILIBRIUM ITERATION   3
 *** LOAD STEP    89   SUBSTEP     1  COMPLETED.    CUM ITER =    866
 *** TIME =   2.44000         TIME INC =  0.133333E-01
 *** MAX PLASTIC STRAIN STEP = 0.2909E-01   CRITERION = 0.9900    
 *** AUTO STEP TIME:  NEXT TIME INC = 0.13333E-01  UNCHANGED

     FORCE CONVERGENCE VALUE  =   1.008      CRITERION=   3.546    
     DISP CONVERGENCE VALUE   =  0.1733E-02  CRITERION=  0.1319E-02
    EQUIL ITER   1 COMPLETED.  NEW TRIANG MATRIX.  MAX DOF INC= -0.1733E-02
     FORCE CONVERGENCE VALUE  =  0.4422      CRITERION=   3.619     <<< CONVERGED
     DISP CONVERGENCE VALUE   =  0.1366E-02  CRITERION=  0.1346E-02
    EQUIL ITER   2 COMPLETED.  NEW TRIANG MATRIX.  MAX DOF INC= -0.1366E-02
     FORCE CONVERGENCE VALUE  =  0.2624      CRITERION=   3.692     <<< CONVERGED
     DISP CONVERGENCE VALUE   =  0.9099E-03  CRITERION=  0.1374E-02 <<< CONVERGED
    EQUIL ITER   3 COMPLETED.  NEW TRIANG MATRIX.  MAX DOF INC = -0.9099E-03
    >>> SOLUTION CONVERGED AFTER EQUILIBRIUM ITERATION   3
 *** LOAD STEP    89   SUBSTEP     2  COMPLETED.    CUM ITER =    869
 *** TIME =   2.45333         TIME INC =  0.133333E-01
 *** MAX PLASTIC STRAIN STEP = 0.1511E-01   CRITERION = 0.9900    

 *****  ANSYS SOLVE    COMMAND  *****

 *** ANSYS - ENGINEERING ANALYSIS SYSTEM  RELEASE 2022 R1          22.1     ***
 Ansys Mechanical Enterprise                       
 00000000  VERSION=WINDOWS x64   15:00:34  SEP 24, 2024 CP=  57235.016

  Re=1 matmacico=8 E1=1500 pr=%pr% matrev=2 E2=30303.3845 vp=12.5              

 Note - This ANSYS version was linked by Licensee

 SOLUTION MONITORING INFO IS WRITTEN TO FILE= file.mntr                                                                                                                                                                                                                                                           

     FORCE CONVERGENCE VALUE  =   1.459      CRITERION=   3.546    
     DISP CONVERGENCE VALUE   =  0.4757E-02  CRITERION=  0.1319E-02
    EQUIL ITER   1 COMPLETED.  NEW TRIANG MATRIX.  MAX DOF INC=  0.4757E-02
     FORCE CONVERGENCE VALUE  =  0.5926      CRITERION=   3.619     <<< CONVERGED
     DISP CONVERGENCE VALUE   =  0.1884E-02  CRITERION=  0.1346E-02
    EQUIL ITER   2 COMPLETED.  NEW TRIANG MATRIX.  MAX DOF INC=  0.1884E-02
     FORCE CONVERGENCE VALUE  =  0.3262      CRITERION=   3.693     <<< CONVERGED
     DISP CONVERGENCE VALUE   =  0.1071E-02  CRITERION=  0.1374E-02 <<< CONVERGED
    EQUIL ITER   3 COMPLETED.  NEW TRIANG MATRIX.  MAX DOF INC =  0.1071E-02
    >>> SOLUTION CONVERGED AFTER EQUILIBRIUM ITERATION   3
 *** LOAD STEP    90   SUBSTEP     1  COMPLETED.    CUM ITER =    872
 *** TIME =   2.46667         TIME INC =  0.133333E-01
 *** MAX PLASTIC STRAIN STEP = 0.2910E-01   CRITERION = 0.9900    
 *** AUTO STEP TIME:  NEXT TIME INC = 0.13333E-01  UNCHANGED

     FORCE CONVERGENCE VALUE  =   1.008      CRITERION=   3.546    
     DISP CONVERGENCE VALUE   =  0.1733E-02  CRITERION=  0.1319E-02
    EQUIL ITER   1 COMPLETED.  NEW TRIANG MATRIX.  MAX DOF INC= -0.1733E-02
     FORCE CONVERGENCE VALUE  =  0.4422      CRITERION=   3.619     <<< CONVERGED
     DISP CONVERGENCE VALUE   =  0.1366E-02  CRITERION=  0.1346E-02
    EQUIL ITER   2 COMPLETED.  NEW TRIANG MATRIX.  MAX DOF INC= -0.1366E-02
     FORCE CONVERGENCE VALUE  =  0.2624      CRITERION=   3.693     <<< CONVERGED
     DISP CONVERGENCE VALUE   =  0.9100E-03  CRITERION=  0.1374E-02 <<< CONVERGED
    EQUIL ITER   3 COMPLETED.  NEW TRIANG MATRIX.  MAX DOF INC = -0.9100E-03
    >>> SOLUTION CONVERGED AFTER EQUILIBRIUM ITERATION   3
 *** LOAD STEP    90   SUBSTEP     2  COMPLETED.    CUM ITER =    875
 *** TIME =   2.48000         TIME INC =  0.133333E-01
 *** MAX PLASTIC STRAIN STEP = 0.1511E-01   CRITERION = 0.9900    

 *****  ANSYS SOLVE    COMMAND  *****

 *** ANSYS - ENGINEERING ANALYSIS SYSTEM  RELEASE 2022 R1          22.1     ***
 Ansys Mechanical Enterprise                       
 00000000  VERSION=WINDOWS x64   15:01:33  SEP 24, 2024 CP=  57661.828

  Re=1 matmacico=8 E1=1500 pr=%pr% matrev=2 E2=30303.3845 vp=12.5              

 Note - This ANSYS version was linked by Licensee

 SOLUTION MONITORING INFO IS WRITTEN TO FILE= file.mntr                                                                                                                                                                                                                                                           

     FORCE CONVERGENCE VALUE  =   1.459      CRITERION=   3.546    
     DISP CONVERGENCE VALUE   =  0.4757E-02  CRITERION=  0.1319E-02
    EQUIL ITER   1 COMPLETED.  NEW TRIANG MATRIX.  MAX DOF INC=  0.4757E-02
     FORCE CONVERGENCE VALUE  =  0.5927      CRITERION=   3.619     <<< CONVERGED
     DISP CONVERGENCE VALUE   =  0.1884E-02  CRITERION=  0.1346E-02
    EQUIL ITER   2 COMPLETED.  NEW TRIANG MATRIX.  MAX DOF INC=  0.1884E-02
     FORCE CONVERGENCE VALUE  =  0.3262      CRITERION=   3.693     <<< CONVERGED
     DISP CONVERGENCE VALUE   =  0.1071E-02  CRITERION=  0.1374E-02 <<< CONVERGED
    EQUIL ITER   3 COMPLETED.  NEW TRIANG MATRIX.  MAX DOF INC =  0.1071E-02
    >>> SOLUTION CONVERGED AFTER EQUILIBRIUM ITERATION   3
 *** LOAD STEP    91   SUBSTEP     1  COMPLETED.    CUM ITER =    878
 *** TIME =   2.49333         TIME INC =  0.133333E-01
 *** MAX PLASTIC STRAIN STEP = 0.2910E-01   CRITERION = 0.9900    
 *** AUTO STEP TIME:  NEXT TIME INC = 0.13333E-01  UNCHANGED

     FORCE CONVERGENCE VALUE  =   1.008      CRITERION=   3.547    
     DISP CONVERGENCE VALUE   =  0.1732E-02  CRITERION=  0.1319E-02
    EQUIL ITER   1 COMPLETED.  NEW TRIANG MATRIX.  MAX DOF INC= -0.1732E-02
     FORCE CONVERGENCE VALUE  =  0.4422      CRITERION=   3.619     <<< CONVERGED
     DISP CONVERGENCE VALUE   =  0.1366E-02  CRITERION=  0.1346E-02
    EQUIL ITER   2 COMPLETED.  NEW TRIANG MATRIX.  MAX DOF INC= -0.1366E-02
     FORCE CONVERGENCE VALUE  =  0.2624      CRITERION=   3.693     <<< CONVERGED
     DISP CONVERGENCE VALUE   =  0.9100E-03  CRITERION=  0.1374E-02 <<< CONVERGED
    EQUIL ITER   3 COMPLETED.  NEW TRIANG MATRIX.  MAX DOF INC = -0.9100E-03
    >>> SOLUTION CONVERGED AFTER EQUILIBRIUM ITERATION   3
 *** LOAD STEP    91   SUBSTEP     2  COMPLETED.    CUM ITER =    881
 *** TIME =   2.50667         TIME INC =  0.133333E-01
 *** MAX PLASTIC STRAIN STEP = 0.1511E-01   CRITERION = 0.9900    

 *****  ANSYS SOLVE    COMMAND  *****

 *** ANSYS - ENGINEERING ANALYSIS SYSTEM  RELEASE 2022 R1          22.1     ***
 Ansys Mechanical Enterprise                       
 00000000  VERSION=WINDOWS x64   15:02:32  SEP 24, 2024 CP=  58086.875

  Re=1 matmacico=8 E1=1500 pr=%pr% matrev=2 E2=30303.3845 vp=12.5              

 Note - This ANSYS version was linked by Licensee

 SOLUTION MONITORING INFO IS WRITTEN TO FILE= file.mntr                                                                                                                                                                                                                                                           

     FORCE CONVERGENCE VALUE  =   1.459      CRITERION=   3.547    
     DISP CONVERGENCE VALUE   =  0.4757E-02  CRITERION=  0.1319E-02
    EQUIL ITER   1 COMPLETED.  NEW TRIANG MATRIX.  MAX DOF INC=  0.4757E-02
     FORCE CONVERGENCE VALUE  =  0.5927      CRITERION=   3.619     <<< CONVERGED
     DISP CONVERGENCE VALUE   =  0.1885E-02  CRITERION=  0.1346E-02
    EQUIL ITER   2 COMPLETED.  NEW TRIANG MATRIX.  MAX DOF INC=  0.1885E-02
     FORCE CONVERGENCE VALUE  =  0.3262      CRITERION=   3.693     <<< CONVERGED
     DISP CONVERGENCE VALUE   =  0.1071E-02  CRITERION=  0.1374E-02 <<< CONVERGED
    EQUIL ITER   3 COMPLETED.  NEW TRIANG MATRIX.  MAX DOF INC =  0.1071E-02
    >>> SOLUTION CONVERGED AFTER EQUILIBRIUM ITERATION   3
 *** LOAD STEP    92   SUBSTEP     1  COMPLETED.    CUM ITER =    884
 *** TIME =   2.52000         TIME INC =  0.133333E-01
 *** MAX PLASTIC STRAIN STEP = 0.2910E-01   CRITERION = 0.9900    
 *** AUTO STEP TIME:  NEXT TIME INC = 0.13333E-01  UNCHANGED

     FORCE CONVERGENCE VALUE  =   1.008      CRITERION=   3.547    
     DISP CONVERGENCE VALUE   =  0.1732E-02  CRITERION=  0.1319E-02
    EQUIL ITER   1 COMPLETED.  NEW TRIANG MATRIX.  MAX DOF INC= -0.1732E-02
     FORCE CONVERGENCE VALUE  =  0.4422      CRITERION=   3.619     <<< CONVERGED
     DISP CONVERGENCE VALUE   =  0.1366E-02  CRITERION=  0.1346E-02
    EQUIL ITER   2 COMPLETED.  NEW TRIANG MATRIX.  MAX DOF INC= -0.1366E-02
     FORCE CONVERGENCE VALUE  =  0.2624      CRITERION=   3.693     <<< CONVERGED
     DISP CONVERGENCE VALUE   =  0.9101E-03  CRITERION=  0.1374E-02 <<< CONVERGED
    EQUIL ITER   3 COMPLETED.  NEW TRIANG MATRIX.  MAX DOF INC = -0.9101E-03
    >>> SOLUTION CONVERGED AFTER EQUILIBRIUM ITERATION   3
 *** LOAD STEP    92   SUBSTEP     2  COMPLETED.    CUM ITER =    887
 *** TIME =   2.53333         TIME INC =  0.133333E-01
 *** MAX PLASTIC STRAIN STEP = 0.1511E-01   CRITERION = 0.9900    

 *****  ANSYS SOLVE    COMMAND  *****

 *** ANSYS - ENGINEERING ANALYSIS SYSTEM  RELEASE 2022 R1          22.1     ***
 Ansys Mechanical Enterprise                       
 00000000  VERSION=WINDOWS x64   15:03:30  SEP 24, 2024 CP=  58509.203

  Re=1 matmacico=8 E1=1500 pr=%pr% matrev=2 E2=30303.3845 vp=12.5              

 Note - This ANSYS version was linked by Licensee

 SOLUTION MONITORING INFO IS WRITTEN TO FILE= file.mntr                                                                                                                                                                                                                                                           

     FORCE CONVERGENCE VALUE  =   1.459      CRITERION=   3.547    
     DISP CONVERGENCE VALUE   =  0.4757E-02  CRITERION=  0.1319E-02
    EQUIL ITER   1 COMPLETED.  NEW TRIANG MATRIX.  MAX DOF INC=  0.4757E-02
     FORCE CONVERGENCE VALUE  =  0.5927      CRITERION=   3.619     <<< CONVERGED
     DISP CONVERGENCE VALUE   =  0.1885E-02  CRITERION=  0.1346E-02
    EQUIL ITER   2 COMPLETED.  NEW TRIANG MATRIX.  MAX DOF INC=  0.1885E-02
     FORCE CONVERGENCE VALUE  =  0.3263      CRITERION=   3.693     <<< CONVERGED
     DISP CONVERGENCE VALUE   =  0.1071E-02  CRITERION=  0.1374E-02 <<< CONVERGED
    EQUIL ITER   3 COMPLETED.  NEW TRIANG MATRIX.  MAX DOF INC =  0.1071E-02
    >>> SOLUTION CONVERGED AFTER EQUILIBRIUM ITERATION   3
 *** LOAD STEP    93   SUBSTEP     1  COMPLETED.    CUM ITER =    890
 *** TIME =   2.54667         TIME INC =  0.133333E-01
 *** MAX PLASTIC STRAIN STEP = 0.2910E-01   CRITERION = 0.9900    
 *** AUTO STEP TIME:  NEXT TIME INC = 0.13333E-01  UNCHANGED

     FORCE CONVERGENCE VALUE  =   1.008      CRITERION=   3.547    
     DISP CONVERGENCE VALUE   =  0.1732E-02  CRITERION=  0.1319E-02
    EQUIL ITER   1 COMPLETED.  NEW TRIANG MATRIX.  MAX DOF INC= -0.1732E-02
     FORCE CONVERGENCE VALUE  =  0.4421      CRITERION=   3.619     <<< CONVERGED
     DISP CONVERGENCE VALUE   =  0.1366E-02  CRITERION=  0.1346E-02
    EQUIL ITER   2 COMPLETED.  NEW TRIANG MATRIX.  MAX DOF INC= -0.1366E-02
     FORCE CONVERGENCE VALUE  =  0.2624      CRITERION=   3.693     <<< CONVERGED
     DISP CONVERGENCE VALUE   =  0.9101E-03  CRITERION=  0.1374E-02 <<< CONVERGED
    EQUIL ITER   3 COMPLETED.  NEW TRIANG MATRIX.  MAX DOF INC = -0.9101E-03
    >>> SOLUTION CONVERGED AFTER EQUILIBRIUM ITERATION   3
 *** LOAD STEP    93   SUBSTEP     2  COMPLETED.    CUM ITER =    893
 *** TIME =   2.56000         TIME INC =  0.133333E-01
 *** MAX PLASTIC STRAIN STEP = 0.1511E-01   CRITERION = 0.9900    

 *****  ANSYS SOLVE    COMMAND  *****

 *** ANSYS - ENGINEERING ANALYSIS SYSTEM  RELEASE 2022 R1          22.1     ***
 Ansys Mechanical Enterprise                       
 00000000  VERSION=WINDOWS x64   15:04:29  SEP 24, 2024 CP=  58932.109

  Re=1 matmacico=8 E1=1500 pr=%pr% matrev=2 E2=30303.3845 vp=12.5              

 Note - This ANSYS version was linked by Licensee

 SOLUTION MONITORING INFO IS WRITTEN TO FILE= file.mntr                                                                                                                                                                                                                                                           

     FORCE CONVERGENCE VALUE  =   1.459      CRITERION=   3.547    
     DISP CONVERGENCE VALUE   =  0.4757E-02  CRITERION=  0.1319E-02
    EQUIL ITER   1 COMPLETED.  NEW TRIANG MATRIX.  MAX DOF INC=  0.4757E-02
     FORCE CONVERGENCE VALUE  =  0.5927      CRITERION=   3.619     <<< CONVERGED
     DISP CONVERGENCE VALUE   =  0.1885E-02  CRITERION=  0.1346E-02
    EQUIL ITER   2 COMPLETED.  NEW TRIANG MATRIX.  MAX DOF INC=  0.1885E-02
     FORCE CONVERGENCE VALUE  =  0.3263      CRITERION=   3.693     <<< CONVERGED
     DISP CONVERGENCE VALUE   =  0.1071E-02  CRITERION=  0.1374E-02 <<< CONVERGED
    EQUIL ITER   3 COMPLETED.  NEW TRIANG MATRIX.  MAX DOF INC =  0.1071E-02
    >>> SOLUTION CONVERGED AFTER EQUILIBRIUM ITERATION   3
 *** LOAD STEP    94   SUBSTEP     1  COMPLETED.    CUM ITER =    896
 *** TIME =   2.57333         TIME INC =  0.133333E-01
 *** MAX PLASTIC STRAIN STEP = 0.2911E-01   CRITERION = 0.9900    
 *** AUTO STEP TIME:  NEXT TIME INC = 0.13333E-01  UNCHANGED

     FORCE CONVERGENCE VALUE  =   1.008      CRITERION=   3.547    
     DISP CONVERGENCE VALUE   =  0.1731E-02  CRITERION=  0.1319E-02
    EQUIL ITER   1 COMPLETED.  NEW TRIANG MATRIX.  MAX DOF INC= -0.1731E-02
     FORCE CONVERGENCE VALUE  =  0.4421      CRITERION=   3.619     <<< CONVERGED
     DISP CONVERGENCE VALUE   =  0.1366E-02  CRITERION=  0.1346E-02
    EQUIL ITER   2 COMPLETED.  NEW TRIANG MATRIX.  MAX DOF INC= -0.1366E-02
     FORCE CONVERGENCE VALUE  =  0.2623      CRITERION=   3.693     <<< CONVERGED
     DISP CONVERGENCE VALUE   =  0.9101E-03  CRITERION=  0.1374E-02 <<< CONVERGED
    EQUIL ITER   3 COMPLETED.  NEW TRIANG MATRIX.  MAX DOF INC = -0.9101E-03
    >>> SOLUTION CONVERGED AFTER EQUILIBRIUM ITERATION   3
 *** LOAD STEP    94   SUBSTEP     2  COMPLETED.    CUM ITER =    899
 *** TIME =   2.58667         TIME INC =  0.133333E-01
 *** MAX PLASTIC STRAIN STEP = 0.1511E-01   CRITERION = 0.9900    

 *****  ANSYS SOLVE    COMMAND  *****

 *** ANSYS - ENGINEERING ANALYSIS SYSTEM  RELEASE 2022 R1          22.1     ***
 Ansys Mechanical Enterprise                       
 00000000  VERSION=WINDOWS x64   15:05:27  SEP 24, 2024 CP=  59352.516

  Re=1 matmacico=8 E1=1500 pr=%pr% matrev=2 E2=30303.3845 vp=12.5              

 Note - This ANSYS version was linked by Licensee

 SOLUTION MONITORING INFO IS WRITTEN TO FILE= file.mntr                                                                                                                                                                                                                                                           

     FORCE CONVERGENCE VALUE  =   1.459      CRITERION=   3.547    
     DISP CONVERGENCE VALUE   =  0.4757E-02  CRITERION=  0.1319E-02
    EQUIL ITER   1 COMPLETED.  NEW TRIANG MATRIX.  MAX DOF INC=  0.4757E-02
     FORCE CONVERGENCE VALUE  =  0.5928      CRITERION=   3.619     <<< CONVERGED
     DISP CONVERGENCE VALUE   =  0.1885E-02  CRITERION=  0.1346E-02
    EQUIL ITER   2 COMPLETED.  NEW TRIANG MATRIX.  MAX DOF INC=  0.1885E-02
     FORCE CONVERGENCE VALUE  =  0.3263      CRITERION=   3.693     <<< CONVERGED
     DISP CONVERGENCE VALUE   =  0.1071E-02  CRITERION=  0.1374E-02 <<< CONVERGED
    EQUIL ITER   3 COMPLETED.  NEW TRIANG MATRIX.  MAX DOF INC =  0.1071E-02
    >>> SOLUTION CONVERGED AFTER EQUILIBRIUM ITERATION   3
 *** LOAD STEP    95   SUBSTEP     1  COMPLETED.    CUM ITER =    902
 *** TIME =   2.60000         TIME INC =  0.133333E-01
 *** MAX PLASTIC STRAIN STEP = 0.2911E-01   CRITERION = 0.9900    
 *** AUTO STEP TIME:  NEXT TIME INC = 0.13333E-01  UNCHANGED

     FORCE CONVERGENCE VALUE  =   1.009      CRITERION=   3.547    
     DISP CONVERGENCE VALUE   =  0.1731E-02  CRITERION=  0.1319E-02
    EQUIL ITER   1 COMPLETED.  NEW TRIANG MATRIX.  MAX DOF INC= -0.1731E-02
     FORCE CONVERGENCE VALUE  =  0.4421      CRITERION=   3.620     <<< CONVERGED
     DISP CONVERGENCE VALUE   =  0.1366E-02  CRITERION=  0.1346E-02
    EQUIL ITER   2 COMPLETED.  NEW TRIANG MATRIX.  MAX DOF INC= -0.1366E-02
     FORCE CONVERGENCE VALUE  =  0.2623      CRITERION=   3.693     <<< CONVERGED
     DISP CONVERGENCE VALUE   =  0.9102E-03  CRITERION=  0.1374E-02 <<< CONVERGED
    EQUIL ITER   3 COMPLETED.  NEW TRIANG MATRIX.  MAX DOF INC = -0.9102E-03
    >>> SOLUTION CONVERGED AFTER EQUILIBRIUM ITERATION   3
 *** LOAD STEP    95   SUBSTEP     2  COMPLETED.    CUM ITER =    905
 *** TIME =   2.61333         TIME INC =  0.133333E-01
 *** MAX PLASTIC STRAIN STEP = 0.1512E-01   CRITERION = 0.9900    

 *****  ANSYS SOLVE    COMMAND  *****

 *** ANSYS - ENGINEERING ANALYSIS SYSTEM  RELEASE 2022 R1          22.1     ***
 Ansys Mechanical Enterprise                       
 00000000  VERSION=WINDOWS x64   15:06:26  SEP 24, 2024 CP=  59776.516

  Re=1 matmacico=8 E1=1500 pr=%pr% matrev=2 E2=30303.3845 vp=12.5              

 Note - This ANSYS version was linked by Licensee

 SOLUTION MONITORING INFO IS WRITTEN TO FILE= file.mntr                                                                                                                                                                                                                                                           

     FORCE CONVERGENCE VALUE  =   1.459      CRITERION=   3.547    
     DISP CONVERGENCE VALUE   =  0.4757E-02  CRITERION=  0.1319E-02
    EQUIL ITER   1 COMPLETED.  NEW TRIANG MATRIX.  MAX DOF INC=  0.4757E-02
     FORCE CONVERGENCE VALUE  =  0.5928      CRITERION=   3.620     <<< CONVERGED
     DISP CONVERGENCE VALUE   =  0.1886E-02  CRITERION=  0.1346E-02
    EQUIL ITER   2 COMPLETED.  NEW TRIANG MATRIX.  MAX DOF INC=  0.1886E-02
     FORCE CONVERGENCE VALUE  =  0.3264      CRITERION=   3.693     <<< CONVERGED
     DISP CONVERGENCE VALUE   =  0.1072E-02  CRITERION=  0.1374E-02 <<< CONVERGED
    EQUIL ITER   3 COMPLETED.  NEW TRIANG MATRIX.  MAX DOF INC =  0.1072E-02
    >>> SOLUTION CONVERGED AFTER EQUILIBRIUM ITERATION   3
 *** LOAD STEP    96   SUBSTEP     1  COMPLETED.    CUM ITER =    908
 *** TIME =   2.62667         TIME INC =  0.133333E-01
 *** MAX PLASTIC STRAIN STEP = 0.2912E-01   CRITERION = 0.9900    
 *** AUTO STEP TIME:  NEXT TIME INC = 0.13333E-01  UNCHANGED

     FORCE CONVERGENCE VALUE  =   1.009      CRITERION=   3.547    
     DISP CONVERGENCE VALUE   =  0.1730E-02  CRITERION=  0.1319E-02
    EQUIL ITER   1 COMPLETED.  NEW TRIANG MATRIX.  MAX DOF INC= -0.1730E-02
     FORCE CONVERGENCE VALUE  =  0.4420      CRITERION=   3.620     <<< CONVERGED
     DISP CONVERGENCE VALUE   =  0.1365E-02  CRITERION=  0.1346E-02
    EQUIL ITER   2 COMPLETED.  NEW TRIANG MATRIX.  MAX DOF INC= -0.1365E-02
     FORCE CONVERGENCE VALUE  =  0.2622      CRITERION=   3.694     <<< CONVERGED
     DISP CONVERGENCE VALUE   =  0.9101E-03  CRITERION=  0.1374E-02 <<< CONVERGED
    EQUIL ITER   3 COMPLETED.  NEW TRIANG MATRIX.  MAX DOF INC = -0.9101E-03
    >>> SOLUTION CONVERGED AFTER EQUILIBRIUM ITERATION   3
 *** LOAD STEP    96   SUBSTEP     2  COMPLETED.    CUM ITER =    911
 *** TIME =   2.64000         TIME INC =  0.133333E-01
 *** MAX PLASTIC STRAIN STEP = 0.1512E-01   CRITERION = 0.9900    

 *****  ANSYS SOLVE    COMMAND  *****

 *** ANSYS - ENGINEERING ANALYSIS SYSTEM  RELEASE 2022 R1          22.1     ***
 Ansys Mechanical Enterprise                       
 00000000  VERSION=WINDOWS x64   15:07:24  SEP 24, 2024 CP=  60198.109

  Re=1 matmacico=8 E1=1500 pr=%pr% matrev=2 E2=30303.3845 vp=12.5              

 Note - This ANSYS version was linked by Licensee

 SOLUTION MONITORING INFO IS WRITTEN TO FILE= file.mntr                                                                                                                                                                                                                                                           

     FORCE CONVERGENCE VALUE  =   1.459      CRITERION=   3.547    
     DISP CONVERGENCE VALUE   =  0.4758E-02  CRITERION=  0.1319E-02
    EQUIL ITER   1 COMPLETED.  NEW TRIANG MATRIX.  MAX DOF INC=  0.4758E-02
     FORCE CONVERGENCE VALUE  =  0.5928      CRITERION=   3.620     <<< CONVERGED
     DISP CONVERGENCE VALUE   =  0.1886E-02  CRITERION=  0.1346E-02
    EQUIL ITER   2 COMPLETED.  NEW TRIANG MATRIX.  MAX DOF INC=  0.1886E-02
     FORCE CONVERGENCE VALUE  =  0.3264      CRITERION=   3.694     <<< CONVERGED
     DISP CONVERGENCE VALUE   =  0.1073E-02  CRITERION=  0.1374E-02 <<< CONVERGED
    EQUIL ITER   3 COMPLETED.  NEW TRIANG MATRIX.  MAX DOF INC =  0.1073E-02
    >>> SOLUTION CONVERGED AFTER EQUILIBRIUM ITERATION   3
 *** LOAD STEP    97   SUBSTEP     1  COMPLETED.    CUM ITER =    914
 *** TIME =   2.65333         TIME INC =  0.133333E-01
 *** MAX PLASTIC STRAIN STEP = 0.2913E-01   CRITERION = 0.9900    
 *** AUTO STEP TIME:  NEXT TIME INC = 0.13333E-01  UNCHANGED

     FORCE CONVERGENCE VALUE  =   1.009      CRITERION=   3.547    
     DISP CONVERGENCE VALUE   =  0.1728E-02  CRITERION=  0.1319E-02
    EQUIL ITER   1 COMPLETED.  NEW TRIANG MATRIX.  MAX DOF INC= -0.1728E-02
     FORCE CONVERGENCE VALUE  =  0.4419      CRITERION=   3.620     <<< CONVERGED
     DISP CONVERGENCE VALUE   =  0.1364E-02  CRITERION=  0.1346E-02
    EQUIL ITER   2 COMPLETED.  NEW TRIANG MATRIX.  MAX DOF INC= -0.1364E-02
     FORCE CONVERGENCE VALUE  =  0.2621      CRITERION=   3.694     <<< CONVERGED
     DISP CONVERGENCE VALUE   =  0.9097E-03  CRITERION=  0.1374E-02 <<< CONVERGED
    EQUIL ITER   3 COMPLETED.  NEW TRIANG MATRIX.  MAX DOF INC = -0.9097E-03
    >>> SOLUTION CONVERGED AFTER EQUILIBRIUM ITERATION   3
 *** LOAD STEP    97   SUBSTEP     2  COMPLETED.    CUM ITER =    917
 *** TIME =   2.66667         TIME INC =  0.133333E-01
 *** MAX PLASTIC STRAIN STEP = 0.1513E-01   CRITERION = 0.9900    

 *****  ANSYS SOLVE    COMMAND  *****

 *** ANSYS - ENGINEERING ANALYSIS SYSTEM  RELEASE 2022 R1          22.1     ***
 Ansys Mechanical Enterprise                       
 00000000  VERSION=WINDOWS x64   15:08:23  SEP 24, 2024 CP=  60622.516

  Re=1 matmacico=8 E1=1500 pr=%pr% matrev=2 E2=30303.3845 vp=12.5              

 Note - This ANSYS version was linked by Licensee

 SOLUTION MONITORING INFO IS WRITTEN TO FILE= file.mntr                                                                                                                                                                                                                                                           

     FORCE CONVERGENCE VALUE  =   1.458      CRITERION=   3.547    
     DISP CONVERGENCE VALUE   =  0.4760E-02  CRITERION=  0.1319E-02
    EQUIL ITER   1 COMPLETED.  NEW TRIANG MATRIX.  MAX DOF INC=  0.4760E-02
     FORCE CONVERGENCE VALUE  =  0.5923      CRITERION=   3.620     <<< CONVERGED
     DISP CONVERGENCE VALUE   =  0.1886E-02  CRITERION=  0.1346E-02
    EQUIL ITER   2 COMPLETED.  NEW TRIANG MATRIX.  MAX DOF INC=  0.1886E-02
     FORCE CONVERGENCE VALUE  =  0.3261      CRITERION=   3.694     <<< CONVERGED
     DISP CONVERGENCE VALUE   =  0.1076E-02  CRITERION=  0.1374E-02 <<< CONVERGED
    EQUIL ITER   3 COMPLETED.  NEW TRIANG MATRIX.  MAX DOF INC =  0.1076E-02
    >>> SOLUTION CONVERGED AFTER EQUILIBRIUM ITERATION   3
 *** LOAD STEP    98   SUBSTEP     1  COMPLETED.    CUM ITER =    920
 *** TIME =   2.68000         TIME INC =  0.133333E-01
 *** MAX PLASTIC STRAIN STEP = 0.2914E-01   CRITERION = 0.9900    
 *** AUTO STEP TIME:  NEXT TIME INC = 0.13333E-01  UNCHANGED

     FORCE CONVERGENCE VALUE  =   1.009      CRITERION=   3.548    
     DISP CONVERGENCE VALUE   =  0.1725E-02  CRITERION=  0.1319E-02
    EQUIL ITER   1 COMPLETED.  NEW TRIANG MATRIX.  MAX DOF INC= -0.1725E-02
     FORCE CONVERGENCE VALUE  =  0.4417      CRITERION=   3.620     <<< CONVERGED
     DISP CONVERGENCE VALUE   =  0.1361E-02  CRITERION=  0.1346E-02
    EQUIL ITER   2 COMPLETED.  NEW TRIANG MATRIX.  MAX DOF INC= -0.1361E-02
     FORCE CONVERGENCE VALUE  =  0.2619      CRITERION=   3.694     <<< CONVERGED
     DISP CONVERGENCE VALUE   =  0.9062E-03  CRITERION=  0.1374E-02 <<< CONVERGED
    EQUIL ITER   3 COMPLETED.  NEW TRIANG MATRIX.  MAX DOF INC = -0.9062E-03
    >>> SOLUTION CONVERGED AFTER EQUILIBRIUM ITERATION   3
 *** LOAD STEP    98   SUBSTEP     2  COMPLETED.    CUM ITER =    923
 *** TIME =   2.69333         TIME INC =  0.133333E-01
 *** MAX PLASTIC STRAIN STEP = 0.1514E-01   CRITERION = 0.9900    

 *****  ANSYS SOLVE    COMMAND  *****

 *** ANSYS - ENGINEERING ANALYSIS SYSTEM  RELEASE 2022 R1          22.1     ***
 Ansys Mechanical Enterprise                       
 00000000  VERSION=WINDOWS x64   15:09:22  SEP 24, 2024 CP=  61046.328

  Re=1 matmacico=8 E1=1500 pr=%pr% matrev=2 E2=30303.3845 vp=12.5              

 Note - This ANSYS version was linked by Licensee

 SOLUTION MONITORING INFO IS WRITTEN TO FILE= file.mntr                                                                                                                                                                                                                                                           

     FORCE CONVERGENCE VALUE  =   1.450      CRITERION=   3.548    
     DISP CONVERGENCE VALUE   =  0.4772E-02  CRITERION=  0.1319E-02
    EQUIL ITER   1 COMPLETED.  NEW TRIANG MATRIX.  MAX DOF INC=  0.4772E-02
     FORCE CONVERGENCE VALUE  =  0.5919      CRITERION=   3.620     <<< CONVERGED
     DISP CONVERGENCE VALUE   =  0.1876E-02  CRITERION=  0.1346E-02
    EQUIL ITER   2 COMPLETED.  NEW TRIANG MATRIX.  MAX DOF INC=  0.1876E-02
     FORCE CONVERGENCE VALUE  =  0.3244      CRITERION=   3.694     <<< CONVERGED
     DISP CONVERGENCE VALUE   =  0.1068E-02  CRITERION=  0.1374E-02 <<< CONVERGED
    EQUIL ITER   3 COMPLETED.  NEW TRIANG MATRIX.  MAX DOF INC =  0.1068E-02
    >>> SOLUTION CONVERGED AFTER EQUILIBRIUM ITERATION   3
 *** LOAD STEP    99   SUBSTEP     1  COMPLETED.    CUM ITER =    926
 *** TIME =   2.70667         TIME INC =  0.133333E-01
 *** MAX PLASTIC STRAIN STEP = 0.2908E-01   CRITERION = 0.9900    
 *** AUTO STEP TIME:  NEXT TIME INC = 0.13333E-01  UNCHANGED

     FORCE CONVERGENCE VALUE  =  0.9954      CRITERION=   3.548    
     DISP CONVERGENCE VALUE   =  0.1736E-02  CRITERION=  0.1319E-02
    EQUIL ITER   1 COMPLETED.  NEW TRIANG MATRIX.  MAX DOF INC= -0.1736E-02
     FORCE CONVERGENCE VALUE  =  0.4429      CRITERION=   3.620     <<< CONVERGED
     DISP CONVERGENCE VALUE   =  0.1367E-02  CRITERION=  0.1346E-02
    EQUIL ITER   2 COMPLETED.  NEW TRIANG MATRIX.  MAX DOF INC= -0.1367E-02
     FORCE CONVERGENCE VALUE  =  0.2622      CRITERION=   3.694     <<< CONVERGED
     DISP CONVERGENCE VALUE   =  0.9029E-03  CRITERION=  0.1374E-02 <<< CONVERGED
    EQUIL ITER   3 COMPLETED.  NEW TRIANG MATRIX.  MAX DOF INC = -0.9029E-03
    >>> SOLUTION CONVERGED AFTER EQUILIBRIUM ITERATION   3
 *** LOAD STEP    99   SUBSTEP     2  COMPLETED.    CUM ITER =    929
 *** TIME =   2.72000         TIME INC =  0.133333E-01
 *** MAX PLASTIC STRAIN STEP = 0.1506E-01   CRITERION = 0.9900    

 *****  ANSYS SOLVE    COMMAND  *****

 *** ANSYS - ENGINEERING ANALYSIS SYSTEM  RELEASE 2022 R1          22.1     ***
 Ansys Mechanical Enterprise                       
 00000000  VERSION=WINDOWS x64   15:10:21  SEP 24, 2024 CP=  61469.828

  Re=1 matmacico=8 E1=1500 pr=%pr% matrev=2 E2=30303.3845 vp=12.5              

 Note - This ANSYS version was linked by Licensee

 SOLUTION MONITORING INFO IS WRITTEN TO FILE= file.mntr                                                                                                                                                                                                                                                           

     FORCE CONVERGENCE VALUE  =   2.093      CRITERION=   3.548    
     DISP CONVERGENCE VALUE   =  0.1691E-02  CRITERION=  0.1319E-02
    EQUIL ITER   1 COMPLETED.  NEW TRIANG MATRIX.  MAX DOF INC=  0.1691E-02
     FORCE CONVERGENCE VALUE  =  0.1358      CRITERION=   3.620     <<< CONVERGED
     DISP CONVERGENCE VALUE   =  0.1717E-03  CRITERION=  0.1346E-02 <<< CONVERGED
    EQUIL ITER   2 COMPLETED.  NEW TRIANG MATRIX.  MAX DOF INC =  0.1717E-03
    >>> SOLUTION CONVERGED AFTER EQUILIBRIUM ITERATION   2
 *** LOAD STEP   100   SUBSTEP     1  COMPLETED.    CUM ITER =    931
 *** TIME =   2.73333         TIME INC =  0.133333E-01
 *** MAX PLASTIC STRAIN STEP = 0.3415E-02   CRITERION = 0.9900    
 *** AUTO STEP TIME:  NEXT TIME INC = 0.13333E-01  UNCHANGED

     FORCE CONVERGENCE VALUE  =   2.058      CRITERION=   3.548    
     DISP CONVERGENCE VALUE   =  0.1527E-02  CRITERION=  0.1319E-02
    EQUIL ITER   1 COMPLETED.  NEW TRIANG MATRIX.  MAX DOF INC= -0.1527E-02
     FORCE CONVERGENCE VALUE  =  0.1494      CRITERION=   3.620     <<< CONVERGED
     DISP CONVERGENCE VALUE   =  0.1933E-03  CRITERION=  0.1346E-02 <<< CONVERGED
    EQUIL ITER   2 COMPLETED.  NEW TRIANG MATRIX.  MAX DOF INC = -0.1933E-03
    >>> SOLUTION CONVERGED AFTER EQUILIBRIUM ITERATION   2
 *** LOAD STEP   100   SUBSTEP     2  COMPLETED.    CUM ITER =    933
 *** TIME =   2.74667         TIME INC =  0.133333E-01
 *** MAX PLASTIC STRAIN STEP = 0.5962E-03   CRITERION = 0.9900    

 PARAMETER NP2 =     0.000000000    

 *IF  analise2                          ( =   1.00000     )  EQ  
      1                                 ( =   1.00000     )  THEN    

 *DO LOOP ON PARAMETER= I FROM  1.0000     TO  30.000     BY  1.0000    

 TIME=  102.75    

 USE INITIAL TIME STEP SIZE OF  50.00000     FOR ALL  DEGREES OF FREEDOM
 FOR AUTOMATIC TIME STEPPING:
   USE  50.00000     AS THE MINIMUM TIME STEP SIZE
   USE  100.0000     AS THE MAXIMUM TIME STEP SIZE
   USE THE FINAL TIME STEP SIZE OF THE PREVIOUS LOAD STEP
     AS THE STARTING TIME STEP SIZE.

 ALL CURRENT ANSYS DATA WRITTEN TO FILE NAME= file.db
  FOR POSSIBLE RESUME FROM THIS POINT

 *****  ANSYS SOLVE    COMMAND  *****

 *** ANSYS - ENGINEERING ANALYSIS SYSTEM  RELEASE 2022 R1          22.1     ***
 Ansys Mechanical Enterprise                       
 00000000  VERSION=WINDOWS x64   15:11:03  SEP 24, 2024 CP=  61761.578

  Re=1 matmacico=8 E1=1500 pr=%pr% matrev=2 E2=30303.3845 vp=12.5              

 Note - This ANSYS version was linked by Licensee

                      L O A D   S T E P   O P T I O N S

   LOAD STEP NUMBER. . . . . . . . . . . . . . . .   101
   TIME AT END OF THE LOAD STEP. . . . . . . . . .  102.75    
   AUTOMATIC TIME STEPPING . . . . . . . . . . . .    ON
      STARTING TIME STEP SIZE. . . . . . . . . . .  50.000    
      MINIMUM TIME STEP SIZE . . . . . . . . . . .  50.000    
      MAXIMUM TIME STEP SIZE . . . . . . . . . . .  100.00    
      START WITH TIME STEP FROM PREVIOUS SUBSTEP .   YES
   MAXIMUM NUMBER OF EQUILIBRIUM ITERATIONS. . . .    15
   STEP CHANGE BOUNDARY CONDITIONS . . . . . . . .    NO
   TERMINATE ANALYSIS IF NOT CONVERGED . . . . . .YES (EXIT)  
   CONVERGENCE CONTROLS. . . . . . . . . . . . . .USE DEFAULTS
   COPY INTEGRATION POINT VALUES TO NODE . . . . .YES, FOR ELEMENTS WITH
                                                  ACTIVE MAT. NONLINEARITIES
   PRINT OUTPUT CONTROLS . . . . . . . . . . . . .NO PRINTOUT
   DATABASE OUTPUT CONTROLS
      ITEM     FREQUENCY   COMPONENT
      ESOL       LAST               
      SVAR        ALL               


 SOLUTION MONITORING INFO IS WRITTEN TO FILE= file.mntr                                                                                                                                                                                                                                                           

     FORCE CONVERGENCE VALUE  =   9.161      CRITERION=   3.547    
     DISP CONVERGENCE VALUE   =  0.1344E-02  CRITERION=  0.1319E-02
    EQUIL ITER   1 COMPLETED.  NEW TRIANG MATRIX.  MAX DOF INC= -0.1344E-02
     FORCE CONVERGENCE VALUE  =  0.2462E-03  CRITERION=   3.621     <<< CONVERGED
     DISP CONVERGENCE VALUE   =  0.1546E-06  CRITERION=  0.1346E-02 <<< CONVERGED
    EQUIL ITER   2 COMPLETED.  NEW TRIANG MATRIX.  MAX DOF INC = -0.1546E-06
    >>> SOLUTION CONVERGED AFTER EQUILIBRIUM ITERATION   2
 *** LOAD STEP   101   SUBSTEP     1  COMPLETED.    CUM ITER =    935
 *** TIME =   52.7467         TIME INC =   50.0000    
 *** MAX PLASTIC STRAIN STEP = 0.4536E-02   CRITERION = 0.9900    
 *** AUTO STEP TIME:  NEXT TIME INC =  50.000      UNCHANGED

     FORCE CONVERGENCE VALUE  =   5.419      CRITERION=   3.550    
     DISP CONVERGENCE VALUE   =  0.5119E-03  CRITERION=  0.1319E-02 <<< CONVERGED
    EQUIL ITER   1 COMPLETED.  NEW TRIANG MATRIX.  MAX DOF INC= -0.5119E-03
     FORCE CONVERGENCE VALUE  =  0.1124E-03  CRITERION=   3.621     <<< CONVERGED
    >>> SOLUTION CONVERGED AFTER EQUILIBRIUM ITERATION   1
 *** LOAD STEP   101   SUBSTEP     2  COMPLETED.    CUM ITER =    936
 *** TIME =   102.747         TIME INC =   50.0000    
 *** MAX PLASTIC STRAIN STEP = 0.4728E-02   CRITERION = 0.9900    

 PARAMETER NP2 =     1.000000000    

 PARAMETER CRITERIO(NP2,1) =     102.7466667    

 PARAMETER UANTERIOR =    0.1007893326E-01

 *GET  UATUAL    FROM  NODE   2183  ITEM=U    SUM   VALUE= 0.107138767E-01

 PARAMETER DELTAU =    0.6349434079E-03

 PARAMETER CRITERIO(NP2,2) =    0.6349434079E-03

 PARAMETER CRITERIO(NP2,3) =    0.1071387667E-01

 *ENDDO  INDEX= I                               

 *****  ANSYS SOLVE    COMMAND  *****

 *** ANSYS - ENGINEERING ANALYSIS SYSTEM  RELEASE 2022 R1          22.1     ***
 Ansys Mechanical Enterprise                       
 00000000  VERSION=WINDOWS x64   15:11:37  SEP 24, 2024 CP=  61999.625

  Re=1 matmacico=8 E1=1500 pr=%pr% matrev=2 E2=30303.3845 vp=12.5              

 Note - This ANSYS version was linked by Licensee

 SOLUTION MONITORING INFO IS WRITTEN TO FILE= file.mntr                                                                                                                                                                                                                                                           

     FORCE CONVERGENCE VALUE  =   3.398      CRITERION=   3.549    
     DISP CONVERGENCE VALUE   =  0.5879E-03  CRITERION=  0.1319E-02 <<< CONVERGED
    EQUIL ITER   1 COMPLETED.  NEW TRIANG MATRIX.  MAX DOF INC= -0.5879E-03
     FORCE CONVERGENCE VALUE  =  0.8072E-04  CRITERION=   3.622     <<< CONVERGED
    >>> SOLUTION CONVERGED AFTER EQUILIBRIUM ITERATION   1
 *** LOAD STEP   102   SUBSTEP     1  COMPLETED.    CUM ITER =    937
 *** TIME =   152.747         TIME INC =   50.0000    
 *** MAX PLASTIC STRAIN STEP = 0.3420E-02   CRITERION = 0.9900    
 *** AUTO STEP TIME:  NEXT TIME INC =  50.000      UNCHANGED

     FORCE CONVERGENCE VALUE  =  0.8703      CRITERION=   3.550    
     DISP CONVERGENCE VALUE   =  0.2011E-03  CRITERION=  0.1319E-02 <<< CONVERGED
    EQUIL ITER   1 COMPLETED.  NEW TRIANG MATRIX.  MAX DOF INC=  0.2011E-03
     FORCE CONVERGENCE VALUE  =  0.2791E-04  CRITERION=   3.622     <<< CONVERGED
    >>> SOLUTION CONVERGED AFTER EQUILIBRIUM ITERATION   1
 *** LOAD STEP   102   SUBSTEP     2  COMPLETED.    CUM ITER =    938
 *** TIME =   202.747         TIME INC =   50.0000    
 *** MAX PLASTIC STRAIN STEP = 0.2502E-02   CRITERION = 0.9900    

 *****  ANSYS SOLVE    COMMAND  *****

 *** ANSYS - ENGINEERING ANALYSIS SYSTEM  RELEASE 2022 R1          22.1     ***
 Ansys Mechanical Enterprise                       
 00000000  VERSION=WINDOWS x64   15:12:05  SEP 24, 2024 CP=  62182.859

  Re=1 matmacico=8 E1=1500 pr=%pr% matrev=2 E2=30303.3845 vp=12.5              

 Note - This ANSYS version was linked by Licensee

 SOLUTION MONITORING INFO IS WRITTEN TO FILE= file.mntr                                                                                                                                                                                                                                                           

     FORCE CONVERGENCE VALUE  =   2.200      CRITERION=   3.549    
     DISP CONVERGENCE VALUE   =  0.2658E-03  CRITERION=  0.1319E-02 <<< CONVERGED
    EQUIL ITER   1 COMPLETED.  NEW TRIANG MATRIX.  MAX DOF INC= -0.2658E-03
     FORCE CONVERGENCE VALUE  =  0.3689E-04  CRITERION=   3.622     <<< CONVERGED
    >>> SOLUTION CONVERGED AFTER EQUILIBRIUM ITERATION   1
 *** LOAD STEP   103   SUBSTEP     1  COMPLETED.    CUM ITER =    939
 *** TIME =   252.747         TIME INC =   50.0000    
 *** MAX PLASTIC STRAIN STEP = 0.1911E-02   CRITERION = 0.9900    
 *** AUTO STEP TIME:  NEXT TIME INC =  50.000      UNCHANGED

     FORCE CONVERGENCE VALUE  =  0.3631      CRITERION=   3.550    
     DISP CONVERGENCE VALUE   =  0.8117E-04  CRITERION=  0.1319E-02 <<< CONVERGED
    EQUIL ITER   1 COMPLETED.  NEW TRIANG MATRIX.  MAX DOF INC=  0.8117E-04
     FORCE CONVERGENCE VALUE  =  0.1006E-04  CRITERION=   3.622     <<< CONVERGED
    >>> SOLUTION CONVERGED AFTER EQUILIBRIUM ITERATION   1
 *** LOAD STEP   103   SUBSTEP     2  COMPLETED.    CUM ITER =    940
 *** TIME =   302.747         TIME INC =   50.0000    
 *** MAX PLASTIC STRAIN STEP = 0.1474E-02   CRITERION = 0.9900    

 *****  ANSYS SOLVE    COMMAND  *****

 *** ANSYS - ENGINEERING ANALYSIS SYSTEM  RELEASE 2022 R1          22.1     ***
 Ansys Mechanical Enterprise                       
 00000000  VERSION=WINDOWS x64   15:12:32  SEP 24, 2024 CP=  62367.984

  Re=1 matmacico=8 E1=1500 pr=%pr% matrev=2 E2=30303.3845 vp=12.5              

 Note - This ANSYS version was linked by Licensee

 SOLUTION MONITORING INFO IS WRITTEN TO FILE= file.mntr                                                                                                                                                                                                                                                           

     FORCE CONVERGENCE VALUE  =   1.643      CRITERION=   3.550    
     DISP CONVERGENCE VALUE   =  0.1359E-03  CRITERION=  0.1319E-02 <<< CONVERGED
    EQUIL ITER   1 COMPLETED.  NEW TRIANG MATRIX.  MAX DOF INC= -0.1359E-03
     FORCE CONVERGENCE VALUE  =  0.2065E-04  CRITERION=   3.622     <<< CONVERGED
    >>> SOLUTION CONVERGED AFTER EQUILIBRIUM ITERATION   1
 *** LOAD STEP   104   SUBSTEP     1  COMPLETED.    CUM ITER =    941
 *** TIME =   352.747         TIME INC =   50.0000    
 *** MAX PLASTIC STRAIN STEP = 0.1153E-02   CRITERION = 0.9900    
 *** AUTO STEP TIME:  NEXT TIME INC =  50.000      UNCHANGED

     FORCE CONVERGENCE VALUE  =  0.2007      CRITERION=   3.550    
     DISP CONVERGENCE VALUE   =  0.3441E-04  CRITERION=  0.1319E-02 <<< CONVERGED
    EQUIL ITER   1 COMPLETED.  NEW TRIANG MATRIX.  MAX DOF INC=  0.3441E-04
     FORCE CONVERGENCE VALUE  =  0.4282E-05  CRITERION=   3.622     <<< CONVERGED
    >>> SOLUTION CONVERGED AFTER EQUILIBRIUM ITERATION   1
 *** LOAD STEP   104   SUBSTEP     2  COMPLETED.    CUM ITER =    942
 *** TIME =   402.747         TIME INC =   50.0000    
 *** MAX PLASTIC STRAIN STEP = 0.9179E-03   CRITERION = 0.9900    

 *****  ANSYS SOLVE    COMMAND  *****

 *** ANSYS - ENGINEERING ANALYSIS SYSTEM  RELEASE 2022 R1          22.1     ***
 Ansys Mechanical Enterprise                       
 00000000  VERSION=WINDOWS x64   15:13:00  SEP 24, 2024 CP=  62551.219

  Re=1 matmacico=8 E1=1500 pr=%pr% matrev=2 E2=30303.3845 vp=12.5              

 Note - This ANSYS version was linked by Licensee

 SOLUTION MONITORING INFO IS WRITTEN TO FILE= file.mntr                                                                                                                                                                                                                                                           

     FORCE CONVERGENCE VALUE  =   1.318      CRITERION=   3.550    
     DISP CONVERGENCE VALUE   =  0.7864E-04  CRITERION=  0.1319E-02 <<< CONVERGED
    EQUIL ITER   1 COMPLETED.  NEW TRIANG MATRIX.  MAX DOF INC= -0.7864E-04
     FORCE CONVERGENCE VALUE  =  0.1364E-04  CRITERION=   3.622     <<< CONVERGED
    >>> SOLUTION CONVERGED AFTER EQUILIBRIUM ITERATION   1
 *** LOAD STEP   105   SUBSTEP     1  COMPLETED.    CUM ITER =    943
 *** TIME =   452.747         TIME INC =   50.0000    
 *** MAX PLASTIC STRAIN STEP = 0.7446E-03   CRITERION = 0.9900    
 *** AUTO STEP TIME:  NEXT TIME INC =  50.000      UNCHANGED

     FORCE CONVERGENCE VALUE  =  0.1287      CRITERION=   3.550    
     DISP CONVERGENCE VALUE   =  0.1586E-04  CRITERION=  0.1319E-02 <<< CONVERGED
    EQUIL ITER   1 COMPLETED.  NEW TRIANG MATRIX.  MAX DOF INC=  0.1586E-04
     FORCE CONVERGENCE VALUE  =  0.2042E-05  CRITERION=   3.623     <<< CONVERGED
    >>> SOLUTION CONVERGED AFTER EQUILIBRIUM ITERATION   1
 *** LOAD STEP   105   SUBSTEP     2  COMPLETED.    CUM ITER =    944
 *** TIME =   502.747         TIME INC =   50.0000    
 *** MAX PLASTIC STRAIN STEP = 0.6163E-03   CRITERION = 0.9900    

 *****  ANSYS SOLVE    COMMAND  *****

 *** ANSYS - ENGINEERING ANALYSIS SYSTEM  RELEASE 2022 R1          22.1     ***
 Ansys Mechanical Enterprise                       
 00000000  VERSION=WINDOWS x64   15:13:27  SEP 24, 2024 CP=  62734.531

  Re=1 matmacico=8 E1=1500 pr=%pr% matrev=2 E2=30303.3845 vp=12.5              

 Note - This ANSYS version was linked by Licensee

 SOLUTION MONITORING INFO IS WRITTEN TO FILE= file.mntr                                                                                                                                                                                                                                                           

     FORCE CONVERGENCE VALUE  =   1.102      CRITERION=   3.550    
     DISP CONVERGENCE VALUE   =  0.5178E-04  CRITERION=  0.1319E-02 <<< CONVERGED
    EQUIL ITER   1 COMPLETED.  NEW TRIANG MATRIX.  MAX DOF INC= -0.5178E-04
     FORCE CONVERGENCE VALUE  =  0.1020E-04  CRITERION=   3.623     <<< CONVERGED
    >>> SOLUTION CONVERGED AFTER EQUILIBRIUM ITERATION   1
 *** LOAD STEP   106   SUBSTEP     1  COMPLETED.    CUM ITER =    945
 *** TIME =   552.747         TIME INC =   50.0000    
 *** MAX PLASTIC STRAIN STEP = 0.5204E-03   CRITERION = 0.9900    
 *** AUTO STEP TIME:  NEXT TIME INC =  50.000      UNCHANGED

     FORCE CONVERGENCE VALUE  =  0.9077E-01  CRITERION=   3.550    
     DISP CONVERGENCE VALUE   =  0.7852E-05  CRITERION=  0.1319E-02 <<< CONVERGED
    EQUIL ITER   1 COMPLETED.  NEW TRIANG MATRIX.  MAX DOF INC=  0.7852E-05
     FORCE CONVERGENCE VALUE  =  0.1106E-05  CRITERION=   3.623     <<< CONVERGED
    >>> SOLUTION CONVERGED AFTER EQUILIBRIUM ITERATION   1
 *** LOAD STEP   106   SUBSTEP     2  COMPLETED.    CUM ITER =    946
 *** TIME =   602.747         TIME INC =   50.0000    
 *** MAX PLASTIC STRAIN STEP = 0.4479E-03   CRITERION = 0.9900    

 *****  ANSYS SOLVE    COMMAND  *****

 *** ANSYS - ENGINEERING ANALYSIS SYSTEM  RELEASE 2022 R1          22.1     ***
 Ansys Mechanical Enterprise                       
 00000000  VERSION=WINDOWS x64   15:13:54  SEP 24, 2024 CP=  62918.219

  Re=1 matmacico=8 E1=1500 pr=%pr% matrev=2 E2=30303.3845 vp=12.5              

 Note - This ANSYS version was linked by Licensee

 SOLUTION MONITORING INFO IS WRITTEN TO FILE= file.mntr                                                                                                                                                                                                                                                           

     FORCE CONVERGENCE VALUE  =  0.9464      CRITERION=   3.550    
     DISP CONVERGENCE VALUE   =  0.3931E-04  CRITERION=  0.1319E-02 <<< CONVERGED
    EQUIL ITER   1 COMPLETED.  NEW TRIANG MATRIX.  MAX DOF INC=  0.3931E-04
     FORCE CONVERGENCE VALUE  =  0.8261E-05  CRITERION=   3.623     <<< CONVERGED
    >>> SOLUTION CONVERGED AFTER EQUILIBRIUM ITERATION   1
 *** LOAD STEP   107   SUBSTEP     1  COMPLETED.    CUM ITER =    947
 *** TIME =   652.747         TIME INC =   50.0000    
 *** MAX PLASTIC STRAIN STEP = 0.3923E-03   CRITERION = 0.9900    
 *** AUTO STEP TIME:  NEXT TIME INC =  50.000      UNCHANGED

     FORCE CONVERGENCE VALUE  =  0.6825E-01  CRITERION=   3.550    
     DISP CONVERGENCE VALUE   =  0.4285E-05  CRITERION=  0.1319E-02 <<< CONVERGED
    EQUIL ITER   1 COMPLETED.  NEW TRIANG MATRIX.  MAX DOF INC=  0.4285E-05
     FORCE CONVERGENCE VALUE  =  0.6876E-06  CRITERION=   3.623     <<< CONVERGED
    >>> SOLUTION CONVERGED AFTER EQUILIBRIUM ITERATION   1
 *** LOAD STEP   107   SUBSTEP     2  COMPLETED.    CUM ITER =    948
 *** TIME =   702.747         TIME INC =   50.0000    
 *** MAX PLASTIC STRAIN STEP = 0.3488E-03   CRITERION = 0.9900    

 *****  ANSYS SOLVE    COMMAND  *****

 *** ANSYS - ENGINEERING ANALYSIS SYSTEM  RELEASE 2022 R1          22.1     ***
 Ansys Mechanical Enterprise                       
 00000000  VERSION=WINDOWS x64   15:14:22  SEP 24, 2024 CP=  63102.578

  Re=1 matmacico=8 E1=1500 pr=%pr% matrev=2 E2=30303.3845 vp=12.5              

 Note - This ANSYS version was linked by Licensee

 SOLUTION MONITORING INFO IS WRITTEN TO FILE= file.mntr                                                                                                                                                                                                                                                           

     FORCE CONVERGENCE VALUE  =  0.8274      CRITERION=   3.550    
     DISP CONVERGENCE VALUE   =  0.3247E-04  CRITERION=  0.1319E-02 <<< CONVERGED
    EQUIL ITER   1 COMPLETED.  NEW TRIANG MATRIX.  MAX DOF INC=  0.3247E-04
     FORCE CONVERGENCE VALUE  =  0.7010E-05  CRITERION=   3.623     <<< CONVERGED
    >>> SOLUTION CONVERGED AFTER EQUILIBRIUM ITERATION   1
 *** LOAD STEP   108   SUBSTEP     1  COMPLETED.    CUM ITER =    949
 *** TIME =   752.747         TIME INC =   50.0000    
 *** MAX PLASTIC STRAIN STEP = 0.3142E-03   CRITERION = 0.9900    
 *** AUTO STEP TIME:  NEXT TIME INC =  50.000      UNCHANGED

     FORCE CONVERGENCE VALUE  =  0.5366E-01  CRITERION=   3.550    
     DISP CONVERGENCE VALUE   =  0.2625E-05  CRITERION=  0.1319E-02 <<< CONVERGED
    EQUIL ITER   1 COMPLETED.  NEW TRIANG MATRIX.  MAX DOF INC=  0.2625E-05
     FORCE CONVERGENCE VALUE  =  0.4824E-06  CRITERION=   3.623     <<< CONVERGED
    >>> SOLUTION CONVERGED AFTER EQUILIBRIUM ITERATION   1
 *** LOAD STEP   108   SUBSTEP     2  COMPLETED.    CUM ITER =    950
 *** TIME =   802.747         TIME INC =   50.0000    
 *** MAX PLASTIC STRAIN STEP = 0.2862E-03   CRITERION = 0.9900    

 *****  ANSYS SOLVE    COMMAND  *****

 *** ANSYS - ENGINEERING ANALYSIS SYSTEM  RELEASE 2022 R1          22.1     ***
 Ansys Mechanical Enterprise                       
 00000000  VERSION=WINDOWS x64   15:14:49  SEP 24, 2024 CP=  63287.547

  Re=1 matmacico=8 E1=1500 pr=%pr% matrev=2 E2=30303.3845 vp=12.5              

 Note - This ANSYS version was linked by Licensee

 SOLUTION MONITORING INFO IS WRITTEN TO FILE= file.mntr                                                                                                                                                                                                                                                           

     FORCE CONVERGENCE VALUE  =  0.7327      CRITERION=   3.550    
     DISP CONVERGENCE VALUE   =  0.2786E-04  CRITERION=  0.1319E-02 <<< CONVERGED
    EQUIL ITER   1 COMPLETED.  NEW TRIANG MATRIX.  MAX DOF INC=  0.2786E-04
     FORCE CONVERGENCE VALUE  =  0.6108E-05  CRITERION=   3.623     <<< CONVERGED
    >>> SOLUTION CONVERGED AFTER EQUILIBRIUM ITERATION   1
 *** LOAD STEP   109   SUBSTEP     1  COMPLETED.    CUM ITER =    951
 *** TIME =   852.747         TIME INC =   50.0000    
 *** MAX PLASTIC STRAIN STEP = 0.2630E-03   CRITERION = 0.9900    
 *** AUTO STEP TIME:  NEXT TIME INC =  50.000      UNCHANGED

     FORCE CONVERGENCE VALUE  =  0.4353E-01  CRITERION=   3.550    
     DISP CONVERGENCE VALUE   =  0.1819E-05  CRITERION=  0.1319E-02 <<< CONVERGED
    EQUIL ITER   1 COMPLETED.  NEW TRIANG MATRIX.  MAX DOF INC= -0.1819E-05
     FORCE CONVERGENCE VALUE  =  0.3694E-06  CRITERION=   3.623     <<< CONVERGED
    >>> SOLUTION CONVERGED AFTER EQUILIBRIUM ITERATION   1
 *** LOAD STEP   109   SUBSTEP     2  COMPLETED.    CUM ITER =    952
 *** TIME =   902.747         TIME INC =   50.0000    
 *** MAX PLASTIC STRAIN STEP = 0.2436E-03   CRITERION = 0.9900    

 *****  ANSYS SOLVE    COMMAND  *****

 *** ANSYS - ENGINEERING ANALYSIS SYSTEM  RELEASE 2022 R1          22.1     ***
 Ansys Mechanical Enterprise                       
 00000000  VERSION=WINDOWS x64   15:15:16  SEP 24, 2024 CP=  63472.375

  Re=1 matmacico=8 E1=1500 pr=%pr% matrev=2 E2=30303.3845 vp=12.5              

 Note - This ANSYS version was linked by Licensee

 SOLUTION MONITORING INFO IS WRITTEN TO FILE= file.mntr                                                                                                                                                                                                                                                           

     FORCE CONVERGENCE VALUE  =  0.6551      CRITERION=   3.550    
     DISP CONVERGENCE VALUE   =  0.2443E-04  CRITERION=  0.1319E-02 <<< CONVERGED
    EQUIL ITER   1 COMPLETED.  NEW TRIANG MATRIX.  MAX DOF INC=  0.2443E-04
     FORCE CONVERGENCE VALUE  =  0.5407E-05  CRITERION=   3.623     <<< CONVERGED
    >>> SOLUTION CONVERGED AFTER EQUILIBRIUM ITERATION   1
 *** LOAD STEP   110   SUBSTEP     1  COMPLETED.    CUM ITER =    953
 *** TIME =   952.747         TIME INC =   50.0000    
 *** MAX PLASTIC STRAIN STEP = 0.2269E-03   CRITERION = 0.9900    
 *** AUTO STEP TIME:  NEXT TIME INC =  50.000      UNCHANGED

     FORCE CONVERGENCE VALUE  =  0.3611E-01  CRITERION=   3.550    
     DISP CONVERGENCE VALUE   =  0.1423E-05  CRITERION=  0.1319E-02 <<< CONVERGED
    EQUIL ITER   1 COMPLETED.  NEW TRIANG MATRIX.  MAX DOF INC= -0.1423E-05
     FORCE CONVERGENCE VALUE  =  0.2992E-06  CRITERION=   3.623     <<< CONVERGED
    >>> SOLUTION CONVERGED AFTER EQUILIBRIUM ITERATION   1
 *** LOAD STEP   110   SUBSTEP     2  COMPLETED.    CUM ITER =    954
 *** TIME =   1002.75         TIME INC =   50.0000    
 *** MAX PLASTIC STRAIN STEP = 0.2124E-03   CRITERION = 0.9900    

 *****  ANSYS SOLVE    COMMAND  *****

 *** ANSYS - ENGINEERING ANALYSIS SYSTEM  RELEASE 2022 R1          22.1     ***
 Ansys Mechanical Enterprise                       
 00000000  VERSION=WINDOWS x64   15:15:43  SEP 24, 2024 CP=  63654.344

  Re=1 matmacico=8 E1=1500 pr=%pr% matrev=2 E2=30303.3845 vp=12.5              

 Note - This ANSYS version was linked by Licensee

 SOLUTION MONITORING INFO IS WRITTEN TO FILE= file.mntr                                                                                                                                                                                                                                                           

     FORCE CONVERGENCE VALUE  =  0.5903      CRITERION=   3.550    
     DISP CONVERGENCE VALUE   =  0.2171E-04  CRITERION=  0.1319E-02 <<< CONVERGED
    EQUIL ITER   1 COMPLETED.  NEW TRIANG MATRIX.  MAX DOF INC=  0.2171E-04
     FORCE CONVERGENCE VALUE  =  0.4834E-05  CRITERION=   3.623     <<< CONVERGED
    >>> SOLUTION CONVERGED AFTER EQUILIBRIUM ITERATION   1
 *** LOAD STEP   111   SUBSTEP     1  COMPLETED.    CUM ITER =    955
 *** TIME =   1052.75         TIME INC =   50.0000    
 *** MAX PLASTIC STRAIN STEP = 0.1996E-03   CRITERION = 0.9900    
 *** AUTO STEP TIME:  NEXT TIME INC =  50.000      UNCHANGED

     FORCE CONVERGENCE VALUE  =  0.3046E-01  CRITERION=   3.550    
     DISP CONVERGENCE VALUE   =  0.1171E-05  CRITERION=  0.1319E-02 <<< CONVERGED
    EQUIL ITER   1 COMPLETED.  NEW TRIANG MATRIX.  MAX DOF INC= -0.1171E-05
     FORCE CONVERGENCE VALUE  =  0.2507E-06  CRITERION=   3.623     <<< CONVERGED
    >>> SOLUTION CONVERGED AFTER EQUILIBRIUM ITERATION   1
 *** LOAD STEP   111   SUBSTEP     2  COMPLETED.    CUM ITER =    956
 *** TIME =   1102.75         TIME INC =   50.0000    
 *** MAX PLASTIC STRAIN STEP = 0.1881E-03   CRITERION = 0.9900    

 *****  ANSYS SOLVE    COMMAND  *****

 *** ANSYS - ENGINEERING ANALYSIS SYSTEM  RELEASE 2022 R1          22.1     ***
 Ansys Mechanical Enterprise                       
 00000000  VERSION=WINDOWS x64   15:16:11  SEP 24, 2024 CP=  63837.844

  Re=1 matmacico=8 E1=1500 pr=%pr% matrev=2 E2=30303.3845 vp=12.5              

 Note - This ANSYS version was linked by Licensee

 SOLUTION MONITORING INFO IS WRITTEN TO FILE= file.mntr                                                                                                                                                                                                                                                           

     FORCE CONVERGENCE VALUE  =  0.5352      CRITERION=   3.550    
     DISP CONVERGENCE VALUE   =  0.1946E-04  CRITERION=  0.1319E-02 <<< CONVERGED
    EQUIL ITER   1 COMPLETED.  NEW TRIANG MATRIX.  MAX DOF INC=  0.1946E-04
     FORCE CONVERGENCE VALUE  =  0.4351E-05  CRITERION=   3.623     <<< CONVERGED
    >>> SOLUTION CONVERGED AFTER EQUILIBRIUM ITERATION   1
 *** LOAD STEP   112   SUBSTEP     1  COMPLETED.    CUM ITER =    957
 *** TIME =   1152.75         TIME INC =   50.0000    
 *** MAX PLASTIC STRAIN STEP = 0.1779E-03   CRITERION = 0.9900    
 *** AUTO STEP TIME:  NEXT TIME INC =  50.000      UNCHANGED

     FORCE CONVERGENCE VALUE  =  0.2603E-01  CRITERION=   3.550    
     DISP CONVERGENCE VALUE   =  0.9878E-06  CRITERION=  0.1319E-02 <<< CONVERGED
    EQUIL ITER   1 COMPLETED.  NEW TRIANG MATRIX.  MAX DOF INC= -0.9878E-06
     FORCE CONVERGENCE VALUE  =  0.2147E-06  CRITERION=   3.623     <<< CONVERGED
    >>> SOLUTION CONVERGED AFTER EQUILIBRIUM ITERATION   1
 *** LOAD STEP   112   SUBSTEP     2  COMPLETED.    CUM ITER =    958
 *** TIME =   1202.75         TIME INC =   50.0000    
 *** MAX PLASTIC STRAIN STEP = 0.1685E-03   CRITERION = 0.9900    

 *****  ANSYS SOLVE    COMMAND  *****

 *** ANSYS - ENGINEERING ANALYSIS SYSTEM  RELEASE 2022 R1          22.1     ***
 Ansys Mechanical Enterprise                       
 00000000  VERSION=WINDOWS x64   15:16:38  SEP 24, 2024 CP=  64021.500

  Re=1 matmacico=8 E1=1500 pr=%pr% matrev=2 E2=30303.3845 vp=12.5              

 Note - This ANSYS version was linked by Licensee

 SOLUTION MONITORING INFO IS WRITTEN TO FILE= file.mntr                                                                                                                                                                                                                                                           

     FORCE CONVERGENCE VALUE  =  0.4878      CRITERION=   3.550    
     DISP CONVERGENCE VALUE   =  0.1755E-04  CRITERION=  0.1319E-02 <<< CONVERGED
    EQUIL ITER   1 COMPLETED.  NEW TRIANG MATRIX.  MAX DOF INC=  0.1755E-04
     FORCE CONVERGENCE VALUE  =  0.3935E-05  CRITERION=   3.623     <<< CONVERGED
    >>> SOLUTION CONVERGED AFTER EQUILIBRIUM ITERATION   1
 *** LOAD STEP   113   SUBSTEP     1  COMPLETED.    CUM ITER =    959
 *** TIME =   1252.75         TIME INC =   50.0000    
 *** MAX PLASTIC STRAIN STEP = 0.1600E-03   CRITERION = 0.9900    
 *** AUTO STEP TIME:  NEXT TIME INC =  50.000      UNCHANGED

     FORCE CONVERGENCE VALUE  =  0.2249E-01  CRITERION=   3.550    
     DISP CONVERGENCE VALUE   =  0.8514E-06  CRITERION=  0.1319E-02 <<< CONVERGED
    EQUIL ITER   1 COMPLETED.  NEW TRIANG MATRIX.  MAX DOF INC= -0.8514E-06
     FORCE CONVERGENCE VALUE  =  0.1865E-06  CRITERION=   3.623     <<< CONVERGED
    >>> SOLUTION CONVERGED AFTER EQUILIBRIUM ITERATION   1
 *** LOAD STEP   113   SUBSTEP     2  COMPLETED.    CUM ITER =    960
 *** TIME =   1302.75         TIME INC =   50.0000    
 *** MAX PLASTIC STRAIN STEP = 0.1521E-03   CRITERION = 0.9900    

 *****  ANSYS SOLVE    COMMAND  *****

 *** ANSYS - ENGINEERING ANALYSIS SYSTEM  RELEASE 2022 R1          22.1     ***
 Ansys Mechanical Enterprise                       
 00000000  VERSION=WINDOWS x64   15:17:06  SEP 24, 2024 CP=  64205.188

  Re=1 matmacico=8 E1=1500 pr=%pr% matrev=2 E2=30303.3845 vp=12.5              

 Note - This ANSYS version was linked by Licensee

 SOLUTION MONITORING INFO IS WRITTEN TO FILE= file.mntr                                                                                                                                                                                                                                                           

     FORCE CONVERGENCE VALUE  =  0.4468      CRITERION=   3.550    
     DISP CONVERGENCE VALUE   =  0.1590E-04  CRITERION=  0.1319E-02 <<< CONVERGED
    EQUIL ITER   1 COMPLETED.  NEW TRIANG MATRIX.  MAX DOF INC=  0.1590E-04
     FORCE CONVERGENCE VALUE  =  0.3573E-05  CRITERION=   3.623     <<< CONVERGED
    >>> SOLUTION CONVERGED AFTER EQUILIBRIUM ITERATION   1
 *** LOAD STEP   114   SUBSTEP     1  COMPLETED.    CUM ITER =    961
 *** TIME =   1352.75         TIME INC =   50.0000    
 *** MAX PLASTIC STRAIN STEP = 0.1448E-03   CRITERION = 0.9900    
 *** AUTO STEP TIME:  NEXT TIME INC =  50.000      UNCHANGED

     FORCE CONVERGENCE VALUE  =  0.1959E-01  CRITERION=   3.551    
     DISP CONVERGENCE VALUE   =  0.7362E-06  CRITERION=  0.1319E-02 <<< CONVERGED
    EQUIL ITER   1 COMPLETED.  NEW TRIANG MATRIX.  MAX DOF INC= -0.7362E-06
     FORCE CONVERGENCE VALUE  =  0.1637E-06  CRITERION=   3.623     <<< CONVERGED
    >>> SOLUTION CONVERGED AFTER EQUILIBRIUM ITERATION   1
 *** LOAD STEP   114   SUBSTEP     2  COMPLETED.    CUM ITER =    962
 *** TIME =   1402.75         TIME INC =   50.0000    
 *** MAX PLASTIC STRAIN STEP = 0.1381E-03   CRITERION = 0.9900    

 *****  ANSYS SOLVE    COMMAND  *****

 *** ANSYS - ENGINEERING ANALYSIS SYSTEM  RELEASE 2022 R1          22.1     ***
 Ansys Mechanical Enterprise                       
 00000000  VERSION=WINDOWS x64   15:17:33  SEP 24, 2024 CP=  64387.859

  Re=1 matmacico=8 E1=1500 pr=%pr% matrev=2 E2=30303.3845 vp=12.5              

 Note - This ANSYS version was linked by Licensee

 SOLUTION MONITORING INFO IS WRITTEN TO FILE= file.mntr                                                                                                                                                                                                                                                           

     FORCE CONVERGENCE VALUE  =  0.4108      CRITERION=   3.551    
     DISP CONVERGENCE VALUE   =  0.1447E-04  CRITERION=  0.1319E-02 <<< CONVERGED
    EQUIL ITER   1 COMPLETED.  NEW TRIANG MATRIX.  MAX DOF INC=  0.1447E-04
     FORCE CONVERGENCE VALUE  =  0.3256E-05  CRITERION=   3.623     <<< CONVERGED
    >>> SOLUTION CONVERGED AFTER EQUILIBRIUM ITERATION   1
 *** LOAD STEP   115   SUBSTEP     1  COMPLETED.    CUM ITER =    963
 *** TIME =   1452.75         TIME INC =   50.0000    
 *** MAX PLASTIC STRAIN STEP = 0.1318E-03   CRITERION = 0.9900    
 *** AUTO STEP TIME:  NEXT TIME INC =  50.000      UNCHANGED

     FORCE CONVERGENCE VALUE  =  0.1720E-01  CRITERION=   3.551    
     DISP CONVERGENCE VALUE   =  0.6496E-06  CRITERION=  0.1319E-02 <<< CONVERGED
    EQUIL ITER   1 COMPLETED.  NEW TRIANG MATRIX.  MAX DOF INC= -0.6496E-06
     FORCE CONVERGENCE VALUE  =  0.1445E-06  CRITERION=   3.623     <<< CONVERGED
    >>> SOLUTION CONVERGED AFTER EQUILIBRIUM ITERATION   1
 *** LOAD STEP   115   SUBSTEP     2  COMPLETED.    CUM ITER =    964
 *** TIME =   1502.75         TIME INC =   50.0000    
 *** MAX PLASTIC STRAIN STEP = 0.1260E-03   CRITERION = 0.9900    

 *****  ANSYS SOLVE    COMMAND  *****

 *** ANSYS - ENGINEERING ANALYSIS SYSTEM  RELEASE 2022 R1          22.1     ***
 Ansys Mechanical Enterprise                       
 00000000  VERSION=WINDOWS x64   15:18:00  SEP 24, 2024 CP=  64570.438

  Re=1 matmacico=8 E1=1500 pr=%pr% matrev=2 E2=30303.3845 vp=12.5              

 Note - This ANSYS version was linked by Licensee

 SOLUTION MONITORING INFO IS WRITTEN TO FILE= file.mntr                                                                                                                                                                                                                                                           

     FORCE CONVERGENCE VALUE  =  0.3792      CRITERION=   3.551    
     DISP CONVERGENCE VALUE   =  0.1321E-04  CRITERION=  0.1319E-02 <<< CONVERGED
    EQUIL ITER   1 COMPLETED.  NEW TRIANG MATRIX.  MAX DOF INC=  0.1321E-04
     FORCE CONVERGENCE VALUE  =  0.2975E-05  CRITERION=   3.623     <<< CONVERGED
    >>> SOLUTION CONVERGED AFTER EQUILIBRIUM ITERATION   1
 *** LOAD STEP   116   SUBSTEP     1  COMPLETED.    CUM ITER =    965
 *** TIME =   1552.75         TIME INC =   50.0000    
 *** MAX PLASTIC STRAIN STEP = 0.1205E-03   CRITERION = 0.9900    
 *** AUTO STEP TIME:  NEXT TIME INC =  50.000      UNCHANGED

     FORCE CONVERGENCE VALUE  =  0.1520E-01  CRITERION=   3.551    
     DISP CONVERGENCE VALUE   =  0.5734E-06  CRITERION=  0.1319E-02 <<< CONVERGED
    EQUIL ITER   1 COMPLETED.  NEW TRIANG MATRIX.  MAX DOF INC= -0.5734E-06
     FORCE CONVERGENCE VALUE  =  0.1283E-06  CRITERION=   3.623     <<< CONVERGED
    >>> SOLUTION CONVERGED AFTER EQUILIBRIUM ITERATION   1
 *** LOAD STEP   116   SUBSTEP     2  COMPLETED.    CUM ITER =    966
 *** TIME =   1602.75         TIME INC =   50.0000    
 *** MAX PLASTIC STRAIN STEP = 0.1153E-03   CRITERION = 0.9900    

 *****  ANSYS SOLVE    COMMAND  *****

 *** ANSYS - ENGINEERING ANALYSIS SYSTEM  RELEASE 2022 R1          22.1     ***
 Ansys Mechanical Enterprise                       
 00000000  VERSION=WINDOWS x64   15:18:27  SEP 24, 2024 CP=  64751.969

  Re=1 matmacico=8 E1=1500 pr=%pr% matrev=2 E2=30303.3845 vp=12.5              

 Note - This ANSYS version was linked by Licensee

 SOLUTION MONITORING INFO IS WRITTEN TO FILE= file.mntr                                                                                                                                                                                                                                                           

     FORCE CONVERGENCE VALUE  =  0.3511      CRITERION=   3.551    
     DISP CONVERGENCE VALUE   =  0.1209E-04  CRITERION=  0.1319E-02 <<< CONVERGED
    EQUIL ITER   1 COMPLETED.  NEW TRIANG MATRIX.  MAX DOF INC=  0.1209E-04
     FORCE CONVERGENCE VALUE  =  0.2725E-05  CRITERION=   3.623     <<< CONVERGED
    >>> SOLUTION CONVERGED AFTER EQUILIBRIUM ITERATION   1
 *** LOAD STEP   117   SUBSTEP     1  COMPLETED.    CUM ITER =    967
 *** TIME =   1652.75         TIME INC =   50.0000    
 *** MAX PLASTIC STRAIN STEP = 0.1105E-03   CRITERION = 0.9900    
 *** AUTO STEP TIME:  NEXT TIME INC =  50.000      UNCHANGED

     FORCE CONVERGENCE VALUE  =  0.1350E-01  CRITERION=   3.551    
     DISP CONVERGENCE VALUE   =  0.5074E-06  CRITERION=  0.1319E-02 <<< CONVERGED
    EQUIL ITER   1 COMPLETED.  NEW TRIANG MATRIX.  MAX DOF INC= -0.5074E-06
     FORCE CONVERGENCE VALUE  =  0.1144E-06  CRITERION=   3.623     <<< CONVERGED
    >>> SOLUTION CONVERGED AFTER EQUILIBRIUM ITERATION   1
 *** LOAD STEP   117   SUBSTEP     2  COMPLETED.    CUM ITER =    968
 *** TIME =   1702.75         TIME INC =   50.0000    
 *** MAX PLASTIC STRAIN STEP = 0.1060E-03   CRITERION = 0.9900    

 *****  ANSYS SOLVE    COMMAND  *****

 *** ANSYS - ENGINEERING ANALYSIS SYSTEM  RELEASE 2022 R1          22.1     ***
 Ansys Mechanical Enterprise                       
 00000000  VERSION=WINDOWS x64   15:18:54  SEP 24, 2024 CP=  64934.391

  Re=1 matmacico=8 E1=1500 pr=%pr% matrev=2 E2=30303.3845 vp=12.5              

 Note - This ANSYS version was linked by Licensee

 SOLUTION MONITORING INFO IS WRITTEN TO FILE= file.mntr                                                                                                                                                                                                                                                           

     FORCE CONVERGENCE VALUE  =  0.3261      CRITERION=   3.551    
     DISP CONVERGENCE VALUE   =  0.1110E-04  CRITERION=  0.1319E-02 <<< CONVERGED
    EQUIL ITER   1 COMPLETED.  NEW TRIANG MATRIX.  MAX DOF INC=  0.1110E-04
     FORCE CONVERGENCE VALUE  =  0.2502E-05  CRITERION=   3.623     <<< CONVERGED
    >>> SOLUTION CONVERGED AFTER EQUILIBRIUM ITERATION   1
 *** LOAD STEP   118   SUBSTEP     1  COMPLETED.    CUM ITER =    969
 *** TIME =   1752.75         TIME INC =   50.0000    
 *** MAX PLASTIC STRAIN STEP = 0.1017E-03   CRITERION = 0.9900    
 *** AUTO STEP TIME:  NEXT TIME INC =  50.000      UNCHANGED

     FORCE CONVERGENCE VALUE  =  0.1206E-01  CRITERION=   3.551    
     DISP CONVERGENCE VALUE   =  0.4533E-06  CRITERION=  0.1319E-02 <<< CONVERGED
    EQUIL ITER   1 COMPLETED.  NEW TRIANG MATRIX.  MAX DOF INC= -0.4533E-06
     FORCE CONVERGENCE VALUE  =  0.1024E-06  CRITERION=   3.623     <<< CONVERGED
    >>> SOLUTION CONVERGED AFTER EQUILIBRIUM ITERATION   1
 *** LOAD STEP   118   SUBSTEP     2  COMPLETED.    CUM ITER =    970
 *** TIME =   1802.75         TIME INC =   50.0000    
 *** MAX PLASTIC STRAIN STEP = 0.9765E-04   CRITERION = 0.9900    

 *****  ANSYS SOLVE    COMMAND  *****

 *** ANSYS - ENGINEERING ANALYSIS SYSTEM  RELEASE 2022 R1          22.1     ***
 Ansys Mechanical Enterprise                       
 00000000  VERSION=WINDOWS x64   15:19:22  SEP 24, 2024 CP=  65119.156

  Re=1 matmacico=8 E1=1500 pr=%pr% matrev=2 E2=30303.3845 vp=12.5              

 Note - This ANSYS version was linked by Licensee

 SOLUTION MONITORING INFO IS WRITTEN TO FILE= file.mntr                                                                                                                                                                                                                                                           

     FORCE CONVERGENCE VALUE  =  0.3038      CRITERION=   3.551    
     DISP CONVERGENCE VALUE   =  0.1021E-04  CRITERION=  0.1319E-02 <<< CONVERGED
    EQUIL ITER   1 COMPLETED.  NEW TRIANG MATRIX.  MAX DOF INC=  0.1021E-04
     FORCE CONVERGENCE VALUE  =  0.2303E-05  CRITERION=   3.623     <<< CONVERGED
    >>> SOLUTION CONVERGED AFTER EQUILIBRIUM ITERATION   1
 *** LOAD STEP   119   SUBSTEP     1  COMPLETED.    CUM ITER =    971
 *** TIME =   1852.75         TIME INC =   50.0000    
 *** MAX PLASTIC STRAIN STEP = 0.9383E-04   CRITERION = 0.9900    
 *** AUTO STEP TIME:  NEXT TIME INC =  50.000      UNCHANGED

     FORCE CONVERGENCE VALUE  =  0.1082E-01  CRITERION=   3.551    
     DISP CONVERGENCE VALUE   =  0.4035E-06  CRITERION=  0.1319E-02 <<< CONVERGED
    EQUIL ITER   1 COMPLETED.  NEW TRIANG MATRIX.  MAX DOF INC= -0.4035E-06
     FORCE CONVERGENCE VALUE  =  0.9193E-07  CRITERION=   3.623     <<< CONVERGED
    >>> SOLUTION CONVERGED AFTER EQUILIBRIUM ITERATION   1
 *** LOAD STEP   119   SUBSTEP     2  COMPLETED.    CUM ITER =    972
 *** TIME =   1902.75         TIME INC =   50.0000    
 *** MAX PLASTIC STRAIN STEP = 0.9022E-04   CRITERION = 0.9900    

 *****  ANSYS SOLVE    COMMAND  *****

 *** ANSYS - ENGINEERING ANALYSIS SYSTEM  RELEASE 2022 R1          22.1     ***
 Ansys Mechanical Enterprise                       
 00000000  VERSION=WINDOWS x64   15:19:50  SEP 24, 2024 CP=  65304.844

  Re=1 matmacico=8 E1=1500 pr=%pr% matrev=2 E2=30303.3845 vp=12.5              

 Note - This ANSYS version was linked by Licensee

 SOLUTION MONITORING INFO IS WRITTEN TO FILE= file.mntr                                                                                                                                                                                                                                                           

     FORCE CONVERGENCE VALUE  =  0.2836      CRITERION=   3.551    
     DISP CONVERGENCE VALUE   =  0.9423E-05  CRITERION=  0.1319E-02 <<< CONVERGED
    EQUIL ITER   1 COMPLETED.  NEW TRIANG MATRIX.  MAX DOF INC=  0.9423E-05
     FORCE CONVERGENCE VALUE  =  0.2125E-05  CRITERION=   3.623     <<< CONVERGED
    >>> SOLUTION CONVERGED AFTER EQUILIBRIUM ITERATION   1
 *** LOAD STEP   120   SUBSTEP     1  COMPLETED.    CUM ITER =    973
 *** TIME =   1952.75         TIME INC =   50.0000    
 *** MAX PLASTIC STRAIN STEP = 0.8680E-04   CRITERION = 0.9900    
 *** AUTO STEP TIME:  NEXT TIME INC =  50.000      UNCHANGED

     FORCE CONVERGENCE VALUE  =  0.9745E-02  CRITERION=   3.551    
     DISP CONVERGENCE VALUE   =  0.3627E-06  CRITERION=  0.1319E-02 <<< CONVERGED
    EQUIL ITER   1 COMPLETED.  NEW TRIANG MATRIX.  MAX DOF INC= -0.3627E-06
     FORCE CONVERGENCE VALUE  =  0.8274E-07  CRITERION=   3.623     <<< CONVERGED
    >>> SOLUTION CONVERGED AFTER EQUILIBRIUM ITERATION   1
 *** LOAD STEP   120   SUBSTEP     2  COMPLETED.    CUM ITER =    974
 *** TIME =   2002.75         TIME INC =   50.0000    
 *** MAX PLASTIC STRAIN STEP = 0.8357E-04   CRITERION = 0.9900    

 *****  ANSYS SOLVE    COMMAND  *****

 *** ANSYS - ENGINEERING ANALYSIS SYSTEM  RELEASE 2022 R1          22.1     ***
 Ansys Mechanical Enterprise                       
 00000000  VERSION=WINDOWS x64   15:20:17  SEP 24, 2024 CP=  65488.750

  Re=1 matmacico=8 E1=1500 pr=%pr% matrev=2 E2=30303.3845 vp=12.5              

 Note - This ANSYS version was linked by Licensee

 SOLUTION MONITORING INFO IS WRITTEN TO FILE= file.mntr                                                                                                                                                                                                                                                           

     FORCE CONVERGENCE VALUE  =  0.2655      CRITERION=   3.551    
     DISP CONVERGENCE VALUE   =  0.8715E-05  CRITERION=  0.1319E-02 <<< CONVERGED
    EQUIL ITER   1 COMPLETED.  NEW TRIANG MATRIX.  MAX DOF INC=  0.8715E-05
     FORCE CONVERGENCE VALUE  =  0.1964E-05  CRITERION=   3.623     <<< CONVERGED
    >>> SOLUTION CONVERGED AFTER EQUILIBRIUM ITERATION   1
 *** LOAD STEP   121   SUBSTEP     1  COMPLETED.    CUM ITER =    975
 *** TIME =   2052.75         TIME INC =   50.0000    
 *** MAX PLASTIC STRAIN STEP = 0.8050E-04   CRITERION = 0.9900    
 *** AUTO STEP TIME:  NEXT TIME INC =  50.000      UNCHANGED

     FORCE CONVERGENCE VALUE  =  0.8812E-02  CRITERION=   3.551    
     DISP CONVERGENCE VALUE   =  0.3253E-06  CRITERION=  0.1319E-02 <<< CONVERGED
    EQUIL ITER   1 COMPLETED.  NEW TRIANG MATRIX.  MAX DOF INC= -0.3253E-06
     FORCE CONVERGENCE VALUE  =  0.7464E-07  CRITERION=   3.623     <<< CONVERGED
    >>> SOLUTION CONVERGED AFTER EQUILIBRIUM ITERATION   1
 *** LOAD STEP   121   SUBSTEP     2  COMPLETED.    CUM ITER =    976
 *** TIME =   2102.75         TIME INC =   50.0000    
 *** MAX PLASTIC STRAIN STEP = 0.7758E-04   CRITERION = 0.9900    

 *****  ANSYS SOLVE    COMMAND  *****

 *** ANSYS - ENGINEERING ANALYSIS SYSTEM  RELEASE 2022 R1          22.1     ***
 Ansys Mechanical Enterprise                       
 00000000  VERSION=WINDOWS x64   15:20:44  SEP 24, 2024 CP=  65672.500

  Re=1 matmacico=8 E1=1500 pr=%pr% matrev=2 E2=30303.3845 vp=12.5              

 Note - This ANSYS version was linked by Licensee

 SOLUTION MONITORING INFO IS WRITTEN TO FILE= file.mntr                                                                                                                                                                                                                                                           

     FORCE CONVERGENCE VALUE  =  0.2490      CRITERION=   3.551    
     DISP CONVERGENCE VALUE   =  0.8078E-05  CRITERION=  0.1319E-02 <<< CONVERGED
    EQUIL ITER   1 COMPLETED.  NEW TRIANG MATRIX.  MAX DOF INC=  0.8078E-05
     FORCE CONVERGENCE VALUE  =  0.1819E-05  CRITERION=   3.623     <<< CONVERGED
    >>> SOLUTION CONVERGED AFTER EQUILIBRIUM ITERATION   1
 *** LOAD STEP   122   SUBSTEP     1  COMPLETED.    CUM ITER =    977
 *** TIME =   2152.75         TIME INC =   50.0000    
 *** MAX PLASTIC STRAIN STEP = 0.7481E-04   CRITERION = 0.9900    
 *** AUTO STEP TIME:  NEXT TIME INC =  50.000      UNCHANGED

     FORCE CONVERGENCE VALUE  =  0.7996E-02  CRITERION=   3.551    
     DISP CONVERGENCE VALUE   =  0.2938E-06  CRITERION=  0.1319E-02 <<< CONVERGED
    EQUIL ITER   1 COMPLETED.  NEW TRIANG MATRIX.  MAX DOF INC= -0.2938E-06
     FORCE CONVERGENCE VALUE  =  0.6748E-07  CRITERION=   3.623     <<< CONVERGED
    >>> SOLUTION CONVERGED AFTER EQUILIBRIUM ITERATION   1
 *** LOAD STEP   122   SUBSTEP     2  COMPLETED.    CUM ITER =    978
 *** TIME =   2202.75         TIME INC =   50.0000    
 *** MAX PLASTIC STRAIN STEP = 0.7218E-04   CRITERION = 0.9900    

 *****  ANSYS SOLVE    COMMAND  *****

 *** ANSYS - ENGINEERING ANALYSIS SYSTEM  RELEASE 2022 R1          22.1     ***
 Ansys Mechanical Enterprise                       
 00000000  VERSION=WINDOWS x64   15:21:12  SEP 24, 2024 CP=  65857.641

  Re=1 matmacico=8 E1=1500 pr=%pr% matrev=2 E2=30303.3845 vp=12.5              

 Note - This ANSYS version was linked by Licensee

 SOLUTION MONITORING INFO IS WRITTEN TO FILE= file.mntr                                                                                                                                                                                                                                                           

     FORCE CONVERGENCE VALUE  =  0.2341      CRITERION=   3.551    
     DISP CONVERGENCE VALUE   =  0.7503E-05  CRITERION=  0.1319E-02 <<< CONVERGED
    EQUIL ITER   1 COMPLETED.  NEW TRIANG MATRIX.  MAX DOF INC=  0.7503E-05
     FORCE CONVERGENCE VALUE  =  0.1688E-05  CRITERION=   3.623     <<< CONVERGED
    >>> SOLUTION CONVERGED AFTER EQUILIBRIUM ITERATION   1
 *** LOAD STEP   123   SUBSTEP     1  COMPLETED.    CUM ITER =    979
 *** TIME =   2252.75         TIME INC =   50.0000    
 *** MAX PLASTIC STRAIN STEP = 0.6968E-04   CRITERION = 0.9900    
 *** AUTO STEP TIME:  NEXT TIME INC =  50.000      UNCHANGED

     FORCE CONVERGENCE VALUE  =  0.7279E-02  CRITERION=   3.551    
     DISP CONVERGENCE VALUE   =  0.2655E-06  CRITERION=  0.1319E-02 <<< CONVERGED
    EQUIL ITER   1 COMPLETED.  NEW TRIANG MATRIX.  MAX DOF INC= -0.2655E-06
     FORCE CONVERGENCE VALUE  =  0.6113E-07  CRITERION=   3.623     <<< CONVERGED
    >>> SOLUTION CONVERGED AFTER EQUILIBRIUM ITERATION   1
 *** LOAD STEP   123   SUBSTEP     2  COMPLETED.    CUM ITER =    980
 *** TIME =   2302.75         TIME INC =   50.0000    
 *** MAX PLASTIC STRAIN STEP = 0.6729E-04   CRITERION = 0.9900    

 *****  ANSYS SOLVE    COMMAND  *****

 *** ANSYS - ENGINEERING ANALYSIS SYSTEM  RELEASE 2022 R1          22.1     ***
 Ansys Mechanical Enterprise                       
 00000000  VERSION=WINDOWS x64   15:21:39  SEP 24, 2024 CP=  66041.359

  Re=1 matmacico=8 E1=1500 pr=%pr% matrev=2 E2=30303.3845 vp=12.5              

 Note - This ANSYS version was linked by Licensee

 SOLUTION MONITORING INFO IS WRITTEN TO FILE= file.mntr                                                                                                                                                                                                                                                           

     FORCE CONVERGENCE VALUE  =  0.2204      CRITERION=   3.551    
     DISP CONVERGENCE VALUE   =  0.6982E-05  CRITERION=  0.1319E-02 <<< CONVERGED
    EQUIL ITER   1 COMPLETED.  NEW TRIANG MATRIX.  MAX DOF INC=  0.6982E-05
     FORCE CONVERGENCE VALUE  =  0.1569E-05  CRITERION=   3.623     <<< CONVERGED
    >>> SOLUTION CONVERGED AFTER EQUILIBRIUM ITERATION   1
 *** LOAD STEP   124   SUBSTEP     1  COMPLETED.    CUM ITER =    981
 *** TIME =   2352.75         TIME INC =   50.0000    
 *** MAX PLASTIC STRAIN STEP = 0.6502E-04   CRITERION = 0.9900    
 *** AUTO STEP TIME:  NEXT TIME INC =  50.000      UNCHANGED

     FORCE CONVERGENCE VALUE  =  0.6646E-02  CRITERION=   3.551    
     DISP CONVERGENCE VALUE   =  0.2403E-06  CRITERION=  0.1319E-02 <<< CONVERGED
    EQUIL ITER   1 COMPLETED.  NEW TRIANG MATRIX.  MAX DOF INC= -0.2403E-06
     FORCE CONVERGENCE VALUE  =  0.5547E-07  CRITERION=   3.623     <<< CONVERGED
    >>> SOLUTION CONVERGED AFTER EQUILIBRIUM ITERATION   1
 *** LOAD STEP   124   SUBSTEP     2  COMPLETED.    CUM ITER =    982
 *** TIME =   2402.75         TIME INC =   50.0000    
 *** MAX PLASTIC STRAIN STEP = 0.6286E-04   CRITERION = 0.9900    

 *****  ANSYS SOLVE    COMMAND  *****

 *** ANSYS - ENGINEERING ANALYSIS SYSTEM  RELEASE 2022 R1          22.1     ***
 Ansys Mechanical Enterprise                       
 00000000  VERSION=WINDOWS x64   15:22:07  SEP 24, 2024 CP=  66224.984

  Re=1 matmacico=8 E1=1500 pr=%pr% matrev=2 E2=30303.3845 vp=12.5              

 Note - This ANSYS version was linked by Licensee

 SOLUTION MONITORING INFO IS WRITTEN TO FILE= file.mntr                                                                                                                                                                                                                                                           

     FORCE CONVERGENCE VALUE  =  0.2080      CRITERION=   3.551    
     DISP CONVERGENCE VALUE   =  0.6511E-05  CRITERION=  0.1319E-02 <<< CONVERGED
    EQUIL ITER   1 COMPLETED.  NEW TRIANG MATRIX.  MAX DOF INC=  0.6511E-05
     FORCE CONVERGENCE VALUE  =  0.1462E-05  CRITERION=   3.623     <<< CONVERGED
    >>> SOLUTION CONVERGED AFTER EQUILIBRIUM ITERATION   1
 *** LOAD STEP   125   SUBSTEP     1  COMPLETED.    CUM ITER =    983
 *** TIME =   2452.75         TIME INC =   50.0000    
 *** MAX PLASTIC STRAIN STEP = 0.6079E-04   CRITERION = 0.9900    
 *** AUTO STEP TIME:  NEXT TIME INC =  50.000      UNCHANGED

     FORCE CONVERGENCE VALUE  =  0.6084E-02  CRITERION=   3.551    
     DISP CONVERGENCE VALUE   =  0.2176E-06  CRITERION=  0.1319E-02 <<< CONVERGED
    EQUIL ITER   1 COMPLETED.  NEW TRIANG MATRIX.  MAX DOF INC= -0.2176E-06
     FORCE CONVERGENCE VALUE  =  0.5044E-07  CRITERION=   3.623     <<< CONVERGED
    >>> SOLUTION CONVERGED AFTER EQUILIBRIUM ITERATION   1
 *** LOAD STEP   125   SUBSTEP     2  COMPLETED.    CUM ITER =    984
 *** TIME =   2502.75         TIME INC =   50.0000    
 *** MAX PLASTIC STRAIN STEP = 0.5882E-04   CRITERION = 0.9900    

 *****  ANSYS SOLVE    COMMAND  *****

 *** ANSYS - ENGINEERING ANALYSIS SYSTEM  RELEASE 2022 R1          22.1     ***
 Ansys Mechanical Enterprise                       
 00000000  VERSION=WINDOWS x64   15:22:34  SEP 24, 2024 CP=  66408.453

  Re=1 matmacico=8 E1=1500 pr=%pr% matrev=2 E2=30303.3845 vp=12.5              

 Note - This ANSYS version was linked by Licensee

 SOLUTION MONITORING INFO IS WRITTEN TO FILE= file.mntr                                                                                                                                                                                                                                                           

     FORCE CONVERGENCE VALUE  =  0.1965      CRITERION=   3.551    
     DISP CONVERGENCE VALUE   =  0.6084E-05  CRITERION=  0.1319E-02 <<< CONVERGED
    EQUIL ITER   1 COMPLETED.  NEW TRIANG MATRIX.  MAX DOF INC=  0.6084E-05
     FORCE CONVERGENCE VALUE  =  0.1364E-05  CRITERION=   3.623     <<< CONVERGED
    >>> SOLUTION CONVERGED AFTER EQUILIBRIUM ITERATION   1
 *** LOAD STEP   126   SUBSTEP     1  COMPLETED.    CUM ITER =    985
 *** TIME =   2552.75         TIME INC =   50.0000    
 *** MAX PLASTIC STRAIN STEP = 0.5694E-04   CRITERION = 0.9900    
 *** AUTO STEP TIME:  NEXT TIME INC =  50.000      UNCHANGED

     FORCE CONVERGENCE VALUE  =  0.5585E-02  CRITERION=   3.551    
     DISP CONVERGENCE VALUE   =  0.1974E-06  CRITERION=  0.1319E-02 <<< CONVERGED
    EQUIL ITER   1 COMPLETED.  NEW TRIANG MATRIX.  MAX DOF INC= -0.1974E-06
     FORCE CONVERGENCE VALUE  =  0.4593E-07  CRITERION=   3.623     <<< CONVERGED
    >>> SOLUTION CONVERGED AFTER EQUILIBRIUM ITERATION   1
 *** LOAD STEP   126   SUBSTEP     2  COMPLETED.    CUM ITER =    986
 *** TIME =   2602.75         TIME INC =   50.0000    
 *** MAX PLASTIC STRAIN STEP = 0.5514E-04   CRITERION = 0.9900    

 *****  ANSYS SOLVE    COMMAND  *****

 *** ANSYS - ENGINEERING ANALYSIS SYSTEM  RELEASE 2022 R1          22.1     ***
 Ansys Mechanical Enterprise                       
 00000000  VERSION=WINDOWS x64   15:23:01  SEP 24, 2024 CP=  66589.828

  Re=1 matmacico=8 E1=1500 pr=%pr% matrev=2 E2=30303.3845 vp=12.5              

 Note - This ANSYS version was linked by Licensee

 SOLUTION MONITORING INFO IS WRITTEN TO FILE= file.mntr                                                                                                                                                                                                                                                           

     FORCE CONVERGENCE VALUE  =  0.1860      CRITERION=   3.551    
     DISP CONVERGENCE VALUE   =  0.5696E-05  CRITERION=  0.1319E-02 <<< CONVERGED
    EQUIL ITER   1 COMPLETED.  NEW TRIANG MATRIX.  MAX DOF INC=  0.5696E-05
     FORCE CONVERGENCE VALUE  =  0.1275E-05  CRITERION=   3.623     <<< CONVERGED
    >>> SOLUTION CONVERGED AFTER EQUILIBRIUM ITERATION   1
 *** LOAD STEP   127   SUBSTEP     1  COMPLETED.    CUM ITER =    987
 *** TIME =   2652.75         TIME INC =   50.0000    
 *** MAX PLASTIC STRAIN STEP = 0.5342E-04   CRITERION = 0.9900    
 *** AUTO STEP TIME:  NEXT TIME INC =  50.000      UNCHANGED

     FORCE CONVERGENCE VALUE  =  0.5138E-02  CRITERION=   3.551    
     DISP CONVERGENCE VALUE   =  0.1797E-06  CRITERION=  0.1319E-02 <<< CONVERGED
    EQUIL ITER   1 COMPLETED.  NEW TRIANG MATRIX.  MAX DOF INC= -0.1797E-06
     FORCE CONVERGENCE VALUE  =  0.4189E-07  CRITERION=   3.623     <<< CONVERGED
    >>> SOLUTION CONVERGED AFTER EQUILIBRIUM ITERATION   1
 *** LOAD STEP   127   SUBSTEP     2  COMPLETED.    CUM ITER =    988
 *** TIME =   2702.75         TIME INC =   50.0000    
 *** MAX PLASTIC STRAIN STEP = 0.5177E-04   CRITERION = 0.9900    

 *****  ANSYS SOLVE    COMMAND  *****

 *** ANSYS - ENGINEERING ANALYSIS SYSTEM  RELEASE 2022 R1          22.1     ***
 Ansys Mechanical Enterprise                       
 00000000  VERSION=WINDOWS x64   15:23:29  SEP 24, 2024 CP=  66773.875

  Re=1 matmacico=8 E1=1500 pr=%pr% matrev=2 E2=30303.3845 vp=12.5              

 Note - This ANSYS version was linked by Licensee

 SOLUTION MONITORING INFO IS WRITTEN TO FILE= file.mntr                                                                                                                                                                                                                                                           

     FORCE CONVERGENCE VALUE  =  0.1763      CRITERION=   3.551    
     DISP CONVERGENCE VALUE   =  0.5342E-05  CRITERION=  0.1319E-02 <<< CONVERGED
    EQUIL ITER   1 COMPLETED.  NEW TRIANG MATRIX.  MAX DOF INC=  0.5342E-05
     FORCE CONVERGENCE VALUE  =  0.1194E-05  CRITERION=   3.623     <<< CONVERGED
    >>> SOLUTION CONVERGED AFTER EQUILIBRIUM ITERATION   1
 *** LOAD STEP   128   SUBSTEP     1  COMPLETED.    CUM ITER =    989
 *** TIME =   2752.75         TIME INC =   50.0000    
 *** MAX PLASTIC STRAIN STEP = 0.5020E-04   CRITERION = 0.9900    
 *** AUTO STEP TIME:  NEXT TIME INC =  50.000      UNCHANGED

     FORCE CONVERGENCE VALUE  =  0.4739E-02  CRITERION=   3.551    
     DISP CONVERGENCE VALUE   =  0.1640E-06  CRITERION=  0.1319E-02 <<< CONVERGED
    EQUIL ITER   1 COMPLETED.  NEW TRIANG MATRIX.  MAX DOF INC= -0.1640E-06
     FORCE CONVERGENCE VALUE  =  0.3827E-07  CRITERION=   3.623     <<< CONVERGED
    >>> SOLUTION CONVERGED AFTER EQUILIBRIUM ITERATION   1
 *** LOAD STEP   128   SUBSTEP     2  COMPLETED.    CUM ITER =    990
 *** TIME =   2802.75         TIME INC =   50.0000    
 *** MAX PLASTIC STRAIN STEP = 0.4869E-04   CRITERION = 0.9900    

 *****  ANSYS SOLVE    COMMAND  *****

 *** ANSYS - ENGINEERING ANALYSIS SYSTEM  RELEASE 2022 R1          22.1     ***
 Ansys Mechanical Enterprise                       
 00000000  VERSION=WINDOWS x64   15:23:56  SEP 24, 2024 CP=  66959.562

  Re=1 matmacico=8 E1=1500 pr=%pr% matrev=2 E2=30303.3845 vp=12.5              

 Note - This ANSYS version was linked by Licensee

 SOLUTION MONITORING INFO IS WRITTEN TO FILE= file.mntr                                                                                                                                                                                                                                                           

     FORCE CONVERGENCE VALUE  =  0.1674      CRITERION=   3.551    
     DISP CONVERGENCE VALUE   =  0.5019E-05  CRITERION=  0.1319E-02 <<< CONVERGED
    EQUIL ITER   1 COMPLETED.  NEW TRIANG MATRIX.  MAX DOF INC=  0.5019E-05
     FORCE CONVERGENCE VALUE  =  0.1120E-05  CRITERION=   3.623     <<< CONVERGED
    >>> SOLUTION CONVERGED AFTER EQUILIBRIUM ITERATION   1
 *** LOAD STEP   129   SUBSTEP     1  COMPLETED.    CUM ITER =    991
 *** TIME =   2852.75         TIME INC =   50.0000    
 *** MAX PLASTIC STRAIN STEP = 0.4725E-04   CRITERION = 0.9900    
 *** AUTO STEP TIME:  NEXT TIME INC =  50.000      UNCHANGED

     FORCE CONVERGENCE VALUE  =  0.4379E-02  CRITERION=   3.551    
     DISP CONVERGENCE VALUE   =  0.1504E-06  CRITERION=  0.1319E-02 <<< CONVERGED
    EQUIL ITER   1 COMPLETED.  NEW TRIANG MATRIX.  MAX DOF INC= -0.1504E-06
     FORCE CONVERGENCE VALUE  =  0.3502E-07  CRITERION=   3.623     <<< CONVERGED
    >>> SOLUTION CONVERGED AFTER EQUILIBRIUM ITERATION   1
 *** LOAD STEP   129   SUBSTEP     2  COMPLETED.    CUM ITER =    992
 *** TIME =   2902.75         TIME INC =   50.0000    
 *** MAX PLASTIC STRAIN STEP = 0.4587E-04   CRITERION = 0.9900    

 *****  ANSYS SOLVE    COMMAND  *****

 *** ANSYS - ENGINEERING ANALYSIS SYSTEM  RELEASE 2022 R1          22.1     ***
 Ansys Mechanical Enterprise                       
 00000000  VERSION=WINDOWS x64   15:24:24  SEP 24, 2024 CP=  67142.297

  Re=1 matmacico=8 E1=1500 pr=%pr% matrev=2 E2=30303.3845 vp=12.5              

 Note - This ANSYS version was linked by Licensee

 SOLUTION MONITORING INFO IS WRITTEN TO FILE= file.mntr                                                                                                                                                                                                                                                           

     FORCE CONVERGENCE VALUE  =  0.1591      CRITERION=   3.551    
     DISP CONVERGENCE VALUE   =  0.4722E-05  CRITERION=  0.1319E-02 <<< CONVERGED
    EQUIL ITER   1 COMPLETED.  NEW TRIANG MATRIX.  MAX DOF INC=  0.4722E-05
     FORCE CONVERGENCE VALUE  =  0.1052E-05  CRITERION=   3.623     <<< CONVERGED
    >>> SOLUTION CONVERGED AFTER EQUILIBRIUM ITERATION   1
 *** LOAD STEP   130   SUBSTEP     1  COMPLETED.    CUM ITER =    993
 *** TIME =   2952.75         TIME INC =   50.0000    
 *** MAX PLASTIC STRAIN STEP = 0.4454E-04   CRITERION = 0.9900    
 *** AUTO STEP TIME:  NEXT TIME INC =  50.000      UNCHANGED

     FORCE CONVERGENCE VALUE  =  0.4055E-02  CRITERION=   3.551    
     DISP CONVERGENCE VALUE   =  0.1370E-06  CRITERION=  0.1319E-02 <<< CONVERGED
    EQUIL ITER   1 COMPLETED.  NEW TRIANG MATRIX.  MAX DOF INC= -0.1370E-06
     FORCE CONVERGENCE VALUE  =  0.3208E-07  CRITERION=   3.623     <<< CONVERGED
    >>> SOLUTION CONVERGED AFTER EQUILIBRIUM ITERATION   1
 *** LOAD STEP   130   SUBSTEP     2  COMPLETED.    CUM ITER =    994
 *** TIME =   3002.75         TIME INC =   50.0000    
 *** MAX PLASTIC STRAIN STEP = 0.4327E-04   CRITERION = 0.9900    

 *ENDIF

 FINISH SOLUTION PROCESSING


 ***** ROUTINE COMPLETED *****  CP =     67321.562



 *ENDIF

 RED=100% GREEN=100% BLUE=100%
  for color index  0.

 RED=0% GREEN=0% BLUE=0%
  for color index 15.

 JPEG quality setting = 100

 JPEG orientation is horizontal  

 JPEG pixels are in color       

 JPEG characters are bitmaps     

 GRAPHICS FILE PIXEL RESOLUTION =    800

 HIDDEN DISPLAY (FACE SORT) IN WINDOW  1

 view point for window  1    0.0000     -1.0000      0.0000    

 ROTATION ANGLE FOR WINDOW 1 IS     0.00 ABOUT AXIS ZS

 CUMULATIVE ROTATION ANGLE FOR WINDOW 1 IS    30.00 ABOUT AXIS XS

 NEW VIEW SETTINGS FOR WINDOW 1 SET TO:
   VIEW POINT IS   0.0000    -0.86603     0.50000    
   ROTATION ABOUT ZS AXIS IS     0.00 DEGREES

 CUMULATIVE ROTATION ANGLE FOR WINDOW 1 IS    30.00 ABOUT AXIS XS

 NEW VIEW SETTINGS FOR WINDOW 1 SET TO:
   VIEW POINT IS   0.0000    -0.50000     0.86603    
   ROTATION ABOUT ZS AXIS IS     0.00 DEGREES

 CUMULATIVE ROTATION ANGLE FOR WINDOW 1 IS   -30.00 ABOUT AXIS YS

 NEW VIEW SETTINGS FOR WINDOW 1 SET TO:
   VIEW POINT IS  0.50000    -0.43301     0.75000    
   ROTATION ABOUT ZS AXIS IS   -16.10 DEGREES

 DISTANCE MULTIPLIER FOR WINDOW 1  0.7290    

 DISTANCE FOR WINDOW 1   0.000    

 DISTANCE MULTIPLIER FOR WINDOW 1  0.7290    

 DISTANCE FOR WINDOW 1   0.000    

 *IF  analise2                          ( =   1.00000     )  EQ  
      1                                 ( =   1.00000     )  THEN    

 START CREATE BY COPY FROM INPUT TO  ansuitmp

 END FILE CREATE

 /INPUT FILE= ansuitmp  LINE=       0

 MATRIX WRITE OPERATION  *MWRITE 
  criterio WRITE TO FILE criterio.txt
 LOOP DIRECTIONS=JIK   COUNTS=       3     131       1       1       1
 FORMAT=(1000(E10.4,3X))                                                      

 RED=100% GREEN=100% BLUE=100%
  for color index  0.

 RED=0% GREEN=0% BLUE=0%
  for color index 15.

 X AXIS LABEL = t                               

 Y AXIS LABEL = u(r=Re,z=Lt)                    
 CURVE X RANGE SET FROM    0.000     TO    3003.    

 VECTOR PARAMETER OPERATION *VSCFUN 
  CRITERIOMAX = MAX  criterio(1,3)   
 VECTOR LENGTH=     131
 RESULT= 0.11341E-01
 CURVE  1 Y RANGE SET FROM    0.000     TO   0.1361E-01

 NUMBER OF Y-AXIS DIVISIONS FOR GRAPHS =20

 NUMBER OF X-AXIS DIVISIONS FOR GRAPHS =10

 DIG1 GRAPH LABEL PRECISION =  3

 CURV GRAPH CURVE LINE THICKNESS =  0
 INFO LEGEND DISPLAY = ON  

 ERASE OPTION SET

 /SHOW SWITCH PLOTS TO  JPEG        - RASTER MODE.

 MAXIMUM TERM IN RESULT VECTOR=      30

 STRIDE IN VECTOR OPERATION=     1

 GRAPHIC DISPLAY OF MATRIX= criterio(1,3)
 VECTOR FOR X AXIS= criterio(1,1)   
 NUMBER OF POINTS=    30  NUMBER OF CURVES=   1

 *** WARNING ***                         CP =   67321.562   TIME= 15:24:50
 The view for graph plots is currently NOT changeable.                   
  To enable graph view manipulation, issue /GROPTS,VIEW,1.               

 CUMULATIVE DISPLAY NUMBER   1 WRITTEN TO FILE file000.jpg       - RASTER MODE.
 DISPLAY TITLE= 
  Re=1 matmacico=8 E1=1500 pr=%pr% matrev=2 E2=30303.3845 vp=12.5        

 *** NOTE ***
 ANSYS JPEG software is based in part on the work of the Independent JPEG Group.
 IJG Version 6b  27-Mar-1998  Copyright (C) 1998, Thomas G. Lane

 ERASE OPTION SET

 *ENDIF

 *** ANSYS - ENGINEERING ANALYSIS SYSTEM  RELEASE 2022 R1          22.1     ***
 Ansys Mechanical Enterprise                       
 00000000  VERSION=WINDOWS x64   15:24:50  SEP 24, 2024 CP=  67321.562

  Re=1 matmacico=8 E1=1500 pr=%pr% matrev=2 E2=30303.3845 vp=12.5              

 Note - This ANSYS version was linked by Licensee

          ***** ANSYS RESULTS INTERPRETATION (POST1) *****

 COORDINATE SYSTEM         11 DEFINITION.  TYPE= 1  (CYLINDRICAL)
   XC,YC,ZC=  0.0000      0.0000      43.333    
   ANGLES=    0.00    0.00    0.00   PARAMETERS=   1.000   1.000
   ORIENTATION=  1.00  0.00  0.00   0.00  1.00  0.00   0.00  0.00  1.00

 ACTIVE COORDINATE SYSTEM SET TO        11  (CYLINDRICAL)

 ACTIVE COORDINATE SYSTEM SET TO         11  (CYLINDRICAL)

 SELECT ALL ENTITIES OF TYPE= ALL  AND BELOW

 RESELECT     FOR ITEM=LOC  COMPONENT=X     BETWEEN 0.99000     AND   1.0100    
   KABS=  0.  TOLERANCE= 0.200000E-09

       5628  NODES (OF     123580  DEFINED) SELECTED BY  NSEL  COMMAND.

 RESELECT     FOR ITEM=LOC  COMPONENT=Y     BETWEEN  89.990     AND   90.010    
   KABS=  0.  TOLERANCE= 0.200000E-09

        156  NODES (OF     123580  DEFINED) SELECTED BY  NSEL  COMMAND.

 RESELECT    ALL NODES HAVING ANY ELEMENT IN ELEMENT SET.
 CONSIDER ONLY CORNER NODES

        132 NODES (OF     123580  DEFINED) SELECTED FROM
   113488 SELECTED ELEMENTS BY NSLE COMMAND.

 ACTIVE COORDINATE SYSTEM SET TO          0  (CARTESIAN)  

 RSYS KEY SET TO   0

 USE THE GLOBAL COORDINATE SYSTEM FOR SOLUTION RESULTS

 PARAMETER NANALISES =     0.000000000    

 *GET  NANALISES  FROM  ACTI  ITEM=SET  NSET  VALUE=  130.000000    

 *GET  NCOUNT    FROM  NODE  ITEM=COUN       VALUE=  132.000000     

 *GET  NTOTAL    FROM  NODE  ITEM=NUM  MAX   VALUE=  110984.000     

 SET PARAMETER DIMENSIONS ON  CONVERGENCE_TETA
  TYPE=TABL  DIMENSIONS=      132      132        1
                              

 SET PARAMETER DIMENSIONS ON  PRESSURE_TETA
  TYPE=TABL  DIMENSIONS=      132      132        1
                              

 SET PARAMETER DIMENSIONS ON  COORDZ
  TYPE=ARRA  DIMENSIONS=   110984        1        1

 SET PARAMETER DIMENSIONS ON  U_TETA
  TYPE=ARRA  DIMENSIONS=   110984        1        1

 SET PARAMETER DIMENSIONS ON  S_TETA
  TYPE=ARRA  DIMENSIONS=   110984        1        1

 SET PARAMETER DIMENSIONS ON  N_SEL
  TYPE=ARRA  DIMENSIONS=   110984        1        1

 VECTOR GET OPERATION  convergence_teta(1,1)  VECTOR LENGTH=     132
 NAME= NODE         0  NLIS      

 VECTOR GET OPERATION  pressure_teta(1,1)  VECTOR LENGTH=     132
 NAME= NODE         0  NLIS      

 VECTOR GET OPERATION  n_sel(1)  VECTOR LENGTH=  110984
 NAME= NODE         1  NSEL      

 VECTOR GET OPERATION  coordz(1)  VECTOR LENGTH=  110984
 NAME= NODE         1  LOC   Z   

 VECTOR PARAMETER OPERATION *VOPER  
  coordz(1)        = coordz(1)        MULT 1/Re            
  VECTOR LENGTH=  110984

 SET MASK VECTOR TO  N_SEL(1:110984)

 VECTOR PARAMETER OPERATION *VFUN   
  convergence_teta(1,2) = COMP  coordz(1)
 VECTOR LENGTH=     132

 SET MASK VECTOR TO  N_SEL(1:110984)

 VECTOR PARAMETER OPERATION *VFUN   
  pressure_teta(1,2) = COMP  coordz(1)
 VECTOR LENGTH=     132

 *DO LOOP ON PARAMETER= I FROM  1.0000     TO  130.00     BY  1.0000    

 *IF  i                                 ( =   1.00000     )  EQ  
      nanalises                         ( =   130.000     )  THEN    

 *ELSE

 *IF  matmacico                         ( =   8.00000     )  LE  
      1                                 ( =   1.00000     )          
 *****  AND   *****
      matrev                            ( =   2.00000     )  EQ  
      0                                 ( =   0.00000     )  THEN    

 *ELSE

 STORE RESULTS DATA FOR THE CURRENTLY SELECTED MODEL
 USE LOAD STEP     1  SUBSTEP  LAST    FOR LOAD CASE 0 

 SET COMMAND GOT LOAD STEP=     1  SUBSTEP=     6  CUMULATIVE ITERATION=    15
   TIME/FREQUENCY= 0.80000E-01
 TITLE=  Re=1 matmacico=8 E1=1500 pr=%pr% matrev=2 E2=30303.3845 vp=12.5        

 *ENDIF

 *ENDIF

 SET MASK VECTOR TO  N_SEL(1:110984)

 VECTOR GET OPERATION  u_teta(1)  VECTOR LENGTH=  110984
 NAME= NODE         1  U     Y   

 VECTOR PARAMETER OPERATION *VOPER  
  u_teta(1)        = u_teta(1)        MULT -1/Re*100       
  VECTOR LENGTH=  110984

 SET MASK VECTOR TO  N_SEL(1:110984)

 VECTOR GET OPERATION  s_teta(1)  VECTOR LENGTH=  110984
 NAME= NODE         1  S     Y   

 VECTOR PARAMETER OPERATION *VOPER  
  s_teta(1)        = s_teta(1)        MULT 1               
  VECTOR LENGTH=  110984

 SET MASK VECTOR TO  N_SEL(1:110984)

 VECTOR PARAMETER OPERATION *VFUN   
  convergence_teta(1,2+i) = COMP  u_teta(1)
 VECTOR LENGTH=     132

 SET MASK VECTOR TO  N_SEL(1:110984)

 VECTOR PARAMETER OPERATION *VFUN   
  pressure_teta(1,2+i) = COMP  s_teta(1)
 VECTOR LENGTH=     132

 *ENDDO  INDEX= I                               

 ARRAY SORT OPERATION  RESULT ORDER VECTOR= ORDER           
  ARRAY NAME= convergence_teta
  SORT VECTOR= convergence_teta
 MATRIX SIZE=     132 ROWS  BY      132 COLUMNS

 ARRAY SORT OPERATION  RESULT ORDER VECTOR= ORDER           
  ARRAY NAME= pressure_teta   
  SORT VECTOR= pressure_teta(1,
 MATRIX SIZE=     132 ROWS  BY      132 COLUMNS

 VECTOR PARAMETER OPERATION *VSCFUN 
  UMAXIMOFINAL = MAX  convergence_teta
 VECTOR LENGTH=     132
 RESULT=  1.4782    

 VECTOR PARAMETER OPERATION *VSCFUN 
  SMAXIMOFINAL = MAX  pressure_teta(1,
 VECTOR LENGTH=     132
 RESULT= -1.9602    

 VECTOR PARAMETER OPERATION *VSCFUN 
  SMINIMOFINAL = MIN  pressure_teta(1,
 VECTOR LENGTH=     132
 RESULT= -9.9130    

 RED=100% GREEN=100% BLUE=100%
  for color index  0.

 RED=0% GREEN=0% BLUE=0%
  for color index 15.

 X AXIS LABEL = Y/Re                            

 Y AXIS LABEL = U=-u(r=Re)/Re (%)               
 CURVE X RANGE SET FROM    0.000     TO    43.33    
 CURVE  1 Y RANGE SET FROM    0.000     TO    1.774    

 NUMBER OF Y-AXIS DIVISIONS FOR GRAPHS =20

 NUMBER OF X-AXIS DIVISIONS FOR GRAPHS =10

 DIG1 GRAPH LABEL PRECISION =  3

 CURV GRAPH CURVE LINE THICKNESS =  0
 INFO LEGEND DISPLAY = ON  

 ERASE OPTION SET

 /SHOW SWITCH PLOTS TO  JPEG        - RASTER MODE.

 *DO LOOP ON PARAMETER= I FROM  1.0000     TO  130.00     BY  1.0000    

 *IF  i                                 ( =   1.00000     )  EQ  
      nanalises                         ( =   130.000     )  THEN    

 *ELSEIF  i                                 ( =   1.00000     )  EQ  
          nesc+nesc1-1                      ( =   100.000     )  THEN    

 *ELSE
 GRID CURVE COLOR    1 SET TO LIGHT-GRAY                       

 *ENDIF

 GRAPHIC DISPLAY OF MATRIX= convergence_teta(1,2+i)
 VECTOR FOR X AXIS= convergence_teta
 NUMBER OF POINTS=   132  NUMBER OF CURVES=   1

 CUMULATIVE DISPLAY NUMBER   1 WRITTEN TO FILE file001.jpg       - RASTER MODE.
 DISPLAY TITLE= 
  Re=1 matmacico=8 E1=1500 pr=%pr% matrev=2 E2=30303.3845 vp=12.5        

 NO ERASE OPTION SET

 *ENDDO  INDEX= I                               

 ERASE OPTION SET

 RED=100% GREEN=100% BLUE=100%
  for color index  0.

 RED=0% GREEN=0% BLUE=0%
  for color index 15.

 X AXIS LABEL = Y/Re                            

 Y AXIS LABEL = Sx (MPa)                        
 CURVE X RANGE SET FROM    0.000     TO    43.33    
 CURVE  1 Y RANGE SET FROM   -11.90     TO   -2.352    

 NUMBER OF Y-AXIS DIVISIONS FOR GRAPHS =20

 NUMBER OF X-AXIS DIVISIONS FOR GRAPHS =10

 DIG1 GRAPH LABEL PRECISION =  3

 CURV GRAPH CURVE LINE THICKNESS =  0
 INFO LEGEND DISPLAY = ON  

 ERASE OPTION SET

 /SHOW SWITCH PLOTS TO  JPEG        - RASTER MODE.

 *DO LOOP ON PARAMETER= I FROM  1.0000     TO  130.00     BY  1.0000    

 *IF  i                                 ( =   1.00000     )  EQ  
      nanalises                         ( =   130.000     )  THEN    

 *ELSEIF  i                                 ( =   1.00000     )  EQ  
          nesc+nesc1-1                      ( =   100.000     )  THEN    

 *ELSE
 GRID CURVE COLOR    1 SET TO LIGHT-GRAY                       

 *ENDIF

 GRAPHIC DISPLAY OF MATRIX= pressure_teta(1,2+i)
 VECTOR FOR X AXIS= pressure_teta(1,
 NUMBER OF POINTS=   132  NUMBER OF CURVES=   1

 CUMULATIVE DISPLAY NUMBER   1 WRITTEN TO FILE file002.jpg       - RASTER MODE.
 DISPLAY TITLE= 
  Re=1 matmacico=8 E1=1500 pr=%pr% matrev=2 E2=30303.3845 vp=12.5        

 NO ERASE OPTION SET

 *ENDDO  INDEX= I                               

 ERASE OPTION SET

 START CREATE BY COPY FROM INPUT TO  ansuitmp

 END FILE CREATE

 /INPUT FILE= ansuitmp  LINE=       0

 MATRIX WRITE OPERATION  *MWRITE 
  convergence_teta WRITE TO FILE convergencias_90.txt
 LOOP DIRECTIONS=JIK   COUNTS=     132     132       1       1       1
 FORMAT=(1000(E10.4,3X))                                                      

 START CREATE BY COPY FROM INPUT TO  ansuitmp

 END FILE CREATE

 /INPUT FILE= ansuitmp  LINE=       0

 MATRIX WRITE OPERATION  *MWRITE 
  pressure_teta WRITE TO FILE pressure_90.txt
 LOOP DIRECTIONS=JIK   COUNTS=     132     132       1       1       1
 FORMAT=(1000(E10.4,3X))                                                      

 *** NOTE ***                            CP =   67419.453   TIME= 15:26:29
 Write parameters to file= parametros.txt.                               

 *** NOTE ***                            CP =   67419.453   TIME= 15:26:29
 Parameters written.  Lines= 161.                                        
 You have already entered the general postprocessor (POST1).             

 COORDINATE SYSTEM         12 DEFINITION.  TYPE= 1  (CYLINDRICAL)
   XC,YC,ZC=  1.0000      0.0000      26.667    
   ANGLES=    0.00    0.00   90.00   PARAMETERS=   1.000   1.000
   ORIENTATION=  0.00  0.00 -1.00   0.00  1.00  0.00   1.00  0.00  0.00

 ACTIVE COORDINATE SYSTEM SET TO        12  (CYLINDRICAL)

 ACTIVE COORDINATE SYSTEM SET TO         12  (CYLINDRICAL)

 SELECT ALL ENTITIES OF TYPE= ALL  AND BELOW

 SELECT      COMPONENT VD8                             

 ALSO SELECT COMPONENT VD61                            

 SELECT      ALL NODES (INTERIOR TO VOLUME, INTERIOR TO AREAS
 INTERIOR TO LINES, AND AT KEYPOINTS) RELATED TO SELECTED VOLUME SET.

       2739  NODES (OF     123580  DEFINED) SELECTED FROM 
        9 SELECTED VOLUMES BY  NSLV  COMMAND.

 RESELECT     FOR ITEM=LOC  COMPONENT=X     BETWEEN 0.65667     AND  0.67667    
   KABS=  0.  TOLERANCE= 0.200000E-09

        301  NODES (OF     123580  DEFINED) SELECTED BY  NSEL  COMMAND.

 RESELECT     FOR ITEM=LOC  COMPONENT=Y     BETWEEN  89.990     AND   90.010    
   KABS=  0.  TOLERANCE= 0.200000E-09

         23  NODES (OF     123580  DEFINED) SELECTED BY  NSEL  COMMAND.

 RESELECT    ALL NODES HAVING ANY ELEMENT IN ELEMENT SET.
 CONSIDER ONLY CORNER NODES

         12 NODES (OF     123580  DEFINED) SELECTED FROM
   113488 SELECTED ELEMENTS BY NSLE COMMAND.

 ACTIVE COORDINATE SYSTEM SET TO          0  (CARTESIAN)  

 RSYS KEY SET TO   0

 USE THE GLOBAL COORDINATE SYSTEM FOR SOLUTION RESULTS

 PARAMETER NANALISES =     0.000000000    

 *GET  NANALISES  FROM  ACTI  ITEM=SET  NSET  VALUE=  130.000000    

 *GET  NCOUNT    FROM  NODE  ITEM=COUN       VALUE=  12.0000000     

 *GET  NTOTAL    FROM  NODE  ITEM=NUM  MAX   VALUE=  61596.0000     

 SET PARAMETER DIMENSIONS ON  CONVERGENCE1_TETA
  TYPE=TABL  DIMENSIONS=       12      132        1
                              

 SET PARAMETER DIMENSIONS ON  PRESSURE1_TETA
  TYPE=TABL  DIMENSIONS=       12      132        1
                              

 SET PARAMETER DIMENSIONS ON  COORDZ1 TYPE=ARRA  DIMENSIONS= 61596     1     1

 SET PARAMETER DIMENSIONS ON  U1_TETA TYPE=ARRA  DIMENSIONS= 61596     1     1

 SET PARAMETER DIMENSIONS ON  S1_TETA TYPE=ARRA  DIMENSIONS= 61596     1     1

 SET PARAMETER DIMENSIONS ON  N_SEL TYPE=ARRA  DIMENSIONS= 61596     1     1

 *** WARNING ***                         CP =   67419.453   TIME= 15:26:29
 Parameter N_SEL already exists.  It is deleted and redefined by the     
 *DIM command.                                                           

 VECTOR GET OPERATION  convergence1_teta(1,1)  VECTOR LENGTH=      12
 NAME= NODE         0  NLIS      

 VECTOR GET OPERATION  pressure1_teta(1,1)  VECTOR LENGTH=      12
 NAME= NODE         0  NLIS      

 VECTOR GET OPERATION  n_sel(1)  VECTOR LENGTH=   61596
 NAME= NODE         1  NSEL      

 VECTOR GET OPERATION  coordz1(1)  VECTOR LENGTH=   61596
 NAME= NODE         1  LOC   X   

 VECTOR PARAMETER OPERATION *VOPER  
  coordz1(1)       = coordz1(1)       MULT 1/Re1           
  VECTOR LENGTH=   61596

 SET MASK VECTOR TO  N_SEL(1:61596)

 VECTOR PARAMETER OPERATION *VFUN   
  convergence1_teta(1,2) = COMP  coordz1(1)
 VECTOR LENGTH=      12

 SET MASK VECTOR TO  N_SEL(1:61596)

 VECTOR PARAMETER OPERATION *VFUN   
  pressure1_teta(1,2) = COMP  coordz1(1)
 VECTOR LENGTH=      12

 *DO LOOP ON PARAMETER= I FROM  1.0000     TO  130.00     BY  1.0000    

 *IF  i                                 ( =   1.00000     )  EQ  
      nanalises                         ( =   130.000     )  THEN    

 *ELSE

 *IF  matmacico                         ( =   8.00000     )  LE  
      1                                 ( =   1.00000     )          
 *****  AND   *****
      matrev                            ( =   2.00000     )  EQ  
      0                                 ( =   0.00000     )  THEN    

 *ELSE

 STORE RESULTS DATA FOR THE CURRENTLY SELECTED MODEL
 USE LOAD STEP     1  SUBSTEP  LAST    FOR LOAD CASE 0 

 SET COMMAND GOT LOAD STEP=     1  SUBSTEP=     6  CUMULATIVE ITERATION=    15
   TIME/FREQUENCY= 0.80000E-01
 TITLE=  Re=1 matmacico=8 E1=1500 pr=%pr% matrev=2 E2=30303.3845 vp=12.5        

 *ENDIF

 *ENDIF

 SET MASK VECTOR TO  N_SEL(1:61596)

 VECTOR GET OPERATION  u1_teta(1)  VECTOR LENGTH=   61596
 NAME= NODE         1  U     Y   

 VECTOR PARAMETER OPERATION *VOPER  
  u1_teta(1)       = u1_teta(1)       MULT -1/Re1*100      
  VECTOR LENGTH=   61596

 SET MASK VECTOR TO  N_SEL(1:61596)

 VECTOR GET OPERATION  s1_teta(1)  VECTOR LENGTH=   61596
 NAME= NODE         1  S     Y   

 VECTOR PARAMETER OPERATION *VOPER  
  s1_teta(1)       = s1_teta(1)       MULT 1               
  VECTOR LENGTH=   61596

 SET MASK VECTOR TO  N_SEL(1:61596)

 VECTOR PARAMETER OPERATION *VFUN   
  convergence1_teta(1,2+i) = COMP  u1_teta(1)
 VECTOR LENGTH=      12

 SET MASK VECTOR TO  N_SEL(1:61596)

 VECTOR PARAMETER OPERATION *VFUN   
  pressure1_teta(1,2+i) = COMP  s1_teta(1)
 VECTOR LENGTH=      12

 *ENDDO  INDEX= I                               

 ARRAY SORT OPERATION  RESULT ORDER VECTOR= ORDER           
  ARRAY NAME= convergence1_tet
  SORT VECTOR= convergence1_tet
 MATRIX SIZE=      12 ROWS  BY      132 COLUMNS

 ARRAY SORT OPERATION  RESULT ORDER VECTOR= ORDER           
  ARRAY NAME= pressure1_teta  
  SORT VECTOR= pressure1_teta(1
 MATRIX SIZE=      12 ROWS  BY      132 COLUMNS

 VECTOR PARAMETER OPERATION *VSCFUN 
  UMAXIMOFINAL1 = MAX  convergence1_tet
 VECTOR LENGTH=      12
 RESULT=  1.9270    

 VECTOR PARAMETER OPERATION *VSCFUN 
  SMAXIMOFINAL1 = MAX  pressure1_teta(1
 VECTOR LENGTH=      12
 RESULT= -1.1137    

 VECTOR PARAMETER OPERATION *VSCFUN 
  SMINIMOFINAL1 = MIN  pressure1_teta(1
 VECTOR LENGTH=      12
 RESULT= -5.7000    

 RED=100% GREEN=100% BLUE=100%
  for color index  0.

 RED=0% GREEN=0% BLUE=0%
  for color index 15.

 X AXIS LABEL = x/Re1                           

 Y AXIS LABEL = U1=-u1(r=Re1)/Re1 (%)           
 CURVE X RANGE SET FROM    0.000     TO    3.000    
 CURVE  1 Y RANGE SET FROM    0.000     TO    2.312    

 NUMBER OF Y-AXIS DIVISIONS FOR GRAPHS =20

 NUMBER OF X-AXIS DIVISIONS FOR GRAPHS =10

 DIG1 GRAPH LABEL PRECISION =  3

 CURV GRAPH CURVE LINE THICKNESS =  0
 INFO LEGEND DISPLAY = ON  

 ERASE OPTION SET

 /SHOW SWITCH PLOTS TO  JPEG        - RASTER MODE.

 *DO LOOP ON PARAMETER= I FROM  1.0000     TO  130.00     BY  1.0000    

 *IF  i                                 ( =   1.00000     )  EQ  
      nanalises                         ( =   130.000     )  THEN    

 *ELSEIF  i                                 ( =   1.00000     )  EQ  
          nesc+nesc1-1                      ( =   100.000     )  THEN    

 *ELSE
 GRID CURVE COLOR    1 SET TO LIGHT-GRAY                       

 *ENDIF

 GRAPHIC DISPLAY OF MATRIX= convergence1_teta(1,2+i)
 VECTOR FOR X AXIS= convergence1_tet
 NUMBER OF POINTS=    12  NUMBER OF CURVES=   1

 CUMULATIVE DISPLAY NUMBER   1 WRITTEN TO FILE file003.jpg       - RASTER MODE.
 DISPLAY TITLE= 
  Re=1 matmacico=8 E1=1500 pr=%pr% matrev=2 E2=30303.3845 vp=12.5        

 NO ERASE OPTION SET

 *ENDDO  INDEX= I                               

 ERASE OPTION SET

 RED=100% GREEN=100% BLUE=100%
  for color index  0.

 RED=0% GREEN=0% BLUE=0%
  for color index 15.

 X AXIS LABEL = x/Re1                           

 Y AXIS LABEL = Sx1 (MPa)                       
 CURVE X RANGE SET FROM    0.000     TO    3.000    
 CURVE  1 Y RANGE SET FROM   -6.840     TO   -1.336    

 NUMBER OF Y-AXIS DIVISIONS FOR GRAPHS =20

 NUMBER OF X-AXIS DIVISIONS FOR GRAPHS =10

 DIG1 GRAPH LABEL PRECISION =  3

 CURV GRAPH CURVE LINE THICKNESS =  0
 INFO LEGEND DISPLAY = ON  

 ERASE OPTION SET

 /SHOW SWITCH PLOTS TO  JPEG        - RASTER MODE.

 *DO LOOP ON PARAMETER= I FROM  1.0000     TO  130.00     BY  1.0000    

 *IF  i                                 ( =   1.00000     )  EQ  
      nanalises                         ( =   130.000     )  THEN    

 *ELSEIF  i                                 ( =   1.00000     )  EQ  
          nesc+nesc1-1                      ( =   100.000     )  THEN    

 *ELSE
 GRID CURVE COLOR    1 SET TO LIGHT-GRAY                       

 *ENDIF

 GRAPHIC DISPLAY OF MATRIX= pressure1_teta(1,2+i)
 VECTOR FOR X AXIS= pressure1_teta(1
 NUMBER OF POINTS=    12  NUMBER OF CURVES=   1

 CUMULATIVE DISPLAY NUMBER   1 WRITTEN TO FILE file004.jpg       - RASTER MODE.
 DISPLAY TITLE= 
  Re=1 matmacico=8 E1=1500 pr=%pr% matrev=2 E2=30303.3845 vp=12.5        

 NO ERASE OPTION SET

 *ENDDO  INDEX= I                               

 ERASE OPTION SET

 START CREATE BY COPY FROM INPUT TO  ansuitmp

 END FILE CREATE

 /INPUT FILE= ansuitmp  LINE=       0

 MATRIX WRITE OPERATION  *MWRITE 
  convergence1_teta WRITE TO FILE convergencias1_90.txt
 LOOP DIRECTIONS=JIK   COUNTS=     132      12       1       1       1
 FORMAT=(1000(E10.4,3X))                                                      

 START CREATE BY COPY FROM INPUT TO  ansuitmp

 END FILE CREATE

 /INPUT FILE= ansuitmp  LINE=       0

 MATRIX WRITE OPERATION  *MWRITE 
  pressure1_teta WRITE TO FILE pressure1_90.txt
 LOOP DIRECTIONS=JIK   COUNTS=     132      12       1       1       1
 FORMAT=(1000(E10.4,3X))                                                      

 *** NOTE ***                            CP =   67517.719   TIME= 15:28:08
 Write parameters to file= parametros.txt.                               

 *** NOTE ***                            CP =   67517.719   TIME= 15:28:08
 Parameters written.  Lines= 164.                                        

 ***** END OF INPUT ENCOUNTERED *****


 NUMBER OF WARNING MESSAGES ENCOUNTERED=        150
 NUMBER OF ERROR   MESSAGES ENCOUNTERED=          0



 ***** PROBLEM TERMINATED BY INDICATED ERROR(S) OR BY END OF INPUT DATA *****

 *** WARNING ***                         CP =   67518.297   TIME= 15:28:08
 During this session a solution was performed using 8 CPU cores in       
 shared-memory parallel (SMP) mode (-np 8).  It is strongly recommended  
 to use distributed memory parallel (DMP) mode instead (-dis -np 8).     
 DMP mode typically outperforms SMP mode, even when running on a single  
 system.  For more information, see the ANSYS Parallel Processing Guide  
 in the ANSYS Help system.                                               

+--------------------- A N S Y S   S T A T I S T I C S ------------------------+

Release: 2022 R1            Build: 22.1       Update: UP20211129   Platform: WINDOWS x64 
Date Run: 09/24/2024   Time: 15:28     Process ID: 41796
Operating System: Windows 10  (Build: 22631)

Processor Model: AMD Ryzen 7 7700 8-Core Processor

Compiler: Intel(R) Fortran Compiler Version 19.0.5  (Build: 20190815)
          Intel(R) C/C++ Compiler Version 19.0.5  (Build: 20190815)
          Intel(R) Math Kernel Library Version 2020.0.0 Product Build 20191125
          BLAS Library supplied by AMD BLIS

Number of machines requested            :    1
Total number of cores available         :   16
Number of physical cores available      :    8
Number of processes requested           :    1
Number of threads per process requested :    8
Total number of cores requested         :    8 (Shared Memory Parallel)                    

GPU Acceleration: Not Requested

Job Name: file
Input File: C:\gitprojects\tunnel_analysis\ANALYSIS\ANALISES_02\EPVP_CRVE_CG_D1_4RE_VM\APDL_TWIN_2024_01.txt
Working Directory: C:\gitprojects\tunnel_analysis\ANALYSIS

Total CPU time for main thread                    :     9378.0 seconds
Total CPU time summed for all threads             :    67518.3 seconds

Elapsed time spent obtaining a license            :        1.5 seconds
Elapsed time spent pre-processing model (/PREP7)  :        6.9 seconds
Elapsed time spent solution - preprocessing       :       72.4 seconds
Elapsed time spent computing solution             :     9002.6 seconds
Elapsed time spent solution - postprocessing      :        0.0 seconds
Elapsed time spent post-processing model (/POST1) :        0.0 seconds
 
Equation solver used                              :            Sparse (symmetric)
Equation solver computational rate                :      197.5 Gflops
Equation solver effective I/O rate                :       39.7 GB/sec

Sum of memory used on all processes               :     6452.0 MB
Sum of memory allocated on all processes          :     8934.0 MB
Physical memory available                         :         31 GB

Total amount of I/O written to disk               :     1413.5 GB
Total amount of I/O read from disk                :     1673.1 GB

+------------------ E N D   A N S Y S   S T A T I S T I C S -------------------+


 *---------------------------------------------------------------------------*
 |                                                                           |
 |                            ANSYS RUN COMPLETED                            |
 |                                                                           |
 |---------------------------------------------------------------------------|
 |                                                                           |
 | Ansys 2022 R1               Build 22.1         UP20211129     WINDOWS x64 |
 |                                                                           |
 |---------------------------------------------------------------------------|
 |                                                                           |
 | Database Requested(-db)  1024 MB    Scratch Memory Requested      1024 MB |
 | Maximum Database Used    1810 MB    Maximum Scratch Memory Used   4642 MB |
 |                                                                           |
 |---------------------------------------------------------------------------|
 |                                                                           |
 |        CP Time      (sec) =      67518.297       Time  =  15:28:08        |
 |        Elapsed Time (sec) =       9493.000       Date  =  09/24/2024      |
 |                                                                           |
 *---------------------------------------------------------------------------*
