0.0000E+00   -.1039E-04   -.2097E-04   -.3139E-04   -.4223E-04   -.5325E-04   -.6444E-04   -.7575E-04   -.8715E-04   -.9864E-04   -.1102E-03   -.1219E-03   -.1336E-03   -.1454E-03   -.1572E-03   -.1691E-03   -.1811E-03   -.1932E-03   -.2053E-03   -.2174E-03   -.2296E-03   -.2419E-03   -.2542E-03   -.2665E-03   -.2789E-03   -.2912E-03   -.3036E-03   -.3160E-03   -.3284E-03   -.3407E-03   -.3531E-03   -.3653E-03   -.3775E-03   -.3896E-03   -.4017E-03   -.4135E-03   -.4252E-03   -.4368E-03   -.4481E-03   -.4592E-03   -.4700E-03   -.4806E-03   -.4912E-03   -.5015E-03   -.5120E-03   -.5165E-03   -.5240E-03   -.5309E-03   -.5370E-03   -.5425E-03   -.5480E-03   -.5521E-03   -.5522E-03   -.5597E-03   -.5636E-03   -.5639E-03   -.5673E-03   -.5629E-03   -.5641E-03   -.5555E-03   -.5546E-03   -.5415E-03   -.5381E-03   -.5199E-03   -.5138E-03   -.5004E-03   -.4966E-03   -.4951E-03   -.4830E-03   -.4503E-03   -.4383E-03   -.3971E-03   -.3819E-03   -.3308E-03   -.3119E-03   -.2491E-03   -.2261E-03   -.1497E-03   -.1223E-03   -.2974E-04   0.2203E-05   0.1139E-03   0.1506E-03   0.2851E-03   0.3267E-03   0.4884E-03   0.5350E-03   0.7294E-03   0.7810E-03   0.1015E-02   0.1071E-02   0.1354E-02   0.1414E-02   0.1757E-02   0.1821E-02   0.2239E-02   0.2305E-02   0.2818E-02   0.2882E-02   0.3515E-02   0.3457E-02   0.4559E-02   0.4891E-02   0.5037E-02   0.5124E-02   0.5186E-02   0.5234E-02   0.5273E-02   0.5307E-02   0.5336E-02   0.5362E-02   0.5385E-02   0.5405E-02   0.5424E-02   0.5441E-02   0.5456E-02   0.5470E-02   0.5483E-02   0.5495E-02   0.5506E-02   0.5517E-02   0.5527E-02   0.5536E-02   0.5545E-02   0.5553E-02   0.5561E-02   0.5568E-02   0.5575E-02   0.5582E-02   0.5588E-02   0.5594E-02
0.2167E+00   -.9922E-05   -.2017E-04   -.3027E-04   -.4077E-04   -.5145E-04   -.6229E-04   -.7324E-04   -.8428E-04   -.9540E-04   -.1066E-03   -.1179E-03   -.1292E-03   -.1406E-03   -.1521E-03   -.1636E-03   -.1751E-03   -.1868E-03   -.1984E-03   -.2101E-03   -.2219E-03   -.2337E-03   -.2455E-03   -.2574E-03   -.2693E-03   -.2812E-03   -.2930E-03   -.3049E-03   -.3168E-03   -.3286E-03   -.3404E-03   -.3521E-03   -.3637E-03   -.3752E-03   -.3866E-03   -.3979E-03   -.4090E-03   -.4199E-03   -.4305E-03   -.4410E-03   -.4511E-03   -.4610E-03   -.4709E-03   -.4804E-03   -.4901E-03   -.4940E-03   -.5007E-03   -.5069E-03   -.5122E-03   -.5170E-03   -.5216E-03   -.5248E-03   -.5240E-03   -.5308E-03   -.5334E-03   -.5335E-03   -.5350E-03   -.5307E-03   -.5297E-03   -.5216E-03   -.5180E-03   -.5058E-03   -.4994E-03   -.4823E-03   -.4726E-03   -.4579E-03   -.4540E-03   -.4524E-03   -.4360E-03   -.4059E-03   -.3887E-03   -.3509E-03   -.3294E-03   -.2827E-03   -.2563E-03   -.1992E-03   -.1673E-03   -.9799E-04   -.5996E-04   0.2366E-04   0.6847E-04   0.1689E-03   0.2212E-03   0.3415E-03   0.4021E-03   0.5461E-03   0.6159E-03   0.7882E-03   0.8682E-03   0.1075E-02   0.1166E-02   0.1414E-02   0.1518E-02   0.1817E-02   0.1935E-02   0.2298E-02   0.2432E-02   0.2875E-02   0.3026E-02   0.3569E-02   0.3504E-02   0.4621E-02   0.4965E-02   0.5117E-02   0.5206E-02   0.5268E-02   0.5317E-02   0.5356E-02   0.5390E-02   0.5419E-02   0.5445E-02   0.5468E-02   0.5488E-02   0.5507E-02   0.5523E-02   0.5538E-02   0.5552E-02   0.5565E-02   0.5577E-02   0.5589E-02   0.5599E-02   0.5609E-02   0.5618E-02   0.5626E-02   0.5635E-02   0.5642E-02   0.5650E-02   0.5657E-02   0.5663E-02   0.5669E-02   0.5675E-02
0.4333E+00   -.9453E-05   -.1937E-04   -.2914E-04   -.3930E-04   -.4964E-04   -.6014E-04   -.7073E-04   -.8141E-04   -.9217E-04   -.1030E-03   -.1139E-03   -.1248E-03   -.1358E-03   -.1469E-03   -.1580E-03   -.1692E-03   -.1804E-03   -.1916E-03   -.2029E-03   -.2142E-03   -.2255E-03   -.2369E-03   -.2483E-03   -.2597E-03   -.2711E-03   -.2825E-03   -.2938E-03   -.3051E-03   -.3164E-03   -.3277E-03   -.3388E-03   -.3498E-03   -.3608E-03   -.3716E-03   -.3822E-03   -.3927E-03   -.4030E-03   -.4130E-03   -.4227E-03   -.4322E-03   -.4414E-03   -.4506E-03   -.4594E-03   -.4683E-03   -.4715E-03   -.4775E-03   -.4829E-03   -.4874E-03   -.4914E-03   -.4951E-03   -.4976E-03   -.4958E-03   -.5020E-03   -.5031E-03   -.5031E-03   -.5026E-03   -.4985E-03   -.4953E-03   -.4876E-03   -.4815E-03   -.4700E-03   -.4606E-03   -.4447E-03   -.4315E-03   -.4155E-03   -.4114E-03   -.4097E-03   -.3890E-03   -.3615E-03   -.3390E-03   -.3046E-03   -.2769E-03   -.2346E-03   -.2008E-03   -.1493E-03   -.1085E-03   -.4629E-04   0.2411E-05   0.7705E-04   0.1347E-03   0.2239E-03   0.2918E-03   0.3980E-03   0.4776E-03   0.6039E-03   0.6968E-03   0.8470E-03   0.9554E-03   0.1134E-02   0.1261E-02   0.1474E-02   0.1621E-02   0.1877E-02   0.2049E-02   0.2357E-02   0.2559E-02   0.2932E-02   0.3169E-02   0.3622E-02   0.3550E-02   0.4682E-02   0.5038E-02   0.5196E-02   0.5287E-02   0.5351E-02   0.5400E-02   0.5439E-02   0.5473E-02   0.5502E-02   0.5528E-02   0.5550E-02   0.5571E-02   0.5589E-02   0.5606E-02   0.5621E-02   0.5635E-02   0.5648E-02   0.5660E-02   0.5671E-02   0.5681E-02   0.5691E-02   0.5700E-02   0.5708E-02   0.5716E-02   0.5724E-02   0.5731E-02   0.5738E-02   0.5744E-02   0.5751E-02   0.5756E-02
0.6500E+00   -.8985E-05   -.1856E-04   -.2801E-04   -.3784E-04   -.4784E-04   -.5798E-04   -.6822E-04   -.7854E-04   -.8893E-04   -.9938E-04   -.1099E-03   -.1205E-03   -.1311E-03   -.1417E-03   -.1524E-03   -.1632E-03   -.1740E-03   -.1848E-03   -.1956E-03   -.2065E-03   -.2174E-03   -.2283E-03   -.2392E-03   -.2501E-03   -.2610E-03   -.2719E-03   -.2827E-03   -.2935E-03   -.3043E-03   -.3149E-03   -.3255E-03   -.3360E-03   -.3464E-03   -.3566E-03   -.3666E-03   -.3764E-03   -.3861E-03   -.3954E-03   -.4045E-03   -.4133E-03   -.4218E-03   -.4302E-03   -.4383E-03   -.4465E-03   -.4490E-03   -.4542E-03   -.4589E-03   -.4626E-03   -.4658E-03   -.4687E-03   -.4703E-03   -.4676E-03   -.4731E-03   -.4729E-03   -.4727E-03   -.4703E-03   -.4664E-03   -.4609E-03   -.4537E-03   -.4449E-03   -.4342E-03   -.4218E-03   -.4071E-03   -.3904E-03   -.3731E-03   -.3688E-03   -.3670E-03   -.3421E-03   -.3171E-03   -.2894E-03   -.2584E-03   -.2244E-03   -.1865E-03   -.1453E-03   -.9935E-04   -.4968E-04   0.5408E-05   0.6478E-04   0.1304E-03   0.2010E-03   0.2789E-03   0.3624E-03   0.4544E-03   0.5530E-03   0.6616E-03   0.7777E-03   0.9058E-03   0.1043E-02   0.1194E-02   0.1355E-02   0.1534E-02   0.1725E-02   0.1936E-02   0.2163E-02   0.2415E-02   0.2686E-02   0.2988E-02   0.3312E-02   0.3676E-02   0.3597E-02   0.4744E-02   0.5112E-02   0.5275E-02   0.5369E-02   0.5433E-02   0.5482E-02   0.5522E-02   0.5556E-02   0.5585E-02   0.5610E-02   0.5633E-02   0.5653E-02   0.5672E-02   0.5688E-02   0.5703E-02   0.5717E-02   0.5730E-02   0.5742E-02   0.5753E-02   0.5763E-02   0.5772E-02   0.5781E-02   0.5790E-02   0.5798E-02   0.5805E-02   0.5812E-02   0.5819E-02   0.5826E-02   0.5832E-02   0.5837E-02
0.8667E+00   -.8516E-05   -.1776E-04   -.2689E-04   -.3638E-04   -.4603E-04   -.5583E-04   -.6571E-04   -.7567E-04   -.8569E-04   -.9577E-04   -.1059E-03   -.1161E-03   -.1263E-03   -.1366E-03   -.1469E-03   -.1572E-03   -.1676E-03   -.1779E-03   -.1884E-03   -.1988E-03   -.2092E-03   -.2197E-03   -.2301E-03   -.2405E-03   -.2509E-03   -.2613E-03   -.2716E-03   -.2819E-03   -.2921E-03   -.3022E-03   -.3123E-03   -.3222E-03   -.3319E-03   -.3415E-03   -.3510E-03   -.3602E-03   -.3691E-03   -.3779E-03   -.3863E-03   -.3944E-03   -.4022E-03   -.4099E-03   -.4172E-03   -.4246E-03   -.4265E-03   -.4310E-03   -.4348E-03   -.4378E-03   -.4402E-03   -.4423E-03   -.4431E-03   -.4394E-03   -.4443E-03   -.4426E-03   -.4423E-03   -.4380E-03   -.4342E-03   -.4265E-03   -.4198E-03   -.4084E-03   -.3985E-03   -.3830E-03   -.3695E-03   -.3492E-03   -.3307E-03   -.3261E-03   -.3244E-03   -.2951E-03   -.2727E-03   -.2397E-03   -.2121E-03   -.1719E-03   -.1384E-03   -.8971E-04   -.4942E-04   0.9143E-05   0.5711E-04   0.1272E-03   0.1838E-03   0.2673E-03   0.3339E-03   0.4329E-03   0.5109E-03   0.6284E-03   0.7193E-03   0.8586E-03   0.9646E-03   0.1130E-02   0.1253E-02   0.1450E-02   0.1594E-02   0.1828E-02   0.1996E-02   0.2277E-02   0.2474E-02   0.2813E-02   0.3045E-02   0.3455E-02   0.3729E-02   0.3644E-02   0.4805E-02   0.5186E-02   0.5354E-02   0.5450E-02   0.5516E-02   0.5565E-02   0.5605E-02   0.5639E-02   0.5668E-02   0.5693E-02   0.5716E-02   0.5736E-02   0.5754E-02   0.5771E-02   0.5786E-02   0.5800E-02   0.5812E-02   0.5824E-02   0.5835E-02   0.5845E-02   0.5854E-02   0.5863E-02   0.5872E-02   0.5879E-02   0.5887E-02   0.5894E-02   0.5900E-02   0.5907E-02   0.5913E-02   0.5918E-02
0.1083E+01   -.8048E-05   -.1696E-04   -.2576E-04   -.3492E-04   -.4423E-04   -.5367E-04   -.6320E-04   -.7280E-04   -.8246E-04   -.9216E-04   -.1019E-03   -.1117E-03   -.1215E-03   -.1314E-03   -.1413E-03   -.1512E-03   -.1612E-03   -.1711E-03   -.1811E-03   -.1911E-03   -.2011E-03   -.2110E-03   -.2210E-03   -.2309E-03   -.2409E-03   -.2507E-03   -.2605E-03   -.2703E-03   -.2800E-03   -.2895E-03   -.2990E-03   -.3083E-03   -.3175E-03   -.3265E-03   -.3353E-03   -.3439E-03   -.3522E-03   -.3603E-03   -.3680E-03   -.3755E-03   -.3826E-03   -.3896E-03   -.3962E-03   -.4028E-03   -.4040E-03   -.4078E-03   -.4108E-03   -.4130E-03   -.4146E-03   -.4159E-03   -.4159E-03   -.4112E-03   -.4154E-03   -.4123E-03   -.4119E-03   -.4057E-03   -.4021E-03   -.3921E-03   -.3858E-03   -.3718E-03   -.3627E-03   -.3442E-03   -.3319E-03   -.3081E-03   -.2882E-03   -.2835E-03   -.2817E-03   -.2481E-03   -.2283E-03   -.1901E-03   -.1658E-03   -.1194E-03   -.9028E-04   -.3417E-04   0.5084E-06   0.6796E-04   0.1088E-03   0.1895E-03   0.2372E-03   0.3335E-03   0.3889E-03   0.5035E-03   0.5673E-03   0.7038E-03   0.7771E-03   0.9395E-03   0.1023E-02   0.1217E-02   0.1313E-02   0.1544E-02   0.1653E-02   0.1931E-02   0.2056E-02   0.2391E-02   0.2533E-02   0.2940E-02   0.3102E-02   0.3599E-02   0.3782E-02   0.3691E-02   0.4867E-02   0.5259E-02   0.5434E-02   0.5532E-02   0.5598E-02   0.5648E-02   0.5688E-02   0.5722E-02   0.5751E-02   0.5776E-02   0.5799E-02   0.5819E-02   0.5837E-02   0.5853E-02   0.5868E-02   0.5882E-02   0.5894E-02   0.5906E-02   0.5917E-02   0.5927E-02   0.5936E-02   0.5945E-02   0.5953E-02   0.5961E-02   0.5968E-02   0.5975E-02   0.5982E-02   0.5988E-02   0.5994E-02   0.5999E-02
0.1300E+01   -.7579E-05   -.1615E-04   -.2463E-04   -.3346E-04   -.4243E-04   -.5152E-04   -.6069E-04   -.6993E-04   -.7922E-04   -.8855E-04   -.9793E-04   -.1073E-03   -.1168E-03   -.1262E-03   -.1357E-03   -.1452E-03   -.1548E-03   -.1643E-03   -.1738E-03   -.1834E-03   -.1929E-03   -.2024E-03   -.2119E-03   -.2214E-03   -.2308E-03   -.2401E-03   -.2494E-03   -.2587E-03   -.2678E-03   -.2768E-03   -.2857E-03   -.2945E-03   -.3031E-03   -.3115E-03   -.3197E-03   -.3276E-03   -.3353E-03   -.3427E-03   -.3498E-03   -.3565E-03   -.3629E-03   -.3692E-03   -.3751E-03   -.3810E-03   -.3815E-03   -.3845E-03   -.3868E-03   -.3882E-03   -.3890E-03   -.3895E-03   -.3886E-03   -.3830E-03   -.3866E-03   -.3821E-03   -.3816E-03   -.3734E-03   -.3699E-03   -.3577E-03   -.3519E-03   -.3353E-03   -.3270E-03   -.3054E-03   -.2943E-03   -.2670E-03   -.2458E-03   -.2409E-03   -.2390E-03   -.2011E-03   -.1839E-03   -.1404E-03   -.1196E-03   -.6692E-04   -.4217E-04   0.2138E-04   0.5044E-04   0.1268E-03   0.1605E-03   0.2519E-03   0.2906E-03   0.3998E-03   0.4438E-03   0.5741E-03   0.6238E-03   0.7792E-03   0.8348E-03   0.1020E-02   0.1082E-02   0.1304E-02   0.1372E-02   0.1639E-02   0.1713E-02   0.2035E-02   0.2115E-02   0.2505E-02   0.2592E-02   0.3067E-02   0.3159E-02   0.3742E-02   0.3836E-02   0.3738E-02   0.4928E-02   0.5333E-02   0.5513E-02   0.5614E-02   0.5681E-02   0.5731E-02   0.5771E-02   0.5805E-02   0.5834E-02   0.5859E-02   0.5881E-02   0.5901E-02   0.5919E-02   0.5936E-02   0.5951E-02   0.5964E-02   0.5977E-02   0.5988E-02   0.5999E-02   0.6009E-02   0.6018E-02   0.6027E-02   0.6035E-02   0.6043E-02   0.6050E-02   0.6057E-02   0.6063E-02   0.6069E-02   0.6075E-02   0.6080E-02
0.1517E+01   -.7143E-05   -.1548E-04   -.2373E-04   -.3233E-04   -.4106E-04   -.4991E-04   -.5883E-04   -.6781E-04   -.7684E-04   -.8591E-04   -.9501E-04   -.1041E-03   -.1133E-03   -.1225E-03   -.1317E-03   -.1409E-03   -.1501E-03   -.1593E-03   -.1685E-03   -.1777E-03   -.1868E-03   -.1960E-03   -.2051E-03   -.2142E-03   -.2232E-03   -.2322E-03   -.2411E-03   -.2498E-03   -.2585E-03   -.2671E-03   -.2755E-03   -.2838E-03   -.2919E-03   -.2998E-03   -.3075E-03   -.3149E-03   -.3220E-03   -.3289E-03   -.3354E-03   -.3415E-03   -.3472E-03   -.3529E-03   -.3581E-03   -.3633E-03   -.3632E-03   -.3655E-03   -.3670E-03   -.3677E-03   -.3677E-03   -.3674E-03   -.3657E-03   -.3595E-03   -.3617E-03   -.3568E-03   -.3546E-03   -.3464E-03   -.3409E-03   -.3289E-03   -.3208E-03   -.3046E-03   -.2936E-03   -.2728E-03   -.2586E-03   -.2324E-03   -.2048E-03   -.1997E-03   -.1977E-03   -.1616E-03   -.1397E-03   -.9872E-04   -.7236E-04   -.2296E-04   0.8356E-05   0.6768E-04   0.1046E-03   0.1755E-03   0.2187E-03   0.3032E-03   0.3533E-03   0.4538E-03   0.5116E-03   0.6311E-03   0.6975E-03   0.8394E-03   0.9154E-03   0.1084E-02   0.1171E-02   0.1372E-02   0.1471E-02   0.1712E-02   0.1825E-02   0.2114E-02   0.2243E-02   0.2593E-02   0.2741E-02   0.3165E-02   0.3336E-02   0.3855E-02   0.4051E-02   0.3970E-02   0.5197E-02   0.5614E-02   0.5799E-02   0.5903E-02   0.5972E-02   0.6024E-02   0.6065E-02   0.6100E-02   0.6130E-02   0.6156E-02   0.6179E-02   0.6200E-02   0.6219E-02   0.6236E-02   0.6251E-02   0.6265E-02   0.6278E-02   0.6290E-02   0.6301E-02   0.6312E-02   0.6321E-02   0.6330E-02   0.6339E-02   0.6347E-02   0.6354E-02   0.6361E-02   0.6368E-02   0.6374E-02   0.6380E-02   0.6386E-02
0.1733E+01   -.6710E-05   -.1482E-04   -.2286E-04   -.3123E-04   -.3973E-04   -.4835E-04   -.5703E-04   -.6577E-04   -.7455E-04   -.8336E-04   -.9220E-04   -.1011E-03   -.1099E-03   -.1188E-03   -.1277E-03   -.1366E-03   -.1455E-03   -.1544E-03   -.1633E-03   -.1722E-03   -.1810E-03   -.1898E-03   -.1986E-03   -.2073E-03   -.2159E-03   -.2245E-03   -.2330E-03   -.2413E-03   -.2496E-03   -.2577E-03   -.2657E-03   -.2735E-03   -.2811E-03   -.2885E-03   -.2956E-03   -.3025E-03   -.3091E-03   -.3154E-03   -.3213E-03   -.3268E-03   -.3320E-03   -.3370E-03   -.3415E-03   -.3460E-03   -.3453E-03   -.3468E-03   -.3477E-03   -.3476E-03   -.3468E-03   -.3457E-03   -.3432E-03   -.3365E-03   -.3373E-03   -.3321E-03   -.3280E-03   -.3200E-03   -.3123E-03   -.3007E-03   -.2900E-03   -.2746E-03   -.2605E-03   -.2409E-03   -.2230E-03   -.1985E-03   -.1640E-03   -.1586E-03   -.1565E-03   -.1229E-03   -.9553E-04   -.5789E-04   -.2502E-04   0.2005E-04   0.5915E-04   0.1130E-03   0.1592E-03   0.2232E-03   0.2775E-03   0.3533E-03   0.4169E-03   0.5065E-03   0.5808E-03   0.6866E-03   0.7731E-03   0.8979E-03   0.9986E-03   0.1146E-02   0.1263E-02   0.1438E-02   0.1575E-02   0.1783E-02   0.1943E-02   0.2191E-02   0.2379E-02   0.2677E-02   0.2899E-02   0.3260E-02   0.3525E-02   0.3965E-02   0.4283E-02   0.4222E-02   0.5490E-02   0.5918E-02   0.6108E-02   0.6215E-02   0.6286E-02   0.6340E-02   0.6383E-02   0.6419E-02   0.6450E-02   0.6477E-02   0.6501E-02   0.6522E-02   0.6542E-02   0.6560E-02   0.6576E-02   0.6590E-02   0.6604E-02   0.6616E-02   0.6628E-02   0.6639E-02   0.6649E-02   0.6658E-02   0.6667E-02   0.6675E-02   0.6683E-02   0.6690E-02   0.6697E-02   0.6704E-02   0.6710E-02   0.6716E-02
0.1950E+01   -.6278E-05   -.1415E-04   -.2198E-04   -.3014E-04   -.3841E-04   -.4679E-04   -.5524E-04   -.6373E-04   -.7226E-04   -.8082E-04   -.8940E-04   -.9799E-04   -.1066E-03   -.1152E-03   -.1238E-03   -.1324E-03   -.1410E-03   -.1496E-03   -.1582E-03   -.1667E-03   -.1752E-03   -.1837E-03   -.1921E-03   -.2004E-03   -.2086E-03   -.2168E-03   -.2249E-03   -.2328E-03   -.2407E-03   -.2483E-03   -.2559E-03   -.2632E-03   -.2703E-03   -.2772E-03   -.2838E-03   -.2902E-03   -.2962E-03   -.3019E-03   -.3073E-03   -.3122E-03   -.3167E-03   -.3211E-03   -.3249E-03   -.3288E-03   -.3273E-03   -.3282E-03   -.3283E-03   -.3275E-03   -.3259E-03   -.3240E-03   -.3207E-03   -.3136E-03   -.3129E-03   -.3074E-03   -.3014E-03   -.2935E-03   -.2837E-03   -.2726E-03   -.2592E-03   -.2447E-03   -.2275E-03   -.2091E-03   -.1875E-03   -.1647E-03   -.1232E-03   -.1175E-03   -.1154E-03   -.8418E-04   -.5136E-04   -.1706E-04   0.2232E-04   0.6307E-04   0.1099E-03   0.1582E-03   0.2138E-03   0.2708E-03   0.3364E-03   0.4034E-03   0.4806E-03   0.5592E-03   0.6500E-03   0.7421E-03   0.8487E-03   0.9565E-03   0.1082E-02   0.1208E-02   0.1356E-02   0.1504E-02   0.1678E-02   0.1853E-02   0.2060E-02   0.2268E-02   0.2514E-02   0.2761E-02   0.3058E-02   0.3355E-02   0.3715E-02   0.4075E-02   0.4516E-02   0.4474E-02   0.5782E-02   0.6222E-02   0.6418E-02   0.6527E-02   0.6601E-02   0.6656E-02   0.6700E-02   0.6737E-02   0.6769E-02   0.6798E-02   0.6823E-02   0.6845E-02   0.6865E-02   0.6884E-02   0.6900E-02   0.6916E-02   0.6930E-02   0.6943E-02   0.6955E-02   0.6966E-02   0.6976E-02   0.6986E-02   0.6995E-02   0.7004E-02   0.7012E-02   0.7019E-02   0.7027E-02   0.7033E-02   0.7040E-02   0.7046E-02
0.2167E+01   -.5845E-05   -.1349E-04   -.2111E-04   -.2904E-04   -.3709E-04   -.4524E-04   -.5344E-04   -.6169E-04   -.6997E-04   -.7828E-04   -.8659E-04   -.9492E-04   -.1033E-03   -.1116E-03   -.1199E-03   -.1282E-03   -.1365E-03   -.1448E-03   -.1530E-03   -.1612E-03   -.1694E-03   -.1775E-03   -.1855E-03   -.1935E-03   -.2014E-03   -.2091E-03   -.2168E-03   -.2243E-03   -.2317E-03   -.2390E-03   -.2460E-03   -.2529E-03   -.2595E-03   -.2659E-03   -.2720E-03   -.2778E-03   -.2833E-03   -.2885E-03   -.2932E-03   -.2975E-03   -.3015E-03   -.3052E-03   -.3083E-03   -.3115E-03   -.3094E-03   -.3096E-03   -.3090E-03   -.3074E-03   -.3051E-03   -.3023E-03   -.2982E-03   -.2906E-03   -.2885E-03   -.2827E-03   -.2748E-03   -.2671E-03   -.2550E-03   -.2444E-03   -.2284E-03   -.2147E-03   -.1944E-03   -.1772E-03   -.1520E-03   -.1308E-03   -.8232E-04   -.7646E-04   -.7424E-04   -.4547E-04   -.7190E-05   0.2377E-04   0.6965E-04   0.1061E-03   0.1607E-03   0.2035E-03   0.2684E-03   0.3184E-03   0.3953E-03   0.4535E-03   0.5443E-03   0.6119E-03   0.7192E-03   0.7975E-03   0.9243E-03   0.1015E-02   0.1165E-02   0.1270E-02   0.1448E-02   0.1570E-02   0.1782E-02   0.1924E-02   0.2178E-02   0.2344E-02   0.2650E-02   0.2846E-02   0.3217E-02   0.3450E-02   0.3905E-02   0.4185E-02   0.4748E-02   0.4726E-02   0.6074E-02   0.6527E-02   0.6727E-02   0.6840E-02   0.6915E-02   0.6972E-02   0.7017E-02   0.7056E-02   0.7089E-02   0.7118E-02   0.7144E-02   0.7168E-02   0.7189E-02   0.7208E-02   0.7225E-02   0.7241E-02   0.7256E-02   0.7269E-02   0.7282E-02   0.7293E-02   0.7304E-02   0.7314E-02   0.7324E-02   0.7332E-02   0.7341E-02   0.7349E-02   0.7356E-02   0.7363E-02   0.7370E-02   0.7376E-02
0.2383E+01   -.5412E-05   -.1283E-04   -.2023E-04   -.2794E-04   -.3576E-04   -.4368E-04   -.5165E-04   -.5965E-04   -.6769E-04   -.7573E-04   -.8379E-04   -.9185E-04   -.9990E-04   -.1080E-03   -.1160E-03   -.1240E-03   -.1320E-03   -.1400E-03   -.1479E-03   -.1557E-03   -.1636E-03   -.1713E-03   -.1790E-03   -.1866E-03   -.1941E-03   -.2015E-03   -.2087E-03   -.2158E-03   -.2228E-03   -.2296E-03   -.2362E-03   -.2426E-03   -.2487E-03   -.2546E-03   -.2602E-03   -.2655E-03   -.2704E-03   -.2750E-03   -.2792E-03   -.2829E-03   -.2862E-03   -.2893E-03   -.2918E-03   -.2943E-03   -.2915E-03   -.2910E-03   -.2896E-03   -.2873E-03   -.2842E-03   -.2807E-03   -.2757E-03   -.2676E-03   -.2641E-03   -.2580E-03   -.2483E-03   -.2407E-03   -.2264E-03   -.2162E-03   -.1976E-03   -.1847E-03   -.1613E-03   -.1453E-03   -.1165E-03   -.9698E-04   -.4148E-04   -.3539E-04   -.3309E-04   -.6760E-05   0.3698E-04   0.6460E-04   0.1170E-03   0.1491E-03   0.2115E-03   0.2488E-03   0.3230E-03   0.3661E-03   0.4541E-03   0.5036E-03   0.6080E-03   0.6646E-03   0.7883E-03   0.8530E-03   0.9998E-03   0.1074E-02   0.1248E-02   0.1332E-02   0.1540E-02   0.1636E-02   0.1886E-02   0.1995E-02   0.2295E-02   0.2421E-02   0.2785E-02   0.2930E-02   0.3376E-02   0.3545E-02   0.4095E-02   0.4295E-02   0.4981E-02   0.4979E-02   0.6366E-02   0.6831E-02   0.7036E-02   0.7152E-02   0.7229E-02   0.7288E-02   0.7335E-02   0.7374E-02   0.7409E-02   0.7439E-02   0.7466E-02   0.7490E-02   0.7512E-02   0.7532E-02   0.7550E-02   0.7566E-02   0.7581E-02   0.7595E-02   0.7608E-02   0.7620E-02   0.7632E-02   0.7642E-02   0.7652E-02   0.7661E-02   0.7670E-02   0.7678E-02   0.7686E-02   0.7693E-02   0.7700E-02   0.7706E-02
0.2600E+01   -.4981E-05   -.1220E-04   -.1942E-04   -.2694E-04   -.3457E-04   -.4229E-04   -.5005E-04   -.5784E-04   -.6566E-04   -.7348E-04   -.8131E-04   -.8913E-04   -.9695E-04   -.1047E-03   -.1125E-03   -.1203E-03   -.1280E-03   -.1357E-03   -.1433E-03   -.1509E-03   -.1584E-03   -.1658E-03   -.1732E-03   -.1804E-03   -.1875E-03   -.1946E-03   -.2014E-03   -.2082E-03   -.2147E-03   -.2211E-03   -.2272E-03   -.2332E-03   -.2388E-03   -.2442E-03   -.2494E-03   -.2541E-03   -.2585E-03   -.2626E-03   -.2662E-03   -.2693E-03   -.2720E-03   -.2744E-03   -.2763E-03   -.2781E-03   -.2746E-03   -.2734E-03   -.2713E-03   -.2682E-03   -.2643E-03   -.2600E-03   -.2542E-03   -.2453E-03   -.2408E-03   -.2338E-03   -.2231E-03   -.2146E-03   -.1993E-03   -.1881E-03   -.1684E-03   -.1544E-03   -.1299E-03   -.1127E-03   -.8266E-04   -.6195E-04   -.2479E-05   0.3878E-05   0.6262E-05   0.3394E-04   0.7913E-04   0.1082E-03   0.1621E-03   0.1958E-03   0.2599E-03   0.2989E-03   0.3750E-03   0.4199E-03   0.5101E-03   0.5616E-03   0.6684E-03   0.7274E-03   0.8539E-03   0.9213E-03   0.1071E-02   0.1148E-02   0.1327E-02   0.1415E-02   0.1628E-02   0.1728E-02   0.1984E-02   0.2099E-02   0.2407E-02   0.2541E-02   0.2915E-02   0.3071E-02   0.3530E-02   0.3713E-02   0.4282E-02   0.4502E-02   0.5213E-02   0.5207E-02   0.6643E-02   0.7124E-02   0.7336E-02   0.7455E-02   0.7535E-02   0.7595E-02   0.7644E-02   0.7685E-02   0.7720E-02   0.7751E-02   0.7779E-02   0.7804E-02   0.7827E-02   0.7847E-02   0.7865E-02   0.7882E-02   0.7898E-02   0.7913E-02   0.7926E-02   0.7938E-02   0.7950E-02   0.7961E-02   0.7971E-02   0.7980E-02   0.7989E-02   0.7998E-02   0.8006E-02   0.8013E-02   0.8020E-02   0.8027E-02
0.2817E+01   -.4551E-05   -.1161E-04   -.1868E-04   -.2605E-04   -.3352E-04   -.4108E-04   -.4867E-04   -.5629E-04   -.6393E-04   -.7157E-04   -.7920E-04   -.8683E-04   -.9444E-04   -.1020E-03   -.1096E-03   -.1171E-03   -.1246E-03   -.1320E-03   -.1394E-03   -.1467E-03   -.1539E-03   -.1611E-03   -.1681E-03   -.1751E-03   -.1819E-03   -.1886E-03   -.1951E-03   -.2014E-03   -.2076E-03   -.2136E-03   -.2193E-03   -.2248E-03   -.2301E-03   -.2350E-03   -.2397E-03   -.2439E-03   -.2478E-03   -.2513E-03   -.2544E-03   -.2569E-03   -.2590E-03   -.2608E-03   -.2620E-03   -.2632E-03   -.2590E-03   -.2570E-03   -.2542E-03   -.2503E-03   -.2456E-03   -.2404E-03   -.2338E-03   -.2237E-03   -.2188E-03   -.2102E-03   -.1996E-03   -.1888E-03   -.1739E-03   -.1599E-03   -.1410E-03   -.1237E-03   -.1003E-03   -.7928E-04   -.5083E-04   -.2556E-04   0.3441E-04   0.4106E-04   0.4354E-04   0.7694E-04   0.1189E-03   0.1549E-03   0.2047E-03   0.2467E-03   0.3056E-03   0.3545E-03   0.4239E-03   0.4809E-03   0.5627E-03   0.6289E-03   0.7251E-03   0.8019E-03   0.9153E-03   0.1004E-02   0.1138E-02   0.1242E-02   0.1400E-02   0.1521E-02   0.1709E-02   0.1851E-02   0.2076E-02   0.2242E-02   0.2513E-02   0.2711E-02   0.3039E-02   0.3276E-02   0.3678E-02   0.3967E-02   0.4465E-02   0.4821E-02   0.5446E-02   0.5407E-02   0.6904E-02   0.7404E-02   0.7624E-02   0.7748E-02   0.7831E-02   0.7893E-02   0.7943E-02   0.7985E-02   0.8022E-02   0.8054E-02   0.8082E-02   0.8108E-02   0.8131E-02   0.8152E-02   0.8171E-02   0.8189E-02   0.8205E-02   0.8220E-02   0.8233E-02   0.8246E-02   0.8258E-02   0.8269E-02   0.8279E-02   0.8289E-02   0.8298E-02   0.8307E-02   0.8315E-02   0.8323E-02   0.8330E-02   0.8337E-02
0.3033E+01   -.4121E-05   -.1101E-04   -.1794E-04   -.2516E-04   -.3247E-04   -.3987E-04   -.4729E-04   -.5474E-04   -.6220E-04   -.6966E-04   -.7710E-04   -.8453E-04   -.9194E-04   -.9932E-04   -.1067E-03   -.1140E-03   -.1212E-03   -.1284E-03   -.1355E-03   -.1425E-03   -.1495E-03   -.1564E-03   -.1631E-03   -.1697E-03   -.1762E-03   -.1826E-03   -.1887E-03   -.1947E-03   -.2005E-03   -.2061E-03   -.2114E-03   -.2165E-03   -.2213E-03   -.2258E-03   -.2300E-03   -.2337E-03   -.2371E-03   -.2401E-03   -.2426E-03   -.2445E-03   -.2460E-03   -.2472E-03   -.2478E-03   -.2483E-03   -.2434E-03   -.2407E-03   -.2371E-03   -.2324E-03   -.2269E-03   -.2209E-03   -.2134E-03   -.2021E-03   -.1968E-03   -.1866E-03   -.1761E-03   -.1630E-03   -.1485E-03   -.1318E-03   -.1136E-03   -.9306E-04   -.7075E-04   -.4588E-04   -.1900E-04   0.1084E-04   0.7130E-04   0.7823E-04   0.8082E-04   0.1199E-03   0.1587E-03   0.2017E-03   0.2473E-03   0.2977E-03   0.3512E-03   0.4102E-03   0.4729E-03   0.5419E-03   0.6153E-03   0.6961E-03   0.7818E-03   0.8764E-03   0.9767E-03   0.1088E-02   0.1205E-02   0.1336E-02   0.1474E-02   0.1628E-02   0.1791E-02   0.1973E-02   0.2168E-02   0.2386E-02   0.2618E-02   0.2881E-02   0.3162E-02   0.3482E-02   0.3826E-02   0.4220E-02   0.4648E-02   0.5141E-02   0.5678E-02   0.5608E-02   0.7165E-02   0.7685E-02   0.7913E-02   0.8041E-02   0.8126E-02   0.8190E-02   0.8242E-02   0.8285E-02   0.8323E-02   0.8356E-02   0.8386E-02   0.8412E-02   0.8436E-02   0.8457E-02   0.8477E-02   0.8495E-02   0.8511E-02   0.8526E-02   0.8541E-02   0.8554E-02   0.8566E-02   0.8577E-02   0.8588E-02   0.8598E-02   0.8607E-02   0.8616E-02   0.8624E-02   0.8632E-02   0.8639E-02   0.8646E-02
0.3250E+01   -.3691E-05   -.1042E-04   -.1720E-04   -.2427E-04   -.3142E-04   -.3866E-04   -.4592E-04   -.5319E-04   -.6047E-04   -.6774E-04   -.7500E-04   -.8223E-04   -.8943E-04   -.9660E-04   -.1037E-03   -.1108E-03   -.1178E-03   -.1247E-03   -.1316E-03   -.1384E-03   -.1451E-03   -.1516E-03   -.1581E-03   -.1644E-03   -.1706E-03   -.1766E-03   -.1824E-03   -.1880E-03   -.1934E-03   -.1986E-03   -.2036E-03   -.2082E-03   -.2126E-03   -.2166E-03   -.2203E-03   -.2235E-03   -.2264E-03   -.2288E-03   -.2308E-03   -.2322E-03   -.2331E-03   -.2336E-03   -.2335E-03   -.2334E-03   -.2277E-03   -.2243E-03   -.2200E-03   -.2145E-03   -.2082E-03   -.2014E-03   -.1930E-03   -.1805E-03   -.1748E-03   -.1630E-03   -.1526E-03   -.1373E-03   -.1231E-03   -.1037E-03   -.8615E-04   -.6240E-04   -.4120E-04   -.1248E-04   0.1284E-04   0.4723E-04   0.1082E-03   0.1154E-03   0.1181E-03   0.1629E-03   0.1985E-03   0.2484E-03   0.2899E-03   0.3486E-03   0.3968E-03   0.4658E-03   0.5218E-03   0.6030E-03   0.6678E-03   0.7633E-03   0.8385E-03   0.9509E-03   0.1038E-02   0.1171E-02   0.1272E-02   0.1429E-02   0.1547E-02   0.1734E-02   0.1873E-02   0.2096E-02   0.2260E-02   0.2529E-02   0.2724E-02   0.3051E-02   0.3285E-02   0.3687E-02   0.3974E-02   0.4474E-02   0.4831E-02   0.5460E-02   0.5911E-02   0.5808E-02   0.7426E-02   0.7965E-02   0.8202E-02   0.8334E-02   0.8422E-02   0.8488E-02   0.8541E-02   0.8586E-02   0.8625E-02   0.8659E-02   0.8689E-02   0.8716E-02   0.8740E-02   0.8762E-02   0.8782E-02   0.8801E-02   0.8818E-02   0.8833E-02   0.8848E-02   0.8861E-02   0.8874E-02   0.8885E-02   0.8896E-02   0.8906E-02   0.8916E-02   0.8925E-02   0.8933E-02   0.8941E-02   0.8949E-02   0.8956E-02
0.3467E+01   -.3261E-05   -.9824E-05   -.1646E-04   -.2338E-04   -.3037E-04   -.3745E-04   -.4454E-04   -.5164E-04   -.5874E-04   -.6583E-04   -.7290E-04   -.7993E-04   -.8693E-04   -.9388E-04   -.1008E-03   -.1076E-03   -.1144E-03   -.1211E-03   -.1277E-03   -.1342E-03   -.1406E-03   -.1469E-03   -.1530E-03   -.1590E-03   -.1649E-03   -.1706E-03   -.1760E-03   -.1813E-03   -.1863E-03   -.1911E-03   -.1957E-03   -.1999E-03   -.2038E-03   -.2074E-03   -.2106E-03   -.2133E-03   -.2157E-03   -.2176E-03   -.2190E-03   -.2198E-03   -.2201E-03   -.2200E-03   -.2193E-03   -.2185E-03   -.2121E-03   -.2080E-03   -.2029E-03   -.1966E-03   -.1895E-03   -.1818E-03   -.1726E-03   -.1589E-03   -.1529E-03   -.1394E-03   -.1291E-03   -.1115E-03   -.9770E-04   -.7557E-04   -.5874E-04   -.3175E-04   -.1164E-04   0.2092E-04   0.4467E-04   0.8363E-04   0.1451E-03   0.1526E-03   0.1554E-03   0.2060E-03   0.2383E-03   0.2952E-03   0.3326E-03   0.3995E-03   0.4425E-03   0.5215E-03   0.5707E-03   0.6640E-03   0.7204E-03   0.8305E-03   0.8952E-03   0.1025E-02   0.1099E-02   0.1254E-02   0.1339E-02   0.1523E-02   0.1621E-02   0.1841E-02   0.1954E-02   0.2219E-02   0.2352E-02   0.2672E-02   0.2829E-02   0.3221E-02   0.3409E-02   0.3893E-02   0.4122E-02   0.4728E-02   0.5014E-02   0.5780E-02   0.6144E-02   0.6008E-02   0.7686E-02   0.8245E-02   0.8490E-02   0.8626E-02   0.8717E-02   0.8785E-02   0.8840E-02   0.8886E-02   0.8926E-02   0.8961E-02   0.8992E-02   0.9020E-02   0.9045E-02   0.9067E-02   0.9088E-02   0.9107E-02   0.9124E-02   0.9140E-02   0.9155E-02   0.9169E-02   0.9181E-02   0.9193E-02   0.9204E-02   0.9215E-02   0.9225E-02   0.9234E-02   0.9243E-02   0.9251E-02   0.9259E-02   0.9266E-02
0.3683E+01   -.2831E-05   -.9261E-05   -.1578E-04   -.2258E-04   -.2946E-04   -.3641E-04   -.4337E-04   -.5033E-04   -.5729E-04   -.6423E-04   -.7114E-04   -.7801E-04   -.8484E-04   -.9162E-04   -.9833E-04   -.1050E-03   -.1115E-03   -.1180E-03   -.1244E-03   -.1307E-03   -.1368E-03   -.1429E-03   -.1488E-03   -.1545E-03   -.1600E-03   -.1654E-03   -.1705E-03   -.1755E-03   -.1802E-03   -.1846E-03   -.1887E-03   -.1925E-03   -.1960E-03   -.1992E-03   -.2019E-03   -.2042E-03   -.2060E-03   -.2074E-03   -.2082E-03   -.2085E-03   -.2082E-03   -.2075E-03   -.2061E-03   -.2047E-03   -.1975E-03   -.1926E-03   -.1868E-03   -.1797E-03   -.1717E-03   -.1632E-03   -.1531E-03   -.1386E-03   -.1314E-03   -.1172E-03   -.1055E-03   -.8719E-04   -.7181E-04   -.4904E-04   -.3039E-04   -.2801E-05   0.1938E-04   0.5249E-04   0.7863E-04   0.1181E-03   0.1849E-03   0.1927E-03   0.1956E-03   0.2466E-03   0.2824E-03   0.3394E-03   0.3807E-03   0.4477E-03   0.4953E-03   0.5741E-03   0.6288E-03   0.7217E-03   0.7847E-03   0.8941E-03   0.9666E-03   0.1096E-02   0.1179E-02   0.1333E-02   0.1429E-02   0.1612E-02   0.1724E-02   0.1942E-02   0.2074E-02   0.2337E-02   0.2492E-02   0.2811E-02   0.2998E-02   0.3388E-02   0.3615E-02   0.4099E-02   0.4380E-02   0.4989E-02   0.5344E-02   0.6119E-02   0.6578E-02   0.6440E-02   0.8206E-02   0.8790E-02   0.9045E-02   0.9188E-02   0.9283E-02   0.9355E-02   0.9413E-02   0.9461E-02   0.9503E-02   0.9540E-02   0.9573E-02   0.9602E-02   0.9629E-02   0.9653E-02   0.9675E-02   0.9695E-02   0.9713E-02   0.9730E-02   0.9746E-02   0.9760E-02   0.9774E-02   0.9786E-02   0.9798E-02   0.9809E-02   0.9819E-02   0.9829E-02   0.9838E-02   0.9847E-02   0.9855E-02   0.9863E-02
0.3900E+01   -.2399E-05   -.8718E-05   -.1515E-04   -.2185E-04   -.2863E-04   -.3547E-04   -.4232E-04   -.4918E-04   -.5601E-04   -.6282E-04   -.6960E-04   -.7633E-04   -.8301E-04   -.8963E-04   -.9618E-04   -.1027E-03   -.1090E-03   -.1153E-03   -.1215E-03   -.1276E-03   -.1335E-03   -.1393E-03   -.1449E-03   -.1504E-03   -.1557E-03   -.1607E-03   -.1656E-03   -.1702E-03   -.1745E-03   -.1786E-03   -.1824E-03   -.1858E-03   -.1889E-03   -.1916E-03   -.1939E-03   -.1957E-03   -.1970E-03   -.1979E-03   -.1982E-03   -.1979E-03   -.1970E-03   -.1956E-03   -.1936E-03   -.1915E-03   -.1836E-03   -.1780E-03   -.1713E-03   -.1635E-03   -.1546E-03   -.1452E-03   -.1341E-03   -.1190E-03   -.1102E-03   -.9579E-04   -.8179E-04   -.6381E-04   -.4561E-04   -.2351E-04   -.1468E-05   0.2508E-04   0.5132E-04   0.8292E-04   0.1139E-03   0.1513E-03   0.2266E-03   0.2348E-03   0.2378E-03   0.2859E-03   0.3291E-03   0.3821E-03   0.4323E-03   0.4942E-03   0.5525E-03   0.6248E-03   0.6926E-03   0.7773E-03   0.8561E-03   0.9554E-03   0.1047E-02   0.1164E-02   0.1271E-02   0.1409E-02   0.1535E-02   0.1698E-02   0.1846E-02   0.2041E-02   0.2218E-02   0.2452E-02   0.2664E-02   0.2948E-02   0.3206E-02   0.3554E-02   0.3873E-02   0.4306E-02   0.4705E-02   0.5255E-02   0.5766E-02   0.6472E-02   0.7138E-02   0.7016E-02   0.8887E-02   0.9500E-02   0.9767E-02   0.9917E-02   0.1002E-01   0.1009E-01   0.1016E-01   0.1021E-01   0.1025E-01   0.1029E-01   0.1033E-01   0.1036E-01   0.1039E-01   0.1041E-01   0.1044E-01   0.1046E-01   0.1048E-01   0.1050E-01   0.1051E-01   0.1053E-01   0.1054E-01   0.1056E-01   0.1057E-01   0.1058E-01   0.1059E-01   0.1060E-01   0.1061E-01   0.1062E-01   0.1063E-01   0.1064E-01
0.4117E+01   -.1968E-05   -.8174E-05   -.1451E-04   -.2112E-04   -.2780E-04   -.3454E-04   -.4128E-04   -.4802E-04   -.5473E-04   -.6142E-04   -.6806E-04   -.7465E-04   -.8118E-04   -.8764E-04   -.9403E-04   -.1003E-03   -.1065E-03   -.1126E-03   -.1186E-03   -.1245E-03   -.1302E-03   -.1357E-03   -.1411E-03   -.1463E-03   -.1513E-03   -.1561E-03   -.1606E-03   -.1649E-03   -.1689E-03   -.1726E-03   -.1760E-03   -.1791E-03   -.1817E-03   -.1840E-03   -.1858E-03   -.1872E-03   -.1881E-03   -.1884E-03   -.1881E-03   -.1873E-03   -.1858E-03   -.1838E-03   -.1812E-03   -.1784E-03   -.1697E-03   -.1633E-03   -.1559E-03   -.1472E-03   -.1375E-03   -.1272E-03   -.1152E-03   -.9944E-04   -.8906E-04   -.7438E-04   -.5808E-04   -.4043E-04   -.1941E-04   0.2025E-05   0.2746E-04   0.5296E-04   0.8326E-04   0.1134E-03   0.1492E-03   0.1845E-03   0.2683E-03   0.2768E-03   0.2799E-03   0.3251E-03   0.3758E-03   0.4247E-03   0.4840E-03   0.5406E-03   0.6098E-03   0.6756E-03   0.7564E-03   0.8329E-03   0.9276E-03   0.1017E-02   0.1128E-02   0.1232E-02   0.1363E-02   0.1485E-02   0.1640E-02   0.1784E-02   0.1969E-02   0.2140E-02   0.2361E-02   0.2567E-02   0.2836E-02   0.3084E-02   0.3414E-02   0.3720E-02   0.4130E-02   0.4513E-02   0.5031E-02   0.5520E-02   0.6187E-02   0.6824E-02   0.7699E-02   0.7592E-02   0.9568E-02   0.1021E-01   0.1049E-01   0.1065E-01   0.1075E-01   0.1083E-01   0.1090E-01   0.1095E-01   0.1100E-01   0.1104E-01   0.1108E-01   0.1111E-01   0.1115E-01   0.1117E-01   0.1120E-01   0.1122E-01   0.1124E-01   0.1126E-01   0.1128E-01   0.1130E-01   0.1131E-01   0.1133E-01   0.1134E-01   0.1135E-01   0.1137E-01   0.1138E-01   0.1139E-01   0.1140E-01   0.1141E-01   0.1142E-01
0.4333E+01   -.1537E-05   -.7631E-05   -.1387E-04   -.2040E-04   -.2697E-04   -.3361E-04   -.4024E-04   -.4686E-04   -.5345E-04   -.6001E-04   -.6652E-04   -.7297E-04   -.7935E-04   -.8566E-04   -.9188E-04   -.9801E-04   -.1040E-03   -.1099E-03   -.1157E-03   -.1213E-03   -.1268E-03   -.1321E-03   -.1373E-03   -.1422E-03   -.1469E-03   -.1514E-03   -.1556E-03   -.1596E-03   -.1633E-03   -.1666E-03   -.1697E-03   -.1723E-03   -.1746E-03   -.1764E-03   -.1778E-03   -.1787E-03   -.1791E-03   -.1789E-03   -.1781E-03   -.1766E-03   -.1745E-03   -.1720E-03   -.1687E-03   -.1653E-03   -.1558E-03   -.1487E-03   -.1405E-03   -.1309E-03   -.1204E-03   -.1092E-03   -.9625E-04   -.7987E-04   -.6791E-04   -.5297E-04   -.3438E-04   -.1705E-04   0.6790E-05   0.2756E-04   0.5638E-04   0.8084E-04   0.1152E-03   0.1438E-03   0.1845E-03   0.2177E-03   0.3100E-03   0.3188E-03   0.3220E-03   0.3644E-03   0.4225E-03   0.4674E-03   0.5356E-03   0.5871E-03   0.6671E-03   0.7263E-03   0.8202E-03   0.8885E-03   0.9991E-03   0.1078E-02   0.1208E-02   0.1300E-02   0.1455E-02   0.1561E-02   0.1745E-02   0.1870E-02   0.2091E-02   0.2238E-02   0.2505E-02   0.2682E-02   0.3007E-02   0.3221E-02   0.3622E-02   0.3887E-02   0.4388E-02   0.4721E-02   0.5357E-02   0.5786E-02   0.6608E-02   0.7177E-02   0.8259E-02   0.8169E-02   0.1025E-01   0.1092E-01   0.1121E-01   0.1137E-01   0.1149E-01   0.1157E-01   0.1164E-01   0.1170E-01   0.1175E-01   0.1179E-01   0.1183E-01   0.1187E-01   0.1190E-01   0.1193E-01   0.1196E-01   0.1198E-01   0.1201E-01   0.1203E-01   0.1205E-01   0.1206E-01   0.1208E-01   0.1210E-01   0.1211E-01   0.1213E-01   0.1214E-01   0.1215E-01   0.1216E-01   0.1217E-01   0.1218E-01   0.1219E-01
0.4550E+01   -.1101E-05   -.7091E-05   -.1325E-04   -.1969E-04   -.2618E-04   -.3272E-04   -.3925E-04   -.4577E-04   -.5225E-04   -.5869E-04   -.6508E-04   -.7140E-04   -.7764E-04   -.8380E-04   -.8987E-04   -.9583E-04   -.1017E-03   -.1074E-03   -.1130E-03   -.1184E-03   -.1237E-03   -.1288E-03   -.1337E-03   -.1383E-03   -.1428E-03   -.1470E-03   -.1509E-03   -.1546E-03   -.1579E-03   -.1609E-03   -.1636E-03   -.1658E-03   -.1677E-03   -.1691E-03   -.1700E-03   -.1704E-03   -.1703E-03   -.1696E-03   -.1683E-03   -.1663E-03   -.1636E-03   -.1604E-03   -.1564E-03   -.1524E-03   -.1421E-03   -.1342E-03   -.1252E-03   -.1148E-03   -.1034E-03   -.9127E-04   -.7738E-04   -.6011E-04   -.4695E-04   -.3124E-04   -.1111E-04   0.6859E-05   0.3251E-04   0.5387E-04   0.8479E-04   0.1098E-03   0.1466E-03   0.1756E-03   0.2191E-03   0.2528E-03   0.3510E-03   0.3602E-03   0.3636E-03   0.4062E-03   0.4683E-03   0.5133E-03   0.5863E-03   0.6376E-03   0.7233E-03   0.7821E-03   0.8829E-03   0.9505E-03   0.1069E-02   0.1147E-02   0.1288E-02   0.1378E-02   0.1545E-02   0.1649E-02   0.1849E-02   0.1972E-02   0.2211E-02   0.2357E-02   0.2648E-02   0.2822E-02   0.3178E-02   0.3391E-02   0.3832E-02   0.4097E-02   0.4649E-02   0.4986E-02   0.5691E-02   0.6132E-02   0.7049E-02   0.7640E-02   0.8856E-02   0.8761E-02   0.1096E-01   0.1167E-01   0.1197E-01   0.1214E-01   0.1226E-01   0.1235E-01   0.1243E-01   0.1249E-01   0.1254E-01   0.1259E-01   0.1263E-01   0.1267E-01   0.1271E-01   0.1274E-01   0.1276E-01   0.1279E-01   0.1282E-01   0.1284E-01   0.1286E-01   0.1288E-01   0.1289E-01   0.1291E-01   0.1293E-01   0.1294E-01   0.1295E-01   0.1297E-01   0.1298E-01   0.1299E-01   0.1300E-01   0.1301E-01
0.4767E+01   -.6511E-06   -.6561E-05   -.1267E-04   -.1905E-04   -.2547E-04   -.3194E-04   -.3840E-04   -.4484E-04   -.5124E-04   -.5759E-04   -.6387E-04   -.7009E-04   -.7622E-04   -.8226E-04   -.8819E-04   -.9401E-04   -.9971E-04   -.1053E-03   -.1107E-03   -.1159E-03   -.1210E-03   -.1259E-03   -.1305E-03   -.1350E-03   -.1392E-03   -.1431E-03   -.1467E-03   -.1501E-03   -.1531E-03   -.1558E-03   -.1581E-03   -.1599E-03   -.1614E-03   -.1624E-03   -.1629E-03   -.1628E-03   -.1622E-03   -.1610E-03   -.1591E-03   -.1565E-03   -.1532E-03   -.1494E-03   -.1448E-03   -.1400E-03   -.1288E-03   -.1202E-03   -.1103E-03   -.9906E-04   -.8667E-04   -.7362E-04   -.5872E-04   -.3991E-04   -.2648E-04   -.8748E-05   0.1112E-04   0.3203E-04   0.5707E-04   0.8202E-04   0.1119E-03   0.1413E-03   0.1766E-03   0.2108E-03   0.2523E-03   0.2922E-03   0.3905E-03   0.4000E-03   0.4036E-03   0.4541E-03   0.5123E-03   0.5669E-03   0.6348E-03   0.6978E-03   0.7770E-03   0.8500E-03   0.9427E-03   0.1028E-02   0.1136E-02   0.1235E-02   0.1363E-02   0.1479E-02   0.1631E-02   0.1768E-02   0.1949E-02   0.2111E-02   0.2328E-02   0.2524E-02   0.2787E-02   0.3025E-02   0.3348E-02   0.3641E-02   0.4044E-02   0.4411E-02   0.4921E-02   0.5392E-02   0.6049E-02   0.6668E-02   0.7535E-02   0.8369E-02   0.9540E-02   0.9394E-02   0.1175E-01   0.1250E-01   0.1283E-01   0.1301E-01   0.1314E-01   0.1323E-01   0.1331E-01   0.1338E-01   0.1344E-01   0.1349E-01   0.1353E-01   0.1357E-01   0.1361E-01   0.1364E-01   0.1367E-01   0.1370E-01   0.1373E-01   0.1375E-01   0.1377E-01   0.1379E-01   0.1381E-01   0.1383E-01   0.1385E-01   0.1386E-01   0.1388E-01   0.1389E-01   0.1390E-01   0.1392E-01   0.1393E-01   0.1394E-01
0.4983E+01   -.2015E-06   -.6031E-05   -.1208E-04   -.1840E-04   -.2476E-04   -.3117E-04   -.3756E-04   -.4392E-04   -.5023E-04   -.5649E-04   -.6267E-04   -.6878E-04   -.7480E-04   -.8071E-04   -.8652E-04   -.9220E-04   -.9774E-04   -.1031E-03   -.1084E-03   -.1134E-03   -.1183E-03   -.1230E-03   -.1274E-03   -.1316E-03   -.1356E-03   -.1392E-03   -.1426E-03   -.1456E-03   -.1483E-03   -.1506E-03   -.1526E-03   -.1541E-03   -.1551E-03   -.1557E-03   -.1557E-03   -.1552E-03   -.1541E-03   -.1523E-03   -.1499E-03   -.1467E-03   -.1428E-03   -.1384E-03   -.1331E-03   -.1276E-03   -.1156E-03   -.1061E-03   -.9543E-04   -.8329E-04   -.6996E-04   -.5597E-04   -.4006E-04   -.1972E-04   -.6002E-05   0.1374E-04   0.3335E-04   0.5720E-04   0.8164E-04   0.1102E-03   0.1391E-03   0.1727E-03   0.2066E-03   0.2461E-03   0.2855E-03   0.3316E-03   0.4300E-03   0.4399E-03   0.4435E-03   0.5021E-03   0.5562E-03   0.6205E-03   0.6833E-03   0.7580E-03   0.8307E-03   0.9179E-03   0.1002E-02   0.1105E-02   0.1203E-02   0.1323E-02   0.1439E-02   0.1581E-02   0.1717E-02   0.1886E-02   0.2048E-02   0.2251E-02   0.2445E-02   0.2690E-02   0.2927E-02   0.3227E-02   0.3518E-02   0.3891E-02   0.4256E-02   0.4726E-02   0.5192E-02   0.5798E-02   0.6406E-02   0.7204E-02   0.8021E-02   0.9098E-02   0.1022E-01   0.1003E-01   0.1254E-01   0.1334E-01   0.1368E-01   0.1388E-01   0.1401E-01   0.1412E-01   0.1420E-01   0.1427E-01   0.1433E-01   0.1439E-01   0.1443E-01   0.1448E-01   0.1452E-01   0.1455E-01   0.1458E-01   0.1461E-01   0.1464E-01   0.1467E-01   0.1469E-01   0.1471E-01   0.1473E-01   0.1475E-01   0.1477E-01   0.1478E-01   0.1480E-01   0.1481E-01   0.1483E-01   0.1484E-01   0.1485E-01   0.1486E-01
0.5200E+01   0.2481E-06   -.5502E-05   -.1149E-04   -.1776E-04   -.2405E-04   -.3039E-04   -.3671E-04   -.4299E-04   -.4922E-04   -.5538E-04   -.6147E-04   -.6747E-04   -.7337E-04   -.7917E-04   -.8484E-04   -.9038E-04   -.9577E-04   -.1010E-03   -.1061E-03   -.1109E-03   -.1156E-03   -.1201E-03   -.1243E-03   -.1283E-03   -.1319E-03   -.1353E-03   -.1384E-03   -.1412E-03   -.1435E-03   -.1455E-03   -.1471E-03   -.1482E-03   -.1488E-03   -.1490E-03   -.1486E-03   -.1476E-03   -.1460E-03   -.1437E-03   -.1407E-03   -.1370E-03   -.1324E-03   -.1273E-03   -.1214E-03   -.1153E-03   -.1024E-03   -.9211E-04   -.8056E-04   -.6751E-04   -.5325E-04   -.3832E-04   -.2139E-04   0.4818E-06   0.1447E-04   0.3623E-04   0.5557E-04   0.8237E-04   0.1062E-03   0.1383E-03   0.1663E-03   0.2042E-03   0.2366E-03   0.2813E-03   0.3187E-03   0.3710E-03   0.4694E-03   0.4798E-03   0.4835E-03   0.5500E-03   0.6002E-03   0.6742E-03   0.7318E-03   0.8182E-03   0.8845E-03   0.9858E-03   0.1062E-02   0.1182E-02   0.1270E-02   0.1411E-02   0.1515E-02   0.1682E-02   0.1804E-02   0.2004E-02   0.2148E-02   0.2390E-02   0.2562E-02   0.2857E-02   0.3067E-02   0.3429E-02   0.3688E-02   0.4141E-02   0.4468E-02   0.5041E-02   0.5463E-02   0.6203E-02   0.6763E-02   0.7740E-02   0.8507E-02   0.9826E-02   0.1091E-01   0.1066E-01   0.1332E-01   0.1417E-01   0.1454E-01   0.1475E-01   0.1489E-01   0.1500E-01   0.1509E-01   0.1516E-01   0.1523E-01   0.1528E-01   0.1534E-01   0.1538E-01   0.1542E-01   0.1546E-01   0.1549E-01   0.1553E-01   0.1555E-01   0.1558E-01   0.1560E-01   0.1563E-01   0.1565E-01   0.1567E-01   0.1569E-01   0.1570E-01   0.1572E-01   0.1574E-01   0.1575E-01   0.1576E-01   0.1578E-01   0.1579E-01
0.5417E+01   0.7107E-06   -.4968E-05   -.1091E-04   -.1713E-04   -.2337E-04   -.2966E-04   -.3591E-04   -.4212E-04   -.4828E-04   -.5436E-04   -.6036E-04   -.6626E-04   -.7206E-04   -.7774E-04   -.8329E-04   -.8870E-04   -.9395E-04   -.9903E-04   -.1039E-03   -.1086E-03   -.1131E-03   -.1174E-03   -.1213E-03   -.1251E-03   -.1285E-03   -.1316E-03   -.1344E-03   -.1369E-03   -.1389E-03   -.1406E-03   -.1418E-03   -.1425E-03   -.1428E-03   -.1425E-03   -.1416E-03   -.1401E-03   -.1380E-03   -.1352E-03   -.1317E-03   -.1273E-03   -.1222E-03   -.1164E-03   -.1098E-03   -.1030E-03   -.8919E-04   -.7810E-04   -.6566E-04   -.5169E-04   -.3645E-04   -.2052E-04   -.2533E-05   0.2053E-04   0.3555E-04   0.5852E-04   0.7905E-04   0.1072E-03   0.1324E-03   0.1661E-03   0.1955E-03   0.2352E-03   0.2693E-03   0.3158E-03   0.3552E-03   0.4097E-03   0.5130E-03   0.5238E-03   0.5277E-03   0.5969E-03   0.6495E-03   0.7265E-03   0.7870E-03   0.8769E-03   0.9465E-03   0.1052E-02   0.1132E-02   0.1257E-02   0.1350E-02   0.1497E-02   0.1606E-02   0.1782E-02   0.1910E-02   0.2121E-02   0.2273E-02   0.2528E-02   0.2712E-02   0.3023E-02   0.3248E-02   0.3632E-02   0.3913E-02   0.4395E-02   0.4752E-02   0.5366E-02   0.5832E-02   0.6631E-02   0.7256E-02   0.8320E-02   0.9187E-02   0.1064E-01   0.1188E-01   0.1161E-01   0.1447E-01   0.1538E-01   0.1577E-01   0.1600E-01   0.1615E-01   0.1627E-01   0.1636E-01   0.1644E-01   0.1651E-01   0.1657E-01   0.1663E-01   0.1668E-01   0.1672E-01   0.1676E-01   0.1680E-01   0.1684E-01   0.1687E-01   0.1690E-01   0.1692E-01   0.1695E-01   0.1697E-01   0.1699E-01   0.1701E-01   0.1703E-01   0.1705E-01   0.1706E-01   0.1708E-01   0.1709E-01   0.1711E-01   0.1712E-01
0.5633E+01   0.1189E-05   -.4429E-05   -.1034E-04   -.1652E-04   -.2273E-04   -.2897E-04   -.3517E-04   -.4133E-04   -.4742E-04   -.5343E-04   -.5936E-04   -.6518E-04   -.7088E-04   -.7646E-04   -.8190E-04   -.8718E-04   -.9230E-04   -.9723E-04   -.1020E-03   -.1065E-03   -.1108E-03   -.1149E-03   -.1186E-03   -.1221E-03   -.1253E-03   -.1282E-03   -.1307E-03   -.1328E-03   -.1346E-03   -.1359E-03   -.1367E-03   -.1371E-03   -.1369E-03   -.1362E-03   -.1349E-03   -.1329E-03   -.1303E-03   -.1269E-03   -.1228E-03   -.1179E-03   -.1121E-03   -.1056E-03   -.9831E-04   -.9080E-04   -.7605E-04   -.6409E-04   -.5074E-04   -.3580E-04   -.1954E-04   -.2539E-05   0.1658E-04   0.4040E-04   0.5737E-04   0.8056E-04   0.1041E-03   0.1317E-03   0.1606E-03   0.1933E-03   0.2273E-03   0.2655E-03   0.3051E-03   0.3497E-03   0.3956E-03   0.4475E-03   0.5618E-03   0.5729E-03   0.5770E-03   0.6425E-03   0.7055E-03   0.7774E-03   0.8505E-03   0.9339E-03   0.1019E-02   0.1116E-02   0.1215E-02   0.1330E-02   0.1446E-02   0.1581E-02   0.1718E-02   0.1878E-02   0.2042E-02   0.2234E-02   0.2431E-02   0.2663E-02   0.2902E-02   0.3187E-02   0.3482E-02   0.3836E-02   0.4206E-02   0.4654E-02   0.5127E-02   0.5704E-02   0.6323E-02   0.7085E-02   0.7918E-02   0.8953E-02   0.1011E-01   0.1156E-01   0.1322E-01   0.1297E-01   0.1607E-01   0.1705E-01   0.1748E-01   0.1772E-01   0.1788E-01   0.1801E-01   0.1812E-01   0.1821E-01   0.1829E-01   0.1835E-01   0.1842E-01   0.1847E-01   0.1852E-01   0.1857E-01   0.1861E-01   0.1864E-01   0.1868E-01   0.1871E-01   0.1874E-01   0.1877E-01   0.1879E-01   0.1882E-01   0.1884E-01   0.1886E-01   0.1888E-01   0.1890E-01   0.1891E-01   0.1893E-01   0.1895E-01   0.1896E-01
0.5850E+01   0.1668E-05   -.3891E-05   -.9763E-05   -.1591E-04   -.2208E-04   -.2828E-04   -.3443E-04   -.4054E-04   -.4657E-04   -.5251E-04   -.5836E-04   -.6409E-04   -.6970E-04   -.7518E-04   -.8050E-04   -.8567E-04   -.9065E-04   -.9544E-04   -.1000E-03   -.1044E-03   -.1085E-03   -.1124E-03   -.1159E-03   -.1192E-03   -.1221E-03   -.1247E-03   -.1270E-03   -.1288E-03   -.1302E-03   -.1312E-03   -.1317E-03   -.1317E-03   -.1311E-03   -.1299E-03   -.1281E-03   -.1257E-03   -.1226E-03   -.1187E-03   -.1140E-03   -.1084E-03   -.1020E-03   -.9487E-04   -.8682E-04   -.7860E-04   -.6290E-04   -.5008E-04   -.3582E-04   -.1992E-04   -.2638E-05   0.1544E-04   0.3569E-04   0.6027E-04   0.7920E-04   0.1026E-03   0.1291E-03   0.1561E-03   0.1888E-03   0.2205E-03   0.2591E-03   0.2958E-03   0.3410E-03   0.3835E-03   0.4361E-03   0.4852E-03   0.6105E-03   0.6221E-03   0.6263E-03   0.6880E-03   0.7616E-03   0.8282E-03   0.9140E-03   0.9908E-03   0.1091E-02   0.1180E-02   0.1298E-02   0.1402E-02   0.1542E-02   0.1664E-02   0.1830E-02   0.1975E-02   0.2174E-02   0.2347E-02   0.2588E-02   0.2798E-02   0.3092E-02   0.3351E-02   0.3716E-02   0.4040E-02   0.4499E-02   0.4913E-02   0.5502E-02   0.6042E-02   0.6815E-02   0.7540E-02   0.8580E-02   0.9587E-02   0.1103E-01   0.1248E-01   0.1456E-01   0.1433E-01   0.1767E-01   0.1872E-01   0.1918E-01   0.1944E-01   0.1962E-01   0.1976E-01   0.1988E-01   0.1997E-01   0.2006E-01   0.2013E-01   0.2020E-01   0.2026E-01   0.2032E-01   0.2037E-01   0.2041E-01   0.2045E-01   0.2049E-01   0.2053E-01   0.2056E-01   0.2059E-01   0.2062E-01   0.2064E-01   0.2067E-01   0.2069E-01   0.2071E-01   0.2073E-01   0.2075E-01   0.2077E-01   0.2079E-01   0.2080E-01
0.6067E+01   0.2147E-05   -.3352E-05   -.9189E-05   -.1531E-04   -.2144E-04   -.2759E-04   -.3370E-04   -.3975E-04   -.4571E-04   -.5159E-04   -.5736E-04   -.6301E-04   -.6853E-04   -.7390E-04   -.7911E-04   -.8415E-04   -.8900E-04   -.9365E-04   -.9808E-04   -.1023E-03   -.1062E-03   -.1099E-03   -.1132E-03   -.1163E-03   -.1190E-03   -.1213E-03   -.1233E-03   -.1248E-03   -.1259E-03   -.1265E-03   -.1266E-03   -.1262E-03   -.1252E-03   -.1237E-03   -.1214E-03   -.1185E-03   -.1148E-03   -.1104E-03   -.1051E-03   -.9895E-04   -.9188E-04   -.8409E-04   -.7534E-04   -.6640E-04   -.4975E-04   -.3606E-04   -.2089E-04   -.4023E-05   0.1428E-04   0.3344E-04   0.5481E-04   0.8017E-04   0.1010E-03   0.1247E-03   0.1541E-03   0.1807E-03   0.2170E-03   0.2478E-03   0.2909E-03   0.3262E-03   0.3768E-03   0.4174E-03   0.4766E-03   0.5231E-03   0.6592E-03   0.6712E-03   0.6756E-03   0.7338E-03   0.8175E-03   0.8792E-03   0.9775E-03   0.1048E-02   0.1163E-02   0.1245E-02   0.1381E-02   0.1476E-02   0.1638E-02   0.1748E-02   0.1942E-02   0.2072E-02   0.2305E-02   0.2461E-02   0.2745E-02   0.2934E-02   0.3283E-02   0.3517E-02   0.3950E-02   0.4245E-02   0.4792E-02   0.5174E-02   0.5877E-02   0.6383E-02   0.7307E-02   0.7999E-02   0.9243E-02   0.1023E-01   0.1196E-01   0.1341E-01   0.1590E-01   0.1569E-01   0.1928E-01   0.2040E-01   0.2089E-01   0.2117E-01   0.2137E-01   0.2152E-01   0.2164E-01   0.2175E-01   0.2184E-01   0.2192E-01   0.2200E-01   0.2206E-01   0.2212E-01   0.2218E-01   0.2222E-01   0.2227E-01   0.2231E-01   0.2235E-01   0.2239E-01   0.2242E-01   0.2245E-01   0.2248E-01   0.2250E-01   0.2253E-01   0.2255E-01   0.2257E-01   0.2260E-01   0.2261E-01   0.2263E-01   0.2265E-01
0.6283E+01   0.2663E-05   -.2788E-05   -.8605E-05   -.1471E-04   -.2081E-04   -.2694E-04   -.3301E-04   -.3902E-04   -.4494E-04   -.5076E-04   -.5646E-04   -.6204E-04   -.6748E-04   -.7276E-04   -.7787E-04   -.8280E-04   -.8753E-04   -.9204E-04   -.9631E-04   -.1003E-03   -.1041E-03   -.1076E-03   -.1107E-03   -.1135E-03   -.1160E-03   -.1181E-03   -.1197E-03   -.1210E-03   -.1217E-03   -.1220E-03   -.1218E-03   -.1209E-03   -.1195E-03   -.1175E-03   -.1148E-03   -.1113E-03   -.1071E-03   -.1021E-03   -.9623E-04   -.8943E-04   -.8167E-04   -.7316E-04   -.6365E-04   -.5394E-04   -.3624E-04   -.2161E-04   -.5439E-05   0.1251E-04   0.3194E-04   0.5222E-04   0.7483E-04   0.1022E-03   0.1232E-03   0.1495E-03   0.1784E-03   0.2089E-03   0.2443E-03   0.2799E-03   0.3215E-03   0.3627E-03   0.4112E-03   0.4589E-03   0.5153E-03   0.5705E-03   0.7060E-03   0.7185E-03   0.7230E-03   0.7924E-03   0.8707E-03   0.9462E-03   0.1038E-02   0.1125E-02   0.1232E-02   0.1334E-02   0.1459E-02   0.1579E-02   0.1728E-02   0.1870E-02   0.2048E-02   0.2217E-02   0.2432E-02   0.2636E-02   0.2897E-02   0.3148E-02   0.3470E-02   0.3782E-02   0.4186E-02   0.4581E-02   0.5097E-02   0.5609E-02   0.6281E-02   0.6962E-02   0.7860E-02   0.8793E-02   0.1003E-01   0.1136E-01   0.1313E-01   0.1509E-01   0.1774E-01   0.1745E-01   0.2142E-01   0.2267E-01   0.2322E-01   0.2354E-01   0.2376E-01   0.2393E-01   0.2407E-01   0.2419E-01   0.2429E-01   0.2439E-01   0.2447E-01   0.2454E-01   0.2461E-01   0.2467E-01   0.2473E-01   0.2478E-01   0.2482E-01   0.2486E-01   0.2490E-01   0.2494E-01   0.2497E-01   0.2501E-01   0.2504E-01   0.2506E-01   0.2509E-01   0.2512E-01   0.2514E-01   0.2516E-01   0.2518E-01   0.2520E-01
0.6500E+01   0.3179E-05   -.2225E-05   -.8022E-05   -.1411E-04   -.2019E-04   -.2629E-04   -.3232E-04   -.3829E-04   -.4416E-04   -.4993E-04   -.5557E-04   -.6108E-04   -.6643E-04   -.7162E-04   -.7663E-04   -.8145E-04   -.8605E-04   -.9042E-04   -.9455E-04   -.9841E-04   -.1020E-03   -.1053E-03   -.1082E-03   -.1108E-03   -.1130E-03   -.1148E-03   -.1162E-03   -.1171E-03   -.1176E-03   -.1175E-03   -.1169E-03   -.1157E-03   -.1138E-03   -.1113E-03   -.1081E-03   -.1042E-03   -.9944E-04   -.9385E-04   -.8736E-04   -.7990E-04   -.7146E-04   -.6223E-04   -.5196E-04   -.4148E-04   -.2274E-04   -.7169E-05   0.1001E-04   0.2904E-04   0.4960E-04   0.7101E-04   0.9486E-04   0.1242E-03   0.1454E-03   0.1743E-03   0.2027E-03   0.2371E-03   0.2715E-03   0.3120E-03   0.3520E-03   0.3993E-03   0.4456E-03   0.5005E-03   0.5540E-03   0.6179E-03   0.7527E-03   0.7657E-03   0.7704E-03   0.8511E-03   0.9239E-03   0.1013E-02   0.1098E-02   0.1202E-02   0.1300E-02   0.1422E-02   0.1538E-02   0.1683E-02   0.1819E-02   0.1992E-02   0.2154E-02   0.2362E-02   0.2558E-02   0.2810E-02   0.3050E-02   0.3361E-02   0.3658E-02   0.4047E-02   0.4422E-02   0.4917E-02   0.5402E-02   0.6044E-02   0.6685E-02   0.7541E-02   0.8414E-02   0.9587E-02   0.1082E-01   0.1249E-01   0.1430E-01   0.1677E-01   0.1958E-01   0.1921E-01   0.2356E-01   0.2495E-01   0.2556E-01   0.2591E-01   0.2616E-01   0.2634E-01   0.2650E-01   0.2663E-01   0.2675E-01   0.2685E-01   0.2694E-01   0.2702E-01   0.2710E-01   0.2716E-01   0.2723E-01   0.2728E-01   0.2733E-01   0.2738E-01   0.2742E-01   0.2746E-01   0.2750E-01   0.2754E-01   0.2757E-01   0.2760E-01   0.2763E-01   0.2766E-01   0.2768E-01   0.2771E-01   0.2773E-01   0.2775E-01
0.6717E+01   0.3694E-05   -.1661E-05   -.7438E-05   -.1350E-04   -.1956E-04   -.2564E-04   -.3164E-04   -.3756E-04   -.4339E-04   -.4910E-04   -.5467E-04   -.6011E-04   -.6538E-04   -.7048E-04   -.7539E-04   -.8009E-04   -.8457E-04   -.8881E-04   -.9278E-04   -.9648E-04   -.9987E-04   -.1029E-03   -.1057E-03   -.1080E-03   -.1100E-03   -.1116E-03   -.1127E-03   -.1133E-03   -.1134E-03   -.1130E-03   -.1120E-03   -.1104E-03   -.1081E-03   -.1052E-03   -.1015E-03   -.9703E-04   -.9175E-04   -.8558E-04   -.7848E-04   -.7038E-04   -.6125E-04   -.5129E-04   -.4027E-04   -.2903E-04   -.9234E-05   0.7278E-05   0.2547E-04   0.4556E-04   0.6726E-04   0.8980E-04   0.1149E-03   0.1462E-03   0.1676E-03   0.1992E-03   0.2270E-03   0.2653E-03   0.2987E-03   0.3441E-03   0.3826E-03   0.4358E-03   0.4800E-03   0.5421E-03   0.5927E-03   0.6654E-03   0.7995E-03   0.8129E-03   0.8178E-03   0.9097E-03   0.9771E-03   0.1080E-02   0.1158E-02   0.1279E-02   0.1368E-02   0.1511E-02   0.1616E-02   0.1786E-02   0.1909E-02   0.2113E-02   0.2260E-02   0.2507E-02   0.2684E-02   0.2985E-02   0.3202E-02   0.3574E-02   0.3845E-02   0.4312E-02   0.4658E-02   0.5253E-02   0.5706E-02   0.6480E-02   0.7090E-02   0.8120E-02   0.8968E-02   0.1038E-01   0.1161E-01   0.1361E-01   0.1547E-01   0.1845E-01   0.2142E-01   0.2098E-01   0.2569E-01   0.2722E-01   0.2789E-01   0.2828E-01   0.2855E-01   0.2876E-01   0.2893E-01   0.2908E-01   0.2920E-01   0.2932E-01   0.2942E-01   0.2950E-01   0.2959E-01   0.2966E-01   0.2973E-01   0.2979E-01   0.2984E-01   0.2989E-01   0.2994E-01   0.2999E-01   0.3003E-01   0.3007E-01   0.3010E-01   0.3014E-01   0.3017E-01   0.3020E-01   0.3022E-01   0.3025E-01   0.3028E-01   0.3030E-01
0.6933E+01   0.4250E-05   -.1064E-05   -.6829E-05   -.1289E-04   -.1893E-04   -.2498E-04   -.3096E-04   -.3685E-04   -.4263E-04   -.4830E-04   -.5382E-04   -.5918E-04   -.6438E-04   -.6940E-04   -.7421E-04   -.7880E-04   -.8315E-04   -.8725E-04   -.9108E-04   -.9461E-04   -.9783E-04   -.1007E-03   -.1032E-03   -.1053E-03   -.1071E-03   -.1083E-03   -.1091E-03   -.1095E-03   -.1092E-03   -.1084E-03   -.1071E-03   -.1050E-03   -.1023E-03   -.9891E-04   -.9472E-04   -.8972E-04   -.8386E-04   -.7709E-04   -.6933E-04   -.6054E-04   -.5068E-04   -.3996E-04   -.2812E-04   -.1606E-04   0.4876E-05   0.2240E-04   0.4167E-04   0.6292E-04   0.8585E-04   0.1097E-03   0.1361E-03   0.1684E-03   0.1922E-03   0.2239E-03   0.2556E-03   0.2931E-03   0.3313E-03   0.3754E-03   0.4198E-03   0.4711E-03   0.5225E-03   0.5820E-03   0.6415E-03   0.7106E-03   0.8587E-03   0.8727E-03   0.8778E-03   0.9650E-03   0.1046E-02   0.1143E-02   0.1238E-02   0.1351E-02   0.1461E-02   0.1595E-02   0.1725E-02   0.1883E-02   0.2038E-02   0.2228E-02   0.2415E-02   0.2644E-02   0.2871E-02   0.3152E-02   0.3433E-02   0.3783E-02   0.4135E-02   0.4577E-02   0.5028E-02   0.5599E-02   0.6191E-02   0.6944E-02   0.7742E-02   0.8765E-02   0.9875E-02   0.1131E-01   0.1292E-01   0.1503E-01   0.1748E-01   0.2074E-01   0.2470E-01   0.2430E-01   0.2964E-01   0.3137E-01   0.3215E-01   0.3260E-01   0.3291E-01   0.3315E-01   0.3335E-01   0.3352E-01   0.3367E-01   0.3380E-01   0.3392E-01   0.3402E-01   0.3412E-01   0.3420E-01   0.3428E-01   0.3435E-01   0.3442E-01   0.3448E-01   0.3454E-01   0.3459E-01   0.3464E-01   0.3468E-01   0.3473E-01   0.3477E-01   0.3480E-01   0.3484E-01   0.3487E-01   0.3490E-01   0.3493E-01   0.3496E-01
0.7150E+01   0.4807E-05   -.4657E-06   -.6219E-05   -.1227E-04   -.1830E-04   -.2433E-04   -.3028E-04   -.3614E-04   -.4188E-04   -.4750E-04   -.5296E-04   -.5826E-04   -.6339E-04   -.6831E-04   -.7302E-04   -.7751E-04   -.8174E-04   -.8570E-04   -.8938E-04   -.9275E-04   -.9578E-04   -.9846E-04   -.1008E-03   -.1027E-03   -.1041E-03   -.1051E-03   -.1056E-03   -.1056E-03   -.1051E-03   -.1039E-03   -.1021E-03   -.9969E-04   -.9654E-04   -.9264E-04   -.8794E-04   -.8240E-04   -.7597E-04   -.6858E-04   -.6018E-04   -.5069E-04   -.4010E-04   -.2860E-04   -.1595E-04   -.3063E-05   0.1902E-04   0.3756E-04   0.5792E-04   0.8032E-04   0.1045E-03   0.1296E-03   0.1574E-03   0.1906E-03   0.2169E-03   0.2487E-03   0.2844E-03   0.3209E-03   0.3642E-03   0.4066E-03   0.4574E-03   0.5063E-03   0.5655E-03   0.6218E-03   0.6907E-03   0.7558E-03   0.9186E-03   0.9331E-03   0.9384E-03   0.1020E-02   0.1117E-02   0.1206E-02   0.1319E-02   0.1422E-02   0.1556E-02   0.1677E-02   0.1836E-02   0.1980E-02   0.2169E-02   0.2342E-02   0.2571E-02   0.2781E-02   0.3062E-02   0.3320E-02   0.3668E-02   0.3991E-02   0.4429E-02   0.4842E-02   0.5405E-02   0.5945E-02   0.6684E-02   0.7410E-02   0.8406E-02   0.9414E-02   0.1080E-01   0.1225E-01   0.1426E-01   0.1646E-01   0.1953E-01   0.2306E-01   0.2805E-01   0.2771E-01   0.3367E-01   0.3562E-01   0.3650E-01   0.3701E-01   0.3737E-01   0.3764E-01   0.3787E-01   0.3807E-01   0.3824E-01   0.3839E-01   0.3852E-01   0.3864E-01   0.3875E-01   0.3885E-01   0.3894E-01   0.3903E-01   0.3910E-01   0.3917E-01   0.3924E-01   0.3930E-01   0.3936E-01   0.3941E-01   0.3946E-01   0.3950E-01   0.3955E-01   0.3959E-01   0.3963E-01   0.3966E-01   0.3970E-01   0.3973E-01
0.7367E+01   0.5374E-05   0.1426E-06   -.5600E-05   -.1164E-04   -.1766E-04   -.2367E-04   -.2960E-04   -.3543E-04   -.4113E-04   -.4670E-04   -.5210E-04   -.5734E-04   -.6239E-04   -.6723E-04   -.7184E-04   -.7621E-04   -.8032E-04   -.8415E-04   -.8768E-04   -.9088E-04   -.9373E-04   -.9621E-04   -.9830E-04   -.9996E-04   -.1012E-03   -.1019E-03   -.1021E-03   -.1018E-03   -.1009E-03   -.9935E-04   -.9717E-04   -.9430E-04   -.9070E-04   -.8631E-04   -.8110E-04   -.7501E-04   -.6799E-04   -.5998E-04   -.5092E-04   -.4073E-04   -.2939E-04   -.1710E-04   -.3622E-05   0.1010E-04   0.3335E-04   0.5294E-04   0.7440E-04   0.9799E-04   0.1234E-03   0.1499E-03   0.1791E-03   0.2135E-03   0.2417E-03   0.2744E-03   0.3129E-03   0.3498E-03   0.3967E-03   0.4394E-03   0.4945E-03   0.5434E-03   0.6078E-03   0.6640E-03   0.7392E-03   0.8039E-03   0.9777E-03   0.9927E-03   0.9981E-03   0.1079E-02   0.1186E-02   0.1273E-02   0.1398E-02   0.1500E-02   0.1648E-02   0.1768E-02   0.1944E-02   0.2086E-02   0.2298E-02   0.2469E-02   0.2726E-02   0.2933E-02   0.3250E-02   0.3506E-02   0.3900E-02   0.4224E-02   0.4723E-02   0.5141E-02   0.5783E-02   0.6337E-02   0.7184E-02   0.7938E-02   0.9086E-02   0.1015E-01   0.1176E-01   0.1333E-01   0.1568E-01   0.1811E-01   0.2174E-01   0.2576E-01   0.3177E-01   0.3146E-01   0.3817E-01   0.4041E-01   0.4143E-01   0.4202E-01   0.4243E-01   0.4275E-01   0.4302E-01   0.4325E-01   0.4344E-01   0.4362E-01   0.4377E-01   0.4392E-01   0.4404E-01   0.4416E-01   0.4426E-01   0.4436E-01   0.4445E-01   0.4453E-01   0.4461E-01   0.4468E-01   0.4474E-01   0.4480E-01   0.4486E-01   0.4491E-01   0.4496E-01   0.4501E-01   0.4505E-01   0.4510E-01   0.4514E-01   0.4517E-01
0.7583E+01   0.5976E-05   0.7843E-06   -.4951E-05   -.1099E-04   -.1700E-04   -.2300E-04   -.2890E-04   -.3470E-04   -.4037E-04   -.4589E-04   -.5124E-04   -.5641E-04   -.6138E-04   -.6614E-04   -.7065E-04   -.7491E-04   -.7890E-04   -.8259E-04   -.8596E-04   -.8899E-04   -.9166E-04   -.9393E-04   -.9579E-04   -.9721E-04   -.9815E-04   -.9859E-04   -.9850E-04   -.9784E-04   -.9657E-04   -.9466E-04   -.9207E-04   -.8876E-04   -.8468E-04   -.7979E-04   -.7404E-04   -.6737E-04   -.5974E-04   -.5107E-04   -.4131E-04   -.3038E-04   -.1825E-04   -.5130E-05   0.9226E-05   0.2383E-04   0.4834E-04   0.6904E-04   0.9170E-04   0.1166E-03   0.1433E-03   0.1711E-03   0.2019E-03   0.2389E-03   0.2670E-03   0.3032E-03   0.3406E-03   0.3830E-03   0.4281E-03   0.4775E-03   0.5300E-03   0.5873E-03   0.6482E-03   0.7147E-03   0.7853E-03   0.8625E-03   0.1034E-02   0.1049E-02   0.1055E-02   0.1153E-02   0.1250E-02   0.1358E-02   0.1473E-02   0.1600E-02   0.1735E-02   0.1885E-02   0.2046E-02   0.2226E-02   0.2419E-02   0.2636E-02   0.2872E-02   0.3138E-02   0.3429E-02   0.3761E-02   0.4125E-02   0.4545E-02   0.5012E-02   0.5555E-02   0.6165E-02   0.6884E-02   0.7703E-02   0.8682E-02   0.9819E-02   0.1120E-01   0.1284E-01   0.1487E-01   0.1735E-01   0.2052E-01   0.2452E-01   0.2980E-01   0.3677E-01   0.3641E-01   0.4429E-01   0.4706E-01   0.4835E-01   0.4910E-01   0.4962E-01   0.5002E-01   0.5034E-01   0.5062E-01   0.5086E-01   0.5108E-01   0.5127E-01   0.5144E-01   0.5160E-01   0.5174E-01   0.5187E-01   0.5199E-01   0.5209E-01   0.5219E-01   0.5229E-01   0.5237E-01   0.5245E-01   0.5252E-01   0.5259E-01   0.5266E-01   0.5272E-01   0.5277E-01   0.5283E-01   0.5288E-01   0.5293E-01   0.5297E-01
0.7800E+01   0.6578E-05   0.1426E-05   -.4302E-05   -.1034E-04   -.1633E-04   -.2232E-04   -.2820E-04   -.3397E-04   -.3960E-04   -.4508E-04   -.5038E-04   -.5548E-04   -.6038E-04   -.6504E-04   -.6946E-04   -.7361E-04   -.7747E-04   -.8102E-04   -.8424E-04   -.8710E-04   -.8958E-04   -.9165E-04   -.9329E-04   -.9446E-04   -.9514E-04   -.9529E-04   -.9489E-04   -.9389E-04   -.9227E-04   -.8997E-04   -.8697E-04   -.8322E-04   -.7867E-04   -.7327E-04   -.6698E-04   -.5973E-04   -.5148E-04   -.4216E-04   -.3170E-04   -.2003E-04   -.7111E-05   0.6840E-05   0.2207E-04   0.3757E-04   0.6333E-04   0.8515E-04   0.1090E-03   0.1352E-03   0.1633E-03   0.1924E-03   0.2247E-03   0.2643E-03   0.2923E-03   0.3321E-03   0.3683E-03   0.4161E-03   0.4594E-03   0.5156E-03   0.5655E-03   0.6312E-03   0.6886E-03   0.7653E-03   0.8313E-03   0.9210E-03   0.1090E-02   0.1106E-02   0.1112E-02   0.1226E-02   0.1315E-02   0.1443E-02   0.1547E-02   0.1699E-02   0.1821E-02   0.2002E-02   0.2147E-02   0.2365E-02   0.2540E-02   0.2804E-02   0.3018E-02   0.3343E-02   0.3608E-02   0.4015E-02   0.4350E-02   0.4866E-02   0.5301E-02   0.5969E-02   0.6546E-02   0.7430E-02   0.8222E-02   0.9426E-02   0.1055E-01   0.1225E-01   0.1392E-01   0.1641E-01   0.1902E-01   0.2292E-01   0.2730E-01   0.3384E-01   0.4176E-01   0.4136E-01   0.5041E-01   0.5371E-01   0.5527E-01   0.5618E-01   0.5681E-01   0.5728E-01   0.5767E-01   0.5800E-01   0.5829E-01   0.5854E-01   0.5876E-01   0.5897E-01   0.5915E-01   0.5932E-01   0.5947E-01   0.5961E-01   0.5974E-01   0.5986E-01   0.5996E-01   0.6006E-01   0.6016E-01   0.6024E-01   0.6033E-01   0.6040E-01   0.6047E-01   0.6054E-01   0.6060E-01   0.6066E-01   0.6072E-01   0.6077E-01
0.8017E+01   0.7216E-05   0.2105E-05   -.3617E-05   -.9651E-05   -.1564E-04   -.2161E-04   -.2747E-04   -.3322E-04   -.3881E-04   -.4424E-04   -.4948E-04   -.5452E-04   -.5934E-04   -.6391E-04   -.6823E-04   -.7227E-04   -.7600E-04   -.7940E-04   -.8246E-04   -.8514E-04   -.8743E-04   -.8929E-04   -.9069E-04   -.9161E-04   -.9201E-04   -.9187E-04   -.9114E-04   -.8980E-04   -.8779E-04   -.8510E-04   -.8166E-04   -.7744E-04   -.7239E-04   -.6646E-04   -.5960E-04   -.5175E-04   -.4285E-04   -.3284E-04   -.2165E-04   -.9190E-05   0.4564E-05   0.1939E-04   0.3555E-04   0.5198E-04   0.7908E-04   0.1021E-03   0.1272E-03   0.1547E-03   0.1843E-03   0.2149E-03   0.2488E-03   0.2896E-03   0.3203E-03   0.3605E-03   0.4010E-03   0.4483E-03   0.4969E-03   0.5521E-03   0.6087E-03   0.6728E-03   0.7383E-03   0.8129E-03   0.8888E-03   0.9757E-03   0.1160E-02   0.1177E-02   0.1183E-02   0.1293E-02   0.1398E-02   0.1521E-02   0.1645E-02   0.1790E-02   0.1936E-02   0.2109E-02   0.2285E-02   0.2493E-02   0.2705E-02   0.2959E-02   0.3220E-02   0.3535E-02   0.3860E-02   0.4256E-02   0.4670E-02   0.5176E-02   0.5714E-02   0.6378E-02   0.7095E-02   0.7988E-02   0.8973E-02   0.1021E-01   0.1162E-01   0.1341E-01   0.1550E-01   0.1822E-01   0.2153E-01   0.2594E-01   0.3158E-01   0.3934E-01   0.4982E-01   0.4971E-01   0.6096E-01   0.6503E-01   0.6696E-01   0.6810E-01   0.6887E-01   0.6946E-01   0.6995E-01   0.7036E-01   0.7072E-01   0.7104E-01   0.7132E-01   0.7158E-01   0.7181E-01   0.7202E-01   0.7222E-01   0.7240E-01   0.7256E-01   0.7271E-01   0.7285E-01   0.7298E-01   0.7310E-01   0.7321E-01   0.7331E-01   0.7341E-01   0.7350E-01   0.7359E-01   0.7367E-01   0.7374E-01   0.7382E-01   0.7388E-01
0.8233E+01   0.7864E-05   0.2793E-05   -.2923E-05   -.8955E-05   -.1493E-04   -.2090E-04   -.2674E-04   -.3245E-04   -.3800E-04   -.4339E-04   -.4857E-04   -.5355E-04   -.5829E-04   -.6277E-04   -.6699E-04   -.7091E-04   -.7451E-04   -.7777E-04   -.8067E-04   -.8317E-04   -.8526E-04   -.8690E-04   -.8807E-04   -.8873E-04   -.8885E-04   -.8841E-04   -.8735E-04   -.8565E-04   -.8327E-04   -.8017E-04   -.7629E-04   -.7160E-04   -.6605E-04   -.5958E-04   -.5214E-04   -.4367E-04   -.3412E-04   -.2341E-04   -.1147E-04   0.1779E-05   0.1638E-04   0.3210E-04   0.4920E-04   0.6658E-04   0.9504E-04   0.1192E-03   0.1456E-03   0.1745E-03   0.2055E-03   0.2378E-03   0.2733E-03   0.3149E-03   0.3491E-03   0.3889E-03   0.4350E-03   0.4802E-03   0.5360E-03   0.5882E-03   0.6538E-03   0.7139E-03   0.7905E-03   0.8597E-03   0.9493E-03   0.1029E-02   0.1234E-02   0.1252E-02   0.1258E-02   0.1359E-02   0.1487E-02   0.1597E-02   0.1748E-02   0.1879E-02   0.2059E-02   0.2214E-02   0.2431E-02   0.2618E-02   0.2882E-02   0.3111E-02   0.3438E-02   0.3723E-02   0.4131E-02   0.4493E-02   0.5014E-02   0.5483E-02   0.6160E-02   0.6786E-02   0.7688E-02   0.8548E-02   0.9785E-02   0.1101E-01   0.1277E-01   0.1460E-01   0.1722E-01   0.2010E-01   0.2425E-01   0.2912E-01   0.3625E-01   0.4522E-01   0.5870E-01   0.5896E-01   0.7267E-01   0.7756E-01   0.7991E-01   0.8128E-01   0.8222E-01   0.8294E-01   0.8352E-01   0.8402E-01   0.8446E-01   0.8486E-01   0.8521E-01   0.8552E-01   0.8581E-01   0.8608E-01   0.8632E-01   0.8654E-01   0.8674E-01   0.8693E-01   0.8710E-01   0.8726E-01   0.8741E-01   0.8755E-01   0.8768E-01   0.8780E-01   0.8792E-01   0.8802E-01   0.8813E-01   0.8822E-01   0.8831E-01   0.8840E-01
0.8450E+01   0.8540E-05   0.3512E-05   -.2197E-05   -.8228E-05   -.1420E-04   -.2015E-04   -.2596E-04   -.3165E-04   -.3716E-04   -.4250E-04   -.4763E-04   -.5253E-04   -.5719E-04   -.6159E-04   -.6569E-04   -.6949E-04   -.7296E-04   -.7607E-04   -.7880E-04   -.8112E-04   -.8300E-04   -.8442E-04   -.8534E-04   -.8574E-04   -.8557E-04   -.8481E-04   -.8342E-04   -.8135E-04   -.7858E-04   -.7505E-04   -.7071E-04   -.6554E-04   -.5946E-04   -.5243E-04   -.4439E-04   -.3529E-04   -.2505E-04   -.1362E-04   -.9015E-06   0.1318E-04   0.2866E-04   0.4531E-04   0.6339E-04   0.8176E-04   0.1117E-03   0.1371E-03   0.1648E-03   0.1952E-03   0.2278E-03   0.2616E-03   0.2988E-03   0.3429E-03   0.3779E-03   0.4207E-03   0.4674E-03   0.5166E-03   0.5730E-03   0.6302E-03   0.6962E-03   0.7623E-03   0.8391E-03   0.9158E-03   0.1005E-02   0.1095E-02   0.1303E-02   0.1321E-02   0.1328E-02   0.1441E-02   0.1568E-02   0.1693E-02   0.1843E-02   0.1991E-02   0.2171E-02   0.2348E-02   0.2565E-02   0.2781E-02   0.3046E-02   0.3311E-02   0.3639E-02   0.3971E-02   0.4385E-02   0.4808E-02   0.5341E-02   0.5893E-02   0.6592E-02   0.7333E-02   0.8276E-02   0.9300E-02   0.1062E-01   0.1208E-01   0.1399E-01   0.1620E-01   0.1913E-01   0.2266E-01   0.2744E-01   0.3354E-01   0.4208E-01   0.5362E-01   0.7034E-01   0.7119E-01   0.8944E-01   0.9641E-01   0.9970E-01   0.1016E+00   0.1028E+00   0.1038E+00   0.1045E+00   0.1052E+00   0.1057E+00   0.1062E+00   0.1067E+00   0.1071E+00   0.1074E+00   0.1078E+00   0.1081E+00   0.1083E+00   0.1086E+00   0.1088E+00   0.1090E+00   0.1092E+00   0.1094E+00   0.1096E+00   0.1098E+00   0.1099E+00   0.1101E+00   0.1102E+00   0.1103E+00   0.1104E+00   0.1105E+00   0.1107E+00
0.8667E+01   0.9235E-05   0.4251E-05   -.1452E-05   -.7481E-05   -.1344E-04   -.1938E-04   -.2517E-04   -.3083E-04   -.3630E-04   -.4159E-04   -.4666E-04   -.5149E-04   -.5607E-04   -.6037E-04   -.6437E-04   -.6804E-04   -.7137E-04   -.7433E-04   -.7688E-04   -.7901E-04   -.8069E-04   -.8188E-04   -.8255E-04   -.8268E-04   -.8222E-04   -.8113E-04   -.7940E-04   -.7696E-04   -.7378E-04   -.6981E-04   -.6502E-04   -.5934E-04   -.5273E-04   -.4512E-04   -.3648E-04   -.2672E-04   -.1579E-04   -.3604E-05   0.9907E-05   0.2483E-04   0.4122E-04   0.5882E-04   0.7791E-04   0.9730E-04   0.1287E-03   0.1554E-03   0.1846E-03   0.2164E-03   0.2506E-03   0.2860E-03   0.3250E-03   0.3725E-03   0.4069E-03   0.4545E-03   0.4988E-03   0.5559E-03   0.6087E-03   0.6758E-03   0.7369E-03   0.8153E-03   0.8857E-03   0.9775E-03   0.1059E-02   0.1167E-02   0.1369E-02   0.1388E-02   0.1395E-02   0.1532E-02   0.1645E-02   0.1800E-02   0.1933E-02   0.2119E-02   0.2277E-02   0.2501E-02   0.2692E-02   0.2966E-02   0.3201E-02   0.3538E-02   0.3832E-02   0.4256E-02   0.4629E-02   0.5171E-02   0.5658E-02   0.6365E-02   0.7017E-02   0.7962E-02   0.8863E-02   0.1017E-01   0.1146E-01   0.1332E-01   0.1526E-01   0.1806E-01   0.2115E-01   0.2563E-01   0.3091E-01   0.3870E-01   0.4861E-01   0.6355E-01   0.8365E-01   0.8523E-01   0.1092E+00   0.1190E+00   0.1236E+00   0.1262E+00   0.1278E+00   0.1290E+00   0.1300E+00   0.1308E+00   0.1315E+00   0.1321E+00   0.1327E+00   0.1332E+00   0.1336E+00   0.1340E+00   0.1344E+00   0.1347E+00   0.1351E+00   0.1353E+00   0.1356E+00   0.1359E+00   0.1361E+00   0.1363E+00   0.1365E+00   0.1367E+00   0.1369E+00   0.1370E+00   0.1372E+00   0.1373E+00   0.1374E+00   0.1376E+00
0.8883E+01   0.9960E-05   0.5023E-05   -.6714E-06   -.6697E-05   -.1265E-04   -.1857E-04   -.2434E-04   -.2996E-04   -.3539E-04   -.4063E-04   -.4563E-04   -.5039E-04   -.5488E-04   -.5908E-04   -.6297E-04   -.6651E-04   -.6970E-04   -.7249E-04   -.7487E-04   -.7680E-04   -.7826E-04   -.7921E-04   -.7963E-04   -.7947E-04   -.7870E-04   -.7729E-04   -.7519E-04   -.7236E-04   -.6876E-04   -.6434E-04   -.5906E-04   -.5286E-04   -.4569E-04   -.3750E-04   -.2821E-04   -.1777E-04   -.6110E-05   0.6848E-05   0.2119E-04   0.3700E-04   0.5433E-04   0.7293E-04   0.9307E-04   0.1135E-03   0.1464E-03   0.1745E-03   0.2051E-03   0.2385E-03   0.2744E-03   0.3115E-03   0.3524E-03   0.4014E-03   0.4389E-03   0.4871E-03   0.5363E-03   0.5928E-03   0.6520E-03   0.7180E-03   0.7869E-03   0.8638E-03   0.9439E-03   0.1033E-02   0.1127E-02   0.1232E-02   0.1453E-02   0.1472E-02   0.1479E-02   0.1613E-02   0.1744E-02   0.1895E-02   0.2051E-02   0.2231E-02   0.2419E-02   0.2636E-02   0.2864E-02   0.3130E-02   0.3412E-02   0.3742E-02   0.4095E-02   0.4513E-02   0.4965E-02   0.5504E-02   0.6096E-02   0.6807E-02   0.7602E-02   0.8568E-02   0.9670E-02   0.1103E-01   0.1262E-01   0.1460E-01   0.1700E-01   0.2008E-01   0.2394E-01   0.2906E-01   0.3579E-01   0.4508E-01   0.5797E-01   0.7647E-01   0.1028E+00   0.1062E+00   0.1380E+00   0.1513E+00   0.1576E+00   0.1611E+00   0.1633E+00   0.1649E+00   0.1662E+00   0.1672E+00   0.1681E+00   0.1690E+00   0.1697E+00   0.1703E+00   0.1709E+00   0.1714E+00   0.1719E+00   0.1724E+00   0.1728E+00   0.1732E+00   0.1735E+00   0.1738E+00   0.1741E+00   0.1744E+00   0.1747E+00   0.1749E+00   0.1751E+00   0.1753E+00   0.1755E+00   0.1757E+00   0.1759E+00   0.1760E+00
0.9100E+01   0.1070E-04   0.5811E-05   0.1254E-06   -.5896E-05   -.1183E-04   -.1774E-04   -.2348E-04   -.2907E-04   -.3446E-04   -.3964E-04   -.4458E-04   -.4926E-04   -.5367E-04   -.5776E-04   -.6153E-04   -.6495E-04   -.6799E-04   -.7062E-04   -.7281E-04   -.7455E-04   -.7578E-04   -.7649E-04   -.7664E-04   -.7619E-04   -.7511E-04   -.7336E-04   -.7089E-04   -.6767E-04   -.6364E-04   -.5877E-04   -.5299E-04   -.4626E-04   -.3853E-04   -.2972E-04   -.1979E-04   -.8656E-05   0.3746E-05   0.1750E-04   0.3268E-04   0.4939E-04   0.6768E-04   0.8730E-04   0.1085E-03   0.1300E-03   0.1645E-03   0.1940E-03   0.2261E-03   0.2610E-03   0.2986E-03   0.3376E-03   0.3804E-03   0.4300E-03   0.4722E-03   0.5190E-03   0.5765E-03   0.6288E-03   0.6986E-03   0.7588E-03   0.8412E-03   0.9103E-03   0.1007E-02   0.1087E-02   0.1201E-02   0.1294E-02   0.1544E-02   0.1564E-02   0.1571E-02   0.1689E-02   0.1854E-02   0.1984E-02   0.2183E-02   0.2336E-02   0.2576E-02   0.2762E-02   0.3056E-02   0.3284E-02   0.3648E-02   0.3934E-02   0.4391E-02   0.4757E-02   0.5343E-02   0.5823E-02   0.6587E-02   0.7235E-02   0.8259E-02   0.9163E-02   0.1058E-01   0.1189E-01   0.1391E-01   0.1591E-01   0.1896E-01   0.2218E-01   0.2709E-01   0.3270E-01   0.4128E-01   0.5199E-01   0.6858E-01   0.9072E-01   0.1247E+00   0.1304E+00   0.1707E+00   0.1878E+00   0.1960E+00   0.2005E+00   0.2034E+00   0.2055E+00   0.2071E+00   0.2085E+00   0.2096E+00   0.2107E+00   0.2116E+00   0.2124E+00   0.2132E+00   0.2138E+00   0.2144E+00   0.2150E+00   0.2155E+00   0.2160E+00   0.2164E+00   0.2168E+00   0.2172E+00   0.2176E+00   0.2179E+00   0.2182E+00   0.2185E+00   0.2187E+00   0.2190E+00   0.2192E+00   0.2194E+00   0.2196E+00
0.9317E+01   0.1148E-04   0.6648E-05   0.9751E-06   -.5040E-05   -.1096E-04   -.1685E-04   -.2256E-04   -.2811E-04   -.3345E-04   -.3857E-04   -.4344E-04   -.4804E-04   -.5235E-04   -.5634E-04   -.5998E-04   -.6326E-04   -.6614E-04   -.6860E-04   -.7060E-04   -.7212E-04   -.7312E-04   -.7358E-04   -.7345E-04   -.7269E-04   -.7128E-04   -.6917E-04   -.6632E-04   -.6267E-04   -.5820E-04   -.5284E-04   -.4655E-04   -.3926E-04   -.3093E-04   -.2148E-04   -.1086E-04   0.1003E-05   0.1419E-04   0.2877E-04   0.4485E-04   0.6252E-04   0.8183E-04   0.1025E-03   0.1249E-03   0.1476E-03   0.1837E-03   0.2147E-03   0.2483E-03   0.2851E-03   0.3245E-03   0.3652E-03   0.4101E-03   0.4642E-03   0.5047E-03   0.5585E-03   0.6113E-03   0.6748E-03   0.7382E-03   0.8127E-03   0.8864E-03   0.9735E-03   0.1059E-02   0.1161E-02   0.1261E-02   0.1381E-02   0.1619E-02   0.1639E-02   0.1647E-02   0.1800E-02   0.1942E-02   0.2117E-02   0.2286E-02   0.2496E-02   0.2701E-02   0.2957E-02   0.3208E-02   0.3525E-02   0.3837E-02   0.4235E-02   0.4632E-02   0.5142E-02   0.5658E-02   0.6324E-02   0.7011E-02   0.7905E-02   0.8849E-02   0.1009E-01   0.1143E-01   0.1321E-01   0.1521E-01   0.1790E-01   0.2105E-01   0.2537E-01   0.3073E-01   0.3828E-01   0.4823E-01   0.6279E-01   0.8296E-01   0.1128E+00   0.1534E+00   0.1652E+00   0.2159E+00   0.2377E+00   0.2480E+00   0.2536E+00   0.2571E+00   0.2596E+00   0.2615E+00   0.2632E+00   0.2646E+00   0.2658E+00   0.2669E+00   0.2679E+00   0.2687E+00   0.2696E+00   0.2703E+00   0.2710E+00   0.2716E+00   0.2721E+00   0.2726E+00   0.2731E+00   0.2736E+00   0.2740E+00   0.2744E+00   0.2747E+00   0.2750E+00   0.2753E+00   0.2756E+00   0.2759E+00   0.2762E+00   0.2764E+00
0.9533E+01   0.1229E-04   0.7508E-05   0.1849E-05   -.4157E-05   -.1006E-04   -.1592E-04   -.2161E-04   -.2712E-04   -.3241E-04   -.3747E-04   -.4226E-04   -.4678E-04   -.5099E-04   -.5486E-04   -.5838E-04   -.6151E-04   -.6423E-04   -.6651E-04   -.6831E-04   -.6961E-04   -.7037E-04   -.7056E-04   -.7015E-04   -.6908E-04   -.6733E-04   -.6485E-04   -.6160E-04   -.5753E-04   -.5259E-04   -.4674E-04   -.3991E-04   -.3205E-04   -.2311E-04   -.1301E-04   -.1686E-05   0.1093E-04   0.2492E-04   0.4036E-04   0.5735E-04   0.7599E-04   0.9635E-04   0.1181E-03   0.1417E-03   0.1655E-03   0.2034E-03   0.2359E-03   0.2712E-03   0.3097E-03   0.3510E-03   0.3937E-03   0.4407E-03   0.4973E-03   0.5399E-03   0.5961E-03   0.6515E-03   0.7180E-03   0.7846E-03   0.8626E-03   0.9402E-03   0.1031E-02   0.1122E-02   0.1229E-02   0.1335E-02   0.1461E-02   0.1709E-02   0.1731E-02   0.1739E-02   0.1900E-02   0.2051E-02   0.2236E-02   0.2416E-02   0.2639E-02   0.2858E-02   0.3131E-02   0.3401E-02   0.3740E-02   0.4079E-02   0.4507E-02   0.4941E-02   0.5491E-02   0.6060E-02   0.6785E-02   0.7550E-02   0.8532E-02   0.9593E-02   0.1097E-01   0.1250E-01   0.1451E-01   0.1682E-01   0.1991E-01   0.2364E-01   0.2874E-01   0.3524E-01   0.4442E-01   0.5689E-01   0.7508E-01   0.1008E+00   0.1378E+00   0.1896E+00   0.2110E+00   0.2619E+00   0.2836E+00   0.2940E+00   0.3000E+00   0.3038E+00   0.3066E+00   0.3088E+00   0.3107E+00   0.3123E+00   0.3138E+00   0.3150E+00   0.3162E+00   0.3172E+00   0.3182E+00   0.3190E+00   0.3198E+00   0.3205E+00   0.3212E+00   0.3218E+00   0.3223E+00   0.3229E+00   0.3233E+00   0.3238E+00   0.3242E+00   0.3246E+00   0.3250E+00   0.3253E+00   0.3256E+00   0.3259E+00   0.3262E+00
0.9750E+01   0.1312E-04   0.8399E-05   0.2757E-05   -.3238E-05   -.9125E-05   -.1496E-04   -.2061E-04   -.2607E-04   -.3131E-04   -.3630E-04   -.4102E-04   -.4545E-04   -.4955E-04   -.5331E-04   -.5669E-04   -.5967E-04   -.6222E-04   -.6431E-04   -.6591E-04   -.6698E-04   -.6750E-04   -.6742E-04   -.6670E-04   -.6531E-04   -.6321E-04   -.6035E-04   -.5669E-04   -.5218E-04   -.4677E-04   -.4040E-04   -.3302E-04   -.2457E-04   -.1499E-04   -.4217E-05   0.7829E-05   0.2122E-04   0.3603E-04   0.5236E-04   0.7030E-04   0.8995E-04   0.1114E-03   0.1343E-03   0.1590E-03   0.1841E-03   0.2238E-03   0.2578E-03   0.2948E-03   0.3351E-03   0.3783E-03   0.4232E-03   0.4725E-03   0.5293E-03   0.5782E-03   0.6318E-03   0.6984E-03   0.7582E-03   0.8393E-03   0.9082E-03   0.1004E-02   0.1084E-02   0.1197E-02   0.1289E-02   0.1423E-02   0.1531E-02   0.1820E-02   0.1842E-02   0.1850E-02   0.1987E-02   0.2185E-02   0.2339E-02   0.2578E-02   0.2763E-02   0.3056E-02   0.3282E-02   0.3645E-02   0.3928E-02   0.4384E-02   0.4746E-02   0.5330E-02   0.5805E-02   0.6567E-02   0.7207E-02   0.8228E-02   0.9120E-02   0.1053E-01   0.1182E-01   0.1384E-01   0.1580E-01   0.1884E-01   0.2201E-01   0.2688E-01   0.3240E-01   0.4091E-01   0.5143E-01   0.6786E-01   0.8964E-01   0.1233E+00   0.1674E+00   0.2357E+00   0.2720E+00   0.3093E+00   0.3243E+00   0.3324E+00   0.3376E+00   0.3413E+00   0.3442E+00   0.3466E+00   0.3487E+00   0.3505E+00   0.3521E+00   0.3535E+00   0.3548E+00   0.3559E+00   0.3570E+00   0.3580E+00   0.3589E+00   0.3597E+00   0.3604E+00   0.3611E+00   0.3618E+00   0.3624E+00   0.3629E+00   0.3635E+00   0.3639E+00   0.3644E+00   0.3648E+00   0.3652E+00   0.3656E+00   0.3660E+00   0.3663E+00
0.9967E+01   0.1399E-04   0.9334E-05   0.3713E-05   -.2267E-05   -.8131E-05   -.1394E-04   -.1954E-04   -.2496E-04   -.3014E-04   -.3506E-04   -.3970E-04   -.4402E-04   -.4802E-04   -.5165E-04   -.5489E-04   -.5771E-04   -.6008E-04   -.6198E-04   -.6336E-04   -.6419E-04   -.6444E-04   -.6408E-04   -.6305E-04   -.6132E-04   -.5886E-04   -.5560E-04   -.5151E-04   -.4654E-04   -.4063E-04   -.3372E-04   -.2577E-04   -.1671E-04   -.6473E-05   0.5012E-05   0.1781E-04   0.3201E-04   0.4769E-04   0.6494E-04   0.8386E-04   0.1046E-03   0.1271E-03   0.1513E-03   0.1773E-03   0.2036E-03   0.2452E-03   0.2809E-03   0.3197E-03   0.3620E-03   0.4073E-03   0.4541E-03   0.5057E-03   0.5691E-03   0.6135E-03   0.6781E-03   0.7346E-03   0.8130E-03   0.8803E-03   0.9731E-03   0.1051E-02   0.1161E-02   0.1251E-02   0.1381E-02   0.1486E-02   0.1640E-02   0.1897E-02   0.1920E-02   0.1929E-02   0.2127E-02   0.2277E-02   0.2508E-02   0.2688E-02   0.2969E-02   0.3189E-02   0.3536E-02   0.3810E-02   0.4246E-02   0.4595E-02   0.5151E-02   0.5606E-02   0.6330E-02   0.6939E-02   0.7905E-02   0.8748E-02   0.1007E-01   0.1129E-01   0.1317E-01   0.1500E-01   0.1781E-01   0.2072E-01   0.2519E-01   0.3017E-01   0.3785E-01   0.4719E-01   0.6180E-01   0.8091E-01   0.1110E+00   0.1492E+00   0.2120E+00   0.2899E+00   0.3512E+00   0.3675E+00   0.3731E+00   0.3772E+00   0.3805E+00   0.3832E+00   0.3855E+00   0.3875E+00   0.3892E+00   0.3907E+00   0.3921E+00   0.3933E+00   0.3944E+00   0.3954E+00   0.3963E+00   0.3971E+00   0.3979E+00   0.3986E+00   0.3993E+00   0.3999E+00   0.4004E+00   0.4010E+00   0.4015E+00   0.4019E+00   0.4023E+00   0.4028E+00   0.4031E+00   0.4035E+00   0.4038E+00   0.4042E+00   0.4045E+00
0.1018E+02   0.1489E-04   0.1031E-04   0.4716E-05   -.1245E-05   -.7079E-05   -.1285E-04   -.1841E-04   -.2378E-04   -.2889E-04   -.3373E-04   -.3827E-04   -.4250E-04   -.4637E-04   -.4987E-04   -.5296E-04   -.5561E-04   -.5780E-04   -.5948E-04   -.6063E-04   -.6122E-04   -.6120E-04   -.6053E-04   -.5918E-04   -.5710E-04   -.5425E-04   -.5058E-04   -.4604E-04   -.4058E-04   -.3415E-04   -.2669E-04   -.1814E-04   -.8439E-05   0.2487E-05   0.1471E-04   0.2830E-04   0.4334E-04   0.5992E-04   0.7814E-04   0.9809E-04   0.1199E-03   0.1437E-03   0.1690E-03   0.1963E-03   0.2240E-03   0.2676E-03   0.3050E-03   0.3457E-03   0.3899E-03   0.4374E-03   0.4866E-03   0.5407E-03   0.6047E-03   0.6556E-03   0.7180E-03   0.7858E-03   0.8582E-03   0.9402E-03   0.1025E-02   0.1121E-02   0.1220E-02   0.1334E-02   0.1450E-02   0.1584E-02   0.1722E-02   0.2020E-02   0.2044E-02   0.2053E-02   0.2230E-02   0.2427E-02   0.2630E-02   0.2871E-02   0.3118E-02   0.3414E-02   0.3721E-02   0.4092E-02   0.4480E-02   0.4953E-02   0.5455E-02   0.6071E-02   0.6735E-02   0.7559E-02   0.8464E-02   0.9598E-02   0.1087E-01   0.1249E-01   0.1437E-01   0.1680E-01   0.1971E-01   0.2358E-01   0.2842E-01   0.3508E-01   0.4389E-01   0.5652E-01   0.7409E-01   0.1001E+00   0.1356E+00   0.1884E+00   0.2609E+00   0.4014E+00   0.4800E+00   0.5184E+00   0.5300E+00   0.5362E+00   0.5405E+00   0.5439E+00   0.5468E+00   0.5493E+00   0.5515E+00   0.5534E+00   0.5551E+00   0.5567E+00   0.5581E+00   0.5594E+00   0.5605E+00   0.5616E+00   0.5626E+00   0.5635E+00   0.5643E+00   0.5650E+00   0.5658E+00   0.5664E+00   0.5670E+00   0.5676E+00   0.5681E+00   0.5686E+00   0.5691E+00   0.5695E+00   0.5699E+00   0.5703E+00   0.5707E+00
0.1040E+02   0.1582E-04   0.1132E-04   0.5749E-05   -.1889E-06   -.5992E-05   -.1173E-04   -.1724E-04   -.2254E-04   -.2758E-04   -.3234E-04   -.3679E-04   -.4091E-04   -.4466E-04   -.4801E-04   -.5095E-04   -.5342E-04   -.5542E-04   -.5689E-04   -.5781E-04   -.5813E-04   -.5783E-04   -.5685E-04   -.5516E-04   -.5272E-04   -.4948E-04   -.4538E-04   -.4038E-04   -.3443E-04   -.2747E-04   -.1944E-04   -.1028E-04   0.8635E-07   0.1172E-04   0.2469E-04   0.3909E-04   0.5500E-04   0.7250E-04   0.9171E-04   0.1127E-03   0.1357E-03   0.1606E-03   0.1873E-03   0.2159E-03   0.2450E-03   0.2906E-03   0.3298E-03   0.3724E-03   0.4187E-03   0.4684E-03   0.5200E-03   0.5767E-03   0.6426E-03   0.6980E-03   0.7609E-03   0.8360E-03   0.9073E-03   0.9988E-03   0.1082E-02   0.1190E-02   0.1286E-02   0.1415E-02   0.1528E-02   0.1680E-02   0.1814E-02   0.2140E-02   0.2165E-02   0.2174E-02   0.2346E-02   0.2574E-02   0.2770E-02   0.3049E-02   0.3289E-02   0.3635E-02   0.3934E-02   0.4369E-02   0.4751E-02   0.5308E-02   0.5807E-02   0.6535E-02   0.7206E-02   0.8183E-02   0.9113E-02   0.1046E-01   0.1180E-01   0.1375E-01   0.1577E-01   0.1870E-01   0.2194E-01   0.2668E-01   0.3227E-01   0.4058E-01   0.5118E-01   0.6725E-01   0.8908E-01   0.1218E+00   0.1658E+00   0.2327E+00   0.3335E+00   0.5655E+00   0.6435E+00   0.7130E+00   0.7335E+00   0.7429E+00   0.7488E+00   0.7532E+00   0.7568E+00   0.7599E+00   0.7626E+00   0.7651E+00   0.7673E+00   0.7693E+00   0.7711E+00   0.7727E+00   0.7742E+00   0.7755E+00   0.7768E+00   0.7779E+00   0.7790E+00   0.7799E+00   0.7808E+00   0.7816E+00   0.7824E+00   0.7831E+00   0.7837E+00   0.7844E+00   0.7849E+00   0.7855E+00   0.7859E+00   0.7864E+00   0.7868E+00
0.1062E+02   0.1678E-04   0.1236E-04   0.6831E-05   0.9206E-06   -.4845E-05   -.1054E-04   -.1600E-04   -.2123E-04   -.2620E-04   -.3087E-04   -.3522E-04   -.3922E-04   -.4283E-04   -.4604E-04   -.4881E-04   -.5110E-04   -.5289E-04   -.5414E-04   -.5481E-04   -.5486E-04   -.5426E-04   -.5296E-04   -.5093E-04   -.4810E-04   -.4445E-04   -.3991E-04   -.3444E-04   -.2797E-04   -.2046E-04   -.1183E-04   -.2032E-05   0.9016E-05   0.2138E-04   0.3514E-04   0.5038E-04   0.6718E-04   0.8565E-04   0.1059E-03   0.1280E-03   0.1521E-03   0.1784E-03   0.2063E-03   0.2364E-03   0.2670E-03   0.3147E-03   0.3558E-03   0.4004E-03   0.4490E-03   0.5011E-03   0.5549E-03   0.6142E-03   0.6872E-03   0.7384E-03   0.8129E-03   0.8781E-03   0.9689E-03   0.1047E-02   0.1155E-02   0.1245E-02   0.1373E-02   0.1479E-02   0.1632E-02   0.1756E-02   0.1939E-02   0.2235E-02   0.2261E-02   0.2270E-02   0.2507E-02   0.2688E-02   0.2967E-02   0.3188E-02   0.3532E-02   0.3807E-02   0.4238E-02   0.4587E-02   0.5137E-02   0.5593E-02   0.6309E-02   0.6918E-02   0.7872E-02   0.8715E-02   0.1002E-01   0.1123E-01   0.1310E-01   0.1491E-01   0.1769E-01   0.2058E-01   0.2498E-01   0.2992E-01   0.3749E-01   0.4671E-01   0.6107E-01   0.7990E-01   0.1094E+00   0.1471E+00   0.2072E+00   0.2829E+00   0.4574E+00   0.8242E+00   0.8643E+00   0.9678E+00   0.9978E+00   0.1010E+01   0.1018E+01   0.1023E+01   0.1027E+01   0.1031E+01   0.1034E+01   0.1037E+01   0.1040E+01   0.1042E+01   0.1044E+01   0.1046E+01   0.1048E+01   0.1050E+01   0.1051E+01   0.1053E+01   0.1054E+01   0.1055E+01   0.1056E+01   0.1057E+01   0.1058E+01   0.1059E+01   0.1059E+01   0.1060E+01   0.1061E+01   0.1061E+01   0.1062E+01   0.1063E+01   0.1063E+01
0.1083E+02   0.1779E-04   0.1346E-04   0.7971E-05   0.2095E-05   -.3627E-05   -.9268E-05   -.1467E-04   -.1983E-04   -.2471E-04   -.2929E-04   -.3352E-04   -.3739E-04   -.4087E-04   -.4392E-04   -.4650E-04   -.4860E-04   -.5017E-04   -.5118E-04   -.5159E-04   -.5136E-04   -.5045E-04   -.4881E-04   -.4641E-04   -.4319E-04   -.3910E-04   -.3410E-04   -.2812E-04   -.2112E-04   -.1302E-04   -.3776E-05   0.6694E-05   0.1846E-04   0.3159E-04   0.4617E-04   0.6229E-04   0.8004E-04   0.9951E-04   0.1208E-03   0.1441E-03   0.1695E-03   0.1970E-03   0.2264E-03   0.2580E-03   0.2900E-03   0.3400E-03   0.3830E-03   0.4298E-03   0.4806E-03   0.5352E-03   0.5918E-03   0.6540E-03   0.7280E-03   0.7861E-03   0.8588E-03   0.9361E-03   0.1021E-02   0.1115E-02   0.1215E-02   0.1326E-02   0.1444E-02   0.1575E-02   0.1714E-02   0.1870E-02   0.2037E-02   0.2378E-02   0.2405E-02   0.2414E-02   0.2632E-02   0.2865E-02   0.3118E-02   0.3407E-02   0.3720E-02   0.4080E-02   0.4475E-02   0.4935E-02   0.5445E-02   0.6045E-02   0.6718E-02   0.7520E-02   0.8435E-02   0.9540E-02   0.1083E-01   0.1241E-01   0.1429E-01   0.1666E-01   0.1958E-01   0.2335E-01   0.2818E-01   0.3468E-01   0.4341E-01   0.5574E-01   0.7308E-01   0.9842E-01   0.1335E+00   0.1848E+00   0.2556E+00   0.3902E+00   0.6849E+00   0.9160E+00   0.9357E+00   0.1043E+01   0.1072E+01   0.1084E+01   0.1091E+01   0.1096E+01   0.1100E+01   0.1104E+01   0.1107E+01   0.1110E+01   0.1112E+01   0.1115E+01   0.1117E+01   0.1119E+01   0.1121E+01   0.1122E+01   0.1124E+01   0.1125E+01   0.1126E+01   0.1127E+01   0.1128E+01   0.1129E+01   0.1130E+01   0.1131E+01   0.1132E+01   0.1133E+01   0.1133E+01   0.1134E+01   0.1134E+01   0.1135E+01   0.1135E+01
0.1105E+02   0.1883E-04   0.1460E-04   0.9149E-05   0.3310E-05   -.2364E-05   -.7950E-05   -.1328E-04   -.1837E-04   -.2316E-04   -.2763E-04   -.3175E-04   -.3549E-04   -.3881E-04   -.4170E-04   -.4410E-04   -.4599E-04   -.4734E-04   -.4810E-04   -.4824E-04   -.4771E-04   -.4648E-04   -.4449E-04   -.4171E-04   -.3808E-04   -.3355E-04   -.2807E-04   -.2158E-04   -.1402E-04   -.5328E-05   0.4562E-05   0.1572E-04   0.2822E-04   0.4214E-04   0.5757E-04   0.7459E-04   0.9331E-04   0.1138E-03   0.1362E-03   0.1607E-03   0.1873E-03   0.2163E-03   0.2471E-03   0.2802E-03   0.3138E-03   0.3661E-03   0.4111E-03   0.4601E-03   0.5133E-03   0.5704E-03   0.6298E-03   0.6951E-03   0.7704E-03   0.8352E-03   0.9067E-03   0.9955E-03   0.1076E-02   0.1185E-02   0.1279E-02   0.1408E-02   0.1518E-02   0.1673E-02   0.1802E-02   0.1988E-02   0.2142E-02   0.2526E-02   0.2553E-02   0.2563E-02   0.2764E-02   0.3049E-02   0.3281E-02   0.3633E-02   0.3922E-02   0.4364E-02   0.4733E-02   0.5298E-02   0.5780E-02   0.6519E-02   0.7167E-02   0.8156E-02   0.9055E-02   0.1042E-01   0.1172E-01   0.1367E-01   0.1563E-01   0.1857E-01   0.2172E-01   0.2644E-01   0.3188E-01   0.4011E-01   0.5041E-01   0.6627E-01   0.8749E-01   0.1199E+00   0.1625E+00   0.2284E+00   0.3231E+00   0.5455E+00   0.8935E+00   0.9571E+00   0.9647E+00   0.1066E+01   0.1091E+01   0.1101E+01   0.1106E+01   0.1111E+01   0.1115E+01   0.1118E+01   0.1121E+01   0.1123E+01   0.1126E+01   0.1128E+01   0.1130E+01   0.1132E+01   0.1133E+01   0.1135E+01   0.1136E+01   0.1137E+01   0.1139E+01   0.1140E+01   0.1141E+01   0.1142E+01   0.1142E+01   0.1143E+01   0.1144E+01   0.1144E+01   0.1145E+01   0.1146E+01   0.1146E+01   0.1147E+01   0.1147E+01
0.1127E+02   0.1991E-04   0.1579E-04   0.1039E-04   0.4598E-05   -.1020E-05   -.6544E-05   -.1180E-04   -.1680E-04   -.2149E-04   -.2585E-04   -.2984E-04   -.3344E-04   -.3660E-04   -.3931E-04   -.4152E-04   -.4319E-04   -.4430E-04   -.4480E-04   -.4465E-04   -.4381E-04   -.4224E-04   -.3989E-04   -.3671E-04   -.3264E-04   -.2765E-04   -.2166E-04   -.1463E-04   -.6492E-05   0.2823E-05   0.1338E-04   0.2526E-04   0.3853E-04   0.5328E-04   0.6959E-04   0.8756E-04   0.1073E-03   0.1289E-03   0.1525E-03   0.1782E-03   0.2062E-03   0.2365E-03   0.2689E-03   0.3036E-03   0.3388E-03   0.3936E-03   0.4408E-03   0.4921E-03   0.5480E-03   0.6079E-03   0.6698E-03   0.7382E-03   0.8222E-03   0.8815E-03   0.9673E-03   0.1044E-02   0.1148E-02   0.1240E-02   0.1365E-02   0.1472E-02   0.1621E-02   0.1748E-02   0.1927E-02   0.2078E-02   0.2294E-02   0.2639E-02   0.2668E-02   0.2678E-02   0.2961E-02   0.3187E-02   0.3524E-02   0.3805E-02   0.4227E-02   0.4582E-02   0.5120E-02   0.5583E-02   0.6283E-02   0.6901E-02   0.7835E-02   0.8687E-02   0.9969E-02   0.1119E-01   0.1301E-01   0.1484E-01   0.1756E-01   0.2045E-01   0.2476E-01   0.2968E-01   0.3710E-01   0.4625E-01   0.6031E-01   0.7892E-01   0.1078E+00   0.1451E+00   0.2040E+00   0.2788E+00   0.4475E+00   0.8041E+00   0.9353E+00   0.9957E+00   0.1002E+01   0.1091E+01   0.1111E+01   0.1119E+01   0.1124E+01   0.1128E+01   0.1131E+01   0.1134E+01   0.1137E+01   0.1139E+01   0.1142E+01   0.1144E+01   0.1145E+01   0.1147E+01   0.1149E+01   0.1150E+01   0.1151E+01   0.1152E+01   0.1153E+01   0.1154E+01   0.1155E+01   0.1156E+01   0.1157E+01   0.1158E+01   0.1158E+01   0.1159E+01   0.1159E+01   0.1160E+01   0.1160E+01   0.1161E+01   0.1161E+01
0.1148E+02   0.2104E-04   0.1703E-04   0.1169E-04   0.5953E-05   0.3988E-06   -.5054E-05   -.1023E-04   -.1514E-04   -.1972E-04   -.2395E-04   -.2781E-04   -.3125E-04   -.3424E-04   -.3676E-04   -.3876E-04   -.4020E-04   -.4106E-04   -.4128E-04   -.4083E-04   -.3967E-04   -.3774E-04   -.3500E-04   -.3139E-04   -.2688E-04   -.2140E-04   -.1489E-04   -.7292E-05   0.1457E-05   0.1143E-04   0.2269E-04   0.3531E-04   0.4939E-04   0.6500E-04   0.8224E-04   0.1012E-03   0.1220E-03   0.1447E-03   0.1695E-03   0.1965E-03   0.2259E-03   0.2578E-03   0.2917E-03   0.3281E-03   0.3651E-03   0.4224E-03   0.4719E-03   0.5256E-03   0.5841E-03   0.6469E-03   0.7120E-03   0.7838E-03   0.8696E-03   0.9360E-03   0.1021E-02   0.1109E-02   0.1210E-02   0.1318E-02   0.1437E-02   0.1565E-02   0.1706E-02   0.1858E-02   0.2028E-02   0.2211E-02   0.2416E-02   0.2808E-02   0.2837E-02   0.2848E-02   0.3118E-02   0.3398E-02   0.3718E-02   0.4068E-02   0.4471E-02   0.4918E-02   0.5436E-02   0.6019E-02   0.6702E-02   0.7482E-02   0.8408E-02   0.9484E-02   0.1078E-01   0.1232E-01   0.1422E-01   0.1653E-01   0.1945E-01   0.2313E-01   0.2795E-01   0.3430E-01   0.4295E-01   0.5499E-01   0.7212E-01   0.9687E-01   0.1315E+00   0.1816E+00   0.2517E+00   0.3805E+00   0.6648E+00   0.9126E+00   0.9748E+00   0.1020E+01   0.1025E+01   0.1106E+01   0.1123E+01   0.1129E+01   0.1134E+01   0.1138E+01   0.1141E+01   0.1144E+01   0.1147E+01   0.1149E+01   0.1151E+01   0.1153E+01   0.1155E+01   0.1156E+01   0.1158E+01   0.1159E+01   0.1160E+01   0.1161E+01   0.1162E+01   0.1163E+01   0.1164E+01   0.1165E+01   0.1166E+01   0.1166E+01   0.1167E+01   0.1167E+01   0.1168E+01   0.1168E+01   0.1169E+01   0.1169E+01   0.1170E+01
0.1170E+02   0.2220E-04   0.1832E-04   0.1304E-04   0.7356E-05   0.1870E-05   -.3507E-05   -.8591E-05   -.1340E-04   -.1786E-04   -.2197E-04   -.2568E-04   -.2896E-04   -.3178E-04   -.3409E-04   -.3587E-04   -.3708E-04   -.3767E-04   -.3761E-04   -.3685E-04   -.3534E-04   -.3305E-04   -.2991E-04   -.2587E-04   -.2089E-04   -.1491E-04   -.7858E-05   0.3203E-06   0.9695E-05   0.2033E-04   0.3232E-04   0.4572E-04   0.6062E-04   0.7712E-04   0.9531E-04   0.1153E-03   0.1372E-03   0.1611E-03   0.1871E-03   0.2155E-03   0.2463E-03   0.2797E-03   0.3153E-03   0.3534E-03   0.3922E-03   0.4521E-03   0.5040E-03   0.5602E-03   0.6214E-03   0.6872E-03   0.7556E-03   0.8309E-03   0.9173E-03   0.9934E-03   0.1075E-02   0.1180E-02   0.1272E-02   0.1402E-02   0.1508E-02   0.1665E-02   0.1790E-02   0.1978E-02   0.2128E-02   0.2356E-02   0.2536E-02   0.2992E-02   0.3023E-02   0.3034E-02   0.3272E-02   0.3630E-02   0.3910E-02   0.4360E-02   0.4715E-02   0.5290E-02   0.5754E-02   0.6503E-02   0.7128E-02   0.8129E-02   0.8998E-02   0.1038E-01   0.1163E-01   0.1360E-01   0.1550E-01   0.1845E-01   0.2150E-01   0.2621E-01   0.3149E-01   0.3966E-01   0.4967E-01   0.6532E-01   0.8594E-01   0.1179E+00   0.1593E+00   0.2245E+00   0.3135E+00   0.5255E+00   0.8900E+00   0.9539E+00   0.1010E+01   0.1037E+01   0.1041E+01   0.1116E+01   0.1130E+01   0.1136E+01   0.1141E+01   0.1144E+01   0.1148E+01   0.1150E+01   0.1153E+01   0.1155E+01   0.1157E+01   0.1159E+01   0.1161E+01   0.1162E+01   0.1164E+01   0.1165E+01   0.1166E+01   0.1167E+01   0.1168E+01   0.1169E+01   0.1170E+01   0.1171E+01   0.1171E+01   0.1172E+01   0.1173E+01   0.1173E+01   0.1174E+01   0.1174E+01   0.1175E+01   0.1175E+01   0.1175E+01
0.1192E+02   0.2342E-04   0.1967E-04   0.1447E-04   0.8851E-05   0.3445E-05   -.1846E-05   -.6830E-05   -.1153E-04   -.1586E-04   -.1983E-04   -.2338E-04   -.2649E-04   -.2911E-04   -.3121E-04   -.3276E-04   -.3371E-04   -.3402E-04   -.3365E-04   -.3256E-04   -.3069E-04   -.2800E-04   -.2444E-04   -.1995E-04   -.1448E-04   -.7963E-05   -.3409E-06   0.8451E-05   0.1849E-04   0.2983E-04   0.4257E-04   0.5679E-04   0.7257E-04   0.9000E-04   0.1092E-03   0.1302E-03   0.1533E-03   0.1784E-03   0.2058E-03   0.2356E-03   0.2679E-03   0.3029E-03   0.3402E-03   0.3803E-03   0.4209E-03   0.4837E-03   0.5381E-03   0.5970E-03   0.6613E-03   0.7304E-03   0.8018E-03   0.8808E-03   0.9777E-03   0.1047E-02   0.1146E-02   0.1236E-02   0.1357E-02   0.1466E-02   0.1611E-02   0.1740E-02   0.1914E-02   0.2068E-02   0.2279E-02   0.2464E-02   0.2722E-02   0.3131E-02   0.3162E-02   0.3174E-02   0.3515E-02   0.3801E-02   0.4215E-02   0.4577E-02   0.5103E-02   0.5574E-02   0.6258E-02   0.6885E-02   0.7798E-02   0.8660E-02   0.9914E-02   0.1114E-01   0.1293E-01   0.1476E-01   0.1743E-01   0.2032E-01   0.2455E-01   0.2945E-01   0.3672E-01   0.4579E-01   0.5957E-01   0.7796E-01   0.1062E+00   0.1432E+00   0.2008E+00   0.2750E+00   0.4379E+00   0.7841E+00   0.9318E+00   0.9925E+00   0.1028E+01   0.1047E+01   0.1050E+01   0.1121E+01   0.1134E+01   0.1140E+01   0.1145E+01   0.1148E+01   0.1152E+01   0.1154E+01   0.1157E+01   0.1159E+01   0.1161E+01   0.1163E+01   0.1165E+01   0.1166E+01   0.1168E+01   0.1169E+01   0.1170E+01   0.1171E+01   0.1172E+01   0.1173E+01   0.1174E+01   0.1174E+01   0.1175E+01   0.1176E+01   0.1176E+01   0.1177E+01   0.1177E+01   0.1178E+01   0.1178E+01   0.1179E+01   0.1179E+01
0.1213E+02   0.2469E-04   0.2108E-04   0.1596E-04   0.1042E-04   0.5098E-05   -.9739E-07   -.4972E-05   -.9546E-05   -.1375E-04   -.1756E-04   -.2094E-04   -.2386E-04   -.2628E-04   -.2815E-04   -.2945E-04   -.3013E-04   -.3015E-04   -.2946E-04   -.2802E-04   -.2578E-04   -.2268E-04   -.1867E-04   -.1371E-04   -.7721E-05   -.6522E-06   0.7565E-05   0.1700E-04   0.2772E-04   0.3980E-04   0.5333E-04   0.6840E-04   0.8508E-04   0.1035E-03   0.1237E-03   0.1459E-03   0.1701E-03   0.1965E-03   0.2253E-03   0.2565E-03   0.2905E-03   0.3272E-03   0.3663E-03   0.4083E-03   0.4509E-03   0.5167E-03   0.5736E-03   0.6354E-03   0.7028E-03   0.7752E-03   0.8503E-03   0.9333E-03   0.1033E-02   0.1109E-02   0.1209E-02   0.1311E-02   0.1431E-02   0.1554E-02   0.1698E-02   0.1846E-02   0.2018E-02   0.2196E-02   0.2404E-02   0.2620E-02   0.2875E-02   0.3330E-02   0.3363E-02   0.3375E-02   0.3714E-02   0.4055E-02   0.4466E-02   0.4900E-02   0.5427E-02   0.5993E-02   0.6687E-02   0.7444E-02   0.8382E-02   0.9428E-02   0.1074E-01   0.1224E-01   0.1414E-01   0.1640E-01   0.1932E-01   0.2292E-01   0.2772E-01   0.3391E-01   0.4250E-01   0.5425E-01   0.7116E-01   0.9532E-01   0.1296E+00   0.1785E+00   0.2478E+00   0.3709E+00   0.6449E+00   0.9093E+00   0.9717E+00   0.1018E+01   0.1041E+01   0.1055E+01   0.1058E+01   0.1126E+01   0.1137E+01   0.1144E+01   0.1149E+01   0.1152E+01   0.1156E+01   0.1158E+01   0.1161E+01   0.1163E+01   0.1165E+01   0.1167E+01   0.1169E+01   0.1170E+01   0.1171E+01   0.1173E+01   0.1174E+01   0.1175E+01   0.1176E+01   0.1177E+01   0.1178E+01   0.1178E+01   0.1179E+01   0.1180E+01   0.1180E+01   0.1181E+01   0.1181E+01   0.1182E+01   0.1182E+01   0.1183E+01   0.1183E+01
0.1235E+02   0.2598E-04   0.2253E-04   0.1750E-04   0.1204E-04   0.6810E-05   0.1717E-05   -.3041E-05   -.7486E-05   -.1154E-04   -.1520E-04   -.1840E-04   -.2112E-04   -.2332E-04   -.2497E-04   -.2601E-04   -.2641E-04   -.2612E-04   -.2510E-04   -.2329E-04   -.2066E-04   -.1714E-04   -.1268E-04   -.7222E-05   -.7045E-06   0.6935E-05   0.1577E-04   0.2586E-04   0.3729E-04   0.5013E-04   0.6447E-04   0.8041E-04   0.9803E-04   0.1174E-03   0.1387E-03   0.1621E-03   0.1875E-03   0.2153E-03   0.2454E-03   0.2782E-03   0.3138E-03   0.3523E-03   0.3933E-03   0.4372E-03   0.4819E-03   0.5507E-03   0.6103E-03   0.6751E-03   0.7456E-03   0.8215E-03   0.9006E-03   0.9877E-03   0.1087E-02   0.1177E-02   0.1270E-02   0.1396E-02   0.1500E-02   0.1657E-02   0.1779E-02   0.1969E-02   0.2113E-02   0.2345E-02   0.2519E-02   0.2802E-02   0.3015E-02   0.3564E-02   0.3598E-02   0.3610E-02   0.3896E-02   0.4353E-02   0.4697E-02   0.5280E-02   0.5728E-02   0.6488E-02   0.7090E-02   0.8104E-02   0.8942E-02   0.1033E-01   0.1155E-01   0.1353E-01   0.1537E-01   0.1832E-01   0.2128E-01   0.2598E-01   0.3111E-01   0.3921E-01   0.4892E-01   0.6437E-01   0.8440E-01   0.1160E+00   0.1561E+00   0.2207E+00   0.3039E+00   0.5057E+00   0.8867E+00   0.9508E+00   0.1009E+01   0.1036E+01   0.1051E+01   0.1062E+01   0.1064E+01   0.1130E+01   0.1141E+01   0.1148E+01   0.1153E+01   0.1156E+01   0.1160E+01   0.1162E+01   0.1165E+01   0.1167E+01   0.1169E+01   0.1171E+01   0.1173E+01   0.1174E+01   0.1175E+01   0.1177E+01   0.1178E+01   0.1179E+01   0.1180E+01   0.1181E+01   0.1182E+01   0.1182E+01   0.1183E+01   0.1184E+01   0.1184E+01   0.1185E+01   0.1185E+01   0.1186E+01   0.1186E+01   0.1187E+01   0.1187E+01
0.1257E+02   0.2736E-04   0.2407E-04   0.1914E-04   0.1377E-04   0.8653E-05   0.3676E-05   -.9511E-06   -.5251E-05   -.9147E-05   -.1262E-04   -.1563E-04   -.1814E-04   -.2011E-04   -.2150E-04   -.2226E-04   -.2236E-04   -.2174E-04   -.2036E-04   -.1817E-04   -.1512E-04   -.1115E-04   -.6202E-05   -.2199E-06   0.6861E-05   0.1511E-04   0.2459E-04   0.3538E-04   0.4756E-04   0.6121E-04   0.7641E-04   0.9327E-04   0.1119E-03   0.1324E-03   0.1548E-03   0.1793E-03   0.2061E-03   0.2353E-03   0.2669E-03   0.3013E-03   0.3387E-03   0.3790E-03   0.4220E-03   0.4681E-03   0.5150E-03   0.5871E-03   0.6497E-03   0.7177E-03   0.7918E-03   0.8716E-03   0.9543E-03   0.1046E-02   0.1158E-02   0.1239E-02   0.1354E-02   0.1461E-02   0.1602E-02   0.1732E-02   0.1902E-02   0.2058E-02   0.2264E-02   0.2452E-02   0.2704E-02   0.2934E-02   0.3245E-02   0.3735E-02   0.3771E-02   0.3784E-02   0.4201E-02   0.4571E-02   0.5085E-02   0.5565E-02   0.6233E-02   0.6870E-02   0.7761E-02   0.8634E-02   0.9859E-02   0.1110E-01   0.1285E-01   0.1469E-01   0.1730E-01   0.2019E-01   0.2433E-01   0.2922E-01   0.3634E-01   0.4534E-01   0.5883E-01   0.7701E-01   0.1047E+00   0.1413E+00   0.1976E+00   0.2711E+00   0.4284E+00   0.7642E+00   0.9285E+00   0.9895E+00   0.1027E+01   0.1046E+01   0.1058E+01   0.1067E+01   0.1068E+01   0.1134E+01   0.1145E+01   0.1152E+01   0.1157E+01   0.1161E+01   0.1164E+01   0.1167E+01   0.1169E+01   0.1171E+01   0.1174E+01   0.1175E+01   0.1177E+01   0.1178E+01   0.1180E+01   0.1181E+01   0.1182E+01   0.1183E+01   0.1184E+01   0.1185E+01   0.1186E+01   0.1187E+01   0.1187E+01   0.1188E+01   0.1189E+01   0.1189E+01   0.1190E+01   0.1190E+01   0.1191E+01   0.1191E+01   0.1192E+01
0.1278E+02   0.2877E-04   0.2566E-04   0.2084E-04   0.1558E-04   0.1057E-04   0.5723E-05   0.1237E-05   -.2909E-05   -.6634E-05   -.9924E-05   -.1273E-04   -.1501E-04   -.1673E-04   -.1785E-04   -.1832E-04   -.1810E-04   -.1714E-04   -.1539E-04   -.1280E-04   -.9310E-05   -.4870E-05   0.5825E-06   0.7108E-05   0.1478E-04   0.2365E-04   0.3381E-04   0.4532E-04   0.5828E-04   0.7276E-04   0.8887E-04   0.1067E-03   0.1263E-03   0.1479E-03   0.1715E-03   0.1973E-03   0.2255E-03   0.2561E-03   0.2893E-03   0.3254E-03   0.3645E-03   0.4069E-03   0.4520E-03   0.5003E-03   0.5494E-03   0.6250E-03   0.6906E-03   0.7619E-03   0.8397E-03   0.9234E-03   0.1010E-02   0.1107E-02   0.1224E-02   0.1311E-02   0.1430E-02   0.1546E-02   0.1691E-02   0.1834E-02   0.2008E-02   0.2181E-02   0.2392E-02   0.2602E-02   0.2861E-02   0.3119E-02   0.3441E-02   0.3976E-02   0.4013E-02   0.4026E-02   0.4459E-02   0.4881E-02   0.5418E-02   0.5967E-02   0.6671E-02   0.7407E-02   0.8356E-02   0.9373E-02   0.1070E-01   0.1215E-01   0.1407E-01   0.1627E-01   0.1920E-01   0.2270E-01   0.2749E-01   0.3353E-01   0.4205E-01   0.5351E-01   0.7021E-01   0.9378E-01   0.1277E+00   0.1753E+00   0.2440E+00   0.3614E+00   0.6250E+00   0.9060E+00   0.9687E+00   0.1017E+01   0.1040E+01   0.1054E+01   0.1064E+01   0.1071E+01   0.1073E+01   0.1138E+01   0.1149E+01   0.1156E+01   0.1161E+01   0.1165E+01   0.1168E+01   0.1171E+01   0.1173E+01   0.1176E+01   0.1178E+01   0.1180E+01   0.1181E+01   0.1183E+01   0.1184E+01   0.1185E+01   0.1186E+01   0.1188E+01   0.1188E+01   0.1189E+01   0.1190E+01   0.1191E+01   0.1192E+01   0.1192E+01   0.1193E+01   0.1193E+01   0.1194E+01   0.1194E+01   0.1195E+01   0.1195E+01   0.1196E+01
0.1300E+02   0.3022E-04   0.2730E-04   0.2259E-04   0.1744E-04   0.1256E-04   0.7846E-05   0.3508E-05   -.4749E-06   -.4020E-05   -.7113E-05   -.9700E-05   -.1175E-04   -.1321E-04   -.1405E-04   -.1422E-04   -.1367E-04   -.1235E-04   -.1022E-04   -.7208E-05   -.3271E-05   0.1654E-05   0.7629E-05   0.1472E-04   0.2299E-04   0.3251E-04   0.4337E-04   0.5563E-04   0.6939E-04   0.8473E-04   0.1018E-03   0.1206E-03   0.1413E-03   0.1640E-03   0.1888E-03   0.2159E-03   0.2455E-03   0.2776E-03   0.3124E-03   0.3502E-03   0.3913E-03   0.4356E-03   0.4829E-03   0.5335E-03   0.5849E-03   0.6641E-03   0.7329E-03   0.8075E-03   0.8889E-03   0.9768E-03   0.1069E-02   0.1170E-02   0.1285E-02   0.1392E-02   0.1498E-02   0.1650E-02   0.1769E-02   0.1959E-02   0.2100E-02   0.2333E-02   0.2502E-02   0.2789E-02   0.2994E-02   0.3351E-02   0.3607E-02   0.4275E-02   0.4313E-02   0.4327E-02   0.4676E-02   0.5269E-02   0.5702E-02   0.6472E-02   0.7052E-02   0.8078E-02   0.8886E-02   0.1029E-01   0.1146E-01   0.1345E-01   0.1523E-01   0.1820E-01   0.2107E-01   0.2575E-01   0.3073E-01   0.3876E-01   0.4818E-01   0.6342E-01   0.8286E-01   0.1141E+00   0.1529E+00   0.2168E+00   0.2944E+00   0.4858E+00   0.8835E+00   0.9478E+00   0.1007E+01   0.1035E+01   0.1051E+01   0.1061E+01   0.1069E+01   0.1075E+01   0.1076E+01   0.1142E+01   0.1153E+01   0.1160E+01   0.1165E+01   0.1169E+01   0.1172E+01   0.1175E+01   0.1177E+01   0.1180E+01   0.1182E+01   0.1183E+01   0.1185E+01   0.1187E+01   0.1188E+01   0.1189E+01   0.1190E+01   0.1191E+01   0.1192E+01   0.1193E+01   0.1194E+01   0.1195E+01   0.1196E+01   0.1196E+01   0.1197E+01   0.1197E+01   0.1198E+01   0.1198E+01   0.1199E+01   0.1199E+01   0.1200E+01
0.1322E+02   0.3176E-04   0.2905E-04   0.2448E-04   0.1945E-04   0.1472E-04   0.1015E-04   0.5978E-05   0.2178E-05   -.1167E-05   -.4042E-05   -.6391E-05   -.8182E-05   -.9365E-05   -.9901E-05   -.9738E-05   -.8832E-05   -.7128E-05   -.4576E-05   -.1118E-05   0.3303E-05   0.8748E-05   0.1528E-04   0.2297E-04   0.3189E-04   0.4211E-04   0.5371E-04   0.6677E-04   0.8138E-04   0.9764E-04   0.1156E-03   0.1355E-03   0.1573E-03   0.1813E-03   0.2074E-03   0.2359E-03   0.2669E-03   0.3007E-03   0.3373E-03   0.3769E-03   0.4200E-03   0.4665E-03   0.5161E-03   0.5692E-03   0.6232E-03   0.7063E-03   0.7785E-03   0.8570E-03   0.9428E-03   0.1035E-02   0.1131E-02   0.1238E-02   0.1369E-02   0.1465E-02   0.1598E-02   0.1726E-02   0.1891E-02   0.2049E-02   0.2249E-02   0.2441E-02   0.2686E-02   0.2921E-02   0.3224E-02   0.3515E-02   0.3896E-02   0.4493E-02   0.4533E-02   0.4548E-02   0.5066E-02   0.5554E-02   0.6207E-02   0.6854E-02   0.7724E-02   0.8608E-02   0.9804E-02   0.1106E-01   0.1276E-01   0.1462E-01   0.1717E-01   0.2007E-01   0.2412E-01   0.2899E-01   0.3596E-01   0.4489E-01   0.5809E-01   0.7606E-01   0.1032E+00   0.1393E+00   0.1945E+00   0.2673E+00   0.4188E+00   0.7443E+00   0.9253E+00   0.9865E+00   0.1025E+01   0.1045E+01   0.1058E+01   0.1067E+01   0.1073E+01   0.1078E+01   0.1079E+01   0.1145E+01   0.1156E+01   0.1163E+01   0.1168E+01   0.1172E+01   0.1175E+01   0.1178E+01   0.1181E+01   0.1183E+01   0.1185E+01   0.1187E+01   0.1188E+01   0.1190E+01   0.1191E+01   0.1193E+01   0.1194E+01   0.1195E+01   0.1196E+01   0.1197E+01   0.1198E+01   0.1198E+01   0.1199E+01   0.1200E+01   0.1200E+01   0.1201E+01   0.1201E+01   0.1202E+01   0.1202E+01   0.1203E+01   0.1203E+01
0.1343E+02   0.3335E-04   0.3085E-04   0.2642E-04   0.2153E-04   0.1694E-04   0.1254E-04   0.8544E-05   0.4937E-05   0.1802E-05   -.8440E-06   -.2944E-05   -.4465E-05   -.5355E-05   -.5573E-05   -.5068E-05   -.3790E-05   -.1687E-05   0.1298E-05   0.5220E-05   0.1014E-04   0.1613E-04   0.2324E-04   0.3155E-04   0.4114E-04   0.5207E-04   0.6444E-04   0.7832E-04   0.9382E-04   0.1110E-03   0.1301E-03   0.1510E-03   0.1740E-03   0.1992E-03   0.2266E-03   0.2566E-03   0.2892E-03   0.3246E-03   0.3630E-03   0.4046E-03   0.4497E-03   0.4985E-03   0.5505E-03   0.6062E-03   0.6629E-03   0.7500E-03   0.8258E-03   0.9082E-03   0.9983E-03   0.1096E-02   0.1197E-02   0.1309E-02   0.1447E-02   0.1548E-02   0.1690E-02   0.1825E-02   0.2000E-02   0.2167E-02   0.2381E-02   0.2585E-02   0.2847E-02   0.3098E-02   0.3424E-02   0.3738E-02   0.4150E-02   0.4787E-02   0.4829E-02   0.4844E-02   0.5406E-02   0.5940E-02   0.6655E-02   0.7370E-02   0.8330E-02   0.9318E-02   0.1065E-01   0.1207E-01   0.1400E-01   0.1614E-01   0.1907E-01   0.2248E-01   0.2726E-01   0.3315E-01   0.4160E-01   0.5277E-01   0.6927E-01   0.9225E-01   0.1258E+00   0.1721E+00   0.2401E+00   0.3519E+00   0.6051E+00   0.9028E+00   0.9657E+00   0.1016E+01   0.1040E+01   0.1054E+01   0.1064E+01   0.1071E+01   0.1077E+01   0.1081E+01   0.1081E+01   0.1147E+01   0.1159E+01   0.1166E+01   0.1171E+01   0.1175E+01   0.1178E+01   0.1181E+01   0.1184E+01   0.1186E+01   0.1188E+01   0.1190E+01   0.1192E+01   0.1193E+01   0.1194E+01   0.1196E+01   0.1197E+01   0.1198E+01   0.1199E+01   0.1200E+01   0.1201E+01   0.1201E+01   0.1202E+01   0.1203E+01   0.1203E+01   0.1204E+01   0.1204E+01   0.1205E+01   0.1205E+01   0.1206E+01   0.1206E+01
0.1365E+02   0.3498E-04   0.3271E-04   0.2843E-04   0.2369E-04   0.1926E-04   0.1503E-04   0.1122E-04   0.7819E-05   0.4907E-05   0.2502E-05   0.6642E-06   -.5733E-06   -.1156E-05   -.1042E-05   -.1780E-06   0.1487E-05   0.4008E-05   0.7442E-05   0.1185E-04   0.1729E-04   0.2384E-04   0.3155E-04   0.4051E-04   0.5078E-04   0.6246E-04   0.7563E-04   0.9037E-04   0.1068E-03   0.1250E-03   0.1450E-03   0.1671E-03   0.1913E-03   0.2178E-03   0.2467E-03   0.2781E-03   0.3123E-03   0.3494E-03   0.3897E-03   0.4333E-03   0.4806E-03   0.5318E-03   0.5862E-03   0.6446E-03   0.7041E-03   0.7954E-03   0.8749E-03   0.9614E-03   0.1056E-02   0.1158E-02   0.1265E-02   0.1384E-02   0.1519E-02   0.1644E-02   0.1771E-02   0.1950E-02   0.2093E-02   0.2319E-02   0.2492E-02   0.2771E-02   0.2982E-02   0.3329E-02   0.3591E-02   0.4029E-02   0.4362E-02   0.5168E-02   0.5211E-02   0.5227E-02   0.5690E-02   0.6444E-02   0.7037E-02   0.8041E-02   0.8861E-02   0.1024E-01   0.1142E-01   0.1337E-01   0.1516E-01   0.1807E-01   0.2094E-01   0.2554E-01   0.3050E-01   0.3838E-01   0.4773E-01   0.6268E-01   0.8191E-01   0.1126E+00   0.1510E+00   0.2137E+00   0.2906E+00   0.4763E+00   0.8636E+00   0.9446E+00   0.1004E+01   0.1034E+01   0.1050E+01   0.1061E+01   0.1069E+01   0.1075E+01   0.1080E+01   0.1083E+01   0.1083E+01   0.1150E+01   0.1161E+01   0.1168E+01   0.1173E+01   0.1177E+01   0.1181E+01   0.1184E+01   0.1186E+01   0.1188E+01   0.1191E+01   0.1192E+01   0.1194E+01   0.1196E+01   0.1197E+01   0.1198E+01   0.1199E+01   0.1201E+01   0.1202E+01   0.1202E+01   0.1203E+01   0.1204E+01   0.1205E+01   0.1205E+01   0.1206E+01   0.1207E+01   0.1207E+01   0.1208E+01   0.1208E+01   0.1208E+01   0.1209E+01
0.1387E+02   0.3670E-04   0.3468E-04   0.3058E-04   0.2600E-04   0.2175E-04   0.1771E-04   0.1411E-04   0.1093E-04   0.8265E-05   0.6124E-05   0.4572E-05   0.3643E-05   0.3393E-05   0.3866E-05   0.5117E-05   0.7198E-05   0.1017E-04   0.1408E-04   0.1901E-04   0.2501E-04   0.3215E-04   0.4051E-04   0.5015E-04   0.6117E-04   0.7363E-04   0.8765E-04   0.1033E-03   0.1207E-03   0.1399E-03   0.1611E-03   0.1844E-03   0.2099E-03   0.2377E-03   0.2681E-03   0.3011E-03   0.3370E-03   0.3760E-03   0.4182E-03   0.4640E-03   0.5137E-03   0.5673E-03   0.6245E-03   0.6858E-03   0.7483E-03   0.8442E-03   0.9278E-03   0.1019E-02   0.1118E-02   0.1226E-02   0.1339E-02   0.1464E-02   0.1616E-02   0.1731E-02   0.1888E-02   0.2043E-02   0.2237E-02   0.2431E-02   0.2669E-02   0.2908E-02   0.3203E-02   0.3499E-02   0.3870E-02   0.4246E-02   0.4719E-02   0.5461E-02   0.5506E-02   0.5523E-02   0.6178E-02   0.6836E-02   0.7686E-02   0.8583E-02   0.9750E-02   0.1102E-01   0.1268E-01   0.1455E-01   0.1704E-01   0.1994E-01   0.2390E-01   0.2876E-01   0.3557E-01   0.4444E-01   0.5735E-01   0.7511E-01   0.1016E+00   0.1374E+00   0.1913E+00   0.2634E+00   0.4093E+00   0.7245E+00   0.9221E+00   0.9835E+00   0.1024E+01   0.1044E+01   0.1057E+01   0.1066E+01   0.1073E+01   0.1078E+01   0.1082E+01   0.1085E+01   0.1085E+01   0.1152E+01   0.1163E+01   0.1170E+01   0.1175E+01   0.1180E+01   0.1183E+01   0.1186E+01   0.1188E+01   0.1191E+01   0.1193E+01   0.1195E+01   0.1196E+01   0.1198E+01   0.1199E+01   0.1200E+01   0.1202E+01   0.1203E+01   0.1204E+01   0.1205E+01   0.1205E+01   0.1206E+01   0.1207E+01   0.1208E+01   0.1208E+01   0.1209E+01   0.1209E+01   0.1210E+01   0.1210E+01   0.1211E+01   0.1211E+01
0.1408E+02   0.3847E-04   0.3672E-04   0.3279E-04   0.2838E-04   0.2433E-04   0.2049E-04   0.1711E-04   0.1417E-04   0.1175E-04   0.9890E-05   0.8636E-05   0.8029E-05   0.8125E-05   0.8972E-05   0.1062E-04   0.1314E-04   0.1657E-04   0.2099E-04   0.2645E-04   0.3303E-04   0.4078E-04   0.4980E-04   0.6016E-04   0.7194E-04   0.8522E-04   0.1001E-03   0.1167E-03   0.1351E-03   0.1554E-03   0.1777E-03   0.2023E-03   0.2291E-03   0.2584E-03   0.2902E-03   0.3249E-03   0.3626E-03   0.4035E-03   0.4478E-03   0.4958E-03   0.5479E-03   0.6042E-03   0.6642E-03   0.7285E-03   0.7941E-03   0.8948E-03   0.9827E-03   0.1078E-02   0.1183E-02   0.1297E-02   0.1415E-02   0.1547E-02   0.1711E-02   0.1829E-02   0.1999E-02   0.2157E-02   0.2372E-02   0.2569E-02   0.2834E-02   0.3078E-02   0.3408E-02   0.3713E-02   0.4130E-02   0.4518E-02   0.5054E-02   0.5828E-02   0.5875E-02   0.5892E-02   0.6636E-02   0.7330E-02   0.8304E-02   0.9263E-02   0.1061E-01   0.1199E-01   0.1393E-01   0.1601E-01   0.1895E-01   0.2227E-01   0.2703E-01   0.3277E-01   0.4115E-01   0.5203E-01   0.6832E-01   0.9071E-01   0.1239E+00   0.1690E+00   0.2363E+00   0.3424E+00   0.5853E+00   0.8996E+00   0.9628E+00   0.1014E+01   0.1039E+01   0.1053E+01   0.1063E+01   0.1071E+01   0.1076E+01   0.1081E+01   0.1084E+01   0.1086E+01   0.1087E+01   0.1153E+01   0.1165E+01   0.1172E+01   0.1177E+01   0.1181E+01   0.1185E+01   0.1188E+01   0.1190E+01   0.1193E+01   0.1195E+01   0.1196E+01   0.1198E+01   0.1200E+01   0.1201E+01   0.1202E+01   0.1204E+01   0.1205E+01   0.1206E+01   0.1207E+01   0.1207E+01   0.1208E+01   0.1209E+01   0.1210E+01   0.1210E+01   0.1211E+01   0.1211E+01   0.1212E+01   0.1212E+01   0.1213E+01   0.1213E+01
0.1430E+02   0.4030E-04   0.3883E-04   0.3509E-04   0.3087E-04   0.2702E-04   0.2339E-04   0.2025E-04   0.1756E-04   0.1542E-04   0.1385E-04   0.1291E-04   0.1264E-04   0.1310E-04   0.1434E-04   0.1642E-04   0.1939E-04   0.2331E-04   0.2825E-04   0.3427E-04   0.4145E-04   0.4985E-04   0.5957E-04   0.7066E-04   0.8324E-04   0.9737E-04   0.1132E-03   0.1307E-03   0.1502E-03   0.1716E-03   0.1952E-03   0.2210E-03   0.2492E-03   0.2799E-03   0.3134E-03   0.3498E-03   0.3894E-03   0.4323E-03   0.4787E-03   0.5291E-03   0.5837E-03   0.6427E-03   0.7057E-03   0.7732E-03   0.8420E-03   0.9478E-03   0.1040E-02   0.1141E-02   0.1251E-02   0.1370E-02   0.1496E-02   0.1636E-02   0.1796E-02   0.1943E-02   0.2096E-02   0.2308E-02   0.2485E-02   0.2755E-02   0.2970E-02   0.3309E-02   0.3576E-02   0.4003E-02   0.4343E-02   0.4889E-02   0.5331E-02   0.6324E-02   0.6372E-02   0.6390E-02   0.7018E-02   0.8001E-02   0.8835E-02   0.1018E-01   0.1138E-01   0.1329E-01   0.1509E-01   0.1794E-01   0.2082E-01   0.2532E-01   0.3027E-01   0.3800E-01   0.4728E-01   0.6194E-01   0.8096E-01   0.1110E+00   0.1491E+00   0.2105E+00   0.2868E+00   0.4668E+00   0.8438E+00   0.9415E+00   0.1001E+01   0.1032E+01   0.1049E+01   0.1060E+01   0.1069E+01   0.1075E+01   0.1079E+01   0.1083E+01   0.1086E+01   0.1088E+01   0.1088E+01   0.1155E+01   0.1166E+01   0.1174E+01   0.1179E+01   0.1183E+01   0.1186E+01   0.1189E+01   0.1192E+01   0.1194E+01   0.1196E+01   0.1198E+01   0.1200E+01   0.1201E+01   0.1203E+01   0.1204E+01   0.1205E+01   0.1206E+01   0.1207E+01   0.1208E+01   0.1209E+01   0.1210E+01   0.1210E+01   0.1211E+01   0.1212E+01   0.1212E+01   0.1213E+01   0.1213E+01   0.1214E+01   0.1214E+01   0.1215E+01
0.1452E+02   0.4223E-04   0.4106E-04   0.3754E-04   0.3352E-04   0.2989E-04   0.2650E-04   0.2361E-04   0.2120E-04   0.1935E-04   0.1810E-04   0.1750E-04   0.1760E-04   0.1845E-04   0.2011E-04   0.2264E-04   0.2609E-04   0.3053E-04   0.3603E-04   0.4265E-04   0.5047E-04   0.5956E-04   0.7000E-04   0.8189E-04   0.9530E-04   0.1103E-03   0.1271E-03   0.1457E-03   0.1663E-03   0.1889E-03   0.2137E-03   0.2409E-03   0.2706E-03   0.3029E-03   0.3381E-03   0.3763E-03   0.4179E-03   0.4629E-03   0.5116E-03   0.5645E-03   0.6218E-03   0.6838E-03   0.7499E-03   0.8209E-03   0.8933E-03   0.1005E-02   0.1102E-02   0.1208E-02   0.1324E-02   0.1451E-02   0.1583E-02   0.1730E-02   0.1911E-02   0.2049E-02   0.2234E-02   0.2425E-02   0.2655E-02   0.2896E-02   0.3184E-02   0.3484E-02   0.3845E-02   0.4227E-02   0.4688E-02   0.5180E-02   0.5782E-02   0.6725E-02   0.6776E-02   0.6794E-02   0.7645E-02   0.8554E-02   0.9694E-02   0.1097E-01   0.1260E-01   0.1448E-01   0.1691E-01   0.1982E-01   0.2369E-01   0.2854E-01   0.3520E-01   0.4399E-01   0.5662E-01   0.7417E-01   0.1001E+00   0.1355E+00   0.1882E+00   0.2596E+00   0.3998E+00   0.7047E+00   0.9190E+00   0.9806E+00   0.1023E+01   0.1044E+01   0.1057E+01   0.1066E+01   0.1073E+01   0.1078E+01   0.1082E+01   0.1085E+01   0.1087E+01   0.1089E+01   0.1089E+01   0.1156E+01   0.1168E+01   0.1175E+01   0.1180E+01   0.1184E+01   0.1188E+01   0.1191E+01   0.1193E+01   0.1195E+01   0.1198E+01   0.1199E+01   0.1201E+01   0.1203E+01   0.1204E+01   0.1205E+01   0.1207E+01   0.1208E+01   0.1209E+01   0.1210E+01   0.1210E+01   0.1211E+01   0.1212E+01   0.1213E+01   0.1213E+01   0.1214E+01   0.1214E+01   0.1215E+01   0.1215E+01   0.1216E+01   0.1216E+01
0.1473E+02   0.4421E-04   0.4335E-04   0.4005E-04   0.3625E-04   0.3286E-04   0.2972E-04   0.2710E-04   0.2497E-04   0.2343E-04   0.2251E-04   0.2226E-04   0.2274E-04   0.2400E-04   0.2610E-04   0.2910E-04   0.3305E-04   0.3803E-04   0.4411E-04   0.5134E-04   0.5982E-04   0.6962E-04   0.8083E-04   0.9353E-04   0.1078E-03   0.1238E-03   0.1415E-03   0.1612E-03   0.1829E-03   0.2068E-03   0.2329E-03   0.2615E-03   0.2927E-03   0.3267E-03   0.3636E-03   0.4038E-03   0.4473E-03   0.4945E-03   0.5457E-03   0.6012E-03   0.6613E-03   0.7264E-03   0.7958E-03   0.8703E-03   0.9464E-03   0.1063E-02   0.1166E-02   0.1277E-02   0.1400E-02   0.1534E-02   0.1673E-02   0.1829E-02   0.2025E-02   0.2164E-02   0.2372E-02   0.2558E-02   0.2824E-02   0.3059E-02   0.3393E-02   0.3688E-02   0.4111E-02   0.4487E-02   0.5029E-02   0.5520E-02   0.6231E-02   0.7195E-02   0.7248E-02   0.7267E-02   0.8274E-02   0.9205E-02   0.1057E-01   0.1191E-01   0.1386E-01   0.1588E-01   0.1882E-01   0.2206E-01   0.2680E-01   0.3239E-01   0.4071E-01   0.5129E-01   0.6737E-01   0.8918E-01   0.1219E+00   0.1658E+00   0.2325E+00   0.3329E+00   0.5655E+00   0.8965E+00   0.9598E+00   0.1013E+01   0.1038E+01   0.1053E+01   0.1063E+01   0.1071E+01   0.1076E+01   0.1081E+01   0.1084E+01   0.1086E+01   0.1088E+01   0.1090E+01   0.1090E+01   0.1157E+01   0.1169E+01   0.1176E+01   0.1181E+01   0.1185E+01   0.1189E+01   0.1192E+01   0.1194E+01   0.1197E+01   0.1199E+01   0.1201E+01   0.1202E+01   0.1204E+01   0.1205E+01   0.1207E+01   0.1208E+01   0.1209E+01   0.1210E+01   0.1211E+01   0.1212E+01   0.1212E+01   0.1213E+01   0.1214E+01   0.1214E+01   0.1215E+01   0.1216E+01   0.1216E+01   0.1216E+01   0.1217E+01   0.1217E+01
0.1495E+02   0.4627E-04   0.4574E-04   0.4268E-04   0.3912E-04   0.3598E-04   0.3310E-04   0.3077E-04   0.2894E-04   0.2773E-04   0.2716E-04   0.2730E-04   0.2818E-04   0.2987E-04   0.3243E-04   0.3592E-04   0.4041E-04   0.4596E-04   0.5264E-04   0.6053E-04   0.6970E-04   0.8025E-04   0.9225E-04   0.1058E-03   0.1210E-03   0.1379E-03   0.1568E-03   0.1775E-03   0.2004E-03   0.2256E-03   0.2531E-03   0.2832E-03   0.3160E-03   0.3517E-03   0.3905E-03   0.4326E-03   0.4783E-03   0.5279E-03   0.5816E-03   0.6398E-03   0.7029E-03   0.7712E-03   0.8441E-03   0.9224E-03   0.1002E-02   0.1125E-02   0.1233E-02   0.1351E-02   0.1480E-02   0.1621E-02   0.1770E-02   0.1935E-02   0.2127E-02   0.2303E-02   0.2489E-02   0.2743E-02   0.2963E-02   0.3290E-02   0.3563E-02   0.3979E-02   0.4325E-02   0.4858E-02   0.5308E-02   0.6004E-02   0.6605E-02   0.7855E-02   0.7910E-02   0.7930E-02   0.8805E-02   0.1012E-01   0.1133E-01   0.1321E-01   0.1502E-01   0.1781E-01   0.2069E-01   0.2511E-01   0.3004E-01   0.3762E-01   0.4684E-01   0.6121E-01   0.8002E-01   0.1095E+00   0.1472E+00   0.2074E+00   0.2830E+00   0.4573E+00   0.8240E+00   0.9383E+00   0.9985E+00   0.1031E+01   0.1048E+01   0.1060E+01   0.1068E+01   0.1074E+01   0.1079E+01   0.1083E+01   0.1086E+01   0.1088E+01   0.1089E+01   0.1091E+01   0.1091E+01   0.1158E+01   0.1170E+01   0.1177E+01   0.1182E+01   0.1186E+01   0.1190E+01   0.1193E+01   0.1195E+01   0.1198E+01   0.1200E+01   0.1202E+01   0.1203E+01   0.1205E+01   0.1206E+01   0.1208E+01   0.1209E+01   0.1210E+01   0.1211E+01   0.1212E+01   0.1213E+01   0.1213E+01   0.1214E+01   0.1215E+01   0.1215E+01   0.1216E+01   0.1216E+01   0.1217E+01   0.1217E+01   0.1218E+01   0.1218E+01
0.1517E+02   0.4842E-04   0.4825E-04   0.4546E-04   0.4214E-04   0.3928E-04   0.3669E-04   0.3466E-04   0.3317E-04   0.3231E-04   0.3212E-04   0.3265E-04   0.3396E-04   0.3612E-04   0.3917E-04   0.4319E-04   0.4824E-04   0.5439E-04   0.6171E-04   0.7028E-04   0.8020E-04   0.9153E-04   0.1044E-03   0.1188E-03   0.1350E-03   0.1530E-03   0.1729E-03   0.1949E-03   0.2190E-03   0.2455E-03   0.2745E-03   0.3062E-03   0.3406E-03   0.3782E-03   0.4189E-03   0.4632E-03   0.5112E-03   0.5632E-03   0.6196E-03   0.6807E-03   0.7470E-03   0.8188E-03   0.8955E-03   0.9779E-03   0.1062E-02   0.1192E-02   0.1305E-02   0.1430E-02   0.1567E-02   0.1716E-02   0.1873E-02   0.2048E-02   0.2263E-02   0.2432E-02   0.2654E-02   0.2890E-02   0.3168E-02   0.3472E-02   0.3823E-02   0.4209E-02   0.4658E-02   0.5157E-02   0.5743E-02   0.6403E-02   0.7187E-02   0.8419E-02   0.8476E-02   0.8497E-02   0.9635E-02   0.1093E-01   0.1251E-01   0.1440E-01   0.1678E-01   0.1970E-01   0.2348E-01   0.2831E-01   0.3482E-01   0.4355E-01   0.5588E-01   0.7323E-01   0.9858E-01   0.1336E+00   0.1850E+00   0.2558E+00   0.3904E+00   0.6849E+00   0.9158E+00   0.9777E+00   0.1021E+01   0.1043E+01   0.1056E+01   0.1065E+01   0.1072E+01   0.1078E+01   0.1082E+01   0.1085E+01   0.1087E+01   0.1089E+01   0.1090E+01   0.1091E+01   0.1091E+01   0.1159E+01   0.1171E+01   0.1178E+01   0.1183E+01   0.1187E+01   0.1191E+01   0.1194E+01   0.1196E+01   0.1198E+01   0.1201E+01   0.1202E+01   0.1204E+01   0.1206E+01   0.1207E+01   0.1208E+01   0.1210E+01   0.1211E+01   0.1212E+01   0.1213E+01   0.1214E+01   0.1214E+01   0.1215E+01   0.1216E+01   0.1216E+01   0.1217E+01   0.1217E+01   0.1218E+01   0.1218E+01   0.1219E+01   0.1219E+01
0.1538E+02   0.5063E-04   0.5084E-04   0.4832E-04   0.4527E-04   0.4269E-04   0.4040E-04   0.3870E-04   0.3754E-04   0.3706E-04   0.3725E-04   0.3821E-04   0.3997E-04   0.4260E-04   0.4616E-04   0.5072E-04   0.5635E-04   0.6313E-04   0.7111E-04   0.8040E-04   0.9107E-04   0.1032E-03   0.1169E-03   0.1323E-03   0.1495E-03   0.1685E-03   0.1896E-03   0.2128E-03   0.2382E-03   0.2661E-03   0.2966E-03   0.3299E-03   0.3661E-03   0.4055E-03   0.4483E-03   0.4948E-03   0.5451E-03   0.5997E-03   0.6589E-03   0.7231E-03   0.7927E-03   0.8682E-03   0.9487E-03   0.1035E-02   0.1124E-02   0.1261E-02   0.1380E-02   0.1512E-02   0.1657E-02   0.1815E-02   0.1980E-02   0.2167E-02   0.2404E-02   0.2568E-02   0.2824E-02   0.3047E-02   0.3381E-02   0.3667E-02   0.4093E-02   0.4458E-02   0.5006E-02   0.5482E-02   0.6200E-02   0.6838E-02   0.7802E-02   0.9039E-02   0.9099E-02   0.9121E-02   0.1052E-01   0.1182E-01   0.1379E-01   0.1575E-01   0.1870E-01   0.2184E-01   0.2658E-01   0.3201E-01   0.4026E-01   0.5055E-01   0.6643E-01   0.8765E-01   0.1200E+00   0.1627E+00   0.2287E+00   0.3234E+00   0.5458E+00   0.8934E+00   0.9570E+00   0.1012E+01   0.1037E+01   0.1052E+01   0.1063E+01   0.1070E+01   0.1076E+01   0.1080E+01   0.1084E+01   0.1086E+01   0.1088E+01   0.1090E+01   0.1091E+01   0.1092E+01   0.1092E+01   0.1160E+01   0.1171E+01   0.1179E+01   0.1184E+01   0.1188E+01   0.1191E+01   0.1194E+01   0.1197E+01   0.1199E+01   0.1201E+01   0.1203E+01   0.1205E+01   0.1207E+01   0.1208E+01   0.1209E+01   0.1211E+01   0.1212E+01   0.1213E+01   0.1214E+01   0.1214E+01   0.1215E+01   0.1216E+01   0.1217E+01   0.1217E+01   0.1218E+01   0.1218E+01   0.1219E+01   0.1219E+01   0.1220E+01   0.1220E+01
0.1560E+02   0.5294E-04   0.5354E-04   0.5131E-04   0.4855E-04   0.4628E-04   0.4431E-04   0.4296E-04   0.4218E-04   0.4208E-04   0.4270E-04   0.4410E-04   0.4633E-04   0.4948E-04   0.5358E-04   0.5872E-04   0.6497E-04   0.7240E-04   0.8109E-04   0.9113E-04   0.1026E-03   0.1156E-03   0.1302E-03   0.1466E-03   0.1648E-03   0.1850E-03   0.2072E-03   0.2317E-03   0.2586E-03   0.2880E-03   0.3201E-03   0.3551E-03   0.3931E-03   0.4345E-03   0.4795E-03   0.5282E-03   0.5811E-03   0.6384E-03   0.7006E-03   0.7680E-03   0.8412E-03   0.9205E-03   0.1005E-02   0.1097E-02   0.1190E-02   0.1334E-02   0.1460E-02   0.1599E-02   0.1752E-02   0.1919E-02   0.2096E-02   0.2295E-02   0.2528E-02   0.2739E-02   0.2969E-02   0.3277E-02   0.3555E-02   0.3957E-02   0.4310E-02   0.4829E-02   0.5287E-02   0.5966E-02   0.6576E-02   0.7484E-02   0.8323E-02   0.9943E-02   0.1001E-01   0.1003E-01   0.1129E-01   0.1312E-01   0.1495E-01   0.1768E-01   0.2057E-01   0.2490E-01   0.2982E-01   0.3725E-01   0.4639E-01   0.6047E-01   0.7908E-01   0.1080E+00   0.1453E+00   0.2042E+00   0.2792E+00   0.4479E+00   0.8042E+00   0.9352E+00   0.9957E+00   0.1030E+01   0.1048E+01   0.1059E+01   0.1068E+01   0.1074E+01   0.1079E+01   0.1083E+01   0.1085E+01   0.1088E+01   0.1089E+01   0.1091E+01   0.1092E+01   0.1093E+01   0.1093E+01   0.1160E+01   0.1172E+01   0.1179E+01   0.1184E+01   0.1189E+01   0.1192E+01   0.1195E+01   0.1198E+01   0.1200E+01   0.1202E+01   0.1204E+01   0.1206E+01   0.1207E+01   0.1209E+01   0.1210E+01   0.1211E+01   0.1212E+01   0.1213E+01   0.1214E+01   0.1215E+01   0.1216E+01   0.1217E+01   0.1217E+01   0.1218E+01   0.1218E+01   0.1219E+01   0.1219E+01   0.1220E+01   0.1220E+01   0.1221E+01
0.1582E+02   0.5534E-04   0.5637E-04   0.5446E-04   0.5200E-04   0.5007E-04   0.4844E-04   0.4746E-04   0.4706E-04   0.4739E-04   0.4845E-04   0.5032E-04   0.5306E-04   0.5674E-04   0.6141E-04   0.6717E-04   0.7406E-04   0.8219E-04   0.9162E-04   0.1024E-03   0.1148E-03   0.1287E-03   0.1443E-03   0.1617E-03   0.1810E-03   0.2023E-03   0.2258E-03   0.2517E-03   0.2800E-03   0.3109E-03   0.3447E-03   0.3815E-03   0.4215E-03   0.4650E-03   0.5122E-03   0.5635E-03   0.6190E-03   0.6792E-03   0.7446E-03   0.8154E-03   0.8924E-03   0.9759E-03   0.1065E-02   0.1161E-02   0.1260E-02   0.1412E-02   0.1545E-02   0.1692E-02   0.1855E-02   0.2032E-02   0.2220E-02   0.2432E-02   0.2690E-02   0.2899E-02   0.3167E-02   0.3465E-02   0.3805E-02   0.4194E-02   0.4631E-02   0.5136E-02   0.5706E-02   0.6373E-02   0.7136E-02   0.8042E-02   0.9095E-02   0.1076E-01   0.1082E-01   0.1085E-01   0.1243E-01   0.1433E-01   0.1665E-01   0.1957E-01   0.2326E-01   0.2808E-01   0.3444E-01   0.4310E-01   0.5515E-01   0.7229E-01   0.9705E-01   0.1317E+00   0.1819E+00   0.2520E+00   0.3809E+00   0.6651E+00   0.9127E+00   0.9749E+00   0.1020E+01   0.1042E+01   0.1056E+01   0.1065E+01   0.1072E+01   0.1078E+01   0.1082E+01   0.1085E+01   0.1087E+01   0.1089E+01   0.1090E+01   0.1091E+01   0.1092E+01   0.1093E+01   0.1093E+01   0.1161E+01   0.1173E+01   0.1180E+01   0.1185E+01   0.1189E+01   0.1193E+01   0.1196E+01   0.1198E+01   0.1201E+01   0.1203E+01   0.1205E+01   0.1206E+01   0.1208E+01   0.1209E+01   0.1211E+01   0.1212E+01   0.1213E+01   0.1214E+01   0.1215E+01   0.1216E+01   0.1216E+01   0.1217E+01   0.1218E+01   0.1218E+01   0.1219E+01   0.1220E+01   0.1220E+01   0.1220E+01   0.1221E+01   0.1221E+01
0.1603E+02   0.5782E-04   0.5928E-04   0.5769E-04   0.5556E-04   0.5397E-04   0.5270E-04   0.5210E-04   0.5212E-04   0.5288E-04   0.5440E-04   0.5677E-04   0.6003E-04   0.6426E-04   0.6953E-04   0.7591E-04   0.8348E-04   0.9232E-04   0.1025E-03   0.1142E-03   0.1274E-03   0.1422E-03   0.1588E-03   0.1772E-03   0.1977E-03   0.2203E-03   0.2451E-03   0.2723E-03   0.3021E-03   0.3347E-03   0.3702E-03   0.4089E-03   0.4509E-03   0.4966E-03   0.5461E-03   0.5999E-03   0.6582E-03   0.7215E-03   0.7901E-03   0.8645E-03   0.9454E-03   0.1033E-02   0.1127E-02   0.1229E-02   0.1332E-02   0.1493E-02   0.1634E-02   0.1790E-02   0.1962E-02   0.2151E-02   0.2350E-02   0.2575E-02   0.2865E-02   0.3062E-02   0.3383E-02   0.3653E-02   0.4079E-02   0.4432E-02   0.4984E-02   0.5446E-02   0.6170E-02   0.6789E-02   0.7761E-02   0.8618E-02   0.9959E-02   0.1161E-01   0.1168E-01   0.1170E-01   0.1371E-01   0.1561E-01   0.1857E-01   0.2163E-01   0.2635E-01   0.3163E-01   0.3982E-01   0.4982E-01   0.6549E-01   0.8612E-01   0.1181E+00   0.1595E+00   0.2249E+00   0.3139E+00   0.5260E+00   0.8902E+00   0.9541E+00   0.1010E+01   0.1037E+01   0.1052E+01   0.1062E+01   0.1070E+01   0.1076E+01   0.1080E+01   0.1084E+01   0.1086E+01   0.1088E+01   0.1090E+01   0.1091E+01   0.1092E+01   0.1093E+01   0.1094E+01   0.1094E+01   0.1161E+01   0.1173E+01   0.1180E+01   0.1186E+01   0.1190E+01   0.1193E+01   0.1196E+01   0.1199E+01   0.1201E+01   0.1203E+01   0.1205E+01   0.1207E+01   0.1208E+01   0.1210E+01   0.1211E+01   0.1212E+01   0.1213E+01   0.1214E+01   0.1215E+01   0.1216E+01   0.1217E+01   0.1218E+01   0.1218E+01   0.1219E+01   0.1220E+01   0.1220E+01   0.1221E+01   0.1221E+01   0.1222E+01   0.1222E+01
0.1625E+02   0.6040E-04   0.6234E-04   0.6110E-04   0.5932E-04   0.5810E-04   0.5722E-04   0.5704E-04   0.5749E-04   0.5872E-04   0.6073E-04   0.6363E-04   0.6745E-04   0.7228E-04   0.7818E-04   0.8523E-04   0.9352E-04   0.1031E-03   0.1141E-03   0.1267E-03   0.1408E-03   0.1566E-03   0.1742E-03   0.1938E-03   0.2155E-03   0.2393E-03   0.2656E-03   0.2943E-03   0.3257E-03   0.3600E-03   0.3973E-03   0.4380E-03   0.4822E-03   0.5302E-03   0.5823E-03   0.6388E-03   0.7001E-03   0.7665E-03   0.8387E-03   0.9170E-03   0.1002E-02   0.1095E-02   0.1194E-02   0.1301E-02   0.1410E-02   0.1580E-02   0.1729E-02   0.1894E-02   0.2077E-02   0.2277E-02   0.2491E-02   0.2732E-02   0.3017E-02   0.3275E-02   0.3563E-02   0.3942E-02   0.4301E-02   0.4803E-02   0.5269E-02   0.5930E-02   0.6549E-02   0.7434E-02   0.8284E-02   0.9504E-02   0.1071E-01   0.1289E-01   0.1297E-01   0.1299E-01   0.1487E-01   0.1754E-01   0.2045E-01   0.2469E-01   0.2959E-01   0.3687E-01   0.4595E-01   0.5974E-01   0.7814E-01   0.1065E+00   0.1434E+00   0.2011E+00   0.2754E+00   0.4384E+00   0.7845E+00   0.9321E+00   0.9928E+00   0.1028E+01   0.1047E+01   0.1059E+01   0.1068E+01   0.1074E+01   0.1079E+01   0.1083E+01   0.1085E+01   0.1088E+01   0.1089E+01   0.1091E+01   0.1092E+01   0.1093E+01   0.1093E+01   0.1094E+01   0.1094E+01   0.1162E+01   0.1174E+01   0.1181E+01   0.1186E+01   0.1190E+01   0.1194E+01   0.1197E+01   0.1199E+01   0.1202E+01   0.1204E+01   0.1206E+01   0.1207E+01   0.1209E+01   0.1210E+01   0.1212E+01   0.1213E+01   0.1214E+01   0.1215E+01   0.1216E+01   0.1217E+01   0.1217E+01   0.1218E+01   0.1219E+01   0.1219E+01   0.1220E+01   0.1221E+01   0.1221E+01   0.1222E+01   0.1222E+01   0.1222E+01
0.1647E+02   0.6309E-04   0.6552E-04   0.6466E-04   0.6324E-04   0.6242E-04   0.6195E-04   0.6221E-04   0.6312E-04   0.6484E-04   0.6737E-04   0.7082E-04   0.7523E-04   0.8068E-04   0.8724E-04   0.9500E-04   0.1040E-03   0.1144E-03   0.1263E-03   0.1397E-03   0.1548E-03   0.1717E-03   0.1904E-03   0.2112E-03   0.2341E-03   0.2593E-03   0.2870E-03   0.3173E-03   0.3504E-03   0.3864E-03   0.4257E-03   0.4685E-03   0.5149E-03   0.5654E-03   0.6201E-03   0.6795E-03   0.7439E-03   0.8138E-03   0.8897E-03   0.9721E-03   0.1062E-02   0.1159E-02   0.1264E-02   0.1377E-02   0.1493E-02   0.1672E-02   0.1831E-02   0.2006E-02   0.2200E-02   0.2414E-02   0.2641E-02   0.2899E-02   0.3213E-02   0.3476E-02   0.3805E-02   0.4187E-02   0.4610E-02   0.5118E-02   0.5672E-02   0.6347E-02   0.7089E-02   0.8003E-02   0.9029E-02   0.1031E-01   0.1178E-01   0.1411E-01   0.1419E-01   0.1421E-01   0.1651E-01   0.1944E-01   0.2305E-01   0.2786E-01   0.3406E-01   0.4266E-01   0.5441E-01   0.7135E-01   0.9552E-01   0.1298E+00   0.1788E+00   0.2482E+00   0.3714E+00   0.6453E+00   0.9096E+00   0.9720E+00   0.1019E+01   0.1042E+01   0.1055E+01   0.1065E+01   0.1072E+01   0.1077E+01   0.1081E+01   0.1085E+01   0.1087E+01   0.1089E+01   0.1090E+01   0.1091E+01   0.1092E+01   0.1093E+01   0.1094E+01   0.1095E+01   0.1095E+01   0.1162E+01   0.1174E+01   0.1181E+01   0.1186E+01   0.1191E+01   0.1194E+01   0.1197E+01   0.1200E+01   0.1202E+01   0.1204E+01   0.1206E+01   0.1208E+01   0.1209E+01   0.1211E+01   0.1212E+01   0.1213E+01   0.1214E+01   0.1215E+01   0.1216E+01   0.1217E+01   0.1218E+01   0.1219E+01   0.1219E+01   0.1220E+01   0.1221E+01   0.1221E+01   0.1222E+01   0.1222E+01   0.1222E+01   0.1223E+01
0.1668E+02   0.6585E-04   0.6879E-04   0.6832E-04   0.6729E-04   0.6687E-04   0.6684E-04   0.6754E-04   0.6894E-04   0.7117E-04   0.7424E-04   0.7826E-04   0.8328E-04   0.8938E-04   0.9663E-04   0.1051E-03   0.1149E-03   0.1262E-03   0.1389E-03   0.1533E-03   0.1693E-03   0.1873E-03   0.2072E-03   0.2291E-03   0.2534E-03   0.2800E-03   0.3091E-03   0.3410E-03   0.3759E-03   0.4138E-03   0.4551E-03   0.5000E-03   0.5488E-03   0.6018E-03   0.6592E-03   0.7216E-03   0.7893E-03   0.8628E-03   0.9425E-03   0.1029E-02   0.1124E-02   0.1226E-02   0.1337E-02   0.1456E-02   0.1578E-02   0.1768E-02   0.1936E-02   0.2122E-02   0.2329E-02   0.2557E-02   0.2798E-02   0.3074E-02   0.3433E-02   0.3675E-02   0.4081E-02   0.4416E-02   0.4967E-02   0.5414E-02   0.6143E-02   0.6743E-02   0.7721E-02   0.8553E-02   0.9901E-02   0.1110E-01   0.1303E-01   0.1534E-01   0.1542E-01   0.1545E-01   0.1844E-01   0.2141E-01   0.2612E-01   0.3125E-01   0.3937E-01   0.4909E-01   0.6455E-01   0.8459E-01   0.1162E+00   0.1564E+00   0.2210E+00   0.3044E+00   0.5062E+00   0.8872E+00   0.9513E+00   0.1009E+01   0.1036E+01   0.1052E+01   0.1062E+01   0.1070E+01   0.1076E+01   0.1080E+01   0.1084E+01   0.1086E+01   0.1088E+01   0.1090E+01   0.1091E+01   0.1092E+01   0.1093E+01   0.1094E+01   0.1094E+01   0.1095E+01   0.1095E+01   0.1163E+01   0.1174E+01   0.1182E+01   0.1187E+01   0.1191E+01   0.1195E+01   0.1198E+01   0.1200E+01   0.1202E+01   0.1205E+01   0.1206E+01   0.1208E+01   0.1210E+01   0.1211E+01   0.1213E+01   0.1214E+01   0.1215E+01   0.1216E+01   0.1217E+01   0.1218E+01   0.1218E+01   0.1219E+01   0.1220E+01   0.1220E+01   0.1221E+01   0.1222E+01   0.1222E+01   0.1222E+01   0.1223E+01   0.1223E+01
0.1690E+02   0.6875E-04   0.7224E-04   0.7219E-04   0.7158E-04   0.7161E-04   0.7203E-04   0.7323E-04   0.7515E-04   0.7792E-04   0.8158E-04   0.8622E-04   0.9188E-04   0.9867E-04   0.1067E-03   0.1159E-03   0.1266E-03   0.1387E-03   0.1524E-03   0.1677E-03   0.1849E-03   0.2039E-03   0.2251E-03   0.2483E-03   0.2740E-03   0.3021E-03   0.3328E-03   0.3665E-03   0.4031E-03   0.4431E-03   0.4865E-03   0.5338E-03   0.5851E-03   0.6408E-03   0.7012E-03   0.7668E-03   0.8380E-03   0.9154E-03   0.9994E-03   0.1091E-02   0.1190E-02   0.1299E-02   0.1415E-02   0.1541E-02   0.1671E-02   0.1872E-02   0.2051E-02   0.2249E-02   0.2469E-02   0.2712E-02   0.2973E-02   0.3269E-02   0.3625E-02   0.3943E-02   0.4311E-02   0.4786E-02   0.5257E-02   0.5898E-02   0.6526E-02   0.7388E-02   0.8248E-02   0.9438E-02   0.1066E-01   0.1236E-01   0.1417E-01   0.1726E-01   0.1734E-01   0.1737E-01   0.2031E-01   0.2446E-01   0.2936E-01   0.3649E-01   0.4550E-01   0.5901E-01   0.7721E-01   0.1049E+00   0.1415E+00   0.1980E+00   0.2716E+00   0.4289E+00   0.7647E+00   0.9290E+00   0.9900E+00   0.1027E+01   0.1046E+01   0.1059E+01   0.1067E+01   0.1074E+01   0.1079E+01   0.1083E+01   0.1085E+01   0.1088E+01   0.1089E+01   0.1091E+01   0.1092E+01   0.1093E+01   0.1094E+01   0.1094E+01   0.1095E+01   0.1095E+01   0.1095E+01   0.1163E+01   0.1175E+01   0.1182E+01   0.1187E+01   0.1191E+01   0.1195E+01   0.1198E+01   0.1200E+01   0.1203E+01   0.1205E+01   0.1207E+01   0.1209E+01   0.1210E+01   0.1212E+01   0.1213E+01   0.1214E+01   0.1215E+01   0.1216E+01   0.1217E+01   0.1218E+01   0.1219E+01   0.1219E+01   0.1220E+01   0.1221E+01   0.1221E+01   0.1222E+01   0.1222E+01   0.1223E+01   0.1223E+01   0.1224E+01
0.1712E+02   0.7174E-04   0.7581E-04   0.7621E-04   0.7603E-04   0.7652E-04   0.7743E-04   0.7915E-04   0.8161E-04   0.8496E-04   0.8922E-04   0.9450E-04   0.1008E-03   0.1084E-03   0.1171E-03   0.1272E-03   0.1387E-03   0.1517E-03   0.1664E-03   0.1828E-03   0.2011E-03   0.2213E-03   0.2437E-03   0.2683E-03   0.2954E-03   0.3251E-03   0.3575E-03   0.3929E-03   0.4315E-03   0.4735E-03   0.5192E-03   0.5689E-03   0.6228E-03   0.6814E-03   0.7450E-03   0.8140E-03   0.8889E-03   0.9703E-03   0.1059E-02   0.1155E-02   0.1260E-02   0.1375E-02   0.1498E-02   0.1631E-02   0.1769E-02   0.1983E-02   0.2172E-02   0.2383E-02   0.2618E-02   0.2878E-02   0.3158E-02   0.3476E-02   0.3864E-02   0.4199E-02   0.4611E-02   0.5110E-02   0.5647E-02   0.6324E-02   0.7046E-02   0.7968E-02   0.8965E-02   0.1025E-01   0.1169E-01   0.1356E-01   0.1571E-01   0.1916E-01   0.1925E-01   0.1928E-01   0.2282E-01   0.2762E-01   0.3368E-01   0.4221E-01   0.5368E-01   0.7041E-01   0.9400E-01   0.1279E+00   0.1756E+00   0.2444E+00   0.3620E+00   0.6256E+00   0.9066E+00   0.9692E+00   0.1018E+01   0.1041E+01   0.1055E+01   0.1065E+01   0.1072E+01   0.1077E+01   0.1081E+01   0.1085E+01   0.1087E+01   0.1089E+01   0.1090E+01   0.1092E+01   0.1093E+01   0.1093E+01   0.1094E+01   0.1095E+01   0.1095E+01   0.1096E+01   0.1096E+01   0.1163E+01   0.1175E+01   0.1182E+01   0.1188E+01   0.1192E+01   0.1195E+01   0.1198E+01   0.1201E+01   0.1203E+01   0.1205E+01   0.1207E+01   0.1209E+01   0.1210E+01   0.1212E+01   0.1213E+01   0.1214E+01   0.1216E+01   0.1217E+01   0.1217E+01   0.1218E+01   0.1219E+01   0.1220E+01   0.1220E+01   0.1221E+01   0.1222E+01   0.1222E+01   0.1223E+01   0.1223E+01   0.1224E+01   0.1224E+01
0.1733E+02   0.7483E-04   0.7949E-04   0.8035E-04   0.8062E-04   0.8160E-04   0.8301E-04   0.8526E-04   0.8828E-04   0.9222E-04   0.9712E-04   0.1031E-03   0.1101E-03   0.1184E-03   0.1279E-03   0.1388E-03   0.1512E-03   0.1652E-03   0.1809E-03   0.1984E-03   0.2178E-03   0.2393E-03   0.2629E-03   0.2890E-03   0.3176E-03   0.3488E-03   0.3830E-03   0.4203E-03   0.4609E-03   0.5050E-03   0.5531E-03   0.6052E-03   0.6619E-03   0.7234E-03   0.7902E-03   0.8628E-03   0.9416E-03   0.1027E-02   0.1120E-02   0.1222E-02   0.1333E-02   0.1454E-02   0.1584E-02   0.1725E-02   0.1871E-02   0.2097E-02   0.2299E-02   0.2524E-02   0.2775E-02   0.3054E-02   0.3351E-02   0.3693E-02   0.4144E-02   0.4447E-02   0.4971E-02   0.5394E-02   0.6121E-02   0.6702E-02   0.7685E-02   0.8491E-02   0.9846E-02   0.1101E-01   0.1294E-01   0.1470E-01   0.1759E-01   0.2105E-01   0.2114E-01   0.2117E-01   0.2588E-01   0.3086E-01   0.3892E-01   0.4835E-01   0.6361E-01   0.8307E-01   0.1143E+00   0.1532E+00   0.2173E+00   0.2950E+00   0.4865E+00   0.8841E+00   0.9484E+00   0.1008E+01   0.1035E+01   0.1051E+01   0.1062E+01   0.1070E+01   0.1076E+01   0.1080E+01   0.1084E+01   0.1086E+01   0.1088E+01   0.1090E+01   0.1091E+01   0.1092E+01   0.1093E+01   0.1094E+01   0.1094E+01   0.1095E+01   0.1095E+01   0.1096E+01   0.1096E+01   0.1164E+01   0.1175E+01   0.1183E+01   0.1188E+01   0.1192E+01   0.1196E+01   0.1199E+01   0.1201E+01   0.1204E+01   0.1206E+01   0.1208E+01   0.1209E+01   0.1211E+01   0.1212E+01   0.1214E+01   0.1215E+01   0.1216E+01   0.1217E+01   0.1218E+01   0.1219E+01   0.1219E+01   0.1220E+01   0.1221E+01   0.1221E+01   0.1222E+01   0.1223E+01   0.1223E+01   0.1224E+01   0.1224E+01   0.1224E+01
0.1755E+02   0.7807E-04   0.8338E-04   0.8473E-04   0.8550E-04   0.8701E-04   0.8896E-04   0.9179E-04   0.9542E-04   0.1000E-03   0.1056E-03   0.1122E-03   0.1201E-03   0.1291E-03   0.1395E-03   0.1513E-03   0.1647E-03   0.1797E-03   0.1965E-03   0.2151E-03   0.2357E-03   0.2585E-03   0.2836E-03   0.3112E-03   0.3414E-03   0.3744E-03   0.4104E-03   0.4497E-03   0.4924E-03   0.5389E-03   0.5895E-03   0.6444E-03   0.7040E-03   0.7688E-03   0.8391E-03   0.9155E-03   0.9986E-03   0.1089E-02   0.1187E-02   0.1294E-02   0.1412E-02   0.1540E-02   0.1678E-02   0.1827E-02   0.1983E-02   0.2224E-02   0.2439E-02   0.2679E-02   0.2947E-02   0.3247E-02   0.3570E-02   0.3939E-02   0.4389E-02   0.4790E-02   0.5271E-02   0.5877E-02   0.6511E-02   0.7348E-02   0.8217E-02   0.9377E-02   0.1061E-01   0.1227E-01   0.1409E-01   0.1658E-01   0.1943E-01   0.2408E-01   0.2418E-01   0.2422E-01   0.2912E-01   0.3610E-01   0.4506E-01   0.5828E-01   0.7627E-01   0.1034E+00   0.1397E+00   0.1949E+00   0.2678E+00   0.4195E+00   0.7450E+00   0.9260E+00   0.9872E+00   0.1026E+01   0.1046E+01   0.1058E+01   0.1067E+01   0.1074E+01   0.1079E+01   0.1083E+01   0.1085E+01   0.1088E+01   0.1090E+01   0.1091E+01   0.1092E+01   0.1093E+01   0.1094E+01   0.1094E+01   0.1095E+01   0.1095E+01   0.1096E+01   0.1096E+01   0.1096E+01   0.1164E+01   0.1176E+01   0.1183E+01   0.1188E+01   0.1192E+01   0.1196E+01   0.1199E+01   0.1201E+01   0.1204E+01   0.1206E+01   0.1208E+01   0.1210E+01   0.1211E+01   0.1213E+01   0.1214E+01   0.1215E+01   0.1216E+01   0.1217E+01   0.1218E+01   0.1219E+01   0.1220E+01   0.1220E+01   0.1221E+01   0.1222E+01   0.1222E+01   0.1223E+01   0.1223E+01   0.1224E+01   0.1224E+01   0.1225E+01
0.1777E+02   0.8142E-04   0.8738E-04   0.8926E-04   0.9054E-04   0.9259E-04   0.9512E-04   0.9854E-04   0.1028E-03   0.1081E-03   0.1143E-03   0.1217E-03   0.1303E-03   0.1402E-03   0.1515E-03   0.1643E-03   0.1786E-03   0.1947E-03   0.2126E-03   0.2324E-03   0.2543E-03   0.2785E-03   0.3050E-03   0.3341E-03   0.3660E-03   0.4008E-03   0.4387E-03   0.4801E-03   0.5251E-03   0.5740E-03   0.6272E-03   0.6849E-03   0.7477E-03   0.8158E-03   0.8899E-03   0.9703E-03   0.1058E-02   0.1153E-02   0.1257E-02   0.1370E-02   0.1494E-02   0.1629E-02   0.1776E-02   0.1935E-02   0.2100E-02   0.2356E-02   0.2586E-02   0.2842E-02   0.3130E-02   0.3452E-02   0.3800E-02   0.4199E-02   0.4687E-02   0.5124E-02   0.5650E-02   0.6314E-02   0.7014E-02   0.7938E-02   0.8909E-02   0.1020E-01   0.1160E-01   0.1348E-01   0.1557E-01   0.1844E-01   0.2180E-01   0.2723E-01   0.2733E-01   0.2737E-01   0.3328E-01   0.4175E-01   0.5294E-01   0.6947E-01   0.9248E-01   0.1261E+00   0.1725E+00   0.2406E+00   0.3525E+00   0.6059E+00   0.9035E+00   0.9664E+00   0.1016E+01   0.1040E+01   0.1055E+01   0.1064E+01   0.1072E+01   0.1077E+01   0.1081E+01   0.1085E+01   0.1087E+01   0.1089E+01   0.1091E+01   0.1092E+01   0.1093E+01   0.1094E+01   0.1094E+01   0.1095E+01   0.1095E+01   0.1096E+01   0.1096E+01   0.1097E+01   0.1097E+01   0.1164E+01   0.1176E+01   0.1183E+01   0.1188E+01   0.1193E+01   0.1196E+01   0.1199E+01   0.1202E+01   0.1204E+01   0.1206E+01   0.1208E+01   0.1210E+01   0.1211E+01   0.1213E+01   0.1214E+01   0.1215E+01   0.1216E+01   0.1217E+01   0.1218E+01   0.1219E+01   0.1220E+01   0.1221E+01   0.1221E+01   0.1222E+01   0.1223E+01   0.1223E+01   0.1224E+01   0.1224E+01   0.1225E+01   0.1225E+01
0.1798E+02   0.8487E-04   0.9153E-04   0.9395E-04   0.9577E-04   0.9838E-04   0.1015E-03   0.1056E-03   0.1105E-03   0.1164E-03   0.1234E-03   0.1316E-03   0.1410E-03   0.1518E-03   0.1640E-03   0.1777E-03   0.1931E-03   0.2102E-03   0.2293E-03   0.2504E-03   0.2736E-03   0.2992E-03   0.3272E-03   0.3580E-03   0.3916E-03   0.4282E-03   0.4682E-03   0.5117E-03   0.5590E-03   0.6105E-03   0.6664E-03   0.7271E-03   0.7931E-03   0.8648E-03   0.9427E-03   0.1027E-02   0.1120E-02   0.1220E-02   0.1329E-02   0.1449E-02   0.1580E-02   0.1724E-02   0.1879E-02   0.2047E-02   0.2223E-02   0.2496E-02   0.2742E-02   0.3016E-02   0.3325E-02   0.3672E-02   0.4044E-02   0.4476E-02   0.5046E-02   0.5447E-02   0.6120E-02   0.6697E-02   0.7649E-02   0.8464E-02   0.9786E-02   0.1096E-01   0.1285E-01   0.1462E-01   0.1745E-01   0.2028E-01   0.2477E-01   0.3050E-01   0.3061E-01   0.3065E-01   0.3851E-01   0.4788E-01   0.6287E-01   0.8213E-01   0.1128E+00   0.1514E+00   0.2141E+00   0.2912E+00   0.4771E+00   0.8644E+00   0.9454E+00   0.1005E+01   0.1034E+01   0.1051E+01   0.1062E+01   0.1070E+01   0.1076E+01   0.1080E+01   0.1084E+01   0.1086E+01   0.1088E+01   0.1090E+01   0.1091E+01   0.1092E+01   0.1093E+01   0.1094E+01   0.1095E+01   0.1095E+01   0.1096E+01   0.1096E+01   0.1096E+01   0.1097E+01   0.1097E+01   0.1165E+01   0.1176E+01   0.1183E+01   0.1189E+01   0.1193E+01   0.1196E+01   0.1199E+01   0.1202E+01   0.1204E+01   0.1207E+01   0.1208E+01   0.1210E+01   0.1212E+01   0.1213E+01   0.1214E+01   0.1216E+01   0.1217E+01   0.1218E+01   0.1219E+01   0.1220E+01   0.1220E+01   0.1221E+01   0.1222E+01   0.1222E+01   0.1223E+01   0.1223E+01   0.1224E+01   0.1224E+01   0.1225E+01   0.1225E+01
0.1820E+02   0.8850E-04   0.9589E-04   0.9889E-04   0.1013E-03   0.1045E-03   0.1083E-03   0.1130E-03   0.1186E-03   0.1253E-03   0.1331E-03   0.1421E-03   0.1524E-03   0.1641E-03   0.1773E-03   0.1920E-03   0.2085E-03   0.2268E-03   0.2471E-03   0.2695E-03   0.2942E-03   0.3213E-03   0.3510E-03   0.3834E-03   0.4189E-03   0.4576E-03   0.4997E-03   0.5455E-03   0.5954E-03   0.6496E-03   0.7084E-03   0.7724E-03   0.8419E-03   0.9174E-03   0.9995E-03   0.1089E-02   0.1186E-02   0.1292E-02   0.1408E-02   0.1535E-02   0.1673E-02   0.1826E-02   0.1991E-02   0.2170E-02   0.2358E-02   0.2650E-02   0.2913E-02   0.3207E-02   0.3540E-02   0.3914E-02   0.4320E-02   0.4790E-02   0.5370E-02   0.5887E-02   0.6527E-02   0.7321E-02   0.8197E-02   0.9323E-02   0.1056E-01   0.1218E-01   0.1401E-01   0.1645E-01   0.1930E-01   0.2318E-01   0.2795E-01   0.3558E-01   0.3569E-01   0.3573E-01   0.4458E-01   0.5752E-01   0.7532E-01   0.1019E+00   0.1378E+00   0.1918E+00   0.2640E+00   0.4101E+00   0.7253E+00   0.9229E+00   0.9844E+00   0.1025E+01   0.1045E+01   0.1058E+01   0.1067E+01   0.1074E+01   0.1079E+01   0.1083E+01   0.1086E+01   0.1088E+01   0.1090E+01   0.1091E+01   0.1092E+01   0.1093E+01   0.1094E+01   0.1095E+01   0.1095E+01   0.1096E+01   0.1096E+01   0.1096E+01   0.1097E+01   0.1097E+01   0.1097E+01   0.1165E+01   0.1176E+01   0.1184E+01   0.1189E+01   0.1193E+01   0.1197E+01   0.1200E+01   0.1202E+01   0.1205E+01   0.1207E+01   0.1209E+01   0.1210E+01   0.1212E+01   0.1213E+01   0.1215E+01   0.1216E+01   0.1217E+01   0.1218E+01   0.1219E+01   0.1220E+01   0.1221E+01   0.1221E+01   0.1222E+01   0.1223E+01   0.1223E+01   0.1224E+01   0.1224E+01   0.1225E+01   0.1225E+01   0.1226E+01
0.1842E+02   0.9223E-04   0.1004E-03   0.1040E-03   0.1070E-03   0.1109E-03   0.1153E-03   0.1207E-03   0.1270E-03   0.1345E-03   0.1431E-03   0.1530E-03   0.1642E-03   0.1768E-03   0.1910E-03   0.2068E-03   0.2245E-03   0.2440E-03   0.2656E-03   0.2894E-03   0.3155E-03   0.3442E-03   0.3755E-03   0.4098E-03   0.4472E-03   0.4879E-03   0.5323E-03   0.5805E-03   0.6330E-03   0.6900E-03   0.7520E-03   0.8193E-03   0.8925E-03   0.9720E-03   0.1059E-02   0.1153E-02   0.1255E-02   0.1367E-02   0.1490E-02   0.1624E-02   0.1771E-02   0.1933E-02   0.2108E-02   0.2299E-02   0.2500E-02   0.2811E-02   0.3093E-02   0.3410E-02   0.3768E-02   0.4172E-02   0.4613E-02   0.5123E-02   0.5748E-02   0.6330E-02   0.7017E-02   0.7923E-02   0.8866E-02   0.1016E-01   0.1152E-01   0.1340E-01   0.1544E-01   0.1831E-01   0.2158E-01   0.2624E-01   0.3189E-01   0.4117E-01   0.4129E-01   0.4134E-01   0.5217E-01   0.6850E-01   0.9095E-01   0.1242E+00   0.1694E+00   0.2369E+00   0.3431E+00   0.5862E+00   0.9004E+00   0.9636E+00   0.1015E+01   0.1040E+01   0.1054E+01   0.1064E+01   0.1072E+01   0.1077E+01   0.1081E+01   0.1085E+01   0.1087E+01   0.1089E+01   0.1091E+01   0.1092E+01   0.1093E+01   0.1094E+01   0.1094E+01   0.1095E+01   0.1095E+01   0.1096E+01   0.1096E+01   0.1097E+01   0.1097E+01   0.1097E+01   0.1097E+01   0.1165E+01   0.1177E+01   0.1184E+01   0.1189E+01   0.1193E+01   0.1197E+01   0.1200E+01   0.1203E+01   0.1205E+01   0.1207E+01   0.1209E+01   0.1211E+01   0.1212E+01   0.1214E+01   0.1215E+01   0.1216E+01   0.1217E+01   0.1218E+01   0.1219E+01   0.1220E+01   0.1221E+01   0.1222E+01   0.1222E+01   0.1223E+01   0.1223E+01   0.1224E+01   0.1224E+01   0.1225E+01   0.1225E+01   0.1226E+01
0.1863E+02   0.9610E-04   0.1051E-03   0.1093E-03   0.1129E-03   0.1174E-03   0.1225E-03   0.1287E-03   0.1358E-03   0.1441E-03   0.1535E-03   0.1643E-03   0.1765E-03   0.1901E-03   0.2053E-03   0.2223E-03   0.2411E-03   0.2619E-03   0.2849E-03   0.3101E-03   0.3378E-03   0.3680E-03   0.4012E-03   0.4373E-03   0.4767E-03   0.5196E-03   0.5664E-03   0.6171E-03   0.6724E-03   0.7324E-03   0.7976E-03   0.8684E-03   0.9455E-03   0.1029E-02   0.1120E-02   0.1220E-02   0.1328E-02   0.1447E-02   0.1576E-02   0.1718E-02   0.1874E-02   0.2046E-02   0.2232E-02   0.2437E-02   0.2650E-02   0.2984E-02   0.3286E-02   0.3627E-02   0.4014E-02   0.4451E-02   0.4927E-02   0.5483E-02   0.6218E-02   0.6761E-02   0.7648E-02   0.8456E-02   0.9739E-02   0.1092E-01   0.1277E-01   0.1455E-01   0.1732E-01   0.2016E-01   0.2455E-01   0.2943E-01   0.3700E-01   0.4736E-01   0.4749E-01   0.4754E-01   0.6209E-01   0.8116E-01   0.1113E+00   0.1495E+00   0.2110E+00   0.2874E+00   0.4676E+00   0.8446E+00   0.9423E+00   0.1002E+01   0.1033E+01   0.1050E+01   0.1061E+01   0.1069E+01   0.1076E+01   0.1080E+01   0.1084E+01   0.1086E+01   0.1089E+01   0.1090E+01   0.1092E+01   0.1093E+01   0.1093E+01   0.1094E+01   0.1095E+01   0.1095E+01   0.1096E+01   0.1096E+01   0.1097E+01   0.1097E+01   0.1097E+01   0.1098E+01   0.1098E+01   0.1165E+01   0.1177E+01   0.1184E+01   0.1189E+01   0.1194E+01   0.1197E+01   0.1200E+01   0.1203E+01   0.1205E+01   0.1207E+01   0.1209E+01   0.1211E+01   0.1212E+01   0.1214E+01   0.1215E+01   0.1216E+01   0.1217E+01   0.1218E+01   0.1219E+01   0.1220E+01   0.1221E+01   0.1222E+01   0.1222E+01   0.1223E+01   0.1224E+01   0.1224E+01   0.1225E+01   0.1225E+01   0.1226E+01   0.1226E+01
0.1885E+02   0.1001E-03   0.1100E-03   0.1149E-03   0.1192E-03   0.1244E-03   0.1302E-03   0.1372E-03   0.1451E-03   0.1542E-03   0.1646E-03   0.1763E-03   0.1895E-03   0.2042E-03   0.2205E-03   0.2387E-03   0.2588E-03   0.2809E-03   0.3053E-03   0.3321E-03   0.3614E-03   0.3934E-03   0.4284E-03   0.4665E-03   0.5081E-03   0.5534E-03   0.6026E-03   0.6561E-03   0.7143E-03   0.7775E-03   0.8462E-03   0.9209E-03   0.1002E-02   0.1091E-02   0.1187E-02   0.1292E-02   0.1406E-02   0.1532E-02   0.1669E-02   0.1820E-02   0.1986E-02   0.2169E-02   0.2368E-02   0.2586E-02   0.2815E-02   0.3173E-02   0.3499E-02   0.3866E-02   0.4285E-02   0.4760E-02   0.5282E-02   0.5890E-02   0.6654E-02   0.7339E-02   0.8215E-02   0.9288E-02   0.1053E-01   0.1211E-01   0.1394E-01   0.1632E-01   0.1917E-01   0.2296E-01   0.2772E-01   0.3426E-01   0.4290E-01   0.5671E-01   0.5685E-01   0.5690E-01   0.7434E-01   0.1003E+00   0.1359E+00   0.1886E+00   0.2603E+00   0.4006E+00   0.7056E+00   0.9199E+00   0.9816E+00   0.1023E+01   0.1045E+01   0.1058E+01   0.1067E+01   0.1074E+01   0.1079E+01   0.1083E+01   0.1086E+01   0.1088E+01   0.1090E+01   0.1091E+01   0.1092E+01   0.1093E+01   0.1094E+01   0.1095E+01   0.1095E+01   0.1096E+01   0.1096E+01   0.1097E+01   0.1097E+01   0.1097E+01   0.1098E+01   0.1098E+01   0.1098E+01   0.1166E+01   0.1177E+01   0.1184E+01   0.1190E+01   0.1194E+01   0.1197E+01   0.1200E+01   0.1203E+01   0.1205E+01   0.1207E+01   0.1209E+01   0.1211E+01   0.1213E+01   0.1214E+01   0.1215E+01   0.1217E+01   0.1218E+01   0.1219E+01   0.1220E+01   0.1220E+01   0.1221E+01   0.1222E+01   0.1223E+01   0.1223E+01   0.1224E+01   0.1224E+01   0.1225E+01   0.1225E+01   0.1226E+01   0.1226E+01
0.1907E+02   0.1043E-03   0.1150E-03   0.1206E-03   0.1256E-03   0.1316E-03   0.1382E-03   0.1459E-03   0.1547E-03   0.1647E-03   0.1760E-03   0.1887E-03   0.2029E-03   0.2187E-03   0.2362E-03   0.2556E-03   0.2770E-03   0.3006E-03   0.3264E-03   0.3547E-03   0.3857E-03   0.4196E-03   0.4565E-03   0.4968E-03   0.5406E-03   0.5882E-03   0.6401E-03   0.6964E-03   0.7577E-03   0.8242E-03   0.8966E-03   0.9753E-03   0.1061E-02   0.1154E-02   0.1256E-02   0.1367E-02   0.1488E-02   0.1621E-02   0.1766E-02   0.1926E-02   0.2103E-02   0.2297E-02   0.2510E-02   0.2743E-02   0.2989E-02   0.3373E-02   0.3723E-02   0.4120E-02   0.4573E-02   0.5089E-02   0.5660E-02   0.6326E-02   0.7146E-02   0.7940E-02   0.8868E-02   0.1014E-01   0.1146E-01   0.1334E-01   0.1532E-01   0.1819E-01   0.2137E-01   0.2601E-01   0.3151E-01   0.3966E-01   0.5008E-01   0.6748E-01   0.6763E-01   0.6769E-01   0.8937E-01   0.1222E+00   0.1662E+00   0.2331E+00   0.3336E+00   0.5664E+00   0.8974E+00   0.9608E+00   0.1014E+01   0.1039E+01   0.1054E+01   0.1064E+01   0.1072E+01   0.1077E+01   0.1082E+01   0.1085E+01   0.1087E+01   0.1089E+01   0.1091E+01   0.1092E+01   0.1093E+01   0.1094E+01   0.1095E+01   0.1095E+01   0.1096E+01   0.1096E+01   0.1097E+01   0.1097E+01   0.1097E+01   0.1098E+01   0.1098E+01   0.1098E+01   0.1098E+01   0.1166E+01   0.1177E+01   0.1184E+01   0.1190E+01   0.1194E+01   0.1197E+01   0.1200E+01   0.1203E+01   0.1205E+01   0.1208E+01   0.1209E+01   0.1211E+01   0.1213E+01   0.1214E+01   0.1216E+01   0.1217E+01   0.1218E+01   0.1219E+01   0.1220E+01   0.1221E+01   0.1221E+01   0.1222E+01   0.1223E+01   0.1223E+01   0.1224E+01   0.1225E+01   0.1225E+01   0.1226E+01   0.1226E+01   0.1226E+01
0.1928E+02   0.1087E-03   0.1202E-03   0.1266E-03   0.1323E-03   0.1391E-03   0.1465E-03   0.1550E-03   0.1647E-03   0.1757E-03   0.1879E-03   0.2017E-03   0.2170E-03   0.2339E-03   0.2527E-03   0.2734E-03   0.2962E-03   0.3212E-03   0.3486E-03   0.3786E-03   0.4113E-03   0.4471E-03   0.4861E-03   0.5285E-03   0.5747E-03   0.6249E-03   0.6795E-03   0.7389E-03   0.8034E-03   0.8735E-03   0.9497E-03   0.1033E-02   0.1123E-02   0.1221E-02   0.1329E-02   0.1446E-02   0.1574E-02   0.1715E-02   0.1869E-02   0.2039E-02   0.2227E-02   0.2435E-02   0.2662E-02   0.2912E-02   0.3176E-02   0.3589E-02   0.3967E-02   0.4397E-02   0.4890E-02   0.5453E-02   0.6073E-02   0.6806E-02   0.7777E-02   0.8535E-02   0.9737E-02   0.1091E-01   0.1270E-01   0.1449E-01   0.1719E-01   0.2004E-01   0.2434E-01   0.2921E-01   0.3663E-01   0.4570E-01   0.5979E-01   0.8015E-01   0.8031E-01   0.8037E-01   0.1097E+00   0.1475E+00   0.2079E+00   0.2837E+00   0.4582E+00   0.8249E+00   0.9393E+00   0.9995E+00   0.1032E+01   0.1049E+01   0.1061E+01   0.1069E+01   0.1075E+01   0.1080E+01   0.1084E+01   0.1086E+01   0.1089E+01   0.1090E+01   0.1092E+01   0.1093E+01   0.1094E+01   0.1094E+01   0.1095E+01   0.1095E+01   0.1096E+01   0.1096E+01   0.1097E+01   0.1097E+01   0.1097E+01   0.1098E+01   0.1098E+01   0.1098E+01   0.1098E+01   0.1166E+01   0.1177E+01   0.1185E+01   0.1190E+01   0.1194E+01   0.1198E+01   0.1201E+01   0.1203E+01   0.1206E+01   0.1208E+01   0.1210E+01   0.1211E+01   0.1213E+01   0.1214E+01   0.1216E+01   0.1217E+01   0.1218E+01   0.1219E+01   0.1220E+01   0.1221E+01   0.1222E+01   0.1222E+01   0.1223E+01   0.1224E+01   0.1224E+01   0.1225E+01   0.1225E+01   0.1226E+01   0.1226E+01   0.1227E+01
0.1950E+02   0.1132E-03   0.1257E-03   0.1329E-03   0.1394E-03   0.1469E-03   0.1552E-03   0.1646E-03   0.1752E-03   0.1872E-03   0.2005E-03   0.2153E-03   0.2318E-03   0.2500E-03   0.2700E-03   0.2921E-03   0.3163E-03   0.3429E-03   0.3720E-03   0.4037E-03   0.4384E-03   0.4761E-03   0.5173E-03   0.5621E-03   0.6108E-03   0.6637E-03   0.7213E-03   0.7838E-03   0.8518E-03   0.9258E-03   0.1006E-02   0.1094E-02   0.1189E-02   0.1293E-02   0.1407E-02   0.1531E-02   0.1667E-02   0.1816E-02   0.1980E-02   0.2161E-02   0.2362E-02   0.2584E-02   0.2827E-02   0.3096E-02   0.3380E-02   0.3825E-02   0.4235E-02   0.4702E-02   0.5239E-02   0.5855E-02   0.6539E-02   0.7348E-02   0.8380E-02   0.9315E-02   0.1055E-01   0.1206E-01   0.1389E-01   0.1620E-01   0.1906E-01   0.2276E-01   0.2750E-01   0.3388E-01   0.4246E-01   0.5457E-01   0.7157E-01   0.9845E-01   0.9862E-01   0.9869E-01   0.1339E+00   0.1854E+00   0.2565E+00   0.3912E+00   0.6859E+00   0.9169E+00   0.9788E+00   0.1022E+01   0.1044E+01   0.1057E+01   0.1067E+01   0.1074E+01   0.1079E+01   0.1083E+01   0.1086E+01   0.1088E+01   0.1090E+01   0.1091E+01   0.1092E+01   0.1093E+01   0.1094E+01   0.1095E+01   0.1095E+01   0.1096E+01   0.1096E+01   0.1097E+01   0.1097E+01   0.1097E+01   0.1098E+01   0.1098E+01   0.1098E+01   0.1099E+01   0.1099E+01   0.1166E+01   0.1178E+01   0.1185E+01   0.1190E+01   0.1194E+01   0.1198E+01   0.1201E+01   0.1203E+01   0.1206E+01   0.1208E+01   0.1210E+01   0.1212E+01   0.1213E+01   0.1215E+01   0.1216E+01   0.1217E+01   0.1218E+01   0.1219E+01   0.1220E+01   0.1221E+01   0.1222E+01   0.1223E+01   0.1223E+01   0.1224E+01   0.1224E+01   0.1225E+01   0.1225E+01   0.1226E+01   0.1226E+01   0.1227E+01
0.1972E+02   0.1178E-03   0.1314E-03   0.1393E-03   0.1466E-03   0.1550E-03   0.1641E-03   0.1745E-03   0.1861E-03   0.1991E-03   0.2135E-03   0.2294E-03   0.2471E-03   0.2665E-03   0.2879E-03   0.3114E-03   0.3372E-03   0.3653E-03   0.3961E-03   0.4297E-03   0.4663E-03   0.5062E-03   0.5495E-03   0.5967E-03   0.6481E-03   0.7038E-03   0.7645E-03   0.8304E-03   0.9020E-03   0.9799E-03   0.1065E-02   0.1157E-02   0.1258E-02   0.1368E-02   0.1488E-02   0.1619E-02   0.1763E-02   0.1922E-02   0.2096E-02   0.2289E-02   0.2503E-02   0.2741E-02   0.3001E-02   0.3289E-02   0.3595E-02   0.4075E-02   0.4519E-02   0.5026E-02   0.5611E-02   0.6284E-02   0.7039E-02   0.7931E-02   0.9038E-02   0.1015E-01   0.1145E-01   0.1330E-01   0.1523E-01   0.1808E-01   0.2118E-01   0.2579E-01   0.3115E-01   0.3922E-01   0.4936E-01   0.6491E-01   0.8565E-01   0.1195E+00   0.1197E+00   0.1198E+00   0.1630E+00   0.2291E+00   0.3242E+00   0.5467E+00   0.8945E+00   0.9581E+00   0.1013E+01   0.1039E+01   0.1054E+01   0.1064E+01   0.1072E+01   0.1077E+01   0.1082E+01   0.1085E+01   0.1087E+01   0.1089E+01   0.1091E+01   0.1092E+01   0.1093E+01   0.1094E+01   0.1095E+01   0.1095E+01   0.1096E+01   0.1096E+01   0.1097E+01   0.1097E+01   0.1098E+01   0.1098E+01   0.1098E+01   0.1098E+01   0.1099E+01   0.1099E+01   0.1099E+01   0.1166E+01   0.1178E+01   0.1185E+01   0.1190E+01   0.1195E+01   0.1198E+01   0.1201E+01   0.1204E+01   0.1206E+01   0.1208E+01   0.1210E+01   0.1212E+01   0.1213E+01   0.1215E+01   0.1216E+01   0.1217E+01   0.1218E+01   0.1219E+01   0.1220E+01   0.1221E+01   0.1222E+01   0.1223E+01   0.1223E+01   0.1224E+01   0.1225E+01   0.1225E+01   0.1226E+01   0.1226E+01   0.1227E+01   0.1227E+01
0.1993E+02   0.1227E-03   0.1373E-03   0.1461E-03   0.1542E-03   0.1635E-03   0.1736E-03   0.1850E-03   0.1976E-03   0.2116E-03   0.2271E-03   0.2443E-03   0.2632E-03   0.2840E-03   0.3068E-03   0.3318E-03   0.3591E-03   0.3890E-03   0.4216E-03   0.4571E-03   0.4958E-03   0.5379E-03   0.5836E-03   0.6334E-03   0.6875E-03   0.7463E-03   0.8102E-03   0.8797E-03   0.9552E-03   0.1037E-02   0.1127E-02   0.1224E-02   0.1331E-02   0.1447E-02   0.1574E-02   0.1714E-02   0.1867E-02   0.2035E-02   0.2221E-02   0.2427E-02   0.2656E-02   0.2910E-02   0.3190E-02   0.3501E-02   0.3831E-02   0.4350E-02   0.4833E-02   0.5386E-02   0.6027E-02   0.6768E-02   0.7597E-02   0.8589E-02   0.9909E-02   0.1101E-01   0.1270E-01   0.1446E-01   0.1709E-01   0.1993E-01   0.2415E-01   0.2899E-01   0.3626E-01   0.4527E-01   0.5907E-01   0.7731E-01   0.1053E+00   0.1441E+00   0.1443E+00   0.1444E+00   0.2044E+00   0.2797E+00   0.4487E+00   0.8051E+00   0.9362E+00   0.9967E+00   0.1031E+01   0.1049E+01   0.1060E+01   0.1069E+01   0.1075E+01   0.1080E+01   0.1084E+01   0.1087E+01   0.1089E+01   0.1090E+01   0.1092E+01   0.1093E+01   0.1094E+01   0.1094E+01   0.1095E+01   0.1096E+01   0.1096E+01   0.1097E+01   0.1097E+01   0.1097E+01   0.1098E+01   0.1098E+01   0.1098E+01   0.1098E+01   0.1099E+01   0.1099E+01   0.1099E+01   0.1166E+01   0.1178E+01   0.1185E+01   0.1190E+01   0.1194E+01   0.1198E+01   0.1201E+01   0.1204E+01   0.1206E+01   0.1208E+01   0.1210E+01   0.1212E+01   0.1213E+01   0.1215E+01   0.1216E+01   0.1217E+01   0.1218E+01   0.1219E+01   0.1220E+01   0.1221E+01   0.1222E+01   0.1223E+01   0.1223E+01   0.1224E+01   0.1225E+01   0.1225E+01   0.1226E+01   0.1226E+01   0.1226E+01   0.1227E+01
0.2015E+02   0.1277E-03   0.1435E-03   0.1531E-03   0.1622E-03   0.1724E-03   0.1834E-03   0.1958E-03   0.2095E-03   0.2247E-03   0.2414E-03   0.2598E-03   0.2801E-03   0.3023E-03   0.3266E-03   0.3531E-03   0.3821E-03   0.4138E-03   0.4483E-03   0.4858E-03   0.5267E-03   0.5711E-03   0.6195E-03   0.6720E-03   0.7290E-03   0.7910E-03   0.8584E-03   0.9317E-03   0.1011E-02   0.1098E-02   0.1193E-02   0.1296E-02   0.1408E-02   0.1531E-02   0.1666E-02   0.1814E-02   0.1977E-02   0.2157E-02   0.2355E-02   0.2575E-02   0.2820E-02   0.3093E-02   0.3395E-02   0.3730E-02   0.4088E-02   0.4651E-02   0.5177E-02   0.5782E-02   0.6486E-02   0.7304E-02   0.8226E-02   0.9331E-02   0.1077E-01   0.1210E-01   0.1391E-01   0.1612E-01   0.1897E-01   0.2257E-01   0.2729E-01   0.3353E-01   0.4203E-01   0.5386E-01   0.7065E-01   0.9474E-01   0.1281E+00   0.1795E+00   0.1797E+00   0.1799E+00   0.2522E+00   0.3817E+00   0.6666E+00   0.9143E+00   0.9765E+00   0.1022E+01   0.1044E+01   0.1057E+01   0.1067E+01   0.1074E+01   0.1079E+01   0.1083E+01   0.1086E+01   0.1089E+01   0.1090E+01   0.1092E+01   0.1093E+01   0.1094E+01   0.1095E+01   0.1096E+01   0.1096E+01   0.1097E+01   0.1097E+01   0.1097E+01   0.1098E+01   0.1098E+01   0.1098E+01   0.1099E+01   0.1099E+01   0.1099E+01   0.1099E+01   0.1100E+01   0.1100E+01   0.1167E+01   0.1178E+01   0.1186E+01   0.1191E+01   0.1195E+01   0.1199E+01   0.1202E+01   0.1204E+01   0.1207E+01   0.1209E+01   0.1211E+01   0.1212E+01   0.1214E+01   0.1215E+01   0.1217E+01   0.1218E+01   0.1219E+01   0.1220E+01   0.1221E+01   0.1222E+01   0.1223E+01   0.1223E+01   0.1224E+01   0.1225E+01   0.1225E+01   0.1226E+01   0.1226E+01   0.1227E+01   0.1227E+01   0.1228E+01
0.2037E+02   0.1329E-03   0.1498E-03   0.1604E-03   0.1703E-03   0.1815E-03   0.1936E-03   0.2070E-03   0.2218E-03   0.2382E-03   0.2561E-03   0.2759E-03   0.2975E-03   0.3211E-03   0.3469E-03   0.3751E-03   0.4059E-03   0.4394E-03   0.4758E-03   0.5155E-03   0.5586E-03   0.6055E-03   0.6565E-03   0.7118E-03   0.7720E-03   0.8373E-03   0.9083E-03   0.9856E-03   0.1070E-02   0.1161E-02   0.1261E-02   0.1370E-02   0.1489E-02   0.1619E-02   0.1762E-02   0.1919E-02   0.2092E-02   0.2283E-02   0.2495E-02   0.2730E-02   0.2993E-02   0.3286E-02   0.3611E-02   0.3972E-02   0.4360E-02   0.4970E-02   0.5543E-02   0.6205E-02   0.6977E-02   0.7878E-02   0.8905E-02   0.1013E-01   0.1168E-01   0.1331E-01   0.1521E-01   0.1800E-01   0.2102E-01   0.2559E-01   0.3080E-01   0.3880E-01   0.4865E-01   0.6399E-01   0.8418E-01   0.1151E+00   0.1548E+00   0.2215E+00   0.2218E+00   0.2219E+00   0.3141E+00   0.5272E+00   0.8924E+00   0.9563E+00   0.1013E+01   0.1039E+01   0.1054E+01   0.1065E+01   0.1072E+01   0.1078E+01   0.1083E+01   0.1086E+01   0.1089E+01   0.1091E+01   0.1092E+01   0.1093E+01   0.1094E+01   0.1095E+01   0.1096E+01   0.1097E+01   0.1097E+01   0.1098E+01   0.1098E+01   0.1098E+01   0.1099E+01   0.1099E+01   0.1099E+01   0.1100E+01   0.1100E+01   0.1100E+01   0.1100E+01   0.1100E+01   0.1101E+01   0.1168E+01   0.1179E+01   0.1186E+01   0.1192E+01   0.1196E+01   0.1199E+01   0.1202E+01   0.1205E+01   0.1207E+01   0.1209E+01   0.1211E+01   0.1213E+01   0.1215E+01   0.1216E+01   0.1217E+01   0.1219E+01   0.1220E+01   0.1221E+01   0.1222E+01   0.1222E+01   0.1223E+01   0.1224E+01   0.1225E+01   0.1225E+01   0.1226E+01   0.1226E+01   0.1227E+01   0.1227E+01   0.1228E+01   0.1228E+01
0.2058E+02   0.1384E-03   0.1565E-03   0.1680E-03   0.1790E-03   0.1912E-03   0.2043E-03   0.2189E-03   0.2349E-03   0.2525E-03   0.2717E-03   0.2928E-03   0.3159E-03   0.3411E-03   0.3685E-03   0.3985E-03   0.4311E-03   0.4665E-03   0.5051E-03   0.5470E-03   0.5926E-03   0.6421E-03   0.6959E-03   0.7542E-03   0.8177E-03   0.8866E-03   0.9616E-03   0.1043E-02   0.1132E-02   0.1229E-02   0.1334E-02   0.1450E-02   0.1576E-02   0.1714E-02   0.1866E-02   0.2033E-02   0.2217E-02   0.2421E-02   0.2648E-02   0.2900E-02   0.3182E-02   0.3498E-02   0.3849E-02   0.4241E-02   0.4663E-02   0.5328E-02   0.5956E-02   0.6684E-02   0.7538E-02   0.8540E-02   0.9681E-02   0.1107E-01   0.1293E-01   0.1458E-01   0.1707E-01   0.1987E-01   0.2398E-01   0.2880E-01   0.3592E-01   0.4485E-01   0.5837E-01   0.7640E-01   0.1038E+00   0.1394E+00   0.1945E+00   0.2730E+00   0.2733E+00   0.2734E+00   0.4385E+00   0.7850E+00   0.9328E+00   0.9935E+00   0.1029E+01   0.1048E+01   0.1060E+01   0.1068E+01   0.1075E+01   0.1080E+01   0.1083E+01   0.1086E+01   0.1088E+01   0.1090E+01   0.1091E+01   0.1093E+01   0.1093E+01   0.1094E+01   0.1095E+01   0.1095E+01   0.1096E+01   0.1096E+01   0.1097E+01   0.1097E+01   0.1097E+01   0.1098E+01   0.1098E+01   0.1098E+01   0.1099E+01   0.1099E+01   0.1099E+01   0.1099E+01   0.1099E+01   0.1166E+01   0.1178E+01   0.1185E+01   0.1190E+01   0.1194E+01   0.1198E+01   0.1201E+01   0.1204E+01   0.1206E+01   0.1208E+01   0.1210E+01   0.1212E+01   0.1213E+01   0.1215E+01   0.1216E+01   0.1217E+01   0.1218E+01   0.1219E+01   0.1220E+01   0.1221E+01   0.1222E+01   0.1223E+01   0.1223E+01   0.1224E+01   0.1224E+01   0.1225E+01   0.1226E+01   0.1226E+01   0.1226E+01   0.1227E+01
0.2080E+02   0.1441E-03   0.1634E-03   0.1759E-03   0.1879E-03   0.2012E-03   0.2154E-03   0.2312E-03   0.2484E-03   0.2673E-03   0.2879E-03   0.3105E-03   0.3351E-03   0.3619E-03   0.3911E-03   0.4228E-03   0.4573E-03   0.4949E-03   0.5357E-03   0.5800E-03   0.6281E-03   0.6803E-03   0.7370E-03   0.7986E-03   0.8656E-03   0.9383E-03   0.1017E-02   0.1104E-02   0.1197E-02   0.1300E-02   0.1411E-02   0.1533E-02   0.1667E-02   0.1814E-02   0.1976E-02   0.2153E-02   0.2350E-02   0.2568E-02   0.2811E-02   0.3081E-02   0.3385E-02   0.3727E-02   0.4107E-02   0.4533E-02   0.4992E-02   0.5718E-02   0.6408E-02   0.7211E-02   0.8157E-02   0.9274E-02   0.1056E-01   0.1212E-01   0.1419E-01   0.1618E-01   0.1897E-01   0.2243E-01   0.2712E-01   0.3319E-01   0.4162E-01   0.5316E-01   0.6975E-01   0.9328E-01   0.1263E+00   0.1731E+00   0.2407E+00   0.3746E+00   0.3750E+00   0.3751E+00   0.6504E+00   0.9151E+00   0.9774E+00   0.1024E+01   0.1047E+01   0.1061E+01   0.1070E+01   0.1078E+01   0.1083E+01   0.1087E+01   0.1090E+01   0.1092E+01   0.1094E+01   0.1096E+01   0.1097E+01   0.1098E+01   0.1099E+01   0.1099E+01   0.1100E+01   0.1101E+01   0.1101E+01   0.1101E+01   0.1102E+01   0.1102E+01   0.1102E+01   0.1103E+01   0.1103E+01   0.1103E+01   0.1103E+01   0.1104E+01   0.1104E+01   0.1104E+01   0.1104E+01   0.1171E+01   0.1183E+01   0.1190E+01   0.1195E+01   0.1199E+01   0.1203E+01   0.1206E+01   0.1209E+01   0.1211E+01   0.1213E+01   0.1215E+01   0.1217E+01   0.1218E+01   0.1220E+01   0.1221E+01   0.1222E+01   0.1223E+01   0.1224E+01   0.1225E+01   0.1226E+01   0.1227E+01   0.1228E+01   0.1228E+01   0.1229E+01   0.1230E+01   0.1230E+01   0.1231E+01   0.1231E+01   0.1231E+01   0.1232E+01
0.2102E+02   0.1498E-03   0.1704E-03   0.1841E-03   0.1971E-03   0.2115E-03   0.2269E-03   0.2439E-03   0.2624E-03   0.2826E-03   0.3046E-03   0.3287E-03   0.3548E-03   0.3833E-03   0.4143E-03   0.4479E-03   0.4844E-03   0.5241E-03   0.5672E-03   0.6139E-03   0.6647E-03   0.7198E-03   0.7796E-03   0.8445E-03   0.9151E-03   0.9918E-03   0.1075E-02   0.1166E-02   0.1265E-02   0.1373E-02   0.1491E-02   0.1621E-02   0.1763E-02   0.1918E-02   0.2090E-02   0.2279E-02   0.2489E-02   0.2722E-02   0.2982E-02   0.3272E-02   0.3599E-02   0.3968E-02   0.4379E-02   0.4841E-02   0.5341E-02   0.6134E-02   0.6890E-02   0.7775E-02   0.8823E-02   0.1007E-01   0.1151E-01   0.1327E-01   0.1552E-01   0.1800E-01   0.2096E-01   0.2543E-01   0.3050E-01   0.3840E-01   0.4797E-01   0.6309E-01   0.8273E-01   0.1133E+00   0.1518E+00   0.2136E+00   0.2969E+00   0.5152E+00   0.5156E+00   0.5158E+00   0.8989E+00   0.9636E+00   0.1022E+01   0.1049E+01   0.1064E+01   0.1075E+01   0.1083E+01   0.1088E+01   0.1093E+01   0.1096E+01   0.1099E+01   0.1101E+01   0.1102E+01   0.1104E+01   0.1105E+01   0.1106E+01   0.1106E+01   0.1107E+01   0.1107E+01   0.1108E+01   0.1108E+01   0.1109E+01   0.1109E+01   0.1109E+01   0.1110E+01   0.1110E+01   0.1110E+01   0.1110E+01   0.1111E+01   0.1111E+01   0.1111E+01   0.1111E+01   0.1111E+01   0.1179E+01   0.1190E+01   0.1197E+01   0.1203E+01   0.1207E+01   0.1210E+01   0.1213E+01   0.1216E+01   0.1218E+01   0.1221E+01   0.1222E+01   0.1224E+01   0.1226E+01   0.1227E+01   0.1229E+01   0.1230E+01   0.1231E+01   0.1232E+01   0.1233E+01   0.1234E+01   0.1234E+01   0.1235E+01   0.1236E+01   0.1236E+01   0.1237E+01   0.1238E+01   0.1238E+01   0.1238E+01   0.1239E+01   0.1239E+01
0.2123E+02   0.1560E-03   0.1780E-03   0.1927E-03   0.2069E-03   0.2225E-03   0.2391E-03   0.2574E-03   0.2772E-03   0.2989E-03   0.3224E-03   0.3481E-03   0.3759E-03   0.4062E-03   0.4390E-03   0.4747E-03   0.5133E-03   0.5553E-03   0.6008E-03   0.6502E-03   0.7039E-03   0.7620E-03   0.8252E-03   0.8937E-03   0.9683E-03   0.1049E-02   0.1138E-02   0.1234E-02   0.1338E-02   0.1453E-02   0.1578E-02   0.1715E-02   0.1866E-02   0.2032E-02   0.2215E-02   0.2418E-02   0.2642E-02   0.2892E-02   0.3171E-02   0.3485E-02   0.3838E-02   0.4238E-02   0.4685E-02   0.5191E-02   0.5739E-02   0.6611E-02   0.7447E-02   0.8432E-02   0.9604E-02   0.1100E-01   0.1263E-01   0.1465E-01   0.1739E-01   0.2002E-01   0.2393E-01   0.2867E-01   0.3562E-01   0.4446E-01   0.5769E-01   0.7552E-01   0.1024E+00   0.1376E+00   0.1915E+00   0.2640E+00   0.4241E+00   0.7471E+00   0.7477E+00   0.7480E+00   0.9286E+00   0.9899E+00   0.1027E+01   0.1047E+01   0.1059E+01   0.1068E+01   0.1074E+01   0.1079E+01   0.1083E+01   0.1086E+01   0.1088E+01   0.1090E+01   0.1091E+01   0.1092E+01   0.1093E+01   0.1094E+01   0.1094E+01   0.1095E+01   0.1095E+01   0.1096E+01   0.1096E+01   0.1097E+01   0.1097E+01   0.1097E+01   0.1098E+01   0.1098E+01   0.1098E+01   0.1098E+01   0.1098E+01   0.1099E+01   0.1099E+01   0.1099E+01   0.1099E+01   0.1167E+01   0.1179E+01   0.1186E+01   0.1191E+01   0.1195E+01   0.1199E+01   0.1202E+01   0.1205E+01   0.1207E+01   0.1209E+01   0.1211E+01   0.1213E+01   0.1214E+01   0.1216E+01   0.1217E+01   0.1218E+01   0.1219E+01   0.1220E+01   0.1221E+01   0.1222E+01   0.1223E+01   0.1224E+01   0.1224E+01   0.1225E+01   0.1226E+01   0.1226E+01   0.1227E+01   0.1227E+01   0.1227E+01   0.1228E+01
0.2145E+02   0.1623E-03   0.1857E-03   0.2017E-03   0.2169E-03   0.2338E-03   0.2517E-03   0.2713E-03   0.2926E-03   0.3157E-03   0.3408E-03   0.3681E-03   0.3977E-03   0.4298E-03   0.4646E-03   0.5024E-03   0.5433E-03   0.5877E-03   0.6358E-03   0.6880E-03   0.7446E-03   0.8060E-03   0.8726E-03   0.9450E-03   0.1024E-02   0.1109E-02   0.1203E-02   0.1304E-02   0.1415E-02   0.1536E-02   0.1669E-02   0.1815E-02   0.1975E-02   0.2152E-02   0.2347E-02   0.2563E-02   0.2804E-02   0.3072E-02   0.3373E-02   0.3711E-02   0.4093E-02   0.4528E-02   0.5015E-02   0.5568E-02   0.6170E-02   0.7129E-02   0.8056E-02   0.9153E-02   0.1047E-01   0.1204E-01   0.1390E-01   0.1621E-01   0.1935E-01   0.2250E-01   0.2706E-01   0.3292E-01   0.4126E-01   0.5250E-01   0.6887E-01   0.9185E-01   0.1246E+00   0.1702E+00   0.2369E+00   0.3557E+00   0.6111E+00   0.8822E+00   0.8830E+00   0.8833E+00   0.9616E+00   0.1010E+01   0.1034E+01   0.1048E+01   0.1058E+01   0.1065E+01   0.1070E+01   0.1074E+01   0.1077E+01   0.1080E+01   0.1082E+01   0.1083E+01   0.1084E+01   0.1085E+01   0.1086E+01   0.1087E+01   0.1088E+01   0.1088E+01   0.1088E+01   0.1089E+01   0.1089E+01   0.1090E+01   0.1090E+01   0.1090E+01   0.1090E+01   0.1091E+01   0.1091E+01   0.1091E+01   0.1091E+01   0.1092E+01   0.1092E+01   0.1092E+01   0.1092E+01   0.1160E+01   0.1172E+01   0.1179E+01   0.1184E+01   0.1189E+01   0.1192E+01   0.1195E+01   0.1198E+01   0.1200E+01   0.1202E+01   0.1204E+01   0.1206E+01   0.1208E+01   0.1209E+01   0.1210E+01   0.1212E+01   0.1213E+01   0.1214E+01   0.1215E+01   0.1215E+01   0.1216E+01   0.1217E+01   0.1218E+01   0.1218E+01   0.1219E+01   0.1219E+01   0.1220E+01   0.1220E+01   0.1221E+01   0.1221E+01
0.2167E+02   0.1688E-03   0.1937E-03   0.2108E-03   0.2273E-03   0.2454E-03   0.2646E-03   0.2856E-03   0.3083E-03   0.3330E-03   0.3598E-03   0.3888E-03   0.4202E-03   0.4542E-03   0.4911E-03   0.5310E-03   0.5742E-03   0.6211E-03   0.6719E-03   0.7269E-03   0.7866E-03   0.8513E-03   0.9216E-03   0.9980E-03   0.1081E-02   0.1171E-02   0.1270E-02   0.1377E-02   0.1495E-02   0.1623E-02   0.1764E-02   0.1919E-02   0.2089E-02   0.2277E-02   0.2485E-02   0.2716E-02   0.2974E-02   0.3262E-02   0.3585E-02   0.3950E-02   0.4363E-02   0.4834E-02   0.5365E-02   0.5969E-02   0.6630E-02   0.7684E-02   0.8709E-02   0.9929E-02   0.1140E-01   0.1317E-01   0.1529E-01   0.1792E-01   0.2138E-01   0.2539E-01   0.3034E-01   0.3806E-01   0.4736E-01   0.6223E-01   0.8131E-01   0.1115E+00   0.1488E+00   0.2099E+00   0.2873E+00   0.4829E+00   0.8492E+00   0.9344E+00   0.9352E+00   0.9355E+00   0.9974E+00   0.1025E+01   0.1041E+01   0.1052E+01   0.1060E+01   0.1066E+01   0.1070E+01   0.1074E+01   0.1076E+01   0.1078E+01   0.1080E+01   0.1081E+01   0.1082E+01   0.1083E+01   0.1084E+01   0.1084E+01   0.1085E+01   0.1085E+01   0.1086E+01   0.1086E+01   0.1087E+01   0.1087E+01   0.1087E+01   0.1087E+01   0.1088E+01   0.1088E+01   0.1088E+01   0.1088E+01   0.1089E+01   0.1089E+01   0.1089E+01   0.1089E+01   0.1089E+01   0.1158E+01   0.1169E+01   0.1176E+01   0.1182E+01   0.1186E+01   0.1190E+01   0.1193E+01   0.1195E+01   0.1198E+01   0.1200E+01   0.1202E+01   0.1203E+01   0.1205E+01   0.1206E+01   0.1208E+01   0.1209E+01   0.1210E+01   0.1211E+01   0.1212E+01   0.1213E+01   0.1214E+01   0.1214E+01   0.1215E+01   0.1216E+01   0.1216E+01   0.1217E+01   0.1217E+01   0.1218E+01   0.1218E+01   0.1219E+01
0.2188E+02   0.1758E-03   0.2022E-03   0.2206E-03   0.2384E-03   0.2579E-03   0.2785E-03   0.3010E-03   0.3253E-03   0.3516E-03   0.3801E-03   0.4109E-03   0.4443E-03   0.4804E-03   0.5194E-03   0.5617E-03   0.6075E-03   0.6570E-03   0.7107E-03   0.7688E-03   0.8319E-03   0.9003E-03   0.9746E-03   0.1055E-02   0.1143E-02   0.1239E-02   0.1343E-02   0.1457E-02   0.1581E-02   0.1718E-02   0.1868E-02   0.2032E-02   0.2214E-02   0.2415E-02   0.2638E-02   0.2886E-02   0.3163E-02   0.3474E-02   0.3824E-02   0.4220E-02   0.4670E-02   0.5185E-02   0.5768E-02   0.6434E-02   0.7166E-02   0.8337E-02   0.9486E-02   0.1086E-01   0.1253E-01   0.1456E-01   0.1699E-01   0.2008E-01   0.2436E-01   0.2883E-01   0.3546E-01   0.4415E-01   0.5707E-01   0.7467E-01   0.1010E+00   0.1358E+00   0.1886E+00   0.2603E+00   0.4146E+00   0.7211E+00   0.8999E+00   0.9716E+00   0.9724E+00   0.9728E+00   0.1013E+01   0.1034E+01   0.1046E+01   0.1055E+01   0.1062E+01   0.1067E+01   0.1070E+01   0.1073E+01   0.1076E+01   0.1077E+01   0.1079E+01   0.1080E+01   0.1081E+01   0.1082E+01   0.1082E+01   0.1083E+01   0.1083E+01   0.1084E+01   0.1084E+01   0.1084E+01   0.1085E+01   0.1085E+01   0.1085E+01   0.1086E+01   0.1086E+01   0.1086E+01   0.1086E+01   0.1087E+01   0.1087E+01   0.1087E+01   0.1087E+01   0.1087E+01   0.1087E+01   0.1156E+01   0.1167E+01   0.1174E+01   0.1180E+01   0.1184E+01   0.1187E+01   0.1190E+01   0.1193E+01   0.1195E+01   0.1197E+01   0.1199E+01   0.1201E+01   0.1203E+01   0.1204E+01   0.1205E+01   0.1207E+01   0.1208E+01   0.1209E+01   0.1210E+01   0.1211E+01   0.1211E+01   0.1212E+01   0.1213E+01   0.1213E+01   0.1214E+01   0.1215E+01   0.1215E+01   0.1215E+01   0.1216E+01   0.1216E+01
0.2210E+02   0.1829E-03   0.2109E-03   0.2306E-03   0.2497E-03   0.2706E-03   0.2927E-03   0.3168E-03   0.3426E-03   0.3707E-03   0.4010E-03   0.4337E-03   0.4691E-03   0.5073E-03   0.5487E-03   0.5934E-03   0.6417E-03   0.6941E-03   0.7508E-03   0.8122E-03   0.8788E-03   0.9510E-03   0.1030E-02   0.1115E-02   0.1208E-02   0.1309E-02   0.1419E-02   0.1540E-02   0.1672E-02   0.1817E-02   0.1976E-02   0.2151E-02   0.2345E-02   0.2560E-02   0.2799E-02   0.3065E-02   0.3363E-02   0.3698E-02   0.4077E-02   0.4507E-02   0.4997E-02   0.5560E-02   0.6200E-02   0.6934E-02   0.7746E-02   0.9045E-02   0.1033E-01   0.1188E-01   0.1377E-01   0.1610E-01   0.1891E-01   0.2252E-01   0.2757E-01   0.3299E-01   0.4106E-01   0.5192E-01   0.6806E-01   0.9046E-01   0.1228E+00   0.1673E+00   0.2333E+00   0.3462E+00   0.5930E+00   0.8728E+00   0.9451E+00   0.1000E+01   0.1001E+01   0.1001E+01   0.1027E+01   0.1041E+01   0.1051E+01   0.1059E+01   0.1064E+01   0.1068E+01   0.1071E+01   0.1074E+01   0.1076E+01   0.1077E+01   0.1078E+01   0.1079E+01   0.1080E+01   0.1081E+01   0.1082E+01   0.1082E+01   0.1082E+01   0.1083E+01   0.1083E+01   0.1084E+01   0.1084E+01   0.1084E+01   0.1084E+01   0.1085E+01   0.1085E+01   0.1085E+01   0.1085E+01   0.1086E+01   0.1086E+01   0.1086E+01   0.1086E+01   0.1086E+01   0.1086E+01   0.1154E+01   0.1166E+01   0.1173E+01   0.1178E+01   0.1183E+01   0.1186E+01   0.1189E+01   0.1192E+01   0.1194E+01   0.1196E+01   0.1198E+01   0.1200E+01   0.1201E+01   0.1203E+01   0.1204E+01   0.1205E+01   0.1206E+01   0.1207E+01   0.1208E+01   0.1209E+01   0.1210E+01   0.1211E+01   0.1211E+01   0.1212E+01   0.1213E+01   0.1213E+01   0.1214E+01   0.1214E+01   0.1215E+01   0.1215E+01
0.2232E+02   0.1902E-03   0.2198E-03   0.2409E-03   0.2614E-03   0.2838E-03   0.3074E-03   0.3330E-03   0.3606E-03   0.3904E-03   0.4226E-03   0.4573E-03   0.4947E-03   0.5352E-03   0.5789E-03   0.6262E-03   0.6773E-03   0.7325E-03   0.7924E-03   0.8572E-03   0.9275E-03   0.1004E-02   0.1087E-02   0.1177E-02   0.1275E-02   0.1382E-02   0.1499E-02   0.1626E-02   0.1766E-02   0.1920E-02   0.2089E-02   0.2276E-02   0.2483E-02   0.2713E-02   0.2969E-02   0.3255E-02   0.3575E-02   0.3937E-02   0.4347E-02   0.4813E-02   0.5348E-02   0.5964E-02   0.6666E-02   0.7476E-02   0.8375E-02   0.9819E-02   0.1126E-01   0.1301E-01   0.1515E-01   0.1782E-01   0.2109E-01   0.2528E-01   0.3102E-01   0.3800E-01   0.4720E-01   0.6166E-01   0.8053E-01   0.1102E+00   0.1471E+00   0.2070E+00   0.2837E+00   0.4735E+00   0.8312E+00   0.9235E+00   0.9838E+00   0.1018E+01   0.1019E+01   0.1020E+01   0.1037E+01   0.1048E+01   0.1056E+01   0.1062E+01   0.1067E+01   0.1070E+01   0.1073E+01   0.1075E+01   0.1077E+01   0.1078E+01   0.1079E+01   0.1080E+01   0.1081E+01   0.1081E+01   0.1082E+01   0.1082E+01   0.1083E+01   0.1083E+01   0.1083E+01   0.1084E+01   0.1084E+01   0.1084E+01   0.1085E+01   0.1085E+01   0.1085E+01   0.1085E+01   0.1085E+01   0.1086E+01   0.1086E+01   0.1086E+01   0.1086E+01   0.1086E+01   0.1086E+01   0.1154E+01   0.1166E+01   0.1173E+01   0.1178E+01   0.1182E+01   0.1186E+01   0.1189E+01   0.1191E+01   0.1194E+01   0.1196E+01   0.1198E+01   0.1199E+01   0.1201E+01   0.1203E+01   0.1204E+01   0.1205E+01   0.1206E+01   0.1207E+01   0.1208E+01   0.1209E+01   0.1210E+01   0.1210E+01   0.1211E+01   0.1212E+01   0.1212E+01   0.1213E+01   0.1213E+01   0.1214E+01   0.1214E+01   0.1215E+01
0.2253E+02   0.1980E-03   0.2294E-03   0.2520E-03   0.2739E-03   0.2979E-03   0.3231E-03   0.3504E-03   0.3798E-03   0.4115E-03   0.4456E-03   0.4825E-03   0.5222E-03   0.5651E-03   0.6113E-03   0.6613E-03   0.7153E-03   0.7738E-03   0.8370E-03   0.9055E-03   0.9798E-03   0.1060E-02   0.1148E-02   0.1243E-02   0.1347E-02   0.1461E-02   0.1585E-02   0.1720E-02   0.1869E-02   0.2033E-02   0.2214E-02   0.2414E-02   0.2635E-02   0.2882E-02   0.3157E-02   0.3465E-02   0.3812E-02   0.4205E-02   0.4651E-02   0.5161E-02   0.5747E-02   0.6426E-02   0.7204E-02   0.8106E-02   0.9112E-02   0.1073E-01   0.1237E-01   0.1437E-01   0.1685E-01   0.1996E-01   0.2380E-01   0.2885E-01   0.3605E-01   0.4428E-01   0.5665E-01   0.7392E-01   0.9968E-01   0.1341E+00   0.1857E+00   0.2567E+00   0.4051E+00   0.7031E+00   0.8963E+00   0.9631E+00   0.1004E+01   0.1030E+01   0.1031E+01   0.1031E+01   0.1045E+01   0.1054E+01   0.1061E+01   0.1066E+01   0.1070E+01   0.1073E+01   0.1075E+01   0.1077E+01   0.1078E+01   0.1079E+01   0.1080E+01   0.1081E+01   0.1082E+01   0.1082E+01   0.1083E+01   0.1083E+01   0.1084E+01   0.1084E+01   0.1084E+01   0.1085E+01   0.1085E+01   0.1085E+01   0.1085E+01   0.1086E+01   0.1086E+01   0.1086E+01   0.1086E+01   0.1086E+01   0.1087E+01   0.1087E+01   0.1087E+01   0.1087E+01   0.1087E+01   0.1155E+01   0.1166E+01   0.1173E+01   0.1179E+01   0.1183E+01   0.1186E+01   0.1189E+01   0.1192E+01   0.1194E+01   0.1197E+01   0.1199E+01   0.1200E+01   0.1202E+01   0.1203E+01   0.1205E+01   0.1206E+01   0.1207E+01   0.1208E+01   0.1209E+01   0.1210E+01   0.1210E+01   0.1211E+01   0.1212E+01   0.1213E+01   0.1213E+01   0.1214E+01   0.1214E+01   0.1215E+01   0.1215E+01   0.1215E+01
0.2275E+02   0.2060E-03   0.2392E-03   0.2633E-03   0.2868E-03   0.3123E-03   0.3392E-03   0.3683E-03   0.3995E-03   0.4332E-03   0.4694E-03   0.5084E-03   0.5505E-03   0.5958E-03   0.6447E-03   0.6976E-03   0.7546E-03   0.8163E-03   0.8831E-03   0.9555E-03   0.1034E-02   0.1119E-02   0.1212E-02   0.1313E-02   0.1423E-02   0.1543E-02   0.1674E-02   0.1818E-02   0.1977E-02   0.2151E-02   0.2344E-02   0.2557E-02   0.2795E-02   0.3059E-02   0.3355E-02   0.3688E-02   0.4063E-02   0.4489E-02   0.4975E-02   0.5531E-02   0.6175E-02   0.6923E-02   0.7784E-02   0.8788E-02   0.9915E-02   0.1174E-01   0.1359E-01   0.1588E-01   0.1874E-01   0.2236E-01   0.2691E-01   0.3294E-01   0.4168E-01   0.5190E-01   0.6745E-01   0.8917E-01   0.1212E+00   0.1644E+00   0.2296E+00   0.3367E+00   0.5751E+00   0.8692E+00   0.9424E+00   0.9940E+00   0.1019E+01   0.1040E+01   0.1041E+01   0.1042E+01   0.1052E+01   0.1060E+01   0.1065E+01   0.1070E+01   0.1073E+01   0.1075E+01   0.1077E+01   0.1079E+01   0.1080E+01   0.1081E+01   0.1082E+01   0.1083E+01   0.1083E+01   0.1084E+01   0.1084E+01   0.1084E+01   0.1085E+01   0.1085E+01   0.1086E+01   0.1086E+01   0.1086E+01   0.1086E+01   0.1087E+01   0.1087E+01   0.1087E+01   0.1087E+01   0.1087E+01   0.1088E+01   0.1088E+01   0.1088E+01   0.1088E+01   0.1088E+01   0.1088E+01   0.1156E+01   0.1167E+01   0.1175E+01   0.1180E+01   0.1184E+01   0.1188E+01   0.1191E+01   0.1193E+01   0.1196E+01   0.1198E+01   0.1200E+01   0.1201E+01   0.1203E+01   0.1204E+01   0.1206E+01   0.1207E+01   0.1208E+01   0.1209E+01   0.1210E+01   0.1211E+01   0.1212E+01   0.1212E+01   0.1213E+01   0.1214E+01   0.1214E+01   0.1215E+01   0.1215E+01   0.1216E+01   0.1216E+01   0.1217E+01
0.2297E+02   0.2142E-03   0.2493E-03   0.2750E-03   0.3000E-03   0.3272E-03   0.3558E-03   0.3868E-03   0.4199E-03   0.4556E-03   0.4940E-03   0.5354E-03   0.5798E-03   0.6278E-03   0.6795E-03   0.7353E-03   0.7956E-03   0.8607E-03   0.9313E-03   0.1008E-02   0.1091E-02   0.1181E-02   0.1279E-02   0.1385E-02   0.1502E-02   0.1629E-02   0.1769E-02   0.1922E-02   0.2090E-02   0.2276E-02   0.2482E-02   0.2710E-02   0.2964E-02   0.3249E-02   0.3567E-02   0.3926E-02   0.4333E-02   0.4796E-02   0.5325E-02   0.5934E-02   0.6641E-02   0.7467E-02   0.8423E-02   0.9542E-02   0.1081E-01   0.1286E-01   0.1497E-01   0.1759E-01   0.2090E-01   0.2515E-01   0.3056E-01   0.3778E-01   0.4809E-01   0.6148E-01   0.7996E-01   0.1089E+00   0.1455E+00   0.2042E+00   0.2801E+00   0.4641E+00   0.8134E+00   0.9200E+00   0.9813E+00   0.1012E+01   0.1030E+01   0.1048E+01   0.1050E+01   0.1050E+01   0.1059E+01   0.1065E+01   0.1070E+01   0.1073E+01   0.1076E+01   0.1078E+01   0.1080E+01   0.1081E+01   0.1082E+01   0.1083E+01   0.1084E+01   0.1084E+01   0.1085E+01   0.1085E+01   0.1086E+01   0.1086E+01   0.1086E+01   0.1087E+01   0.1087E+01   0.1087E+01   0.1088E+01   0.1088E+01   0.1088E+01   0.1088E+01   0.1089E+01   0.1089E+01   0.1089E+01   0.1089E+01   0.1089E+01   0.1089E+01   0.1090E+01   0.1090E+01   0.1090E+01   0.1158E+01   0.1169E+01   0.1176E+01   0.1182E+01   0.1186E+01   0.1189E+01   0.1192E+01   0.1195E+01   0.1197E+01   0.1199E+01   0.1201E+01   0.1203E+01   0.1205E+01   0.1206E+01   0.1207E+01   0.1209E+01   0.1210E+01   0.1211E+01   0.1212E+01   0.1212E+01   0.1213E+01   0.1214E+01   0.1215E+01   0.1215E+01   0.1216E+01   0.1216E+01   0.1217E+01   0.1217E+01   0.1218E+01   0.1218E+01
0.2318E+02   0.2230E-03   0.2602E-03   0.2875E-03   0.3142E-03   0.3431E-03   0.3736E-03   0.4065E-03   0.4417E-03   0.4796E-03   0.5203E-03   0.5641E-03   0.6112E-03   0.6619E-03   0.7166E-03   0.7756E-03   0.8393E-03   0.9082E-03   0.9828E-03   0.1064E-02   0.1151E-02   0.1247E-02   0.1350E-02   0.1464E-02   0.1587E-02   0.1722E-02   0.1871E-02   0.2034E-02   0.2214E-02   0.2412E-02   0.2633E-02   0.2878E-02   0.3151E-02   0.3458E-02   0.3802E-02   0.4192E-02   0.4635E-02   0.5140E-02   0.5720E-02   0.6392E-02   0.7174E-02   0.8093E-02   0.9163E-02   0.1042E-01   0.1186E-01   0.1420E-01   0.1663E-01   0.1969E-01   0.2359E-01   0.2867E-01   0.3521E-01   0.4415E-01   0.5734E-01   0.7388E-01   0.9856E-01   0.1325E+00   0.1830E+00   0.2531E+00   0.3957E+00   0.6851E+00   0.8928E+00   0.9605E+00   0.1003E+01   0.1024E+01   0.1038E+01   0.1055E+01   0.1056E+01   0.1057E+01   0.1064E+01   0.1069E+01   0.1073E+01   0.1076E+01   0.1079E+01   0.1080E+01   0.1082E+01   0.1083E+01   0.1084E+01   0.1085E+01   0.1085E+01   0.1086E+01   0.1086E+01   0.1087E+01   0.1087E+01   0.1088E+01   0.1088E+01   0.1088E+01   0.1089E+01   0.1089E+01   0.1089E+01   0.1089E+01   0.1090E+01   0.1090E+01   0.1090E+01   0.1090E+01   0.1090E+01   0.1091E+01   0.1091E+01   0.1091E+01   0.1091E+01   0.1091E+01   0.1091E+01   0.1159E+01   0.1171E+01   0.1178E+01   0.1183E+01   0.1188E+01   0.1191E+01   0.1194E+01   0.1197E+01   0.1199E+01   0.1201E+01   0.1203E+01   0.1205E+01   0.1206E+01   0.1208E+01   0.1209E+01   0.1210E+01   0.1211E+01   0.1212E+01   0.1213E+01   0.1214E+01   0.1215E+01   0.1216E+01   0.1216E+01   0.1217E+01   0.1218E+01   0.1218E+01   0.1219E+01   0.1219E+01   0.1220E+01   0.1220E+01
0.2340E+02   0.2320E-03   0.2712E-03   0.3003E-03   0.3287E-03   0.3595E-03   0.3919E-03   0.4268E-03   0.4641E-03   0.5043E-03   0.5473E-03   0.5937E-03   0.6434E-03   0.6971E-03   0.7548E-03   0.8172E-03   0.8845E-03   0.9573E-03   0.1036E-02   0.1122E-02   0.1214E-02   0.1315E-02   0.1425E-02   0.1545E-02   0.1676E-02   0.1820E-02   0.1977E-02   0.2151E-02   0.2343E-02   0.2555E-02   0.2791E-02   0.3054E-02   0.3348E-02   0.3678E-02   0.4051E-02   0.4474E-02   0.4955E-02   0.5507E-02   0.6143E-02   0.6882E-02   0.7748E-02   0.8770E-02   0.9967E-02   0.1139E-01   0.1301E-01   0.1567E-01   0.1848E-01   0.2204E-01   0.2664E-01   0.3270E-01   0.4062E-01   0.5161E-01   0.6805E-01   0.8881E-01   0.1197E+00   0.1617E+00   0.2261E+00   0.3273E+00   0.5573E+00   0.8657E+00   0.9398E+00   0.9929E+00   0.1019E+01   0.1034E+01   0.1045E+01   0.1061E+01   0.1063E+01   0.1063E+01   0.1069E+01   0.1074E+01   0.1077E+01   0.1080E+01   0.1081E+01   0.1083E+01   0.1084E+01   0.1085E+01   0.1086E+01   0.1087E+01   0.1087E+01   0.1088E+01   0.1088E+01   0.1089E+01   0.1089E+01   0.1090E+01   0.1090E+01   0.1090E+01   0.1090E+01   0.1091E+01   0.1091E+01   0.1091E+01   0.1091E+01   0.1092E+01   0.1092E+01   0.1092E+01   0.1092E+01   0.1092E+01   0.1092E+01   0.1093E+01   0.1093E+01   0.1093E+01   0.1093E+01   0.1161E+01   0.1173E+01   0.1180E+01   0.1185E+01   0.1190E+01   0.1193E+01   0.1196E+01   0.1199E+01   0.1201E+01   0.1203E+01   0.1205E+01   0.1207E+01   0.1209E+01   0.1210E+01   0.1211E+01   0.1213E+01   0.1214E+01   0.1215E+01   0.1216E+01   0.1216E+01   0.1217E+01   0.1218E+01   0.1219E+01   0.1219E+01   0.1220E+01   0.1220E+01   0.1221E+01   0.1221E+01   0.1222E+01   0.1222E+01
0.2362E+02   0.2413E-03   0.2827E-03   0.3135E-03   0.3437E-03   0.3764E-03   0.4108E-03   0.4478E-03   0.4874E-03   0.5299E-03   0.5755E-03   0.6245E-03   0.6771E-03   0.7338E-03   0.7949E-03   0.8607E-03   0.9318E-03   0.1009E-02   0.1092E-02   0.1182E-02   0.1281E-02   0.1387E-02   0.1504E-02   0.1631E-02   0.1770E-02   0.1923E-02   0.2091E-02   0.2276E-02   0.2481E-02   0.2708E-02   0.2961E-02   0.3243E-02   0.3560E-02   0.3917E-02   0.4321E-02   0.4780E-02   0.5306E-02   0.5910E-02   0.6610E-02   0.7426E-02   0.8387E-02   0.9528E-02   0.1087E-01   0.1248E-01   0.1434E-01   0.1739E-01   0.2064E-01   0.2482E-01   0.3029E-01   0.3759E-01   0.4731E-01   0.6092E-01   0.8089E-01   0.1083E+00   0.1441E+00   0.2015E+00   0.2768E+00   0.4550E+00   0.7958E+00   0.9168E+00   0.9790E+00   0.1012E+01   0.1030E+01   0.1042E+01   0.1051E+01   0.1067E+01   0.1069E+01   0.1069E+01   0.1075E+01   0.1078E+01   0.1081E+01   0.1083E+01   0.1085E+01   0.1086E+01   0.1087E+01   0.1088E+01   0.1089E+01   0.1089E+01   0.1090E+01   0.1090E+01   0.1091E+01   0.1091E+01   0.1092E+01   0.1092E+01   0.1092E+01   0.1093E+01   0.1093E+01   0.1093E+01   0.1093E+01   0.1094E+01   0.1094E+01   0.1094E+01   0.1094E+01   0.1094E+01   0.1094E+01   0.1095E+01   0.1095E+01   0.1095E+01   0.1095E+01   0.1095E+01   0.1095E+01   0.1164E+01   0.1176E+01   0.1183E+01   0.1189E+01   0.1193E+01   0.1196E+01   0.1199E+01   0.1202E+01   0.1204E+01   0.1206E+01   0.1208E+01   0.1210E+01   0.1212E+01   0.1213E+01   0.1214E+01   0.1216E+01   0.1217E+01   0.1218E+01   0.1219E+01   0.1220E+01   0.1220E+01   0.1221E+01   0.1222E+01   0.1222E+01   0.1223E+01   0.1223E+01   0.1224E+01   0.1224E+01   0.1225E+01   0.1225E+01
0.2383E+02   0.2512E-03   0.2949E-03   0.3276E-03   0.3598E-03   0.3945E-03   0.4310E-03   0.4703E-03   0.5122E-03   0.5572E-03   0.6055E-03   0.6573E-03   0.7130E-03   0.7729E-03   0.8374E-03   0.9071E-03   0.9823E-03   0.1064E-02   0.1152E-02   0.1247E-02   0.1351E-02   0.1465E-02   0.1588E-02   0.1723E-02   0.1871E-02   0.2034E-02   0.2213E-02   0.2411E-02   0.2630E-02   0.2874E-02   0.3146E-02   0.3450E-02   0.3793E-02   0.4180E-02   0.4620E-02   0.5121E-02   0.5697E-02   0.6362E-02   0.7136E-02   0.8044E-02   0.9119E-02   0.1040E-01   0.1193E-01   0.1377E-01   0.1591E-01   0.1944E-01   0.2328E-01   0.2827E-01   0.3490E-01   0.4387E-01   0.5602E-01   0.7326E-01   0.9895E-01   0.1320E+00   0.1803E+00   0.2495E+00   0.3862E+00   0.6668E+00   0.8888E+00   0.9574E+00   0.1001E+01   0.1024E+01   0.1037E+01   0.1047E+01   0.1055E+01   0.1071E+01   0.1073E+01   0.1074E+01   0.1078E+01   0.1081E+01   0.1084E+01   0.1086E+01   0.1087E+01   0.1088E+01   0.1089E+01   0.1090E+01   0.1091E+01   0.1091E+01   0.1092E+01   0.1092E+01   0.1092E+01   0.1093E+01   0.1093E+01   0.1093E+01   0.1094E+01   0.1094E+01   0.1094E+01   0.1095E+01   0.1095E+01   0.1095E+01   0.1095E+01   0.1095E+01   0.1096E+01   0.1096E+01   0.1096E+01   0.1096E+01   0.1096E+01   0.1096E+01   0.1096E+01   0.1097E+01   0.1097E+01   0.1166E+01   0.1178E+01   0.1186E+01   0.1191E+01   0.1195E+01   0.1199E+01   0.1202E+01   0.1204E+01   0.1207E+01   0.1209E+01   0.1211E+01   0.1213E+01   0.1214E+01   0.1216E+01   0.1217E+01   0.1218E+01   0.1219E+01   0.1220E+01   0.1221E+01   0.1222E+01   0.1223E+01   0.1224E+01   0.1224E+01   0.1225E+01   0.1226E+01   0.1226E+01   0.1227E+01   0.1227E+01   0.1227E+01   0.1228E+01
0.2405E+02   0.2614E-03   0.3075E-03   0.3421E-03   0.3763E-03   0.4131E-03   0.4517E-03   0.4933E-03   0.5377E-03   0.5853E-03   0.6363E-03   0.6911E-03   0.7499E-03   0.8133E-03   0.8814E-03   0.9550E-03   0.1034E-02   0.1120E-02   0.1214E-02   0.1315E-02   0.1425E-02   0.1545E-02   0.1676E-02   0.1819E-02   0.1977E-02   0.2150E-02   0.2341E-02   0.2552E-02   0.2787E-02   0.3048E-02   0.3341E-02   0.3669E-02   0.4039E-02   0.4459E-02   0.4937E-02   0.5484E-02   0.6115E-02   0.6847E-02   0.7703E-02   0.8711E-02   0.9913E-02   0.1136E-01   0.1309E-01   0.1519E-01   0.1765E-01   0.2175E-01   0.2627E-01   0.3221E-01   0.4021E-01   0.5119E-01   0.6626E-01   0.8788E-01   0.1197E+00   0.1604E+00   0.2226E+00   0.3179E+00   0.5392E+00   0.8613E+00   0.9363E+00   0.9910E+00   0.1017E+01   0.1033E+01   0.1044E+01   0.1052E+01   0.1058E+01   0.1076E+01   0.1078E+01   0.1079E+01   0.1082E+01   0.1085E+01   0.1087E+01   0.1089E+01   0.1090E+01   0.1091E+01   0.1092E+01   0.1092E+01   0.1093E+01   0.1093E+01   0.1094E+01   0.1094E+01   0.1095E+01   0.1095E+01   0.1095E+01   0.1096E+01   0.1096E+01   0.1096E+01   0.1096E+01   0.1097E+01   0.1097E+01   0.1097E+01   0.1097E+01   0.1097E+01   0.1098E+01   0.1098E+01   0.1098E+01   0.1098E+01   0.1098E+01   0.1098E+01   0.1099E+01   0.1099E+01   0.1099E+01   0.1169E+01   0.1181E+01   0.1189E+01   0.1195E+01   0.1199E+01   0.1202E+01   0.1205E+01   0.1208E+01   0.1210E+01   0.1213E+01   0.1214E+01   0.1216E+01   0.1218E+01   0.1219E+01   0.1221E+01   0.1222E+01   0.1223E+01   0.1224E+01   0.1225E+01   0.1226E+01   0.1227E+01   0.1227E+01   0.1228E+01   0.1229E+01   0.1229E+01   0.1230E+01   0.1230E+01   0.1231E+01   0.1231E+01   0.1232E+01
0.2427E+02   0.2718E-03   0.3203E-03   0.3570E-03   0.3932E-03   0.4322E-03   0.4732E-03   0.5172E-03   0.5642E-03   0.6146E-03   0.6685E-03   0.7264E-03   0.7886E-03   0.8555E-03   0.9275E-03   0.1005E-02   0.1089E-02   0.1180E-02   0.1279E-02   0.1386E-02   0.1503E-02   0.1630E-02   0.1769E-02   0.1922E-02   0.2089E-02   0.2274E-02   0.2478E-02   0.2704E-02   0.2956E-02   0.3237E-02   0.3552E-02   0.3907E-02   0.4308E-02   0.4765E-02   0.5286E-02   0.5886E-02   0.6581E-02   0.7390E-02   0.8341E-02   0.9468E-02   0.1082E-01   0.1246E-01   0.1443E-01   0.1685E-01   0.1972E-01   0.2453E-01   0.2991E-01   0.3709E-01   0.4690E-01   0.6057E-01   0.7957E-01   0.1071E+00   0.1444E+00   0.2000E+00   0.2731E+00   0.4461E+00   0.7789E+00   0.9140E+00   0.9772E+00   0.1012E+01   0.1030E+01   0.1043E+01   0.1052E+01   0.1059E+01   0.1064E+01   0.1083E+01   0.1086E+01   0.1086E+01   0.1089E+01   0.1092E+01   0.1093E+01   0.1095E+01   0.1096E+01   0.1097E+01   0.1097E+01   0.1098E+01   0.1099E+01   0.1099E+01   0.1100E+01   0.1100E+01   0.1100E+01   0.1101E+01   0.1101E+01   0.1101E+01   0.1101E+01   0.1102E+01   0.1102E+01   0.1102E+01   0.1102E+01   0.1103E+01   0.1103E+01   0.1103E+01   0.1103E+01   0.1103E+01   0.1103E+01   0.1104E+01   0.1104E+01   0.1104E+01   0.1104E+01   0.1104E+01   0.1104E+01   0.1175E+01   0.1189E+01   0.1197E+01   0.1202E+01   0.1206E+01   0.1210E+01   0.1213E+01   0.1216E+01   0.1218E+01   0.1220E+01   0.1222E+01   0.1224E+01   0.1226E+01   0.1227E+01   0.1228E+01   0.1230E+01   0.1231E+01   0.1232E+01   0.1233E+01   0.1234E+01   0.1234E+01   0.1235E+01   0.1236E+01   0.1236E+01   0.1237E+01   0.1238E+01   0.1238E+01   0.1239E+01   0.1239E+01   0.1239E+01
0.2448E+02   0.2831E-03   0.3342E-03   0.3730E-03   0.4114E-03   0.4527E-03   0.4961E-03   0.5427E-03   0.5924E-03   0.6457E-03   0.7027E-03   0.7639E-03   0.8296E-03   0.9003E-03   0.9765E-03   0.1059E-02   0.1148E-02   0.1244E-02   0.1348E-02   0.1462E-02   0.1586E-02   0.1721E-02   0.1869E-02   0.2031E-02   0.2210E-02   0.2407E-02   0.2625E-02   0.2868E-02   0.3138E-02   0.3441E-02   0.3782E-02   0.4166E-02   0.4603E-02   0.5101E-02   0.5672E-02   0.6332E-02   0.7099E-02   0.7997E-02   0.9059E-02   0.1033E-01   0.1186E-01   0.1372E-01   0.1600E-01   0.1882E-01   0.2219E-01   0.2789E-01   0.3440E-01   0.4320E-01   0.5542E-01   0.7265E-01   0.9681E-01   0.1309E+00   0.1790E+00   0.2469E+00   0.3741E+00   0.6452E+00   0.8820E+00   0.9515E+00   0.9970E+00   0.1020E+01   0.1034E+01   0.1044E+01   0.1052E+01   0.1057E+01   0.1062E+01   0.1083E+01   0.1086E+01   0.1087E+01   0.1090E+01   0.1092E+01   0.1093E+01   0.1095E+01   0.1095E+01   0.1096E+01   0.1097E+01   0.1098E+01   0.1098E+01   0.1098E+01   0.1099E+01   0.1099E+01   0.1100E+01   0.1100E+01   0.1100E+01   0.1100E+01   0.1101E+01   0.1101E+01   0.1101E+01   0.1101E+01   0.1102E+01   0.1102E+01   0.1102E+01   0.1102E+01   0.1102E+01   0.1102E+01   0.1103E+01   0.1103E+01   0.1103E+01   0.1103E+01   0.1103E+01   0.1103E+01   0.1103E+01   0.1176E+01   0.1190E+01   0.1199E+01   0.1204E+01   0.1209E+01   0.1212E+01   0.1215E+01   0.1218E+01   0.1221E+01   0.1223E+01   0.1225E+01   0.1227E+01   0.1228E+01   0.1230E+01   0.1231E+01   0.1232E+01   0.1233E+01   0.1234E+01   0.1235E+01   0.1236E+01   0.1237E+01   0.1238E+01   0.1239E+01   0.1239E+01   0.1240E+01   0.1240E+01   0.1241E+01   0.1241E+01   0.1242E+01   0.1242E+01
0.2470E+02   0.2948E-03   0.3484E-03   0.3895E-03   0.4301E-03   0.4738E-03   0.5197E-03   0.5690E-03   0.6214E-03   0.6777E-03   0.7379E-03   0.8025E-03   0.8719E-03   0.9466E-03   0.1027E-02   0.1114E-02   0.1208E-02   0.1310E-02   0.1420E-02   0.1540E-02   0.1672E-02   0.1815E-02   0.1972E-02   0.2145E-02   0.2335E-02   0.2546E-02   0.2779E-02   0.3039E-02   0.3330E-02   0.3656E-02   0.4024E-02   0.4440E-02   0.4914E-02   0.5457E-02   0.6082E-02   0.6807E-02   0.7654E-02   0.8651E-02   0.9836E-02   0.1126E-01   0.1299E-01   0.1512E-01   0.1774E-01   0.2101E-01   0.2497E-01   0.3171E-01   0.3953E-01   0.5027E-01   0.6535E-01   0.8682E-01   0.1169E+00   0.1587E+00   0.2202E+00   0.3093E+00   0.5173E+00   0.8508E+00   0.9269E+00   0.9833E+00   0.1010E+01   0.1026E+01   0.1037E+01   0.1046E+01   0.1052E+01   0.1057E+01   0.1060E+01   0.1086E+01   0.1089E+01   0.1090E+01   0.1092E+01   0.1094E+01   0.1095E+01   0.1096E+01   0.1097E+01   0.1098E+01   0.1098E+01   0.1099E+01   0.1099E+01   0.1100E+01   0.1100E+01   0.1100E+01   0.1101E+01   0.1101E+01   0.1101E+01   0.1102E+01   0.1102E+01   0.1102E+01   0.1102E+01   0.1102E+01   0.1103E+01   0.1103E+01   0.1103E+01   0.1103E+01   0.1103E+01   0.1104E+01   0.1104E+01   0.1104E+01   0.1104E+01   0.1104E+01   0.1104E+01   0.1104E+01   0.1104E+01   0.1179E+01   0.1195E+01   0.1203E+01   0.1209E+01   0.1214E+01   0.1217E+01   0.1220E+01   0.1223E+01   0.1226E+01   0.1228E+01   0.1230E+01   0.1232E+01   0.1233E+01   0.1235E+01   0.1236E+01   0.1238E+01   0.1239E+01   0.1240E+01   0.1241E+01   0.1242E+01   0.1242E+01   0.1243E+01   0.1244E+01   0.1245E+01   0.1245E+01   0.1246E+01   0.1246E+01   0.1247E+01   0.1247E+01   0.1248E+01
0.2492E+02   0.3060E-03   0.3624E-03   0.4059E-03   0.4488E-03   0.4950E-03   0.5435E-03   0.5956E-03   0.6511E-03   0.7105E-03   0.7741E-03   0.8424E-03   0.9157E-03   0.9946E-03   0.1080E-02   0.1171E-02   0.1271E-02   0.1379E-02   0.1496E-02   0.1623E-02   0.1763E-02   0.1915E-02   0.2082E-02   0.2267E-02   0.2470E-02   0.2695E-02   0.2946E-02   0.3226E-02   0.3539E-02   0.3891E-02   0.4290E-02   0.4743E-02   0.5260E-02   0.5855E-02   0.6543E-02   0.7345E-02   0.8286E-02   0.9401E-02   0.1073E-01   0.1235E-01   0.1432E-01   0.1678E-01   0.1984E-01   0.2371E-01   0.2844E-01   0.3657E-01   0.4619E-01   0.5958E-01   0.7861E-01   0.1058E+00   0.1431E+00   0.1974E+00   0.2739E+00   0.4394E+00   0.7699E+00   0.9189E+00   0.9852E+00   0.1021E+01   0.1041E+01   0.1053E+01   0.1063E+01   0.1070E+01   0.1075E+01   0.1079E+01   0.1082E+01   0.1112E+01   0.1116E+01   0.1117E+01   0.1119E+01   0.1120E+01   0.1122E+01   0.1123E+01   0.1123E+01   0.1124E+01   0.1125E+01   0.1125E+01   0.1126E+01   0.1126E+01   0.1126E+01   0.1127E+01   0.1127E+01   0.1127E+01   0.1127E+01   0.1128E+01   0.1128E+01   0.1128E+01   0.1128E+01   0.1129E+01   0.1129E+01   0.1129E+01   0.1129E+01   0.1129E+01   0.1129E+01   0.1130E+01   0.1130E+01   0.1130E+01   0.1130E+01   0.1130E+01   0.1130E+01   0.1130E+01   0.1131E+01   0.1208E+01   0.1225E+01   0.1234E+01   0.1241E+01   0.1245E+01   0.1249E+01   0.1252E+01   0.1255E+01   0.1258E+01   0.1260E+01   0.1262E+01   0.1264E+01   0.1265E+01   0.1267E+01   0.1268E+01   0.1270E+01   0.1271E+01   0.1272E+01   0.1273E+01   0.1274E+01   0.1275E+01   0.1276E+01   0.1276E+01   0.1277E+01   0.1278E+01   0.1278E+01   0.1279E+01   0.1279E+01   0.1280E+01   0.1280E+01
0.2513E+02   0.3193E-03   0.3787E-03   0.4245E-03   0.4700E-03   0.5188E-03   0.5701E-03   0.6251E-03   0.6837E-03   0.7465E-03   0.8137E-03   0.8858E-03   0.9633E-03   0.1047E-02   0.1137E-02   0.1234E-02   0.1339E-02   0.1453E-02   0.1577E-02   0.1713E-02   0.1861E-02   0.2023E-02   0.2201E-02   0.2398E-02   0.2616E-02   0.2857E-02   0.3127E-02   0.3428E-02   0.3766E-02   0.4148E-02   0.4581E-02   0.5075E-02   0.5641E-02   0.6295E-02   0.7055E-02   0.7945E-02   0.8996E-02   0.1025E-01   0.1176E-01   0.1360E-01   0.1587E-01   0.1873E-01   0.2233E-01   0.2695E-01   0.3267E-01   0.4258E-01   0.5454E-01   0.7141E-01   0.9552E-01   0.1299E+00   0.1763E+00   0.2446E+00   0.3431E+00   0.6129E+00   0.8642E+00   0.9366E+00   0.9843E+00   0.1008E+01   0.1022E+01   0.1033E+01   0.1040E+01   0.1046E+01   0.1050E+01   0.1054E+01   0.1056E+01   0.1093E+01   0.1097E+01   0.1098E+01   0.1100E+01   0.1101E+01   0.1102E+01   0.1103E+01   0.1104E+01   0.1104E+01   0.1105E+01   0.1105E+01   0.1106E+01   0.1106E+01   0.1107E+01   0.1107E+01   0.1107E+01   0.1107E+01   0.1108E+01   0.1108E+01   0.1108E+01   0.1108E+01   0.1109E+01   0.1109E+01   0.1109E+01   0.1109E+01   0.1109E+01   0.1110E+01   0.1110E+01   0.1110E+01   0.1110E+01   0.1110E+01   0.1110E+01   0.1110E+01   0.1111E+01   0.1111E+01   0.1111E+01   0.1191E+01   0.1210E+01   0.1220E+01   0.1226E+01   0.1231E+01   0.1235E+01   0.1238E+01   0.1241E+01   0.1244E+01   0.1246E+01   0.1248E+01   0.1250E+01   0.1252E+01   0.1253E+01   0.1255E+01   0.1256E+01   0.1257E+01   0.1258E+01   0.1259E+01   0.1260E+01   0.1261E+01   0.1262E+01   0.1263E+01   0.1263E+01   0.1264E+01   0.1265E+01   0.1265E+01   0.1266E+01   0.1266E+01   0.1267E+01
0.2535E+02   0.3338E-03   0.3962E-03   0.4446E-03   0.4925E-03   0.5441E-03   0.5982E-03   0.6563E-03   0.7181E-03   0.7844E-03   0.8553E-03   0.9314E-03   0.1013E-02   0.1101E-02   0.1196E-02   0.1299E-02   0.1410E-02   0.1531E-02   0.1663E-02   0.1806E-02   0.1964E-02   0.2136E-02   0.2326E-02   0.2536E-02   0.2769E-02   0.3028E-02   0.3317E-02   0.3641E-02   0.4006E-02   0.4419E-02   0.4889E-02   0.5427E-02   0.6046E-02   0.6764E-02   0.7602E-02   0.8587E-02   0.9758E-02   0.1116E-01   0.1286E-01   0.1495E-01   0.1756E-01   0.2088E-01   0.2510E-01   0.3056E-01   0.3742E-01   0.4939E-01   0.6407E-01   0.8496E-01   0.1149E+00   0.1575E+00   0.2144E+00   0.2982E+00   0.4807E+00   0.8251E+00   0.8933E+00   0.9539E+00   0.9787E+00   0.9952E+00   0.1006E+01   0.1015E+01   0.1020E+01   0.1026E+01   0.1029E+01   0.1032E+01   0.1034E+01   0.1078E+01   0.1083E+01   0.1084E+01   0.1085E+01   0.1086E+01   0.1087E+01   0.1088E+01   0.1088E+01   0.1089E+01   0.1089E+01   0.1090E+01   0.1090E+01   0.1091E+01   0.1091E+01   0.1091E+01   0.1092E+01   0.1092E+01   0.1092E+01   0.1092E+01   0.1093E+01   0.1093E+01   0.1093E+01   0.1093E+01   0.1093E+01   0.1094E+01   0.1094E+01   0.1094E+01   0.1094E+01   0.1094E+01   0.1094E+01   0.1094E+01   0.1095E+01   0.1095E+01   0.1095E+01   0.1095E+01   0.1095E+01   0.1178E+01   0.1199E+01   0.1209E+01   0.1216E+01   0.1221E+01   0.1225E+01   0.1228E+01   0.1231E+01   0.1234E+01   0.1237E+01   0.1239E+01   0.1241E+01   0.1242E+01   0.1244E+01   0.1246E+01   0.1247E+01   0.1248E+01   0.1249E+01   0.1250E+01   0.1251E+01   0.1252E+01   0.1253E+01   0.1254E+01   0.1255E+01   0.1255E+01   0.1256E+01   0.1256E+01   0.1257E+01   0.1257E+01   0.1258E+01
0.2557E+02   0.3460E-03   0.4115E-03   0.4626E-03   0.5133E-03   0.5678E-03   0.6249E-03   0.6863E-03   0.7516E-03   0.8216E-03   0.8965E-03   0.9769E-03   0.1063E-02   0.1157E-02   0.1257E-02   0.1366E-02   0.1484E-02   0.1612E-02   0.1752E-02   0.1905E-02   0.2072E-02   0.2256E-02   0.2459E-02   0.2684E-02   0.2933E-02   0.3211E-02   0.3523E-02   0.3873E-02   0.4268E-02   0.4718E-02   0.5231E-02   0.5820E-02   0.6501E-02   0.7293E-02   0.8223E-02   0.9324E-02   0.1064E-01   0.1223E-01   0.1417E-01   0.1657E-01   0.1961E-01   0.2351E-01   0.2854E-01   0.3515E-01   0.4357E-01   0.5837E-01   0.7683E-01   0.1033E+00   0.1412E+00   0.1951E+00   0.2733E+00   0.3859E+00   0.7497E+00   0.8892E+00   0.9591E+00   0.9936E+00   0.1012E+01   0.1025E+01   0.1034E+01   0.1041E+01   0.1047E+01   0.1051E+01   0.1054E+01   0.1056E+01   0.1058E+01   0.1112E+01   0.1117E+01   0.1117E+01   0.1119E+01   0.1120E+01   0.1120E+01   0.1121E+01   0.1122E+01   0.1122E+01   0.1123E+01   0.1123E+01   0.1124E+01   0.1124E+01   0.1124E+01   0.1125E+01   0.1125E+01   0.1125E+01   0.1125E+01   0.1126E+01   0.1126E+01   0.1126E+01   0.1126E+01   0.1127E+01   0.1127E+01   0.1127E+01   0.1127E+01   0.1127E+01   0.1127E+01   0.1128E+01   0.1128E+01   0.1128E+01   0.1128E+01   0.1128E+01   0.1128E+01   0.1128E+01   0.1129E+01   0.1218E+01   0.1242E+01   0.1254E+01   0.1261E+01   0.1267E+01   0.1271E+01   0.1275E+01   0.1278E+01   0.1281E+01   0.1283E+01   0.1285E+01   0.1288E+01   0.1289E+01   0.1291E+01   0.1293E+01   0.1294E+01   0.1295E+01   0.1297E+01   0.1298E+01   0.1299E+01   0.1300E+01   0.1301E+01   0.1301E+01   0.1302E+01   0.1303E+01   0.1304E+01   0.1304E+01   0.1305E+01   0.1305E+01   0.1306E+01
0.2578E+02   0.3602E-03   0.4291E-03   0.4830E-03   0.5365E-03   0.5940E-03   0.6544E-03   0.7192E-03   0.7882E-03   0.8621E-03   0.9413E-03   0.1026E-02   0.1118E-02   0.1216E-02   0.1323E-02   0.1438E-02   0.1563E-02   0.1699E-02   0.1848E-02   0.2010E-02   0.2189E-02   0.2385E-02   0.2602E-02   0.2843E-02   0.3111E-02   0.3410E-02   0.3747E-02   0.4126E-02   0.4555E-02   0.5045E-02   0.5606E-02   0.6253E-02   0.7004E-02   0.7882E-02   0.8918E-02   0.1015E-01   0.1163E-01   0.1344E-01   0.1567E-01   0.1845E-01   0.2201E-01   0.2663E-01   0.3269E-01   0.4076E-01   0.5118E-01   0.6961E-01   0.9292E-01   0.1264E+00   0.1741E+00   0.2435E+00   0.3429E+00   0.7439E+00   0.9206E+00   0.1009E+01   0.1052E+01   0.1075E+01   0.1090E+01   0.1100E+01   0.1108E+01   0.1114E+01   0.1119E+01   0.1122E+01   0.1125E+01   0.1127E+01   0.1128E+01   0.1194E+01   0.1198E+01   0.1199E+01   0.1200E+01   0.1201E+01   0.1202E+01   0.1203E+01   0.1203E+01   0.1204E+01   0.1204E+01   0.1205E+01   0.1205E+01   0.1205E+01   0.1206E+01   0.1206E+01   0.1206E+01   0.1207E+01   0.1207E+01   0.1207E+01   0.1207E+01   0.1208E+01   0.1208E+01   0.1208E+01   0.1208E+01   0.1208E+01   0.1209E+01   0.1209E+01   0.1209E+01   0.1209E+01   0.1209E+01   0.1209E+01   0.1209E+01   0.1210E+01   0.1210E+01   0.1210E+01   0.1210E+01   0.1307E+01   0.1335E+01   0.1347E+01   0.1355E+01   0.1361E+01   0.1366E+01   0.1370E+01   0.1373E+01   0.1376E+01   0.1379E+01   0.1381E+01   0.1383E+01   0.1385E+01   0.1387E+01   0.1389E+01   0.1390E+01   0.1392E+01   0.1393E+01   0.1394E+01   0.1395E+01   0.1396E+01   0.1397E+01   0.1398E+01   0.1399E+01   0.1400E+01   0.1400E+01   0.1401E+01   0.1401E+01   0.1402E+01   0.1403E+01
0.2600E+02   0.3753E-03   0.4476E-03   0.5045E-03   0.5610E-03   0.6217E-03   0.6855E-03   0.7539E-03   0.8267E-03   0.9048E-03   0.9884E-03   0.1078E-02   0.1175E-02   0.1279E-02   0.1392E-02   0.1514E-02   0.1647E-02   0.1791E-02   0.1949E-02   0.2123E-02   0.2313E-02   0.2523E-02   0.2755E-02   0.3014E-02   0.3302E-02   0.3625E-02   0.3989E-02   0.4400E-02   0.4867E-02   0.5402E-02   0.6017E-02   0.6729E-02   0.7560E-02   0.8537E-02   0.9696E-02   0.1108E-01   0.1277E-01   0.1483E-01   0.1740E-01   0.2065E-01   0.2484E-01   0.3037E-01   0.3773E-01   0.4767E-01   0.6070E-01   0.8377E-01   0.1132E+00   0.1553E+00   0.2154E+00   0.3055E+00   0.5193E+00   0.7985E+00   0.9047E+00   0.9583E+00   0.9870E+00   0.1004E+01   0.1017E+01   0.1025E+01   0.1032E+01   0.1037E+01   0.1040E+01   0.1043E+01   0.1045E+01   0.1047E+01   0.1048E+01   0.1126E+01   0.1131E+01   0.1131E+01   0.1133E+01   0.1133E+01   0.1134E+01   0.1135E+01   0.1135E+01   0.1136E+01   0.1136E+01   0.1137E+01   0.1137E+01   0.1138E+01   0.1138E+01   0.1138E+01   0.1139E+01   0.1139E+01   0.1139E+01   0.1139E+01   0.1140E+01   0.1140E+01   0.1140E+01   0.1140E+01   0.1140E+01   0.1141E+01   0.1141E+01   0.1141E+01   0.1141E+01   0.1141E+01   0.1141E+01   0.1142E+01   0.1142E+01   0.1142E+01   0.1142E+01   0.1142E+01   0.1142E+01   0.1246E+01   0.1277E+01   0.1291E+01   0.1300E+01   0.1306E+01   0.1311E+01   0.1315E+01   0.1318E+01   0.1321E+01   0.1324E+01   0.1327E+01   0.1329E+01   0.1331E+01   0.1333E+01   0.1335E+01   0.1336E+01   0.1338E+01   0.1339E+01   0.1341E+01   0.1342E+01   0.1343E+01   0.1344E+01   0.1345E+01   0.1346E+01   0.1346E+01   0.1347E+01   0.1348E+01   0.1348E+01   0.1349E+01   0.1350E+01
0.2622E+02   0.3911E-03   0.4671E-03   0.5270E-03   0.5867E-03   0.6507E-03   0.7180E-03   0.7902E-03   0.8672E-03   0.9496E-03   0.1038E-02   0.1133E-02   0.1235E-02   0.1346E-02   0.1465E-02   0.1595E-02   0.1736E-02   0.1889E-02   0.2057E-02   0.2242E-02   0.2445E-02   0.2670E-02   0.2919E-02   0.3197E-02   0.3508E-02   0.3857E-02   0.4250E-02   0.4697E-02   0.5207E-02   0.5792E-02   0.6469E-02   0.7255E-02   0.8177E-02   0.9267E-02   0.1057E-01   0.1214E-01   0.1405E-01   0.1642E-01   0.1941E-01   0.2322E-01   0.2821E-01   0.3488E-01   0.4390E-01   0.5626E-01   0.7266E-01   0.1016E+00   0.1387E+00   0.1916E+00   0.2716E+00   0.3733E+00   0.7416E+00   0.8793E+00   0.9499E+00   0.9848E+00   0.1006E+01   0.1019E+01   0.1029E+01   0.1036E+01   0.1042E+01   0.1046E+01   0.1049E+01   0.1051E+01   0.1053E+01   0.1055E+01   0.1056E+01   0.1145E+01   0.1150E+01   0.1150E+01   0.1151E+01   0.1152E+01   0.1153E+01   0.1154E+01   0.1154E+01   0.1155E+01   0.1155E+01   0.1156E+01   0.1156E+01   0.1156E+01   0.1157E+01   0.1157E+01   0.1157E+01   0.1158E+01   0.1158E+01   0.1158E+01   0.1158E+01   0.1159E+01   0.1159E+01   0.1159E+01   0.1159E+01   0.1159E+01   0.1160E+01   0.1160E+01   0.1160E+01   0.1160E+01   0.1160E+01   0.1160E+01   0.1161E+01   0.1161E+01   0.1161E+01   0.1161E+01   0.1161E+01   0.1271E+01   0.1304E+01   0.1320E+01   0.1329E+01   0.1335E+01   0.1340E+01   0.1345E+01   0.1348E+01   0.1352E+01   0.1355E+01   0.1357E+01   0.1360E+01   0.1362E+01   0.1364E+01   0.1366E+01   0.1368E+01   0.1369E+01   0.1371E+01   0.1372E+01   0.1373E+01   0.1374E+01   0.1375E+01   0.1376E+01   0.1377E+01   0.1378E+01   0.1379E+01   0.1379E+01   0.1380E+01   0.1381E+01   0.1381E+01
0.2643E+02   0.4076E-03   0.4874E-03   0.5506E-03   0.6135E-03   0.6811E-03   0.7522E-03   0.8284E-03   0.9096E-03   0.9968E-03   0.1090E-02   0.1191E-02   0.1299E-02   0.1416E-02   0.1542E-02   0.1680E-02   0.1830E-02   0.1993E-02   0.2172E-02   0.2369E-02   0.2587E-02   0.2828E-02   0.3095E-02   0.3394E-02   0.3729E-02   0.4107E-02   0.4535E-02   0.5021E-02   0.5579E-02   0.6221E-02   0.6967E-02   0.7838E-02   0.8865E-02   0.1009E-01   0.1155E-01   0.1333E-01   0.1553E-01   0.1827E-01   0.2176E-01   0.2628E-01   0.3227E-01   0.4040E-01   0.5155E-01   0.6705E-01   0.8784E-01   0.1242E+00   0.1708E+00   0.2387E+00   0.3379E+00   0.7194E+00   0.9047E+00   0.9928E+00   0.1035E+01   0.1060E+01   0.1075E+01   0.1086E+01   0.1094E+01   0.1100E+01   0.1105E+01   0.1108E+01   0.1111E+01   0.1113E+01   0.1115E+01   0.1116E+01   0.1117E+01   0.1215E+01   0.1220E+01   0.1220E+01   0.1221E+01   0.1222E+01   0.1222E+01   0.1223E+01   0.1224E+01   0.1224E+01   0.1225E+01   0.1225E+01   0.1225E+01   0.1226E+01   0.1226E+01   0.1226E+01   0.1227E+01   0.1227E+01   0.1227E+01   0.1227E+01   0.1228E+01   0.1228E+01   0.1228E+01   0.1228E+01   0.1229E+01   0.1229E+01   0.1229E+01   0.1229E+01   0.1229E+01   0.1230E+01   0.1230E+01   0.1230E+01   0.1230E+01   0.1230E+01   0.1230E+01   0.1230E+01   0.1230E+01   0.1345E+01   0.1381E+01   0.1397E+01   0.1406E+01   0.1413E+01   0.1419E+01   0.1423E+01   0.1427E+01   0.1430E+01   0.1434E+01   0.1436E+01   0.1439E+01   0.1441E+01   0.1443E+01   0.1445E+01   0.1447E+01   0.1448E+01   0.1450E+01   0.1451E+01   0.1452E+01   0.1454E+01   0.1455E+01   0.1456E+01   0.1457E+01   0.1457E+01   0.1458E+01   0.1459E+01   0.1460E+01   0.1460E+01   0.1461E+01
0.2665E+02   0.4249E-03   0.5088E-03   0.5753E-03   0.6417E-03   0.7131E-03   0.7880E-03   0.8685E-03   0.9543E-03   0.1046E-02   0.1145E-02   0.1251E-02   0.1366E-02   0.1490E-02   0.1624E-02   0.1770E-02   0.1929E-02   0.2103E-02   0.2295E-02   0.2505E-02   0.2738E-02   0.2996E-02   0.3284E-02   0.3607E-02   0.3969E-02   0.4379E-02   0.4844E-02   0.5375E-02   0.5987E-02   0.6693E-02   0.7518E-02   0.8486E-02   0.9634E-02   0.1101E-01   0.1267E-01   0.1470E-01   0.1723E-01   0.2043E-01   0.2454E-01   0.2994E-01   0.3720E-01   0.4719E-01   0.6111E-01   0.8065E-01   0.1071E+00   0.1527E+00   0.2115E+00   0.3004E+00   0.4660E+00   0.7675E+00   0.8778E+00   0.9328E+00   0.9615E+00   0.9795E+00   0.9920E+00   0.1001E+01   0.1008E+01   0.1012E+01   0.1016E+01   0.1019E+01   0.1021E+01   0.1023E+01   0.1025E+01   0.1026E+01   0.1027E+01   0.1128E+01   0.1132E+01   0.1133E+01   0.1134E+01   0.1134E+01   0.1135E+01   0.1136E+01   0.1136E+01   0.1137E+01   0.1137E+01   0.1138E+01   0.1138E+01   0.1138E+01   0.1139E+01   0.1139E+01   0.1139E+01   0.1140E+01   0.1140E+01   0.1140E+01   0.1140E+01   0.1141E+01   0.1141E+01   0.1141E+01   0.1141E+01   0.1141E+01   0.1142E+01   0.1142E+01   0.1142E+01   0.1142E+01   0.1142E+01   0.1142E+01   0.1143E+01   0.1143E+01   0.1143E+01   0.1143E+01   0.1143E+01   0.1259E+01   0.1296E+01   0.1312E+01   0.1322E+01   0.1329E+01   0.1335E+01   0.1339E+01   0.1343E+01   0.1347E+01   0.1350E+01   0.1353E+01   0.1355E+01   0.1357E+01   0.1360E+01   0.1361E+01   0.1363E+01   0.1365E+01   0.1366E+01   0.1368E+01   0.1369E+01   0.1370E+01   0.1371E+01   0.1372E+01   0.1373E+01   0.1374E+01   0.1375E+01   0.1376E+01   0.1376E+01   0.1377E+01   0.1378E+01
0.2687E+02   0.4431E-03   0.5312E-03   0.6012E-03   0.6713E-03   0.7465E-03   0.8257E-03   0.9106E-03   0.1001E-02   0.1099E-02   0.1203E-02   0.1315E-02   0.1437E-02   0.1568E-02   0.1711E-02   0.1866E-02   0.2035E-02   0.2221E-02   0.2425E-02   0.2650E-02   0.2900E-02   0.3178E-02   0.3488E-02   0.3836E-02   0.4228E-02   0.4673E-02   0.5181E-02   0.5762E-02   0.6434E-02   0.7214E-02   0.8129E-02   0.9208E-02   0.1050E-01   0.1205E-01   0.1394E-01   0.1628E-01   0.1921E-01   0.2296E-01   0.2784E-01   0.3434E-01   0.4322E-01   0.5561E-01   0.7310E-01   0.9782E-01   0.1315E+00   0.1884E+00   0.2650E+00   0.3709E+00   0.7644E+00   0.9045E+00   0.9772E+00   0.1013E+01   0.1033E+01   0.1047E+01   0.1058E+01   0.1065E+01   0.1070E+01   0.1074E+01   0.1078E+01   0.1080E+01   0.1082E+01   0.1083E+01   0.1085E+01   0.1086E+01   0.1086E+01   0.1185E+01   0.1189E+01   0.1189E+01   0.1190E+01   0.1191E+01   0.1192E+01   0.1192E+01   0.1193E+01   0.1193E+01   0.1193E+01   0.1194E+01   0.1194E+01   0.1195E+01   0.1195E+01   0.1195E+01   0.1195E+01   0.1196E+01   0.1196E+01   0.1196E+01   0.1196E+01   0.1197E+01   0.1197E+01   0.1197E+01   0.1197E+01   0.1198E+01   0.1198E+01   0.1198E+01   0.1198E+01   0.1198E+01   0.1198E+01   0.1199E+01   0.1199E+01   0.1199E+01   0.1199E+01   0.1199E+01   0.1199E+01   0.1314E+01   0.1350E+01   0.1366E+01   0.1376E+01   0.1383E+01   0.1388E+01   0.1393E+01   0.1397E+01   0.1400E+01   0.1403E+01   0.1406E+01   0.1409E+01   0.1411E+01   0.1413E+01   0.1415E+01   0.1417E+01   0.1418E+01   0.1420E+01   0.1421E+01   0.1422E+01   0.1423E+01   0.1425E+01   0.1426E+01   0.1426E+01   0.1427E+01   0.1428E+01   0.1429E+01   0.1430E+01   0.1430E+01   0.1431E+01
0.2708E+02   0.4621E-03   0.5546E-03   0.6284E-03   0.7023E-03   0.7817E-03   0.8652E-03   0.9549E-03   0.1051E-02   0.1153E-02   0.1264E-02   0.1383E-02   0.1512E-02   0.1651E-02   0.1802E-02   0.1967E-02   0.2148E-02   0.2346E-02   0.2564E-02   0.2805E-02   0.3074E-02   0.3372E-02   0.3707E-02   0.4083E-02   0.4510E-02   0.4994E-02   0.5549E-02   0.6187E-02   0.6927E-02   0.7791E-02   0.8809E-02   0.1002E-01   0.1147E-01   0.1323E-01   0.1540E-01   0.1810E-01   0.2152E-01   0.2595E-01   0.3181E-01   0.3973E-01   0.5069E-01   0.6618E-01   0.8823E-01   0.1195E+00   0.1623E+00   0.2348E+00   0.3317E+00   0.7137E+00   0.9122E+00   0.1003E+01   0.1047E+01   0.1071E+01   0.1087E+01   0.1098E+01   0.1106E+01   0.1112E+01   0.1117E+01   0.1120E+01   0.1123E+01   0.1125E+01   0.1127E+01   0.1128E+01   0.1129E+01   0.1130E+01   0.1131E+01   0.1220E+01   0.1225E+01   0.1225E+01   0.1226E+01   0.1226E+01   0.1227E+01   0.1227E+01   0.1228E+01   0.1228E+01   0.1229E+01   0.1229E+01   0.1229E+01   0.1230E+01   0.1230E+01   0.1230E+01   0.1231E+01   0.1231E+01   0.1231E+01   0.1231E+01   0.1232E+01   0.1232E+01   0.1232E+01   0.1232E+01   0.1232E+01   0.1233E+01   0.1233E+01   0.1233E+01   0.1233E+01   0.1233E+01   0.1233E+01   0.1234E+01   0.1234E+01   0.1234E+01   0.1234E+01   0.1234E+01   0.1234E+01   0.1344E+01   0.1378E+01   0.1394E+01   0.1403E+01   0.1410E+01   0.1415E+01   0.1419E+01   0.1423E+01   0.1426E+01   0.1429E+01   0.1432E+01   0.1435E+01   0.1437E+01   0.1439E+01   0.1441E+01   0.1442E+01   0.1444E+01   0.1445E+01   0.1447E+01   0.1448E+01   0.1449E+01   0.1450E+01   0.1451E+01   0.1452E+01   0.1453E+01   0.1454E+01   0.1454E+01   0.1455E+01   0.1456E+01   0.1456E+01
0.2730E+02   0.4821E-03   0.5793E-03   0.6570E-03   0.7349E-03   0.8186E-03   0.9068E-03   0.1001E-02   0.1103E-02   0.1211E-02   0.1328E-02   0.1454E-02   0.1591E-02   0.1738E-02   0.1900E-02   0.2075E-02   0.2268E-02   0.2479E-02   0.2713E-02   0.2972E-02   0.3260E-02   0.3582E-02   0.3944E-02   0.4352E-02   0.4815E-02   0.5344E-02   0.5952E-02   0.6654E-02   0.7472E-02   0.8432E-02   0.9569E-02   0.1093E-01   0.1257E-01   0.1458E-01   0.1707E-01   0.2022E-01   0.2425E-01   0.2954E-01   0.3662E-01   0.4635E-01   0.6001E-01   0.7946E-01   0.1073E+00   0.1466E+00   0.2014E+00   0.2949E+00   0.4669E+00   0.7803E+00   0.8953E+00   0.9536E+00   0.9833E+00   0.1002E+01   0.1014E+01   0.1023E+01   0.1030E+01   0.1035E+01   0.1039E+01   0.1042E+01   0.1044E+01   0.1046E+01   0.1047E+01   0.1048E+01   0.1049E+01   0.1050E+01   0.1051E+01   0.1128E+01   0.1133E+01   0.1133E+01   0.1134E+01   0.1134E+01   0.1135E+01   0.1135E+01   0.1136E+01   0.1136E+01   0.1137E+01   0.1137E+01   0.1137E+01   0.1138E+01   0.1138E+01   0.1138E+01   0.1138E+01   0.1139E+01   0.1139E+01   0.1139E+01   0.1139E+01   0.1139E+01   0.1140E+01   0.1140E+01   0.1140E+01   0.1140E+01   0.1140E+01   0.1140E+01   0.1141E+01   0.1141E+01   0.1141E+01   0.1141E+01   0.1141E+01   0.1141E+01   0.1141E+01   0.1142E+01   0.1142E+01   0.1246E+01   0.1277E+01   0.1292E+01   0.1301E+01   0.1307E+01   0.1312E+01   0.1316E+01   0.1320E+01   0.1323E+01   0.1326E+01   0.1328E+01   0.1331E+01   0.1333E+01   0.1335E+01   0.1337E+01   0.1338E+01   0.1340E+01   0.1341E+01   0.1342E+01   0.1344E+01   0.1345E+01   0.1346E+01   0.1347E+01   0.1347E+01   0.1348E+01   0.1349E+01   0.1350E+01   0.1350E+01   0.1351E+01   0.1351E+01
0.2752E+02   0.5032E-03   0.6053E-03   0.6869E-03   0.7694E-03   0.8574E-03   0.9508E-03   0.1050E-02   0.1158E-02   0.1272E-02   0.1396E-02   0.1530E-02   0.1675E-02   0.1831E-02   0.2003E-02   0.2190E-02   0.2396E-02   0.2621E-02   0.2873E-02   0.3150E-02   0.3461E-02   0.3808E-02   0.4201E-02   0.4643E-02   0.5150E-02   0.5727E-02   0.6396E-02   0.7169E-02   0.8079E-02   0.9146E-02   0.1042E-01   0.1196E-01   0.1383E-01   0.1613E-01   0.1903E-01   0.2271E-01   0.2750E-01   0.3387E-01   0.4254E-01   0.5461E-01   0.7176E-01   0.9626E-01   0.1312E+00   0.1810E+00   0.2544E+00   0.3662E+00   0.7374E+00   0.8891E+00   0.9645E+00   0.1001E+01   0.1023E+01   0.1037E+01   0.1047E+01   0.1055E+01   0.1060E+01   0.1064E+01   0.1067E+01   0.1070E+01   0.1072E+01   0.1073E+01   0.1075E+01   0.1076E+01   0.1076E+01   0.1077E+01   0.1078E+01   0.1143E+01   0.1147E+01   0.1148E+01   0.1148E+01   0.1149E+01   0.1149E+01   0.1150E+01   0.1150E+01   0.1150E+01   0.1151E+01   0.1151E+01   0.1151E+01   0.1152E+01   0.1152E+01   0.1152E+01   0.1152E+01   0.1153E+01   0.1153E+01   0.1153E+01   0.1153E+01   0.1153E+01   0.1153E+01   0.1154E+01   0.1154E+01   0.1154E+01   0.1154E+01   0.1154E+01   0.1154E+01   0.1155E+01   0.1155E+01   0.1155E+01   0.1155E+01   0.1155E+01   0.1155E+01   0.1155E+01   0.1155E+01   0.1253E+01   0.1281E+01   0.1294E+01   0.1302E+01   0.1308E+01   0.1313E+01   0.1317E+01   0.1320E+01   0.1323E+01   0.1326E+01   0.1328E+01   0.1331E+01   0.1333E+01   0.1335E+01   0.1336E+01   0.1338E+01   0.1339E+01   0.1340E+01   0.1342E+01   0.1343E+01   0.1344E+01   0.1345E+01   0.1346E+01   0.1346E+01   0.1347E+01   0.1348E+01   0.1349E+01   0.1349E+01   0.1350E+01   0.1350E+01
0.2773E+02   0.5252E-03   0.6335E-03   0.7181E-03   0.8067E-03   0.8975E-03   0.9985E-03   0.1101E-02   0.1218E-02   0.1335E-02   0.1471E-02   0.1608E-02   0.1767E-02   0.1928E-02   0.2117E-02   0.2309E-02   0.2537E-02   0.2770E-02   0.3049E-02   0.3337E-02   0.3684E-02   0.4047E-02   0.4487E-02   0.4954E-02   0.5524E-02   0.6139E-02   0.6897E-02   0.7730E-02   0.8768E-02   0.9936E-02   0.1141E-01   0.1311E-01   0.1530E-01   0.1792E-01   0.2135E-01   0.2565E-01   0.3146E-01   0.3914E-01   0.4994E-01   0.6499E-01   0.8677E-01   0.1174E+00   0.1616E+00   0.2258E+00   0.3268E+00   0.6870E+00   0.8912E+00   0.9846E+00   0.1030E+01   0.1056E+01   0.1072E+01   0.1083E+01   0.1091E+01   0.1097E+01   0.1102E+01   0.1105E+01   0.1108E+01   0.1110E+01   0.1112E+01   0.1113E+01   0.1114E+01   0.1115E+01   0.1116E+01   0.1117E+01   0.1117E+01   0.1170E+01   0.1174E+01   0.1175E+01   0.1176E+01   0.1176E+01   0.1177E+01   0.1177E+01   0.1177E+01   0.1178E+01   0.1178E+01   0.1178E+01   0.1178E+01   0.1179E+01   0.1179E+01   0.1179E+01   0.1179E+01   0.1180E+01   0.1180E+01   0.1180E+01   0.1180E+01   0.1180E+01   0.1180E+01   0.1181E+01   0.1181E+01   0.1181E+01   0.1181E+01   0.1181E+01   0.1181E+01   0.1182E+01   0.1182E+01   0.1182E+01   0.1182E+01   0.1182E+01   0.1182E+01   0.1182E+01   0.1182E+01   0.1273E+01   0.1298E+01   0.1310E+01   0.1317E+01   0.1323E+01   0.1327E+01   0.1331E+01   0.1334E+01   0.1337E+01   0.1339E+01   0.1342E+01   0.1344E+01   0.1346E+01   0.1348E+01   0.1349E+01   0.1351E+01   0.1352E+01   0.1353E+01   0.1354E+01   0.1355E+01   0.1356E+01   0.1357E+01   0.1358E+01   0.1359E+01   0.1359E+01   0.1360E+01   0.1361E+01   0.1361E+01   0.1362E+01   0.1362E+01
0.2795E+02   0.5505E-03   0.6618E-03   0.7542E-03   0.8437E-03   0.9443E-03   0.1045E-02   0.1160E-02   0.1276E-02   0.1409E-02   0.1544E-02   0.1699E-02   0.1857E-02   0.2040E-02   0.2228E-02   0.2449E-02   0.2676E-02   0.2945E-02   0.3223E-02   0.3557E-02   0.3906E-02   0.4328E-02   0.4774E-02   0.5319E-02   0.5904E-02   0.6624E-02   0.7413E-02   0.8393E-02   0.9491E-02   0.1087E-01   0.1246E-01   0.1449E-01   0.1691E-01   0.2007E-01   0.2399E-01   0.2925E-01   0.3616E-01   0.4576E-01   0.5914E-01   0.7831E-01   0.1059E+00   0.1438E+00   0.2028E+00   0.2842E+00   0.4427E+00   0.7898E+00   0.9095E+00   0.9698E+00   0.1000E+01   0.1019E+01   0.1032E+01   0.1041E+01   0.1048E+01   0.1053E+01   0.1057E+01   0.1060E+01   0.1062E+01   0.1064E+01   0.1065E+01   0.1066E+01   0.1067E+01   0.1068E+01   0.1069E+01   0.1069E+01   0.1070E+01   0.1113E+01   0.1117E+01   0.1118E+01   0.1118E+01   0.1119E+01   0.1119E+01   0.1119E+01   0.1120E+01   0.1120E+01   0.1120E+01   0.1120E+01   0.1121E+01   0.1121E+01   0.1121E+01   0.1121E+01   0.1121E+01   0.1122E+01   0.1122E+01   0.1122E+01   0.1122E+01   0.1122E+01   0.1123E+01   0.1123E+01   0.1123E+01   0.1123E+01   0.1123E+01   0.1123E+01   0.1123E+01   0.1123E+01   0.1124E+01   0.1124E+01   0.1124E+01   0.1124E+01   0.1124E+01   0.1124E+01   0.1124E+01   0.1209E+01   0.1231E+01   0.1242E+01   0.1249E+01   0.1254E+01   0.1259E+01   0.1262E+01   0.1265E+01   0.1268E+01   0.1270E+01   0.1273E+01   0.1275E+01   0.1276E+01   0.1278E+01   0.1280E+01   0.1281E+01   0.1282E+01   0.1283E+01   0.1284E+01   0.1285E+01   0.1286E+01   0.1287E+01   0.1288E+01   0.1289E+01   0.1289E+01   0.1290E+01   0.1291E+01   0.1291E+01   0.1292E+01   0.1292E+01
0.2817E+02   0.5739E-03   0.6921E-03   0.7878E-03   0.8843E-03   0.9881E-03   0.1098E-02   0.1216E-02   0.1342E-02   0.1479E-02   0.1626E-02   0.1786E-02   0.1960E-02   0.2150E-02   0.2357E-02   0.2586E-02   0.2838E-02   0.3118E-02   0.3429E-02   0.3778E-02   0.4170E-02   0.4614E-02   0.5119E-02   0.5698E-02   0.6364E-02   0.7137E-02   0.8043E-02   0.9110E-02   0.1038E-01   0.1191E-01   0.1378E-01   0.1607E-01   0.1896E-01   0.2263E-01   0.2741E-01   0.3376E-01   0.4241E-01   0.5447E-01   0.7159E-01   0.9619E-01   0.1303E+00   0.1799E+00   0.2528E+00   0.3892E+00   0.6794E+00   0.8747E+00   0.9537E+00   0.9935E+00   0.1017E+01   0.1032E+01   0.1042E+01   0.1050E+01   0.1055E+01   0.1059E+01   0.1063E+01   0.1065E+01   0.1067E+01   0.1069E+01   0.1070E+01   0.1071E+01   0.1072E+01   0.1073E+01   0.1073E+01   0.1074E+01   0.1074E+01   0.1109E+01   0.1113E+01   0.1114E+01   0.1114E+01   0.1115E+01   0.1115E+01   0.1115E+01   0.1116E+01   0.1116E+01   0.1116E+01   0.1117E+01   0.1117E+01   0.1117E+01   0.1117E+01   0.1117E+01   0.1118E+01   0.1118E+01   0.1118E+01   0.1118E+01   0.1118E+01   0.1118E+01   0.1119E+01   0.1119E+01   0.1119E+01   0.1119E+01   0.1119E+01   0.1119E+01   0.1119E+01   0.1119E+01   0.1120E+01   0.1120E+01   0.1120E+01   0.1120E+01   0.1120E+01   0.1120E+01   0.1120E+01   0.1201E+01   0.1220E+01   0.1230E+01   0.1237E+01   0.1242E+01   0.1246E+01   0.1249E+01   0.1252E+01   0.1255E+01   0.1257E+01   0.1259E+01   0.1261E+01   0.1263E+01   0.1265E+01   0.1266E+01   0.1267E+01   0.1269E+01   0.1270E+01   0.1271E+01   0.1272E+01   0.1273E+01   0.1273E+01   0.1274E+01   0.1275E+01   0.1276E+01   0.1276E+01   0.1277E+01   0.1277E+01   0.1278E+01   0.1278E+01
0.2838E+02   0.6009E-03   0.7162E-03   0.8289E-03   0.9166E-03   0.1042E-02   0.1140E-02   0.1286E-02   0.1396E-02   0.1567E-02   0.1693E-02   0.1897E-02   0.2044E-02   0.2288E-02   0.2463E-02   0.2759E-02   0.2971E-02   0.3337E-02   0.3600E-02   0.4057E-02   0.4392E-02   0.4975E-02   0.5413E-02   0.6172E-02   0.6763E-02   0.7776E-02   0.8601E-02   0.9995E-02   0.1119E-01   0.1318E-01   0.1501E-01   0.1800E-01   0.2095E-01   0.2573E-01   0.3089E-01   0.3919E-01   0.4905E-01   0.6493E-01   0.8523E-01   0.1171E+00   0.1573E+00   0.2227E+00   0.3181E+00   0.5389E+00   0.8595E+00   0.9473E+00   0.9929E+00   0.1020E+01   0.1037E+01   0.1048E+01   0.1057E+01   0.1063E+01   0.1067E+01   0.1071E+01   0.1074E+01   0.1076E+01   0.1077E+01   0.1079E+01   0.1080E+01   0.1081E+01   0.1082E+01   0.1082E+01   0.1083E+01   0.1083E+01   0.1084E+01   0.1112E+01   0.1115E+01   0.1116E+01   0.1117E+01   0.1117E+01   0.1117E+01   0.1118E+01   0.1118E+01   0.1118E+01   0.1118E+01   0.1119E+01   0.1119E+01   0.1119E+01   0.1119E+01   0.1119E+01   0.1120E+01   0.1120E+01   0.1120E+01   0.1120E+01   0.1120E+01   0.1120E+01   0.1120E+01   0.1121E+01   0.1121E+01   0.1121E+01   0.1121E+01   0.1121E+01   0.1121E+01   0.1121E+01   0.1122E+01   0.1122E+01   0.1122E+01   0.1122E+01   0.1122E+01   0.1122E+01   0.1122E+01   0.1199E+01   0.1217E+01   0.1226E+01   0.1232E+01   0.1237E+01   0.1241E+01   0.1244E+01   0.1247E+01   0.1249E+01   0.1252E+01   0.1254E+01   0.1256E+01   0.1257E+01   0.1259E+01   0.1260E+01   0.1262E+01   0.1263E+01   0.1264E+01   0.1265E+01   0.1266E+01   0.1267E+01   0.1267E+01   0.1268E+01   0.1269E+01   0.1270E+01   0.1270E+01   0.1271E+01   0.1271E+01   0.1272E+01   0.1272E+01
0.2860E+02   0.6231E-03   0.7626E-03   0.8564E-03   0.9781E-03   0.1077E-02   0.1218E-02   0.1328E-02   0.1495E-02   0.1620E-02   0.1817E-02   0.1963E-02   0.2199E-02   0.2371E-02   0.2656E-02   0.2864E-02   0.3214E-02   0.3470E-02   0.3907E-02   0.4232E-02   0.4787E-02   0.5208E-02   0.5928E-02   0.6493E-02   0.7449E-02   0.8232E-02   0.9539E-02   0.1067E-01   0.1252E-01   0.1422E-01   0.1698E-01   0.1970E-01   0.2405E-01   0.2873E-01   0.3617E-01   0.4495E-01   0.5899E-01   0.7689E-01   0.1052E+00   0.1405E+00   0.1975E+00   0.2714E+00   0.4450E+00   0.7755E+00   0.9084E+00   0.9739E+00   0.1006E+01   0.1025E+01   0.1038E+01   0.1048E+01   0.1055E+01   0.1060E+01   0.1064E+01   0.1067E+01   0.1069E+01   0.1071E+01   0.1072E+01   0.1073E+01   0.1074E+01   0.1075E+01   0.1076E+01   0.1076E+01   0.1077E+01   0.1077E+01   0.1078E+01   0.1100E+01   0.1103E+01   0.1104E+01   0.1105E+01   0.1105E+01   0.1105E+01   0.1106E+01   0.1106E+01   0.1106E+01   0.1106E+01   0.1106E+01   0.1107E+01   0.1107E+01   0.1107E+01   0.1107E+01   0.1107E+01   0.1108E+01   0.1108E+01   0.1108E+01   0.1108E+01   0.1108E+01   0.1108E+01   0.1108E+01   0.1109E+01   0.1109E+01   0.1109E+01   0.1109E+01   0.1109E+01   0.1109E+01   0.1109E+01   0.1109E+01   0.1109E+01   0.1110E+01   0.1110E+01   0.1110E+01   0.1110E+01   0.1183E+01   0.1199E+01   0.1208E+01   0.1214E+01   0.1218E+01   0.1222E+01   0.1225E+01   0.1228E+01   0.1230E+01   0.1233E+01   0.1235E+01   0.1236E+01   0.1238E+01   0.1240E+01   0.1241E+01   0.1242E+01   0.1243E+01   0.1244E+01   0.1245E+01   0.1246E+01   0.1247E+01   0.1248E+01   0.1249E+01   0.1249E+01   0.1250E+01   0.1251E+01   0.1251E+01   0.1252E+01   0.1252E+01   0.1252E+01
0.2882E+02   0.6542E-03   0.7923E-03   0.9027E-03   0.1018E-02   0.1138E-02   0.1269E-02   0.1407E-02   0.1560E-02   0.1719E-02   0.1899E-02   0.2087E-02   0.2302E-02   0.2527E-02   0.2786E-02   0.3061E-02   0.3380E-02   0.3722E-02   0.4123E-02   0.4556E-02   0.5070E-02   0.5634E-02   0.6310E-02   0.7064E-02   0.7978E-02   0.9018E-02   0.1030E-01   0.1179E-01   0.1365E-01   0.1590E-01   0.1877E-01   0.2236E-01   0.2710E-01   0.3329E-01   0.4182E-01   0.5358E-01   0.7039E-01   0.9437E-01   0.1277E+00   0.1755E+00   0.2440E+00   0.3747E+00   0.6477E+00   0.8833E+00   0.9515E+00   0.9972E+00   0.1020E+01   0.1035E+01   0.1045E+01   0.1053E+01   0.1059E+01   0.1063E+01   0.1066E+01   0.1068E+01   0.1070E+01   0.1072E+01   0.1073E+01   0.1074E+01   0.1075E+01   0.1076E+01   0.1076E+01   0.1077E+01   0.1077E+01   0.1078E+01   0.1078E+01   0.1096E+01   0.1099E+01   0.1100E+01   0.1101E+01   0.1101E+01   0.1101E+01   0.1101E+01   0.1102E+01   0.1102E+01   0.1102E+01   0.1102E+01   0.1102E+01   0.1103E+01   0.1103E+01   0.1103E+01   0.1103E+01   0.1103E+01   0.1103E+01   0.1104E+01   0.1104E+01   0.1104E+01   0.1104E+01   0.1104E+01   0.1104E+01   0.1104E+01   0.1105E+01   0.1105E+01   0.1105E+01   0.1105E+01   0.1105E+01   0.1105E+01   0.1105E+01   0.1105E+01   0.1105E+01   0.1105E+01   0.1106E+01   0.1176E+01   0.1191E+01   0.1199E+01   0.1205E+01   0.1209E+01   0.1213E+01   0.1216E+01   0.1219E+01   0.1221E+01   0.1223E+01   0.1225E+01   0.1227E+01   0.1229E+01   0.1230E+01   0.1232E+01   0.1233E+01   0.1234E+01   0.1235E+01   0.1236E+01   0.1237E+01   0.1238E+01   0.1239E+01   0.1239E+01   0.1240E+01   0.1241E+01   0.1241E+01   0.1242E+01   0.1242E+01   0.1243E+01   0.1243E+01
0.2903E+02   0.6878E-03   0.8195E-03   0.9540E-03   0.1054E-02   0.1206E-02   0.1317E-02   0.1494E-02   0.1620E-02   0.1830E-02   0.1975E-02   0.2227E-02   0.2398E-02   0.2703E-02   0.2910E-02   0.3284E-02   0.3539E-02   0.4007E-02   0.4330E-02   0.4924E-02   0.5346E-02   0.6118E-02   0.6687E-02   0.7713E-02   0.8508E-02   0.9914E-02   0.1107E-01   0.1307E-01   0.1484E-01   0.1782E-01   0.2070E-01   0.2543E-01   0.3046E-01   0.3865E-01   0.4825E-01   0.6383E-01   0.8363E-01   0.1149E+00   0.1539E+00   0.2170E+00   0.3052E+00   0.5191E+00   0.8555E+00   0.9320E+00   0.9884E+00   0.1017E+01   0.1034E+01   0.1045E+01   0.1053E+01   0.1059E+01   0.1064E+01   0.1068E+01   0.1070E+01   0.1072E+01   0.1074E+01   0.1075E+01   0.1077E+01   0.1077E+01   0.1078E+01   0.1079E+01   0.1079E+01   0.1080E+01   0.1080E+01   0.1081E+01   0.1081E+01   0.1096E+01   0.1098E+01   0.1099E+01   0.1099E+01   0.1100E+01   0.1100E+01   0.1100E+01   0.1100E+01   0.1101E+01   0.1101E+01   0.1101E+01   0.1101E+01   0.1101E+01   0.1102E+01   0.1102E+01   0.1102E+01   0.1102E+01   0.1102E+01   0.1102E+01   0.1102E+01   0.1103E+01   0.1103E+01   0.1103E+01   0.1103E+01   0.1103E+01   0.1103E+01   0.1103E+01   0.1103E+01   0.1104E+01   0.1104E+01   0.1104E+01   0.1104E+01   0.1104E+01   0.1104E+01   0.1104E+01   0.1104E+01   0.1173E+01   0.1187E+01   0.1195E+01   0.1200E+01   0.1205E+01   0.1208E+01   0.1211E+01   0.1214E+01   0.1216E+01   0.1219E+01   0.1221E+01   0.1222E+01   0.1224E+01   0.1225E+01   0.1227E+01   0.1228E+01   0.1229E+01   0.1230E+01   0.1231E+01   0.1232E+01   0.1233E+01   0.1234E+01   0.1234E+01   0.1235E+01   0.1235E+01   0.1236E+01   0.1237E+01   0.1237E+01   0.1237E+01   0.1238E+01
0.2925E+02   0.7138E-03   0.8737E-03   0.9866E-03   0.1126E-02   0.1247E-02   0.1409E-02   0.1546E-02   0.1738E-02   0.1896E-02   0.2124E-02   0.2310E-02   0.2586E-02   0.2809E-02   0.3146E-02   0.3421E-02   0.3840E-02   0.4186E-02   0.4718E-02   0.5164E-02   0.5853E-02   0.6448E-02   0.7363E-02   0.8181E-02   0.9434E-02   0.1060E-01   0.1238E-01   0.1414E-01   0.1679E-01   0.1956E-01   0.2376E-01   0.2849E-01   0.3570E-01   0.4450E-01   0.5812E-01   0.7595E-01   0.1035E+00   0.1387E+00   0.1938E+00   0.2665E+00   0.4328E+00   0.7561E+00   0.9064E+00   0.9704E+00   0.1006E+01   0.1027E+01   0.1040E+01   0.1049E+01   0.1056E+01   0.1061E+01   0.1065E+01   0.1068E+01   0.1071E+01   0.1072E+01   0.1074E+01   0.1075E+01   0.1076E+01   0.1077E+01   0.1077E+01   0.1078E+01   0.1079E+01   0.1079E+01   0.1079E+01   0.1080E+01   0.1080E+01   0.1092E+01   0.1095E+01   0.1095E+01   0.1096E+01   0.1096E+01   0.1096E+01   0.1096E+01   0.1097E+01   0.1097E+01   0.1097E+01   0.1097E+01   0.1097E+01   0.1098E+01   0.1098E+01   0.1098E+01   0.1098E+01   0.1098E+01   0.1098E+01   0.1098E+01   0.1099E+01   0.1099E+01   0.1099E+01   0.1099E+01   0.1099E+01   0.1099E+01   0.1099E+01   0.1099E+01   0.1100E+01   0.1100E+01   0.1100E+01   0.1100E+01   0.1100E+01   0.1100E+01   0.1100E+01   0.1100E+01   0.1100E+01   0.1168E+01   0.1181E+01   0.1189E+01   0.1194E+01   0.1199E+01   0.1202E+01   0.1205E+01   0.1208E+01   0.1210E+01   0.1213E+01   0.1215E+01   0.1216E+01   0.1218E+01   0.1219E+01   0.1221E+01   0.1222E+01   0.1223E+01   0.1224E+01   0.1225E+01   0.1226E+01   0.1227E+01   0.1228E+01   0.1228E+01   0.1229E+01   0.1229E+01   0.1230E+01   0.1231E+01   0.1231E+01   0.1231E+01   0.1232E+01
0.2947E+02   0.7494E-03   0.9117E-03   0.1039E-02   0.1177E-02   0.1316E-02   0.1475E-02   0.1635E-02   0.1822E-02   0.2009E-02   0.2231E-02   0.2454E-02   0.2722E-02   0.2992E-02   0.3321E-02   0.3655E-02   0.4067E-02   0.4489E-02   0.5016E-02   0.5564E-02   0.6254E-02   0.6985E-02   0.7915E-02   0.8925E-02   0.1022E-01   0.1167E-01   0.1355E-01   0.1573E-01   0.1862E-01   0.2211E-01   0.2684E-01   0.3287E-01   0.4133E-01   0.5280E-01   0.6940E-01   0.9280E-01   0.1258E+00   0.1723E+00   0.2398E+00   0.3640E+00   0.6280E+00   0.8785E+00   0.9495E+00   0.9963E+00   0.1019E+01   0.1035E+01   0.1045E+01   0.1053E+01   0.1059E+01   0.1063E+01   0.1066E+01   0.1069E+01   0.1071E+01   0.1073E+01   0.1074E+01   0.1075E+01   0.1076E+01   0.1076E+01   0.1077E+01   0.1078E+01   0.1078E+01   0.1079E+01   0.1079E+01   0.1079E+01   0.1080E+01   0.1090E+01   0.1092E+01   0.1092E+01   0.1093E+01   0.1093E+01   0.1093E+01   0.1093E+01   0.1094E+01   0.1094E+01   0.1094E+01   0.1094E+01   0.1094E+01   0.1095E+01   0.1095E+01   0.1095E+01   0.1095E+01   0.1095E+01   0.1095E+01   0.1095E+01   0.1096E+01   0.1096E+01   0.1096E+01   0.1096E+01   0.1096E+01   0.1096E+01   0.1096E+01   0.1096E+01   0.1096E+01   0.1097E+01   0.1097E+01   0.1097E+01   0.1097E+01   0.1097E+01   0.1097E+01   0.1097E+01   0.1097E+01   0.1165E+01   0.1177E+01   0.1184E+01   0.1190E+01   0.1194E+01   0.1198E+01   0.1201E+01   0.1203E+01   0.1206E+01   0.1208E+01   0.1210E+01   0.1212E+01   0.1213E+01   0.1215E+01   0.1216E+01   0.1217E+01   0.1219E+01   0.1220E+01   0.1221E+01   0.1221E+01   0.1222E+01   0.1223E+01   0.1224E+01   0.1224E+01   0.1225E+01   0.1225E+01   0.1226E+01   0.1226E+01   0.1227E+01   0.1227E+01
0.2968E+02   0.7903E-03   0.9424E-03   0.1102E-02   0.1218E-02   0.1399E-02   0.1529E-02   0.1743E-02   0.1891E-02   0.2147E-02   0.2320E-02   0.2629E-02   0.2837E-02   0.3215E-02   0.3470E-02   0.3941E-02   0.4262E-02   0.4860E-02   0.5277E-02   0.6051E-02   0.6613E-02   0.7639E-02   0.8422E-02   0.9825E-02   0.1096E-01   0.1295E-01   0.1469E-01   0.1765E-01   0.2047E-01   0.2516E-01   0.3008E-01   0.3814E-01   0.4752E-01   0.6281E-01   0.8215E-01   0.1129E+00   0.1509E+00   0.2129E+00   0.2954E+00   0.4999E+00   0.8509E+00   0.9283E+00   0.9862E+00   0.1014E+01   0.1030E+01   0.1042E+01   0.1050E+01   0.1056E+01   0.1061E+01   0.1065E+01   0.1068E+01   0.1070E+01   0.1071E+01   0.1073E+01   0.1074E+01   0.1075E+01   0.1076E+01   0.1076E+01   0.1077E+01   0.1077E+01   0.1078E+01   0.1078E+01   0.1079E+01   0.1079E+01   0.1079E+01   0.1088E+01   0.1089E+01   0.1090E+01   0.1090E+01   0.1091E+01   0.1091E+01   0.1091E+01   0.1091E+01   0.1091E+01   0.1092E+01   0.1092E+01   0.1092E+01   0.1092E+01   0.1092E+01   0.1092E+01   0.1093E+01   0.1093E+01   0.1093E+01   0.1093E+01   0.1093E+01   0.1093E+01   0.1093E+01   0.1093E+01   0.1094E+01   0.1094E+01   0.1094E+01   0.1094E+01   0.1094E+01   0.1094E+01   0.1094E+01   0.1094E+01   0.1094E+01   0.1094E+01   0.1095E+01   0.1095E+01   0.1095E+01   0.1162E+01   0.1174E+01   0.1181E+01   0.1186E+01   0.1191E+01   0.1194E+01   0.1197E+01   0.1200E+01   0.1202E+01   0.1204E+01   0.1206E+01   0.1208E+01   0.1210E+01   0.1211E+01   0.1213E+01   0.1214E+01   0.1215E+01   0.1216E+01   0.1217E+01   0.1218E+01   0.1218E+01   0.1219E+01   0.1220E+01   0.1221E+01   0.1221E+01   0.1222E+01   0.1222E+01   0.1223E+01   0.1223E+01   0.1223E+01
0.2990E+02   0.8216E-03   0.1006E-02   0.1142E-02   0.1303E-02   0.1450E-02   0.1639E-02   0.1808E-02   0.2032E-02   0.2230E-02   0.2499E-02   0.2736E-02   0.3064E-02   0.3354E-02   0.3761E-02   0.4124E-02   0.4639E-02   0.5106E-02   0.5772E-02   0.6389E-02   0.7274E-02   0.8119E-02   0.9330E-02   0.1053E-01   0.1225E-01   0.1404E-01   0.1661E-01   0.1942E-01   0.2350E-01   0.2825E-01   0.3526E-01   0.4405E-01   0.5731E-01   0.7501E-01   0.1019E+00   0.1368E+00   0.1906E+00   0.2626E+00   0.4226E+00   0.7373E+00   0.9016E+00   0.9666E+00   0.1004E+01   0.1024E+01   0.1037E+01   0.1047E+01   0.1054E+01   0.1059E+01   0.1063E+01   0.1066E+01   0.1069E+01   0.1071E+01   0.1072E+01   0.1073E+01   0.1074E+01   0.1075E+01   0.1076E+01   0.1076E+01   0.1077E+01   0.1077E+01   0.1078E+01   0.1078E+01   0.1078E+01   0.1079E+01   0.1079E+01   0.1086E+01   0.1088E+01   0.1088E+01   0.1089E+01   0.1089E+01   0.1089E+01   0.1089E+01   0.1090E+01   0.1090E+01   0.1090E+01   0.1090E+01   0.1090E+01   0.1090E+01   0.1091E+01   0.1091E+01   0.1091E+01   0.1091E+01   0.1091E+01   0.1091E+01   0.1091E+01   0.1092E+01   0.1092E+01   0.1092E+01   0.1092E+01   0.1092E+01   0.1092E+01   0.1092E+01   0.1092E+01   0.1092E+01   0.1093E+01   0.1093E+01   0.1093E+01   0.1093E+01   0.1093E+01   0.1093E+01   0.1093E+01   0.1160E+01   0.1172E+01   0.1179E+01   0.1184E+01   0.1188E+01   0.1192E+01   0.1195E+01   0.1198E+01   0.1200E+01   0.1202E+01   0.1204E+01   0.1206E+01   0.1208E+01   0.1209E+01   0.1210E+01   0.1212E+01   0.1213E+01   0.1214E+01   0.1215E+01   0.1216E+01   0.1216E+01   0.1217E+01   0.1218E+01   0.1218E+01   0.1219E+01   0.1220E+01   0.1220E+01   0.1221E+01   0.1221E+01   0.1221E+01
0.3012E+02   0.8628E-03   0.1054E-02   0.1202E-02   0.1367E-02   0.1529E-02   0.1723E-02   0.1910E-02   0.2140E-02   0.2361E-02   0.2638E-02   0.2905E-02   0.3244E-02   0.3572E-02   0.3994E-02   0.4408E-02   0.4946E-02   0.5482E-02   0.6183E-02   0.6898E-02   0.7839E-02   0.8825E-02   0.1013E-01   0.1155E-01   0.1344E-01   0.1557E-01   0.1845E-01   0.2186E-01   0.2657E-01   0.3246E-01   0.4085E-01   0.5203E-01   0.6842E-01   0.9126E-01   0.1239E+00   0.1692E+00   0.2358E+00   0.3541E+00   0.6093E+00   0.8742E+00   0.9457E+00   0.9941E+00   0.1018E+01   0.1033E+01   0.1043E+01   0.1052E+01   0.1057E+01   0.1062E+01   0.1065E+01   0.1068E+01   0.1070E+01   0.1071E+01   0.1073E+01   0.1074E+01   0.1075E+01   0.1075E+01   0.1076E+01   0.1076E+01   0.1077E+01   0.1077E+01   0.1078E+01   0.1078E+01   0.1078E+01   0.1079E+01   0.1079E+01   0.1085E+01   0.1087E+01   0.1087E+01   0.1087E+01   0.1088E+01   0.1088E+01   0.1088E+01   0.1088E+01   0.1088E+01   0.1089E+01   0.1089E+01   0.1089E+01   0.1089E+01   0.1089E+01   0.1089E+01   0.1090E+01   0.1090E+01   0.1090E+01   0.1090E+01   0.1090E+01   0.1090E+01   0.1090E+01   0.1090E+01   0.1091E+01   0.1091E+01   0.1091E+01   0.1091E+01   0.1091E+01   0.1091E+01   0.1091E+01   0.1091E+01   0.1091E+01   0.1091E+01   0.1092E+01   0.1092E+01   0.1092E+01   0.1158E+01   0.1170E+01   0.1177E+01   0.1183E+01   0.1187E+01   0.1190E+01   0.1193E+01   0.1196E+01   0.1198E+01   0.1201E+01   0.1203E+01   0.1204E+01   0.1206E+01   0.1207E+01   0.1209E+01   0.1210E+01   0.1211E+01   0.1212E+01   0.1213E+01   0.1214E+01   0.1215E+01   0.1215E+01   0.1216E+01   0.1217E+01   0.1217E+01   0.1218E+01   0.1218E+01   0.1219E+01   0.1219E+01   0.1220E+01
0.3033E+02   0.9123E-03   0.1089E-02   0.1279E-02   0.1414E-02   0.1632E-02   0.1785E-02   0.2044E-02   0.2221E-02   0.2534E-02   0.2743E-02   0.3126E-02   0.3382E-02   0.3857E-02   0.4177E-02   0.4779E-02   0.5192E-02   0.5969E-02   0.6524E-02   0.7552E-02   0.8323E-02   0.9725E-02   0.1084E-01   0.1283E-01   0.1453E-01   0.1747E-01   0.2023E-01   0.2487E-01   0.2968E-01   0.3763E-01   0.4677E-01   0.6180E-01   0.8065E-01   0.1110E+00   0.1479E+00   0.2089E+00   0.2856E+00   0.4812E+00   0.8468E+00   0.9248E+00   0.9841E+00   0.1012E+01   0.1029E+01   0.1040E+01   0.1049E+01   0.1055E+01   0.1060E+01   0.1064E+01   0.1067E+01   0.1069E+01   0.1071E+01   0.1072E+01   0.1073E+01   0.1074E+01   0.1075E+01   0.1075E+01   0.1076E+01   0.1077E+01   0.1077E+01   0.1077E+01   0.1078E+01   0.1078E+01   0.1078E+01   0.1079E+01   0.1079E+01   0.1084E+01   0.1086E+01   0.1086E+01   0.1086E+01   0.1087E+01   0.1087E+01   0.1087E+01   0.1087E+01   0.1087E+01   0.1087E+01   0.1088E+01   0.1088E+01   0.1088E+01   0.1088E+01   0.1088E+01   0.1088E+01   0.1089E+01   0.1089E+01   0.1089E+01   0.1089E+01   0.1089E+01   0.1089E+01   0.1089E+01   0.1089E+01   0.1089E+01   0.1090E+01   0.1090E+01   0.1090E+01   0.1090E+01   0.1090E+01   0.1090E+01   0.1090E+01   0.1090E+01   0.1090E+01   0.1090E+01   0.1090E+01   0.1157E+01   0.1169E+01   0.1176E+01   0.1181E+01   0.1186E+01   0.1189E+01   0.1192E+01   0.1195E+01   0.1197E+01   0.1199E+01   0.1201E+01   0.1203E+01   0.1205E+01   0.1206E+01   0.1208E+01   0.1209E+01   0.1210E+01   0.1211E+01   0.1212E+01   0.1213E+01   0.1213E+01   0.1214E+01   0.1215E+01   0.1216E+01   0.1216E+01   0.1217E+01   0.1217E+01   0.1218E+01   0.1218E+01   0.1218E+01
0.3055E+02   0.9504E-03   0.1164E-02   0.1328E-02   0.1516E-02   0.1696E-02   0.1917E-02   0.2126E-02   0.2391E-02   0.2640E-02   0.2962E-02   0.3266E-02   0.3664E-02   0.4042E-02   0.4544E-02   0.5027E-02   0.5676E-02   0.6312E-02   0.7172E-02   0.8039E-02   0.9216E-02   0.1044E-01   0.1212E-01   0.1392E-01   0.1643E-01   0.1926E-01   0.2323E-01   0.2799E-01   0.3483E-01   0.4357E-01   0.5651E-01   0.7404E-01   0.1003E+00   0.1349E+00   0.1874E+00   0.2587E+00   0.4126E+00   0.7188E+00   0.8974E+00   0.9632E+00   0.1002E+01   0.1023E+01   0.1036E+01   0.1046E+01   0.1053E+01   0.1058E+01   0.1062E+01   0.1066E+01   0.1068E+01   0.1070E+01   0.1071E+01   0.1073E+01   0.1074E+01   0.1074E+01   0.1075E+01   0.1076E+01   0.1076E+01   0.1077E+01   0.1077E+01   0.1077E+01   0.1078E+01   0.1078E+01   0.1078E+01   0.1079E+01   0.1079E+01   0.1084E+01   0.1085E+01   0.1085E+01   0.1085E+01   0.1086E+01   0.1086E+01   0.1086E+01   0.1086E+01   0.1086E+01   0.1087E+01   0.1087E+01   0.1087E+01   0.1087E+01   0.1087E+01   0.1087E+01   0.1087E+01   0.1088E+01   0.1088E+01   0.1088E+01   0.1088E+01   0.1088E+01   0.1088E+01   0.1088E+01   0.1088E+01   0.1089E+01   0.1089E+01   0.1089E+01   0.1089E+01   0.1089E+01   0.1089E+01   0.1089E+01   0.1089E+01   0.1089E+01   0.1089E+01   0.1089E+01   0.1090E+01   0.1156E+01   0.1168E+01   0.1175E+01   0.1181E+01   0.1185E+01   0.1188E+01   0.1191E+01   0.1194E+01   0.1196E+01   0.1199E+01   0.1201E+01   0.1202E+01   0.1204E+01   0.1205E+01   0.1207E+01   0.1208E+01   0.1209E+01   0.1210E+01   0.1211E+01   0.1212E+01   0.1213E+01   0.1213E+01   0.1214E+01   0.1215E+01   0.1215E+01   0.1216E+01   0.1216E+01   0.1217E+01   0.1217E+01   0.1218E+01
0.3077E+02   0.9984E-03   0.1225E-02   0.1397E-02   0.1597E-02   0.1787E-02   0.2024E-02   0.2246E-02   0.2530E-02   0.2796E-02   0.3143E-02   0.3468E-02   0.3900E-02   0.4308E-02   0.4856E-02   0.5382E-02   0.6094E-02   0.6794E-02   0.7747E-02   0.8710E-02   0.1003E-01   0.1141E-01   0.1331E-01   0.1539E-01   0.1827E-01   0.2160E-01   0.2629E-01   0.3204E-01   0.4035E-01   0.5125E-01   0.6742E-01   0.8970E-01   0.1220E+00   0.1661E+00   0.2318E+00   0.3441E+00   0.5907E+00   0.8700E+00   0.9424E+00   0.9923E+00   0.1017E+01   0.1032E+01   0.1042E+01   0.1050E+01   0.1056E+01   0.1061E+01   0.1064E+01   0.1067E+01   0.1069E+01   0.1071E+01   0.1072E+01   0.1073E+01   0.1074E+01   0.1075E+01   0.1075E+01   0.1076E+01   0.1076E+01   0.1077E+01   0.1077E+01   0.1077E+01   0.1078E+01   0.1078E+01   0.1078E+01   0.1079E+01   0.1079E+01   0.1083E+01   0.1084E+01   0.1084E+01   0.1085E+01   0.1085E+01   0.1085E+01   0.1085E+01   0.1085E+01   0.1086E+01   0.1086E+01   0.1086E+01   0.1086E+01   0.1086E+01   0.1086E+01   0.1087E+01   0.1087E+01   0.1087E+01   0.1087E+01   0.1087E+01   0.1087E+01   0.1087E+01   0.1087E+01   0.1088E+01   0.1088E+01   0.1088E+01   0.1088E+01   0.1088E+01   0.1088E+01   0.1088E+01   0.1088E+01   0.1088E+01   0.1088E+01   0.1088E+01   0.1089E+01   0.1089E+01   0.1089E+01   0.1156E+01   0.1167E+01   0.1174E+01   0.1180E+01   0.1184E+01   0.1188E+01   0.1191E+01   0.1193E+01   0.1196E+01   0.1198E+01   0.1200E+01   0.1202E+01   0.1203E+01   0.1205E+01   0.1206E+01   0.1207E+01   0.1208E+01   0.1209E+01   0.1210E+01   0.1211E+01   0.1212E+01   0.1213E+01   0.1214E+01   0.1214E+01   0.1215E+01   0.1215E+01   0.1216E+01   0.1216E+01   0.1217E+01   0.1217E+01
0.3098E+02   0.1058E-02   0.1268E-02   0.1489E-02   0.1656E-02   0.1912E-02   0.2102E-02   0.2409E-02   0.2634E-02   0.3008E-02   0.3280E-02   0.3744E-02   0.4083E-02   0.4669E-02   0.5104E-02   0.5859E-02   0.6438E-02   0.7437E-02   0.8235E-02   0.9597E-02   0.1075E-01   0.1267E-01   0.1441E-01   0.1727E-01   0.2006E-01   0.2459E-01   0.2942E-01   0.3718E-01   0.4630E-01   0.6098E-01   0.7968E-01   0.1093E+00   0.1460E+00   0.2056E+00   0.2816E+00   0.4711E+00   0.8283E+00   0.9206E+00   0.9808E+00   0.1010E+01   0.1028E+01   0.1039E+01   0.1048E+01   0.1054E+01   0.1059E+01   0.1063E+01   0.1066E+01   0.1068E+01   0.1070E+01   0.1071E+01   0.1073E+01   0.1073E+01   0.1074E+01   0.1075E+01   0.1075E+01   0.1076E+01   0.1076E+01   0.1077E+01   0.1077E+01   0.1078E+01   0.1078E+01   0.1078E+01   0.1078E+01   0.1079E+01   0.1079E+01   0.1083E+01   0.1084E+01   0.1084E+01   0.1084E+01   0.1084E+01   0.1084E+01   0.1085E+01   0.1085E+01   0.1085E+01   0.1085E+01   0.1085E+01   0.1085E+01   0.1086E+01   0.1086E+01   0.1086E+01   0.1086E+01   0.1086E+01   0.1086E+01   0.1086E+01   0.1086E+01   0.1087E+01   0.1087E+01   0.1087E+01   0.1087E+01   0.1087E+01   0.1087E+01   0.1087E+01   0.1087E+01   0.1087E+01   0.1088E+01   0.1088E+01   0.1088E+01   0.1088E+01   0.1088E+01   0.1088E+01   0.1088E+01   0.1155E+01   0.1167E+01   0.1174E+01   0.1179E+01   0.1184E+01   0.1187E+01   0.1190E+01   0.1193E+01   0.1195E+01   0.1198E+01   0.1199E+01   0.1201E+01   0.1203E+01   0.1204E+01   0.1206E+01   0.1207E+01   0.1208E+01   0.1209E+01   0.1210E+01   0.1211E+01   0.1212E+01   0.1212E+01   0.1213E+01   0.1214E+01   0.1214E+01   0.1215E+01   0.1215E+01   0.1216E+01   0.1216E+01   0.1217E+01
0.3120E+02   0.1106E-02   0.1355E-02   0.1553E-02   0.1774E-02   0.1995E-02   0.2257E-02   0.2518E-02   0.2836E-02   0.3152E-02   0.3543E-02   0.3935E-02   0.4427E-02   0.4926E-02   0.5560E-02   0.6214E-02   0.7053E-02   0.7938E-02   0.9086E-02   0.1033E-01   0.1196E-01   0.1379E-01   0.1623E-01   0.1908E-01   0.2295E-01   0.2771E-01   0.3439E-01   0.4307E-01   0.5571E-01   0.7305E-01   0.9873E-01   0.1330E+00   0.1843E+00   0.2547E+00   0.4026E+00   0.7002E+00   0.8932E+00   0.9599E+00   0.1000E+01   0.1022E+01   0.1035E+01   0.1045E+01   0.1052E+01   0.1057E+01   0.1061E+01   0.1065E+01   0.1067E+01   0.1069E+01   0.1071E+01   0.1072E+01   0.1073E+01   0.1074E+01   0.1075E+01   0.1075E+01   0.1076E+01   0.1076E+01   0.1077E+01   0.1077E+01   0.1077E+01   0.1078E+01   0.1078E+01   0.1078E+01   0.1078E+01   0.1079E+01   0.1079E+01   0.1082E+01   0.1083E+01   0.1083E+01   0.1084E+01   0.1084E+01   0.1084E+01   0.1084E+01   0.1084E+01   0.1084E+01   0.1085E+01   0.1085E+01   0.1085E+01   0.1085E+01   0.1085E+01   0.1085E+01   0.1085E+01   0.1086E+01   0.1086E+01   0.1086E+01   0.1086E+01   0.1086E+01   0.1086E+01   0.1086E+01   0.1086E+01   0.1086E+01   0.1087E+01   0.1087E+01   0.1087E+01   0.1087E+01   0.1087E+01   0.1087E+01   0.1087E+01   0.1087E+01   0.1087E+01   0.1087E+01   0.1087E+01   0.1155E+01   0.1166E+01   0.1174E+01   0.1179E+01   0.1183E+01   0.1187E+01   0.1190E+01   0.1193E+01   0.1195E+01   0.1197E+01   0.1199E+01   0.1201E+01   0.1203E+01   0.1204E+01   0.1205E+01   0.1207E+01   0.1208E+01   0.1209E+01   0.1210E+01   0.1211E+01   0.1211E+01   0.1212E+01   0.1213E+01   0.1213E+01   0.1214E+01   0.1215E+01   0.1215E+01   0.1216E+01   0.1216E+01   0.1216E+01
0.3142E+02   0.1162E-02   0.1432E-02   0.1634E-02   0.1878E-02   0.2103E-02   0.2395E-02   0.2660E-02   0.3016E-02   0.3339E-02   0.3781E-02   0.4183E-02   0.4742E-02   0.5259E-02   0.5984E-02   0.6669E-02   0.7634E-02   0.8576E-02   0.9906E-02   0.1125E-01   0.1316E-01   0.1519E-01   0.1808E-01   0.2132E-01   0.2599E-01   0.3160E-01   0.3983E-01   0.5046E-01   0.6641E-01   0.8814E-01   0.1200E+00   0.1629E+00   0.2277E+00   0.3342E+00   0.5721E+00   0.8658E+00   0.9390E+00   0.9905E+00   0.1016E+01   0.1031E+01   0.1042E+01   0.1050E+01   0.1056E+01   0.1060E+01   0.1063E+01   0.1066E+01   0.1068E+01   0.1070E+01   0.1071E+01   0.1072E+01   0.1073E+01   0.1074E+01   0.1075E+01   0.1075E+01   0.1076E+01   0.1076E+01   0.1077E+01   0.1077E+01   0.1077E+01   0.1078E+01   0.1078E+01   0.1078E+01   0.1078E+01   0.1079E+01   0.1079E+01   0.1082E+01   0.1083E+01   0.1083E+01   0.1083E+01   0.1083E+01   0.1083E+01   0.1084E+01   0.1084E+01   0.1084E+01   0.1084E+01   0.1084E+01   0.1084E+01   0.1085E+01   0.1085E+01   0.1085E+01   0.1085E+01   0.1085E+01   0.1085E+01   0.1085E+01   0.1085E+01   0.1086E+01   0.1086E+01   0.1086E+01   0.1086E+01   0.1086E+01   0.1086E+01   0.1086E+01   0.1086E+01   0.1086E+01   0.1086E+01   0.1086E+01   0.1087E+01   0.1087E+01   0.1087E+01   0.1087E+01   0.1087E+01   0.1154E+01   0.1166E+01   0.1173E+01   0.1179E+01   0.1183E+01   0.1187E+01   0.1190E+01   0.1192E+01   0.1195E+01   0.1197E+01   0.1199E+01   0.1201E+01   0.1202E+01   0.1204E+01   0.1205E+01   0.1206E+01   0.1207E+01   0.1209E+01   0.1209E+01   0.1210E+01   0.1211E+01   0.1212E+01   0.1213E+01   0.1213E+01   0.1214E+01   0.1214E+01   0.1215E+01   0.1215E+01   0.1216E+01   0.1216E+01
0.3163E+02   0.1235E-02   0.1486E-02   0.1747E-02   0.1952E-02   0.2256E-02   0.2494E-02   0.2863E-02   0.3150E-02   0.3606E-02   0.3961E-02   0.4535E-02   0.4989E-02   0.5727E-02   0.6326E-02   0.7302E-02   0.8123E-02   0.9452E-02   0.1063E-01   0.1251E-01   0.1427E-01   0.1706E-01   0.1988E-01   0.2430E-01   0.2913E-01   0.3672E-01   0.4579E-01   0.6015E-01   0.7868E-01   0.1077E+00   0.1440E+00   0.2024E+00   0.2776E+00   0.4610E+00   0.8097E+00   0.9163E+00   0.9774E+00   0.1009E+01   0.1026E+01   0.1038E+01   0.1047E+01   0.1054E+01   0.1059E+01   0.1062E+01   0.1065E+01   0.1068E+01   0.1069E+01   0.1071E+01   0.1072E+01   0.1073E+01   0.1074E+01   0.1074E+01   0.1075E+01   0.1075E+01   0.1076E+01   0.1076E+01   0.1077E+01   0.1077E+01   0.1077E+01   0.1078E+01   0.1078E+01   0.1078E+01   0.1078E+01   0.1079E+01   0.1079E+01   0.1082E+01   0.1082E+01   0.1082E+01   0.1083E+01   0.1083E+01   0.1083E+01   0.1083E+01   0.1083E+01   0.1084E+01   0.1084E+01   0.1084E+01   0.1084E+01   0.1084E+01   0.1084E+01   0.1084E+01   0.1084E+01   0.1085E+01   0.1085E+01   0.1085E+01   0.1085E+01   0.1085E+01   0.1085E+01   0.1085E+01   0.1085E+01   0.1085E+01   0.1086E+01   0.1086E+01   0.1086E+01   0.1086E+01   0.1086E+01   0.1086E+01   0.1086E+01   0.1086E+01   0.1086E+01   0.1086E+01   0.1086E+01   0.1154E+01   0.1166E+01   0.1173E+01   0.1179E+01   0.1183E+01   0.1186E+01   0.1190E+01   0.1192E+01   0.1195E+01   0.1197E+01   0.1199E+01   0.1201E+01   0.1202E+01   0.1204E+01   0.1205E+01   0.1206E+01   0.1207E+01   0.1208E+01   0.1209E+01   0.1210E+01   0.1211E+01   0.1212E+01   0.1212E+01   0.1213E+01   0.1214E+01   0.1214E+01   0.1215E+01   0.1215E+01   0.1216E+01   0.1216E+01
0.3185E+02   0.1295E-02   0.1588E-02   0.1829E-02   0.2091E-02   0.2365E-02   0.2680E-02   0.3008E-02   0.3394E-02   0.3800E-02   0.4284E-02   0.4798E-02   0.5420E-02   0.6090E-02   0.6912E-02   0.7813E-02   0.8936E-02   0.1020E-01   0.1179E-01   0.1364E-01   0.1602E-01   0.1887E-01   0.2266E-01   0.2741E-01   0.3393E-01   0.4255E-01   0.5490E-01   0.7203E-01   0.9713E-01   0.1310E+00   0.1811E+00   0.2506E+00   0.3925E+00   0.6815E+00   0.8889E+00   0.9565E+00   0.9986E+00   0.1020E+01   0.1034E+01   0.1044E+01   0.1051E+01   0.1057E+01   0.1061E+01   0.1064E+01   0.1066E+01   0.1069E+01   0.1070E+01   0.1071E+01   0.1072E+01   0.1073E+01   0.1074E+01   0.1075E+01   0.1075E+01   0.1076E+01   0.1076E+01   0.1076E+01   0.1077E+01   0.1077E+01   0.1077E+01   0.1078E+01   0.1078E+01   0.1078E+01   0.1078E+01   0.1079E+01   0.1079E+01   0.1081E+01   0.1082E+01   0.1082E+01   0.1082E+01   0.1083E+01   0.1083E+01   0.1083E+01   0.1083E+01   0.1083E+01   0.1083E+01   0.1083E+01   0.1084E+01   0.1084E+01   0.1084E+01   0.1084E+01   0.1084E+01   0.1084E+01   0.1084E+01   0.1084E+01   0.1085E+01   0.1085E+01   0.1085E+01   0.1085E+01   0.1085E+01   0.1085E+01   0.1085E+01   0.1085E+01   0.1085E+01   0.1085E+01   0.1086E+01   0.1086E+01   0.1086E+01   0.1086E+01   0.1086E+01   0.1086E+01   0.1086E+01   0.1154E+01   0.1166E+01   0.1173E+01   0.1178E+01   0.1183E+01   0.1186E+01   0.1189E+01   0.1192E+01   0.1195E+01   0.1197E+01   0.1199E+01   0.1200E+01   0.1202E+01   0.1204E+01   0.1205E+01   0.1206E+01   0.1207E+01   0.1208E+01   0.1209E+01   0.1210E+01   0.1211E+01   0.1212E+01   0.1212E+01   0.1213E+01   0.1214E+01   0.1214E+01   0.1215E+01   0.1215E+01   0.1215E+01   0.1216E+01
0.3207E+02   0.1362E-02   0.1686E-02   0.1925E-02   0.2225E-02   0.2494E-02   0.2858E-02   0.3180E-02   0.3632E-02   0.4030E-02   0.4600E-02   0.5110E-02   0.5846E-02   0.6519E-02   0.7497E-02   0.8418E-02   0.9761E-02   0.1108E-01   0.1300E-01   0.1498E-01   0.1787E-01   0.2103E-01   0.2568E-01   0.3115E-01   0.3930E-01   0.4965E-01   0.6538E-01   0.8655E-01   0.1181E+00   0.1598E+00   0.2237E+00   0.3242E+00   0.5534E+00   0.8615E+00   0.9356E+00   0.9886E+00   0.1014E+01   0.1030E+01   0.1041E+01   0.1049E+01   0.1055E+01   0.1059E+01   0.1063E+01   0.1066E+01   0.1068E+01   0.1069E+01   0.1071E+01   0.1072E+01   0.1073E+01   0.1074E+01   0.1074E+01   0.1075E+01   0.1075E+01   0.1076E+01   0.1076E+01   0.1076E+01   0.1077E+01   0.1077E+01   0.1077E+01   0.1078E+01   0.1078E+01   0.1078E+01   0.1078E+01   0.1079E+01   0.1079E+01   0.1081E+01   0.1082E+01   0.1082E+01   0.1082E+01   0.1082E+01   0.1082E+01   0.1083E+01   0.1083E+01   0.1083E+01   0.1083E+01   0.1083E+01   0.1083E+01   0.1083E+01   0.1084E+01   0.1084E+01   0.1084E+01   0.1084E+01   0.1084E+01   0.1084E+01   0.1084E+01   0.1084E+01   0.1084E+01   0.1085E+01   0.1085E+01   0.1085E+01   0.1085E+01   0.1085E+01   0.1085E+01   0.1085E+01   0.1085E+01   0.1085E+01   0.1085E+01   0.1085E+01   0.1085E+01   0.1086E+01   0.1086E+01   0.1154E+01   0.1165E+01   0.1173E+01   0.1178E+01   0.1183E+01   0.1186E+01   0.1189E+01   0.1192E+01   0.1194E+01   0.1197E+01   0.1199E+01   0.1200E+01   0.1202E+01   0.1203E+01   0.1205E+01   0.1206E+01   0.1207E+01   0.1208E+01   0.1209E+01   0.1210E+01   0.1211E+01   0.1212E+01   0.1212E+01   0.1213E+01   0.1213E+01   0.1214E+01   0.1214E+01   0.1215E+01   0.1215E+01   0.1216E+01
0.3228E+02   0.1452E-02   0.1754E-02   0.2065E-02   0.2319E-02   0.2685E-02   0.2987E-02   0.3436E-02   0.3808E-02   0.4372E-02   0.4844E-02   0.5568E-02   0.6186E-02   0.7142E-02   0.7984E-02   0.9284E-02   0.1048E-01   0.1232E-01   0.1410E-01   0.1684E-01   0.1966E-01   0.2399E-01   0.2882E-01   0.3625E-01   0.4526E-01   0.5932E-01   0.7765E-01   0.1061E+00   0.1421E+00   0.1991E+00   0.2735E+00   0.4509E+00   0.7910E+00   0.9119E+00   0.9740E+00   0.1007E+01   0.1025E+01   0.1037E+01   0.1046E+01   0.1053E+01   0.1058E+01   0.1062E+01   0.1065E+01   0.1067E+01   0.1069E+01   0.1070E+01   0.1071E+01   0.1072E+01   0.1073E+01   0.1074E+01   0.1074E+01   0.1075E+01   0.1075E+01   0.1076E+01   0.1076E+01   0.1077E+01   0.1077E+01   0.1077E+01   0.1077E+01   0.1078E+01   0.1078E+01   0.1078E+01   0.1078E+01   0.1079E+01   0.1079E+01   0.1081E+01   0.1081E+01   0.1082E+01   0.1082E+01   0.1082E+01   0.1082E+01   0.1082E+01   0.1082E+01   0.1083E+01   0.1083E+01   0.1083E+01   0.1083E+01   0.1083E+01   0.1083E+01   0.1083E+01   0.1083E+01   0.1084E+01   0.1084E+01   0.1084E+01   0.1084E+01   0.1084E+01   0.1084E+01   0.1084E+01   0.1084E+01   0.1084E+01   0.1084E+01   0.1085E+01   0.1085E+01   0.1085E+01   0.1085E+01   0.1085E+01   0.1085E+01   0.1085E+01   0.1085E+01   0.1085E+01   0.1085E+01   0.1153E+01   0.1165E+01   0.1173E+01   0.1178E+01   0.1183E+01   0.1186E+01   0.1189E+01   0.1192E+01   0.1194E+01   0.1196E+01   0.1198E+01   0.1200E+01   0.1202E+01   0.1203E+01   0.1205E+01   0.1206E+01   0.1207E+01   0.1208E+01   0.1209E+01   0.1210E+01   0.1211E+01   0.1211E+01   0.1212E+01   0.1213E+01   0.1213E+01   0.1214E+01   0.1214E+01   0.1215E+01   0.1215E+01   0.1216E+01
0.3250E+02   0.1528E-02   0.1876E-02   0.2172E-02   0.2487E-02   0.2829E-02   0.3212E-02   0.3631E-02   0.4109E-02   0.4638E-02   0.5250E-02   0.5935E-02   0.6741E-02   0.7660E-02   0.8759E-02   0.1004E-01   0.1160E-01   0.1346E-01   0.1579E-01   0.1865E-01   0.2235E-01   0.2709E-01   0.3346E-01   0.4201E-01   0.5407E-01   0.7099E-01   0.9551E-01   0.1291E+00   0.1778E+00   0.2465E+00   0.3824E+00   0.6628E+00   0.8845E+00   0.9531E+00   0.9967E+00   0.1019E+01   0.1033E+01   0.1043E+01   0.1050E+01   0.1056E+01   0.1060E+01   0.1063E+01   0.1066E+01   0.1068E+01   0.1069E+01   0.1071E+01   0.1072E+01   0.1073E+01   0.1073E+01   0.1074E+01   0.1075E+01   0.1075E+01   0.1075E+01   0.1076E+01   0.1076E+01   0.1077E+01   0.1077E+01   0.1077E+01   0.1077E+01   0.1078E+01   0.1078E+01   0.1078E+01   0.1078E+01   0.1078E+01   0.1079E+01   0.1081E+01   0.1081E+01   0.1081E+01   0.1081E+01   0.1082E+01   0.1082E+01   0.1082E+01   0.1082E+01   0.1082E+01   0.1082E+01   0.1083E+01   0.1083E+01   0.1083E+01   0.1083E+01   0.1083E+01   0.1083E+01   0.1083E+01   0.1083E+01   0.1083E+01   0.1084E+01   0.1084E+01   0.1084E+01   0.1084E+01   0.1084E+01   0.1084E+01   0.1084E+01   0.1084E+01   0.1084E+01   0.1084E+01   0.1085E+01   0.1085E+01   0.1085E+01   0.1085E+01   0.1085E+01   0.1085E+01   0.1085E+01   0.1153E+01   0.1165E+01   0.1173E+01   0.1178E+01   0.1182E+01   0.1186E+01   0.1189E+01   0.1192E+01   0.1194E+01   0.1196E+01   0.1198E+01   0.1200E+01   0.1202E+01   0.1203E+01   0.1204E+01   0.1206E+01   0.1207E+01   0.1208E+01   0.1209E+01   0.1210E+01   0.1211E+01   0.1211E+01   0.1212E+01   0.1213E+01   0.1213E+01   0.1214E+01   0.1214E+01   0.1215E+01   0.1215E+01   0.1216E+01
0.3272E+02   0.1609E-02   0.2003E-02   0.2287E-02   0.2661E-02   0.2986E-02   0.3446E-02   0.3843E-02   0.4425E-02   0.4928E-02   0.5677E-02   0.6338E-02   0.7329E-02   0.8231E-02   0.9588E-02   0.1087E-01   0.1280E-01   0.1474E-01   0.1763E-01   0.2071E-01   0.2535E-01   0.3067E-01   0.3875E-01   0.4882E-01   0.6432E-01   0.8493E-01   0.1161E+00   0.1566E+00   0.2196E+00   0.3141E+00   0.5347E+00   0.8571E+00   0.9321E+00   0.9867E+00   0.1013E+01   0.1029E+01   0.1040E+01   0.1048E+01   0.1054E+01   0.1059E+01   0.1062E+01   0.1065E+01   0.1067E+01   0.1069E+01   0.1070E+01   0.1071E+01   0.1072E+01   0.1073E+01   0.1074E+01   0.1074E+01   0.1075E+01   0.1075E+01   0.1076E+01   0.1076E+01   0.1076E+01   0.1077E+01   0.1077E+01   0.1077E+01   0.1077E+01   0.1078E+01   0.1078E+01   0.1078E+01   0.1078E+01   0.1078E+01   0.1079E+01   0.1081E+01   0.1081E+01   0.1081E+01   0.1081E+01   0.1081E+01   0.1082E+01   0.1082E+01   0.1082E+01   0.1082E+01   0.1082E+01   0.1082E+01   0.1082E+01   0.1083E+01   0.1083E+01   0.1083E+01   0.1083E+01   0.1083E+01   0.1083E+01   0.1083E+01   0.1083E+01   0.1083E+01   0.1083E+01   0.1084E+01   0.1084E+01   0.1084E+01   0.1084E+01   0.1084E+01   0.1084E+01   0.1084E+01   0.1084E+01   0.1084E+01   0.1084E+01   0.1084E+01   0.1085E+01   0.1085E+01   0.1085E+01   0.1153E+01   0.1165E+01   0.1172E+01   0.1178E+01   0.1182E+01   0.1186E+01   0.1189E+01   0.1192E+01   0.1194E+01   0.1196E+01   0.1198E+01   0.1200E+01   0.1202E+01   0.1203E+01   0.1204E+01   0.1206E+01   0.1207E+01   0.1208E+01   0.1209E+01   0.1210E+01   0.1210E+01   0.1211E+01   0.1212E+01   0.1212E+01   0.1213E+01   0.1214E+01   0.1214E+01   0.1215E+01   0.1215E+01   0.1215E+01
0.3293E+02   0.1721E-02   0.2089E-02   0.2464E-02   0.2783E-02   0.3229E-02   0.3617E-02   0.4173E-02   0.4662E-02   0.5375E-02   0.6012E-02   0.6950E-02   0.7812E-02   0.9087E-02   0.1030E-01   0.1211E-01   0.1391E-01   0.1658E-01   0.1943E-01   0.2366E-01   0.2848E-01   0.3575E-01   0.4471E-01   0.5846E-01   0.7659E-01   0.1044E+00   0.1400E+00   0.1958E+00   0.2694E+00   0.4407E+00   0.7722E+00   0.9075E+00   0.9704E+00   0.1005E+01   0.1024E+01   0.1036E+01   0.1045E+01   0.1052E+01   0.1057E+01   0.1061E+01   0.1064E+01   0.1066E+01   0.1068E+01   0.1069E+01   0.1071E+01   0.1072E+01   0.1072E+01   0.1073E+01   0.1074E+01   0.1074E+01   0.1075E+01   0.1075E+01   0.1076E+01   0.1076E+01   0.1076E+01   0.1077E+01   0.1077E+01   0.1077E+01   0.1077E+01   0.1078E+01   0.1078E+01   0.1078E+01   0.1078E+01   0.1078E+01   0.1079E+01   0.1080E+01   0.1081E+01   0.1081E+01   0.1081E+01   0.1081E+01   0.1081E+01   0.1081E+01   0.1082E+01   0.1082E+01   0.1082E+01   0.1082E+01   0.1082E+01   0.1082E+01   0.1082E+01   0.1082E+01   0.1083E+01   0.1083E+01   0.1083E+01   0.1083E+01   0.1083E+01   0.1083E+01   0.1083E+01   0.1083E+01   0.1083E+01   0.1083E+01   0.1084E+01   0.1084E+01   0.1084E+01   0.1084E+01   0.1084E+01   0.1084E+01   0.1084E+01   0.1084E+01   0.1084E+01   0.1084E+01   0.1084E+01   0.1153E+01   0.1165E+01   0.1172E+01   0.1178E+01   0.1182E+01   0.1186E+01   0.1189E+01   0.1191E+01   0.1194E+01   0.1196E+01   0.1198E+01   0.1200E+01   0.1201E+01   0.1203E+01   0.1204E+01   0.1205E+01   0.1207E+01   0.1208E+01   0.1209E+01   0.1209E+01   0.1210E+01   0.1211E+01   0.1212E+01   0.1212E+01   0.1213E+01   0.1213E+01   0.1214E+01   0.1214E+01   0.1215E+01   0.1215E+01
0.3315E+02   0.1819E-02   0.2237E-02   0.2605E-02   0.2987E-02   0.3422E-02   0.3895E-02   0.4439E-02   0.5042E-02   0.5744E-02   0.6536E-02   0.7472E-02   0.8550E-02   0.9845E-02   0.1137E-01   0.1325E-01   0.1553E-01   0.1840E-01   0.2201E-01   0.2674E-01   0.3296E-01   0.4144E-01   0.5321E-01   0.6992E-01   0.9386E-01   0.1270E+00   0.1746E+00   0.2424E+00   0.3723E+00   0.6440E+00   0.8801E+00   0.9495E+00   0.9947E+00   0.1018E+01   0.1032E+01   0.1042E+01   0.1049E+01   0.1055E+01   0.1059E+01   0.1063E+01   0.1065E+01   0.1067E+01   0.1069E+01   0.1070E+01   0.1071E+01   0.1072E+01   0.1073E+01   0.1073E+01   0.1074E+01   0.1074E+01   0.1075E+01   0.1075E+01   0.1076E+01   0.1076E+01   0.1076E+01   0.1077E+01   0.1077E+01   0.1077E+01   0.1077E+01   0.1077E+01   0.1078E+01   0.1078E+01   0.1078E+01   0.1078E+01   0.1078E+01   0.1080E+01   0.1080E+01   0.1081E+01   0.1081E+01   0.1081E+01   0.1081E+01   0.1081E+01   0.1081E+01   0.1081E+01   0.1082E+01   0.1082E+01   0.1082E+01   0.1082E+01   0.1082E+01   0.1082E+01   0.1082E+01   0.1082E+01   0.1083E+01   0.1083E+01   0.1083E+01   0.1083E+01   0.1083E+01   0.1083E+01   0.1083E+01   0.1083E+01   0.1083E+01   0.1083E+01   0.1083E+01   0.1084E+01   0.1084E+01   0.1084E+01   0.1084E+01   0.1084E+01   0.1084E+01   0.1084E+01   0.1084E+01   0.1152E+01   0.1165E+01   0.1172E+01   0.1178E+01   0.1182E+01   0.1186E+01   0.1189E+01   0.1191E+01   0.1194E+01   0.1196E+01   0.1198E+01   0.1200E+01   0.1201E+01   0.1203E+01   0.1204E+01   0.1205E+01   0.1206E+01   0.1207E+01   0.1208E+01   0.1209E+01   0.1210E+01   0.1211E+01   0.1212E+01   0.1212E+01   0.1213E+01   0.1213E+01   0.1214E+01   0.1214E+01   0.1215E+01   0.1215E+01
0.3337E+02   0.1919E-02   0.2401E-02   0.2745E-02   0.3216E-02   0.3616E-02   0.4207E-02   0.4706E-02   0.5468E-02   0.6119E-02   0.7125E-02   0.8009E-02   0.9380E-02   0.1064E-01   0.1258E-01   0.1446E-01   0.1736E-01   0.2037E-01   0.2498E-01   0.3017E-01   0.3817E-01   0.4796E-01   0.6325E-01   0.8329E-01   0.1140E+00   0.1533E+00   0.2154E+00   0.3039E+00   0.5158E+00   0.8527E+00   0.9285E+00   0.9847E+00   0.1012E+01   0.1028E+01   0.1039E+01   0.1047E+01   0.1053E+01   0.1058E+01   0.1061E+01   0.1064E+01   0.1066E+01   0.1068E+01   0.1069E+01   0.1070E+01   0.1071E+01   0.1072E+01   0.1073E+01   0.1073E+01   0.1074E+01   0.1074E+01   0.1075E+01   0.1075E+01   0.1076E+01   0.1076E+01   0.1076E+01   0.1076E+01   0.1077E+01   0.1077E+01   0.1077E+01   0.1077E+01   0.1078E+01   0.1078E+01   0.1078E+01   0.1078E+01   0.1078E+01   0.1080E+01   0.1080E+01   0.1080E+01   0.1080E+01   0.1081E+01   0.1081E+01   0.1081E+01   0.1081E+01   0.1081E+01   0.1081E+01   0.1081E+01   0.1082E+01   0.1082E+01   0.1082E+01   0.1082E+01   0.1082E+01   0.1082E+01   0.1082E+01   0.1082E+01   0.1082E+01   0.1083E+01   0.1083E+01   0.1083E+01   0.1083E+01   0.1083E+01   0.1083E+01   0.1083E+01   0.1083E+01   0.1083E+01   0.1083E+01   0.1083E+01   0.1083E+01   0.1084E+01   0.1084E+01   0.1084E+01   0.1084E+01   0.1152E+01   0.1164E+01   0.1172E+01   0.1177E+01   0.1182E+01   0.1185E+01   0.1188E+01   0.1191E+01   0.1194E+01   0.1196E+01   0.1198E+01   0.1199E+01   0.1201E+01   0.1203E+01   0.1204E+01   0.1205E+01   0.1206E+01   0.1207E+01   0.1208E+01   0.1209E+01   0.1210E+01   0.1211E+01   0.1211E+01   0.1212E+01   0.1213E+01   0.1213E+01   0.1214E+01   0.1214E+01   0.1215E+01   0.1215E+01
0.3358E+02   0.2060E-02   0.2514E-02   0.2970E-02   0.3377E-02   0.3930E-02   0.4436E-02   0.5140E-02   0.5796E-02   0.6719E-02   0.7600E-02   0.8853E-02   0.1009E-01   0.1186E-01   0.1368E-01   0.1630E-01   0.1915E-01   0.2330E-01   0.2811E-01   0.3523E-01   0.4412E-01   0.5758E-01   0.7550E-01   0.1028E+00   0.1380E+00   0.1925E+00   0.2651E+00   0.4304E+00   0.7533E+00   0.9029E+00   0.9668E+00   0.1003E+01   0.1022E+01   0.1035E+01   0.1044E+01   0.1051E+01   0.1056E+01   0.1060E+01   0.1063E+01   0.1065E+01   0.1067E+01   0.1069E+01   0.1070E+01   0.1071E+01   0.1072E+01   0.1072E+01   0.1073E+01   0.1074E+01   0.1074E+01   0.1074E+01   0.1075E+01   0.1075E+01   0.1076E+01   0.1076E+01   0.1076E+01   0.1076E+01   0.1077E+01   0.1077E+01   0.1077E+01   0.1077E+01   0.1077E+01   0.1078E+01   0.1078E+01   0.1078E+01   0.1078E+01   0.1080E+01   0.1080E+01   0.1080E+01   0.1080E+01   0.1080E+01   0.1081E+01   0.1081E+01   0.1081E+01   0.1081E+01   0.1081E+01   0.1081E+01   0.1081E+01   0.1081E+01   0.1082E+01   0.1082E+01   0.1082E+01   0.1082E+01   0.1082E+01   0.1082E+01   0.1082E+01   0.1082E+01   0.1082E+01   0.1082E+01   0.1083E+01   0.1083E+01   0.1083E+01   0.1083E+01   0.1083E+01   0.1083E+01   0.1083E+01   0.1083E+01   0.1083E+01   0.1083E+01   0.1083E+01   0.1083E+01   0.1083E+01   0.1152E+01   0.1164E+01   0.1172E+01   0.1177E+01   0.1182E+01   0.1185E+01   0.1188E+01   0.1191E+01   0.1193E+01   0.1196E+01   0.1198E+01   0.1199E+01   0.1201E+01   0.1202E+01   0.1204E+01   0.1205E+01   0.1206E+01   0.1207E+01   0.1208E+01   0.1209E+01   0.1210E+01   0.1211E+01   0.1211E+01   0.1212E+01   0.1212E+01   0.1213E+01   0.1214E+01   0.1214E+01   0.1214E+01   0.1215E+01
0.3380E+02   0.2188E-02   0.2694E-02   0.3159E-02   0.3631E-02   0.4193E-02   0.4789E-02   0.5508E-02   0.6288E-02   0.7241E-02   0.8300E-02   0.9612E-02   0.1111E-01   0.1300E-01   0.1523E-01   0.1811E-01   0.2164E-01   0.2635E-01   0.3243E-01   0.4084E-01   0.5232E-01   0.6882E-01   0.9218E-01   0.1250E+00   0.1712E+00   0.2381E+00   0.3620E+00   0.6251E+00   0.8755E+00   0.9458E+00   0.9926E+00   0.1016E+01   0.1030E+01   0.1041E+01   0.1048E+01   0.1054E+01   0.1058E+01   0.1062E+01   0.1064E+01   0.1066E+01   0.1068E+01   0.1069E+01   0.1070E+01   0.1071E+01   0.1072E+01   0.1073E+01   0.1073E+01   0.1074E+01   0.1074E+01   0.1074E+01   0.1075E+01   0.1075E+01   0.1076E+01   0.1076E+01   0.1076E+01   0.1076E+01   0.1077E+01   0.1077E+01   0.1077E+01   0.1077E+01   0.1077E+01   0.1078E+01   0.1078E+01   0.1078E+01   0.1078E+01   0.1080E+01   0.1080E+01   0.1080E+01   0.1080E+01   0.1080E+01   0.1080E+01   0.1080E+01   0.1081E+01   0.1081E+01   0.1081E+01   0.1081E+01   0.1081E+01   0.1081E+01   0.1081E+01   0.1081E+01   0.1082E+01   0.1082E+01   0.1082E+01   0.1082E+01   0.1082E+01   0.1082E+01   0.1082E+01   0.1082E+01   0.1082E+01   0.1082E+01   0.1082E+01   0.1083E+01   0.1083E+01   0.1083E+01   0.1083E+01   0.1083E+01   0.1083E+01   0.1083E+01   0.1083E+01   0.1083E+01   0.1083E+01   0.1152E+01   0.1164E+01   0.1172E+01   0.1177E+01   0.1181E+01   0.1185E+01   0.1188E+01   0.1191E+01   0.1193E+01   0.1195E+01   0.1197E+01   0.1199E+01   0.1201E+01   0.1202E+01   0.1204E+01   0.1205E+01   0.1206E+01   0.1207E+01   0.1208E+01   0.1209E+01   0.1210E+01   0.1210E+01   0.1211E+01   0.1212E+01   0.1212E+01   0.1213E+01   0.1213E+01   0.1214E+01   0.1214E+01   0.1215E+01
0.3402E+02   0.2311E-02   0.2912E-02   0.3334E-02   0.3936E-02   0.4438E-02   0.5211E-02   0.5855E-02   0.6875E-02   0.7743E-02   0.9129E-02   0.1036E-01   0.1231E-01   0.1415E-01   0.1706E-01   0.1998E-01   0.2459E-01   0.2963E-01   0.3755E-01   0.4707E-01   0.6213E-01   0.8162E-01   0.1120E+00   0.1500E+00   0.2112E+00   0.2937E+00   0.4969E+00   0.8480E+00   0.9248E+00   0.9825E+00   0.1010E+01   0.1026E+01   0.1037E+01   0.1046E+01   0.1052E+01   0.1057E+01   0.1061E+01   0.1063E+01   0.1065E+01   0.1067E+01   0.1069E+01   0.1070E+01   0.1071E+01   0.1071E+01   0.1072E+01   0.1073E+01   0.1073E+01   0.1074E+01   0.1074E+01   0.1074E+01   0.1075E+01   0.1075E+01   0.1075E+01   0.1076E+01   0.1076E+01   0.1076E+01   0.1076E+01   0.1077E+01   0.1077E+01   0.1077E+01   0.1077E+01   0.1077E+01   0.1078E+01   0.1078E+01   0.1078E+01   0.1079E+01   0.1080E+01   0.1080E+01   0.1080E+01   0.1080E+01   0.1080E+01   0.1080E+01   0.1080E+01   0.1080E+01   0.1081E+01   0.1081E+01   0.1081E+01   0.1081E+01   0.1081E+01   0.1081E+01   0.1081E+01   0.1081E+01   0.1081E+01   0.1082E+01   0.1082E+01   0.1082E+01   0.1082E+01   0.1082E+01   0.1082E+01   0.1082E+01   0.1082E+01   0.1082E+01   0.1082E+01   0.1082E+01   0.1082E+01   0.1083E+01   0.1083E+01   0.1083E+01   0.1083E+01   0.1083E+01   0.1083E+01   0.1151E+01   0.1164E+01   0.1171E+01   0.1177E+01   0.1181E+01   0.1185E+01   0.1188E+01   0.1191E+01   0.1193E+01   0.1195E+01   0.1197E+01   0.1199E+01   0.1201E+01   0.1202E+01   0.1203E+01   0.1205E+01   0.1206E+01   0.1207E+01   0.1208E+01   0.1209E+01   0.1209E+01   0.1210E+01   0.1211E+01   0.1211E+01   0.1212E+01   0.1213E+01   0.1213E+01   0.1214E+01   0.1214E+01   0.1214E+01
0.3423E+02   0.2493E-02   0.3061E-02   0.3626E-02   0.4154E-02   0.4853E-02   0.5528E-02   0.6438E-02   0.7340E-02   0.8572E-02   0.9828E-02   0.1156E-01   0.1340E-01   0.1598E-01   0.1884E-01   0.2290E-01   0.2771E-01   0.3467E-01   0.4350E-01   0.5666E-01   0.7437E-01   0.1010E+00   0.1358E+00   0.1891E+00   0.2608E+00   0.4200E+00   0.7342E+00   0.8982E+00   0.9630E+00   0.1000E+01   0.1020E+01   0.1033E+01   0.1043E+01   0.1050E+01   0.1055E+01   0.1059E+01   0.1062E+01   0.1064E+01   0.1066E+01   0.1068E+01   0.1069E+01   0.1070E+01   0.1071E+01   0.1072E+01   0.1072E+01   0.1073E+01   0.1073E+01   0.1074E+01   0.1074E+01   0.1074E+01   0.1075E+01   0.1075E+01   0.1075E+01   0.1076E+01   0.1076E+01   0.1076E+01   0.1076E+01   0.1077E+01   0.1077E+01   0.1077E+01   0.1077E+01   0.1077E+01   0.1077E+01   0.1078E+01   0.1078E+01   0.1079E+01   0.1079E+01   0.1079E+01   0.1080E+01   0.1080E+01   0.1080E+01   0.1080E+01   0.1080E+01   0.1080E+01   0.1080E+01   0.1080E+01   0.1081E+01   0.1081E+01   0.1081E+01   0.1081E+01   0.1081E+01   0.1081E+01   0.1081E+01   0.1081E+01   0.1081E+01   0.1081E+01   0.1082E+01   0.1082E+01   0.1082E+01   0.1082E+01   0.1082E+01   0.1082E+01   0.1082E+01   0.1082E+01   0.1082E+01   0.1082E+01   0.1082E+01   0.1082E+01   0.1082E+01   0.1083E+01   0.1083E+01   0.1151E+01   0.1163E+01   0.1171E+01   0.1177E+01   0.1181E+01   0.1185E+01   0.1188E+01   0.1190E+01   0.1193E+01   0.1195E+01   0.1197E+01   0.1199E+01   0.1200E+01   0.1202E+01   0.1203E+01   0.1204E+01   0.1206E+01   0.1207E+01   0.1207E+01   0.1208E+01   0.1209E+01   0.1210E+01   0.1211E+01   0.1211E+01   0.1212E+01   0.1212E+01   0.1213E+01   0.1213E+01   0.1214E+01   0.1214E+01
0.3445E+02   0.2661E-02   0.3286E-02   0.3881E-02   0.4477E-02   0.5216E-02   0.5987E-02   0.6958E-02   0.7999E-02   0.9330E-02   0.1080E-01   0.1271E-01   0.1489E-01   0.1777E-01   0.2123E-01   0.2593E-01   0.3186E-01   0.4020E-01   0.5140E-01   0.6767E-01   0.9046E-01   0.1228E+00   0.1679E+00   0.2338E+00   0.3516E+00   0.6060E+00   0.8707E+00   0.9419E+00   0.9903E+00   0.1014E+01   0.1029E+01   0.1039E+01   0.1047E+01   0.1053E+01   0.1057E+01   0.1061E+01   0.1063E+01   0.1065E+01   0.1067E+01   0.1068E+01   0.1069E+01   0.1070E+01   0.1071E+01   0.1072E+01   0.1072E+01   0.1073E+01   0.1073E+01   0.1074E+01   0.1074E+01   0.1074E+01   0.1075E+01   0.1075E+01   0.1075E+01   0.1075E+01   0.1076E+01   0.1076E+01   0.1076E+01   0.1076E+01   0.1077E+01   0.1077E+01   0.1077E+01   0.1077E+01   0.1077E+01   0.1077E+01   0.1078E+01   0.1079E+01   0.1079E+01   0.1079E+01   0.1079E+01   0.1079E+01   0.1080E+01   0.1080E+01   0.1080E+01   0.1080E+01   0.1080E+01   0.1080E+01   0.1080E+01   0.1080E+01   0.1080E+01   0.1081E+01   0.1081E+01   0.1081E+01   0.1081E+01   0.1081E+01   0.1081E+01   0.1081E+01   0.1081E+01   0.1081E+01   0.1081E+01   0.1082E+01   0.1082E+01   0.1082E+01   0.1082E+01   0.1082E+01   0.1082E+01   0.1082E+01   0.1082E+01   0.1082E+01   0.1082E+01   0.1082E+01   0.1082E+01   0.1151E+01   0.1163E+01   0.1171E+01   0.1176E+01   0.1181E+01   0.1184E+01   0.1187E+01   0.1190E+01   0.1193E+01   0.1195E+01   0.1197E+01   0.1198E+01   0.1200E+01   0.1202E+01   0.1203E+01   0.1204E+01   0.1205E+01   0.1206E+01   0.1207E+01   0.1208E+01   0.1209E+01   0.1210E+01   0.1210E+01   0.1211E+01   0.1212E+01   0.1212E+01   0.1213E+01   0.1213E+01   0.1214E+01   0.1214E+01
0.3467E+02   0.2817E-02   0.3576E-02   0.4104E-02   0.4889E-02   0.5534E-02   0.6566E-02   0.7423E-02   0.8823E-02   0.1003E-01   0.1200E-01   0.1379E-01   0.1670E-01   0.1955E-01   0.2414E-01   0.2904E-01   0.3690E-01   0.4613E-01   0.6098E-01   0.7989E-01   0.1099E+00   0.1467E+00   0.2069E+00   0.2833E+00   0.4778E+00   0.8432E+00   0.9209E+00   0.9801E+00   0.1008E+01   0.1025E+01   0.1036E+01   0.1045E+01   0.1051E+01   0.1056E+01   0.1059E+01   0.1062E+01   0.1064E+01   0.1066E+01   0.1068E+01   0.1069E+01   0.1070E+01   0.1070E+01   0.1071E+01   0.1072E+01   0.1072E+01   0.1073E+01   0.1073E+01   0.1074E+01   0.1074E+01   0.1074E+01   0.1075E+01   0.1075E+01   0.1075E+01   0.1075E+01   0.1076E+01   0.1076E+01   0.1076E+01   0.1076E+01   0.1076E+01   0.1077E+01   0.1077E+01   0.1077E+01   0.1077E+01   0.1077E+01   0.1077E+01   0.1079E+01   0.1079E+01   0.1079E+01   0.1079E+01   0.1079E+01   0.1079E+01   0.1079E+01   0.1080E+01   0.1080E+01   0.1080E+01   0.1080E+01   0.1080E+01   0.1080E+01   0.1080E+01   0.1080E+01   0.1080E+01   0.1081E+01   0.1081E+01   0.1081E+01   0.1081E+01   0.1081E+01   0.1081E+01   0.1081E+01   0.1081E+01   0.1081E+01   0.1081E+01   0.1081E+01   0.1081E+01   0.1082E+01   0.1082E+01   0.1082E+01   0.1082E+01   0.1082E+01   0.1082E+01   0.1082E+01   0.1082E+01   0.1151E+01   0.1163E+01   0.1171E+01   0.1176E+01   0.1180E+01   0.1184E+01   0.1187E+01   0.1190E+01   0.1192E+01   0.1194E+01   0.1196E+01   0.1198E+01   0.1200E+01   0.1201E+01   0.1203E+01   0.1204E+01   0.1205E+01   0.1206E+01   0.1207E+01   0.1208E+01   0.1209E+01   0.1210E+01   0.1210E+01   0.1211E+01   0.1211E+01   0.1212E+01   0.1212E+01   0.1213E+01   0.1213E+01   0.1214E+01
0.3488E+02   0.3055E-02   0.3778E-02   0.4492E-02   0.5192E-02   0.6096E-02   0.7019E-02   0.8233E-02   0.9511E-02   0.1122E-01   0.1308E-01   0.1560E-01   0.1847E-01   0.2245E-01   0.2725E-01   0.3407E-01   0.4282E-01   0.5570E-01   0.7318E-01   0.9926E-01   0.1337E+00   0.1856E+00   0.2563E+00   0.4094E+00   0.7150E+00   0.8933E+00   0.9590E+00   0.9980E+00   0.1019E+01   0.1032E+01   0.1041E+01   0.1048E+01   0.1054E+01   0.1058E+01   0.1061E+01   0.1063E+01   0.1065E+01   0.1067E+01   0.1068E+01   0.1069E+01   0.1070E+01   0.1071E+01   0.1071E+01   0.1072E+01   0.1072E+01   0.1073E+01   0.1073E+01   0.1073E+01   0.1074E+01   0.1074E+01   0.1074E+01   0.1075E+01   0.1075E+01   0.1075E+01   0.1075E+01   0.1076E+01   0.1076E+01   0.1076E+01   0.1076E+01   0.1076E+01   0.1076E+01   0.1077E+01   0.1077E+01   0.1077E+01   0.1077E+01   0.1078E+01   0.1078E+01   0.1079E+01   0.1079E+01   0.1079E+01   0.1079E+01   0.1079E+01   0.1079E+01   0.1079E+01   0.1079E+01   0.1080E+01   0.1080E+01   0.1080E+01   0.1080E+01   0.1080E+01   0.1080E+01   0.1080E+01   0.1080E+01   0.1080E+01   0.1080E+01   0.1081E+01   0.1081E+01   0.1081E+01   0.1081E+01   0.1081E+01   0.1081E+01   0.1081E+01   0.1081E+01   0.1081E+01   0.1081E+01   0.1081E+01   0.1081E+01   0.1081E+01   0.1082E+01   0.1082E+01   0.1082E+01   0.1150E+01   0.1163E+01   0.1170E+01   0.1176E+01   0.1180E+01   0.1184E+01   0.1187E+01   0.1190E+01   0.1192E+01   0.1194E+01   0.1196E+01   0.1198E+01   0.1200E+01   0.1201E+01   0.1202E+01   0.1204E+01   0.1205E+01   0.1206E+01   0.1207E+01   0.1208E+01   0.1209E+01   0.1209E+01   0.1210E+01   0.1211E+01   0.1211E+01   0.1212E+01   0.1212E+01   0.1213E+01   0.1213E+01   0.1214E+01
0.3510E+02   0.3280E-02   0.4065E-02   0.4843E-02   0.5613E-02   0.6608E-02   0.7634E-02   0.8985E-02   0.1043E-01   0.1235E-01   0.1449E-01   0.1739E-01   0.2076E-01   0.2545E-01   0.3124E-01   0.3951E-01   0.5042E-01   0.6647E-01   0.8868E-01   0.1207E+00   0.1644E+00   0.2294E+00   0.3411E+00   0.5868E+00   0.8658E+00   0.9379E+00   0.9878E+00   0.1012E+01   0.1027E+01   0.1038E+01   0.1046E+01   0.1052E+01   0.1056E+01   0.1060E+01   0.1062E+01   0.1064E+01   0.1066E+01   0.1067E+01   0.1068E+01   0.1069E+01   0.1070E+01   0.1071E+01   0.1071E+01   0.1072E+01   0.1072E+01   0.1073E+01   0.1073E+01   0.1073E+01   0.1074E+01   0.1074E+01   0.1074E+01   0.1074E+01   0.1075E+01   0.1075E+01   0.1075E+01   0.1075E+01   0.1076E+01   0.1076E+01   0.1076E+01   0.1076E+01   0.1076E+01   0.1076E+01   0.1077E+01   0.1077E+01   0.1077E+01   0.1078E+01   0.1078E+01   0.1078E+01   0.1078E+01   0.1079E+01   0.1079E+01   0.1079E+01   0.1079E+01   0.1079E+01   0.1079E+01   0.1079E+01   0.1079E+01   0.1079E+01   0.1080E+01   0.1080E+01   0.1080E+01   0.1080E+01   0.1080E+01   0.1080E+01   0.1080E+01   0.1080E+01   0.1080E+01   0.1080E+01   0.1080E+01   0.1081E+01   0.1081E+01   0.1081E+01   0.1081E+01   0.1081E+01   0.1081E+01   0.1081E+01   0.1081E+01   0.1081E+01   0.1081E+01   0.1081E+01   0.1081E+01   0.1150E+01   0.1162E+01   0.1170E+01   0.1176E+01   0.1180E+01   0.1183E+01   0.1187E+01   0.1189E+01   0.1192E+01   0.1194E+01   0.1196E+01   0.1198E+01   0.1199E+01   0.1201E+01   0.1202E+01   0.1203E+01   0.1205E+01   0.1206E+01   0.1207E+01   0.1207E+01   0.1208E+01   0.1209E+01   0.1210E+01   0.1210E+01   0.1211E+01   0.1211E+01   0.1212E+01   0.1212E+01   0.1213E+01   0.1213E+01
0.3532E+02   0.3490E-02   0.4449E-02   0.5151E-02   0.6170E-02   0.7061E-02   0.8438E-02   0.9670E-02   0.1161E-01   0.1342E-01   0.1629E-01   0.1915E-01   0.2365E-01   0.2855E-01   0.3625E-01   0.4542E-01   0.5997E-01   0.7866E-01   0.1080E+00   0.1444E+00   0.2033E+00   0.2788E+00   0.4671E+00   0.8239E+00   0.9158E+00   0.9760E+00   0.1006E+01   0.1023E+01   0.1034E+01   0.1043E+01   0.1050E+01   0.1054E+01   0.1058E+01   0.1061E+01   0.1063E+01   0.1065E+01   0.1066E+01   0.1068E+01   0.1068E+01   0.1069E+01   0.1070E+01   0.1071E+01   0.1071E+01   0.1072E+01   0.1072E+01   0.1072E+01   0.1073E+01   0.1073E+01   0.1073E+01   0.1074E+01   0.1074E+01   0.1074E+01   0.1074E+01   0.1075E+01   0.1075E+01   0.1075E+01   0.1075E+01   0.1075E+01   0.1076E+01   0.1076E+01   0.1076E+01   0.1076E+01   0.1076E+01   0.1076E+01   0.1077E+01   0.1078E+01   0.1078E+01   0.1078E+01   0.1078E+01   0.1078E+01   0.1078E+01   0.1078E+01   0.1079E+01   0.1079E+01   0.1079E+01   0.1079E+01   0.1079E+01   0.1079E+01   0.1079E+01   0.1079E+01   0.1079E+01   0.1080E+01   0.1080E+01   0.1080E+01   0.1080E+01   0.1080E+01   0.1080E+01   0.1080E+01   0.1080E+01   0.1080E+01   0.1080E+01   0.1080E+01   0.1080E+01   0.1080E+01   0.1081E+01   0.1081E+01   0.1081E+01   0.1081E+01   0.1081E+01   0.1081E+01   0.1081E+01   0.1150E+01   0.1162E+01   0.1170E+01   0.1175E+01   0.1180E+01   0.1183E+01   0.1186E+01   0.1189E+01   0.1191E+01   0.1194E+01   0.1196E+01   0.1197E+01   0.1199E+01   0.1200E+01   0.1202E+01   0.1203E+01   0.1204E+01   0.1205E+01   0.1206E+01   0.1207E+01   0.1208E+01   0.1209E+01   0.1209E+01   0.1210E+01   0.1211E+01   0.1211E+01   0.1212E+01   0.1212E+01   0.1213E+01   0.1213E+01
0.3553E+02   0.3800E-02   0.4739E-02   0.5662E-02   0.6613E-02   0.7817E-02   0.9118E-02   0.1080E-01   0.1268E-01   0.1515E-01   0.1804E-01   0.2194E-01   0.2673E-01   0.3340E-01   0.4208E-01   0.5467E-01   0.7193E-01   0.9742E-01   0.1314E+00   0.1820E+00   0.2518E+00   0.3987E+00   0.6956E+00   0.8882E+00   0.9548E+00   0.9953E+00   0.1016E+01   0.1030E+01   0.1040E+01   0.1047E+01   0.1052E+01   0.1056E+01   0.1060E+01   0.1062E+01   0.1064E+01   0.1066E+01   0.1067E+01   0.1068E+01   0.1069E+01   0.1069E+01   0.1070E+01   0.1070E+01   0.1071E+01   0.1071E+01   0.1072E+01   0.1072E+01   0.1073E+01   0.1073E+01   0.1073E+01   0.1073E+01   0.1074E+01   0.1074E+01   0.1074E+01   0.1074E+01   0.1075E+01   0.1075E+01   0.1075E+01   0.1075E+01   0.1075E+01   0.1075E+01   0.1076E+01   0.1076E+01   0.1076E+01   0.1076E+01   0.1076E+01   0.1077E+01   0.1077E+01   0.1078E+01   0.1078E+01   0.1078E+01   0.1078E+01   0.1078E+01   0.1078E+01   0.1078E+01   0.1078E+01   0.1079E+01   0.1079E+01   0.1079E+01   0.1079E+01   0.1079E+01   0.1079E+01   0.1079E+01   0.1079E+01   0.1079E+01   0.1079E+01   0.1079E+01   0.1080E+01   0.1080E+01   0.1080E+01   0.1080E+01   0.1080E+01   0.1080E+01   0.1080E+01   0.1080E+01   0.1080E+01   0.1080E+01   0.1080E+01   0.1080E+01   0.1080E+01   0.1081E+01   0.1081E+01   0.1149E+01   0.1162E+01   0.1169E+01   0.1175E+01   0.1179E+01   0.1183E+01   0.1186E+01   0.1189E+01   0.1191E+01   0.1193E+01   0.1195E+01   0.1197E+01   0.1199E+01   0.1200E+01   0.1201E+01   0.1203E+01   0.1204E+01   0.1205E+01   0.1206E+01   0.1207E+01   0.1208E+01   0.1208E+01   0.1209E+01   0.1210E+01   0.1210E+01   0.1211E+01   0.1211E+01   0.1212E+01   0.1212E+01   0.1213E+01
0.3575E+02   0.4107E-02   0.5114E-02   0.6156E-02   0.7179E-02   0.8556E-02   0.9975E-02   0.1192E-01   0.1401E-01   0.1692E-01   0.2022E-01   0.2490E-01   0.3055E-01   0.3874E-01   0.4937E-01   0.6521E-01   0.8683E-01   0.1184E+00   0.1609E+00   0.2248E+00   0.3304E+00   0.5673E+00   0.8606E+00   0.9336E+00   0.9850E+00   0.1010E+01   0.1025E+01   0.1036E+01   0.1044E+01   0.1050E+01   0.1055E+01   0.1058E+01   0.1061E+01   0.1063E+01   0.1065E+01   0.1066E+01   0.1067E+01   0.1068E+01   0.1069E+01   0.1069E+01   0.1070E+01   0.1070E+01   0.1071E+01   0.1071E+01   0.1072E+01   0.1072E+01   0.1072E+01   0.1073E+01   0.1073E+01   0.1073E+01   0.1073E+01   0.1074E+01   0.1074E+01   0.1074E+01   0.1074E+01   0.1074E+01   0.1075E+01   0.1075E+01   0.1075E+01   0.1075E+01   0.1075E+01   0.1075E+01   0.1076E+01   0.1076E+01   0.1076E+01   0.1077E+01   0.1077E+01   0.1077E+01   0.1077E+01   0.1077E+01   0.1078E+01   0.1078E+01   0.1078E+01   0.1078E+01   0.1078E+01   0.1078E+01   0.1078E+01   0.1078E+01   0.1078E+01   0.1079E+01   0.1079E+01   0.1079E+01   0.1079E+01   0.1079E+01   0.1079E+01   0.1079E+01   0.1079E+01   0.1079E+01   0.1079E+01   0.1079E+01   0.1079E+01   0.1080E+01   0.1080E+01   0.1080E+01   0.1080E+01   0.1080E+01   0.1080E+01   0.1080E+01   0.1080E+01   0.1080E+01   0.1080E+01   0.1149E+01   0.1161E+01   0.1169E+01   0.1174E+01   0.1179E+01   0.1182E+01   0.1185E+01   0.1188E+01   0.1191E+01   0.1193E+01   0.1195E+01   0.1197E+01   0.1198E+01   0.1200E+01   0.1201E+01   0.1202E+01   0.1203E+01   0.1204E+01   0.1205E+01   0.1206E+01   0.1207E+01   0.1208E+01   0.1209E+01   0.1209E+01   0.1210E+01   0.1210E+01   0.1211E+01   0.1211E+01   0.1212E+01   0.1212E+01
0.3597E+02   0.4396E-02   0.5636E-02   0.6595E-02   0.7955E-02   0.9225E-02   0.1113E-01   0.1298E-01   0.1579E-01   0.1867E-01   0.2309E-01   0.2798E-01   0.3554E-01   0.4463E-01   0.5888E-01   0.7735E-01   0.1061E+00   0.1421E+00   0.1996E+00   0.2740E+00   0.4562E+00   0.8042E+00   0.9105E+00   0.9715E+00   0.1003E+01   0.1020E+01   0.1032E+01   0.1041E+01   0.1048E+01   0.1053E+01   0.1057E+01   0.1060E+01   0.1062E+01   0.1064E+01   0.1065E+01   0.1066E+01   0.1067E+01   0.1068E+01   0.1069E+01   0.1069E+01   0.1070E+01   0.1070E+01   0.1071E+01   0.1071E+01   0.1071E+01   0.1072E+01   0.1072E+01   0.1072E+01   0.1073E+01   0.1073E+01   0.1073E+01   0.1073E+01   0.1074E+01   0.1074E+01   0.1074E+01   0.1074E+01   0.1074E+01   0.1074E+01   0.1075E+01   0.1075E+01   0.1075E+01   0.1075E+01   0.1075E+01   0.1075E+01   0.1076E+01   0.1077E+01   0.1077E+01   0.1077E+01   0.1077E+01   0.1077E+01   0.1077E+01   0.1077E+01   0.1077E+01   0.1078E+01   0.1078E+01   0.1078E+01   0.1078E+01   0.1078E+01   0.1078E+01   0.1078E+01   0.1078E+01   0.1078E+01   0.1078E+01   0.1078E+01   0.1079E+01   0.1079E+01   0.1079E+01   0.1079E+01   0.1079E+01   0.1079E+01   0.1079E+01   0.1079E+01   0.1079E+01   0.1079E+01   0.1079E+01   0.1079E+01   0.1079E+01   0.1080E+01   0.1080E+01   0.1080E+01   0.1080E+01   0.1148E+01   0.1161E+01   0.1168E+01   0.1174E+01   0.1178E+01   0.1182E+01   0.1185E+01   0.1188E+01   0.1190E+01   0.1192E+01   0.1194E+01   0.1196E+01   0.1198E+01   0.1199E+01   0.1201E+01   0.1202E+01   0.1203E+01   0.1204E+01   0.1205E+01   0.1206E+01   0.1207E+01   0.1207E+01   0.1208E+01   0.1209E+01   0.1209E+01   0.1210E+01   0.1210E+01   0.1211E+01   0.1211E+01   0.1212E+01
0.3618E+02   0.4809E-02   0.6059E-02   0.7287E-02   0.8619E-02   0.1028E-01   0.1219E-01   0.1462E-01   0.1752E-01   0.2135E-01   0.2612E-01   0.3266E-01   0.4127E-01   0.5356E-01   0.7060E-01   0.9549E-01   0.1290E+00   0.1784E+00   0.2470E+00   0.3878E+00   0.6759E+00   0.8828E+00   0.9503E+00   0.9924E+00   0.1014E+01   0.1028E+01   0.1038E+01   0.1045E+01   0.1051E+01   0.1055E+01   0.1058E+01   0.1060E+01   0.1062E+01   0.1064E+01   0.1065E+01   0.1066E+01   0.1067E+01   0.1068E+01   0.1068E+01   0.1069E+01   0.1070E+01   0.1070E+01   0.1070E+01   0.1071E+01   0.1071E+01   0.1071E+01   0.1072E+01   0.1072E+01   0.1072E+01   0.1073E+01   0.1073E+01   0.1073E+01   0.1073E+01   0.1073E+01   0.1074E+01   0.1074E+01   0.1074E+01   0.1074E+01   0.1074E+01   0.1074E+01   0.1075E+01   0.1075E+01   0.1075E+01   0.1075E+01   0.1075E+01   0.1076E+01   0.1076E+01   0.1076E+01   0.1076E+01   0.1077E+01   0.1077E+01   0.1077E+01   0.1077E+01   0.1077E+01   0.1077E+01   0.1077E+01   0.1077E+01   0.1077E+01   0.1078E+01   0.1078E+01   0.1078E+01   0.1078E+01   0.1078E+01   0.1078E+01   0.1078E+01   0.1078E+01   0.1078E+01   0.1078E+01   0.1078E+01   0.1078E+01   0.1079E+01   0.1079E+01   0.1079E+01   0.1079E+01   0.1079E+01   0.1079E+01   0.1079E+01   0.1079E+01   0.1079E+01   0.1079E+01   0.1079E+01   0.1148E+01   0.1160E+01   0.1168E+01   0.1173E+01   0.1178E+01   0.1181E+01   0.1185E+01   0.1187E+01   0.1190E+01   0.1192E+01   0.1194E+01   0.1196E+01   0.1197E+01   0.1199E+01   0.1200E+01   0.1201E+01   0.1202E+01   0.1204E+01   0.1204E+01   0.1205E+01   0.1206E+01   0.1207E+01   0.1208E+01   0.1208E+01   0.1209E+01   0.1209E+01   0.1210E+01   0.1210E+01   0.1211E+01   0.1211E+01
0.3640E+02   0.5236E-02   0.6564E-02   0.7997E-02   0.9409E-02   0.1138E-01   0.1344E-01   0.1636E-01   0.1959E-01   0.2426E-01   0.2977E-01   0.3790E-01   0.4824E-01   0.6385E-01   0.8488E-01   0.1160E+00   0.1572E+00   0.2201E+00   0.3196E+00   0.5476E+00   0.8551E+00   0.9290E+00   0.9819E+00   0.1008E+01   0.1023E+01   0.1034E+01   0.1042E+01   0.1048E+01   0.1053E+01   0.1056E+01   0.1059E+01   0.1061E+01   0.1063E+01   0.1064E+01   0.1065E+01   0.1066E+01   0.1067E+01   0.1068E+01   0.1068E+01   0.1069E+01   0.1069E+01   0.1070E+01   0.1070E+01   0.1070E+01   0.1071E+01   0.1071E+01   0.1071E+01   0.1072E+01   0.1072E+01   0.1072E+01   0.1072E+01   0.1073E+01   0.1073E+01   0.1073E+01   0.1073E+01   0.1073E+01   0.1074E+01   0.1074E+01   0.1074E+01   0.1074E+01   0.1074E+01   0.1074E+01   0.1074E+01   0.1075E+01   0.1075E+01   0.1076E+01   0.1076E+01   0.1076E+01   0.1076E+01   0.1076E+01   0.1076E+01   0.1076E+01   0.1076E+01   0.1077E+01   0.1077E+01   0.1077E+01   0.1077E+01   0.1077E+01   0.1077E+01   0.1077E+01   0.1077E+01   0.1077E+01   0.1077E+01   0.1078E+01   0.1078E+01   0.1078E+01   0.1078E+01   0.1078E+01   0.1078E+01   0.1078E+01   0.1078E+01   0.1078E+01   0.1078E+01   0.1078E+01   0.1078E+01   0.1078E+01   0.1078E+01   0.1079E+01   0.1079E+01   0.1079E+01   0.1079E+01   0.1147E+01   0.1160E+01   0.1167E+01   0.1173E+01   0.1177E+01   0.1181E+01   0.1184E+01   0.1187E+01   0.1189E+01   0.1191E+01   0.1193E+01   0.1195E+01   0.1197E+01   0.1198E+01   0.1200E+01   0.1201E+01   0.1202E+01   0.1203E+01   0.1204E+01   0.1205E+01   0.1206E+01   0.1206E+01   0.1207E+01   0.1208E+01   0.1208E+01   0.1209E+01   0.1209E+01   0.1210E+01   0.1210E+01   0.1211E+01
0.3662E+02   0.5646E-02   0.7294E-02   0.8646E-02   0.1053E-01   0.1242E-01   0.1518E-01   0.1808E-01   0.2243E-01   0.2731E-01   0.3472E-01   0.4374E-01   0.5770E-01   0.7593E-01   0.1041E+00   0.1396E+00   0.1957E+00   0.2690E+00   0.4450E+00   0.7843E+00   0.9049E+00   0.9668E+00   0.9996E+00   0.1018E+01   0.1030E+01   0.1039E+01   0.1046E+01   0.1051E+01   0.1055E+01   0.1058E+01   0.1060E+01   0.1062E+01   0.1063E+01   0.1064E+01   0.1065E+01   0.1066E+01   0.1067E+01   0.1067E+01   0.1068E+01   0.1069E+01   0.1069E+01   0.1069E+01   0.1070E+01   0.1070E+01   0.1070E+01   0.1071E+01   0.1071E+01   0.1071E+01   0.1071E+01   0.1072E+01   0.1072E+01   0.1072E+01   0.1072E+01   0.1073E+01   0.1073E+01   0.1073E+01   0.1073E+01   0.1073E+01   0.1073E+01   0.1073E+01   0.1074E+01   0.1074E+01   0.1074E+01   0.1074E+01   0.1074E+01   0.1075E+01   0.1075E+01   0.1075E+01   0.1075E+01   0.1076E+01   0.1076E+01   0.1076E+01   0.1076E+01   0.1076E+01   0.1076E+01   0.1076E+01   0.1076E+01   0.1076E+01   0.1077E+01   0.1077E+01   0.1077E+01   0.1077E+01   0.1077E+01   0.1077E+01   0.1077E+01   0.1077E+01   0.1077E+01   0.1077E+01   0.1077E+01   0.1077E+01   0.1078E+01   0.1078E+01   0.1078E+01   0.1078E+01   0.1078E+01   0.1078E+01   0.1078E+01   0.1078E+01   0.1078E+01   0.1078E+01   0.1078E+01   0.1147E+01   0.1159E+01   0.1167E+01   0.1172E+01   0.1177E+01   0.1180E+01   0.1183E+01   0.1186E+01   0.1189E+01   0.1191E+01   0.1193E+01   0.1195E+01   0.1196E+01   0.1198E+01   0.1199E+01   0.1200E+01   0.1201E+01   0.1202E+01   0.1203E+01   0.1204E+01   0.1205E+01   0.1206E+01   0.1207E+01   0.1207E+01   0.1208E+01   0.1208E+01   0.1209E+01   0.1209E+01   0.1210E+01   0.1210E+01
0.3683E+02   0.6212E-02   0.7926E-02   0.9619E-02   0.1156E-01   0.1397E-01   0.1688E-01   0.2064E-01   0.2541E-01   0.3180E-01   0.4034E-01   0.5234E-01   0.6915E-01   0.9343E-01   0.1266E+00   0.1745E+00   0.2420E+00   0.3766E+00   0.6559E+00   0.8771E+00   0.9454E+00   0.9890E+00   0.1011E+01   0.1025E+01   0.1035E+01   0.1043E+01   0.1048E+01   0.1053E+01   0.1056E+01   0.1058E+01   0.1060E+01   0.1062E+01   0.1063E+01   0.1064E+01   0.1065E+01   0.1066E+01   0.1067E+01   0.1067E+01   0.1068E+01   0.1068E+01   0.1069E+01   0.1069E+01   0.1069E+01   0.1070E+01   0.1070E+01   0.1070E+01   0.1071E+01   0.1071E+01   0.1071E+01   0.1071E+01   0.1071E+01   0.1072E+01   0.1072E+01   0.1072E+01   0.1072E+01   0.1072E+01   0.1073E+01   0.1073E+01   0.1073E+01   0.1073E+01   0.1073E+01   0.1073E+01   0.1073E+01   0.1074E+01   0.1074E+01   0.1075E+01   0.1075E+01   0.1075E+01   0.1075E+01   0.1075E+01   0.1075E+01   0.1075E+01   0.1075E+01   0.1075E+01   0.1076E+01   0.1076E+01   0.1076E+01   0.1076E+01   0.1076E+01   0.1076E+01   0.1076E+01   0.1076E+01   0.1076E+01   0.1076E+01   0.1076E+01   0.1077E+01   0.1077E+01   0.1077E+01   0.1077E+01   0.1077E+01   0.1077E+01   0.1077E+01   0.1077E+01   0.1077E+01   0.1077E+01   0.1077E+01   0.1077E+01   0.1077E+01   0.1077E+01   0.1077E+01   0.1078E+01   0.1146E+01   0.1159E+01   0.1166E+01   0.1172E+01   0.1176E+01   0.1180E+01   0.1183E+01   0.1186E+01   0.1188E+01   0.1190E+01   0.1192E+01   0.1194E+01   0.1196E+01   0.1197E+01   0.1198E+01   0.1200E+01   0.1201E+01   0.1202E+01   0.1203E+01   0.1204E+01   0.1205E+01   0.1205E+01   0.1206E+01   0.1207E+01   0.1207E+01   0.1208E+01   0.1208E+01   0.1209E+01   0.1209E+01   0.1210E+01
0.3705E+02   0.6823E-02   0.8634E-02   0.1067E-01   0.1271E-01   0.1567E-01   0.1883E-01   0.2349E-01   0.2887E-01   0.3693E-01   0.4699E-01   0.6237E-01   0.8281E-01   0.1136E+00   0.1534E+00   0.2152E+00   0.3084E+00   0.5275E+00   0.8492E+00   0.9239E+00   0.9784E+00   0.1005E+01   0.1021E+01   0.1032E+01   0.1040E+01   0.1046E+01   0.1051E+01   0.1054E+01   0.1057E+01   0.1059E+01   0.1061E+01   0.1062E+01   0.1063E+01   0.1064E+01   0.1065E+01   0.1066E+01   0.1066E+01   0.1067E+01   0.1067E+01   0.1068E+01   0.1068E+01   0.1069E+01   0.1069E+01   0.1069E+01   0.1069E+01   0.1070E+01   0.1070E+01   0.1070E+01   0.1070E+01   0.1071E+01   0.1071E+01   0.1071E+01   0.1071E+01   0.1071E+01   0.1072E+01   0.1072E+01   0.1072E+01   0.1072E+01   0.1072E+01   0.1072E+01   0.1073E+01   0.1073E+01   0.1073E+01   0.1073E+01   0.1073E+01   0.1074E+01   0.1074E+01   0.1074E+01   0.1074E+01   0.1074E+01   0.1075E+01   0.1075E+01   0.1075E+01   0.1075E+01   0.1075E+01   0.1075E+01   0.1075E+01   0.1075E+01   0.1075E+01   0.1075E+01   0.1076E+01   0.1076E+01   0.1076E+01   0.1076E+01   0.1076E+01   0.1076E+01   0.1076E+01   0.1076E+01   0.1076E+01   0.1076E+01   0.1076E+01   0.1076E+01   0.1076E+01   0.1076E+01   0.1077E+01   0.1077E+01   0.1077E+01   0.1077E+01   0.1077E+01   0.1077E+01   0.1077E+01   0.1146E+01   0.1158E+01   0.1166E+01   0.1171E+01   0.1176E+01   0.1179E+01   0.1182E+01   0.1185E+01   0.1187E+01   0.1190E+01   0.1192E+01   0.1193E+01   0.1195E+01   0.1196E+01   0.1198E+01   0.1199E+01   0.1200E+01   0.1201E+01   0.1202E+01   0.1203E+01   0.1204E+01   0.1205E+01   0.1205E+01   0.1206E+01   0.1207E+01   0.1207E+01   0.1208E+01   0.1208E+01   0.1209E+01   0.1209E+01
0.3727E+02   0.7426E-02   0.9692E-02   0.1168E-01   0.1441E-01   0.1735E-01   0.2162E-01   0.2650E-01   0.3377E-01   0.4272E-01   0.5638E-01   0.7437E-01   0.1019E+00   0.1369E+00   0.1916E+00   0.2637E+00   0.4334E+00   0.7639E+00   0.8987E+00   0.9616E+00   0.9959E+00   0.1015E+01   0.1027E+01   0.1036E+01   0.1043E+01   0.1048E+01   0.1052E+01   0.1055E+01   0.1058E+01   0.1060E+01   0.1061E+01   0.1062E+01   0.1063E+01   0.1064E+01   0.1065E+01   0.1065E+01   0.1066E+01   0.1066E+01   0.1067E+01   0.1067E+01   0.1068E+01   0.1068E+01   0.1068E+01   0.1069E+01   0.1069E+01   0.1069E+01   0.1069E+01   0.1070E+01   0.1070E+01   0.1070E+01   0.1070E+01   0.1071E+01   0.1071E+01   0.1071E+01   0.1071E+01   0.1071E+01   0.1071E+01   0.1071E+01   0.1072E+01   0.1072E+01   0.1072E+01   0.1072E+01   0.1072E+01   0.1072E+01   0.1072E+01   0.1073E+01   0.1073E+01   0.1074E+01   0.1074E+01   0.1074E+01   0.1074E+01   0.1074E+01   0.1074E+01   0.1074E+01   0.1074E+01   0.1074E+01   0.1074E+01   0.1075E+01   0.1075E+01   0.1075E+01   0.1075E+01   0.1075E+01   0.1075E+01   0.1075E+01   0.1075E+01   0.1075E+01   0.1075E+01   0.1075E+01   0.1075E+01   0.1076E+01   0.1076E+01   0.1076E+01   0.1076E+01   0.1076E+01   0.1076E+01   0.1076E+01   0.1076E+01   0.1076E+01   0.1076E+01   0.1076E+01   0.1076E+01   0.1145E+01   0.1157E+01   0.1165E+01   0.1170E+01   0.1175E+01   0.1178E+01   0.1182E+01   0.1184E+01   0.1187E+01   0.1189E+01   0.1191E+01   0.1193E+01   0.1194E+01   0.1196E+01   0.1197E+01   0.1198E+01   0.1199E+01   0.1201E+01   0.1201E+01   0.1202E+01   0.1203E+01   0.1204E+01   0.1205E+01   0.1205E+01   0.1206E+01   0.1206E+01   0.1207E+01   0.1207E+01   0.1208E+01   0.1208E+01
0.3748E+02   0.8231E-02   0.1067E-01   0.1311E-01   0.1606E-01   0.1977E-01   0.2453E-01   0.3079E-01   0.3926E-01   0.5098E-01   0.6755E-01   0.9122E-01   0.1239E+00   0.1704E+00   0.2368E+00   0.3650E+00   0.6354E+00   0.8708E+00   0.9400E+00   0.9852E+00   0.1008E+01   0.1022E+01   0.1032E+01   0.1040E+01   0.1046E+01   0.1050E+01   0.1053E+01   0.1056E+01   0.1058E+01   0.1060E+01   0.1061E+01   0.1062E+01   0.1063E+01   0.1064E+01   0.1064E+01   0.1065E+01   0.1065E+01   0.1066E+01   0.1066E+01   0.1067E+01   0.1067E+01   0.1067E+01   0.1068E+01   0.1068E+01   0.1068E+01   0.1069E+01   0.1069E+01   0.1069E+01   0.1069E+01   0.1069E+01   0.1070E+01   0.1070E+01   0.1070E+01   0.1070E+01   0.1070E+01   0.1071E+01   0.1071E+01   0.1071E+01   0.1071E+01   0.1071E+01   0.1071E+01   0.1071E+01   0.1071E+01   0.1072E+01   0.1072E+01   0.1073E+01   0.1073E+01   0.1073E+01   0.1073E+01   0.1073E+01   0.1073E+01   0.1073E+01   0.1073E+01   0.1073E+01   0.1074E+01   0.1074E+01   0.1074E+01   0.1074E+01   0.1074E+01   0.1074E+01   0.1074E+01   0.1074E+01   0.1074E+01   0.1074E+01   0.1074E+01   0.1075E+01   0.1075E+01   0.1075E+01   0.1075E+01   0.1075E+01   0.1075E+01   0.1075E+01   0.1075E+01   0.1075E+01   0.1075E+01   0.1075E+01   0.1075E+01   0.1075E+01   0.1075E+01   0.1075E+01   0.1075E+01   0.1144E+01   0.1156E+01   0.1164E+01   0.1170E+01   0.1174E+01   0.1178E+01   0.1181E+01   0.1184E+01   0.1186E+01   0.1188E+01   0.1190E+01   0.1192E+01   0.1194E+01   0.1195E+01   0.1196E+01   0.1198E+01   0.1199E+01   0.1200E+01   0.1201E+01   0.1202E+01   0.1202E+01   0.1203E+01   0.1204E+01   0.1205E+01   0.1205E+01   0.1206E+01   0.1206E+01   0.1207E+01   0.1207E+01   0.1208E+01
0.3770E+02   0.9132E-02   0.1171E-01   0.1474E-01   0.1787E-01   0.2254E-01   0.2779E-01   0.3579E-01   0.4557E-01   0.6072E-01   0.8057E-01   0.1109E+00   0.1494E+00   0.2100E+00   0.2969E+00   0.5069E+00   0.8428E+00   0.9183E+00   0.9744E+00   0.1001E+01   0.1017E+01   0.1028E+01   0.1037E+01   0.1043E+01   0.1048E+01   0.1052E+01   0.1054E+01   0.1057E+01   0.1058E+01   0.1060E+01   0.1061E+01   0.1062E+01   0.1063E+01   0.1063E+01   0.1064E+01   0.1064E+01   0.1065E+01   0.1065E+01   0.1066E+01   0.1066E+01   0.1066E+01   0.1067E+01   0.1067E+01   0.1067E+01   0.1068E+01   0.1068E+01   0.1068E+01   0.1068E+01   0.1069E+01   0.1069E+01   0.1069E+01   0.1069E+01   0.1069E+01   0.1069E+01   0.1070E+01   0.1070E+01   0.1070E+01   0.1070E+01   0.1070E+01   0.1070E+01   0.1071E+01   0.1071E+01   0.1071E+01   0.1071E+01   0.1071E+01   0.1072E+01   0.1072E+01   0.1072E+01   0.1072E+01   0.1072E+01   0.1072E+01   0.1073E+01   0.1073E+01   0.1073E+01   0.1073E+01   0.1073E+01   0.1073E+01   0.1073E+01   0.1073E+01   0.1073E+01   0.1073E+01   0.1073E+01   0.1074E+01   0.1074E+01   0.1074E+01   0.1074E+01   0.1074E+01   0.1074E+01   0.1074E+01   0.1074E+01   0.1074E+01   0.1074E+01   0.1074E+01   0.1074E+01   0.1074E+01   0.1074E+01   0.1074E+01   0.1075E+01   0.1075E+01   0.1075E+01   0.1075E+01   0.1143E+01   0.1156E+01   0.1163E+01   0.1169E+01   0.1173E+01   0.1177E+01   0.1180E+01   0.1183E+01   0.1185E+01   0.1187E+01   0.1189E+01   0.1191E+01   0.1193E+01   0.1194E+01   0.1196E+01   0.1197E+01   0.1198E+01   0.1199E+01   0.1200E+01   0.1201E+01   0.1202E+01   0.1202E+01   0.1203E+01   0.1204E+01   0.1204E+01   0.1205E+01   0.1205E+01   0.1206E+01   0.1206E+01   0.1207E+01
0.3792E+02   0.1006E-01   0.1331E-01   0.1638E-01   0.2059E-01   0.2550E-01   0.3262E-01   0.4151E-01   0.5487E-01   0.7262E-01   0.9950E-01   0.1341E+00   0.1872E+00   0.2581E+00   0.4213E+00   0.7429E+00   0.8920E+00   0.9557E+00   0.9916E+00   0.1011E+01   0.1024E+01   0.1033E+01   0.1040E+01   0.1045E+01   0.1049E+01   0.1052E+01   0.1055E+01   0.1057E+01   0.1058E+01   0.1059E+01   0.1060E+01   0.1061E+01   0.1062E+01   0.1063E+01   0.1063E+01   0.1064E+01   0.1064E+01   0.1065E+01   0.1065E+01   0.1065E+01   0.1066E+01   0.1066E+01   0.1066E+01   0.1067E+01   0.1067E+01   0.1067E+01   0.1067E+01   0.1068E+01   0.1068E+01   0.1068E+01   0.1068E+01   0.1068E+01   0.1069E+01   0.1069E+01   0.1069E+01   0.1069E+01   0.1069E+01   0.1069E+01   0.1069E+01   0.1070E+01   0.1070E+01   0.1070E+01   0.1070E+01   0.1070E+01   0.1070E+01   0.1071E+01   0.1071E+01   0.1071E+01   0.1071E+01   0.1071E+01   0.1072E+01   0.1072E+01   0.1072E+01   0.1072E+01   0.1072E+01   0.1072E+01   0.1072E+01   0.1072E+01   0.1072E+01   0.1072E+01   0.1072E+01   0.1073E+01   0.1073E+01   0.1073E+01   0.1073E+01   0.1073E+01   0.1073E+01   0.1073E+01   0.1073E+01   0.1073E+01   0.1073E+01   0.1073E+01   0.1073E+01   0.1073E+01   0.1073E+01   0.1074E+01   0.1074E+01   0.1074E+01   0.1074E+01   0.1074E+01   0.1074E+01   0.1142E+01   0.1155E+01   0.1162E+01   0.1168E+01   0.1172E+01   0.1176E+01   0.1179E+01   0.1182E+01   0.1184E+01   0.1186E+01   0.1188E+01   0.1190E+01   0.1192E+01   0.1193E+01   0.1195E+01   0.1196E+01   0.1197E+01   0.1198E+01   0.1199E+01   0.1200E+01   0.1201E+01   0.1202E+01   0.1202E+01   0.1203E+01   0.1203E+01   0.1204E+01   0.1205E+01   0.1205E+01   0.1205E+01   0.1206E+01
0.3813E+02   0.1126E-01   0.1488E-01   0.1862E-01   0.2341E-01   0.2956E-01   0.3796E-01   0.4940E-01   0.6572E-01   0.8879E-01   0.1210E+00   0.1661E+00   0.2312E+00   0.3530E+00   0.6143E+00   0.8639E+00   0.9339E+00   0.9806E+00   0.1004E+01   0.1019E+01   0.1029E+01   0.1037E+01   0.1043E+01   0.1047E+01   0.1050E+01   0.1053E+01   0.1055E+01   0.1057E+01   0.1058E+01   0.1059E+01   0.1060E+01   0.1061E+01   0.1061E+01   0.1062E+01   0.1063E+01   0.1063E+01   0.1063E+01   0.1064E+01   0.1064E+01   0.1065E+01   0.1065E+01   0.1065E+01   0.1065E+01   0.1066E+01   0.1066E+01   0.1066E+01   0.1066E+01   0.1067E+01   0.1067E+01   0.1067E+01   0.1067E+01   0.1067E+01   0.1068E+01   0.1068E+01   0.1068E+01   0.1068E+01   0.1068E+01   0.1068E+01   0.1068E+01   0.1069E+01   0.1069E+01   0.1069E+01   0.1069E+01   0.1069E+01   0.1069E+01   0.1070E+01   0.1070E+01   0.1070E+01   0.1070E+01   0.1070E+01   0.1071E+01   0.1071E+01   0.1071E+01   0.1071E+01   0.1071E+01   0.1071E+01   0.1071E+01   0.1071E+01   0.1071E+01   0.1071E+01   0.1072E+01   0.1072E+01   0.1072E+01   0.1072E+01   0.1072E+01   0.1072E+01   0.1072E+01   0.1072E+01   0.1072E+01   0.1072E+01   0.1072E+01   0.1072E+01   0.1072E+01   0.1072E+01   0.1073E+01   0.1073E+01   0.1073E+01   0.1073E+01   0.1073E+01   0.1073E+01   0.1073E+01   0.1141E+01   0.1154E+01   0.1161E+01   0.1167E+01   0.1171E+01   0.1175E+01   0.1178E+01   0.1181E+01   0.1183E+01   0.1185E+01   0.1187E+01   0.1189E+01   0.1191E+01   0.1192E+01   0.1194E+01   0.1195E+01   0.1196E+01   0.1197E+01   0.1198E+01   0.1199E+01   0.1200E+01   0.1201E+01   0.1201E+01   0.1202E+01   0.1202E+01   0.1203E+01   0.1204E+01   0.1204E+01   0.1204E+01   0.1205E+01
0.3835E+02   0.1264E-01   0.1651E-01   0.2126E-01   0.2644E-01   0.3439E-01   0.4390E-01   0.5882E-01   0.7808E-01   0.1079E+00   0.1452E+00   0.2044E+00   0.2848E+00   0.4856E+00   0.8357E+00   0.9120E+00   0.9696E+00   0.9971E+00   0.1013E+01   0.1025E+01   0.1033E+01   0.1040E+01   0.1045E+01   0.1048E+01   0.1051E+01   0.1053E+01   0.1055E+01   0.1056E+01   0.1058E+01   0.1059E+01   0.1059E+01   0.1060E+01   0.1061E+01   0.1061E+01   0.1062E+01   0.1062E+01   0.1063E+01   0.1063E+01   0.1063E+01   0.1064E+01   0.1064E+01   0.1064E+01   0.1065E+01   0.1065E+01   0.1065E+01   0.1065E+01   0.1066E+01   0.1066E+01   0.1066E+01   0.1066E+01   0.1066E+01   0.1066E+01   0.1067E+01   0.1067E+01   0.1067E+01   0.1067E+01   0.1067E+01   0.1067E+01   0.1068E+01   0.1068E+01   0.1068E+01   0.1068E+01   0.1068E+01   0.1068E+01   0.1068E+01   0.1069E+01   0.1069E+01   0.1069E+01   0.1069E+01   0.1070E+01   0.1070E+01   0.1070E+01   0.1070E+01   0.1070E+01   0.1070E+01   0.1070E+01   0.1070E+01   0.1070E+01   0.1070E+01   0.1070E+01   0.1071E+01   0.1071E+01   0.1071E+01   0.1071E+01   0.1071E+01   0.1071E+01   0.1071E+01   0.1071E+01   0.1071E+01   0.1071E+01   0.1071E+01   0.1071E+01   0.1071E+01   0.1071E+01   0.1071E+01   0.1072E+01   0.1072E+01   0.1072E+01   0.1072E+01   0.1072E+01   0.1072E+01   0.1140E+01   0.1153E+01   0.1160E+01   0.1166E+01   0.1170E+01   0.1174E+01   0.1177E+01   0.1180E+01   0.1182E+01   0.1184E+01   0.1186E+01   0.1188E+01   0.1190E+01   0.1191E+01   0.1193E+01   0.1194E+01   0.1195E+01   0.1196E+01   0.1197E+01   0.1198E+01   0.1199E+01   0.1200E+01   0.1200E+01   0.1201E+01   0.1201E+01   0.1202E+01   0.1203E+01   0.1203E+01   0.1203E+01   0.1204E+01
0.3857E+02   0.1414E-01   0.1910E-01   0.2414E-01   0.3115E-01   0.4002E-01   0.5307E-01   0.7058E-01   0.9681E-01   0.1309E+00   0.1824E+00   0.2519E+00   0.4085E+00   0.7212E+00   0.8845E+00   0.9491E+00   0.9865E+00   0.1007E+01   0.1019E+01   0.1029E+01   0.1036E+01   0.1042E+01   0.1046E+01   0.1049E+01   0.1051E+01   0.1053E+01   0.1055E+01   0.1056E+01   0.1057E+01   0.1058E+01   0.1059E+01   0.1059E+01   0.1060E+01   0.1060E+01   0.1061E+01   0.1061E+01   0.1062E+01   0.1062E+01   0.1062E+01   0.1063E+01   0.1063E+01   0.1063E+01   0.1063E+01   0.1064E+01   0.1064E+01   0.1064E+01   0.1064E+01   0.1065E+01   0.1065E+01   0.1065E+01   0.1065E+01   0.1065E+01   0.1066E+01   0.1066E+01   0.1066E+01   0.1066E+01   0.1066E+01   0.1066E+01   0.1066E+01   0.1067E+01   0.1067E+01   0.1067E+01   0.1067E+01   0.1067E+01   0.1067E+01   0.1068E+01   0.1068E+01   0.1068E+01   0.1068E+01   0.1068E+01   0.1068E+01   0.1069E+01   0.1069E+01   0.1069E+01   0.1069E+01   0.1069E+01   0.1069E+01   0.1069E+01   0.1069E+01   0.1069E+01   0.1069E+01   0.1069E+01   0.1070E+01   0.1070E+01   0.1070E+01   0.1070E+01   0.1070E+01   0.1070E+01   0.1070E+01   0.1070E+01   0.1070E+01   0.1070E+01   0.1070E+01   0.1070E+01   0.1070E+01   0.1070E+01   0.1070E+01   0.1071E+01   0.1071E+01   0.1071E+01   0.1071E+01   0.1139E+01   0.1152E+01   0.1159E+01   0.1165E+01   0.1169E+01   0.1173E+01   0.1176E+01   0.1179E+01   0.1181E+01   0.1183E+01   0.1185E+01   0.1187E+01   0.1189E+01   0.1190E+01   0.1192E+01   0.1193E+01   0.1194E+01   0.1195E+01   0.1196E+01   0.1197E+01   0.1198E+01   0.1198E+01   0.1199E+01   0.1200E+01   0.1200E+01   0.1201E+01   0.1201E+01   0.1202E+01   0.1202E+01   0.1203E+01
0.3878E+02   0.1604E-01   0.2177E-01   0.2793E-01   0.3630E-01   0.4749E-01   0.6357E-01   0.8602E-01   0.1177E+00   0.1614E+00   0.2250E+00   0.3402E+00   0.5923E+00   0.8561E+00   0.9269E+00   0.9752E+00   0.9993E+00   0.1014E+01   0.1025E+01   0.1032E+01   0.1038E+01   0.1043E+01   0.1046E+01   0.1049E+01   0.1051E+01   0.1053E+01   0.1054E+01   0.1055E+01   0.1056E+01   0.1057E+01   0.1058E+01   0.1058E+01   0.1059E+01   0.1059E+01   0.1060E+01   0.1060E+01   0.1061E+01   0.1061E+01   0.1061E+01   0.1062E+01   0.1062E+01   0.1062E+01   0.1062E+01   0.1063E+01   0.1063E+01   0.1063E+01   0.1063E+01   0.1063E+01   0.1064E+01   0.1064E+01   0.1064E+01   0.1064E+01   0.1064E+01   0.1065E+01   0.1065E+01   0.1065E+01   0.1065E+01   0.1065E+01   0.1065E+01   0.1065E+01   0.1065E+01   0.1066E+01   0.1066E+01   0.1066E+01   0.1066E+01   0.1067E+01   0.1067E+01   0.1067E+01   0.1067E+01   0.1067E+01   0.1067E+01   0.1067E+01   0.1067E+01   0.1068E+01   0.1068E+01   0.1068E+01   0.1068E+01   0.1068E+01   0.1068E+01   0.1068E+01   0.1068E+01   0.1068E+01   0.1068E+01   0.1068E+01   0.1068E+01   0.1069E+01   0.1069E+01   0.1069E+01   0.1069E+01   0.1069E+01   0.1069E+01   0.1069E+01   0.1069E+01   0.1069E+01   0.1069E+01   0.1069E+01   0.1069E+01   0.1069E+01   0.1069E+01   0.1069E+01   0.1069E+01   0.1138E+01   0.1150E+01   0.1158E+01   0.1164E+01   0.1168E+01   0.1172E+01   0.1175E+01   0.1177E+01   0.1180E+01   0.1182E+01   0.1184E+01   0.1186E+01   0.1187E+01   0.1189E+01   0.1190E+01   0.1191E+01   0.1193E+01   0.1194E+01   0.1195E+01   0.1196E+01   0.1196E+01   0.1197E+01   0.1198E+01   0.1198E+01   0.1199E+01   0.1200E+01   0.1200E+01   0.1201E+01   0.1201E+01   0.1201E+01
0.3900E+02   0.1828E-01   0.2451E-01   0.3251E-01   0.4182E-01   0.5654E-01   0.7521E-01   0.1046E+00   0.1405E+00   0.1983E+00   0.2721E+00   0.4634E+00   0.8276E+00   0.9046E+00   0.9638E+00   0.9919E+00   0.1009E+01   0.1020E+01   0.1029E+01   0.1035E+01   0.1040E+01   0.1044E+01   0.1047E+01   0.1049E+01   0.1051E+01   0.1052E+01   0.1053E+01   0.1054E+01   0.1055E+01   0.1056E+01   0.1057E+01   0.1057E+01   0.1058E+01   0.1058E+01   0.1059E+01   0.1059E+01   0.1059E+01   0.1060E+01   0.1060E+01   0.1060E+01   0.1061E+01   0.1061E+01   0.1061E+01   0.1061E+01   0.1062E+01   0.1062E+01   0.1062E+01   0.1062E+01   0.1062E+01   0.1063E+01   0.1063E+01   0.1063E+01   0.1063E+01   0.1063E+01   0.1063E+01   0.1064E+01   0.1064E+01   0.1064E+01   0.1064E+01   0.1064E+01   0.1064E+01   0.1064E+01   0.1064E+01   0.1065E+01   0.1065E+01   0.1065E+01   0.1066E+01   0.1066E+01   0.1066E+01   0.1066E+01   0.1066E+01   0.1066E+01   0.1066E+01   0.1066E+01   0.1066E+01   0.1066E+01   0.1066E+01   0.1067E+01   0.1067E+01   0.1067E+01   0.1067E+01   0.1067E+01   0.1067E+01   0.1067E+01   0.1067E+01   0.1067E+01   0.1067E+01   0.1067E+01   0.1067E+01   0.1067E+01   0.1068E+01   0.1068E+01   0.1068E+01   0.1068E+01   0.1068E+01   0.1068E+01   0.1068E+01   0.1068E+01   0.1068E+01   0.1068E+01   0.1068E+01   0.1137E+01   0.1149E+01   0.1157E+01   0.1162E+01   0.1167E+01   0.1170E+01   0.1173E+01   0.1176E+01   0.1179E+01   0.1181E+01   0.1183E+01   0.1184E+01   0.1186E+01   0.1188E+01   0.1189E+01   0.1190E+01   0.1191E+01   0.1192E+01   0.1193E+01   0.1194E+01   0.1195E+01   0.1196E+01   0.1196E+01   0.1197E+01   0.1198E+01   0.1198E+01   0.1199E+01   0.1199E+01   0.1200E+01   0.1200E+01
0.3922E+02   0.2090E-01   0.2902E-01   0.3799E-01   0.5078E-01   0.6809E-01   0.9366E-01   0.1272E+00   0.1771E+00   0.2450E+00   0.3948E+00   0.6984E+00   0.8758E+00   0.9413E+00   0.9803E+00   0.1001E+01   0.1014E+01   0.1024E+01   0.1031E+01   0.1037E+01   0.1041E+01   0.1044E+01   0.1046E+01   0.1048E+01   0.1050E+01   0.1051E+01   0.1052E+01   0.1053E+01   0.1054E+01   0.1055E+01   0.1055E+01   0.1056E+01   0.1056E+01   0.1057E+01   0.1057E+01   0.1058E+01   0.1058E+01   0.1058E+01   0.1059E+01   0.1059E+01   0.1059E+01   0.1059E+01   0.1060E+01   0.1060E+01   0.1060E+01   0.1060E+01   0.1061E+01   0.1061E+01   0.1061E+01   0.1061E+01   0.1061E+01   0.1061E+01   0.1062E+01   0.1062E+01   0.1062E+01   0.1062E+01   0.1062E+01   0.1062E+01   0.1062E+01   0.1063E+01   0.1063E+01   0.1063E+01   0.1063E+01   0.1063E+01   0.1063E+01   0.1064E+01   0.1064E+01   0.1064E+01   0.1064E+01   0.1064E+01   0.1064E+01   0.1065E+01   0.1065E+01   0.1065E+01   0.1065E+01   0.1065E+01   0.1065E+01   0.1065E+01   0.1065E+01   0.1065E+01   0.1065E+01   0.1065E+01   0.1065E+01   0.1066E+01   0.1066E+01   0.1066E+01   0.1066E+01   0.1066E+01   0.1066E+01   0.1066E+01   0.1066E+01   0.1066E+01   0.1066E+01   0.1066E+01   0.1066E+01   0.1066E+01   0.1066E+01   0.1066E+01   0.1066E+01   0.1067E+01   0.1067E+01   0.1135E+01   0.1147E+01   0.1155E+01   0.1161E+01   0.1165E+01   0.1169E+01   0.1172E+01   0.1175E+01   0.1177E+01   0.1179E+01   0.1181E+01   0.1183E+01   0.1185E+01   0.1186E+01   0.1187E+01   0.1189E+01   0.1190E+01   0.1191E+01   0.1192E+01   0.1193E+01   0.1193E+01   0.1194E+01   0.1195E+01   0.1195E+01   0.1196E+01   0.1197E+01   0.1197E+01   0.1198E+01   0.1198E+01   0.1198E+01
0.3943E+02   0.2412E-01   0.3388E-01   0.4497E-01   0.6085E-01   0.8272E-01   0.1139E+00   0.1560E+00   0.2180E+00   0.3264E+00   0.5691E+00   0.8469E+00   0.9186E+00   0.9684E+00   0.9931E+00   0.1008E+01   0.1019E+01   0.1027E+01   0.1033E+01   0.1038E+01   0.1041E+01   0.1044E+01   0.1046E+01   0.1048E+01   0.1049E+01   0.1050E+01   0.1051E+01   0.1052E+01   0.1053E+01   0.1053E+01   0.1054E+01   0.1054E+01   0.1055E+01   0.1055E+01   0.1056E+01   0.1056E+01   0.1056E+01   0.1057E+01   0.1057E+01   0.1057E+01   0.1058E+01   0.1058E+01   0.1058E+01   0.1058E+01   0.1058E+01   0.1059E+01   0.1059E+01   0.1059E+01   0.1059E+01   0.1059E+01   0.1060E+01   0.1060E+01   0.1060E+01   0.1060E+01   0.1060E+01   0.1060E+01   0.1061E+01   0.1061E+01   0.1061E+01   0.1061E+01   0.1061E+01   0.1061E+01   0.1061E+01   0.1061E+01   0.1062E+01   0.1062E+01   0.1062E+01   0.1062E+01   0.1063E+01   0.1063E+01   0.1063E+01   0.1063E+01   0.1063E+01   0.1063E+01   0.1063E+01   0.1063E+01   0.1063E+01   0.1063E+01   0.1063E+01   0.1064E+01   0.1064E+01   0.1064E+01   0.1064E+01   0.1064E+01   0.1064E+01   0.1064E+01   0.1064E+01   0.1064E+01   0.1064E+01   0.1064E+01   0.1064E+01   0.1064E+01   0.1064E+01   0.1065E+01   0.1065E+01   0.1065E+01   0.1065E+01   0.1065E+01   0.1065E+01   0.1065E+01   0.1065E+01   0.1133E+01   0.1146E+01   0.1153E+01   0.1159E+01   0.1163E+01   0.1167E+01   0.1170E+01   0.1173E+01   0.1175E+01   0.1177E+01   0.1179E+01   0.1181E+01   0.1183E+01   0.1184E+01   0.1186E+01   0.1187E+01   0.1188E+01   0.1189E+01   0.1190E+01   0.1191E+01   0.1192E+01   0.1192E+01   0.1193E+01   0.1194E+01   0.1194E+01   0.1195E+01   0.1195E+01   0.1196E+01   0.1196E+01   0.1197E+01
0.3965E+02   0.2806E-01   0.3912E-01   0.5370E-01   0.7219E-01   0.1009E+00   0.1362E+00   0.1922E+00   0.2641E+00   0.4484E+00   0.8035E+00   0.8948E+00   0.9549E+00   0.9846E+00   0.1002E+01   0.1014E+01   0.1023E+01   0.1029E+01   0.1034E+01   0.1038E+01   0.1041E+01   0.1043E+01   0.1045E+01   0.1047E+01   0.1048E+01   0.1049E+01   0.1050E+01   0.1051E+01   0.1051E+01   0.1052E+01   0.1052E+01   0.1053E+01   0.1053E+01   0.1054E+01   0.1054E+01   0.1054E+01   0.1055E+01   0.1055E+01   0.1055E+01   0.1056E+01   0.1056E+01   0.1056E+01   0.1056E+01   0.1057E+01   0.1057E+01   0.1057E+01   0.1057E+01   0.1057E+01   0.1058E+01   0.1058E+01   0.1058E+01   0.1058E+01   0.1058E+01   0.1058E+01   0.1059E+01   0.1059E+01   0.1059E+01   0.1059E+01   0.1059E+01   0.1059E+01   0.1059E+01   0.1059E+01   0.1060E+01   0.1060E+01   0.1060E+01   0.1060E+01   0.1061E+01   0.1061E+01   0.1061E+01   0.1061E+01   0.1061E+01   0.1061E+01   0.1061E+01   0.1061E+01   0.1061E+01   0.1061E+01   0.1062E+01   0.1062E+01   0.1062E+01   0.1062E+01   0.1062E+01   0.1062E+01   0.1062E+01   0.1062E+01   0.1062E+01   0.1062E+01   0.1062E+01   0.1062E+01   0.1062E+01   0.1062E+01   0.1063E+01   0.1063E+01   0.1063E+01   0.1063E+01   0.1063E+01   0.1063E+01   0.1063E+01   0.1063E+01   0.1063E+01   0.1063E+01   0.1063E+01   0.1131E+01   0.1144E+01   0.1152E+01   0.1157E+01   0.1162E+01   0.1165E+01   0.1168E+01   0.1171E+01   0.1173E+01   0.1176E+01   0.1178E+01   0.1179E+01   0.1181E+01   0.1182E+01   0.1184E+01   0.1185E+01   0.1186E+01   0.1187E+01   0.1188E+01   0.1189E+01   0.1190E+01   0.1191E+01   0.1191E+01   0.1192E+01   0.1192E+01   0.1193E+01   0.1194E+01   0.1194E+01   0.1194E+01   0.1195E+01
0.3987E+02   0.3294E-01   0.4748E-01   0.6473E-01   0.8970E-01   0.1227E+00   0.1708E+00   0.2369E+00   0.3796E+00   0.6739E+00   0.8655E+00   0.9318E+00   0.9724E+00   0.9936E+00   0.1007E+01   0.1017E+01   0.1025E+01   0.1030E+01   0.1034E+01   0.1038E+01   0.1040E+01   0.1042E+01   0.1044E+01   0.1045E+01   0.1046E+01   0.1047E+01   0.1048E+01   0.1049E+01   0.1049E+01   0.1050E+01   0.1051E+01   0.1051E+01   0.1051E+01   0.1052E+01   0.1052E+01   0.1052E+01   0.1053E+01   0.1053E+01   0.1053E+01   0.1054E+01   0.1054E+01   0.1054E+01   0.1054E+01   0.1055E+01   0.1055E+01   0.1055E+01   0.1055E+01   0.1055E+01   0.1056E+01   0.1056E+01   0.1056E+01   0.1056E+01   0.1056E+01   0.1056E+01   0.1057E+01   0.1057E+01   0.1057E+01   0.1057E+01   0.1057E+01   0.1057E+01   0.1057E+01   0.1057E+01   0.1058E+01   0.1058E+01   0.1058E+01   0.1059E+01   0.1059E+01   0.1059E+01   0.1059E+01   0.1059E+01   0.1059E+01   0.1059E+01   0.1059E+01   0.1059E+01   0.1059E+01   0.1059E+01   0.1060E+01   0.1060E+01   0.1060E+01   0.1060E+01   0.1060E+01   0.1060E+01   0.1060E+01   0.1060E+01   0.1060E+01   0.1060E+01   0.1060E+01   0.1060E+01   0.1060E+01   0.1060E+01   0.1061E+01   0.1061E+01   0.1061E+01   0.1061E+01   0.1061E+01   0.1061E+01   0.1061E+01   0.1061E+01   0.1061E+01   0.1061E+01   0.1061E+01   0.1129E+01   0.1142E+01   0.1150E+01   0.1155E+01   0.1159E+01   0.1163E+01   0.1166E+01   0.1169E+01   0.1171E+01   0.1173E+01   0.1175E+01   0.1177E+01   0.1179E+01   0.1180E+01   0.1182E+01   0.1183E+01   0.1184E+01   0.1185E+01   0.1186E+01   0.1187E+01   0.1188E+01   0.1188E+01   0.1189E+01   0.1190E+01   0.1190E+01   0.1191E+01   0.1191E+01   0.1192E+01   0.1192E+01   0.1193E+01
0.4008E+02   0.3890E-01   0.5693E-01   0.7840E-01   0.1091E+00   0.1497E+00   0.2098E+00   0.3110E+00   0.5440E+00   0.8359E+00   0.9084E+00   0.9598E+00   0.9851E+00   0.1001E+01   0.1011E+01   0.1020E+01   0.1026E+01   0.1031E+01   0.1034E+01   0.1037E+01   0.1039E+01   0.1041E+01   0.1042E+01   0.1044E+01   0.1045E+01   0.1045E+01   0.1046E+01   0.1047E+01   0.1047E+01   0.1048E+01   0.1048E+01   0.1049E+01   0.1049E+01   0.1050E+01   0.1050E+01   0.1050E+01   0.1051E+01   0.1051E+01   0.1051E+01   0.1051E+01   0.1052E+01   0.1052E+01   0.1052E+01   0.1052E+01   0.1053E+01   0.1053E+01   0.1053E+01   0.1053E+01   0.1053E+01   0.1054E+01   0.1054E+01   0.1054E+01   0.1054E+01   0.1054E+01   0.1054E+01   0.1054E+01   0.1055E+01   0.1055E+01   0.1055E+01   0.1055E+01   0.1055E+01   0.1055E+01   0.1055E+01   0.1055E+01   0.1056E+01   0.1056E+01   0.1056E+01   0.1056E+01   0.1057E+01   0.1057E+01   0.1057E+01   0.1057E+01   0.1057E+01   0.1057E+01   0.1057E+01   0.1057E+01   0.1057E+01   0.1057E+01   0.1057E+01   0.1058E+01   0.1058E+01   0.1058E+01   0.1058E+01   0.1058E+01   0.1058E+01   0.1058E+01   0.1058E+01   0.1058E+01   0.1058E+01   0.1058E+01   0.1058E+01   0.1058E+01   0.1058E+01   0.1058E+01   0.1059E+01   0.1059E+01   0.1059E+01   0.1059E+01   0.1059E+01   0.1059E+01   0.1059E+01   0.1127E+01   0.1140E+01   0.1147E+01   0.1153E+01   0.1157E+01   0.1161E+01   0.1164E+01   0.1167E+01   0.1169E+01   0.1171E+01   0.1173E+01   0.1175E+01   0.1177E+01   0.1178E+01   0.1179E+01   0.1181E+01   0.1182E+01   0.1183E+01   0.1184E+01   0.1185E+01   0.1185E+01   0.1186E+01   0.1187E+01   0.1187E+01   0.1188E+01   0.1189E+01   0.1189E+01   0.1190E+01   0.1190E+01   0.1190E+01
0.4030E+02   0.4646E-01   0.6771E-01   0.9598E-01   0.1307E+00   0.1845E+00   0.2543E+00   0.4312E+00   0.7772E+00   0.8827E+00   0.9437E+00   0.9750E+00   0.9929E+00   0.1005E+01   0.1014E+01   0.1021E+01   0.1026E+01   0.1030E+01   0.1033E+01   0.1036E+01   0.1038E+01   0.1039E+01   0.1040E+01   0.1041E+01   0.1042E+01   0.1043E+01   0.1044E+01   0.1044E+01   0.1045E+01   0.1045E+01   0.1046E+01   0.1046E+01   0.1047E+01   0.1047E+01   0.1047E+01   0.1048E+01   0.1048E+01   0.1048E+01   0.1049E+01   0.1049E+01   0.1049E+01   0.1049E+01   0.1050E+01   0.1050E+01   0.1050E+01   0.1050E+01   0.1050E+01   0.1051E+01   0.1051E+01   0.1051E+01   0.1051E+01   0.1051E+01   0.1051E+01   0.1052E+01   0.1052E+01   0.1052E+01   0.1052E+01   0.1052E+01   0.1052E+01   0.1052E+01   0.1052E+01   0.1053E+01   0.1053E+01   0.1053E+01   0.1053E+01   0.1054E+01   0.1054E+01   0.1054E+01   0.1054E+01   0.1054E+01   0.1054E+01   0.1054E+01   0.1054E+01   0.1054E+01   0.1054E+01   0.1055E+01   0.1055E+01   0.1055E+01   0.1055E+01   0.1055E+01   0.1055E+01   0.1055E+01   0.1055E+01   0.1055E+01   0.1055E+01   0.1055E+01   0.1055E+01   0.1055E+01   0.1055E+01   0.1056E+01   0.1056E+01   0.1056E+01   0.1056E+01   0.1056E+01   0.1056E+01   0.1056E+01   0.1056E+01   0.1056E+01   0.1056E+01   0.1056E+01   0.1056E+01   0.1124E+01   0.1137E+01   0.1144E+01   0.1150E+01   0.1154E+01   0.1158E+01   0.1161E+01   0.1164E+01   0.1166E+01   0.1168E+01   0.1170E+01   0.1172E+01   0.1174E+01   0.1175E+01   0.1177E+01   0.1178E+01   0.1179E+01   0.1180E+01   0.1181E+01   0.1182E+01   0.1183E+01   0.1183E+01   0.1184E+01   0.1185E+01   0.1185E+01   0.1186E+01   0.1186E+01   0.1187E+01   0.1187E+01   0.1188E+01
0.4052E+02   0.5618E-01   0.8404E-01   0.1167E+00   0.1629E+00   0.2268E+00   0.3621E+00   0.6470E+00   0.8527E+00   0.9199E+00   0.9621E+00   0.9841E+00   0.9980E+00   0.1008E+01   0.1016E+01   0.1022E+01   0.1026E+01   0.1029E+01   0.1032E+01   0.1034E+01   0.1036E+01   0.1037E+01   0.1038E+01   0.1039E+01   0.1040E+01   0.1041E+01   0.1042E+01   0.1042E+01   0.1043E+01   0.1043E+01   0.1044E+01   0.1044E+01   0.1044E+01   0.1045E+01   0.1045E+01   0.1045E+01   0.1046E+01   0.1046E+01   0.1046E+01   0.1046E+01   0.1047E+01   0.1047E+01   0.1047E+01   0.1047E+01   0.1048E+01   0.1048E+01   0.1048E+01   0.1048E+01   0.1048E+01   0.1048E+01   0.1049E+01   0.1049E+01   0.1049E+01   0.1049E+01   0.1049E+01   0.1049E+01   0.1050E+01   0.1050E+01   0.1050E+01   0.1050E+01   0.1050E+01   0.1050E+01   0.1050E+01   0.1050E+01   0.1050E+01   0.1051E+01   0.1051E+01   0.1051E+01   0.1051E+01   0.1052E+01   0.1052E+01   0.1052E+01   0.1052E+01   0.1052E+01   0.1052E+01   0.1052E+01   0.1052E+01   0.1052E+01   0.1052E+01   0.1052E+01   0.1052E+01   0.1053E+01   0.1053E+01   0.1053E+01   0.1053E+01   0.1053E+01   0.1053E+01   0.1053E+01   0.1053E+01   0.1053E+01   0.1053E+01   0.1053E+01   0.1053E+01   0.1053E+01   0.1053E+01   0.1053E+01   0.1053E+01   0.1054E+01   0.1054E+01   0.1054E+01   0.1054E+01   0.1122E+01   0.1134E+01   0.1142E+01   0.1148E+01   0.1152E+01   0.1155E+01   0.1159E+01   0.1161E+01   0.1164E+01   0.1166E+01   0.1168E+01   0.1170E+01   0.1171E+01   0.1173E+01   0.1174E+01   0.1175E+01   0.1176E+01   0.1177E+01   0.1178E+01   0.1179E+01   0.1180E+01   0.1181E+01   0.1182E+01   0.1182E+01   0.1183E+01   0.1183E+01   0.1184E+01   0.1184E+01   0.1185E+01   0.1185E+01
0.4073E+02   0.6792E-01   0.1023E+00   0.1415E+00   0.1994E+00   0.2930E+00   0.5158E+00   0.8221E+00   0.8954E+00   0.9486E+00   0.9746E+00   0.9904E+00   0.1002E+01   0.1010E+01   0.1016E+01   0.1021E+01   0.1025E+01   0.1028E+01   0.1030E+01   0.1032E+01   0.1033E+01   0.1035E+01   0.1036E+01   0.1037E+01   0.1037E+01   0.1038E+01   0.1039E+01   0.1039E+01   0.1040E+01   0.1040E+01   0.1041E+01   0.1041E+01   0.1041E+01   0.1042E+01   0.1042E+01   0.1042E+01   0.1043E+01   0.1043E+01   0.1043E+01   0.1043E+01   0.1044E+01   0.1044E+01   0.1044E+01   0.1044E+01   0.1045E+01   0.1045E+01   0.1045E+01   0.1045E+01   0.1045E+01   0.1045E+01   0.1046E+01   0.1046E+01   0.1046E+01   0.1046E+01   0.1046E+01   0.1046E+01   0.1047E+01   0.1047E+01   0.1047E+01   0.1047E+01   0.1047E+01   0.1047E+01   0.1047E+01   0.1047E+01   0.1047E+01   0.1048E+01   0.1048E+01   0.1048E+01   0.1048E+01   0.1049E+01   0.1049E+01   0.1049E+01   0.1049E+01   0.1049E+01   0.1049E+01   0.1049E+01   0.1049E+01   0.1049E+01   0.1049E+01   0.1049E+01   0.1049E+01   0.1050E+01   0.1050E+01   0.1050E+01   0.1050E+01   0.1050E+01   0.1050E+01   0.1050E+01   0.1050E+01   0.1050E+01   0.1050E+01   0.1050E+01   0.1050E+01   0.1050E+01   0.1050E+01   0.1050E+01   0.1050E+01   0.1051E+01   0.1051E+01   0.1051E+01   0.1051E+01   0.1119E+01   0.1131E+01   0.1139E+01   0.1144E+01   0.1149E+01   0.1152E+01   0.1155E+01   0.1158E+01   0.1161E+01   0.1163E+01   0.1165E+01   0.1167E+01   0.1168E+01   0.1170E+01   0.1171E+01   0.1172E+01   0.1173E+01   0.1174E+01   0.1175E+01   0.1176E+01   0.1177E+01   0.1178E+01   0.1178E+01   0.1179E+01   0.1180E+01   0.1180E+01   0.1181E+01   0.1181E+01   0.1182E+01   0.1182E+01
0.4095E+02   0.8332E-01   0.1227E+00   0.1743E+00   0.2413E+00   0.4101E+00   0.7468E+00   0.8667E+00   0.9289E+00   0.9619E+00   0.9806E+00   0.9931E+00   0.1003E+01   0.1010E+01   0.1015E+01   0.1019E+01   0.1022E+01   0.1025E+01   0.1027E+01   0.1028E+01   0.1030E+01   0.1031E+01   0.1032E+01   0.1033E+01   0.1033E+01   0.1034E+01   0.1035E+01   0.1035E+01   0.1036E+01   0.1036E+01   0.1036E+01   0.1037E+01   0.1037E+01   0.1037E+01   0.1038E+01   0.1038E+01   0.1038E+01   0.1039E+01   0.1039E+01   0.1039E+01   0.1039E+01   0.1040E+01   0.1040E+01   0.1040E+01   0.1040E+01   0.1040E+01   0.1041E+01   0.1041E+01   0.1041E+01   0.1041E+01   0.1041E+01   0.1041E+01   0.1042E+01   0.1042E+01   0.1042E+01   0.1042E+01   0.1042E+01   0.1042E+01   0.1042E+01   0.1043E+01   0.1043E+01   0.1043E+01   0.1043E+01   0.1043E+01   0.1043E+01   0.1044E+01   0.1044E+01   0.1044E+01   0.1044E+01   0.1044E+01   0.1044E+01   0.1044E+01   0.1044E+01   0.1045E+01   0.1045E+01   0.1045E+01   0.1045E+01   0.1045E+01   0.1045E+01   0.1045E+01   0.1045E+01   0.1045E+01   0.1045E+01   0.1045E+01   0.1045E+01   0.1045E+01   0.1045E+01   0.1046E+01   0.1046E+01   0.1046E+01   0.1046E+01   0.1046E+01   0.1046E+01   0.1046E+01   0.1046E+01   0.1046E+01   0.1046E+01   0.1046E+01   0.1046E+01   0.1046E+01   0.1046E+01   0.1115E+01   0.1127E+01   0.1135E+01   0.1140E+01   0.1144E+01   0.1148E+01   0.1151E+01   0.1154E+01   0.1156E+01   0.1158E+01   0.1160E+01   0.1162E+01   0.1164E+01   0.1165E+01   0.1167E+01   0.1168E+01   0.1169E+01   0.1170E+01   0.1171E+01   0.1172E+01   0.1173E+01   0.1173E+01   0.1174E+01   0.1175E+01   0.1175E+01   0.1176E+01   0.1176E+01   0.1177E+01   0.1177E+01   0.1178E+01
0.4117E+02   0.1021E+00   0.1520E+00   0.2133E+00   0.3405E+00   0.6162E+00   0.8363E+00   0.9047E+00   0.9488E+00   0.9716E+00   0.9860E+00   0.9965E+00   0.1004E+01   0.1010E+01   0.1015E+01   0.1018E+01   0.1021E+01   0.1023E+01   0.1025E+01   0.1027E+01   0.1028E+01   0.1029E+01   0.1030E+01   0.1031E+01   0.1031E+01   0.1032E+01   0.1032E+01   0.1033E+01   0.1033E+01   0.1034E+01   0.1034E+01   0.1035E+01   0.1035E+01   0.1035E+01   0.1036E+01   0.1036E+01   0.1036E+01   0.1036E+01   0.1037E+01   0.1037E+01   0.1037E+01   0.1037E+01   0.1038E+01   0.1038E+01   0.1038E+01   0.1038E+01   0.1038E+01   0.1039E+01   0.1039E+01   0.1039E+01   0.1039E+01   0.1039E+01   0.1039E+01   0.1039E+01   0.1040E+01   0.1040E+01   0.1040E+01   0.1040E+01   0.1040E+01   0.1040E+01   0.1040E+01   0.1041E+01   0.1041E+01   0.1041E+01   0.1041E+01   0.1042E+01   0.1042E+01   0.1042E+01   0.1042E+01   0.1042E+01   0.1042E+01   0.1042E+01   0.1042E+01   0.1042E+01   0.1042E+01   0.1042E+01   0.1042E+01   0.1043E+01   0.1043E+01   0.1043E+01   0.1043E+01   0.1043E+01   0.1043E+01   0.1043E+01   0.1043E+01   0.1043E+01   0.1043E+01   0.1043E+01   0.1043E+01   0.1043E+01   0.1043E+01   0.1044E+01   0.1044E+01   0.1044E+01   0.1044E+01   0.1044E+01   0.1044E+01   0.1044E+01   0.1044E+01   0.1044E+01   0.1044E+01   0.1112E+01   0.1125E+01   0.1132E+01   0.1138E+01   0.1142E+01   0.1146E+01   0.1149E+01   0.1152E+01   0.1154E+01   0.1156E+01   0.1158E+01   0.1160E+01   0.1161E+01   0.1163E+01   0.1164E+01   0.1166E+01   0.1167E+01   0.1168E+01   0.1169E+01   0.1170E+01   0.1170E+01   0.1171E+01   0.1172E+01   0.1172E+01   0.1173E+01   0.1174E+01   0.1174E+01   0.1175E+01   0.1175E+01   0.1175E+01
0.4138E+02   0.1240E+00   0.1852E+00   0.2702E+00   0.4822E+00   0.8044E+00   0.8789E+00   0.9343E+00   0.9613E+00   0.9777E+00   0.9892E+00   0.9981E+00   0.1005E+01   0.1010E+01   0.1014E+01   0.1017E+01   0.1019E+01   0.1021E+01   0.1023E+01   0.1024E+01   0.1025E+01   0.1026E+01   0.1027E+01   0.1027E+01   0.1028E+01   0.1029E+01   0.1029E+01   0.1030E+01   0.1030E+01   0.1031E+01   0.1031E+01   0.1031E+01   0.1032E+01   0.1032E+01   0.1032E+01   0.1033E+01   0.1033E+01   0.1033E+01   0.1033E+01   0.1034E+01   0.1034E+01   0.1034E+01   0.1034E+01   0.1034E+01   0.1035E+01   0.1035E+01   0.1035E+01   0.1035E+01   0.1035E+01   0.1036E+01   0.1036E+01   0.1036E+01   0.1036E+01   0.1036E+01   0.1036E+01   0.1036E+01   0.1037E+01   0.1037E+01   0.1037E+01   0.1037E+01   0.1037E+01   0.1037E+01   0.1037E+01   0.1037E+01   0.1038E+01   0.1038E+01   0.1038E+01   0.1038E+01   0.1038E+01   0.1039E+01   0.1039E+01   0.1039E+01   0.1039E+01   0.1039E+01   0.1039E+01   0.1039E+01   0.1039E+01   0.1039E+01   0.1039E+01   0.1039E+01   0.1039E+01   0.1040E+01   0.1040E+01   0.1040E+01   0.1040E+01   0.1040E+01   0.1040E+01   0.1040E+01   0.1040E+01   0.1040E+01   0.1040E+01   0.1040E+01   0.1040E+01   0.1040E+01   0.1040E+01   0.1040E+01   0.1041E+01   0.1041E+01   0.1041E+01   0.1041E+01   0.1041E+01   0.1109E+01   0.1121E+01   0.1129E+01   0.1135E+01   0.1139E+01   0.1143E+01   0.1146E+01   0.1148E+01   0.1151E+01   0.1153E+01   0.1155E+01   0.1157E+01   0.1158E+01   0.1160E+01   0.1161E+01   0.1162E+01   0.1163E+01   0.1164E+01   0.1165E+01   0.1166E+01   0.1167E+01   0.1168E+01   0.1169E+01   0.1169E+01   0.1170E+01   0.1170E+01   0.1171E+01   0.1171E+01   0.1172E+01   0.1172E+01
0.4160E+02   0.1526E+00   0.2224E+00   0.3805E+00   0.7085E+00   0.8437E+00   0.9075E+00   0.9428E+00   0.9625E+00   0.9757E+00   0.9856E+00   0.9930E+00   0.9986E+00   0.1003E+01   0.1006E+01   0.1009E+01   0.1011E+01   0.1013E+01   0.1014E+01   0.1015E+01   0.1016E+01   0.1017E+01   0.1018E+01   0.1019E+01   0.1019E+01   0.1020E+01   0.1020E+01   0.1021E+01   0.1021E+01   0.1022E+01   0.1022E+01   0.1023E+01   0.1023E+01   0.1023E+01   0.1024E+01   0.1024E+01   0.1024E+01   0.1024E+01   0.1025E+01   0.1025E+01   0.1025E+01   0.1025E+01   0.1025E+01   0.1026E+01   0.1026E+01   0.1026E+01   0.1026E+01   0.1026E+01   0.1027E+01   0.1027E+01   0.1027E+01   0.1027E+01   0.1027E+01   0.1027E+01   0.1028E+01   0.1028E+01   0.1028E+01   0.1028E+01   0.1028E+01   0.1028E+01   0.1028E+01   0.1028E+01   0.1029E+01   0.1029E+01   0.1029E+01   0.1029E+01   0.1029E+01   0.1030E+01   0.1030E+01   0.1030E+01   0.1030E+01   0.1030E+01   0.1030E+01   0.1030E+01   0.1030E+01   0.1030E+01   0.1030E+01   0.1030E+01   0.1031E+01   0.1031E+01   0.1031E+01   0.1031E+01   0.1031E+01   0.1031E+01   0.1031E+01   0.1031E+01   0.1031E+01   0.1031E+01   0.1031E+01   0.1031E+01   0.1031E+01   0.1031E+01   0.1031E+01   0.1032E+01   0.1032E+01   0.1032E+01   0.1032E+01   0.1032E+01   0.1032E+01   0.1032E+01   0.1032E+01   0.1100E+01   0.1113E+01   0.1120E+01   0.1126E+01   0.1130E+01   0.1134E+01   0.1137E+01   0.1140E+01   0.1142E+01   0.1144E+01   0.1146E+01   0.1148E+01   0.1150E+01   0.1151E+01   0.1152E+01   0.1154E+01   0.1155E+01   0.1156E+01   0.1157E+01   0.1158E+01   0.1158E+01   0.1159E+01   0.1160E+01   0.1160E+01   0.1161E+01   0.1162E+01   0.1162E+01   0.1163E+01   0.1163E+01   0.1163E+01
0.4182E+02   0.1854E+00   0.3118E+00   0.5793E+00   0.8145E+00   0.8851E+00   0.9318E+00   0.9559E+00   0.9712E+00   0.9823E+00   0.9908E+00   0.9971E+00   0.1002E+01   0.1006E+01   0.1009E+01   0.1011E+01   0.1013E+01   0.1014E+01   0.1016E+01   0.1017E+01   0.1018E+01   0.1019E+01   0.1019E+01   0.1020E+01   0.1021E+01   0.1021E+01   0.1022E+01   0.1022E+01   0.1023E+01   0.1023E+01   0.1023E+01   0.1024E+01   0.1024E+01   0.1024E+01   0.1025E+01   0.1025E+01   0.1025E+01   0.1025E+01   0.1026E+01   0.1026E+01   0.1026E+01   0.1026E+01   0.1027E+01   0.1027E+01   0.1027E+01   0.1027E+01   0.1027E+01   0.1028E+01   0.1028E+01   0.1028E+01   0.1028E+01   0.1028E+01   0.1028E+01   0.1028E+01   0.1029E+01   0.1029E+01   0.1029E+01   0.1029E+01   0.1029E+01   0.1029E+01   0.1029E+01   0.1029E+01   0.1030E+01   0.1030E+01   0.1030E+01   0.1030E+01   0.1031E+01   0.1031E+01   0.1031E+01   0.1031E+01   0.1031E+01   0.1031E+01   0.1031E+01   0.1031E+01   0.1031E+01   0.1031E+01   0.1031E+01   0.1032E+01   0.1032E+01   0.1032E+01   0.1032E+01   0.1032E+01   0.1032E+01   0.1032E+01   0.1032E+01   0.1032E+01   0.1032E+01   0.1032E+01   0.1032E+01   0.1032E+01   0.1032E+01   0.1032E+01   0.1033E+01   0.1033E+01   0.1033E+01   0.1033E+01   0.1033E+01   0.1033E+01   0.1033E+01   0.1033E+01   0.1033E+01   0.1101E+01   0.1114E+01   0.1122E+01   0.1127E+01   0.1132E+01   0.1135E+01   0.1138E+01   0.1141E+01   0.1143E+01   0.1146E+01   0.1148E+01   0.1149E+01   0.1151E+01   0.1152E+01   0.1154E+01   0.1155E+01   0.1156E+01   0.1157E+01   0.1158E+01   0.1159E+01   0.1160E+01   0.1160E+01   0.1161E+01   0.1162E+01   0.1162E+01   0.1163E+01   0.1163E+01   0.1164E+01   0.1164E+01   0.1165E+01
0.4203E+02   0.2274E+00   0.4400E+00   0.7840E+00   0.8608E+00   0.9198E+00   0.9485E+00   0.9662E+00   0.9786E+00   0.9882E+00   0.9953E+00   0.1001E+01   0.1005E+01   0.1008E+01   0.1011E+01   0.1013E+01   0.1015E+01   0.1016E+01   0.1017E+01   0.1018E+01   0.1019E+01   0.1020E+01   0.1021E+01   0.1021E+01   0.1022E+01   0.1022E+01   0.1023E+01   0.1023E+01   0.1024E+01   0.1024E+01   0.1024E+01   0.1025E+01   0.1025E+01   0.1025E+01   0.1026E+01   0.1026E+01   0.1026E+01   0.1026E+01   0.1027E+01   0.1027E+01   0.1027E+01   0.1027E+01   0.1028E+01   0.1028E+01   0.1028E+01   0.1028E+01   0.1028E+01   0.1029E+01   0.1029E+01   0.1029E+01   0.1029E+01   0.1029E+01   0.1029E+01   0.1030E+01   0.1030E+01   0.1030E+01   0.1030E+01   0.1030E+01   0.1030E+01   0.1030E+01   0.1030E+01   0.1031E+01   0.1031E+01   0.1031E+01   0.1031E+01   0.1032E+01   0.1032E+01   0.1032E+01   0.1032E+01   0.1032E+01   0.1032E+01   0.1032E+01   0.1032E+01   0.1032E+01   0.1032E+01   0.1032E+01   0.1032E+01   0.1033E+01   0.1033E+01   0.1033E+01   0.1033E+01   0.1033E+01   0.1033E+01   0.1033E+01   0.1033E+01   0.1033E+01   0.1033E+01   0.1033E+01   0.1033E+01   0.1033E+01   0.1033E+01   0.1034E+01   0.1034E+01   0.1034E+01   0.1034E+01   0.1034E+01   0.1034E+01   0.1034E+01   0.1034E+01   0.1034E+01   0.1034E+01   0.1103E+01   0.1115E+01   0.1123E+01   0.1129E+01   0.1133E+01   0.1137E+01   0.1140E+01   0.1142E+01   0.1145E+01   0.1147E+01   0.1149E+01   0.1151E+01   0.1152E+01   0.1154E+01   0.1155E+01   0.1156E+01   0.1157E+01   0.1158E+01   0.1159E+01   0.1160E+01   0.1161E+01   0.1162E+01   0.1162E+01   0.1163E+01   0.1164E+01   0.1164E+01   0.1165E+01   0.1165E+01   0.1166E+01   0.1166E+01
0.4225E+02   0.3091E+00   0.6538E+00   0.8062E+00   0.8737E+00   0.9127E+00   0.9345E+00   0.9491E+00   0.9601E+00   0.9683E+00   0.9746E+00   0.9793E+00   0.9830E+00   0.9859E+00   0.9883E+00   0.9901E+00   0.9917E+00   0.9930E+00   0.9941E+00   0.9951E+00   0.9959E+00   0.9967E+00   0.9973E+00   0.9980E+00   0.9985E+00   0.9990E+00   0.9995E+00   0.1000E+01   0.1000E+01   0.1001E+01   0.1001E+01   0.1001E+01   0.1002E+01   0.1002E+01   0.1002E+01   0.1003E+01   0.1003E+01   0.1003E+01   0.1003E+01   0.1004E+01   0.1004E+01   0.1004E+01   0.1004E+01   0.1005E+01   0.1005E+01   0.1005E+01   0.1005E+01   0.1005E+01   0.1005E+01   0.1006E+01   0.1006E+01   0.1006E+01   0.1006E+01   0.1006E+01   0.1006E+01   0.1007E+01   0.1007E+01   0.1007E+01   0.1007E+01   0.1007E+01   0.1007E+01   0.1007E+01   0.1007E+01   0.1007E+01   0.1008E+01   0.1008E+01   0.1008E+01   0.1008E+01   0.1008E+01   0.1009E+01   0.1009E+01   0.1009E+01   0.1009E+01   0.1009E+01   0.1009E+01   0.1009E+01   0.1009E+01   0.1009E+01   0.1009E+01   0.1009E+01   0.1009E+01   0.1010E+01   0.1010E+01   0.1010E+01   0.1010E+01   0.1010E+01   0.1010E+01   0.1010E+01   0.1010E+01   0.1010E+01   0.1010E+01   0.1010E+01   0.1010E+01   0.1010E+01   0.1010E+01   0.1010E+01   0.1011E+01   0.1011E+01   0.1011E+01   0.1011E+01   0.1011E+01   0.1079E+01   0.1092E+01   0.1100E+01   0.1105E+01   0.1110E+01   0.1113E+01   0.1116E+01   0.1119E+01   0.1121E+01   0.1124E+01   0.1126E+01   0.1127E+01   0.1129E+01   0.1130E+01   0.1132E+01   0.1133E+01   0.1134E+01   0.1135E+01   0.1136E+01   0.1137E+01   0.1138E+01   0.1139E+01   0.1139E+01   0.1140E+01   0.1140E+01   0.1141E+01   0.1142E+01   0.1142E+01   0.1142E+01   0.1143E+01
0.4247E+02   0.5132E+00   0.7939E+00   0.8686E+00   0.9205E+00   0.9478E+00   0.9652E+00   0.9779E+00   0.9876E+00   0.9948E+00   0.1000E+01   0.1005E+01   0.1008E+01   0.1011E+01   0.1013E+01   0.1014E+01   0.1016E+01   0.1017E+01   0.1018E+01   0.1019E+01   0.1020E+01   0.1021E+01   0.1021E+01   0.1022E+01   0.1022E+01   0.1023E+01   0.1023E+01   0.1024E+01   0.1024E+01   0.1025E+01   0.1025E+01   0.1025E+01   0.1026E+01   0.1026E+01   0.1026E+01   0.1026E+01   0.1027E+01   0.1027E+01   0.1027E+01   0.1027E+01   0.1028E+01   0.1028E+01   0.1028E+01   0.1028E+01   0.1028E+01   0.1029E+01   0.1029E+01   0.1029E+01   0.1029E+01   0.1029E+01   0.1030E+01   0.1030E+01   0.1030E+01   0.1030E+01   0.1030E+01   0.1030E+01   0.1030E+01   0.1031E+01   0.1031E+01   0.1031E+01   0.1031E+01   0.1031E+01   0.1031E+01   0.1031E+01   0.1031E+01   0.1032E+01   0.1032E+01   0.1032E+01   0.1032E+01   0.1032E+01   0.1032E+01   0.1033E+01   0.1033E+01   0.1033E+01   0.1033E+01   0.1033E+01   0.1033E+01   0.1033E+01   0.1033E+01   0.1033E+01   0.1033E+01   0.1033E+01   0.1033E+01   0.1033E+01   0.1033E+01   0.1034E+01   0.1034E+01   0.1034E+01   0.1034E+01   0.1034E+01   0.1034E+01   0.1034E+01   0.1034E+01   0.1034E+01   0.1034E+01   0.1034E+01   0.1034E+01   0.1034E+01   0.1034E+01   0.1034E+01   0.1034E+01   0.1103E+01   0.1116E+01   0.1123E+01   0.1129E+01   0.1133E+01   0.1137E+01   0.1140E+01   0.1143E+01   0.1145E+01   0.1147E+01   0.1149E+01   0.1151E+01   0.1153E+01   0.1154E+01   0.1155E+01   0.1157E+01   0.1158E+01   0.1159E+01   0.1160E+01   0.1161E+01   0.1161E+01   0.1162E+01   0.1163E+01   0.1163E+01   0.1164E+01   0.1165E+01   0.1165E+01   0.1166E+01   0.1166E+01   0.1166E+01
0.4268E+02   0.7677E+00   0.8750E+00   0.9422E+00   0.9756E+00   0.9968E+00   0.1012E+01   0.1023E+01   0.1031E+01   0.1038E+01   0.1043E+01   0.1047E+01   0.1050E+01   0.1052E+01   0.1054E+01   0.1056E+01   0.1057E+01   0.1058E+01   0.1059E+01   0.1060E+01   0.1061E+01   0.1062E+01   0.1062E+01   0.1063E+01   0.1063E+01   0.1064E+01   0.1064E+01   0.1065E+01   0.1065E+01   0.1066E+01   0.1066E+01   0.1066E+01   0.1067E+01   0.1067E+01   0.1067E+01   0.1067E+01   0.1068E+01   0.1068E+01   0.1068E+01   0.1068E+01   0.1069E+01   0.1069E+01   0.1069E+01   0.1069E+01   0.1069E+01   0.1070E+01   0.1070E+01   0.1070E+01   0.1070E+01   0.1070E+01   0.1071E+01   0.1071E+01   0.1071E+01   0.1071E+01   0.1071E+01   0.1071E+01   0.1071E+01   0.1071E+01   0.1072E+01   0.1072E+01   0.1072E+01   0.1072E+01   0.1072E+01   0.1072E+01   0.1072E+01   0.1073E+01   0.1073E+01   0.1073E+01   0.1073E+01   0.1073E+01   0.1073E+01   0.1073E+01   0.1074E+01   0.1074E+01   0.1074E+01   0.1074E+01   0.1074E+01   0.1074E+01   0.1074E+01   0.1074E+01   0.1074E+01   0.1074E+01   0.1074E+01   0.1074E+01   0.1074E+01   0.1075E+01   0.1075E+01   0.1075E+01   0.1075E+01   0.1075E+01   0.1075E+01   0.1075E+01   0.1075E+01   0.1075E+01   0.1075E+01   0.1075E+01   0.1075E+01   0.1075E+01   0.1075E+01   0.1075E+01   0.1075E+01   0.1143E+01   0.1156E+01   0.1164E+01   0.1169E+01   0.1174E+01   0.1177E+01   0.1180E+01   0.1183E+01   0.1186E+01   0.1188E+01   0.1190E+01   0.1191E+01   0.1193E+01   0.1194E+01   0.1196E+01   0.1197E+01   0.1198E+01   0.1199E+01   0.1200E+01   0.1201E+01   0.1202E+01   0.1203E+01   0.1203E+01   0.1204E+01   0.1204E+01   0.1205E+01   0.1205E+01   0.1206E+01   0.1206E+01   0.1207E+01
0.4290E+02   0.7063E+00   0.8009E+00   0.8492E+00   0.8769E+00   0.8958E+00   0.9097E+00   0.9202E+00   0.9281E+00   0.9341E+00   0.9388E+00   0.9423E+00   0.9452E+00   0.9475E+00   0.9494E+00   0.9509E+00   0.9522E+00   0.9533E+00   0.9543E+00   0.9552E+00   0.9559E+00   0.9566E+00   0.9572E+00   0.9578E+00   0.9583E+00   0.9588E+00   0.9593E+00   0.9597E+00   0.9601E+00   0.9605E+00   0.9608E+00   0.9612E+00   0.9615E+00   0.9618E+00   0.9621E+00   0.9624E+00   0.9626E+00   0.9629E+00   0.9631E+00   0.9633E+00   0.9635E+00   0.9637E+00   0.9639E+00   0.9641E+00   0.9643E+00   0.9645E+00   0.9647E+00   0.9649E+00   0.9651E+00   0.9652E+00   0.9654E+00   0.9656E+00   0.9657E+00   0.9659E+00   0.9660E+00   0.9661E+00   0.9662E+00   0.9664E+00   0.9665E+00   0.9666E+00   0.9667E+00   0.9668E+00   0.9669E+00   0.9670E+00   0.9671E+00   0.9678E+00   0.9679E+00   0.9680E+00   0.9681E+00   0.9681E+00   0.9682E+00   0.9683E+00   0.9684E+00   0.9685E+00   0.9686E+00   0.9686E+00   0.9687E+00   0.9688E+00   0.9689E+00   0.9689E+00   0.9690E+00   0.9691E+00   0.9692E+00   0.9692E+00   0.9693E+00   0.9693E+00   0.9694E+00   0.9695E+00   0.9695E+00   0.9696E+00   0.9697E+00   0.9697E+00   0.9698E+00   0.9698E+00   0.9699E+00   0.9699E+00   0.9700E+00   0.9700E+00   0.9701E+00   0.9701E+00   0.9702E+00   0.1036E+01   0.1050E+01   0.1057E+01   0.1063E+01   0.1067E+01   0.1071E+01   0.1074E+01   0.1076E+01   0.1079E+01   0.1081E+01   0.1083E+01   0.1085E+01   0.1086E+01   0.1088E+01   0.1089E+01   0.1090E+01   0.1091E+01   0.1092E+01   0.1093E+01   0.1094E+01   0.1095E+01   0.1096E+01   0.1096E+01   0.1097E+01   0.1098E+01   0.1098E+01   0.1099E+01   0.1099E+01   0.1100E+01   0.1100E+01
0.4312E+02   0.7156E+00   0.7962E+00   0.8336E+00   0.8578E+00   0.8754E+00   0.8887E+00   0.8986E+00   0.9061E+00   0.9118E+00   0.9163E+00   0.9197E+00   0.9225E+00   0.9247E+00   0.9265E+00   0.9280E+00   0.9293E+00   0.9304E+00   0.9313E+00   0.9322E+00   0.9329E+00   0.9336E+00   0.9342E+00   0.9348E+00   0.9353E+00   0.9358E+00   0.9362E+00   0.9367E+00   0.9371E+00   0.9374E+00   0.9378E+00   0.9381E+00   0.9385E+00   0.9388E+00   0.9390E+00   0.9393E+00   0.9396E+00   0.9398E+00   0.9400E+00   0.9403E+00   0.9405E+00   0.9407E+00   0.9409E+00   0.9411E+00   0.9413E+00   0.9415E+00   0.9417E+00   0.9419E+00   0.9420E+00   0.9422E+00   0.9424E+00   0.9425E+00   0.9427E+00   0.9428E+00   0.9429E+00   0.9431E+00   0.9432E+00   0.9433E+00   0.9434E+00   0.9436E+00   0.9437E+00   0.9438E+00   0.9439E+00   0.9440E+00   0.9441E+00   0.9447E+00   0.9448E+00   0.9449E+00   0.9450E+00   0.9451E+00   0.9452E+00   0.9453E+00   0.9453E+00   0.9454E+00   0.9455E+00   0.9456E+00   0.9457E+00   0.9457E+00   0.9458E+00   0.9459E+00   0.9459E+00   0.9460E+00   0.9461E+00   0.9462E+00   0.9462E+00   0.9463E+00   0.9463E+00   0.9464E+00   0.9465E+00   0.9465E+00   0.9466E+00   0.9466E+00   0.9467E+00   0.9468E+00   0.9468E+00   0.9469E+00   0.9469E+00   0.9470E+00   0.9470E+00   0.9471E+00   0.9471E+00   0.1013E+01   0.1026E+01   0.1034E+01   0.1040E+01   0.1044E+01   0.1048E+01   0.1051E+01   0.1053E+01   0.1056E+01   0.1058E+01   0.1060E+01   0.1062E+01   0.1063E+01   0.1065E+01   0.1066E+01   0.1067E+01   0.1068E+01   0.1069E+01   0.1070E+01   0.1071E+01   0.1072E+01   0.1073E+01   0.1073E+01   0.1074E+01   0.1075E+01   0.1075E+01   0.1076E+01   0.1076E+01   0.1077E+01   0.1077E+01
