0.0000E+00   -.4000E+02   -.4000E+02   -.4000E+02   -.4000E+02   -.4000E+02   -.3999E+02   -.3999E+02   -.3999E+02   -.3999E+02   -.3999E+02   -.3999E+02   -.3999E+02   -.3999E+02   -.3999E+02   -.3999E+02   -.3998E+02   -.3998E+02   -.3998E+02   -.3998E+02   -.3998E+02   -.3998E+02   -.3998E+02   -.3998E+02   -.3998E+02   -.3998E+02   -.3997E+02   -.3997E+02   -.3997E+02   -.3997E+02   -.3997E+02   -.3997E+02   -.3997E+02   -.3997E+02   -.3997E+02   -.3997E+02   -.3997E+02   -.3997E+02   -.3996E+02   -.3996E+02   -.3996E+02   -.3996E+02   -.3996E+02   -.3996E+02   -.3996E+02   -.3996E+02   -.3996E+02   -.3996E+02   -.3996E+02   -.3996E+02   -.3996E+02   -.3996E+02   -.3996E+02   -.3996E+02   -.3996E+02   -.3996E+02   -.3996E+02   -.3996E+02   -.3996E+02   -.3997E+02   -.3997E+02   -.3997E+02   -.3997E+02   -.3997E+02   -.3997E+02   -.3997E+02   -.3998E+02   -.3998E+02   -.3998E+02   -.3998E+02   -.3999E+02   -.3999E+02   -.3999E+02   -.4000E+02   -.4000E+02   -.4001E+02   -.4001E+02   -.4002E+02   -.4002E+02   -.4003E+02   -.4003E+02   -.4004E+02   -.4005E+02   -.4006E+02   -.4007E+02   -.4008E+02   -.4009E+02   -.4010E+02   -.4011E+02   -.4012E+02   -.4013E+02   -.4015E+02   -.4016E+02   -.4018E+02   -.4020E+02   -.4022E+02   -.4024E+02   -.4026E+02   -.4029E+02
0.2167E+00   -.4000E+02   -.4000E+02   -.4000E+02   -.4000E+02   -.4000E+02   -.3999E+02   -.3999E+02   -.3999E+02   -.3999E+02   -.3999E+02   -.3999E+02   -.3999E+02   -.3999E+02   -.3999E+02   -.3999E+02   -.3998E+02   -.3998E+02   -.3998E+02   -.3998E+02   -.3998E+02   -.3998E+02   -.3998E+02   -.3998E+02   -.3998E+02   -.3998E+02   -.3997E+02   -.3997E+02   -.3997E+02   -.3997E+02   -.3997E+02   -.3997E+02   -.3997E+02   -.3997E+02   -.3997E+02   -.3997E+02   -.3997E+02   -.3997E+02   -.3997E+02   -.3997E+02   -.3996E+02   -.3996E+02   -.3996E+02   -.3996E+02   -.3996E+02   -.3996E+02   -.3996E+02   -.3996E+02   -.3996E+02   -.3996E+02   -.3996E+02   -.3996E+02   -.3996E+02   -.3996E+02   -.3996E+02   -.3996E+02   -.3996E+02   -.3996E+02   -.3997E+02   -.3997E+02   -.3997E+02   -.3997E+02   -.3997E+02   -.3997E+02   -.3997E+02   -.3998E+02   -.3998E+02   -.3998E+02   -.3998E+02   -.3999E+02   -.3999E+02   -.3999E+02   -.4000E+02   -.4000E+02   -.4000E+02   -.4001E+02   -.4001E+02   -.4002E+02   -.4002E+02   -.4003E+02   -.4004E+02   -.4004E+02   -.4005E+02   -.4006E+02   -.4007E+02   -.4008E+02   -.4009E+02   -.4010E+02   -.4011E+02   -.4012E+02   -.4014E+02   -.4015E+02   -.4017E+02   -.4018E+02   -.4020E+02   -.4022E+02   -.4024E+02   -.4026E+02   -.4029E+02
0.4333E+00   -.4000E+02   -.4000E+02   -.4000E+02   -.4000E+02   -.4000E+02   -.3999E+02   -.3999E+02   -.3999E+02   -.3999E+02   -.3999E+02   -.3999E+02   -.3999E+02   -.3999E+02   -.3999E+02   -.3999E+02   -.3998E+02   -.3998E+02   -.3998E+02   -.3998E+02   -.3998E+02   -.3998E+02   -.3998E+02   -.3998E+02   -.3998E+02   -.3998E+02   -.3998E+02   -.3997E+02   -.3997E+02   -.3997E+02   -.3997E+02   -.3997E+02   -.3997E+02   -.3997E+02   -.3997E+02   -.3997E+02   -.3997E+02   -.3997E+02   -.3997E+02   -.3997E+02   -.3997E+02   -.3996E+02   -.3996E+02   -.3996E+02   -.3996E+02   -.3996E+02   -.3996E+02   -.3996E+02   -.3996E+02   -.3996E+02   -.3996E+02   -.3996E+02   -.3996E+02   -.3996E+02   -.3996E+02   -.3996E+02   -.3997E+02   -.3997E+02   -.3997E+02   -.3997E+02   -.3997E+02   -.3997E+02   -.3997E+02   -.3997E+02   -.3998E+02   -.3998E+02   -.3998E+02   -.3998E+02   -.3998E+02   -.3999E+02   -.3999E+02   -.3999E+02   -.4000E+02   -.4000E+02   -.4001E+02   -.4001E+02   -.4001E+02   -.4002E+02   -.4003E+02   -.4003E+02   -.4004E+02   -.4005E+02   -.4005E+02   -.4006E+02   -.4007E+02   -.4008E+02   -.4009E+02   -.4010E+02   -.4011E+02   -.4012E+02   -.4014E+02   -.4015E+02   -.4017E+02   -.4018E+02   -.4020E+02   -.4022E+02   -.4024E+02   -.4027E+02   -.4029E+02
0.6500E+00   -.4000E+02   -.4000E+02   -.4000E+02   -.4000E+02   -.4000E+02   -.3999E+02   -.3999E+02   -.3999E+02   -.3999E+02   -.3999E+02   -.3999E+02   -.3999E+02   -.3999E+02   -.3999E+02   -.3999E+02   -.3999E+02   -.3998E+02   -.3998E+02   -.3998E+02   -.3998E+02   -.3998E+02   -.3998E+02   -.3998E+02   -.3998E+02   -.3998E+02   -.3998E+02   -.3998E+02   -.3997E+02   -.3997E+02   -.3997E+02   -.3997E+02   -.3997E+02   -.3997E+02   -.3997E+02   -.3997E+02   -.3997E+02   -.3997E+02   -.3997E+02   -.3997E+02   -.3997E+02   -.3997E+02   -.3997E+02   -.3997E+02   -.3996E+02   -.3996E+02   -.3996E+02   -.3996E+02   -.3996E+02   -.3996E+02   -.3996E+02   -.3996E+02   -.3996E+02   -.3997E+02   -.3997E+02   -.3997E+02   -.3997E+02   -.3997E+02   -.3997E+02   -.3997E+02   -.3997E+02   -.3997E+02   -.3997E+02   -.3997E+02   -.3998E+02   -.3998E+02   -.3998E+02   -.3998E+02   -.3999E+02   -.3999E+02   -.3999E+02   -.4000E+02   -.4000E+02   -.4000E+02   -.4001E+02   -.4001E+02   -.4002E+02   -.4002E+02   -.4003E+02   -.4003E+02   -.4004E+02   -.4005E+02   -.4005E+02   -.4006E+02   -.4007E+02   -.4008E+02   -.4009E+02   -.4010E+02   -.4011E+02   -.4013E+02   -.4014E+02   -.4015E+02   -.4017E+02   -.4019E+02   -.4020E+02   -.4022E+02   -.4025E+02   -.4027E+02   -.4029E+02
0.8667E+00   -.4000E+02   -.4000E+02   -.4000E+02   -.4000E+02   -.4000E+02   -.4000E+02   -.3999E+02   -.3999E+02   -.3999E+02   -.3999E+02   -.3999E+02   -.3999E+02   -.3999E+02   -.3999E+02   -.3999E+02   -.3999E+02   -.3998E+02   -.3998E+02   -.3998E+02   -.3998E+02   -.3998E+02   -.3998E+02   -.3998E+02   -.3998E+02   -.3998E+02   -.3998E+02   -.3998E+02   -.3997E+02   -.3997E+02   -.3997E+02   -.3997E+02   -.3997E+02   -.3997E+02   -.3997E+02   -.3997E+02   -.3997E+02   -.3997E+02   -.3997E+02   -.3997E+02   -.3997E+02   -.3997E+02   -.3997E+02   -.3997E+02   -.3997E+02   -.3997E+02   -.3997E+02   -.3997E+02   -.3997E+02   -.3997E+02   -.3997E+02   -.3997E+02   -.3997E+02   -.3997E+02   -.3997E+02   -.3997E+02   -.3997E+02   -.3997E+02   -.3997E+02   -.3997E+02   -.3997E+02   -.3997E+02   -.3997E+02   -.3998E+02   -.3998E+02   -.3998E+02   -.3998E+02   -.3998E+02   -.3999E+02   -.3999E+02   -.3999E+02   -.4000E+02   -.4000E+02   -.4000E+02   -.4001E+02   -.4001E+02   -.4002E+02   -.4002E+02   -.4003E+02   -.4004E+02   -.4004E+02   -.4005E+02   -.4006E+02   -.4006E+02   -.4007E+02   -.4008E+02   -.4009E+02   -.4010E+02   -.4012E+02   -.4013E+02   -.4014E+02   -.4016E+02   -.4017E+02   -.4019E+02   -.4021E+02   -.4023E+02   -.4025E+02   -.4027E+02   -.4029E+02
0.1083E+01   -.4000E+02   -.4000E+02   -.4000E+02   -.4000E+02   -.4000E+02   -.4000E+02   -.3999E+02   -.3999E+02   -.3999E+02   -.3999E+02   -.3999E+02   -.3999E+02   -.3999E+02   -.3999E+02   -.3999E+02   -.3999E+02   -.3998E+02   -.3998E+02   -.3998E+02   -.3998E+02   -.3998E+02   -.3998E+02   -.3998E+02   -.3998E+02   -.3998E+02   -.3998E+02   -.3998E+02   -.3998E+02   -.3997E+02   -.3997E+02   -.3997E+02   -.3997E+02   -.3997E+02   -.3997E+02   -.3997E+02   -.3997E+02   -.3997E+02   -.3997E+02   -.3997E+02   -.3997E+02   -.3997E+02   -.3997E+02   -.3997E+02   -.3997E+02   -.3997E+02   -.3997E+02   -.3997E+02   -.3997E+02   -.3997E+02   -.3997E+02   -.3997E+02   -.3997E+02   -.3997E+02   -.3997E+02   -.3997E+02   -.3997E+02   -.3997E+02   -.3997E+02   -.3997E+02   -.3997E+02   -.3997E+02   -.3998E+02   -.3998E+02   -.3998E+02   -.3998E+02   -.3998E+02   -.3999E+02   -.3999E+02   -.3999E+02   -.4000E+02   -.4000E+02   -.4000E+02   -.4001E+02   -.4001E+02   -.4001E+02   -.4002E+02   -.4003E+02   -.4003E+02   -.4004E+02   -.4004E+02   -.4005E+02   -.4006E+02   -.4007E+02   -.4008E+02   -.4008E+02   -.4010E+02   -.4011E+02   -.4012E+02   -.4013E+02   -.4014E+02   -.4016E+02   -.4017E+02   -.4019E+02   -.4021E+02   -.4023E+02   -.4025E+02   -.4027E+02   -.4030E+02
0.1300E+01   -.4000E+02   -.4000E+02   -.4000E+02   -.4000E+02   -.4000E+02   -.4000E+02   -.3999E+02   -.3999E+02   -.3999E+02   -.3999E+02   -.3999E+02   -.3999E+02   -.3999E+02   -.3999E+02   -.3999E+02   -.3999E+02   -.3999E+02   -.3998E+02   -.3998E+02   -.3998E+02   -.3998E+02   -.3998E+02   -.3998E+02   -.3998E+02   -.3998E+02   -.3998E+02   -.3998E+02   -.3998E+02   -.3998E+02   -.3997E+02   -.3997E+02   -.3997E+02   -.3997E+02   -.3997E+02   -.3997E+02   -.3997E+02   -.3997E+02   -.3997E+02   -.3997E+02   -.3997E+02   -.3997E+02   -.3997E+02   -.3997E+02   -.3997E+02   -.3997E+02   -.3997E+02   -.3997E+02   -.3997E+02   -.3997E+02   -.3997E+02   -.3997E+02   -.3997E+02   -.3997E+02   -.3997E+02   -.3997E+02   -.3997E+02   -.3997E+02   -.3997E+02   -.3997E+02   -.3997E+02   -.3998E+02   -.3998E+02   -.3998E+02   -.3998E+02   -.3998E+02   -.3999E+02   -.3999E+02   -.3999E+02   -.3999E+02   -.4000E+02   -.4000E+02   -.4000E+02   -.4001E+02   -.4001E+02   -.4002E+02   -.4002E+02   -.4003E+02   -.4003E+02   -.4004E+02   -.4005E+02   -.4005E+02   -.4006E+02   -.4007E+02   -.4008E+02   -.4009E+02   -.4010E+02   -.4011E+02   -.4012E+02   -.4013E+02   -.4015E+02   -.4016E+02   -.4018E+02   -.4019E+02   -.4021E+02   -.4023E+02   -.4025E+02   -.4027E+02   -.4030E+02
0.1517E+01   -.4000E+02   -.4000E+02   -.4000E+02   -.4000E+02   -.4000E+02   -.4000E+02   -.3999E+02   -.3999E+02   -.3999E+02   -.3999E+02   -.3999E+02   -.3999E+02   -.3999E+02   -.3999E+02   -.3999E+02   -.3999E+02   -.3999E+02   -.3998E+02   -.3998E+02   -.3998E+02   -.3998E+02   -.3998E+02   -.3998E+02   -.3998E+02   -.3998E+02   -.3998E+02   -.3998E+02   -.3998E+02   -.3998E+02   -.3998E+02   -.3997E+02   -.3997E+02   -.3997E+02   -.3997E+02   -.3997E+02   -.3997E+02   -.3997E+02   -.3997E+02   -.3997E+02   -.3997E+02   -.3997E+02   -.3997E+02   -.3997E+02   -.3997E+02   -.3997E+02   -.3997E+02   -.3997E+02   -.3997E+02   -.3997E+02   -.3997E+02   -.3997E+02   -.3997E+02   -.3997E+02   -.3997E+02   -.3997E+02   -.3997E+02   -.3997E+02   -.3997E+02   -.3998E+02   -.3998E+02   -.3998E+02   -.3998E+02   -.3998E+02   -.3998E+02   -.3999E+02   -.3999E+02   -.3999E+02   -.3999E+02   -.4000E+02   -.4000E+02   -.4000E+02   -.4001E+02   -.4001E+02   -.4002E+02   -.4002E+02   -.4002E+02   -.4003E+02   -.4004E+02   -.4004E+02   -.4005E+02   -.4006E+02   -.4006E+02   -.4007E+02   -.4008E+02   -.4009E+02   -.4010E+02   -.4011E+02   -.4012E+02   -.4014E+02   -.4015E+02   -.4016E+02   -.4018E+02   -.4020E+02   -.4021E+02   -.4023E+02   -.4025E+02   -.4028E+02   -.4030E+02
0.1733E+01   -.4000E+02   -.4000E+02   -.4000E+02   -.4000E+02   -.4000E+02   -.4000E+02   -.3999E+02   -.3999E+02   -.3999E+02   -.3999E+02   -.3999E+02   -.3999E+02   -.3999E+02   -.3999E+02   -.3999E+02   -.3999E+02   -.3999E+02   -.3999E+02   -.3998E+02   -.3998E+02   -.3998E+02   -.3998E+02   -.3998E+02   -.3998E+02   -.3998E+02   -.3998E+02   -.3998E+02   -.3998E+02   -.3998E+02   -.3998E+02   -.3998E+02   -.3998E+02   -.3997E+02   -.3997E+02   -.3997E+02   -.3997E+02   -.3997E+02   -.3997E+02   -.3997E+02   -.3997E+02   -.3997E+02   -.3997E+02   -.3997E+02   -.3997E+02   -.3997E+02   -.3997E+02   -.3997E+02   -.3997E+02   -.3997E+02   -.3997E+02   -.3997E+02   -.3997E+02   -.3997E+02   -.3997E+02   -.3997E+02   -.3998E+02   -.3998E+02   -.3998E+02   -.3998E+02   -.3998E+02   -.3998E+02   -.3998E+02   -.3998E+02   -.3999E+02   -.3999E+02   -.3999E+02   -.3999E+02   -.4000E+02   -.4000E+02   -.4000E+02   -.4001E+02   -.4001E+02   -.4001E+02   -.4002E+02   -.4002E+02   -.4003E+02   -.4003E+02   -.4004E+02   -.4005E+02   -.4005E+02   -.4006E+02   -.4007E+02   -.4008E+02   -.4008E+02   -.4009E+02   -.4010E+02   -.4012E+02   -.4013E+02   -.4014E+02   -.4015E+02   -.4017E+02   -.4018E+02   -.4020E+02   -.4022E+02   -.4024E+02   -.4026E+02   -.4028E+02   -.4031E+02
0.1950E+01   -.4000E+02   -.4000E+02   -.4000E+02   -.4000E+02   -.4000E+02   -.4000E+02   -.4000E+02   -.3999E+02   -.3999E+02   -.3999E+02   -.3999E+02   -.3999E+02   -.3999E+02   -.3999E+02   -.3999E+02   -.3999E+02   -.3999E+02   -.3999E+02   -.3999E+02   -.3998E+02   -.3998E+02   -.3998E+02   -.3998E+02   -.3998E+02   -.3998E+02   -.3998E+02   -.3998E+02   -.3998E+02   -.3998E+02   -.3998E+02   -.3998E+02   -.3998E+02   -.3998E+02   -.3998E+02   -.3998E+02   -.3997E+02   -.3997E+02   -.3997E+02   -.3997E+02   -.3997E+02   -.3997E+02   -.3997E+02   -.3997E+02   -.3997E+02   -.3997E+02   -.3997E+02   -.3997E+02   -.3997E+02   -.3997E+02   -.3997E+02   -.3997E+02   -.3997E+02   -.3998E+02   -.3998E+02   -.3998E+02   -.3998E+02   -.3998E+02   -.3998E+02   -.3998E+02   -.3998E+02   -.3998E+02   -.3999E+02   -.3999E+02   -.3999E+02   -.3999E+02   -.3999E+02   -.4000E+02   -.4000E+02   -.4000E+02   -.4001E+02   -.4001E+02   -.4001E+02   -.4002E+02   -.4002E+02   -.4003E+02   -.4003E+02   -.4004E+02   -.4004E+02   -.4005E+02   -.4006E+02   -.4006E+02   -.4007E+02   -.4008E+02   -.4009E+02   -.4010E+02   -.4011E+02   -.4012E+02   -.4013E+02   -.4014E+02   -.4016E+02   -.4017E+02   -.4019E+02   -.4020E+02   -.4022E+02   -.4024E+02   -.4026E+02   -.4029E+02   -.4031E+02
0.2167E+01   -.4000E+02   -.4000E+02   -.4000E+02   -.4000E+02   -.4000E+02   -.4000E+02   -.4000E+02   -.3999E+02   -.3999E+02   -.3999E+02   -.3999E+02   -.3999E+02   -.3999E+02   -.3999E+02   -.3999E+02   -.3999E+02   -.3999E+02   -.3999E+02   -.3999E+02   -.3999E+02   -.3998E+02   -.3998E+02   -.3998E+02   -.3998E+02   -.3998E+02   -.3998E+02   -.3998E+02   -.3998E+02   -.3998E+02   -.3998E+02   -.3998E+02   -.3998E+02   -.3998E+02   -.3998E+02   -.3998E+02   -.3998E+02   -.3998E+02   -.3998E+02   -.3998E+02   -.3997E+02   -.3997E+02   -.3997E+02   -.3997E+02   -.3997E+02   -.3997E+02   -.3997E+02   -.3997E+02   -.3998E+02   -.3998E+02   -.3998E+02   -.3998E+02   -.3998E+02   -.3998E+02   -.3998E+02   -.3998E+02   -.3998E+02   -.3998E+02   -.3998E+02   -.3998E+02   -.3998E+02   -.3999E+02   -.3999E+02   -.3999E+02   -.3999E+02   -.3999E+02   -.4000E+02   -.4000E+02   -.4000E+02   -.4001E+02   -.4001E+02   -.4001E+02   -.4002E+02   -.4002E+02   -.4002E+02   -.4003E+02   -.4003E+02   -.4004E+02   -.4005E+02   -.4005E+02   -.4006E+02   -.4007E+02   -.4007E+02   -.4008E+02   -.4009E+02   -.4010E+02   -.4011E+02   -.4012E+02   -.4013E+02   -.4015E+02   -.4016E+02   -.4018E+02   -.4019E+02   -.4021E+02   -.4023E+02   -.4025E+02   -.4027E+02   -.4029E+02   -.4031E+02
0.2383E+01   -.4000E+02   -.4000E+02   -.4000E+02   -.4000E+02   -.4000E+02   -.4000E+02   -.4000E+02   -.3999E+02   -.3999E+02   -.3999E+02   -.3999E+02   -.3999E+02   -.3999E+02   -.3999E+02   -.3999E+02   -.3999E+02   -.3999E+02   -.3999E+02   -.3999E+02   -.3999E+02   -.3999E+02   -.3998E+02   -.3998E+02   -.3998E+02   -.3998E+02   -.3998E+02   -.3998E+02   -.3998E+02   -.3998E+02   -.3998E+02   -.3998E+02   -.3998E+02   -.3998E+02   -.3998E+02   -.3998E+02   -.3998E+02   -.3998E+02   -.3998E+02   -.3998E+02   -.3998E+02   -.3998E+02   -.3998E+02   -.3998E+02   -.3998E+02   -.3998E+02   -.3998E+02   -.3998E+02   -.3998E+02   -.3998E+02   -.3998E+02   -.3998E+02   -.3998E+02   -.3998E+02   -.3998E+02   -.3998E+02   -.3998E+02   -.3998E+02   -.3998E+02   -.3999E+02   -.3999E+02   -.3999E+02   -.3999E+02   -.3999E+02   -.3999E+02   -.4000E+02   -.4000E+02   -.4000E+02   -.4001E+02   -.4001E+02   -.4001E+02   -.4002E+02   -.4002E+02   -.4002E+02   -.4003E+02   -.4003E+02   -.4004E+02   -.4004E+02   -.4005E+02   -.4006E+02   -.4006E+02   -.4007E+02   -.4008E+02   -.4009E+02   -.4010E+02   -.4011E+02   -.4012E+02   -.4013E+02   -.4014E+02   -.4015E+02   -.4016E+02   -.4018E+02   -.4019E+02   -.4021E+02   -.4023E+02   -.4025E+02   -.4027E+02   -.4029E+02   -.4032E+02
0.2600E+01   -.4000E+02   -.4000E+02   -.4000E+02   -.4000E+02   -.4000E+02   -.4000E+02   -.4000E+02   -.4000E+02   -.3999E+02   -.3999E+02   -.3999E+02   -.3999E+02   -.3999E+02   -.3999E+02   -.3999E+02   -.3999E+02   -.3999E+02   -.3999E+02   -.3999E+02   -.3999E+02   -.3999E+02   -.3999E+02   -.3998E+02   -.3998E+02   -.3998E+02   -.3998E+02   -.3998E+02   -.3998E+02   -.3998E+02   -.3998E+02   -.3998E+02   -.3998E+02   -.3998E+02   -.3998E+02   -.3998E+02   -.3998E+02   -.3998E+02   -.3998E+02   -.3998E+02   -.3998E+02   -.3998E+02   -.3998E+02   -.3998E+02   -.3998E+02   -.3998E+02   -.3998E+02   -.3998E+02   -.3998E+02   -.3998E+02   -.3998E+02   -.3998E+02   -.3998E+02   -.3998E+02   -.3998E+02   -.3998E+02   -.3998E+02   -.3999E+02   -.3999E+02   -.3999E+02   -.3999E+02   -.3999E+02   -.3999E+02   -.4000E+02   -.4000E+02   -.4000E+02   -.4000E+02   -.4001E+02   -.4001E+02   -.4001E+02   -.4001E+02   -.4002E+02   -.4002E+02   -.4003E+02   -.4003E+02   -.4004E+02   -.4004E+02   -.4005E+02   -.4005E+02   -.4006E+02   -.4007E+02   -.4007E+02   -.4008E+02   -.4009E+02   -.4010E+02   -.4011E+02   -.4012E+02   -.4013E+02   -.4014E+02   -.4016E+02   -.4017E+02   -.4018E+02   -.4020E+02   -.4022E+02   -.4023E+02   -.4025E+02   -.4028E+02   -.4030E+02   -.4032E+02
0.2817E+01   -.4000E+02   -.4000E+02   -.4000E+02   -.4000E+02   -.4000E+02   -.4000E+02   -.4000E+02   -.4000E+02   -.3999E+02   -.3999E+02   -.3999E+02   -.3999E+02   -.3999E+02   -.3999E+02   -.3999E+02   -.3999E+02   -.3999E+02   -.3999E+02   -.3999E+02   -.3999E+02   -.3999E+02   -.3999E+02   -.3999E+02   -.3998E+02   -.3998E+02   -.3998E+02   -.3998E+02   -.3998E+02   -.3998E+02   -.3998E+02   -.3998E+02   -.3998E+02   -.3998E+02   -.3998E+02   -.3998E+02   -.3998E+02   -.3998E+02   -.3998E+02   -.3998E+02   -.3998E+02   -.3998E+02   -.3998E+02   -.3998E+02   -.3998E+02   -.3998E+02   -.3998E+02   -.3998E+02   -.3998E+02   -.3998E+02   -.3998E+02   -.3998E+02   -.3998E+02   -.3998E+02   -.3998E+02   -.3999E+02   -.3999E+02   -.3999E+02   -.3999E+02   -.3999E+02   -.3999E+02   -.3999E+02   -.4000E+02   -.4000E+02   -.4000E+02   -.4000E+02   -.4001E+02   -.4001E+02   -.4001E+02   -.4001E+02   -.4002E+02   -.4002E+02   -.4003E+02   -.4003E+02   -.4003E+02   -.4004E+02   -.4005E+02   -.4005E+02   -.4006E+02   -.4006E+02   -.4007E+02   -.4008E+02   -.4009E+02   -.4009E+02   -.4010E+02   -.4011E+02   -.4012E+02   -.4014E+02   -.4015E+02   -.4016E+02   -.4017E+02   -.4019E+02   -.4021E+02   -.4022E+02   -.4024E+02   -.4026E+02   -.4028E+02   -.4031E+02   -.4033E+02
0.3033E+01   -.4000E+02   -.4000E+02   -.4000E+02   -.4000E+02   -.4000E+02   -.4000E+02   -.4000E+02   -.4000E+02   -.3999E+02   -.3999E+02   -.3999E+02   -.3999E+02   -.3999E+02   -.3999E+02   -.3999E+02   -.3999E+02   -.3999E+02   -.3999E+02   -.3999E+02   -.3999E+02   -.3999E+02   -.3999E+02   -.3999E+02   -.3999E+02   -.3999E+02   -.3998E+02   -.3998E+02   -.3998E+02   -.3998E+02   -.3998E+02   -.3998E+02   -.3998E+02   -.3998E+02   -.3998E+02   -.3998E+02   -.3998E+02   -.3998E+02   -.3998E+02   -.3998E+02   -.3998E+02   -.3998E+02   -.3998E+02   -.3998E+02   -.3998E+02   -.3998E+02   -.3998E+02   -.3998E+02   -.3998E+02   -.3998E+02   -.3998E+02   -.3998E+02   -.3998E+02   -.3999E+02   -.3999E+02   -.3999E+02   -.3999E+02   -.3999E+02   -.3999E+02   -.3999E+02   -.3999E+02   -.4000E+02   -.4000E+02   -.4000E+02   -.4000E+02   -.4001E+02   -.4001E+02   -.4001E+02   -.4001E+02   -.4002E+02   -.4002E+02   -.4002E+02   -.4003E+02   -.4003E+02   -.4004E+02   -.4004E+02   -.4005E+02   -.4005E+02   -.4006E+02   -.4007E+02   -.4007E+02   -.4008E+02   -.4009E+02   -.4010E+02   -.4011E+02   -.4012E+02   -.4013E+02   -.4014E+02   -.4015E+02   -.4017E+02   -.4018E+02   -.4019E+02   -.4021E+02   -.4023E+02   -.4025E+02   -.4027E+02   -.4029E+02   -.4031E+02   -.4034E+02
0.3250E+01   -.4000E+02   -.4000E+02   -.4000E+02   -.4000E+02   -.4000E+02   -.4000E+02   -.4000E+02   -.4000E+02   -.4000E+02   -.3999E+02   -.3999E+02   -.3999E+02   -.3999E+02   -.3999E+02   -.3999E+02   -.3999E+02   -.3999E+02   -.3999E+02   -.3999E+02   -.3999E+02   -.3999E+02   -.3999E+02   -.3999E+02   -.3999E+02   -.3999E+02   -.3999E+02   -.3998E+02   -.3998E+02   -.3998E+02   -.3998E+02   -.3998E+02   -.3998E+02   -.3998E+02   -.3998E+02   -.3998E+02   -.3998E+02   -.3998E+02   -.3998E+02   -.3998E+02   -.3998E+02   -.3998E+02   -.3998E+02   -.3998E+02   -.3998E+02   -.3998E+02   -.3998E+02   -.3998E+02   -.3998E+02   -.3998E+02   -.3999E+02   -.3999E+02   -.3999E+02   -.3999E+02   -.3999E+02   -.3999E+02   -.3999E+02   -.3999E+02   -.3999E+02   -.4000E+02   -.4000E+02   -.4000E+02   -.4000E+02   -.4000E+02   -.4001E+02   -.4001E+02   -.4001E+02   -.4001E+02   -.4002E+02   -.4002E+02   -.4002E+02   -.4003E+02   -.4003E+02   -.4004E+02   -.4004E+02   -.4005E+02   -.4005E+02   -.4006E+02   -.4006E+02   -.4007E+02   -.4008E+02   -.4009E+02   -.4009E+02   -.4010E+02   -.4011E+02   -.4012E+02   -.4013E+02   -.4015E+02   -.4016E+02   -.4017E+02   -.4019E+02   -.4020E+02   -.4022E+02   -.4023E+02   -.4025E+02   -.4027E+02   -.4030E+02   -.4032E+02   -.4035E+02
0.3467E+01   -.4000E+02   -.4000E+02   -.4000E+02   -.4000E+02   -.4000E+02   -.4000E+02   -.4000E+02   -.4000E+02   -.4000E+02   -.3999E+02   -.3999E+02   -.3999E+02   -.3999E+02   -.3999E+02   -.3999E+02   -.3999E+02   -.3999E+02   -.3999E+02   -.3999E+02   -.3999E+02   -.3999E+02   -.3999E+02   -.3999E+02   -.3999E+02   -.3999E+02   -.3999E+02   -.3999E+02   -.3999E+02   -.3999E+02   -.3998E+02   -.3998E+02   -.3998E+02   -.3998E+02   -.3998E+02   -.3998E+02   -.3998E+02   -.3998E+02   -.3998E+02   -.3998E+02   -.3998E+02   -.3998E+02   -.3998E+02   -.3998E+02   -.3998E+02   -.3998E+02   -.3998E+02   -.3999E+02   -.3999E+02   -.3999E+02   -.3999E+02   -.3999E+02   -.3999E+02   -.3999E+02   -.3999E+02   -.3999E+02   -.3999E+02   -.3999E+02   -.4000E+02   -.4000E+02   -.4000E+02   -.4000E+02   -.4000E+02   -.4001E+02   -.4001E+02   -.4001E+02   -.4001E+02   -.4002E+02   -.4002E+02   -.4002E+02   -.4003E+02   -.4003E+02   -.4004E+02   -.4004E+02   -.4005E+02   -.4005E+02   -.4006E+02   -.4006E+02   -.4007E+02   -.4008E+02   -.4008E+02   -.4009E+02   -.4010E+02   -.4011E+02   -.4012E+02   -.4013E+02   -.4014E+02   -.4015E+02   -.4016E+02   -.4018E+02   -.4019E+02   -.4021E+02   -.4022E+02   -.4024E+02   -.4026E+02   -.4028E+02   -.4030E+02   -.4033E+02   -.4036E+02
0.3683E+01   -.4000E+02   -.4000E+02   -.4000E+02   -.4000E+02   -.4000E+02   -.4000E+02   -.4000E+02   -.4000E+02   -.4000E+02   -.4000E+02   -.3999E+02   -.3999E+02   -.3999E+02   -.3999E+02   -.3999E+02   -.3999E+02   -.3999E+02   -.3999E+02   -.3999E+02   -.3999E+02   -.3999E+02   -.3999E+02   -.3999E+02   -.3999E+02   -.3999E+02   -.3999E+02   -.3999E+02   -.3999E+02   -.3999E+02   -.3999E+02   -.3999E+02   -.3999E+02   -.3999E+02   -.3998E+02   -.3998E+02   -.3998E+02   -.3998E+02   -.3998E+02   -.3998E+02   -.3998E+02   -.3998E+02   -.3999E+02   -.3999E+02   -.3999E+02   -.3999E+02   -.3999E+02   -.3999E+02   -.3999E+02   -.3999E+02   -.3999E+02   -.3999E+02   -.3999E+02   -.3999E+02   -.3999E+02   -.3999E+02   -.4000E+02   -.4000E+02   -.4000E+02   -.4000E+02   -.4000E+02   -.4000E+02   -.4001E+02   -.4001E+02   -.4001E+02   -.4001E+02   -.4002E+02   -.4002E+02   -.4002E+02   -.4003E+02   -.4003E+02   -.4003E+02   -.4004E+02   -.4004E+02   -.4005E+02   -.4005E+02   -.4006E+02   -.4007E+02   -.4007E+02   -.4008E+02   -.4009E+02   -.4009E+02   -.4010E+02   -.4011E+02   -.4012E+02   -.4013E+02   -.4014E+02   -.4016E+02   -.4017E+02   -.4018E+02   -.4020E+02   -.4021E+02   -.4023E+02   -.4025E+02   -.4027E+02   -.4029E+02   -.4031E+02   -.4034E+02   -.4037E+02
0.3900E+01   -.4000E+02   -.4000E+02   -.4000E+02   -.4000E+02   -.4000E+02   -.4000E+02   -.4000E+02   -.4000E+02   -.4000E+02   -.4000E+02   -.3999E+02   -.3999E+02   -.3999E+02   -.3999E+02   -.3999E+02   -.3999E+02   -.3999E+02   -.3999E+02   -.3999E+02   -.3999E+02   -.3999E+02   -.3999E+02   -.3999E+02   -.3999E+02   -.3999E+02   -.3999E+02   -.3999E+02   -.3999E+02   -.3999E+02   -.3999E+02   -.3999E+02   -.3999E+02   -.3999E+02   -.3999E+02   -.3999E+02   -.3999E+02   -.3999E+02   -.3999E+02   -.3999E+02   -.3999E+02   -.3999E+02   -.3999E+02   -.3999E+02   -.3999E+02   -.3999E+02   -.3999E+02   -.3999E+02   -.3999E+02   -.3999E+02   -.3999E+02   -.3999E+02   -.3999E+02   -.3999E+02   -.3999E+02   -.4000E+02   -.4000E+02   -.4000E+02   -.4000E+02   -.4000E+02   -.4000E+02   -.4001E+02   -.4001E+02   -.4001E+02   -.4001E+02   -.4002E+02   -.4002E+02   -.4002E+02   -.4003E+02   -.4003E+02   -.4003E+02   -.4004E+02   -.4004E+02   -.4005E+02   -.4005E+02   -.4006E+02   -.4006E+02   -.4007E+02   -.4008E+02   -.4008E+02   -.4009E+02   -.4010E+02   -.4011E+02   -.4012E+02   -.4013E+02   -.4014E+02   -.4015E+02   -.4016E+02   -.4017E+02   -.4019E+02   -.4020E+02   -.4022E+02   -.4024E+02   -.4026E+02   -.4028E+02   -.4030E+02   -.4032E+02   -.4035E+02   -.4038E+02
0.4117E+01   -.4000E+02   -.4000E+02   -.4000E+02   -.4000E+02   -.4000E+02   -.4000E+02   -.4000E+02   -.4000E+02   -.4000E+02   -.4000E+02   -.4000E+02   -.3999E+02   -.3999E+02   -.3999E+02   -.3999E+02   -.3999E+02   -.3999E+02   -.3999E+02   -.3999E+02   -.3999E+02   -.3999E+02   -.3999E+02   -.3999E+02   -.3999E+02   -.3999E+02   -.3999E+02   -.3999E+02   -.3999E+02   -.3999E+02   -.3999E+02   -.3999E+02   -.3999E+02   -.3999E+02   -.3999E+02   -.3999E+02   -.3999E+02   -.3999E+02   -.3999E+02   -.3999E+02   -.3999E+02   -.3999E+02   -.3999E+02   -.3999E+02   -.3999E+02   -.3999E+02   -.3999E+02   -.3999E+02   -.3999E+02   -.3999E+02   -.3999E+02   -.3999E+02   -.3999E+02   -.4000E+02   -.4000E+02   -.4000E+02   -.4000E+02   -.4000E+02   -.4000E+02   -.4000E+02   -.4001E+02   -.4001E+02   -.4001E+02   -.4001E+02   -.4002E+02   -.4002E+02   -.4002E+02   -.4003E+02   -.4003E+02   -.4003E+02   -.4004E+02   -.4004E+02   -.4005E+02   -.4005E+02   -.4006E+02   -.4006E+02   -.4007E+02   -.4007E+02   -.4008E+02   -.4009E+02   -.4010E+02   -.4010E+02   -.4011E+02   -.4012E+02   -.4013E+02   -.4014E+02   -.4016E+02   -.4017E+02   -.4018E+02   -.4020E+02   -.4021E+02   -.4023E+02   -.4025E+02   -.4026E+02   -.4029E+02   -.4031E+02   -.4033E+02   -.4036E+02   -.4039E+02
0.4333E+01   -.4000E+02   -.4000E+02   -.4000E+02   -.4000E+02   -.4000E+02   -.4000E+02   -.4000E+02   -.4000E+02   -.4000E+02   -.4000E+02   -.4000E+02   -.3999E+02   -.3999E+02   -.3999E+02   -.3999E+02   -.3999E+02   -.3999E+02   -.3999E+02   -.3999E+02   -.3999E+02   -.3999E+02   -.3999E+02   -.3999E+02   -.3999E+02   -.3999E+02   -.3999E+02   -.3999E+02   -.3999E+02   -.3999E+02   -.3999E+02   -.3999E+02   -.3999E+02   -.3999E+02   -.3999E+02   -.3999E+02   -.3999E+02   -.3999E+02   -.3999E+02   -.3999E+02   -.3999E+02   -.3999E+02   -.3999E+02   -.3999E+02   -.3999E+02   -.3999E+02   -.3999E+02   -.3999E+02   -.3999E+02   -.3999E+02   -.3999E+02   -.4000E+02   -.4000E+02   -.4000E+02   -.4000E+02   -.4000E+02   -.4000E+02   -.4000E+02   -.4001E+02   -.4001E+02   -.4001E+02   -.4001E+02   -.4001E+02   -.4002E+02   -.4002E+02   -.4002E+02   -.4003E+02   -.4003E+02   -.4003E+02   -.4004E+02   -.4004E+02   -.4004E+02   -.4005E+02   -.4005E+02   -.4006E+02   -.4007E+02   -.4007E+02   -.4008E+02   -.4009E+02   -.4009E+02   -.4010E+02   -.4011E+02   -.4012E+02   -.4013E+02   -.4014E+02   -.4015E+02   -.4016E+02   -.4017E+02   -.4019E+02   -.4020E+02   -.4022E+02   -.4023E+02   -.4025E+02   -.4027E+02   -.4030E+02   -.4032E+02   -.4034E+02   -.4037E+02   -.4041E+02
0.4550E+01   -.4000E+02   -.4000E+02   -.4000E+02   -.4000E+02   -.4000E+02   -.4000E+02   -.4000E+02   -.4000E+02   -.4000E+02   -.4000E+02   -.4000E+02   -.4000E+02   -.3999E+02   -.3999E+02   -.3999E+02   -.3999E+02   -.3999E+02   -.3999E+02   -.3999E+02   -.3999E+02   -.3999E+02   -.3999E+02   -.3999E+02   -.3999E+02   -.3999E+02   -.3999E+02   -.3999E+02   -.3999E+02   -.3999E+02   -.3999E+02   -.3999E+02   -.3999E+02   -.3999E+02   -.3999E+02   -.3999E+02   -.3999E+02   -.3999E+02   -.3999E+02   -.3999E+02   -.3999E+02   -.3999E+02   -.3999E+02   -.3999E+02   -.3999E+02   -.3999E+02   -.3999E+02   -.3999E+02   -.3999E+02   -.4000E+02   -.4000E+02   -.4000E+02   -.4000E+02   -.4000E+02   -.4000E+02   -.4000E+02   -.4000E+02   -.4001E+02   -.4001E+02   -.4001E+02   -.4001E+02   -.4001E+02   -.4002E+02   -.4002E+02   -.4002E+02   -.4003E+02   -.4003E+02   -.4003E+02   -.4004E+02   -.4004E+02   -.4004E+02   -.4005E+02   -.4005E+02   -.4006E+02   -.4006E+02   -.4007E+02   -.4008E+02   -.4008E+02   -.4009E+02   -.4010E+02   -.4011E+02   -.4011E+02   -.4012E+02   -.4013E+02   -.4014E+02   -.4015E+02   -.4017E+02   -.4018E+02   -.4019E+02   -.4021E+02   -.4023E+02   -.4024E+02   -.4026E+02   -.4028E+02   -.4031E+02   -.4033E+02   -.4036E+02   -.4039E+02   -.4042E+02
0.4767E+01   -.4000E+02   -.4000E+02   -.4000E+02   -.4000E+02   -.4000E+02   -.4000E+02   -.4000E+02   -.4000E+02   -.4000E+02   -.4000E+02   -.4000E+02   -.4000E+02   -.4000E+02   -.3999E+02   -.3999E+02   -.3999E+02   -.3999E+02   -.3999E+02   -.3999E+02   -.3999E+02   -.3999E+02   -.3999E+02   -.3999E+02   -.3999E+02   -.3999E+02   -.3999E+02   -.3999E+02   -.3999E+02   -.3999E+02   -.3999E+02   -.3999E+02   -.3999E+02   -.3999E+02   -.3999E+02   -.3999E+02   -.3999E+02   -.3999E+02   -.3999E+02   -.3999E+02   -.3999E+02   -.3999E+02   -.3999E+02   -.3999E+02   -.3999E+02   -.3999E+02   -.3999E+02   -.4000E+02   -.4000E+02   -.4000E+02   -.4000E+02   -.4000E+02   -.4000E+02   -.4000E+02   -.4000E+02   -.4000E+02   -.4001E+02   -.4001E+02   -.4001E+02   -.4001E+02   -.4001E+02   -.4002E+02   -.4002E+02   -.4002E+02   -.4003E+02   -.4003E+02   -.4003E+02   -.4004E+02   -.4004E+02   -.4004E+02   -.4005E+02   -.4005E+02   -.4006E+02   -.4006E+02   -.4007E+02   -.4007E+02   -.4008E+02   -.4009E+02   -.4009E+02   -.4010E+02   -.4011E+02   -.4012E+02   -.4013E+02   -.4014E+02   -.4015E+02   -.4016E+02   -.4017E+02   -.4019E+02   -.4020E+02   -.4022E+02   -.4023E+02   -.4025E+02   -.4027E+02   -.4029E+02   -.4032E+02   -.4034E+02   -.4037E+02   -.4040E+02   -.4044E+02
0.4983E+01   -.4000E+02   -.4000E+02   -.4000E+02   -.4000E+02   -.4000E+02   -.4000E+02   -.4000E+02   -.4000E+02   -.4000E+02   -.4000E+02   -.4000E+02   -.4000E+02   -.4000E+02   -.4000E+02   -.3999E+02   -.3999E+02   -.3999E+02   -.3999E+02   -.3999E+02   -.3999E+02   -.3999E+02   -.3999E+02   -.3999E+02   -.3999E+02   -.3999E+02   -.3999E+02   -.3999E+02   -.3999E+02   -.3999E+02   -.3999E+02   -.3999E+02   -.3999E+02   -.3999E+02   -.3999E+02   -.3999E+02   -.3999E+02   -.3999E+02   -.3999E+02   -.3999E+02   -.3999E+02   -.3999E+02   -.3999E+02   -.3999E+02   -.3999E+02   -.4000E+02   -.4000E+02   -.4000E+02   -.4000E+02   -.4000E+02   -.4000E+02   -.4000E+02   -.4000E+02   -.4000E+02   -.4001E+02   -.4001E+02   -.4001E+02   -.4001E+02   -.4001E+02   -.4001E+02   -.4002E+02   -.4002E+02   -.4002E+02   -.4002E+02   -.4003E+02   -.4003E+02   -.4003E+02   -.4004E+02   -.4004E+02   -.4005E+02   -.4005E+02   -.4006E+02   -.4006E+02   -.4007E+02   -.4007E+02   -.4008E+02   -.4008E+02   -.4009E+02   -.4010E+02   -.4011E+02   -.4012E+02   -.4012E+02   -.4013E+02   -.4014E+02   -.4016E+02   -.4017E+02   -.4018E+02   -.4019E+02   -.4021E+02   -.4023E+02   -.4024E+02   -.4026E+02   -.4028E+02   -.4030E+02   -.4033E+02   -.4036E+02   -.4039E+02   -.4042E+02   -.4046E+02
0.5200E+01   -.4000E+02   -.4000E+02   -.4000E+02   -.4000E+02   -.4000E+02   -.4000E+02   -.4000E+02   -.4000E+02   -.4000E+02   -.4000E+02   -.4000E+02   -.4000E+02   -.4000E+02   -.4000E+02   -.4000E+02   -.3999E+02   -.3999E+02   -.3999E+02   -.3999E+02   -.3999E+02   -.3999E+02   -.3999E+02   -.3999E+02   -.3999E+02   -.3999E+02   -.3999E+02   -.3999E+02   -.3999E+02   -.3999E+02   -.3999E+02   -.3999E+02   -.3999E+02   -.3999E+02   -.3999E+02   -.3999E+02   -.3999E+02   -.3999E+02   -.3999E+02   -.3999E+02   -.3999E+02   -.3999E+02   -.4000E+02   -.4000E+02   -.4000E+02   -.4000E+02   -.4000E+02   -.4000E+02   -.4000E+02   -.4000E+02   -.4000E+02   -.4000E+02   -.4000E+02   -.4001E+02   -.4001E+02   -.4001E+02   -.4001E+02   -.4001E+02   -.4001E+02   -.4002E+02   -.4002E+02   -.4002E+02   -.4002E+02   -.4003E+02   -.4003E+02   -.4003E+02   -.4004E+02   -.4004E+02   -.4005E+02   -.4005E+02   -.4005E+02   -.4006E+02   -.4006E+02   -.4007E+02   -.4008E+02   -.4008E+02   -.4009E+02   -.4010E+02   -.4010E+02   -.4011E+02   -.4012E+02   -.4013E+02   -.4014E+02   -.4015E+02   -.4016E+02   -.4017E+02   -.4019E+02   -.4020E+02   -.4022E+02   -.4023E+02   -.4025E+02   -.4027E+02   -.4029E+02   -.4032E+02   -.4034E+02   -.4037E+02   -.4040E+02   -.4044E+02   -.4048E+02
0.5417E+01   -.4000E+02   -.4000E+02   -.4000E+02   -.4000E+02   -.4000E+02   -.4000E+02   -.4000E+02   -.4000E+02   -.4000E+02   -.4000E+02   -.4000E+02   -.4000E+02   -.4000E+02   -.4000E+02   -.4000E+02   -.4000E+02   -.3999E+02   -.3999E+02   -.3999E+02   -.3999E+02   -.3999E+02   -.3999E+02   -.3999E+02   -.3999E+02   -.3999E+02   -.3999E+02   -.3999E+02   -.3999E+02   -.3999E+02   -.3999E+02   -.3999E+02   -.3999E+02   -.3999E+02   -.3999E+02   -.3999E+02   -.3999E+02   -.3999E+02   -.3999E+02   -.3999E+02   -.4000E+02   -.4000E+02   -.4000E+02   -.4000E+02   -.4000E+02   -.4000E+02   -.4000E+02   -.4000E+02   -.4000E+02   -.4000E+02   -.4000E+02   -.4001E+02   -.4001E+02   -.4001E+02   -.4001E+02   -.4001E+02   -.4001E+02   -.4002E+02   -.4002E+02   -.4002E+02   -.4002E+02   -.4002E+02   -.4003E+02   -.4003E+02   -.4003E+02   -.4004E+02   -.4004E+02   -.4004E+02   -.4005E+02   -.4005E+02   -.4006E+02   -.4006E+02   -.4007E+02   -.4007E+02   -.4008E+02   -.4009E+02   -.4009E+02   -.4010E+02   -.4011E+02   -.4012E+02   -.4013E+02   -.4014E+02   -.4015E+02   -.4016E+02   -.4017E+02   -.4018E+02   -.4020E+02   -.4021E+02   -.4023E+02   -.4024E+02   -.4026E+02   -.4028E+02   -.4030E+02   -.4033E+02   -.4036E+02   -.4039E+02   -.4042E+02   -.4046E+02   -.4050E+02
0.5633E+01   -.4000E+02   -.4000E+02   -.4000E+02   -.4000E+02   -.4000E+02   -.4000E+02   -.4000E+02   -.4000E+02   -.4000E+02   -.4000E+02   -.4000E+02   -.4000E+02   -.4000E+02   -.4000E+02   -.4000E+02   -.4000E+02   -.4000E+02   -.4000E+02   -.3999E+02   -.3999E+02   -.3999E+02   -.3999E+02   -.3999E+02   -.3999E+02   -.3999E+02   -.3999E+02   -.3999E+02   -.3999E+02   -.3999E+02   -.3999E+02   -.3999E+02   -.3999E+02   -.3999E+02   -.3999E+02   -.3999E+02   -.4000E+02   -.4000E+02   -.4000E+02   -.4000E+02   -.4000E+02   -.4000E+02   -.4000E+02   -.4000E+02   -.4000E+02   -.4000E+02   -.4000E+02   -.4000E+02   -.4000E+02   -.4000E+02   -.4001E+02   -.4001E+02   -.4001E+02   -.4001E+02   -.4001E+02   -.4001E+02   -.4002E+02   -.4002E+02   -.4002E+02   -.4002E+02   -.4002E+02   -.4003E+02   -.4003E+02   -.4003E+02   -.4004E+02   -.4004E+02   -.4004E+02   -.4005E+02   -.4005E+02   -.4006E+02   -.4006E+02   -.4007E+02   -.4007E+02   -.4008E+02   -.4008E+02   -.4009E+02   -.4010E+02   -.4011E+02   -.4011E+02   -.4012E+02   -.4013E+02   -.4014E+02   -.4015E+02   -.4016E+02   -.4018E+02   -.4019E+02   -.4020E+02   -.4022E+02   -.4024E+02   -.4025E+02   -.4027E+02   -.4029E+02   -.4032E+02   -.4034E+02   -.4037E+02   -.4040E+02   -.4044E+02   -.4048E+02   -.4053E+02
0.5850E+01   -.4000E+02   -.4000E+02   -.4000E+02   -.4000E+02   -.4000E+02   -.4000E+02   -.4000E+02   -.4000E+02   -.4000E+02   -.4000E+02   -.4000E+02   -.4000E+02   -.4000E+02   -.4000E+02   -.4000E+02   -.4000E+02   -.4000E+02   -.4000E+02   -.4000E+02   -.4000E+02   -.4000E+02   -.3999E+02   -.3999E+02   -.3999E+02   -.3999E+02   -.3999E+02   -.3999E+02   -.3999E+02   -.3999E+02   -.3999E+02   -.3999E+02   -.4000E+02   -.4000E+02   -.4000E+02   -.4000E+02   -.4000E+02   -.4000E+02   -.4000E+02   -.4000E+02   -.4000E+02   -.4000E+02   -.4000E+02   -.4000E+02   -.4000E+02   -.4000E+02   -.4000E+02   -.4000E+02   -.4001E+02   -.4001E+02   -.4001E+02   -.4001E+02   -.4001E+02   -.4001E+02   -.4001E+02   -.4002E+02   -.4002E+02   -.4002E+02   -.4002E+02   -.4002E+02   -.4003E+02   -.4003E+02   -.4003E+02   -.4004E+02   -.4004E+02   -.4004E+02   -.4005E+02   -.4005E+02   -.4006E+02   -.4006E+02   -.4007E+02   -.4007E+02   -.4008E+02   -.4008E+02   -.4009E+02   -.4010E+02   -.4010E+02   -.4011E+02   -.4012E+02   -.4013E+02   -.4014E+02   -.4015E+02   -.4016E+02   -.4017E+02   -.4018E+02   -.4020E+02   -.4021E+02   -.4023E+02   -.4024E+02   -.4026E+02   -.4028E+02   -.4031E+02   -.4033E+02   -.4036E+02   -.4039E+02   -.4042E+02   -.4046E+02   -.4051E+02   -.4056E+02
0.6067E+01   -.4000E+02   -.4000E+02   -.4000E+02   -.4000E+02   -.4000E+02   -.4000E+02   -.4000E+02   -.4000E+02   -.4000E+02   -.4000E+02   -.4000E+02   -.4000E+02   -.4000E+02   -.4000E+02   -.4000E+02   -.4000E+02   -.4000E+02   -.4000E+02   -.4000E+02   -.4000E+02   -.4000E+02   -.4000E+02   -.4000E+02   -.4000E+02   -.4000E+02   -.4000E+02   -.4000E+02   -.4000E+02   -.4000E+02   -.4000E+02   -.4000E+02   -.4000E+02   -.4000E+02   -.4000E+02   -.4000E+02   -.4000E+02   -.4000E+02   -.4000E+02   -.4000E+02   -.4000E+02   -.4000E+02   -.4000E+02   -.4000E+02   -.4000E+02   -.4000E+02   -.4000E+02   -.4001E+02   -.4001E+02   -.4001E+02   -.4001E+02   -.4001E+02   -.4001E+02   -.4001E+02   -.4002E+02   -.4002E+02   -.4002E+02   -.4002E+02   -.4002E+02   -.4003E+02   -.4003E+02   -.4003E+02   -.4004E+02   -.4004E+02   -.4004E+02   -.4005E+02   -.4005E+02   -.4005E+02   -.4006E+02   -.4006E+02   -.4007E+02   -.4007E+02   -.4008E+02   -.4009E+02   -.4009E+02   -.4010E+02   -.4011E+02   -.4012E+02   -.4012E+02   -.4013E+02   -.4014E+02   -.4015E+02   -.4017E+02   -.4018E+02   -.4019E+02   -.4020E+02   -.4022E+02   -.4024E+02   -.4025E+02   -.4027E+02   -.4029E+02   -.4032E+02   -.4034E+02   -.4037E+02   -.4040E+02   -.4044E+02   -.4048E+02   -.4053E+02   -.4058E+02
0.6283E+01   -.4000E+02   -.4000E+02   -.4000E+02   -.4000E+02   -.4000E+02   -.4000E+02   -.4000E+02   -.4000E+02   -.4000E+02   -.4000E+02   -.4000E+02   -.4000E+02   -.4000E+02   -.4000E+02   -.4000E+02   -.4000E+02   -.4000E+02   -.4000E+02   -.4000E+02   -.4000E+02   -.4000E+02   -.4000E+02   -.4000E+02   -.4000E+02   -.4000E+02   -.4000E+02   -.4000E+02   -.4000E+02   -.4000E+02   -.4000E+02   -.4000E+02   -.4000E+02   -.4000E+02   -.4000E+02   -.4000E+02   -.4000E+02   -.4000E+02   -.4000E+02   -.4000E+02   -.4000E+02   -.4000E+02   -.4000E+02   -.4000E+02   -.4000E+02   -.4001E+02   -.4001E+02   -.4001E+02   -.4001E+02   -.4001E+02   -.4001E+02   -.4001E+02   -.4001E+02   -.4002E+02   -.4002E+02   -.4002E+02   -.4002E+02   -.4002E+02   -.4003E+02   -.4003E+02   -.4003E+02   -.4004E+02   -.4004E+02   -.4004E+02   -.4005E+02   -.4005E+02   -.4005E+02   -.4006E+02   -.4006E+02   -.4007E+02   -.4007E+02   -.4008E+02   -.4009E+02   -.4009E+02   -.4010E+02   -.4011E+02   -.4011E+02   -.4012E+02   -.4013E+02   -.4014E+02   -.4015E+02   -.4016E+02   -.4017E+02   -.4019E+02   -.4020E+02   -.4021E+02   -.4023E+02   -.4025E+02   -.4027E+02   -.4029E+02   -.4031E+02   -.4033E+02   -.4036E+02   -.4039E+02   -.4043E+02   -.4047E+02   -.4051E+02   -.4056E+02   -.4062E+02
0.6500E+01   -.4000E+02   -.4000E+02   -.4000E+02   -.4000E+02   -.4000E+02   -.4000E+02   -.4000E+02   -.4000E+02   -.4000E+02   -.4000E+02   -.4000E+02   -.4000E+02   -.4000E+02   -.4000E+02   -.4000E+02   -.4000E+02   -.4000E+02   -.4000E+02   -.4000E+02   -.4000E+02   -.4000E+02   -.4000E+02   -.4000E+02   -.4000E+02   -.4000E+02   -.4000E+02   -.4000E+02   -.4000E+02   -.4000E+02   -.4000E+02   -.4000E+02   -.4000E+02   -.4000E+02   -.4000E+02   -.4000E+02   -.4000E+02   -.4000E+02   -.4000E+02   -.4000E+02   -.4000E+02   -.4000E+02   -.4000E+02   -.4000E+02   -.4001E+02   -.4001E+02   -.4001E+02   -.4001E+02   -.4001E+02   -.4001E+02   -.4001E+02   -.4001E+02   -.4002E+02   -.4002E+02   -.4002E+02   -.4002E+02   -.4002E+02   -.4003E+02   -.4003E+02   -.4003E+02   -.4004E+02   -.4004E+02   -.4004E+02   -.4005E+02   -.4005E+02   -.4005E+02   -.4006E+02   -.4006E+02   -.4007E+02   -.4007E+02   -.4008E+02   -.4008E+02   -.4009E+02   -.4010E+02   -.4010E+02   -.4011E+02   -.4012E+02   -.4013E+02   -.4014E+02   -.4015E+02   -.4016E+02   -.4017E+02   -.4018E+02   -.4019E+02   -.4021E+02   -.4022E+02   -.4024E+02   -.4026E+02   -.4028E+02   -.4030E+02   -.4032E+02   -.4035E+02   -.4038E+02   -.4041E+02   -.4045E+02   -.4049E+02   -.4054E+02   -.4060E+02   -.4066E+02
0.6717E+01   -.4000E+02   -.4000E+02   -.4000E+02   -.4000E+02   -.4000E+02   -.4000E+02   -.4000E+02   -.4000E+02   -.4000E+02   -.4000E+02   -.4000E+02   -.4000E+02   -.4000E+02   -.4000E+02   -.4000E+02   -.4000E+02   -.4000E+02   -.4000E+02   -.4000E+02   -.4000E+02   -.4000E+02   -.4000E+02   -.4000E+02   -.4000E+02   -.4000E+02   -.4000E+02   -.4000E+02   -.4000E+02   -.4000E+02   -.4000E+02   -.4000E+02   -.4000E+02   -.4000E+02   -.4000E+02   -.4000E+02   -.4000E+02   -.4000E+02   -.4000E+02   -.4000E+02   -.4000E+02   -.4000E+02   -.4001E+02   -.4001E+02   -.4001E+02   -.4001E+02   -.4001E+02   -.4001E+02   -.4001E+02   -.4001E+02   -.4002E+02   -.4002E+02   -.4002E+02   -.4002E+02   -.4002E+02   -.4002E+02   -.4003E+02   -.4003E+02   -.4003E+02   -.4004E+02   -.4004E+02   -.4004E+02   -.4004E+02   -.4005E+02   -.4005E+02   -.4006E+02   -.4006E+02   -.4007E+02   -.4007E+02   -.4008E+02   -.4008E+02   -.4009E+02   -.4009E+02   -.4010E+02   -.4011E+02   -.4012E+02   -.4012E+02   -.4013E+02   -.4014E+02   -.4015E+02   -.4016E+02   -.4018E+02   -.4019E+02   -.4020E+02   -.4022E+02   -.4023E+02   -.4025E+02   -.4027E+02   -.4029E+02   -.4031E+02   -.4034E+02   -.4036E+02   -.4039E+02   -.4043E+02   -.4047E+02   -.4051E+02   -.4057E+02   -.4063E+02   -.4070E+02
0.6933E+01   -.4000E+02   -.4000E+02   -.4000E+02   -.4000E+02   -.4000E+02   -.4000E+02   -.4000E+02   -.4000E+02   -.4000E+02   -.4000E+02   -.4000E+02   -.4000E+02   -.4000E+02   -.4000E+02   -.4000E+02   -.4000E+02   -.4000E+02   -.4000E+02   -.4000E+02   -.4000E+02   -.4000E+02   -.4000E+02   -.4000E+02   -.4000E+02   -.4000E+02   -.4000E+02   -.4000E+02   -.4000E+02   -.4000E+02   -.4000E+02   -.4000E+02   -.4000E+02   -.4000E+02   -.4000E+02   -.4000E+02   -.4000E+02   -.4000E+02   -.4000E+02   -.4000E+02   -.4000E+02   -.4001E+02   -.4001E+02   -.4001E+02   -.4001E+02   -.4001E+02   -.4001E+02   -.4001E+02   -.4001E+02   -.4002E+02   -.4002E+02   -.4002E+02   -.4002E+02   -.4002E+02   -.4002E+02   -.4003E+02   -.4003E+02   -.4003E+02   -.4004E+02   -.4004E+02   -.4004E+02   -.4004E+02   -.4005E+02   -.4005E+02   -.4006E+02   -.4006E+02   -.4006E+02   -.4007E+02   -.4007E+02   -.4008E+02   -.4009E+02   -.4009E+02   -.4010E+02   -.4011E+02   -.4011E+02   -.4012E+02   -.4013E+02   -.4014E+02   -.4015E+02   -.4016E+02   -.4017E+02   -.4018E+02   -.4020E+02   -.4021E+02   -.4023E+02   -.4024E+02   -.4026E+02   -.4028E+02   -.4030E+02   -.4033E+02   -.4035E+02   -.4038E+02   -.4042E+02   -.4045E+02   -.4050E+02   -.4055E+02   -.4061E+02   -.4068E+02   -.4076E+02
0.7150E+01   -.4000E+02   -.4000E+02   -.4000E+02   -.4000E+02   -.4000E+02   -.4000E+02   -.4000E+02   -.4000E+02   -.4000E+02   -.4000E+02   -.4000E+02   -.4000E+02   -.4000E+02   -.4000E+02   -.4000E+02   -.4000E+02   -.4000E+02   -.4000E+02   -.4000E+02   -.4000E+02   -.4000E+02   -.4000E+02   -.4000E+02   -.4000E+02   -.4000E+02   -.4000E+02   -.4000E+02   -.4000E+02   -.4000E+02   -.4000E+02   -.4000E+02   -.4000E+02   -.4000E+02   -.4000E+02   -.4000E+02   -.4000E+02   -.4000E+02   -.4000E+02   -.4001E+02   -.4001E+02   -.4001E+02   -.4001E+02   -.4001E+02   -.4001E+02   -.4001E+02   -.4001E+02   -.4001E+02   -.4002E+02   -.4002E+02   -.4002E+02   -.4002E+02   -.4002E+02   -.4003E+02   -.4003E+02   -.4003E+02   -.4003E+02   -.4003E+02   -.4004E+02   -.4004E+02   -.4004E+02   -.4005E+02   -.4005E+02   -.4006E+02   -.4006E+02   -.4006E+02   -.4007E+02   -.4007E+02   -.4008E+02   -.4008E+02   -.4009E+02   -.4010E+02   -.4010E+02   -.4011E+02   -.4012E+02   -.4013E+02   -.4014E+02   -.4015E+02   -.4016E+02   -.4017E+02   -.4018E+02   -.4019E+02   -.4020E+02   -.4022E+02   -.4024E+02   -.4025E+02   -.4027E+02   -.4029E+02   -.4032E+02   -.4034E+02   -.4037E+02   -.4040E+02   -.4044E+02   -.4048E+02   -.4053E+02   -.4058E+02   -.4065E+02   -.4072E+02   -.4081E+02
0.7367E+01   -.4000E+02   -.4000E+02   -.4000E+02   -.4000E+02   -.4000E+02   -.4000E+02   -.4000E+02   -.4000E+02   -.4000E+02   -.4000E+02   -.4000E+02   -.4000E+02   -.4000E+02   -.4000E+02   -.4000E+02   -.4000E+02   -.4000E+02   -.4000E+02   -.4000E+02   -.4000E+02   -.4000E+02   -.4000E+02   -.4000E+02   -.4000E+02   -.4000E+02   -.4000E+02   -.4000E+02   -.4000E+02   -.4000E+02   -.4000E+02   -.4000E+02   -.4000E+02   -.4000E+02   -.4000E+02   -.4000E+02   -.4000E+02   -.4000E+02   -.4001E+02   -.4001E+02   -.4001E+02   -.4001E+02   -.4001E+02   -.4001E+02   -.4001E+02   -.4001E+02   -.4001E+02   -.4002E+02   -.4002E+02   -.4002E+02   -.4002E+02   -.4002E+02   -.4003E+02   -.4003E+02   -.4003E+02   -.4003E+02   -.4003E+02   -.4004E+02   -.4004E+02   -.4004E+02   -.4005E+02   -.4005E+02   -.4005E+02   -.4006E+02   -.4006E+02   -.4007E+02   -.4007E+02   -.4008E+02   -.4008E+02   -.4009E+02   -.4009E+02   -.4010E+02   -.4011E+02   -.4012E+02   -.4012E+02   -.4013E+02   -.4014E+02   -.4015E+02   -.4016E+02   -.4017E+02   -.4019E+02   -.4020E+02   -.4021E+02   -.4023E+02   -.4025E+02   -.4026E+02   -.4028E+02   -.4031E+02   -.4033E+02   -.4036E+02   -.4039E+02   -.4042E+02   -.4046E+02   -.4050E+02   -.4056E+02   -.4062E+02   -.4069E+02   -.4077E+02   -.4086E+02
0.7583E+01   -.4000E+02   -.4000E+02   -.4000E+02   -.4000E+02   -.4000E+02   -.4000E+02   -.4000E+02   -.4000E+02   -.4000E+02   -.4000E+02   -.4000E+02   -.4000E+02   -.4000E+02   -.4000E+02   -.4000E+02   -.4000E+02   -.4000E+02   -.4000E+02   -.4000E+02   -.4000E+02   -.4000E+02   -.4000E+02   -.4000E+02   -.4000E+02   -.4000E+02   -.4000E+02   -.4000E+02   -.4000E+02   -.4000E+02   -.4000E+02   -.4000E+02   -.4000E+02   -.4000E+02   -.4000E+02   -.4000E+02   -.4001E+02   -.4001E+02   -.4001E+02   -.4001E+02   -.4001E+02   -.4001E+02   -.4001E+02   -.4001E+02   -.4001E+02   -.4001E+02   -.4002E+02   -.4002E+02   -.4002E+02   -.4002E+02   -.4002E+02   -.4003E+02   -.4003E+02   -.4003E+02   -.4003E+02   -.4003E+02   -.4004E+02   -.4004E+02   -.4004E+02   -.4005E+02   -.4005E+02   -.4005E+02   -.4006E+02   -.4006E+02   -.4007E+02   -.4007E+02   -.4008E+02   -.4008E+02   -.4009E+02   -.4009E+02   -.4010E+02   -.4011E+02   -.4011E+02   -.4012E+02   -.4013E+02   -.4014E+02   -.4015E+02   -.4016E+02   -.4017E+02   -.4018E+02   -.4019E+02   -.4021E+02   -.4022E+02   -.4024E+02   -.4026E+02   -.4028E+02   -.4030E+02   -.4032E+02   -.4035E+02   -.4037E+02   -.4041E+02   -.4044E+02   -.4049E+02   -.4054E+02   -.4059E+02   -.4066E+02   -.4074E+02   -.4083E+02   -.4092E+02
0.7800E+01   -.4000E+02   -.4000E+02   -.4000E+02   -.4000E+02   -.4000E+02   -.4000E+02   -.4000E+02   -.4000E+02   -.4000E+02   -.4000E+02   -.4000E+02   -.4000E+02   -.4000E+02   -.4000E+02   -.4000E+02   -.4000E+02   -.4000E+02   -.4000E+02   -.4000E+02   -.4000E+02   -.4000E+02   -.4000E+02   -.4000E+02   -.4000E+02   -.4000E+02   -.4000E+02   -.4000E+02   -.4000E+02   -.4000E+02   -.4000E+02   -.4000E+02   -.4000E+02   -.4000E+02   -.4001E+02   -.4001E+02   -.4001E+02   -.4001E+02   -.4001E+02   -.4001E+02   -.4001E+02   -.4001E+02   -.4001E+02   -.4001E+02   -.4002E+02   -.4002E+02   -.4002E+02   -.4002E+02   -.4002E+02   -.4002E+02   -.4003E+02   -.4003E+02   -.4003E+02   -.4003E+02   -.4003E+02   -.4004E+02   -.4004E+02   -.4004E+02   -.4005E+02   -.4005E+02   -.4005E+02   -.4006E+02   -.4006E+02   -.4007E+02   -.4007E+02   -.4007E+02   -.4008E+02   -.4009E+02   -.4009E+02   -.4010E+02   -.4010E+02   -.4011E+02   -.4012E+02   -.4013E+02   -.4014E+02   -.4014E+02   -.4015E+02   -.4017E+02   -.4018E+02   -.4019E+02   -.4020E+02   -.4022E+02   -.4023E+02   -.4025E+02   -.4027E+02   -.4029E+02   -.4031E+02   -.4033E+02   -.4036E+02   -.4039E+02   -.4043E+02   -.4047E+02   -.4051E+02   -.4057E+02   -.4063E+02   -.4071E+02   -.4079E+02   -.4089E+02   -.4098E+02
0.8017E+01   -.4000E+02   -.4000E+02   -.4000E+02   -.4000E+02   -.4000E+02   -.4000E+02   -.4000E+02   -.4000E+02   -.4000E+02   -.4000E+02   -.4000E+02   -.4000E+02   -.4000E+02   -.4000E+02   -.4000E+02   -.4000E+02   -.4000E+02   -.4000E+02   -.4000E+02   -.4000E+02   -.4000E+02   -.4000E+02   -.4000E+02   -.4000E+02   -.4000E+02   -.4000E+02   -.4000E+02   -.4000E+02   -.4000E+02   -.4000E+02   -.4000E+02   -.4000E+02   -.4001E+02   -.4001E+02   -.4001E+02   -.4001E+02   -.4001E+02   -.4001E+02   -.4001E+02   -.4001E+02   -.4001E+02   -.4001E+02   -.4002E+02   -.4002E+02   -.4002E+02   -.4002E+02   -.4002E+02   -.4002E+02   -.4003E+02   -.4003E+02   -.4003E+02   -.4003E+02   -.4003E+02   -.4004E+02   -.4004E+02   -.4004E+02   -.4005E+02   -.4005E+02   -.4005E+02   -.4006E+02   -.4006E+02   -.4006E+02   -.4007E+02   -.4007E+02   -.4008E+02   -.4008E+02   -.4009E+02   -.4010E+02   -.4010E+02   -.4011E+02   -.4012E+02   -.4012E+02   -.4013E+02   -.4014E+02   -.4015E+02   -.4016E+02   -.4017E+02   -.4018E+02   -.4020E+02   -.4021E+02   -.4023E+02   -.4024E+02   -.4026E+02   -.4028E+02   -.4030E+02   -.4033E+02   -.4035E+02   -.4038E+02   -.4041E+02   -.4045E+02   -.4050E+02   -.4055E+02   -.4061E+02   -.4068E+02   -.4076E+02   -.4085E+02   -.4094E+02   -.4101E+02
0.8233E+01   -.4000E+02   -.4000E+02   -.4000E+02   -.4000E+02   -.4000E+02   -.4000E+02   -.4000E+02   -.4000E+02   -.4000E+02   -.4000E+02   -.4000E+02   -.4000E+02   -.4000E+02   -.4000E+02   -.4000E+02   -.4000E+02   -.4000E+02   -.4000E+02   -.4000E+02   -.4000E+02   -.4000E+02   -.4000E+02   -.4000E+02   -.4000E+02   -.4000E+02   -.4000E+02   -.4000E+02   -.4000E+02   -.4000E+02   -.4000E+02   -.4001E+02   -.4001E+02   -.4001E+02   -.4001E+02   -.4001E+02   -.4001E+02   -.4001E+02   -.4001E+02   -.4001E+02   -.4001E+02   -.4001E+02   -.4002E+02   -.4002E+02   -.4002E+02   -.4002E+02   -.4002E+02   -.4002E+02   -.4003E+02   -.4003E+02   -.4003E+02   -.4003E+02   -.4003E+02   -.4004E+02   -.4004E+02   -.4004E+02   -.4005E+02   -.4005E+02   -.4005E+02   -.4006E+02   -.4006E+02   -.4006E+02   -.4007E+02   -.4007E+02   -.4008E+02   -.4008E+02   -.4009E+02   -.4009E+02   -.4010E+02   -.4011E+02   -.4011E+02   -.4012E+02   -.4013E+02   -.4014E+02   -.4015E+02   -.4016E+02   -.4017E+02   -.4018E+02   -.4019E+02   -.4021E+02   -.4022E+02   -.4024E+02   -.4025E+02   -.4027E+02   -.4029E+02   -.4032E+02   -.4034E+02   -.4037E+02   -.4040E+02   -.4044E+02   -.4048E+02   -.4053E+02   -.4058E+02   -.4065E+02   -.4072E+02   -.4081E+02   -.4091E+02   -.4099E+02   -.4104E+02
0.8450E+01   -.4000E+02   -.4000E+02   -.4000E+02   -.4000E+02   -.4000E+02   -.4000E+02   -.4000E+02   -.4000E+02   -.4000E+02   -.4000E+02   -.4000E+02   -.4000E+02   -.4000E+02   -.4000E+02   -.4000E+02   -.4000E+02   -.4000E+02   -.4000E+02   -.4000E+02   -.4000E+02   -.4000E+02   -.4000E+02   -.4000E+02   -.4000E+02   -.4000E+02   -.4000E+02   -.4000E+02   -.4000E+02   -.4001E+02   -.4001E+02   -.4001E+02   -.4001E+02   -.4001E+02   -.4001E+02   -.4001E+02   -.4001E+02   -.4001E+02   -.4001E+02   -.4001E+02   -.4001E+02   -.4002E+02   -.4002E+02   -.4002E+02   -.4002E+02   -.4002E+02   -.4002E+02   -.4003E+02   -.4003E+02   -.4003E+02   -.4003E+02   -.4003E+02   -.4004E+02   -.4004E+02   -.4004E+02   -.4004E+02   -.4005E+02   -.4005E+02   -.4005E+02   -.4006E+02   -.4006E+02   -.4007E+02   -.4007E+02   -.4008E+02   -.4008E+02   -.4009E+02   -.4009E+02   -.4010E+02   -.4011E+02   -.4011E+02   -.4012E+02   -.4013E+02   -.4014E+02   -.4015E+02   -.4015E+02   -.4017E+02   -.4018E+02   -.4019E+02   -.4020E+02   -.4022E+02   -.4023E+02   -.4025E+02   -.4027E+02   -.4028E+02   -.4031E+02   -.4033E+02   -.4036E+02   -.4039E+02   -.4042E+02   -.4046E+02   -.4051E+02   -.4056E+02   -.4062E+02   -.4069E+02   -.4078E+02   -.4087E+02   -.4096E+02   -.4102E+02   -.4099E+02
0.8667E+01   -.4000E+02   -.4000E+02   -.4000E+02   -.4000E+02   -.4000E+02   -.4000E+02   -.4000E+02   -.4000E+02   -.4000E+02   -.4000E+02   -.4000E+02   -.4000E+02   -.4000E+02   -.4000E+02   -.4000E+02   -.4000E+02   -.4000E+02   -.4000E+02   -.4000E+02   -.4000E+02   -.4000E+02   -.4000E+02   -.4000E+02   -.4000E+02   -.4000E+02   -.4000E+02   -.4000E+02   -.4001E+02   -.4001E+02   -.4001E+02   -.4001E+02   -.4001E+02   -.4001E+02   -.4001E+02   -.4001E+02   -.4001E+02   -.4001E+02   -.4001E+02   -.4001E+02   -.4002E+02   -.4002E+02   -.4002E+02   -.4002E+02   -.4002E+02   -.4002E+02   -.4003E+02   -.4003E+02   -.4003E+02   -.4003E+02   -.4003E+02   -.4004E+02   -.4004E+02   -.4004E+02   -.4004E+02   -.4005E+02   -.4005E+02   -.4005E+02   -.4006E+02   -.4006E+02   -.4007E+02   -.4007E+02   -.4008E+02   -.4008E+02   -.4009E+02   -.4009E+02   -.4010E+02   -.4010E+02   -.4011E+02   -.4012E+02   -.4012E+02   -.4013E+02   -.4014E+02   -.4015E+02   -.4016E+02   -.4017E+02   -.4018E+02   -.4020E+02   -.4021E+02   -.4022E+02   -.4024E+02   -.4026E+02   -.4028E+02   -.4030E+02   -.4032E+02   -.4035E+02   -.4038E+02   -.4041E+02   -.4045E+02   -.4049E+02   -.4054E+02   -.4060E+02   -.4066E+02   -.4074E+02   -.4083E+02   -.4093E+02   -.4101E+02   -.4104E+02   -.4090E+02
0.8883E+01   -.4000E+02   -.4000E+02   -.4000E+02   -.4000E+02   -.4000E+02   -.4000E+02   -.4000E+02   -.4000E+02   -.4000E+02   -.4000E+02   -.4000E+02   -.4000E+02   -.4000E+02   -.4000E+02   -.4000E+02   -.4000E+02   -.4000E+02   -.4000E+02   -.4000E+02   -.4000E+02   -.4000E+02   -.4000E+02   -.4000E+02   -.4000E+02   -.4000E+02   -.4001E+02   -.4001E+02   -.4001E+02   -.4001E+02   -.4001E+02   -.4001E+02   -.4001E+02   -.4001E+02   -.4001E+02   -.4001E+02   -.4001E+02   -.4001E+02   -.4001E+02   -.4002E+02   -.4002E+02   -.4002E+02   -.4002E+02   -.4002E+02   -.4002E+02   -.4003E+02   -.4003E+02   -.4003E+02   -.4003E+02   -.4003E+02   -.4004E+02   -.4004E+02   -.4004E+02   -.4004E+02   -.4005E+02   -.4005E+02   -.4005E+02   -.4006E+02   -.4006E+02   -.4007E+02   -.4007E+02   -.4007E+02   -.4008E+02   -.4008E+02   -.4009E+02   -.4010E+02   -.4010E+02   -.4011E+02   -.4012E+02   -.4012E+02   -.4013E+02   -.4014E+02   -.4015E+02   -.4016E+02   -.4017E+02   -.4018E+02   -.4019E+02   -.4021E+02   -.4022E+02   -.4024E+02   -.4025E+02   -.4027E+02   -.4029E+02   -.4031E+02   -.4034E+02   -.4036E+02   -.4040E+02   -.4043E+02   -.4047E+02   -.4052E+02   -.4057E+02   -.4064E+02   -.4071E+02   -.4080E+02   -.4089E+02   -.4098E+02   -.4103E+02   -.4096E+02   -.4067E+02
0.9100E+01   -.4000E+02   -.4000E+02   -.4000E+02   -.4000E+02   -.4000E+02   -.4000E+02   -.4000E+02   -.4000E+02   -.4000E+02   -.4000E+02   -.4000E+02   -.4000E+02   -.4000E+02   -.4000E+02   -.4000E+02   -.4000E+02   -.4000E+02   -.4000E+02   -.4000E+02   -.4000E+02   -.4000E+02   -.4000E+02   -.4000E+02   -.4001E+02   -.4001E+02   -.4001E+02   -.4001E+02   -.4001E+02   -.4001E+02   -.4001E+02   -.4001E+02   -.4001E+02   -.4001E+02   -.4001E+02   -.4001E+02   -.4001E+02   -.4001E+02   -.4002E+02   -.4002E+02   -.4002E+02   -.4002E+02   -.4002E+02   -.4002E+02   -.4003E+02   -.4003E+02   -.4003E+02   -.4003E+02   -.4003E+02   -.4004E+02   -.4004E+02   -.4004E+02   -.4004E+02   -.4005E+02   -.4005E+02   -.4005E+02   -.4006E+02   -.4006E+02   -.4006E+02   -.4007E+02   -.4007E+02   -.4008E+02   -.4008E+02   -.4009E+02   -.4009E+02   -.4010E+02   -.4011E+02   -.4011E+02   -.4012E+02   -.4013E+02   -.4014E+02   -.4015E+02   -.4015E+02   -.4017E+02   -.4018E+02   -.4019E+02   -.4020E+02   -.4021E+02   -.4023E+02   -.4025E+02   -.4026E+02   -.4028E+02   -.4030E+02   -.4033E+02   -.4035E+02   -.4038E+02   -.4042E+02   -.4046E+02   -.4050E+02   -.4055E+02   -.4061E+02   -.4068E+02   -.4077E+02   -.4086E+02   -.4095E+02   -.4103E+02   -.4103E+02   -.4084E+02   -.4037E+02
0.9317E+01   -.4000E+02   -.4000E+02   -.4000E+02   -.4000E+02   -.4000E+02   -.4000E+02   -.4000E+02   -.4000E+02   -.4000E+02   -.4000E+02   -.4000E+02   -.4000E+02   -.4000E+02   -.4000E+02   -.4000E+02   -.4000E+02   -.4000E+02   -.4000E+02   -.4000E+02   -.4000E+02   -.4000E+02   -.4000E+02   -.4001E+02   -.4001E+02   -.4001E+02   -.4001E+02   -.4001E+02   -.4001E+02   -.4001E+02   -.4001E+02   -.4001E+02   -.4001E+02   -.4001E+02   -.4001E+02   -.4001E+02   -.4002E+02   -.4002E+02   -.4002E+02   -.4002E+02   -.4002E+02   -.4002E+02   -.4002E+02   -.4003E+02   -.4003E+02   -.4003E+02   -.4003E+02   -.4003E+02   -.4004E+02   -.4004E+02   -.4004E+02   -.4004E+02   -.4005E+02   -.4005E+02   -.4005E+02   -.4006E+02   -.4006E+02   -.4006E+02   -.4007E+02   -.4007E+02   -.4008E+02   -.4008E+02   -.4009E+02   -.4009E+02   -.4010E+02   -.4010E+02   -.4011E+02   -.4012E+02   -.4013E+02   -.4013E+02   -.4014E+02   -.4015E+02   -.4016E+02   -.4017E+02   -.4018E+02   -.4020E+02   -.4021E+02   -.4022E+02   -.4024E+02   -.4026E+02   -.4028E+02   -.4030E+02   -.4032E+02   -.4034E+02   -.4037E+02   -.4040E+02   -.4044E+02   -.4048E+02   -.4053E+02   -.4059E+02   -.4066E+02   -.4073E+02   -.4082E+02   -.4092E+02   -.4100E+02   -.4103E+02   -.4091E+02   -.4056E+02   -.3991E+02
0.9533E+01   -.4000E+02   -.4000E+02   -.4000E+02   -.4000E+02   -.4000E+02   -.4000E+02   -.4000E+02   -.4000E+02   -.4000E+02   -.4000E+02   -.4000E+02   -.4000E+02   -.4000E+02   -.4000E+02   -.4000E+02   -.4000E+02   -.4000E+02   -.4000E+02   -.4000E+02   -.4000E+02   -.4001E+02   -.4001E+02   -.4001E+02   -.4001E+02   -.4001E+02   -.4001E+02   -.4001E+02   -.4001E+02   -.4001E+02   -.4001E+02   -.4001E+02   -.4001E+02   -.4001E+02   -.4001E+02   -.4002E+02   -.4002E+02   -.4002E+02   -.4002E+02   -.4002E+02   -.4002E+02   -.4002E+02   -.4003E+02   -.4003E+02   -.4003E+02   -.4003E+02   -.4003E+02   -.4004E+02   -.4004E+02   -.4004E+02   -.4004E+02   -.4005E+02   -.4005E+02   -.4005E+02   -.4006E+02   -.4006E+02   -.4006E+02   -.4007E+02   -.4007E+02   -.4008E+02   -.4008E+02   -.4009E+02   -.4009E+02   -.4010E+02   -.4010E+02   -.4011E+02   -.4012E+02   -.4012E+02   -.4013E+02   -.4014E+02   -.4015E+02   -.4016E+02   -.4017E+02   -.4018E+02   -.4019E+02   -.4020E+02   -.4022E+02   -.4023E+02   -.4025E+02   -.4027E+02   -.4029E+02   -.4031E+02   -.4033E+02   -.4036E+02   -.4039E+02   -.4043E+02   -.4047E+02   -.4051E+02   -.4057E+02   -.4063E+02   -.4070E+02   -.4079E+02   -.4088E+02   -.4097E+02   -.4103E+02   -.4098E+02   -.4073E+02   -.4005E+02   -.4060E+02
0.9750E+01   -.4000E+02   -.4000E+02   -.4000E+02   -.4000E+02   -.4000E+02   -.4000E+02   -.4000E+02   -.4000E+02   -.4000E+02   -.4000E+02   -.4000E+02   -.4000E+02   -.4000E+02   -.4000E+02   -.4000E+02   -.4000E+02   -.4000E+02   -.4000E+02   -.4001E+02   -.4001E+02   -.4001E+02   -.4001E+02   -.4001E+02   -.4001E+02   -.4001E+02   -.4001E+02   -.4001E+02   -.4001E+02   -.4001E+02   -.4001E+02   -.4001E+02   -.4001E+02   -.4001E+02   -.4002E+02   -.4002E+02   -.4002E+02   -.4002E+02   -.4002E+02   -.4002E+02   -.4002E+02   -.4002E+02   -.4003E+02   -.4003E+02   -.4003E+02   -.4003E+02   -.4004E+02   -.4004E+02   -.4004E+02   -.4004E+02   -.4005E+02   -.4005E+02   -.4005E+02   -.4005E+02   -.4006E+02   -.4006E+02   -.4007E+02   -.4007E+02   -.4007E+02   -.4008E+02   -.4008E+02   -.4009E+02   -.4009E+02   -.4010E+02   -.4011E+02   -.4011E+02   -.4012E+02   -.4013E+02   -.4014E+02   -.4015E+02   -.4016E+02   -.4017E+02   -.4018E+02   -.4019E+02   -.4020E+02   -.4021E+02   -.4023E+02   -.4024E+02   -.4026E+02   -.4028E+02   -.4030E+02   -.4033E+02   -.4035E+02   -.4038E+02   -.4041E+02   -.4045E+02   -.4050E+02   -.4055E+02   -.4061E+02   -.4068E+02   -.4076E+02   -.4085E+02   -.4095E+02   -.4102E+02   -.4104E+02   -.4084E+02   -.4047E+02   -.3939E+02   -.4312E+02
0.9967E+01   -.4000E+02   -.4000E+02   -.4000E+02   -.4000E+02   -.4000E+02   -.4000E+02   -.4000E+02   -.4000E+02   -.4000E+02   -.4000E+02   -.4000E+02   -.4000E+02   -.4000E+02   -.4000E+02   -.4000E+02   -.4000E+02   -.4000E+02   -.4001E+02   -.4001E+02   -.4001E+02   -.4001E+02   -.4001E+02   -.4001E+02   -.4001E+02   -.4001E+02   -.4001E+02   -.4001E+02   -.4001E+02   -.4001E+02   -.4001E+02   -.4001E+02   -.4001E+02   -.4002E+02   -.4002E+02   -.4002E+02   -.4002E+02   -.4002E+02   -.4002E+02   -.4002E+02   -.4003E+02   -.4003E+02   -.4003E+02   -.4003E+02   -.4003E+02   -.4003E+02   -.4004E+02   -.4004E+02   -.4004E+02   -.4005E+02   -.4005E+02   -.4005E+02   -.4005E+02   -.4006E+02   -.4006E+02   -.4007E+02   -.4007E+02   -.4007E+02   -.4008E+02   -.4008E+02   -.4009E+02   -.4009E+02   -.4010E+02   -.4011E+02   -.4011E+02   -.4012E+02   -.4013E+02   -.4013E+02   -.4014E+02   -.4015E+02   -.4016E+02   -.4017E+02   -.4018E+02   -.4020E+02   -.4021E+02   -.4022E+02   -.4024E+02   -.4026E+02   -.4028E+02   -.4030E+02   -.4032E+02   -.4034E+02   -.4037E+02   -.4040E+02   -.4044E+02   -.4048E+02   -.4053E+02   -.4059E+02   -.4065E+02   -.4073E+02   -.4082E+02   -.4092E+02   -.4101E+02   -.4104E+02   -.4095E+02   -.4055E+02   -.3990E+02   -.4059E+02   -.5003E+02
0.1018E+02   -.4000E+02   -.4000E+02   -.4000E+02   -.4000E+02   -.4000E+02   -.4000E+02   -.4000E+02   -.4000E+02   -.4000E+02   -.4000E+02   -.4000E+02   -.4000E+02   -.4000E+02   -.4000E+02   -.4000E+02   -.4001E+02   -.4001E+02   -.4001E+02   -.4001E+02   -.4001E+02   -.4001E+02   -.4001E+02   -.4001E+02   -.4001E+02   -.4001E+02   -.4001E+02   -.4001E+02   -.4001E+02   -.4001E+02   -.4001E+02   -.4001E+02   -.4002E+02   -.4002E+02   -.4002E+02   -.4002E+02   -.4002E+02   -.4002E+02   -.4002E+02   -.4002E+02   -.4003E+02   -.4003E+02   -.4003E+02   -.4003E+02   -.4003E+02   -.4004E+02   -.4004E+02   -.4004E+02   -.4004E+02   -.4005E+02   -.4005E+02   -.4005E+02   -.4006E+02   -.4006E+02   -.4006E+02   -.4007E+02   -.4007E+02   -.4008E+02   -.4008E+02   -.4009E+02   -.4009E+02   -.4010E+02   -.4010E+02   -.4011E+02   -.4012E+02   -.4012E+02   -.4013E+02   -.4014E+02   -.4015E+02   -.4016E+02   -.4017E+02   -.4018E+02   -.4019E+02   -.4021E+02   -.4022E+02   -.4023E+02   -.4025E+02   -.4027E+02   -.4029E+02   -.4031E+02   -.4033E+02   -.4036E+02   -.4039E+02   -.4043E+02   -.4047E+02   -.4051E+02   -.4057E+02   -.4063E+02   -.4070E+02   -.4079E+02   -.4088E+02   -.4097E+02   -.4103E+02   -.4098E+02   -.4072E+02   -.4008E+02   -.4056E+02   -.4563E+02   -.2280E+02
0.1040E+02   -.4000E+02   -.4000E+02   -.4000E+02   -.4000E+02   -.4000E+02   -.4000E+02   -.4000E+02   -.4000E+02   -.4000E+02   -.4000E+02   -.4000E+02   -.4000E+02   -.4000E+02   -.4000E+02   -.4001E+02   -.4001E+02   -.4001E+02   -.4001E+02   -.4001E+02   -.4001E+02   -.4001E+02   -.4001E+02   -.4001E+02   -.4001E+02   -.4001E+02   -.4001E+02   -.4001E+02   -.4001E+02   -.4001E+02   -.4001E+02   -.4002E+02   -.4002E+02   -.4002E+02   -.4002E+02   -.4002E+02   -.4002E+02   -.4002E+02   -.4002E+02   -.4003E+02   -.4003E+02   -.4003E+02   -.4003E+02   -.4003E+02   -.4004E+02   -.4004E+02   -.4004E+02   -.4004E+02   -.4005E+02   -.4005E+02   -.4005E+02   -.4006E+02   -.4006E+02   -.4006E+02   -.4007E+02   -.4007E+02   -.4008E+02   -.4008E+02   -.4009E+02   -.4009E+02   -.4010E+02   -.4010E+02   -.4011E+02   -.4012E+02   -.4012E+02   -.4013E+02   -.4014E+02   -.4015E+02   -.4016E+02   -.4017E+02   -.4018E+02   -.4019E+02   -.4020E+02   -.4021E+02   -.4023E+02   -.4024E+02   -.4026E+02   -.4028E+02   -.4030E+02   -.4032E+02   -.4035E+02   -.4038E+02   -.4041E+02   -.4045E+02   -.4049E+02   -.4054E+02   -.4060E+02   -.4067E+02   -.4075E+02   -.4085E+02   -.4094E+02   -.4101E+02   -.4102E+02   -.4085E+02   -.4038E+02   -.4003E+02   -.4285E+02   -.3961E+02   -.1937E+00
0.1062E+02   -.4000E+02   -.4000E+02   -.4000E+02   -.4000E+02   -.4000E+02   -.4000E+02   -.4000E+02   -.4000E+02   -.4000E+02   -.4000E+02   -.4000E+02   -.4000E+02   -.4000E+02   -.4001E+02   -.4001E+02   -.4001E+02   -.4001E+02   -.4001E+02   -.4001E+02   -.4001E+02   -.4001E+02   -.4001E+02   -.4001E+02   -.4001E+02   -.4001E+02   -.4001E+02   -.4001E+02   -.4001E+02   -.4001E+02   -.4002E+02   -.4002E+02   -.4002E+02   -.4002E+02   -.4002E+02   -.4002E+02   -.4002E+02   -.4002E+02   -.4003E+02   -.4003E+02   -.4003E+02   -.4003E+02   -.4003E+02   -.4004E+02   -.4004E+02   -.4004E+02   -.4004E+02   -.4005E+02   -.4005E+02   -.4005E+02   -.4006E+02   -.4006E+02   -.4006E+02   -.4007E+02   -.4007E+02   -.4007E+02   -.4008E+02   -.4008E+02   -.4009E+02   -.4009E+02   -.4010E+02   -.4011E+02   -.4011E+02   -.4012E+02   -.4013E+02   -.4014E+02   -.4014E+02   -.4015E+02   -.4016E+02   -.4017E+02   -.4018E+02   -.4020E+02   -.4021E+02   -.4022E+02   -.4024E+02   -.4026E+02   -.4027E+02   -.4029E+02   -.4032E+02   -.4034E+02   -.4037E+02   -.4040E+02   -.4044E+02   -.4048E+02   -.4052E+02   -.4058E+02   -.4065E+02   -.4072E+02   -.4081E+02   -.4091E+02   -.4099E+02   -.4104E+02   -.4094E+02   -.4060E+02   -.3986E+02   -.4096E+02   -.4834E+02   -.7121E+01   -.1929E+01
0.1083E+02   -.4000E+02   -.4000E+02   -.4000E+02   -.4000E+02   -.4000E+02   -.4000E+02   -.4000E+02   -.4000E+02   -.4000E+02   -.4000E+02   -.4000E+02   -.4000E+02   -.4001E+02   -.4001E+02   -.4001E+02   -.4001E+02   -.4001E+02   -.4001E+02   -.4001E+02   -.4001E+02   -.4001E+02   -.4001E+02   -.4001E+02   -.4001E+02   -.4001E+02   -.4001E+02   -.4001E+02   -.4001E+02   -.4002E+02   -.4002E+02   -.4002E+02   -.4002E+02   -.4002E+02   -.4002E+02   -.4002E+02   -.4002E+02   -.4003E+02   -.4003E+02   -.4003E+02   -.4003E+02   -.4003E+02   -.4004E+02   -.4004E+02   -.4004E+02   -.4004E+02   -.4005E+02   -.4005E+02   -.4005E+02   -.4005E+02   -.4006E+02   -.4006E+02   -.4007E+02   -.4007E+02   -.4007E+02   -.4008E+02   -.4008E+02   -.4009E+02   -.4009E+02   -.4010E+02   -.4010E+02   -.4011E+02   -.4012E+02   -.4013E+02   -.4013E+02   -.4014E+02   -.4015E+02   -.4016E+02   -.4017E+02   -.4018E+02   -.4019E+02   -.4021E+02   -.4022E+02   -.4023E+02   -.4025E+02   -.4027E+02   -.4029E+02   -.4031E+02   -.4033E+02   -.4036E+02   -.4039E+02   -.4042E+02   -.4046E+02   -.4051E+02   -.4056E+02   -.4062E+02   -.4070E+02   -.4078E+02   -.4087E+02   -.4096E+02   -.4102E+02   -.4098E+02   -.4073E+02   -.4014E+02   -.4045E+02   -.4539E+02   -.2462E+02   -.9911E+00   -.1533E+01
0.1105E+02   -.4000E+02   -.4000E+02   -.4000E+02   -.4000E+02   -.4000E+02   -.4000E+02   -.4000E+02   -.4000E+02   -.4000E+02   -.4000E+02   -.4000E+02   -.4001E+02   -.4001E+02   -.4001E+02   -.4001E+02   -.4001E+02   -.4001E+02   -.4001E+02   -.4001E+02   -.4001E+02   -.4001E+02   -.4001E+02   -.4001E+02   -.4001E+02   -.4001E+02   -.4001E+02   -.4001E+02   -.4002E+02   -.4002E+02   -.4002E+02   -.4002E+02   -.4002E+02   -.4002E+02   -.4002E+02   -.4002E+02   -.4003E+02   -.4003E+02   -.4003E+02   -.4003E+02   -.4003E+02   -.4004E+02   -.4004E+02   -.4004E+02   -.4004E+02   -.4005E+02   -.4005E+02   -.4005E+02   -.4005E+02   -.4006E+02   -.4006E+02   -.4006E+02   -.4007E+02   -.4007E+02   -.4008E+02   -.4008E+02   -.4009E+02   -.4009E+02   -.4010E+02   -.4010E+02   -.4011E+02   -.4012E+02   -.4012E+02   -.4013E+02   -.4014E+02   -.4015E+02   -.4016E+02   -.4017E+02   -.4018E+02   -.4019E+02   -.4020E+02   -.4021E+02   -.4023E+02   -.4024E+02   -.4026E+02   -.4028E+02   -.4030E+02   -.4032E+02   -.4035E+02   -.4038E+02   -.4041E+02   -.4045E+02   -.4049E+02   -.4054E+02   -.4060E+02   -.4067E+02   -.4075E+02   -.4084E+02   -.4093E+02   -.4101E+02   -.4102E+02   -.4087E+02   -.4042E+02   -.3995E+02   -.4243E+02   -.4211E+02   -.3137E-01   -.2113E+01   -.8515E+00
0.1127E+02   -.4000E+02   -.4000E+02   -.4000E+02   -.4000E+02   -.4000E+02   -.4000E+02   -.4000E+02   -.4000E+02   -.4000E+02   -.4000E+02   -.4001E+02   -.4001E+02   -.4001E+02   -.4001E+02   -.4001E+02   -.4001E+02   -.4001E+02   -.4001E+02   -.4001E+02   -.4001E+02   -.4001E+02   -.4001E+02   -.4001E+02   -.4001E+02   -.4001E+02   -.4001E+02   -.4002E+02   -.4002E+02   -.4002E+02   -.4002E+02   -.4002E+02   -.4002E+02   -.4002E+02   -.4002E+02   -.4003E+02   -.4003E+02   -.4003E+02   -.4003E+02   -.4003E+02   -.4004E+02   -.4004E+02   -.4004E+02   -.4004E+02   -.4004E+02   -.4005E+02   -.4005E+02   -.4005E+02   -.4006E+02   -.4006E+02   -.4006E+02   -.4007E+02   -.4007E+02   -.4008E+02   -.4008E+02   -.4009E+02   -.4009E+02   -.4010E+02   -.4010E+02   -.4011E+02   -.4011E+02   -.4012E+02   -.4013E+02   -.4014E+02   -.4014E+02   -.4015E+02   -.4016E+02   -.4017E+02   -.4018E+02   -.4020E+02   -.4021E+02   -.4022E+02   -.4024E+02   -.4026E+02   -.4027E+02   -.4029E+02   -.4032E+02   -.4034E+02   -.4037E+02   -.4040E+02   -.4043E+02   -.4047E+02   -.4052E+02   -.4058E+02   -.4064E+02   -.4072E+02   -.4081E+02   -.4090E+02   -.4099E+02   -.4103E+02   -.4095E+02   -.4062E+02   -.3990E+02   -.4088E+02   -.4792E+02   -.9617E+01   -.1813E+01   -.1050E+01   -.1349E+01
0.1148E+02   -.4000E+02   -.4000E+02   -.4000E+02   -.4000E+02   -.4000E+02   -.4000E+02   -.4000E+02   -.4000E+02   -.4000E+02   -.4001E+02   -.4001E+02   -.4001E+02   -.4001E+02   -.4001E+02   -.4001E+02   -.4001E+02   -.4001E+02   -.4001E+02   -.4001E+02   -.4001E+02   -.4001E+02   -.4001E+02   -.4001E+02   -.4001E+02   -.4001E+02   -.4002E+02   -.4002E+02   -.4002E+02   -.4002E+02   -.4002E+02   -.4002E+02   -.4002E+02   -.4002E+02   -.4003E+02   -.4003E+02   -.4003E+02   -.4003E+02   -.4003E+02   -.4003E+02   -.4004E+02   -.4004E+02   -.4004E+02   -.4004E+02   -.4005E+02   -.4005E+02   -.4005E+02   -.4006E+02   -.4006E+02   -.4006E+02   -.4007E+02   -.4007E+02   -.4007E+02   -.4008E+02   -.4008E+02   -.4009E+02   -.4009E+02   -.4010E+02   -.4011E+02   -.4011E+02   -.4012E+02   -.4013E+02   -.4013E+02   -.4014E+02   -.4015E+02   -.4016E+02   -.4017E+02   -.4018E+02   -.4019E+02   -.4021E+02   -.4022E+02   -.4023E+02   -.4025E+02   -.4027E+02   -.4029E+02   -.4031E+02   -.4033E+02   -.4036E+02   -.4039E+02   -.4042E+02   -.4046E+02   -.4050E+02   -.4056E+02   -.4062E+02   -.4069E+02   -.4077E+02   -.4087E+02   -.4096E+02   -.4102E+02   -.4099E+02   -.4075E+02   -.4018E+02   -.4038E+02   -.4496E+02   -.2711E+02   -.8530E+00   -.1623E+01   -.1077E+01   -.1363E+01
0.1170E+02   -.4000E+02   -.4000E+02   -.4000E+02   -.4000E+02   -.4000E+02   -.4000E+02   -.4000E+02   -.4000E+02   -.4001E+02   -.4001E+02   -.4001E+02   -.4001E+02   -.4001E+02   -.4001E+02   -.4001E+02   -.4001E+02   -.4001E+02   -.4001E+02   -.4001E+02   -.4001E+02   -.4001E+02   -.4001E+02   -.4001E+02   -.4001E+02   -.4002E+02   -.4002E+02   -.4002E+02   -.4002E+02   -.4002E+02   -.4002E+02   -.4002E+02   -.4002E+02   -.4003E+02   -.4003E+02   -.4003E+02   -.4003E+02   -.4003E+02   -.4003E+02   -.4004E+02   -.4004E+02   -.4004E+02   -.4004E+02   -.4005E+02   -.4005E+02   -.4005E+02   -.4006E+02   -.4006E+02   -.4006E+02   -.4007E+02   -.4007E+02   -.4007E+02   -.4008E+02   -.4008E+02   -.4009E+02   -.4009E+02   -.4010E+02   -.4010E+02   -.4011E+02   -.4012E+02   -.4012E+02   -.4013E+02   -.4014E+02   -.4015E+02   -.4016E+02   -.4017E+02   -.4018E+02   -.4019E+02   -.4020E+02   -.4021E+02   -.4023E+02   -.4024E+02   -.4026E+02   -.4028E+02   -.4030E+02   -.4032E+02   -.4035E+02   -.4038E+02   -.4041E+02   -.4044E+02   -.4049E+02   -.4054E+02   -.4059E+02   -.4066E+02   -.4074E+02   -.4083E+02   -.4093E+02   -.4101E+02   -.4103E+02   -.4088E+02   -.4046E+02   -.3988E+02   -.4201E+02   -.4460E+02   0.1070E+00   -.2197E+01   -.8009E+00   -.1476E+01   -.1208E+01
0.1192E+02   -.4000E+02   -.4000E+02   -.4000E+02   -.4000E+02   -.4000E+02   -.4000E+02   -.4000E+02   -.4001E+02   -.4001E+02   -.4001E+02   -.4001E+02   -.4001E+02   -.4001E+02   -.4001E+02   -.4001E+02   -.4001E+02   -.4001E+02   -.4001E+02   -.4001E+02   -.4001E+02   -.4001E+02   -.4001E+02   -.4001E+02   -.4002E+02   -.4002E+02   -.4002E+02   -.4002E+02   -.4002E+02   -.4002E+02   -.4002E+02   -.4002E+02   -.4003E+02   -.4003E+02   -.4003E+02   -.4003E+02   -.4003E+02   -.4003E+02   -.4004E+02   -.4004E+02   -.4004E+02   -.4004E+02   -.4005E+02   -.4005E+02   -.4005E+02   -.4005E+02   -.4006E+02   -.4006E+02   -.4006E+02   -.4007E+02   -.4007E+02   -.4008E+02   -.4008E+02   -.4009E+02   -.4009E+02   -.4010E+02   -.4010E+02   -.4011E+02   -.4011E+02   -.4012E+02   -.4013E+02   -.4014E+02   -.4015E+02   -.4015E+02   -.4016E+02   -.4017E+02   -.4018E+02   -.4020E+02   -.4021E+02   -.4022E+02   -.4024E+02   -.4025E+02   -.4027E+02   -.4029E+02   -.4031E+02   -.4034E+02   -.4037E+02   -.4040E+02   -.4043E+02   -.4047E+02   -.4052E+02   -.4057E+02   -.4064E+02   -.4071E+02   -.4080E+02   -.4090E+02   -.4098E+02   -.4103E+02   -.4095E+02   -.4063E+02   -.3994E+02   -.4081E+02   -.4749E+02   -.1211E+02   -.1676E+01   -.1132E+01   -.1312E+01   -.1269E+01   -.1312E+01
0.1213E+02   -.4000E+02   -.4000E+02   -.4000E+02   -.4000E+02   -.4000E+02   -.4000E+02   -.4000E+02   -.4001E+02   -.4001E+02   -.4001E+02   -.4001E+02   -.4001E+02   -.4001E+02   -.4001E+02   -.4001E+02   -.4001E+02   -.4001E+02   -.4001E+02   -.4001E+02   -.4001E+02   -.4001E+02   -.4001E+02   -.4002E+02   -.4002E+02   -.4002E+02   -.4002E+02   -.4002E+02   -.4002E+02   -.4002E+02   -.4002E+02   -.4003E+02   -.4003E+02   -.4003E+02   -.4003E+02   -.4003E+02   -.4003E+02   -.4004E+02   -.4004E+02   -.4004E+02   -.4004E+02   -.4005E+02   -.4005E+02   -.4005E+02   -.4005E+02   -.4006E+02   -.4006E+02   -.4006E+02   -.4007E+02   -.4007E+02   -.4008E+02   -.4008E+02   -.4008E+02   -.4009E+02   -.4009E+02   -.4010E+02   -.4011E+02   -.4011E+02   -.4012E+02   -.4013E+02   -.4013E+02   -.4014E+02   -.4015E+02   -.4016E+02   -.4017E+02   -.4018E+02   -.4019E+02   -.4021E+02   -.4022E+02   -.4023E+02   -.4025E+02   -.4027E+02   -.4029E+02   -.4031E+02   -.4033E+02   -.4036E+02   -.4039E+02   -.4042E+02   -.4046E+02   -.4050E+02   -.4055E+02   -.4061E+02   -.4069E+02   -.4077E+02   -.4086E+02   -.4095E+02   -.4102E+02   -.4099E+02   -.4077E+02   -.4022E+02   -.4031E+02   -.4454E+02   -.2961E+02   -.7157E+00   -.1706E+01   -.1037E+01   -.1381E+01   -.1255E+01   -.1332E+01
0.1235E+02   -.4000E+02   -.4000E+02   -.4000E+02   -.4000E+02   -.4000E+02   -.4000E+02   -.4001E+02   -.4001E+02   -.4001E+02   -.4001E+02   -.4001E+02   -.4001E+02   -.4001E+02   -.4001E+02   -.4001E+02   -.4001E+02   -.4001E+02   -.4001E+02   -.4001E+02   -.4001E+02   -.4001E+02   -.4002E+02   -.4002E+02   -.4002E+02   -.4002E+02   -.4002E+02   -.4002E+02   -.4002E+02   -.4002E+02   -.4002E+02   -.4003E+02   -.4003E+02   -.4003E+02   -.4003E+02   -.4003E+02   -.4004E+02   -.4004E+02   -.4004E+02   -.4004E+02   -.4004E+02   -.4005E+02   -.4005E+02   -.4005E+02   -.4006E+02   -.4006E+02   -.4006E+02   -.4007E+02   -.4007E+02   -.4007E+02   -.4008E+02   -.4008E+02   -.4009E+02   -.4009E+02   -.4010E+02   -.4010E+02   -.4011E+02   -.4012E+02   -.4012E+02   -.4013E+02   -.4014E+02   -.4015E+02   -.4016E+02   -.4017E+02   -.4018E+02   -.4019E+02   -.4020E+02   -.4021E+02   -.4023E+02   -.4024E+02   -.4026E+02   -.4028E+02   -.4030E+02   -.4032E+02   -.4035E+02   -.4037E+02   -.4041E+02   -.4044E+02   -.4048E+02   -.4053E+02   -.4059E+02   -.4066E+02   -.4074E+02   -.4083E+02   -.4092E+02   -.4100E+02   -.4103E+02   -.4090E+02   -.4050E+02   -.3981E+02   -.4158E+02   -.4710E+02   0.2441E+00   -.2279E+01   -.7612E+00   -.1493E+01   -.1197E+01   -.1351E+01   -.1303E+01
0.1257E+02   -.4000E+02   -.4000E+02   -.4000E+02   -.4000E+02   -.4000E+02   -.4001E+02   -.4001E+02   -.4001E+02   -.4001E+02   -.4001E+02   -.4001E+02   -.4001E+02   -.4001E+02   -.4001E+02   -.4001E+02   -.4001E+02   -.4001E+02   -.4001E+02   -.4001E+02   -.4001E+02   -.4002E+02   -.4002E+02   -.4002E+02   -.4002E+02   -.4002E+02   -.4002E+02   -.4002E+02   -.4002E+02   -.4002E+02   -.4003E+02   -.4003E+02   -.4003E+02   -.4003E+02   -.4003E+02   -.4003E+02   -.4004E+02   -.4004E+02   -.4004E+02   -.4004E+02   -.4005E+02   -.4005E+02   -.4005E+02   -.4006E+02   -.4006E+02   -.4006E+02   -.4007E+02   -.4007E+02   -.4007E+02   -.4008E+02   -.4008E+02   -.4009E+02   -.4009E+02   -.4010E+02   -.4010E+02   -.4011E+02   -.4012E+02   -.4012E+02   -.4013E+02   -.4014E+02   -.4015E+02   -.4015E+02   -.4016E+02   -.4017E+02   -.4019E+02   -.4020E+02   -.4021E+02   -.4022E+02   -.4024E+02   -.4025E+02   -.4027E+02   -.4029E+02   -.4031E+02   -.4034E+02   -.4036E+02   -.4040E+02   -.4043E+02   -.4047E+02   -.4052E+02   -.4057E+02   -.4063E+02   -.4071E+02   -.4080E+02   -.4089E+02   -.4098E+02   -.4103E+02   -.4096E+02   -.4065E+02   -.3997E+02   -.4073E+02   -.4707E+02   -.1461E+02   -.1538E+01   -.1214E+01   -.1273E+01   -.1285E+01   -.1304E+01   -.1316E+01   -.1327E+01
0.1278E+02   -.4000E+02   -.4000E+02   -.4000E+02   -.4000E+02   -.4000E+02   -.4001E+02   -.4001E+02   -.4001E+02   -.4001E+02   -.4001E+02   -.4001E+02   -.4001E+02   -.4001E+02   -.4001E+02   -.4001E+02   -.4001E+02   -.4001E+02   -.4001E+02   -.4001E+02   -.4001E+02   -.4002E+02   -.4002E+02   -.4002E+02   -.4002E+02   -.4002E+02   -.4002E+02   -.4002E+02   -.4002E+02   -.4003E+02   -.4003E+02   -.4003E+02   -.4003E+02   -.4003E+02   -.4003E+02   -.4004E+02   -.4004E+02   -.4004E+02   -.4004E+02   -.4005E+02   -.4005E+02   -.4005E+02   -.4005E+02   -.4006E+02   -.4006E+02   -.4006E+02   -.4007E+02   -.4007E+02   -.4008E+02   -.4008E+02   -.4009E+02   -.4009E+02   -.4010E+02   -.4010E+02   -.4011E+02   -.4011E+02   -.4012E+02   -.4013E+02   -.4013E+02   -.4014E+02   -.4015E+02   -.4016E+02   -.4017E+02   -.4018E+02   -.4019E+02   -.4021E+02   -.4022E+02   -.4023E+02   -.4025E+02   -.4027E+02   -.4029E+02   -.4031E+02   -.4033E+02   -.4036E+02   -.4038E+02   -.4042E+02   -.4046E+02   -.4050E+02   -.4055E+02   -.4061E+02   -.4068E+02   -.4076E+02   -.4086E+02   -.4095E+02   -.4101E+02   -.4100E+02   -.4079E+02   -.4026E+02   -.4023E+02   -.4411E+02   -.3210E+02   -.5786E+00   -.1787E+01   -.9973E+00   -.1397E+01   -.1246E+01   -.1335E+01   -.1314E+01   -.1337E+01
0.1300E+02   -.4000E+02   -.4000E+02   -.4000E+02   -.4000E+02   -.4000E+02   -.4001E+02   -.4001E+02   -.4001E+02   -.4001E+02   -.4001E+02   -.4001E+02   -.4001E+02   -.4001E+02   -.4001E+02   -.4001E+02   -.4001E+02   -.4001E+02   -.4001E+02   -.4001E+02   -.4002E+02   -.4002E+02   -.4002E+02   -.4002E+02   -.4002E+02   -.4002E+02   -.4002E+02   -.4002E+02   -.4003E+02   -.4003E+02   -.4003E+02   -.4003E+02   -.4003E+02   -.4003E+02   -.4004E+02   -.4004E+02   -.4004E+02   -.4004E+02   -.4005E+02   -.4005E+02   -.4005E+02   -.4005E+02   -.4006E+02   -.4006E+02   -.4006E+02   -.4007E+02   -.4007E+02   -.4008E+02   -.4008E+02   -.4008E+02   -.4009E+02   -.4009E+02   -.4010E+02   -.4011E+02   -.4011E+02   -.4012E+02   -.4013E+02   -.4013E+02   -.4014E+02   -.4015E+02   -.4016E+02   -.4017E+02   -.4018E+02   -.4019E+02   -.4020E+02   -.4021E+02   -.4023E+02   -.4024E+02   -.4026E+02   -.4028E+02   -.4030E+02   -.4032E+02   -.4035E+02   -.4037E+02   -.4040E+02   -.4044E+02   -.4048E+02   -.4053E+02   -.4059E+02   -.4065E+02   -.4073E+02   -.4082E+02   -.4092E+02   -.4100E+02   -.4104E+02   -.4092E+02   -.4054E+02   -.3973E+02   -.4116E+02   -.4959E+02   0.3812E+00   -.2361E+01   -.7219E+00   -.1509E+01   -.1189E+01   -.1354E+01   -.1300E+01   -.1338E+01   -.1333E+01
0.1322E+02   -.4000E+02   -.4000E+02   -.4000E+02   -.4000E+02   -.4001E+02   -.4001E+02   -.4001E+02   -.4001E+02   -.4001E+02   -.4001E+02   -.4001E+02   -.4001E+02   -.4001E+02   -.4001E+02   -.4001E+02   -.4001E+02   -.4001E+02   -.4001E+02   -.4002E+02   -.4002E+02   -.4002E+02   -.4002E+02   -.4002E+02   -.4002E+02   -.4002E+02   -.4002E+02   -.4003E+02   -.4003E+02   -.4003E+02   -.4003E+02   -.4003E+02   -.4003E+02   -.4004E+02   -.4004E+02   -.4004E+02   -.4004E+02   -.4004E+02   -.4005E+02   -.4005E+02   -.4005E+02   -.4006E+02   -.4006E+02   -.4006E+02   -.4007E+02   -.4007E+02   -.4007E+02   -.4008E+02   -.4008E+02   -.4009E+02   -.4009E+02   -.4010E+02   -.4010E+02   -.4011E+02   -.4012E+02   -.4012E+02   -.4013E+02   -.4014E+02   -.4015E+02   -.4016E+02   -.4016E+02   -.4017E+02   -.4019E+02   -.4020E+02   -.4021E+02   -.4022E+02   -.4024E+02   -.4025E+02   -.4027E+02   -.4029E+02   -.4031E+02   -.4034E+02   -.4036E+02   -.4039E+02   -.4043E+02   -.4047E+02   -.4051E+02   -.4057E+02   -.4063E+02   -.4071E+02   -.4079E+02   -.4088E+02   -.4097E+02   -.4103E+02   -.4096E+02   -.4067E+02   -.4001E+02   -.4066E+02   -.4664E+02   -.1711E+02   -.1401E+01   -.1296E+01   -.1233E+01   -.1301E+01   -.1296E+01   -.1319E+01   -.1325E+01   -.1335E+01   -.1341E+01
0.1343E+02   -.4000E+02   -.4000E+02   -.4000E+02   -.4000E+02   -.4001E+02   -.4001E+02   -.4001E+02   -.4001E+02   -.4001E+02   -.4001E+02   -.4001E+02   -.4001E+02   -.4001E+02   -.4001E+02   -.4001E+02   -.4001E+02   -.4001E+02   -.4002E+02   -.4002E+02   -.4002E+02   -.4002E+02   -.4002E+02   -.4002E+02   -.4002E+02   -.4002E+02   -.4002E+02   -.4003E+02   -.4003E+02   -.4003E+02   -.4003E+02   -.4003E+02   -.4004E+02   -.4004E+02   -.4004E+02   -.4004E+02   -.4004E+02   -.4005E+02   -.4005E+02   -.4005E+02   -.4006E+02   -.4006E+02   -.4006E+02   -.4007E+02   -.4007E+02   -.4007E+02   -.4008E+02   -.4008E+02   -.4009E+02   -.4009E+02   -.4010E+02   -.4010E+02   -.4011E+02   -.4011E+02   -.4012E+02   -.4013E+02   -.4014E+02   -.4014E+02   -.4015E+02   -.4016E+02   -.4017E+02   -.4018E+02   -.4019E+02   -.4021E+02   -.4022E+02   -.4023E+02   -.4025E+02   -.4027E+02   -.4028E+02   -.4031E+02   -.4033E+02   -.4035E+02   -.4038E+02   -.4042E+02   -.4045E+02   -.4050E+02   -.4055E+02   -.4061E+02   -.4068E+02   -.4076E+02   -.4085E+02   -.4094E+02   -.4101E+02   -.4100E+02   -.4080E+02   -.4030E+02   -.4016E+02   -.4369E+02   -.3460E+02   -.4415E+00   -.1869E+01   -.9580E+00   -.1413E+01   -.1238E+01   -.1338E+01   -.1312E+01   -.1337E+01   -.1337E+01   -.1345E+01
0.1365E+02   -.4000E+02   -.4000E+02   -.4000E+02   -.4001E+02   -.4001E+02   -.4001E+02   -.4001E+02   -.4001E+02   -.4001E+02   -.4001E+02   -.4001E+02   -.4001E+02   -.4001E+02   -.4001E+02   -.4001E+02   -.4001E+02   -.4001E+02   -.4002E+02   -.4002E+02   -.4002E+02   -.4002E+02   -.4002E+02   -.4002E+02   -.4002E+02   -.4002E+02   -.4003E+02   -.4003E+02   -.4003E+02   -.4003E+02   -.4003E+02   -.4003E+02   -.4004E+02   -.4004E+02   -.4004E+02   -.4004E+02   -.4005E+02   -.4005E+02   -.4005E+02   -.4005E+02   -.4006E+02   -.4006E+02   -.4006E+02   -.4007E+02   -.4007E+02   -.4008E+02   -.4008E+02   -.4009E+02   -.4009E+02   -.4010E+02   -.4010E+02   -.4011E+02   -.4011E+02   -.4012E+02   -.4013E+02   -.4013E+02   -.4014E+02   -.4015E+02   -.4016E+02   -.4017E+02   -.4018E+02   -.4019E+02   -.4020E+02   -.4021E+02   -.4023E+02   -.4024E+02   -.4026E+02   -.4028E+02   -.4030E+02   -.4032E+02   -.4034E+02   -.4037E+02   -.4040E+02   -.4044E+02   -.4048E+02   -.4053E+02   -.4059E+02   -.4065E+02   -.4073E+02   -.4082E+02   -.4091E+02   -.4100E+02   -.4104E+02   -.4092E+02   -.4056E+02   -.3977E+02   -.4109E+02   -.4917E+02   -.2118E+01   -.2224E+01   -.8039E+00   -.1469E+01   -.1205E+01   -.1346E+01   -.1303E+01   -.1337E+01   -.1333E+01   -.1344E+01   -.1347E+01
0.1387E+02   -.4000E+02   -.4000E+02   -.4000E+02   -.4001E+02   -.4001E+02   -.4001E+02   -.4001E+02   -.4001E+02   -.4001E+02   -.4001E+02   -.4001E+02   -.4001E+02   -.4001E+02   -.4001E+02   -.4001E+02   -.4001E+02   -.4002E+02   -.4002E+02   -.4002E+02   -.4002E+02   -.4002E+02   -.4002E+02   -.4002E+02   -.4002E+02   -.4003E+02   -.4003E+02   -.4003E+02   -.4003E+02   -.4003E+02   -.4003E+02   -.4004E+02   -.4004E+02   -.4004E+02   -.4004E+02   -.4005E+02   -.4005E+02   -.4005E+02   -.4005E+02   -.4006E+02   -.4006E+02   -.4006E+02   -.4007E+02   -.4007E+02   -.4007E+02   -.4008E+02   -.4008E+02   -.4009E+02   -.4009E+02   -.4010E+02   -.4010E+02   -.4011E+02   -.4012E+02   -.4012E+02   -.4013E+02   -.4014E+02   -.4015E+02   -.4016E+02   -.4016E+02   -.4018E+02   -.4019E+02   -.4020E+02   -.4021E+02   -.4022E+02   -.4024E+02   -.4025E+02   -.4027E+02   -.4029E+02   -.4031E+02   -.4034E+02   -.4036E+02   -.4039E+02   -.4043E+02   -.4047E+02   -.4051E+02   -.4057E+02   -.4063E+02   -.4070E+02   -.4079E+02   -.4088E+02   -.4097E+02   -.4102E+02   -.4097E+02   -.4069E+02   -.4005E+02   -.4059E+02   -.4622E+02   -.1961E+02   -.1264E+01   -.1378E+01   -.1194E+01   -.1317E+01   -.1288E+01   -.1322E+01   -.1323E+01   -.1335E+01   -.1340E+01   -.1346E+01   -.1350E+01
0.1408E+02   -.4000E+02   -.4000E+02   -.4000E+02   -.4001E+02   -.4001E+02   -.4001E+02   -.4001E+02   -.4001E+02   -.4001E+02   -.4001E+02   -.4001E+02   -.4001E+02   -.4001E+02   -.4001E+02   -.4001E+02   -.4002E+02   -.4002E+02   -.4002E+02   -.4002E+02   -.4002E+02   -.4002E+02   -.4002E+02   -.4002E+02   -.4003E+02   -.4003E+02   -.4003E+02   -.4003E+02   -.4003E+02   -.4003E+02   -.4004E+02   -.4004E+02   -.4004E+02   -.4004E+02   -.4004E+02   -.4005E+02   -.4005E+02   -.4005E+02   -.4006E+02   -.4006E+02   -.4006E+02   -.4007E+02   -.4007E+02   -.4007E+02   -.4008E+02   -.4008E+02   -.4009E+02   -.4009E+02   -.4010E+02   -.4010E+02   -.4011E+02   -.4012E+02   -.4012E+02   -.4013E+02   -.4014E+02   -.4014E+02   -.4015E+02   -.4016E+02   -.4017E+02   -.4018E+02   -.4019E+02   -.4021E+02   -.4022E+02   -.4023E+02   -.4025E+02   -.4027E+02   -.4028E+02   -.4031E+02   -.4033E+02   -.4035E+02   -.4038E+02   -.4041E+02   -.4045E+02   -.4050E+02   -.4055E+02   -.4060E+02   -.4067E+02   -.4076E+02   -.4085E+02   -.4094E+02   -.4101E+02   -.4101E+02   -.4082E+02   -.4034E+02   -.4009E+02   -.4327E+02   -.3710E+02   -.3044E+00   -.1951E+01   -.9186E+00   -.1429E+01   -.1230E+01   -.1340E+01   -.1310E+01   -.1337E+01   -.1336E+01   -.1345E+01   -.1348E+01   -.1353E+01
0.1430E+02   -.4000E+02   -.4000E+02   -.4000E+02   -.4001E+02   -.4001E+02   -.4001E+02   -.4001E+02   -.4001E+02   -.4001E+02   -.4001E+02   -.4001E+02   -.4001E+02   -.4001E+02   -.4001E+02   -.4001E+02   -.4002E+02   -.4002E+02   -.4002E+02   -.4002E+02   -.4002E+02   -.4002E+02   -.4002E+02   -.4002E+02   -.4003E+02   -.4003E+02   -.4003E+02   -.4003E+02   -.4003E+02   -.4004E+02   -.4004E+02   -.4004E+02   -.4004E+02   -.4004E+02   -.4005E+02   -.4005E+02   -.4005E+02   -.4006E+02   -.4006E+02   -.4006E+02   -.4006E+02   -.4007E+02   -.4007E+02   -.4008E+02   -.4008E+02   -.4009E+02   -.4009E+02   -.4010E+02   -.4010E+02   -.4011E+02   -.4011E+02   -.4012E+02   -.4013E+02   -.4013E+02   -.4014E+02   -.4015E+02   -.4016E+02   -.4017E+02   -.4018E+02   -.4019E+02   -.4020E+02   -.4021E+02   -.4023E+02   -.4024E+02   -.4026E+02   -.4028E+02   -.4030E+02   -.4032E+02   -.4034E+02   -.4037E+02   -.4040E+02   -.4044E+02   -.4048E+02   -.4053E+02   -.4058E+02   -.4065E+02   -.4073E+02   -.4081E+02   -.4091E+02   -.4099E+02   -.4103E+02   -.4093E+02   -.4058E+02   -.3981E+02   -.4102E+02   -.4875E+02   -.4616E+01   -.2087E+01   -.8858E+00   -.1430E+01   -.1221E+01   -.1337E+01   -.1306E+01   -.1335E+01   -.1334E+01   -.1343E+01   -.1347E+01   -.1351E+01   -.1354E+01
0.1452E+02   -.4000E+02   -.4000E+02   -.4001E+02   -.4001E+02   -.4001E+02   -.4001E+02   -.4001E+02   -.4001E+02   -.4001E+02   -.4001E+02   -.4001E+02   -.4001E+02   -.4001E+02   -.4001E+02   -.4002E+02   -.4002E+02   -.4002E+02   -.4002E+02   -.4002E+02   -.4002E+02   -.4002E+02   -.4002E+02   -.4003E+02   -.4003E+02   -.4003E+02   -.4003E+02   -.4003E+02   -.4003E+02   -.4004E+02   -.4004E+02   -.4004E+02   -.4004E+02   -.4005E+02   -.4005E+02   -.4005E+02   -.4005E+02   -.4006E+02   -.4006E+02   -.4006E+02   -.4007E+02   -.4007E+02   -.4008E+02   -.4008E+02   -.4008E+02   -.4009E+02   -.4009E+02   -.4010E+02   -.4011E+02   -.4011E+02   -.4012E+02   -.4012E+02   -.4013E+02   -.4014E+02   -.4015E+02   -.4016E+02   -.4017E+02   -.4018E+02   -.4019E+02   -.4020E+02   -.4021E+02   -.4022E+02   -.4024E+02   -.4025E+02   -.4027E+02   -.4029E+02   -.4031E+02   -.4034E+02   -.4036E+02   -.4039E+02   -.4043E+02   -.4046E+02   -.4051E+02   -.4056E+02   -.4062E+02   -.4070E+02   -.4078E+02   -.4087E+02   -.4096E+02   -.4102E+02   -.4097E+02   -.4071E+02   -.4009E+02   -.4052E+02   -.4580E+02   -.2211E+02   -.1127E+01   -.1459E+01   -.1155E+01   -.1333E+01   -.1279E+01   -.1324E+01   -.1321E+01   -.1336E+01   -.1339E+01   -.1346E+01   -.1350E+01   -.1353E+01   -.1356E+01
0.1473E+02   -.4000E+02   -.4000E+02   -.4001E+02   -.4001E+02   -.4001E+02   -.4001E+02   -.4001E+02   -.4001E+02   -.4001E+02   -.4001E+02   -.4001E+02   -.4001E+02   -.4001E+02   -.4002E+02   -.4002E+02   -.4002E+02   -.4002E+02   -.4002E+02   -.4002E+02   -.4002E+02   -.4002E+02   -.4003E+02   -.4003E+02   -.4003E+02   -.4003E+02   -.4003E+02   -.4003E+02   -.4004E+02   -.4004E+02   -.4004E+02   -.4004E+02   -.4005E+02   -.4005E+02   -.4005E+02   -.4005E+02   -.4006E+02   -.4006E+02   -.4006E+02   -.4007E+02   -.4007E+02   -.4007E+02   -.4008E+02   -.4008E+02   -.4009E+02   -.4009E+02   -.4010E+02   -.4010E+02   -.4011E+02   -.4012E+02   -.4012E+02   -.4013E+02   -.4014E+02   -.4014E+02   -.4015E+02   -.4016E+02   -.4017E+02   -.4018E+02   -.4019E+02   -.4021E+02   -.4022E+02   -.4023E+02   -.4025E+02   -.4027E+02   -.4028E+02   -.4030E+02   -.4033E+02   -.4035E+02   -.4038E+02   -.4041E+02   -.4045E+02   -.4049E+02   -.4054E+02   -.4060E+02   -.4067E+02   -.4075E+02   -.4084E+02   -.4093E+02   -.4101E+02   -.4101E+02   -.4084E+02   -.4038E+02   -.4002E+02   -.4285E+02   -.3960E+02   -.1673E+00   -.2033E+01   -.8793E+00   -.1445E+01   -.1222E+01   -.1343E+01   -.1308E+01   -.1337E+01   -.1335E+01   -.1345E+01   -.1348E+01   -.1352E+01   -.1355E+01   -.1358E+01
0.1495E+02   -.4000E+02   -.4000E+02   -.4001E+02   -.4001E+02   -.4001E+02   -.4001E+02   -.4001E+02   -.4001E+02   -.4001E+02   -.4001E+02   -.4001E+02   -.4001E+02   -.4001E+02   -.4002E+02   -.4002E+02   -.4002E+02   -.4002E+02   -.4002E+02   -.4002E+02   -.4002E+02   -.4003E+02   -.4003E+02   -.4003E+02   -.4003E+02   -.4003E+02   -.4003E+02   -.4004E+02   -.4004E+02   -.4004E+02   -.4004E+02   -.4004E+02   -.4005E+02   -.4005E+02   -.4005E+02   -.4006E+02   -.4006E+02   -.4006E+02   -.4007E+02   -.4007E+02   -.4007E+02   -.4008E+02   -.4008E+02   -.4009E+02   -.4009E+02   -.4010E+02   -.4010E+02   -.4011E+02   -.4011E+02   -.4012E+02   -.4013E+02   -.4013E+02   -.4014E+02   -.4015E+02   -.4016E+02   -.4017E+02   -.4018E+02   -.4019E+02   -.4020E+02   -.4021E+02   -.4023E+02   -.4024E+02   -.4026E+02   -.4028E+02   -.4030E+02   -.4032E+02   -.4034E+02   -.4037E+02   -.4040E+02   -.4044E+02   -.4048E+02   -.4052E+02   -.4058E+02   -.4065E+02   -.4072E+02   -.4081E+02   -.4090E+02   -.4099E+02   -.4103E+02   -.4094E+02   -.4059E+02   -.3985E+02   -.4095E+02   -.4833E+02   -.7115E+01   -.1950E+01   -.9678E+00   -.1391E+01   -.1237E+01   -.1329E+01   -.1308E+01   -.1333E+01   -.1334E+01   -.1343E+01   -.1347E+01   -.1351E+01   -.1354E+01   -.1357E+01   -.1359E+01
0.1517E+02   -.4000E+02   -.4000E+02   -.4001E+02   -.4001E+02   -.4001E+02   -.4001E+02   -.4001E+02   -.4001E+02   -.4001E+02   -.4001E+02   -.4001E+02   -.4001E+02   -.4002E+02   -.4002E+02   -.4002E+02   -.4002E+02   -.4002E+02   -.4002E+02   -.4002E+02   -.4002E+02   -.4003E+02   -.4003E+02   -.4003E+02   -.4003E+02   -.4003E+02   -.4004E+02   -.4004E+02   -.4004E+02   -.4004E+02   -.4004E+02   -.4005E+02   -.4005E+02   -.4005E+02   -.4005E+02   -.4006E+02   -.4006E+02   -.4006E+02   -.4007E+02   -.4007E+02   -.4008E+02   -.4008E+02   -.4008E+02   -.4009E+02   -.4009E+02   -.4010E+02   -.4011E+02   -.4011E+02   -.4012E+02   -.4012E+02   -.4013E+02   -.4014E+02   -.4015E+02   -.4016E+02   -.4017E+02   -.4018E+02   -.4019E+02   -.4020E+02   -.4021E+02   -.4022E+02   -.4024E+02   -.4025E+02   -.4027E+02   -.4029E+02   -.4031E+02   -.4034E+02   -.4036E+02   -.4039E+02   -.4042E+02   -.4046E+02   -.4051E+02   -.4056E+02   -.4062E+02   -.4069E+02   -.4078E+02   -.4087E+02   -.4096E+02   -.4102E+02   -.4098E+02   -.4073E+02   -.4013E+02   -.4045E+02   -.4538E+02   -.2461E+02   -.9899E+00   -.1541E+01   -.1115E+01   -.1349E+01   -.1271E+01   -.1327E+01   -.1319E+01   -.1336E+01   -.1339E+01   -.1346E+01   -.1349E+01   -.1353E+01   -.1356E+01   -.1359E+01   -.1361E+01
0.1538E+02   -.4000E+02   -.4000E+02   -.4001E+02   -.4001E+02   -.4001E+02   -.4001E+02   -.4001E+02   -.4001E+02   -.4001E+02   -.4001E+02   -.4001E+02   -.4001E+02   -.4002E+02   -.4002E+02   -.4002E+02   -.4002E+02   -.4002E+02   -.4002E+02   -.4002E+02   -.4003E+02   -.4003E+02   -.4003E+02   -.4003E+02   -.4003E+02   -.4003E+02   -.4004E+02   -.4004E+02   -.4004E+02   -.4004E+02   -.4005E+02   -.4005E+02   -.4005E+02   -.4005E+02   -.4006E+02   -.4006E+02   -.4006E+02   -.4007E+02   -.4007E+02   -.4007E+02   -.4008E+02   -.4008E+02   -.4009E+02   -.4009E+02   -.4010E+02   -.4010E+02   -.4011E+02   -.4012E+02   -.4012E+02   -.4013E+02   -.4014E+02   -.4015E+02   -.4015E+02   -.4016E+02   -.4017E+02   -.4018E+02   -.4019E+02   -.4021E+02   -.4022E+02   -.4023E+02   -.4025E+02   -.4027E+02   -.4028E+02   -.4030E+02   -.4033E+02   -.4035E+02   -.4038E+02   -.4041E+02   -.4045E+02   -.4049E+02   -.4054E+02   -.4060E+02   -.4067E+02   -.4075E+02   -.4084E+02   -.4093E+02   -.4101E+02   -.4102E+02   -.4086E+02   -.4042E+02   -.3995E+02   -.4243E+02   -.4210E+02   -.3023E-01   -.2115E+01   -.8400E+00   -.1461E+01   -.1213E+01   -.1346E+01   -.1306E+01   -.1338E+01   -.1335E+01   -.1345E+01   -.1348E+01   -.1352E+01   -.1355E+01   -.1358E+01   -.1360E+01   -.1362E+01
0.1560E+02   -.4000E+02   -.4001E+02   -.4001E+02   -.4001E+02   -.4001E+02   -.4001E+02   -.4001E+02   -.4001E+02   -.4001E+02   -.4001E+02   -.4001E+02   -.4002E+02   -.4002E+02   -.4002E+02   -.4002E+02   -.4002E+02   -.4002E+02   -.4002E+02   -.4003E+02   -.4003E+02   -.4003E+02   -.4003E+02   -.4003E+02   -.4003E+02   -.4004E+02   -.4004E+02   -.4004E+02   -.4004E+02   -.4004E+02   -.4005E+02   -.4005E+02   -.4005E+02   -.4006E+02   -.4006E+02   -.4006E+02   -.4007E+02   -.4007E+02   -.4007E+02   -.4008E+02   -.4008E+02   -.4009E+02   -.4009E+02   -.4010E+02   -.4010E+02   -.4011E+02   -.4011E+02   -.4012E+02   -.4013E+02   -.4013E+02   -.4014E+02   -.4015E+02   -.4016E+02   -.4017E+02   -.4018E+02   -.4019E+02   -.4020E+02   -.4021E+02   -.4023E+02   -.4024E+02   -.4026E+02   -.4028E+02   -.4030E+02   -.4032E+02   -.4034E+02   -.4037E+02   -.4040E+02   -.4044E+02   -.4048E+02   -.4052E+02   -.4058E+02   -.4064E+02   -.4072E+02   -.4080E+02   -.4090E+02   -.4099E+02   -.4103E+02   -.4094E+02   -.4061E+02   -.3989E+02   -.4088E+02   -.4791E+02   -.9613E+01   -.1812E+01   -.1050E+01   -.1351E+01   -.1253E+01   -.1321E+01   -.1311E+01   -.1331E+01   -.1334E+01   -.1342E+01   -.1346E+01   -.1351E+01   -.1354E+01   -.1357E+01   -.1359E+01   -.1361E+01   -.1363E+01
0.1582E+02   -.4000E+02   -.4001E+02   -.4001E+02   -.4001E+02   -.4001E+02   -.4001E+02   -.4001E+02   -.4001E+02   -.4001E+02   -.4001E+02   -.4001E+02   -.4002E+02   -.4002E+02   -.4002E+02   -.4002E+02   -.4002E+02   -.4002E+02   -.4002E+02   -.4003E+02   -.4003E+02   -.4003E+02   -.4003E+02   -.4003E+02   -.4004E+02   -.4004E+02   -.4004E+02   -.4004E+02   -.4004E+02   -.4005E+02   -.4005E+02   -.4005E+02   -.4005E+02   -.4006E+02   -.4006E+02   -.4006E+02   -.4007E+02   -.4007E+02   -.4008E+02   -.4008E+02   -.4008E+02   -.4009E+02   -.4009E+02   -.4010E+02   -.4011E+02   -.4011E+02   -.4012E+02   -.4012E+02   -.4013E+02   -.4014E+02   -.4015E+02   -.4016E+02   -.4017E+02   -.4018E+02   -.4019E+02   -.4020E+02   -.4021E+02   -.4022E+02   -.4024E+02   -.4025E+02   -.4027E+02   -.4029E+02   -.4031E+02   -.4033E+02   -.4036E+02   -.4039E+02   -.4042E+02   -.4046E+02   -.4051E+02   -.4056E+02   -.4062E+02   -.4069E+02   -.4077E+02   -.4087E+02   -.4096E+02   -.4102E+02   -.4098E+02   -.4075E+02   -.4018E+02   -.4038E+02   -.4496E+02   -.2710E+02   -.8528E+00   -.1623E+01   -.1076E+01   -.1365E+01   -.1263E+01   -.1330E+01   -.1317E+01   -.1336E+01   -.1338E+01   -.1346E+01   -.1349E+01   -.1353E+01   -.1356E+01   -.1358E+01   -.1361E+01   -.1362E+01   -.1364E+01
0.1603E+02   -.4000E+02   -.4001E+02   -.4001E+02   -.4001E+02   -.4001E+02   -.4001E+02   -.4001E+02   -.4001E+02   -.4001E+02   -.4001E+02   -.4002E+02   -.4002E+02   -.4002E+02   -.4002E+02   -.4002E+02   -.4002E+02   -.4002E+02   -.4003E+02   -.4003E+02   -.4003E+02   -.4003E+02   -.4003E+02   -.4003E+02   -.4004E+02   -.4004E+02   -.4004E+02   -.4004E+02   -.4005E+02   -.4005E+02   -.4005E+02   -.4005E+02   -.4006E+02   -.4006E+02   -.4006E+02   -.4007E+02   -.4007E+02   -.4007E+02   -.4008E+02   -.4008E+02   -.4009E+02   -.4009E+02   -.4010E+02   -.4010E+02   -.4011E+02   -.4012E+02   -.4012E+02   -.4013E+02   -.4014E+02   -.4015E+02   -.4015E+02   -.4016E+02   -.4017E+02   -.4018E+02   -.4019E+02   -.4021E+02   -.4022E+02   -.4023E+02   -.4025E+02   -.4027E+02   -.4028E+02   -.4030E+02   -.4033E+02   -.4035E+02   -.4038E+02   -.4041E+02   -.4045E+02   -.4049E+02   -.4054E+02   -.4060E+02   -.4066E+02   -.4074E+02   -.4083E+02   -.4093E+02   -.4101E+02   -.4103E+02   -.4088E+02   -.4046E+02   -.3988E+02   -.4200E+02   -.4459E+02   0.1069E+00   -.2197E+01   -.8007E+00   -.1477E+01   -.1205E+01   -.1348E+01   -.1304E+01   -.1338E+01   -.1334E+01   -.1345E+01   -.1347E+01   -.1352E+01   -.1355E+01   -.1358E+01   -.1360E+01   -.1362E+01   -.1363E+01   -.1365E+01
0.1625E+02   -.4000E+02   -.4001E+02   -.4001E+02   -.4001E+02   -.4001E+02   -.4001E+02   -.4001E+02   -.4001E+02   -.4001E+02   -.4001E+02   -.4002E+02   -.4002E+02   -.4002E+02   -.4002E+02   -.4002E+02   -.4002E+02   -.4002E+02   -.4003E+02   -.4003E+02   -.4003E+02   -.4003E+02   -.4003E+02   -.4004E+02   -.4004E+02   -.4004E+02   -.4004E+02   -.4004E+02   -.4005E+02   -.4005E+02   -.4005E+02   -.4006E+02   -.4006E+02   -.4006E+02   -.4007E+02   -.4007E+02   -.4007E+02   -.4008E+02   -.4008E+02   -.4009E+02   -.4009E+02   -.4010E+02   -.4010E+02   -.4011E+02   -.4011E+02   -.4012E+02   -.4013E+02   -.4013E+02   -.4014E+02   -.4015E+02   -.4016E+02   -.4017E+02   -.4018E+02   -.4019E+02   -.4020E+02   -.4021E+02   -.4023E+02   -.4024E+02   -.4026E+02   -.4028E+02   -.4030E+02   -.4032E+02   -.4034E+02   -.4037E+02   -.4040E+02   -.4043E+02   -.4047E+02   -.4052E+02   -.4058E+02   -.4064E+02   -.4071E+02   -.4080E+02   -.4089E+02   -.4098E+02   -.4103E+02   -.4095E+02   -.4063E+02   -.3993E+02   -.4080E+02   -.4748E+02   -.1211E+02   -.1675E+01   -.1132E+01   -.1312E+01   -.1269E+01   -.1313E+01   -.1314E+01   -.1329E+01   -.1334E+01   -.1342E+01   -.1346E+01   -.1351E+01   -.1354E+01   -.1357E+01   -.1359E+01   -.1361E+01   -.1363E+01   -.1364E+01   -.1366E+01
0.1647E+02   -.4000E+02   -.4001E+02   -.4001E+02   -.4001E+02   -.4001E+02   -.4001E+02   -.4001E+02   -.4001E+02   -.4001E+02   -.4002E+02   -.4002E+02   -.4002E+02   -.4002E+02   -.4002E+02   -.4002E+02   -.4002E+02   -.4003E+02   -.4003E+02   -.4003E+02   -.4003E+02   -.4003E+02   -.4004E+02   -.4004E+02   -.4004E+02   -.4004E+02   -.4004E+02   -.4005E+02   -.4005E+02   -.4005E+02   -.4006E+02   -.4006E+02   -.4006E+02   -.4006E+02   -.4007E+02   -.4007E+02   -.4008E+02   -.4008E+02   -.4009E+02   -.4009E+02   -.4009E+02   -.4010E+02   -.4011E+02   -.4011E+02   -.4012E+02   -.4013E+02   -.4013E+02   -.4014E+02   -.4015E+02   -.4016E+02   -.4017E+02   -.4018E+02   -.4019E+02   -.4020E+02   -.4021E+02   -.4022E+02   -.4024E+02   -.4025E+02   -.4027E+02   -.4029E+02   -.4031E+02   -.4033E+02   -.4036E+02   -.4039E+02   -.4042E+02   -.4046E+02   -.4050E+02   -.4056E+02   -.4062E+02   -.4069E+02   -.4077E+02   -.4086E+02   -.4095E+02   -.4102E+02   -.4099E+02   -.4077E+02   -.4022E+02   -.4030E+02   -.4453E+02   -.2960E+02   -.7157E+00   -.1705E+01   -.1037E+01   -.1381E+01   -.1255E+01   -.1332E+01   -.1316E+01   -.1336E+01   -.1338E+01   -.1345E+01   -.1349E+01   -.1353E+01   -.1356E+01   -.1358E+01   -.1360E+01   -.1362E+01   -.1364E+01   -.1365E+01   -.1367E+01
0.1668E+02   -.4000E+02   -.4001E+02   -.4001E+02   -.4001E+02   -.4001E+02   -.4001E+02   -.4001E+02   -.4001E+02   -.4001E+02   -.4002E+02   -.4002E+02   -.4002E+02   -.4002E+02   -.4002E+02   -.4002E+02   -.4002E+02   -.4003E+02   -.4003E+02   -.4003E+02   -.4003E+02   -.4003E+02   -.4004E+02   -.4004E+02   -.4004E+02   -.4004E+02   -.4005E+02   -.4005E+02   -.4005E+02   -.4005E+02   -.4006E+02   -.4006E+02   -.4006E+02   -.4007E+02   -.4007E+02   -.4008E+02   -.4008E+02   -.4008E+02   -.4009E+02   -.4009E+02   -.4010E+02   -.4010E+02   -.4011E+02   -.4012E+02   -.4012E+02   -.4013E+02   -.4014E+02   -.4015E+02   -.4015E+02   -.4016E+02   -.4017E+02   -.4018E+02   -.4019E+02   -.4021E+02   -.4022E+02   -.4023E+02   -.4025E+02   -.4026E+02   -.4028E+02   -.4030E+02   -.4033E+02   -.4035E+02   -.4038E+02   -.4041E+02   -.4045E+02   -.4049E+02   -.4054E+02   -.4059E+02   -.4066E+02   -.4074E+02   -.4083E+02   -.4092E+02   -.4100E+02   -.4103E+02   -.4090E+02   -.4050E+02   -.3980E+02   -.4158E+02   -.4709E+02   0.2439E+00   -.2279E+01   -.7613E+00   -.1493E+01   -.1197E+01   -.1351E+01   -.1302E+01   -.1338E+01   -.1334E+01   -.1345E+01   -.1347E+01   -.1352E+01   -.1355E+01   -.1358E+01   -.1360E+01   -.1362E+01   -.1363E+01   -.1365E+01   -.1366E+01   -.1367E+01
0.1690E+02   -.4000E+02   -.4001E+02   -.4001E+02   -.4001E+02   -.4001E+02   -.4001E+02   -.4001E+02   -.4001E+02   -.4002E+02   -.4002E+02   -.4002E+02   -.4002E+02   -.4002E+02   -.4002E+02   -.4002E+02   -.4003E+02   -.4003E+02   -.4003E+02   -.4003E+02   -.4003E+02   -.4004E+02   -.4004E+02   -.4004E+02   -.4004E+02   -.4004E+02   -.4005E+02   -.4005E+02   -.4005E+02   -.4006E+02   -.4006E+02   -.4006E+02   -.4007E+02   -.4007E+02   -.4007E+02   -.4008E+02   -.4008E+02   -.4009E+02   -.4009E+02   -.4010E+02   -.4010E+02   -.4011E+02   -.4011E+02   -.4012E+02   -.4013E+02   -.4013E+02   -.4014E+02   -.4015E+02   -.4016E+02   -.4017E+02   -.4018E+02   -.4019E+02   -.4020E+02   -.4021E+02   -.4023E+02   -.4024E+02   -.4026E+02   -.4028E+02   -.4030E+02   -.4032E+02   -.4034E+02   -.4037E+02   -.4040E+02   -.4043E+02   -.4047E+02   -.4052E+02   -.4057E+02   -.4064E+02   -.4071E+02   -.4080E+02   -.4089E+02   -.4098E+02   -.4103E+02   -.4095E+02   -.4065E+02   -.3997E+02   -.4073E+02   -.4706E+02   -.1461E+02   -.1538E+01   -.1214E+01   -.1273E+01   -.1285E+01   -.1304E+01   -.1316E+01   -.1327E+01   -.1335E+01   -.1341E+01   -.1346E+01   -.1350E+01   -.1354E+01   -.1357E+01   -.1359E+01   -.1361E+01   -.1363E+01   -.1364E+01   -.1366E+01   -.1367E+01   -.1368E+01
0.1712E+02   -.4001E+02   -.4001E+02   -.4001E+02   -.4001E+02   -.4001E+02   -.4001E+02   -.4001E+02   -.4001E+02   -.4002E+02   -.4002E+02   -.4002E+02   -.4002E+02   -.4002E+02   -.4002E+02   -.4003E+02   -.4003E+02   -.4003E+02   -.4003E+02   -.4003E+02   -.4003E+02   -.4004E+02   -.4004E+02   -.4004E+02   -.4004E+02   -.4005E+02   -.4005E+02   -.4005E+02   -.4006E+02   -.4006E+02   -.4006E+02   -.4006E+02   -.4007E+02   -.4007E+02   -.4008E+02   -.4008E+02   -.4009E+02   -.4009E+02   -.4009E+02   -.4010E+02   -.4011E+02   -.4011E+02   -.4012E+02   -.4012E+02   -.4013E+02   -.4014E+02   -.4015E+02   -.4016E+02   -.4017E+02   -.4018E+02   -.4019E+02   -.4020E+02   -.4021E+02   -.4022E+02   -.4024E+02   -.4025E+02   -.4027E+02   -.4029E+02   -.4031E+02   -.4033E+02   -.4036E+02   -.4039E+02   -.4042E+02   -.4046E+02   -.4050E+02   -.4055E+02   -.4061E+02   -.4068E+02   -.4077E+02   -.4086E+02   -.4095E+02   -.4102E+02   -.4100E+02   -.4079E+02   -.4026E+02   -.4023E+02   -.4411E+02   -.3210E+02   -.5786E+00   -.1787E+01   -.9974E+00   -.1397E+01   -.1246E+01   -.1335E+01   -.1314E+01   -.1337E+01   -.1337E+01   -.1345E+01   -.1349E+01   -.1353E+01   -.1356E+01   -.1358E+01   -.1360E+01   -.1362E+01   -.1364E+01   -.1365E+01   -.1366E+01   -.1368E+01   -.1368E+01
0.1733E+02   -.4001E+02   -.4001E+02   -.4001E+02   -.4001E+02   -.4001E+02   -.4001E+02   -.4001E+02   -.4001E+02   -.4002E+02   -.4002E+02   -.4002E+02   -.4002E+02   -.4002E+02   -.4002E+02   -.4003E+02   -.4003E+02   -.4003E+02   -.4003E+02   -.4003E+02   -.4004E+02   -.4004E+02   -.4004E+02   -.4004E+02   -.4005E+02   -.4005E+02   -.4005E+02   -.4005E+02   -.4006E+02   -.4006E+02   -.4006E+02   -.4007E+02   -.4007E+02   -.4008E+02   -.4008E+02   -.4008E+02   -.4009E+02   -.4009E+02   -.4010E+02   -.4010E+02   -.4011E+02   -.4012E+02   -.4012E+02   -.4013E+02   -.4014E+02   -.4015E+02   -.4015E+02   -.4016E+02   -.4017E+02   -.4018E+02   -.4019E+02   -.4021E+02   -.4022E+02   -.4023E+02   -.4025E+02   -.4026E+02   -.4028E+02   -.4030E+02   -.4032E+02   -.4035E+02   -.4038E+02   -.4041E+02   -.4044E+02   -.4049E+02   -.4053E+02   -.4059E+02   -.4066E+02   -.4073E+02   -.4082E+02   -.4092E+02   -.4100E+02   -.4104E+02   -.4092E+02   -.4054E+02   -.3973E+02   -.4116E+02   -.4959E+02   0.3810E+00   -.2361E+01   -.7220E+00   -.1509E+01   -.1189E+01   -.1354E+01   -.1300E+01   -.1338E+01   -.1333E+01   -.1345E+01   -.1347E+01   -.1352E+01   -.1355E+01   -.1357E+01   -.1360E+01   -.1362E+01   -.1363E+01   -.1365E+01   -.1366E+01   -.1367E+01   -.1368E+01   -.1369E+01
0.1755E+02   -.4001E+02   -.4001E+02   -.4001E+02   -.4001E+02   -.4001E+02   -.4001E+02   -.4001E+02   -.4002E+02   -.4002E+02   -.4002E+02   -.4002E+02   -.4002E+02   -.4002E+02   -.4003E+02   -.4003E+02   -.4003E+02   -.4003E+02   -.4003E+02   -.4004E+02   -.4004E+02   -.4004E+02   -.4004E+02   -.4004E+02   -.4005E+02   -.4005E+02   -.4005E+02   -.4006E+02   -.4006E+02   -.4006E+02   -.4007E+02   -.4007E+02   -.4007E+02   -.4008E+02   -.4008E+02   -.4009E+02   -.4009E+02   -.4010E+02   -.4010E+02   -.4011E+02   -.4011E+02   -.4012E+02   -.4013E+02   -.4013E+02   -.4014E+02   -.4015E+02   -.4016E+02   -.4017E+02   -.4018E+02   -.4019E+02   -.4020E+02   -.4021E+02   -.4023E+02   -.4024E+02   -.4026E+02   -.4028E+02   -.4030E+02   -.4032E+02   -.4034E+02   -.4037E+02   -.4040E+02   -.4043E+02   -.4047E+02   -.4052E+02   -.4057E+02   -.4063E+02   -.4071E+02   -.4079E+02   -.4089E+02   -.4097E+02   -.4103E+02   -.4096E+02   -.4067E+02   -.4001E+02   -.4066E+02   -.4664E+02   -.1711E+02   -.1401E+01   -.1296E+01   -.1233E+01   -.1301E+01   -.1296E+01   -.1319E+01   -.1325E+01   -.1335E+01   -.1341E+01   -.1346E+01   -.1350E+01   -.1354E+01   -.1356E+01   -.1359E+01   -.1361E+01   -.1363E+01   -.1364E+01   -.1366E+01   -.1367E+01   -.1368E+01   -.1369E+01   -.1370E+01
0.1777E+02   -.4001E+02   -.4001E+02   -.4001E+02   -.4001E+02   -.4001E+02   -.4001E+02   -.4001E+02   -.4002E+02   -.4002E+02   -.4002E+02   -.4002E+02   -.4002E+02   -.4002E+02   -.4003E+02   -.4003E+02   -.4003E+02   -.4003E+02   -.4003E+02   -.4004E+02   -.4004E+02   -.4004E+02   -.4004E+02   -.4005E+02   -.4005E+02   -.4005E+02   -.4005E+02   -.4006E+02   -.4006E+02   -.4006E+02   -.4007E+02   -.4007E+02   -.4008E+02   -.4008E+02   -.4009E+02   -.4009E+02   -.4009E+02   -.4010E+02   -.4011E+02   -.4011E+02   -.4012E+02   -.4012E+02   -.4013E+02   -.4014E+02   -.4015E+02   -.4016E+02   -.4017E+02   -.4018E+02   -.4019E+02   -.4020E+02   -.4021E+02   -.4022E+02   -.4024E+02   -.4025E+02   -.4027E+02   -.4029E+02   -.4031E+02   -.4033E+02   -.4036E+02   -.4039E+02   -.4042E+02   -.4046E+02   -.4050E+02   -.4055E+02   -.4061E+02   -.4068E+02   -.4076E+02   -.4085E+02   -.4094E+02   -.4101E+02   -.4100E+02   -.4081E+02   -.4030E+02   -.4016E+02   -.4369E+02   -.3460E+02   -.4415E+00   -.1869E+01   -.9580E+00   -.1413E+01   -.1238E+01   -.1338E+01   -.1312E+01   -.1337E+01   -.1337E+01   -.1345E+01   -.1348E+01   -.1353E+01   -.1355E+01   -.1358E+01   -.1360E+01   -.1362E+01   -.1364E+01   -.1365E+01   -.1366E+01   -.1367E+01   -.1368E+01   -.1369E+01   -.1370E+01
0.1798E+02   -.4001E+02   -.4001E+02   -.4001E+02   -.4001E+02   -.4001E+02   -.4001E+02   -.4001E+02   -.4002E+02   -.4002E+02   -.4002E+02   -.4002E+02   -.4002E+02   -.4003E+02   -.4003E+02   -.4003E+02   -.4003E+02   -.4003E+02   -.4004E+02   -.4004E+02   -.4004E+02   -.4004E+02   -.4005E+02   -.4005E+02   -.4005E+02   -.4005E+02   -.4006E+02   -.4006E+02   -.4006E+02   -.4007E+02   -.4007E+02   -.4007E+02   -.4008E+02   -.4008E+02   -.4009E+02   -.4009E+02   -.4010E+02   -.4010E+02   -.4011E+02   -.4012E+02   -.4012E+02   -.4013E+02   -.4014E+02   -.4014E+02   -.4015E+02   -.4016E+02   -.4017E+02   -.4018E+02   -.4019E+02   -.4021E+02   -.4022E+02   -.4023E+02   -.4025E+02   -.4026E+02   -.4028E+02   -.4030E+02   -.4032E+02   -.4035E+02   -.4038E+02   -.4041E+02   -.4044E+02   -.4048E+02   -.4053E+02   -.4059E+02   -.4065E+02   -.4073E+02   -.4082E+02   -.4092E+02   -.4100E+02   -.4104E+02   -.4093E+02   -.4056E+02   -.3977E+02   -.4109E+02   -.4917E+02   -.2118E+01   -.2224E+01   -.8040E+00   -.1469E+01   -.1205E+01   -.1346E+01   -.1303E+01   -.1337E+01   -.1333E+01   -.1344E+01   -.1347E+01   -.1352E+01   -.1354E+01   -.1357E+01   -.1360E+01   -.1362E+01   -.1363E+01   -.1365E+01   -.1366E+01   -.1367E+01   -.1368E+01   -.1369E+01   -.1370E+01   -.1371E+01
0.1820E+02   -.4001E+02   -.4001E+02   -.4001E+02   -.4001E+02   -.4001E+02   -.4001E+02   -.4002E+02   -.4002E+02   -.4002E+02   -.4002E+02   -.4002E+02   -.4002E+02   -.4003E+02   -.4003E+02   -.4003E+02   -.4003E+02   -.4003E+02   -.4004E+02   -.4004E+02   -.4004E+02   -.4004E+02   -.4005E+02   -.4005E+02   -.4005E+02   -.4006E+02   -.4006E+02   -.4006E+02   -.4007E+02   -.4007E+02   -.4007E+02   -.4008E+02   -.4008E+02   -.4009E+02   -.4009E+02   -.4010E+02   -.4010E+02   -.4011E+02   -.4011E+02   -.4012E+02   -.4013E+02   -.4013E+02   -.4014E+02   -.4015E+02   -.4016E+02   -.4017E+02   -.4018E+02   -.4019E+02   -.4020E+02   -.4021E+02   -.4023E+02   -.4024E+02   -.4026E+02   -.4028E+02   -.4030E+02   -.4032E+02   -.4034E+02   -.4037E+02   -.4040E+02   -.4043E+02   -.4047E+02   -.4051E+02   -.4057E+02   -.4063E+02   -.4070E+02   -.4079E+02   -.4088E+02   -.4097E+02   -.4102E+02   -.4097E+02   -.4069E+02   -.4006E+02   -.4059E+02   -.4622E+02   -.1961E+02   -.1264E+01   -.1378E+01   -.1194E+01   -.1317E+01   -.1288E+01   -.1322E+01   -.1323E+01   -.1335E+01   -.1340E+01   -.1346E+01   -.1350E+01   -.1354E+01   -.1356E+01   -.1359E+01   -.1361E+01   -.1363E+01   -.1364E+01   -.1366E+01   -.1367E+01   -.1368E+01   -.1369E+01   -.1370E+01   -.1370E+01   -.1371E+01
0.1842E+02   -.4001E+02   -.4001E+02   -.4001E+02   -.4001E+02   -.4001E+02   -.4001E+02   -.4002E+02   -.4002E+02   -.4002E+02   -.4002E+02   -.4002E+02   -.4002E+02   -.4003E+02   -.4003E+02   -.4003E+02   -.4003E+02   -.4004E+02   -.4004E+02   -.4004E+02   -.4004E+02   -.4005E+02   -.4005E+02   -.4005E+02   -.4005E+02   -.4006E+02   -.4006E+02   -.4006E+02   -.4007E+02   -.4007E+02   -.4008E+02   -.4008E+02   -.4009E+02   -.4009E+02   -.4009E+02   -.4010E+02   -.4011E+02   -.4011E+02   -.4012E+02   -.4012E+02   -.4013E+02   -.4014E+02   -.4015E+02   -.4016E+02   -.4017E+02   -.4018E+02   -.4019E+02   -.4020E+02   -.4021E+02   -.4022E+02   -.4024E+02   -.4025E+02   -.4027E+02   -.4029E+02   -.4031E+02   -.4033E+02   -.4036E+02   -.4039E+02   -.4042E+02   -.4046E+02   -.4050E+02   -.4055E+02   -.4061E+02   -.4068E+02   -.4076E+02   -.4085E+02   -.4094E+02   -.4101E+02   -.4101E+02   -.4082E+02   -.4034E+02   -.4009E+02   -.4327E+02   -.3710E+02   -.3044E+00   -.1951E+01   -.9187E+00   -.1429E+01   -.1230E+01   -.1340E+01   -.1310E+01   -.1337E+01   -.1336E+01   -.1345E+01   -.1348E+01   -.1353E+01   -.1355E+01   -.1358E+01   -.1360E+01   -.1362E+01   -.1364E+01   -.1365E+01   -.1366E+01   -.1367E+01   -.1368E+01   -.1369E+01   -.1370E+01   -.1371E+01   -.1371E+01
0.1863E+02   -.4001E+02   -.4001E+02   -.4001E+02   -.4001E+02   -.4001E+02   -.4001E+02   -.4002E+02   -.4002E+02   -.4002E+02   -.4002E+02   -.4002E+02   -.4003E+02   -.4003E+02   -.4003E+02   -.4003E+02   -.4003E+02   -.4004E+02   -.4004E+02   -.4004E+02   -.4004E+02   -.4005E+02   -.4005E+02   -.4005E+02   -.4006E+02   -.4006E+02   -.4006E+02   -.4007E+02   -.4007E+02   -.4007E+02   -.4008E+02   -.4008E+02   -.4009E+02   -.4009E+02   -.4010E+02   -.4010E+02   -.4011E+02   -.4012E+02   -.4012E+02   -.4013E+02   -.4014E+02   -.4014E+02   -.4015E+02   -.4016E+02   -.4017E+02   -.4018E+02   -.4019E+02   -.4021E+02   -.4022E+02   -.4023E+02   -.4025E+02   -.4026E+02   -.4028E+02   -.4030E+02   -.4032E+02   -.4035E+02   -.4038E+02   -.4041E+02   -.4044E+02   -.4048E+02   -.4053E+02   -.4059E+02   -.4065E+02   -.4073E+02   -.4082E+02   -.4091E+02   -.4100E+02   -.4104E+02   -.4093E+02   -.4058E+02   -.3981E+02   -.4102E+02   -.4875E+02   -.4616E+01   -.2087E+01   -.8859E+00   -.1430E+01   -.1221E+01   -.1337E+01   -.1306E+01   -.1335E+01   -.1334E+01   -.1343E+01   -.1347E+01   -.1351E+01   -.1354E+01   -.1357E+01   -.1359E+01   -.1362E+01   -.1363E+01   -.1365E+01   -.1366E+01   -.1367E+01   -.1368E+01   -.1369E+01   -.1370E+01   -.1370E+01   -.1371E+01   -.1372E+01
0.1885E+02   -.4001E+02   -.4001E+02   -.4001E+02   -.4001E+02   -.4001E+02   -.4001E+02   -.4002E+02   -.4002E+02   -.4002E+02   -.4002E+02   -.4002E+02   -.4003E+02   -.4003E+02   -.4003E+02   -.4003E+02   -.4004E+02   -.4004E+02   -.4004E+02   -.4004E+02   -.4005E+02   -.4005E+02   -.4005E+02   -.4006E+02   -.4006E+02   -.4006E+02   -.4007E+02   -.4007E+02   -.4007E+02   -.4008E+02   -.4008E+02   -.4009E+02   -.4009E+02   -.4010E+02   -.4010E+02   -.4011E+02   -.4011E+02   -.4012E+02   -.4013E+02   -.4013E+02   -.4014E+02   -.4015E+02   -.4016E+02   -.4017E+02   -.4018E+02   -.4019E+02   -.4020E+02   -.4021E+02   -.4023E+02   -.4024E+02   -.4026E+02   -.4028E+02   -.4030E+02   -.4032E+02   -.4034E+02   -.4037E+02   -.4040E+02   -.4043E+02   -.4047E+02   -.4051E+02   -.4057E+02   -.4063E+02   -.4070E+02   -.4078E+02   -.4088E+02   -.4097E+02   -.4102E+02   -.4097E+02   -.4071E+02   -.4010E+02   -.4052E+02   -.4580E+02   -.2211E+02   -.1127E+01   -.1460E+01   -.1155E+01   -.1333E+01   -.1280E+01   -.1324E+01   -.1321E+01   -.1336E+01   -.1339E+01   -.1346E+01   -.1350E+01   -.1353E+01   -.1356E+01   -.1359E+01   -.1361E+01   -.1363E+01   -.1364E+01   -.1366E+01   -.1367E+01   -.1368E+01   -.1369E+01   -.1370E+01   -.1370E+01   -.1371E+01   -.1372E+01   -.1372E+01
0.1907E+02   -.4001E+02   -.4001E+02   -.4001E+02   -.4001E+02   -.4001E+02   -.4002E+02   -.4002E+02   -.4002E+02   -.4002E+02   -.4002E+02   -.4003E+02   -.4003E+02   -.4003E+02   -.4003E+02   -.4003E+02   -.4004E+02   -.4004E+02   -.4004E+02   -.4004E+02   -.4005E+02   -.4005E+02   -.4005E+02   -.4006E+02   -.4006E+02   -.4006E+02   -.4007E+02   -.4007E+02   -.4008E+02   -.4008E+02   -.4008E+02   -.4009E+02   -.4009E+02   -.4010E+02   -.4011E+02   -.4011E+02   -.4012E+02   -.4012E+02   -.4013E+02   -.4014E+02   -.4015E+02   -.4016E+02   -.4017E+02   -.4017E+02   -.4019E+02   -.4020E+02   -.4021E+02   -.4022E+02   -.4024E+02   -.4025E+02   -.4027E+02   -.4029E+02   -.4031E+02   -.4033E+02   -.4036E+02   -.4038E+02   -.4042E+02   -.4045E+02   -.4050E+02   -.4055E+02   -.4060E+02   -.4067E+02   -.4075E+02   -.4084E+02   -.4094E+02   -.4101E+02   -.4102E+02   -.4084E+02   -.4038E+02   -.4002E+02   -.4285E+02   -.3960E+02   -.1673E+00   -.2033E+01   -.8794E+00   -.1445E+01   -.1222E+01   -.1343E+01   -.1308E+01   -.1337E+01   -.1335E+01   -.1345E+01   -.1348E+01   -.1352E+01   -.1355E+01   -.1358E+01   -.1360E+01   -.1362E+01   -.1364E+01   -.1365E+01   -.1366E+01   -.1367E+01   -.1368E+01   -.1369E+01   -.1370E+01   -.1371E+01   -.1371E+01   -.1372E+01   -.1372E+01
0.1928E+02   -.4001E+02   -.4001E+02   -.4001E+02   -.4001E+02   -.4001E+02   -.4002E+02   -.4002E+02   -.4002E+02   -.4002E+02   -.4002E+02   -.4003E+02   -.4003E+02   -.4003E+02   -.4003E+02   -.4004E+02   -.4004E+02   -.4004E+02   -.4004E+02   -.4005E+02   -.4005E+02   -.4005E+02   -.4006E+02   -.4006E+02   -.4006E+02   -.4007E+02   -.4007E+02   -.4007E+02   -.4008E+02   -.4008E+02   -.4009E+02   -.4009E+02   -.4010E+02   -.4010E+02   -.4011E+02   -.4012E+02   -.4012E+02   -.4013E+02   -.4014E+02   -.4014E+02   -.4015E+02   -.4016E+02   -.4017E+02   -.4018E+02   -.4019E+02   -.4021E+02   -.4022E+02   -.4023E+02   -.4025E+02   -.4026E+02   -.4028E+02   -.4030E+02   -.4032E+02   -.4035E+02   -.4037E+02   -.4040E+02   -.4044E+02   -.4048E+02   -.4053E+02   -.4058E+02   -.4065E+02   -.4072E+02   -.4081E+02   -.4091E+02   -.4099E+02   -.4103E+02   -.4094E+02   -.4060E+02   -.3986E+02   -.4095E+02   -.4833E+02   -.7115E+01   -.1950E+01   -.9679E+00   -.1391E+01   -.1237E+01   -.1329E+01   -.1308E+01   -.1333E+01   -.1334E+01   -.1343E+01   -.1347E+01   -.1351E+01   -.1354E+01   -.1357E+01   -.1359E+01   -.1361E+01   -.1363E+01   -.1365E+01   -.1366E+01   -.1367E+01   -.1368E+01   -.1369E+01   -.1370E+01   -.1370E+01   -.1371E+01   -.1372E+01   -.1372E+01   -.1373E+01
0.1950E+02   -.4001E+02   -.4001E+02   -.4001E+02   -.4001E+02   -.4001E+02   -.4002E+02   -.4002E+02   -.4002E+02   -.4002E+02   -.4002E+02   -.4003E+02   -.4003E+02   -.4003E+02   -.4003E+02   -.4004E+02   -.4004E+02   -.4004E+02   -.4005E+02   -.4005E+02   -.4005E+02   -.4005E+02   -.4006E+02   -.4006E+02   -.4006E+02   -.4007E+02   -.4007E+02   -.4008E+02   -.4008E+02   -.4009E+02   -.4009E+02   -.4010E+02   -.4010E+02   -.4011E+02   -.4011E+02   -.4012E+02   -.4013E+02   -.4013E+02   -.4014E+02   -.4015E+02   -.4016E+02   -.4017E+02   -.4018E+02   -.4019E+02   -.4020E+02   -.4021E+02   -.4023E+02   -.4024E+02   -.4026E+02   -.4028E+02   -.4029E+02   -.4032E+02   -.4034E+02   -.4036E+02   -.4039E+02   -.4043E+02   -.4047E+02   -.4051E+02   -.4056E+02   -.4062E+02   -.4070E+02   -.4078E+02   -.4087E+02   -.4096E+02   -.4102E+02   -.4098E+02   -.4073E+02   -.4014E+02   -.4045E+02   -.4538E+02   -.2461E+02   -.9899E+00   -.1541E+01   -.1115E+01   -.1349E+01   -.1271E+01   -.1327E+01   -.1319E+01   -.1336E+01   -.1339E+01   -.1346E+01   -.1349E+01   -.1353E+01   -.1356E+01   -.1359E+01   -.1361E+01   -.1363E+01   -.1364E+01   -.1365E+01   -.1367E+01   -.1368E+01   -.1369E+01   -.1369E+01   -.1370E+01   -.1371E+01   -.1371E+01   -.1372E+01   -.1373E+01   -.1373E+01
0.1972E+02   -.4001E+02   -.4001E+02   -.4001E+02   -.4001E+02   -.4001E+02   -.4002E+02   -.4002E+02   -.4002E+02   -.4002E+02   -.4003E+02   -.4003E+02   -.4003E+02   -.4003E+02   -.4004E+02   -.4004E+02   -.4004E+02   -.4004E+02   -.4005E+02   -.4005E+02   -.4005E+02   -.4006E+02   -.4006E+02   -.4006E+02   -.4007E+02   -.4007E+02   -.4008E+02   -.4008E+02   -.4008E+02   -.4009E+02   -.4009E+02   -.4010E+02   -.4011E+02   -.4011E+02   -.4012E+02   -.4012E+02   -.4013E+02   -.4014E+02   -.4015E+02   -.4016E+02   -.4016E+02   -.4017E+02   -.4019E+02   -.4020E+02   -.4021E+02   -.4022E+02   -.4024E+02   -.4025E+02   -.4027E+02   -.4029E+02   -.4031E+02   -.4033E+02   -.4036E+02   -.4038E+02   -.4042E+02   -.4045E+02   -.4049E+02   -.4054E+02   -.4060E+02   -.4067E+02   -.4075E+02   -.4084E+02   -.4093E+02   -.4101E+02   -.4102E+02   -.4086E+02   -.4042E+02   -.3995E+02   -.4243E+02   -.4210E+02   -.3024E-01   -.2115E+01   -.8401E+00   -.1461E+01   -.1213E+01   -.1346E+01   -.1306E+01   -.1338E+01   -.1335E+01   -.1345E+01   -.1348E+01   -.1352E+01   -.1355E+01   -.1358E+01   -.1360E+01   -.1362E+01   -.1364E+01   -.1365E+01   -.1366E+01   -.1367E+01   -.1368E+01   -.1369E+01   -.1370E+01   -.1371E+01   -.1371E+01   -.1372E+01   -.1372E+01   -.1373E+01   -.1373E+01
0.1993E+02   -.4001E+02   -.4001E+02   -.4001E+02   -.4001E+02   -.4002E+02   -.4002E+02   -.4002E+02   -.4002E+02   -.4002E+02   -.4003E+02   -.4003E+02   -.4003E+02   -.4003E+02   -.4004E+02   -.4004E+02   -.4004E+02   -.4005E+02   -.4005E+02   -.4005E+02   -.4005E+02   -.4006E+02   -.4006E+02   -.4007E+02   -.4007E+02   -.4007E+02   -.4008E+02   -.4008E+02   -.4009E+02   -.4009E+02   -.4010E+02   -.4010E+02   -.4011E+02   -.4012E+02   -.4012E+02   -.4013E+02   -.4014E+02   -.4014E+02   -.4015E+02   -.4016E+02   -.4017E+02   -.4018E+02   -.4019E+02   -.4020E+02   -.4022E+02   -.4023E+02   -.4025E+02   -.4026E+02   -.4028E+02   -.4030E+02   -.4032E+02   -.4035E+02   -.4037E+02   -.4040E+02   -.4044E+02   -.4048E+02   -.4053E+02   -.4058E+02   -.4064E+02   -.4072E+02   -.4081E+02   -.4090E+02   -.4099E+02   -.4103E+02   -.4094E+02   -.4062E+02   -.3990E+02   -.4088E+02   -.4791E+02   -.9614E+01   -.1813E+01   -.1050E+01   -.1351E+01   -.1253E+01   -.1321E+01   -.1311E+01   -.1331E+01   -.1334E+01   -.1342E+01   -.1346E+01   -.1351E+01   -.1354E+01   -.1357E+01   -.1359E+01   -.1361E+01   -.1363E+01   -.1365E+01   -.1366E+01   -.1367E+01   -.1368E+01   -.1369E+01   -.1370E+01   -.1370E+01   -.1371E+01   -.1372E+01   -.1372E+01   -.1373E+01   -.1373E+01   -.1374E+01
0.2015E+02   -.4001E+02   -.4001E+02   -.4001E+02   -.4001E+02   -.4002E+02   -.4002E+02   -.4002E+02   -.4002E+02   -.4003E+02   -.4003E+02   -.4003E+02   -.4003E+02   -.4004E+02   -.4004E+02   -.4004E+02   -.4004E+02   -.4005E+02   -.4005E+02   -.4005E+02   -.4006E+02   -.4006E+02   -.4006E+02   -.4007E+02   -.4007E+02   -.4008E+02   -.4008E+02   -.4009E+02   -.4009E+02   -.4010E+02   -.4010E+02   -.4011E+02   -.4011E+02   -.4012E+02   -.4013E+02   -.4013E+02   -.4014E+02   -.4015E+02   -.4016E+02   -.4017E+02   -.4018E+02   -.4019E+02   -.4020E+02   -.4021E+02   -.4023E+02   -.4024E+02   -.4026E+02   -.4027E+02   -.4029E+02   -.4031E+02   -.4034E+02   -.4036E+02   -.4039E+02   -.4043E+02   -.4046E+02   -.4051E+02   -.4056E+02   -.4062E+02   -.4069E+02   -.4078E+02   -.4087E+02   -.4096E+02   -.4102E+02   -.4099E+02   -.4075E+02   -.4018E+02   -.4038E+02   -.4496E+02   -.2711E+02   -.8529E+00   -.1623E+01   -.1076E+01   -.1365E+01   -.1263E+01   -.1330E+01   -.1318E+01   -.1336E+01   -.1338E+01   -.1346E+01   -.1349E+01   -.1353E+01   -.1356E+01   -.1359E+01   -.1361E+01   -.1362E+01   -.1364E+01   -.1365E+01   -.1367E+01   -.1368E+01   -.1369E+01   -.1369E+01   -.1370E+01   -.1371E+01   -.1371E+01   -.1372E+01   -.1373E+01   -.1373E+01   -.1373E+01   -.1374E+01
0.2037E+02   -.4001E+02   -.4001E+02   -.4001E+02   -.4001E+02   -.4002E+02   -.4002E+02   -.4002E+02   -.4002E+02   -.4003E+02   -.4003E+02   -.4003E+02   -.4003E+02   -.4004E+02   -.4004E+02   -.4004E+02   -.4005E+02   -.4005E+02   -.4005E+02   -.4005E+02   -.4006E+02   -.4006E+02   -.4007E+02   -.4007E+02   -.4007E+02   -.4008E+02   -.4008E+02   -.4009E+02   -.4009E+02   -.4010E+02   -.4010E+02   -.4011E+02   -.4012E+02   -.4012E+02   -.4013E+02   -.4014E+02   -.4015E+02   -.4016E+02   -.4016E+02   -.4017E+02   -.4018E+02   -.4020E+02   -.4021E+02   -.4022E+02   -.4024E+02   -.4025E+02   -.4027E+02   -.4029E+02   -.4031E+02   -.4033E+02   -.4035E+02   -.4038E+02   -.4041E+02   -.4045E+02   -.4049E+02   -.4054E+02   -.4060E+02   -.4067E+02   -.4075E+02   -.4083E+02   -.4093E+02   -.4101E+02   -.4103E+02   -.4088E+02   -.4046E+02   -.3988E+02   -.4201E+02   -.4460E+02   0.1069E+00   -.2197E+01   -.8007E+00   -.1477E+01   -.1205E+01   -.1349E+01   -.1304E+01   -.1338E+01   -.1334E+01   -.1345E+01   -.1347E+01   -.1352E+01   -.1355E+01   -.1358E+01   -.1360E+01   -.1362E+01   -.1364E+01   -.1365E+01   -.1366E+01   -.1367E+01   -.1368E+01   -.1369E+01   -.1370E+01   -.1371E+01   -.1371E+01   -.1372E+01   -.1372E+01   -.1373E+01   -.1373E+01   -.1374E+01   -.1374E+01
0.2058E+02   -.4001E+02   -.4001E+02   -.4001E+02   -.4001E+02   -.4002E+02   -.4002E+02   -.4002E+02   -.4002E+02   -.4003E+02   -.4003E+02   -.4003E+02   -.4003E+02   -.4004E+02   -.4004E+02   -.4004E+02   -.4005E+02   -.4005E+02   -.4005E+02   -.4006E+02   -.4006E+02   -.4006E+02   -.4007E+02   -.4007E+02   -.4008E+02   -.4008E+02   -.4009E+02   -.4009E+02   -.4010E+02   -.4010E+02   -.4011E+02   -.4011E+02   -.4012E+02   -.4013E+02   -.4014E+02   -.4014E+02   -.4015E+02   -.4016E+02   -.4017E+02   -.4018E+02   -.4019E+02   -.4020E+02   -.4022E+02   -.4023E+02   -.4025E+02   -.4026E+02   -.4028E+02   -.4030E+02   -.4032E+02   -.4035E+02   -.4037E+02   -.4040E+02   -.4044E+02   -.4048E+02   -.4052E+02   -.4058E+02   -.4064E+02   -.4072E+02   -.4080E+02   -.4090E+02   -.4098E+02   -.4103E+02   -.4095E+02   -.4064E+02   -.3994E+02   -.4081E+02   -.4749E+02   -.1211E+02   -.1675E+01   -.1132E+01   -.1312E+01   -.1269E+01   -.1313E+01   -.1314E+01   -.1329E+01   -.1335E+01   -.1342E+01   -.1346E+01   -.1351E+01   -.1354E+01   -.1357E+01   -.1359E+01   -.1361E+01   -.1363E+01   -.1365E+01   -.1366E+01   -.1367E+01   -.1368E+01   -.1369E+01   -.1370E+01   -.1370E+01   -.1371E+01   -.1372E+01   -.1372E+01   -.1373E+01   -.1373E+01   -.1374E+01   -.1374E+01   -.1374E+01
0.2080E+02   -.4001E+02   -.4001E+02   -.4001E+02   -.4001E+02   -.4002E+02   -.4002E+02   -.4002E+02   -.4002E+02   -.4003E+02   -.4003E+02   -.4003E+02   -.4004E+02   -.4004E+02   -.4004E+02   -.4005E+02   -.4005E+02   -.4005E+02   -.4006E+02   -.4006E+02   -.4006E+02   -.4007E+02   -.4007E+02   -.4008E+02   -.4008E+02   -.4008E+02   -.4009E+02   -.4009E+02   -.4010E+02   -.4011E+02   -.4011E+02   -.4012E+02   -.4013E+02   -.4013E+02   -.4014E+02   -.4015E+02   -.4016E+02   -.4017E+02   -.4018E+02   -.4019E+02   -.4020E+02   -.4021E+02   -.4023E+02   -.4024E+02   -.4026E+02   -.4027E+02   -.4029E+02   -.4031E+02   -.4034E+02   -.4036E+02   -.4039E+02   -.4043E+02   -.4046E+02   -.4051E+02   -.4056E+02   -.4062E+02   -.4069E+02   -.4077E+02   -.4086E+02   -.4095E+02   -.4102E+02   -.4099E+02   -.4077E+02   -.4022E+02   -.4031E+02   -.4454E+02   -.2960E+02   -.7158E+00   -.1705E+01   -.1037E+01   -.1381E+01   -.1255E+01   -.1332E+01   -.1316E+01   -.1336E+01   -.1338E+01   -.1346E+01   -.1349E+01   -.1353E+01   -.1356E+01   -.1358E+01   -.1361E+01   -.1362E+01   -.1364E+01   -.1365E+01   -.1367E+01   -.1368E+01   -.1369E+01   -.1369E+01   -.1370E+01   -.1371E+01   -.1371E+01   -.1372E+01   -.1373E+01   -.1373E+01   -.1373E+01   -.1374E+01   -.1374E+01   -.1374E+01
0.2102E+02   -.4001E+02   -.4001E+02   -.4001E+02   -.4002E+02   -.4002E+02   -.4002E+02   -.4002E+02   -.4003E+02   -.4003E+02   -.4003E+02   -.4003E+02   -.4004E+02   -.4004E+02   -.4004E+02   -.4005E+02   -.4005E+02   -.4005E+02   -.4006E+02   -.4006E+02   -.4006E+02   -.4007E+02   -.4007E+02   -.4008E+02   -.4008E+02   -.4009E+02   -.4009E+02   -.4010E+02   -.4010E+02   -.4011E+02   -.4012E+02   -.4012E+02   -.4013E+02   -.4014E+02   -.4015E+02   -.4015E+02   -.4016E+02   -.4017E+02   -.4018E+02   -.4020E+02   -.4021E+02   -.4022E+02   -.4023E+02   -.4025E+02   -.4027E+02   -.4029E+02   -.4031E+02   -.4033E+02   -.4035E+02   -.4038E+02   -.4041E+02   -.4045E+02   -.4049E+02   -.4054E+02   -.4060E+02   -.4066E+02   -.4074E+02   -.4083E+02   -.4093E+02   -.4101E+02   -.4103E+02   -.4090E+02   -.4050E+02   -.3981E+02   -.4159E+02   -.4710E+02   0.2440E+00   -.2279E+01   -.7614E+00   -.1493E+01   -.1197E+01   -.1351E+01   -.1302E+01   -.1338E+01   -.1334E+01   -.1345E+01   -.1347E+01   -.1352E+01   -.1355E+01   -.1358E+01   -.1360E+01   -.1362E+01   -.1364E+01   -.1365E+01   -.1366E+01   -.1367E+01   -.1368E+01   -.1369E+01   -.1370E+01   -.1371E+01   -.1371E+01   -.1372E+01   -.1372E+01   -.1373E+01   -.1373E+01   -.1374E+01   -.1374E+01   -.1374E+01   -.1375E+01
0.2123E+02   -.4001E+02   -.4001E+02   -.4001E+02   -.4002E+02   -.4002E+02   -.4002E+02   -.4002E+02   -.4003E+02   -.4003E+02   -.4003E+02   -.4004E+02   -.4004E+02   -.4004E+02   -.4004E+02   -.4005E+02   -.4005E+02   -.4006E+02   -.4006E+02   -.4006E+02   -.4007E+02   -.4007E+02   -.4008E+02   -.4008E+02   -.4009E+02   -.4009E+02   -.4010E+02   -.4010E+02   -.4011E+02   -.4011E+02   -.4012E+02   -.4013E+02   -.4013E+02   -.4014E+02   -.4015E+02   -.4016E+02   -.4017E+02   -.4018E+02   -.4019E+02   -.4020E+02   -.4022E+02   -.4023E+02   -.4024E+02   -.4026E+02   -.4028E+02   -.4030E+02   -.4032E+02   -.4034E+02   -.4037E+02   -.4040E+02   -.4044E+02   -.4048E+02   -.4052E+02   -.4058E+02   -.4064E+02   -.4071E+02   -.4080E+02   -.4089E+02   -.4098E+02   -.4103E+02   -.4096E+02   -.4065E+02   -.3998E+02   -.4074E+02   -.4707E+02   -.1461E+02   -.1538E+01   -.1214E+01   -.1273E+01   -.1285E+01   -.1304E+01   -.1316E+01   -.1327E+01   -.1335E+01   -.1341E+01   -.1346E+01   -.1350E+01   -.1354E+01   -.1357E+01   -.1359E+01   -.1361E+01   -.1363E+01   -.1364E+01   -.1366E+01   -.1367E+01   -.1368E+01   -.1369E+01   -.1370E+01   -.1370E+01   -.1371E+01   -.1372E+01   -.1372E+01   -.1373E+01   -.1373E+01   -.1374E+01   -.1374E+01   -.1374E+01   -.1375E+01   -.1375E+01
0.2145E+02   -.4001E+02   -.4001E+02   -.4001E+02   -.4002E+02   -.4002E+02   -.4002E+02   -.4002E+02   -.4003E+02   -.4003E+02   -.4003E+02   -.4004E+02   -.4004E+02   -.4004E+02   -.4005E+02   -.4005E+02   -.4005E+02   -.4006E+02   -.4006E+02   -.4006E+02   -.4007E+02   -.4007E+02   -.4008E+02   -.4008E+02   -.4009E+02   -.4009E+02   -.4010E+02   -.4010E+02   -.4011E+02   -.4012E+02   -.4012E+02   -.4013E+02   -.4014E+02   -.4015E+02   -.4016E+02   -.4017E+02   -.4018E+02   -.4019E+02   -.4020E+02   -.4021E+02   -.4022E+02   -.4024E+02   -.4025E+02   -.4027E+02   -.4029E+02   -.4031E+02   -.4034E+02   -.4036E+02   -.4039E+02   -.4042E+02   -.4046E+02   -.4051E+02   -.4056E+02   -.4062E+02   -.4069E+02   -.4077E+02   -.4086E+02   -.4095E+02   -.4102E+02   -.4100E+02   -.4079E+02   -.4026E+02   -.4024E+02   -.4412E+02   -.3210E+02   -.5787E+00   -.1787E+01   -.9974E+00   -.1397E+01   -.1247E+01   -.1335E+01   -.1314E+01   -.1337E+01   -.1337E+01   -.1345E+01   -.1349E+01   -.1353E+01   -.1356E+01   -.1358E+01   -.1360E+01   -.1362E+01   -.1364E+01   -.1365E+01   -.1367E+01   -.1368E+01   -.1369E+01   -.1369E+01   -.1370E+01   -.1371E+01   -.1371E+01   -.1372E+01   -.1373E+01   -.1373E+01   -.1373E+01   -.1374E+01   -.1374E+01   -.1374E+01   -.1375E+01   -.1375E+01
0.2167E+02   -.4001E+02   -.4001E+02   -.4001E+02   -.4002E+02   -.4002E+02   -.4002E+02   -.4003E+02   -.4003E+02   -.4003E+02   -.4003E+02   -.4004E+02   -.4004E+02   -.4004E+02   -.4005E+02   -.4005E+02   -.4006E+02   -.4006E+02   -.4006E+02   -.4007E+02   -.4007E+02   -.4008E+02   -.4008E+02   -.4009E+02   -.4009E+02   -.4010E+02   -.4010E+02   -.4011E+02   -.4012E+02   -.4012E+02   -.4013E+02   -.4014E+02   -.4014E+02   -.4015E+02   -.4016E+02   -.4017E+02   -.4018E+02   -.4019E+02   -.4021E+02   -.4022E+02   -.4023E+02   -.4025E+02   -.4027E+02   -.4028E+02   -.4030E+02   -.4033E+02   -.4035E+02   -.4038E+02   -.4041E+02   -.4045E+02   -.4049E+02   -.4054E+02   -.4059E+02   -.4066E+02   -.4074E+02   -.4083E+02   -.4092E+02   -.4100E+02   -.4104E+02   -.4092E+02   -.4054E+02   -.3974E+02   -.4117E+02   -.4960E+02   0.3811E+00   -.2361E+01   -.7221E+00   -.1509E+01   -.1189E+01   -.1354E+01   -.1300E+01   -.1339E+01   -.1333E+01   -.1345E+01   -.1347E+01   -.1352E+01   -.1355E+01   -.1358E+01   -.1360E+01   -.1362E+01   -.1363E+01   -.1365E+01   -.1366E+01   -.1367E+01   -.1368E+01   -.1369E+01   -.1370E+01   -.1371E+01   -.1371E+01   -.1372E+01   -.1372E+01   -.1373E+01   -.1373E+01   -.1374E+01   -.1374E+01   -.1374E+01   -.1375E+01   -.1375E+01   -.1375E+01
0.2188E+02   -.4001E+02   -.4001E+02   -.4001E+02   -.4002E+02   -.4002E+02   -.4002E+02   -.4003E+02   -.4003E+02   -.4003E+02   -.4004E+02   -.4004E+02   -.4004E+02   -.4005E+02   -.4005E+02   -.4005E+02   -.4006E+02   -.4006E+02   -.4007E+02   -.4007E+02   -.4007E+02   -.4008E+02   -.4008E+02   -.4009E+02   -.4009E+02   -.4010E+02   -.4011E+02   -.4011E+02   -.4012E+02   -.4013E+02   -.4013E+02   -.4014E+02   -.4015E+02   -.4016E+02   -.4017E+02   -.4018E+02   -.4019E+02   -.4020E+02   -.4021E+02   -.4023E+02   -.4024E+02   -.4026E+02   -.4028E+02   -.4030E+02   -.4032E+02   -.4034E+02   -.4037E+02   -.4040E+02   -.4044E+02   -.4047E+02   -.4052E+02   -.4058E+02   -.4064E+02   -.4071E+02   -.4079E+02   -.4089E+02   -.4098E+02   -.4103E+02   -.4096E+02   -.4067E+02   -.4002E+02   -.4067E+02   -.4665E+02   -.1711E+02   -.1401E+01   -.1296E+01   -.1233E+01   -.1301E+01   -.1296E+01   -.1319E+01   -.1325E+01   -.1335E+01   -.1341E+01   -.1346E+01   -.1350E+01   -.1354E+01   -.1357E+01   -.1359E+01   -.1361E+01   -.1363E+01   -.1364E+01   -.1366E+01   -.1367E+01   -.1368E+01   -.1369E+01   -.1370E+01   -.1370E+01   -.1371E+01   -.1372E+01   -.1372E+01   -.1373E+01   -.1373E+01   -.1374E+01   -.1374E+01   -.1374E+01   -.1375E+01   -.1375E+01   -.1375E+01   -.1375E+01
0.2210E+02   -.4001E+02   -.4001E+02   -.4001E+02   -.4002E+02   -.4002E+02   -.4002E+02   -.4003E+02   -.4003E+02   -.4003E+02   -.4004E+02   -.4004E+02   -.4004E+02   -.4005E+02   -.4005E+02   -.4005E+02   -.4006E+02   -.4006E+02   -.4007E+02   -.4007E+02   -.4008E+02   -.4008E+02   -.4009E+02   -.4009E+02   -.4010E+02   -.4010E+02   -.4011E+02   -.4012E+02   -.4012E+02   -.4013E+02   -.4014E+02   -.4015E+02   -.4016E+02   -.4017E+02   -.4018E+02   -.4019E+02   -.4020E+02   -.4021E+02   -.4022E+02   -.4024E+02   -.4025E+02   -.4027E+02   -.4029E+02   -.4031E+02   -.4033E+02   -.4036E+02   -.4039E+02   -.4042E+02   -.4046E+02   -.4050E+02   -.4056E+02   -.4061E+02   -.4068E+02   -.4076E+02   -.4085E+02   -.4095E+02   -.4102E+02   -.4101E+02   -.4081E+02   -.4030E+02   -.4017E+02   -.4370E+02   -.3460E+02   -.4415E+00   -.1869E+01   -.9581E+00   -.1413E+01   -.1238E+01   -.1338E+01   -.1312E+01   -.1337E+01   -.1337E+01   -.1345E+01   -.1348E+01   -.1353E+01   -.1356E+01   -.1358E+01   -.1360E+01   -.1362E+01   -.1364E+01   -.1365E+01   -.1367E+01   -.1368E+01   -.1369E+01   -.1369E+01   -.1370E+01   -.1371E+01   -.1371E+01   -.1372E+01   -.1373E+01   -.1373E+01   -.1373E+01   -.1374E+01   -.1374E+01   -.1374E+01   -.1375E+01   -.1375E+01   -.1375E+01   -.1376E+01
0.2232E+02   -.4001E+02   -.4001E+02   -.4002E+02   -.4002E+02   -.4002E+02   -.4002E+02   -.4003E+02   -.4003E+02   -.4003E+02   -.4004E+02   -.4004E+02   -.4005E+02   -.4005E+02   -.4005E+02   -.4006E+02   -.4006E+02   -.4007E+02   -.4007E+02   -.4007E+02   -.4008E+02   -.4008E+02   -.4009E+02   -.4010E+02   -.4010E+02   -.4011E+02   -.4011E+02   -.4012E+02   -.4013E+02   -.4014E+02   -.4014E+02   -.4015E+02   -.4016E+02   -.4017E+02   -.4018E+02   -.4019E+02   -.4021E+02   -.4022E+02   -.4023E+02   -.4025E+02   -.4026E+02   -.4028E+02   -.4030E+02   -.4032E+02   -.4035E+02   -.4038E+02   -.4041E+02   -.4045E+02   -.4049E+02   -.4054E+02   -.4059E+02   -.4066E+02   -.4073E+02   -.4082E+02   -.4092E+02   -.4100E+02   -.4104E+02   -.4093E+02   -.4056E+02   -.3978E+02   -.4110E+02   -.4918E+02   -.2118E+01   -.2224E+01   -.8040E+00   -.1470E+01   -.1205E+01   -.1346E+01   -.1303E+01   -.1337E+01   -.1334E+01   -.1344E+01   -.1347E+01   -.1352E+01   -.1355E+01   -.1357E+01   -.1360E+01   -.1362E+01   -.1363E+01   -.1365E+01   -.1366E+01   -.1367E+01   -.1368E+01   -.1369E+01   -.1370E+01   -.1371E+01   -.1371E+01   -.1372E+01   -.1372E+01   -.1373E+01   -.1373E+01   -.1374E+01   -.1374E+01   -.1374E+01   -.1375E+01   -.1375E+01   -.1375E+01   -.1375E+01   -.1376E+01
0.2253E+02   -.4001E+02   -.4001E+02   -.4002E+02   -.4002E+02   -.4002E+02   -.4003E+02   -.4003E+02   -.4003E+02   -.4004E+02   -.4004E+02   -.4004E+02   -.4005E+02   -.4005E+02   -.4005E+02   -.4006E+02   -.4006E+02   -.4007E+02   -.4007E+02   -.4008E+02   -.4008E+02   -.4009E+02   -.4009E+02   -.4010E+02   -.4010E+02   -.4011E+02   -.4012E+02   -.4012E+02   -.4013E+02   -.4014E+02   -.4015E+02   -.4016E+02   -.4017E+02   -.4018E+02   -.4019E+02   -.4020E+02   -.4021E+02   -.4023E+02   -.4024E+02   -.4026E+02   -.4028E+02   -.4030E+02   -.4032E+02   -.4034E+02   -.4037E+02   -.4040E+02   -.4043E+02   -.4047E+02   -.4052E+02   -.4057E+02   -.4063E+02   -.4071E+02   -.4079E+02   -.4088E+02   -.4097E+02   -.4103E+02   -.4097E+02   -.4069E+02   -.4006E+02   -.4060E+02   -.4623E+02   -.1961E+02   -.1264E+01   -.1378E+01   -.1194E+01   -.1317E+01   -.1288E+01   -.1322E+01   -.1323E+01   -.1335E+01   -.1340E+01   -.1346E+01   -.1350E+01   -.1354E+01   -.1356E+01   -.1359E+01   -.1361E+01   -.1363E+01   -.1364E+01   -.1366E+01   -.1367E+01   -.1368E+01   -.1369E+01   -.1370E+01   -.1370E+01   -.1371E+01   -.1372E+01   -.1372E+01   -.1373E+01   -.1373E+01   -.1374E+01   -.1374E+01   -.1374E+01   -.1375E+01   -.1375E+01   -.1375E+01   -.1375E+01   -.1376E+01   -.1376E+01
0.2275E+02   -.4001E+02   -.4001E+02   -.4002E+02   -.4002E+02   -.4002E+02   -.4003E+02   -.4003E+02   -.4003E+02   -.4004E+02   -.4004E+02   -.4004E+02   -.4005E+02   -.4005E+02   -.4006E+02   -.4006E+02   -.4006E+02   -.4007E+02   -.4007E+02   -.4008E+02   -.4008E+02   -.4009E+02   -.4010E+02   -.4010E+02   -.4011E+02   -.4011E+02   -.4012E+02   -.4013E+02   -.4014E+02   -.4015E+02   -.4015E+02   -.4016E+02   -.4017E+02   -.4018E+02   -.4020E+02   -.4021E+02   -.4022E+02   -.4024E+02   -.4025E+02   -.4027E+02   -.4029E+02   -.4031E+02   -.4033E+02   -.4036E+02   -.4039E+02   -.4042E+02   -.4046E+02   -.4050E+02   -.4055E+02   -.4061E+02   -.4068E+02   -.4076E+02   -.4085E+02   -.4094E+02   -.4101E+02   -.4101E+02   -.4083E+02   -.4034E+02   -.4009E+02   -.4328E+02   -.3710E+02   -.3044E+00   -.1951E+01   -.9188E+00   -.1429E+01   -.1230E+01   -.1341E+01   -.1310E+01   -.1337E+01   -.1336E+01   -.1345E+01   -.1348E+01   -.1353E+01   -.1355E+01   -.1358E+01   -.1360E+01   -.1362E+01   -.1364E+01   -.1365E+01   -.1367E+01   -.1368E+01   -.1369E+01   -.1369E+01   -.1370E+01   -.1371E+01   -.1371E+01   -.1372E+01   -.1373E+01   -.1373E+01   -.1373E+01   -.1374E+01   -.1374E+01   -.1374E+01   -.1375E+01   -.1375E+01   -.1375E+01   -.1376E+01   -.1376E+01   -.1376E+01
0.2297E+02   -.4001E+02   -.4001E+02   -.4002E+02   -.4002E+02   -.4002E+02   -.4003E+02   -.4003E+02   -.4003E+02   -.4004E+02   -.4004E+02   -.4005E+02   -.4005E+02   -.4005E+02   -.4006E+02   -.4006E+02   -.4007E+02   -.4007E+02   -.4008E+02   -.4008E+02   -.4009E+02   -.4009E+02   -.4010E+02   -.4011E+02   -.4011E+02   -.4012E+02   -.4013E+02   -.4013E+02   -.4014E+02   -.4015E+02   -.4016E+02   -.4017E+02   -.4018E+02   -.4019E+02   -.4020E+02   -.4022E+02   -.4023E+02   -.4025E+02   -.4026E+02   -.4028E+02   -.4030E+02   -.4032E+02   -.4035E+02   -.4038E+02   -.4041E+02   -.4044E+02   -.4049E+02   -.4053E+02   -.4059E+02   -.4065E+02   -.4073E+02   -.4082E+02   -.4091E+02   -.4100E+02   -.4104E+02   -.4093E+02   -.4058E+02   -.3982E+02   -.4102E+02   -.4876E+02   -.4617E+01   -.2087E+01   -.8860E+00   -.1430E+01   -.1221E+01   -.1337E+01   -.1306E+01   -.1335E+01   -.1334E+01   -.1344E+01   -.1347E+01   -.1351E+01   -.1354E+01   -.1357E+01   -.1360E+01   -.1362E+01   -.1363E+01   -.1365E+01   -.1366E+01   -.1367E+01   -.1368E+01   -.1369E+01   -.1370E+01   -.1371E+01   -.1371E+01   -.1372E+01   -.1372E+01   -.1373E+01   -.1373E+01   -.1374E+01   -.1374E+01   -.1374E+01   -.1375E+01   -.1375E+01   -.1375E+01   -.1375E+01   -.1376E+01   -.1376E+01   -.1376E+01
0.2318E+02   -.4001E+02   -.4001E+02   -.4002E+02   -.4002E+02   -.4002E+02   -.4003E+02   -.4003E+02   -.4004E+02   -.4004E+02   -.4004E+02   -.4005E+02   -.4005E+02   -.4006E+02   -.4006E+02   -.4006E+02   -.4007E+02   -.4007E+02   -.4008E+02   -.4008E+02   -.4009E+02   -.4010E+02   -.4010E+02   -.4011E+02   -.4012E+02   -.4012E+02   -.4013E+02   -.4014E+02   -.4015E+02   -.4016E+02   -.4017E+02   -.4018E+02   -.4019E+02   -.4020E+02   -.4021E+02   -.4023E+02   -.4024E+02   -.4026E+02   -.4027E+02   -.4029E+02   -.4032E+02   -.4034E+02   -.4037E+02   -.4040E+02   -.4043E+02   -.4047E+02   -.4052E+02   -.4057E+02   -.4063E+02   -.4070E+02   -.4079E+02   -.4087E+02   -.4096E+02   -.4102E+02   -.4098E+02   -.4071E+02   -.4010E+02   -.4052E+02   -.4580E+02   -.2211E+02   -.1127E+01   -.1460E+01   -.1155E+01   -.1333E+01   -.1280E+01   -.1325E+01   -.1321E+01   -.1336E+01   -.1340E+01   -.1346E+01   -.1350E+01   -.1353E+01   -.1356E+01   -.1359E+01   -.1361E+01   -.1363E+01   -.1364E+01   -.1366E+01   -.1367E+01   -.1368E+01   -.1369E+01   -.1370E+01   -.1370E+01   -.1371E+01   -.1372E+01   -.1372E+01   -.1373E+01   -.1373E+01   -.1374E+01   -.1374E+01   -.1374E+01   -.1375E+01   -.1375E+01   -.1375E+01   -.1375E+01   -.1376E+01   -.1376E+01   -.1376E+01   -.1376E+01
0.2340E+02   -.4001E+02   -.4001E+02   -.4002E+02   -.4002E+02   -.4003E+02   -.4003E+02   -.4003E+02   -.4004E+02   -.4004E+02   -.4004E+02   -.4005E+02   -.4005E+02   -.4006E+02   -.4006E+02   -.4007E+02   -.4007E+02   -.4008E+02   -.4008E+02   -.4009E+02   -.4009E+02   -.4010E+02   -.4011E+02   -.4011E+02   -.4012E+02   -.4013E+02   -.4014E+02   -.4014E+02   -.4015E+02   -.4016E+02   -.4017E+02   -.4018E+02   -.4020E+02   -.4021E+02   -.4022E+02   -.4024E+02   -.4025E+02   -.4027E+02   -.4029E+02   -.4031E+02   -.4033E+02   -.4036E+02   -.4038E+02   -.4042E+02   -.4045E+02   -.4050E+02   -.4055E+02   -.4061E+02   -.4068E+02   -.4075E+02   -.4084E+02   -.4093E+02   -.4100E+02   -.4101E+02   -.4084E+02   -.4038E+02   -.4002E+02   -.4285E+02   -.3960E+02   -.1673E+00   -.2033E+01   -.8794E+00   -.1445E+01   -.1222E+01   -.1343E+01   -.1308E+01   -.1338E+01   -.1336E+01   -.1345E+01   -.1348E+01   -.1353E+01   -.1355E+01   -.1358E+01   -.1360E+01   -.1362E+01   -.1364E+01   -.1365E+01   -.1366E+01   -.1368E+01   -.1369E+01   -.1369E+01   -.1370E+01   -.1371E+01   -.1371E+01   -.1372E+01   -.1373E+01   -.1373E+01   -.1373E+01   -.1374E+01   -.1374E+01   -.1375E+01   -.1375E+01   -.1375E+01   -.1375E+01   -.1376E+01   -.1376E+01   -.1376E+01   -.1376E+01   -.1376E+01
0.2362E+02   -.4001E+02   -.4001E+02   -.4002E+02   -.4002E+02   -.4003E+02   -.4003E+02   -.4003E+02   -.4004E+02   -.4004E+02   -.4005E+02   -.4005E+02   -.4005E+02   -.4006E+02   -.4006E+02   -.4007E+02   -.4007E+02   -.4008E+02   -.4008E+02   -.4009E+02   -.4010E+02   -.4010E+02   -.4011E+02   -.4012E+02   -.4012E+02   -.4013E+02   -.4014E+02   -.4015E+02   -.4016E+02   -.4017E+02   -.4018E+02   -.4019E+02   -.4020E+02   -.4022E+02   -.4023E+02   -.4025E+02   -.4026E+02   -.4028E+02   -.4030E+02   -.4032E+02   -.4035E+02   -.4037E+02   -.4040E+02   -.4044E+02   -.4048E+02   -.4053E+02   -.4059E+02   -.4065E+02   -.4073E+02   -.4081E+02   -.4090E+02   -.4098E+02   -.4101E+02   -.4094E+02   -.4059E+02   -.3986E+02   -.4095E+02   -.4833E+02   -.7115E+01   -.1950E+01   -.9678E+00   -.1391E+01   -.1237E+01   -.1329E+01   -.1308E+01   -.1333E+01   -.1334E+01   -.1343E+01   -.1347E+01   -.1351E+01   -.1354E+01   -.1357E+01   -.1360E+01   -.1362E+01   -.1363E+01   -.1365E+01   -.1366E+01   -.1367E+01   -.1368E+01   -.1369E+01   -.1370E+01   -.1371E+01   -.1371E+01   -.1372E+01   -.1372E+01   -.1373E+01   -.1373E+01   -.1374E+01   -.1374E+01   -.1374E+01   -.1375E+01   -.1375E+01   -.1375E+01   -.1376E+01   -.1376E+01   -.1376E+01   -.1376E+01   -.1376E+01   -.1376E+01
0.2383E+02   -.4001E+02   -.4002E+02   -.4002E+02   -.4002E+02   -.4003E+02   -.4003E+02   -.4003E+02   -.4004E+02   -.4004E+02   -.4005E+02   -.4005E+02   -.4006E+02   -.4006E+02   -.4007E+02   -.4007E+02   -.4008E+02   -.4008E+02   -.4009E+02   -.4009E+02   -.4010E+02   -.4011E+02   -.4011E+02   -.4012E+02   -.4013E+02   -.4014E+02   -.4015E+02   -.4015E+02   -.4016E+02   -.4017E+02   -.4019E+02   -.4020E+02   -.4021E+02   -.4022E+02   -.4024E+02   -.4026E+02   -.4027E+02   -.4029E+02   -.4031E+02   -.4034E+02   -.4036E+02   -.4039E+02   -.4043E+02   -.4047E+02   -.4051E+02   -.4057E+02   -.4063E+02   -.4070E+02   -.4078E+02   -.4087E+02   -.4095E+02   -.4099E+02   -.4095E+02   -.4072E+02   -.4014E+02   -.4045E+02   -.4538E+02   -.2461E+02   -.9904E+00   -.1542E+01   -.1116E+01   -.1349E+01   -.1271E+01   -.1327E+01   -.1320E+01   -.1336E+01   -.1339E+01   -.1346E+01   -.1350E+01   -.1353E+01   -.1356E+01   -.1359E+01   -.1361E+01   -.1363E+01   -.1364E+01   -.1366E+01   -.1367E+01   -.1368E+01   -.1369E+01   -.1370E+01   -.1370E+01   -.1371E+01   -.1372E+01   -.1372E+01   -.1373E+01   -.1373E+01   -.1374E+01   -.1374E+01   -.1374E+01   -.1375E+01   -.1375E+01   -.1375E+01   -.1375E+01   -.1376E+01   -.1376E+01   -.1376E+01   -.1376E+01   -.1376E+01   -.1377E+01
0.2405E+02   -.4001E+02   -.4002E+02   -.4002E+02   -.4002E+02   -.4003E+02   -.4003E+02   -.4004E+02   -.4004E+02   -.4004E+02   -.4005E+02   -.4005E+02   -.4006E+02   -.4006E+02   -.4007E+02   -.4007E+02   -.4008E+02   -.4008E+02   -.4009E+02   -.4010E+02   -.4010E+02   -.4011E+02   -.4012E+02   -.4013E+02   -.4013E+02   -.4014E+02   -.4015E+02   -.4016E+02   -.4017E+02   -.4018E+02   -.4019E+02   -.4021E+02   -.4022E+02   -.4023E+02   -.4025E+02   -.4027E+02   -.4029E+02   -.4031E+02   -.4033E+02   -.4035E+02   -.4038E+02   -.4041E+02   -.4045E+02   -.4049E+02   -.4054E+02   -.4060E+02   -.4067E+02   -.4075E+02   -.4083E+02   -.4092E+02   -.4098E+02   -.4097E+02   -.4082E+02   -.4040E+02   -.3995E+02   -.4243E+02   -.4210E+02   -.2941E-01   -.2116E+01   -.8400E+00   -.1461E+01   -.1214E+01   -.1346E+01   -.1306E+01   -.1338E+01   -.1335E+01   -.1345E+01   -.1348E+01   -.1352E+01   -.1355E+01   -.1358E+01   -.1360E+01   -.1362E+01   -.1364E+01   -.1365E+01   -.1366E+01   -.1368E+01   -.1369E+01   -.1369E+01   -.1370E+01   -.1371E+01   -.1371E+01   -.1372E+01   -.1373E+01   -.1373E+01   -.1373E+01   -.1374E+01   -.1374E+01   -.1375E+01   -.1375E+01   -.1375E+01   -.1375E+01   -.1376E+01   -.1376E+01   -.1376E+01   -.1376E+01   -.1376E+01   -.1377E+01   -.1377E+01
0.2427E+02   -.4001E+02   -.4002E+02   -.4002E+02   -.4002E+02   -.4003E+02   -.4003E+02   -.4004E+02   -.4004E+02   -.4005E+02   -.4005E+02   -.4006E+02   -.4006E+02   -.4007E+02   -.4007E+02   -.4008E+02   -.4008E+02   -.4009E+02   -.4009E+02   -.4010E+02   -.4011E+02   -.4011E+02   -.4012E+02   -.4013E+02   -.4014E+02   -.4015E+02   -.4016E+02   -.4017E+02   -.4018E+02   -.4019E+02   -.4020E+02   -.4021E+02   -.4023E+02   -.4024E+02   -.4026E+02   -.4028E+02   -.4030E+02   -.4032E+02   -.4034E+02   -.4037E+02   -.4040E+02   -.4044E+02   -.4048E+02   -.4053E+02   -.4058E+02   -.4065E+02   -.4072E+02   -.4080E+02   -.4089E+02   -.4096E+02   -.4099E+02   -.4088E+02   -.4054E+02   -.3989E+02   -.4087E+02   -.4792E+02   -.9605E+01   -.1816E+01   -.1048E+01   -.1352E+01   -.1252E+01   -.1321E+01   -.1311E+01   -.1331E+01   -.1334E+01   -.1342E+01   -.1347E+01   -.1351E+01   -.1354E+01   -.1357E+01   -.1359E+01   -.1362E+01   -.1363E+01   -.1365E+01   -.1366E+01   -.1367E+01   -.1368E+01   -.1369E+01   -.1370E+01   -.1371E+01   -.1371E+01   -.1372E+01   -.1372E+01   -.1373E+01   -.1373E+01   -.1374E+01   -.1374E+01   -.1374E+01   -.1375E+01   -.1375E+01   -.1375E+01   -.1376E+01   -.1376E+01   -.1376E+01   -.1376E+01   -.1376E+01   -.1377E+01   -.1377E+01   -.1377E+01
0.2448E+02   -.4001E+02   -.4002E+02   -.4002E+02   -.4002E+02   -.4003E+02   -.4003E+02   -.4004E+02   -.4004E+02   -.4005E+02   -.4005E+02   -.4006E+02   -.4006E+02   -.4007E+02   -.4007E+02   -.4008E+02   -.4008E+02   -.4009E+02   -.4010E+02   -.4010E+02   -.4011E+02   -.4012E+02   -.4013E+02   -.4013E+02   -.4014E+02   -.4015E+02   -.4016E+02   -.4017E+02   -.4018E+02   -.4020E+02   -.4021E+02   -.4022E+02   -.4024E+02   -.4025E+02   -.4027E+02   -.4029E+02   -.4031E+02   -.4034E+02   -.4036E+02   -.4039E+02   -.4042E+02   -.4046E+02   -.4051E+02   -.4056E+02   -.4062E+02   -.4069E+02   -.4077E+02   -.4086E+02   -.4094E+02   -.4098E+02   -.4092E+02   -.4065E+02   -.4009E+02   -.4037E+02   -.4497E+02   -.2709E+02   -.8591E+00   -.1622E+01   -.1078E+01   -.1365E+01   -.1264E+01   -.1330E+01   -.1318E+01   -.1337E+01   -.1339E+01   -.1346E+01   -.1350E+01   -.1354E+01   -.1356E+01   -.1359E+01   -.1361E+01   -.1363E+01   -.1364E+01   -.1366E+01   -.1367E+01   -.1368E+01   -.1369E+01   -.1370E+01   -.1371E+01   -.1371E+01   -.1372E+01   -.1372E+01   -.1373E+01   -.1373E+01   -.1374E+01   -.1374E+01   -.1375E+01   -.1375E+01   -.1375E+01   -.1375E+01   -.1376E+01   -.1376E+01   -.1376E+01   -.1376E+01   -.1377E+01   -.1377E+01   -.1377E+01   -.1377E+01   -.1377E+01
0.2470E+02   -.4001E+02   -.4002E+02   -.4002E+02   -.4003E+02   -.4003E+02   -.4003E+02   -.4004E+02   -.4004E+02   -.4005E+02   -.4005E+02   -.4006E+02   -.4006E+02   -.4007E+02   -.4008E+02   -.4008E+02   -.4009E+02   -.4009E+02   -.4010E+02   -.4011E+02   -.4011E+02   -.4012E+02   -.4013E+02   -.4014E+02   -.4015E+02   -.4016E+02   -.4017E+02   -.4018E+02   -.4019E+02   -.4020E+02   -.4022E+02   -.4023E+02   -.4025E+02   -.4026E+02   -.4028E+02   -.4030E+02   -.4033E+02   -.4035E+02   -.4038E+02   -.4041E+02   -.4045E+02   -.4049E+02   -.4054E+02   -.4060E+02   -.4067E+02   -.4074E+02   -.4083E+02   -.4091E+02   -.4097E+02   -.4097E+02   -.4080E+02   -.4036E+02   -.3983E+02   -.4200E+02   -.4461E+02   0.1420E+00   -.2217E+01   -.7948E+00   -.1481E+01   -.1205E+01   -.1350E+01   -.1304E+01   -.1339E+01   -.1335E+01   -.1345E+01   -.1348E+01   -.1352E+01   -.1355E+01   -.1358E+01   -.1360E+01   -.1362E+01   -.1364E+01   -.1365E+01   -.1366E+01   -.1368E+01   -.1368E+01   -.1369E+01   -.1370E+01   -.1371E+01   -.1371E+01   -.1372E+01   -.1373E+01   -.1373E+01   -.1373E+01   -.1374E+01   -.1374E+01   -.1375E+01   -.1375E+01   -.1375E+01   -.1375E+01   -.1376E+01   -.1376E+01   -.1376E+01   -.1376E+01   -.1376E+01   -.1377E+01   -.1377E+01   -.1377E+01   -.1377E+01
0.2492E+02   -.4001E+02   -.4002E+02   -.4002E+02   -.4003E+02   -.4003E+02   -.4004E+02   -.4004E+02   -.4005E+02   -.4005E+02   -.4006E+02   -.4006E+02   -.4007E+02   -.4007E+02   -.4008E+02   -.4008E+02   -.4009E+02   -.4010E+02   -.4010E+02   -.4011E+02   -.4012E+02   -.4013E+02   -.4014E+02   -.4014E+02   -.4015E+02   -.4016E+02   -.4018E+02   -.4019E+02   -.4020E+02   -.4021E+02   -.4023E+02   -.4024E+02   -.4026E+02   -.4028E+02   -.4030E+02   -.4032E+02   -.4034E+02   -.4037E+02   -.4040E+02   -.4044E+02   -.4048E+02   -.4052E+02   -.4058E+02   -.4064E+02   -.4072E+02   -.4080E+02   -.4088E+02   -.4096E+02   -.4098E+02   -.4088E+02   -.4055E+02   -.4004E+02   -.4091E+02   -.4757E+02   -.1188E+02   -.1754E+01   -.1091E+01   -.1323E+01   -.1258E+01   -.1312E+01   -.1309E+01   -.1326E+01   -.1331E+01   -.1339E+01   -.1343E+01   -.1348E+01   -.1351E+01   -.1354E+01   -.1356E+01   -.1358E+01   -.1360E+01   -.1362E+01   -.1363E+01   -.1364E+01   -.1365E+01   -.1366E+01   -.1367E+01   -.1368E+01   -.1368E+01   -.1369E+01   -.1369E+01   -.1370E+01   -.1370E+01   -.1371E+01   -.1371E+01   -.1372E+01   -.1372E+01   -.1372E+01   -.1372E+01   -.1373E+01   -.1373E+01   -.1373E+01   -.1373E+01   -.1374E+01   -.1374E+01   -.1374E+01   -.1374E+01   -.1374E+01   -.1374E+01
0.2513E+02   -.4001E+02   -.4002E+02   -.4002E+02   -.4003E+02   -.4003E+02   -.4004E+02   -.4004E+02   -.4005E+02   -.4005E+02   -.4006E+02   -.4006E+02   -.4007E+02   -.4008E+02   -.4008E+02   -.4009E+02   -.4009E+02   -.4010E+02   -.4011E+02   -.4012E+02   -.4012E+02   -.4013E+02   -.4014E+02   -.4015E+02   -.4016E+02   -.4017E+02   -.4018E+02   -.4019E+02   -.4021E+02   -.4022E+02   -.4024E+02   -.4025E+02   -.4027E+02   -.4029E+02   -.4031E+02   -.4033E+02   -.4036E+02   -.4039E+02   -.4042E+02   -.4046E+02   -.4051E+02   -.4056E+02   -.4062E+02   -.4069E+02   -.4077E+02   -.4085E+02   -.4093E+02   -.4098E+02   -.4093E+02   -.4071E+02   -.4026E+02   -.4044E+02   -.4716E+02   -.2431E+02   -.2308E+01   -.1045E+01   -.1286E+01   -.1281E+01   -.1310E+01   -.1328E+01   -.1341E+01   -.1351E+01   -.1359E+01   -.1365E+01   -.1370E+01   -.1374E+01   -.1378E+01   -.1381E+01   -.1383E+01   -.1385E+01   -.1387E+01   -.1389E+01   -.1390E+01   -.1391E+01   -.1392E+01   -.1393E+01   -.1394E+01   -.1395E+01   -.1395E+01   -.1396E+01   -.1396E+01   -.1397E+01   -.1397E+01   -.1398E+01   -.1398E+01   -.1398E+01   -.1399E+01   -.1399E+01   -.1399E+01   -.1400E+01   -.1400E+01   -.1400E+01   -.1400E+01   -.1400E+01   -.1400E+01   -.1401E+01   -.1401E+01   -.1401E+01   -.1401E+01
0.2535E+02   -.4002E+02   -.4002E+02   -.4003E+02   -.4003E+02   -.4004E+02   -.4004E+02   -.4005E+02   -.4005E+02   -.4006E+02   -.4006E+02   -.4007E+02   -.4007E+02   -.4008E+02   -.4009E+02   -.4009E+02   -.4010E+02   -.4011E+02   -.4011E+02   -.4012E+02   -.4013E+02   -.4014E+02   -.4015E+02   -.4016E+02   -.4017E+02   -.4018E+02   -.4019E+02   -.4020E+02   -.4022E+02   -.4023E+02   -.4025E+02   -.4026E+02   -.4028E+02   -.4030E+02   -.4033E+02   -.4035E+02   -.4038E+02   -.4041E+02   -.4045E+02   -.4049E+02   -.4054E+02   -.4059E+02   -.4066E+02   -.4074E+02   -.4082E+02   -.4091E+02   -.4097E+02   -.4098E+02   -.4085E+02   -.4049E+02   -.3996E+02   -.4162E+02   -.5036E+02   0.1230E+02   -.6222E+01   0.8962E+00   -.2105E+01   -.9275E+00   -.1471E+01   -.1269E+01   -.1378E+01   -.1347E+01   -.1373E+01   -.1371E+01   -.1380E+01   -.1383E+01   -.1387E+01   -.1389E+01   -.1392E+01   -.1394E+01   -.1396E+01   -.1397E+01   -.1399E+01   -.1400E+01   -.1401E+01   -.1402E+01   -.1403E+01   -.1403E+01   -.1404E+01   -.1405E+01   -.1405E+01   -.1406E+01   -.1406E+01   -.1407E+01   -.1407E+01   -.1407E+01   -.1408E+01   -.1408E+01   -.1408E+01   -.1408E+01   -.1409E+01   -.1409E+01   -.1409E+01   -.1409E+01   -.1409E+01   -.1409E+01   -.1410E+01   -.1410E+01   -.1410E+01
0.2557E+02   -.4001E+02   -.4002E+02   -.4002E+02   -.4003E+02   -.4003E+02   -.4004E+02   -.4004E+02   -.4005E+02   -.4006E+02   -.4006E+02   -.4007E+02   -.4007E+02   -.4008E+02   -.4009E+02   -.4009E+02   -.4010E+02   -.4011E+02   -.4012E+02   -.4012E+02   -.4013E+02   -.4014E+02   -.4015E+02   -.4016E+02   -.4017E+02   -.4018E+02   -.4020E+02   -.4021E+02   -.4022E+02   -.4024E+02   -.4026E+02   -.4027E+02   -.4029E+02   -.4031E+02   -.4034E+02   -.4037E+02   -.4040E+02   -.4043E+02   -.4047E+02   -.4052E+02   -.4057E+02   -.4063E+02   -.4070E+02   -.4078E+02   -.4087E+02   -.4094E+02   -.4097E+02   -.4089E+02   -.4059E+02   -.4003E+02   -.3998E+02   -.5897E+02   -.7391E+00   -.1315E+01   -.1093E+01   -.1257E+01   -.1239E+01   -.1281E+01   -.1289E+01   -.1304E+01   -.1312E+01   -.1321E+01   -.1326E+01   -.1331E+01   -.1335E+01   -.1339E+01   -.1342E+01   -.1344E+01   -.1346E+01   -.1348E+01   -.1350E+01   -.1351E+01   -.1352E+01   -.1353E+01   -.1354E+01   -.1355E+01   -.1356E+01   -.1356E+01   -.1357E+01   -.1357E+01   -.1358E+01   -.1358E+01   -.1359E+01   -.1359E+01   -.1359E+01   -.1360E+01   -.1360E+01   -.1360E+01   -.1361E+01   -.1361E+01   -.1361E+01   -.1361E+01   -.1361E+01   -.1362E+01   -.1362E+01   -.1362E+01   -.1362E+01   -.1362E+01   -.1362E+01
0.2578E+02   -.4001E+02   -.4002E+02   -.4002E+02   -.4003E+02   -.4004E+02   -.4004E+02   -.4005E+02   -.4005E+02   -.4006E+02   -.4006E+02   -.4007E+02   -.4008E+02   -.4008E+02   -.4009E+02   -.4010E+02   -.4010E+02   -.4011E+02   -.4012E+02   -.4013E+02   -.4014E+02   -.4015E+02   -.4016E+02   -.4017E+02   -.4018E+02   -.4019E+02   -.4020E+02   -.4022E+02   -.4023E+02   -.4025E+02   -.4027E+02   -.4028E+02   -.4031E+02   -.4033E+02   -.4035E+02   -.4038E+02   -.4042E+02   -.4045E+02   -.4050E+02   -.4055E+02   -.4060E+02   -.4067E+02   -.4075E+02   -.4083E+02   -.4091E+02   -.4095E+02   -.4091E+02   -.4068E+02   -.4017E+02   -.3962E+02   -.4343E+02   -.2558E+02   -.1451E+01   -.1552E+01   -.1619E+01   -.1670E+01   -.1703E+01   -.1728E+01   -.1746E+01   -.1760E+01   -.1771E+01   -.1780E+01   -.1787E+01   -.1793E+01   -.1798E+01   -.1802E+01   -.1806E+01   -.1809E+01   -.1812E+01   -.1814E+01   -.1816E+01   -.1817E+01   -.1819E+01   -.1820E+01   -.1821E+01   -.1822E+01   -.1823E+01   -.1824E+01   -.1825E+01   -.1826E+01   -.1826E+01   -.1827E+01   -.1827E+01   -.1828E+01   -.1828E+01   -.1829E+01   -.1829E+01   -.1829E+01   -.1830E+01   -.1830E+01   -.1830E+01   -.1830E+01   -.1831E+01   -.1831E+01   -.1831E+01   -.1831E+01   -.1831E+01   -.1832E+01   -.1832E+01
0.2600E+02   -.4002E+02   -.4002E+02   -.4003E+02   -.4003E+02   -.4004E+02   -.4004E+02   -.4005E+02   -.4005E+02   -.4006E+02   -.4007E+02   -.4007E+02   -.4008E+02   -.4008E+02   -.4009E+02   -.4010E+02   -.4011E+02   -.4012E+02   -.4012E+02   -.4013E+02   -.4014E+02   -.4015E+02   -.4016E+02   -.4017E+02   -.4018E+02   -.4020E+02   -.4021E+02   -.4023E+02   -.4024E+02   -.4026E+02   -.4028E+02   -.4030E+02   -.4032E+02   -.4034E+02   -.4037E+02   -.4040E+02   -.4044E+02   -.4048E+02   -.4053E+02   -.4058E+02   -.4065E+02   -.4072E+02   -.4081E+02   -.4089E+02   -.4096E+02   -.4095E+02   -.4081E+02   -.4041E+02   -.3975E+02   -.4031E+02   -.7891E+02   -.1231E+01   -.1371E+01   -.1442E+01   -.1492E+01   -.1527E+01   -.1551E+01   -.1570E+01   -.1584E+01   -.1595E+01   -.1603E+01   -.1611E+01   -.1616E+01   -.1621E+01   -.1625E+01   -.1629E+01   -.1631E+01   -.1634E+01   -.1636E+01   -.1638E+01   -.1640E+01   -.1641E+01   -.1642E+01   -.1643E+01   -.1644E+01   -.1645E+01   -.1646E+01   -.1647E+01   -.1647E+01   -.1648E+01   -.1648E+01   -.1649E+01   -.1649E+01   -.1650E+01   -.1650E+01   -.1650E+01   -.1651E+01   -.1651E+01   -.1651E+01   -.1652E+01   -.1652E+01   -.1652E+01   -.1652E+01   -.1652E+01   -.1653E+01   -.1653E+01   -.1653E+01   -.1653E+01   -.1653E+01
0.2622E+02   -.4002E+02   -.4002E+02   -.4003E+02   -.4003E+02   -.4004E+02   -.4004E+02   -.4005E+02   -.4005E+02   -.4006E+02   -.4007E+02   -.4007E+02   -.4008E+02   -.4009E+02   -.4010E+02   -.4010E+02   -.4011E+02   -.4012E+02   -.4013E+02   -.4014E+02   -.4015E+02   -.4016E+02   -.4017E+02   -.4018E+02   -.4019E+02   -.4021E+02   -.4022E+02   -.4024E+02   -.4025E+02   -.4027E+02   -.4029E+02   -.4031E+02   -.4034E+02   -.4036E+02   -.4039E+02   -.4043E+02   -.4047E+02   -.4051E+02   -.4056E+02   -.4062E+02   -.4070E+02   -.4078E+02   -.4086E+02   -.4094E+02   -.4097E+02   -.4088E+02   -.4057E+02   -.3998E+02   -.3981E+02   -.5350E+02   -.1201E+01   -.1172E+01   -.1260E+01   -.1309E+01   -.1344E+01   -.1368E+01   -.1386E+01   -.1400E+01   -.1410E+01   -.1418E+01   -.1425E+01   -.1430E+01   -.1435E+01   -.1439E+01   -.1442E+01   -.1444E+01   -.1447E+01   -.1449E+01   -.1450E+01   -.1452E+01   -.1453E+01   -.1454E+01   -.1455E+01   -.1456E+01   -.1457E+01   -.1458E+01   -.1458E+01   -.1459E+01   -.1460E+01   -.1460E+01   -.1460E+01   -.1461E+01   -.1461E+01   -.1462E+01   -.1462E+01   -.1462E+01   -.1462E+01   -.1463E+01   -.1463E+01   -.1463E+01   -.1463E+01   -.1463E+01   -.1464E+01   -.1464E+01   -.1464E+01   -.1464E+01   -.1464E+01   -.1464E+01   -.1464E+01
0.2643E+02   -.4002E+02   -.4002E+02   -.4003E+02   -.4003E+02   -.4004E+02   -.4004E+02   -.4005E+02   -.4006E+02   -.4006E+02   -.4007E+02   -.4008E+02   -.4008E+02   -.4009E+02   -.4010E+02   -.4011E+02   -.4011E+02   -.4012E+02   -.4013E+02   -.4014E+02   -.4015E+02   -.4016E+02   -.4017E+02   -.4019E+02   -.4020E+02   -.4021E+02   -.4023E+02   -.4025E+02   -.4026E+02   -.4028E+02   -.4030E+02   -.4033E+02   -.4035E+02   -.4038E+02   -.4041E+02   -.4045E+02   -.4049E+02   -.4054E+02   -.4060E+02   -.4067E+02   -.4075E+02   -.4084E+02   -.4092E+02   -.4099E+02   -.4095E+02   -.4073E+02   -.4024E+02   -.3968E+02   -.4318E+02   -.2958E+02   -.9514E+00   -.1016E+01   -.1062E+01   -.1092E+01   -.1115E+01   -.1132E+01   -.1144E+01   -.1153E+01   -.1161E+01   -.1167E+01   -.1171E+01   -.1175E+01   -.1179E+01   -.1181E+01   -.1184E+01   -.1186E+01   -.1187E+01   -.1189E+01   -.1190E+01   -.1191E+01   -.1192E+01   -.1193E+01   -.1194E+01   -.1195E+01   -.1195E+01   -.1196E+01   -.1196E+01   -.1197E+01   -.1197E+01   -.1197E+01   -.1198E+01   -.1198E+01   -.1198E+01   -.1199E+01   -.1199E+01   -.1199E+01   -.1199E+01   -.1200E+01   -.1200E+01   -.1200E+01   -.1200E+01   -.1200E+01   -.1200E+01   -.1200E+01   -.1201E+01   -.1201E+01   -.1201E+01   -.1201E+01   -.1201E+01
0.2665E+02   -.4002E+02   -.4002E+02   -.4003E+02   -.4003E+02   -.4004E+02   -.4005E+02   -.4005E+02   -.4006E+02   -.4007E+02   -.4007E+02   -.4008E+02   -.4009E+02   -.4009E+02   -.4010E+02   -.4011E+02   -.4012E+02   -.4013E+02   -.4014E+02   -.4015E+02   -.4016E+02   -.4017E+02   -.4018E+02   -.4019E+02   -.4021E+02   -.4022E+02   -.4024E+02   -.4026E+02   -.4027E+02   -.4029E+02   -.4032E+02   -.4034E+02   -.4037E+02   -.4040E+02   -.4044E+02   -.4048E+02   -.4052E+02   -.4058E+02   -.4064E+02   -.4072E+02   -.4080E+02   -.4089E+02   -.4097E+02   -.4100E+02   -.4086E+02   -.4045E+02   -.3981E+02   -.4027E+02   -.7537E+02   -.7587E+00   -.9006E+00   -.9522E+00   -.9854E+00   -.1008E+01   -.1025E+01   -.1037E+01   -.1046E+01   -.1054E+01   -.1060E+01   -.1064E+01   -.1068E+01   -.1071E+01   -.1074E+01   -.1076E+01   -.1078E+01   -.1080E+01   -.1081E+01   -.1083E+01   -.1084E+01   -.1085E+01   -.1085E+01   -.1086E+01   -.1087E+01   -.1087E+01   -.1088E+01   -.1088E+01   -.1089E+01   -.1089E+01   -.1090E+01   -.1090E+01   -.1090E+01   -.1091E+01   -.1091E+01   -.1091E+01   -.1091E+01   -.1091E+01   -.1092E+01   -.1092E+01   -.1092E+01   -.1092E+01   -.1092E+01   -.1092E+01   -.1092E+01   -.1093E+01   -.1093E+01   -.1093E+01   -.1093E+01   -.1093E+01   -.1093E+01
0.2687E+02   -.4002E+02   -.4002E+02   -.4003E+02   -.4003E+02   -.4004E+02   -.4005E+02   -.4005E+02   -.4006E+02   -.4007E+02   -.4007E+02   -.4008E+02   -.4009E+02   -.4010E+02   -.4011E+02   -.4011E+02   -.4012E+02   -.4013E+02   -.4014E+02   -.4015E+02   -.4016E+02   -.4018E+02   -.4019E+02   -.4020E+02   -.4022E+02   -.4023E+02   -.4025E+02   -.4027E+02   -.4029E+02   -.4031E+02   -.4033E+02   -.4036E+02   -.4039E+02   -.4042E+02   -.4046E+02   -.4051E+02   -.4056E+02   -.4062E+02   -.4069E+02   -.4077E+02   -.4086E+02   -.4095E+02   -.4100E+02   -.4096E+02   -.4066E+02   -.4006E+02   -.3977E+02   -.5174E+02   -.4985E+00   -.8867E+00   -.9377E+00   -.9743E+00   -.9993E+00   -.1017E+01   -.1030E+01   -.1040E+01   -.1048E+01   -.1054E+01   -.1059E+01   -.1063E+01   -.1067E+01   -.1069E+01   -.1072E+01   -.1074E+01   -.1075E+01   -.1077E+01   -.1078E+01   -.1079E+01   -.1080E+01   -.1081E+01   -.1082E+01   -.1083E+01   -.1083E+01   -.1084E+01   -.1084E+01   -.1085E+01   -.1085E+01   -.1085E+01   -.1086E+01   -.1086E+01   -.1086E+01   -.1087E+01   -.1087E+01   -.1087E+01   -.1087E+01   -.1087E+01   -.1088E+01   -.1088E+01   -.1088E+01   -.1088E+01   -.1088E+01   -.1088E+01   -.1088E+01   -.1088E+01   -.1088E+01   -.1089E+01   -.1089E+01   -.1089E+01   -.1089E+01
0.2708E+02   -.4002E+02   -.4002E+02   -.4003E+02   -.4004E+02   -.4004E+02   -.4005E+02   -.4006E+02   -.4006E+02   -.4007E+02   -.4008E+02   -.4008E+02   -.4009E+02   -.4010E+02   -.4011E+02   -.4012E+02   -.4013E+02   -.4014E+02   -.4015E+02   -.4016E+02   -.4017E+02   -.4018E+02   -.4020E+02   -.4021E+02   -.4022E+02   -.4024E+02   -.4026E+02   -.4028E+02   -.4030E+02   -.4032E+02   -.4035E+02   -.4038E+02   -.4041E+02   -.4045E+02   -.4049E+02   -.4054E+02   -.4060E+02   -.4066E+02   -.4074E+02   -.4083E+02   -.4092E+02   -.4099E+02   -.4098E+02   -.4081E+02   -.4030E+02   -.3968E+02   -.4250E+02   -.3946E+02   -.1050E+01   -.1247E+01   -.1310E+01   -.1351E+01   -.1379E+01   -.1399E+01   -.1414E+01   -.1426E+01   -.1435E+01   -.1442E+01   -.1448E+01   -.1453E+01   -.1457E+01   -.1461E+01   -.1464E+01   -.1466E+01   -.1468E+01   -.1470E+01   -.1472E+01   -.1473E+01   -.1475E+01   -.1476E+01   -.1477E+01   -.1477E+01   -.1478E+01   -.1479E+01   -.1480E+01   -.1480E+01   -.1481E+01   -.1481E+01   -.1482E+01   -.1482E+01   -.1482E+01   -.1483E+01   -.1483E+01   -.1483E+01   -.1483E+01   -.1484E+01   -.1484E+01   -.1484E+01   -.1484E+01   -.1484E+01   -.1485E+01   -.1485E+01   -.1485E+01   -.1485E+01   -.1485E+01   -.1485E+01   -.1485E+01   -.1485E+01   -.1486E+01
0.2730E+02   -.4002E+02   -.4002E+02   -.4003E+02   -.4004E+02   -.4004E+02   -.4005E+02   -.4006E+02   -.4006E+02   -.4007E+02   -.4008E+02   -.4009E+02   -.4010E+02   -.4010E+02   -.4011E+02   -.4012E+02   -.4013E+02   -.4014E+02   -.4015E+02   -.4016E+02   -.4018E+02   -.4019E+02   -.4020E+02   -.4022E+02   -.4023E+02   -.4025E+02   -.4027E+02   -.4029E+02   -.4031E+02   -.4034E+02   -.4037E+02   -.4040E+02   -.4043E+02   -.4047E+02   -.4052E+02   -.4057E+02   -.4064E+02   -.4071E+02   -.4080E+02   -.4089E+02   -.4097E+02   -.4100E+02   -.4091E+02   -.4055E+02   -.3986E+02   -.4018E+02   -.7254E+02   -.1123E+01   -.1325E+01   -.1401E+01   -.1451E+01   -.1485E+01   -.1509E+01   -.1527E+01   -.1541E+01   -.1552E+01   -.1560E+01   -.1567E+01   -.1573E+01   -.1578E+01   -.1582E+01   -.1585E+01   -.1588E+01   -.1590E+01   -.1592E+01   -.1594E+01   -.1596E+01   -.1597E+01   -.1598E+01   -.1599E+01   -.1600E+01   -.1601E+01   -.1602E+01   -.1603E+01   -.1603E+01   -.1604E+01   -.1605E+01   -.1605E+01   -.1605E+01   -.1606E+01   -.1606E+01   -.1607E+01   -.1607E+01   -.1607E+01   -.1607E+01   -.1608E+01   -.1608E+01   -.1608E+01   -.1608E+01   -.1608E+01   -.1609E+01   -.1609E+01   -.1609E+01   -.1609E+01   -.1609E+01   -.1609E+01   -.1609E+01   -.1609E+01   -.1610E+01
0.2752E+02   -.4002E+02   -.4002E+02   -.4003E+02   -.4004E+02   -.4005E+02   -.4005E+02   -.4006E+02   -.4007E+02   -.4007E+02   -.4008E+02   -.4009E+02   -.4010E+02   -.4011E+02   -.4012E+02   -.4013E+02   -.4014E+02   -.4015E+02   -.4016E+02   -.4017E+02   -.4018E+02   -.4020E+02   -.4021E+02   -.4023E+02   -.4024E+02   -.4026E+02   -.4028E+02   -.4030E+02   -.4033E+02   -.4035E+02   -.4038E+02   -.4042E+02   -.4046E+02   -.4050E+02   -.4055E+02   -.4061E+02   -.4068E+02   -.4076E+02   -.4085E+02   -.4094E+02   -.4100E+02   -.4096E+02   -.4071E+02   -.4007E+02   -.3961E+02   -.4848E+02   -.2102E+01   -.1508E+01   -.1598E+01   -.1662E+01   -.1706E+01   -.1737E+01   -.1759E+01   -.1776E+01   -.1790E+01   -.1800E+01   -.1809E+01   -.1816E+01   -.1822E+01   -.1826E+01   -.1830E+01   -.1834E+01   -.1837E+01   -.1839E+01   -.1841E+01   -.1843E+01   -.1845E+01   -.1847E+01   -.1848E+01   -.1849E+01   -.1850E+01   -.1851E+01   -.1852E+01   -.1853E+01   -.1853E+01   -.1854E+01   -.1854E+01   -.1855E+01   -.1855E+01   -.1856E+01   -.1856E+01   -.1857E+01   -.1857E+01   -.1857E+01   -.1858E+01   -.1858E+01   -.1858E+01   -.1858E+01   -.1858E+01   -.1859E+01   -.1859E+01   -.1859E+01   -.1859E+01   -.1859E+01   -.1859E+01   -.1860E+01   -.1860E+01   -.1860E+01   -.1860E+01
0.2773E+02   -.4002E+02   -.4003E+02   -.4003E+02   -.4004E+02   -.4005E+02   -.4005E+02   -.4006E+02   -.4007E+02   -.4008E+02   -.4009E+02   -.4009E+02   -.4010E+02   -.4011E+02   -.4012E+02   -.4013E+02   -.4014E+02   -.4015E+02   -.4017E+02   -.4018E+02   -.4019E+02   -.4021E+02   -.4022E+02   -.4024E+02   -.4025E+02   -.4027E+02   -.4030E+02   -.4032E+02   -.4034E+02   -.4037E+02   -.4041E+02   -.4044E+02   -.4049E+02   -.4054E+02   -.4059E+02   -.4066E+02   -.4074E+02   -.4083E+02   -.4092E+02   -.4100E+02   -.4102E+02   -.4084E+02   -.4044E+02   -.3928E+02   -.4204E+02   -.4830E+02   -.1137E+01   -.1244E+01   -.1307E+01   -.1349E+01   -.1379E+01   -.1400E+01   -.1415E+01   -.1426E+01   -.1436E+01   -.1443E+01   -.1450E+01   -.1455E+01   -.1459E+01   -.1462E+01   -.1465E+01   -.1468E+01   -.1470E+01   -.1472E+01   -.1473E+01   -.1475E+01   -.1476E+01   -.1477E+01   -.1478E+01   -.1479E+01   -.1480E+01   -.1481E+01   -.1481E+01   -.1482E+01   -.1482E+01   -.1483E+01   -.1483E+01   -.1483E+01   -.1484E+01   -.1484E+01   -.1484E+01   -.1485E+01   -.1485E+01   -.1485E+01   -.1485E+01   -.1486E+01   -.1486E+01   -.1486E+01   -.1486E+01   -.1486E+01   -.1487E+01   -.1487E+01   -.1487E+01   -.1487E+01   -.1487E+01   -.1487E+01   -.1487E+01   -.1487E+01   -.1487E+01
0.2795E+02   -.4002E+02   -.4003E+02   -.4004E+02   -.4004E+02   -.4005E+02   -.4006E+02   -.4007E+02   -.4007E+02   -.4008E+02   -.4009E+02   -.4010E+02   -.4011E+02   -.4012E+02   -.4013E+02   -.4014E+02   -.4015E+02   -.4016E+02   -.4017E+02   -.4019E+02   -.4020E+02   -.4022E+02   -.4023E+02   -.4025E+02   -.4027E+02   -.4029E+02   -.4031E+02   -.4034E+02   -.4036E+02   -.4040E+02   -.4043E+02   -.4047E+02   -.4052E+02   -.4058E+02   -.4064E+02   -.4072E+02   -.4081E+02   -.4090E+02   -.4101E+02   -.4101E+02   -.4110E+02   -.4031E+02   -.4101E+02   -.3581E+02   -.6600E+02   -.6361E+00   -.9256E+00   -.1069E+01   -.1150E+01   -.1200E+01   -.1233E+01   -.1256E+01   -.1273E+01   -.1285E+01   -.1295E+01   -.1302E+01   -.1308E+01   -.1313E+01   -.1317E+01   -.1321E+01   -.1324E+01   -.1326E+01   -.1328E+01   -.1330E+01   -.1332E+01   -.1333E+01   -.1334E+01   -.1335E+01   -.1336E+01   -.1337E+01   -.1338E+01   -.1338E+01   -.1339E+01   -.1339E+01   -.1340E+01   -.1340E+01   -.1341E+01   -.1341E+01   -.1341E+01   -.1342E+01   -.1342E+01   -.1342E+01   -.1343E+01   -.1343E+01   -.1343E+01   -.1343E+01   -.1343E+01   -.1343E+01   -.1344E+01   -.1344E+01   -.1344E+01   -.1344E+01   -.1344E+01   -.1344E+01   -.1344E+01   -.1344E+01   -.1344E+01   -.1345E+01   -.1345E+01
0.2817E+02   -.4002E+02   -.4003E+02   -.4004E+02   -.4004E+02   -.4005E+02   -.4006E+02   -.4007E+02   -.4008E+02   -.4008E+02   -.4009E+02   -.4010E+02   -.4011E+02   -.4012E+02   -.4013E+02   -.4014E+02   -.4015E+02   -.4017E+02   -.4018E+02   -.4019E+02   -.4021E+02   -.4022E+02   -.4024E+02   -.4026E+02   -.4028E+02   -.4030E+02   -.4033E+02   -.4035E+02   -.4038E+02   -.4042E+02   -.4046E+02   -.4050E+02   -.4056E+02   -.4062E+02   -.4069E+02   -.4077E+02   -.4087E+02   -.4096E+02   -.4104E+02   -.4096E+02   -.4083E+02   -.3992E+02   -.4122E+02   -.4207E+02   -.3750E+02   -.8051E+00   -.1104E+01   -.1200E+01   -.1257E+01   -.1294E+01   -.1318E+01   -.1336E+01   -.1349E+01   -.1358E+01   -.1366E+01   -.1372E+01   -.1377E+01   -.1382E+01   -.1385E+01   -.1388E+01   -.1390E+01   -.1392E+01   -.1394E+01   -.1396E+01   -.1397E+01   -.1398E+01   -.1399E+01   -.1400E+01   -.1401E+01   -.1402E+01   -.1402E+01   -.1403E+01   -.1403E+01   -.1404E+01   -.1404E+01   -.1405E+01   -.1405E+01   -.1406E+01   -.1406E+01   -.1406E+01   -.1406E+01   -.1407E+01   -.1407E+01   -.1407E+01   -.1407E+01   -.1407E+01   -.1408E+01   -.1408E+01   -.1408E+01   -.1408E+01   -.1408E+01   -.1408E+01   -.1408E+01   -.1409E+01   -.1409E+01   -.1409E+01   -.1409E+01   -.1409E+01   -.1409E+01
0.2838E+02   -.4002E+02   -.4003E+02   -.4004E+02   -.4004E+02   -.4005E+02   -.4006E+02   -.4007E+02   -.4008E+02   -.4009E+02   -.4009E+02   -.4010E+02   -.4011E+02   -.4012E+02   -.4014E+02   -.4015E+02   -.4016E+02   -.4017E+02   -.4019E+02   -.4020E+02   -.4022E+02   -.4023E+02   -.4025E+02   -.4027E+02   -.4029E+02   -.4031E+02   -.4034E+02   -.4037E+02   -.4040E+02   -.4044E+02   -.4048E+02   -.4053E+02   -.4059E+02   -.4066E+02   -.4074E+02   -.4083E+02   -.4093E+02   -.4101E+02   -.4102E+02   -.4086E+02   -.4041E+02   -.3995E+02   -.4241E+02   -.4209E+02   -.2497E+00   -.1294E+01   -.1273E+01   -.1285E+01   -.1299E+01   -.1312E+01   -.1322E+01   -.1330E+01   -.1337E+01   -.1342E+01   -.1346E+01   -.1350E+01   -.1353E+01   -.1355E+01   -.1357E+01   -.1359E+01   -.1361E+01   -.1362E+01   -.1363E+01   -.1365E+01   -.1366E+01   -.1366E+01   -.1367E+01   -.1368E+01   -.1368E+01   -.1369E+01   -.1369E+01   -.1370E+01   -.1370E+01   -.1371E+01   -.1371E+01   -.1371E+01   -.1372E+01   -.1372E+01   -.1372E+01   -.1373E+01   -.1373E+01   -.1373E+01   -.1373E+01   -.1373E+01   -.1374E+01   -.1374E+01   -.1374E+01   -.1374E+01   -.1374E+01   -.1374E+01   -.1374E+01   -.1374E+01   -.1375E+01   -.1375E+01   -.1375E+01   -.1375E+01   -.1375E+01   -.1375E+01   -.1375E+01
0.2860E+02   -.4002E+02   -.4003E+02   -.4004E+02   -.4004E+02   -.4005E+02   -.4006E+02   -.4007E+02   -.4008E+02   -.4009E+02   -.4010E+02   -.4011E+02   -.4012E+02   -.4013E+02   -.4014E+02   -.4015E+02   -.4017E+02   -.4018E+02   -.4019E+02   -.4021E+02   -.4022E+02   -.4024E+02   -.4026E+02   -.4028E+02   -.4030E+02   -.4033E+02   -.4036E+02   -.4039E+02   -.4043E+02   -.4047E+02   -.4051E+02   -.4057E+02   -.4064E+02   -.4071E+02   -.4080E+02   -.4089E+02   -.4098E+02   -.4103E+02   -.4094E+02   -.4061E+02   -.3989E+02   -.4088E+02   -.4792E+02   -.9645E+01   -.1712E+01   -.1260E+01   -.1272E+01   -.1290E+01   -.1306E+01   -.1318E+01   -.1328E+01   -.1336E+01   -.1342E+01   -.1346E+01   -.1350E+01   -.1354E+01   -.1357E+01   -.1359E+01   -.1361E+01   -.1363E+01   -.1364E+01   -.1366E+01   -.1367E+01   -.1368E+01   -.1369E+01   -.1369E+01   -.1370E+01   -.1371E+01   -.1371E+01   -.1372E+01   -.1372E+01   -.1373E+01   -.1373E+01   -.1374E+01   -.1374E+01   -.1374E+01   -.1375E+01   -.1375E+01   -.1375E+01   -.1375E+01   -.1376E+01   -.1376E+01   -.1376E+01   -.1376E+01   -.1376E+01   -.1377E+01   -.1377E+01   -.1377E+01   -.1377E+01   -.1377E+01   -.1377E+01   -.1377E+01   -.1377E+01   -.1377E+01   -.1378E+01   -.1378E+01   -.1378E+01   -.1378E+01   -.1378E+01
0.2882E+02   -.4002E+02   -.4003E+02   -.4004E+02   -.4005E+02   -.4005E+02   -.4006E+02   -.4007E+02   -.4008E+02   -.4009E+02   -.4010E+02   -.4011E+02   -.4012E+02   -.4013E+02   -.4015E+02   -.4016E+02   -.4017E+02   -.4019E+02   -.4020E+02   -.4022E+02   -.4023E+02   -.4025E+02   -.4027E+02   -.4030E+02   -.4032E+02   -.4035E+02   -.4038E+02   -.4041E+02   -.4045E+02   -.4050E+02   -.4055E+02   -.4061E+02   -.4068E+02   -.4077E+02   -.4086E+02   -.4095E+02   -.4101E+02   -.4098E+02   -.4074E+02   -.4017E+02   -.4038E+02   -.4496E+02   -.2712E+02   -.8652E+00   -.1556E+01   -.1260E+01   -.1282E+01   -.1300E+01   -.1314E+01   -.1325E+01   -.1333E+01   -.1340E+01   -.1345E+01   -.1350E+01   -.1353E+01   -.1356E+01   -.1359E+01   -.1361E+01   -.1363E+01   -.1364E+01   -.1366E+01   -.1367E+01   -.1368E+01   -.1369E+01   -.1370E+01   -.1371E+01   -.1371E+01   -.1372E+01   -.1373E+01   -.1373E+01   -.1373E+01   -.1374E+01   -.1374E+01   -.1375E+01   -.1375E+01   -.1375E+01   -.1376E+01   -.1376E+01   -.1376E+01   -.1376E+01   -.1377E+01   -.1377E+01   -.1377E+01   -.1377E+01   -.1377E+01   -.1377E+01   -.1378E+01   -.1378E+01   -.1378E+01   -.1378E+01   -.1378E+01   -.1378E+01   -.1378E+01   -.1378E+01   -.1378E+01   -.1378E+01   -.1378E+01   -.1379E+01   -.1379E+01
0.2903E+02   -.4002E+02   -.4003E+02   -.4004E+02   -.4005E+02   -.4006E+02   -.4007E+02   -.4008E+02   -.4008E+02   -.4009E+02   -.4011E+02   -.4012E+02   -.4013E+02   -.4014E+02   -.4015E+02   -.4016E+02   -.4018E+02   -.4019E+02   -.4021E+02   -.4023E+02   -.4024E+02   -.4026E+02   -.4029E+02   -.4031E+02   -.4034E+02   -.4036E+02   -.4040E+02   -.4043E+02   -.4048E+02   -.4053E+02   -.4059E+02   -.4065E+02   -.4073E+02   -.4082E+02   -.4092E+02   -.4100E+02   -.4102E+02   -.4088E+02   -.4045E+02   -.3987E+02   -.4201E+02   -.4460E+02   0.9746E-01   -.2177E+01   -.8803E+00   -.1275E+01   -.1296E+01   -.1311E+01   -.1323E+01   -.1332E+01   -.1339E+01   -.1344E+01   -.1349E+01   -.1352E+01   -.1355E+01   -.1358E+01   -.1360E+01   -.1362E+01   -.1364E+01   -.1365E+01   -.1367E+01   -.1368E+01   -.1369E+01   -.1370E+01   -.1370E+01   -.1371E+01   -.1372E+01   -.1372E+01   -.1373E+01   -.1373E+01   -.1374E+01   -.1374E+01   -.1374E+01   -.1375E+01   -.1375E+01   -.1375E+01   -.1376E+01   -.1376E+01   -.1376E+01   -.1376E+01   -.1376E+01   -.1377E+01   -.1377E+01   -.1377E+01   -.1377E+01   -.1377E+01   -.1377E+01   -.1378E+01   -.1378E+01   -.1378E+01   -.1378E+01   -.1378E+01   -.1378E+01   -.1378E+01   -.1378E+01   -.1378E+01   -.1378E+01   -.1378E+01   -.1378E+01
0.2925E+02   -.4002E+02   -.4003E+02   -.4004E+02   -.4005E+02   -.4006E+02   -.4007E+02   -.4008E+02   -.4009E+02   -.4010E+02   -.4011E+02   -.4012E+02   -.4013E+02   -.4014E+02   -.4016E+02   -.4017E+02   -.4019E+02   -.4020E+02   -.4022E+02   -.4024E+02   -.4025E+02   -.4028E+02   -.4030E+02   -.4032E+02   -.4035E+02   -.4038E+02   -.4042E+02   -.4046E+02   -.4051E+02   -.4056E+02   -.4063E+02   -.4070E+02   -.4079E+02   -.4089E+02   -.4097E+02   -.4102E+02   -.4094E+02   -.4063E+02   -.3993E+02   -.4080E+02   -.4749E+02   -.1212E+02   -.1674E+01   -.1134E+01   -.1304E+01   -.1289E+01   -.1305E+01   -.1318E+01   -.1328E+01   -.1336E+01   -.1342E+01   -.1347E+01   -.1351E+01   -.1354E+01   -.1357E+01   -.1359E+01   -.1361E+01   -.1363E+01   -.1365E+01   -.1366E+01   -.1367E+01   -.1368E+01   -.1369E+01   -.1370E+01   -.1371E+01   -.1371E+01   -.1372E+01   -.1372E+01   -.1373E+01   -.1373E+01   -.1374E+01   -.1374E+01   -.1375E+01   -.1375E+01   -.1375E+01   -.1375E+01   -.1376E+01   -.1376E+01   -.1376E+01   -.1376E+01   -.1377E+01   -.1377E+01   -.1377E+01   -.1377E+01   -.1377E+01   -.1377E+01   -.1377E+01   -.1378E+01   -.1378E+01   -.1378E+01   -.1378E+01   -.1378E+01   -.1378E+01   -.1378E+01   -.1378E+01   -.1378E+01   -.1378E+01   -.1378E+01   -.1378E+01
0.2947E+02   -.4002E+02   -.4003E+02   -.4004E+02   -.4005E+02   -.4006E+02   -.4007E+02   -.4008E+02   -.4009E+02   -.4010E+02   -.4011E+02   -.4012E+02   -.4014E+02   -.4015E+02   -.4016E+02   -.4018E+02   -.4019E+02   -.4021E+02   -.4023E+02   -.4025E+02   -.4027E+02   -.4029E+02   -.4031E+02   -.4034E+02   -.4037E+02   -.4041E+02   -.4044E+02   -.4049E+02   -.4054E+02   -.4060E+02   -.4068E+02   -.4076E+02   -.4085E+02   -.4094E+02   -.4101E+02   -.4098E+02   -.4076E+02   -.4021E+02   -.4030E+02   -.4453E+02   -.2960E+02   -.7167E+00   -.1703E+01   -.1041E+01   -.1363E+01   -.1300E+01   -.1314E+01   -.1325E+01   -.1333E+01   -.1340E+01   -.1345E+01   -.1350E+01   -.1353E+01   -.1356E+01   -.1359E+01   -.1361E+01   -.1363E+01   -.1364E+01   -.1366E+01   -.1367E+01   -.1368E+01   -.1369E+01   -.1370E+01   -.1370E+01   -.1371E+01   -.1372E+01   -.1372E+01   -.1373E+01   -.1373E+01   -.1374E+01   -.1374E+01   -.1374E+01   -.1375E+01   -.1375E+01   -.1375E+01   -.1376E+01   -.1376E+01   -.1376E+01   -.1376E+01   -.1376E+01   -.1377E+01   -.1377E+01   -.1377E+01   -.1377E+01   -.1377E+01   -.1377E+01   -.1378E+01   -.1378E+01   -.1378E+01   -.1378E+01   -.1378E+01   -.1378E+01   -.1378E+01   -.1378E+01   -.1378E+01   -.1378E+01   -.1378E+01   -.1378E+01   -.1378E+01
0.2968E+02   -.4002E+02   -.4003E+02   -.4004E+02   -.4005E+02   -.4006E+02   -.4007E+02   -.4008E+02   -.4009E+02   -.4011E+02   -.4012E+02   -.4013E+02   -.4014E+02   -.4016E+02   -.4017E+02   -.4019E+02   -.4020E+02   -.4022E+02   -.4024E+02   -.4026E+02   -.4028E+02   -.4030E+02   -.4033E+02   -.4036E+02   -.4039E+02   -.4043E+02   -.4047E+02   -.4052E+02   -.4058E+02   -.4065E+02   -.4073E+02   -.4082E+02   -.4091E+02   -.4099E+02   -.4102E+02   -.4089E+02   -.4049E+02   -.3980E+02   -.4158E+02   -.4709E+02   0.2435E+00   -.2278E+01   -.7635E+00   -.1488E+01   -.1214E+01   -.1309E+01   -.1322E+01   -.1331E+01   -.1338E+01   -.1344E+01   -.1348E+01   -.1352E+01   -.1355E+01   -.1358E+01   -.1360E+01   -.1362E+01   -.1364E+01   -.1365E+01   -.1366E+01   -.1368E+01   -.1369E+01   -.1369E+01   -.1370E+01   -.1371E+01   -.1372E+01   -.1372E+01   -.1373E+01   -.1373E+01   -.1374E+01   -.1374E+01   -.1374E+01   -.1375E+01   -.1375E+01   -.1375E+01   -.1376E+01   -.1376E+01   -.1376E+01   -.1376E+01   -.1376E+01   -.1377E+01   -.1377E+01   -.1377E+01   -.1377E+01   -.1377E+01   -.1377E+01   -.1377E+01   -.1378E+01   -.1378E+01   -.1378E+01   -.1378E+01   -.1378E+01   -.1378E+01   -.1378E+01   -.1378E+01   -.1378E+01   -.1378E+01   -.1378E+01   -.1378E+01   -.1378E+01
0.2990E+02   -.4003E+02   -.4004E+02   -.4004E+02   -.4005E+02   -.4007E+02   -.4008E+02   -.4009E+02   -.4010E+02   -.4011E+02   -.4012E+02   -.4013E+02   -.4015E+02   -.4016E+02   -.4018E+02   -.4019E+02   -.4021E+02   -.4023E+02   -.4025E+02   -.4027E+02   -.4029E+02   -.4032E+02   -.4035E+02   -.4038E+02   -.4041E+02   -.4045E+02   -.4050E+02   -.4056E+02   -.4062E+02   -.4070E+02   -.4078E+02   -.4088E+02   -.4097E+02   -.4102E+02   -.4095E+02   -.4064E+02   -.3997E+02   -.4073E+02   -.4706E+02   -.1461E+02   -.1538E+01   -.1214E+01   -.1273E+01   -.1285E+01   -.1305E+01   -.1317E+01   -.1327E+01   -.1335E+01   -.1342E+01   -.1347E+01   -.1351E+01   -.1354E+01   -.1357E+01   -.1359E+01   -.1361E+01   -.1363E+01   -.1365E+01   -.1366E+01   -.1367E+01   -.1368E+01   -.1369E+01   -.1370E+01   -.1371E+01   -.1371E+01   -.1372E+01   -.1372E+01   -.1373E+01   -.1373E+01   -.1374E+01   -.1374E+01   -.1375E+01   -.1375E+01   -.1375E+01   -.1375E+01   -.1376E+01   -.1376E+01   -.1376E+01   -.1376E+01   -.1377E+01   -.1377E+01   -.1377E+01   -.1377E+01   -.1377E+01   -.1377E+01   -.1377E+01   -.1378E+01   -.1378E+01   -.1378E+01   -.1378E+01   -.1378E+01   -.1378E+01   -.1378E+01   -.1378E+01   -.1378E+01   -.1378E+01   -.1378E+01   -.1378E+01   -.1378E+01   -.1379E+01
0.3012E+02   -.4003E+02   -.4004E+02   -.4005E+02   -.4006E+02   -.4007E+02   -.4008E+02   -.4009E+02   -.4010E+02   -.4011E+02   -.4013E+02   -.4014E+02   -.4015E+02   -.4017E+02   -.4018E+02   -.4020E+02   -.4022E+02   -.4024E+02   -.4026E+02   -.4028E+02   -.4031E+02   -.4033E+02   -.4036E+02   -.4040E+02   -.4044E+02   -.4048E+02   -.4053E+02   -.4060E+02   -.4067E+02   -.4075E+02   -.4084E+02   -.4094E+02   -.4100E+02   -.4099E+02   -.4078E+02   -.4025E+02   -.4023E+02   -.4411E+02   -.3210E+02   -.5786E+00   -.1787E+01   -.9976E+00   -.1396E+01   -.1248E+01   -.1331E+01   -.1324E+01   -.1333E+01   -.1339E+01   -.1345E+01   -.1349E+01   -.1353E+01   -.1356E+01   -.1358E+01   -.1361E+01   -.1362E+01   -.1364E+01   -.1365E+01   -.1367E+01   -.1368E+01   -.1369E+01   -.1370E+01   -.1370E+01   -.1371E+01   -.1372E+01   -.1372E+01   -.1373E+01   -.1373E+01   -.1374E+01   -.1374E+01   -.1374E+01   -.1375E+01   -.1375E+01   -.1375E+01   -.1376E+01   -.1376E+01   -.1376E+01   -.1376E+01   -.1376E+01   -.1377E+01   -.1377E+01   -.1377E+01   -.1377E+01   -.1377E+01   -.1377E+01   -.1378E+01   -.1378E+01   -.1378E+01   -.1378E+01   -.1378E+01   -.1378E+01   -.1378E+01   -.1378E+01   -.1378E+01   -.1378E+01   -.1378E+01   -.1378E+01   -.1378E+01   -.1379E+01   -.1379E+01
0.3033E+02   -.4003E+02   -.4004E+02   -.4005E+02   -.4006E+02   -.4007E+02   -.4008E+02   -.4009E+02   -.4011E+02   -.4012E+02   -.4013E+02   -.4015E+02   -.4016E+02   -.4018E+02   -.4019E+02   -.4021E+02   -.4023E+02   -.4025E+02   -.4027E+02   -.4029E+02   -.4032E+02   -.4035E+02   -.4038E+02   -.4042E+02   -.4046E+02   -.4051E+02   -.4057E+02   -.4064E+02   -.4072E+02   -.4081E+02   -.4090E+02   -.4099E+02   -.4103E+02   -.4091E+02   -.4053E+02   -.3973E+02   -.4116E+02   -.4959E+02   0.3810E+00   -.2361E+01   -.7221E+00   -.1509E+01   -.1189E+01   -.1353E+01   -.1304E+01   -.1330E+01   -.1338E+01   -.1343E+01   -.1348E+01   -.1352E+01   -.1355E+01   -.1358E+01   -.1360E+01   -.1362E+01   -.1364E+01   -.1365E+01   -.1366E+01   -.1367E+01   -.1368E+01   -.1369E+01   -.1370E+01   -.1371E+01   -.1371E+01   -.1372E+01   -.1373E+01   -.1373E+01   -.1373E+01   -.1374E+01   -.1374E+01   -.1375E+01   -.1375E+01   -.1375E+01   -.1375E+01   -.1376E+01   -.1376E+01   -.1376E+01   -.1376E+01   -.1377E+01   -.1377E+01   -.1377E+01   -.1377E+01   -.1377E+01   -.1377E+01   -.1377E+01   -.1378E+01   -.1378E+01   -.1378E+01   -.1378E+01   -.1378E+01   -.1378E+01   -.1378E+01   -.1378E+01   -.1378E+01   -.1378E+01   -.1378E+01   -.1378E+01   -.1379E+01   -.1379E+01   -.1379E+01
0.3055E+02   -.4003E+02   -.4004E+02   -.4005E+02   -.4006E+02   -.4007E+02   -.4008E+02   -.4010E+02   -.4011E+02   -.4012E+02   -.4014E+02   -.4015E+02   -.4017E+02   -.4018E+02   -.4020E+02   -.4022E+02   -.4024E+02   -.4026E+02   -.4028E+02   -.4031E+02   -.4034E+02   -.4037E+02   -.4041E+02   -.4045E+02   -.4049E+02   -.4055E+02   -.4061E+02   -.4069E+02   -.4077E+02   -.4087E+02   -.4096E+02   -.4101E+02   -.4095E+02   -.4066E+02   -.4001E+02   -.4066E+02   -.4664E+02   -.1711E+02   -.1401E+01   -.1296E+01   -.1233E+01   -.1301E+01   -.1296E+01   -.1319E+01   -.1326E+01   -.1335E+01   -.1341E+01   -.1346E+01   -.1350E+01   -.1354E+01   -.1357E+01   -.1359E+01   -.1361E+01   -.1363E+01   -.1364E+01   -.1366E+01   -.1367E+01   -.1368E+01   -.1369E+01   -.1370E+01   -.1371E+01   -.1371E+01   -.1372E+01   -.1372E+01   -.1373E+01   -.1373E+01   -.1374E+01   -.1374E+01   -.1374E+01   -.1375E+01   -.1375E+01   -.1375E+01   -.1376E+01   -.1376E+01   -.1376E+01   -.1376E+01   -.1377E+01   -.1377E+01   -.1377E+01   -.1377E+01   -.1377E+01   -.1377E+01   -.1377E+01   -.1378E+01   -.1378E+01   -.1378E+01   -.1378E+01   -.1378E+01   -.1378E+01   -.1378E+01   -.1378E+01   -.1378E+01   -.1378E+01   -.1378E+01   -.1378E+01   -.1378E+01   -.1379E+01   -.1379E+01   -.1379E+01
0.3077E+02   -.4003E+02   -.4004E+02   -.4005E+02   -.4006E+02   -.4008E+02   -.4009E+02   -.4010E+02   -.4011E+02   -.4013E+02   -.4014E+02   -.4016E+02   -.4017E+02   -.4019E+02   -.4021E+02   -.4023E+02   -.4025E+02   -.4027E+02   -.4030E+02   -.4032E+02   -.4036E+02   -.4039E+02   -.4043E+02   -.4047E+02   -.4053E+02   -.4059E+02   -.4066E+02   -.4074E+02   -.4083E+02   -.4093E+02   -.4100E+02   -.4099E+02   -.4079E+02   -.4028E+02   -.4015E+02   -.4368E+02   -.3460E+02   -.4415E+00   -.1869E+01   -.9580E+00   -.1413E+01   -.1238E+01   -.1338E+01   -.1312E+01   -.1336E+01   -.1339E+01   -.1345E+01   -.1349E+01   -.1353E+01   -.1356E+01   -.1358E+01   -.1361E+01   -.1362E+01   -.1364E+01   -.1365E+01   -.1367E+01   -.1368E+01   -.1369E+01   -.1370E+01   -.1370E+01   -.1371E+01   -.1372E+01   -.1372E+01   -.1373E+01   -.1373E+01   -.1374E+01   -.1374E+01   -.1374E+01   -.1375E+01   -.1375E+01   -.1375E+01   -.1376E+01   -.1376E+01   -.1376E+01   -.1376E+01   -.1376E+01   -.1377E+01   -.1377E+01   -.1377E+01   -.1377E+01   -.1377E+01   -.1377E+01   -.1378E+01   -.1378E+01   -.1378E+01   -.1378E+01   -.1378E+01   -.1378E+01   -.1378E+01   -.1378E+01   -.1378E+01   -.1378E+01   -.1378E+01   -.1378E+01   -.1378E+01   -.1379E+01   -.1379E+01   -.1379E+01   -.1379E+01
0.3098E+02   -.4003E+02   -.4004E+02   -.4005E+02   -.4007E+02   -.4008E+02   -.4009E+02   -.4010E+02   -.4012E+02   -.4013E+02   -.4015E+02   -.4016E+02   -.4018E+02   -.4020E+02   -.4022E+02   -.4024E+02   -.4026E+02   -.4028E+02   -.4031E+02   -.4034E+02   -.4037E+02   -.4041E+02   -.4045E+02   -.4050E+02   -.4056E+02   -.4063E+02   -.4071E+02   -.4080E+02   -.4089E+02   -.4098E+02   -.4102E+02   -.4091E+02   -.4054E+02   -.3976E+02   -.4108E+02   -.4916E+02   -.2117E+01   -.2224E+01   -.8039E+00   -.1469E+01   -.1205E+01   -.1346E+01   -.1303E+01   -.1336E+01   -.1334E+01   -.1343E+01   -.1348E+01   -.1352E+01   -.1355E+01   -.1358E+01   -.1360E+01   -.1362E+01   -.1364E+01   -.1365E+01   -.1366E+01   -.1367E+01   -.1368E+01   -.1369E+01   -.1370E+01   -.1371E+01   -.1371E+01   -.1372E+01   -.1373E+01   -.1373E+01   -.1373E+01   -.1374E+01   -.1374E+01   -.1375E+01   -.1375E+01   -.1375E+01   -.1375E+01   -.1376E+01   -.1376E+01   -.1376E+01   -.1376E+01   -.1377E+01   -.1377E+01   -.1377E+01   -.1377E+01   -.1377E+01   -.1377E+01   -.1377E+01   -.1378E+01   -.1378E+01   -.1378E+01   -.1378E+01   -.1378E+01   -.1378E+01   -.1378E+01   -.1378E+01   -.1378E+01   -.1378E+01   -.1378E+01   -.1378E+01   -.1379E+01   -.1379E+01   -.1379E+01   -.1379E+01   -.1379E+01
0.3120E+02   -.4003E+02   -.4004E+02   -.4006E+02   -.4007E+02   -.4008E+02   -.4009E+02   -.4011E+02   -.4012E+02   -.4014E+02   -.4015E+02   -.4017E+02   -.4019E+02   -.4021E+02   -.4023E+02   -.4025E+02   -.4027E+02   -.4030E+02   -.4033E+02   -.4036E+02   -.4040E+02   -.4044E+02   -.4048E+02   -.4054E+02   -.4060E+02   -.4068E+02   -.4076E+02   -.4086E+02   -.4095E+02   -.4100E+02   -.4095E+02   -.4067E+02   -.4004E+02   -.4058E+02   -.4621E+02   -.1960E+02   -.1264E+01   -.1377E+01   -.1194E+01   -.1317E+01   -.1288E+01   -.1322E+01   -.1323E+01   -.1335E+01   -.1340E+01   -.1346E+01   -.1350E+01   -.1354E+01   -.1357E+01   -.1359E+01   -.1361E+01   -.1363E+01   -.1364E+01   -.1366E+01   -.1367E+01   -.1368E+01   -.1369E+01   -.1370E+01   -.1371E+01   -.1371E+01   -.1372E+01   -.1372E+01   -.1373E+01   -.1373E+01   -.1374E+01   -.1374E+01   -.1374E+01   -.1375E+01   -.1375E+01   -.1375E+01   -.1376E+01   -.1376E+01   -.1376E+01   -.1376E+01   -.1377E+01   -.1377E+01   -.1377E+01   -.1377E+01   -.1377E+01   -.1377E+01   -.1377E+01   -.1378E+01   -.1378E+01   -.1378E+01   -.1378E+01   -.1378E+01   -.1378E+01   -.1378E+01   -.1378E+01   -.1378E+01   -.1378E+01   -.1378E+01   -.1378E+01   -.1379E+01   -.1379E+01   -.1379E+01   -.1379E+01   -.1379E+01   -.1379E+01
0.3142E+02   -.4003E+02   -.4004E+02   -.4006E+02   -.4007E+02   -.4008E+02   -.4010E+02   -.4011E+02   -.4013E+02   -.4014E+02   -.4016E+02   -.4018E+02   -.4020E+02   -.4022E+02   -.4024E+02   -.4026E+02   -.4029E+02   -.4031E+02   -.4035E+02   -.4038E+02   -.4042E+02   -.4046E+02   -.4052E+02   -.4058E+02   -.4065E+02   -.4073E+02   -.4082E+02   -.4092E+02   -.4099E+02   -.4099E+02   -.4081E+02   -.4032E+02   -.4008E+02   -.4326E+02   -.3709E+02   -.3044E+00   -.1951E+01   -.9186E+00   -.1429E+01   -.1230E+01   -.1340E+01   -.1310E+01   -.1337E+01   -.1336E+01   -.1345E+01   -.1349E+01   -.1353E+01   -.1356E+01   -.1358E+01   -.1360E+01   -.1362E+01   -.1364E+01   -.1365E+01   -.1367E+01   -.1368E+01   -.1369E+01   -.1369E+01   -.1370E+01   -.1371E+01   -.1372E+01   -.1372E+01   -.1373E+01   -.1373E+01   -.1374E+01   -.1374E+01   -.1374E+01   -.1375E+01   -.1375E+01   -.1375E+01   -.1376E+01   -.1376E+01   -.1376E+01   -.1376E+01   -.1376E+01   -.1377E+01   -.1377E+01   -.1377E+01   -.1377E+01   -.1377E+01   -.1377E+01   -.1378E+01   -.1378E+01   -.1378E+01   -.1378E+01   -.1378E+01   -.1378E+01   -.1378E+01   -.1378E+01   -.1378E+01   -.1378E+01   -.1378E+01   -.1378E+01   -.1379E+01   -.1379E+01   -.1379E+01   -.1379E+01   -.1379E+01   -.1379E+01   -.1379E+01
0.3163E+02   -.4003E+02   -.4005E+02   -.4006E+02   -.4007E+02   -.4009E+02   -.4010E+02   -.4012E+02   -.4013E+02   -.4015E+02   -.4017E+02   -.4019E+02   -.4021E+02   -.4023E+02   -.4025E+02   -.4027E+02   -.4030E+02   -.4033E+02   -.4036E+02   -.4040E+02   -.4044E+02   -.4049E+02   -.4055E+02   -.4062E+02   -.4070E+02   -.4079E+02   -.4088E+02   -.4097E+02   -.4101E+02   -.4091E+02   -.4056E+02   -.3980E+02   -.4101E+02   -.4874E+02   -.4615E+01   -.2086E+01   -.8858E+00   -.1430E+01   -.1220E+01   -.1337E+01   -.1306E+01   -.1335E+01   -.1334E+01   -.1343E+01   -.1347E+01   -.1351E+01   -.1355E+01   -.1357E+01   -.1360E+01   -.1362E+01   -.1363E+01   -.1365E+01   -.1366E+01   -.1367E+01   -.1368E+01   -.1369E+01   -.1370E+01   -.1371E+01   -.1371E+01   -.1372E+01   -.1372E+01   -.1373E+01   -.1373E+01   -.1374E+01   -.1374E+01   -.1375E+01   -.1375E+01   -.1375E+01   -.1375E+01   -.1376E+01   -.1376E+01   -.1376E+01   -.1376E+01   -.1377E+01   -.1377E+01   -.1377E+01   -.1377E+01   -.1377E+01   -.1377E+01   -.1377E+01   -.1378E+01   -.1378E+01   -.1378E+01   -.1378E+01   -.1378E+01   -.1378E+01   -.1378E+01   -.1378E+01   -.1378E+01   -.1378E+01   -.1378E+01   -.1379E+01   -.1379E+01   -.1379E+01   -.1379E+01   -.1379E+01   -.1379E+01   -.1379E+01   -.1379E+01
0.3185E+02   -.4003E+02   -.4005E+02   -.4006E+02   -.4008E+02   -.4009E+02   -.4011E+02   -.4012E+02   -.4014E+02   -.4016E+02   -.4017E+02   -.4019E+02   -.4021E+02   -.4024E+02   -.4026E+02   -.4029E+02   -.4032E+02   -.4035E+02   -.4039E+02   -.4043E+02   -.4047E+02   -.4053E+02   -.4059E+02   -.4067E+02   -.4075E+02   -.4085E+02   -.4094E+02   -.4100E+02   -.4095E+02   -.4069E+02   -.4008E+02   -.4050E+02   -.4578E+02   -.2210E+02   -.1127E+01   -.1459E+01   -.1155E+01   -.1332E+01   -.1279E+01   -.1324E+01   -.1321E+01   -.1335E+01   -.1339E+01   -.1346E+01   -.1350E+01   -.1354E+01   -.1356E+01   -.1359E+01   -.1361E+01   -.1363E+01   -.1364E+01   -.1366E+01   -.1367E+01   -.1368E+01   -.1369E+01   -.1370E+01   -.1370E+01   -.1371E+01   -.1372E+01   -.1372E+01   -.1373E+01   -.1373E+01   -.1374E+01   -.1374E+01   -.1374E+01   -.1375E+01   -.1375E+01   -.1375E+01   -.1376E+01   -.1376E+01   -.1376E+01   -.1376E+01   -.1377E+01   -.1377E+01   -.1377E+01   -.1377E+01   -.1377E+01   -.1377E+01   -.1377E+01   -.1378E+01   -.1378E+01   -.1378E+01   -.1378E+01   -.1378E+01   -.1378E+01   -.1378E+01   -.1378E+01   -.1378E+01   -.1378E+01   -.1378E+01   -.1378E+01   -.1379E+01   -.1379E+01   -.1379E+01   -.1379E+01   -.1379E+01   -.1379E+01   -.1379E+01   -.1379E+01
0.3207E+02   -.4004E+02   -.4005E+02   -.4006E+02   -.4008E+02   -.4009E+02   -.4011E+02   -.4013E+02   -.4014E+02   -.4016E+02   -.4018E+02   -.4020E+02   -.4022E+02   -.4025E+02   -.4027E+02   -.4030E+02   -.4033E+02   -.4037E+02   -.4041E+02   -.4045E+02   -.4051E+02   -.4057E+02   -.4064E+02   -.4072E+02   -.4081E+02   -.4091E+02   -.4098E+02   -.4099E+02   -.4082E+02   -.4036E+02   -.4000E+02   -.4283E+02   -.3958E+02   -.1673E+00   -.2033E+01   -.8792E+00   -.1444E+01   -.1221E+01   -.1343E+01   -.1308E+01   -.1337E+01   -.1335E+01   -.1345E+01   -.1348E+01   -.1352E+01   -.1355E+01   -.1358E+01   -.1360E+01   -.1362E+01   -.1364E+01   -.1365E+01   -.1367E+01   -.1368E+01   -.1369E+01   -.1369E+01   -.1370E+01   -.1371E+01   -.1372E+01   -.1372E+01   -.1373E+01   -.1373E+01   -.1374E+01   -.1374E+01   -.1374E+01   -.1375E+01   -.1375E+01   -.1375E+01   -.1376E+01   -.1376E+01   -.1376E+01   -.1376E+01   -.1376E+01   -.1377E+01   -.1377E+01   -.1377E+01   -.1377E+01   -.1377E+01   -.1377E+01   -.1378E+01   -.1378E+01   -.1378E+01   -.1378E+01   -.1378E+01   -.1378E+01   -.1378E+01   -.1378E+01   -.1378E+01   -.1378E+01   -.1378E+01   -.1378E+01   -.1379E+01   -.1379E+01   -.1379E+01   -.1379E+01   -.1379E+01   -.1379E+01   -.1379E+01   -.1379E+01   -.1379E+01
0.3228E+02   -.4004E+02   -.4005E+02   -.4007E+02   -.4008E+02   -.4010E+02   -.4011E+02   -.4013E+02   -.4015E+02   -.4017E+02   -.4019E+02   -.4021E+02   -.4024E+02   -.4026E+02   -.4029E+02   -.4032E+02   -.4035E+02   -.4039E+02   -.4043E+02   -.4048E+02   -.4054E+02   -.4061E+02   -.4069E+02   -.4077E+02   -.4087E+02   -.4096E+02   -.4100E+02   -.4091E+02   -.4057E+02   -.3983E+02   -.4093E+02   -.4831E+02   -.7113E+01   -.1949E+01   -.9676E+00   -.1390E+01   -.1236E+01   -.1329E+01   -.1308E+01   -.1333E+01   -.1334E+01   -.1343E+01   -.1346E+01   -.1351E+01   -.1354E+01   -.1357E+01   -.1360E+01   -.1362E+01   -.1363E+01   -.1365E+01   -.1366E+01   -.1367E+01   -.1368E+01   -.1369E+01   -.1370E+01   -.1371E+01   -.1371E+01   -.1372E+01   -.1372E+01   -.1373E+01   -.1373E+01   -.1374E+01   -.1374E+01   -.1375E+01   -.1375E+01   -.1375E+01   -.1375E+01   -.1376E+01   -.1376E+01   -.1376E+01   -.1376E+01   -.1377E+01   -.1377E+01   -.1377E+01   -.1377E+01   -.1377E+01   -.1377E+01   -.1377E+01   -.1378E+01   -.1378E+01   -.1378E+01   -.1378E+01   -.1378E+01   -.1378E+01   -.1378E+01   -.1378E+01   -.1378E+01   -.1378E+01   -.1378E+01   -.1379E+01   -.1379E+01   -.1379E+01   -.1379E+01   -.1379E+01   -.1379E+01   -.1379E+01   -.1379E+01   -.1379E+01   -.1379E+01
0.3250E+02   -.4004E+02   -.4005E+02   -.4007E+02   -.4009E+02   -.4010E+02   -.4012E+02   -.4014E+02   -.4016E+02   -.4018E+02   -.4020E+02   -.4022E+02   -.4025E+02   -.4027E+02   -.4030E+02   -.4034E+02   -.4037E+02   -.4041E+02   -.4046E+02   -.4052E+02   -.4058E+02   -.4065E+02   -.4074E+02   -.4083E+02   -.4093E+02   -.4099E+02   -.4095E+02   -.4070E+02   -.4011E+02   -.4043E+02   -.4536E+02   -.2460E+02   -.9896E+00   -.1541E+01   -.1115E+01   -.1348E+01   -.1271E+01   -.1327E+01   -.1319E+01   -.1336E+01   -.1339E+01   -.1346E+01   -.1349E+01   -.1353E+01   -.1356E+01   -.1359E+01   -.1361E+01   -.1363E+01   -.1364E+01   -.1366E+01   -.1367E+01   -.1368E+01   -.1369E+01   -.1370E+01   -.1370E+01   -.1371E+01   -.1372E+01   -.1372E+01   -.1373E+01   -.1373E+01   -.1374E+01   -.1374E+01   -.1374E+01   -.1375E+01   -.1375E+01   -.1375E+01   -.1376E+01   -.1376E+01   -.1376E+01   -.1376E+01   -.1376E+01   -.1377E+01   -.1377E+01   -.1377E+01   -.1377E+01   -.1377E+01   -.1377E+01   -.1378E+01   -.1378E+01   -.1378E+01   -.1378E+01   -.1378E+01   -.1378E+01   -.1378E+01   -.1378E+01   -.1378E+01   -.1378E+01   -.1378E+01   -.1379E+01   -.1379E+01   -.1379E+01   -.1379E+01   -.1379E+01   -.1379E+01   -.1379E+01   -.1379E+01   -.1379E+01   -.1379E+01   -.1379E+01
0.3272E+02   -.4004E+02   -.4006E+02   -.4007E+02   -.4009E+02   -.4011E+02   -.4012E+02   -.4014E+02   -.4016E+02   -.4019E+02   -.4021E+02   -.4023E+02   -.4026E+02   -.4029E+02   -.4032E+02   -.4035E+02   -.4039E+02   -.4044E+02   -.4049E+02   -.4055E+02   -.4062E+02   -.4071E+02   -.4080E+02   -.4089E+02   -.4097E+02   -.4099E+02   -.4083E+02   -.4039E+02   -.3992E+02   -.4240E+02   -.4208E+02   -.3022E-01   -.2114E+01   -.8398E+00   -.1460E+01   -.1213E+01   -.1346E+01   -.1306E+01   -.1337E+01   -.1335E+01   -.1345E+01   -.1348E+01   -.1352E+01   -.1355E+01   -.1358E+01   -.1360E+01   -.1362E+01   -.1364E+01   -.1365E+01   -.1366E+01   -.1368E+01   -.1369E+01   -.1369E+01   -.1370E+01   -.1371E+01   -.1371E+01   -.1372E+01   -.1373E+01   -.1373E+01   -.1374E+01   -.1374E+01   -.1374E+01   -.1375E+01   -.1375E+01   -.1375E+01   -.1376E+01   -.1376E+01   -.1376E+01   -.1376E+01   -.1376E+01   -.1377E+01   -.1377E+01   -.1377E+01   -.1377E+01   -.1377E+01   -.1377E+01   -.1378E+01   -.1378E+01   -.1378E+01   -.1378E+01   -.1378E+01   -.1378E+01   -.1378E+01   -.1378E+01   -.1378E+01   -.1378E+01   -.1378E+01   -.1378E+01   -.1379E+01   -.1379E+01   -.1379E+01   -.1379E+01   -.1379E+01   -.1379E+01   -.1379E+01   -.1379E+01   -.1379E+01   -.1379E+01   -.1379E+01
0.3293E+02   -.4004E+02   -.4006E+02   -.4007E+02   -.4009E+02   -.4011E+02   -.4013E+02   -.4015E+02   -.4017E+02   -.4019E+02   -.4022E+02   -.4024E+02   -.4027E+02   -.4030E+02   -.4034E+02   -.4038E+02   -.4042E+02   -.4047E+02   -.4053E+02   -.4059E+02   -.4067E+02   -.4076E+02   -.4086E+02   -.4095E+02   -.4099E+02   -.4091E+02   -.4058E+02   -.3986E+02   -.4085E+02   -.4788E+02   -.9609E+01   -.1812E+01   -.1049E+01   -.1351E+01   -.1252E+01   -.1320E+01   -.1311E+01   -.1331E+01   -.1334E+01   -.1342E+01   -.1346E+01   -.1351E+01   -.1354E+01   -.1357E+01   -.1359E+01   -.1361E+01   -.1363E+01   -.1365E+01   -.1366E+01   -.1367E+01   -.1368E+01   -.1369E+01   -.1370E+01   -.1371E+01   -.1371E+01   -.1372E+01   -.1372E+01   -.1373E+01   -.1373E+01   -.1374E+01   -.1374E+01   -.1375E+01   -.1375E+01   -.1375E+01   -.1375E+01   -.1376E+01   -.1376E+01   -.1376E+01   -.1376E+01   -.1377E+01   -.1377E+01   -.1377E+01   -.1377E+01   -.1377E+01   -.1377E+01   -.1377E+01   -.1378E+01   -.1378E+01   -.1378E+01   -.1378E+01   -.1378E+01   -.1378E+01   -.1378E+01   -.1378E+01   -.1378E+01   -.1378E+01   -.1378E+01   -.1379E+01   -.1379E+01   -.1379E+01   -.1379E+01   -.1379E+01   -.1379E+01   -.1379E+01   -.1379E+01   -.1379E+01   -.1379E+01   -.1379E+01   -.1379E+01
0.3315E+02   -.4004E+02   -.4006E+02   -.4008E+02   -.4010E+02   -.4012E+02   -.4014E+02   -.4016E+02   -.4018E+02   -.4020E+02   -.4023E+02   -.4026E+02   -.4029E+02   -.4032E+02   -.4036E+02   -.4040E+02   -.4045E+02   -.4050E+02   -.4057E+02   -.4064E+02   -.4073E+02   -.4082E+02   -.4091E+02   -.4098E+02   -.4095E+02   -.4071E+02   -.4014E+02   -.4035E+02   -.4493E+02   -.2709E+02   -.8524E+00   -.1623E+01   -.1076E+01   -.1364E+01   -.1263E+01   -.1329E+01   -.1317E+01   -.1336E+01   -.1338E+01   -.1345E+01   -.1349E+01   -.1353E+01   -.1356E+01   -.1358E+01   -.1361E+01   -.1363E+01   -.1364E+01   -.1366E+01   -.1367E+01   -.1368E+01   -.1369E+01   -.1370E+01   -.1370E+01   -.1371E+01   -.1372E+01   -.1372E+01   -.1373E+01   -.1373E+01   -.1374E+01   -.1374E+01   -.1374E+01   -.1375E+01   -.1375E+01   -.1375E+01   -.1376E+01   -.1376E+01   -.1376E+01   -.1376E+01   -.1376E+01   -.1377E+01   -.1377E+01   -.1377E+01   -.1377E+01   -.1377E+01   -.1377E+01   -.1378E+01   -.1378E+01   -.1378E+01   -.1378E+01   -.1378E+01   -.1378E+01   -.1378E+01   -.1378E+01   -.1378E+01   -.1378E+01   -.1378E+01   -.1379E+01   -.1379E+01   -.1379E+01   -.1379E+01   -.1379E+01   -.1379E+01   -.1379E+01   -.1379E+01   -.1379E+01   -.1379E+01   -.1379E+01   -.1379E+01   -.1379E+01
0.3337E+02   -.4004E+02   -.4006E+02   -.4008E+02   -.4010E+02   -.4012E+02   -.4014E+02   -.4016E+02   -.4019E+02   -.4021E+02   -.4024E+02   -.4027E+02   -.4030E+02   -.4034E+02   -.4038E+02   -.4042E+02   -.4048E+02   -.4054E+02   -.4061E+02   -.4069E+02   -.4078E+02   -.4088E+02   -.4096E+02   -.4098E+02   -.4084E+02   -.4042E+02   -.3984E+02   -.4197E+02   -.4457E+02   0.1068E+00   -.2196E+01   -.8003E+00   -.1476E+01   -.1205E+01   -.1348E+01   -.1304E+01   -.1338E+01   -.1334E+01   -.1345E+01   -.1347E+01   -.1352E+01   -.1355E+01   -.1358E+01   -.1360E+01   -.1362E+01   -.1364E+01   -.1365E+01   -.1366E+01   -.1367E+01   -.1368E+01   -.1369E+01   -.1370E+01   -.1371E+01   -.1371E+01   -.1372E+01   -.1373E+01   -.1373E+01   -.1373E+01   -.1374E+01   -.1374E+01   -.1375E+01   -.1375E+01   -.1375E+01   -.1375E+01   -.1376E+01   -.1376E+01   -.1376E+01   -.1376E+01   -.1377E+01   -.1377E+01   -.1377E+01   -.1377E+01   -.1377E+01   -.1377E+01   -.1378E+01   -.1378E+01   -.1378E+01   -.1378E+01   -.1378E+01   -.1378E+01   -.1378E+01   -.1378E+01   -.1378E+01   -.1378E+01   -.1378E+01   -.1379E+01   -.1379E+01   -.1379E+01   -.1379E+01   -.1379E+01   -.1379E+01   -.1379E+01   -.1379E+01   -.1379E+01   -.1379E+01   -.1379E+01   -.1379E+01   -.1379E+01   -.1379E+01
0.3358E+02   -.4005E+02   -.4006E+02   -.4008E+02   -.4011E+02   -.4013E+02   -.4015E+02   -.4017E+02   -.4020E+02   -.4022E+02   -.4025E+02   -.4028E+02   -.4032E+02   -.4036E+02   -.4040E+02   -.4045E+02   -.4051E+02   -.4058E+02   -.4066E+02   -.4075E+02   -.4084E+02   -.4093E+02   -.4098E+02   -.4090E+02   -.4059E+02   -.3990E+02   -.4077E+02   -.4745E+02   -.1210E+02   -.1674E+01   -.1131E+01   -.1311E+01   -.1268E+01   -.1312E+01   -.1313E+01   -.1329E+01   -.1334E+01   -.1341E+01   -.1346E+01   -.1350E+01   -.1354E+01   -.1357E+01   -.1359E+01   -.1361E+01   -.1363E+01   -.1365E+01   -.1366E+01   -.1367E+01   -.1368E+01   -.1369E+01   -.1370E+01   -.1371E+01   -.1371E+01   -.1372E+01   -.1372E+01   -.1373E+01   -.1373E+01   -.1374E+01   -.1374E+01   -.1374E+01   -.1375E+01   -.1375E+01   -.1375E+01   -.1376E+01   -.1376E+01   -.1376E+01   -.1376E+01   -.1377E+01   -.1377E+01   -.1377E+01   -.1377E+01   -.1377E+01   -.1377E+01   -.1377E+01   -.1378E+01   -.1378E+01   -.1378E+01   -.1378E+01   -.1378E+01   -.1378E+01   -.1378E+01   -.1378E+01   -.1378E+01   -.1378E+01   -.1378E+01   -.1379E+01   -.1379E+01   -.1379E+01   -.1379E+01   -.1379E+01   -.1379E+01   -.1379E+01   -.1379E+01   -.1379E+01   -.1379E+01   -.1379E+01   -.1379E+01   -.1379E+01   -.1379E+01
0.3380E+02   -.4005E+02   -.4007E+02   -.4009E+02   -.4011E+02   -.4013E+02   -.4016E+02   -.4018E+02   -.4021E+02   -.4024E+02   -.4027E+02   -.4030E+02   -.4034E+02   -.4038E+02   -.4043E+02   -.4048E+02   -.4055E+02   -.4062E+02   -.4071E+02   -.4080E+02   -.4090E+02   -.4096E+02   -.4094E+02   -.4072E+02   -.4017E+02   -.4027E+02   -.4450E+02   -.2958E+02   -.7152E+00   -.1704E+01   -.1036E+01   -.1380E+01   -.1254E+01   -.1332E+01   -.1315E+01   -.1336E+01   -.1337E+01   -.1345E+01   -.1349E+01   -.1353E+01   -.1356E+01   -.1358E+01   -.1360E+01   -.1362E+01   -.1364E+01   -.1365E+01   -.1367E+01   -.1368E+01   -.1369E+01   -.1370E+01   -.1370E+01   -.1371E+01   -.1372E+01   -.1372E+01   -.1373E+01   -.1373E+01   -.1374E+01   -.1374E+01   -.1374E+01   -.1375E+01   -.1375E+01   -.1375E+01   -.1376E+01   -.1376E+01   -.1376E+01   -.1376E+01   -.1376E+01   -.1377E+01   -.1377E+01   -.1377E+01   -.1377E+01   -.1377E+01   -.1377E+01   -.1378E+01   -.1378E+01   -.1378E+01   -.1378E+01   -.1378E+01   -.1378E+01   -.1378E+01   -.1378E+01   -.1378E+01   -.1378E+01   -.1378E+01   -.1379E+01   -.1379E+01   -.1379E+01   -.1379E+01   -.1379E+01   -.1379E+01   -.1379E+01   -.1379E+01   -.1379E+01   -.1379E+01   -.1379E+01   -.1379E+01   -.1379E+01   -.1379E+01   -.1379E+01
0.3402E+02   -.4005E+02   -.4007E+02   -.4009E+02   -.4012E+02   -.4014E+02   -.4016E+02   -.4019E+02   -.4022E+02   -.4025E+02   -.4028E+02   -.4032E+02   -.4036E+02   -.4041E+02   -.4046E+02   -.4052E+02   -.4059E+02   -.4067E+02   -.4076E+02   -.4086E+02   -.4095E+02   -.4098E+02   -.4085E+02   -.4045E+02   -.3976E+02   -.4154E+02   -.4705E+02   0.2438E+00   -.2277E+01   -.7609E+00   -.1492E+01   -.1196E+01   -.1351E+01   -.1302E+01   -.1338E+01   -.1333E+01   -.1344E+01   -.1347E+01   -.1352E+01   -.1354E+01   -.1357E+01   -.1360E+01   -.1362E+01   -.1363E+01   -.1365E+01   -.1366E+01   -.1367E+01   -.1368E+01   -.1369E+01   -.1370E+01   -.1371E+01   -.1371E+01   -.1372E+01   -.1372E+01   -.1373E+01   -.1373E+01   -.1374E+01   -.1374E+01   -.1375E+01   -.1375E+01   -.1375E+01   -.1375E+01   -.1376E+01   -.1376E+01   -.1376E+01   -.1376E+01   -.1377E+01   -.1377E+01   -.1377E+01   -.1377E+01   -.1377E+01   -.1377E+01   -.1378E+01   -.1378E+01   -.1378E+01   -.1378E+01   -.1378E+01   -.1378E+01   -.1378E+01   -.1378E+01   -.1378E+01   -.1378E+01   -.1378E+01   -.1379E+01   -.1379E+01   -.1379E+01   -.1379E+01   -.1379E+01   -.1379E+01   -.1379E+01   -.1379E+01   -.1379E+01   -.1379E+01   -.1379E+01   -.1379E+01   -.1379E+01   -.1379E+01   -.1379E+01   -.1379E+01
0.3423E+02   -.4005E+02   -.4007E+02   -.4010E+02   -.4012E+02   -.4015E+02   -.4017E+02   -.4020E+02   -.4023E+02   -.4026E+02   -.4030E+02   -.4034E+02   -.4038E+02   -.4043E+02   -.4049E+02   -.4056E+02   -.4064E+02   -.4073E+02   -.4082E+02   -.4091E+02   -.4097E+02   -.4090E+02   -.4060E+02   -.3993E+02   -.4069E+02   -.4702E+02   -.1460E+02   -.1537E+01   -.1213E+01   -.1272E+01   -.1284E+01   -.1304E+01   -.1316E+01   -.1326E+01   -.1334E+01   -.1341E+01   -.1346E+01   -.1350E+01   -.1353E+01   -.1356E+01   -.1359E+01   -.1361E+01   -.1363E+01   -.1364E+01   -.1366E+01   -.1367E+01   -.1368E+01   -.1369E+01   -.1370E+01   -.1370E+01   -.1371E+01   -.1372E+01   -.1372E+01   -.1373E+01   -.1373E+01   -.1374E+01   -.1374E+01   -.1374E+01   -.1375E+01   -.1375E+01   -.1375E+01   -.1376E+01   -.1376E+01   -.1376E+01   -.1376E+01   -.1377E+01   -.1377E+01   -.1377E+01   -.1377E+01   -.1377E+01   -.1377E+01   -.1377E+01   -.1378E+01   -.1378E+01   -.1378E+01   -.1378E+01   -.1378E+01   -.1378E+01   -.1378E+01   -.1378E+01   -.1378E+01   -.1378E+01   -.1378E+01   -.1379E+01   -.1379E+01   -.1379E+01   -.1379E+01   -.1379E+01   -.1379E+01   -.1379E+01   -.1379E+01   -.1379E+01   -.1379E+01   -.1379E+01   -.1379E+01   -.1379E+01   -.1379E+01   -.1379E+01   -.1379E+01
0.3445E+02   -.4005E+02   -.4008E+02   -.4010E+02   -.4013E+02   -.4015E+02   -.4018E+02   -.4021E+02   -.4024E+02   -.4028E+02   -.4032E+02   -.4036E+02   -.4041E+02   -.4046E+02   -.4053E+02   -.4060E+02   -.4069E+02   -.4078E+02   -.4088E+02   -.4095E+02   -.4093E+02   -.4073E+02   -.4020E+02   -.4018E+02   -.4406E+02   -.3207E+02   -.5781E+00   -.1786E+01   -.9967E+00   -.1396E+01   -.1246E+01   -.1334E+01   -.1313E+01   -.1336E+01   -.1337E+01   -.1345E+01   -.1348E+01   -.1352E+01   -.1355E+01   -.1358E+01   -.1360E+01   -.1362E+01   -.1364E+01   -.1365E+01   -.1366E+01   -.1368E+01   -.1369E+01   -.1369E+01   -.1370E+01   -.1371E+01   -.1372E+01   -.1372E+01   -.1373E+01   -.1373E+01   -.1373E+01   -.1374E+01   -.1374E+01   -.1375E+01   -.1375E+01   -.1375E+01   -.1376E+01   -.1376E+01   -.1376E+01   -.1376E+01   -.1376E+01   -.1377E+01   -.1377E+01   -.1377E+01   -.1377E+01   -.1377E+01   -.1377E+01   -.1378E+01   -.1378E+01   -.1378E+01   -.1378E+01   -.1378E+01   -.1378E+01   -.1378E+01   -.1378E+01   -.1378E+01   -.1378E+01   -.1378E+01   -.1379E+01   -.1379E+01   -.1379E+01   -.1379E+01   -.1379E+01   -.1379E+01   -.1379E+01   -.1379E+01   -.1379E+01   -.1379E+01   -.1379E+01   -.1379E+01   -.1379E+01   -.1379E+01   -.1379E+01   -.1379E+01   -.1379E+01
0.3467E+02   -.4006E+02   -.4008E+02   -.4011E+02   -.4013E+02   -.4016E+02   -.4019E+02   -.4022E+02   -.4026E+02   -.4029E+02   -.4034E+02   -.4038E+02   -.4044E+02   -.4050E+02   -.4057E+02   -.4065E+02   -.4074E+02   -.4084E+02   -.4093E+02   -.4097E+02   -.4085E+02   -.4048E+02   -.3968E+02   -.4111E+02   -.4954E+02   0.3807E+00   -.2359E+01   -.7214E+00   -.1508E+01   -.1188E+01   -.1353E+01   -.1300E+01   -.1338E+01   -.1333E+01   -.1344E+01   -.1346E+01   -.1351E+01   -.1354E+01   -.1357E+01   -.1359E+01   -.1361E+01   -.1363E+01   -.1365E+01   -.1366E+01   -.1367E+01   -.1368E+01   -.1369E+01   -.1370E+01   -.1371E+01   -.1371E+01   -.1372E+01   -.1372E+01   -.1373E+01   -.1373E+01   -.1374E+01   -.1374E+01   -.1374E+01   -.1375E+01   -.1375E+01   -.1375E+01   -.1376E+01   -.1376E+01   -.1376E+01   -.1376E+01   -.1377E+01   -.1377E+01   -.1377E+01   -.1377E+01   -.1377E+01   -.1377E+01   -.1378E+01   -.1378E+01   -.1378E+01   -.1378E+01   -.1378E+01   -.1378E+01   -.1378E+01   -.1378E+01   -.1378E+01   -.1378E+01   -.1378E+01   -.1379E+01   -.1379E+01   -.1379E+01   -.1379E+01   -.1379E+01   -.1379E+01   -.1379E+01   -.1379E+01   -.1379E+01   -.1379E+01   -.1379E+01   -.1379E+01   -.1379E+01   -.1379E+01   -.1379E+01   -.1379E+01   -.1379E+01   -.1379E+01
0.3488E+02   -.4006E+02   -.4008E+02   -.4011E+02   -.4014E+02   -.4017E+02   -.4020E+02   -.4024E+02   -.4027E+02   -.4031E+02   -.4036E+02   -.4041E+02   -.4047E+02   -.4054E+02   -.4062E+02   -.4071E+02   -.4080E+02   -.4090E+02   -.4095E+02   -.4089E+02   -.4060E+02   -.3995E+02   -.4060E+02   -.4658E+02   -.1709E+02   -.1400E+01   -.1294E+01   -.1232E+01   -.1300E+01   -.1295E+01   -.1318E+01   -.1324E+01   -.1334E+01   -.1340E+01   -.1345E+01   -.1350E+01   -.1353E+01   -.1356E+01   -.1359E+01   -.1361E+01   -.1362E+01   -.1364E+01   -.1365E+01   -.1367E+01   -.1368E+01   -.1369E+01   -.1370E+01   -.1370E+01   -.1371E+01   -.1372E+01   -.1372E+01   -.1373E+01   -.1373E+01   -.1374E+01   -.1374E+01   -.1374E+01   -.1375E+01   -.1375E+01   -.1375E+01   -.1376E+01   -.1376E+01   -.1376E+01   -.1376E+01   -.1376E+01   -.1377E+01   -.1377E+01   -.1377E+01   -.1377E+01   -.1377E+01   -.1377E+01   -.1378E+01   -.1378E+01   -.1378E+01   -.1378E+01   -.1378E+01   -.1378E+01   -.1378E+01   -.1378E+01   -.1378E+01   -.1378E+01   -.1379E+01   -.1379E+01   -.1379E+01   -.1379E+01   -.1379E+01   -.1379E+01   -.1379E+01   -.1379E+01   -.1379E+01   -.1379E+01   -.1379E+01   -.1379E+01   -.1379E+01   -.1379E+01   -.1379E+01   -.1379E+01   -.1379E+01   -.1379E+01   -.1379E+01
0.3510E+02   -.4006E+02   -.4009E+02   -.4012E+02   -.4015E+02   -.4018E+02   -.4021E+02   -.4025E+02   -.4029E+02   -.4033E+02   -.4038E+02   -.4044E+02   -.4051E+02   -.4058E+02   -.4067E+02   -.4076E+02   -.4086E+02   -.4093E+02   -.4093E+02   -.4073E+02   -.4023E+02   -.4010E+02   -.4363E+02   -.3456E+02   -.4410E+00   -.1867E+01   -.9571E+00   -.1411E+01   -.1237E+01   -.1337E+01   -.1311E+01   -.1336E+01   -.1336E+01   -.1345E+01   -.1348E+01   -.1352E+01   -.1355E+01   -.1358E+01   -.1360E+01   -.1362E+01   -.1363E+01   -.1365E+01   -.1366E+01   -.1367E+01   -.1368E+01   -.1369E+01   -.1370E+01   -.1371E+01   -.1371E+01   -.1372E+01   -.1373E+01   -.1373E+01   -.1373E+01   -.1374E+01   -.1374E+01   -.1375E+01   -.1375E+01   -.1375E+01   -.1375E+01   -.1376E+01   -.1376E+01   -.1376E+01   -.1376E+01   -.1377E+01   -.1377E+01   -.1377E+01   -.1377E+01   -.1377E+01   -.1377E+01   -.1378E+01   -.1378E+01   -.1378E+01   -.1378E+01   -.1378E+01   -.1378E+01   -.1378E+01   -.1378E+01   -.1378E+01   -.1378E+01   -.1378E+01   -.1379E+01   -.1379E+01   -.1379E+01   -.1379E+01   -.1379E+01   -.1379E+01   -.1379E+01   -.1379E+01   -.1379E+01   -.1379E+01   -.1379E+01   -.1379E+01   -.1379E+01   -.1379E+01   -.1379E+01   -.1379E+01   -.1379E+01   -.1379E+01   -.1379E+01
0.3532E+02   -.4006E+02   -.4009E+02   -.4012E+02   -.4016E+02   -.4019E+02   -.4022E+02   -.4026E+02   -.4031E+02   -.4036E+02   -.4041E+02   -.4047E+02   -.4054E+02   -.4063E+02   -.4072E+02   -.4082E+02   -.4091E+02   -.4095E+02   -.4084E+02   -.4048E+02   -.3970E+02   -.4102E+02   -.4910E+02   -.2115E+01   -.2221E+01   -.8031E+00   -.1468E+01   -.1204E+01   -.1344E+01   -.1302E+01   -.1336E+01   -.1333E+01   -.1343E+01   -.1346E+01   -.1351E+01   -.1354E+01   -.1357E+01   -.1359E+01   -.1361E+01   -.1363E+01   -.1364E+01   -.1366E+01   -.1367E+01   -.1368E+01   -.1369E+01   -.1370E+01   -.1370E+01   -.1371E+01   -.1372E+01   -.1372E+01   -.1373E+01   -.1373E+01   -.1374E+01   -.1374E+01   -.1374E+01   -.1375E+01   -.1375E+01   -.1375E+01   -.1376E+01   -.1376E+01   -.1376E+01   -.1376E+01   -.1377E+01   -.1377E+01   -.1377E+01   -.1377E+01   -.1377E+01   -.1377E+01   -.1377E+01   -.1378E+01   -.1378E+01   -.1378E+01   -.1378E+01   -.1378E+01   -.1378E+01   -.1378E+01   -.1378E+01   -.1378E+01   -.1378E+01   -.1379E+01   -.1379E+01   -.1379E+01   -.1379E+01   -.1379E+01   -.1379E+01   -.1379E+01   -.1379E+01   -.1379E+01   -.1379E+01   -.1379E+01   -.1379E+01   -.1379E+01   -.1379E+01   -.1379E+01   -.1379E+01   -.1379E+01   -.1379E+01   -.1379E+01   -.1379E+01
0.3553E+02   -.4007E+02   -.4010E+02   -.4013E+02   -.4016E+02   -.4020E+02   -.4024E+02   -.4028E+02   -.4033E+02   -.4038E+02   -.4044E+02   -.4051E+02   -.4059E+02   -.4068E+02   -.4078E+02   -.4087E+02   -.4093E+02   -.4088E+02   -.4061E+02   -.3998E+02   -.4052E+02   -.4614E+02   -.1958E+02   -.1263E+01   -.1376E+01   -.1193E+01   -.1315E+01   -.1287E+01   -.1321E+01   -.1322E+01   -.1334E+01   -.1339E+01   -.1345E+01   -.1349E+01   -.1353E+01   -.1356E+01   -.1358E+01   -.1360E+01   -.1362E+01   -.1364E+01   -.1365E+01   -.1366E+01   -.1368E+01   -.1369E+01   -.1369E+01   -.1370E+01   -.1371E+01   -.1372E+01   -.1372E+01   -.1373E+01   -.1373E+01   -.1374E+01   -.1374E+01   -.1374E+01   -.1375E+01   -.1375E+01   -.1375E+01   -.1376E+01   -.1376E+01   -.1376E+01   -.1376E+01   -.1376E+01   -.1377E+01   -.1377E+01   -.1377E+01   -.1377E+01   -.1377E+01   -.1377E+01   -.1378E+01   -.1378E+01   -.1378E+01   -.1378E+01   -.1378E+01   -.1378E+01   -.1378E+01   -.1378E+01   -.1378E+01   -.1378E+01   -.1379E+01   -.1379E+01   -.1379E+01   -.1379E+01   -.1379E+01   -.1379E+01   -.1379E+01   -.1379E+01   -.1379E+01   -.1379E+01   -.1379E+01   -.1379E+01   -.1379E+01   -.1379E+01   -.1379E+01   -.1379E+01   -.1379E+01   -.1379E+01   -.1379E+01   -.1379E+01   -.1379E+01
0.3575E+02   -.4007E+02   -.4010E+02   -.4014E+02   -.4017E+02   -.4021E+02   -.4025E+02   -.4030E+02   -.4035E+02   -.4041E+02   -.4048E+02   -.4055E+02   -.4064E+02   -.4074E+02   -.4083E+02   -.4091E+02   -.4091E+02   -.4073E+02   -.4025E+02   -.4001E+02   -.4319E+02   -.3704E+02   -.3040E+00   -.1949E+01   -.9175E+00   -.1427E+01   -.1229E+01   -.1339E+01   -.1309E+01   -.1336E+01   -.1335E+01   -.1344E+01   -.1347E+01   -.1352E+01   -.1355E+01   -.1357E+01   -.1360E+01   -.1362E+01   -.1363E+01   -.1365E+01   -.1366E+01   -.1367E+01   -.1368E+01   -.1369E+01   -.1370E+01   -.1371E+01   -.1371E+01   -.1372E+01   -.1372E+01   -.1373E+01   -.1373E+01   -.1374E+01   -.1374E+01   -.1374E+01   -.1375E+01   -.1375E+01   -.1375E+01   -.1376E+01   -.1376E+01   -.1376E+01   -.1376E+01   -.1377E+01   -.1377E+01   -.1377E+01   -.1377E+01   -.1377E+01   -.1377E+01   -.1378E+01   -.1378E+01   -.1378E+01   -.1378E+01   -.1378E+01   -.1378E+01   -.1378E+01   -.1378E+01   -.1378E+01   -.1378E+01   -.1378E+01   -.1379E+01   -.1379E+01   -.1379E+01   -.1379E+01   -.1379E+01   -.1379E+01   -.1379E+01   -.1379E+01   -.1379E+01   -.1379E+01   -.1379E+01   -.1379E+01   -.1379E+01   -.1379E+01   -.1379E+01   -.1379E+01   -.1379E+01   -.1379E+01   -.1379E+01   -.1379E+01   -.1379E+01
0.3597E+02   -.4008E+02   -.4011E+02   -.4015E+02   -.4018E+02   -.4023E+02   -.4027E+02   -.4032E+02   -.4038E+02   -.4044E+02   -.4051E+02   -.4060E+02   -.4069E+02   -.4079E+02   -.4088E+02   -.4093E+02   -.4083E+02   -.4048E+02   -.3972E+02   -.4093E+02   -.4866E+02   -.4609E+01   -.2084E+01   -.8846E+00   -.1428E+01   -.1219E+01   -.1336E+01   -.1304E+01   -.1333E+01   -.1333E+01   -.1342E+01   -.1346E+01   -.1350E+01   -.1353E+01   -.1356E+01   -.1359E+01   -.1361E+01   -.1363E+01   -.1364E+01   -.1365E+01   -.1367E+01   -.1368E+01   -.1369E+01   -.1370E+01   -.1370E+01   -.1371E+01   -.1372E+01   -.1372E+01   -.1373E+01   -.1373E+01   -.1374E+01   -.1374E+01   -.1374E+01   -.1375E+01   -.1375E+01   -.1375E+01   -.1376E+01   -.1376E+01   -.1376E+01   -.1376E+01   -.1376E+01   -.1377E+01   -.1377E+01   -.1377E+01   -.1377E+01   -.1377E+01   -.1377E+01   -.1378E+01   -.1378E+01   -.1378E+01   -.1378E+01   -.1378E+01   -.1378E+01   -.1378E+01   -.1378E+01   -.1378E+01   -.1378E+01   -.1379E+01   -.1379E+01   -.1379E+01   -.1379E+01   -.1379E+01   -.1379E+01   -.1379E+01   -.1379E+01   -.1379E+01   -.1379E+01   -.1379E+01   -.1379E+01   -.1379E+01   -.1379E+01   -.1379E+01   -.1379E+01   -.1379E+01   -.1379E+01   -.1379E+01   -.1379E+01   -.1379E+01   -.1379E+01
0.3618E+02   -.4008E+02   -.4012E+02   -.4016E+02   -.4020E+02   -.4024E+02   -.4029E+02   -.4035E+02   -.4041E+02   -.4048E+02   -.4056E+02   -.4065E+02   -.4075E+02   -.4084E+02   -.4091E+02   -.4086E+02   -.4060E+02   -.4000E+02   -.4042E+02   -.4570E+02   -.2207E+02   -.1125E+01   -.1457E+01   -.1153E+01   -.1331E+01   -.1278E+01   -.1323E+01   -.1320E+01   -.1334E+01   -.1338E+01   -.1345E+01   -.1349E+01   -.1352E+01   -.1355E+01   -.1358E+01   -.1360E+01   -.1362E+01   -.1364E+01   -.1365E+01   -.1366E+01   -.1367E+01   -.1368E+01   -.1369E+01   -.1370E+01   -.1371E+01   -.1371E+01   -.1372E+01   -.1372E+01   -.1373E+01   -.1373E+01   -.1374E+01   -.1374E+01   -.1375E+01   -.1375E+01   -.1375E+01   -.1375E+01   -.1376E+01   -.1376E+01   -.1376E+01   -.1376E+01   -.1377E+01   -.1377E+01   -.1377E+01   -.1377E+01   -.1377E+01   -.1377E+01   -.1378E+01   -.1378E+01   -.1378E+01   -.1378E+01   -.1378E+01   -.1378E+01   -.1378E+01   -.1378E+01   -.1378E+01   -.1378E+01   -.1378E+01   -.1379E+01   -.1379E+01   -.1379E+01   -.1379E+01   -.1379E+01   -.1379E+01   -.1379E+01   -.1379E+01   -.1379E+01   -.1379E+01   -.1379E+01   -.1379E+01   -.1379E+01   -.1379E+01   -.1379E+01   -.1379E+01   -.1379E+01   -.1379E+01   -.1379E+01   -.1379E+01   -.1379E+01   -.1379E+01
0.3640E+02   -.4009E+02   -.4012E+02   -.4017E+02   -.4021E+02   -.4026E+02   -.4031E+02   -.4037E+02   -.4044E+02   -.4052E+02   -.4061E+02   -.4070E+02   -.4080E+02   -.4088E+02   -.4089E+02   -.4073E+02   -.4027E+02   -.3991E+02   -.4274E+02   -.3952E+02   -.1670E+00   -.2030E+01   -.8779E+00   -.1443E+01   -.1220E+01   -.1341E+01   -.1306E+01   -.1336E+01   -.1334E+01   -.1344E+01   -.1347E+01   -.1351E+01   -.1354E+01   -.1357E+01   -.1359E+01   -.1361E+01   -.1363E+01   -.1364E+01   -.1366E+01   -.1367E+01   -.1368E+01   -.1369E+01   -.1370E+01   -.1370E+01   -.1371E+01   -.1372E+01   -.1372E+01   -.1373E+01   -.1373E+01   -.1374E+01   -.1374E+01   -.1374E+01   -.1375E+01   -.1375E+01   -.1375E+01   -.1376E+01   -.1376E+01   -.1376E+01   -.1376E+01   -.1376E+01   -.1377E+01   -.1377E+01   -.1377E+01   -.1377E+01   -.1377E+01   -.1377E+01   -.1378E+01   -.1378E+01   -.1378E+01   -.1378E+01   -.1378E+01   -.1378E+01   -.1378E+01   -.1378E+01   -.1378E+01   -.1378E+01   -.1379E+01   -.1379E+01   -.1379E+01   -.1379E+01   -.1379E+01   -.1379E+01   -.1379E+01   -.1379E+01   -.1379E+01   -.1379E+01   -.1379E+01   -.1379E+01   -.1379E+01   -.1379E+01   -.1379E+01   -.1379E+01   -.1379E+01   -.1379E+01   -.1379E+01   -.1379E+01   -.1379E+01   -.1379E+01   -.1379E+01
0.3662E+02   -.4009E+02   -.4013E+02   -.4018E+02   -.4022E+02   -.4028E+02   -.4034E+02   -.4040E+02   -.4048E+02   -.4056E+02   -.4066E+02   -.4076E+02   -.4085E+02   -.4090E+02   -.4081E+02   -.4047E+02   -.3974E+02   -.4084E+02   -.4821E+02   -.7100E+01   -.1946E+01   -.9661E+00   -.1388E+01   -.1235E+01   -.1327E+01   -.1307E+01   -.1331E+01   -.1332E+01   -.1341E+01   -.1345E+01   -.1350E+01   -.1353E+01   -.1356E+01   -.1358E+01   -.1361E+01   -.1362E+01   -.1364E+01   -.1365E+01   -.1366E+01   -.1368E+01   -.1368E+01   -.1369E+01   -.1370E+01   -.1371E+01   -.1371E+01   -.1372E+01   -.1373E+01   -.1373E+01   -.1373E+01   -.1374E+01   -.1374E+01   -.1375E+01   -.1375E+01   -.1375E+01   -.1375E+01   -.1376E+01   -.1376E+01   -.1376E+01   -.1376E+01   -.1377E+01   -.1377E+01   -.1377E+01   -.1377E+01   -.1377E+01   -.1377E+01   -.1378E+01   -.1378E+01   -.1378E+01   -.1378E+01   -.1378E+01   -.1378E+01   -.1378E+01   -.1378E+01   -.1378E+01   -.1378E+01   -.1379E+01   -.1379E+01   -.1379E+01   -.1379E+01   -.1379E+01   -.1379E+01   -.1379E+01   -.1379E+01   -.1379E+01   -.1379E+01   -.1379E+01   -.1379E+01   -.1379E+01   -.1379E+01   -.1379E+01   -.1379E+01   -.1379E+01   -.1379E+01   -.1379E+01   -.1379E+01   -.1379E+01   -.1379E+01   -.1379E+01   -.1379E+01
0.3683E+02   -.4010E+02   -.4014E+02   -.4019E+02   -.4024E+02   -.4030E+02   -.4036E+02   -.4044E+02   -.4052E+02   -.4061E+02   -.4071E+02   -.4081E+02   -.4088E+02   -.4084E+02   -.4060E+02   -.4001E+02   -.4033E+02   -.4526E+02   -.2455E+02   -.9878E+00   -.1538E+01   -.1113E+01   -.1346E+01   -.1269E+01   -.1325E+01   -.1318E+01   -.1334E+01   -.1337E+01   -.1344E+01   -.1348E+01   -.1352E+01   -.1355E+01   -.1357E+01   -.1360E+01   -.1362E+01   -.1363E+01   -.1365E+01   -.1366E+01   -.1367E+01   -.1368E+01   -.1369E+01   -.1370E+01   -.1370E+01   -.1371E+01   -.1372E+01   -.1372E+01   -.1373E+01   -.1373E+01   -.1374E+01   -.1374E+01   -.1374E+01   -.1375E+01   -.1375E+01   -.1375E+01   -.1376E+01   -.1376E+01   -.1376E+01   -.1376E+01   -.1377E+01   -.1377E+01   -.1377E+01   -.1377E+01   -.1377E+01   -.1377E+01   -.1377E+01   -.1378E+01   -.1378E+01   -.1378E+01   -.1378E+01   -.1378E+01   -.1378E+01   -.1378E+01   -.1378E+01   -.1378E+01   -.1378E+01   -.1379E+01   -.1379E+01   -.1379E+01   -.1379E+01   -.1379E+01   -.1379E+01   -.1379E+01   -.1379E+01   -.1379E+01   -.1379E+01   -.1379E+01   -.1379E+01   -.1379E+01   -.1379E+01   -.1379E+01   -.1379E+01   -.1379E+01   -.1379E+01   -.1379E+01   -.1379E+01   -.1379E+01   -.1379E+01   -.1379E+01   -.1379E+01
0.3705E+02   -.4010E+02   -.4015E+02   -.4020E+02   -.4026E+02   -.4032E+02   -.4039E+02   -.4047E+02   -.4056E+02   -.4066E+02   -.4077E+02   -.4085E+02   -.4087E+02   -.4072E+02   -.4028E+02   -.3982E+02   -.4229E+02   -.4199E+02   -.3005E-01   -.2111E+01   -.8382E+00   -.1458E+01   -.1211E+01   -.1344E+01   -.1304E+01   -.1336E+01   -.1333E+01   -.1343E+01   -.1346E+01   -.1351E+01   -.1354E+01   -.1357E+01   -.1359E+01   -.1361E+01   -.1363E+01   -.1364E+01   -.1365E+01   -.1367E+01   -.1368E+01   -.1369E+01   -.1369E+01   -.1370E+01   -.1371E+01   -.1371E+01   -.1372E+01   -.1373E+01   -.1373E+01   -.1374E+01   -.1374E+01   -.1374E+01   -.1375E+01   -.1375E+01   -.1375E+01   -.1375E+01   -.1376E+01   -.1376E+01   -.1376E+01   -.1376E+01   -.1377E+01   -.1377E+01   -.1377E+01   -.1377E+01   -.1377E+01   -.1377E+01   -.1378E+01   -.1378E+01   -.1378E+01   -.1378E+01   -.1378E+01   -.1378E+01   -.1378E+01   -.1378E+01   -.1378E+01   -.1378E+01   -.1379E+01   -.1379E+01   -.1379E+01   -.1379E+01   -.1379E+01   -.1379E+01   -.1379E+01   -.1379E+01   -.1379E+01   -.1379E+01   -.1379E+01   -.1379E+01   -.1379E+01   -.1379E+01   -.1379E+01   -.1379E+01   -.1379E+01   -.1379E+01   -.1379E+01   -.1379E+01   -.1379E+01   -.1379E+01   -.1379E+01   -.1379E+01   -.1379E+01
0.3727E+02   -.4011E+02   -.4016E+02   -.4022E+02   -.4028E+02   -.4035E+02   -.4043E+02   -.4052E+02   -.4061E+02   -.4072E+02   -.4081E+02   -.4087E+02   -.4078E+02   -.4046E+02   -.3975E+02   -.4073E+02   -.4776E+02   -.9588E+01   -.1808E+01   -.1047E+01   -.1349E+01   -.1250E+01   -.1318E+01   -.1309E+01   -.1329E+01   -.1332E+01   -.1340E+01   -.1345E+01   -.1349E+01   -.1353E+01   -.1356E+01   -.1358E+01   -.1360E+01   -.1362E+01   -.1363E+01   -.1365E+01   -.1366E+01   -.1367E+01   -.1368E+01   -.1369E+01   -.1370E+01   -.1371E+01   -.1371E+01   -.1372E+01   -.1372E+01   -.1373E+01   -.1373E+01   -.1374E+01   -.1374E+01   -.1374E+01   -.1375E+01   -.1375E+01   -.1375E+01   -.1376E+01   -.1376E+01   -.1376E+01   -.1376E+01   -.1377E+01   -.1377E+01   -.1377E+01   -.1377E+01   -.1377E+01   -.1377E+01   -.1378E+01   -.1378E+01   -.1378E+01   -.1378E+01   -.1378E+01   -.1378E+01   -.1378E+01   -.1378E+01   -.1378E+01   -.1378E+01   -.1379E+01   -.1379E+01   -.1379E+01   -.1379E+01   -.1379E+01   -.1379E+01   -.1379E+01   -.1379E+01   -.1379E+01   -.1379E+01   -.1379E+01   -.1379E+01   -.1379E+01   -.1379E+01   -.1379E+01   -.1379E+01   -.1379E+01   -.1379E+01   -.1379E+01   -.1379E+01   -.1379E+01   -.1379E+01   -.1379E+01   -.1379E+01   -.1379E+01   -.1379E+01
0.3748E+02   -.4012E+02   -.4018E+02   -.4024E+02   -.4031E+02   -.4038E+02   -.4047E+02   -.4056E+02   -.4066E+02   -.4077E+02   -.4084E+02   -.4081E+02   -.4058E+02   -.4002E+02   -.4022E+02   -.4480E+02   -.2702E+02   -.8505E+00   -.1619E+01   -.1073E+01   -.1362E+01   -.1260E+01   -.1327E+01   -.1315E+01   -.1334E+01   -.1336E+01   -.1344E+01   -.1347E+01   -.1351E+01   -.1354E+01   -.1357E+01   -.1359E+01   -.1361E+01   -.1363E+01   -.1364E+01   -.1366E+01   -.1367E+01   -.1368E+01   -.1369E+01   -.1369E+01   -.1370E+01   -.1371E+01   -.1372E+01   -.1372E+01   -.1373E+01   -.1373E+01   -.1374E+01   -.1374E+01   -.1374E+01   -.1375E+01   -.1375E+01   -.1375E+01   -.1376E+01   -.1376E+01   -.1376E+01   -.1376E+01   -.1376E+01   -.1377E+01   -.1377E+01   -.1377E+01   -.1377E+01   -.1377E+01   -.1377E+01   -.1378E+01   -.1378E+01   -.1378E+01   -.1378E+01   -.1378E+01   -.1378E+01   -.1378E+01   -.1378E+01   -.1378E+01   -.1378E+01   -.1379E+01   -.1379E+01   -.1379E+01   -.1379E+01   -.1379E+01   -.1379E+01   -.1379E+01   -.1379E+01   -.1379E+01   -.1379E+01   -.1379E+01   -.1379E+01   -.1379E+01   -.1379E+01   -.1379E+01   -.1379E+01   -.1379E+01   -.1379E+01   -.1379E+01   -.1379E+01   -.1379E+01   -.1379E+01   -.1379E+01   -.1379E+01   -.1379E+01   -.1379E+01
0.3770E+02   -.4013E+02   -.4019E+02   -.4026E+02   -.4033E+02   -.4042E+02   -.4051E+02   -.4061E+02   -.4072E+02   -.4081E+02   -.4084E+02   -.4070E+02   -.4028E+02   -.3971E+02   -.4184E+02   -.4444E+02   0.1067E+00   -.2191E+01   -.7983E+00   -.1473E+01   -.1202E+01   -.1346E+01   -.1301E+01   -.1335E+01   -.1332E+01   -.1343E+01   -.1345E+01   -.1350E+01   -.1353E+01   -.1356E+01   -.1358E+01   -.1360E+01   -.1362E+01   -.1364E+01   -.1365E+01   -.1366E+01   -.1367E+01   -.1368E+01   -.1369E+01   -.1370E+01   -.1371E+01   -.1371E+01   -.1372E+01   -.1372E+01   -.1373E+01   -.1373E+01   -.1374E+01   -.1374E+01   -.1374E+01   -.1375E+01   -.1375E+01   -.1375E+01   -.1376E+01   -.1376E+01   -.1376E+01   -.1376E+01   -.1377E+01   -.1377E+01   -.1377E+01   -.1377E+01   -.1377E+01   -.1377E+01   -.1378E+01   -.1378E+01   -.1378E+01   -.1378E+01   -.1378E+01   -.1378E+01   -.1378E+01   -.1378E+01   -.1378E+01   -.1378E+01   -.1379E+01   -.1379E+01   -.1379E+01   -.1379E+01   -.1379E+01   -.1379E+01   -.1379E+01   -.1379E+01   -.1379E+01   -.1379E+01   -.1379E+01   -.1379E+01   -.1379E+01   -.1379E+01   -.1379E+01   -.1379E+01   -.1379E+01   -.1379E+01   -.1379E+01   -.1379E+01   -.1379E+01   -.1379E+01   -.1379E+01   -.1379E+01   -.1379E+01   -.1379E+01   -.1379E+01
0.3792E+02   -.4014E+02   -.4021E+02   -.4028E+02   -.4036E+02   -.4046E+02   -.4056E+02   -.4066E+02   -.4076E+02   -.4082E+02   -.4075E+02   -.4044E+02   -.3975E+02   -.4062E+02   -.4730E+02   -.1207E+02   -.1670E+01   -.1128E+01   -.1308E+01   -.1265E+01   -.1309E+01   -.1311E+01   -.1326E+01   -.1332E+01   -.1339E+01   -.1344E+01   -.1348E+01   -.1352E+01   -.1355E+01   -.1357E+01   -.1360E+01   -.1361E+01   -.1363E+01   -.1364E+01   -.1366E+01   -.1367E+01   -.1368E+01   -.1369E+01   -.1370E+01   -.1370E+01   -.1371E+01   -.1372E+01   -.1372E+01   -.1373E+01   -.1373E+01   -.1374E+01   -.1374E+01   -.1374E+01   -.1375E+01   -.1375E+01   -.1375E+01   -.1376E+01   -.1376E+01   -.1376E+01   -.1376E+01   -.1376E+01   -.1377E+01   -.1377E+01   -.1377E+01   -.1377E+01   -.1377E+01   -.1377E+01   -.1378E+01   -.1378E+01   -.1378E+01   -.1378E+01   -.1378E+01   -.1378E+01   -.1378E+01   -.1378E+01   -.1378E+01   -.1378E+01   -.1379E+01   -.1379E+01   -.1379E+01   -.1379E+01   -.1379E+01   -.1379E+01   -.1379E+01   -.1379E+01   -.1379E+01   -.1379E+01   -.1379E+01   -.1379E+01   -.1379E+01   -.1379E+01   -.1379E+01   -.1379E+01   -.1379E+01   -.1379E+01   -.1379E+01   -.1379E+01   -.1379E+01   -.1379E+01   -.1379E+01   -.1379E+01   -.1379E+01   -.1379E+01   -.1379E+01
0.3813E+02   -.4016E+02   -.4023E+02   -.4031E+02   -.4040E+02   -.4050E+02   -.4060E+02   -.4071E+02   -.4079E+02   -.4077E+02   -.4056E+02   -.4001E+02   -.4011E+02   -.4433E+02   -.2949E+02   -.7132E+00   -.1700E+01   -.1033E+01   -.1377E+01   -.1251E+01   -.1329E+01   -.1312E+01   -.1333E+01   -.1335E+01   -.1343E+01   -.1346E+01   -.1351E+01   -.1354E+01   -.1356E+01   -.1359E+01   -.1361E+01   -.1362E+01   -.1364E+01   -.1365E+01   -.1366E+01   -.1367E+01   -.1368E+01   -.1369E+01   -.1370E+01   -.1371E+01   -.1371E+01   -.1372E+01   -.1372E+01   -.1373E+01   -.1373E+01   -.1374E+01   -.1374E+01   -.1374E+01   -.1375E+01   -.1375E+01   -.1375E+01   -.1376E+01   -.1376E+01   -.1376E+01   -.1376E+01   -.1377E+01   -.1377E+01   -.1377E+01   -.1377E+01   -.1377E+01   -.1377E+01   -.1378E+01   -.1378E+01   -.1378E+01   -.1378E+01   -.1378E+01   -.1378E+01   -.1378E+01   -.1378E+01   -.1378E+01   -.1378E+01   -.1379E+01   -.1379E+01   -.1379E+01   -.1379E+01   -.1379E+01   -.1379E+01   -.1379E+01   -.1379E+01   -.1379E+01   -.1379E+01   -.1379E+01   -.1379E+01   -.1379E+01   -.1379E+01   -.1379E+01   -.1379E+01   -.1379E+01   -.1379E+01   -.1379E+01   -.1379E+01   -.1379E+01   -.1379E+01   -.1379E+01   -.1379E+01   -.1379E+01   -.1379E+01   -.1379E+01   -.1379E+01
0.3835E+02   -.4017E+02   -.4025E+02   -.4034E+02   -.4044E+02   -.4054E+02   -.4065E+02   -.4075E+02   -.4079E+02   -.4067E+02   -.4027E+02   -.3959E+02   -.4136E+02   -.4689E+02   0.2433E+00   -.2271E+01   -.7584E+00   -.1488E+01   -.1193E+01   -.1347E+01   -.1299E+01   -.1335E+01   -.1331E+01   -.1342E+01   -.1344E+01   -.1350E+01   -.1352E+01   -.1355E+01   -.1358E+01   -.1360E+01   -.1362E+01   -.1363E+01   -.1365E+01   -.1366E+01   -.1367E+01   -.1368E+01   -.1369E+01   -.1370E+01   -.1370E+01   -.1371E+01   -.1372E+01   -.1372E+01   -.1373E+01   -.1373E+01   -.1374E+01   -.1374E+01   -.1374E+01   -.1375E+01   -.1375E+01   -.1375E+01   -.1376E+01   -.1376E+01   -.1376E+01   -.1376E+01   -.1376E+01   -.1377E+01   -.1377E+01   -.1377E+01   -.1377E+01   -.1377E+01   -.1377E+01   -.1378E+01   -.1378E+01   -.1378E+01   -.1378E+01   -.1378E+01   -.1378E+01   -.1378E+01   -.1378E+01   -.1378E+01   -.1378E+01   -.1379E+01   -.1379E+01   -.1379E+01   -.1379E+01   -.1379E+01   -.1379E+01   -.1379E+01   -.1379E+01   -.1379E+01   -.1379E+01   -.1379E+01   -.1379E+01   -.1379E+01   -.1379E+01   -.1379E+01   -.1379E+01   -.1379E+01   -.1379E+01   -.1379E+01   -.1379E+01   -.1379E+01   -.1379E+01   -.1379E+01   -.1379E+01   -.1379E+01   -.1379E+01   -.1379E+01   -.1379E+01
0.3857E+02   -.4019E+02   -.4028E+02   -.4038E+02   -.4048E+02   -.4059E+02   -.4069E+02   -.4076E+02   -.4070E+02   -.4041E+02   -.3974E+02   -.4050E+02   -.4682E+02   -.1455E+02   -.1532E+01   -.1209E+01   -.1268E+01   -.1280E+01   -.1300E+01   -.1313E+01   -.1323E+01   -.1331E+01   -.1338E+01   -.1343E+01   -.1348E+01   -.1351E+01   -.1354E+01   -.1357E+01   -.1359E+01   -.1361E+01   -.1363E+01   -.1364E+01   -.1365E+01   -.1366E+01   -.1367E+01   -.1368E+01   -.1369E+01   -.1370E+01   -.1371E+01   -.1371E+01   -.1372E+01   -.1372E+01   -.1373E+01   -.1373E+01   -.1374E+01   -.1374E+01   -.1374E+01   -.1375E+01   -.1375E+01   -.1375E+01   -.1376E+01   -.1376E+01   -.1376E+01   -.1376E+01   -.1377E+01   -.1377E+01   -.1377E+01   -.1377E+01   -.1377E+01   -.1377E+01   -.1378E+01   -.1378E+01   -.1378E+01   -.1378E+01   -.1378E+01   -.1378E+01   -.1378E+01   -.1378E+01   -.1378E+01   -.1378E+01   -.1379E+01   -.1379E+01   -.1379E+01   -.1379E+01   -.1379E+01   -.1379E+01   -.1379E+01   -.1379E+01   -.1379E+01   -.1379E+01   -.1379E+01   -.1379E+01   -.1379E+01   -.1379E+01   -.1379E+01   -.1379E+01   -.1379E+01   -.1379E+01   -.1379E+01   -.1379E+01   -.1379E+01   -.1379E+01   -.1379E+01   -.1379E+01   -.1379E+01   -.1379E+01   -.1379E+01   -.1379E+01   -.1379E+01
0.3878E+02   -.4021E+02   -.4031E+02   -.4041E+02   -.4052E+02   -.4063E+02   -.4072E+02   -.4071E+02   -.4051E+02   -.3999E+02   -.3997E+02   -.4385E+02   -.3194E+02   -.5759E+00   -.1780E+01   -.9931E+00   -.1392E+01   -.1242E+01   -.1331E+01   -.1310E+01   -.1333E+01   -.1334E+01   -.1342E+01   -.1346E+01   -.1350E+01   -.1353E+01   -.1356E+01   -.1358E+01   -.1360E+01   -.1362E+01   -.1363E+01   -.1365E+01   -.1366E+01   -.1367E+01   -.1368E+01   -.1369E+01   -.1370E+01   -.1370E+01   -.1371E+01   -.1372E+01   -.1372E+01   -.1373E+01   -.1373E+01   -.1373E+01   -.1374E+01   -.1374E+01   -.1375E+01   -.1375E+01   -.1375E+01   -.1375E+01   -.1376E+01   -.1376E+01   -.1376E+01   -.1376E+01   -.1377E+01   -.1377E+01   -.1377E+01   -.1377E+01   -.1377E+01   -.1377E+01   -.1378E+01   -.1378E+01   -.1378E+01   -.1378E+01   -.1378E+01   -.1378E+01   -.1378E+01   -.1378E+01   -.1378E+01   -.1378E+01   -.1379E+01   -.1379E+01   -.1379E+01   -.1379E+01   -.1379E+01   -.1379E+01   -.1379E+01   -.1379E+01   -.1379E+01   -.1379E+01   -.1379E+01   -.1379E+01   -.1379E+01   -.1379E+01   -.1379E+01   -.1379E+01   -.1379E+01   -.1379E+01   -.1379E+01   -.1379E+01   -.1379E+01   -.1379E+01   -.1379E+01   -.1379E+01   -.1379E+01   -.1379E+01   -.1379E+01   -.1379E+01   -.1379E+01
0.3900E+02   -.4024E+02   -.4034E+02   -.4045E+02   -.4057E+02   -.4067E+02   -.4072E+02   -.4062E+02   -.4025E+02   -.3945E+02   -.4087E+02   -.4930E+02   0.3795E+00   -.2351E+01   -.7182E+00   -.1503E+01   -.1184E+01   -.1349E+01   -.1296E+01   -.1334E+01   -.1329E+01   -.1341E+01   -.1343E+01   -.1349E+01   -.1352E+01   -.1355E+01   -.1357E+01   -.1359E+01   -.1361E+01   -.1363E+01   -.1364E+01   -.1365E+01   -.1366E+01   -.1367E+01   -.1368E+01   -.1369E+01   -.1370E+01   -.1371E+01   -.1371E+01   -.1372E+01   -.1372E+01   -.1373E+01   -.1373E+01   -.1374E+01   -.1374E+01   -.1374E+01   -.1375E+01   -.1375E+01   -.1375E+01   -.1376E+01   -.1376E+01   -.1376E+01   -.1376E+01   -.1376E+01   -.1377E+01   -.1377E+01   -.1377E+01   -.1377E+01   -.1377E+01   -.1377E+01   -.1378E+01   -.1378E+01   -.1378E+01   -.1378E+01   -.1378E+01   -.1378E+01   -.1378E+01   -.1378E+01   -.1378E+01   -.1379E+01   -.1379E+01   -.1379E+01   -.1379E+01   -.1379E+01   -.1379E+01   -.1379E+01   -.1379E+01   -.1379E+01   -.1379E+01   -.1379E+01   -.1379E+01   -.1379E+01   -.1379E+01   -.1379E+01   -.1379E+01   -.1379E+01   -.1379E+01   -.1379E+01   -.1379E+01   -.1379E+01   -.1379E+01   -.1379E+01   -.1379E+01   -.1379E+01   -.1379E+01   -.1379E+01   -.1379E+01   -.1379E+01   -.1379E+01
0.3922E+02   -.4026E+02   -.4038E+02   -.4049E+02   -.4060E+02   -.4068E+02   -.4063E+02   -.4035E+02   -.3971E+02   -.4035E+02   -.4632E+02   -.1701E+02   -.1394E+01   -.1289E+01   -.1228E+01   -.1295E+01   -.1291E+01   -.1314E+01   -.1320E+01   -.1331E+01   -.1336E+01   -.1342E+01   -.1347E+01   -.1350E+01   -.1353E+01   -.1356E+01   -.1358E+01   -.1360E+01   -.1362E+01   -.1363E+01   -.1365E+01   -.1366E+01   -.1367E+01   -.1368E+01   -.1369E+01   -.1370E+01   -.1370E+01   -.1371E+01   -.1371E+01   -.1372E+01   -.1373E+01   -.1373E+01   -.1373E+01   -.1374E+01   -.1374E+01   -.1375E+01   -.1375E+01   -.1375E+01   -.1375E+01   -.1376E+01   -.1376E+01   -.1376E+01   -.1376E+01   -.1377E+01   -.1377E+01   -.1377E+01   -.1377E+01   -.1377E+01   -.1377E+01   -.1378E+01   -.1378E+01   -.1378E+01   -.1378E+01   -.1378E+01   -.1378E+01   -.1378E+01   -.1378E+01   -.1378E+01   -.1378E+01   -.1379E+01   -.1379E+01   -.1379E+01   -.1379E+01   -.1379E+01   -.1379E+01   -.1379E+01   -.1379E+01   -.1379E+01   -.1379E+01   -.1379E+01   -.1379E+01   -.1379E+01   -.1379E+01   -.1379E+01   -.1379E+01   -.1379E+01   -.1379E+01   -.1379E+01   -.1379E+01   -.1379E+01   -.1379E+01   -.1379E+01   -.1379E+01   -.1379E+01   -.1379E+01   -.1379E+01   -.1379E+01   -.1379E+01   -.1379E+01
0.3943E+02   -.4029E+02   -.4041E+02   -.4053E+02   -.4062E+02   -.4063E+02   -.4045E+02   -.3995E+02   -.3982E+02   -.4334E+02   -.3436E+02   -.4387E+00   -.1859E+01   -.9526E+00   -.1406E+01   -.1232E+01   -.1332E+01   -.1307E+01   -.1332E+01   -.1332E+01   -.1341E+01   -.1344E+01   -.1349E+01   -.1352E+01   -.1355E+01   -.1357E+01   -.1359E+01   -.1361E+01   -.1363E+01   -.1364E+01   -.1365E+01   -.1366E+01   -.1367E+01   -.1368E+01   -.1369E+01   -.1370E+01   -.1371E+01   -.1371E+01   -.1372E+01   -.1372E+01   -.1373E+01   -.1373E+01   -.1374E+01   -.1374E+01   -.1374E+01   -.1375E+01   -.1375E+01   -.1375E+01   -.1376E+01   -.1376E+01   -.1376E+01   -.1376E+01   -.1376E+01   -.1377E+01   -.1377E+01   -.1377E+01   -.1377E+01   -.1377E+01   -.1377E+01   -.1378E+01   -.1378E+01   -.1378E+01   -.1378E+01   -.1378E+01   -.1378E+01   -.1378E+01   -.1378E+01   -.1378E+01   -.1379E+01   -.1379E+01   -.1379E+01   -.1379E+01   -.1379E+01   -.1379E+01   -.1379E+01   -.1379E+01   -.1379E+01   -.1379E+01   -.1379E+01   -.1379E+01   -.1379E+01   -.1379E+01   -.1379E+01   -.1379E+01   -.1379E+01   -.1379E+01   -.1379E+01   -.1379E+01   -.1379E+01   -.1379E+01   -.1379E+01   -.1379E+01   -.1379E+01   -.1379E+01   -.1379E+01   -.1379E+01   -.1379E+01   -.1379E+01   -.1379E+01
0.3965E+02   -.4032E+02   -.4045E+02   -.4056E+02   -.4062E+02   -.4053E+02   -.4018E+02   -.3940E+02   -.4071E+02   -.4878E+02   -.2103E+01   -.2211E+01   -.7985E+00   -.1462E+01   -.1198E+01   -.1339E+01   -.1297E+01   -.1331E+01   -.1328E+01   -.1339E+01   -.1342E+01   -.1347E+01   -.1351E+01   -.1354E+01   -.1356E+01   -.1358E+01   -.1360E+01   -.1362E+01   -.1363E+01   -.1365E+01   -.1366E+01   -.1367E+01   -.1368E+01   -.1369E+01   -.1369E+01   -.1370E+01   -.1371E+01   -.1371E+01   -.1372E+01   -.1372E+01   -.1373E+01   -.1373E+01   -.1374E+01   -.1374E+01   -.1374E+01   -.1375E+01   -.1375E+01   -.1375E+01   -.1376E+01   -.1376E+01   -.1376E+01   -.1376E+01   -.1377E+01   -.1377E+01   -.1377E+01   -.1377E+01   -.1377E+01   -.1377E+01   -.1378E+01   -.1378E+01   -.1378E+01   -.1378E+01   -.1378E+01   -.1378E+01   -.1378E+01   -.1378E+01   -.1378E+01   -.1378E+01   -.1379E+01   -.1379E+01   -.1379E+01   -.1379E+01   -.1379E+01   -.1379E+01   -.1379E+01   -.1379E+01   -.1379E+01   -.1379E+01   -.1379E+01   -.1379E+01   -.1379E+01   -.1379E+01   -.1379E+01   -.1379E+01   -.1379E+01   -.1379E+01   -.1379E+01   -.1379E+01   -.1379E+01   -.1379E+01   -.1379E+01   -.1379E+01   -.1379E+01   -.1379E+01   -.1379E+01   -.1379E+01   -.1379E+01   -.1379E+01   -.1379E+01
0.3987E+02   -.4035E+02   -.4047E+02   -.4056E+02   -.4052E+02   -.4026E+02   -.3964E+02   -.4017E+02   -.4578E+02   -.1945E+02   -.1255E+01   -.1368E+01   -.1186E+01   -.1309E+01   -.1281E+01   -.1315E+01   -.1317E+01   -.1330E+01   -.1335E+01   -.1341E+01   -.1345E+01   -.1349E+01   -.1352E+01   -.1355E+01   -.1357E+01   -.1359E+01   -.1361E+01   -.1363E+01   -.1364E+01   -.1365E+01   -.1366E+01   -.1367E+01   -.1368E+01   -.1369E+01   -.1370E+01   -.1370E+01   -.1371E+01   -.1372E+01   -.1372E+01   -.1373E+01   -.1373E+01   -.1374E+01   -.1374E+01   -.1374E+01   -.1375E+01   -.1375E+01   -.1375E+01   -.1375E+01   -.1376E+01   -.1376E+01   -.1376E+01   -.1376E+01   -.1377E+01   -.1377E+01   -.1377E+01   -.1377E+01   -.1377E+01   -.1377E+01   -.1378E+01   -.1378E+01   -.1378E+01   -.1378E+01   -.1378E+01   -.1378E+01   -.1378E+01   -.1378E+01   -.1378E+01   -.1378E+01   -.1379E+01   -.1379E+01   -.1379E+01   -.1379E+01   -.1379E+01   -.1379E+01   -.1379E+01   -.1379E+01   -.1379E+01   -.1379E+01   -.1379E+01   -.1379E+01   -.1379E+01   -.1379E+01   -.1379E+01   -.1379E+01   -.1379E+01   -.1379E+01   -.1379E+01   -.1379E+01   -.1379E+01   -.1379E+01   -.1379E+01   -.1379E+01   -.1379E+01   -.1379E+01   -.1379E+01   -.1379E+01   -.1379E+01   -.1379E+01   -.1379E+01
0.4008E+02   -.4037E+02   -.4048E+02   -.4051E+02   -.4034E+02   -.3987E+02   -.3963E+02   -.4279E+02   -.3675E+02   -.3016E+00   -.1937E+01   -.9115E+00   -.1420E+01   -.1222E+01   -.1333E+01   -.1303E+01   -.1331E+01   -.1330E+01   -.1340E+01   -.1343E+01   -.1348E+01   -.1351E+01   -.1354E+01   -.1356E+01   -.1358E+01   -.1360E+01   -.1362E+01   -.1363E+01   -.1365E+01   -.1366E+01   -.1367E+01   -.1368E+01   -.1369E+01   -.1369E+01   -.1370E+01   -.1371E+01   -.1371E+01   -.1372E+01   -.1372E+01   -.1373E+01   -.1373E+01   -.1374E+01   -.1374E+01   -.1374E+01   -.1375E+01   -.1375E+01   -.1375E+01   -.1376E+01   -.1376E+01   -.1376E+01   -.1376E+01   -.1376E+01   -.1377E+01   -.1377E+01   -.1377E+01   -.1377E+01   -.1377E+01   -.1377E+01   -.1378E+01   -.1378E+01   -.1378E+01   -.1378E+01   -.1378E+01   -.1378E+01   -.1378E+01   -.1378E+01   -.1378E+01   -.1379E+01   -.1379E+01   -.1379E+01   -.1379E+01   -.1379E+01   -.1379E+01   -.1379E+01   -.1379E+01   -.1379E+01   -.1379E+01   -.1379E+01   -.1379E+01   -.1379E+01   -.1379E+01   -.1379E+01   -.1379E+01   -.1379E+01   -.1379E+01   -.1379E+01   -.1379E+01   -.1379E+01   -.1379E+01   -.1379E+01   -.1379E+01   -.1379E+01   -.1379E+01   -.1379E+01   -.1379E+01   -.1379E+01   -.1379E+01   -.1379E+01   -.1379E+01
0.4030E+02   -.4038E+02   -.4046E+02   -.4039E+02   -.4005E+02   -.3931E+02   -.4049E+02   -.4820E+02   -.4572E+01   -.2070E+01   -.8779E+00   -.1420E+01   -.1212E+01   -.1329E+01   -.1298E+01   -.1327E+01   -.1327E+01   -.1337E+01   -.1341E+01   -.1346E+01   -.1349E+01   -.1352E+01   -.1355E+01   -.1357E+01   -.1359E+01   -.1361E+01   -.1363E+01   -.1364E+01   -.1365E+01   -.1366E+01   -.1367E+01   -.1368E+01   -.1369E+01   -.1370E+01   -.1370E+01   -.1371E+01   -.1372E+01   -.1372E+01   -.1373E+01   -.1373E+01   -.1373E+01   -.1374E+01   -.1374E+01   -.1374E+01   -.1375E+01   -.1375E+01   -.1375E+01   -.1376E+01   -.1376E+01   -.1376E+01   -.1376E+01   -.1377E+01   -.1377E+01   -.1377E+01   -.1377E+01   -.1377E+01   -.1377E+01   -.1378E+01   -.1378E+01   -.1378E+01   -.1378E+01   -.1378E+01   -.1378E+01   -.1378E+01   -.1378E+01   -.1378E+01   -.1378E+01   -.1379E+01   -.1379E+01   -.1379E+01   -.1379E+01   -.1379E+01   -.1379E+01   -.1379E+01   -.1379E+01   -.1379E+01   -.1379E+01   -.1379E+01   -.1379E+01   -.1379E+01   -.1379E+01   -.1379E+01   -.1379E+01   -.1379E+01   -.1379E+01   -.1379E+01   -.1379E+01   -.1379E+01   -.1379E+01   -.1379E+01   -.1379E+01   -.1379E+01   -.1379E+01   -.1379E+01   -.1379E+01   -.1379E+01   -.1379E+01   -.1379E+01   -.1379E+01
0.4052E+02   -.4035E+02   -.4035E+02   -.4011E+02   -.3952E+02   -.3993E+02   -.4518E+02   -.2186E+02   -.1116E+01   -.1446E+01   -.1144E+01   -.1322E+01   -.1270E+01   -.1316E+01   -.1313E+01   -.1328E+01   -.1332E+01   -.1339E+01   -.1343E+01   -.1348E+01   -.1351E+01   -.1354E+01   -.1356E+01   -.1358E+01   -.1360E+01   -.1362E+01   -.1363E+01   -.1364E+01   -.1366E+01   -.1367E+01   -.1368E+01   -.1368E+01   -.1369E+01   -.1370E+01   -.1371E+01   -.1371E+01   -.1372E+01   -.1372E+01   -.1373E+01   -.1373E+01   -.1374E+01   -.1374E+01   -.1374E+01   -.1375E+01   -.1375E+01   -.1375E+01   -.1375E+01   -.1376E+01   -.1376E+01   -.1376E+01   -.1376E+01   -.1377E+01   -.1377E+01   -.1377E+01   -.1377E+01   -.1377E+01   -.1377E+01   -.1378E+01   -.1378E+01   -.1378E+01   -.1378E+01   -.1378E+01   -.1378E+01   -.1378E+01   -.1378E+01   -.1378E+01   -.1378E+01   -.1379E+01   -.1379E+01   -.1379E+01   -.1379E+01   -.1379E+01   -.1379E+01   -.1379E+01   -.1379E+01   -.1379E+01   -.1379E+01   -.1379E+01   -.1379E+01   -.1379E+01   -.1379E+01   -.1379E+01   -.1379E+01   -.1379E+01   -.1379E+01   -.1379E+01   -.1379E+01   -.1379E+01   -.1379E+01   -.1379E+01   -.1379E+01   -.1379E+01   -.1379E+01   -.1379E+01   -.1379E+01   -.1379E+01   -.1379E+01   -.1379E+01   -.1379E+01
0.4073E+02   -.4028E+02   -.4016E+02   -.3972E+02   -.3937E+02   -.4216E+02   -.3906E+02   -.1648E+00   -.2013E+01   -.8695E+00   -.1432E+01   -.1211E+01   -.1333E+01   -.1299E+01   -.1329E+01   -.1327E+01   -.1338E+01   -.1341E+01   -.1346E+01   -.1349E+01   -.1352E+01   -.1355E+01   -.1357E+01   -.1359E+01   -.1361E+01   -.1362E+01   -.1364E+01   -.1365E+01   -.1366E+01   -.1367E+01   -.1368E+01   -.1369E+01   -.1369E+01   -.1370E+01   -.1371E+01   -.1371E+01   -.1372E+01   -.1372E+01   -.1373E+01   -.1373E+01   -.1374E+01   -.1374E+01   -.1374E+01   -.1375E+01   -.1375E+01   -.1375E+01   -.1376E+01   -.1376E+01   -.1376E+01   -.1376E+01   -.1376E+01   -.1377E+01   -.1377E+01   -.1377E+01   -.1377E+01   -.1377E+01   -.1377E+01   -.1378E+01   -.1378E+01   -.1378E+01   -.1378E+01   -.1378E+01   -.1378E+01   -.1378E+01   -.1378E+01   -.1378E+01   -.1379E+01   -.1379E+01   -.1379E+01   -.1379E+01   -.1379E+01   -.1379E+01   -.1379E+01   -.1379E+01   -.1379E+01   -.1379E+01   -.1379E+01   -.1379E+01   -.1379E+01   -.1379E+01   -.1379E+01   -.1379E+01   -.1379E+01   -.1379E+01   -.1379E+01   -.1379E+01   -.1379E+01   -.1379E+01   -.1379E+01   -.1379E+01   -.1379E+01   -.1379E+01   -.1379E+01   -.1379E+01   -.1379E+01   -.1379E+01   -.1379E+01   -.1379E+01   -.1379E+01
0.4095E+02   -.4013E+02   -.3983E+02   -.3912E+02   -.4017E+02   -.4752E+02   -.7017E+01   -.1927E+01   -.9556E+00   -.1376E+01   -.1224E+01   -.1317E+01   -.1298E+01   -.1323E+01   -.1325E+01   -.1334E+01   -.1339E+01   -.1344E+01   -.1347E+01   -.1351E+01   -.1354E+01   -.1356E+01   -.1358E+01   -.1360E+01   -.1361E+01   -.1363E+01   -.1364E+01   -.1365E+01   -.1366E+01   -.1367E+01   -.1368E+01   -.1369E+01   -.1370E+01   -.1370E+01   -.1371E+01   -.1372E+01   -.1372E+01   -.1373E+01   -.1373E+01   -.1373E+01   -.1374E+01   -.1374E+01   -.1374E+01   -.1375E+01   -.1375E+01   -.1375E+01   -.1376E+01   -.1376E+01   -.1376E+01   -.1376E+01   -.1377E+01   -.1377E+01   -.1377E+01   -.1377E+01   -.1377E+01   -.1377E+01   -.1378E+01   -.1378E+01   -.1378E+01   -.1378E+01   -.1378E+01   -.1378E+01   -.1378E+01   -.1378E+01   -.1378E+01   -.1378E+01   -.1379E+01   -.1379E+01   -.1379E+01   -.1379E+01   -.1379E+01   -.1379E+01   -.1379E+01   -.1379E+01   -.1379E+01   -.1379E+01   -.1379E+01   -.1379E+01   -.1379E+01   -.1379E+01   -.1379E+01   -.1379E+01   -.1379E+01   -.1379E+01   -.1379E+01   -.1379E+01   -.1379E+01   -.1379E+01   -.1379E+01   -.1379E+01   -.1379E+01   -.1379E+01   -.1379E+01   -.1379E+01   -.1379E+01   -.1379E+01   -.1379E+01   -.1379E+01   -.1379E+01
0.4117E+02   -.3981E+02   -.3927E+02   -.3957E+02   -.4445E+02   -.2419E+02   -.9751E+00   -.1521E+01   -.1101E+01   -.1334E+01   -.1258E+01   -.1315E+01   -.1308E+01   -.1325E+01   -.1329E+01   -.1337E+01   -.1341E+01   -.1346E+01   -.1349E+01   -.1352E+01   -.1355E+01   -.1357E+01   -.1359E+01   -.1360E+01   -.1362E+01   -.1363E+01   -.1365E+01   -.1366E+01   -.1367E+01   -.1368E+01   -.1368E+01   -.1369E+01   -.1370E+01   -.1371E+01   -.1371E+01   -.1372E+01   -.1372E+01   -.1373E+01   -.1373E+01   -.1373E+01   -.1374E+01   -.1374E+01   -.1375E+01   -.1375E+01   -.1375E+01   -.1375E+01   -.1376E+01   -.1376E+01   -.1376E+01   -.1376E+01   -.1377E+01   -.1377E+01   -.1377E+01   -.1377E+01   -.1377E+01   -.1377E+01   -.1378E+01   -.1378E+01   -.1378E+01   -.1378E+01   -.1378E+01   -.1378E+01   -.1378E+01   -.1378E+01   -.1378E+01   -.1378E+01   -.1379E+01   -.1379E+01   -.1379E+01   -.1379E+01   -.1379E+01   -.1379E+01   -.1379E+01   -.1379E+01   -.1379E+01   -.1379E+01   -.1379E+01   -.1379E+01   -.1379E+01   -.1379E+01   -.1379E+01   -.1379E+01   -.1379E+01   -.1379E+01   -.1379E+01   -.1379E+01   -.1379E+01   -.1379E+01   -.1379E+01   -.1379E+01   -.1379E+01   -.1379E+01   -.1379E+01   -.1379E+01   -.1379E+01   -.1379E+01   -.1379E+01   -.1379E+01   -.1379E+01
0.4138E+02   -.3937E+02   -.3894E+02   -.4137E+02   -.4121E+02   -.2838E-01   -.2084E+01   -.8256E+00   -.1442E+01   -.1198E+01   -.1331E+01   -.1293E+01   -.1326E+01   -.1324E+01   -.1335E+01   -.1338E+01   -.1344E+01   -.1347E+01   -.1350E+01   -.1353E+01   -.1356E+01   -.1358E+01   -.1359E+01   -.1361E+01   -.1363E+01   -.1364E+01   -.1365E+01   -.1366E+01   -.1367E+01   -.1368E+01   -.1369E+01   -.1369E+01   -.1370E+01   -.1371E+01   -.1371E+01   -.1372E+01   -.1372E+01   -.1373E+01   -.1373E+01   -.1374E+01   -.1374E+01   -.1374E+01   -.1375E+01   -.1375E+01   -.1375E+01   -.1375E+01   -.1376E+01   -.1376E+01   -.1376E+01   -.1376E+01   -.1377E+01   -.1377E+01   -.1377E+01   -.1377E+01   -.1377E+01   -.1377E+01   -.1378E+01   -.1378E+01   -.1378E+01   -.1378E+01   -.1378E+01   -.1378E+01   -.1378E+01   -.1378E+01   -.1378E+01   -.1379E+01   -.1379E+01   -.1379E+01   -.1379E+01   -.1379E+01   -.1379E+01   -.1379E+01   -.1379E+01   -.1379E+01   -.1379E+01   -.1379E+01   -.1379E+01   -.1379E+01   -.1379E+01   -.1379E+01   -.1379E+01   -.1379E+01   -.1379E+01   -.1379E+01   -.1379E+01   -.1379E+01   -.1379E+01   -.1379E+01   -.1379E+01   -.1379E+01   -.1379E+01   -.1379E+01   -.1379E+01   -.1379E+01   -.1379E+01   -.1379E+01   -.1379E+01   -.1379E+01   -.1379E+01
0.4160E+02   -.3868E+02   -.3963E+02   -.4663E+02   -.9410E+01   -.1779E+01   -.1030E+01   -.1330E+01   -.1234E+01   -.1304E+01   -.1296E+01   -.1317E+01   -.1321E+01   -.1331E+01   -.1336E+01   -.1341E+01   -.1345E+01   -.1348E+01   -.1351E+01   -.1354E+01   -.1356E+01   -.1358E+01   -.1360E+01   -.1362E+01   -.1363E+01   -.1364E+01   -.1365E+01   -.1366E+01   -.1367E+01   -.1368E+01   -.1369E+01   -.1370E+01   -.1370E+01   -.1371E+01   -.1371E+01   -.1372E+01   -.1372E+01   -.1373E+01   -.1373E+01   -.1374E+01   -.1374E+01   -.1374E+01   -.1375E+01   -.1375E+01   -.1375E+01   -.1376E+01   -.1376E+01   -.1376E+01   -.1376E+01   -.1376E+01   -.1377E+01   -.1377E+01   -.1377E+01   -.1377E+01   -.1377E+01   -.1377E+01   -.1378E+01   -.1378E+01   -.1378E+01   -.1378E+01   -.1378E+01   -.1378E+01   -.1378E+01   -.1378E+01   -.1378E+01   -.1379E+01   -.1379E+01   -.1379E+01   -.1379E+01   -.1379E+01   -.1379E+01   -.1379E+01   -.1379E+01   -.1379E+01   -.1379E+01   -.1379E+01   -.1379E+01   -.1379E+01   -.1379E+01   -.1379E+01   -.1379E+01   -.1379E+01   -.1379E+01   -.1379E+01   -.1379E+01   -.1379E+01   -.1379E+01   -.1379E+01   -.1379E+01   -.1379E+01   -.1379E+01   -.1379E+01   -.1379E+01   -.1379E+01   -.1379E+01   -.1379E+01   -.1379E+01   -.1379E+01   -.1379E+01
0.4182E+02   -.3885E+02   -.4342E+02   -.2637E+02   -.8318E+00   -.1590E+01   -.1054E+01   -.1342E+01   -.1243E+01   -.1312E+01   -.1301E+01   -.1321E+01   -.1325E+01   -.1333E+01   -.1338E+01   -.1343E+01   -.1346E+01   -.1350E+01   -.1352E+01   -.1355E+01   -.1357E+01   -.1359E+01   -.1360E+01   -.1362E+01   -.1363E+01   -.1365E+01   -.1366E+01   -.1367E+01   -.1367E+01   -.1368E+01   -.1369E+01   -.1370E+01   -.1370E+01   -.1371E+01   -.1372E+01   -.1372E+01   -.1372E+01   -.1373E+01   -.1373E+01   -.1374E+01   -.1374E+01   -.1374E+01   -.1375E+01   -.1375E+01   -.1375E+01   -.1376E+01   -.1376E+01   -.1376E+01   -.1376E+01   -.1376E+01   -.1377E+01   -.1377E+01   -.1377E+01   -.1377E+01   -.1377E+01   -.1377E+01   -.1378E+01   -.1378E+01   -.1378E+01   -.1378E+01   -.1378E+01   -.1378E+01   -.1378E+01   -.1378E+01   -.1378E+01   -.1379E+01   -.1379E+01   -.1379E+01   -.1379E+01   -.1379E+01   -.1379E+01   -.1379E+01   -.1379E+01   -.1379E+01   -.1379E+01   -.1379E+01   -.1379E+01   -.1379E+01   -.1379E+01   -.1379E+01   -.1379E+01   -.1379E+01   -.1379E+01   -.1379E+01   -.1379E+01   -.1379E+01   -.1379E+01   -.1379E+01   -.1379E+01   -.1379E+01   -.1379E+01   -.1379E+01   -.1379E+01   -.1379E+01   -.1379E+01   -.1379E+01   -.1379E+01   -.1379E+01   -.1379E+01
0.4203E+02   -.4009E+02   -.4297E+02   0.1098E+00   -.2145E+01   -.7771E+00   -.1448E+01   -.1182E+01   -.1327E+01   -.1285E+01   -.1320E+01   -.1318E+01   -.1330E+01   -.1334E+01   -.1340E+01   -.1344E+01   -.1348E+01   -.1351E+01   -.1353E+01   -.1355E+01   -.1358E+01   -.1359E+01   -.1361E+01   -.1362E+01   -.1364E+01   -.1365E+01   -.1366E+01   -.1367E+01   -.1368E+01   -.1368E+01   -.1369E+01   -.1370E+01   -.1370E+01   -.1371E+01   -.1372E+01   -.1372E+01   -.1373E+01   -.1373E+01   -.1373E+01   -.1374E+01   -.1374E+01   -.1374E+01   -.1375E+01   -.1375E+01   -.1375E+01   -.1376E+01   -.1376E+01   -.1376E+01   -.1376E+01   -.1377E+01   -.1377E+01   -.1377E+01   -.1377E+01   -.1377E+01   -.1377E+01   -.1378E+01   -.1378E+01   -.1378E+01   -.1378E+01   -.1378E+01   -.1378E+01   -.1378E+01   -.1378E+01   -.1378E+01   -.1378E+01   -.1379E+01   -.1379E+01   -.1379E+01   -.1379E+01   -.1379E+01   -.1379E+01   -.1379E+01   -.1379E+01   -.1379E+01   -.1379E+01   -.1379E+01   -.1379E+01   -.1379E+01   -.1379E+01   -.1379E+01   -.1379E+01   -.1379E+01   -.1379E+01   -.1379E+01   -.1379E+01   -.1379E+01   -.1379E+01   -.1379E+01   -.1379E+01   -.1379E+01   -.1379E+01   -.1379E+01   -.1379E+01   -.1379E+01   -.1379E+01   -.1379E+01   -.1379E+01   -.1379E+01   -.1379E+01
0.4225E+02   -.4510E+02   -.1166E+02   -.1627E+01   -.1094E+01   -.1279E+01   -.1239E+01   -.1286E+01   -.1290E+01   -.1308E+01   -.1316E+01   -.1325E+01   -.1331E+01   -.1337E+01   -.1341E+01   -.1345E+01   -.1348E+01   -.1351E+01   -.1354E+01   -.1356E+01   -.1358E+01   -.1360E+01   -.1361E+01   -.1363E+01   -.1364E+01   -.1365E+01   -.1366E+01   -.1367E+01   -.1368E+01   -.1369E+01   -.1369E+01   -.1370E+01   -.1371E+01   -.1371E+01   -.1372E+01   -.1372E+01   -.1373E+01   -.1373E+01   -.1373E+01   -.1374E+01   -.1374E+01   -.1375E+01   -.1375E+01   -.1375E+01   -.1375E+01   -.1376E+01   -.1376E+01   -.1376E+01   -.1376E+01   -.1377E+01   -.1377E+01   -.1377E+01   -.1377E+01   -.1377E+01   -.1377E+01   -.1378E+01   -.1378E+01   -.1378E+01   -.1378E+01   -.1378E+01   -.1378E+01   -.1378E+01   -.1378E+01   -.1378E+01   -.1378E+01   -.1379E+01   -.1379E+01   -.1379E+01   -.1379E+01   -.1379E+01   -.1379E+01   -.1379E+01   -.1379E+01   -.1379E+01   -.1379E+01   -.1379E+01   -.1379E+01   -.1379E+01   -.1379E+01   -.1379E+01   -.1379E+01   -.1379E+01   -.1379E+01   -.1379E+01   -.1379E+01   -.1379E+01   -.1379E+01   -.1379E+01   -.1379E+01   -.1379E+01   -.1379E+01   -.1379E+01   -.1379E+01   -.1379E+01   -.1379E+01   -.1379E+01   -.1379E+01   -.1379E+01   -.1379E+01
0.4247E+02   -.2803E+02   -.6858E+00   -.1641E+01   -.9996E+00   -.1341E+01   -.1223E+01   -.1303E+01   -.1290E+01   -.1314E+01   -.1318E+01   -.1327E+01   -.1332E+01   -.1338E+01   -.1342E+01   -.1346E+01   -.1349E+01   -.1352E+01   -.1354E+01   -.1356E+01   -.1358E+01   -.1360E+01   -.1362E+01   -.1363E+01   -.1364E+01   -.1365E+01   -.1366E+01   -.1367E+01   -.1368E+01   -.1369E+01   -.1369E+01   -.1370E+01   -.1371E+01   -.1371E+01   -.1372E+01   -.1372E+01   -.1373E+01   -.1373E+01   -.1374E+01   -.1374E+01   -.1374E+01   -.1375E+01   -.1375E+01   -.1375E+01   -.1375E+01   -.1376E+01   -.1376E+01   -.1376E+01   -.1376E+01   -.1377E+01   -.1377E+01   -.1377E+01   -.1377E+01   -.1377E+01   -.1377E+01   -.1378E+01   -.1378E+01   -.1378E+01   -.1378E+01   -.1378E+01   -.1378E+01   -.1378E+01   -.1378E+01   -.1378E+01   -.1378E+01   -.1379E+01   -.1379E+01   -.1379E+01   -.1379E+01   -.1379E+01   -.1379E+01   -.1379E+01   -.1379E+01   -.1379E+01   -.1379E+01   -.1379E+01   -.1379E+01   -.1379E+01   -.1379E+01   -.1379E+01   -.1379E+01   -.1379E+01   -.1379E+01   -.1379E+01   -.1379E+01   -.1379E+01   -.1379E+01   -.1379E+01   -.1379E+01   -.1379E+01   -.1379E+01   -.1379E+01   -.1379E+01   -.1379E+01   -.1379E+01   -.1379E+01   -.1379E+01   -.1379E+01   -.1379E+01
0.4268E+02   0.3209E+00   -.2214E+01   -.7019E+00   -.1448E+01   -.1154E+01   -.1316E+01   -.1270E+01   -.1311E+01   -.1309E+01   -.1323E+01   -.1328E+01   -.1334E+01   -.1339E+01   -.1343E+01   -.1347E+01   -.1350E+01   -.1352E+01   -.1355E+01   -.1357E+01   -.1359E+01   -.1360E+01   -.1362E+01   -.1363E+01   -.1364E+01   -.1365E+01   -.1366E+01   -.1367E+01   -.1368E+01   -.1369E+01   -.1370E+01   -.1370E+01   -.1371E+01   -.1371E+01   -.1372E+01   -.1372E+01   -.1373E+01   -.1373E+01   -.1374E+01   -.1374E+01   -.1374E+01   -.1375E+01   -.1375E+01   -.1375E+01   -.1375E+01   -.1376E+01   -.1376E+01   -.1376E+01   -.1376E+01   -.1377E+01   -.1377E+01   -.1377E+01   -.1377E+01   -.1377E+01   -.1377E+01   -.1378E+01   -.1378E+01   -.1378E+01   -.1378E+01   -.1378E+01   -.1378E+01   -.1378E+01   -.1378E+01   -.1378E+01   -.1379E+01   -.1379E+01   -.1379E+01   -.1379E+01   -.1379E+01   -.1379E+01   -.1379E+01   -.1379E+01   -.1379E+01   -.1379E+01   -.1379E+01   -.1379E+01   -.1379E+01   -.1379E+01   -.1379E+01   -.1379E+01   -.1379E+01   -.1379E+01   -.1379E+01   -.1379E+01   -.1379E+01   -.1379E+01   -.1379E+01   -.1379E+01   -.1379E+01   -.1379E+01   -.1379E+01   -.1379E+01   -.1379E+01   -.1379E+01   -.1379E+01   -.1379E+01   -.1379E+01   -.1379E+01   -.1379E+01
0.4290E+02   -.1562E+01   -.1082E+01   -.1234E+01   -.1219E+01   -.1263E+01   -.1275E+01   -.1294E+01   -.1304E+01   -.1315E+01   -.1323E+01   -.1329E+01   -.1335E+01   -.1340E+01   -.1344E+01   -.1347E+01   -.1350E+01   -.1353E+01   -.1355E+01   -.1357E+01   -.1359E+01   -.1360E+01   -.1362E+01   -.1363E+01   -.1364E+01   -.1365E+01   -.1366E+01   -.1367E+01   -.1368E+01   -.1369E+01   -.1370E+01   -.1370E+01   -.1371E+01   -.1371E+01   -.1372E+01   -.1372E+01   -.1373E+01   -.1373E+01   -.1374E+01   -.1374E+01   -.1374E+01   -.1375E+01   -.1375E+01   -.1375E+01   -.1375E+01   -.1376E+01   -.1376E+01   -.1376E+01   -.1376E+01   -.1377E+01   -.1377E+01   -.1377E+01   -.1377E+01   -.1377E+01   -.1377E+01   -.1378E+01   -.1378E+01   -.1378E+01   -.1378E+01   -.1378E+01   -.1378E+01   -.1378E+01   -.1378E+01   -.1378E+01   -.1379E+01   -.1379E+01   -.1379E+01   -.1379E+01   -.1379E+01   -.1379E+01   -.1379E+01   -.1379E+01   -.1379E+01   -.1379E+01   -.1379E+01   -.1379E+01   -.1379E+01   -.1379E+01   -.1379E+01   -.1379E+01   -.1379E+01   -.1379E+01   -.1379E+01   -.1379E+01   -.1379E+01   -.1379E+01   -.1379E+01   -.1379E+01   -.1379E+01   -.1379E+01   -.1379E+01   -.1379E+01   -.1379E+01   -.1379E+01   -.1379E+01   -.1379E+01   -.1379E+01   -.1379E+01   -.1379E+01
0.4312E+02   -.1625E+01   -.9331E+00   -.1314E+01   -.1189E+01   -.1282E+01   -.1270E+01   -.1298E+01   -.1304E+01   -.1317E+01   -.1323E+01   -.1330E+01   -.1335E+01   -.1340E+01   -.1344E+01   -.1347E+01   -.1350E+01   -.1353E+01   -.1355E+01   -.1357E+01   -.1359E+01   -.1361E+01   -.1362E+01   -.1363E+01   -.1364E+01   -.1365E+01   -.1366E+01   -.1367E+01   -.1368E+01   -.1369E+01   -.1370E+01   -.1370E+01   -.1371E+01   -.1371E+01   -.1372E+01   -.1372E+01   -.1373E+01   -.1373E+01   -.1374E+01   -.1374E+01   -.1374E+01   -.1375E+01   -.1375E+01   -.1375E+01   -.1375E+01   -.1376E+01   -.1376E+01   -.1376E+01   -.1376E+01   -.1377E+01   -.1377E+01   -.1377E+01   -.1377E+01   -.1377E+01   -.1377E+01   -.1378E+01   -.1378E+01   -.1378E+01   -.1378E+01   -.1378E+01   -.1378E+01   -.1378E+01   -.1378E+01   -.1378E+01   -.1379E+01   -.1379E+01   -.1379E+01   -.1379E+01   -.1379E+01   -.1379E+01   -.1379E+01   -.1379E+01   -.1379E+01   -.1379E+01   -.1379E+01   -.1379E+01   -.1379E+01   -.1379E+01   -.1379E+01   -.1379E+01   -.1379E+01   -.1379E+01   -.1379E+01   -.1379E+01   -.1379E+01   -.1379E+01   -.1379E+01   -.1379E+01   -.1379E+01   -.1379E+01   -.1379E+01   -.1379E+01   -.1379E+01   -.1379E+01   -.1379E+01   -.1379E+01   -.1379E+01   -.1379E+01   -.1379E+01
