0.8150E+03   0.0000E+00   -.2200E+01   -.2200E+01   -.2200E+01   -.2200E+01   -.2200E+01   -.2200E+01   -.2200E+01   -.2200E+01   -.2200E+01   -.2200E+01   -.2200E+01   -.2200E+01   -.2200E+01   -.2200E+01   -.2200E+01   -.2200E+01   -.2200E+01   -.2200E+01   -.2200E+01   -.2199E+01   -.2199E+01   -.2199E+01   -.2199E+01   -.2199E+01   -.2199E+01   -.2199E+01   -.2199E+01   -.2199E+01   -.2199E+01   -.2199E+01   -.2199E+01   -.2199E+01   -.2199E+01   -.2199E+01   -.2199E+01   -.2199E+01   -.2199E+01   -.2199E+01   -.2199E+01   -.2199E+01   -.2199E+01   -.2199E+01   -.2199E+01   -.2199E+01   -.2199E+01   -.2199E+01   -.2199E+01   -.2199E+01   -.2199E+01   -.2198E+01   -.2198E+01   -.2198E+01   -.2198E+01   -.2198E+01   -.2198E+01   -.2198E+01   -.2198E+01   -.2198E+01   -.2198E+01   -.2198E+01   -.2198E+01   -.2198E+01   -.2198E+01   -.2198E+01   -.2198E+01   -.2198E+01   -.2198E+01   -.2198E+01   -.2198E+01   -.2198E+01   -.2198E+01   -.2198E+01   -.2198E+01   -.2198E+01   -.2198E+01   -.2198E+01   -.2199E+01   -.2199E+01   -.2199E+01   -.2199E+01   -.2199E+01   -.2199E+01   -.2199E+01   -.2199E+01   -.2200E+01   -.2200E+01   -.2200E+01   -.2200E+01   -.2201E+01   -.2201E+01   -.2201E+01   -.2202E+01   -.2202E+01   -.2203E+01   -.2203E+01   -.2204E+01   -.2204E+01   -.2205E+01
0.8160E+03   0.1322E+01   -.2200E+01   -.2200E+01   -.2200E+01   -.2200E+01   -.2200E+01   -.2200E+01   -.2200E+01   -.2200E+01   -.2200E+01   -.2200E+01   -.2200E+01   -.2200E+01   -.2200E+01   -.2200E+01   -.2200E+01   -.2200E+01   -.2200E+01   -.2200E+01   -.2200E+01   -.2200E+01   -.2200E+01   -.2200E+01   -.2199E+01   -.2199E+01   -.2199E+01   -.2199E+01   -.2199E+01   -.2199E+01   -.2199E+01   -.2199E+01   -.2199E+01   -.2199E+01   -.2199E+01   -.2199E+01   -.2199E+01   -.2199E+01   -.2199E+01   -.2199E+01   -.2199E+01   -.2199E+01   -.2199E+01   -.2199E+01   -.2199E+01   -.2199E+01   -.2199E+01   -.2199E+01   -.2199E+01   -.2199E+01   -.2199E+01   -.2199E+01   -.2199E+01   -.2199E+01   -.2199E+01   -.2199E+01   -.2199E+01   -.2199E+01   -.2199E+01   -.2199E+01   -.2199E+01   -.2199E+01   -.2199E+01   -.2198E+01   -.2198E+01   -.2198E+01   -.2199E+01   -.2199E+01   -.2199E+01   -.2199E+01   -.2199E+01   -.2199E+01   -.2199E+01   -.2199E+01   -.2199E+01   -.2199E+01   -.2199E+01   -.2199E+01   -.2199E+01   -.2199E+01   -.2199E+01   -.2199E+01   -.2200E+01   -.2200E+01   -.2200E+01   -.2200E+01   -.2200E+01   -.2201E+01   -.2201E+01   -.2201E+01   -.2201E+01   -.2202E+01   -.2202E+01   -.2203E+01   -.2203E+01   -.2203E+01   -.2204E+01   -.2205E+01   -.2205E+01   -.2206E+01
0.8170E+03   0.2500E+01   -.2200E+01   -.2200E+01   -.2200E+01   -.2200E+01   -.2200E+01   -.2200E+01   -.2200E+01   -.2200E+01   -.2200E+01   -.2200E+01   -.2200E+01   -.2200E+01   -.2200E+01   -.2200E+01   -.2200E+01   -.2200E+01   -.2200E+01   -.2200E+01   -.2200E+01   -.2200E+01   -.2200E+01   -.2200E+01   -.2200E+01   -.2200E+01   -.2200E+01   -.2200E+01   -.2199E+01   -.2199E+01   -.2199E+01   -.2199E+01   -.2199E+01   -.2199E+01   -.2199E+01   -.2199E+01   -.2199E+01   -.2199E+01   -.2199E+01   -.2199E+01   -.2199E+01   -.2199E+01   -.2199E+01   -.2199E+01   -.2199E+01   -.2199E+01   -.2199E+01   -.2199E+01   -.2199E+01   -.2199E+01   -.2199E+01   -.2199E+01   -.2199E+01   -.2199E+01   -.2199E+01   -.2199E+01   -.2199E+01   -.2199E+01   -.2199E+01   -.2199E+01   -.2199E+01   -.2199E+01   -.2199E+01   -.2199E+01   -.2199E+01   -.2199E+01   -.2199E+01   -.2199E+01   -.2199E+01   -.2199E+01   -.2199E+01   -.2199E+01   -.2199E+01   -.2199E+01   -.2199E+01   -.2200E+01   -.2200E+01   -.2200E+01   -.2200E+01   -.2200E+01   -.2200E+01   -.2200E+01   -.2200E+01   -.2201E+01   -.2201E+01   -.2201E+01   -.2201E+01   -.2202E+01   -.2202E+01   -.2202E+01   -.2203E+01   -.2203E+01   -.2203E+01   -.2204E+01   -.2204E+01   -.2205E+01   -.2206E+01   -.2206E+01   -.2207E+01   -.2208E+01
0.8180E+03   0.3550E+01   -.2200E+01   -.2200E+01   -.2200E+01   -.2200E+01   -.2200E+01   -.2200E+01   -.2200E+01   -.2200E+01   -.2200E+01   -.2200E+01   -.2200E+01   -.2200E+01   -.2200E+01   -.2200E+01   -.2200E+01   -.2200E+01   -.2200E+01   -.2200E+01   -.2200E+01   -.2200E+01   -.2200E+01   -.2200E+01   -.2200E+01   -.2200E+01   -.2200E+01   -.2200E+01   -.2200E+01   -.2200E+01   -.2200E+01   -.2200E+01   -.2200E+01   -.2199E+01   -.2199E+01   -.2199E+01   -.2199E+01   -.2199E+01   -.2199E+01   -.2199E+01   -.2199E+01   -.2199E+01   -.2199E+01   -.2199E+01   -.2199E+01   -.2199E+01   -.2199E+01   -.2199E+01   -.2199E+01   -.2199E+01   -.2199E+01   -.2199E+01   -.2199E+01   -.2199E+01   -.2199E+01   -.2199E+01   -.2199E+01   -.2199E+01   -.2199E+01   -.2199E+01   -.2199E+01   -.2199E+01   -.2199E+01   -.2199E+01   -.2199E+01   -.2199E+01   -.2200E+01   -.2200E+01   -.2200E+01   -.2200E+01   -.2200E+01   -.2200E+01   -.2200E+01   -.2200E+01   -.2200E+01   -.2200E+01   -.2200E+01   -.2200E+01   -.2201E+01   -.2201E+01   -.2201E+01   -.2201E+01   -.2201E+01   -.2202E+01   -.2202E+01   -.2202E+01   -.2202E+01   -.2203E+01   -.2203E+01   -.2203E+01   -.2204E+01   -.2204E+01   -.2205E+01   -.2205E+01   -.2206E+01   -.2207E+01   -.2208E+01   -.2208E+01   -.2209E+01   -.2211E+01
0.8190E+03   0.4486E+01   -.2200E+01   -.2200E+01   -.2200E+01   -.2200E+01   -.2200E+01   -.2200E+01   -.2200E+01   -.2200E+01   -.2200E+01   -.2200E+01   -.2200E+01   -.2200E+01   -.2200E+01   -.2200E+01   -.2200E+01   -.2200E+01   -.2200E+01   -.2200E+01   -.2200E+01   -.2200E+01   -.2200E+01   -.2200E+01   -.2200E+01   -.2200E+01   -.2200E+01   -.2200E+01   -.2200E+01   -.2200E+01   -.2200E+01   -.2200E+01   -.2200E+01   -.2200E+01   -.2200E+01   -.2200E+01   -.2200E+01   -.2200E+01   -.2200E+01   -.2200E+01   -.2200E+01   -.2200E+01   -.2200E+01   -.2200E+01   -.2199E+01   -.2199E+01   -.2199E+01   -.2199E+01   -.2199E+01   -.2199E+01   -.2200E+01   -.2200E+01   -.2200E+01   -.2200E+01   -.2200E+01   -.2200E+01   -.2200E+01   -.2200E+01   -.2200E+01   -.2200E+01   -.2200E+01   -.2200E+01   -.2200E+01   -.2200E+01   -.2200E+01   -.2200E+01   -.2200E+01   -.2200E+01   -.2200E+01   -.2200E+01   -.2200E+01   -.2200E+01   -.2200E+01   -.2201E+01   -.2201E+01   -.2201E+01   -.2201E+01   -.2201E+01   -.2201E+01   -.2201E+01   -.2202E+01   -.2202E+01   -.2202E+01   -.2202E+01   -.2203E+01   -.2203E+01   -.2203E+01   -.2204E+01   -.2204E+01   -.2205E+01   -.2205E+01   -.2206E+01   -.2206E+01   -.2207E+01   -.2208E+01   -.2209E+01   -.2210E+01   -.2211E+01   -.2212E+01   -.2214E+01
0.8200E+03   0.5320E+01   -.2200E+01   -.2200E+01   -.2200E+01   -.2200E+01   -.2200E+01   -.2200E+01   -.2200E+01   -.2200E+01   -.2200E+01   -.2200E+01   -.2200E+01   -.2200E+01   -.2200E+01   -.2200E+01   -.2200E+01   -.2200E+01   -.2200E+01   -.2200E+01   -.2200E+01   -.2200E+01   -.2200E+01   -.2200E+01   -.2200E+01   -.2200E+01   -.2200E+01   -.2200E+01   -.2200E+01   -.2200E+01   -.2200E+01   -.2200E+01   -.2200E+01   -.2200E+01   -.2200E+01   -.2200E+01   -.2200E+01   -.2200E+01   -.2200E+01   -.2200E+01   -.2200E+01   -.2200E+01   -.2200E+01   -.2200E+01   -.2200E+01   -.2200E+01   -.2200E+01   -.2200E+01   -.2200E+01   -.2200E+01   -.2200E+01   -.2200E+01   -.2200E+01   -.2200E+01   -.2200E+01   -.2200E+01   -.2200E+01   -.2200E+01   -.2200E+01   -.2200E+01   -.2200E+01   -.2200E+01   -.2200E+01   -.2200E+01   -.2200E+01   -.2200E+01   -.2200E+01   -.2200E+01   -.2200E+01   -.2201E+01   -.2201E+01   -.2201E+01   -.2201E+01   -.2201E+01   -.2201E+01   -.2201E+01   -.2202E+01   -.2202E+01   -.2202E+01   -.2202E+01   -.2202E+01   -.2203E+01   -.2203E+01   -.2203E+01   -.2204E+01   -.2204E+01   -.2204E+01   -.2205E+01   -.2205E+01   -.2206E+01   -.2207E+01   -.2207E+01   -.2208E+01   -.2209E+01   -.2210E+01   -.2212E+01   -.2213E+01   -.2215E+01   -.2217E+01   -.2219E+01
0.8210E+03   0.6064E+01   -.2200E+01   -.2200E+01   -.2200E+01   -.2200E+01   -.2200E+01   -.2200E+01   -.2200E+01   -.2200E+01   -.2200E+01   -.2200E+01   -.2200E+01   -.2200E+01   -.2200E+01   -.2200E+01   -.2200E+01   -.2200E+01   -.2200E+01   -.2200E+01   -.2200E+01   -.2200E+01   -.2200E+01   -.2200E+01   -.2200E+01   -.2200E+01   -.2200E+01   -.2200E+01   -.2200E+01   -.2200E+01   -.2200E+01   -.2200E+01   -.2200E+01   -.2200E+01   -.2200E+01   -.2200E+01   -.2200E+01   -.2200E+01   -.2200E+01   -.2200E+01   -.2200E+01   -.2200E+01   -.2200E+01   -.2200E+01   -.2200E+01   -.2200E+01   -.2200E+01   -.2200E+01   -.2200E+01   -.2200E+01   -.2200E+01   -.2200E+01   -.2200E+01   -.2200E+01   -.2200E+01   -.2200E+01   -.2200E+01   -.2200E+01   -.2200E+01   -.2200E+01   -.2200E+01   -.2200E+01   -.2200E+01   -.2200E+01   -.2200E+01   -.2201E+01   -.2201E+01   -.2201E+01   -.2201E+01   -.2201E+01   -.2201E+01   -.2201E+01   -.2201E+01   -.2202E+01   -.2202E+01   -.2202E+01   -.2202E+01   -.2202E+01   -.2203E+01   -.2203E+01   -.2203E+01   -.2203E+01   -.2204E+01   -.2204E+01   -.2205E+01   -.2205E+01   -.2206E+01   -.2206E+01   -.2207E+01   -.2208E+01   -.2208E+01   -.2209E+01   -.2210E+01   -.2212E+01   -.2213E+01   -.2215E+01   -.2217E+01   -.2219E+01   -.2222E+01   -.2225E+01
0.8220E+03   0.6727E+01   -.2200E+01   -.2200E+01   -.2200E+01   -.2200E+01   -.2200E+01   -.2200E+01   -.2200E+01   -.2200E+01   -.2200E+01   -.2200E+01   -.2200E+01   -.2200E+01   -.2200E+01   -.2200E+01   -.2200E+01   -.2200E+01   -.2200E+01   -.2200E+01   -.2200E+01   -.2200E+01   -.2200E+01   -.2200E+01   -.2200E+01   -.2200E+01   -.2200E+01   -.2200E+01   -.2200E+01   -.2200E+01   -.2200E+01   -.2200E+01   -.2200E+01   -.2200E+01   -.2200E+01   -.2200E+01   -.2200E+01   -.2200E+01   -.2200E+01   -.2200E+01   -.2200E+01   -.2200E+01   -.2200E+01   -.2200E+01   -.2200E+01   -.2200E+01   -.2200E+01   -.2200E+01   -.2200E+01   -.2200E+01   -.2200E+01   -.2200E+01   -.2200E+01   -.2200E+01   -.2200E+01   -.2200E+01   -.2200E+01   -.2200E+01   -.2200E+01   -.2200E+01   -.2200E+01   -.2200E+01   -.2201E+01   -.2201E+01   -.2201E+01   -.2201E+01   -.2201E+01   -.2201E+01   -.2201E+01   -.2201E+01   -.2201E+01   -.2202E+01   -.2202E+01   -.2202E+01   -.2202E+01   -.2202E+01   -.2203E+01   -.2203E+01   -.2203E+01   -.2204E+01   -.2204E+01   -.2204E+01   -.2205E+01   -.2205E+01   -.2206E+01   -.2206E+01   -.2207E+01   -.2208E+01   -.2208E+01   -.2209E+01   -.2210E+01   -.2212E+01   -.2213E+01   -.2215E+01   -.2217E+01   -.2219E+01   -.2222E+01   -.2225E+01   -.2229E+01   -.2234E+01
0.8230E+03   0.7318E+01   -.2200E+01   -.2200E+01   -.2200E+01   -.2200E+01   -.2200E+01   -.2200E+01   -.2200E+01   -.2200E+01   -.2200E+01   -.2200E+01   -.2200E+01   -.2200E+01   -.2200E+01   -.2200E+01   -.2200E+01   -.2200E+01   -.2200E+01   -.2200E+01   -.2200E+01   -.2200E+01   -.2200E+01   -.2200E+01   -.2200E+01   -.2200E+01   -.2200E+01   -.2200E+01   -.2200E+01   -.2200E+01   -.2200E+01   -.2200E+01   -.2200E+01   -.2200E+01   -.2200E+01   -.2200E+01   -.2200E+01   -.2200E+01   -.2200E+01   -.2200E+01   -.2200E+01   -.2200E+01   -.2200E+01   -.2200E+01   -.2200E+01   -.2200E+01   -.2200E+01   -.2200E+01   -.2200E+01   -.2200E+01   -.2200E+01   -.2200E+01   -.2200E+01   -.2200E+01   -.2200E+01   -.2200E+01   -.2200E+01   -.2200E+01   -.2200E+01   -.2201E+01   -.2201E+01   -.2201E+01   -.2201E+01   -.2201E+01   -.2201E+01   -.2201E+01   -.2201E+01   -.2201E+01   -.2202E+01   -.2202E+01   -.2202E+01   -.2202E+01   -.2202E+01   -.2202E+01   -.2203E+01   -.2203E+01   -.2203E+01   -.2204E+01   -.2204E+01   -.2204E+01   -.2205E+01   -.2205E+01   -.2206E+01   -.2206E+01   -.2207E+01   -.2207E+01   -.2208E+01   -.2209E+01   -.2210E+01   -.2211E+01   -.2213E+01   -.2214E+01   -.2216E+01   -.2218E+01   -.2221E+01   -.2224E+01   -.2228E+01   -.2232E+01   -.2238E+01   -.2244E+01
0.8240E+03   0.7845E+01   -.2200E+01   -.2200E+01   -.2200E+01   -.2200E+01   -.2200E+01   -.2200E+01   -.2200E+01   -.2200E+01   -.2200E+01   -.2200E+01   -.2200E+01   -.2200E+01   -.2200E+01   -.2200E+01   -.2200E+01   -.2200E+01   -.2200E+01   -.2200E+01   -.2200E+01   -.2200E+01   -.2200E+01   -.2200E+01   -.2200E+01   -.2200E+01   -.2200E+01   -.2200E+01   -.2200E+01   -.2200E+01   -.2200E+01   -.2200E+01   -.2200E+01   -.2200E+01   -.2200E+01   -.2200E+01   -.2200E+01   -.2200E+01   -.2200E+01   -.2200E+01   -.2200E+01   -.2200E+01   -.2200E+01   -.2200E+01   -.2200E+01   -.2200E+01   -.2200E+01   -.2200E+01   -.2200E+01   -.2200E+01   -.2200E+01   -.2200E+01   -.2200E+01   -.2200E+01   -.2200E+01   -.2200E+01   -.2201E+01   -.2201E+01   -.2201E+01   -.2201E+01   -.2201E+01   -.2201E+01   -.2201E+01   -.2201E+01   -.2201E+01   -.2201E+01   -.2202E+01   -.2202E+01   -.2202E+01   -.2202E+01   -.2202E+01   -.2202E+01   -.2203E+01   -.2203E+01   -.2203E+01   -.2203E+01   -.2204E+01   -.2204E+01   -.2204E+01   -.2205E+01   -.2205E+01   -.2206E+01   -.2206E+01   -.2207E+01   -.2208E+01   -.2209E+01   -.2210E+01   -.2211E+01   -.2212E+01   -.2214E+01   -.2215E+01   -.2217E+01   -.2220E+01   -.2223E+01   -.2226E+01   -.2230E+01   -.2235E+01   -.2241E+01   -.2248E+01   -.2255E+01
0.8250E+03   0.8315E+01   -.2200E+01   -.2200E+01   -.2200E+01   -.2200E+01   -.2200E+01   -.2200E+01   -.2200E+01   -.2200E+01   -.2200E+01   -.2200E+01   -.2200E+01   -.2200E+01   -.2200E+01   -.2200E+01   -.2200E+01   -.2200E+01   -.2200E+01   -.2200E+01   -.2200E+01   -.2200E+01   -.2200E+01   -.2200E+01   -.2200E+01   -.2200E+01   -.2200E+01   -.2200E+01   -.2200E+01   -.2200E+01   -.2200E+01   -.2200E+01   -.2200E+01   -.2200E+01   -.2200E+01   -.2200E+01   -.2200E+01   -.2200E+01   -.2200E+01   -.2200E+01   -.2200E+01   -.2200E+01   -.2200E+01   -.2200E+01   -.2200E+01   -.2200E+01   -.2200E+01   -.2200E+01   -.2200E+01   -.2200E+01   -.2200E+01   -.2200E+01   -.2200E+01   -.2200E+01   -.2201E+01   -.2201E+01   -.2201E+01   -.2201E+01   -.2201E+01   -.2201E+01   -.2201E+01   -.2201E+01   -.2201E+01   -.2201E+01   -.2201E+01   -.2202E+01   -.2202E+01   -.2202E+01   -.2202E+01   -.2202E+01   -.2203E+01   -.2203E+01   -.2203E+01   -.2203E+01   -.2204E+01   -.2204E+01   -.2204E+01   -.2205E+01   -.2205E+01   -.2206E+01   -.2206E+01   -.2207E+01   -.2207E+01   -.2208E+01   -.2209E+01   -.2210E+01   -.2211E+01   -.2213E+01   -.2214E+01   -.2216E+01   -.2218E+01   -.2221E+01   -.2224E+01   -.2228E+01   -.2232E+01   -.2237E+01   -.2244E+01   -.2250E+01   -.2257E+01   -.2261E+01
0.8260E+03   0.8733E+01   -.2200E+01   -.2200E+01   -.2200E+01   -.2200E+01   -.2200E+01   -.2200E+01   -.2200E+01   -.2200E+01   -.2200E+01   -.2200E+01   -.2200E+01   -.2200E+01   -.2200E+01   -.2200E+01   -.2200E+01   -.2200E+01   -.2200E+01   -.2200E+01   -.2200E+01   -.2200E+01   -.2200E+01   -.2200E+01   -.2200E+01   -.2200E+01   -.2200E+01   -.2200E+01   -.2200E+01   -.2200E+01   -.2200E+01   -.2200E+01   -.2200E+01   -.2200E+01   -.2200E+01   -.2200E+01   -.2200E+01   -.2200E+01   -.2200E+01   -.2200E+01   -.2200E+01   -.2200E+01   -.2200E+01   -.2200E+01   -.2200E+01   -.2200E+01   -.2200E+01   -.2200E+01   -.2200E+01   -.2200E+01   -.2200E+01   -.2200E+01   -.2201E+01   -.2201E+01   -.2201E+01   -.2201E+01   -.2201E+01   -.2201E+01   -.2201E+01   -.2201E+01   -.2201E+01   -.2201E+01   -.2201E+01   -.2202E+01   -.2202E+01   -.2202E+01   -.2202E+01   -.2202E+01   -.2202E+01   -.2203E+01   -.2203E+01   -.2203E+01   -.2203E+01   -.2204E+01   -.2204E+01   -.2204E+01   -.2205E+01   -.2205E+01   -.2206E+01   -.2206E+01   -.2207E+01   -.2208E+01   -.2208E+01   -.2209E+01   -.2210E+01   -.2212E+01   -.2213E+01   -.2215E+01   -.2217E+01   -.2219E+01   -.2221E+01   -.2225E+01   -.2229E+01   -.2233E+01   -.2239E+01   -.2245E+01   -.2252E+01   -.2259E+01   -.2261E+01   -.2257E+01
0.8270E+03   0.9107E+01   -.2200E+01   -.2200E+01   -.2200E+01   -.2200E+01   -.2200E+01   -.2200E+01   -.2200E+01   -.2200E+01   -.2200E+01   -.2200E+01   -.2200E+01   -.2200E+01   -.2200E+01   -.2200E+01   -.2200E+01   -.2200E+01   -.2200E+01   -.2200E+01   -.2200E+01   -.2200E+01   -.2200E+01   -.2200E+01   -.2200E+01   -.2200E+01   -.2200E+01   -.2200E+01   -.2200E+01   -.2200E+01   -.2200E+01   -.2200E+01   -.2200E+01   -.2200E+01   -.2200E+01   -.2200E+01   -.2200E+01   -.2200E+01   -.2200E+01   -.2200E+01   -.2200E+01   -.2200E+01   -.2200E+01   -.2200E+01   -.2200E+01   -.2200E+01   -.2200E+01   -.2200E+01   -.2200E+01   -.2200E+01   -.2200E+01   -.2201E+01   -.2201E+01   -.2201E+01   -.2201E+01   -.2201E+01   -.2201E+01   -.2201E+01   -.2201E+01   -.2201E+01   -.2201E+01   -.2201E+01   -.2202E+01   -.2202E+01   -.2202E+01   -.2202E+01   -.2202E+01   -.2202E+01   -.2203E+01   -.2203E+01   -.2203E+01   -.2203E+01   -.2204E+01   -.2204E+01   -.2205E+01   -.2205E+01   -.2205E+01   -.2206E+01   -.2206E+01   -.2207E+01   -.2208E+01   -.2209E+01   -.2210E+01   -.2211E+01   -.2212E+01   -.2213E+01   -.2215E+01   -.2217E+01   -.2219E+01   -.2222E+01   -.2225E+01   -.2229E+01   -.2234E+01   -.2239E+01   -.2246E+01   -.2253E+01   -.2259E+01   -.2261E+01   -.2256E+01   -.2227E+01
0.8280E+03   0.9439E+01   -.2200E+01   -.2200E+01   -.2200E+01   -.2200E+01   -.2200E+01   -.2200E+01   -.2200E+01   -.2200E+01   -.2200E+01   -.2200E+01   -.2200E+01   -.2200E+01   -.2200E+01   -.2200E+01   -.2200E+01   -.2200E+01   -.2200E+01   -.2200E+01   -.2200E+01   -.2200E+01   -.2200E+01   -.2200E+01   -.2200E+01   -.2200E+01   -.2200E+01   -.2200E+01   -.2200E+01   -.2200E+01   -.2200E+01   -.2200E+01   -.2200E+01   -.2200E+01   -.2200E+01   -.2200E+01   -.2200E+01   -.2200E+01   -.2200E+01   -.2200E+01   -.2200E+01   -.2200E+01   -.2200E+01   -.2200E+01   -.2200E+01   -.2200E+01   -.2200E+01   -.2200E+01   -.2200E+01   -.2201E+01   -.2201E+01   -.2201E+01   -.2201E+01   -.2201E+01   -.2201E+01   -.2201E+01   -.2201E+01   -.2201E+01   -.2201E+01   -.2201E+01   -.2202E+01   -.2202E+01   -.2202E+01   -.2202E+01   -.2202E+01   -.2202E+01   -.2203E+01   -.2203E+01   -.2203E+01   -.2203E+01   -.2204E+01   -.2204E+01   -.2204E+01   -.2205E+01   -.2205E+01   -.2205E+01   -.2206E+01   -.2206E+01   -.2207E+01   -.2208E+01   -.2209E+01   -.2210E+01   -.2211E+01   -.2212E+01   -.2213E+01   -.2215E+01   -.2217E+01   -.2219E+01   -.2222E+01   -.2225E+01   -.2229E+01   -.2234E+01   -.2239E+01   -.2246E+01   -.2253E+01   -.2259E+01   -.2262E+01   -.2256E+01   -.2229E+01   -.2205E+01
0.8290E+03   0.9736E+01   -.2200E+01   -.2200E+01   -.2200E+01   -.2200E+01   -.2200E+01   -.2200E+01   -.2200E+01   -.2200E+01   -.2200E+01   -.2200E+01   -.2200E+01   -.2200E+01   -.2200E+01   -.2200E+01   -.2200E+01   -.2200E+01   -.2200E+01   -.2200E+01   -.2200E+01   -.2200E+01   -.2200E+01   -.2200E+01   -.2200E+01   -.2200E+01   -.2200E+01   -.2200E+01   -.2200E+01   -.2200E+01   -.2200E+01   -.2200E+01   -.2200E+01   -.2200E+01   -.2200E+01   -.2200E+01   -.2200E+01   -.2200E+01   -.2200E+01   -.2200E+01   -.2200E+01   -.2200E+01   -.2200E+01   -.2200E+01   -.2200E+01   -.2200E+01   -.2200E+01   -.2200E+01   -.2201E+01   -.2201E+01   -.2201E+01   -.2201E+01   -.2201E+01   -.2201E+01   -.2201E+01   -.2201E+01   -.2201E+01   -.2201E+01   -.2201E+01   -.2202E+01   -.2202E+01   -.2202E+01   -.2202E+01   -.2202E+01   -.2202E+01   -.2203E+01   -.2203E+01   -.2203E+01   -.2203E+01   -.2204E+01   -.2204E+01   -.2204E+01   -.2205E+01   -.2205E+01   -.2205E+01   -.2206E+01   -.2206E+01   -.2207E+01   -.2208E+01   -.2209E+01   -.2209E+01   -.2210E+01   -.2212E+01   -.2213E+01   -.2215E+01   -.2217E+01   -.2219E+01   -.2221E+01   -.2225E+01   -.2229E+01   -.2233E+01   -.2239E+01   -.2245E+01   -.2252E+01   -.2259E+01   -.2262E+01   -.2257E+01   -.2234E+01   -.2189E+01   -.2304E+01
0.8130E+03   0.1000E+02   -.2200E+01   -.2200E+01   -.2200E+01   -.2200E+01   -.2200E+01   -.2200E+01   -.2200E+01   -.2200E+01   -.2200E+01   -.2200E+01   -.2200E+01   -.2200E+01   -.2200E+01   -.2200E+01   -.2200E+01   -.2200E+01   -.2200E+01   -.2200E+01   -.2200E+01   -.2200E+01   -.2200E+01   -.2200E+01   -.2200E+01   -.2200E+01   -.2200E+01   -.2200E+01   -.2200E+01   -.2200E+01   -.2200E+01   -.2200E+01   -.2200E+01   -.2200E+01   -.2200E+01   -.2200E+01   -.2200E+01   -.2200E+01   -.2200E+01   -.2200E+01   -.2200E+01   -.2200E+01   -.2200E+01   -.2200E+01   -.2200E+01   -.2200E+01   -.2200E+01   -.2201E+01   -.2201E+01   -.2201E+01   -.2201E+01   -.2201E+01   -.2201E+01   -.2201E+01   -.2201E+01   -.2201E+01   -.2201E+01   -.2201E+01   -.2202E+01   -.2202E+01   -.2202E+01   -.2202E+01   -.2202E+01   -.2202E+01   -.2203E+01   -.2203E+01   -.2203E+01   -.2203E+01   -.2203E+01   -.2204E+01   -.2204E+01   -.2204E+01   -.2205E+01   -.2205E+01   -.2206E+01   -.2206E+01   -.2207E+01   -.2208E+01   -.2208E+01   -.2209E+01   -.2210E+01   -.2212E+01   -.2213E+01   -.2214E+01   -.2216E+01   -.2218E+01   -.2221E+01   -.2224E+01   -.2228E+01   -.2233E+01   -.2238E+01   -.2244E+01   -.2251E+01   -.2258E+01   -.2261E+01   -.2262E+01   -.2232E+01   -.2220E+01   -.2203E+01   -.2898E+01
0.8470E+03   0.1033E+02   -.2200E+01   -.2200E+01   -.2200E+01   -.2200E+01   -.2200E+01   -.2200E+01   -.2200E+01   -.2200E+01   -.2200E+01   -.2200E+01   -.2200E+01   -.2200E+01   -.2200E+01   -.2200E+01   -.2200E+01   -.2200E+01   -.2200E+01   -.2200E+01   -.2200E+01   -.2200E+01   -.2200E+01   -.2200E+01   -.2200E+01   -.2200E+01   -.2200E+01   -.2200E+01   -.2200E+01   -.2200E+01   -.2200E+01   -.2200E+01   -.2200E+01   -.2200E+01   -.2200E+01   -.2200E+01   -.2200E+01   -.2200E+01   -.2200E+01   -.2200E+01   -.2200E+01   -.2200E+01   -.2200E+01   -.2200E+01   -.2200E+01   -.2200E+01   -.2201E+01   -.2201E+01   -.2201E+01   -.2201E+01   -.2201E+01   -.2201E+01   -.2201E+01   -.2201E+01   -.2201E+01   -.2201E+01   -.2201E+01   -.2202E+01   -.2202E+01   -.2202E+01   -.2202E+01   -.2202E+01   -.2202E+01   -.2203E+01   -.2203E+01   -.2203E+01   -.2203E+01   -.2204E+01   -.2204E+01   -.2204E+01   -.2204E+01   -.2205E+01   -.2205E+01   -.2206E+01   -.2206E+01   -.2207E+01   -.2208E+01   -.2208E+01   -.2209E+01   -.2210E+01   -.2211E+01   -.2213E+01   -.2214E+01   -.2216E+01   -.2218E+01   -.2221E+01   -.2224E+01   -.2228E+01   -.2232E+01   -.2238E+01   -.2244E+01   -.2251E+01   -.2258E+01   -.2261E+01   -.2261E+01   -.2236E+01   -.2212E+01   -.2232E+01   -.2791E+01   -.9512E-01
0.8480E+03   0.1067E+02   -.2200E+01   -.2200E+01   -.2200E+01   -.2200E+01   -.2200E+01   -.2200E+01   -.2200E+01   -.2200E+01   -.2200E+01   -.2200E+01   -.2200E+01   -.2200E+01   -.2200E+01   -.2200E+01   -.2200E+01   -.2200E+01   -.2200E+01   -.2200E+01   -.2200E+01   -.2200E+01   -.2200E+01   -.2200E+01   -.2200E+01   -.2200E+01   -.2200E+01   -.2200E+01   -.2200E+01   -.2200E+01   -.2200E+01   -.2200E+01   -.2200E+01   -.2200E+01   -.2200E+01   -.2200E+01   -.2200E+01   -.2200E+01   -.2200E+01   -.2200E+01   -.2200E+01   -.2200E+01   -.2200E+01   -.2200E+01   -.2201E+01   -.2201E+01   -.2201E+01   -.2201E+01   -.2201E+01   -.2201E+01   -.2201E+01   -.2201E+01   -.2201E+01   -.2201E+01   -.2201E+01   -.2201E+01   -.2202E+01   -.2202E+01   -.2202E+01   -.2202E+01   -.2202E+01   -.2202E+01   -.2203E+01   -.2203E+01   -.2203E+01   -.2203E+01   -.2204E+01   -.2204E+01   -.2204E+01   -.2205E+01   -.2205E+01   -.2205E+01   -.2206E+01   -.2206E+01   -.2207E+01   -.2208E+01   -.2208E+01   -.2209E+01   -.2210E+01   -.2211E+01   -.2213E+01   -.2214E+01   -.2216E+01   -.2218E+01   -.2221E+01   -.2224E+01   -.2228E+01   -.2232E+01   -.2238E+01   -.2244E+01   -.2251E+01   -.2258E+01   -.2261E+01   -.2261E+01   -.2236E+01   -.2212E+01   -.2233E+01   -.2790E+01   -.9491E-01   -.1649E+00
0.8490E+03   0.1100E+02   -.2200E+01   -.2200E+01   -.2200E+01   -.2200E+01   -.2200E+01   -.2200E+01   -.2200E+01   -.2200E+01   -.2200E+01   -.2200E+01   -.2200E+01   -.2200E+01   -.2200E+01   -.2200E+01   -.2200E+01   -.2200E+01   -.2200E+01   -.2200E+01   -.2200E+01   -.2200E+01   -.2200E+01   -.2200E+01   -.2200E+01   -.2200E+01   -.2200E+01   -.2200E+01   -.2200E+01   -.2200E+01   -.2200E+01   -.2200E+01   -.2200E+01   -.2200E+01   -.2200E+01   -.2200E+01   -.2200E+01   -.2200E+01   -.2200E+01   -.2200E+01   -.2200E+01   -.2200E+01   -.2200E+01   -.2201E+01   -.2201E+01   -.2201E+01   -.2201E+01   -.2201E+01   -.2201E+01   -.2201E+01   -.2201E+01   -.2201E+01   -.2201E+01   -.2201E+01   -.2201E+01   -.2202E+01   -.2202E+01   -.2202E+01   -.2202E+01   -.2202E+01   -.2202E+01   -.2203E+01   -.2203E+01   -.2203E+01   -.2203E+01   -.2204E+01   -.2204E+01   -.2204E+01   -.2205E+01   -.2205E+01   -.2205E+01   -.2206E+01   -.2206E+01   -.2207E+01   -.2208E+01   -.2208E+01   -.2209E+01   -.2210E+01   -.2211E+01   -.2213E+01   -.2214E+01   -.2216E+01   -.2218E+01   -.2221E+01   -.2224E+01   -.2228E+01   -.2232E+01   -.2238E+01   -.2244E+01   -.2251E+01   -.2258E+01   -.2261E+01   -.2261E+01   -.2236E+01   -.2212E+01   -.2233E+01   -.2790E+01   -.9484E-01   -.1657E+00   -.1173E+00
0.8500E+03   0.1133E+02   -.2200E+01   -.2200E+01   -.2200E+01   -.2200E+01   -.2200E+01   -.2200E+01   -.2200E+01   -.2200E+01   -.2200E+01   -.2200E+01   -.2200E+01   -.2200E+01   -.2200E+01   -.2200E+01   -.2200E+01   -.2200E+01   -.2200E+01   -.2200E+01   -.2200E+01   -.2200E+01   -.2200E+01   -.2200E+01   -.2200E+01   -.2200E+01   -.2200E+01   -.2200E+01   -.2200E+01   -.2200E+01   -.2200E+01   -.2200E+01   -.2200E+01   -.2200E+01   -.2200E+01   -.2200E+01   -.2200E+01   -.2200E+01   -.2200E+01   -.2200E+01   -.2200E+01   -.2200E+01   -.2201E+01   -.2201E+01   -.2201E+01   -.2201E+01   -.2201E+01   -.2201E+01   -.2201E+01   -.2201E+01   -.2201E+01   -.2201E+01   -.2201E+01   -.2201E+01   -.2202E+01   -.2202E+01   -.2202E+01   -.2202E+01   -.2202E+01   -.2202E+01   -.2203E+01   -.2203E+01   -.2203E+01   -.2203E+01   -.2204E+01   -.2204E+01   -.2204E+01   -.2205E+01   -.2205E+01   -.2205E+01   -.2206E+01   -.2206E+01   -.2207E+01   -.2208E+01   -.2208E+01   -.2209E+01   -.2210E+01   -.2212E+01   -.2213E+01   -.2214E+01   -.2216E+01   -.2218E+01   -.2221E+01   -.2224E+01   -.2228E+01   -.2232E+01   -.2238E+01   -.2244E+01   -.2251E+01   -.2258E+01   -.2261E+01   -.2261E+01   -.2236E+01   -.2212E+01   -.2233E+01   -.2790E+01   -.9480E-01   -.1658E+00   -.1170E+00   -.1405E+00
0.8510E+03   0.1167E+02   -.2200E+01   -.2200E+01   -.2200E+01   -.2200E+01   -.2200E+01   -.2200E+01   -.2200E+01   -.2200E+01   -.2200E+01   -.2200E+01   -.2200E+01   -.2200E+01   -.2200E+01   -.2200E+01   -.2200E+01   -.2200E+01   -.2200E+01   -.2200E+01   -.2200E+01   -.2200E+01   -.2200E+01   -.2200E+01   -.2200E+01   -.2200E+01   -.2200E+01   -.2200E+01   -.2200E+01   -.2200E+01   -.2200E+01   -.2200E+01   -.2200E+01   -.2200E+01   -.2200E+01   -.2200E+01   -.2200E+01   -.2200E+01   -.2200E+01   -.2200E+01   -.2200E+01   -.2201E+01   -.2201E+01   -.2201E+01   -.2201E+01   -.2201E+01   -.2201E+01   -.2201E+01   -.2201E+01   -.2201E+01   -.2201E+01   -.2201E+01   -.2201E+01   -.2202E+01   -.2202E+01   -.2202E+01   -.2202E+01   -.2202E+01   -.2202E+01   -.2203E+01   -.2203E+01   -.2203E+01   -.2203E+01   -.2204E+01   -.2204E+01   -.2204E+01   -.2205E+01   -.2205E+01   -.2205E+01   -.2206E+01   -.2206E+01   -.2207E+01   -.2208E+01   -.2208E+01   -.2209E+01   -.2210E+01   -.2212E+01   -.2213E+01   -.2214E+01   -.2216E+01   -.2218E+01   -.2221E+01   -.2224E+01   -.2228E+01   -.2232E+01   -.2238E+01   -.2244E+01   -.2251E+01   -.2258E+01   -.2261E+01   -.2261E+01   -.2236E+01   -.2212E+01   -.2233E+01   -.2790E+01   -.9479E-01   -.1658E+00   -.1169E+00   -.1406E+00   -.1337E+00
0.8520E+03   0.1200E+02   -.2200E+01   -.2200E+01   -.2200E+01   -.2200E+01   -.2200E+01   -.2200E+01   -.2200E+01   -.2200E+01   -.2200E+01   -.2200E+01   -.2200E+01   -.2200E+01   -.2200E+01   -.2200E+01   -.2200E+01   -.2200E+01   -.2200E+01   -.2200E+01   -.2200E+01   -.2200E+01   -.2200E+01   -.2200E+01   -.2200E+01   -.2200E+01   -.2200E+01   -.2200E+01   -.2200E+01   -.2200E+01   -.2200E+01   -.2200E+01   -.2200E+01   -.2200E+01   -.2200E+01   -.2200E+01   -.2200E+01   -.2200E+01   -.2200E+01   -.2201E+01   -.2201E+01   -.2201E+01   -.2201E+01   -.2201E+01   -.2201E+01   -.2201E+01   -.2201E+01   -.2201E+01   -.2201E+01   -.2201E+01   -.2201E+01   -.2201E+01   -.2202E+01   -.2202E+01   -.2202E+01   -.2202E+01   -.2202E+01   -.2202E+01   -.2203E+01   -.2203E+01   -.2203E+01   -.2203E+01   -.2204E+01   -.2204E+01   -.2204E+01   -.2205E+01   -.2205E+01   -.2205E+01   -.2206E+01   -.2206E+01   -.2207E+01   -.2208E+01   -.2209E+01   -.2209E+01   -.2210E+01   -.2212E+01   -.2213E+01   -.2214E+01   -.2216E+01   -.2218E+01   -.2221E+01   -.2224E+01   -.2228E+01   -.2232E+01   -.2238E+01   -.2244E+01   -.2251E+01   -.2258E+01   -.2261E+01   -.2261E+01   -.2236E+01   -.2212E+01   -.2233E+01   -.2790E+01   -.9479E-01   -.1658E+00   -.1169E+00   -.1406E+00   -.1336E+00   -.1385E+00
0.8530E+03   0.1233E+02   -.2200E+01   -.2200E+01   -.2200E+01   -.2200E+01   -.2200E+01   -.2200E+01   -.2200E+01   -.2200E+01   -.2200E+01   -.2200E+01   -.2200E+01   -.2200E+01   -.2200E+01   -.2200E+01   -.2200E+01   -.2200E+01   -.2200E+01   -.2200E+01   -.2200E+01   -.2200E+01   -.2200E+01   -.2200E+01   -.2200E+01   -.2200E+01   -.2200E+01   -.2200E+01   -.2200E+01   -.2200E+01   -.2200E+01   -.2200E+01   -.2200E+01   -.2200E+01   -.2200E+01   -.2200E+01   -.2200E+01   -.2200E+01   -.2201E+01   -.2201E+01   -.2201E+01   -.2201E+01   -.2201E+01   -.2201E+01   -.2201E+01   -.2201E+01   -.2201E+01   -.2201E+01   -.2201E+01   -.2201E+01   -.2202E+01   -.2202E+01   -.2202E+01   -.2202E+01   -.2202E+01   -.2202E+01   -.2202E+01   -.2203E+01   -.2203E+01   -.2203E+01   -.2203E+01   -.2204E+01   -.2204E+01   -.2204E+01   -.2205E+01   -.2205E+01   -.2205E+01   -.2206E+01   -.2206E+01   -.2207E+01   -.2208E+01   -.2209E+01   -.2209E+01   -.2210E+01   -.2212E+01   -.2213E+01   -.2214E+01   -.2216E+01   -.2218E+01   -.2221E+01   -.2224E+01   -.2228E+01   -.2232E+01   -.2238E+01   -.2244E+01   -.2251E+01   -.2258E+01   -.2261E+01   -.2261E+01   -.2236E+01   -.2212E+01   -.2233E+01   -.2790E+01   -.9479E-01   -.1658E+00   -.1169E+00   -.1406E+00   -.1336E+00   -.1385E+00   -.1381E+00
0.8540E+03   0.1267E+02   -.2200E+01   -.2200E+01   -.2200E+01   -.2200E+01   -.2200E+01   -.2200E+01   -.2200E+01   -.2200E+01   -.2200E+01   -.2200E+01   -.2200E+01   -.2200E+01   -.2200E+01   -.2200E+01   -.2200E+01   -.2200E+01   -.2200E+01   -.2200E+01   -.2200E+01   -.2200E+01   -.2200E+01   -.2200E+01   -.2200E+01   -.2200E+01   -.2200E+01   -.2200E+01   -.2200E+01   -.2200E+01   -.2200E+01   -.2200E+01   -.2200E+01   -.2200E+01   -.2200E+01   -.2200E+01   -.2200E+01   -.2201E+01   -.2201E+01   -.2201E+01   -.2201E+01   -.2201E+01   -.2201E+01   -.2201E+01   -.2201E+01   -.2201E+01   -.2201E+01   -.2201E+01   -.2201E+01   -.2202E+01   -.2202E+01   -.2202E+01   -.2202E+01   -.2202E+01   -.2202E+01   -.2202E+01   -.2203E+01   -.2203E+01   -.2203E+01   -.2203E+01   -.2204E+01   -.2204E+01   -.2204E+01   -.2205E+01   -.2205E+01   -.2205E+01   -.2206E+01   -.2206E+01   -.2207E+01   -.2208E+01   -.2209E+01   -.2209E+01   -.2210E+01   -.2212E+01   -.2213E+01   -.2214E+01   -.2216E+01   -.2218E+01   -.2221E+01   -.2224E+01   -.2228E+01   -.2232E+01   -.2238E+01   -.2244E+01   -.2251E+01   -.2258E+01   -.2261E+01   -.2261E+01   -.2236E+01   -.2212E+01   -.2233E+01   -.2790E+01   -.9479E-01   -.1658E+00   -.1169E+00   -.1406E+00   -.1336E+00   -.1385E+00   -.1381E+00   -.1394E+00
0.8550E+03   0.1300E+02   -.2200E+01   -.2200E+01   -.2200E+01   -.2200E+01   -.2200E+01   -.2200E+01   -.2200E+01   -.2200E+01   -.2200E+01   -.2200E+01   -.2200E+01   -.2200E+01   -.2200E+01   -.2200E+01   -.2200E+01   -.2200E+01   -.2200E+01   -.2200E+01   -.2200E+01   -.2200E+01   -.2200E+01   -.2200E+01   -.2200E+01   -.2200E+01   -.2200E+01   -.2200E+01   -.2200E+01   -.2200E+01   -.2200E+01   -.2200E+01   -.2200E+01   -.2200E+01   -.2200E+01   -.2200E+01   -.2201E+01   -.2201E+01   -.2201E+01   -.2201E+01   -.2201E+01   -.2201E+01   -.2201E+01   -.2201E+01   -.2201E+01   -.2201E+01   -.2201E+01   -.2201E+01   -.2202E+01   -.2202E+01   -.2202E+01   -.2202E+01   -.2202E+01   -.2202E+01   -.2202E+01   -.2203E+01   -.2203E+01   -.2203E+01   -.2203E+01   -.2204E+01   -.2204E+01   -.2204E+01   -.2205E+01   -.2205E+01   -.2205E+01   -.2206E+01   -.2206E+01   -.2207E+01   -.2208E+01   -.2209E+01   -.2209E+01   -.2210E+01   -.2212E+01   -.2213E+01   -.2214E+01   -.2216E+01   -.2218E+01   -.2221E+01   -.2224E+01   -.2228E+01   -.2232E+01   -.2238E+01   -.2244E+01   -.2251E+01   -.2258E+01   -.2261E+01   -.2261E+01   -.2236E+01   -.2212E+01   -.2233E+01   -.2790E+01   -.9479E-01   -.1658E+00   -.1169E+00   -.1406E+00   -.1336E+00   -.1385E+00   -.1381E+00   -.1394E+00   -.1397E+00
0.8560E+03   0.1333E+02   -.2200E+01   -.2200E+01   -.2200E+01   -.2200E+01   -.2200E+01   -.2200E+01   -.2200E+01   -.2200E+01   -.2200E+01   -.2200E+01   -.2200E+01   -.2200E+01   -.2200E+01   -.2200E+01   -.2200E+01   -.2200E+01   -.2200E+01   -.2200E+01   -.2200E+01   -.2200E+01   -.2200E+01   -.2200E+01   -.2200E+01   -.2200E+01   -.2200E+01   -.2200E+01   -.2200E+01   -.2200E+01   -.2200E+01   -.2200E+01   -.2200E+01   -.2200E+01   -.2200E+01   -.2201E+01   -.2201E+01   -.2201E+01   -.2201E+01   -.2201E+01   -.2201E+01   -.2201E+01   -.2201E+01   -.2201E+01   -.2201E+01   -.2201E+01   -.2201E+01   -.2202E+01   -.2202E+01   -.2202E+01   -.2202E+01   -.2202E+01   -.2202E+01   -.2202E+01   -.2203E+01   -.2203E+01   -.2203E+01   -.2203E+01   -.2204E+01   -.2204E+01   -.2204E+01   -.2205E+01   -.2205E+01   -.2205E+01   -.2206E+01   -.2206E+01   -.2207E+01   -.2208E+01   -.2209E+01   -.2209E+01   -.2210E+01   -.2212E+01   -.2213E+01   -.2214E+01   -.2216E+01   -.2218E+01   -.2221E+01   -.2224E+01   -.2228E+01   -.2232E+01   -.2238E+01   -.2244E+01   -.2251E+01   -.2258E+01   -.2261E+01   -.2261E+01   -.2236E+01   -.2212E+01   -.2233E+01   -.2790E+01   -.9479E-01   -.1658E+00   -.1169E+00   -.1406E+00   -.1336E+00   -.1385E+00   -.1381E+00   -.1394E+00   -.1397E+00   -.1403E+00
0.8570E+03   0.1367E+02   -.2200E+01   -.2200E+01   -.2200E+01   -.2200E+01   -.2200E+01   -.2200E+01   -.2200E+01   -.2200E+01   -.2200E+01   -.2200E+01   -.2200E+01   -.2200E+01   -.2200E+01   -.2200E+01   -.2200E+01   -.2200E+01   -.2200E+01   -.2200E+01   -.2200E+01   -.2200E+01   -.2200E+01   -.2200E+01   -.2200E+01   -.2200E+01   -.2200E+01   -.2200E+01   -.2200E+01   -.2200E+01   -.2200E+01   -.2200E+01   -.2200E+01   -.2201E+01   -.2201E+01   -.2201E+01   -.2201E+01   -.2201E+01   -.2201E+01   -.2201E+01   -.2201E+01   -.2201E+01   -.2201E+01   -.2201E+01   -.2201E+01   -.2201E+01   -.2202E+01   -.2202E+01   -.2202E+01   -.2202E+01   -.2202E+01   -.2202E+01   -.2202E+01   -.2203E+01   -.2203E+01   -.2203E+01   -.2203E+01   -.2204E+01   -.2204E+01   -.2204E+01   -.2205E+01   -.2205E+01   -.2205E+01   -.2206E+01   -.2206E+01   -.2207E+01   -.2208E+01   -.2209E+01   -.2209E+01   -.2210E+01   -.2212E+01   -.2213E+01   -.2214E+01   -.2216E+01   -.2218E+01   -.2221E+01   -.2224E+01   -.2228E+01   -.2232E+01   -.2238E+01   -.2244E+01   -.2251E+01   -.2258E+01   -.2261E+01   -.2261E+01   -.2236E+01   -.2212E+01   -.2233E+01   -.2790E+01   -.9479E-01   -.1658E+00   -.1169E+00   -.1406E+00   -.1336E+00   -.1385E+00   -.1381E+00   -.1394E+00   -.1397E+00   -.1403E+00   -.1406E+00
0.8580E+03   0.1400E+02   -.2200E+01   -.2200E+01   -.2200E+01   -.2200E+01   -.2200E+01   -.2200E+01   -.2200E+01   -.2200E+01   -.2200E+01   -.2200E+01   -.2200E+01   -.2200E+01   -.2200E+01   -.2200E+01   -.2200E+01   -.2200E+01   -.2200E+01   -.2200E+01   -.2200E+01   -.2200E+01   -.2200E+01   -.2200E+01   -.2200E+01   -.2200E+01   -.2200E+01   -.2200E+01   -.2200E+01   -.2200E+01   -.2200E+01   -.2200E+01   -.2201E+01   -.2201E+01   -.2201E+01   -.2201E+01   -.2201E+01   -.2201E+01   -.2201E+01   -.2201E+01   -.2201E+01   -.2201E+01   -.2201E+01   -.2201E+01   -.2201E+01   -.2202E+01   -.2202E+01   -.2202E+01   -.2202E+01   -.2202E+01   -.2202E+01   -.2202E+01   -.2203E+01   -.2203E+01   -.2203E+01   -.2203E+01   -.2204E+01   -.2204E+01   -.2204E+01   -.2205E+01   -.2205E+01   -.2205E+01   -.2206E+01   -.2207E+01   -.2207E+01   -.2208E+01   -.2209E+01   -.2209E+01   -.2210E+01   -.2212E+01   -.2213E+01   -.2214E+01   -.2216E+01   -.2218E+01   -.2221E+01   -.2224E+01   -.2228E+01   -.2232E+01   -.2238E+01   -.2244E+01   -.2251E+01   -.2258E+01   -.2261E+01   -.2261E+01   -.2236E+01   -.2212E+01   -.2233E+01   -.2790E+01   -.9479E-01   -.1658E+00   -.1169E+00   -.1406E+00   -.1336E+00   -.1385E+00   -.1381E+00   -.1394E+00   -.1397E+00   -.1403E+00   -.1406E+00   -.1409E+00
0.8590E+03   0.1433E+02   -.2200E+01   -.2200E+01   -.2200E+01   -.2200E+01   -.2200E+01   -.2200E+01   -.2200E+01   -.2200E+01   -.2200E+01   -.2200E+01   -.2200E+01   -.2200E+01   -.2200E+01   -.2200E+01   -.2200E+01   -.2200E+01   -.2200E+01   -.2200E+01   -.2200E+01   -.2200E+01   -.2200E+01   -.2200E+01   -.2200E+01   -.2200E+01   -.2200E+01   -.2200E+01   -.2200E+01   -.2200E+01   -.2200E+01   -.2201E+01   -.2201E+01   -.2201E+01   -.2201E+01   -.2201E+01   -.2201E+01   -.2201E+01   -.2201E+01   -.2201E+01   -.2201E+01   -.2201E+01   -.2201E+01   -.2201E+01   -.2202E+01   -.2202E+01   -.2202E+01   -.2202E+01   -.2202E+01   -.2202E+01   -.2202E+01   -.2203E+01   -.2203E+01   -.2203E+01   -.2203E+01   -.2204E+01   -.2204E+01   -.2204E+01   -.2205E+01   -.2205E+01   -.2205E+01   -.2206E+01   -.2207E+01   -.2207E+01   -.2208E+01   -.2209E+01   -.2209E+01   -.2210E+01   -.2212E+01   -.2213E+01   -.2214E+01   -.2216E+01   -.2219E+01   -.2221E+01   -.2224E+01   -.2228E+01   -.2232E+01   -.2238E+01   -.2244E+01   -.2251E+01   -.2258E+01   -.2261E+01   -.2261E+01   -.2236E+01   -.2212E+01   -.2233E+01   -.2790E+01   -.9479E-01   -.1658E+00   -.1169E+00   -.1406E+00   -.1336E+00   -.1385E+00   -.1381E+00   -.1394E+00   -.1397E+00   -.1403E+00   -.1406E+00   -.1409E+00   -.1411E+00
0.8600E+03   0.1467E+02   -.2200E+01   -.2200E+01   -.2200E+01   -.2200E+01   -.2200E+01   -.2200E+01   -.2200E+01   -.2200E+01   -.2200E+01   -.2200E+01   -.2200E+01   -.2200E+01   -.2200E+01   -.2200E+01   -.2200E+01   -.2200E+01   -.2200E+01   -.2200E+01   -.2200E+01   -.2200E+01   -.2200E+01   -.2200E+01   -.2200E+01   -.2200E+01   -.2200E+01   -.2200E+01   -.2200E+01   -.2200E+01   -.2201E+01   -.2201E+01   -.2201E+01   -.2201E+01   -.2201E+01   -.2201E+01   -.2201E+01   -.2201E+01   -.2201E+01   -.2201E+01   -.2201E+01   -.2201E+01   -.2201E+01   -.2202E+01   -.2202E+01   -.2202E+01   -.2202E+01   -.2202E+01   -.2202E+01   -.2202E+01   -.2203E+01   -.2203E+01   -.2203E+01   -.2203E+01   -.2204E+01   -.2204E+01   -.2204E+01   -.2205E+01   -.2205E+01   -.2205E+01   -.2206E+01   -.2207E+01   -.2207E+01   -.2208E+01   -.2209E+01   -.2209E+01   -.2210E+01   -.2212E+01   -.2213E+01   -.2215E+01   -.2216E+01   -.2219E+01   -.2221E+01   -.2224E+01   -.2228E+01   -.2232E+01   -.2238E+01   -.2244E+01   -.2251E+01   -.2258E+01   -.2261E+01   -.2261E+01   -.2236E+01   -.2212E+01   -.2233E+01   -.2790E+01   -.9479E-01   -.1658E+00   -.1169E+00   -.1406E+00   -.1336E+00   -.1385E+00   -.1381E+00   -.1394E+00   -.1397E+00   -.1403E+00   -.1406E+00   -.1409E+00   -.1411E+00   -.1413E+00
0.8610E+03   0.1500E+02   -.2200E+01   -.2200E+01   -.2200E+01   -.2200E+01   -.2200E+01   -.2200E+01   -.2200E+01   -.2200E+01   -.2200E+01   -.2200E+01   -.2200E+01   -.2200E+01   -.2200E+01   -.2200E+01   -.2200E+01   -.2200E+01   -.2200E+01   -.2200E+01   -.2200E+01   -.2200E+01   -.2200E+01   -.2200E+01   -.2200E+01   -.2200E+01   -.2200E+01   -.2200E+01   -.2200E+01   -.2201E+01   -.2201E+01   -.2201E+01   -.2201E+01   -.2201E+01   -.2201E+01   -.2201E+01   -.2201E+01   -.2201E+01   -.2201E+01   -.2201E+01   -.2201E+01   -.2201E+01   -.2202E+01   -.2202E+01   -.2202E+01   -.2202E+01   -.2202E+01   -.2202E+01   -.2202E+01   -.2203E+01   -.2203E+01   -.2203E+01   -.2203E+01   -.2204E+01   -.2204E+01   -.2204E+01   -.2205E+01   -.2205E+01   -.2205E+01   -.2206E+01   -.2207E+01   -.2207E+01   -.2208E+01   -.2209E+01   -.2209E+01   -.2210E+01   -.2212E+01   -.2213E+01   -.2215E+01   -.2216E+01   -.2219E+01   -.2221E+01   -.2224E+01   -.2228E+01   -.2232E+01   -.2238E+01   -.2244E+01   -.2251E+01   -.2258E+01   -.2261E+01   -.2261E+01   -.2236E+01   -.2212E+01   -.2233E+01   -.2790E+01   -.9479E-01   -.1658E+00   -.1169E+00   -.1406E+00   -.1336E+00   -.1385E+00   -.1381E+00   -.1394E+00   -.1397E+00   -.1403E+00   -.1406E+00   -.1409E+00   -.1411E+00   -.1413E+00   -.1414E+00
0.8620E+03   0.1533E+02   -.2200E+01   -.2200E+01   -.2200E+01   -.2200E+01   -.2200E+01   -.2200E+01   -.2200E+01   -.2200E+01   -.2200E+01   -.2200E+01   -.2200E+01   -.2200E+01   -.2200E+01   -.2200E+01   -.2200E+01   -.2200E+01   -.2200E+01   -.2200E+01   -.2200E+01   -.2200E+01   -.2200E+01   -.2200E+01   -.2200E+01   -.2200E+01   -.2200E+01   -.2200E+01   -.2201E+01   -.2201E+01   -.2201E+01   -.2201E+01   -.2201E+01   -.2201E+01   -.2201E+01   -.2201E+01   -.2201E+01   -.2201E+01   -.2201E+01   -.2201E+01   -.2201E+01   -.2202E+01   -.2202E+01   -.2202E+01   -.2202E+01   -.2202E+01   -.2202E+01   -.2202E+01   -.2203E+01   -.2203E+01   -.2203E+01   -.2203E+01   -.2204E+01   -.2204E+01   -.2204E+01   -.2205E+01   -.2205E+01   -.2205E+01   -.2206E+01   -.2207E+01   -.2207E+01   -.2208E+01   -.2209E+01   -.2209E+01   -.2210E+01   -.2212E+01   -.2213E+01   -.2215E+01   -.2216E+01   -.2219E+01   -.2221E+01   -.2224E+01   -.2228E+01   -.2232E+01   -.2238E+01   -.2244E+01   -.2251E+01   -.2258E+01   -.2261E+01   -.2261E+01   -.2236E+01   -.2212E+01   -.2233E+01   -.2790E+01   -.9479E-01   -.1658E+00   -.1169E+00   -.1406E+00   -.1336E+00   -.1385E+00   -.1381E+00   -.1394E+00   -.1397E+00   -.1403E+00   -.1406E+00   -.1409E+00   -.1411E+00   -.1413E+00   -.1414E+00   -.1415E+00
0.8630E+03   0.1567E+02   -.2200E+01   -.2200E+01   -.2200E+01   -.2200E+01   -.2200E+01   -.2200E+01   -.2200E+01   -.2200E+01   -.2200E+01   -.2200E+01   -.2200E+01   -.2200E+01   -.2200E+01   -.2200E+01   -.2200E+01   -.2200E+01   -.2200E+01   -.2200E+01   -.2200E+01   -.2200E+01   -.2200E+01   -.2200E+01   -.2200E+01   -.2200E+01   -.2201E+01   -.2201E+01   -.2201E+01   -.2201E+01   -.2201E+01   -.2201E+01   -.2201E+01   -.2201E+01   -.2201E+01   -.2201E+01   -.2201E+01   -.2201E+01   -.2201E+01   -.2201E+01   -.2202E+01   -.2202E+01   -.2202E+01   -.2202E+01   -.2202E+01   -.2202E+01   -.2203E+01   -.2203E+01   -.2203E+01   -.2203E+01   -.2203E+01   -.2204E+01   -.2204E+01   -.2204E+01   -.2205E+01   -.2205E+01   -.2206E+01   -.2206E+01   -.2207E+01   -.2207E+01   -.2208E+01   -.2209E+01   -.2209E+01   -.2210E+01   -.2212E+01   -.2213E+01   -.2215E+01   -.2216E+01   -.2219E+01   -.2221E+01   -.2224E+01   -.2228E+01   -.2232E+01   -.2238E+01   -.2244E+01   -.2251E+01   -.2258E+01   -.2261E+01   -.2261E+01   -.2236E+01   -.2212E+01   -.2233E+01   -.2790E+01   -.9479E-01   -.1658E+00   -.1169E+00   -.1406E+00   -.1336E+00   -.1385E+00   -.1381E+00   -.1394E+00   -.1397E+00   -.1403E+00   -.1406E+00   -.1409E+00   -.1411E+00   -.1413E+00   -.1414E+00   -.1415E+00   -.1416E+00
0.8640E+03   0.1600E+02   -.2200E+01   -.2200E+01   -.2200E+01   -.2200E+01   -.2200E+01   -.2200E+01   -.2200E+01   -.2200E+01   -.2200E+01   -.2200E+01   -.2200E+01   -.2200E+01   -.2200E+01   -.2200E+01   -.2200E+01   -.2200E+01   -.2200E+01   -.2200E+01   -.2200E+01   -.2200E+01   -.2200E+01   -.2200E+01   -.2200E+01   -.2201E+01   -.2201E+01   -.2201E+01   -.2201E+01   -.2201E+01   -.2201E+01   -.2201E+01   -.2201E+01   -.2201E+01   -.2201E+01   -.2201E+01   -.2201E+01   -.2201E+01   -.2201E+01   -.2202E+01   -.2202E+01   -.2202E+01   -.2202E+01   -.2202E+01   -.2202E+01   -.2203E+01   -.2203E+01   -.2203E+01   -.2203E+01   -.2203E+01   -.2204E+01   -.2204E+01   -.2204E+01   -.2205E+01   -.2205E+01   -.2206E+01   -.2206E+01   -.2207E+01   -.2207E+01   -.2208E+01   -.2209E+01   -.2209E+01   -.2210E+01   -.2212E+01   -.2213E+01   -.2215E+01   -.2216E+01   -.2219E+01   -.2221E+01   -.2224E+01   -.2228E+01   -.2232E+01   -.2238E+01   -.2244E+01   -.2251E+01   -.2258E+01   -.2261E+01   -.2261E+01   -.2236E+01   -.2212E+01   -.2233E+01   -.2790E+01   -.9479E-01   -.1658E+00   -.1169E+00   -.1406E+00   -.1336E+00   -.1385E+00   -.1381E+00   -.1394E+00   -.1397E+00   -.1403E+00   -.1406E+00   -.1409E+00   -.1411E+00   -.1413E+00   -.1414E+00   -.1415E+00   -.1416E+00   -.1417E+00
0.8650E+03   0.1633E+02   -.2200E+01   -.2200E+01   -.2200E+01   -.2200E+01   -.2200E+01   -.2200E+01   -.2200E+01   -.2200E+01   -.2200E+01   -.2200E+01   -.2200E+01   -.2200E+01   -.2200E+01   -.2200E+01   -.2200E+01   -.2200E+01   -.2200E+01   -.2200E+01   -.2200E+01   -.2200E+01   -.2200E+01   -.2200E+01   -.2201E+01   -.2201E+01   -.2201E+01   -.2201E+01   -.2201E+01   -.2201E+01   -.2201E+01   -.2201E+01   -.2201E+01   -.2201E+01   -.2201E+01   -.2201E+01   -.2201E+01   -.2201E+01   -.2202E+01   -.2202E+01   -.2202E+01   -.2202E+01   -.2202E+01   -.2202E+01   -.2203E+01   -.2203E+01   -.2203E+01   -.2203E+01   -.2203E+01   -.2204E+01   -.2204E+01   -.2204E+01   -.2205E+01   -.2205E+01   -.2206E+01   -.2206E+01   -.2207E+01   -.2207E+01   -.2208E+01   -.2209E+01   -.2209E+01   -.2210E+01   -.2212E+01   -.2213E+01   -.2215E+01   -.2216E+01   -.2219E+01   -.2221E+01   -.2224E+01   -.2228E+01   -.2232E+01   -.2238E+01   -.2244E+01   -.2251E+01   -.2258E+01   -.2261E+01   -.2261E+01   -.2236E+01   -.2212E+01   -.2233E+01   -.2790E+01   -.9479E-01   -.1658E+00   -.1169E+00   -.1406E+00   -.1336E+00   -.1385E+00   -.1381E+00   -.1394E+00   -.1397E+00   -.1403E+00   -.1406E+00   -.1409E+00   -.1411E+00   -.1413E+00   -.1414E+00   -.1415E+00   -.1416E+00   -.1417E+00   -.1418E+00
0.8660E+03   0.1667E+02   -.2200E+01   -.2200E+01   -.2200E+01   -.2200E+01   -.2200E+01   -.2200E+01   -.2200E+01   -.2200E+01   -.2200E+01   -.2200E+01   -.2200E+01   -.2200E+01   -.2200E+01   -.2200E+01   -.2200E+01   -.2200E+01   -.2200E+01   -.2200E+01   -.2200E+01   -.2200E+01   -.2200E+01   -.2201E+01   -.2201E+01   -.2201E+01   -.2201E+01   -.2201E+01   -.2201E+01   -.2201E+01   -.2201E+01   -.2201E+01   -.2201E+01   -.2201E+01   -.2201E+01   -.2201E+01   -.2201E+01   -.2202E+01   -.2202E+01   -.2202E+01   -.2202E+01   -.2202E+01   -.2202E+01   -.2203E+01   -.2203E+01   -.2203E+01   -.2203E+01   -.2203E+01   -.2204E+01   -.2204E+01   -.2204E+01   -.2205E+01   -.2205E+01   -.2206E+01   -.2206E+01   -.2207E+01   -.2207E+01   -.2208E+01   -.2209E+01   -.2209E+01   -.2210E+01   -.2212E+01   -.2213E+01   -.2215E+01   -.2216E+01   -.2219E+01   -.2221E+01   -.2224E+01   -.2228E+01   -.2232E+01   -.2238E+01   -.2244E+01   -.2251E+01   -.2258E+01   -.2261E+01   -.2261E+01   -.2236E+01   -.2212E+01   -.2233E+01   -.2790E+01   -.9479E-01   -.1658E+00   -.1169E+00   -.1406E+00   -.1336E+00   -.1385E+00   -.1381E+00   -.1394E+00   -.1397E+00   -.1403E+00   -.1406E+00   -.1409E+00   -.1411E+00   -.1413E+00   -.1414E+00   -.1415E+00   -.1416E+00   -.1417E+00   -.1418E+00   -.1419E+00
0.8670E+03   0.1700E+02   -.2200E+01   -.2200E+01   -.2200E+01   -.2200E+01   -.2200E+01   -.2200E+01   -.2200E+01   -.2200E+01   -.2200E+01   -.2200E+01   -.2200E+01   -.2200E+01   -.2200E+01   -.2200E+01   -.2200E+01   -.2200E+01   -.2200E+01   -.2200E+01   -.2200E+01   -.2200E+01   -.2201E+01   -.2201E+01   -.2201E+01   -.2201E+01   -.2201E+01   -.2201E+01   -.2201E+01   -.2201E+01   -.2201E+01   -.2201E+01   -.2201E+01   -.2201E+01   -.2201E+01   -.2201E+01   -.2202E+01   -.2202E+01   -.2202E+01   -.2202E+01   -.2202E+01   -.2202E+01   -.2203E+01   -.2203E+01   -.2203E+01   -.2203E+01   -.2203E+01   -.2204E+01   -.2204E+01   -.2204E+01   -.2205E+01   -.2205E+01   -.2206E+01   -.2206E+01   -.2207E+01   -.2207E+01   -.2208E+01   -.2209E+01   -.2209E+01   -.2210E+01   -.2212E+01   -.2213E+01   -.2215E+01   -.2216E+01   -.2219E+01   -.2221E+01   -.2224E+01   -.2228E+01   -.2232E+01   -.2238E+01   -.2244E+01   -.2251E+01   -.2258E+01   -.2261E+01   -.2261E+01   -.2236E+01   -.2212E+01   -.2233E+01   -.2790E+01   -.9479E-01   -.1658E+00   -.1169E+00   -.1406E+00   -.1336E+00   -.1385E+00   -.1381E+00   -.1394E+00   -.1397E+00   -.1403E+00   -.1406E+00   -.1409E+00   -.1411E+00   -.1413E+00   -.1414E+00   -.1415E+00   -.1416E+00   -.1417E+00   -.1418E+00   -.1419E+00   -.1419E+00
0.8680E+03   0.1733E+02   -.2200E+01   -.2200E+01   -.2200E+01   -.2200E+01   -.2200E+01   -.2200E+01   -.2200E+01   -.2200E+01   -.2200E+01   -.2200E+01   -.2200E+01   -.2200E+01   -.2200E+01   -.2200E+01   -.2200E+01   -.2200E+01   -.2200E+01   -.2200E+01   -.2201E+01   -.2201E+01   -.2201E+01   -.2201E+01   -.2201E+01   -.2201E+01   -.2201E+01   -.2201E+01   -.2201E+01   -.2201E+01   -.2201E+01   -.2201E+01   -.2201E+01   -.2201E+01   -.2202E+01   -.2202E+01   -.2202E+01   -.2202E+01   -.2202E+01   -.2202E+01   -.2202E+01   -.2203E+01   -.2203E+01   -.2203E+01   -.2203E+01   -.2203E+01   -.2204E+01   -.2204E+01   -.2204E+01   -.2205E+01   -.2205E+01   -.2206E+01   -.2206E+01   -.2207E+01   -.2207E+01   -.2208E+01   -.2209E+01   -.2209E+01   -.2210E+01   -.2212E+01   -.2213E+01   -.2215E+01   -.2216E+01   -.2219E+01   -.2221E+01   -.2224E+01   -.2228E+01   -.2232E+01   -.2238E+01   -.2244E+01   -.2251E+01   -.2258E+01   -.2261E+01   -.2261E+01   -.2236E+01   -.2212E+01   -.2233E+01   -.2790E+01   -.9479E-01   -.1658E+00   -.1169E+00   -.1406E+00   -.1336E+00   -.1385E+00   -.1381E+00   -.1394E+00   -.1397E+00   -.1403E+00   -.1406E+00   -.1409E+00   -.1411E+00   -.1413E+00   -.1414E+00   -.1415E+00   -.1416E+00   -.1417E+00   -.1418E+00   -.1419E+00   -.1419E+00   -.1420E+00
0.8690E+03   0.1767E+02   -.2200E+01   -.2200E+01   -.2200E+01   -.2200E+01   -.2200E+01   -.2200E+01   -.2200E+01   -.2200E+01   -.2200E+01   -.2200E+01   -.2200E+01   -.2200E+01   -.2200E+01   -.2200E+01   -.2200E+01   -.2200E+01   -.2200E+01   -.2201E+01   -.2201E+01   -.2201E+01   -.2201E+01   -.2201E+01   -.2201E+01   -.2201E+01   -.2201E+01   -.2201E+01   -.2201E+01   -.2201E+01   -.2201E+01   -.2201E+01   -.2201E+01   -.2202E+01   -.2202E+01   -.2202E+01   -.2202E+01   -.2202E+01   -.2202E+01   -.2202E+01   -.2203E+01   -.2203E+01   -.2203E+01   -.2203E+01   -.2203E+01   -.2204E+01   -.2204E+01   -.2204E+01   -.2205E+01   -.2205E+01   -.2206E+01   -.2206E+01   -.2207E+01   -.2207E+01   -.2208E+01   -.2209E+01   -.2209E+01   -.2210E+01   -.2212E+01   -.2213E+01   -.2215E+01   -.2216E+01   -.2219E+01   -.2221E+01   -.2224E+01   -.2228E+01   -.2232E+01   -.2238E+01   -.2244E+01   -.2251E+01   -.2258E+01   -.2261E+01   -.2261E+01   -.2236E+01   -.2212E+01   -.2233E+01   -.2790E+01   -.9479E-01   -.1658E+00   -.1169E+00   -.1406E+00   -.1336E+00   -.1385E+00   -.1381E+00   -.1394E+00   -.1397E+00   -.1403E+00   -.1406E+00   -.1409E+00   -.1411E+00   -.1413E+00   -.1414E+00   -.1415E+00   -.1416E+00   -.1417E+00   -.1418E+00   -.1419E+00   -.1419E+00   -.1420E+00   -.1420E+00
0.8700E+03   0.1800E+02   -.2200E+01   -.2200E+01   -.2200E+01   -.2200E+01   -.2200E+01   -.2200E+01   -.2200E+01   -.2200E+01   -.2200E+01   -.2200E+01   -.2200E+01   -.2200E+01   -.2200E+01   -.2200E+01   -.2200E+01   -.2200E+01   -.2201E+01   -.2201E+01   -.2201E+01   -.2201E+01   -.2201E+01   -.2201E+01   -.2201E+01   -.2201E+01   -.2201E+01   -.2201E+01   -.2201E+01   -.2201E+01   -.2201E+01   -.2201E+01   -.2202E+01   -.2202E+01   -.2202E+01   -.2202E+01   -.2202E+01   -.2202E+01   -.2202E+01   -.2203E+01   -.2203E+01   -.2203E+01   -.2203E+01   -.2203E+01   -.2204E+01   -.2204E+01   -.2204E+01   -.2205E+01   -.2205E+01   -.2206E+01   -.2206E+01   -.2207E+01   -.2207E+01   -.2208E+01   -.2209E+01   -.2209E+01   -.2210E+01   -.2212E+01   -.2213E+01   -.2215E+01   -.2216E+01   -.2219E+01   -.2221E+01   -.2224E+01   -.2228E+01   -.2232E+01   -.2238E+01   -.2244E+01   -.2251E+01   -.2258E+01   -.2261E+01   -.2261E+01   -.2236E+01   -.2212E+01   -.2233E+01   -.2790E+01   -.9479E-01   -.1658E+00   -.1169E+00   -.1406E+00   -.1336E+00   -.1385E+00   -.1381E+00   -.1394E+00   -.1397E+00   -.1403E+00   -.1406E+00   -.1409E+00   -.1411E+00   -.1413E+00   -.1414E+00   -.1415E+00   -.1416E+00   -.1417E+00   -.1418E+00   -.1419E+00   -.1419E+00   -.1420E+00   -.1420E+00   -.1421E+00
0.8710E+03   0.1833E+02   -.2200E+01   -.2200E+01   -.2200E+01   -.2200E+01   -.2200E+01   -.2200E+01   -.2200E+01   -.2200E+01   -.2200E+01   -.2200E+01   -.2200E+01   -.2200E+01   -.2200E+01   -.2200E+01   -.2200E+01   -.2201E+01   -.2201E+01   -.2201E+01   -.2201E+01   -.2201E+01   -.2201E+01   -.2201E+01   -.2201E+01   -.2201E+01   -.2201E+01   -.2201E+01   -.2201E+01   -.2201E+01   -.2201E+01   -.2202E+01   -.2202E+01   -.2202E+01   -.2202E+01   -.2202E+01   -.2202E+01   -.2202E+01   -.2203E+01   -.2203E+01   -.2203E+01   -.2203E+01   -.2203E+01   -.2204E+01   -.2204E+01   -.2204E+01   -.2205E+01   -.2205E+01   -.2206E+01   -.2206E+01   -.2207E+01   -.2207E+01   -.2208E+01   -.2209E+01   -.2209E+01   -.2210E+01   -.2212E+01   -.2213E+01   -.2215E+01   -.2216E+01   -.2219E+01   -.2221E+01   -.2224E+01   -.2228E+01   -.2232E+01   -.2238E+01   -.2244E+01   -.2251E+01   -.2258E+01   -.2261E+01   -.2261E+01   -.2236E+01   -.2212E+01   -.2233E+01   -.2790E+01   -.9479E-01   -.1658E+00   -.1169E+00   -.1406E+00   -.1336E+00   -.1385E+00   -.1381E+00   -.1394E+00   -.1397E+00   -.1403E+00   -.1406E+00   -.1409E+00   -.1411E+00   -.1413E+00   -.1414E+00   -.1415E+00   -.1416E+00   -.1417E+00   -.1418E+00   -.1419E+00   -.1419E+00   -.1420E+00   -.1420E+00   -.1421E+00   -.1421E+00
0.8720E+03   0.1867E+02   -.2200E+01   -.2200E+01   -.2200E+01   -.2200E+01   -.2200E+01   -.2200E+01   -.2200E+01   -.2200E+01   -.2200E+01   -.2200E+01   -.2200E+01   -.2200E+01   -.2200E+01   -.2200E+01   -.2201E+01   -.2201E+01   -.2201E+01   -.2201E+01   -.2201E+01   -.2201E+01   -.2201E+01   -.2201E+01   -.2201E+01   -.2201E+01   -.2201E+01   -.2201E+01   -.2201E+01   -.2201E+01   -.2202E+01   -.2202E+01   -.2202E+01   -.2202E+01   -.2202E+01   -.2202E+01   -.2202E+01   -.2203E+01   -.2203E+01   -.2203E+01   -.2203E+01   -.2203E+01   -.2204E+01   -.2204E+01   -.2204E+01   -.2205E+01   -.2205E+01   -.2206E+01   -.2206E+01   -.2207E+01   -.2207E+01   -.2208E+01   -.2209E+01   -.2209E+01   -.2210E+01   -.2212E+01   -.2213E+01   -.2215E+01   -.2216E+01   -.2219E+01   -.2221E+01   -.2224E+01   -.2228E+01   -.2232E+01   -.2238E+01   -.2244E+01   -.2251E+01   -.2258E+01   -.2261E+01   -.2261E+01   -.2236E+01   -.2212E+01   -.2233E+01   -.2790E+01   -.9479E-01   -.1658E+00   -.1169E+00   -.1406E+00   -.1336E+00   -.1385E+00   -.1381E+00   -.1394E+00   -.1397E+00   -.1403E+00   -.1406E+00   -.1409E+00   -.1411E+00   -.1413E+00   -.1414E+00   -.1415E+00   -.1416E+00   -.1417E+00   -.1418E+00   -.1419E+00   -.1419E+00   -.1420E+00   -.1420E+00   -.1421E+00   -.1421E+00   -.1421E+00
0.8730E+03   0.1900E+02   -.2200E+01   -.2200E+01   -.2200E+01   -.2200E+01   -.2200E+01   -.2200E+01   -.2200E+01   -.2200E+01   -.2200E+01   -.2200E+01   -.2200E+01   -.2200E+01   -.2200E+01   -.2201E+01   -.2201E+01   -.2201E+01   -.2201E+01   -.2201E+01   -.2201E+01   -.2201E+01   -.2201E+01   -.2201E+01   -.2201E+01   -.2201E+01   -.2201E+01   -.2201E+01   -.2201E+01   -.2202E+01   -.2202E+01   -.2202E+01   -.2202E+01   -.2202E+01   -.2202E+01   -.2202E+01   -.2203E+01   -.2203E+01   -.2203E+01   -.2203E+01   -.2203E+01   -.2204E+01   -.2204E+01   -.2204E+01   -.2205E+01   -.2205E+01   -.2206E+01   -.2206E+01   -.2207E+01   -.2207E+01   -.2208E+01   -.2209E+01   -.2210E+01   -.2211E+01   -.2212E+01   -.2213E+01   -.2215E+01   -.2216E+01   -.2219E+01   -.2221E+01   -.2224E+01   -.2228E+01   -.2232E+01   -.2238E+01   -.2244E+01   -.2251E+01   -.2258E+01   -.2261E+01   -.2261E+01   -.2236E+01   -.2212E+01   -.2233E+01   -.2790E+01   -.9479E-01   -.1658E+00   -.1169E+00   -.1406E+00   -.1336E+00   -.1385E+00   -.1381E+00   -.1394E+00   -.1397E+00   -.1403E+00   -.1406E+00   -.1409E+00   -.1411E+00   -.1413E+00   -.1414E+00   -.1415E+00   -.1416E+00   -.1417E+00   -.1418E+00   -.1419E+00   -.1419E+00   -.1420E+00   -.1420E+00   -.1421E+00   -.1421E+00   -.1421E+00   -.1422E+00
0.8740E+03   0.1933E+02   -.2200E+01   -.2200E+01   -.2200E+01   -.2200E+01   -.2200E+01   -.2200E+01   -.2200E+01   -.2200E+01   -.2200E+01   -.2200E+01   -.2200E+01   -.2200E+01   -.2201E+01   -.2201E+01   -.2201E+01   -.2201E+01   -.2201E+01   -.2201E+01   -.2201E+01   -.2201E+01   -.2201E+01   -.2201E+01   -.2201E+01   -.2201E+01   -.2201E+01   -.2201E+01   -.2202E+01   -.2202E+01   -.2202E+01   -.2202E+01   -.2202E+01   -.2202E+01   -.2202E+01   -.2203E+01   -.2203E+01   -.2203E+01   -.2203E+01   -.2203E+01   -.2204E+01   -.2204E+01   -.2204E+01   -.2205E+01   -.2205E+01   -.2206E+01   -.2206E+01   -.2207E+01   -.2207E+01   -.2208E+01   -.2209E+01   -.2210E+01   -.2211E+01   -.2212E+01   -.2213E+01   -.2215E+01   -.2216E+01   -.2219E+01   -.2221E+01   -.2224E+01   -.2228E+01   -.2232E+01   -.2238E+01   -.2244E+01   -.2251E+01   -.2258E+01   -.2261E+01   -.2261E+01   -.2236E+01   -.2212E+01   -.2233E+01   -.2790E+01   -.9479E-01   -.1658E+00   -.1169E+00   -.1406E+00   -.1336E+00   -.1385E+00   -.1381E+00   -.1394E+00   -.1397E+00   -.1403E+00   -.1406E+00   -.1409E+00   -.1411E+00   -.1413E+00   -.1414E+00   -.1415E+00   -.1416E+00   -.1417E+00   -.1418E+00   -.1419E+00   -.1419E+00   -.1420E+00   -.1420E+00   -.1421E+00   -.1421E+00   -.1421E+00   -.1422E+00   -.1422E+00
0.8750E+03   0.1967E+02   -.2200E+01   -.2200E+01   -.2200E+01   -.2200E+01   -.2200E+01   -.2200E+01   -.2200E+01   -.2200E+01   -.2200E+01   -.2200E+01   -.2200E+01   -.2201E+01   -.2201E+01   -.2201E+01   -.2201E+01   -.2201E+01   -.2201E+01   -.2201E+01   -.2201E+01   -.2201E+01   -.2201E+01   -.2201E+01   -.2201E+01   -.2201E+01   -.2201E+01   -.2202E+01   -.2202E+01   -.2202E+01   -.2202E+01   -.2202E+01   -.2202E+01   -.2202E+01   -.2203E+01   -.2203E+01   -.2203E+01   -.2203E+01   -.2203E+01   -.2204E+01   -.2204E+01   -.2204E+01   -.2205E+01   -.2205E+01   -.2206E+01   -.2206E+01   -.2207E+01   -.2207E+01   -.2208E+01   -.2209E+01   -.2210E+01   -.2211E+01   -.2212E+01   -.2213E+01   -.2215E+01   -.2216E+01   -.2219E+01   -.2221E+01   -.2224E+01   -.2228E+01   -.2232E+01   -.2238E+01   -.2244E+01   -.2251E+01   -.2258E+01   -.2261E+01   -.2261E+01   -.2236E+01   -.2212E+01   -.2233E+01   -.2790E+01   -.9479E-01   -.1658E+00   -.1169E+00   -.1406E+00   -.1336E+00   -.1385E+00   -.1381E+00   -.1394E+00   -.1397E+00   -.1403E+00   -.1406E+00   -.1409E+00   -.1411E+00   -.1413E+00   -.1414E+00   -.1415E+00   -.1416E+00   -.1417E+00   -.1418E+00   -.1419E+00   -.1419E+00   -.1420E+00   -.1420E+00   -.1421E+00   -.1421E+00   -.1421E+00   -.1422E+00   -.1422E+00   -.1422E+00
0.8760E+03   0.2000E+02   -.2200E+01   -.2200E+01   -.2200E+01   -.2200E+01   -.2200E+01   -.2200E+01   -.2200E+01   -.2200E+01   -.2200E+01   -.2200E+01   -.2201E+01   -.2201E+01   -.2201E+01   -.2201E+01   -.2201E+01   -.2201E+01   -.2201E+01   -.2201E+01   -.2201E+01   -.2201E+01   -.2201E+01   -.2201E+01   -.2201E+01   -.2201E+01   -.2202E+01   -.2202E+01   -.2202E+01   -.2202E+01   -.2202E+01   -.2202E+01   -.2202E+01   -.2203E+01   -.2203E+01   -.2203E+01   -.2203E+01   -.2203E+01   -.2204E+01   -.2204E+01   -.2204E+01   -.2205E+01   -.2205E+01   -.2206E+01   -.2206E+01   -.2207E+01   -.2207E+01   -.2208E+01   -.2209E+01   -.2210E+01   -.2211E+01   -.2212E+01   -.2213E+01   -.2215E+01   -.2216E+01   -.2219E+01   -.2221E+01   -.2224E+01   -.2228E+01   -.2232E+01   -.2238E+01   -.2244E+01   -.2251E+01   -.2258E+01   -.2261E+01   -.2261E+01   -.2236E+01   -.2212E+01   -.2233E+01   -.2790E+01   -.9479E-01   -.1658E+00   -.1169E+00   -.1406E+00   -.1336E+00   -.1385E+00   -.1381E+00   -.1394E+00   -.1397E+00   -.1403E+00   -.1406E+00   -.1409E+00   -.1411E+00   -.1413E+00   -.1414E+00   -.1415E+00   -.1416E+00   -.1417E+00   -.1418E+00   -.1419E+00   -.1419E+00   -.1420E+00   -.1420E+00   -.1421E+00   -.1421E+00   -.1421E+00   -.1422E+00   -.1422E+00   -.1422E+00   -.1422E+00
0.8770E+03   0.2033E+02   -.2200E+01   -.2200E+01   -.2200E+01   -.2200E+01   -.2200E+01   -.2200E+01   -.2200E+01   -.2200E+01   -.2200E+01   -.2201E+01   -.2201E+01   -.2201E+01   -.2201E+01   -.2201E+01   -.2201E+01   -.2201E+01   -.2201E+01   -.2201E+01   -.2201E+01   -.2201E+01   -.2201E+01   -.2201E+01   -.2201E+01   -.2202E+01   -.2202E+01   -.2202E+01   -.2202E+01   -.2202E+01   -.2202E+01   -.2202E+01   -.2203E+01   -.2203E+01   -.2203E+01   -.2203E+01   -.2203E+01   -.2204E+01   -.2204E+01   -.2204E+01   -.2205E+01   -.2205E+01   -.2206E+01   -.2206E+01   -.2207E+01   -.2207E+01   -.2208E+01   -.2209E+01   -.2210E+01   -.2211E+01   -.2212E+01   -.2213E+01   -.2215E+01   -.2216E+01   -.2219E+01   -.2221E+01   -.2224E+01   -.2228E+01   -.2232E+01   -.2238E+01   -.2244E+01   -.2251E+01   -.2258E+01   -.2261E+01   -.2261E+01   -.2236E+01   -.2212E+01   -.2233E+01   -.2790E+01   -.9479E-01   -.1658E+00   -.1169E+00   -.1406E+00   -.1336E+00   -.1385E+00   -.1381E+00   -.1394E+00   -.1397E+00   -.1403E+00   -.1406E+00   -.1409E+00   -.1411E+00   -.1413E+00   -.1414E+00   -.1415E+00   -.1416E+00   -.1417E+00   -.1418E+00   -.1419E+00   -.1419E+00   -.1420E+00   -.1420E+00   -.1421E+00   -.1421E+00   -.1421E+00   -.1422E+00   -.1422E+00   -.1422E+00   -.1422E+00   -.1423E+00
0.8780E+03   0.2067E+02   -.2200E+01   -.2200E+01   -.2200E+01   -.2200E+01   -.2200E+01   -.2200E+01   -.2200E+01   -.2200E+01   -.2201E+01   -.2201E+01   -.2201E+01   -.2201E+01   -.2201E+01   -.2201E+01   -.2201E+01   -.2201E+01   -.2201E+01   -.2201E+01   -.2201E+01   -.2201E+01   -.2201E+01   -.2201E+01   -.2202E+01   -.2202E+01   -.2202E+01   -.2202E+01   -.2202E+01   -.2202E+01   -.2202E+01   -.2203E+01   -.2203E+01   -.2203E+01   -.2203E+01   -.2203E+01   -.2204E+01   -.2204E+01   -.2204E+01   -.2205E+01   -.2205E+01   -.2206E+01   -.2206E+01   -.2207E+01   -.2207E+01   -.2208E+01   -.2209E+01   -.2210E+01   -.2211E+01   -.2212E+01   -.2213E+01   -.2215E+01   -.2216E+01   -.2219E+01   -.2221E+01   -.2224E+01   -.2228E+01   -.2232E+01   -.2238E+01   -.2244E+01   -.2251E+01   -.2258E+01   -.2261E+01   -.2261E+01   -.2236E+01   -.2212E+01   -.2233E+01   -.2790E+01   -.9479E-01   -.1658E+00   -.1169E+00   -.1406E+00   -.1336E+00   -.1385E+00   -.1381E+00   -.1394E+00   -.1397E+00   -.1403E+00   -.1406E+00   -.1409E+00   -.1411E+00   -.1413E+00   -.1414E+00   -.1415E+00   -.1416E+00   -.1417E+00   -.1418E+00   -.1419E+00   -.1419E+00   -.1420E+00   -.1420E+00   -.1421E+00   -.1421E+00   -.1421E+00   -.1422E+00   -.1422E+00   -.1422E+00   -.1422E+00   -.1423E+00   -.1423E+00
0.8790E+03   0.2100E+02   -.2200E+01   -.2200E+01   -.2200E+01   -.2200E+01   -.2200E+01   -.2200E+01   -.2200E+01   -.2201E+01   -.2201E+01   -.2201E+01   -.2201E+01   -.2201E+01   -.2201E+01   -.2201E+01   -.2201E+01   -.2201E+01   -.2201E+01   -.2201E+01   -.2201E+01   -.2201E+01   -.2201E+01   -.2202E+01   -.2202E+01   -.2202E+01   -.2202E+01   -.2202E+01   -.2202E+01   -.2202E+01   -.2203E+01   -.2203E+01   -.2203E+01   -.2203E+01   -.2203E+01   -.2204E+01   -.2204E+01   -.2204E+01   -.2205E+01   -.2205E+01   -.2206E+01   -.2206E+01   -.2207E+01   -.2207E+01   -.2208E+01   -.2209E+01   -.2210E+01   -.2211E+01   -.2212E+01   -.2213E+01   -.2215E+01   -.2216E+01   -.2219E+01   -.2221E+01   -.2224E+01   -.2228E+01   -.2232E+01   -.2238E+01   -.2244E+01   -.2251E+01   -.2258E+01   -.2261E+01   -.2261E+01   -.2236E+01   -.2212E+01   -.2233E+01   -.2790E+01   -.9479E-01   -.1658E+00   -.1169E+00   -.1406E+00   -.1336E+00   -.1385E+00   -.1381E+00   -.1394E+00   -.1397E+00   -.1403E+00   -.1406E+00   -.1409E+00   -.1411E+00   -.1413E+00   -.1414E+00   -.1415E+00   -.1416E+00   -.1417E+00   -.1418E+00   -.1419E+00   -.1419E+00   -.1420E+00   -.1420E+00   -.1421E+00   -.1421E+00   -.1421E+00   -.1422E+00   -.1422E+00   -.1422E+00   -.1422E+00   -.1423E+00   -.1423E+00   -.1423E+00
0.8800E+03   0.2133E+02   -.2200E+01   -.2200E+01   -.2200E+01   -.2200E+01   -.2200E+01   -.2200E+01   -.2200E+01   -.2201E+01   -.2201E+01   -.2201E+01   -.2201E+01   -.2201E+01   -.2201E+01   -.2201E+01   -.2201E+01   -.2201E+01   -.2201E+01   -.2201E+01   -.2201E+01   -.2201E+01   -.2202E+01   -.2202E+01   -.2202E+01   -.2202E+01   -.2202E+01   -.2202E+01   -.2202E+01   -.2203E+01   -.2203E+01   -.2203E+01   -.2203E+01   -.2204E+01   -.2204E+01   -.2204E+01   -.2204E+01   -.2205E+01   -.2205E+01   -.2206E+01   -.2206E+01   -.2207E+01   -.2207E+01   -.2208E+01   -.2209E+01   -.2210E+01   -.2211E+01   -.2212E+01   -.2213E+01   -.2215E+01   -.2216E+01   -.2219E+01   -.2221E+01   -.2224E+01   -.2228E+01   -.2232E+01   -.2238E+01   -.2244E+01   -.2251E+01   -.2258E+01   -.2261E+01   -.2261E+01   -.2236E+01   -.2212E+01   -.2233E+01   -.2790E+01   -.9479E-01   -.1658E+00   -.1169E+00   -.1406E+00   -.1336E+00   -.1385E+00   -.1381E+00   -.1394E+00   -.1397E+00   -.1403E+00   -.1406E+00   -.1409E+00   -.1411E+00   -.1413E+00   -.1414E+00   -.1415E+00   -.1416E+00   -.1417E+00   -.1418E+00   -.1419E+00   -.1419E+00   -.1420E+00   -.1420E+00   -.1421E+00   -.1421E+00   -.1421E+00   -.1422E+00   -.1422E+00   -.1422E+00   -.1422E+00   -.1423E+00   -.1423E+00   -.1423E+00   -.1423E+00
0.8810E+03   0.2167E+02   -.2200E+01   -.2200E+01   -.2200E+01   -.2200E+01   -.2200E+01   -.2200E+01   -.2201E+01   -.2201E+01   -.2201E+01   -.2201E+01   -.2201E+01   -.2201E+01   -.2201E+01   -.2201E+01   -.2201E+01   -.2201E+01   -.2201E+01   -.2201E+01   -.2201E+01   -.2202E+01   -.2202E+01   -.2202E+01   -.2202E+01   -.2202E+01   -.2202E+01   -.2202E+01   -.2203E+01   -.2203E+01   -.2203E+01   -.2203E+01   -.2204E+01   -.2204E+01   -.2204E+01   -.2204E+01   -.2205E+01   -.2205E+01   -.2206E+01   -.2206E+01   -.2207E+01   -.2207E+01   -.2208E+01   -.2209E+01   -.2210E+01   -.2211E+01   -.2212E+01   -.2213E+01   -.2215E+01   -.2216E+01   -.2219E+01   -.2221E+01   -.2224E+01   -.2228E+01   -.2232E+01   -.2238E+01   -.2244E+01   -.2251E+01   -.2258E+01   -.2261E+01   -.2261E+01   -.2236E+01   -.2212E+01   -.2233E+01   -.2790E+01   -.9479E-01   -.1658E+00   -.1169E+00   -.1406E+00   -.1336E+00   -.1385E+00   -.1381E+00   -.1394E+00   -.1397E+00   -.1403E+00   -.1406E+00   -.1409E+00   -.1411E+00   -.1413E+00   -.1414E+00   -.1415E+00   -.1416E+00   -.1417E+00   -.1418E+00   -.1419E+00   -.1419E+00   -.1420E+00   -.1420E+00   -.1421E+00   -.1421E+00   -.1421E+00   -.1422E+00   -.1422E+00   -.1422E+00   -.1422E+00   -.1423E+00   -.1423E+00   -.1423E+00   -.1423E+00   -.1423E+00
0.8820E+03   0.2200E+02   -.2200E+01   -.2200E+01   -.2200E+01   -.2200E+01   -.2200E+01   -.2201E+01   -.2201E+01   -.2201E+01   -.2201E+01   -.2201E+01   -.2201E+01   -.2201E+01   -.2201E+01   -.2201E+01   -.2201E+01   -.2201E+01   -.2201E+01   -.2201E+01   -.2202E+01   -.2202E+01   -.2202E+01   -.2202E+01   -.2202E+01   -.2202E+01   -.2202E+01   -.2203E+01   -.2203E+01   -.2203E+01   -.2203E+01   -.2204E+01   -.2204E+01   -.2204E+01   -.2204E+01   -.2205E+01   -.2205E+01   -.2206E+01   -.2206E+01   -.2207E+01   -.2207E+01   -.2208E+01   -.2209E+01   -.2210E+01   -.2211E+01   -.2212E+01   -.2213E+01   -.2215E+01   -.2216E+01   -.2219E+01   -.2221E+01   -.2224E+01   -.2228E+01   -.2232E+01   -.2238E+01   -.2244E+01   -.2251E+01   -.2258E+01   -.2261E+01   -.2261E+01   -.2236E+01   -.2212E+01   -.2233E+01   -.2790E+01   -.9479E-01   -.1658E+00   -.1169E+00   -.1406E+00   -.1336E+00   -.1385E+00   -.1381E+00   -.1394E+00   -.1397E+00   -.1403E+00   -.1406E+00   -.1409E+00   -.1411E+00   -.1413E+00   -.1414E+00   -.1415E+00   -.1416E+00   -.1417E+00   -.1418E+00   -.1419E+00   -.1419E+00   -.1420E+00   -.1420E+00   -.1421E+00   -.1421E+00   -.1421E+00   -.1422E+00   -.1422E+00   -.1422E+00   -.1422E+00   -.1423E+00   -.1423E+00   -.1423E+00   -.1423E+00   -.1423E+00   -.1423E+00
0.8830E+03   0.2233E+02   -.2200E+01   -.2200E+01   -.2200E+01   -.2200E+01   -.2200E+01   -.2201E+01   -.2201E+01   -.2201E+01   -.2201E+01   -.2201E+01   -.2201E+01   -.2201E+01   -.2201E+01   -.2201E+01   -.2201E+01   -.2201E+01   -.2201E+01   -.2202E+01   -.2202E+01   -.2202E+01   -.2202E+01   -.2202E+01   -.2202E+01   -.2202E+01   -.2203E+01   -.2203E+01   -.2203E+01   -.2203E+01   -.2204E+01   -.2204E+01   -.2204E+01   -.2204E+01   -.2205E+01   -.2205E+01   -.2206E+01   -.2206E+01   -.2207E+01   -.2207E+01   -.2208E+01   -.2209E+01   -.2210E+01   -.2211E+01   -.2212E+01   -.2213E+01   -.2215E+01   -.2216E+01   -.2219E+01   -.2221E+01   -.2224E+01   -.2228E+01   -.2232E+01   -.2238E+01   -.2244E+01   -.2251E+01   -.2258E+01   -.2261E+01   -.2261E+01   -.2236E+01   -.2212E+01   -.2233E+01   -.2790E+01   -.9479E-01   -.1658E+00   -.1169E+00   -.1406E+00   -.1336E+00   -.1385E+00   -.1381E+00   -.1394E+00   -.1397E+00   -.1403E+00   -.1406E+00   -.1409E+00   -.1411E+00   -.1413E+00   -.1414E+00   -.1415E+00   -.1416E+00   -.1417E+00   -.1418E+00   -.1419E+00   -.1419E+00   -.1420E+00   -.1420E+00   -.1421E+00   -.1421E+00   -.1421E+00   -.1422E+00   -.1422E+00   -.1422E+00   -.1422E+00   -.1423E+00   -.1423E+00   -.1423E+00   -.1423E+00   -.1423E+00   -.1423E+00   -.1423E+00
0.8840E+03   0.2267E+02   -.2200E+01   -.2200E+01   -.2200E+01   -.2200E+01   -.2201E+01   -.2201E+01   -.2201E+01   -.2201E+01   -.2201E+01   -.2201E+01   -.2201E+01   -.2201E+01   -.2201E+01   -.2201E+01   -.2201E+01   -.2201E+01   -.2202E+01   -.2202E+01   -.2202E+01   -.2202E+01   -.2202E+01   -.2202E+01   -.2202E+01   -.2203E+01   -.2203E+01   -.2203E+01   -.2203E+01   -.2204E+01   -.2204E+01   -.2204E+01   -.2204E+01   -.2205E+01   -.2205E+01   -.2206E+01   -.2206E+01   -.2207E+01   -.2207E+01   -.2208E+01   -.2209E+01   -.2210E+01   -.2211E+01   -.2212E+01   -.2213E+01   -.2215E+01   -.2216E+01   -.2219E+01   -.2221E+01   -.2224E+01   -.2228E+01   -.2232E+01   -.2238E+01   -.2244E+01   -.2251E+01   -.2258E+01   -.2261E+01   -.2261E+01   -.2236E+01   -.2212E+01   -.2233E+01   -.2790E+01   -.9479E-01   -.1658E+00   -.1169E+00   -.1406E+00   -.1336E+00   -.1385E+00   -.1381E+00   -.1394E+00   -.1397E+00   -.1403E+00   -.1406E+00   -.1409E+00   -.1411E+00   -.1413E+00   -.1414E+00   -.1415E+00   -.1416E+00   -.1417E+00   -.1418E+00   -.1419E+00   -.1419E+00   -.1420E+00   -.1420E+00   -.1421E+00   -.1421E+00   -.1421E+00   -.1422E+00   -.1422E+00   -.1422E+00   -.1422E+00   -.1423E+00   -.1423E+00   -.1423E+00   -.1423E+00   -.1423E+00   -.1423E+00   -.1423E+00   -.1423E+00
0.8850E+03   0.2300E+02   -.2200E+01   -.2200E+01   -.2200E+01   -.2200E+01   -.2201E+01   -.2201E+01   -.2201E+01   -.2201E+01   -.2201E+01   -.2201E+01   -.2201E+01   -.2201E+01   -.2201E+01   -.2201E+01   -.2201E+01   -.2202E+01   -.2202E+01   -.2202E+01   -.2202E+01   -.2202E+01   -.2202E+01   -.2202E+01   -.2203E+01   -.2203E+01   -.2203E+01   -.2203E+01   -.2204E+01   -.2204E+01   -.2204E+01   -.2204E+01   -.2205E+01   -.2205E+01   -.2206E+01   -.2206E+01   -.2207E+01   -.2207E+01   -.2208E+01   -.2209E+01   -.2210E+01   -.2211E+01   -.2212E+01   -.2213E+01   -.2215E+01   -.2216E+01   -.2219E+01   -.2221E+01   -.2224E+01   -.2228E+01   -.2232E+01   -.2238E+01   -.2244E+01   -.2251E+01   -.2258E+01   -.2261E+01   -.2261E+01   -.2236E+01   -.2212E+01   -.2233E+01   -.2790E+01   -.9479E-01   -.1658E+00   -.1169E+00   -.1406E+00   -.1336E+00   -.1385E+00   -.1381E+00   -.1394E+00   -.1397E+00   -.1403E+00   -.1406E+00   -.1409E+00   -.1411E+00   -.1413E+00   -.1414E+00   -.1415E+00   -.1416E+00   -.1417E+00   -.1418E+00   -.1419E+00   -.1419E+00   -.1420E+00   -.1420E+00   -.1421E+00   -.1421E+00   -.1421E+00   -.1422E+00   -.1422E+00   -.1422E+00   -.1422E+00   -.1423E+00   -.1423E+00   -.1423E+00   -.1423E+00   -.1423E+00   -.1423E+00   -.1423E+00   -.1423E+00   -.1424E+00
0.8860E+03   0.2333E+02   -.2200E+01   -.2200E+01   -.2200E+01   -.2201E+01   -.2201E+01   -.2201E+01   -.2201E+01   -.2201E+01   -.2201E+01   -.2201E+01   -.2201E+01   -.2201E+01   -.2201E+01   -.2201E+01   -.2202E+01   -.2202E+01   -.2202E+01   -.2202E+01   -.2202E+01   -.2202E+01   -.2202E+01   -.2203E+01   -.2203E+01   -.2203E+01   -.2203E+01   -.2204E+01   -.2204E+01   -.2204E+01   -.2204E+01   -.2205E+01   -.2205E+01   -.2206E+01   -.2206E+01   -.2207E+01   -.2207E+01   -.2208E+01   -.2209E+01   -.2210E+01   -.2211E+01   -.2212E+01   -.2213E+01   -.2215E+01   -.2216E+01   -.2219E+01   -.2221E+01   -.2224E+01   -.2228E+01   -.2232E+01   -.2238E+01   -.2244E+01   -.2251E+01   -.2258E+01   -.2261E+01   -.2261E+01   -.2236E+01   -.2212E+01   -.2233E+01   -.2790E+01   -.9479E-01   -.1658E+00   -.1169E+00   -.1406E+00   -.1336E+00   -.1385E+00   -.1381E+00   -.1394E+00   -.1397E+00   -.1403E+00   -.1406E+00   -.1409E+00   -.1411E+00   -.1413E+00   -.1414E+00   -.1415E+00   -.1416E+00   -.1417E+00   -.1418E+00   -.1419E+00   -.1419E+00   -.1420E+00   -.1420E+00   -.1421E+00   -.1421E+00   -.1421E+00   -.1422E+00   -.1422E+00   -.1422E+00   -.1422E+00   -.1423E+00   -.1423E+00   -.1423E+00   -.1423E+00   -.1423E+00   -.1423E+00   -.1423E+00   -.1423E+00   -.1424E+00   -.1424E+00
0.8870E+03   0.2367E+02   -.2200E+01   -.2200E+01   -.2200E+01   -.2201E+01   -.2201E+01   -.2201E+01   -.2201E+01   -.2201E+01   -.2201E+01   -.2201E+01   -.2201E+01   -.2201E+01   -.2201E+01   -.2202E+01   -.2202E+01   -.2202E+01   -.2202E+01   -.2202E+01   -.2202E+01   -.2202E+01   -.2203E+01   -.2203E+01   -.2203E+01   -.2203E+01   -.2204E+01   -.2204E+01   -.2204E+01   -.2204E+01   -.2205E+01   -.2205E+01   -.2206E+01   -.2206E+01   -.2207E+01   -.2207E+01   -.2208E+01   -.2209E+01   -.2210E+01   -.2211E+01   -.2212E+01   -.2213E+01   -.2215E+01   -.2216E+01   -.2219E+01   -.2221E+01   -.2224E+01   -.2228E+01   -.2232E+01   -.2238E+01   -.2244E+01   -.2251E+01   -.2258E+01   -.2261E+01   -.2261E+01   -.2236E+01   -.2212E+01   -.2233E+01   -.2790E+01   -.9479E-01   -.1658E+00   -.1169E+00   -.1406E+00   -.1336E+00   -.1385E+00   -.1381E+00   -.1394E+00   -.1397E+00   -.1403E+00   -.1406E+00   -.1409E+00   -.1411E+00   -.1413E+00   -.1414E+00   -.1415E+00   -.1416E+00   -.1417E+00   -.1418E+00   -.1419E+00   -.1419E+00   -.1420E+00   -.1420E+00   -.1421E+00   -.1421E+00   -.1421E+00   -.1422E+00   -.1422E+00   -.1422E+00   -.1422E+00   -.1423E+00   -.1423E+00   -.1423E+00   -.1423E+00   -.1423E+00   -.1423E+00   -.1423E+00   -.1424E+00   -.1424E+00   -.1424E+00   -.1424E+00
0.8880E+03   0.2400E+02   -.2200E+01   -.2200E+01   -.2200E+01   -.2201E+01   -.2201E+01   -.2201E+01   -.2201E+01   -.2201E+01   -.2201E+01   -.2201E+01   -.2201E+01   -.2201E+01   -.2202E+01   -.2202E+01   -.2202E+01   -.2202E+01   -.2202E+01   -.2202E+01   -.2202E+01   -.2203E+01   -.2203E+01   -.2203E+01   -.2203E+01   -.2204E+01   -.2204E+01   -.2204E+01   -.2204E+01   -.2205E+01   -.2205E+01   -.2206E+01   -.2206E+01   -.2207E+01   -.2207E+01   -.2208E+01   -.2209E+01   -.2210E+01   -.2211E+01   -.2212E+01   -.2213E+01   -.2215E+01   -.2216E+01   -.2219E+01   -.2221E+01   -.2224E+01   -.2228E+01   -.2232E+01   -.2238E+01   -.2244E+01   -.2251E+01   -.2258E+01   -.2261E+01   -.2261E+01   -.2236E+01   -.2212E+01   -.2233E+01   -.2790E+01   -.9479E-01   -.1658E+00   -.1169E+00   -.1406E+00   -.1336E+00   -.1385E+00   -.1381E+00   -.1394E+00   -.1397E+00   -.1403E+00   -.1406E+00   -.1409E+00   -.1411E+00   -.1413E+00   -.1414E+00   -.1415E+00   -.1416E+00   -.1417E+00   -.1418E+00   -.1419E+00   -.1419E+00   -.1420E+00   -.1420E+00   -.1421E+00   -.1421E+00   -.1421E+00   -.1422E+00   -.1422E+00   -.1422E+00   -.1422E+00   -.1423E+00   -.1423E+00   -.1423E+00   -.1423E+00   -.1423E+00   -.1423E+00   -.1423E+00   -.1424E+00   -.1424E+00   -.1424E+00   -.1424E+00   -.1424E+00
0.8890E+03   0.2433E+02   -.2200E+01   -.2200E+01   -.2201E+01   -.2201E+01   -.2201E+01   -.2201E+01   -.2201E+01   -.2201E+01   -.2201E+01   -.2201E+01   -.2201E+01   -.2201E+01   -.2202E+01   -.2202E+01   -.2202E+01   -.2202E+01   -.2202E+01   -.2202E+01   -.2203E+01   -.2203E+01   -.2203E+01   -.2203E+01   -.2204E+01   -.2204E+01   -.2204E+01   -.2204E+01   -.2205E+01   -.2205E+01   -.2206E+01   -.2206E+01   -.2207E+01   -.2207E+01   -.2208E+01   -.2209E+01   -.2210E+01   -.2211E+01   -.2212E+01   -.2213E+01   -.2215E+01   -.2216E+01   -.2219E+01   -.2221E+01   -.2224E+01   -.2228E+01   -.2232E+01   -.2238E+01   -.2244E+01   -.2251E+01   -.2258E+01   -.2261E+01   -.2261E+01   -.2236E+01   -.2212E+01   -.2233E+01   -.2790E+01   -.9479E-01   -.1658E+00   -.1169E+00   -.1406E+00   -.1336E+00   -.1385E+00   -.1381E+00   -.1394E+00   -.1397E+00   -.1403E+00   -.1406E+00   -.1409E+00   -.1411E+00   -.1413E+00   -.1414E+00   -.1415E+00   -.1416E+00   -.1417E+00   -.1418E+00   -.1419E+00   -.1419E+00   -.1420E+00   -.1420E+00   -.1421E+00   -.1421E+00   -.1421E+00   -.1422E+00   -.1422E+00   -.1422E+00   -.1422E+00   -.1423E+00   -.1423E+00   -.1423E+00   -.1423E+00   -.1423E+00   -.1423E+00   -.1423E+00   -.1424E+00   -.1424E+00   -.1424E+00   -.1424E+00   -.1424E+00   -.1424E+00
0.8900E+03   0.2467E+02   -.2200E+01   -.2200E+01   -.2201E+01   -.2201E+01   -.2201E+01   -.2201E+01   -.2201E+01   -.2201E+01   -.2201E+01   -.2201E+01   -.2201E+01   -.2202E+01   -.2202E+01   -.2202E+01   -.2202E+01   -.2202E+01   -.2202E+01   -.2203E+01   -.2203E+01   -.2203E+01   -.2203E+01   -.2204E+01   -.2204E+01   -.2204E+01   -.2204E+01   -.2205E+01   -.2205E+01   -.2206E+01   -.2206E+01   -.2207E+01   -.2207E+01   -.2208E+01   -.2209E+01   -.2210E+01   -.2211E+01   -.2212E+01   -.2213E+01   -.2215E+01   -.2216E+01   -.2219E+01   -.2221E+01   -.2224E+01   -.2228E+01   -.2233E+01   -.2238E+01   -.2244E+01   -.2251E+01   -.2258E+01   -.2261E+01   -.2261E+01   -.2236E+01   -.2212E+01   -.2233E+01   -.2790E+01   -.9479E-01   -.1658E+00   -.1169E+00   -.1406E+00   -.1336E+00   -.1385E+00   -.1381E+00   -.1394E+00   -.1397E+00   -.1403E+00   -.1406E+00   -.1409E+00   -.1411E+00   -.1413E+00   -.1414E+00   -.1415E+00   -.1416E+00   -.1417E+00   -.1418E+00   -.1419E+00   -.1419E+00   -.1420E+00   -.1420E+00   -.1421E+00   -.1421E+00   -.1421E+00   -.1422E+00   -.1422E+00   -.1422E+00   -.1422E+00   -.1423E+00   -.1423E+00   -.1423E+00   -.1423E+00   -.1423E+00   -.1423E+00   -.1423E+00   -.1424E+00   -.1424E+00   -.1424E+00   -.1424E+00   -.1424E+00   -.1424E+00   -.1424E+00
0.8910E+03   0.2500E+02   -.2200E+01   -.2200E+01   -.2201E+01   -.2201E+01   -.2201E+01   -.2201E+01   -.2201E+01   -.2201E+01   -.2201E+01   -.2201E+01   -.2202E+01   -.2202E+01   -.2202E+01   -.2202E+01   -.2202E+01   -.2202E+01   -.2203E+01   -.2203E+01   -.2203E+01   -.2203E+01   -.2204E+01   -.2204E+01   -.2204E+01   -.2204E+01   -.2205E+01   -.2205E+01   -.2206E+01   -.2206E+01   -.2207E+01   -.2207E+01   -.2208E+01   -.2209E+01   -.2210E+01   -.2211E+01   -.2212E+01   -.2213E+01   -.2215E+01   -.2216E+01   -.2219E+01   -.2221E+01   -.2224E+01   -.2228E+01   -.2233E+01   -.2238E+01   -.2244E+01   -.2251E+01   -.2258E+01   -.2261E+01   -.2261E+01   -.2236E+01   -.2212E+01   -.2233E+01   -.2790E+01   -.9479E-01   -.1658E+00   -.1169E+00   -.1406E+00   -.1336E+00   -.1385E+00   -.1381E+00   -.1394E+00   -.1397E+00   -.1403E+00   -.1406E+00   -.1409E+00   -.1411E+00   -.1413E+00   -.1414E+00   -.1415E+00   -.1416E+00   -.1417E+00   -.1418E+00   -.1419E+00   -.1419E+00   -.1420E+00   -.1420E+00   -.1421E+00   -.1421E+00   -.1421E+00   -.1422E+00   -.1422E+00   -.1422E+00   -.1422E+00   -.1423E+00   -.1423E+00   -.1423E+00   -.1423E+00   -.1423E+00   -.1423E+00   -.1423E+00   -.1424E+00   -.1424E+00   -.1424E+00   -.1424E+00   -.1424E+00   -.1424E+00   -.1424E+00   -.1424E+00
0.8920E+03   0.2533E+02   -.2200E+01   -.2201E+01   -.2201E+01   -.2201E+01   -.2201E+01   -.2201E+01   -.2201E+01   -.2201E+01   -.2201E+01   -.2202E+01   -.2202E+01   -.2202E+01   -.2202E+01   -.2202E+01   -.2202E+01   -.2203E+01   -.2203E+01   -.2203E+01   -.2203E+01   -.2203E+01   -.2204E+01   -.2204E+01   -.2204E+01   -.2205E+01   -.2205E+01   -.2206E+01   -.2206E+01   -.2207E+01   -.2207E+01   -.2208E+01   -.2209E+01   -.2210E+01   -.2211E+01   -.2212E+01   -.2213E+01   -.2215E+01   -.2216E+01   -.2219E+01   -.2221E+01   -.2224E+01   -.2228E+01   -.2233E+01   -.2238E+01   -.2244E+01   -.2251E+01   -.2258E+01   -.2261E+01   -.2261E+01   -.2236E+01   -.2212E+01   -.2233E+01   -.2790E+01   -.9479E-01   -.1658E+00   -.1169E+00   -.1406E+00   -.1336E+00   -.1385E+00   -.1381E+00   -.1394E+00   -.1397E+00   -.1403E+00   -.1406E+00   -.1409E+00   -.1411E+00   -.1413E+00   -.1414E+00   -.1415E+00   -.1416E+00   -.1417E+00   -.1418E+00   -.1419E+00   -.1419E+00   -.1420E+00   -.1420E+00   -.1421E+00   -.1421E+00   -.1421E+00   -.1422E+00   -.1422E+00   -.1422E+00   -.1422E+00   -.1423E+00   -.1423E+00   -.1423E+00   -.1423E+00   -.1423E+00   -.1423E+00   -.1423E+00   -.1424E+00   -.1424E+00   -.1424E+00   -.1424E+00   -.1424E+00   -.1424E+00   -.1424E+00   -.1424E+00   -.1424E+00
0.8930E+03   0.2567E+02   -.2200E+01   -.2201E+01   -.2201E+01   -.2201E+01   -.2201E+01   -.2201E+01   -.2201E+01   -.2201E+01   -.2201E+01   -.2202E+01   -.2202E+01   -.2202E+01   -.2202E+01   -.2202E+01   -.2203E+01   -.2203E+01   -.2203E+01   -.2203E+01   -.2203E+01   -.2204E+01   -.2204E+01   -.2204E+01   -.2205E+01   -.2205E+01   -.2206E+01   -.2206E+01   -.2207E+01   -.2207E+01   -.2208E+01   -.2209E+01   -.2210E+01   -.2211E+01   -.2212E+01   -.2213E+01   -.2215E+01   -.2216E+01   -.2219E+01   -.2221E+01   -.2224E+01   -.2228E+01   -.2233E+01   -.2238E+01   -.2244E+01   -.2251E+01   -.2258E+01   -.2261E+01   -.2261E+01   -.2236E+01   -.2212E+01   -.2233E+01   -.2790E+01   -.9479E-01   -.1658E+00   -.1169E+00   -.1406E+00   -.1336E+00   -.1385E+00   -.1381E+00   -.1394E+00   -.1397E+00   -.1403E+00   -.1406E+00   -.1409E+00   -.1411E+00   -.1413E+00   -.1414E+00   -.1415E+00   -.1417E+00   -.1417E+00   -.1418E+00   -.1419E+00   -.1419E+00   -.1420E+00   -.1420E+00   -.1421E+00   -.1421E+00   -.1421E+00   -.1422E+00   -.1422E+00   -.1422E+00   -.1422E+00   -.1423E+00   -.1423E+00   -.1423E+00   -.1423E+00   -.1423E+00   -.1423E+00   -.1423E+00   -.1424E+00   -.1424E+00   -.1424E+00   -.1424E+00   -.1424E+00   -.1424E+00   -.1424E+00   -.1424E+00   -.1424E+00   -.1424E+00
0.8940E+03   0.2600E+02   -.2200E+01   -.2201E+01   -.2201E+01   -.2201E+01   -.2201E+01   -.2201E+01   -.2201E+01   -.2201E+01   -.2202E+01   -.2202E+01   -.2202E+01   -.2202E+01   -.2202E+01   -.2202E+01   -.2203E+01   -.2203E+01   -.2203E+01   -.2203E+01   -.2204E+01   -.2204E+01   -.2204E+01   -.2205E+01   -.2205E+01   -.2206E+01   -.2206E+01   -.2207E+01   -.2207E+01   -.2208E+01   -.2209E+01   -.2210E+01   -.2211E+01   -.2212E+01   -.2213E+01   -.2215E+01   -.2216E+01   -.2219E+01   -.2221E+01   -.2224E+01   -.2228E+01   -.2233E+01   -.2238E+01   -.2244E+01   -.2251E+01   -.2258E+01   -.2261E+01   -.2261E+01   -.2236E+01   -.2212E+01   -.2233E+01   -.2790E+01   -.9479E-01   -.1658E+00   -.1169E+00   -.1406E+00   -.1336E+00   -.1385E+00   -.1381E+00   -.1394E+00   -.1397E+00   -.1403E+00   -.1406E+00   -.1409E+00   -.1411E+00   -.1413E+00   -.1414E+00   -.1415E+00   -.1417E+00   -.1417E+00   -.1418E+00   -.1419E+00   -.1419E+00   -.1420E+00   -.1420E+00   -.1421E+00   -.1421E+00   -.1421E+00   -.1422E+00   -.1422E+00   -.1422E+00   -.1422E+00   -.1423E+00   -.1423E+00   -.1423E+00   -.1423E+00   -.1423E+00   -.1423E+00   -.1423E+00   -.1424E+00   -.1424E+00   -.1424E+00   -.1424E+00   -.1424E+00   -.1424E+00   -.1424E+00   -.1424E+00   -.1424E+00   -.1424E+00   -.1424E+00
0.8950E+03   0.2633E+02   -.2200E+01   -.2201E+01   -.2201E+01   -.2201E+01   -.2201E+01   -.2201E+01   -.2201E+01   -.2202E+01   -.2202E+01   -.2202E+01   -.2202E+01   -.2202E+01   -.2202E+01   -.2203E+01   -.2203E+01   -.2203E+01   -.2203E+01   -.2204E+01   -.2204E+01   -.2204E+01   -.2205E+01   -.2205E+01   -.2206E+01   -.2206E+01   -.2207E+01   -.2207E+01   -.2208E+01   -.2209E+01   -.2210E+01   -.2211E+01   -.2212E+01   -.2213E+01   -.2215E+01   -.2216E+01   -.2219E+01   -.2221E+01   -.2224E+01   -.2228E+01   -.2233E+01   -.2238E+01   -.2244E+01   -.2251E+01   -.2258E+01   -.2261E+01   -.2261E+01   -.2236E+01   -.2212E+01   -.2233E+01   -.2790E+01   -.9479E-01   -.1658E+00   -.1169E+00   -.1406E+00   -.1336E+00   -.1385E+00   -.1381E+00   -.1394E+00   -.1397E+00   -.1403E+00   -.1406E+00   -.1409E+00   -.1411E+00   -.1413E+00   -.1414E+00   -.1415E+00   -.1417E+00   -.1417E+00   -.1418E+00   -.1419E+00   -.1419E+00   -.1420E+00   -.1420E+00   -.1421E+00   -.1421E+00   -.1421E+00   -.1422E+00   -.1422E+00   -.1422E+00   -.1422E+00   -.1423E+00   -.1423E+00   -.1423E+00   -.1423E+00   -.1423E+00   -.1423E+00   -.1423E+00   -.1424E+00   -.1424E+00   -.1424E+00   -.1424E+00   -.1424E+00   -.1424E+00   -.1424E+00   -.1424E+00   -.1424E+00   -.1424E+00   -.1424E+00   -.1424E+00
0.8960E+03   0.2667E+02   -.2201E+01   -.2201E+01   -.2201E+01   -.2201E+01   -.2201E+01   -.2201E+01   -.2201E+01   -.2202E+01   -.2202E+01   -.2202E+01   -.2202E+01   -.2202E+01   -.2203E+01   -.2203E+01   -.2203E+01   -.2203E+01   -.2204E+01   -.2204E+01   -.2204E+01   -.2205E+01   -.2205E+01   -.2206E+01   -.2206E+01   -.2207E+01   -.2207E+01   -.2208E+01   -.2209E+01   -.2210E+01   -.2211E+01   -.2212E+01   -.2213E+01   -.2215E+01   -.2216E+01   -.2219E+01   -.2221E+01   -.2224E+01   -.2228E+01   -.2233E+01   -.2238E+01   -.2244E+01   -.2251E+01   -.2258E+01   -.2261E+01   -.2261E+01   -.2236E+01   -.2212E+01   -.2233E+01   -.2790E+01   -.9479E-01   -.1658E+00   -.1169E+00   -.1406E+00   -.1336E+00   -.1385E+00   -.1381E+00   -.1394E+00   -.1397E+00   -.1403E+00   -.1406E+00   -.1409E+00   -.1411E+00   -.1413E+00   -.1414E+00   -.1415E+00   -.1417E+00   -.1417E+00   -.1418E+00   -.1419E+00   -.1419E+00   -.1420E+00   -.1420E+00   -.1421E+00   -.1421E+00   -.1421E+00   -.1422E+00   -.1422E+00   -.1422E+00   -.1422E+00   -.1423E+00   -.1423E+00   -.1423E+00   -.1423E+00   -.1423E+00   -.1423E+00   -.1423E+00   -.1424E+00   -.1424E+00   -.1424E+00   -.1424E+00   -.1424E+00   -.1424E+00   -.1424E+00   -.1424E+00   -.1424E+00   -.1424E+00   -.1424E+00   -.1424E+00   -.1424E+00
0.8970E+03   0.2700E+02   -.2201E+01   -.2201E+01   -.2201E+01   -.2201E+01   -.2201E+01   -.2201E+01   -.2202E+01   -.2202E+01   -.2202E+01   -.2202E+01   -.2202E+01   -.2203E+01   -.2203E+01   -.2203E+01   -.2203E+01   -.2204E+01   -.2204E+01   -.2204E+01   -.2205E+01   -.2205E+01   -.2206E+01   -.2206E+01   -.2207E+01   -.2207E+01   -.2208E+01   -.2209E+01   -.2210E+01   -.2211E+01   -.2212E+01   -.2213E+01   -.2215E+01   -.2216E+01   -.2219E+01   -.2221E+01   -.2224E+01   -.2228E+01   -.2233E+01   -.2238E+01   -.2244E+01   -.2251E+01   -.2258E+01   -.2261E+01   -.2261E+01   -.2236E+01   -.2212E+01   -.2233E+01   -.2790E+01   -.9479E-01   -.1658E+00   -.1169E+00   -.1406E+00   -.1336E+00   -.1385E+00   -.1381E+00   -.1394E+00   -.1397E+00   -.1403E+00   -.1406E+00   -.1409E+00   -.1411E+00   -.1413E+00   -.1414E+00   -.1415E+00   -.1417E+00   -.1417E+00   -.1418E+00   -.1419E+00   -.1419E+00   -.1420E+00   -.1420E+00   -.1421E+00   -.1421E+00   -.1421E+00   -.1422E+00   -.1422E+00   -.1422E+00   -.1422E+00   -.1423E+00   -.1423E+00   -.1423E+00   -.1423E+00   -.1423E+00   -.1423E+00   -.1423E+00   -.1424E+00   -.1424E+00   -.1424E+00   -.1424E+00   -.1424E+00   -.1424E+00   -.1424E+00   -.1424E+00   -.1424E+00   -.1424E+00   -.1424E+00   -.1424E+00   -.1424E+00   -.1424E+00
0.8980E+03   0.2733E+02   -.2201E+01   -.2201E+01   -.2201E+01   -.2201E+01   -.2201E+01   -.2201E+01   -.2202E+01   -.2202E+01   -.2202E+01   -.2202E+01   -.2203E+01   -.2203E+01   -.2203E+01   -.2203E+01   -.2204E+01   -.2204E+01   -.2204E+01   -.2205E+01   -.2205E+01   -.2206E+01   -.2206E+01   -.2207E+01   -.2207E+01   -.2208E+01   -.2209E+01   -.2210E+01   -.2211E+01   -.2212E+01   -.2213E+01   -.2215E+01   -.2216E+01   -.2219E+01   -.2221E+01   -.2224E+01   -.2228E+01   -.2233E+01   -.2238E+01   -.2244E+01   -.2251E+01   -.2258E+01   -.2261E+01   -.2261E+01   -.2236E+01   -.2212E+01   -.2233E+01   -.2790E+01   -.9479E-01   -.1658E+00   -.1169E+00   -.1406E+00   -.1336E+00   -.1385E+00   -.1381E+00   -.1394E+00   -.1397E+00   -.1403E+00   -.1406E+00   -.1409E+00   -.1411E+00   -.1413E+00   -.1414E+00   -.1415E+00   -.1417E+00   -.1417E+00   -.1418E+00   -.1419E+00   -.1419E+00   -.1420E+00   -.1420E+00   -.1421E+00   -.1421E+00   -.1421E+00   -.1422E+00   -.1422E+00   -.1422E+00   -.1422E+00   -.1423E+00   -.1423E+00   -.1423E+00   -.1423E+00   -.1423E+00   -.1423E+00   -.1423E+00   -.1424E+00   -.1424E+00   -.1424E+00   -.1424E+00   -.1424E+00   -.1424E+00   -.1424E+00   -.1424E+00   -.1424E+00   -.1424E+00   -.1424E+00   -.1424E+00   -.1424E+00   -.1424E+00   -.1424E+00
0.8990E+03   0.2767E+02   -.2201E+01   -.2201E+01   -.2201E+01   -.2201E+01   -.2201E+01   -.2202E+01   -.2202E+01   -.2202E+01   -.2202E+01   -.2202E+01   -.2203E+01   -.2203E+01   -.2203E+01   -.2204E+01   -.2204E+01   -.2204E+01   -.2205E+01   -.2205E+01   -.2205E+01   -.2206E+01   -.2207E+01   -.2207E+01   -.2208E+01   -.2209E+01   -.2210E+01   -.2211E+01   -.2212E+01   -.2213E+01   -.2215E+01   -.2216E+01   -.2219E+01   -.2221E+01   -.2224E+01   -.2228E+01   -.2233E+01   -.2238E+01   -.2244E+01   -.2251E+01   -.2258E+01   -.2261E+01   -.2261E+01   -.2236E+01   -.2212E+01   -.2233E+01   -.2790E+01   -.9479E-01   -.1658E+00   -.1169E+00   -.1406E+00   -.1336E+00   -.1385E+00   -.1381E+00   -.1394E+00   -.1397E+00   -.1403E+00   -.1406E+00   -.1409E+00   -.1411E+00   -.1413E+00   -.1414E+00   -.1415E+00   -.1417E+00   -.1417E+00   -.1418E+00   -.1419E+00   -.1419E+00   -.1420E+00   -.1420E+00   -.1421E+00   -.1421E+00   -.1421E+00   -.1422E+00   -.1422E+00   -.1422E+00   -.1422E+00   -.1423E+00   -.1423E+00   -.1423E+00   -.1423E+00   -.1423E+00   -.1423E+00   -.1423E+00   -.1424E+00   -.1424E+00   -.1424E+00   -.1424E+00   -.1424E+00   -.1424E+00   -.1424E+00   -.1424E+00   -.1424E+00   -.1424E+00   -.1424E+00   -.1424E+00   -.1424E+00   -.1424E+00   -.1424E+00   -.1424E+00
0.9000E+03   0.2800E+02   -.2201E+01   -.2201E+01   -.2201E+01   -.2201E+01   -.2201E+01   -.2202E+01   -.2202E+01   -.2202E+01   -.2202E+01   -.2203E+01   -.2203E+01   -.2203E+01   -.2203E+01   -.2204E+01   -.2204E+01   -.2205E+01   -.2205E+01   -.2205E+01   -.2206E+01   -.2207E+01   -.2207E+01   -.2208E+01   -.2209E+01   -.2210E+01   -.2211E+01   -.2212E+01   -.2213E+01   -.2215E+01   -.2216E+01   -.2219E+01   -.2221E+01   -.2224E+01   -.2228E+01   -.2233E+01   -.2238E+01   -.2244E+01   -.2251E+01   -.2258E+01   -.2261E+01   -.2261E+01   -.2236E+01   -.2212E+01   -.2233E+01   -.2790E+01   -.9479E-01   -.1658E+00   -.1169E+00   -.1406E+00   -.1336E+00   -.1385E+00   -.1381E+00   -.1394E+00   -.1397E+00   -.1403E+00   -.1406E+00   -.1409E+00   -.1411E+00   -.1413E+00   -.1414E+00   -.1415E+00   -.1417E+00   -.1417E+00   -.1418E+00   -.1419E+00   -.1419E+00   -.1420E+00   -.1420E+00   -.1421E+00   -.1421E+00   -.1421E+00   -.1422E+00   -.1422E+00   -.1422E+00   -.1422E+00   -.1423E+00   -.1423E+00   -.1423E+00   -.1423E+00   -.1423E+00   -.1423E+00   -.1423E+00   -.1424E+00   -.1424E+00   -.1424E+00   -.1424E+00   -.1424E+00   -.1424E+00   -.1424E+00   -.1424E+00   -.1424E+00   -.1424E+00   -.1424E+00   -.1424E+00   -.1424E+00   -.1424E+00   -.1424E+00   -.1424E+00   -.1425E+00
0.9010E+03   0.2833E+02   -.2201E+01   -.2201E+01   -.2201E+01   -.2201E+01   -.2202E+01   -.2202E+01   -.2202E+01   -.2202E+01   -.2203E+01   -.2203E+01   -.2203E+01   -.2203E+01   -.2204E+01   -.2204E+01   -.2205E+01   -.2205E+01   -.2205E+01   -.2206E+01   -.2206E+01   -.2207E+01   -.2208E+01   -.2209E+01   -.2209E+01   -.2210E+01   -.2212E+01   -.2213E+01   -.2215E+01   -.2216E+01   -.2219E+01   -.2221E+01   -.2224E+01   -.2228E+01   -.2233E+01   -.2238E+01   -.2244E+01   -.2251E+01   -.2258E+01   -.2261E+01   -.2261E+01   -.2236E+01   -.2212E+01   -.2233E+01   -.2790E+01   -.9479E-01   -.1658E+00   -.1169E+00   -.1406E+00   -.1336E+00   -.1385E+00   -.1381E+00   -.1394E+00   -.1397E+00   -.1403E+00   -.1406E+00   -.1409E+00   -.1411E+00   -.1413E+00   -.1414E+00   -.1415E+00   -.1417E+00   -.1417E+00   -.1418E+00   -.1419E+00   -.1419E+00   -.1420E+00   -.1420E+00   -.1421E+00   -.1421E+00   -.1421E+00   -.1422E+00   -.1422E+00   -.1422E+00   -.1422E+00   -.1423E+00   -.1423E+00   -.1423E+00   -.1423E+00   -.1423E+00   -.1423E+00   -.1423E+00   -.1424E+00   -.1424E+00   -.1424E+00   -.1424E+00   -.1424E+00   -.1424E+00   -.1424E+00   -.1424E+00   -.1424E+00   -.1424E+00   -.1424E+00   -.1424E+00   -.1424E+00   -.1424E+00   -.1424E+00   -.1424E+00   -.1425E+00   -.1425E+00
0.9020E+03   0.2867E+02   -.2201E+01   -.2201E+01   -.2201E+01   -.2201E+01   -.2202E+01   -.2202E+01   -.2202E+01   -.2202E+01   -.2203E+01   -.2203E+01   -.2203E+01   -.2204E+01   -.2204E+01   -.2204E+01   -.2205E+01   -.2205E+01   -.2206E+01   -.2206E+01   -.2207E+01   -.2208E+01   -.2209E+01   -.2209E+01   -.2210E+01   -.2212E+01   -.2213E+01   -.2215E+01   -.2216E+01   -.2219E+01   -.2221E+01   -.2224E+01   -.2228E+01   -.2232E+01   -.2238E+01   -.2244E+01   -.2251E+01   -.2258E+01   -.2261E+01   -.2261E+01   -.2236E+01   -.2212E+01   -.2233E+01   -.2790E+01   -.9479E-01   -.1658E+00   -.1169E+00   -.1406E+00   -.1336E+00   -.1385E+00   -.1381E+00   -.1394E+00   -.1397E+00   -.1403E+00   -.1406E+00   -.1409E+00   -.1411E+00   -.1413E+00   -.1414E+00   -.1415E+00   -.1417E+00   -.1417E+00   -.1418E+00   -.1419E+00   -.1419E+00   -.1420E+00   -.1420E+00   -.1421E+00   -.1421E+00   -.1421E+00   -.1422E+00   -.1422E+00   -.1422E+00   -.1422E+00   -.1423E+00   -.1423E+00   -.1423E+00   -.1423E+00   -.1423E+00   -.1423E+00   -.1423E+00   -.1424E+00   -.1424E+00   -.1424E+00   -.1424E+00   -.1424E+00   -.1424E+00   -.1424E+00   -.1424E+00   -.1424E+00   -.1424E+00   -.1424E+00   -.1424E+00   -.1424E+00   -.1424E+00   -.1424E+00   -.1425E+00   -.1425E+00   -.1425E+00   -.1425E+00
0.9030E+03   0.2900E+02   -.2201E+01   -.2201E+01   -.2201E+01   -.2202E+01   -.2202E+01   -.2202E+01   -.2202E+01   -.2203E+01   -.2203E+01   -.2203E+01   -.2204E+01   -.2204E+01   -.2204E+01   -.2205E+01   -.2205E+01   -.2206E+01   -.2206E+01   -.2207E+01   -.2208E+01   -.2209E+01   -.2209E+01   -.2210E+01   -.2212E+01   -.2213E+01   -.2215E+01   -.2216E+01   -.2219E+01   -.2221E+01   -.2224E+01   -.2228E+01   -.2232E+01   -.2238E+01   -.2244E+01   -.2251E+01   -.2258E+01   -.2261E+01   -.2261E+01   -.2236E+01   -.2212E+01   -.2233E+01   -.2790E+01   -.9479E-01   -.1658E+00   -.1169E+00   -.1406E+00   -.1336E+00   -.1385E+00   -.1381E+00   -.1394E+00   -.1397E+00   -.1403E+00   -.1406E+00   -.1409E+00   -.1411E+00   -.1413E+00   -.1414E+00   -.1415E+00   -.1417E+00   -.1417E+00   -.1418E+00   -.1419E+00   -.1419E+00   -.1420E+00   -.1420E+00   -.1421E+00   -.1421E+00   -.1421E+00   -.1422E+00   -.1422E+00   -.1422E+00   -.1422E+00   -.1423E+00   -.1423E+00   -.1423E+00   -.1423E+00   -.1423E+00   -.1423E+00   -.1423E+00   -.1424E+00   -.1424E+00   -.1424E+00   -.1424E+00   -.1424E+00   -.1424E+00   -.1424E+00   -.1424E+00   -.1424E+00   -.1424E+00   -.1424E+00   -.1424E+00   -.1424E+00   -.1424E+00   -.1424E+00   -.1425E+00   -.1425E+00   -.1425E+00   -.1425E+00   -.1425E+00
0.9040E+03   0.2933E+02   -.2201E+01   -.2201E+01   -.2201E+01   -.2202E+01   -.2202E+01   -.2202E+01   -.2202E+01   -.2203E+01   -.2203E+01   -.2203E+01   -.2204E+01   -.2204E+01   -.2205E+01   -.2205E+01   -.2206E+01   -.2206E+01   -.2207E+01   -.2208E+01   -.2208E+01   -.2209E+01   -.2210E+01   -.2212E+01   -.2213E+01   -.2214E+01   -.2216E+01   -.2219E+01   -.2221E+01   -.2224E+01   -.2228E+01   -.2232E+01   -.2238E+01   -.2244E+01   -.2251E+01   -.2258E+01   -.2261E+01   -.2261E+01   -.2236E+01   -.2212E+01   -.2233E+01   -.2790E+01   -.9479E-01   -.1658E+00   -.1169E+00   -.1406E+00   -.1336E+00   -.1385E+00   -.1381E+00   -.1394E+00   -.1397E+00   -.1403E+00   -.1406E+00   -.1409E+00   -.1411E+00   -.1413E+00   -.1414E+00   -.1415E+00   -.1417E+00   -.1417E+00   -.1418E+00   -.1419E+00   -.1419E+00   -.1420E+00   -.1420E+00   -.1421E+00   -.1421E+00   -.1421E+00   -.1422E+00   -.1422E+00   -.1422E+00   -.1422E+00   -.1423E+00   -.1423E+00   -.1423E+00   -.1423E+00   -.1423E+00   -.1423E+00   -.1423E+00   -.1424E+00   -.1424E+00   -.1424E+00   -.1424E+00   -.1424E+00   -.1424E+00   -.1424E+00   -.1424E+00   -.1424E+00   -.1424E+00   -.1424E+00   -.1424E+00   -.1424E+00   -.1424E+00   -.1424E+00   -.1425E+00   -.1425E+00   -.1425E+00   -.1425E+00   -.1425E+00   -.1425E+00
0.9050E+03   0.2967E+02   -.2201E+01   -.2201E+01   -.2201E+01   -.2202E+01   -.2202E+01   -.2202E+01   -.2203E+01   -.2203E+01   -.2203E+01   -.2204E+01   -.2204E+01   -.2205E+01   -.2205E+01   -.2206E+01   -.2206E+01   -.2207E+01   -.2208E+01   -.2208E+01   -.2209E+01   -.2210E+01   -.2212E+01   -.2213E+01   -.2214E+01   -.2216E+01   -.2218E+01   -.2221E+01   -.2224E+01   -.2228E+01   -.2232E+01   -.2238E+01   -.2244E+01   -.2251E+01   -.2258E+01   -.2261E+01   -.2261E+01   -.2236E+01   -.2212E+01   -.2233E+01   -.2790E+01   -.9479E-01   -.1658E+00   -.1169E+00   -.1406E+00   -.1336E+00   -.1385E+00   -.1381E+00   -.1394E+00   -.1397E+00   -.1403E+00   -.1406E+00   -.1409E+00   -.1411E+00   -.1413E+00   -.1414E+00   -.1415E+00   -.1417E+00   -.1417E+00   -.1418E+00   -.1419E+00   -.1419E+00   -.1420E+00   -.1420E+00   -.1421E+00   -.1421E+00   -.1421E+00   -.1422E+00   -.1422E+00   -.1422E+00   -.1422E+00   -.1423E+00   -.1423E+00   -.1423E+00   -.1423E+00   -.1423E+00   -.1423E+00   -.1423E+00   -.1424E+00   -.1424E+00   -.1424E+00   -.1424E+00   -.1424E+00   -.1424E+00   -.1424E+00   -.1424E+00   -.1424E+00   -.1424E+00   -.1424E+00   -.1424E+00   -.1424E+00   -.1424E+00   -.1424E+00   -.1425E+00   -.1425E+00   -.1425E+00   -.1425E+00   -.1425E+00   -.1425E+00   -.1425E+00
0.9060E+03   0.3000E+02   -.2201E+01   -.2201E+01   -.2202E+01   -.2202E+01   -.2202E+01   -.2203E+01   -.2203E+01   -.2203E+01   -.2204E+01   -.2204E+01   -.2205E+01   -.2205E+01   -.2206E+01   -.2206E+01   -.2207E+01   -.2208E+01   -.2208E+01   -.2209E+01   -.2210E+01   -.2211E+01   -.2213E+01   -.2214E+01   -.2216E+01   -.2218E+01   -.2221E+01   -.2224E+01   -.2228E+01   -.2232E+01   -.2238E+01   -.2244E+01   -.2251E+01   -.2258E+01   -.2261E+01   -.2261E+01   -.2236E+01   -.2212E+01   -.2233E+01   -.2790E+01   -.9479E-01   -.1658E+00   -.1169E+00   -.1406E+00   -.1336E+00   -.1385E+00   -.1381E+00   -.1394E+00   -.1397E+00   -.1403E+00   -.1406E+00   -.1409E+00   -.1411E+00   -.1413E+00   -.1414E+00   -.1415E+00   -.1417E+00   -.1417E+00   -.1418E+00   -.1419E+00   -.1419E+00   -.1420E+00   -.1420E+00   -.1421E+00   -.1421E+00   -.1421E+00   -.1422E+00   -.1422E+00   -.1422E+00   -.1422E+00   -.1423E+00   -.1423E+00   -.1423E+00   -.1423E+00   -.1423E+00   -.1423E+00   -.1423E+00   -.1424E+00   -.1424E+00   -.1424E+00   -.1424E+00   -.1424E+00   -.1424E+00   -.1424E+00   -.1424E+00   -.1424E+00   -.1424E+00   -.1424E+00   -.1424E+00   -.1424E+00   -.1424E+00   -.1424E+00   -.1425E+00   -.1425E+00   -.1425E+00   -.1425E+00   -.1425E+00   -.1425E+00   -.1425E+00   -.1425E+00
0.9070E+03   0.3033E+02   -.2201E+01   -.2201E+01   -.2202E+01   -.2202E+01   -.2202E+01   -.2203E+01   -.2203E+01   -.2203E+01   -.2204E+01   -.2204E+01   -.2205E+01   -.2205E+01   -.2206E+01   -.2207E+01   -.2207E+01   -.2208E+01   -.2209E+01   -.2210E+01   -.2211E+01   -.2213E+01   -.2214E+01   -.2216E+01   -.2218E+01   -.2221E+01   -.2224E+01   -.2228E+01   -.2232E+01   -.2238E+01   -.2244E+01   -.2251E+01   -.2258E+01   -.2261E+01   -.2261E+01   -.2236E+01   -.2212E+01   -.2233E+01   -.2790E+01   -.9479E-01   -.1658E+00   -.1169E+00   -.1406E+00   -.1336E+00   -.1385E+00   -.1381E+00   -.1394E+00   -.1397E+00   -.1403E+00   -.1406E+00   -.1409E+00   -.1411E+00   -.1413E+00   -.1414E+00   -.1415E+00   -.1417E+00   -.1417E+00   -.1418E+00   -.1419E+00   -.1419E+00   -.1420E+00   -.1420E+00   -.1421E+00   -.1421E+00   -.1421E+00   -.1422E+00   -.1422E+00   -.1422E+00   -.1422E+00   -.1423E+00   -.1423E+00   -.1423E+00   -.1423E+00   -.1423E+00   -.1423E+00   -.1423E+00   -.1424E+00   -.1424E+00   -.1424E+00   -.1424E+00   -.1424E+00   -.1424E+00   -.1424E+00   -.1424E+00   -.1424E+00   -.1424E+00   -.1424E+00   -.1424E+00   -.1424E+00   -.1424E+00   -.1424E+00   -.1425E+00   -.1425E+00   -.1425E+00   -.1425E+00   -.1425E+00   -.1425E+00   -.1425E+00   -.1425E+00   -.1425E+00
0.9080E+03   0.3067E+02   -.2201E+01   -.2201E+01   -.2202E+01   -.2202E+01   -.2203E+01   -.2203E+01   -.2203E+01   -.2204E+01   -.2204E+01   -.2205E+01   -.2205E+01   -.2206E+01   -.2207E+01   -.2207E+01   -.2208E+01   -.2209E+01   -.2210E+01   -.2211E+01   -.2213E+01   -.2214E+01   -.2216E+01   -.2218E+01   -.2221E+01   -.2224E+01   -.2228E+01   -.2232E+01   -.2238E+01   -.2244E+01   -.2251E+01   -.2258E+01   -.2261E+01   -.2261E+01   -.2236E+01   -.2212E+01   -.2233E+01   -.2790E+01   -.9479E-01   -.1658E+00   -.1169E+00   -.1406E+00   -.1336E+00   -.1385E+00   -.1381E+00   -.1394E+00   -.1397E+00   -.1403E+00   -.1406E+00   -.1409E+00   -.1411E+00   -.1413E+00   -.1414E+00   -.1415E+00   -.1417E+00   -.1417E+00   -.1418E+00   -.1419E+00   -.1419E+00   -.1420E+00   -.1420E+00   -.1421E+00   -.1421E+00   -.1421E+00   -.1422E+00   -.1422E+00   -.1422E+00   -.1422E+00   -.1423E+00   -.1423E+00   -.1423E+00   -.1423E+00   -.1423E+00   -.1423E+00   -.1423E+00   -.1424E+00   -.1424E+00   -.1424E+00   -.1424E+00   -.1424E+00   -.1424E+00   -.1424E+00   -.1424E+00   -.1424E+00   -.1424E+00   -.1424E+00   -.1424E+00   -.1424E+00   -.1424E+00   -.1424E+00   -.1425E+00   -.1425E+00   -.1425E+00   -.1425E+00   -.1425E+00   -.1425E+00   -.1425E+00   -.1425E+00   -.1425E+00   -.1425E+00
0.9090E+03   0.3100E+02   -.2201E+01   -.2202E+01   -.2202E+01   -.2202E+01   -.2203E+01   -.2203E+01   -.2204E+01   -.2204E+01   -.2205E+01   -.2205E+01   -.2206E+01   -.2206E+01   -.2207E+01   -.2208E+01   -.2209E+01   -.2210E+01   -.2211E+01   -.2213E+01   -.2214E+01   -.2216E+01   -.2218E+01   -.2221E+01   -.2224E+01   -.2228E+01   -.2232E+01   -.2238E+01   -.2244E+01   -.2251E+01   -.2258E+01   -.2261E+01   -.2261E+01   -.2236E+01   -.2212E+01   -.2233E+01   -.2790E+01   -.9479E-01   -.1658E+00   -.1169E+00   -.1406E+00   -.1336E+00   -.1385E+00   -.1381E+00   -.1394E+00   -.1397E+00   -.1403E+00   -.1406E+00   -.1409E+00   -.1411E+00   -.1413E+00   -.1414E+00   -.1415E+00   -.1417E+00   -.1417E+00   -.1418E+00   -.1419E+00   -.1419E+00   -.1420E+00   -.1420E+00   -.1421E+00   -.1421E+00   -.1421E+00   -.1422E+00   -.1422E+00   -.1422E+00   -.1422E+00   -.1423E+00   -.1423E+00   -.1423E+00   -.1423E+00   -.1423E+00   -.1423E+00   -.1423E+00   -.1424E+00   -.1424E+00   -.1424E+00   -.1424E+00   -.1424E+00   -.1424E+00   -.1424E+00   -.1424E+00   -.1424E+00   -.1424E+00   -.1424E+00   -.1424E+00   -.1424E+00   -.1424E+00   -.1424E+00   -.1425E+00   -.1425E+00   -.1425E+00   -.1425E+00   -.1425E+00   -.1425E+00   -.1425E+00   -.1425E+00   -.1425E+00   -.1425E+00   -.1425E+00
0.9100E+03   0.3133E+02   -.2201E+01   -.2202E+01   -.2202E+01   -.2202E+01   -.2203E+01   -.2203E+01   -.2204E+01   -.2204E+01   -.2205E+01   -.2206E+01   -.2206E+01   -.2207E+01   -.2208E+01   -.2209E+01   -.2210E+01   -.2211E+01   -.2212E+01   -.2214E+01   -.2216E+01   -.2218E+01   -.2221E+01   -.2224E+01   -.2228E+01   -.2232E+01   -.2238E+01   -.2244E+01   -.2251E+01   -.2258E+01   -.2261E+01   -.2261E+01   -.2236E+01   -.2212E+01   -.2233E+01   -.2790E+01   -.9479E-01   -.1658E+00   -.1169E+00   -.1406E+00   -.1336E+00   -.1385E+00   -.1381E+00   -.1394E+00   -.1397E+00   -.1403E+00   -.1406E+00   -.1409E+00   -.1411E+00   -.1413E+00   -.1414E+00   -.1415E+00   -.1417E+00   -.1417E+00   -.1418E+00   -.1419E+00   -.1419E+00   -.1420E+00   -.1420E+00   -.1421E+00   -.1421E+00   -.1421E+00   -.1422E+00   -.1422E+00   -.1422E+00   -.1422E+00   -.1423E+00   -.1423E+00   -.1423E+00   -.1423E+00   -.1423E+00   -.1423E+00   -.1423E+00   -.1424E+00   -.1424E+00   -.1424E+00   -.1424E+00   -.1424E+00   -.1424E+00   -.1424E+00   -.1424E+00   -.1424E+00   -.1424E+00   -.1424E+00   -.1424E+00   -.1424E+00   -.1424E+00   -.1425E+00   -.1425E+00   -.1425E+00   -.1425E+00   -.1425E+00   -.1425E+00   -.1425E+00   -.1425E+00   -.1425E+00   -.1425E+00   -.1425E+00   -.1425E+00   -.1425E+00
0.9110E+03   0.3167E+02   -.2201E+01   -.2202E+01   -.2202E+01   -.2203E+01   -.2203E+01   -.2204E+01   -.2204E+01   -.2205E+01   -.2205E+01   -.2206E+01   -.2207E+01   -.2208E+01   -.2209E+01   -.2210E+01   -.2211E+01   -.2212E+01   -.2214E+01   -.2216E+01   -.2218E+01   -.2221E+01   -.2224E+01   -.2228E+01   -.2232E+01   -.2238E+01   -.2244E+01   -.2251E+01   -.2258E+01   -.2261E+01   -.2261E+01   -.2236E+01   -.2212E+01   -.2233E+01   -.2790E+01   -.9479E-01   -.1658E+00   -.1169E+00   -.1406E+00   -.1336E+00   -.1385E+00   -.1381E+00   -.1394E+00   -.1397E+00   -.1403E+00   -.1406E+00   -.1409E+00   -.1411E+00   -.1413E+00   -.1414E+00   -.1415E+00   -.1417E+00   -.1417E+00   -.1418E+00   -.1419E+00   -.1419E+00   -.1420E+00   -.1420E+00   -.1421E+00   -.1421E+00   -.1421E+00   -.1422E+00   -.1422E+00   -.1422E+00   -.1422E+00   -.1423E+00   -.1423E+00   -.1423E+00   -.1423E+00   -.1423E+00   -.1423E+00   -.1423E+00   -.1424E+00   -.1424E+00   -.1424E+00   -.1424E+00   -.1424E+00   -.1424E+00   -.1424E+00   -.1424E+00   -.1424E+00   -.1424E+00   -.1424E+00   -.1424E+00   -.1424E+00   -.1424E+00   -.1425E+00   -.1425E+00   -.1425E+00   -.1425E+00   -.1425E+00   -.1425E+00   -.1425E+00   -.1425E+00   -.1425E+00   -.1425E+00   -.1425E+00   -.1425E+00   -.1425E+00   -.1425E+00
0.9120E+03   0.3200E+02   -.2201E+01   -.2202E+01   -.2202E+01   -.2203E+01   -.2203E+01   -.2204E+01   -.2205E+01   -.2205E+01   -.2206E+01   -.2207E+01   -.2208E+01   -.2209E+01   -.2210E+01   -.2211E+01   -.2212E+01   -.2214E+01   -.2216E+01   -.2218E+01   -.2221E+01   -.2224E+01   -.2228E+01   -.2232E+01   -.2237E+01   -.2244E+01   -.2251E+01   -.2258E+01   -.2261E+01   -.2260E+01   -.2236E+01   -.2212E+01   -.2233E+01   -.2790E+01   -.9479E-01   -.1658E+00   -.1169E+00   -.1406E+00   -.1336E+00   -.1385E+00   -.1381E+00   -.1394E+00   -.1397E+00   -.1403E+00   -.1406E+00   -.1409E+00   -.1411E+00   -.1413E+00   -.1414E+00   -.1415E+00   -.1417E+00   -.1417E+00   -.1418E+00   -.1419E+00   -.1419E+00   -.1420E+00   -.1420E+00   -.1421E+00   -.1421E+00   -.1421E+00   -.1422E+00   -.1422E+00   -.1422E+00   -.1422E+00   -.1423E+00   -.1423E+00   -.1423E+00   -.1423E+00   -.1423E+00   -.1423E+00   -.1423E+00   -.1424E+00   -.1424E+00   -.1424E+00   -.1424E+00   -.1424E+00   -.1424E+00   -.1424E+00   -.1424E+00   -.1424E+00   -.1424E+00   -.1424E+00   -.1424E+00   -.1424E+00   -.1424E+00   -.1425E+00   -.1425E+00   -.1425E+00   -.1425E+00   -.1425E+00   -.1425E+00   -.1425E+00   -.1425E+00   -.1425E+00   -.1425E+00   -.1425E+00   -.1425E+00   -.1425E+00   -.1425E+00   -.1425E+00
0.9130E+03   0.3233E+02   -.2202E+01   -.2202E+01   -.2203E+01   -.2203E+01   -.2204E+01   -.2204E+01   -.2205E+01   -.2206E+01   -.2207E+01   -.2207E+01   -.2208E+01   -.2209E+01   -.2211E+01   -.2212E+01   -.2214E+01   -.2216E+01   -.2218E+01   -.2221E+01   -.2224E+01   -.2227E+01   -.2232E+01   -.2237E+01   -.2244E+01   -.2251E+01   -.2258E+01   -.2261E+01   -.2260E+01   -.2236E+01   -.2212E+01   -.2233E+01   -.2790E+01   -.9479E-01   -.1658E+00   -.1169E+00   -.1406E+00   -.1336E+00   -.1385E+00   -.1381E+00   -.1394E+00   -.1397E+00   -.1403E+00   -.1406E+00   -.1409E+00   -.1411E+00   -.1413E+00   -.1414E+00   -.1415E+00   -.1417E+00   -.1417E+00   -.1418E+00   -.1419E+00   -.1419E+00   -.1420E+00   -.1420E+00   -.1421E+00   -.1421E+00   -.1421E+00   -.1422E+00   -.1422E+00   -.1422E+00   -.1422E+00   -.1423E+00   -.1423E+00   -.1423E+00   -.1423E+00   -.1423E+00   -.1423E+00   -.1423E+00   -.1424E+00   -.1424E+00   -.1424E+00   -.1424E+00   -.1424E+00   -.1424E+00   -.1424E+00   -.1424E+00   -.1424E+00   -.1424E+00   -.1424E+00   -.1424E+00   -.1424E+00   -.1424E+00   -.1425E+00   -.1425E+00   -.1425E+00   -.1425E+00   -.1425E+00   -.1425E+00   -.1425E+00   -.1425E+00   -.1425E+00   -.1425E+00   -.1425E+00   -.1425E+00   -.1425E+00   -.1425E+00   -.1425E+00   -.1425E+00
0.9140E+03   0.3267E+02   -.2202E+01   -.2202E+01   -.2203E+01   -.2203E+01   -.2204E+01   -.2205E+01   -.2205E+01   -.2206E+01   -.2207E+01   -.2208E+01   -.2209E+01   -.2211E+01   -.2212E+01   -.2214E+01   -.2215E+01   -.2218E+01   -.2220E+01   -.2224E+01   -.2227E+01   -.2232E+01   -.2237E+01   -.2244E+01   -.2250E+01   -.2258E+01   -.2261E+01   -.2260E+01   -.2236E+01   -.2212E+01   -.2233E+01   -.2789E+01   -.9478E-01   -.1658E+00   -.1169E+00   -.1406E+00   -.1336E+00   -.1385E+00   -.1381E+00   -.1394E+00   -.1397E+00   -.1403E+00   -.1406E+00   -.1409E+00   -.1411E+00   -.1413E+00   -.1414E+00   -.1415E+00   -.1417E+00   -.1417E+00   -.1418E+00   -.1419E+00   -.1419E+00   -.1420E+00   -.1420E+00   -.1421E+00   -.1421E+00   -.1421E+00   -.1422E+00   -.1422E+00   -.1422E+00   -.1422E+00   -.1423E+00   -.1423E+00   -.1423E+00   -.1423E+00   -.1423E+00   -.1423E+00   -.1423E+00   -.1424E+00   -.1424E+00   -.1424E+00   -.1424E+00   -.1424E+00   -.1424E+00   -.1424E+00   -.1424E+00   -.1424E+00   -.1424E+00   -.1424E+00   -.1424E+00   -.1424E+00   -.1424E+00   -.1425E+00   -.1425E+00   -.1425E+00   -.1425E+00   -.1425E+00   -.1425E+00   -.1425E+00   -.1425E+00   -.1425E+00   -.1425E+00   -.1425E+00   -.1425E+00   -.1425E+00   -.1425E+00   -.1425E+00   -.1425E+00   -.1425E+00
0.9150E+03   0.3300E+02   -.2202E+01   -.2202E+01   -.2203E+01   -.2204E+01   -.2204E+01   -.2205E+01   -.2206E+01   -.2207E+01   -.2208E+01   -.2209E+01   -.2210E+01   -.2212E+01   -.2213E+01   -.2215E+01   -.2218E+01   -.2220E+01   -.2223E+01   -.2227E+01   -.2232E+01   -.2237E+01   -.2244E+01   -.2250E+01   -.2258E+01   -.2261E+01   -.2260E+01   -.2236E+01   -.2212E+01   -.2233E+01   -.2789E+01   -.9478E-01   -.1658E+00   -.1169E+00   -.1406E+00   -.1336E+00   -.1385E+00   -.1381E+00   -.1394E+00   -.1397E+00   -.1403E+00   -.1406E+00   -.1409E+00   -.1411E+00   -.1413E+00   -.1414E+00   -.1415E+00   -.1417E+00   -.1417E+00   -.1418E+00   -.1419E+00   -.1419E+00   -.1420E+00   -.1420E+00   -.1421E+00   -.1421E+00   -.1421E+00   -.1422E+00   -.1422E+00   -.1422E+00   -.1422E+00   -.1423E+00   -.1423E+00   -.1423E+00   -.1423E+00   -.1423E+00   -.1423E+00   -.1423E+00   -.1424E+00   -.1424E+00   -.1424E+00   -.1424E+00   -.1424E+00   -.1424E+00   -.1424E+00   -.1424E+00   -.1424E+00   -.1424E+00   -.1424E+00   -.1424E+00   -.1424E+00   -.1424E+00   -.1425E+00   -.1425E+00   -.1425E+00   -.1425E+00   -.1425E+00   -.1425E+00   -.1425E+00   -.1425E+00   -.1425E+00   -.1425E+00   -.1425E+00   -.1425E+00   -.1425E+00   -.1425E+00   -.1425E+00   -.1425E+00   -.1425E+00   -.1425E+00
0.9160E+03   0.3333E+02   -.2202E+01   -.2203E+01   -.2203E+01   -.2204E+01   -.2205E+01   -.2206E+01   -.2207E+01   -.2208E+01   -.2209E+01   -.2210E+01   -.2212E+01   -.2213E+01   -.2215E+01   -.2217E+01   -.2220E+01   -.2223E+01   -.2227E+01   -.2232E+01   -.2237E+01   -.2243E+01   -.2250E+01   -.2257E+01   -.2261E+01   -.2260E+01   -.2236E+01   -.2212E+01   -.2233E+01   -.2789E+01   -.9478E-01   -.1658E+00   -.1169E+00   -.1406E+00   -.1336E+00   -.1385E+00   -.1381E+00   -.1394E+00   -.1397E+00   -.1403E+00   -.1406E+00   -.1409E+00   -.1411E+00   -.1413E+00   -.1414E+00   -.1415E+00   -.1417E+00   -.1417E+00   -.1418E+00   -.1419E+00   -.1419E+00   -.1420E+00   -.1420E+00   -.1421E+00   -.1421E+00   -.1421E+00   -.1422E+00   -.1422E+00   -.1422E+00   -.1422E+00   -.1423E+00   -.1423E+00   -.1423E+00   -.1423E+00   -.1423E+00   -.1423E+00   -.1423E+00   -.1424E+00   -.1424E+00   -.1424E+00   -.1424E+00   -.1424E+00   -.1424E+00   -.1424E+00   -.1424E+00   -.1424E+00   -.1424E+00   -.1424E+00   -.1424E+00   -.1424E+00   -.1424E+00   -.1425E+00   -.1425E+00   -.1425E+00   -.1425E+00   -.1425E+00   -.1425E+00   -.1425E+00   -.1425E+00   -.1425E+00   -.1425E+00   -.1425E+00   -.1425E+00   -.1425E+00   -.1425E+00   -.1425E+00   -.1425E+00   -.1425E+00   -.1425E+00   -.1425E+00
0.9170E+03   0.3367E+02   -.2202E+01   -.2203E+01   -.2204E+01   -.2205E+01   -.2205E+01   -.2206E+01   -.2207E+01   -.2209E+01   -.2210E+01   -.2211E+01   -.2213E+01   -.2215E+01   -.2217E+01   -.2220E+01   -.2223E+01   -.2227E+01   -.2231E+01   -.2237E+01   -.2243E+01   -.2250E+01   -.2257E+01   -.2261E+01   -.2260E+01   -.2235E+01   -.2212E+01   -.2232E+01   -.2789E+01   -.9477E-01   -.1658E+00   -.1169E+00   -.1406E+00   -.1336E+00   -.1385E+00   -.1381E+00   -.1394E+00   -.1397E+00   -.1403E+00   -.1406E+00   -.1409E+00   -.1411E+00   -.1413E+00   -.1414E+00   -.1415E+00   -.1417E+00   -.1417E+00   -.1418E+00   -.1419E+00   -.1419E+00   -.1420E+00   -.1420E+00   -.1421E+00   -.1421E+00   -.1421E+00   -.1422E+00   -.1422E+00   -.1422E+00   -.1422E+00   -.1423E+00   -.1423E+00   -.1423E+00   -.1423E+00   -.1423E+00   -.1423E+00   -.1423E+00   -.1424E+00   -.1424E+00   -.1424E+00   -.1424E+00   -.1424E+00   -.1424E+00   -.1424E+00   -.1424E+00   -.1424E+00   -.1424E+00   -.1424E+00   -.1424E+00   -.1424E+00   -.1424E+00   -.1425E+00   -.1425E+00   -.1425E+00   -.1425E+00   -.1425E+00   -.1425E+00   -.1425E+00   -.1425E+00   -.1425E+00   -.1425E+00   -.1425E+00   -.1425E+00   -.1425E+00   -.1425E+00   -.1425E+00   -.1425E+00   -.1425E+00   -.1425E+00   -.1425E+00   -.1425E+00
0.9180E+03   0.3400E+02   -.2203E+01   -.2203E+01   -.2204E+01   -.2205E+01   -.2206E+01   -.2207E+01   -.2208E+01   -.2209E+01   -.2211E+01   -.2213E+01   -.2215E+01   -.2217E+01   -.2220E+01   -.2223E+01   -.2227E+01   -.2231E+01   -.2237E+01   -.2243E+01   -.2250E+01   -.2257E+01   -.2261E+01   -.2260E+01   -.2235E+01   -.2212E+01   -.2232E+01   -.2789E+01   -.9477E-01   -.1658E+00   -.1169E+00   -.1406E+00   -.1336E+00   -.1385E+00   -.1381E+00   -.1394E+00   -.1397E+00   -.1403E+00   -.1406E+00   -.1409E+00   -.1411E+00   -.1413E+00   -.1414E+00   -.1415E+00   -.1416E+00   -.1417E+00   -.1418E+00   -.1419E+00   -.1419E+00   -.1420E+00   -.1420E+00   -.1421E+00   -.1421E+00   -.1421E+00   -.1422E+00   -.1422E+00   -.1422E+00   -.1422E+00   -.1423E+00   -.1423E+00   -.1423E+00   -.1423E+00   -.1423E+00   -.1423E+00   -.1423E+00   -.1424E+00   -.1424E+00   -.1424E+00   -.1424E+00   -.1424E+00   -.1424E+00   -.1424E+00   -.1424E+00   -.1424E+00   -.1424E+00   -.1424E+00   -.1424E+00   -.1424E+00   -.1424E+00   -.1425E+00   -.1425E+00   -.1425E+00   -.1425E+00   -.1425E+00   -.1425E+00   -.1425E+00   -.1425E+00   -.1425E+00   -.1425E+00   -.1425E+00   -.1425E+00   -.1425E+00   -.1425E+00   -.1425E+00   -.1425E+00   -.1425E+00   -.1425E+00   -.1425E+00   -.1425E+00   -.1425E+00
0.9190E+03   0.3433E+02   -.2203E+01   -.2204E+01   -.2205E+01   -.2206E+01   -.2207E+01   -.2208E+01   -.2209E+01   -.2211E+01   -.2212E+01   -.2214E+01   -.2217E+01   -.2219E+01   -.2223E+01   -.2226E+01   -.2231E+01   -.2236E+01   -.2243E+01   -.2250E+01   -.2257E+01   -.2260E+01   -.2260E+01   -.2235E+01   -.2212E+01   -.2232E+01   -.2789E+01   -.9477E-01   -.1658E+00   -.1169E+00   -.1406E+00   -.1336E+00   -.1384E+00   -.1381E+00   -.1394E+00   -.1397E+00   -.1403E+00   -.1406E+00   -.1409E+00   -.1411E+00   -.1413E+00   -.1414E+00   -.1415E+00   -.1416E+00   -.1417E+00   -.1418E+00   -.1419E+00   -.1419E+00   -.1420E+00   -.1420E+00   -.1421E+00   -.1421E+00   -.1421E+00   -.1422E+00   -.1422E+00   -.1422E+00   -.1422E+00   -.1423E+00   -.1423E+00   -.1423E+00   -.1423E+00   -.1423E+00   -.1423E+00   -.1423E+00   -.1424E+00   -.1424E+00   -.1424E+00   -.1424E+00   -.1424E+00   -.1424E+00   -.1424E+00   -.1424E+00   -.1424E+00   -.1424E+00   -.1424E+00   -.1424E+00   -.1424E+00   -.1424E+00   -.1425E+00   -.1425E+00   -.1425E+00   -.1425E+00   -.1425E+00   -.1425E+00   -.1425E+00   -.1425E+00   -.1425E+00   -.1425E+00   -.1425E+00   -.1425E+00   -.1425E+00   -.1425E+00   -.1425E+00   -.1425E+00   -.1425E+00   -.1425E+00   -.1425E+00   -.1425E+00   -.1425E+00   -.1425E+00
0.9200E+03   0.3467E+02   -.2203E+01   -.2204E+01   -.2205E+01   -.2206E+01   -.2207E+01   -.2209E+01   -.2210E+01   -.2212E+01   -.2214E+01   -.2216E+01   -.2219E+01   -.2222E+01   -.2226E+01   -.2231E+01   -.2236E+01   -.2243E+01   -.2250E+01   -.2257E+01   -.2260E+01   -.2260E+01   -.2235E+01   -.2212E+01   -.2232E+01   -.2789E+01   -.9476E-01   -.1658E+00   -.1169E+00   -.1406E+00   -.1336E+00   -.1384E+00   -.1381E+00   -.1394E+00   -.1397E+00   -.1403E+00   -.1406E+00   -.1409E+00   -.1411E+00   -.1413E+00   -.1414E+00   -.1415E+00   -.1416E+00   -.1417E+00   -.1418E+00   -.1419E+00   -.1419E+00   -.1420E+00   -.1420E+00   -.1421E+00   -.1421E+00   -.1421E+00   -.1422E+00   -.1422E+00   -.1422E+00   -.1422E+00   -.1423E+00   -.1423E+00   -.1423E+00   -.1423E+00   -.1423E+00   -.1423E+00   -.1423E+00   -.1424E+00   -.1424E+00   -.1424E+00   -.1424E+00   -.1424E+00   -.1424E+00   -.1424E+00   -.1424E+00   -.1424E+00   -.1424E+00   -.1424E+00   -.1424E+00   -.1424E+00   -.1425E+00   -.1425E+00   -.1425E+00   -.1425E+00   -.1425E+00   -.1425E+00   -.1425E+00   -.1425E+00   -.1425E+00   -.1425E+00   -.1425E+00   -.1425E+00   -.1425E+00   -.1425E+00   -.1425E+00   -.1425E+00   -.1425E+00   -.1425E+00   -.1425E+00   -.1425E+00   -.1425E+00   -.1425E+00   -.1425E+00   -.1425E+00
0.9210E+03   0.3500E+02   -.2203E+01   -.2204E+01   -.2206E+01   -.2207E+01   -.2208E+01   -.2210E+01   -.2212E+01   -.2214E+01   -.2216E+01   -.2219E+01   -.2222E+01   -.2226E+01   -.2231E+01   -.2236E+01   -.2242E+01   -.2249E+01   -.2257E+01   -.2260E+01   -.2259E+01   -.2235E+01   -.2211E+01   -.2232E+01   -.2789E+01   -.9475E-01   -.1657E+00   -.1169E+00   -.1406E+00   -.1336E+00   -.1384E+00   -.1380E+00   -.1394E+00   -.1397E+00   -.1403E+00   -.1406E+00   -.1409E+00   -.1411E+00   -.1413E+00   -.1414E+00   -.1415E+00   -.1416E+00   -.1417E+00   -.1418E+00   -.1419E+00   -.1419E+00   -.1420E+00   -.1420E+00   -.1421E+00   -.1421E+00   -.1421E+00   -.1422E+00   -.1422E+00   -.1422E+00   -.1422E+00   -.1423E+00   -.1423E+00   -.1423E+00   -.1423E+00   -.1423E+00   -.1423E+00   -.1423E+00   -.1424E+00   -.1424E+00   -.1424E+00   -.1424E+00   -.1424E+00   -.1424E+00   -.1424E+00   -.1424E+00   -.1424E+00   -.1424E+00   -.1424E+00   -.1424E+00   -.1424E+00   -.1425E+00   -.1425E+00   -.1425E+00   -.1425E+00   -.1425E+00   -.1425E+00   -.1425E+00   -.1425E+00   -.1425E+00   -.1425E+00   -.1425E+00   -.1425E+00   -.1425E+00   -.1425E+00   -.1425E+00   -.1425E+00   -.1425E+00   -.1425E+00   -.1425E+00   -.1425E+00   -.1425E+00   -.1425E+00   -.1425E+00   -.1425E+00   -.1425E+00
0.9220E+03   0.3533E+02   -.2204E+01   -.2205E+01   -.2206E+01   -.2208E+01   -.2209E+01   -.2211E+01   -.2213E+01   -.2216E+01   -.2218E+01   -.2222E+01   -.2226E+01   -.2230E+01   -.2236E+01   -.2242E+01   -.2249E+01   -.2256E+01   -.2260E+01   -.2259E+01   -.2235E+01   -.2211E+01   -.2232E+01   -.2788E+01   -.9475E-01   -.1657E+00   -.1169E+00   -.1406E+00   -.1336E+00   -.1384E+00   -.1380E+00   -.1394E+00   -.1397E+00   -.1402E+00   -.1406E+00   -.1409E+00   -.1411E+00   -.1413E+00   -.1414E+00   -.1415E+00   -.1416E+00   -.1417E+00   -.1418E+00   -.1419E+00   -.1419E+00   -.1420E+00   -.1420E+00   -.1421E+00   -.1421E+00   -.1421E+00   -.1422E+00   -.1422E+00   -.1422E+00   -.1422E+00   -.1423E+00   -.1423E+00   -.1423E+00   -.1423E+00   -.1423E+00   -.1423E+00   -.1423E+00   -.1424E+00   -.1424E+00   -.1424E+00   -.1424E+00   -.1424E+00   -.1424E+00   -.1424E+00   -.1424E+00   -.1424E+00   -.1424E+00   -.1424E+00   -.1424E+00   -.1424E+00   -.1425E+00   -.1425E+00   -.1425E+00   -.1425E+00   -.1425E+00   -.1425E+00   -.1425E+00   -.1425E+00   -.1425E+00   -.1425E+00   -.1425E+00   -.1425E+00   -.1425E+00   -.1425E+00   -.1425E+00   -.1425E+00   -.1425E+00   -.1425E+00   -.1425E+00   -.1425E+00   -.1425E+00   -.1425E+00   -.1425E+00   -.1425E+00   -.1425E+00   -.1425E+00
0.9230E+03   0.3567E+02   -.2204E+01   -.2206E+01   -.2207E+01   -.2209E+01   -.2211E+01   -.2213E+01   -.2215E+01   -.2218E+01   -.2221E+01   -.2225E+01   -.2230E+01   -.2235E+01   -.2242E+01   -.2249E+01   -.2256E+01   -.2260E+01   -.2259E+01   -.2234E+01   -.2211E+01   -.2232E+01   -.2788E+01   -.9474E-01   -.1657E+00   -.1169E+00   -.1406E+00   -.1336E+00   -.1384E+00   -.1380E+00   -.1393E+00   -.1397E+00   -.1402E+00   -.1406E+00   -.1408E+00   -.1411E+00   -.1413E+00   -.1414E+00   -.1415E+00   -.1416E+00   -.1417E+00   -.1418E+00   -.1419E+00   -.1419E+00   -.1420E+00   -.1420E+00   -.1421E+00   -.1421E+00   -.1421E+00   -.1422E+00   -.1422E+00   -.1422E+00   -.1422E+00   -.1423E+00   -.1423E+00   -.1423E+00   -.1423E+00   -.1423E+00   -.1423E+00   -.1423E+00   -.1424E+00   -.1424E+00   -.1424E+00   -.1424E+00   -.1424E+00   -.1424E+00   -.1424E+00   -.1424E+00   -.1424E+00   -.1424E+00   -.1424E+00   -.1424E+00   -.1424E+00   -.1425E+00   -.1425E+00   -.1425E+00   -.1425E+00   -.1425E+00   -.1425E+00   -.1425E+00   -.1425E+00   -.1425E+00   -.1425E+00   -.1425E+00   -.1425E+00   -.1425E+00   -.1425E+00   -.1425E+00   -.1425E+00   -.1425E+00   -.1425E+00   -.1425E+00   -.1425E+00   -.1425E+00   -.1425E+00   -.1425E+00   -.1425E+00   -.1425E+00   -.1425E+00   -.1425E+00
0.9240E+03   0.3600E+02   -.2205E+01   -.2206E+01   -.2208E+01   -.2210E+01   -.2212E+01   -.2215E+01   -.2217E+01   -.2221E+01   -.2225E+01   -.2229E+01   -.2235E+01   -.2241E+01   -.2248E+01   -.2256E+01   -.2259E+01   -.2259E+01   -.2234E+01   -.2211E+01   -.2231E+01   -.2788E+01   -.9473E-01   -.1657E+00   -.1169E+00   -.1405E+00   -.1336E+00   -.1384E+00   -.1380E+00   -.1393E+00   -.1397E+00   -.1402E+00   -.1405E+00   -.1408E+00   -.1411E+00   -.1412E+00   -.1414E+00   -.1415E+00   -.1416E+00   -.1417E+00   -.1418E+00   -.1419E+00   -.1419E+00   -.1420E+00   -.1420E+00   -.1421E+00   -.1421E+00   -.1421E+00   -.1422E+00   -.1422E+00   -.1422E+00   -.1422E+00   -.1423E+00   -.1423E+00   -.1423E+00   -.1423E+00   -.1423E+00   -.1423E+00   -.1423E+00   -.1424E+00   -.1424E+00   -.1424E+00   -.1424E+00   -.1424E+00   -.1424E+00   -.1424E+00   -.1424E+00   -.1424E+00   -.1424E+00   -.1424E+00   -.1424E+00   -.1424E+00   -.1425E+00   -.1425E+00   -.1425E+00   -.1425E+00   -.1425E+00   -.1425E+00   -.1425E+00   -.1425E+00   -.1425E+00   -.1425E+00   -.1425E+00   -.1425E+00   -.1425E+00   -.1425E+00   -.1425E+00   -.1425E+00   -.1425E+00   -.1425E+00   -.1425E+00   -.1425E+00   -.1425E+00   -.1425E+00   -.1425E+00   -.1425E+00   -.1425E+00   -.1425E+00   -.1425E+00   -.1425E+00
0.9250E+03   0.3633E+02   -.2205E+01   -.2207E+01   -.2209E+01   -.2211E+01   -.2214E+01   -.2217E+01   -.2220E+01   -.2224E+01   -.2229E+01   -.2235E+01   -.2241E+01   -.2248E+01   -.2255E+01   -.2259E+01   -.2258E+01   -.2234E+01   -.2210E+01   -.2231E+01   -.2788E+01   -.9472E-01   -.1657E+00   -.1169E+00   -.1405E+00   -.1336E+00   -.1384E+00   -.1380E+00   -.1393E+00   -.1397E+00   -.1402E+00   -.1405E+00   -.1408E+00   -.1411E+00   -.1412E+00   -.1414E+00   -.1415E+00   -.1416E+00   -.1417E+00   -.1418E+00   -.1419E+00   -.1419E+00   -.1420E+00   -.1420E+00   -.1421E+00   -.1421E+00   -.1421E+00   -.1422E+00   -.1422E+00   -.1422E+00   -.1422E+00   -.1423E+00   -.1423E+00   -.1423E+00   -.1423E+00   -.1423E+00   -.1423E+00   -.1423E+00   -.1424E+00   -.1424E+00   -.1424E+00   -.1424E+00   -.1424E+00   -.1424E+00   -.1424E+00   -.1424E+00   -.1424E+00   -.1424E+00   -.1424E+00   -.1424E+00   -.1424E+00   -.1425E+00   -.1425E+00   -.1425E+00   -.1425E+00   -.1425E+00   -.1425E+00   -.1425E+00   -.1425E+00   -.1425E+00   -.1425E+00   -.1425E+00   -.1425E+00   -.1425E+00   -.1425E+00   -.1425E+00   -.1425E+00   -.1425E+00   -.1425E+00   -.1425E+00   -.1425E+00   -.1425E+00   -.1425E+00   -.1425E+00   -.1425E+00   -.1425E+00   -.1425E+00   -.1425E+00   -.1425E+00   -.1425E+00
0.9260E+03   0.3667E+02   -.2206E+01   -.2208E+01   -.2210E+01   -.2213E+01   -.2216E+01   -.2220E+01   -.2224E+01   -.2228E+01   -.2234E+01   -.2241E+01   -.2248E+01   -.2255E+01   -.2258E+01   -.2258E+01   -.2234E+01   -.2210E+01   -.2231E+01   -.2787E+01   -.9471E-01   -.1657E+00   -.1169E+00   -.1405E+00   -.1335E+00   -.1384E+00   -.1380E+00   -.1393E+00   -.1397E+00   -.1402E+00   -.1405E+00   -.1408E+00   -.1410E+00   -.1412E+00   -.1414E+00   -.1415E+00   -.1416E+00   -.1417E+00   -.1418E+00   -.1419E+00   -.1419E+00   -.1420E+00   -.1420E+00   -.1421E+00   -.1421E+00   -.1421E+00   -.1422E+00   -.1422E+00   -.1422E+00   -.1422E+00   -.1423E+00   -.1423E+00   -.1423E+00   -.1423E+00   -.1423E+00   -.1423E+00   -.1423E+00   -.1424E+00   -.1424E+00   -.1424E+00   -.1424E+00   -.1424E+00   -.1424E+00   -.1424E+00   -.1424E+00   -.1424E+00   -.1424E+00   -.1424E+00   -.1424E+00   -.1424E+00   -.1425E+00   -.1425E+00   -.1425E+00   -.1425E+00   -.1425E+00   -.1425E+00   -.1425E+00   -.1425E+00   -.1425E+00   -.1425E+00   -.1425E+00   -.1425E+00   -.1425E+00   -.1425E+00   -.1425E+00   -.1425E+00   -.1425E+00   -.1425E+00   -.1425E+00   -.1425E+00   -.1425E+00   -.1425E+00   -.1425E+00   -.1425E+00   -.1425E+00   -.1425E+00   -.1425E+00   -.1425E+00   -.1425E+00   -.1425E+00
0.9270E+03   0.3700E+02   -.2207E+01   -.2209E+01   -.2212E+01   -.2215E+01   -.2219E+01   -.2223E+01   -.2228E+01   -.2233E+01   -.2240E+01   -.2247E+01   -.2254E+01   -.2258E+01   -.2258E+01   -.2233E+01   -.2210E+01   -.2230E+01   -.2787E+01   -.9470E-01   -.1657E+00   -.1168E+00   -.1405E+00   -.1335E+00   -.1384E+00   -.1380E+00   -.1393E+00   -.1397E+00   -.1402E+00   -.1405E+00   -.1408E+00   -.1410E+00   -.1412E+00   -.1414E+00   -.1415E+00   -.1416E+00   -.1417E+00   -.1418E+00   -.1419E+00   -.1419E+00   -.1420E+00   -.1420E+00   -.1421E+00   -.1421E+00   -.1421E+00   -.1422E+00   -.1422E+00   -.1422E+00   -.1422E+00   -.1423E+00   -.1423E+00   -.1423E+00   -.1423E+00   -.1423E+00   -.1423E+00   -.1423E+00   -.1424E+00   -.1424E+00   -.1424E+00   -.1424E+00   -.1424E+00   -.1424E+00   -.1424E+00   -.1424E+00   -.1424E+00   -.1424E+00   -.1424E+00   -.1424E+00   -.1424E+00   -.1425E+00   -.1425E+00   -.1425E+00   -.1425E+00   -.1425E+00   -.1425E+00   -.1425E+00   -.1425E+00   -.1425E+00   -.1425E+00   -.1425E+00   -.1425E+00   -.1425E+00   -.1425E+00   -.1425E+00   -.1425E+00   -.1425E+00   -.1425E+00   -.1425E+00   -.1425E+00   -.1425E+00   -.1425E+00   -.1425E+00   -.1425E+00   -.1425E+00   -.1425E+00   -.1425E+00   -.1425E+00   -.1425E+00   -.1425E+00   -.1425E+00
0.9280E+03   0.3733E+02   -.2208E+01   -.2211E+01   -.2214E+01   -.2218E+01   -.2222E+01   -.2227E+01   -.2233E+01   -.2239E+01   -.2246E+01   -.2254E+01   -.2257E+01   -.2257E+01   -.2233E+01   -.2209E+01   -.2230E+01   -.2786E+01   -.9468E-01   -.1656E+00   -.1168E+00   -.1405E+00   -.1335E+00   -.1384E+00   -.1380E+00   -.1393E+00   -.1397E+00   -.1402E+00   -.1405E+00   -.1408E+00   -.1410E+00   -.1412E+00   -.1414E+00   -.1415E+00   -.1416E+00   -.1417E+00   -.1418E+00   -.1419E+00   -.1419E+00   -.1420E+00   -.1420E+00   -.1421E+00   -.1421E+00   -.1421E+00   -.1422E+00   -.1422E+00   -.1422E+00   -.1422E+00   -.1422E+00   -.1423E+00   -.1423E+00   -.1423E+00   -.1423E+00   -.1423E+00   -.1423E+00   -.1424E+00   -.1424E+00   -.1424E+00   -.1424E+00   -.1424E+00   -.1424E+00   -.1424E+00   -.1424E+00   -.1424E+00   -.1424E+00   -.1424E+00   -.1424E+00   -.1424E+00   -.1425E+00   -.1425E+00   -.1425E+00   -.1425E+00   -.1425E+00   -.1425E+00   -.1425E+00   -.1425E+00   -.1425E+00   -.1425E+00   -.1425E+00   -.1425E+00   -.1425E+00   -.1425E+00   -.1425E+00   -.1425E+00   -.1425E+00   -.1425E+00   -.1425E+00   -.1425E+00   -.1425E+00   -.1425E+00   -.1425E+00   -.1425E+00   -.1425E+00   -.1425E+00   -.1425E+00   -.1425E+00   -.1425E+00   -.1425E+00   -.1425E+00   -.1425E+00
0.9290E+03   0.3767E+02   -.2209E+01   -.2213E+01   -.2216E+01   -.2221E+01   -.2226E+01   -.2232E+01   -.2238E+01   -.2246E+01   -.2253E+01   -.2257E+01   -.2256E+01   -.2232E+01   -.2209E+01   -.2229E+01   -.2786E+01   -.9466E-01   -.1656E+00   -.1168E+00   -.1405E+00   -.1335E+00   -.1383E+00   -.1380E+00   -.1393E+00   -.1396E+00   -.1402E+00   -.1405E+00   -.1408E+00   -.1410E+00   -.1412E+00   -.1414E+00   -.1415E+00   -.1416E+00   -.1417E+00   -.1418E+00   -.1418E+00   -.1419E+00   -.1420E+00   -.1420E+00   -.1420E+00   -.1421E+00   -.1421E+00   -.1421E+00   -.1422E+00   -.1422E+00   -.1422E+00   -.1422E+00   -.1423E+00   -.1423E+00   -.1423E+00   -.1423E+00   -.1423E+00   -.1423E+00   -.1424E+00   -.1424E+00   -.1424E+00   -.1424E+00   -.1424E+00   -.1424E+00   -.1424E+00   -.1424E+00   -.1424E+00   -.1424E+00   -.1424E+00   -.1424E+00   -.1424E+00   -.1425E+00   -.1425E+00   -.1425E+00   -.1425E+00   -.1425E+00   -.1425E+00   -.1425E+00   -.1425E+00   -.1425E+00   -.1425E+00   -.1425E+00   -.1425E+00   -.1425E+00   -.1425E+00   -.1425E+00   -.1425E+00   -.1425E+00   -.1425E+00   -.1425E+00   -.1425E+00   -.1425E+00   -.1425E+00   -.1425E+00   -.1425E+00   -.1425E+00   -.1425E+00   -.1425E+00   -.1425E+00   -.1425E+00   -.1425E+00   -.1425E+00   -.1425E+00   -.1425E+00
0.9300E+03   0.3800E+02   -.2211E+01   -.2215E+01   -.2219E+01   -.2225E+01   -.2230E+01   -.2237E+01   -.2245E+01   -.2252E+01   -.2256E+01   -.2256E+01   -.2231E+01   -.2208E+01   -.2229E+01   -.2785E+01   -.9464E-01   -.1656E+00   -.1168E+00   -.1404E+00   -.1335E+00   -.1383E+00   -.1379E+00   -.1393E+00   -.1396E+00   -.1402E+00   -.1405E+00   -.1408E+00   -.1410E+00   -.1412E+00   -.1414E+00   -.1415E+00   -.1416E+00   -.1417E+00   -.1418E+00   -.1418E+00   -.1419E+00   -.1420E+00   -.1420E+00   -.1420E+00   -.1421E+00   -.1421E+00   -.1421E+00   -.1422E+00   -.1422E+00   -.1422E+00   -.1422E+00   -.1423E+00   -.1423E+00   -.1423E+00   -.1423E+00   -.1423E+00   -.1423E+00   -.1424E+00   -.1424E+00   -.1424E+00   -.1424E+00   -.1424E+00   -.1424E+00   -.1424E+00   -.1424E+00   -.1424E+00   -.1424E+00   -.1424E+00   -.1424E+00   -.1424E+00   -.1425E+00   -.1425E+00   -.1425E+00   -.1425E+00   -.1425E+00   -.1425E+00   -.1425E+00   -.1425E+00   -.1425E+00   -.1425E+00   -.1425E+00   -.1425E+00   -.1425E+00   -.1425E+00   -.1425E+00   -.1425E+00   -.1425E+00   -.1425E+00   -.1425E+00   -.1425E+00   -.1425E+00   -.1425E+00   -.1425E+00   -.1425E+00   -.1425E+00   -.1425E+00   -.1425E+00   -.1425E+00   -.1425E+00   -.1425E+00   -.1425E+00   -.1425E+00   -.1425E+00   -.1425E+00
0.9310E+03   0.3833E+02   -.2213E+01   -.2218E+01   -.2223E+01   -.2229E+01   -.2236E+01   -.2243E+01   -.2251E+01   -.2255E+01   -.2255E+01   -.2231E+01   -.2207E+01   -.2228E+01   -.2785E+01   -.9462E-01   -.1655E+00   -.1168E+00   -.1404E+00   -.1335E+00   -.1383E+00   -.1379E+00   -.1392E+00   -.1396E+00   -.1401E+00   -.1405E+00   -.1408E+00   -.1410E+00   -.1412E+00   -.1413E+00   -.1415E+00   -.1416E+00   -.1417E+00   -.1418E+00   -.1418E+00   -.1419E+00   -.1419E+00   -.1420E+00   -.1420E+00   -.1421E+00   -.1421E+00   -.1421E+00   -.1422E+00   -.1422E+00   -.1422E+00   -.1422E+00   -.1423E+00   -.1423E+00   -.1423E+00   -.1423E+00   -.1423E+00   -.1423E+00   -.1424E+00   -.1424E+00   -.1424E+00   -.1424E+00   -.1424E+00   -.1424E+00   -.1424E+00   -.1424E+00   -.1424E+00   -.1424E+00   -.1424E+00   -.1424E+00   -.1424E+00   -.1425E+00   -.1425E+00   -.1425E+00   -.1425E+00   -.1425E+00   -.1425E+00   -.1425E+00   -.1425E+00   -.1425E+00   -.1425E+00   -.1425E+00   -.1425E+00   -.1425E+00   -.1425E+00   -.1425E+00   -.1425E+00   -.1425E+00   -.1425E+00   -.1425E+00   -.1425E+00   -.1425E+00   -.1425E+00   -.1425E+00   -.1425E+00   -.1425E+00   -.1425E+00   -.1425E+00   -.1425E+00   -.1425E+00   -.1425E+00   -.1425E+00   -.1425E+00   -.1425E+00   -.1425E+00   -.1425E+00
0.9320E+03   0.3867E+02   -.2215E+01   -.2221E+01   -.2227E+01   -.2234E+01   -.2242E+01   -.2250E+01   -.2254E+01   -.2254E+01   -.2230E+01   -.2207E+01   -.2227E+01   -.2784E+01   -.9459E-01   -.1655E+00   -.1167E+00   -.1404E+00   -.1334E+00   -.1383E+00   -.1379E+00   -.1392E+00   -.1396E+00   -.1401E+00   -.1405E+00   -.1408E+00   -.1410E+00   -.1412E+00   -.1413E+00   -.1415E+00   -.1416E+00   -.1417E+00   -.1417E+00   -.1418E+00   -.1419E+00   -.1419E+00   -.1420E+00   -.1420E+00   -.1421E+00   -.1421E+00   -.1421E+00   -.1422E+00   -.1422E+00   -.1422E+00   -.1422E+00   -.1423E+00   -.1423E+00   -.1423E+00   -.1423E+00   -.1423E+00   -.1423E+00   -.1423E+00   -.1424E+00   -.1424E+00   -.1424E+00   -.1424E+00   -.1424E+00   -.1424E+00   -.1424E+00   -.1424E+00   -.1424E+00   -.1424E+00   -.1424E+00   -.1424E+00   -.1425E+00   -.1425E+00   -.1425E+00   -.1425E+00   -.1425E+00   -.1425E+00   -.1425E+00   -.1425E+00   -.1425E+00   -.1425E+00   -.1425E+00   -.1425E+00   -.1425E+00   -.1425E+00   -.1425E+00   -.1425E+00   -.1425E+00   -.1425E+00   -.1425E+00   -.1425E+00   -.1425E+00   -.1425E+00   -.1425E+00   -.1425E+00   -.1425E+00   -.1425E+00   -.1425E+00   -.1425E+00   -.1425E+00   -.1425E+00   -.1425E+00   -.1425E+00   -.1425E+00   -.1425E+00   -.1425E+00   -.1425E+00
0.9330E+03   0.3900E+02   -.2218E+01   -.2225E+01   -.2232E+01   -.2240E+01   -.2248E+01   -.2252E+01   -.2252E+01   -.2228E+01   -.2205E+01   -.2226E+01   -.2783E+01   -.9456E-01   -.1654E+00   -.1167E+00   -.1403E+00   -.1334E+00   -.1382E+00   -.1379E+00   -.1392E+00   -.1396E+00   -.1401E+00   -.1404E+00   -.1407E+00   -.1410E+00   -.1412E+00   -.1413E+00   -.1414E+00   -.1416E+00   -.1417E+00   -.1417E+00   -.1418E+00   -.1419E+00   -.1419E+00   -.1420E+00   -.1420E+00   -.1421E+00   -.1421E+00   -.1421E+00   -.1422E+00   -.1422E+00   -.1422E+00   -.1422E+00   -.1422E+00   -.1423E+00   -.1423E+00   -.1423E+00   -.1423E+00   -.1423E+00   -.1423E+00   -.1424E+00   -.1424E+00   -.1424E+00   -.1424E+00   -.1424E+00   -.1424E+00   -.1424E+00   -.1424E+00   -.1424E+00   -.1424E+00   -.1424E+00   -.1424E+00   -.1425E+00   -.1425E+00   -.1425E+00   -.1425E+00   -.1425E+00   -.1425E+00   -.1425E+00   -.1425E+00   -.1425E+00   -.1425E+00   -.1425E+00   -.1425E+00   -.1425E+00   -.1425E+00   -.1425E+00   -.1425E+00   -.1425E+00   -.1425E+00   -.1425E+00   -.1425E+00   -.1425E+00   -.1425E+00   -.1425E+00   -.1425E+00   -.1425E+00   -.1425E+00   -.1425E+00   -.1425E+00   -.1425E+00   -.1425E+00   -.1425E+00   -.1425E+00   -.1425E+00   -.1425E+00   -.1425E+00   -.1425E+00   -.1425E+00
0.9340E+03   0.3933E+02   -.2221E+01   -.2229E+01   -.2237E+01   -.2246E+01   -.2250E+01   -.2251E+01   -.2227E+01   -.2204E+01   -.2225E+01   -.2781E+01   -.9452E-01   -.1654E+00   -.1167E+00   -.1403E+00   -.1334E+00   -.1382E+00   -.1378E+00   -.1392E+00   -.1395E+00   -.1401E+00   -.1404E+00   -.1407E+00   -.1409E+00   -.1411E+00   -.1413E+00   -.1414E+00   -.1415E+00   -.1416E+00   -.1417E+00   -.1418E+00   -.1419E+00   -.1419E+00   -.1420E+00   -.1420E+00   -.1420E+00   -.1421E+00   -.1421E+00   -.1421E+00   -.1422E+00   -.1422E+00   -.1422E+00   -.1422E+00   -.1423E+00   -.1423E+00   -.1423E+00   -.1423E+00   -.1423E+00   -.1423E+00   -.1424E+00   -.1424E+00   -.1424E+00   -.1424E+00   -.1424E+00   -.1424E+00   -.1424E+00   -.1424E+00   -.1424E+00   -.1424E+00   -.1424E+00   -.1424E+00   -.1424E+00   -.1425E+00   -.1425E+00   -.1425E+00   -.1425E+00   -.1425E+00   -.1425E+00   -.1425E+00   -.1425E+00   -.1425E+00   -.1425E+00   -.1425E+00   -.1425E+00   -.1425E+00   -.1425E+00   -.1425E+00   -.1425E+00   -.1425E+00   -.1425E+00   -.1425E+00   -.1425E+00   -.1425E+00   -.1425E+00   -.1425E+00   -.1425E+00   -.1425E+00   -.1425E+00   -.1425E+00   -.1425E+00   -.1425E+00   -.1425E+00   -.1425E+00   -.1425E+00   -.1425E+00   -.1425E+00   -.1425E+00   -.1425E+00   -.1425E+00
0.9350E+03   0.3967E+02   -.2225E+01   -.2234E+01   -.2243E+01   -.2248E+01   -.2248E+01   -.2225E+01   -.2202E+01   -.2224E+01   -.2780E+01   -.9446E-01   -.1653E+00   -.1166E+00   -.1402E+00   -.1333E+00   -.1382E+00   -.1378E+00   -.1391E+00   -.1395E+00   -.1400E+00   -.1404E+00   -.1407E+00   -.1409E+00   -.1411E+00   -.1413E+00   -.1414E+00   -.1415E+00   -.1416E+00   -.1417E+00   -.1418E+00   -.1418E+00   -.1419E+00   -.1420E+00   -.1420E+00   -.1420E+00   -.1421E+00   -.1421E+00   -.1421E+00   -.1422E+00   -.1422E+00   -.1422E+00   -.1422E+00   -.1423E+00   -.1423E+00   -.1423E+00   -.1423E+00   -.1423E+00   -.1423E+00   -.1423E+00   -.1424E+00   -.1424E+00   -.1424E+00   -.1424E+00   -.1424E+00   -.1424E+00   -.1424E+00   -.1424E+00   -.1424E+00   -.1424E+00   -.1424E+00   -.1424E+00   -.1425E+00   -.1425E+00   -.1425E+00   -.1425E+00   -.1425E+00   -.1425E+00   -.1425E+00   -.1425E+00   -.1425E+00   -.1425E+00   -.1425E+00   -.1425E+00   -.1425E+00   -.1425E+00   -.1425E+00   -.1425E+00   -.1425E+00   -.1425E+00   -.1425E+00   -.1425E+00   -.1425E+00   -.1425E+00   -.1425E+00   -.1425E+00   -.1425E+00   -.1425E+00   -.1425E+00   -.1425E+00   -.1425E+00   -.1425E+00   -.1425E+00   -.1425E+00   -.1425E+00   -.1425E+00   -.1425E+00   -.1425E+00   -.1425E+00   -.1425E+00
0.9360E+03   0.4000E+02   -.2229E+01   -.2238E+01   -.2244E+01   -.2245E+01   -.2222E+01   -.2200E+01   -.2222E+01   -.2778E+01   -.9440E-01   -.1652E+00   -.1165E+00   -.1402E+00   -.1332E+00   -.1381E+00   -.1377E+00   -.1391E+00   -.1395E+00   -.1400E+00   -.1403E+00   -.1406E+00   -.1409E+00   -.1411E+00   -.1412E+00   -.1414E+00   -.1415E+00   -.1416E+00   -.1417E+00   -.1418E+00   -.1418E+00   -.1419E+00   -.1419E+00   -.1420E+00   -.1420E+00   -.1421E+00   -.1421E+00   -.1421E+00   -.1422E+00   -.1422E+00   -.1422E+00   -.1422E+00   -.1422E+00   -.1423E+00   -.1423E+00   -.1423E+00   -.1423E+00   -.1423E+00   -.1423E+00   -.1424E+00   -.1424E+00   -.1424E+00   -.1424E+00   -.1424E+00   -.1424E+00   -.1424E+00   -.1424E+00   -.1424E+00   -.1424E+00   -.1424E+00   -.1424E+00   -.1425E+00   -.1425E+00   -.1425E+00   -.1425E+00   -.1425E+00   -.1425E+00   -.1425E+00   -.1425E+00   -.1425E+00   -.1425E+00   -.1425E+00   -.1425E+00   -.1425E+00   -.1425E+00   -.1425E+00   -.1425E+00   -.1425E+00   -.1425E+00   -.1425E+00   -.1425E+00   -.1425E+00   -.1425E+00   -.1425E+00   -.1425E+00   -.1425E+00   -.1425E+00   -.1425E+00   -.1425E+00   -.1425E+00   -.1425E+00   -.1425E+00   -.1425E+00   -.1425E+00   -.1425E+00   -.1425E+00   -.1425E+00   -.1425E+00   -.1425E+00   -.1425E+00
0.9370E+03   0.4033E+02   -.2232E+01   -.2238E+01   -.2241E+01   -.2218E+01   -.2197E+01   -.2219E+01   -.2775E+01   -.9431E-01   -.1651E+00   -.1165E+00   -.1401E+00   -.1332E+00   -.1380E+00   -.1377E+00   -.1390E+00   -.1394E+00   -.1400E+00   -.1403E+00   -.1406E+00   -.1408E+00   -.1410E+00   -.1412E+00   -.1414E+00   -.1415E+00   -.1416E+00   -.1417E+00   -.1417E+00   -.1418E+00   -.1419E+00   -.1419E+00   -.1420E+00   -.1420E+00   -.1420E+00   -.1421E+00   -.1421E+00   -.1421E+00   -.1422E+00   -.1422E+00   -.1422E+00   -.1422E+00   -.1423E+00   -.1423E+00   -.1423E+00   -.1423E+00   -.1423E+00   -.1423E+00   -.1424E+00   -.1424E+00   -.1424E+00   -.1424E+00   -.1424E+00   -.1424E+00   -.1424E+00   -.1424E+00   -.1424E+00   -.1424E+00   -.1424E+00   -.1424E+00   -.1424E+00   -.1425E+00   -.1425E+00   -.1425E+00   -.1425E+00   -.1425E+00   -.1425E+00   -.1425E+00   -.1425E+00   -.1425E+00   -.1425E+00   -.1425E+00   -.1425E+00   -.1425E+00   -.1425E+00   -.1425E+00   -.1425E+00   -.1425E+00   -.1425E+00   -.1425E+00   -.1425E+00   -.1425E+00   -.1425E+00   -.1425E+00   -.1425E+00   -.1425E+00   -.1425E+00   -.1425E+00   -.1425E+00   -.1425E+00   -.1425E+00   -.1425E+00   -.1425E+00   -.1425E+00   -.1425E+00   -.1425E+00   -.1425E+00   -.1425E+00   -.1425E+00   -.1425E+00
0.9380E+03   0.4067E+02   -.2230E+01   -.2234E+01   -.2213E+01   -.2192E+01   -.2215E+01   -.2771E+01   -.9419E-01   -.1649E+00   -.1163E+00   -.1400E+00   -.1331E+00   -.1380E+00   -.1376E+00   -.1390E+00   -.1393E+00   -.1399E+00   -.1403E+00   -.1406E+00   -.1408E+00   -.1410E+00   -.1412E+00   -.1413E+00   -.1414E+00   -.1415E+00   -.1416E+00   -.1417E+00   -.1418E+00   -.1418E+00   -.1419E+00   -.1419E+00   -.1420E+00   -.1420E+00   -.1421E+00   -.1421E+00   -.1421E+00   -.1422E+00   -.1422E+00   -.1422E+00   -.1422E+00   -.1423E+00   -.1423E+00   -.1423E+00   -.1423E+00   -.1423E+00   -.1423E+00   -.1423E+00   -.1424E+00   -.1424E+00   -.1424E+00   -.1424E+00   -.1424E+00   -.1424E+00   -.1424E+00   -.1424E+00   -.1424E+00   -.1424E+00   -.1424E+00   -.1424E+00   -.1425E+00   -.1425E+00   -.1425E+00   -.1425E+00   -.1425E+00   -.1425E+00   -.1425E+00   -.1425E+00   -.1425E+00   -.1425E+00   -.1425E+00   -.1425E+00   -.1425E+00   -.1425E+00   -.1425E+00   -.1425E+00   -.1425E+00   -.1425E+00   -.1425E+00   -.1425E+00   -.1425E+00   -.1425E+00   -.1425E+00   -.1425E+00   -.1425E+00   -.1425E+00   -.1425E+00   -.1425E+00   -.1425E+00   -.1425E+00   -.1425E+00   -.1425E+00   -.1425E+00   -.1425E+00   -.1425E+00   -.1425E+00   -.1425E+00   -.1425E+00   -.1425E+00   -.1425E+00
0.9390E+03   0.4100E+02   -.2223E+01   -.2205E+01   -.2185E+01   -.2209E+01   -.2766E+01   -.9403E-01   -.1647E+00   -.1162E+00   -.1399E+00   -.1330E+00   -.1379E+00   -.1375E+00   -.1389E+00   -.1393E+00   -.1398E+00   -.1402E+00   -.1405E+00   -.1408E+00   -.1410E+00   -.1411E+00   -.1413E+00   -.1414E+00   -.1415E+00   -.1416E+00   -.1417E+00   -.1418E+00   -.1418E+00   -.1419E+00   -.1419E+00   -.1420E+00   -.1420E+00   -.1421E+00   -.1421E+00   -.1421E+00   -.1421E+00   -.1422E+00   -.1422E+00   -.1422E+00   -.1422E+00   -.1423E+00   -.1423E+00   -.1423E+00   -.1423E+00   -.1423E+00   -.1423E+00   -.1424E+00   -.1424E+00   -.1424E+00   -.1424E+00   -.1424E+00   -.1424E+00   -.1424E+00   -.1424E+00   -.1424E+00   -.1424E+00   -.1424E+00   -.1424E+00   -.1425E+00   -.1425E+00   -.1425E+00   -.1425E+00   -.1425E+00   -.1425E+00   -.1425E+00   -.1425E+00   -.1425E+00   -.1425E+00   -.1425E+00   -.1425E+00   -.1425E+00   -.1425E+00   -.1425E+00   -.1425E+00   -.1425E+00   -.1425E+00   -.1425E+00   -.1425E+00   -.1425E+00   -.1425E+00   -.1425E+00   -.1425E+00   -.1425E+00   -.1425E+00   -.1425E+00   -.1425E+00   -.1425E+00   -.1425E+00   -.1425E+00   -.1425E+00   -.1425E+00   -.1425E+00   -.1425E+00   -.1425E+00   -.1425E+00   -.1425E+00   -.1425E+00   -.1425E+00   -.1425E+00
0.9400E+03   0.4133E+02   -.2191E+01   -.2175E+01   -.2200E+01   -.2758E+01   -.9379E-01   -.1644E+00   -.1160E+00   -.1397E+00   -.1328E+00   -.1377E+00   -.1374E+00   -.1388E+00   -.1392E+00   -.1398E+00   -.1401E+00   -.1404E+00   -.1407E+00   -.1409E+00   -.1411E+00   -.1412E+00   -.1414E+00   -.1415E+00   -.1416E+00   -.1417E+00   -.1417E+00   -.1418E+00   -.1419E+00   -.1419E+00   -.1420E+00   -.1420E+00   -.1420E+00   -.1421E+00   -.1421E+00   -.1421E+00   -.1422E+00   -.1422E+00   -.1422E+00   -.1422E+00   -.1422E+00   -.1423E+00   -.1423E+00   -.1423E+00   -.1423E+00   -.1423E+00   -.1423E+00   -.1424E+00   -.1424E+00   -.1424E+00   -.1424E+00   -.1424E+00   -.1424E+00   -.1424E+00   -.1424E+00   -.1424E+00   -.1424E+00   -.1424E+00   -.1424E+00   -.1425E+00   -.1425E+00   -.1425E+00   -.1425E+00   -.1425E+00   -.1425E+00   -.1425E+00   -.1425E+00   -.1425E+00   -.1425E+00   -.1425E+00   -.1425E+00   -.1425E+00   -.1425E+00   -.1425E+00   -.1425E+00   -.1425E+00   -.1425E+00   -.1425E+00   -.1425E+00   -.1425E+00   -.1425E+00   -.1425E+00   -.1425E+00   -.1425E+00   -.1425E+00   -.1425E+00   -.1425E+00   -.1425E+00   -.1425E+00   -.1425E+00   -.1425E+00   -.1425E+00   -.1425E+00   -.1425E+00   -.1425E+00   -.1425E+00   -.1425E+00   -.1425E+00   -.1425E+00   -.1425E+00
0.9410E+03   0.4167E+02   -.2157E+01   -.2186E+01   -.2745E+01   -.9343E-01   -.1639E+00   -.1157E+00   -.1394E+00   -.1326E+00   -.1375E+00   -.1372E+00   -.1386E+00   -.1391E+00   -.1397E+00   -.1400E+00   -.1404E+00   -.1406E+00   -.1408E+00   -.1410E+00   -.1412E+00   -.1413E+00   -.1414E+00   -.1415E+00   -.1416E+00   -.1417E+00   -.1418E+00   -.1418E+00   -.1419E+00   -.1419E+00   -.1420E+00   -.1420E+00   -.1421E+00   -.1421E+00   -.1421E+00   -.1421E+00   -.1422E+00   -.1422E+00   -.1422E+00   -.1422E+00   -.1423E+00   -.1423E+00   -.1423E+00   -.1423E+00   -.1423E+00   -.1423E+00   -.1423E+00   -.1424E+00   -.1424E+00   -.1424E+00   -.1424E+00   -.1424E+00   -.1424E+00   -.1424E+00   -.1424E+00   -.1424E+00   -.1424E+00   -.1424E+00   -.1424E+00   -.1425E+00   -.1425E+00   -.1425E+00   -.1425E+00   -.1425E+00   -.1425E+00   -.1425E+00   -.1425E+00   -.1425E+00   -.1425E+00   -.1425E+00   -.1425E+00   -.1425E+00   -.1425E+00   -.1425E+00   -.1425E+00   -.1425E+00   -.1425E+00   -.1425E+00   -.1425E+00   -.1425E+00   -.1425E+00   -.1425E+00   -.1425E+00   -.1425E+00   -.1425E+00   -.1425E+00   -.1425E+00   -.1425E+00   -.1425E+00   -.1425E+00   -.1425E+00   -.1425E+00   -.1425E+00   -.1425E+00   -.1425E+00   -.1425E+00   -.1425E+00   -.1425E+00   -.1425E+00   -.1425E+00
0.9420E+03   0.4200E+02   -.2161E+01   -.2724E+01   -.9281E-01   -.1633E+00   -.1152E+00   -.1390E+00   -.1323E+00   -.1373E+00   -.1370E+00   -.1384E+00   -.1389E+00   -.1395E+00   -.1399E+00   -.1403E+00   -.1405E+00   -.1408E+00   -.1410E+00   -.1411E+00   -.1413E+00   -.1414E+00   -.1415E+00   -.1416E+00   -.1417E+00   -.1417E+00   -.1418E+00   -.1418E+00   -.1419E+00   -.1419E+00   -.1420E+00   -.1420E+00   -.1421E+00   -.1421E+00   -.1421E+00   -.1422E+00   -.1422E+00   -.1422E+00   -.1422E+00   -.1422E+00   -.1423E+00   -.1423E+00   -.1423E+00   -.1423E+00   -.1423E+00   -.1423E+00   -.1424E+00   -.1424E+00   -.1424E+00   -.1424E+00   -.1424E+00   -.1424E+00   -.1424E+00   -.1424E+00   -.1424E+00   -.1424E+00   -.1424E+00   -.1424E+00   -.1425E+00   -.1425E+00   -.1425E+00   -.1425E+00   -.1425E+00   -.1425E+00   -.1425E+00   -.1425E+00   -.1425E+00   -.1425E+00   -.1425E+00   -.1425E+00   -.1425E+00   -.1425E+00   -.1425E+00   -.1425E+00   -.1425E+00   -.1425E+00   -.1425E+00   -.1425E+00   -.1425E+00   -.1425E+00   -.1425E+00   -.1425E+00   -.1425E+00   -.1425E+00   -.1425E+00   -.1425E+00   -.1425E+00   -.1425E+00   -.1425E+00   -.1425E+00   -.1425E+00   -.1425E+00   -.1425E+00   -.1425E+00   -.1425E+00   -.1425E+00   -.1425E+00   -.1425E+00   -.1425E+00   -.1425E+00
0.9430E+03   0.4233E+02   -.2687E+01   -.9155E-01   -.1623E+00   -.1145E+00   -.1384E+00   -.1318E+00   -.1369E+00   -.1367E+00   -.1382E+00   -.1387E+00   -.1393E+00   -.1397E+00   -.1401E+00   -.1404E+00   -.1407E+00   -.1409E+00   -.1410E+00   -.1412E+00   -.1413E+00   -.1414E+00   -.1415E+00   -.1416E+00   -.1417E+00   -.1418E+00   -.1418E+00   -.1419E+00   -.1419E+00   -.1420E+00   -.1420E+00   -.1420E+00   -.1421E+00   -.1421E+00   -.1421E+00   -.1422E+00   -.1422E+00   -.1422E+00   -.1422E+00   -.1422E+00   -.1423E+00   -.1423E+00   -.1423E+00   -.1423E+00   -.1423E+00   -.1423E+00   -.1424E+00   -.1424E+00   -.1424E+00   -.1424E+00   -.1424E+00   -.1424E+00   -.1424E+00   -.1424E+00   -.1424E+00   -.1424E+00   -.1424E+00   -.1424E+00   -.1425E+00   -.1425E+00   -.1425E+00   -.1425E+00   -.1425E+00   -.1425E+00   -.1425E+00   -.1425E+00   -.1425E+00   -.1425E+00   -.1425E+00   -.1425E+00   -.1425E+00   -.1425E+00   -.1425E+00   -.1425E+00   -.1425E+00   -.1425E+00   -.1425E+00   -.1425E+00   -.1425E+00   -.1425E+00   -.1425E+00   -.1425E+00   -.1425E+00   -.1425E+00   -.1425E+00   -.1425E+00   -.1425E+00   -.1425E+00   -.1425E+00   -.1425E+00   -.1425E+00   -.1425E+00   -.1425E+00   -.1425E+00   -.1425E+00   -.1425E+00   -.1425E+00   -.1425E+00   -.1425E+00   -.1425E+00
0.9440E+03   0.4267E+02   -.8796E-01   -.1612E+00   -.1129E+00   -.1375E+00   -.1309E+00   -.1363E+00   -.1362E+00   -.1378E+00   -.1383E+00   -.1391E+00   -.1395E+00   -.1399E+00   -.1402E+00   -.1405E+00   -.1407E+00   -.1409E+00   -.1411E+00   -.1412E+00   -.1414E+00   -.1415E+00   -.1415E+00   -.1416E+00   -.1417E+00   -.1418E+00   -.1418E+00   -.1419E+00   -.1419E+00   -.1420E+00   -.1420E+00   -.1420E+00   -.1421E+00   -.1421E+00   -.1421E+00   -.1422E+00   -.1422E+00   -.1422E+00   -.1422E+00   -.1423E+00   -.1423E+00   -.1423E+00   -.1423E+00   -.1423E+00   -.1423E+00   -.1423E+00   -.1424E+00   -.1424E+00   -.1424E+00   -.1424E+00   -.1424E+00   -.1424E+00   -.1424E+00   -.1424E+00   -.1424E+00   -.1424E+00   -.1424E+00   -.1424E+00   -.1425E+00   -.1425E+00   -.1425E+00   -.1425E+00   -.1425E+00   -.1425E+00   -.1425E+00   -.1425E+00   -.1425E+00   -.1425E+00   -.1425E+00   -.1425E+00   -.1425E+00   -.1425E+00   -.1425E+00   -.1425E+00   -.1425E+00   -.1425E+00   -.1425E+00   -.1425E+00   -.1425E+00   -.1425E+00   -.1425E+00   -.1425E+00   -.1425E+00   -.1425E+00   -.1425E+00   -.1425E+00   -.1425E+00   -.1425E+00   -.1425E+00   -.1425E+00   -.1425E+00   -.1425E+00   -.1425E+00   -.1425E+00   -.1425E+00   -.1425E+00   -.1425E+00   -.1425E+00   -.1425E+00   -.1425E+00
0.9450E+03   0.4300E+02   -.1628E+00   -.1087E+00   -.1366E+00   -.1293E+00   -.1354E+00   -.1353E+00   -.1372E+00   -.1378E+00   -.1387E+00   -.1392E+00   -.1397E+00   -.1400E+00   -.1403E+00   -.1406E+00   -.1408E+00   -.1410E+00   -.1411E+00   -.1413E+00   -.1414E+00   -.1415E+00   -.1416E+00   -.1416E+00   -.1417E+00   -.1418E+00   -.1418E+00   -.1419E+00   -.1419E+00   -.1420E+00   -.1420E+00   -.1420E+00   -.1421E+00   -.1421E+00   -.1421E+00   -.1422E+00   -.1422E+00   -.1422E+00   -.1422E+00   -.1423E+00   -.1423E+00   -.1423E+00   -.1423E+00   -.1423E+00   -.1423E+00   -.1423E+00   -.1424E+00   -.1424E+00   -.1424E+00   -.1424E+00   -.1424E+00   -.1424E+00   -.1424E+00   -.1424E+00   -.1424E+00   -.1424E+00   -.1424E+00   -.1424E+00   -.1425E+00   -.1425E+00   -.1425E+00   -.1425E+00   -.1425E+00   -.1425E+00   -.1425E+00   -.1425E+00   -.1425E+00   -.1425E+00   -.1425E+00   -.1425E+00   -.1425E+00   -.1425E+00   -.1425E+00   -.1425E+00   -.1425E+00   -.1425E+00   -.1425E+00   -.1425E+00   -.1425E+00   -.1425E+00   -.1425E+00   -.1425E+00   -.1425E+00   -.1425E+00   -.1425E+00   -.1425E+00   -.1425E+00   -.1425E+00   -.1425E+00   -.1425E+00   -.1425E+00   -.1425E+00   -.1425E+00   -.1425E+00   -.1425E+00   -.1425E+00   -.1425E+00   -.1425E+00   -.1425E+00   -.1425E+00
0.8450E+03   0.4333E+02   -.9298E-01   -.1387E+00   -.1250E+00   -.1345E+00   -.1337E+00   -.1363E+00   -.1370E+00   -.1381E+00   -.1387E+00   -.1393E+00   -.1397E+00   -.1401E+00   -.1403E+00   -.1406E+00   -.1408E+00   -.1410E+00   -.1411E+00   -.1413E+00   -.1414E+00   -.1415E+00   -.1416E+00   -.1416E+00   -.1417E+00   -.1418E+00   -.1418E+00   -.1419E+00   -.1419E+00   -.1420E+00   -.1420E+00   -.1421E+00   -.1421E+00   -.1421E+00   -.1421E+00   -.1422E+00   -.1422E+00   -.1422E+00   -.1422E+00   -.1423E+00   -.1423E+00   -.1423E+00   -.1423E+00   -.1423E+00   -.1423E+00   -.1423E+00   -.1424E+00   -.1424E+00   -.1424E+00   -.1424E+00   -.1424E+00   -.1424E+00   -.1424E+00   -.1424E+00   -.1424E+00   -.1424E+00   -.1424E+00   -.1424E+00   -.1425E+00   -.1425E+00   -.1425E+00   -.1425E+00   -.1425E+00   -.1425E+00   -.1425E+00   -.1425E+00   -.1425E+00   -.1425E+00   -.1425E+00   -.1425E+00   -.1425E+00   -.1425E+00   -.1425E+00   -.1425E+00   -.1425E+00   -.1425E+00   -.1425E+00   -.1425E+00   -.1425E+00   -.1425E+00   -.1425E+00   -.1425E+00   -.1425E+00   -.1425E+00   -.1425E+00   -.1425E+00   -.1425E+00   -.1425E+00   -.1425E+00   -.1425E+00   -.1425E+00   -.1425E+00   -.1425E+00   -.1425E+00   -.1425E+00   -.1425E+00   -.1425E+00   -.1425E+00   -.1425E+00   -.1425E+00
