0.1025E+04   0.0000E+00   -.3500E+02   -.3500E+02   -.3500E+02   -.3500E+02   -.3500E+02   -.3500E+02   -.3500E+02   -.3500E+02   -.3500E+02   -.3500E+02   -.3500E+02   -.3500E+02   -.3500E+02   -.3500E+02   -.3500E+02   -.3500E+02   -.3500E+02   -.3500E+02   -.3500E+02   -.3500E+02   -.3500E+02   -.3500E+02   -.3500E+02   -.3500E+02   -.3500E+02   -.3500E+02   -.3500E+02   -.3500E+02   -.3500E+02   -.3500E+02   -.3499E+02   -.3499E+02   -.3499E+02   -.3499E+02   -.3499E+02   -.3499E+02   -.3499E+02   -.3499E+02   -.3499E+02   -.3499E+02   -.3499E+02   -.3499E+02   -.3499E+02   -.3499E+02   -.3499E+02   -.3499E+02   -.3499E+02   -.3499E+02   -.3499E+02   -.3499E+02   -.3499E+02   -.3499E+02   -.3498E+02   -.3498E+02   -.3498E+02   -.3498E+02   -.3498E+02   -.3498E+02   -.3498E+02   -.3498E+02   -.3498E+02   -.3498E+02   -.3498E+02   -.3498E+02   -.3498E+02   -.3497E+02   -.3497E+02   -.3497E+02   -.3497E+02   -.3497E+02   -.3497E+02   -.3497E+02   -.3497E+02   -.3497E+02   -.3497E+02   -.3496E+02   -.3496E+02   -.3496E+02   -.3496E+02   -.3496E+02   -.3496E+02   -.3496E+02   -.3496E+02   -.3496E+02   -.3495E+02   -.3495E+02   -.3495E+02   -.3495E+02   -.3495E+02   -.3495E+02   -.3495E+02   -.3495E+02   -.3495E+02   -.3494E+02   -.3494E+02   -.3494E+02   -.3494E+02   -.3494E+02   -.3494E+02   -.3494E+02   -.3494E+02   -.3494E+02   -.3494E+02   -.3494E+02   -.3494E+02   -.3494E+02   -.3494E+02   -.3494E+02   -.3494E+02   -.3494E+02   -.3494E+02   -.3495E+02   -.3495E+02   -.3495E+02   -.3495E+02   -.3495E+02   -.3496E+02   -.3496E+02   -.3497E+02   -.3497E+02   -.3498E+02   -.3498E+02   -.3499E+02   -.3499E+02   -.3500E+02   -.3501E+02   -.3502E+02   -.3503E+02
0.1026E+04   0.1322E+01   -.3500E+02   -.3500E+02   -.3500E+02   -.3500E+02   -.3500E+02   -.3500E+02   -.3500E+02   -.3500E+02   -.3500E+02   -.3500E+02   -.3500E+02   -.3500E+02   -.3500E+02   -.3500E+02   -.3500E+02   -.3500E+02   -.3500E+02   -.3500E+02   -.3500E+02   -.3500E+02   -.3500E+02   -.3500E+02   -.3500E+02   -.3500E+02   -.3500E+02   -.3500E+02   -.3500E+02   -.3500E+02   -.3500E+02   -.3500E+02   -.3500E+02   -.3500E+02   -.3499E+02   -.3499E+02   -.3499E+02   -.3499E+02   -.3499E+02   -.3499E+02   -.3499E+02   -.3499E+02   -.3499E+02   -.3499E+02   -.3499E+02   -.3499E+02   -.3499E+02   -.3499E+02   -.3499E+02   -.3499E+02   -.3499E+02   -.3499E+02   -.3499E+02   -.3499E+02   -.3499E+02   -.3499E+02   -.3499E+02   -.3498E+02   -.3498E+02   -.3498E+02   -.3498E+02   -.3498E+02   -.3498E+02   -.3498E+02   -.3498E+02   -.3498E+02   -.3498E+02   -.3498E+02   -.3498E+02   -.3498E+02   -.3498E+02   -.3497E+02   -.3497E+02   -.3497E+02   -.3497E+02   -.3497E+02   -.3497E+02   -.3497E+02   -.3497E+02   -.3497E+02   -.3497E+02   -.3497E+02   -.3496E+02   -.3496E+02   -.3496E+02   -.3496E+02   -.3496E+02   -.3496E+02   -.3496E+02   -.3496E+02   -.3496E+02   -.3496E+02   -.3496E+02   -.3496E+02   -.3495E+02   -.3495E+02   -.3495E+02   -.3495E+02   -.3495E+02   -.3495E+02   -.3495E+02   -.3495E+02   -.3495E+02   -.3495E+02   -.3495E+02   -.3495E+02   -.3495E+02   -.3495E+02   -.3495E+02   -.3496E+02   -.3496E+02   -.3496E+02   -.3496E+02   -.3496E+02   -.3496E+02   -.3497E+02   -.3497E+02   -.3497E+02   -.3498E+02   -.3498E+02   -.3499E+02   -.3499E+02   -.3500E+02   -.3501E+02   -.3501E+02   -.3502E+02   -.3503E+02   -.3504E+02   -.3505E+02   -.3507E+02
0.1027E+04   0.2500E+01   -.3500E+02   -.3500E+02   -.3500E+02   -.3500E+02   -.3500E+02   -.3500E+02   -.3500E+02   -.3500E+02   -.3500E+02   -.3500E+02   -.3500E+02   -.3500E+02   -.3500E+02   -.3500E+02   -.3500E+02   -.3500E+02   -.3500E+02   -.3500E+02   -.3500E+02   -.3500E+02   -.3500E+02   -.3500E+02   -.3500E+02   -.3500E+02   -.3500E+02   -.3500E+02   -.3500E+02   -.3500E+02   -.3500E+02   -.3500E+02   -.3500E+02   -.3500E+02   -.3500E+02   -.3500E+02   -.3499E+02   -.3499E+02   -.3499E+02   -.3499E+02   -.3499E+02   -.3499E+02   -.3499E+02   -.3499E+02   -.3499E+02   -.3499E+02   -.3499E+02   -.3499E+02   -.3499E+02   -.3499E+02   -.3499E+02   -.3499E+02   -.3499E+02   -.3499E+02   -.3499E+02   -.3499E+02   -.3499E+02   -.3499E+02   -.3499E+02   -.3499E+02   -.3499E+02   -.3499E+02   -.3498E+02   -.3498E+02   -.3498E+02   -.3498E+02   -.3498E+02   -.3498E+02   -.3498E+02   -.3498E+02   -.3498E+02   -.3498E+02   -.3498E+02   -.3498E+02   -.3498E+02   -.3498E+02   -.3498E+02   -.3498E+02   -.3498E+02   -.3497E+02   -.3497E+02   -.3497E+02   -.3497E+02   -.3497E+02   -.3497E+02   -.3497E+02   -.3497E+02   -.3497E+02   -.3497E+02   -.3497E+02   -.3497E+02   -.3497E+02   -.3497E+02   -.3497E+02   -.3497E+02   -.3497E+02   -.3497E+02   -.3497E+02   -.3497E+02   -.3497E+02   -.3497E+02   -.3497E+02   -.3497E+02   -.3497E+02   -.3497E+02   -.3497E+02   -.3497E+02   -.3498E+02   -.3498E+02   -.3498E+02   -.3498E+02   -.3498E+02   -.3499E+02   -.3499E+02   -.3499E+02   -.3500E+02   -.3500E+02   -.3501E+02   -.3501E+02   -.3502E+02   -.3502E+02   -.3503E+02   -.3504E+02   -.3505E+02   -.3506E+02   -.3507E+02   -.3508E+02   -.3509E+02   -.3511E+02   -.3512E+02
0.1028E+04   0.3550E+01   -.3500E+02   -.3500E+02   -.3500E+02   -.3500E+02   -.3500E+02   -.3500E+02   -.3500E+02   -.3500E+02   -.3500E+02   -.3500E+02   -.3500E+02   -.3500E+02   -.3500E+02   -.3500E+02   -.3500E+02   -.3500E+02   -.3500E+02   -.3500E+02   -.3500E+02   -.3500E+02   -.3500E+02   -.3500E+02   -.3500E+02   -.3500E+02   -.3500E+02   -.3500E+02   -.3500E+02   -.3500E+02   -.3500E+02   -.3500E+02   -.3500E+02   -.3500E+02   -.3500E+02   -.3500E+02   -.3500E+02   -.3500E+02   -.3499E+02   -.3499E+02   -.3499E+02   -.3499E+02   -.3499E+02   -.3499E+02   -.3499E+02   -.3499E+02   -.3499E+02   -.3499E+02   -.3499E+02   -.3499E+02   -.3499E+02   -.3499E+02   -.3499E+02   -.3499E+02   -.3499E+02   -.3499E+02   -.3499E+02   -.3499E+02   -.3499E+02   -.3499E+02   -.3499E+02   -.3499E+02   -.3499E+02   -.3499E+02   -.3499E+02   -.3499E+02   -.3499E+02   -.3498E+02   -.3498E+02   -.3498E+02   -.3498E+02   -.3498E+02   -.3498E+02   -.3498E+02   -.3498E+02   -.3498E+02   -.3498E+02   -.3498E+02   -.3498E+02   -.3498E+02   -.3498E+02   -.3498E+02   -.3498E+02   -.3498E+02   -.3498E+02   -.3498E+02   -.3498E+02   -.3498E+02   -.3498E+02   -.3498E+02   -.3498E+02   -.3498E+02   -.3498E+02   -.3498E+02   -.3498E+02   -.3498E+02   -.3498E+02   -.3498E+02   -.3498E+02   -.3498E+02   -.3498E+02   -.3498E+02   -.3498E+02   -.3499E+02   -.3499E+02   -.3499E+02   -.3499E+02   -.3499E+02   -.3500E+02   -.3500E+02   -.3500E+02   -.3500E+02   -.3501E+02   -.3501E+02   -.3502E+02   -.3502E+02   -.3503E+02   -.3503E+02   -.3504E+02   -.3505E+02   -.3505E+02   -.3506E+02   -.3507E+02   -.3508E+02   -.3510E+02   -.3511E+02   -.3513E+02   -.3514E+02   -.3516E+02   -.3518E+02
0.1029E+04   0.4486E+01   -.3500E+02   -.3500E+02   -.3500E+02   -.3500E+02   -.3500E+02   -.3500E+02   -.3500E+02   -.3500E+02   -.3500E+02   -.3500E+02   -.3500E+02   -.3500E+02   -.3500E+02   -.3500E+02   -.3500E+02   -.3500E+02   -.3500E+02   -.3500E+02   -.3500E+02   -.3500E+02   -.3500E+02   -.3500E+02   -.3500E+02   -.3500E+02   -.3500E+02   -.3500E+02   -.3500E+02   -.3500E+02   -.3500E+02   -.3500E+02   -.3500E+02   -.3500E+02   -.3500E+02   -.3500E+02   -.3500E+02   -.3500E+02   -.3500E+02   -.3500E+02   -.3499E+02   -.3499E+02   -.3499E+02   -.3499E+02   -.3499E+02   -.3499E+02   -.3499E+02   -.3499E+02   -.3499E+02   -.3499E+02   -.3499E+02   -.3499E+02   -.3499E+02   -.3499E+02   -.3499E+02   -.3499E+02   -.3499E+02   -.3499E+02   -.3499E+02   -.3499E+02   -.3499E+02   -.3499E+02   -.3499E+02   -.3499E+02   -.3499E+02   -.3499E+02   -.3499E+02   -.3499E+02   -.3499E+02   -.3499E+02   -.3499E+02   -.3499E+02   -.3499E+02   -.3499E+02   -.3499E+02   -.3499E+02   -.3498E+02   -.3498E+02   -.3498E+02   -.3498E+02   -.3498E+02   -.3498E+02   -.3498E+02   -.3498E+02   -.3498E+02   -.3498E+02   -.3498E+02   -.3498E+02   -.3498E+02   -.3499E+02   -.3499E+02   -.3499E+02   -.3499E+02   -.3499E+02   -.3499E+02   -.3499E+02   -.3499E+02   -.3499E+02   -.3499E+02   -.3499E+02   -.3499E+02   -.3500E+02   -.3500E+02   -.3500E+02   -.3500E+02   -.3500E+02   -.3501E+02   -.3501E+02   -.3501E+02   -.3502E+02   -.3502E+02   -.3502E+02   -.3503E+02   -.3503E+02   -.3504E+02   -.3504E+02   -.3505E+02   -.3506E+02   -.3507E+02   -.3508E+02   -.3509E+02   -.3510E+02   -.3511E+02   -.3512E+02   -.3514E+02   -.3516E+02   -.3518E+02   -.3520E+02   -.3523E+02   -.3526E+02
0.1030E+04   0.5320E+01   -.3500E+02   -.3500E+02   -.3500E+02   -.3500E+02   -.3500E+02   -.3500E+02   -.3500E+02   -.3500E+02   -.3500E+02   -.3500E+02   -.3500E+02   -.3500E+02   -.3500E+02   -.3500E+02   -.3500E+02   -.3500E+02   -.3500E+02   -.3500E+02   -.3500E+02   -.3500E+02   -.3500E+02   -.3500E+02   -.3500E+02   -.3500E+02   -.3500E+02   -.3500E+02   -.3500E+02   -.3500E+02   -.3500E+02   -.3500E+02   -.3500E+02   -.3500E+02   -.3500E+02   -.3500E+02   -.3500E+02   -.3500E+02   -.3500E+02   -.3500E+02   -.3500E+02   -.3499E+02   -.3499E+02   -.3499E+02   -.3499E+02   -.3499E+02   -.3499E+02   -.3499E+02   -.3499E+02   -.3499E+02   -.3499E+02   -.3499E+02   -.3499E+02   -.3499E+02   -.3499E+02   -.3499E+02   -.3499E+02   -.3499E+02   -.3499E+02   -.3499E+02   -.3499E+02   -.3499E+02   -.3499E+02   -.3499E+02   -.3499E+02   -.3499E+02   -.3499E+02   -.3499E+02   -.3499E+02   -.3499E+02   -.3499E+02   -.3499E+02   -.3499E+02   -.3499E+02   -.3499E+02   -.3499E+02   -.3499E+02   -.3499E+02   -.3499E+02   -.3499E+02   -.3499E+02   -.3499E+02   -.3499E+02   -.3499E+02   -.3499E+02   -.3499E+02   -.3499E+02   -.3499E+02   -.3499E+02   -.3499E+02   -.3499E+02   -.3499E+02   -.3499E+02   -.3499E+02   -.3500E+02   -.3500E+02   -.3500E+02   -.3500E+02   -.3500E+02   -.3500E+02   -.3500E+02   -.3501E+02   -.3501E+02   -.3501E+02   -.3501E+02   -.3502E+02   -.3502E+02   -.3502E+02   -.3503E+02   -.3503E+02   -.3504E+02   -.3504E+02   -.3505E+02   -.3505E+02   -.3506E+02   -.3507E+02   -.3508E+02   -.3509E+02   -.3510E+02   -.3511E+02   -.3512E+02   -.3513E+02   -.3515E+02   -.3517E+02   -.3519E+02   -.3521E+02   -.3524E+02   -.3528E+02   -.3531E+02   -.3536E+02
0.1031E+04   0.6064E+01   -.3500E+02   -.3500E+02   -.3500E+02   -.3500E+02   -.3500E+02   -.3500E+02   -.3500E+02   -.3500E+02   -.3500E+02   -.3500E+02   -.3500E+02   -.3500E+02   -.3500E+02   -.3500E+02   -.3500E+02   -.3500E+02   -.3500E+02   -.3500E+02   -.3500E+02   -.3500E+02   -.3500E+02   -.3500E+02   -.3500E+02   -.3500E+02   -.3500E+02   -.3500E+02   -.3500E+02   -.3500E+02   -.3500E+02   -.3500E+02   -.3500E+02   -.3500E+02   -.3500E+02   -.3500E+02   -.3500E+02   -.3500E+02   -.3500E+02   -.3500E+02   -.3500E+02   -.3500E+02   -.3499E+02   -.3499E+02   -.3499E+02   -.3499E+02   -.3499E+02   -.3499E+02   -.3499E+02   -.3499E+02   -.3499E+02   -.3499E+02   -.3499E+02   -.3499E+02   -.3499E+02   -.3499E+02   -.3499E+02   -.3499E+02   -.3499E+02   -.3499E+02   -.3499E+02   -.3499E+02   -.3499E+02   -.3499E+02   -.3499E+02   -.3499E+02   -.3499E+02   -.3499E+02   -.3499E+02   -.3499E+02   -.3499E+02   -.3499E+02   -.3499E+02   -.3499E+02   -.3499E+02   -.3499E+02   -.3499E+02   -.3499E+02   -.3499E+02   -.3499E+02   -.3499E+02   -.3499E+02   -.3499E+02   -.3499E+02   -.3499E+02   -.3499E+02   -.3499E+02   -.3499E+02   -.3500E+02   -.3500E+02   -.3500E+02   -.3500E+02   -.3500E+02   -.3500E+02   -.3500E+02   -.3500E+02   -.3501E+02   -.3501E+02   -.3501E+02   -.3501E+02   -.3501E+02   -.3502E+02   -.3502E+02   -.3502E+02   -.3503E+02   -.3503E+02   -.3503E+02   -.3504E+02   -.3504E+02   -.3505E+02   -.3505E+02   -.3506E+02   -.3507E+02   -.3507E+02   -.3508E+02   -.3509E+02   -.3510E+02   -.3511E+02   -.3513E+02   -.3514E+02   -.3516E+02   -.3518E+02   -.3520E+02   -.3522E+02   -.3525E+02   -.3528E+02   -.3532E+02   -.3537E+02   -.3542E+02   -.3549E+02
0.1032E+04   0.6727E+01   -.3500E+02   -.3500E+02   -.3500E+02   -.3500E+02   -.3500E+02   -.3500E+02   -.3500E+02   -.3500E+02   -.3500E+02   -.3500E+02   -.3500E+02   -.3500E+02   -.3500E+02   -.3500E+02   -.3500E+02   -.3500E+02   -.3500E+02   -.3500E+02   -.3500E+02   -.3500E+02   -.3500E+02   -.3500E+02   -.3500E+02   -.3500E+02   -.3500E+02   -.3500E+02   -.3500E+02   -.3500E+02   -.3500E+02   -.3500E+02   -.3500E+02   -.3500E+02   -.3500E+02   -.3500E+02   -.3500E+02   -.3500E+02   -.3500E+02   -.3500E+02   -.3500E+02   -.3500E+02   -.3500E+02   -.3499E+02   -.3499E+02   -.3499E+02   -.3499E+02   -.3499E+02   -.3499E+02   -.3499E+02   -.3499E+02   -.3499E+02   -.3499E+02   -.3499E+02   -.3499E+02   -.3499E+02   -.3499E+02   -.3499E+02   -.3499E+02   -.3499E+02   -.3499E+02   -.3499E+02   -.3499E+02   -.3499E+02   -.3499E+02   -.3499E+02   -.3499E+02   -.3499E+02   -.3499E+02   -.3499E+02   -.3499E+02   -.3499E+02   -.3499E+02   -.3499E+02   -.3499E+02   -.3499E+02   -.3499E+02   -.3499E+02   -.3499E+02   -.3499E+02   -.3499E+02   -.3499E+02   -.3500E+02   -.3500E+02   -.3500E+02   -.3500E+02   -.3500E+02   -.3500E+02   -.3500E+02   -.3500E+02   -.3500E+02   -.3500E+02   -.3501E+02   -.3501E+02   -.3501E+02   -.3501E+02   -.3501E+02   -.3501E+02   -.3502E+02   -.3502E+02   -.3502E+02   -.3503E+02   -.3503E+02   -.3503E+02   -.3504E+02   -.3504E+02   -.3505E+02   -.3505E+02   -.3506E+02   -.3506E+02   -.3507E+02   -.3508E+02   -.3509E+02   -.3509E+02   -.3510E+02   -.3512E+02   -.3513E+02   -.3514E+02   -.3516E+02   -.3518E+02   -.3520E+02   -.3522E+02   -.3525E+02   -.3528E+02   -.3532E+02   -.3537E+02   -.3542E+02   -.3548E+02   -.3556E+02   -.3566E+02
0.1033E+04   0.7318E+01   -.3500E+02   -.3500E+02   -.3500E+02   -.3500E+02   -.3500E+02   -.3500E+02   -.3500E+02   -.3500E+02   -.3500E+02   -.3500E+02   -.3500E+02   -.3500E+02   -.3500E+02   -.3500E+02   -.3500E+02   -.3500E+02   -.3500E+02   -.3500E+02   -.3500E+02   -.3500E+02   -.3500E+02   -.3500E+02   -.3500E+02   -.3500E+02   -.3500E+02   -.3500E+02   -.3500E+02   -.3500E+02   -.3500E+02   -.3500E+02   -.3500E+02   -.3500E+02   -.3500E+02   -.3500E+02   -.3500E+02   -.3500E+02   -.3500E+02   -.3500E+02   -.3500E+02   -.3500E+02   -.3500E+02   -.3500E+02   -.3499E+02   -.3499E+02   -.3499E+02   -.3499E+02   -.3499E+02   -.3499E+02   -.3499E+02   -.3499E+02   -.3499E+02   -.3499E+02   -.3499E+02   -.3499E+02   -.3499E+02   -.3499E+02   -.3499E+02   -.3499E+02   -.3499E+02   -.3499E+02   -.3499E+02   -.3499E+02   -.3499E+02   -.3499E+02   -.3499E+02   -.3499E+02   -.3499E+02   -.3499E+02   -.3499E+02   -.3499E+02   -.3499E+02   -.3499E+02   -.3499E+02   -.3499E+02   -.3500E+02   -.3500E+02   -.3500E+02   -.3500E+02   -.3500E+02   -.3500E+02   -.3500E+02   -.3500E+02   -.3500E+02   -.3500E+02   -.3500E+02   -.3500E+02   -.3500E+02   -.3501E+02   -.3501E+02   -.3501E+02   -.3501E+02   -.3501E+02   -.3501E+02   -.3502E+02   -.3502E+02   -.3502E+02   -.3502E+02   -.3503E+02   -.3503E+02   -.3503E+02   -.3504E+02   -.3504E+02   -.3505E+02   -.3505E+02   -.3506E+02   -.3506E+02   -.3507E+02   -.3508E+02   -.3509E+02   -.3509E+02   -.3510E+02   -.3512E+02   -.3513E+02   -.3514E+02   -.3516E+02   -.3517E+02   -.3519E+02   -.3522E+02   -.3524E+02   -.3528E+02   -.3531E+02   -.3536E+02   -.3541E+02   -.3547E+02   -.3554E+02   -.3563E+02   -.3574E+02   -.3586E+02
0.1034E+04   0.7845E+01   -.3500E+02   -.3500E+02   -.3500E+02   -.3500E+02   -.3500E+02   -.3500E+02   -.3500E+02   -.3500E+02   -.3500E+02   -.3500E+02   -.3500E+02   -.3500E+02   -.3500E+02   -.3500E+02   -.3500E+02   -.3500E+02   -.3500E+02   -.3500E+02   -.3500E+02   -.3500E+02   -.3500E+02   -.3500E+02   -.3500E+02   -.3500E+02   -.3500E+02   -.3500E+02   -.3500E+02   -.3500E+02   -.3500E+02   -.3500E+02   -.3500E+02   -.3500E+02   -.3500E+02   -.3500E+02   -.3500E+02   -.3500E+02   -.3500E+02   -.3500E+02   -.3500E+02   -.3500E+02   -.3500E+02   -.3500E+02   -.3499E+02   -.3499E+02   -.3499E+02   -.3499E+02   -.3499E+02   -.3499E+02   -.3499E+02   -.3499E+02   -.3499E+02   -.3499E+02   -.3499E+02   -.3499E+02   -.3499E+02   -.3499E+02   -.3499E+02   -.3499E+02   -.3499E+02   -.3499E+02   -.3499E+02   -.3499E+02   -.3499E+02   -.3499E+02   -.3499E+02   -.3499E+02   -.3499E+02   -.3499E+02   -.3499E+02   -.3500E+02   -.3500E+02   -.3500E+02   -.3500E+02   -.3500E+02   -.3500E+02   -.3500E+02   -.3500E+02   -.3500E+02   -.3500E+02   -.3500E+02   -.3500E+02   -.3500E+02   -.3500E+02   -.3500E+02   -.3501E+02   -.3501E+02   -.3501E+02   -.3501E+02   -.3501E+02   -.3501E+02   -.3502E+02   -.3502E+02   -.3502E+02   -.3502E+02   -.3503E+02   -.3503E+02   -.3503E+02   -.3503E+02   -.3504E+02   -.3504E+02   -.3505E+02   -.3505E+02   -.3506E+02   -.3506E+02   -.3507E+02   -.3508E+02   -.3508E+02   -.3509E+02   -.3510E+02   -.3511E+02   -.3512E+02   -.3514E+02   -.3515E+02   -.3517E+02   -.3519E+02   -.3521E+02   -.3523E+02   -.3526E+02   -.3530E+02   -.3534E+02   -.3538E+02   -.3544E+02   -.3551E+02   -.3559E+02   -.3569E+02   -.3581E+02   -.3594E+02   -.3609E+02
0.1035E+04   0.8315E+01   -.3500E+02   -.3500E+02   -.3500E+02   -.3500E+02   -.3500E+02   -.3500E+02   -.3500E+02   -.3500E+02   -.3500E+02   -.3500E+02   -.3500E+02   -.3500E+02   -.3500E+02   -.3500E+02   -.3500E+02   -.3500E+02   -.3500E+02   -.3500E+02   -.3500E+02   -.3500E+02   -.3500E+02   -.3500E+02   -.3500E+02   -.3500E+02   -.3500E+02   -.3500E+02   -.3500E+02   -.3500E+02   -.3500E+02   -.3500E+02   -.3500E+02   -.3500E+02   -.3500E+02   -.3500E+02   -.3500E+02   -.3500E+02   -.3500E+02   -.3500E+02   -.3500E+02   -.3500E+02   -.3500E+02   -.3500E+02   -.3500E+02   -.3499E+02   -.3499E+02   -.3499E+02   -.3499E+02   -.3499E+02   -.3499E+02   -.3499E+02   -.3499E+02   -.3499E+02   -.3499E+02   -.3499E+02   -.3499E+02   -.3499E+02   -.3499E+02   -.3499E+02   -.3499E+02   -.3499E+02   -.3499E+02   -.3499E+02   -.3499E+02   -.3499E+02   -.3499E+02   -.3500E+02   -.3500E+02   -.3500E+02   -.3500E+02   -.3500E+02   -.3500E+02   -.3500E+02   -.3500E+02   -.3500E+02   -.3500E+02   -.3500E+02   -.3500E+02   -.3500E+02   -.3500E+02   -.3500E+02   -.3500E+02   -.3500E+02   -.3501E+02   -.3501E+02   -.3501E+02   -.3501E+02   -.3501E+02   -.3501E+02   -.3502E+02   -.3502E+02   -.3502E+02   -.3502E+02   -.3502E+02   -.3503E+02   -.3503E+02   -.3503E+02   -.3504E+02   -.3504E+02   -.3505E+02   -.3505E+02   -.3506E+02   -.3506E+02   -.3507E+02   -.3507E+02   -.3508E+02   -.3509E+02   -.3510E+02   -.3511E+02   -.3512E+02   -.3513E+02   -.3514E+02   -.3516E+02   -.3518E+02   -.3520E+02   -.3522E+02   -.3525E+02   -.3528E+02   -.3531E+02   -.3536E+02   -.3541E+02   -.3547E+02   -.3554E+02   -.3563E+02   -.3573E+02   -.3586E+02   -.3599E+02   -.3614E+02   -.3623E+02
0.1036E+04   0.8733E+01   -.3500E+02   -.3500E+02   -.3500E+02   -.3500E+02   -.3500E+02   -.3500E+02   -.3500E+02   -.3500E+02   -.3500E+02   -.3500E+02   -.3500E+02   -.3500E+02   -.3500E+02   -.3500E+02   -.3500E+02   -.3500E+02   -.3500E+02   -.3500E+02   -.3500E+02   -.3500E+02   -.3500E+02   -.3500E+02   -.3500E+02   -.3500E+02   -.3500E+02   -.3500E+02   -.3500E+02   -.3500E+02   -.3500E+02   -.3500E+02   -.3500E+02   -.3500E+02   -.3500E+02   -.3500E+02   -.3500E+02   -.3500E+02   -.3500E+02   -.3500E+02   -.3500E+02   -.3500E+02   -.3500E+02   -.3500E+02   -.3500E+02   -.3500E+02   -.3499E+02   -.3499E+02   -.3499E+02   -.3499E+02   -.3499E+02   -.3499E+02   -.3499E+02   -.3499E+02   -.3499E+02   -.3499E+02   -.3499E+02   -.3499E+02   -.3499E+02   -.3499E+02   -.3499E+02   -.3499E+02   -.3499E+02   -.3500E+02   -.3500E+02   -.3500E+02   -.3500E+02   -.3500E+02   -.3500E+02   -.3500E+02   -.3500E+02   -.3500E+02   -.3500E+02   -.3500E+02   -.3500E+02   -.3500E+02   -.3500E+02   -.3500E+02   -.3500E+02   -.3500E+02   -.3500E+02   -.3500E+02   -.3501E+02   -.3501E+02   -.3501E+02   -.3501E+02   -.3501E+02   -.3501E+02   -.3502E+02   -.3502E+02   -.3502E+02   -.3502E+02   -.3502E+02   -.3503E+02   -.3503E+02   -.3503E+02   -.3504E+02   -.3504E+02   -.3504E+02   -.3505E+02   -.3505E+02   -.3506E+02   -.3506E+02   -.3507E+02   -.3508E+02   -.3508E+02   -.3509E+02   -.3510E+02   -.3511E+02   -.3512E+02   -.3514E+02   -.3515E+02   -.3517E+02   -.3518E+02   -.3520E+02   -.3523E+02   -.3525E+02   -.3529E+02   -.3532E+02   -.3537E+02   -.3542E+02   -.3548E+02   -.3556E+02   -.3565E+02   -.3576E+02   -.3589E+02   -.3603E+02   -.3617E+02   -.3624E+02   -.3623E+02
0.1037E+04   0.9107E+01   -.3500E+02   -.3500E+02   -.3500E+02   -.3500E+02   -.3500E+02   -.3500E+02   -.3500E+02   -.3500E+02   -.3500E+02   -.3500E+02   -.3500E+02   -.3500E+02   -.3500E+02   -.3500E+02   -.3500E+02   -.3500E+02   -.3500E+02   -.3500E+02   -.3500E+02   -.3500E+02   -.3500E+02   -.3500E+02   -.3500E+02   -.3500E+02   -.3500E+02   -.3500E+02   -.3500E+02   -.3500E+02   -.3500E+02   -.3500E+02   -.3500E+02   -.3500E+02   -.3500E+02   -.3500E+02   -.3500E+02   -.3500E+02   -.3500E+02   -.3500E+02   -.3500E+02   -.3500E+02   -.3500E+02   -.3500E+02   -.3500E+02   -.3500E+02   -.3500E+02   -.3499E+02   -.3499E+02   -.3499E+02   -.3499E+02   -.3499E+02   -.3499E+02   -.3499E+02   -.3499E+02   -.3499E+02   -.3499E+02   -.3499E+02   -.3499E+02   -.3499E+02   -.3500E+02   -.3500E+02   -.3500E+02   -.3500E+02   -.3500E+02   -.3500E+02   -.3500E+02   -.3500E+02   -.3500E+02   -.3500E+02   -.3500E+02   -.3500E+02   -.3500E+02   -.3500E+02   -.3500E+02   -.3500E+02   -.3500E+02   -.3500E+02   -.3500E+02   -.3500E+02   -.3501E+02   -.3501E+02   -.3501E+02   -.3501E+02   -.3501E+02   -.3501E+02   -.3501E+02   -.3502E+02   -.3502E+02   -.3502E+02   -.3502E+02   -.3503E+02   -.3503E+02   -.3503E+02   -.3503E+02   -.3504E+02   -.3504E+02   -.3505E+02   -.3505E+02   -.3505E+02   -.3506E+02   -.3507E+02   -.3507E+02   -.3508E+02   -.3509E+02   -.3509E+02   -.3510E+02   -.3511E+02   -.3513E+02   -.3514E+02   -.3515E+02   -.3517E+02   -.3519E+02   -.3521E+02   -.3523E+02   -.3526E+02   -.3529E+02   -.3533E+02   -.3537E+02   -.3543E+02   -.3549E+02   -.3557E+02   -.3566E+02   -.3577E+02   -.3590E+02   -.3604E+02   -.3619E+02   -.3625E+02   -.3621E+02   -.3585E+02
0.1038E+04   0.9439E+01   -.3500E+02   -.3500E+02   -.3500E+02   -.3500E+02   -.3500E+02   -.3500E+02   -.3500E+02   -.3500E+02   -.3500E+02   -.3500E+02   -.3500E+02   -.3500E+02   -.3500E+02   -.3500E+02   -.3500E+02   -.3500E+02   -.3500E+02   -.3500E+02   -.3500E+02   -.3500E+02   -.3500E+02   -.3500E+02   -.3500E+02   -.3500E+02   -.3500E+02   -.3500E+02   -.3500E+02   -.3500E+02   -.3500E+02   -.3500E+02   -.3500E+02   -.3500E+02   -.3500E+02   -.3500E+02   -.3500E+02   -.3500E+02   -.3500E+02   -.3500E+02   -.3500E+02   -.3500E+02   -.3500E+02   -.3500E+02   -.3500E+02   -.3500E+02   -.3500E+02   -.3500E+02   -.3499E+02   -.3499E+02   -.3499E+02   -.3499E+02   -.3499E+02   -.3499E+02   -.3499E+02   -.3499E+02   -.3500E+02   -.3500E+02   -.3500E+02   -.3500E+02   -.3500E+02   -.3500E+02   -.3500E+02   -.3500E+02   -.3500E+02   -.3500E+02   -.3500E+02   -.3500E+02   -.3500E+02   -.3500E+02   -.3500E+02   -.3500E+02   -.3500E+02   -.3500E+02   -.3500E+02   -.3500E+02   -.3500E+02   -.3500E+02   -.3500E+02   -.3501E+02   -.3501E+02   -.3501E+02   -.3501E+02   -.3501E+02   -.3501E+02   -.3501E+02   -.3502E+02   -.3502E+02   -.3502E+02   -.3502E+02   -.3503E+02   -.3503E+02   -.3503E+02   -.3503E+02   -.3504E+02   -.3504E+02   -.3505E+02   -.3505E+02   -.3506E+02   -.3506E+02   -.3507E+02   -.3507E+02   -.3508E+02   -.3509E+02   -.3510E+02   -.3510E+02   -.3511E+02   -.3513E+02   -.3514E+02   -.3515E+02   -.3517E+02   -.3519E+02   -.3521E+02   -.3523E+02   -.3526E+02   -.3529E+02   -.3533E+02   -.3537E+02   -.3543E+02   -.3549E+02   -.3557E+02   -.3566E+02   -.3577E+02   -.3590E+02   -.3604E+02   -.3619E+02   -.3626E+02   -.3622E+02   -.3586E+02   -.3536E+02
0.1039E+04   0.9736E+01   -.3500E+02   -.3500E+02   -.3500E+02   -.3500E+02   -.3500E+02   -.3500E+02   -.3500E+02   -.3500E+02   -.3500E+02   -.3500E+02   -.3500E+02   -.3500E+02   -.3500E+02   -.3500E+02   -.3500E+02   -.3500E+02   -.3500E+02   -.3500E+02   -.3500E+02   -.3500E+02   -.3500E+02   -.3500E+02   -.3500E+02   -.3500E+02   -.3500E+02   -.3500E+02   -.3500E+02   -.3500E+02   -.3500E+02   -.3500E+02   -.3500E+02   -.3500E+02   -.3500E+02   -.3500E+02   -.3500E+02   -.3500E+02   -.3500E+02   -.3500E+02   -.3500E+02   -.3500E+02   -.3500E+02   -.3500E+02   -.3500E+02   -.3500E+02   -.3500E+02   -.3500E+02   -.3500E+02   -.3500E+02   -.3500E+02   -.3500E+02   -.3500E+02   -.3500E+02   -.3500E+02   -.3500E+02   -.3500E+02   -.3500E+02   -.3500E+02   -.3500E+02   -.3500E+02   -.3500E+02   -.3500E+02   -.3500E+02   -.3500E+02   -.3500E+02   -.3500E+02   -.3500E+02   -.3500E+02   -.3500E+02   -.3500E+02   -.3500E+02   -.3500E+02   -.3500E+02   -.3500E+02   -.3500E+02   -.3500E+02   -.3501E+02   -.3501E+02   -.3501E+02   -.3501E+02   -.3501E+02   -.3501E+02   -.3501E+02   -.3502E+02   -.3502E+02   -.3502E+02   -.3502E+02   -.3502E+02   -.3503E+02   -.3503E+02   -.3503E+02   -.3504E+02   -.3504E+02   -.3504E+02   -.3505E+02   -.3505E+02   -.3506E+02   -.3506E+02   -.3507E+02   -.3507E+02   -.3508E+02   -.3509E+02   -.3510E+02   -.3510E+02   -.3511E+02   -.3513E+02   -.3514E+02   -.3515E+02   -.3517E+02   -.3519E+02   -.3521E+02   -.3523E+02   -.3526E+02   -.3529E+02   -.3533E+02   -.3537E+02   -.3542E+02   -.3548E+02   -.3556E+02   -.3565E+02   -.3576E+02   -.3589E+02   -.3603E+02   -.3617E+02   -.3626E+02   -.3623E+02   -.3594E+02   -.3486E+02   -.3362E+02
0.1023E+04   0.1000E+02   -.3500E+02   -.3500E+02   -.3500E+02   -.3500E+02   -.3500E+02   -.3500E+02   -.3500E+02   -.3500E+02   -.3500E+02   -.3500E+02   -.3500E+02   -.3500E+02   -.3500E+02   -.3500E+02   -.3500E+02   -.3500E+02   -.3500E+02   -.3500E+02   -.3500E+02   -.3500E+02   -.3500E+02   -.3500E+02   -.3500E+02   -.3500E+02   -.3500E+02   -.3500E+02   -.3500E+02   -.3500E+02   -.3500E+02   -.3500E+02   -.3500E+02   -.3500E+02   -.3500E+02   -.3500E+02   -.3500E+02   -.3500E+02   -.3500E+02   -.3500E+02   -.3500E+02   -.3500E+02   -.3500E+02   -.3500E+02   -.3500E+02   -.3500E+02   -.3500E+02   -.3500E+02   -.3500E+02   -.3500E+02   -.3500E+02   -.3500E+02   -.3500E+02   -.3500E+02   -.3500E+02   -.3500E+02   -.3500E+02   -.3500E+02   -.3500E+02   -.3500E+02   -.3500E+02   -.3500E+02   -.3500E+02   -.3500E+02   -.3500E+02   -.3500E+02   -.3500E+02   -.3500E+02   -.3500E+02   -.3500E+02   -.3500E+02   -.3500E+02   -.3500E+02   -.3500E+02   -.3500E+02   -.3500E+02   -.3501E+02   -.3501E+02   -.3501E+02   -.3501E+02   -.3501E+02   -.3501E+02   -.3501E+02   -.3502E+02   -.3502E+02   -.3502E+02   -.3502E+02   -.3502E+02   -.3503E+02   -.3503E+02   -.3503E+02   -.3504E+02   -.3504E+02   -.3504E+02   -.3505E+02   -.3505E+02   -.3506E+02   -.3506E+02   -.3507E+02   -.3507E+02   -.3508E+02   -.3509E+02   -.3509E+02   -.3510E+02   -.3511E+02   -.3512E+02   -.3514E+02   -.3515E+02   -.3517E+02   -.3518E+02   -.3520E+02   -.3523E+02   -.3525E+02   -.3528E+02   -.3532E+02   -.3536E+02   -.3541E+02   -.3548E+02   -.3555E+02   -.3564E+02   -.3574E+02   -.3587E+02   -.3601E+02   -.3617E+02   -.3623E+02   -.3632E+02   -.3586E+02   -.3566E+02   -.3206E+02   -.5024E+02
0.1057E+04   0.1033E+02   -.3500E+02   -.3500E+02   -.3500E+02   -.3500E+02   -.3500E+02   -.3500E+02   -.3500E+02   -.3500E+02   -.3500E+02   -.3500E+02   -.3500E+02   -.3500E+02   -.3500E+02   -.3500E+02   -.3500E+02   -.3500E+02   -.3500E+02   -.3500E+02   -.3500E+02   -.3500E+02   -.3500E+02   -.3500E+02   -.3500E+02   -.3500E+02   -.3500E+02   -.3500E+02   -.3500E+02   -.3500E+02   -.3500E+02   -.3500E+02   -.3500E+02   -.3500E+02   -.3500E+02   -.3500E+02   -.3500E+02   -.3500E+02   -.3500E+02   -.3500E+02   -.3500E+02   -.3500E+02   -.3500E+02   -.3500E+02   -.3500E+02   -.3500E+02   -.3500E+02   -.3500E+02   -.3500E+02   -.3500E+02   -.3500E+02   -.3500E+02   -.3500E+02   -.3500E+02   -.3500E+02   -.3500E+02   -.3500E+02   -.3500E+02   -.3500E+02   -.3500E+02   -.3500E+02   -.3500E+02   -.3500E+02   -.3500E+02   -.3500E+02   -.3500E+02   -.3500E+02   -.3500E+02   -.3500E+02   -.3500E+02   -.3500E+02   -.3500E+02   -.3500E+02   -.3500E+02   -.3500E+02   -.3501E+02   -.3501E+02   -.3501E+02   -.3501E+02   -.3501E+02   -.3501E+02   -.3501E+02   -.3502E+02   -.3502E+02   -.3502E+02   -.3502E+02   -.3502E+02   -.3503E+02   -.3503E+02   -.3503E+02   -.3504E+02   -.3504E+02   -.3504E+02   -.3505E+02   -.3505E+02   -.3506E+02   -.3506E+02   -.3507E+02   -.3507E+02   -.3508E+02   -.3509E+02   -.3509E+02   -.3510E+02   -.3511E+02   -.3512E+02   -.3514E+02   -.3515E+02   -.3517E+02   -.3518E+02   -.3520E+02   -.3523E+02   -.3525E+02   -.3528E+02   -.3532E+02   -.3536E+02   -.3541E+02   -.3547E+02   -.3555E+02   -.3563E+02   -.3574E+02   -.3587E+02   -.3600E+02   -.3616E+02   -.3624E+02   -.3629E+02   -.3594E+02   -.3548E+02   -.3314E+02   -.4842E+02   -.1726E+02
0.1058E+04   0.1067E+02   -.3500E+02   -.3500E+02   -.3500E+02   -.3500E+02   -.3500E+02   -.3500E+02   -.3500E+02   -.3500E+02   -.3500E+02   -.3500E+02   -.3500E+02   -.3500E+02   -.3500E+02   -.3500E+02   -.3500E+02   -.3500E+02   -.3500E+02   -.3500E+02   -.3500E+02   -.3500E+02   -.3500E+02   -.3500E+02   -.3500E+02   -.3500E+02   -.3500E+02   -.3500E+02   -.3500E+02   -.3500E+02   -.3500E+02   -.3500E+02   -.3500E+02   -.3500E+02   -.3500E+02   -.3500E+02   -.3500E+02   -.3500E+02   -.3500E+02   -.3500E+02   -.3500E+02   -.3500E+02   -.3500E+02   -.3500E+02   -.3500E+02   -.3500E+02   -.3500E+02   -.3500E+02   -.3500E+02   -.3500E+02   -.3500E+02   -.3500E+02   -.3500E+02   -.3500E+02   -.3500E+02   -.3500E+02   -.3500E+02   -.3500E+02   -.3500E+02   -.3500E+02   -.3500E+02   -.3500E+02   -.3500E+02   -.3500E+02   -.3500E+02   -.3500E+02   -.3500E+02   -.3500E+02   -.3500E+02   -.3500E+02   -.3500E+02   -.3500E+02   -.3500E+02   -.3501E+02   -.3501E+02   -.3501E+02   -.3501E+02   -.3501E+02   -.3501E+02   -.3501E+02   -.3501E+02   -.3502E+02   -.3502E+02   -.3502E+02   -.3502E+02   -.3502E+02   -.3503E+02   -.3503E+02   -.3503E+02   -.3504E+02   -.3504E+02   -.3504E+02   -.3505E+02   -.3505E+02   -.3506E+02   -.3506E+02   -.3507E+02   -.3507E+02   -.3508E+02   -.3509E+02   -.3510E+02   -.3510E+02   -.3511E+02   -.3513E+02   -.3514E+02   -.3515E+02   -.3517E+02   -.3518E+02   -.3520E+02   -.3523E+02   -.3525E+02   -.3528E+02   -.3532E+02   -.3536E+02   -.3541E+02   -.3547E+02   -.3555E+02   -.3563E+02   -.3574E+02   -.3587E+02   -.3600E+02   -.3616E+02   -.3624E+02   -.3629E+02   -.3594E+02   -.3548E+02   -.3316E+02   -.4836E+02   -.1740E+02   -.9310E+01
0.1059E+04   0.1100E+02   -.3500E+02   -.3500E+02   -.3500E+02   -.3500E+02   -.3500E+02   -.3500E+02   -.3500E+02   -.3500E+02   -.3500E+02   -.3500E+02   -.3500E+02   -.3500E+02   -.3500E+02   -.3500E+02   -.3500E+02   -.3500E+02   -.3500E+02   -.3500E+02   -.3500E+02   -.3500E+02   -.3500E+02   -.3500E+02   -.3500E+02   -.3500E+02   -.3500E+02   -.3500E+02   -.3500E+02   -.3500E+02   -.3500E+02   -.3500E+02   -.3500E+02   -.3500E+02   -.3500E+02   -.3500E+02   -.3500E+02   -.3500E+02   -.3500E+02   -.3500E+02   -.3500E+02   -.3500E+02   -.3500E+02   -.3500E+02   -.3500E+02   -.3500E+02   -.3500E+02   -.3500E+02   -.3500E+02   -.3500E+02   -.3500E+02   -.3500E+02   -.3500E+02   -.3500E+02   -.3500E+02   -.3500E+02   -.3500E+02   -.3500E+02   -.3500E+02   -.3500E+02   -.3500E+02   -.3500E+02   -.3500E+02   -.3500E+02   -.3500E+02   -.3500E+02   -.3500E+02   -.3500E+02   -.3500E+02   -.3500E+02   -.3500E+02   -.3500E+02   -.3501E+02   -.3501E+02   -.3501E+02   -.3501E+02   -.3501E+02   -.3501E+02   -.3501E+02   -.3501E+02   -.3502E+02   -.3502E+02   -.3502E+02   -.3502E+02   -.3503E+02   -.3503E+02   -.3503E+02   -.3503E+02   -.3504E+02   -.3504E+02   -.3504E+02   -.3505E+02   -.3505E+02   -.3506E+02   -.3506E+02   -.3507E+02   -.3507E+02   -.3508E+02   -.3509E+02   -.3510E+02   -.3510E+02   -.3511E+02   -.3513E+02   -.3514E+02   -.3515E+02   -.3517E+02   -.3518E+02   -.3520E+02   -.3523E+02   -.3525E+02   -.3528E+02   -.3532E+02   -.3536E+02   -.3541E+02   -.3547E+02   -.3555E+02   -.3564E+02   -.3574E+02   -.3587E+02   -.3600E+02   -.3616E+02   -.3624E+02   -.3629E+02   -.3594E+02   -.3548E+02   -.3316E+02   -.4834E+02   -.1733E+02   -.1106E+02   -.1144E+02
0.1060E+04   0.1133E+02   -.3500E+02   -.3500E+02   -.3500E+02   -.3500E+02   -.3500E+02   -.3500E+02   -.3500E+02   -.3500E+02   -.3500E+02   -.3500E+02   -.3500E+02   -.3500E+02   -.3500E+02   -.3500E+02   -.3500E+02   -.3500E+02   -.3500E+02   -.3500E+02   -.3500E+02   -.3500E+02   -.3500E+02   -.3500E+02   -.3500E+02   -.3500E+02   -.3500E+02   -.3500E+02   -.3500E+02   -.3500E+02   -.3500E+02   -.3500E+02   -.3500E+02   -.3500E+02   -.3500E+02   -.3500E+02   -.3500E+02   -.3500E+02   -.3500E+02   -.3500E+02   -.3500E+02   -.3500E+02   -.3500E+02   -.3500E+02   -.3500E+02   -.3500E+02   -.3500E+02   -.3500E+02   -.3500E+02   -.3500E+02   -.3500E+02   -.3500E+02   -.3500E+02   -.3500E+02   -.3500E+02   -.3500E+02   -.3500E+02   -.3500E+02   -.3500E+02   -.3500E+02   -.3500E+02   -.3500E+02   -.3500E+02   -.3500E+02   -.3500E+02   -.3500E+02   -.3500E+02   -.3500E+02   -.3500E+02   -.3500E+02   -.3500E+02   -.3501E+02   -.3501E+02   -.3501E+02   -.3501E+02   -.3501E+02   -.3501E+02   -.3501E+02   -.3501E+02   -.3502E+02   -.3502E+02   -.3502E+02   -.3502E+02   -.3503E+02   -.3503E+02   -.3503E+02   -.3503E+02   -.3504E+02   -.3504E+02   -.3504E+02   -.3505E+02   -.3505E+02   -.3506E+02   -.3506E+02   -.3507E+02   -.3507E+02   -.3508E+02   -.3509E+02   -.3510E+02   -.3511E+02   -.3512E+02   -.3513E+02   -.3514E+02   -.3515E+02   -.3517E+02   -.3518E+02   -.3520E+02   -.3523E+02   -.3525E+02   -.3528E+02   -.3532E+02   -.3536E+02   -.3541E+02   -.3547E+02   -.3555E+02   -.3564E+02   -.3574E+02   -.3587E+02   -.3600E+02   -.3616E+02   -.3624E+02   -.3629E+02   -.3594E+02   -.3548E+02   -.3316E+02   -.4834E+02   -.1733E+02   -.1106E+02   -.1143E+02   -.1027E+02
0.1061E+04   0.1167E+02   -.3500E+02   -.3500E+02   -.3500E+02   -.3500E+02   -.3500E+02   -.3500E+02   -.3500E+02   -.3500E+02   -.3500E+02   -.3500E+02   -.3500E+02   -.3500E+02   -.3500E+02   -.3500E+02   -.3500E+02   -.3500E+02   -.3500E+02   -.3500E+02   -.3500E+02   -.3500E+02   -.3500E+02   -.3500E+02   -.3500E+02   -.3500E+02   -.3500E+02   -.3500E+02   -.3500E+02   -.3500E+02   -.3500E+02   -.3500E+02   -.3500E+02   -.3500E+02   -.3500E+02   -.3500E+02   -.3500E+02   -.3500E+02   -.3500E+02   -.3500E+02   -.3500E+02   -.3500E+02   -.3500E+02   -.3500E+02   -.3500E+02   -.3500E+02   -.3500E+02   -.3500E+02   -.3500E+02   -.3500E+02   -.3500E+02   -.3500E+02   -.3500E+02   -.3500E+02   -.3500E+02   -.3500E+02   -.3500E+02   -.3500E+02   -.3500E+02   -.3500E+02   -.3500E+02   -.3500E+02   -.3500E+02   -.3500E+02   -.3500E+02   -.3500E+02   -.3500E+02   -.3500E+02   -.3500E+02   -.3500E+02   -.3501E+02   -.3501E+02   -.3501E+02   -.3501E+02   -.3501E+02   -.3501E+02   -.3501E+02   -.3502E+02   -.3502E+02   -.3502E+02   -.3502E+02   -.3502E+02   -.3503E+02   -.3503E+02   -.3503E+02   -.3503E+02   -.3504E+02   -.3504E+02   -.3504E+02   -.3505E+02   -.3505E+02   -.3506E+02   -.3506E+02   -.3507E+02   -.3507E+02   -.3508E+02   -.3509E+02   -.3510E+02   -.3511E+02   -.3512E+02   -.3513E+02   -.3514E+02   -.3515E+02   -.3517E+02   -.3519E+02   -.3521E+02   -.3523E+02   -.3525E+02   -.3529E+02   -.3532E+02   -.3536E+02   -.3541E+02   -.3547E+02   -.3555E+02   -.3564E+02   -.3574E+02   -.3587E+02   -.3600E+02   -.3616E+02   -.3624E+02   -.3629E+02   -.3594E+02   -.3548E+02   -.3316E+02   -.4834E+02   -.1733E+02   -.1106E+02   -.1143E+02   -.1026E+02   -.1016E+02
0.1062E+04   0.1200E+02   -.3500E+02   -.3500E+02   -.3500E+02   -.3500E+02   -.3500E+02   -.3500E+02   -.3500E+02   -.3500E+02   -.3500E+02   -.3500E+02   -.3500E+02   -.3500E+02   -.3500E+02   -.3500E+02   -.3500E+02   -.3500E+02   -.3500E+02   -.3500E+02   -.3500E+02   -.3500E+02   -.3500E+02   -.3500E+02   -.3500E+02   -.3500E+02   -.3500E+02   -.3500E+02   -.3500E+02   -.3500E+02   -.3500E+02   -.3500E+02   -.3500E+02   -.3500E+02   -.3500E+02   -.3500E+02   -.3500E+02   -.3500E+02   -.3500E+02   -.3500E+02   -.3500E+02   -.3500E+02   -.3500E+02   -.3500E+02   -.3500E+02   -.3500E+02   -.3500E+02   -.3500E+02   -.3500E+02   -.3500E+02   -.3500E+02   -.3500E+02   -.3500E+02   -.3500E+02   -.3500E+02   -.3500E+02   -.3500E+02   -.3500E+02   -.3500E+02   -.3500E+02   -.3500E+02   -.3500E+02   -.3500E+02   -.3500E+02   -.3500E+02   -.3500E+02   -.3500E+02   -.3500E+02   -.3500E+02   -.3501E+02   -.3501E+02   -.3501E+02   -.3501E+02   -.3501E+02   -.3501E+02   -.3501E+02   -.3502E+02   -.3502E+02   -.3502E+02   -.3502E+02   -.3502E+02   -.3503E+02   -.3503E+02   -.3503E+02   -.3503E+02   -.3504E+02   -.3504E+02   -.3504E+02   -.3505E+02   -.3505E+02   -.3506E+02   -.3506E+02   -.3507E+02   -.3508E+02   -.3508E+02   -.3509E+02   -.3510E+02   -.3511E+02   -.3512E+02   -.3513E+02   -.3514E+02   -.3515E+02   -.3517E+02   -.3519E+02   -.3521E+02   -.3523E+02   -.3525E+02   -.3529E+02   -.3532E+02   -.3536E+02   -.3541E+02   -.3548E+02   -.3555E+02   -.3564E+02   -.3574E+02   -.3587E+02   -.3600E+02   -.3616E+02   -.3624E+02   -.3629E+02   -.3594E+02   -.3548E+02   -.3316E+02   -.4834E+02   -.1733E+02   -.1105E+02   -.1143E+02   -.1026E+02   -.1016E+02   -.9531E+01
0.1063E+04   0.1233E+02   -.3500E+02   -.3500E+02   -.3500E+02   -.3500E+02   -.3500E+02   -.3500E+02   -.3500E+02   -.3500E+02   -.3500E+02   -.3500E+02   -.3500E+02   -.3500E+02   -.3500E+02   -.3500E+02   -.3500E+02   -.3500E+02   -.3500E+02   -.3500E+02   -.3500E+02   -.3500E+02   -.3500E+02   -.3500E+02   -.3500E+02   -.3500E+02   -.3500E+02   -.3500E+02   -.3500E+02   -.3500E+02   -.3500E+02   -.3500E+02   -.3500E+02   -.3500E+02   -.3500E+02   -.3500E+02   -.3500E+02   -.3500E+02   -.3500E+02   -.3500E+02   -.3500E+02   -.3500E+02   -.3500E+02   -.3500E+02   -.3500E+02   -.3500E+02   -.3500E+02   -.3500E+02   -.3500E+02   -.3500E+02   -.3500E+02   -.3500E+02   -.3500E+02   -.3500E+02   -.3500E+02   -.3500E+02   -.3500E+02   -.3500E+02   -.3500E+02   -.3500E+02   -.3500E+02   -.3500E+02   -.3500E+02   -.3500E+02   -.3500E+02   -.3500E+02   -.3500E+02   -.3501E+02   -.3501E+02   -.3501E+02   -.3501E+02   -.3501E+02   -.3501E+02   -.3501E+02   -.3501E+02   -.3502E+02   -.3502E+02   -.3502E+02   -.3502E+02   -.3502E+02   -.3503E+02   -.3503E+02   -.3503E+02   -.3503E+02   -.3504E+02   -.3504E+02   -.3505E+02   -.3505E+02   -.3505E+02   -.3506E+02   -.3506E+02   -.3507E+02   -.3508E+02   -.3508E+02   -.3509E+02   -.3510E+02   -.3511E+02   -.3512E+02   -.3513E+02   -.3514E+02   -.3515E+02   -.3517E+02   -.3519E+02   -.3521E+02   -.3523E+02   -.3526E+02   -.3529E+02   -.3532E+02   -.3536E+02   -.3542E+02   -.3548E+02   -.3555E+02   -.3564E+02   -.3574E+02   -.3587E+02   -.3600E+02   -.3616E+02   -.3624E+02   -.3629E+02   -.3594E+02   -.3548E+02   -.3316E+02   -.4834E+02   -.1733E+02   -.1105E+02   -.1143E+02   -.1026E+02   -.1016E+02   -.9525E+01   -.9180E+01
0.1064E+04   0.1267E+02   -.3500E+02   -.3500E+02   -.3500E+02   -.3500E+02   -.3500E+02   -.3500E+02   -.3500E+02   -.3500E+02   -.3500E+02   -.3500E+02   -.3500E+02   -.3500E+02   -.3500E+02   -.3500E+02   -.3500E+02   -.3500E+02   -.3500E+02   -.3500E+02   -.3500E+02   -.3500E+02   -.3500E+02   -.3500E+02   -.3500E+02   -.3500E+02   -.3500E+02   -.3500E+02   -.3500E+02   -.3500E+02   -.3500E+02   -.3500E+02   -.3500E+02   -.3500E+02   -.3500E+02   -.3500E+02   -.3500E+02   -.3500E+02   -.3500E+02   -.3500E+02   -.3500E+02   -.3500E+02   -.3500E+02   -.3500E+02   -.3500E+02   -.3500E+02   -.3500E+02   -.3500E+02   -.3500E+02   -.3500E+02   -.3500E+02   -.3500E+02   -.3500E+02   -.3500E+02   -.3500E+02   -.3500E+02   -.3500E+02   -.3500E+02   -.3500E+02   -.3500E+02   -.3500E+02   -.3500E+02   -.3500E+02   -.3500E+02   -.3500E+02   -.3500E+02   -.3501E+02   -.3501E+02   -.3501E+02   -.3501E+02   -.3501E+02   -.3501E+02   -.3501E+02   -.3501E+02   -.3502E+02   -.3502E+02   -.3502E+02   -.3502E+02   -.3502E+02   -.3503E+02   -.3503E+02   -.3503E+02   -.3503E+02   -.3504E+02   -.3504E+02   -.3505E+02   -.3505E+02   -.3505E+02   -.3506E+02   -.3506E+02   -.3507E+02   -.3508E+02   -.3508E+02   -.3509E+02   -.3510E+02   -.3511E+02   -.3512E+02   -.3513E+02   -.3514E+02   -.3515E+02   -.3517E+02   -.3519E+02   -.3521E+02   -.3523E+02   -.3526E+02   -.3529E+02   -.3532E+02   -.3536E+02   -.3542E+02   -.3548E+02   -.3555E+02   -.3564E+02   -.3574E+02   -.3587E+02   -.3600E+02   -.3616E+02   -.3624E+02   -.3629E+02   -.3594E+02   -.3548E+02   -.3316E+02   -.4834E+02   -.1733E+02   -.1105E+02   -.1143E+02   -.1026E+02   -.1015E+02   -.9525E+01   -.9177E+01   -.8747E+01
0.1065E+04   0.1300E+02   -.3500E+02   -.3500E+02   -.3500E+02   -.3500E+02   -.3500E+02   -.3500E+02   -.3500E+02   -.3500E+02   -.3500E+02   -.3500E+02   -.3500E+02   -.3500E+02   -.3500E+02   -.3500E+02   -.3500E+02   -.3500E+02   -.3500E+02   -.3500E+02   -.3500E+02   -.3500E+02   -.3500E+02   -.3500E+02   -.3500E+02   -.3500E+02   -.3500E+02   -.3500E+02   -.3500E+02   -.3500E+02   -.3500E+02   -.3500E+02   -.3500E+02   -.3500E+02   -.3500E+02   -.3500E+02   -.3500E+02   -.3500E+02   -.3500E+02   -.3500E+02   -.3500E+02   -.3500E+02   -.3500E+02   -.3500E+02   -.3500E+02   -.3500E+02   -.3500E+02   -.3500E+02   -.3500E+02   -.3500E+02   -.3500E+02   -.3500E+02   -.3500E+02   -.3500E+02   -.3500E+02   -.3500E+02   -.3500E+02   -.3500E+02   -.3500E+02   -.3500E+02   -.3500E+02   -.3500E+02   -.3500E+02   -.3500E+02   -.3500E+02   -.3501E+02   -.3501E+02   -.3501E+02   -.3501E+02   -.3501E+02   -.3501E+02   -.3501E+02   -.3501E+02   -.3502E+02   -.3502E+02   -.3502E+02   -.3502E+02   -.3502E+02   -.3503E+02   -.3503E+02   -.3503E+02   -.3504E+02   -.3504E+02   -.3504E+02   -.3505E+02   -.3505E+02   -.3505E+02   -.3506E+02   -.3506E+02   -.3507E+02   -.3508E+02   -.3508E+02   -.3509E+02   -.3510E+02   -.3511E+02   -.3512E+02   -.3513E+02   -.3514E+02   -.3515E+02   -.3517E+02   -.3519E+02   -.3521E+02   -.3523E+02   -.3526E+02   -.3529E+02   -.3532E+02   -.3537E+02   -.3542E+02   -.3548E+02   -.3555E+02   -.3564E+02   -.3574E+02   -.3587E+02   -.3600E+02   -.3616E+02   -.3624E+02   -.3629E+02   -.3594E+02   -.3548E+02   -.3316E+02   -.4834E+02   -.1733E+02   -.1105E+02   -.1143E+02   -.1026E+02   -.1015E+02   -.9525E+01   -.9177E+01   -.8745E+01   -.8401E+01
0.1066E+04   0.1333E+02   -.3500E+02   -.3500E+02   -.3500E+02   -.3500E+02   -.3500E+02   -.3500E+02   -.3500E+02   -.3500E+02   -.3500E+02   -.3500E+02   -.3500E+02   -.3500E+02   -.3500E+02   -.3500E+02   -.3500E+02   -.3500E+02   -.3500E+02   -.3500E+02   -.3500E+02   -.3500E+02   -.3500E+02   -.3500E+02   -.3500E+02   -.3500E+02   -.3500E+02   -.3500E+02   -.3500E+02   -.3500E+02   -.3500E+02   -.3500E+02   -.3500E+02   -.3500E+02   -.3500E+02   -.3500E+02   -.3500E+02   -.3500E+02   -.3500E+02   -.3500E+02   -.3500E+02   -.3500E+02   -.3500E+02   -.3500E+02   -.3500E+02   -.3500E+02   -.3500E+02   -.3500E+02   -.3500E+02   -.3500E+02   -.3500E+02   -.3500E+02   -.3500E+02   -.3500E+02   -.3500E+02   -.3500E+02   -.3500E+02   -.3500E+02   -.3500E+02   -.3500E+02   -.3500E+02   -.3500E+02   -.3500E+02   -.3500E+02   -.3501E+02   -.3501E+02   -.3501E+02   -.3501E+02   -.3501E+02   -.3501E+02   -.3501E+02   -.3501E+02   -.3502E+02   -.3502E+02   -.3502E+02   -.3502E+02   -.3502E+02   -.3503E+02   -.3503E+02   -.3503E+02   -.3504E+02   -.3504E+02   -.3504E+02   -.3505E+02   -.3505E+02   -.3505E+02   -.3506E+02   -.3506E+02   -.3507E+02   -.3508E+02   -.3508E+02   -.3509E+02   -.3510E+02   -.3511E+02   -.3512E+02   -.3513E+02   -.3514E+02   -.3515E+02   -.3517E+02   -.3519E+02   -.3521E+02   -.3523E+02   -.3526E+02   -.3529E+02   -.3532E+02   -.3537E+02   -.3542E+02   -.3548E+02   -.3555E+02   -.3564E+02   -.3574E+02   -.3587E+02   -.3600E+02   -.3616E+02   -.3624E+02   -.3629E+02   -.3594E+02   -.3548E+02   -.3316E+02   -.4834E+02   -.1733E+02   -.1105E+02   -.1143E+02   -.1026E+02   -.1015E+02   -.9525E+01   -.9177E+01   -.8745E+01   -.8399E+01   -.8078E+01
0.1067E+04   0.1367E+02   -.3500E+02   -.3500E+02   -.3500E+02   -.3500E+02   -.3500E+02   -.3500E+02   -.3500E+02   -.3500E+02   -.3500E+02   -.3500E+02   -.3500E+02   -.3500E+02   -.3500E+02   -.3500E+02   -.3500E+02   -.3500E+02   -.3500E+02   -.3500E+02   -.3500E+02   -.3500E+02   -.3500E+02   -.3500E+02   -.3500E+02   -.3500E+02   -.3500E+02   -.3500E+02   -.3500E+02   -.3500E+02   -.3500E+02   -.3500E+02   -.3500E+02   -.3500E+02   -.3500E+02   -.3500E+02   -.3500E+02   -.3500E+02   -.3500E+02   -.3500E+02   -.3500E+02   -.3500E+02   -.3500E+02   -.3500E+02   -.3500E+02   -.3500E+02   -.3500E+02   -.3500E+02   -.3500E+02   -.3500E+02   -.3500E+02   -.3500E+02   -.3500E+02   -.3500E+02   -.3500E+02   -.3500E+02   -.3500E+02   -.3500E+02   -.3500E+02   -.3500E+02   -.3500E+02   -.3500E+02   -.3500E+02   -.3501E+02   -.3501E+02   -.3501E+02   -.3501E+02   -.3501E+02   -.3501E+02   -.3501E+02   -.3501E+02   -.3502E+02   -.3502E+02   -.3502E+02   -.3502E+02   -.3502E+02   -.3503E+02   -.3503E+02   -.3503E+02   -.3504E+02   -.3504E+02   -.3504E+02   -.3505E+02   -.3505E+02   -.3505E+02   -.3506E+02   -.3506E+02   -.3507E+02   -.3508E+02   -.3508E+02   -.3509E+02   -.3510E+02   -.3511E+02   -.3512E+02   -.3513E+02   -.3514E+02   -.3515E+02   -.3517E+02   -.3519E+02   -.3521E+02   -.3523E+02   -.3526E+02   -.3529E+02   -.3532E+02   -.3537E+02   -.3542E+02   -.3548E+02   -.3555E+02   -.3564E+02   -.3574E+02   -.3587E+02   -.3600E+02   -.3616E+02   -.3624E+02   -.3629E+02   -.3594E+02   -.3548E+02   -.3316E+02   -.4834E+02   -.1733E+02   -.1105E+02   -.1143E+02   -.1026E+02   -.1015E+02   -.9525E+01   -.9177E+01   -.8744E+01   -.8399E+01   -.8077E+01   -.7790E+01
0.1068E+04   0.1400E+02   -.3500E+02   -.3500E+02   -.3500E+02   -.3500E+02   -.3500E+02   -.3500E+02   -.3500E+02   -.3500E+02   -.3500E+02   -.3500E+02   -.3500E+02   -.3500E+02   -.3500E+02   -.3500E+02   -.3500E+02   -.3500E+02   -.3500E+02   -.3500E+02   -.3500E+02   -.3500E+02   -.3500E+02   -.3500E+02   -.3500E+02   -.3500E+02   -.3500E+02   -.3500E+02   -.3500E+02   -.3500E+02   -.3500E+02   -.3500E+02   -.3500E+02   -.3500E+02   -.3500E+02   -.3500E+02   -.3500E+02   -.3500E+02   -.3500E+02   -.3500E+02   -.3500E+02   -.3500E+02   -.3500E+02   -.3500E+02   -.3500E+02   -.3500E+02   -.3500E+02   -.3500E+02   -.3500E+02   -.3500E+02   -.3500E+02   -.3500E+02   -.3500E+02   -.3500E+02   -.3500E+02   -.3500E+02   -.3500E+02   -.3500E+02   -.3500E+02   -.3500E+02   -.3500E+02   -.3500E+02   -.3501E+02   -.3501E+02   -.3501E+02   -.3501E+02   -.3501E+02   -.3501E+02   -.3501E+02   -.3501E+02   -.3502E+02   -.3502E+02   -.3502E+02   -.3502E+02   -.3502E+02   -.3503E+02   -.3503E+02   -.3503E+02   -.3504E+02   -.3504E+02   -.3504E+02   -.3505E+02   -.3505E+02   -.3505E+02   -.3506E+02   -.3506E+02   -.3507E+02   -.3508E+02   -.3508E+02   -.3509E+02   -.3510E+02   -.3511E+02   -.3512E+02   -.3513E+02   -.3514E+02   -.3515E+02   -.3517E+02   -.3519E+02   -.3521E+02   -.3523E+02   -.3526E+02   -.3529E+02   -.3532E+02   -.3537E+02   -.3542E+02   -.3548E+02   -.3555E+02   -.3564E+02   -.3574E+02   -.3587E+02   -.3600E+02   -.3616E+02   -.3624E+02   -.3629E+02   -.3594E+02   -.3548E+02   -.3316E+02   -.4834E+02   -.1733E+02   -.1105E+02   -.1143E+02   -.1026E+02   -.1015E+02   -.9525E+01   -.9177E+01   -.8744E+01   -.8399E+01   -.8077E+01   -.7789E+01   -.7523E+01
0.1069E+04   0.1433E+02   -.3500E+02   -.3500E+02   -.3500E+02   -.3500E+02   -.3500E+02   -.3500E+02   -.3500E+02   -.3500E+02   -.3500E+02   -.3500E+02   -.3500E+02   -.3500E+02   -.3500E+02   -.3500E+02   -.3500E+02   -.3500E+02   -.3500E+02   -.3500E+02   -.3500E+02   -.3500E+02   -.3500E+02   -.3500E+02   -.3500E+02   -.3500E+02   -.3500E+02   -.3500E+02   -.3500E+02   -.3500E+02   -.3500E+02   -.3500E+02   -.3500E+02   -.3500E+02   -.3500E+02   -.3500E+02   -.3500E+02   -.3500E+02   -.3500E+02   -.3500E+02   -.3500E+02   -.3500E+02   -.3500E+02   -.3500E+02   -.3500E+02   -.3500E+02   -.3500E+02   -.3500E+02   -.3500E+02   -.3500E+02   -.3500E+02   -.3500E+02   -.3500E+02   -.3500E+02   -.3500E+02   -.3500E+02   -.3500E+02   -.3500E+02   -.3500E+02   -.3500E+02   -.3500E+02   -.3501E+02   -.3501E+02   -.3501E+02   -.3501E+02   -.3501E+02   -.3501E+02   -.3501E+02   -.3501E+02   -.3502E+02   -.3502E+02   -.3502E+02   -.3502E+02   -.3502E+02   -.3503E+02   -.3503E+02   -.3503E+02   -.3504E+02   -.3504E+02   -.3504E+02   -.3505E+02   -.3505E+02   -.3505E+02   -.3506E+02   -.3506E+02   -.3507E+02   -.3508E+02   -.3508E+02   -.3509E+02   -.3510E+02   -.3511E+02   -.3512E+02   -.3513E+02   -.3514E+02   -.3515E+02   -.3517E+02   -.3519E+02   -.3521E+02   -.3523E+02   -.3526E+02   -.3529E+02   -.3532E+02   -.3537E+02   -.3542E+02   -.3548E+02   -.3555E+02   -.3564E+02   -.3574E+02   -.3587E+02   -.3600E+02   -.3616E+02   -.3624E+02   -.3629E+02   -.3594E+02   -.3548E+02   -.3316E+02   -.4834E+02   -.1733E+02   -.1105E+02   -.1143E+02   -.1026E+02   -.1015E+02   -.9525E+01   -.9177E+01   -.8744E+01   -.8399E+01   -.8077E+01   -.7789E+01   -.7523E+01   -.7285E+01
0.1070E+04   0.1467E+02   -.3500E+02   -.3500E+02   -.3500E+02   -.3500E+02   -.3500E+02   -.3500E+02   -.3500E+02   -.3500E+02   -.3500E+02   -.3500E+02   -.3500E+02   -.3500E+02   -.3500E+02   -.3500E+02   -.3500E+02   -.3500E+02   -.3500E+02   -.3500E+02   -.3500E+02   -.3500E+02   -.3500E+02   -.3500E+02   -.3500E+02   -.3500E+02   -.3500E+02   -.3500E+02   -.3500E+02   -.3500E+02   -.3500E+02   -.3500E+02   -.3500E+02   -.3500E+02   -.3500E+02   -.3500E+02   -.3500E+02   -.3500E+02   -.3500E+02   -.3500E+02   -.3500E+02   -.3500E+02   -.3500E+02   -.3500E+02   -.3500E+02   -.3500E+02   -.3500E+02   -.3500E+02   -.3500E+02   -.3500E+02   -.3500E+02   -.3500E+02   -.3500E+02   -.3500E+02   -.3500E+02   -.3500E+02   -.3500E+02   -.3500E+02   -.3500E+02   -.3500E+02   -.3501E+02   -.3501E+02   -.3501E+02   -.3501E+02   -.3501E+02   -.3501E+02   -.3501E+02   -.3501E+02   -.3502E+02   -.3502E+02   -.3502E+02   -.3502E+02   -.3502E+02   -.3503E+02   -.3503E+02   -.3503E+02   -.3504E+02   -.3504E+02   -.3504E+02   -.3505E+02   -.3505E+02   -.3505E+02   -.3506E+02   -.3506E+02   -.3507E+02   -.3508E+02   -.3508E+02   -.3509E+02   -.3510E+02   -.3511E+02   -.3512E+02   -.3513E+02   -.3514E+02   -.3515E+02   -.3517E+02   -.3519E+02   -.3521E+02   -.3523E+02   -.3526E+02   -.3529E+02   -.3532E+02   -.3537E+02   -.3542E+02   -.3548E+02   -.3555E+02   -.3564E+02   -.3574E+02   -.3587E+02   -.3600E+02   -.3616E+02   -.3624E+02   -.3629E+02   -.3594E+02   -.3548E+02   -.3316E+02   -.4835E+02   -.1733E+02   -.1105E+02   -.1143E+02   -.1026E+02   -.1015E+02   -.9525E+01   -.9177E+01   -.8744E+01   -.8399E+01   -.8077E+01   -.7789E+01   -.7522E+01   -.7285E+01   -.7064E+01
0.1071E+04   0.1500E+02   -.3500E+02   -.3500E+02   -.3500E+02   -.3500E+02   -.3500E+02   -.3500E+02   -.3500E+02   -.3500E+02   -.3500E+02   -.3500E+02   -.3500E+02   -.3500E+02   -.3500E+02   -.3500E+02   -.3500E+02   -.3500E+02   -.3500E+02   -.3500E+02   -.3500E+02   -.3500E+02   -.3500E+02   -.3500E+02   -.3500E+02   -.3500E+02   -.3500E+02   -.3500E+02   -.3500E+02   -.3500E+02   -.3500E+02   -.3500E+02   -.3500E+02   -.3500E+02   -.3500E+02   -.3500E+02   -.3500E+02   -.3500E+02   -.3500E+02   -.3500E+02   -.3500E+02   -.3500E+02   -.3500E+02   -.3500E+02   -.3500E+02   -.3500E+02   -.3500E+02   -.3500E+02   -.3500E+02   -.3500E+02   -.3500E+02   -.3500E+02   -.3500E+02   -.3500E+02   -.3500E+02   -.3500E+02   -.3500E+02   -.3500E+02   -.3500E+02   -.3501E+02   -.3501E+02   -.3501E+02   -.3501E+02   -.3501E+02   -.3501E+02   -.3501E+02   -.3501E+02   -.3502E+02   -.3502E+02   -.3502E+02   -.3502E+02   -.3502E+02   -.3503E+02   -.3503E+02   -.3503E+02   -.3504E+02   -.3504E+02   -.3504E+02   -.3505E+02   -.3505E+02   -.3505E+02   -.3506E+02   -.3506E+02   -.3507E+02   -.3508E+02   -.3508E+02   -.3509E+02   -.3510E+02   -.3511E+02   -.3512E+02   -.3513E+02   -.3514E+02   -.3515E+02   -.3517E+02   -.3519E+02   -.3521E+02   -.3523E+02   -.3526E+02   -.3529E+02   -.3532E+02   -.3537E+02   -.3542E+02   -.3548E+02   -.3555E+02   -.3564E+02   -.3574E+02   -.3587E+02   -.3600E+02   -.3616E+02   -.3624E+02   -.3629E+02   -.3594E+02   -.3548E+02   -.3316E+02   -.4835E+02   -.1733E+02   -.1105E+02   -.1143E+02   -.1026E+02   -.1015E+02   -.9525E+01   -.9177E+01   -.8744E+01   -.8399E+01   -.8077E+01   -.7789E+01   -.7522E+01   -.7285E+01   -.7064E+01   -.6863E+01
0.1072E+04   0.1533E+02   -.3500E+02   -.3500E+02   -.3500E+02   -.3500E+02   -.3500E+02   -.3500E+02   -.3500E+02   -.3500E+02   -.3500E+02   -.3500E+02   -.3500E+02   -.3500E+02   -.3500E+02   -.3500E+02   -.3500E+02   -.3500E+02   -.3500E+02   -.3500E+02   -.3500E+02   -.3500E+02   -.3500E+02   -.3500E+02   -.3500E+02   -.3500E+02   -.3500E+02   -.3500E+02   -.3500E+02   -.3500E+02   -.3500E+02   -.3500E+02   -.3500E+02   -.3500E+02   -.3500E+02   -.3500E+02   -.3500E+02   -.3500E+02   -.3500E+02   -.3500E+02   -.3500E+02   -.3500E+02   -.3500E+02   -.3500E+02   -.3500E+02   -.3500E+02   -.3500E+02   -.3500E+02   -.3500E+02   -.3500E+02   -.3500E+02   -.3500E+02   -.3500E+02   -.3500E+02   -.3500E+02   -.3500E+02   -.3500E+02   -.3500E+02   -.3501E+02   -.3501E+02   -.3501E+02   -.3501E+02   -.3501E+02   -.3501E+02   -.3501E+02   -.3501E+02   -.3502E+02   -.3502E+02   -.3502E+02   -.3502E+02   -.3502E+02   -.3503E+02   -.3503E+02   -.3503E+02   -.3504E+02   -.3504E+02   -.3504E+02   -.3505E+02   -.3505E+02   -.3505E+02   -.3506E+02   -.3506E+02   -.3507E+02   -.3508E+02   -.3508E+02   -.3509E+02   -.3510E+02   -.3511E+02   -.3512E+02   -.3513E+02   -.3514E+02   -.3515E+02   -.3517E+02   -.3519E+02   -.3521E+02   -.3523E+02   -.3526E+02   -.3529E+02   -.3532E+02   -.3537E+02   -.3542E+02   -.3548E+02   -.3555E+02   -.3564E+02   -.3574E+02   -.3587E+02   -.3600E+02   -.3616E+02   -.3624E+02   -.3629E+02   -.3594E+02   -.3548E+02   -.3316E+02   -.4835E+02   -.1733E+02   -.1105E+02   -.1143E+02   -.1026E+02   -.1015E+02   -.9525E+01   -.9177E+01   -.8744E+01   -.8399E+01   -.8077E+01   -.7789E+01   -.7522E+01   -.7285E+01   -.7064E+01   -.6862E+01   -.6673E+01
0.1073E+04   0.1567E+02   -.3500E+02   -.3500E+02   -.3500E+02   -.3500E+02   -.3500E+02   -.3500E+02   -.3500E+02   -.3500E+02   -.3500E+02   -.3500E+02   -.3500E+02   -.3500E+02   -.3500E+02   -.3500E+02   -.3500E+02   -.3500E+02   -.3500E+02   -.3500E+02   -.3500E+02   -.3500E+02   -.3500E+02   -.3500E+02   -.3500E+02   -.3500E+02   -.3500E+02   -.3500E+02   -.3500E+02   -.3500E+02   -.3500E+02   -.3500E+02   -.3500E+02   -.3500E+02   -.3500E+02   -.3500E+02   -.3500E+02   -.3500E+02   -.3500E+02   -.3500E+02   -.3500E+02   -.3500E+02   -.3500E+02   -.3500E+02   -.3500E+02   -.3500E+02   -.3500E+02   -.3500E+02   -.3500E+02   -.3500E+02   -.3500E+02   -.3500E+02   -.3500E+02   -.3500E+02   -.3500E+02   -.3500E+02   -.3500E+02   -.3501E+02   -.3501E+02   -.3501E+02   -.3501E+02   -.3501E+02   -.3501E+02   -.3501E+02   -.3501E+02   -.3502E+02   -.3502E+02   -.3502E+02   -.3502E+02   -.3502E+02   -.3503E+02   -.3503E+02   -.3503E+02   -.3504E+02   -.3504E+02   -.3504E+02   -.3505E+02   -.3505E+02   -.3505E+02   -.3506E+02   -.3506E+02   -.3507E+02   -.3508E+02   -.3508E+02   -.3509E+02   -.3510E+02   -.3511E+02   -.3512E+02   -.3513E+02   -.3514E+02   -.3515E+02   -.3517E+02   -.3519E+02   -.3521E+02   -.3523E+02   -.3526E+02   -.3529E+02   -.3532E+02   -.3537E+02   -.3542E+02   -.3548E+02   -.3555E+02   -.3564E+02   -.3574E+02   -.3587E+02   -.3600E+02   -.3616E+02   -.3624E+02   -.3629E+02   -.3594E+02   -.3548E+02   -.3316E+02   -.4835E+02   -.1733E+02   -.1105E+02   -.1143E+02   -.1026E+02   -.1015E+02   -.9525E+01   -.9177E+01   -.8744E+01   -.8399E+01   -.8077E+01   -.7789E+01   -.7522E+01   -.7285E+01   -.7064E+01   -.6862E+01   -.6672E+01   -.6496E+01
0.1074E+04   0.1600E+02   -.3500E+02   -.3500E+02   -.3500E+02   -.3500E+02   -.3500E+02   -.3500E+02   -.3500E+02   -.3500E+02   -.3500E+02   -.3500E+02   -.3500E+02   -.3500E+02   -.3500E+02   -.3500E+02   -.3500E+02   -.3500E+02   -.3500E+02   -.3500E+02   -.3500E+02   -.3500E+02   -.3500E+02   -.3500E+02   -.3500E+02   -.3500E+02   -.3500E+02   -.3500E+02   -.3500E+02   -.3500E+02   -.3500E+02   -.3500E+02   -.3500E+02   -.3500E+02   -.3500E+02   -.3500E+02   -.3500E+02   -.3500E+02   -.3500E+02   -.3500E+02   -.3500E+02   -.3500E+02   -.3500E+02   -.3500E+02   -.3500E+02   -.3500E+02   -.3500E+02   -.3500E+02   -.3500E+02   -.3500E+02   -.3500E+02   -.3500E+02   -.3500E+02   -.3500E+02   -.3500E+02   -.3500E+02   -.3501E+02   -.3501E+02   -.3501E+02   -.3501E+02   -.3501E+02   -.3501E+02   -.3501E+02   -.3501E+02   -.3502E+02   -.3502E+02   -.3502E+02   -.3502E+02   -.3502E+02   -.3503E+02   -.3503E+02   -.3503E+02   -.3504E+02   -.3504E+02   -.3504E+02   -.3505E+02   -.3505E+02   -.3505E+02   -.3506E+02   -.3506E+02   -.3507E+02   -.3508E+02   -.3508E+02   -.3509E+02   -.3510E+02   -.3511E+02   -.3512E+02   -.3513E+02   -.3514E+02   -.3515E+02   -.3517E+02   -.3519E+02   -.3521E+02   -.3523E+02   -.3526E+02   -.3529E+02   -.3532E+02   -.3537E+02   -.3542E+02   -.3548E+02   -.3555E+02   -.3564E+02   -.3574E+02   -.3587E+02   -.3601E+02   -.3616E+02   -.3624E+02   -.3629E+02   -.3594E+02   -.3548E+02   -.3316E+02   -.4835E+02   -.1733E+02   -.1105E+02   -.1143E+02   -.1026E+02   -.1015E+02   -.9525E+01   -.9177E+01   -.8744E+01   -.8399E+01   -.8077E+01   -.7789E+01   -.7522E+01   -.7285E+01   -.7064E+01   -.6862E+01   -.6672E+01   -.6496E+01   -.6327E+01
0.1075E+04   0.1633E+02   -.3500E+02   -.3500E+02   -.3500E+02   -.3500E+02   -.3500E+02   -.3500E+02   -.3500E+02   -.3500E+02   -.3500E+02   -.3500E+02   -.3500E+02   -.3500E+02   -.3500E+02   -.3500E+02   -.3500E+02   -.3500E+02   -.3500E+02   -.3500E+02   -.3500E+02   -.3500E+02   -.3500E+02   -.3500E+02   -.3500E+02   -.3500E+02   -.3500E+02   -.3500E+02   -.3500E+02   -.3500E+02   -.3500E+02   -.3500E+02   -.3500E+02   -.3500E+02   -.3500E+02   -.3500E+02   -.3500E+02   -.3500E+02   -.3500E+02   -.3500E+02   -.3500E+02   -.3500E+02   -.3500E+02   -.3500E+02   -.3500E+02   -.3500E+02   -.3500E+02   -.3500E+02   -.3500E+02   -.3500E+02   -.3500E+02   -.3500E+02   -.3500E+02   -.3500E+02   -.3501E+02   -.3501E+02   -.3501E+02   -.3501E+02   -.3501E+02   -.3501E+02   -.3501E+02   -.3501E+02   -.3501E+02   -.3502E+02   -.3502E+02   -.3502E+02   -.3502E+02   -.3502E+02   -.3503E+02   -.3503E+02   -.3503E+02   -.3504E+02   -.3504E+02   -.3504E+02   -.3505E+02   -.3505E+02   -.3505E+02   -.3506E+02   -.3507E+02   -.3507E+02   -.3508E+02   -.3508E+02   -.3509E+02   -.3510E+02   -.3511E+02   -.3512E+02   -.3513E+02   -.3514E+02   -.3515E+02   -.3517E+02   -.3519E+02   -.3521E+02   -.3523E+02   -.3526E+02   -.3529E+02   -.3532E+02   -.3537E+02   -.3542E+02   -.3548E+02   -.3555E+02   -.3564E+02   -.3574E+02   -.3587E+02   -.3601E+02   -.3616E+02   -.3624E+02   -.3629E+02   -.3594E+02   -.3548E+02   -.3316E+02   -.4835E+02   -.1733E+02   -.1105E+02   -.1143E+02   -.1026E+02   -.1015E+02   -.9525E+01   -.9177E+01   -.8744E+01   -.8399E+01   -.8077E+01   -.7789E+01   -.7522E+01   -.7285E+01   -.7064E+01   -.6862E+01   -.6672E+01   -.6496E+01   -.6327E+01   -.6170E+01
0.1076E+04   0.1667E+02   -.3500E+02   -.3500E+02   -.3500E+02   -.3500E+02   -.3500E+02   -.3500E+02   -.3500E+02   -.3500E+02   -.3500E+02   -.3500E+02   -.3500E+02   -.3500E+02   -.3500E+02   -.3500E+02   -.3500E+02   -.3500E+02   -.3500E+02   -.3500E+02   -.3500E+02   -.3500E+02   -.3500E+02   -.3500E+02   -.3500E+02   -.3500E+02   -.3500E+02   -.3500E+02   -.3500E+02   -.3500E+02   -.3500E+02   -.3500E+02   -.3500E+02   -.3500E+02   -.3500E+02   -.3500E+02   -.3500E+02   -.3500E+02   -.3500E+02   -.3500E+02   -.3500E+02   -.3500E+02   -.3500E+02   -.3500E+02   -.3500E+02   -.3500E+02   -.3500E+02   -.3500E+02   -.3500E+02   -.3500E+02   -.3500E+02   -.3500E+02   -.3500E+02   -.3501E+02   -.3501E+02   -.3501E+02   -.3501E+02   -.3501E+02   -.3501E+02   -.3501E+02   -.3501E+02   -.3501E+02   -.3502E+02   -.3502E+02   -.3502E+02   -.3502E+02   -.3502E+02   -.3503E+02   -.3503E+02   -.3503E+02   -.3504E+02   -.3504E+02   -.3504E+02   -.3505E+02   -.3505E+02   -.3506E+02   -.3506E+02   -.3507E+02   -.3507E+02   -.3508E+02   -.3508E+02   -.3509E+02   -.3510E+02   -.3511E+02   -.3512E+02   -.3513E+02   -.3514E+02   -.3515E+02   -.3517E+02   -.3519E+02   -.3521E+02   -.3523E+02   -.3526E+02   -.3529E+02   -.3532E+02   -.3537E+02   -.3542E+02   -.3548E+02   -.3555E+02   -.3564E+02   -.3574E+02   -.3587E+02   -.3601E+02   -.3616E+02   -.3624E+02   -.3629E+02   -.3594E+02   -.3548E+02   -.3316E+02   -.4835E+02   -.1733E+02   -.1105E+02   -.1143E+02   -.1026E+02   -.1015E+02   -.9525E+01   -.9177E+01   -.8744E+01   -.8399E+01   -.8077E+01   -.7789E+01   -.7522E+01   -.7285E+01   -.7064E+01   -.6862E+01   -.6672E+01   -.6496E+01   -.6327E+01   -.6170E+01   -.6017E+01
0.1077E+04   0.1700E+02   -.3500E+02   -.3500E+02   -.3500E+02   -.3500E+02   -.3500E+02   -.3500E+02   -.3500E+02   -.3500E+02   -.3500E+02   -.3500E+02   -.3500E+02   -.3500E+02   -.3500E+02   -.3500E+02   -.3500E+02   -.3500E+02   -.3500E+02   -.3500E+02   -.3500E+02   -.3500E+02   -.3500E+02   -.3500E+02   -.3500E+02   -.3500E+02   -.3500E+02   -.3500E+02   -.3500E+02   -.3500E+02   -.3500E+02   -.3500E+02   -.3500E+02   -.3500E+02   -.3500E+02   -.3500E+02   -.3500E+02   -.3500E+02   -.3500E+02   -.3500E+02   -.3500E+02   -.3500E+02   -.3500E+02   -.3500E+02   -.3500E+02   -.3500E+02   -.3500E+02   -.3500E+02   -.3500E+02   -.3500E+02   -.3500E+02   -.3500E+02   -.3501E+02   -.3501E+02   -.3501E+02   -.3501E+02   -.3501E+02   -.3501E+02   -.3501E+02   -.3501E+02   -.3502E+02   -.3502E+02   -.3502E+02   -.3502E+02   -.3502E+02   -.3502E+02   -.3503E+02   -.3503E+02   -.3503E+02   -.3504E+02   -.3504E+02   -.3504E+02   -.3505E+02   -.3505E+02   -.3506E+02   -.3506E+02   -.3507E+02   -.3507E+02   -.3508E+02   -.3508E+02   -.3509E+02   -.3510E+02   -.3511E+02   -.3512E+02   -.3513E+02   -.3514E+02   -.3515E+02   -.3517E+02   -.3519E+02   -.3521E+02   -.3523E+02   -.3526E+02   -.3529E+02   -.3532E+02   -.3537E+02   -.3542E+02   -.3548E+02   -.3555E+02   -.3564E+02   -.3574E+02   -.3587E+02   -.3601E+02   -.3616E+02   -.3624E+02   -.3629E+02   -.3594E+02   -.3548E+02   -.3316E+02   -.4835E+02   -.1733E+02   -.1105E+02   -.1143E+02   -.1026E+02   -.1015E+02   -.9525E+01   -.9177E+01   -.8744E+01   -.8399E+01   -.8077E+01   -.7789E+01   -.7522E+01   -.7285E+01   -.7064E+01   -.6862E+01   -.6672E+01   -.6496E+01   -.6327E+01   -.6170E+01   -.6016E+01   -.5874E+01
0.1078E+04   0.1733E+02   -.3500E+02   -.3500E+02   -.3500E+02   -.3500E+02   -.3500E+02   -.3500E+02   -.3500E+02   -.3500E+02   -.3500E+02   -.3500E+02   -.3500E+02   -.3500E+02   -.3500E+02   -.3500E+02   -.3500E+02   -.3500E+02   -.3500E+02   -.3500E+02   -.3500E+02   -.3500E+02   -.3500E+02   -.3500E+02   -.3500E+02   -.3500E+02   -.3500E+02   -.3500E+02   -.3500E+02   -.3500E+02   -.3500E+02   -.3500E+02   -.3500E+02   -.3500E+02   -.3500E+02   -.3500E+02   -.3500E+02   -.3500E+02   -.3500E+02   -.3500E+02   -.3500E+02   -.3500E+02   -.3500E+02   -.3500E+02   -.3500E+02   -.3500E+02   -.3500E+02   -.3500E+02   -.3500E+02   -.3500E+02   -.3500E+02   -.3501E+02   -.3501E+02   -.3501E+02   -.3501E+02   -.3501E+02   -.3501E+02   -.3501E+02   -.3501E+02   -.3502E+02   -.3502E+02   -.3502E+02   -.3502E+02   -.3502E+02   -.3502E+02   -.3503E+02   -.3503E+02   -.3503E+02   -.3504E+02   -.3504E+02   -.3504E+02   -.3505E+02   -.3505E+02   -.3506E+02   -.3506E+02   -.3507E+02   -.3507E+02   -.3508E+02   -.3508E+02   -.3509E+02   -.3510E+02   -.3511E+02   -.3512E+02   -.3513E+02   -.3514E+02   -.3515E+02   -.3517E+02   -.3519E+02   -.3521E+02   -.3523E+02   -.3526E+02   -.3529E+02   -.3532E+02   -.3537E+02   -.3542E+02   -.3548E+02   -.3555E+02   -.3564E+02   -.3574E+02   -.3587E+02   -.3600E+02   -.3616E+02   -.3624E+02   -.3629E+02   -.3594E+02   -.3548E+02   -.3316E+02   -.4835E+02   -.1733E+02   -.1105E+02   -.1143E+02   -.1026E+02   -.1015E+02   -.9525E+01   -.9177E+01   -.8744E+01   -.8399E+01   -.8077E+01   -.7789E+01   -.7522E+01   -.7284E+01   -.7064E+01   -.6862E+01   -.6672E+01   -.6496E+01   -.6327E+01   -.6170E+01   -.6016E+01   -.5874E+01   -.5734E+01
0.1079E+04   0.1767E+02   -.3500E+02   -.3500E+02   -.3500E+02   -.3500E+02   -.3500E+02   -.3500E+02   -.3500E+02   -.3500E+02   -.3500E+02   -.3500E+02   -.3500E+02   -.3500E+02   -.3500E+02   -.3500E+02   -.3500E+02   -.3500E+02   -.3500E+02   -.3500E+02   -.3500E+02   -.3500E+02   -.3500E+02   -.3500E+02   -.3500E+02   -.3500E+02   -.3500E+02   -.3500E+02   -.3500E+02   -.3500E+02   -.3500E+02   -.3500E+02   -.3500E+02   -.3500E+02   -.3500E+02   -.3500E+02   -.3500E+02   -.3500E+02   -.3500E+02   -.3500E+02   -.3500E+02   -.3500E+02   -.3500E+02   -.3500E+02   -.3500E+02   -.3500E+02   -.3500E+02   -.3500E+02   -.3500E+02   -.3500E+02   -.3501E+02   -.3501E+02   -.3501E+02   -.3501E+02   -.3501E+02   -.3501E+02   -.3501E+02   -.3501E+02   -.3502E+02   -.3502E+02   -.3502E+02   -.3502E+02   -.3502E+02   -.3502E+02   -.3503E+02   -.3503E+02   -.3503E+02   -.3504E+02   -.3504E+02   -.3504E+02   -.3505E+02   -.3505E+02   -.3506E+02   -.3506E+02   -.3507E+02   -.3507E+02   -.3508E+02   -.3508E+02   -.3509E+02   -.3510E+02   -.3511E+02   -.3512E+02   -.3513E+02   -.3514E+02   -.3515E+02   -.3517E+02   -.3519E+02   -.3521E+02   -.3523E+02   -.3526E+02   -.3529E+02   -.3532E+02   -.3537E+02   -.3542E+02   -.3548E+02   -.3555E+02   -.3564E+02   -.3574E+02   -.3587E+02   -.3600E+02   -.3616E+02   -.3624E+02   -.3629E+02   -.3594E+02   -.3548E+02   -.3316E+02   -.4835E+02   -.1733E+02   -.1105E+02   -.1143E+02   -.1026E+02   -.1015E+02   -.9525E+01   -.9177E+01   -.8744E+01   -.8399E+01   -.8077E+01   -.7789E+01   -.7522E+01   -.7284E+01   -.7064E+01   -.6862E+01   -.6672E+01   -.6496E+01   -.6327E+01   -.6170E+01   -.6016E+01   -.5873E+01   -.5734E+01   -.5606E+01
0.1080E+04   0.1800E+02   -.3500E+02   -.3500E+02   -.3500E+02   -.3500E+02   -.3500E+02   -.3500E+02   -.3500E+02   -.3500E+02   -.3500E+02   -.3500E+02   -.3500E+02   -.3500E+02   -.3500E+02   -.3500E+02   -.3500E+02   -.3500E+02   -.3500E+02   -.3500E+02   -.3500E+02   -.3500E+02   -.3500E+02   -.3500E+02   -.3500E+02   -.3500E+02   -.3500E+02   -.3500E+02   -.3500E+02   -.3500E+02   -.3500E+02   -.3500E+02   -.3500E+02   -.3500E+02   -.3500E+02   -.3500E+02   -.3500E+02   -.3500E+02   -.3500E+02   -.3500E+02   -.3500E+02   -.3500E+02   -.3500E+02   -.3500E+02   -.3500E+02   -.3500E+02   -.3500E+02   -.3500E+02   -.3500E+02   -.3501E+02   -.3501E+02   -.3501E+02   -.3501E+02   -.3501E+02   -.3501E+02   -.3501E+02   -.3501E+02   -.3502E+02   -.3502E+02   -.3502E+02   -.3502E+02   -.3502E+02   -.3502E+02   -.3503E+02   -.3503E+02   -.3503E+02   -.3504E+02   -.3504E+02   -.3504E+02   -.3505E+02   -.3505E+02   -.3506E+02   -.3506E+02   -.3507E+02   -.3507E+02   -.3508E+02   -.3508E+02   -.3509E+02   -.3510E+02   -.3511E+02   -.3512E+02   -.3513E+02   -.3514E+02   -.3515E+02   -.3517E+02   -.3519E+02   -.3521E+02   -.3523E+02   -.3526E+02   -.3529E+02   -.3532E+02   -.3537E+02   -.3542E+02   -.3548E+02   -.3555E+02   -.3564E+02   -.3574E+02   -.3587E+02   -.3600E+02   -.3616E+02   -.3624E+02   -.3629E+02   -.3594E+02   -.3548E+02   -.3316E+02   -.4835E+02   -.1733E+02   -.1105E+02   -.1143E+02   -.1026E+02   -.1015E+02   -.9525E+01   -.9177E+01   -.8744E+01   -.8399E+01   -.8077E+01   -.7789E+01   -.7522E+01   -.7284E+01   -.7063E+01   -.6862E+01   -.6672E+01   -.6496E+01   -.6327E+01   -.6170E+01   -.6016E+01   -.5873E+01   -.5734E+01   -.5606E+01   -.5483E+01
0.1081E+04   0.1833E+02   -.3500E+02   -.3500E+02   -.3500E+02   -.3500E+02   -.3500E+02   -.3500E+02   -.3500E+02   -.3500E+02   -.3500E+02   -.3500E+02   -.3500E+02   -.3500E+02   -.3500E+02   -.3500E+02   -.3500E+02   -.3500E+02   -.3500E+02   -.3500E+02   -.3500E+02   -.3500E+02   -.3500E+02   -.3500E+02   -.3500E+02   -.3500E+02   -.3500E+02   -.3500E+02   -.3500E+02   -.3500E+02   -.3500E+02   -.3500E+02   -.3500E+02   -.3500E+02   -.3500E+02   -.3500E+02   -.3500E+02   -.3500E+02   -.3500E+02   -.3500E+02   -.3500E+02   -.3500E+02   -.3500E+02   -.3500E+02   -.3500E+02   -.3500E+02   -.3500E+02   -.3500E+02   -.3501E+02   -.3501E+02   -.3501E+02   -.3501E+02   -.3501E+02   -.3501E+02   -.3501E+02   -.3501E+02   -.3502E+02   -.3502E+02   -.3502E+02   -.3502E+02   -.3502E+02   -.3503E+02   -.3503E+02   -.3503E+02   -.3503E+02   -.3504E+02   -.3504E+02   -.3504E+02   -.3505E+02   -.3505E+02   -.3506E+02   -.3506E+02   -.3507E+02   -.3507E+02   -.3508E+02   -.3508E+02   -.3509E+02   -.3510E+02   -.3511E+02   -.3512E+02   -.3513E+02   -.3514E+02   -.3515E+02   -.3517E+02   -.3519E+02   -.3521E+02   -.3523E+02   -.3526E+02   -.3529E+02   -.3532E+02   -.3537E+02   -.3542E+02   -.3548E+02   -.3555E+02   -.3564E+02   -.3574E+02   -.3587E+02   -.3600E+02   -.3616E+02   -.3624E+02   -.3629E+02   -.3594E+02   -.3548E+02   -.3316E+02   -.4835E+02   -.1733E+02   -.1105E+02   -.1143E+02   -.1026E+02   -.1015E+02   -.9525E+01   -.9177E+01   -.8744E+01   -.8399E+01   -.8076E+01   -.7789E+01   -.7522E+01   -.7284E+01   -.7063E+01   -.6862E+01   -.6672E+01   -.6496E+01   -.6326E+01   -.6170E+01   -.6016E+01   -.5873E+01   -.5734E+01   -.5606E+01   -.5483E+01   -.5367E+01
0.1082E+04   0.1867E+02   -.3500E+02   -.3500E+02   -.3500E+02   -.3500E+02   -.3500E+02   -.3500E+02   -.3500E+02   -.3500E+02   -.3500E+02   -.3500E+02   -.3500E+02   -.3500E+02   -.3500E+02   -.3500E+02   -.3500E+02   -.3500E+02   -.3500E+02   -.3500E+02   -.3500E+02   -.3500E+02   -.3500E+02   -.3500E+02   -.3500E+02   -.3500E+02   -.3500E+02   -.3500E+02   -.3500E+02   -.3500E+02   -.3500E+02   -.3500E+02   -.3500E+02   -.3500E+02   -.3500E+02   -.3500E+02   -.3500E+02   -.3500E+02   -.3500E+02   -.3500E+02   -.3500E+02   -.3500E+02   -.3500E+02   -.3500E+02   -.3500E+02   -.3500E+02   -.3500E+02   -.3501E+02   -.3501E+02   -.3501E+02   -.3501E+02   -.3501E+02   -.3501E+02   -.3501E+02   -.3501E+02   -.3502E+02   -.3502E+02   -.3502E+02   -.3502E+02   -.3502E+02   -.3503E+02   -.3503E+02   -.3503E+02   -.3503E+02   -.3504E+02   -.3504E+02   -.3504E+02   -.3505E+02   -.3505E+02   -.3506E+02   -.3506E+02   -.3507E+02   -.3507E+02   -.3508E+02   -.3508E+02   -.3509E+02   -.3510E+02   -.3511E+02   -.3512E+02   -.3513E+02   -.3514E+02   -.3515E+02   -.3517E+02   -.3519E+02   -.3521E+02   -.3523E+02   -.3526E+02   -.3529E+02   -.3532E+02   -.3537E+02   -.3542E+02   -.3548E+02   -.3555E+02   -.3564E+02   -.3574E+02   -.3587E+02   -.3600E+02   -.3616E+02   -.3624E+02   -.3629E+02   -.3594E+02   -.3548E+02   -.3316E+02   -.4835E+02   -.1733E+02   -.1105E+02   -.1143E+02   -.1026E+02   -.1015E+02   -.9525E+01   -.9177E+01   -.8744E+01   -.8399E+01   -.8076E+01   -.7789E+01   -.7522E+01   -.7284E+01   -.7063E+01   -.6862E+01   -.6672E+01   -.6496E+01   -.6326E+01   -.6170E+01   -.6016E+01   -.5873E+01   -.5734E+01   -.5606E+01   -.5483E+01   -.5367E+01   -.5256E+01
0.1083E+04   0.1900E+02   -.3500E+02   -.3500E+02   -.3500E+02   -.3500E+02   -.3500E+02   -.3500E+02   -.3500E+02   -.3500E+02   -.3500E+02   -.3500E+02   -.3500E+02   -.3500E+02   -.3500E+02   -.3500E+02   -.3500E+02   -.3500E+02   -.3500E+02   -.3500E+02   -.3500E+02   -.3500E+02   -.3500E+02   -.3500E+02   -.3500E+02   -.3500E+02   -.3500E+02   -.3500E+02   -.3500E+02   -.3500E+02   -.3500E+02   -.3500E+02   -.3500E+02   -.3500E+02   -.3500E+02   -.3500E+02   -.3500E+02   -.3500E+02   -.3500E+02   -.3500E+02   -.3500E+02   -.3500E+02   -.3500E+02   -.3500E+02   -.3500E+02   -.3500E+02   -.3501E+02   -.3501E+02   -.3501E+02   -.3501E+02   -.3501E+02   -.3501E+02   -.3501E+02   -.3501E+02   -.3502E+02   -.3502E+02   -.3502E+02   -.3502E+02   -.3502E+02   -.3503E+02   -.3503E+02   -.3503E+02   -.3503E+02   -.3504E+02   -.3504E+02   -.3504E+02   -.3505E+02   -.3505E+02   -.3506E+02   -.3506E+02   -.3507E+02   -.3507E+02   -.3508E+02   -.3508E+02   -.3509E+02   -.3510E+02   -.3511E+02   -.3512E+02   -.3513E+02   -.3514E+02   -.3515E+02   -.3517E+02   -.3519E+02   -.3521E+02   -.3523E+02   -.3526E+02   -.3529E+02   -.3532E+02   -.3537E+02   -.3542E+02   -.3548E+02   -.3555E+02   -.3564E+02   -.3574E+02   -.3587E+02   -.3600E+02   -.3616E+02   -.3624E+02   -.3629E+02   -.3594E+02   -.3548E+02   -.3316E+02   -.4835E+02   -.1733E+02   -.1105E+02   -.1143E+02   -.1026E+02   -.1015E+02   -.9525E+01   -.9177E+01   -.8744E+01   -.8399E+01   -.8076E+01   -.7789E+01   -.7522E+01   -.7284E+01   -.7063E+01   -.6862E+01   -.6672E+01   -.6495E+01   -.6326E+01   -.6170E+01   -.6016E+01   -.5873E+01   -.5734E+01   -.5606E+01   -.5483E+01   -.5367E+01   -.5256E+01   -.5152E+01
0.1084E+04   0.1933E+02   -.3500E+02   -.3500E+02   -.3500E+02   -.3500E+02   -.3500E+02   -.3500E+02   -.3500E+02   -.3500E+02   -.3500E+02   -.3500E+02   -.3500E+02   -.3500E+02   -.3500E+02   -.3500E+02   -.3500E+02   -.3500E+02   -.3500E+02   -.3500E+02   -.3500E+02   -.3500E+02   -.3500E+02   -.3500E+02   -.3500E+02   -.3500E+02   -.3500E+02   -.3500E+02   -.3500E+02   -.3500E+02   -.3500E+02   -.3500E+02   -.3500E+02   -.3500E+02   -.3500E+02   -.3500E+02   -.3500E+02   -.3500E+02   -.3500E+02   -.3500E+02   -.3500E+02   -.3500E+02   -.3500E+02   -.3500E+02   -.3500E+02   -.3501E+02   -.3501E+02   -.3501E+02   -.3501E+02   -.3501E+02   -.3501E+02   -.3501E+02   -.3501E+02   -.3502E+02   -.3502E+02   -.3502E+02   -.3502E+02   -.3502E+02   -.3503E+02   -.3503E+02   -.3503E+02   -.3503E+02   -.3504E+02   -.3504E+02   -.3504E+02   -.3505E+02   -.3505E+02   -.3506E+02   -.3506E+02   -.3507E+02   -.3507E+02   -.3508E+02   -.3508E+02   -.3509E+02   -.3510E+02   -.3511E+02   -.3512E+02   -.3513E+02   -.3514E+02   -.3515E+02   -.3517E+02   -.3519E+02   -.3521E+02   -.3523E+02   -.3526E+02   -.3529E+02   -.3532E+02   -.3537E+02   -.3542E+02   -.3548E+02   -.3555E+02   -.3564E+02   -.3574E+02   -.3587E+02   -.3600E+02   -.3616E+02   -.3624E+02   -.3629E+02   -.3594E+02   -.3548E+02   -.3316E+02   -.4835E+02   -.1733E+02   -.1105E+02   -.1143E+02   -.1026E+02   -.1015E+02   -.9525E+01   -.9177E+01   -.8744E+01   -.8399E+01   -.8076E+01   -.7788E+01   -.7522E+01   -.7284E+01   -.7063E+01   -.6862E+01   -.6672E+01   -.6495E+01   -.6326E+01   -.6169E+01   -.6016E+01   -.5873E+01   -.5734E+01   -.5606E+01   -.5483E+01   -.5367E+01   -.5256E+01   -.5152E+01   -.5052E+01
0.1085E+04   0.1967E+02   -.3500E+02   -.3500E+02   -.3500E+02   -.3500E+02   -.3500E+02   -.3500E+02   -.3500E+02   -.3500E+02   -.3500E+02   -.3500E+02   -.3500E+02   -.3500E+02   -.3500E+02   -.3500E+02   -.3500E+02   -.3500E+02   -.3500E+02   -.3500E+02   -.3500E+02   -.3500E+02   -.3500E+02   -.3500E+02   -.3500E+02   -.3500E+02   -.3500E+02   -.3500E+02   -.3500E+02   -.3500E+02   -.3500E+02   -.3500E+02   -.3500E+02   -.3500E+02   -.3500E+02   -.3500E+02   -.3500E+02   -.3500E+02   -.3500E+02   -.3500E+02   -.3500E+02   -.3500E+02   -.3500E+02   -.3500E+02   -.3501E+02   -.3501E+02   -.3501E+02   -.3501E+02   -.3501E+02   -.3501E+02   -.3501E+02   -.3501E+02   -.3502E+02   -.3502E+02   -.3502E+02   -.3502E+02   -.3502E+02   -.3503E+02   -.3503E+02   -.3503E+02   -.3503E+02   -.3504E+02   -.3504E+02   -.3504E+02   -.3505E+02   -.3505E+02   -.3506E+02   -.3506E+02   -.3507E+02   -.3507E+02   -.3508E+02   -.3508E+02   -.3509E+02   -.3510E+02   -.3511E+02   -.3512E+02   -.3513E+02   -.3514E+02   -.3515E+02   -.3517E+02   -.3519E+02   -.3521E+02   -.3523E+02   -.3526E+02   -.3529E+02   -.3532E+02   -.3537E+02   -.3542E+02   -.3548E+02   -.3555E+02   -.3564E+02   -.3574E+02   -.3587E+02   -.3600E+02   -.3616E+02   -.3624E+02   -.3629E+02   -.3594E+02   -.3548E+02   -.3316E+02   -.4835E+02   -.1733E+02   -.1105E+02   -.1143E+02   -.1026E+02   -.1015E+02   -.9525E+01   -.9177E+01   -.8744E+01   -.8399E+01   -.8076E+01   -.7788E+01   -.7522E+01   -.7284E+01   -.7063E+01   -.6862E+01   -.6672E+01   -.6495E+01   -.6326E+01   -.6169E+01   -.6016E+01   -.5873E+01   -.5734E+01   -.5606E+01   -.5483E+01   -.5367E+01   -.5256E+01   -.5152E+01   -.5051E+01   -.4959E+01
0.1086E+04   0.2000E+02   -.3500E+02   -.3500E+02   -.3500E+02   -.3500E+02   -.3500E+02   -.3500E+02   -.3500E+02   -.3500E+02   -.3500E+02   -.3500E+02   -.3500E+02   -.3500E+02   -.3500E+02   -.3500E+02   -.3500E+02   -.3500E+02   -.3500E+02   -.3500E+02   -.3500E+02   -.3500E+02   -.3500E+02   -.3500E+02   -.3500E+02   -.3500E+02   -.3500E+02   -.3500E+02   -.3500E+02   -.3500E+02   -.3500E+02   -.3500E+02   -.3500E+02   -.3500E+02   -.3500E+02   -.3500E+02   -.3500E+02   -.3500E+02   -.3500E+02   -.3500E+02   -.3500E+02   -.3500E+02   -.3500E+02   -.3501E+02   -.3501E+02   -.3501E+02   -.3501E+02   -.3501E+02   -.3501E+02   -.3501E+02   -.3501E+02   -.3502E+02   -.3502E+02   -.3502E+02   -.3502E+02   -.3502E+02   -.3503E+02   -.3503E+02   -.3503E+02   -.3503E+02   -.3504E+02   -.3504E+02   -.3504E+02   -.3505E+02   -.3505E+02   -.3506E+02   -.3506E+02   -.3507E+02   -.3507E+02   -.3508E+02   -.3508E+02   -.3509E+02   -.3510E+02   -.3511E+02   -.3512E+02   -.3513E+02   -.3514E+02   -.3515E+02   -.3517E+02   -.3519E+02   -.3521E+02   -.3523E+02   -.3526E+02   -.3529E+02   -.3532E+02   -.3537E+02   -.3542E+02   -.3548E+02   -.3555E+02   -.3564E+02   -.3574E+02   -.3587E+02   -.3600E+02   -.3616E+02   -.3624E+02   -.3629E+02   -.3594E+02   -.3548E+02   -.3315E+02   -.4835E+02   -.1733E+02   -.1105E+02   -.1143E+02   -.1026E+02   -.1015E+02   -.9524E+01   -.9177E+01   -.8744E+01   -.8399E+01   -.8076E+01   -.7788E+01   -.7522E+01   -.7284E+01   -.7063E+01   -.6861E+01   -.6671E+01   -.6495E+01   -.6326E+01   -.6169E+01   -.6016E+01   -.5873E+01   -.5734E+01   -.5606E+01   -.5483E+01   -.5367E+01   -.5256E+01   -.5152E+01   -.5051E+01   -.4959E+01   -.4870E+01
0.1087E+04   0.2033E+02   -.3500E+02   -.3500E+02   -.3500E+02   -.3500E+02   -.3500E+02   -.3500E+02   -.3500E+02   -.3500E+02   -.3500E+02   -.3500E+02   -.3500E+02   -.3500E+02   -.3500E+02   -.3500E+02   -.3500E+02   -.3500E+02   -.3500E+02   -.3500E+02   -.3500E+02   -.3500E+02   -.3500E+02   -.3500E+02   -.3500E+02   -.3500E+02   -.3500E+02   -.3500E+02   -.3500E+02   -.3500E+02   -.3500E+02   -.3500E+02   -.3500E+02   -.3500E+02   -.3500E+02   -.3500E+02   -.3500E+02   -.3500E+02   -.3500E+02   -.3500E+02   -.3500E+02   -.3500E+02   -.3501E+02   -.3501E+02   -.3501E+02   -.3501E+02   -.3501E+02   -.3501E+02   -.3501E+02   -.3501E+02   -.3502E+02   -.3502E+02   -.3502E+02   -.3502E+02   -.3502E+02   -.3503E+02   -.3503E+02   -.3503E+02   -.3503E+02   -.3504E+02   -.3504E+02   -.3504E+02   -.3505E+02   -.3505E+02   -.3506E+02   -.3506E+02   -.3507E+02   -.3507E+02   -.3508E+02   -.3508E+02   -.3509E+02   -.3510E+02   -.3511E+02   -.3512E+02   -.3513E+02   -.3514E+02   -.3515E+02   -.3517E+02   -.3519E+02   -.3521E+02   -.3523E+02   -.3526E+02   -.3529E+02   -.3532E+02   -.3537E+02   -.3542E+02   -.3548E+02   -.3555E+02   -.3564E+02   -.3574E+02   -.3587E+02   -.3600E+02   -.3616E+02   -.3624E+02   -.3629E+02   -.3594E+02   -.3548E+02   -.3315E+02   -.4835E+02   -.1733E+02   -.1105E+02   -.1143E+02   -.1026E+02   -.1015E+02   -.9524E+01   -.9177E+01   -.8744E+01   -.8399E+01   -.8076E+01   -.7788E+01   -.7521E+01   -.7284E+01   -.7063E+01   -.6861E+01   -.6671E+01   -.6495E+01   -.6326E+01   -.6169E+01   -.6016E+01   -.5873E+01   -.5734E+01   -.5606E+01   -.5483E+01   -.5367E+01   -.5256E+01   -.5152E+01   -.5052E+01   -.4959E+01   -.4870E+01   -.4786E+01
0.1088E+04   0.2067E+02   -.3500E+02   -.3500E+02   -.3500E+02   -.3500E+02   -.3500E+02   -.3500E+02   -.3500E+02   -.3500E+02   -.3500E+02   -.3500E+02   -.3500E+02   -.3500E+02   -.3500E+02   -.3500E+02   -.3500E+02   -.3500E+02   -.3500E+02   -.3500E+02   -.3500E+02   -.3500E+02   -.3500E+02   -.3500E+02   -.3500E+02   -.3500E+02   -.3500E+02   -.3500E+02   -.3500E+02   -.3500E+02   -.3500E+02   -.3500E+02   -.3500E+02   -.3500E+02   -.3500E+02   -.3500E+02   -.3500E+02   -.3500E+02   -.3500E+02   -.3500E+02   -.3501E+02   -.3501E+02   -.3501E+02   -.3501E+02   -.3501E+02   -.3501E+02   -.3501E+02   -.3501E+02   -.3501E+02   -.3502E+02   -.3502E+02   -.3502E+02   -.3502E+02   -.3502E+02   -.3503E+02   -.3503E+02   -.3503E+02   -.3503E+02   -.3504E+02   -.3504E+02   -.3504E+02   -.3505E+02   -.3505E+02   -.3506E+02   -.3506E+02   -.3507E+02   -.3507E+02   -.3508E+02   -.3508E+02   -.3509E+02   -.3510E+02   -.3511E+02   -.3512E+02   -.3513E+02   -.3514E+02   -.3515E+02   -.3517E+02   -.3519E+02   -.3521E+02   -.3523E+02   -.3526E+02   -.3529E+02   -.3532E+02   -.3537E+02   -.3542E+02   -.3548E+02   -.3555E+02   -.3564E+02   -.3574E+02   -.3587E+02   -.3600E+02   -.3616E+02   -.3624E+02   -.3629E+02   -.3594E+02   -.3548E+02   -.3315E+02   -.4835E+02   -.1733E+02   -.1105E+02   -.1143E+02   -.1026E+02   -.1015E+02   -.9524E+01   -.9177E+01   -.8744E+01   -.8399E+01   -.8076E+01   -.7788E+01   -.7521E+01   -.7284E+01   -.7063E+01   -.6861E+01   -.6671E+01   -.6495E+01   -.6326E+01   -.6169E+01   -.6016E+01   -.5873E+01   -.5735E+01   -.5607E+01   -.5482E+01   -.5367E+01   -.5256E+01   -.5152E+01   -.5052E+01   -.4959E+01   -.4870E+01   -.4786E+01   -.4707E+01
0.1089E+04   0.2100E+02   -.3500E+02   -.3500E+02   -.3500E+02   -.3500E+02   -.3500E+02   -.3500E+02   -.3500E+02   -.3500E+02   -.3500E+02   -.3500E+02   -.3500E+02   -.3500E+02   -.3500E+02   -.3500E+02   -.3500E+02   -.3500E+02   -.3500E+02   -.3500E+02   -.3500E+02   -.3500E+02   -.3500E+02   -.3500E+02   -.3500E+02   -.3500E+02   -.3500E+02   -.3500E+02   -.3500E+02   -.3500E+02   -.3500E+02   -.3500E+02   -.3500E+02   -.3500E+02   -.3500E+02   -.3500E+02   -.3500E+02   -.3500E+02   -.3500E+02   -.3501E+02   -.3501E+02   -.3501E+02   -.3501E+02   -.3501E+02   -.3501E+02   -.3501E+02   -.3501E+02   -.3501E+02   -.3502E+02   -.3502E+02   -.3502E+02   -.3502E+02   -.3502E+02   -.3503E+02   -.3503E+02   -.3503E+02   -.3503E+02   -.3504E+02   -.3504E+02   -.3504E+02   -.3505E+02   -.3505E+02   -.3506E+02   -.3506E+02   -.3507E+02   -.3507E+02   -.3508E+02   -.3508E+02   -.3509E+02   -.3510E+02   -.3511E+02   -.3512E+02   -.3513E+02   -.3514E+02   -.3515E+02   -.3517E+02   -.3519E+02   -.3521E+02   -.3523E+02   -.3526E+02   -.3529E+02   -.3532E+02   -.3537E+02   -.3542E+02   -.3548E+02   -.3555E+02   -.3564E+02   -.3574E+02   -.3587E+02   -.3600E+02   -.3616E+02   -.3624E+02   -.3629E+02   -.3594E+02   -.3548E+02   -.3315E+02   -.4835E+02   -.1733E+02   -.1105E+02   -.1143E+02   -.1026E+02   -.1015E+02   -.9524E+01   -.9177E+01   -.8744E+01   -.8399E+01   -.8076E+01   -.7788E+01   -.7521E+01   -.7283E+01   -.7063E+01   -.6861E+01   -.6671E+01   -.6495E+01   -.6326E+01   -.6169E+01   -.6016E+01   -.5873E+01   -.5735E+01   -.5606E+01   -.5482E+01   -.5369E+01   -.5257E+01   -.5152E+01   -.5052E+01   -.4959E+01   -.4870E+01   -.4786E+01   -.4707E+01   -.4634E+01
0.1090E+04   0.2133E+02   -.3500E+02   -.3500E+02   -.3500E+02   -.3500E+02   -.3500E+02   -.3500E+02   -.3500E+02   -.3500E+02   -.3500E+02   -.3500E+02   -.3500E+02   -.3500E+02   -.3500E+02   -.3500E+02   -.3500E+02   -.3500E+02   -.3500E+02   -.3500E+02   -.3500E+02   -.3500E+02   -.3500E+02   -.3500E+02   -.3500E+02   -.3500E+02   -.3500E+02   -.3500E+02   -.3500E+02   -.3500E+02   -.3500E+02   -.3500E+02   -.3500E+02   -.3500E+02   -.3500E+02   -.3500E+02   -.3500E+02   -.3500E+02   -.3501E+02   -.3501E+02   -.3501E+02   -.3501E+02   -.3501E+02   -.3501E+02   -.3501E+02   -.3501E+02   -.3501E+02   -.3502E+02   -.3502E+02   -.3502E+02   -.3502E+02   -.3502E+02   -.3503E+02   -.3503E+02   -.3503E+02   -.3503E+02   -.3504E+02   -.3504E+02   -.3504E+02   -.3505E+02   -.3505E+02   -.3506E+02   -.3506E+02   -.3507E+02   -.3507E+02   -.3508E+02   -.3508E+02   -.3509E+02   -.3510E+02   -.3511E+02   -.3512E+02   -.3513E+02   -.3514E+02   -.3515E+02   -.3517E+02   -.3519E+02   -.3521E+02   -.3523E+02   -.3526E+02   -.3529E+02   -.3532E+02   -.3537E+02   -.3542E+02   -.3548E+02   -.3555E+02   -.3564E+02   -.3574E+02   -.3587E+02   -.3600E+02   -.3616E+02   -.3624E+02   -.3629E+02   -.3594E+02   -.3548E+02   -.3315E+02   -.4835E+02   -.1733E+02   -.1105E+02   -.1143E+02   -.1026E+02   -.1015E+02   -.9524E+01   -.9177E+01   -.8744E+01   -.8399E+01   -.8076E+01   -.7788E+01   -.7521E+01   -.7283E+01   -.7062E+01   -.6861E+01   -.6671E+01   -.6495E+01   -.6326E+01   -.6169E+01   -.6016E+01   -.5874E+01   -.5735E+01   -.5605E+01   -.5485E+01   -.5368E+01   -.5256E+01   -.5153E+01   -.5052E+01   -.4960E+01   -.4870E+01   -.4787E+01   -.4707E+01   -.4633E+01   -.4562E+01
0.1091E+04   0.2167E+02   -.3500E+02   -.3500E+02   -.3500E+02   -.3500E+02   -.3500E+02   -.3500E+02   -.3500E+02   -.3500E+02   -.3500E+02   -.3500E+02   -.3500E+02   -.3500E+02   -.3500E+02   -.3500E+02   -.3500E+02   -.3500E+02   -.3500E+02   -.3500E+02   -.3500E+02   -.3500E+02   -.3500E+02   -.3500E+02   -.3500E+02   -.3500E+02   -.3500E+02   -.3500E+02   -.3500E+02   -.3500E+02   -.3500E+02   -.3500E+02   -.3500E+02   -.3500E+02   -.3500E+02   -.3500E+02   -.3500E+02   -.3501E+02   -.3501E+02   -.3501E+02   -.3501E+02   -.3501E+02   -.3501E+02   -.3501E+02   -.3501E+02   -.3501E+02   -.3502E+02   -.3502E+02   -.3502E+02   -.3502E+02   -.3502E+02   -.3503E+02   -.3503E+02   -.3503E+02   -.3503E+02   -.3504E+02   -.3504E+02   -.3504E+02   -.3505E+02   -.3505E+02   -.3506E+02   -.3506E+02   -.3507E+02   -.3507E+02   -.3508E+02   -.3508E+02   -.3509E+02   -.3510E+02   -.3511E+02   -.3512E+02   -.3513E+02   -.3514E+02   -.3515E+02   -.3517E+02   -.3519E+02   -.3521E+02   -.3523E+02   -.3526E+02   -.3529E+02   -.3532E+02   -.3537E+02   -.3542E+02   -.3548E+02   -.3555E+02   -.3564E+02   -.3574E+02   -.3587E+02   -.3600E+02   -.3616E+02   -.3624E+02   -.3629E+02   -.3594E+02   -.3547E+02   -.3315E+02   -.4835E+02   -.1733E+02   -.1105E+02   -.1143E+02   -.1026E+02   -.1015E+02   -.9524E+01   -.9177E+01   -.8744E+01   -.8398E+01   -.8076E+01   -.7788E+01   -.7521E+01   -.7283E+01   -.7062E+01   -.6861E+01   -.6671E+01   -.6495E+01   -.6326E+01   -.6169E+01   -.6016E+01   -.5872E+01   -.5735E+01   -.5607E+01   -.5484E+01   -.5367E+01   -.5256E+01   -.5153E+01   -.5052E+01   -.4959E+01   -.4870E+01   -.4787E+01   -.4707E+01   -.4633E+01   -.4562E+01   -.4495E+01
0.1092E+04   0.2200E+02   -.3500E+02   -.3500E+02   -.3500E+02   -.3500E+02   -.3500E+02   -.3500E+02   -.3500E+02   -.3500E+02   -.3500E+02   -.3500E+02   -.3500E+02   -.3500E+02   -.3500E+02   -.3500E+02   -.3500E+02   -.3500E+02   -.3500E+02   -.3500E+02   -.3500E+02   -.3500E+02   -.3500E+02   -.3500E+02   -.3500E+02   -.3500E+02   -.3500E+02   -.3500E+02   -.3500E+02   -.3500E+02   -.3500E+02   -.3500E+02   -.3500E+02   -.3500E+02   -.3500E+02   -.3500E+02   -.3501E+02   -.3501E+02   -.3501E+02   -.3501E+02   -.3501E+02   -.3501E+02   -.3501E+02   -.3501E+02   -.3501E+02   -.3502E+02   -.3502E+02   -.3502E+02   -.3502E+02   -.3502E+02   -.3503E+02   -.3503E+02   -.3503E+02   -.3503E+02   -.3504E+02   -.3504E+02   -.3504E+02   -.3505E+02   -.3505E+02   -.3506E+02   -.3506E+02   -.3507E+02   -.3507E+02   -.3508E+02   -.3508E+02   -.3509E+02   -.3510E+02   -.3511E+02   -.3512E+02   -.3513E+02   -.3514E+02   -.3515E+02   -.3517E+02   -.3519E+02   -.3521E+02   -.3523E+02   -.3526E+02   -.3529E+02   -.3532E+02   -.3537E+02   -.3542E+02   -.3548E+02   -.3555E+02   -.3564E+02   -.3574E+02   -.3587E+02   -.3600E+02   -.3616E+02   -.3624E+02   -.3629E+02   -.3594E+02   -.3547E+02   -.3315E+02   -.4835E+02   -.1733E+02   -.1105E+02   -.1143E+02   -.1026E+02   -.1015E+02   -.9524E+01   -.9177E+01   -.8744E+01   -.8398E+01   -.8076E+01   -.7788E+01   -.7521E+01   -.7283E+01   -.7062E+01   -.6861E+01   -.6671E+01   -.6495E+01   -.6326E+01   -.6169E+01   -.6016E+01   -.5874E+01   -.5735E+01   -.5607E+01   -.5482E+01   -.5366E+01   -.5256E+01   -.5152E+01   -.5051E+01   -.4959E+01   -.4870E+01   -.4786E+01   -.4707E+01   -.4633E+01   -.4562E+01   -.4495E+01   -.4431E+01
0.1093E+04   0.2233E+02   -.3500E+02   -.3500E+02   -.3500E+02   -.3500E+02   -.3500E+02   -.3500E+02   -.3500E+02   -.3500E+02   -.3500E+02   -.3500E+02   -.3500E+02   -.3500E+02   -.3500E+02   -.3500E+02   -.3500E+02   -.3500E+02   -.3500E+02   -.3500E+02   -.3500E+02   -.3500E+02   -.3500E+02   -.3500E+02   -.3500E+02   -.3500E+02   -.3500E+02   -.3500E+02   -.3500E+02   -.3500E+02   -.3500E+02   -.3500E+02   -.3500E+02   -.3500E+02   -.3500E+02   -.3501E+02   -.3501E+02   -.3501E+02   -.3501E+02   -.3501E+02   -.3501E+02   -.3501E+02   -.3501E+02   -.3501E+02   -.3502E+02   -.3502E+02   -.3502E+02   -.3502E+02   -.3502E+02   -.3503E+02   -.3503E+02   -.3503E+02   -.3503E+02   -.3504E+02   -.3504E+02   -.3504E+02   -.3505E+02   -.3505E+02   -.3506E+02   -.3506E+02   -.3507E+02   -.3507E+02   -.3508E+02   -.3508E+02   -.3509E+02   -.3510E+02   -.3511E+02   -.3512E+02   -.3513E+02   -.3514E+02   -.3515E+02   -.3517E+02   -.3519E+02   -.3521E+02   -.3523E+02   -.3526E+02   -.3529E+02   -.3532E+02   -.3537E+02   -.3542E+02   -.3548E+02   -.3555E+02   -.3564E+02   -.3574E+02   -.3587E+02   -.3600E+02   -.3616E+02   -.3624E+02   -.3628E+02   -.3594E+02   -.3547E+02   -.3315E+02   -.4835E+02   -.1733E+02   -.1105E+02   -.1143E+02   -.1026E+02   -.1015E+02   -.9524E+01   -.9176E+01   -.8744E+01   -.8398E+01   -.8076E+01   -.7788E+01   -.7521E+01   -.7283E+01   -.7062E+01   -.6861E+01   -.6671E+01   -.6494E+01   -.6326E+01   -.6169E+01   -.6015E+01   -.5872E+01   -.5734E+01   -.5607E+01   -.5484E+01   -.5370E+01   -.5257E+01   -.5152E+01   -.5052E+01   -.4960E+01   -.4870E+01   -.4786E+01   -.4707E+01   -.4635E+01   -.4562E+01   -.4495E+01   -.4431E+01   -.4370E+01
0.1094E+04   0.2267E+02   -.3500E+02   -.3500E+02   -.3500E+02   -.3500E+02   -.3500E+02   -.3500E+02   -.3500E+02   -.3500E+02   -.3500E+02   -.3500E+02   -.3500E+02   -.3500E+02   -.3500E+02   -.3500E+02   -.3500E+02   -.3500E+02   -.3500E+02   -.3500E+02   -.3500E+02   -.3500E+02   -.3500E+02   -.3500E+02   -.3500E+02   -.3500E+02   -.3500E+02   -.3500E+02   -.3500E+02   -.3500E+02   -.3500E+02   -.3500E+02   -.3500E+02   -.3501E+02   -.3501E+02   -.3501E+02   -.3501E+02   -.3501E+02   -.3501E+02   -.3501E+02   -.3501E+02   -.3501E+02   -.3501E+02   -.3502E+02   -.3502E+02   -.3502E+02   -.3502E+02   -.3502E+02   -.3503E+02   -.3503E+02   -.3503E+02   -.3503E+02   -.3504E+02   -.3504E+02   -.3504E+02   -.3505E+02   -.3505E+02   -.3506E+02   -.3506E+02   -.3507E+02   -.3507E+02   -.3508E+02   -.3508E+02   -.3509E+02   -.3510E+02   -.3511E+02   -.3512E+02   -.3513E+02   -.3514E+02   -.3515E+02   -.3517E+02   -.3519E+02   -.3521E+02   -.3523E+02   -.3526E+02   -.3529E+02   -.3532E+02   -.3537E+02   -.3542E+02   -.3548E+02   -.3555E+02   -.3564E+02   -.3574E+02   -.3587E+02   -.3600E+02   -.3616E+02   -.3624E+02   -.3628E+02   -.3594E+02   -.3547E+02   -.3315E+02   -.4835E+02   -.1733E+02   -.1105E+02   -.1143E+02   -.1026E+02   -.1015E+02   -.9524E+01   -.9176E+01   -.8744E+01   -.8398E+01   -.8076E+01   -.7788E+01   -.7521E+01   -.7283E+01   -.7062E+01   -.6860E+01   -.6671E+01   -.6494E+01   -.6325E+01   -.6169E+01   -.6015E+01   -.5874E+01   -.5735E+01   -.5607E+01   -.5484E+01   -.5367E+01   -.5255E+01   -.5152E+01   -.5052E+01   -.4959E+01   -.4870E+01   -.4787E+01   -.4707E+01   -.4633E+01   -.4561E+01   -.4495E+01   -.4431E+01   -.4370E+01   -.4312E+01
0.1095E+04   0.2300E+02   -.3500E+02   -.3500E+02   -.3500E+02   -.3500E+02   -.3500E+02   -.3500E+02   -.3500E+02   -.3500E+02   -.3500E+02   -.3500E+02   -.3500E+02   -.3500E+02   -.3500E+02   -.3500E+02   -.3500E+02   -.3500E+02   -.3500E+02   -.3500E+02   -.3500E+02   -.3500E+02   -.3500E+02   -.3500E+02   -.3500E+02   -.3500E+02   -.3500E+02   -.3500E+02   -.3500E+02   -.3500E+02   -.3500E+02   -.3500E+02   -.3501E+02   -.3501E+02   -.3501E+02   -.3501E+02   -.3501E+02   -.3501E+02   -.3501E+02   -.3501E+02   -.3501E+02   -.3501E+02   -.3502E+02   -.3502E+02   -.3502E+02   -.3502E+02   -.3502E+02   -.3503E+02   -.3503E+02   -.3503E+02   -.3503E+02   -.3504E+02   -.3504E+02   -.3504E+02   -.3505E+02   -.3505E+02   -.3506E+02   -.3506E+02   -.3507E+02   -.3507E+02   -.3508E+02   -.3508E+02   -.3509E+02   -.3510E+02   -.3511E+02   -.3512E+02   -.3513E+02   -.3514E+02   -.3515E+02   -.3517E+02   -.3519E+02   -.3521E+02   -.3523E+02   -.3526E+02   -.3529E+02   -.3532E+02   -.3537E+02   -.3542E+02   -.3548E+02   -.3555E+02   -.3564E+02   -.3574E+02   -.3587E+02   -.3600E+02   -.3616E+02   -.3624E+02   -.3628E+02   -.3594E+02   -.3547E+02   -.3315E+02   -.4835E+02   -.1733E+02   -.1105E+02   -.1143E+02   -.1026E+02   -.1015E+02   -.9524E+01   -.9176E+01   -.8744E+01   -.8398E+01   -.8076E+01   -.7788E+01   -.7521E+01   -.7283E+01   -.7062E+01   -.6860E+01   -.6670E+01   -.6494E+01   -.6325E+01   -.6169E+01   -.6015E+01   -.5874E+01   -.5735E+01   -.5606E+01   -.5484E+01   -.5368E+01   -.5256E+01   -.5153E+01   -.5052E+01   -.4959E+01   -.4870E+01   -.4787E+01   -.4707E+01   -.4633E+01   -.4561E+01   -.4495E+01   -.4431E+01   -.4370E+01   -.4312E+01   -.4259E+01
0.1096E+04   0.2333E+02   -.3500E+02   -.3500E+02   -.3500E+02   -.3500E+02   -.3500E+02   -.3500E+02   -.3500E+02   -.3500E+02   -.3500E+02   -.3500E+02   -.3500E+02   -.3500E+02   -.3500E+02   -.3500E+02   -.3500E+02   -.3500E+02   -.3500E+02   -.3500E+02   -.3500E+02   -.3500E+02   -.3500E+02   -.3500E+02   -.3500E+02   -.3500E+02   -.3500E+02   -.3500E+02   -.3500E+02   -.3500E+02   -.3500E+02   -.3501E+02   -.3501E+02   -.3501E+02   -.3501E+02   -.3501E+02   -.3501E+02   -.3501E+02   -.3501E+02   -.3501E+02   -.3501E+02   -.3502E+02   -.3502E+02   -.3502E+02   -.3502E+02   -.3502E+02   -.3503E+02   -.3503E+02   -.3503E+02   -.3503E+02   -.3504E+02   -.3504E+02   -.3504E+02   -.3505E+02   -.3505E+02   -.3506E+02   -.3506E+02   -.3507E+02   -.3507E+02   -.3508E+02   -.3508E+02   -.3509E+02   -.3510E+02   -.3511E+02   -.3512E+02   -.3513E+02   -.3514E+02   -.3515E+02   -.3517E+02   -.3519E+02   -.3521E+02   -.3523E+02   -.3526E+02   -.3529E+02   -.3532E+02   -.3537E+02   -.3542E+02   -.3548E+02   -.3555E+02   -.3564E+02   -.3574E+02   -.3587E+02   -.3600E+02   -.3616E+02   -.3624E+02   -.3628E+02   -.3594E+02   -.3547E+02   -.3315E+02   -.4835E+02   -.1733E+02   -.1105E+02   -.1143E+02   -.1026E+02   -.1015E+02   -.9524E+01   -.9176E+01   -.8744E+01   -.8398E+01   -.8076E+01   -.7788E+01   -.7521E+01   -.7283E+01   -.7062E+01   -.6860E+01   -.6670E+01   -.6494E+01   -.6325E+01   -.6169E+01   -.6015E+01   -.5874E+01   -.5735E+01   -.5607E+01   -.5485E+01   -.5367E+01   -.5255E+01   -.5152E+01   -.5051E+01   -.4959E+01   -.4870E+01   -.4787E+01   -.4707E+01   -.4633E+01   -.4561E+01   -.4495E+01   -.4430E+01   -.4370E+01   -.4312E+01   -.4259E+01   -.4206E+01
0.1097E+04   0.2367E+02   -.3500E+02   -.3500E+02   -.3500E+02   -.3500E+02   -.3500E+02   -.3500E+02   -.3500E+02   -.3500E+02   -.3500E+02   -.3500E+02   -.3500E+02   -.3500E+02   -.3500E+02   -.3500E+02   -.3500E+02   -.3500E+02   -.3500E+02   -.3500E+02   -.3500E+02   -.3500E+02   -.3500E+02   -.3500E+02   -.3500E+02   -.3500E+02   -.3500E+02   -.3500E+02   -.3500E+02   -.3501E+02   -.3501E+02   -.3501E+02   -.3501E+02   -.3501E+02   -.3501E+02   -.3501E+02   -.3501E+02   -.3501E+02   -.3501E+02   -.3501E+02   -.3502E+02   -.3502E+02   -.3502E+02   -.3502E+02   -.3502E+02   -.3503E+02   -.3503E+02   -.3503E+02   -.3503E+02   -.3504E+02   -.3504E+02   -.3504E+02   -.3505E+02   -.3505E+02   -.3506E+02   -.3506E+02   -.3507E+02   -.3507E+02   -.3508E+02   -.3508E+02   -.3509E+02   -.3510E+02   -.3511E+02   -.3512E+02   -.3513E+02   -.3514E+02   -.3515E+02   -.3517E+02   -.3519E+02   -.3521E+02   -.3523E+02   -.3526E+02   -.3529E+02   -.3532E+02   -.3537E+02   -.3542E+02   -.3548E+02   -.3555E+02   -.3564E+02   -.3574E+02   -.3587E+02   -.3600E+02   -.3616E+02   -.3624E+02   -.3628E+02   -.3594E+02   -.3547E+02   -.3315E+02   -.4835E+02   -.1733E+02   -.1105E+02   -.1143E+02   -.1026E+02   -.1015E+02   -.9524E+01   -.9176E+01   -.8744E+01   -.8398E+01   -.8076E+01   -.7788E+01   -.7521E+01   -.7283E+01   -.7062E+01   -.6860E+01   -.6670E+01   -.6494E+01   -.6325E+01   -.6169E+01   -.6015E+01   -.5874E+01   -.5735E+01   -.5607E+01   -.5484E+01   -.5367E+01   -.5256E+01   -.5152E+01   -.5051E+01   -.4959E+01   -.4870E+01   -.4786E+01   -.4707E+01   -.4633E+01   -.4561E+01   -.4495E+01   -.4431E+01   -.4370E+01   -.4312E+01   -.4258E+01   -.4206E+01   -.4158E+01
0.1098E+04   0.2400E+02   -.3500E+02   -.3500E+02   -.3500E+02   -.3500E+02   -.3500E+02   -.3500E+02   -.3500E+02   -.3500E+02   -.3500E+02   -.3500E+02   -.3500E+02   -.3500E+02   -.3500E+02   -.3500E+02   -.3500E+02   -.3500E+02   -.3500E+02   -.3500E+02   -.3500E+02   -.3500E+02   -.3500E+02   -.3500E+02   -.3500E+02   -.3500E+02   -.3500E+02   -.3500E+02   -.3501E+02   -.3501E+02   -.3501E+02   -.3501E+02   -.3501E+02   -.3501E+02   -.3501E+02   -.3501E+02   -.3501E+02   -.3501E+02   -.3502E+02   -.3502E+02   -.3502E+02   -.3502E+02   -.3502E+02   -.3502E+02   -.3503E+02   -.3503E+02   -.3503E+02   -.3503E+02   -.3504E+02   -.3504E+02   -.3504E+02   -.3505E+02   -.3505E+02   -.3506E+02   -.3506E+02   -.3507E+02   -.3507E+02   -.3508E+02   -.3508E+02   -.3509E+02   -.3510E+02   -.3511E+02   -.3512E+02   -.3513E+02   -.3514E+02   -.3515E+02   -.3517E+02   -.3519E+02   -.3521E+02   -.3523E+02   -.3526E+02   -.3529E+02   -.3532E+02   -.3537E+02   -.3542E+02   -.3548E+02   -.3555E+02   -.3564E+02   -.3574E+02   -.3587E+02   -.3600E+02   -.3616E+02   -.3624E+02   -.3628E+02   -.3594E+02   -.3547E+02   -.3315E+02   -.4835E+02   -.1733E+02   -.1105E+02   -.1143E+02   -.1025E+02   -.1015E+02   -.9524E+01   -.9176E+01   -.8744E+01   -.8398E+01   -.8076E+01   -.7788E+01   -.7521E+01   -.7283E+01   -.7062E+01   -.6860E+01   -.6670E+01   -.6494E+01   -.6325E+01   -.6168E+01   -.6015E+01   -.5874E+01   -.5735E+01   -.5607E+01   -.5484E+01   -.5367E+01   -.5256E+01   -.5152E+01   -.5051E+01   -.4959E+01   -.4870E+01   -.4786E+01   -.4707E+01   -.4634E+01   -.4562E+01   -.4494E+01   -.4430E+01   -.4370E+01   -.4312E+01   -.4258E+01   -.4206E+01   -.4159E+01   -.4111E+01
0.1099E+04   0.2433E+02   -.3500E+02   -.3500E+02   -.3500E+02   -.3500E+02   -.3500E+02   -.3500E+02   -.3500E+02   -.3500E+02   -.3500E+02   -.3500E+02   -.3500E+02   -.3500E+02   -.3500E+02   -.3500E+02   -.3500E+02   -.3500E+02   -.3500E+02   -.3500E+02   -.3500E+02   -.3500E+02   -.3500E+02   -.3500E+02   -.3500E+02   -.3500E+02   -.3500E+02   -.3501E+02   -.3501E+02   -.3501E+02   -.3501E+02   -.3501E+02   -.3501E+02   -.3501E+02   -.3501E+02   -.3501E+02   -.3501E+02   -.3502E+02   -.3502E+02   -.3502E+02   -.3502E+02   -.3502E+02   -.3502E+02   -.3503E+02   -.3503E+02   -.3503E+02   -.3503E+02   -.3504E+02   -.3504E+02   -.3504E+02   -.3505E+02   -.3505E+02   -.3506E+02   -.3506E+02   -.3507E+02   -.3507E+02   -.3508E+02   -.3508E+02   -.3509E+02   -.3510E+02   -.3511E+02   -.3512E+02   -.3513E+02   -.3514E+02   -.3515E+02   -.3517E+02   -.3519E+02   -.3521E+02   -.3523E+02   -.3526E+02   -.3529E+02   -.3532E+02   -.3537E+02   -.3542E+02   -.3548E+02   -.3555E+02   -.3564E+02   -.3574E+02   -.3587E+02   -.3600E+02   -.3616E+02   -.3624E+02   -.3628E+02   -.3594E+02   -.3547E+02   -.3315E+02   -.4835E+02   -.1733E+02   -.1105E+02   -.1143E+02   -.1025E+02   -.1015E+02   -.9524E+01   -.9176E+01   -.8744E+01   -.8398E+01   -.8075E+01   -.7787E+01   -.7520E+01   -.7283E+01   -.7062E+01   -.6860E+01   -.6670E+01   -.6494E+01   -.6325E+01   -.6168E+01   -.6015E+01   -.5874E+01   -.5735E+01   -.5607E+01   -.5484E+01   -.5367E+01   -.5255E+01   -.5152E+01   -.5051E+01   -.4959E+01   -.4870E+01   -.4786E+01   -.4707E+01   -.4633E+01   -.4561E+01   -.4495E+01   -.4431E+01   -.4371E+01   -.4313E+01   -.4258E+01   -.4206E+01   -.4158E+01   -.4111E+01   -.4069E+01
0.1100E+04   0.2467E+02   -.3500E+02   -.3500E+02   -.3500E+02   -.3500E+02   -.3500E+02   -.3500E+02   -.3500E+02   -.3500E+02   -.3500E+02   -.3500E+02   -.3500E+02   -.3500E+02   -.3500E+02   -.3500E+02   -.3500E+02   -.3500E+02   -.3500E+02   -.3500E+02   -.3500E+02   -.3500E+02   -.3500E+02   -.3500E+02   -.3500E+02   -.3501E+02   -.3501E+02   -.3501E+02   -.3501E+02   -.3501E+02   -.3501E+02   -.3501E+02   -.3501E+02   -.3501E+02   -.3501E+02   -.3501E+02   -.3502E+02   -.3502E+02   -.3502E+02   -.3502E+02   -.3502E+02   -.3502E+02   -.3503E+02   -.3503E+02   -.3503E+02   -.3503E+02   -.3504E+02   -.3504E+02   -.3504E+02   -.3505E+02   -.3505E+02   -.3506E+02   -.3506E+02   -.3507E+02   -.3507E+02   -.3508E+02   -.3508E+02   -.3509E+02   -.3510E+02   -.3511E+02   -.3512E+02   -.3513E+02   -.3514E+02   -.3515E+02   -.3517E+02   -.3519E+02   -.3521E+02   -.3523E+02   -.3526E+02   -.3529E+02   -.3532E+02   -.3537E+02   -.3542E+02   -.3548E+02   -.3555E+02   -.3564E+02   -.3574E+02   -.3587E+02   -.3600E+02   -.3616E+02   -.3624E+02   -.3628E+02   -.3594E+02   -.3547E+02   -.3315E+02   -.4835E+02   -.1733E+02   -.1105E+02   -.1143E+02   -.1025E+02   -.1015E+02   -.9524E+01   -.9176E+01   -.8744E+01   -.8398E+01   -.8075E+01   -.7787E+01   -.7520E+01   -.7282E+01   -.7061E+01   -.6860E+01   -.6670E+01   -.6494E+01   -.6325E+01   -.6168E+01   -.6015E+01   -.5873E+01   -.5735E+01   -.5607E+01   -.5484E+01   -.5367E+01   -.5255E+01   -.5152E+01   -.5051E+01   -.4959E+01   -.4869E+01   -.4786E+01   -.4706E+01   -.4634E+01   -.4562E+01   -.4495E+01   -.4431E+01   -.4369E+01   -.4311E+01   -.4258E+01   -.4206E+01   -.4158E+01   -.4112E+01   -.4069E+01   -.4029E+01
0.1101E+04   0.2500E+02   -.3500E+02   -.3500E+02   -.3500E+02   -.3500E+02   -.3500E+02   -.3500E+02   -.3500E+02   -.3500E+02   -.3500E+02   -.3500E+02   -.3500E+02   -.3500E+02   -.3500E+02   -.3500E+02   -.3500E+02   -.3500E+02   -.3500E+02   -.3500E+02   -.3500E+02   -.3500E+02   -.3500E+02   -.3500E+02   -.3501E+02   -.3501E+02   -.3501E+02   -.3501E+02   -.3501E+02   -.3501E+02   -.3501E+02   -.3501E+02   -.3501E+02   -.3501E+02   -.3501E+02   -.3502E+02   -.3502E+02   -.3502E+02   -.3502E+02   -.3502E+02   -.3502E+02   -.3503E+02   -.3503E+02   -.3503E+02   -.3503E+02   -.3504E+02   -.3504E+02   -.3504E+02   -.3505E+02   -.3505E+02   -.3506E+02   -.3506E+02   -.3507E+02   -.3507E+02   -.3508E+02   -.3508E+02   -.3509E+02   -.3510E+02   -.3511E+02   -.3512E+02   -.3513E+02   -.3514E+02   -.3515E+02   -.3517E+02   -.3519E+02   -.3521E+02   -.3523E+02   -.3526E+02   -.3529E+02   -.3532E+02   -.3537E+02   -.3542E+02   -.3548E+02   -.3555E+02   -.3564E+02   -.3574E+02   -.3587E+02   -.3600E+02   -.3616E+02   -.3624E+02   -.3628E+02   -.3594E+02   -.3547E+02   -.3315E+02   -.4835E+02   -.1733E+02   -.1105E+02   -.1143E+02   -.1025E+02   -.1015E+02   -.9524E+01   -.9176E+01   -.8744E+01   -.8398E+01   -.8075E+01   -.7787E+01   -.7520E+01   -.7282E+01   -.7061E+01   -.6860E+01   -.6670E+01   -.6494E+01   -.6325E+01   -.6168E+01   -.6015E+01   -.5873E+01   -.5735E+01   -.5607E+01   -.5484E+01   -.5367E+01   -.5255E+01   -.5152E+01   -.5051E+01   -.4959E+01   -.4869E+01   -.4786E+01   -.4706E+01   -.4634E+01   -.4562E+01   -.4494E+01   -.4430E+01   -.4370E+01   -.4312E+01   -.4259E+01   -.4206E+01   -.4158E+01   -.4112E+01   -.4069E+01   -.4028E+01   -.3991E+01
0.1102E+04   0.2533E+02   -.3500E+02   -.3500E+02   -.3500E+02   -.3500E+02   -.3500E+02   -.3500E+02   -.3500E+02   -.3500E+02   -.3500E+02   -.3500E+02   -.3500E+02   -.3500E+02   -.3500E+02   -.3500E+02   -.3500E+02   -.3500E+02   -.3500E+02   -.3500E+02   -.3500E+02   -.3500E+02   -.3500E+02   -.3501E+02   -.3501E+02   -.3501E+02   -.3501E+02   -.3501E+02   -.3501E+02   -.3501E+02   -.3501E+02   -.3501E+02   -.3501E+02   -.3501E+02   -.3502E+02   -.3502E+02   -.3502E+02   -.3502E+02   -.3502E+02   -.3502E+02   -.3503E+02   -.3503E+02   -.3503E+02   -.3503E+02   -.3504E+02   -.3504E+02   -.3504E+02   -.3505E+02   -.3505E+02   -.3506E+02   -.3506E+02   -.3507E+02   -.3507E+02   -.3508E+02   -.3508E+02   -.3509E+02   -.3510E+02   -.3511E+02   -.3512E+02   -.3513E+02   -.3514E+02   -.3515E+02   -.3517E+02   -.3519E+02   -.3521E+02   -.3523E+02   -.3526E+02   -.3529E+02   -.3532E+02   -.3537E+02   -.3542E+02   -.3548E+02   -.3555E+02   -.3564E+02   -.3574E+02   -.3587E+02   -.3600E+02   -.3616E+02   -.3624E+02   -.3628E+02   -.3594E+02   -.3547E+02   -.3315E+02   -.4835E+02   -.1733E+02   -.1105E+02   -.1143E+02   -.1025E+02   -.1015E+02   -.9524E+01   -.9176E+01   -.8744E+01   -.8398E+01   -.8075E+01   -.7787E+01   -.7520E+01   -.7282E+01   -.7061E+01   -.6860E+01   -.6670E+01   -.6493E+01   -.6325E+01   -.6168E+01   -.6015E+01   -.5873E+01   -.5735E+01   -.5607E+01   -.5484E+01   -.5367E+01   -.5255E+01   -.5151E+01   -.5051E+01   -.4959E+01   -.4869E+01   -.4786E+01   -.4706E+01   -.4633E+01   -.4561E+01   -.4495E+01   -.4431E+01   -.4369E+01   -.4311E+01   -.4258E+01   -.4206E+01   -.4158E+01   -.4112E+01   -.4069E+01   -.4029E+01   -.3991E+01   -.3955E+01
0.1103E+04   0.2567E+02   -.3500E+02   -.3500E+02   -.3500E+02   -.3500E+02   -.3500E+02   -.3500E+02   -.3500E+02   -.3500E+02   -.3500E+02   -.3500E+02   -.3500E+02   -.3500E+02   -.3500E+02   -.3500E+02   -.3500E+02   -.3500E+02   -.3500E+02   -.3500E+02   -.3500E+02   -.3501E+02   -.3501E+02   -.3501E+02   -.3501E+02   -.3501E+02   -.3501E+02   -.3501E+02   -.3501E+02   -.3501E+02   -.3501E+02   -.3501E+02   -.3501E+02   -.3502E+02   -.3502E+02   -.3502E+02   -.3502E+02   -.3502E+02   -.3502E+02   -.3503E+02   -.3503E+02   -.3503E+02   -.3503E+02   -.3504E+02   -.3504E+02   -.3504E+02   -.3505E+02   -.3505E+02   -.3506E+02   -.3506E+02   -.3507E+02   -.3507E+02   -.3508E+02   -.3508E+02   -.3509E+02   -.3510E+02   -.3511E+02   -.3512E+02   -.3513E+02   -.3514E+02   -.3515E+02   -.3517E+02   -.3519E+02   -.3521E+02   -.3523E+02   -.3526E+02   -.3529E+02   -.3532E+02   -.3537E+02   -.3542E+02   -.3548E+02   -.3555E+02   -.3564E+02   -.3574E+02   -.3587E+02   -.3600E+02   -.3616E+02   -.3624E+02   -.3628E+02   -.3594E+02   -.3547E+02   -.3315E+02   -.4835E+02   -.1733E+02   -.1105E+02   -.1143E+02   -.1025E+02   -.1015E+02   -.9524E+01   -.9176E+01   -.8744E+01   -.8398E+01   -.8075E+01   -.7787E+01   -.7520E+01   -.7282E+01   -.7061E+01   -.6860E+01   -.6670E+01   -.6493E+01   -.6325E+01   -.6168E+01   -.6015E+01   -.5873E+01   -.5735E+01   -.5607E+01   -.5483E+01   -.5366E+01   -.5255E+01   -.5151E+01   -.5051E+01   -.4958E+01   -.4869E+01   -.4786E+01   -.4706E+01   -.4633E+01   -.4561E+01   -.4495E+01   -.4431E+01   -.4369E+01   -.4311E+01   -.4258E+01   -.4206E+01   -.4158E+01   -.4112E+01   -.4069E+01   -.4029E+01   -.3991E+01   -.3955E+01   -.3921E+01
0.1104E+04   0.2600E+02   -.3500E+02   -.3500E+02   -.3500E+02   -.3500E+02   -.3500E+02   -.3500E+02   -.3500E+02   -.3500E+02   -.3500E+02   -.3500E+02   -.3500E+02   -.3500E+02   -.3500E+02   -.3500E+02   -.3500E+02   -.3500E+02   -.3500E+02   -.3500E+02   -.3501E+02   -.3501E+02   -.3501E+02   -.3501E+02   -.3501E+02   -.3501E+02   -.3501E+02   -.3501E+02   -.3501E+02   -.3501E+02   -.3501E+02   -.3501E+02   -.3502E+02   -.3502E+02   -.3502E+02   -.3502E+02   -.3502E+02   -.3502E+02   -.3503E+02   -.3503E+02   -.3503E+02   -.3503E+02   -.3504E+02   -.3504E+02   -.3504E+02   -.3505E+02   -.3505E+02   -.3506E+02   -.3506E+02   -.3507E+02   -.3507E+02   -.3508E+02   -.3508E+02   -.3509E+02   -.3510E+02   -.3511E+02   -.3512E+02   -.3513E+02   -.3514E+02   -.3515E+02   -.3517E+02   -.3519E+02   -.3521E+02   -.3523E+02   -.3526E+02   -.3529E+02   -.3532E+02   -.3537E+02   -.3542E+02   -.3548E+02   -.3555E+02   -.3564E+02   -.3574E+02   -.3587E+02   -.3600E+02   -.3616E+02   -.3624E+02   -.3628E+02   -.3594E+02   -.3547E+02   -.3315E+02   -.4835E+02   -.1733E+02   -.1105E+02   -.1143E+02   -.1025E+02   -.1015E+02   -.9524E+01   -.9176E+01   -.8743E+01   -.8398E+01   -.8075E+01   -.7787E+01   -.7520E+01   -.7282E+01   -.7061E+01   -.6859E+01   -.6670E+01   -.6493E+01   -.6325E+01   -.6168E+01   -.6014E+01   -.5873E+01   -.5735E+01   -.5607E+01   -.5483E+01   -.5366E+01   -.5255E+01   -.5151E+01   -.5051E+01   -.4958E+01   -.4869E+01   -.4786E+01   -.4706E+01   -.4633E+01   -.4561E+01   -.4495E+01   -.4430E+01   -.4369E+01   -.4311E+01   -.4258E+01   -.4206E+01   -.4158E+01   -.4111E+01   -.4069E+01   -.4029E+01   -.3991E+01   -.3955E+01   -.3922E+01   -.3889E+01
0.1105E+04   0.2633E+02   -.3500E+02   -.3500E+02   -.3500E+02   -.3500E+02   -.3500E+02   -.3500E+02   -.3500E+02   -.3500E+02   -.3500E+02   -.3500E+02   -.3500E+02   -.3500E+02   -.3500E+02   -.3500E+02   -.3500E+02   -.3500E+02   -.3500E+02   -.3501E+02   -.3501E+02   -.3501E+02   -.3501E+02   -.3501E+02   -.3501E+02   -.3501E+02   -.3501E+02   -.3501E+02   -.3501E+02   -.3501E+02   -.3501E+02   -.3502E+02   -.3502E+02   -.3502E+02   -.3502E+02   -.3502E+02   -.3503E+02   -.3503E+02   -.3503E+02   -.3503E+02   -.3503E+02   -.3504E+02   -.3504E+02   -.3504E+02   -.3505E+02   -.3505E+02   -.3506E+02   -.3506E+02   -.3507E+02   -.3507E+02   -.3508E+02   -.3508E+02   -.3509E+02   -.3510E+02   -.3511E+02   -.3512E+02   -.3513E+02   -.3514E+02   -.3515E+02   -.3517E+02   -.3519E+02   -.3521E+02   -.3523E+02   -.3526E+02   -.3529E+02   -.3532E+02   -.3537E+02   -.3542E+02   -.3548E+02   -.3555E+02   -.3564E+02   -.3574E+02   -.3587E+02   -.3600E+02   -.3616E+02   -.3624E+02   -.3628E+02   -.3594E+02   -.3547E+02   -.3315E+02   -.4835E+02   -.1733E+02   -.1105E+02   -.1143E+02   -.1025E+02   -.1015E+02   -.9524E+01   -.9176E+01   -.8743E+01   -.8398E+01   -.8075E+01   -.7787E+01   -.7520E+01   -.7282E+01   -.7061E+01   -.6859E+01   -.6669E+01   -.6493E+01   -.6325E+01   -.6168E+01   -.6014E+01   -.5873E+01   -.5735E+01   -.5606E+01   -.5483E+01   -.5366E+01   -.5255E+01   -.5151E+01   -.5051E+01   -.4958E+01   -.4869E+01   -.4786E+01   -.4706E+01   -.4633E+01   -.4561E+01   -.4495E+01   -.4430E+01   -.4369E+01   -.4312E+01   -.4258E+01   -.4206E+01   -.4158E+01   -.4111E+01   -.4069E+01   -.4029E+01   -.3991E+01   -.3955E+01   -.3922E+01   -.3889E+01   -.3859E+01
0.1106E+04   0.2667E+02   -.3500E+02   -.3500E+02   -.3500E+02   -.3500E+02   -.3500E+02   -.3500E+02   -.3500E+02   -.3500E+02   -.3500E+02   -.3500E+02   -.3500E+02   -.3500E+02   -.3500E+02   -.3500E+02   -.3500E+02   -.3501E+02   -.3501E+02   -.3501E+02   -.3501E+02   -.3501E+02   -.3501E+02   -.3501E+02   -.3501E+02   -.3501E+02   -.3501E+02   -.3501E+02   -.3501E+02   -.3502E+02   -.3502E+02   -.3502E+02   -.3502E+02   -.3502E+02   -.3502E+02   -.3503E+02   -.3503E+02   -.3503E+02   -.3503E+02   -.3503E+02   -.3504E+02   -.3504E+02   -.3504E+02   -.3505E+02   -.3505E+02   -.3506E+02   -.3506E+02   -.3507E+02   -.3507E+02   -.3508E+02   -.3508E+02   -.3509E+02   -.3510E+02   -.3511E+02   -.3512E+02   -.3513E+02   -.3514E+02   -.3516E+02   -.3517E+02   -.3519E+02   -.3521E+02   -.3523E+02   -.3526E+02   -.3529E+02   -.3532E+02   -.3537E+02   -.3542E+02   -.3548E+02   -.3555E+02   -.3564E+02   -.3574E+02   -.3587E+02   -.3600E+02   -.3616E+02   -.3624E+02   -.3628E+02   -.3594E+02   -.3547E+02   -.3315E+02   -.4835E+02   -.1733E+02   -.1105E+02   -.1143E+02   -.1025E+02   -.1015E+02   -.9524E+01   -.9176E+01   -.8743E+01   -.8398E+01   -.8075E+01   -.7787E+01   -.7520E+01   -.7282E+01   -.7061E+01   -.6859E+01   -.6669E+01   -.6493E+01   -.6324E+01   -.6168E+01   -.6014E+01   -.5873E+01   -.5734E+01   -.5606E+01   -.5483E+01   -.5366E+01   -.5255E+01   -.5151E+01   -.5050E+01   -.4958E+01   -.4869E+01   -.4786E+01   -.4706E+01   -.4633E+01   -.4561E+01   -.4495E+01   -.4430E+01   -.4369E+01   -.4312E+01   -.4258E+01   -.4206E+01   -.4158E+01   -.4112E+01   -.4069E+01   -.4029E+01   -.3991E+01   -.3954E+01   -.3922E+01   -.3889E+01   -.3860E+01   -.3830E+01
0.1107E+04   0.2700E+02   -.3500E+02   -.3500E+02   -.3500E+02   -.3500E+02   -.3500E+02   -.3500E+02   -.3500E+02   -.3500E+02   -.3500E+02   -.3500E+02   -.3500E+02   -.3500E+02   -.3500E+02   -.3500E+02   -.3501E+02   -.3501E+02   -.3501E+02   -.3501E+02   -.3501E+02   -.3501E+02   -.3501E+02   -.3501E+02   -.3501E+02   -.3501E+02   -.3501E+02   -.3501E+02   -.3502E+02   -.3502E+02   -.3502E+02   -.3502E+02   -.3502E+02   -.3502E+02   -.3503E+02   -.3503E+02   -.3503E+02   -.3503E+02   -.3504E+02   -.3504E+02   -.3504E+02   -.3504E+02   -.3505E+02   -.3505E+02   -.3506E+02   -.3506E+02   -.3507E+02   -.3507E+02   -.3508E+02   -.3508E+02   -.3509E+02   -.3510E+02   -.3511E+02   -.3512E+02   -.3513E+02   -.3514E+02   -.3516E+02   -.3517E+02   -.3519E+02   -.3521E+02   -.3523E+02   -.3526E+02   -.3529E+02   -.3532E+02   -.3537E+02   -.3542E+02   -.3548E+02   -.3555E+02   -.3564E+02   -.3574E+02   -.3587E+02   -.3600E+02   -.3616E+02   -.3624E+02   -.3628E+02   -.3594E+02   -.3547E+02   -.3315E+02   -.4835E+02   -.1733E+02   -.1105E+02   -.1143E+02   -.1025E+02   -.1015E+02   -.9524E+01   -.9176E+01   -.8743E+01   -.8398E+01   -.8075E+01   -.7787E+01   -.7520E+01   -.7282E+01   -.7061E+01   -.6859E+01   -.6669E+01   -.6493E+01   -.6324E+01   -.6168E+01   -.6014E+01   -.5873E+01   -.5734E+01   -.5606E+01   -.5483E+01   -.5366E+01   -.5255E+01   -.5151E+01   -.5050E+01   -.4958E+01   -.4869E+01   -.4785E+01   -.4706E+01   -.4633E+01   -.4561E+01   -.4495E+01   -.4430E+01   -.4369E+01   -.4312E+01   -.4258E+01   -.4207E+01   -.4158E+01   -.4112E+01   -.4069E+01   -.4029E+01   -.3992E+01   -.3955E+01   -.3921E+01   -.3889E+01   -.3860E+01   -.3830E+01   -.3804E+01
0.1108E+04   0.2733E+02   -.3500E+02   -.3500E+02   -.3500E+02   -.3500E+02   -.3500E+02   -.3500E+02   -.3500E+02   -.3500E+02   -.3500E+02   -.3500E+02   -.3500E+02   -.3500E+02   -.3501E+02   -.3501E+02   -.3501E+02   -.3501E+02   -.3501E+02   -.3501E+02   -.3501E+02   -.3501E+02   -.3501E+02   -.3501E+02   -.3501E+02   -.3501E+02   -.3501E+02   -.3502E+02   -.3502E+02   -.3502E+02   -.3502E+02   -.3502E+02   -.3502E+02   -.3503E+02   -.3503E+02   -.3503E+02   -.3503E+02   -.3504E+02   -.3504E+02   -.3504E+02   -.3504E+02   -.3505E+02   -.3505E+02   -.3506E+02   -.3506E+02   -.3507E+02   -.3507E+02   -.3508E+02   -.3508E+02   -.3509E+02   -.3510E+02   -.3511E+02   -.3512E+02   -.3513E+02   -.3514E+02   -.3516E+02   -.3517E+02   -.3519E+02   -.3521E+02   -.3523E+02   -.3526E+02   -.3529E+02   -.3532E+02   -.3537E+02   -.3542E+02   -.3548E+02   -.3555E+02   -.3564E+02   -.3574E+02   -.3587E+02   -.3600E+02   -.3616E+02   -.3624E+02   -.3628E+02   -.3594E+02   -.3547E+02   -.3315E+02   -.4835E+02   -.1733E+02   -.1105E+02   -.1143E+02   -.1025E+02   -.1015E+02   -.9524E+01   -.9176E+01   -.8743E+01   -.8398E+01   -.8075E+01   -.7787E+01   -.7520E+01   -.7282E+01   -.7061E+01   -.6859E+01   -.6669E+01   -.6493E+01   -.6324E+01   -.6168E+01   -.6014E+01   -.5873E+01   -.5734E+01   -.5606E+01   -.5483E+01   -.5366E+01   -.5255E+01   -.5151E+01   -.5050E+01   -.4958E+01   -.4869E+01   -.4785E+01   -.4706E+01   -.4633E+01   -.4561E+01   -.4494E+01   -.4430E+01   -.4369E+01   -.4312E+01   -.4258E+01   -.4206E+01   -.4158E+01   -.4112E+01   -.4069E+01   -.4029E+01   -.3990E+01   -.3954E+01   -.3922E+01   -.3890E+01   -.3860E+01   -.3830E+01   -.3803E+01   -.3776E+01
0.1109E+04   0.2767E+02   -.3500E+02   -.3500E+02   -.3500E+02   -.3500E+02   -.3500E+02   -.3500E+02   -.3500E+02   -.3500E+02   -.3500E+02   -.3500E+02   -.3500E+02   -.3501E+02   -.3501E+02   -.3501E+02   -.3501E+02   -.3501E+02   -.3501E+02   -.3501E+02   -.3501E+02   -.3501E+02   -.3501E+02   -.3501E+02   -.3501E+02   -.3501E+02   -.3502E+02   -.3502E+02   -.3502E+02   -.3502E+02   -.3502E+02   -.3502E+02   -.3503E+02   -.3503E+02   -.3503E+02   -.3503E+02   -.3504E+02   -.3504E+02   -.3504E+02   -.3505E+02   -.3505E+02   -.3505E+02   -.3506E+02   -.3506E+02   -.3507E+02   -.3507E+02   -.3508E+02   -.3509E+02   -.3509E+02   -.3510E+02   -.3511E+02   -.3512E+02   -.3513E+02   -.3514E+02   -.3516E+02   -.3517E+02   -.3519E+02   -.3521E+02   -.3523E+02   -.3526E+02   -.3529E+02   -.3532E+02   -.3537E+02   -.3542E+02   -.3548E+02   -.3555E+02   -.3564E+02   -.3574E+02   -.3587E+02   -.3600E+02   -.3616E+02   -.3624E+02   -.3628E+02   -.3594E+02   -.3547E+02   -.3315E+02   -.4835E+02   -.1733E+02   -.1105E+02   -.1143E+02   -.1025E+02   -.1015E+02   -.9524E+01   -.9176E+01   -.8743E+01   -.8398E+01   -.8075E+01   -.7787E+01   -.7520E+01   -.7282E+01   -.7061E+01   -.6859E+01   -.6669E+01   -.6493E+01   -.6324E+01   -.6168E+01   -.6014E+01   -.5873E+01   -.5734E+01   -.5606E+01   -.5483E+01   -.5366E+01   -.5255E+01   -.5151E+01   -.5050E+01   -.4958E+01   -.4869E+01   -.4785E+01   -.4706E+01   -.4633E+01   -.4561E+01   -.4494E+01   -.4430E+01   -.4369E+01   -.4312E+01   -.4258E+01   -.4207E+01   -.4159E+01   -.4112E+01   -.4069E+01   -.4028E+01   -.3991E+01   -.3955E+01   -.3921E+01   -.3888E+01   -.3860E+01   -.3830E+01   -.3804E+01   -.3777E+01   -.3752E+01
0.1110E+04   0.2800E+02   -.3500E+02   -.3500E+02   -.3500E+02   -.3500E+02   -.3500E+02   -.3500E+02   -.3500E+02   -.3500E+02   -.3500E+02   -.3500E+02   -.3501E+02   -.3501E+02   -.3501E+02   -.3501E+02   -.3501E+02   -.3501E+02   -.3501E+02   -.3501E+02   -.3501E+02   -.3501E+02   -.3501E+02   -.3501E+02   -.3501E+02   -.3502E+02   -.3502E+02   -.3502E+02   -.3502E+02   -.3502E+02   -.3502E+02   -.3503E+02   -.3503E+02   -.3503E+02   -.3503E+02   -.3504E+02   -.3504E+02   -.3504E+02   -.3505E+02   -.3505E+02   -.3505E+02   -.3506E+02   -.3506E+02   -.3507E+02   -.3507E+02   -.3508E+02   -.3509E+02   -.3509E+02   -.3510E+02   -.3511E+02   -.3512E+02   -.3513E+02   -.3514E+02   -.3516E+02   -.3517E+02   -.3519E+02   -.3521E+02   -.3523E+02   -.3526E+02   -.3529E+02   -.3532E+02   -.3537E+02   -.3542E+02   -.3548E+02   -.3555E+02   -.3564E+02   -.3574E+02   -.3587E+02   -.3600E+02   -.3616E+02   -.3624E+02   -.3628E+02   -.3594E+02   -.3547E+02   -.3315E+02   -.4835E+02   -.1733E+02   -.1105E+02   -.1143E+02   -.1025E+02   -.1015E+02   -.9524E+01   -.9176E+01   -.8743E+01   -.8398E+01   -.8075E+01   -.7787E+01   -.7520E+01   -.7282E+01   -.7061E+01   -.6859E+01   -.6669E+01   -.6493E+01   -.6324E+01   -.6168E+01   -.6014E+01   -.5873E+01   -.5734E+01   -.5606E+01   -.5483E+01   -.5366E+01   -.5254E+01   -.5151E+01   -.5050E+01   -.4958E+01   -.4868E+01   -.4785E+01   -.4706E+01   -.4633E+01   -.4561E+01   -.4494E+01   -.4430E+01   -.4369E+01   -.4312E+01   -.4258E+01   -.4207E+01   -.4158E+01   -.4112E+01   -.4069E+01   -.4028E+01   -.3991E+01   -.3954E+01   -.3921E+01   -.3889E+01   -.3860E+01   -.3830E+01   -.3804E+01   -.3777E+01   -.3752E+01   -.3728E+01
0.1111E+04   0.2833E+02   -.3500E+02   -.3500E+02   -.3500E+02   -.3500E+02   -.3500E+02   -.3500E+02   -.3500E+02   -.3500E+02   -.3500E+02   -.3501E+02   -.3501E+02   -.3501E+02   -.3501E+02   -.3501E+02   -.3501E+02   -.3501E+02   -.3501E+02   -.3501E+02   -.3501E+02   -.3501E+02   -.3501E+02   -.3501E+02   -.3502E+02   -.3502E+02   -.3502E+02   -.3502E+02   -.3502E+02   -.3502E+02   -.3503E+02   -.3503E+02   -.3503E+02   -.3503E+02   -.3504E+02   -.3504E+02   -.3504E+02   -.3505E+02   -.3505E+02   -.3505E+02   -.3506E+02   -.3506E+02   -.3507E+02   -.3507E+02   -.3508E+02   -.3509E+02   -.3509E+02   -.3510E+02   -.3511E+02   -.3512E+02   -.3513E+02   -.3514E+02   -.3516E+02   -.3517E+02   -.3519E+02   -.3521E+02   -.3523E+02   -.3526E+02   -.3529E+02   -.3532E+02   -.3537E+02   -.3542E+02   -.3548E+02   -.3555E+02   -.3564E+02   -.3574E+02   -.3587E+02   -.3600E+02   -.3616E+02   -.3624E+02   -.3628E+02   -.3594E+02   -.3547E+02   -.3315E+02   -.4835E+02   -.1733E+02   -.1105E+02   -.1143E+02   -.1025E+02   -.1015E+02   -.9524E+01   -.9176E+01   -.8743E+01   -.8398E+01   -.8075E+01   -.7787E+01   -.7520E+01   -.7282E+01   -.7061E+01   -.6859E+01   -.6669E+01   -.6493E+01   -.6324E+01   -.6168E+01   -.6014E+01   -.5873E+01   -.5734E+01   -.5606E+01   -.5483E+01   -.5366E+01   -.5254E+01   -.5151E+01   -.5050E+01   -.4958E+01   -.4868E+01   -.4785E+01   -.4705E+01   -.4633E+01   -.4561E+01   -.4494E+01   -.4430E+01   -.4369E+01   -.4312E+01   -.4258E+01   -.4207E+01   -.4158E+01   -.4112E+01   -.4069E+01   -.4029E+01   -.3991E+01   -.3954E+01   -.3922E+01   -.3889E+01   -.3860E+01   -.3830E+01   -.3803E+01   -.3777E+01   -.3752E+01   -.3728E+01   -.3705E+01
0.1112E+04   0.2867E+02   -.3500E+02   -.3500E+02   -.3500E+02   -.3500E+02   -.3500E+02   -.3500E+02   -.3500E+02   -.3500E+02   -.3501E+02   -.3501E+02   -.3501E+02   -.3501E+02   -.3501E+02   -.3501E+02   -.3501E+02   -.3501E+02   -.3501E+02   -.3501E+02   -.3501E+02   -.3501E+02   -.3502E+02   -.3502E+02   -.3502E+02   -.3502E+02   -.3502E+02   -.3502E+02   -.3502E+02   -.3503E+02   -.3503E+02   -.3503E+02   -.3503E+02   -.3504E+02   -.3504E+02   -.3504E+02   -.3505E+02   -.3505E+02   -.3505E+02   -.3506E+02   -.3506E+02   -.3507E+02   -.3507E+02   -.3508E+02   -.3509E+02   -.3509E+02   -.3510E+02   -.3511E+02   -.3512E+02   -.3513E+02   -.3514E+02   -.3516E+02   -.3517E+02   -.3519E+02   -.3521E+02   -.3523E+02   -.3526E+02   -.3529E+02   -.3532E+02   -.3537E+02   -.3542E+02   -.3548E+02   -.3555E+02   -.3564E+02   -.3574E+02   -.3587E+02   -.3600E+02   -.3616E+02   -.3624E+02   -.3628E+02   -.3594E+02   -.3547E+02   -.3315E+02   -.4835E+02   -.1733E+02   -.1105E+02   -.1143E+02   -.1025E+02   -.1015E+02   -.9524E+01   -.9176E+01   -.8743E+01   -.8398E+01   -.8075E+01   -.7787E+01   -.7520E+01   -.7282E+01   -.7061E+01   -.6859E+01   -.6669E+01   -.6493E+01   -.6324E+01   -.6168E+01   -.6014E+01   -.5873E+01   -.5734E+01   -.5606E+01   -.5483E+01   -.5366E+01   -.5254E+01   -.5151E+01   -.5050E+01   -.4958E+01   -.4868E+01   -.4785E+01   -.4705E+01   -.4632E+01   -.4561E+01   -.4494E+01   -.4430E+01   -.4369E+01   -.4311E+01   -.4258E+01   -.4207E+01   -.4158E+01   -.4112E+01   -.4070E+01   -.4029E+01   -.3991E+01   -.3954E+01   -.3922E+01   -.3888E+01   -.3860E+01   -.3830E+01   -.3803E+01   -.3777E+01   -.3752E+01   -.3728E+01   -.3705E+01   -.3684E+01
0.1113E+04   0.2900E+02   -.3500E+02   -.3500E+02   -.3500E+02   -.3500E+02   -.3500E+02   -.3500E+02   -.3500E+02   -.3501E+02   -.3501E+02   -.3501E+02   -.3501E+02   -.3501E+02   -.3501E+02   -.3501E+02   -.3501E+02   -.3501E+02   -.3501E+02   -.3501E+02   -.3501E+02   -.3502E+02   -.3502E+02   -.3502E+02   -.3502E+02   -.3502E+02   -.3502E+02   -.3502E+02   -.3503E+02   -.3503E+02   -.3503E+02   -.3503E+02   -.3504E+02   -.3504E+02   -.3504E+02   -.3505E+02   -.3505E+02   -.3505E+02   -.3506E+02   -.3506E+02   -.3507E+02   -.3507E+02   -.3508E+02   -.3509E+02   -.3509E+02   -.3510E+02   -.3511E+02   -.3512E+02   -.3513E+02   -.3514E+02   -.3516E+02   -.3517E+02   -.3519E+02   -.3521E+02   -.3523E+02   -.3526E+02   -.3529E+02   -.3532E+02   -.3537E+02   -.3542E+02   -.3548E+02   -.3555E+02   -.3564E+02   -.3574E+02   -.3587E+02   -.3600E+02   -.3616E+02   -.3624E+02   -.3628E+02   -.3594E+02   -.3547E+02   -.3315E+02   -.4835E+02   -.1733E+02   -.1105E+02   -.1143E+02   -.1025E+02   -.1015E+02   -.9524E+01   -.9176E+01   -.8743E+01   -.8398E+01   -.8075E+01   -.7787E+01   -.7520E+01   -.7282E+01   -.7061E+01   -.6859E+01   -.6669E+01   -.6493E+01   -.6324E+01   -.6168E+01   -.6014E+01   -.5873E+01   -.5734E+01   -.5606E+01   -.5483E+01   -.5366E+01   -.5254E+01   -.5151E+01   -.5050E+01   -.4958E+01   -.4868E+01   -.4785E+01   -.4705E+01   -.4632E+01   -.4561E+01   -.4494E+01   -.4430E+01   -.4369E+01   -.4311E+01   -.4258E+01   -.4206E+01   -.4158E+01   -.4112E+01   -.4069E+01   -.4029E+01   -.3992E+01   -.3954E+01   -.3922E+01   -.3889E+01   -.3860E+01   -.3830E+01   -.3803E+01   -.3777E+01   -.3752E+01   -.3728E+01   -.3705E+01   -.3684E+01   -.3663E+01
0.1114E+04   0.2933E+02   -.3500E+02   -.3500E+02   -.3500E+02   -.3500E+02   -.3500E+02   -.3500E+02   -.3501E+02   -.3501E+02   -.3501E+02   -.3501E+02   -.3501E+02   -.3501E+02   -.3501E+02   -.3501E+02   -.3501E+02   -.3501E+02   -.3501E+02   -.3501E+02   -.3502E+02   -.3502E+02   -.3502E+02   -.3502E+02   -.3502E+02   -.3502E+02   -.3502E+02   -.3503E+02   -.3503E+02   -.3503E+02   -.3503E+02   -.3504E+02   -.3504E+02   -.3504E+02   -.3505E+02   -.3505E+02   -.3505E+02   -.3506E+02   -.3506E+02   -.3507E+02   -.3507E+02   -.3508E+02   -.3509E+02   -.3509E+02   -.3510E+02   -.3511E+02   -.3512E+02   -.3513E+02   -.3514E+02   -.3516E+02   -.3517E+02   -.3519E+02   -.3521E+02   -.3523E+02   -.3526E+02   -.3529E+02   -.3532E+02   -.3537E+02   -.3542E+02   -.3548E+02   -.3555E+02   -.3564E+02   -.3574E+02   -.3587E+02   -.3600E+02   -.3616E+02   -.3624E+02   -.3628E+02   -.3594E+02   -.3547E+02   -.3315E+02   -.4835E+02   -.1733E+02   -.1105E+02   -.1143E+02   -.1025E+02   -.1015E+02   -.9524E+01   -.9176E+01   -.8743E+01   -.8398E+01   -.8075E+01   -.7787E+01   -.7520E+01   -.7282E+01   -.7061E+01   -.6859E+01   -.6669E+01   -.6493E+01   -.6324E+01   -.6168E+01   -.6014E+01   -.5873E+01   -.5734E+01   -.5606E+01   -.5483E+01   -.5366E+01   -.5254E+01   -.5151E+01   -.5050E+01   -.4958E+01   -.4868E+01   -.4785E+01   -.4705E+01   -.4632E+01   -.4561E+01   -.4494E+01   -.4430E+01   -.4369E+01   -.4312E+01   -.4259E+01   -.4206E+01   -.4158E+01   -.4112E+01   -.4069E+01   -.4029E+01   -.3992E+01   -.3955E+01   -.3921E+01   -.3889E+01   -.3860E+01   -.3831E+01   -.3804E+01   -.3777E+01   -.3752E+01   -.3729E+01   -.3705E+01   -.3684E+01   -.3662E+01   -.3643E+01
0.1115E+04   0.2967E+02   -.3500E+02   -.3500E+02   -.3500E+02   -.3500E+02   -.3500E+02   -.3501E+02   -.3501E+02   -.3501E+02   -.3501E+02   -.3501E+02   -.3501E+02   -.3501E+02   -.3501E+02   -.3501E+02   -.3501E+02   -.3501E+02   -.3501E+02   -.3502E+02   -.3502E+02   -.3502E+02   -.3502E+02   -.3502E+02   -.3502E+02   -.3502E+02   -.3503E+02   -.3503E+02   -.3503E+02   -.3503E+02   -.3504E+02   -.3504E+02   -.3504E+02   -.3505E+02   -.3505E+02   -.3505E+02   -.3506E+02   -.3506E+02   -.3507E+02   -.3507E+02   -.3508E+02   -.3509E+02   -.3509E+02   -.3510E+02   -.3511E+02   -.3512E+02   -.3513E+02   -.3514E+02   -.3516E+02   -.3517E+02   -.3519E+02   -.3521E+02   -.3523E+02   -.3526E+02   -.3529E+02   -.3532E+02   -.3537E+02   -.3542E+02   -.3548E+02   -.3555E+02   -.3564E+02   -.3574E+02   -.3587E+02   -.3600E+02   -.3616E+02   -.3624E+02   -.3628E+02   -.3594E+02   -.3547E+02   -.3315E+02   -.4835E+02   -.1733E+02   -.1105E+02   -.1143E+02   -.1025E+02   -.1015E+02   -.9524E+01   -.9176E+01   -.8743E+01   -.8398E+01   -.8075E+01   -.7787E+01   -.7520E+01   -.7282E+01   -.7061E+01   -.6859E+01   -.6669E+01   -.6493E+01   -.6324E+01   -.6168E+01   -.6014E+01   -.5873E+01   -.5734E+01   -.5606E+01   -.5483E+01   -.5366E+01   -.5254E+01   -.5151E+01   -.5050E+01   -.4958E+01   -.4868E+01   -.4785E+01   -.4705E+01   -.4632E+01   -.4561E+01   -.4494E+01   -.4429E+01   -.4369E+01   -.4312E+01   -.4258E+01   -.4206E+01   -.4158E+01   -.4112E+01   -.4069E+01   -.4029E+01   -.3991E+01   -.3954E+01   -.3922E+01   -.3890E+01   -.3860E+01   -.3831E+01   -.3804E+01   -.3777E+01   -.3752E+01   -.3728E+01   -.3705E+01   -.3684E+01   -.3663E+01   -.3643E+01   -.3624E+01
0.1116E+04   0.3000E+02   -.3500E+02   -.3500E+02   -.3500E+02   -.3500E+02   -.3500E+02   -.3501E+02   -.3501E+02   -.3501E+02   -.3501E+02   -.3501E+02   -.3501E+02   -.3501E+02   -.3501E+02   -.3501E+02   -.3501E+02   -.3501E+02   -.3502E+02   -.3502E+02   -.3502E+02   -.3502E+02   -.3502E+02   -.3502E+02   -.3503E+02   -.3503E+02   -.3503E+02   -.3503E+02   -.3503E+02   -.3504E+02   -.3504E+02   -.3504E+02   -.3505E+02   -.3505E+02   -.3505E+02   -.3506E+02   -.3506E+02   -.3507E+02   -.3507E+02   -.3508E+02   -.3509E+02   -.3509E+02   -.3510E+02   -.3511E+02   -.3512E+02   -.3513E+02   -.3514E+02   -.3516E+02   -.3517E+02   -.3519E+02   -.3521E+02   -.3523E+02   -.3526E+02   -.3529E+02   -.3532E+02   -.3537E+02   -.3542E+02   -.3548E+02   -.3555E+02   -.3564E+02   -.3574E+02   -.3587E+02   -.3600E+02   -.3616E+02   -.3624E+02   -.3628E+02   -.3594E+02   -.3547E+02   -.3315E+02   -.4835E+02   -.1733E+02   -.1105E+02   -.1143E+02   -.1025E+02   -.1015E+02   -.9524E+01   -.9176E+01   -.8743E+01   -.8398E+01   -.8075E+01   -.7787E+01   -.7520E+01   -.7282E+01   -.7061E+01   -.6859E+01   -.6669E+01   -.6493E+01   -.6324E+01   -.6168E+01   -.6014E+01   -.5873E+01   -.5734E+01   -.5606E+01   -.5482E+01   -.5366E+01   -.5254E+01   -.5150E+01   -.5050E+01   -.4958E+01   -.4868E+01   -.4786E+01   -.4706E+01   -.4632E+01   -.4561E+01   -.4494E+01   -.4429E+01   -.4368E+01   -.4312E+01   -.4259E+01   -.4206E+01   -.4158E+01   -.4112E+01   -.4069E+01   -.4029E+01   -.3991E+01   -.3955E+01   -.3921E+01   -.3889E+01   -.3860E+01   -.3831E+01   -.3803E+01   -.3777E+01   -.3752E+01   -.3729E+01   -.3705E+01   -.3684E+01   -.3662E+01   -.3644E+01   -.3624E+01   -.3607E+01
0.1117E+04   0.3033E+02   -.3500E+02   -.3500E+02   -.3500E+02   -.3500E+02   -.3501E+02   -.3501E+02   -.3501E+02   -.3501E+02   -.3501E+02   -.3501E+02   -.3501E+02   -.3501E+02   -.3501E+02   -.3501E+02   -.3501E+02   -.3502E+02   -.3502E+02   -.3502E+02   -.3502E+02   -.3502E+02   -.3502E+02   -.3503E+02   -.3503E+02   -.3503E+02   -.3503E+02   -.3503E+02   -.3504E+02   -.3504E+02   -.3504E+02   -.3505E+02   -.3505E+02   -.3505E+02   -.3506E+02   -.3506E+02   -.3507E+02   -.3507E+02   -.3508E+02   -.3509E+02   -.3509E+02   -.3510E+02   -.3511E+02   -.3512E+02   -.3513E+02   -.3514E+02   -.3516E+02   -.3517E+02   -.3519E+02   -.3521E+02   -.3523E+02   -.3526E+02   -.3529E+02   -.3532E+02   -.3537E+02   -.3542E+02   -.3548E+02   -.3555E+02   -.3564E+02   -.3574E+02   -.3587E+02   -.3600E+02   -.3616E+02   -.3624E+02   -.3629E+02   -.3594E+02   -.3547E+02   -.3315E+02   -.4835E+02   -.1733E+02   -.1105E+02   -.1143E+02   -.1025E+02   -.1015E+02   -.9524E+01   -.9176E+01   -.8743E+01   -.8398E+01   -.8075E+01   -.7787E+01   -.7520E+01   -.7282E+01   -.7061E+01   -.6859E+01   -.6669E+01   -.6493E+01   -.6324E+01   -.6167E+01   -.6014E+01   -.5873E+01   -.5734E+01   -.5606E+01   -.5483E+01   -.5367E+01   -.5255E+01   -.5150E+01   -.5050E+01   -.4958E+01   -.4868E+01   -.4785E+01   -.4705E+01   -.4631E+01   -.4560E+01   -.4494E+01   -.4429E+01   -.4368E+01   -.4311E+01   -.4259E+01   -.4206E+01   -.4158E+01   -.4112E+01   -.4068E+01   -.4028E+01   -.3991E+01   -.3954E+01   -.3922E+01   -.3889E+01   -.3859E+01   -.3830E+01   -.3803E+01   -.3777E+01   -.3752E+01   -.3728E+01   -.3705E+01   -.3684E+01   -.3662E+01   -.3643E+01   -.3624E+01   -.3607E+01   -.3589E+01
0.1118E+04   0.3067E+02   -.3500E+02   -.3500E+02   -.3500E+02   -.3500E+02   -.3501E+02   -.3501E+02   -.3501E+02   -.3501E+02   -.3501E+02   -.3501E+02   -.3501E+02   -.3501E+02   -.3501E+02   -.3501E+02   -.3502E+02   -.3502E+02   -.3502E+02   -.3502E+02   -.3502E+02   -.3502E+02   -.3503E+02   -.3503E+02   -.3503E+02   -.3503E+02   -.3503E+02   -.3504E+02   -.3504E+02   -.3504E+02   -.3505E+02   -.3505E+02   -.3505E+02   -.3506E+02   -.3506E+02   -.3507E+02   -.3507E+02   -.3508E+02   -.3509E+02   -.3509E+02   -.3510E+02   -.3511E+02   -.3512E+02   -.3513E+02   -.3514E+02   -.3516E+02   -.3517E+02   -.3519E+02   -.3521E+02   -.3523E+02   -.3526E+02   -.3529E+02   -.3532E+02   -.3537E+02   -.3542E+02   -.3548E+02   -.3555E+02   -.3564E+02   -.3574E+02   -.3587E+02   -.3600E+02   -.3616E+02   -.3624E+02   -.3629E+02   -.3594E+02   -.3547E+02   -.3315E+02   -.4835E+02   -.1733E+02   -.1105E+02   -.1143E+02   -.1025E+02   -.1015E+02   -.9524E+01   -.9176E+01   -.8743E+01   -.8398E+01   -.8075E+01   -.7787E+01   -.7520E+01   -.7282E+01   -.7061E+01   -.6859E+01   -.6669E+01   -.6493E+01   -.6324E+01   -.6167E+01   -.6014E+01   -.5873E+01   -.5734E+01   -.5606E+01   -.5482E+01   -.5365E+01   -.5254E+01   -.5151E+01   -.5050E+01   -.4958E+01   -.4868E+01   -.4786E+01   -.4706E+01   -.4633E+01   -.4561E+01   -.4493E+01   -.4429E+01   -.4368E+01   -.4311E+01   -.4258E+01   -.4206E+01   -.4158E+01   -.4112E+01   -.4069E+01   -.4029E+01   -.3991E+01   -.3954E+01   -.3921E+01   -.3888E+01   -.3859E+01   -.3831E+01   -.3803E+01   -.3777E+01   -.3752E+01   -.3728E+01   -.3705E+01   -.3684E+01   -.3662E+01   -.3644E+01   -.3624E+01   -.3606E+01   -.3589E+01   -.3573E+01
0.1119E+04   0.3100E+02   -.3500E+02   -.3500E+02   -.3500E+02   -.3501E+02   -.3501E+02   -.3501E+02   -.3501E+02   -.3501E+02   -.3501E+02   -.3501E+02   -.3501E+02   -.3501E+02   -.3501E+02   -.3502E+02   -.3502E+02   -.3502E+02   -.3502E+02   -.3502E+02   -.3502E+02   -.3503E+02   -.3503E+02   -.3503E+02   -.3503E+02   -.3503E+02   -.3504E+02   -.3504E+02   -.3504E+02   -.3505E+02   -.3505E+02   -.3505E+02   -.3506E+02   -.3506E+02   -.3507E+02   -.3507E+02   -.3508E+02   -.3509E+02   -.3509E+02   -.3510E+02   -.3511E+02   -.3512E+02   -.3513E+02   -.3514E+02   -.3516E+02   -.3517E+02   -.3519E+02   -.3521E+02   -.3523E+02   -.3526E+02   -.3529E+02   -.3532E+02   -.3537E+02   -.3542E+02   -.3548E+02   -.3555E+02   -.3564E+02   -.3574E+02   -.3587E+02   -.3600E+02   -.3616E+02   -.3624E+02   -.3629E+02   -.3594E+02   -.3547E+02   -.3315E+02   -.4835E+02   -.1733E+02   -.1105E+02   -.1143E+02   -.1025E+02   -.1015E+02   -.9524E+01   -.9176E+01   -.8743E+01   -.8398E+01   -.8075E+01   -.7787E+01   -.7520E+01   -.7282E+01   -.7061E+01   -.6859E+01   -.6669E+01   -.6493E+01   -.6324E+01   -.6167E+01   -.6014E+01   -.5873E+01   -.5734E+01   -.5606E+01   -.5483E+01   -.5367E+01   -.5255E+01   -.5151E+01   -.5050E+01   -.4957E+01   -.4868E+01   -.4785E+01   -.4705E+01   -.4631E+01   -.4560E+01   -.4493E+01   -.4430E+01   -.4369E+01   -.4312E+01   -.4258E+01   -.4206E+01   -.4158E+01   -.4112E+01   -.4069E+01   -.4028E+01   -.3990E+01   -.3954E+01   -.3920E+01   -.3888E+01   -.3859E+01   -.3830E+01   -.3803E+01   -.3776E+01   -.3752E+01   -.3728E+01   -.3705E+01   -.3683E+01   -.3662E+01   -.3643E+01   -.3624E+01   -.3606E+01   -.3589E+01   -.3573E+01   -.3558E+01
0.1120E+04   0.3133E+02   -.3500E+02   -.3500E+02   -.3500E+02   -.3501E+02   -.3501E+02   -.3501E+02   -.3501E+02   -.3501E+02   -.3501E+02   -.3501E+02   -.3501E+02   -.3501E+02   -.3502E+02   -.3502E+02   -.3502E+02   -.3502E+02   -.3502E+02   -.3502E+02   -.3503E+02   -.3503E+02   -.3503E+02   -.3503E+02   -.3503E+02   -.3504E+02   -.3504E+02   -.3504E+02   -.3505E+02   -.3505E+02   -.3505E+02   -.3506E+02   -.3506E+02   -.3507E+02   -.3507E+02   -.3508E+02   -.3509E+02   -.3509E+02   -.3510E+02   -.3511E+02   -.3512E+02   -.3513E+02   -.3514E+02   -.3516E+02   -.3517E+02   -.3519E+02   -.3521E+02   -.3523E+02   -.3526E+02   -.3529E+02   -.3532E+02   -.3537E+02   -.3542E+02   -.3548E+02   -.3555E+02   -.3564E+02   -.3574E+02   -.3587E+02   -.3600E+02   -.3616E+02   -.3624E+02   -.3629E+02   -.3594E+02   -.3547E+02   -.3315E+02   -.4835E+02   -.1733E+02   -.1105E+02   -.1143E+02   -.1025E+02   -.1015E+02   -.9524E+01   -.9176E+01   -.8743E+01   -.8398E+01   -.8075E+01   -.7787E+01   -.7520E+01   -.7282E+01   -.7061E+01   -.6859E+01   -.6669E+01   -.6493E+01   -.6324E+01   -.6167E+01   -.6014E+01   -.5873E+01   -.5734E+01   -.5606E+01   -.5482E+01   -.5365E+01   -.5254E+01   -.5151E+01   -.5050E+01   -.4957E+01   -.4868E+01   -.4786E+01   -.4705E+01   -.4632E+01   -.4561E+01   -.4493E+01   -.4429E+01   -.4368E+01   -.4311E+01   -.4258E+01   -.4206E+01   -.4158E+01   -.4112E+01   -.4068E+01   -.4028E+01   -.3990E+01   -.3954E+01   -.3921E+01   -.3889E+01   -.3860E+01   -.3830E+01   -.3803E+01   -.3777E+01   -.3752E+01   -.3729E+01   -.3705E+01   -.3684E+01   -.3662E+01   -.3643E+01   -.3624E+01   -.3606E+01   -.3589E+01   -.3573E+01   -.3558E+01   -.3543E+01
0.1121E+04   0.3167E+02   -.3500E+02   -.3500E+02   -.3501E+02   -.3501E+02   -.3501E+02   -.3501E+02   -.3501E+02   -.3501E+02   -.3501E+02   -.3501E+02   -.3501E+02   -.3502E+02   -.3502E+02   -.3502E+02   -.3502E+02   -.3502E+02   -.3502E+02   -.3503E+02   -.3503E+02   -.3503E+02   -.3503E+02   -.3503E+02   -.3504E+02   -.3504E+02   -.3504E+02   -.3505E+02   -.3505E+02   -.3505E+02   -.3506E+02   -.3506E+02   -.3507E+02   -.3507E+02   -.3508E+02   -.3509E+02   -.3509E+02   -.3510E+02   -.3511E+02   -.3512E+02   -.3513E+02   -.3514E+02   -.3516E+02   -.3517E+02   -.3519E+02   -.3521E+02   -.3523E+02   -.3526E+02   -.3529E+02   -.3533E+02   -.3537E+02   -.3542E+02   -.3548E+02   -.3555E+02   -.3564E+02   -.3574E+02   -.3587E+02   -.3601E+02   -.3616E+02   -.3624E+02   -.3629E+02   -.3594E+02   -.3548E+02   -.3315E+02   -.4835E+02   -.1733E+02   -.1105E+02   -.1143E+02   -.1025E+02   -.1015E+02   -.9524E+01   -.9176E+01   -.8743E+01   -.8398E+01   -.8075E+01   -.7787E+01   -.7520E+01   -.7282E+01   -.7061E+01   -.6859E+01   -.6669E+01   -.6493E+01   -.6324E+01   -.6167E+01   -.6014E+01   -.5873E+01   -.5734E+01   -.5606E+01   -.5483E+01   -.5367E+01   -.5255E+01   -.5151E+01   -.5050E+01   -.4957E+01   -.4868E+01   -.4785E+01   -.4705E+01   -.4631E+01   -.4561E+01   -.4494E+01   -.4429E+01   -.4369E+01   -.4312E+01   -.4258E+01   -.4206E+01   -.4158E+01   -.4112E+01   -.4068E+01   -.4028E+01   -.3991E+01   -.3954E+01   -.3921E+01   -.3888E+01   -.3859E+01   -.3830E+01   -.3803E+01   -.3776E+01   -.3752E+01   -.3728E+01   -.3705E+01   -.3684E+01   -.3662E+01   -.3643E+01   -.3624E+01   -.3606E+01   -.3590E+01   -.3573E+01   -.3558E+01   -.3543E+01   -.3529E+01
0.1122E+04   0.3200E+02   -.3500E+02   -.3500E+02   -.3501E+02   -.3501E+02   -.3501E+02   -.3501E+02   -.3501E+02   -.3501E+02   -.3501E+02   -.3501E+02   -.3501E+02   -.3502E+02   -.3502E+02   -.3502E+02   -.3502E+02   -.3502E+02   -.3503E+02   -.3503E+02   -.3503E+02   -.3503E+02   -.3503E+02   -.3504E+02   -.3504E+02   -.3504E+02   -.3505E+02   -.3505E+02   -.3505E+02   -.3506E+02   -.3506E+02   -.3507E+02   -.3507E+02   -.3508E+02   -.3509E+02   -.3509E+02   -.3510E+02   -.3511E+02   -.3512E+02   -.3513E+02   -.3514E+02   -.3516E+02   -.3517E+02   -.3519E+02   -.3521E+02   -.3523E+02   -.3526E+02   -.3529E+02   -.3533E+02   -.3537E+02   -.3542E+02   -.3548E+02   -.3555E+02   -.3564E+02   -.3574E+02   -.3587E+02   -.3601E+02   -.3616E+02   -.3624E+02   -.3629E+02   -.3594E+02   -.3548E+02   -.3315E+02   -.4835E+02   -.1733E+02   -.1105E+02   -.1143E+02   -.1026E+02   -.1015E+02   -.9524E+01   -.9176E+01   -.8744E+01   -.8398E+01   -.8075E+01   -.7787E+01   -.7520E+01   -.7282E+01   -.7061E+01   -.6859E+01   -.6669E+01   -.6493E+01   -.6324E+01   -.6167E+01   -.6014E+01   -.5873E+01   -.5734E+01   -.5606E+01   -.5483E+01   -.5365E+01   -.5254E+01   -.5151E+01   -.5050E+01   -.4957E+01   -.4868E+01   -.4785E+01   -.4705E+01   -.4632E+01   -.4561E+01   -.4493E+01   -.4429E+01   -.4369E+01   -.4312E+01   -.4257E+01   -.4206E+01   -.4158E+01   -.4111E+01   -.4069E+01   -.4029E+01   -.3990E+01   -.3954E+01   -.3922E+01   -.3889E+01   -.3860E+01   -.3830E+01   -.3803E+01   -.3777E+01   -.3752E+01   -.3729E+01   -.3705E+01   -.3684E+01   -.3663E+01   -.3644E+01   -.3624E+01   -.3607E+01   -.3589E+01   -.3574E+01   -.3558E+01   -.3543E+01   -.3529E+01   -.3516E+01
0.1123E+04   0.3233E+02   -.3500E+02   -.3501E+02   -.3501E+02   -.3501E+02   -.3501E+02   -.3501E+02   -.3501E+02   -.3501E+02   -.3501E+02   -.3501E+02   -.3502E+02   -.3502E+02   -.3502E+02   -.3502E+02   -.3502E+02   -.3503E+02   -.3503E+02   -.3503E+02   -.3503E+02   -.3503E+02   -.3504E+02   -.3504E+02   -.3504E+02   -.3505E+02   -.3505E+02   -.3505E+02   -.3506E+02   -.3506E+02   -.3507E+02   -.3507E+02   -.3508E+02   -.3509E+02   -.3509E+02   -.3510E+02   -.3511E+02   -.3512E+02   -.3513E+02   -.3514E+02   -.3516E+02   -.3517E+02   -.3519E+02   -.3521E+02   -.3523E+02   -.3526E+02   -.3529E+02   -.3533E+02   -.3537E+02   -.3542E+02   -.3548E+02   -.3555E+02   -.3564E+02   -.3574E+02   -.3587E+02   -.3601E+02   -.3616E+02   -.3624E+02   -.3629E+02   -.3594E+02   -.3548E+02   -.3315E+02   -.4835E+02   -.1733E+02   -.1105E+02   -.1143E+02   -.1026E+02   -.1015E+02   -.9524E+01   -.9176E+01   -.8744E+01   -.8398E+01   -.8075E+01   -.7787E+01   -.7520E+01   -.7282E+01   -.7061E+01   -.6859E+01   -.6669E+01   -.6493E+01   -.6324E+01   -.6168E+01   -.6014E+01   -.5873E+01   -.5734E+01   -.5606E+01   -.5483E+01   -.5365E+01   -.5254E+01   -.5151E+01   -.5050E+01   -.4957E+01   -.4868E+01   -.4784E+01   -.4705E+01   -.4632E+01   -.4560E+01   -.4493E+01   -.4430E+01   -.4370E+01   -.4312E+01   -.4257E+01   -.4206E+01   -.4158E+01   -.4111E+01   -.4069E+01   -.4029E+01   -.3991E+01   -.3954E+01   -.3921E+01   -.3888E+01   -.3860E+01   -.3830E+01   -.3804E+01   -.3777E+01   -.3752E+01   -.3728E+01   -.3705E+01   -.3684E+01   -.3663E+01   -.3644E+01   -.3624E+01   -.3607E+01   -.3590E+01   -.3574E+01   -.3558E+01   -.3544E+01   -.3529E+01   -.3516E+01   -.3503E+01
0.1124E+04   0.3267E+02   -.3500E+02   -.3501E+02   -.3501E+02   -.3501E+02   -.3501E+02   -.3501E+02   -.3501E+02   -.3501E+02   -.3501E+02   -.3502E+02   -.3502E+02   -.3502E+02   -.3502E+02   -.3502E+02   -.3502E+02   -.3503E+02   -.3503E+02   -.3503E+02   -.3503E+02   -.3504E+02   -.3504E+02   -.3504E+02   -.3505E+02   -.3505E+02   -.3505E+02   -.3506E+02   -.3506E+02   -.3507E+02   -.3507E+02   -.3508E+02   -.3509E+02   -.3509E+02   -.3510E+02   -.3511E+02   -.3512E+02   -.3513E+02   -.3514E+02   -.3516E+02   -.3517E+02   -.3519E+02   -.3521E+02   -.3523E+02   -.3526E+02   -.3529E+02   -.3533E+02   -.3537E+02   -.3542E+02   -.3548E+02   -.3555E+02   -.3564E+02   -.3574E+02   -.3587E+02   -.3601E+02   -.3616E+02   -.3624E+02   -.3629E+02   -.3594E+02   -.3548E+02   -.3315E+02   -.4835E+02   -.1733E+02   -.1105E+02   -.1143E+02   -.1026E+02   -.1015E+02   -.9524E+01   -.9176E+01   -.8744E+01   -.8398E+01   -.8075E+01   -.7787E+01   -.7520E+01   -.7282E+01   -.7061E+01   -.6859E+01   -.6669E+01   -.6493E+01   -.6324E+01   -.6168E+01   -.6014E+01   -.5873E+01   -.5734E+01   -.5606E+01   -.5483E+01   -.5365E+01   -.5254E+01   -.5150E+01   -.5049E+01   -.4957E+01   -.4868E+01   -.4785E+01   -.4705E+01   -.4632E+01   -.4560E+01   -.4494E+01   -.4429E+01   -.4368E+01   -.4311E+01   -.4258E+01   -.4206E+01   -.4157E+01   -.4111E+01   -.4069E+01   -.4028E+01   -.3991E+01   -.3955E+01   -.3921E+01   -.3889E+01   -.3860E+01   -.3830E+01   -.3803E+01   -.3777E+01   -.3752E+01   -.3728E+01   -.3705E+01   -.3684E+01   -.3663E+01   -.3644E+01   -.3625E+01   -.3607E+01   -.3590E+01   -.3574E+01   -.3558E+01   -.3544E+01   -.3530E+01   -.3516E+01   -.3504E+01   -.3491E+01
0.1125E+04   0.3300E+02   -.3500E+02   -.3501E+02   -.3501E+02   -.3501E+02   -.3501E+02   -.3501E+02   -.3501E+02   -.3501E+02   -.3502E+02   -.3502E+02   -.3502E+02   -.3502E+02   -.3502E+02   -.3502E+02   -.3503E+02   -.3503E+02   -.3503E+02   -.3503E+02   -.3504E+02   -.3504E+02   -.3504E+02   -.3505E+02   -.3505E+02   -.3505E+02   -.3506E+02   -.3506E+02   -.3507E+02   -.3507E+02   -.3508E+02   -.3509E+02   -.3509E+02   -.3510E+02   -.3511E+02   -.3512E+02   -.3513E+02   -.3514E+02   -.3516E+02   -.3517E+02   -.3519E+02   -.3521E+02   -.3523E+02   -.3526E+02   -.3529E+02   -.3533E+02   -.3537E+02   -.3542E+02   -.3548E+02   -.3555E+02   -.3564E+02   -.3574E+02   -.3587E+02   -.3601E+02   -.3616E+02   -.3624E+02   -.3629E+02   -.3594E+02   -.3548E+02   -.3315E+02   -.4835E+02   -.1733E+02   -.1105E+02   -.1143E+02   -.1026E+02   -.1015E+02   -.9524E+01   -.9176E+01   -.8744E+01   -.8398E+01   -.8075E+01   -.7787E+01   -.7520E+01   -.7282E+01   -.7061E+01   -.6859E+01   -.6669E+01   -.6493E+01   -.6324E+01   -.6168E+01   -.6014E+01   -.5873E+01   -.5734E+01   -.5606E+01   -.5483E+01   -.5365E+01   -.5254E+01   -.5150E+01   -.5049E+01   -.4957E+01   -.4868E+01   -.4784E+01   -.4705E+01   -.4632E+01   -.4560E+01   -.4493E+01   -.4429E+01   -.4368E+01   -.4312E+01   -.4258E+01   -.4205E+01   -.4157E+01   -.4111E+01   -.4069E+01   -.4028E+01   -.3991E+01   -.3954E+01   -.3921E+01   -.3888E+01   -.3860E+01   -.3830E+01   -.3803E+01   -.3777E+01   -.3752E+01   -.3729E+01   -.3705E+01   -.3684E+01   -.3663E+01   -.3644E+01   -.3625E+01   -.3607E+01   -.3590E+01   -.3574E+01   -.3558E+01   -.3543E+01   -.3530E+01   -.3516E+01   -.3503E+01   -.3491E+01   -.3480E+01
0.1126E+04   0.3333E+02   -.3500E+02   -.3501E+02   -.3501E+02   -.3501E+02   -.3501E+02   -.3501E+02   -.3501E+02   -.3501E+02   -.3502E+02   -.3502E+02   -.3502E+02   -.3502E+02   -.3502E+02   -.3503E+02   -.3503E+02   -.3503E+02   -.3503E+02   -.3504E+02   -.3504E+02   -.3504E+02   -.3505E+02   -.3505E+02   -.3505E+02   -.3506E+02   -.3506E+02   -.3507E+02   -.3507E+02   -.3508E+02   -.3509E+02   -.3509E+02   -.3510E+02   -.3511E+02   -.3512E+02   -.3513E+02   -.3514E+02   -.3516E+02   -.3517E+02   -.3519E+02   -.3521E+02   -.3523E+02   -.3526E+02   -.3529E+02   -.3533E+02   -.3537E+02   -.3542E+02   -.3548E+02   -.3555E+02   -.3564E+02   -.3574E+02   -.3587E+02   -.3601E+02   -.3616E+02   -.3624E+02   -.3629E+02   -.3594E+02   -.3548E+02   -.3315E+02   -.4835E+02   -.1733E+02   -.1105E+02   -.1143E+02   -.1026E+02   -.1015E+02   -.9524E+01   -.9176E+01   -.8744E+01   -.8398E+01   -.8075E+01   -.7787E+01   -.7520E+01   -.7282E+01   -.7061E+01   -.6859E+01   -.6669E+01   -.6493E+01   -.6324E+01   -.6168E+01   -.6014E+01   -.5873E+01   -.5734E+01   -.5606E+01   -.5483E+01   -.5365E+01   -.5254E+01   -.5150E+01   -.5049E+01   -.4957E+01   -.4868E+01   -.4784E+01   -.4705E+01   -.4632E+01   -.4560E+01   -.4493E+01   -.4429E+01   -.4368E+01   -.4311E+01   -.4258E+01   -.4206E+01   -.4157E+01   -.4111E+01   -.4068E+01   -.4028E+01   -.3991E+01   -.3954E+01   -.3922E+01   -.3888E+01   -.3860E+01   -.3830E+01   -.3803E+01   -.3777E+01   -.3752E+01   -.3728E+01   -.3705E+01   -.3684E+01   -.3663E+01   -.3644E+01   -.3624E+01   -.3607E+01   -.3589E+01   -.3574E+01   -.3558E+01   -.3544E+01   -.3529E+01   -.3516E+01   -.3504E+01   -.3491E+01   -.3480E+01   -.3469E+01
0.1127E+04   0.3367E+02   -.3501E+02   -.3501E+02   -.3501E+02   -.3501E+02   -.3501E+02   -.3501E+02   -.3501E+02   -.3502E+02   -.3502E+02   -.3502E+02   -.3502E+02   -.3502E+02   -.3503E+02   -.3503E+02   -.3503E+02   -.3503E+02   -.3504E+02   -.3504E+02   -.3504E+02   -.3505E+02   -.3505E+02   -.3505E+02   -.3506E+02   -.3506E+02   -.3507E+02   -.3507E+02   -.3508E+02   -.3509E+02   -.3509E+02   -.3510E+02   -.3511E+02   -.3512E+02   -.3513E+02   -.3514E+02   -.3516E+02   -.3517E+02   -.3519E+02   -.3521E+02   -.3523E+02   -.3526E+02   -.3529E+02   -.3533E+02   -.3537E+02   -.3542E+02   -.3548E+02   -.3555E+02   -.3564E+02   -.3574E+02   -.3587E+02   -.3601E+02   -.3616E+02   -.3624E+02   -.3629E+02   -.3594E+02   -.3548E+02   -.3315E+02   -.4835E+02   -.1733E+02   -.1105E+02   -.1143E+02   -.1026E+02   -.1015E+02   -.9524E+01   -.9176E+01   -.8744E+01   -.8398E+01   -.8075E+01   -.7787E+01   -.7520E+01   -.7282E+01   -.7061E+01   -.6859E+01   -.6669E+01   -.6493E+01   -.6324E+01   -.6168E+01   -.6014E+01   -.5873E+01   -.5734E+01   -.5606E+01   -.5483E+01   -.5366E+01   -.5254E+01   -.5150E+01   -.5049E+01   -.4957E+01   -.4868E+01   -.4784E+01   -.4705E+01   -.4632E+01   -.4560E+01   -.4493E+01   -.4429E+01   -.4368E+01   -.4311E+01   -.4258E+01   -.4205E+01   -.4157E+01   -.4111E+01   -.4069E+01   -.4028E+01   -.3991E+01   -.3954E+01   -.3922E+01   -.3888E+01   -.3860E+01   -.3830E+01   -.3803E+01   -.3777E+01   -.3752E+01   -.3729E+01   -.3705E+01   -.3684E+01   -.3663E+01   -.3644E+01   -.3624E+01   -.3607E+01   -.3589E+01   -.3573E+01   -.3558E+01   -.3543E+01   -.3530E+01   -.3516E+01   -.3503E+01   -.3491E+01   -.3480E+01   -.3469E+01   -.3459E+01
0.1128E+04   0.3400E+02   -.3501E+02   -.3501E+02   -.3501E+02   -.3501E+02   -.3501E+02   -.3501E+02   -.3502E+02   -.3502E+02   -.3502E+02   -.3502E+02   -.3502E+02   -.3503E+02   -.3503E+02   -.3503E+02   -.3503E+02   -.3504E+02   -.3504E+02   -.3504E+02   -.3505E+02   -.3505E+02   -.3505E+02   -.3506E+02   -.3506E+02   -.3507E+02   -.3507E+02   -.3508E+02   -.3509E+02   -.3509E+02   -.3510E+02   -.3511E+02   -.3512E+02   -.3513E+02   -.3514E+02   -.3516E+02   -.3517E+02   -.3519E+02   -.3521E+02   -.3523E+02   -.3526E+02   -.3529E+02   -.3533E+02   -.3537E+02   -.3542E+02   -.3548E+02   -.3555E+02   -.3564E+02   -.3574E+02   -.3587E+02   -.3601E+02   -.3616E+02   -.3624E+02   -.3629E+02   -.3594E+02   -.3548E+02   -.3315E+02   -.4835E+02   -.1733E+02   -.1105E+02   -.1143E+02   -.1026E+02   -.1015E+02   -.9524E+01   -.9176E+01   -.8744E+01   -.8398E+01   -.8075E+01   -.7787E+01   -.7520E+01   -.7282E+01   -.7061E+01   -.6859E+01   -.6669E+01   -.6493E+01   -.6324E+01   -.6168E+01   -.6014E+01   -.5873E+01   -.5734E+01   -.5606E+01   -.5483E+01   -.5366E+01   -.5254E+01   -.5150E+01   -.5050E+01   -.4957E+01   -.4868E+01   -.4784E+01   -.4705E+01   -.4632E+01   -.4560E+01   -.4493E+01   -.4429E+01   -.4368E+01   -.4311E+01   -.4258E+01   -.4206E+01   -.4157E+01   -.4111E+01   -.4069E+01   -.4028E+01   -.3991E+01   -.3954E+01   -.3921E+01   -.3888E+01   -.3860E+01   -.3830E+01   -.3803E+01   -.3777E+01   -.3752E+01   -.3729E+01   -.3705E+01   -.3684E+01   -.3663E+01   -.3644E+01   -.3624E+01   -.3607E+01   -.3589E+01   -.3574E+01   -.3558E+01   -.3543E+01   -.3529E+01   -.3516E+01   -.3504E+01   -.3491E+01   -.3480E+01   -.3469E+01   -.3458E+01   -.3448E+01
0.1129E+04   0.3433E+02   -.3501E+02   -.3501E+02   -.3501E+02   -.3501E+02   -.3501E+02   -.3501E+02   -.3502E+02   -.3502E+02   -.3502E+02   -.3502E+02   -.3503E+02   -.3503E+02   -.3503E+02   -.3503E+02   -.3504E+02   -.3504E+02   -.3504E+02   -.3505E+02   -.3505E+02   -.3505E+02   -.3506E+02   -.3506E+02   -.3507E+02   -.3507E+02   -.3508E+02   -.3509E+02   -.3509E+02   -.3510E+02   -.3511E+02   -.3512E+02   -.3513E+02   -.3514E+02   -.3516E+02   -.3517E+02   -.3519E+02   -.3521E+02   -.3523E+02   -.3526E+02   -.3529E+02   -.3533E+02   -.3537E+02   -.3542E+02   -.3548E+02   -.3555E+02   -.3564E+02   -.3574E+02   -.3587E+02   -.3601E+02   -.3616E+02   -.3624E+02   -.3629E+02   -.3594E+02   -.3548E+02   -.3316E+02   -.4835E+02   -.1733E+02   -.1105E+02   -.1143E+02   -.1026E+02   -.1015E+02   -.9524E+01   -.9177E+01   -.8744E+01   -.8398E+01   -.8076E+01   -.7787E+01   -.7520E+01   -.7282E+01   -.7061E+01   -.6859E+01   -.6669E+01   -.6493E+01   -.6324E+01   -.6168E+01   -.6014E+01   -.5873E+01   -.5734E+01   -.5606E+01   -.5483E+01   -.5366E+01   -.5254E+01   -.5150E+01   -.5050E+01   -.4957E+01   -.4868E+01   -.4784E+01   -.4705E+01   -.4632E+01   -.4560E+01   -.4493E+01   -.4429E+01   -.4368E+01   -.4312E+01   -.4258E+01   -.4205E+01   -.4157E+01   -.4111E+01   -.4068E+01   -.4028E+01   -.3991E+01   -.3954E+01   -.3922E+01   -.3888E+01   -.3860E+01   -.3831E+01   -.3804E+01   -.3777E+01   -.3752E+01   -.3729E+01   -.3705E+01   -.3684E+01   -.3663E+01   -.3644E+01   -.3624E+01   -.3607E+01   -.3590E+01   -.3573E+01   -.3558E+01   -.3544E+01   -.3529E+01   -.3516E+01   -.3503E+01   -.3491E+01   -.3480E+01   -.3469E+01   -.3458E+01   -.3448E+01   -.3439E+01
0.1130E+04   0.3467E+02   -.3501E+02   -.3501E+02   -.3501E+02   -.3501E+02   -.3501E+02   -.3502E+02   -.3502E+02   -.3502E+02   -.3502E+02   -.3502E+02   -.3503E+02   -.3503E+02   -.3503E+02   -.3504E+02   -.3504E+02   -.3504E+02   -.3505E+02   -.3505E+02   -.3505E+02   -.3506E+02   -.3506E+02   -.3507E+02   -.3507E+02   -.3508E+02   -.3509E+02   -.3509E+02   -.3510E+02   -.3511E+02   -.3512E+02   -.3513E+02   -.3514E+02   -.3516E+02   -.3517E+02   -.3519E+02   -.3521E+02   -.3523E+02   -.3526E+02   -.3529E+02   -.3533E+02   -.3537E+02   -.3542E+02   -.3548E+02   -.3555E+02   -.3564E+02   -.3574E+02   -.3587E+02   -.3601E+02   -.3616E+02   -.3624E+02   -.3629E+02   -.3594E+02   -.3548E+02   -.3316E+02   -.4835E+02   -.1733E+02   -.1105E+02   -.1143E+02   -.1026E+02   -.1015E+02   -.9524E+01   -.9177E+01   -.8744E+01   -.8398E+01   -.8076E+01   -.7787E+01   -.7520E+01   -.7282E+01   -.7061E+01   -.6860E+01   -.6669E+01   -.6493E+01   -.6324E+01   -.6168E+01   -.6014E+01   -.5873E+01   -.5734E+01   -.5606E+01   -.5483E+01   -.5366E+01   -.5254E+01   -.5150E+01   -.5050E+01   -.4957E+01   -.4868E+01   -.4785E+01   -.4705E+01   -.4632E+01   -.4560E+01   -.4493E+01   -.4429E+01   -.4368E+01   -.4311E+01   -.4258E+01   -.4206E+01   -.4157E+01   -.4111E+01   -.4068E+01   -.4028E+01   -.3991E+01   -.3954E+01   -.3921E+01   -.3888E+01   -.3859E+01   -.3831E+01   -.3803E+01   -.3778E+01   -.3752E+01   -.3729E+01   -.3705E+01   -.3685E+01   -.3663E+01   -.3644E+01   -.3624E+01   -.3607E+01   -.3589E+01   -.3574E+01   -.3558E+01   -.3543E+01   -.3529E+01   -.3516E+01   -.3504E+01   -.3491E+01   -.3480E+01   -.3469E+01   -.3458E+01   -.3449E+01   -.3439E+01   -.3430E+01
0.1131E+04   0.3500E+02   -.3501E+02   -.3501E+02   -.3501E+02   -.3501E+02   -.3501E+02   -.3502E+02   -.3502E+02   -.3502E+02   -.3502E+02   -.3503E+02   -.3503E+02   -.3503E+02   -.3503E+02   -.3504E+02   -.3504E+02   -.3505E+02   -.3505E+02   -.3505E+02   -.3506E+02   -.3506E+02   -.3507E+02   -.3507E+02   -.3508E+02   -.3509E+02   -.3509E+02   -.3510E+02   -.3511E+02   -.3512E+02   -.3513E+02   -.3514E+02   -.3516E+02   -.3517E+02   -.3519E+02   -.3521E+02   -.3523E+02   -.3526E+02   -.3529E+02   -.3533E+02   -.3537E+02   -.3542E+02   -.3548E+02   -.3555E+02   -.3564E+02   -.3574E+02   -.3587E+02   -.3601E+02   -.3616E+02   -.3624E+02   -.3629E+02   -.3594E+02   -.3548E+02   -.3316E+02   -.4835E+02   -.1733E+02   -.1105E+02   -.1143E+02   -.1026E+02   -.1015E+02   -.9524E+01   -.9177E+01   -.8744E+01   -.8398E+01   -.8076E+01   -.7788E+01   -.7520E+01   -.7282E+01   -.7061E+01   -.6860E+01   -.6670E+01   -.6493E+01   -.6324E+01   -.6168E+01   -.6014E+01   -.5873E+01   -.5734E+01   -.5606E+01   -.5483E+01   -.5366E+01   -.5254E+01   -.5150E+01   -.5050E+01   -.4957E+01   -.4868E+01   -.4785E+01   -.4705E+01   -.4632E+01   -.4560E+01   -.4493E+01   -.4429E+01   -.4368E+01   -.4312E+01   -.4258E+01   -.4205E+01   -.4157E+01   -.4111E+01   -.4068E+01   -.4028E+01   -.3990E+01   -.3953E+01   -.3921E+01   -.3888E+01   -.3859E+01   -.3831E+01   -.3803E+01   -.3777E+01   -.3751E+01   -.3728E+01   -.3705E+01   -.3684E+01   -.3662E+01   -.3643E+01   -.3624E+01   -.3607E+01   -.3589E+01   -.3574E+01   -.3558E+01   -.3544E+01   -.3529E+01   -.3516E+01   -.3503E+01   -.3491E+01   -.3480E+01   -.3469E+01   -.3459E+01   -.3448E+01   -.3439E+01   -.3430E+01   -.3422E+01
0.1132E+04   0.3533E+02   -.3501E+02   -.3501E+02   -.3501E+02   -.3501E+02   -.3502E+02   -.3502E+02   -.3502E+02   -.3502E+02   -.3503E+02   -.3503E+02   -.3503E+02   -.3503E+02   -.3504E+02   -.3504E+02   -.3504E+02   -.3505E+02   -.3505E+02   -.3506E+02   -.3506E+02   -.3507E+02   -.3507E+02   -.3508E+02   -.3509E+02   -.3509E+02   -.3510E+02   -.3511E+02   -.3512E+02   -.3513E+02   -.3514E+02   -.3516E+02   -.3517E+02   -.3519E+02   -.3521E+02   -.3523E+02   -.3526E+02   -.3529E+02   -.3533E+02   -.3537E+02   -.3542E+02   -.3548E+02   -.3555E+02   -.3564E+02   -.3574E+02   -.3587E+02   -.3601E+02   -.3616E+02   -.3624E+02   -.3629E+02   -.3594E+02   -.3548E+02   -.3316E+02   -.4835E+02   -.1733E+02   -.1105E+02   -.1143E+02   -.1026E+02   -.1015E+02   -.9524E+01   -.9177E+01   -.8744E+01   -.8398E+01   -.8076E+01   -.7788E+01   -.7521E+01   -.7283E+01   -.7061E+01   -.6860E+01   -.6670E+01   -.6493E+01   -.6325E+01   -.6168E+01   -.6014E+01   -.5873E+01   -.5734E+01   -.5606E+01   -.5483E+01   -.5366E+01   -.5254E+01   -.5150E+01   -.5050E+01   -.4957E+01   -.4868E+01   -.4785E+01   -.4705E+01   -.4632E+01   -.4560E+01   -.4493E+01   -.4429E+01   -.4368E+01   -.4311E+01   -.4258E+01   -.4205E+01   -.4157E+01   -.4111E+01   -.4069E+01   -.4028E+01   -.3991E+01   -.3954E+01   -.3921E+01   -.3889E+01   -.3860E+01   -.3831E+01   -.3803E+01   -.3777E+01   -.3752E+01   -.3728E+01   -.3705E+01   -.3684E+01   -.3663E+01   -.3643E+01   -.3624E+01   -.3606E+01   -.3589E+01   -.3573E+01   -.3558E+01   -.3543E+01   -.3529E+01   -.3516E+01   -.3503E+01   -.3491E+01   -.3480E+01   -.3469E+01   -.3458E+01   -.3448E+01   -.3439E+01   -.3430E+01   -.3422E+01   -.3414E+01
0.1133E+04   0.3567E+02   -.3501E+02   -.3501E+02   -.3501E+02   -.3501E+02   -.3502E+02   -.3502E+02   -.3502E+02   -.3502E+02   -.3503E+02   -.3503E+02   -.3503E+02   -.3504E+02   -.3504E+02   -.3504E+02   -.3505E+02   -.3505E+02   -.3506E+02   -.3506E+02   -.3507E+02   -.3507E+02   -.3508E+02   -.3509E+02   -.3509E+02   -.3510E+02   -.3511E+02   -.3512E+02   -.3513E+02   -.3514E+02   -.3516E+02   -.3517E+02   -.3519E+02   -.3521E+02   -.3523E+02   -.3526E+02   -.3529E+02   -.3533E+02   -.3537E+02   -.3542E+02   -.3548E+02   -.3555E+02   -.3564E+02   -.3574E+02   -.3587E+02   -.3601E+02   -.3616E+02   -.3624E+02   -.3629E+02   -.3594E+02   -.3548E+02   -.3316E+02   -.4835E+02   -.1733E+02   -.1105E+02   -.1143E+02   -.1026E+02   -.1015E+02   -.9524E+01   -.9177E+01   -.8744E+01   -.8398E+01   -.8076E+01   -.7788E+01   -.7521E+01   -.7283E+01   -.7062E+01   -.6860E+01   -.6670E+01   -.6493E+01   -.6325E+01   -.6168E+01   -.6014E+01   -.5873E+01   -.5734E+01   -.5606E+01   -.5483E+01   -.5366E+01   -.5254E+01   -.5150E+01   -.5050E+01   -.4958E+01   -.4868E+01   -.4785E+01   -.4705E+01   -.4632E+01   -.4561E+01   -.4494E+01   -.4429E+01   -.4368E+01   -.4311E+01   -.4258E+01   -.4206E+01   -.4158E+01   -.4111E+01   -.4068E+01   -.4027E+01   -.3991E+01   -.3954E+01   -.3921E+01   -.3888E+01   -.3859E+01   -.3830E+01   -.3802E+01   -.3776E+01   -.3751E+01   -.3728E+01   -.3705E+01   -.3683E+01   -.3662E+01   -.3643E+01   -.3624E+01   -.3606E+01   -.3589E+01   -.3573E+01   -.3558E+01   -.3543E+01   -.3529E+01   -.3516E+01   -.3503E+01   -.3491E+01   -.3480E+01   -.3469E+01   -.3458E+01   -.3448E+01   -.3439E+01   -.3430E+01   -.3422E+01   -.3413E+01   -.3406E+01
0.1134E+04   0.3600E+02   -.3501E+02   -.3501E+02   -.3501E+02   -.3501E+02   -.3502E+02   -.3502E+02   -.3502E+02   -.3503E+02   -.3503E+02   -.3503E+02   -.3504E+02   -.3504E+02   -.3504E+02   -.3505E+02   -.3505E+02   -.3506E+02   -.3506E+02   -.3507E+02   -.3507E+02   -.3508E+02   -.3509E+02   -.3509E+02   -.3510E+02   -.3511E+02   -.3512E+02   -.3513E+02   -.3514E+02   -.3516E+02   -.3517E+02   -.3519E+02   -.3521E+02   -.3523E+02   -.3526E+02   -.3529E+02   -.3533E+02   -.3537E+02   -.3542E+02   -.3548E+02   -.3555E+02   -.3564E+02   -.3574E+02   -.3587E+02   -.3601E+02   -.3616E+02   -.3624E+02   -.3629E+02   -.3594E+02   -.3548E+02   -.3316E+02   -.4835E+02   -.1733E+02   -.1105E+02   -.1143E+02   -.1026E+02   -.1015E+02   -.9525E+01   -.9177E+01   -.8744E+01   -.8399E+01   -.8076E+01   -.7788E+01   -.7521E+01   -.7283E+01   -.7062E+01   -.6860E+01   -.6670E+01   -.6494E+01   -.6325E+01   -.6168E+01   -.6014E+01   -.5873E+01   -.5734E+01   -.5606E+01   -.5483E+01   -.5366E+01   -.5254E+01   -.5151E+01   -.5050E+01   -.4958E+01   -.4868E+01   -.4785E+01   -.4705E+01   -.4632E+01   -.4560E+01   -.4494E+01   -.4429E+01   -.4368E+01   -.4311E+01   -.4258E+01   -.4205E+01   -.4158E+01   -.4112E+01   -.4068E+01   -.4028E+01   -.3991E+01   -.3954E+01   -.3921E+01   -.3888E+01   -.3859E+01   -.3831E+01   -.3803E+01   -.3777E+01   -.3751E+01   -.3728E+01   -.3705E+01   -.3683E+01   -.3662E+01   -.3643E+01   -.3624E+01   -.3607E+01   -.3589E+01   -.3573E+01   -.3558E+01   -.3543E+01   -.3529E+01   -.3516E+01   -.3503E+01   -.3491E+01   -.3480E+01   -.3469E+01   -.3459E+01   -.3449E+01   -.3439E+01   -.3430E+01   -.3422E+01   -.3413E+01   -.3406E+01   -.3398E+01
0.1135E+04   0.3633E+02   -.3501E+02   -.3501E+02   -.3501E+02   -.3502E+02   -.3502E+02   -.3502E+02   -.3502E+02   -.3503E+02   -.3503E+02   -.3503E+02   -.3504E+02   -.3504E+02   -.3505E+02   -.3505E+02   -.3506E+02   -.3506E+02   -.3507E+02   -.3507E+02   -.3508E+02   -.3509E+02   -.3509E+02   -.3510E+02   -.3511E+02   -.3512E+02   -.3513E+02   -.3514E+02   -.3516E+02   -.3517E+02   -.3519E+02   -.3521E+02   -.3523E+02   -.3526E+02   -.3529E+02   -.3533E+02   -.3537E+02   -.3542E+02   -.3548E+02   -.3555E+02   -.3564E+02   -.3574E+02   -.3587E+02   -.3601E+02   -.3616E+02   -.3624E+02   -.3629E+02   -.3594E+02   -.3548E+02   -.3316E+02   -.4835E+02   -.1733E+02   -.1105E+02   -.1143E+02   -.1026E+02   -.1015E+02   -.9525E+01   -.9177E+01   -.8744E+01   -.8399E+01   -.8076E+01   -.7788E+01   -.7521E+01   -.7283E+01   -.7062E+01   -.6860E+01   -.6670E+01   -.6494E+01   -.6325E+01   -.6168E+01   -.6014E+01   -.5873E+01   -.5734E+01   -.5606E+01   -.5483E+01   -.5366E+01   -.5254E+01   -.5151E+01   -.5050E+01   -.4958E+01   -.4868E+01   -.4785E+01   -.4705E+01   -.4632E+01   -.4560E+01   -.4494E+01   -.4429E+01   -.4368E+01   -.4311E+01   -.4257E+01   -.4206E+01   -.4158E+01   -.4111E+01   -.4068E+01   -.4028E+01   -.3991E+01   -.3953E+01   -.3921E+01   -.3889E+01   -.3860E+01   -.3831E+01   -.3803E+01   -.3776E+01   -.3751E+01   -.3727E+01   -.3704E+01   -.3683E+01   -.3662E+01   -.3643E+01   -.3624E+01   -.3606E+01   -.3589E+01   -.3573E+01   -.3558E+01   -.3543E+01   -.3529E+01   -.3516E+01   -.3503E+01   -.3491E+01   -.3480E+01   -.3469E+01   -.3458E+01   -.3449E+01   -.3439E+01   -.3430E+01   -.3422E+01   -.3413E+01   -.3406E+01   -.3398E+01   -.3391E+01
0.1136E+04   0.3667E+02   -.3501E+02   -.3501E+02   -.3501E+02   -.3502E+02   -.3502E+02   -.3502E+02   -.3503E+02   -.3503E+02   -.3503E+02   -.3504E+02   -.3504E+02   -.3505E+02   -.3505E+02   -.3505E+02   -.3506E+02   -.3507E+02   -.3507E+02   -.3508E+02   -.3508E+02   -.3509E+02   -.3510E+02   -.3511E+02   -.3512E+02   -.3513E+02   -.3514E+02   -.3516E+02   -.3517E+02   -.3519E+02   -.3521E+02   -.3523E+02   -.3526E+02   -.3529E+02   -.3533E+02   -.3537E+02   -.3542E+02   -.3548E+02   -.3555E+02   -.3564E+02   -.3574E+02   -.3587E+02   -.3601E+02   -.3616E+02   -.3624E+02   -.3629E+02   -.3594E+02   -.3548E+02   -.3316E+02   -.4835E+02   -.1733E+02   -.1105E+02   -.1143E+02   -.1026E+02   -.1015E+02   -.9525E+01   -.9177E+01   -.8744E+01   -.8399E+01   -.8076E+01   -.7788E+01   -.7521E+01   -.7283E+01   -.7062E+01   -.6860E+01   -.6670E+01   -.6494E+01   -.6325E+01   -.6168E+01   -.6015E+01   -.5873E+01   -.5734E+01   -.5606E+01   -.5483E+01   -.5366E+01   -.5255E+01   -.5151E+01   -.5050E+01   -.4958E+01   -.4868E+01   -.4785E+01   -.4706E+01   -.4632E+01   -.4561E+01   -.4494E+01   -.4429E+01   -.4368E+01   -.4311E+01   -.4257E+01   -.4206E+01   -.4158E+01   -.4112E+01   -.4068E+01   -.4028E+01   -.3990E+01   -.3954E+01   -.3921E+01   -.3889E+01   -.3860E+01   -.3830E+01   -.3803E+01   -.3776E+01   -.3751E+01   -.3727E+01   -.3704E+01   -.3683E+01   -.3662E+01   -.3642E+01   -.3623E+01   -.3606E+01   -.3589E+01   -.3573E+01   -.3557E+01   -.3543E+01   -.3529E+01   -.3516E+01   -.3503E+01   -.3492E+01   -.3480E+01   -.3469E+01   -.3459E+01   -.3449E+01   -.3439E+01   -.3430E+01   -.3422E+01   -.3413E+01   -.3406E+01   -.3398E+01   -.3391E+01   -.3384E+01
0.1137E+04   0.3700E+02   -.3501E+02   -.3501E+02   -.3501E+02   -.3502E+02   -.3502E+02   -.3502E+02   -.3503E+02   -.3503E+02   -.3504E+02   -.3504E+02   -.3504E+02   -.3505E+02   -.3505E+02   -.3506E+02   -.3506E+02   -.3507E+02   -.3508E+02   -.3508E+02   -.3509E+02   -.3510E+02   -.3511E+02   -.3512E+02   -.3513E+02   -.3514E+02   -.3516E+02   -.3517E+02   -.3519E+02   -.3521E+02   -.3523E+02   -.3526E+02   -.3529E+02   -.3533E+02   -.3537E+02   -.3542E+02   -.3548E+02   -.3555E+02   -.3564E+02   -.3574E+02   -.3587E+02   -.3601E+02   -.3616E+02   -.3624E+02   -.3629E+02   -.3594E+02   -.3548E+02   -.3316E+02   -.4835E+02   -.1733E+02   -.1105E+02   -.1143E+02   -.1026E+02   -.1015E+02   -.9525E+01   -.9177E+01   -.8744E+01   -.8399E+01   -.8076E+01   -.7788E+01   -.7521E+01   -.7283E+01   -.7062E+01   -.6860E+01   -.6670E+01   -.6494E+01   -.6325E+01   -.6168E+01   -.6015E+01   -.5873E+01   -.5735E+01   -.5606E+01   -.5483E+01   -.5366E+01   -.5255E+01   -.5151E+01   -.5050E+01   -.4958E+01   -.4868E+01   -.4785E+01   -.4706E+01   -.4632E+01   -.4560E+01   -.4494E+01   -.4429E+01   -.4368E+01   -.4311E+01   -.4258E+01   -.4206E+01   -.4157E+01   -.4111E+01   -.4068E+01   -.4028E+01   -.3990E+01   -.3954E+01   -.3921E+01   -.3889E+01   -.3860E+01   -.3830E+01   -.3803E+01   -.3776E+01   -.3751E+01   -.3728E+01   -.3704E+01   -.3683E+01   -.3662E+01   -.3643E+01   -.3624E+01   -.3606E+01   -.3589E+01   -.3573E+01   -.3558E+01   -.3543E+01   -.3529E+01   -.3516E+01   -.3503E+01   -.3491E+01   -.3479E+01   -.3469E+01   -.3458E+01   -.3448E+01   -.3439E+01   -.3430E+01   -.3422E+01   -.3413E+01   -.3405E+01   -.3398E+01   -.3391E+01   -.3385E+01   -.3378E+01
0.1138E+04   0.3733E+02   -.3501E+02   -.3501E+02   -.3502E+02   -.3502E+02   -.3502E+02   -.3503E+02   -.3503E+02   -.3503E+02   -.3504E+02   -.3504E+02   -.3505E+02   -.3505E+02   -.3506E+02   -.3506E+02   -.3507E+02   -.3508E+02   -.3508E+02   -.3509E+02   -.3510E+02   -.3511E+02   -.3512E+02   -.3513E+02   -.3514E+02   -.3516E+02   -.3517E+02   -.3519E+02   -.3521E+02   -.3523E+02   -.3526E+02   -.3529E+02   -.3533E+02   -.3537E+02   -.3542E+02   -.3548E+02   -.3555E+02   -.3564E+02   -.3574E+02   -.3587E+02   -.3601E+02   -.3616E+02   -.3624E+02   -.3629E+02   -.3594E+02   -.3548E+02   -.3316E+02   -.4835E+02   -.1733E+02   -.1105E+02   -.1143E+02   -.1026E+02   -.1015E+02   -.9525E+01   -.9177E+01   -.8744E+01   -.8399E+01   -.8076E+01   -.7788E+01   -.7521E+01   -.7283E+01   -.7062E+01   -.6861E+01   -.6670E+01   -.6494E+01   -.6325E+01   -.6168E+01   -.6015E+01   -.5873E+01   -.5735E+01   -.5607E+01   -.5483E+01   -.5366E+01   -.5255E+01   -.5151E+01   -.5050E+01   -.4958E+01   -.4869E+01   -.4785E+01   -.4706E+01   -.4632E+01   -.4560E+01   -.4494E+01   -.4429E+01   -.4368E+01   -.4310E+01   -.4257E+01   -.4205E+01   -.4157E+01   -.4112E+01   -.4068E+01   -.4028E+01   -.3990E+01   -.3954E+01   -.3921E+01   -.3888E+01   -.3859E+01   -.3830E+01   -.3803E+01   -.3776E+01   -.3752E+01   -.3728E+01   -.3705E+01   -.3683E+01   -.3662E+01   -.3643E+01   -.3624E+01   -.3606E+01   -.3589E+01   -.3572E+01   -.3557E+01   -.3543E+01   -.3529E+01   -.3515E+01   -.3503E+01   -.3491E+01   -.3479E+01   -.3469E+01   -.3459E+01   -.3448E+01   -.3439E+01   -.3430E+01   -.3422E+01   -.3413E+01   -.3406E+01   -.3398E+01   -.3391E+01   -.3385E+01   -.3378E+01   -.3372E+01
0.1139E+04   0.3767E+02   -.3501E+02   -.3501E+02   -.3502E+02   -.3502E+02   -.3502E+02   -.3503E+02   -.3503E+02   -.3504E+02   -.3504E+02   -.3505E+02   -.3505E+02   -.3506E+02   -.3506E+02   -.3507E+02   -.3507E+02   -.3508E+02   -.3509E+02   -.3510E+02   -.3511E+02   -.3512E+02   -.3513E+02   -.3514E+02   -.3516E+02   -.3517E+02   -.3519E+02   -.3521E+02   -.3523E+02   -.3526E+02   -.3529E+02   -.3533E+02   -.3537E+02   -.3542E+02   -.3548E+02   -.3555E+02   -.3564E+02   -.3574E+02   -.3587E+02   -.3601E+02   -.3616E+02   -.3624E+02   -.3629E+02   -.3594E+02   -.3548E+02   -.3316E+02   -.4835E+02   -.1733E+02   -.1105E+02   -.1143E+02   -.1026E+02   -.1015E+02   -.9525E+01   -.9177E+01   -.8744E+01   -.8399E+01   -.8076E+01   -.7788E+01   -.7521E+01   -.7283E+01   -.7062E+01   -.6861E+01   -.6671E+01   -.6494E+01   -.6325E+01   -.6168E+01   -.6015E+01   -.5874E+01   -.5735E+01   -.5607E+01   -.5483E+01   -.5366E+01   -.5255E+01   -.5151E+01   -.5050E+01   -.4958E+01   -.4869E+01   -.4785E+01   -.4706E+01   -.4631E+01   -.4560E+01   -.4494E+01   -.4429E+01   -.4369E+01   -.4311E+01   -.4257E+01   -.4205E+01   -.4157E+01   -.4112E+01   -.4068E+01   -.4028E+01   -.3990E+01   -.3954E+01   -.3920E+01   -.3888E+01   -.3858E+01   -.3830E+01   -.3802E+01   -.3776E+01   -.3751E+01   -.3728E+01   -.3704E+01   -.3684E+01   -.3662E+01   -.3643E+01   -.3623E+01   -.3606E+01   -.3589E+01   -.3573E+01   -.3557E+01   -.3543E+01   -.3528E+01   -.3516E+01   -.3503E+01   -.3491E+01   -.3479E+01   -.3469E+01   -.3458E+01   -.3448E+01   -.3439E+01   -.3430E+01   -.3421E+01   -.3413E+01   -.3406E+01   -.3398E+01   -.3391E+01   -.3384E+01   -.3378E+01   -.3372E+01   -.3366E+01
0.1140E+04   0.3800E+02   -.3501E+02   -.3501E+02   -.3502E+02   -.3502E+02   -.3503E+02   -.3503E+02   -.3503E+02   -.3504E+02   -.3504E+02   -.3505E+02   -.3505E+02   -.3506E+02   -.3507E+02   -.3507E+02   -.3508E+02   -.3509E+02   -.3510E+02   -.3511E+02   -.3512E+02   -.3513E+02   -.3514E+02   -.3515E+02   -.3517E+02   -.3519E+02   -.3521E+02   -.3523E+02   -.3526E+02   -.3529E+02   -.3532E+02   -.3537E+02   -.3542E+02   -.3548E+02   -.3555E+02   -.3564E+02   -.3574E+02   -.3587E+02   -.3601E+02   -.3616E+02   -.3624E+02   -.3629E+02   -.3594E+02   -.3548E+02   -.3316E+02   -.4835E+02   -.1733E+02   -.1105E+02   -.1143E+02   -.1026E+02   -.1015E+02   -.9525E+01   -.9177E+01   -.8744E+01   -.8399E+01   -.8076E+01   -.7788E+01   -.7521E+01   -.7284E+01   -.7063E+01   -.6861E+01   -.6671E+01   -.6494E+01   -.6325E+01   -.6168E+01   -.6015E+01   -.5872E+01   -.5734E+01   -.5607E+01   -.5483E+01   -.5368E+01   -.5256E+01   -.5151E+01   -.5050E+01   -.4958E+01   -.4869E+01   -.4785E+01   -.4706E+01   -.4633E+01   -.4561E+01   -.4493E+01   -.4429E+01   -.4368E+01   -.4310E+01   -.4257E+01   -.4205E+01   -.4158E+01   -.4111E+01   -.4068E+01   -.4028E+01   -.3990E+01   -.3953E+01   -.3920E+01   -.3888E+01   -.3858E+01   -.3830E+01   -.3802E+01   -.3776E+01   -.3750E+01   -.3727E+01   -.3703E+01   -.3683E+01   -.3661E+01   -.3642E+01   -.3623E+01   -.3606E+01   -.3588E+01   -.3573E+01   -.3557E+01   -.3543E+01   -.3528E+01   -.3516E+01   -.3502E+01   -.3491E+01   -.3479E+01   -.3469E+01   -.3458E+01   -.3448E+01   -.3439E+01   -.3430E+01   -.3421E+01   -.3413E+01   -.3405E+01   -.3398E+01   -.3391E+01   -.3384E+01   -.3377E+01   -.3372E+01   -.3366E+01   -.3360E+01
0.1141E+04   0.3833E+02   -.3501E+02   -.3502E+02   -.3502E+02   -.3502E+02   -.3503E+02   -.3503E+02   -.3504E+02   -.3504E+02   -.3505E+02   -.3505E+02   -.3506E+02   -.3506E+02   -.3507E+02   -.3508E+02   -.3509E+02   -.3510E+02   -.3510E+02   -.3512E+02   -.3513E+02   -.3514E+02   -.3515E+02   -.3517E+02   -.3519E+02   -.3521E+02   -.3523E+02   -.3526E+02   -.3529E+02   -.3532E+02   -.3537E+02   -.3542E+02   -.3548E+02   -.3555E+02   -.3564E+02   -.3574E+02   -.3587E+02   -.3601E+02   -.3616E+02   -.3624E+02   -.3629E+02   -.3594E+02   -.3548E+02   -.3316E+02   -.4835E+02   -.1733E+02   -.1105E+02   -.1143E+02   -.1026E+02   -.1015E+02   -.9525E+01   -.9177E+01   -.8744E+01   -.8399E+01   -.8076E+01   -.7788E+01   -.7522E+01   -.7284E+01   -.7063E+01   -.6861E+01   -.6671E+01   -.6495E+01   -.6326E+01   -.6169E+01   -.6015E+01   -.5874E+01   -.5734E+01   -.5606E+01   -.5484E+01   -.5367E+01   -.5255E+01   -.5152E+01   -.5051E+01   -.4958E+01   -.4869E+01   -.4785E+01   -.4706E+01   -.4632E+01   -.4560E+01   -.4494E+01   -.4430E+01   -.4369E+01   -.4311E+01   -.4258E+01   -.4205E+01   -.4158E+01   -.4111E+01   -.4068E+01   -.4028E+01   -.3990E+01   -.3953E+01   -.3920E+01   -.3888E+01   -.3858E+01   -.3829E+01   -.3801E+01   -.3776E+01   -.3751E+01   -.3727E+01   -.3704E+01   -.3683E+01   -.3661E+01   -.3642E+01   -.3623E+01   -.3606E+01   -.3588E+01   -.3573E+01   -.3557E+01   -.3543E+01   -.3529E+01   -.3516E+01   -.3503E+01   -.3491E+01   -.3480E+01   -.3469E+01   -.3458E+01   -.3448E+01   -.3439E+01   -.3430E+01   -.3421E+01   -.3413E+01   -.3405E+01   -.3398E+01   -.3391E+01   -.3384E+01   -.3378E+01   -.3371E+01   -.3366E+01   -.3360E+01   -.3355E+01
0.1142E+04   0.3867E+02   -.3501E+02   -.3502E+02   -.3502E+02   -.3502E+02   -.3503E+02   -.3503E+02   -.3504E+02   -.3504E+02   -.3505E+02   -.3506E+02   -.3506E+02   -.3507E+02   -.3508E+02   -.3509E+02   -.3509E+02   -.3510E+02   -.3511E+02   -.3513E+02   -.3514E+02   -.3515E+02   -.3517E+02   -.3519E+02   -.3521E+02   -.3523E+02   -.3526E+02   -.3529E+02   -.3532E+02   -.3537E+02   -.3542E+02   -.3548E+02   -.3555E+02   -.3564E+02   -.3574E+02   -.3587E+02   -.3601E+02   -.3616E+02   -.3624E+02   -.3629E+02   -.3594E+02   -.3548E+02   -.3316E+02   -.4835E+02   -.1733E+02   -.1105E+02   -.1143E+02   -.1026E+02   -.1015E+02   -.9525E+01   -.9177E+01   -.8744E+01   -.8399E+01   -.8076E+01   -.7788E+01   -.7522E+01   -.7284E+01   -.7063E+01   -.6861E+01   -.6671E+01   -.6495E+01   -.6326E+01   -.6169E+01   -.6015E+01   -.5872E+01   -.5734E+01   -.5606E+01   -.5483E+01   -.5367E+01   -.5255E+01   -.5152E+01   -.5051E+01   -.4958E+01   -.4869E+01   -.4785E+01   -.4706E+01   -.4633E+01   -.4561E+01   -.4494E+01   -.4429E+01   -.4369E+01   -.4311E+01   -.4258E+01   -.4206E+01   -.4159E+01   -.4111E+01   -.4070E+01   -.4028E+01   -.3991E+01   -.3954E+01   -.3920E+01   -.3888E+01   -.3859E+01   -.3829E+01   -.3802E+01   -.3776E+01   -.3751E+01   -.3727E+01   -.3704E+01   -.3683E+01   -.3661E+01   -.3642E+01   -.3623E+01   -.3606E+01   -.3589E+01   -.3572E+01   -.3557E+01   -.3543E+01   -.3529E+01   -.3515E+01   -.3503E+01   -.3491E+01   -.3480E+01   -.3468E+01   -.3459E+01   -.3448E+01   -.3439E+01   -.3430E+01   -.3421E+01   -.3413E+01   -.3405E+01   -.3398E+01   -.3391E+01   -.3384E+01   -.3378E+01   -.3371E+01   -.3366E+01   -.3360E+01   -.3355E+01   -.3350E+01
0.1143E+04   0.3900E+02   -.3501E+02   -.3502E+02   -.3502E+02   -.3503E+02   -.3503E+02   -.3504E+02   -.3504E+02   -.3505E+02   -.3505E+02   -.3506E+02   -.3507E+02   -.3508E+02   -.3508E+02   -.3509E+02   -.3510E+02   -.3511E+02   -.3512E+02   -.3514E+02   -.3515E+02   -.3517E+02   -.3518E+02   -.3521E+02   -.3523E+02   -.3526E+02   -.3529E+02   -.3532E+02   -.3537E+02   -.3542E+02   -.3548E+02   -.3555E+02   -.3564E+02   -.3574E+02   -.3587E+02   -.3601E+02   -.3616E+02   -.3624E+02   -.3629E+02   -.3594E+02   -.3548E+02   -.3316E+02   -.4835E+02   -.1733E+02   -.1105E+02   -.1143E+02   -.1026E+02   -.1015E+02   -.9525E+01   -.9177E+01   -.8744E+01   -.8399E+01   -.8076E+01   -.7789E+01   -.7522E+01   -.7284E+01   -.7063E+01   -.6861E+01   -.6671E+01   -.6495E+01   -.6326E+01   -.6169E+01   -.6016E+01   -.5872E+01   -.5734E+01   -.5607E+01   -.5482E+01   -.5366E+01   -.5255E+01   -.5151E+01   -.5050E+01   -.4958E+01   -.4869E+01   -.4785E+01   -.4705E+01   -.4632E+01   -.4561E+01   -.4494E+01   -.4429E+01   -.4370E+01   -.4311E+01   -.4259E+01   -.4206E+01   -.4159E+01   -.4111E+01   -.4070E+01   -.4028E+01   -.3991E+01   -.3954E+01   -.3921E+01   -.3888E+01   -.3859E+01   -.3829E+01   -.3802E+01   -.3775E+01   -.3750E+01   -.3727E+01   -.3704E+01   -.3683E+01   -.3661E+01   -.3642E+01   -.3623E+01   -.3606E+01   -.3589E+01   -.3573E+01   -.3557E+01   -.3543E+01   -.3529E+01   -.3515E+01   -.3503E+01   -.3491E+01   -.3479E+01   -.3468E+01   -.3458E+01   -.3448E+01   -.3439E+01   -.3430E+01   -.3421E+01   -.3413E+01   -.3405E+01   -.3398E+01   -.3391E+01   -.3384E+01   -.3378E+01   -.3371E+01   -.3366E+01   -.3360E+01   -.3355E+01   -.3350E+01   -.3345E+01
0.1144E+04   0.3933E+02   -.3501E+02   -.3502E+02   -.3502E+02   -.3503E+02   -.3503E+02   -.3504E+02   -.3505E+02   -.3505E+02   -.3506E+02   -.3507E+02   -.3507E+02   -.3508E+02   -.3509E+02   -.3510E+02   -.3511E+02   -.3512E+02   -.3514E+02   -.3515E+02   -.3517E+02   -.3518E+02   -.3520E+02   -.3523E+02   -.3525E+02   -.3529E+02   -.3532E+02   -.3536E+02   -.3542E+02   -.3548E+02   -.3555E+02   -.3564E+02   -.3574E+02   -.3587E+02   -.3600E+02   -.3616E+02   -.3624E+02   -.3629E+02   -.3594E+02   -.3548E+02   -.3316E+02   -.4835E+02   -.1733E+02   -.1105E+02   -.1143E+02   -.1026E+02   -.1015E+02   -.9525E+01   -.9177E+01   -.8744E+01   -.8399E+01   -.8076E+01   -.7789E+01   -.7522E+01   -.7284E+01   -.7063E+01   -.6862E+01   -.6671E+01   -.6495E+01   -.6326E+01   -.6169E+01   -.6016E+01   -.5872E+01   -.5733E+01   -.5605E+01   -.5483E+01   -.5368E+01   -.5256E+01   -.5152E+01   -.5051E+01   -.4959E+01   -.4869E+01   -.4785E+01   -.4706E+01   -.4632E+01   -.4561E+01   -.4494E+01   -.4430E+01   -.4368E+01   -.4311E+01   -.4259E+01   -.4206E+01   -.4157E+01   -.4111E+01   -.4068E+01   -.4028E+01   -.3991E+01   -.3955E+01   -.3921E+01   -.3889E+01   -.3860E+01   -.3830E+01   -.3803E+01   -.3776E+01   -.3751E+01   -.3727E+01   -.3704E+01   -.3683E+01   -.3662E+01   -.3643E+01   -.3624E+01   -.3607E+01   -.3589E+01   -.3573E+01   -.3558E+01   -.3543E+01   -.3529E+01   -.3515E+01   -.3503E+01   -.3491E+01   -.3479E+01   -.3469E+01   -.3458E+01   -.3448E+01   -.3439E+01   -.3430E+01   -.3421E+01   -.3413E+01   -.3405E+01   -.3398E+01   -.3391E+01   -.3384E+01   -.3378E+01   -.3372E+01   -.3366E+01   -.3360E+01   -.3355E+01   -.3350E+01   -.3345E+01   -.3341E+01
0.1145E+04   0.3967E+02   -.3502E+02   -.3502E+02   -.3502E+02   -.3503E+02   -.3504E+02   -.3504E+02   -.3505E+02   -.3506E+02   -.3506E+02   -.3507E+02   -.3508E+02   -.3509E+02   -.3510E+02   -.3511E+02   -.3512E+02   -.3513E+02   -.3515E+02   -.3516E+02   -.3518E+02   -.3520E+02   -.3523E+02   -.3525E+02   -.3528E+02   -.3532E+02   -.3536E+02   -.3541E+02   -.3548E+02   -.3555E+02   -.3564E+02   -.3574E+02   -.3587E+02   -.3600E+02   -.3616E+02   -.3624E+02   -.3629E+02   -.3594E+02   -.3548E+02   -.3316E+02   -.4835E+02   -.1733E+02   -.1105E+02   -.1143E+02   -.1026E+02   -.1015E+02   -.9525E+01   -.9177E+01   -.8744E+01   -.8399E+01   -.8076E+01   -.7789E+01   -.7522E+01   -.7284E+01   -.7063E+01   -.6862E+01   -.6671E+01   -.6495E+01   -.6326E+01   -.6169E+01   -.6016E+01   -.5873E+01   -.5734E+01   -.5606E+01   -.5483E+01   -.5367E+01   -.5255E+01   -.5151E+01   -.5051E+01   -.4958E+01   -.4869E+01   -.4785E+01   -.4706E+01   -.4634E+01   -.4561E+01   -.4494E+01   -.4430E+01   -.4370E+01   -.4311E+01   -.4258E+01   -.4206E+01   -.4158E+01   -.4113E+01   -.4070E+01   -.4029E+01   -.3991E+01   -.3955E+01   -.3921E+01   -.3890E+01   -.3858E+01   -.3830E+01   -.3802E+01   -.3777E+01   -.3750E+01   -.3728E+01   -.3704E+01   -.3683E+01   -.3662E+01   -.3643E+01   -.3623E+01   -.3606E+01   -.3589E+01   -.3573E+01   -.3558E+01   -.3543E+01   -.3529E+01   -.3515E+01   -.3503E+01   -.3490E+01   -.3479E+01   -.3468E+01   -.3458E+01   -.3448E+01   -.3439E+01   -.3429E+01   -.3421E+01   -.3413E+01   -.3405E+01   -.3398E+01   -.3391E+01   -.3384E+01   -.3378E+01   -.3372E+01   -.3366E+01   -.3360E+01   -.3355E+01   -.3350E+01   -.3345E+01   -.3341E+01   -.3336E+01
0.1146E+04   0.4000E+02   -.3502E+02   -.3502E+02   -.3503E+02   -.3503E+02   -.3504E+02   -.3505E+02   -.3505E+02   -.3506E+02   -.3507E+02   -.3508E+02   -.3509E+02   -.3510E+02   -.3511E+02   -.3512E+02   -.3513E+02   -.3515E+02   -.3516E+02   -.3518E+02   -.3520E+02   -.3522E+02   -.3525E+02   -.3528E+02   -.3532E+02   -.3536E+02   -.3541E+02   -.3547E+02   -.3555E+02   -.3564E+02   -.3574E+02   -.3587E+02   -.3600E+02   -.3616E+02   -.3624E+02   -.3629E+02   -.3594E+02   -.3548E+02   -.3316E+02   -.4834E+02   -.1733E+02   -.1105E+02   -.1143E+02   -.1026E+02   -.1015E+02   -.9525E+01   -.9177E+01   -.8744E+01   -.8399E+01   -.8076E+01   -.7789E+01   -.7522E+01   -.7284E+01   -.7063E+01   -.6862E+01   -.6672E+01   -.6495E+01   -.6326E+01   -.6169E+01   -.6016E+01   -.5873E+01   -.5733E+01   -.5605E+01   -.5482E+01   -.5367E+01   -.5256E+01   -.5152E+01   -.5051E+01   -.4959E+01   -.4869E+01   -.4786E+01   -.4706E+01   -.4632E+01   -.4560E+01   -.4495E+01   -.4429E+01   -.4369E+01   -.4311E+01   -.4257E+01   -.4207E+01   -.4158E+01   -.4112E+01   -.4068E+01   -.4029E+01   -.3990E+01   -.3954E+01   -.3921E+01   -.3889E+01   -.3858E+01   -.3830E+01   -.3801E+01   -.3776E+01   -.3750E+01   -.3727E+01   -.3703E+01   -.3683E+01   -.3661E+01   -.3642E+01   -.3623E+01   -.3606E+01   -.3588E+01   -.3573E+01   -.3557E+01   -.3543E+01   -.3528E+01   -.3516E+01   -.3503E+01   -.3491E+01   -.3479E+01   -.3468E+01   -.3458E+01   -.3448E+01   -.3438E+01   -.3429E+01   -.3421E+01   -.3413E+01   -.3405E+01   -.3398E+01   -.3390E+01   -.3384E+01   -.3377E+01   -.3371E+01   -.3365E+01   -.3360E+01   -.3355E+01   -.3350E+01   -.3345E+01   -.3340E+01   -.3336E+01   -.3332E+01
0.1147E+04   0.4033E+02   -.3502E+02   -.3502E+02   -.3503E+02   -.3503E+02   -.3504E+02   -.3505E+02   -.3506E+02   -.3506E+02   -.3507E+02   -.3508E+02   -.3509E+02   -.3510E+02   -.3512E+02   -.3513E+02   -.3514E+02   -.3516E+02   -.3518E+02   -.3520E+02   -.3522E+02   -.3525E+02   -.3528E+02   -.3532E+02   -.3536E+02   -.3541E+02   -.3547E+02   -.3555E+02   -.3563E+02   -.3574E+02   -.3587E+02   -.3600E+02   -.3616E+02   -.3624E+02   -.3629E+02   -.3594E+02   -.3548E+02   -.3316E+02   -.4834E+02   -.1733E+02   -.1105E+02   -.1143E+02   -.1026E+02   -.1015E+02   -.9525E+01   -.9177E+01   -.8744E+01   -.8399E+01   -.8076E+01   -.7789E+01   -.7522E+01   -.7284E+01   -.7063E+01   -.6862E+01   -.6672E+01   -.6495E+01   -.6326E+01   -.6169E+01   -.6016E+01   -.5873E+01   -.5734E+01   -.5605E+01   -.5484E+01   -.5368E+01   -.5255E+01   -.5152E+01   -.5051E+01   -.4959E+01   -.4869E+01   -.4786E+01   -.4706E+01   -.4633E+01   -.4561E+01   -.4494E+01   -.4430E+01   -.4369E+01   -.4311E+01   -.4257E+01   -.4206E+01   -.4158E+01   -.4112E+01   -.4068E+01   -.4028E+01   -.3990E+01   -.3954E+01   -.3920E+01   -.3889E+01   -.3858E+01   -.3829E+01   -.3802E+01   -.3775E+01   -.3751E+01   -.3727E+01   -.3703E+01   -.3683E+01   -.3661E+01   -.3642E+01   -.3623E+01   -.3605E+01   -.3588E+01   -.3572E+01   -.3556E+01   -.3542E+01   -.3528E+01   -.3515E+01   -.3502E+01   -.3490E+01   -.3479E+01   -.3468E+01   -.3458E+01   -.3448E+01   -.3438E+01   -.3429E+01   -.3421E+01   -.3413E+01   -.3405E+01   -.3397E+01   -.3390E+01   -.3383E+01   -.3377E+01   -.3371E+01   -.3365E+01   -.3360E+01   -.3355E+01   -.3349E+01   -.3345E+01   -.3340E+01   -.3336E+01   -.3332E+01   -.3328E+01
0.1148E+04   0.4067E+02   -.3502E+02   -.3502E+02   -.3503E+02   -.3504E+02   -.3504E+02   -.3505E+02   -.3506E+02   -.3507E+02   -.3508E+02   -.3509E+02   -.3510E+02   -.3511E+02   -.3513E+02   -.3514E+02   -.3516E+02   -.3518E+02   -.3520E+02   -.3522E+02   -.3525E+02   -.3528E+02   -.3532E+02   -.3536E+02   -.3541E+02   -.3547E+02   -.3554E+02   -.3563E+02   -.3574E+02   -.3586E+02   -.3600E+02   -.3615E+02   -.3624E+02   -.3628E+02   -.3594E+02   -.3548E+02   -.3316E+02   -.4834E+02   -.1733E+02   -.1105E+02   -.1143E+02   -.1026E+02   -.1015E+02   -.9524E+01   -.9177E+01   -.8744E+01   -.8399E+01   -.8076E+01   -.7789E+01   -.7522E+01   -.7284E+01   -.7063E+01   -.6862E+01   -.6672E+01   -.6496E+01   -.6326E+01   -.6169E+01   -.6016E+01   -.5873E+01   -.5734E+01   -.5606E+01   -.5482E+01   -.5366E+01   -.5256E+01   -.5152E+01   -.5051E+01   -.4959E+01   -.4869E+01   -.4786E+01   -.4706E+01   -.4632E+01   -.4560E+01   -.4494E+01   -.4431E+01   -.4368E+01   -.4310E+01   -.4258E+01   -.4206E+01   -.4157E+01   -.4112E+01   -.4068E+01   -.4029E+01   -.3990E+01   -.3954E+01   -.3919E+01   -.3888E+01   -.3858E+01   -.3829E+01   -.3802E+01   -.3775E+01   -.3751E+01   -.3726E+01   -.3704E+01   -.3682E+01   -.3661E+01   -.3641E+01   -.3623E+01   -.3604E+01   -.3588E+01   -.3571E+01   -.3556E+01   -.3541E+01   -.3528E+01   -.3515E+01   -.3502E+01   -.3490E+01   -.3479E+01   -.3468E+01   -.3458E+01   -.3448E+01   -.3438E+01   -.3429E+01   -.3421E+01   -.3412E+01   -.3405E+01   -.3397E+01   -.3390E+01   -.3383E+01   -.3377E+01   -.3371E+01   -.3365E+01   -.3360E+01   -.3354E+01   -.3349E+01   -.3344E+01   -.3340E+01   -.3336E+01   -.3331E+01   -.3327E+01   -.3324E+01
0.1149E+04   0.4100E+02   -.3502E+02   -.3503E+02   -.3503E+02   -.3504E+02   -.3505E+02   -.3506E+02   -.3507E+02   -.3508E+02   -.3509E+02   -.3510E+02   -.3511E+02   -.3512E+02   -.3514E+02   -.3515E+02   -.3517E+02   -.3519E+02   -.3522E+02   -.3524E+02   -.3528E+02   -.3531E+02   -.3536E+02   -.3541E+02   -.3547E+02   -.3554E+02   -.3563E+02   -.3574E+02   -.3586E+02   -.3600E+02   -.3615E+02   -.3624E+02   -.3628E+02   -.3594E+02   -.3548E+02   -.3316E+02   -.4834E+02   -.1733E+02   -.1105E+02   -.1143E+02   -.1026E+02   -.1015E+02   -.9524E+01   -.9177E+01   -.8744E+01   -.8399E+01   -.8076E+01   -.7789E+01   -.7522E+01   -.7284E+01   -.7064E+01   -.6862E+01   -.6672E+01   -.6496E+01   -.6326E+01   -.6169E+01   -.6016E+01   -.5873E+01   -.5734E+01   -.5606E+01   -.5482E+01   -.5367E+01   -.5256E+01   -.5152E+01   -.5051E+01   -.4959E+01   -.4869E+01   -.4786E+01   -.4706E+01   -.4632E+01   -.4560E+01   -.4494E+01   -.4430E+01   -.4368E+01   -.4310E+01   -.4257E+01   -.4205E+01   -.4157E+01   -.4111E+01   -.4068E+01   -.4027E+01   -.3990E+01   -.3953E+01   -.3920E+01   -.3888E+01   -.3858E+01   -.3829E+01   -.3802E+01   -.3775E+01   -.3751E+01   -.3726E+01   -.3704E+01   -.3682E+01   -.3661E+01   -.3642E+01   -.3622E+01   -.3605E+01   -.3588E+01   -.3572E+01   -.3556E+01   -.3542E+01   -.3528E+01   -.3515E+01   -.3502E+01   -.3490E+01   -.3479E+01   -.3468E+01   -.3457E+01   -.3447E+01   -.3438E+01   -.3429E+01   -.3421E+01   -.3412E+01   -.3405E+01   -.3397E+01   -.3390E+01   -.3383E+01   -.3377E+01   -.3371E+01   -.3365E+01   -.3359E+01   -.3354E+01   -.3349E+01   -.3344E+01   -.3340E+01   -.3335E+01   -.3331E+01   -.3327E+01   -.3324E+01   -.3320E+01
0.1150E+04   0.4133E+02   -.3502E+02   -.3503E+02   -.3504E+02   -.3504E+02   -.3505E+02   -.3506E+02   -.3507E+02   -.3508E+02   -.3509E+02   -.3511E+02   -.3512E+02   -.3513E+02   -.3515E+02   -.3517E+02   -.3519E+02   -.3521E+02   -.3524E+02   -.3527E+02   -.3531E+02   -.3535E+02   -.3541E+02   -.3547E+02   -.3554E+02   -.3563E+02   -.3573E+02   -.3586E+02   -.3600E+02   -.3615E+02   -.3624E+02   -.3628E+02   -.3594E+02   -.3548E+02   -.3316E+02   -.4834E+02   -.1733E+02   -.1105E+02   -.1143E+02   -.1026E+02   -.1015E+02   -.9524E+01   -.9176E+01   -.8744E+01   -.8398E+01   -.8076E+01   -.7789E+01   -.7522E+01   -.7284E+01   -.7063E+01   -.6862E+01   -.6672E+01   -.6496E+01   -.6326E+01   -.6169E+01   -.6016E+01   -.5873E+01   -.5733E+01   -.5606E+01   -.5482E+01   -.5367E+01   -.5256E+01   -.5152E+01   -.5051E+01   -.4959E+01   -.4869E+01   -.4786E+01   -.4706E+01   -.4632E+01   -.4560E+01   -.4494E+01   -.4429E+01   -.4368E+01   -.4311E+01   -.4257E+01   -.4205E+01   -.4157E+01   -.4112E+01   -.4067E+01   -.4027E+01   -.3989E+01   -.3953E+01   -.3920E+01   -.3888E+01   -.3859E+01   -.3829E+01   -.3802E+01   -.3775E+01   -.3751E+01   -.3726E+01   -.3704E+01   -.3683E+01   -.3661E+01   -.3642E+01   -.3622E+01   -.3605E+01   -.3588E+01   -.3572E+01   -.3556E+01   -.3542E+01   -.3527E+01   -.3514E+01   -.3502E+01   -.3490E+01   -.3478E+01   -.3467E+01   -.3457E+01   -.3447E+01   -.3438E+01   -.3428E+01   -.3420E+01   -.3412E+01   -.3404E+01   -.3397E+01   -.3390E+01   -.3383E+01   -.3377E+01   -.3370E+01   -.3365E+01   -.3359E+01   -.3354E+01   -.3348E+01   -.3344E+01   -.3339E+01   -.3335E+01   -.3331E+01   -.3327E+01   -.3323E+01   -.3320E+01   -.3317E+01
0.1151E+04   0.4167E+02   -.3502E+02   -.3503E+02   -.3504E+02   -.3505E+02   -.3506E+02   -.3507E+02   -.3508E+02   -.3509E+02   -.3510E+02   -.3512E+02   -.3513E+02   -.3515E+02   -.3517E+02   -.3519E+02   -.3521E+02   -.3524E+02   -.3527E+02   -.3531E+02   -.3535E+02   -.3540E+02   -.3546E+02   -.3554E+02   -.3563E+02   -.3573E+02   -.3586E+02   -.3600E+02   -.3615E+02   -.3623E+02   -.3628E+02   -.3594E+02   -.3547E+02   -.3316E+02   -.4834E+02   -.1733E+02   -.1105E+02   -.1143E+02   -.1025E+02   -.1015E+02   -.9524E+01   -.9176E+01   -.8743E+01   -.8398E+01   -.8076E+01   -.7788E+01   -.7522E+01   -.7284E+01   -.7063E+01   -.6862E+01   -.6672E+01   -.6495E+01   -.6326E+01   -.6169E+01   -.6016E+01   -.5873E+01   -.5733E+01   -.5606E+01   -.5482E+01   -.5367E+01   -.5256E+01   -.5152E+01   -.5051E+01   -.4959E+01   -.4869E+01   -.4786E+01   -.4705E+01   -.4631E+01   -.4561E+01   -.4494E+01   -.4429E+01   -.4369E+01   -.4310E+01   -.4257E+01   -.4205E+01   -.4157E+01   -.4111E+01   -.4068E+01   -.4027E+01   -.3990E+01   -.3954E+01   -.3920E+01   -.3887E+01   -.3858E+01   -.3828E+01   -.3802E+01   -.3775E+01   -.3750E+01   -.3727E+01   -.3703E+01   -.3682E+01   -.3661E+01   -.3642E+01   -.3622E+01   -.3605E+01   -.3588E+01   -.3572E+01   -.3556E+01   -.3541E+01   -.3527E+01   -.3514E+01   -.3501E+01   -.3489E+01   -.3478E+01   -.3467E+01   -.3456E+01   -.3446E+01   -.3437E+01   -.3428E+01   -.3420E+01   -.3411E+01   -.3404E+01   -.3396E+01   -.3389E+01   -.3382E+01   -.3376E+01   -.3370E+01   -.3364E+01   -.3358E+01   -.3353E+01   -.3348E+01   -.3343E+01   -.3339E+01   -.3334E+01   -.3330E+01   -.3326E+01   -.3323E+01   -.3319E+01   -.3316E+01   -.3314E+01
0.1152E+04   0.4200E+02   -.3502E+02   -.3503E+02   -.3504E+02   -.3505E+02   -.3506E+02   -.3507E+02   -.3508E+02   -.3510E+02   -.3511E+02   -.3513E+02   -.3514E+02   -.3516E+02   -.3518E+02   -.3521E+02   -.3524E+02   -.3527E+02   -.3531E+02   -.3535E+02   -.3540E+02   -.3546E+02   -.3554E+02   -.3562E+02   -.3573E+02   -.3586E+02   -.3600E+02   -.3615E+02   -.3623E+02   -.3628E+02   -.3593E+02   -.3547E+02   -.3316E+02   -.4833E+02   -.1733E+02   -.1105E+02   -.1143E+02   -.1025E+02   -.1015E+02   -.9523E+01   -.9176E+01   -.8743E+01   -.8398E+01   -.8076E+01   -.7788E+01   -.7521E+01   -.7284E+01   -.7063E+01   -.6862E+01   -.6672E+01   -.6495E+01   -.6326E+01   -.6169E+01   -.6016E+01   -.5872E+01   -.5734E+01   -.5606E+01   -.5482E+01   -.5366E+01   -.5256E+01   -.5152E+01   -.5051E+01   -.4958E+01   -.4869E+01   -.4785E+01   -.4705E+01   -.4632E+01   -.4561E+01   -.4492E+01   -.4429E+01   -.4369E+01   -.4310E+01   -.4257E+01   -.4205E+01   -.4157E+01   -.4111E+01   -.4068E+01   -.4027E+01   -.3989E+01   -.3952E+01   -.3920E+01   -.3887E+01   -.3857E+01   -.3828E+01   -.3800E+01   -.3775E+01   -.3750E+01   -.3726E+01   -.3703E+01   -.3682E+01   -.3661E+01   -.3641E+01   -.3622E+01   -.3605E+01   -.3587E+01   -.3571E+01   -.3556E+01   -.3541E+01   -.3527E+01   -.3514E+01   -.3501E+01   -.3489E+01   -.3477E+01   -.3466E+01   -.3456E+01   -.3446E+01   -.3436E+01   -.3427E+01   -.3419E+01   -.3410E+01   -.3403E+01   -.3395E+01   -.3388E+01   -.3381E+01   -.3375E+01   -.3369E+01   -.3363E+01   -.3358E+01   -.3352E+01   -.3347E+01   -.3342E+01   -.3338E+01   -.3334E+01   -.3330E+01   -.3326E+01   -.3322E+01   -.3318E+01   -.3315E+01   -.3313E+01   -.3310E+01
0.1153E+04   0.4233E+02   -.3503E+02   -.3504E+02   -.3505E+02   -.3506E+02   -.3507E+02   -.3508E+02   -.3509E+02   -.3511E+02   -.3512E+02   -.3514E+02   -.3516E+02   -.3518E+02   -.3520E+02   -.3523E+02   -.3526E+02   -.3530E+02   -.3535E+02   -.3540E+02   -.3546E+02   -.3553E+02   -.3562E+02   -.3573E+02   -.3585E+02   -.3599E+02   -.3615E+02   -.3623E+02   -.3628E+02   -.3593E+02   -.3547E+02   -.3316E+02   -.4833E+02   -.1732E+02   -.1105E+02   -.1143E+02   -.1025E+02   -.1015E+02   -.9523E+01   -.9176E+01   -.8743E+01   -.8398E+01   -.8075E+01   -.7788E+01   -.7521E+01   -.7284E+01   -.7062E+01   -.6861E+01   -.6671E+01   -.6495E+01   -.6326E+01   -.6168E+01   -.6015E+01   -.5872E+01   -.5734E+01   -.5606E+01   -.5481E+01   -.5366E+01   -.5255E+01   -.5151E+01   -.5050E+01   -.4958E+01   -.4868E+01   -.4785E+01   -.4705E+01   -.4632E+01   -.4560E+01   -.4492E+01   -.4430E+01   -.4370E+01   -.4311E+01   -.4256E+01   -.4204E+01   -.4157E+01   -.4110E+01   -.4067E+01   -.4027E+01   -.3989E+01   -.3953E+01   -.3919E+01   -.3886E+01   -.3857E+01   -.3827E+01   -.3800E+01   -.3774E+01   -.3749E+01   -.3725E+01   -.3702E+01   -.3680E+01   -.3659E+01   -.3640E+01   -.3621E+01   -.3604E+01   -.3586E+01   -.3571E+01   -.3555E+01   -.3540E+01   -.3526E+01   -.3513E+01   -.3500E+01   -.3488E+01   -.3477E+01   -.3465E+01   -.3455E+01   -.3445E+01   -.3435E+01   -.3426E+01   -.3418E+01   -.3409E+01   -.3402E+01   -.3394E+01   -.3387E+01   -.3380E+01   -.3374E+01   -.3368E+01   -.3362E+01   -.3356E+01   -.3351E+01   -.3346E+01   -.3341E+01   -.3337E+01   -.3333E+01   -.3328E+01   -.3325E+01   -.3321E+01   -.3317E+01   -.3314E+01   -.3311E+01   -.3309E+01   -.3307E+01
0.1154E+04   0.4267E+02   -.3503E+02   -.3504E+02   -.3505E+02   -.3506E+02   -.3507E+02   -.3509E+02   -.3510E+02   -.3512E+02   -.3513E+02   -.3515E+02   -.3517E+02   -.3520E+02   -.3523E+02   -.3526E+02   -.3530E+02   -.3534E+02   -.3539E+02   -.3546E+02   -.3553E+02   -.3562E+02   -.3572E+02   -.3585E+02   -.3599E+02   -.3614E+02   -.3623E+02   -.3628E+02   -.3593E+02   -.3547E+02   -.3316E+02   -.4833E+02   -.1732E+02   -.1105E+02   -.1142E+02   -.1025E+02   -.1015E+02   -.9523E+01   -.9175E+01   -.8742E+01   -.8397E+01   -.8074E+01   -.7787E+01   -.7520E+01   -.7283E+01   -.7061E+01   -.6860E+01   -.6670E+01   -.6494E+01   -.6325E+01   -.6168E+01   -.6016E+01   -.5872E+01   -.5733E+01   -.5605E+01   -.5482E+01   -.5367E+01   -.5254E+01   -.5150E+01   -.5050E+01   -.4957E+01   -.4868E+01   -.4785E+01   -.4705E+01   -.4631E+01   -.4559E+01   -.4492E+01   -.4428E+01   -.4367E+01   -.4310E+01   -.4256E+01   -.4203E+01   -.4155E+01   -.4108E+01   -.4065E+01   -.4025E+01   -.3988E+01   -.3951E+01   -.3918E+01   -.3886E+01   -.3856E+01   -.3826E+01   -.3799E+01   -.3772E+01   -.3747E+01   -.3724E+01   -.3701E+01   -.3679E+01   -.3658E+01   -.3639E+01   -.3620E+01   -.3602E+01   -.3585E+01   -.3569E+01   -.3554E+01   -.3539E+01   -.3525E+01   -.3511E+01   -.3499E+01   -.3487E+01   -.3475E+01   -.3464E+01   -.3454E+01   -.3443E+01   -.3434E+01   -.3425E+01   -.3416E+01   -.3408E+01   -.3400E+01   -.3393E+01   -.3386E+01   -.3379E+01   -.3373E+01   -.3366E+01   -.3361E+01   -.3355E+01   -.3350E+01   -.3345E+01   -.3340E+01   -.3335E+01   -.3331E+01   -.3327E+01   -.3323E+01   -.3319E+01   -.3315E+01   -.3312E+01   -.3309E+01   -.3307E+01   -.3305E+01   -.3303E+01
0.1155E+04   0.4300E+02   -.3503E+02   -.3504E+02   -.3505E+02   -.3507E+02   -.3508E+02   -.3509E+02   -.3511E+02   -.3513E+02   -.3515E+02   -.3517E+02   -.3519E+02   -.3522E+02   -.3526E+02   -.3529E+02   -.3534E+02   -.3539E+02   -.3545E+02   -.3553E+02   -.3562E+02   -.3572E+02   -.3585E+02   -.3599E+02   -.3614E+02   -.3623E+02   -.3627E+02   -.3593E+02   -.3547E+02   -.3315E+02   -.4833E+02   -.1732E+02   -.1105E+02   -.1142E+02   -.1025E+02   -.1015E+02   -.9522E+01   -.9175E+01   -.8740E+01   -.8396E+01   -.8072E+01   -.7786E+01   -.7517E+01   -.7282E+01   -.7058E+01   -.6859E+01   -.6667E+01   -.6492E+01   -.6323E+01   -.6166E+01   -.6014E+01   -.5872E+01   -.5733E+01   -.5603E+01   -.5480E+01   -.5366E+01   -.5252E+01   -.5148E+01   -.5047E+01   -.4955E+01   -.4865E+01   -.4782E+01   -.4702E+01   -.4628E+01   -.4557E+01   -.4491E+01   -.4425E+01   -.4365E+01   -.4307E+01   -.4254E+01   -.4201E+01   -.4152E+01   -.4106E+01   -.4064E+01   -.4022E+01   -.3985E+01   -.3949E+01   -.3915E+01   -.3883E+01   -.3853E+01   -.3824E+01   -.3796E+01   -.3769E+01   -.3745E+01   -.3721E+01   -.3698E+01   -.3676E+01   -.3655E+01   -.3636E+01   -.3616E+01   -.3600E+01   -.3582E+01   -.3566E+01   -.3551E+01   -.3536E+01   -.3522E+01   -.3509E+01   -.3496E+01   -.3484E+01   -.3472E+01   -.3461E+01   -.3451E+01   -.3441E+01   -.3431E+01   -.3422E+01   -.3413E+01   -.3405E+01   -.3397E+01   -.3390E+01   -.3383E+01   -.3376E+01   -.3370E+01   -.3364E+01   -.3358E+01   -.3352E+01   -.3347E+01   -.3342E+01   -.3337E+01   -.3332E+01   -.3328E+01   -.3324E+01   -.3320E+01   -.3316E+01   -.3312E+01   -.3309E+01   -.3306E+01   -.3303E+01   -.3301E+01   -.3299E+01   -.3297E+01
0.1156E+04   0.4333E+02   -.3503E+02   -.3505E+02   -.3506E+02   -.3507E+02   -.3509E+02   -.3510E+02   -.3512E+02   -.3514E+02   -.3516E+02   -.3519E+02   -.3522E+02   -.3525E+02   -.3529E+02   -.3533E+02   -.3539E+02   -.3545E+02   -.3552E+02   -.3561E+02   -.3572E+02   -.3585E+02   -.3598E+02   -.3614E+02   -.3622E+02   -.3627E+02   -.3593E+02   -.3547E+02   -.3315E+02   -.4832E+02   -.1732E+02   -.1105E+02   -.1142E+02   -.1025E+02   -.1015E+02   -.9521E+01   -.9177E+01   -.8742E+01   -.8397E+01   -.8074E+01   -.7785E+01   -.7516E+01   -.7279E+01   -.7056E+01   -.6855E+01   -.6664E+01   -.6489E+01   -.6319E+01   -.6163E+01   -.6011E+01   -.5870E+01   -.5733E+01   -.5603E+01   -.5480E+01   -.5363E+01   -.5251E+01   -.5147E+01   -.5046E+01   -.4953E+01   -.4863E+01   -.4780E+01   -.4700E+01   -.4627E+01   -.4555E+01   -.4486E+01   -.4423E+01   -.4363E+01   -.4304E+01   -.4250E+01   -.4197E+01   -.4149E+01   -.4103E+01   -.4060E+01   -.4019E+01   -.3980E+01   -.3945E+01   -.3912E+01   -.3879E+01   -.3849E+01   -.3819E+01   -.3792E+01   -.3766E+01   -.3741E+01   -.3717E+01   -.3694E+01   -.3673E+01   -.3651E+01   -.3632E+01   -.3613E+01   -.3595E+01   -.3577E+01   -.3562E+01   -.3546E+01   -.3531E+01   -.3517E+01   -.3504E+01   -.3491E+01   -.3479E+01   -.3468E+01   -.3457E+01   -.3446E+01   -.3437E+01   -.3427E+01   -.3418E+01   -.3409E+01   -.3401E+01   -.3393E+01   -.3386E+01   -.3379E+01   -.3372E+01   -.3366E+01   -.3359E+01   -.3354E+01   -.3348E+01   -.3343E+01   -.3338E+01   -.3333E+01   -.3328E+01   -.3324E+01   -.3320E+01   -.3316E+01   -.3312E+01   -.3308E+01   -.3305E+01   -.3302E+01   -.3299E+01   -.3296E+01   -.3294E+01   -.3293E+01   -.3291E+01
0.1157E+04   0.4367E+02   -.3504E+02   -.3505E+02   -.3506E+02   -.3508E+02   -.3510E+02   -.3511E+02   -.3513E+02   -.3516E+02   -.3518E+02   -.3521E+02   -.3524E+02   -.3528E+02   -.3533E+02   -.3538E+02   -.3544E+02   -.3552E+02   -.3561E+02   -.3571E+02   -.3584E+02   -.3598E+02   -.3613E+02   -.3622E+02   -.3627E+02   -.3592E+02   -.3546E+02   -.3315E+02   -.4832E+02   -.1733E+02   -.1105E+02   -.1143E+02   -.1026E+02   -.1016E+02   -.9526E+01   -.9181E+01   -.8743E+01   -.8396E+01   -.8060E+01   -.7775E+01   -.7499E+01   -.7269E+01   -.7038E+01   -.6843E+01   -.6644E+01   -.6473E+01   -.6298E+01   -.6146E+01   -.5990E+01   -.5852E+01   -.5712E+01   -.5588E+01   -.5461E+01   -.5348E+01   -.5233E+01   -.5134E+01   -.5029E+01   -.4939E+01   -.4847E+01   -.4767E+01   -.4685E+01   -.4613E+01   -.4539E+01   -.4473E+01   -.4408E+01   -.4350E+01   -.4289E+01   -.4237E+01   -.4183E+01   -.4137E+01   -.4089E+01   -.4047E+01   -.4005E+01   -.3969E+01   -.3931E+01   -.3899E+01   -.3866E+01   -.3836E+01   -.3807E+01   -.3779E+01   -.3753E+01   -.3727E+01   -.3704E+01   -.3681E+01   -.3659E+01   -.3638E+01   -.3619E+01   -.3599E+01   -.3582E+01   -.3564E+01   -.3548E+01   -.3533E+01   -.3519E+01   -.3504E+01   -.3491E+01   -.3478E+01   -.3467E+01   -.3455E+01   -.3444E+01   -.3434E+01   -.3423E+01   -.3414E+01   -.3405E+01   -.3396E+01   -.3388E+01   -.3380E+01   -.3373E+01   -.3366E+01   -.3359E+01   -.3353E+01   -.3346E+01   -.3341E+01   -.3335E+01   -.3330E+01   -.3325E+01   -.3320E+01   -.3316E+01   -.3312E+01   -.3307E+01   -.3304E+01   -.3300E+01   -.3296E+01   -.3293E+01   -.3290E+01   -.3287E+01   -.3285E+01   -.3282E+01   -.3281E+01   -.3279E+01   -.3277E+01
0.1158E+04   0.4400E+02   -.3504E+02   -.3506E+02   -.3507E+02   -.3509E+02   -.3511E+02   -.3513E+02   -.3515E+02   -.3518E+02   -.3520E+02   -.3524E+02   -.3528E+02   -.3532E+02   -.3537E+02   -.3544E+02   -.3551E+02   -.3560E+02   -.3571E+02   -.3584E+02   -.3597E+02   -.3613E+02   -.3621E+02   -.3626E+02   -.3592E+02   -.3546E+02   -.3316E+02   -.4832E+02   -.1730E+02   -.1102E+02   -.1138E+02   -.1021E+02   -.1011E+02   -.9479E+01   -.9132E+01   -.8697E+01   -.8352E+01   -.8019E+01   -.7735E+01   -.7461E+01   -.7227E+01   -.6998E+01   -.6803E+01   -.6603E+01   -.6433E+01   -.6259E+01   -.6109E+01   -.5949E+01   -.5815E+01   -.5671E+01   -.5550E+01   -.5422E+01   -.5312E+01   -.5196E+01   -.5097E+01   -.4992E+01   -.4904E+01   -.4811E+01   -.4730E+01   -.4648E+01   -.4577E+01   -.4502E+01   -.4438E+01   -.4372E+01   -.4314E+01   -.4252E+01   -.4202E+01   -.4148E+01   -.4101E+01   -.4054E+01   -.4012E+01   -.3971E+01   -.3934E+01   -.3897E+01   -.3865E+01   -.3831E+01   -.3802E+01   -.3771E+01   -.3745E+01   -.3718E+01   -.3693E+01   -.3669E+01   -.3646E+01   -.3625E+01   -.3604E+01   -.3585E+01   -.3566E+01   -.3548E+01   -.3531E+01   -.3514E+01   -.3499E+01   -.3484E+01   -.3471E+01   -.3457E+01   -.3444E+01   -.3432E+01   -.3421E+01   -.3410E+01   -.3399E+01   -.3389E+01   -.3380E+01   -.3371E+01   -.3363E+01   -.3354E+01   -.3347E+01   -.3339E+01   -.3332E+01   -.3325E+01   -.3319E+01   -.3313E+01   -.3307E+01   -.3302E+01   -.3297E+01   -.3292E+01   -.3288E+01   -.3283E+01   -.3279E+01   -.3275E+01   -.3272E+01   -.3268E+01   -.3265E+01   -.3262E+01   -.3259E+01   -.3257E+01   -.3254E+01   -.3252E+01   -.3250E+01   -.3248E+01   -.3247E+01   -.3245E+01
0.1159E+04   0.4433E+02   -.3505E+02   -.3506E+02   -.3508E+02   -.3510E+02   -.3512E+02   -.3514E+02   -.3517E+02   -.3520E+02   -.3523E+02   -.3527E+02   -.3531E+02   -.3537E+02   -.3543E+02   -.3551E+02   -.3560E+02   -.3570E+02   -.3583E+02   -.3597E+02   -.3613E+02   -.3621E+02   -.3626E+02   -.3591E+02   -.3546E+02   -.3315E+02   -.4831E+02   -.1741E+02   -.1113E+02   -.1156E+02   -.1040E+02   -.1032E+02   -.9693E+01   -.9352E+01   -.8924E+01   -.8605E+01   -.8288E+01   -.8012E+01   -.7747E+01   -.7512E+01   -.7295E+01   -.7097E+01   -.6906E+01   -.6733E+01   -.6564E+01   -.6407E+01   -.6253E+01   -.6115E+01   -.5975E+01   -.5851E+01   -.5728E+01   -.5616E+01   -.5502E+01   -.5402E+01   -.5298E+01   -.5209E+01   -.5116E+01   -.5036E+01   -.4954E+01   -.4882E+01   -.4808E+01   -.4745E+01   -.4677E+01   -.4620E+01   -.4559E+01   -.4508E+01   -.4455E+01   -.4408E+01   -.4360E+01   -.4318E+01   -.4276E+01   -.4240E+01   -.4203E+01   -.4171E+01   -.4137E+01   -.4108E+01   -.4079E+01   -.4050E+01   -.4025E+01   -.3999E+01   -.3976E+01   -.3953E+01   -.3932E+01   -.3911E+01   -.3891E+01   -.3872E+01   -.3854E+01   -.3837E+01   -.3821E+01   -.3805E+01   -.3791E+01   -.3776E+01   -.3763E+01   -.3751E+01   -.3738E+01   -.3727E+01   -.3716E+01   -.3705E+01   -.3696E+01   -.3686E+01   -.3677E+01   -.3669E+01   -.3660E+01   -.3653E+01   -.3645E+01   -.3638E+01   -.3632E+01   -.3625E+01   -.3619E+01   -.3614E+01   -.3609E+01   -.3603E+01   -.3599E+01   -.3595E+01   -.3590E+01   -.3587E+01   -.3583E+01   -.3580E+01   -.3576E+01   -.3573E+01   -.3571E+01   -.3568E+01   -.3566E+01   -.3563E+01   -.3561E+01   -.3559E+01   -.3558E+01   -.3556E+01   -.3554E+01   -.3553E+01
0.1160E+04   0.4467E+02   -.3505E+02   -.3507E+02   -.3509E+02   -.3511E+02   -.3513E+02   -.3516E+02   -.3519E+02   -.3522E+02   -.3526E+02   -.3531E+02   -.3536E+02   -.3542E+02   -.3550E+02   -.3559E+02   -.3570E+02   -.3582E+02   -.3596E+02   -.3612E+02   -.3621E+02   -.3625E+02   -.3591E+02   -.3545E+02   -.3314E+02   -.4830E+02   -.1729E+02   -.1116E+02   -.1149E+02   -.1037E+02   -.1028E+02   -.9674E+01   -.9341E+01   -.8922E+01   -.8597E+01   -.8288E+01   -.8025E+01   -.7765E+01   -.7538E+01   -.7333E+01   -.7133E+01   -.6951E+01   -.6776E+01   -.6612E+01   -.6453E+01   -.6308E+01   -.6162E+01   -.6031E+01   -.5900E+01   -.5782E+01   -.5664E+01   -.5557E+01   -.5452E+01   -.5354E+01   -.5260E+01   -.5173E+01   -.5091E+01   -.5012E+01   -.4935E+01   -.4865E+01   -.4799E+01   -.4738E+01   -.4675E+01   -.4619E+01   -.4563E+01   -.4513E+01   -.4464E+01   -.4420E+01   -.4376E+01   -.4337E+01   -.4299E+01   -.4263E+01   -.4229E+01   -.4198E+01   -.4167E+01   -.4138E+01   -.4111E+01   -.4084E+01   -.4060E+01   -.4035E+01   -.4013E+01   -.3991E+01   -.3970E+01   -.3950E+01   -.3933E+01   -.3914E+01   -.3898E+01   -.3881E+01   -.3866E+01   -.3851E+01   -.3837E+01   -.3824E+01   -.3811E+01   -.3799E+01   -.3787E+01   -.3777E+01   -.3766E+01   -.3757E+01   -.3747E+01   -.3738E+01   -.3729E+01   -.3721E+01   -.3713E+01   -.3706E+01   -.3699E+01   -.3692E+01   -.3685E+01   -.3679E+01   -.3674E+01   -.3668E+01   -.3664E+01   -.3659E+01   -.3655E+01   -.3651E+01   -.3647E+01   -.3644E+01   -.3641E+01   -.3638E+01   -.3635E+01   -.3632E+01   -.3630E+01   -.3627E+01   -.3625E+01   -.3624E+01   -.3622E+01   -.3620E+01   -.3619E+01   -.3617E+01   -.3616E+01   -.3614E+01
0.1161E+04   0.4500E+02   -.3506E+02   -.3508E+02   -.3510E+02   -.3512E+02   -.3515E+02   -.3518E+02   -.3521E+02   -.3525E+02   -.3530E+02   -.3535E+02   -.3542E+02   -.3549E+02   -.3558E+02   -.3569E+02   -.3582E+02   -.3596E+02   -.3611E+02   -.3620E+02   -.3625E+02   -.3590E+02   -.3545E+02   -.3314E+02   -.4829E+02   -.1740E+02   -.9250E+01   -.9598E+01   -.8523E+01   -.8444E+01   -.7841E+01   -.7511E+01   -.7086E+01   -.6755E+01   -.6436E+01   -.6177E+01   -.5929E+01   -.5713E+01   -.5502E+01   -.5311E+01   -.5128E+01   -.4957E+01   -.4788E+01   -.4638E+01   -.4487E+01   -.4349E+01   -.4213E+01   -.4087E+01   -.3965E+01   -.3851E+01   -.3743E+01   -.3638E+01   -.3539E+01   -.3446E+01   -.3359E+01   -.3277E+01   -.3198E+01   -.3125E+01   -.3055E+01   -.2987E+01   -.2924E+01   -.2863E+01   -.2807E+01   -.2754E+01   -.2702E+01   -.2653E+01   -.2609E+01   -.2566E+01   -.2527E+01   -.2488E+01   -.2453E+01   -.2420E+01   -.2388E+01   -.2357E+01   -.2329E+01   -.2302E+01   -.2275E+01   -.2251E+01   -.2226E+01   -.2204E+01   -.2182E+01   -.2162E+01   -.2141E+01   -.2124E+01   -.2105E+01   -.2089E+01   -.2072E+01   -.2057E+01   -.2042E+01   -.2028E+01   -.2015E+01   -.2003E+01   -.1990E+01   -.1979E+01   -.1968E+01   -.1958E+01   -.1948E+01   -.1938E+01   -.1929E+01   -.1921E+01   -.1912E+01   -.1905E+01   -.1897E+01   -.1890E+01   -.1883E+01   -.1877E+01   -.1871E+01   -.1865E+01   -.1860E+01   -.1855E+01   -.1850E+01   -.1846E+01   -.1842E+01   -.1838E+01   -.1835E+01   -.1832E+01   -.1829E+01   -.1826E+01   -.1823E+01   -.1821E+01   -.1819E+01   -.1817E+01   -.1815E+01   -.1813E+01   -.1812E+01   -.1810E+01   -.1809E+01   -.1807E+01   -.1806E+01   -.1805E+01
0.1162E+04   0.4533E+02   -.3506E+02   -.3508E+02   -.3511E+02   -.3514E+02   -.3517E+02   -.3520E+02   -.3524E+02   -.3529E+02   -.3534E+02   -.3541E+02   -.3548E+02   -.3557E+02   -.3568E+02   -.3581E+02   -.3595E+02   -.3611E+02   -.3619E+02   -.3624E+02   -.3590E+02   -.3544E+02   -.3313E+02   -.4829E+02   -.1730E+02   -.1104E+02   -.1143E+02   -.1032E+02   -.1026E+02   -.9650E+01   -.9324E+01   -.8903E+01   -.8564E+01   -.8250E+01   -.7975E+01   -.7717E+01   -.7502E+01   -.7287E+01   -.7096E+01   -.6911E+01   -.6739E+01   -.6571E+01   -.6416E+01   -.6268E+01   -.6128E+01   -.5992E+01   -.5866E+01   -.5743E+01   -.5629E+01   -.5517E+01   -.5414E+01   -.5314E+01   -.5222E+01   -.5133E+01   -.5050E+01   -.4972E+01   -.4899E+01   -.4828E+01   -.4761E+01   -.4697E+01   -.4637E+01   -.4579E+01   -.4525E+01   -.4474E+01   -.4425E+01   -.4379E+01   -.4336E+01   -.4296E+01   -.4259E+01   -.4223E+01   -.4189E+01   -.4157E+01   -.4126E+01   -.4098E+01   -.4070E+01   -.4044E+01   -.4019E+01   -.3995E+01   -.3973E+01   -.3951E+01   -.3930E+01   -.3910E+01   -.3891E+01   -.3873E+01   -.3856E+01   -.3840E+01   -.3825E+01   -.3809E+01   -.3796E+01   -.3782E+01   -.3770E+01   -.3757E+01   -.3746E+01   -.3735E+01   -.3725E+01   -.3715E+01   -.3705E+01   -.3696E+01   -.3688E+01   -.3679E+01   -.3672E+01   -.3664E+01   -.3657E+01   -.3650E+01   -.3644E+01   -.3637E+01   -.3632E+01   -.3626E+01   -.3621E+01   -.3616E+01   -.3612E+01   -.3608E+01   -.3604E+01   -.3600E+01   -.3597E+01   -.3594E+01   -.3591E+01   -.3588E+01   -.3586E+01   -.3583E+01   -.3581E+01   -.3579E+01   -.3577E+01   -.3576E+01   -.3574E+01   -.3573E+01   -.3572E+01   -.3570E+01   -.3569E+01   -.3568E+01
0.1163E+04   0.4567E+02   -.3507E+02   -.3509E+02   -.3512E+02   -.3515E+02   -.3519E+02   -.3523E+02   -.3528E+02   -.3533E+02   -.3540E+02   -.3547E+02   -.3556E+02   -.3567E+02   -.3580E+02   -.3594E+02   -.3610E+02   -.3618E+02   -.3623E+02   -.3589E+02   -.3544E+02   -.3313E+02   -.4828E+02   -.1731E+02   -.1104E+02   -.1142E+02   -.1026E+02   -.1013E+02   -.9491E+01   -.9140E+01   -.8698E+01   -.8348E+01   -.8005E+01   -.7718E+01   -.7448E+01   -.7210E+01   -.6980E+01   -.6782E+01   -.6584E+01   -.6406E+01   -.6235E+01   -.6077E+01   -.5928E+01   -.5785E+01   -.5647E+01   -.5519E+01   -.5396E+01   -.5280E+01   -.5168E+01   -.5064E+01   -.4965E+01   -.4872E+01   -.4783E+01   -.4702E+01   -.4621E+01   -.4548E+01   -.4476E+01   -.4410E+01   -.4346E+01   -.4284E+01   -.4227E+01   -.4173E+01   -.4122E+01   -.4073E+01   -.4026E+01   -.3984E+01   -.3942E+01   -.3906E+01   -.3868E+01   -.3835E+01   -.3803E+01   -.3773E+01   -.3744E+01   -.3716E+01   -.3690E+01   -.3664E+01   -.3641E+01   -.3617E+01   -.3596E+01   -.3575E+01   -.3555E+01   -.3536E+01   -.3518E+01   -.3500E+01   -.3485E+01   -.3469E+01   -.3454E+01   -.3440E+01   -.3427E+01   -.3414E+01   -.3402E+01   -.3390E+01   -.3379E+01   -.3369E+01   -.3359E+01   -.3349E+01   -.3340E+01   -.3332E+01   -.3324E+01   -.3316E+01   -.3308E+01   -.3301E+01   -.3294E+01   -.3288E+01   -.3282E+01   -.3276E+01   -.3270E+01   -.3265E+01   -.3260E+01   -.3256E+01   -.3251E+01   -.3247E+01   -.3244E+01   -.3240E+01   -.3237E+01   -.3233E+01   -.3231E+01   -.3228E+01   -.3225E+01   -.3223E+01   -.3221E+01   -.3219E+01   -.3217E+01   -.3216E+01   -.3214E+01   -.3213E+01   -.3212E+01   -.3210E+01   -.3209E+01   -.3208E+01
0.1164E+04   0.4600E+02   -.3508E+02   -.3511E+02   -.3514E+02   -.3518E+02   -.3522E+02   -.3526E+02   -.3532E+02   -.3538E+02   -.3546E+02   -.3555E+02   -.3566E+02   -.3579E+02   -.3593E+02   -.3609E+02   -.3618E+02   -.3622E+02   -.3588E+02   -.3543E+02   -.3313E+02   -.4828E+02   -.1728E+02   -.1100E+02   -.1137E+02   -.1020E+02   -.1010E+02   -.9483E+01   -.9135E+01   -.8699E+01   -.8353E+01   -.8018E+01   -.7731E+01   -.7454E+01   -.7209E+01   -.6992E+01   -.6783E+01   -.6592E+01   -.6408E+01   -.6245E+01   -.6083E+01   -.5933E+01   -.5790E+01   -.5655E+01   -.5525E+01   -.5402E+01   -.5286E+01   -.5177E+01   -.5071E+01   -.4972E+01   -.4877E+01   -.4790E+01   -.4704E+01   -.4630E+01   -.4552E+01   -.4482E+01   -.4415E+01   -.4352E+01   -.4291E+01   -.4233E+01   -.4179E+01   -.4129E+01   -.4079E+01   -.4034E+01   -.3990E+01   -.3949E+01   -.3911E+01   -.3875E+01   -.3840E+01   -.3810E+01   -.3777E+01   -.3749E+01   -.3721E+01   -.3695E+01   -.3669E+01   -.3646E+01   -.3623E+01   -.3601E+01   -.3581E+01   -.3561E+01   -.3542E+01   -.3524E+01   -.3507E+01   -.3491E+01   -.3475E+01   -.3460E+01   -.3446E+01   -.3433E+01   -.3420E+01   -.3408E+01   -.3396E+01   -.3385E+01   -.3374E+01   -.3365E+01   -.3355E+01   -.3346E+01   -.3337E+01   -.3329E+01   -.3321E+01   -.3314E+01   -.3306E+01   -.3300E+01   -.3293E+01   -.3287E+01   -.3281E+01   -.3276E+01   -.3271E+01   -.3266E+01   -.3261E+01   -.3257E+01   -.3253E+01   -.3249E+01   -.3246E+01   -.3242E+01   -.3239E+01   -.3236E+01   -.3233E+01   -.3231E+01   -.3228E+01   -.3226E+01   -.3224E+01   -.3222E+01   -.3220E+01   -.3219E+01   -.3217E+01   -.3216E+01   -.3215E+01   -.3213E+01   -.3212E+01   -.3211E+01
0.1165E+04   0.4633E+02   -.3509E+02   -.3512E+02   -.3516E+02   -.3520E+02   -.3525E+02   -.3530E+02   -.3537E+02   -.3545E+02   -.3554E+02   -.3565E+02   -.3578E+02   -.3592E+02   -.3608E+02   -.3617E+02   -.3621E+02   -.3587E+02   -.3542E+02   -.3312E+02   -.4826E+02   -.1739E+02   -.1111E+02   -.1155E+02   -.1039E+02   -.1030E+02   -.9686E+01   -.9341E+01   -.8915E+01   -.8596E+01   -.8280E+01   -.8003E+01   -.7739E+01   -.7504E+01   -.7287E+01   -.7083E+01   -.6899E+01   -.6719E+01   -.6556E+01   -.6393E+01   -.6245E+01   -.6103E+01   -.5972E+01   -.5840E+01   -.5719E+01   -.5605E+01   -.5494E+01   -.5390E+01   -.5291E+01   -.5198E+01   -.5109E+01   -.5027E+01   -.4946E+01   -.4871E+01   -.4799E+01   -.4734E+01   -.4669E+01   -.4608E+01   -.4551E+01   -.4496E+01   -.4445E+01   -.4396E+01   -.4350E+01   -.4307E+01   -.4266E+01   -.4228E+01   -.4193E+01   -.4158E+01   -.4126E+01   -.4095E+01   -.4067E+01   -.4038E+01   -.4013E+01   -.3988E+01   -.3964E+01   -.3941E+01   -.3919E+01   -.3898E+01   -.3878E+01   -.3859E+01   -.3841E+01   -.3824E+01   -.3808E+01   -.3792E+01   -.3777E+01   -.3763E+01   -.3750E+01   -.3737E+01   -.3725E+01   -.3713E+01   -.3702E+01   -.3691E+01   -.3681E+01   -.3672E+01   -.3663E+01   -.3654E+01   -.3646E+01   -.3638E+01   -.3630E+01   -.3623E+01   -.3616E+01   -.3610E+01   -.3604E+01   -.3598E+01   -.3593E+01   -.3588E+01   -.3583E+01   -.3578E+01   -.3574E+01   -.3571E+01   -.3567E+01   -.3563E+01   -.3560E+01   -.3557E+01   -.3554E+01   -.3551E+01   -.3548E+01   -.3546E+01   -.3544E+01   -.3542E+01   -.3540E+01   -.3538E+01   -.3536E+01   -.3535E+01   -.3533E+01   -.3532E+01   -.3531E+01   -.3530E+01   -.3528E+01   -.3527E+01
0.1166E+04   0.4667E+02   -.3510E+02   -.3514E+02   -.3518E+02   -.3523E+02   -.3529E+02   -.3535E+02   -.3543E+02   -.3553E+02   -.3564E+02   -.3577E+02   -.3591E+02   -.3606E+02   -.3615E+02   -.3621E+02   -.3586E+02   -.3541E+02   -.3311E+02   -.4824E+02   -.1727E+02   -.1114E+02   -.1148E+02   -.1035E+02   -.1027E+02   -.9662E+01   -.9332E+01   -.8913E+01   -.8589E+01   -.8279E+01   -.8017E+01   -.7757E+01   -.7529E+01   -.7325E+01   -.7124E+01   -.6946E+01   -.6768E+01   -.6606E+01   -.6446E+01   -.6304E+01   -.6157E+01   -.6028E+01   -.5897E+01   -.5780E+01   -.5661E+01   -.5553E+01   -.5449E+01   -.5354E+01   -.5258E+01   -.5172E+01   -.5087E+01   -.5010E+01   -.4933E+01   -.4865E+01   -.4795E+01   -.4735E+01   -.4670E+01   -.4616E+01   -.4559E+01   -.4510E+01   -.4459E+01   -.4415E+01   -.4371E+01   -.4332E+01   -.4292E+01   -.4258E+01   -.4222E+01   -.4191E+01   -.4160E+01   -.4132E+01   -.4105E+01   -.4077E+01   -.4053E+01   -.4028E+01   -.4006E+01   -.3984E+01   -.3963E+01   -.3943E+01   -.3925E+01   -.3906E+01   -.3889E+01   -.3873E+01   -.3858E+01   -.3843E+01   -.3829E+01   -.3815E+01   -.3802E+01   -.3790E+01   -.3779E+01   -.3767E+01   -.3757E+01   -.3747E+01   -.3737E+01   -.3728E+01   -.3719E+01   -.3711E+01   -.3703E+01   -.3696E+01   -.3689E+01   -.3682E+01   -.3675E+01   -.3669E+01   -.3663E+01   -.3658E+01   -.3653E+01   -.3648E+01   -.3644E+01   -.3640E+01   -.3636E+01   -.3632E+01   -.3629E+01   -.3626E+01   -.3623E+01   -.3620E+01   -.3617E+01   -.3615E+01   -.3612E+01   -.3610E+01   -.3608E+01   -.3606E+01   -.3605E+01   -.3603E+01   -.3602E+01   -.3600E+01   -.3599E+01   -.3597E+01   -.3596E+01   -.3595E+01   -.3594E+01   -.3593E+01
0.1167E+04   0.4700E+02   -.3512E+02   -.3516E+02   -.3521E+02   -.3527E+02   -.3534E+02   -.3542E+02   -.3551E+02   -.3562E+02   -.3575E+02   -.3589E+02   -.3605E+02   -.3614E+02   -.3619E+02   -.3585E+02   -.3540E+02   -.3310E+02   -.4823E+02   -.1737E+02   -.9232E+01   -.9581E+01   -.8509E+01   -.8431E+01   -.7831E+01   -.7503E+01   -.7081E+01   -.6748E+01   -.6432E+01   -.6171E+01   -.5923E+01   -.5707E+01   -.5497E+01   -.5306E+01   -.5124E+01   -.4953E+01   -.4787E+01   -.4633E+01   -.4485E+01   -.4345E+01   -.4212E+01   -.4086E+01   -.3966E+01   -.3850E+01   -.3742E+01   -.3638E+01   -.3540E+01   -.3446E+01   -.3361E+01   -.3277E+01   -.3200E+01   -.3124E+01   -.3055E+01   -.2988E+01   -.2926E+01   -.2865E+01   -.2809E+01   -.2753E+01   -.2703E+01   -.2652E+01   -.2608E+01   -.2565E+01   -.2526E+01   -.2487E+01   -.2453E+01   -.2418E+01   -.2386E+01   -.2356E+01   -.2326E+01   -.2300E+01   -.2273E+01   -.2248E+01   -.2224E+01   -.2202E+01   -.2180E+01   -.2160E+01   -.2139E+01   -.2122E+01   -.2103E+01   -.2086E+01   -.2069E+01   -.2053E+01   -.2039E+01   -.2025E+01   -.2011E+01   -.1999E+01   -.1986E+01   -.1975E+01   -.1963E+01   -.1953E+01   -.1943E+01   -.1933E+01   -.1924E+01   -.1916E+01   -.1907E+01   -.1900E+01   -.1892E+01   -.1885E+01   -.1878E+01   -.1872E+01   -.1865E+01   -.1860E+01   -.1854E+01   -.1849E+01   -.1844E+01   -.1840E+01   -.1835E+01   -.1831E+01   -.1827E+01   -.1824E+01   -.1821E+01   -.1818E+01   -.1815E+01   -.1812E+01   -.1810E+01   -.1808E+01   -.1806E+01   -.1804E+01   -.1802E+01   -.1801E+01   -.1799E+01   -.1798E+01   -.1796E+01   -.1795E+01   -.1793E+01   -.1792E+01   -.1791E+01   -.1789E+01   -.1788E+01   -.1787E+01
0.1168E+04   0.4733E+02   -.3513E+02   -.3519E+02   -.3524E+02   -.3531E+02   -.3539E+02   -.3549E+02   -.3560E+02   -.3573E+02   -.3588E+02   -.3603E+02   -.3612E+02   -.3617E+02   -.3584E+02   -.3539E+02   -.3309E+02   -.4821E+02   -.1728E+02   -.1102E+02   -.1141E+02   -.1031E+02   -.1024E+02   -.9640E+01   -.9315E+01   -.8892E+01   -.8553E+01   -.8227E+01   -.7957E+01   -.7700E+01   -.7487E+01   -.7271E+01   -.7081E+01   -.6895E+01   -.6723E+01   -.6558E+01   -.6403E+01   -.6252E+01   -.6111E+01   -.5978E+01   -.5851E+01   -.5727E+01   -.5615E+01   -.5505E+01   -.5402E+01   -.5303E+01   -.5212E+01   -.5123E+01   -.5040E+01   -.4960E+01   -.4888E+01   -.4815E+01   -.4751E+01   -.4686E+01   -.4626E+01   -.4569E+01   -.4515E+01   -.4463E+01   -.4415E+01   -.4367E+01   -.4325E+01   -.4285E+01   -.4248E+01   -.4211E+01   -.4178E+01   -.4146E+01   -.4115E+01   -.4086E+01   -.4058E+01   -.4032E+01   -.4007E+01   -.3983E+01   -.3960E+01   -.3938E+01   -.3918E+01   -.3898E+01   -.3878E+01   -.3861E+01   -.3843E+01   -.3827E+01   -.3812E+01   -.3796E+01   -.3783E+01   -.3769E+01   -.3756E+01   -.3744E+01   -.3732E+01   -.3721E+01   -.3711E+01   -.3700E+01   -.3691E+01   -.3682E+01   -.3673E+01   -.3665E+01   -.3657E+01   -.3649E+01   -.3642E+01   -.3635E+01   -.3629E+01   -.3623E+01   -.3617E+01   -.3611E+01   -.3606E+01   -.3601E+01   -.3597E+01   -.3593E+01   -.3591E+01   -.3588E+01   -.3584E+01   -.3581E+01   -.3580E+01   -.3577E+01   -.3574E+01   -.3572E+01   -.3571E+01   -.3569E+01   -.3567E+01   -.3566E+01   -.3564E+01   -.3562E+01   -.3561E+01   -.3559E+01   -.3559E+01   -.3557E+01   -.3557E+01   -.3555E+01   -.3554E+01   -.3553E+01   -.3552E+01   -.3551E+01
0.1169E+04   0.4767E+02   -.3516E+02   -.3522E+02   -.3529E+02   -.3537E+02   -.3547E+02   -.3558E+02   -.3571E+02   -.3586E+02   -.3602E+02   -.3611E+02   -.3616E+02   -.3582E+02   -.3537E+02   -.3308E+02   -.4820E+02   -.1724E+02   -.1098E+02   -.1135E+02   -.1019E+02   -.1006E+02   -.9427E+01   -.9077E+01   -.8639E+01   -.8292E+01   -.7954E+01   -.7670E+01   -.7404E+01   -.7160E+01   -.6937E+01   -.6736E+01   -.6544E+01   -.6365E+01   -.6199E+01   -.6042E+01   -.5891E+01   -.5748E+01   -.5610E+01   -.5480E+01   -.5361E+01   -.5247E+01   -.5135E+01   -.5031E+01   -.4932E+01   -.4839E+01   -.4752E+01   -.4670E+01   -.4589E+01   -.4517E+01   -.4443E+01   -.4378E+01   -.4314E+01   -.4254E+01   -.4195E+01   -.4141E+01   -.4089E+01   -.4042E+01   -.3994E+01   -.3952E+01   -.3911E+01   -.3874E+01   -.3838E+01   -.3804E+01   -.3772E+01   -.3741E+01   -.3712E+01   -.3684E+01   -.3659E+01   -.3633E+01   -.3609E+01   -.3586E+01   -.3564E+01   -.3543E+01   -.3523E+01   -.3504E+01   -.3486E+01   -.3469E+01   -.3453E+01   -.3437E+01   -.3422E+01   -.3408E+01   -.3395E+01   -.3382E+01   -.3370E+01   -.3358E+01   -.3347E+01   -.3336E+01   -.3326E+01   -.3317E+01   -.3307E+01   -.3298E+01   -.3290E+01   -.3282E+01   -.3275E+01   -.3267E+01   -.3260E+01   -.3254E+01   -.3248E+01   -.3242E+01   -.3237E+01   -.3231E+01   -.3227E+01   -.3222E+01   -.3218E+01   -.3214E+01   -.3210E+01   -.3207E+01   -.3203E+01   -.3200E+01   -.3197E+01   -.3195E+01   -.3193E+01   -.3191E+01   -.3190E+01   -.3188E+01   -.3186E+01   -.3184E+01   -.3183E+01   -.3182E+01   -.3180E+01   -.3179E+01   -.3179E+01   -.3177E+01   -.3176E+01   -.3174E+01   -.3173E+01   -.3172E+01   -.3171E+01   -.3171E+01
0.1170E+04   0.4800E+02   -.3518E+02   -.3525E+02   -.3534E+02   -.3544E+02   -.3555E+02   -.3569E+02   -.3583E+02   -.3599E+02   -.3608E+02   -.3614E+02   -.3580E+02   -.3535E+02   -.3306E+02   -.4817E+02   -.1735E+02   -.1109E+02   -.1152E+02   -.1037E+02   -.1029E+02   -.9677E+01   -.9337E+01   -.8910E+01   -.8590E+01   -.8274E+01   -.7996E+01   -.7730E+01   -.7486E+01   -.7278E+01   -.7073E+01   -.6890E+01   -.6708E+01   -.6547E+01   -.6382E+01   -.6235E+01   -.6092E+01   -.5958E+01   -.5827E+01   -.5711E+01   -.5590E+01   -.5482E+01   -.5380E+01   -.5281E+01   -.5185E+01   -.5098E+01   -.5015E+01   -.4936E+01   -.4861E+01   -.4791E+01   -.4723E+01   -.4660E+01   -.4599E+01   -.4542E+01   -.4487E+01   -.4437E+01   -.4388E+01   -.4342E+01   -.4299E+01   -.4258E+01   -.4219E+01   -.4184E+01   -.4149E+01   -.4117E+01   -.4087E+01   -.4058E+01   -.4030E+01   -.4004E+01   -.3978E+01   -.3954E+01   -.3931E+01   -.3909E+01   -.3889E+01   -.3868E+01   -.3850E+01   -.3832E+01   -.3815E+01   -.3798E+01   -.3783E+01   -.3768E+01   -.3754E+01   -.3740E+01   -.3728E+01   -.3715E+01   -.3703E+01   -.3692E+01   -.3681E+01   -.3671E+01   -.3662E+01   -.3652E+01   -.3644E+01   -.3635E+01   -.3627E+01   -.3620E+01   -.3612E+01   -.3606E+01   -.3599E+01   -.3593E+01   -.3587E+01   -.3582E+01   -.3576E+01   -.3572E+01   -.3567E+01   -.3563E+01   -.3559E+01   -.3556E+01   -.3552E+01   -.3549E+01   -.3546E+01   -.3543E+01   -.3541E+01   -.3538E+01   -.3536E+01   -.3534E+01   -.3532E+01   -.3530E+01   -.3528E+01   -.3526E+01   -.3525E+01   -.3523E+01   -.3522E+01   -.3521E+01   -.3519E+01   -.3518E+01   -.3517E+01   -.3515E+01   -.3514E+01   -.3513E+01   -.3512E+01   -.3511E+01
0.1171E+04   0.4833E+02   -.3521E+02   -.3530E+02   -.3540E+02   -.3552E+02   -.3566E+02   -.3580E+02   -.3596E+02   -.3606E+02   -.3611E+02   -.3578E+02   -.3533E+02   -.3305E+02   -.4814E+02   -.1722E+02   -.1111E+02   -.1145E+02   -.1033E+02   -.1025E+02   -.9644E+01   -.9309E+01   -.8894E+01   -.8572E+01   -.8266E+01   -.8003E+01   -.7747E+01   -.7520E+01   -.7318E+01   -.7117E+01   -.6938E+01   -.6760E+01   -.6601E+01   -.6442E+01   -.6299E+01   -.6153E+01   -.6023E+01   -.5892E+01   -.5776E+01   -.5658E+01   -.5552E+01   -.5446E+01   -.5349E+01   -.5255E+01   -.5171E+01   -.5084E+01   -.5010E+01   -.4934E+01   -.4863E+01   -.4795E+01   -.4734E+01   -.4671E+01   -.4617E+01   -.4560E+01   -.4510E+01   -.4460E+01   -.4417E+01   -.4372E+01   -.4332E+01   -.4293E+01   -.4258E+01   -.4224E+01   -.4192E+01   -.4161E+01   -.4131E+01   -.4104E+01   -.4077E+01   -.4053E+01   -.4027E+01   -.4005E+01   -.3983E+01   -.3963E+01   -.3943E+01   -.3924E+01   -.3906E+01   -.3889E+01   -.3872E+01   -.3857E+01   -.3841E+01   -.3828E+01   -.3814E+01   -.3802E+01   -.3789E+01   -.3777E+01   -.3766E+01   -.3755E+01   -.3745E+01   -.3735E+01   -.3726E+01   -.3717E+01   -.3709E+01   -.3701E+01   -.3693E+01   -.3686E+01   -.3679E+01   -.3673E+01   -.3667E+01   -.3661E+01   -.3655E+01   -.3650E+01   -.3646E+01   -.3641E+01   -.3637E+01   -.3633E+01   -.3630E+01   -.3626E+01   -.3623E+01   -.3621E+01   -.3618E+01   -.3615E+01   -.3613E+01   -.3611E+01   -.3609E+01   -.3607E+01   -.3605E+01   -.3603E+01   -.3602E+01   -.3600E+01   -.3599E+01   -.3597E+01   -.3596E+01   -.3595E+01   -.3594E+01   -.3592E+01   -.3591E+01   -.3590E+01   -.3589E+01   -.3588E+01   -.3586E+01   -.3585E+01
0.1172E+04   0.4867E+02   -.3525E+02   -.3536E+02   -.3548E+02   -.3562E+02   -.3577E+02   -.3593E+02   -.3603E+02   -.3608E+02   -.3575E+02   -.3531E+02   -.3303E+02   -.4811E+02   -.1732E+02   -.9200E+01   -.9551E+01   -.8484E+01   -.8409E+01   -.7812E+01   -.7486E+01   -.7069E+01   -.6736E+01   -.6424E+01   -.6160E+01   -.5917E+01   -.5702E+01   -.5495E+01   -.5303E+01   -.5124E+01   -.4953E+01   -.4790E+01   -.4637E+01   -.4489E+01   -.4350E+01   -.4219E+01   -.4091E+01   -.3971E+01   -.3857E+01   -.3749E+01   -.3646E+01   -.3549E+01   -.3456E+01   -.3370E+01   -.3286E+01   -.3210E+01   -.3135E+01   -.3067E+01   -.2999E+01   -.2937E+01   -.2876E+01   -.2820E+01   -.2765E+01   -.2714E+01   -.2664E+01   -.2621E+01   -.2577E+01   -.2539E+01   -.2500E+01   -.2464E+01   -.2430E+01   -.2399E+01   -.2368E+01   -.2339E+01   -.2311E+01   -.2285E+01   -.2259E+01   -.2236E+01   -.2212E+01   -.2190E+01   -.2170E+01   -.2150E+01   -.2132E+01   -.2113E+01   -.2096E+01   -.2080E+01   -.2064E+01   -.2050E+01   -.2035E+01   -.2022E+01   -.2009E+01   -.1996E+01   -.1985E+01   -.1973E+01   -.1963E+01   -.1952E+01   -.1943E+01   -.1934E+01   -.1925E+01   -.1916E+01   -.1909E+01   -.1901E+01   -.1894E+01   -.1887E+01   -.1880E+01   -.1874E+01   -.1868E+01   -.1863E+01   -.1857E+01   -.1853E+01   -.1848E+01   -.1844E+01   -.1840E+01   -.1837E+01   -.1833E+01   -.1830E+01   -.1827E+01   -.1825E+01   -.1822E+01   -.1820E+01   -.1818E+01   -.1816E+01   -.1814E+01   -.1813E+01   -.1811E+01   -.1810E+01   -.1808E+01   -.1807E+01   -.1805E+01   -.1804E+01   -.1803E+01   -.1802E+01   -.1800E+01   -.1799E+01   -.1798E+01   -.1797E+01   -.1796E+01   -.1795E+01   -.1794E+01   -.1793E+01
0.1173E+04   0.4900E+02   -.3530E+02   -.3542E+02   -.3557E+02   -.3572E+02   -.3589E+02   -.3599E+02   -.3605E+02   -.3572E+02   -.3528E+02   -.3300E+02   -.4807E+02   -.1721E+02   -.1097E+02   -.1136E+02   -.1027E+02   -.1021E+02   -.9607E+01   -.9282E+01   -.8869E+01   -.8533E+01   -.8223E+01   -.7950E+01   -.7706E+01   -.7486E+01   -.7279E+01   -.7084E+01   -.6908E+01   -.6731E+01   -.6571E+01   -.6412E+01   -.6268E+01   -.6126E+01   -.5996E+01   -.5867E+01   -.5746E+01   -.5632E+01   -.5525E+01   -.5420E+01   -.5321E+01   -.5229E+01   -.5143E+01   -.5059E+01   -.4980E+01   -.4907E+01   -.4839E+01   -.4772E+01   -.4707E+01   -.4646E+01   -.4592E+01   -.4536E+01   -.4485E+01   -.4436E+01   -.4390E+01   -.4346E+01   -.4307E+01   -.4269E+01   -.4232E+01   -.4198E+01   -.4166E+01   -.4136E+01   -.4107E+01   -.4079E+01   -.4052E+01   -.4027E+01   -.4003E+01   -.3980E+01   -.3958E+01   -.3937E+01   -.3917E+01   -.3898E+01   -.3880E+01   -.3862E+01   -.3846E+01   -.3830E+01   -.3815E+01   -.3801E+01   -.3787E+01   -.3775E+01   -.3762E+01   -.3750E+01   -.3740E+01   -.3729E+01   -.3718E+01   -.3709E+01   -.3699E+01   -.3691E+01   -.3682E+01   -.3674E+01   -.3667E+01   -.3659E+01   -.3652E+01   -.3646E+01   -.3639E+01   -.3633E+01   -.3628E+01   -.3622E+01   -.3617E+01   -.3613E+01   -.3608E+01   -.3604E+01   -.3601E+01   -.3597E+01   -.3594E+01   -.3591E+01   -.3588E+01   -.3585E+01   -.3583E+01   -.3581E+01   -.3579E+01   -.3577E+01   -.3576E+01   -.3574E+01   -.3573E+01   -.3571E+01   -.3570E+01   -.3569E+01   -.3567E+01   -.3566E+01   -.3565E+01   -.3564E+01   -.3562E+01   -.3561E+01   -.3560E+01   -.3559E+01   -.3558E+01   -.3557E+01   -.3556E+01   -.3555E+01
0.1174E+04   0.4933E+02   -.3535E+02   -.3550E+02   -.3566E+02   -.3583E+02   -.3594E+02   -.3600E+02   -.3567E+02   -.3524E+02   -.3297E+02   -.4802E+02   -.1719E+02   -.1096E+02   -.1134E+02   -.1019E+02   -.1007E+02   -.9437E+01   -.9089E+01   -.8657E+01   -.8313E+01   -.7988E+01   -.7702E+01   -.7444E+01   -.7198E+01   -.6986E+01   -.6780E+01   -.6597E+01   -.6415E+01   -.6254E+01   -.6090E+01   -.5947E+01   -.5800E+01   -.5670E+01   -.5536E+01   -.5420E+01   -.5299E+01   -.5194E+01   -.5087E+01   -.4992E+01   -.4894E+01   -.4810E+01   -.4725E+01   -.4647E+01   -.4572E+01   -.4504E+01   -.4435E+01   -.4372E+01   -.4311E+01   -.4255E+01   -.4198E+01   -.4148E+01   -.4099E+01   -.4052E+01   -.4008E+01   -.3968E+01   -.3929E+01   -.3894E+01   -.3859E+01   -.3828E+01   -.3797E+01   -.3768E+01   -.3740E+01   -.3713E+01   -.3688E+01   -.3663E+01   -.3641E+01   -.3619E+01   -.3598E+01   -.3578E+01   -.3558E+01   -.3540E+01   -.3523E+01   -.3506E+01   -.3490E+01   -.3475E+01   -.3461E+01   -.3447E+01   -.3434E+01   -.3422E+01   -.3410E+01   -.3399E+01   -.3388E+01   -.3378E+01   -.3368E+01   -.3358E+01   -.3349E+01   -.3341E+01   -.3333E+01   -.3325E+01   -.3318E+01   -.3311E+01   -.3304E+01   -.3298E+01   -.3292E+01   -.3286E+01   -.3280E+01   -.3275E+01   -.3270E+01   -.3266E+01   -.3261E+01   -.3257E+01   -.3254E+01   -.3250E+01   -.3247E+01   -.3244E+01   -.3241E+01   -.3238E+01   -.3236E+01   -.3234E+01   -.3232E+01   -.3230E+01   -.3229E+01   -.3227E+01   -.3226E+01   -.3225E+01   -.3223E+01   -.3222E+01   -.3221E+01   -.3219E+01   -.3218E+01   -.3217E+01   -.3216E+01   -.3215E+01   -.3213E+01   -.3212E+01   -.3211E+01   -.3210E+01   -.3209E+01   -.3208E+01
0.1175E+04   0.4967E+02   -.3541E+02   -.3558E+02   -.3576E+02   -.3587E+02   -.3594E+02   -.3562E+02   -.3519E+02   -.3293E+02   -.4797E+02   -.1716E+02   -.1094E+02   -.1132E+02   -.1017E+02   -.1008E+02   -.9467E+01   -.9124E+01   -.8697E+01   -.8354E+01   -.8036E+01   -.7749E+01   -.7484E+01   -.7244E+01   -.7031E+01   -.6824E+01   -.6641E+01   -.6458E+01   -.6299E+01   -.6134E+01   -.5990E+01   -.5842E+01   -.5712E+01   -.5582E+01   -.5464E+01   -.5344E+01   -.5237E+01   -.5131E+01   -.5035E+01   -.4938E+01   -.4852E+01   -.4767E+01   -.4691E+01   -.4615E+01   -.4546E+01   -.4477E+01   -.4416E+01   -.4353E+01   -.4296E+01   -.4240E+01   -.4191E+01   -.4142E+01   -.4095E+01   -.4050E+01   -.4010E+01   -.3971E+01   -.3936E+01   -.3901E+01   -.3869E+01   -.3837E+01   -.3808E+01   -.3780E+01   -.3754E+01   -.3728E+01   -.3704E+01   -.3680E+01   -.3659E+01   -.3637E+01   -.3618E+01   -.3598E+01   -.3580E+01   -.3562E+01   -.3545E+01   -.3529E+01   -.3514E+01   -.3499E+01   -.3486E+01   -.3473E+01   -.3460E+01   -.3448E+01   -.3437E+01   -.3426E+01   -.3416E+01   -.3406E+01   -.3396E+01   -.3387E+01   -.3379E+01   -.3371E+01   -.3363E+01   -.3355E+01   -.3349E+01   -.3342E+01   -.3335E+01   -.3329E+01   -.3323E+01   -.3318E+01   -.3313E+01   -.3307E+01   -.3303E+01   -.3298E+01   -.3294E+01   -.3290E+01   -.3286E+01   -.3282E+01   -.3279E+01   -.3276E+01   -.3273E+01   -.3270E+01   -.3268E+01   -.3266E+01   -.3264E+01   -.3262E+01   -.3260E+01   -.3259E+01   -.3258E+01   -.3256E+01   -.3255E+01   -.3254E+01   -.3252E+01   -.3251E+01   -.3250E+01   -.3249E+01   -.3248E+01   -.3247E+01   -.3246E+01   -.3245E+01   -.3244E+01   -.3243E+01   -.3242E+01   -.3241E+01
0.1176E+04   0.5000E+02   -.3547E+02   -.3567E+02   -.3578E+02   -.3586E+02   -.3555E+02   -.3513E+02   -.3289E+02   -.4789E+02   -.1713E+02   -.1092E+02   -.1130E+02   -.1015E+02   -.1006E+02   -.9445E+01   -.9102E+01   -.8677E+01   -.8338E+01   -.8021E+01   -.7738E+01   -.7478E+01   -.7245E+01   -.7029E+01   -.6831E+01   -.6643E+01   -.6468E+01   -.6304E+01   -.6148E+01   -.5996E+01   -.5856E+01   -.5722E+01   -.5596E+01   -.5473E+01   -.5358E+01   -.5248E+01   -.5144E+01   -.5045E+01   -.4953E+01   -.4864E+01   -.4782E+01   -.4704E+01   -.4630E+01   -.4558E+01   -.4491E+01   -.4427E+01   -.4367E+01   -.4308E+01   -.4254E+01   -.4202E+01   -.4154E+01   -.4107E+01   -.4064E+01   -.4022E+01   -.3984E+01   -.3947E+01   -.3913E+01   -.3879E+01   -.3850E+01   -.3819E+01   -.3792E+01   -.3765E+01   -.3739E+01   -.3715E+01   -.3692E+01   -.3670E+01   -.3649E+01   -.3629E+01   -.3609E+01   -.3592E+01   -.3573E+01   -.3557E+01   -.3540E+01   -.3525E+01   -.3510E+01   -.3497E+01   -.3483E+01   -.3471E+01   -.3458E+01   -.3448E+01   -.3436E+01   -.3426E+01   -.3416E+01   -.3407E+01   -.3397E+01   -.3389E+01   -.3380E+01   -.3373E+01   -.3365E+01   -.3358E+01   -.3351E+01   -.3345E+01   -.3338E+01   -.3333E+01   -.3327E+01   -.3322E+01   -.3317E+01   -.3312E+01   -.3307E+01   -.3303E+01   -.3298E+01   -.3294E+01   -.3290E+01   -.3287E+01   -.3283E+01   -.3280E+01   -.3277E+01   -.3274E+01   -.3272E+01   -.3270E+01   -.3268E+01   -.3266E+01   -.3265E+01   -.3263E+01   -.3262E+01   -.3261E+01   -.3259E+01   -.3258E+01   -.3257E+01   -.3256E+01   -.3255E+01   -.3253E+01   -.3252E+01   -.3251E+01   -.3250E+01   -.3249E+01   -.3248E+01   -.3247E+01   -.3246E+01   -.3245E+01
0.1177E+04   0.5033E+02   -.3552E+02   -.3567E+02   -.3575E+02   -.3545E+02   -.3505E+02   -.3282E+02   -.4780E+02   -.1709E+02   -.1089E+02   -.1128E+02   -.1013E+02   -.1004E+02   -.9428E+01   -.9092E+01   -.8670E+01   -.8329E+01   -.8014E+01   -.7731E+01   -.7471E+01   -.7239E+01   -.7023E+01   -.6826E+01   -.6639E+01   -.6465E+01   -.6300E+01   -.6143E+01   -.5996E+01   -.5856E+01   -.5722E+01   -.5594E+01   -.5474E+01   -.5362E+01   -.5252E+01   -.5148E+01   -.5051E+01   -.4957E+01   -.4869E+01   -.4786E+01   -.4708E+01   -.4634E+01   -.4563E+01   -.4496E+01   -.4432E+01   -.4371E+01   -.4314E+01   -.4259E+01   -.4207E+01   -.4156E+01   -.4111E+01   -.4067E+01   -.4026E+01   -.3987E+01   -.3951E+01   -.3917E+01   -.3884E+01   -.3853E+01   -.3823E+01   -.3795E+01   -.3769E+01   -.3744E+01   -.3718E+01   -.3695E+01   -.3673E+01   -.3652E+01   -.3631E+01   -.3612E+01   -.3593E+01   -.3576E+01   -.3559E+01   -.3543E+01   -.3528E+01   -.3513E+01   -.3499E+01   -.3486E+01   -.3473E+01   -.3461E+01   -.3450E+01   -.3439E+01   -.3428E+01   -.3418E+01   -.3408E+01   -.3399E+01   -.3390E+01   -.3382E+01   -.3374E+01   -.3367E+01   -.3359E+01   -.3353E+01   -.3346E+01   -.3340E+01   -.3334E+01   -.3328E+01   -.3323E+01   -.3317E+01   -.3312E+01   -.3308E+01   -.3303E+01   -.3299E+01   -.3295E+01   -.3291E+01   -.3287E+01   -.3283E+01   -.3280E+01   -.3276E+01   -.3273E+01   -.3271E+01   -.3269E+01   -.3267E+01   -.3265E+01   -.3263E+01   -.3262E+01   -.3260E+01   -.3259E+01   -.3258E+01   -.3257E+01   -.3255E+01   -.3254E+01   -.3253E+01   -.3252E+01   -.3251E+01   -.3250E+01   -.3249E+01   -.3248E+01   -.3247E+01   -.3246E+01   -.3245E+01   -.3244E+01   -.3243E+01
0.1178E+04   0.5067E+02   -.3548E+02   -.3561E+02   -.3532E+02   -.3494E+02   -.3274E+02   -.4768E+02   -.1704E+02   -.1085E+02   -.1124E+02   -.1010E+02   -.1002E+02   -.9410E+01   -.9076E+01   -.8655E+01   -.8317E+01   -.8003E+01   -.7722E+01   -.7462E+01   -.7231E+01   -.7017E+01   -.6819E+01   -.6632E+01   -.6463E+01   -.6294E+01   -.6139E+01   -.5993E+01   -.5855E+01   -.5721E+01   -.5595E+01   -.5474E+01   -.5362E+01   -.5251E+01   -.5149E+01   -.5051E+01   -.4957E+01   -.4868E+01   -.4787E+01   -.4708E+01   -.4634E+01   -.4563E+01   -.4495E+01   -.4431E+01   -.4371E+01   -.4314E+01   -.4260E+01   -.4206E+01   -.4158E+01   -.4112E+01   -.4067E+01   -.4025E+01   -.3987E+01   -.3950E+01   -.3916E+01   -.3883E+01   -.3852E+01   -.3822E+01   -.3794E+01   -.3767E+01   -.3742E+01   -.3717E+01   -.3694E+01   -.3671E+01   -.3650E+01   -.3629E+01   -.3610E+01   -.3591E+01   -.3573E+01   -.3556E+01   -.3540E+01   -.3525E+01   -.3510E+01   -.3496E+01   -.3483E+01   -.3470E+01   -.3458E+01   -.3446E+01   -.3435E+01   -.3424E+01   -.3414E+01   -.3404E+01   -.3395E+01   -.3386E+01   -.3378E+01   -.3370E+01   -.3362E+01   -.3355E+01   -.3348E+01   -.3341E+01   -.3335E+01   -.3329E+01   -.3323E+01   -.3318E+01   -.3312E+01   -.3307E+01   -.3302E+01   -.3298E+01   -.3293E+01   -.3289E+01   -.3285E+01   -.3281E+01   -.3277E+01   -.3274E+01   -.3270E+01   -.3267E+01   -.3265E+01   -.3262E+01   -.3260E+01   -.3258E+01   -.3257E+01   -.3255E+01   -.3254E+01   -.3252E+01   -.3251E+01   -.3250E+01   -.3249E+01   -.3247E+01   -.3246E+01   -.3245E+01   -.3244E+01   -.3243E+01   -.3242E+01   -.3241E+01   -.3240E+01   -.3239E+01   -.3238E+01   -.3237E+01   -.3236E+01   -.3235E+01
0.1179E+04   0.5100E+02   -.3535E+02   -.3513E+02   -.3478E+02   -.3262E+02   -.4751E+02   -.1696E+02   -.1080E+02   -.1120E+02   -.1007E+02   -.9995E+01   -.9389E+01   -.9058E+01   -.8639E+01   -.8304E+01   -.7991E+01   -.7705E+01   -.7449E+01   -.7220E+01   -.7006E+01   -.6812E+01   -.6626E+01   -.6457E+01   -.6289E+01   -.6136E+01   -.5988E+01   -.5849E+01   -.5719E+01   -.5594E+01   -.5472E+01   -.5358E+01   -.5249E+01   -.5149E+01   -.5048E+01   -.4955E+01   -.4867E+01   -.4784E+01   -.4705E+01   -.4632E+01   -.4560E+01   -.4493E+01   -.4429E+01   -.4368E+01   -.4310E+01   -.4255E+01   -.4202E+01   -.4154E+01   -.4107E+01   -.4062E+01   -.4019E+01   -.3981E+01   -.3944E+01   -.3910E+01   -.3877E+01   -.3846E+01   -.3816E+01   -.3788E+01   -.3761E+01   -.3735E+01   -.3710E+01   -.3687E+01   -.3664E+01   -.3643E+01   -.3623E+01   -.3602E+01   -.3584E+01   -.3566E+01   -.3549E+01   -.3532E+01   -.3518E+01   -.3502E+01   -.3488E+01   -.3475E+01   -.3462E+01   -.3449E+01   -.3438E+01   -.3426E+01   -.3415E+01   -.3405E+01   -.3395E+01   -.3386E+01   -.3377E+01   -.3369E+01   -.3361E+01   -.3353E+01   -.3345E+01   -.3338E+01   -.3332E+01   -.3325E+01   -.3319E+01   -.3313E+01   -.3307E+01   -.3302E+01   -.3297E+01   -.3292E+01   -.3287E+01   -.3282E+01   -.3278E+01   -.3274E+01   -.3270E+01   -.3266E+01   -.3263E+01   -.3259E+01   -.3256E+01   -.3253E+01   -.3251E+01   -.3249E+01   -.3247E+01   -.3245E+01   -.3243E+01   -.3242E+01   -.3241E+01   -.3239E+01   -.3238E+01   -.3237E+01   -.3235E+01   -.3234E+01   -.3233E+01   -.3232E+01   -.3231E+01   -.3230E+01   -.3229E+01   -.3228E+01   -.3227E+01   -.3226E+01   -.3225E+01   -.3224E+01   -.3223E+01   -.3222E+01
0.1180E+04   0.5133E+02   -.3480E+02   -.3460E+02   -.3244E+02   -.4728E+02   -.1686E+02   -.1074E+02   -.1115E+02   -.1003E+02   -.9960E+01   -.9361E+01   -.9038E+01   -.8621E+01   -.8289E+01   -.7976E+01   -.7694E+01   -.7436E+01   -.7206E+01   -.6993E+01   -.6799E+01   -.6616E+01   -.6443E+01   -.6277E+01   -.6128E+01   -.5980E+01   -.5842E+01   -.5710E+01   -.5583E+01   -.5462E+01   -.5350E+01   -.5241E+01   -.5138E+01   -.5038E+01   -.4947E+01   -.4859E+01   -.4775E+01   -.4697E+01   -.4622E+01   -.4550E+01   -.4484E+01   -.4418E+01   -.4358E+01   -.4299E+01   -.4243E+01   -.4191E+01   -.4143E+01   -.4096E+01   -.4050E+01   -.4008E+01   -.3969E+01   -.3932E+01   -.3897E+01   -.3863E+01   -.3832E+01   -.3801E+01   -.3774E+01   -.3746E+01   -.3721E+01   -.3695E+01   -.3672E+01   -.3649E+01   -.3628E+01   -.3607E+01   -.3587E+01   -.3568E+01   -.3550E+01   -.3533E+01   -.3516E+01   -.3501E+01   -.3485E+01   -.3471E+01   -.3457E+01   -.3444E+01   -.3432E+01   -.3420E+01   -.3408E+01   -.3398E+01   -.3387E+01   -.3377E+01   -.3368E+01   -.3359E+01   -.3350E+01   -.3342E+01   -.3334E+01   -.3327E+01   -.3319E+01   -.3313E+01   -.3306E+01   -.3300E+01   -.3294E+01   -.3288E+01   -.3283E+01   -.3277E+01   -.3272E+01   -.3268E+01   -.3263E+01   -.3259E+01   -.3255E+01   -.3251E+01   -.3247E+01   -.3244E+01   -.3240E+01   -.3237E+01   -.3235E+01   -.3232E+01   -.3229E+01   -.3227E+01   -.3226E+01   -.3224E+01   -.3222E+01   -.3221E+01   -.3220E+01   -.3218E+01   -.3217E+01   -.3215E+01   -.3214E+01   -.3213E+01   -.3212E+01   -.3211E+01   -.3210E+01   -.3208E+01   -.3208E+01   -.3206E+01   -.3205E+01   -.3204E+01   -.3204E+01   -.3203E+01   -.3202E+01   -.3201E+01
0.1181E+04   0.5167E+02   -.3418E+02   -.3231E+02   -.4692E+02   -.1672E+02   -.1063E+02   -.1106E+02   -.9965E+01   -.9909E+01   -.9321E+01   -.9005E+01   -.8592E+01   -.8260E+01   -.7945E+01   -.7667E+01   -.7406E+01   -.7172E+01   -.6959E+01   -.6767E+01   -.6583E+01   -.6415E+01   -.6250E+01   -.6100E+01   -.5949E+01   -.5812E+01   -.5677E+01   -.5553E+01   -.5433E+01   -.5320E+01   -.5210E+01   -.5107E+01   -.5007E+01   -.4918E+01   -.4827E+01   -.4744E+01   -.4665E+01   -.4590E+01   -.4518E+01   -.4451E+01   -.4387E+01   -.4325E+01   -.4266E+01   -.4211E+01   -.4157E+01   -.4108E+01   -.4061E+01   -.4015E+01   -.3974E+01   -.3933E+01   -.3895E+01   -.3860E+01   -.3827E+01   -.3795E+01   -.3765E+01   -.3736E+01   -.3708E+01   -.3683E+01   -.3658E+01   -.3634E+01   -.3611E+01   -.3589E+01   -.3568E+01   -.3548E+01   -.3529E+01   -.3510E+01   -.3493E+01   -.3476E+01   -.3460E+01   -.3445E+01   -.3430E+01   -.3417E+01   -.3403E+01   -.3391E+01   -.3379E+01   -.3367E+01   -.3356E+01   -.3346E+01   -.3336E+01   -.3326E+01   -.3317E+01   -.3308E+01   -.3300E+01   -.3292E+01   -.3285E+01   -.3277E+01   -.3271E+01   -.3264E+01   -.3258E+01   -.3252E+01   -.3246E+01   -.3240E+01   -.3235E+01   -.3230E+01   -.3225E+01   -.3221E+01   -.3216E+01   -.3212E+01   -.3208E+01   -.3205E+01   -.3201E+01   -.3198E+01   -.3195E+01   -.3192E+01   -.3189E+01   -.3187E+01   -.3184E+01   -.3183E+01   -.3181E+01   -.3179E+01   -.3177E+01   -.3176E+01   -.3174E+01   -.3173E+01   -.3172E+01   -.3170E+01   -.3169E+01   -.3168E+01   -.3166E+01   -.3165E+01   -.3164E+01   -.3163E+01   -.3162E+01   -.3160E+01   -.3159E+01   -.3158E+01   -.3157E+01   -.3156E+01   -.3155E+01   -.3154E+01
0.1182E+04   0.5200E+02   -.3324E+02   -.4632E+02   -.1648E+02   -.1049E+02   -.1094E+02   -.9876E+01   -.9839E+01   -.9266E+01   -.8962E+01   -.8556E+01   -.8242E+01   -.7926E+01   -.7661E+01   -.7402E+01   -.7181E+01   -.6971E+01   -.6785E+01   -.6599E+01   -.6433E+01   -.6272E+01   -.6120E+01   -.5972E+01   -.5836E+01   -.5702E+01   -.5579E+01   -.5458E+01   -.5343E+01   -.5234E+01   -.5132E+01   -.5033E+01   -.4939E+01   -.4850E+01   -.4766E+01   -.4688E+01   -.4612E+01   -.4539E+01   -.4471E+01   -.4405E+01   -.4344E+01   -.4284E+01   -.4228E+01   -.4175E+01   -.4124E+01   -.4076E+01   -.4032E+01   -.3988E+01   -.3947E+01   -.3909E+01   -.3873E+01   -.3839E+01   -.3808E+01   -.3776E+01   -.3748E+01   -.3720E+01   -.3694E+01   -.3668E+01   -.3644E+01   -.3620E+01   -.3598E+01   -.3577E+01   -.3556E+01   -.3538E+01   -.3518E+01   -.3501E+01   -.3484E+01   -.3468E+01   -.3453E+01   -.3438E+01   -.3424E+01   -.3410E+01   -.3397E+01   -.3385E+01   -.3374E+01   -.3362E+01   -.3352E+01   -.3341E+01   -.3332E+01   -.3322E+01   -.3314E+01   -.3305E+01   -.3297E+01   -.3290E+01   -.3283E+01   -.3277E+01   -.3273E+01   -.3270E+01   -.3263E+01   -.3258E+01   -.3255E+01   -.3251E+01   -.3246E+01   -.3243E+01   -.3240E+01   -.3237E+01   -.3232E+01   -.3229E+01   -.3227E+01   -.3225E+01   -.3221E+01   -.3218E+01   -.3216E+01   -.3214E+01   -.3212E+01   -.3211E+01   -.3208E+01   -.3206E+01   -.3205E+01   -.3203E+01   -.3202E+01   -.3202E+01   -.3200E+01   -.3198E+01   -.3197E+01   -.3196E+01   -.3195E+01   -.3194E+01   -.3193E+01   -.3192E+01   -.3190E+01   -.3189E+01   -.3188E+01   -.3188E+01   -.3187E+01   -.3186E+01   -.3185E+01   -.3184E+01   -.3183E+01   -.3183E+01
0.1183E+04   0.5233E+02   -.4399E+02   -.1630E+02   -.1024E+02   -.1093E+02   -.9952E+01   -.9990E+01   -.9462E+01   -.9187E+01   -.8800E+01   -.8495E+01   -.8199E+01   -.7941E+01   -.7695E+01   -.7490E+01   -.7283E+01   -.7108E+01   -.6923E+01   -.6767E+01   -.6598E+01   -.6454E+01   -.6302E+01   -.6170E+01   -.6031E+01   -.5911E+01   -.5783E+01   -.5672E+01   -.5560E+01   -.5459E+01   -.5355E+01   -.5263E+01   -.5169E+01   -.5088E+01   -.5002E+01   -.4927E+01   -.4853E+01   -.4785E+01   -.4718E+01   -.4656E+01   -.4594E+01   -.4538E+01   -.4484E+01   -.4432E+01   -.4384E+01   -.4337E+01   -.4293E+01   -.4252E+01   -.4213E+01   -.4176E+01   -.4140E+01   -.4110E+01   -.4076E+01   -.4048E+01   -.4019E+01   -.3992E+01   -.3967E+01   -.3942E+01   -.3918E+01   -.3894E+01   -.3873E+01   -.3852E+01   -.3832E+01   -.3813E+01   -.3794E+01   -.3777E+01   -.3761E+01   -.3745E+01   -.3731E+01   -.3715E+01   -.3702E+01   -.3689E+01   -.3676E+01   -.3664E+01   -.3653E+01   -.3642E+01   -.3631E+01   -.3621E+01   -.3612E+01   -.3602E+01   -.3594E+01   -.3586E+01   -.3579E+01   -.3572E+01   -.3566E+01   -.3560E+01   -.3555E+01   -.3549E+01   -.3544E+01   -.3539E+01   -.3534E+01   -.3530E+01   -.3526E+01   -.3522E+01   -.3518E+01   -.3515E+01   -.3511E+01   -.3508E+01   -.3505E+01   -.3502E+01   -.3499E+01   -.3496E+01   -.3494E+01   -.3491E+01   -.3489E+01   -.3487E+01   -.3485E+01   -.3483E+01   -.3481E+01   -.3480E+01   -.3478E+01   -.3476E+01   -.3475E+01   -.3473E+01   -.3472E+01   -.3470E+01   -.3469E+01   -.3467E+01   -.3466E+01   -.3464E+01   -.3463E+01   -.3462E+01   -.3461E+01   -.3459E+01   -.3458E+01   -.3457E+01   -.3456E+01   -.3455E+01   -.3454E+01   -.3453E+01
0.1184E+04   0.5267E+02   -.1289E+02   -.9394E+01   -.9916E+01   -.9057E+01   -.9109E+01   -.8604E+01   -.8340E+01   -.7956E+01   -.7652E+01   -.7343E+01   -.7091E+01   -.6854E+01   -.6658E+01   -.6471E+01   -.6307E+01   -.6143E+01   -.5999E+01   -.5842E+01   -.5702E+01   -.5558E+01   -.5425E+01   -.5291E+01   -.5169E+01   -.5047E+01   -.4932E+01   -.4818E+01   -.4715E+01   -.4612E+01   -.4518E+01   -.4424E+01   -.4338E+01   -.4253E+01   -.4179E+01   -.4101E+01   -.4032E+01   -.3962E+01   -.3900E+01   -.3838E+01   -.3781E+01   -.3724E+01   -.3674E+01   -.3622E+01   -.3577E+01   -.3531E+01   -.3491E+01   -.3449E+01   -.3413E+01   -.3377E+01   -.3343E+01   -.3311E+01   -.3281E+01   -.3251E+01   -.3224E+01   -.3197E+01   -.3172E+01   -.3149E+01   -.3124E+01   -.3103E+01   -.3080E+01   -.3061E+01   -.3040E+01   -.3023E+01   -.3004E+01   -.2988E+01   -.2971E+01   -.2956E+01   -.2941E+01   -.2928E+01   -.2914E+01   -.2901E+01   -.2888E+01   -.2877E+01   -.2866E+01   -.2855E+01   -.2845E+01   -.2835E+01   -.2826E+01   -.2817E+01   -.2808E+01   -.2801E+01   -.2795E+01   -.2789E+01   -.2783E+01   -.2778E+01   -.2773E+01   -.2769E+01   -.2764E+01   -.2760E+01   -.2756E+01   -.2753E+01   -.2749E+01   -.2746E+01   -.2743E+01   -.2740E+01   -.2737E+01   -.2734E+01   -.2731E+01   -.2729E+01   -.2726E+01   -.2724E+01   -.2722E+01   -.2720E+01   -.2718E+01   -.2716E+01   -.2714E+01   -.2712E+01   -.2710E+01   -.2708E+01   -.2707E+01   -.2705E+01   -.2704E+01   -.2702E+01   -.2700E+01   -.2699E+01   -.2697E+01   -.2696E+01   -.2695E+01   -.2693E+01   -.2692E+01   -.2691E+01   -.2689E+01   -.2688E+01   -.2687E+01   -.2686E+01   -.2685E+01   -.2684E+01   -.2683E+01   -.2682E+01
0.1185E+04   0.5300E+02   -.6853E+01   -.8561E+01   -.7685E+01   -.7933E+01   -.7458E+01   -.7250E+01   -.6874E+01   -.6577E+01   -.6266E+01   -.5993E+01   -.5763E+01   -.5570E+01   -.5401E+01   -.5253E+01   -.5120E+01   -.4990E+01   -.4860E+01   -.4729E+01   -.4594E+01   -.4470E+01   -.4339E+01   -.4221E+01   -.4098E+01   -.3985E+01   -.3873E+01   -.3769E+01   -.3664E+01   -.3567E+01   -.3472E+01   -.3384E+01   -.3298E+01   -.3219E+01   -.3142E+01   -.3070E+01   -.3000E+01   -.2934E+01   -.2871E+01   -.2813E+01   -.2757E+01   -.2704E+01   -.2653E+01   -.2604E+01   -.2558E+01   -.2516E+01   -.2474E+01   -.2437E+01   -.2400E+01   -.2367E+01   -.2334E+01   -.2302E+01   -.2273E+01   -.2244E+01   -.2217E+01   -.2190E+01   -.2166E+01   -.2141E+01   -.2119E+01   -.2096E+01   -.2076E+01   -.2056E+01   -.2037E+01   -.2019E+01   -.2002E+01   -.1984E+01   -.1969E+01   -.1954E+01   -.1940E+01   -.1926E+01   -.1913E+01   -.1900E+01   -.1888E+01   -.1877E+01   -.1865E+01   -.1855E+01   -.1845E+01   -.1836E+01   -.1826E+01   -.1818E+01   -.1809E+01   -.1803E+01   -.1797E+01   -.1792E+01   -.1787E+01   -.1782E+01   -.1778E+01   -.1774E+01   -.1771E+01   -.1767E+01   -.1764E+01   -.1761E+01   -.1758E+01   -.1755E+01   -.1753E+01   -.1750E+01   -.1748E+01   -.1745E+01   -.1743E+01   -.1741E+01   -.1739E+01   -.1737E+01   -.1735E+01   -.1733E+01   -.1731E+01   -.1729E+01   -.1727E+01   -.1726E+01   -.1724E+01   -.1722E+01   -.1720E+01   -.1719E+01   -.1717E+01   -.1716E+01   -.1714E+01   -.1713E+01   -.1711E+01   -.1710E+01   -.1708E+01   -.1707E+01   -.1706E+01   -.1704E+01   -.1703E+01   -.1702E+01   -.1701E+01   -.1700E+01   -.1699E+01   -.1698E+01   -.1697E+01   -.1696E+01
0.1055E+04   0.5333E+02   -.8982E+01   -.8316E+01   -.8970E+01   -.8401E+01   -.8265E+01   -.7849E+01   -.7544E+01   -.7198E+01   -.6901E+01   -.6617E+01   -.6392E+01   -.6193E+01   -.6034E+01   -.5886E+01   -.5736E+01   -.5603E+01   -.5473E+01   -.5344E+01   -.5212E+01   -.5087E+01   -.4959E+01   -.4840E+01   -.4719E+01   -.4606E+01   -.4495E+01   -.4388E+01   -.4285E+01   -.4188E+01   -.4094E+01   -.4005E+01   -.3919E+01   -.3838E+01   -.3759E+01   -.3690E+01   -.3621E+01   -.3554E+01   -.3495E+01   -.3433E+01   -.3380E+01   -.3322E+01   -.3275E+01   -.3223E+01   -.3178E+01   -.3135E+01   -.3095E+01   -.3057E+01   -.3021E+01   -.2986E+01   -.2954E+01   -.2922E+01   -.2893E+01   -.2865E+01   -.2837E+01   -.2811E+01   -.2785E+01   -.2763E+01   -.2739E+01   -.2718E+01   -.2696E+01   -.2677E+01   -.2657E+01   -.2640E+01   -.2622E+01   -.2605E+01   -.2590E+01   -.2574E+01   -.2560E+01   -.2546E+01   -.2533E+01   -.2520E+01   -.2508E+01   -.2496E+01   -.2486E+01   -.2474E+01   -.2465E+01   -.2455E+01   -.2446E+01   -.2437E+01   -.2429E+01   -.2423E+01   -.2417E+01   -.2412E+01   -.2407E+01   -.2403E+01   -.2399E+01   -.2395E+01   -.2392E+01   -.2389E+01   -.2386E+01   -.2383E+01   -.2380E+01   -.2378E+01   -.2375E+01   -.2373E+01   -.2370E+01   -.2368E+01   -.2366E+01   -.2364E+01   -.2362E+01   -.2360E+01   -.2358E+01   -.2356E+01   -.2354E+01   -.2352E+01   -.2350E+01   -.2348E+01   -.2347E+01   -.2345E+01   -.2343E+01   -.2341E+01   -.2340E+01   -.2338E+01   -.2337E+01   -.2335E+01   -.2334E+01   -.2332E+01   -.2331E+01   -.2329E+01   -.2328E+01   -.2327E+01   -.2326E+01   -.2325E+01   -.2323E+01   -.2322E+01   -.2321E+01   -.2320E+01   -.2319E+01   -.2318E+01
