0.1025E+04   0.0000E+00   -.3500E+02   -.3500E+02   -.3500E+02   -.3500E+02   -.3500E+02   -.3500E+02   -.3500E+02   -.3500E+02   -.3500E+02   -.3500E+02   -.3500E+02   -.3500E+02   -.3500E+02   -.3500E+02   -.3500E+02   -.3500E+02   -.3500E+02   -.3500E+02   -.3500E+02   -.3500E+02   -.3500E+02   -.3500E+02   -.3500E+02   -.3500E+02   -.3500E+02   -.3500E+02   -.3500E+02   -.3500E+02   -.3500E+02   -.3500E+02   -.3499E+02   -.3499E+02   -.3499E+02   -.3499E+02   -.3499E+02   -.3499E+02   -.3499E+02   -.3499E+02   -.3499E+02   -.3499E+02   -.3499E+02   -.3499E+02   -.3499E+02   -.3499E+02   -.3499E+02   -.3499E+02   -.3499E+02   -.3499E+02   -.3499E+02   -.3499E+02   -.3499E+02   -.3499E+02   -.3498E+02   -.3498E+02   -.3498E+02   -.3498E+02   -.3498E+02   -.3498E+02   -.3498E+02   -.3498E+02   -.3498E+02   -.3498E+02   -.3498E+02   -.3498E+02   -.3498E+02   -.3497E+02   -.3497E+02   -.3497E+02   -.3497E+02   -.3497E+02   -.3497E+02   -.3497E+02   -.3497E+02   -.3497E+02   -.3497E+02   -.3496E+02   -.3496E+02   -.3496E+02   -.3496E+02   -.3496E+02   -.3496E+02   -.3496E+02   -.3496E+02   -.3496E+02   -.3495E+02   -.3495E+02   -.3495E+02   -.3495E+02   -.3495E+02   -.3495E+02   -.3495E+02   -.3495E+02   -.3495E+02   -.3494E+02   -.3494E+02   -.3494E+02   -.3494E+02   -.3494E+02   -.3494E+02   -.3494E+02   -.3494E+02   -.3494E+02   -.3494E+02   -.3494E+02   -.3494E+02   -.3494E+02   -.3494E+02   -.3494E+02   -.3494E+02   -.3494E+02   -.3494E+02   -.3495E+02   -.3495E+02   -.3495E+02   -.3495E+02   -.3495E+02   -.3496E+02   -.3496E+02   -.3496E+02   -.3497E+02   -.3497E+02   -.3498E+02   -.3499E+02   -.3499E+02   -.3500E+02   -.3501E+02   -.3502E+02   -.3503E+02
0.1026E+04   0.1322E+01   -.3500E+02   -.3500E+02   -.3500E+02   -.3500E+02   -.3500E+02   -.3500E+02   -.3500E+02   -.3500E+02   -.3500E+02   -.3500E+02   -.3500E+02   -.3500E+02   -.3500E+02   -.3500E+02   -.3500E+02   -.3500E+02   -.3500E+02   -.3500E+02   -.3500E+02   -.3500E+02   -.3500E+02   -.3500E+02   -.3500E+02   -.3500E+02   -.3500E+02   -.3500E+02   -.3500E+02   -.3500E+02   -.3500E+02   -.3500E+02   -.3500E+02   -.3500E+02   -.3499E+02   -.3499E+02   -.3499E+02   -.3499E+02   -.3499E+02   -.3499E+02   -.3499E+02   -.3499E+02   -.3499E+02   -.3499E+02   -.3499E+02   -.3499E+02   -.3499E+02   -.3499E+02   -.3499E+02   -.3499E+02   -.3499E+02   -.3499E+02   -.3499E+02   -.3499E+02   -.3499E+02   -.3499E+02   -.3499E+02   -.3498E+02   -.3498E+02   -.3498E+02   -.3498E+02   -.3498E+02   -.3498E+02   -.3498E+02   -.3498E+02   -.3498E+02   -.3498E+02   -.3498E+02   -.3498E+02   -.3498E+02   -.3497E+02   -.3497E+02   -.3497E+02   -.3497E+02   -.3497E+02   -.3497E+02   -.3497E+02   -.3497E+02   -.3497E+02   -.3497E+02   -.3497E+02   -.3496E+02   -.3496E+02   -.3496E+02   -.3496E+02   -.3496E+02   -.3496E+02   -.3496E+02   -.3496E+02   -.3496E+02   -.3496E+02   -.3496E+02   -.3496E+02   -.3495E+02   -.3495E+02   -.3495E+02   -.3495E+02   -.3495E+02   -.3495E+02   -.3495E+02   -.3495E+02   -.3495E+02   -.3495E+02   -.3495E+02   -.3495E+02   -.3495E+02   -.3495E+02   -.3495E+02   -.3495E+02   -.3496E+02   -.3496E+02   -.3496E+02   -.3496E+02   -.3496E+02   -.3496E+02   -.3497E+02   -.3497E+02   -.3497E+02   -.3498E+02   -.3498E+02   -.3499E+02   -.3499E+02   -.3500E+02   -.3500E+02   -.3501E+02   -.3502E+02   -.3503E+02   -.3504E+02   -.3505E+02   -.3507E+02
0.1027E+04   0.2500E+01   -.3500E+02   -.3500E+02   -.3500E+02   -.3500E+02   -.3500E+02   -.3500E+02   -.3500E+02   -.3500E+02   -.3500E+02   -.3500E+02   -.3500E+02   -.3500E+02   -.3500E+02   -.3500E+02   -.3500E+02   -.3500E+02   -.3500E+02   -.3500E+02   -.3500E+02   -.3500E+02   -.3500E+02   -.3500E+02   -.3500E+02   -.3500E+02   -.3500E+02   -.3500E+02   -.3500E+02   -.3500E+02   -.3500E+02   -.3500E+02   -.3500E+02   -.3500E+02   -.3500E+02   -.3500E+02   -.3499E+02   -.3499E+02   -.3499E+02   -.3499E+02   -.3499E+02   -.3499E+02   -.3499E+02   -.3499E+02   -.3499E+02   -.3499E+02   -.3499E+02   -.3499E+02   -.3499E+02   -.3499E+02   -.3499E+02   -.3499E+02   -.3499E+02   -.3499E+02   -.3499E+02   -.3499E+02   -.3499E+02   -.3499E+02   -.3499E+02   -.3499E+02   -.3499E+02   -.3499E+02   -.3498E+02   -.3498E+02   -.3498E+02   -.3498E+02   -.3498E+02   -.3498E+02   -.3498E+02   -.3498E+02   -.3498E+02   -.3498E+02   -.3498E+02   -.3498E+02   -.3498E+02   -.3498E+02   -.3498E+02   -.3498E+02   -.3497E+02   -.3497E+02   -.3497E+02   -.3497E+02   -.3497E+02   -.3497E+02   -.3497E+02   -.3497E+02   -.3497E+02   -.3497E+02   -.3497E+02   -.3497E+02   -.3497E+02   -.3497E+02   -.3497E+02   -.3497E+02   -.3497E+02   -.3497E+02   -.3497E+02   -.3497E+02   -.3497E+02   -.3497E+02   -.3497E+02   -.3497E+02   -.3497E+02   -.3497E+02   -.3497E+02   -.3497E+02   -.3497E+02   -.3498E+02   -.3498E+02   -.3498E+02   -.3498E+02   -.3498E+02   -.3499E+02   -.3499E+02   -.3499E+02   -.3500E+02   -.3500E+02   -.3500E+02   -.3501E+02   -.3502E+02   -.3502E+02   -.3503E+02   -.3504E+02   -.3505E+02   -.3506E+02   -.3507E+02   -.3508E+02   -.3509E+02   -.3511E+02   -.3512E+02
0.1028E+04   0.3550E+01   -.3500E+02   -.3500E+02   -.3500E+02   -.3500E+02   -.3500E+02   -.3500E+02   -.3500E+02   -.3500E+02   -.3500E+02   -.3500E+02   -.3500E+02   -.3500E+02   -.3500E+02   -.3500E+02   -.3500E+02   -.3500E+02   -.3500E+02   -.3500E+02   -.3500E+02   -.3500E+02   -.3500E+02   -.3500E+02   -.3500E+02   -.3500E+02   -.3500E+02   -.3500E+02   -.3500E+02   -.3500E+02   -.3500E+02   -.3500E+02   -.3500E+02   -.3500E+02   -.3500E+02   -.3500E+02   -.3500E+02   -.3500E+02   -.3499E+02   -.3499E+02   -.3499E+02   -.3499E+02   -.3499E+02   -.3499E+02   -.3499E+02   -.3499E+02   -.3499E+02   -.3499E+02   -.3499E+02   -.3499E+02   -.3499E+02   -.3499E+02   -.3499E+02   -.3499E+02   -.3499E+02   -.3499E+02   -.3499E+02   -.3499E+02   -.3499E+02   -.3499E+02   -.3499E+02   -.3499E+02   -.3499E+02   -.3499E+02   -.3499E+02   -.3499E+02   -.3499E+02   -.3498E+02   -.3498E+02   -.3498E+02   -.3498E+02   -.3498E+02   -.3498E+02   -.3498E+02   -.3498E+02   -.3498E+02   -.3498E+02   -.3498E+02   -.3498E+02   -.3498E+02   -.3498E+02   -.3498E+02   -.3498E+02   -.3498E+02   -.3498E+02   -.3498E+02   -.3498E+02   -.3498E+02   -.3498E+02   -.3498E+02   -.3498E+02   -.3498E+02   -.3498E+02   -.3498E+02   -.3498E+02   -.3498E+02   -.3498E+02   -.3498E+02   -.3498E+02   -.3498E+02   -.3498E+02   -.3498E+02   -.3498E+02   -.3499E+02   -.3499E+02   -.3499E+02   -.3499E+02   -.3499E+02   -.3500E+02   -.3500E+02   -.3500E+02   -.3500E+02   -.3501E+02   -.3501E+02   -.3502E+02   -.3502E+02   -.3503E+02   -.3503E+02   -.3504E+02   -.3505E+02   -.3505E+02   -.3506E+02   -.3507E+02   -.3508E+02   -.3510E+02   -.3511E+02   -.3513E+02   -.3514E+02   -.3516E+02   -.3519E+02
0.1029E+04   0.4486E+01   -.3500E+02   -.3500E+02   -.3500E+02   -.3500E+02   -.3500E+02   -.3500E+02   -.3500E+02   -.3500E+02   -.3500E+02   -.3500E+02   -.3500E+02   -.3500E+02   -.3500E+02   -.3500E+02   -.3500E+02   -.3500E+02   -.3500E+02   -.3500E+02   -.3500E+02   -.3500E+02   -.3500E+02   -.3500E+02   -.3500E+02   -.3500E+02   -.3500E+02   -.3500E+02   -.3500E+02   -.3500E+02   -.3500E+02   -.3500E+02   -.3500E+02   -.3500E+02   -.3500E+02   -.3500E+02   -.3500E+02   -.3500E+02   -.3500E+02   -.3500E+02   -.3499E+02   -.3499E+02   -.3499E+02   -.3499E+02   -.3499E+02   -.3499E+02   -.3499E+02   -.3499E+02   -.3499E+02   -.3499E+02   -.3499E+02   -.3499E+02   -.3499E+02   -.3499E+02   -.3499E+02   -.3499E+02   -.3499E+02   -.3499E+02   -.3499E+02   -.3499E+02   -.3499E+02   -.3499E+02   -.3499E+02   -.3499E+02   -.3499E+02   -.3499E+02   -.3499E+02   -.3499E+02   -.3499E+02   -.3499E+02   -.3499E+02   -.3499E+02   -.3499E+02   -.3499E+02   -.3499E+02   -.3499E+02   -.3498E+02   -.3498E+02   -.3498E+02   -.3498E+02   -.3498E+02   -.3498E+02   -.3498E+02   -.3498E+02   -.3498E+02   -.3498E+02   -.3498E+02   -.3498E+02   -.3498E+02   -.3499E+02   -.3499E+02   -.3499E+02   -.3499E+02   -.3499E+02   -.3499E+02   -.3499E+02   -.3499E+02   -.3499E+02   -.3499E+02   -.3499E+02   -.3499E+02   -.3500E+02   -.3500E+02   -.3500E+02   -.3500E+02   -.3500E+02   -.3501E+02   -.3501E+02   -.3501E+02   -.3502E+02   -.3502E+02   -.3502E+02   -.3503E+02   -.3503E+02   -.3504E+02   -.3504E+02   -.3505E+02   -.3506E+02   -.3507E+02   -.3508E+02   -.3509E+02   -.3510E+02   -.3511E+02   -.3512E+02   -.3514E+02   -.3516E+02   -.3518E+02   -.3520E+02   -.3523E+02   -.3527E+02
0.1030E+04   0.5320E+01   -.3500E+02   -.3500E+02   -.3500E+02   -.3500E+02   -.3500E+02   -.3500E+02   -.3500E+02   -.3500E+02   -.3500E+02   -.3500E+02   -.3500E+02   -.3500E+02   -.3500E+02   -.3500E+02   -.3500E+02   -.3500E+02   -.3500E+02   -.3500E+02   -.3500E+02   -.3500E+02   -.3500E+02   -.3500E+02   -.3500E+02   -.3500E+02   -.3500E+02   -.3500E+02   -.3500E+02   -.3500E+02   -.3500E+02   -.3500E+02   -.3500E+02   -.3500E+02   -.3500E+02   -.3500E+02   -.3500E+02   -.3500E+02   -.3500E+02   -.3500E+02   -.3500E+02   -.3499E+02   -.3499E+02   -.3499E+02   -.3499E+02   -.3499E+02   -.3499E+02   -.3499E+02   -.3499E+02   -.3499E+02   -.3499E+02   -.3499E+02   -.3499E+02   -.3499E+02   -.3499E+02   -.3499E+02   -.3499E+02   -.3499E+02   -.3499E+02   -.3499E+02   -.3499E+02   -.3499E+02   -.3499E+02   -.3499E+02   -.3499E+02   -.3499E+02   -.3499E+02   -.3499E+02   -.3499E+02   -.3499E+02   -.3499E+02   -.3499E+02   -.3499E+02   -.3499E+02   -.3499E+02   -.3499E+02   -.3499E+02   -.3499E+02   -.3499E+02   -.3499E+02   -.3499E+02   -.3499E+02   -.3499E+02   -.3499E+02   -.3499E+02   -.3499E+02   -.3499E+02   -.3499E+02   -.3499E+02   -.3499E+02   -.3499E+02   -.3499E+02   -.3499E+02   -.3499E+02   -.3500E+02   -.3500E+02   -.3500E+02   -.3500E+02   -.3500E+02   -.3500E+02   -.3500E+02   -.3501E+02   -.3501E+02   -.3501E+02   -.3501E+02   -.3502E+02   -.3502E+02   -.3502E+02   -.3503E+02   -.3503E+02   -.3504E+02   -.3504E+02   -.3505E+02   -.3505E+02   -.3506E+02   -.3507E+02   -.3508E+02   -.3509E+02   -.3510E+02   -.3511E+02   -.3512E+02   -.3514E+02   -.3515E+02   -.3517E+02   -.3519E+02   -.3522E+02   -.3525E+02   -.3528E+02   -.3532E+02   -.3537E+02
0.1031E+04   0.6064E+01   -.3500E+02   -.3500E+02   -.3500E+02   -.3500E+02   -.3500E+02   -.3500E+02   -.3500E+02   -.3500E+02   -.3500E+02   -.3500E+02   -.3500E+02   -.3500E+02   -.3500E+02   -.3500E+02   -.3500E+02   -.3500E+02   -.3500E+02   -.3500E+02   -.3500E+02   -.3500E+02   -.3500E+02   -.3500E+02   -.3500E+02   -.3500E+02   -.3500E+02   -.3500E+02   -.3500E+02   -.3500E+02   -.3500E+02   -.3500E+02   -.3500E+02   -.3500E+02   -.3500E+02   -.3500E+02   -.3500E+02   -.3500E+02   -.3500E+02   -.3500E+02   -.3500E+02   -.3500E+02   -.3499E+02   -.3499E+02   -.3499E+02   -.3499E+02   -.3499E+02   -.3499E+02   -.3499E+02   -.3499E+02   -.3499E+02   -.3499E+02   -.3499E+02   -.3499E+02   -.3499E+02   -.3499E+02   -.3499E+02   -.3499E+02   -.3499E+02   -.3499E+02   -.3499E+02   -.3499E+02   -.3499E+02   -.3499E+02   -.3499E+02   -.3499E+02   -.3499E+02   -.3499E+02   -.3499E+02   -.3499E+02   -.3499E+02   -.3499E+02   -.3499E+02   -.3499E+02   -.3499E+02   -.3499E+02   -.3499E+02   -.3499E+02   -.3499E+02   -.3499E+02   -.3499E+02   -.3499E+02   -.3499E+02   -.3499E+02   -.3499E+02   -.3499E+02   -.3499E+02   -.3499E+02   -.3500E+02   -.3500E+02   -.3500E+02   -.3500E+02   -.3500E+02   -.3500E+02   -.3500E+02   -.3500E+02   -.3501E+02   -.3501E+02   -.3501E+02   -.3501E+02   -.3501E+02   -.3502E+02   -.3502E+02   -.3502E+02   -.3503E+02   -.3503E+02   -.3503E+02   -.3504E+02   -.3504E+02   -.3505E+02   -.3505E+02   -.3506E+02   -.3507E+02   -.3507E+02   -.3508E+02   -.3509E+02   -.3510E+02   -.3511E+02   -.3513E+02   -.3514E+02   -.3516E+02   -.3518E+02   -.3520E+02   -.3522E+02   -.3525E+02   -.3529E+02   -.3533E+02   -.3538E+02   -.3544E+02   -.3552E+02
0.1032E+04   0.6727E+01   -.3500E+02   -.3500E+02   -.3500E+02   -.3500E+02   -.3500E+02   -.3500E+02   -.3500E+02   -.3500E+02   -.3500E+02   -.3500E+02   -.3500E+02   -.3500E+02   -.3500E+02   -.3500E+02   -.3500E+02   -.3500E+02   -.3500E+02   -.3500E+02   -.3500E+02   -.3500E+02   -.3500E+02   -.3500E+02   -.3500E+02   -.3500E+02   -.3500E+02   -.3500E+02   -.3500E+02   -.3500E+02   -.3500E+02   -.3500E+02   -.3500E+02   -.3500E+02   -.3500E+02   -.3500E+02   -.3500E+02   -.3500E+02   -.3500E+02   -.3500E+02   -.3500E+02   -.3500E+02   -.3500E+02   -.3499E+02   -.3499E+02   -.3499E+02   -.3499E+02   -.3499E+02   -.3499E+02   -.3499E+02   -.3499E+02   -.3499E+02   -.3499E+02   -.3499E+02   -.3499E+02   -.3499E+02   -.3499E+02   -.3499E+02   -.3499E+02   -.3499E+02   -.3499E+02   -.3499E+02   -.3499E+02   -.3499E+02   -.3499E+02   -.3499E+02   -.3499E+02   -.3499E+02   -.3499E+02   -.3499E+02   -.3499E+02   -.3499E+02   -.3499E+02   -.3499E+02   -.3499E+02   -.3499E+02   -.3499E+02   -.3499E+02   -.3499E+02   -.3499E+02   -.3499E+02   -.3499E+02   -.3500E+02   -.3500E+02   -.3500E+02   -.3500E+02   -.3500E+02   -.3500E+02   -.3500E+02   -.3500E+02   -.3500E+02   -.3500E+02   -.3501E+02   -.3501E+02   -.3501E+02   -.3501E+02   -.3501E+02   -.3501E+02   -.3502E+02   -.3502E+02   -.3502E+02   -.3503E+02   -.3503E+02   -.3503E+02   -.3504E+02   -.3504E+02   -.3505E+02   -.3505E+02   -.3506E+02   -.3506E+02   -.3507E+02   -.3508E+02   -.3509E+02   -.3509E+02   -.3510E+02   -.3512E+02   -.3513E+02   -.3514E+02   -.3516E+02   -.3518E+02   -.3520E+02   -.3523E+02   -.3526E+02   -.3529E+02   -.3533E+02   -.3538E+02   -.3544E+02   -.3552E+02   -.3561E+02   -.3573E+02
0.1033E+04   0.7318E+01   -.3500E+02   -.3500E+02   -.3500E+02   -.3500E+02   -.3500E+02   -.3500E+02   -.3500E+02   -.3500E+02   -.3500E+02   -.3500E+02   -.3500E+02   -.3500E+02   -.3500E+02   -.3500E+02   -.3500E+02   -.3500E+02   -.3500E+02   -.3500E+02   -.3500E+02   -.3500E+02   -.3500E+02   -.3500E+02   -.3500E+02   -.3500E+02   -.3500E+02   -.3500E+02   -.3500E+02   -.3500E+02   -.3500E+02   -.3500E+02   -.3500E+02   -.3500E+02   -.3500E+02   -.3500E+02   -.3500E+02   -.3500E+02   -.3500E+02   -.3500E+02   -.3500E+02   -.3500E+02   -.3500E+02   -.3499E+02   -.3499E+02   -.3499E+02   -.3499E+02   -.3499E+02   -.3499E+02   -.3499E+02   -.3499E+02   -.3499E+02   -.3499E+02   -.3499E+02   -.3499E+02   -.3499E+02   -.3499E+02   -.3499E+02   -.3499E+02   -.3499E+02   -.3499E+02   -.3499E+02   -.3499E+02   -.3499E+02   -.3499E+02   -.3499E+02   -.3499E+02   -.3499E+02   -.3499E+02   -.3499E+02   -.3499E+02   -.3499E+02   -.3499E+02   -.3499E+02   -.3499E+02   -.3499E+02   -.3500E+02   -.3500E+02   -.3500E+02   -.3500E+02   -.3500E+02   -.3500E+02   -.3500E+02   -.3500E+02   -.3500E+02   -.3500E+02   -.3500E+02   -.3500E+02   -.3500E+02   -.3501E+02   -.3501E+02   -.3501E+02   -.3501E+02   -.3501E+02   -.3501E+02   -.3502E+02   -.3502E+02   -.3502E+02   -.3502E+02   -.3503E+02   -.3503E+02   -.3503E+02   -.3504E+02   -.3504E+02   -.3505E+02   -.3505E+02   -.3506E+02   -.3506E+02   -.3507E+02   -.3508E+02   -.3509E+02   -.3509E+02   -.3510E+02   -.3512E+02   -.3513E+02   -.3514E+02   -.3516E+02   -.3518E+02   -.3520E+02   -.3522E+02   -.3525E+02   -.3528E+02   -.3532E+02   -.3537E+02   -.3543E+02   -.3550E+02   -.3559E+02   -.3570E+02   -.3584E+02   -.3605E+02
0.1034E+04   0.7845E+01   -.3500E+02   -.3500E+02   -.3500E+02   -.3500E+02   -.3500E+02   -.3500E+02   -.3500E+02   -.3500E+02   -.3500E+02   -.3500E+02   -.3500E+02   -.3500E+02   -.3500E+02   -.3500E+02   -.3500E+02   -.3500E+02   -.3500E+02   -.3500E+02   -.3500E+02   -.3500E+02   -.3500E+02   -.3500E+02   -.3500E+02   -.3500E+02   -.3500E+02   -.3500E+02   -.3500E+02   -.3500E+02   -.3500E+02   -.3500E+02   -.3500E+02   -.3500E+02   -.3500E+02   -.3500E+02   -.3500E+02   -.3500E+02   -.3500E+02   -.3500E+02   -.3500E+02   -.3500E+02   -.3500E+02   -.3500E+02   -.3499E+02   -.3499E+02   -.3499E+02   -.3499E+02   -.3499E+02   -.3499E+02   -.3499E+02   -.3499E+02   -.3499E+02   -.3499E+02   -.3499E+02   -.3499E+02   -.3499E+02   -.3499E+02   -.3499E+02   -.3499E+02   -.3499E+02   -.3499E+02   -.3499E+02   -.3499E+02   -.3499E+02   -.3499E+02   -.3499E+02   -.3499E+02   -.3499E+02   -.3499E+02   -.3499E+02   -.3499E+02   -.3500E+02   -.3500E+02   -.3500E+02   -.3500E+02   -.3500E+02   -.3500E+02   -.3500E+02   -.3500E+02   -.3500E+02   -.3500E+02   -.3500E+02   -.3500E+02   -.3500E+02   -.3500E+02   -.3501E+02   -.3501E+02   -.3501E+02   -.3501E+02   -.3501E+02   -.3501E+02   -.3502E+02   -.3502E+02   -.3502E+02   -.3502E+02   -.3502E+02   -.3503E+02   -.3503E+02   -.3503E+02   -.3504E+02   -.3504E+02   -.3505E+02   -.3505E+02   -.3506E+02   -.3506E+02   -.3507E+02   -.3508E+02   -.3508E+02   -.3509E+02   -.3510E+02   -.3511E+02   -.3512E+02   -.3514E+02   -.3515E+02   -.3517E+02   -.3519E+02   -.3521E+02   -.3524E+02   -.3527E+02   -.3530E+02   -.3535E+02   -.3540E+02   -.3546E+02   -.3555E+02   -.3565E+02   -.3578E+02   -.3595E+02   -.3619E+02   -.3649E+02
0.1035E+04   0.8315E+01   -.3500E+02   -.3500E+02   -.3500E+02   -.3500E+02   -.3500E+02   -.3500E+02   -.3500E+02   -.3500E+02   -.3500E+02   -.3500E+02   -.3500E+02   -.3500E+02   -.3500E+02   -.3500E+02   -.3500E+02   -.3500E+02   -.3500E+02   -.3500E+02   -.3500E+02   -.3500E+02   -.3500E+02   -.3500E+02   -.3500E+02   -.3500E+02   -.3500E+02   -.3500E+02   -.3500E+02   -.3500E+02   -.3500E+02   -.3500E+02   -.3500E+02   -.3500E+02   -.3500E+02   -.3500E+02   -.3500E+02   -.3500E+02   -.3500E+02   -.3500E+02   -.3500E+02   -.3500E+02   -.3500E+02   -.3500E+02   -.3500E+02   -.3499E+02   -.3499E+02   -.3499E+02   -.3499E+02   -.3499E+02   -.3499E+02   -.3499E+02   -.3499E+02   -.3499E+02   -.3499E+02   -.3499E+02   -.3499E+02   -.3499E+02   -.3499E+02   -.3499E+02   -.3499E+02   -.3499E+02   -.3499E+02   -.3499E+02   -.3499E+02   -.3499E+02   -.3499E+02   -.3500E+02   -.3500E+02   -.3500E+02   -.3500E+02   -.3500E+02   -.3500E+02   -.3500E+02   -.3500E+02   -.3500E+02   -.3500E+02   -.3500E+02   -.3500E+02   -.3500E+02   -.3500E+02   -.3500E+02   -.3500E+02   -.3500E+02   -.3501E+02   -.3501E+02   -.3501E+02   -.3501E+02   -.3501E+02   -.3501E+02   -.3502E+02   -.3502E+02   -.3502E+02   -.3502E+02   -.3502E+02   -.3503E+02   -.3503E+02   -.3503E+02   -.3504E+02   -.3504E+02   -.3505E+02   -.3505E+02   -.3506E+02   -.3506E+02   -.3507E+02   -.3507E+02   -.3508E+02   -.3509E+02   -.3510E+02   -.3511E+02   -.3512E+02   -.3513E+02   -.3514E+02   -.3516E+02   -.3518E+02   -.3520E+02   -.3522E+02   -.3525E+02   -.3528E+02   -.3532E+02   -.3537E+02   -.3543E+02   -.3549E+02   -.3558E+02   -.3569E+02   -.3584E+02   -.3603E+02   -.3631E+02   -.3665E+02   -.3724E+02
0.1036E+04   0.8733E+01   -.3500E+02   -.3500E+02   -.3500E+02   -.3500E+02   -.3500E+02   -.3500E+02   -.3500E+02   -.3500E+02   -.3500E+02   -.3500E+02   -.3500E+02   -.3500E+02   -.3500E+02   -.3500E+02   -.3500E+02   -.3500E+02   -.3500E+02   -.3500E+02   -.3500E+02   -.3500E+02   -.3500E+02   -.3500E+02   -.3500E+02   -.3500E+02   -.3500E+02   -.3500E+02   -.3500E+02   -.3500E+02   -.3500E+02   -.3500E+02   -.3500E+02   -.3500E+02   -.3500E+02   -.3500E+02   -.3500E+02   -.3500E+02   -.3500E+02   -.3500E+02   -.3500E+02   -.3500E+02   -.3500E+02   -.3500E+02   -.3500E+02   -.3499E+02   -.3499E+02   -.3499E+02   -.3499E+02   -.3499E+02   -.3499E+02   -.3499E+02   -.3499E+02   -.3499E+02   -.3499E+02   -.3499E+02   -.3499E+02   -.3499E+02   -.3499E+02   -.3499E+02   -.3499E+02   -.3499E+02   -.3499E+02   -.3499E+02   -.3500E+02   -.3500E+02   -.3500E+02   -.3500E+02   -.3500E+02   -.3500E+02   -.3500E+02   -.3500E+02   -.3500E+02   -.3500E+02   -.3500E+02   -.3500E+02   -.3500E+02   -.3500E+02   -.3500E+02   -.3500E+02   -.3500E+02   -.3500E+02   -.3501E+02   -.3501E+02   -.3501E+02   -.3501E+02   -.3501E+02   -.3501E+02   -.3502E+02   -.3502E+02   -.3502E+02   -.3502E+02   -.3502E+02   -.3503E+02   -.3503E+02   -.3503E+02   -.3504E+02   -.3504E+02   -.3504E+02   -.3505E+02   -.3505E+02   -.3506E+02   -.3506E+02   -.3507E+02   -.3508E+02   -.3508E+02   -.3509E+02   -.3510E+02   -.3511E+02   -.3512E+02   -.3514E+02   -.3515E+02   -.3517E+02   -.3518E+02   -.3521E+02   -.3523E+02   -.3526E+02   -.3529E+02   -.3533E+02   -.3538E+02   -.3544E+02   -.3552E+02   -.3561E+02   -.3573E+02   -.3589E+02   -.3609E+02   -.3638E+02   -.3676E+02   -.3739E+02   -.3807E+02
0.1037E+04   0.9107E+01   -.3500E+02   -.3500E+02   -.3500E+02   -.3500E+02   -.3500E+02   -.3500E+02   -.3500E+02   -.3500E+02   -.3500E+02   -.3500E+02   -.3500E+02   -.3500E+02   -.3500E+02   -.3500E+02   -.3500E+02   -.3500E+02   -.3500E+02   -.3500E+02   -.3500E+02   -.3500E+02   -.3500E+02   -.3500E+02   -.3500E+02   -.3500E+02   -.3500E+02   -.3500E+02   -.3500E+02   -.3500E+02   -.3500E+02   -.3500E+02   -.3500E+02   -.3500E+02   -.3500E+02   -.3500E+02   -.3500E+02   -.3500E+02   -.3500E+02   -.3500E+02   -.3500E+02   -.3500E+02   -.3500E+02   -.3500E+02   -.3500E+02   -.3500E+02   -.3499E+02   -.3499E+02   -.3499E+02   -.3499E+02   -.3499E+02   -.3499E+02   -.3499E+02   -.3499E+02   -.3499E+02   -.3499E+02   -.3499E+02   -.3499E+02   -.3499E+02   -.3499E+02   -.3500E+02   -.3500E+02   -.3500E+02   -.3500E+02   -.3500E+02   -.3500E+02   -.3500E+02   -.3500E+02   -.3500E+02   -.3500E+02   -.3500E+02   -.3500E+02   -.3500E+02   -.3500E+02   -.3500E+02   -.3500E+02   -.3500E+02   -.3500E+02   -.3500E+02   -.3500E+02   -.3501E+02   -.3501E+02   -.3501E+02   -.3501E+02   -.3501E+02   -.3501E+02   -.3501E+02   -.3502E+02   -.3502E+02   -.3502E+02   -.3502E+02   -.3503E+02   -.3503E+02   -.3503E+02   -.3503E+02   -.3504E+02   -.3504E+02   -.3505E+02   -.3505E+02   -.3505E+02   -.3506E+02   -.3507E+02   -.3507E+02   -.3508E+02   -.3509E+02   -.3509E+02   -.3510E+02   -.3511E+02   -.3513E+02   -.3514E+02   -.3515E+02   -.3517E+02   -.3519E+02   -.3521E+02   -.3523E+02   -.3526E+02   -.3530E+02   -.3534E+02   -.3539E+02   -.3545E+02   -.3553E+02   -.3562E+02   -.3574E+02   -.3591E+02   -.3612E+02   -.3642E+02   -.3681E+02   -.3747E+02   -.3818E+02   -.4001E+02
0.1038E+04   0.9439E+01   -.3500E+02   -.3500E+02   -.3500E+02   -.3500E+02   -.3500E+02   -.3500E+02   -.3500E+02   -.3500E+02   -.3500E+02   -.3500E+02   -.3500E+02   -.3500E+02   -.3500E+02   -.3500E+02   -.3500E+02   -.3500E+02   -.3500E+02   -.3500E+02   -.3500E+02   -.3500E+02   -.3500E+02   -.3500E+02   -.3500E+02   -.3500E+02   -.3500E+02   -.3500E+02   -.3500E+02   -.3500E+02   -.3500E+02   -.3500E+02   -.3500E+02   -.3500E+02   -.3500E+02   -.3500E+02   -.3500E+02   -.3500E+02   -.3500E+02   -.3500E+02   -.3500E+02   -.3500E+02   -.3500E+02   -.3500E+02   -.3500E+02   -.3500E+02   -.3500E+02   -.3500E+02   -.3499E+02   -.3499E+02   -.3499E+02   -.3499E+02   -.3499E+02   -.3499E+02   -.3499E+02   -.3499E+02   -.3500E+02   -.3500E+02   -.3500E+02   -.3500E+02   -.3500E+02   -.3500E+02   -.3500E+02   -.3500E+02   -.3500E+02   -.3500E+02   -.3500E+02   -.3500E+02   -.3500E+02   -.3500E+02   -.3500E+02   -.3500E+02   -.3500E+02   -.3500E+02   -.3500E+02   -.3500E+02   -.3500E+02   -.3500E+02   -.3500E+02   -.3501E+02   -.3501E+02   -.3501E+02   -.3501E+02   -.3501E+02   -.3501E+02   -.3501E+02   -.3502E+02   -.3502E+02   -.3502E+02   -.3502E+02   -.3503E+02   -.3503E+02   -.3503E+02   -.3503E+02   -.3504E+02   -.3504E+02   -.3505E+02   -.3505E+02   -.3506E+02   -.3506E+02   -.3507E+02   -.3507E+02   -.3508E+02   -.3509E+02   -.3510E+02   -.3510E+02   -.3511E+02   -.3513E+02   -.3514E+02   -.3515E+02   -.3517E+02   -.3519E+02   -.3521E+02   -.3523E+02   -.3526E+02   -.3530E+02   -.3534E+02   -.3539E+02   -.3545E+02   -.3552E+02   -.3562E+02   -.3574E+02   -.3590E+02   -.3611E+02   -.3642E+02   -.3680E+02   -.3747E+02   -.3816E+02   -.3996E+02   -.4069E+02
0.1039E+04   0.9736E+01   -.3500E+02   -.3500E+02   -.3500E+02   -.3500E+02   -.3500E+02   -.3500E+02   -.3500E+02   -.3500E+02   -.3500E+02   -.3500E+02   -.3500E+02   -.3500E+02   -.3500E+02   -.3500E+02   -.3500E+02   -.3500E+02   -.3500E+02   -.3500E+02   -.3500E+02   -.3500E+02   -.3500E+02   -.3500E+02   -.3500E+02   -.3500E+02   -.3500E+02   -.3500E+02   -.3500E+02   -.3500E+02   -.3500E+02   -.3500E+02   -.3500E+02   -.3500E+02   -.3500E+02   -.3500E+02   -.3500E+02   -.3500E+02   -.3500E+02   -.3500E+02   -.3500E+02   -.3500E+02   -.3500E+02   -.3500E+02   -.3500E+02   -.3500E+02   -.3500E+02   -.3500E+02   -.3500E+02   -.3500E+02   -.3500E+02   -.3500E+02   -.3500E+02   -.3500E+02   -.3500E+02   -.3500E+02   -.3500E+02   -.3500E+02   -.3500E+02   -.3500E+02   -.3500E+02   -.3500E+02   -.3500E+02   -.3500E+02   -.3500E+02   -.3500E+02   -.3500E+02   -.3500E+02   -.3500E+02   -.3500E+02   -.3500E+02   -.3500E+02   -.3500E+02   -.3500E+02   -.3500E+02   -.3500E+02   -.3500E+02   -.3501E+02   -.3501E+02   -.3501E+02   -.3501E+02   -.3501E+02   -.3501E+02   -.3501E+02   -.3502E+02   -.3502E+02   -.3502E+02   -.3502E+02   -.3502E+02   -.3503E+02   -.3503E+02   -.3503E+02   -.3504E+02   -.3504E+02   -.3504E+02   -.3505E+02   -.3505E+02   -.3506E+02   -.3506E+02   -.3507E+02   -.3507E+02   -.3508E+02   -.3509E+02   -.3510E+02   -.3510E+02   -.3511E+02   -.3513E+02   -.3514E+02   -.3515E+02   -.3517E+02   -.3519E+02   -.3521E+02   -.3523E+02   -.3526E+02   -.3529E+02   -.3533E+02   -.3538E+02   -.3544E+02   -.3552E+02   -.3561E+02   -.3573E+02   -.3588E+02   -.3609E+02   -.3638E+02   -.3675E+02   -.3739E+02   -.3802E+02   -.3981E+02   -.4005E+02   -.4732E+02
0.1023E+04   0.1000E+02   -.3500E+02   -.3500E+02   -.3500E+02   -.3500E+02   -.3500E+02   -.3500E+02   -.3500E+02   -.3500E+02   -.3500E+02   -.3500E+02   -.3500E+02   -.3500E+02   -.3500E+02   -.3500E+02   -.3500E+02   -.3500E+02   -.3500E+02   -.3500E+02   -.3500E+02   -.3500E+02   -.3500E+02   -.3500E+02   -.3500E+02   -.3500E+02   -.3500E+02   -.3500E+02   -.3500E+02   -.3500E+02   -.3500E+02   -.3500E+02   -.3500E+02   -.3500E+02   -.3500E+02   -.3500E+02   -.3500E+02   -.3500E+02   -.3500E+02   -.3500E+02   -.3500E+02   -.3500E+02   -.3500E+02   -.3500E+02   -.3500E+02   -.3500E+02   -.3500E+02   -.3500E+02   -.3500E+02   -.3500E+02   -.3500E+02   -.3500E+02   -.3500E+02   -.3500E+02   -.3500E+02   -.3500E+02   -.3500E+02   -.3500E+02   -.3500E+02   -.3500E+02   -.3500E+02   -.3500E+02   -.3500E+02   -.3500E+02   -.3500E+02   -.3500E+02   -.3500E+02   -.3500E+02   -.3500E+02   -.3500E+02   -.3500E+02   -.3500E+02   -.3500E+02   -.3500E+02   -.3500E+02   -.3500E+02   -.3501E+02   -.3501E+02   -.3501E+02   -.3501E+02   -.3501E+02   -.3501E+02   -.3501E+02   -.3502E+02   -.3502E+02   -.3502E+02   -.3502E+02   -.3502E+02   -.3503E+02   -.3503E+02   -.3503E+02   -.3504E+02   -.3504E+02   -.3504E+02   -.3505E+02   -.3505E+02   -.3506E+02   -.3506E+02   -.3507E+02   -.3507E+02   -.3508E+02   -.3509E+02   -.3509E+02   -.3510E+02   -.3511E+02   -.3512E+02   -.3514E+02   -.3515E+02   -.3517E+02   -.3518E+02   -.3521E+02   -.3523E+02   -.3526E+02   -.3529E+02   -.3533E+02   -.3538E+02   -.3543E+02   -.3550E+02   -.3559E+02   -.3571E+02   -.3586E+02   -.3605E+02   -.3633E+02   -.3668E+02   -.3729E+02   -.3789E+02   -.3954E+02   -.3994E+02   -.4629E+02   -.5223E+02
0.1057E+04   0.1033E+02   -.3500E+02   -.3500E+02   -.3500E+02   -.3500E+02   -.3500E+02   -.3500E+02   -.3500E+02   -.3500E+02   -.3500E+02   -.3500E+02   -.3500E+02   -.3500E+02   -.3500E+02   -.3500E+02   -.3500E+02   -.3500E+02   -.3500E+02   -.3500E+02   -.3500E+02   -.3500E+02   -.3500E+02   -.3500E+02   -.3500E+02   -.3500E+02   -.3500E+02   -.3500E+02   -.3500E+02   -.3500E+02   -.3500E+02   -.3500E+02   -.3500E+02   -.3500E+02   -.3500E+02   -.3500E+02   -.3500E+02   -.3500E+02   -.3500E+02   -.3500E+02   -.3500E+02   -.3500E+02   -.3500E+02   -.3500E+02   -.3500E+02   -.3500E+02   -.3500E+02   -.3500E+02   -.3500E+02   -.3500E+02   -.3500E+02   -.3500E+02   -.3500E+02   -.3500E+02   -.3500E+02   -.3500E+02   -.3500E+02   -.3500E+02   -.3500E+02   -.3500E+02   -.3500E+02   -.3500E+02   -.3500E+02   -.3500E+02   -.3500E+02   -.3500E+02   -.3500E+02   -.3500E+02   -.3500E+02   -.3500E+02   -.3500E+02   -.3500E+02   -.3500E+02   -.3500E+02   -.3500E+02   -.3501E+02   -.3501E+02   -.3501E+02   -.3501E+02   -.3501E+02   -.3501E+02   -.3501E+02   -.3502E+02   -.3502E+02   -.3502E+02   -.3502E+02   -.3502E+02   -.3503E+02   -.3503E+02   -.3503E+02   -.3504E+02   -.3504E+02   -.3504E+02   -.3505E+02   -.3505E+02   -.3506E+02   -.3506E+02   -.3507E+02   -.3507E+02   -.3508E+02   -.3509E+02   -.3509E+02   -.3510E+02   -.3511E+02   -.3512E+02   -.3514E+02   -.3515E+02   -.3517E+02   -.3518E+02   -.3521E+02   -.3523E+02   -.3526E+02   -.3529E+02   -.3533E+02   -.3538E+02   -.3543E+02   -.3550E+02   -.3559E+02   -.3570E+02   -.3585E+02   -.3605E+02   -.3633E+02   -.3667E+02   -.3727E+02   -.3786E+02   -.3952E+02   -.3985E+02   -.4632E+02   -.5091E+02   -.5777E+02
0.1058E+04   0.1067E+02   -.3500E+02   -.3500E+02   -.3500E+02   -.3500E+02   -.3500E+02   -.3500E+02   -.3500E+02   -.3500E+02   -.3500E+02   -.3500E+02   -.3500E+02   -.3500E+02   -.3500E+02   -.3500E+02   -.3500E+02   -.3500E+02   -.3500E+02   -.3500E+02   -.3500E+02   -.3500E+02   -.3500E+02   -.3500E+02   -.3500E+02   -.3500E+02   -.3500E+02   -.3500E+02   -.3500E+02   -.3500E+02   -.3500E+02   -.3500E+02   -.3500E+02   -.3500E+02   -.3500E+02   -.3500E+02   -.3500E+02   -.3500E+02   -.3500E+02   -.3500E+02   -.3500E+02   -.3500E+02   -.3500E+02   -.3500E+02   -.3500E+02   -.3500E+02   -.3500E+02   -.3500E+02   -.3500E+02   -.3500E+02   -.3500E+02   -.3500E+02   -.3500E+02   -.3500E+02   -.3500E+02   -.3500E+02   -.3500E+02   -.3500E+02   -.3500E+02   -.3500E+02   -.3500E+02   -.3500E+02   -.3500E+02   -.3500E+02   -.3500E+02   -.3500E+02   -.3500E+02   -.3500E+02   -.3500E+02   -.3500E+02   -.3500E+02   -.3500E+02   -.3500E+02   -.3500E+02   -.3501E+02   -.3501E+02   -.3501E+02   -.3501E+02   -.3501E+02   -.3501E+02   -.3501E+02   -.3502E+02   -.3502E+02   -.3502E+02   -.3502E+02   -.3502E+02   -.3503E+02   -.3503E+02   -.3503E+02   -.3504E+02   -.3504E+02   -.3504E+02   -.3505E+02   -.3505E+02   -.3506E+02   -.3506E+02   -.3507E+02   -.3507E+02   -.3508E+02   -.3509E+02   -.3510E+02   -.3510E+02   -.3511E+02   -.3513E+02   -.3514E+02   -.3515E+02   -.3517E+02   -.3519E+02   -.3521E+02   -.3523E+02   -.3526E+02   -.3529E+02   -.3533E+02   -.3538E+02   -.3543E+02   -.3550E+02   -.3559E+02   -.3570E+02   -.3585E+02   -.3605E+02   -.3633E+02   -.3667E+02   -.3727E+02   -.3786E+02   -.3951E+02   -.3986E+02   -.4628E+02   -.5109E+02   -.5786E+02   -.4280E+02
0.1059E+04   0.1100E+02   -.3500E+02   -.3500E+02   -.3500E+02   -.3500E+02   -.3500E+02   -.3500E+02   -.3500E+02   -.3500E+02   -.3500E+02   -.3500E+02   -.3500E+02   -.3500E+02   -.3500E+02   -.3500E+02   -.3500E+02   -.3500E+02   -.3500E+02   -.3500E+02   -.3500E+02   -.3500E+02   -.3500E+02   -.3500E+02   -.3500E+02   -.3500E+02   -.3500E+02   -.3500E+02   -.3500E+02   -.3500E+02   -.3500E+02   -.3500E+02   -.3500E+02   -.3500E+02   -.3500E+02   -.3500E+02   -.3500E+02   -.3500E+02   -.3500E+02   -.3500E+02   -.3500E+02   -.3500E+02   -.3500E+02   -.3500E+02   -.3500E+02   -.3500E+02   -.3500E+02   -.3500E+02   -.3500E+02   -.3500E+02   -.3500E+02   -.3500E+02   -.3500E+02   -.3500E+02   -.3500E+02   -.3500E+02   -.3500E+02   -.3500E+02   -.3500E+02   -.3500E+02   -.3500E+02   -.3500E+02   -.3500E+02   -.3500E+02   -.3500E+02   -.3500E+02   -.3500E+02   -.3500E+02   -.3500E+02   -.3500E+02   -.3500E+02   -.3500E+02   -.3501E+02   -.3501E+02   -.3501E+02   -.3501E+02   -.3501E+02   -.3501E+02   -.3501E+02   -.3501E+02   -.3502E+02   -.3502E+02   -.3502E+02   -.3502E+02   -.3502E+02   -.3503E+02   -.3503E+02   -.3503E+02   -.3504E+02   -.3504E+02   -.3504E+02   -.3505E+02   -.3505E+02   -.3506E+02   -.3506E+02   -.3507E+02   -.3507E+02   -.3508E+02   -.3509E+02   -.3510E+02   -.3510E+02   -.3511E+02   -.3513E+02   -.3514E+02   -.3515E+02   -.3517E+02   -.3519E+02   -.3521E+02   -.3523E+02   -.3526E+02   -.3529E+02   -.3533E+02   -.3538E+02   -.3543E+02   -.3550E+02   -.3559E+02   -.3570E+02   -.3585E+02   -.3605E+02   -.3633E+02   -.3667E+02   -.3727E+02   -.3786E+02   -.3951E+02   -.3986E+02   -.4628E+02   -.5110E+02   -.6320E+02   -.4817E+02   -.5164E+02
0.1060E+04   0.1133E+02   -.3500E+02   -.3500E+02   -.3500E+02   -.3500E+02   -.3500E+02   -.3500E+02   -.3500E+02   -.3500E+02   -.3500E+02   -.3500E+02   -.3500E+02   -.3500E+02   -.3500E+02   -.3500E+02   -.3500E+02   -.3500E+02   -.3500E+02   -.3500E+02   -.3500E+02   -.3500E+02   -.3500E+02   -.3500E+02   -.3500E+02   -.3500E+02   -.3500E+02   -.3500E+02   -.3500E+02   -.3500E+02   -.3500E+02   -.3500E+02   -.3500E+02   -.3500E+02   -.3500E+02   -.3500E+02   -.3500E+02   -.3500E+02   -.3500E+02   -.3500E+02   -.3500E+02   -.3500E+02   -.3500E+02   -.3500E+02   -.3500E+02   -.3500E+02   -.3500E+02   -.3500E+02   -.3500E+02   -.3500E+02   -.3500E+02   -.3500E+02   -.3500E+02   -.3500E+02   -.3500E+02   -.3500E+02   -.3500E+02   -.3500E+02   -.3500E+02   -.3500E+02   -.3500E+02   -.3500E+02   -.3500E+02   -.3500E+02   -.3500E+02   -.3500E+02   -.3500E+02   -.3500E+02   -.3500E+02   -.3500E+02   -.3500E+02   -.3501E+02   -.3501E+02   -.3501E+02   -.3501E+02   -.3501E+02   -.3501E+02   -.3501E+02   -.3501E+02   -.3502E+02   -.3502E+02   -.3502E+02   -.3502E+02   -.3503E+02   -.3503E+02   -.3503E+02   -.3503E+02   -.3504E+02   -.3504E+02   -.3504E+02   -.3505E+02   -.3505E+02   -.3506E+02   -.3506E+02   -.3507E+02   -.3507E+02   -.3508E+02   -.3509E+02   -.3510E+02   -.3511E+02   -.3512E+02   -.3513E+02   -.3514E+02   -.3515E+02   -.3517E+02   -.3519E+02   -.3521E+02   -.3523E+02   -.3526E+02   -.3529E+02   -.3533E+02   -.3538E+02   -.3543E+02   -.3550E+02   -.3559E+02   -.3571E+02   -.3586E+02   -.3605E+02   -.3633E+02   -.3667E+02   -.3727E+02   -.3786E+02   -.3951E+02   -.3986E+02   -.4628E+02   -.5110E+02   -.6320E+02   -.4815E+02   -.5159E+02   -.4803E+02
0.1061E+04   0.1167E+02   -.3500E+02   -.3500E+02   -.3500E+02   -.3500E+02   -.3500E+02   -.3500E+02   -.3500E+02   -.3500E+02   -.3500E+02   -.3500E+02   -.3500E+02   -.3500E+02   -.3500E+02   -.3500E+02   -.3500E+02   -.3500E+02   -.3500E+02   -.3500E+02   -.3500E+02   -.3500E+02   -.3500E+02   -.3500E+02   -.3500E+02   -.3500E+02   -.3500E+02   -.3500E+02   -.3500E+02   -.3500E+02   -.3500E+02   -.3500E+02   -.3500E+02   -.3500E+02   -.3500E+02   -.3500E+02   -.3500E+02   -.3500E+02   -.3500E+02   -.3500E+02   -.3500E+02   -.3500E+02   -.3500E+02   -.3500E+02   -.3500E+02   -.3500E+02   -.3500E+02   -.3500E+02   -.3500E+02   -.3500E+02   -.3500E+02   -.3500E+02   -.3500E+02   -.3500E+02   -.3500E+02   -.3500E+02   -.3500E+02   -.3500E+02   -.3500E+02   -.3500E+02   -.3500E+02   -.3500E+02   -.3500E+02   -.3500E+02   -.3500E+02   -.3500E+02   -.3500E+02   -.3500E+02   -.3500E+02   -.3500E+02   -.3501E+02   -.3501E+02   -.3501E+02   -.3501E+02   -.3501E+02   -.3501E+02   -.3501E+02   -.3502E+02   -.3502E+02   -.3502E+02   -.3502E+02   -.3502E+02   -.3503E+02   -.3503E+02   -.3503E+02   -.3503E+02   -.3504E+02   -.3504E+02   -.3504E+02   -.3505E+02   -.3505E+02   -.3506E+02   -.3506E+02   -.3507E+02   -.3507E+02   -.3508E+02   -.3509E+02   -.3510E+02   -.3511E+02   -.3512E+02   -.3513E+02   -.3514E+02   -.3515E+02   -.3517E+02   -.3519E+02   -.3521E+02   -.3523E+02   -.3526E+02   -.3529E+02   -.3533E+02   -.3538E+02   -.3543E+02   -.3550E+02   -.3559E+02   -.3571E+02   -.3586E+02   -.3605E+02   -.3633E+02   -.3667E+02   -.3727E+02   -.3786E+02   -.3951E+02   -.3986E+02   -.4628E+02   -.5110E+02   -.6320E+02   -.4815E+02   -.5159E+02   -.4798E+02   -.4780E+02
0.1062E+04   0.1200E+02   -.3500E+02   -.3500E+02   -.3500E+02   -.3500E+02   -.3500E+02   -.3500E+02   -.3500E+02   -.3500E+02   -.3500E+02   -.3500E+02   -.3500E+02   -.3500E+02   -.3500E+02   -.3500E+02   -.3500E+02   -.3500E+02   -.3500E+02   -.3500E+02   -.3500E+02   -.3500E+02   -.3500E+02   -.3500E+02   -.3500E+02   -.3500E+02   -.3500E+02   -.3500E+02   -.3500E+02   -.3500E+02   -.3500E+02   -.3500E+02   -.3500E+02   -.3500E+02   -.3500E+02   -.3500E+02   -.3500E+02   -.3500E+02   -.3500E+02   -.3500E+02   -.3500E+02   -.3500E+02   -.3500E+02   -.3500E+02   -.3500E+02   -.3500E+02   -.3500E+02   -.3500E+02   -.3500E+02   -.3500E+02   -.3500E+02   -.3500E+02   -.3500E+02   -.3500E+02   -.3500E+02   -.3500E+02   -.3500E+02   -.3500E+02   -.3500E+02   -.3500E+02   -.3500E+02   -.3500E+02   -.3500E+02   -.3500E+02   -.3500E+02   -.3500E+02   -.3500E+02   -.3500E+02   -.3500E+02   -.3501E+02   -.3501E+02   -.3501E+02   -.3501E+02   -.3501E+02   -.3501E+02   -.3501E+02   -.3502E+02   -.3502E+02   -.3502E+02   -.3502E+02   -.3502E+02   -.3503E+02   -.3503E+02   -.3503E+02   -.3503E+02   -.3504E+02   -.3504E+02   -.3504E+02   -.3505E+02   -.3505E+02   -.3506E+02   -.3506E+02   -.3507E+02   -.3508E+02   -.3508E+02   -.3509E+02   -.3510E+02   -.3511E+02   -.3512E+02   -.3513E+02   -.3514E+02   -.3515E+02   -.3517E+02   -.3519E+02   -.3521E+02   -.3523E+02   -.3526E+02   -.3529E+02   -.3533E+02   -.3538E+02   -.3543E+02   -.3550E+02   -.3559E+02   -.3571E+02   -.3586E+02   -.3605E+02   -.3633E+02   -.3667E+02   -.3727E+02   -.3786E+02   -.3951E+02   -.3986E+02   -.4628E+02   -.5110E+02   -.6320E+02   -.4815E+02   -.5159E+02   -.4797E+02   -.4778E+02   -.4590E+02
0.1063E+04   0.1233E+02   -.3500E+02   -.3500E+02   -.3500E+02   -.3500E+02   -.3500E+02   -.3500E+02   -.3500E+02   -.3500E+02   -.3500E+02   -.3500E+02   -.3500E+02   -.3500E+02   -.3500E+02   -.3500E+02   -.3500E+02   -.3500E+02   -.3500E+02   -.3500E+02   -.3500E+02   -.3500E+02   -.3500E+02   -.3500E+02   -.3500E+02   -.3500E+02   -.3500E+02   -.3500E+02   -.3500E+02   -.3500E+02   -.3500E+02   -.3500E+02   -.3500E+02   -.3500E+02   -.3500E+02   -.3500E+02   -.3500E+02   -.3500E+02   -.3500E+02   -.3500E+02   -.3500E+02   -.3500E+02   -.3500E+02   -.3500E+02   -.3500E+02   -.3500E+02   -.3500E+02   -.3500E+02   -.3500E+02   -.3500E+02   -.3500E+02   -.3500E+02   -.3500E+02   -.3500E+02   -.3500E+02   -.3500E+02   -.3500E+02   -.3500E+02   -.3500E+02   -.3500E+02   -.3500E+02   -.3500E+02   -.3500E+02   -.3500E+02   -.3500E+02   -.3500E+02   -.3500E+02   -.3501E+02   -.3501E+02   -.3501E+02   -.3501E+02   -.3501E+02   -.3501E+02   -.3501E+02   -.3501E+02   -.3502E+02   -.3502E+02   -.3502E+02   -.3502E+02   -.3502E+02   -.3503E+02   -.3503E+02   -.3503E+02   -.3503E+02   -.3504E+02   -.3504E+02   -.3505E+02   -.3505E+02   -.3505E+02   -.3506E+02   -.3506E+02   -.3507E+02   -.3508E+02   -.3508E+02   -.3509E+02   -.3510E+02   -.3511E+02   -.3512E+02   -.3513E+02   -.3514E+02   -.3515E+02   -.3517E+02   -.3519E+02   -.3521E+02   -.3523E+02   -.3526E+02   -.3529E+02   -.3533E+02   -.3538E+02   -.3543E+02   -.3551E+02   -.3559E+02   -.3571E+02   -.3586E+02   -.3605E+02   -.3633E+02   -.3667E+02   -.3727E+02   -.3786E+02   -.3951E+02   -.3986E+02   -.4628E+02   -.5110E+02   -.6320E+02   -.4815E+02   -.5159E+02   -.4797E+02   -.4778E+02   -.4589E+02   -.4486E+02
0.1064E+04   0.1267E+02   -.3500E+02   -.3500E+02   -.3500E+02   -.3500E+02   -.3500E+02   -.3500E+02   -.3500E+02   -.3500E+02   -.3500E+02   -.3500E+02   -.3500E+02   -.3500E+02   -.3500E+02   -.3500E+02   -.3500E+02   -.3500E+02   -.3500E+02   -.3500E+02   -.3500E+02   -.3500E+02   -.3500E+02   -.3500E+02   -.3500E+02   -.3500E+02   -.3500E+02   -.3500E+02   -.3500E+02   -.3500E+02   -.3500E+02   -.3500E+02   -.3500E+02   -.3500E+02   -.3500E+02   -.3500E+02   -.3500E+02   -.3500E+02   -.3500E+02   -.3500E+02   -.3500E+02   -.3500E+02   -.3500E+02   -.3500E+02   -.3500E+02   -.3500E+02   -.3500E+02   -.3500E+02   -.3500E+02   -.3500E+02   -.3500E+02   -.3500E+02   -.3500E+02   -.3500E+02   -.3500E+02   -.3500E+02   -.3500E+02   -.3500E+02   -.3500E+02   -.3500E+02   -.3500E+02   -.3500E+02   -.3500E+02   -.3500E+02   -.3500E+02   -.3500E+02   -.3501E+02   -.3501E+02   -.3501E+02   -.3501E+02   -.3501E+02   -.3501E+02   -.3501E+02   -.3501E+02   -.3502E+02   -.3502E+02   -.3502E+02   -.3502E+02   -.3502E+02   -.3503E+02   -.3503E+02   -.3503E+02   -.3503E+02   -.3504E+02   -.3504E+02   -.3505E+02   -.3505E+02   -.3505E+02   -.3506E+02   -.3506E+02   -.3507E+02   -.3508E+02   -.3508E+02   -.3509E+02   -.3510E+02   -.3511E+02   -.3512E+02   -.3513E+02   -.3514E+02   -.3515E+02   -.3517E+02   -.3519E+02   -.3521E+02   -.3523E+02   -.3526E+02   -.3529E+02   -.3533E+02   -.3538E+02   -.3544E+02   -.3551E+02   -.3559E+02   -.3571E+02   -.3586E+02   -.3605E+02   -.3633E+02   -.3667E+02   -.3727E+02   -.3786E+02   -.3951E+02   -.3986E+02   -.4628E+02   -.5110E+02   -.6320E+02   -.4815E+02   -.5159E+02   -.4797E+02   -.4778E+02   -.4589E+02   -.4485E+02   -.4356E+02
0.1065E+04   0.1300E+02   -.3500E+02   -.3500E+02   -.3500E+02   -.3500E+02   -.3500E+02   -.3500E+02   -.3500E+02   -.3500E+02   -.3500E+02   -.3500E+02   -.3500E+02   -.3500E+02   -.3500E+02   -.3500E+02   -.3500E+02   -.3500E+02   -.3500E+02   -.3500E+02   -.3500E+02   -.3500E+02   -.3500E+02   -.3500E+02   -.3500E+02   -.3500E+02   -.3500E+02   -.3500E+02   -.3500E+02   -.3500E+02   -.3500E+02   -.3500E+02   -.3500E+02   -.3500E+02   -.3500E+02   -.3500E+02   -.3500E+02   -.3500E+02   -.3500E+02   -.3500E+02   -.3500E+02   -.3500E+02   -.3500E+02   -.3500E+02   -.3500E+02   -.3500E+02   -.3500E+02   -.3500E+02   -.3500E+02   -.3500E+02   -.3500E+02   -.3500E+02   -.3500E+02   -.3500E+02   -.3500E+02   -.3500E+02   -.3500E+02   -.3500E+02   -.3500E+02   -.3500E+02   -.3500E+02   -.3500E+02   -.3500E+02   -.3500E+02   -.3500E+02   -.3501E+02   -.3501E+02   -.3501E+02   -.3501E+02   -.3501E+02   -.3501E+02   -.3501E+02   -.3501E+02   -.3502E+02   -.3502E+02   -.3502E+02   -.3502E+02   -.3502E+02   -.3503E+02   -.3503E+02   -.3503E+02   -.3503E+02   -.3504E+02   -.3504E+02   -.3505E+02   -.3505E+02   -.3505E+02   -.3506E+02   -.3506E+02   -.3507E+02   -.3508E+02   -.3508E+02   -.3509E+02   -.3510E+02   -.3511E+02   -.3512E+02   -.3513E+02   -.3514E+02   -.3515E+02   -.3517E+02   -.3519E+02   -.3521E+02   -.3523E+02   -.3526E+02   -.3529E+02   -.3533E+02   -.3538E+02   -.3544E+02   -.3551E+02   -.3559E+02   -.3571E+02   -.3586E+02   -.3605E+02   -.3633E+02   -.3667E+02   -.3727E+02   -.3786E+02   -.3951E+02   -.3986E+02   -.4628E+02   -.5110E+02   -.6320E+02   -.4815E+02   -.5159E+02   -.4797E+02   -.4778E+02   -.4588E+02   -.4485E+02   -.4355E+02   -.4252E+02
0.1066E+04   0.1333E+02   -.3500E+02   -.3500E+02   -.3500E+02   -.3500E+02   -.3500E+02   -.3500E+02   -.3500E+02   -.3500E+02   -.3500E+02   -.3500E+02   -.3500E+02   -.3500E+02   -.3500E+02   -.3500E+02   -.3500E+02   -.3500E+02   -.3500E+02   -.3500E+02   -.3500E+02   -.3500E+02   -.3500E+02   -.3500E+02   -.3500E+02   -.3500E+02   -.3500E+02   -.3500E+02   -.3500E+02   -.3500E+02   -.3500E+02   -.3500E+02   -.3500E+02   -.3500E+02   -.3500E+02   -.3500E+02   -.3500E+02   -.3500E+02   -.3500E+02   -.3500E+02   -.3500E+02   -.3500E+02   -.3500E+02   -.3500E+02   -.3500E+02   -.3500E+02   -.3500E+02   -.3500E+02   -.3500E+02   -.3500E+02   -.3500E+02   -.3500E+02   -.3500E+02   -.3500E+02   -.3500E+02   -.3500E+02   -.3500E+02   -.3500E+02   -.3500E+02   -.3500E+02   -.3500E+02   -.3500E+02   -.3500E+02   -.3500E+02   -.3501E+02   -.3501E+02   -.3501E+02   -.3501E+02   -.3501E+02   -.3501E+02   -.3501E+02   -.3501E+02   -.3502E+02   -.3502E+02   -.3502E+02   -.3502E+02   -.3502E+02   -.3503E+02   -.3503E+02   -.3503E+02   -.3504E+02   -.3504E+02   -.3504E+02   -.3505E+02   -.3505E+02   -.3505E+02   -.3506E+02   -.3506E+02   -.3507E+02   -.3508E+02   -.3508E+02   -.3509E+02   -.3510E+02   -.3511E+02   -.3512E+02   -.3513E+02   -.3514E+02   -.3515E+02   -.3517E+02   -.3519E+02   -.3521E+02   -.3523E+02   -.3526E+02   -.3529E+02   -.3533E+02   -.3538E+02   -.3544E+02   -.3551E+02   -.3559E+02   -.3571E+02   -.3586E+02   -.3605E+02   -.3633E+02   -.3667E+02   -.3727E+02   -.3786E+02   -.3951E+02   -.3986E+02   -.4628E+02   -.5110E+02   -.6320E+02   -.4815E+02   -.5159E+02   -.4797E+02   -.4778E+02   -.4588E+02   -.4485E+02   -.4355E+02   -.4252E+02   -.4155E+02
0.1067E+04   0.1367E+02   -.3500E+02   -.3500E+02   -.3500E+02   -.3500E+02   -.3500E+02   -.3500E+02   -.3500E+02   -.3500E+02   -.3500E+02   -.3500E+02   -.3500E+02   -.3500E+02   -.3500E+02   -.3500E+02   -.3500E+02   -.3500E+02   -.3500E+02   -.3500E+02   -.3500E+02   -.3500E+02   -.3500E+02   -.3500E+02   -.3500E+02   -.3500E+02   -.3500E+02   -.3500E+02   -.3500E+02   -.3500E+02   -.3500E+02   -.3500E+02   -.3500E+02   -.3500E+02   -.3500E+02   -.3500E+02   -.3500E+02   -.3500E+02   -.3500E+02   -.3500E+02   -.3500E+02   -.3500E+02   -.3500E+02   -.3500E+02   -.3500E+02   -.3500E+02   -.3500E+02   -.3500E+02   -.3500E+02   -.3500E+02   -.3500E+02   -.3500E+02   -.3500E+02   -.3500E+02   -.3500E+02   -.3500E+02   -.3500E+02   -.3500E+02   -.3500E+02   -.3500E+02   -.3500E+02   -.3500E+02   -.3500E+02   -.3501E+02   -.3501E+02   -.3501E+02   -.3501E+02   -.3501E+02   -.3501E+02   -.3501E+02   -.3501E+02   -.3502E+02   -.3502E+02   -.3502E+02   -.3502E+02   -.3502E+02   -.3503E+02   -.3503E+02   -.3503E+02   -.3504E+02   -.3504E+02   -.3504E+02   -.3505E+02   -.3505E+02   -.3505E+02   -.3506E+02   -.3506E+02   -.3507E+02   -.3508E+02   -.3508E+02   -.3509E+02   -.3510E+02   -.3511E+02   -.3512E+02   -.3513E+02   -.3514E+02   -.3515E+02   -.3517E+02   -.3519E+02   -.3521E+02   -.3523E+02   -.3526E+02   -.3529E+02   -.3533E+02   -.3538E+02   -.3544E+02   -.3551E+02   -.3560E+02   -.3571E+02   -.3586E+02   -.3605E+02   -.3633E+02   -.3667E+02   -.3727E+02   -.3786E+02   -.3951E+02   -.3986E+02   -.4628E+02   -.5110E+02   -.6320E+02   -.4815E+02   -.5159E+02   -.4797E+02   -.4778E+02   -.4588E+02   -.4485E+02   -.4355E+02   -.4252E+02   -.4155E+02   -.4069E+02
0.1068E+04   0.1400E+02   -.3500E+02   -.3500E+02   -.3500E+02   -.3500E+02   -.3500E+02   -.3500E+02   -.3500E+02   -.3500E+02   -.3500E+02   -.3500E+02   -.3500E+02   -.3500E+02   -.3500E+02   -.3500E+02   -.3500E+02   -.3500E+02   -.3500E+02   -.3500E+02   -.3500E+02   -.3500E+02   -.3500E+02   -.3500E+02   -.3500E+02   -.3500E+02   -.3500E+02   -.3500E+02   -.3500E+02   -.3500E+02   -.3500E+02   -.3500E+02   -.3500E+02   -.3500E+02   -.3500E+02   -.3500E+02   -.3500E+02   -.3500E+02   -.3500E+02   -.3500E+02   -.3500E+02   -.3500E+02   -.3500E+02   -.3500E+02   -.3500E+02   -.3500E+02   -.3500E+02   -.3500E+02   -.3500E+02   -.3500E+02   -.3500E+02   -.3500E+02   -.3500E+02   -.3500E+02   -.3500E+02   -.3500E+02   -.3500E+02   -.3500E+02   -.3500E+02   -.3500E+02   -.3500E+02   -.3500E+02   -.3501E+02   -.3501E+02   -.3501E+02   -.3501E+02   -.3501E+02   -.3501E+02   -.3501E+02   -.3501E+02   -.3502E+02   -.3502E+02   -.3502E+02   -.3502E+02   -.3502E+02   -.3503E+02   -.3503E+02   -.3503E+02   -.3504E+02   -.3504E+02   -.3504E+02   -.3505E+02   -.3505E+02   -.3505E+02   -.3506E+02   -.3506E+02   -.3507E+02   -.3508E+02   -.3508E+02   -.3509E+02   -.3510E+02   -.3511E+02   -.3512E+02   -.3513E+02   -.3514E+02   -.3516E+02   -.3517E+02   -.3519E+02   -.3521E+02   -.3523E+02   -.3526E+02   -.3529E+02   -.3533E+02   -.3538E+02   -.3544E+02   -.3551E+02   -.3560E+02   -.3571E+02   -.3586E+02   -.3605E+02   -.3633E+02   -.3667E+02   -.3727E+02   -.3786E+02   -.3951E+02   -.3986E+02   -.4628E+02   -.5110E+02   -.6320E+02   -.4815E+02   -.5159E+02   -.4797E+02   -.4778E+02   -.4588E+02   -.4485E+02   -.4355E+02   -.4252E+02   -.4155E+02   -.4069E+02   -.3989E+02
0.1069E+04   0.1433E+02   -.3500E+02   -.3500E+02   -.3500E+02   -.3500E+02   -.3500E+02   -.3500E+02   -.3500E+02   -.3500E+02   -.3500E+02   -.3500E+02   -.3500E+02   -.3500E+02   -.3500E+02   -.3500E+02   -.3500E+02   -.3500E+02   -.3500E+02   -.3500E+02   -.3500E+02   -.3500E+02   -.3500E+02   -.3500E+02   -.3500E+02   -.3500E+02   -.3500E+02   -.3500E+02   -.3500E+02   -.3500E+02   -.3500E+02   -.3500E+02   -.3500E+02   -.3500E+02   -.3500E+02   -.3500E+02   -.3500E+02   -.3500E+02   -.3500E+02   -.3500E+02   -.3500E+02   -.3500E+02   -.3500E+02   -.3500E+02   -.3500E+02   -.3500E+02   -.3500E+02   -.3500E+02   -.3500E+02   -.3500E+02   -.3500E+02   -.3500E+02   -.3500E+02   -.3500E+02   -.3500E+02   -.3500E+02   -.3500E+02   -.3500E+02   -.3500E+02   -.3500E+02   -.3500E+02   -.3501E+02   -.3501E+02   -.3501E+02   -.3501E+02   -.3501E+02   -.3501E+02   -.3501E+02   -.3501E+02   -.3502E+02   -.3502E+02   -.3502E+02   -.3502E+02   -.3502E+02   -.3503E+02   -.3503E+02   -.3503E+02   -.3504E+02   -.3504E+02   -.3504E+02   -.3505E+02   -.3505E+02   -.3505E+02   -.3506E+02   -.3506E+02   -.3507E+02   -.3508E+02   -.3508E+02   -.3509E+02   -.3510E+02   -.3511E+02   -.3512E+02   -.3513E+02   -.3514E+02   -.3516E+02   -.3517E+02   -.3519E+02   -.3521E+02   -.3523E+02   -.3526E+02   -.3529E+02   -.3533E+02   -.3538E+02   -.3544E+02   -.3551E+02   -.3560E+02   -.3571E+02   -.3586E+02   -.3605E+02   -.3633E+02   -.3667E+02   -.3727E+02   -.3786E+02   -.3952E+02   -.3986E+02   -.4628E+02   -.5110E+02   -.6320E+02   -.4815E+02   -.5159E+02   -.4797E+02   -.4778E+02   -.4588E+02   -.4485E+02   -.4355E+02   -.4252E+02   -.4155E+02   -.4069E+02   -.3989E+02   -.3918E+02
0.1070E+04   0.1467E+02   -.3500E+02   -.3500E+02   -.3500E+02   -.3500E+02   -.3500E+02   -.3500E+02   -.3500E+02   -.3500E+02   -.3500E+02   -.3500E+02   -.3500E+02   -.3500E+02   -.3500E+02   -.3500E+02   -.3500E+02   -.3500E+02   -.3500E+02   -.3500E+02   -.3500E+02   -.3500E+02   -.3500E+02   -.3500E+02   -.3500E+02   -.3500E+02   -.3500E+02   -.3500E+02   -.3500E+02   -.3500E+02   -.3500E+02   -.3500E+02   -.3500E+02   -.3500E+02   -.3500E+02   -.3500E+02   -.3500E+02   -.3500E+02   -.3500E+02   -.3500E+02   -.3500E+02   -.3500E+02   -.3500E+02   -.3500E+02   -.3500E+02   -.3500E+02   -.3500E+02   -.3500E+02   -.3500E+02   -.3500E+02   -.3500E+02   -.3500E+02   -.3500E+02   -.3500E+02   -.3500E+02   -.3500E+02   -.3500E+02   -.3500E+02   -.3500E+02   -.3500E+02   -.3501E+02   -.3501E+02   -.3501E+02   -.3501E+02   -.3501E+02   -.3501E+02   -.3501E+02   -.3501E+02   -.3502E+02   -.3502E+02   -.3502E+02   -.3502E+02   -.3502E+02   -.3503E+02   -.3503E+02   -.3503E+02   -.3504E+02   -.3504E+02   -.3504E+02   -.3505E+02   -.3505E+02   -.3505E+02   -.3506E+02   -.3506E+02   -.3507E+02   -.3508E+02   -.3508E+02   -.3509E+02   -.3510E+02   -.3511E+02   -.3512E+02   -.3513E+02   -.3514E+02   -.3516E+02   -.3517E+02   -.3519E+02   -.3521E+02   -.3523E+02   -.3526E+02   -.3529E+02   -.3533E+02   -.3538E+02   -.3544E+02   -.3551E+02   -.3560E+02   -.3571E+02   -.3586E+02   -.3605E+02   -.3633E+02   -.3667E+02   -.3727E+02   -.3786E+02   -.3952E+02   -.3986E+02   -.4628E+02   -.5110E+02   -.6320E+02   -.4815E+02   -.5159E+02   -.4797E+02   -.4778E+02   -.4588E+02   -.4485E+02   -.4355E+02   -.4252E+02   -.4155E+02   -.4069E+02   -.3989E+02   -.3917E+02   -.3851E+02
0.1071E+04   0.1500E+02   -.3500E+02   -.3500E+02   -.3500E+02   -.3500E+02   -.3500E+02   -.3500E+02   -.3500E+02   -.3500E+02   -.3500E+02   -.3500E+02   -.3500E+02   -.3500E+02   -.3500E+02   -.3500E+02   -.3500E+02   -.3500E+02   -.3500E+02   -.3500E+02   -.3500E+02   -.3500E+02   -.3500E+02   -.3500E+02   -.3500E+02   -.3500E+02   -.3500E+02   -.3500E+02   -.3500E+02   -.3500E+02   -.3500E+02   -.3500E+02   -.3500E+02   -.3500E+02   -.3500E+02   -.3500E+02   -.3500E+02   -.3500E+02   -.3500E+02   -.3500E+02   -.3500E+02   -.3500E+02   -.3500E+02   -.3500E+02   -.3500E+02   -.3500E+02   -.3500E+02   -.3500E+02   -.3500E+02   -.3500E+02   -.3500E+02   -.3500E+02   -.3500E+02   -.3500E+02   -.3500E+02   -.3500E+02   -.3500E+02   -.3500E+02   -.3500E+02   -.3501E+02   -.3501E+02   -.3501E+02   -.3501E+02   -.3501E+02   -.3501E+02   -.3501E+02   -.3501E+02   -.3502E+02   -.3502E+02   -.3502E+02   -.3502E+02   -.3502E+02   -.3503E+02   -.3503E+02   -.3503E+02   -.3504E+02   -.3504E+02   -.3504E+02   -.3505E+02   -.3505E+02   -.3505E+02   -.3506E+02   -.3506E+02   -.3507E+02   -.3508E+02   -.3508E+02   -.3509E+02   -.3510E+02   -.3511E+02   -.3512E+02   -.3513E+02   -.3514E+02   -.3516E+02   -.3517E+02   -.3519E+02   -.3521E+02   -.3523E+02   -.3526E+02   -.3529E+02   -.3533E+02   -.3538E+02   -.3544E+02   -.3551E+02   -.3560E+02   -.3571E+02   -.3586E+02   -.3605E+02   -.3633E+02   -.3667E+02   -.3727E+02   -.3786E+02   -.3952E+02   -.3986E+02   -.4628E+02   -.5110E+02   -.6320E+02   -.4815E+02   -.5159E+02   -.4797E+02   -.4778E+02   -.4588E+02   -.4485E+02   -.4355E+02   -.4252E+02   -.4155E+02   -.4069E+02   -.3989E+02   -.3917E+02   -.3851E+02   -.3791E+02
0.1072E+04   0.1533E+02   -.3500E+02   -.3500E+02   -.3500E+02   -.3500E+02   -.3500E+02   -.3500E+02   -.3500E+02   -.3500E+02   -.3500E+02   -.3500E+02   -.3500E+02   -.3500E+02   -.3500E+02   -.3500E+02   -.3500E+02   -.3500E+02   -.3500E+02   -.3500E+02   -.3500E+02   -.3500E+02   -.3500E+02   -.3500E+02   -.3500E+02   -.3500E+02   -.3500E+02   -.3500E+02   -.3500E+02   -.3500E+02   -.3500E+02   -.3500E+02   -.3500E+02   -.3500E+02   -.3500E+02   -.3500E+02   -.3500E+02   -.3500E+02   -.3500E+02   -.3500E+02   -.3500E+02   -.3500E+02   -.3500E+02   -.3500E+02   -.3500E+02   -.3500E+02   -.3500E+02   -.3500E+02   -.3500E+02   -.3500E+02   -.3500E+02   -.3500E+02   -.3500E+02   -.3500E+02   -.3500E+02   -.3500E+02   -.3500E+02   -.3500E+02   -.3501E+02   -.3501E+02   -.3501E+02   -.3501E+02   -.3501E+02   -.3501E+02   -.3501E+02   -.3501E+02   -.3502E+02   -.3502E+02   -.3502E+02   -.3502E+02   -.3502E+02   -.3503E+02   -.3503E+02   -.3503E+02   -.3504E+02   -.3504E+02   -.3504E+02   -.3505E+02   -.3505E+02   -.3505E+02   -.3506E+02   -.3506E+02   -.3507E+02   -.3508E+02   -.3508E+02   -.3509E+02   -.3510E+02   -.3511E+02   -.3512E+02   -.3513E+02   -.3514E+02   -.3516E+02   -.3517E+02   -.3519E+02   -.3521E+02   -.3523E+02   -.3526E+02   -.3529E+02   -.3533E+02   -.3538E+02   -.3544E+02   -.3551E+02   -.3560E+02   -.3571E+02   -.3586E+02   -.3605E+02   -.3633E+02   -.3667E+02   -.3727E+02   -.3786E+02   -.3952E+02   -.3986E+02   -.4628E+02   -.5110E+02   -.6320E+02   -.4815E+02   -.5159E+02   -.4797E+02   -.4778E+02   -.4588E+02   -.4485E+02   -.4355E+02   -.4252E+02   -.4155E+02   -.4069E+02   -.3989E+02   -.3917E+02   -.3851E+02   -.3791E+02   -.3734E+02
0.1073E+04   0.1567E+02   -.3500E+02   -.3500E+02   -.3500E+02   -.3500E+02   -.3500E+02   -.3500E+02   -.3500E+02   -.3500E+02   -.3500E+02   -.3500E+02   -.3500E+02   -.3500E+02   -.3500E+02   -.3500E+02   -.3500E+02   -.3500E+02   -.3500E+02   -.3500E+02   -.3500E+02   -.3500E+02   -.3500E+02   -.3500E+02   -.3500E+02   -.3500E+02   -.3500E+02   -.3500E+02   -.3500E+02   -.3500E+02   -.3500E+02   -.3500E+02   -.3500E+02   -.3500E+02   -.3500E+02   -.3500E+02   -.3500E+02   -.3500E+02   -.3500E+02   -.3500E+02   -.3500E+02   -.3500E+02   -.3500E+02   -.3500E+02   -.3500E+02   -.3500E+02   -.3500E+02   -.3500E+02   -.3500E+02   -.3500E+02   -.3500E+02   -.3500E+02   -.3500E+02   -.3500E+02   -.3500E+02   -.3500E+02   -.3500E+02   -.3501E+02   -.3501E+02   -.3501E+02   -.3501E+02   -.3501E+02   -.3501E+02   -.3501E+02   -.3501E+02   -.3502E+02   -.3502E+02   -.3502E+02   -.3502E+02   -.3502E+02   -.3503E+02   -.3503E+02   -.3503E+02   -.3504E+02   -.3504E+02   -.3504E+02   -.3505E+02   -.3505E+02   -.3505E+02   -.3506E+02   -.3506E+02   -.3507E+02   -.3508E+02   -.3508E+02   -.3509E+02   -.3510E+02   -.3511E+02   -.3512E+02   -.3513E+02   -.3514E+02   -.3516E+02   -.3517E+02   -.3519E+02   -.3521E+02   -.3523E+02   -.3526E+02   -.3529E+02   -.3533E+02   -.3538E+02   -.3544E+02   -.3551E+02   -.3560E+02   -.3571E+02   -.3586E+02   -.3605E+02   -.3633E+02   -.3667E+02   -.3727E+02   -.3786E+02   -.3952E+02   -.3986E+02   -.4628E+02   -.5110E+02   -.6320E+02   -.4815E+02   -.5159E+02   -.4797E+02   -.4778E+02   -.4588E+02   -.4485E+02   -.4355E+02   -.4252E+02   -.4155E+02   -.4069E+02   -.3989E+02   -.3917E+02   -.3851E+02   -.3791E+02   -.3734E+02   -.3681E+02
0.1074E+04   0.1600E+02   -.3500E+02   -.3500E+02   -.3500E+02   -.3500E+02   -.3500E+02   -.3500E+02   -.3500E+02   -.3500E+02   -.3500E+02   -.3500E+02   -.3500E+02   -.3500E+02   -.3500E+02   -.3500E+02   -.3500E+02   -.3500E+02   -.3500E+02   -.3500E+02   -.3500E+02   -.3500E+02   -.3500E+02   -.3500E+02   -.3500E+02   -.3500E+02   -.3500E+02   -.3500E+02   -.3500E+02   -.3500E+02   -.3500E+02   -.3500E+02   -.3500E+02   -.3500E+02   -.3500E+02   -.3500E+02   -.3500E+02   -.3500E+02   -.3500E+02   -.3500E+02   -.3500E+02   -.3500E+02   -.3500E+02   -.3500E+02   -.3500E+02   -.3500E+02   -.3500E+02   -.3500E+02   -.3500E+02   -.3500E+02   -.3500E+02   -.3500E+02   -.3500E+02   -.3500E+02   -.3500E+02   -.3500E+02   -.3501E+02   -.3501E+02   -.3501E+02   -.3501E+02   -.3501E+02   -.3501E+02   -.3501E+02   -.3501E+02   -.3502E+02   -.3502E+02   -.3502E+02   -.3502E+02   -.3502E+02   -.3503E+02   -.3503E+02   -.3503E+02   -.3504E+02   -.3504E+02   -.3504E+02   -.3505E+02   -.3505E+02   -.3505E+02   -.3506E+02   -.3506E+02   -.3507E+02   -.3508E+02   -.3508E+02   -.3509E+02   -.3510E+02   -.3511E+02   -.3512E+02   -.3513E+02   -.3514E+02   -.3516E+02   -.3517E+02   -.3519E+02   -.3521E+02   -.3523E+02   -.3526E+02   -.3529E+02   -.3533E+02   -.3538E+02   -.3544E+02   -.3551E+02   -.3560E+02   -.3571E+02   -.3586E+02   -.3605E+02   -.3633E+02   -.3667E+02   -.3727E+02   -.3786E+02   -.3952E+02   -.3986E+02   -.4628E+02   -.5110E+02   -.6320E+02   -.4815E+02   -.5159E+02   -.4797E+02   -.4778E+02   -.4588E+02   -.4485E+02   -.4355E+02   -.4252E+02   -.4155E+02   -.4069E+02   -.3989E+02   -.3917E+02   -.3851E+02   -.3791E+02   -.3734E+02   -.3681E+02   -.3630E+02
0.1075E+04   0.1633E+02   -.3500E+02   -.3500E+02   -.3500E+02   -.3500E+02   -.3500E+02   -.3500E+02   -.3500E+02   -.3500E+02   -.3500E+02   -.3500E+02   -.3500E+02   -.3500E+02   -.3500E+02   -.3500E+02   -.3500E+02   -.3500E+02   -.3500E+02   -.3500E+02   -.3500E+02   -.3500E+02   -.3500E+02   -.3500E+02   -.3500E+02   -.3500E+02   -.3500E+02   -.3500E+02   -.3500E+02   -.3500E+02   -.3500E+02   -.3500E+02   -.3500E+02   -.3500E+02   -.3500E+02   -.3500E+02   -.3500E+02   -.3500E+02   -.3500E+02   -.3500E+02   -.3500E+02   -.3500E+02   -.3500E+02   -.3500E+02   -.3500E+02   -.3500E+02   -.3500E+02   -.3500E+02   -.3500E+02   -.3500E+02   -.3500E+02   -.3500E+02   -.3500E+02   -.3500E+02   -.3500E+02   -.3501E+02   -.3501E+02   -.3501E+02   -.3501E+02   -.3501E+02   -.3501E+02   -.3501E+02   -.3501E+02   -.3502E+02   -.3502E+02   -.3502E+02   -.3502E+02   -.3502E+02   -.3503E+02   -.3503E+02   -.3503E+02   -.3504E+02   -.3504E+02   -.3504E+02   -.3505E+02   -.3505E+02   -.3505E+02   -.3506E+02   -.3506E+02   -.3507E+02   -.3508E+02   -.3508E+02   -.3509E+02   -.3510E+02   -.3511E+02   -.3512E+02   -.3513E+02   -.3514E+02   -.3516E+02   -.3517E+02   -.3519E+02   -.3521E+02   -.3523E+02   -.3526E+02   -.3529E+02   -.3533E+02   -.3538E+02   -.3544E+02   -.3551E+02   -.3560E+02   -.3571E+02   -.3586E+02   -.3605E+02   -.3633E+02   -.3667E+02   -.3727E+02   -.3786E+02   -.3952E+02   -.3986E+02   -.4628E+02   -.5110E+02   -.6320E+02   -.4815E+02   -.5159E+02   -.4797E+02   -.4778E+02   -.4588E+02   -.4485E+02   -.4355E+02   -.4252E+02   -.4155E+02   -.4069E+02   -.3989E+02   -.3917E+02   -.3851E+02   -.3791E+02   -.3734E+02   -.3681E+02   -.3630E+02   -.3583E+02
0.1076E+04   0.1667E+02   -.3500E+02   -.3500E+02   -.3500E+02   -.3500E+02   -.3500E+02   -.3500E+02   -.3500E+02   -.3500E+02   -.3500E+02   -.3500E+02   -.3500E+02   -.3500E+02   -.3500E+02   -.3500E+02   -.3500E+02   -.3500E+02   -.3500E+02   -.3500E+02   -.3500E+02   -.3500E+02   -.3500E+02   -.3500E+02   -.3500E+02   -.3500E+02   -.3500E+02   -.3500E+02   -.3500E+02   -.3500E+02   -.3500E+02   -.3500E+02   -.3500E+02   -.3500E+02   -.3500E+02   -.3500E+02   -.3500E+02   -.3500E+02   -.3500E+02   -.3500E+02   -.3500E+02   -.3500E+02   -.3500E+02   -.3500E+02   -.3500E+02   -.3500E+02   -.3500E+02   -.3500E+02   -.3500E+02   -.3500E+02   -.3500E+02   -.3500E+02   -.3500E+02   -.3501E+02   -.3501E+02   -.3501E+02   -.3501E+02   -.3501E+02   -.3501E+02   -.3501E+02   -.3501E+02   -.3501E+02   -.3502E+02   -.3502E+02   -.3502E+02   -.3502E+02   -.3502E+02   -.3503E+02   -.3503E+02   -.3503E+02   -.3504E+02   -.3504E+02   -.3504E+02   -.3505E+02   -.3505E+02   -.3505E+02   -.3506E+02   -.3506E+02   -.3507E+02   -.3508E+02   -.3508E+02   -.3509E+02   -.3510E+02   -.3511E+02   -.3512E+02   -.3513E+02   -.3514E+02   -.3516E+02   -.3517E+02   -.3519E+02   -.3521E+02   -.3523E+02   -.3526E+02   -.3529E+02   -.3533E+02   -.3538E+02   -.3544E+02   -.3551E+02   -.3560E+02   -.3571E+02   -.3586E+02   -.3605E+02   -.3633E+02   -.3667E+02   -.3727E+02   -.3786E+02   -.3952E+02   -.3986E+02   -.4628E+02   -.5110E+02   -.6320E+02   -.4815E+02   -.5159E+02   -.4797E+02   -.4778E+02   -.4588E+02   -.4485E+02   -.4355E+02   -.4252E+02   -.4155E+02   -.4069E+02   -.3989E+02   -.3917E+02   -.3851E+02   -.3791E+02   -.3734E+02   -.3681E+02   -.3630E+02   -.3583E+02   -.3537E+02
0.1077E+04   0.1700E+02   -.3500E+02   -.3500E+02   -.3500E+02   -.3500E+02   -.3500E+02   -.3500E+02   -.3500E+02   -.3500E+02   -.3500E+02   -.3500E+02   -.3500E+02   -.3500E+02   -.3500E+02   -.3500E+02   -.3500E+02   -.3500E+02   -.3500E+02   -.3500E+02   -.3500E+02   -.3500E+02   -.3500E+02   -.3500E+02   -.3500E+02   -.3500E+02   -.3500E+02   -.3500E+02   -.3500E+02   -.3500E+02   -.3500E+02   -.3500E+02   -.3500E+02   -.3500E+02   -.3500E+02   -.3500E+02   -.3500E+02   -.3500E+02   -.3500E+02   -.3500E+02   -.3500E+02   -.3500E+02   -.3500E+02   -.3500E+02   -.3500E+02   -.3500E+02   -.3500E+02   -.3500E+02   -.3500E+02   -.3500E+02   -.3500E+02   -.3500E+02   -.3501E+02   -.3501E+02   -.3501E+02   -.3501E+02   -.3501E+02   -.3501E+02   -.3501E+02   -.3501E+02   -.3501E+02   -.3502E+02   -.3502E+02   -.3502E+02   -.3502E+02   -.3502E+02   -.3503E+02   -.3503E+02   -.3503E+02   -.3504E+02   -.3504E+02   -.3504E+02   -.3505E+02   -.3505E+02   -.3505E+02   -.3506E+02   -.3506E+02   -.3507E+02   -.3508E+02   -.3508E+02   -.3509E+02   -.3510E+02   -.3511E+02   -.3512E+02   -.3513E+02   -.3514E+02   -.3516E+02   -.3517E+02   -.3519E+02   -.3521E+02   -.3523E+02   -.3526E+02   -.3529E+02   -.3533E+02   -.3538E+02   -.3544E+02   -.3551E+02   -.3560E+02   -.3571E+02   -.3586E+02   -.3605E+02   -.3633E+02   -.3667E+02   -.3727E+02   -.3786E+02   -.3952E+02   -.3986E+02   -.4628E+02   -.5110E+02   -.6320E+02   -.4815E+02   -.5159E+02   -.4797E+02   -.4778E+02   -.4588E+02   -.4485E+02   -.4355E+02   -.4252E+02   -.4155E+02   -.4069E+02   -.3989E+02   -.3917E+02   -.3851E+02   -.3791E+02   -.3734E+02   -.3681E+02   -.3630E+02   -.3583E+02   -.3537E+02   -.3494E+02
0.1078E+04   0.1733E+02   -.3500E+02   -.3500E+02   -.3500E+02   -.3500E+02   -.3500E+02   -.3500E+02   -.3500E+02   -.3500E+02   -.3500E+02   -.3500E+02   -.3500E+02   -.3500E+02   -.3500E+02   -.3500E+02   -.3500E+02   -.3500E+02   -.3500E+02   -.3500E+02   -.3500E+02   -.3500E+02   -.3500E+02   -.3500E+02   -.3500E+02   -.3500E+02   -.3500E+02   -.3500E+02   -.3500E+02   -.3500E+02   -.3500E+02   -.3500E+02   -.3500E+02   -.3500E+02   -.3500E+02   -.3500E+02   -.3500E+02   -.3500E+02   -.3500E+02   -.3500E+02   -.3500E+02   -.3500E+02   -.3500E+02   -.3500E+02   -.3500E+02   -.3500E+02   -.3500E+02   -.3500E+02   -.3500E+02   -.3500E+02   -.3500E+02   -.3501E+02   -.3501E+02   -.3501E+02   -.3501E+02   -.3501E+02   -.3501E+02   -.3501E+02   -.3501E+02   -.3501E+02   -.3502E+02   -.3502E+02   -.3502E+02   -.3502E+02   -.3502E+02   -.3503E+02   -.3503E+02   -.3503E+02   -.3504E+02   -.3504E+02   -.3504E+02   -.3505E+02   -.3505E+02   -.3505E+02   -.3506E+02   -.3506E+02   -.3507E+02   -.3508E+02   -.3508E+02   -.3509E+02   -.3510E+02   -.3511E+02   -.3512E+02   -.3513E+02   -.3514E+02   -.3516E+02   -.3517E+02   -.3519E+02   -.3521E+02   -.3523E+02   -.3526E+02   -.3529E+02   -.3533E+02   -.3538E+02   -.3544E+02   -.3551E+02   -.3560E+02   -.3571E+02   -.3586E+02   -.3605E+02   -.3633E+02   -.3667E+02   -.3727E+02   -.3786E+02   -.3952E+02   -.3986E+02   -.4628E+02   -.5110E+02   -.6320E+02   -.4815E+02   -.5159E+02   -.4797E+02   -.4778E+02   -.4588E+02   -.4485E+02   -.4355E+02   -.4252E+02   -.4155E+02   -.4069E+02   -.3989E+02   -.3917E+02   -.3851E+02   -.3791E+02   -.3734E+02   -.3681E+02   -.3630E+02   -.3583E+02   -.3537E+02   -.3494E+02   -.3452E+02
0.1079E+04   0.1767E+02   -.3500E+02   -.3500E+02   -.3500E+02   -.3500E+02   -.3500E+02   -.3500E+02   -.3500E+02   -.3500E+02   -.3500E+02   -.3500E+02   -.3500E+02   -.3500E+02   -.3500E+02   -.3500E+02   -.3500E+02   -.3500E+02   -.3500E+02   -.3500E+02   -.3500E+02   -.3500E+02   -.3500E+02   -.3500E+02   -.3500E+02   -.3500E+02   -.3500E+02   -.3500E+02   -.3500E+02   -.3500E+02   -.3500E+02   -.3500E+02   -.3500E+02   -.3500E+02   -.3500E+02   -.3500E+02   -.3500E+02   -.3500E+02   -.3500E+02   -.3500E+02   -.3500E+02   -.3500E+02   -.3500E+02   -.3500E+02   -.3500E+02   -.3500E+02   -.3500E+02   -.3500E+02   -.3500E+02   -.3500E+02   -.3501E+02   -.3501E+02   -.3501E+02   -.3501E+02   -.3501E+02   -.3501E+02   -.3501E+02   -.3501E+02   -.3502E+02   -.3502E+02   -.3502E+02   -.3502E+02   -.3502E+02   -.3502E+02   -.3503E+02   -.3503E+02   -.3503E+02   -.3504E+02   -.3504E+02   -.3504E+02   -.3505E+02   -.3505E+02   -.3505E+02   -.3506E+02   -.3506E+02   -.3507E+02   -.3508E+02   -.3508E+02   -.3509E+02   -.3510E+02   -.3511E+02   -.3512E+02   -.3513E+02   -.3514E+02   -.3516E+02   -.3517E+02   -.3519E+02   -.3521E+02   -.3523E+02   -.3526E+02   -.3529E+02   -.3533E+02   -.3538E+02   -.3544E+02   -.3551E+02   -.3560E+02   -.3571E+02   -.3586E+02   -.3605E+02   -.3633E+02   -.3667E+02   -.3727E+02   -.3786E+02   -.3952E+02   -.3986E+02   -.4628E+02   -.5110E+02   -.6320E+02   -.4815E+02   -.5159E+02   -.4797E+02   -.4778E+02   -.4588E+02   -.4485E+02   -.4355E+02   -.4252E+02   -.4155E+02   -.4069E+02   -.3989E+02   -.3917E+02   -.3851E+02   -.3791E+02   -.3734E+02   -.3681E+02   -.3630E+02   -.3583E+02   -.3537E+02   -.3494E+02   -.3452E+02   -.3414E+02
0.1080E+04   0.1800E+02   -.3500E+02   -.3500E+02   -.3500E+02   -.3500E+02   -.3500E+02   -.3500E+02   -.3500E+02   -.3500E+02   -.3500E+02   -.3500E+02   -.3500E+02   -.3500E+02   -.3500E+02   -.3500E+02   -.3500E+02   -.3500E+02   -.3500E+02   -.3500E+02   -.3500E+02   -.3500E+02   -.3500E+02   -.3500E+02   -.3500E+02   -.3500E+02   -.3500E+02   -.3500E+02   -.3500E+02   -.3500E+02   -.3500E+02   -.3500E+02   -.3500E+02   -.3500E+02   -.3500E+02   -.3500E+02   -.3500E+02   -.3500E+02   -.3500E+02   -.3500E+02   -.3500E+02   -.3500E+02   -.3500E+02   -.3500E+02   -.3500E+02   -.3500E+02   -.3500E+02   -.3500E+02   -.3500E+02   -.3501E+02   -.3501E+02   -.3501E+02   -.3501E+02   -.3501E+02   -.3501E+02   -.3501E+02   -.3501E+02   -.3502E+02   -.3502E+02   -.3502E+02   -.3502E+02   -.3502E+02   -.3502E+02   -.3503E+02   -.3503E+02   -.3503E+02   -.3504E+02   -.3504E+02   -.3504E+02   -.3505E+02   -.3505E+02   -.3505E+02   -.3506E+02   -.3506E+02   -.3507E+02   -.3508E+02   -.3508E+02   -.3509E+02   -.3510E+02   -.3511E+02   -.3512E+02   -.3513E+02   -.3514E+02   -.3516E+02   -.3517E+02   -.3519E+02   -.3521E+02   -.3523E+02   -.3526E+02   -.3529E+02   -.3533E+02   -.3538E+02   -.3544E+02   -.3551E+02   -.3560E+02   -.3571E+02   -.3586E+02   -.3605E+02   -.3633E+02   -.3667E+02   -.3727E+02   -.3786E+02   -.3952E+02   -.3986E+02   -.4628E+02   -.5110E+02   -.6320E+02   -.4815E+02   -.5159E+02   -.4797E+02   -.4778E+02   -.4588E+02   -.4485E+02   -.4355E+02   -.4252E+02   -.4155E+02   -.4069E+02   -.3989E+02   -.3917E+02   -.3851E+02   -.3791E+02   -.3734E+02   -.3681E+02   -.3630E+02   -.3583E+02   -.3537E+02   -.3494E+02   -.3452E+02   -.3414E+02   -.3377E+02
0.1081E+04   0.1833E+02   -.3500E+02   -.3500E+02   -.3500E+02   -.3500E+02   -.3500E+02   -.3500E+02   -.3500E+02   -.3500E+02   -.3500E+02   -.3500E+02   -.3500E+02   -.3500E+02   -.3500E+02   -.3500E+02   -.3500E+02   -.3500E+02   -.3500E+02   -.3500E+02   -.3500E+02   -.3500E+02   -.3500E+02   -.3500E+02   -.3500E+02   -.3500E+02   -.3500E+02   -.3500E+02   -.3500E+02   -.3500E+02   -.3500E+02   -.3500E+02   -.3500E+02   -.3500E+02   -.3500E+02   -.3500E+02   -.3500E+02   -.3500E+02   -.3500E+02   -.3500E+02   -.3500E+02   -.3500E+02   -.3500E+02   -.3500E+02   -.3500E+02   -.3500E+02   -.3500E+02   -.3500E+02   -.3501E+02   -.3501E+02   -.3501E+02   -.3501E+02   -.3501E+02   -.3501E+02   -.3501E+02   -.3501E+02   -.3502E+02   -.3502E+02   -.3502E+02   -.3502E+02   -.3502E+02   -.3502E+02   -.3503E+02   -.3503E+02   -.3503E+02   -.3504E+02   -.3504E+02   -.3504E+02   -.3505E+02   -.3505E+02   -.3505E+02   -.3506E+02   -.3506E+02   -.3507E+02   -.3508E+02   -.3508E+02   -.3509E+02   -.3510E+02   -.3511E+02   -.3512E+02   -.3513E+02   -.3514E+02   -.3516E+02   -.3517E+02   -.3519E+02   -.3521E+02   -.3523E+02   -.3526E+02   -.3529E+02   -.3533E+02   -.3538E+02   -.3544E+02   -.3551E+02   -.3560E+02   -.3571E+02   -.3586E+02   -.3605E+02   -.3633E+02   -.3667E+02   -.3727E+02   -.3786E+02   -.3952E+02   -.3986E+02   -.4628E+02   -.5110E+02   -.6320E+02   -.4815E+02   -.5159E+02   -.4797E+02   -.4778E+02   -.4588E+02   -.4485E+02   -.4355E+02   -.4252E+02   -.4155E+02   -.4069E+02   -.3989E+02   -.3917E+02   -.3851E+02   -.3791E+02   -.3734E+02   -.3681E+02   -.3630E+02   -.3583E+02   -.3537E+02   -.3494E+02   -.3452E+02   -.3414E+02   -.3377E+02   -.3342E+02
0.1082E+04   0.1867E+02   -.3500E+02   -.3500E+02   -.3500E+02   -.3500E+02   -.3500E+02   -.3500E+02   -.3500E+02   -.3500E+02   -.3500E+02   -.3500E+02   -.3500E+02   -.3500E+02   -.3500E+02   -.3500E+02   -.3500E+02   -.3500E+02   -.3500E+02   -.3500E+02   -.3500E+02   -.3500E+02   -.3500E+02   -.3500E+02   -.3500E+02   -.3500E+02   -.3500E+02   -.3500E+02   -.3500E+02   -.3500E+02   -.3500E+02   -.3500E+02   -.3500E+02   -.3500E+02   -.3500E+02   -.3500E+02   -.3500E+02   -.3500E+02   -.3500E+02   -.3500E+02   -.3500E+02   -.3500E+02   -.3500E+02   -.3500E+02   -.3500E+02   -.3500E+02   -.3500E+02   -.3501E+02   -.3501E+02   -.3501E+02   -.3501E+02   -.3501E+02   -.3501E+02   -.3501E+02   -.3501E+02   -.3502E+02   -.3502E+02   -.3502E+02   -.3502E+02   -.3502E+02   -.3502E+02   -.3503E+02   -.3503E+02   -.3503E+02   -.3504E+02   -.3504E+02   -.3504E+02   -.3505E+02   -.3505E+02   -.3505E+02   -.3506E+02   -.3506E+02   -.3507E+02   -.3508E+02   -.3508E+02   -.3509E+02   -.3510E+02   -.3511E+02   -.3512E+02   -.3513E+02   -.3514E+02   -.3516E+02   -.3517E+02   -.3519E+02   -.3521E+02   -.3523E+02   -.3526E+02   -.3529E+02   -.3533E+02   -.3538E+02   -.3544E+02   -.3551E+02   -.3560E+02   -.3571E+02   -.3586E+02   -.3605E+02   -.3633E+02   -.3667E+02   -.3727E+02   -.3786E+02   -.3952E+02   -.3986E+02   -.4628E+02   -.5110E+02   -.6320E+02   -.4815E+02   -.5158E+02   -.4797E+02   -.4778E+02   -.4588E+02   -.4485E+02   -.4355E+02   -.4252E+02   -.4155E+02   -.4069E+02   -.3989E+02   -.3917E+02   -.3851E+02   -.3791E+02   -.3734E+02   -.3681E+02   -.3630E+02   -.3583E+02   -.3537E+02   -.3494E+02   -.3452E+02   -.3414E+02   -.3377E+02   -.3342E+02   -.3309E+02
0.1083E+04   0.1900E+02   -.3500E+02   -.3500E+02   -.3500E+02   -.3500E+02   -.3500E+02   -.3500E+02   -.3500E+02   -.3500E+02   -.3500E+02   -.3500E+02   -.3500E+02   -.3500E+02   -.3500E+02   -.3500E+02   -.3500E+02   -.3500E+02   -.3500E+02   -.3500E+02   -.3500E+02   -.3500E+02   -.3500E+02   -.3500E+02   -.3500E+02   -.3500E+02   -.3500E+02   -.3500E+02   -.3500E+02   -.3500E+02   -.3500E+02   -.3500E+02   -.3500E+02   -.3500E+02   -.3500E+02   -.3500E+02   -.3500E+02   -.3500E+02   -.3500E+02   -.3500E+02   -.3500E+02   -.3500E+02   -.3500E+02   -.3500E+02   -.3500E+02   -.3500E+02   -.3501E+02   -.3501E+02   -.3501E+02   -.3501E+02   -.3501E+02   -.3501E+02   -.3501E+02   -.3501E+02   -.3502E+02   -.3502E+02   -.3502E+02   -.3502E+02   -.3502E+02   -.3502E+02   -.3503E+02   -.3503E+02   -.3503E+02   -.3504E+02   -.3504E+02   -.3504E+02   -.3505E+02   -.3505E+02   -.3505E+02   -.3506E+02   -.3506E+02   -.3507E+02   -.3508E+02   -.3508E+02   -.3509E+02   -.3510E+02   -.3511E+02   -.3512E+02   -.3513E+02   -.3514E+02   -.3516E+02   -.3517E+02   -.3519E+02   -.3521E+02   -.3523E+02   -.3526E+02   -.3529E+02   -.3533E+02   -.3538E+02   -.3544E+02   -.3551E+02   -.3560E+02   -.3571E+02   -.3586E+02   -.3605E+02   -.3633E+02   -.3667E+02   -.3727E+02   -.3786E+02   -.3952E+02   -.3986E+02   -.4628E+02   -.5110E+02   -.6320E+02   -.4815E+02   -.5158E+02   -.4797E+02   -.4778E+02   -.4588E+02   -.4485E+02   -.4355E+02   -.4252E+02   -.4155E+02   -.4069E+02   -.3989E+02   -.3917E+02   -.3851E+02   -.3791E+02   -.3734E+02   -.3681E+02   -.3630E+02   -.3583E+02   -.3537E+02   -.3494E+02   -.3452E+02   -.3414E+02   -.3377E+02   -.3342E+02   -.3309E+02   -.3278E+02
0.1084E+04   0.1933E+02   -.3500E+02   -.3500E+02   -.3500E+02   -.3500E+02   -.3500E+02   -.3500E+02   -.3500E+02   -.3500E+02   -.3500E+02   -.3500E+02   -.3500E+02   -.3500E+02   -.3500E+02   -.3500E+02   -.3500E+02   -.3500E+02   -.3500E+02   -.3500E+02   -.3500E+02   -.3500E+02   -.3500E+02   -.3500E+02   -.3500E+02   -.3500E+02   -.3500E+02   -.3500E+02   -.3500E+02   -.3500E+02   -.3500E+02   -.3500E+02   -.3500E+02   -.3500E+02   -.3500E+02   -.3500E+02   -.3500E+02   -.3500E+02   -.3500E+02   -.3500E+02   -.3500E+02   -.3500E+02   -.3500E+02   -.3500E+02   -.3500E+02   -.3501E+02   -.3501E+02   -.3501E+02   -.3501E+02   -.3501E+02   -.3501E+02   -.3501E+02   -.3501E+02   -.3502E+02   -.3502E+02   -.3502E+02   -.3502E+02   -.3502E+02   -.3503E+02   -.3503E+02   -.3503E+02   -.3503E+02   -.3504E+02   -.3504E+02   -.3504E+02   -.3505E+02   -.3505E+02   -.3505E+02   -.3506E+02   -.3506E+02   -.3507E+02   -.3508E+02   -.3508E+02   -.3509E+02   -.3510E+02   -.3511E+02   -.3512E+02   -.3513E+02   -.3514E+02   -.3516E+02   -.3517E+02   -.3519E+02   -.3521E+02   -.3523E+02   -.3526E+02   -.3529E+02   -.3533E+02   -.3538E+02   -.3544E+02   -.3551E+02   -.3560E+02   -.3571E+02   -.3586E+02   -.3605E+02   -.3633E+02   -.3667E+02   -.3727E+02   -.3786E+02   -.3952E+02   -.3986E+02   -.4628E+02   -.5110E+02   -.6320E+02   -.4815E+02   -.5158E+02   -.4797E+02   -.4778E+02   -.4588E+02   -.4485E+02   -.4355E+02   -.4252E+02   -.4155E+02   -.4069E+02   -.3989E+02   -.3917E+02   -.3851E+02   -.3791E+02   -.3734E+02   -.3681E+02   -.3630E+02   -.3583E+02   -.3537E+02   -.3494E+02   -.3452E+02   -.3414E+02   -.3377E+02   -.3342E+02   -.3309E+02   -.3278E+02   -.3247E+02
0.1085E+04   0.1967E+02   -.3500E+02   -.3500E+02   -.3500E+02   -.3500E+02   -.3500E+02   -.3500E+02   -.3500E+02   -.3500E+02   -.3500E+02   -.3500E+02   -.3500E+02   -.3500E+02   -.3500E+02   -.3500E+02   -.3500E+02   -.3500E+02   -.3500E+02   -.3500E+02   -.3500E+02   -.3500E+02   -.3500E+02   -.3500E+02   -.3500E+02   -.3500E+02   -.3500E+02   -.3500E+02   -.3500E+02   -.3500E+02   -.3500E+02   -.3500E+02   -.3500E+02   -.3500E+02   -.3500E+02   -.3500E+02   -.3500E+02   -.3500E+02   -.3500E+02   -.3500E+02   -.3500E+02   -.3500E+02   -.3500E+02   -.3500E+02   -.3501E+02   -.3501E+02   -.3501E+02   -.3501E+02   -.3501E+02   -.3501E+02   -.3501E+02   -.3501E+02   -.3502E+02   -.3502E+02   -.3502E+02   -.3502E+02   -.3502E+02   -.3503E+02   -.3503E+02   -.3503E+02   -.3503E+02   -.3504E+02   -.3504E+02   -.3504E+02   -.3505E+02   -.3505E+02   -.3505E+02   -.3506E+02   -.3506E+02   -.3507E+02   -.3508E+02   -.3508E+02   -.3509E+02   -.3510E+02   -.3511E+02   -.3512E+02   -.3513E+02   -.3514E+02   -.3516E+02   -.3517E+02   -.3519E+02   -.3521E+02   -.3523E+02   -.3526E+02   -.3529E+02   -.3533E+02   -.3538E+02   -.3544E+02   -.3551E+02   -.3560E+02   -.3571E+02   -.3586E+02   -.3605E+02   -.3633E+02   -.3667E+02   -.3727E+02   -.3786E+02   -.3952E+02   -.3986E+02   -.4628E+02   -.5110E+02   -.6320E+02   -.4815E+02   -.5158E+02   -.4797E+02   -.4778E+02   -.4588E+02   -.4485E+02   -.4355E+02   -.4252E+02   -.4155E+02   -.4069E+02   -.3989E+02   -.3917E+02   -.3851E+02   -.3791E+02   -.3734E+02   -.3681E+02   -.3630E+02   -.3583E+02   -.3537E+02   -.3494E+02   -.3452E+02   -.3414E+02   -.3377E+02   -.3342E+02   -.3309E+02   -.3278E+02   -.3247E+02   -.3220E+02
0.1086E+04   0.2000E+02   -.3500E+02   -.3500E+02   -.3500E+02   -.3500E+02   -.3500E+02   -.3500E+02   -.3500E+02   -.3500E+02   -.3500E+02   -.3500E+02   -.3500E+02   -.3500E+02   -.3500E+02   -.3500E+02   -.3500E+02   -.3500E+02   -.3500E+02   -.3500E+02   -.3500E+02   -.3500E+02   -.3500E+02   -.3500E+02   -.3500E+02   -.3500E+02   -.3500E+02   -.3500E+02   -.3500E+02   -.3500E+02   -.3500E+02   -.3500E+02   -.3500E+02   -.3500E+02   -.3500E+02   -.3500E+02   -.3500E+02   -.3500E+02   -.3500E+02   -.3500E+02   -.3500E+02   -.3500E+02   -.3500E+02   -.3501E+02   -.3501E+02   -.3501E+02   -.3501E+02   -.3501E+02   -.3501E+02   -.3501E+02   -.3501E+02   -.3502E+02   -.3502E+02   -.3502E+02   -.3502E+02   -.3502E+02   -.3503E+02   -.3503E+02   -.3503E+02   -.3503E+02   -.3504E+02   -.3504E+02   -.3504E+02   -.3505E+02   -.3505E+02   -.3505E+02   -.3506E+02   -.3506E+02   -.3507E+02   -.3508E+02   -.3508E+02   -.3509E+02   -.3510E+02   -.3511E+02   -.3512E+02   -.3513E+02   -.3514E+02   -.3516E+02   -.3517E+02   -.3519E+02   -.3521E+02   -.3523E+02   -.3526E+02   -.3529E+02   -.3533E+02   -.3538E+02   -.3544E+02   -.3551E+02   -.3560E+02   -.3571E+02   -.3586E+02   -.3605E+02   -.3633E+02   -.3667E+02   -.3727E+02   -.3786E+02   -.3952E+02   -.3986E+02   -.4628E+02   -.5110E+02   -.6320E+02   -.4815E+02   -.5158E+02   -.4797E+02   -.4778E+02   -.4588E+02   -.4485E+02   -.4355E+02   -.4252E+02   -.4155E+02   -.4069E+02   -.3989E+02   -.3917E+02   -.3851E+02   -.3790E+02   -.3733E+02   -.3681E+02   -.3630E+02   -.3583E+02   -.3537E+02   -.3494E+02   -.3452E+02   -.3414E+02   -.3377E+02   -.3342E+02   -.3309E+02   -.3278E+02   -.3247E+02   -.3220E+02   -.3193E+02
0.1087E+04   0.2033E+02   -.3500E+02   -.3500E+02   -.3500E+02   -.3500E+02   -.3500E+02   -.3500E+02   -.3500E+02   -.3500E+02   -.3500E+02   -.3500E+02   -.3500E+02   -.3500E+02   -.3500E+02   -.3500E+02   -.3500E+02   -.3500E+02   -.3500E+02   -.3500E+02   -.3500E+02   -.3500E+02   -.3500E+02   -.3500E+02   -.3500E+02   -.3500E+02   -.3500E+02   -.3500E+02   -.3500E+02   -.3500E+02   -.3500E+02   -.3500E+02   -.3500E+02   -.3500E+02   -.3500E+02   -.3500E+02   -.3500E+02   -.3500E+02   -.3500E+02   -.3500E+02   -.3500E+02   -.3500E+02   -.3501E+02   -.3501E+02   -.3501E+02   -.3501E+02   -.3501E+02   -.3501E+02   -.3501E+02   -.3501E+02   -.3502E+02   -.3502E+02   -.3502E+02   -.3502E+02   -.3502E+02   -.3503E+02   -.3503E+02   -.3503E+02   -.3503E+02   -.3504E+02   -.3504E+02   -.3504E+02   -.3505E+02   -.3505E+02   -.3505E+02   -.3506E+02   -.3506E+02   -.3507E+02   -.3508E+02   -.3508E+02   -.3509E+02   -.3510E+02   -.3511E+02   -.3512E+02   -.3513E+02   -.3514E+02   -.3516E+02   -.3517E+02   -.3519E+02   -.3521E+02   -.3523E+02   -.3526E+02   -.3529E+02   -.3533E+02   -.3538E+02   -.3544E+02   -.3551E+02   -.3560E+02   -.3571E+02   -.3586E+02   -.3605E+02   -.3633E+02   -.3667E+02   -.3727E+02   -.3786E+02   -.3952E+02   -.3986E+02   -.4628E+02   -.5110E+02   -.6320E+02   -.4815E+02   -.5158E+02   -.4797E+02   -.4778E+02   -.4588E+02   -.4485E+02   -.4355E+02   -.4252E+02   -.4155E+02   -.4069E+02   -.3988E+02   -.3917E+02   -.3851E+02   -.3790E+02   -.3733E+02   -.3681E+02   -.3630E+02   -.3583E+02   -.3537E+02   -.3494E+02   -.3452E+02   -.3414E+02   -.3377E+02   -.3342E+02   -.3309E+02   -.3278E+02   -.3248E+02   -.3220E+02   -.3193E+02   -.3168E+02
0.1088E+04   0.2067E+02   -.3500E+02   -.3500E+02   -.3500E+02   -.3500E+02   -.3500E+02   -.3500E+02   -.3500E+02   -.3500E+02   -.3500E+02   -.3500E+02   -.3500E+02   -.3500E+02   -.3500E+02   -.3500E+02   -.3500E+02   -.3500E+02   -.3500E+02   -.3500E+02   -.3500E+02   -.3500E+02   -.3500E+02   -.3500E+02   -.3500E+02   -.3500E+02   -.3500E+02   -.3500E+02   -.3500E+02   -.3500E+02   -.3500E+02   -.3500E+02   -.3500E+02   -.3500E+02   -.3500E+02   -.3500E+02   -.3500E+02   -.3500E+02   -.3500E+02   -.3500E+02   -.3501E+02   -.3501E+02   -.3501E+02   -.3501E+02   -.3501E+02   -.3501E+02   -.3501E+02   -.3501E+02   -.3501E+02   -.3502E+02   -.3502E+02   -.3502E+02   -.3502E+02   -.3502E+02   -.3503E+02   -.3503E+02   -.3503E+02   -.3503E+02   -.3504E+02   -.3504E+02   -.3504E+02   -.3505E+02   -.3505E+02   -.3505E+02   -.3506E+02   -.3506E+02   -.3507E+02   -.3508E+02   -.3508E+02   -.3509E+02   -.3510E+02   -.3511E+02   -.3512E+02   -.3513E+02   -.3514E+02   -.3516E+02   -.3517E+02   -.3519E+02   -.3521E+02   -.3523E+02   -.3526E+02   -.3529E+02   -.3533E+02   -.3538E+02   -.3544E+02   -.3551E+02   -.3560E+02   -.3571E+02   -.3586E+02   -.3605E+02   -.3633E+02   -.3667E+02   -.3727E+02   -.3786E+02   -.3951E+02   -.3986E+02   -.4628E+02   -.5110E+02   -.6320E+02   -.4815E+02   -.5158E+02   -.4797E+02   -.4778E+02   -.4588E+02   -.4485E+02   -.4355E+02   -.4252E+02   -.4155E+02   -.4068E+02   -.3988E+02   -.3917E+02   -.3851E+02   -.3790E+02   -.3733E+02   -.3681E+02   -.3630E+02   -.3583E+02   -.3537E+02   -.3494E+02   -.3453E+02   -.3414E+02   -.3377E+02   -.3342E+02   -.3309E+02   -.3278E+02   -.3248E+02   -.3220E+02   -.3193E+02   -.3168E+02   -.3144E+02
0.1089E+04   0.2100E+02   -.3500E+02   -.3500E+02   -.3500E+02   -.3500E+02   -.3500E+02   -.3500E+02   -.3500E+02   -.3500E+02   -.3500E+02   -.3500E+02   -.3500E+02   -.3500E+02   -.3500E+02   -.3500E+02   -.3500E+02   -.3500E+02   -.3500E+02   -.3500E+02   -.3500E+02   -.3500E+02   -.3500E+02   -.3500E+02   -.3500E+02   -.3500E+02   -.3500E+02   -.3500E+02   -.3500E+02   -.3500E+02   -.3500E+02   -.3500E+02   -.3500E+02   -.3500E+02   -.3500E+02   -.3500E+02   -.3500E+02   -.3500E+02   -.3500E+02   -.3501E+02   -.3501E+02   -.3501E+02   -.3501E+02   -.3501E+02   -.3501E+02   -.3501E+02   -.3501E+02   -.3501E+02   -.3502E+02   -.3502E+02   -.3502E+02   -.3502E+02   -.3502E+02   -.3503E+02   -.3503E+02   -.3503E+02   -.3503E+02   -.3504E+02   -.3504E+02   -.3504E+02   -.3505E+02   -.3505E+02   -.3505E+02   -.3506E+02   -.3506E+02   -.3507E+02   -.3508E+02   -.3508E+02   -.3509E+02   -.3510E+02   -.3511E+02   -.3512E+02   -.3513E+02   -.3514E+02   -.3516E+02   -.3517E+02   -.3519E+02   -.3521E+02   -.3523E+02   -.3526E+02   -.3529E+02   -.3533E+02   -.3538E+02   -.3544E+02   -.3551E+02   -.3560E+02   -.3571E+02   -.3586E+02   -.3605E+02   -.3633E+02   -.3667E+02   -.3727E+02   -.3786E+02   -.3951E+02   -.3986E+02   -.4628E+02   -.5110E+02   -.6320E+02   -.4815E+02   -.5158E+02   -.4797E+02   -.4778E+02   -.4588E+02   -.4485E+02   -.4355E+02   -.4252E+02   -.4155E+02   -.4068E+02   -.3988E+02   -.3917E+02   -.3851E+02   -.3790E+02   -.3733E+02   -.3681E+02   -.3630E+02   -.3583E+02   -.3537E+02   -.3494E+02   -.3453E+02   -.3414E+02   -.3377E+02   -.3343E+02   -.3309E+02   -.3278E+02   -.3247E+02   -.3220E+02   -.3193E+02   -.3168E+02   -.3144E+02   -.3122E+02
0.1090E+04   0.2133E+02   -.3500E+02   -.3500E+02   -.3500E+02   -.3500E+02   -.3500E+02   -.3500E+02   -.3500E+02   -.3500E+02   -.3500E+02   -.3500E+02   -.3500E+02   -.3500E+02   -.3500E+02   -.3500E+02   -.3500E+02   -.3500E+02   -.3500E+02   -.3500E+02   -.3500E+02   -.3500E+02   -.3500E+02   -.3500E+02   -.3500E+02   -.3500E+02   -.3500E+02   -.3500E+02   -.3500E+02   -.3500E+02   -.3500E+02   -.3500E+02   -.3500E+02   -.3500E+02   -.3500E+02   -.3500E+02   -.3500E+02   -.3500E+02   -.3501E+02   -.3501E+02   -.3501E+02   -.3501E+02   -.3501E+02   -.3501E+02   -.3501E+02   -.3501E+02   -.3501E+02   -.3502E+02   -.3502E+02   -.3502E+02   -.3502E+02   -.3502E+02   -.3503E+02   -.3503E+02   -.3503E+02   -.3503E+02   -.3504E+02   -.3504E+02   -.3504E+02   -.3505E+02   -.3505E+02   -.3506E+02   -.3506E+02   -.3506E+02   -.3507E+02   -.3508E+02   -.3508E+02   -.3509E+02   -.3510E+02   -.3511E+02   -.3512E+02   -.3513E+02   -.3514E+02   -.3516E+02   -.3517E+02   -.3519E+02   -.3521E+02   -.3523E+02   -.3526E+02   -.3529E+02   -.3533E+02   -.3538E+02   -.3544E+02   -.3551E+02   -.3560E+02   -.3571E+02   -.3586E+02   -.3605E+02   -.3633E+02   -.3667E+02   -.3727E+02   -.3786E+02   -.3951E+02   -.3986E+02   -.4628E+02   -.5110E+02   -.6320E+02   -.4815E+02   -.5158E+02   -.4797E+02   -.4778E+02   -.4588E+02   -.4485E+02   -.4355E+02   -.4252E+02   -.4155E+02   -.4068E+02   -.3988E+02   -.3917E+02   -.3851E+02   -.3790E+02   -.3733E+02   -.3680E+02   -.3630E+02   -.3583E+02   -.3537E+02   -.3494E+02   -.3452E+02   -.3414E+02   -.3377E+02   -.3343E+02   -.3309E+02   -.3278E+02   -.3248E+02   -.3220E+02   -.3193E+02   -.3168E+02   -.3144E+02   -.3122E+02   -.3101E+02
0.1091E+04   0.2167E+02   -.3500E+02   -.3500E+02   -.3500E+02   -.3500E+02   -.3500E+02   -.3500E+02   -.3500E+02   -.3500E+02   -.3500E+02   -.3500E+02   -.3500E+02   -.3500E+02   -.3500E+02   -.3500E+02   -.3500E+02   -.3500E+02   -.3500E+02   -.3500E+02   -.3500E+02   -.3500E+02   -.3500E+02   -.3500E+02   -.3500E+02   -.3500E+02   -.3500E+02   -.3500E+02   -.3500E+02   -.3500E+02   -.3500E+02   -.3500E+02   -.3500E+02   -.3500E+02   -.3500E+02   -.3500E+02   -.3500E+02   -.3501E+02   -.3501E+02   -.3501E+02   -.3501E+02   -.3501E+02   -.3501E+02   -.3501E+02   -.3501E+02   -.3501E+02   -.3502E+02   -.3502E+02   -.3502E+02   -.3502E+02   -.3502E+02   -.3503E+02   -.3503E+02   -.3503E+02   -.3503E+02   -.3504E+02   -.3504E+02   -.3504E+02   -.3505E+02   -.3505E+02   -.3506E+02   -.3506E+02   -.3506E+02   -.3507E+02   -.3508E+02   -.3508E+02   -.3509E+02   -.3510E+02   -.3511E+02   -.3512E+02   -.3513E+02   -.3514E+02   -.3516E+02   -.3517E+02   -.3519E+02   -.3521E+02   -.3523E+02   -.3526E+02   -.3529E+02   -.3533E+02   -.3538E+02   -.3544E+02   -.3551E+02   -.3560E+02   -.3571E+02   -.3586E+02   -.3605E+02   -.3633E+02   -.3667E+02   -.3727E+02   -.3786E+02   -.3951E+02   -.3986E+02   -.4628E+02   -.5110E+02   -.6320E+02   -.4815E+02   -.5158E+02   -.4797E+02   -.4778E+02   -.4588E+02   -.4485E+02   -.4355E+02   -.4251E+02   -.4155E+02   -.4068E+02   -.3988E+02   -.3917E+02   -.3851E+02   -.3790E+02   -.3733E+02   -.3680E+02   -.3630E+02   -.3583E+02   -.3537E+02   -.3494E+02   -.3452E+02   -.3414E+02   -.3377E+02   -.3342E+02   -.3309E+02   -.3278E+02   -.3248E+02   -.3220E+02   -.3193E+02   -.3168E+02   -.3144E+02   -.3122E+02   -.3101E+02   -.3080E+02
0.1092E+04   0.2200E+02   -.3500E+02   -.3500E+02   -.3500E+02   -.3500E+02   -.3500E+02   -.3500E+02   -.3500E+02   -.3500E+02   -.3500E+02   -.3500E+02   -.3500E+02   -.3500E+02   -.3500E+02   -.3500E+02   -.3500E+02   -.3500E+02   -.3500E+02   -.3500E+02   -.3500E+02   -.3500E+02   -.3500E+02   -.3500E+02   -.3500E+02   -.3500E+02   -.3500E+02   -.3500E+02   -.3500E+02   -.3500E+02   -.3500E+02   -.3500E+02   -.3500E+02   -.3500E+02   -.3500E+02   -.3500E+02   -.3501E+02   -.3501E+02   -.3501E+02   -.3501E+02   -.3501E+02   -.3501E+02   -.3501E+02   -.3501E+02   -.3501E+02   -.3502E+02   -.3502E+02   -.3502E+02   -.3502E+02   -.3502E+02   -.3503E+02   -.3503E+02   -.3503E+02   -.3503E+02   -.3504E+02   -.3504E+02   -.3504E+02   -.3505E+02   -.3505E+02   -.3506E+02   -.3506E+02   -.3507E+02   -.3507E+02   -.3508E+02   -.3508E+02   -.3509E+02   -.3510E+02   -.3511E+02   -.3512E+02   -.3513E+02   -.3514E+02   -.3516E+02   -.3517E+02   -.3519E+02   -.3521E+02   -.3523E+02   -.3526E+02   -.3529E+02   -.3533E+02   -.3538E+02   -.3544E+02   -.3551E+02   -.3560E+02   -.3571E+02   -.3586E+02   -.3605E+02   -.3633E+02   -.3667E+02   -.3727E+02   -.3786E+02   -.3951E+02   -.3986E+02   -.4628E+02   -.5110E+02   -.6320E+02   -.4815E+02   -.5158E+02   -.4797E+02   -.4778E+02   -.4588E+02   -.4485E+02   -.4355E+02   -.4251E+02   -.4155E+02   -.4068E+02   -.3988E+02   -.3917E+02   -.3851E+02   -.3790E+02   -.3733E+02   -.3680E+02   -.3630E+02   -.3583E+02   -.3537E+02   -.3494E+02   -.3453E+02   -.3414E+02   -.3377E+02   -.3342E+02   -.3309E+02   -.3278E+02   -.3247E+02   -.3220E+02   -.3193E+02   -.3168E+02   -.3144E+02   -.3122E+02   -.3101E+02   -.3080E+02   -.3061E+02
0.1093E+04   0.2233E+02   -.3500E+02   -.3500E+02   -.3500E+02   -.3500E+02   -.3500E+02   -.3500E+02   -.3500E+02   -.3500E+02   -.3500E+02   -.3500E+02   -.3500E+02   -.3500E+02   -.3500E+02   -.3500E+02   -.3500E+02   -.3500E+02   -.3500E+02   -.3500E+02   -.3500E+02   -.3500E+02   -.3500E+02   -.3500E+02   -.3500E+02   -.3500E+02   -.3500E+02   -.3500E+02   -.3500E+02   -.3500E+02   -.3500E+02   -.3500E+02   -.3500E+02   -.3500E+02   -.3500E+02   -.3501E+02   -.3501E+02   -.3501E+02   -.3501E+02   -.3501E+02   -.3501E+02   -.3501E+02   -.3501E+02   -.3501E+02   -.3502E+02   -.3502E+02   -.3502E+02   -.3502E+02   -.3502E+02   -.3503E+02   -.3503E+02   -.3503E+02   -.3503E+02   -.3504E+02   -.3504E+02   -.3504E+02   -.3505E+02   -.3505E+02   -.3506E+02   -.3506E+02   -.3507E+02   -.3507E+02   -.3508E+02   -.3508E+02   -.3509E+02   -.3510E+02   -.3511E+02   -.3512E+02   -.3513E+02   -.3514E+02   -.3516E+02   -.3517E+02   -.3519E+02   -.3521E+02   -.3523E+02   -.3526E+02   -.3529E+02   -.3533E+02   -.3538E+02   -.3544E+02   -.3551E+02   -.3560E+02   -.3571E+02   -.3586E+02   -.3605E+02   -.3633E+02   -.3667E+02   -.3727E+02   -.3786E+02   -.3951E+02   -.3986E+02   -.4628E+02   -.5110E+02   -.6320E+02   -.4815E+02   -.5158E+02   -.4797E+02   -.4778E+02   -.4588E+02   -.4485E+02   -.4355E+02   -.4251E+02   -.4155E+02   -.4068E+02   -.3988E+02   -.3917E+02   -.3851E+02   -.3790E+02   -.3733E+02   -.3680E+02   -.3630E+02   -.3583E+02   -.3537E+02   -.3494E+02   -.3452E+02   -.3414E+02   -.3377E+02   -.3343E+02   -.3309E+02   -.3278E+02   -.3247E+02   -.3220E+02   -.3193E+02   -.3168E+02   -.3144E+02   -.3122E+02   -.3101E+02   -.3080E+02   -.3061E+02   -.3043E+02
0.1094E+04   0.2267E+02   -.3500E+02   -.3500E+02   -.3500E+02   -.3500E+02   -.3500E+02   -.3500E+02   -.3500E+02   -.3500E+02   -.3500E+02   -.3500E+02   -.3500E+02   -.3500E+02   -.3500E+02   -.3500E+02   -.3500E+02   -.3500E+02   -.3500E+02   -.3500E+02   -.3500E+02   -.3500E+02   -.3500E+02   -.3500E+02   -.3500E+02   -.3500E+02   -.3500E+02   -.3500E+02   -.3500E+02   -.3500E+02   -.3500E+02   -.3500E+02   -.3500E+02   -.3501E+02   -.3501E+02   -.3501E+02   -.3501E+02   -.3501E+02   -.3501E+02   -.3501E+02   -.3501E+02   -.3501E+02   -.3501E+02   -.3502E+02   -.3502E+02   -.3502E+02   -.3502E+02   -.3502E+02   -.3503E+02   -.3503E+02   -.3503E+02   -.3503E+02   -.3504E+02   -.3504E+02   -.3504E+02   -.3505E+02   -.3505E+02   -.3506E+02   -.3506E+02   -.3507E+02   -.3507E+02   -.3508E+02   -.3508E+02   -.3509E+02   -.3510E+02   -.3511E+02   -.3512E+02   -.3513E+02   -.3514E+02   -.3516E+02   -.3517E+02   -.3519E+02   -.3521E+02   -.3523E+02   -.3526E+02   -.3529E+02   -.3533E+02   -.3538E+02   -.3544E+02   -.3551E+02   -.3559E+02   -.3571E+02   -.3586E+02   -.3605E+02   -.3633E+02   -.3667E+02   -.3727E+02   -.3786E+02   -.3951E+02   -.3986E+02   -.4628E+02   -.5110E+02   -.6320E+02   -.4815E+02   -.5158E+02   -.4797E+02   -.4778E+02   -.4588E+02   -.4485E+02   -.4355E+02   -.4251E+02   -.4155E+02   -.4068E+02   -.3988E+02   -.3917E+02   -.3851E+02   -.3790E+02   -.3733E+02   -.3680E+02   -.3630E+02   -.3583E+02   -.3537E+02   -.3494E+02   -.3453E+02   -.3414E+02   -.3377E+02   -.3342E+02   -.3309E+02   -.3278E+02   -.3248E+02   -.3220E+02   -.3193E+02   -.3168E+02   -.3144E+02   -.3122E+02   -.3100E+02   -.3081E+02   -.3061E+02   -.3043E+02   -.3026E+02
0.1095E+04   0.2300E+02   -.3500E+02   -.3500E+02   -.3500E+02   -.3500E+02   -.3500E+02   -.3500E+02   -.3500E+02   -.3500E+02   -.3500E+02   -.3500E+02   -.3500E+02   -.3500E+02   -.3500E+02   -.3500E+02   -.3500E+02   -.3500E+02   -.3500E+02   -.3500E+02   -.3500E+02   -.3500E+02   -.3500E+02   -.3500E+02   -.3500E+02   -.3500E+02   -.3500E+02   -.3500E+02   -.3500E+02   -.3500E+02   -.3500E+02   -.3500E+02   -.3501E+02   -.3501E+02   -.3501E+02   -.3501E+02   -.3501E+02   -.3501E+02   -.3501E+02   -.3501E+02   -.3501E+02   -.3501E+02   -.3502E+02   -.3502E+02   -.3502E+02   -.3502E+02   -.3502E+02   -.3503E+02   -.3503E+02   -.3503E+02   -.3503E+02   -.3504E+02   -.3504E+02   -.3504E+02   -.3505E+02   -.3505E+02   -.3506E+02   -.3506E+02   -.3507E+02   -.3507E+02   -.3508E+02   -.3508E+02   -.3509E+02   -.3510E+02   -.3511E+02   -.3512E+02   -.3513E+02   -.3514E+02   -.3516E+02   -.3517E+02   -.3519E+02   -.3521E+02   -.3523E+02   -.3526E+02   -.3529E+02   -.3533E+02   -.3538E+02   -.3544E+02   -.3551E+02   -.3559E+02   -.3571E+02   -.3586E+02   -.3605E+02   -.3633E+02   -.3667E+02   -.3727E+02   -.3786E+02   -.3951E+02   -.3986E+02   -.4628E+02   -.5110E+02   -.6320E+02   -.4815E+02   -.5158E+02   -.4797E+02   -.4778E+02   -.4588E+02   -.4485E+02   -.4355E+02   -.4251E+02   -.4155E+02   -.4068E+02   -.3988E+02   -.3917E+02   -.3851E+02   -.3790E+02   -.3733E+02   -.3680E+02   -.3630E+02   -.3583E+02   -.3537E+02   -.3494E+02   -.3453E+02   -.3414E+02   -.3377E+02   -.3342E+02   -.3309E+02   -.3278E+02   -.3248E+02   -.3220E+02   -.3193E+02   -.3168E+02   -.3144E+02   -.3122E+02   -.3100E+02   -.3081E+02   -.3061E+02   -.3043E+02   -.3026E+02   -.3010E+02
0.1096E+04   0.2333E+02   -.3500E+02   -.3500E+02   -.3500E+02   -.3500E+02   -.3500E+02   -.3500E+02   -.3500E+02   -.3500E+02   -.3500E+02   -.3500E+02   -.3500E+02   -.3500E+02   -.3500E+02   -.3500E+02   -.3500E+02   -.3500E+02   -.3500E+02   -.3500E+02   -.3500E+02   -.3500E+02   -.3500E+02   -.3500E+02   -.3500E+02   -.3500E+02   -.3500E+02   -.3500E+02   -.3500E+02   -.3500E+02   -.3500E+02   -.3501E+02   -.3501E+02   -.3501E+02   -.3501E+02   -.3501E+02   -.3501E+02   -.3501E+02   -.3501E+02   -.3501E+02   -.3501E+02   -.3502E+02   -.3502E+02   -.3502E+02   -.3502E+02   -.3502E+02   -.3503E+02   -.3503E+02   -.3503E+02   -.3503E+02   -.3504E+02   -.3504E+02   -.3504E+02   -.3505E+02   -.3505E+02   -.3506E+02   -.3506E+02   -.3507E+02   -.3507E+02   -.3508E+02   -.3508E+02   -.3509E+02   -.3510E+02   -.3511E+02   -.3512E+02   -.3513E+02   -.3514E+02   -.3516E+02   -.3517E+02   -.3519E+02   -.3521E+02   -.3523E+02   -.3526E+02   -.3529E+02   -.3533E+02   -.3538E+02   -.3544E+02   -.3551E+02   -.3559E+02   -.3571E+02   -.3586E+02   -.3605E+02   -.3633E+02   -.3667E+02   -.3727E+02   -.3786E+02   -.3951E+02   -.3986E+02   -.4628E+02   -.5110E+02   -.6320E+02   -.4815E+02   -.5158E+02   -.4797E+02   -.4778E+02   -.4588E+02   -.4485E+02   -.4355E+02   -.4251E+02   -.4155E+02   -.4068E+02   -.3988E+02   -.3917E+02   -.3851E+02   -.3790E+02   -.3733E+02   -.3680E+02   -.3630E+02   -.3583E+02   -.3537E+02   -.3494E+02   -.3453E+02   -.3414E+02   -.3377E+02   -.3342E+02   -.3309E+02   -.3278E+02   -.3247E+02   -.3220E+02   -.3193E+02   -.3168E+02   -.3144E+02   -.3122E+02   -.3100E+02   -.3080E+02   -.3061E+02   -.3043E+02   -.3026E+02   -.3010E+02   -.2994E+02
0.1097E+04   0.2367E+02   -.3500E+02   -.3500E+02   -.3500E+02   -.3500E+02   -.3500E+02   -.3500E+02   -.3500E+02   -.3500E+02   -.3500E+02   -.3500E+02   -.3500E+02   -.3500E+02   -.3500E+02   -.3500E+02   -.3500E+02   -.3500E+02   -.3500E+02   -.3500E+02   -.3500E+02   -.3500E+02   -.3500E+02   -.3500E+02   -.3500E+02   -.3500E+02   -.3500E+02   -.3500E+02   -.3500E+02   -.3500E+02   -.3501E+02   -.3501E+02   -.3501E+02   -.3501E+02   -.3501E+02   -.3501E+02   -.3501E+02   -.3501E+02   -.3501E+02   -.3501E+02   -.3502E+02   -.3502E+02   -.3502E+02   -.3502E+02   -.3502E+02   -.3503E+02   -.3503E+02   -.3503E+02   -.3503E+02   -.3504E+02   -.3504E+02   -.3504E+02   -.3505E+02   -.3505E+02   -.3506E+02   -.3506E+02   -.3507E+02   -.3507E+02   -.3508E+02   -.3508E+02   -.3509E+02   -.3510E+02   -.3511E+02   -.3512E+02   -.3513E+02   -.3514E+02   -.3516E+02   -.3517E+02   -.3519E+02   -.3521E+02   -.3523E+02   -.3526E+02   -.3529E+02   -.3533E+02   -.3538E+02   -.3544E+02   -.3551E+02   -.3559E+02   -.3571E+02   -.3586E+02   -.3605E+02   -.3633E+02   -.3667E+02   -.3727E+02   -.3786E+02   -.3951E+02   -.3986E+02   -.4628E+02   -.5110E+02   -.6320E+02   -.4815E+02   -.5158E+02   -.4797E+02   -.4778E+02   -.4588E+02   -.4485E+02   -.4355E+02   -.4251E+02   -.4155E+02   -.4068E+02   -.3988E+02   -.3917E+02   -.3851E+02   -.3790E+02   -.3733E+02   -.3680E+02   -.3630E+02   -.3583E+02   -.3537E+02   -.3494E+02   -.3453E+02   -.3414E+02   -.3377E+02   -.3342E+02   -.3309E+02   -.3278E+02   -.3247E+02   -.3220E+02   -.3193E+02   -.3168E+02   -.3144E+02   -.3122E+02   -.3100E+02   -.3080E+02   -.3061E+02   -.3043E+02   -.3026E+02   -.3010E+02   -.2994E+02   -.2980E+02
0.1098E+04   0.2400E+02   -.3500E+02   -.3500E+02   -.3500E+02   -.3500E+02   -.3500E+02   -.3500E+02   -.3500E+02   -.3500E+02   -.3500E+02   -.3500E+02   -.3500E+02   -.3500E+02   -.3500E+02   -.3500E+02   -.3500E+02   -.3500E+02   -.3500E+02   -.3500E+02   -.3500E+02   -.3500E+02   -.3500E+02   -.3500E+02   -.3500E+02   -.3500E+02   -.3500E+02   -.3500E+02   -.3501E+02   -.3501E+02   -.3501E+02   -.3501E+02   -.3501E+02   -.3501E+02   -.3501E+02   -.3501E+02   -.3501E+02   -.3501E+02   -.3502E+02   -.3502E+02   -.3502E+02   -.3502E+02   -.3502E+02   -.3502E+02   -.3503E+02   -.3503E+02   -.3503E+02   -.3503E+02   -.3504E+02   -.3504E+02   -.3504E+02   -.3505E+02   -.3505E+02   -.3506E+02   -.3506E+02   -.3507E+02   -.3507E+02   -.3508E+02   -.3508E+02   -.3509E+02   -.3510E+02   -.3511E+02   -.3512E+02   -.3513E+02   -.3514E+02   -.3516E+02   -.3517E+02   -.3519E+02   -.3521E+02   -.3523E+02   -.3526E+02   -.3529E+02   -.3533E+02   -.3538E+02   -.3544E+02   -.3551E+02   -.3559E+02   -.3571E+02   -.3586E+02   -.3605E+02   -.3633E+02   -.3667E+02   -.3727E+02   -.3786E+02   -.3951E+02   -.3986E+02   -.4628E+02   -.5110E+02   -.6320E+02   -.4815E+02   -.5158E+02   -.4797E+02   -.4778E+02   -.4588E+02   -.4485E+02   -.4355E+02   -.4251E+02   -.4155E+02   -.4068E+02   -.3988E+02   -.3917E+02   -.3851E+02   -.3790E+02   -.3733E+02   -.3680E+02   -.3630E+02   -.3583E+02   -.3537E+02   -.3494E+02   -.3453E+02   -.3414E+02   -.3377E+02   -.3342E+02   -.3309E+02   -.3278E+02   -.3247E+02   -.3220E+02   -.3193E+02   -.3168E+02   -.3144E+02   -.3122E+02   -.3101E+02   -.3080E+02   -.3061E+02   -.3043E+02   -.3026E+02   -.3009E+02   -.2994E+02   -.2980E+02   -.2965E+02
0.1099E+04   0.2433E+02   -.3500E+02   -.3500E+02   -.3500E+02   -.3500E+02   -.3500E+02   -.3500E+02   -.3500E+02   -.3500E+02   -.3500E+02   -.3500E+02   -.3500E+02   -.3500E+02   -.3500E+02   -.3500E+02   -.3500E+02   -.3500E+02   -.3500E+02   -.3500E+02   -.3500E+02   -.3500E+02   -.3500E+02   -.3500E+02   -.3500E+02   -.3500E+02   -.3500E+02   -.3501E+02   -.3501E+02   -.3501E+02   -.3501E+02   -.3501E+02   -.3501E+02   -.3501E+02   -.3501E+02   -.3501E+02   -.3501E+02   -.3502E+02   -.3502E+02   -.3502E+02   -.3502E+02   -.3502E+02   -.3502E+02   -.3503E+02   -.3503E+02   -.3503E+02   -.3503E+02   -.3504E+02   -.3504E+02   -.3504E+02   -.3505E+02   -.3505E+02   -.3506E+02   -.3506E+02   -.3507E+02   -.3507E+02   -.3508E+02   -.3508E+02   -.3509E+02   -.3510E+02   -.3511E+02   -.3512E+02   -.3513E+02   -.3514E+02   -.3516E+02   -.3517E+02   -.3519E+02   -.3521E+02   -.3523E+02   -.3526E+02   -.3529E+02   -.3533E+02   -.3538E+02   -.3544E+02   -.3551E+02   -.3559E+02   -.3571E+02   -.3586E+02   -.3605E+02   -.3633E+02   -.3667E+02   -.3727E+02   -.3786E+02   -.3951E+02   -.3986E+02   -.4628E+02   -.5110E+02   -.6320E+02   -.4815E+02   -.5158E+02   -.4797E+02   -.4777E+02   -.4588E+02   -.4485E+02   -.4355E+02   -.4251E+02   -.4155E+02   -.4068E+02   -.3988E+02   -.3917E+02   -.3851E+02   -.3790E+02   -.3733E+02   -.3680E+02   -.3630E+02   -.3583E+02   -.3536E+02   -.3494E+02   -.3453E+02   -.3414E+02   -.3377E+02   -.3342E+02   -.3309E+02   -.3278E+02   -.3247E+02   -.3220E+02   -.3193E+02   -.3168E+02   -.3144E+02   -.3122E+02   -.3100E+02   -.3080E+02   -.3061E+02   -.3043E+02   -.3026E+02   -.3009E+02   -.2994E+02   -.2979E+02   -.2965E+02   -.2953E+02
0.1100E+04   0.2467E+02   -.3500E+02   -.3500E+02   -.3500E+02   -.3500E+02   -.3500E+02   -.3500E+02   -.3500E+02   -.3500E+02   -.3500E+02   -.3500E+02   -.3500E+02   -.3500E+02   -.3500E+02   -.3500E+02   -.3500E+02   -.3500E+02   -.3500E+02   -.3500E+02   -.3500E+02   -.3500E+02   -.3500E+02   -.3500E+02   -.3500E+02   -.3500E+02   -.3501E+02   -.3501E+02   -.3501E+02   -.3501E+02   -.3501E+02   -.3501E+02   -.3501E+02   -.3501E+02   -.3501E+02   -.3501E+02   -.3502E+02   -.3502E+02   -.3502E+02   -.3502E+02   -.3502E+02   -.3502E+02   -.3503E+02   -.3503E+02   -.3503E+02   -.3503E+02   -.3504E+02   -.3504E+02   -.3504E+02   -.3505E+02   -.3505E+02   -.3506E+02   -.3506E+02   -.3507E+02   -.3507E+02   -.3508E+02   -.3508E+02   -.3509E+02   -.3510E+02   -.3511E+02   -.3512E+02   -.3513E+02   -.3514E+02   -.3516E+02   -.3517E+02   -.3519E+02   -.3521E+02   -.3523E+02   -.3526E+02   -.3529E+02   -.3533E+02   -.3538E+02   -.3544E+02   -.3551E+02   -.3559E+02   -.3571E+02   -.3586E+02   -.3605E+02   -.3633E+02   -.3667E+02   -.3727E+02   -.3786E+02   -.3951E+02   -.3986E+02   -.4628E+02   -.5110E+02   -.6320E+02   -.4815E+02   -.5158E+02   -.4797E+02   -.4777E+02   -.4588E+02   -.4485E+02   -.4355E+02   -.4251E+02   -.4155E+02   -.4068E+02   -.3988E+02   -.3917E+02   -.3850E+02   -.3790E+02   -.3733E+02   -.3680E+02   -.3630E+02   -.3583E+02   -.3536E+02   -.3494E+02   -.3453E+02   -.3414E+02   -.3377E+02   -.3342E+02   -.3309E+02   -.3278E+02   -.3247E+02   -.3220E+02   -.3193E+02   -.3168E+02   -.3144E+02   -.3122E+02   -.3101E+02   -.3080E+02   -.3061E+02   -.3043E+02   -.3025E+02   -.3009E+02   -.2994E+02   -.2980E+02   -.2966E+02   -.2953E+02   -.2941E+02
0.1101E+04   0.2500E+02   -.3500E+02   -.3500E+02   -.3500E+02   -.3500E+02   -.3500E+02   -.3500E+02   -.3500E+02   -.3500E+02   -.3500E+02   -.3500E+02   -.3500E+02   -.3500E+02   -.3500E+02   -.3500E+02   -.3500E+02   -.3500E+02   -.3500E+02   -.3500E+02   -.3500E+02   -.3500E+02   -.3500E+02   -.3500E+02   -.3501E+02   -.3501E+02   -.3501E+02   -.3501E+02   -.3501E+02   -.3501E+02   -.3501E+02   -.3501E+02   -.3501E+02   -.3501E+02   -.3501E+02   -.3502E+02   -.3502E+02   -.3502E+02   -.3502E+02   -.3502E+02   -.3502E+02   -.3503E+02   -.3503E+02   -.3503E+02   -.3503E+02   -.3504E+02   -.3504E+02   -.3504E+02   -.3505E+02   -.3505E+02   -.3506E+02   -.3506E+02   -.3507E+02   -.3507E+02   -.3508E+02   -.3508E+02   -.3509E+02   -.3510E+02   -.3511E+02   -.3512E+02   -.3513E+02   -.3514E+02   -.3516E+02   -.3517E+02   -.3519E+02   -.3521E+02   -.3523E+02   -.3526E+02   -.3529E+02   -.3533E+02   -.3538E+02   -.3544E+02   -.3551E+02   -.3559E+02   -.3571E+02   -.3586E+02   -.3605E+02   -.3633E+02   -.3667E+02   -.3727E+02   -.3786E+02   -.3951E+02   -.3986E+02   -.4628E+02   -.5110E+02   -.6320E+02   -.4815E+02   -.5158E+02   -.4797E+02   -.4777E+02   -.4588E+02   -.4485E+02   -.4355E+02   -.4251E+02   -.4155E+02   -.4068E+02   -.3988E+02   -.3917E+02   -.3850E+02   -.3790E+02   -.3733E+02   -.3680E+02   -.3630E+02   -.3583E+02   -.3536E+02   -.3494E+02   -.3452E+02   -.3414E+02   -.3377E+02   -.3342E+02   -.3309E+02   -.3278E+02   -.3247E+02   -.3220E+02   -.3193E+02   -.3168E+02   -.3144E+02   -.3122E+02   -.3101E+02   -.3080E+02   -.3061E+02   -.3043E+02   -.3026E+02   -.3010E+02   -.2994E+02   -.2979E+02   -.2966E+02   -.2953E+02   -.2941E+02   -.2929E+02
0.1102E+04   0.2533E+02   -.3500E+02   -.3500E+02   -.3500E+02   -.3500E+02   -.3500E+02   -.3500E+02   -.3500E+02   -.3500E+02   -.3500E+02   -.3500E+02   -.3500E+02   -.3500E+02   -.3500E+02   -.3500E+02   -.3500E+02   -.3500E+02   -.3500E+02   -.3500E+02   -.3500E+02   -.3500E+02   -.3500E+02   -.3501E+02   -.3501E+02   -.3501E+02   -.3501E+02   -.3501E+02   -.3501E+02   -.3501E+02   -.3501E+02   -.3501E+02   -.3501E+02   -.3501E+02   -.3502E+02   -.3502E+02   -.3502E+02   -.3502E+02   -.3502E+02   -.3502E+02   -.3503E+02   -.3503E+02   -.3503E+02   -.3503E+02   -.3504E+02   -.3504E+02   -.3504E+02   -.3505E+02   -.3505E+02   -.3506E+02   -.3506E+02   -.3507E+02   -.3507E+02   -.3508E+02   -.3508E+02   -.3509E+02   -.3510E+02   -.3511E+02   -.3512E+02   -.3513E+02   -.3514E+02   -.3516E+02   -.3517E+02   -.3519E+02   -.3521E+02   -.3523E+02   -.3526E+02   -.3529E+02   -.3533E+02   -.3538E+02   -.3544E+02   -.3551E+02   -.3559E+02   -.3571E+02   -.3586E+02   -.3605E+02   -.3633E+02   -.3667E+02   -.3727E+02   -.3786E+02   -.3951E+02   -.3986E+02   -.4628E+02   -.5110E+02   -.6320E+02   -.4815E+02   -.5158E+02   -.4797E+02   -.4777E+02   -.4588E+02   -.4485E+02   -.4355E+02   -.4251E+02   -.4155E+02   -.4068E+02   -.3988E+02   -.3917E+02   -.3850E+02   -.3790E+02   -.3733E+02   -.3680E+02   -.3629E+02   -.3583E+02   -.3536E+02   -.3494E+02   -.3452E+02   -.3414E+02   -.3377E+02   -.3342E+02   -.3309E+02   -.3277E+02   -.3247E+02   -.3220E+02   -.3193E+02   -.3168E+02   -.3144E+02   -.3122E+02   -.3100E+02   -.3081E+02   -.3061E+02   -.3043E+02   -.3025E+02   -.3010E+02   -.2994E+02   -.2979E+02   -.2966E+02   -.2953E+02   -.2941E+02   -.2929E+02   -.2919E+02
0.1103E+04   0.2567E+02   -.3500E+02   -.3500E+02   -.3500E+02   -.3500E+02   -.3500E+02   -.3500E+02   -.3500E+02   -.3500E+02   -.3500E+02   -.3500E+02   -.3500E+02   -.3500E+02   -.3500E+02   -.3500E+02   -.3500E+02   -.3500E+02   -.3500E+02   -.3500E+02   -.3500E+02   -.3501E+02   -.3501E+02   -.3501E+02   -.3501E+02   -.3501E+02   -.3501E+02   -.3501E+02   -.3501E+02   -.3501E+02   -.3501E+02   -.3501E+02   -.3501E+02   -.3502E+02   -.3502E+02   -.3502E+02   -.3502E+02   -.3502E+02   -.3502E+02   -.3503E+02   -.3503E+02   -.3503E+02   -.3503E+02   -.3504E+02   -.3504E+02   -.3504E+02   -.3505E+02   -.3505E+02   -.3506E+02   -.3506E+02   -.3507E+02   -.3507E+02   -.3508E+02   -.3508E+02   -.3509E+02   -.3510E+02   -.3511E+02   -.3512E+02   -.3513E+02   -.3514E+02   -.3516E+02   -.3517E+02   -.3519E+02   -.3521E+02   -.3523E+02   -.3526E+02   -.3529E+02   -.3533E+02   -.3538E+02   -.3544E+02   -.3551E+02   -.3559E+02   -.3571E+02   -.3586E+02   -.3605E+02   -.3633E+02   -.3667E+02   -.3727E+02   -.3786E+02   -.3951E+02   -.3986E+02   -.4628E+02   -.5110E+02   -.6320E+02   -.4815E+02   -.5158E+02   -.4797E+02   -.4777E+02   -.4588E+02   -.4485E+02   -.4355E+02   -.4251E+02   -.4155E+02   -.4068E+02   -.3988E+02   -.3917E+02   -.3850E+02   -.3790E+02   -.3733E+02   -.3680E+02   -.3629E+02   -.3582E+02   -.3536E+02   -.3494E+02   -.3452E+02   -.3414E+02   -.3377E+02   -.3342E+02   -.3309E+02   -.3277E+02   -.3247E+02   -.3220E+02   -.3193E+02   -.3168E+02   -.3144E+02   -.3122E+02   -.3100E+02   -.3081E+02   -.3061E+02   -.3043E+02   -.3025E+02   -.3009E+02   -.2994E+02   -.2979E+02   -.2966E+02   -.2953E+02   -.2941E+02   -.2929E+02   -.2918E+02   -.2908E+02
0.1104E+04   0.2600E+02   -.3500E+02   -.3500E+02   -.3500E+02   -.3500E+02   -.3500E+02   -.3500E+02   -.3500E+02   -.3500E+02   -.3500E+02   -.3500E+02   -.3500E+02   -.3500E+02   -.3500E+02   -.3500E+02   -.3500E+02   -.3500E+02   -.3500E+02   -.3500E+02   -.3501E+02   -.3501E+02   -.3501E+02   -.3501E+02   -.3501E+02   -.3501E+02   -.3501E+02   -.3501E+02   -.3501E+02   -.3501E+02   -.3501E+02   -.3501E+02   -.3502E+02   -.3502E+02   -.3502E+02   -.3502E+02   -.3502E+02   -.3502E+02   -.3503E+02   -.3503E+02   -.3503E+02   -.3503E+02   -.3504E+02   -.3504E+02   -.3504E+02   -.3505E+02   -.3505E+02   -.3506E+02   -.3506E+02   -.3507E+02   -.3507E+02   -.3508E+02   -.3508E+02   -.3509E+02   -.3510E+02   -.3511E+02   -.3512E+02   -.3513E+02   -.3514E+02   -.3516E+02   -.3517E+02   -.3519E+02   -.3521E+02   -.3523E+02   -.3526E+02   -.3529E+02   -.3533E+02   -.3538E+02   -.3544E+02   -.3551E+02   -.3559E+02   -.3571E+02   -.3586E+02   -.3605E+02   -.3633E+02   -.3667E+02   -.3727E+02   -.3786E+02   -.3951E+02   -.3986E+02   -.4628E+02   -.5110E+02   -.6320E+02   -.4815E+02   -.5158E+02   -.4797E+02   -.4777E+02   -.4588E+02   -.4485E+02   -.4355E+02   -.4251E+02   -.4155E+02   -.4068E+02   -.3988E+02   -.3917E+02   -.3850E+02   -.3790E+02   -.3733E+02   -.3680E+02   -.3629E+02   -.3582E+02   -.3536E+02   -.3494E+02   -.3452E+02   -.3414E+02   -.3377E+02   -.3342E+02   -.3309E+02   -.3277E+02   -.3247E+02   -.3220E+02   -.3193E+02   -.3168E+02   -.3144E+02   -.3122E+02   -.3100E+02   -.3080E+02   -.3061E+02   -.3043E+02   -.3025E+02   -.3009E+02   -.2994E+02   -.2979E+02   -.2965E+02   -.2953E+02   -.2941E+02   -.2929E+02   -.2919E+02   -.2909E+02   -.2899E+02
0.1105E+04   0.2633E+02   -.3500E+02   -.3500E+02   -.3500E+02   -.3500E+02   -.3500E+02   -.3500E+02   -.3500E+02   -.3500E+02   -.3500E+02   -.3500E+02   -.3500E+02   -.3500E+02   -.3500E+02   -.3500E+02   -.3500E+02   -.3500E+02   -.3500E+02   -.3501E+02   -.3501E+02   -.3501E+02   -.3501E+02   -.3501E+02   -.3501E+02   -.3501E+02   -.3501E+02   -.3501E+02   -.3501E+02   -.3501E+02   -.3501E+02   -.3502E+02   -.3502E+02   -.3502E+02   -.3502E+02   -.3502E+02   -.3502E+02   -.3503E+02   -.3503E+02   -.3503E+02   -.3503E+02   -.3504E+02   -.3504E+02   -.3504E+02   -.3505E+02   -.3505E+02   -.3506E+02   -.3506E+02   -.3507E+02   -.3507E+02   -.3508E+02   -.3508E+02   -.3509E+02   -.3510E+02   -.3511E+02   -.3512E+02   -.3513E+02   -.3514E+02   -.3516E+02   -.3517E+02   -.3519E+02   -.3521E+02   -.3523E+02   -.3526E+02   -.3529E+02   -.3533E+02   -.3538E+02   -.3544E+02   -.3551E+02   -.3559E+02   -.3571E+02   -.3586E+02   -.3605E+02   -.3633E+02   -.3667E+02   -.3727E+02   -.3786E+02   -.3951E+02   -.3986E+02   -.4628E+02   -.5110E+02   -.6320E+02   -.4815E+02   -.5158E+02   -.4797E+02   -.4777E+02   -.4588E+02   -.4485E+02   -.4355E+02   -.4251E+02   -.4155E+02   -.4068E+02   -.3988E+02   -.3917E+02   -.3850E+02   -.3790E+02   -.3733E+02   -.3680E+02   -.3629E+02   -.3582E+02   -.3536E+02   -.3494E+02   -.3452E+02   -.3414E+02   -.3377E+02   -.3342E+02   -.3309E+02   -.3277E+02   -.3247E+02   -.3220E+02   -.3193E+02   -.3168E+02   -.3144E+02   -.3122E+02   -.3100E+02   -.3080E+02   -.3061E+02   -.3043E+02   -.3026E+02   -.3009E+02   -.2994E+02   -.2979E+02   -.2965E+02   -.2953E+02   -.2941E+02   -.2929E+02   -.2919E+02   -.2909E+02   -.2899E+02   -.2890E+02
0.1106E+04   0.2667E+02   -.3500E+02   -.3500E+02   -.3500E+02   -.3500E+02   -.3500E+02   -.3500E+02   -.3500E+02   -.3500E+02   -.3500E+02   -.3500E+02   -.3500E+02   -.3500E+02   -.3500E+02   -.3500E+02   -.3500E+02   -.3501E+02   -.3501E+02   -.3501E+02   -.3501E+02   -.3501E+02   -.3501E+02   -.3501E+02   -.3501E+02   -.3501E+02   -.3501E+02   -.3501E+02   -.3501E+02   -.3502E+02   -.3502E+02   -.3502E+02   -.3502E+02   -.3502E+02   -.3502E+02   -.3503E+02   -.3503E+02   -.3503E+02   -.3503E+02   -.3503E+02   -.3504E+02   -.3504E+02   -.3504E+02   -.3505E+02   -.3505E+02   -.3506E+02   -.3506E+02   -.3507E+02   -.3507E+02   -.3508E+02   -.3508E+02   -.3509E+02   -.3510E+02   -.3511E+02   -.3512E+02   -.3513E+02   -.3514E+02   -.3516E+02   -.3517E+02   -.3519E+02   -.3521E+02   -.3523E+02   -.3526E+02   -.3529E+02   -.3533E+02   -.3538E+02   -.3544E+02   -.3551E+02   -.3559E+02   -.3571E+02   -.3586E+02   -.3605E+02   -.3633E+02   -.3667E+02   -.3727E+02   -.3786E+02   -.3951E+02   -.3986E+02   -.4628E+02   -.5110E+02   -.6320E+02   -.4815E+02   -.5158E+02   -.4797E+02   -.4777E+02   -.4588E+02   -.4485E+02   -.4355E+02   -.4251E+02   -.4155E+02   -.4068E+02   -.3988E+02   -.3917E+02   -.3850E+02   -.3790E+02   -.3733E+02   -.3680E+02   -.3629E+02   -.3582E+02   -.3536E+02   -.3494E+02   -.3452E+02   -.3414E+02   -.3377E+02   -.3342E+02   -.3308E+02   -.3277E+02   -.3247E+02   -.3220E+02   -.3193E+02   -.3168E+02   -.3144E+02   -.3122E+02   -.3100E+02   -.3080E+02   -.3061E+02   -.3043E+02   -.3026E+02   -.3009E+02   -.2994E+02   -.2979E+02   -.2966E+02   -.2953E+02   -.2941E+02   -.2929E+02   -.2918E+02   -.2909E+02   -.2899E+02   -.2890E+02   -.2881E+02
0.1107E+04   0.2700E+02   -.3500E+02   -.3500E+02   -.3500E+02   -.3500E+02   -.3500E+02   -.3500E+02   -.3500E+02   -.3500E+02   -.3500E+02   -.3500E+02   -.3500E+02   -.3500E+02   -.3500E+02   -.3500E+02   -.3501E+02   -.3501E+02   -.3501E+02   -.3501E+02   -.3501E+02   -.3501E+02   -.3501E+02   -.3501E+02   -.3501E+02   -.3501E+02   -.3501E+02   -.3501E+02   -.3502E+02   -.3502E+02   -.3502E+02   -.3502E+02   -.3502E+02   -.3502E+02   -.3503E+02   -.3503E+02   -.3503E+02   -.3503E+02   -.3504E+02   -.3504E+02   -.3504E+02   -.3504E+02   -.3505E+02   -.3505E+02   -.3506E+02   -.3506E+02   -.3507E+02   -.3507E+02   -.3508E+02   -.3508E+02   -.3509E+02   -.3510E+02   -.3511E+02   -.3512E+02   -.3513E+02   -.3514E+02   -.3516E+02   -.3517E+02   -.3519E+02   -.3521E+02   -.3523E+02   -.3526E+02   -.3529E+02   -.3533E+02   -.3538E+02   -.3544E+02   -.3551E+02   -.3560E+02   -.3571E+02   -.3586E+02   -.3605E+02   -.3633E+02   -.3667E+02   -.3727E+02   -.3786E+02   -.3951E+02   -.3986E+02   -.4628E+02   -.5110E+02   -.6320E+02   -.4815E+02   -.5158E+02   -.4797E+02   -.4777E+02   -.4588E+02   -.4485E+02   -.4355E+02   -.4251E+02   -.4155E+02   -.4068E+02   -.3988E+02   -.3917E+02   -.3850E+02   -.3790E+02   -.3733E+02   -.3680E+02   -.3629E+02   -.3582E+02   -.3536E+02   -.3494E+02   -.3452E+02   -.3414E+02   -.3377E+02   -.3342E+02   -.3308E+02   -.3277E+02   -.3247E+02   -.3219E+02   -.3193E+02   -.3168E+02   -.3144E+02   -.3122E+02   -.3100E+02   -.3080E+02   -.3061E+02   -.3043E+02   -.3026E+02   -.3010E+02   -.2994E+02   -.2980E+02   -.2966E+02   -.2953E+02   -.2941E+02   -.2930E+02   -.2919E+02   -.2908E+02   -.2899E+02   -.2890E+02   -.2881E+02   -.2873E+02
0.1108E+04   0.2733E+02   -.3500E+02   -.3500E+02   -.3500E+02   -.3500E+02   -.3500E+02   -.3500E+02   -.3500E+02   -.3500E+02   -.3500E+02   -.3500E+02   -.3500E+02   -.3500E+02   -.3500E+02   -.3501E+02   -.3501E+02   -.3501E+02   -.3501E+02   -.3501E+02   -.3501E+02   -.3501E+02   -.3501E+02   -.3501E+02   -.3501E+02   -.3501E+02   -.3501E+02   -.3502E+02   -.3502E+02   -.3502E+02   -.3502E+02   -.3502E+02   -.3502E+02   -.3503E+02   -.3503E+02   -.3503E+02   -.3503E+02   -.3504E+02   -.3504E+02   -.3504E+02   -.3504E+02   -.3505E+02   -.3505E+02   -.3506E+02   -.3506E+02   -.3507E+02   -.3507E+02   -.3508E+02   -.3508E+02   -.3509E+02   -.3510E+02   -.3511E+02   -.3512E+02   -.3513E+02   -.3514E+02   -.3516E+02   -.3517E+02   -.3519E+02   -.3521E+02   -.3523E+02   -.3526E+02   -.3529E+02   -.3533E+02   -.3538E+02   -.3544E+02   -.3551E+02   -.3560E+02   -.3571E+02   -.3586E+02   -.3605E+02   -.3633E+02   -.3667E+02   -.3727E+02   -.3786E+02   -.3951E+02   -.3986E+02   -.4628E+02   -.5110E+02   -.6320E+02   -.4815E+02   -.5158E+02   -.4797E+02   -.4777E+02   -.4588E+02   -.4485E+02   -.4355E+02   -.4251E+02   -.4155E+02   -.4068E+02   -.3988E+02   -.3917E+02   -.3850E+02   -.3790E+02   -.3733E+02   -.3680E+02   -.3629E+02   -.3582E+02   -.3536E+02   -.3494E+02   -.3452E+02   -.3414E+02   -.3377E+02   -.3342E+02   -.3308E+02   -.3277E+02   -.3247E+02   -.3219E+02   -.3193E+02   -.3168E+02   -.3144E+02   -.3122E+02   -.3100E+02   -.3080E+02   -.3061E+02   -.3043E+02   -.3026E+02   -.3010E+02   -.2994E+02   -.2979E+02   -.2966E+02   -.2953E+02   -.2941E+02   -.2929E+02   -.2918E+02   -.2909E+02   -.2899E+02   -.2890E+02   -.2881E+02   -.2873E+02   -.2865E+02
0.1109E+04   0.2767E+02   -.3500E+02   -.3500E+02   -.3500E+02   -.3500E+02   -.3500E+02   -.3500E+02   -.3500E+02   -.3500E+02   -.3500E+02   -.3500E+02   -.3500E+02   -.3501E+02   -.3501E+02   -.3501E+02   -.3501E+02   -.3501E+02   -.3501E+02   -.3501E+02   -.3501E+02   -.3501E+02   -.3501E+02   -.3501E+02   -.3501E+02   -.3501E+02   -.3502E+02   -.3502E+02   -.3502E+02   -.3502E+02   -.3502E+02   -.3502E+02   -.3503E+02   -.3503E+02   -.3503E+02   -.3503E+02   -.3504E+02   -.3504E+02   -.3504E+02   -.3504E+02   -.3505E+02   -.3505E+02   -.3506E+02   -.3506E+02   -.3507E+02   -.3507E+02   -.3508E+02   -.3508E+02   -.3509E+02   -.3510E+02   -.3511E+02   -.3512E+02   -.3513E+02   -.3514E+02   -.3516E+02   -.3517E+02   -.3519E+02   -.3521E+02   -.3523E+02   -.3526E+02   -.3529E+02   -.3533E+02   -.3538E+02   -.3544E+02   -.3551E+02   -.3560E+02   -.3571E+02   -.3586E+02   -.3605E+02   -.3633E+02   -.3667E+02   -.3727E+02   -.3786E+02   -.3951E+02   -.3986E+02   -.4628E+02   -.5110E+02   -.6320E+02   -.4815E+02   -.5158E+02   -.4797E+02   -.4777E+02   -.4588E+02   -.4485E+02   -.4355E+02   -.4251E+02   -.4155E+02   -.4068E+02   -.3988E+02   -.3917E+02   -.3850E+02   -.3790E+02   -.3733E+02   -.3680E+02   -.3629E+02   -.3582E+02   -.3536E+02   -.3494E+02   -.3452E+02   -.3414E+02   -.3377E+02   -.3342E+02   -.3308E+02   -.3277E+02   -.3247E+02   -.3219E+02   -.3193E+02   -.3168E+02   -.3144E+02   -.3122E+02   -.3100E+02   -.3080E+02   -.3061E+02   -.3043E+02   -.3026E+02   -.3009E+02   -.2994E+02   -.2980E+02   -.2966E+02   -.2953E+02   -.2941E+02   -.2929E+02   -.2918E+02   -.2908E+02   -.2899E+02   -.2890E+02   -.2881E+02   -.2873E+02   -.2865E+02   -.2858E+02
0.1110E+04   0.2800E+02   -.3500E+02   -.3500E+02   -.3500E+02   -.3500E+02   -.3500E+02   -.3500E+02   -.3500E+02   -.3500E+02   -.3500E+02   -.3500E+02   -.3501E+02   -.3501E+02   -.3501E+02   -.3501E+02   -.3501E+02   -.3501E+02   -.3501E+02   -.3501E+02   -.3501E+02   -.3501E+02   -.3501E+02   -.3501E+02   -.3501E+02   -.3502E+02   -.3502E+02   -.3502E+02   -.3502E+02   -.3502E+02   -.3502E+02   -.3503E+02   -.3503E+02   -.3503E+02   -.3503E+02   -.3504E+02   -.3504E+02   -.3504E+02   -.3505E+02   -.3505E+02   -.3505E+02   -.3506E+02   -.3506E+02   -.3507E+02   -.3507E+02   -.3508E+02   -.3509E+02   -.3509E+02   -.3510E+02   -.3511E+02   -.3512E+02   -.3513E+02   -.3514E+02   -.3516E+02   -.3517E+02   -.3519E+02   -.3521E+02   -.3523E+02   -.3526E+02   -.3529E+02   -.3533E+02   -.3538E+02   -.3544E+02   -.3551E+02   -.3560E+02   -.3571E+02   -.3586E+02   -.3605E+02   -.3633E+02   -.3667E+02   -.3727E+02   -.3786E+02   -.3951E+02   -.3986E+02   -.4628E+02   -.5110E+02   -.6320E+02   -.4815E+02   -.5158E+02   -.4797E+02   -.4777E+02   -.4588E+02   -.4485E+02   -.4355E+02   -.4251E+02   -.4155E+02   -.4068E+02   -.3988E+02   -.3917E+02   -.3850E+02   -.3790E+02   -.3733E+02   -.3680E+02   -.3629E+02   -.3582E+02   -.3536E+02   -.3494E+02   -.3452E+02   -.3414E+02   -.3377E+02   -.3342E+02   -.3308E+02   -.3277E+02   -.3247E+02   -.3219E+02   -.3193E+02   -.3168E+02   -.3144E+02   -.3122E+02   -.3100E+02   -.3080E+02   -.3061E+02   -.3043E+02   -.3026E+02   -.3010E+02   -.2994E+02   -.2979E+02   -.2966E+02   -.2953E+02   -.2941E+02   -.2929E+02   -.2918E+02   -.2908E+02   -.2899E+02   -.2890E+02   -.2881E+02   -.2873E+02   -.2865E+02   -.2858E+02   -.2850E+02
0.1111E+04   0.2833E+02   -.3500E+02   -.3500E+02   -.3500E+02   -.3500E+02   -.3500E+02   -.3500E+02   -.3500E+02   -.3500E+02   -.3500E+02   -.3501E+02   -.3501E+02   -.3501E+02   -.3501E+02   -.3501E+02   -.3501E+02   -.3501E+02   -.3501E+02   -.3501E+02   -.3501E+02   -.3501E+02   -.3501E+02   -.3501E+02   -.3502E+02   -.3502E+02   -.3502E+02   -.3502E+02   -.3502E+02   -.3502E+02   -.3503E+02   -.3503E+02   -.3503E+02   -.3503E+02   -.3504E+02   -.3504E+02   -.3504E+02   -.3505E+02   -.3505E+02   -.3505E+02   -.3506E+02   -.3506E+02   -.3507E+02   -.3507E+02   -.3508E+02   -.3509E+02   -.3509E+02   -.3510E+02   -.3511E+02   -.3512E+02   -.3513E+02   -.3514E+02   -.3516E+02   -.3517E+02   -.3519E+02   -.3521E+02   -.3523E+02   -.3526E+02   -.3529E+02   -.3533E+02   -.3538E+02   -.3544E+02   -.3551E+02   -.3560E+02   -.3571E+02   -.3586E+02   -.3605E+02   -.3633E+02   -.3667E+02   -.3727E+02   -.3786E+02   -.3951E+02   -.3986E+02   -.4628E+02   -.5110E+02   -.6320E+02   -.4815E+02   -.5158E+02   -.4797E+02   -.4777E+02   -.4588E+02   -.4485E+02   -.4355E+02   -.4251E+02   -.4155E+02   -.4068E+02   -.3988E+02   -.3917E+02   -.3850E+02   -.3790E+02   -.3733E+02   -.3680E+02   -.3629E+02   -.3582E+02   -.3536E+02   -.3494E+02   -.3452E+02   -.3414E+02   -.3377E+02   -.3342E+02   -.3308E+02   -.3277E+02   -.3247E+02   -.3219E+02   -.3193E+02   -.3168E+02   -.3144E+02   -.3122E+02   -.3100E+02   -.3080E+02   -.3061E+02   -.3043E+02   -.3026E+02   -.3010E+02   -.2994E+02   -.2979E+02   -.2966E+02   -.2953E+02   -.2941E+02   -.2929E+02   -.2918E+02   -.2909E+02   -.2899E+02   -.2890E+02   -.2881E+02   -.2873E+02   -.2865E+02   -.2858E+02   -.2850E+02   -.2844E+02
0.1112E+04   0.2867E+02   -.3500E+02   -.3500E+02   -.3500E+02   -.3500E+02   -.3500E+02   -.3500E+02   -.3500E+02   -.3500E+02   -.3501E+02   -.3501E+02   -.3501E+02   -.3501E+02   -.3501E+02   -.3501E+02   -.3501E+02   -.3501E+02   -.3501E+02   -.3501E+02   -.3501E+02   -.3501E+02   -.3502E+02   -.3502E+02   -.3502E+02   -.3502E+02   -.3502E+02   -.3502E+02   -.3502E+02   -.3503E+02   -.3503E+02   -.3503E+02   -.3503E+02   -.3504E+02   -.3504E+02   -.3504E+02   -.3505E+02   -.3505E+02   -.3505E+02   -.3506E+02   -.3506E+02   -.3507E+02   -.3507E+02   -.3508E+02   -.3509E+02   -.3509E+02   -.3510E+02   -.3511E+02   -.3512E+02   -.3513E+02   -.3514E+02   -.3516E+02   -.3517E+02   -.3519E+02   -.3521E+02   -.3523E+02   -.3526E+02   -.3529E+02   -.3533E+02   -.3538E+02   -.3544E+02   -.3551E+02   -.3560E+02   -.3571E+02   -.3586E+02   -.3605E+02   -.3633E+02   -.3667E+02   -.3727E+02   -.3786E+02   -.3951E+02   -.3986E+02   -.4628E+02   -.5110E+02   -.6320E+02   -.4815E+02   -.5158E+02   -.4797E+02   -.4777E+02   -.4588E+02   -.4485E+02   -.4355E+02   -.4251E+02   -.4155E+02   -.4068E+02   -.3988E+02   -.3917E+02   -.3850E+02   -.3790E+02   -.3733E+02   -.3680E+02   -.3629E+02   -.3582E+02   -.3536E+02   -.3494E+02   -.3452E+02   -.3414E+02   -.3377E+02   -.3342E+02   -.3308E+02   -.3277E+02   -.3247E+02   -.3219E+02   -.3193E+02   -.3168E+02   -.3144E+02   -.3122E+02   -.3100E+02   -.3080E+02   -.3061E+02   -.3043E+02   -.3025E+02   -.3009E+02   -.2994E+02   -.2979E+02   -.2966E+02   -.2953E+02   -.2941E+02   -.2929E+02   -.2918E+02   -.2909E+02   -.2899E+02   -.2890E+02   -.2881E+02   -.2873E+02   -.2865E+02   -.2858E+02   -.2851E+02   -.2844E+02   -.2837E+02
0.1113E+04   0.2900E+02   -.3500E+02   -.3500E+02   -.3500E+02   -.3500E+02   -.3500E+02   -.3500E+02   -.3500E+02   -.3501E+02   -.3501E+02   -.3501E+02   -.3501E+02   -.3501E+02   -.3501E+02   -.3501E+02   -.3501E+02   -.3501E+02   -.3501E+02   -.3501E+02   -.3501E+02   -.3502E+02   -.3502E+02   -.3502E+02   -.3502E+02   -.3502E+02   -.3502E+02   -.3502E+02   -.3503E+02   -.3503E+02   -.3503E+02   -.3503E+02   -.3504E+02   -.3504E+02   -.3504E+02   -.3505E+02   -.3505E+02   -.3505E+02   -.3506E+02   -.3506E+02   -.3507E+02   -.3507E+02   -.3508E+02   -.3509E+02   -.3509E+02   -.3510E+02   -.3511E+02   -.3512E+02   -.3513E+02   -.3514E+02   -.3516E+02   -.3517E+02   -.3519E+02   -.3521E+02   -.3523E+02   -.3526E+02   -.3529E+02   -.3533E+02   -.3538E+02   -.3544E+02   -.3551E+02   -.3560E+02   -.3571E+02   -.3586E+02   -.3605E+02   -.3633E+02   -.3667E+02   -.3727E+02   -.3786E+02   -.3951E+02   -.3986E+02   -.4628E+02   -.5110E+02   -.6320E+02   -.4815E+02   -.5158E+02   -.4797E+02   -.4777E+02   -.4588E+02   -.4485E+02   -.4355E+02   -.4251E+02   -.4155E+02   -.4068E+02   -.3988E+02   -.3917E+02   -.3850E+02   -.3790E+02   -.3733E+02   -.3680E+02   -.3629E+02   -.3582E+02   -.3536E+02   -.3494E+02   -.3452E+02   -.3414E+02   -.3377E+02   -.3342E+02   -.3308E+02   -.3277E+02   -.3247E+02   -.3219E+02   -.3193E+02   -.3167E+02   -.3144E+02   -.3122E+02   -.3100E+02   -.3080E+02   -.3061E+02   -.3043E+02   -.3025E+02   -.3010E+02   -.2994E+02   -.2979E+02   -.2966E+02   -.2953E+02   -.2941E+02   -.2930E+02   -.2918E+02   -.2909E+02   -.2899E+02   -.2890E+02   -.2881E+02   -.2873E+02   -.2865E+02   -.2858E+02   -.2851E+02   -.2844E+02   -.2837E+02   -.2831E+02
0.1114E+04   0.2933E+02   -.3500E+02   -.3500E+02   -.3500E+02   -.3500E+02   -.3500E+02   -.3500E+02   -.3501E+02   -.3501E+02   -.3501E+02   -.3501E+02   -.3501E+02   -.3501E+02   -.3501E+02   -.3501E+02   -.3501E+02   -.3501E+02   -.3501E+02   -.3501E+02   -.3502E+02   -.3502E+02   -.3502E+02   -.3502E+02   -.3502E+02   -.3502E+02   -.3502E+02   -.3503E+02   -.3503E+02   -.3503E+02   -.3503E+02   -.3504E+02   -.3504E+02   -.3504E+02   -.3505E+02   -.3505E+02   -.3505E+02   -.3506E+02   -.3506E+02   -.3507E+02   -.3507E+02   -.3508E+02   -.3509E+02   -.3509E+02   -.3510E+02   -.3511E+02   -.3512E+02   -.3513E+02   -.3514E+02   -.3516E+02   -.3517E+02   -.3519E+02   -.3521E+02   -.3523E+02   -.3526E+02   -.3529E+02   -.3533E+02   -.3538E+02   -.3544E+02   -.3551E+02   -.3560E+02   -.3571E+02   -.3586E+02   -.3605E+02   -.3633E+02   -.3667E+02   -.3727E+02   -.3786E+02   -.3951E+02   -.3986E+02   -.4628E+02   -.5110E+02   -.6320E+02   -.4815E+02   -.5158E+02   -.4797E+02   -.4777E+02   -.4588E+02   -.4485E+02   -.4355E+02   -.4251E+02   -.4155E+02   -.4068E+02   -.3988E+02   -.3917E+02   -.3850E+02   -.3790E+02   -.3733E+02   -.3680E+02   -.3629E+02   -.3582E+02   -.3536E+02   -.3494E+02   -.3452E+02   -.3414E+02   -.3377E+02   -.3342E+02   -.3308E+02   -.3277E+02   -.3247E+02   -.3219E+02   -.3192E+02   -.3167E+02   -.3144E+02   -.3122E+02   -.3100E+02   -.3080E+02   -.3061E+02   -.3043E+02   -.3026E+02   -.3010E+02   -.2994E+02   -.2979E+02   -.2966E+02   -.2953E+02   -.2941E+02   -.2930E+02   -.2918E+02   -.2908E+02   -.2899E+02   -.2890E+02   -.2881E+02   -.2873E+02   -.2865E+02   -.2858E+02   -.2851E+02   -.2844E+02   -.2837E+02   -.2831E+02   -.2825E+02
0.1115E+04   0.2967E+02   -.3500E+02   -.3500E+02   -.3500E+02   -.3500E+02   -.3500E+02   -.3501E+02   -.3501E+02   -.3501E+02   -.3501E+02   -.3501E+02   -.3501E+02   -.3501E+02   -.3501E+02   -.3501E+02   -.3501E+02   -.3501E+02   -.3501E+02   -.3502E+02   -.3502E+02   -.3502E+02   -.3502E+02   -.3502E+02   -.3502E+02   -.3502E+02   -.3503E+02   -.3503E+02   -.3503E+02   -.3503E+02   -.3504E+02   -.3504E+02   -.3504E+02   -.3505E+02   -.3505E+02   -.3505E+02   -.3506E+02   -.3506E+02   -.3507E+02   -.3507E+02   -.3508E+02   -.3509E+02   -.3509E+02   -.3510E+02   -.3511E+02   -.3512E+02   -.3513E+02   -.3514E+02   -.3516E+02   -.3517E+02   -.3519E+02   -.3521E+02   -.3523E+02   -.3526E+02   -.3529E+02   -.3533E+02   -.3538E+02   -.3544E+02   -.3551E+02   -.3560E+02   -.3571E+02   -.3586E+02   -.3605E+02   -.3633E+02   -.3667E+02   -.3727E+02   -.3786E+02   -.3951E+02   -.3986E+02   -.4628E+02   -.5110E+02   -.6320E+02   -.4815E+02   -.5158E+02   -.4797E+02   -.4777E+02   -.4588E+02   -.4485E+02   -.4355E+02   -.4251E+02   -.4155E+02   -.4068E+02   -.3988E+02   -.3917E+02   -.3850E+02   -.3790E+02   -.3733E+02   -.3680E+02   -.3629E+02   -.3582E+02   -.3536E+02   -.3494E+02   -.3452E+02   -.3414E+02   -.3377E+02   -.3342E+02   -.3308E+02   -.3277E+02   -.3247E+02   -.3219E+02   -.3192E+02   -.3167E+02   -.3144E+02   -.3122E+02   -.3100E+02   -.3080E+02   -.3061E+02   -.3043E+02   -.3026E+02   -.3010E+02   -.2994E+02   -.2979E+02   -.2966E+02   -.2953E+02   -.2941E+02   -.2929E+02   -.2918E+02   -.2909E+02   -.2899E+02   -.2890E+02   -.2881E+02   -.2873E+02   -.2865E+02   -.2858E+02   -.2851E+02   -.2844E+02   -.2837E+02   -.2831E+02   -.2825E+02   -.2819E+02
0.1116E+04   0.3000E+02   -.3500E+02   -.3500E+02   -.3500E+02   -.3500E+02   -.3500E+02   -.3501E+02   -.3501E+02   -.3501E+02   -.3501E+02   -.3501E+02   -.3501E+02   -.3501E+02   -.3501E+02   -.3501E+02   -.3501E+02   -.3501E+02   -.3502E+02   -.3502E+02   -.3502E+02   -.3502E+02   -.3502E+02   -.3502E+02   -.3503E+02   -.3503E+02   -.3503E+02   -.3503E+02   -.3503E+02   -.3504E+02   -.3504E+02   -.3504E+02   -.3505E+02   -.3505E+02   -.3505E+02   -.3506E+02   -.3506E+02   -.3507E+02   -.3507E+02   -.3508E+02   -.3509E+02   -.3509E+02   -.3510E+02   -.3511E+02   -.3512E+02   -.3513E+02   -.3514E+02   -.3516E+02   -.3517E+02   -.3519E+02   -.3521E+02   -.3523E+02   -.3526E+02   -.3529E+02   -.3533E+02   -.3538E+02   -.3544E+02   -.3551E+02   -.3560E+02   -.3571E+02   -.3586E+02   -.3605E+02   -.3633E+02   -.3667E+02   -.3727E+02   -.3786E+02   -.3951E+02   -.3986E+02   -.4628E+02   -.5110E+02   -.6320E+02   -.4815E+02   -.5158E+02   -.4797E+02   -.4777E+02   -.4588E+02   -.4485E+02   -.4355E+02   -.4251E+02   -.4155E+02   -.4068E+02   -.3988E+02   -.3917E+02   -.3850E+02   -.3790E+02   -.3733E+02   -.3680E+02   -.3629E+02   -.3582E+02   -.3536E+02   -.3494E+02   -.3452E+02   -.3414E+02   -.3377E+02   -.3342E+02   -.3308E+02   -.3277E+02   -.3247E+02   -.3219E+02   -.3192E+02   -.3168E+02   -.3144E+02   -.3122E+02   -.3100E+02   -.3080E+02   -.3061E+02   -.3042E+02   -.3025E+02   -.3010E+02   -.2994E+02   -.2979E+02   -.2966E+02   -.2953E+02   -.2941E+02   -.2929E+02   -.2918E+02   -.2908E+02   -.2899E+02   -.2890E+02   -.2881E+02   -.2873E+02   -.2865E+02   -.2857E+02   -.2851E+02   -.2843E+02   -.2837E+02   -.2831E+02   -.2825E+02   -.2819E+02   -.2814E+02
0.1117E+04   0.3033E+02   -.3500E+02   -.3500E+02   -.3500E+02   -.3500E+02   -.3501E+02   -.3501E+02   -.3501E+02   -.3501E+02   -.3501E+02   -.3501E+02   -.3501E+02   -.3501E+02   -.3501E+02   -.3501E+02   -.3501E+02   -.3502E+02   -.3502E+02   -.3502E+02   -.3502E+02   -.3502E+02   -.3502E+02   -.3503E+02   -.3503E+02   -.3503E+02   -.3503E+02   -.3503E+02   -.3504E+02   -.3504E+02   -.3504E+02   -.3505E+02   -.3505E+02   -.3505E+02   -.3506E+02   -.3506E+02   -.3507E+02   -.3507E+02   -.3508E+02   -.3509E+02   -.3509E+02   -.3510E+02   -.3511E+02   -.3512E+02   -.3513E+02   -.3514E+02   -.3516E+02   -.3517E+02   -.3519E+02   -.3521E+02   -.3523E+02   -.3526E+02   -.3529E+02   -.3533E+02   -.3538E+02   -.3544E+02   -.3551E+02   -.3560E+02   -.3571E+02   -.3586E+02   -.3605E+02   -.3633E+02   -.3667E+02   -.3727E+02   -.3786E+02   -.3951E+02   -.3986E+02   -.4628E+02   -.5110E+02   -.6320E+02   -.4815E+02   -.5158E+02   -.4797E+02   -.4777E+02   -.4588E+02   -.4485E+02   -.4355E+02   -.4251E+02   -.4155E+02   -.4068E+02   -.3988E+02   -.3917E+02   -.3850E+02   -.3790E+02   -.3733E+02   -.3680E+02   -.3629E+02   -.3582E+02   -.3536E+02   -.3494E+02   -.3452E+02   -.3414E+02   -.3377E+02   -.3342E+02   -.3309E+02   -.3277E+02   -.3247E+02   -.3219E+02   -.3192E+02   -.3167E+02   -.3144E+02   -.3121E+02   -.3100E+02   -.3080E+02   -.3061E+02   -.3042E+02   -.3025E+02   -.3010E+02   -.2994E+02   -.2979E+02   -.2966E+02   -.2953E+02   -.2941E+02   -.2929E+02   -.2918E+02   -.2909E+02   -.2899E+02   -.2890E+02   -.2881E+02   -.2873E+02   -.2865E+02   -.2858E+02   -.2851E+02   -.2843E+02   -.2837E+02   -.2831E+02   -.2825E+02   -.2819E+02   -.2814E+02   -.2809E+02
0.1118E+04   0.3067E+02   -.3500E+02   -.3500E+02   -.3500E+02   -.3500E+02   -.3501E+02   -.3501E+02   -.3501E+02   -.3501E+02   -.3501E+02   -.3501E+02   -.3501E+02   -.3501E+02   -.3501E+02   -.3501E+02   -.3502E+02   -.3502E+02   -.3502E+02   -.3502E+02   -.3502E+02   -.3502E+02   -.3503E+02   -.3503E+02   -.3503E+02   -.3503E+02   -.3503E+02   -.3504E+02   -.3504E+02   -.3504E+02   -.3505E+02   -.3505E+02   -.3505E+02   -.3506E+02   -.3506E+02   -.3507E+02   -.3507E+02   -.3508E+02   -.3509E+02   -.3509E+02   -.3510E+02   -.3511E+02   -.3512E+02   -.3513E+02   -.3514E+02   -.3516E+02   -.3517E+02   -.3519E+02   -.3521E+02   -.3523E+02   -.3526E+02   -.3530E+02   -.3533E+02   -.3538E+02   -.3544E+02   -.3551E+02   -.3560E+02   -.3571E+02   -.3586E+02   -.3605E+02   -.3633E+02   -.3667E+02   -.3727E+02   -.3786E+02   -.3951E+02   -.3986E+02   -.4628E+02   -.5110E+02   -.6320E+02   -.4815E+02   -.5158E+02   -.4797E+02   -.4777E+02   -.4588E+02   -.4485E+02   -.4355E+02   -.4251E+02   -.4155E+02   -.4068E+02   -.3988E+02   -.3917E+02   -.3850E+02   -.3790E+02   -.3733E+02   -.3680E+02   -.3629E+02   -.3582E+02   -.3536E+02   -.3494E+02   -.3452E+02   -.3414E+02   -.3377E+02   -.3342E+02   -.3308E+02   -.3277E+02   -.3247E+02   -.3219E+02   -.3192E+02   -.3168E+02   -.3144E+02   -.3122E+02   -.3100E+02   -.3080E+02   -.3061E+02   -.3042E+02   -.3025E+02   -.3009E+02   -.2994E+02   -.2980E+02   -.2966E+02   -.2953E+02   -.2941E+02   -.2929E+02   -.2918E+02   -.2908E+02   -.2899E+02   -.2890E+02   -.2881E+02   -.2873E+02   -.2865E+02   -.2858E+02   -.2851E+02   -.2843E+02   -.2837E+02   -.2831E+02   -.2825E+02   -.2819E+02   -.2814E+02   -.2809E+02   -.2804E+02
0.1119E+04   0.3100E+02   -.3500E+02   -.3500E+02   -.3500E+02   -.3501E+02   -.3501E+02   -.3501E+02   -.3501E+02   -.3501E+02   -.3501E+02   -.3501E+02   -.3501E+02   -.3501E+02   -.3501E+02   -.3502E+02   -.3502E+02   -.3502E+02   -.3502E+02   -.3502E+02   -.3502E+02   -.3503E+02   -.3503E+02   -.3503E+02   -.3503E+02   -.3503E+02   -.3504E+02   -.3504E+02   -.3504E+02   -.3505E+02   -.3505E+02   -.3505E+02   -.3506E+02   -.3506E+02   -.3507E+02   -.3507E+02   -.3508E+02   -.3509E+02   -.3509E+02   -.3510E+02   -.3511E+02   -.3512E+02   -.3513E+02   -.3514E+02   -.3516E+02   -.3517E+02   -.3519E+02   -.3521E+02   -.3524E+02   -.3526E+02   -.3530E+02   -.3533E+02   -.3538E+02   -.3544E+02   -.3551E+02   -.3560E+02   -.3571E+02   -.3586E+02   -.3605E+02   -.3633E+02   -.3667E+02   -.3727E+02   -.3786E+02   -.3951E+02   -.3986E+02   -.4628E+02   -.5110E+02   -.6320E+02   -.4815E+02   -.5158E+02   -.4797E+02   -.4777E+02   -.4588E+02   -.4485E+02   -.4355E+02   -.4251E+02   -.4155E+02   -.4068E+02   -.3988E+02   -.3917E+02   -.3850E+02   -.3790E+02   -.3733E+02   -.3680E+02   -.3629E+02   -.3582E+02   -.3536E+02   -.3494E+02   -.3452E+02   -.3414E+02   -.3377E+02   -.3342E+02   -.3308E+02   -.3277E+02   -.3247E+02   -.3219E+02   -.3192E+02   -.3167E+02   -.3144E+02   -.3121E+02   -.3100E+02   -.3080E+02   -.3061E+02   -.3043E+02   -.3026E+02   -.3009E+02   -.2994E+02   -.2980E+02   -.2966E+02   -.2953E+02   -.2940E+02   -.2929E+02   -.2918E+02   -.2908E+02   -.2898E+02   -.2890E+02   -.2881E+02   -.2873E+02   -.2865E+02   -.2858E+02   -.2850E+02   -.2843E+02   -.2837E+02   -.2831E+02   -.2825E+02   -.2819E+02   -.2814E+02   -.2809E+02   -.2804E+02   -.2799E+02
0.1120E+04   0.3133E+02   -.3500E+02   -.3500E+02   -.3500E+02   -.3501E+02   -.3501E+02   -.3501E+02   -.3501E+02   -.3501E+02   -.3501E+02   -.3501E+02   -.3501E+02   -.3501E+02   -.3502E+02   -.3502E+02   -.3502E+02   -.3502E+02   -.3502E+02   -.3502E+02   -.3503E+02   -.3503E+02   -.3503E+02   -.3503E+02   -.3503E+02   -.3504E+02   -.3504E+02   -.3504E+02   -.3505E+02   -.3505E+02   -.3505E+02   -.3506E+02   -.3506E+02   -.3507E+02   -.3507E+02   -.3508E+02   -.3509E+02   -.3509E+02   -.3510E+02   -.3511E+02   -.3512E+02   -.3513E+02   -.3514E+02   -.3516E+02   -.3517E+02   -.3519E+02   -.3521E+02   -.3524E+02   -.3526E+02   -.3530E+02   -.3533E+02   -.3538E+02   -.3544E+02   -.3551E+02   -.3560E+02   -.3571E+02   -.3586E+02   -.3605E+02   -.3633E+02   -.3667E+02   -.3727E+02   -.3786E+02   -.3952E+02   -.3986E+02   -.4628E+02   -.5110E+02   -.6320E+02   -.4815E+02   -.5158E+02   -.4797E+02   -.4777E+02   -.4588E+02   -.4485E+02   -.4355E+02   -.4251E+02   -.4155E+02   -.4068E+02   -.3988E+02   -.3917E+02   -.3850E+02   -.3790E+02   -.3733E+02   -.3680E+02   -.3629E+02   -.3582E+02   -.3536E+02   -.3494E+02   -.3452E+02   -.3414E+02   -.3377E+02   -.3342E+02   -.3308E+02   -.3277E+02   -.3247E+02   -.3219E+02   -.3193E+02   -.3168E+02   -.3144E+02   -.3122E+02   -.3100E+02   -.3080E+02   -.3061E+02   -.3042E+02   -.3025E+02   -.3009E+02   -.2994E+02   -.2980E+02   -.2966E+02   -.2953E+02   -.2940E+02   -.2929E+02   -.2918E+02   -.2908E+02   -.2899E+02   -.2890E+02   -.2881E+02   -.2873E+02   -.2865E+02   -.2858E+02   -.2851E+02   -.2844E+02   -.2837E+02   -.2831E+02   -.2825E+02   -.2819E+02   -.2814E+02   -.2809E+02   -.2804E+02   -.2799E+02   -.2795E+02
0.1121E+04   0.3167E+02   -.3500E+02   -.3500E+02   -.3501E+02   -.3501E+02   -.3501E+02   -.3501E+02   -.3501E+02   -.3501E+02   -.3501E+02   -.3501E+02   -.3501E+02   -.3502E+02   -.3502E+02   -.3502E+02   -.3502E+02   -.3502E+02   -.3502E+02   -.3503E+02   -.3503E+02   -.3503E+02   -.3503E+02   -.3503E+02   -.3504E+02   -.3504E+02   -.3504E+02   -.3505E+02   -.3505E+02   -.3505E+02   -.3506E+02   -.3506E+02   -.3507E+02   -.3507E+02   -.3508E+02   -.3509E+02   -.3509E+02   -.3510E+02   -.3511E+02   -.3512E+02   -.3513E+02   -.3514E+02   -.3516E+02   -.3517E+02   -.3519E+02   -.3521E+02   -.3524E+02   -.3526E+02   -.3530E+02   -.3533E+02   -.3538E+02   -.3544E+02   -.3551E+02   -.3560E+02   -.3571E+02   -.3586E+02   -.3605E+02   -.3633E+02   -.3667E+02   -.3727E+02   -.3786E+02   -.3952E+02   -.3986E+02   -.4628E+02   -.5110E+02   -.6320E+02   -.4815E+02   -.5158E+02   -.4797E+02   -.4777E+02   -.4588E+02   -.4485E+02   -.4355E+02   -.4251E+02   -.4155E+02   -.4068E+02   -.3988E+02   -.3917E+02   -.3850E+02   -.3790E+02   -.3733E+02   -.3680E+02   -.3629E+02   -.3582E+02   -.3536E+02   -.3494E+02   -.3452E+02   -.3414E+02   -.3377E+02   -.3342E+02   -.3308E+02   -.3277E+02   -.3247E+02   -.3219E+02   -.3192E+02   -.3167E+02   -.3143E+02   -.3121E+02   -.3100E+02   -.3080E+02   -.3061E+02   -.3043E+02   -.3026E+02   -.3009E+02   -.2994E+02   -.2980E+02   -.2966E+02   -.2953E+02   -.2940E+02   -.2929E+02   -.2918E+02   -.2908E+02   -.2899E+02   -.2890E+02   -.2881E+02   -.2873E+02   -.2865E+02   -.2858E+02   -.2850E+02   -.2844E+02   -.2837E+02   -.2831E+02   -.2825E+02   -.2819E+02   -.2814E+02   -.2809E+02   -.2804E+02   -.2799E+02   -.2795E+02   -.2791E+02
0.1122E+04   0.3200E+02   -.3500E+02   -.3500E+02   -.3501E+02   -.3501E+02   -.3501E+02   -.3501E+02   -.3501E+02   -.3501E+02   -.3501E+02   -.3501E+02   -.3501E+02   -.3502E+02   -.3502E+02   -.3502E+02   -.3502E+02   -.3502E+02   -.3503E+02   -.3503E+02   -.3503E+02   -.3503E+02   -.3503E+02   -.3504E+02   -.3504E+02   -.3504E+02   -.3505E+02   -.3505E+02   -.3505E+02   -.3506E+02   -.3506E+02   -.3507E+02   -.3507E+02   -.3508E+02   -.3509E+02   -.3509E+02   -.3510E+02   -.3511E+02   -.3512E+02   -.3513E+02   -.3514E+02   -.3516E+02   -.3517E+02   -.3519E+02   -.3521E+02   -.3524E+02   -.3526E+02   -.3530E+02   -.3533E+02   -.3538E+02   -.3544E+02   -.3551E+02   -.3560E+02   -.3571E+02   -.3586E+02   -.3605E+02   -.3633E+02   -.3667E+02   -.3727E+02   -.3786E+02   -.3952E+02   -.3986E+02   -.4628E+02   -.5110E+02   -.6320E+02   -.4815E+02   -.5158E+02   -.4797E+02   -.4778E+02   -.4588E+02   -.4485E+02   -.4355E+02   -.4251E+02   -.4155E+02   -.4068E+02   -.3988E+02   -.3917E+02   -.3850E+02   -.3790E+02   -.3733E+02   -.3680E+02   -.3629E+02   -.3582E+02   -.3536E+02   -.3494E+02   -.3452E+02   -.3414E+02   -.3377E+02   -.3342E+02   -.3308E+02   -.3277E+02   -.3247E+02   -.3219E+02   -.3192E+02   -.3167E+02   -.3143E+02   -.3122E+02   -.3100E+02   -.3080E+02   -.3061E+02   -.3043E+02   -.3025E+02   -.3009E+02   -.2994E+02   -.2979E+02   -.2965E+02   -.2953E+02   -.2941E+02   -.2929E+02   -.2918E+02   -.2909E+02   -.2899E+02   -.2890E+02   -.2881E+02   -.2873E+02   -.2865E+02   -.2858E+02   -.2851E+02   -.2844E+02   -.2837E+02   -.2831E+02   -.2825E+02   -.2819E+02   -.2814E+02   -.2809E+02   -.2804E+02   -.2799E+02   -.2795E+02   -.2791E+02   -.2787E+02
0.1123E+04   0.3233E+02   -.3500E+02   -.3501E+02   -.3501E+02   -.3501E+02   -.3501E+02   -.3501E+02   -.3501E+02   -.3501E+02   -.3501E+02   -.3501E+02   -.3502E+02   -.3502E+02   -.3502E+02   -.3502E+02   -.3502E+02   -.3503E+02   -.3503E+02   -.3503E+02   -.3503E+02   -.3503E+02   -.3504E+02   -.3504E+02   -.3504E+02   -.3505E+02   -.3505E+02   -.3505E+02   -.3506E+02   -.3506E+02   -.3507E+02   -.3507E+02   -.3508E+02   -.3509E+02   -.3509E+02   -.3510E+02   -.3511E+02   -.3512E+02   -.3513E+02   -.3514E+02   -.3516E+02   -.3517E+02   -.3519E+02   -.3521E+02   -.3524E+02   -.3526E+02   -.3530E+02   -.3533E+02   -.3538E+02   -.3544E+02   -.3551E+02   -.3560E+02   -.3571E+02   -.3586E+02   -.3605E+02   -.3633E+02   -.3667E+02   -.3727E+02   -.3786E+02   -.3952E+02   -.3986E+02   -.4628E+02   -.5110E+02   -.6320E+02   -.4815E+02   -.5158E+02   -.4797E+02   -.4778E+02   -.4588E+02   -.4485E+02   -.4355E+02   -.4251E+02   -.4155E+02   -.4068E+02   -.3988E+02   -.3917E+02   -.3850E+02   -.3790E+02   -.3733E+02   -.3680E+02   -.3629E+02   -.3582E+02   -.3536E+02   -.3494E+02   -.3452E+02   -.3414E+02   -.3377E+02   -.3342E+02   -.3308E+02   -.3277E+02   -.3247E+02   -.3219E+02   -.3192E+02   -.3167E+02   -.3143E+02   -.3122E+02   -.3100E+02   -.3080E+02   -.3061E+02   -.3043E+02   -.3026E+02   -.3009E+02   -.2994E+02   -.2979E+02   -.2965E+02   -.2953E+02   -.2941E+02   -.2929E+02   -.2918E+02   -.2908E+02   -.2899E+02   -.2890E+02   -.2881E+02   -.2873E+02   -.2865E+02   -.2858E+02   -.2851E+02   -.2844E+02   -.2837E+02   -.2831E+02   -.2825E+02   -.2819E+02   -.2814E+02   -.2809E+02   -.2804E+02   -.2799E+02   -.2795E+02   -.2791E+02   -.2787E+02   -.2783E+02
0.1124E+04   0.3267E+02   -.3500E+02   -.3501E+02   -.3501E+02   -.3501E+02   -.3501E+02   -.3501E+02   -.3501E+02   -.3501E+02   -.3501E+02   -.3502E+02   -.3502E+02   -.3502E+02   -.3502E+02   -.3502E+02   -.3502E+02   -.3503E+02   -.3503E+02   -.3503E+02   -.3503E+02   -.3504E+02   -.3504E+02   -.3504E+02   -.3505E+02   -.3505E+02   -.3505E+02   -.3506E+02   -.3506E+02   -.3507E+02   -.3507E+02   -.3508E+02   -.3509E+02   -.3509E+02   -.3510E+02   -.3511E+02   -.3512E+02   -.3513E+02   -.3514E+02   -.3516E+02   -.3517E+02   -.3519E+02   -.3521E+02   -.3524E+02   -.3526E+02   -.3530E+02   -.3533E+02   -.3538E+02   -.3544E+02   -.3551E+02   -.3560E+02   -.3571E+02   -.3586E+02   -.3605E+02   -.3633E+02   -.3667E+02   -.3727E+02   -.3786E+02   -.3952E+02   -.3986E+02   -.4628E+02   -.5110E+02   -.6320E+02   -.4815E+02   -.5158E+02   -.4797E+02   -.4778E+02   -.4588E+02   -.4485E+02   -.4355E+02   -.4251E+02   -.4155E+02   -.4068E+02   -.3988E+02   -.3917E+02   -.3850E+02   -.3790E+02   -.3733E+02   -.3680E+02   -.3629E+02   -.3582E+02   -.3536E+02   -.3494E+02   -.3452E+02   -.3414E+02   -.3377E+02   -.3342E+02   -.3308E+02   -.3277E+02   -.3247E+02   -.3219E+02   -.3192E+02   -.3167E+02   -.3143E+02   -.3122E+02   -.3100E+02   -.3080E+02   -.3061E+02   -.3043E+02   -.3025E+02   -.3009E+02   -.2994E+02   -.2979E+02   -.2965E+02   -.2953E+02   -.2940E+02   -.2929E+02   -.2918E+02   -.2908E+02   -.2899E+02   -.2890E+02   -.2881E+02   -.2873E+02   -.2865E+02   -.2858E+02   -.2851E+02   -.2844E+02   -.2837E+02   -.2831E+02   -.2825E+02   -.2820E+02   -.2814E+02   -.2809E+02   -.2804E+02   -.2800E+02   -.2795E+02   -.2791E+02   -.2787E+02   -.2783E+02   -.2779E+02
0.1125E+04   0.3300E+02   -.3500E+02   -.3501E+02   -.3501E+02   -.3501E+02   -.3501E+02   -.3501E+02   -.3501E+02   -.3501E+02   -.3502E+02   -.3502E+02   -.3502E+02   -.3502E+02   -.3502E+02   -.3502E+02   -.3503E+02   -.3503E+02   -.3503E+02   -.3503E+02   -.3504E+02   -.3504E+02   -.3504E+02   -.3505E+02   -.3505E+02   -.3505E+02   -.3506E+02   -.3506E+02   -.3507E+02   -.3507E+02   -.3508E+02   -.3509E+02   -.3509E+02   -.3510E+02   -.3511E+02   -.3512E+02   -.3513E+02   -.3514E+02   -.3516E+02   -.3517E+02   -.3519E+02   -.3521E+02   -.3524E+02   -.3526E+02   -.3530E+02   -.3533E+02   -.3538E+02   -.3544E+02   -.3551E+02   -.3560E+02   -.3571E+02   -.3586E+02   -.3605E+02   -.3633E+02   -.3667E+02   -.3727E+02   -.3786E+02   -.3952E+02   -.3986E+02   -.4628E+02   -.5110E+02   -.6320E+02   -.4815E+02   -.5158E+02   -.4797E+02   -.4778E+02   -.4588E+02   -.4485E+02   -.4355E+02   -.4251E+02   -.4155E+02   -.4068E+02   -.3988E+02   -.3917E+02   -.3850E+02   -.3790E+02   -.3733E+02   -.3680E+02   -.3629E+02   -.3582E+02   -.3536E+02   -.3494E+02   -.3452E+02   -.3414E+02   -.3377E+02   -.3342E+02   -.3308E+02   -.3277E+02   -.3247E+02   -.3219E+02   -.3192E+02   -.3167E+02   -.3143E+02   -.3122E+02   -.3100E+02   -.3080E+02   -.3061E+02   -.3043E+02   -.3026E+02   -.3009E+02   -.2994E+02   -.2979E+02   -.2965E+02   -.2953E+02   -.2940E+02   -.2929E+02   -.2918E+02   -.2908E+02   -.2899E+02   -.2890E+02   -.2881E+02   -.2873E+02   -.2865E+02   -.2858E+02   -.2851E+02   -.2844E+02   -.2837E+02   -.2831E+02   -.2825E+02   -.2819E+02   -.2814E+02   -.2809E+02   -.2804E+02   -.2800E+02   -.2795E+02   -.2791E+02   -.2787E+02   -.2783E+02   -.2779E+02   -.2776E+02
0.1126E+04   0.3333E+02   -.3500E+02   -.3501E+02   -.3501E+02   -.3501E+02   -.3501E+02   -.3501E+02   -.3501E+02   -.3501E+02   -.3502E+02   -.3502E+02   -.3502E+02   -.3502E+02   -.3502E+02   -.3503E+02   -.3503E+02   -.3503E+02   -.3503E+02   -.3504E+02   -.3504E+02   -.3504E+02   -.3505E+02   -.3505E+02   -.3505E+02   -.3506E+02   -.3506E+02   -.3507E+02   -.3507E+02   -.3508E+02   -.3509E+02   -.3509E+02   -.3510E+02   -.3511E+02   -.3512E+02   -.3513E+02   -.3514E+02   -.3516E+02   -.3517E+02   -.3519E+02   -.3521E+02   -.3524E+02   -.3526E+02   -.3530E+02   -.3534E+02   -.3538E+02   -.3544E+02   -.3551E+02   -.3560E+02   -.3571E+02   -.3586E+02   -.3605E+02   -.3633E+02   -.3667E+02   -.3727E+02   -.3786E+02   -.3952E+02   -.3986E+02   -.4628E+02   -.5110E+02   -.6320E+02   -.4815E+02   -.5158E+02   -.4797E+02   -.4778E+02   -.4588E+02   -.4485E+02   -.4355E+02   -.4251E+02   -.4155E+02   -.4068E+02   -.3988E+02   -.3917E+02   -.3850E+02   -.3790E+02   -.3733E+02   -.3680E+02   -.3629E+02   -.3582E+02   -.3536E+02   -.3494E+02   -.3452E+02   -.3414E+02   -.3377E+02   -.3342E+02   -.3308E+02   -.3277E+02   -.3247E+02   -.3219E+02   -.3192E+02   -.3167E+02   -.3143E+02   -.3122E+02   -.3100E+02   -.3080E+02   -.3061E+02   -.3043E+02   -.3025E+02   -.3009E+02   -.2994E+02   -.2979E+02   -.2965E+02   -.2953E+02   -.2940E+02   -.2929E+02   -.2918E+02   -.2909E+02   -.2899E+02   -.2890E+02   -.2881E+02   -.2873E+02   -.2865E+02   -.2858E+02   -.2851E+02   -.2844E+02   -.2837E+02   -.2831E+02   -.2825E+02   -.2819E+02   -.2814E+02   -.2809E+02   -.2804E+02   -.2799E+02   -.2795E+02   -.2791E+02   -.2787E+02   -.2783E+02   -.2779E+02   -.2776E+02   -.2773E+02
0.1127E+04   0.3367E+02   -.3501E+02   -.3501E+02   -.3501E+02   -.3501E+02   -.3501E+02   -.3501E+02   -.3501E+02   -.3502E+02   -.3502E+02   -.3502E+02   -.3502E+02   -.3502E+02   -.3503E+02   -.3503E+02   -.3503E+02   -.3503E+02   -.3504E+02   -.3504E+02   -.3504E+02   -.3505E+02   -.3505E+02   -.3505E+02   -.3506E+02   -.3506E+02   -.3507E+02   -.3507E+02   -.3508E+02   -.3509E+02   -.3509E+02   -.3510E+02   -.3511E+02   -.3512E+02   -.3513E+02   -.3515E+02   -.3516E+02   -.3517E+02   -.3519E+02   -.3521E+02   -.3524E+02   -.3526E+02   -.3530E+02   -.3534E+02   -.3538E+02   -.3544E+02   -.3551E+02   -.3560E+02   -.3571E+02   -.3586E+02   -.3605E+02   -.3633E+02   -.3667E+02   -.3727E+02   -.3786E+02   -.3952E+02   -.3986E+02   -.4628E+02   -.5110E+02   -.6320E+02   -.4815E+02   -.5158E+02   -.4797E+02   -.4778E+02   -.4588E+02   -.4485E+02   -.4355E+02   -.4251E+02   -.4155E+02   -.4068E+02   -.3988E+02   -.3917E+02   -.3850E+02   -.3790E+02   -.3733E+02   -.3680E+02   -.3629E+02   -.3582E+02   -.3536E+02   -.3494E+02   -.3452E+02   -.3414E+02   -.3377E+02   -.3342E+02   -.3308E+02   -.3277E+02   -.3247E+02   -.3219E+02   -.3192E+02   -.3167E+02   -.3143E+02   -.3122E+02   -.3100E+02   -.3080E+02   -.3061E+02   -.3043E+02   -.3025E+02   -.3009E+02   -.2994E+02   -.2979E+02   -.2965E+02   -.2953E+02   -.2940E+02   -.2929E+02   -.2918E+02   -.2909E+02   -.2898E+02   -.2890E+02   -.2881E+02   -.2873E+02   -.2865E+02   -.2858E+02   -.2851E+02   -.2844E+02   -.2837E+02   -.2831E+02   -.2825E+02   -.2819E+02   -.2814E+02   -.2809E+02   -.2804E+02   -.2799E+02   -.2795E+02   -.2791E+02   -.2787E+02   -.2783E+02   -.2779E+02   -.2776E+02   -.2773E+02   -.2770E+02
0.1128E+04   0.3400E+02   -.3501E+02   -.3501E+02   -.3501E+02   -.3501E+02   -.3501E+02   -.3501E+02   -.3502E+02   -.3502E+02   -.3502E+02   -.3502E+02   -.3502E+02   -.3503E+02   -.3503E+02   -.3503E+02   -.3503E+02   -.3504E+02   -.3504E+02   -.3504E+02   -.3505E+02   -.3505E+02   -.3505E+02   -.3506E+02   -.3506E+02   -.3507E+02   -.3507E+02   -.3508E+02   -.3509E+02   -.3509E+02   -.3510E+02   -.3511E+02   -.3512E+02   -.3513E+02   -.3515E+02   -.3516E+02   -.3517E+02   -.3519E+02   -.3521E+02   -.3524E+02   -.3526E+02   -.3530E+02   -.3534E+02   -.3538E+02   -.3544E+02   -.3551E+02   -.3560E+02   -.3571E+02   -.3586E+02   -.3605E+02   -.3633E+02   -.3667E+02   -.3727E+02   -.3786E+02   -.3952E+02   -.3986E+02   -.4628E+02   -.5110E+02   -.6320E+02   -.4815E+02   -.5158E+02   -.4797E+02   -.4778E+02   -.4588E+02   -.4485E+02   -.4355E+02   -.4251E+02   -.4155E+02   -.4068E+02   -.3988E+02   -.3917E+02   -.3850E+02   -.3790E+02   -.3733E+02   -.3680E+02   -.3629E+02   -.3582E+02   -.3536E+02   -.3494E+02   -.3452E+02   -.3414E+02   -.3377E+02   -.3342E+02   -.3308E+02   -.3277E+02   -.3247E+02   -.3219E+02   -.3192E+02   -.3167E+02   -.3143E+02   -.3122E+02   -.3100E+02   -.3080E+02   -.3061E+02   -.3043E+02   -.3025E+02   -.3009E+02   -.2994E+02   -.2979E+02   -.2965E+02   -.2953E+02   -.2941E+02   -.2929E+02   -.2918E+02   -.2908E+02   -.2898E+02   -.2890E+02   -.2881E+02   -.2873E+02   -.2865E+02   -.2858E+02   -.2851E+02   -.2844E+02   -.2837E+02   -.2831E+02   -.2825E+02   -.2819E+02   -.2814E+02   -.2809E+02   -.2804E+02   -.2799E+02   -.2795E+02   -.2791E+02   -.2787E+02   -.2783E+02   -.2779E+02   -.2776E+02   -.2773E+02   -.2769E+02   -.2767E+02
0.1129E+04   0.3433E+02   -.3501E+02   -.3501E+02   -.3501E+02   -.3501E+02   -.3501E+02   -.3501E+02   -.3502E+02   -.3502E+02   -.3502E+02   -.3502E+02   -.3503E+02   -.3503E+02   -.3503E+02   -.3503E+02   -.3504E+02   -.3504E+02   -.3504E+02   -.3505E+02   -.3505E+02   -.3505E+02   -.3506E+02   -.3506E+02   -.3507E+02   -.3507E+02   -.3508E+02   -.3509E+02   -.3509E+02   -.3510E+02   -.3511E+02   -.3512E+02   -.3513E+02   -.3515E+02   -.3516E+02   -.3517E+02   -.3519E+02   -.3521E+02   -.3524E+02   -.3526E+02   -.3530E+02   -.3534E+02   -.3538E+02   -.3544E+02   -.3551E+02   -.3560E+02   -.3571E+02   -.3586E+02   -.3605E+02   -.3633E+02   -.3667E+02   -.3727E+02   -.3786E+02   -.3952E+02   -.3986E+02   -.4628E+02   -.5110E+02   -.6320E+02   -.4815E+02   -.5158E+02   -.4797E+02   -.4778E+02   -.4588E+02   -.4485E+02   -.4355E+02   -.4251E+02   -.4155E+02   -.4068E+02   -.3988E+02   -.3917E+02   -.3850E+02   -.3790E+02   -.3733E+02   -.3680E+02   -.3629E+02   -.3582E+02   -.3536E+02   -.3494E+02   -.3452E+02   -.3414E+02   -.3377E+02   -.3342E+02   -.3308E+02   -.3277E+02   -.3247E+02   -.3219E+02   -.3192E+02   -.3167E+02   -.3143E+02   -.3122E+02   -.3100E+02   -.3080E+02   -.3061E+02   -.3043E+02   -.3026E+02   -.3009E+02   -.2994E+02   -.2979E+02   -.2965E+02   -.2953E+02   -.2940E+02   -.2929E+02   -.2918E+02   -.2909E+02   -.2898E+02   -.2890E+02   -.2881E+02   -.2873E+02   -.2865E+02   -.2858E+02   -.2851E+02   -.2844E+02   -.2837E+02   -.2831E+02   -.2825E+02   -.2819E+02   -.2814E+02   -.2809E+02   -.2804E+02   -.2799E+02   -.2795E+02   -.2791E+02   -.2787E+02   -.2783E+02   -.2779E+02   -.2776E+02   -.2773E+02   -.2770E+02   -.2767E+02   -.2764E+02
0.1130E+04   0.3467E+02   -.3501E+02   -.3501E+02   -.3501E+02   -.3501E+02   -.3501E+02   -.3502E+02   -.3502E+02   -.3502E+02   -.3502E+02   -.3502E+02   -.3503E+02   -.3503E+02   -.3503E+02   -.3504E+02   -.3504E+02   -.3504E+02   -.3505E+02   -.3505E+02   -.3505E+02   -.3506E+02   -.3506E+02   -.3507E+02   -.3507E+02   -.3508E+02   -.3509E+02   -.3509E+02   -.3510E+02   -.3511E+02   -.3512E+02   -.3513E+02   -.3515E+02   -.3516E+02   -.3517E+02   -.3519E+02   -.3521E+02   -.3524E+02   -.3526E+02   -.3530E+02   -.3534E+02   -.3538E+02   -.3544E+02   -.3551E+02   -.3560E+02   -.3571E+02   -.3586E+02   -.3605E+02   -.3633E+02   -.3667E+02   -.3727E+02   -.3786E+02   -.3952E+02   -.3986E+02   -.4628E+02   -.5110E+02   -.6320E+02   -.4815E+02   -.5158E+02   -.4797E+02   -.4778E+02   -.4588E+02   -.4485E+02   -.4355E+02   -.4251E+02   -.4155E+02   -.4068E+02   -.3988E+02   -.3917E+02   -.3850E+02   -.3790E+02   -.3733E+02   -.3680E+02   -.3629E+02   -.3582E+02   -.3536E+02   -.3494E+02   -.3452E+02   -.3414E+02   -.3377E+02   -.3342E+02   -.3308E+02   -.3277E+02   -.3247E+02   -.3219E+02   -.3192E+02   -.3167E+02   -.3143E+02   -.3122E+02   -.3100E+02   -.3080E+02   -.3061E+02   -.3043E+02   -.3025E+02   -.3009E+02   -.2994E+02   -.2979E+02   -.2965E+02   -.2952E+02   -.2940E+02   -.2929E+02   -.2918E+02   -.2908E+02   -.2898E+02   -.2890E+02   -.2881E+02   -.2873E+02   -.2865E+02   -.2857E+02   -.2851E+02   -.2843E+02   -.2837E+02   -.2831E+02   -.2825E+02   -.2819E+02   -.2814E+02   -.2809E+02   -.2804E+02   -.2799E+02   -.2795E+02   -.2791E+02   -.2787E+02   -.2783E+02   -.2779E+02   -.2776E+02   -.2773E+02   -.2770E+02   -.2767E+02   -.2764E+02   -.2761E+02
0.1131E+04   0.3500E+02   -.3501E+02   -.3501E+02   -.3501E+02   -.3501E+02   -.3501E+02   -.3502E+02   -.3502E+02   -.3502E+02   -.3502E+02   -.3503E+02   -.3503E+02   -.3503E+02   -.3503E+02   -.3504E+02   -.3504E+02   -.3505E+02   -.3505E+02   -.3505E+02   -.3506E+02   -.3506E+02   -.3507E+02   -.3507E+02   -.3508E+02   -.3509E+02   -.3509E+02   -.3510E+02   -.3511E+02   -.3512E+02   -.3513E+02   -.3515E+02   -.3516E+02   -.3517E+02   -.3519E+02   -.3521E+02   -.3524E+02   -.3526E+02   -.3530E+02   -.3534E+02   -.3538E+02   -.3544E+02   -.3551E+02   -.3560E+02   -.3571E+02   -.3586E+02   -.3605E+02   -.3633E+02   -.3667E+02   -.3727E+02   -.3786E+02   -.3952E+02   -.3986E+02   -.4628E+02   -.5110E+02   -.6320E+02   -.4815E+02   -.5158E+02   -.4797E+02   -.4778E+02   -.4588E+02   -.4485E+02   -.4355E+02   -.4251E+02   -.4155E+02   -.4068E+02   -.3988E+02   -.3917E+02   -.3850E+02   -.3790E+02   -.3733E+02   -.3680E+02   -.3629E+02   -.3582E+02   -.3536E+02   -.3494E+02   -.3452E+02   -.3414E+02   -.3377E+02   -.3342E+02   -.3308E+02   -.3277E+02   -.3247E+02   -.3219E+02   -.3192E+02   -.3167E+02   -.3143E+02   -.3122E+02   -.3100E+02   -.3080E+02   -.3061E+02   -.3043E+02   -.3025E+02   -.3009E+02   -.2994E+02   -.2979E+02   -.2965E+02   -.2952E+02   -.2940E+02   -.2929E+02   -.2918E+02   -.2908E+02   -.2899E+02   -.2890E+02   -.2881E+02   -.2873E+02   -.2865E+02   -.2857E+02   -.2850E+02   -.2843E+02   -.2837E+02   -.2831E+02   -.2825E+02   -.2819E+02   -.2814E+02   -.2809E+02   -.2804E+02   -.2799E+02   -.2795E+02   -.2791E+02   -.2787E+02   -.2783E+02   -.2779E+02   -.2776E+02   -.2773E+02   -.2770E+02   -.2767E+02   -.2764E+02   -.2761E+02   -.2759E+02
0.1132E+04   0.3533E+02   -.3501E+02   -.3501E+02   -.3501E+02   -.3501E+02   -.3502E+02   -.3502E+02   -.3502E+02   -.3502E+02   -.3503E+02   -.3503E+02   -.3503E+02   -.3503E+02   -.3504E+02   -.3504E+02   -.3504E+02   -.3505E+02   -.3505E+02   -.3506E+02   -.3506E+02   -.3507E+02   -.3507E+02   -.3508E+02   -.3509E+02   -.3509E+02   -.3510E+02   -.3511E+02   -.3512E+02   -.3513E+02   -.3514E+02   -.3516E+02   -.3517E+02   -.3519E+02   -.3521E+02   -.3524E+02   -.3526E+02   -.3530E+02   -.3534E+02   -.3538E+02   -.3544E+02   -.3551E+02   -.3560E+02   -.3571E+02   -.3586E+02   -.3605E+02   -.3633E+02   -.3667E+02   -.3727E+02   -.3786E+02   -.3952E+02   -.3986E+02   -.4628E+02   -.5110E+02   -.6320E+02   -.4815E+02   -.5158E+02   -.4797E+02   -.4778E+02   -.4588E+02   -.4485E+02   -.4355E+02   -.4251E+02   -.4155E+02   -.4068E+02   -.3988E+02   -.3917E+02   -.3850E+02   -.3790E+02   -.3733E+02   -.3680E+02   -.3629E+02   -.3582E+02   -.3536E+02   -.3494E+02   -.3452E+02   -.3414E+02   -.3377E+02   -.3342E+02   -.3308E+02   -.3277E+02   -.3247E+02   -.3219E+02   -.3192E+02   -.3167E+02   -.3143E+02   -.3122E+02   -.3100E+02   -.3080E+02   -.3061E+02   -.3042E+02   -.3025E+02   -.3010E+02   -.2994E+02   -.2979E+02   -.2965E+02   -.2953E+02   -.2940E+02   -.2929E+02   -.2918E+02   -.2908E+02   -.2899E+02   -.2890E+02   -.2881E+02   -.2873E+02   -.2865E+02   -.2858E+02   -.2851E+02   -.2844E+02   -.2837E+02   -.2831E+02   -.2825E+02   -.2819E+02   -.2814E+02   -.2809E+02   -.2804E+02   -.2799E+02   -.2795E+02   -.2791E+02   -.2787E+02   -.2783E+02   -.2779E+02   -.2776E+02   -.2773E+02   -.2770E+02   -.2767E+02   -.2764E+02   -.2761E+02   -.2759E+02   -.2756E+02
0.1133E+04   0.3567E+02   -.3501E+02   -.3501E+02   -.3501E+02   -.3501E+02   -.3502E+02   -.3502E+02   -.3502E+02   -.3502E+02   -.3503E+02   -.3503E+02   -.3503E+02   -.3504E+02   -.3504E+02   -.3504E+02   -.3505E+02   -.3505E+02   -.3506E+02   -.3506E+02   -.3507E+02   -.3507E+02   -.3508E+02   -.3509E+02   -.3509E+02   -.3510E+02   -.3511E+02   -.3512E+02   -.3513E+02   -.3514E+02   -.3516E+02   -.3517E+02   -.3519E+02   -.3521E+02   -.3524E+02   -.3526E+02   -.3530E+02   -.3534E+02   -.3538E+02   -.3544E+02   -.3551E+02   -.3560E+02   -.3571E+02   -.3586E+02   -.3605E+02   -.3633E+02   -.3667E+02   -.3727E+02   -.3786E+02   -.3952E+02   -.3986E+02   -.4628E+02   -.5110E+02   -.6320E+02   -.4815E+02   -.5158E+02   -.4797E+02   -.4778E+02   -.4588E+02   -.4485E+02   -.4355E+02   -.4251E+02   -.4155E+02   -.4068E+02   -.3988E+02   -.3917E+02   -.3851E+02   -.3790E+02   -.3733E+02   -.3680E+02   -.3629E+02   -.3582E+02   -.3536E+02   -.3494E+02   -.3452E+02   -.3414E+02   -.3377E+02   -.3342E+02   -.3308E+02   -.3277E+02   -.3247E+02   -.3219E+02   -.3192E+02   -.3167E+02   -.3144E+02   -.3122E+02   -.3100E+02   -.3080E+02   -.3061E+02   -.3042E+02   -.3025E+02   -.3009E+02   -.2994E+02   -.2979E+02   -.2965E+02   -.2953E+02   -.2940E+02   -.2929E+02   -.2918E+02   -.2908E+02   -.2899E+02   -.2890E+02   -.2881E+02   -.2873E+02   -.2865E+02   -.2857E+02   -.2850E+02   -.2844E+02   -.2837E+02   -.2831E+02   -.2825E+02   -.2819E+02   -.2814E+02   -.2809E+02   -.2804E+02   -.2799E+02   -.2795E+02   -.2791E+02   -.2787E+02   -.2783E+02   -.2779E+02   -.2776E+02   -.2773E+02   -.2770E+02   -.2767E+02   -.2764E+02   -.2761E+02   -.2759E+02   -.2756E+02   -.2754E+02
0.1134E+04   0.3600E+02   -.3501E+02   -.3501E+02   -.3501E+02   -.3501E+02   -.3502E+02   -.3502E+02   -.3502E+02   -.3503E+02   -.3503E+02   -.3503E+02   -.3504E+02   -.3504E+02   -.3504E+02   -.3505E+02   -.3505E+02   -.3506E+02   -.3506E+02   -.3507E+02   -.3507E+02   -.3508E+02   -.3509E+02   -.3509E+02   -.3510E+02   -.3511E+02   -.3512E+02   -.3513E+02   -.3514E+02   -.3516E+02   -.3517E+02   -.3519E+02   -.3521E+02   -.3524E+02   -.3526E+02   -.3530E+02   -.3534E+02   -.3538E+02   -.3544E+02   -.3551E+02   -.3560E+02   -.3571E+02   -.3586E+02   -.3605E+02   -.3633E+02   -.3667E+02   -.3727E+02   -.3786E+02   -.3952E+02   -.3986E+02   -.4628E+02   -.5110E+02   -.6320E+02   -.4815E+02   -.5159E+02   -.4797E+02   -.4778E+02   -.4588E+02   -.4485E+02   -.4355E+02   -.4252E+02   -.4155E+02   -.4068E+02   -.3988E+02   -.3917E+02   -.3851E+02   -.3790E+02   -.3733E+02   -.3680E+02   -.3629E+02   -.3582E+02   -.3536E+02   -.3494E+02   -.3452E+02   -.3414E+02   -.3377E+02   -.3342E+02   -.3308E+02   -.3277E+02   -.3247E+02   -.3219E+02   -.3192E+02   -.3167E+02   -.3144E+02   -.3122E+02   -.3100E+02   -.3080E+02   -.3061E+02   -.3042E+02   -.3025E+02   -.3009E+02   -.2994E+02   -.2979E+02   -.2966E+02   -.2953E+02   -.2941E+02   -.2929E+02   -.2918E+02   -.2908E+02   -.2899E+02   -.2890E+02   -.2881E+02   -.2873E+02   -.2865E+02   -.2857E+02   -.2850E+02   -.2843E+02   -.2837E+02   -.2831E+02   -.2825E+02   -.2819E+02   -.2814E+02   -.2809E+02   -.2804E+02   -.2799E+02   -.2795E+02   -.2791E+02   -.2787E+02   -.2783E+02   -.2779E+02   -.2776E+02   -.2773E+02   -.2770E+02   -.2767E+02   -.2764E+02   -.2761E+02   -.2759E+02   -.2756E+02   -.2754E+02   -.2751E+02
0.1135E+04   0.3633E+02   -.3501E+02   -.3501E+02   -.3501E+02   -.3502E+02   -.3502E+02   -.3502E+02   -.3502E+02   -.3503E+02   -.3503E+02   -.3503E+02   -.3504E+02   -.3504E+02   -.3505E+02   -.3505E+02   -.3506E+02   -.3506E+02   -.3507E+02   -.3507E+02   -.3508E+02   -.3509E+02   -.3509E+02   -.3510E+02   -.3511E+02   -.3512E+02   -.3513E+02   -.3514E+02   -.3516E+02   -.3517E+02   -.3519E+02   -.3521E+02   -.3524E+02   -.3526E+02   -.3530E+02   -.3534E+02   -.3538E+02   -.3544E+02   -.3551E+02   -.3560E+02   -.3571E+02   -.3586E+02   -.3605E+02   -.3633E+02   -.3667E+02   -.3727E+02   -.3786E+02   -.3952E+02   -.3986E+02   -.4628E+02   -.5110E+02   -.6321E+02   -.4815E+02   -.5159E+02   -.4797E+02   -.4778E+02   -.4588E+02   -.4485E+02   -.4355E+02   -.4252E+02   -.4155E+02   -.4068E+02   -.3988E+02   -.3917E+02   -.3851E+02   -.3790E+02   -.3733E+02   -.3680E+02   -.3630E+02   -.3582E+02   -.3536E+02   -.3494E+02   -.3452E+02   -.3414E+02   -.3377E+02   -.3342E+02   -.3308E+02   -.3277E+02   -.3247E+02   -.3219E+02   -.3193E+02   -.3167E+02   -.3144E+02   -.3122E+02   -.3100E+02   -.3080E+02   -.3061E+02   -.3042E+02   -.3025E+02   -.3009E+02   -.2994E+02   -.2979E+02   -.2965E+02   -.2953E+02   -.2940E+02   -.2929E+02   -.2918E+02   -.2908E+02   -.2899E+02   -.2890E+02   -.2881E+02   -.2873E+02   -.2865E+02   -.2857E+02   -.2850E+02   -.2843E+02   -.2837E+02   -.2831E+02   -.2825E+02   -.2819E+02   -.2814E+02   -.2809E+02   -.2804E+02   -.2799E+02   -.2795E+02   -.2791E+02   -.2787E+02   -.2783E+02   -.2779E+02   -.2776E+02   -.2773E+02   -.2770E+02   -.2767E+02   -.2764E+02   -.2761E+02   -.2759E+02   -.2756E+02   -.2754E+02   -.2752E+02   -.2749E+02
0.1136E+04   0.3667E+02   -.3501E+02   -.3501E+02   -.3501E+02   -.3502E+02   -.3502E+02   -.3502E+02   -.3503E+02   -.3503E+02   -.3503E+02   -.3504E+02   -.3504E+02   -.3505E+02   -.3505E+02   -.3505E+02   -.3506E+02   -.3507E+02   -.3507E+02   -.3508E+02   -.3508E+02   -.3509E+02   -.3510E+02   -.3511E+02   -.3512E+02   -.3513E+02   -.3514E+02   -.3516E+02   -.3517E+02   -.3519E+02   -.3521E+02   -.3524E+02   -.3526E+02   -.3530E+02   -.3534E+02   -.3538E+02   -.3544E+02   -.3551E+02   -.3560E+02   -.3571E+02   -.3586E+02   -.3605E+02   -.3633E+02   -.3667E+02   -.3727E+02   -.3786E+02   -.3952E+02   -.3986E+02   -.4628E+02   -.5110E+02   -.6321E+02   -.4815E+02   -.5159E+02   -.4797E+02   -.4778E+02   -.4588E+02   -.4485E+02   -.4355E+02   -.4252E+02   -.4155E+02   -.4068E+02   -.3988E+02   -.3917E+02   -.3851E+02   -.3790E+02   -.3733E+02   -.3680E+02   -.3630E+02   -.3583E+02   -.3536E+02   -.3494E+02   -.3452E+02   -.3414E+02   -.3377E+02   -.3342E+02   -.3308E+02   -.3277E+02   -.3247E+02   -.3219E+02   -.3193E+02   -.3168E+02   -.3144E+02   -.3122E+02   -.3100E+02   -.3080E+02   -.3061E+02   -.3042E+02   -.3025E+02   -.3009E+02   -.2994E+02   -.2980E+02   -.2965E+02   -.2953E+02   -.2940E+02   -.2929E+02   -.2918E+02   -.2908E+02   -.2899E+02   -.2890E+02   -.2881E+02   -.2873E+02   -.2865E+02   -.2857E+02   -.2850E+02   -.2843E+02   -.2837E+02   -.2831E+02   -.2825E+02   -.2819E+02   -.2814E+02   -.2809E+02   -.2804E+02   -.2799E+02   -.2795E+02   -.2791E+02   -.2787E+02   -.2783E+02   -.2780E+02   -.2776E+02   -.2773E+02   -.2770E+02   -.2767E+02   -.2764E+02   -.2761E+02   -.2759E+02   -.2756E+02   -.2754E+02   -.2752E+02   -.2749E+02   -.2747E+02
0.1137E+04   0.3700E+02   -.3501E+02   -.3501E+02   -.3501E+02   -.3502E+02   -.3502E+02   -.3502E+02   -.3503E+02   -.3503E+02   -.3504E+02   -.3504E+02   -.3504E+02   -.3505E+02   -.3505E+02   -.3506E+02   -.3506E+02   -.3507E+02   -.3508E+02   -.3508E+02   -.3509E+02   -.3510E+02   -.3511E+02   -.3512E+02   -.3513E+02   -.3514E+02   -.3516E+02   -.3517E+02   -.3519E+02   -.3521E+02   -.3524E+02   -.3526E+02   -.3530E+02   -.3534E+02   -.3538E+02   -.3544E+02   -.3551E+02   -.3560E+02   -.3571E+02   -.3586E+02   -.3605E+02   -.3633E+02   -.3667E+02   -.3727E+02   -.3786E+02   -.3952E+02   -.3986E+02   -.4628E+02   -.5110E+02   -.6321E+02   -.4815E+02   -.5159E+02   -.4797E+02   -.4778E+02   -.4588E+02   -.4485E+02   -.4355E+02   -.4252E+02   -.4155E+02   -.4068E+02   -.3988E+02   -.3917E+02   -.3851E+02   -.3790E+02   -.3733E+02   -.3680E+02   -.3630E+02   -.3583E+02   -.3536E+02   -.3494E+02   -.3452E+02   -.3414E+02   -.3377E+02   -.3342E+02   -.3308E+02   -.3277E+02   -.3247E+02   -.3219E+02   -.3193E+02   -.3168E+02   -.3144E+02   -.3122E+02   -.3100E+02   -.3080E+02   -.3061E+02   -.3042E+02   -.3025E+02   -.3009E+02   -.2994E+02   -.2979E+02   -.2965E+02   -.2952E+02   -.2940E+02   -.2929E+02   -.2918E+02   -.2908E+02   -.2899E+02   -.2890E+02   -.2881E+02   -.2873E+02   -.2865E+02   -.2857E+02   -.2850E+02   -.2843E+02   -.2837E+02   -.2831E+02   -.2825E+02   -.2819E+02   -.2814E+02   -.2809E+02   -.2804E+02   -.2799E+02   -.2795E+02   -.2791E+02   -.2787E+02   -.2783E+02   -.2779E+02   -.2776E+02   -.2773E+02   -.2770E+02   -.2767E+02   -.2764E+02   -.2761E+02   -.2759E+02   -.2756E+02   -.2754E+02   -.2751E+02   -.2749E+02   -.2747E+02   -.2745E+02
0.1138E+04   0.3733E+02   -.3501E+02   -.3501E+02   -.3502E+02   -.3502E+02   -.3502E+02   -.3503E+02   -.3503E+02   -.3503E+02   -.3504E+02   -.3504E+02   -.3505E+02   -.3505E+02   -.3506E+02   -.3506E+02   -.3507E+02   -.3508E+02   -.3508E+02   -.3509E+02   -.3510E+02   -.3511E+02   -.3512E+02   -.3513E+02   -.3514E+02   -.3516E+02   -.3517E+02   -.3519E+02   -.3521E+02   -.3524E+02   -.3526E+02   -.3530E+02   -.3533E+02   -.3538E+02   -.3544E+02   -.3551E+02   -.3560E+02   -.3571E+02   -.3586E+02   -.3605E+02   -.3633E+02   -.3667E+02   -.3727E+02   -.3786E+02   -.3952E+02   -.3986E+02   -.4628E+02   -.5110E+02   -.6321E+02   -.4815E+02   -.5159E+02   -.4797E+02   -.4778E+02   -.4588E+02   -.4485E+02   -.4355E+02   -.4252E+02   -.4155E+02   -.4068E+02   -.3988E+02   -.3917E+02   -.3851E+02   -.3790E+02   -.3733E+02   -.3680E+02   -.3630E+02   -.3583E+02   -.3536E+02   -.3494E+02   -.3452E+02   -.3414E+02   -.3377E+02   -.3342E+02   -.3308E+02   -.3277E+02   -.3247E+02   -.3219E+02   -.3193E+02   -.3168E+02   -.3144E+02   -.3122E+02   -.3100E+02   -.3080E+02   -.3061E+02   -.3042E+02   -.3025E+02   -.3009E+02   -.2994E+02   -.2979E+02   -.2965E+02   -.2953E+02   -.2940E+02   -.2929E+02   -.2918E+02   -.2908E+02   -.2899E+02   -.2890E+02   -.2881E+02   -.2873E+02   -.2865E+02   -.2858E+02   -.2850E+02   -.2843E+02   -.2837E+02   -.2831E+02   -.2825E+02   -.2819E+02   -.2814E+02   -.2809E+02   -.2804E+02   -.2799E+02   -.2795E+02   -.2791E+02   -.2787E+02   -.2783E+02   -.2779E+02   -.2776E+02   -.2773E+02   -.2770E+02   -.2767E+02   -.2764E+02   -.2761E+02   -.2759E+02   -.2756E+02   -.2754E+02   -.2751E+02   -.2749E+02   -.2747E+02   -.2745E+02   -.2744E+02
0.1139E+04   0.3767E+02   -.3501E+02   -.3501E+02   -.3502E+02   -.3502E+02   -.3502E+02   -.3503E+02   -.3503E+02   -.3504E+02   -.3504E+02   -.3505E+02   -.3505E+02   -.3506E+02   -.3506E+02   -.3507E+02   -.3507E+02   -.3508E+02   -.3509E+02   -.3510E+02   -.3511E+02   -.3512E+02   -.3513E+02   -.3514E+02   -.3516E+02   -.3517E+02   -.3519E+02   -.3521E+02   -.3523E+02   -.3526E+02   -.3530E+02   -.3533E+02   -.3538E+02   -.3544E+02   -.3551E+02   -.3560E+02   -.3571E+02   -.3586E+02   -.3605E+02   -.3633E+02   -.3667E+02   -.3727E+02   -.3786E+02   -.3952E+02   -.3986E+02   -.4628E+02   -.5110E+02   -.6321E+02   -.4815E+02   -.5159E+02   -.4797E+02   -.4778E+02   -.4588E+02   -.4485E+02   -.4355E+02   -.4252E+02   -.4155E+02   -.4069E+02   -.3988E+02   -.3917E+02   -.3851E+02   -.3790E+02   -.3733E+02   -.3680E+02   -.3630E+02   -.3583E+02   -.3537E+02   -.3494E+02   -.3452E+02   -.3414E+02   -.3377E+02   -.3342E+02   -.3309E+02   -.3277E+02   -.3247E+02   -.3219E+02   -.3193E+02   -.3168E+02   -.3144E+02   -.3121E+02   -.3100E+02   -.3080E+02   -.3061E+02   -.3043E+02   -.3025E+02   -.3009E+02   -.2994E+02   -.2979E+02   -.2966E+02   -.2952E+02   -.2940E+02   -.2929E+02   -.2918E+02   -.2908E+02   -.2898E+02   -.2890E+02   -.2881E+02   -.2873E+02   -.2865E+02   -.2857E+02   -.2850E+02   -.2843E+02   -.2837E+02   -.2831E+02   -.2825E+02   -.2819E+02   -.2814E+02   -.2809E+02   -.2804E+02   -.2799E+02   -.2795E+02   -.2791E+02   -.2787E+02   -.2783E+02   -.2779E+02   -.2776E+02   -.2773E+02   -.2770E+02   -.2767E+02   -.2764E+02   -.2761E+02   -.2758E+02   -.2756E+02   -.2754E+02   -.2751E+02   -.2749E+02   -.2747E+02   -.2745E+02   -.2744E+02   -.2742E+02
0.1140E+04   0.3800E+02   -.3501E+02   -.3501E+02   -.3502E+02   -.3502E+02   -.3503E+02   -.3503E+02   -.3503E+02   -.3504E+02   -.3504E+02   -.3505E+02   -.3505E+02   -.3506E+02   -.3507E+02   -.3507E+02   -.3508E+02   -.3509E+02   -.3510E+02   -.3511E+02   -.3512E+02   -.3513E+02   -.3514E+02   -.3516E+02   -.3517E+02   -.3519E+02   -.3521E+02   -.3523E+02   -.3526E+02   -.3529E+02   -.3533E+02   -.3538E+02   -.3544E+02   -.3551E+02   -.3560E+02   -.3571E+02   -.3586E+02   -.3605E+02   -.3633E+02   -.3667E+02   -.3727E+02   -.3786E+02   -.3952E+02   -.3986E+02   -.4628E+02   -.5110E+02   -.6321E+02   -.4815E+02   -.5159E+02   -.4797E+02   -.4778E+02   -.4588E+02   -.4485E+02   -.4355E+02   -.4252E+02   -.4155E+02   -.4069E+02   -.3988E+02   -.3917E+02   -.3851E+02   -.3790E+02   -.3733E+02   -.3680E+02   -.3630E+02   -.3583E+02   -.3537E+02   -.3494E+02   -.3452E+02   -.3414E+02   -.3377E+02   -.3342E+02   -.3309E+02   -.3277E+02   -.3247E+02   -.3219E+02   -.3193E+02   -.3168E+02   -.3144E+02   -.3122E+02   -.3100E+02   -.3080E+02   -.3061E+02   -.3043E+02   -.3025E+02   -.3009E+02   -.2994E+02   -.2979E+02   -.2965E+02   -.2952E+02   -.2940E+02   -.2929E+02   -.2918E+02   -.2908E+02   -.2898E+02   -.2890E+02   -.2881E+02   -.2873E+02   -.2865E+02   -.2857E+02   -.2850E+02   -.2843E+02   -.2837E+02   -.2830E+02   -.2825E+02   -.2819E+02   -.2814E+02   -.2809E+02   -.2804E+02   -.2799E+02   -.2795E+02   -.2791E+02   -.2787E+02   -.2783E+02   -.2779E+02   -.2776E+02   -.2773E+02   -.2769E+02   -.2767E+02   -.2764E+02   -.2761E+02   -.2758E+02   -.2756E+02   -.2754E+02   -.2751E+02   -.2749E+02   -.2747E+02   -.2745E+02   -.2744E+02   -.2742E+02   -.2740E+02
0.1141E+04   0.3833E+02   -.3501E+02   -.3502E+02   -.3502E+02   -.3502E+02   -.3503E+02   -.3503E+02   -.3504E+02   -.3504E+02   -.3505E+02   -.3505E+02   -.3506E+02   -.3506E+02   -.3507E+02   -.3508E+02   -.3509E+02   -.3510E+02   -.3511E+02   -.3512E+02   -.3513E+02   -.3514E+02   -.3515E+02   -.3517E+02   -.3519E+02   -.3521E+02   -.3523E+02   -.3526E+02   -.3529E+02   -.3533E+02   -.3538E+02   -.3544E+02   -.3551E+02   -.3560E+02   -.3571E+02   -.3586E+02   -.3605E+02   -.3633E+02   -.3667E+02   -.3727E+02   -.3786E+02   -.3952E+02   -.3986E+02   -.4628E+02   -.5110E+02   -.6320E+02   -.4815E+02   -.5159E+02   -.4797E+02   -.4778E+02   -.4588E+02   -.4485E+02   -.4355E+02   -.4252E+02   -.4155E+02   -.4069E+02   -.3988E+02   -.3917E+02   -.3851E+02   -.3790E+02   -.3733E+02   -.3680E+02   -.3630E+02   -.3583E+02   -.3537E+02   -.3494E+02   -.3452E+02   -.3414E+02   -.3377E+02   -.3342E+02   -.3309E+02   -.3278E+02   -.3247E+02   -.3220E+02   -.3193E+02   -.3168E+02   -.3144E+02   -.3122E+02   -.3100E+02   -.3080E+02   -.3061E+02   -.3043E+02   -.3025E+02   -.3009E+02   -.2994E+02   -.2979E+02   -.2965E+02   -.2953E+02   -.2940E+02   -.2929E+02   -.2918E+02   -.2908E+02   -.2898E+02   -.2890E+02   -.2881E+02   -.2872E+02   -.2865E+02   -.2857E+02   -.2850E+02   -.2843E+02   -.2837E+02   -.2830E+02   -.2825E+02   -.2819E+02   -.2814E+02   -.2809E+02   -.2804E+02   -.2799E+02   -.2795E+02   -.2791E+02   -.2787E+02   -.2783E+02   -.2779E+02   -.2776E+02   -.2773E+02   -.2770E+02   -.2766E+02   -.2764E+02   -.2761E+02   -.2758E+02   -.2756E+02   -.2754E+02   -.2751E+02   -.2749E+02   -.2747E+02   -.2745E+02   -.2743E+02   -.2742E+02   -.2740E+02   -.2739E+02
0.1142E+04   0.3867E+02   -.3501E+02   -.3502E+02   -.3502E+02   -.3502E+02   -.3503E+02   -.3503E+02   -.3504E+02   -.3504E+02   -.3505E+02   -.3506E+02   -.3506E+02   -.3507E+02   -.3508E+02   -.3509E+02   -.3509E+02   -.3510E+02   -.3511E+02   -.3513E+02   -.3514E+02   -.3515E+02   -.3517E+02   -.3519E+02   -.3521E+02   -.3523E+02   -.3526E+02   -.3529E+02   -.3533E+02   -.3538E+02   -.3544E+02   -.3551E+02   -.3560E+02   -.3571E+02   -.3586E+02   -.3605E+02   -.3633E+02   -.3667E+02   -.3727E+02   -.3786E+02   -.3952E+02   -.3986E+02   -.4628E+02   -.5110E+02   -.6320E+02   -.4815E+02   -.5159E+02   -.4797E+02   -.4778E+02   -.4588E+02   -.4485E+02   -.4355E+02   -.4252E+02   -.4155E+02   -.4069E+02   -.3989E+02   -.3917E+02   -.3851E+02   -.3790E+02   -.3733E+02   -.3680E+02   -.3630E+02   -.3583E+02   -.3537E+02   -.3494E+02   -.3452E+02   -.3414E+02   -.3377E+02   -.3342E+02   -.3309E+02   -.3278E+02   -.3247E+02   -.3219E+02   -.3193E+02   -.3168E+02   -.3144E+02   -.3122E+02   -.3100E+02   -.3080E+02   -.3061E+02   -.3043E+02   -.3025E+02   -.3009E+02   -.2994E+02   -.2980E+02   -.2965E+02   -.2953E+02   -.2941E+02   -.2929E+02   -.2918E+02   -.2908E+02   -.2898E+02   -.2890E+02   -.2881E+02   -.2873E+02   -.2865E+02   -.2857E+02   -.2850E+02   -.2843E+02   -.2837E+02   -.2830E+02   -.2825E+02   -.2819E+02   -.2814E+02   -.2809E+02   -.2804E+02   -.2799E+02   -.2795E+02   -.2791E+02   -.2787E+02   -.2783E+02   -.2779E+02   -.2776E+02   -.2773E+02   -.2770E+02   -.2766E+02   -.2764E+02   -.2761E+02   -.2758E+02   -.2756E+02   -.2754E+02   -.2751E+02   -.2749E+02   -.2747E+02   -.2745E+02   -.2743E+02   -.2742E+02   -.2740E+02   -.2739E+02   -.2737E+02
0.1143E+04   0.3900E+02   -.3501E+02   -.3502E+02   -.3502E+02   -.3503E+02   -.3503E+02   -.3504E+02   -.3504E+02   -.3505E+02   -.3505E+02   -.3506E+02   -.3507E+02   -.3508E+02   -.3508E+02   -.3509E+02   -.3510E+02   -.3511E+02   -.3512E+02   -.3514E+02   -.3515E+02   -.3517E+02   -.3519E+02   -.3521E+02   -.3523E+02   -.3526E+02   -.3529E+02   -.3533E+02   -.3538E+02   -.3544E+02   -.3551E+02   -.3560E+02   -.3571E+02   -.3586E+02   -.3605E+02   -.3633E+02   -.3667E+02   -.3727E+02   -.3786E+02   -.3952E+02   -.3986E+02   -.4628E+02   -.5110E+02   -.6320E+02   -.4815E+02   -.5159E+02   -.4797E+02   -.4778E+02   -.4588E+02   -.4485E+02   -.4355E+02   -.4252E+02   -.4155E+02   -.4069E+02   -.3989E+02   -.3917E+02   -.3851E+02   -.3790E+02   -.3733E+02   -.3681E+02   -.3630E+02   -.3583E+02   -.3537E+02   -.3494E+02   -.3452E+02   -.3414E+02   -.3377E+02   -.3342E+02   -.3309E+02   -.3277E+02   -.3247E+02   -.3219E+02   -.3193E+02   -.3168E+02   -.3144E+02   -.3122E+02   -.3100E+02   -.3080E+02   -.3061E+02   -.3043E+02   -.3025E+02   -.3010E+02   -.2994E+02   -.2980E+02   -.2965E+02   -.2953E+02   -.2941E+02   -.2929E+02   -.2918E+02   -.2908E+02   -.2898E+02   -.2890E+02   -.2881E+02   -.2873E+02   -.2865E+02   -.2857E+02   -.2850E+02   -.2843E+02   -.2837E+02   -.2830E+02   -.2825E+02   -.2819E+02   -.2814E+02   -.2809E+02   -.2804E+02   -.2799E+02   -.2795E+02   -.2791E+02   -.2787E+02   -.2783E+02   -.2779E+02   -.2776E+02   -.2773E+02   -.2769E+02   -.2766E+02   -.2764E+02   -.2761E+02   -.2758E+02   -.2756E+02   -.2754E+02   -.2751E+02   -.2749E+02   -.2747E+02   -.2745E+02   -.2743E+02   -.2742E+02   -.2740E+02   -.2739E+02   -.2737E+02   -.2736E+02
0.1144E+04   0.3933E+02   -.3501E+02   -.3502E+02   -.3502E+02   -.3503E+02   -.3503E+02   -.3504E+02   -.3505E+02   -.3505E+02   -.3506E+02   -.3507E+02   -.3507E+02   -.3508E+02   -.3509E+02   -.3510E+02   -.3511E+02   -.3512E+02   -.3514E+02   -.3515E+02   -.3517E+02   -.3518E+02   -.3521E+02   -.3523E+02   -.3526E+02   -.3529E+02   -.3533E+02   -.3538E+02   -.3543E+02   -.3551E+02   -.3559E+02   -.3571E+02   -.3586E+02   -.3605E+02   -.3633E+02   -.3667E+02   -.3727E+02   -.3786E+02   -.3952E+02   -.3986E+02   -.4628E+02   -.5110E+02   -.6320E+02   -.4815E+02   -.5159E+02   -.4797E+02   -.4778E+02   -.4588E+02   -.4485E+02   -.4355E+02   -.4252E+02   -.4155E+02   -.4069E+02   -.3989E+02   -.3917E+02   -.3851E+02   -.3791E+02   -.3733E+02   -.3681E+02   -.3630E+02   -.3583E+02   -.3537E+02   -.3494E+02   -.3452E+02   -.3414E+02   -.3377E+02   -.3342E+02   -.3309E+02   -.3278E+02   -.3247E+02   -.3220E+02   -.3193E+02   -.3168E+02   -.3144E+02   -.3122E+02   -.3100E+02   -.3080E+02   -.3061E+02   -.3043E+02   -.3025E+02   -.3010E+02   -.2994E+02   -.2979E+02   -.2965E+02   -.2953E+02   -.2941E+02   -.2929E+02   -.2918E+02   -.2908E+02   -.2899E+02   -.2890E+02   -.2881E+02   -.2873E+02   -.2865E+02   -.2857E+02   -.2850E+02   -.2843E+02   -.2837E+02   -.2831E+02   -.2825E+02   -.2819E+02   -.2814E+02   -.2809E+02   -.2804E+02   -.2799E+02   -.2795E+02   -.2791E+02   -.2787E+02   -.2783E+02   -.2779E+02   -.2776E+02   -.2773E+02   -.2769E+02   -.2766E+02   -.2764E+02   -.2761E+02   -.2758E+02   -.2756E+02   -.2754E+02   -.2751E+02   -.2749E+02   -.2747E+02   -.2745E+02   -.2744E+02   -.2742E+02   -.2740E+02   -.2738E+02   -.2737E+02   -.2736E+02   -.2734E+02
0.1145E+04   0.3967E+02   -.3502E+02   -.3502E+02   -.3502E+02   -.3503E+02   -.3504E+02   -.3504E+02   -.3505E+02   -.3506E+02   -.3506E+02   -.3507E+02   -.3508E+02   -.3509E+02   -.3510E+02   -.3511E+02   -.3512E+02   -.3513E+02   -.3515E+02   -.3516E+02   -.3518E+02   -.3520E+02   -.3523E+02   -.3526E+02   -.3529E+02   -.3533E+02   -.3538E+02   -.3543E+02   -.3550E+02   -.3559E+02   -.3571E+02   -.3586E+02   -.3605E+02   -.3633E+02   -.3667E+02   -.3727E+02   -.3786E+02   -.3951E+02   -.3986E+02   -.4628E+02   -.5110E+02   -.6320E+02   -.4815E+02   -.5159E+02   -.4797E+02   -.4778E+02   -.4588E+02   -.4485E+02   -.4355E+02   -.4252E+02   -.4155E+02   -.4069E+02   -.3989E+02   -.3917E+02   -.3851E+02   -.3791E+02   -.3733E+02   -.3681E+02   -.3630E+02   -.3583E+02   -.3537E+02   -.3494E+02   -.3452E+02   -.3414E+02   -.3377E+02   -.3342E+02   -.3309E+02   -.3277E+02   -.3247E+02   -.3220E+02   -.3193E+02   -.3168E+02   -.3144E+02   -.3122E+02   -.3100E+02   -.3080E+02   -.3061E+02   -.3043E+02   -.3025E+02   -.3010E+02   -.2994E+02   -.2979E+02   -.2966E+02   -.2953E+02   -.2941E+02   -.2929E+02   -.2918E+02   -.2908E+02   -.2899E+02   -.2889E+02   -.2881E+02   -.2873E+02   -.2865E+02   -.2857E+02   -.2850E+02   -.2843E+02   -.2837E+02   -.2831E+02   -.2825E+02   -.2819E+02   -.2814E+02   -.2809E+02   -.2804E+02   -.2799E+02   -.2795E+02   -.2791E+02   -.2787E+02   -.2783E+02   -.2779E+02   -.2776E+02   -.2773E+02   -.2769E+02   -.2766E+02   -.2764E+02   -.2761E+02   -.2758E+02   -.2756E+02   -.2753E+02   -.2751E+02   -.2749E+02   -.2747E+02   -.2745E+02   -.2744E+02   -.2742E+02   -.2740E+02   -.2738E+02   -.2737E+02   -.2736E+02   -.2734E+02   -.2733E+02
0.1146E+04   0.4000E+02   -.3502E+02   -.3502E+02   -.3503E+02   -.3503E+02   -.3504E+02   -.3505E+02   -.3505E+02   -.3506E+02   -.3507E+02   -.3508E+02   -.3509E+02   -.3510E+02   -.3511E+02   -.3512E+02   -.3513E+02   -.3515E+02   -.3516E+02   -.3518E+02   -.3520E+02   -.3523E+02   -.3526E+02   -.3529E+02   -.3533E+02   -.3538E+02   -.3543E+02   -.3550E+02   -.3559E+02   -.3571E+02   -.3586E+02   -.3605E+02   -.3633E+02   -.3667E+02   -.3727E+02   -.3786E+02   -.3951E+02   -.3986E+02   -.4628E+02   -.5110E+02   -.6320E+02   -.4815E+02   -.5159E+02   -.4797E+02   -.4778E+02   -.4588E+02   -.4485E+02   -.4355E+02   -.4252E+02   -.4155E+02   -.4069E+02   -.3989E+02   -.3917E+02   -.3851E+02   -.3791E+02   -.3734E+02   -.3681E+02   -.3630E+02   -.3583E+02   -.3537E+02   -.3494E+02   -.3452E+02   -.3414E+02   -.3377E+02   -.3342E+02   -.3309E+02   -.3278E+02   -.3247E+02   -.3220E+02   -.3193E+02   -.3168E+02   -.3144E+02   -.3122E+02   -.3100E+02   -.3080E+02   -.3061E+02   -.3043E+02   -.3025E+02   -.3009E+02   -.2994E+02   -.2980E+02   -.2966E+02   -.2953E+02   -.2941E+02   -.2929E+02   -.2918E+02   -.2908E+02   -.2899E+02   -.2889E+02   -.2881E+02   -.2872E+02   -.2865E+02   -.2857E+02   -.2850E+02   -.2843E+02   -.2837E+02   -.2830E+02   -.2825E+02   -.2819E+02   -.2814E+02   -.2808E+02   -.2804E+02   -.2799E+02   -.2795E+02   -.2791E+02   -.2787E+02   -.2783E+02   -.2779E+02   -.2776E+02   -.2773E+02   -.2769E+02   -.2766E+02   -.2764E+02   -.2761E+02   -.2758E+02   -.2756E+02   -.2753E+02   -.2751E+02   -.2749E+02   -.2747E+02   -.2745E+02   -.2743E+02   -.2742E+02   -.2740E+02   -.2738E+02   -.2737E+02   -.2735E+02   -.2734E+02   -.2733E+02   -.2732E+02
0.1147E+04   0.4033E+02   -.3502E+02   -.3502E+02   -.3503E+02   -.3504E+02   -.3504E+02   -.3505E+02   -.3506E+02   -.3506E+02   -.3507E+02   -.3508E+02   -.3509E+02   -.3510E+02   -.3512E+02   -.3513E+02   -.3514E+02   -.3516E+02   -.3518E+02   -.3520E+02   -.3523E+02   -.3525E+02   -.3529E+02   -.3533E+02   -.3537E+02   -.3543E+02   -.3550E+02   -.3559E+02   -.3570E+02   -.3585E+02   -.3605E+02   -.3632E+02   -.3667E+02   -.3727E+02   -.3786E+02   -.3951E+02   -.3986E+02   -.4628E+02   -.5110E+02   -.6320E+02   -.4815E+02   -.5159E+02   -.4797E+02   -.4778E+02   -.4588E+02   -.4485E+02   -.4355E+02   -.4252E+02   -.4155E+02   -.4069E+02   -.3989E+02   -.3917E+02   -.3851E+02   -.3791E+02   -.3734E+02   -.3681E+02   -.3630E+02   -.3583E+02   -.3537E+02   -.3494E+02   -.3452E+02   -.3414E+02   -.3377E+02   -.3342E+02   -.3309E+02   -.3278E+02   -.3247E+02   -.3220E+02   -.3193E+02   -.3168E+02   -.3144E+02   -.3122E+02   -.3100E+02   -.3080E+02   -.3061E+02   -.3043E+02   -.3025E+02   -.3009E+02   -.2994E+02   -.2979E+02   -.2965E+02   -.2953E+02   -.2940E+02   -.2929E+02   -.2918E+02   -.2908E+02   -.2899E+02   -.2889E+02   -.2881E+02   -.2873E+02   -.2865E+02   -.2857E+02   -.2850E+02   -.2843E+02   -.2837E+02   -.2830E+02   -.2825E+02   -.2819E+02   -.2814E+02   -.2808E+02   -.2804E+02   -.2799E+02   -.2795E+02   -.2790E+02   -.2787E+02   -.2783E+02   -.2779E+02   -.2776E+02   -.2773E+02   -.2769E+02   -.2766E+02   -.2764E+02   -.2761E+02   -.2758E+02   -.2756E+02   -.2754E+02   -.2751E+02   -.2749E+02   -.2747E+02   -.2745E+02   -.2743E+02   -.2742E+02   -.2740E+02   -.2738E+02   -.2737E+02   -.2735E+02   -.2734E+02   -.2733E+02   -.2732E+02   -.2730E+02
0.1148E+04   0.4067E+02   -.3502E+02   -.3502E+02   -.3503E+02   -.3504E+02   -.3504E+02   -.3505E+02   -.3506E+02   -.3507E+02   -.3508E+02   -.3509E+02   -.3510E+02   -.3511E+02   -.3513E+02   -.3514E+02   -.3516E+02   -.3518E+02   -.3520E+02   -.3522E+02   -.3525E+02   -.3529E+02   -.3532E+02   -.3537E+02   -.3543E+02   -.3550E+02   -.3559E+02   -.3570E+02   -.3585E+02   -.3604E+02   -.3632E+02   -.3667E+02   -.3727E+02   -.3786E+02   -.3951E+02   -.3986E+02   -.4627E+02   -.5110E+02   -.6320E+02   -.4815E+02   -.5158E+02   -.4797E+02   -.4778E+02   -.4588E+02   -.4485E+02   -.4355E+02   -.4252E+02   -.4155E+02   -.4069E+02   -.3989E+02   -.3917E+02   -.3851E+02   -.3791E+02   -.3734E+02   -.3681E+02   -.3630E+02   -.3583E+02   -.3537E+02   -.3494E+02   -.3452E+02   -.3414E+02   -.3377E+02   -.3342E+02   -.3309E+02   -.3278E+02   -.3247E+02   -.3220E+02   -.3193E+02   -.3168E+02   -.3144E+02   -.3122E+02   -.3100E+02   -.3080E+02   -.3061E+02   -.3042E+02   -.3025E+02   -.3009E+02   -.2994E+02   -.2979E+02   -.2966E+02   -.2952E+02   -.2941E+02   -.2929E+02   -.2918E+02   -.2908E+02   -.2898E+02   -.2890E+02   -.2881E+02   -.2873E+02   -.2865E+02   -.2857E+02   -.2850E+02   -.2843E+02   -.2836E+02   -.2830E+02   -.2824E+02   -.2819E+02   -.2813E+02   -.2808E+02   -.2803E+02   -.2799E+02   -.2794E+02   -.2790E+02   -.2786E+02   -.2783E+02   -.2779E+02   -.2776E+02   -.2772E+02   -.2769E+02   -.2766E+02   -.2763E+02   -.2761E+02   -.2758E+02   -.2756E+02   -.2753E+02   -.2751E+02   -.2749E+02   -.2747E+02   -.2745E+02   -.2743E+02   -.2742E+02   -.2740E+02   -.2738E+02   -.2737E+02   -.2735E+02   -.2734E+02   -.2733E+02   -.2731E+02   -.2730E+02   -.2729E+02
0.1149E+04   0.4100E+02   -.3502E+02   -.3503E+02   -.3503E+02   -.3504E+02   -.3505E+02   -.3506E+02   -.3507E+02   -.3508E+02   -.3509E+02   -.3510E+02   -.3511E+02   -.3512E+02   -.3514E+02   -.3516E+02   -.3517E+02   -.3520E+02   -.3522E+02   -.3525E+02   -.3528E+02   -.3532E+02   -.3537E+02   -.3543E+02   -.3550E+02   -.3559E+02   -.3570E+02   -.3585E+02   -.3604E+02   -.3632E+02   -.3667E+02   -.3727E+02   -.3786E+02   -.3951E+02   -.3986E+02   -.4627E+02   -.5110E+02   -.6320E+02   -.4815E+02   -.5158E+02   -.4797E+02   -.4778E+02   -.4588E+02   -.4485E+02   -.4355E+02   -.4252E+02   -.4155E+02   -.4069E+02   -.3989E+02   -.3917E+02   -.3851E+02   -.3791E+02   -.3734E+02   -.3681E+02   -.3630E+02   -.3583E+02   -.3537E+02   -.3494E+02   -.3452E+02   -.3414E+02   -.3377E+02   -.3342E+02   -.3309E+02   -.3278E+02   -.3247E+02   -.3220E+02   -.3193E+02   -.3168E+02   -.3144E+02   -.3122E+02   -.3100E+02   -.3080E+02   -.3061E+02   -.3043E+02   -.3025E+02   -.3009E+02   -.2994E+02   -.2979E+02   -.2965E+02   -.2953E+02   -.2940E+02   -.2929E+02   -.2918E+02   -.2908E+02   -.2898E+02   -.2889E+02   -.2881E+02   -.2873E+02   -.2864E+02   -.2857E+02   -.2850E+02   -.2843E+02   -.2837E+02   -.2830E+02   -.2825E+02   -.2819E+02   -.2814E+02   -.2808E+02   -.2804E+02   -.2799E+02   -.2795E+02   -.2790E+02   -.2786E+02   -.2783E+02   -.2779E+02   -.2776E+02   -.2772E+02   -.2769E+02   -.2766E+02   -.2763E+02   -.2761E+02   -.2758E+02   -.2756E+02   -.2753E+02   -.2751E+02   -.2749E+02   -.2747E+02   -.2745E+02   -.2743E+02   -.2741E+02   -.2740E+02   -.2738E+02   -.2737E+02   -.2735E+02   -.2734E+02   -.2733E+02   -.2731E+02   -.2730E+02   -.2729E+02   -.2728E+02
0.1150E+04   0.4133E+02   -.3502E+02   -.3503E+02   -.3504E+02   -.3504E+02   -.3505E+02   -.3506E+02   -.3507E+02   -.3508E+02   -.3509E+02   -.3511E+02   -.3512E+02   -.3514E+02   -.3515E+02   -.3517E+02   -.3519E+02   -.3522E+02   -.3525E+02   -.3528E+02   -.3532E+02   -.3537E+02   -.3543E+02   -.3550E+02   -.3559E+02   -.3570E+02   -.3585E+02   -.3604E+02   -.3632E+02   -.3666E+02   -.3727E+02   -.3786E+02   -.3951E+02   -.3986E+02   -.4627E+02   -.5109E+02   -.6320E+02   -.4815E+02   -.5158E+02   -.4797E+02   -.4778E+02   -.4588E+02   -.4485E+02   -.4355E+02   -.4251E+02   -.4155E+02   -.4069E+02   -.3989E+02   -.3917E+02   -.3851E+02   -.3791E+02   -.3734E+02   -.3681E+02   -.3630E+02   -.3583E+02   -.3537E+02   -.3494E+02   -.3452E+02   -.3414E+02   -.3377E+02   -.3342E+02   -.3309E+02   -.3278E+02   -.3247E+02   -.3220E+02   -.3193E+02   -.3168E+02   -.3144E+02   -.3122E+02   -.3100E+02   -.3080E+02   -.3061E+02   -.3043E+02   -.3025E+02   -.3009E+02   -.2993E+02   -.2979E+02   -.2966E+02   -.2952E+02   -.2940E+02   -.2929E+02   -.2918E+02   -.2908E+02   -.2898E+02   -.2890E+02   -.2881E+02   -.2873E+02   -.2865E+02   -.2857E+02   -.2850E+02   -.2843E+02   -.2837E+02   -.2830E+02   -.2825E+02   -.2819E+02   -.2814E+02   -.2808E+02   -.2804E+02   -.2799E+02   -.2795E+02   -.2790E+02   -.2786E+02   -.2783E+02   -.2779E+02   -.2775E+02   -.2772E+02   -.2769E+02   -.2766E+02   -.2763E+02   -.2761E+02   -.2758E+02   -.2756E+02   -.2753E+02   -.2751E+02   -.2749E+02   -.2747E+02   -.2745E+02   -.2743E+02   -.2741E+02   -.2740E+02   -.2738E+02   -.2737E+02   -.2735E+02   -.2734E+02   -.2733E+02   -.2731E+02   -.2730E+02   -.2729E+02   -.2728E+02   -.2727E+02
0.1151E+04   0.4167E+02   -.3502E+02   -.3503E+02   -.3504E+02   -.3505E+02   -.3506E+02   -.3507E+02   -.3508E+02   -.3509E+02   -.3510E+02   -.3512E+02   -.3513E+02   -.3515E+02   -.3517E+02   -.3519E+02   -.3521E+02   -.3524E+02   -.3528E+02   -.3532E+02   -.3537E+02   -.3542E+02   -.3549E+02   -.3558E+02   -.3570E+02   -.3585E+02   -.3604E+02   -.3632E+02   -.3666E+02   -.3726E+02   -.3785E+02   -.3951E+02   -.3986E+02   -.4627E+02   -.5109E+02   -.6319E+02   -.4815E+02   -.5158E+02   -.4797E+02   -.4777E+02   -.4588E+02   -.4485E+02   -.4355E+02   -.4251E+02   -.4155E+02   -.4069E+02   -.3989E+02   -.3917E+02   -.3851E+02   -.3791E+02   -.3734E+02   -.3681E+02   -.3630E+02   -.3583E+02   -.3537E+02   -.3494E+02   -.3452E+02   -.3414E+02   -.3377E+02   -.3342E+02   -.3309E+02   -.3278E+02   -.3247E+02   -.3220E+02   -.3193E+02   -.3168E+02   -.3144E+02   -.3121E+02   -.3100E+02   -.3080E+02   -.3061E+02   -.3043E+02   -.3025E+02   -.3009E+02   -.2994E+02   -.2979E+02   -.2965E+02   -.2952E+02   -.2940E+02   -.2929E+02   -.2918E+02   -.2908E+02   -.2898E+02   -.2889E+02   -.2880E+02   -.2873E+02   -.2865E+02   -.2857E+02   -.2850E+02   -.2843E+02   -.2837E+02   -.2830E+02   -.2825E+02   -.2819E+02   -.2814E+02   -.2808E+02   -.2803E+02   -.2799E+02   -.2794E+02   -.2790E+02   -.2786E+02   -.2782E+02   -.2779E+02   -.2775E+02   -.2772E+02   -.2769E+02   -.2766E+02   -.2763E+02   -.2760E+02   -.2758E+02   -.2755E+02   -.2753E+02   -.2751E+02   -.2749E+02   -.2747E+02   -.2745E+02   -.2743E+02   -.2741E+02   -.2740E+02   -.2738E+02   -.2736E+02   -.2735E+02   -.2734E+02   -.2732E+02   -.2731E+02   -.2730E+02   -.2729E+02   -.2728E+02   -.2727E+02   -.2726E+02
0.1152E+04   0.4200E+02   -.3503E+02   -.3503E+02   -.3504E+02   -.3505E+02   -.3506E+02   -.3507E+02   -.3508E+02   -.3510E+02   -.3511E+02   -.3513E+02   -.3514E+02   -.3516E+02   -.3519E+02   -.3521E+02   -.3524E+02   -.3527E+02   -.3531E+02   -.3536E+02   -.3542E+02   -.3549E+02   -.3558E+02   -.3569E+02   -.3584E+02   -.3604E+02   -.3632E+02   -.3666E+02   -.3726E+02   -.3785E+02   -.3951E+02   -.3986E+02   -.4627E+02   -.5109E+02   -.6319E+02   -.4814E+02   -.5158E+02   -.4797E+02   -.4777E+02   -.4588E+02   -.4485E+02   -.4355E+02   -.4251E+02   -.4155E+02   -.4068E+02   -.3988E+02   -.3917E+02   -.3851E+02   -.3791E+02   -.3734E+02   -.3681E+02   -.3630E+02   -.3583E+02   -.3537E+02   -.3494E+02   -.3452E+02   -.3414E+02   -.3377E+02   -.3342E+02   -.3309E+02   -.3278E+02   -.3247E+02   -.3220E+02   -.3193E+02   -.3168E+02   -.3144E+02   -.3122E+02   -.3100E+02   -.3080E+02   -.3061E+02   -.3043E+02   -.3025E+02   -.3009E+02   -.2994E+02   -.2979E+02   -.2965E+02   -.2952E+02   -.2940E+02   -.2929E+02   -.2918E+02   -.2908E+02   -.2898E+02   -.2889E+02   -.2880E+02   -.2872E+02   -.2865E+02   -.2857E+02   -.2850E+02   -.2843E+02   -.2837E+02   -.2830E+02   -.2824E+02   -.2819E+02   -.2813E+02   -.2808E+02   -.2803E+02   -.2799E+02   -.2794E+02   -.2790E+02   -.2786E+02   -.2782E+02   -.2779E+02   -.2775E+02   -.2772E+02   -.2769E+02   -.2766E+02   -.2763E+02   -.2760E+02   -.2758E+02   -.2755E+02   -.2753E+02   -.2751E+02   -.2748E+02   -.2746E+02   -.2745E+02   -.2743E+02   -.2741E+02   -.2739E+02   -.2738E+02   -.2736E+02   -.2735E+02   -.2733E+02   -.2732E+02   -.2731E+02   -.2730E+02   -.2729E+02   -.2728E+02   -.2727E+02   -.2726E+02   -.2725E+02
0.1153E+04   0.4233E+02   -.3503E+02   -.3504E+02   -.3505E+02   -.3506E+02   -.3507E+02   -.3508E+02   -.3509E+02   -.3511E+02   -.3512E+02   -.3514E+02   -.3516E+02   -.3518E+02   -.3521E+02   -.3524E+02   -.3527E+02   -.3531E+02   -.3536E+02   -.3542E+02   -.3549E+02   -.3558E+02   -.3569E+02   -.3584E+02   -.3603E+02   -.3631E+02   -.3666E+02   -.3726E+02   -.3785E+02   -.3950E+02   -.3985E+02   -.4627E+02   -.5109E+02   -.6319E+02   -.4814E+02   -.5158E+02   -.4796E+02   -.4777E+02   -.4588E+02   -.4485E+02   -.4355E+02   -.4251E+02   -.4154E+02   -.4068E+02   -.3988E+02   -.3917E+02   -.3851E+02   -.3790E+02   -.3733E+02   -.3681E+02   -.3630E+02   -.3583E+02   -.3537E+02   -.3494E+02   -.3452E+02   -.3414E+02   -.3376E+02   -.3342E+02   -.3309E+02   -.3277E+02   -.3247E+02   -.3219E+02   -.3192E+02   -.3168E+02   -.3144E+02   -.3122E+02   -.3100E+02   -.3080E+02   -.3061E+02   -.3043E+02   -.3025E+02   -.3009E+02   -.2993E+02   -.2979E+02   -.2965E+02   -.2952E+02   -.2940E+02   -.2929E+02   -.2918E+02   -.2908E+02   -.2898E+02   -.2889E+02   -.2880E+02   -.2872E+02   -.2864E+02   -.2857E+02   -.2850E+02   -.2843E+02   -.2836E+02   -.2830E+02   -.2824E+02   -.2818E+02   -.2813E+02   -.2808E+02   -.2803E+02   -.2798E+02   -.2794E+02   -.2790E+02   -.2786E+02   -.2782E+02   -.2778E+02   -.2775E+02   -.2772E+02   -.2768E+02   -.2765E+02   -.2763E+02   -.2760E+02   -.2757E+02   -.2755E+02   -.2753E+02   -.2750E+02   -.2748E+02   -.2746E+02   -.2744E+02   -.2742E+02   -.2741E+02   -.2739E+02   -.2737E+02   -.2736E+02   -.2734E+02   -.2733E+02   -.2732E+02   -.2731E+02   -.2729E+02   -.2728E+02   -.2727E+02   -.2726E+02   -.2725E+02   -.2725E+02   -.2724E+02
0.1154E+04   0.4267E+02   -.3503E+02   -.3504E+02   -.3505E+02   -.3506E+02   -.3507E+02   -.3509E+02   -.3510E+02   -.3512E+02   -.3514E+02   -.3516E+02   -.3518E+02   -.3520E+02   -.3523E+02   -.3527E+02   -.3531E+02   -.3536E+02   -.3541E+02   -.3548E+02   -.3558E+02   -.3569E+02   -.3584E+02   -.3603E+02   -.3631E+02   -.3665E+02   -.3726E+02   -.3785E+02   -.3950E+02   -.3985E+02   -.4626E+02   -.5109E+02   -.6319E+02   -.4814E+02   -.5158E+02   -.4796E+02   -.4777E+02   -.4588E+02   -.4484E+02   -.4355E+02   -.4251E+02   -.4154E+02   -.4068E+02   -.3988E+02   -.3917E+02   -.3850E+02   -.3790E+02   -.3733E+02   -.3680E+02   -.3630E+02   -.3582E+02   -.3537E+02   -.3494E+02   -.3452E+02   -.3413E+02   -.3377E+02   -.3342E+02   -.3308E+02   -.3277E+02   -.3247E+02   -.3219E+02   -.3192E+02   -.3168E+02   -.3144E+02   -.3121E+02   -.3100E+02   -.3080E+02   -.3060E+02   -.3042E+02   -.3025E+02   -.3009E+02   -.2993E+02   -.2979E+02   -.2965E+02   -.2952E+02   -.2940E+02   -.2928E+02   -.2917E+02   -.2907E+02   -.2898E+02   -.2889E+02   -.2880E+02   -.2872E+02   -.2864E+02   -.2856E+02   -.2849E+02   -.2842E+02   -.2836E+02   -.2829E+02   -.2824E+02   -.2818E+02   -.2813E+02   -.2808E+02   -.2803E+02   -.2798E+02   -.2794E+02   -.2789E+02   -.2785E+02   -.2782E+02   -.2778E+02   -.2775E+02   -.2771E+02   -.2768E+02   -.2765E+02   -.2762E+02   -.2759E+02   -.2757E+02   -.2754E+02   -.2752E+02   -.2750E+02   -.2748E+02   -.2746E+02   -.2744E+02   -.2742E+02   -.2740E+02   -.2739E+02   -.2737E+02   -.2735E+02   -.2734E+02   -.2733E+02   -.2731E+02   -.2730E+02   -.2729E+02   -.2728E+02   -.2727E+02   -.2726E+02   -.2725E+02   -.2724E+02   -.2723E+02   -.2723E+02
0.1155E+04   0.4300E+02   -.3503E+02   -.3504E+02   -.3505E+02   -.3507E+02   -.3508E+02   -.3510E+02   -.3511E+02   -.3513E+02   -.3515E+02   -.3517E+02   -.3520E+02   -.3523E+02   -.3526E+02   -.3530E+02   -.3535E+02   -.3541E+02   -.3548E+02   -.3557E+02   -.3569E+02   -.3584E+02   -.3603E+02   -.3631E+02   -.3665E+02   -.3725E+02   -.3785E+02   -.3950E+02   -.3985E+02   -.4626E+02   -.5108E+02   -.6318E+02   -.4814E+02   -.5157E+02   -.4796E+02   -.4777E+02   -.4588E+02   -.4484E+02   -.4354E+02   -.4251E+02   -.4154E+02   -.4068E+02   -.3987E+02   -.3917E+02   -.3850E+02   -.3790E+02   -.3732E+02   -.3680E+02   -.3629E+02   -.3582E+02   -.3536E+02   -.3494E+02   -.3452E+02   -.3413E+02   -.3376E+02   -.3342E+02   -.3308E+02   -.3276E+02   -.3246E+02   -.3219E+02   -.3192E+02   -.3167E+02   -.3143E+02   -.3120E+02   -.3099E+02   -.3079E+02   -.3060E+02   -.3041E+02   -.3024E+02   -.3008E+02   -.2992E+02   -.2978E+02   -.2964E+02   -.2951E+02   -.2939E+02   -.2928E+02   -.2917E+02   -.2907E+02   -.2897E+02   -.2888E+02   -.2879E+02   -.2871E+02   -.2863E+02   -.2855E+02   -.2848E+02   -.2841E+02   -.2835E+02   -.2829E+02   -.2823E+02   -.2817E+02   -.2812E+02   -.2807E+02   -.2802E+02   -.2797E+02   -.2793E+02   -.2789E+02   -.2785E+02   -.2781E+02   -.2777E+02   -.2774E+02   -.2770E+02   -.2767E+02   -.2764E+02   -.2761E+02   -.2759E+02   -.2756E+02   -.2754E+02   -.2751E+02   -.2749E+02   -.2747E+02   -.2745E+02   -.2743E+02   -.2741E+02   -.2739E+02   -.2738E+02   -.2736E+02   -.2735E+02   -.2733E+02   -.2732E+02   -.2730E+02   -.2729E+02   -.2728E+02   -.2727E+02   -.2726E+02   -.2725E+02   -.2724E+02   -.2723E+02   -.2722E+02   -.2722E+02   -.2721E+02
0.1156E+04   0.4333E+02   -.3504E+02   -.3505E+02   -.3506E+02   -.3507E+02   -.3509E+02   -.3510E+02   -.3512E+02   -.3514E+02   -.3517E+02   -.3519E+02   -.3522E+02   -.3526E+02   -.3530E+02   -.3535E+02   -.3540E+02   -.3548E+02   -.3557E+02   -.3568E+02   -.3583E+02   -.3602E+02   -.3630E+02   -.3665E+02   -.3725E+02   -.3784E+02   -.3950E+02   -.3985E+02   -.4626E+02   -.5108E+02   -.6318E+02   -.4814E+02   -.5157E+02   -.4796E+02   -.4777E+02   -.4587E+02   -.4485E+02   -.4354E+02   -.4251E+02   -.4154E+02   -.4067E+02   -.3987E+02   -.3916E+02   -.3849E+02   -.3789E+02   -.3731E+02   -.3679E+02   -.3628E+02   -.3581E+02   -.3535E+02   -.3493E+02   -.3452E+02   -.3413E+02   -.3376E+02   -.3341E+02   -.3307E+02   -.3276E+02   -.3246E+02   -.3218E+02   -.3191E+02   -.3166E+02   -.3142E+02   -.3120E+02   -.3099E+02   -.3078E+02   -.3059E+02   -.3041E+02   -.3023E+02   -.3007E+02   -.2991E+02   -.2977E+02   -.2963E+02   -.2950E+02   -.2938E+02   -.2926E+02   -.2916E+02   -.2905E+02   -.2896E+02   -.2887E+02   -.2878E+02   -.2870E+02   -.2862E+02   -.2854E+02   -.2847E+02   -.2840E+02   -.2834E+02   -.2827E+02   -.2822E+02   -.2816E+02   -.2811E+02   -.2805E+02   -.2801E+02   -.2796E+02   -.2791E+02   -.2787E+02   -.2783E+02   -.2779E+02   -.2776E+02   -.2772E+02   -.2769E+02   -.2766E+02   -.2763E+02   -.2760E+02   -.2757E+02   -.2755E+02   -.2752E+02   -.2750E+02   -.2748E+02   -.2746E+02   -.2744E+02   -.2742E+02   -.2740E+02   -.2738E+02   -.2736E+02   -.2735E+02   -.2733E+02   -.2732E+02   -.2731E+02   -.2729E+02   -.2728E+02   -.2727E+02   -.2726E+02   -.2725E+02   -.2724E+02   -.2723E+02   -.2722E+02   -.2721E+02   -.2720E+02   -.2720E+02   -.2719E+02
0.1157E+04   0.4367E+02   -.3504E+02   -.3505E+02   -.3507E+02   -.3508E+02   -.3510E+02   -.3512E+02   -.3514E+02   -.3516E+02   -.3519E+02   -.3522E+02   -.3525E+02   -.3529E+02   -.3534E+02   -.3540E+02   -.3547E+02   -.3556E+02   -.3568E+02   -.3583E+02   -.3602E+02   -.3630E+02   -.3664E+02   -.3725E+02   -.3784E+02   -.3949E+02   -.3986E+02   -.4626E+02   -.5109E+02   -.6320E+02   -.4815E+02   -.5159E+02   -.4797E+02   -.4778E+02   -.4589E+02   -.4486E+02   -.4355E+02   -.4251E+02   -.4150E+02   -.4065E+02   -.3982E+02   -.3913E+02   -.3843E+02   -.3785E+02   -.3725E+02   -.3674E+02   -.3622E+02   -.3576E+02   -.3529E+02   -.3488E+02   -.3446E+02   -.3408E+02   -.3370E+02   -.3336E+02   -.3302E+02   -.3272E+02   -.3241E+02   -.3214E+02   -.3186E+02   -.3162E+02   -.3137E+02   -.3116E+02   -.3094E+02   -.3074E+02   -.3055E+02   -.3037E+02   -.3019E+02   -.3003E+02   -.2987E+02   -.2973E+02   -.2959E+02   -.2946E+02   -.2934E+02   -.2923E+02   -.2911E+02   -.2902E+02   -.2892E+02   -.2883E+02   -.2874E+02   -.2866E+02   -.2858E+02   -.2850E+02   -.2843E+02   -.2836E+02   -.2830E+02   -.2823E+02   -.2818E+02   -.2812E+02   -.2807E+02   -.2801E+02   -.2797E+02   -.2792E+02   -.2788E+02   -.2783E+02   -.2779E+02   -.2776E+02   -.2772E+02   -.2768E+02   -.2765E+02   -.2762E+02   -.2759E+02   -.2756E+02   -.2753E+02   -.2751E+02   -.2748E+02   -.2746E+02   -.2744E+02   -.2742E+02   -.2740E+02   -.2738E+02   -.2736E+02   -.2734E+02   -.2733E+02   -.2731E+02   -.2730E+02   -.2728E+02   -.2727E+02   -.2725E+02   -.2724E+02   -.2723E+02   -.2722E+02   -.2721E+02   -.2720E+02   -.2719E+02   -.2718E+02   -.2717E+02   -.2717E+02   -.2716E+02   -.2716E+02   -.2715E+02
0.1158E+04   0.4400E+02   -.3504E+02   -.3506E+02   -.3507E+02   -.3509E+02   -.3511E+02   -.3513E+02   -.3515E+02   -.3518E+02   -.3521E+02   -.3524E+02   -.3529E+02   -.3533E+02   -.3539E+02   -.3547E+02   -.3556E+02   -.3567E+02   -.3582E+02   -.3602E+02   -.3630E+02   -.3664E+02   -.3724E+02   -.3783E+02   -.3949E+02   -.3984E+02   -.4625E+02   -.5107E+02   -.6311E+02   -.4804E+02   -.5146E+02   -.4783E+02   -.4764E+02   -.4575E+02   -.4471E+02   -.4341E+02   -.4238E+02   -.4138E+02   -.4053E+02   -.3970E+02   -.3900E+02   -.3831E+02   -.3773E+02   -.3713E+02   -.3662E+02   -.3610E+02   -.3565E+02   -.3517E+02   -.3477E+02   -.3433E+02   -.3397E+02   -.3359E+02   -.3326E+02   -.3291E+02   -.3261E+02   -.3230E+02   -.3203E+02   -.3175E+02   -.3151E+02   -.3126E+02   -.3105E+02   -.3083E+02   -.3063E+02   -.3044E+02   -.3026E+02   -.3008E+02   -.2993E+02   -.2976E+02   -.2962E+02   -.2948E+02   -.2936E+02   -.2923E+02   -.2912E+02   -.2901E+02   -.2891E+02   -.2881E+02   -.2873E+02   -.2863E+02   -.2855E+02   -.2847E+02   -.2840E+02   -.2833E+02   -.2826E+02   -.2820E+02   -.2813E+02   -.2807E+02   -.2802E+02   -.2796E+02   -.2791E+02   -.2786E+02   -.2782E+02   -.2777E+02   -.2773E+02   -.2769E+02   -.2765E+02   -.2762E+02   -.2758E+02   -.2755E+02   -.2752E+02   -.2749E+02   -.2746E+02   -.2743E+02   -.2741E+02   -.2738E+02   -.2736E+02   -.2734E+02   -.2732E+02   -.2730E+02   -.2728E+02   -.2726E+02   -.2724E+02   -.2723E+02   -.2721E+02   -.2720E+02   -.2718E+02   -.2717E+02   -.2716E+02   -.2715E+02   -.2714E+02   -.2713E+02   -.2712E+02   -.2711E+02   -.2710E+02   -.2709E+02   -.2708E+02   -.2708E+02   -.2707E+02   -.2706E+02   -.2706E+02   -.2706E+02
0.1159E+04   0.4433E+02   -.3505E+02   -.3506E+02   -.3508E+02   -.3510E+02   -.3512E+02   -.3514E+02   -.3517E+02   -.3520E+02   -.3524E+02   -.3528E+02   -.3533E+02   -.3539E+02   -.3546E+02   -.3555E+02   -.3567E+02   -.3582E+02   -.3601E+02   -.3629E+02   -.3664E+02   -.3724E+02   -.3783E+02   -.3948E+02   -.3983E+02   -.4624E+02   -.5119E+02   -.6342E+02   -.4849E+02   -.5199E+02   -.4842E+02   -.4826E+02   -.4639E+02   -.4538E+02   -.4409E+02   -.4313E+02   -.4218E+02   -.4136E+02   -.4056E+02   -.3986E+02   -.3920E+02   -.3861E+02   -.3804E+02   -.3752E+02   -.3701E+02   -.3654E+02   -.3608E+02   -.3566E+02   -.3525E+02   -.3487E+02   -.3450E+02   -.3417E+02   -.3383E+02   -.3352E+02   -.3321E+02   -.3295E+02   -.3267E+02   -.3243E+02   -.3218E+02   -.3197E+02   -.3174E+02   -.3155E+02   -.3135E+02   -.3118E+02   -.3100E+02   -.3084E+02   -.3068E+02   -.3054E+02   -.3040E+02   -.3027E+02   -.3015E+02   -.3004E+02   -.2993E+02   -.2983E+02   -.2973E+02   -.2964E+02   -.2956E+02   -.2947E+02   -.2939E+02   -.2932E+02   -.2925E+02   -.2918E+02   -.2911E+02   -.2905E+02   -.2899E+02   -.2893E+02   -.2888E+02   -.2883E+02   -.2878E+02   -.2873E+02   -.2869E+02   -.2865E+02   -.2861E+02   -.2857E+02   -.2853E+02   -.2850E+02   -.2847E+02   -.2844E+02   -.2841E+02   -.2838E+02   -.2835E+02   -.2832E+02   -.2830E+02   -.2828E+02   -.2825E+02   -.2823E+02   -.2821E+02   -.2819E+02   -.2818E+02   -.2816E+02   -.2814E+02   -.2813E+02   -.2812E+02   -.2810E+02   -.2809E+02   -.2808E+02   -.2807E+02   -.2806E+02   -.2805E+02   -.2804E+02   -.2803E+02   -.2802E+02   -.2802E+02   -.2801E+02   -.2800E+02   -.2800E+02   -.2799E+02   -.2799E+02   -.2798E+02   -.2798E+02
0.1160E+04   0.4467E+02   -.3505E+02   -.3507E+02   -.3509E+02   -.3511E+02   -.3514E+02   -.3516E+02   -.3519E+02   -.3523E+02   -.3527E+02   -.3532E+02   -.3538E+02   -.3545E+02   -.3554E+02   -.3566E+02   -.3581E+02   -.3600E+02   -.3628E+02   -.3663E+02   -.3723E+02   -.3782E+02   -.3948E+02   -.3983E+02   -.4624E+02   -.5106E+02   -.6307E+02   -.4824E+02   -.5179E+02   -.4828E+02   -.4817E+02   -.4633E+02   -.4534E+02   -.4408E+02   -.4311E+02   -.4218E+02   -.4139E+02   -.4061E+02   -.3993E+02   -.3932E+02   -.3872E+02   -.3817E+02   -.3765E+02   -.3715E+02   -.3668E+02   -.3624E+02   -.3581E+02   -.3541E+02   -.3502E+02   -.3466E+02   -.3431E+02   -.3399E+02   -.3368E+02   -.3338E+02   -.3310E+02   -.3284E+02   -.3259E+02   -.3235E+02   -.3212E+02   -.3191E+02   -.3172E+02   -.3153E+02   -.3134E+02   -.3118E+02   -.3101E+02   -.3086E+02   -.3071E+02   -.3058E+02   -.3045E+02   -.3033E+02   -.3022E+02   -.3011E+02   -.3001E+02   -.2991E+02   -.2982E+02   -.2973E+02   -.2965E+02   -.2957E+02   -.2950E+02   -.2942E+02   -.2936E+02   -.2929E+02   -.2923E+02   -.2917E+02   -.2912E+02   -.2906E+02   -.2901E+02   -.2896E+02   -.2892E+02   -.2887E+02   -.2883E+02   -.2879E+02   -.2875E+02   -.2872E+02   -.2868E+02   -.2865E+02   -.2862E+02   -.2859E+02   -.2856E+02   -.2853E+02   -.2851E+02   -.2848E+02   -.2846E+02   -.2844E+02   -.2841E+02   -.2839E+02   -.2837E+02   -.2836E+02   -.2834E+02   -.2832E+02   -.2831E+02   -.2830E+02   -.2828E+02   -.2827E+02   -.2826E+02   -.2825E+02   -.2824E+02   -.2823E+02   -.2822E+02   -.2822E+02   -.2821E+02   -.2820E+02   -.2820E+02   -.2819E+02   -.2818E+02   -.2818E+02   -.2817E+02   -.2817E+02   -.2817E+02   -.2816E+02
0.1161E+04   0.4500E+02   -.3506E+02   -.3508E+02   -.3510E+02   -.3512E+02   -.3515E+02   -.3518E+02   -.3522E+02   -.3526E+02   -.3531E+02   -.3537E+02   -.3545E+02   -.3554E+02   -.3565E+02   -.3580E+02   -.3600E+02   -.3628E+02   -.3662E+02   -.3723E+02   -.3782E+02   -.3947E+02   -.3982E+02   -.4623E+02   -.5105E+02   -.5783E+02   -.4261E+02   -.4610E+02   -.4269E+02   -.4262E+02   -.4081E+02   -.3984E+02   -.3857E+02   -.3758E+02   -.3662E+02   -.3585E+02   -.3510E+02   -.3445E+02   -.3382E+02   -.3325E+02   -.3270E+02   -.3219E+02   -.3168E+02   -.3123E+02   -.3078E+02   -.3036E+02   -.2996E+02   -.2958E+02   -.2921E+02   -.2887E+02   -.2855E+02   -.2823E+02   -.2794E+02   -.2766E+02   -.2740E+02   -.2715E+02   -.2691E+02   -.2669E+02   -.2648E+02   -.2628E+02   -.2609E+02   -.2591E+02   -.2574E+02   -.2558E+02   -.2543E+02   -.2528E+02   -.2515E+02   -.2502E+02   -.2490E+02   -.2478E+02   -.2468E+02   -.2458E+02   -.2448E+02   -.2439E+02   -.2431E+02   -.2422E+02   -.2414E+02   -.2407E+02   -.2400E+02   -.2393E+02   -.2387E+02   -.2381E+02   -.2374E+02   -.2369E+02   -.2363E+02   -.2359E+02   -.2354E+02   -.2349E+02   -.2345E+02   -.2341E+02   -.2336E+02   -.2333E+02   -.2329E+02   -.2326E+02   -.2322E+02   -.2319E+02   -.2316E+02   -.2313E+02   -.2311E+02   -.2308E+02   -.2306E+02   -.2303E+02   -.2301E+02   -.2299E+02   -.2297E+02   -.2295E+02   -.2293E+02   -.2292E+02   -.2290E+02   -.2288E+02   -.2287E+02   -.2286E+02   -.2285E+02   -.2283E+02   -.2282E+02   -.2281E+02   -.2281E+02   -.2280E+02   -.2279E+02   -.2278E+02   -.2278E+02   -.2277E+02   -.2276E+02   -.2276E+02   -.2275E+02   -.2275E+02   -.2275E+02   -.2274E+02   -.2274E+02   -.2273E+02
0.1162E+04   0.4533E+02   -.3507E+02   -.3509E+02   -.3511E+02   -.3514E+02   -.3517E+02   -.3521E+02   -.3525E+02   -.3530E+02   -.3536E+02   -.3544E+02   -.3553E+02   -.3564E+02   -.3580E+02   -.3599E+02   -.3627E+02   -.3662E+02   -.3722E+02   -.3781E+02   -.3946E+02   -.3982E+02   -.4623E+02   -.5104E+02   -.6313E+02   -.4810E+02   -.5158E+02   -.4818E+02   -.4808E+02   -.4626E+02   -.4529E+02   -.4403E+02   -.4301E+02   -.4207E+02   -.4124E+02   -.4047E+02   -.3983E+02   -.3918E+02   -.3861E+02   -.3805E+02   -.3754E+02   -.3703E+02   -.3657E+02   -.3612E+02   -.3570E+02   -.3530E+02   -.3492E+02   -.3455E+02   -.3421E+02   -.3387E+02   -.3356E+02   -.3326E+02   -.3299E+02   -.3272E+02   -.3247E+02   -.3224E+02   -.3202E+02   -.3181E+02   -.3160E+02   -.3141E+02   -.3123E+02   -.3106E+02   -.3090E+02   -.3074E+02   -.3060E+02   -.3046E+02   -.3033E+02   -.3021E+02   -.3010E+02   -.2999E+02   -.2989E+02   -.2979E+02   -.2970E+02   -.2961E+02   -.2953E+02   -.2945E+02   -.2938E+02   -.2931E+02   -.2924E+02   -.2917E+02   -.2911E+02   -.2905E+02   -.2899E+02   -.2894E+02   -.2889E+02   -.2884E+02   -.2879E+02   -.2875E+02   -.2871E+02   -.2867E+02   -.2863E+02   -.2859E+02   -.2856E+02   -.2853E+02   -.2849E+02   -.2846E+02   -.2844E+02   -.2841E+02   -.2838E+02   -.2836E+02   -.2834E+02   -.2831E+02   -.2829E+02   -.2827E+02   -.2825E+02   -.2823E+02   -.2822E+02   -.2820E+02   -.2818E+02   -.2817E+02   -.2816E+02   -.2814E+02   -.2813E+02   -.2812E+02   -.2811E+02   -.2810E+02   -.2809E+02   -.2808E+02   -.2808E+02   -.2807E+02   -.2806E+02   -.2806E+02   -.2805E+02   -.2805E+02   -.2804E+02   -.2804E+02   -.2804E+02   -.2803E+02   -.2803E+02   -.2802E+02
0.1163E+04   0.4567E+02   -.3507E+02   -.3510E+02   -.3513E+02   -.3516E+02   -.3520E+02   -.3524E+02   -.3529E+02   -.3535E+02   -.3543E+02   -.3552E+02   -.3563E+02   -.3579E+02   -.3598E+02   -.3626E+02   -.3661E+02   -.3721E+02   -.3780E+02   -.3945E+02   -.3982E+02   -.4623E+02   -.5105E+02   -.6315E+02   -.4812E+02   -.5155E+02   -.4797E+02   -.4770E+02   -.4578E+02   -.4474E+02   -.4341E+02   -.4236E+02   -.4133E+02   -.4047E+02   -.3967E+02   -.3895E+02   -.3826E+02   -.3767E+02   -.3707E+02   -.3654E+02   -.3603E+02   -.3555E+02   -.3510E+02   -.3467E+02   -.3426E+02   -.3388E+02   -.3351E+02   -.3316E+02   -.3283E+02   -.3251E+02   -.3222E+02   -.3194E+02   -.3167E+02   -.3143E+02   -.3118E+02   -.3096E+02   -.3075E+02   -.3055E+02   -.3036E+02   -.3017E+02   -.3000E+02   -.2984E+02   -.2969E+02   -.2954E+02   -.2940E+02   -.2927E+02   -.2915E+02   -.2904E+02   -.2892E+02   -.2883E+02   -.2873E+02   -.2864E+02   -.2855E+02   -.2847E+02   -.2839E+02   -.2831E+02   -.2824E+02   -.2817E+02   -.2811E+02   -.2804E+02   -.2799E+02   -.2793E+02   -.2788E+02   -.2782E+02   -.2777E+02   -.2773E+02   -.2768E+02   -.2764E+02   -.2760E+02   -.2756E+02   -.2753E+02   -.2749E+02   -.2746E+02   -.2743E+02   -.2740E+02   -.2737E+02   -.2734E+02   -.2732E+02   -.2729E+02   -.2727E+02   -.2725E+02   -.2722E+02   -.2720E+02   -.2718E+02   -.2717E+02   -.2715E+02   -.2713E+02   -.2712E+02   -.2710E+02   -.2709E+02   -.2707E+02   -.2706E+02   -.2705E+02   -.2704E+02   -.2703E+02   -.2702E+02   -.2701E+02   -.2700E+02   -.2700E+02   -.2699E+02   -.2698E+02   -.2698E+02   -.2697E+02   -.2697E+02   -.2696E+02   -.2696E+02   -.2696E+02   -.2695E+02   -.2695E+02   -.2694E+02
0.1164E+04   0.4600E+02   -.3508E+02   -.3511E+02   -.3515E+02   -.3518E+02   -.3523E+02   -.3528E+02   -.3534E+02   -.3541E+02   -.3551E+02   -.3562E+02   -.3578E+02   -.3597E+02   -.3625E+02   -.3660E+02   -.3720E+02   -.3779E+02   -.3945E+02   -.3980E+02   -.4621E+02   -.5102E+02   -.6305E+02   -.4800E+02   -.5142E+02   -.4780E+02   -.4762E+02   -.4576E+02   -.4472E+02   -.4342E+02   -.4238E+02   -.4137E+02   -.4051E+02   -.3968E+02   -.3895E+02   -.3830E+02   -.3767E+02   -.3710E+02   -.3655E+02   -.3606E+02   -.3557E+02   -.3512E+02   -.3469E+02   -.3429E+02   -.3390E+02   -.3353E+02   -.3318E+02   -.3285E+02   -.3253E+02   -.3224E+02   -.3195E+02   -.3169E+02   -.3143E+02   -.3121E+02   -.3098E+02   -.3077E+02   -.3056E+02   -.3038E+02   -.3019E+02   -.3002E+02   -.2986E+02   -.2971E+02   -.2956E+02   -.2942E+02   -.2929E+02   -.2917E+02   -.2905E+02   -.2895E+02   -.2884E+02   -.2875E+02   -.2865E+02   -.2857E+02   -.2848E+02   -.2841E+02   -.2833E+02   -.2826E+02   -.2819E+02   -.2812E+02   -.2806E+02   -.2800E+02   -.2795E+02   -.2789E+02   -.2784E+02   -.2779E+02   -.2775E+02   -.2770E+02   -.2766E+02   -.2762E+02   -.2758E+02   -.2754E+02   -.2751E+02   -.2748E+02   -.2744E+02   -.2741E+02   -.2738E+02   -.2736E+02   -.2733E+02   -.2731E+02   -.2728E+02   -.2726E+02   -.2724E+02   -.2722E+02   -.2720E+02   -.2718E+02   -.2716E+02   -.2715E+02   -.2713E+02   -.2712E+02   -.2710E+02   -.2709E+02   -.2708E+02   -.2707E+02   -.2706E+02   -.2705E+02   -.2704E+02   -.2703E+02   -.2702E+02   -.2701E+02   -.2700E+02   -.2700E+02   -.2699E+02   -.2699E+02   -.2698E+02   -.2698E+02   -.2697E+02   -.2697E+02   -.2696E+02   -.2696E+02   -.2696E+02   -.2695E+02
0.1165E+04   0.4633E+02   -.3510E+02   -.3513E+02   -.3517E+02   -.3521E+02   -.3526E+02   -.3533E+02   -.3540E+02   -.3550E+02   -.3561E+02   -.3577E+02   -.3596E+02   -.3624E+02   -.3659E+02   -.3719E+02   -.3778E+02   -.3944E+02   -.3979E+02   -.4619E+02   -.5113E+02   -.6336E+02   -.4844E+02   -.5195E+02   -.4838E+02   -.4823E+02   -.4637E+02   -.4534E+02   -.4406E+02   -.4311E+02   -.4216E+02   -.4133E+02   -.4054E+02   -.3983E+02   -.3918E+02   -.3857E+02   -.3802E+02   -.3748E+02   -.3699E+02   -.3650E+02   -.3605E+02   -.3563E+02   -.3523E+02   -.3484E+02   -.3448E+02   -.3413E+02   -.3380E+02   -.3349E+02   -.3319E+02   -.3291E+02   -.3265E+02   -.3240E+02   -.3216E+02   -.3193E+02   -.3172E+02   -.3152E+02   -.3133E+02   -.3114E+02   -.3097E+02   -.3081E+02   -.3065E+02   -.3051E+02   -.3037E+02   -.3024E+02   -.3012E+02   -.3000E+02   -.2990E+02   -.2979E+02   -.2970E+02   -.2960E+02   -.2952E+02   -.2943E+02   -.2936E+02   -.2928E+02   -.2921E+02   -.2914E+02   -.2908E+02   -.2901E+02   -.2895E+02   -.2890E+02   -.2884E+02   -.2879E+02   -.2874E+02   -.2870E+02   -.2865E+02   -.2861E+02   -.2857E+02   -.2853E+02   -.2849E+02   -.2846E+02   -.2842E+02   -.2839E+02   -.2836E+02   -.2833E+02   -.2831E+02   -.2828E+02   -.2826E+02   -.2823E+02   -.2821E+02   -.2819E+02   -.2817E+02   -.2815E+02   -.2813E+02   -.2811E+02   -.2810E+02   -.2808E+02   -.2807E+02   -.2805E+02   -.2804E+02   -.2803E+02   -.2802E+02   -.2801E+02   -.2800E+02   -.2799E+02   -.2798E+02   -.2797E+02   -.2796E+02   -.2796E+02   -.2795E+02   -.2794E+02   -.2794E+02   -.2793E+02   -.2793E+02   -.2792E+02   -.2792E+02   -.2792E+02   -.2791E+02   -.2791E+02   -.2790E+02   -.2790E+02
0.1166E+04   0.4667E+02   -.3511E+02   -.3515E+02   -.3519E+02   -.3525E+02   -.3531E+02   -.3539E+02   -.3548E+02   -.3560E+02   -.3575E+02   -.3595E+02   -.3623E+02   -.3658E+02   -.3718E+02   -.3777E+02   -.3943E+02   -.3978E+02   -.4618E+02   -.5100E+02   -.6300E+02   -.4818E+02   -.5174E+02   -.4824E+02   -.4812E+02   -.4629E+02   -.4531E+02   -.4405E+02   -.4309E+02   -.4216E+02   -.4137E+02   -.4059E+02   -.3991E+02   -.3929E+02   -.3869E+02   -.3816E+02   -.3762E+02   -.3714E+02   -.3666E+02   -.3623E+02   -.3579E+02   -.3540E+02   -.3501E+02   -.3466E+02   -.3430E+02   -.3398E+02   -.3366E+02   -.3338E+02   -.3309E+02   -.3284E+02   -.3258E+02   -.3235E+02   -.3212E+02   -.3191E+02   -.3170E+02   -.3152E+02   -.3133E+02   -.3117E+02   -.3100E+02   -.3085E+02   -.3070E+02   -.3056E+02   -.3043E+02   -.3031E+02   -.3019E+02   -.3009E+02   -.2999E+02   -.2989E+02   -.2980E+02   -.2971E+02   -.2963E+02   -.2955E+02   -.2948E+02   -.2940E+02   -.2934E+02   -.2927E+02   -.2921E+02   -.2915E+02   -.2909E+02   -.2904E+02   -.2899E+02   -.2894E+02   -.2889E+02   -.2885E+02   -.2880E+02   -.2876E+02   -.2873E+02   -.2869E+02   -.2865E+02   -.2862E+02   -.2859E+02   -.2856E+02   -.2853E+02   -.2850E+02   -.2848E+02   -.2845E+02   -.2843E+02   -.2841E+02   -.2838E+02   -.2836E+02   -.2834E+02   -.2833E+02   -.2831E+02   -.2829E+02   -.2828E+02   -.2826E+02   -.2825E+02   -.2824E+02   -.2823E+02   -.2822E+02   -.2821E+02   -.2820E+02   -.2819E+02   -.2818E+02   -.2817E+02   -.2816E+02   -.2816E+02   -.2815E+02   -.2814E+02   -.2814E+02   -.2813E+02   -.2813E+02   -.2812E+02   -.2812E+02   -.2812E+02   -.2811E+02   -.2811E+02   -.2810E+02   -.2810E+02   -.2810E+02
0.1167E+04   0.4700E+02   -.3513E+02   -.3517E+02   -.3523E+02   -.3529E+02   -.3537E+02   -.3546E+02   -.3558E+02   -.3574E+02   -.3593E+02   -.3622E+02   -.3656E+02   -.3717E+02   -.3776E+02   -.3941E+02   -.3977E+02   -.4617E+02   -.5098E+02   -.5775E+02   -.4256E+02   -.4605E+02   -.4265E+02   -.4258E+02   -.4078E+02   -.3982E+02   -.3855E+02   -.3756E+02   -.3661E+02   -.3583E+02   -.3509E+02   -.3444E+02   -.3381E+02   -.3323E+02   -.3269E+02   -.3218E+02   -.3168E+02   -.3122E+02   -.3077E+02   -.3035E+02   -.2996E+02   -.2958E+02   -.2922E+02   -.2887E+02   -.2854E+02   -.2823E+02   -.2794E+02   -.2766E+02   -.2740E+02   -.2715E+02   -.2692E+02   -.2669E+02   -.2648E+02   -.2628E+02   -.2610E+02   -.2591E+02   -.2575E+02   -.2558E+02   -.2543E+02   -.2528E+02   -.2514E+02   -.2501E+02   -.2490E+02   -.2478E+02   -.2468E+02   -.2457E+02   -.2448E+02   -.2439E+02   -.2430E+02   -.2422E+02   -.2414E+02   -.2406E+02   -.2399E+02   -.2392E+02   -.2386E+02   -.2380E+02   -.2374E+02   -.2368E+02   -.2363E+02   -.2358E+02   -.2353E+02   -.2348E+02   -.2344E+02   -.2339E+02   -.2335E+02   -.2332E+02   -.2328E+02   -.2324E+02   -.2321E+02   -.2318E+02   -.2315E+02   -.2312E+02   -.2309E+02   -.2307E+02   -.2304E+02   -.2302E+02   -.2300E+02   -.2297E+02   -.2295E+02   -.2293E+02   -.2292E+02   -.2290E+02   -.2288E+02   -.2287E+02   -.2285E+02   -.2284E+02   -.2283E+02   -.2281E+02   -.2280E+02   -.2279E+02   -.2278E+02   -.2277E+02   -.2276E+02   -.2276E+02   -.2275E+02   -.2274E+02   -.2274E+02   -.2273E+02   -.2273E+02   -.2272E+02   -.2272E+02   -.2271E+02   -.2271E+02   -.2270E+02   -.2270E+02   -.2270E+02   -.2269E+02   -.2269E+02   -.2268E+02   -.2268E+02
0.1168E+04   0.4733E+02   -.3515E+02   -.3520E+02   -.3527E+02   -.3535E+02   -.3544E+02   -.3556E+02   -.3572E+02   -.3591E+02   -.3620E+02   -.3655E+02   -.3715E+02   -.3774E+02   -.3939E+02   -.3976E+02   -.4616E+02   -.5098E+02   -.6306E+02   -.4806E+02   -.5153E+02   -.4814E+02   -.4805E+02   -.4623E+02   -.4526E+02   -.4400E+02   -.4298E+02   -.4200E+02   -.4119E+02   -.4042E+02   -.3978E+02   -.3913E+02   -.3856E+02   -.3801E+02   -.3749E+02   -.3699E+02   -.3653E+02   -.3607E+02   -.3565E+02   -.3525E+02   -.3487E+02   -.3450E+02   -.3417E+02   -.3383E+02   -.3353E+02   -.3323E+02   -.3296E+02   -.3269E+02   -.3244E+02   -.3220E+02   -.3198E+02   -.3177E+02   -.3157E+02   -.3138E+02   -.3120E+02   -.3103E+02   -.3086E+02   -.3071E+02   -.3057E+02   -.3042E+02   -.3030E+02   -.3017E+02   -.3007E+02   -.2995E+02   -.2985E+02   -.2976E+02   -.2966E+02   -.2958E+02   -.2949E+02   -.2942E+02   -.2934E+02   -.2927E+02   -.2920E+02   -.2913E+02   -.2907E+02   -.2901E+02   -.2896E+02   -.2890E+02   -.2885E+02   -.2880E+02   -.2876E+02   -.2871E+02   -.2867E+02   -.2863E+02   -.2859E+02   -.2855E+02   -.2852E+02   -.2848E+02   -.2845E+02   -.2842E+02   -.2839E+02   -.2837E+02   -.2834E+02   -.2832E+02   -.2829E+02   -.2827E+02   -.2825E+02   -.2823E+02   -.2821E+02   -.2819E+02   -.2817E+02   -.2815E+02   -.2814E+02   -.2812E+02   -.2811E+02   -.2810E+02   -.2809E+02   -.2807E+02   -.2807E+02   -.2806E+02   -.2805E+02   -.2805E+02   -.2804E+02   -.2804E+02   -.2803E+02   -.2802E+02   -.2802E+02   -.2801E+02   -.2801E+02   -.2801E+02   -.2800E+02   -.2800E+02   -.2799E+02   -.2799E+02   -.2799E+02   -.2799E+02   -.2798E+02   -.2798E+02   -.2797E+02   -.2797E+02
0.1169E+04   0.4767E+02   -.3518E+02   -.3524E+02   -.3532E+02   -.3542E+02   -.3554E+02   -.3570E+02   -.3589E+02   -.3618E+02   -.3653E+02   -.3713E+02   -.3772E+02   -.3938E+02   -.3973E+02   -.4613E+02   -.5094E+02   -.6295E+02   -.4793E+02   -.5135E+02   -.4777E+02   -.4750E+02   -.4559E+02   -.4455E+02   -.4324E+02   -.4220E+02   -.4118E+02   -.4033E+02   -.3953E+02   -.3880E+02   -.3813E+02   -.3753E+02   -.3695E+02   -.3641E+02   -.3592E+02   -.3545E+02   -.3499E+02   -.3457E+02   -.3415E+02   -.3376E+02   -.3340E+02   -.3306E+02   -.3273E+02   -.3241E+02   -.3212E+02   -.3184E+02   -.3158E+02   -.3133E+02   -.3109E+02   -.3087E+02   -.3065E+02   -.3045E+02   -.3026E+02   -.3008E+02   -.2991E+02   -.2974E+02   -.2959E+02   -.2945E+02   -.2930E+02   -.2917E+02   -.2905E+02   -.2894E+02   -.2883E+02   -.2873E+02   -.2863E+02   -.2854E+02   -.2846E+02   -.2837E+02   -.2830E+02   -.2822E+02   -.2815E+02   -.2808E+02   -.2801E+02   -.2795E+02   -.2789E+02   -.2783E+02   -.2778E+02   -.2773E+02   -.2768E+02   -.2763E+02   -.2759E+02   -.2754E+02   -.2750E+02   -.2747E+02   -.2743E+02   -.2739E+02   -.2736E+02   -.2733E+02   -.2730E+02   -.2727E+02   -.2724E+02   -.2722E+02   -.2719E+02   -.2717E+02   -.2714E+02   -.2712E+02   -.2710E+02   -.2708E+02   -.2706E+02   -.2705E+02   -.2703E+02   -.2701E+02   -.2700E+02   -.2699E+02   -.2697E+02   -.2696E+02   -.2695E+02   -.2694E+02   -.2693E+02   -.2692E+02   -.2691E+02   -.2690E+02   -.2690E+02   -.2689E+02   -.2688E+02   -.2688E+02   -.2688E+02   -.2687E+02   -.2687E+02   -.2686E+02   -.2686E+02   -.2686E+02   -.2685E+02   -.2685E+02   -.2685E+02   -.2684E+02   -.2684E+02   -.2684E+02   -.2683E+02   -.2683E+02
0.1170E+04   0.4800E+02   -.3521E+02   -.3529E+02   -.3539E+02   -.3551E+02   -.3567E+02   -.3587E+02   -.3615E+02   -.3650E+02   -.3711E+02   -.3770E+02   -.3935E+02   -.3971E+02   -.4611E+02   -.5104E+02   -.6325E+02   -.4836E+02   -.5187E+02   -.4832E+02   -.4817E+02   -.4635E+02   -.4533E+02   -.4405E+02   -.4309E+02   -.4214E+02   -.4131E+02   -.4051E+02   -.3978E+02   -.3915E+02   -.3854E+02   -.3799E+02   -.3744E+02   -.3696E+02   -.3646E+02   -.3603E+02   -.3559E+02   -.3519E+02   -.3480E+02   -.3445E+02   -.3409E+02   -.3377E+02   -.3346E+02   -.3316E+02   -.3287E+02   -.3261E+02   -.3236E+02   -.3213E+02   -.3190E+02   -.3169E+02   -.3149E+02   -.3130E+02   -.3112E+02   -.3094E+02   -.3078E+02   -.3063E+02   -.3048E+02   -.3035E+02   -.3022E+02   -.3009E+02   -.2998E+02   -.2987E+02   -.2977E+02   -.2967E+02   -.2958E+02   -.2949E+02   -.2941E+02   -.2933E+02   -.2925E+02   -.2918E+02   -.2911E+02   -.2905E+02   -.2898E+02   -.2892E+02   -.2887E+02   -.2881E+02   -.2876E+02   -.2871E+02   -.2867E+02   -.2862E+02   -.2858E+02   -.2854E+02   -.2850E+02   -.2846E+02   -.2843E+02   -.2840E+02   -.2836E+02   -.2833E+02   -.2830E+02   -.2828E+02   -.2825E+02   -.2822E+02   -.2820E+02   -.2818E+02   -.2816E+02   -.2814E+02   -.2812E+02   -.2810E+02   -.2808E+02   -.2806E+02   -.2805E+02   -.2803E+02   -.2802E+02   -.2801E+02   -.2800E+02   -.2799E+02   -.2798E+02   -.2797E+02   -.2796E+02   -.2795E+02   -.2794E+02   -.2793E+02   -.2793E+02   -.2792E+02   -.2791E+02   -.2791E+02   -.2790E+02   -.2790E+02   -.2789E+02   -.2789E+02   -.2788E+02   -.2788E+02   -.2788E+02   -.2787E+02   -.2787E+02   -.2786E+02   -.2786E+02   -.2786E+02   -.2785E+02   -.2785E+02
0.1171E+04   0.4833E+02   -.3525E+02   -.3535E+02   -.3548E+02   -.3564E+02   -.3584E+02   -.3613E+02   -.3648E+02   -.3708E+02   -.3768E+02   -.3933E+02   -.3969E+02   -.4608E+02   -.5089E+02   -.6287E+02   -.4809E+02   -.5165E+02   -.4816E+02   -.4805E+02   -.4624E+02   -.4525E+02   -.4400E+02   -.4303E+02   -.4212E+02   -.4133E+02   -.4056E+02   -.3988E+02   -.3927E+02   -.3867E+02   -.3813E+02   -.3760E+02   -.3712E+02   -.3664E+02   -.3622E+02   -.3578E+02   -.3539E+02   -.3500E+02   -.3465E+02   -.3429E+02   -.3397E+02   -.3366E+02   -.3336E+02   -.3308E+02   -.3283E+02   -.3257E+02   -.3235E+02   -.3212E+02   -.3191E+02   -.3170E+02   -.3152E+02   -.3133E+02   -.3117E+02   -.3100E+02   -.3085E+02   -.3070E+02   -.3057E+02   -.3044E+02   -.3032E+02   -.3020E+02   -.3009E+02   -.2999E+02   -.2989E+02   -.2980E+02   -.2971E+02   -.2963E+02   -.2955E+02   -.2948E+02   -.2940E+02   -.2934E+02   -.2927E+02   -.2921E+02   -.2915E+02   -.2909E+02   -.2904E+02   -.2899E+02   -.2893E+02   -.2889E+02   -.2884E+02   -.2880E+02   -.2876E+02   -.2872E+02   -.2869E+02   -.2865E+02   -.2862E+02   -.2859E+02   -.2855E+02   -.2853E+02   -.2850E+02   -.2847E+02   -.2845E+02   -.2842E+02   -.2840E+02   -.2838E+02   -.2836E+02   -.2834E+02   -.2832E+02   -.2830E+02   -.2829E+02   -.2827E+02   -.2826E+02   -.2824E+02   -.2823E+02   -.2822E+02   -.2821E+02   -.2820E+02   -.2819E+02   -.2818E+02   -.2817E+02   -.2816E+02   -.2816E+02   -.2815E+02   -.2814E+02   -.2814E+02   -.2813E+02   -.2813E+02   -.2812E+02   -.2812E+02   -.2812E+02   -.2811E+02   -.2811E+02   -.2810E+02   -.2810E+02   -.2810E+02   -.2809E+02   -.2809E+02   -.2809E+02   -.2808E+02   -.2808E+02   -.2808E+02
0.1172E+04   0.4867E+02   -.3531E+02   -.3544E+02   -.3560E+02   -.3580E+02   -.3609E+02   -.3644E+02   -.3705E+02   -.3765E+02   -.3930E+02   -.3966E+02   -.4605E+02   -.5085E+02   -.5761E+02   -.4246E+02   -.4596E+02   -.4257E+02   -.4252E+02   -.4072E+02   -.3976E+02   -.3852E+02   -.3752E+02   -.3659E+02   -.3580E+02   -.3507E+02   -.3442E+02   -.3380E+02   -.3323E+02   -.3269E+02   -.3218E+02   -.3169E+02   -.3123E+02   -.3079E+02   -.3037E+02   -.2997E+02   -.2959E+02   -.2923E+02   -.2889E+02   -.2857E+02   -.2826E+02   -.2797E+02   -.2769E+02   -.2743E+02   -.2718E+02   -.2695E+02   -.2672E+02   -.2652E+02   -.2632E+02   -.2613E+02   -.2595E+02   -.2578E+02   -.2561E+02   -.2546E+02   -.2531E+02   -.2518E+02   -.2505E+02   -.2494E+02   -.2482E+02   -.2471E+02   -.2461E+02   -.2452E+02   -.2442E+02   -.2434E+02   -.2425E+02   -.2417E+02   -.2410E+02   -.2403E+02   -.2396E+02   -.2389E+02   -.2383E+02   -.2377E+02   -.2371E+02   -.2366E+02   -.2361E+02   -.2356E+02   -.2351E+02   -.2347E+02   -.2342E+02   -.2338E+02   -.2335E+02   -.2331E+02   -.2327E+02   -.2324E+02   -.2321E+02   -.2318E+02   -.2315E+02   -.2312E+02   -.2309E+02   -.2307E+02   -.2305E+02   -.2302E+02   -.2300E+02   -.2298E+02   -.2296E+02   -.2294E+02   -.2292E+02   -.2291E+02   -.2289E+02   -.2288E+02   -.2286E+02   -.2285E+02   -.2284E+02   -.2283E+02   -.2282E+02   -.2281E+02   -.2280E+02   -.2279E+02   -.2279E+02   -.2278E+02   -.2277E+02   -.2277E+02   -.2276E+02   -.2276E+02   -.2275E+02   -.2275E+02   -.2274E+02   -.2274E+02   -.2274E+02   -.2273E+02   -.2273E+02   -.2272E+02   -.2272E+02   -.2272E+02   -.2271E+02   -.2271E+02   -.2271E+02   -.2270E+02   -.2270E+02   -.2270E+02
0.1173E+04   0.4900E+02   -.3538E+02   -.3555E+02   -.3576E+02   -.3605E+02   -.3640E+02   -.3701E+02   -.3761E+02   -.3926E+02   -.3963E+02   -.4601E+02   -.5081E+02   -.6286E+02   -.4791E+02   -.5139E+02   -.4802E+02   -.4793E+02   -.4613E+02   -.4517E+02   -.4392E+02   -.4292E+02   -.4199E+02   -.4117E+02   -.4044E+02   -.3978E+02   -.3916E+02   -.3857E+02   -.3804E+02   -.3751E+02   -.3703E+02   -.3656E+02   -.3612E+02   -.3570E+02   -.3531E+02   -.3492E+02   -.3456E+02   -.3422E+02   -.3389E+02   -.3358E+02   -.3328E+02   -.3301E+02   -.3275E+02   -.3250E+02   -.3226E+02   -.3204E+02   -.3184E+02   -.3164E+02   -.3144E+02   -.3126E+02   -.3109E+02   -.3093E+02   -.3078E+02   -.3063E+02   -.3049E+02   -.3036E+02   -.3024E+02   -.3013E+02   -.3002E+02   -.2992E+02   -.2982E+02   -.2973E+02   -.2964E+02   -.2956E+02   -.2948E+02   -.2940E+02   -.2933E+02   -.2926E+02   -.2919E+02   -.2913E+02   -.2907E+02   -.2901E+02   -.2896E+02   -.2891E+02   -.2886E+02   -.2881E+02   -.2877E+02   -.2872E+02   -.2868E+02   -.2864E+02   -.2861E+02   -.2857E+02   -.2854E+02   -.2851E+02   -.2847E+02   -.2845E+02   -.2842E+02   -.2839E+02   -.2837E+02   -.2834E+02   -.2832E+02   -.2830E+02   -.2828E+02   -.2826E+02   -.2824E+02   -.2822E+02   -.2820E+02   -.2819E+02   -.2817E+02   -.2816E+02   -.2815E+02   -.2813E+02   -.2812E+02   -.2811E+02   -.2810E+02   -.2809E+02   -.2808E+02   -.2808E+02   -.2807E+02   -.2806E+02   -.2806E+02   -.2805E+02   -.2805E+02   -.2804E+02   -.2804E+02   -.2803E+02   -.2803E+02   -.2803E+02   -.2802E+02   -.2802E+02   -.2801E+02   -.2801E+02   -.2801E+02   -.2800E+02   -.2800E+02   -.2800E+02   -.2799E+02   -.2799E+02   -.2799E+02   -.2798E+02
0.1174E+04   0.4933E+02   -.3549E+02   -.3570E+02   -.3599E+02   -.3635E+02   -.3696E+02   -.3756E+02   -.3921E+02   -.3958E+02   -.4596E+02   -.5076E+02   -.6280E+02   -.4786E+02   -.5131E+02   -.4777E+02   -.4751E+02   -.4562E+02   -.4458E+02   -.4329E+02   -.4226E+02   -.4129E+02   -.4043E+02   -.3965E+02   -.3892E+02   -.3828E+02   -.3766E+02   -.3711E+02   -.3657E+02   -.3608E+02   -.3559E+02   -.3516E+02   -.3472E+02   -.3433E+02   -.3393E+02   -.3358E+02   -.3322E+02   -.3290E+02   -.3258E+02   -.3230E+02   -.3200E+02   -.3175E+02   -.3149E+02   -.3126E+02   -.3104E+02   -.3083E+02   -.3063E+02   -.3044E+02   -.3025E+02   -.3009E+02   -.2991E+02   -.2977E+02   -.2962E+02   -.2948E+02   -.2934E+02   -.2923E+02   -.2911E+02   -.2900E+02   -.2890E+02   -.2880E+02   -.2871E+02   -.2862E+02   -.2854E+02   -.2846E+02   -.2839E+02   -.2831E+02   -.2824E+02   -.2818E+02   -.2811E+02   -.2805E+02   -.2800E+02   -.2794E+02   -.2789E+02   -.2784E+02   -.2779E+02   -.2775E+02   -.2770E+02   -.2766E+02   -.2762E+02   -.2759E+02   -.2755E+02   -.2752E+02   -.2748E+02   -.2745E+02   -.2742E+02   -.2740E+02   -.2737E+02   -.2734E+02   -.2732E+02   -.2730E+02   -.2727E+02   -.2725E+02   -.2723E+02   -.2721E+02   -.2720E+02   -.2718E+02   -.2716E+02   -.2715E+02   -.2713E+02   -.2712E+02   -.2710E+02   -.2709E+02   -.2708E+02   -.2707E+02   -.2706E+02   -.2705E+02   -.2704E+02   -.2704E+02   -.2703E+02   -.2702E+02   -.2702E+02   -.2701E+02   -.2701E+02   -.2700E+02   -.2700E+02   -.2699E+02   -.2699E+02   -.2699E+02   -.2698E+02   -.2698E+02   -.2697E+02   -.2697E+02   -.2697E+02   -.2696E+02   -.2696E+02   -.2696E+02   -.2695E+02   -.2695E+02   -.2695E+02   -.2695E+02
0.1175E+04   0.4967E+02   -.3562E+02   -.3592E+02   -.3628E+02   -.3690E+02   -.3750E+02   -.3915E+02   -.3953E+02   -.4590E+02   -.5070E+02   -.6273E+02   -.4781E+02   -.5126E+02   -.4770E+02   -.4754E+02   -.4571E+02   -.4469E+02   -.4341E+02   -.4238E+02   -.4143E+02   -.4057E+02   -.3977E+02   -.3905E+02   -.3841E+02   -.3779E+02   -.3724E+02   -.3669E+02   -.3622E+02   -.3572E+02   -.3529E+02   -.3485E+02   -.3446E+02   -.3407E+02   -.3371E+02   -.3335E+02   -.3303E+02   -.3271E+02   -.3242E+02   -.3213E+02   -.3188E+02   -.3162E+02   -.3139E+02   -.3116E+02   -.3096E+02   -.3075E+02   -.3057E+02   -.3038E+02   -.3021E+02   -.3004E+02   -.2989E+02   -.2975E+02   -.2961E+02   -.2947E+02   -.2935E+02   -.2923E+02   -.2913E+02   -.2902E+02   -.2893E+02   -.2883E+02   -.2875E+02   -.2866E+02   -.2858E+02   -.2850E+02   -.2843E+02   -.2836E+02   -.2830E+02   -.2823E+02   -.2817E+02   -.2811E+02   -.2806E+02   -.2801E+02   -.2796E+02   -.2791E+02   -.2786E+02   -.2782E+02   -.2778E+02   -.2774E+02   -.2770E+02   -.2767E+02   -.2763E+02   -.2760E+02   -.2757E+02   -.2754E+02   -.2751E+02   -.2748E+02   -.2746E+02   -.2743E+02   -.2741E+02   -.2739E+02   -.2737E+02   -.2735E+02   -.2733E+02   -.2731E+02   -.2729E+02   -.2727E+02   -.2726E+02   -.2724E+02   -.2723E+02   -.2721E+02   -.2720E+02   -.2719E+02   -.2718E+02   -.2717E+02   -.2716E+02   -.2715E+02   -.2714E+02   -.2713E+02   -.2712E+02   -.2712E+02   -.2711E+02   -.2711E+02   -.2710E+02   -.2710E+02   -.2709E+02   -.2709E+02   -.2709E+02   -.2708E+02   -.2708E+02   -.2707E+02   -.2707E+02   -.2707E+02   -.2706E+02   -.2706E+02   -.2706E+02   -.2705E+02   -.2705E+02   -.2705E+02   -.2705E+02   -.2704E+02
0.1176E+04   0.5000E+02   -.3582E+02   -.3619E+02   -.3681E+02   -.3742E+02   -.3908E+02   -.3946E+02   -.4582E+02   -.5062E+02   -.6264E+02   -.4775E+02   -.5120E+02   -.4765E+02   -.4749E+02   -.4564E+02   -.4462E+02   -.4335E+02   -.4233E+02   -.4138E+02   -.4053E+02   -.3975E+02   -.3905E+02   -.3841E+02   -.3781E+02   -.3725E+02   -.3673E+02   -.3623E+02   -.3576E+02   -.3531E+02   -.3489E+02   -.3449E+02   -.3411E+02   -.3374E+02   -.3339E+02   -.3307E+02   -.3275E+02   -.3246E+02   -.3218E+02   -.3191E+02   -.3167E+02   -.3143E+02   -.3121E+02   -.3099E+02   -.3079E+02   -.3060E+02   -.3042E+02   -.3025E+02   -.3008E+02   -.2993E+02   -.2978E+02   -.2964E+02   -.2951E+02   -.2939E+02   -.2927E+02   -.2916E+02   -.2906E+02   -.2896E+02   -.2887E+02   -.2878E+02   -.2870E+02   -.2862E+02   -.2854E+02   -.2846E+02   -.2840E+02   -.2833E+02   -.2827E+02   -.2821E+02   -.2815E+02   -.2810E+02   -.2804E+02   -.2799E+02   -.2794E+02   -.2790E+02   -.2785E+02   -.2781E+02   -.2777E+02   -.2773E+02   -.2770E+02   -.2766E+02   -.2763E+02   -.2760E+02   -.2757E+02   -.2754E+02   -.2751E+02   -.2749E+02   -.2746E+02   -.2744E+02   -.2742E+02   -.2739E+02   -.2737E+02   -.2735E+02   -.2734E+02   -.2732E+02   -.2730E+02   -.2729E+02   -.2727E+02   -.2726E+02   -.2724E+02   -.2723E+02   -.2722E+02   -.2720E+02   -.2719E+02   -.2718E+02   -.2717E+02   -.2716E+02   -.2715E+02   -.2714E+02   -.2713E+02   -.2713E+02   -.2712E+02   -.2712E+02   -.2711E+02   -.2711E+02   -.2711E+02   -.2710E+02   -.2710E+02   -.2709E+02   -.2709E+02   -.2709E+02   -.2708E+02   -.2708E+02   -.2708E+02   -.2707E+02   -.2707E+02   -.2707E+02   -.2707E+02   -.2706E+02   -.2706E+02   -.2706E+02
0.1177E+04   0.5033E+02   -.3607E+02   -.3670E+02   -.3732E+02   -.3897E+02   -.3937E+02   -.4571E+02   -.5052E+02   -.6252E+02   -.4767E+02   -.5113E+02   -.4759E+02   -.4744E+02   -.4559E+02   -.4459E+02   -.4333E+02   -.4231E+02   -.4136E+02   -.4051E+02   -.3973E+02   -.3904E+02   -.3839E+02   -.3780E+02   -.3724E+02   -.3672E+02   -.3622E+02   -.3575E+02   -.3531E+02   -.3489E+02   -.3449E+02   -.3410E+02   -.3374E+02   -.3341E+02   -.3308E+02   -.3276E+02   -.3247E+02   -.3219E+02   -.3193E+02   -.3168E+02   -.3144E+02   -.3122E+02   -.3101E+02   -.3081E+02   -.3062E+02   -.3043E+02   -.3026E+02   -.3010E+02   -.2994E+02   -.2979E+02   -.2965E+02   -.2952E+02   -.2940E+02   -.2928E+02   -.2917E+02   -.2907E+02   -.2897E+02   -.2888E+02   -.2879E+02   -.2871E+02   -.2863E+02   -.2855E+02   -.2848E+02   -.2841E+02   -.2834E+02   -.2827E+02   -.2821E+02   -.2816E+02   -.2810E+02   -.2805E+02   -.2800E+02   -.2795E+02   -.2790E+02   -.2786E+02   -.2782E+02   -.2778E+02   -.2774E+02   -.2770E+02   -.2767E+02   -.2764E+02   -.2760E+02   -.2757E+02   -.2755E+02   -.2752E+02   -.2749E+02   -.2747E+02   -.2744E+02   -.2742E+02   -.2740E+02   -.2738E+02   -.2736E+02   -.2734E+02   -.2732E+02   -.2730E+02   -.2729E+02   -.2727E+02   -.2726E+02   -.2724E+02   -.2723E+02   -.2722E+02   -.2720E+02   -.2719E+02   -.2718E+02   -.2717E+02   -.2716E+02   -.2715E+02   -.2714E+02   -.2713E+02   -.2713E+02   -.2712E+02   -.2712E+02   -.2711E+02   -.2711E+02   -.2710E+02   -.2710E+02   -.2709E+02   -.2709E+02   -.2709E+02   -.2708E+02   -.2708E+02   -.2708E+02   -.2707E+02   -.2707E+02   -.2707E+02   -.2706E+02   -.2706E+02   -.2706E+02   -.2706E+02   -.2705E+02   -.2705E+02
0.1178E+04   0.5067E+02   -.3652E+02   -.3717E+02   -.3883E+02   -.3924E+02   -.4557E+02   -.5038E+02   -.6237E+02   -.4756E+02   -.5103E+02   -.4751E+02   -.4738E+02   -.4554E+02   -.4455E+02   -.4328E+02   -.4227E+02   -.4133E+02   -.4049E+02   -.3971E+02   -.3901E+02   -.3837E+02   -.3778E+02   -.3722E+02   -.3671E+02   -.3620E+02   -.3574E+02   -.3530E+02   -.3489E+02   -.3448E+02   -.3411E+02   -.3374E+02   -.3341E+02   -.3307E+02   -.3277E+02   -.3247E+02   -.3219E+02   -.3193E+02   -.3168E+02   -.3144E+02   -.3122E+02   -.3101E+02   -.3081E+02   -.3061E+02   -.3043E+02   -.3026E+02   -.3010E+02   -.2994E+02   -.2980E+02   -.2966E+02   -.2952E+02   -.2939E+02   -.2928E+02   -.2917E+02   -.2907E+02   -.2897E+02   -.2888E+02   -.2879E+02   -.2870E+02   -.2862E+02   -.2855E+02   -.2847E+02   -.2840E+02   -.2833E+02   -.2827E+02   -.2821E+02   -.2815E+02   -.2809E+02   -.2804E+02   -.2799E+02   -.2794E+02   -.2789E+02   -.2785E+02   -.2781E+02   -.2777E+02   -.2773E+02   -.2769E+02   -.2766E+02   -.2762E+02   -.2759E+02   -.2756E+02   -.2753E+02   -.2751E+02   -.2748E+02   -.2745E+02   -.2743E+02   -.2741E+02   -.2739E+02   -.2736E+02   -.2734E+02   -.2733E+02   -.2731E+02   -.2729E+02   -.2727E+02   -.2726E+02   -.2724E+02   -.2723E+02   -.2721E+02   -.2720E+02   -.2719E+02   -.2718E+02   -.2716E+02   -.2715E+02   -.2714E+02   -.2713E+02   -.2712E+02   -.2711E+02   -.2711E+02   -.2710E+02   -.2710E+02   -.2709E+02   -.2709E+02   -.2708E+02   -.2708E+02   -.2707E+02   -.2707E+02   -.2707E+02   -.2706E+02   -.2706E+02   -.2706E+02   -.2705E+02   -.2705E+02   -.2705E+02   -.2704E+02   -.2704E+02   -.2704E+02   -.2703E+02   -.2703E+02   -.2703E+02   -.2703E+02
0.1179E+04   0.5100E+02   -.3694E+02   -.3863E+02   -.3907E+02   -.4537E+02   -.5019E+02   -.6216E+02   -.4742E+02   -.5091E+02   -.4742E+02   -.4730E+02   -.4548E+02   -.4449E+02   -.4323E+02   -.4223E+02   -.4129E+02   -.4044E+02   -.3967E+02   -.3898E+02   -.3834E+02   -.3776E+02   -.3720E+02   -.3669E+02   -.3619E+02   -.3573E+02   -.3528E+02   -.3487E+02   -.3448E+02   -.3410E+02   -.3374E+02   -.3339E+02   -.3307E+02   -.3277E+02   -.3246E+02   -.3218E+02   -.3192E+02   -.3167E+02   -.3144E+02   -.3122E+02   -.3100E+02   -.3080E+02   -.3061E+02   -.3043E+02   -.3025E+02   -.3009E+02   -.2993E+02   -.2978E+02   -.2964E+02   -.2951E+02   -.2938E+02   -.2926E+02   -.2915E+02   -.2905E+02   -.2895E+02   -.2886E+02   -.2877E+02   -.2868E+02   -.2860E+02   -.2853E+02   -.2845E+02   -.2838E+02   -.2831E+02   -.2825E+02   -.2819E+02   -.2813E+02   -.2807E+02   -.2802E+02   -.2797E+02   -.2792E+02   -.2787E+02   -.2783E+02   -.2779E+02   -.2774E+02   -.2771E+02   -.2767E+02   -.2763E+02   -.2760E+02   -.2757E+02   -.2754E+02   -.2751E+02   -.2748E+02   -.2745E+02   -.2743E+02   -.2740E+02   -.2738E+02   -.2736E+02   -.2733E+02   -.2731E+02   -.2730E+02   -.2728E+02   -.2726E+02   -.2724E+02   -.2723E+02   -.2721E+02   -.2719E+02   -.2718E+02   -.2717E+02   -.2715E+02   -.2714E+02   -.2713E+02   -.2712E+02   -.2711E+02   -.2710E+02   -.2709E+02   -.2708E+02   -.2707E+02   -.2707E+02   -.2706E+02   -.2706E+02   -.2705E+02   -.2705E+02   -.2704E+02   -.2704E+02   -.2703E+02   -.2703E+02   -.2703E+02   -.2702E+02   -.2702E+02   -.2702E+02   -.2701E+02   -.2701E+02   -.2701E+02   -.2700E+02   -.2700E+02   -.2700E+02   -.2699E+02   -.2699E+02   -.2699E+02   -.2699E+02
0.1180E+04   0.5133E+02   -.3821E+02   -.3884E+02   -.4508E+02   -.4993E+02   -.6188E+02   -.4722E+02   -.5074E+02   -.4729E+02   -.4719E+02   -.4539E+02   -.4443E+02   -.4318E+02   -.4219E+02   -.4125E+02   -.4040E+02   -.3963E+02   -.3894E+02   -.3830E+02   -.3772E+02   -.3717E+02   -.3665E+02   -.3615E+02   -.3570E+02   -.3526E+02   -.3485E+02   -.3445E+02   -.3407E+02   -.3371E+02   -.3337E+02   -.3304E+02   -.3274E+02   -.3243E+02   -.3216E+02   -.3190E+02   -.3165E+02   -.3141E+02   -.3119E+02   -.3097E+02   -.3077E+02   -.3058E+02   -.3039E+02   -.3022E+02   -.3005E+02   -.2989E+02   -.2975E+02   -.2961E+02   -.2947E+02   -.2934E+02   -.2923E+02   -.2912E+02   -.2901E+02   -.2891E+02   -.2882E+02   -.2872E+02   -.2864E+02   -.2856E+02   -.2848E+02   -.2841E+02   -.2834E+02   -.2827E+02   -.2820E+02   -.2814E+02   -.2808E+02   -.2802E+02   -.2797E+02   -.2792E+02   -.2787E+02   -.2782E+02   -.2778E+02   -.2773E+02   -.2769E+02   -.2765E+02   -.2762E+02   -.2758E+02   -.2755E+02   -.2751E+02   -.2748E+02   -.2745E+02   -.2742E+02   -.2740E+02   -.2737E+02   -.2735E+02   -.2732E+02   -.2730E+02   -.2728E+02   -.2726E+02   -.2724E+02   -.2722E+02   -.2720E+02   -.2719E+02   -.2717E+02   -.2715E+02   -.2714E+02   -.2712E+02   -.2711E+02   -.2710E+02   -.2708E+02   -.2707E+02   -.2706E+02   -.2705E+02   -.2704E+02   -.2703E+02   -.2702E+02   -.2702E+02   -.2701E+02   -.2700E+02   -.2700E+02   -.2699E+02   -.2699E+02   -.2698E+02   -.2698E+02   -.2697E+02   -.2697E+02   -.2697E+02   -.2696E+02   -.2696E+02   -.2696E+02   -.2695E+02   -.2695E+02   -.2695E+02   -.2694E+02   -.2694E+02   -.2694E+02   -.2693E+02   -.2693E+02   -.2693E+02   -.2693E+02   -.2692E+02
0.1181E+04   0.5167E+02   -.3846E+02   -.4468E+02   -.4954E+02   -.6145E+02   -.4693E+02   -.5049E+02   -.4709E+02   -.4704E+02   -.4527E+02   -.4433E+02   -.4309E+02   -.4210E+02   -.4116E+02   -.4032E+02   -.3954E+02   -.3884E+02   -.3820E+02   -.3762E+02   -.3707E+02   -.3657E+02   -.3607E+02   -.3562E+02   -.3517E+02   -.3476E+02   -.3435E+02   -.3398E+02   -.3362E+02   -.3328E+02   -.3295E+02   -.3264E+02   -.3234E+02   -.3207E+02   -.3180E+02   -.3155E+02   -.3131E+02   -.3109E+02   -.3087E+02   -.3067E+02   -.3048E+02   -.3029E+02   -.3012E+02   -.2995E+02   -.2979E+02   -.2964E+02   -.2950E+02   -.2937E+02   -.2924E+02   -.2912E+02   -.2901E+02   -.2890E+02   -.2880E+02   -.2870E+02   -.2861E+02   -.2853E+02   -.2844E+02   -.2837E+02   -.2829E+02   -.2822E+02   -.2815E+02   -.2809E+02   -.2802E+02   -.2796E+02   -.2791E+02   -.2785E+02   -.2780E+02   -.2775E+02   -.2770E+02   -.2766E+02   -.2761E+02   -.2757E+02   -.2753E+02   -.2749E+02   -.2746E+02   -.2742E+02   -.2739E+02   -.2736E+02   -.2733E+02   -.2730E+02   -.2727E+02   -.2725E+02   -.2722E+02   -.2720E+02   -.2717E+02   -.2715E+02   -.2713E+02   -.2711E+02   -.2709E+02   -.2707E+02   -.2706E+02   -.2704E+02   -.2702E+02   -.2701E+02   -.2700E+02   -.2698E+02   -.2697E+02   -.2696E+02   -.2695E+02   -.2693E+02   -.2692E+02   -.2691E+02   -.2690E+02   -.2690E+02   -.2689E+02   -.2688E+02   -.2687E+02   -.2687E+02   -.2686E+02   -.2686E+02   -.2685E+02   -.2685E+02   -.2684E+02   -.2684E+02   -.2683E+02   -.2683E+02   -.2683E+02   -.2682E+02   -.2682E+02   -.2682E+02   -.2681E+02   -.2681E+02   -.2680E+02   -.2680E+02   -.2680E+02   -.2679E+02   -.2679E+02   -.2679E+02   -.2679E+02   -.2678E+02
0.1182E+04   0.5200E+02   -.4422E+02   -.4898E+02   -.6081E+02   -.4650E+02   -.5014E+02   -.4683E+02   -.4683E+02   -.4511E+02   -.4420E+02   -.4299E+02   -.4204E+02   -.4110E+02   -.4030E+02   -.3953E+02   -.3886E+02   -.3823E+02   -.3767E+02   -.3712E+02   -.3662E+02   -.3613E+02   -.3568E+02   -.3524E+02   -.3483E+02   -.3443E+02   -.3406E+02   -.3369E+02   -.3335E+02   -.3302E+02   -.3272E+02   -.3242E+02   -.3214E+02   -.3187E+02   -.3162E+02   -.3138E+02   -.3116E+02   -.3094E+02   -.3073E+02   -.3054E+02   -.3035E+02   -.3017E+02   -.3000E+02   -.2984E+02   -.2969E+02   -.2955E+02   -.2942E+02   -.2928E+02   -.2916E+02   -.2905E+02   -.2894E+02   -.2884E+02   -.2874E+02   -.2865E+02   -.2856E+02   -.2848E+02   -.2840E+02   -.2832E+02   -.2825E+02   -.2818E+02   -.2811E+02   -.2805E+02   -.2799E+02   -.2793E+02   -.2787E+02   -.2782E+02   -.2777E+02   -.2772E+02   -.2768E+02   -.2763E+02   -.2759E+02   -.2755E+02   -.2751E+02   -.2748E+02   -.2744E+02   -.2741E+02   -.2738E+02   -.2734E+02   -.2732E+02   -.2729E+02   -.2726E+02   -.2724E+02   -.2721E+02   -.2719E+02   -.2717E+02   -.2715E+02   -.2713E+02   -.2711E+02   -.2711E+02   -.2709E+02   -.2708E+02   -.2707E+02   -.2706E+02   -.2704E+02   -.2703E+02   -.2702E+02   -.2702E+02   -.2701E+02   -.2700E+02   -.2699E+02   -.2698E+02   -.2697E+02   -.2697E+02   -.2696E+02   -.2695E+02   -.2694E+02   -.2694E+02   -.2694E+02   -.2693E+02   -.2693E+02   -.2692E+02   -.2692E+02   -.2692E+02   -.2692E+02   -.2691E+02   -.2691E+02   -.2690E+02   -.2690E+02   -.2689E+02   -.2689E+02   -.2689E+02   -.2689E+02   -.2688E+02   -.2688E+02   -.2688E+02   -.2688E+02   -.2687E+02   -.2687E+02   -.2687E+02   -.2687E+02
0.1183E+04   0.5233E+02   -.4617E+02   -.5990E+02   -.4602E+02   -.5009E+02   -.4707E+02   -.4729E+02   -.4570E+02   -.4488E+02   -.4372E+02   -.4280E+02   -.4192E+02   -.4114E+02   -.4040E+02   -.3979E+02   -.3917E+02   -.3864E+02   -.3809E+02   -.3762E+02   -.3711E+02   -.3668E+02   -.3622E+02   -.3583E+02   -.3541E+02   -.3505E+02   -.3467E+02   -.3434E+02   -.3400E+02   -.3370E+02   -.3338E+02   -.3311E+02   -.3283E+02   -.3258E+02   -.3233E+02   -.3210E+02   -.3188E+02   -.3167E+02   -.3147E+02   -.3129E+02   -.3110E+02   -.3093E+02   -.3077E+02   -.3061E+02   -.3047E+02   -.3033E+02   -.3020E+02   -.3007E+02   -.2996E+02   -.2985E+02   -.2974E+02   -.2965E+02   -.2955E+02   -.2946E+02   -.2937E+02   -.2930E+02   -.2922E+02   -.2914E+02   -.2907E+02   -.2900E+02   -.2894E+02   -.2887E+02   -.2881E+02   -.2876E+02   -.2870E+02   -.2865E+02   -.2860E+02   -.2855E+02   -.2851E+02   -.2846E+02   -.2843E+02   -.2838E+02   -.2835E+02   -.2831E+02   -.2828E+02   -.2824E+02   -.2821E+02   -.2818E+02   -.2815E+02   -.2813E+02   -.2810E+02   -.2808E+02   -.2806E+02   -.2804E+02   -.2802E+02   -.2800E+02   -.2798E+02   -.2797E+02   -.2795E+02   -.2794E+02   -.2792E+02   -.2791E+02   -.2790E+02   -.2788E+02   -.2787E+02   -.2786E+02   -.2785E+02   -.2784E+02   -.2783E+02   -.2782E+02   -.2782E+02   -.2781E+02   -.2780E+02   -.2779E+02   -.2779E+02   -.2778E+02   -.2777E+02   -.2777E+02   -.2776E+02   -.2776E+02   -.2775E+02   -.2775E+02   -.2774E+02   -.2774E+02   -.2773E+02   -.2773E+02   -.2772E+02   -.2772E+02   -.2772E+02   -.2771E+02   -.2771E+02   -.2770E+02   -.2770E+02   -.2770E+02   -.2769E+02   -.2769E+02   -.2769E+02   -.2768E+02   -.2768E+02   -.2768E+02
0.1184E+04   0.5267E+02   -.5371E+02   -.4269E+02   -.4705E+02   -.4422E+02   -.4461E+02   -.4309E+02   -.4232E+02   -.4118E+02   -.4027E+02   -.3935E+02   -.3859E+02   -.3788E+02   -.3729E+02   -.3673E+02   -.3624E+02   -.3575E+02   -.3532E+02   -.3485E+02   -.3443E+02   -.3399E+02   -.3360E+02   -.3319E+02   -.3283E+02   -.3246E+02   -.3212E+02   -.3178E+02   -.3147E+02   -.3116E+02   -.3087E+02   -.3059E+02   -.3034E+02   -.3008E+02   -.2986E+02   -.2962E+02   -.2941E+02   -.2921E+02   -.2902E+02   -.2883E+02   -.2866E+02   -.2849E+02   -.2834E+02   -.2819E+02   -.2805E+02   -.2791E+02   -.2779E+02   -.2767E+02   -.2756E+02   -.2745E+02   -.2735E+02   -.2725E+02   -.2716E+02   -.2707E+02   -.2699E+02   -.2691E+02   -.2684E+02   -.2677E+02   -.2669E+02   -.2663E+02   -.2656E+02   -.2650E+02   -.2644E+02   -.2639E+02   -.2633E+02   -.2628E+02   -.2623E+02   -.2619E+02   -.2614E+02   -.2610E+02   -.2606E+02   -.2602E+02   -.2599E+02   -.2595E+02   -.2592E+02   -.2589E+02   -.2585E+02   -.2582E+02   -.2580E+02   -.2577E+02   -.2574E+02   -.2572E+02   -.2570E+02   -.2569E+02   -.2567E+02   -.2565E+02   -.2564E+02   -.2563E+02   -.2561E+02   -.2560E+02   -.2559E+02   -.2558E+02   -.2557E+02   -.2556E+02   -.2555E+02   -.2554E+02   -.2553E+02   -.2552E+02   -.2551E+02   -.2551E+02   -.2550E+02   -.2549E+02   -.2549E+02   -.2548E+02   -.2547E+02   -.2547E+02   -.2546E+02   -.2546E+02   -.2545E+02   -.2545E+02   -.2544E+02   -.2544E+02   -.2543E+02   -.2543E+02   -.2542E+02   -.2542E+02   -.2541E+02   -.2541E+02   -.2540E+02   -.2540E+02   -.2540E+02   -.2539E+02   -.2539E+02   -.2538E+02   -.2538E+02   -.2538E+02   -.2537E+02   -.2537E+02   -.2537E+02   -.2537E+02
0.1185E+04   0.5300E+02   -.3788E+02   -.4296E+02   -.4029E+02   -.4112E+02   -.3969E+02   -.3907E+02   -.3794E+02   -.3705E+02   -.3612E+02   -.3530E+02   -.3461E+02   -.3403E+02   -.3352E+02   -.3308E+02   -.3268E+02   -.3229E+02   -.3190E+02   -.3151E+02   -.3110E+02   -.3073E+02   -.3034E+02   -.2998E+02   -.2961E+02   -.2927E+02   -.2894E+02   -.2863E+02   -.2831E+02   -.2802E+02   -.2774E+02   -.2747E+02   -.2722E+02   -.2698E+02   -.2675E+02   -.2653E+02   -.2632E+02   -.2612E+02   -.2593E+02   -.2576E+02   -.2559E+02   -.2543E+02   -.2528E+02   -.2513E+02   -.2499E+02   -.2487E+02   -.2474E+02   -.2463E+02   -.2452E+02   -.2442E+02   -.2432E+02   -.2423E+02   -.2414E+02   -.2405E+02   -.2397E+02   -.2389E+02   -.2382E+02   -.2374E+02   -.2368E+02   -.2361E+02   -.2355E+02   -.2349E+02   -.2343E+02   -.2338E+02   -.2333E+02   -.2327E+02   -.2323E+02   -.2318E+02   -.2314E+02   -.2310E+02   -.2306E+02   -.2302E+02   -.2298E+02   -.2295E+02   -.2292E+02   -.2288E+02   -.2286E+02   -.2283E+02   -.2280E+02   -.2277E+02   -.2275E+02   -.2273E+02   -.2271E+02   -.2270E+02   -.2268E+02   -.2267E+02   -.2265E+02   -.2264E+02   -.2263E+02   -.2262E+02   -.2261E+02   -.2260E+02   -.2259E+02   -.2259E+02   -.2258E+02   -.2257E+02   -.2256E+02   -.2256E+02   -.2255E+02   -.2254E+02   -.2254E+02   -.2253E+02   -.2253E+02   -.2252E+02   -.2251E+02   -.2251E+02   -.2250E+02   -.2250E+02   -.2249E+02   -.2249E+02   -.2248E+02   -.2248E+02   -.2247E+02   -.2247E+02   -.2246E+02   -.2246E+02   -.2245E+02   -.2245E+02   -.2245E+02   -.2244E+02   -.2244E+02   -.2243E+02   -.2243E+02   -.2243E+02   -.2242E+02   -.2242E+02   -.2242E+02   -.2241E+02   -.2241E+02   -.2241E+02
0.1055E+04   0.5333E+02   -.4426E+02   -.4224E+02   -.4423E+02   -.4252E+02   -.4211E+02   -.4087E+02   -.3995E+02   -.3892E+02   -.3802E+02   -.3717E+02   -.3650E+02   -.3590E+02   -.3542E+02   -.3498E+02   -.3453E+02   -.3413E+02   -.3374E+02   -.3335E+02   -.3296E+02   -.3258E+02   -.3220E+02   -.3184E+02   -.3148E+02   -.3114E+02   -.3080E+02   -.3048E+02   -.3018E+02   -.2988E+02   -.2960E+02   -.2933E+02   -.2908E+02   -.2883E+02   -.2860E+02   -.2839E+02   -.2818E+02   -.2798E+02   -.2780E+02   -.2762E+02   -.2746E+02   -.2729E+02   -.2715E+02   -.2699E+02   -.2686E+02   -.2673E+02   -.2661E+02   -.2649E+02   -.2638E+02   -.2628E+02   -.2618E+02   -.2609E+02   -.2600E+02   -.2591E+02   -.2583E+02   -.2575E+02   -.2568E+02   -.2561E+02   -.2554E+02   -.2547E+02   -.2541E+02   -.2535E+02   -.2529E+02   -.2524E+02   -.2519E+02   -.2513E+02   -.2509E+02   -.2504E+02   -.2500E+02   -.2496E+02   -.2492E+02   -.2488E+02   -.2484E+02   -.2481E+02   -.2478E+02   -.2474E+02   -.2471E+02   -.2469E+02   -.2466E+02   -.2463E+02   -.2461E+02   -.2459E+02   -.2457E+02   -.2456E+02   -.2454E+02   -.2453E+02   -.2452E+02   -.2451E+02   -.2450E+02   -.2449E+02   -.2448E+02   -.2447E+02   -.2446E+02   -.2445E+02   -.2445E+02   -.2444E+02   -.2443E+02   -.2442E+02   -.2442E+02   -.2441E+02   -.2441E+02   -.2440E+02   -.2439E+02   -.2439E+02   -.2438E+02   -.2438E+02   -.2437E+02   -.2437E+02   -.2436E+02   -.2436E+02   -.2435E+02   -.2434E+02   -.2434E+02   -.2433E+02   -.2433E+02   -.2433E+02   -.2432E+02   -.2432E+02   -.2431E+02   -.2431E+02   -.2431E+02   -.2430E+02   -.2430E+02   -.2429E+02   -.2429E+02   -.2429E+02   -.2428E+02   -.2428E+02   -.2428E+02   -.2427E+02
