0.0000E+00   -.5999E-05   -.1135E-04   -.1673E-04   -.2255E-04   -.2867E-04   -.3505E-04   -.4161E-04   -.4836E-04   -.5527E-04   -.6236E-04   -.6959E-04   -.7701E-04   -.8453E-04   -.9226E-04   -.1001E-03   -.1082E-03   -.1164E-03   -.1248E-03   -.1334E-03   -.1422E-03   -.1511E-03   -.1604E-03   -.1697E-03   -.1794E-03   -.1892E-03   -.1993E-03   -.2095E-03   -.2201E-03   -.2308E-03   -.2419E-03   -.2531E-03   -.2647E-03   -.2764E-03   -.2886E-03   -.3007E-03   -.3134E-03   -.3260E-03   -.3393E-03   -.3523E-03   -.3662E-03   -.3796E-03   -.3940E-03   -.4078E-03   -.4227E-03   -.4368E-03   -.4523E-03   -.4666E-03   -.4825E-03   -.4970E-03   -.5133E-03   -.5278E-03   -.5445E-03   -.5589E-03   -.5758E-03   -.5899E-03   -.6071E-03   -.6207E-03   -.6380E-03   -.6509E-03   -.6682E-03   -.6800E-03   -.6973E-03   -.7077E-03   -.7248E-03   -.7334E-03   -.7502E-03   -.7565E-03   -.7729E-03   -.7763E-03   -.7921E-03   -.7920E-03   -.8070E-03   -.8026E-03   -.8168E-03   -.8070E-03   -.8203E-03   -.8040E-03   -.8162E-03   -.7920E-03   -.8030E-03   -.7692E-03   -.7790E-03   -.7335E-03   -.7420E-03   -.6822E-03   -.6895E-03   -.6121E-03   -.6182E-03   -.5192E-03   -.5241E-03   -.3983E-03   -.4023E-03   -.2427E-03   -.2460E-03   -.4361E-04   -.4743E-04   0.2145E-03   0.2088E-03
0.2167E+00   -.5763E-05   -.1096E-04   -.1618E-04   -.2182E-04   -.2777E-04   -.3396E-04   -.4034E-04   -.4689E-04   -.5359E-04   -.6047E-04   -.6749E-04   -.7468E-04   -.8198E-04   -.8946E-04   -.9708E-04   -.1049E-03   -.1128E-03   -.1210E-03   -.1293E-03   -.1378E-03   -.1465E-03   -.1554E-03   -.1645E-03   -.1738E-03   -.1832E-03   -.1930E-03   -.2029E-03   -.2131E-03   -.2234E-03   -.2341E-03   -.2449E-03   -.2561E-03   -.2674E-03   -.2790E-03   -.2907E-03   -.3029E-03   -.3151E-03   -.3278E-03   -.3403E-03   -.3535E-03   -.3665E-03   -.3802E-03   -.3935E-03   -.4076E-03   -.4213E-03   -.4358E-03   -.4497E-03   -.4646E-03   -.4786E-03   -.4938E-03   -.5079E-03   -.5233E-03   -.5373E-03   -.5529E-03   -.5666E-03   -.5823E-03   -.5956E-03   -.6113E-03   -.6239E-03   -.6394E-03   -.6510E-03   -.6662E-03   -.6766E-03   -.6913E-03   -.7001E-03   -.7141E-03   -.7209E-03   -.7340E-03   -.7382E-03   -.7503E-03   -.7514E-03   -.7621E-03   -.7593E-03   -.7685E-03   -.7610E-03   -.7683E-03   -.7551E-03   -.7602E-03   -.7401E-03   -.7427E-03   -.7142E-03   -.7139E-03   -.6752E-03   -.6715E-03   -.6205E-03   -.6130E-03   -.5469E-03   -.5349E-03   -.4503E-03   -.4331E-03   -.3254E-03   -.3021E-03   -.1657E-03   -.1351E-03   0.3772E-04   0.7634E-04   0.2987E-03   0.3475E-03
0.4333E+00   -.5526E-05   -.1056E-04   -.1563E-04   -.2110E-04   -.2687E-04   -.3288E-04   -.3906E-04   -.4541E-04   -.5191E-04   -.5858E-04   -.6539E-04   -.7235E-04   -.7943E-04   -.8667E-04   -.9405E-04   -.1016E-03   -.1093E-03   -.1172E-03   -.1252E-03   -.1335E-03   -.1419E-03   -.1505E-03   -.1592E-03   -.1682E-03   -.1773E-03   -.1867E-03   -.1963E-03   -.2061E-03   -.2161E-03   -.2264E-03   -.2368E-03   -.2475E-03   -.2583E-03   -.2695E-03   -.2808E-03   -.2924E-03   -.3041E-03   -.3162E-03   -.3284E-03   -.3409E-03   -.3534E-03   -.3663E-03   -.3792E-03   -.3925E-03   -.4057E-03   -.4193E-03   -.4327E-03   -.4467E-03   -.4602E-03   -.4744E-03   -.4879E-03   -.5022E-03   -.5157E-03   -.5301E-03   -.5434E-03   -.5576E-03   -.5705E-03   -.5845E-03   -.5969E-03   -.6105E-03   -.6220E-03   -.6351E-03   -.6455E-03   -.6578E-03   -.6667E-03   -.6780E-03   -.6852E-03   -.6952E-03   -.7001E-03   -.7086E-03   -.7107E-03   -.7172E-03   -.7160E-03   -.7202E-03   -.7149E-03   -.7163E-03   -.7062E-03   -.7042E-03   -.6882E-03   -.6824E-03   -.6591E-03   -.6487E-03   -.6169E-03   -.6011E-03   -.5589E-03   -.5365E-03   -.4817E-03   -.4516E-03   -.3813E-03   -.3420E-03   -.2526E-03   -.2020E-03   -.8876E-04   -.2417E-04   0.1190E-03   0.2001E-03   0.3828E-03   0.4862E-03
0.6500E+00   -.5290E-05   -.1016E-04   -.1507E-04   -.2038E-04   -.2597E-04   -.3179E-04   -.3778E-04   -.4393E-04   -.5024E-04   -.5669E-04   -.6329E-04   -.7002E-04   -.7688E-04   -.8388E-04   -.9102E-04   -.9833E-04   -.1058E-03   -.1134E-03   -.1212E-03   -.1291E-03   -.1372E-03   -.1455E-03   -.1540E-03   -.1626E-03   -.1714E-03   -.1805E-03   -.1897E-03   -.1991E-03   -.2087E-03   -.2186E-03   -.2286E-03   -.2389E-03   -.2493E-03   -.2600E-03   -.2709E-03   -.2819E-03   -.2932E-03   -.3047E-03   -.3164E-03   -.3282E-03   -.3403E-03   -.3525E-03   -.3649E-03   -.3774E-03   -.3901E-03   -.4029E-03   -.4158E-03   -.4288E-03   -.4418E-03   -.4549E-03   -.4680E-03   -.4811E-03   -.4942E-03   -.5072E-03   -.5201E-03   -.5329E-03   -.5454E-03   -.5578E-03   -.5699E-03   -.5816E-03   -.5930E-03   -.6040E-03   -.6143E-03   -.6242E-03   -.6334E-03   -.6419E-03   -.6495E-03   -.6564E-03   -.6620E-03   -.6668E-03   -.6701E-03   -.6723E-03   -.6728E-03   -.6719E-03   -.6689E-03   -.6644E-03   -.6573E-03   -.6483E-03   -.6363E-03   -.6220E-03   -.6041E-03   -.5836E-03   -.5587E-03   -.5306E-03   -.4972E-03   -.4601E-03   -.4165E-03   -.3684E-03   -.3124E-03   -.2509E-03   -.1798E-03   -.1018E-03   -.1181E-04   0.8674E-04   0.2004E-03   0.3239E-03   0.4669E-03   0.6250E-03
0.8667E+00   -.5053E-05   -.9766E-05   -.1452E-04   -.1965E-04   -.2508E-04   -.3070E-04   -.3651E-04   -.4245E-04   -.4856E-04   -.5480E-04   -.6118E-04   -.6769E-04   -.7433E-04   -.8108E-04   -.8800E-04   -.9504E-04   -.1022E-03   -.1096E-03   -.1171E-03   -.1247E-03   -.1326E-03   -.1405E-03   -.1487E-03   -.1570E-03   -.1655E-03   -.1742E-03   -.1831E-03   -.1921E-03   -.2014E-03   -.2108E-03   -.2204E-03   -.2302E-03   -.2403E-03   -.2504E-03   -.2609E-03   -.2714E-03   -.2823E-03   -.2932E-03   -.3044E-03   -.3156E-03   -.3272E-03   -.3387E-03   -.3506E-03   -.3623E-03   -.3745E-03   -.3864E-03   -.3988E-03   -.4108E-03   -.4234E-03   -.4354E-03   -.4481E-03   -.4600E-03   -.4726E-03   -.4843E-03   -.4968E-03   -.5081E-03   -.5203E-03   -.5311E-03   -.5428E-03   -.5528E-03   -.5640E-03   -.5728E-03   -.5832E-03   -.5907E-03   -.6000E-03   -.6058E-03   -.6139E-03   -.6175E-03   -.6239E-03   -.6250E-03   -.6295E-03   -.6274E-03   -.6295E-03   -.6236E-03   -.6229E-03   -.6124E-03   -.6084E-03   -.5923E-03   -.5844E-03   -.5617E-03   -.5491E-03   -.5185E-03   -.5004E-03   -.4601E-03   -.4355E-03   -.3836E-03   -.3513E-03   -.2851E-03   -.2435E-03   -.1599E-03   -.1070E-03   -.1654E-05   0.6515E-04   0.1977E-03   0.2817E-03   0.4477E-03   0.5510E-03   0.7637E-03
0.1083E+01   -.4817E-05   -.9369E-05   -.1397E-04   -.1893E-04   -.2418E-04   -.2962E-04   -.3523E-04   -.4098E-04   -.4688E-04   -.5291E-04   -.5908E-04   -.6536E-04   -.7177E-04   -.7829E-04   -.8497E-04   -.9176E-04   -.9872E-04   -.1058E-03   -.1130E-03   -.1204E-03   -.1279E-03   -.1356E-03   -.1434E-03   -.1514E-03   -.1596E-03   -.1679E-03   -.1765E-03   -.1851E-03   -.1940E-03   -.2030E-03   -.2123E-03   -.2216E-03   -.2313E-03   -.2409E-03   -.2510E-03   -.2609E-03   -.2714E-03   -.2816E-03   -.2924E-03   -.3030E-03   -.3141E-03   -.3248E-03   -.3363E-03   -.3472E-03   -.3589E-03   -.3700E-03   -.3819E-03   -.3929E-03   -.4050E-03   -.4160E-03   -.4281E-03   -.4389E-03   -.4511E-03   -.4615E-03   -.4735E-03   -.4834E-03   -.4952E-03   -.5043E-03   -.5158E-03   -.5239E-03   -.5349E-03   -.5417E-03   -.5521E-03   -.5572E-03   -.5667E-03   -.5698E-03   -.5782E-03   -.5787E-03   -.5859E-03   -.5833E-03   -.5888E-03   -.5825E-03   -.5862E-03   -.5753E-03   -.5769E-03   -.5604E-03   -.5595E-03   -.5364E-03   -.5325E-03   -.5014E-03   -.4941E-03   -.4533E-03   -.4421E-03   -.3896E-03   -.3739E-03   -.3071E-03   -.2861E-03   -.2018E-03   -.1746E-03   -.6879E-04   -.3412E-04   0.9850E-04   0.1421E-03   0.3086E-03   0.3630E-03   0.5714E-03   0.6351E-03   0.9024E-03
0.1300E+01   -.4581E-05   -.8972E-05   -.1342E-04   -.1821E-04   -.2328E-04   -.2853E-04   -.3396E-04   -.3950E-04   -.4520E-04   -.5102E-04   -.5698E-04   -.6303E-04   -.6922E-04   -.7550E-04   -.8194E-04   -.8847E-04   -.9518E-04   -.1020E-03   -.1090E-03   -.1160E-03   -.1233E-03   -.1306E-03   -.1382E-03   -.1458E-03   -.1537E-03   -.1616E-03   -.1699E-03   -.1781E-03   -.1867E-03   -.1952E-03   -.2041E-03   -.2130E-03   -.2223E-03   -.2314E-03   -.2410E-03   -.2504E-03   -.2604E-03   -.2701E-03   -.2804E-03   -.2903E-03   -.3010E-03   -.3110E-03   -.3220E-03   -.3321E-03   -.3433E-03   -.3535E-03   -.3649E-03   -.3750E-03   -.3866E-03   -.3965E-03   -.4082E-03   -.4178E-03   -.4295E-03   -.4386E-03   -.4503E-03   -.4586E-03   -.4701E-03   -.4776E-03   -.4888E-03   -.4951E-03   -.5059E-03   -.5106E-03   -.5209E-03   -.5237E-03   -.5333E-03   -.5337E-03   -.5425E-03   -.5399E-03   -.5478E-03   -.5415E-03   -.5482E-03   -.5376E-03   -.5429E-03   -.5270E-03   -.5308E-03   -.5084E-03   -.5105E-03   -.4804E-03   -.4806E-03   -.4411E-03   -.4391E-03   -.3882E-03   -.3839E-03   -.3192E-03   -.3122E-03   -.2307E-03   -.2209E-03   -.1186E-03   -.1057E-03   0.2228E-04   0.3871E-04   0.1987E-03   0.2191E-03   0.4195E-03   0.4444E-03   0.6952E-03   0.7192E-03   0.1041E-02
0.1517E+01   -.4400E-05   -.8706E-05   -.1307E-04   -.1777E-04   -.2274E-04   -.2790E-04   -.3322E-04   -.3866E-04   -.4425E-04   -.4996E-04   -.5580E-04   -.6173E-04   -.6779E-04   -.7394E-04   -.8024E-04   -.8663E-04   -.9319E-04   -.9982E-04   -.1066E-03   -.1135E-03   -.1206E-03   -.1278E-03   -.1351E-03   -.1426E-03   -.1502E-03   -.1580E-03   -.1659E-03   -.1739E-03   -.1822E-03   -.1905E-03   -.1991E-03   -.2077E-03   -.2167E-03   -.2255E-03   -.2348E-03   -.2439E-03   -.2535E-03   -.2629E-03   -.2727E-03   -.2823E-03   -.2924E-03   -.3021E-03   -.3125E-03   -.3223E-03   -.3328E-03   -.3427E-03   -.3533E-03   -.3631E-03   -.3739E-03   -.3834E-03   -.3942E-03   -.4035E-03   -.4141E-03   -.4229E-03   -.4334E-03   -.4416E-03   -.4517E-03   -.4590E-03   -.4687E-03   -.4749E-03   -.4840E-03   -.4887E-03   -.4971E-03   -.4999E-03   -.5074E-03   -.5080E-03   -.5143E-03   -.5122E-03   -.5171E-03   -.5118E-03   -.5149E-03   -.5056E-03   -.5068E-03   -.4927E-03   -.4916E-03   -.4717E-03   -.4679E-03   -.4411E-03   -.4342E-03   -.3990E-03   -.3885E-03   -.3431E-03   -.3285E-03   -.2709E-03   -.2514E-03   -.1788E-03   -.1537E-03   -.6259E-04   -.3071E-04   0.8314E-04   0.1232E-03   0.2655E-03   0.3156E-03   0.4941E-03   0.5567E-03   0.7805E-03   0.8548E-03   0.1142E-02
0.1733E+01   -.4226E-05   -.8453E-05   -.1274E-04   -.1736E-04   -.2225E-04   -.2732E-04   -.3254E-04   -.3789E-04   -.4338E-04   -.4899E-04   -.5471E-04   -.6054E-04   -.6648E-04   -.7251E-04   -.7868E-04   -.8495E-04   -.9136E-04   -.9786E-04   -.1045E-03   -.1113E-03   -.1182E-03   -.1252E-03   -.1323E-03   -.1396E-03   -.1470E-03   -.1546E-03   -.1623E-03   -.1701E-03   -.1781E-03   -.1862E-03   -.1945E-03   -.2029E-03   -.2115E-03   -.2201E-03   -.2290E-03   -.2379E-03   -.2470E-03   -.2561E-03   -.2655E-03   -.2747E-03   -.2843E-03   -.2938E-03   -.3035E-03   -.3130E-03   -.3229E-03   -.3324E-03   -.3424E-03   -.3518E-03   -.3617E-03   -.3711E-03   -.3808E-03   -.3899E-03   -.3995E-03   -.4081E-03   -.4173E-03   -.4253E-03   -.4341E-03   -.4413E-03   -.4494E-03   -.4556E-03   -.4628E-03   -.4678E-03   -.4740E-03   -.4773E-03   -.4822E-03   -.4836E-03   -.4869E-03   -.4859E-03   -.4872E-03   -.4833E-03   -.4824E-03   -.4751E-03   -.4715E-03   -.4600E-03   -.4531E-03   -.4366E-03   -.4260E-03   -.4036E-03   -.3884E-03   -.3589E-03   -.3384E-03   -.3003E-03   -.2736E-03   -.2251E-03   -.1907E-03   -.1296E-03   -.8621E-04   -.9619E-05   0.4490E-04   0.1407E-03   0.2089E-03   0.3287E-03   0.4143E-03   0.5648E-03   0.6725E-03   0.8616E-03   0.9961E-03   0.1240E-02
0.1950E+01   -.4052E-05   -.8200E-05   -.1241E-04   -.1695E-04   -.2175E-04   -.2674E-04   -.3187E-04   -.3713E-04   -.4251E-04   -.4802E-04   -.5363E-04   -.5935E-04   -.6517E-04   -.7109E-04   -.7712E-04   -.8327E-04   -.8953E-04   -.9590E-04   -.1024E-03   -.1090E-03   -.1157E-03   -.1226E-03   -.1295E-03   -.1366E-03   -.1438E-03   -.1512E-03   -.1587E-03   -.1663E-03   -.1740E-03   -.1819E-03   -.1899E-03   -.1980E-03   -.2063E-03   -.2147E-03   -.2232E-03   -.2318E-03   -.2405E-03   -.2493E-03   -.2582E-03   -.2672E-03   -.2763E-03   -.2854E-03   -.2945E-03   -.3038E-03   -.3130E-03   -.3222E-03   -.3314E-03   -.3406E-03   -.3496E-03   -.3587E-03   -.3675E-03   -.3763E-03   -.3848E-03   -.3932E-03   -.4012E-03   -.4091E-03   -.4164E-03   -.4236E-03   -.4300E-03   -.4363E-03   -.4417E-03   -.4469E-03   -.4509E-03   -.4547E-03   -.4570E-03   -.4591E-03   -.4594E-03   -.4595E-03   -.4574E-03   -.4549E-03   -.4499E-03   -.4446E-03   -.4361E-03   -.4272E-03   -.4146E-03   -.4016E-03   -.3841E-03   -.3661E-03   -.3427E-03   -.3188E-03   -.2884E-03   -.2575E-03   -.2186E-03   -.1792E-03   -.1300E-03   -.8047E-04   -.1876E-04   0.4335E-04   0.1205E-03   0.1982E-03   0.2947E-03   0.3919E-03   0.5130E-03   0.6354E-03   0.7883E-03   0.9426E-03   0.1137E-02   0.1337E-02
0.2167E+01   -.3877E-05   -.7948E-05   -.1208E-04   -.1655E-04   -.2126E-04   -.2616E-04   -.3119E-04   -.3636E-04   -.4164E-04   -.4705E-04   -.5255E-04   -.5816E-04   -.6386E-04   -.6967E-04   -.7556E-04   -.8159E-04   -.8770E-04   -.9394E-04   -.1003E-03   -.1067E-03   -.1133E-03   -.1200E-03   -.1267E-03   -.1336E-03   -.1406E-03   -.1478E-03   -.1550E-03   -.1625E-03   -.1699E-03   -.1776E-03   -.1853E-03   -.1932E-03   -.2011E-03   -.2092E-03   -.2173E-03   -.2257E-03   -.2340E-03   -.2425E-03   -.2509E-03   -.2597E-03   -.2682E-03   -.2771E-03   -.2856E-03   -.2945E-03   -.3030E-03   -.3120E-03   -.3204E-03   -.3293E-03   -.3375E-03   -.3463E-03   -.3541E-03   -.3627E-03   -.3701E-03   -.3783E-03   -.3850E-03   -.3928E-03   -.3987E-03   -.4059E-03   -.4107E-03   -.4171E-03   -.4205E-03   -.4260E-03   -.4278E-03   -.4320E-03   -.4318E-03   -.4346E-03   -.4320E-03   -.4331E-03   -.4275E-03   -.4265E-03   -.4175E-03   -.4140E-03   -.4008E-03   -.3945E-03   -.3761E-03   -.3665E-03   -.3421E-03   -.3286E-03   -.2969E-03   -.2788E-03   -.2383E-03   -.2147E-03   -.1636E-03   -.1334E-03   -.6935E-04   -.3132E-04   0.4868E-04   0.9632E-04   0.1961E-03   0.2557E-03   0.3804E-03   0.4551E-03   0.6117E-03   0.7060E-03   0.9040E-03   0.1024E-02   0.1279E-02   0.1434E-02
0.2383E+01   -.3703E-05   -.7695E-05   -.1175E-04   -.1614E-04   -.2076E-04   -.2557E-04   -.3052E-04   -.3559E-04   -.4077E-04   -.4608E-04   -.5147E-04   -.5698E-04   -.6255E-04   -.6824E-04   -.7400E-04   -.7991E-04   -.8587E-04   -.9198E-04   -.9813E-04   -.1045E-03   -.1108E-03   -.1173E-03   -.1239E-03   -.1307E-03   -.1374E-03   -.1444E-03   -.1514E-03   -.1586E-03   -.1658E-03   -.1733E-03   -.1807E-03   -.1883E-03   -.1959E-03   -.2038E-03   -.2115E-03   -.2196E-03   -.2275E-03   -.2358E-03   -.2437E-03   -.2522E-03   -.2601E-03   -.2687E-03   -.2766E-03   -.2853E-03   -.2931E-03   -.3018E-03   -.3094E-03   -.3181E-03   -.3254E-03   -.3339E-03   -.3408E-03   -.3491E-03   -.3554E-03   -.3635E-03   -.3689E-03   -.3766E-03   -.3810E-03   -.3882E-03   -.3913E-03   -.3978E-03   -.3994E-03   -.4051E-03   -.4047E-03   -.4094E-03   -.4067E-03   -.4101E-03   -.4046E-03   -.4067E-03   -.3977E-03   -.3981E-03   -.3850E-03   -.3835E-03   -.3654E-03   -.3618E-03   -.3377E-03   -.3315E-03   -.3002E-03   -.2911E-03   -.2512E-03   -.2387E-03   -.1882E-03   -.1718E-03   -.1086E-03   -.8759E-04   -.8653E-05   0.1783E-04   0.1161E-03   0.1493E-03   0.2717E-03   0.3132E-03   0.4662E-03   0.5183E-03   0.7104E-03   0.7766E-03   0.1020E-02   0.1105E-02   0.1420E-02   0.1531E-02
0.2600E+01   -.3548E-05   -.7485E-05   -.1149E-04   -.1583E-04   -.2039E-04   -.2515E-04   -.3003E-04   -.3504E-04   -.4015E-04   -.4540E-04   -.5071E-04   -.5614E-04   -.6163E-04   -.6724E-04   -.7291E-04   -.7872E-04   -.8458E-04   -.9059E-04   -.9663E-04   -.1028E-03   -.1091E-03   -.1155E-03   -.1219E-03   -.1285E-03   -.1351E-03   -.1419E-03   -.1487E-03   -.1558E-03   -.1628E-03   -.1700E-03   -.1772E-03   -.1846E-03   -.1919E-03   -.1996E-03   -.2070E-03   -.2149E-03   -.2224E-03   -.2304E-03   -.2380E-03   -.2461E-03   -.2537E-03   -.2619E-03   -.2694E-03   -.2777E-03   -.2851E-03   -.2933E-03   -.3004E-03   -.3086E-03   -.3154E-03   -.3234E-03   -.3297E-03   -.3375E-03   -.3431E-03   -.3505E-03   -.3553E-03   -.3623E-03   -.3660E-03   -.3725E-03   -.3748E-03   -.3805E-03   -.3813E-03   -.3861E-03   -.3849E-03   -.3886E-03   -.3849E-03   -.3874E-03   -.3808E-03   -.3819E-03   -.3717E-03   -.3711E-03   -.3567E-03   -.3540E-03   -.3346E-03   -.3296E-03   -.3041E-03   -.2964E-03   -.2635E-03   -.2529E-03   -.2111E-03   -.1968E-03   -.1443E-03   -.1259E-03   -.6027E-04   -.3690E-04   0.4485E-04   0.7419E-04   0.1759E-03   0.2126E-03   0.3393E-03   0.3853E-03   0.5439E-03   0.6020E-03   0.8016E-03   0.8760E-03   0.1130E-02   0.1226E-02   0.1556E-02   0.1685E-02
0.2817E+01   -.3413E-05   -.7324E-05   -.1131E-04   -.1563E-04   -.2018E-04   -.2491E-04   -.2977E-04   -.3475E-04   -.3984E-04   -.4504E-04   -.5033E-04   -.5572E-04   -.6118E-04   -.6674E-04   -.7237E-04   -.7811E-04   -.8393E-04   -.8986E-04   -.9585E-04   -.1020E-03   -.1081E-03   -.1144E-03   -.1208E-03   -.1273E-03   -.1338E-03   -.1405E-03   -.1472E-03   -.1540E-03   -.1609E-03   -.1680E-03   -.1750E-03   -.1822E-03   -.1894E-03   -.1968E-03   -.2041E-03   -.2116E-03   -.2190E-03   -.2266E-03   -.2341E-03   -.2417E-03   -.2492E-03   -.2569E-03   -.2643E-03   -.2720E-03   -.2792E-03   -.2868E-03   -.2938E-03   -.3012E-03   -.3079E-03   -.3150E-03   -.3212E-03   -.3280E-03   -.3336E-03   -.3399E-03   -.3447E-03   -.3504E-03   -.3542E-03   -.3591E-03   -.3617E-03   -.3656E-03   -.3667E-03   -.3694E-03   -.3687E-03   -.3700E-03   -.3672E-03   -.3668E-03   -.3613E-03   -.3589E-03   -.3503E-03   -.3455E-03   -.3333E-03   -.3257E-03   -.3090E-03   -.2981E-03   -.2761E-03   -.2614E-03   -.2330E-03   -.2137E-03   -.1776E-03   -.1529E-03   -.1076E-03   -.7635E-04   -.1970E-04   0.1944E-04   0.9001E-04   0.1389E-03   0.2268E-03   0.2879E-03   0.3977E-03   0.4744E-03   0.6122E-03   0.7094E-03   0.8840E-03   0.1009E-02   0.1233E-02   0.1395E-02   0.1687E-02   0.1905E-02
0.3033E+01   -.3279E-05   -.7164E-05   -.1113E-04   -.1543E-04   -.1996E-04   -.2466E-04   -.2950E-04   -.3446E-04   -.3952E-04   -.4469E-04   -.4995E-04   -.5530E-04   -.6072E-04   -.6623E-04   -.7182E-04   -.7751E-04   -.8327E-04   -.8913E-04   -.9506E-04   -.1011E-03   -.1072E-03   -.1134E-03   -.1197E-03   -.1260E-03   -.1325E-03   -.1390E-03   -.1456E-03   -.1523E-03   -.1591E-03   -.1659E-03   -.1728E-03   -.1798E-03   -.1869E-03   -.1940E-03   -.2011E-03   -.2083E-03   -.2156E-03   -.2228E-03   -.2301E-03   -.2374E-03   -.2447E-03   -.2519E-03   -.2591E-03   -.2662E-03   -.2733E-03   -.2803E-03   -.2871E-03   -.2938E-03   -.3003E-03   -.3066E-03   -.3127E-03   -.3185E-03   -.3241E-03   -.3292E-03   -.3341E-03   -.3384E-03   -.3423E-03   -.3456E-03   -.3485E-03   -.3506E-03   -.3521E-03   -.3527E-03   -.3526E-03   -.3514E-03   -.3494E-03   -.3461E-03   -.3418E-03   -.3359E-03   -.3289E-03   -.3200E-03   -.3098E-03   -.2974E-03   -.2834E-03   -.2666E-03   -.2481E-03   -.2263E-03   -.2024E-03   -.1745E-03   -.1442E-03   -.1090E-03   -.7084E-04   -.2680E-04   0.2087E-04   0.7578E-04   0.1352E-03   0.2036E-03   0.2777E-03   0.3632E-03   0.4560E-03   0.5634E-03   0.6806E-03   0.8169E-03   0.9664E-03   0.1142E-02   0.1335E-02   0.1563E-02   0.1818E-02   0.2125E-02
0.3250E+01   -.3145E-05   -.7003E-05   -.1096E-04   -.1523E-04   -.1974E-04   -.2442E-04   -.2924E-04   -.3416E-04   -.3921E-04   -.4434E-04   -.4957E-04   -.5488E-04   -.6027E-04   -.6572E-04   -.7128E-04   -.7690E-04   -.8262E-04   -.8840E-04   -.9428E-04   -.1002E-03   -.1063E-03   -.1123E-03   -.1185E-03   -.1248E-03   -.1311E-03   -.1375E-03   -.1440E-03   -.1505E-03   -.1572E-03   -.1639E-03   -.1707E-03   -.1774E-03   -.1843E-03   -.1912E-03   -.1982E-03   -.2051E-03   -.2122E-03   -.2191E-03   -.2262E-03   -.2330E-03   -.2402E-03   -.2469E-03   -.2540E-03   -.2605E-03   -.2674E-03   -.2737E-03   -.2805E-03   -.2864E-03   -.2928E-03   -.2982E-03   -.3043E-03   -.3091E-03   -.3146E-03   -.3186E-03   -.3234E-03   -.3264E-03   -.3305E-03   -.3322E-03   -.3353E-03   -.3356E-03   -.3375E-03   -.3360E-03   -.3365E-03   -.3328E-03   -.3317E-03   -.3254E-03   -.3223E-03   -.3130E-03   -.3075E-03   -.2945E-03   -.2864E-03   -.2690E-03   -.2578E-03   -.2351E-03   -.2201E-03   -.1912E-03   -.1718E-03   -.1354E-03   -.1107E-03   -.6507E-04   -.3410E-04   0.2275E-04   0.6143E-04   0.1321E-03   0.1803E-03   0.2683E-03   0.3286E-03   0.4385E-03   0.5143E-03   0.6525E-03   0.7489E-03   0.9243E-03   0.1049E-02   0.1274E-02   0.1438E-02   0.1731E-02   0.1949E-02   0.2345E-02
0.3467E+01   -.3011E-05   -.6842E-05   -.1078E-04   -.1503E-04   -.1952E-04   -.2418E-04   -.2898E-04   -.3387E-04   -.3889E-04   -.4399E-04   -.4919E-04   -.5445E-04   -.5982E-04   -.6522E-04   -.7073E-04   -.7629E-04   -.8197E-04   -.8767E-04   -.9350E-04   -.9933E-04   -.1053E-03   -.1113E-03   -.1174E-03   -.1235E-03   -.1298E-03   -.1360E-03   -.1425E-03   -.1488E-03   -.1554E-03   -.1618E-03   -.1685E-03   -.1750E-03   -.1818E-03   -.1884E-03   -.1953E-03   -.2018E-03   -.2088E-03   -.2153E-03   -.2223E-03   -.2287E-03   -.2357E-03   -.2419E-03   -.2488E-03   -.2548E-03   -.2616E-03   -.2672E-03   -.2738E-03   -.2790E-03   -.2853E-03   -.2899E-03   -.2958E-03   -.2996E-03   -.3051E-03   -.3079E-03   -.3128E-03   -.3145E-03   -.3186E-03   -.3188E-03   -.3222E-03   -.3206E-03   -.3229E-03   -.3193E-03   -.3204E-03   -.3142E-03   -.3139E-03   -.3047E-03   -.3028E-03   -.2900E-03   -.2862E-03   -.2690E-03   -.2630E-03   -.2407E-03   -.2322E-03   -.2036E-03   -.1922E-03   -.1562E-03   -.1413E-03   -.9620E-04   -.7725E-04   -.2115E-04   0.2646E-05   0.7230E-04   0.1020E-03   0.1885E-03   0.2255E-03   0.3330E-03   0.3795E-03   0.5138E-03   0.5726E-03   0.7415E-03   0.8173E-03   0.1032E-02   0.1131E-02   0.1407E-02   0.1541E-02   0.1900E-02   0.2079E-02   0.2565E-02
0.3683E+01   -.2890E-05   -.6719E-05   -.1066E-04   -.1491E-04   -.1942E-04   -.2408E-04   -.2888E-04   -.3378E-04   -.3880E-04   -.4390E-04   -.4911E-04   -.5436E-04   -.5972E-04   -.6511E-04   -.7061E-04   -.7615E-04   -.8180E-04   -.8747E-04   -.9327E-04   -.9907E-04   -.1050E-03   -.1109E-03   -.1170E-03   -.1230E-03   -.1292E-03   -.1354E-03   -.1417E-03   -.1480E-03   -.1544E-03   -.1608E-03   -.1673E-03   -.1737E-03   -.1803E-03   -.1867E-03   -.1934E-03   -.1998E-03   -.2065E-03   -.2129E-03   -.2196E-03   -.2258E-03   -.2324E-03   -.2385E-03   -.2450E-03   -.2507E-03   -.2571E-03   -.2625E-03   -.2686E-03   -.2734E-03   -.2792E-03   -.2835E-03   -.2888E-03   -.2922E-03   -.2970E-03   -.2995E-03   -.3036E-03   -.3049E-03   -.3081E-03   -.3080E-03   -.3102E-03   -.3083E-03   -.3095E-03   -.3054E-03   -.3052E-03   -.2987E-03   -.2968E-03   -.2873E-03   -.2836E-03   -.2705E-03   -.2646E-03   -.2472E-03   -.2389E-03   -.2164E-03   -.2051E-03   -.1765E-03   -.1617E-03   -.1258E-03   -.1070E-03   -.6205E-04   -.3839E-04   0.1741E-04   0.4695E-04   0.1162E-03   0.1530E-03   0.2389E-03   0.2849E-03   0.3919E-03   0.4496E-03   0.5837E-03   0.6572E-03   0.8266E-03   0.9216E-03   0.1138E-02   0.1264E-02   0.1545E-02   0.1715E-02   0.2084E-02   0.2316E-02   0.2823E-02
0.3900E+01   -.2776E-05   -.6620E-05   -.1058E-04   -.1486E-04   -.1938E-04   -.2407E-04   -.2890E-04   -.3382E-04   -.3886E-04   -.4399E-04   -.4920E-04   -.5448E-04   -.5984E-04   -.6525E-04   -.7074E-04   -.7630E-04   -.8193E-04   -.8762E-04   -.9338E-04   -.9919E-04   -.1051E-03   -.1110E-03   -.1170E-03   -.1230E-03   -.1291E-03   -.1353E-03   -.1415E-03   -.1477E-03   -.1540E-03   -.1603E-03   -.1667E-03   -.1730E-03   -.1795E-03   -.1858E-03   -.1923E-03   -.1986E-03   -.2050E-03   -.2113E-03   -.2176E-03   -.2238E-03   -.2300E-03   -.2360E-03   -.2420E-03   -.2477E-03   -.2535E-03   -.2588E-03   -.2642E-03   -.2691E-03   -.2740E-03   -.2783E-03   -.2827E-03   -.2862E-03   -.2898E-03   -.2924E-03   -.2952E-03   -.2967E-03   -.2985E-03   -.2986E-03   -.2991E-03   -.2977E-03   -.2967E-03   -.2933E-03   -.2906E-03   -.2850E-03   -.2801E-03   -.2719E-03   -.2646E-03   -.2531E-03   -.2430E-03   -.2278E-03   -.2143E-03   -.1946E-03   -.1771E-03   -.1520E-03   -.1298E-03   -.9826E-04   -.7030E-04   -.3103E-04   0.3842E-05   0.5263E-04   0.9597E-04   0.1565E-03   0.2104E-03   0.2857E-03   0.3530E-03   0.4472E-03   0.5318E-03   0.6504E-03   0.7581E-03   0.9092E-03   0.1048E-02   0.1244E-02   0.1427E-02   0.1685E-02   0.1932E-02   0.2278E-02   0.2619E-02   0.3104E-02
0.4117E+01   -.2663E-05   -.6521E-05   -.1050E-04   -.1480E-04   -.1935E-04   -.2406E-04   -.2891E-04   -.3386E-04   -.3892E-04   -.4407E-04   -.4930E-04   -.5460E-04   -.5996E-04   -.6539E-04   -.7088E-04   -.7645E-04   -.8207E-04   -.8776E-04   -.9349E-04   -.9930E-04   -.1051E-03   -.1111E-03   -.1170E-03   -.1230E-03   -.1291E-03   -.1352E-03   -.1413E-03   -.1475E-03   -.1536E-03   -.1599E-03   -.1661E-03   -.1724E-03   -.1786E-03   -.1849E-03   -.1911E-03   -.1974E-03   -.2035E-03   -.2097E-03   -.2157E-03   -.2218E-03   -.2276E-03   -.2335E-03   -.2390E-03   -.2446E-03   -.2498E-03   -.2551E-03   -.2599E-03   -.2647E-03   -.2688E-03   -.2731E-03   -.2765E-03   -.2801E-03   -.2827E-03   -.2854E-03   -.2869E-03   -.2886E-03   -.2888E-03   -.2893E-03   -.2880E-03   -.2870E-03   -.2839E-03   -.2812E-03   -.2760E-03   -.2713E-03   -.2635E-03   -.2564E-03   -.2456E-03   -.2358E-03   -.2214E-03   -.2083E-03   -.1897E-03   -.1728E-03   -.1491E-03   -.1275E-03   -.9777E-04   -.7076E-04   -.3365E-04   -.6110E-09   0.4607E-04   0.8785E-04   0.1450E-03   0.1969E-03   0.2679E-03   0.3326E-03   0.4212E-03   0.5024E-03   0.6140E-03   0.7171E-03   0.8589E-03   0.9918E-03   0.1175E-02   0.1349E-02   0.1591E-02   0.1825E-02   0.2150E-02   0.2472E-02   0.2922E-02   0.3386E-02
0.4333E+01   -.2550E-05   -.6421E-05   -.1042E-04   -.1475E-04   -.1931E-04   -.2406E-04   -.2892E-04   -.3390E-04   -.3897E-04   -.4415E-04   -.4939E-04   -.5472E-04   -.6008E-04   -.6553E-04   -.7102E-04   -.7660E-04   -.8220E-04   -.8790E-04   -.9361E-04   -.9942E-04   -.1052E-03   -.1111E-03   -.1170E-03   -.1230E-03   -.1290E-03   -.1350E-03   -.1411E-03   -.1472E-03   -.1532E-03   -.1595E-03   -.1655E-03   -.1717E-03   -.1778E-03   -.1840E-03   -.1900E-03   -.1962E-03   -.2020E-03   -.2081E-03   -.2138E-03   -.2198E-03   -.2252E-03   -.2310E-03   -.2360E-03   -.2416E-03   -.2462E-03   -.2514E-03   -.2555E-03   -.2603E-03   -.2637E-03   -.2679E-03   -.2704E-03   -.2740E-03   -.2755E-03   -.2783E-03   -.2786E-03   -.2804E-03   -.2792E-03   -.2799E-03   -.2769E-03   -.2764E-03   -.2711E-03   -.2691E-03   -.2614E-03   -.2576E-03   -.2468E-03   -.2410E-03   -.2266E-03   -.2185E-03   -.1998E-03   -.1889E-03   -.1651E-03   -.1509E-03   -.1211E-03   -.1031E-03   -.6579E-04   -.4326E-04   0.2999E-05   0.3103E-04   0.8830E-04   0.1231E-03   0.1940E-03   0.2372E-03   0.3253E-03   0.3794E-03   0.4894E-03   0.5577E-03   0.6961E-03   0.7837E-03   0.9598E-03   0.1074E-02   0.1302E-02   0.1455E-02   0.1754E-02   0.1965E-02   0.2367E-02   0.2666E-02   0.3225E-02   0.3667E-02
0.4550E+01   -.2440E-05   -.6332E-05   -.1035E-04   -.1472E-04   -.1931E-04   -.2409E-04   -.2899E-04   -.3401E-04   -.3911E-04   -.4432E-04   -.4959E-04   -.5495E-04   -.6033E-04   -.6580E-04   -.7130E-04   -.7690E-04   -.8251E-04   -.8822E-04   -.9392E-04   -.9973E-04   -.1055E-03   -.1114E-03   -.1173E-03   -.1232E-03   -.1291E-03   -.1352E-03   -.1411E-03   -.1472E-03   -.1532E-03   -.1593E-03   -.1653E-03   -.1714E-03   -.1773E-03   -.1834E-03   -.1892E-03   -.1953E-03   -.2009E-03   -.2069E-03   -.2123E-03   -.2181E-03   -.2233E-03   -.2289E-03   -.2336E-03   -.2389E-03   -.2432E-03   -.2481E-03   -.2517E-03   -.2563E-03   -.2591E-03   -.2631E-03   -.2650E-03   -.2683E-03   -.2691E-03   -.2716E-03   -.2710E-03   -.2726E-03   -.2703E-03   -.2708E-03   -.2666E-03   -.2658E-03   -.2593E-03   -.2570E-03   -.2478E-03   -.2437E-03   -.2312E-03   -.2252E-03   -.2088E-03   -.2005E-03   -.1795E-03   -.1684E-03   -.1419E-03   -.1277E-03   -.9454E-04   -.7667E-04   -.3543E-04   -.1314E-04   0.3792E-04   0.6557E-04   0.1287E-03   0.1630E-03   0.2412E-03   0.2838E-03   0.3810E-03   0.4345E-03   0.5560E-03   0.6241E-03   0.7774E-03   0.8655E-03   0.1061E-02   0.1178E-02   0.1431E-02   0.1590E-02   0.1925E-02   0.2147E-02   0.2601E-02   0.2922E-02   0.3558E-02   0.4044E-02
0.4767E+01   -.2337E-05   -.6267E-05   -.1034E-04   -.1475E-04   -.1941E-04   -.2424E-04   -.2920E-04   -.3428E-04   -.3944E-04   -.4470E-04   -.5003E-04   -.5543E-04   -.6087E-04   -.6638E-04   -.7194E-04   -.7757E-04   -.8322E-04   -.8895E-04   -.9469E-04   -.1005E-03   -.1063E-03   -.1122E-03   -.1181E-03   -.1240E-03   -.1300E-03   -.1360E-03   -.1419E-03   -.1479E-03   -.1539E-03   -.1599E-03   -.1658E-03   -.1719E-03   -.1777E-03   -.1837E-03   -.1894E-03   -.1953E-03   -.2009E-03   -.2066E-03   -.2120E-03   -.2174E-03   -.2225E-03   -.2277E-03   -.2324E-03   -.2372E-03   -.2414E-03   -.2458E-03   -.2494E-03   -.2532E-03   -.2561E-03   -.2592E-03   -.2612E-03   -.2634E-03   -.2643E-03   -.2656E-03   -.2652E-03   -.2653E-03   -.2634E-03   -.2621E-03   -.2585E-03   -.2555E-03   -.2497E-03   -.2448E-03   -.2366E-03   -.2294E-03   -.2182E-03   -.2085E-03   -.1938E-03   -.1810E-03   -.1622E-03   -.1457E-03   -.1220E-03   -.1012E-03   -.7160E-04   -.4568E-04   -.8919E-05   0.2323E-04   0.6871E-04   0.1085E-03   0.1648E-03   0.2141E-03   0.2839E-03   0.3453E-03   0.4324E-03   0.5095E-03   0.6190E-03   0.7171E-03   0.8564E-03   0.9832E-03   0.1163E-02   0.1330E-02   0.1568E-02   0.1793E-02   0.2114E-02   0.2429E-02   0.2874E-02   0.3324E-02   0.3964E-02   0.4648E-02
0.4983E+01   -.2235E-05   -.6202E-05   -.1032E-04   -.1479E-04   -.1950E-04   -.2439E-04   -.2942E-04   -.3454E-04   -.3977E-04   -.4508E-04   -.5047E-04   -.5591E-04   -.6142E-04   -.6696E-04   -.7258E-04   -.7823E-04   -.8394E-04   -.8968E-04   -.9547E-04   -.1013E-03   -.1071E-03   -.1130E-03   -.1189E-03   -.1248E-03   -.1308E-03   -.1367E-03   -.1427E-03   -.1486E-03   -.1546E-03   -.1605E-03   -.1664E-03   -.1723E-03   -.1782E-03   -.1839E-03   -.1897E-03   -.1952E-03   -.2008E-03   -.2062E-03   -.2116E-03   -.2167E-03   -.2218E-03   -.2265E-03   -.2312E-03   -.2355E-03   -.2397E-03   -.2434E-03   -.2471E-03   -.2501E-03   -.2531E-03   -.2552E-03   -.2573E-03   -.2585E-03   -.2596E-03   -.2595E-03   -.2595E-03   -.2580E-03   -.2566E-03   -.2534E-03   -.2503E-03   -.2451E-03   -.2401E-03   -.2326E-03   -.2254E-03   -.2151E-03   -.2053E-03   -.1918E-03   -.1788E-03   -.1615E-03   -.1449E-03   -.1230E-03   -.1021E-03   -.7470E-04   -.4866E-04   -.1469E-04   0.1759E-04   0.5959E-04   0.9951E-04   0.1514E-03   0.2008E-03   0.2652E-03   0.3266E-03   0.4068E-03   0.4837E-03   0.5845E-03   0.6820E-03   0.8101E-03   0.9355E-03   0.1101E-02   0.1265E-02   0.1483E-02   0.1704E-02   0.1997E-02   0.2303E-02   0.2710E-02   0.3146E-02   0.3727E-02   0.4370E-02   0.5253E-02
0.5200E+01   -.2132E-05   -.6136E-05   -.1031E-04   -.1482E-04   -.1960E-04   -.2454E-04   -.2963E-04   -.3480E-04   -.4010E-04   -.4546E-04   -.5091E-04   -.5640E-04   -.6196E-04   -.6754E-04   -.7321E-04   -.7889E-04   -.8466E-04   -.9041E-04   -.9625E-04   -.1021E-03   -.1080E-03   -.1138E-03   -.1198E-03   -.1256E-03   -.1316E-03   -.1375E-03   -.1435E-03   -.1493E-03   -.1553E-03   -.1611E-03   -.1670E-03   -.1727E-03   -.1786E-03   -.1841E-03   -.1899E-03   -.1952E-03   -.2008E-03   -.2059E-03   -.2112E-03   -.2160E-03   -.2210E-03   -.2253E-03   -.2300E-03   -.2338E-03   -.2380E-03   -.2411E-03   -.2448E-03   -.2470E-03   -.2500E-03   -.2513E-03   -.2535E-03   -.2536E-03   -.2549E-03   -.2535E-03   -.2537E-03   -.2507E-03   -.2497E-03   -.2447E-03   -.2421E-03   -.2348E-03   -.2305E-03   -.2204E-03   -.2142E-03   -.2008E-03   -.1923E-03   -.1750E-03   -.1638E-03   -.1420E-03   -.1276E-03   -.1002E-03   -.8216E-04   -.4819E-04   -.2571E-04   0.1630E-04   0.4410E-04   0.9596E-04   0.1303E-03   0.1944E-03   0.2369E-03   0.3163E-03   0.3693E-03   0.4682E-03   0.5351E-03   0.6594E-03   0.7450E-03   0.9030E-03   0.1015E-02   0.1219E-02   0.1368E-02   0.1636E-02   0.1840E-02   0.2201E-02   0.2491E-02   0.2991E-02   0.3419E-02   0.4129E-02   0.4776E-02   0.5857E-02
0.5417E+01   -.2030E-05   -.6081E-05   -.1031E-04   -.1489E-04   -.1973E-04   -.2474E-04   -.2990E-04   -.3514E-04   -.4051E-04   -.4593E-04   -.5145E-04   -.5701E-04   -.6263E-04   -.6827E-04   -.7400E-04   -.7973E-04   -.8554E-04   -.9134E-04   -.9722E-04   -.1031E-03   -.1090E-03   -.1149E-03   -.1208E-03   -.1267E-03   -.1327E-03   -.1385E-03   -.1445E-03   -.1503E-03   -.1563E-03   -.1620E-03   -.1679E-03   -.1735E-03   -.1793E-03   -.1848E-03   -.1904E-03   -.1956E-03   -.2011E-03   -.2060E-03   -.2112E-03   -.2158E-03   -.2206E-03   -.2247E-03   -.2292E-03   -.2326E-03   -.2366E-03   -.2393E-03   -.2427E-03   -.2446E-03   -.2472E-03   -.2480E-03   -.2499E-03   -.2494E-03   -.2502E-03   -.2483E-03   -.2480E-03   -.2443E-03   -.2426E-03   -.2369E-03   -.2337E-03   -.2255E-03   -.2204E-03   -.2093E-03   -.2022E-03   -.1877E-03   -.1782E-03   -.1596E-03   -.1472E-03   -.1239E-03   -.1082E-03   -.7912E-04   -.5946E-04   -.2345E-04   0.9061E-06   0.4536E-04   0.7543E-04   0.1303E-03   0.1674E-03   0.2352E-03   0.2812E-03   0.3653E-03   0.4229E-03   0.5279E-03   0.6008E-03   0.7333E-03   0.8271E-03   0.9963E-03   0.1120E-02   0.1339E-02   0.1506E-02   0.1797E-02   0.2028E-02   0.2423E-02   0.2755E-02   0.3310E-02   0.3806E-02   0.4608E-02   0.5372E-02   0.6614E-02
0.5633E+01   -.1927E-05   -.6039E-05   -.1033E-04   -.1499E-04   -.1991E-04   -.2500E-04   -.3024E-04   -.3558E-04   -.4101E-04   -.4653E-04   -.5213E-04   -.5777E-04   -.6346E-04   -.6919E-04   -.7497E-04   -.8078E-04   -.8664E-04   -.9252E-04   -.9843E-04   -.1043E-03   -.1103E-03   -.1162E-03   -.1222E-03   -.1281E-03   -.1341E-03   -.1400E-03   -.1459E-03   -.1518E-03   -.1576E-03   -.1634E-03   -.1692E-03   -.1748E-03   -.1805E-03   -.1860E-03   -.1914E-03   -.1966E-03   -.2018E-03   -.2068E-03   -.2116E-03   -.2162E-03   -.2206E-03   -.2247E-03   -.2287E-03   -.2322E-03   -.2355E-03   -.2384E-03   -.2410E-03   -.2430E-03   -.2447E-03   -.2457E-03   -.2464E-03   -.2462E-03   -.2457E-03   -.2441E-03   -.2422E-03   -.2390E-03   -.2354E-03   -.2303E-03   -.2248E-03   -.2174E-03   -.2097E-03   -.1997E-03   -.1892E-03   -.1762E-03   -.1626E-03   -.1459E-03   -.1287E-03   -.1077E-03   -.8618E-04   -.6003E-04   -.3328E-04   -.9303E-06   0.3212E-04   0.7201E-04   0.1128E-03   0.1620E-03   0.2124E-03   0.2733E-03   0.3358E-03   0.4117E-03   0.4899E-03   0.5853E-03   0.6844E-03   0.8057E-03   0.9332E-03   0.1090E-02   0.1257E-02   0.1464E-02   0.1689E-02   0.1969E-02   0.2279E-02   0.2669E-02   0.3112E-02   0.3677E-02   0.4337E-02   0.5183E-02   0.6206E-02   0.7562E-02
0.5850E+01   -.1824E-05   -.5996E-05   -.1036E-04   -.1509E-04   -.2008E-04   -.2527E-04   -.3058E-04   -.3601E-04   -.4152E-04   -.4713E-04   -.5280E-04   -.5853E-04   -.6429E-04   -.7010E-04   -.7594E-04   -.8184E-04   -.8774E-04   -.9370E-04   -.9963E-04   -.1056E-03   -.1116E-03   -.1176E-03   -.1235E-03   -.1295E-03   -.1355E-03   -.1414E-03   -.1473E-03   -.1532E-03   -.1590E-03   -.1648E-03   -.1705E-03   -.1762E-03   -.1816E-03   -.1871E-03   -.1923E-03   -.1976E-03   -.2025E-03   -.2075E-03   -.2120E-03   -.2166E-03   -.2206E-03   -.2248E-03   -.2282E-03   -.2318E-03   -.2345E-03   -.2374E-03   -.2392E-03   -.2413E-03   -.2422E-03   -.2433E-03   -.2429E-03   -.2430E-03   -.2412E-03   -.2399E-03   -.2364E-03   -.2337E-03   -.2282E-03   -.2237E-03   -.2159E-03   -.2094E-03   -.1989E-03   -.1900E-03   -.1763E-03   -.1646E-03   -.1471E-03   -.1322E-03   -.1102E-03   -.9154E-04   -.6416E-04   -.4094E-04   -.7088E-05   0.2159E-04   0.6333E-04   0.9867E-04   0.1501E-03   0.1937E-03   0.2573E-03   0.3114E-03   0.3904E-03   0.4581E-03   0.5570E-03   0.6426E-03   0.7680E-03   0.8781E-03   0.1039E-02   0.1184E-02   0.1395E-02   0.1589E-02   0.1871E-02   0.2141E-02   0.2530E-02   0.2915E-02   0.3470E-02   0.4044E-02   0.4868E-02   0.5757E-02   0.7040E-02   0.8510E-02
0.6067E+01   -.1721E-05   -.5954E-05   -.1038E-04   -.1519E-04   -.2026E-04   -.2553E-04   -.3093E-04   -.3644E-04   -.4203E-04   -.4773E-04   -.5347E-04   -.5929E-04   -.6511E-04   -.7102E-04   -.7691E-04   -.8289E-04   -.8884E-04   -.9488E-04   -.1008E-03   -.1069E-03   -.1129E-03   -.1190E-03   -.1249E-03   -.1310E-03   -.1369E-03   -.1429E-03   -.1487E-03   -.1547E-03   -.1604E-03   -.1662E-03   -.1717E-03   -.1775E-03   -.1828E-03   -.1883E-03   -.1933E-03   -.1986E-03   -.2032E-03   -.2082E-03   -.2124E-03   -.2170E-03   -.2206E-03   -.2248E-03   -.2277E-03   -.2314E-03   -.2334E-03   -.2364E-03   -.2375E-03   -.2397E-03   -.2397E-03   -.2410E-03   -.2395E-03   -.2398E-03   -.2367E-03   -.2357E-03   -.2307E-03   -.2284E-03   -.2210E-03   -.2171E-03   -.2071E-03   -.2013E-03   -.1881E-03   -.1803E-03   -.1633E-03   -.1530E-03   -.1316E-03   -.1185E-03   -.9176E-04   -.7529E-04   -.4219E-04   -.2177E-04   0.1906E-04   0.4422E-04   0.9449E-04   0.1255E-03   0.1874E-03   0.2257E-03   0.3022E-03   0.3498E-03   0.4450E-03   0.5048E-03   0.6240E-03   0.7004E-03   0.8515E-03   0.9511E-03   0.1145E-02   0.1278E-02   0.1532E-02   0.1715E-02   0.2055E-02   0.2314E-02   0.2781E-02   0.3163E-02   0.3828E-02   0.4415E-02   0.5401E-02   0.6337E-02   0.7879E-02   0.9469E-02
0.6283E+01   -.1614E-05   -.5916E-05   -.1043E-04   -.1533E-04   -.2050E-04   -.2587E-04   -.3137E-04   -.3698E-04   -.4268E-04   -.4848E-04   -.5432E-04   -.6023E-04   -.6617E-04   -.7215E-04   -.7815E-04   -.8420E-04   -.9025E-04   -.9634E-04   -.1024E-03   -.1085E-03   -.1146E-03   -.1207E-03   -.1267E-03   -.1328E-03   -.1387E-03   -.1447E-03   -.1506E-03   -.1565E-03   -.1623E-03   -.1680E-03   -.1736E-03   -.1792E-03   -.1846E-03   -.1899E-03   -.1950E-03   -.2000E-03   -.2047E-03   -.2094E-03   -.2136E-03   -.2178E-03   -.2215E-03   -.2252E-03   -.2282E-03   -.2312E-03   -.2334E-03   -.2356E-03   -.2369E-03   -.2381E-03   -.2383E-03   -.2385E-03   -.2373E-03   -.2362E-03   -.2335E-03   -.2309E-03   -.2264E-03   -.2221E-03   -.2155E-03   -.2091E-03   -.2000E-03   -.1914E-03   -.1794E-03   -.1680E-03   -.1526E-03   -.1381E-03   -.1186E-03   -.1003E-03   -.7609E-04   -.5334E-04   -.2334E-04   0.4758E-05   0.4172E-04   0.7632E-04   0.1218E-03   0.1645E-03   0.2206E-03   0.2733E-03   0.3429E-03   0.4086E-03   0.4955E-03   0.5782E-03   0.6879E-03   0.7935E-03   0.9339E-03   0.1071E-02   0.1254E-02   0.1437E-02   0.1681E-02   0.1931E-02   0.2265E-02   0.2617E-02   0.3090E-02   0.3606E-02   0.4301E-02   0.5092E-02   0.6165E-02   0.7430E-02   0.9177E-02   0.1136E-01
0.6500E+01   -.1507E-05   -.5879E-05   -.1048E-04   -.1547E-04   -.2074E-04   -.2620E-04   -.3181E-04   -.3752E-04   -.4333E-04   -.4922E-04   -.5518E-04   -.6117E-04   -.6722E-04   -.7328E-04   -.7938E-04   -.8550E-04   -.9166E-04   -.9780E-04   -.1040E-03   -.1101E-03   -.1163E-03   -.1224E-03   -.1285E-03   -.1346E-03   -.1406E-03   -.1466E-03   -.1525E-03   -.1584E-03   -.1642E-03   -.1699E-03   -.1755E-03   -.1809E-03   -.1864E-03   -.1915E-03   -.1966E-03   -.2014E-03   -.2062E-03   -.2105E-03   -.2148E-03   -.2186E-03   -.2224E-03   -.2255E-03   -.2286E-03   -.2310E-03   -.2333E-03   -.2347E-03   -.2362E-03   -.2365E-03   -.2369E-03   -.2359E-03   -.2351E-03   -.2326E-03   -.2303E-03   -.2261E-03   -.2221E-03   -.2158E-03   -.2099E-03   -.2012E-03   -.1930E-03   -.1815E-03   -.1706E-03   -.1558E-03   -.1419E-03   -.1231E-03   -.1056E-03   -.8218E-04   -.6041E-04   -.3138E-04   -.4492E-05   0.3128E-04   0.6439E-04   0.1084E-03   0.1492E-03   0.2035E-03   0.2538E-03   0.3210E-03   0.3836E-03   0.4674E-03   0.5460E-03   0.6516E-03   0.7517E-03   0.8865E-03   0.1016E-02   0.1191E-02   0.1363E-02   0.1596E-02   0.1830E-02   0.2146E-02   0.2475E-02   0.2920E-02   0.3398E-02   0.4048E-02   0.4775E-02   0.5769E-02   0.6930E-02   0.8523E-02   0.1047E-01   0.1326E-01
0.6717E+01   -.1400E-05   -.5842E-05   -.1053E-04   -.1561E-04   -.2098E-04   -.2654E-04   -.3226E-04   -.3806E-04   -.4398E-04   -.4996E-04   -.5603E-04   -.6211E-04   -.6827E-04   -.7440E-04   -.8062E-04   -.8680E-04   -.9306E-04   -.9926E-04   -.1055E-03   -.1117E-03   -.1180E-03   -.1241E-03   -.1303E-03   -.1363E-03   -.1425E-03   -.1484E-03   -.1545E-03   -.1602E-03   -.1661E-03   -.1717E-03   -.1774E-03   -.1827E-03   -.1882E-03   -.1931E-03   -.1983E-03   -.2028E-03   -.2076E-03   -.2116E-03   -.2160E-03   -.2194E-03   -.2232E-03   -.2258E-03   -.2291E-03   -.2308E-03   -.2333E-03   -.2339E-03   -.2355E-03   -.2349E-03   -.2355E-03   -.2334E-03   -.2329E-03   -.2290E-03   -.2271E-03   -.2212E-03   -.2178E-03   -.2095E-03   -.2043E-03   -.1932E-03   -.1859E-03   -.1715E-03   -.1619E-03   -.1435E-03   -.1312E-03   -.1082E-03   -.9263E-04   -.6403E-04   -.4474E-04   -.9434E-05   0.1436E-04   0.5781E-04   0.8706E-04   0.1405E-03   0.1765E-03   0.2424E-03   0.2870E-03   0.3687E-03   0.4243E-03   0.5262E-03   0.5966E-03   0.7250E-03   0.8156E-03   0.9795E-03   0.1099E-02   0.1312E-02   0.1473E-02   0.1755E-02   0.1979E-02   0.2362E-02   0.2685E-02   0.3222E-02   0.3706E-02   0.4490E-02   0.5248E-02   0.6445E-02   0.7694E-02   0.9616E-02   0.1177E-01   0.1515E-01
0.6933E+01   -.1283E-05   -.5809E-05   -.1059E-04   -.1577E-04   -.2125E-04   -.2693E-04   -.3275E-04   -.3868E-04   -.4471E-04   -.5082E-04   -.5699E-04   -.6320E-04   -.6945E-04   -.7571E-04   -.8201E-04   -.8831E-04   -.9464E-04   -.1010E-03   -.1073E-03   -.1136E-03   -.1199E-03   -.1261E-03   -.1323E-03   -.1385E-03   -.1446E-03   -.1506E-03   -.1566E-03   -.1625E-03   -.1683E-03   -.1739E-03   -.1795E-03   -.1849E-03   -.1902E-03   -.1952E-03   -.2001E-03   -.2047E-03   -.2092E-03   -.2133E-03   -.2173E-03   -.2207E-03   -.2241E-03   -.2268E-03   -.2294E-03   -.2313E-03   -.2330E-03   -.2338E-03   -.2345E-03   -.2341E-03   -.2336E-03   -.2318E-03   -.2299E-03   -.2265E-03   -.2229E-03   -.2176E-03   -.2122E-03   -.2045E-03   -.1969E-03   -.1867E-03   -.1765E-03   -.1633E-03   -.1501E-03   -.1332E-03   -.1166E-03   -.9544E-04   -.7471E-04   -.4845E-04   -.2281E-04   0.9577E-05   0.4116E-04   0.8100E-04   0.1198E-03   0.1689E-03   0.2168E-03   0.2774E-03   0.3368E-03   0.4121E-03   0.4864E-03   0.5809E-03   0.6750E-03   0.7951E-03   0.9162E-03   0.1071E-02   0.1230E-02   0.1435E-02   0.1649E-02   0.1926E-02   0.2222E-02   0.2608E-02   0.3033E-02   0.3590E-02   0.4226E-02   0.5066E-02   0.6062E-02   0.7399E-02   0.9050E-02   0.1129E-01   0.1421E-01   0.1833E-01
0.7150E+01   -.1164E-05   -.5776E-05   -.1065E-04   -.1594E-04   -.2152E-04   -.2732E-04   -.3325E-04   -.3931E-04   -.4544E-04   -.5168E-04   -.5795E-04   -.6429E-04   -.7063E-04   -.7702E-04   -.8340E-04   -.8983E-04   -.9623E-04   -.1027E-03   -.1090E-03   -.1154E-03   -.1218E-03   -.1281E-03   -.1343E-03   -.1406E-03   -.1467E-03   -.1528E-03   -.1588E-03   -.1647E-03   -.1704E-03   -.1762E-03   -.1816E-03   -.1871E-03   -.1922E-03   -.1973E-03   -.2020E-03   -.2067E-03   -.2108E-03   -.2150E-03   -.2186E-03   -.2222E-03   -.2250E-03   -.2279E-03   -.2298E-03   -.2318E-03   -.2327E-03   -.2338E-03   -.2335E-03   -.2334E-03   -.2317E-03   -.2303E-03   -.2269E-03   -.2240E-03   -.2187E-03   -.2140E-03   -.2064E-03   -.1996E-03   -.1895E-03   -.1803E-03   -.1670E-03   -.1551E-03   -.1382E-03   -.1230E-03   -.1018E-03   -.8284E-04   -.5654E-04   -.3301E-04   -.5550E-06   0.2844E-04   0.6837E-04   0.1040E-03   0.1532E-03   0.1971E-03   0.2577E-03   0.3121E-03   0.3874E-03   0.4553E-03   0.5495E-03   0.6354E-03   0.7548E-03   0.8652E-03   0.1019E-02   0.1163E-02   0.1365E-02   0.1559E-02   0.1829E-02   0.2098E-02   0.2471E-02   0.2856E-02   0.3389E-02   0.3961E-02   0.4756E-02   0.5649E-02   0.6894E-02   0.8366E-02   0.1044E-01   0.1300E-01   0.1670E-01   0.2157E-01
0.7367E+01   -.1044E-05   -.5741E-05   -.1071E-04   -.1611E-04   -.2180E-04   -.2772E-04   -.3377E-04   -.3994E-04   -.4619E-04   -.5255E-04   -.5894E-04   -.6540E-04   -.7184E-04   -.7835E-04   -.8483E-04   -.9137E-04   -.9786E-04   -.1044E-03   -.1108E-03   -.1173E-03   -.1237E-03   -.1302E-03   -.1364E-03   -.1428E-03   -.1489E-03   -.1551E-03   -.1610E-03   -.1670E-03   -.1727E-03   -.1784E-03   -.1838E-03   -.1893E-03   -.1943E-03   -.1994E-03   -.2039E-03   -.2086E-03   -.2125E-03   -.2167E-03   -.2200E-03   -.2235E-03   -.2260E-03   -.2288E-03   -.2303E-03   -.2323E-03   -.2326E-03   -.2336E-03   -.2327E-03   -.2325E-03   -.2300E-03   -.2285E-03   -.2242E-03   -.2212E-03   -.2147E-03   -.2100E-03   -.2010E-03   -.1942E-03   -.1823E-03   -.1732E-03   -.1579E-03   -.1461E-03   -.1267E-03   -.1118E-03   -.8761E-04   -.6894E-04   -.3901E-04   -.1593E-04   0.2095E-04   0.4935E-04   0.9471E-04   0.1296E-03   0.1855E-03   0.2285E-03   0.2975E-03   0.3510E-03   0.4368E-03   0.5039E-03   0.6115E-03   0.6969E-03   0.8336E-03   0.9444E-03   0.1121E-02   0.1268E-02   0.1499E-02   0.1700E-02   0.2012E-02   0.2294E-02   0.2727E-02   0.3138E-02   0.3761E-02   0.4387E-02   0.5321E-02   0.6322E-02   0.7801E-02   0.9493E-02   0.1199E-01   0.1502E-01   0.1955E-01   0.2548E-01
0.7583E+01   -.9152E-06   -.5697E-05   -.1077E-04   -.1628E-04   -.2210E-04   -.2814E-04   -.3432E-04   -.4061E-04   -.4701E-04   -.5348E-04   -.6001E-04   -.6657E-04   -.7316E-04   -.7976E-04   -.8637E-04   -.9300E-04   -.9962E-04   -.1062E-03   -.1128E-03   -.1193E-03   -.1259E-03   -.1323E-03   -.1387E-03   -.1450E-03   -.1513E-03   -.1574E-03   -.1635E-03   -.1694E-03   -.1752E-03   -.1808E-03   -.1863E-03   -.1916E-03   -.1967E-03   -.2015E-03   -.2062E-03   -.2105E-03   -.2146E-03   -.2183E-03   -.2218E-03   -.2248E-03   -.2274E-03   -.2295E-03   -.2313E-03   -.2324E-03   -.2331E-03   -.2330E-03   -.2324E-03   -.2310E-03   -.2289E-03   -.2259E-03   -.2222E-03   -.2173E-03   -.2116E-03   -.2046E-03   -.1966E-03   -.1870E-03   -.1764E-03   -.1639E-03   -.1502E-03   -.1343E-03   -.1169E-03   -.9699E-04   -.7528E-04   -.5056E-04   -.2371E-04   0.6791E-05   0.3985E-04   0.7738E-04   0.1180E-03   0.1642E-03   0.2144E-03   0.2714E-03   0.3335E-03   0.4045E-03   0.4821E-03   0.5712E-03   0.6694E-03   0.7828E-03   0.9088E-03   0.1056E-02   0.1221E-02   0.1415E-02   0.1636E-02   0.1900E-02   0.2205E-02   0.2573E-02   0.3008E-02   0.3544E-02   0.4190E-02   0.5002E-02   0.6009E-02   0.7306E-02   0.8966E-02   0.1117E-01   0.1410E-01   0.1811E-01   0.2366E-01   0.3172E-01
0.7800E+01   -.7866E-06   -.5654E-05   -.1084E-04   -.1646E-04   -.2240E-04   -.2855E-04   -.3487E-04   -.4128E-04   -.4782E-04   -.5440E-04   -.6107E-04   -.6774E-04   -.7447E-04   -.8116E-04   -.8792E-04   -.9462E-04   -.1014E-03   -.1080E-03   -.1148E-03   -.1214E-03   -.1280E-03   -.1345E-03   -.1410E-03   -.1473E-03   -.1537E-03   -.1597E-03   -.1659E-03   -.1717E-03   -.1777E-03   -.1831E-03   -.1888E-03   -.1938E-03   -.1991E-03   -.2037E-03   -.2084E-03   -.2124E-03   -.2167E-03   -.2199E-03   -.2235E-03   -.2260E-03   -.2288E-03   -.2303E-03   -.2322E-03   -.2325E-03   -.2335E-03   -.2324E-03   -.2321E-03   -.2295E-03   -.2279E-03   -.2233E-03   -.2201E-03   -.2134E-03   -.2084E-03   -.1992E-03   -.1921E-03   -.1798E-03   -.1704E-03   -.1546E-03   -.1424E-03   -.1225E-03   -.1071E-03   -.8219E-04   -.6296E-04   -.3217E-04   -.8408E-05   0.2951E-04   0.5875E-04   0.1054E-03   0.1414E-03   0.1988E-03   0.2432E-03   0.3143E-03   0.3695E-03   0.4580E-03   0.5274E-03   0.6386E-03   0.7272E-03   0.8687E-03   0.9841E-03   0.1167E-02   0.1321E-02   0.1562E-02   0.1773E-02   0.2099E-02   0.2397E-02   0.2853E-02   0.3290E-02   0.3949E-02   0.4619E-02   0.5617E-02   0.6696E-02   0.8289E-02   0.1013E-01   0.1285E-01   0.1621E-01   0.2119E-01   0.2777E-01   0.3797E-01
0.8017E+01   -.6442E-06   -.5609E-05   -.1090E-04   -.1664E-04   -.2271E-04   -.2899E-04   -.3544E-04   -.4199E-04   -.4865E-04   -.5538E-04   -.6217E-04   -.6898E-04   -.7582E-04   -.8265E-04   -.8951E-04   -.9635E-04   -.1032E-03   -.1100E-03   -.1168E-03   -.1235E-03   -.1302E-03   -.1368E-03   -.1433E-03   -.1497E-03   -.1561E-03   -.1623E-03   -.1684E-03   -.1743E-03   -.1801E-03   -.1857E-03   -.1912E-03   -.1964E-03   -.2014E-03   -.2061E-03   -.2106E-03   -.2146E-03   -.2185E-03   -.2219E-03   -.2251E-03   -.2276E-03   -.2299E-03   -.2314E-03   -.2327E-03   -.2331E-03   -.2332E-03   -.2323E-03   -.2311E-03   -.2286E-03   -.2258E-03   -.2215E-03   -.2168E-03   -.2104E-03   -.2037E-03   -.1948E-03   -.1856E-03   -.1739E-03   -.1619E-03   -.1468E-03   -.1315E-03   -.1125E-03   -.9319E-04   -.6957E-04   -.4559E-04   -.1639E-04   0.1318E-04   0.4914E-04   0.8554E-04   0.1298E-03   0.1746E-03   0.2292E-03   0.2846E-03   0.3523E-03   0.4214E-03   0.5061E-03   0.5931E-03   0.7002E-03   0.8115E-03   0.9491E-03   0.1094E-02   0.1274E-02   0.1467E-02   0.1709E-02   0.1973E-02   0.2306E-02   0.2680E-02   0.3156E-02   0.3704E-02   0.4412E-02   0.5254E-02   0.6359E-02   0.7725E-02   0.9554E-02   0.1191E-01   0.1516E-01   0.1954E-01   0.2575E-01   0.3458E-01   0.4766E-01
0.8233E+01   -.4982E-06   -.5562E-05   -.1095E-04   -.1683E-04   -.2301E-04   -.2944E-04   -.3601E-04   -.4271E-04   -.4949E-04   -.5637E-04   -.6327E-04   -.7024E-04   -.7718E-04   -.8417E-04   -.9111E-04   -.9811E-04   -.1050E-03   -.1120E-03   -.1188E-03   -.1257E-03   -.1324E-03   -.1391E-03   -.1456E-03   -.1522E-03   -.1585E-03   -.1648E-03   -.1709E-03   -.1769E-03   -.1826E-03   -.1884E-03   -.1936E-03   -.1989E-03   -.2037E-03   -.2085E-03   -.2127E-03   -.2169E-03   -.2204E-03   -.2239E-03   -.2265E-03   -.2293E-03   -.2309E-03   -.2327E-03   -.2331E-03   -.2339E-03   -.2329E-03   -.2324E-03   -.2298E-03   -.2279E-03   -.2234E-03   -.2198E-03   -.2131E-03   -.2077E-03   -.1984E-03   -.1908E-03   -.1786E-03   -.1684E-03   -.1526E-03   -.1395E-03   -.1196E-03   -.1030E-03   -.7825E-04   -.5753E-04   -.2691E-04   -.1296E-05   0.3643E-04   0.6796E-04   0.1144E-03   0.1532E-03   0.2105E-03   0.2584E-03   0.3293E-03   0.3891E-03   0.4775E-03   0.5528E-03   0.6642E-03   0.7604E-03   0.9027E-03   0.1028E-02   0.1213E-02   0.1380E-02   0.1626E-02   0.1855E-02   0.2190E-02   0.2515E-02   0.2986E-02   0.3465E-02   0.4153E-02   0.4889E-02   0.5943E-02   0.7136E-02   0.8843E-02   0.1089E-01   0.1385E-01   0.1763E-01   0.2319E-01   0.3070E-01   0.4210E-01   0.5825E-01
0.8450E+01   -.3447E-06   -.5503E-05   -.1101E-04   -.1700E-04   -.2332E-04   -.2989E-04   -.3660E-04   -.4343E-04   -.5035E-04   -.5737E-04   -.6442E-04   -.7151E-04   -.7859E-04   -.8569E-04   -.9277E-04   -.9987E-04   -.1069E-03   -.1140E-03   -.1209E-03   -.1278E-03   -.1347E-03   -.1414E-03   -.1481E-03   -.1547E-03   -.1611E-03   -.1674E-03   -.1735E-03   -.1795E-03   -.1853E-03   -.1909E-03   -.1962E-03   -.2014E-03   -.2062E-03   -.2109E-03   -.2150E-03   -.2190E-03   -.2224E-03   -.2257E-03   -.2282E-03   -.2306E-03   -.2321E-03   -.2335E-03   -.2338E-03   -.2340E-03   -.2329E-03   -.2317E-03   -.2290E-03   -.2262E-03   -.2217E-03   -.2170E-03   -.2103E-03   -.2034E-03   -.1942E-03   -.1849E-03   -.1727E-03   -.1605E-03   -.1448E-03   -.1293E-03   -.1095E-03   -.8999E-04   -.6537E-04   -.4114E-04   -.1070E-04   0.1921E-04   0.5670E-04   0.9352E-04   0.1397E-03   0.1851E-03   0.2421E-03   0.2983E-03   0.3691E-03   0.4393E-03   0.5280E-03   0.6166E-03   0.7290E-03   0.8427E-03   0.9875E-03   0.1136E-02   0.1326E-02   0.1525E-02   0.1781E-02   0.2055E-02   0.2408E-02   0.2798E-02   0.3305E-02   0.3882E-02   0.4641E-02   0.5535E-02   0.6727E-02   0.8191E-02   0.1018E-01   0.1274E-01   0.1630E-01   0.2112E-01   0.2804E-01   0.3786E-01   0.5241E-01   0.7379E-01
0.8667E+01   -.1865E-06   -.5437E-05   -.1107E-04   -.1718E-04   -.2364E-04   -.3033E-04   -.3720E-04   -.4415E-04   -.5124E-04   -.5837E-04   -.6558E-04   -.7278E-04   -.8003E-04   -.8723E-04   -.9448E-04   -.1016E-03   -.1089E-03   -.1159E-03   -.1231E-03   -.1300E-03   -.1370E-03   -.1438E-03   -.1506E-03   -.1571E-03   -.1637E-03   -.1699E-03   -.1762E-03   -.1821E-03   -.1880E-03   -.1934E-03   -.1989E-03   -.2038E-03   -.2088E-03   -.2131E-03   -.2175E-03   -.2210E-03   -.2247E-03   -.2273E-03   -.2302E-03   -.2317E-03   -.2336E-03   -.2340E-03   -.2348E-03   -.2338E-03   -.2333E-03   -.2306E-03   -.2286E-03   -.2240E-03   -.2203E-03   -.2134E-03   -.2078E-03   -.1983E-03   -.1905E-03   -.1779E-03   -.1675E-03   -.1513E-03   -.1378E-03   -.1174E-03   -.1004E-03   -.7488E-04   -.5371E-04   -.2213E-04   0.4031E-05   0.4296E-04   0.7519E-04   0.1231E-03   0.1629E-03   0.2220E-03   0.2712E-03   0.3446E-03   0.4060E-03   0.4976E-03   0.5751E-03   0.6908E-03   0.7902E-03   0.9384E-03   0.1068E-02   0.1261E-02   0.1436E-02   0.1693E-02   0.1933E-02   0.2285E-02   0.2628E-02   0.3126E-02   0.3633E-02   0.4365E-02   0.5152E-02   0.6282E-02   0.7567E-02   0.9415E-02   0.1165E-01   0.1489E-01   0.1905E-01   0.2521E-01   0.3362E-01   0.4634E-01   0.6440E-01   0.9232E-01
0.8883E+01   -.1413E-07   -.5368E-05   -.1111E-04   -.1736E-04   -.2395E-04   -.3079E-04   -.3779E-04   -.4490E-04   -.5212E-04   -.5941E-04   -.6675E-04   -.7410E-04   -.8147E-04   -.8882E-04   -.9617E-04   -.1035E-03   -.1108E-03   -.1180E-03   -.1252E-03   -.1323E-03   -.1393E-03   -.1462E-03   -.1530E-03   -.1597E-03   -.1662E-03   -.1726E-03   -.1788E-03   -.1848E-03   -.1906E-03   -.1961E-03   -.2014E-03   -.2064E-03   -.2112E-03   -.2155E-03   -.2196E-03   -.2232E-03   -.2265E-03   -.2292E-03   -.2316E-03   -.2332E-03   -.2345E-03   -.2350E-03   -.2350E-03   -.2341E-03   -.2327E-03   -.2301E-03   -.2270E-03   -.2226E-03   -.2175E-03   -.2109E-03   -.2036E-03   -.1945E-03   -.1845E-03   -.1724E-03   -.1595E-03   -.1439E-03   -.1274E-03   -.1078E-03   -.8699E-04   -.6254E-04   -.3675E-04   -.6509E-05   0.2534E-04   0.6262E-04   0.1019E-03   0.1478E-03   0.1963E-03   0.2531E-03   0.3132E-03   0.3838E-03   0.4589E-03   0.5477E-03   0.6427E-03   0.7556E-03   0.8777E-03   0.1024E-02   0.1184E-02   0.1376E-02   0.1590E-02   0.1851E-02   0.2147E-02   0.2511E-02   0.2932E-02   0.3459E-02   0.4085E-02   0.4879E-02   0.5854E-02   0.7117E-02   0.8721E-02   0.1086E-01   0.1368E-01   0.1756E-01   0.2292E-01   0.3059E-01   0.4165E-01   0.5789E-01   0.8184E-01   0.1170E+00
0.9100E+01   0.1646E-06   -.5298E-05   -.1115E-04   -.1754E-04   -.2425E-04   -.3125E-04   -.3838E-04   -.4566E-04   -.5299E-04   -.6046E-04   -.6791E-04   -.7544E-04   -.8290E-04   -.9043E-04   -.9785E-04   -.1054E-03   -.1127E-03   -.1201E-03   -.1273E-03   -.1346E-03   -.1416E-03   -.1487E-03   -.1555E-03   -.1623E-03   -.1687E-03   -.1753E-03   -.1813E-03   -.1875E-03   -.1931E-03   -.1989E-03   -.2039E-03   -.2091E-03   -.2135E-03   -.2181E-03   -.2216E-03   -.2256E-03   -.2282E-03   -.2313E-03   -.2328E-03   -.2349E-03   -.2351E-03   -.2362E-03   -.2349E-03   -.2347E-03   -.2316E-03   -.2300E-03   -.2249E-03   -.2216E-03   -.2140E-03   -.2089E-03   -.1985E-03   -.1912E-03   -.1776E-03   -.1677E-03   -.1502E-03   -.1374E-03   -.1154E-03   -.9915E-04   -.7168E-04   -.5144E-04   -.1743E-04   0.7615E-05   0.4957E-04   0.8046E-04   0.1322E-03   0.1703E-03   0.2342E-03   0.2815E-03   0.3608E-03   0.4200E-03   0.5191E-03   0.5942E-03   0.7195E-03   0.8163E-03   0.9769E-03   0.1104E-02   0.1314E-02   0.1486E-02   0.1765E-02   0.2005E-02   0.2388E-02   0.2734E-02   0.3275E-02   0.3794E-02   0.4591E-02   0.5407E-02   0.6640E-02   0.7992E-02   0.1001E-01   0.1240E-01   0.1596E-01   0.2047E-01   0.2730E-01   0.3654E-01   0.5075E-01   0.7081E-01   0.1017E+00   0.1444E+00
0.9317E+01   0.3536E-06   -.5201E-05   -.1119E-04   -.1769E-04   -.2457E-04   -.3169E-04   -.3899E-04   -.4639E-04   -.5391E-04   -.6148E-04   -.6912E-04   -.7675E-04   -.8440E-04   -.9200E-04   -.9963E-04   -.1072E-03   -.1147E-03   -.1222E-03   -.1296E-03   -.1368E-03   -.1441E-03   -.1511E-03   -.1581E-03   -.1648E-03   -.1715E-03   -.1778E-03   -.1841E-03   -.1901E-03   -.1959E-03   -.2013E-03   -.2066E-03   -.2114E-03   -.2161E-03   -.2202E-03   -.2241E-03   -.2273E-03   -.2304E-03   -.2325E-03   -.2346E-03   -.2356E-03   -.2365E-03   -.2362E-03   -.2357E-03   -.2337E-03   -.2317E-03   -.2279E-03   -.2241E-03   -.2182E-03   -.2123E-03   -.2039E-03   -.1956E-03   -.1843E-03   -.1732E-03   -.1585E-03   -.1442E-03   -.1254E-03   -.1073E-03   -.8384E-04   -.6121E-04   -.3206E-04   -.4018E-05   0.3199E-04   0.6660E-04   0.1110E-03   0.1537E-03   0.2086E-03   0.2615E-03   0.3297E-03   0.3957E-03   0.4810E-03   0.5642E-03   0.6721E-03   0.7786E-03   0.9170E-03   0.1056E-02   0.1237E-02   0.1422E-02   0.1664E-02   0.1917E-02   0.2250E-02   0.2608E-02   0.3082E-02   0.3608E-02   0.4308E-02   0.5117E-02   0.6205E-02   0.7513E-02   0.9302E-02   0.1156E-01   0.1471E-01   0.1888E-01   0.2490E-01   0.3329E-01   0.4577E-01   0.6376E-01   0.9086E-01   0.1291E+00   0.1876E+00
0.9533E+01   0.5531E-06   -.5104E-05   -.1121E-04   -.1785E-04   -.2487E-04   -.3214E-04   -.3958E-04   -.4714E-04   -.5480E-04   -.6253E-04   -.7031E-04   -.7808E-04   -.8588E-04   -.9362E-04   -.1014E-03   -.1090E-03   -.1167E-03   -.1243E-03   -.1318E-03   -.1391E-03   -.1464E-03   -.1535E-03   -.1606E-03   -.1674E-03   -.1741E-03   -.1805E-03   -.1868E-03   -.1927E-03   -.1985E-03   -.2039E-03   -.2092E-03   -.2139E-03   -.2185E-03   -.2224E-03   -.2262E-03   -.2293E-03   -.2322E-03   -.2341E-03   -.2360E-03   -.2367E-03   -.2373E-03   -.2366E-03   -.2357E-03   -.2334E-03   -.2309E-03   -.2266E-03   -.2222E-03   -.2157E-03   -.2091E-03   -.2000E-03   -.1909E-03   -.1787E-03   -.1667E-03   -.1509E-03   -.1355E-03   -.1155E-03   -.9597E-04   -.7102E-04   -.4667E-04   -.1574E-04   0.1441E-04   0.5262E-04   0.8985E-04   0.1370E-03   0.1830E-03   0.2414E-03   0.2985E-03   0.3712E-03   0.4427E-03   0.5339E-03   0.6245E-03   0.7404E-03   0.8569E-03   0.1007E-02   0.1159E-02   0.1356E-02   0.1562E-02   0.1828E-02   0.2112E-02   0.2481E-02   0.2887E-02   0.3419E-02   0.4023E-02   0.4822E-02   0.5765E-02   0.7028E-02   0.8582E-02   0.1070E-01   0.1344E-01   0.1727E-01   0.2247E-01   0.2998E-01   0.4069E-01   0.5658E-01   0.7983E-01   0.1140E+00   0.1630E+00   0.2353E+00
0.9750E+01   0.7662E-06   -.5005E-05   -.1122E-04   -.1801E-04   -.2515E-04   -.3259E-04   -.4016E-04   -.4790E-04   -.5568E-04   -.6360E-04   -.7148E-04   -.7945E-04   -.8732E-04   -.9527E-04   -.1031E-03   -.1110E-03   -.1186E-03   -.1264E-03   -.1339E-03   -.1415E-03   -.1487E-03   -.1561E-03   -.1630E-03   -.1700E-03   -.1766E-03   -.1832E-03   -.1893E-03   -.1955E-03   -.2010E-03   -.2067E-03   -.2115E-03   -.2166E-03   -.2206E-03   -.2250E-03   -.2280E-03   -.2316E-03   -.2335E-03   -.2361E-03   -.2367E-03   -.2382E-03   -.2373E-03   -.2376E-03   -.2349E-03   -.2337E-03   -.2289E-03   -.2261E-03   -.2190E-03   -.2142E-03   -.2043E-03   -.1973E-03   -.1841E-03   -.1747E-03   -.1576E-03   -.1452E-03   -.1236E-03   -.1078E-03   -.8070E-04   -.6099E-04   -.2730E-04   -.2824E-05   0.3882E-04   0.6909E-04   0.1205E-03   0.1580E-03   0.2215E-03   0.2681E-03   0.3470E-03   0.4053E-03   0.5042E-03   0.5781E-03   0.7031E-03   0.7985E-03   0.9586E-03   0.1084E-02   0.1293E-02   0.1463E-02   0.1742E-02   0.1978E-02   0.2359E-02   0.2700E-02   0.3239E-02   0.3751E-02   0.4543E-02   0.5348E-02   0.6571E-02   0.7903E-02   0.9907E-02   0.1225E-01   0.1578E-01   0.2021E-01   0.2695E-01   0.3603E-01   0.5004E-01   0.6973E-01   0.1000E+00   0.1418E+00   0.2057E+00   0.2948E+00
0.9967E+01   0.9846E-06   -.4872E-05   -.1124E-04   -.1813E-04   -.2546E-04   -.3300E-04   -.4077E-04   -.4861E-04   -.5660E-04   -.6460E-04   -.7271E-04   -.8075E-04   -.8885E-04   -.9683E-04   -.1049E-03   -.1128E-03   -.1207E-03   -.1284E-03   -.1362E-03   -.1437E-03   -.1512E-03   -.1584E-03   -.1656E-03   -.1724E-03   -.1793E-03   -.1856E-03   -.1921E-03   -.1979E-03   -.2038E-03   -.2089E-03   -.2143E-03   -.2186E-03   -.2232E-03   -.2266E-03   -.2305E-03   -.2328E-03   -.2357E-03   -.2367E-03   -.2386E-03   -.2381E-03   -.2387E-03   -.2365E-03   -.2357E-03   -.2315E-03   -.2291E-03   -.2226E-03   -.2183E-03   -.2090E-03   -.2026E-03   -.1901E-03   -.1812E-03   -.1651E-03   -.1533E-03   -.1327E-03   -.1176E-03   -.9173E-04   -.7272E-04   -.4055E-04   -.1688E-04   0.2294E-04   0.5226E-04   0.1014E-03   0.1377E-03   0.1986E-03   0.2436E-03   0.3192E-03   0.3755E-03   0.4699E-03   0.5413E-03   0.6605E-03   0.7522E-03   0.9047E-03   0.1025E-02   0.1223E-02   0.1385E-02   0.1649E-02   0.1873E-02   0.2231E-02   0.2552E-02   0.3057E-02   0.3534E-02   0.4272E-02   0.5014E-02   0.6143E-02   0.7360E-02   0.9191E-02   0.1131E-01   0.1449E-01   0.1844E-01   0.2443E-01   0.3240E-01   0.4473E-01   0.6186E-01   0.8872E-01   0.1245E+00   0.1831E+00   0.2582E+00   0.4495E+00
0.1018E+02   0.1227E-05   -.4744E-05   -.1122E-04   -.1827E-04   -.2572E-04   -.3344E-04   -.4134E-04   -.4936E-04   -.5747E-04   -.6566E-04   -.7387E-04   -.8211E-04   -.9029E-04   -.9847E-04   -.1066E-03   -.1147E-03   -.1226E-03   -.1306E-03   -.1383E-03   -.1460E-03   -.1535E-03   -.1609E-03   -.1680E-03   -.1750E-03   -.1818E-03   -.1883E-03   -.1945E-03   -.2006E-03   -.2062E-03   -.2116E-03   -.2164E-03   -.2211E-03   -.2251E-03   -.2289E-03   -.2320E-03   -.2348E-03   -.2367E-03   -.2383E-03   -.2389E-03   -.2392E-03   -.2383E-03   -.2370E-03   -.2343E-03   -.2312E-03   -.2265E-03   -.2213E-03   -.2142E-03   -.2066E-03   -.1967E-03   -.1864E-03   -.1733E-03   -.1597E-03   -.1428E-03   -.1253E-03   -.1040E-03   -.8204E-04   -.5533E-04   -.2800E-04   0.5158E-05   0.3902E-04   0.8004E-04   0.1219E-03   0.1727E-03   0.2247E-03   0.2878E-03   0.3526E-03   0.4315E-03   0.5131E-03   0.6129E-03   0.7170E-03   0.8450E-03   0.9800E-03   0.1147E-02   0.1326E-02   0.1549E-02   0.1792E-02   0.2097E-02   0.2437E-02   0.2870E-02   0.3365E-02   0.4001E-02   0.4751E-02   0.5732E-02   0.6930E-02   0.8527E-02   0.1056E-01   0.1334E-01   0.1703E-01   0.2227E-01   0.2955E-01   0.4027E-01   0.5571E-01   0.7898E-01   0.1117E+00   0.1609E+00   0.2298E+00   0.3690E+00   0.6763E+00
0.1040E+02   0.1478E-05   -.4602E-05   -.1119E-04   -.1839E-04   -.2597E-04   -.3386E-04   -.4190E-04   -.5009E-04   -.5834E-04   -.6671E-04   -.7504E-04   -.8345E-04   -.9174E-04   -.1001E-03   -.1083E-03   -.1165E-03   -.1246E-03   -.1327E-03   -.1405E-03   -.1483E-03   -.1558E-03   -.1633E-03   -.1704E-03   -.1776E-03   -.1842E-03   -.1909E-03   -.1970E-03   -.2031E-03   -.2085E-03   -.2141E-03   -.2187E-03   -.2234E-03   -.2271E-03   -.2310E-03   -.2336E-03   -.2365E-03   -.2378E-03   -.2396E-03   -.2395E-03   -.2399E-03   -.2380E-03   -.2370E-03   -.2331E-03   -.2303E-03   -.2241E-03   -.2193E-03   -.2104E-03   -.2033E-03   -.1913E-03   -.1815E-03   -.1658E-03   -.1529E-03   -.1328E-03   -.1163E-03   -.9103E-04   -.7029E-04   -.3876E-04   -.1290E-04   0.2619E-04   0.5826E-04   0.1066E-03   0.1464E-03   0.2063E-03   0.2558E-03   0.3303E-03   0.3923E-03   0.4857E-03   0.5643E-03   0.6827E-03   0.7839E-03   0.9359E-03   0.1069E-02   0.1268E-02   0.1446E-02   0.1712E-02   0.1960E-02   0.2325E-02   0.2679E-02   0.3197E-02   0.3725E-02   0.4491E-02   0.5313E-02   0.6501E-02   0.7854E-02   0.9808E-02   0.1217E-01   0.1562E-01   0.2008E-01   0.2669E-01   0.3577E-01   0.4953E-01   0.6918E-01   0.9881E-01   0.1400E+00   0.2025E+00   0.3009E+00   0.5316E+00   0.8615E+00
0.1062E+02   0.1735E-05   -.4427E-05   -.1117E-04   -.1848E-04   -.2624E-04   -.3424E-04   -.4248E-04   -.5077E-04   -.5924E-04   -.6768E-04   -.7625E-04   -.8471E-04   -.9325E-04   -.1016E-03   -.1101E-03   -.1183E-03   -.1266E-03   -.1346E-03   -.1427E-03   -.1504E-03   -.1583E-03   -.1656E-03   -.1730E-03   -.1799E-03   -.1869E-03   -.1932E-03   -.1997E-03   -.2053E-03   -.2112E-03   -.2161E-03   -.2212E-03   -.2252E-03   -.2295E-03   -.2324E-03   -.2358E-03   -.2373E-03   -.2397E-03   -.2397E-03   -.2408E-03   -.2392E-03   -.2388E-03   -.2352E-03   -.2332E-03   -.2272E-03   -.2234E-03   -.2147E-03   -.2087E-03   -.1968E-03   -.1883E-03   -.1727E-03   -.1613E-03   -.1414E-03   -.1266E-03   -.1014E-03   -.8274E-04   -.5128E-04   -.2790E-04   0.1116E-04   0.4022E-04   0.8857E-04   0.1246E-03   0.1845E-03   0.2294E-03   0.3039E-03   0.3601E-03   0.4533E-03   0.5246E-03   0.6423E-03   0.7340E-03   0.8846E-03   0.1005E-02   0.1201E-02   0.1363E-02   0.1623E-02   0.1847E-02   0.2201E-02   0.2521E-02   0.3020E-02   0.3495E-02   0.4224E-02   0.4962E-02   0.6078E-02   0.7284E-02   0.9092E-02   0.1119E-01   0.1432E-01   0.1823E-01   0.2412E-01   0.3198E-01   0.4409E-01   0.6096E-01   0.8728E-01   0.1226E+00   0.1785E+00   0.2510E+00   0.4251E+00   0.7869E+00   0.9235E+00
0.1083E+02   0.2021E-05   -.4255E-05   -.1111E-04   -.1858E-04   -.2646E-04   -.3464E-04   -.4300E-04   -.5149E-04   -.6006E-04   -.6871E-04   -.7737E-04   -.8604E-04   -.9465E-04   -.1032E-03   -.1117E-03   -.1202E-03   -.1285E-03   -.1367E-03   -.1448E-03   -.1527E-03   -.1604E-03   -.1680E-03   -.1753E-03   -.1824E-03   -.1892E-03   -.1957E-03   -.2019E-03   -.2078E-03   -.2133E-03   -.2185E-03   -.2231E-03   -.2274E-03   -.2311E-03   -.2343E-03   -.2369E-03   -.2389E-03   -.2402E-03   -.2408E-03   -.2406E-03   -.2397E-03   -.2377E-03   -.2349E-03   -.2309E-03   -.2260E-03   -.2197E-03   -.2123E-03   -.2033E-03   -.1931E-03   -.1809E-03   -.1674E-03   -.1515E-03   -.1341E-03   -.1138E-03   -.9174E-04   -.6627E-04   -.3869E-04   -.6956E-05   0.2732E-04   0.6671E-04   0.1092E-03   0.1581E-03   0.2109E-03   0.2717E-03   0.3377E-03   0.4139E-03   0.4970E-03   0.5935E-03   0.6995E-03   0.8233E-03   0.9607E-03   0.1123E-02   0.1304E-02   0.1521E-02   0.1767E-02   0.2064E-02   0.2408E-02   0.2829E-02   0.3327E-02   0.3948E-02   0.4701E-02   0.5659E-02   0.6856E-02   0.8418E-02   0.1044E-01   0.1316E-01   0.1682E-01   0.2194E-01   0.2912E-01   0.3960E-01   0.5480E-01   0.7752E-01   0.1098E+00   0.1577E+00   0.2248E+00   0.3578E+00   0.6496E+00   0.8909E+00   0.9883E+00
0.1105E+02   0.2317E-05   -.4071E-05   -.1103E-04   -.1866E-04   -.2667E-04   -.3503E-04   -.4351E-04   -.5218E-04   -.6088E-04   -.6972E-04   -.7849E-04   -.8735E-04   -.9604E-04   -.1048E-03   -.1134E-03   -.1220E-03   -.1304E-03   -.1388E-03   -.1468E-03   -.1550E-03   -.1626E-03   -.1704E-03   -.1775E-03   -.1849E-03   -.1915E-03   -.1982E-03   -.2041E-03   -.2103E-03   -.2154E-03   -.2208E-03   -.2250E-03   -.2295E-03   -.2326E-03   -.2361E-03   -.2379E-03   -.2403E-03   -.2406E-03   -.2417E-03   -.2402E-03   -.2399E-03   -.2364E-03   -.2343E-03   -.2284E-03   -.2245E-03   -.2158E-03   -.2096E-03   -.1977E-03   -.1889E-03   -.1732E-03   -.1614E-03   -.1413E-03   -.1260E-03   -.1005E-03   -.8115E-04   -.4929E-04   -.2498E-04   0.1463E-04   0.4490E-04   0.9401E-04   0.1317E-03   0.1926E-03   0.2395E-03   0.3154E-03   0.3744E-03   0.4696E-03   0.5446E-03   0.6651E-03   0.7619E-03   0.9166E-03   0.1044E-02   0.1246E-02   0.1418E-02   0.1687E-02   0.1926E-02   0.2295E-02   0.2638E-02   0.3160E-02   0.3671E-02   0.4441E-02   0.5240E-02   0.6428E-02   0.7744E-02   0.9689E-02   0.1199E-01   0.1541E-01   0.1975E-01   0.2627E-01   0.3511E-01   0.4864E-01   0.6777E-01   0.9694E-01   0.1370E+00   0.1986E+00   0.2908E+00   0.5123E+00   0.8590E+00   0.9515E+00   0.1047E+01
0.1127E+02   0.2622E-05   -.3841E-05   -.1096E-04   -.1869E-04   -.2689E-04   -.3535E-04   -.4405E-04   -.5281E-04   -.6173E-04   -.7063E-04   -.7965E-04   -.8854E-04   -.9750E-04   -.1063E-03   -.1151E-03   -.1237E-03   -.1323E-03   -.1406E-03   -.1490E-03   -.1569E-03   -.1650E-03   -.1724E-03   -.1800E-03   -.1869E-03   -.1940E-03   -.2002E-03   -.2067E-03   -.2121E-03   -.2179E-03   -.2224E-03   -.2273E-03   -.2308E-03   -.2347E-03   -.2369E-03   -.2397E-03   -.2404E-03   -.2420E-03   -.2410E-03   -.2411E-03   -.2382E-03   -.2365E-03   -.2313E-03   -.2278E-03   -.2199E-03   -.2142E-03   -.2032E-03   -.1949E-03   -.1802E-03   -.1690E-03   -.1500E-03   -.1354E-03   -.1112E-03   -.9255E-04   -.6228E-04   -.3878E-04   -.1080E-05   0.2826E-04   0.7505E-04   0.1116E-03   0.1697E-03   0.2152E-03   0.2876E-03   0.3447E-03   0.4354E-03   0.5078E-03   0.6225E-03   0.7157E-03   0.8626E-03   0.9849E-03   0.1176E-02   0.1340E-02   0.1595E-02   0.1821E-02   0.2168E-02   0.2491E-02   0.2979E-02   0.3457E-02   0.4171E-02   0.4911E-02   0.6005E-02   0.7210E-02   0.8984E-02   0.1107E-01   0.1415E-01   0.1801E-01   0.2380E-01   0.3156E-01   0.4344E-01   0.6007E-01   0.8588E-01   0.1207E+00   0.1755E+00   0.2472E+00   0.4152E+00   0.7669E+00   0.9179E+00   0.1019E+01   0.1082E+01
0.1148E+02   0.2957E-05   -.3615E-05   -.1084E-04   -.1873E-04   -.2706E-04   -.3569E-04   -.4452E-04   -.5346E-04   -.6250E-04   -.7159E-04   -.8071E-04   -.8979E-04   -.9883E-04   -.1078E-03   -.1167E-03   -.1254E-03   -.1341E-03   -.1426E-03   -.1510E-03   -.1591E-03   -.1670E-03   -.1747E-03   -.1821E-03   -.1892E-03   -.1961E-03   -.2025E-03   -.2087E-03   -.2144E-03   -.2197E-03   -.2245E-03   -.2288E-03   -.2325E-03   -.2358E-03   -.2383E-03   -.2403E-03   -.2414E-03   -.2419E-03   -.2414E-03   -.2401E-03   -.2377E-03   -.2345E-03   -.2300E-03   -.2245E-03   -.2174E-03   -.2092E-03   -.1993E-03   -.1880E-03   -.1747E-03   -.1598E-03   -.1424E-03   -.1233E-03   -.1012E-03   -.7706E-04   -.4928E-04   -.1903E-04   0.1562E-04   0.5329E-04   0.9639E-04   0.1432E-03   0.1969E-03   0.2554E-03   0.3224E-03   0.3958E-03   0.4804E-03   0.5735E-03   0.6813E-03   0.8010E-03   0.9407E-03   0.1097E-02   0.1282E-02   0.1492E-02   0.1741E-02   0.2030E-02   0.2378E-02   0.2787E-02   0.3289E-02   0.3894E-02   0.4650E-02   0.5585E-02   0.6781E-02   0.8309E-02   0.1032E-01   0.1298E-01   0.1661E-01   0.2162E-01   0.2871E-01   0.3895E-01   0.5391E-01   0.7612E-01   0.1079E+00   0.1548E+00   0.2210E+00   0.3482E+00   0.6298E+00   0.8860E+00   0.9823E+00   0.1063E+01   0.1117E+01
0.1170E+02   0.3307E-05   -.3379E-05   -.1071E-04   -.1876E-04   -.2720E-04   -.3602E-04   -.4495E-04   -.5410E-04   -.6324E-04   -.7255E-04   -.8173E-04   -.9104E-04   -.1001E-03   -.1093E-03   -.1182E-03   -.1272E-03   -.1358E-03   -.1446E-03   -.1528E-03   -.1612E-03   -.1690E-03   -.1769E-03   -.1841E-03   -.1915E-03   -.1980E-03   -.2048E-03   -.2105E-03   -.2166E-03   -.2213E-03   -.2265E-03   -.2301E-03   -.2344E-03   -.2366E-03   -.2398E-03   -.2405E-03   -.2424E-03   -.2413E-03   -.2418E-03   -.2386E-03   -.2374E-03   -.2319E-03   -.2287E-03   -.2204E-03   -.2151E-03   -.2034E-03   -.1956E-03   -.1801E-03   -.1694E-03   -.1493E-03   -.1352E-03   -.1097E-03   -.9165E-04   -.5955E-04   -.3682E-04   0.3211E-05   0.3167E-04   0.8142E-04   0.1170E-03   0.1788E-03   0.2233E-03   0.3004E-03   0.3564E-03   0.4532E-03   0.5245E-03   0.6471E-03   0.7394E-03   0.8967E-03   0.1019E-02   0.1224E-02   0.1389E-02   0.1662E-02   0.1891E-02   0.2265E-02   0.2595E-02   0.3122E-02   0.3617E-02   0.4390E-02   0.5165E-02   0.6353E-02   0.7634E-02   0.9570E-02   0.1182E-01   0.1520E-01   0.1943E-01   0.2586E-01   0.3446E-01   0.4775E-01   0.6637E-01   0.9511E-01   0.1340E+00   0.1948E+00   0.2812E+00   0.4926E+00   0.8543E+00   0.9461E+00   0.1044E+01   0.1097E+01   0.1151E+01
0.1192E+02   0.3667E-05   -.3083E-05   -.1057E-04   -.1871E-04   -.2736E-04   -.3626E-04   -.4542E-04   -.5464E-04   -.6402E-04   -.7337E-04   -.8282E-04   -.9213E-04   -.1015E-03   -.1106E-03   -.1198E-03   -.1287E-03   -.1377E-03   -.1463E-03   -.1549E-03   -.1630E-03   -.1712E-03   -.1787E-03   -.1864E-03   -.1933E-03   -.2003E-03   -.2065E-03   -.2128E-03   -.2180E-03   -.2234E-03   -.2276E-03   -.2320E-03   -.2350E-03   -.2383E-03   -.2398E-03   -.2418E-03   -.2416E-03   -.2421E-03   -.2399E-03   -.2388E-03   -.2343E-03   -.2312E-03   -.2242E-03   -.2188E-03   -.2087E-03   -.2007E-03   -.1869E-03   -.1759E-03   -.1580E-03   -.1435E-03   -.1205E-03   -.1018E-03   -.7286E-04   -.4923E-04   -.1300E-04   0.1662E-04   0.6174E-04   0.9872E-04   0.1549E-03   0.2011E-03   0.2712E-03   0.3293E-03   0.4172E-03   0.4910E-03   0.6024E-03   0.6973E-03   0.8401E-03   0.9645E-03   0.1151E-02   0.1317E-02   0.1565E-02   0.1795E-02   0.2134E-02   0.2459E-02   0.2937E-02   0.3418E-02   0.4117E-02   0.4859E-02   0.5931E-02   0.7134E-02   0.8874E-02   0.1095E-01   0.1397E-01   0.1780E-01   0.2348E-01   0.3114E-01   0.4279E-01   0.5918E-01   0.8448E-01   0.1189E+00   0.1725E+00   0.2434E+00   0.4056E+00   0.7473E+00   0.9132E+00   0.1013E+01   0.1078E+01   0.1133E+01   0.1174E+01
0.1213E+02   0.4058E-05   -.2791E-05   -.1039E-04   -.1868E-04   -.2745E-04   -.3652E-04   -.4581E-04   -.5520E-04   -.6470E-04   -.7423E-04   -.8379E-04   -.9327E-04   -.1027E-03   -.1120E-03   -.1213E-03   -.1303E-03   -.1393E-03   -.1481E-03   -.1566E-03   -.1649E-03   -.1730E-03   -.1807E-03   -.1883E-03   -.1953E-03   -.2021E-03   -.2084E-03   -.2144E-03   -.2198E-03   -.2248E-03   -.2291E-03   -.2331E-03   -.2362E-03   -.2389E-03   -.2405E-03   -.2417E-03   -.2417E-03   -.2412E-03   -.2393E-03   -.2369E-03   -.2328E-03   -.2281E-03   -.2214E-03   -.2142E-03   -.2045E-03   -.1942E-03   -.1811E-03   -.1673E-03   -.1501E-03   -.1322E-03   -.1100E-03   -.8724E-04   -.5930E-04   -.3060E-04   0.4379E-05   0.4027E-04   0.8390E-04   0.1287E-03   0.1831E-03   0.2392E-03   0.3073E-03   0.3778E-03   0.4638E-03   0.5534E-03   0.6631E-03   0.7785E-03   0.9205E-03   0.1072E-02   0.1259E-02   0.1462E-02   0.1715E-02   0.1995E-02   0.2346E-02   0.2745E-02   0.3250E-02   0.3840E-02   0.4598E-02   0.5511E-02   0.6706E-02   0.8198E-02   0.1020E-01   0.1280E-01   0.1639E-01   0.2129E-01   0.2829E-01   0.3830E-01   0.5302E-01   0.7472E-01   0.1061E+00   0.1518E+00   0.2173E+00   0.3386E+00   0.6102E+00   0.8814E+00   0.9770E+00   0.1060E+01   0.1114E+01   0.1161E+01   0.1196E+01
0.1235E+02   0.4470E-05   -.2496E-05   -.1018E-04   -.1864E-04   -.2750E-04   -.3679E-04   -.4615E-04   -.5577E-04   -.6533E-04   -.7510E-04   -.8468E-04   -.9443E-04   -.1039E-03   -.1134E-03   -.1226E-03   -.1320E-03   -.1408E-03   -.1499E-03   -.1583E-03   -.1669E-03   -.1747E-03   -.1828E-03   -.1899E-03   -.1974E-03   -.2037E-03   -.2105E-03   -.2158E-03   -.2217E-03   -.2259E-03   -.2309E-03   -.2337E-03   -.2376E-03   -.2388E-03   -.2415E-03   -.2409E-03   -.2422E-03   -.2395E-03   -.2391E-03   -.2340E-03   -.2318E-03   -.2237E-03   -.2194E-03   -.2080E-03   -.2013E-03   -.1859E-03   -.1764E-03   -.1563E-03   -.1436E-03   -.1180E-03   -.1014E-03   -.6910E-04   -.4798E-04   -.7596E-05   0.1901E-04   0.6934E-04   0.1027E-03   0.1654E-03   0.2073E-03   0.2856E-03   0.3386E-03   0.4369E-03   0.5046E-03   0.6291E-03   0.7170E-03   0.8767E-03   0.9931E-03   0.1201E-02   0.1359E-02   0.1636E-02   0.1856E-02   0.2234E-02   0.2552E-02   0.3083E-02   0.3562E-02   0.4338E-02   0.5090E-02   0.6278E-02   0.7522E-02   0.9450E-02   0.1164E-01   0.1499E-01   0.1910E-01   0.2544E-01   0.3381E-01   0.4687E-01   0.6496E-01   0.9327E-01   0.1310E+00   0.1911E+00   0.2717E+00   0.4731E+00   0.8497E+00   0.9410E+00   0.1041E+01   0.1094E+01   0.1149E+01   0.1184E+01   0.1218E+01
0.1257E+02   0.4894E-05   -.2120E-05   -.9971E-05   -.1851E-04   -.2758E-04   -.3693E-04   -.4653E-04   -.5619E-04   -.6601E-04   -.7579E-04   -.8566E-04   -.9536E-04   -.1051E-03   -.1146E-03   -.1241E-03   -.1333E-03   -.1425E-03   -.1513E-03   -.1601E-03   -.1684E-03   -.1767E-03   -.1843E-03   -.1919E-03   -.1988E-03   -.2057E-03   -.2116E-03   -.2177E-03   -.2226E-03   -.2276E-03   -.2313E-03   -.2351E-03   -.2374E-03   -.2399E-03   -.2405E-03   -.2416E-03   -.2402E-03   -.2395E-03   -.2359E-03   -.2332E-03   -.2271E-03   -.2221E-03   -.2129E-03   -.2052E-03   -.1925E-03   -.1818E-03   -.1649E-03   -.1505E-03   -.1288E-03   -.1102E-03   -.8257E-04   -.5884E-04   -.2416E-04   0.5718E-05   0.4907E-04   0.8651E-04   0.1406E-03   0.1875E-03   0.2552E-03   0.3143E-03   0.3994E-03   0.4745E-03   0.5824E-03   0.6790E-03   0.8177E-03   0.9442E-03   0.1125E-02   0.1294E-02   0.1536E-02   0.1768E-02   0.2099E-02   0.2428E-02   0.2894E-02   0.3379E-02   0.4062E-02   0.4806E-02   0.5856E-02   0.7058E-02   0.8763E-02   0.1083E-01   0.1379E-01   0.1759E-01   0.2316E-01   0.3072E-01   0.4214E-01   0.5829E-01   0.8308E-01   0.1171E+00   0.1696E+00   0.2397E+00   0.3961E+00   0.7277E+00   0.9086E+00   0.1008E+01   0.1075E+01   0.1130E+01   0.1172E+01   0.1207E+01   0.1234E+01
0.1278E+02   0.5351E-05   -.1752E-05   -.9711E-05   -.1839E-04   -.2759E-04   -.3709E-04   -.4683E-04   -.5664E-04   -.6659E-04   -.7652E-04   -.8650E-04   -.9635E-04   -.1062E-03   -.1158E-03   -.1254E-03   -.1347E-03   -.1440E-03   -.1529E-03   -.1617E-03   -.1700E-03   -.1783E-03   -.1859E-03   -.1935E-03   -.2004E-03   -.2071E-03   -.2131E-03   -.2189E-03   -.2238E-03   -.2285E-03   -.2322E-03   -.2356E-03   -.2378E-03   -.2399E-03   -.2403E-03   -.2407E-03   -.2393E-03   -.2377E-03   -.2340E-03   -.2303E-03   -.2240E-03   -.2177E-03   -.2084E-03   -.1992E-03   -.1862E-03   -.1736E-03   -.1565E-03   -.1399E-03   -.1178E-03   -.9642E-04   -.6836E-04   -.4126E-04   -.5994E-05   0.2806E-04   0.7219E-04   0.1149E-03   0.1700E-03   0.2236E-03   0.2928E-03   0.3603E-03   0.4477E-03   0.5337E-03   0.6452E-03   0.7563E-03   0.9005E-03   0.1047E-02   0.1237E-02   0.1433E-02   0.1689E-02   0.1960E-02   0.2315E-02   0.2702E-02   0.3211E-02   0.3785E-02   0.4546E-02   0.5435E-02   0.6630E-02   0.8087E-02   0.1008E-01   0.1262E-01   0.1618E-01   0.2097E-01   0.2787E-01   0.3765E-01   0.5214E-01   0.7332E-01   0.1043E+00   0.1488E+00   0.2135E+00   0.3291E+00   0.5906E+00   0.8769E+00   0.9719E+00   0.1057E+01   0.1111E+01   0.1159E+01   0.1194E+01   0.1225E+01   0.1249E+01
0.1300E+02   0.5834E-05   -.1388E-05   -.9405E-05   -.1827E-04   -.2753E-04   -.3727E-04   -.4704E-04   -.5712E-04   -.6706E-04   -.7729E-04   -.8722E-04   -.9739E-04   -.1071E-03   -.1171E-03   -.1265E-03   -.1362E-03   -.1452E-03   -.1545E-03   -.1630E-03   -.1718E-03   -.1795E-03   -.1878E-03   -.1947E-03   -.2022E-03   -.2081E-03   -.2149E-03   -.2196E-03   -.2254E-03   -.2288E-03   -.2335E-03   -.2353E-03   -.2388E-03   -.2387E-03   -.2409E-03   -.2386E-03   -.2392E-03   -.2345E-03   -.2332E-03   -.2256E-03   -.2222E-03   -.2112E-03   -.2055E-03   -.1904E-03   -.1820E-03   -.1622E-03   -.1507E-03   -.1251E-03   -.1100E-03   -.7757E-04   -.5810E-04   -.1741E-04   0.7312E-05   0.5815E-04   0.8934E-04   0.1528E-03   0.1922E-03   0.2715E-03   0.3214E-03   0.4212E-03   0.4852E-03   0.6116E-03   0.6950E-03   0.8571E-03   0.9679E-03   0.1179E-02   0.1330E-02   0.1610E-02   0.1822E-02   0.2203E-02   0.2510E-02   0.3044E-02   0.3507E-02   0.4285E-02   0.5014E-02   0.6202E-02   0.7410E-02   0.9329E-02   0.1145E-01   0.1477E-01   0.1878E-01   0.2502E-01   0.3316E-01   0.4598E-01   0.6356E-01   0.9144E-01   0.1281E+00   0.1874E+00   0.2621E+00   0.4535E+00   0.8452E+00   0.9358E+00   0.1039E+01   0.1091E+01   0.1147E+01   0.1182E+01   0.1217E+01   0.1241E+01   0.1264E+01
0.1322E+02   0.6331E-05   -.9201E-06   -.9110E-05   -.1803E-04   -.2751E-04   -.3728E-04   -.4731E-04   -.5739E-04   -.6762E-04   -.7780E-04   -.8805E-04   -.9812E-04   -.1082E-03   -.1180E-03   -.1278E-03   -.1373E-03   -.1467E-03   -.1556E-03   -.1646E-03   -.1729E-03   -.1812E-03   -.1888E-03   -.1963E-03   -.2030E-03   -.2097E-03   -.2154E-03   -.2210E-03   -.2255E-03   -.2300E-03   -.2330E-03   -.2362E-03   -.2376E-03   -.2391E-03   -.2387E-03   -.2385E-03   -.2358E-03   -.2335E-03   -.2283E-03   -.2237E-03   -.2156E-03   -.2082E-03   -.1966E-03   -.1861E-03   -.1705E-03   -.1563E-03   -.1358E-03   -.1172E-03   -.9107E-04   -.6727E-04   -.3419E-04   -.4082E-05   0.3744E-04   0.7531E-04   0.1273E-03   0.1749E-03   0.2401E-03   0.3001E-03   0.3823E-03   0.4587E-03   0.5631E-03   0.6614E-03   0.7958E-03   0.9244E-03   0.1100E-02   0.1272E-02   0.1507E-02   0.1742E-02   0.2064E-02   0.2397E-02   0.2852E-02   0.3339E-02   0.4007E-02   0.4754E-02   0.5781E-02   0.6982E-02   0.8652E-02   0.1070E-01   0.1361E-01   0.1737E-01   0.2283E-01   0.3031E-01   0.4149E-01   0.5740E-01   0.8168E-01   0.1152E+00   0.1666E+00   0.2359E+00   0.3865E+00   0.7081E+00   0.9041E+00   0.1003E+01   0.1073E+01   0.1128E+01   0.1170E+01   0.1205E+01   0.1232E+01   0.1256E+01   0.1275E+01
0.1343E+02   0.6861E-05   -.4602E-06   -.8759E-05   -.1780E-04   -.2741E-04   -.3731E-04   -.4748E-04   -.5769E-04   -.6806E-04   -.7836E-04   -.8874E-04   -.9891E-04   -.1091E-03   -.1190E-03   -.1289E-03   -.1384E-03   -.1479E-03   -.1569E-03   -.1658E-03   -.1742E-03   -.1825E-03   -.1900E-03   -.1975E-03   -.2041E-03   -.2107E-03   -.2163E-03   -.2218E-03   -.2260E-03   -.2303E-03   -.2331E-03   -.2360E-03   -.2370E-03   -.2383E-03   -.2373E-03   -.2367E-03   -.2335E-03   -.2308E-03   -.2248E-03   -.2196E-03   -.2106E-03   -.2025E-03   -.1899E-03   -.1785E-03   -.1615E-03   -.1462E-03   -.1242E-03   -.1042E-03   -.7611E-04   -.5067E-04   -.1515E-04   0.1703E-04   0.6160E-04   0.1021E-03   0.1580E-03   0.2090E-03   0.2792E-03   0.3437E-03   0.4324E-03   0.5148E-03   0.6280E-03   0.7347E-03   0.8811E-03   0.1022E-02   0.1214E-02   0.1404E-02   0.1663E-02   0.1926E-02   0.2284E-02   0.2659E-02   0.3172E-02   0.3730E-02   0.4493E-02   0.5360E-02   0.6554E-02   0.7975E-02   0.9956E-02   0.1244E-01   0.1597E-01   0.2064E-01   0.2745E-01   0.3700E-01   0.5125E-01   0.7192E-01   0.1024E+00   0.1458E+00   0.2098E+00   0.3195E+00   0.5710E+00   0.8724E+00   0.9667E+00   0.1055E+01   0.1108E+01   0.1158E+01   0.1192E+01   0.1224E+01   0.1248E+01   0.1269E+01   0.1286E+01
0.1365E+02   0.7428E-05   -.9475E-08   -.8345E-05   -.1759E-04   -.2722E-04   -.3737E-04   -.4754E-04   -.5803E-04   -.6836E-04   -.7897E-04   -.8925E-04   -.9978E-04   -.1098E-03   -.1201E-03   -.1297E-03   -.1397E-03   -.1488E-03   -.1583E-03   -.1667E-03   -.1756E-03   -.1833E-03   -.1915E-03   -.1982E-03   -.2056E-03   -.2111E-03   -.2175E-03   -.2217E-03   -.2271E-03   -.2297E-03   -.2338E-03   -.2346E-03   -.2373E-03   -.2360E-03   -.2370E-03   -.2332E-03   -.2325E-03   -.2258E-03   -.2229E-03   -.2128E-03   -.2076E-03   -.1936E-03   -.1855E-03   -.1668E-03   -.1555E-03   -.1313E-03   -.1162E-03   -.8527E-04   -.6577E-04   -.2670E-04   -.1787E-05   0.4721E-04   0.7879E-04   0.1401E-03   0.1801E-03   0.2570E-03   0.3078E-03   0.4046E-03   0.4699E-03   0.5928E-03   0.6778E-03   0.8356E-03   0.9484E-03   0.1154E-02   0.1308E-02   0.1581E-02   0.1796E-02   0.2168E-02   0.2478E-02   0.3002E-02   0.3467E-02   0.4230E-02   0.4962E-02   0.6127E-02   0.7334E-02   0.9217E-02   0.1133E-01   0.1459E-01   0.1856E-01   0.2469E-01   0.3274E-01   0.4533E-01   0.6267E-01   0.9004E-01   0.1262E+00   0.1844E+00   0.2583E+00   0.4439E+00   0.8256E+00   0.9313E+00   0.1034E+01   0.1088E+01   0.1144E+01   0.1180E+01   0.1215E+01   0.1240E+01   0.1263E+01   0.1280E+01   0.1296E+01
0.1387E+02   0.8007E-05   0.5567E-06   -.7944E-05   -.1722E-04   -.2707E-04   -.3724E-04   -.4766E-04   -.5813E-04   -.6874E-04   -.7929E-04   -.8989E-04   -.1003E-03   -.1106E-03   -.1207E-03   -.1307E-03   -.1404E-03   -.1500E-03   -.1590E-03   -.1680E-03   -.1763E-03   -.1846E-03   -.1920E-03   -.1994E-03   -.2058E-03   -.2121E-03   -.2174E-03   -.2225E-03   -.2264E-03   -.2302E-03   -.2324E-03   -.2346E-03   -.2350E-03   -.2354E-03   -.2336E-03   -.2319E-03   -.2277E-03   -.2235E-03   -.2164E-03   -.2094E-03   -.1990E-03   -.1888E-03   -.1743E-03   -.1603E-03   -.1412E-03   -.1227E-03   -.9803E-04   -.7420E-04   -.4277E-04   -.1246E-04   0.2718E-04   0.6545E-04   0.1153E-03   0.1635E-03   0.2262E-03   0.2871E-03   0.3663E-03   0.4439E-03   0.5448E-03   0.6447E-03   0.7747E-03   0.9054E-03   0.1076E-02   0.1250E-02   0.1478E-02   0.1717E-02   0.2030E-02   0.2366E-02   0.2809E-02   0.3300E-02   0.3953E-02   0.4701E-02   0.5706E-02   0.6906E-02   0.8540E-02   0.1058E-01   0.1343E-01   0.1716E-01   0.2251E-01   0.2989E-01   0.4084E-01   0.5651E-01   0.8028E-01   0.1134E+00   0.1636E+00   0.2322E+00   0.3769E+00   0.6885E+00   0.8996E+00   0.9976E+00   0.1070E+01   0.1125E+01   0.1168E+01   0.1203E+01   0.1231E+01   0.1255E+01   0.1274E+01   0.1291E+01   0.1305E+01
0.1408E+02   0.8619E-05   0.1123E-05   -.7489E-05   -.1686E-04   -.2685E-04   -.3712E-04   -.4769E-04   -.5825E-04   -.6901E-04   -.7964E-04   -.9038E-04   -.1008E-03   -.1113E-03   -.1214E-03   -.1316E-03   -.1412E-03   -.1509E-03   -.1599E-03   -.1689E-03   -.1771E-03   -.1854E-03   -.1927E-03   -.2001E-03   -.2063E-03   -.2127E-03   -.2175E-03   -.2227E-03   -.2261E-03   -.2299E-03   -.2315E-03   -.2337E-03   -.2333E-03   -.2336E-03   -.2309E-03   -.2292E-03   -.2237E-03   -.2195E-03   -.2109E-03   -.2040E-03   -.1916E-03   -.1815E-03   -.1647E-03   -.1508E-03   -.1288E-03   -.1104E-03   -.8226E-04   -.5851E-04   -.2278E-04   0.7469E-05   0.5245E-04   0.9074E-04   0.1473E-03   0.1957E-03   0.2668E-03   0.3283E-03   0.4183E-03   0.4970E-03   0.6119E-03   0.7142E-03   0.8627E-03   0.9978E-03   0.1193E-02   0.1376E-02   0.1638E-02   0.1892E-02   0.2254E-02   0.2617E-02   0.3133E-02   0.3675E-02   0.4441E-02   0.5284E-02   0.6478E-02   0.7863E-02   0.9834E-02   0.1226E-01   0.1575E-01   0.2032E-01   0.2703E-01   0.3634E-01   0.5036E-01   0.7052E-01   0.1006E+00   0.1429E+00   0.2060E+00   0.3099E+00   0.5514E+00   0.8679E+00   0.9616E+00   0.1052E+01   0.1105E+01   0.1156E+01   0.1191E+01   0.1223E+01   0.1247E+01   0.1268E+01   0.1285E+01   0.1300E+01   0.1313E+01
0.1430E+02   0.9282E-05   0.1674E-05   -.6947E-05   -.1653E-04   -.2651E-04   -.3704E-04   -.4756E-04   -.5843E-04   -.6909E-04   -.8006E-04   -.9064E-04   -.1015E-03   -.1117E-03   -.1222E-03   -.1320E-03   -.1422E-03   -.1513E-03   -.1609E-03   -.1693E-03   -.1782E-03   -.1857E-03   -.1938E-03   -.2001E-03   -.2072E-03   -.2122E-03   -.2182E-03   -.2217E-03   -.2265E-03   -.2281E-03   -.2314E-03   -.2310E-03   -.2327E-03   -.2298E-03   -.2296E-03   -.2239E-03   -.2215E-03   -.2125E-03   -.2077E-03   -.1948E-03   -.1871E-03   -.1696E-03   -.1586E-03   -.1356E-03   -.1207E-03   -.9127E-04   -.7176E-04   -.3436E-04   -.9285E-05   0.3782E-04   0.6976E-04   0.1289E-03   0.1695E-03   0.2438E-03   0.2955E-03   0.3893E-03   0.4558E-03   0.5751E-03   0.6617E-03   0.8151E-03   0.9300E-03   0.1130E-02   0.1286E-02   0.1553E-02   0.1770E-02   0.2134E-02   0.2448E-02   0.2960E-02   0.3429E-02   0.4176E-02   0.4909E-02   0.6052E-02   0.7257E-02   0.9106E-02   0.1121E-01   0.1441E-01   0.1835E-01   0.2437E-01   0.3232E-01   0.4467E-01   0.6178E-01   0.8864E-01   0.1244E+00   0.1814E+00   0.2546E+00   0.4343E+00   0.8060E+00   0.9268E+00   0.1029E+01   0.1086E+01   0.1142E+01   0.1179E+01   0.1213E+01   0.1238E+01   0.1262E+01   0.1279E+01   0.1296E+01   0.1308E+01   0.1320E+01
0.1452E+02   0.9954E-05   0.2352E-05   -.6423E-05   -.1603E-04   -.2621E-04   -.3674E-04   -.4751E-04   -.5834E-04   -.6927E-04   -.8015E-04   -.9103E-04   -.1017E-03   -.1123E-03   -.1226E-03   -.1327E-03   -.1425E-03   -.1521E-03   -.1613E-03   -.1701E-03   -.1784E-03   -.1864E-03   -.1937E-03   -.2007E-03   -.2068E-03   -.2126E-03   -.2174E-03   -.2218E-03   -.2249E-03   -.2277E-03   -.2291E-03   -.2300E-03   -.2292E-03   -.2280E-03   -.2248E-03   -.2211E-03   -.2151E-03   -.2086E-03   -.1993E-03   -.1894E-03   -.1762E-03   -.1625E-03   -.1447E-03   -.1264E-03   -.1032E-03   -.7935E-04   -.4963E-04   -.1915E-04   0.1856E-04   0.5720E-04   0.1048E-03   0.1536E-03   0.2137E-03   0.2756E-03   0.3517E-03   0.4305E-03   0.5277E-03   0.6293E-03   0.7549E-03   0.8876E-03   0.1053E-02   0.1230E-02   0.1451E-02   0.1692E-02   0.1996E-02   0.2336E-02   0.2768E-02   0.3262E-02   0.3898E-02   0.4649E-02   0.5630E-02   0.6829E-02   0.8429E-02   0.1046E-01   0.1325E-01   0.1694E-01   0.2218E-01   0.2947E-01   0.4018E-01   0.5562E-01   0.7887E-01   0.1116E+00   0.1607E+00   0.2284E+00   0.3673E+00   0.6689E+00   0.8950E+00   0.9925E+00   0.1068E+01   0.1122E+01   0.1166E+01   0.1201E+01   0.1230E+01   0.1254E+01   0.1273E+01   0.1290E+01   0.1304E+01   0.1316E+01   0.1327E+01
0.1473E+02   0.1066E-04   0.3042E-05   -.5850E-05   -.1551E-04   -.2585E-04   -.3643E-04   -.4737E-04   -.5823E-04   -.6935E-04   -.8023E-04   -.9130E-04   -.1019E-03   -.1127E-03   -.1229E-03   -.1333E-03   -.1429E-03   -.1527E-03   -.1616E-03   -.1707E-03   -.1786E-03   -.1869E-03   -.1937E-03   -.2010E-03   -.2065E-03   -.2125E-03   -.2166E-03   -.2213E-03   -.2235E-03   -.2266E-03   -.2268E-03   -.2282E-03   -.2260E-03   -.2253E-03   -.2203E-03   -.2173E-03   -.2091E-03   -.2033E-03   -.1913E-03   -.1824E-03   -.1659E-03   -.1534E-03   -.1316E-03   -.1147E-03   -.8654E-04   -.6451E-04   -.2862E-04   -.3314E-06   0.4502E-04   0.8105E-04   0.1382E-03   0.1840E-03   0.2560E-03   0.3144E-03   0.4056E-03   0.4807E-03   0.5972E-03   0.6949E-03   0.8456E-03   0.9751E-03   0.1173E-02   0.1349E-02   0.1614E-02   0.1859E-02   0.2224E-02   0.2576E-02   0.3095E-02   0.3621E-02   0.4389E-02   0.5209E-02   0.6402E-02   0.7752E-02   0.9713E-02   0.1208E-01   0.1554E-01   0.1999E-01   0.2661E-01   0.3569E-01   0.4947E-01   0.6911E-01   0.9874E-01   0.1399E+00   0.2023E+00   0.3003E+00   0.5318E+00   0.8633E+00   0.9564E+00   0.1049E+01   0.1102E+01   0.1154E+01   0.1189E+01   0.1222E+01   0.1245E+01   0.1267E+01   0.1284E+01   0.1300E+01   0.1312E+01   0.1323E+01   0.1333E+01
0.1495E+02   0.1143E-04   0.3707E-05   -.5159E-05   -.1503E-04   -.2532E-04   -.3618E-04   -.4702E-04   -.5821E-04   -.6916E-04   -.8042E-04   -.9124E-04   -.1023E-03   -.1127E-03   -.1234E-03   -.1333E-03   -.1435E-03   -.1527E-03   -.1622E-03   -.1705E-03   -.1793E-03   -.1864E-03   -.1942E-03   -.2001E-03   -.2068E-03   -.2112E-03   -.2166E-03   -.2192E-03   -.2231E-03   -.2236E-03   -.2259E-03   -.2240E-03   -.2244E-03   -.2197E-03   -.2178E-03   -.2099E-03   -.2055E-03   -.1938E-03   -.1865E-03   -.1703E-03   -.1595E-03   -.1380E-03   -.1232E-03   -.9530E-04   -.7582E-04   -.4014E-04   -.1492E-04   0.3024E-04   0.6251E-04   0.1194E-03   0.1606E-03   0.2323E-03   0.2849E-03   0.3756E-03   0.4433E-03   0.5589E-03   0.6471E-03   0.7961E-03   0.9130E-03   0.1108E-02   0.1266E-02   0.1526E-02   0.1747E-02   0.2102E-02   0.2418E-02   0.2918E-02   0.3391E-02   0.4122E-02   0.4857E-02   0.5977E-02   0.7182E-02   0.8995E-02   0.1109E-01   0.1423E-01   0.1813E-01   0.2404E-01   0.3190E-01   0.4402E-01   0.6089E-01   0.8723E-01   0.1225E+00   0.1784E+00   0.2509E+00   0.4247E+00   0.7865E+00   0.9222E+00   0.1023E+01   0.1083E+01   0.1139E+01   0.1177E+01   0.1212E+01   0.1237E+01   0.1260E+01   0.1278E+01   0.1295E+01   0.1308E+01   0.1320E+01   0.1329E+01   0.1338E+01
0.1517E+02   0.1221E-04   0.4511E-05   -.4492E-05   -.1438E-04   -.2485E-04   -.3569E-04   -.4675E-04   -.5789E-04   -.6909E-04   -.8024E-04   -.9133E-04   -.1022E-03   -.1130E-03   -.1234E-03   -.1336E-03   -.1435E-03   -.1530E-03   -.1621E-03   -.1708E-03   -.1789E-03   -.1866E-03   -.1936E-03   -.2000E-03   -.2057E-03   -.2107E-03   -.2148E-03   -.2182E-03   -.2206E-03   -.2221E-03   -.2223E-03   -.2217E-03   -.2196E-03   -.2164E-03   -.2115E-03   -.2054E-03   -.1973E-03   -.1878E-03   -.1759E-03   -.1624E-03   -.1461E-03   -.1279E-03   -.1063E-03   -.8248E-04   -.5450E-04   -.2388E-04   0.1185E-04   0.5083E-04   0.9616E-04   0.1456E-03   0.2030E-03   0.2657E-03   0.3387E-03   0.4188E-03   0.5123E-03   0.6154E-03   0.7365E-03   0.8713E-03   0.1031E-02   0.1210E-02   0.1424E-02   0.1669E-02   0.1964E-02   0.2307E-02   0.2727E-02   0.3225E-02   0.3845E-02   0.4598E-02   0.5556E-02   0.6754E-02   0.8318E-02   0.1034E-01   0.1306E-01   0.1673E-01   0.2185E-01   0.2905E-01   0.3953E-01   0.5473E-01   0.7747E-01   0.1097E+00   0.1577E+00   0.2247E+00   0.3578E+00   0.6493E+00   0.8905E+00   0.9873E+00   0.1065E+01   0.1119E+01   0.1165E+01   0.1199E+01   0.1229E+01   0.1252E+01   0.1272E+01   0.1289E+01   0.1303E+01   0.1316E+01   0.1326E+01   0.1335E+01   0.1343E+01
0.1538E+02   0.1302E-04   0.5345E-05   -.3784E-05   -.1368E-04   -.2432E-04   -.3516E-04   -.4642E-04   -.5751E-04   -.6894E-04   -.8000E-04   -.9134E-04   -.1021E-03   -.1131E-03   -.1233E-03   -.1338E-03   -.1433E-03   -.1532E-03   -.1618E-03   -.1709E-03   -.1784E-03   -.1865E-03   -.1927E-03   -.1997E-03   -.2044E-03   -.2100E-03   -.2129E-03   -.2170E-03   -.2178E-03   -.2202E-03   -.2186E-03   -.2189E-03   -.2145E-03   -.2126E-03   -.2048E-03   -.2003E-03   -.1887E-03   -.1811E-03   -.1649E-03   -.1538E-03   -.1321E-03   -.1168E-03   -.8871E-04   -.6845E-04   -.3242E-04   -.6132E-05   0.3956E-04   0.7329E-04   0.1310E-03   0.1741E-03   0.2470E-03   0.3022E-03   0.3947E-03   0.4660E-03   0.5841E-03   0.6773E-03   0.8300E-03   0.9539E-03   0.1154E-02   0.1323E-02   0.1591E-02   0.1827E-02   0.2196E-02   0.2535E-02   0.3059E-02   0.3567E-02   0.4338E-02   0.5135E-02   0.6326E-02   0.7641E-02   0.9591E-02   0.1190E-01   0.1532E-01   0.1966E-01   0.2619E-01   0.3504E-01   0.4858E-01   0.6771E-01   0.9690E-01   0.1369E+00   0.1985E+00   0.2908E+00   0.5122E+00   0.8588E+00   0.9513E+00   0.1047E+01   0.1100E+01   0.1152E+01   0.1187E+01   0.1220E+01   0.1244E+01   0.1266E+01   0.1283E+01   0.1299E+01   0.1311E+01   0.1323E+01   0.1332E+01   0.1340E+01   0.1347E+01
0.1560E+02   0.1391E-04   0.6141E-05   -.2920E-05   -.1304E-04   -.2358E-04   -.3471E-04   -.4581E-04   -.5725E-04   -.6843E-04   -.7992E-04   -.9091E-04   -.1021E-03   -.1127E-03   -.1234E-03   -.1333E-03   -.1435E-03   -.1525E-03   -.1620E-03   -.1700E-03   -.1785E-03   -.1852E-03   -.1926E-03   -.1979E-03   -.2040E-03   -.2075E-03   -.2121E-03   -.2136E-03   -.2165E-03   -.2156E-03   -.2166E-03   -.2130E-03   -.2116E-03   -.2049E-03   -.2009E-03   -.1905E-03   -.1835E-03   -.1686E-03   -.1582E-03   -.1381E-03   -.1235E-03   -.9714E-04   -.7772E-04   -.4379E-04   -.1847E-04   0.2470E-04   0.5729E-04   0.1119E-03   0.1536E-03   0.2227E-03   0.2761E-03   0.3637E-03   0.4325E-03   0.5444E-03   0.6342E-03   0.7786E-03   0.8975E-03   0.1087E-02   0.1248E-02   0.1501E-02   0.1724E-02   0.2070E-02   0.2390E-02   0.2878E-02   0.3354E-02   0.4069E-02   0.4807E-02   0.5903E-02   0.7107E-02   0.8884E-02   0.1097E-01   0.1405E-01   0.1792E-01   0.2372E-01   0.3148E-01   0.4337E-01   0.6000E-01   0.8583E-01   0.1207E+00   0.1755E+00   0.2471E+00   0.4152E+00   0.7669E+00   0.9177E+00   0.1018E+01   0.1081E+01   0.1136E+01   0.1175E+01   0.1210E+01   0.1236E+01   0.1259E+01   0.1278E+01   0.1294E+01   0.1307E+01   0.1319E+01   0.1329E+01   0.1338E+01   0.1345E+01   0.1351E+01
0.1582E+02   0.1481E-04   0.7086E-05   -.2086E-05   -.1220E-04   -.2290E-04   -.3400E-04   -.4529E-04   -.5667E-04   -.6806E-04   -.7943E-04   -.9064E-04   -.1017E-03   -.1125E-03   -.1230E-03   -.1331E-03   -.1430E-03   -.1523E-03   -.1612E-03   -.1696E-03   -.1775E-03   -.1846E-03   -.1912E-03   -.1969E-03   -.2020E-03   -.2060E-03   -.2093E-03   -.2115E-03   -.2128E-03   -.2127E-03   -.2117E-03   -.2091E-03   -.2053E-03   -.1997E-03   -.1928E-03   -.1837E-03   -.1732E-03   -.1600E-03   -.1451E-03   -.1271E-03   -.1071E-03   -.8336E-04   -.5716E-04   -.2644E-04   0.7280E-05   0.4656E-04   0.8959E-04   0.1396E-03   0.1943E-03   0.2579E-03   0.3277E-03   0.4089E-03   0.4986E-03   0.6033E-03   0.7199E-03   0.8567E-03   0.1010E-02   0.1192E-02   0.1400E-02   0.1647E-02   0.1933E-02   0.2279E-02   0.2687E-02   0.3188E-02   0.3792E-02   0.4548E-02   0.5482E-02   0.6679E-02   0.8207E-02   0.1022E-01   0.1288E-01   0.1651E-01   0.2153E-01   0.2863E-01   0.3887E-01   0.5384E-01   0.7607E-01   0.1079E+00   0.1547E+00   0.2209E+00   0.3482E+00   0.6297E+00   0.8860E+00   0.9822E+00   0.1062E+01   0.1116E+01   0.1163E+01   0.1198E+01   0.1228E+01   0.1251E+01   0.1272E+01   0.1288E+01   0.1303E+01   0.1315E+01   0.1326E+01   0.1335E+01   0.1342E+01   0.1349E+01   0.1355E+01
0.1603E+02   0.1573E-04   0.8087E-05   -.1229E-05   -.1129E-04   -.2219E-04   -.3321E-04   -.4474E-04   -.5598E-04   -.6765E-04   -.7880E-04   -.9035E-04   -.1011E-03   -.1122E-03   -.1223E-03   -.1329E-03   -.1422E-03   -.1520E-03   -.1602E-03   -.1692E-03   -.1761E-03   -.1840E-03   -.1893E-03   -.1959E-03   -.1995E-03   -.2046E-03   -.2060E-03   -.2094E-03   -.2084E-03   -.2099E-03   -.2060E-03   -.2052E-03   -.1980E-03   -.1947E-03   -.1835E-03   -.1772E-03   -.1614E-03   -.1517E-03   -.1303E-03   -.1166E-03   -.8855E-04   -.7009E-04   -.3397E-04   -.9712E-05   0.3627E-04   0.6767E-04   0.1259E-03   0.1663E-03   0.2400E-03   0.2921E-03   0.3857E-03   0.4532E-03   0.5729E-03   0.6615E-03   0.8162E-03   0.9344E-03   0.1137E-02   0.1299E-02   0.1570E-02   0.1797E-02   0.2169E-02   0.2497E-02   0.3023E-02   0.3516E-02   0.4289E-02   0.5062E-02   0.6252E-02   0.7531E-02   0.9471E-02   0.1172E-01   0.1511E-01   0.1934E-01   0.2577E-01   0.3438E-01   0.4768E-01   0.6630E-01   0.9506E-01   0.1339E+00   0.1948E+00   0.2812E+00   0.4926E+00   0.8543E+00   0.9461E+00   0.1044E+01   0.1097E+01   0.1151E+01   0.1186E+01   0.1219E+01   0.1243E+01   0.1266E+01   0.1283E+01   0.1298E+01   0.1311E+01   0.1322E+01   0.1332E+01   0.1340E+01   0.1347E+01   0.1353E+01   0.1359E+01
0.1625E+02   0.1677E-04   0.9031E-05   -.1646E-06   -.1046E-04   -.2119E-04   -.3252E-04   -.4381E-04   -.5544E-04   -.6677E-04   -.7839E-04   -.8947E-04   -.1008E-03   -.1113E-03   -.1220E-03   -.1318E-03   -.1419E-03   -.1507E-03   -.1598E-03   -.1675E-03   -.1755E-03   -.1817E-03   -.1885E-03   -.1930E-03   -.1982E-03   -.2007E-03   -.2043E-03   -.2045E-03   -.2060E-03   -.2035E-03   -.2028E-03   -.1972E-03   -.1937E-03   -.1845E-03   -.1780E-03   -.1644E-03   -.1543E-03   -.1357E-03   -.1213E-03   -.9658E-04   -.7724E-04   -.4511E-04   -.1971E-04   0.2143E-04   0.5430E-04   0.1066E-03   0.1488E-03   0.2152E-03   0.2694E-03   0.3538E-03   0.4238E-03   0.5319E-03   0.6232E-03   0.7631E-03   0.8840E-03   0.1068E-02   0.1231E-02   0.1477E-02   0.1703E-02   0.2040E-02   0.2363E-02   0.2840E-02   0.3319E-02   0.4017E-02   0.4757E-02   0.5830E-02   0.7033E-02   0.8774E-02   0.1085E-01   0.1387E-01   0.1771E-01   0.2339E-01   0.3106E-01   0.4272E-01   0.5911E-01   0.8443E-01   0.1189E+00   0.1725E+00   0.2434E+00   0.4056E+00   0.7473E+00   0.9132E+00   0.1013E+01   0.1078E+01   0.1133E+01   0.1173E+01   0.1208E+01   0.1235E+01   0.1258E+01   0.1277E+01   0.1293E+01   0.1307E+01   0.1318E+01   0.1328E+01   0.1337E+01   0.1345E+01   0.1351E+01   0.1357E+01   0.1362E+01
0.1647E+02   0.1781E-04   0.1013E-04   0.8612E-06   -.9421E-05   -.2027E-04   -.3157E-04   -.4299E-04   -.5456E-04   -.6604E-04   -.7755E-04   -.8879E-04   -.9992E-04   -.1106E-03   -.1211E-03   -.1310E-03   -.1408E-03   -.1498E-03   -.1585E-03   -.1663E-03   -.1738E-03   -.1802E-03   -.1862E-03   -.1909E-03   -.1952E-03   -.1981E-03   -.2004E-03   -.2010E-03   -.2010E-03   -.1990E-03   -.1964E-03   -.1913E-03   -.1857E-03   -.1770E-03   -.1678E-03   -.1550E-03   -.1416E-03   -.1238E-03   -.1054E-03   -.8179E-04   -.5741E-04   -.2662E-04   0.5054E-05   0.4461E-04   0.8529E-04   0.1358E-03   0.1878E-03   0.2522E-03   0.3188E-03   0.4011E-03   0.4870E-03   0.5933E-03   0.7052E-03   0.8440E-03   0.9921E-03   0.1176E-02   0.1376E-02   0.1627E-02   0.1904E-02   0.2253E-02   0.2649E-02   0.3154E-02   0.3741E-02   0.4499E-02   0.5410E-02   0.6606E-02   0.8098E-02   0.1010E-01   0.1270E-01   0.1630E-01   0.2120E-01   0.2821E-01   0.3822E-01   0.5295E-01   0.7466E-01   0.1060E+00   0.1517E+00   0.2172E+00   0.3386E+00   0.6101E+00   0.8815E+00   0.9770E+00   0.1060E+01   0.1114E+01   0.1161E+01   0.1196E+01   0.1226E+01   0.1250E+01   0.1271E+01   0.1287E+01   0.1302E+01   0.1314E+01   0.1325E+01   0.1334E+01   0.1342E+01   0.1349E+01   0.1355E+01   0.1360E+01   0.1365E+01
0.1668E+02   0.1886E-04   0.1133E-04   0.1885E-05   -.8262E-05   -.1935E-04   -.3046E-04   -.4220E-04   -.5348E-04   -.6535E-04   -.7647E-04   -.8816E-04   -.9877E-04   -.1100E-03   -.1198E-03   -.1304E-03   -.1392E-03   -.1490E-03   -.1566E-03   -.1653E-03   -.1714E-03   -.1789E-03   -.1831E-03   -.1892E-03   -.1913E-03   -.1958E-03   -.1954E-03   -.1980E-03   -.1947E-03   -.1951E-03   -.1884E-03   -.1864E-03   -.1756E-03   -.1707E-03   -.1552E-03   -.1470E-03   -.1259E-03   -.1138E-03   -.8587E-04   -.6924E-04   -.3306E-04   -.1087E-04   0.3538E-04   0.6442E-04   0.1232E-03   0.1608E-03   0.2353E-03   0.2842E-03   0.3789E-03   0.4426E-03   0.5638E-03   0.6477E-03   0.8044E-03   0.9169E-03   0.1122E-02   0.1277E-02   0.1551E-02   0.1768E-02   0.2144E-02   0.2459E-02   0.2989E-02   0.3465E-02   0.4240E-02   0.4990E-02   0.6179E-02   0.7422E-02   0.9352E-02   0.1154E-01   0.1489E-01   0.1901E-01   0.2535E-01   0.3373E-01   0.4679E-01   0.6490E-01   0.9322E-01   0.1310E+00   0.1910E+00   0.2716E+00   0.4730E+00   0.8498E+00   0.9410E+00   0.1041E+01   0.1094E+01   0.1149E+01   0.1184E+01   0.1218E+01   0.1242E+01   0.1265E+01   0.1282E+01   0.1298E+01   0.1310E+01   0.1322E+01   0.1331E+01   0.1340E+01   0.1347E+01   0.1353E+01   0.1358E+01   0.1363E+01   0.1367E+01
0.1690E+02   0.2006E-04   0.1244E-04   0.3180E-05   -.7216E-05   -.1806E-04   -.2951E-04   -.4091E-04   -.5263E-04   -.6403E-04   -.7568E-04   -.8675E-04   -.9801E-04   -.1084E-03   -.1190E-03   -.1286E-03   -.1383E-03   -.1468E-03   -.1555E-03   -.1626E-03   -.1700E-03   -.1755E-03   -.1814E-03   -.1849E-03   -.1891E-03   -.1904E-03   -.1925E-03   -.1912E-03   -.1910E-03   -.1866E-03   -.1837E-03   -.1757E-03   -.1697E-03   -.1575E-03   -.1478E-03   -.1306E-03   -.1165E-03   -.9341E-04   -.7419E-04   -.4389E-04   -.1844E-04   0.2063E-04   0.5374E-04   0.1037E-03   0.1464E-03   0.2100E-03   0.2650E-03   0.3462E-03   0.4173E-03   0.5216E-03   0.6144E-03   0.7496E-03   0.8724E-03   0.1050E-02   0.1216E-02   0.1455E-02   0.1684E-02   0.2012E-02   0.2338E-02   0.2803E-02   0.3285E-02   0.3967E-02   0.4709E-02   0.5759E-02   0.6960E-02   0.8666E-02   0.1073E-01   0.1369E-01   0.1749E-01   0.2307E-01   0.3064E-01   0.4206E-01   0.5822E-01   0.8302E-01   0.1170E+00   0.1695E+00   0.2396E+00   0.3960E+00   0.7277E+00   0.9087E+00   0.1008E+01   0.1075E+01   0.1130E+01   0.1172E+01   0.1206E+01   0.1234E+01   0.1257E+01   0.1276E+01   0.1292E+01   0.1306E+01   0.1318E+01   0.1328E+01   0.1337E+01   0.1344E+01   0.1351E+01   0.1356E+01   0.1362E+01   0.1366E+01   0.1370E+01
0.1712E+02   0.2125E-04   0.1372E-04   0.4428E-05   -.5951E-05   -.1685E-04   -.2828E-04   -.3974E-04   -.5141E-04   -.6287E-04   -.7444E-04   -.8557E-04   -.9669E-04   -.1071E-03   -.1175E-03   -.1271E-03   -.1366E-03   -.1451E-03   -.1534E-03   -.1605E-03   -.1674E-03   -.1729E-03   -.1782E-03   -.1816E-03   -.1851E-03   -.1862E-03   -.1874E-03   -.1860E-03   -.1846E-03   -.1800E-03   -.1757E-03   -.1675E-03   -.1597E-03   -.1472E-03   -.1353E-03   -.1179E-03   -.1011E-03   -.7759E-04   -.5505E-04   -.2422E-04   0.5369E-05   0.4516E-04   0.8346E-04   0.1344E-03   0.1837E-03   0.2488E-03   0.3122E-03   0.3957E-03   0.4777E-03   0.5854E-03   0.6927E-03   0.8334E-03   0.9758E-03   0.1163E-02   0.1355E-02   0.1609E-02   0.1877E-02   0.2229E-02   0.2613E-02   0.3121E-02   0.3692E-02   0.4451E-02   0.5339E-02   0.6534E-02   0.7990E-02   0.9981E-02   0.1253E-01   0.1609E-01   0.2088E-01   0.2779E-01   0.3757E-01   0.5206E-01   0.7326E-01   0.1042E+00   0.1488E+00   0.2135E+00   0.3290E+00   0.5905E+00   0.8769E+00   0.9719E+00   0.1057E+01   0.1111E+01   0.1159E+01   0.1194E+01   0.1225E+01   0.1249E+01   0.1270E+01   0.1287E+01   0.1302E+01   0.1314E+01   0.1325E+01   0.1334E+01   0.1342E+01   0.1349E+01   0.1355E+01   0.1360E+01   0.1364E+01   0.1368E+01   0.1372E+01
0.1733E+02   0.2244E-04   0.1514E-04   0.5636E-05   -.4499E-05   -.1571E-04   -.2680E-04   -.3867E-04   -.4988E-04   -.6186E-04   -.7281E-04   -.8457E-04   -.9488E-04   -.1061E-03   -.1155E-03   -.1260E-03   -.1342E-03   -.1437E-03   -.1504E-03   -.1589E-03   -.1638E-03   -.1709E-03   -.1736E-03   -.1792E-03   -.1794E-03   -.1831E-03   -.1804E-03   -.1821E-03   -.1759E-03   -.1751E-03   -.1648E-03   -.1614E-03   -.1462E-03   -.1396E-03   -.1187E-03   -.1083E-03   -.8048E-04   -.6571E-04   -.2950E-04   -.9409E-05   0.3706E-04   0.6371E-04   0.1229E-03   0.1578E-03   0.2331E-03   0.2786E-03   0.3745E-03   0.4342E-03   0.5569E-03   0.6362E-03   0.7948E-03   0.9016E-03   0.1109E-02   0.1257E-02   0.1534E-02   0.1742E-02   0.2121E-02   0.2424E-02   0.2957E-02   0.3417E-02   0.4194E-02   0.4920E-02   0.6108E-02   0.7315E-02   0.9234E-02   0.1136E-01   0.1468E-01   0.1869E-01   0.2493E-01   0.3307E-01   0.4590E-01   0.6349E-01   0.9138E-01   0.1280E+00   0.1873E+00   0.2620E+00   0.4534E+00   0.8452E+00   0.9358E+00   0.1039E+01   0.1091E+01   0.1147E+01   0.1182E+01   0.1217E+01   0.1241E+01   0.1264E+01   0.1281E+01   0.1297E+01   0.1310E+01   0.1321E+01   0.1331E+01   0.1339E+01   0.1346E+01   0.1353E+01   0.1358E+01   0.1363E+01   0.1367E+01   0.1371E+01   0.1374E+01
0.1755E+02   0.2382E-04   0.1644E-04   0.7196E-05   -.3208E-05   -.1408E-04   -.2555E-04   -.3696E-04   -.4867E-04   -.6003E-04   -.7160E-04   -.8255E-04   -.9362E-04   -.1038E-03   -.1141E-03   -.1233E-03   -.1326E-03   -.1405E-03   -.1486E-03   -.1550E-03   -.1616E-03   -.1661E-03   -.1709E-03   -.1733E-03   -.1761E-03   -.1759E-03   -.1763E-03   -.1731E-03   -.1707E-03   -.1640E-03   -.1585E-03   -.1477E-03   -.1383E-03   -.1227E-03   -.1089E-03   -.8747E-04   -.6840E-04   -.3996E-04   -.1449E-04   0.2248E-04   0.5580E-04   0.1034E-03   0.1465E-03   0.2074E-03   0.2631E-03   0.3411E-03   0.4132E-03   0.5136E-03   0.6079E-03   0.7385E-03   0.8632E-03   0.1035E-02   0.1204E-02   0.1435E-02   0.1667E-02   0.1986E-02   0.2316E-02   0.2768E-02   0.3253E-02   0.3919E-02   0.4663E-02   0.5689E-02   0.6889E-02   0.8559E-02   0.1061E-01   0.1351E-01   0.1728E-01   0.2274E-01   0.3022E-01   0.4141E-01   0.5733E-01   0.8162E-01   0.1152E+00   0.1665E+00   0.2359E+00   0.3864E+00   0.7081E+00   0.9041E+00   0.1003E+01   0.1073E+01   0.1128E+01   0.1170E+01   0.1205E+01   0.1232E+01   0.1256E+01   0.1275E+01   0.1291E+01   0.1305E+01   0.1317E+01   0.1327E+01   0.1336E+01   0.1344E+01   0.1350E+01   0.1356E+01   0.1361E+01   0.1366E+01   0.1370E+01   0.1373E+01   0.1376E+01
0.1777E+02   0.2519E-04   0.1791E-04   0.8701E-05   -.1692E-05   -.1254E-04   -.2400E-04   -.3538E-04   -.4707E-04   -.5837E-04   -.6991E-04   -.8077E-04   -.9178E-04   -.1018E-03   -.1120E-03   -.1210E-03   -.1302E-03   -.1379E-03   -.1457E-03   -.1518E-03   -.1581E-03   -.1622E-03   -.1667E-03   -.1685E-03   -.1708E-03   -.1699E-03   -.1698E-03   -.1658E-03   -.1627E-03   -.1550E-03   -.1486E-03   -.1366E-03   -.1262E-03   -.1090E-03   -.9393E-04   -.7057E-04   -.4990E-04   -.1907E-04   0.8403E-05   0.4839E-04   0.8428E-04   0.1357E-03   0.1822E-03   0.2480E-03   0.3081E-03   0.3927E-03   0.4708E-03   0.5800E-03   0.6826E-03   0.8252E-03   0.9618E-03   0.1151E-02   0.1337E-02   0.1593E-02   0.1852E-02   0.2207E-02   0.2579E-02   0.3090E-02   0.3644E-02   0.4406E-02   0.5271E-02   0.6463E-02   0.7884E-02   0.9864E-02   0.1235E-01   0.1588E-01   0.2055E-01   0.2737E-01   0.3692E-01   0.5117E-01   0.7185E-01   0.1024E+00   0.1458E+00   0.2097E+00   0.3194E+00   0.5709E+00   0.8724E+00   0.9667E+00   0.1055E+01   0.1108E+01   0.1158E+01   0.1192E+01   0.1224E+01   0.1248E+01   0.1269E+01   0.1286E+01   0.1301E+01   0.1313E+01   0.1324E+01   0.1333E+01   0.1341E+01   0.1348E+01   0.1354E+01   0.1360E+01   0.1364E+01   0.1368E+01   0.1372E+01   0.1375E+01   0.1378E+01
0.1798E+02   0.2655E-04   0.1958E-04   0.1014E-04   0.8664E-07   -.1110E-04   -.2211E-04   -.3396E-04   -.4503E-04   -.5694E-04   -.6767E-04   -.7928E-04   -.8925E-04   -.1002E-03   -.1091E-03   -.1192E-03   -.1267E-03   -.1358E-03   -.1416E-03   -.1493E-03   -.1531E-03   -.1592E-03   -.1605E-03   -.1649E-03   -.1633E-03   -.1655E-03   -.1606E-03   -.1604E-03   -.1514E-03   -.1484E-03   -.1347E-03   -.1284E-03   -.1091E-03   -.9901E-04   -.7288E-04   -.5826E-04   -.2394E-04   -.3849E-05   0.4050E-04   0.6734E-04   0.1241E-03   0.1595E-03   0.2319E-03   0.2782E-03   0.3708E-03   0.4316E-03   0.5504E-03   0.6311E-03   0.7850E-03   0.8937E-03   0.1096E-02   0.1245E-02   0.1515E-02   0.1726E-02   0.2096E-02   0.2402E-02   0.2923E-02   0.3386E-02   0.4147E-02   0.4875E-02   0.6039E-02   0.7244E-02   0.9128E-02   0.1124E-01   0.1451E-01   0.1848E-01   0.2461E-01   0.3266E-01   0.4525E-01   0.6260E-01   0.8998E-01   0.1262E+00   0.1843E+00   0.2583E+00   0.4438E+00   0.8256E+00   0.9313E+00   0.1034E+01   0.1088E+01   0.1144E+01   0.1180E+01   0.1215E+01   0.1240E+01   0.1263E+01   0.1280E+01   0.1296E+01   0.1309E+01   0.1321E+01   0.1330E+01   0.1339E+01   0.1346E+01   0.1352E+01   0.1358E+01   0.1363E+01   0.1367E+01   0.1371E+01   0.1374E+01   0.1377E+01   0.1380E+01
0.1820E+02   0.2813E-04   0.2110E-04   0.1197E-04   0.1670E-05   -.9123E-05   -.2050E-04   -.3181E-04   -.4337E-04   -.5458E-04   -.6592E-04   -.7664E-04   -.8736E-04   -.9720E-04   -.1070E-03   -.1157E-03   -.1243E-03   -.1316E-03   -.1388E-03   -.1443E-03   -.1497E-03   -.1531E-03   -.1565E-03   -.1575E-03   -.1584E-03   -.1565E-03   -.1547E-03   -.1493E-03   -.1442E-03   -.1348E-03   -.1259E-03   -.1118E-03   -.9833E-04   -.7859E-04   -.5969E-04   -.3315E-04   -.7695E-05   0.2715E-04   0.6065E-04   0.1058E-03   0.1493E-03   0.2074E-03   0.2638E-03   0.3385E-03   0.4117E-03   0.5082E-03   0.6039E-03   0.7298E-03   0.8563E-03   0.1023E-02   0.1193E-02   0.1418E-02   0.1652E-02   0.1962E-02   0.2295E-02   0.2735E-02   0.3223E-02   0.3873E-02   0.4619E-02   0.5621E-02   0.6820E-02   0.8453E-02   0.1050E-01   0.1334E-01   0.1707E-01   0.2242E-01   0.2980E-01   0.4076E-01   0.5644E-01   0.8021E-01   0.1133E+00   0.1636E+00   0.2321E+00   0.3768E+00   0.6885E+00   0.8996E+00   0.9976E+00   0.1070E+01   0.1125E+01   0.1168E+01   0.1203E+01   0.1231E+01   0.1255E+01   0.1274E+01   0.1291E+01   0.1305E+01   0.1317E+01   0.1327E+01   0.1336E+01   0.1343E+01   0.1350E+01   0.1356E+01   0.1361E+01   0.1365E+01   0.1369E+01   0.1373E+01   0.1376E+01   0.1379E+01   0.1381E+01
0.1842E+02   0.2970E-04   0.2279E-04   0.1378E-04   0.3464E-05   -.7198E-05   -.1860E-04   -.2976E-04   -.4136E-04   -.5235E-04   -.6374E-04   -.7417E-04   -.8494E-04   -.9439E-04   -.1042E-03   -.1124E-03   -.1211E-03   -.1278E-03   -.1350E-03   -.1397E-03   -.1452E-03   -.1477E-03   -.1511E-03   -.1508E-03   -.1519E-03   -.1484E-03   -.1467E-03   -.1395E-03   -.1345E-03   -.1228E-03   -.1140E-03   -.9712E-04   -.8377E-04   -.6058E-04   -.4182E-04   -.1101E-04   0.1432E-04   0.5448E-04   0.8793E-04   0.1397E-03   0.1834E-03   0.2499E-03   0.3068E-03   0.3923E-03   0.4665E-03   0.5771E-03   0.6750E-03   0.8194E-03   0.9503E-03   0.1142E-02   0.1320E-02   0.1579E-02   0.1829E-02   0.2187E-02   0.2547E-02   0.3061E-02   0.3599E-02   0.4363E-02   0.5203E-02   0.6395E-02   0.7779E-02   0.9749E-02   0.1217E-01   0.1567E-01   0.2023E-01   0.2695E-01   0.3627E-01   0.5029E-01   0.7045E-01   0.1005E+00   0.1428E+00   0.2060E+00   0.3098E+00   0.5513E+00   0.8679E+00   0.9616E+00   0.1052E+01   0.1105E+01   0.1156E+01   0.1191E+01   0.1223E+01   0.1247E+01   0.1268E+01   0.1285E+01   0.1300E+01   0.1313E+01   0.1324E+01   0.1333E+01   0.1341E+01   0.1348E+01   0.1354E+01   0.1359E+01   0.1364E+01   0.1368E+01   0.1372E+01   0.1375E+01   0.1378E+01   0.1380E+01   0.1383E+01
0.1863E+02   0.3126E-04   0.2474E-04   0.1548E-04   0.5618E-05   -.5433E-05   -.1624E-04   -.2793E-04   -.3874E-04   -.5043E-04   -.6080E-04   -.7210E-04   -.8158E-04   -.9213E-04   -.1003E-03   -.1099E-03   -.1165E-03   -.1248E-03   -.1295E-03   -.1363E-03   -.1386E-03   -.1436E-03   -.1431E-03   -.1459E-03   -.1422E-03   -.1425E-03   -.1349E-03   -.1324E-03   -.1201E-03   -.1142E-03   -.9642E-04   -.8666E-04   -.6225E-04   -.4782E-04   -.1541E-04   0.4654E-05   0.4686E-04   0.7386E-04   0.1282E-03   0.1639E-03   0.2336E-03   0.2805E-03   0.3698E-03   0.4316E-03   0.5465E-03   0.6286E-03   0.7778E-03   0.8883E-03   0.1085E-02   0.1236E-02   0.1499E-02   0.1713E-02   0.2073E-02   0.2383E-02   0.2892E-02   0.3357E-02   0.4102E-02   0.4832E-02   0.5973E-02   0.7176E-02   0.9024E-02   0.1113E-01   0.1433E-01   0.1827E-01   0.2429E-01   0.3224E-01   0.4460E-01   0.6172E-01   0.8858E-01   0.1243E+00   0.1814E+00   0.2545E+00   0.4342E+00   0.8060E+00   0.9268E+00   0.1029E+01   0.1086E+01   0.1142E+01   0.1179E+01   0.1213E+01   0.1238E+01   0.1262E+01   0.1279E+01   0.1296E+01   0.1308E+01   0.1320E+01   0.1330E+01   0.1338E+01   0.1346E+01   0.1352E+01   0.1358E+01   0.1363E+01   0.1367E+01   0.1371E+01   0.1374E+01   0.1377E+01   0.1380E+01   0.1382E+01   0.1384E+01
0.1885E+02   0.3304E-04   0.2653E-04   0.1761E-04   0.7540E-05   -.3064E-05   -.1420E-04   -.2530E-04   -.3656E-04   -.4749E-04   -.5843E-04   -.6877E-04   -.7895E-04   -.8829E-04   -.9736E-04   -.1054E-03   -.1131E-03   -.1195E-03   -.1255E-03   -.1299E-03   -.1339E-03   -.1360E-03   -.1375E-03   -.1368E-03   -.1355E-03   -.1314E-03   -.1268E-03   -.1189E-03   -.1104E-03   -.9783E-04   -.8467E-04   -.6665E-04   -.4794E-04   -.2331E-04   0.2103E-05   0.3479E-04   0.6845E-04   0.1111E-03   0.1551E-03   0.2103E-03   0.2674E-03   0.3388E-03   0.4129E-03   0.5055E-03   0.6025E-03   0.7237E-03   0.8521E-03   0.1013E-02   0.1185E-02   0.1403E-02   0.1640E-02   0.1940E-02   0.2276E-02   0.2704E-02   0.3196E-02   0.3829E-02   0.4577E-02   0.5555E-02   0.6752E-02   0.8350E-02   0.1038E-01   0.1316E-01   0.1686E-01   0.2210E-01   0.2939E-01   0.4011E-01   0.5556E-01   0.7881E-01   0.1115E+00   0.1606E+00   0.2284E+00   0.3672E+00   0.6689E+00   0.8951E+00   0.9925E+00   0.1068E+01   0.1122E+01   0.1166E+01   0.1201E+01   0.1230E+01   0.1254E+01   0.1273E+01   0.1290E+01   0.1304E+01   0.1316E+01   0.1327E+01   0.1335E+01   0.1343E+01   0.1350E+01   0.1356E+01   0.1361E+01   0.1365E+01   0.1369E+01   0.1373E+01   0.1376E+01   0.1379E+01   0.1381E+01   0.1383E+01   0.1385E+01
0.1907E+02   0.3485E-04   0.2844E-04   0.1976E-04   0.9637E-05   -.6896E-06   -.1193E-04   -.2268E-04   -.3409E-04   -.4458E-04   -.5571E-04   -.6548E-04   -.7590E-04   -.8450E-04   -.9387E-04   -.1010E-03   -.1091E-03   -.1143E-03   -.1208E-03   -.1238E-03   -.1283E-03   -.1286E-03   -.1308E-03   -.1279E-03   -.1275E-03   -.1207E-03   -.1172E-03   -.1060E-03   -.9868E-04   -.8212E-04   -.7049E-04   -.4751E-04   -.3067E-04   0.9676E-07   0.2326E-04   0.6357E-04   0.9455E-04   0.1467E-03   0.1875E-03   0.2547E-03   0.3082E-03   0.3948E-03   0.4650E-03   0.5770E-03   0.6701E-03   0.8163E-03   0.9414E-03   0.1135E-02   0.1306E-02   0.1568E-02   0.1808E-02   0.2170E-02   0.2518E-02   0.3034E-02   0.3556E-02   0.4321E-02   0.5139E-02   0.6329E-02   0.7676E-02   0.9636E-02   0.1200E-01   0.1546E-01   0.1991E-01   0.2654E-01   0.3562E-01   0.4940E-01   0.6905E-01   0.9869E-01   0.1398E+00   0.2022E+00   0.3003E+00   0.5317E+00   0.8633E+00   0.9564E+00   0.1049E+01   0.1102E+01   0.1154E+01   0.1189E+01   0.1222E+01   0.1245E+01   0.1267E+01   0.1284E+01   0.1300E+01   0.1312E+01   0.1323E+01   0.1332E+01   0.1341E+01   0.1348E+01   0.1354E+01   0.1359E+01   0.1364E+01   0.1368E+01   0.1372E+01   0.1375E+01   0.1378E+01   0.1380E+01   0.1383E+01   0.1385E+01   0.1387E+01
0.1928E+02   0.3663E-04   0.3072E-04   0.2177E-04   0.1222E-04   0.1450E-05   -.9013E-05   -.2040E-04   -.3080E-04   -.4211E-04   -.5195E-04   -.6277E-04   -.7156E-04   -.8148E-04   -.8881E-04   -.9756E-04   -.1031E-03   -.1104E-03   -.1137E-03   -.1192E-03   -.1198E-03   -.1232E-03   -.1206E-03   -.1215E-03   -.1152E-03   -.1131E-03   -.1023E-03   -.9686E-04   -.8061E-04   -.7118E-04   -.4849E-04   -.3427E-04   -.3784E-05   0.1623E-04   0.5626E-04   0.8341E-04   0.1353E-03   0.1714E-03   0.2382E-03   0.2858E-03   0.3717E-03   0.4345E-03   0.5454E-03   0.6289E-03   0.7733E-03   0.8856E-03   0.1076E-02   0.1230E-02   0.1486E-02   0.1702E-02   0.2053E-02   0.2366E-02   0.2862E-02   0.3331E-02   0.4059E-02   0.4791E-02   0.5908E-02   0.7110E-02   0.8921E-02   0.1101E-01   0.1416E-01   0.1806E-01   0.2397E-01   0.3183E-01   0.4395E-01   0.6083E-01   0.8718E-01   0.1225E+00   0.1784E+00   0.2508E+00   0.4247E+00   0.7864E+00   0.9222E+00   0.1023E+01   0.1083E+01   0.1139E+01   0.1177E+01   0.1212E+01   0.1237E+01   0.1260E+01   0.1278E+01   0.1295E+01   0.1308E+01   0.1320E+01   0.1329E+01   0.1338E+01   0.1345E+01   0.1352E+01   0.1357E+01   0.1362E+01   0.1367E+01   0.1370E+01   0.1374E+01   0.1377E+01   0.1379E+01   0.1382E+01   0.1384E+01   0.1386E+01   0.1388E+01
0.1950E+02   0.3865E-04   0.3281E-04   0.2424E-04   0.1454E-04   0.4251E-05   -.6479E-05   -.1724E-04   -.2801E-04   -.3853E-04   -.4886E-04   -.5867E-04   -.6808E-04   -.7674E-04   -.8484E-04   -.9201E-04   -.9851E-04   -.1038E-03   -.1084E-03   -.1114E-03   -.1135E-03   -.1139E-03   -.1132E-03   -.1104E-03   -.1063E-03   -.9976E-04   -.9165E-04   -.8067E-04   -.6784E-04   -.5154E-04   -.3304E-04   -.1035E-04   0.1502E-04   0.4553E-04   0.7932E-04   0.1195E-03   0.1638E-03   0.2162E-03   0.2739E-03   0.3419E-03   0.4171E-03   0.5057E-03   0.6041E-03   0.7204E-03   0.8506E-03   0.1005E-02   0.1180E-02   0.1390E-02   0.1630E-02   0.1921E-02   0.2260E-02   0.2676E-02   0.3170E-02   0.3787E-02   0.4537E-02   0.5492E-02   0.6687E-02   0.8248E-02   0.1027E-01   0.1299E-01   0.1665E-01   0.2178E-01   0.2897E-01   0.3946E-01   0.5467E-01   0.7741E-01   0.1097E+00   0.1576E+00   0.2246E+00   0.3577E+00   0.6493E+00   0.8905E+00   0.9873E+00   0.1065E+01   0.1119E+01   0.1165E+01   0.1199E+01   0.1229E+01   0.1252E+01   0.1272E+01   0.1289E+01   0.1303E+01   0.1316E+01   0.1326E+01   0.1335E+01   0.1343E+01   0.1350E+01   0.1355E+01   0.1361E+01   0.1365E+01   0.1369E+01   0.1373E+01   0.1376E+01   0.1379E+01   0.1381E+01   0.1383E+01   0.1385E+01   0.1387E+01   0.1389E+01
0.1972E+02   0.4072E-04   0.3497E-04   0.2678E-04   0.1697E-04   0.7149E-05   -.3800E-05   -.1396E-04   -.2505E-04   -.3480E-04   -.4555E-04   -.5440E-04   -.6434E-04   -.7180E-04   -.8056E-04   -.8624E-04   -.9356E-04   -.9705E-04   -.1026E-03   -.1034E-03   -.1067E-03   -.1043E-03   -.1051E-03   -.9889E-04   -.9670E-04   -.8590E-04   -.8018E-04   -.6394E-04   -.5404E-04   -.3126E-04   -.1635E-04   0.1436E-04   0.3535E-04   0.7578E-04   0.1043E-03   0.1568E-03   0.1947E-03   0.2626E-03   0.3127E-03   0.4002E-03   0.4665E-03   0.5798E-03   0.6681E-03   0.8161E-03   0.9352E-03   0.1131E-02   0.1295E-02   0.1559E-02   0.1790E-02   0.2155E-02   0.2491E-02   0.3010E-02   0.3515E-02   0.4283E-02   0.5076E-02   0.6264E-02   0.7576E-02   0.9524E-02   0.1183E-01   0.1525E-01   0.1959E-01   0.2612E-01   0.3497E-01   0.4851E-01   0.6765E-01   0.9685E-01   0.1369E+00   0.1985E+00   0.2907E+00   0.5121E+00   0.8588E+00   0.9513E+00   0.1047E+01   0.1099E+01   0.1152E+01   0.1187E+01   0.1220E+01   0.1244E+01   0.1266E+01   0.1283E+01   0.1299E+01   0.1311E+01   0.1323E+01   0.1332E+01   0.1340E+01   0.1347E+01   0.1354E+01   0.1359E+01   0.1364E+01   0.1368E+01   0.1371E+01   0.1375E+01   0.1378E+01   0.1380E+01   0.1383E+01   0.1385E+01   0.1387E+01   0.1388E+01   0.1390E+01
0.1993E+02   0.4275E-04   0.3763E-04   0.2912E-04   0.2005E-04   0.9712E-05   -.2536E-06   -.1116E-04   -.2098E-04   -.3172E-04   -.4085E-04   -.5097E-04   -.5888E-04   -.6793E-04   -.7416E-04   -.8183E-04   -.8601E-04   -.9198E-04   -.9362E-04   -.9749E-04   -.9606E-04   -.9744E-04   -.9234E-04   -.9079E-04   -.8132E-04   -.7630E-04   -.6161E-04   -.5249E-04   -.3154E-04   -.1752E-04   0.1103E-04   0.3099E-04   0.6883E-04   0.9610E-04   0.1455E-03   0.1819E-03   0.2458E-03   0.2941E-03   0.3766E-03   0.4404E-03   0.5473E-03   0.6321E-03   0.7717E-03   0.8858E-03   0.1070E-02   0.1227E-02   0.1475E-02   0.1694E-02   0.2036E-02   0.2351E-02   0.2836E-02   0.3307E-02   0.4019E-02   0.4753E-02   0.5846E-02   0.7046E-02   0.8821E-02   0.1090E-01   0.1399E-01   0.1785E-01   0.2365E-01   0.3141E-01   0.4331E-01   0.5994E-01   0.8578E-01   0.1206E+00   0.1754E+00   0.2470E+00   0.4151E+00   0.7668E+00   0.9177E+00   0.1018E+01   0.1081E+01   0.1136E+01   0.1175E+01   0.1210E+01   0.1236E+01   0.1259E+01   0.1277E+01   0.1294E+01   0.1307E+01   0.1319E+01   0.1329E+01   0.1338E+01   0.1345E+01   0.1351E+01   0.1357E+01   0.1362E+01   0.1366E+01   0.1370E+01   0.1374E+01   0.1377E+01   0.1379E+01   0.1382E+01   0.1384E+01   0.1386E+01   0.1388E+01   0.1389E+01   0.1391E+01
0.2015E+02   0.4503E-04   0.4006E-04   0.3197E-04   0.2281E-04   0.1299E-04   0.2854E-05   -.7413E-05   -.1749E-04   -.2742E-04   -.3690E-04   -.4602E-04   -.5439E-04   -.6218E-04   -.6900E-04   -.7511E-04   -.8003E-04   -.8407E-04   -.8663E-04   -.8813E-04   -.8784E-04   -.8630E-04   -.8262E-04   -.7748E-04   -.6976E-04   -.6032E-04   -.4780E-04   -.3323E-04   -.1493E-04   0.5834E-05   0.3114E-04   0.5946E-04   0.9337E-04   0.1311E-03   0.1757E-03   0.2252E-03   0.2835E-03   0.3482E-03   0.4243E-03   0.5089E-03   0.6086E-03   0.7201E-03   0.8520E-03   0.1001E-02   0.1178E-02   0.1381E-02   0.1624E-02   0.1905E-02   0.2247E-02   0.2651E-02   0.3148E-02   0.3748E-02   0.4499E-02   0.5431E-02   0.6624E-02   0.8149E-02   0.1016E-01   0.1282E-01   0.1645E-01   0.2146E-01   0.2856E-01   0.3881E-01   0.5379E-01   0.7601E-01   0.1078E+00   0.1547E+00   0.2209E+00   0.3481E+00   0.6297E+00   0.8860E+00   0.9822E+00   0.1062E+01   0.1116E+01   0.1163E+01   0.1198E+01   0.1228E+01   0.1251E+01   0.1272E+01   0.1288E+01   0.1303E+01   0.1315E+01   0.1326E+01   0.1335E+01   0.1342E+01   0.1349E+01   0.1355E+01   0.1360E+01   0.1365E+01   0.1369E+01   0.1372E+01   0.1376E+01   0.1378E+01   0.1381E+01   0.1383E+01   0.1385E+01   0.1387E+01   0.1389E+01   0.1390E+01   0.1392E+01
0.2037E+02   0.4742E-04   0.4250E-04   0.3498E-04   0.2560E-04   0.1650E-04   0.5975E-05   -.3361E-05   -.1399E-04   -.2275E-04   -.3296E-04   -.4060E-04   -.4991E-04   -.5587E-04   -.6387E-04   -.6770E-04   -.7411E-04   -.7533E-04   -.7974E-04   -.7777E-04   -.7977E-04   -.7396E-04   -.7312E-04   -.6270E-04   -.5850E-04   -.4257E-04   -.3437E-04   -.1179E-04   0.1196E-05   0.3184E-04   0.5065E-04   0.9120E-04   0.1172E-03   0.1701E-03   0.2051E-03   0.2735E-03   0.3203E-03   0.4087E-03   0.4710E-03   0.5856E-03   0.6691E-03   0.8188E-03   0.9321E-03   0.1130E-02   0.1287E-02   0.1554E-02   0.1775E-02   0.2143E-02   0.2466E-02   0.2989E-02   0.3477E-02   0.4246E-02   0.5016E-02   0.6203E-02   0.7478E-02   0.9415E-02   0.1166E-01   0.1505E-01   0.1927E-01   0.2571E-01   0.3432E-01   0.4763E-01   0.6625E-01   0.9501E-01   0.1339E+00   0.1947E+00   0.2811E+00   0.4925E+00   0.8543E+00   0.9461E+00   0.1044E+01   0.1097E+01   0.1151E+01   0.1185E+01   0.1219E+01   0.1243E+01   0.1266E+01   0.1283E+01   0.1298E+01   0.1311E+01   0.1322E+01   0.1332E+01   0.1340E+01   0.1347E+01   0.1353E+01   0.1359E+01   0.1363E+01   0.1368E+01   0.1371E+01   0.1375E+01   0.1378E+01   0.1380E+01   0.1383E+01   0.1385E+01   0.1387E+01   0.1388E+01   0.1390E+01   0.1391E+01   0.1393E+01
0.2058E+02   0.4972E-04   0.4559E-04   0.3770E-04   0.2925E-04   0.1954E-04   0.1025E-04   0.1853E-07   -.9021E-05   -.1897E-04   -.2718E-04   -.3635E-04   -.4314E-04   -.5105E-04   -.5592E-04   -.6219E-04   -.6471E-04   -.6898E-04   -.6860E-04   -.7040E-04   -.6651E-04   -.6536E-04   -.5725E-04   -.5260E-04   -.3944E-04   -.3061E-04   -.1137E-04   0.2456E-05   0.2907E-04   0.4898E-04   0.8463E-04   0.1120E-03   0.1589E-03   0.1957E-03   0.2567E-03   0.3055E-03   0.3847E-03   0.4494E-03   0.5523E-03   0.6384E-03   0.7732E-03   0.8890E-03   0.1068E-02   0.1226E-02   0.1467E-02   0.1689E-02   0.2021E-02   0.2340E-02   0.2812E-02   0.3286E-02   0.3981E-02   0.4717E-02   0.5786E-02   0.6985E-02   0.8723E-02   0.1079E-01   0.1382E-01   0.1765E-01   0.2333E-01   0.3100E-01   0.4266E-01   0.5906E-01   0.8438E-01   0.1188E+00   0.1724E+00   0.2433E+00   0.4055E+00   0.7472E+00   0.9132E+00   0.1013E+01   0.1078E+01   0.1133E+01   0.1173E+01   0.1208E+01   0.1235E+01   0.1258E+01   0.1277E+01   0.1293E+01   0.1307E+01   0.1318E+01   0.1328E+01   0.1337E+01   0.1345E+01   0.1351E+01   0.1357E+01   0.1362E+01   0.1366E+01   0.1370E+01   0.1373E+01   0.1377E+01   0.1379E+01   0.1382E+01   0.1384E+01   0.1386E+01   0.1388E+01   0.1389E+01   0.1391E+01   0.1392E+01   0.1393E+01
0.2080E+02   0.5231E-04   0.4842E-04   0.4096E-04   0.3255E-04   0.2335E-04   0.1402E-04   0.4420E-05   -.4709E-05   -.1389E-04   -.2224E-04   -.3046E-04   -.3746E-04   -.4420E-04   -.4935E-04   -.5418E-04   -.5707E-04   -.5956E-04   -.5965E-04   -.5927E-04   -.5597E-04   -.5215E-04   -.4478E-04   -.3684E-04   -.2460E-04   -.1172E-04   0.6394E-05   0.2524E-04   0.5049E-04   0.7663E-04   0.1107E-03   0.1458E-03   0.1908E-03   0.2374E-03   0.2964E-03   0.3576E-03   0.4346E-03   0.5152E-03   0.6162E-03   0.7229E-03   0.8565E-03   0.9995E-03   0.1179E-02   0.1374E-02   0.1620E-02   0.1892E-02   0.2237E-02   0.2628E-02   0.3128E-02   0.3711E-02   0.4464E-02   0.5372E-02   0.6564E-02   0.8053E-02   0.1005E-01   0.1265E-01   0.1625E-01   0.2115E-01   0.2815E-01   0.3817E-01   0.5290E-01   0.7461E-01   0.1060E+00   0.1517E+00   0.2171E+00   0.3385E+00   0.6101E+00   0.8815E+00   0.9770E+00   0.1060E+01   0.1114E+01   0.1161E+01   0.1196E+01   0.1226E+01   0.1250E+01   0.1271E+01   0.1287E+01   0.1302E+01   0.1314E+01   0.1325E+01   0.1334E+01   0.1342E+01   0.1349E+01   0.1355E+01   0.1360E+01   0.1365E+01   0.1369E+01   0.1372E+01   0.1375E+01   0.1378E+01   0.1381E+01   0.1383E+01   0.1385E+01   0.1387E+01   0.1389E+01   0.1390E+01   0.1392E+01   0.1393E+01   0.1394E+01
0.2102E+02   0.5505E-04   0.5115E-04   0.4452E-04   0.3572E-04   0.2758E-04   0.1762E-04   0.9383E-05   -.6465E-06   -.8094E-05   -.1763E-04   -.2369E-04   -.3222E-04   -.3625E-04   -.4333E-04   -.4482E-04   -.5013E-04   -.4849E-04   -.5159E-04   -.4613E-04   -.4656E-04   -.3647E-04   -.3373E-04   -.1807E-04   -.1153E-04   0.1086E-04   0.2196E-04   0.5256E-04   0.6919E-04   0.1099E-03   0.1334E-03   0.1866E-03   0.2187E-03   0.2877E-03   0.3311E-03   0.4204E-03   0.4787E-03   0.5946E-03   0.6732E-03   0.8246E-03   0.9320E-03   0.1132E-02   0.1281E-02   0.1551E-02   0.1763E-02   0.2134E-02   0.2445E-02   0.2970E-02   0.3441E-02   0.4213E-02   0.4958E-02   0.6143E-02   0.7382E-02   0.9309E-02   0.1149E-01   0.1485E-01   0.1896E-01   0.2530E-01   0.3368E-01   0.4674E-01   0.6485E-01   0.9318E-01   0.1309E+00   0.1910E+00   0.2715E+00   0.4729E+00   0.8497E+00   0.9410E+00   0.1041E+01   0.1094E+01   0.1149E+01   0.1184E+01   0.1218E+01   0.1242E+01   0.1265E+01   0.1282E+01   0.1298E+01   0.1310E+01   0.1322E+01   0.1331E+01   0.1340E+01   0.1347E+01   0.1353E+01   0.1358E+01   0.1363E+01   0.1367E+01   0.1371E+01   0.1374E+01   0.1377E+01   0.1380E+01   0.1382E+01   0.1385E+01   0.1386E+01   0.1388E+01   0.1390E+01   0.1391E+01   0.1393E+01   0.1394E+01   0.1395E+01
0.2123E+02   0.5768E-04   0.5475E-04   0.4766E-04   0.4003E-04   0.3115E-04   0.2273E-04   0.1342E-04   0.5361E-05   -.3535E-05   -.1058E-04   -.1851E-04   -.2393E-04   -.3034E-04   -.3357E-04   -.3805E-04   -.3858E-04   -.4068E-04   -.3789E-04   -.3706E-04   -.3024E-04   -.2589E-04   -.1420E-04   -.5622E-05   0.1195E-04   0.2561E-04   0.5033E-04   0.7019E-04   0.1037E-03   0.1312E-03   0.1756E-03   0.2127E-03   0.2708E-03   0.3202E-03   0.3960E-03   0.4616E-03   0.5604E-03   0.6478E-03   0.7777E-03   0.8953E-03   0.1068E-02   0.1229E-02   0.1462E-02   0.1686E-02   0.2009E-02   0.2331E-02   0.2791E-02   0.3268E-02   0.3946E-02   0.4684E-02   0.5729E-02   0.6926E-02   0.8628E-02   0.1069E-01   0.1365E-01   0.1745E-01   0.2302E-01   0.3059E-01   0.4202E-01   0.5818E-01   0.8298E-01   0.1170E+00   0.1695E+00   0.2395E+00   0.3959E+00   0.7277E+00   0.9086E+00   0.1008E+01   0.1075E+01   0.1130E+01   0.1172E+01   0.1206E+01   0.1234E+01   0.1257E+01   0.1276E+01   0.1292E+01   0.1306E+01   0.1318E+01   0.1328E+01   0.1337E+01   0.1344E+01   0.1351E+01   0.1356E+01   0.1362E+01   0.1366E+01   0.1370E+01   0.1373E+01   0.1376E+01   0.1379E+01   0.1382E+01   0.1384E+01   0.1386E+01   0.1388E+01   0.1389E+01   0.1391E+01   0.1392E+01   0.1393E+01   0.1394E+01   0.1395E+01
0.2145E+02   0.6059E-04   0.5804E-04   0.5137E-04   0.4394E-04   0.3554E-04   0.2729E-04   0.1853E-04   0.1064E-04   0.2408E-05   -.4476E-05   -.1160E-04   -.1685E-04   -.2229E-04   -.2532E-04   -.2861E-04   -.2894E-04   -.2959E-04   -.2657E-04   -.2398E-04   -.1688E-04   -.1037E-04   0.1648E-05   0.1289E-04   0.3086E-04   0.4782E-04   0.7305E-04   0.9703E-04   0.1312E-03   0.1639E-03   0.2092E-03   0.2529E-03   0.3124E-03   0.3703E-03   0.4482E-03   0.5247E-03   0.6270E-03   0.7288E-03   0.8642E-03   0.1001E-02   0.1183E-02   0.1370E-02   0.1619E-02   0.1881E-02   0.2229E-02   0.2608E-02   0.3111E-02   0.3677E-02   0.4432E-02   0.5316E-02   0.6506E-02   0.7958E-02   0.9946E-02   0.1249E-01   0.1605E-01   0.2083E-01   0.2774E-01   0.3752E-01   0.5202E-01   0.7322E-01   0.1042E+00   0.1487E+00   0.2134E+00   0.3289E+00   0.5905E+00   0.8769E+00   0.9719E+00   0.1057E+01   0.1111E+01   0.1159E+01   0.1194E+01   0.1225E+01   0.1249E+01   0.1270E+01   0.1287E+01   0.1301E+01   0.1314E+01   0.1325E+01   0.1334E+01   0.1342E+01   0.1349E+01   0.1355E+01   0.1360E+01   0.1364E+01   0.1368E+01   0.1372E+01   0.1375E+01   0.1378E+01   0.1381E+01   0.1383E+01   0.1385E+01   0.1387E+01   0.1389E+01   0.1390E+01   0.1392E+01   0.1393E+01   0.1394E+01   0.1395E+01   0.1396E+01
0.2167E+02   0.6375E-04   0.6109E-04   0.5557E-04   0.4752E-04   0.4062E-04   0.3138E-04   0.2457E-04   0.1530E-04   0.9536E-05   0.8277E-06   -.3204E-05   -.1079E-04   -.1238E-04   -.1838E-04   -.1690E-04   -.2094E-04   -.1570E-04   -.1730E-04   -.7447E-05   -.6074E-05   0.9386E-05   0.1433E-04   0.3660E-04   0.4584E-04   0.7643E-04   0.9093E-04   0.1317E-03   0.1528E-03   0.2063E-03   0.2356E-03   0.3052E-03   0.3452E-03   0.4354E-03   0.4896E-03   0.6068E-03   0.6805E-03   0.8336E-03   0.9350E-03   0.1137E-02   0.1279E-02   0.1551E-02   0.1754E-02   0.2128E-02   0.2426E-02   0.2954E-02   0.3409E-02   0.4182E-02   0.4903E-02   0.6087E-02   0.7289E-02   0.9205E-02   0.1133E-01   0.1465E-01   0.1865E-01   0.2489E-01   0.3303E-01   0.4586E-01   0.6345E-01   0.9135E-01   0.1280E+00   0.1873E+00   0.2619E+00   0.4533E+00   0.8452E+00   0.9358E+00   0.1039E+01   0.1091E+01   0.1147E+01   0.1182E+01   0.1217E+01   0.1241E+01   0.1264E+01   0.1281E+01   0.1297E+01   0.1310E+01   0.1321E+01   0.1331E+01   0.1339E+01   0.1346E+01   0.1353E+01   0.1358E+01   0.1363E+01   0.1367E+01   0.1371E+01   0.1374E+01   0.1377E+01   0.1380E+01   0.1382E+01   0.1384E+01   0.1386E+01   0.1388E+01   0.1390E+01   0.1391E+01   0.1392E+01   0.1394E+01   0.1395E+01   0.1396E+01   0.1397E+01
0.2188E+02   0.6674E-04   0.6526E-04   0.5920E-04   0.5259E-04   0.4479E-04   0.3746E-04   0.2934E-04   0.2250E-04   0.1497E-04   0.9339E-05   0.3014E-05   -.7391E-06   -.5253E-05   -.6492E-05   -.8700E-05   -.6856E-05   -.6216E-05   -.5610E-06   0.3588E-05   0.1390E-04   0.2230E-04   0.3826E-04   0.5183E-04   0.7469E-04   0.9456E-04   0.1259E-03   0.1536E-03   0.1955E-03   0.2329E-03   0.2881E-03   0.3382E-03   0.4105E-03   0.4770E-03   0.5719E-03   0.6605E-03   0.7856E-03   0.9047E-03   0.1072E-02   0.1234E-02   0.1460E-02   0.1687E-02   0.2001E-02   0.2325E-02   0.2772E-02   0.3252E-02   0.3914E-02   0.4653E-02   0.5675E-02   0.6870E-02   0.8535E-02   0.1058E-01   0.1348E-01   0.1725E-01   0.2271E-01   0.3018E-01   0.4137E-01   0.5730E-01   0.8158E-01   0.1151E+00   0.1665E+00   0.2358E+00   0.3864E+00   0.7081E+00   0.9041E+00   0.1003E+01   0.1073E+01   0.1128E+01   0.1170E+01   0.1205E+01   0.1232E+01   0.1256E+01   0.1275E+01   0.1291E+01   0.1305E+01   0.1317E+01   0.1327E+01   0.1336E+01   0.1344E+01   0.1350E+01   0.1356E+01   0.1361E+01   0.1366E+01   0.1370E+01   0.1373E+01   0.1376E+01   0.1379E+01   0.1381E+01   0.1384E+01   0.1386E+01   0.1388E+01   0.1389E+01   0.1391E+01   0.1392E+01   0.1393E+01   0.1394E+01   0.1395E+01   0.1396E+01   0.1397E+01
0.2210E+02   0.7002E-04   0.6911E-04   0.6342E-04   0.5723E-04   0.4981E-04   0.4294E-04   0.3523E-04   0.2893E-04   0.2185E-04   0.1684E-04   0.1104E-04   0.8021E-05   0.4121E-05   0.3762E-05   0.2281E-05   0.5183E-05   0.6693E-05   0.1363E-04   0.1883E-04   0.3071E-04   0.4040E-04   0.5829E-04   0.7344E-04   0.9869E-04   0.1206E-03   0.1549E-03   0.1851E-03   0.2308E-03   0.2716E-03   0.3318E-03   0.3862E-03   0.4651E-03   0.5376E-03   0.6411E-03   0.7380E-03   0.8750E-03   0.1006E-02   0.1190E-02   0.1370E-02   0.1621E-02   0.1874E-02   0.2225E-02   0.2591E-02   0.3097E-02   0.3646E-02   0.4403E-02   0.5263E-02   0.6451E-02   0.7867E-02   0.9843E-02   0.1232E-01   0.1585E-01   0.2052E-01   0.2734E-01   0.3688E-01   0.5114E-01   0.7182E-01   0.1023E+00   0.1458E+00   0.2097E+00   0.3194E+00   0.5709E+00   0.8724E+00   0.9667E+00   0.1055E+01   0.1108E+01   0.1158E+01   0.1192E+01   0.1224E+01   0.1248E+01   0.1269E+01   0.1286E+01   0.1301E+01   0.1313E+01   0.1324E+01   0.1333E+01   0.1341E+01   0.1348E+01   0.1354E+01   0.1360E+01   0.1364E+01   0.1368E+01   0.1372E+01   0.1375E+01   0.1378E+01   0.1381E+01   0.1383E+01   0.1385E+01   0.1387E+01   0.1389E+01   0.1390E+01   0.1392E+01   0.1393E+01   0.1394E+01   0.1395E+01   0.1396E+01   0.1397E+01   0.1398E+01
0.2232E+02   0.7366E-04   0.7258E-04   0.6832E-04   0.6137E-04   0.5581E-04   0.4773E-04   0.4242E-04   0.3443E-04   0.3041E-04   0.2316E-04   0.2117E-04   0.1528E-04   0.1612E-04   0.1211E-04   0.1651E-04   0.1484E-04   0.2360E-04   0.2486E-04   0.3899E-04   0.4383E-04   0.6454E-04   0.7374E-04   0.1025E-03   0.1171E-03   0.1558E-03   0.1770E-03   0.2280E-03   0.2577E-03   0.3244E-03   0.3650E-03   0.4518E-03   0.5070E-03   0.6201E-03   0.6951E-03   0.8433E-03   0.9464E-03   0.1143E-02   0.1287E-02   0.1551E-02   0.1757E-02   0.2121E-02   0.2422E-02   0.2938E-02   0.3395E-02   0.4151E-02   0.4875E-02   0.6034E-02   0.7234E-02   0.9113E-02   0.1122E-01   0.1448E-01   0.1845E-01   0.2458E-01   0.3263E-01   0.4522E-01   0.6257E-01   0.8995E-01   0.1261E+00   0.1843E+00   0.2582E+00   0.4438E+00   0.8256E+00   0.9313E+00   0.1034E+01   0.1088E+01   0.1144E+01   0.1180E+01   0.1215E+01   0.1240E+01   0.1263E+01   0.1280E+01   0.1296E+01   0.1309E+01   0.1321E+01   0.1330E+01   0.1339E+01   0.1346E+01   0.1352E+01   0.1358E+01   0.1363E+01   0.1367E+01   0.1371E+01   0.1374E+01   0.1377E+01   0.1380E+01   0.1382E+01   0.1384E+01   0.1386E+01   0.1388E+01   0.1390E+01   0.1391E+01   0.1392E+01   0.1394E+01   0.1395E+01   0.1396E+01   0.1397E+01   0.1397E+01   0.1398E+01
0.2253E+02   0.7707E-04   0.7732E-04   0.7255E-04   0.6718E-04   0.6076E-04   0.5475E-04   0.4814E-04   0.4279E-04   0.3700E-04   0.3307E-04   0.2877E-04   0.2702E-04   0.2490E-04   0.2602E-04   0.2668E-04   0.3135E-04   0.3544E-04   0.4450E-04   0.5285E-04   0.6731E-04   0.8087E-04   0.1020E-03   0.1219E-03   0.1512E-03   0.1790E-03   0.2185E-03   0.2564E-03   0.3087E-03   0.3594E-03   0.4283E-03   0.4958E-03   0.5866E-03   0.6765E-03   0.7966E-03   0.9175E-03   0.1078E-02   0.1243E-02   0.1462E-02   0.1691E-02   0.1995E-02   0.2323E-02   0.2757E-02   0.3240E-02   0.3885E-02   0.4625E-02   0.5623E-02   0.6816E-02   0.8445E-02   0.1048E-01   0.1332E-01   0.1705E-01   0.2240E-01   0.2978E-01   0.4073E-01   0.5642E-01   0.8019E-01   0.1133E+00   0.1635E+00   0.2321E+00   0.3768E+00   0.6885E+00   0.8996E+00   0.9977E+00   0.1070E+01   0.1125E+01   0.1168E+01   0.1203E+01   0.1231E+01   0.1255E+01   0.1274E+01   0.1291E+01   0.1305E+01   0.1317E+01   0.1327E+01   0.1336E+01   0.1343E+01   0.1350E+01   0.1356E+01   0.1361E+01   0.1365E+01   0.1369E+01   0.1373E+01   0.1376E+01   0.1379E+01   0.1381E+01   0.1384E+01   0.1386E+01   0.1387E+01   0.1389E+01   0.1391E+01   0.1392E+01   0.1393E+01   0.1394E+01   0.1395E+01   0.1396E+01   0.1397E+01   0.1398E+01   0.1399E+01
0.2275E+02   0.8077E-04   0.8183E-04   0.7732E-04   0.7268E-04   0.6646E-04   0.6133E-04   0.5487E-04   0.5057E-04   0.4489E-04   0.4223E-04   0.3800E-04   0.3778E-04   0.3570E-04   0.3870E-04   0.3935E-04   0.4630E-04   0.5035E-04   0.6222E-04   0.7048E-04   0.8840E-04   0.1018E-03   0.1272E-03   0.1470E-03   0.1816E-03   0.2094E-03   0.2556E-03   0.2935E-03   0.3543E-03   0.4054E-03   0.4852E-03   0.5536E-03   0.6584E-03   0.7505E-03   0.8892E-03   0.1014E-02   0.1200E-02   0.1373E-02   0.1626E-02   0.1870E-02   0.2223E-02   0.2578E-02   0.3086E-02   0.3618E-02   0.4377E-02   0.5213E-02   0.6399E-02   0.7778E-02   0.9743E-02   0.1216E-01   0.1565E-01   0.2021E-01   0.2693E-01   0.3624E-01   0.5026E-01   0.7043E-01   0.1005E+00   0.1428E+00   0.2059E+00   0.3098E+00   0.5513E+00   0.8679E+00   0.9616E+00   0.1052E+01   0.1105E+01   0.1156E+01   0.1191E+01   0.1223E+01   0.1247E+01   0.1268E+01   0.1285E+01   0.1300E+01   0.1313E+01   0.1324E+01   0.1333E+01   0.1341E+01   0.1348E+01   0.1354E+01   0.1359E+01   0.1364E+01   0.1368E+01   0.1372E+01   0.1375E+01   0.1378E+01   0.1381E+01   0.1383E+01   0.1385E+01   0.1387E+01   0.1389E+01   0.1390E+01   0.1392E+01   0.1393E+01   0.1394E+01   0.1395E+01   0.1396E+01   0.1397E+01   0.1398E+01   0.1399E+01   0.1399E+01
0.2297E+02   0.8496E-04   0.8579E-04   0.8303E-04   0.7745E-04   0.7353E-04   0.6691E-04   0.6342E-04   0.5704E-04   0.5510E-04   0.4970E-04   0.5015E-04   0.4640E-04   0.5015E-04   0.4866E-04   0.5654E-04   0.5788E-04   0.7084E-04   0.7573E-04   0.9499E-04   0.1043E-03   0.1313E-03   0.1460E-03   0.1827E-03   0.2041E-03   0.2528E-03   0.2829E-03   0.3468E-03   0.3880E-03   0.4715E-03   0.5275E-03   0.6366E-03   0.7129E-03   0.8563E-03   0.9610E-03   0.1152E-02   0.1298E-02   0.1555E-02   0.1763E-02   0.2117E-02   0.2421E-02   0.2924E-02   0.3385E-02   0.4124E-02   0.4849E-02   0.5984E-02   0.7183E-02   0.9025E-02   0.1112E-01   0.1432E-01   0.1825E-01   0.2427E-01   0.3222E-01   0.4458E-01   0.6170E-01   0.8856E-01   0.1243E+00   0.1813E+00   0.2545E+00   0.4342E+00   0.8060E+00   0.9268E+00   0.1029E+01   0.1086E+01   0.1142E+01   0.1179E+01   0.1213E+01   0.1238E+01   0.1262E+01   0.1279E+01   0.1295E+01   0.1308E+01   0.1320E+01   0.1330E+01   0.1338E+01   0.1346E+01   0.1352E+01   0.1358E+01   0.1362E+01   0.1367E+01   0.1371E+01   0.1374E+01   0.1377E+01   0.1380E+01   0.1382E+01   0.1384E+01   0.1386E+01   0.1388E+01   0.1390E+01   0.1391E+01   0.1392E+01   0.1394E+01   0.1395E+01   0.1396E+01   0.1397E+01   0.1397E+01   0.1398E+01   0.1399E+01   0.1400E+01
0.2318E+02   0.8888E-04   0.9116E-04   0.8797E-04   0.8409E-04   0.7937E-04   0.7497E-04   0.7026E-04   0.6669E-04   0.6307E-04   0.6117E-04   0.5942E-04   0.6003E-04   0.6093E-04   0.6484E-04   0.6911E-04   0.7712E-04   0.8557E-04   0.9868E-04   0.1124E-03   0.1318E-03   0.1519E-03   0.1792E-03   0.2074E-03   0.2445E-03   0.2828E-03   0.3323E-03   0.3837E-03   0.4493E-03   0.5177E-03   0.6045E-03   0.6957E-03   0.8110E-03   0.9335E-03   0.1088E-02   0.1255E-02   0.1467E-02   0.1698E-02   0.1993E-02   0.2323E-02   0.2745E-02   0.3231E-02   0.3858E-02   0.4601E-02   0.5574E-02   0.6766E-02   0.8358E-02   0.1038E-01   0.1316E-01   0.1686E-01   0.2209E-01   0.2938E-01   0.4009E-01   0.5554E-01   0.7880E-01   0.1115E+00   0.1606E+00   0.2283E+00   0.3672E+00   0.6689E+00   0.8951E+00   0.9925E+00   0.1068E+01   0.1122E+01   0.1166E+01   0.1201E+01   0.1230E+01   0.1253E+01   0.1273E+01   0.1290E+01   0.1304E+01   0.1316E+01   0.1326E+01   0.1335E+01   0.1343E+01   0.1350E+01   0.1356E+01   0.1361E+01   0.1365E+01   0.1369E+01   0.1373E+01   0.1376E+01   0.1379E+01   0.1381E+01   0.1383E+01   0.1386E+01   0.1387E+01   0.1389E+01   0.1391E+01   0.1392E+01   0.1393E+01   0.1394E+01   0.1395E+01   0.1396E+01   0.1397E+01   0.1398E+01   0.1399E+01   0.1399E+01   0.1400E+01
0.2340E+02   0.9304E-04   0.9645E-04   0.9334E-04   0.9061E-04   0.8583E-04   0.8285E-04   0.7789E-04   0.7609E-04   0.7204E-04   0.7232E-04   0.6994E-04   0.7322E-04   0.7326E-04   0.8047E-04   0.8361E-04   0.9565E-04   0.1027E-03   0.1208E-03   0.1326E-03   0.1582E-03   0.1762E-03   0.2111E-03   0.2366E-03   0.2832E-03   0.3184E-03   0.3799E-03   0.4277E-03   0.5084E-03   0.5729E-03   0.6790E-03   0.7662E-03   0.9066E-03   0.1026E-02   0.1214E-02   0.1379E-02   0.1635E-02   0.1869E-02   0.2225E-02   0.2567E-02   0.3078E-02   0.3594E-02   0.4354E-02   0.5165E-02   0.6350E-02   0.7692E-02   0.9646E-02   0.1200E-01   0.1546E-01   0.1991E-01   0.2653E-01   0.3561E-01   0.4939E-01   0.6904E-01   0.9867E-01   0.1398E+00   0.2022E+00   0.3002E+00   0.5317E+00   0.8634E+00   0.9565E+00   0.1049E+01   0.1102E+01   0.1154E+01   0.1189E+01   0.1222E+01   0.1245E+01   0.1267E+01   0.1284E+01   0.1300E+01   0.1312E+01   0.1323E+01   0.1332E+01   0.1341E+01   0.1348E+01   0.1354E+01   0.1359E+01   0.1364E+01   0.1368E+01   0.1372E+01   0.1375E+01   0.1378E+01   0.1380E+01   0.1383E+01   0.1385E+01   0.1387E+01   0.1388E+01   0.1390E+01   0.1391E+01   0.1393E+01   0.1394E+01   0.1395E+01   0.1396E+01   0.1397E+01   0.1398E+01   0.1398E+01   0.1399E+01   0.1400E+01   0.1400E+01
0.2362E+02   0.9787E-04   0.1010E-03   0.1000E-03   0.9611E-04   0.9414E-04   0.8933E-04   0.8801E-04   0.8364E-04   0.8420E-04   0.8110E-04   0.8447E-04   0.8340E-04   0.9061E-04   0.9230E-04   0.1043E-03   0.1095E-03   0.1275E-03   0.1370E-03   0.1624E-03   0.1774E-03   0.2121E-03   0.2340E-03   0.2803E-03   0.3110E-03   0.3721E-03   0.4140E-03   0.4942E-03   0.5512E-03   0.6563E-03   0.7339E-03   0.8725E-03   0.9789E-03   0.1163E-02   0.1312E-02   0.1561E-02   0.1772E-02   0.2117E-02   0.2424E-02   0.2914E-02   0.3377E-02   0.4099E-02   0.4826E-02   0.5937E-02   0.7134E-02   0.8940E-02   0.1103E-01   0.1416E-01   0.1806E-01   0.2397E-01   0.3182E-01   0.4395E-01   0.6082E-01   0.8717E-01   0.1225E+00   0.1784E+00   0.2508E+00   0.4246E+00   0.7865E+00   0.9223E+00   0.1023E+01   0.1083E+01   0.1139E+01   0.1177E+01   0.1212E+01   0.1237E+01   0.1260E+01   0.1278E+01   0.1295E+01   0.1308E+01   0.1320E+01   0.1329E+01   0.1338E+01   0.1345E+01   0.1352E+01   0.1357E+01   0.1362E+01   0.1366E+01   0.1370E+01   0.1374E+01   0.1377E+01   0.1379E+01   0.1382E+01   0.1384E+01   0.1386E+01   0.1388E+01   0.1390E+01   0.1391E+01   0.1392E+01   0.1394E+01   0.1395E+01   0.1396E+01   0.1397E+01   0.1397E+01   0.1398E+01   0.1399E+01   0.1400E+01   0.1400E+01   0.1401E+01
0.2383E+02   0.1024E-03   0.1070E-03   0.1058E-03   0.1037E-03   0.1011E-03   0.9854E-04   0.9618E-04   0.9472E-04   0.9380E-04   0.9431E-04   0.9573E-04   0.9914E-04   0.1038E-03   0.1110E-03   0.1198E-03   0.1318E-03   0.1458E-03   0.1637E-03   0.1842E-03   0.2096E-03   0.2382E-03   0.2731E-03   0.3120E-03   0.3588E-03   0.4109E-03   0.4733E-03   0.5427E-03   0.6255E-03   0.7180E-03   0.8285E-03   0.9528E-03   0.1102E-02   0.1271E-02   0.1475E-02   0.1709E-02   0.1994E-02   0.2327E-02   0.2737E-02   0.3225E-02   0.3836E-02   0.4580E-02   0.5529E-02   0.6718E-02   0.8274E-02   0.1029E-01   0.1301E-01   0.1666E-01   0.2178E-01   0.2897E-01   0.3946E-01   0.5467E-01   0.7741E-01   0.1097E+00   0.1576E+00   0.2246E+00   0.3577E+00   0.6493E+00   0.8906E+00   0.9874E+00   0.1065E+01   0.1119E+01   0.1165E+01   0.1199E+01   0.1229E+01   0.1252E+01   0.1272E+01   0.1289E+01   0.1303E+01   0.1315E+01   0.1326E+01   0.1335E+01   0.1343E+01   0.1349E+01   0.1355E+01   0.1361E+01   0.1365E+01   0.1369E+01   0.1373E+01   0.1376E+01   0.1379E+01   0.1381E+01   0.1383E+01   0.1385E+01   0.1387E+01   0.1389E+01   0.1390E+01   0.1392E+01   0.1393E+01   0.1394E+01   0.1395E+01   0.1396E+01   0.1397E+01   0.1398E+01   0.1399E+01   0.1399E+01   0.1400E+01   0.1401E+01   0.1401E+01
0.2405E+02   0.1071E-03   0.1133E-03   0.1118E-03   0.1114E-03   0.1083E-03   0.1080E-03   0.1048E-03   0.1061E-03   0.1039E-03   0.1079E-03   0.1076E-03   0.1153E-03   0.1178E-03   0.1303E-03   0.1363E-03   0.1548E-03   0.1653E-03   0.1913E-03   0.2075E-03   0.2428E-03   0.2662E-03   0.3134E-03   0.3460E-03   0.4082E-03   0.4528E-03   0.5346E-03   0.5951E-03   0.7026E-03   0.7851E-03   0.9272E-03   0.1040E-02   0.1230E-02   0.1388E-02   0.1647E-02   0.1872E-02   0.2230E-02   0.2560E-02   0.3073E-02   0.3572E-02   0.4334E-02   0.5121E-02   0.6304E-02   0.7609E-02   0.9552E-02   0.1185E-01   0.1527E-01   0.1960E-01   0.2613E-01   0.3497E-01   0.4851E-01   0.6765E-01   0.9685E-01   0.1369E+00   0.1985E+00   0.2907E+00   0.5121E+00   0.8588E+00   0.9513E+00   0.1047E+01   0.1100E+01   0.1152E+01   0.1187E+01   0.1220E+01   0.1244E+01   0.1266E+01   0.1283E+01   0.1299E+01   0.1311E+01   0.1323E+01   0.1332E+01   0.1340E+01   0.1347E+01   0.1354E+01   0.1359E+01   0.1364E+01   0.1368E+01   0.1371E+01   0.1375E+01   0.1378E+01   0.1380E+01   0.1383E+01   0.1385E+01   0.1387E+01   0.1388E+01   0.1390E+01   0.1391E+01   0.1393E+01   0.1394E+01   0.1395E+01   0.1396E+01   0.1397E+01   0.1398E+01   0.1398E+01   0.1399E+01   0.1400E+01   0.1400E+01   0.1401E+01   0.1401E+01
0.2427E+02   0.1126E-03   0.1184E-03   0.1196E-03   0.1177E-03   0.1181E-03   0.1155E-03   0.1167E-03   0.1149E-03   0.1184E-03   0.1182E-03   0.1250E-03   0.1273E-03   0.1386E-03   0.1443E-03   0.1613E-03   0.1712E-03   0.1953E-03   0.2107E-03   0.2437E-03   0.2661E-03   0.3103E-03   0.3415E-03   0.4000E-03   0.4428E-03   0.5197E-03   0.5778E-03   0.6790E-03   0.7580E-03   0.8917E-03   0.9999E-03   0.1178E-02   0.1329E-02   0.1571E-02   0.1784E-02   0.2120E-02   0.2429E-02   0.2907E-02   0.3373E-02   0.4078E-02   0.4806E-02   0.5893E-02   0.7088E-02   0.8857E-02   0.1093E-01   0.1401E-01   0.1787E-01   0.2366E-01   0.3142E-01   0.4331E-01   0.5995E-01   0.8578E-01   0.1207E+00   0.1754E+00   0.2470E+00   0.4151E+00   0.7669E+00   0.9178E+00   0.1018E+01   0.1081E+01   0.1136E+01   0.1175E+01   0.1210E+01   0.1236E+01   0.1259E+01   0.1277E+01   0.1294E+01   0.1307E+01   0.1319E+01   0.1329E+01   0.1338E+01   0.1345E+01   0.1351E+01   0.1357E+01   0.1362E+01   0.1366E+01   0.1370E+01   0.1374E+01   0.1377E+01   0.1379E+01   0.1382E+01   0.1384E+01   0.1386E+01   0.1388E+01   0.1389E+01   0.1391E+01   0.1392E+01   0.1393E+01   0.1395E+01   0.1396E+01   0.1397E+01   0.1397E+01   0.1398E+01   0.1399E+01   0.1400E+01   0.1400E+01   0.1401E+01   0.1401E+01   0.1402E+01
0.2448E+02   0.1179E-03   0.1253E-03   0.1264E-03   0.1263E-03   0.1263E-03   0.1260E-03   0.1265E-03   0.1275E-03   0.1300E-03   0.1333E-03   0.1387E-03   0.1454E-03   0.1548E-03   0.1659E-03   0.1804E-03   0.1971E-03   0.2181E-03   0.2419E-03   0.2711E-03   0.3038E-03   0.3434E-03   0.3877E-03   0.4407E-03   0.4998E-03   0.5704E-03   0.6493E-03   0.7432E-03   0.8490E-03   0.9750E-03   0.1118E-02   0.1289E-02   0.1486E-02   0.1722E-02   0.1998E-02   0.2334E-02   0.2731E-02   0.3222E-02   0.3816E-02   0.4561E-02   0.5487E-02   0.6674E-02   0.8193E-02   0.1020E-01   0.1285E-01   0.1648E-01   0.2148E-01   0.2858E-01   0.3882E-01   0.5379E-01   0.7602E-01   0.1078E+00   0.1547E+00   0.2209E+00   0.3481E+00   0.6297E+00   0.8860E+00   0.9822E+00   0.1062E+01   0.1116E+01   0.1163E+01   0.1198E+01   0.1228E+01   0.1251E+01   0.1272E+01   0.1288E+01   0.1303E+01   0.1315E+01   0.1326E+01   0.1335E+01   0.1342E+01   0.1349E+01   0.1355E+01   0.1360E+01   0.1365E+01   0.1369E+01   0.1372E+01   0.1376E+01   0.1378E+01   0.1381E+01   0.1383E+01   0.1385E+01   0.1387E+01   0.1389E+01   0.1390E+01   0.1392E+01   0.1393E+01   0.1394E+01   0.1395E+01   0.1396E+01   0.1397E+01   0.1398E+01   0.1399E+01   0.1399E+01   0.1400E+01   0.1401E+01   0.1401E+01   0.1402E+01   0.1402E+01
0.2470E+02   0.1231E-03   0.1327E-03   0.1331E-03   0.1356E-03   0.1344E-03   0.1373E-03   0.1362E-03   0.1413E-03   0.1413E-03   0.1498E-03   0.1521E-03   0.1652E-03   0.1706E-03   0.1896E-03   0.1991E-03   0.2256E-03   0.2403E-03   0.2763E-03   0.2977E-03   0.3456E-03   0.3757E-03   0.4389E-03   0.4804E-03   0.5633E-03   0.6201E-03   0.7290E-03   0.8067E-03   0.9506E-03   0.1058E-02   0.1250E-02   0.1401E-02   0.1662E-02   0.1877E-02   0.2239E-02   0.2556E-02   0.3072E-02   0.3554E-02   0.4317E-02   0.5080E-02   0.6261E-02   0.7530E-02   0.9461E-02   0.1170E-01   0.1508E-01   0.1930E-01   0.2573E-01   0.3434E-01   0.4764E-01   0.6626E-01   0.9502E-01   0.1339E+00   0.1947E+00   0.2811E+00   0.4926E+00   0.8543E+00   0.9462E+00   0.1044E+01   0.1097E+01   0.1151E+01   0.1186E+01   0.1219E+01   0.1243E+01   0.1266E+01   0.1283E+01   0.1298E+01   0.1311E+01   0.1322E+01   0.1332E+01   0.1340E+01   0.1347E+01   0.1353E+01   0.1359E+01   0.1363E+01   0.1368E+01   0.1371E+01   0.1375E+01   0.1378E+01   0.1380E+01   0.1383E+01   0.1385E+01   0.1387E+01   0.1388E+01   0.1390E+01   0.1391E+01   0.1393E+01   0.1394E+01   0.1395E+01   0.1396E+01   0.1397E+01   0.1398E+01   0.1398E+01   0.1399E+01   0.1400E+01   0.1400E+01   0.1401E+01   0.1401E+01   0.1402E+01   0.1402E+01
0.2492E+02   0.1296E-03   0.1386E-03   0.1422E-03   0.1428E-03   0.1459E-03   0.1460E-03   0.1503E-03   0.1515E-03   0.1585E-03   0.1618E-03   0.1728E-03   0.1793E-03   0.1955E-03   0.2062E-03   0.2292E-03   0.2453E-03   0.2767E-03   0.2998E-03   0.3420E-03   0.3741E-03   0.4300E-03   0.4738E-03   0.5476E-03   0.6069E-03   0.7043E-03   0.7847E-03   0.9137E-03   0.1024E-02   0.1196E-02   0.1349E-02   0.1584E-02   0.1799E-02   0.2126E-02   0.2438E-02   0.2904E-02   0.3372E-02   0.4060E-02   0.4790E-02   0.5853E-02   0.7045E-02   0.8777E-02   0.1084E-01   0.1386E-01   0.1768E-01   0.2336E-01   0.3102E-01   0.4268E-01   0.5907E-01   0.8439E-01   0.1188E+00   0.1725E+00   0.2433E+00   0.4055E+00   0.7473E+00   0.9132E+00   0.1013E+01   0.1078E+01   0.1133E+01   0.1173E+01   0.1208E+01   0.1235E+01   0.1258E+01   0.1277E+01   0.1293E+01   0.1307E+01   0.1318E+01   0.1328E+01   0.1337E+01   0.1344E+01   0.1351E+01   0.1357E+01   0.1362E+01   0.1366E+01   0.1370E+01   0.1373E+01   0.1377E+01   0.1379E+01   0.1382E+01   0.1384E+01   0.1386E+01   0.1388E+01   0.1389E+01   0.1391E+01   0.1392E+01   0.1393E+01   0.1395E+01   0.1396E+01   0.1397E+01   0.1397E+01   0.1398E+01   0.1399E+01   0.1400E+01   0.1400E+01   0.1401E+01   0.1401E+01   0.1402E+01   0.1402E+01   0.1403E+01
0.2513E+02   0.1357E-03   0.1463E-03   0.1502E-03   0.1526E-03   0.1556E-03   0.1579E-03   0.1620E-03   0.1659E-03   0.1725E-03   0.1792E-03   0.1895E-03   0.2000E-03   0.2154E-03   0.2312E-03   0.2529E-03   0.2753E-03   0.3053E-03   0.3362E-03   0.3766E-03   0.4185E-03   0.4725E-03   0.5286E-03   0.6004E-03   0.6756E-03   0.7711E-03   0.8721E-03   0.1000E-02   0.1137E-02   0.1311E-02   0.1500E-02   0.1739E-02   0.2005E-02   0.2344E-02   0.2729E-02   0.3222E-02   0.3799E-02   0.4546E-02   0.5447E-02   0.6633E-02   0.8115E-02   0.1011E-01   0.1270E-01   0.1629E-01   0.2118E-01   0.2818E-01   0.3819E-01   0.5292E-01   0.7463E-01   0.1060E+00   0.1517E+00   0.2172E+00   0.3385E+00   0.6101E+00   0.8815E+00   0.9771E+00   0.1060E+01   0.1114E+01   0.1161E+01   0.1196E+01   0.1226E+01   0.1250E+01   0.1271E+01   0.1287E+01   0.1302E+01   0.1314E+01   0.1325E+01   0.1334E+01   0.1342E+01   0.1349E+01   0.1355E+01   0.1360E+01   0.1365E+01   0.1369E+01   0.1372E+01   0.1375E+01   0.1378E+01   0.1381E+01   0.1383E+01   0.1385E+01   0.1387E+01   0.1389E+01   0.1390E+01   0.1392E+01   0.1393E+01   0.1394E+01   0.1395E+01   0.1396E+01   0.1397E+01   0.1398E+01   0.1399E+01   0.1399E+01   0.1400E+01   0.1401E+01   0.1401E+01   0.1402E+01   0.1402E+01   0.1403E+01   0.1403E+01
0.2535E+02   0.1416E-03   0.1551E-03   0.1577E-03   0.1636E-03   0.1647E-03   0.1716E-03   0.1728E-03   0.1826E-03   0.1852E-03   0.1993E-03   0.2044E-03   0.2243E-03   0.2331E-03   0.2605E-03   0.2740E-03   0.3108E-03   0.3305E-03   0.3793E-03   0.4072E-03   0.4714E-03   0.5100E-03   0.5942E-03   0.6473E-03   0.7577E-03   0.8309E-03   0.9767E-03   0.1078E-02   0.1273E-02   0.1416E-02   0.1679E-02   0.1886E-02   0.2250E-02   0.2555E-02   0.3073E-02   0.3539E-02   0.4303E-02   0.5042E-02   0.6221E-02   0.7453E-02   0.9373E-02   0.1155E-01   0.1490E-01   0.1900E-01   0.2534E-01   0.3371E-01   0.4677E-01   0.6487E-01   0.9320E-01   0.1310E+00   0.1910E+00   0.2716E+00   0.4730E+00   0.8498E+00   0.9411E+00   0.1042E+01   0.1094E+01   0.1149E+01   0.1184E+01   0.1218E+01   0.1242E+01   0.1265E+01   0.1282E+01   0.1298E+01   0.1310E+01   0.1322E+01   0.1331E+01   0.1340E+01   0.1347E+01   0.1353E+01   0.1358E+01   0.1363E+01   0.1367E+01   0.1371E+01   0.1374E+01   0.1377E+01   0.1380E+01   0.1382E+01   0.1385E+01   0.1386E+01   0.1388E+01   0.1390E+01   0.1391E+01   0.1393E+01   0.1394E+01   0.1395E+01   0.1396E+01   0.1397E+01   0.1398E+01   0.1398E+01   0.1399E+01   0.1400E+01   0.1400E+01   0.1401E+01   0.1401E+01   0.1402E+01   0.1402E+01   0.1403E+01   0.1403E+01
0.2557E+02   0.1491E-03   0.1618E-03   0.1683E-03   0.1720E-03   0.1782E-03   0.1816E-03   0.1895E-03   0.1945E-03   0.2056E-03   0.2134E-03   0.2292E-03   0.2410E-03   0.2631E-03   0.2802E-03   0.3104E-03   0.3344E-03   0.3749E-03   0.4079E-03   0.4616E-03   0.5065E-03   0.5774E-03   0.6381E-03   0.7317E-03   0.8138E-03   0.9382E-03   0.1050E-02   0.1217E-02   0.1372E-02   0.1599E-02   0.1818E-02   0.2134E-02   0.2450E-02   0.2903E-02   0.3374E-02   0.4045E-02   0.4776E-02   0.5815E-02   0.7006E-02   0.8701E-02   0.1075E-01   0.1371E-01   0.1750E-01   0.2306E-01   0.3063E-01   0.4205E-01   0.5820E-01   0.8300E-01   0.1170E+00   0.1695E+00   0.2396E+00   0.3960E+00   0.7277E+00   0.9087E+00   0.1008E+01   0.1075E+01   0.1130E+01   0.1172E+01   0.1206E+01   0.1234E+01   0.1257E+01   0.1276E+01   0.1292E+01   0.1306E+01   0.1318E+01   0.1328E+01   0.1337E+01   0.1344E+01   0.1351E+01   0.1356E+01   0.1362E+01   0.1366E+01   0.1370E+01   0.1373E+01   0.1376E+01   0.1379E+01   0.1382E+01   0.1384E+01   0.1386E+01   0.1388E+01   0.1389E+01   0.1391E+01   0.1392E+01   0.1393E+01   0.1394E+01   0.1396E+01   0.1396E+01   0.1397E+01   0.1398E+01   0.1399E+01   0.1400E+01   0.1400E+01   0.1401E+01   0.1401E+01   0.1402E+01   0.1402E+01   0.1403E+01   0.1403E+01   0.1403E+01
0.2578E+02   0.1562E-03   0.1706E-03   0.1778E-03   0.1830E-03   0.1898E-03   0.1952E-03   0.2036E-03   0.2109E-03   0.2226E-03   0.2331E-03   0.2496E-03   0.2648E-03   0.2876E-03   0.3089E-03   0.3399E-03   0.3692E-03   0.4108E-03   0.4505E-03   0.5057E-03   0.5591E-03   0.6322E-03   0.7038E-03   0.8009E-03   0.8975E-03   0.1027E-02   0.1159E-02   0.1335E-02   0.1516E-02   0.1759E-02   0.2015E-02   0.2357E-02   0.2730E-02   0.3226E-02   0.3786E-02   0.4534E-02   0.5411E-02   0.6594E-02   0.8040E-02   0.1002E-01   0.1255E-01   0.1611E-01   0.2089E-01   0.2779E-01   0.3756E-01   0.5205E-01   0.7325E-01   0.1042E+00   0.1488E+00   0.2134E+00   0.3290E+00   0.5906E+00   0.8770E+00   0.9720E+00   0.1057E+01   0.1111E+01   0.1159E+01   0.1194E+01   0.1225E+01   0.1249E+01   0.1270E+01   0.1287E+01   0.1302E+01   0.1314E+01   0.1325E+01   0.1334E+01   0.1342E+01   0.1349E+01   0.1355E+01   0.1360E+01   0.1364E+01   0.1368E+01   0.1372E+01   0.1375E+01   0.1378E+01   0.1381E+01   0.1383E+01   0.1385E+01   0.1387E+01   0.1389E+01   0.1390E+01   0.1392E+01   0.1393E+01   0.1394E+01   0.1395E+01   0.1396E+01   0.1397E+01   0.1398E+01   0.1399E+01   0.1399E+01   0.1400E+01   0.1401E+01   0.1401E+01   0.1402E+01   0.1402E+01   0.1403E+01   0.1403E+01   0.1403E+01   0.1404E+01
0.2600E+02   0.1629E-03   0.1810E-03   0.1862E-03   0.1962E-03   0.1999E-03   0.2117E-03   0.2155E-03   0.2311E-03   0.2367E-03   0.2578E-03   0.2663E-03   0.2947E-03   0.3074E-03   0.3453E-03   0.3636E-03   0.4136E-03   0.4395E-03   0.5050E-03   0.5409E-03   0.6265E-03   0.6762E-03   0.7883E-03   0.8572E-03   0.1005E-02   0.1101E-02   0.1298E-02   0.1434E-02   0.1700E-02   0.1897E-02   0.2264E-02   0.2557E-02   0.3078E-02   0.3526E-02   0.4292E-02   0.5008E-02   0.6184E-02   0.7379E-02   0.9288E-02   0.1140E-01   0.1471E-01   0.1871E-01   0.2495E-01   0.3308E-01   0.4590E-01   0.6349E-01   0.9138E-01   0.1280E+00   0.1873E+00   0.2620E+00   0.4534E+00   0.8453E+00   0.9359E+00   0.1039E+01   0.1091E+01   0.1147E+01   0.1182E+01   0.1217E+01   0.1241E+01   0.1264E+01   0.1281E+01   0.1297E+01   0.1310E+01   0.1321E+01   0.1331E+01   0.1339E+01   0.1346E+01   0.1353E+01   0.1358E+01   0.1363E+01   0.1367E+01   0.1371E+01   0.1374E+01   0.1377E+01   0.1380E+01   0.1382E+01   0.1384E+01   0.1386E+01   0.1388E+01   0.1390E+01   0.1391E+01   0.1393E+01   0.1394E+01   0.1395E+01   0.1396E+01   0.1397E+01   0.1398E+01   0.1398E+01   0.1399E+01   0.1400E+01   0.1400E+01   0.1401E+01   0.1401E+01   0.1402E+01   0.1402E+01   0.1403E+01   0.1403E+01   0.1404E+01   0.1404E+01
0.2622E+02   0.1717E-03   0.1888E-03   0.1987E-03   0.2059E-03   0.2158E-03   0.2233E-03   0.2354E-03   0.2450E-03   0.2610E-03   0.2743E-03   0.2960E-03   0.3144E-03   0.3436E-03   0.3690E-03   0.4079E-03   0.4423E-03   0.4939E-03   0.5402E-03   0.6084E-03   0.6706E-03   0.7607E-03   0.8446E-03   0.9646E-03   0.1079E-02   0.1240E-02   0.1397E-02   0.1618E-02   0.1838E-02   0.2146E-02   0.2464E-02   0.2905E-02   0.3379E-02   0.4033E-02   0.4766E-02   0.5781E-02   0.6969E-02   0.8627E-02   0.1067E-01   0.1356E-01   0.1732E-01   0.2277E-01   0.3024E-01   0.4142E-01   0.5734E-01   0.8162E-01   0.1152E+00   0.1665E+00   0.2359E+00   0.3864E+00   0.7081E+00   0.9042E+00   0.1003E+01   0.1073E+01   0.1128E+01   0.1170E+01   0.1205E+01   0.1232E+01   0.1256E+01   0.1275E+01   0.1292E+01   0.1305E+01   0.1317E+01   0.1327E+01   0.1336E+01   0.1344E+01   0.1350E+01   0.1356E+01   0.1361E+01   0.1366E+01   0.1370E+01   0.1373E+01   0.1376E+01   0.1379E+01   0.1381E+01   0.1384E+01   0.1386E+01   0.1388E+01   0.1389E+01   0.1391E+01   0.1392E+01   0.1393E+01   0.1394E+01   0.1395E+01   0.1396E+01   0.1397E+01   0.1398E+01   0.1399E+01   0.1400E+01   0.1400E+01   0.1401E+01   0.1401E+01   0.1402E+01   0.1402E+01   0.1403E+01   0.1403E+01   0.1403E+01   0.1404E+01   0.1404E+01
0.2643E+02   0.1800E-03   0.1987E-03   0.2099E-03   0.2183E-03   0.2298E-03   0.2386E-03   0.2524E-03   0.2636E-03   0.2817E-03   0.2968E-03   0.3210E-03   0.3417E-03   0.3740E-03   0.4021E-03   0.4450E-03   0.4828E-03   0.5395E-03   0.5903E-03   0.6650E-03   0.7333E-03   0.8323E-03   0.9245E-03   0.1057E-02   0.1182E-02   0.1361E-02   0.1535E-02   0.1780E-02   0.2028E-02   0.2372E-02   0.2733E-02   0.3232E-02   0.3775E-02   0.4525E-02   0.5378E-02   0.6559E-02   0.7967E-02   0.9936E-02   0.1241E-01   0.1593E-01   0.2059E-01   0.2740E-01   0.3694E-01   0.5119E-01   0.7186E-01   0.1024E+00   0.1458E+00   0.2097E+00   0.3194E+00   0.5710E+00   0.8725E+00   0.9669E+00   0.1055E+01   0.1108E+01   0.1158E+01   0.1193E+01   0.1224E+01   0.1248E+01   0.1269E+01   0.1286E+01   0.1301E+01   0.1313E+01   0.1324E+01   0.1333E+01   0.1341E+01   0.1348E+01   0.1354E+01   0.1360E+01   0.1364E+01   0.1368E+01   0.1372E+01   0.1375E+01   0.1378E+01   0.1381E+01   0.1383E+01   0.1385E+01   0.1387E+01   0.1389E+01   0.1390E+01   0.1392E+01   0.1393E+01   0.1394E+01   0.1395E+01   0.1396E+01   0.1397E+01   0.1398E+01   0.1399E+01   0.1399E+01   0.1400E+01   0.1401E+01   0.1401E+01   0.1402E+01   0.1402E+01   0.1403E+01   0.1403E+01   0.1403E+01   0.1404E+01   0.1404E+01   0.1404E+01
0.2665E+02   0.1877E-03   0.2109E-03   0.2196E-03   0.2340E-03   0.2414E-03   0.2582E-03   0.2663E-03   0.2878E-03   0.2982E-03   0.3264E-03   0.3408E-03   0.3778E-03   0.3977E-03   0.4463E-03   0.4737E-03   0.5372E-03   0.5748E-03   0.6578E-03   0.7092E-03   0.8179E-03   0.8887E-03   0.1032E-02   0.1130E-02   0.1322E-02   0.1460E-02   0.1719E-02   0.1919E-02   0.2277E-02   0.2572E-02   0.3081E-02   0.3533E-02   0.4282E-02   0.4998E-02   0.6151E-02   0.7344E-02   0.9215E-02   0.1132E-01   0.1457E-01   0.1853E-01   0.2465E-01   0.3269E-01   0.4528E-01   0.6262E-01   0.8999E-01   0.1262E+00   0.1843E+00   0.2583E+00   0.4439E+00   0.8257E+00   0.9314E+00   0.1034E+01   0.1089E+01   0.1145E+01   0.1180E+01   0.1215E+01   0.1240E+01   0.1263E+01   0.1280E+01   0.1296E+01   0.1309E+01   0.1321E+01   0.1330E+01   0.1339E+01   0.1346E+01   0.1352E+01   0.1358E+01   0.1363E+01   0.1367E+01   0.1371E+01   0.1374E+01   0.1377E+01   0.1380E+01   0.1382E+01   0.1384E+01   0.1386E+01   0.1388E+01   0.1390E+01   0.1391E+01   0.1392E+01   0.1394E+01   0.1395E+01   0.1396E+01   0.1397E+01   0.1398E+01   0.1398E+01   0.1399E+01   0.1400E+01   0.1400E+01   0.1401E+01   0.1401E+01   0.1402E+01   0.1402E+01   0.1403E+01   0.1403E+01   0.1404E+01   0.1404E+01   0.1404E+01   0.1404E+01
0.2687E+02   0.1978E-03   0.2202E-03   0.2340E-03   0.2455E-03   0.2598E-03   0.2722E-03   0.2892E-03   0.3046E-03   0.3264E-03   0.3467E-03   0.3753E-03   0.4023E-03   0.4401E-03   0.4761E-03   0.5260E-03   0.5739E-03   0.6396E-03   0.7037E-03   0.7906E-03   0.8764E-03   0.9922E-03   0.1108E-02   0.1264E-02   0.1424E-02   0.1637E-02   0.1861E-02   0.2160E-02   0.2481E-02   0.2910E-02   0.3386E-02   0.4024E-02   0.4758E-02   0.5748E-02   0.6935E-02   0.8556E-02   0.1059E-01   0.1342E-01   0.1714E-01   0.2248E-01   0.2985E-01   0.4079E-01   0.5647E-01   0.8024E-01   0.1134E+00   0.1636E+00   0.2321E+00   0.3769E+00   0.6886E+00   0.8997E+00   0.9978E+00   0.1070E+01   0.1125E+01   0.1168E+01   0.1203E+01   0.1231E+01   0.1255E+01   0.1274E+01   0.1291E+01   0.1305E+01   0.1317E+01   0.1327E+01   0.1336E+01   0.1344E+01   0.1350E+01   0.1356E+01   0.1361E+01   0.1366E+01   0.1369E+01   0.1373E+01   0.1376E+01   0.1379E+01   0.1381E+01   0.1384E+01   0.1386E+01   0.1387E+01   0.1389E+01   0.1391E+01   0.1392E+01   0.1393E+01   0.1394E+01   0.1395E+01   0.1396E+01   0.1397E+01   0.1398E+01   0.1399E+01   0.1400E+01   0.1400E+01   0.1401E+01   0.1401E+01   0.1402E+01   0.1402E+01   0.1403E+01   0.1403E+01   0.1403E+01   0.1404E+01   0.1404E+01   0.1404E+01   0.1405E+01
0.2708E+02   0.2076E-03   0.2313E-03   0.2474E-03   0.2596E-03   0.2766E-03   0.2895E-03   0.3100E-03   0.3257E-03   0.3519E-03   0.3724E-03   0.4064E-03   0.4336E-03   0.4782E-03   0.5145E-03   0.5729E-03   0.6215E-03   0.6981E-03   0.7633E-03   0.8643E-03   0.9525E-03   0.1087E-02   0.1207E-02   0.1388E-02   0.1556E-02   0.1804E-02   0.2042E-02   0.2390E-02   0.2738E-02   0.3240E-02   0.3766E-02   0.4518E-02   0.5347E-02   0.6526E-02   0.7898E-02   0.9855E-02   0.1227E-01   0.1575E-01   0.2030E-01   0.2701E-01   0.3631E-01   0.5032E-01   0.7048E-01   0.1006E+00   0.1428E+00   0.2060E+00   0.3099E+00   0.5514E+00   0.8680E+00   0.9617E+00   0.1052E+01   0.1105E+01   0.1156E+01   0.1191E+01   0.1223E+01   0.1247E+01   0.1268E+01   0.1285E+01   0.1300E+01   0.1313E+01   0.1324E+01   0.1333E+01   0.1341E+01   0.1348E+01   0.1354E+01   0.1359E+01   0.1364E+01   0.1368E+01   0.1372E+01   0.1375E+01   0.1378E+01   0.1381E+01   0.1383E+01   0.1385E+01   0.1387E+01   0.1389E+01   0.1390E+01   0.1392E+01   0.1393E+01   0.1394E+01   0.1395E+01   0.1396E+01   0.1397E+01   0.1398E+01   0.1399E+01   0.1399E+01   0.1400E+01   0.1401E+01   0.1401E+01   0.1402E+01   0.1402E+01   0.1403E+01   0.1403E+01   0.1403E+01   0.1404E+01   0.1404E+01   0.1404E+01   0.1405E+01   0.1405E+01
0.2730E+02   0.2167E-03   0.2458E-03   0.2587E-03   0.2781E-03   0.2902E-03   0.3128E-03   0.3262E-03   0.3546E-03   0.3713E-03   0.4079E-03   0.4299E-03   0.4774E-03   0.5067E-03   0.5686E-03   0.6081E-03   0.6887E-03   0.7422E-03   0.8477E-03   0.9207E-03   0.1060E-02   0.1161E-02   0.1346E-02   0.1488E-02   0.1740E-02   0.1943E-02   0.2292E-02   0.2590E-02   0.3087E-02   0.3541E-02   0.4273E-02   0.4992E-02   0.6120E-02   0.7311E-02   0.9146E-02   0.1124E-01   0.1443E-01   0.1835E-01   0.2436E-01   0.3230E-01   0.4465E-01   0.6175E-01   0.8861E-01   0.1244E+00   0.1814E+00   0.2546E+00   0.4343E+00   0.8061E+00   0.9269E+00   0.1029E+01   0.1086E+01   0.1142E+01   0.1179E+01   0.1214E+01   0.1239E+01   0.1262E+01   0.1279E+01   0.1296E+01   0.1308E+01   0.1320E+01   0.1330E+01   0.1338E+01   0.1346E+01   0.1352E+01   0.1358E+01   0.1363E+01   0.1367E+01   0.1371E+01   0.1374E+01   0.1377E+01   0.1380E+01   0.1382E+01   0.1384E+01   0.1386E+01   0.1388E+01   0.1390E+01   0.1391E+01   0.1392E+01   0.1394E+01   0.1395E+01   0.1396E+01   0.1397E+01   0.1398E+01   0.1398E+01   0.1399E+01   0.1400E+01   0.1400E+01   0.1401E+01   0.1401E+01   0.1402E+01   0.1402E+01   0.1403E+01   0.1403E+01   0.1404E+01   0.1404E+01   0.1404E+01   0.1405E+01   0.1405E+01   0.1405E+01
0.2752E+02   0.2283E-03   0.2569E-03   0.2752E-03   0.2920E-03   0.3113E-03   0.3299E-03   0.3526E-03   0.3753E-03   0.4040E-03   0.4331E-03   0.4702E-03   0.5082E-03   0.5567E-03   0.6066E-03   0.6702E-03   0.7363E-03   0.8203E-03   0.9084E-03   0.1020E-02   0.1139E-02   0.1290E-02   0.1452E-02   0.1659E-02   0.1885E-02   0.2175E-02   0.2499E-02   0.2916E-02   0.3395E-02   0.4016E-02   0.4752E-02   0.5719E-02   0.6903E-02   0.8488E-02   0.1051E-01   0.1328E-01   0.1696E-01   0.2218E-01   0.2946E-01   0.4017E-01   0.5561E-01   0.7885E-01   0.1115E+00   0.1606E+00   0.2284E+00   0.3673E+00   0.6690E+00   0.8952E+00   0.9926E+00   0.1068E+01   0.1122E+01   0.1167E+01   0.1201E+01   0.1230E+01   0.1254E+01   0.1273E+01   0.1290E+01   0.1304E+01   0.1316E+01   0.1327E+01   0.1335E+01   0.1343E+01   0.1350E+01   0.1356E+01   0.1361E+01   0.1365E+01   0.1369E+01   0.1373E+01   0.1376E+01   0.1379E+01   0.1381E+01   0.1384E+01   0.1386E+01   0.1387E+01   0.1389E+01   0.1391E+01   0.1392E+01   0.1393E+01   0.1394E+01   0.1395E+01   0.1396E+01   0.1397E+01   0.1398E+01   0.1399E+01   0.1400E+01   0.1400E+01   0.1401E+01   0.1401E+01   0.1402E+01   0.1402E+01   0.1403E+01   0.1403E+01   0.1403E+01   0.1404E+01   0.1404E+01   0.1404E+01   0.1405E+01   0.1405E+01   0.1405E+01
0.2773E+02   0.2400E-03   0.2694E-03   0.2914E-03   0.3079E-03   0.3318E-03   0.3494E-03   0.3781E-03   0.3993E-03   0.4355E-03   0.4625E-03   0.5090E-03   0.5443E-03   0.6047E-03   0.6515E-03   0.7302E-03   0.7927E-03   0.8959E-03   0.9804E-03   0.1117E-02   0.1233E-02   0.1416E-02   0.1578E-02   0.1829E-02   0.2058E-02   0.2409E-02   0.2745E-02   0.3250E-02   0.3760E-02   0.4513E-02   0.5318E-02   0.6495E-02   0.7830E-02   0.9776E-02   0.1213E-01   0.1557E-01   0.2001E-01   0.2662E-01   0.3569E-01   0.4946E-01   0.6910E-01   0.9873E-01   0.1399E+00   0.2023E+00   0.3003E+00   0.5318E+00   0.8635E+00   0.9566E+00   0.1049E+01   0.1102E+01   0.1154E+01   0.1189E+01   0.1222E+01   0.1246E+01   0.1267E+01   0.1284E+01   0.1300E+01   0.1312E+01   0.1323E+01   0.1332E+01   0.1341E+01   0.1348E+01   0.1354E+01   0.1359E+01   0.1364E+01   0.1368E+01   0.1372E+01   0.1375E+01   0.1378E+01   0.1380E+01   0.1383E+01   0.1385E+01   0.1387E+01   0.1388E+01   0.1390E+01   0.1391E+01   0.1393E+01   0.1394E+01   0.1395E+01   0.1396E+01   0.1397E+01   0.1398E+01   0.1399E+01   0.1399E+01   0.1400E+01   0.1401E+01   0.1401E+01   0.1402E+01   0.1402E+01   0.1403E+01   0.1403E+01   0.1403E+01   0.1404E+01   0.1404E+01   0.1404E+01   0.1405E+01   0.1405E+01   0.1405E+01   0.1405E+01
0.2795E+02   0.2506E-03   0.2867E-03   0.3046E-03   0.3300E-03   0.3477E-03   0.3774E-03   0.3973E-03   0.4341E-03   0.4587E-03   0.5056E-03   0.5374E-03   0.5979E-03   0.6397E-03   0.7183E-03   0.7741E-03   0.8768E-03   0.9523E-03   0.1088E-02   0.1191E-02   0.1372E-02   0.1516E-02   0.1761E-02   0.1967E-02   0.2307E-02   0.2609E-02   0.3094E-02   0.3551E-02   0.4267E-02   0.4987E-02   0.6091E-02   0.7280E-02   0.9078E-02   0.1116E-01   0.1429E-01   0.1817E-01   0.2407E-01   0.3191E-01   0.4403E-01   0.6089E-01   0.8723E-01   0.1225E+00   0.1784E+00   0.2509E+00   0.4248E+00   0.7866E+00   0.9224E+00   0.1024E+01   0.1083E+01   0.1139E+01   0.1177E+01   0.1212E+01   0.1237E+01   0.1261E+01   0.1278E+01   0.1295E+01   0.1308E+01   0.1320E+01   0.1329E+01   0.1338E+01   0.1345E+01   0.1352E+01   0.1357E+01   0.1362E+01   0.1367E+01   0.1370E+01   0.1374E+01   0.1377E+01   0.1380E+01   0.1382E+01   0.1384E+01   0.1386E+01   0.1388E+01   0.1390E+01   0.1391E+01   0.1392E+01   0.1394E+01   0.1395E+01   0.1396E+01   0.1397E+01   0.1398E+01   0.1398E+01   0.1399E+01   0.1400E+01   0.1400E+01   0.1401E+01   0.1401E+01   0.1402E+01   0.1402E+01   0.1403E+01   0.1403E+01   0.1404E+01   0.1404E+01   0.1404E+01   0.1405E+01   0.1405E+01   0.1405E+01   0.1405E+01   0.1405E+01
0.2817E+02   0.2641E-03   0.3001E-03   0.3237E-03   0.3469E-03   0.3722E-03   0.3982E-03   0.4279E-03   0.4597E-03   0.4968E-03   0.5372E-03   0.5847E-03   0.6370E-03   0.6989E-03   0.7674E-03   0.8488E-03   0.9394E-03   0.1048E-02   0.1169E-02   0.1315E-02   0.1480E-02   0.1680E-02   0.1910E-02   0.2191E-02   0.2519E-02   0.2924E-02   0.3406E-02   0.4011E-02   0.4748E-02   0.5691E-02   0.6873E-02   0.8421E-02   0.1043E-01   0.1314E-01   0.1678E-01   0.2190E-01   0.2907E-01   0.3955E-01   0.5474E-01   0.7747E-01   0.1097E+00   0.1577E+00   0.2247E+00   0.3578E+00   0.6494E+00   0.8907E+00   0.9875E+00   0.1065E+01   0.1119E+01   0.1165E+01   0.1200E+01   0.1229E+01   0.1252E+01   0.1273E+01   0.1289E+01   0.1304E+01   0.1316E+01   0.1326E+01   0.1335E+01   0.1343E+01   0.1350E+01   0.1355E+01   0.1361E+01   0.1365E+01   0.1369E+01   0.1373E+01   0.1376E+01   0.1379E+01   0.1381E+01   0.1383E+01   0.1385E+01   0.1387E+01   0.1389E+01   0.1391E+01   0.1392E+01   0.1393E+01   0.1394E+01   0.1395E+01   0.1396E+01   0.1397E+01   0.1398E+01   0.1399E+01   0.1399E+01   0.1400E+01   0.1401E+01   0.1401E+01   0.1402E+01   0.1402E+01   0.1403E+01   0.1403E+01   0.1403E+01   0.1404E+01   0.1404E+01   0.1404E+01   0.1405E+01   0.1405E+01   0.1405E+01   0.1405E+01   0.1406E+01
0.2838E+02   0.2781E-03   0.3143E-03   0.3433E-03   0.3648E-03   0.3973E-03   0.4204E-03   0.4594E-03   0.4871E-03   0.5360E-03   0.5710E-03   0.6336E-03   0.6790E-03   0.7601E-03   0.8204E-03   0.9262E-03   0.1007E-02   0.1147E-02   0.1258E-02   0.1444E-02   0.1599E-02   0.1853E-02   0.2074E-02   0.2429E-02   0.2753E-02   0.3261E-02   0.3755E-02   0.4510E-02   0.5291E-02   0.6466E-02   0.7765E-02   0.9699E-02   0.1199E-01   0.1540E-01   0.1972E-01   0.2624E-01   0.3507E-01   0.4860E-01   0.6772E-01   0.9691E-01   0.1369E+00   0.1986E+00   0.2908E+00   0.5123E+00   0.8589E+00   0.9514E+00   0.1047E+01   0.1100E+01   0.1153E+01   0.1187E+01   0.1221E+01   0.1244E+01   0.1267E+01   0.1283E+01   0.1299E+01   0.1312E+01   0.1323E+01   0.1332E+01   0.1340E+01   0.1347E+01   0.1354E+01   0.1359E+01   0.1364E+01   0.1368E+01   0.1372E+01   0.1375E+01   0.1378E+01   0.1380E+01   0.1383E+01   0.1385E+01   0.1387E+01   0.1388E+01   0.1390E+01   0.1391E+01   0.1393E+01   0.1394E+01   0.1395E+01   0.1396E+01   0.1397E+01   0.1398E+01   0.1399E+01   0.1399E+01   0.1400E+01   0.1401E+01   0.1401E+01   0.1402E+01   0.1402E+01   0.1403E+01   0.1403E+01   0.1403E+01   0.1404E+01   0.1404E+01   0.1404E+01   0.1405E+01   0.1405E+01   0.1405E+01   0.1405E+01   0.1406E+01   0.1406E+01
0.2860E+02   0.2906E-03   0.3349E-03   0.3589E-03   0.3913E-03   0.4161E-03   0.4541E-03   0.4823E-03   0.5293E-03   0.5640E-03   0.6237E-03   0.6683E-03   0.7452E-03   0.8038E-03   0.9040E-03   0.9822E-03   0.1114E-02   0.1220E-02   0.1396E-02   0.1544E-02   0.1783E-02   0.1992E-02   0.2323E-02   0.2629E-02   0.3102E-02   0.3562E-02   0.4261E-02   0.4983E-02   0.6064E-02   0.7251E-02   0.9012E-02   0.1108E-01   0.1415E-01   0.1800E-01   0.2378E-01   0.3153E-01   0.4340E-01   0.6002E-01   0.8585E-01   0.1207E+00   0.1755E+00   0.2471E+00   0.4152E+00   0.7670E+00   0.9179E+00   0.1018E+01   0.1081E+01   0.1136E+01   0.1175E+01   0.1210E+01   0.1236E+01   0.1259E+01   0.1278E+01   0.1294E+01   0.1307E+01   0.1319E+01   0.1329E+01   0.1338E+01   0.1345E+01   0.1352E+01   0.1357E+01   0.1362E+01   0.1366E+01   0.1370E+01   0.1374E+01   0.1377E+01   0.1379E+01   0.1382E+01   0.1384E+01   0.1386E+01   0.1388E+01   0.1389E+01   0.1391E+01   0.1392E+01   0.1394E+01   0.1395E+01   0.1396E+01   0.1397E+01   0.1397E+01   0.1398E+01   0.1399E+01   0.1400E+01   0.1400E+01   0.1401E+01   0.1401E+01   0.1402E+01   0.1402E+01   0.1403E+01   0.1403E+01   0.1404E+01   0.1404E+01   0.1404E+01   0.1405E+01   0.1405E+01   0.1405E+01   0.1405E+01   0.1405E+01   0.1406E+01   0.1406E+01
0.2882E+02   0.3064E-03   0.3512E-03   0.3810E-03   0.4121E-03   0.4444E-03   0.4799E-03   0.5179E-03   0.5614E-03   0.6087E-03   0.6638E-03   0.7244E-03   0.7956E-03   0.8748E-03   0.9683E-03   0.1073E-02   0.1198E-02   0.1339E-02   0.1508E-02   0.1701E-02   0.1935E-02   0.2207E-02   0.2538E-02   0.2931E-02   0.3417E-02   0.4006E-02   0.4745E-02   0.5664E-02   0.6845E-02   0.8356E-02   0.1035E-01   0.1300E-01   0.1661E-01   0.2161E-01   0.2869E-01   0.3892E-01   0.5388E-01   0.7609E-01   0.1079E+00   0.1547E+00   0.2210E+00   0.3482E+00   0.6298E+00   0.8861E+00   0.9824E+00   0.1063E+01   0.1117E+01   0.1163E+01   0.1198E+01   0.1228E+01   0.1251E+01   0.1272E+01   0.1288E+01   0.1303E+01   0.1315E+01   0.1326E+01   0.1335E+01   0.1343E+01   0.1349E+01   0.1355E+01   0.1360E+01   0.1365E+01   0.1369E+01   0.1373E+01   0.1376E+01   0.1379E+01   0.1381E+01   0.1383E+01   0.1385E+01   0.1387E+01   0.1389E+01   0.1390E+01   0.1392E+01   0.1393E+01   0.1394E+01   0.1395E+01   0.1396E+01   0.1397E+01   0.1398E+01   0.1399E+01   0.1399E+01   0.1400E+01   0.1401E+01   0.1401E+01   0.1402E+01   0.1402E+01   0.1403E+01   0.1403E+01   0.1403E+01   0.1404E+01   0.1404E+01   0.1404E+01   0.1405E+01   0.1405E+01   0.1405E+01   0.1405E+01   0.1406E+01   0.1406E+01   0.1406E+01
0.2903E+02   0.3233E-03   0.3673E-03   0.4051E-03   0.4325E-03   0.4755E-03   0.5052E-03   0.5572E-03   0.5927E-03   0.6580E-03   0.7029E-03   0.7866E-03   0.8451E-03   0.9537E-03   0.1032E-02   0.1174E-02   0.1281E-02   0.1471E-02   0.1620E-02   0.1877E-02   0.2090E-02   0.2448E-02   0.2761E-02   0.3272E-02   0.3750E-02   0.4507E-02   0.5265E-02   0.6438E-02   0.7700E-02   0.9623E-02   0.1185E-01   0.1522E-01   0.1944E-01   0.2585E-01   0.3445E-01   0.4773E-01   0.6634E-01   0.9509E-01   0.1340E+00   0.1948E+00   0.2812E+00   0.4927E+00   0.8544E+00   0.9463E+00   0.1044E+01   0.1097E+01   0.1151E+01   0.1186E+01   0.1219E+01   0.1243E+01   0.1266E+01   0.1283E+01   0.1299E+01   0.1311E+01   0.1322E+01   0.1332E+01   0.1340E+01   0.1347E+01   0.1353E+01   0.1359E+01   0.1364E+01   0.1368E+01   0.1371E+01   0.1375E+01   0.1378E+01   0.1380E+01   0.1383E+01   0.1385E+01   0.1387E+01   0.1388E+01   0.1390E+01   0.1391E+01   0.1393E+01   0.1394E+01   0.1395E+01   0.1396E+01   0.1397E+01   0.1398E+01   0.1399E+01   0.1399E+01   0.1400E+01   0.1401E+01   0.1401E+01   0.1402E+01   0.1402E+01   0.1403E+01   0.1403E+01   0.1403E+01   0.1404E+01   0.1404E+01   0.1404E+01   0.1405E+01   0.1405E+01   0.1405E+01   0.1405E+01   0.1406E+01   0.1406E+01   0.1406E+01   0.1406E+01
0.2925E+02   0.3382E-03   0.3921E-03   0.4236E-03   0.4645E-03   0.4980E-03   0.5461E-03   0.5848E-03   0.6443E-03   0.6924E-03   0.7681E-03   0.8299E-03   0.9278E-03   0.1009E-02   0.1138E-02   0.1248E-02   0.1419E-02   0.1570E-02   0.1803E-02   0.2016E-02   0.2339E-02   0.2648E-02   0.3109E-02   0.3573E-02   0.4256E-02   0.4980E-02   0.6037E-02   0.7223E-02   0.8947E-02   0.1100E-01   0.1401E-01   0.1782E-01   0.2349E-01   0.3114E-01   0.4278E-01   0.5916E-01   0.8446E-01   0.1189E+00   0.1725E+00   0.2434E+00   0.4056E+00   0.7474E+00   0.9133E+00   0.1013E+01   0.1078E+01   0.1133E+01   0.1174E+01   0.1208E+01   0.1235E+01   0.1258E+01   0.1277E+01   0.1293E+01   0.1307E+01   0.1319E+01   0.1329E+01   0.1337E+01   0.1345E+01   0.1351E+01   0.1357E+01   0.1362E+01   0.1366E+01   0.1370E+01   0.1374E+01   0.1377E+01   0.1379E+01   0.1382E+01   0.1384E+01   0.1386E+01   0.1388E+01   0.1389E+01   0.1391E+01   0.1392E+01   0.1393E+01   0.1395E+01   0.1396E+01   0.1397E+01   0.1397E+01   0.1398E+01   0.1399E+01   0.1400E+01   0.1400E+01   0.1401E+01   0.1401E+01   0.1402E+01   0.1402E+01   0.1403E+01   0.1403E+01   0.1404E+01   0.1404E+01   0.1404E+01   0.1405E+01   0.1405E+01   0.1405E+01   0.1405E+01   0.1406E+01   0.1406E+01   0.1406E+01   0.1406E+01   0.1406E+01
0.2947E+02   0.3567E-03   0.4123E-03   0.4494E-03   0.4903E-03   0.5311E-03   0.5785E-03   0.6266E-03   0.6851E-03   0.7452E-03   0.8196E-03   0.8971E-03   0.9938E-03   0.1096E-02   0.1224E-02   0.1361E-02   0.1533E-02   0.1721E-02   0.1958E-02   0.2222E-02   0.2557E-02   0.2939E-02   0.3428E-02   0.4000E-02   0.4742E-02   0.5637E-02   0.6816E-02   0.8291E-02   0.1028E-01   0.1286E-01   0.1644E-01   0.2132E-01   0.2831E-01   0.3830E-01   0.5302E-01   0.7471E-01   0.1061E+00   0.1518E+00   0.2172E+00   0.3387E+00   0.6102E+00   0.8816E+00   0.9772E+00   0.1060E+01   0.1114E+01   0.1161E+01   0.1196E+01   0.1227E+01   0.1250E+01   0.1271E+01   0.1288E+01   0.1302E+01   0.1315E+01   0.1325E+01   0.1334E+01   0.1342E+01   0.1349E+01   0.1355E+01   0.1360E+01   0.1365E+01   0.1369E+01   0.1372E+01   0.1376E+01   0.1378E+01   0.1381E+01   0.1383E+01   0.1385E+01   0.1387E+01   0.1389E+01   0.1390E+01   0.1392E+01   0.1393E+01   0.1394E+01   0.1395E+01   0.1396E+01   0.1397E+01   0.1398E+01   0.1399E+01   0.1399E+01   0.1400E+01   0.1401E+01   0.1401E+01   0.1402E+01   0.1402E+01   0.1403E+01   0.1403E+01   0.1403E+01   0.1404E+01   0.1404E+01   0.1404E+01   0.1405E+01   0.1405E+01   0.1405E+01   0.1405E+01   0.1406E+01   0.1406E+01   0.1406E+01   0.1406E+01   0.1406E+01
0.2968E+02   0.3773E-03   0.4306E-03   0.4791E-03   0.5135E-03   0.5697E-03   0.6074E-03   0.6760E-03   0.7213E-03   0.8080E-03   0.8655E-03   0.9771E-03   0.1053E-02   0.1199E-02   0.1302E-02   0.1495E-02   0.1638E-02   0.1900E-02   0.2104E-02   0.2466E-02   0.2768E-02   0.3283E-02   0.3744E-02   0.4504E-02   0.5238E-02   0.6410E-02   0.7636E-02   0.9548E-02   0.1171E-01   0.1505E-01   0.1915E-01   0.2547E-01   0.3383E-01   0.4687E-01   0.6496E-01   0.9327E-01   0.1310E+00   0.1911E+00   0.2717E+00   0.4731E+00   0.8499E+00   0.9411E+00   0.1042E+01   0.1094E+01   0.1149E+01   0.1184E+01   0.1218E+01   0.1242E+01   0.1265E+01   0.1282E+01   0.1298E+01   0.1310E+01   0.1322E+01   0.1331E+01   0.1340E+01   0.1347E+01   0.1353E+01   0.1358E+01   0.1363E+01   0.1367E+01   0.1371E+01   0.1375E+01   0.1378E+01   0.1380E+01   0.1383E+01   0.1385E+01   0.1387E+01   0.1388E+01   0.1390E+01   0.1391E+01   0.1393E+01   0.1394E+01   0.1395E+01   0.1396E+01   0.1397E+01   0.1398E+01   0.1399E+01   0.1399E+01   0.1400E+01   0.1401E+01   0.1401E+01   0.1402E+01   0.1402E+01   0.1403E+01   0.1403E+01   0.1403E+01   0.1404E+01   0.1404E+01   0.1404E+01   0.1405E+01   0.1405E+01   0.1405E+01   0.1405E+01   0.1406E+01   0.1406E+01   0.1406E+01   0.1406E+01   0.1406E+01   0.1406E+01
0.2990E+02   0.3952E-03   0.4607E-03   0.5015E-03   0.5525E-03   0.5971E-03   0.6575E-03   0.7100E-03   0.7852E-03   0.8509E-03   0.9472E-03   0.1032E-02   0.1158E-02   0.1272E-02   0.1439E-02   0.1594E-02   0.1820E-02   0.2038E-02   0.2352E-02   0.2666E-02   0.3116E-02   0.3583E-02   0.4250E-02   0.4977E-02   0.6010E-02   0.7194E-02   0.8882E-02   0.1093E-01   0.1387E-01   0.1765E-01   0.2320E-01   0.3076E-01   0.4216E-01   0.5830E-01   0.8308E-01   0.1171E+00   0.1696E+00   0.2397E+00   0.3961E+00   0.7278E+00   0.9088E+00   0.1008E+01   0.1076E+01   0.1131E+01   0.1172E+01   0.1207E+01   0.1234E+01   0.1257E+01   0.1276E+01   0.1292E+01   0.1306E+01   0.1318E+01   0.1328E+01   0.1337E+01   0.1344E+01   0.1351E+01   0.1357E+01   0.1362E+01   0.1366E+01   0.1370E+01   0.1373E+01   0.1377E+01   0.1379E+01   0.1382E+01   0.1384E+01   0.1386E+01   0.1388E+01   0.1389E+01   0.1391E+01   0.1392E+01   0.1393E+01   0.1395E+01   0.1396E+01   0.1397E+01   0.1397E+01   0.1398E+01   0.1399E+01   0.1400E+01   0.1400E+01   0.1401E+01   0.1401E+01   0.1402E+01   0.1402E+01   0.1403E+01   0.1403E+01   0.1404E+01   0.1404E+01   0.1404E+01   0.1405E+01   0.1405E+01   0.1405E+01   0.1405E+01   0.1406E+01   0.1406E+01   0.1406E+01   0.1406E+01   0.1406E+01   0.1406E+01   0.1406E+01
0.3012E+02   0.4171E-03   0.4859E-03   0.5317E-03   0.5849E-03   0.6359E-03   0.6987E-03   0.7595E-03   0.8376E-03   0.9142E-03   0.1014E-02   0.1114E-02   0.1246E-02   0.1379E-02   0.1555E-02   0.1737E-02   0.1978E-02   0.2234E-02   0.2574E-02   0.2944E-02   0.3438E-02   0.3994E-02   0.4738E-02   0.5610E-02   0.6788E-02   0.8226E-02   0.1020E-01   0.1272E-01   0.1627E-01   0.2103E-01   0.2792E-01   0.3768E-01   0.5215E-01   0.7333E-01   0.1043E+00   0.1488E+00   0.2135E+00   0.3291E+00   0.5906E+00   0.8770E+00   0.9720E+00   0.1057E+01   0.1111E+01   0.1160E+01   0.1194E+01   0.1225E+01   0.1249E+01   0.1270E+01   0.1287E+01   0.1302E+01   0.1314E+01   0.1325E+01   0.1334E+01   0.1342E+01   0.1349E+01   0.1355E+01   0.1360E+01   0.1365E+01   0.1369E+01   0.1372E+01   0.1375E+01   0.1378E+01   0.1381E+01   0.1383E+01   0.1385E+01   0.1387E+01   0.1389E+01   0.1390E+01   0.1392E+01   0.1393E+01   0.1394E+01   0.1395E+01   0.1396E+01   0.1397E+01   0.1398E+01   0.1399E+01   0.1399E+01   0.1400E+01   0.1401E+01   0.1401E+01   0.1402E+01   0.1402E+01   0.1403E+01   0.1403E+01   0.1403E+01   0.1404E+01   0.1404E+01   0.1404E+01   0.1405E+01   0.1405E+01   0.1405E+01   0.1405E+01   0.1406E+01   0.1406E+01   0.1406E+01   0.1406E+01   0.1406E+01   0.1406E+01   0.1407E+01
0.3033E+02   0.4425E-03   0.5068E-03   0.5688E-03   0.6115E-03   0.6846E-03   0.7321E-03   0.8223E-03   0.8800E-03   0.9949E-03   0.1069E-02   0.1218E-02   0.1318E-02   0.1515E-02   0.1653E-02   0.1919E-02   0.2116E-02   0.2481E-02   0.2773E-02   0.3291E-02   0.3737E-02   0.4499E-02   0.5211E-02   0.6381E-02   0.7571E-02   0.9472E-02   0.1158E-01   0.1488E-01   0.1886E-01   0.2509E-01   0.3321E-01   0.4601E-01   0.6357E-01   0.9144E-01   0.1281E+00   0.1873E+00   0.2621E+00   0.4535E+00   0.8453E+00   0.9359E+00   0.1039E+01   0.1091E+01   0.1147E+01   0.1182E+01   0.1217E+01   0.1241E+01   0.1264E+01   0.1281E+01   0.1297E+01   0.1310E+01   0.1322E+01   0.1331E+01   0.1339E+01   0.1346E+01   0.1353E+01   0.1358E+01   0.1363E+01   0.1367E+01   0.1371E+01   0.1374E+01   0.1377E+01   0.1380E+01   0.1382E+01   0.1385E+01   0.1387E+01   0.1388E+01   0.1390E+01   0.1391E+01   0.1393E+01   0.1394E+01   0.1395E+01   0.1396E+01   0.1397E+01   0.1398E+01   0.1399E+01   0.1399E+01   0.1400E+01   0.1400E+01   0.1401E+01   0.1402E+01   0.1402E+01   0.1403E+01   0.1403E+01   0.1403E+01   0.1404E+01   0.1404E+01   0.1404E+01   0.1405E+01   0.1405E+01   0.1405E+01   0.1405E+01   0.1406E+01   0.1406E+01   0.1406E+01   0.1406E+01   0.1406E+01   0.1406E+01   0.1407E+01   0.1407E+01
0.3055E+02   0.4642E-03   0.5437E-03   0.5961E-03   0.6595E-03   0.7184E-03   0.7943E-03   0.8649E-03   0.9602E-03   0.1050E-02   0.1173E-02   0.1291E-02   0.1454E-02   0.1613E-02   0.1834E-02   0.2056E-02   0.2363E-02   0.2680E-02   0.3119E-02   0.3591E-02   0.4242E-02   0.4972E-02   0.5981E-02   0.7164E-02   0.8816E-02   0.1085E-01   0.1373E-01   0.1748E-01   0.2292E-01   0.3037E-01   0.4153E-01   0.5743E-01   0.8169E-01   0.1152E+00   0.1666E+00   0.2359E+00   0.3865E+00   0.7081E+00   0.9042E+00   0.1003E+01   0.1073E+01   0.1128E+01   0.1170E+01   0.1205E+01   0.1233E+01   0.1256E+01   0.1275E+01   0.1292E+01   0.1305E+01   0.1317E+01   0.1328E+01   0.1336E+01   0.1344E+01   0.1351E+01   0.1356E+01   0.1361E+01   0.1366E+01   0.1370E+01   0.1373E+01   0.1376E+01   0.1379E+01   0.1382E+01   0.1384E+01   0.1386E+01   0.1388E+01   0.1389E+01   0.1391E+01   0.1392E+01   0.1393E+01   0.1395E+01   0.1396E+01   0.1397E+01   0.1397E+01   0.1398E+01   0.1399E+01   0.1400E+01   0.1400E+01   0.1401E+01   0.1401E+01   0.1402E+01   0.1402E+01   0.1403E+01   0.1403E+01   0.1404E+01   0.1404E+01   0.1404E+01   0.1405E+01   0.1405E+01   0.1405E+01   0.1405E+01   0.1406E+01   0.1406E+01   0.1406E+01   0.1406E+01   0.1406E+01   0.1406E+01   0.1407E+01   0.1407E+01   0.1407E+01
0.3077E+02   0.4903E-03   0.5754E-03   0.6319E-03   0.7006E-03   0.7645E-03   0.8472E-03   0.9242E-03   0.1028E-02   0.1127E-02   0.1262E-02   0.1392E-02   0.1572E-02   0.1749E-02   0.1995E-02   0.2243E-02   0.2587E-02   0.2947E-02   0.3444E-02   0.3985E-02   0.4732E-02   0.5581E-02   0.6757E-02   0.8160E-02   0.1012E-01   0.1259E-01   0.1609E-01   0.2075E-01   0.2754E-01   0.3706E-01   0.5129E-01   0.7194E-01   0.1024E+00   0.1458E+00   0.2098E+00   0.3195E+00   0.5710E+00   0.8724E+00   0.9668E+00   0.1055E+01   0.1108E+01   0.1158E+01   0.1193E+01   0.1224E+01   0.1248E+01   0.1269E+01   0.1286E+01   0.1301E+01   0.1313E+01   0.1324E+01   0.1333E+01   0.1342E+01   0.1348E+01   0.1355E+01   0.1360E+01   0.1364E+01   0.1368E+01   0.1372E+01   0.1375E+01   0.1378E+01   0.1381E+01   0.1383E+01   0.1385E+01   0.1387E+01   0.1389E+01   0.1390E+01   0.1392E+01   0.1393E+01   0.1394E+01   0.1395E+01   0.1396E+01   0.1397E+01   0.1398E+01   0.1399E+01   0.1399E+01   0.1400E+01   0.1401E+01   0.1401E+01   0.1402E+01   0.1402E+01   0.1403E+01   0.1403E+01   0.1403E+01   0.1404E+01   0.1404E+01   0.1404E+01   0.1405E+01   0.1405E+01   0.1405E+01   0.1405E+01   0.1406E+01   0.1406E+01   0.1406E+01   0.1406E+01   0.1406E+01   0.1406E+01   0.1407E+01   0.1407E+01   0.1407E+01
0.3098E+02   0.5215E-03   0.6011E-03   0.6776E-03   0.7337E-03   0.8250E-03   0.8892E-03   0.1003E-02   0.1083E-02   0.1229E-02   0.1334E-02   0.1527E-02   0.1670E-02   0.1930E-02   0.2132E-02   0.2489E-02   0.2786E-02   0.3293E-02   0.3743E-02   0.4490E-02   0.5204E-02   0.6351E-02   0.7540E-02   0.9405E-02   0.1150E-01   0.1474E-01   0.1869E-01   0.2480E-01   0.3282E-01   0.4538E-01   0.6271E-01   0.9005E-01   0.1262E+00   0.1844E+00   0.2583E+00   0.4439E+00   0.8256E+00   0.9313E+00   0.1034E+01   0.1089E+01   0.1145E+01   0.1180E+01   0.1215E+01   0.1240E+01   0.1263E+01   0.1280E+01   0.1297E+01   0.1309E+01   0.1321E+01   0.1330E+01   0.1339E+01   0.1346E+01   0.1353E+01   0.1358E+01   0.1363E+01   0.1367E+01   0.1371E+01   0.1374E+01   0.1377E+01   0.1380E+01   0.1382E+01   0.1385E+01   0.1386E+01   0.1388E+01   0.1390E+01   0.1391E+01   0.1393E+01   0.1394E+01   0.1395E+01   0.1396E+01   0.1397E+01   0.1398E+01   0.1398E+01   0.1399E+01   0.1400E+01   0.1400E+01   0.1401E+01   0.1402E+01   0.1402E+01   0.1403E+01   0.1403E+01   0.1403E+01   0.1404E+01   0.1404E+01   0.1404E+01   0.1405E+01   0.1405E+01   0.1405E+01   0.1405E+01   0.1406E+01   0.1406E+01   0.1406E+01   0.1406E+01   0.1406E+01   0.1406E+01   0.1407E+01   0.1407E+01   0.1407E+01   0.1407E+01
0.3120E+02   0.5485E-03   0.6452E-03   0.7125E-03   0.7914E-03   0.8689E-03   0.9646E-03   0.1059E-02   0.1181E-02   0.1304E-02   0.1464E-02   0.1628E-02   0.1843E-02   0.2070E-02   0.2369E-02   0.2691E-02   0.3120E-02   0.3596E-02   0.4232E-02   0.4963E-02   0.5950E-02   0.7132E-02   0.8748E-02   0.1077E-01   0.1359E-01   0.1730E-01   0.2263E-01   0.2998E-01   0.4091E-01   0.5656E-01   0.8030E-01   0.1134E+00   0.1636E+00   0.2322E+00   0.3769E+00   0.6885E+00   0.8996E+00   0.9977E+00   0.1070E+01   0.1125E+01   0.1168E+01   0.1203E+01   0.1231E+01   0.1255E+01   0.1274E+01   0.1291E+01   0.1305E+01   0.1317E+01   0.1327E+01   0.1336E+01   0.1344E+01   0.1350E+01   0.1356E+01   0.1361E+01   0.1366E+01   0.1370E+01   0.1373E+01   0.1376E+01   0.1379E+01   0.1382E+01   0.1384E+01   0.1386E+01   0.1388E+01   0.1389E+01   0.1391E+01   0.1392E+01   0.1393E+01   0.1395E+01   0.1396E+01   0.1397E+01   0.1397E+01   0.1398E+01   0.1399E+01   0.1400E+01   0.1400E+01   0.1401E+01   0.1401E+01   0.1402E+01   0.1402E+01   0.1403E+01   0.1403E+01   0.1404E+01   0.1404E+01   0.1404E+01   0.1405E+01   0.1405E+01   0.1405E+01   0.1405E+01   0.1406E+01   0.1406E+01   0.1406E+01   0.1406E+01   0.1406E+01   0.1406E+01   0.1407E+01   0.1407E+01   0.1407E+01   0.1407E+01   0.1407E+01
0.3142E+02   0.5799E-03   0.6856E-03   0.7553E-03   0.8442E-03   0.9244E-03   0.1033E-02   0.1132E-02   0.1271E-02   0.1399E-02   0.1584E-02   0.1756E-02   0.2006E-02   0.2248E-02   0.2596E-02   0.2946E-02   0.3447E-02   0.3973E-02   0.4723E-02   0.5549E-02   0.6724E-02   0.8091E-02   0.1004E-01   0.1245E-01   0.1592E-01   0.2046E-01   0.2715E-01   0.3643E-01   0.5042E-01   0.7055E-01   0.1006E+00   0.1429E+00   0.2060E+00   0.3099E+00   0.5513E+00   0.8678E+00   0.9616E+00   0.1052E+01   0.1105E+01   0.1156E+01   0.1191E+01   0.1223E+01   0.1247E+01   0.1268E+01   0.1285E+01   0.1300E+01   0.1313E+01   0.1324E+01   0.1333E+01   0.1341E+01   0.1348E+01   0.1354E+01   0.1360E+01   0.1364E+01   0.1368E+01   0.1372E+01   0.1375E+01   0.1378E+01   0.1381E+01   0.1383E+01   0.1385E+01   0.1387E+01   0.1389E+01   0.1390E+01   0.1392E+01   0.1393E+01   0.1394E+01   0.1395E+01   0.1396E+01   0.1397E+01   0.1398E+01   0.1399E+01   0.1399E+01   0.1400E+01   0.1401E+01   0.1401E+01   0.1402E+01   0.1402E+01   0.1403E+01   0.1403E+01   0.1403E+01   0.1404E+01   0.1404E+01   0.1404E+01   0.1405E+01   0.1405E+01   0.1405E+01   0.1405E+01   0.1406E+01   0.1406E+01   0.1406E+01   0.1406E+01   0.1406E+01   0.1407E+01   0.1407E+01   0.1407E+01   0.1407E+01   0.1407E+01   0.1407E+01
0.3163E+02   0.6187E-03   0.7176E-03   0.8124E-03   0.8859E-03   0.1001E-02   0.1087E-02   0.1232E-02   0.1343E-02   0.1532E-02   0.1681E-02   0.1935E-02   0.2142E-02   0.2492E-02   0.2794E-02   0.3290E-02   0.3745E-02   0.4476E-02   0.5193E-02   0.6318E-02   0.7506E-02   0.9334E-02   0.1142E-01   0.1460E-01   0.1851E-01   0.2451E-01   0.3243E-01   0.4476E-01   0.6183E-01   0.8865E-01   0.1244E+00   0.1814E+00   0.2546E+00   0.4343E+00   0.8059E+00   0.9267E+00   0.1029E+01   0.1086E+01   0.1142E+01   0.1179E+01   0.1213E+01   0.1238E+01   0.1262E+01   0.1279E+01   0.1296E+01   0.1309E+01   0.1320E+01   0.1330E+01   0.1339E+01   0.1346E+01   0.1352E+01   0.1358E+01   0.1363E+01   0.1367E+01   0.1371E+01   0.1374E+01   0.1377E+01   0.1380E+01   0.1382E+01   0.1384E+01   0.1386E+01   0.1388E+01   0.1390E+01   0.1391E+01   0.1393E+01   0.1394E+01   0.1395E+01   0.1396E+01   0.1397E+01   0.1398E+01   0.1398E+01   0.1399E+01   0.1400E+01   0.1401E+01   0.1401E+01   0.1402E+01   0.1402E+01   0.1403E+01   0.1403E+01   0.1403E+01   0.1404E+01   0.1404E+01   0.1404E+01   0.1405E+01   0.1405E+01   0.1405E+01   0.1405E+01   0.1406E+01   0.1406E+01   0.1406E+01   0.1406E+01   0.1406E+01   0.1406E+01   0.1407E+01   0.1407E+01   0.1407E+01   0.1407E+01   0.1407E+01   0.1407E+01
0.3185E+02   0.6530E-03   0.7709E-03   0.8575E-03   0.9562E-03   0.1059E-02   0.1180E-02   0.1309E-02   0.1466E-02   0.1635E-02   0.1846E-02   0.2077E-02   0.2370E-02   0.2697E-02   0.3115E-02   0.3595E-02   0.4216E-02   0.4951E-02   0.5915E-02   0.7097E-02   0.8677E-02   0.1069E-01   0.1345E-01   0.1712E-01   0.2233E-01   0.2959E-01   0.4028E-01   0.5569E-01   0.7890E-01   0.1116E+00   0.1606E+00   0.2284E+00   0.3673E+00   0.6688E+00   0.8949E+00   0.9924E+00   0.1068E+01   0.1122E+01   0.1166E+01   0.1201E+01   0.1230E+01   0.1254E+01   0.1273E+01   0.1290E+01   0.1304E+01   0.1316E+01   0.1327E+01   0.1336E+01   0.1343E+01   0.1350E+01   0.1356E+01   0.1361E+01   0.1365E+01   0.1369E+01   0.1373E+01   0.1376E+01   0.1379E+01   0.1381E+01   0.1384E+01   0.1386E+01   0.1388E+01   0.1389E+01   0.1391E+01   0.1392E+01   0.1393E+01   0.1395E+01   0.1396E+01   0.1397E+01   0.1397E+01   0.1398E+01   0.1399E+01   0.1400E+01   0.1400E+01   0.1401E+01   0.1401E+01   0.1402E+01   0.1402E+01   0.1403E+01   0.1403E+01   0.1404E+01   0.1404E+01   0.1404E+01   0.1405E+01   0.1405E+01   0.1405E+01   0.1405E+01   0.1406E+01   0.1406E+01   0.1406E+01   0.1406E+01   0.1406E+01   0.1406E+01   0.1407E+01   0.1407E+01   0.1407E+01   0.1407E+01   0.1407E+01   0.1407E+01   0.1407E+01
0.3207E+02   0.6911E-03   0.8231E-03   0.9095E-03   0.1025E-02   0.1127E-02   0.1271E-02   0.1398E-02   0.1587E-02   0.1757E-02   0.2011E-02   0.2246E-02   0.2599E-02   0.2939E-02   0.3444E-02   0.3956E-02   0.4708E-02   0.5513E-02   0.6687E-02   0.8019E-02   0.9959E-02   0.1230E-01   0.1574E-01   0.2016E-01   0.2676E-01   0.3581E-01   0.4955E-01   0.6915E-01   0.9874E-01   0.1399E+00   0.2022E+00   0.3003E+00   0.5317E+00   0.8632E+00   0.9563E+00   0.1049E+01   0.1102E+01   0.1154E+01   0.1189E+01   0.1222E+01   0.1245E+01   0.1267E+01   0.1284E+01   0.1300E+01   0.1312E+01   0.1323E+01   0.1333E+01   0.1341E+01   0.1348E+01   0.1354E+01   0.1359E+01   0.1364E+01   0.1368E+01   0.1372E+01   0.1375E+01   0.1378E+01   0.1381E+01   0.1383E+01   0.1385E+01   0.1387E+01   0.1389E+01   0.1390E+01   0.1392E+01   0.1393E+01   0.1394E+01   0.1395E+01   0.1396E+01   0.1397E+01   0.1398E+01   0.1399E+01   0.1399E+01   0.1400E+01   0.1401E+01   0.1401E+01   0.1402E+01   0.1402E+01   0.1403E+01   0.1403E+01   0.1404E+01   0.1404E+01   0.1404E+01   0.1405E+01   0.1405E+01   0.1405E+01   0.1405E+01   0.1406E+01   0.1406E+01   0.1406E+01   0.1406E+01   0.1406E+01   0.1406E+01   0.1407E+01   0.1407E+01   0.1407E+01   0.1407E+01   0.1407E+01   0.1407E+01   0.1407E+01   0.1407E+01
0.3228E+02   0.7399E-03   0.8638E-03   0.9818E-03   0.1079E-02   0.1224E-02   0.1342E-02   0.1529E-02   0.1684E-02   0.1933E-02   0.2147E-02   0.2489E-02   0.2796E-02   0.3282E-02   0.3742E-02   0.4457E-02   0.5178E-02   0.6279E-02   0.7467E-02   0.9259E-02   0.1133E-01   0.1445E-01   0.1833E-01   0.2421E-01   0.3203E-01   0.4412E-01   0.6095E-01   0.8725E-01   0.1225E+00   0.1784E+00   0.2508E+00   0.4246E+00   0.7862E+00   0.9220E+00   0.1023E+01   0.1083E+01   0.1139E+01   0.1177E+01   0.1212E+01   0.1237E+01   0.1260E+01   0.1278E+01   0.1295E+01   0.1308E+01   0.1320E+01   0.1329E+01   0.1338E+01   0.1345E+01   0.1352E+01   0.1357E+01   0.1362E+01   0.1367E+01   0.1371E+01   0.1374E+01   0.1377E+01   0.1380E+01   0.1382E+01   0.1384E+01   0.1386E+01   0.1388E+01   0.1390E+01   0.1391E+01   0.1393E+01   0.1394E+01   0.1395E+01   0.1396E+01   0.1397E+01   0.1398E+01   0.1398E+01   0.1399E+01   0.1400E+01   0.1401E+01   0.1401E+01   0.1402E+01   0.1402E+01   0.1403E+01   0.1403E+01   0.1403E+01   0.1404E+01   0.1404E+01   0.1404E+01   0.1405E+01   0.1405E+01   0.1405E+01   0.1405E+01   0.1406E+01   0.1406E+01   0.1406E+01   0.1406E+01   0.1406E+01   0.1407E+01   0.1407E+01   0.1407E+01   0.1407E+01   0.1407E+01   0.1407E+01   0.1407E+01   0.1407E+01   0.1407E+01
0.3250E+02   0.7839E-03   0.9290E-03   0.1041E-02   0.1166E-02   0.1302E-02   0.1459E-02   0.1634E-02   0.1841E-02   0.2078E-02   0.2364E-02   0.2696E-02   0.3104E-02   0.3589E-02   0.4195E-02   0.4933E-02   0.5875E-02   0.7056E-02   0.8600E-02   0.1060E-01   0.1330E-01   0.1694E-01   0.2204E-01   0.2920E-01   0.3965E-01   0.5481E-01   0.7750E-01   0.1097E+00   0.1576E+00   0.2246E+00   0.3576E+00   0.6491E+00   0.8902E+00   0.9871E+00   0.1065E+01   0.1119E+01   0.1164E+01   0.1199E+01   0.1229E+01   0.1252E+01   0.1272E+01   0.1289E+01   0.1303E+01   0.1316E+01   0.1326E+01   0.1335E+01   0.1343E+01   0.1350E+01   0.1356E+01   0.1361E+01   0.1365E+01   0.1369E+01   0.1373E+01   0.1376E+01   0.1379E+01   0.1381E+01   0.1384E+01   0.1386E+01   0.1388E+01   0.1389E+01   0.1391E+01   0.1392E+01   0.1393E+01   0.1394E+01   0.1396E+01   0.1397E+01   0.1397E+01   0.1398E+01   0.1399E+01   0.1400E+01   0.1400E+01   0.1401E+01   0.1401E+01   0.1402E+01   0.1402E+01   0.1403E+01   0.1403E+01   0.1404E+01   0.1404E+01   0.1404E+01   0.1405E+01   0.1405E+01   0.1405E+01   0.1405E+01   0.1406E+01   0.1406E+01   0.1406E+01   0.1406E+01   0.1406E+01   0.1406E+01   0.1407E+01   0.1407E+01   0.1407E+01   0.1407E+01   0.1407E+01   0.1407E+01   0.1407E+01   0.1407E+01   0.1407E+01
0.3272E+02   0.8310E-03   0.9970E-03   0.1105E-02   0.1257E-02   0.1387E-02   0.1581E-02   0.1749E-02   0.2008E-02   0.2238E-02   0.2595E-02   0.2926E-02   0.3435E-02   0.3933E-02   0.4688E-02   0.5471E-02   0.6644E-02   0.7941E-02   0.9870E-02   0.1215E-01   0.1555E-01   0.1987E-01   0.2636E-01   0.3517E-01   0.4867E-01   0.6775E-01   0.9689E-01   0.1369E+00   0.1984E+00   0.2906E+00   0.5120E+00   0.8584E+00   0.9509E+00   0.1046E+01   0.1099E+01   0.1152E+01   0.1187E+01   0.1220E+01   0.1244E+01   0.1266E+01   0.1283E+01   0.1299E+01   0.1311E+01   0.1323E+01   0.1332E+01   0.1340E+01   0.1347E+01   0.1354E+01   0.1359E+01   0.1364E+01   0.1368E+01   0.1372E+01   0.1375E+01   0.1378E+01   0.1380E+01   0.1383E+01   0.1385E+01   0.1387E+01   0.1389E+01   0.1390E+01   0.1392E+01   0.1393E+01   0.1394E+01   0.1395E+01   0.1396E+01   0.1397E+01   0.1398E+01   0.1399E+01   0.1399E+01   0.1400E+01   0.1401E+01   0.1401E+01   0.1402E+01   0.1402E+01   0.1403E+01   0.1403E+01   0.1404E+01   0.1404E+01   0.1404E+01   0.1405E+01   0.1405E+01   0.1405E+01   0.1405E+01   0.1406E+01   0.1406E+01   0.1406E+01   0.1406E+01   0.1406E+01   0.1406E+01   0.1407E+01   0.1407E+01   0.1407E+01   0.1407E+01   0.1407E+01   0.1407E+01   0.1407E+01   0.1407E+01   0.1407E+01   0.1407E+01
0.3293E+02   0.8932E-03   0.1050E-02   0.1198E-02   0.1328E-02   0.1514E-02   0.1677E-02   0.1922E-02   0.2143E-02   0.2478E-02   0.2791E-02   0.3266E-02   0.3732E-02   0.4432E-02   0.5156E-02   0.6235E-02   0.7422E-02   0.9179E-02   0.1124E-01   0.1430E-01   0.1814E-01   0.2391E-01   0.3163E-01   0.4348E-01   0.6007E-01   0.8583E-01   0.1206E+00   0.1753E+00   0.2469E+00   0.4149E+00   0.7665E+00   0.9173E+00   0.1018E+01   0.1080E+01   0.1136E+01   0.1175E+01   0.1210E+01   0.1236E+01   0.1259E+01   0.1277E+01   0.1294E+01   0.1307E+01   0.1319E+01   0.1329E+01   0.1338E+01   0.1345E+01   0.1352E+01   0.1357E+01   0.1362E+01   0.1366E+01   0.1370E+01   0.1374E+01   0.1377E+01   0.1380E+01   0.1382E+01   0.1384E+01   0.1386E+01   0.1388E+01   0.1390E+01   0.1391E+01   0.1393E+01   0.1394E+01   0.1395E+01   0.1396E+01   0.1397E+01   0.1398E+01   0.1398E+01   0.1399E+01   0.1400E+01   0.1401E+01   0.1401E+01   0.1402E+01   0.1402E+01   0.1403E+01   0.1403E+01   0.1403E+01   0.1404E+01   0.1404E+01   0.1404E+01   0.1405E+01   0.1405E+01   0.1405E+01   0.1405E+01   0.1406E+01   0.1406E+01   0.1406E+01   0.1406E+01   0.1406E+01   0.1407E+01   0.1407E+01   0.1407E+01   0.1407E+01   0.1407E+01   0.1407E+01   0.1407E+01   0.1407E+01   0.1407E+01   0.1407E+01   0.1407E+01
0.3315E+02   0.9505E-03   0.1131E-02   0.1278E-02   0.1437E-02   0.1621E-02   0.1827E-02   0.2070E-02   0.2350E-02   0.2688E-02   0.3086E-02   0.3576E-02   0.4168E-02   0.4909E-02   0.5829E-02   0.7008E-02   0.8518E-02   0.1051E-01   0.1315E-01   0.1675E-01   0.2173E-01   0.2880E-01   0.3900E-01   0.5392E-01   0.7608E-01   0.1078E+00   0.1546E+00   0.2208E+00   0.3479E+00   0.6293E+00   0.8855E+00   0.9817E+00   0.1062E+01   0.1116E+01   0.1163E+01   0.1197E+01   0.1227E+01   0.1251E+01   0.1271E+01   0.1288E+01   0.1303E+01   0.1315E+01   0.1326E+01   0.1335E+01   0.1342E+01   0.1349E+01   0.1355E+01   0.1360E+01   0.1365E+01   0.1369E+01   0.1373E+01   0.1376E+01   0.1379E+01   0.1381E+01   0.1384E+01   0.1386E+01   0.1387E+01   0.1389E+01   0.1391E+01   0.1392E+01   0.1393E+01   0.1394E+01   0.1396E+01   0.1397E+01   0.1397E+01   0.1398E+01   0.1399E+01   0.1400E+01   0.1400E+01   0.1401E+01   0.1401E+01   0.1402E+01   0.1402E+01   0.1403E+01   0.1403E+01   0.1404E+01   0.1404E+01   0.1404E+01   0.1405E+01   0.1405E+01   0.1405E+01   0.1405E+01   0.1406E+01   0.1406E+01   0.1406E+01   0.1406E+01   0.1406E+01   0.1407E+01   0.1407E+01   0.1407E+01   0.1407E+01   0.1407E+01   0.1407E+01   0.1407E+01   0.1407E+01   0.1407E+01   0.1407E+01   0.1407E+01   0.1407E+01
0.3337E+02   0.1010E-02   0.1221E-02   0.1359E-02   0.1559E-02   0.1730E-02   0.1994E-02   0.2221E-02   0.2582E-02   0.2906E-02   0.3419E-02   0.3903E-02   0.4661E-02   0.5422E-02   0.6594E-02   0.7856E-02   0.9775E-02   0.1200E-01   0.1536E-01   0.1956E-01   0.2596E-01   0.3453E-01   0.4778E-01   0.6634E-01   0.9502E-01   0.1338E+00   0.1946E+00   0.2809E+00   0.4922E+00   0.8537E+00   0.9455E+00   0.1043E+01   0.1096E+01   0.1150E+01   0.1185E+01   0.1219E+01   0.1243E+01   0.1265E+01   0.1282E+01   0.1298E+01   0.1311E+01   0.1322E+01   0.1331E+01   0.1340E+01   0.1347E+01   0.1353E+01   0.1359E+01   0.1364E+01   0.1368E+01   0.1371E+01   0.1375E+01   0.1378E+01   0.1380E+01   0.1383E+01   0.1385E+01   0.1387E+01   0.1389E+01   0.1390E+01   0.1392E+01   0.1393E+01   0.1394E+01   0.1395E+01   0.1396E+01   0.1397E+01   0.1398E+01   0.1399E+01   0.1399E+01   0.1400E+01   0.1401E+01   0.1401E+01   0.1402E+01   0.1402E+01   0.1403E+01   0.1403E+01   0.1404E+01   0.1404E+01   0.1404E+01   0.1405E+01   0.1405E+01   0.1405E+01   0.1405E+01   0.1406E+01   0.1406E+01   0.1406E+01   0.1406E+01   0.1406E+01   0.1406E+01   0.1407E+01   0.1407E+01   0.1407E+01   0.1407E+01   0.1407E+01   0.1407E+01   0.1407E+01   0.1407E+01   0.1407E+01   0.1407E+01   0.1407E+01   0.1407E+01
0.3358E+02   0.1090E-02   0.1291E-02   0.1480E-02   0.1656E-02   0.1899E-02   0.2129E-02   0.2458E-02   0.2778E-02   0.3243E-02   0.3714E-02   0.4399E-02   0.5128E-02   0.6183E-02   0.7370E-02   0.9091E-02   0.1114E-01   0.1414E-01   0.1795E-01   0.2360E-01   0.3123E-01   0.4283E-01   0.5917E-01   0.8440E-01   0.1187E+00   0.1723E+00   0.2431E+00   0.4052E+00   0.7466E+00   0.9124E+00   0.1012E+01   0.1077E+01   0.1133E+01   0.1173E+01   0.1208E+01   0.1234E+01   0.1258E+01   0.1276E+01   0.1293E+01   0.1306E+01   0.1318E+01   0.1328E+01   0.1337E+01   0.1345E+01   0.1351E+01   0.1357E+01   0.1362E+01   0.1366E+01   0.1370E+01   0.1374E+01   0.1377E+01   0.1379E+01   0.1382E+01   0.1384E+01   0.1386E+01   0.1388E+01   0.1390E+01   0.1391E+01   0.1392E+01   0.1394E+01   0.1395E+01   0.1396E+01   0.1397E+01   0.1398E+01   0.1398E+01   0.1399E+01   0.1400E+01   0.1401E+01   0.1401E+01   0.1402E+01   0.1402E+01   0.1403E+01   0.1403E+01   0.1403E+01   0.1404E+01   0.1404E+01   0.1404E+01   0.1405E+01   0.1405E+01   0.1405E+01   0.1406E+01   0.1406E+01   0.1406E+01   0.1406E+01   0.1406E+01   0.1406E+01   0.1407E+01   0.1407E+01   0.1407E+01   0.1407E+01   0.1407E+01   0.1407E+01   0.1407E+01   0.1407E+01   0.1407E+01   0.1407E+01   0.1407E+01   0.1407E+01   0.1408E+01
0.3380E+02   0.1166E-02   0.1394E-02   0.1589E-02   0.1797E-02   0.2049E-02   0.2326E-02   0.2670E-02   0.3060E-02   0.3555E-02   0.4132E-02   0.4877E-02   0.5775E-02   0.6954E-02   0.8428E-02   0.1041E-01   0.1299E-01   0.1656E-01   0.2142E-01   0.2839E-01   0.3835E-01   0.5303E-01   0.7466E-01   0.1059E+00   0.1515E+00   0.2169E+00   0.3382E+00   0.6095E+00   0.8806E+00   0.9762E+00   0.1059E+01   0.1113E+01   0.1161E+01   0.1195E+01   0.1226E+01   0.1250E+01   0.1270E+01   0.1287E+01   0.1302E+01   0.1314E+01   0.1325E+01   0.1334E+01   0.1342E+01   0.1349E+01   0.1355E+01   0.1360E+01   0.1365E+01   0.1369E+01   0.1372E+01   0.1376E+01   0.1379E+01   0.1381E+01   0.1383E+01   0.1385E+01   0.1387E+01   0.1389E+01   0.1391E+01   0.1392E+01   0.1393E+01   0.1394E+01   0.1396E+01   0.1396E+01   0.1397E+01   0.1398E+01   0.1399E+01   0.1400E+01   0.1400E+01   0.1401E+01   0.1401E+01   0.1402E+01   0.1402E+01   0.1403E+01   0.1403E+01   0.1404E+01   0.1404E+01   0.1404E+01   0.1405E+01   0.1405E+01   0.1405E+01   0.1405E+01   0.1406E+01   0.1406E+01   0.1406E+01   0.1406E+01   0.1406E+01   0.1407E+01   0.1407E+01   0.1407E+01   0.1407E+01   0.1407E+01   0.1407E+01   0.1407E+01   0.1407E+01   0.1407E+01   0.1407E+01   0.1407E+01   0.1407E+01   0.1408E+01   0.1408E+01
0.3402E+02   0.1242E-02   0.1514E-02   0.1693E-02   0.1963E-02   0.2193E-02   0.2558E-02   0.2877E-02   0.3393E-02   0.3866E-02   0.4625E-02   0.5366E-02   0.6536E-02   0.7764E-02   0.9671E-02   0.1184E-01   0.1516E-01   0.1925E-01   0.2555E-01   0.3388E-01   0.4689E-01   0.6492E-01   0.9314E-01   0.1308E+00   0.1907E+00   0.2712E+00   0.4724E+00   0.8488E+00   0.9400E+00   0.1041E+01   0.1093E+01   0.1148E+01   0.1183E+01   0.1217E+01   0.1241E+01   0.1264E+01   0.1281E+01   0.1297E+01   0.1310E+01   0.1322E+01   0.1331E+01   0.1339E+01   0.1346E+01   0.1353E+01   0.1358E+01   0.1363E+01   0.1367E+01   0.1371E+01   0.1375E+01   0.1378E+01   0.1380E+01   0.1383E+01   0.1385E+01   0.1387E+01   0.1388E+01   0.1390E+01   0.1392E+01   0.1393E+01   0.1394E+01   0.1395E+01   0.1396E+01   0.1397E+01   0.1398E+01   0.1399E+01   0.1399E+01   0.1400E+01   0.1401E+01   0.1401E+01   0.1402E+01   0.1402E+01   0.1403E+01   0.1403E+01   0.1404E+01   0.1404E+01   0.1404E+01   0.1405E+01   0.1405E+01   0.1405E+01   0.1405E+01   0.1406E+01   0.1406E+01   0.1406E+01   0.1406E+01   0.1406E+01   0.1407E+01   0.1407E+01   0.1407E+01   0.1407E+01   0.1407E+01   0.1407E+01   0.1407E+01   0.1407E+01   0.1407E+01   0.1407E+01   0.1407E+01   0.1407E+01   0.1408E+01   0.1408E+01   0.1408E+01
0.3423E+02   0.1348E-02   0.1610E-02   0.1856E-02   0.2098E-02   0.2425E-02   0.2754E-02   0.3210E-02   0.3688E-02   0.4358E-02   0.5090E-02   0.6124E-02   0.7310E-02   0.8995E-02   0.1104E-01   0.1397E-01   0.1774E-01   0.2328E-01   0.3081E-01   0.4217E-01   0.5826E-01   0.8296E-01   0.1168E+00   0.1692E+00   0.2392E+00   0.3954E+00   0.7267E+00   0.9075E+00   0.1007E+01   0.1074E+01   0.1129E+01   0.1171E+01   0.1206E+01   0.1233E+01   0.1256E+01   0.1275E+01   0.1292E+01   0.1305E+01   0.1317E+01   0.1328E+01   0.1336E+01   0.1344E+01   0.1351E+01   0.1356E+01   0.1361E+01   0.1366E+01   0.1370E+01   0.1373E+01   0.1377E+01   0.1379E+01   0.1382E+01   0.1384E+01   0.1386E+01   0.1388E+01   0.1390E+01   0.1391E+01   0.1392E+01   0.1394E+01   0.1395E+01   0.1396E+01   0.1397E+01   0.1398E+01   0.1398E+01   0.1399E+01   0.1400E+01   0.1401E+01   0.1401E+01   0.1402E+01   0.1402E+01   0.1403E+01   0.1403E+01   0.1403E+01   0.1404E+01   0.1404E+01   0.1405E+01   0.1405E+01   0.1405E+01   0.1405E+01   0.1406E+01   0.1406E+01   0.1406E+01   0.1406E+01   0.1406E+01   0.1406E+01   0.1407E+01   0.1407E+01   0.1407E+01   0.1407E+01   0.1407E+01   0.1407E+01   0.1407E+01   0.1407E+01   0.1407E+01   0.1407E+01   0.1407E+01   0.1408E+01   0.1408E+01   0.1408E+01   0.1408E+01
0.3445E+02   0.1451E-02   0.1743E-02   0.2006E-02   0.2285E-02   0.2638E-02   0.3023E-02   0.3523E-02   0.4088E-02   0.4836E-02   0.5712E-02   0.6890E-02   0.8329E-02   0.1030E-01   0.1282E-01   0.1635E-01   0.2110E-01   0.2797E-01   0.3769E-01   0.5211E-01   0.7321E-01   0.1040E+00   0.1484E+00   0.2130E+00   0.3283E+00   0.5896E+00   0.8757E+00   0.9706E+00   0.1056E+01   0.1110E+01   0.1158E+01   0.1193E+01   0.1224E+01   0.1248E+01   0.1269E+01   0.1286E+01   0.1301E+01   0.1313E+01   0.1324E+01   0.1333E+01   0.1341E+01   0.1348E+01   0.1354E+01   0.1360E+01   0.1364E+01   0.1368E+01   0.1372E+01   0.1375E+01   0.1378E+01   0.1381E+01   0.1383E+01   0.1385E+01   0.1387E+01   0.1389E+01   0.1391E+01   0.1392E+01   0.1393E+01   0.1394E+01   0.1395E+01   0.1396E+01   0.1397E+01   0.1398E+01   0.1399E+01   0.1400E+01   0.1400E+01   0.1401E+01   0.1402E+01   0.1402E+01   0.1402E+01   0.1403E+01   0.1403E+01   0.1404E+01   0.1404E+01   0.1404E+01   0.1405E+01   0.1405E+01   0.1405E+01   0.1405E+01   0.1406E+01   0.1406E+01   0.1406E+01   0.1406E+01   0.1406E+01   0.1407E+01   0.1407E+01   0.1407E+01   0.1407E+01   0.1407E+01   0.1407E+01   0.1407E+01   0.1407E+01   0.1407E+01   0.1407E+01   0.1407E+01   0.1408E+01   0.1408E+01   0.1408E+01   0.1408E+01   0.1408E+01
0.3467E+02   0.1549E-02   0.1907E-02   0.2146E-02   0.2516E-02   0.2836E-02   0.3355E-02   0.3819E-02   0.4579E-02   0.5302E-02   0.6468E-02   0.7664E-02   0.9558E-02   0.1166E-01   0.1495E-01   0.1893E-01   0.2513E-01   0.3322E-01   0.4597E-01   0.6348E-01   0.9124E-01   0.1277E+00   0.1868E+00   0.2614E+00   0.4525E+00   0.8438E+00   0.9344E+00   0.1037E+01   0.1090E+01   0.1146E+01   0.1181E+01   0.1216E+01   0.1240E+01   0.1263E+01   0.1280E+01   0.1296E+01   0.1309E+01   0.1321E+01   0.1330E+01   0.1339E+01   0.1346E+01   0.1352E+01   0.1358E+01   0.1363E+01   0.1367E+01   0.1371E+01   0.1374E+01   0.1377E+01   0.1380E+01   0.1382E+01   0.1385E+01   0.1387E+01   0.1388E+01   0.1390E+01   0.1391E+01   0.1393E+01   0.1394E+01   0.1395E+01   0.1396E+01   0.1397E+01   0.1398E+01   0.1399E+01   0.1399E+01   0.1400E+01   0.1401E+01   0.1401E+01   0.1402E+01   0.1402E+01   0.1403E+01   0.1403E+01   0.1404E+01   0.1404E+01   0.1404E+01   0.1405E+01   0.1405E+01   0.1405E+01   0.1405E+01   0.1406E+01   0.1406E+01   0.1406E+01   0.1406E+01   0.1406E+01   0.1407E+01   0.1407E+01   0.1407E+01   0.1407E+01   0.1407E+01   0.1407E+01   0.1407E+01   0.1407E+01   0.1407E+01   0.1407E+01   0.1407E+01   0.1408E+01   0.1408E+01   0.1408E+01   0.1408E+01   0.1408E+01   0.1408E+01
0.3488E+02   0.1693E-02   0.2042E-02   0.2370E-02   0.2712E-02   0.3163E-02   0.3650E-02   0.4306E-02   0.5044E-02   0.6054E-02   0.7240E-02   0.8889E-02   0.1092E-01   0.1379E-01   0.1753E-01   0.2295E-01   0.3037E-01   0.4149E-01   0.5733E-01   0.8149E-01   0.1149E+00   0.1660E+00   0.2352E+00   0.3855E+00   0.7067E+00   0.9025E+00   0.1001E+01   0.1071E+01   0.1126E+01   0.1168E+01   0.1203E+01   0.1231E+01   0.1255E+01   0.1274E+01   0.1291E+01   0.1304E+01   0.1317E+01   0.1327E+01   0.1336E+01   0.1343E+01   0.1350E+01   0.1356E+01   0.1361E+01   0.1366E+01   0.1370E+01   0.1373E+01   0.1376E+01   0.1379E+01   0.1382E+01   0.1384E+01   0.1386E+01   0.1388E+01   0.1389E+01   0.1391E+01   0.1392E+01   0.1394E+01   0.1395E+01   0.1396E+01   0.1397E+01   0.1398E+01   0.1398E+01   0.1399E+01   0.1400E+01   0.1401E+01   0.1401E+01   0.1402E+01   0.1402E+01   0.1403E+01   0.1403E+01   0.1404E+01   0.1404E+01   0.1404E+01   0.1405E+01   0.1405E+01   0.1405E+01   0.1405E+01   0.1406E+01   0.1406E+01   0.1406E+01   0.1406E+01   0.1406E+01   0.1407E+01   0.1407E+01   0.1407E+01   0.1407E+01   0.1407E+01   0.1407E+01   0.1407E+01   0.1407E+01   0.1407E+01   0.1407E+01   0.1408E+01   0.1408E+01   0.1408E+01   0.1408E+01   0.1408E+01   0.1408E+01   0.1408E+01   0.1408E+01
0.3510E+02   0.1834E-02   0.2218E-02   0.2583E-02   0.2969E-02   0.3477E-02   0.4032E-02   0.4783E-02   0.5640E-02   0.6816E-02   0.8221E-02   0.1018E-01   0.1264E-01   0.1613E-01   0.2077E-01   0.2753E-01   0.3701E-01   0.5118E-01   0.7175E-01   0.1021E+00   0.1453E+00   0.2090E+00   0.3185E+00   0.5696E+00   0.8706E+00   0.9649E+00   0.1053E+01   0.1106E+01   0.1156E+01   0.1191E+01   0.1223E+01   0.1246E+01   0.1268E+01   0.1285E+01   0.1300E+01   0.1312E+01   0.1323E+01   0.1333E+01   0.1341E+01   0.1348E+01   0.1354E+01   0.1359E+01   0.1364E+01   0.1368E+01   0.1372E+01   0.1375E+01   0.1378E+01   0.1381E+01   0.1383E+01   0.1385E+01   0.1387E+01   0.1389E+01   0.1390E+01   0.1392E+01   0.1393E+01   0.1394E+01   0.1395E+01   0.1396E+01   0.1397E+01   0.1398E+01   0.1399E+01   0.1400E+01   0.1400E+01   0.1401E+01   0.1402E+01   0.1402E+01   0.1403E+01   0.1403E+01   0.1403E+01   0.1404E+01   0.1404E+01   0.1404E+01   0.1405E+01   0.1405E+01   0.1405E+01   0.1406E+01   0.1406E+01   0.1406E+01   0.1406E+01   0.1406E+01   0.1407E+01   0.1407E+01   0.1407E+01   0.1407E+01   0.1407E+01   0.1407E+01   0.1407E+01   0.1407E+01   0.1407E+01   0.1407E+01   0.1408E+01   0.1408E+01   0.1408E+01   0.1408E+01   0.1408E+01   0.1408E+01   0.1408E+01   0.1408E+01   0.1408E+01
0.3532E+02   0.1971E-02   0.2444E-02   0.2784E-02   0.3295E-02   0.3774E-02   0.4518E-02   0.5249E-02   0.6391E-02   0.7588E-02   0.9444E-02   0.1154E-01   0.1477E-01   0.1870E-01   0.2478E-01   0.3277E-01   0.4528E-01   0.6253E-01   0.8974E-01   0.1257E+00   0.1836E+00   0.2573E+00   0.4425E+00   0.8237E+00   0.9292E+00   0.1032E+01   0.1087E+01   0.1143E+01   0.1179E+01   0.1213E+01   0.1238E+01   0.1261E+01   0.1279E+01   0.1295E+01   0.1308E+01   0.1320E+01   0.1329E+01   0.1338E+01   0.1345E+01   0.1352E+01   0.1357E+01   0.1362E+01   0.1367E+01   0.1371E+01   0.1374E+01   0.1377E+01   0.1380E+01   0.1382E+01   0.1384E+01   0.1386E+01   0.1388E+01   0.1390E+01   0.1391E+01   0.1393E+01   0.1394E+01   0.1395E+01   0.1396E+01   0.1397E+01   0.1398E+01   0.1399E+01   0.1399E+01   0.1400E+01   0.1401E+01   0.1401E+01   0.1402E+01   0.1402E+01   0.1403E+01   0.1403E+01   0.1404E+01   0.1404E+01   0.1404E+01   0.1405E+01   0.1405E+01   0.1405E+01   0.1405E+01   0.1406E+01   0.1406E+01   0.1406E+01   0.1406E+01   0.1406E+01   0.1407E+01   0.1407E+01   0.1407E+01   0.1407E+01   0.1407E+01   0.1407E+01   0.1407E+01   0.1407E+01   0.1407E+01   0.1408E+01   0.1408E+01   0.1408E+01   0.1408E+01   0.1408E+01   0.1408E+01   0.1408E+01   0.1408E+01   0.1408E+01   0.1408E+01
0.3553E+02   0.2166E-02   0.2641E-02   0.3093E-02   0.3592E-02   0.4240E-02   0.4984E-02   0.5973E-02   0.7159E-02   0.8772E-02   0.1079E-01   0.1360E-01   0.1730E-01   0.2260E-01   0.2992E-01   0.4080E-01   0.5638E-01   0.7999E-01   0.1129E+00   0.1628E+00   0.2311E+00   0.3755E+00   0.6865E+00   0.8973E+00   0.9953E+00   0.1068E+01   0.1123E+01   0.1166E+01   0.1201E+01   0.1229E+01   0.1253E+01   0.1273E+01   0.1289E+01   0.1303E+01   0.1316E+01   0.1326E+01   0.1335E+01   0.1343E+01   0.1349E+01   0.1355E+01   0.1361E+01   0.1365E+01   0.1369E+01   0.1373E+01   0.1376E+01   0.1379E+01   0.1381E+01   0.1384E+01   0.1386E+01   0.1388E+01   0.1389E+01   0.1391E+01   0.1392E+01   0.1393E+01   0.1395E+01   0.1396E+01   0.1397E+01   0.1398E+01   0.1398E+01   0.1399E+01   0.1400E+01   0.1401E+01   0.1401E+01   0.1402E+01   0.1402E+01   0.1403E+01   0.1403E+01   0.1404E+01   0.1404E+01   0.1404E+01   0.1405E+01   0.1405E+01   0.1405E+01   0.1405E+01   0.1406E+01   0.1406E+01   0.1406E+01   0.1406E+01   0.1406E+01   0.1407E+01   0.1407E+01   0.1407E+01   0.1407E+01   0.1407E+01   0.1407E+01   0.1407E+01   0.1407E+01   0.1407E+01   0.1408E+01   0.1408E+01   0.1408E+01   0.1408E+01   0.1408E+01   0.1408E+01   0.1408E+01   0.1408E+01   0.1408E+01   0.1408E+01   0.1408E+01
0.3575E+02   0.2364E-02   0.2884E-02   0.3404E-02   0.3958E-02   0.4714E-02   0.5555E-02   0.6729E-02   0.8101E-02   0.1004E-01   0.1244E-01   0.1590E-01   0.2042E-01   0.2708E-01   0.3632E-01   0.5023E-01   0.7025E-01   0.1001E+00   0.1421E+00   0.2049E+00   0.3085E+00   0.5494E+00   0.8654E+00   0.9590E+00   0.1049E+01   0.1103E+01   0.1154E+01   0.1189E+01   0.1221E+01   0.1245E+01   0.1266E+01   0.1283E+01   0.1299E+01   0.1311E+01   0.1322E+01   0.1332E+01   0.1340E+01   0.1347E+01   0.1353E+01   0.1359E+01   0.1364E+01   0.1368E+01   0.1371E+01   0.1375E+01   0.1378E+01   0.1380E+01   0.1383E+01   0.1385E+01   0.1387E+01   0.1389E+01   0.1390E+01   0.1392E+01   0.1393E+01   0.1394E+01   0.1395E+01   0.1396E+01   0.1397E+01   0.1398E+01   0.1399E+01   0.1400E+01   0.1400E+01   0.1401E+01   0.1402E+01   0.1402E+01   0.1403E+01   0.1403E+01   0.1403E+01   0.1404E+01   0.1404E+01   0.1405E+01   0.1405E+01   0.1405E+01   0.1405E+01   0.1406E+01   0.1406E+01   0.1406E+01   0.1406E+01   0.1406E+01   0.1407E+01   0.1407E+01   0.1407E+01   0.1407E+01   0.1407E+01   0.1407E+01   0.1407E+01   0.1407E+01   0.1407E+01   0.1408E+01   0.1408E+01   0.1408E+01   0.1408E+01   0.1408E+01   0.1408E+01   0.1408E+01   0.1408E+01   0.1408E+01   0.1408E+01   0.1408E+01   0.1408E+01
0.3597E+02   0.2559E-02   0.3204E-02   0.3704E-02   0.4435E-02   0.5181E-02   0.6299E-02   0.7499E-02   0.9316E-02   0.1140E-01   0.1456E-01   0.1846E-01   0.2442E-01   0.3231E-01   0.4456E-01   0.6155E-01   0.8820E-01   0.1237E+00   0.1803E+00   0.2532E+00   0.4324E+00   0.8034E+00   0.9239E+00   0.1026E+01   0.1083E+01   0.1139E+01   0.1176E+01   0.1211E+01   0.1236E+01   0.1259E+01   0.1277E+01   0.1294E+01   0.1307E+01   0.1319E+01   0.1328E+01   0.1337E+01   0.1345E+01   0.1351E+01   0.1357E+01   0.1362E+01   0.1366E+01   0.1370E+01   0.1374E+01   0.1377E+01   0.1379E+01   0.1382E+01   0.1384E+01   0.1386E+01   0.1388E+01   0.1390E+01   0.1391E+01   0.1393E+01   0.1394E+01   0.1395E+01   0.1396E+01   0.1397E+01   0.1398E+01   0.1399E+01   0.1399E+01   0.1400E+01   0.1401E+01   0.1401E+01   0.1402E+01   0.1402E+01   0.1403E+01   0.1403E+01   0.1404E+01   0.1404E+01   0.1404E+01   0.1405E+01   0.1405E+01   0.1405E+01   0.1406E+01   0.1406E+01   0.1406E+01   0.1406E+01   0.1406E+01   0.1407E+01   0.1407E+01   0.1407E+01   0.1407E+01   0.1407E+01   0.1407E+01   0.1407E+01   0.1407E+01   0.1407E+01   0.1408E+01   0.1408E+01   0.1408E+01   0.1408E+01   0.1408E+01   0.1408E+01   0.1408E+01   0.1408E+01   0.1408E+01   0.1408E+01   0.1408E+01   0.1408E+01   0.1408E+01
0.3618E+02   0.2831E-02   0.3501E-02   0.4146E-02   0.4901E-02   0.5875E-02   0.7062E-02   0.8640E-02   0.1065E-01   0.1340E-01   0.1705E-01   0.2224E-01   0.2945E-01   0.4008E-01   0.5540E-01   0.7846E-01   0.1109E+00   0.1596E+00   0.2270E+00   0.3653E+00   0.6662E+00   0.8919E+00   0.9892E+00   0.1064E+01   0.1119E+01   0.1163E+01   0.1198E+01   0.1227E+01   0.1251E+01   0.1271E+01   0.1288E+01   0.1302E+01   0.1314E+01   0.1325E+01   0.1334E+01   0.1342E+01   0.1349E+01   0.1355E+01   0.1360E+01   0.1365E+01   0.1369E+01   0.1372E+01   0.1376E+01   0.1378E+01   0.1381E+01   0.1383E+01   0.1385E+01   0.1387E+01   0.1389E+01   0.1391E+01   0.1392E+01   0.1393E+01   0.1395E+01   0.1396E+01   0.1397E+01   0.1398E+01   0.1398E+01   0.1399E+01   0.1400E+01   0.1401E+01   0.1401E+01   0.1402E+01   0.1402E+01   0.1403E+01   0.1403E+01   0.1404E+01   0.1404E+01   0.1404E+01   0.1405E+01   0.1405E+01   0.1405E+01   0.1405E+01   0.1406E+01   0.1406E+01   0.1406E+01   0.1406E+01   0.1407E+01   0.1407E+01   0.1407E+01   0.1407E+01   0.1407E+01   0.1407E+01   0.1407E+01   0.1407E+01   0.1407E+01   0.1408E+01   0.1408E+01   0.1408E+01   0.1408E+01   0.1408E+01   0.1408E+01   0.1408E+01   0.1408E+01   0.1408E+01   0.1408E+01   0.1408E+01   0.1408E+01   0.1408E+01   0.1408E+01
0.3640E+02   0.3117E-02   0.3847E-02   0.4613E-02   0.5447E-02   0.6621E-02   0.7964E-02   0.9893E-02   0.1223E-01   0.1565E-01   0.2005E-01   0.2660E-01   0.3560E-01   0.4925E-01   0.6872E-01   0.9809E-01   0.1389E+00   0.2008E+00   0.2984E+00   0.5291E+00   0.8599E+00   0.9528E+00   0.1046E+01   0.1099E+01   0.1151E+01   0.1186E+01   0.1219E+01   0.1243E+01   0.1265E+01   0.1282E+01   0.1297E+01   0.1310E+01   0.1321E+01   0.1331E+01   0.1339E+01   0.1346E+01   0.1353E+01   0.1358E+01   0.1363E+01   0.1367E+01   0.1371E+01   0.1374E+01   0.1377E+01   0.1380E+01   0.1382E+01   0.1385E+01   0.1387E+01   0.1388E+01   0.1390E+01   0.1392E+01   0.1393E+01   0.1394E+01   0.1395E+01   0.1396E+01   0.1397E+01   0.1398E+01   0.1399E+01   0.1400E+01   0.1400E+01   0.1401E+01   0.1402E+01   0.1402E+01   0.1403E+01   0.1403E+01   0.1403E+01   0.1404E+01   0.1404E+01   0.1405E+01   0.1405E+01   0.1405E+01   0.1405E+01   0.1406E+01   0.1406E+01   0.1406E+01   0.1406E+01   0.1406E+01   0.1407E+01   0.1407E+01   0.1407E+01   0.1407E+01   0.1407E+01   0.1407E+01   0.1407E+01   0.1407E+01   0.1408E+01   0.1408E+01   0.1408E+01   0.1408E+01   0.1408E+01   0.1408E+01   0.1408E+01   0.1408E+01   0.1408E+01   0.1408E+01   0.1408E+01   0.1408E+01   0.1408E+01   0.1408E+01   0.1408E+01
0.3662E+02   0.3407E-02   0.4317E-02   0.5083E-02   0.6180E-02   0.7392E-02   0.9169E-02   0.1125E-01   0.1434E-01   0.1820E-01   0.2404E-01   0.3181E-01   0.4381E-01   0.6053E-01   0.8662E-01   0.1216E+00   0.1770E+00   0.2489E+00   0.4221E+00   0.7829E+00   0.9183E+00   0.1019E+01   0.1079E+01   0.1135E+01   0.1173E+01   0.1208E+01   0.1234E+01   0.1257E+01   0.1276E+01   0.1292E+01   0.1305E+01   0.1317E+01   0.1327E+01   0.1336E+01   0.1344E+01   0.1350E+01   0.1356E+01   0.1361E+01   0.1366E+01   0.1370E+01   0.1373E+01   0.1376E+01   0.1379E+01   0.1382E+01   0.1384E+01   0.1386E+01   0.1388E+01   0.1389E+01   0.1391E+01   0.1392E+01   0.1394E+01   0.1395E+01   0.1396E+01   0.1397E+01   0.1398E+01   0.1399E+01   0.1399E+01   0.1400E+01   0.1401E+01   0.1401E+01   0.1402E+01   0.1402E+01   0.1403E+01   0.1403E+01   0.1404E+01   0.1404E+01   0.1404E+01   0.1405E+01   0.1405E+01   0.1405E+01   0.1406E+01   0.1406E+01   0.1406E+01   0.1406E+01   0.1406E+01   0.1407E+01   0.1407E+01   0.1407E+01   0.1407E+01   0.1407E+01   0.1407E+01   0.1407E+01   0.1407E+01   0.1408E+01   0.1408E+01   0.1408E+01   0.1408E+01   0.1408E+01   0.1408E+01   0.1408E+01   0.1408E+01   0.1408E+01   0.1408E+01   0.1408E+01   0.1408E+01   0.1408E+01   0.1408E+01   0.1408E+01   0.1408E+01
0.3683E+02   0.3798E-02   0.4777E-02   0.5743E-02   0.6936E-02   0.8486E-02   0.1048E-01   0.1317E-01   0.1678E-01   0.2185E-01   0.2895E-01   0.3932E-01   0.5437E-01   0.7687E-01   0.1088E+00   0.1562E+00   0.2227E+00   0.3550E+00   0.6457E+00   0.8862E+00   0.9829E+00   0.1061E+01   0.1115E+01   0.1161E+01   0.1196E+01   0.1225E+01   0.1249E+01   0.1269E+01   0.1286E+01   0.1301E+01   0.1313E+01   0.1324E+01   0.1333E+01   0.1341E+01   0.1348E+01   0.1354E+01   0.1359E+01   0.1364E+01   0.1368E+01   0.1372E+01   0.1375E+01   0.1378E+01   0.1381E+01   0.1383E+01   0.1385E+01   0.1387E+01   0.1389E+01   0.1390E+01   0.1392E+01   0.1393E+01   0.1394E+01   0.1395E+01   0.1397E+01   0.1397E+01   0.1398E+01   0.1399E+01   0.1400E+01   0.1401E+01   0.1401E+01   0.1402E+01   0.1402E+01   0.1403E+01   0.1403E+01   0.1404E+01   0.1404E+01   0.1404E+01   0.1405E+01   0.1405E+01   0.1405E+01   0.1406E+01   0.1406E+01   0.1406E+01   0.1406E+01   0.1406E+01   0.1407E+01   0.1407E+01   0.1407E+01   0.1407E+01   0.1407E+01   0.1407E+01   0.1407E+01   0.1407E+01   0.1408E+01   0.1408E+01   0.1408E+01   0.1408E+01   0.1408E+01   0.1408E+01   0.1408E+01   0.1408E+01   0.1408E+01   0.1408E+01   0.1408E+01   0.1408E+01   0.1408E+01   0.1408E+01   0.1408E+01   0.1408E+01   0.1408E+01
0.3705E+02   0.4225E-02   0.5296E-02   0.6473E-02   0.7798E-02   0.9714E-02   0.1200E-01   0.1537E-01   0.1966E-01   0.2610E-01   0.3484E-01   0.4822E-01   0.6715E-01   0.9600E-01   0.1355E+00   0.1965E+00   0.2881E+00   0.5086E+00   0.8542E+00   0.9464E+00   0.1042E+01   0.1095E+01   0.1148E+01   0.1183E+01   0.1216E+01   0.1240E+01   0.1263E+01   0.1280E+01   0.1296E+01   0.1308E+01   0.1320E+01   0.1329E+01   0.1338E+01   0.1345E+01   0.1352E+01   0.1357E+01   0.1362E+01   0.1366E+01   0.1370E+01   0.1374E+01   0.1377E+01   0.1380E+01   0.1382E+01   0.1384E+01   0.1386E+01   0.1388E+01   0.1390E+01   0.1391E+01   0.1393E+01   0.1394E+01   0.1395E+01   0.1396E+01   0.1397E+01   0.1398E+01   0.1399E+01   0.1400E+01   0.1400E+01   0.1401E+01   0.1402E+01   0.1402E+01   0.1403E+01   0.1403E+01   0.1403E+01   0.1404E+01   0.1404E+01   0.1405E+01   0.1405E+01   0.1405E+01   0.1406E+01   0.1406E+01   0.1406E+01   0.1406E+01   0.1406E+01   0.1407E+01   0.1407E+01   0.1407E+01   0.1407E+01   0.1407E+01   0.1407E+01   0.1407E+01   0.1408E+01   0.1408E+01   0.1408E+01   0.1408E+01   0.1408E+01   0.1408E+01   0.1408E+01   0.1408E+01   0.1408E+01   0.1408E+01   0.1408E+01   0.1408E+01   0.1408E+01   0.1408E+01   0.1408E+01   0.1408E+01   0.1408E+01   0.1408E+01   0.1408E+01
0.3727E+02   0.4672E-02   0.6016E-02   0.7244E-02   0.8985E-02   0.1106E-01   0.1409E-01   0.1791E-01   0.2362E-01   0.3128E-01   0.4302E-01   0.5946E-01   0.8496E-01   0.1194E+00   0.1734E+00   0.2444E+00   0.4115E+00   0.7620E+00   0.9124E+00   0.1013E+01   0.1075E+01   0.1131E+01   0.1170E+01   0.1205E+01   0.1232E+01   0.1255E+01   0.1274E+01   0.1290E+01   0.1304E+01   0.1316E+01   0.1326E+01   0.1335E+01   0.1342E+01   0.1349E+01   0.1355E+01   0.1360E+01   0.1365E+01   0.1369E+01   0.1372E+01   0.1376E+01   0.1379E+01   0.1381E+01   0.1383E+01   0.1386E+01   0.1387E+01   0.1389E+01   0.1391E+01   0.1392E+01   0.1393E+01   0.1395E+01   0.1396E+01   0.1397E+01   0.1398E+01   0.1399E+01   0.1399E+01   0.1400E+01   0.1401E+01   0.1401E+01   0.1402E+01   0.1402E+01   0.1403E+01   0.1403E+01   0.1404E+01   0.1404E+01   0.1405E+01   0.1405E+01   0.1405E+01   0.1405E+01   0.1406E+01   0.1406E+01   0.1406E+01   0.1406E+01   0.1407E+01   0.1407E+01   0.1407E+01   0.1407E+01   0.1407E+01   0.1407E+01   0.1407E+01   0.1408E+01   0.1408E+01   0.1408E+01   0.1408E+01   0.1408E+01   0.1408E+01   0.1408E+01   0.1408E+01   0.1408E+01   0.1408E+01   0.1408E+01   0.1408E+01   0.1408E+01   0.1408E+01   0.1408E+01   0.1408E+01   0.1408E+01   0.1408E+01   0.1408E+01   0.1408E+01
0.3748E+02   0.5260E-02   0.6758E-02   0.8287E-02   0.1027E-01   0.1291E-01   0.1648E-01   0.2142E-01   0.2841E-01   0.3852E-01   0.5329E-01   0.7521E-01   0.1066E+00   0.1527E+00   0.2182E+00   0.3445E+00   0.6248E+00   0.8802E+00   0.9762E+00   0.1056E+01   0.1111E+01   0.1157E+01   0.1192E+01   0.1223E+01   0.1246E+01   0.1267E+01   0.1284E+01   0.1299E+01   0.1311E+01   0.1322E+01   0.1331E+01   0.1340E+01   0.1347E+01   0.1353E+01   0.1358E+01   0.1363E+01   0.1367E+01   0.1371E+01   0.1374E+01   0.1377E+01   0.1380E+01   0.1383E+01   0.1385E+01   0.1387E+01   0.1388E+01   0.1390E+01   0.1392E+01   0.1393E+01   0.1394E+01   0.1395E+01   0.1396E+01   0.1397E+01   0.1398E+01   0.1399E+01   0.1400E+01   0.1400E+01   0.1401E+01   0.1402E+01   0.1402E+01   0.1403E+01   0.1403E+01   0.1404E+01   0.1404E+01   0.1404E+01   0.1405E+01   0.1405E+01   0.1405E+01   0.1406E+01   0.1406E+01   0.1406E+01   0.1406E+01   0.1407E+01   0.1407E+01   0.1407E+01   0.1407E+01   0.1407E+01   0.1407E+01   0.1407E+01   0.1408E+01   0.1408E+01   0.1408E+01   0.1408E+01   0.1408E+01   0.1408E+01   0.1408E+01   0.1408E+01   0.1408E+01   0.1408E+01   0.1408E+01   0.1408E+01   0.1408E+01   0.1408E+01   0.1408E+01   0.1408E+01   0.1408E+01   0.1408E+01   0.1408E+01   0.1408E+01   0.1408E+01
0.3770E+02   0.5921E-02   0.7574E-02   0.9479E-02   0.1172E-01   0.1505E-01   0.1922E-01   0.2554E-01   0.3403E-01   0.4713E-01   0.6549E-01   0.9382E-01   0.1321E+00   0.1920E+00   0.2775E+00   0.4877E+00   0.8481E+00   0.9395E+00   0.1037E+01   0.1090E+01   0.1145E+01   0.1180E+01   0.1214E+01   0.1238E+01   0.1261E+01   0.1278E+01   0.1294E+01   0.1307E+01   0.1318E+01   0.1328E+01   0.1337E+01   0.1344E+01   0.1351E+01   0.1356E+01   0.1361E+01   0.1366E+01   0.1370E+01   0.1373E+01   0.1376E+01   0.1379E+01   0.1382E+01   0.1384E+01   0.1386E+01   0.1388E+01   0.1389E+01   0.1391E+01   0.1392E+01   0.1394E+01   0.1395E+01   0.1396E+01   0.1397E+01   0.1398E+01   0.1399E+01   0.1400E+01   0.1400E+01   0.1401E+01   0.1402E+01   0.1402E+01   0.1403E+01   0.1403E+01   0.1404E+01   0.1404E+01   0.1404E+01   0.1405E+01   0.1405E+01   0.1405E+01   0.1406E+01   0.1406E+01   0.1406E+01   0.1406E+01   0.1407E+01   0.1407E+01   0.1407E+01   0.1407E+01   0.1407E+01   0.1407E+01   0.1407E+01   0.1408E+01   0.1408E+01   0.1408E+01   0.1408E+01   0.1408E+01   0.1408E+01   0.1408E+01   0.1408E+01   0.1408E+01   0.1408E+01   0.1408E+01   0.1408E+01   0.1408E+01   0.1408E+01   0.1408E+01   0.1408E+01   0.1408E+01   0.1408E+01   0.1408E+01   0.1408E+01   0.1408E+01   0.1408E+01
0.3792E+02   0.6645E-02   0.8740E-02   0.1082E-01   0.1378E-01   0.1757E-01   0.2314E-01   0.3069E-01   0.4215E-01   0.5830E-01   0.8320E-01   0.1170E+00   0.1697E+00   0.2397E+00   0.4006E+00   0.7408E+00   0.9060E+00   0.1006E+01   0.1071E+01   0.1126E+01   0.1167E+01   0.1202E+01   0.1229E+01   0.1252E+01   0.1271E+01   0.1288E+01   0.1302E+01   0.1314E+01   0.1324E+01   0.1333E+01   0.1341E+01   0.1348E+01   0.1354E+01   0.1359E+01   0.1364E+01   0.1368E+01   0.1372E+01   0.1375E+01   0.1378E+01   0.1381E+01   0.1383E+01   0.1385E+01   0.1387E+01   0.1389E+01   0.1390E+01   0.1392E+01   0.1393E+01   0.1394E+01   0.1396E+01   0.1397E+01   0.1398E+01   0.1398E+01   0.1399E+01   0.1400E+01   0.1401E+01   0.1401E+01   0.1402E+01   0.1402E+01   0.1403E+01   0.1403E+01   0.1404E+01   0.1404E+01   0.1405E+01   0.1405E+01   0.1405E+01   0.1406E+01   0.1406E+01   0.1406E+01   0.1406E+01   0.1407E+01   0.1407E+01   0.1407E+01   0.1407E+01   0.1407E+01   0.1407E+01   0.1407E+01   0.1408E+01   0.1408E+01   0.1408E+01   0.1408E+01   0.1408E+01   0.1408E+01   0.1408E+01   0.1408E+01   0.1408E+01   0.1408E+01   0.1408E+01   0.1408E+01   0.1408E+01   0.1408E+01   0.1408E+01   0.1408E+01   0.1408E+01   0.1408E+01   0.1408E+01   0.1408E+01   0.1408E+01   0.1408E+01   0.1408E+01
0.3813E+02   0.7574E-02   0.9993E-02   0.1258E-01   0.1610E-01   0.2093E-01   0.2780E-01   0.3764E-01   0.5211E-01   0.7344E-01   0.1042E+00   0.1490E+00   0.2134E+00   0.3336E+00   0.6035E+00   0.8737E+00   0.9689E+00   0.1052E+01   0.1106E+01   0.1154E+01   0.1189E+01   0.1220E+01   0.1244E+01   0.1265E+01   0.1282E+01   0.1297E+01   0.1309E+01   0.1320E+01   0.1330E+01   0.1338E+01   0.1345E+01   0.1352E+01   0.1357E+01   0.1362E+01   0.1366E+01   0.1370E+01   0.1374E+01   0.1377E+01   0.1379E+01   0.1382E+01   0.1384E+01   0.1386E+01   0.1388E+01   0.1390E+01   0.1391E+01   0.1393E+01   0.1394E+01   0.1395E+01   0.1396E+01   0.1397E+01   0.1398E+01   0.1399E+01   0.1400E+01   0.1400E+01   0.1401E+01   0.1402E+01   0.1402E+01   0.1403E+01   0.1403E+01   0.1404E+01   0.1404E+01   0.1405E+01   0.1405E+01   0.1405E+01   0.1406E+01   0.1406E+01   0.1406E+01   0.1406E+01   0.1407E+01   0.1407E+01   0.1407E+01   0.1407E+01   0.1407E+01   0.1407E+01   0.1408E+01   0.1408E+01   0.1408E+01   0.1408E+01   0.1408E+01   0.1408E+01   0.1408E+01   0.1408E+01   0.1408E+01   0.1408E+01   0.1408E+01   0.1408E+01   0.1408E+01   0.1408E+01   0.1408E+01   0.1408E+01   0.1408E+01   0.1408E+01   0.1408E+01   0.1408E+01   0.1408E+01   0.1408E+01   0.1408E+01   0.1408E+01   0.1408E+01
0.3835E+02   0.8644E-02   0.1136E-01   0.1463E-01   0.1871E-01   0.2491E-01   0.3313E-01   0.4594E-01   0.6372E-01   0.9149E-01   0.1284E+00   0.1873E+00   0.2666E+00   0.4664E+00   0.8414E+00   0.9320E+00   0.1032E+01   0.1085E+01   0.1141E+01   0.1176E+01   0.1210E+01   0.1235E+01   0.1258E+01   0.1275E+01   0.1292E+01   0.1304E+01   0.1317E+01   0.1326E+01   0.1335E+01   0.1343E+01   0.1349E+01   0.1355E+01   0.1360E+01   0.1365E+01   0.1369E+01   0.1372E+01   0.1375E+01   0.1378E+01   0.1381E+01   0.1383E+01   0.1385E+01   0.1387E+01   0.1389E+01   0.1391E+01   0.1392E+01   0.1393E+01   0.1395E+01   0.1396E+01   0.1397E+01   0.1398E+01   0.1399E+01   0.1399E+01   0.1400E+01   0.1401E+01   0.1401E+01   0.1402E+01   0.1403E+01   0.1403E+01   0.1404E+01   0.1404E+01   0.1404E+01   0.1405E+01   0.1405E+01   0.1405E+01   0.1406E+01   0.1406E+01   0.1406E+01   0.1406E+01   0.1407E+01   0.1407E+01   0.1407E+01   0.1407E+01   0.1407E+01   0.1408E+01   0.1408E+01   0.1408E+01   0.1408E+01   0.1408E+01   0.1408E+01   0.1408E+01   0.1408E+01   0.1408E+01   0.1408E+01   0.1408E+01   0.1408E+01   0.1408E+01   0.1408E+01   0.1408E+01   0.1408E+01   0.1409E+01   0.1409E+01   0.1409E+01   0.1409E+01   0.1409E+01   0.1409E+01   0.1408E+01   0.1408E+01   0.1408E+01   0.1408E+01
0.3857E+02   0.9884E-02   0.1337E-01   0.1712E-01   0.2256E-01   0.2999E-01   0.4116E-01   0.5700E-01   0.8127E-01   0.1145E+00   0.1657E+00   0.2345E+00   0.3892E+00   0.7190E+00   0.8989E+00   0.9980E+00   0.1066E+01   0.1121E+01   0.1163E+01   0.1198E+01   0.1225E+01   0.1249E+01   0.1268E+01   0.1285E+01   0.1299E+01   0.1312E+01   0.1322E+01   0.1332E+01   0.1340E+01   0.1347E+01   0.1353E+01   0.1358E+01   0.1363E+01   0.1367E+01   0.1371E+01   0.1374E+01   0.1377E+01   0.1380E+01   0.1382E+01   0.1385E+01   0.1386E+01   0.1388E+01   0.1390E+01   0.1392E+01   0.1393E+01   0.1394E+01   0.1395E+01   0.1396E+01   0.1397E+01   0.1398E+01   0.1399E+01   0.1400E+01   0.1401E+01   0.1401E+01   0.1402E+01   0.1402E+01   0.1403E+01   0.1403E+01   0.1404E+01   0.1404E+01   0.1405E+01   0.1405E+01   0.1405E+01   0.1406E+01   0.1406E+01   0.1406E+01   0.1407E+01   0.1407E+01   0.1407E+01   0.1407E+01   0.1407E+01   0.1407E+01   0.1408E+01   0.1408E+01   0.1408E+01   0.1408E+01   0.1408E+01   0.1408E+01   0.1408E+01   0.1408E+01   0.1408E+01   0.1408E+01   0.1408E+01   0.1408E+01   0.1409E+01   0.1409E+01   0.1409E+01   0.1409E+01   0.1409E+01   0.1409E+01   0.1409E+01   0.1409E+01   0.1409E+01   0.1409E+01   0.1409E+01   0.1409E+01   0.1409E+01   0.1409E+01   0.1409E+01
0.3878E+02   0.1144E-01   0.1561E-01   0.2031E-01   0.2705E-01   0.3662E-01   0.5077E-01   0.7149E-01   0.1017E+00   0.1450E+00   0.2082E+00   0.3221E+00   0.5816E+00   0.8664E+00   0.9609E+00   0.1046E+01   0.1100E+01   0.1149E+01   0.1184E+01   0.1216E+01   0.1240E+01   0.1262E+01   0.1279E+01   0.1294E+01   0.1307E+01   0.1318E+01   0.1328E+01   0.1336E+01   0.1344E+01   0.1350E+01   0.1356E+01   0.1361E+01   0.1365E+01   0.1369E+01   0.1373E+01   0.1376E+01   0.1379E+01   0.1381E+01   0.1384E+01   0.1386E+01   0.1388E+01   0.1389E+01   0.1391E+01   0.1392E+01   0.1394E+01   0.1395E+01   0.1396E+01   0.1397E+01   0.1398E+01   0.1399E+01   0.1400E+01   0.1400E+01   0.1401E+01   0.1402E+01   0.1402E+01   0.1403E+01   0.1403E+01   0.1404E+01   0.1404E+01   0.1405E+01   0.1405E+01   0.1405E+01   0.1406E+01   0.1406E+01   0.1406E+01   0.1407E+01   0.1407E+01   0.1407E+01   0.1407E+01   0.1407E+01   0.1407E+01   0.1408E+01   0.1408E+01   0.1408E+01   0.1408E+01   0.1408E+01   0.1408E+01   0.1408E+01   0.1408E+01   0.1408E+01   0.1409E+01   0.1409E+01   0.1409E+01   0.1409E+01   0.1409E+01   0.1409E+01   0.1409E+01   0.1409E+01   0.1409E+01   0.1409E+01   0.1409E+01   0.1409E+01   0.1409E+01   0.1409E+01   0.1409E+01   0.1409E+01   0.1409E+01   0.1409E+01   0.1409E+01
0.3900E+02   0.1327E-01   0.1805E-01   0.2410E-01   0.3208E-01   0.4456E-01   0.6175E-01   0.8892E-01   0.1245E+00   0.1821E+00   0.2551E+00   0.4443E+00   0.8338E+00   0.9237E+00   0.1027E+01   0.1079E+01   0.1136E+01   0.1171E+01   0.1206E+01   0.1231E+01   0.1255E+01   0.1272E+01   0.1289E+01   0.1302E+01   0.1314E+01   0.1324E+01   0.1333E+01   0.1341E+01   0.1348E+01   0.1353E+01   0.1359E+01   0.1363E+01   0.1368E+01   0.1371E+01   0.1375E+01   0.1377E+01   0.1380E+01   0.1383E+01   0.1385E+01   0.1387E+01   0.1389E+01   0.1390E+01   0.1392E+01   0.1393E+01   0.1394E+01   0.1396E+01   0.1397E+01   0.1398E+01   0.1399E+01   0.1399E+01   0.1400E+01   0.1401E+01   0.1402E+01   0.1402E+01   0.1403E+01   0.1403E+01   0.1404E+01   0.1404E+01   0.1405E+01   0.1405E+01   0.1405E+01   0.1406E+01   0.1406E+01   0.1406E+01   0.1407E+01   0.1407E+01   0.1407E+01   0.1407E+01   0.1407E+01   0.1408E+01   0.1408E+01   0.1408E+01   0.1408E+01   0.1408E+01   0.1408E+01   0.1408E+01   0.1408E+01   0.1408E+01   0.1409E+01   0.1409E+01   0.1409E+01   0.1409E+01   0.1409E+01   0.1409E+01   0.1409E+01   0.1409E+01   0.1409E+01   0.1409E+01   0.1409E+01   0.1409E+01   0.1409E+01   0.1409E+01   0.1409E+01   0.1409E+01   0.1409E+01   0.1409E+01   0.1409E+01   0.1409E+01   0.1409E+01
0.3922E+02   0.1554E-01   0.2180E-01   0.2909E-01   0.3994E-01   0.5545E-01   0.7904E-01   0.1116E+00   0.1613E+00   0.2287E+00   0.3769E+00   0.6962E+00   0.8909E+00   0.9892E+00   0.1060E+01   0.1115E+01   0.1158E+01   0.1193E+01   0.1221E+01   0.1245E+01   0.1265E+01   0.1282E+01   0.1297E+01   0.1309E+01   0.1320E+01   0.1329E+01   0.1338E+01   0.1345E+01   0.1351E+01   0.1357E+01   0.1361E+01   0.1366E+01   0.1370E+01   0.1373E+01   0.1376E+01   0.1379E+01   0.1382E+01   0.1384E+01   0.1386E+01   0.1388E+01   0.1390E+01   0.1391E+01   0.1393E+01   0.1394E+01   0.1395E+01   0.1396E+01   0.1397E+01   0.1398E+01   0.1399E+01   0.1400E+01   0.1401E+01   0.1401E+01   0.1402E+01   0.1403E+01   0.1403E+01   0.1404E+01   0.1404E+01   0.1405E+01   0.1405E+01   0.1405E+01   0.1406E+01   0.1406E+01   0.1406E+01   0.1407E+01   0.1407E+01   0.1407E+01   0.1407E+01   0.1407E+01   0.1408E+01   0.1408E+01   0.1408E+01   0.1408E+01   0.1408E+01   0.1408E+01   0.1408E+01   0.1409E+01   0.1409E+01   0.1409E+01   0.1409E+01   0.1409E+01   0.1409E+01   0.1409E+01   0.1409E+01   0.1409E+01   0.1409E+01   0.1409E+01   0.1409E+01   0.1409E+01   0.1409E+01   0.1409E+01   0.1409E+01   0.1409E+01   0.1409E+01   0.1409E+01   0.1409E+01   0.1409E+01   0.1409E+01   0.1409E+01   0.1409E+01
0.3943E+02   0.1833E-01   0.2607E-01   0.3534E-01   0.4913E-01   0.6921E-01   0.9869E-01   0.1406E+00   0.2023E+00   0.3097E+00   0.5585E+00   0.8580E+00   0.9517E+00   0.1040E+01   0.1094E+01   0.1144E+01   0.1179E+01   0.1212E+01   0.1236E+01   0.1258E+01   0.1275E+01   0.1291E+01   0.1304E+01   0.1316E+01   0.1325E+01   0.1334E+01   0.1342E+01   0.1348E+01   0.1354E+01   0.1359E+01   0.1364E+01   0.1368E+01   0.1372E+01   0.1375E+01   0.1378E+01   0.1381E+01   0.1383E+01   0.1385E+01   0.1387E+01   0.1389E+01   0.1390E+01   0.1392E+01   0.1393E+01   0.1395E+01   0.1396E+01   0.1397E+01   0.1398E+01   0.1399E+01   0.1400E+01   0.1400E+01   0.1401E+01   0.1402E+01   0.1402E+01   0.1403E+01   0.1404E+01   0.1404E+01   0.1404E+01   0.1405E+01   0.1405E+01   0.1406E+01   0.1406E+01   0.1406E+01   0.1407E+01   0.1407E+01   0.1407E+01   0.1407E+01   0.1408E+01   0.1408E+01   0.1408E+01   0.1408E+01   0.1408E+01   0.1408E+01   0.1408E+01   0.1409E+01   0.1409E+01   0.1409E+01   0.1409E+01   0.1409E+01   0.1409E+01   0.1409E+01   0.1409E+01   0.1409E+01   0.1409E+01   0.1409E+01   0.1409E+01   0.1409E+01   0.1409E+01   0.1409E+01   0.1409E+01   0.1409E+01   0.1409E+01   0.1409E+01   0.1409E+01   0.1409E+01   0.1409E+01   0.1409E+01   0.1409E+01   0.1409E+01   0.1409E+01
0.3965E+02   0.2172E-01   0.3095E-01   0.4305E-01   0.5987E-01   0.8630E-01   0.1211E+00   0.1769E+00   0.2484E+00   0.4309E+00   0.8099E+00   0.9146E+00   0.1017E+01   0.1072E+01   0.1129E+01   0.1165E+01   0.1201E+01   0.1226E+01   0.1250E+01   0.1268E+01   0.1285E+01   0.1299E+01   0.1311E+01   0.1321E+01   0.1331E+01   0.1338E+01   0.1346E+01   0.1352E+01   0.1357E+01   0.1362E+01   0.1366E+01   0.1370E+01   0.1373E+01   0.1377E+01   0.1379E+01   0.1382E+01   0.1384E+01   0.1386E+01   0.1388E+01   0.1390E+01   0.1391E+01   0.1393E+01   0.1394E+01   0.1395E+01   0.1396E+01   0.1398E+01   0.1398E+01   0.1399E+01   0.1400E+01   0.1401E+01   0.1402E+01   0.1402E+01   0.1403E+01   0.1403E+01   0.1404E+01   0.1404E+01   0.1405E+01   0.1405E+01   0.1406E+01   0.1406E+01   0.1406E+01   0.1407E+01   0.1407E+01   0.1407E+01   0.1407E+01   0.1408E+01   0.1408E+01   0.1408E+01   0.1408E+01   0.1408E+01   0.1408E+01   0.1409E+01   0.1409E+01   0.1409E+01   0.1409E+01   0.1409E+01   0.1409E+01   0.1409E+01   0.1409E+01   0.1409E+01   0.1409E+01   0.1409E+01   0.1409E+01   0.1409E+01   0.1409E+01   0.1409E+01   0.1409E+01   0.1409E+01   0.1409E+01   0.1409E+01   0.1409E+01   0.1409E+01   0.1409E+01   0.1409E+01   0.1409E+01   0.1409E+01   0.1409E+01   0.1409E+01   0.1409E+01
0.3987E+02   0.2612E-01   0.3834E-01   0.5343E-01   0.7627E-01   0.1080E+00   0.1559E+00   0.2218E+00   0.3632E+00   0.6718E+00   0.8812E+00   0.9789E+00   0.1052E+01   0.1107E+01   0.1151E+01   0.1187E+01   0.1216E+01   0.1241E+01   0.1261E+01   0.1278E+01   0.1293E+01   0.1306E+01   0.1317E+01   0.1327E+01   0.1335E+01   0.1343E+01   0.1349E+01   0.1355E+01   0.1360E+01   0.1364E+01   0.1368E+01   0.1372E+01   0.1375E+01   0.1378E+01   0.1381E+01   0.1383E+01   0.1385E+01   0.1387E+01   0.1389E+01   0.1391E+01   0.1392E+01   0.1394E+01   0.1395E+01   0.1396E+01   0.1397E+01   0.1398E+01   0.1399E+01   0.1400E+01   0.1401E+01   0.1402E+01   0.1402E+01   0.1403E+01   0.1403E+01   0.1404E+01   0.1405E+01   0.1405E+01   0.1405E+01   0.1406E+01   0.1406E+01   0.1407E+01   0.1407E+01   0.1407E+01   0.1407E+01   0.1408E+01   0.1408E+01   0.1408E+01   0.1408E+01   0.1408E+01   0.1409E+01   0.1409E+01   0.1409E+01   0.1409E+01   0.1409E+01   0.1409E+01   0.1409E+01   0.1409E+01   0.1409E+01   0.1410E+01   0.1410E+01   0.1410E+01   0.1410E+01   0.1410E+01   0.1410E+01   0.1410E+01   0.1410E+01   0.1410E+01   0.1410E+01   0.1410E+01   0.1410E+01   0.1410E+01   0.1410E+01   0.1410E+01   0.1410E+01   0.1410E+01   0.1410E+01   0.1410E+01   0.1410E+01   0.1410E+01   0.1410E+01
0.4008E+02   0.3151E-01   0.4699E-01   0.6630E-01   0.9498E-01   0.1352E+00   0.1952E+00   0.2958E+00   0.5336E+00   0.8475E+00   0.9405E+00   0.1031E+01   0.1085E+01   0.1137E+01   0.1173E+01   0.1206E+01   0.1231E+01   0.1253E+01   0.1271E+01   0.1287E+01   0.1300E+01   0.1313E+01   0.1323E+01   0.1332E+01   0.1339E+01   0.1346E+01   0.1352E+01   0.1358E+01   0.1362E+01   0.1367E+01   0.1370E+01   0.1374E+01   0.1377E+01   0.1380E+01   0.1382E+01   0.1385E+01   0.1387E+01   0.1389E+01   0.1390E+01   0.1392E+01   0.1393E+01   0.1395E+01   0.1396E+01   0.1397E+01   0.1398E+01   0.1399E+01   0.1400E+01   0.1401E+01   0.1401E+01   0.1402E+01   0.1403E+01   0.1403E+01   0.1404E+01   0.1405E+01   0.1405E+01   0.1405E+01   0.1406E+01   0.1406E+01   0.1407E+01   0.1407E+01   0.1407E+01   0.1408E+01   0.1408E+01   0.1408E+01   0.1408E+01   0.1408E+01   0.1409E+01   0.1409E+01   0.1409E+01   0.1409E+01   0.1409E+01   0.1409E+01   0.1409E+01   0.1410E+01   0.1410E+01   0.1410E+01   0.1410E+01   0.1410E+01   0.1410E+01   0.1410E+01   0.1410E+01   0.1410E+01   0.1410E+01   0.1410E+01   0.1410E+01   0.1410E+01   0.1410E+01   0.1410E+01   0.1410E+01   0.1410E+01   0.1410E+01   0.1410E+01   0.1410E+01   0.1410E+01   0.1410E+01   0.1410E+01   0.1410E+01   0.1410E+01   0.1410E+01
0.4030E+02   0.3833E-01   0.5731E-01   0.8278E-01   0.1167E+00   0.1703E+00   0.2399E+00   0.4152E+00   0.7836E+00   0.9030E+00   0.1005E+01   0.1063E+01   0.1120E+01   0.1158E+01   0.1194E+01   0.1220E+01   0.1245E+01   0.1263E+01   0.1281E+01   0.1294E+01   0.1307E+01   0.1318E+01   0.1328E+01   0.1336E+01   0.1343E+01   0.1349E+01   0.1355E+01   0.1360E+01   0.1365E+01   0.1369E+01   0.1372E+01   0.1375E+01   0.1378E+01   0.1381E+01   0.1383E+01   0.1386E+01   0.1388E+01   0.1389E+01   0.1391E+01   0.1393E+01   0.1394E+01   0.1395E+01   0.1396E+01   0.1398E+01   0.1399E+01   0.1400E+01   0.1400E+01   0.1401E+01   0.1402E+01   0.1403E+01   0.1403E+01   0.1404E+01   0.1404E+01   0.1405E+01   0.1405E+01   0.1406E+01   0.1406E+01   0.1407E+01   0.1407E+01   0.1407E+01   0.1408E+01   0.1408E+01   0.1408E+01   0.1408E+01   0.1409E+01   0.1409E+01   0.1409E+01   0.1409E+01   0.1409E+01   0.1409E+01   0.1410E+01   0.1410E+01   0.1410E+01   0.1410E+01   0.1410E+01   0.1410E+01   0.1410E+01   0.1410E+01   0.1410E+01   0.1410E+01   0.1410E+01   0.1410E+01   0.1410E+01   0.1410E+01   0.1410E+01   0.1410E+01   0.1410E+01   0.1410E+01   0.1410E+01   0.1410E+01   0.1410E+01   0.1410E+01   0.1410E+01   0.1410E+01   0.1410E+01   0.1410E+01   0.1410E+01   0.1410E+01   0.1410E+01
0.4052E+02   0.4735E-01   0.7255E-01   0.1033E+00   0.1490E+00   0.2128E+00   0.3470E+00   0.6447E+00   0.8687E+00   0.9659E+00   0.1042E+01   0.1098E+01   0.1143E+01   0.1180E+01   0.1210E+01   0.1235E+01   0.1256E+01   0.1273E+01   0.1289E+01   0.1302E+01   0.1313E+01   0.1324E+01   0.1332E+01   0.1340E+01   0.1347E+01   0.1353E+01   0.1358E+01   0.1363E+01   0.1367E+01   0.1371E+01   0.1374E+01   0.1377E+01   0.1380E+01   0.1383E+01   0.1385E+01   0.1387E+01   0.1389E+01   0.1391E+01   0.1392E+01   0.1394E+01   0.1395E+01   0.1397E+01   0.1398E+01   0.1399E+01   0.1400E+01   0.1401E+01   0.1401E+01   0.1402E+01   0.1403E+01   0.1404E+01   0.1404E+01   0.1405E+01   0.1405E+01   0.1406E+01   0.1406E+01   0.1407E+01   0.1407E+01   0.1408E+01   0.1408E+01   0.1408E+01   0.1408E+01   0.1409E+01   0.1409E+01   0.1409E+01   0.1409E+01   0.1410E+01   0.1410E+01   0.1410E+01   0.1410E+01   0.1410E+01   0.1410E+01   0.1410E+01   0.1411E+01   0.1411E+01   0.1411E+01   0.1411E+01   0.1411E+01   0.1411E+01   0.1411E+01   0.1411E+01   0.1411E+01   0.1411E+01   0.1411E+01   0.1411E+01   0.1411E+01   0.1411E+01   0.1411E+01   0.1411E+01   0.1411E+01   0.1411E+01   0.1411E+01   0.1411E+01   0.1411E+01   0.1411E+01   0.1411E+01   0.1411E+01   0.1411E+01   0.1411E+01   0.1411E+01
0.4073E+02   0.5831E-01   0.9003E-01   0.1282E+00   0.1857E+00   0.2789E+00   0.5051E+00   0.8338E+00   0.9261E+00   0.1020E+01   0.1074E+01   0.1128E+01   0.1164E+01   0.1199E+01   0.1224E+01   0.1247E+01   0.1265E+01   0.1282E+01   0.1296E+01   0.1309E+01   0.1319E+01   0.1329E+01   0.1337E+01   0.1344E+01   0.1350E+01   0.1356E+01   0.1361E+01   0.1365E+01   0.1369E+01   0.1373E+01   0.1376E+01   0.1379E+01   0.1382E+01   0.1384E+01   0.1387E+01   0.1389E+01   0.1390E+01   0.1392E+01   0.1394E+01   0.1395E+01   0.1396E+01   0.1398E+01   0.1399E+01   0.1400E+01   0.1401E+01   0.1402E+01   0.1402E+01   0.1403E+01   0.1404E+01   0.1404E+01   0.1405E+01   0.1406E+01   0.1406E+01   0.1407E+01   0.1407E+01   0.1408E+01   0.1408E+01   0.1408E+01   0.1409E+01   0.1409E+01   0.1409E+01   0.1409E+01   0.1410E+01   0.1410E+01   0.1410E+01   0.1410E+01   0.1410E+01   0.1411E+01   0.1411E+01   0.1411E+01   0.1411E+01   0.1411E+01   0.1411E+01   0.1411E+01   0.1411E+01   0.1411E+01   0.1412E+01   0.1412E+01   0.1412E+01   0.1412E+01   0.1412E+01   0.1412E+01   0.1412E+01   0.1412E+01   0.1412E+01   0.1412E+01   0.1412E+01   0.1412E+01   0.1412E+01   0.1412E+01   0.1412E+01   0.1412E+01   0.1412E+01   0.1412E+01   0.1412E+01   0.1412E+01   0.1412E+01   0.1412E+01   0.1412E+01
0.4095E+02   0.7270E-01   0.1105E+00   0.1611E+00   0.2279E+00   0.3951E+00   0.7528E+00   0.8871E+00   0.9887E+00   0.1050E+01   0.1108E+01   0.1148E+01   0.1185E+01   0.1212E+01   0.1237E+01   0.1257E+01   0.1274E+01   0.1289E+01   0.1302E+01   0.1314E+01   0.1324E+01   0.1332E+01   0.1340E+01   0.1347E+01   0.1353E+01   0.1358E+01   0.1363E+01   0.1367E+01   0.1371E+01   0.1374E+01   0.1378E+01   0.1380E+01   0.1383E+01   0.1385E+01   0.1387E+01   0.1389E+01   0.1391E+01   0.1393E+01   0.1394E+01   0.1396E+01   0.1397E+01   0.1398E+01   0.1399E+01   0.1400E+01   0.1401E+01   0.1402E+01   0.1403E+01   0.1403E+01   0.1404E+01   0.1405E+01   0.1405E+01   0.1406E+01   0.1406E+01   0.1407E+01   0.1407E+01   0.1408E+01   0.1408E+01   0.1408E+01   0.1409E+01   0.1409E+01   0.1409E+01   0.1410E+01   0.1410E+01   0.1410E+01   0.1410E+01   0.1410E+01   0.1411E+01   0.1411E+01   0.1411E+01   0.1411E+01   0.1411E+01   0.1411E+01   0.1411E+01   0.1411E+01   0.1411E+01   0.1412E+01   0.1412E+01   0.1412E+01   0.1412E+01   0.1412E+01   0.1412E+01   0.1412E+01   0.1412E+01   0.1412E+01   0.1412E+01   0.1412E+01   0.1412E+01   0.1412E+01   0.1412E+01   0.1412E+01   0.1412E+01   0.1412E+01   0.1412E+01   0.1412E+01   0.1412E+01   0.1412E+01   0.1412E+01   0.1412E+01   0.1412E+01
0.4117E+02   0.9088E-01   0.1397E+00   0.1999E+00   0.3258E+00   0.6125E+00   0.8513E+00   0.9483E+00   0.1028E+01   0.1085E+01   0.1132E+01   0.1170E+01   0.1201E+01   0.1227E+01   0.1249E+01   0.1267E+01   0.1283E+01   0.1297E+01   0.1309E+01   0.1320E+01   0.1329E+01   0.1338E+01   0.1345E+01   0.1351E+01   0.1357E+01   0.1362E+01   0.1366E+01   0.1371E+01   0.1374E+01   0.1377E+01   0.1380E+01   0.1383E+01   0.1386E+01   0.1388E+01   0.1390E+01   0.1392E+01   0.1393E+01   0.1395E+01   0.1397E+01   0.1398E+01   0.1399E+01   0.1400E+01   0.1401E+01   0.1402E+01   0.1403E+01   0.1404E+01   0.1405E+01   0.1406E+01   0.1406E+01   0.1407E+01   0.1407E+01   0.1408E+01   0.1408E+01   0.1409E+01   0.1409E+01   0.1410E+01   0.1410E+01   0.1410E+01   0.1411E+01   0.1411E+01   0.1411E+01   0.1412E+01   0.1412E+01   0.1412E+01   0.1412E+01   0.1412E+01   0.1413E+01   0.1413E+01   0.1413E+01   0.1413E+01   0.1413E+01   0.1413E+01   0.1413E+01   0.1413E+01   0.1413E+01   0.1414E+01   0.1414E+01   0.1414E+01   0.1414E+01   0.1414E+01   0.1414E+01   0.1414E+01   0.1414E+01   0.1414E+01   0.1414E+01   0.1414E+01   0.1414E+01   0.1414E+01   0.1414E+01   0.1414E+01   0.1414E+01   0.1414E+01   0.1414E+01   0.1414E+01   0.1414E+01   0.1414E+01   0.1414E+01   0.1414E+01   0.1414E+01
0.4138E+02   0.1122E+00   0.1727E+00   0.2565E+00   0.4699E+00   0.8141E+00   0.9061E+00   0.1004E+01   0.1060E+01   0.1116E+01   0.1153E+01   0.1189E+01   0.1216E+01   0.1240E+01   0.1259E+01   0.1277E+01   0.1291E+01   0.1305E+01   0.1316E+01   0.1326E+01   0.1334E+01   0.1342E+01   0.1349E+01   0.1355E+01   0.1360E+01   0.1365E+01   0.1370E+01   0.1374E+01   0.1377E+01   0.1380E+01   0.1383E+01   0.1386E+01   0.1388E+01   0.1390E+01   0.1392E+01   0.1394E+01   0.1396E+01   0.1397E+01   0.1399E+01   0.1400E+01   0.1401E+01   0.1402E+01   0.1403E+01   0.1404E+01   0.1405E+01   0.1406E+01   0.1407E+01   0.1407E+01   0.1408E+01   0.1409E+01   0.1409E+01   0.1410E+01   0.1410E+01   0.1411E+01   0.1411E+01   0.1412E+01   0.1412E+01   0.1412E+01   0.1413E+01   0.1413E+01   0.1413E+01   0.1413E+01   0.1414E+01   0.1414E+01   0.1414E+01   0.1414E+01   0.1414E+01   0.1415E+01   0.1415E+01   0.1415E+01   0.1415E+01   0.1415E+01   0.1415E+01   0.1415E+01   0.1415E+01   0.1415E+01   0.1415E+01   0.1415E+01   0.1415E+01   0.1415E+01   0.1415E+01   0.1416E+01   0.1416E+01   0.1416E+01   0.1416E+01   0.1416E+01   0.1416E+01   0.1416E+01   0.1416E+01   0.1416E+01   0.1416E+01   0.1415E+01   0.1415E+01   0.1415E+01   0.1415E+01   0.1415E+01   0.1415E+01   0.1415E+01   0.1415E+01
0.4160E+02   0.1405E+00   0.2100E+00   0.3663E+00   0.7126E+00   0.8623E+00   0.9647E+00   0.1031E+01   0.1090E+01   0.1133E+01   0.1171E+01   0.1200E+01   0.1227E+01   0.1248E+01   0.1266E+01   0.1282E+01   0.1296E+01   0.1308E+01   0.1319E+01   0.1328E+01   0.1336E+01   0.1344E+01   0.1350E+01   0.1356E+01   0.1361E+01   0.1366E+01   0.1370E+01   0.1373E+01   0.1377E+01   0.1380E+01   0.1383E+01   0.1385E+01   0.1388E+01   0.1390E+01   0.1392E+01   0.1393E+01   0.1395E+01   0.1396E+01   0.1398E+01   0.1399E+01   0.1400E+01   0.1401E+01   0.1402E+01   0.1403E+01   0.1404E+01   0.1405E+01   0.1406E+01   0.1406E+01   0.1407E+01   0.1408E+01   0.1408E+01   0.1409E+01   0.1409E+01   0.1410E+01   0.1410E+01   0.1411E+01   0.1411E+01   0.1411E+01   0.1412E+01   0.1412E+01   0.1412E+01   0.1412E+01   0.1413E+01   0.1413E+01   0.1413E+01   0.1413E+01   0.1413E+01   0.1413E+01   0.1414E+01   0.1414E+01   0.1414E+01   0.1414E+01   0.1414E+01   0.1414E+01   0.1414E+01   0.1414E+01   0.1414E+01   0.1414E+01   0.1414E+01   0.1414E+01   0.1414E+01   0.1414E+01   0.1414E+01   0.1414E+01   0.1414E+01   0.1414E+01   0.1414E+01   0.1414E+01   0.1414E+01   0.1414E+01   0.1414E+01   0.1414E+01   0.1414E+01   0.1414E+01   0.1414E+01   0.1414E+01   0.1414E+01   0.1414E+01   0.1414E+01
0.4182E+02   0.1716E+00   0.2965E+00   0.5703E+00   0.8239E+00   0.9218E+00   0.1006E+01   0.1066E+01   0.1117E+01   0.1156E+01   0.1189E+01   0.1217E+01   0.1241E+01   0.1260E+01   0.1278E+01   0.1292E+01   0.1305E+01   0.1317E+01   0.1327E+01   0.1336E+01   0.1344E+01   0.1351E+01   0.1357E+01   0.1362E+01   0.1367E+01   0.1372E+01   0.1376E+01   0.1379E+01   0.1383E+01   0.1386E+01   0.1388E+01   0.1391E+01   0.1393E+01   0.1395E+01   0.1397E+01   0.1399E+01   0.1400E+01   0.1402E+01   0.1403E+01   0.1404E+01   0.1406E+01   0.1407E+01   0.1408E+01   0.1409E+01   0.1409E+01   0.1410E+01   0.1411E+01   0.1412E+01   0.1412E+01   0.1413E+01   0.1413E+01   0.1414E+01   0.1414E+01   0.1415E+01   0.1415E+01   0.1416E+01   0.1416E+01   0.1416E+01   0.1417E+01   0.1417E+01   0.1417E+01   0.1417E+01   0.1418E+01   0.1418E+01   0.1418E+01   0.1418E+01   0.1418E+01   0.1419E+01   0.1419E+01   0.1419E+01   0.1419E+01   0.1419E+01   0.1419E+01   0.1419E+01   0.1419E+01   0.1419E+01   0.1419E+01   0.1419E+01   0.1419E+01   0.1419E+01   0.1419E+01   0.1419E+01   0.1419E+01   0.1419E+01   0.1419E+01   0.1419E+01   0.1419E+01   0.1419E+01   0.1419E+01   0.1419E+01   0.1419E+01   0.1419E+01   0.1419E+01   0.1419E+01   0.1419E+01   0.1419E+01   0.1419E+01   0.1419E+01   0.1419E+01
0.4203E+02   0.2115E+00   0.4240E+00   0.7839E+00   0.8761E+00   0.9793E+00   0.1038E+01   0.1099E+01   0.1139E+01   0.1178E+01   0.1206E+01   0.1233E+01   0.1254E+01   0.1273E+01   0.1289E+01   0.1303E+01   0.1315E+01   0.1326E+01   0.1336E+01   0.1344E+01   0.1352E+01   0.1358E+01   0.1364E+01   0.1370E+01   0.1374E+01   0.1379E+01   0.1383E+01   0.1386E+01   0.1389E+01   0.1392E+01   0.1395E+01   0.1397E+01   0.1399E+01   0.1401E+01   0.1403E+01   0.1405E+01   0.1406E+01   0.1408E+01   0.1409E+01   0.1410E+01   0.1412E+01   0.1413E+01   0.1414E+01   0.1414E+01   0.1415E+01   0.1416E+01   0.1417E+01   0.1418E+01   0.1418E+01   0.1419E+01   0.1419E+01   0.1420E+01   0.1420E+01   0.1421E+01   0.1421E+01   0.1421E+01   0.1422E+01   0.1422E+01   0.1422E+01   0.1423E+01   0.1423E+01   0.1423E+01   0.1423E+01   0.1424E+01   0.1424E+01   0.1424E+01   0.1424E+01   0.1424E+01   0.1424E+01   0.1425E+01   0.1425E+01   0.1425E+01   0.1425E+01   0.1425E+01   0.1425E+01   0.1425E+01   0.1425E+01   0.1425E+01   0.1425E+01   0.1425E+01   0.1425E+01   0.1425E+01   0.1425E+01   0.1425E+01   0.1425E+01   0.1425E+01   0.1425E+01   0.1425E+01   0.1425E+01   0.1425E+01   0.1425E+01   0.1425E+01   0.1425E+01   0.1425E+01   0.1425E+01   0.1425E+01   0.1425E+01   0.1425E+01   0.1425E+01
0.4225E+02   0.2926E+00   0.6571E+00   0.8209E+00   0.9249E+00   0.9975E+00   0.1062E+01   0.1109E+01   0.1151E+01   0.1183E+01   0.1211E+01   0.1235E+01   0.1256E+01   0.1273E+01   0.1288E+01   0.1301E+01   0.1313E+01   0.1323E+01   0.1333E+01   0.1341E+01   0.1348E+01   0.1355E+01   0.1360E+01   0.1365E+01   0.1370E+01   0.1374E+01   0.1378E+01   0.1381E+01   0.1384E+01   0.1387E+01   0.1390E+01   0.1392E+01   0.1394E+01   0.1396E+01   0.1398E+01   0.1400E+01   0.1401E+01   0.1403E+01   0.1404E+01   0.1405E+01   0.1406E+01   0.1407E+01   0.1408E+01   0.1409E+01   0.1410E+01   0.1411E+01   0.1412E+01   0.1412E+01   0.1413E+01   0.1413E+01   0.1414E+01   0.1414E+01   0.1415E+01   0.1415E+01   0.1416E+01   0.1416E+01   0.1416E+01   0.1417E+01   0.1417E+01   0.1417E+01   0.1418E+01   0.1418E+01   0.1418E+01   0.1418E+01   0.1418E+01   0.1419E+01   0.1419E+01   0.1419E+01   0.1419E+01   0.1419E+01   0.1419E+01   0.1419E+01   0.1419E+01   0.1420E+01   0.1420E+01   0.1420E+01   0.1420E+01   0.1420E+01   0.1420E+01   0.1420E+01   0.1420E+01   0.1420E+01   0.1420E+01   0.1420E+01   0.1420E+01   0.1420E+01   0.1420E+01   0.1420E+01   0.1420E+01   0.1420E+01   0.1420E+01   0.1420E+01   0.1420E+01   0.1420E+01   0.1420E+01   0.1420E+01   0.1420E+01   0.1420E+01   0.1420E+01
0.4247E+02   0.4924E+00   0.7962E+00   0.8945E+00   0.9853E+00   0.1051E+01   0.1109E+01   0.1152E+01   0.1190E+01   0.1220E+01   0.1247E+01   0.1269E+01   0.1289E+01   0.1305E+01   0.1319E+01   0.1332E+01   0.1344E+01   0.1354E+01   0.1363E+01   0.1370E+01   0.1378E+01   0.1384E+01   0.1389E+01   0.1394E+01   0.1399E+01   0.1403E+01   0.1407E+01   0.1410E+01   0.1413E+01   0.1416E+01   0.1418E+01   0.1420E+01   0.1423E+01   0.1425E+01   0.1426E+01   0.1428E+01   0.1429E+01   0.1431E+01   0.1432E+01   0.1433E+01   0.1434E+01   0.1435E+01   0.1436E+01   0.1437E+01   0.1438E+01   0.1439E+01   0.1440E+01   0.1440E+01   0.1441E+01   0.1441E+01   0.1442E+01   0.1443E+01   0.1443E+01   0.1443E+01   0.1444E+01   0.1444E+01   0.1445E+01   0.1445E+01   0.1445E+01   0.1445E+01   0.1446E+01   0.1446E+01   0.1446E+01   0.1446E+01   0.1446E+01   0.1447E+01   0.1447E+01   0.1447E+01   0.1447E+01   0.1447E+01   0.1447E+01   0.1447E+01   0.1447E+01   0.1447E+01   0.1448E+01   0.1448E+01   0.1448E+01   0.1448E+01   0.1448E+01   0.1448E+01   0.1448E+01   0.1448E+01   0.1448E+01   0.1448E+01   0.1448E+01   0.1448E+01   0.1448E+01   0.1448E+01   0.1448E+01   0.1448E+01   0.1448E+01   0.1448E+01   0.1448E+01   0.1448E+01   0.1448E+01   0.1448E+01   0.1448E+01   0.1448E+01   0.1448E+01
0.4268E+02   0.7410E+00   0.8682E+00   0.9791E+00   0.1044E+01   0.1115E+01   0.1161E+01   0.1206E+01   0.1237E+01   0.1268E+01   0.1292E+01   0.1315E+01   0.1332E+01   0.1349E+01   0.1362E+01   0.1375E+01   0.1385E+01   0.1395E+01   0.1404E+01   0.1412E+01   0.1418E+01   0.1425E+01   0.1430E+01   0.1435E+01   0.1439E+01   0.1443E+01   0.1447E+01   0.1450E+01   0.1453E+01   0.1456E+01   0.1458E+01   0.1461E+01   0.1463E+01   0.1465E+01   0.1466E+01   0.1468E+01   0.1469E+01   0.1471E+01   0.1472E+01   0.1473E+01   0.1474E+01   0.1475E+01   0.1476E+01   0.1477E+01   0.1478E+01   0.1479E+01   0.1479E+01   0.1480E+01   0.1481E+01   0.1481E+01   0.1482E+01   0.1482E+01   0.1483E+01   0.1483E+01   0.1484E+01   0.1484E+01   0.1484E+01   0.1485E+01   0.1485E+01   0.1485E+01   0.1485E+01   0.1486E+01   0.1486E+01   0.1486E+01   0.1486E+01   0.1486E+01   0.1487E+01   0.1487E+01   0.1487E+01   0.1487E+01   0.1487E+01   0.1487E+01   0.1487E+01   0.1487E+01   0.1487E+01   0.1487E+01   0.1487E+01   0.1487E+01   0.1487E+01   0.1488E+01   0.1488E+01   0.1488E+01   0.1488E+01   0.1488E+01   0.1488E+01   0.1488E+01   0.1488E+01   0.1488E+01   0.1488E+01   0.1488E+01   0.1488E+01   0.1488E+01   0.1487E+01   0.1487E+01   0.1487E+01   0.1487E+01   0.1487E+01   0.1487E+01   0.1487E+01
0.4290E+02   0.6877E+00   0.8397E+00   0.9210E+00   0.9966E+00   0.1053E+01   0.1104E+01   0.1142E+01   0.1175E+01   0.1203E+01   0.1228E+01   0.1248E+01   0.1266E+01   0.1281E+01   0.1295E+01   0.1307E+01   0.1318E+01   0.1328E+01   0.1336E+01   0.1344E+01   0.1350E+01   0.1356E+01   0.1362E+01   0.1367E+01   0.1371E+01   0.1375E+01   0.1378E+01   0.1382E+01   0.1385E+01   0.1387E+01   0.1390E+01   0.1392E+01   0.1394E+01   0.1396E+01   0.1398E+01   0.1399E+01   0.1401E+01   0.1402E+01   0.1403E+01   0.1405E+01   0.1406E+01   0.1407E+01   0.1408E+01   0.1408E+01   0.1409E+01   0.1410E+01   0.1411E+01   0.1411E+01   0.1412E+01   0.1413E+01   0.1413E+01   0.1414E+01   0.1414E+01   0.1414E+01   0.1415E+01   0.1415E+01   0.1416E+01   0.1416E+01   0.1416E+01   0.1416E+01   0.1417E+01   0.1417E+01   0.1417E+01   0.1417E+01   0.1417E+01   0.1418E+01   0.1418E+01   0.1418E+01   0.1418E+01   0.1418E+01   0.1418E+01   0.1418E+01   0.1418E+01   0.1419E+01   0.1419E+01   0.1419E+01   0.1419E+01   0.1419E+01   0.1419E+01   0.1419E+01   0.1419E+01   0.1419E+01   0.1419E+01   0.1419E+01   0.1419E+01   0.1419E+01   0.1419E+01   0.1419E+01   0.1419E+01   0.1419E+01   0.1419E+01   0.1419E+01   0.1419E+01   0.1419E+01   0.1419E+01   0.1419E+01   0.1419E+01   0.1419E+01   0.1419E+01
0.4312E+02   0.7001E+00   0.8399E+00   0.9162E+00   0.9888E+00   0.1044E+01   0.1092E+01   0.1129E+01   0.1162E+01   0.1189E+01   0.1213E+01   0.1233E+01   0.1251E+01   0.1266E+01   0.1279E+01   0.1291E+01   0.1302E+01   0.1311E+01   0.1320E+01   0.1327E+01   0.1334E+01   0.1340E+01   0.1345E+01   0.1350E+01   0.1354E+01   0.1358E+01   0.1361E+01   0.1365E+01   0.1368E+01   0.1370E+01   0.1373E+01   0.1375E+01   0.1377E+01   0.1379E+01   0.1381E+01   0.1382E+01   0.1384E+01   0.1385E+01   0.1386E+01   0.1387E+01   0.1389E+01   0.1390E+01   0.1390E+01   0.1391E+01   0.1392E+01   0.1393E+01   0.1394E+01   0.1394E+01   0.1395E+01   0.1395E+01   0.1396E+01   0.1396E+01   0.1397E+01   0.1397E+01   0.1398E+01   0.1398E+01   0.1398E+01   0.1399E+01   0.1399E+01   0.1399E+01   0.1400E+01   0.1400E+01   0.1400E+01   0.1400E+01   0.1400E+01   0.1400E+01   0.1401E+01   0.1401E+01   0.1401E+01   0.1401E+01   0.1401E+01   0.1401E+01   0.1401E+01   0.1401E+01   0.1401E+01   0.1401E+01   0.1402E+01   0.1402E+01   0.1402E+01   0.1402E+01   0.1402E+01   0.1402E+01   0.1402E+01   0.1402E+01   0.1402E+01   0.1402E+01   0.1402E+01   0.1402E+01   0.1402E+01   0.1402E+01   0.1402E+01   0.1402E+01   0.1402E+01   0.1402E+01   0.1402E+01   0.1402E+01   0.1402E+01   0.1401E+01   0.1401E+01
