0.0000E+00   -.9000E+01   -.9000E+01   -.8999E+01   -.8999E+01   -.8999E+01   -.8998E+01   -.8998E+01   -.8997E+01   -.8997E+01   -.8997E+01   -.8996E+01   -.8996E+01   -.8996E+01   -.8995E+01   -.8995E+01   -.8995E+01   -.8994E+01   -.8994E+01   -.8993E+01   -.8993E+01   -.8993E+01   -.8992E+01   -.8992E+01   -.8991E+01   -.8991E+01   -.8991E+01   -.8990E+01   -.8990E+01   -.8989E+01   -.8989E+01   -.8988E+01   -.8988E+01   -.8988E+01   -.8987E+01   -.8987E+01   -.8986E+01   -.8986E+01   -.8985E+01   -.8985E+01   -.8984E+01   -.8984E+01   -.8984E+01   -.8983E+01   -.8983E+01   -.8982E+01   -.8982E+01   -.8981E+01   -.8981E+01   -.8981E+01   -.8980E+01   -.8980E+01   -.8979E+01   -.8979E+01   -.8978E+01   -.8978E+01   -.8978E+01   -.8977E+01   -.8977E+01   -.8977E+01   -.8977E+01   -.8976E+01   -.8976E+01   -.8976E+01   -.8976E+01   -.8975E+01   -.8975E+01   -.8976E+01   -.8976E+01   -.8975E+01   -.8976E+01   -.8975E+01   -.8976E+01   -.8975E+01   -.8976E+01   -.8976E+01   -.8977E+01   -.8976E+01   -.8977E+01   -.8977E+01   -.8979E+01   -.8979E+01   -.8980E+01   -.8980E+01   -.8983E+01   -.8982E+01   -.8985E+01   -.8985E+01   -.8989E+01   -.8988E+01   -.8993E+01   -.8993E+01   -.8998E+01   -.8998E+01   -.9004E+01   -.9004E+01   -.9012E+01   -.9011E+01   -.9022E+01   -.9021E+01   -.9034E+01
0.2167E+00   -.9000E+01   -.9000E+01   -.8999E+01   -.8999E+01   -.8999E+01   -.8998E+01   -.8998E+01   -.8998E+01   -.8997E+01   -.8997E+01   -.8996E+01   -.8996E+01   -.8996E+01   -.8995E+01   -.8995E+01   -.8995E+01   -.8994E+01   -.8994E+01   -.8993E+01   -.8993E+01   -.8993E+01   -.8992E+01   -.8992E+01   -.8992E+01   -.8991E+01   -.8991E+01   -.8990E+01   -.8990E+01   -.8989E+01   -.8989E+01   -.8989E+01   -.8988E+01   -.8988E+01   -.8987E+01   -.8987E+01   -.8986E+01   -.8986E+01   -.8986E+01   -.8985E+01   -.8985E+01   -.8984E+01   -.8984E+01   -.8983E+01   -.8983E+01   -.8983E+01   -.8982E+01   -.8982E+01   -.8981E+01   -.8981E+01   -.8981E+01   -.8980E+01   -.8980E+01   -.8979E+01   -.8979E+01   -.8979E+01   -.8978E+01   -.8978E+01   -.8978E+01   -.8977E+01   -.8977E+01   -.8977E+01   -.8977E+01   -.8976E+01   -.8976E+01   -.8976E+01   -.8976E+01   -.8976E+01   -.8976E+01   -.8976E+01   -.8976E+01   -.8976E+01   -.8977E+01   -.8976E+01   -.8977E+01   -.8977E+01   -.8978E+01   -.8977E+01   -.8978E+01   -.8979E+01   -.8980E+01   -.8980E+01   -.8981E+01   -.8982E+01   -.8984E+01   -.8984E+01   -.8986E+01   -.8987E+01   -.8990E+01   -.8990E+01   -.8994E+01   -.8995E+01   -.8999E+01   -.9000E+01   -.9006E+01   -.9007E+01   -.9014E+01   -.9014E+01   -.9023E+01   -.9024E+01   -.9035E+01
0.4333E+00   -.9000E+01   -.9000E+01   -.8999E+01   -.8999E+01   -.8999E+01   -.8998E+01   -.8998E+01   -.8998E+01   -.8997E+01   -.8997E+01   -.8997E+01   -.8996E+01   -.8996E+01   -.8995E+01   -.8995E+01   -.8995E+01   -.8994E+01   -.8994E+01   -.8994E+01   -.8993E+01   -.8993E+01   -.8992E+01   -.8992E+01   -.8992E+01   -.8991E+01   -.8991E+01   -.8990E+01   -.8990E+01   -.8990E+01   -.8989E+01   -.8989E+01   -.8988E+01   -.8988E+01   -.8988E+01   -.8987E+01   -.8987E+01   -.8986E+01   -.8986E+01   -.8985E+01   -.8985E+01   -.8985E+01   -.8984E+01   -.8984E+01   -.8983E+01   -.8983E+01   -.8983E+01   -.8982E+01   -.8982E+01   -.8981E+01   -.8981E+01   -.8981E+01   -.8980E+01   -.8980E+01   -.8979E+01   -.8979E+01   -.8979E+01   -.8979E+01   -.8978E+01   -.8978E+01   -.8978E+01   -.8977E+01   -.8977E+01   -.8977E+01   -.8977E+01   -.8977E+01   -.8977E+01   -.8977E+01   -.8977E+01   -.8977E+01   -.8977E+01   -.8977E+01   -.8977E+01   -.8977E+01   -.8978E+01   -.8978E+01   -.8978E+01   -.8979E+01   -.8979E+01   -.8980E+01   -.8981E+01   -.8981E+01   -.8983E+01   -.8983E+01   -.8985E+01   -.8986E+01   -.8988E+01   -.8989E+01   -.8991E+01   -.8992E+01   -.8995E+01   -.8997E+01   -.9001E+01   -.9002E+01   -.9007E+01   -.9009E+01   -.9015E+01   -.9017E+01   -.9025E+01   -.9028E+01   -.9037E+01
0.6500E+00   -.9000E+01   -.9000E+01   -.8999E+01   -.8999E+01   -.8999E+01   -.8998E+01   -.8998E+01   -.8998E+01   -.8997E+01   -.8997E+01   -.8997E+01   -.8996E+01   -.8996E+01   -.8996E+01   -.8995E+01   -.8995E+01   -.8994E+01   -.8994E+01   -.8994E+01   -.8993E+01   -.8993E+01   -.8993E+01   -.8992E+01   -.8992E+01   -.8991E+01   -.8991E+01   -.8991E+01   -.8990E+01   -.8990E+01   -.8989E+01   -.8989E+01   -.8989E+01   -.8988E+01   -.8988E+01   -.8987E+01   -.8987E+01   -.8987E+01   -.8986E+01   -.8986E+01   -.8985E+01   -.8985E+01   -.8985E+01   -.8984E+01   -.8984E+01   -.8983E+01   -.8983E+01   -.8983E+01   -.8982E+01   -.8982E+01   -.8981E+01   -.8981E+01   -.8981E+01   -.8980E+01   -.8980E+01   -.8980E+01   -.8979E+01   -.8979E+01   -.8979E+01   -.8979E+01   -.8978E+01   -.8978E+01   -.8978E+01   -.8978E+01   -.8978E+01   -.8977E+01   -.8978E+01   -.8978E+01   -.8978E+01   -.8978E+01   -.8978E+01   -.8978E+01   -.8978E+01   -.8978E+01   -.8979E+01   -.8979E+01   -.8979E+01   -.8980E+01   -.8980E+01   -.8981E+01   -.8982E+01   -.8983E+01   -.8984E+01   -.8985E+01   -.8986E+01   -.8987E+01   -.8989E+01   -.8990E+01   -.8992E+01   -.8994E+01   -.8997E+01   -.8999E+01   -.9002E+01   -.9005E+01   -.9008E+01   -.9012E+01   -.9016E+01   -.9020E+01   -.9026E+01   -.9031E+01   -.9038E+01
0.8667E+00   -.9000E+01   -.9000E+01   -.8999E+01   -.8999E+01   -.8999E+01   -.8998E+01   -.8998E+01   -.8998E+01   -.8997E+01   -.8997E+01   -.8997E+01   -.8996E+01   -.8996E+01   -.8996E+01   -.8995E+01   -.8995E+01   -.8995E+01   -.8994E+01   -.8994E+01   -.8993E+01   -.8993E+01   -.8993E+01   -.8992E+01   -.8992E+01   -.8992E+01   -.8991E+01   -.8991E+01   -.8990E+01   -.8990E+01   -.8990E+01   -.8989E+01   -.8989E+01   -.8988E+01   -.8988E+01   -.8988E+01   -.8987E+01   -.8987E+01   -.8986E+01   -.8986E+01   -.8986E+01   -.8985E+01   -.8985E+01   -.8984E+01   -.8984E+01   -.8984E+01   -.8983E+01   -.8983E+01   -.8983E+01   -.8982E+01   -.8982E+01   -.8982E+01   -.8981E+01   -.8981E+01   -.8980E+01   -.8980E+01   -.8980E+01   -.8980E+01   -.8979E+01   -.8979E+01   -.8979E+01   -.8979E+01   -.8979E+01   -.8979E+01   -.8978E+01   -.8978E+01   -.8978E+01   -.8979E+01   -.8979E+01   -.8979E+01   -.8979E+01   -.8979E+01   -.8979E+01   -.8979E+01   -.8980E+01   -.8980E+01   -.8980E+01   -.8981E+01   -.8981E+01   -.8982E+01   -.8983E+01   -.8984E+01   -.8985E+01   -.8986E+01   -.8987E+01   -.8989E+01   -.8990E+01   -.8992E+01   -.8993E+01   -.8996E+01   -.8998E+01   -.9001E+01   -.9003E+01   -.9007E+01   -.9010E+01   -.9014E+01   -.9018E+01   -.9023E+01   -.9027E+01   -.9035E+01   -.9039E+01
0.1083E+01   -.9000E+01   -.9000E+01   -.8999E+01   -.8999E+01   -.8999E+01   -.8998E+01   -.8998E+01   -.8998E+01   -.8997E+01   -.8997E+01   -.8997E+01   -.8996E+01   -.8996E+01   -.8996E+01   -.8995E+01   -.8995E+01   -.8995E+01   -.8994E+01   -.8994E+01   -.8994E+01   -.8993E+01   -.8993E+01   -.8992E+01   -.8992E+01   -.8992E+01   -.8991E+01   -.8991E+01   -.8991E+01   -.8990E+01   -.8990E+01   -.8989E+01   -.8989E+01   -.8989E+01   -.8988E+01   -.8988E+01   -.8988E+01   -.8987E+01   -.8987E+01   -.8986E+01   -.8986E+01   -.8986E+01   -.8985E+01   -.8985E+01   -.8984E+01   -.8984E+01   -.8984E+01   -.8983E+01   -.8983E+01   -.8983E+01   -.8982E+01   -.8982E+01   -.8982E+01   -.8981E+01   -.8981E+01   -.8981E+01   -.8980E+01   -.8980E+01   -.8980E+01   -.8980E+01   -.8980E+01   -.8979E+01   -.8979E+01   -.8979E+01   -.8979E+01   -.8979E+01   -.8979E+01   -.8980E+01   -.8979E+01   -.8980E+01   -.8980E+01   -.8980E+01   -.8980E+01   -.8980E+01   -.8980E+01   -.8981E+01   -.8981E+01   -.8982E+01   -.8982E+01   -.8983E+01   -.8984E+01   -.8985E+01   -.8986E+01   -.8987E+01   -.8988E+01   -.8990E+01   -.8991E+01   -.8994E+01   -.8995E+01   -.8998E+01   -.8999E+01   -.9003E+01   -.9004E+01   -.9009E+01   -.9011E+01   -.9017E+01   -.9019E+01   -.9026E+01   -.9029E+01   -.9038E+01   -.9041E+01
0.1300E+01   -.9000E+01   -.9000E+01   -.8999E+01   -.8999E+01   -.8999E+01   -.8998E+01   -.8998E+01   -.8998E+01   -.8997E+01   -.8997E+01   -.8997E+01   -.8996E+01   -.8996E+01   -.8996E+01   -.8995E+01   -.8995E+01   -.8995E+01   -.8994E+01   -.8994E+01   -.8994E+01   -.8993E+01   -.8993E+01   -.8993E+01   -.8992E+01   -.8992E+01   -.8992E+01   -.8991E+01   -.8991E+01   -.8990E+01   -.8990E+01   -.8990E+01   -.8989E+01   -.8989E+01   -.8989E+01   -.8988E+01   -.8988E+01   -.8987E+01   -.8987E+01   -.8987E+01   -.8986E+01   -.8986E+01   -.8986E+01   -.8985E+01   -.8985E+01   -.8984E+01   -.8984E+01   -.8984E+01   -.8983E+01   -.8983E+01   -.8983E+01   -.8982E+01   -.8982E+01   -.8982E+01   -.8982E+01   -.8981E+01   -.8981E+01   -.8981E+01   -.8981E+01   -.8980E+01   -.8980E+01   -.8980E+01   -.8980E+01   -.8980E+01   -.8980E+01   -.8980E+01   -.8980E+01   -.8980E+01   -.8980E+01   -.8980E+01   -.8980E+01   -.8981E+01   -.8981E+01   -.8981E+01   -.8981E+01   -.8982E+01   -.8982E+01   -.8983E+01   -.8983E+01   -.8985E+01   -.8985E+01   -.8987E+01   -.8987E+01   -.8989E+01   -.8989E+01   -.8992E+01   -.8992E+01   -.8995E+01   -.8996E+01   -.9000E+01   -.9000E+01   -.9005E+01   -.9006E+01   -.9012E+01   -.9012E+01   -.9020E+01   -.9020E+01   -.9029E+01   -.9030E+01   -.9041E+01   -.9042E+01
0.1517E+01   -.9000E+01   -.9000E+01   -.8999E+01   -.8999E+01   -.8999E+01   -.8998E+01   -.8998E+01   -.8998E+01   -.8998E+01   -.8997E+01   -.8997E+01   -.8997E+01   -.8996E+01   -.8996E+01   -.8996E+01   -.8995E+01   -.8995E+01   -.8995E+01   -.8994E+01   -.8994E+01   -.8994E+01   -.8993E+01   -.8993E+01   -.8993E+01   -.8992E+01   -.8992E+01   -.8991E+01   -.8991E+01   -.8991E+01   -.8990E+01   -.8990E+01   -.8990E+01   -.8989E+01   -.8989E+01   -.8989E+01   -.8988E+01   -.8988E+01   -.8988E+01   -.8987E+01   -.8987E+01   -.8986E+01   -.8986E+01   -.8986E+01   -.8985E+01   -.8985E+01   -.8985E+01   -.8984E+01   -.8984E+01   -.8984E+01   -.8984E+01   -.8983E+01   -.8983E+01   -.8983E+01   -.8982E+01   -.8982E+01   -.8982E+01   -.8982E+01   -.8982E+01   -.8981E+01   -.8981E+01   -.8981E+01   -.8981E+01   -.8981E+01   -.8981E+01   -.8981E+01   -.8981E+01   -.8982E+01   -.8982E+01   -.8982E+01   -.8982E+01   -.8982E+01   -.8982E+01   -.8983E+01   -.8983E+01   -.8984E+01   -.8984E+01   -.8985E+01   -.8985E+01   -.8987E+01   -.8987E+01   -.8989E+01   -.8989E+01   -.8991E+01   -.8992E+01   -.8994E+01   -.8995E+01   -.8998E+01   -.8999E+01   -.9002E+01   -.9003E+01   -.9008E+01   -.9009E+01   -.9015E+01   -.9016E+01   -.9023E+01   -.9025E+01   -.9033E+01   -.9035E+01   -.9045E+01   -.9048E+01
0.1733E+01   -.9000E+01   -.9000E+01   -.8999E+01   -.8999E+01   -.8999E+01   -.8998E+01   -.8998E+01   -.8998E+01   -.8998E+01   -.8997E+01   -.8997E+01   -.8997E+01   -.8996E+01   -.8996E+01   -.8996E+01   -.8995E+01   -.8995E+01   -.8995E+01   -.8994E+01   -.8994E+01   -.8994E+01   -.8993E+01   -.8993E+01   -.8993E+01   -.8992E+01   -.8992E+01   -.8992E+01   -.8991E+01   -.8991E+01   -.8991E+01   -.8990E+01   -.8990E+01   -.8990E+01   -.8989E+01   -.8989E+01   -.8989E+01   -.8988E+01   -.8988E+01   -.8988E+01   -.8987E+01   -.8987E+01   -.8987E+01   -.8986E+01   -.8986E+01   -.8986E+01   -.8985E+01   -.8985E+01   -.8985E+01   -.8985E+01   -.8984E+01   -.8984E+01   -.8984E+01   -.8984E+01   -.8983E+01   -.8983E+01   -.8983E+01   -.8983E+01   -.8983E+01   -.8983E+01   -.8982E+01   -.8982E+01   -.8982E+01   -.8982E+01   -.8982E+01   -.8982E+01   -.8983E+01   -.8983E+01   -.8983E+01   -.8983E+01   -.8983E+01   -.8984E+01   -.8984E+01   -.8984E+01   -.8985E+01   -.8985E+01   -.8986E+01   -.8987E+01   -.8987E+01   -.8988E+01   -.8989E+01   -.8991E+01   -.8991E+01   -.8993E+01   -.8994E+01   -.8996E+01   -.8998E+01   -.9000E+01   -.9002E+01   -.9005E+01   -.9007E+01   -.9011E+01   -.9013E+01   -.9017E+01   -.9020E+01   -.9026E+01   -.9029E+01   -.9036E+01   -.9040E+01   -.9049E+01   -.9054E+01
0.1950E+01   -.9000E+01   -.9000E+01   -.8999E+01   -.8999E+01   -.8999E+01   -.8999E+01   -.8998E+01   -.8998E+01   -.8998E+01   -.8997E+01   -.8997E+01   -.8997E+01   -.8997E+01   -.8996E+01   -.8996E+01   -.8996E+01   -.8995E+01   -.8995E+01   -.8995E+01   -.8994E+01   -.8994E+01   -.8994E+01   -.8993E+01   -.8993E+01   -.8993E+01   -.8992E+01   -.8992E+01   -.8992E+01   -.8991E+01   -.8991E+01   -.8991E+01   -.8990E+01   -.8990E+01   -.8990E+01   -.8990E+01   -.8989E+01   -.8989E+01   -.8989E+01   -.8988E+01   -.8988E+01   -.8988E+01   -.8987E+01   -.8987E+01   -.8987E+01   -.8986E+01   -.8986E+01   -.8986E+01   -.8986E+01   -.8985E+01   -.8985E+01   -.8985E+01   -.8985E+01   -.8984E+01   -.8984E+01   -.8984E+01   -.8984E+01   -.8984E+01   -.8984E+01   -.8984E+01   -.8984E+01   -.8984E+01   -.8984E+01   -.8984E+01   -.8984E+01   -.8984E+01   -.8984E+01   -.8984E+01   -.8984E+01   -.8985E+01   -.8985E+01   -.8985E+01   -.8986E+01   -.8986E+01   -.8987E+01   -.8987E+01   -.8988E+01   -.8989E+01   -.8989E+01   -.8990E+01   -.8991E+01   -.8993E+01   -.8994E+01   -.8995E+01   -.8997E+01   -.8999E+01   -.9000E+01   -.9003E+01   -.9005E+01   -.9007E+01   -.9010E+01   -.9013E+01   -.9017E+01   -.9020E+01   -.9024E+01   -.9029E+01   -.9034E+01   -.9039E+01   -.9045E+01   -.9052E+01   -.9060E+01
0.2167E+01   -.9000E+01   -.9000E+01   -.8999E+01   -.8999E+01   -.8999E+01   -.8999E+01   -.8998E+01   -.8998E+01   -.8998E+01   -.8997E+01   -.8997E+01   -.8997E+01   -.8997E+01   -.8996E+01   -.8996E+01   -.8996E+01   -.8995E+01   -.8995E+01   -.8995E+01   -.8995E+01   -.8994E+01   -.8994E+01   -.8994E+01   -.8993E+01   -.8993E+01   -.8993E+01   -.8992E+01   -.8992E+01   -.8992E+01   -.8992E+01   -.8991E+01   -.8991E+01   -.8991E+01   -.8990E+01   -.8990E+01   -.8990E+01   -.8989E+01   -.8989E+01   -.8989E+01   -.8988E+01   -.8988E+01   -.8988E+01   -.8988E+01   -.8987E+01   -.8987E+01   -.8987E+01   -.8987E+01   -.8986E+01   -.8986E+01   -.8986E+01   -.8986E+01   -.8986E+01   -.8985E+01   -.8985E+01   -.8985E+01   -.8985E+01   -.8985E+01   -.8985E+01   -.8985E+01   -.8985E+01   -.8985E+01   -.8985E+01   -.8985E+01   -.8985E+01   -.8985E+01   -.8985E+01   -.8986E+01   -.8986E+01   -.8986E+01   -.8987E+01   -.8987E+01   -.8987E+01   -.8988E+01   -.8988E+01   -.8989E+01   -.8990E+01   -.8990E+01   -.8991E+01   -.8992E+01   -.8994E+01   -.8995E+01   -.8996E+01   -.8997E+01   -.8999E+01   -.9001E+01   -.9003E+01   -.9005E+01   -.9008E+01   -.9010E+01   -.9014E+01   -.9016E+01   -.9020E+01   -.9023E+01   -.9028E+01   -.9032E+01   -.9038E+01   -.9043E+01   -.9051E+01   -.9056E+01   -.9065E+01
0.2383E+01   -.9000E+01   -.9000E+01   -.8999E+01   -.8999E+01   -.8999E+01   -.8999E+01   -.8998E+01   -.8998E+01   -.8998E+01   -.8998E+01   -.8997E+01   -.8997E+01   -.8997E+01   -.8996E+01   -.8996E+01   -.8996E+01   -.8996E+01   -.8995E+01   -.8995E+01   -.8995E+01   -.8995E+01   -.8994E+01   -.8994E+01   -.8994E+01   -.8993E+01   -.8993E+01   -.8993E+01   -.8992E+01   -.8992E+01   -.8992E+01   -.8992E+01   -.8991E+01   -.8991E+01   -.8991E+01   -.8990E+01   -.8990E+01   -.8990E+01   -.8990E+01   -.8989E+01   -.8989E+01   -.8989E+01   -.8989E+01   -.8988E+01   -.8988E+01   -.8988E+01   -.8988E+01   -.8987E+01   -.8987E+01   -.8987E+01   -.8987E+01   -.8987E+01   -.8986E+01   -.8986E+01   -.8986E+01   -.8986E+01   -.8986E+01   -.8986E+01   -.8986E+01   -.8986E+01   -.8986E+01   -.8986E+01   -.8986E+01   -.8986E+01   -.8986E+01   -.8987E+01   -.8987E+01   -.8987E+01   -.8987E+01   -.8988E+01   -.8988E+01   -.8988E+01   -.8989E+01   -.8989E+01   -.8990E+01   -.8991E+01   -.8992E+01   -.8992E+01   -.8994E+01   -.8994E+01   -.8996E+01   -.8997E+01   -.8999E+01   -.9000E+01   -.9002E+01   -.9003E+01   -.9006E+01   -.9007E+01   -.9011E+01   -.9013E+01   -.9017E+01   -.9019E+01   -.9024E+01   -.9026E+01   -.9033E+01   -.9035E+01   -.9043E+01   -.9046E+01   -.9056E+01   -.9059E+01   -.9071E+01
0.2600E+01   -.9000E+01   -.9000E+01   -.8999E+01   -.8999E+01   -.8999E+01   -.8999E+01   -.8998E+01   -.8998E+01   -.8998E+01   -.8998E+01   -.8997E+01   -.8997E+01   -.8997E+01   -.8997E+01   -.8996E+01   -.8996E+01   -.8996E+01   -.8996E+01   -.8995E+01   -.8995E+01   -.8995E+01   -.8994E+01   -.8994E+01   -.8994E+01   -.8994E+01   -.8993E+01   -.8993E+01   -.8993E+01   -.8992E+01   -.8992E+01   -.8992E+01   -.8992E+01   -.8991E+01   -.8991E+01   -.8991E+01   -.8991E+01   -.8990E+01   -.8990E+01   -.8990E+01   -.8990E+01   -.8989E+01   -.8989E+01   -.8989E+01   -.8989E+01   -.8988E+01   -.8988E+01   -.8988E+01   -.8988E+01   -.8988E+01   -.8987E+01   -.8987E+01   -.8987E+01   -.8987E+01   -.8987E+01   -.8987E+01   -.8987E+01   -.8987E+01   -.8987E+01   -.8987E+01   -.8987E+01   -.8987E+01   -.8987E+01   -.8987E+01   -.8988E+01   -.8988E+01   -.8988E+01   -.8988E+01   -.8989E+01   -.8989E+01   -.8990E+01   -.8990E+01   -.8991E+01   -.8991E+01   -.8992E+01   -.8992E+01   -.8993E+01   -.8994E+01   -.8995E+01   -.8996E+01   -.8998E+01   -.8999E+01   -.9001E+01   -.9002E+01   -.9004E+01   -.9006E+01   -.9009E+01   -.9010E+01   -.9014E+01   -.9015E+01   -.9020E+01   -.9022E+01   -.9027E+01   -.9030E+01   -.9036E+01   -.9039E+01   -.9047E+01   -.9050E+01   -.9060E+01   -.9064E+01   -.9077E+01
0.2817E+01   -.9000E+01   -.9000E+01   -.8999E+01   -.8999E+01   -.8999E+01   -.8999E+01   -.8999E+01   -.8998E+01   -.8998E+01   -.8998E+01   -.8998E+01   -.8997E+01   -.8997E+01   -.8997E+01   -.8996E+01   -.8996E+01   -.8996E+01   -.8996E+01   -.8995E+01   -.8995E+01   -.8995E+01   -.8995E+01   -.8994E+01   -.8994E+01   -.8994E+01   -.8994E+01   -.8993E+01   -.8993E+01   -.8993E+01   -.8993E+01   -.8992E+01   -.8992E+01   -.8992E+01   -.8991E+01   -.8991E+01   -.8991E+01   -.8991E+01   -.8991E+01   -.8990E+01   -.8990E+01   -.8990E+01   -.8990E+01   -.8989E+01   -.8989E+01   -.8989E+01   -.8989E+01   -.8989E+01   -.8988E+01   -.8988E+01   -.8988E+01   -.8988E+01   -.8988E+01   -.8988E+01   -.8988E+01   -.8988E+01   -.8988E+01   -.8988E+01   -.8988E+01   -.8988E+01   -.8988E+01   -.8988E+01   -.8988E+01   -.8988E+01   -.8989E+01   -.8989E+01   -.8989E+01   -.8990E+01   -.8990E+01   -.8990E+01   -.8991E+01   -.8991E+01   -.8992E+01   -.8993E+01   -.8993E+01   -.8994E+01   -.8995E+01   -.8996E+01   -.8997E+01   -.8998E+01   -.9000E+01   -.9001E+01   -.9003E+01   -.9004E+01   -.9006E+01   -.9008E+01   -.9011E+01   -.9013E+01   -.9016E+01   -.9019E+01   -.9023E+01   -.9025E+01   -.9030E+01   -.9033E+01   -.9039E+01   -.9043E+01   -.9051E+01   -.9055E+01   -.9065E+01   -.9070E+01   -.9082E+01
0.3033E+01   -.9000E+01   -.9000E+01   -.9000E+01   -.8999E+01   -.8999E+01   -.8999E+01   -.8999E+01   -.8998E+01   -.8998E+01   -.8998E+01   -.8998E+01   -.8997E+01   -.8997E+01   -.8997E+01   -.8997E+01   -.8996E+01   -.8996E+01   -.8996E+01   -.8996E+01   -.8995E+01   -.8995E+01   -.8995E+01   -.8995E+01   -.8994E+01   -.8994E+01   -.8994E+01   -.8994E+01   -.8993E+01   -.8993E+01   -.8993E+01   -.8993E+01   -.8992E+01   -.8992E+01   -.8992E+01   -.8992E+01   -.8991E+01   -.8991E+01   -.8991E+01   -.8991E+01   -.8991E+01   -.8990E+01   -.8990E+01   -.8990E+01   -.8990E+01   -.8990E+01   -.8989E+01   -.8989E+01   -.8989E+01   -.8989E+01   -.8989E+01   -.8989E+01   -.8989E+01   -.8989E+01   -.8989E+01   -.8989E+01   -.8989E+01   -.8989E+01   -.8989E+01   -.8989E+01   -.8989E+01   -.8989E+01   -.8989E+01   -.8989E+01   -.8990E+01   -.8990E+01   -.8991E+01   -.8991E+01   -.8991E+01   -.8992E+01   -.8992E+01   -.8993E+01   -.8993E+01   -.8994E+01   -.8995E+01   -.8996E+01   -.8997E+01   -.8998E+01   -.8999E+01   -.9000E+01   -.9002E+01   -.9003E+01   -.9005E+01   -.9007E+01   -.9009E+01   -.9011E+01   -.9013E+01   -.9016E+01   -.9019E+01   -.9022E+01   -.9025E+01   -.9029E+01   -.9033E+01   -.9037E+01   -.9043E+01   -.9048E+01   -.9054E+01   -.9061E+01   -.9069E+01   -.9077E+01   -.9086E+01
0.3250E+01   -.9000E+01   -.9000E+01   -.9000E+01   -.8999E+01   -.8999E+01   -.8999E+01   -.8999E+01   -.8998E+01   -.8998E+01   -.8998E+01   -.8998E+01   -.8997E+01   -.8997E+01   -.8997E+01   -.8997E+01   -.8997E+01   -.8996E+01   -.8996E+01   -.8996E+01   -.8996E+01   -.8995E+01   -.8995E+01   -.8995E+01   -.8995E+01   -.8994E+01   -.8994E+01   -.8994E+01   -.8994E+01   -.8993E+01   -.8993E+01   -.8993E+01   -.8993E+01   -.8992E+01   -.8992E+01   -.8992E+01   -.8992E+01   -.8992E+01   -.8991E+01   -.8991E+01   -.8991E+01   -.8991E+01   -.8991E+01   -.8990E+01   -.8990E+01   -.8990E+01   -.8990E+01   -.8990E+01   -.8990E+01   -.8990E+01   -.8990E+01   -.8990E+01   -.8989E+01   -.8989E+01   -.8989E+01   -.8989E+01   -.8989E+01   -.8990E+01   -.8990E+01   -.8990E+01   -.8990E+01   -.8990E+01   -.8990E+01   -.8991E+01   -.8991E+01   -.8992E+01   -.8992E+01   -.8992E+01   -.8993E+01   -.8993E+01   -.8994E+01   -.8994E+01   -.8995E+01   -.8996E+01   -.8996E+01   -.8997E+01   -.8998E+01   -.9000E+01   -.9001E+01   -.9002E+01   -.9003E+01   -.9005E+01   -.9007E+01   -.9009E+01   -.9011E+01   -.9013E+01   -.9015E+01   -.9018E+01   -.9021E+01   -.9025E+01   -.9028E+01   -.9032E+01   -.9036E+01   -.9041E+01   -.9046E+01   -.9052E+01   -.9058E+01   -.9066E+01   -.9073E+01   -.9083E+01   -.9091E+01
0.3467E+01   -.9000E+01   -.9000E+01   -.9000E+01   -.8999E+01   -.8999E+01   -.8999E+01   -.8999E+01   -.8998E+01   -.8998E+01   -.8998E+01   -.8998E+01   -.8998E+01   -.8997E+01   -.8997E+01   -.8997E+01   -.8997E+01   -.8996E+01   -.8996E+01   -.8996E+01   -.8996E+01   -.8995E+01   -.8995E+01   -.8995E+01   -.8995E+01   -.8995E+01   -.8994E+01   -.8994E+01   -.8994E+01   -.8994E+01   -.8993E+01   -.8993E+01   -.8993E+01   -.8993E+01   -.8993E+01   -.8992E+01   -.8992E+01   -.8992E+01   -.8992E+01   -.8992E+01   -.8991E+01   -.8991E+01   -.8991E+01   -.8991E+01   -.8991E+01   -.8991E+01   -.8991E+01   -.8991E+01   -.8990E+01   -.8990E+01   -.8990E+01   -.8990E+01   -.8990E+01   -.8990E+01   -.8990E+01   -.8990E+01   -.8990E+01   -.8990E+01   -.8991E+01   -.8991E+01   -.8991E+01   -.8991E+01   -.8991E+01   -.8992E+01   -.8992E+01   -.8993E+01   -.8993E+01   -.8994E+01   -.8994E+01   -.8995E+01   -.8995E+01   -.8996E+01   -.8996E+01   -.8997E+01   -.8998E+01   -.8999E+01   -.9000E+01   -.9001E+01   -.9002E+01   -.9004E+01   -.9005E+01   -.9007E+01   -.9009E+01   -.9011E+01   -.9013E+01   -.9016E+01   -.9018E+01   -.9021E+01   -.9024E+01   -.9028E+01   -.9031E+01   -.9036E+01   -.9039E+01   -.9045E+01   -.9049E+01   -.9057E+01   -.9061E+01   -.9071E+01   -.9077E+01   -.9089E+01   -.9096E+01
0.3683E+01   -.9000E+01   -.9000E+01   -.9000E+01   -.8999E+01   -.8999E+01   -.8999E+01   -.8999E+01   -.8999E+01   -.8998E+01   -.8998E+01   -.8998E+01   -.8998E+01   -.8997E+01   -.8997E+01   -.8997E+01   -.8997E+01   -.8997E+01   -.8996E+01   -.8996E+01   -.8996E+01   -.8996E+01   -.8995E+01   -.8995E+01   -.8995E+01   -.8995E+01   -.8995E+01   -.8994E+01   -.8994E+01   -.8994E+01   -.8994E+01   -.8994E+01   -.8993E+01   -.8993E+01   -.8993E+01   -.8993E+01   -.8993E+01   -.8992E+01   -.8992E+01   -.8992E+01   -.8992E+01   -.8992E+01   -.8992E+01   -.8992E+01   -.8991E+01   -.8991E+01   -.8991E+01   -.8991E+01   -.8991E+01   -.8991E+01   -.8991E+01   -.8991E+01   -.8991E+01   -.8991E+01   -.8991E+01   -.8991E+01   -.8991E+01   -.8991E+01   -.8991E+01   -.8992E+01   -.8992E+01   -.8992E+01   -.8992E+01   -.8993E+01   -.8993E+01   -.8994E+01   -.8994E+01   -.8995E+01   -.8995E+01   -.8996E+01   -.8996E+01   -.8997E+01   -.8998E+01   -.8999E+01   -.9000E+01   -.9001E+01   -.9002E+01   -.9003E+01   -.9004E+01   -.9006E+01   -.9007E+01   -.9009E+01   -.9011E+01   -.9013E+01   -.9015E+01   -.9018E+01   -.9020E+01   -.9024E+01   -.9026E+01   -.9031E+01   -.9034E+01   -.9039E+01   -.9043E+01   -.9049E+01   -.9053E+01   -.9061E+01   -.9066E+01   -.9076E+01   -.9083E+01   -.9095E+01   -.9103E+01
0.3900E+01   -.9000E+01   -.9000E+01   -.9000E+01   -.8999E+01   -.8999E+01   -.8999E+01   -.8999E+01   -.8999E+01   -.8998E+01   -.8998E+01   -.8998E+01   -.8998E+01   -.8998E+01   -.8997E+01   -.8997E+01   -.8997E+01   -.8997E+01   -.8996E+01   -.8996E+01   -.8996E+01   -.8996E+01   -.8996E+01   -.8995E+01   -.8995E+01   -.8995E+01   -.8995E+01   -.8995E+01   -.8994E+01   -.8994E+01   -.8994E+01   -.8994E+01   -.8994E+01   -.8993E+01   -.8993E+01   -.8993E+01   -.8993E+01   -.8993E+01   -.8993E+01   -.8992E+01   -.8992E+01   -.8992E+01   -.8992E+01   -.8992E+01   -.8992E+01   -.8992E+01   -.8992E+01   -.8992E+01   -.8992E+01   -.8992E+01   -.8992E+01   -.8992E+01   -.8992E+01   -.8992E+01   -.8992E+01   -.8992E+01   -.8992E+01   -.8992E+01   -.8992E+01   -.8993E+01   -.8993E+01   -.8993E+01   -.8993E+01   -.8994E+01   -.8994E+01   -.8995E+01   -.8996E+01   -.8996E+01   -.8996E+01   -.8997E+01   -.8998E+01   -.8999E+01   -.8999E+01   -.9000E+01   -.9001E+01   -.9002E+01   -.9003E+01   -.9005E+01   -.9006E+01   -.9008E+01   -.9009E+01   -.9011E+01   -.9013E+01   -.9016E+01   -.9018E+01   -.9021E+01   -.9023E+01   -.9027E+01   -.9030E+01   -.9034E+01   -.9037E+01   -.9042E+01   -.9047E+01   -.9053E+01   -.9058E+01   -.9066E+01   -.9072E+01   -.9081E+01   -.9089E+01   -.9101E+01   -.9112E+01
0.4117E+01   -.9000E+01   -.9000E+01   -.9000E+01   -.8999E+01   -.8999E+01   -.8999E+01   -.8999E+01   -.8999E+01   -.8998E+01   -.8998E+01   -.8998E+01   -.8998E+01   -.8998E+01   -.8997E+01   -.8997E+01   -.8997E+01   -.8997E+01   -.8997E+01   -.8996E+01   -.8996E+01   -.8996E+01   -.8996E+01   -.8996E+01   -.8995E+01   -.8995E+01   -.8995E+01   -.8995E+01   -.8995E+01   -.8994E+01   -.8994E+01   -.8994E+01   -.8994E+01   -.8994E+01   -.8994E+01   -.8993E+01   -.8993E+01   -.8993E+01   -.8993E+01   -.8993E+01   -.8993E+01   -.8993E+01   -.8993E+01   -.8992E+01   -.8992E+01   -.8992E+01   -.8992E+01   -.8992E+01   -.8992E+01   -.8992E+01   -.8992E+01   -.8992E+01   -.8992E+01   -.8992E+01   -.8993E+01   -.8993E+01   -.8993E+01   -.8993E+01   -.8993E+01   -.8994E+01   -.8994E+01   -.8994E+01   -.8995E+01   -.8995E+01   -.8995E+01   -.8996E+01   -.8997E+01   -.8997E+01   -.8998E+01   -.8998E+01   -.8999E+01   -.9000E+01   -.9001E+01   -.9002E+01   -.9003E+01   -.9004E+01   -.9005E+01   -.9007E+01   -.9008E+01   -.9010E+01   -.9011E+01   -.9013E+01   -.9015E+01   -.9018E+01   -.9020E+01   -.9023E+01   -.9026E+01   -.9029E+01   -.9033E+01   -.9037E+01   -.9041E+01   -.9046E+01   -.9051E+01   -.9056E+01   -.9063E+01   -.9070E+01   -.9078E+01   -.9086E+01   -.9096E+01   -.9107E+01   -.9120E+01
0.4333E+01   -.9000E+01   -.9000E+01   -.9000E+01   -.8999E+01   -.8999E+01   -.8999E+01   -.8999E+01   -.8999E+01   -.8999E+01   -.8998E+01   -.8998E+01   -.8998E+01   -.8998E+01   -.8998E+01   -.8997E+01   -.8997E+01   -.8997E+01   -.8997E+01   -.8997E+01   -.8996E+01   -.8996E+01   -.8996E+01   -.8996E+01   -.8996E+01   -.8995E+01   -.8995E+01   -.8995E+01   -.8995E+01   -.8995E+01   -.8995E+01   -.8994E+01   -.8994E+01   -.8994E+01   -.8994E+01   -.8994E+01   -.8994E+01   -.8994E+01   -.8993E+01   -.8993E+01   -.8993E+01   -.8993E+01   -.8993E+01   -.8993E+01   -.8993E+01   -.8993E+01   -.8993E+01   -.8993E+01   -.8993E+01   -.8993E+01   -.8993E+01   -.8993E+01   -.8993E+01   -.8993E+01   -.8993E+01   -.8993E+01   -.8994E+01   -.8994E+01   -.8994E+01   -.8994E+01   -.8995E+01   -.8995E+01   -.8996E+01   -.8996E+01   -.8997E+01   -.8998E+01   -.8998E+01   -.8998E+01   -.8999E+01   -.9000E+01   -.9001E+01   -.9001E+01   -.9002E+01   -.9003E+01   -.9004E+01   -.9006E+01   -.9007E+01   -.9008E+01   -.9010E+01   -.9012E+01   -.9014E+01   -.9015E+01   -.9018E+01   -.9020E+01   -.9023E+01   -.9025E+01   -.9029E+01   -.9032E+01   -.9036E+01   -.9039E+01   -.9044E+01   -.9049E+01   -.9055E+01   -.9060E+01   -.9068E+01   -.9074E+01   -.9083E+01   -.9091E+01   -.9103E+01   -.9113E+01   -.9129E+01
0.4550E+01   -.9000E+01   -.9000E+01   -.9000E+01   -.8999E+01   -.8999E+01   -.8999E+01   -.8999E+01   -.8999E+01   -.8999E+01   -.8998E+01   -.8998E+01   -.8998E+01   -.8998E+01   -.8998E+01   -.8997E+01   -.8997E+01   -.8997E+01   -.8997E+01   -.8997E+01   -.8997E+01   -.8996E+01   -.8996E+01   -.8996E+01   -.8996E+01   -.8996E+01   -.8995E+01   -.8995E+01   -.8995E+01   -.8995E+01   -.8995E+01   -.8995E+01   -.8995E+01   -.8994E+01   -.8994E+01   -.8994E+01   -.8994E+01   -.8994E+01   -.8994E+01   -.8994E+01   -.8994E+01   -.8994E+01   -.8994E+01   -.8993E+01   -.8993E+01   -.8993E+01   -.8993E+01   -.8993E+01   -.8993E+01   -.8994E+01   -.8994E+01   -.8994E+01   -.8994E+01   -.8994E+01   -.8994E+01   -.8994E+01   -.8994E+01   -.8995E+01   -.8995E+01   -.8995E+01   -.8996E+01   -.8996E+01   -.8997E+01   -.8997E+01   -.8998E+01   -.8999E+01   -.8999E+01   -.9000E+01   -.9000E+01   -.9001E+01   -.9002E+01   -.9003E+01   -.9004E+01   -.9005E+01   -.9006E+01   -.9007E+01   -.9009E+01   -.9010E+01   -.9012E+01   -.9013E+01   -.9016E+01   -.9017E+01   -.9020E+01   -.9022E+01   -.9025E+01   -.9028E+01   -.9031E+01   -.9034E+01   -.9039E+01   -.9043E+01   -.9048E+01   -.9052E+01   -.9059E+01   -.9064E+01   -.9072E+01   -.9079E+01   -.9089E+01   -.9097E+01   -.9110E+01   -.9121E+01   -.9137E+01
0.4767E+01   -.9000E+01   -.9000E+01   -.9000E+01   -.9000E+01   -.8999E+01   -.8999E+01   -.8999E+01   -.8999E+01   -.8999E+01   -.8998E+01   -.8998E+01   -.8998E+01   -.8998E+01   -.8998E+01   -.8998E+01   -.8997E+01   -.8997E+01   -.8997E+01   -.8997E+01   -.8997E+01   -.8997E+01   -.8996E+01   -.8996E+01   -.8996E+01   -.8996E+01   -.8996E+01   -.8996E+01   -.8995E+01   -.8995E+01   -.8995E+01   -.8995E+01   -.8995E+01   -.8995E+01   -.8995E+01   -.8994E+01   -.8994E+01   -.8994E+01   -.8994E+01   -.8994E+01   -.8994E+01   -.8994E+01   -.8994E+01   -.8994E+01   -.8994E+01   -.8994E+01   -.8994E+01   -.8994E+01   -.8994E+01   -.8994E+01   -.8994E+01   -.8994E+01   -.8994E+01   -.8995E+01   -.8995E+01   -.8995E+01   -.8995E+01   -.8996E+01   -.8996E+01   -.8996E+01   -.8997E+01   -.8997E+01   -.8998E+01   -.8998E+01   -.8999E+01   -.9000E+01   -.9000E+01   -.9001E+01   -.9002E+01   -.9002E+01   -.9003E+01   -.9004E+01   -.9005E+01   -.9006E+01   -.9008E+01   -.9009E+01   -.9010E+01   -.9012E+01   -.9014E+01   -.9015E+01   -.9018E+01   -.9020E+01   -.9022E+01   -.9025E+01   -.9028E+01   -.9031E+01   -.9034E+01   -.9038E+01   -.9042E+01   -.9046E+01   -.9052E+01   -.9057E+01   -.9063E+01   -.9069E+01   -.9077E+01   -.9085E+01   -.9095E+01   -.9105E+01   -.9118E+01   -.9130E+01   -.9148E+01
0.4983E+01   -.9000E+01   -.9000E+01   -.9000E+01   -.9000E+01   -.8999E+01   -.8999E+01   -.8999E+01   -.8999E+01   -.8999E+01   -.8999E+01   -.8998E+01   -.8998E+01   -.8998E+01   -.8998E+01   -.8998E+01   -.8997E+01   -.8997E+01   -.8997E+01   -.8997E+01   -.8997E+01   -.8997E+01   -.8997E+01   -.8996E+01   -.8996E+01   -.8996E+01   -.8996E+01   -.8996E+01   -.8996E+01   -.8996E+01   -.8995E+01   -.8995E+01   -.8995E+01   -.8995E+01   -.8995E+01   -.8995E+01   -.8995E+01   -.8995E+01   -.8995E+01   -.8995E+01   -.8994E+01   -.8994E+01   -.8994E+01   -.8994E+01   -.8994E+01   -.8994E+01   -.8994E+01   -.8995E+01   -.8995E+01   -.8995E+01   -.8995E+01   -.8995E+01   -.8995E+01   -.8995E+01   -.8996E+01   -.8996E+01   -.8996E+01   -.8996E+01   -.8997E+01   -.8997E+01   -.8998E+01   -.8998E+01   -.8999E+01   -.8999E+01   -.9000E+01   -.9001E+01   -.9002E+01   -.9002E+01   -.9003E+01   -.9004E+01   -.9005E+01   -.9006E+01   -.9007E+01   -.9008E+01   -.9009E+01   -.9011E+01   -.9012E+01   -.9014E+01   -.9016E+01   -.9017E+01   -.9020E+01   -.9022E+01   -.9024E+01   -.9027E+01   -.9030E+01   -.9033E+01   -.9037E+01   -.9041E+01   -.9045E+01   -.9050E+01   -.9055E+01   -.9061E+01   -.9067E+01   -.9074E+01   -.9083E+01   -.9091E+01   -.9102E+01   -.9113E+01   -.9126E+01   -.9140E+01   -.9158E+01
0.5200E+01   -.9000E+01   -.9000E+01   -.9000E+01   -.9000E+01   -.8999E+01   -.8999E+01   -.8999E+01   -.8999E+01   -.8999E+01   -.8999E+01   -.8998E+01   -.8998E+01   -.8998E+01   -.8998E+01   -.8998E+01   -.8998E+01   -.8997E+01   -.8997E+01   -.8997E+01   -.8997E+01   -.8997E+01   -.8997E+01   -.8997E+01   -.8996E+01   -.8996E+01   -.8996E+01   -.8996E+01   -.8996E+01   -.8996E+01   -.8996E+01   -.8996E+01   -.8995E+01   -.8995E+01   -.8995E+01   -.8995E+01   -.8995E+01   -.8995E+01   -.8995E+01   -.8995E+01   -.8995E+01   -.8995E+01   -.8995E+01   -.8995E+01   -.8995E+01   -.8995E+01   -.8995E+01   -.8995E+01   -.8995E+01   -.8995E+01   -.8995E+01   -.8996E+01   -.8996E+01   -.8996E+01   -.8996E+01   -.8997E+01   -.8997E+01   -.8997E+01   -.8998E+01   -.8998E+01   -.8999E+01   -.8999E+01   -.9000E+01   -.9000E+01   -.9001E+01   -.9002E+01   -.9003E+01   -.9003E+01   -.9004E+01   -.9005E+01   -.9006E+01   -.9007E+01   -.9008E+01   -.9009E+01   -.9011E+01   -.9012E+01   -.9014E+01   -.9016E+01   -.9017E+01   -.9020E+01   -.9022E+01   -.9024E+01   -.9027E+01   -.9030E+01   -.9033E+01   -.9036E+01   -.9040E+01   -.9044E+01   -.9048E+01   -.9054E+01   -.9059E+01   -.9065E+01   -.9072E+01   -.9080E+01   -.9088E+01   -.9097E+01   -.9108E+01   -.9120E+01   -.9134E+01   -.9150E+01   -.9168E+01
0.5417E+01   -.9000E+01   -.9000E+01   -.9000E+01   -.9000E+01   -.8999E+01   -.8999E+01   -.8999E+01   -.8999E+01   -.8999E+01   -.8999E+01   -.8999E+01   -.8998E+01   -.8998E+01   -.8998E+01   -.8998E+01   -.8998E+01   -.8998E+01   -.8997E+01   -.8997E+01   -.8997E+01   -.8997E+01   -.8997E+01   -.8997E+01   -.8997E+01   -.8996E+01   -.8996E+01   -.8996E+01   -.8996E+01   -.8996E+01   -.8996E+01   -.8996E+01   -.8996E+01   -.8996E+01   -.8996E+01   -.8995E+01   -.8995E+01   -.8995E+01   -.8995E+01   -.8995E+01   -.8995E+01   -.8995E+01   -.8995E+01   -.8995E+01   -.8995E+01   -.8995E+01   -.8996E+01   -.8996E+01   -.8996E+01   -.8996E+01   -.8996E+01   -.8996E+01   -.8996E+01   -.8997E+01   -.8997E+01   -.8997E+01   -.8998E+01   -.8998E+01   -.8998E+01   -.8999E+01   -.8999E+01   -.9000E+01   -.9001E+01   -.9001E+01   -.9002E+01   -.9004E+01   -.9004E+01   -.9004E+01   -.9005E+01   -.9006E+01   -.9007E+01   -.9008E+01   -.9010E+01   -.9011E+01   -.9012E+01   -.9014E+01   -.9016E+01   -.9017E+01   -.9019E+01   -.9022E+01   -.9024E+01   -.9027E+01   -.9029E+01   -.9032E+01   -.9035E+01   -.9039E+01   -.9043E+01   -.9047E+01   -.9052E+01   -.9058E+01   -.9063E+01   -.9070E+01   -.9077E+01   -.9085E+01   -.9093E+01   -.9104E+01   -.9115E+01   -.9129E+01   -.9143E+01   -.9161E+01   -.9180E+01
0.5633E+01   -.9000E+01   -.9000E+01   -.9000E+01   -.9000E+01   -.8999E+01   -.8999E+01   -.8999E+01   -.8999E+01   -.8999E+01   -.8999E+01   -.8999E+01   -.8998E+01   -.8998E+01   -.8998E+01   -.8998E+01   -.8998E+01   -.8998E+01   -.8998E+01   -.8997E+01   -.8997E+01   -.8997E+01   -.8997E+01   -.8997E+01   -.8997E+01   -.8997E+01   -.8997E+01   -.8996E+01   -.8996E+01   -.8996E+01   -.8996E+01   -.8996E+01   -.8996E+01   -.8996E+01   -.8996E+01   -.8996E+01   -.8996E+01   -.8996E+01   -.8996E+01   -.8996E+01   -.8996E+01   -.8996E+01   -.8996E+01   -.8996E+01   -.8996E+01   -.8996E+01   -.8996E+01   -.8996E+01   -.8996E+01   -.8997E+01   -.8997E+01   -.8997E+01   -.8997E+01   -.8997E+01   -.8998E+01   -.8998E+01   -.8998E+01   -.8999E+01   -.8999E+01   -.9000E+01   -.9000E+01   -.9001E+01   -.9002E+01   -.9002E+01   -.9003E+01   -.9005E+01   -.9005E+01   -.9006E+01   -.9007E+01   -.9008E+01   -.9009E+01   -.9010E+01   -.9011E+01   -.9013E+01   -.9014E+01   -.9016E+01   -.9017E+01   -.9019E+01   -.9021E+01   -.9024E+01   -.9026E+01   -.9029E+01   -.9032E+01   -.9035E+01   -.9038E+01   -.9042E+01   -.9046E+01   -.9051E+01   -.9056E+01   -.9062E+01   -.9068E+01   -.9075E+01   -.9082E+01   -.9091E+01   -.9100E+01   -.9112E+01   -.9124E+01   -.9139E+01   -.9154E+01   -.9174E+01   -.9196E+01
0.5850E+01   -.9000E+01   -.9000E+01   -.9000E+01   -.9000E+01   -.9000E+01   -.8999E+01   -.8999E+01   -.8999E+01   -.8999E+01   -.8999E+01   -.8999E+01   -.8998E+01   -.8998E+01   -.8998E+01   -.8998E+01   -.8998E+01   -.8998E+01   -.8998E+01   -.8998E+01   -.8997E+01   -.8997E+01   -.8997E+01   -.8997E+01   -.8997E+01   -.8997E+01   -.8997E+01   -.8997E+01   -.8997E+01   -.8996E+01   -.8996E+01   -.8996E+01   -.8996E+01   -.8996E+01   -.8996E+01   -.8996E+01   -.8996E+01   -.8996E+01   -.8996E+01   -.8996E+01   -.8996E+01   -.8996E+01   -.8996E+01   -.8996E+01   -.8996E+01   -.8996E+01   -.8997E+01   -.8997E+01   -.8997E+01   -.8997E+01   -.8997E+01   -.8998E+01   -.8998E+01   -.8998E+01   -.8998E+01   -.8999E+01   -.8999E+01   -.9000E+01   -.9000E+01   -.9001E+01   -.9001E+01   -.9002E+01   -.9003E+01   -.9003E+01   -.9004E+01   -.9006E+01   -.9006E+01   -.9007E+01   -.9008E+01   -.9009E+01   -.9010E+01   -.9011E+01   -.9013E+01   -.9014E+01   -.9016E+01   -.9017E+01   -.9019E+01   -.9021E+01   -.9023E+01   -.9026E+01   -.9028E+01   -.9031E+01   -.9034E+01   -.9038E+01   -.9041E+01   -.9045E+01   -.9050E+01   -.9055E+01   -.9060E+01   -.9066E+01   -.9072E+01   -.9080E+01   -.9088E+01   -.9097E+01   -.9107E+01   -.9119E+01   -.9132E+01   -.9148E+01   -.9166E+01   -.9187E+01   -.9211E+01
0.6067E+01   -.9000E+01   -.9000E+01   -.9000E+01   -.9000E+01   -.9000E+01   -.8999E+01   -.8999E+01   -.8999E+01   -.8999E+01   -.8999E+01   -.8999E+01   -.8999E+01   -.8998E+01   -.8998E+01   -.8998E+01   -.8998E+01   -.8998E+01   -.8998E+01   -.8998E+01   -.8998E+01   -.8997E+01   -.8997E+01   -.8997E+01   -.8997E+01   -.8997E+01   -.8997E+01   -.8997E+01   -.8997E+01   -.8997E+01   -.8997E+01   -.8997E+01   -.8997E+01   -.8996E+01   -.8996E+01   -.8996E+01   -.8996E+01   -.8996E+01   -.8996E+01   -.8996E+01   -.8996E+01   -.8997E+01   -.8997E+01   -.8997E+01   -.8997E+01   -.8997E+01   -.8997E+01   -.8997E+01   -.8997E+01   -.8998E+01   -.8998E+01   -.8998E+01   -.8998E+01   -.8999E+01   -.8999E+01   -.9000E+01   -.9000E+01   -.9001E+01   -.9001E+01   -.9002E+01   -.9002E+01   -.9003E+01   -.9004E+01   -.9004E+01   -.9005E+01   -.9007E+01   -.9008E+01   -.9008E+01   -.9009E+01   -.9010E+01   -.9011E+01   -.9013E+01   -.9014E+01   -.9016E+01   -.9017E+01   -.9019E+01   -.9021E+01   -.9023E+01   -.9025E+01   -.9028E+01   -.9031E+01   -.9034E+01   -.9037E+01   -.9040E+01   -.9044E+01   -.9048E+01   -.9053E+01   -.9058E+01   -.9064E+01   -.9070E+01   -.9077E+01   -.9085E+01   -.9093E+01   -.9103E+01   -.9114E+01   -.9127E+01   -.9141E+01   -.9158E+01   -.9177E+01   -.9200E+01   -.9226E+01
0.6283E+01   -.9000E+01   -.9000E+01   -.9000E+01   -.9000E+01   -.9000E+01   -.8999E+01   -.8999E+01   -.8999E+01   -.8999E+01   -.8999E+01   -.8999E+01   -.8999E+01   -.8999E+01   -.8998E+01   -.8998E+01   -.8998E+01   -.8998E+01   -.8998E+01   -.8998E+01   -.8998E+01   -.8998E+01   -.8997E+01   -.8997E+01   -.8997E+01   -.8997E+01   -.8997E+01   -.8997E+01   -.8997E+01   -.8997E+01   -.8997E+01   -.8997E+01   -.8997E+01   -.8997E+01   -.8997E+01   -.8997E+01   -.8997E+01   -.8997E+01   -.8997E+01   -.8997E+01   -.8997E+01   -.8997E+01   -.8997E+01   -.8997E+01   -.8997E+01   -.8997E+01   -.8998E+01   -.8998E+01   -.8998E+01   -.8998E+01   -.8999E+01   -.8999E+01   -.8999E+01   -.8999E+01   -.9000E+01   -.9000E+01   -.9001E+01   -.9001E+01   -.9002E+01   -.9003E+01   -.9003E+01   -.9004E+01   -.9005E+01   -.9006E+01   -.9006E+01   -.9008E+01   -.9009E+01   -.9009E+01   -.9010E+01   -.9012E+01   -.9013E+01   -.9014E+01   -.9016E+01   -.9017E+01   -.9019E+01   -.9021E+01   -.9023E+01   -.9025E+01   -.9028E+01   -.9030E+01   -.9033E+01   -.9036E+01   -.9040E+01   -.9043E+01   -.9047E+01   -.9052E+01   -.9057E+01   -.9062E+01   -.9068E+01   -.9075E+01   -.9082E+01   -.9091E+01   -.9100E+01   -.9111E+01   -.9123E+01   -.9137E+01   -.9153E+01   -.9171E+01   -.9193E+01   -.9217E+01   -.9248E+01
0.6500E+01   -.9000E+01   -.9000E+01   -.9000E+01   -.9000E+01   -.9000E+01   -.8999E+01   -.8999E+01   -.8999E+01   -.8999E+01   -.8999E+01   -.8999E+01   -.8999E+01   -.8999E+01   -.8998E+01   -.8998E+01   -.8998E+01   -.8998E+01   -.8998E+01   -.8998E+01   -.8998E+01   -.8998E+01   -.8998E+01   -.8998E+01   -.8997E+01   -.8997E+01   -.8997E+01   -.8997E+01   -.8997E+01   -.8997E+01   -.8997E+01   -.8997E+01   -.8997E+01   -.8997E+01   -.8997E+01   -.8997E+01   -.8997E+01   -.8997E+01   -.8997E+01   -.8997E+01   -.8997E+01   -.8997E+01   -.8997E+01   -.8998E+01   -.8998E+01   -.8998E+01   -.8998E+01   -.8998E+01   -.8999E+01   -.8999E+01   -.8999E+01   -.8999E+01   -.9000E+01   -.9000E+01   -.9001E+01   -.9001E+01   -.9002E+01   -.9002E+01   -.9003E+01   -.9003E+01   -.9004E+01   -.9005E+01   -.9006E+01   -.9007E+01   -.9008E+01   -.9010E+01   -.9010E+01   -.9011E+01   -.9012E+01   -.9013E+01   -.9014E+01   -.9016E+01   -.9017E+01   -.9019E+01   -.9021E+01   -.9023E+01   -.9025E+01   -.9027E+01   -.9030E+01   -.9033E+01   -.9036E+01   -.9039E+01   -.9043E+01   -.9046E+01   -.9051E+01   -.9055E+01   -.9061E+01   -.9066E+01   -.9073E+01   -.9080E+01   -.9088E+01   -.9097E+01   -.9107E+01   -.9118E+01   -.9132E+01   -.9146E+01   -.9164E+01   -.9184E+01   -.9208E+01   -.9235E+01   -.9269E+01
0.6717E+01   -.9000E+01   -.9000E+01   -.9000E+01   -.9000E+01   -.9000E+01   -.9000E+01   -.8999E+01   -.8999E+01   -.8999E+01   -.8999E+01   -.8999E+01   -.8999E+01   -.8999E+01   -.8999E+01   -.8998E+01   -.8998E+01   -.8998E+01   -.8998E+01   -.8998E+01   -.8998E+01   -.8998E+01   -.8998E+01   -.8998E+01   -.8998E+01   -.8998E+01   -.8997E+01   -.8997E+01   -.8997E+01   -.8997E+01   -.8997E+01   -.8997E+01   -.8997E+01   -.8997E+01   -.8997E+01   -.8997E+01   -.8997E+01   -.8997E+01   -.8997E+01   -.8998E+01   -.8998E+01   -.8998E+01   -.8998E+01   -.8998E+01   -.8998E+01   -.8998E+01   -.8999E+01   -.8999E+01   -.8999E+01   -.8999E+01   -.9000E+01   -.9000E+01   -.9000E+01   -.9001E+01   -.9001E+01   -.9002E+01   -.9002E+01   -.9003E+01   -.9004E+01   -.9004E+01   -.9005E+01   -.9006E+01   -.9007E+01   -.9008E+01   -.9009E+01   -.9011E+01   -.9011E+01   -.9012E+01   -.9013E+01   -.9014E+01   -.9016E+01   -.9017E+01   -.9019E+01   -.9021E+01   -.9023E+01   -.9025E+01   -.9027E+01   -.9029E+01   -.9032E+01   -.9035E+01   -.9038E+01   -.9041E+01   -.9045E+01   -.9049E+01   -.9054E+01   -.9059E+01   -.9065E+01   -.9070E+01   -.9078E+01   -.9084E+01   -.9094E+01   -.9102E+01   -.9114E+01   -.9126E+01   -.9141E+01   -.9156E+01   -.9176E+01   -.9197E+01   -.9224E+01   -.9253E+01   -.9290E+01
0.6933E+01   -.9000E+01   -.9000E+01   -.9000E+01   -.9000E+01   -.9000E+01   -.9000E+01   -.8999E+01   -.8999E+01   -.8999E+01   -.8999E+01   -.8999E+01   -.8999E+01   -.8999E+01   -.8999E+01   -.8999E+01   -.8998E+01   -.8998E+01   -.8998E+01   -.8998E+01   -.8998E+01   -.8998E+01   -.8998E+01   -.8998E+01   -.8998E+01   -.8998E+01   -.8998E+01   -.8998E+01   -.8998E+01   -.8998E+01   -.8998E+01   -.8998E+01   -.8998E+01   -.8998E+01   -.8998E+01   -.8998E+01   -.8998E+01   -.8998E+01   -.8998E+01   -.8998E+01   -.8998E+01   -.8998E+01   -.8998E+01   -.8998E+01   -.8999E+01   -.8999E+01   -.8999E+01   -.8999E+01   -.9000E+01   -.9000E+01   -.9000E+01   -.9001E+01   -.9001E+01   -.9002E+01   -.9002E+01   -.9003E+01   -.9003E+01   -.9004E+01   -.9005E+01   -.9005E+01   -.9006E+01   -.9007E+01   -.9008E+01   -.9009E+01   -.9010E+01   -.9012E+01   -.9013E+01   -.9013E+01   -.9015E+01   -.9016E+01   -.9017E+01   -.9019E+01   -.9021E+01   -.9023E+01   -.9025E+01   -.9027E+01   -.9029E+01   -.9032E+01   -.9035E+01   -.9038E+01   -.9041E+01   -.9045E+01   -.9048E+01   -.9053E+01   -.9058E+01   -.9063E+01   -.9069E+01   -.9075E+01   -.9083E+01   -.9091E+01   -.9100E+01   -.9110E+01   -.9122E+01   -.9136E+01   -.9151E+01   -.9169E+01   -.9190E+01   -.9215E+01   -.9243E+01   -.9277E+01   -.9317E+01
0.7150E+01   -.9000E+01   -.9000E+01   -.9000E+01   -.9000E+01   -.9000E+01   -.9000E+01   -.8999E+01   -.8999E+01   -.8999E+01   -.8999E+01   -.8999E+01   -.8999E+01   -.8999E+01   -.8999E+01   -.8999E+01   -.8999E+01   -.8998E+01   -.8998E+01   -.8998E+01   -.8998E+01   -.8998E+01   -.8998E+01   -.8998E+01   -.8998E+01   -.8998E+01   -.8998E+01   -.8998E+01   -.8998E+01   -.8998E+01   -.8998E+01   -.8998E+01   -.8998E+01   -.8998E+01   -.8998E+01   -.8998E+01   -.8998E+01   -.8998E+01   -.8998E+01   -.8998E+01   -.8998E+01   -.8999E+01   -.8999E+01   -.8999E+01   -.8999E+01   -.8999E+01   -.9000E+01   -.9000E+01   -.9000E+01   -.9001E+01   -.9001E+01   -.9001E+01   -.9002E+01   -.9002E+01   -.9003E+01   -.9003E+01   -.9004E+01   -.9005E+01   -.9005E+01   -.9006E+01   -.9007E+01   -.9008E+01   -.9009E+01   -.9010E+01   -.9011E+01   -.9014E+01   -.9014E+01   -.9015E+01   -.9016E+01   -.9017E+01   -.9019E+01   -.9021E+01   -.9022E+01   -.9024E+01   -.9026E+01   -.9029E+01   -.9031E+01   -.9034E+01   -.9037E+01   -.9040E+01   -.9043E+01   -.9048E+01   -.9051E+01   -.9056E+01   -.9061E+01   -.9067E+01   -.9073E+01   -.9081E+01   -.9088E+01   -.9097E+01   -.9106E+01   -.9118E+01   -.9130E+01   -.9146E+01   -.9162E+01   -.9183E+01   -.9204E+01   -.9233E+01   -.9263E+01   -.9302E+01   -.9344E+01
0.7367E+01   -.9000E+01   -.9000E+01   -.9000E+01   -.9000E+01   -.9000E+01   -.9000E+01   -.9000E+01   -.8999E+01   -.8999E+01   -.8999E+01   -.8999E+01   -.8999E+01   -.8999E+01   -.8999E+01   -.8999E+01   -.8999E+01   -.8999E+01   -.8998E+01   -.8998E+01   -.8998E+01   -.8998E+01   -.8998E+01   -.8998E+01   -.8998E+01   -.8998E+01   -.8998E+01   -.8998E+01   -.8998E+01   -.8998E+01   -.8998E+01   -.8998E+01   -.8998E+01   -.8998E+01   -.8998E+01   -.8998E+01   -.8998E+01   -.8998E+01   -.8999E+01   -.8999E+01   -.8999E+01   -.8999E+01   -.8999E+01   -.8999E+01   -.9000E+01   -.9000E+01   -.9000E+01   -.9000E+01   -.9001E+01   -.9001E+01   -.9002E+01   -.9002E+01   -.9003E+01   -.9003E+01   -.9004E+01   -.9004E+01   -.9005E+01   -.9006E+01   -.9006E+01   -.9007E+01   -.9008E+01   -.9009E+01   -.9010E+01   -.9011E+01   -.9012E+01   -.9015E+01   -.9015E+01   -.9016E+01   -.9017E+01   -.9019E+01   -.9020E+01   -.9022E+01   -.9024E+01   -.9026E+01   -.9028E+01   -.9031E+01   -.9033E+01   -.9036E+01   -.9039E+01   -.9043E+01   -.9046E+01   -.9051E+01   -.9055E+01   -.9060E+01   -.9065E+01   -.9072E+01   -.9077E+01   -.9086E+01   -.9093E+01   -.9104E+01   -.9113E+01   -.9126E+01   -.9139E+01   -.9156E+01   -.9173E+01   -.9197E+01   -.9220E+01   -.9252E+01   -.9285E+01   -.9328E+01   -.9373E+01
0.7583E+01   -.9000E+01   -.9000E+01   -.9000E+01   -.9000E+01   -.9000E+01   -.9000E+01   -.9000E+01   -.8999E+01   -.8999E+01   -.8999E+01   -.8999E+01   -.8999E+01   -.8999E+01   -.8999E+01   -.8999E+01   -.8999E+01   -.8999E+01   -.8999E+01   -.8999E+01   -.8998E+01   -.8998E+01   -.8998E+01   -.8998E+01   -.8998E+01   -.8998E+01   -.8998E+01   -.8998E+01   -.8998E+01   -.8998E+01   -.8998E+01   -.8998E+01   -.8998E+01   -.8998E+01   -.8998E+01   -.8999E+01   -.8999E+01   -.8999E+01   -.8999E+01   -.8999E+01   -.8999E+01   -.8999E+01   -.9000E+01   -.9000E+01   -.9000E+01   -.9000E+01   -.9001E+01   -.9001E+01   -.9001E+01   -.9002E+01   -.9002E+01   -.9003E+01   -.9003E+01   -.9004E+01   -.9004E+01   -.9005E+01   -.9006E+01   -.9006E+01   -.9007E+01   -.9008E+01   -.9009E+01   -.9010E+01   -.9011E+01   -.9012E+01   -.9014E+01   -.9016E+01   -.9017E+01   -.9017E+01   -.9019E+01   -.9020E+01   -.9022E+01   -.9024E+01   -.9026E+01   -.9028E+01   -.9031E+01   -.9033E+01   -.9036E+01   -.9039E+01   -.9042E+01   -.9046E+01   -.9050E+01   -.9054E+01   -.9059E+01   -.9064E+01   -.9070E+01   -.9076E+01   -.9083E+01   -.9091E+01   -.9100E+01   -.9110E+01   -.9122E+01   -.9135E+01   -.9151E+01   -.9168E+01   -.9189E+01   -.9212E+01   -.9241E+01   -.9273E+01   -.9313E+01   -.9357E+01   -.9408E+01
0.7800E+01   -.9000E+01   -.9000E+01   -.9000E+01   -.9000E+01   -.9000E+01   -.9000E+01   -.9000E+01   -.9000E+01   -.8999E+01   -.8999E+01   -.8999E+01   -.8999E+01   -.8999E+01   -.8999E+01   -.8999E+01   -.8999E+01   -.8999E+01   -.8999E+01   -.8999E+01   -.8999E+01   -.8999E+01   -.8999E+01   -.8998E+01   -.8998E+01   -.8998E+01   -.8998E+01   -.8998E+01   -.8998E+01   -.8998E+01   -.8998E+01   -.8999E+01   -.8999E+01   -.8999E+01   -.8999E+01   -.8999E+01   -.8999E+01   -.8999E+01   -.8999E+01   -.8999E+01   -.9000E+01   -.9000E+01   -.9000E+01   -.9000E+01   -.9001E+01   -.9001E+01   -.9001E+01   -.9002E+01   -.9002E+01   -.9002E+01   -.9003E+01   -.9003E+01   -.9004E+01   -.9004E+01   -.9005E+01   -.9006E+01   -.9007E+01   -.9007E+01   -.9008E+01   -.9009E+01   -.9010E+01   -.9011E+01   -.9012E+01   -.9013E+01   -.9015E+01   -.9018E+01   -.9018E+01   -.9019E+01   -.9020E+01   -.9022E+01   -.9024E+01   -.9026E+01   -.9028E+01   -.9030E+01   -.9033E+01   -.9035E+01   -.9038E+01   -.9041E+01   -.9045E+01   -.9048E+01   -.9053E+01   -.9057E+01   -.9063E+01   -.9067E+01   -.9074E+01   -.9080E+01   -.9089E+01   -.9096E+01   -.9107E+01   -.9117E+01   -.9131E+01   -.9143E+01   -.9162E+01   -.9179E+01   -.9204E+01   -.9228E+01   -.9262E+01   -.9295E+01   -.9341E+01   -.9386E+01   -.9444E+01
0.8017E+01   -.9000E+01   -.9000E+01   -.9000E+01   -.9000E+01   -.9000E+01   -.9000E+01   -.9000E+01   -.9000E+01   -.8999E+01   -.8999E+01   -.8999E+01   -.8999E+01   -.8999E+01   -.8999E+01   -.8999E+01   -.8999E+01   -.8999E+01   -.8999E+01   -.8999E+01   -.8999E+01   -.8999E+01   -.8999E+01   -.8999E+01   -.8999E+01   -.8999E+01   -.8999E+01   -.8999E+01   -.8999E+01   -.8999E+01   -.8999E+01   -.8999E+01   -.8999E+01   -.8999E+01   -.8999E+01   -.8999E+01   -.8999E+01   -.8999E+01   -.9000E+01   -.9000E+01   -.9000E+01   -.9000E+01   -.9000E+01   -.9001E+01   -.9001E+01   -.9001E+01   -.9002E+01   -.9002E+01   -.9003E+01   -.9003E+01   -.9003E+01   -.9004E+01   -.9005E+01   -.9005E+01   -.9006E+01   -.9007E+01   -.9007E+01   -.9008E+01   -.9009E+01   -.9010E+01   -.9011E+01   -.9012E+01   -.9013E+01   -.9015E+01   -.9016E+01   -.9019E+01   -.9020E+01   -.9020E+01   -.9022E+01   -.9024E+01   -.9026E+01   -.9028E+01   -.9030E+01   -.9032E+01   -.9035E+01   -.9038E+01   -.9041E+01   -.9044E+01   -.9048E+01   -.9052E+01   -.9056E+01   -.9061E+01   -.9066E+01   -.9072E+01   -.9079E+01   -.9086E+01   -.9094E+01   -.9103E+01   -.9114E+01   -.9126E+01   -.9140E+01   -.9155E+01   -.9174E+01   -.9195E+01   -.9220E+01   -.9249E+01   -.9284E+01   -.9324E+01   -.9371E+01   -.9421E+01   -.9474E+01
0.8233E+01   -.9000E+01   -.9000E+01   -.9000E+01   -.9000E+01   -.9000E+01   -.9000E+01   -.9000E+01   -.9000E+01   -.9000E+01   -.8999E+01   -.8999E+01   -.8999E+01   -.8999E+01   -.8999E+01   -.8999E+01   -.8999E+01   -.8999E+01   -.8999E+01   -.8999E+01   -.8999E+01   -.8999E+01   -.8999E+01   -.8999E+01   -.8999E+01   -.8999E+01   -.8999E+01   -.8999E+01   -.8999E+01   -.8999E+01   -.8999E+01   -.8999E+01   -.8999E+01   -.8999E+01   -.8999E+01   -.8999E+01   -.9000E+01   -.9000E+01   -.9000E+01   -.9000E+01   -.9000E+01   -.9001E+01   -.9001E+01   -.9001E+01   -.9001E+01   -.9002E+01   -.9002E+01   -.9003E+01   -.9003E+01   -.9004E+01   -.9004E+01   -.9005E+01   -.9005E+01   -.9006E+01   -.9007E+01   -.9007E+01   -.9008E+01   -.9009E+01   -.9010E+01   -.9011E+01   -.9012E+01   -.9013E+01   -.9015E+01   -.9016E+01   -.9017E+01   -.9021E+01   -.9021E+01   -.9022E+01   -.9023E+01   -.9025E+01   -.9027E+01   -.9030E+01   -.9032E+01   -.9034E+01   -.9037E+01   -.9040E+01   -.9043E+01   -.9047E+01   -.9050E+01   -.9055E+01   -.9059E+01   -.9065E+01   -.9070E+01   -.9077E+01   -.9083E+01   -.9092E+01   -.9099E+01   -.9111E+01   -.9121E+01   -.9135E+01   -.9148E+01   -.9168E+01   -.9185E+01   -.9212E+01   -.9236E+01   -.9272E+01   -.9307E+01   -.9354E+01   -.9401E+01   -.9458E+01   -.9503E+01
0.8450E+01   -.9000E+01   -.9000E+01   -.9000E+01   -.9000E+01   -.9000E+01   -.9000E+01   -.9000E+01   -.9000E+01   -.9000E+01   -.9000E+01   -.8999E+01   -.8999E+01   -.8999E+01   -.8999E+01   -.8999E+01   -.8999E+01   -.8999E+01   -.8999E+01   -.8999E+01   -.8999E+01   -.8999E+01   -.8999E+01   -.8999E+01   -.8999E+01   -.8999E+01   -.8999E+01   -.8999E+01   -.8999E+01   -.8999E+01   -.8999E+01   -.8999E+01   -.8999E+01   -.8999E+01   -.9000E+01   -.9000E+01   -.9000E+01   -.9000E+01   -.9000E+01   -.9001E+01   -.9001E+01   -.9001E+01   -.9001E+01   -.9002E+01   -.9002E+01   -.9002E+01   -.9003E+01   -.9003E+01   -.9004E+01   -.9004E+01   -.9005E+01   -.9005E+01   -.9006E+01   -.9007E+01   -.9007E+01   -.9008E+01   -.9009E+01   -.9010E+01   -.9011E+01   -.9012E+01   -.9013E+01   -.9014E+01   -.9016E+01   -.9017E+01   -.9019E+01   -.9022E+01   -.9022E+01   -.9023E+01   -.9025E+01   -.9027E+01   -.9029E+01   -.9031E+01   -.9034E+01   -.9036E+01   -.9039E+01   -.9043E+01   -.9046E+01   -.9050E+01   -.9054E+01   -.9058E+01   -.9063E+01   -.9069E+01   -.9074E+01   -.9081E+01   -.9089E+01   -.9098E+01   -.9107E+01   -.9118E+01   -.9130E+01   -.9145E+01   -.9160E+01   -.9180E+01   -.9201E+01   -.9228E+01   -.9258E+01   -.9295E+01   -.9336E+01   -.9385E+01   -.9435E+01   -.9488E+01   -.9519E+01
0.8667E+01   -.9000E+01   -.9000E+01   -.9000E+01   -.9000E+01   -.9000E+01   -.9000E+01   -.9000E+01   -.9000E+01   -.9000E+01   -.9000E+01   -.9000E+01   -.8999E+01   -.8999E+01   -.8999E+01   -.8999E+01   -.8999E+01   -.8999E+01   -.8999E+01   -.8999E+01   -.8999E+01   -.8999E+01   -.8999E+01   -.8999E+01   -.8999E+01   -.8999E+01   -.8999E+01   -.8999E+01   -.8999E+01   -.8999E+01   -.8999E+01   -.9000E+01   -.9000E+01   -.9000E+01   -.9000E+01   -.9000E+01   -.9000E+01   -.9000E+01   -.9001E+01   -.9001E+01   -.9001E+01   -.9001E+01   -.9002E+01   -.9002E+01   -.9002E+01   -.9003E+01   -.9003E+01   -.9004E+01   -.9004E+01   -.9005E+01   -.9005E+01   -.9006E+01   -.9007E+01   -.9007E+01   -.9008E+01   -.9009E+01   -.9010E+01   -.9011E+01   -.9012E+01   -.9013E+01   -.9014E+01   -.9016E+01   -.9017E+01   -.9018E+01   -.9020E+01   -.9023E+01   -.9024E+01   -.9025E+01   -.9027E+01   -.9029E+01   -.9031E+01   -.9033E+01   -.9036E+01   -.9038E+01   -.9042E+01   -.9045E+01   -.9049E+01   -.9052E+01   -.9057E+01   -.9061E+01   -.9067E+01   -.9072E+01   -.9080E+01   -.9086E+01   -.9095E+01   -.9103E+01   -.9115E+01   -.9125E+01   -.9140E+01   -.9153E+01   -.9174E+01   -.9192E+01   -.9220E+01   -.9245E+01   -.9283E+01   -.9318E+01   -.9369E+01   -.9415E+01   -.9473E+01   -.9514E+01   -.9526E+01
0.8883E+01   -.9000E+01   -.9000E+01   -.9000E+01   -.9000E+01   -.9000E+01   -.9000E+01   -.9000E+01   -.9000E+01   -.9000E+01   -.9000E+01   -.9000E+01   -.9000E+01   -.8999E+01   -.8999E+01   -.8999E+01   -.8999E+01   -.8999E+01   -.8999E+01   -.8999E+01   -.8999E+01   -.8999E+01   -.8999E+01   -.8999E+01   -.8999E+01   -.8999E+01   -.8999E+01   -.8999E+01   -.8999E+01   -.9000E+01   -.9000E+01   -.9000E+01   -.9000E+01   -.9000E+01   -.9000E+01   -.9000E+01   -.9001E+01   -.9001E+01   -.9001E+01   -.9001E+01   -.9002E+01   -.9002E+01   -.9002E+01   -.9003E+01   -.9003E+01   -.9003E+01   -.9004E+01   -.9004E+01   -.9005E+01   -.9006E+01   -.9006E+01   -.9007E+01   -.9008E+01   -.9008E+01   -.9009E+01   -.9010E+01   -.9011E+01   -.9012E+01   -.9013E+01   -.9014E+01   -.9015E+01   -.9017E+01   -.9018E+01   -.9020E+01   -.9022E+01   -.9025E+01   -.9026E+01   -.9026E+01   -.9028E+01   -.9031E+01   -.9033E+01   -.9035E+01   -.9038E+01   -.9041E+01   -.9044E+01   -.9048E+01   -.9052E+01   -.9056E+01   -.9060E+01   -.9065E+01   -.9071E+01   -.9077E+01   -.9084E+01   -.9092E+01   -.9101E+01   -.9110E+01   -.9122E+01   -.9134E+01   -.9149E+01   -.9166E+01   -.9186E+01   -.9209E+01   -.9237E+01   -.9268E+01   -.9306E+01   -.9349E+01   -.9400E+01   -.9451E+01   -.9501E+01   -.9524E+01   -.9495E+01
0.9100E+01   -.9000E+01   -.9000E+01   -.9000E+01   -.9000E+01   -.9000E+01   -.9000E+01   -.9000E+01   -.9000E+01   -.9000E+01   -.9000E+01   -.9000E+01   -.9000E+01   -.9000E+01   -.9000E+01   -.8999E+01   -.8999E+01   -.8999E+01   -.8999E+01   -.8999E+01   -.8999E+01   -.8999E+01   -.8999E+01   -.8999E+01   -.8999E+01   -.9000E+01   -.9000E+01   -.9000E+01   -.9000E+01   -.9000E+01   -.9000E+01   -.9000E+01   -.9000E+01   -.9000E+01   -.9000E+01   -.9001E+01   -.9001E+01   -.9001E+01   -.9001E+01   -.9002E+01   -.9002E+01   -.9002E+01   -.9003E+01   -.9003E+01   -.9003E+01   -.9004E+01   -.9004E+01   -.9005E+01   -.9006E+01   -.9006E+01   -.9007E+01   -.9008E+01   -.9008E+01   -.9009E+01   -.9010E+01   -.9011E+01   -.9012E+01   -.9013E+01   -.9014E+01   -.9015E+01   -.9016E+01   -.9018E+01   -.9019E+01   -.9021E+01   -.9023E+01   -.9027E+01   -.9027E+01   -.9028E+01   -.9030E+01   -.9033E+01   -.9034E+01   -.9038E+01   -.9040E+01   -.9044E+01   -.9046E+01   -.9051E+01   -.9054E+01   -.9060E+01   -.9063E+01   -.9070E+01   -.9074E+01   -.9083E+01   -.9088E+01   -.9099E+01   -.9106E+01   -.9119E+01   -.9128E+01   -.9146E+01   -.9158E+01   -.9181E+01   -.9198E+01   -.9228E+01   -.9253E+01   -.9294E+01   -.9330E+01   -.9384E+01   -.9430E+01   -.9490E+01   -.9525E+01   -.9526E+01   -.9448E+01
0.9317E+01   -.9000E+01   -.9000E+01   -.9000E+01   -.9000E+01   -.9000E+01   -.9000E+01   -.9000E+01   -.9000E+01   -.9000E+01   -.9000E+01   -.9000E+01   -.9000E+01   -.9000E+01   -.9000E+01   -.9000E+01   -.9000E+01   -.9000E+01   -.9000E+01   -.9000E+01   -.9000E+01   -.9000E+01   -.9000E+01   -.9000E+01   -.9000E+01   -.9000E+01   -.9000E+01   -.9000E+01   -.9000E+01   -.9000E+01   -.9000E+01   -.9000E+01   -.9000E+01   -.9001E+01   -.9001E+01   -.9001E+01   -.9001E+01   -.9001E+01   -.9002E+01   -.9002E+01   -.9002E+01   -.9003E+01   -.9003E+01   -.9004E+01   -.9004E+01   -.9004E+01   -.9005E+01   -.9006E+01   -.9006E+01   -.9007E+01   -.9008E+01   -.9008E+01   -.9009E+01   -.9010E+01   -.9011E+01   -.9012E+01   -.9013E+01   -.9014E+01   -.9015E+01   -.9016E+01   -.9018E+01   -.9019E+01   -.9021E+01   -.9023E+01   -.9025E+01   -.9028E+01   -.9029E+01   -.9030E+01   -.9032E+01   -.9034E+01   -.9037E+01   -.9040E+01   -.9043E+01   -.9046E+01   -.9050E+01   -.9053E+01   -.9058E+01   -.9062E+01   -.9068E+01   -.9073E+01   -.9080E+01   -.9087E+01   -.9095E+01   -.9103E+01   -.9115E+01   -.9125E+01   -.9140E+01   -.9154E+01   -.9173E+01   -.9192E+01   -.9218E+01   -.9244E+01   -.9280E+01   -.9317E+01   -.9365E+01   -.9414E+01   -.9468E+01   -.9514E+01   -.9525E+01   -.9481E+01   -.9324E+01
0.9533E+01   -.9000E+01   -.9000E+01   -.9000E+01   -.9000E+01   -.9000E+01   -.9000E+01   -.9000E+01   -.9000E+01   -.9000E+01   -.9000E+01   -.9000E+01   -.9000E+01   -.9000E+01   -.9000E+01   -.9000E+01   -.9000E+01   -.9000E+01   -.9000E+01   -.9000E+01   -.9000E+01   -.9000E+01   -.9000E+01   -.9000E+01   -.9000E+01   -.9000E+01   -.9000E+01   -.9000E+01   -.9000E+01   -.9000E+01   -.9000E+01   -.9001E+01   -.9001E+01   -.9001E+01   -.9001E+01   -.9001E+01   -.9002E+01   -.9002E+01   -.9002E+01   -.9002E+01   -.9003E+01   -.9003E+01   -.9004E+01   -.9004E+01   -.9005E+01   -.9005E+01   -.9006E+01   -.9006E+01   -.9007E+01   -.9008E+01   -.9008E+01   -.9009E+01   -.9010E+01   -.9011E+01   -.9012E+01   -.9013E+01   -.9014E+01   -.9015E+01   -.9016E+01   -.9018E+01   -.9019E+01   -.9021E+01   -.9022E+01   -.9024E+01   -.9026E+01   -.9030E+01   -.9031E+01   -.9032E+01   -.9034E+01   -.9036E+01   -.9039E+01   -.9042E+01   -.9045E+01   -.9048E+01   -.9053E+01   -.9056E+01   -.9061E+01   -.9066E+01   -.9072E+01   -.9077E+01   -.9085E+01   -.9092E+01   -.9101E+01   -.9110E+01   -.9122E+01   -.9134E+01   -.9150E+01   -.9165E+01   -.9186E+01   -.9207E+01   -.9236E+01   -.9265E+01   -.9304E+01   -.9345E+01   -.9397E+01   -.9447E+01   -.9502E+01   -.9526E+01   -.9512E+01   -.9361E+01   -.9413E+01
0.9750E+01   -.9000E+01   -.9000E+01   -.9000E+01   -.9000E+01   -.9000E+01   -.9000E+01   -.9000E+01   -.9000E+01   -.9000E+01   -.9000E+01   -.9000E+01   -.9000E+01   -.9000E+01   -.9000E+01   -.9000E+01   -.9000E+01   -.9000E+01   -.9000E+01   -.9000E+01   -.9000E+01   -.9000E+01   -.9000E+01   -.9000E+01   -.9000E+01   -.9000E+01   -.9000E+01   -.9000E+01   -.9000E+01   -.9001E+01   -.9001E+01   -.9001E+01   -.9001E+01   -.9001E+01   -.9001E+01   -.9002E+01   -.9002E+01   -.9002E+01   -.9003E+01   -.9003E+01   -.9003E+01   -.9004E+01   -.9004E+01   -.9005E+01   -.9005E+01   -.9006E+01   -.9006E+01   -.9007E+01   -.9007E+01   -.9008E+01   -.9009E+01   -.9010E+01   -.9011E+01   -.9012E+01   -.9012E+01   -.9014E+01   -.9015E+01   -.9016E+01   -.9017E+01   -.9019E+01   -.9020E+01   -.9022E+01   -.9023E+01   -.9026E+01   -.9027E+01   -.9032E+01   -.9033E+01   -.9034E+01   -.9035E+01   -.9039E+01   -.9041E+01   -.9045E+01   -.9047E+01   -.9052E+01   -.9054E+01   -.9061E+01   -.9064E+01   -.9071E+01   -.9075E+01   -.9084E+01   -.9088E+01   -.9100E+01   -.9105E+01   -.9120E+01   -.9127E+01   -.9146E+01   -.9157E+01   -.9181E+01   -.9196E+01   -.9229E+01   -.9250E+01   -.9294E+01   -.9325E+01   -.9383E+01   -.9425E+01   -.9488E+01   -.9524E+01   -.9523E+01   -.9471E+01   -.9179E+01   -.9830E+01
0.9967E+01   -.9000E+01   -.9000E+01   -.9000E+01   -.9000E+01   -.9000E+01   -.9000E+01   -.9000E+01   -.9000E+01   -.9000E+01   -.9000E+01   -.9000E+01   -.9000E+01   -.9000E+01   -.9000E+01   -.9000E+01   -.9000E+01   -.9000E+01   -.9000E+01   -.9000E+01   -.9000E+01   -.9000E+01   -.9000E+01   -.9000E+01   -.9000E+01   -.9000E+01   -.9000E+01   -.9001E+01   -.9001E+01   -.9001E+01   -.9001E+01   -.9001E+01   -.9001E+01   -.9002E+01   -.9002E+01   -.9002E+01   -.9002E+01   -.9003E+01   -.9003E+01   -.9003E+01   -.9004E+01   -.9004E+01   -.9005E+01   -.9005E+01   -.9006E+01   -.9006E+01   -.9007E+01   -.9008E+01   -.9008E+01   -.9009E+01   -.9010E+01   -.9011E+01   -.9011E+01   -.9013E+01   -.9013E+01   -.9015E+01   -.9015E+01   -.9018E+01   -.9018E+01   -.9021E+01   -.9021E+01   -.9025E+01   -.9024E+01   -.9029E+01   -.9028E+01   -.9034E+01   -.9035E+01   -.9036E+01   -.9035E+01   -.9042E+01   -.9041E+01   -.9049E+01   -.9048E+01   -.9058E+01   -.9055E+01   -.9068E+01   -.9064E+01   -.9079E+01   -.9076E+01   -.9094E+01   -.9089E+01   -.9112E+01   -.9107E+01   -.9136E+01   -.9130E+01   -.9166E+01   -.9160E+01   -.9207E+01   -.9201E+01   -.9263E+01   -.9259E+01   -.9340E+01   -.9339E+01   -.9442E+01   -.9438E+01   -.9550E+01   -.9500E+01   -.9520E+01   -.9283E+01   -.9464E+01   -.1094E+02
0.1018E+02   -.9000E+01   -.9000E+01   -.9000E+01   -.9000E+01   -.9000E+01   -.9000E+01   -.9000E+01   -.9000E+01   -.9000E+01   -.9000E+01   -.9000E+01   -.9000E+01   -.9000E+01   -.9000E+01   -.9000E+01   -.9000E+01   -.9000E+01   -.9000E+01   -.9000E+01   -.9000E+01   -.9000E+01   -.9000E+01   -.9000E+01   -.9000E+01   -.9000E+01   -.9001E+01   -.9001E+01   -.9001E+01   -.9001E+01   -.9001E+01   -.9001E+01   -.9002E+01   -.9002E+01   -.9002E+01   -.9002E+01   -.9003E+01   -.9003E+01   -.9003E+01   -.9004E+01   -.9004E+01   -.9005E+01   -.9005E+01   -.9006E+01   -.9006E+01   -.9007E+01   -.9007E+01   -.9008E+01   -.9009E+01   -.9010E+01   -.9011E+01   -.9011E+01   -.9012E+01   -.9014E+01   -.9014E+01   -.9016E+01   -.9017E+01   -.9019E+01   -.9020E+01   -.9022E+01   -.9023E+01   -.9025E+01   -.9026E+01   -.9029E+01   -.9031E+01   -.9036E+01   -.9037E+01   -.9038E+01   -.9039E+01   -.9044E+01   -.9045E+01   -.9051E+01   -.9052E+01   -.9059E+01   -.9061E+01   -.9069E+01   -.9071E+01   -.9081E+01   -.9084E+01   -.9095E+01   -.9100E+01   -.9114E+01   -.9120E+01   -.9138E+01   -.9146E+01   -.9170E+01   -.9182E+01   -.9213E+01   -.9230E+01   -.9272E+01   -.9297E+01   -.9354E+01   -.9388E+01   -.9457E+01   -.9491E+01   -.9538E+01   -.9499E+01   -.9378E+01   -.9434E+01   -.1034E+02   -.6818E+01
0.1040E+02   -.9000E+01   -.9000E+01   -.9000E+01   -.9000E+01   -.9000E+01   -.9000E+01   -.9000E+01   -.9000E+01   -.9000E+01   -.9000E+01   -.9000E+01   -.9000E+01   -.9000E+01   -.9000E+01   -.9000E+01   -.9000E+01   -.9000E+01   -.9000E+01   -.9000E+01   -.9000E+01   -.9000E+01   -.9000E+01   -.9000E+01   -.9001E+01   -.9001E+01   -.9001E+01   -.9001E+01   -.9001E+01   -.9001E+01   -.9001E+01   -.9002E+01   -.9002E+01   -.9002E+01   -.9002E+01   -.9003E+01   -.9003E+01   -.9003E+01   -.9004E+01   -.9004E+01   -.9005E+01   -.9005E+01   -.9006E+01   -.9006E+01   -.9007E+01   -.9007E+01   -.9008E+01   -.9009E+01   -.9010E+01   -.9010E+01   -.9011E+01   -.9012E+01   -.9013E+01   -.9014E+01   -.9016E+01   -.9017E+01   -.9018E+01   -.9019E+01   -.9021E+01   -.9022E+01   -.9025E+01   -.9026E+01   -.9029E+01   -.9030E+01   -.9033E+01   -.9038E+01   -.9038E+01   -.9039E+01   -.9043E+01   -.9045E+01   -.9049E+01   -.9052E+01   -.9057E+01   -.9060E+01   -.9066E+01   -.9070E+01   -.9078E+01   -.9083E+01   -.9092E+01   -.9098E+01   -.9109E+01   -.9117E+01   -.9132E+01   -.9143E+01   -.9162E+01   -.9177E+01   -.9202E+01   -.9222E+01   -.9258E+01   -.9286E+01   -.9334E+01   -.9373E+01   -.9434E+01   -.9476E+01   -.9530E+01   -.9517E+01   -.9454E+01   -.9327E+01   -.9876E+01   -.9507E+01   -.3021E+01
0.1062E+02   -.9000E+01   -.9000E+01   -.9000E+01   -.9000E+01   -.9000E+01   -.9000E+01   -.9000E+01   -.9000E+01   -.9000E+01   -.9000E+01   -.9000E+01   -.9000E+01   -.9000E+01   -.9000E+01   -.9000E+01   -.9000E+01   -.9000E+01   -.9000E+01   -.9000E+01   -.9000E+01   -.9000E+01   -.9001E+01   -.9001E+01   -.9001E+01   -.9001E+01   -.9001E+01   -.9001E+01   -.9001E+01   -.9002E+01   -.9002E+01   -.9002E+01   -.9002E+01   -.9002E+01   -.9003E+01   -.9003E+01   -.9003E+01   -.9004E+01   -.9004E+01   -.9005E+01   -.9005E+01   -.9006E+01   -.9006E+01   -.9007E+01   -.9007E+01   -.9008E+01   -.9009E+01   -.9009E+01   -.9010E+01   -.9011E+01   -.9012E+01   -.9013E+01   -.9014E+01   -.9015E+01   -.9016E+01   -.9018E+01   -.9019E+01   -.9021E+01   -.9022E+01   -.9024E+01   -.9026E+01   -.9028E+01   -.9030E+01   -.9033E+01   -.9034E+01   -.9040E+01   -.9041E+01   -.9042E+01   -.9044E+01   -.9048E+01   -.9051E+01   -.9056E+01   -.9059E+01   -.9065E+01   -.9069E+01   -.9076E+01   -.9080E+01   -.9089E+01   -.9095E+01   -.9106E+01   -.9114E+01   -.9128E+01   -.9138E+01   -.9157E+01   -.9170E+01   -.9195E+01   -.9213E+01   -.9248E+01   -.9273E+01   -.9320E+01   -.9355E+01   -.9417E+01   -.9457E+01   -.9522E+01   -.9522E+01   -.9505E+01   -.9298E+01   -.9539E+01   -.1083E+02   -.4571E+01   -.2082E+01
0.1083E+02   -.9000E+01   -.9000E+01   -.9000E+01   -.9000E+01   -.9000E+01   -.9000E+01   -.9000E+01   -.9000E+01   -.9000E+01   -.9000E+01   -.9000E+01   -.9000E+01   -.9000E+01   -.9000E+01   -.9000E+01   -.9000E+01   -.9000E+01   -.9000E+01   -.9000E+01   -.9001E+01   -.9001E+01   -.9001E+01   -.9001E+01   -.9001E+01   -.9001E+01   -.9001E+01   -.9001E+01   -.9002E+01   -.9002E+01   -.9002E+01   -.9002E+01   -.9003E+01   -.9003E+01   -.9003E+01   -.9003E+01   -.9004E+01   -.9004E+01   -.9005E+01   -.9005E+01   -.9006E+01   -.9006E+01   -.9007E+01   -.9007E+01   -.9008E+01   -.9009E+01   -.9009E+01   -.9010E+01   -.9011E+01   -.9012E+01   -.9013E+01   -.9014E+01   -.9015E+01   -.9016E+01   -.9017E+01   -.9019E+01   -.9020E+01   -.9022E+01   -.9024E+01   -.9025E+01   -.9027E+01   -.9029E+01   -.9032E+01   -.9034E+01   -.9037E+01   -.9042E+01   -.9043E+01   -.9044E+01   -.9047E+01   -.9050E+01   -.9054E+01   -.9058E+01   -.9063E+01   -.9068E+01   -.9073E+01   -.9079E+01   -.9086E+01   -.9094E+01   -.9102E+01   -.9112E+01   -.9123E+01   -.9135E+01   -.9150E+01   -.9166E+01   -.9186E+01   -.9208E+01   -.9235E+01   -.9265E+01   -.9302E+01   -.9344E+01   -.9394E+01   -.9445E+01   -.9498E+01   -.9527E+01   -.9512E+01   -.9383E+01   -.9425E+01   -.1032E+02   -.7245E+01   -.2688E+01   -.1501E+01
0.1105E+02   -.9000E+01   -.9000E+01   -.9000E+01   -.9000E+01   -.9000E+01   -.9000E+01   -.9000E+01   -.9000E+01   -.9000E+01   -.9000E+01   -.9000E+01   -.9000E+01   -.9000E+01   -.9000E+01   -.9000E+01   -.9000E+01   -.9000E+01   -.9001E+01   -.9001E+01   -.9001E+01   -.9001E+01   -.9001E+01   -.9001E+01   -.9001E+01   -.9001E+01   -.9001E+01   -.9002E+01   -.9002E+01   -.9002E+01   -.9002E+01   -.9003E+01   -.9003E+01   -.9003E+01   -.9003E+01   -.9004E+01   -.9004E+01   -.9005E+01   -.9005E+01   -.9006E+01   -.9006E+01   -.9007E+01   -.9007E+01   -.9008E+01   -.9009E+01   -.9009E+01   -.9010E+01   -.9011E+01   -.9012E+01   -.9013E+01   -.9014E+01   -.9015E+01   -.9016E+01   -.9017E+01   -.9019E+01   -.9020E+01   -.9022E+01   -.9023E+01   -.9025E+01   -.9027E+01   -.9029E+01   -.9031E+01   -.9034E+01   -.9036E+01   -.9039E+01   -.9044E+01   -.9045E+01   -.9046E+01   -.9050E+01   -.9053E+01   -.9058E+01   -.9061E+01   -.9067E+01   -.9071E+01   -.9078E+01   -.9083E+01   -.9092E+01   -.9098E+01   -.9110E+01   -.9118E+01   -.9133E+01   -.9143E+01   -.9162E+01   -.9176E+01   -.9202E+01   -.9221E+01   -.9257E+01   -.9284E+01   -.9333E+01   -.9370E+01   -.9433E+01   -.9474E+01   -.9531E+01   -.9518E+01   -.9467E+01   -.9311E+01   -.9808E+01   -.9911E+01   -.3213E+01   -.1826E+01   -.1131E+01
0.1127E+02   -.9000E+01   -.9000E+01   -.9000E+01   -.9000E+01   -.9000E+01   -.9000E+01   -.9000E+01   -.9000E+01   -.9000E+01   -.9000E+01   -.9000E+01   -.9000E+01   -.9000E+01   -.9000E+01   -.9001E+01   -.9001E+01   -.9001E+01   -.9001E+01   -.9001E+01   -.9001E+01   -.9001E+01   -.9001E+01   -.9001E+01   -.9001E+01   -.9002E+01   -.9002E+01   -.9002E+01   -.9002E+01   -.9002E+01   -.9003E+01   -.9003E+01   -.9003E+01   -.9003E+01   -.9004E+01   -.9004E+01   -.9005E+01   -.9005E+01   -.9006E+01   -.9006E+01   -.9007E+01   -.9007E+01   -.9008E+01   -.9008E+01   -.9009E+01   -.9010E+01   -.9011E+01   -.9012E+01   -.9013E+01   -.9014E+01   -.9015E+01   -.9016E+01   -.9017E+01   -.9018E+01   -.9020E+01   -.9021E+01   -.9023E+01   -.9025E+01   -.9026E+01   -.9029E+01   -.9030E+01   -.9033E+01   -.9035E+01   -.9038E+01   -.9041E+01   -.9047E+01   -.9048E+01   -.9049E+01   -.9052E+01   -.9056E+01   -.9060E+01   -.9066E+01   -.9069E+01   -.9076E+01   -.9081E+01   -.9090E+01   -.9096E+01   -.9107E+01   -.9114E+01   -.9128E+01   -.9138E+01   -.9157E+01   -.9170E+01   -.9195E+01   -.9213E+01   -.9247E+01   -.9272E+01   -.9319E+01   -.9354E+01   -.9415E+01   -.9456E+01   -.9519E+01   -.9523E+01   -.9507E+01   -.9311E+01   -.9523E+01   -.1076E+02   -.4960E+01   -.2244E+01   -.1312E+01   -.1104E+01
0.1148E+02   -.9000E+01   -.9000E+01   -.9000E+01   -.9000E+01   -.9000E+01   -.9000E+01   -.9000E+01   -.9000E+01   -.9000E+01   -.9000E+01   -.9000E+01   -.9000E+01   -.9001E+01   -.9001E+01   -.9001E+01   -.9001E+01   -.9001E+01   -.9001E+01   -.9001E+01   -.9001E+01   -.9001E+01   -.9001E+01   -.9001E+01   -.9002E+01   -.9002E+01   -.9002E+01   -.9002E+01   -.9002E+01   -.9003E+01   -.9003E+01   -.9003E+01   -.9003E+01   -.9004E+01   -.9004E+01   -.9005E+01   -.9005E+01   -.9005E+01   -.9006E+01   -.9007E+01   -.9007E+01   -.9008E+01   -.9008E+01   -.9009E+01   -.9010E+01   -.9011E+01   -.9011E+01   -.9012E+01   -.9013E+01   -.9014E+01   -.9016E+01   -.9017E+01   -.9018E+01   -.9019E+01   -.9021E+01   -.9022E+01   -.9024E+01   -.9026E+01   -.9028E+01   -.9030E+01   -.9032E+01   -.9035E+01   -.9037E+01   -.9040E+01   -.9043E+01   -.9049E+01   -.9050E+01   -.9051E+01   -.9055E+01   -.9059E+01   -.9064E+01   -.9069E+01   -.9074E+01   -.9080E+01   -.9087E+01   -.9094E+01   -.9103E+01   -.9112E+01   -.9123E+01   -.9136E+01   -.9150E+01   -.9166E+01   -.9185E+01   -.9208E+01   -.9233E+01   -.9265E+01   -.9300E+01   -.9343E+01   -.9391E+01   -.9444E+01   -.9495E+01   -.9528E+01   -.9513E+01   -.9395E+01   -.9409E+01   -.1025E+02   -.7626E+01   -.2764E+01   -.1590E+01   -.1143E+01   -.1192E+01
0.1170E+02   -.9000E+01   -.9000E+01   -.9000E+01   -.9000E+01   -.9000E+01   -.9000E+01   -.9000E+01   -.9000E+01   -.9000E+01   -.9001E+01   -.9001E+01   -.9001E+01   -.9001E+01   -.9001E+01   -.9001E+01   -.9001E+01   -.9001E+01   -.9001E+01   -.9001E+01   -.9001E+01   -.9001E+01   -.9001E+01   -.9002E+01   -.9002E+01   -.9002E+01   -.9002E+01   -.9002E+01   -.9003E+01   -.9003E+01   -.9003E+01   -.9003E+01   -.9004E+01   -.9004E+01   -.9005E+01   -.9005E+01   -.9005E+01   -.9006E+01   -.9006E+01   -.9007E+01   -.9008E+01   -.9008E+01   -.9009E+01   -.9010E+01   -.9010E+01   -.9011E+01   -.9012E+01   -.9013E+01   -.9014E+01   -.9015E+01   -.9016E+01   -.9018E+01   -.9019E+01   -.9020E+01   -.9022E+01   -.9023E+01   -.9026E+01   -.9027E+01   -.9030E+01   -.9031E+01   -.9034E+01   -.9036E+01   -.9040E+01   -.9042E+01   -.9046E+01   -.9052E+01   -.9053E+01   -.9054E+01   -.9059E+01   -.9062E+01   -.9068E+01   -.9072E+01   -.9079E+01   -.9084E+01   -.9093E+01   -.9099E+01   -.9111E+01   -.9118E+01   -.9133E+01   -.9142E+01   -.9163E+01   -.9175E+01   -.9202E+01   -.9220E+01   -.9257E+01   -.9282E+01   -.9333E+01   -.9367E+01   -.9432E+01   -.9471E+01   -.9533E+01   -.9519E+01   -.9480E+01   -.9295E+01   -.9735E+01   -.1029E+02   -.3286E+01   -.1864E+01   -.1152E+01   -.1148E+01   -.1297E+01
0.1192E+02   -.9000E+01   -.9000E+01   -.9000E+01   -.9000E+01   -.9000E+01   -.9000E+01   -.9001E+01   -.9001E+01   -.9001E+01   -.9001E+01   -.9001E+01   -.9001E+01   -.9001E+01   -.9001E+01   -.9001E+01   -.9001E+01   -.9001E+01   -.9001E+01   -.9001E+01   -.9001E+01   -.9001E+01   -.9002E+01   -.9002E+01   -.9002E+01   -.9002E+01   -.9002E+01   -.9003E+01   -.9003E+01   -.9003E+01   -.9003E+01   -.9004E+01   -.9004E+01   -.9005E+01   -.9005E+01   -.9005E+01   -.9006E+01   -.9006E+01   -.9007E+01   -.9008E+01   -.9008E+01   -.9009E+01   -.9010E+01   -.9010E+01   -.9011E+01   -.9012E+01   -.9013E+01   -.9014E+01   -.9015E+01   -.9016E+01   -.9017E+01   -.9019E+01   -.9020E+01   -.9022E+01   -.9023E+01   -.9025E+01   -.9027E+01   -.9029E+01   -.9031E+01   -.9033E+01   -.9035E+01   -.9039E+01   -.9041E+01   -.9045E+01   -.9048E+01   -.9055E+01   -.9056E+01   -.9057E+01   -.9060E+01   -.9066E+01   -.9070E+01   -.9077E+01   -.9082E+01   -.9090E+01   -.9096E+01   -.9107E+01   -.9115E+01   -.9129E+01   -.9139E+01   -.9157E+01   -.9170E+01   -.9194E+01   -.9213E+01   -.9246E+01   -.9272E+01   -.9317E+01   -.9353E+01   -.9412E+01   -.9455E+01   -.9517E+01   -.9525E+01   -.9508E+01   -.9323E+01   -.9507E+01   -.1069E+02   -.5340E+01   -.2314E+01   -.1351E+01   -.1135E+01   -.1268E+01   -.1223E+01
0.1213E+02   -.9000E+01   -.9000E+01   -.9000E+01   -.9000E+01   -.9001E+01   -.9001E+01   -.9001E+01   -.9001E+01   -.9001E+01   -.9001E+01   -.9001E+01   -.9001E+01   -.9001E+01   -.9001E+01   -.9001E+01   -.9001E+01   -.9001E+01   -.9001E+01   -.9001E+01   -.9002E+01   -.9002E+01   -.9002E+01   -.9002E+01   -.9002E+01   -.9002E+01   -.9003E+01   -.9003E+01   -.9003E+01   -.9003E+01   -.9004E+01   -.9004E+01   -.9005E+01   -.9005E+01   -.9005E+01   -.9006E+01   -.9006E+01   -.9007E+01   -.9007E+01   -.9008E+01   -.9009E+01   -.9009E+01   -.9010E+01   -.9011E+01   -.9012E+01   -.9013E+01   -.9014E+01   -.9015E+01   -.9016E+01   -.9017E+01   -.9018E+01   -.9020E+01   -.9021E+01   -.9023E+01   -.9024E+01   -.9026E+01   -.9028E+01   -.9030E+01   -.9032E+01   -.9035E+01   -.9038E+01   -.9041E+01   -.9043E+01   -.9047E+01   -.9050E+01   -.9058E+01   -.9059E+01   -.9060E+01   -.9064E+01   -.9069E+01   -.9074E+01   -.9081E+01   -.9087E+01   -.9095E+01   -.9103E+01   -.9113E+01   -.9123E+01   -.9136E+01   -.9150E+01   -.9167E+01   -.9185E+01   -.9208E+01   -.9232E+01   -.9264E+01   -.9299E+01   -.9343E+01   -.9388E+01   -.9443E+01   -.9492E+01   -.9529E+01   -.9515E+01   -.9408E+01   -.9394E+01   -.1018E+02   -.8007E+01   -.2837E+01   -.1626E+01   -.1143E+01   -.1203E+01   -.1265E+01   -.1278E+01
0.1235E+02   -.9000E+01   -.9000E+01   -.9001E+01   -.9001E+01   -.9001E+01   -.9001E+01   -.9001E+01   -.9001E+01   -.9001E+01   -.9001E+01   -.9001E+01   -.9001E+01   -.9001E+01   -.9001E+01   -.9001E+01   -.9001E+01   -.9001E+01   -.9001E+01   -.9002E+01   -.9002E+01   -.9002E+01   -.9002E+01   -.9002E+01   -.9002E+01   -.9003E+01   -.9003E+01   -.9003E+01   -.9003E+01   -.9004E+01   -.9004E+01   -.9005E+01   -.9005E+01   -.9005E+01   -.9006E+01   -.9006E+01   -.9007E+01   -.9007E+01   -.9008E+01   -.9009E+01   -.9009E+01   -.9010E+01   -.9011E+01   -.9012E+01   -.9013E+01   -.9014E+01   -.9015E+01   -.9016E+01   -.9017E+01   -.9018E+01   -.9019E+01   -.9021E+01   -.9022E+01   -.9024E+01   -.9026E+01   -.9027E+01   -.9030E+01   -.9032E+01   -.9035E+01   -.9036E+01   -.9040E+01   -.9042E+01   -.9046E+01   -.9049E+01   -.9054E+01   -.9061E+01   -.9061E+01   -.9063E+01   -.9069E+01   -.9072E+01   -.9080E+01   -.9084E+01   -.9094E+01   -.9099E+01   -.9111E+01   -.9118E+01   -.9134E+01   -.9142E+01   -.9163E+01   -.9175E+01   -.9203E+01   -.9219E+01   -.9257E+01   -.9281E+01   -.9332E+01   -.9365E+01   -.9431E+01   -.9468E+01   -.9534E+01   -.9521E+01   -.9493E+01   -.9280E+01   -.9663E+01   -.1067E+02   -.3359E+01   -.1900E+01   -.1153E+01   -.1137E+01   -.1308E+01   -.1201E+01   -.1401E+01
0.1257E+02   -.9000E+01   -.9001E+01   -.9001E+01   -.9001E+01   -.9001E+01   -.9001E+01   -.9001E+01   -.9001E+01   -.9001E+01   -.9001E+01   -.9001E+01   -.9001E+01   -.9001E+01   -.9001E+01   -.9001E+01   -.9001E+01   -.9001E+01   -.9002E+01   -.9002E+01   -.9002E+01   -.9002E+01   -.9002E+01   -.9002E+01   -.9003E+01   -.9003E+01   -.9003E+01   -.9003E+01   -.9004E+01   -.9004E+01   -.9004E+01   -.9005E+01   -.9005E+01   -.9006E+01   -.9006E+01   -.9007E+01   -.9007E+01   -.9008E+01   -.9008E+01   -.9009E+01   -.9010E+01   -.9011E+01   -.9011E+01   -.9012E+01   -.9013E+01   -.9014E+01   -.9015E+01   -.9017E+01   -.9018E+01   -.9019E+01   -.9020E+01   -.9022E+01   -.9024E+01   -.9025E+01   -.9027E+01   -.9029E+01   -.9031E+01   -.9034E+01   -.9036E+01   -.9039E+01   -.9041E+01   -.9045E+01   -.9048E+01   -.9052E+01   -.9056E+01   -.9064E+01   -.9065E+01   -.9067E+01   -.9071E+01   -.9077E+01   -.9083E+01   -.9091E+01   -.9097E+01   -.9108E+01   -.9116E+01   -.9129E+01   -.9139E+01   -.9157E+01   -.9171E+01   -.9194E+01   -.9213E+01   -.9245E+01   -.9272E+01   -.9315E+01   -.9352E+01   -.9410E+01   -.9454E+01   -.9514E+01   -.9526E+01   -.9510E+01   -.9336E+01   -.9492E+01   -.1062E+02   -.5720E+01   -.2387E+01   -.1390E+01   -.1134E+01   -.1259E+01   -.1227E+01   -.1341E+01   -.1370E+01
0.1278E+02   -.9000E+01   -.9001E+01   -.9001E+01   -.9001E+01   -.9001E+01   -.9001E+01   -.9001E+01   -.9001E+01   -.9001E+01   -.9001E+01   -.9001E+01   -.9001E+01   -.9001E+01   -.9001E+01   -.9001E+01   -.9001E+01   -.9002E+01   -.9002E+01   -.9002E+01   -.9002E+01   -.9002E+01   -.9002E+01   -.9003E+01   -.9003E+01   -.9003E+01   -.9003E+01   -.9004E+01   -.9004E+01   -.9004E+01   -.9005E+01   -.9005E+01   -.9006E+01   -.9006E+01   -.9007E+01   -.9007E+01   -.9008E+01   -.9008E+01   -.9009E+01   -.9010E+01   -.9010E+01   -.9011E+01   -.9012E+01   -.9013E+01   -.9014E+01   -.9015E+01   -.9016E+01   -.9017E+01   -.9019E+01   -.9020E+01   -.9022E+01   -.9023E+01   -.9025E+01   -.9027E+01   -.9028E+01   -.9031E+01   -.9033E+01   -.9035E+01   -.9038E+01   -.9041E+01   -.9044E+01   -.9047E+01   -.9051E+01   -.9055E+01   -.9059E+01   -.9068E+01   -.9069E+01   -.9070E+01   -.9075E+01   -.9082E+01   -.9088E+01   -.9096E+01   -.9103E+01   -.9114E+01   -.9123E+01   -.9137E+01   -.9149E+01   -.9167E+01   -.9184E+01   -.9208E+01   -.9231E+01   -.9264E+01   -.9297E+01   -.9342E+01   -.9386E+01   -.9443E+01   -.9490E+01   -.9531E+01   -.9516E+01   -.9421E+01   -.9378E+01   -.1010E+02   -.8388E+01   -.2910E+01   -.1663E+01   -.1144E+01   -.1192E+01   -.1271E+01   -.1266E+01   -.1388E+01   -.1389E+01
0.1300E+02   -.9001E+01   -.9001E+01   -.9001E+01   -.9001E+01   -.9001E+01   -.9001E+01   -.9001E+01   -.9001E+01   -.9001E+01   -.9001E+01   -.9001E+01   -.9001E+01   -.9001E+01   -.9001E+01   -.9001E+01   -.9002E+01   -.9002E+01   -.9002E+01   -.9002E+01   -.9002E+01   -.9002E+01   -.9003E+01   -.9003E+01   -.9003E+01   -.9003E+01   -.9004E+01   -.9004E+01   -.9004E+01   -.9005E+01   -.9005E+01   -.9006E+01   -.9006E+01   -.9007E+01   -.9007E+01   -.9008E+01   -.9008E+01   -.9009E+01   -.9010E+01   -.9010E+01   -.9011E+01   -.9012E+01   -.9013E+01   -.9014E+01   -.9015E+01   -.9016E+01   -.9017E+01   -.9018E+01   -.9020E+01   -.9021E+01   -.9023E+01   -.9024E+01   -.9026E+01   -.9028E+01   -.9030E+01   -.9032E+01   -.9035E+01   -.9037E+01   -.9040E+01   -.9042E+01   -.9047E+01   -.9049E+01   -.9054E+01   -.9057E+01   -.9063E+01   -.9071E+01   -.9072E+01   -.9073E+01   -.9081E+01   -.9085E+01   -.9095E+01   -.9099E+01   -.9112E+01   -.9118E+01   -.9134E+01   -.9142E+01   -.9164E+01   -.9174E+01   -.9203E+01   -.9218E+01   -.9257E+01   -.9279E+01   -.9331E+01   -.9362E+01   -.9431E+01   -.9465E+01   -.9536E+01   -.9523E+01   -.9506E+01   -.9264E+01   -.9590E+01   -.1106E+02   -.3433E+01   -.1937E+01   -.1154E+01   -.1124E+01   -.1315E+01   -.1191E+01   -.1406E+01   -.1355E+01   -.1450E+01
0.1322E+02   -.9001E+01   -.9001E+01   -.9001E+01   -.9001E+01   -.9001E+01   -.9001E+01   -.9001E+01   -.9001E+01   -.9001E+01   -.9001E+01   -.9001E+01   -.9001E+01   -.9001E+01   -.9002E+01   -.9002E+01   -.9002E+01   -.9002E+01   -.9002E+01   -.9002E+01   -.9002E+01   -.9003E+01   -.9003E+01   -.9003E+01   -.9003E+01   -.9004E+01   -.9004E+01   -.9004E+01   -.9005E+01   -.9005E+01   -.9006E+01   -.9006E+01   -.9006E+01   -.9007E+01   -.9008E+01   -.9008E+01   -.9009E+01   -.9009E+01   -.9010E+01   -.9011E+01   -.9012E+01   -.9013E+01   -.9014E+01   -.9015E+01   -.9016E+01   -.9017E+01   -.9018E+01   -.9019E+01   -.9021E+01   -.9022E+01   -.9024E+01   -.9026E+01   -.9027E+01   -.9029E+01   -.9031E+01   -.9034E+01   -.9036E+01   -.9039E+01   -.9042E+01   -.9045E+01   -.9048E+01   -.9053E+01   -.9056E+01   -.9061E+01   -.9066E+01   -.9075E+01   -.9076E+01   -.9078E+01   -.9083E+01   -.9091E+01   -.9098E+01   -.9108E+01   -.9116E+01   -.9129E+01   -.9140E+01   -.9157E+01   -.9171E+01   -.9193E+01   -.9213E+01   -.9244E+01   -.9272E+01   -.9313E+01   -.9352E+01   -.9407E+01   -.9454E+01   -.9511E+01   -.9528E+01   -.9512E+01   -.9349E+01   -.9477E+01   -.1054E+02   -.6101E+01   -.2460E+01   -.1429E+01   -.1134E+01   -.1248E+01   -.1234E+01   -.1331E+01   -.1373E+01   -.1417E+01   -.1435E+01
0.1343E+02   -.9001E+01   -.9001E+01   -.9001E+01   -.9001E+01   -.9001E+01   -.9001E+01   -.9001E+01   -.9001E+01   -.9001E+01   -.9001E+01   -.9001E+01   -.9001E+01   -.9002E+01   -.9002E+01   -.9002E+01   -.9002E+01   -.9002E+01   -.9002E+01   -.9002E+01   -.9003E+01   -.9003E+01   -.9003E+01   -.9003E+01   -.9004E+01   -.9004E+01   -.9004E+01   -.9005E+01   -.9005E+01   -.9005E+01   -.9006E+01   -.9006E+01   -.9007E+01   -.9007E+01   -.9008E+01   -.9009E+01   -.9009E+01   -.9010E+01   -.9011E+01   -.9012E+01   -.9012E+01   -.9013E+01   -.9014E+01   -.9015E+01   -.9016E+01   -.9018E+01   -.9019E+01   -.9020E+01   -.9022E+01   -.9023E+01   -.9025E+01   -.9027E+01   -.9029E+01   -.9031E+01   -.9033E+01   -.9036E+01   -.9038E+01   -.9041E+01   -.9044E+01   -.9048E+01   -.9051E+01   -.9055E+01   -.9059E+01   -.9065E+01   -.9069E+01   -.9080E+01   -.9081E+01   -.9082E+01   -.9088E+01   -.9097E+01   -.9104E+01   -.9114E+01   -.9124E+01   -.9137E+01   -.9149E+01   -.9168E+01   -.9184E+01   -.9208E+01   -.9231E+01   -.9264E+01   -.9295E+01   -.9341E+01   -.9384E+01   -.9442E+01   -.9487E+01   -.9533E+01   -.9518E+01   -.9434E+01   -.9363E+01   -.1003E+02   -.8769E+01   -.2984E+01   -.1701E+01   -.1145E+01   -.1181E+01   -.1278E+01   -.1256E+01   -.1391E+01   -.1384E+01   -.1444E+01   -.1440E+01
0.1365E+02   -.9001E+01   -.9001E+01   -.9001E+01   -.9001E+01   -.9001E+01   -.9001E+01   -.9001E+01   -.9001E+01   -.9001E+01   -.9001E+01   -.9001E+01   -.9002E+01   -.9002E+01   -.9002E+01   -.9002E+01   -.9002E+01   -.9002E+01   -.9002E+01   -.9003E+01   -.9003E+01   -.9003E+01   -.9003E+01   -.9004E+01   -.9004E+01   -.9004E+01   -.9005E+01   -.9005E+01   -.9005E+01   -.9006E+01   -.9006E+01   -.9007E+01   -.9007E+01   -.9008E+01   -.9008E+01   -.9009E+01   -.9010E+01   -.9011E+01   -.9011E+01   -.9012E+01   -.9013E+01   -.9014E+01   -.9015E+01   -.9016E+01   -.9017E+01   -.9019E+01   -.9020E+01   -.9021E+01   -.9023E+01   -.9025E+01   -.9026E+01   -.9028E+01   -.9030E+01   -.9032E+01   -.9035E+01   -.9037E+01   -.9040E+01   -.9043E+01   -.9047E+01   -.9049E+01   -.9054E+01   -.9057E+01   -.9063E+01   -.9067E+01   -.9075E+01   -.9083E+01   -.9085E+01   -.9086E+01   -.9096E+01   -.9100E+01   -.9113E+01   -.9119E+01   -.9135E+01   -.9143E+01   -.9164E+01   -.9175E+01   -.9202E+01   -.9219E+01   -.9256E+01   -.9279E+01   -.9330E+01   -.9362E+01   -.9428E+01   -.9465E+01   -.9533E+01   -.9525E+01   -.9508E+01   -.9278E+01   -.9575E+01   -.1098E+02   -.3814E+01   -.2011E+01   -.1194E+01   -.1124E+01   -.1306E+01   -.1198E+01   -.1395E+01   -.1358E+01   -.1447E+01   -.1427E+01   -.1469E+01
0.1387E+02   -.9001E+01   -.9001E+01   -.9001E+01   -.9001E+01   -.9001E+01   -.9001E+01   -.9001E+01   -.9001E+01   -.9001E+01   -.9001E+01   -.9002E+01   -.9002E+01   -.9002E+01   -.9002E+01   -.9002E+01   -.9002E+01   -.9002E+01   -.9003E+01   -.9003E+01   -.9003E+01   -.9003E+01   -.9004E+01   -.9004E+01   -.9004E+01   -.9005E+01   -.9005E+01   -.9005E+01   -.9006E+01   -.9006E+01   -.9007E+01   -.9007E+01   -.9008E+01   -.9008E+01   -.9009E+01   -.9010E+01   -.9010E+01   -.9011E+01   -.9012E+01   -.9013E+01   -.9014E+01   -.9015E+01   -.9016E+01   -.9017E+01   -.9018E+01   -.9020E+01   -.9021E+01   -.9023E+01   -.9024E+01   -.9026E+01   -.9028E+01   -.9030E+01   -.9032E+01   -.9034E+01   -.9036E+01   -.9039E+01   -.9042E+01   -.9045E+01   -.9049E+01   -.9053E+01   -.9056E+01   -.9061E+01   -.9066E+01   -.9072E+01   -.9077E+01   -.9089E+01   -.9090E+01   -.9092E+01   -.9099E+01   -.9108E+01   -.9117E+01   -.9129E+01   -.9140E+01   -.9156E+01   -.9172E+01   -.9193E+01   -.9214E+01   -.9243E+01   -.9272E+01   -.9312E+01   -.9351E+01   -.9405E+01   -.9453E+01   -.9509E+01   -.9530E+01   -.9514E+01   -.9362E+01   -.9461E+01   -.1047E+02   -.6483E+01   -.2533E+01   -.1467E+01   -.1135E+01   -.1239E+01   -.1241E+01   -.1321E+01   -.1376E+01   -.1413E+01   -.1437E+01   -.1454E+01   -.1462E+01
0.1408E+02   -.9001E+01   -.9001E+01   -.9001E+01   -.9001E+01   -.9001E+01   -.9001E+01   -.9001E+01   -.9001E+01   -.9001E+01   -.9001E+01   -.9002E+01   -.9002E+01   -.9002E+01   -.9002E+01   -.9002E+01   -.9002E+01   -.9003E+01   -.9003E+01   -.9003E+01   -.9003E+01   -.9004E+01   -.9004E+01   -.9004E+01   -.9005E+01   -.9005E+01   -.9005E+01   -.9006E+01   -.9006E+01   -.9007E+01   -.9007E+01   -.9008E+01   -.9008E+01   -.9009E+01   -.9010E+01   -.9010E+01   -.9011E+01   -.9012E+01   -.9013E+01   -.9014E+01   -.9015E+01   -.9016E+01   -.9017E+01   -.9018E+01   -.9019E+01   -.9021E+01   -.9022E+01   -.9024E+01   -.9025E+01   -.9027E+01   -.9029E+01   -.9031E+01   -.9033E+01   -.9036E+01   -.9038E+01   -.9041E+01   -.9044E+01   -.9048E+01   -.9051E+01   -.9056E+01   -.9059E+01   -.9065E+01   -.9069E+01   -.9076E+01   -.9081E+01   -.9094E+01   -.9095E+01   -.9097E+01   -.9104E+01   -.9115E+01   -.9124E+01   -.9138E+01   -.9149E+01   -.9168E+01   -.9183E+01   -.9209E+01   -.9230E+01   -.9264E+01   -.9294E+01   -.9341E+01   -.9381E+01   -.9441E+01   -.9485E+01   -.9534E+01   -.9521E+01   -.9447E+01   -.9348E+01   -.9959E+01   -.9151E+01   -.3059E+01   -.1739E+01   -.1147E+01   -.1170E+01   -.1285E+01   -.1246E+01   -.1394E+01   -.1380E+01   -.1446E+01   -.1438E+01   -.1468E+01   -.1461E+01
0.1430E+02   -.9001E+01   -.9001E+01   -.9001E+01   -.9001E+01   -.9001E+01   -.9001E+01   -.9001E+01   -.9001E+01   -.9001E+01   -.9002E+01   -.9002E+01   -.9002E+01   -.9002E+01   -.9002E+01   -.9002E+01   -.9003E+01   -.9003E+01   -.9003E+01   -.9003E+01   -.9004E+01   -.9004E+01   -.9004E+01   -.9004E+01   -.9005E+01   -.9005E+01   -.9006E+01   -.9006E+01   -.9007E+01   -.9007E+01   -.9008E+01   -.9008E+01   -.9009E+01   -.9009E+01   -.9010E+01   -.9011E+01   -.9012E+01   -.9012E+01   -.9013E+01   -.9014E+01   -.9015E+01   -.9016E+01   -.9018E+01   -.9019E+01   -.9020E+01   -.9022E+01   -.9023E+01   -.9025E+01   -.9027E+01   -.9028E+01   -.9031E+01   -.9033E+01   -.9035E+01   -.9037E+01   -.9041E+01   -.9043E+01   -.9047E+01   -.9049E+01   -.9054E+01   -.9057E+01   -.9063E+01   -.9067E+01   -.9074E+01   -.9079E+01   -.9088E+01   -.9099E+01   -.9100E+01   -.9102E+01   -.9114E+01   -.9120E+01   -.9135E+01   -.9144E+01   -.9164E+01   -.9176E+01   -.9202E+01   -.9219E+01   -.9255E+01   -.9279E+01   -.9328E+01   -.9361E+01   -.9426E+01   -.9464E+01   -.9531E+01   -.9526E+01   -.9510E+01   -.9291E+01   -.9560E+01   -.1091E+02   -.4195E+01   -.2085E+01   -.1233E+01   -.1125E+01   -.1297E+01   -.1205E+01   -.1385E+01   -.1361E+01   -.1442E+01   -.1429E+01   -.1468E+01   -.1457E+01   -.1474E+01
0.1452E+02   -.9001E+01   -.9001E+01   -.9001E+01   -.9001E+01   -.9001E+01   -.9001E+01   -.9001E+01   -.9001E+01   -.9002E+01   -.9002E+01   -.9002E+01   -.9002E+01   -.9002E+01   -.9002E+01   -.9003E+01   -.9003E+01   -.9003E+01   -.9003E+01   -.9004E+01   -.9004E+01   -.9004E+01   -.9004E+01   -.9005E+01   -.9005E+01   -.9006E+01   -.9006E+01   -.9006E+01   -.9007E+01   -.9007E+01   -.9008E+01   -.9009E+01   -.9009E+01   -.9010E+01   -.9011E+01   -.9011E+01   -.9012E+01   -.9013E+01   -.9014E+01   -.9015E+01   -.9016E+01   -.9017E+01   -.9018E+01   -.9020E+01   -.9021E+01   -.9023E+01   -.9024E+01   -.9026E+01   -.9028E+01   -.9030E+01   -.9032E+01   -.9034E+01   -.9037E+01   -.9039E+01   -.9042E+01   -.9045E+01   -.9049E+01   -.9053E+01   -.9056E+01   -.9061E+01   -.9066E+01   -.9072E+01   -.9077E+01   -.9085E+01   -.9092E+01   -.9105E+01   -.9107E+01   -.9109E+01   -.9118E+01   -.9129E+01   -.9141E+01   -.9157E+01   -.9172E+01   -.9193E+01   -.9214E+01   -.9242E+01   -.9272E+01   -.9311E+01   -.9351E+01   -.9403E+01   -.9453E+01   -.9507E+01   -.9532E+01   -.9516E+01   -.9376E+01   -.9447E+01   -.1040E+02   -.6864E+01   -.2608E+01   -.1506E+01   -.1136E+01   -.1229E+01   -.1248E+01   -.1311E+01   -.1379E+01   -.1409E+01   -.1439E+01   -.1452E+01   -.1464E+01   -.1467E+01   -.1469E+01
0.1473E+02   -.9001E+01   -.9001E+01   -.9001E+01   -.9001E+01   -.9001E+01   -.9001E+01   -.9001E+01   -.9002E+01   -.9002E+01   -.9002E+01   -.9002E+01   -.9002E+01   -.9002E+01   -.9003E+01   -.9003E+01   -.9003E+01   -.9003E+01   -.9003E+01   -.9004E+01   -.9004E+01   -.9004E+01   -.9005E+01   -.9005E+01   -.9005E+01   -.9006E+01   -.9006E+01   -.9007E+01   -.9007E+01   -.9008E+01   -.9008E+01   -.9009E+01   -.9010E+01   -.9010E+01   -.9011E+01   -.9012E+01   -.9013E+01   -.9014E+01   -.9015E+01   -.9016E+01   -.9017E+01   -.9018E+01   -.9019E+01   -.9021E+01   -.9022E+01   -.9024E+01   -.9026E+01   -.9027E+01   -.9029E+01   -.9031E+01   -.9034E+01   -.9036E+01   -.9038E+01   -.9041E+01   -.9044E+01   -.9048E+01   -.9051E+01   -.9056E+01   -.9059E+01   -.9065E+01   -.9069E+01   -.9076E+01   -.9081E+01   -.9090E+01   -.9096E+01   -.9112E+01   -.9113E+01   -.9115E+01   -.9124E+01   -.9139E+01   -.9149E+01   -.9169E+01   -.9183E+01   -.9209E+01   -.9229E+01   -.9264E+01   -.9293E+01   -.9341E+01   -.9379E+01   -.9441E+01   -.9483E+01   -.9537E+01   -.9523E+01   -.9461E+01   -.9333E+01   -.9887E+01   -.9534E+01   -.3134E+01   -.1778E+01   -.1149E+01   -.1160E+01   -.1292E+01   -.1236E+01   -.1397E+01   -.1376E+01   -.1448E+01   -.1437E+01   -.1470E+01   -.1460E+01   -.1474E+01   -.1464E+01
0.1495E+02   -.9001E+01   -.9001E+01   -.9001E+01   -.9001E+01   -.9001E+01   -.9001E+01   -.9001E+01   -.9002E+01   -.9002E+01   -.9002E+01   -.9002E+01   -.9002E+01   -.9002E+01   -.9003E+01   -.9003E+01   -.9003E+01   -.9003E+01   -.9004E+01   -.9004E+01   -.9004E+01   -.9005E+01   -.9005E+01   -.9005E+01   -.9006E+01   -.9006E+01   -.9007E+01   -.9007E+01   -.9008E+01   -.9008E+01   -.9009E+01   -.9010E+01   -.9010E+01   -.9011E+01   -.9012E+01   -.9013E+01   -.9014E+01   -.9014E+01   -.9015E+01   -.9017E+01   -.9018E+01   -.9019E+01   -.9020E+01   -.9022E+01   -.9023E+01   -.9025E+01   -.9027E+01   -.9029E+01   -.9031E+01   -.9033E+01   -.9035E+01   -.9038E+01   -.9041E+01   -.9043E+01   -.9047E+01   -.9050E+01   -.9054E+01   -.9057E+01   -.9063E+01   -.9067E+01   -.9074E+01   -.9079E+01   -.9088E+01   -.9093E+01   -.9105E+01   -.9118E+01   -.9119E+01   -.9122E+01   -.9136E+01   -.9145E+01   -.9164E+01   -.9177E+01   -.9202E+01   -.9220E+01   -.9255E+01   -.9279E+01   -.9327E+01   -.9361E+01   -.9424E+01   -.9464E+01   -.9529E+01   -.9529E+01   -.9512E+01   -.9305E+01   -.9546E+01   -.1084E+02   -.4576E+01   -.2159E+01   -.1273E+01   -.1126E+01   -.1288E+01   -.1212E+01   -.1375E+01   -.1365E+01   -.1438E+01   -.1432E+01   -.1466E+01   -.1459E+01   -.1474E+01   -.1465E+01   -.1469E+01
0.1517E+02   -.9001E+01   -.9001E+01   -.9001E+01   -.9001E+01   -.9001E+01   -.9001E+01   -.9002E+01   -.9002E+01   -.9002E+01   -.9002E+01   -.9002E+01   -.9002E+01   -.9003E+01   -.9003E+01   -.9003E+01   -.9003E+01   -.9004E+01   -.9004E+01   -.9004E+01   -.9005E+01   -.9005E+01   -.9005E+01   -.9006E+01   -.9006E+01   -.9007E+01   -.9007E+01   -.9008E+01   -.9008E+01   -.9009E+01   -.9009E+01   -.9010E+01   -.9011E+01   -.9012E+01   -.9012E+01   -.9013E+01   -.9014E+01   -.9015E+01   -.9016E+01   -.9017E+01   -.9019E+01   -.9020E+01   -.9021E+01   -.9023E+01   -.9024E+01   -.9026E+01   -.9028E+01   -.9030E+01   -.9032E+01   -.9034E+01   -.9037E+01   -.9040E+01   -.9042E+01   -.9046E+01   -.9049E+01   -.9053E+01   -.9057E+01   -.9061E+01   -.9066E+01   -.9072E+01   -.9077E+01   -.9084E+01   -.9092E+01   -.9100E+01   -.9110E+01   -.9126E+01   -.9128E+01   -.9130E+01   -.9142E+01   -.9157E+01   -.9173E+01   -.9193E+01   -.9215E+01   -.9242E+01   -.9272E+01   -.9309E+01   -.9351E+01   -.9401E+01   -.9452E+01   -.9505E+01   -.9534E+01   -.9519E+01   -.9390E+01   -.9432E+01   -.1033E+02   -.7247E+01   -.2682E+01   -.1546E+01   -.1138E+01   -.1219E+01   -.1256E+01   -.1301E+01   -.1383E+01   -.1405E+01   -.1441E+01   -.1451E+01   -.1465E+01   -.1467E+01   -.1470E+01   -.1466E+01   -.1463E+01
0.1538E+02   -.9001E+01   -.9001E+01   -.9001E+01   -.9001E+01   -.9001E+01   -.9001E+01   -.9002E+01   -.9002E+01   -.9002E+01   -.9002E+01   -.9002E+01   -.9003E+01   -.9003E+01   -.9003E+01   -.9003E+01   -.9004E+01   -.9004E+01   -.9004E+01   -.9004E+01   -.9005E+01   -.9005E+01   -.9006E+01   -.9006E+01   -.9006E+01   -.9007E+01   -.9007E+01   -.9008E+01   -.9009E+01   -.9009E+01   -.9010E+01   -.9011E+01   -.9011E+01   -.9012E+01   -.9013E+01   -.9014E+01   -.9015E+01   -.9016E+01   -.9017E+01   -.9018E+01   -.9020E+01   -.9021E+01   -.9022E+01   -.9024E+01   -.9026E+01   -.9027E+01   -.9029E+01   -.9031E+01   -.9034E+01   -.9036E+01   -.9039E+01   -.9042E+01   -.9044E+01   -.9048E+01   -.9051E+01   -.9056E+01   -.9059E+01   -.9065E+01   -.9069E+01   -.9076E+01   -.9081E+01   -.9090E+01   -.9096E+01   -.9108E+01   -.9115E+01   -.9135E+01   -.9136E+01   -.9139E+01   -.9149E+01   -.9169E+01   -.9183E+01   -.9209E+01   -.9228E+01   -.9265E+01   -.9291E+01   -.9341E+01   -.9377E+01   -.9441E+01   -.9481E+01   -.9539E+01   -.9525E+01   -.9475E+01   -.9319E+01   -.9816E+01   -.9916E+01   -.3209E+01   -.1815E+01   -.1151E+01   -.1149E+01   -.1299E+01   -.1226E+01   -.1401E+01   -.1372E+01   -.1450E+01   -.1435E+01   -.1471E+01   -.1460E+01   -.1476E+01   -.1464E+01   -.1468E+01   -.1455E+01
0.1560E+02   -.9001E+01   -.9001E+01   -.9001E+01   -.9001E+01   -.9001E+01   -.9002E+01   -.9002E+01   -.9002E+01   -.9002E+01   -.9002E+01   -.9003E+01   -.9003E+01   -.9003E+01   -.9003E+01   -.9003E+01   -.9004E+01   -.9004E+01   -.9004E+01   -.9005E+01   -.9005E+01   -.9006E+01   -.9006E+01   -.9006E+01   -.9007E+01   -.9007E+01   -.9008E+01   -.9008E+01   -.9009E+01   -.9010E+01   -.9010E+01   -.9011E+01   -.9012E+01   -.9013E+01   -.9014E+01   -.9015E+01   -.9016E+01   -.9017E+01   -.9018E+01   -.9019E+01   -.9020E+01   -.9022E+01   -.9023E+01   -.9025E+01   -.9027E+01   -.9029E+01   -.9031E+01   -.9033E+01   -.9035E+01   -.9038E+01   -.9041E+01   -.9044E+01   -.9047E+01   -.9050E+01   -.9054E+01   -.9058E+01   -.9063E+01   -.9067E+01   -.9074E+01   -.9079E+01   -.9087E+01   -.9093E+01   -.9104E+01   -.9112E+01   -.9126E+01   -.9143E+01   -.9144E+01   -.9147E+01   -.9165E+01   -.9178E+01   -.9203E+01   -.9220E+01   -.9254E+01   -.9280E+01   -.9326E+01   -.9361E+01   -.9422E+01   -.9464E+01   -.9527E+01   -.9531E+01   -.9515E+01   -.9319E+01   -.9531E+01   -.1077E+02   -.4958E+01   -.2235E+01   -.1312E+01   -.1128E+01   -.1278E+01   -.1219E+01   -.1366E+01   -.1368E+01   -.1435E+01   -.1434E+01   -.1465E+01   -.1461E+01   -.1474E+01   -.1466E+01   -.1469E+01   -.1459E+01   -.1454E+01
0.1582E+02   -.9001E+01   -.9001E+01   -.9001E+01   -.9001E+01   -.9001E+01   -.9002E+01   -.9002E+01   -.9002E+01   -.9002E+01   -.9002E+01   -.9003E+01   -.9003E+01   -.9003E+01   -.9003E+01   -.9004E+01   -.9004E+01   -.9004E+01   -.9005E+01   -.9005E+01   -.9005E+01   -.9006E+01   -.9006E+01   -.9007E+01   -.9007E+01   -.9008E+01   -.9008E+01   -.9009E+01   -.9010E+01   -.9010E+01   -.9011E+01   -.9012E+01   -.9013E+01   -.9013E+01   -.9014E+01   -.9015E+01   -.9016E+01   -.9018E+01   -.9019E+01   -.9020E+01   -.9021E+01   -.9023E+01   -.9025E+01   -.9026E+01   -.9028E+01   -.9030E+01   -.9032E+01   -.9035E+01   -.9037E+01   -.9040E+01   -.9043E+01   -.9046E+01   -.9049E+01   -.9053E+01   -.9057E+01   -.9061E+01   -.9066E+01   -.9071E+01   -.9077E+01   -.9084E+01   -.9092E+01   -.9100E+01   -.9110E+01   -.9120E+01   -.9133E+01   -.9153E+01   -.9155E+01   -.9157E+01   -.9174E+01   -.9193E+01   -.9215E+01   -.9241E+01   -.9272E+01   -.9308E+01   -.9351E+01   -.9399E+01   -.9452E+01   -.9503E+01   -.9536E+01   -.9522E+01   -.9404E+01   -.9418E+01   -.1026E+02   -.7630E+01   -.2756E+01   -.1585E+01   -.1140E+01   -.1210E+01   -.1263E+01   -.1291E+01   -.1386E+01   -.1402E+01   -.1443E+01   -.1449E+01   -.1467E+01   -.1467E+01   -.1472E+01   -.1467E+01   -.1464E+01   -.1455E+01   -.1447E+01
0.1603E+02   -.9001E+01   -.9001E+01   -.9001E+01   -.9001E+01   -.9002E+01   -.9002E+01   -.9002E+01   -.9002E+01   -.9002E+01   -.9003E+01   -.9003E+01   -.9003E+01   -.9003E+01   -.9004E+01   -.9004E+01   -.9004E+01   -.9005E+01   -.9005E+01   -.9005E+01   -.9006E+01   -.9006E+01   -.9007E+01   -.9007E+01   -.9008E+01   -.9008E+01   -.9009E+01   -.9009E+01   -.9010E+01   -.9011E+01   -.9012E+01   -.9012E+01   -.9013E+01   -.9014E+01   -.9015E+01   -.9016E+01   -.9017E+01   -.9018E+01   -.9020E+01   -.9021E+01   -.9022E+01   -.9024E+01   -.9026E+01   -.9027E+01   -.9029E+01   -.9032E+01   -.9034E+01   -.9036E+01   -.9039E+01   -.9042E+01   -.9045E+01   -.9048E+01   -.9051E+01   -.9056E+01   -.9059E+01   -.9065E+01   -.9069E+01   -.9076E+01   -.9081E+01   -.9090E+01   -.9096E+01   -.9108E+01   -.9115E+01   -.9130E+01   -.9139E+01   -.9164E+01   -.9166E+01   -.9169E+01   -.9182E+01   -.9210E+01   -.9228E+01   -.9265E+01   -.9290E+01   -.9341E+01   -.9376E+01   -.9441E+01   -.9479E+01   -.9541E+01   -.9528E+01   -.9489E+01   -.9305E+01   -.9745E+01   -.1030E+02   -.3285E+01   -.1853E+01   -.1154E+01   -.1139E+01   -.1307E+01   -.1217E+01   -.1404E+01   -.1369E+01   -.1452E+01   -.1434E+01   -.1473E+01   -.1460E+01   -.1477E+01   -.1465E+01   -.1469E+01   -.1456E+01   -.1453E+01   -.1439E+01
0.1625E+02   -.9001E+01   -.9001E+01   -.9001E+01   -.9001E+01   -.9002E+01   -.9002E+01   -.9002E+01   -.9002E+01   -.9002E+01   -.9003E+01   -.9003E+01   -.9003E+01   -.9004E+01   -.9004E+01   -.9004E+01   -.9004E+01   -.9005E+01   -.9005E+01   -.9006E+01   -.9006E+01   -.9006E+01   -.9007E+01   -.9007E+01   -.9008E+01   -.9009E+01   -.9009E+01   -.9010E+01   -.9011E+01   -.9011E+01   -.9012E+01   -.9013E+01   -.9014E+01   -.9015E+01   -.9016E+01   -.9017E+01   -.9018E+01   -.9019E+01   -.9021E+01   -.9022E+01   -.9024E+01   -.9025E+01   -.9027E+01   -.9029E+01   -.9031E+01   -.9033E+01   -.9035E+01   -.9038E+01   -.9041E+01   -.9044E+01   -.9047E+01   -.9050E+01   -.9054E+01   -.9058E+01   -.9063E+01   -.9067E+01   -.9074E+01   -.9079E+01   -.9087E+01   -.9093E+01   -.9104E+01   -.9111E+01   -.9125E+01   -.9135E+01   -.9153E+01   -.9175E+01   -.9177E+01   -.9180E+01   -.9203E+01   -.9222E+01   -.9254E+01   -.9281E+01   -.9325E+01   -.9362E+01   -.9421E+01   -.9464E+01   -.9526E+01   -.9534E+01   -.9518E+01   -.9333E+01   -.9518E+01   -.1070E+02   -.5340E+01   -.2310E+01   -.1351E+01   -.1130E+01   -.1269E+01   -.1227E+01   -.1356E+01   -.1372E+01   -.1431E+01   -.1436E+01   -.1464E+01   -.1463E+01   -.1474E+01   -.1468E+01   -.1469E+01   -.1460E+01   -.1455E+01   -.1443E+01   -.1434E+01
0.1647E+02   -.9001E+01   -.9001E+01   -.9001E+01   -.9001E+01   -.9002E+01   -.9002E+01   -.9002E+01   -.9002E+01   -.9003E+01   -.9003E+01   -.9003E+01   -.9003E+01   -.9004E+01   -.9004E+01   -.9004E+01   -.9005E+01   -.9005E+01   -.9005E+01   -.9006E+01   -.9006E+01   -.9007E+01   -.9007E+01   -.9008E+01   -.9008E+01   -.9009E+01   -.9010E+01   -.9010E+01   -.9011E+01   -.9012E+01   -.9013E+01   -.9014E+01   -.9014E+01   -.9015E+01   -.9017E+01   -.9018E+01   -.9019E+01   -.9020E+01   -.9022E+01   -.9023E+01   -.9025E+01   -.9026E+01   -.9028E+01   -.9030E+01   -.9032E+01   -.9035E+01   -.9037E+01   -.9040E+01   -.9043E+01   -.9046E+01   -.9049E+01   -.9053E+01   -.9057E+01   -.9061E+01   -.9066E+01   -.9071E+01   -.9078E+01   -.9084E+01   -.9092E+01   -.9099E+01   -.9109E+01   -.9120E+01   -.9132E+01   -.9146E+01   -.9163E+01   -.9189E+01   -.9190E+01   -.9193E+01   -.9216E+01   -.9241E+01   -.9273E+01   -.9308E+01   -.9352E+01   -.9398E+01   -.9453E+01   -.9502E+01   -.9539E+01   -.9525E+01   -.9418E+01   -.9404E+01   -.1019E+02   -.8013E+01   -.2830E+01   -.1625E+01   -.1142E+01   -.1201E+01   -.1270E+01   -.1282E+01   -.1390E+01   -.1398E+01   -.1445E+01   -.1448E+01   -.1469E+01   -.1467E+01   -.1473E+01   -.1467E+01   -.1466E+01   -.1456E+01   -.1449E+01   -.1437E+01   -.1426E+01
0.1668E+02   -.9001E+01   -.9001E+01   -.9001E+01   -.9002E+01   -.9002E+01   -.9002E+01   -.9002E+01   -.9002E+01   -.9003E+01   -.9003E+01   -.9003E+01   -.9004E+01   -.9004E+01   -.9004E+01   -.9005E+01   -.9005E+01   -.9005E+01   -.9006E+01   -.9006E+01   -.9007E+01   -.9007E+01   -.9008E+01   -.9008E+01   -.9009E+01   -.9009E+01   -.9010E+01   -.9011E+01   -.9012E+01   -.9012E+01   -.9013E+01   -.9014E+01   -.9015E+01   -.9016E+01   -.9017E+01   -.9019E+01   -.9020E+01   -.9021E+01   -.9023E+01   -.9024E+01   -.9026E+01   -.9028E+01   -.9029E+01   -.9032E+01   -.9034E+01   -.9036E+01   -.9039E+01   -.9042E+01   -.9045E+01   -.9048E+01   -.9052E+01   -.9055E+01   -.9059E+01   -.9065E+01   -.9069E+01   -.9076E+01   -.9080E+01   -.9090E+01   -.9095E+01   -.9107E+01   -.9114E+01   -.9130E+01   -.9138E+01   -.9159E+01   -.9171E+01   -.9204E+01   -.9206E+01   -.9209E+01   -.9226E+01   -.9265E+01   -.9289E+01   -.9341E+01   -.9374E+01   -.9441E+01   -.9478E+01   -.9544E+01   -.9532E+01   -.9504E+01   -.9291E+01   -.9675E+01   -.1068E+02   -.3361E+01   -.1889E+01   -.1157E+01   -.1127E+01   -.1314E+01   -.1207E+01   -.1408E+01   -.1365E+01   -.1454E+01   -.1433E+01   -.1475E+01   -.1460E+01   -.1479E+01   -.1466E+01   -.1471E+01   -.1457E+01   -.1455E+01   -.1440E+01   -.1432E+01   -.1417E+01
0.1690E+02   -.9001E+01   -.9001E+01   -.9001E+01   -.9002E+01   -.9002E+01   -.9002E+01   -.9002E+01   -.9003E+01   -.9003E+01   -.9003E+01   -.9003E+01   -.9004E+01   -.9004E+01   -.9004E+01   -.9005E+01   -.9005E+01   -.9006E+01   -.9006E+01   -.9007E+01   -.9007E+01   -.9008E+01   -.9008E+01   -.9009E+01   -.9009E+01   -.9010E+01   -.9011E+01   -.9011E+01   -.9012E+01   -.9013E+01   -.9014E+01   -.9015E+01   -.9016E+01   -.9017E+01   -.9018E+01   -.9019E+01   -.9021E+01   -.9022E+01   -.9024E+01   -.9025E+01   -.9027E+01   -.9029E+01   -.9031E+01   -.9033E+01   -.9035E+01   -.9038E+01   -.9041E+01   -.9044E+01   -.9047E+01   -.9050E+01   -.9054E+01   -.9058E+01   -.9063E+01   -.9067E+01   -.9074E+01   -.9079E+01   -.9087E+01   -.9093E+01   -.9103E+01   -.9111E+01   -.9124E+01   -.9135E+01   -.9152E+01   -.9166E+01   -.9189E+01   -.9218E+01   -.9221E+01   -.9224E+01   -.9255E+01   -.9282E+01   -.9325E+01   -.9363E+01   -.9420E+01   -.9465E+01   -.9525E+01   -.9537E+01   -.9522E+01   -.9348E+01   -.9505E+01   -.1063E+02   -.5722E+01   -.2388E+01   -.1390E+01   -.1133E+01   -.1260E+01   -.1234E+01   -.1347E+01   -.1376E+01   -.1427E+01   -.1439E+01   -.1462E+01   -.1464E+01   -.1474E+01   -.1470E+01   -.1470E+01   -.1462E+01   -.1456E+01   -.1445E+01   -.1435E+01   -.1422E+01   -.1410E+01
0.1712E+02   -.9001E+01   -.9001E+01   -.9001E+01   -.9002E+01   -.9002E+01   -.9002E+01   -.9002E+01   -.9003E+01   -.9003E+01   -.9003E+01   -.9004E+01   -.9004E+01   -.9004E+01   -.9005E+01   -.9005E+01   -.9005E+01   -.9006E+01   -.9006E+01   -.9007E+01   -.9007E+01   -.9008E+01   -.9008E+01   -.9009E+01   -.9010E+01   -.9010E+01   -.9011E+01   -.9012E+01   -.9013E+01   -.9014E+01   -.9015E+01   -.9016E+01   -.9017E+01   -.9018E+01   -.9019E+01   -.9020E+01   -.9022E+01   -.9023E+01   -.9025E+01   -.9026E+01   -.9028E+01   -.9030E+01   -.9032E+01   -.9035E+01   -.9037E+01   -.9040E+01   -.9043E+01   -.9046E+01   -.9049E+01   -.9053E+01   -.9057E+01   -.9061E+01   -.9066E+01   -.9071E+01   -.9077E+01   -.9084E+01   -.9092E+01   -.9099E+01   -.9109E+01   -.9119E+01   -.9132E+01   -.9145E+01   -.9162E+01   -.9179E+01   -.9203E+01   -.9236E+01   -.9239E+01   -.9242E+01   -.9275E+01   -.9308E+01   -.9353E+01   -.9397E+01   -.9454E+01   -.9501E+01   -.9542E+01   -.9528E+01   -.9433E+01   -.9391E+01   -.1012E+02   -.8397E+01   -.2903E+01   -.1666E+01   -.1144E+01   -.1192E+01   -.1278E+01   -.1273E+01   -.1394E+01   -.1394E+01   -.1448E+01   -.1447E+01   -.1471E+01   -.1467E+01   -.1475E+01   -.1468E+01   -.1467E+01   -.1457E+01   -.1451E+01   -.1438E+01   -.1428E+01   -.1414E+01   -.1401E+01
0.1733E+02   -.9001E+01   -.9001E+01   -.9002E+01   -.9002E+01   -.9002E+01   -.9002E+01   -.9003E+01   -.9003E+01   -.9003E+01   -.9003E+01   -.9004E+01   -.9004E+01   -.9005E+01   -.9005E+01   -.9005E+01   -.9006E+01   -.9006E+01   -.9007E+01   -.9007E+01   -.9008E+01   -.9008E+01   -.9009E+01   -.9010E+01   -.9010E+01   -.9011E+01   -.9012E+01   -.9013E+01   -.9013E+01   -.9014E+01   -.9015E+01   -.9016E+01   -.9017E+01   -.9019E+01   -.9020E+01   -.9021E+01   -.9023E+01   -.9024E+01   -.9026E+01   -.9028E+01   -.9030E+01   -.9032E+01   -.9034E+01   -.9036E+01   -.9039E+01   -.9042E+01   -.9045E+01   -.9048E+01   -.9051E+01   -.9055E+01   -.9060E+01   -.9064E+01   -.9069E+01   -.9076E+01   -.9080E+01   -.9090E+01   -.9095E+01   -.9107E+01   -.9113E+01   -.9129E+01   -.9137E+01   -.9159E+01   -.9169E+01   -.9198E+01   -.9213E+01   -.9257E+01   -.9260E+01   -.9263E+01   -.9287E+01   -.9340E+01   -.9372E+01   -.9441E+01   -.9476E+01   -.9548E+01   -.9535E+01   -.9519E+01   -.9278E+01   -.9605E+01   -.1107E+02   -.3438E+01   -.1923E+01   -.1160E+01   -.1114E+01   -.1322E+01   -.1198E+01   -.1412E+01   -.1362E+01   -.1457E+01   -.1432E+01   -.1477E+01   -.1460E+01   -.1481E+01   -.1466E+01   -.1473E+01   -.1458E+01   -.1457E+01   -.1441E+01   -.1434E+01   -.1418E+01   -.1408E+01   -.1391E+01
0.1755E+02   -.9001E+01   -.9001E+01   -.9002E+01   -.9002E+01   -.9002E+01   -.9002E+01   -.9003E+01   -.9003E+01   -.9003E+01   -.9004E+01   -.9004E+01   -.9004E+01   -.9005E+01   -.9005E+01   -.9006E+01   -.9006E+01   -.9007E+01   -.9007E+01   -.9008E+01   -.9008E+01   -.9009E+01   -.9009E+01   -.9010E+01   -.9011E+01   -.9011E+01   -.9012E+01   -.9013E+01   -.9014E+01   -.9015E+01   -.9016E+01   -.9017E+01   -.9018E+01   -.9019E+01   -.9021E+01   -.9022E+01   -.9024E+01   -.9025E+01   -.9027E+01   -.9029E+01   -.9031E+01   -.9033E+01   -.9035E+01   -.9038E+01   -.9041E+01   -.9044E+01   -.9047E+01   -.9050E+01   -.9054E+01   -.9058E+01   -.9063E+01   -.9068E+01   -.9073E+01   -.9079E+01   -.9086E+01   -.9093E+01   -.9103E+01   -.9111E+01   -.9124E+01   -.9135E+01   -.9151E+01   -.9166E+01   -.9188E+01   -.9208E+01   -.9238E+01   -.9278E+01   -.9280E+01   -.9284E+01   -.9326E+01   -.9364E+01   -.9420E+01   -.9466E+01   -.9524E+01   -.9541E+01   -.9526E+01   -.9364E+01   -.9492E+01   -.1056E+02   -.6104E+01   -.2467E+01   -.1428E+01   -.1138E+01   -.1250E+01   -.1242E+01   -.1338E+01   -.1380E+01   -.1424E+01   -.1441E+01   -.1462E+01   -.1467E+01   -.1474E+01   -.1472E+01   -.1471E+01   -.1464E+01   -.1457E+01   -.1447E+01   -.1437E+01   -.1424E+01   -.1411E+01   -.1397E+01   -.1383E+01
0.1777E+02   -.9001E+01   -.9001E+01   -.9002E+01   -.9002E+01   -.9002E+01   -.9003E+01   -.9003E+01   -.9003E+01   -.9003E+01   -.9004E+01   -.9004E+01   -.9005E+01   -.9005E+01   -.9005E+01   -.9006E+01   -.9006E+01   -.9007E+01   -.9007E+01   -.9008E+01   -.9008E+01   -.9009E+01   -.9010E+01   -.9010E+01   -.9011E+01   -.9012E+01   -.9013E+01   -.9014E+01   -.9015E+01   -.9016E+01   -.9017E+01   -.9018E+01   -.9019E+01   -.9020E+01   -.9022E+01   -.9023E+01   -.9025E+01   -.9026E+01   -.9028E+01   -.9030E+01   -.9032E+01   -.9035E+01   -.9037E+01   -.9040E+01   -.9043E+01   -.9046E+01   -.9049E+01   -.9053E+01   -.9057E+01   -.9061E+01   -.9066E+01   -.9071E+01   -.9077E+01   -.9083E+01   -.9091E+01   -.9099E+01   -.9109E+01   -.9118E+01   -.9132E+01   -.9144E+01   -.9162E+01   -.9178E+01   -.9202E+01   -.9225E+01   -.9258E+01   -.9302E+01   -.9305E+01   -.9309E+01   -.9355E+01   -.9397E+01   -.9455E+01   -.9501E+01   -.9547E+01   -.9533E+01   -.9449E+01   -.9379E+01   -.1005E+02   -.8782E+01   -.2976E+01   -.1709E+01   -.1145E+01   -.1185E+01   -.1286E+01   -.1264E+01   -.1398E+01   -.1391E+01   -.1450E+01   -.1446E+01   -.1473E+01   -.1467E+01   -.1477E+01   -.1469E+01   -.1469E+01   -.1458E+01   -.1453E+01   -.1440E+01   -.1430E+01   -.1415E+01   -.1403E+01   -.1388E+01   -.1374E+01
0.1798E+02   -.9001E+01   -.9001E+01   -.9002E+01   -.9002E+01   -.9002E+01   -.9003E+01   -.9003E+01   -.9003E+01   -.9004E+01   -.9004E+01   -.9004E+01   -.9005E+01   -.9005E+01   -.9006E+01   -.9006E+01   -.9007E+01   -.9007E+01   -.9008E+01   -.9008E+01   -.9009E+01   -.9010E+01   -.9010E+01   -.9011E+01   -.9012E+01   -.9013E+01   -.9013E+01   -.9014E+01   -.9015E+01   -.9016E+01   -.9017E+01   -.9019E+01   -.9020E+01   -.9021E+01   -.9023E+01   -.9024E+01   -.9026E+01   -.9028E+01   -.9030E+01   -.9032E+01   -.9034E+01   -.9036E+01   -.9039E+01   -.9042E+01   -.9045E+01   -.9048E+01   -.9051E+01   -.9055E+01   -.9060E+01   -.9064E+01   -.9069E+01   -.9075E+01   -.9081E+01   -.9089E+01   -.9095E+01   -.9106E+01   -.9113E+01   -.9129E+01   -.9137E+01   -.9158E+01   -.9169E+01   -.9196E+01   -.9212E+01   -.9250E+01   -.9273E+01   -.9330E+01   -.9333E+01   -.9338E+01   -.9371E+01   -.9439E+01   -.9477E+01   -.9547E+01   -.9539E+01   -.9523E+01   -.9294E+01   -.9594E+01   -.1100E+02   -.3822E+01   -.1993E+01   -.1200E+01   -.1109E+01   -.1313E+01   -.1205E+01   -.1403E+01   -.1365E+01   -.1453E+01   -.1434E+01   -.1476E+01   -.1462E+01   -.1481E+01   -.1468E+01   -.1474E+01   -.1460E+01   -.1458E+01   -.1443E+01   -.1435E+01   -.1420E+01   -.1409E+01   -.1393E+01   -.1380E+01   -.1364E+01
0.1820E+02   -.9001E+01   -.9001E+01   -.9002E+01   -.9002E+01   -.9002E+01   -.9003E+01   -.9003E+01   -.9003E+01   -.9004E+01   -.9004E+01   -.9005E+01   -.9005E+01   -.9005E+01   -.9006E+01   -.9006E+01   -.9007E+01   -.9007E+01   -.9008E+01   -.9009E+01   -.9009E+01   -.9010E+01   -.9011E+01   -.9011E+01   -.9012E+01   -.9013E+01   -.9014E+01   -.9015E+01   -.9016E+01   -.9017E+01   -.9018E+01   -.9020E+01   -.9021E+01   -.9022E+01   -.9024E+01   -.9025E+01   -.9027E+01   -.9029E+01   -.9031E+01   -.9033E+01   -.9035E+01   -.9038E+01   -.9041E+01   -.9043E+01   -.9047E+01   -.9050E+01   -.9054E+01   -.9058E+01   -.9063E+01   -.9068E+01   -.9073E+01   -.9079E+01   -.9086E+01   -.9093E+01   -.9102E+01   -.9111E+01   -.9123E+01   -.9134E+01   -.9150E+01   -.9165E+01   -.9187E+01   -.9207E+01   -.9236E+01   -.9265E+01   -.9305E+01   -.9359E+01   -.9362E+01   -.9367E+01   -.9420E+01   -.9469E+01   -.9525E+01   -.9546E+01   -.9531E+01   -.9380E+01   -.9481E+01   -.1049E+02   -.6488E+01   -.2545E+01   -.1465E+01   -.1146E+01   -.1238E+01   -.1251E+01   -.1329E+01   -.1385E+01   -.1421E+01   -.1445E+01   -.1461E+01   -.1469E+01   -.1475E+01   -.1474E+01   -.1472E+01   -.1466E+01   -.1459E+01   -.1449E+01   -.1438E+01   -.1426E+01   -.1413E+01   -.1399E+01   -.1385E+01   -.1370E+01   -.1355E+01
0.1842E+02   -.9001E+01   -.9002E+01   -.9002E+01   -.9002E+01   -.9003E+01   -.9003E+01   -.9003E+01   -.9004E+01   -.9004E+01   -.9004E+01   -.9005E+01   -.9005E+01   -.9006E+01   -.9006E+01   -.9007E+01   -.9007E+01   -.9008E+01   -.9008E+01   -.9009E+01   -.9010E+01   -.9010E+01   -.9011E+01   -.9012E+01   -.9013E+01   -.9014E+01   -.9015E+01   -.9016E+01   -.9017E+01   -.9018E+01   -.9019E+01   -.9020E+01   -.9022E+01   -.9023E+01   -.9025E+01   -.9027E+01   -.9028E+01   -.9030E+01   -.9032E+01   -.9035E+01   -.9037E+01   -.9040E+01   -.9042E+01   -.9046E+01   -.9049E+01   -.9053E+01   -.9057E+01   -.9061E+01   -.9066E+01   -.9071E+01   -.9077E+01   -.9084E+01   -.9091E+01   -.9099E+01   -.9109E+01   -.9118E+01   -.9132E+01   -.9143E+01   -.9161E+01   -.9177E+01   -.9202E+01   -.9223E+01   -.9257E+01   -.9287E+01   -.9334E+01   -.9391E+01   -.9394E+01   -.9399E+01   -.9459E+01   -.9502E+01   -.9553E+01   -.9539E+01   -.9467E+01   -.9368E+01   -.9980E+01   -.9167E+01   -.3053E+01   -.1751E+01   -.1147E+01   -.1182E+01   -.1294E+01   -.1255E+01   -.1403E+01   -.1389E+01   -.1454E+01   -.1446E+01   -.1476E+01   -.1468E+01   -.1480E+01   -.1470E+01   -.1471E+01   -.1460E+01   -.1455E+01   -.1441E+01   -.1432E+01   -.1417E+01   -.1405E+01   -.1389E+01   -.1376E+01   -.1360E+01   -.1345E+01
0.1863E+02   -.9001E+01   -.9002E+01   -.9002E+01   -.9002E+01   -.9003E+01   -.9003E+01   -.9003E+01   -.9004E+01   -.9004E+01   -.9005E+01   -.9005E+01   -.9006E+01   -.9006E+01   -.9007E+01   -.9007E+01   -.9008E+01   -.9008E+01   -.9009E+01   -.9009E+01   -.9010E+01   -.9011E+01   -.9012E+01   -.9013E+01   -.9013E+01   -.9014E+01   -.9015E+01   -.9016E+01   -.9018E+01   -.9019E+01   -.9020E+01   -.9021E+01   -.9023E+01   -.9024E+01   -.9026E+01   -.9028E+01   -.9030E+01   -.9032E+01   -.9034E+01   -.9036E+01   -.9039E+01   -.9041E+01   -.9044E+01   -.9048E+01   -.9051E+01   -.9055E+01   -.9060E+01   -.9064E+01   -.9069E+01   -.9075E+01   -.9081E+01   -.9088E+01   -.9096E+01   -.9106E+01   -.9114E+01   -.9128E+01   -.9137E+01   -.9157E+01   -.9169E+01   -.9195E+01   -.9212E+01   -.9248E+01   -.9272E+01   -.9321E+01   -.9354E+01   -.9427E+01   -.9431E+01   -.9436E+01   -.9477E+01   -.9545E+01   -.9543E+01   -.9528E+01   -.9311E+01   -.9583E+01   -.1093E+02   -.4202E+01   -.2069E+01   -.1241E+01   -.1102E+01   -.1305E+01   -.1212E+01   -.1393E+01   -.1368E+01   -.1449E+01   -.1436E+01   -.1474E+01   -.1463E+01   -.1480E+01   -.1469E+01   -.1473E+01   -.1461E+01   -.1458E+01   -.1444E+01   -.1436E+01   -.1421E+01   -.1410E+01   -.1394E+01   -.1381E+01   -.1365E+01   -.1351E+01   -.1334E+01
0.1885E+02   -.9001E+01   -.9002E+01   -.9002E+01   -.9002E+01   -.9003E+01   -.9003E+01   -.9004E+01   -.9004E+01   -.9004E+01   -.9005E+01   -.9005E+01   -.9006E+01   -.9006E+01   -.9007E+01   -.9007E+01   -.9008E+01   -.9009E+01   -.9009E+01   -.9010E+01   -.9011E+01   -.9011E+01   -.9012E+01   -.9013E+01   -.9014E+01   -.9015E+01   -.9016E+01   -.9017E+01   -.9018E+01   -.9020E+01   -.9021E+01   -.9022E+01   -.9024E+01   -.9025E+01   -.9027E+01   -.9029E+01   -.9031E+01   -.9033E+01   -.9035E+01   -.9038E+01   -.9041E+01   -.9043E+01   -.9047E+01   -.9050E+01   -.9054E+01   -.9058E+01   -.9063E+01   -.9068E+01   -.9073E+01   -.9079E+01   -.9086E+01   -.9094E+01   -.9102E+01   -.9111E+01   -.9122E+01   -.9134E+01   -.9149E+01   -.9165E+01   -.9185E+01   -.9206E+01   -.9234E+01   -.9264E+01   -.9303E+01   -.9343E+01   -.9394E+01   -.9462E+01   -.9466E+01   -.9472E+01   -.9527E+01   -.9552E+01   -.9539E+01   -.9399E+01   -.9472E+01   -.1042E+02   -.6880E+01   -.2608E+01   -.1504E+01   -.1151E+01   -.1224E+01   -.1259E+01   -.1321E+01   -.1390E+01   -.1419E+01   -.1448E+01   -.1462E+01   -.1473E+01   -.1476E+01   -.1477E+01   -.1474E+01   -.1469E+01   -.1461E+01   -.1452E+01   -.1441E+01   -.1429E+01   -.1416E+01   -.1402E+01   -.1387E+01   -.1372E+01   -.1357E+01   -.1341E+01   -.1326E+01
0.1907E+02   -.9001E+01   -.9002E+01   -.9002E+01   -.9002E+01   -.9003E+01   -.9003E+01   -.9004E+01   -.9004E+01   -.9005E+01   -.9005E+01   -.9006E+01   -.9006E+01   -.9007E+01   -.9007E+01   -.9008E+01   -.9008E+01   -.9009E+01   -.9010E+01   -.9010E+01   -.9011E+01   -.9012E+01   -.9013E+01   -.9014E+01   -.9015E+01   -.9016E+01   -.9017E+01   -.9018E+01   -.9019E+01   -.9020E+01   -.9022E+01   -.9023E+01   -.9025E+01   -.9027E+01   -.9028E+01   -.9030E+01   -.9032E+01   -.9035E+01   -.9037E+01   -.9040E+01   -.9042E+01   -.9046E+01   -.9049E+01   -.9052E+01   -.9056E+01   -.9061E+01   -.9066E+01   -.9071E+01   -.9077E+01   -.9084E+01   -.9091E+01   -.9099E+01   -.9108E+01   -.9118E+01   -.9131E+01   -.9142E+01   -.9161E+01   -.9176E+01   -.9201E+01   -.9221E+01   -.9256E+01   -.9284E+01   -.9332E+01   -.9370E+01   -.9432E+01   -.9496E+01   -.9500E+01   -.9507E+01   -.9562E+01   -.9547E+01   -.9487E+01   -.9360E+01   -.9915E+01   -.9551E+01   -.3148E+01   -.1776E+01   -.1153E+01   -.1179E+01   -.1304E+01   -.1248E+01   -.1409E+01   -.1388E+01   -.1459E+01   -.1447E+01   -.1480E+01   -.1471E+01   -.1484E+01   -.1473E+01   -.1475E+01   -.1463E+01   -.1458E+01   -.1444E+01   -.1435E+01   -.1420E+01   -.1408E+01   -.1392E+01   -.1378E+01   -.1362E+01   -.1347E+01   -.1331E+01   -.1316E+01
0.1928E+02   -.9001E+01   -.9002E+01   -.9002E+01   -.9003E+01   -.9003E+01   -.9003E+01   -.9004E+01   -.9004E+01   -.9005E+01   -.9005E+01   -.9006E+01   -.9006E+01   -.9007E+01   -.9007E+01   -.9008E+01   -.9009E+01   -.9009E+01   -.9010E+01   -.9011E+01   -.9012E+01   -.9012E+01   -.9013E+01   -.9014E+01   -.9015E+01   -.9016E+01   -.9018E+01   -.9019E+01   -.9020E+01   -.9021E+01   -.9023E+01   -.9024E+01   -.9026E+01   -.9028E+01   -.9030E+01   -.9032E+01   -.9034E+01   -.9036E+01   -.9039E+01   -.9041E+01   -.9044E+01   -.9048E+01   -.9051E+01   -.9055E+01   -.9059E+01   -.9064E+01   -.9069E+01   -.9075E+01   -.9081E+01   -.9088E+01   -.9096E+01   -.9105E+01   -.9114E+01   -.9127E+01   -.9137E+01   -.9155E+01   -.9169E+01   -.9194E+01   -.9211E+01   -.9246E+01   -.9271E+01   -.9318E+01   -.9352E+01   -.9415E+01   -.9454E+01   -.9529E+01   -.9535E+01   -.9542E+01   -.9547E+01   -.9532E+01   -.9329E+01   -.9574E+01   -.1087E+02   -.4568E+01   -.2191E+01   -.1282E+01   -.1111E+01   -.1299E+01   -.1220E+01   -.1383E+01   -.1371E+01   -.1444E+01   -.1437E+01   -.1471E+01   -.1463E+01   -.1478E+01   -.1468E+01   -.1472E+01   -.1460E+01   -.1456E+01   -.1443E+01   -.1435E+01   -.1420E+01   -.1409E+01   -.1393E+01   -.1380E+01   -.1364E+01   -.1350E+01   -.1334E+01   -.1319E+01   -.1303E+01
0.1950E+02   -.9001E+01   -.9002E+01   -.9002E+01   -.9003E+01   -.9003E+01   -.9004E+01   -.9004E+01   -.9004E+01   -.9005E+01   -.9005E+01   -.9006E+01   -.9007E+01   -.9007E+01   -.9008E+01   -.9008E+01   -.9009E+01   -.9010E+01   -.9011E+01   -.9011E+01   -.9012E+01   -.9013E+01   -.9014E+01   -.9015E+01   -.9016E+01   -.9017E+01   -.9018E+01   -.9020E+01   -.9021E+01   -.9022E+01   -.9024E+01   -.9025E+01   -.9027E+01   -.9029E+01   -.9031E+01   -.9033E+01   -.9035E+01   -.9038E+01   -.9041E+01   -.9043E+01   -.9047E+01   -.9050E+01   -.9054E+01   -.9058E+01   -.9062E+01   -.9067E+01   -.9073E+01   -.9079E+01   -.9086E+01   -.9093E+01   -.9102E+01   -.9111E+01   -.9122E+01   -.9134E+01   -.9148E+01   -.9165E+01   -.9184E+01   -.9206E+01   -.9233E+01   -.9263E+01   -.9300E+01   -.9342E+01   -.9391E+01   -.9442E+01   -.9494E+01   -.9545E+01   -.9551E+01   -.9559E+01   -.9549E+01   -.9418E+01   -.9464E+01   -.1036E+02   -.7288E+01   -.2614E+01   -.1565E+01   -.1132E+01   -.1215E+01   -.1267E+01   -.1312E+01   -.1394E+01   -.1416E+01   -.1452E+01   -.1461E+01   -.1476E+01   -.1477E+01   -.1480E+01   -.1476E+01   -.1472E+01   -.1464E+01   -.1455E+01   -.1444E+01   -.1432E+01   -.1418E+01   -.1405E+01   -.1390E+01   -.1375E+01   -.1360E+01   -.1344E+01   -.1329E+01   -.1313E+01   -.1297E+01
0.1972E+02   -.9002E+01   -.9002E+01   -.9002E+01   -.9003E+01   -.9003E+01   -.9004E+01   -.9004E+01   -.9005E+01   -.9005E+01   -.9006E+01   -.9006E+01   -.9007E+01   -.9007E+01   -.9008E+01   -.9009E+01   -.9009E+01   -.9010E+01   -.9011E+01   -.9012E+01   -.9013E+01   -.9014E+01   -.9015E+01   -.9016E+01   -.9017E+01   -.9018E+01   -.9019E+01   -.9020E+01   -.9022E+01   -.9023E+01   -.9025E+01   -.9027E+01   -.9028E+01   -.9030E+01   -.9032E+01   -.9035E+01   -.9037E+01   -.9040E+01   -.9042E+01   -.9045E+01   -.9049E+01   -.9052E+01   -.9056E+01   -.9061E+01   -.9065E+01   -.9071E+01   -.9077E+01   -.9083E+01   -.9090E+01   -.9099E+01   -.9108E+01   -.9118E+01   -.9130E+01   -.9142E+01   -.9160E+01   -.9175E+01   -.9200E+01   -.9220E+01   -.9255E+01   -.9282E+01   -.9331E+01   -.9367E+01   -.9430E+01   -.9470E+01   -.9527E+01   -.9546E+01   -.9552E+01   -.9562E+01   -.9515E+01   -.9356E+01   -.9854E+01   -.9933E+01   -.3298E+01   -.1717E+01   -.1171E+01   -.1133E+01   -.1312E+01   -.1241E+01   -.1415E+01   -.1388E+01   -.1465E+01   -.1451E+01   -.1487E+01   -.1476E+01   -.1491E+01   -.1479E+01   -.1482E+01   -.1470E+01   -.1465E+01   -.1451E+01   -.1442E+01   -.1427E+01   -.1415E+01   -.1398E+01   -.1385E+01   -.1368E+01   -.1354E+01   -.1337E+01   -.1322E+01   -.1305E+01   -.1289E+01
0.1993E+02   -.9002E+01   -.9002E+01   -.9002E+01   -.9003E+01   -.9003E+01   -.9004E+01   -.9004E+01   -.9005E+01   -.9005E+01   -.9006E+01   -.9007E+01   -.9007E+01   -.9008E+01   -.9008E+01   -.9009E+01   -.9010E+01   -.9011E+01   -.9012E+01   -.9012E+01   -.9013E+01   -.9014E+01   -.9015E+01   -.9016E+01   -.9017E+01   -.9019E+01   -.9020E+01   -.9021E+01   -.9023E+01   -.9024E+01   -.9026E+01   -.9028E+01   -.9030E+01   -.9032E+01   -.9034E+01   -.9036E+01   -.9039E+01   -.9041E+01   -.9044E+01   -.9048E+01   -.9051E+01   -.9055E+01   -.9059E+01   -.9064E+01   -.9069E+01   -.9075E+01   -.9081E+01   -.9088E+01   -.9096E+01   -.9105E+01   -.9114E+01   -.9126E+01   -.9138E+01   -.9154E+01   -.9169E+01   -.9192E+01   -.9211E+01   -.9244E+01   -.9270E+01   -.9316E+01   -.9351E+01   -.9412E+01   -.9453E+01   -.9516E+01   -.9519E+01   -.9517E+01   -.9524E+01   -.9534E+01   -.9350E+01   -.9567E+01   -.1080E+02   -.4890E+01   -.2468E+01   -.1317E+01   -.1218E+01   -.1296E+01   -.1240E+01   -.1384E+01   -.1384E+01   -.1448E+01   -.1445E+01   -.1474E+01   -.1468E+01   -.1480E+01   -.1471E+01   -.1472E+01   -.1461E+01   -.1456E+01   -.1443E+01   -.1434E+01   -.1419E+01   -.1407E+01   -.1391E+01   -.1378E+01   -.1362E+01   -.1347E+01   -.1331E+01   -.1316E+01   -.1299E+01   -.1284E+01   -.1268E+01
0.2015E+02   -.9002E+01   -.9002E+01   -.9003E+01   -.9003E+01   -.9003E+01   -.9004E+01   -.9005E+01   -.9005E+01   -.9006E+01   -.9006E+01   -.9007E+01   -.9007E+01   -.9008E+01   -.9009E+01   -.9010E+01   -.9010E+01   -.9011E+01   -.9012E+01   -.9013E+01   -.9014E+01   -.9015E+01   -.9016E+01   -.9017E+01   -.9018E+01   -.9019E+01   -.9021E+01   -.9022E+01   -.9024E+01   -.9025E+01   -.9027E+01   -.9029E+01   -.9031E+01   -.9033E+01   -.9035E+01   -.9038E+01   -.9040E+01   -.9043E+01   -.9046E+01   -.9050E+01   -.9054E+01   -.9058E+01   -.9062E+01   -.9067E+01   -.9073E+01   -.9079E+01   -.9085E+01   -.9093E+01   -.9101E+01   -.9111E+01   -.9122E+01   -.9134E+01   -.9148E+01   -.9164E+01   -.9183E+01   -.9205E+01   -.9231E+01   -.9262E+01   -.9298E+01   -.9340E+01   -.9388E+01   -.9441E+01   -.9491E+01   -.9524E+01   -.9508E+01   -.9417E+01   -.9425E+01   -.9437E+01   -.9460E+01   -.1026E+02   -.7743E+01   -.2429E+01   -.1718E+01   -.1007E+01   -.1258E+01   -.1268E+01   -.1296E+01   -.1391E+01   -.1406E+01   -.1447E+01   -.1453E+01   -.1471E+01   -.1471E+01   -.1476E+01   -.1471E+01   -.1468E+01   -.1459E+01   -.1451E+01   -.1440E+01   -.1429E+01   -.1415E+01   -.1402E+01   -.1387E+01   -.1373E+01   -.1358E+01   -.1343E+01   -.1327E+01   -.1311E+01   -.1296E+01   -.1280E+01   -.1264E+01
0.2037E+02   -.9002E+01   -.9002E+01   -.9003E+01   -.9003E+01   -.9004E+01   -.9004E+01   -.9005E+01   -.9005E+01   -.9006E+01   -.9006E+01   -.9007E+01   -.9008E+01   -.9009E+01   -.9009E+01   -.9010E+01   -.9011E+01   -.9012E+01   -.9013E+01   -.9013E+01   -.9014E+01   -.9015E+01   -.9017E+01   -.9018E+01   -.9019E+01   -.9020E+01   -.9022E+01   -.9023E+01   -.9025E+01   -.9026E+01   -.9028E+01   -.9030E+01   -.9032E+01   -.9035E+01   -.9037E+01   -.9040E+01   -.9042E+01   -.9045E+01   -.9049E+01   -.9052E+01   -.9056E+01   -.9060E+01   -.9065E+01   -.9070E+01   -.9076E+01   -.9083E+01   -.9090E+01   -.9098E+01   -.9107E+01   -.9118E+01   -.9130E+01   -.9143E+01   -.9159E+01   -.9174E+01   -.9199E+01   -.9218E+01   -.9254E+01   -.9280E+01   -.9329E+01   -.9364E+01   -.9429E+01   -.9467E+01   -.9528E+01   -.9514E+01   -.9474E+01   -.9352E+01   -.9361E+01   -.9375E+01   -.9802E+01   -.1023E+02   -.3595E+01   -.1317E+01   -.1192E+01   -.8459E+00   -.1294E+01   -.1208E+01   -.1399E+01   -.1367E+01   -.1453E+01   -.1438E+01   -.1479E+01   -.1469E+01   -.1487E+01   -.1477E+01   -.1482E+01   -.1470E+01   -.1468E+01   -.1454E+01   -.1447E+01   -.1432E+01   -.1421E+01   -.1405E+01   -.1393E+01   -.1376E+01   -.1362E+01   -.1346E+01   -.1331E+01   -.1314E+01   -.1299E+01   -.1283E+01   -.1267E+01
0.2058E+02   -.9002E+01   -.9002E+01   -.9003E+01   -.9003E+01   -.9004E+01   -.9004E+01   -.9005E+01   -.9006E+01   -.9006E+01   -.9007E+01   -.9007E+01   -.9008E+01   -.9009E+01   -.9010E+01   -.9010E+01   -.9011E+01   -.9012E+01   -.9013E+01   -.9014E+01   -.9015E+01   -.9016E+01   -.9017E+01   -.9019E+01   -.9020E+01   -.9021E+01   -.9023E+01   -.9024E+01   -.9026E+01   -.9028E+01   -.9030E+01   -.9032E+01   -.9034E+01   -.9036E+01   -.9039E+01   -.9041E+01   -.9044E+01   -.9048E+01   -.9051E+01   -.9055E+01   -.9059E+01   -.9064E+01   -.9069E+01   -.9074E+01   -.9080E+01   -.9088E+01   -.9095E+01   -.9104E+01   -.9114E+01   -.9125E+01   -.9138E+01   -.9153E+01   -.9169E+01   -.9190E+01   -.9211E+01   -.9242E+01   -.9269E+01   -.9313E+01   -.9350E+01   -.9408E+01   -.9451E+01   -.9512E+01   -.9520E+01   -.9503E+01   -.9317E+01   -.9649E+01   -.9661E+01   -.9678E+01   -.1074E+02   -.4970E+01   -.3261E+01   -.1314E+01   -.1704E+01   -.1287E+01   -.1329E+01   -.1441E+01   -.1454E+01   -.1508E+01   -.1509E+01   -.1532E+01   -.1528E+01   -.1535E+01   -.1527E+01   -.1525E+01   -.1512E+01   -.1505E+01   -.1490E+01   -.1479E+01   -.1462E+01   -.1448E+01   -.1431E+01   -.1416E+01   -.1398E+01   -.1382E+01   -.1364E+01   -.1348E+01   -.1330E+01   -.1314E+01   -.1296E+01   -.1280E+01   -.1263E+01
0.2080E+02   -.9002E+01   -.9002E+01   -.9003E+01   -.9003E+01   -.9004E+01   -.9005E+01   -.9005E+01   -.9006E+01   -.9006E+01   -.9007E+01   -.9008E+01   -.9008E+01   -.9009E+01   -.9010E+01   -.9011E+01   -.9012E+01   -.9013E+01   -.9014E+01   -.9015E+01   -.9016E+01   -.9017E+01   -.9018E+01   -.9019E+01   -.9021E+01   -.9022E+01   -.9024E+01   -.9025E+01   -.9027E+01   -.9029E+01   -.9031E+01   -.9033E+01   -.9035E+01   -.9038E+01   -.9040E+01   -.9043E+01   -.9046E+01   -.9050E+01   -.9053E+01   -.9058E+01   -.9062E+01   -.9067E+01   -.9072E+01   -.9078E+01   -.9085E+01   -.9093E+01   -.9101E+01   -.9110E+01   -.9121E+01   -.9134E+01   -.9148E+01   -.9164E+01   -.9182E+01   -.9204E+01   -.9229E+01   -.9261E+01   -.9295E+01   -.9339E+01   -.9385E+01   -.9439E+01   -.9488E+01   -.9524E+01   -.9509E+01   -.9402E+01   -.9386E+01   -.1035E+02   -.1036E+02   -.1038E+02   -.8315E+01   -.1555E+01   -.2242E+01   -.9936E+00   -.1567E+01   -.1246E+01   -.1267E+01   -.1359E+01   -.1365E+01   -.1407E+01   -.1408E+01   -.1425E+01   -.1422E+01   -.1426E+01   -.1418E+01   -.1414E+01   -.1403E+01   -.1395E+01   -.1382E+01   -.1370E+01   -.1356E+01   -.1342E+01   -.1327E+01   -.1312E+01   -.1296E+01   -.1281E+01   -.1265E+01   -.1249E+01   -.1233E+01   -.1217E+01   -.1202E+01   -.1186E+01   -.1171E+01
0.2102E+02   -.9002E+01   -.9002E+01   -.9003E+01   -.9003E+01   -.9004E+01   -.9005E+01   -.9005E+01   -.9006E+01   -.9007E+01   -.9007E+01   -.9008E+01   -.9009E+01   -.9010E+01   -.9010E+01   -.9011E+01   -.9012E+01   -.9013E+01   -.9014E+01   -.9015E+01   -.9016E+01   -.9018E+01   -.9019E+01   -.9020E+01   -.9022E+01   -.9023E+01   -.9025E+01   -.9026E+01   -.9028E+01   -.9030E+01   -.9032E+01   -.9034E+01   -.9037E+01   -.9039E+01   -.9042E+01   -.9045E+01   -.9049E+01   -.9052E+01   -.9056E+01   -.9060E+01   -.9065E+01   -.9070E+01   -.9076E+01   -.9082E+01   -.9090E+01   -.9098E+01   -.9107E+01   -.9117E+01   -.9129E+01   -.9142E+01   -.9158E+01   -.9176E+01   -.9197E+01   -.9218E+01   -.9252E+01   -.9278E+01   -.9327E+01   -.9361E+01   -.9427E+01   -.9463E+01   -.9529E+01   -.9516E+01   -.9486E+01   -.9272E+01   -.9653E+01   -.1075E+02   -.1076E+02   -.1078E+02   -.4152E+01   0.4597E+00   -.1004E+01   -.5879E+00   -.1136E+01   -.9862E+00   -.1209E+01   -.1144E+01   -.1245E+01   -.1209E+01   -.1258E+01   -.1234E+01   -.1259E+01   -.1240E+01   -.1250E+01   -.1233E+01   -.1234E+01   -.1218E+01   -.1214E+01   -.1198E+01   -.1191E+01   -.1176E+01   -.1167E+01   -.1154E+01   -.1143E+01   -.1129E+01   -.1118E+01   -.1104E+01   -.1092E+01   -.1079E+01   -.1066E+01   -.1053E+01   -.1041E+01
0.2123E+02   -.9002E+01   -.9002E+01   -.9003E+01   -.9004E+01   -.9004E+01   -.9005E+01   -.9006E+01   -.9006E+01   -.9007E+01   -.9008E+01   -.9008E+01   -.9009E+01   -.9010E+01   -.9011E+01   -.9012E+01   -.9013E+01   -.9014E+01   -.9015E+01   -.9016E+01   -.9017E+01   -.9018E+01   -.9020E+01   -.9021E+01   -.9022E+01   -.9024E+01   -.9026E+01   -.9027E+01   -.9029E+01   -.9031E+01   -.9034E+01   -.9036E+01   -.9038E+01   -.9041E+01   -.9044E+01   -.9047E+01   -.9051E+01   -.9055E+01   -.9059E+01   -.9063E+01   -.9068E+01   -.9074E+01   -.9080E+01   -.9087E+01   -.9095E+01   -.9104E+01   -.9114E+01   -.9125E+01   -.9138E+01   -.9152E+01   -.9169E+01   -.9189E+01   -.9212E+01   -.9240E+01   -.9269E+01   -.9310E+01   -.9348E+01   -.9405E+01   -.9450E+01   -.9509E+01   -.9521E+01   -.9504E+01   -.9329E+01   -.9483E+01   -.1061E+02   -.4634E+01   -.4648E+01   -.4660E+01   -.4442E+01   -.5298E+00   -.2273E+01   -.1542E+01   -.2062E+01   -.1711E+01   -.1930E+01   -.1722E+01   -.1832E+01   -.1638E+01   -.1693E+01   -.1548E+01   -.1574E+01   -.1464E+01   -.1474E+01   -.1387E+01   -.1387E+01   -.1318E+01   -.1311E+01   -.1255E+01   -.1246E+01   -.1218E+01   -.1208E+01   -.1200E+01   -.1191E+01   -.1182E+01   -.1172E+01   -.1163E+01   -.1153E+01   -.1143E+01   -.1133E+01   -.1123E+01   -.1113E+01
0.2145E+02   -.9002E+01   -.9003E+01   -.9003E+01   -.9004E+01   -.9004E+01   -.9005E+01   -.9006E+01   -.9006E+01   -.9007E+01   -.9008E+01   -.9009E+01   -.9010E+01   -.9010E+01   -.9011E+01   -.9012E+01   -.9013E+01   -.9014E+01   -.9015E+01   -.9017E+01   -.9018E+01   -.9019E+01   -.9020E+01   -.9022E+01   -.9023E+01   -.9025E+01   -.9027E+01   -.9029E+01   -.9031E+01   -.9033E+01   -.9035E+01   -.9038E+01   -.9040E+01   -.9043E+01   -.9046E+01   -.9050E+01   -.9053E+01   -.9057E+01   -.9062E+01   -.9067E+01   -.9072E+01   -.9078E+01   -.9085E+01   -.9092E+01   -.9100E+01   -.9110E+01   -.9121E+01   -.9133E+01   -.9147E+01   -.9163E+01   -.9182E+01   -.9204E+01   -.9229E+01   -.9259E+01   -.9293E+01   -.9337E+01   -.9381E+01   -.9437E+01   -.9484E+01   -.9525E+01   -.9510E+01   -.9414E+01   -.9370E+01   -.1009E+02   -.8380E+01   -.9001E+00   -.9111E+00   -.9175E+00   -.3509E+01   -.7388E+00   -.2470E+01   -.1653E+01   -.2106E+01   -.1686E+01   -.1880E+01   -.1617E+01   -.1721E+01   -.1530E+01   -.1582E+01   -.1443E+01   -.1467E+01   -.1365E+01   -.1374E+01   -.1295E+01   -.1295E+01   -.1232E+01   -.1227E+01   -.1176E+01   -.1169E+01   -.1144E+01   -.1136E+01   -.1130E+01   -.1122E+01   -.1116E+01   -.1108E+01   -.1100E+01   -.1092E+01   -.1084E+01   -.1076E+01   -.1068E+01   -.1059E+01
0.2167E+02   -.9002E+01   -.9003E+01   -.9003E+01   -.9004E+01   -.9005E+01   -.9005E+01   -.9006E+01   -.9007E+01   -.9007E+01   -.9008E+01   -.9009E+01   -.9010E+01   -.9011E+01   -.9012E+01   -.9013E+01   -.9014E+01   -.9015E+01   -.9016E+01   -.9017E+01   -.9019E+01   -.9020E+01   -.9021E+01   -.9023E+01   -.9024E+01   -.9026E+01   -.9028E+01   -.9030E+01   -.9032E+01   -.9034E+01   -.9037E+01   -.9039E+01   -.9042E+01   -.9045E+01   -.9048E+01   -.9052E+01   -.9056E+01   -.9060E+01   -.9065E+01   -.9070E+01   -.9076E+01   -.9082E+01   -.9089E+01   -.9097E+01   -.9106E+01   -.9117E+01   -.9128E+01   -.9142E+01   -.9157E+01   -.9175E+01   -.9195E+01   -.9220E+01   -.9249E+01   -.9278E+01   -.9324E+01   -.9359E+01   -.9425E+01   -.9461E+01   -.9529E+01   -.9517E+01   -.9498E+01   -.9257E+01   -.9580E+01   -.1105E+02   -.3427E+01   0.7931E+00   0.7898E+00   0.7887E+00   -.1528E+01   -.2789E+00   -.1747E+01   -.1039E+01   -.1394E+01   -.1018E+01   -.1169E+01   -.9288E+00   -.1011E+01   -.9610E+00   -.1002E+01   -.9806E+00   -.9980E+00   -.9892E+00   -.9962E+00   -.9905E+00   -.9929E+00   -.9870E+00   -.9864E+00   -.9801E+00   -.9775E+00   -.9708E+00   -.9667E+00   -.9597E+00   -.9545E+00   -.9472E+00   -.9413E+00   -.9338E+00   -.9274E+00   -.9198E+00   -.9130E+00   -.9054E+00   -.8983E+00
0.2188E+02   -.9002E+01   -.9003E+01   -.9003E+01   -.9004E+01   -.9005E+01   -.9005E+01   -.9006E+01   -.9007E+01   -.9008E+01   -.9009E+01   -.9010E+01   -.9010E+01   -.9011E+01   -.9012E+01   -.9013E+01   -.9014E+01   -.9016E+01   -.9017E+01   -.9018E+01   -.9019E+01   -.9021E+01   -.9022E+01   -.9024E+01   -.9026E+01   -.9027E+01   -.9029E+01   -.9031E+01   -.9033E+01   -.9036E+01   -.9038E+01   -.9041E+01   -.9044E+01   -.9047E+01   -.9051E+01   -.9054E+01   -.9059E+01   -.9063E+01   -.9068E+01   -.9074E+01   -.9080E+01   -.9087E+01   -.9094E+01   -.9103E+01   -.9113E+01   -.9124E+01   -.9137E+01   -.9151E+01   -.9168E+01   -.9188E+01   -.9211E+01   -.9238E+01   -.9269E+01   -.9307E+01   -.9348E+01   -.9401E+01   -.9448E+01   -.9505E+01   -.9521E+01   -.9505E+01   -.9341E+01   -.9467E+01   -.1053E+02   -.6095E+01   -.2444E+01   -.1751E+00   -.3931E+00   -.3711E+00   -.1976E+01   -.6674E+00   -.1631E+01   -.9943E+00   -.1299E+01   -.1020E+01   -.1093E+01   -.1010E+01   -.1034E+01   -.1034E+01   -.1044E+01   -.1046E+01   -.1048E+01   -.1048E+01   -.1046E+01   -.1044E+01   -.1040E+01   -.1036E+01   -.1030E+01   -.1024E+01   -.1017E+01   -.1010E+01   -.1002E+01   -.9944E+00   -.9859E+00   -.9777E+00   -.9688E+00   -.9603E+00   -.9513E+00   -.9425E+00   -.9334E+00   -.9246E+00   -.9155E+00
0.2210E+02   -.9002E+01   -.9003E+01   -.9003E+01   -.9004E+01   -.9005E+01   -.9006E+01   -.9006E+01   -.9007E+01   -.9008E+01   -.9009E+01   -.9010E+01   -.9011E+01   -.9012E+01   -.9013E+01   -.9014E+01   -.9015E+01   -.9016E+01   -.9017E+01   -.9019E+01   -.9020E+01   -.9022E+01   -.9023E+01   -.9025E+01   -.9027E+01   -.9028E+01   -.9030E+01   -.9033E+01   -.9035E+01   -.9037E+01   -.9040E+01   -.9043E+01   -.9046E+01   -.9049E+01   -.9053E+01   -.9057E+01   -.9062E+01   -.9066E+01   -.9072E+01   -.9078E+01   -.9084E+01   -.9092E+01   -.9100E+01   -.9109E+01   -.9120E+01   -.9132E+01   -.9146E+01   -.9162E+01   -.9181E+01   -.9203E+01   -.9228E+01   -.9258E+01   -.9293E+01   -.9335E+01   -.9379E+01   -.9435E+01   -.9481E+01   -.9526E+01   -.9512E+01   -.9426E+01   -.9354E+01   -.1002E+02   -.8760E+01   -.2975E+01   -.1686E+01   -.7100E+00   -.1036E+01   -.9950E+00   -.2101E+01   -.9446E+00   -.1598E+01   -.1054E+01   -.1320E+01   -.1108E+01   -.1144E+01   -.1139E+01   -.1139E+01   -.1154E+01   -.1152E+01   -.1157E+01   -.1152E+01   -.1152E+01   -.1145E+01   -.1141E+01   -.1132E+01   -.1125E+01   -.1116E+01   -.1107E+01   -.1097E+01   -.1088E+01   -.1077E+01   -.1067E+01   -.1056E+01   -.1045E+01   -.1034E+01   -.1023E+01   -.1012E+01   -.1002E+01   -.9907E+00   -.9801E+00   -.9694E+00
0.2232E+02   -.9002E+01   -.9003E+01   -.9004E+01   -.9004E+01   -.9005E+01   -.9006E+01   -.9007E+01   -.9008E+01   -.9008E+01   -.9009E+01   -.9010E+01   -.9011E+01   -.9012E+01   -.9013E+01   -.9014E+01   -.9016E+01   -.9017E+01   -.9018E+01   -.9020E+01   -.9021E+01   -.9023E+01   -.9024E+01   -.9026E+01   -.9028E+01   -.9030E+01   -.9032E+01   -.9034E+01   -.9036E+01   -.9039E+01   -.9042E+01   -.9045E+01   -.9048E+01   -.9052E+01   -.9056E+01   -.9060E+01   -.9065E+01   -.9070E+01   -.9075E+01   -.9082E+01   -.9089E+01   -.9097E+01   -.9106E+01   -.9116E+01   -.9127E+01   -.9141E+01   -.9156E+01   -.9174E+01   -.9194E+01   -.9218E+01   -.9247E+01   -.9280E+01   -.9320E+01   -.9360E+01   -.9419E+01   -.9460E+01   -.9525E+01   -.9518E+01   -.9499E+01   -.9269E+01   -.9563E+01   -.1097E+02   -.3805E+01   -.1991E+01   -.1193E+01   -.7393E+00   -.1050E+01   -.9937E+00   -.1852E+01   -.1092E+01   -.1663E+01   -.1236E+01   -.1475E+01   -.1296E+01   -.1344E+01   -.1322E+01   -.1341E+01   -.1328E+01   -.1334E+01   -.1321E+01   -.1320E+01   -.1306E+01   -.1300E+01   -.1286E+01   -.1277E+01   -.1262E+01   -.1251E+01   -.1237E+01   -.1224E+01   -.1210E+01   -.1197E+01   -.1183E+01   -.1170E+01   -.1156E+01   -.1143E+01   -.1129E+01   -.1117E+01   -.1103E+01   -.1091E+01   -.1078E+01   -.1066E+01
0.2253E+02   -.9002E+01   -.9003E+01   -.9004E+01   -.9005E+01   -.9005E+01   -.9006E+01   -.9007E+01   -.9008E+01   -.9009E+01   -.9010E+01   -.9011E+01   -.9012E+01   -.9013E+01   -.9014E+01   -.9015E+01   -.9016E+01   -.9018E+01   -.9019E+01   -.9020E+01   -.9022E+01   -.9023E+01   -.9025E+01   -.9027E+01   -.9029E+01   -.9031E+01   -.9033E+01   -.9036E+01   -.9038E+01   -.9041E+01   -.9044E+01   -.9047E+01   -.9050E+01   -.9054E+01   -.9058E+01   -.9063E+01   -.9068E+01   -.9073E+01   -.9080E+01   -.9086E+01   -.9094E+01   -.9103E+01   -.9112E+01   -.9123E+01   -.9136E+01   -.9151E+01   -.9168E+01   -.9187E+01   -.9210E+01   -.9237E+01   -.9268E+01   -.9305E+01   -.9348E+01   -.9397E+01   -.9447E+01   -.9501E+01   -.9522E+01   -.9506E+01   -.9354E+01   -.9451E+01   -.1046E+02   -.6473E+01   -.2508E+01   -.1459E+01   -.1118E+01   -.8829E+00   -.1044E+01   -.9822E+00   -.1586E+01   -.1076E+01   -.1329E+01   -.1178E+01   -.1267E+01   -.1232E+01   -.1249E+01   -.1260E+01   -.1267E+01   -.1271E+01   -.1272E+01   -.1271E+01   -.1267E+01   -.1262E+01   -.1255E+01   -.1247E+01   -.1238E+01   -.1229E+01   -.1218E+01   -.1208E+01   -.1196E+01   -.1185E+01   -.1173E+01   -.1161E+01   -.1148E+01   -.1136E+01   -.1124E+01   -.1112E+01   -.1100E+01   -.1088E+01   -.1076E+01   -.1064E+01   -.1052E+01
0.2275E+02   -.9002E+01   -.9003E+01   -.9004E+01   -.9005E+01   -.9006E+01   -.9006E+01   -.9007E+01   -.9008E+01   -.9009E+01   -.9010E+01   -.9011E+01   -.9012E+01   -.9013E+01   -.9014E+01   -.9016E+01   -.9017E+01   -.9018E+01   -.9020E+01   -.9021E+01   -.9023E+01   -.9024E+01   -.9026E+01   -.9028E+01   -.9030E+01   -.9032E+01   -.9035E+01   -.9037E+01   -.9040E+01   -.9043E+01   -.9046E+01   -.9049E+01   -.9053E+01   -.9057E+01   -.9061E+01   -.9066E+01   -.9071E+01   -.9077E+01   -.9084E+01   -.9091E+01   -.9099E+01   -.9109E+01   -.9119E+01   -.9131E+01   -.9145E+01   -.9161E+01   -.9180E+01   -.9201E+01   -.9226E+01   -.9256E+01   -.9291E+01   -.9332E+01   -.9378E+01   -.9432E+01   -.9479E+01   -.9525E+01   -.9513E+01   -.9438E+01   -.9338E+01   -.9946E+01   -.9140E+01   -.3041E+01   -.1712E+01   -.1140E+01   -.1149E+01   -.1015E+01   -.1077E+01   -.1012E+01   -.1429E+01   -.1099E+01   -.1156E+01   -.1168E+01   -.1171E+01   -.1210E+01   -.1212E+01   -.1233E+01   -.1232E+01   -.1242E+01   -.1239E+01   -.1241E+01   -.1235E+01   -.1233E+01   -.1225E+01   -.1220E+01   -.1210E+01   -.1202E+01   -.1192E+01   -.1183E+01   -.1172E+01   -.1161E+01   -.1150E+01   -.1139E+01   -.1127E+01   -.1116E+01   -.1104E+01   -.1093E+01   -.1081E+01   -.1070E+01   -.1058E+01   -.1047E+01   -.1036E+01
0.2297E+02   -.9002E+01   -.9003E+01   -.9004E+01   -.9005E+01   -.9006E+01   -.9007E+01   -.9008E+01   -.9008E+01   -.9009E+01   -.9011E+01   -.9012E+01   -.9013E+01   -.9014E+01   -.9015E+01   -.9016E+01   -.9018E+01   -.9019E+01   -.9021E+01   -.9022E+01   -.9024E+01   -.9026E+01   -.9027E+01   -.9029E+01   -.9031E+01   -.9034E+01   -.9036E+01   -.9039E+01   -.9042E+01   -.9045E+01   -.9048E+01   -.9052E+01   -.9055E+01   -.9060E+01   -.9064E+01   -.9069E+01   -.9075E+01   -.9081E+01   -.9088E+01   -.9096E+01   -.9105E+01   -.9115E+01   -.9127E+01   -.9140E+01   -.9155E+01   -.9173E+01   -.9193E+01   -.9217E+01   -.9245E+01   -.9278E+01   -.9317E+01   -.9361E+01   -.9413E+01   -.9461E+01   -.9519E+01   -.9520E+01   -.9499E+01   -.9282E+01   -.9546E+01   -.1090E+02   -.4180E+01   -.2045E+01   -.1231E+01   -.1101E+01   -.1296E+01   -.1113E+01   -.1175E+01   -.1111E+01   -.1446E+01   -.1207E+01   -.1295E+01   -.1266E+01   -.1304E+01   -.1290E+01   -.1306E+01   -.1294E+01   -.1299E+01   -.1287E+01   -.1286E+01   -.1273E+01   -.1268E+01   -.1255E+01   -.1247E+01   -.1233E+01   -.1223E+01   -.1210E+01   -.1199E+01   -.1186E+01   -.1174E+01   -.1161E+01   -.1149E+01   -.1136E+01   -.1124E+01   -.1111E+01   -.1099E+01   -.1087E+01   -.1075E+01   -.1063E+01   -.1052E+01   -.1040E+01   -.1029E+01
0.2318E+02   -.9003E+01   -.9003E+01   -.9004E+01   -.9005E+01   -.9006E+01   -.9007E+01   -.9008E+01   -.9009E+01   -.9010E+01   -.9011E+01   -.9012E+01   -.9013E+01   -.9014E+01   -.9016E+01   -.9017E+01   -.9018E+01   -.9020E+01   -.9021E+01   -.9023E+01   -.9025E+01   -.9027E+01   -.9029E+01   -.9031E+01   -.9033E+01   -.9035E+01   -.9038E+01   -.9041E+01   -.9044E+01   -.9047E+01   -.9050E+01   -.9054E+01   -.9058E+01   -.9063E+01   -.9068E+01   -.9073E+01   -.9079E+01   -.9086E+01   -.9094E+01   -.9102E+01   -.9112E+01   -.9123E+01   -.9135E+01   -.9149E+01   -.9166E+01   -.9186E+01   -.9209E+01   -.9235E+01   -.9266E+01   -.9303E+01   -.9345E+01   -.9393E+01   -.9445E+01   -.9496E+01   -.9523E+01   -.9506E+01   -.9366E+01   -.9434E+01   -.1039E+02   -.6846E+01   -.2563E+01   -.1488E+01   -.1107E+01   -.1218E+01   -.1248E+01   -.1115E+01   -.1134E+01   -.1090E+01   -.1237E+01   -.1179E+01   -.1216E+01   -.1234E+01   -.1252E+01   -.1261E+01   -.1268E+01   -.1270E+01   -.1270E+01   -.1267E+01   -.1263E+01   -.1257E+01   -.1249E+01   -.1240E+01   -.1231E+01   -.1221E+01   -.1210E+01   -.1199E+01   -.1187E+01   -.1175E+01   -.1163E+01   -.1151E+01   -.1139E+01   -.1126E+01   -.1114E+01   -.1102E+01   -.1090E+01   -.1078E+01   -.1066E+01   -.1054E+01   -.1043E+01   -.1031E+01   -.1020E+01
0.2340E+02   -.9003E+01   -.9003E+01   -.9004E+01   -.9005E+01   -.9006E+01   -.9007E+01   -.9008E+01   -.9009E+01   -.9010E+01   -.9011E+01   -.9013E+01   -.9014E+01   -.9015E+01   -.9016E+01   -.9018E+01   -.9019E+01   -.9021E+01   -.9022E+01   -.9024E+01   -.9026E+01   -.9028E+01   -.9030E+01   -.9032E+01   -.9034E+01   -.9037E+01   -.9039E+01   -.9042E+01   -.9045E+01   -.9049E+01   -.9053E+01   -.9057E+01   -.9061E+01   -.9066E+01   -.9071E+01   -.9077E+01   -.9083E+01   -.9091E+01   -.9099E+01   -.9108E+01   -.9119E+01   -.9130E+01   -.9144E+01   -.9160E+01   -.9178E+01   -.9200E+01   -.9225E+01   -.9254E+01   -.9289E+01   -.9329E+01   -.9375E+01   -.9426E+01   -.9477E+01   -.9521E+01   -.9516E+01   -.9448E+01   -.9323E+01   -.9872E+01   -.9518E+01   -.3090E+01   -.1724E+01   -.1138E+01   -.1118E+01   -.1293E+01   -.1235E+01   -.1130E+01   -.1110E+01   -.1081E+01   -.1102E+01   -.1158E+01   -.1159E+01   -.1205E+01   -.1206E+01   -.1231E+01   -.1230E+01   -.1242E+01   -.1238E+01   -.1242E+01   -.1235E+01   -.1233E+01   -.1225E+01   -.1219E+01   -.1209E+01   -.1202E+01   -.1190E+01   -.1181E+01   -.1169E+01   -.1159E+01   -.1147E+01   -.1136E+01   -.1124E+01   -.1112E+01   -.1100E+01   -.1088E+01   -.1076E+01   -.1065E+01   -.1053E+01   -.1042E+01   -.1030E+01   -.1019E+01   -.1008E+01
0.2362E+02   -.9003E+01   -.9004E+01   -.9004E+01   -.9005E+01   -.9006E+01   -.9007E+01   -.9008E+01   -.9010E+01   -.9011E+01   -.9012E+01   -.9013E+01   -.9014E+01   -.9016E+01   -.9017E+01   -.9018E+01   -.9020E+01   -.9022E+01   -.9023E+01   -.9025E+01   -.9027E+01   -.9029E+01   -.9031E+01   -.9033E+01   -.9036E+01   -.9038E+01   -.9041E+01   -.9044E+01   -.9048E+01   -.9051E+01   -.9055E+01   -.9059E+01   -.9064E+01   -.9069E+01   -.9075E+01   -.9081E+01   -.9088E+01   -.9096E+01   -.9105E+01   -.9115E+01   -.9126E+01   -.9139E+01   -.9154E+01   -.9171E+01   -.9192E+01   -.9216E+01   -.9243E+01   -.9276E+01   -.9314E+01   -.9358E+01   -.9407E+01   -.9459E+01   -.9507E+01   -.9521E+01   -.9495E+01   -.9295E+01   -.9528E+01   -.1083E+02   -.4548E+01   -.2055E+01   -.1267E+01   -.1070E+01   -.1285E+01   -.1213E+01   -.1380E+01   -.1212E+01   -.1184E+01   -.1146E+01   -.1225E+01   -.1205E+01   -.1242E+01   -.1232E+01   -.1250E+01   -.1241E+01   -.1248E+01   -.1239E+01   -.1240E+01   -.1230E+01   -.1227E+01   -.1216E+01   -.1210E+01   -.1199E+01   -.1190E+01   -.1179E+01   -.1169E+01   -.1157E+01   -.1147E+01   -.1135E+01   -.1124E+01   -.1112E+01   -.1101E+01   -.1089E+01   -.1078E+01   -.1067E+01   -.1056E+01   -.1044E+01   -.1034E+01   -.1022E+01   -.1012E+01   -.1001E+01   -.9906E+00
0.2383E+02   -.9003E+01   -.9004E+01   -.9005E+01   -.9006E+01   -.9007E+01   -.9008E+01   -.9009E+01   -.9010E+01   -.9011E+01   -.9012E+01   -.9014E+01   -.9015E+01   -.9016E+01   -.9018E+01   -.9019E+01   -.9021E+01   -.9022E+01   -.9024E+01   -.9026E+01   -.9028E+01   -.9030E+01   -.9032E+01   -.9035E+01   -.9037E+01   -.9040E+01   -.9043E+01   -.9046E+01   -.9050E+01   -.9054E+01   -.9058E+01   -.9062E+01   -.9067E+01   -.9073E+01   -.9079E+01   -.9086E+01   -.9093E+01   -.9102E+01   -.9111E+01   -.9122E+01   -.9134E+01   -.9149E+01   -.9165E+01   -.9184E+01   -.9207E+01   -.9233E+01   -.9264E+01   -.9300E+01   -.9342E+01   -.9389E+01   -.9440E+01   -.9487E+01   -.9517E+01   -.9502E+01   -.9377E+01   -.9418E+01   -.1031E+02   -.7202E+01   -.2598E+01   -.1493E+01   -.1092E+01   -.1191E+01   -.1258E+01   -.1305E+01   -.1386E+01   -.1199E+01   -.1172E+01   -.1131E+01   -.1173E+01   -.1188E+01   -.1208E+01   -.1215E+01   -.1224E+01   -.1225E+01   -.1226E+01   -.1224E+01   -.1220E+01   -.1215E+01   -.1208E+01   -.1200E+01   -.1192E+01   -.1182E+01   -.1172E+01   -.1162E+01   -.1151E+01   -.1140E+01   -.1129E+01   -.1118E+01   -.1106E+01   -.1095E+01   -.1084E+01   -.1072E+01   -.1061E+01   -.1050E+01   -.1039E+01   -.1028E+01   -.1017E+01   -.1006E+01   -.9952E+00   -.9847E+00   -.9744E+00
0.2405E+02   -.9003E+01   -.9004E+01   -.9005E+01   -.9006E+01   -.9007E+01   -.9008E+01   -.9009E+01   -.9010E+01   -.9012E+01   -.9013E+01   -.9014E+01   -.9015E+01   -.9017E+01   -.9018E+01   -.9020E+01   -.9022E+01   -.9023E+01   -.9025E+01   -.9027E+01   -.9029E+01   -.9031E+01   -.9034E+01   -.9036E+01   -.9039E+01   -.9042E+01   -.9045E+01   -.9048E+01   -.9052E+01   -.9056E+01   -.9061E+01   -.9065E+01   -.9071E+01   -.9077E+01   -.9083E+01   -.9090E+01   -.9098E+01   -.9108E+01   -.9118E+01   -.9130E+01   -.9143E+01   -.9159E+01   -.9177E+01   -.9198E+01   -.9223E+01   -.9252E+01   -.9286E+01   -.9326E+01   -.9371E+01   -.9421E+01   -.9471E+01   -.9508E+01   -.9511E+01   -.9449E+01   -.9309E+01   -.9776E+01   -.9889E+01   -.3086E+01   -.1701E+01   -.1129E+01   -.1068E+01   -.1308E+01   -.1228E+01   -.1408E+01   -.1374E+01   -.1181E+01   -.1155E+01   -.1110E+01   -.1110E+01   -.1162E+01   -.1163E+01   -.1191E+01   -.1189E+01   -.1204E+01   -.1199E+01   -.1205E+01   -.1197E+01   -.1197E+01   -.1188E+01   -.1183E+01   -.1173E+01   -.1166E+01   -.1155E+01   -.1146E+01   -.1134E+01   -.1124E+01   -.1113E+01   -.1102E+01   -.1090E+01   -.1079E+01   -.1068E+01   -.1057E+01   -.1045E+01   -.1034E+01   -.1023E+01   -.1012E+01   -.1001E+01   -.9909E+00   -.9803E+00   -.9701E+00   -.9598E+00
0.2427E+02   -.9003E+01   -.9004E+01   -.9005E+01   -.9006E+01   -.9007E+01   -.9008E+01   -.9009E+01   -.9011E+01   -.9012E+01   -.9013E+01   -.9015E+01   -.9016E+01   -.9018E+01   -.9019E+01   -.9021E+01   -.9023E+01   -.9024E+01   -.9026E+01   -.9028E+01   -.9030E+01   -.9033E+01   -.9035E+01   -.9038E+01   -.9041E+01   -.9044E+01   -.9047E+01   -.9051E+01   -.9055E+01   -.9059E+01   -.9064E+01   -.9069E+01   -.9074E+01   -.9081E+01   -.9088E+01   -.9095E+01   -.9104E+01   -.9114E+01   -.9125E+01   -.9138E+01   -.9153E+01   -.9170E+01   -.9190E+01   -.9213E+01   -.9241E+01   -.9274E+01   -.9311E+01   -.9354E+01   -.9402E+01   -.9452E+01   -.9495E+01   -.9512E+01   -.9474E+01   -.9302E+01   -.9509E+01   -.1064E+02   -.4883E+01   -.1907E+01   -.1297E+01   -.9500E+00   -.1270E+01   -.1221E+01   -.1376E+01   -.1373E+01   -.1445E+01   -.1245E+01   -.1207E+01   -.1149E+01   -.1184E+01   -.1177E+01   -.1196E+01   -.1190E+01   -.1198E+01   -.1192E+01   -.1194E+01   -.1186E+01   -.1184E+01   -.1176E+01   -.1171E+01   -.1161E+01   -.1154E+01   -.1144E+01   -.1135E+01   -.1125E+01   -.1115E+01   -.1104E+01   -.1095E+01   -.1083E+01   -.1073E+01   -.1062E+01   -.1052E+01   -.1041E+01   -.1031E+01   -.1020E+01   -.1010E+01   -.9990E+00   -.9889E+00   -.9786E+00   -.9687E+00   -.9588E+00   -.9491E+00
0.2448E+02   -.9003E+01   -.9004E+01   -.9005E+01   -.9006E+01   -.9007E+01   -.9009E+01   -.9010E+01   -.9011E+01   -.9012E+01   -.9014E+01   -.9015E+01   -.9017E+01   -.9018E+01   -.9020E+01   -.9022E+01   -.9023E+01   -.9025E+01   -.9027E+01   -.9030E+01   -.9032E+01   -.9034E+01   -.9037E+01   -.9040E+01   -.9043E+01   -.9046E+01   -.9049E+01   -.9053E+01   -.9057E+01   -.9062E+01   -.9067E+01   -.9072E+01   -.9078E+01   -.9085E+01   -.9093E+01   -.9101E+01   -.9111E+01   -.9121E+01   -.9134E+01   -.9148E+01   -.9164E+01   -.9183E+01   -.9205E+01   -.9231E+01   -.9262E+01   -.9298E+01   -.9339E+01   -.9386E+01   -.9435E+01   -.9480E+01   -.9505E+01   -.9481E+01   -.9363E+01   -.9415E+01   -.1002E+02   -.7327E+01   -.2525E+01   -.1400E+01   -.1066E+01   -.1110E+01   -.1281E+01   -.1311E+01   -.1405E+01   -.1421E+01   -.1462E+01   -.1240E+01   -.1200E+01   -.1138E+01   -.1162E+01   -.1167E+01   -.1178E+01   -.1179E+01   -.1182E+01   -.1180E+01   -.1178E+01   -.1173E+01   -.1168E+01   -.1161E+01   -.1154E+01   -.1145E+01   -.1137E+01   -.1127E+01   -.1117E+01   -.1107E+01   -.1097E+01   -.1087E+01   -.1076E+01   -.1065E+01   -.1055E+01   -.1044E+01   -.1034E+01   -.1023E+01   -.1013E+01   -.1002E+01   -.9920E+00   -.9818E+00   -.9717E+00   -.9618E+00   -.9520E+00   -.9423E+00   -.9328E+00
0.2470E+02   -.9003E+01   -.9004E+01   -.9005E+01   -.9006E+01   -.9008E+01   -.9009E+01   -.9010E+01   -.9012E+01   -.9013E+01   -.9014E+01   -.9016E+01   -.9017E+01   -.9019E+01   -.9021E+01   -.9023E+01   -.9024E+01   -.9026E+01   -.9029E+01   -.9031E+01   -.9033E+01   -.9036E+01   -.9038E+01   -.9041E+01   -.9045E+01   -.9048E+01   -.9052E+01   -.9056E+01   -.9060E+01   -.9065E+01   -.9070E+01   -.9076E+01   -.9083E+01   -.9090E+01   -.9098E+01   -.9107E+01   -.9117E+01   -.9129E+01   -.9142E+01   -.9158E+01   -.9176E+01   -.9197E+01   -.9221E+01   -.9250E+01   -.9284E+01   -.9324E+01   -.9369E+01   -.9418E+01   -.9467E+01   -.9502E+01   -.9503E+01   -.9433E+01   -.9286E+01   -.9656E+01   -.9738E+01   -.2703E+01   -.1495E+01   -.1174E+01   -.9755E+00   -.1350E+01   -.1237E+01   -.1441E+01   -.1390E+01   -.1483E+01   -.1456E+01   -.1208E+01   -.1168E+01   -.1106E+01   -.1104E+01   -.1141E+01   -.1138E+01   -.1157E+01   -.1151E+01   -.1159E+01   -.1151E+01   -.1152E+01   -.1143E+01   -.1140E+01   -.1129E+01   -.1123E+01   -.1112E+01   -.1104E+01   -.1092E+01   -.1083E+01   -.1072E+01   -.1062E+01   -.1051E+01   -.1041E+01   -.1029E+01   -.1019E+01   -.1008E+01   -.9980E+00   -.9873E+00   -.9772E+00   -.9668E+00   -.9569E+00   -.9468E+00   -.9372E+00   -.9275E+00   -.9181E+00   -.9087E+00
0.2492E+02   -.9003E+01   -.9004E+01   -.9006E+01   -.9007E+01   -.9008E+01   -.9009E+01   -.9011E+01   -.9012E+01   -.9013E+01   -.9015E+01   -.9017E+01   -.9018E+01   -.9020E+01   -.9022E+01   -.9023E+01   -.9025E+01   -.9028E+01   -.9030E+01   -.9032E+01   -.9035E+01   -.9037E+01   -.9040E+01   -.9043E+01   -.9047E+01   -.9050E+01   -.9054E+01   -.9058E+01   -.9063E+01   -.9068E+01   -.9074E+01   -.9080E+01   -.9087E+01   -.9095E+01   -.9104E+01   -.9114E+01   -.9125E+01   -.9138E+01   -.9152E+01   -.9169E+01   -.9189E+01   -.9212E+01   -.9240E+01   -.9272E+01   -.9310E+01   -.9353E+01   -.9401E+01   -.9450E+01   -.9492E+01   -.9506E+01   -.9466E+01   -.9371E+01   -.9571E+01   -.9960E+01   -.4362E+01   -.1040E+01   -.1286E+01   -.8411E+00   -.1231E+01   -.1204E+01   -.1356E+01   -.1355E+01   -.1425E+01   -.1420E+01   -.1454E+01   -.1196E+01   -.1145E+01   -.1075E+01   -.1093E+01   -.1087E+01   -.1097E+01   -.1091E+01   -.1095E+01   -.1088E+01   -.1087E+01   -.1079E+01   -.1075E+01   -.1067E+01   -.1061E+01   -.1052E+01   -.1044E+01   -.1035E+01   -.1026E+01   -.1016E+01   -.1007E+01   -.9973E+00   -.9880E+00   -.9778E+00   -.9682E+00   -.9581E+00   -.9485E+00   -.9385E+00   -.9290E+00   -.9192E+00   -.9098E+00   -.9002E+00   -.8910E+00   -.8817E+00   -.8727E+00   -.8637E+00   -.8549E+00
0.2513E+02   -.9003E+01   -.9004E+01   -.9005E+01   -.9006E+01   -.9007E+01   -.9009E+01   -.9010E+01   -.9012E+01   -.9013E+01   -.9015E+01   -.9016E+01   -.9018E+01   -.9020E+01   -.9022E+01   -.9024E+01   -.9026E+01   -.9028E+01   -.9030E+01   -.9033E+01   -.9035E+01   -.9038E+01   -.9041E+01   -.9044E+01   -.9048E+01   -.9051E+01   -.9056E+01   -.9060E+01   -.9065E+01   -.9071E+01   -.9077E+01   -.9083E+01   -.9091E+01   -.9099E+01   -.9108E+01   -.9119E+01   -.9131E+01   -.9145E+01   -.9161E+01   -.9180E+01   -.9202E+01   -.9227E+01   -.9257E+01   -.9292E+01   -.9333E+01   -.9378E+01   -.9425E+01   -.9466E+01   -.9484E+01   -.9440E+01   -.9282E+01   -.9110E+01   -.1625E+02   -.7354E+01   -.1967E+01   -.7108E+00   -.1186E+01   -.9557E+00   -.1318E+01   -.1253E+01   -.1398E+01   -.1375E+01   -.1439E+01   -.1429E+01   -.1459E+01   -.1201E+01   -.1148E+01   -.1083E+01   -.1099E+01   -.1096E+01   -.1104E+01   -.1100E+01   -.1102E+01   -.1097E+01   -.1095E+01   -.1088E+01   -.1084E+01   -.1076E+01   -.1070E+01   -.1062E+01   -.1054E+01   -.1045E+01   -.1037E+01   -.1028E+01   -.1019E+01   -.1010E+01   -.1001E+01   -.9916E+00   -.9825E+00   -.9730E+00   -.9639E+00   -.9545E+00   -.9455E+00   -.9363E+00   -.9273E+00   -.9183E+00   -.9095E+00   -.9007E+00   -.8921E+00   -.8836E+00   -.8752E+00
0.2535E+02   -.9002E+01   -.9003E+01   -.9004E+01   -.9005E+01   -.9007E+01   -.9008E+01   -.9010E+01   -.9011E+01   -.9013E+01   -.9014E+01   -.9016E+01   -.9018E+01   -.9020E+01   -.9021E+01   -.9023E+01   -.9026E+01   -.9028E+01   -.9030E+01   -.9033E+01   -.9036E+01   -.9038E+01   -.9042E+01   -.9045E+01   -.9049E+01   -.9053E+01   -.9057E+01   -.9062E+01   -.9067E+01   -.9073E+01   -.9079E+01   -.9086E+01   -.9094E+01   -.9103E+01   -.9113E+01   -.9125E+01   -.9138E+01   -.9153E+01   -.9171E+01   -.9191E+01   -.9215E+01   -.9243E+01   -.9275E+01   -.9313E+01   -.9357E+01   -.9403E+01   -.9447E+01   -.9476E+01   -.9463E+01   -.9348E+01   -.9059E+01   -.8845E+01   -.2333E+02   -.3278E+01   -.1654E+01   -.1233E+01   -.1278E+01   -.1316E+01   -.1336E+01   -.1381E+01   -.1376E+01   -.1414E+01   -.1404E+01   -.1436E+01   -.1428E+01   -.1164E+01   -.1115E+01   -.1059E+01   -.1063E+01   -.1085E+01   -.1084E+01   -.1095E+01   -.1090E+01   -.1093E+01   -.1086E+01   -.1085E+01   -.1077E+01   -.1073E+01   -.1064E+01   -.1059E+01   -.1049E+01   -.1042E+01   -.1033E+01   -.1025E+01   -.1016E+01   -.1008E+01   -.9984E+00   -.9899E+00   -.9806E+00   -.9719E+00   -.9628E+00   -.9542E+00   -.9452E+00   -.9366E+00   -.9278E+00   -.9194E+00   -.9109E+00   -.9026E+00   -.8943E+00   -.8862E+00   -.8781E+00
0.2557E+02   -.9004E+01   -.9005E+01   -.9006E+01   -.9007E+01   -.9009E+01   -.9010E+01   -.9012E+01   -.9013E+01   -.9015E+01   -.9017E+01   -.9018E+01   -.9020E+01   -.9022E+01   -.9024E+01   -.9026E+01   -.9029E+01   -.9031E+01   -.9034E+01   -.9036E+01   -.9039E+01   -.9042E+01   -.9046E+01   -.9049E+01   -.9053E+01   -.9057E+01   -.9062E+01   -.9067E+01   -.9073E+01   -.9079E+01   -.9086E+01   -.9094E+01   -.9102E+01   -.9112E+01   -.9123E+01   -.9136E+01   -.9150E+01   -.9167E+01   -.9186E+01   -.9209E+01   -.9236E+01   -.9267E+01   -.9303E+01   -.9346E+01   -.9394E+01   -.9443E+01   -.9487E+01   -.9509E+01   -.9480E+01   -.9363E+01   -.9282E+01   -.1099E+02   -.1459E+00   -.8386E+00   -.7839E+00   -.1058E+01   -.1259E+01   -.1361E+01   -.1430E+01   -.1469E+01   -.1492E+01   -.1507E+01   -.1511E+01   -.1513E+01   -.1506E+01   -.1058E+01   -.1003E+01   -.9562E+00   -.9564E+00   -.9580E+00   -.9549E+00   -.9516E+00   -.9454E+00   -.9390E+00   -.9306E+00   -.9222E+00   -.9123E+00   -.9025E+00   -.8917E+00   -.8810E+00   -.8697E+00   -.8585E+00   -.8468E+00   -.8354E+00   -.8237E+00   -.8122E+00   -.8006E+00   -.7891E+00   -.7777E+00   -.7664E+00   -.7552E+00   -.7442E+00   -.7332E+00   -.7225E+00   -.7118E+00   -.7013E+00   -.6910E+00   -.6808E+00   -.6708E+00   -.6610E+00   -.6513E+00
0.2578E+02   -.9004E+01   -.9005E+01   -.9006E+01   -.9008E+01   -.9009E+01   -.9011E+01   -.9012E+01   -.9014E+01   -.9016E+01   -.9017E+01   -.9019E+01   -.9021E+01   -.9023E+01   -.9025E+01   -.9028E+01   -.9030E+01   -.9032E+01   -.9035E+01   -.9038E+01   -.9041E+01   -.9044E+01   -.9048E+01   -.9052E+01   -.9056E+01   -.9060E+01   -.9065E+01   -.9071E+01   -.9077E+01   -.9084E+01   -.9091E+01   -.9099E+01   -.9109E+01   -.9119E+01   -.9132E+01   -.9145E+01   -.9161E+01   -.9180E+01   -.9202E+01   -.9227E+01   -.9257E+01   -.9292E+01   -.9333E+01   -.9379E+01   -.9430E+01   -.9477E+01   -.9509E+01   -.9500E+01   -.9411E+01   -.9256E+01   -.9789E+01   -.1563E+01   -.6725E-01   -.6650E+00   -.1019E+01   -.1232E+01   -.1358E+01   -.1431E+01   -.1477E+01   -.1504E+01   -.1520E+01   -.1527E+01   -.1528E+01   -.1525E+01   -.1518E+01   -.1019E+01   -.9710E+00   -.9513E+00   -.9524E+00   -.9515E+00   -.9489E+00   -.9446E+00   -.9392E+00   -.9326E+00   -.9252E+00   -.9169E+00   -.9081E+00   -.8987E+00   -.8890E+00   -.8789E+00   -.8686E+00   -.8581E+00   -.8475E+00   -.8368E+00   -.8261E+00   -.8153E+00   -.8046E+00   -.7938E+00   -.7832E+00   -.7726E+00   -.7621E+00   -.7517E+00   -.7415E+00   -.7313E+00   -.7213E+00   -.7114E+00   -.7016E+00   -.6920E+00   -.6825E+00   -.6731E+00   -.6639E+00
0.2600E+02   -.9004E+01   -.9005E+01   -.9007E+01   -.9008E+01   -.9010E+01   -.9011E+01   -.9013E+01   -.9015E+01   -.9016E+01   -.9018E+01   -.9020E+01   -.9022E+01   -.9024E+01   -.9026E+01   -.9029E+01   -.9031E+01   -.9034E+01   -.9037E+01   -.9040E+01   -.9043E+01   -.9046E+01   -.9050E+01   -.9054E+01   -.9059E+01   -.9063E+01   -.9069E+01   -.9074E+01   -.9081E+01   -.9088E+01   -.9096E+01   -.9105E+01   -.9115E+01   -.9127E+01   -.9140E+01   -.9155E+01   -.9173E+01   -.9193E+01   -.9217E+01   -.9245E+01   -.9278E+01   -.9316E+01   -.9360E+01   -.9409E+01   -.9458E+01   -.9495E+01   -.9501E+01   -.9449E+01   -.9337E+01   -.9401E+01   -.2125E+02   0.5705E-01   -.7149E+00   -.9558E+00   -.1109E+01   -.1194E+01   -.1240E+01   -.1297E+01   -.1340E+01   -.1368E+01   -.1385E+01   -.1396E+01   -.1400E+01   -.1400E+01   -.1397E+01   -.8630E+00   -.8260E+00   -.8338E+00   -.8363E+00   -.8373E+00   -.8366E+00   -.8346E+00   -.8315E+00   -.8274E+00   -.8226E+00   -.8170E+00   -.8109E+00   -.8043E+00   -.7973E+00   -.7900E+00   -.7825E+00   -.7747E+00   -.7668E+00   -.7588E+00   -.7506E+00   -.7424E+00   -.7342E+00   -.7259E+00   -.7177E+00   -.7094E+00   -.7013E+00   -.6931E+00   -.6850E+00   -.6770E+00   -.6691E+00   -.6612E+00   -.6535E+00   -.6458E+00   -.6382E+00   -.6307E+00   -.6233E+00
0.2622E+02   -.9004E+01   -.9005E+01   -.9007E+01   -.9008E+01   -.9010E+01   -.9012E+01   -.9013E+01   -.9015E+01   -.9017E+01   -.9019E+01   -.9021E+01   -.9023E+01   -.9025E+01   -.9027E+01   -.9030E+01   -.9033E+01   -.9035E+01   -.9038E+01   -.9041E+01   -.9045E+01   -.9048E+01   -.9052E+01   -.9057E+01   -.9061E+01   -.9067E+01   -.9072E+01   -.9078E+01   -.9085E+01   -.9093E+01   -.9102E+01   -.9111E+01   -.9122E+01   -.9135E+01   -.9149E+01   -.9166E+01   -.9186E+01   -.9208E+01   -.9235E+01   -.9266E+01   -.9302E+01   -.9345E+01   -.9393E+01   -.9443E+01   -.9487E+01   -.9505E+01   -.9471E+01   -.9358E+01   -.9241E+01   -.1124E+02   -.1483E-01   -.3985E+00   -.6292E+00   -.9365E+00   -.1143E+01   -.1269E+01   -.1347E+01   -.1396E+01   -.1429E+01   -.1449E+01   -.1462E+01   -.1469E+01   -.1471E+01   -.1469E+01   -.1464E+01   -.8685E+00   -.8474E+00   -.8846E+00   -.8877E+00   -.8893E+00   -.8893E+00   -.8879E+00   -.8855E+00   -.8821E+00   -.8780E+00   -.8732E+00   -.8678E+00   -.8621E+00   -.8559E+00   -.8494E+00   -.8426E+00   -.8357E+00   -.8286E+00   -.8213E+00   -.8140E+00   -.8066E+00   -.7992E+00   -.7917E+00   -.7843E+00   -.7768E+00   -.7694E+00   -.7620E+00   -.7547E+00   -.7474E+00   -.7402E+00   -.7331E+00   -.7260E+00   -.7190E+00   -.7121E+00   -.7053E+00   -.6986E+00
0.2643E+02   -.9004E+01   -.9006E+01   -.9007E+01   -.9009E+01   -.9010E+01   -.9012E+01   -.9014E+01   -.9016E+01   -.9018E+01   -.9020E+01   -.9022E+01   -.9024E+01   -.9026E+01   -.9029E+01   -.9031E+01   -.9034E+01   -.9037E+01   -.9040E+01   -.9043E+01   -.9047E+01   -.9051E+01   -.9055E+01   -.9060E+01   -.9065E+01   -.9070E+01   -.9076E+01   -.9083E+01   -.9090E+01   -.9099E+01   -.9108E+01   -.9119E+01   -.9131E+01   -.9144E+01   -.9160E+01   -.9179E+01   -.9200E+01   -.9226E+01   -.9255E+01   -.9290E+01   -.9331E+01   -.9378E+01   -.9429E+01   -.9479E+01   -.9513E+01   -.9501E+01   -.9409E+01   -.9217E+01   -.9118E+01   -.3009E+01   -.1937E+00   -.7740E+00   -.1113E+01   -.1312E+01   -.1430E+01   -.1497E+01   -.1537E+01   -.1559E+01   -.1570E+01   -.1572E+01   -.1570E+01   -.1564E+01   -.1554E+01   -.1541E+01   -.1526E+01   -.7715E+00   -.7567E+00   -.8144E+00   -.8129E+00   -.8103E+00   -.8064E+00   -.8016E+00   -.7959E+00   -.7896E+00   -.7827E+00   -.7753E+00   -.7676E+00   -.7595E+00   -.7512E+00   -.7428E+00   -.7342E+00   -.7254E+00   -.7167E+00   -.7079E+00   -.6991E+00   -.6903E+00   -.6815E+00   -.6728E+00   -.6641E+00   -.6555E+00   -.6470E+00   -.6386E+00   -.6303E+00   -.6221E+00   -.6140E+00   -.6060E+00   -.5981E+00   -.5903E+00   -.5827E+00   -.5752E+00   -.5678E+00
0.2665E+02   -.9004E+01   -.9006E+01   -.9007E+01   -.9009E+01   -.9011E+01   -.9013E+01   -.9014E+01   -.9016E+01   -.9018E+01   -.9020E+01   -.9023E+01   -.9025E+01   -.9027E+01   -.9030E+01   -.9033E+01   -.9035E+01   -.9039E+01   -.9042E+01   -.9045E+01   -.9049E+01   -.9053E+01   -.9058E+01   -.9062E+01   -.9068E+01   -.9074E+01   -.9080E+01   -.9087E+01   -.9095E+01   -.9104E+01   -.9114E+01   -.9126E+01   -.9139E+01   -.9154E+01   -.9172E+01   -.9192E+01   -.9216E+01   -.9243E+01   -.9276E+01   -.9315E+01   -.9359E+01   -.9409E+01   -.9460E+01   -.9502E+01   -.9512E+01   -.9452E+01   -.9312E+01   -.9354E+01   -.1830E+02   0.1525E+00   -.4722E+00   -.8382E+00   -.1113E+01   -.1276E+01   -.1378E+01   -.1438E+01   -.1474E+01   -.1494E+01   -.1503E+01   -.1506E+01   -.1503E+01   -.1495E+01   -.1485E+01   -.1472E+01   -.1457E+01   -.6932E+00   -.6829E+00   -.7485E+00   -.7462E+00   -.7430E+00   -.7386E+00   -.7334E+00   -.7274E+00   -.7207E+00   -.7135E+00   -.7060E+00   -.6981E+00   -.6899E+00   -.6815E+00   -.6730E+00   -.6644E+00   -.6556E+00   -.6469E+00   -.6381E+00   -.6293E+00   -.6206E+00   -.6119E+00   -.6032E+00   -.5947E+00   -.5862E+00   -.5778E+00   -.5695E+00   -.5612E+00   -.5531E+00   -.5452E+00   -.5373E+00   -.5295E+00   -.5219E+00   -.5144E+00   -.5070E+00   -.4997E+00
0.2687E+02   -.9004E+01   -.9006E+01   -.9008E+01   -.9009E+01   -.9011E+01   -.9013E+01   -.9015E+01   -.9017E+01   -.9019E+01   -.9021E+01   -.9024E+01   -.9026E+01   -.9028E+01   -.9031E+01   -.9034E+01   -.9037E+01   -.9040E+01   -.9044E+01   -.9047E+01   -.9051E+01   -.9056E+01   -.9060E+01   -.9065E+01   -.9071E+01   -.9077E+01   -.9084E+01   -.9092E+01   -.9101E+01   -.9110E+01   -.9121E+01   -.9134E+01   -.9148E+01   -.9165E+01   -.9184E+01   -.9206E+01   -.9233E+01   -.9264E+01   -.9301E+01   -.9343E+01   -.9392E+01   -.9445E+01   -.9495E+01   -.9525E+01   -.9505E+01   -.9397E+01   -.9299E+01   -.1086E+02   -.2824E+00   -.4705E+00   -.7413E+00   -.1073E+01   -.1270E+01   -.1387E+01   -.1461E+01   -.1505E+01   -.1531E+01   -.1544E+01   -.1549E+01   -.1547E+01   -.1542E+01   -.1532E+01   -.1520E+01   -.1506E+01   -.1489E+01   -.7470E+00   -.7335E+00   -.7934E+00   -.7899E+00   -.7855E+00   -.7800E+00   -.7737E+00   -.7667E+00   -.7592E+00   -.7512E+00   -.7429E+00   -.7343E+00   -.7254E+00   -.7164E+00   -.7073E+00   -.6981E+00   -.6888E+00   -.6796E+00   -.6703E+00   -.6611E+00   -.6519E+00   -.6428E+00   -.6338E+00   -.6248E+00   -.6160E+00   -.6073E+00   -.5987E+00   -.5902E+00   -.5818E+00   -.5736E+00   -.5654E+00   -.5575E+00   -.5496E+00   -.5419E+00   -.5343E+00   -.5269E+00
0.2708E+02   -.9005E+01   -.9006E+01   -.9008E+01   -.9010E+01   -.9012E+01   -.9014E+01   -.9016E+01   -.9018E+01   -.9020E+01   -.9022E+01   -.9025E+01   -.9027E+01   -.9030E+01   -.9033E+01   -.9035E+01   -.9039E+01   -.9042E+01   -.9046E+01   -.9050E+01   -.9054E+01   -.9058E+01   -.9063E+01   -.9069E+01   -.9075E+01   -.9082E+01   -.9089E+01   -.9097E+01   -.9107E+01   -.9117E+01   -.9129E+01   -.9143E+01   -.9159E+01   -.9177E+01   -.9198E+01   -.9223E+01   -.9253E+01   -.9287E+01   -.9328E+01   -.9374E+01   -.9426E+01   -.9478E+01   -.9516E+01   -.9514E+01   -.9431E+01   -.9267E+01   -.9517E+01   -.6188E+01   -.4285E+00   -.6633E+00   -.8582E+00   -.1074E+01   -.1225E+01   -.1318E+01   -.1379E+01   -.1418E+01   -.1443E+01   -.1459E+01   -.1468E+01   -.1471E+01   -.1471E+01   -.1466E+01   -.1459E+01   -.1450E+01   -.1439E+01   -.8248E+00   -.8061E+00   -.8481E+00   -.8482E+00   -.8472E+00   -.8450E+00   -.8419E+00   -.8381E+00   -.8336E+00   -.8287E+00   -.8232E+00   -.8175E+00   -.8114E+00   -.8050E+00   -.7985E+00   -.7919E+00   -.7851E+00   -.7782E+00   -.7713E+00   -.7644E+00   -.7574E+00   -.7503E+00   -.7433E+00   -.7363E+00   -.7294E+00   -.7225E+00   -.7157E+00   -.7090E+00   -.7023E+00   -.6957E+00   -.6892E+00   -.6828E+00   -.6764E+00   -.6702E+00   -.6640E+00   -.6579E+00
0.2730E+02   -.9005E+01   -.9006E+01   -.9008E+01   -.9010E+01   -.9012E+01   -.9014E+01   -.9016E+01   -.9018E+01   -.9021E+01   -.9023E+01   -.9026E+01   -.9028E+01   -.9031E+01   -.9034E+01   -.9037E+01   -.9040E+01   -.9044E+01   -.9048E+01   -.9052E+01   -.9056E+01   -.9061E+01   -.9067E+01   -.9073E+01   -.9079E+01   -.9086E+01   -.9094E+01   -.9103E+01   -.9113E+01   -.9125E+01   -.9138E+01   -.9153E+01   -.9170E+01   -.9191E+01   -.9214E+01   -.9242E+01   -.9274E+01   -.9313E+01   -.9357E+01   -.9408E+01   -.9460E+01   -.9507E+01   -.9525E+01   -.9479E+01   -.9352E+01   -.9238E+01   -.1825E+02   0.1288E+00   -.4380E+00   -.8100E+00   -.1018E+01   -.1177E+01   -.1283E+01   -.1349E+01   -.1393E+01   -.1420E+01   -.1437E+01   -.1446E+01   -.1449E+01   -.1448E+01   -.1443E+01   -.1435E+01   -.1425E+01   -.1414E+01   -.1400E+01   -.8423E+00   -.8074E+00   -.8206E+00   -.8181E+00   -.8148E+00   -.8104E+00   -.8053E+00   -.7996E+00   -.7933E+00   -.7866E+00   -.7795E+00   -.7721E+00   -.7645E+00   -.7567E+00   -.7488E+00   -.7408E+00   -.7327E+00   -.7246E+00   -.7164E+00   -.7083E+00   -.7002E+00   -.6920E+00   -.6840E+00   -.6760E+00   -.6680E+00   -.6602E+00   -.6524E+00   -.6447E+00   -.6371E+00   -.6296E+00   -.6222E+00   -.6149E+00   -.6078E+00   -.6007E+00   -.5938E+00   -.5870E+00
0.2752E+02   -.9005E+01   -.9007E+01   -.9009E+01   -.9011E+01   -.9012E+01   -.9015E+01   -.9017E+01   -.9019E+01   -.9021E+01   -.9024E+01   -.9027E+01   -.9029E+01   -.9032E+01   -.9036E+01   -.9039E+01   -.9042E+01   -.9046E+01   -.9050E+01   -.9054E+01   -.9059E+01   -.9064E+01   -.9070E+01   -.9076E+01   -.9084E+01   -.9091E+01   -.9100E+01   -.9109E+01   -.9121E+01   -.9132E+01   -.9148E+01   -.9163E+01   -.9184E+01   -.9204E+01   -.9233E+01   -.9261E+01   -.9301E+01   -.9340E+01   -.9393E+01   -.9442E+01   -.9500E+01   -.9527E+01   -.9521E+01   -.9398E+01   -.9311E+01   -.1055E+02   -.1124E+01   -.1850E+00   -.7529E+00   -.9767E+00   -.1164E+01   -.1292E+01   -.1371E+01   -.1420E+01   -.1452E+01   -.1472E+01   -.1483E+01   -.1488E+01   -.1488E+01   -.1484E+01   -.1477E+01   -.1467E+01   -.1455E+01   -.1442E+01   -.1427E+01   -.9524E+00   -.9088E+00   -.8961E+00   -.8915E+00   -.8860E+00   -.8796E+00   -.8725E+00   -.8648E+00   -.8566E+00   -.8480E+00   -.8391E+00   -.8299E+00   -.8206E+00   -.8111E+00   -.8015E+00   -.7919E+00   -.7822E+00   -.7726E+00   -.7630E+00   -.7535E+00   -.7440E+00   -.7346E+00   -.7252E+00   -.7160E+00   -.7069E+00   -.6979E+00   -.6890E+00   -.6802E+00   -.6715E+00   -.6630E+00   -.6546E+00   -.6464E+00   -.6382E+00   -.6302E+00   -.6223E+00   -.6146E+00
0.2773E+02   -.9005E+01   -.9007E+01   -.9008E+01   -.9012E+01   -.9012E+01   -.9016E+01   -.9017E+01   -.9021E+01   -.9021E+01   -.9026E+01   -.9026E+01   -.9032E+01   -.9032E+01   -.9039E+01   -.9038E+01   -.9047E+01   -.9045E+01   -.9056E+01   -.9054E+01   -.9066E+01   -.9064E+01   -.9079E+01   -.9075E+01   -.9094E+01   -.9090E+01   -.9113E+01   -.9108E+01   -.9138E+01   -.9131E+01   -.9170E+01   -.9162E+01   -.9213E+01   -.9204E+01   -.9272E+01   -.9262E+01   -.9355E+01   -.9341E+01   -.9465E+01   -.9432E+01   -.9578E+01   -.9447E+01   -.9518E+01   -.8929E+01   -.9021E+01   -.9404E+01   -.3584E+00   -.8212E+00   -.1048E+01   -.1249E+01   -.1354E+01   -.1434E+01   -.1481E+01   -.1507E+01   -.1522E+01   -.1528E+01   -.1528E+01   -.1523E+01   -.1514E+01   -.1502E+01   -.1488E+01   -.1473E+01   -.1455E+01   -.1437E+01   -.1417E+01   -.9740E+00   -.9208E+00   -.8804E+00   -.8731E+00   -.8651E+00   -.8563E+00   -.8469E+00   -.8369E+00   -.8266E+00   -.8160E+00   -.8052E+00   -.7943E+00   -.7832E+00   -.7721E+00   -.7610E+00   -.7499E+00   -.7389E+00   -.7279E+00   -.7171E+00   -.7063E+00   -.6956E+00   -.6851E+00   -.6748E+00   -.6645E+00   -.6545E+00   -.6446E+00   -.6348E+00   -.6252E+00   -.6158E+00   -.6065E+00   -.5974E+00   -.5885E+00   -.5797E+00   -.5711E+00   -.5626E+00   -.5543E+00
0.2795E+02   -.9004E+01   -.9007E+01   -.9007E+01   -.9011E+01   -.9011E+01   -.9016E+01   -.9016E+01   -.9022E+01   -.9020E+01   -.9027E+01   -.9026E+01   -.9034E+01   -.9031E+01   -.9041E+01   -.9038E+01   -.9049E+01   -.9045E+01   -.9059E+01   -.9054E+01   -.9071E+01   -.9064E+01   -.9084E+01   -.9076E+01   -.9101E+01   -.9092E+01   -.9122E+01   -.9111E+01   -.9149E+01   -.9137E+01   -.9184E+01   -.9171E+01   -.9231E+01   -.9219E+01   -.9292E+01   -.9287E+01   -.9373E+01   -.9372E+01   -.9451E+01   -.9451E+01   -.9373E+01   -.8978E+01   -.8986E+01   -.7765E+01   -.1445E+02   -.2974E+00   -.7520E+00   -.1010E+01   -.1169E+01   -.1336E+01   -.1437E+01   -.1498E+01   -.1535E+01   -.1556E+01   -.1569E+01   -.1575E+01   -.1575E+01   -.1571E+01   -.1563E+01   -.1553E+01   -.1541E+01   -.1526E+01   -.1510E+01   -.1493E+01   -.1476E+01   -.1114E+01   -.1061E+01   -.1005E+01   -.9972E+00   -.9890E+00   -.9801E+00   -.9707E+00   -.9610E+00   -.9509E+00   -.9406E+00   -.9302E+00   -.9197E+00   -.9092E+00   -.8986E+00   -.8881E+00   -.8776E+00   -.8671E+00   -.8567E+00   -.8464E+00   -.8362E+00   -.8261E+00   -.8162E+00   -.8064E+00   -.7968E+00   -.7873E+00   -.7779E+00   -.7687E+00   -.7596E+00   -.7507E+00   -.7420E+00   -.7334E+00   -.7250E+00   -.7167E+00   -.7086E+00   -.7006E+00   -.6928E+00
0.2817E+02   -.9004E+01   -.9007E+01   -.9008E+01   -.9011E+01   -.9013E+01   -.9016E+01   -.9018E+01   -.9021E+01   -.9023E+01   -.9027E+01   -.9029E+01   -.9033E+01   -.9035E+01   -.9041E+01   -.9042E+01   -.9049E+01   -.9051E+01   -.9058E+01   -.9061E+01   -.9070E+01   -.9073E+01   -.9083E+01   -.9087E+01   -.9100E+01   -.9105E+01   -.9121E+01   -.9129E+01   -.9148E+01   -.9159E+01   -.9184E+01   -.9201E+01   -.9232E+01   -.9259E+01   -.9297E+01   -.9339E+01   -.9382E+01   -.9441E+01   -.9453E+01   -.9519E+01   -.9324E+01   -.9003E+01   -.9233E+01   -.9339E+01   -.1025E+02   -.1433E+00   -.8486E+00   -.1115E+01   -.1229E+01   -.1359E+01   -.1439E+01   -.1489E+01   -.1521E+01   -.1540E+01   -.1553E+01   -.1559E+01   -.1561E+01   -.1559E+01   -.1554E+01   -.1546E+01   -.1536E+01   -.1524E+01   -.1511E+01   -.1497E+01   -.1481E+01   -.1179E+01   -.1128E+01   -.1065E+01   -.1059E+01   -.1051E+01   -.1043E+01   -.1035E+01   -.1026E+01   -.1017E+01   -.1008E+01   -.9989E+00   -.9894E+00   -.9799E+00   -.9704E+00   -.9608E+00   -.9513E+00   -.9419E+00   -.9325E+00   -.9232E+00   -.9139E+00   -.9048E+00   -.8958E+00   -.8869E+00   -.8782E+00   -.8696E+00   -.8611E+00   -.8528E+00   -.8446E+00   -.8365E+00   -.8286E+00   -.8208E+00   -.8132E+00   -.8057E+00   -.7983E+00   -.7911E+00   -.7840E+00
0.2838E+02   -.9006E+01   -.9008E+01   -.9010E+01   -.9013E+01   -.9014E+01   -.9018E+01   -.9019E+01   -.9023E+01   -.9025E+01   -.9029E+01   -.9031E+01   -.9036E+01   -.9038E+01   -.9043E+01   -.9046E+01   -.9052E+01   -.9054E+01   -.9062E+01   -.9065E+01   -.9074E+01   -.9078E+01   -.9088E+01   -.9093E+01   -.9107E+01   -.9112E+01   -.9130E+01   -.9137E+01   -.9160E+01   -.9171E+01   -.9201E+01   -.9216E+01   -.9256E+01   -.9278E+01   -.9333E+01   -.9362E+01   -.9434E+01   -.9464E+01   -.9532E+01   -.9505E+01   -.9469E+01   -.9286E+01   -.9726E+01   -.9669E+01   -.2174E+01   -.4197E+00   -.8390E+00   -.1100E+01   -.1261E+01   -.1362E+01   -.1425E+01   -.1465E+01   -.1490E+01   -.1504E+01   -.1512E+01   -.1515E+01   -.1514E+01   -.1510E+01   -.1503E+01   -.1493E+01   -.1482E+01   -.1469E+01   -.1455E+01   -.1440E+01   -.1424E+01   -.1148E+01   -.1100E+01   -.1034E+01   -.1027E+01   -.1020E+01   -.1012E+01   -.1003E+01   -.9945E+00   -.9854E+00   -.9761E+00   -.9667E+00   -.9572E+00   -.9476E+00   -.9381E+00   -.9285E+00   -.9190E+00   -.9096E+00   -.9002E+00   -.8909E+00   -.8817E+00   -.8727E+00   -.8637E+00   -.8549E+00   -.8462E+00   -.8377E+00   -.8292E+00   -.8210E+00   -.8128E+00   -.8049E+00   -.7970E+00   -.7893E+00   -.7818E+00   -.7743E+00   -.7671E+00   -.7599E+00   -.7529E+00
0.2860E+02   -.9006E+01   -.9008E+01   -.9011E+01   -.9013E+01   -.9016E+01   -.9018E+01   -.9021E+01   -.9023E+01   -.9027E+01   -.9029E+01   -.9033E+01   -.9036E+01   -.9041E+01   -.9044E+01   -.9049E+01   -.9052E+01   -.9059E+01   -.9063E+01   -.9071E+01   -.9075E+01   -.9085E+01   -.9090E+01   -.9102E+01   -.9109E+01   -.9125E+01   -.9133E+01   -.9153E+01   -.9164E+01   -.9192E+01   -.9207E+01   -.9244E+01   -.9266E+01   -.9316E+01   -.9347E+01   -.9413E+01   -.9448E+01   -.9518E+01   -.9513E+01   -.9506E+01   -.9297E+01   -.9487E+01   -.1060E+02   -.4633E+01   -.1453E+01   -.7025E+00   -.1017E+01   -.1211E+01   -.1333E+01   -.1412E+01   -.1462E+01   -.1494E+01   -.1515E+01   -.1527E+01   -.1533E+01   -.1535E+01   -.1534E+01   -.1529E+01   -.1521E+01   -.1512E+01   -.1501E+01   -.1488E+01   -.1474E+01   -.1460E+01   -.1444E+01   -.1194E+01   -.1151E+01   -.1085E+01   -.1078E+01   -.1070E+01   -.1061E+01   -.1052E+01   -.1043E+01   -.1034E+01   -.1024E+01   -.1015E+01   -.1005E+01   -.9952E+00   -.9855E+00   -.9758E+00   -.9661E+00   -.9565E+00   -.9470E+00   -.9376E+00   -.9284E+00   -.9192E+00   -.9102E+00   -.9013E+00   -.8925E+00   -.8839E+00   -.8754E+00   -.8670E+00   -.8588E+00   -.8508E+00   -.8429E+00   -.8351E+00   -.8275E+00   -.8201E+00   -.8127E+00   -.8055E+00   -.7985E+00
0.2882E+02   -.9006E+01   -.9008E+01   -.9011E+01   -.9013E+01   -.9016E+01   -.9019E+01   -.9022E+01   -.9024E+01   -.9028E+01   -.9031E+01   -.9035E+01   -.9038E+01   -.9042E+01   -.9046E+01   -.9051E+01   -.9056E+01   -.9061E+01   -.9067E+01   -.9074E+01   -.9080E+01   -.9088E+01   -.9097E+01   -.9107E+01   -.9118E+01   -.9131E+01   -.9144E+01   -.9162E+01   -.9180E+01   -.9203E+01   -.9228E+01   -.9260E+01   -.9295E+01   -.9339E+01   -.9386E+01   -.9440E+01   -.9489E+01   -.9523E+01   -.9507E+01   -.9390E+01   -.9387E+01   -.1018E+02   -.7424E+01   -.2403E+01   -.1158E+01   -.8924E+00   -.1126E+01   -.1269E+01   -.1360E+01   -.1420E+01   -.1459E+01   -.1485E+01   -.1501E+01   -.1510E+01   -.1515E+01   -.1515E+01   -.1512E+01   -.1507E+01   -.1499E+01   -.1489E+01   -.1478E+01   -.1466E+01   -.1452E+01   -.1438E+01   -.1423E+01   -.1191E+01   -.1153E+01   -.1092E+01   -.1084E+01   -.1076E+01   -.1068E+01   -.1059E+01   -.1049E+01   -.1040E+01   -.1030E+01   -.1021E+01   -.1011E+01   -.1001E+01   -.9918E+00   -.9822E+00   -.9727E+00   -.9632E+00   -.9538E+00   -.9445E+00   -.9354E+00   -.9263E+00   -.9174E+00   -.9086E+00   -.9000E+00   -.8915E+00   -.8831E+00   -.8749E+00   -.8668E+00   -.8589E+00   -.8511E+00   -.8434E+00   -.8359E+00   -.8286E+00   -.8214E+00   -.8143E+00   -.8073E+00
0.2903E+02   -.9006E+01   -.9009E+01   -.9011E+01   -.9014E+01   -.9016E+01   -.9020E+01   -.9022E+01   -.9026E+01   -.9028E+01   -.9033E+01   -.9035E+01   -.9041E+01   -.9043E+01   -.9049E+01   -.9052E+01   -.9060E+01   -.9063E+01   -.9072E+01   -.9076E+01   -.9087E+01   -.9091E+01   -.9105E+01   -.9111E+01   -.9128E+01   -.9136E+01   -.9158E+01   -.9169E+01   -.9198E+01   -.9213E+01   -.9254E+01   -.9275E+01   -.9330E+01   -.9360E+01   -.9430E+01   -.9462E+01   -.9531E+01   -.9509E+01   -.9480E+01   -.9280E+01   -.9703E+01   -.1019E+02   -.3057E+01   -.1526E+01   -.1056E+01   -.1036E+01   -.1202E+01   -.1305E+01   -.1371E+01   -.1416E+01   -.1445E+01   -.1464E+01   -.1476E+01   -.1482E+01   -.1484E+01   -.1483E+01   -.1479E+01   -.1472E+01   -.1464E+01   -.1453E+01   -.1442E+01   -.1430E+01   -.1416E+01   -.1402E+01   -.1388E+01   -.1169E+01   -.1135E+01   -.1081E+01   -.1073E+01   -.1065E+01   -.1056E+01   -.1047E+01   -.1038E+01   -.1029E+01   -.1019E+01   -.1010E+01   -.1000E+01   -.9906E+00   -.9811E+00   -.9717E+00   -.9623E+00   -.9530E+00   -.9438E+00   -.9347E+00   -.9257E+00   -.9168E+00   -.9081E+00   -.8995E+00   -.8910E+00   -.8827E+00   -.8745E+00   -.8664E+00   -.8585E+00   -.8508E+00   -.8431E+00   -.8357E+00   -.8283E+00   -.8211E+00   -.8141E+00   -.8071E+00   -.8003E+00
0.2925E+02   -.9007E+01   -.9009E+01   -.9012E+01   -.9014E+01   -.9018E+01   -.9020E+01   -.9024E+01   -.9026E+01   -.9031E+01   -.9033E+01   -.9038E+01   -.9041E+01   -.9047E+01   -.9050E+01   -.9057E+01   -.9061E+01   -.9069E+01   -.9073E+01   -.9083E+01   -.9088E+01   -.9100E+01   -.9107E+01   -.9122E+01   -.9132E+01   -.9151E+01   -.9163E+01   -.9189E+01   -.9206E+01   -.9241E+01   -.9265E+01   -.9312E+01   -.9346E+01   -.9408E+01   -.9448E+01   -.9513E+01   -.9516E+01   -.9505E+01   -.9313E+01   -.9487E+01   -.1063E+02   -.5211E+01   -.2072E+01   -.1231E+01   -.9733E+00   -.1151E+01   -.1274E+01   -.1352E+01   -.1404E+01   -.1438E+01   -.1461E+01   -.1475E+01   -.1483E+01   -.1485E+01   -.1484E+01   -.1481E+01   -.1475E+01   -.1466E+01   -.1456E+01   -.1445E+01   -.1432E+01   -.1419E+01   -.1405E+01   -.1390E+01   -.1375E+01   -.1157E+01   -.1127E+01   -.1080E+01   -.1071E+01   -.1063E+01   -.1053E+01   -.1044E+01   -.1035E+01   -.1025E+01   -.1015E+01   -.1006E+01   -.9960E+00   -.9864E+00   -.9767E+00   -.9672E+00   -.9577E+00   -.9484E+00   -.9391E+00   -.9300E+00   -.9210E+00   -.9121E+00   -.9033E+00   -.8947E+00   -.8863E+00   -.8780E+00   -.8698E+00   -.8618E+00   -.8539E+00   -.8462E+00   -.8386E+00   -.8312E+00   -.8239E+00   -.8167E+00   -.8097E+00   -.8028E+00   -.7961E+00
0.2947E+02   -.9007E+01   -.9009E+01   -.9012E+01   -.9015E+01   -.9018E+01   -.9021E+01   -.9025E+01   -.9028E+01   -.9032E+01   -.9035E+01   -.9040E+01   -.9044E+01   -.9049E+01   -.9053E+01   -.9059E+01   -.9065E+01   -.9072E+01   -.9078E+01   -.9087E+01   -.9095E+01   -.9105E+01   -.9115E+01   -.9129E+01   -.9142E+01   -.9160E+01   -.9177E+01   -.9201E+01   -.9226E+01   -.9258E+01   -.9292E+01   -.9337E+01   -.9382E+01   -.9438E+01   -.9485E+01   -.9524E+01   -.9507E+01   -.9402E+01   -.9378E+01   -.1014E+02   -.7922E+01   -.2677E+01   -.1468E+01   -.1037E+01   -.1080E+01   -.1231E+01   -.1323E+01   -.1382E+01   -.1422E+01   -.1449E+01   -.1466E+01   -.1477E+01   -.1482E+01   -.1482E+01   -.1479E+01   -.1474E+01   -.1467E+01   -.1457E+01   -.1447E+01   -.1435E+01   -.1422E+01   -.1408E+01   -.1393E+01   -.1378E+01   -.1363E+01   -.1150E+01   -.1123E+01   -.1082E+01   -.1073E+01   -.1064E+01   -.1054E+01   -.1045E+01   -.1035E+01   -.1025E+01   -.1016E+01   -.1006E+01   -.9960E+00   -.9862E+00   -.9766E+00   -.9670E+00   -.9575E+00   -.9481E+00   -.9388E+00   -.9297E+00   -.9207E+00   -.9118E+00   -.9030E+00   -.8945E+00   -.8860E+00   -.8777E+00   -.8696E+00   -.8616E+00   -.8537E+00   -.8460E+00   -.8385E+00   -.8310E+00   -.8238E+00   -.8167E+00   -.8097E+00   -.8028E+00   -.7961E+00
0.2968E+02   -.9007E+01   -.9010E+01   -.9012E+01   -.9016E+01   -.9018E+01   -.9023E+01   -.9025E+01   -.9030E+01   -.9032E+01   -.9038E+01   -.9040E+01   -.9047E+01   -.9050E+01   -.9057E+01   -.9061E+01   -.9070E+01   -.9073E+01   -.9084E+01   -.9089E+01   -.9103E+01   -.9109E+01   -.9126E+01   -.9134E+01   -.9156E+01   -.9166E+01   -.9196E+01   -.9211E+01   -.9251E+01   -.9272E+01   -.9327E+01   -.9356E+01   -.9427E+01   -.9459E+01   -.9530E+01   -.9511E+01   -.9489E+01   -.9267E+01   -.9643E+01   -.1062E+02   -.3256E+01   -.1718E+01   -.1122E+01   -.9347E+00   -.1284E+01   -.1290E+01   -.1358E+01   -.1402E+01   -.1432E+01   -.1453E+01   -.1466E+01   -.1473E+01   -.1476E+01   -.1475E+01   -.1471E+01   -.1465E+01   -.1457E+01   -.1447E+01   -.1436E+01   -.1423E+01   -.1410E+01   -.1396E+01   -.1382E+01   -.1367E+01   -.1352E+01   -.1144E+01   -.1120E+01   -.1085E+01   -.1076E+01   -.1066E+01   -.1057E+01   -.1047E+01   -.1037E+01   -.1028E+01   -.1018E+01   -.1008E+01   -.9980E+00   -.9882E+00   -.9785E+00   -.9689E+00   -.9594E+00   -.9501E+00   -.9408E+00   -.9317E+00   -.9227E+00   -.9138E+00   -.9051E+00   -.8965E+00   -.8881E+00   -.8798E+00   -.8717E+00   -.8637E+00   -.8559E+00   -.8482E+00   -.8407E+00   -.8333E+00   -.8261E+00   -.8190E+00   -.8120E+00   -.8052E+00   -.7985E+00
0.2990E+02   -.9008E+01   -.9010E+01   -.9013E+01   -.9016E+01   -.9020E+01   -.9023E+01   -.9027E+01   -.9030E+01   -.9035E+01   -.9038E+01   -.9044E+01   -.9048E+01   -.9054E+01   -.9058E+01   -.9066E+01   -.9071E+01   -.9080E+01   -.9087E+01   -.9098E+01   -.9106E+01   -.9120E+01   -.9130E+01   -.9148E+01   -.9162E+01   -.9186E+01   -.9205E+01   -.9237E+01   -.9263E+01   -.9308E+01   -.9344E+01   -.9403E+01   -.9446E+01   -.9507E+01   -.9517E+01   -.9504E+01   -.9326E+01   -.9476E+01   -.1058E+02   -.5648E+01   -.2257E+01   -.1319E+01   -.1025E+01   -.1186E+01   -.1242E+01   -.1338E+01   -.1390E+01   -.1424E+01   -.1448E+01   -.1463E+01   -.1472E+01   -.1476E+01   -.1475E+01   -.1472E+01   -.1466E+01   -.1458E+01   -.1448E+01   -.1438E+01   -.1425E+01   -.1412E+01   -.1399E+01   -.1384E+01   -.1369E+01   -.1354E+01   -.1339E+01   -.1133E+01   -.1112E+01   -.1081E+01   -.1072E+01   -.1062E+01   -.1053E+01   -.1043E+01   -.1033E+01   -.1023E+01   -.1013E+01   -.1004E+01   -.9938E+00   -.9841E+00   -.9745E+00   -.9649E+00   -.9555E+00   -.9462E+00   -.9370E+00   -.9280E+00   -.9191E+00   -.9103E+00   -.9017E+00   -.8932E+00   -.8849E+00   -.8767E+00   -.8687E+00   -.8608E+00   -.8531E+00   -.8455E+00   -.8380E+00   -.8308E+00   -.8236E+00   -.8166E+00   -.8097E+00   -.8030E+00   -.7964E+00
0.3012E+02   -.9008E+01   -.9011E+01   -.9014E+01   -.9017E+01   -.9021E+01   -.9024E+01   -.9028E+01   -.9032E+01   -.9036E+01   -.9040E+01   -.9046E+01   -.9050E+01   -.9056E+01   -.9062E+01   -.9069E+01   -.9075E+01   -.9084E+01   -.9092E+01   -.9103E+01   -.9113E+01   -.9127E+01   -.9139E+01   -.9158E+01   -.9175E+01   -.9199E+01   -.9222E+01   -.9256E+01   -.9288E+01   -.9334E+01   -.9377E+01   -.9435E+01   -.9481E+01   -.9523E+01   -.9507E+01   -.9413E+01   -.9365E+01   -.1008E+02   -.8338E+01   -.2819E+01   -.1567E+01   -.1091E+01   -.1094E+01   -.1270E+01   -.1283E+01   -.1373E+01   -.1413E+01   -.1440E+01   -.1457E+01   -.1468E+01   -.1474E+01   -.1475E+01   -.1473E+01   -.1467E+01   -.1460E+01   -.1451E+01   -.1441E+01   -.1429E+01   -.1416E+01   -.1402E+01   -.1388E+01   -.1374E+01   -.1358E+01   -.1343E+01   -.1328E+01   -.1124E+01   -.1105E+01   -.1078E+01   -.1069E+01   -.1059E+01   -.1050E+01   -.1040E+01   -.1030E+01   -.1020E+01   -.1010E+01   -.1000E+01   -.9907E+00   -.9810E+00   -.9714E+00   -.9619E+00   -.9526E+00   -.9433E+00   -.9342E+00   -.9253E+00   -.9164E+00   -.9077E+00   -.8992E+00   -.8908E+00   -.8825E+00   -.8744E+00   -.8665E+00   -.8587E+00   -.8510E+00   -.8435E+00   -.8362E+00   -.8289E+00   -.8219E+00   -.8150E+00   -.8082E+00   -.8015E+00   -.7950E+00
0.3033E+02   -.9008E+01   -.9012E+01   -.9014E+01   -.9018E+01   -.9021E+01   -.9026E+01   -.9028E+01   -.9034E+01   -.9037E+01   -.9043E+01   -.9046E+01   -.9054E+01   -.9058E+01   -.9067E+01   -.9071E+01   -.9082E+01   -.9086E+01   -.9100E+01   -.9106E+01   -.9124E+01   -.9131E+01   -.9154E+01   -.9164E+01   -.9194E+01   -.9208E+01   -.9248E+01   -.9269E+01   -.9323E+01   -.9352E+01   -.9423E+01   -.9455E+01   -.9529E+01   -.9512E+01   -.9499E+01   -.9252E+01   -.9575E+01   -.1102E+02   -.3372E+01   -.1825E+01   -.1141E+01   -.1010E+01   -.1308E+01   -.1209E+01   -.1394E+01   -.1398E+01   -.1429E+01   -.1449E+01   -.1462E+01   -.1470E+01   -.1473E+01   -.1473E+01   -.1469E+01   -.1462E+01   -.1454E+01   -.1444E+01   -.1433E+01   -.1421E+01   -.1408E+01   -.1394E+01   -.1379E+01   -.1364E+01   -.1349E+01   -.1334E+01   -.1318E+01   -.1118E+01   -.1100E+01   -.1077E+01   -.1067E+01   -.1058E+01   -.1048E+01   -.1038E+01   -.1028E+01   -.1018E+01   -.1008E+01   -.9983E+00   -.9885E+00   -.9789E+00   -.9693E+00   -.9599E+00   -.9505E+00   -.9413E+00   -.9323E+00   -.9233E+00   -.9146E+00   -.9059E+00   -.8974E+00   -.8891E+00   -.8809E+00   -.8729E+00   -.8650E+00   -.8572E+00   -.8496E+00   -.8422E+00   -.8349E+00   -.8278E+00   -.8208E+00   -.8139E+00   -.8072E+00   -.8006E+00   -.7942E+00
0.3055E+02   -.9009E+01   -.9012E+01   -.9015E+01   -.9018E+01   -.9023E+01   -.9026E+01   -.9031E+01   -.9035E+01   -.9040E+01   -.9044E+01   -.9050E+01   -.9055E+01   -.9063E+01   -.9068E+01   -.9077E+01   -.9084E+01   -.9095E+01   -.9103E+01   -.9117E+01   -.9128E+01   -.9145E+01   -.9160E+01   -.9183E+01   -.9202E+01   -.9233E+01   -.9261E+01   -.9304E+01   -.9342E+01   -.9398E+01   -.9444E+01   -.9502E+01   -.9518E+01   -.9503E+01   -.9339E+01   -.9462E+01   -.1052E+02   -.6057E+01   -.2382E+01   -.1382E+01   -.1073E+01   -.1204E+01   -.1240E+01   -.1333E+01   -.1380E+01   -.1420E+01   -.1444E+01   -.1459E+01   -.1468E+01   -.1473E+01   -.1473E+01   -.1470E+01   -.1464E+01   -.1456E+01   -.1447E+01   -.1436E+01   -.1424E+01   -.1411E+01   -.1397E+01   -.1383E+01   -.1368E+01   -.1353E+01   -.1338E+01   -.1323E+01   -.1307E+01   -.1110E+01   -.1093E+01   -.1073E+01   -.1063E+01   -.1053E+01   -.1043E+01   -.1033E+01   -.1023E+01   -.1013E+01   -.1004E+01   -.9939E+00   -.9842E+00   -.9746E+00   -.9651E+00   -.9557E+00   -.9465E+00   -.9373E+00   -.9284E+00   -.9195E+00   -.9108E+00   -.9023E+00   -.8939E+00   -.8856E+00   -.8775E+00   -.8696E+00   -.8618E+00   -.8541E+00   -.8466E+00   -.8393E+00   -.8321E+00   -.8250E+00   -.8181E+00   -.8113E+00   -.8047E+00   -.7982E+00   -.7918E+00
0.3077E+02   -.9009E+01   -.9012E+01   -.9016E+01   -.9019E+01   -.9024E+01   -.9027E+01   -.9032E+01   -.9036E+01   -.9042E+01   -.9047E+01   -.9053E+01   -.9058E+01   -.9066E+01   -.9072E+01   -.9081E+01   -.9089E+01   -.9100E+01   -.9110E+01   -.9124E+01   -.9136E+01   -.9155E+01   -.9172E+01   -.9197E+01   -.9219E+01   -.9253E+01   -.9284E+01   -.9331E+01   -.9373E+01   -.9432E+01   -.9476E+01   -.9523E+01   -.9507E+01   -.9424E+01   -.9350E+01   -.1001E+02   -.8736E+01   -.2929E+01   -.1638E+01   -.1116E+01   -.1119E+01   -.1276E+01   -.1263E+01   -.1390E+01   -.1394E+01   -.1437E+01   -.1455E+01   -.1465E+01   -.1471E+01   -.1473E+01   -.1471E+01   -.1466E+01   -.1459E+01   -.1450E+01   -.1439E+01   -.1428E+01   -.1415E+01   -.1402E+01   -.1388E+01   -.1373E+01   -.1358E+01   -.1343E+01   -.1327E+01   -.1312E+01   -.1296E+01   -.1102E+01   -.1086E+01   -.1068E+01   -.1058E+01   -.1048E+01   -.1038E+01   -.1029E+01   -.1019E+01   -.1009E+01   -.9990E+00   -.9892E+00   -.9796E+00   -.9701E+00   -.9607E+00   -.9514E+00   -.9422E+00   -.9332E+00   -.9243E+00   -.9155E+00   -.9069E+00   -.8985E+00   -.8902E+00   -.8820E+00   -.8740E+00   -.8662E+00   -.8585E+00   -.8509E+00   -.8435E+00   -.8363E+00   -.8291E+00   -.8222E+00   -.8153E+00   -.8087E+00   -.8021E+00   -.7957E+00   -.7894E+00
0.3098E+02   -.9009E+01   -.9013E+01   -.9016E+01   -.9021E+01   -.9024E+01   -.9030E+01   -.9033E+01   -.9039E+01   -.9043E+01   -.9050E+01   -.9054E+01   -.9063E+01   -.9068E+01   -.9078E+01   -.9084E+01   -.9097E+01   -.9103E+01   -.9120E+01   -.9129E+01   -.9150E+01   -.9161E+01   -.9190E+01   -.9206E+01   -.9244E+01   -.9267E+01   -.9319E+01   -.9350E+01   -.9418E+01   -.9453E+01   -.9523E+01   -.9512E+01   -.9498E+01   -.9265E+01   -.9560E+01   -.1096E+02   -.3775E+01   -.1942E+01   -.1181E+01   -.1058E+01   -.1297E+01   -.1206E+01   -.1392E+01   -.1367E+01   -.1441E+01   -.1447E+01   -.1460E+01   -.1468E+01   -.1471E+01   -.1471E+01   -.1467E+01   -.1461E+01   -.1453E+01   -.1443E+01   -.1432E+01   -.1419E+01   -.1406E+01   -.1392E+01   -.1378E+01   -.1363E+01   -.1348E+01   -.1333E+01   -.1317E+01   -.1302E+01   -.1286E+01   -.1094E+01   -.1080E+01   -.1063E+01   -.1053E+01   -.1043E+01   -.1033E+01   -.1024E+01   -.1014E+01   -.1004E+01   -.9941E+00   -.9844E+00   -.9748E+00   -.9654E+00   -.9560E+00   -.9468E+00   -.9377E+00   -.9288E+00   -.9200E+00   -.9113E+00   -.9028E+00   -.8945E+00   -.8863E+00   -.8782E+00   -.8704E+00   -.8626E+00   -.8550E+00   -.8476E+00   -.8403E+00   -.8331E+00   -.8261E+00   -.8193E+00   -.8126E+00   -.8060E+00   -.7995E+00   -.7932E+00   -.7870E+00
0.3120E+02   -.9010E+01   -.9013E+01   -.9017E+01   -.9021E+01   -.9026E+01   -.9030E+01   -.9035E+01   -.9040E+01   -.9046E+01   -.9052E+01   -.9059E+01   -.9065E+01   -.9073E+01   -.9081E+01   -.9091E+01   -.9100E+01   -.9113E+01   -.9125E+01   -.9142E+01   -.9157E+01   -.9179E+01   -.9200E+01   -.9230E+01   -.9259E+01   -.9299E+01   -.9339E+01   -.9393E+01   -.9441E+01   -.9497E+01   -.9517E+01   -.9502E+01   -.9350E+01   -.9447E+01   -.1045E+02   -.6452E+01   -.2485E+01   -.1435E+01   -.1099E+01   -.1208E+01   -.1243E+01   -.1322E+01   -.1378E+01   -.1415E+01   -.1440E+01   -.1457E+01   -.1466E+01   -.1470E+01   -.1471E+01   -.1469E+01   -.1463E+01   -.1456E+01   -.1446E+01   -.1435E+01   -.1423E+01   -.1410E+01   -.1397E+01   -.1383E+01   -.1368E+01   -.1353E+01   -.1338E+01   -.1322E+01   -.1307E+01   -.1291E+01   -.1276E+01   -.1086E+01   -.1073E+01   -.1058E+01   -.1048E+01   -.1038E+01   -.1028E+01   -.1018E+01   -.1008E+01   -.9984E+00   -.9887E+00   -.9791E+00   -.9696E+00   -.9602E+00   -.9510E+00   -.9418E+00   -.9328E+00   -.9240E+00   -.9153E+00   -.9067E+00   -.8983E+00   -.8901E+00   -.8820E+00   -.8740E+00   -.8662E+00   -.8585E+00   -.8510E+00   -.8436E+00   -.8364E+00   -.8294E+00   -.8224E+00   -.8157E+00   -.8090E+00   -.8025E+00   -.7962E+00   -.7899E+00   -.7838E+00
0.3142E+02   -.9010E+01   -.9014E+01   -.9018E+01   -.9022E+01   -.9027E+01   -.9031E+01   -.9037E+01   -.9042E+01   -.9049E+01   -.9054E+01   -.9062E+01   -.9068E+01   -.9078E+01   -.9085E+01   -.9097E+01   -.9106E+01   -.9121E+01   -.9133E+01   -.9152E+01   -.9168E+01   -.9194E+01   -.9215E+01   -.9250E+01   -.9280E+01   -.9328E+01   -.9368E+01   -.9429E+01   -.9471E+01   -.9522E+01   -.9507E+01   -.9435E+01   -.9333E+01   -.9941E+01   -.9126E+01   -.3023E+01   -.1697E+01   -.1130E+01   -.1128E+01   -.1282E+01   -.1249E+01   -.1392E+01   -.1384E+01   -.1444E+01   -.1444E+01   -.1464E+01   -.1470E+01   -.1471E+01   -.1470E+01   -.1465E+01   -.1459E+01   -.1450E+01   -.1439E+01   -.1427E+01   -.1415E+01   -.1401E+01   -.1387E+01   -.1373E+01   -.1358E+01   -.1343E+01   -.1327E+01   -.1312E+01   -.1296E+01   -.1281E+01   -.1265E+01   -.1079E+01   -.1066E+01   -.1052E+01   -.1042E+01   -.1032E+01   -.1022E+01   -.1012E+01   -.1002E+01   -.9927E+00   -.9831E+00   -.9736E+00   -.9642E+00   -.9549E+00   -.9457E+00   -.9367E+00   -.9278E+00   -.9190E+00   -.9104E+00   -.9020E+00   -.8937E+00   -.8855E+00   -.8775E+00   -.8696E+00   -.8619E+00   -.8543E+00   -.8469E+00   -.8396E+00   -.8325E+00   -.8256E+00   -.8187E+00   -.8120E+00   -.8055E+00   -.7991E+00   -.7928E+00   -.7867E+00   -.7807E+00
0.3163E+02   -.9010E+01   -.9015E+01   -.9018E+01   -.9024E+01   -.9028E+01   -.9034E+01   -.9038E+01   -.9046E+01   -.9050E+01   -.9059E+01   -.9064E+01   -.9074E+01   -.9080E+01   -.9093E+01   -.9100E+01   -.9116E+01   -.9126E+01   -.9147E+01   -.9159E+01   -.9186E+01   -.9203E+01   -.9240E+01   -.9264E+01   -.9314E+01   -.9347E+01   -.9412E+01   -.9450E+01   -.9518E+01   -.9512E+01   -.9497E+01   -.9276E+01   -.9544E+01   -.1089E+02   -.4168E+01   -.2041E+01   -.1221E+01   -.1085E+01   -.1287E+01   -.1208E+01   -.1383E+01   -.1365E+01   -.1440E+01   -.1433E+01   -.1465E+01   -.1466E+01   -.1470E+01   -.1469E+01   -.1466E+01   -.1460E+01   -.1452E+01   -.1443E+01   -.1432E+01   -.1419E+01   -.1406E+01   -.1392E+01   -.1378E+01   -.1363E+01   -.1348E+01   -.1332E+01   -.1317E+01   -.1301E+01   -.1286E+01   -.1270E+01   -.1255E+01   -.1071E+01   -.1059E+01   -.1046E+01   -.1036E+01   -.1026E+01   -.1016E+01   -.1006E+01   -.9965E+00   -.9868E+00   -.9773E+00   -.9678E+00   -.9585E+00   -.9493E+00   -.9402E+00   -.9313E+00   -.9225E+00   -.9139E+00   -.9054E+00   -.8970E+00   -.8888E+00   -.8808E+00   -.8729E+00   -.8651E+00   -.8575E+00   -.8501E+00   -.8428E+00   -.8356E+00   -.8286E+00   -.8218E+00   -.8150E+00   -.8085E+00   -.8020E+00   -.7957E+00   -.7895E+00   -.7835E+00   -.7776E+00
0.3185E+02   -.9011E+01   -.9015E+01   -.9020E+01   -.9025E+01   -.9030E+01   -.9035E+01   -.9041E+01   -.9047E+01   -.9054E+01   -.9061E+01   -.9069E+01   -.9077E+01   -.9087E+01   -.9097E+01   -.9109E+01   -.9122E+01   -.9138E+01   -.9154E+01   -.9175E+01   -.9197E+01   -.9225E+01   -.9255E+01   -.9295E+01   -.9335E+01   -.9387E+01   -.9437E+01   -.9492E+01   -.9517E+01   -.9502E+01   -.9361E+01   -.9431E+01   -.1038E+02   -.6841E+01   -.2576E+01   -.1482E+01   -.1114E+01   -.1206E+01   -.1247E+01   -.1310E+01   -.1379E+01   -.1409E+01   -.1438E+01   -.1452E+01   -.1464E+01   -.1469E+01   -.1470E+01   -.1467E+01   -.1462E+01   -.1455E+01   -.1446E+01   -.1435E+01   -.1423E+01   -.1410E+01   -.1397E+01   -.1382E+01   -.1368E+01   -.1353E+01   -.1338E+01   -.1322E+01   -.1307E+01   -.1291E+01   -.1276E+01   -.1260E+01   -.1245E+01   -.1064E+01   -.1052E+01   -.1039E+01   -.1029E+01   -.1020E+01   -.1010E+01   -.1000E+01   -.9904E+00   -.9808E+00   -.9713E+00   -.9620E+00   -.9527E+00   -.9436E+00   -.9347E+00   -.9258E+00   -.9171E+00   -.9086E+00   -.9002E+00   -.8919E+00   -.8838E+00   -.8759E+00   -.8681E+00   -.8604E+00   -.8529E+00   -.8456E+00   -.8384E+00   -.8313E+00   -.8244E+00   -.8176E+00   -.8110E+00   -.8045E+00   -.7981E+00   -.7919E+00   -.7858E+00   -.7799E+00   -.7740E+00
0.3207E+02   -.9012E+01   -.9016E+01   -.9021E+01   -.9025E+01   -.9032E+01   -.9036E+01   -.9044E+01   -.9049E+01   -.9057E+01   -.9063E+01   -.9074E+01   -.9081E+01   -.9093E+01   -.9102E+01   -.9118E+01   -.9129E+01   -.9149E+01   -.9164E+01   -.9190E+01   -.9211E+01   -.9247E+01   -.9275E+01   -.9324E+01   -.9362E+01   -.9425E+01   -.9466E+01   -.9521E+01   -.9506E+01   -.9446E+01   -.9316E+01   -.9869E+01   -.9511E+01   -.3108E+01   -.1748E+01   -.1137E+01   -.1131E+01   -.1288E+01   -.1237E+01   -.1394E+01   -.1377E+01   -.1445E+01   -.1438E+01   -.1467E+01   -.1463E+01   -.1471E+01   -.1469E+01   -.1465E+01   -.1458E+01   -.1450E+01   -.1439E+01   -.1428E+01   -.1415E+01   -.1401E+01   -.1387E+01   -.1373E+01   -.1358E+01   -.1343E+01   -.1327E+01   -.1312E+01   -.1296E+01   -.1281E+01   -.1266E+01   -.1250E+01   -.1235E+01   -.1056E+01   -.1045E+01   -.1033E+01   -.1023E+01   -.1013E+01   -.1003E+01   -.9938E+00   -.9842E+00   -.9747E+00   -.9653E+00   -.9561E+00   -.9469E+00   -.9379E+00   -.9290E+00   -.9203E+00   -.9117E+00   -.9033E+00   -.8950E+00   -.8868E+00   -.8788E+00   -.8710E+00   -.8633E+00   -.8557E+00   -.8483E+00   -.8410E+00   -.8339E+00   -.8270E+00   -.8201E+00   -.8135E+00   -.8069E+00   -.8005E+00   -.7943E+00   -.7881E+00   -.7821E+00   -.7762E+00   -.7705E+00
0.3228E+02   -.9012E+01   -.9017E+01   -.9021E+01   -.9028E+01   -.9032E+01   -.9040E+01   -.9045E+01   -.9053E+01   -.9059E+01   -.9069E+01   -.9076E+01   -.9088E+01   -.9096E+01   -.9112E+01   -.9122E+01   -.9142E+01   -.9155E+01   -.9182E+01   -.9199E+01   -.9235E+01   -.9260E+01   -.9309E+01   -.9343E+01   -.9407E+01   -.9446E+01   -.9512E+01   -.9511E+01   -.9496E+01   -.9287E+01   -.9528E+01   -.1082E+02   -.4556E+01   -.2130E+01   -.1261E+01   -.1101E+01   -.1278E+01   -.1211E+01   -.1372E+01   -.1365E+01   -.1435E+01   -.1432E+01   -.1463E+01   -.1460E+01   -.1471E+01   -.1469E+01   -.1466E+01   -.1460E+01   -.1452E+01   -.1442E+01   -.1432E+01   -.1419E+01   -.1406E+01   -.1392E+01   -.1378E+01   -.1363E+01   -.1348E+01   -.1333E+01   -.1317E+01   -.1302E+01   -.1286E+01   -.1271E+01   -.1255E+01   -.1240E+01   -.1225E+01   -.1049E+01   -.1037E+01   -.1026E+01   -.1017E+01   -.1007E+01   -.9971E+00   -.9875E+00   -.9780E+00   -.9685E+00   -.9592E+00   -.9501E+00   -.9410E+00   -.9321E+00   -.9234E+00   -.9147E+00   -.9062E+00   -.8979E+00   -.8897E+00   -.8817E+00   -.8738E+00   -.8661E+00   -.8585E+00   -.8510E+00   -.8437E+00   -.8366E+00   -.8296E+00   -.8227E+00   -.8160E+00   -.8094E+00   -.8030E+00   -.7967E+00   -.7905E+00   -.7845E+00   -.7786E+00   -.7728E+00   -.7671E+00
0.3250E+02   -.9013E+01   -.9018E+01   -.9023E+01   -.9029E+01   -.9035E+01   -.9041E+01   -.9048E+01   -.9055E+01   -.9063E+01   -.9072E+01   -.9082E+01   -.9092E+01   -.9104E+01   -.9117E+01   -.9133E+01   -.9150E+01   -.9170E+01   -.9193E+01   -.9220E+01   -.9251E+01   -.9289E+01   -.9331E+01   -.9381E+01   -.9433E+01   -.9486E+01   -.9515E+01   -.9500E+01   -.9372E+01   -.9413E+01   -.1031E+02   -.7226E+01   -.2661E+01   -.1527E+01   -.1123E+01   -.1202E+01   -.1252E+01   -.1298E+01   -.1380E+01   -.1403E+01   -.1438E+01   -.1449E+01   -.1463E+01   -.1466E+01   -.1469E+01   -.1467E+01   -.1462E+01   -.1455E+01   -.1446E+01   -.1435E+01   -.1424E+01   -.1411E+01   -.1397E+01   -.1383E+01   -.1368E+01   -.1353E+01   -.1338E+01   -.1323E+01   -.1307E+01   -.1292E+01   -.1276E+01   -.1261E+01   -.1245E+01   -.1230E+01   -.1215E+01   -.1042E+01   -.1030E+01   -.1020E+01   -.1010E+01   -.1000E+01   -.9906E+00   -.9811E+00   -.9716E+00   -.9623E+00   -.9531E+00   -.9440E+00   -.9351E+00   -.9263E+00   -.9176E+00   -.9091E+00   -.9007E+00   -.8925E+00   -.8844E+00   -.8765E+00   -.8687E+00   -.8611E+00   -.8536E+00   -.8462E+00   -.8390E+00   -.8320E+00   -.8251E+00   -.8183E+00   -.8117E+00   -.8052E+00   -.7989E+00   -.7926E+00   -.7866E+00   -.7806E+00   -.7748E+00   -.7691E+00   -.7635E+00
0.3272E+02   -.9014E+01   -.9018E+01   -.9025E+01   -.9030E+01   -.9037E+01   -.9043E+01   -.9051E+01   -.9058E+01   -.9068E+01   -.9075E+01   -.9088E+01   -.9097E+01   -.9113E+01   -.9124E+01   -.9145E+01   -.9159E+01   -.9186E+01   -.9205E+01   -.9242E+01   -.9269E+01   -.9320E+01   -.9356E+01   -.9420E+01   -.9460E+01   -.9519E+01   -.9505E+01   -.9456E+01   -.9299E+01   -.9795E+01   -.9894E+01   -.3189E+01   -.1796E+01   -.1142E+01   -.1130E+01   -.1294E+01   -.1224E+01   -.1396E+01   -.1371E+01   -.1445E+01   -.1434E+01   -.1467E+01   -.1460E+01   -.1472E+01   -.1465E+01   -.1464E+01   -.1458E+01   -.1449E+01   -.1439E+01   -.1428E+01   -.1415E+01   -.1402E+01   -.1388E+01   -.1373E+01   -.1358E+01   -.1343E+01   -.1328E+01   -.1312E+01   -.1297E+01   -.1281E+01   -.1266E+01   -.1251E+01   -.1235E+01   -.1220E+01   -.1205E+01   -.1034E+01   -.1023E+01   -.1013E+01   -.1003E+01   -.9937E+00   -.9841E+00   -.9747E+00   -.9653E+00   -.9561E+00   -.9470E+00   -.9380E+00   -.9292E+00   -.9205E+00   -.9119E+00   -.9035E+00   -.8952E+00   -.8871E+00   -.8791E+00   -.8713E+00   -.8636E+00   -.8561E+00   -.8487E+00   -.8414E+00   -.8343E+00   -.8274E+00   -.8206E+00   -.8139E+00   -.8074E+00   -.8010E+00   -.7947E+00   -.7886E+00   -.7826E+00   -.7767E+00   -.7710E+00   -.7654E+00   -.7598E+00
0.3293E+02   -.9014E+01   -.9020E+01   -.9025E+01   -.9032E+01   -.9038E+01   -.9047E+01   -.9053E+01   -.9063E+01   -.9070E+01   -.9083E+01   -.9091E+01   -.9106E+01   -.9117E+01   -.9137E+01   -.9151E+01   -.9176E+01   -.9195E+01   -.9230E+01   -.9256E+01   -.9303E+01   -.9339E+01   -.9400E+01   -.9442E+01   -.9506E+01   -.9509E+01   -.9494E+01   -.9298E+01   -.9510E+01   -.1075E+02   -.4940E+01   -.2214E+01   -.1301E+01   -.1111E+01   -.1269E+01   -.1216E+01   -.1361E+01   -.1365E+01   -.1430E+01   -.1431E+01   -.1461E+01   -.1459E+01   -.1471E+01   -.1465E+01   -.1466E+01   -.1459E+01   -.1452E+01   -.1442E+01   -.1431E+01   -.1420E+01   -.1407E+01   -.1393E+01   -.1378E+01   -.1364E+01   -.1348E+01   -.1333E+01   -.1318E+01   -.1302E+01   -.1287E+01   -.1271E+01   -.1256E+01   -.1241E+01   -.1226E+01   -.1211E+01   -.1196E+01   -.1027E+01   -.1016E+01   -.1006E+01   -.9967E+00   -.9872E+00   -.9777E+00   -.9683E+00   -.9590E+00   -.9499E+00   -.9409E+00   -.9320E+00   -.9233E+00   -.9147E+00   -.9062E+00   -.8979E+00   -.8898E+00   -.8817E+00   -.8739E+00   -.8662E+00   -.8586E+00   -.8511E+00   -.8439E+00   -.8367E+00   -.8297E+00   -.8229E+00   -.8162E+00   -.8096E+00   -.8032E+00   -.7969E+00   -.7907E+00   -.7847E+00   -.7788E+00   -.7730E+00   -.7674E+00   -.7618E+00   -.7564E+00
0.3315E+02   -.9015E+01   -.9021E+01   -.9027E+01   -.9034E+01   -.9041E+01   -.9049E+01   -.9057E+01   -.9066E+01   -.9076E+01   -.9087E+01   -.9099E+01   -.9112E+01   -.9127E+01   -.9145E+01   -.9165E+01   -.9188E+01   -.9215E+01   -.9247E+01   -.9283E+01   -.9327E+01   -.9375E+01   -.9429E+01   -.9480E+01   -.9513E+01   -.9499E+01   -.9381E+01   -.9396E+01   -.1023E+02   -.7608E+01   -.2741E+01   -.1570E+01   -.1129E+01   -.1196E+01   -.1257E+01   -.1287E+01   -.1381E+01   -.1398E+01   -.1439E+01   -.1446E+01   -.1463E+01   -.1464E+01   -.1469E+01   -.1465E+01   -.1462E+01   -.1455E+01   -.1446E+01   -.1435E+01   -.1424E+01   -.1411E+01   -.1398E+01   -.1384E+01   -.1369E+01   -.1354E+01   -.1338E+01   -.1323E+01   -.1308E+01   -.1292E+01   -.1277E+01   -.1261E+01   -.1246E+01   -.1231E+01   -.1216E+01   -.1201E+01   -.1186E+01   -.1020E+01   -.1009E+01   -.9997E+00   -.9901E+00   -.9806E+00   -.9712E+00   -.9619E+00   -.9528E+00   -.9437E+00   -.9348E+00   -.9260E+00   -.9174E+00   -.9089E+00   -.9006E+00   -.8924E+00   -.8843E+00   -.8764E+00   -.8686E+00   -.8610E+00   -.8536E+00   -.8462E+00   -.8390E+00   -.8320E+00   -.8251E+00   -.8184E+00   -.8117E+00   -.8053E+00   -.7989E+00   -.7927E+00   -.7867E+00   -.7807E+00   -.7749E+00   -.7692E+00   -.7636E+00   -.7582E+00   -.7529E+00
0.3337E+02   -.9016E+01   -.9021E+01   -.9029E+01   -.9035E+01   -.9044E+01   -.9050E+01   -.9061E+01   -.9068E+01   -.9082E+01   -.9090E+01   -.9107E+01   -.9118E+01   -.9139E+01   -.9153E+01   -.9181E+01   -.9200E+01   -.9237E+01   -.9263E+01   -.9314E+01   -.9349E+01   -.9415E+01   -.9454E+01   -.9517E+01   -.9503E+01   -.9465E+01   -.9280E+01   -.9721E+01   -.1028E+02   -.3267E+01   -.1840E+01   -.1145E+01   -.1126E+01   -.1299E+01   -.1212E+01   -.1398E+01   -.1364E+01   -.1446E+01   -.1431E+01   -.1468E+01   -.1457E+01   -.1473E+01   -.1463E+01   -.1465E+01   -.1455E+01   -.1449E+01   -.1439E+01   -.1428E+01   -.1416E+01   -.1403E+01   -.1389E+01   -.1374E+01   -.1359E+01   -.1344E+01   -.1328E+01   -.1313E+01   -.1298E+01   -.1282E+01   -.1267E+01   -.1251E+01   -.1236E+01   -.1221E+01   -.1206E+01   -.1191E+01   -.1177E+01   -.1013E+01   -.1002E+01   -.9930E+00   -.9835E+00   -.9741E+00   -.9648E+00   -.9556E+00   -.9465E+00   -.9376E+00   -.9288E+00   -.9201E+00   -.9116E+00   -.9032E+00   -.8949E+00   -.8868E+00   -.8789E+00   -.8711E+00   -.8634E+00   -.8559E+00   -.8485E+00   -.8413E+00   -.8342E+00   -.8273E+00   -.8205E+00   -.8138E+00   -.8073E+00   -.8009E+00   -.7947E+00   -.7886E+00   -.7826E+00   -.7768E+00   -.7710E+00   -.7654E+00   -.7599E+00   -.7546E+00   -.7493E+00
0.3358E+02   -.9016E+01   -.9024E+01   -.9030E+01   -.9038E+01   -.9045E+01   -.9055E+01   -.9063E+01   -.9075E+01   -.9085E+01   -.9100E+01   -.9111E+01   -.9131E+01   -.9145E+01   -.9170E+01   -.9190E+01   -.9224E+01   -.9251E+01   -.9297E+01   -.9333E+01   -.9393E+01   -.9437E+01   -.9499E+01   -.9507E+01   -.9492E+01   -.9307E+01   -.9492E+01   -.1067E+02   -.5323E+01   -.2294E+01   -.1341E+01   -.1118E+01   -.1259E+01   -.1220E+01   -.1349E+01   -.1366E+01   -.1425E+01   -.1431E+01   -.1458E+01   -.1459E+01   -.1469E+01   -.1465E+01   -.1466E+01   -.1458E+01   -.1452E+01   -.1442E+01   -.1432E+01   -.1420E+01   -.1407E+01   -.1393E+01   -.1379E+01   -.1364E+01   -.1349E+01   -.1334E+01   -.1318E+01   -.1303E+01   -.1287E+01   -.1272E+01   -.1257E+01   -.1241E+01   -.1226E+01   -.1211E+01   -.1197E+01   -.1182E+01   -.1168E+01   -.1006E+01   -.9957E+00   -.9864E+00   -.9770E+00   -.9677E+00   -.9584E+00   -.9493E+00   -.9404E+00   -.9315E+00   -.9228E+00   -.9142E+00   -.9058E+00   -.8975E+00   -.8894E+00   -.8814E+00   -.8736E+00   -.8659E+00   -.8583E+00   -.8509E+00   -.8436E+00   -.8365E+00   -.8295E+00   -.8227E+00   -.8160E+00   -.8095E+00   -.8030E+00   -.7968E+00   -.7906E+00   -.7846E+00   -.7787E+00   -.7729E+00   -.7673E+00   -.7618E+00   -.7564E+00   -.7511E+00   -.7459E+00
0.3380E+02   -.9017E+01   -.9025E+01   -.9032E+01   -.9040E+01   -.9048E+01   -.9058E+01   -.9068E+01   -.9080E+01   -.9091E+01   -.9106E+01   -.9121E+01   -.9139E+01   -.9158E+01   -.9183E+01   -.9208E+01   -.9241E+01   -.9276E+01   -.9321E+01   -.9368E+01   -.9423E+01   -.9473E+01   -.9511E+01   -.9496E+01   -.9391E+01   -.9377E+01   -.1016E+02   -.7989E+01   -.2819E+01   -.1611E+01   -.1133E+01   -.1189E+01   -.1262E+01   -.1275E+01   -.1383E+01   -.1392E+01   -.1439E+01   -.1443E+01   -.1463E+01   -.1462E+01   -.1469E+01   -.1464E+01   -.1462E+01   -.1453E+01   -.1446E+01   -.1435E+01   -.1424E+01   -.1411E+01   -.1398E+01   -.1384E+01   -.1369E+01   -.1355E+01   -.1339E+01   -.1324E+01   -.1308E+01   -.1293E+01   -.1277E+01   -.1262E+01   -.1247E+01   -.1232E+01   -.1217E+01   -.1202E+01   -.1187E+01   -.1173E+01   -.1158E+01   -.9988E+00   -.9889E+00   -.9799E+00   -.9705E+00   -.9613E+00   -.9521E+00   -.9431E+00   -.9342E+00   -.9255E+00   -.9169E+00   -.9084E+00   -.9001E+00   -.8919E+00   -.8839E+00   -.8760E+00   -.8683E+00   -.8607E+00   -.8532E+00   -.8459E+00   -.8388E+00   -.8318E+00   -.8249E+00   -.8181E+00   -.8115E+00   -.8051E+00   -.7988E+00   -.7926E+00   -.7865E+00   -.7806E+00   -.7748E+00   -.7691E+00   -.7635E+00   -.7581E+00   -.7528E+00   -.7476E+00   -.7425E+00
0.3402E+02   -.9019E+01   -.9025E+01   -.9035E+01   -.9041E+01   -.9053E+01   -.9060E+01   -.9074E+01   -.9083E+01   -.9100E+01   -.9110E+01   -.9133E+01   -.9146E+01   -.9175E+01   -.9192E+01   -.9231E+01   -.9256E+01   -.9308E+01   -.9342E+01   -.9410E+01   -.9446E+01   -.9514E+01   -.9501E+01   -.9474E+01   -.9261E+01   -.9646E+01   -.1065E+02   -.3343E+01   -.1883E+01   -.1146E+01   -.1120E+01   -.1304E+01   -.1200E+01   -.1399E+01   -.1358E+01   -.1447E+01   -.1427E+01   -.1468E+01   -.1455E+01   -.1473E+01   -.1462E+01   -.1466E+01   -.1454E+01   -.1450E+01   -.1438E+01   -.1428E+01   -.1416E+01   -.1403E+01   -.1389E+01   -.1375E+01   -.1360E+01   -.1345E+01   -.1329E+01   -.1314E+01   -.1298E+01   -.1283E+01   -.1267E+01   -.1252E+01   -.1237E+01   -.1222E+01   -.1207E+01   -.1192E+01   -.1178E+01   -.1163E+01   -.1149E+01   -.9919E+00   -.9822E+00   -.9733E+00   -.9640E+00   -.9549E+00   -.9458E+00   -.9369E+00   -.9282E+00   -.9195E+00   -.9110E+00   -.9027E+00   -.8944E+00   -.8864E+00   -.8784E+00   -.8707E+00   -.8630E+00   -.8555E+00   -.8482E+00   -.8410E+00   -.8339E+00   -.8270E+00   -.8202E+00   -.8136E+00   -.8071E+00   -.8007E+00   -.7945E+00   -.7884E+00   -.7824E+00   -.7766E+00   -.7709E+00   -.7653E+00   -.7598E+00   -.7544E+00   -.7492E+00   -.7441E+00   -.7390E+00
0.3423E+02   -.9019E+01   -.9028E+01   -.9035E+01   -.9046E+01   -.9054E+01   -.9067E+01   -.9077E+01   -.9092E+01   -.9104E+01   -.9123E+01   -.9138E+01   -.9163E+01   -.9184E+01   -.9216E+01   -.9245E+01   -.9289E+01   -.9327E+01   -.9385E+01   -.9431E+01   -.9491E+01   -.9504E+01   -.9489E+01   -.9316E+01   -.9473E+01   -.1060E+02   -.5703E+01   -.2371E+01   -.1379E+01   -.1123E+01   -.1250E+01   -.1225E+01   -.1338E+01   -.1367E+01   -.1419E+01   -.1431E+01   -.1455E+01   -.1458E+01   -.1468E+01   -.1465E+01   -.1465E+01   -.1458E+01   -.1452E+01   -.1442E+01   -.1432E+01   -.1420E+01   -.1407E+01   -.1394E+01   -.1380E+01   -.1365E+01   -.1350E+01   -.1335E+01   -.1319E+01   -.1304E+01   -.1288E+01   -.1273E+01   -.1257E+01   -.1242E+01   -.1227E+01   -.1212E+01   -.1197E+01   -.1183E+01   -.1168E+01   -.1154E+01   -.1140E+01   -.9852E+00   -.9756E+00   -.9669E+00   -.9577E+00   -.9486E+00   -.9397E+00   -.9309E+00   -.9222E+00   -.9137E+00   -.9053E+00   -.8970E+00   -.8889E+00   -.8809E+00   -.8731E+00   -.8654E+00   -.8579E+00   -.8505E+00   -.8433E+00   -.8362E+00   -.8292E+00   -.8224E+00   -.8157E+00   -.8092E+00   -.8028E+00   -.7965E+00   -.7904E+00   -.7844E+00   -.7785E+00   -.7727E+00   -.7671E+00   -.7616E+00   -.7562E+00   -.7509E+00   -.7458E+00   -.7407E+00   -.7358E+00
0.3445E+02   -.9021E+01   -.9029E+01   -.9038E+01   -.9048E+01   -.9058E+01   -.9071E+01   -.9082E+01   -.9098E+01   -.9112E+01   -.9132E+01   -.9150E+01   -.9175E+01   -.9200E+01   -.9234E+01   -.9268E+01   -.9314E+01   -.9359E+01   -.9417E+01   -.9465E+01   -.9507E+01   -.9493E+01   -.9399E+01   -.9357E+01   -.1008E+02   -.8369E+01   -.2895E+01   -.1651E+01   -.1135E+01   -.1181E+01   -.1267E+01   -.1262E+01   -.1384E+01   -.1386E+01   -.1439E+01   -.1440E+01   -.1463E+01   -.1461E+01   -.1469E+01   -.1463E+01   -.1462E+01   -.1453E+01   -.1446E+01   -.1435E+01   -.1424E+01   -.1412E+01   -.1398E+01   -.1384E+01   -.1370E+01   -.1355E+01   -.1340E+01   -.1325E+01   -.1309E+01   -.1294E+01   -.1278E+01   -.1263E+01   -.1248E+01   -.1232E+01   -.1217E+01   -.1203E+01   -.1188E+01   -.1173E+01   -.1159E+01   -.1145E+01   -.1131E+01   -.9786E+00   -.9690E+00   -.9605E+00   -.9514E+00   -.9424E+00   -.9336E+00   -.9249E+00   -.9163E+00   -.9079E+00   -.8996E+00   -.8914E+00   -.8834E+00   -.8756E+00   -.8678E+00   -.8603E+00   -.8528E+00   -.8456E+00   -.8384E+00   -.8314E+00   -.8246E+00   -.8178E+00   -.8112E+00   -.8048E+00   -.7985E+00   -.7923E+00   -.7863E+00   -.7803E+00   -.7746E+00   -.7689E+00   -.7633E+00   -.7579E+00   -.7526E+00   -.7474E+00   -.7423E+00   -.7374E+00   -.7325E+00
0.3467E+02   -.9023E+01   -.9030E+01   -.9042E+01   -.9049E+01   -.9064E+01   -.9073E+01   -.9091E+01   -.9101E+01   -.9124E+01   -.9137E+01   -.9167E+01   -.9184E+01   -.9224E+01   -.9248E+01   -.9301E+01   -.9333E+01   -.9403E+01   -.9438E+01   -.9510E+01   -.9497E+01   -.9482E+01   -.9241E+01   -.9569E+01   -.1103E+02   -.3417E+01   -.1924E+01   -.1146E+01   -.1113E+01   -.1309E+01   -.1187E+01   -.1401E+01   -.1352E+01   -.1447E+01   -.1424E+01   -.1468E+01   -.1453E+01   -.1473E+01   -.1460E+01   -.1466E+01   -.1453E+01   -.1451E+01   -.1437E+01   -.1429E+01   -.1415E+01   -.1403E+01   -.1390E+01   -.1375E+01   -.1360E+01   -.1345E+01   -.1330E+01   -.1315E+01   -.1299E+01   -.1284E+01   -.1268E+01   -.1253E+01   -.1238E+01   -.1223E+01   -.1208E+01   -.1193E+01   -.1178E+01   -.1164E+01   -.1150E+01   -.1136E+01   -.1123E+01   -.9719E+00   -.9626E+00   -.9541E+00   -.9451E+00   -.9362E+00   -.9275E+00   -.9189E+00   -.9104E+00   -.9021E+00   -.8939E+00   -.8859E+00   -.8780E+00   -.8702E+00   -.8626E+00   -.8551E+00   -.8478E+00   -.8406E+00   -.8336E+00   -.8267E+00   -.8199E+00   -.8133E+00   -.8068E+00   -.8004E+00   -.7942E+00   -.7881E+00   -.7822E+00   -.7764E+00   -.7707E+00   -.7651E+00   -.7596E+00   -.7543E+00   -.7490E+00   -.7439E+00   -.7389E+00   -.7340E+00   -.7292E+00
0.3488E+02   -.9023E+01   -.9034E+01   -.9043E+01   -.9055E+01   -.9066E+01   -.9081E+01   -.9094E+01   -.9113E+01   -.9130E+01   -.9154E+01   -.9176E+01   -.9208E+01   -.9237E+01   -.9280E+01   -.9320E+01   -.9376E+01   -.9424E+01   -.9483E+01   -.9500E+01   -.9485E+01   -.9324E+01   -.9453E+01   -.1052E+02   -.6083E+01   -.2447E+01   -.1418E+01   -.1125E+01   -.1240E+01   -.1229E+01   -.1325E+01   -.1368E+01   -.1413E+01   -.1431E+01   -.1452E+01   -.1458E+01   -.1466E+01   -.1464E+01   -.1464E+01   -.1458E+01   -.1452E+01   -.1442E+01   -.1432E+01   -.1420E+01   -.1408E+01   -.1394E+01   -.1380E+01   -.1365E+01   -.1351E+01   -.1335E+01   -.1320E+01   -.1305E+01   -.1289E+01   -.1274E+01   -.1258E+01   -.1243E+01   -.1228E+01   -.1213E+01   -.1198E+01   -.1184E+01   -.1169E+01   -.1155E+01   -.1141E+01   -.1127E+01   -.1114E+01   -.9655E+00   -.9562E+00   -.9479E+00   -.9390E+00   -.9302E+00   -.9216E+00   -.9131E+00   -.9047E+00   -.8965E+00   -.8884E+00   -.8805E+00   -.8727E+00   -.8650E+00   -.8575E+00   -.8501E+00   -.8429E+00   -.8358E+00   -.8289E+00   -.8221E+00   -.8154E+00   -.8089E+00   -.8025E+00   -.7962E+00   -.7901E+00   -.7841E+00   -.7782E+00   -.7725E+00   -.7669E+00   -.7614E+00   -.7560E+00   -.7507E+00   -.7456E+00   -.7406E+00   -.7356E+00   -.7308E+00   -.7261E+00
0.3510E+02   -.9025E+01   -.9036E+01   -.9046E+01   -.9059E+01   -.9071E+01   -.9087E+01   -.9102E+01   -.9122E+01   -.9140E+01   -.9167E+01   -.9191E+01   -.9226E+01   -.9259E+01   -.9306E+01   -.9350E+01   -.9409E+01   -.9456E+01   -.9502E+01   -.9489E+01   -.9406E+01   -.9337E+01   -.1001E+02   -.8747E+01   -.2970E+01   -.1691E+01   -.1136E+01   -.1172E+01   -.1271E+01   -.1250E+01   -.1385E+01   -.1379E+01   -.1439E+01   -.1436E+01   -.1463E+01   -.1458E+01   -.1469E+01   -.1462E+01   -.1462E+01   -.1452E+01   -.1446E+01   -.1434E+01   -.1425E+01   -.1411E+01   -.1399E+01   -.1385E+01   -.1371E+01   -.1356E+01   -.1341E+01   -.1326E+01   -.1310E+01   -.1295E+01   -.1279E+01   -.1264E+01   -.1248E+01   -.1233E+01   -.1218E+01   -.1203E+01   -.1189E+01   -.1174E+01   -.1160E+01   -.1146E+01   -.1132E+01   -.1119E+01   -.1105E+01   -.9591E+00   -.9500E+00   -.9417E+00   -.9329E+00   -.9243E+00   -.9157E+00   -.9073E+00   -.8990E+00   -.8909E+00   -.8829E+00   -.8751E+00   -.8674E+00   -.8599E+00   -.8525E+00   -.8452E+00   -.8381E+00   -.8311E+00   -.8243E+00   -.8175E+00   -.8110E+00   -.8045E+00   -.7982E+00   -.7921E+00   -.7860E+00   -.7801E+00   -.7743E+00   -.7687E+00   -.7632E+00   -.7577E+00   -.7524E+00   -.7473E+00   -.7422E+00   -.7372E+00   -.7324E+00   -.7276E+00   -.7230E+00
0.3532E+02   -.9028E+01   -.9036E+01   -.9051E+01   -.9061E+01   -.9079E+01   -.9090E+01   -.9113E+01   -.9127E+01   -.9157E+01   -.9175E+01   -.9214E+01   -.9239E+01   -.9291E+01   -.9325E+01   -.9393E+01   -.9430E+01   -.9500E+01   -.9492E+01   -.9477E+01   -.9248E+01   -.9549E+01   -.1096E+02   -.3797E+01   -.2000E+01   -.1183E+01   -.1116E+01   -.1297E+01   -.1191E+01   -.1388E+01   -.1352E+01   -.1441E+01   -.1423E+01   -.1465E+01   -.1453E+01   -.1471E+01   -.1460E+01   -.1465E+01   -.1453E+01   -.1450E+01   -.1437E+01   -.1429E+01   -.1415E+01   -.1404E+01   -.1389E+01   -.1376E+01   -.1361E+01   -.1346E+01   -.1331E+01   -.1316E+01   -.1300E+01   -.1285E+01   -.1269E+01   -.1254E+01   -.1239E+01   -.1224E+01   -.1209E+01   -.1194E+01   -.1179E+01   -.1165E+01   -.1151E+01   -.1137E+01   -.1124E+01   -.1110E+01   -.1097E+01   -.9528E+00   -.9437E+00   -.9356E+00   -.9269E+00   -.9183E+00   -.9099E+00   -.9016E+00   -.8934E+00   -.8854E+00   -.8775E+00   -.8698E+00   -.8622E+00   -.8548E+00   -.8475E+00   -.8403E+00   -.8333E+00   -.8264E+00   -.8197E+00   -.8130E+00   -.8066E+00   -.8002E+00   -.7940E+00   -.7879E+00   -.7820E+00   -.7762E+00   -.7705E+00   -.7649E+00   -.7595E+00   -.7541E+00   -.7489E+00   -.7438E+00   -.7388E+00   -.7339E+00   -.7291E+00   -.7244E+00   -.7199E+00
0.3553E+02   -.9029E+01   -.9041E+01   -.9053E+01   -.9068E+01   -.9082E+01   -.9101E+01   -.9119E+01   -.9142E+01   -.9165E+01   -.9197E+01   -.9227E+01   -.9270E+01   -.9311E+01   -.9366E+01   -.9415E+01   -.9473E+01   -.9494E+01   -.9480E+01   -.9330E+01   -.9432E+01   -.1044E+02   -.6460E+01   -.2522E+01   -.1456E+01   -.1127E+01   -.1229E+01   -.1233E+01   -.1312E+01   -.1369E+01   -.1407E+01   -.1431E+01   -.1448E+01   -.1457E+01   -.1464E+01   -.1464E+01   -.1463E+01   -.1457E+01   -.1451E+01   -.1442E+01   -.1432E+01   -.1420E+01   -.1408E+01   -.1394E+01   -.1380E+01   -.1366E+01   -.1351E+01   -.1336E+01   -.1321E+01   -.1306E+01   -.1290E+01   -.1275E+01   -.1259E+01   -.1244E+01   -.1229E+01   -.1214E+01   -.1199E+01   -.1185E+01   -.1170E+01   -.1156E+01   -.1142E+01   -.1128E+01   -.1115E+01   -.1102E+01   -.1089E+01   -.9466E+00   -.9377E+00   -.9297E+00   -.9210E+00   -.9126E+00   -.9042E+00   -.8960E+00   -.8880E+00   -.8801E+00   -.8723E+00   -.8647E+00   -.8572E+00   -.8498E+00   -.8426E+00   -.8356E+00   -.8286E+00   -.8218E+00   -.8152E+00   -.8087E+00   -.8023E+00   -.7960E+00   -.7899E+00   -.7839E+00   -.7781E+00   -.7723E+00   -.7667E+00   -.7612E+00   -.7559E+00   -.7506E+00   -.7455E+00   -.7404E+00   -.7355E+00   -.7307E+00   -.7260E+00   -.7214E+00   -.7169E+00
0.3575E+02   -.9030E+01   -.9044E+01   -.9056E+01   -.9073E+01   -.9088E+01   -.9110E+01   -.9128E+01   -.9155E+01   -.9179E+01   -.9216E+01   -.9247E+01   -.9296E+01   -.9338E+01   -.9400E+01   -.9445E+01   -.9496E+01   -.9483E+01   -.9412E+01   -.9315E+01   -.9928E+01   -.9123E+01   -.3043E+01   -.1730E+01   -.1136E+01   -.1163E+01   -.1274E+01   -.1237E+01   -.1385E+01   -.1372E+01   -.1438E+01   -.1432E+01   -.1462E+01   -.1456E+01   -.1468E+01   -.1460E+01   -.1462E+01   -.1451E+01   -.1446E+01   -.1434E+01   -.1425E+01   -.1411E+01   -.1399E+01   -.1385E+01   -.1371E+01   -.1356E+01   -.1341E+01   -.1326E+01   -.1311E+01   -.1296E+01   -.1280E+01   -.1265E+01   -.1250E+01   -.1234E+01   -.1219E+01   -.1204E+01   -.1190E+01   -.1175E+01   -.1161E+01   -.1147E+01   -.1133E+01   -.1120E+01   -.1106E+01   -.1093E+01   -.1081E+01   -.9405E+00   -.9317E+00   -.9238E+00   -.9152E+00   -.9069E+00   -.8986E+00   -.8905E+00   -.8826E+00   -.8748E+00   -.8671E+00   -.8596E+00   -.8522E+00   -.8449E+00   -.8378E+00   -.8309E+00   -.8240E+00   -.8173E+00   -.8108E+00   -.8044E+00   -.7981E+00   -.7919E+00   -.7859E+00   -.7800E+00   -.7742E+00   -.7686E+00   -.7630E+00   -.7576E+00   -.7523E+00   -.7472E+00   -.7421E+00   -.7371E+00   -.7323E+00   -.7276E+00   -.7229E+00   -.7184E+00   -.7139E+00
0.3597E+02   -.9034E+01   -.9045E+01   -.9063E+01   -.9076E+01   -.9099E+01   -.9114E+01   -.9143E+01   -.9163E+01   -.9202E+01   -.9228E+01   -.9279E+01   -.9314E+01   -.9381E+01   -.9421E+01   -.9489E+01   -.9486E+01   -.9471E+01   -.9254E+01   -.9527E+01   -.1088E+02   -.4175E+01   -.2075E+01   -.1219E+01   -.1119E+01   -.1285E+01   -.1194E+01   -.1375E+01   -.1353E+01   -.1434E+01   -.1422E+01   -.1461E+01   -.1452E+01   -.1469E+01   -.1459E+01   -.1464E+01   -.1453E+01   -.1450E+01   -.1437E+01   -.1429E+01   -.1415E+01   -.1404E+01   -.1389E+01   -.1376E+01   -.1361E+01   -.1347E+01   -.1332E+01   -.1316E+01   -.1301E+01   -.1286E+01   -.1270E+01   -.1255E+01   -.1240E+01   -.1225E+01   -.1210E+01   -.1195E+01   -.1180E+01   -.1166E+01   -.1152E+01   -.1138E+01   -.1125E+01   -.1111E+01   -.1098E+01   -.1085E+01   -.1073E+01   -.9344E+00   -.9257E+00   -.9179E+00   -.9095E+00   -.9012E+00   -.8931E+00   -.8851E+00   -.8772E+00   -.8695E+00   -.8620E+00   -.8545E+00   -.8472E+00   -.8401E+00   -.8331E+00   -.8262E+00   -.8195E+00   -.8129E+00   -.8064E+00   -.8001E+00   -.7939E+00   -.7878E+00   -.7819E+00   -.7761E+00   -.7704E+00   -.7648E+00   -.7594E+00   -.7541E+00   -.7488E+00   -.7437E+00   -.7388E+00   -.7339E+00   -.7291E+00   -.7244E+00   -.7199E+00   -.7154E+00   -.7110E+00
0.3618E+02   -.9035E+01   -.9051E+01   -.9066E+01   -.9085E+01   -.9104E+01   -.9128E+01   -.9152E+01   -.9183E+01   -.9215E+01   -.9257E+01   -.9299E+01   -.9353E+01   -.9405E+01   -.9461E+01   -.9487E+01   -.9474E+01   -.9335E+01   -.9409E+01   -.1036E+02   -.6837E+01   -.2596E+01   -.1493E+01   -.1127E+01   -.1218E+01   -.1236E+01   -.1299E+01   -.1369E+01   -.1400E+01   -.1430E+01   -.1444E+01   -.1457E+01   -.1461E+01   -.1463E+01   -.1461E+01   -.1457E+01   -.1450E+01   -.1442E+01   -.1431E+01   -.1420E+01   -.1408E+01   -.1394E+01   -.1381E+01   -.1366E+01   -.1352E+01   -.1337E+01   -.1322E+01   -.1306E+01   -.1291E+01   -.1276E+01   -.1260E+01   -.1245E+01   -.1230E+01   -.1215E+01   -.1200E+01   -.1186E+01   -.1171E+01   -.1157E+01   -.1143E+01   -.1130E+01   -.1116E+01   -.1103E+01   -.1090E+01   -.1077E+01   -.1065E+01   -.9285E+00   -.9200E+00   -.9122E+00   -.9039E+00   -.8957E+00   -.8877E+00   -.8798E+00   -.8720E+00   -.8644E+00   -.8570E+00   -.8496E+00   -.8425E+00   -.8354E+00   -.8285E+00   -.8217E+00   -.8151E+00   -.8086E+00   -.8022E+00   -.7960E+00   -.7899E+00   -.7839E+00   -.7780E+00   -.7723E+00   -.7667E+00   -.7612E+00   -.7558E+00   -.7506E+00   -.7455E+00   -.7404E+00   -.7355E+00   -.7307E+00   -.7260E+00   -.7214E+00   -.7169E+00   -.7125E+00   -.7082E+00
0.3640E+02   -.9037E+01   -.9055E+01   -.9070E+01   -.9093E+01   -.9111E+01   -.9140E+01   -.9164E+01   -.9202E+01   -.9233E+01   -.9284E+01   -.9325E+01   -.9388E+01   -.9432E+01   -.9488E+01   -.9476E+01   -.9416E+01   -.9291E+01   -.9848E+01   -.9498E+01   -.3115E+01   -.1768E+01   -.1134E+01   -.1153E+01   -.1277E+01   -.1223E+01   -.1385E+01   -.1365E+01   -.1437E+01   -.1428E+01   -.1461E+01   -.1453E+01   -.1467E+01   -.1458E+01   -.1461E+01   -.1450E+01   -.1446E+01   -.1434E+01   -.1425E+01   -.1411E+01   -.1400E+01   -.1385E+01   -.1372E+01   -.1356E+01   -.1342E+01   -.1327E+01   -.1312E+01   -.1296E+01   -.1281E+01   -.1266E+01   -.1251E+01   -.1235E+01   -.1220E+01   -.1206E+01   -.1191E+01   -.1176E+01   -.1162E+01   -.1148E+01   -.1134E+01   -.1121E+01   -.1108E+01   -.1095E+01   -.1082E+01   -.1069E+01   -.1057E+01   -.9227E+00   -.9142E+00   -.9066E+00   -.8983E+00   -.8903E+00   -.8823E+00   -.8746E+00   -.8669E+00   -.8594E+00   -.8520E+00   -.8448E+00   -.8377E+00   -.8308E+00   -.8239E+00   -.8173E+00   -.8107E+00   -.8043E+00   -.7980E+00   -.7919E+00   -.7859E+00   -.7800E+00   -.7742E+00   -.7685E+00   -.7630E+00   -.7576E+00   -.7523E+00   -.7472E+00   -.7421E+00   -.7372E+00   -.7323E+00   -.7276E+00   -.7230E+00   -.7184E+00   -.7140E+00   -.7097E+00   -.7054E+00
0.3662E+02   -.9043E+01   -.9057E+01   -.9080E+01   -.9097E+01   -.9126E+01   -.9147E+01   -.9186E+01   -.9214E+01   -.9264E+01   -.9301E+01   -.9366E+01   -.9408E+01   -.9475E+01   -.9477E+01   -.9463E+01   -.9258E+01   -.9503E+01   -.1080E+02   -.4551E+01   -.2149E+01   -.1255E+01   -.1120E+01   -.1272E+01   -.1197E+01   -.1361E+01   -.1352E+01   -.1427E+01   -.1421E+01   -.1457E+01   -.1451E+01   -.1466E+01   -.1458E+01   -.1462E+01   -.1452E+01   -.1449E+01   -.1437E+01   -.1429E+01   -.1415E+01   -.1404E+01   -.1390E+01   -.1377E+01   -.1361E+01   -.1347E+01   -.1332E+01   -.1317E+01   -.1302E+01   -.1286E+01   -.1271E+01   -.1256E+01   -.1241E+01   -.1226E+01   -.1211E+01   -.1196E+01   -.1182E+01   -.1167E+01   -.1153E+01   -.1139E+01   -.1126E+01   -.1112E+01   -.1099E+01   -.1086E+01   -.1074E+01   -.1061E+01   -.1049E+01   -.9170E+00   -.9086E+00   -.9010E+00   -.8929E+00   -.8849E+00   -.8771E+00   -.8694E+00   -.8619E+00   -.8544E+00   -.8472E+00   -.8400E+00   -.8331E+00   -.8262E+00   -.8195E+00   -.8129E+00   -.8064E+00   -.8001E+00   -.7939E+00   -.7879E+00   -.7819E+00   -.7761E+00   -.7704E+00   -.7649E+00   -.7594E+00   -.7541E+00   -.7489E+00   -.7438E+00   -.7388E+00   -.7340E+00   -.7292E+00   -.7245E+00   -.7200E+00   -.7155E+00   -.7111E+00   -.7069E+00   -.7027E+00
0.3683E+02   -.9045E+01   -.9064E+01   -.9084E+01   -.9108E+01   -.9134E+01   -.9165E+01   -.9199E+01   -.9240E+01   -.9285E+01   -.9337E+01   -.9391E+01   -.9446E+01   -.9477E+01   -.9464E+01   -.9338E+01   -.9384E+01   -.1028E+02   -.7212E+01   -.2668E+01   -.1530E+01   -.1126E+01   -.1207E+01   -.1238E+01   -.1285E+01   -.1368E+01   -.1392E+01   -.1428E+01   -.1440E+01   -.1455E+01   -.1458E+01   -.1462E+01   -.1459E+01   -.1456E+01   -.1449E+01   -.1441E+01   -.1431E+01   -.1420E+01   -.1408E+01   -.1395E+01   -.1381E+01   -.1367E+01   -.1352E+01   -.1337E+01   -.1322E+01   -.1307E+01   -.1292E+01   -.1277E+01   -.1261E+01   -.1246E+01   -.1231E+01   -.1216E+01   -.1201E+01   -.1187E+01   -.1172E+01   -.1158E+01   -.1144E+01   -.1131E+01   -.1117E+01   -.1104E+01   -.1091E+01   -.1078E+01   -.1066E+01   -.1054E+01   -.1042E+01   -.9114E+00   -.9031E+00   -.8956E+00   -.8876E+00   -.8797E+00   -.8720E+00   -.8644E+00   -.8569E+00   -.8496E+00   -.8424E+00   -.8354E+00   -.8285E+00   -.8217E+00   -.8151E+00   -.8086E+00   -.8023E+00   -.7960E+00   -.7899E+00   -.7840E+00   -.7781E+00   -.7724E+00   -.7668E+00   -.7613E+00   -.7559E+00   -.7507E+00   -.7456E+00   -.7405E+00   -.7356E+00   -.7308E+00   -.7261E+00   -.7215E+00   -.7170E+00   -.7126E+00   -.7083E+00   -.7041E+00   -.7000E+00
0.3705E+02   -.9047E+01   -.9071E+01   -.9090E+01   -.9120E+01   -.9144E+01   -.9184E+01   -.9215E+01   -.9267E+01   -.9307E+01   -.9373E+01   -.9416E+01   -.9476E+01   -.9466E+01   -.9418E+01   -.9265E+01   -.9766E+01   -.9871E+01   -.3185E+01   -.1807E+01   -.1131E+01   -.1143E+01   -.1279E+01   -.1208E+01   -.1384E+01   -.1357E+01   -.1435E+01   -.1423E+01   -.1460E+01   -.1450E+01   -.1466E+01   -.1456E+01   -.1461E+01   -.1449E+01   -.1446E+01   -.1433E+01   -.1425E+01   -.1411E+01   -.1400E+01   -.1385E+01   -.1372E+01   -.1357E+01   -.1343E+01   -.1327E+01   -.1313E+01   -.1297E+01   -.1282E+01   -.1267E+01   -.1252E+01   -.1237E+01   -.1222E+01   -.1207E+01   -.1192E+01   -.1178E+01   -.1163E+01   -.1149E+01   -.1136E+01   -.1122E+01   -.1109E+01   -.1096E+01   -.1083E+01   -.1070E+01   -.1058E+01   -.1046E+01   -.1034E+01   -.9058E+00   -.8976E+00   -.8902E+00   -.8823E+00   -.8745E+00   -.8669E+00   -.8594E+00   -.8521E+00   -.8448E+00   -.8378E+00   -.8308E+00   -.8240E+00   -.8174E+00   -.8108E+00   -.8044E+00   -.7981E+00   -.7920E+00   -.7860E+00   -.7801E+00   -.7743E+00   -.7687E+00   -.7632E+00   -.7578E+00   -.7525E+00   -.7473E+00   -.7423E+00   -.7373E+00   -.7325E+00   -.7278E+00   -.7231E+00   -.7186E+00   -.7142E+00   -.7098E+00   -.7056E+00   -.7015E+00   -.6974E+00
0.3727E+02   -.9054E+01   -.9073E+01   -.9102E+01   -.9126E+01   -.9164E+01   -.9195E+01   -.9245E+01   -.9284E+01   -.9348E+01   -.9393E+01   -.9459E+01   -.9465E+01   -.9452E+01   -.9259E+01   -.9476E+01   -.1071E+02   -.4926E+01   -.2222E+01   -.1290E+01   -.1120E+01   -.1259E+01   -.1198E+01   -.1346E+01   -.1351E+01   -.1418E+01   -.1419E+01   -.1452E+01   -.1449E+01   -.1463E+01   -.1457E+01   -.1460E+01   -.1451E+01   -.1448E+01   -.1436E+01   -.1428E+01   -.1415E+01   -.1404E+01   -.1390E+01   -.1377E+01   -.1362E+01   -.1348E+01   -.1332E+01   -.1318E+01   -.1302E+01   -.1287E+01   -.1272E+01   -.1257E+01   -.1242E+01   -.1227E+01   -.1212E+01   -.1197E+01   -.1183E+01   -.1169E+01   -.1155E+01   -.1141E+01   -.1127E+01   -.1114E+01   -.1101E+01   -.1088E+01   -.1075E+01   -.1063E+01   -.1050E+01   -.1039E+01   -.1027E+01   -.9004E+00   -.8923E+00   -.8850E+00   -.8771E+00   -.8695E+00   -.8619E+00   -.8545E+00   -.8473E+00   -.8402E+00   -.8332E+00   -.8264E+00   -.8196E+00   -.8131E+00   -.8066E+00   -.8003E+00   -.7941E+00   -.7881E+00   -.7821E+00   -.7763E+00   -.7706E+00   -.7651E+00   -.7596E+00   -.7543E+00   -.7491E+00   -.7440E+00   -.7390E+00   -.7342E+00   -.7294E+00   -.7247E+00   -.7202E+00   -.7157E+00   -.7114E+00   -.7071E+00   -.7029E+00   -.6988E+00   -.6948E+00
0.3748E+02   -.9057E+01   -.9082E+01   -.9110E+01   -.9141E+01   -.9177E+01   -.9218E+01   -.9265E+01   -.9317E+01   -.9373E+01   -.9427E+01   -.9463E+01   -.9452E+01   -.9337E+01   -.9356E+01   -.1020E+02   -.7584E+01   -.2738E+01   -.1566E+01   -.1124E+01   -.1195E+01   -.1239E+01   -.1269E+01   -.1366E+01   -.1383E+01   -.1426E+01   -.1434E+01   -.1453E+01   -.1455E+01   -.1461E+01   -.1457E+01   -.1455E+01   -.1448E+01   -.1441E+01   -.1430E+01   -.1420E+01   -.1407E+01   -.1395E+01   -.1381E+01   -.1367E+01   -.1353E+01   -.1338E+01   -.1323E+01   -.1308E+01   -.1293E+01   -.1278E+01   -.1262E+01   -.1247E+01   -.1232E+01   -.1218E+01   -.1203E+01   -.1188E+01   -.1174E+01   -.1160E+01   -.1146E+01   -.1132E+01   -.1119E+01   -.1105E+01   -.1092E+01   -.1080E+01   -.1067E+01   -.1055E+01   -.1043E+01   -.1031E+01   -.1020E+01   -.8951E+00   -.8871E+00   -.8798E+00   -.8721E+00   -.8645E+00   -.8571E+00   -.8498E+00   -.8426E+00   -.8356E+00   -.8287E+00   -.8220E+00   -.8154E+00   -.8089E+00   -.8025E+00   -.7963E+00   -.7902E+00   -.7842E+00   -.7784E+00   -.7726E+00   -.7670E+00   -.7616E+00   -.7562E+00   -.7510E+00   -.7458E+00   -.7408E+00   -.7359E+00   -.7311E+00   -.7264E+00   -.7218E+00   -.7173E+00   -.7129E+00   -.7086E+00   -.7044E+00   -.7003E+00   -.6963E+00   -.6923E+00
0.3770E+02   -.9061E+01   -.9092E+01   -.9117E+01   -.9159E+01   -.9190E+01   -.9245E+01   -.9284E+01   -.9353E+01   -.9396E+01   -.9461E+01   -.9451E+01   -.9415E+01   -.9235E+01   -.9681E+01   -.1024E+02   -.3253E+01   -.1845E+01   -.1126E+01   -.1133E+01   -.1279E+01   -.1192E+01   -.1381E+01   -.1348E+01   -.1433E+01   -.1417E+01   -.1457E+01   -.1446E+01   -.1464E+01   -.1454E+01   -.1459E+01   -.1448E+01   -.1445E+01   -.1432E+01   -.1425E+01   -.1411E+01   -.1400E+01   -.1385E+01   -.1373E+01   -.1357E+01   -.1343E+01   -.1328E+01   -.1313E+01   -.1298E+01   -.1283E+01   -.1268E+01   -.1253E+01   -.1238E+01   -.1223E+01   -.1208E+01   -.1194E+01   -.1179E+01   -.1165E+01   -.1151E+01   -.1137E+01   -.1124E+01   -.1110E+01   -.1097E+01   -.1084E+01   -.1072E+01   -.1060E+01   -.1047E+01   -.1036E+01   -.1024E+01   -.1013E+01   -.8898E+00   -.8819E+00   -.8747E+00   -.8671E+00   -.8596E+00   -.8523E+00   -.8451E+00   -.8380E+00   -.8311E+00   -.8243E+00   -.8177E+00   -.8111E+00   -.8047E+00   -.7985E+00   -.7923E+00   -.7863E+00   -.7804E+00   -.7747E+00   -.7690E+00   -.7635E+00   -.7581E+00   -.7528E+00   -.7476E+00   -.7426E+00   -.7377E+00   -.7328E+00   -.7281E+00   -.7235E+00   -.7189E+00   -.7145E+00   -.7102E+00   -.7059E+00   -.7018E+00   -.6977E+00   -.6938E+00   -.6899E+00
0.3792E+02   -.9070E+01   -.9096E+01   -.9135E+01   -.9168E+01   -.9218E+01   -.9260E+01   -.9323E+01   -.9371E+01   -.9437E+01   -.9449E+01   -.9436E+01   -.9256E+01   -.9446E+01   -.1063E+02   -.5298E+01   -.2293E+01   -.1323E+01   -.1119E+01   -.1245E+01   -.1199E+01   -.1330E+01   -.1348E+01   -.1409E+01   -.1416E+01   -.1446E+01   -.1447E+01   -.1459E+01   -.1455E+01   -.1458E+01   -.1450E+01   -.1446E+01   -.1436E+01   -.1428E+01   -.1415E+01   -.1404E+01   -.1390E+01   -.1377E+01   -.1362E+01   -.1348E+01   -.1333E+01   -.1319E+01   -.1303E+01   -.1288E+01   -.1273E+01   -.1258E+01   -.1243E+01   -.1228E+01   -.1213E+01   -.1199E+01   -.1184E+01   -.1170E+01   -.1156E+01   -.1142E+01   -.1129E+01   -.1115E+01   -.1102E+01   -.1089E+01   -.1077E+01   -.1064E+01   -.1052E+01   -.1040E+01   -.1028E+01   -.1017E+01   -.1006E+01   -.8847E+00   -.8769E+00   -.8698E+00   -.8622E+00   -.8549E+00   -.8476E+00   -.8405E+00   -.8336E+00   -.8267E+00   -.8200E+00   -.8135E+00   -.8070E+00   -.8007E+00   -.7945E+00   -.7885E+00   -.7825E+00   -.7767E+00   -.7711E+00   -.7655E+00   -.7601E+00   -.7547E+00   -.7495E+00   -.7444E+00   -.7394E+00   -.7346E+00   -.7298E+00   -.7251E+00   -.7206E+00   -.7161E+00   -.7118E+00   -.7075E+00   -.7033E+00   -.6992E+00   -.6952E+00   -.6913E+00   -.6875E+00
0.3813E+02   -.9075E+01   -.9107E+01   -.9146E+01   -.9187E+01   -.9237E+01   -.9289E+01   -.9349E+01   -.9403E+01   -.9444E+01   -.9434E+01   -.9332E+01   -.9324E+01   -.1011E+02   -.7953E+01   -.2807E+01   -.1602E+01   -.1120E+01   -.1183E+01   -.1238E+01   -.1252E+01   -.1363E+01   -.1373E+01   -.1423E+01   -.1428E+01   -.1450E+01   -.1451E+01   -.1459E+01   -.1454E+01   -.1454E+01   -.1446E+01   -.1440E+01   -.1429E+01   -.1420E+01   -.1407E+01   -.1395E+01   -.1381E+01   -.1368E+01   -.1353E+01   -.1339E+01   -.1324E+01   -.1309E+01   -.1294E+01   -.1279E+01   -.1263E+01   -.1249E+01   -.1234E+01   -.1219E+01   -.1204E+01   -.1190E+01   -.1175E+01   -.1161E+01   -.1147E+01   -.1134E+01   -.1120E+01   -.1107E+01   -.1094E+01   -.1081E+01   -.1069E+01   -.1057E+01   -.1045E+01   -.1033E+01   -.1021E+01   -.1010E+01   -.9989E+00   -.8796E+00   -.8719E+00   -.8649E+00   -.8575E+00   -.8502E+00   -.8431E+00   -.8361E+00   -.8292E+00   -.8224E+00   -.8158E+00   -.8093E+00   -.8030E+00   -.7968E+00   -.7907E+00   -.7847E+00   -.7789E+00   -.7731E+00   -.7675E+00   -.7620E+00   -.7567E+00   -.7514E+00   -.7463E+00   -.7413E+00   -.7364E+00   -.7316E+00   -.7269E+00   -.7223E+00   -.7178E+00   -.7134E+00   -.7091E+00   -.7049E+00   -.7008E+00   -.6967E+00   -.6928E+00   -.6889E+00   -.6852E+00
0.3835E+02   -.9079E+01   -.9122E+01   -.9155E+01   -.9213E+01   -.9253E+01   -.9325E+01   -.9368E+01   -.9439E+01   -.9431E+01   -.9407E+01   -.9200E+01   -.9591E+01   -.1060E+02   -.3319E+01   -.1882E+01   -.1117E+01   -.1123E+01   -.1278E+01   -.1174E+01   -.1377E+01   -.1337E+01   -.1429E+01   -.1410E+01   -.1454E+01   -.1442E+01   -.1462E+01   -.1451E+01   -.1458E+01   -.1445E+01   -.1444E+01   -.1431E+01   -.1424E+01   -.1410E+01   -.1400E+01   -.1385E+01   -.1373E+01   -.1358E+01   -.1344E+01   -.1329E+01   -.1314E+01   -.1299E+01   -.1284E+01   -.1269E+01   -.1254E+01   -.1239E+01   -.1224E+01   -.1210E+01   -.1195E+01   -.1181E+01   -.1167E+01   -.1153E+01   -.1139E+01   -.1125E+01   -.1112E+01   -.1099E+01   -.1086E+01   -.1074E+01   -.1061E+01   -.1049E+01   -.1037E+01   -.1026E+01   -.1014E+01   -.1003E+01   -.9922E+00   -.8747E+00   -.8671E+00   -.8601E+00   -.8528E+00   -.8456E+00   -.8386E+00   -.8316E+00   -.8249E+00   -.8182E+00   -.8117E+00   -.8053E+00   -.7990E+00   -.7929E+00   -.7869E+00   -.7810E+00   -.7752E+00   -.7696E+00   -.7641E+00   -.7587E+00   -.7534E+00   -.7482E+00   -.7431E+00   -.7382E+00   -.7334E+00   -.7286E+00   -.7240E+00   -.7195E+00   -.7150E+00   -.7107E+00   -.7065E+00   -.7023E+00   -.6982E+00   -.6943E+00   -.6904E+00   -.6866E+00   -.6829E+00
0.3857E+02   -.9092E+01   -.9129E+01   -.9179E+01   -.9225E+01   -.9289E+01   -.9341E+01   -.9406E+01   -.9425E+01   -.9414E+01   -.9246E+01   -.9410E+01   -.1054E+02   -.5666E+01   -.2363E+01   -.1355E+01   -.1115E+01   -.1230E+01   -.1196E+01   -.1312E+01   -.1344E+01   -.1398E+01   -.1412E+01   -.1439E+01   -.1443E+01   -.1455E+01   -.1453E+01   -.1455E+01   -.1448E+01   -.1444E+01   -.1435E+01   -.1426E+01   -.1415E+01   -.1404E+01   -.1390E+01   -.1377E+01   -.1363E+01   -.1349E+01   -.1334E+01   -.1319E+01   -.1304E+01   -.1289E+01   -.1274E+01   -.1259E+01   -.1244E+01   -.1230E+01   -.1215E+01   -.1201E+01   -.1186E+01   -.1172E+01   -.1158E+01   -.1144E+01   -.1131E+01   -.1117E+01   -.1104E+01   -.1091E+01   -.1078E+01   -.1066E+01   -.1054E+01   -.1042E+01   -.1030E+01   -.1019E+01   -.1008E+01   -.9965E+00   -.9857E+00   -.8699E+00   -.8624E+00   -.8555E+00   -.8482E+00   -.8412E+00   -.8342E+00   -.8274E+00   -.8207E+00   -.8141E+00   -.8077E+00   -.8014E+00   -.7952E+00   -.7891E+00   -.7832E+00   -.7774E+00   -.7717E+00   -.7662E+00   -.7607E+00   -.7554E+00   -.7502E+00   -.7451E+00   -.7401E+00   -.7352E+00   -.7304E+00   -.7258E+00   -.7212E+00   -.7167E+00   -.7124E+00   -.7081E+00   -.7039E+00   -.6998E+00   -.6958E+00   -.6919E+00   -.6881E+00   -.6843E+00   -.6807E+00
0.3878E+02   -.9100E+01   -.9143E+01   -.9197E+01   -.9250E+01   -.9314E+01   -.9368E+01   -.9416E+01   -.9408E+01   -.9319E+01   -.9285E+01   -.1002E+02   -.8316E+01   -.2873E+01   -.1635E+01   -.1112E+01   -.1170E+01   -.1235E+01   -.1233E+01   -.1358E+01   -.1362E+01   -.1418E+01   -.1420E+01   -.1446E+01   -.1445E+01   -.1456E+01   -.1451E+01   -.1452E+01   -.1444E+01   -.1439E+01   -.1428E+01   -.1419E+01   -.1406E+01   -.1395E+01   -.1381E+01   -.1368E+01   -.1354E+01   -.1340E+01   -.1324E+01   -.1310E+01   -.1295E+01   -.1280E+01   -.1265E+01   -.1250E+01   -.1235E+01   -.1221E+01   -.1206E+01   -.1192E+01   -.1177E+01   -.1163E+01   -.1149E+01   -.1136E+01   -.1122E+01   -.1109E+01   -.1096E+01   -.1083E+01   -.1071E+01   -.1059E+01   -.1047E+01   -.1035E+01   -.1023E+01   -.1012E+01   -.1001E+01   -.9900E+00   -.9794E+00   -.8652E+00   -.8577E+00   -.8509E+00   -.8438E+00   -.8368E+00   -.8299E+00   -.8232E+00   -.8166E+00   -.8101E+00   -.8038E+00   -.7975E+00   -.7914E+00   -.7855E+00   -.7796E+00   -.7739E+00   -.7683E+00   -.7628E+00   -.7574E+00   -.7522E+00   -.7470E+00   -.7420E+00   -.7371E+00   -.7323E+00   -.7276E+00   -.7230E+00   -.7185E+00   -.7141E+00   -.7098E+00   -.7056E+00   -.7014E+00   -.6974E+00   -.6935E+00   -.6896E+00   -.6858E+00   -.6821E+00   -.6785E+00
0.3900E+02   -.9105E+01   -.9164E+01   -.9208E+01   -.9283E+01   -.9328E+01   -.9405E+01   -.9401E+01   -.9390E+01   -.9157E+01   -.9493E+01   -.1096E+02   -.3380E+01   -.1918E+01   -.1105E+01   -.1113E+01   -.1273E+01   -.1154E+01   -.1371E+01   -.1324E+01   -.1423E+01   -.1401E+01   -.1449E+01   -.1436E+01   -.1458E+01   -.1447E+01   -.1455E+01   -.1443E+01   -.1443E+01   -.1429E+01   -.1424E+01   -.1409E+01   -.1400E+01   -.1385E+01   -.1373E+01   -.1358E+01   -.1345E+01   -.1329E+01   -.1315E+01   -.1300E+01   -.1286E+01   -.1270E+01   -.1256E+01   -.1240E+01   -.1226E+01   -.1211E+01   -.1197E+01   -.1183E+01   -.1169E+01   -.1155E+01   -.1141E+01   -.1127E+01   -.1114E+01   -.1101E+01   -.1088E+01   -.1076E+01   -.1063E+01   -.1051E+01   -.1039E+01   -.1028E+01   -.1016E+01   -.1005E+01   -.9943E+00   -.9836E+00   -.9731E+00   -.8605E+00   -.8532E+00   -.8465E+00   -.8394E+00   -.8325E+00   -.8257E+00   -.8191E+00   -.8126E+00   -.8062E+00   -.7999E+00   -.7938E+00   -.7878E+00   -.7819E+00   -.7761E+00   -.7704E+00   -.7649E+00   -.7595E+00   -.7542E+00   -.7490E+00   -.7440E+00   -.7390E+00   -.7342E+00   -.7294E+00   -.7248E+00   -.7202E+00   -.7158E+00   -.7115E+00   -.7072E+00   -.7031E+00   -.6990E+00   -.6950E+00   -.6911E+00   -.6873E+00   -.6836E+00   -.6800E+00   -.6764E+00
0.3922E+02   -.9122E+01   -.9173E+01   -.9238E+01   -.9296E+01   -.9362E+01   -.9388E+01   -.9380E+01   -.9227E+01   -.9365E+01   -.1044E+02   -.6028E+01   -.2428E+01   -.1384E+01   -.1109E+01   -.1212E+01   -.1191E+01   -.1291E+01   -.1337E+01   -.1386E+01   -.1406E+01   -.1430E+01   -.1438E+01   -.1449E+01   -.1449E+01   -.1451E+01   -.1446E+01   -.1442E+01   -.1433E+01   -.1425E+01   -.1414E+01   -.1403E+01   -.1390E+01   -.1377E+01   -.1363E+01   -.1350E+01   -.1335E+01   -.1321E+01   -.1306E+01   -.1291E+01   -.1276E+01   -.1261E+01   -.1246E+01   -.1231E+01   -.1217E+01   -.1203E+01   -.1188E+01   -.1174E+01   -.1160E+01   -.1146E+01   -.1133E+01   -.1119E+01   -.1106E+01   -.1093E+01   -.1081E+01   -.1068E+01   -.1056E+01   -.1044E+01   -.1033E+01   -.1021E+01   -.1010E+01   -.9988E+00   -.9880E+00   -.9774E+00   -.9671E+00   -.8561E+00   -.8488E+00   -.8422E+00   -.8352E+00   -.8284E+00   -.8217E+00   -.8151E+00   -.8087E+00   -.8024E+00   -.7962E+00   -.7902E+00   -.7842E+00   -.7784E+00   -.7727E+00   -.7672E+00   -.7617E+00   -.7564E+00   -.7511E+00   -.7460E+00   -.7410E+00   -.7362E+00   -.7314E+00   -.7267E+00   -.7221E+00   -.7176E+00   -.7133E+00   -.7090E+00   -.7048E+00   -.7007E+00   -.6967E+00   -.6928E+00   -.6889E+00   -.6852E+00   -.6815E+00   -.6779E+00   -.6744E+00
0.3943E+02   -.9134E+01   -.9190E+01   -.9259E+01   -.9317E+01   -.9372E+01   -.9368E+01   -.9294E+01   -.9234E+01   -.9912E+01   -.8671E+01   -.2933E+01   -.1667E+01   -.1100E+01   -.1155E+01   -.1228E+01   -.1211E+01   -.1350E+01   -.1347E+01   -.1411E+01   -.1411E+01   -.1441E+01   -.1439E+01   -.1452E+01   -.1446E+01   -.1449E+01   -.1441E+01   -.1437E+01   -.1426E+01   -.1418E+01   -.1406E+01   -.1395E+01   -.1381E+01   -.1369E+01   -.1354E+01   -.1341E+01   -.1326E+01   -.1311E+01   -.1296E+01   -.1282E+01   -.1266E+01   -.1252E+01   -.1237E+01   -.1222E+01   -.1208E+01   -.1194E+01   -.1180E+01   -.1166E+01   -.1152E+01   -.1138E+01   -.1125E+01   -.1112E+01   -.1099E+01   -.1086E+01   -.1073E+01   -.1061E+01   -.1049E+01   -.1037E+01   -.1026E+01   -.1014E+01   -.1003E+01   -.9924E+00   -.9818E+00   -.9714E+00   -.9612E+00   -.8517E+00   -.8445E+00   -.8380E+00   -.8311E+00   -.8244E+00   -.8178E+00   -.8113E+00   -.8049E+00   -.7987E+00   -.7926E+00   -.7866E+00   -.7808E+00   -.7750E+00   -.7694E+00   -.7639E+00   -.7586E+00   -.7533E+00   -.7481E+00   -.7431E+00   -.7382E+00   -.7334E+00   -.7286E+00   -.7240E+00   -.7195E+00   -.7151E+00   -.7108E+00   -.7065E+00   -.7024E+00   -.6984E+00   -.6944E+00   -.6906E+00   -.6868E+00   -.6831E+00   -.6794E+00   -.6759E+00   -.6724E+00
0.3965E+02   -.9139E+01   -.9216E+01   -.9269E+01   -.9348E+01   -.9352E+01   -.9346E+01   -.9129E+01   -.9440E+01   -.1086E+02   -.3741E+01   -.1983E+01   -.1127E+01   -.1107E+01   -.1250E+01   -.1146E+01   -.1348E+01   -.1316E+01   -.1409E+01   -.1394E+01   -.1440E+01   -.1430E+01   -.1452E+01   -.1442E+01   -.1451E+01   -.1440E+01   -.1440E+01   -.1428E+01   -.1422E+01   -.1409E+01   -.1400E+01   -.1385E+01   -.1374E+01   -.1359E+01   -.1346E+01   -.1331E+01   -.1317E+01   -.1301E+01   -.1287E+01   -.1272E+01   -.1258E+01   -.1243E+01   -.1228E+01   -.1213E+01   -.1199E+01   -.1185E+01   -.1171E+01   -.1157E+01   -.1144E+01   -.1130E+01   -.1117E+01   -.1104E+01   -.1091E+01   -.1078E+01   -.1066E+01   -.1054E+01   -.1042E+01   -.1030E+01   -.1019E+01   -.1008E+01   -.9970E+00   -.9862E+00   -.9757E+00   -.9654E+00   -.9554E+00   -.8474E+00   -.8403E+00   -.8338E+00   -.8271E+00   -.8204E+00   -.8139E+00   -.8075E+00   -.8012E+00   -.7951E+00   -.7891E+00   -.7832E+00   -.7774E+00   -.7717E+00   -.7662E+00   -.7608E+00   -.7555E+00   -.7503E+00   -.7452E+00   -.7402E+00   -.7354E+00   -.7306E+00   -.7260E+00   -.7214E+00   -.7170E+00   -.7126E+00   -.7083E+00   -.7042E+00   -.7001E+00   -.6961E+00   -.6922E+00   -.6884E+00   -.6847E+00   -.6810E+00   -.6774E+00   -.6739E+00   -.6705E+00
0.3987E+02   -.9157E+01   -.9223E+01   -.9293E+01   -.9329E+01   -.9327E+01   -.9189E+01   -.9303E+01   -.1032E+02   -.6380E+01   -.2488E+01   -.1408E+01   -.1098E+01   -.1191E+01   -.1181E+01   -.1266E+01   -.1327E+01   -.1370E+01   -.1398E+01   -.1420E+01   -.1432E+01   -.1441E+01   -.1445E+01   -.1446E+01   -.1443E+01   -.1439E+01   -.1431E+01   -.1423E+01   -.1413E+01   -.1402E+01   -.1390E+01   -.1378E+01   -.1364E+01   -.1351E+01   -.1336E+01   -.1322E+01   -.1307E+01   -.1293E+01   -.1278E+01   -.1263E+01   -.1249E+01   -.1234E+01   -.1219E+01   -.1205E+01   -.1191E+01   -.1177E+01   -.1163E+01   -.1149E+01   -.1136E+01   -.1122E+01   -.1109E+01   -.1096E+01   -.1084E+01   -.1071E+01   -.1059E+01   -.1047E+01   -.1036E+01   -.1024E+01   -.1013E+01   -.1002E+01   -.9909E+00   -.9803E+00   -.9700E+00   -.9598E+00   -.9499E+00   -.8434E+00   -.8364E+00   -.8300E+00   -.8233E+00   -.8167E+00   -.8103E+00   -.8039E+00   -.7978E+00   -.7917E+00   -.7857E+00   -.7799E+00   -.7742E+00   -.7686E+00   -.7632E+00   -.7578E+00   -.7526E+00   -.7475E+00   -.7425E+00   -.7375E+00   -.7327E+00   -.7281E+00   -.7235E+00   -.7190E+00   -.7146E+00   -.7103E+00   -.7061E+00   -.7020E+00   -.6979E+00   -.6940E+00   -.6901E+00   -.6864E+00   -.6827E+00   -.6791E+00   -.6756E+00   -.6721E+00   -.6687E+00
0.4008E+02   -.9169E+01   -.9233E+01   -.9299E+01   -.9303E+01   -.9245E+01   -.9163E+01   -.9789E+01   -.9011E+01   -.2985E+01   -.1694E+01   -.1079E+01   -.1138E+01   -.1215E+01   -.1183E+01   -.1337E+01   -.1330E+01   -.1401E+01   -.1399E+01   -.1433E+01   -.1430E+01   -.1446E+01   -.1441E+01   -.1446E+01   -.1437E+01   -.1435E+01   -.1424E+01   -.1417E+01   -.1405E+01   -.1395E+01   -.1381E+01   -.1370E+01   -.1355E+01   -.1342E+01   -.1327E+01   -.1313E+01   -.1298E+01   -.1284E+01   -.1269E+01   -.1255E+01   -.1240E+01   -.1225E+01   -.1211E+01   -.1197E+01   -.1183E+01   -.1169E+01   -.1155E+01   -.1141E+01   -.1128E+01   -.1115E+01   -.1102E+01   -.1089E+01   -.1077E+01   -.1064E+01   -.1052E+01   -.1041E+01   -.1029E+01   -.1018E+01   -.1007E+01   -.9957E+00   -.9850E+00   -.9746E+00   -.9643E+00   -.9543E+00   -.9445E+00   -.8394E+00   -.8325E+00   -.8261E+00   -.8195E+00   -.8130E+00   -.8067E+00   -.8004E+00   -.7943E+00   -.7883E+00   -.7825E+00   -.7767E+00   -.7711E+00   -.7656E+00   -.7602E+00   -.7549E+00   -.7497E+00   -.7447E+00   -.7397E+00   -.7349E+00   -.7302E+00   -.7255E+00   -.7210E+00   -.7166E+00   -.7122E+00   -.7080E+00   -.7038E+00   -.6998E+00   -.6958E+00   -.6919E+00   -.6881E+00   -.6844E+00   -.6808E+00   -.6772E+00   -.6737E+00   -.6703E+00   -.6670E+00
0.4030E+02   -.9169E+01   -.9252E+01   -.9271E+01   -.9271E+01   -.9074E+01   -.9362E+01   -.1073E+02   -.4090E+01   -.2041E+01   -.1142E+01   -.1096E+01   -.1222E+01   -.1132E+01   -.1320E+01   -.1303E+01   -.1391E+01   -.1383E+01   -.1428E+01   -.1422E+01   -.1444E+01   -.1437E+01   -.1446E+01   -.1436E+01   -.1437E+01   -.1426E+01   -.1421E+01   -.1408E+01   -.1399E+01   -.1385E+01   -.1374E+01   -.1360E+01   -.1347E+01   -.1332E+01   -.1319E+01   -.1304E+01   -.1290E+01   -.1275E+01   -.1260E+01   -.1246E+01   -.1231E+01   -.1217E+01   -.1203E+01   -.1188E+01   -.1174E+01   -.1161E+01   -.1147E+01   -.1134E+01   -.1120E+01   -.1108E+01   -.1095E+01   -.1082E+01   -.1070E+01   -.1058E+01   -.1046E+01   -.1034E+01   -.1023E+01   -.1011E+01   -.1000E+01   -.9897E+00   -.9792E+00   -.9689E+00   -.9588E+00   -.9489E+00   -.9392E+00   -.8355E+00   -.8287E+00   -.8224E+00   -.8158E+00   -.8094E+00   -.8032E+00   -.7970E+00   -.7910E+00   -.7851E+00   -.7793E+00   -.7736E+00   -.7680E+00   -.7626E+00   -.7573E+00   -.7521E+00   -.7470E+00   -.7420E+00   -.7371E+00   -.7323E+00   -.7276E+00   -.7231E+00   -.7186E+00   -.7142E+00   -.7099E+00   -.7057E+00   -.7016E+00   -.6976E+00   -.6937E+00   -.6899E+00   -.6861E+00   -.6824E+00   -.6789E+00   -.6753E+00   -.6719E+00   -.6685E+00   -.6653E+00
0.4052E+02   -.9175E+01   -.9226E+01   -.9233E+01   -.9117E+01   -.9211E+01   -.1018E+02   -.6714E+01   -.2536E+01   -.1424E+01   -.1077E+01   -.1165E+01   -.1163E+01   -.1235E+01   -.1311E+01   -.1349E+01   -.1386E+01   -.1406E+01   -.1423E+01   -.1432E+01   -.1438E+01   -.1440E+01   -.1439E+01   -.1435E+01   -.1429E+01   -.1422E+01   -.1413E+01   -.1402E+01   -.1391E+01   -.1379E+01   -.1366E+01   -.1352E+01   -.1338E+01   -.1324E+01   -.1310E+01   -.1296E+01   -.1281E+01   -.1267E+01   -.1252E+01   -.1238E+01   -.1223E+01   -.1209E+01   -.1195E+01   -.1181E+01   -.1167E+01   -.1153E+01   -.1140E+01   -.1127E+01   -.1114E+01   -.1101E+01   -.1088E+01   -.1076E+01   -.1063E+01   -.1051E+01   -.1040E+01   -.1028E+01   -.1017E+01   -.1006E+01   -.9949E+00   -.9843E+00   -.9739E+00   -.9637E+00   -.9537E+00   -.9440E+00   -.9344E+00   -.8320E+00   -.8252E+00   -.8190E+00   -.8125E+00   -.8062E+00   -.8000E+00   -.7939E+00   -.7880E+00   -.7821E+00   -.7764E+00   -.7708E+00   -.7653E+00   -.7599E+00   -.7547E+00   -.7495E+00   -.7445E+00   -.7396E+00   -.7347E+00   -.7300E+00   -.7254E+00   -.7209E+00   -.7165E+00   -.7121E+00   -.7079E+00   -.7038E+00   -.6997E+00   -.6958E+00   -.6919E+00   -.6881E+00   -.6844E+00   -.6808E+00   -.6772E+00   -.6737E+00   -.6703E+00   -.6670E+00   -.6638E+00
0.4073E+02   -.9165E+01   -.9186E+01   -.9149E+01   -.9052E+01   -.9631E+01   -.9323E+01   -.3022E+01   -.1711E+01   -.1047E+01   -.1114E+01   -.1193E+01   -.1147E+01   -.1319E+01   -.1306E+01   -.1386E+01   -.1383E+01   -.1423E+01   -.1420E+01   -.1439E+01   -.1434E+01   -.1441E+01   -.1433E+01   -.1433E+01   -.1422E+01   -.1417E+01   -.1405E+01   -.1396E+01   -.1382E+01   -.1371E+01   -.1357E+01   -.1345E+01   -.1330E+01   -.1316E+01   -.1302E+01   -.1288E+01   -.1273E+01   -.1259E+01   -.1244E+01   -.1230E+01   -.1215E+01   -.1201E+01   -.1187E+01   -.1173E+01   -.1159E+01   -.1146E+01   -.1133E+01   -.1120E+01   -.1107E+01   -.1094E+01   -.1081E+01   -.1069E+01   -.1057E+01   -.1045E+01   -.1034E+01   -.1022E+01   -.1011E+01   -.1000E+01   -.9895E+00   -.9790E+00   -.9687E+00   -.9587E+00   -.9488E+00   -.9391E+00   -.9297E+00   -.8285E+00   -.8219E+00   -.8157E+00   -.8093E+00   -.8031E+00   -.7969E+00   -.7909E+00   -.7850E+00   -.7792E+00   -.7736E+00   -.7680E+00   -.7626E+00   -.7573E+00   -.7521E+00   -.7470E+00   -.7421E+00   -.7372E+00   -.7324E+00   -.7278E+00   -.7232E+00   -.7187E+00   -.7144E+00   -.7101E+00   -.7059E+00   -.7018E+00   -.6978E+00   -.6939E+00   -.6901E+00   -.6863E+00   -.6827E+00   -.6791E+00   -.6756E+00   -.6721E+00   -.6688E+00   -.6655E+00   -.6623E+00
0.4095E+02   -.9122E+01   -.9134E+01   -.8966E+01   -.9237E+01   -.1056E+02   -.4415E+01   -.2082E+01   -.1145E+01   -.1073E+01   -.1185E+01   -.1107E+01   -.1284E+01   -.1283E+01   -.1367E+01   -.1368E+01   -.1412E+01   -.1411E+01   -.1433E+01   -.1430E+01   -.1439E+01   -.1432E+01   -.1433E+01   -.1424E+01   -.1419E+01   -.1408E+01   -.1400E+01   -.1387E+01   -.1376E+01   -.1362E+01   -.1350E+01   -.1335E+01   -.1322E+01   -.1307E+01   -.1294E+01   -.1279E+01   -.1265E+01   -.1250E+01   -.1236E+01   -.1221E+01   -.1207E+01   -.1193E+01   -.1179E+01   -.1166E+01   -.1152E+01   -.1139E+01   -.1126E+01   -.1113E+01   -.1100E+01   -.1087E+01   -.1075E+01   -.1063E+01   -.1051E+01   -.1039E+01   -.1028E+01   -.1016E+01   -.1005E+01   -.9947E+00   -.9841E+00   -.9737E+00   -.9636E+00   -.9536E+00   -.9439E+00   -.9343E+00   -.9250E+00   -.8250E+00   -.8184E+00   -.8123E+00   -.8060E+00   -.7998E+00   -.7938E+00   -.7878E+00   -.7820E+00   -.7763E+00   -.7707E+00   -.7652E+00   -.7599E+00   -.7546E+00   -.7495E+00   -.7445E+00   -.7395E+00   -.7347E+00   -.7300E+00   -.7254E+00   -.7209E+00   -.7165E+00   -.7122E+00   -.7079E+00   -.7038E+00   -.6998E+00   -.6958E+00   -.6919E+00   -.6881E+00   -.6844E+00   -.6808E+00   -.6773E+00   -.6738E+00   -.6704E+00   -.6671E+00   -.6639E+00   -.6607E+00
0.4117E+02   -.9055E+01   -.8972E+01   -.9055E+01   -.9991E+01   -.7011E+01   -.2557E+01   -.1424E+01   -.1038E+01   -.1128E+01   -.1133E+01   -.1193E+01   -.1287E+01   -.1322E+01   -.1368E+01   -.1387E+01   -.1410E+01   -.1420E+01   -.1430E+01   -.1433E+01   -.1434E+01   -.1431E+01   -.1427E+01   -.1420E+01   -.1413E+01   -.1403E+01   -.1392E+01   -.1381E+01   -.1369E+01   -.1356E+01   -.1342E+01   -.1329E+01   -.1315E+01   -.1301E+01   -.1286E+01   -.1272E+01   -.1258E+01   -.1243E+01   -.1229E+01   -.1215E+01   -.1201E+01   -.1187E+01   -.1173E+01   -.1159E+01   -.1146E+01   -.1133E+01   -.1120E+01   -.1107E+01   -.1094E+01   -.1082E+01   -.1070E+01   -.1058E+01   -.1046E+01   -.1034E+01   -.1023E+01   -.1012E+01   -.1001E+01   -.9902E+00   -.9797E+00   -.9694E+00   -.9594E+00   -.9495E+00   -.9399E+00   -.9305E+00   -.9212E+00   -.8223E+00   -.8158E+00   -.8098E+00   -.8035E+00   -.7974E+00   -.7914E+00   -.7855E+00   -.7797E+00   -.7741E+00   -.7686E+00   -.7632E+00   -.7578E+00   -.7527E+00   -.7476E+00   -.7426E+00   -.7377E+00   -.7330E+00   -.7283E+00   -.7237E+00   -.7193E+00   -.7149E+00   -.7106E+00   -.7065E+00   -.7024E+00   -.6984E+00   -.6944E+00   -.6906E+00   -.6869E+00   -.6832E+00   -.6796E+00   -.6761E+00   -.6727E+00   -.6693E+00   -.6660E+00   -.6628E+00   -.6597E+00
0.4138E+02   -.8950E+01   -.8856E+01   -.9398E+01   -.9574E+01   -.3024E+01   -.1698E+01   -.9922E+00   -.1074E+01   -.1157E+01   -.1098E+01   -.1290E+01   -.1274E+01   -.1365E+01   -.1361E+01   -.1408E+01   -.1406E+01   -.1430E+01   -.1425E+01   -.1436E+01   -.1429E+01   -.1431E+01   -.1421E+01   -.1417E+01   -.1406E+01   -.1398E+01   -.1385E+01   -.1375E+01   -.1361E+01   -.1350E+01   -.1335E+01   -.1322E+01   -.1308E+01   -.1294E+01   -.1279E+01   -.1265E+01   -.1251E+01   -.1237E+01   -.1222E+01   -.1208E+01   -.1194E+01   -.1181E+01   -.1167E+01   -.1153E+01   -.1140E+01   -.1127E+01   -.1114E+01   -.1101E+01   -.1089E+01   -.1077E+01   -.1065E+01   -.1053E+01   -.1041E+01   -.1029E+01   -.1018E+01   -.1007E+01   -.9964E+00   -.9858E+00   -.9754E+00   -.9653E+00   -.9553E+00   -.9456E+00   -.9361E+00   -.9267E+00   -.9176E+00   -.8197E+00   -.8133E+00   -.8073E+00   -.8011E+00   -.7950E+00   -.7891E+00   -.7833E+00   -.7776E+00   -.7720E+00   -.7665E+00   -.7611E+00   -.7559E+00   -.7507E+00   -.7457E+00   -.7408E+00   -.7360E+00   -.7313E+00   -.7266E+00   -.7221E+00   -.7177E+00   -.7134E+00   -.7091E+00   -.7050E+00   -.7009E+00   -.6970E+00   -.6931E+00   -.6893E+00   -.6856E+00   -.6820E+00   -.6784E+00   -.6749E+00   -.6715E+00   -.6682E+00   -.6650E+00   -.6618E+00   -.6587E+00
0.4160E+02   -.8735E+01   -.9005E+01   -.1031E+02   -.4687E+01   -.2077E+01   -.1125E+01   -.1026E+01   -.1132E+01   -.1067E+01   -.1236E+01   -.1252E+01   -.1336E+01   -.1347E+01   -.1392E+01   -.1397E+01   -.1421E+01   -.1421E+01   -.1432E+01   -.1428E+01   -.1431E+01   -.1423E+01   -.1420E+01   -.1410E+01   -.1402E+01   -.1390E+01   -.1381E+01   -.1367E+01   -.1356E+01   -.1342E+01   -.1329E+01   -.1315E+01   -.1301E+01   -.1287E+01   -.1273E+01   -.1258E+01   -.1244E+01   -.1230E+01   -.1216E+01   -.1202E+01   -.1188E+01   -.1174E+01   -.1161E+01   -.1147E+01   -.1134E+01   -.1121E+01   -.1108E+01   -.1096E+01   -.1083E+01   -.1071E+01   -.1059E+01   -.1047E+01   -.1036E+01   -.1024E+01   -.1013E+01   -.1002E+01   -.9916E+00   -.9811E+00   -.9708E+00   -.9608E+00   -.9509E+00   -.9413E+00   -.9318E+00   -.9226E+00   -.9135E+00   -.8166E+00   -.8102E+00   -.8042E+00   -.7981E+00   -.7921E+00   -.7862E+00   -.7804E+00   -.7748E+00   -.7693E+00   -.7638E+00   -.7585E+00   -.7533E+00   -.7482E+00   -.7432E+00   -.7384E+00   -.7336E+00   -.7289E+00   -.7243E+00   -.7199E+00   -.7155E+00   -.7112E+00   -.7070E+00   -.7029E+00   -.6989E+00   -.6950E+00   -.6911E+00   -.6874E+00   -.6837E+00   -.6801E+00   -.6766E+00   -.6731E+00   -.6698E+00   -.6665E+00   -.6633E+00   -.6601E+00   -.6570E+00
0.4182E+02   -.8783E+01   -.9667E+01   -.7219E+01   -.2498E+01   -.1386E+01   -.9563E+00   -.1070E+01   -.1083E+01   -.1135E+01   -.1250E+01   -.1284E+01   -.1341E+01   -.1363E+01   -.1393E+01   -.1405E+01   -.1420E+01   -.1424E+01   -.1429E+01   -.1428E+01   -.1426E+01   -.1421E+01   -.1415E+01   -.1406E+01   -.1397E+01   -.1386E+01   -.1375E+01   -.1362E+01   -.1350E+01   -.1336E+01   -.1323E+01   -.1309E+01   -.1295E+01   -.1281E+01   -.1267E+01   -.1253E+01   -.1239E+01   -.1225E+01   -.1211E+01   -.1197E+01   -.1183E+01   -.1169E+01   -.1156E+01   -.1143E+01   -.1130E+01   -.1117E+01   -.1104E+01   -.1091E+01   -.1079E+01   -.1067E+01   -.1055E+01   -.1043E+01   -.1032E+01   -.1021E+01   -.1010E+01   -.9989E+00   -.9883E+00   -.9779E+00   -.9677E+00   -.9577E+00   -.9480E+00   -.9384E+00   -.9291E+00   -.9199E+00   -.9109E+00   -.8148E+00   -.8085E+00   -.8026E+00   -.7965E+00   -.7906E+00   -.7847E+00   -.7790E+00   -.7734E+00   -.7679E+00   -.7625E+00   -.7572E+00   -.7521E+00   -.7470E+00   -.7421E+00   -.7372E+00   -.7325E+00   -.7279E+00   -.7233E+00   -.7189E+00   -.7145E+00   -.7103E+00   -.7061E+00   -.7021E+00   -.6981E+00   -.6942E+00   -.6904E+00   -.6866E+00   -.6830E+00   -.6794E+00   -.6759E+00   -.6725E+00   -.6692E+00   -.6659E+00   -.6627E+00   -.6596E+00   -.6565E+00
0.4203E+02   -.9056E+01   -.9671E+01   -.2937E+01   -.1580E+01   -.8999E+00   -.9771E+00   -.1097E+01   -.1025E+01   -.1245E+01   -.1226E+01   -.1334E+01   -.1330E+01   -.1388E+01   -.1387E+01   -.1418E+01   -.1415E+01   -.1431E+01   -.1425E+01   -.1431E+01   -.1422E+01   -.1421E+01   -.1410E+01   -.1404E+01   -.1392E+01   -.1383E+01   -.1370E+01   -.1359E+01   -.1345E+01   -.1333E+01   -.1319E+01   -.1306E+01   -.1291E+01   -.1278E+01   -.1263E+01   -.1249E+01   -.1235E+01   -.1221E+01   -.1207E+01   -.1193E+01   -.1179E+01   -.1166E+01   -.1153E+01   -.1140E+01   -.1127E+01   -.1114E+01   -.1101E+01   -.1089E+01   -.1077E+01   -.1065E+01   -.1053E+01   -.1041E+01   -.1030E+01   -.1019E+01   -.1008E+01   -.9969E+00   -.9864E+00   -.9761E+00   -.9660E+00   -.9561E+00   -.9464E+00   -.9369E+00   -.9276E+00   -.9186E+00   -.9096E+00   -.8143E+00   -.8080E+00   -.8021E+00   -.7961E+00   -.7902E+00   -.7844E+00   -.7787E+00   -.7731E+00   -.7677E+00   -.7623E+00   -.7571E+00   -.7520E+00   -.7469E+00   -.7420E+00   -.7372E+00   -.7325E+00   -.7279E+00   -.7234E+00   -.7189E+00   -.7146E+00   -.7104E+00   -.7062E+00   -.7022E+00   -.6982E+00   -.6944E+00   -.6906E+00   -.6868E+00   -.6832E+00   -.6797E+00   -.6762E+00   -.6728E+00   -.6695E+00   -.6662E+00   -.6630E+00   -.6599E+00   -.6569E+00
0.4225E+02   -.9935E+01   -.4798E+01   -.1907E+01   -.1054E+01   -.9112E+00   -.1050E+01   -.1003E+01   -.1173E+01   -.1209E+01   -.1299E+01   -.1321E+01   -.1371E+01   -.1384E+01   -.1413E+01   -.1418E+01   -.1432E+01   -.1432E+01   -.1437E+01   -.1432E+01   -.1431E+01   -.1423E+01   -.1417E+01   -.1406E+01   -.1397E+01   -.1385E+01   -.1374E+01   -.1361E+01   -.1349E+01   -.1335E+01   -.1322E+01   -.1307E+01   -.1294E+01   -.1279E+01   -.1265E+01   -.1251E+01   -.1237E+01   -.1223E+01   -.1209E+01   -.1195E+01   -.1182E+01   -.1168E+01   -.1155E+01   -.1142E+01   -.1129E+01   -.1116E+01   -.1103E+01   -.1091E+01   -.1079E+01   -.1067E+01   -.1055E+01   -.1043E+01   -.1032E+01   -.1021E+01   -.1010E+01   -.9993E+00   -.9888E+00   -.9785E+00   -.9684E+00   -.9585E+00   -.9488E+00   -.9394E+00   -.9301E+00   -.9210E+00   -.9121E+00   -.8169E+00   -.8106E+00   -.8047E+00   -.7987E+00   -.7928E+00   -.7870E+00   -.7813E+00   -.7758E+00   -.7703E+00   -.7650E+00   -.7597E+00   -.7546E+00   -.7496E+00   -.7447E+00   -.7399E+00   -.7351E+00   -.7305E+00   -.7260E+00   -.7216E+00   -.7173E+00   -.7130E+00   -.7089E+00   -.7048E+00   -.7008E+00   -.6970E+00   -.6932E+00   -.6894E+00   -.6858E+00   -.6823E+00   -.6788E+00   -.6754E+00   -.6720E+00   -.6688E+00   -.6656E+00   -.6625E+00   -.6594E+00
0.4247E+02   -.7242E+01   -.2145E+01   -.1227E+01   -.7688E+00   -.9678E+00   -.1017E+01   -.1066E+01   -.1209E+01   -.1246E+01   -.1320E+01   -.1346E+01   -.1387E+01   -.1403E+01   -.1425E+01   -.1432E+01   -.1442E+01   -.1443E+01   -.1445E+01   -.1441E+01   -.1438E+01   -.1430E+01   -.1422E+01   -.1412E+01   -.1402E+01   -.1390E+01   -.1378E+01   -.1365E+01   -.1352E+01   -.1338E+01   -.1325E+01   -.1311E+01   -.1297E+01   -.1282E+01   -.1268E+01   -.1254E+01   -.1239E+01   -.1225E+01   -.1211E+01   -.1197E+01   -.1184E+01   -.1170E+01   -.1157E+01   -.1143E+01   -.1130E+01   -.1117E+01   -.1105E+01   -.1092E+01   -.1080E+01   -.1068E+01   -.1056E+01   -.1045E+01   -.1033E+01   -.1022E+01   -.1011E+01   -.1000E+01   -.9896E+00   -.9793E+00   -.9692E+00   -.9592E+00   -.9495E+00   -.9400E+00   -.9307E+00   -.9216E+00   -.9127E+00   -.8172E+00   -.8108E+00   -.8049E+00   -.7989E+00   -.7930E+00   -.7872E+00   -.7815E+00   -.7759E+00   -.7704E+00   -.7651E+00   -.7598E+00   -.7547E+00   -.7496E+00   -.7447E+00   -.7399E+00   -.7351E+00   -.7305E+00   -.7260E+00   -.7215E+00   -.7172E+00   -.7129E+00   -.7088E+00   -.7047E+00   -.7007E+00   -.6968E+00   -.6930E+00   -.6893E+00   -.6856E+00   -.6821E+00   -.6786E+00   -.6752E+00   -.6718E+00   -.6686E+00   -.6654E+00   -.6623E+00   -.6592E+00
0.4268E+02   -.2585E+01   -.9645E+00   -.7734E+00   -.6630E+00   -.1037E+01   -.9383E+00   -.1210E+01   -.1183E+01   -.1321E+01   -.1315E+01   -.1391E+01   -.1390E+01   -.1433E+01   -.1431E+01   -.1454E+01   -.1449E+01   -.1460E+01   -.1452E+01   -.1454E+01   -.1444E+01   -.1440E+01   -.1428E+01   -.1421E+01   -.1407E+01   -.1397E+01   -.1383E+01   -.1371E+01   -.1357E+01   -.1344E+01   -.1329E+01   -.1315E+01   -.1300E+01   -.1286E+01   -.1271E+01   -.1257E+01   -.1242E+01   -.1228E+01   -.1213E+01   -.1200E+01   -.1185E+01   -.1172E+01   -.1158E+01   -.1145E+01   -.1132E+01   -.1119E+01   -.1106E+01   -.1093E+01   -.1081E+01   -.1069E+01   -.1057E+01   -.1045E+01   -.1034E+01   -.1022E+01   -.1011E+01   -.1000E+01   -.9897E+00   -.9793E+00   -.9691E+00   -.9591E+00   -.9493E+00   -.9397E+00   -.9303E+00   -.9211E+00   -.9122E+00   -.8162E+00   -.8098E+00   -.8038E+00   -.7977E+00   -.7918E+00   -.7859E+00   -.7802E+00   -.7746E+00   -.7691E+00   -.7637E+00   -.7584E+00   -.7532E+00   -.7481E+00   -.7432E+00   -.7383E+00   -.7335E+00   -.7289E+00   -.7243E+00   -.7199E+00   -.7155E+00   -.7112E+00   -.7070E+00   -.7029E+00   -.6989E+00   -.6950E+00   -.6912E+00   -.6875E+00   -.6838E+00   -.6802E+00   -.6767E+00   -.6733E+00   -.6699E+00   -.6667E+00   -.6635E+00   -.6603E+00   -.6572E+00
0.4290E+02   -.1122E+01   -.8032E+00   -.4111E+00   -.8971E+00   -.9136E+00   -.1114E+01   -.1168E+01   -.1276E+01   -.1311E+01   -.1373E+01   -.1394E+01   -.1431E+01   -.1442E+01   -.1462E+01   -.1465E+01   -.1474E+01   -.1471E+01   -.1472E+01   -.1466E+01   -.1461E+01   -.1451E+01   -.1443E+01   -.1431E+01   -.1420E+01   -.1407E+01   -.1395E+01   -.1380E+01   -.1367E+01   -.1352E+01   -.1338E+01   -.1323E+01   -.1308E+01   -.1293E+01   -.1278E+01   -.1263E+01   -.1249E+01   -.1234E+01   -.1220E+01   -.1205E+01   -.1191E+01   -.1177E+01   -.1163E+01   -.1149E+01   -.1136E+01   -.1123E+01   -.1110E+01   -.1097E+01   -.1085E+01   -.1072E+01   -.1060E+01   -.1048E+01   -.1036E+01   -.1025E+01   -.1014E+01   -.1003E+01   -.9920E+00   -.9814E+00   -.9711E+00   -.9609E+00   -.9510E+00   -.9413E+00   -.9318E+00   -.9225E+00   -.9134E+00   -.8163E+00   -.8098E+00   -.8038E+00   -.7976E+00   -.7916E+00   -.7857E+00   -.7799E+00   -.7742E+00   -.7687E+00   -.7632E+00   -.7579E+00   -.7526E+00   -.7475E+00   -.7425E+00   -.7376E+00   -.7328E+00   -.7281E+00   -.7235E+00   -.7190E+00   -.7146E+00   -.7103E+00   -.7061E+00   -.7020E+00   -.6979E+00   -.6940E+00   -.6901E+00   -.6863E+00   -.6826E+00   -.6790E+00   -.6755E+00   -.6720E+00   -.6686E+00   -.6653E+00   -.6621E+00   -.6589E+00   -.6558E+00
0.4312E+02   -.5090E+00   -.4235E+00   -.4806E+00   -.8962E+00   -.9590E+00   -.1153E+01   -.1200E+01   -.1303E+01   -.1336E+01   -.1395E+01   -.1416E+01   -.1449E+01   -.1461E+01   -.1478E+01   -.1482E+01   -.1489E+01   -.1486E+01   -.1486E+01   -.1479E+01   -.1473E+01   -.1463E+01   -.1454E+01   -.1442E+01   -.1431E+01   -.1417E+01   -.1404E+01   -.1389E+01   -.1375E+01   -.1360E+01   -.1346E+01   -.1330E+01   -.1315E+01   -.1300E+01   -.1285E+01   -.1270E+01   -.1255E+01   -.1240E+01   -.1225E+01   -.1211E+01   -.1196E+01   -.1182E+01   -.1168E+01   -.1154E+01   -.1141E+01   -.1127E+01   -.1114E+01   -.1101E+01   -.1088E+01   -.1076E+01   -.1064E+01   -.1052E+01   -.1040E+01   -.1028E+01   -.1017E+01   -.1006E+01   -.9949E+00   -.9842E+00   -.9737E+00   -.9635E+00   -.9535E+00   -.9437E+00   -.9341E+00   -.9247E+00   -.9155E+00   -.8174E+00   -.8108E+00   -.8047E+00   -.7985E+00   -.7924E+00   -.7865E+00   -.7806E+00   -.7749E+00   -.7693E+00   -.7638E+00   -.7585E+00   -.7532E+00   -.7481E+00   -.7430E+00   -.7381E+00   -.7333E+00   -.7285E+00   -.7239E+00   -.7194E+00   -.7149E+00   -.7106E+00   -.7064E+00   -.7022E+00   -.6981E+00   -.6942E+00   -.6903E+00   -.6865E+00   -.6827E+00   -.6791E+00   -.6755E+00   -.6721E+00   -.6687E+00   -.6653E+00   -.6621E+00   -.6589E+00   -.6558E+00
