0.1321E+06   0.0000E+00   -.3000E+02   -.3000E+02   -.3000E+02   -.3000E+02   -.3000E+02   -.3000E+02   -.3000E+02   -.3000E+02   -.3000E+02   -.3000E+02   -.3000E+02   -.3000E+02   -.3000E+02   -.2999E+02   -.2999E+02   -.2999E+02   -.2999E+02   -.2999E+02   -.2999E+02   -.2999E+02   -.2999E+02   -.2999E+02   -.2999E+02   -.2999E+02   -.2999E+02   -.2999E+02   -.2999E+02   -.2999E+02   -.2999E+02   -.2999E+02   -.2999E+02   -.2999E+02   -.2998E+02   -.2998E+02   -.2998E+02   -.2998E+02   -.2998E+02   -.2998E+02   -.2998E+02   -.2998E+02   -.2998E+02   -.2998E+02   -.2998E+02   -.2998E+02   -.2998E+02   -.2998E+02   -.2998E+02   -.2997E+02   -.2997E+02   -.2997E+02   -.2997E+02   -.2997E+02   -.2997E+02   -.2997E+02   -.2997E+02   -.2997E+02   -.2997E+02   -.2997E+02   -.2996E+02   -.2996E+02   -.2996E+02   -.2996E+02   -.2996E+02   -.2996E+02   -.2996E+02   -.2996E+02   -.2996E+02   -.2996E+02   -.2996E+02   -.2995E+02   -.2995E+02   -.2995E+02   -.2995E+02   -.2995E+02   -.2995E+02   -.2995E+02   -.2995E+02   -.2995E+02   -.2995E+02   -.2995E+02   -.2995E+02   -.2995E+02   -.2995E+02   -.2995E+02   -.2994E+02   -.2994E+02   -.2994E+02   -.2994E+02   -.2994E+02   -.2994E+02   -.2994E+02   -.2994E+02   -.2995E+02   -.2995E+02   -.2995E+02   -.2995E+02   -.2995E+02   -.2995E+02   -.2995E+02   -.2995E+02   -.2996E+02   -.2996E+02   -.2996E+02   -.2996E+02   -.2997E+02   -.2997E+02   -.2997E+02   -.2998E+02   -.2998E+02   -.2999E+02   -.2999E+02   -.3000E+02   -.3001E+02   -.3001E+02   -.3002E+02   -.3003E+02   -.3004E+02   -.3005E+02   -.3006E+02   -.3007E+02   -.3009E+02   -.3010E+02   -.3012E+02   -.3014E+02   -.3016E+02   -.3018E+02   -.3020E+02   -.3023E+02
0.1321E+06   0.1322E+01   -.3000E+02   -.3000E+02   -.3000E+02   -.3000E+02   -.3000E+02   -.3000E+02   -.3000E+02   -.3000E+02   -.3000E+02   -.3000E+02   -.3000E+02   -.3000E+02   -.3000E+02   -.3000E+02   -.2999E+02   -.2999E+02   -.2999E+02   -.2999E+02   -.2999E+02   -.2999E+02   -.2999E+02   -.2999E+02   -.2999E+02   -.2999E+02   -.2999E+02   -.2999E+02   -.2999E+02   -.2999E+02   -.2999E+02   -.2999E+02   -.2999E+02   -.2999E+02   -.2999E+02   -.2999E+02   -.2998E+02   -.2998E+02   -.2998E+02   -.2998E+02   -.2998E+02   -.2998E+02   -.2998E+02   -.2998E+02   -.2998E+02   -.2998E+02   -.2998E+02   -.2998E+02   -.2998E+02   -.2998E+02   -.2998E+02   -.2997E+02   -.2997E+02   -.2997E+02   -.2997E+02   -.2997E+02   -.2997E+02   -.2997E+02   -.2997E+02   -.2997E+02   -.2997E+02   -.2997E+02   -.2997E+02   -.2997E+02   -.2996E+02   -.2996E+02   -.2996E+02   -.2996E+02   -.2996E+02   -.2996E+02   -.2996E+02   -.2996E+02   -.2996E+02   -.2996E+02   -.2996E+02   -.2996E+02   -.2996E+02   -.2996E+02   -.2995E+02   -.2995E+02   -.2995E+02   -.2995E+02   -.2995E+02   -.2995E+02   -.2995E+02   -.2995E+02   -.2995E+02   -.2995E+02   -.2995E+02   -.2995E+02   -.2995E+02   -.2995E+02   -.2995E+02   -.2995E+02   -.2995E+02   -.2996E+02   -.2996E+02   -.2996E+02   -.2996E+02   -.2996E+02   -.2996E+02   -.2996E+02   -.2997E+02   -.2997E+02   -.2997E+02   -.2997E+02   -.2998E+02   -.2998E+02   -.2998E+02   -.2999E+02   -.2999E+02   -.3000E+02   -.3000E+02   -.3001E+02   -.3002E+02   -.3003E+02   -.3003E+02   -.3004E+02   -.3005E+02   -.3006E+02   -.3007E+02   -.3009E+02   -.3010E+02   -.3011E+02   -.3013E+02   -.3015E+02   -.3017E+02   -.3019E+02   -.3021E+02   -.3024E+02
0.1321E+06   0.2500E+01   -.3000E+02   -.3000E+02   -.3000E+02   -.3000E+02   -.3000E+02   -.3000E+02   -.3000E+02   -.3000E+02   -.3000E+02   -.3000E+02   -.3000E+02   -.3000E+02   -.3000E+02   -.3000E+02   -.3000E+02   -.3000E+02   -.2999E+02   -.2999E+02   -.2999E+02   -.2999E+02   -.2999E+02   -.2999E+02   -.2999E+02   -.2999E+02   -.2999E+02   -.2999E+02   -.2999E+02   -.2999E+02   -.2999E+02   -.2999E+02   -.2999E+02   -.2999E+02   -.2999E+02   -.2999E+02   -.2999E+02   -.2999E+02   -.2999E+02   -.2999E+02   -.2999E+02   -.2998E+02   -.2998E+02   -.2998E+02   -.2998E+02   -.2998E+02   -.2998E+02   -.2998E+02   -.2998E+02   -.2998E+02   -.2998E+02   -.2998E+02   -.2998E+02   -.2998E+02   -.2998E+02   -.2998E+02   -.2998E+02   -.2998E+02   -.2998E+02   -.2997E+02   -.2997E+02   -.2997E+02   -.2997E+02   -.2997E+02   -.2997E+02   -.2997E+02   -.2997E+02   -.2997E+02   -.2997E+02   -.2997E+02   -.2997E+02   -.2997E+02   -.2997E+02   -.2997E+02   -.2997E+02   -.2997E+02   -.2997E+02   -.2997E+02   -.2997E+02   -.2997E+02   -.2996E+02   -.2996E+02   -.2996E+02   -.2996E+02   -.2996E+02   -.2996E+02   -.2997E+02   -.2997E+02   -.2997E+02   -.2997E+02   -.2997E+02   -.2997E+02   -.2997E+02   -.2997E+02   -.2997E+02   -.2997E+02   -.2997E+02   -.2997E+02   -.2998E+02   -.2998E+02   -.2998E+02   -.2998E+02   -.2999E+02   -.2999E+02   -.2999E+02   -.2999E+02   -.3000E+02   -.3000E+02   -.3001E+02   -.3001E+02   -.3002E+02   -.3002E+02   -.3003E+02   -.3004E+02   -.3004E+02   -.3005E+02   -.3006E+02   -.3007E+02   -.3008E+02   -.3009E+02   -.3010E+02   -.3011E+02   -.3013E+02   -.3014E+02   -.3016E+02   -.3018E+02   -.3020E+02   -.3022E+02   -.3025E+02   -.3028E+02
0.1321E+06   0.3550E+01   -.3000E+02   -.3000E+02   -.3000E+02   -.3000E+02   -.3000E+02   -.3000E+02   -.3000E+02   -.3000E+02   -.3000E+02   -.3000E+02   -.3000E+02   -.3000E+02   -.3000E+02   -.3000E+02   -.3000E+02   -.3000E+02   -.3000E+02   -.3000E+02   -.2999E+02   -.2999E+02   -.2999E+02   -.2999E+02   -.2999E+02   -.2999E+02   -.2999E+02   -.2999E+02   -.2999E+02   -.2999E+02   -.2999E+02   -.2999E+02   -.2999E+02   -.2999E+02   -.2999E+02   -.2999E+02   -.2999E+02   -.2999E+02   -.2999E+02   -.2999E+02   -.2999E+02   -.2999E+02   -.2999E+02   -.2999E+02   -.2999E+02   -.2999E+02   -.2998E+02   -.2998E+02   -.2998E+02   -.2998E+02   -.2998E+02   -.2998E+02   -.2998E+02   -.2998E+02   -.2998E+02   -.2998E+02   -.2998E+02   -.2998E+02   -.2998E+02   -.2998E+02   -.2998E+02   -.2998E+02   -.2998E+02   -.2998E+02   -.2998E+02   -.2998E+02   -.2998E+02   -.2998E+02   -.2998E+02   -.2998E+02   -.2997E+02   -.2997E+02   -.2997E+02   -.2997E+02   -.2997E+02   -.2997E+02   -.2997E+02   -.2997E+02   -.2997E+02   -.2997E+02   -.2997E+02   -.2997E+02   -.2997E+02   -.2997E+02   -.2997E+02   -.2998E+02   -.2998E+02   -.2998E+02   -.2998E+02   -.2998E+02   -.2998E+02   -.2998E+02   -.2998E+02   -.2998E+02   -.2998E+02   -.2999E+02   -.2999E+02   -.2999E+02   -.2999E+02   -.2999E+02   -.3000E+02   -.3000E+02   -.3000E+02   -.3001E+02   -.3001E+02   -.3001E+02   -.3002E+02   -.3002E+02   -.3003E+02   -.3003E+02   -.3004E+02   -.3005E+02   -.3005E+02   -.3006E+02   -.3007E+02   -.3008E+02   -.3009E+02   -.3010E+02   -.3011E+02   -.3012E+02   -.3013E+02   -.3015E+02   -.3017E+02   -.3018E+02   -.3020E+02   -.3023E+02   -.3025E+02   -.3028E+02   -.3031E+02   -.3034E+02
0.1321E+06   0.4486E+01   -.3000E+02   -.3000E+02   -.3000E+02   -.3000E+02   -.3000E+02   -.3000E+02   -.3000E+02   -.3000E+02   -.3000E+02   -.3000E+02   -.3000E+02   -.3000E+02   -.3000E+02   -.3000E+02   -.3000E+02   -.3000E+02   -.3000E+02   -.3000E+02   -.3000E+02   -.3000E+02   -.2999E+02   -.2999E+02   -.2999E+02   -.2999E+02   -.2999E+02   -.2999E+02   -.2999E+02   -.2999E+02   -.2999E+02   -.2999E+02   -.2999E+02   -.2999E+02   -.2999E+02   -.2999E+02   -.2999E+02   -.2999E+02   -.2999E+02   -.2999E+02   -.2999E+02   -.2999E+02   -.2999E+02   -.2999E+02   -.2999E+02   -.2999E+02   -.2999E+02   -.2999E+02   -.2999E+02   -.2999E+02   -.2999E+02   -.2998E+02   -.2998E+02   -.2998E+02   -.2998E+02   -.2998E+02   -.2998E+02   -.2998E+02   -.2998E+02   -.2998E+02   -.2998E+02   -.2998E+02   -.2998E+02   -.2998E+02   -.2998E+02   -.2998E+02   -.2998E+02   -.2998E+02   -.2998E+02   -.2998E+02   -.2998E+02   -.2998E+02   -.2998E+02   -.2998E+02   -.2998E+02   -.2998E+02   -.2998E+02   -.2998E+02   -.2998E+02   -.2998E+02   -.2998E+02   -.2998E+02   -.2998E+02   -.2998E+02   -.2998E+02   -.2998E+02   -.2999E+02   -.2999E+02   -.2999E+02   -.2999E+02   -.2999E+02   -.2999E+02   -.2999E+02   -.2999E+02   -.3000E+02   -.3000E+02   -.3000E+02   -.3000E+02   -.3001E+02   -.3001E+02   -.3001E+02   -.3001E+02   -.3002E+02   -.3002E+02   -.3003E+02   -.3003E+02   -.3004E+02   -.3004E+02   -.3005E+02   -.3005E+02   -.3006E+02   -.3007E+02   -.3008E+02   -.3008E+02   -.3009E+02   -.3010E+02   -.3012E+02   -.3013E+02   -.3014E+02   -.3016E+02   -.3017E+02   -.3019E+02   -.3021E+02   -.3023E+02   -.3026E+02   -.3028E+02   -.3031E+02   -.3035E+02   -.3038E+02   -.3043E+02
0.1321E+06   0.5320E+01   -.3000E+02   -.3000E+02   -.3000E+02   -.3000E+02   -.3000E+02   -.3000E+02   -.3000E+02   -.3000E+02   -.3000E+02   -.3000E+02   -.3000E+02   -.3000E+02   -.3000E+02   -.3000E+02   -.3000E+02   -.3000E+02   -.3000E+02   -.3000E+02   -.3000E+02   -.3000E+02   -.3000E+02   -.2999E+02   -.2999E+02   -.2999E+02   -.2999E+02   -.2999E+02   -.2999E+02   -.2999E+02   -.2999E+02   -.2999E+02   -.2999E+02   -.2999E+02   -.2999E+02   -.2999E+02   -.2999E+02   -.2999E+02   -.2999E+02   -.2999E+02   -.2999E+02   -.2999E+02   -.2999E+02   -.2999E+02   -.2999E+02   -.2999E+02   -.2999E+02   -.2999E+02   -.2999E+02   -.2999E+02   -.2999E+02   -.2999E+02   -.2999E+02   -.2999E+02   -.2999E+02   -.2999E+02   -.2999E+02   -.2999E+02   -.2999E+02   -.2998E+02   -.2998E+02   -.2998E+02   -.2998E+02   -.2998E+02   -.2998E+02   -.2998E+02   -.2998E+02   -.2998E+02   -.2998E+02   -.2998E+02   -.2998E+02   -.2998E+02   -.2998E+02   -.2998E+02   -.2999E+02   -.2999E+02   -.2999E+02   -.2999E+02   -.2999E+02   -.2999E+02   -.2999E+02   -.2999E+02   -.2999E+02   -.2999E+02   -.2999E+02   -.2999E+02   -.2999E+02   -.2999E+02   -.3000E+02   -.3000E+02   -.3000E+02   -.3000E+02   -.3000E+02   -.3000E+02   -.3001E+02   -.3001E+02   -.3001E+02   -.3001E+02   -.3002E+02   -.3002E+02   -.3002E+02   -.3003E+02   -.3003E+02   -.3004E+02   -.3004E+02   -.3005E+02   -.3005E+02   -.3006E+02   -.3007E+02   -.3007E+02   -.3008E+02   -.3009E+02   -.3010E+02   -.3011E+02   -.3012E+02   -.3013E+02   -.3015E+02   -.3016E+02   -.3018E+02   -.3020E+02   -.3021E+02   -.3024E+02   -.3026E+02   -.3029E+02   -.3032E+02   -.3035E+02   -.3039E+02   -.3043E+02   -.3048E+02   -.3054E+02
0.1321E+06   0.6064E+01   -.3000E+02   -.3000E+02   -.3000E+02   -.3000E+02   -.3000E+02   -.3000E+02   -.3000E+02   -.3000E+02   -.3000E+02   -.3000E+02   -.3000E+02   -.3000E+02   -.3000E+02   -.3000E+02   -.3000E+02   -.3000E+02   -.3000E+02   -.3000E+02   -.3000E+02   -.3000E+02   -.3000E+02   -.3000E+02   -.3000E+02   -.2999E+02   -.2999E+02   -.2999E+02   -.2999E+02   -.2999E+02   -.2999E+02   -.2999E+02   -.2999E+02   -.2999E+02   -.2999E+02   -.2999E+02   -.2999E+02   -.2999E+02   -.2999E+02   -.2999E+02   -.2999E+02   -.2999E+02   -.2999E+02   -.2999E+02   -.2999E+02   -.2999E+02   -.2999E+02   -.2999E+02   -.2999E+02   -.2999E+02   -.2999E+02   -.2999E+02   -.2999E+02   -.2999E+02   -.2999E+02   -.2999E+02   -.2999E+02   -.2999E+02   -.2999E+02   -.2999E+02   -.2999E+02   -.2999E+02   -.2999E+02   -.2999E+02   -.2999E+02   -.2999E+02   -.2999E+02   -.2999E+02   -.2999E+02   -.2999E+02   -.2999E+02   -.2999E+02   -.2999E+02   -.2999E+02   -.2999E+02   -.2999E+02   -.2999E+02   -.2999E+02   -.2999E+02   -.2999E+02   -.2999E+02   -.2999E+02   -.3000E+02   -.3000E+02   -.3000E+02   -.3000E+02   -.3000E+02   -.3000E+02   -.3000E+02   -.3001E+02   -.3001E+02   -.3001E+02   -.3001E+02   -.3001E+02   -.3002E+02   -.3002E+02   -.3002E+02   -.3003E+02   -.3003E+02   -.3003E+02   -.3004E+02   -.3004E+02   -.3005E+02   -.3005E+02   -.3006E+02   -.3006E+02   -.3007E+02   -.3008E+02   -.3009E+02   -.3009E+02   -.3010E+02   -.3011E+02   -.3013E+02   -.3014E+02   -.3015E+02   -.3016E+02   -.3018E+02   -.3020E+02   -.3022E+02   -.3024E+02   -.3026E+02   -.3029E+02   -.3032E+02   -.3035E+02   -.3039E+02   -.3044E+02   -.3049E+02   -.3054E+02   -.3061E+02   -.3069E+02
0.1321E+06   0.6727E+01   -.3000E+02   -.3000E+02   -.3000E+02   -.3000E+02   -.3000E+02   -.3000E+02   -.3000E+02   -.3000E+02   -.3000E+02   -.3000E+02   -.3000E+02   -.3000E+02   -.3000E+02   -.3000E+02   -.3000E+02   -.3000E+02   -.3000E+02   -.3000E+02   -.3000E+02   -.3000E+02   -.3000E+02   -.3000E+02   -.3000E+02   -.3000E+02   -.2999E+02   -.2999E+02   -.2999E+02   -.2999E+02   -.2999E+02   -.2999E+02   -.2999E+02   -.2999E+02   -.2999E+02   -.2999E+02   -.2999E+02   -.2999E+02   -.2999E+02   -.2999E+02   -.2999E+02   -.2999E+02   -.2999E+02   -.2999E+02   -.2999E+02   -.2999E+02   -.2999E+02   -.2999E+02   -.2999E+02   -.2999E+02   -.2999E+02   -.2999E+02   -.2999E+02   -.2999E+02   -.2999E+02   -.2999E+02   -.2999E+02   -.2999E+02   -.2999E+02   -.2999E+02   -.2999E+02   -.2999E+02   -.2999E+02   -.2999E+02   -.2999E+02   -.2999E+02   -.2999E+02   -.2999E+02   -.2999E+02   -.2999E+02   -.2999E+02   -.2999E+02   -.2999E+02   -.2999E+02   -.2999E+02   -.2999E+02   -.2999E+02   -.3000E+02   -.3000E+02   -.3000E+02   -.3000E+02   -.3000E+02   -.3000E+02   -.3000E+02   -.3000E+02   -.3001E+02   -.3001E+02   -.3001E+02   -.3001E+02   -.3001E+02   -.3001E+02   -.3002E+02   -.3002E+02   -.3002E+02   -.3003E+02   -.3003E+02   -.3003E+02   -.3004E+02   -.3004E+02   -.3005E+02   -.3005E+02   -.3006E+02   -.3006E+02   -.3007E+02   -.3007E+02   -.3008E+02   -.3009E+02   -.3010E+02   -.3011E+02   -.3012E+02   -.3013E+02   -.3014E+02   -.3015E+02   -.3017E+02   -.3018E+02   -.3020E+02   -.3022E+02   -.3024E+02   -.3026E+02   -.3029E+02   -.3032E+02   -.3035E+02   -.3039E+02   -.3043E+02   -.3048E+02   -.3054E+02   -.3060E+02   -.3068E+02   -.3076E+02   -.3086E+02
0.1321E+06   0.7318E+01   -.3000E+02   -.3000E+02   -.3000E+02   -.3000E+02   -.3000E+02   -.3000E+02   -.3000E+02   -.3000E+02   -.3000E+02   -.3000E+02   -.3000E+02   -.3000E+02   -.3000E+02   -.3000E+02   -.3000E+02   -.3000E+02   -.3000E+02   -.3000E+02   -.3000E+02   -.3000E+02   -.3000E+02   -.3000E+02   -.3000E+02   -.3000E+02   -.3000E+02   -.2999E+02   -.2999E+02   -.2999E+02   -.2999E+02   -.2999E+02   -.2999E+02   -.2999E+02   -.2999E+02   -.2999E+02   -.2999E+02   -.2999E+02   -.2999E+02   -.2999E+02   -.2999E+02   -.2999E+02   -.2999E+02   -.2999E+02   -.2999E+02   -.2999E+02   -.2999E+02   -.2999E+02   -.2999E+02   -.2999E+02   -.2999E+02   -.2999E+02   -.2999E+02   -.2999E+02   -.2999E+02   -.2999E+02   -.2999E+02   -.2999E+02   -.2999E+02   -.2999E+02   -.2999E+02   -.2999E+02   -.2999E+02   -.2999E+02   -.2999E+02   -.2999E+02   -.2999E+02   -.2999E+02   -.2999E+02   -.2999E+02   -.2999E+02   -.2999E+02   -.3000E+02   -.3000E+02   -.3000E+02   -.3000E+02   -.3000E+02   -.3000E+02   -.3000E+02   -.3000E+02   -.3000E+02   -.3000E+02   -.3001E+02   -.3001E+02   -.3001E+02   -.3001E+02   -.3001E+02   -.3001E+02   -.3002E+02   -.3002E+02   -.3002E+02   -.3002E+02   -.3003E+02   -.3003E+02   -.3003E+02   -.3004E+02   -.3004E+02   -.3005E+02   -.3005E+02   -.3006E+02   -.3006E+02   -.3007E+02   -.3007E+02   -.3008E+02   -.3009E+02   -.3010E+02   -.3011E+02   -.3011E+02   -.3013E+02   -.3014E+02   -.3015E+02   -.3016E+02   -.3018E+02   -.3019E+02   -.3021E+02   -.3023E+02   -.3026E+02   -.3028E+02   -.3031E+02   -.3034E+02   -.3038E+02   -.3042E+02   -.3046E+02   -.3052E+02   -.3058E+02   -.3065E+02   -.3074E+02   -.3083E+02   -.3094E+02   -.3106E+02
0.1321E+06   0.7845E+01   -.3000E+02   -.3000E+02   -.3000E+02   -.3000E+02   -.3000E+02   -.3000E+02   -.3000E+02   -.3000E+02   -.3000E+02   -.3000E+02   -.3000E+02   -.3000E+02   -.3000E+02   -.3000E+02   -.3000E+02   -.3000E+02   -.3000E+02   -.3000E+02   -.3000E+02   -.3000E+02   -.3000E+02   -.3000E+02   -.3000E+02   -.3000E+02   -.3000E+02   -.3000E+02   -.2999E+02   -.2999E+02   -.2999E+02   -.2999E+02   -.2999E+02   -.2999E+02   -.2999E+02   -.2999E+02   -.2999E+02   -.2999E+02   -.2999E+02   -.2999E+02   -.2999E+02   -.2999E+02   -.2999E+02   -.2999E+02   -.2999E+02   -.2999E+02   -.2999E+02   -.2999E+02   -.2999E+02   -.2999E+02   -.2999E+02   -.2999E+02   -.2999E+02   -.2999E+02   -.2999E+02   -.2999E+02   -.2999E+02   -.2999E+02   -.2999E+02   -.2999E+02   -.2999E+02   -.2999E+02   -.2999E+02   -.2999E+02   -.2999E+02   -.2999E+02   -.2999E+02   -.3000E+02   -.3000E+02   -.3000E+02   -.3000E+02   -.3000E+02   -.3000E+02   -.3000E+02   -.3000E+02   -.3000E+02   -.3000E+02   -.3000E+02   -.3000E+02   -.3001E+02   -.3001E+02   -.3001E+02   -.3001E+02   -.3001E+02   -.3001E+02   -.3002E+02   -.3002E+02   -.3002E+02   -.3002E+02   -.3003E+02   -.3003E+02   -.3003E+02   -.3004E+02   -.3004E+02   -.3004E+02   -.3005E+02   -.3005E+02   -.3006E+02   -.3006E+02   -.3007E+02   -.3007E+02   -.3008E+02   -.3009E+02   -.3009E+02   -.3010E+02   -.3011E+02   -.3012E+02   -.3013E+02   -.3014E+02   -.3016E+02   -.3017E+02   -.3019E+02   -.3021E+02   -.3022E+02   -.3025E+02   -.3027E+02   -.3030E+02   -.3033E+02   -.3036E+02   -.3040E+02   -.3044E+02   -.3049E+02   -.3055E+02   -.3062E+02   -.3070E+02   -.3079E+02   -.3089E+02   -.3100E+02   -.3112E+02   -.3124E+02
0.1321E+06   0.8315E+01   -.3000E+02   -.3000E+02   -.3000E+02   -.3000E+02   -.3000E+02   -.3000E+02   -.3000E+02   -.3000E+02   -.3000E+02   -.3000E+02   -.3000E+02   -.3000E+02   -.3000E+02   -.3000E+02   -.3000E+02   -.3000E+02   -.3000E+02   -.3000E+02   -.3000E+02   -.3000E+02   -.3000E+02   -.3000E+02   -.3000E+02   -.3000E+02   -.3000E+02   -.3000E+02   -.3000E+02   -.3000E+02   -.2999E+02   -.2999E+02   -.2999E+02   -.2999E+02   -.2999E+02   -.2999E+02   -.2999E+02   -.2999E+02   -.2999E+02   -.2999E+02   -.2999E+02   -.2999E+02   -.2999E+02   -.2999E+02   -.2999E+02   -.2999E+02   -.2999E+02   -.2999E+02   -.2999E+02   -.2999E+02   -.2999E+02   -.2999E+02   -.2999E+02   -.2999E+02   -.2999E+02   -.2999E+02   -.2999E+02   -.2999E+02   -.2999E+02   -.2999E+02   -.2999E+02   -.2999E+02   -.2999E+02   -.3000E+02   -.3000E+02   -.3000E+02   -.3000E+02   -.3000E+02   -.3000E+02   -.3000E+02   -.3000E+02   -.3000E+02   -.3000E+02   -.3000E+02   -.3000E+02   -.3000E+02   -.3001E+02   -.3001E+02   -.3001E+02   -.3001E+02   -.3001E+02   -.3001E+02   -.3001E+02   -.3002E+02   -.3002E+02   -.3002E+02   -.3002E+02   -.3003E+02   -.3003E+02   -.3003E+02   -.3004E+02   -.3004E+02   -.3004E+02   -.3005E+02   -.3005E+02   -.3006E+02   -.3006E+02   -.3007E+02   -.3007E+02   -.3008E+02   -.3008E+02   -.3009E+02   -.3010E+02   -.3011E+02   -.3012E+02   -.3013E+02   -.3014E+02   -.3015E+02   -.3016E+02   -.3018E+02   -.3020E+02   -.3021E+02   -.3023E+02   -.3026E+02   -.3028E+02   -.3031E+02   -.3034E+02   -.3037E+02   -.3042E+02   -.3046E+02   -.3051E+02   -.3058E+02   -.3065E+02   -.3073E+02   -.3082E+02   -.3093E+02   -.3105E+02   -.3117E+02   -.3126E+02   -.3128E+02
0.1321E+06   0.8733E+01   -.3000E+02   -.3000E+02   -.3000E+02   -.3000E+02   -.3000E+02   -.3000E+02   -.3000E+02   -.3000E+02   -.3000E+02   -.3000E+02   -.3000E+02   -.3000E+02   -.3000E+02   -.3000E+02   -.3000E+02   -.3000E+02   -.3000E+02   -.3000E+02   -.3000E+02   -.3000E+02   -.3000E+02   -.3000E+02   -.3000E+02   -.3000E+02   -.3000E+02   -.3000E+02   -.3000E+02   -.3000E+02   -.3000E+02   -.2999E+02   -.2999E+02   -.2999E+02   -.2999E+02   -.2999E+02   -.2999E+02   -.2999E+02   -.2999E+02   -.2999E+02   -.2999E+02   -.2999E+02   -.2999E+02   -.2999E+02   -.2999E+02   -.2999E+02   -.2999E+02   -.2999E+02   -.2999E+02   -.2999E+02   -.2999E+02   -.2999E+02   -.2999E+02   -.2999E+02   -.2999E+02   -.2999E+02   -.2999E+02   -.2999E+02   -.2999E+02   -.3000E+02   -.3000E+02   -.3000E+02   -.3000E+02   -.3000E+02   -.3000E+02   -.3000E+02   -.3000E+02   -.3000E+02   -.3000E+02   -.3000E+02   -.3000E+02   -.3000E+02   -.3000E+02   -.3000E+02   -.3001E+02   -.3001E+02   -.3001E+02   -.3001E+02   -.3001E+02   -.3001E+02   -.3001E+02   -.3002E+02   -.3002E+02   -.3002E+02   -.3002E+02   -.3003E+02   -.3003E+02   -.3003E+02   -.3003E+02   -.3004E+02   -.3004E+02   -.3004E+02   -.3005E+02   -.3005E+02   -.3006E+02   -.3006E+02   -.3007E+02   -.3007E+02   -.3008E+02   -.3009E+02   -.3010E+02   -.3010E+02   -.3011E+02   -.3012E+02   -.3013E+02   -.3014E+02   -.3016E+02   -.3017E+02   -.3018E+02   -.3020E+02   -.3022E+02   -.3024E+02   -.3026E+02   -.3029E+02   -.3032E+02   -.3035E+02   -.3038E+02   -.3043E+02   -.3047E+02   -.3053E+02   -.3059E+02   -.3067E+02   -.3075E+02   -.3085E+02   -.3096E+02   -.3107E+02   -.3119E+02   -.3127E+02   -.3126E+02   -.3102E+02
0.1321E+06   0.9107E+01   -.3000E+02   -.3000E+02   -.3000E+02   -.3000E+02   -.3000E+02   -.3000E+02   -.3000E+02   -.3000E+02   -.3000E+02   -.3000E+02   -.3000E+02   -.3000E+02   -.3000E+02   -.3000E+02   -.3000E+02   -.3000E+02   -.3000E+02   -.3000E+02   -.3000E+02   -.3000E+02   -.3000E+02   -.3000E+02   -.3000E+02   -.3000E+02   -.3000E+02   -.3000E+02   -.3000E+02   -.3000E+02   -.3000E+02   -.3000E+02   -.2999E+02   -.2999E+02   -.2999E+02   -.2999E+02   -.2999E+02   -.2999E+02   -.2999E+02   -.2999E+02   -.2999E+02   -.2999E+02   -.2999E+02   -.2999E+02   -.2999E+02   -.2999E+02   -.2999E+02   -.2999E+02   -.2999E+02   -.2999E+02   -.2999E+02   -.2999E+02   -.2999E+02   -.2999E+02   -.2999E+02   -.2999E+02   -.3000E+02   -.3000E+02   -.3000E+02   -.3000E+02   -.3000E+02   -.3000E+02   -.3000E+02   -.3000E+02   -.3000E+02   -.3000E+02   -.3000E+02   -.3000E+02   -.3000E+02   -.3000E+02   -.3000E+02   -.3000E+02   -.3001E+02   -.3001E+02   -.3001E+02   -.3001E+02   -.3001E+02   -.3001E+02   -.3001E+02   -.3002E+02   -.3002E+02   -.3002E+02   -.3002E+02   -.3002E+02   -.3003E+02   -.3003E+02   -.3003E+02   -.3004E+02   -.3004E+02   -.3004E+02   -.3005E+02   -.3005E+02   -.3005E+02   -.3006E+02   -.3006E+02   -.3007E+02   -.3008E+02   -.3008E+02   -.3009E+02   -.3010E+02   -.3011E+02   -.3011E+02   -.3012E+02   -.3013E+02   -.3015E+02   -.3016E+02   -.3017E+02   -.3019E+02   -.3020E+02   -.3022E+02   -.3024E+02   -.3027E+02   -.3029E+02   -.3032E+02   -.3035E+02   -.3039E+02   -.3043E+02   -.3048E+02   -.3054E+02   -.3060E+02   -.3067E+02   -.3076E+02   -.3086E+02   -.3097E+02   -.3109E+02   -.3120E+02   -.3128E+02   -.3126E+02   -.3098E+02   -.3043E+02
0.1321E+06   0.9439E+01   -.3000E+02   -.3000E+02   -.3000E+02   -.3000E+02   -.3000E+02   -.3000E+02   -.3000E+02   -.3000E+02   -.3000E+02   -.3000E+02   -.3000E+02   -.3000E+02   -.3000E+02   -.3000E+02   -.3000E+02   -.3000E+02   -.3000E+02   -.3000E+02   -.3000E+02   -.3000E+02   -.3000E+02   -.3000E+02   -.3000E+02   -.3000E+02   -.3000E+02   -.3000E+02   -.3000E+02   -.3000E+02   -.3000E+02   -.3000E+02   -.3000E+02   -.3000E+02   -.2999E+02   -.2999E+02   -.2999E+02   -.2999E+02   -.2999E+02   -.2999E+02   -.2999E+02   -.2999E+02   -.2999E+02   -.2999E+02   -.2999E+02   -.2999E+02   -.2999E+02   -.2999E+02   -.2999E+02   -.2999E+02   -.2999E+02   -.2999E+02   -.3000E+02   -.3000E+02   -.3000E+02   -.3000E+02   -.3000E+02   -.3000E+02   -.3000E+02   -.3000E+02   -.3000E+02   -.3000E+02   -.3000E+02   -.3000E+02   -.3000E+02   -.3000E+02   -.3000E+02   -.3000E+02   -.3000E+02   -.3000E+02   -.3000E+02   -.3001E+02   -.3001E+02   -.3001E+02   -.3001E+02   -.3001E+02   -.3001E+02   -.3001E+02   -.3002E+02   -.3002E+02   -.3002E+02   -.3002E+02   -.3003E+02   -.3003E+02   -.3003E+02   -.3003E+02   -.3004E+02   -.3004E+02   -.3004E+02   -.3005E+02   -.3005E+02   -.3006E+02   -.3006E+02   -.3007E+02   -.3007E+02   -.3008E+02   -.3008E+02   -.3009E+02   -.3010E+02   -.3011E+02   -.3011E+02   -.3012E+02   -.3013E+02   -.3015E+02   -.3016E+02   -.3017E+02   -.3019E+02   -.3020E+02   -.3022E+02   -.3024E+02   -.3027E+02   -.3029E+02   -.3032E+02   -.3035E+02   -.3039E+02   -.3043E+02   -.3048E+02   -.3053E+02   -.3060E+02   -.3067E+02   -.3076E+02   -.3086E+02   -.3097E+02   -.3109E+02   -.3120E+02   -.3128E+02   -.3126E+02   -.3099E+02   -.3044E+02   -.2932E+02
0.1321E+06   0.9736E+01   -.3000E+02   -.3000E+02   -.3000E+02   -.3000E+02   -.3000E+02   -.3000E+02   -.3000E+02   -.3000E+02   -.3000E+02   -.3000E+02   -.3000E+02   -.3000E+02   -.3000E+02   -.3000E+02   -.3000E+02   -.3000E+02   -.3000E+02   -.3000E+02   -.3000E+02   -.3000E+02   -.3000E+02   -.3000E+02   -.3000E+02   -.3000E+02   -.3000E+02   -.3000E+02   -.3000E+02   -.3000E+02   -.3000E+02   -.3000E+02   -.3000E+02   -.3000E+02   -.3000E+02   -.3000E+02   -.2999E+02   -.2999E+02   -.2999E+02   -.2999E+02   -.2999E+02   -.2999E+02   -.2999E+02   -.2999E+02   -.2999E+02   -.2999E+02   -.2999E+02   -.2999E+02   -.3000E+02   -.3000E+02   -.3000E+02   -.3000E+02   -.3000E+02   -.3000E+02   -.3000E+02   -.3000E+02   -.3000E+02   -.3000E+02   -.3000E+02   -.3000E+02   -.3000E+02   -.3000E+02   -.3000E+02   -.3000E+02   -.3000E+02   -.3000E+02   -.3000E+02   -.3000E+02   -.3000E+02   -.3001E+02   -.3001E+02   -.3001E+02   -.3001E+02   -.3001E+02   -.3001E+02   -.3001E+02   -.3002E+02   -.3002E+02   -.3002E+02   -.3002E+02   -.3002E+02   -.3003E+02   -.3003E+02   -.3003E+02   -.3003E+02   -.3004E+02   -.3004E+02   -.3004E+02   -.3005E+02   -.3005E+02   -.3006E+02   -.3006E+02   -.3007E+02   -.3007E+02   -.3008E+02   -.3008E+02   -.3009E+02   -.3010E+02   -.3011E+02   -.3011E+02   -.3012E+02   -.3013E+02   -.3015E+02   -.3016E+02   -.3017E+02   -.3019E+02   -.3020E+02   -.3022E+02   -.3024E+02   -.3026E+02   -.3029E+02   -.3032E+02   -.3035E+02   -.3039E+02   -.3043E+02   -.3047E+02   -.3053E+02   -.3059E+02   -.3066E+02   -.3075E+02   -.3084E+02   -.3095E+02   -.3107E+02   -.3119E+02   -.3127E+02   -.3128E+02   -.3103E+02   -.3057E+02   -.2893E+02   -.2889E+02
0.1214E+06   0.1000E+02   -.3000E+02   -.3000E+02   -.3000E+02   -.3000E+02   -.3000E+02   -.3000E+02   -.3000E+02   -.3000E+02   -.3000E+02   -.3000E+02   -.3000E+02   -.3000E+02   -.3000E+02   -.3000E+02   -.3000E+02   -.3000E+02   -.3000E+02   -.3000E+02   -.3000E+02   -.3000E+02   -.3000E+02   -.3000E+02   -.3000E+02   -.3000E+02   -.3000E+02   -.3000E+02   -.3000E+02   -.3000E+02   -.3000E+02   -.3000E+02   -.3000E+02   -.3000E+02   -.3000E+02   -.3000E+02   -.3000E+02   -.3000E+02   -.3000E+02   -.3000E+02   -.3000E+02   -.3000E+02   -.3000E+02   -.3000E+02   -.3000E+02   -.3000E+02   -.3000E+02   -.3000E+02   -.3000E+02   -.3000E+02   -.3000E+02   -.3000E+02   -.3000E+02   -.3000E+02   -.3000E+02   -.3000E+02   -.3000E+02   -.3000E+02   -.3000E+02   -.3000E+02   -.3000E+02   -.3000E+02   -.3000E+02   -.3000E+02   -.3000E+02   -.3000E+02   -.3000E+02   -.3000E+02   -.3001E+02   -.3001E+02   -.3001E+02   -.3001E+02   -.3001E+02   -.3001E+02   -.3001E+02   -.3002E+02   -.3002E+02   -.3002E+02   -.3002E+02   -.3002E+02   -.3003E+02   -.3003E+02   -.3003E+02   -.3003E+02   -.3004E+02   -.3004E+02   -.3004E+02   -.3005E+02   -.3005E+02   -.3006E+02   -.3006E+02   -.3007E+02   -.3007E+02   -.3008E+02   -.3008E+02   -.3009E+02   -.3010E+02   -.3011E+02   -.3011E+02   -.3012E+02   -.3013E+02   -.3014E+02   -.3016E+02   -.3017E+02   -.3018E+02   -.3020E+02   -.3022E+02   -.3024E+02   -.3026E+02   -.3029E+02   -.3031E+02   -.3034E+02   -.3038E+02   -.3042E+02   -.3047E+02   -.3052E+02   -.3058E+02   -.3065E+02   -.3074E+02   -.3083E+02   -.3094E+02   -.3106E+02   -.3118E+02   -.3127E+02   -.3128E+02   -.3113E+02   -.3058E+02   -.2959E+02   -.2695E+02   -.4508E+02
0.1214E+06   0.1033E+02   -.3000E+02   -.3000E+02   -.3000E+02   -.3000E+02   -.3000E+02   -.3000E+02   -.3000E+02   -.3000E+02   -.3000E+02   -.3000E+02   -.3000E+02   -.3000E+02   -.3000E+02   -.3000E+02   -.3000E+02   -.3000E+02   -.3000E+02   -.3000E+02   -.3000E+02   -.3000E+02   -.3000E+02   -.3000E+02   -.3000E+02   -.3000E+02   -.3000E+02   -.3000E+02   -.3000E+02   -.3000E+02   -.3000E+02   -.3000E+02   -.3000E+02   -.3000E+02   -.3000E+02   -.3000E+02   -.3000E+02   -.3000E+02   -.3000E+02   -.3000E+02   -.3000E+02   -.3000E+02   -.3000E+02   -.3000E+02   -.3000E+02   -.3000E+02   -.3000E+02   -.3000E+02   -.3000E+02   -.3000E+02   -.3000E+02   -.3000E+02   -.3000E+02   -.3000E+02   -.3000E+02   -.3000E+02   -.3000E+02   -.3000E+02   -.3000E+02   -.3000E+02   -.3000E+02   -.3000E+02   -.3000E+02   -.3000E+02   -.3000E+02   -.3000E+02   -.3001E+02   -.3001E+02   -.3001E+02   -.3001E+02   -.3001E+02   -.3001E+02   -.3001E+02   -.3001E+02   -.3002E+02   -.3002E+02   -.3002E+02   -.3002E+02   -.3002E+02   -.3003E+02   -.3003E+02   -.3003E+02   -.3003E+02   -.3004E+02   -.3004E+02   -.3004E+02   -.3005E+02   -.3005E+02   -.3006E+02   -.3006E+02   -.3007E+02   -.3007E+02   -.3008E+02   -.3008E+02   -.3009E+02   -.3010E+02   -.3011E+02   -.3011E+02   -.3012E+02   -.3013E+02   -.3014E+02   -.3016E+02   -.3017E+02   -.3018E+02   -.3020E+02   -.3022E+02   -.3024E+02   -.3026E+02   -.3028E+02   -.3031E+02   -.3034E+02   -.3038E+02   -.3042E+02   -.3047E+02   -.3052E+02   -.3058E+02   -.3065E+02   -.3073E+02   -.3083E+02   -.3093E+02   -.3105E+02   -.3117E+02   -.3127E+02   -.3128E+02   -.3111E+02   -.3063E+02   -.2949E+02   -.2764E+02   -.4363E+02   -.1997E+02
0.1214E+06   0.1067E+02   -.3000E+02   -.3000E+02   -.3000E+02   -.3000E+02   -.3000E+02   -.3000E+02   -.3000E+02   -.3000E+02   -.3000E+02   -.3000E+02   -.3000E+02   -.3000E+02   -.3000E+02   -.3000E+02   -.3000E+02   -.3000E+02   -.3000E+02   -.3000E+02   -.3000E+02   -.3000E+02   -.3000E+02   -.3000E+02   -.3000E+02   -.3000E+02   -.3000E+02   -.3000E+02   -.3000E+02   -.3000E+02   -.3000E+02   -.3000E+02   -.3000E+02   -.3000E+02   -.3000E+02   -.3000E+02   -.3000E+02   -.3000E+02   -.3000E+02   -.3000E+02   -.3000E+02   -.3000E+02   -.3000E+02   -.3000E+02   -.3000E+02   -.3000E+02   -.3000E+02   -.3000E+02   -.3000E+02   -.3000E+02   -.3000E+02   -.3000E+02   -.3000E+02   -.3000E+02   -.3000E+02   -.3000E+02   -.3000E+02   -.3000E+02   -.3000E+02   -.3000E+02   -.3000E+02   -.3000E+02   -.3000E+02   -.3000E+02   -.3001E+02   -.3001E+02   -.3001E+02   -.3001E+02   -.3001E+02   -.3001E+02   -.3001E+02   -.3001E+02   -.3002E+02   -.3002E+02   -.3002E+02   -.3002E+02   -.3002E+02   -.3002E+02   -.3003E+02   -.3003E+02   -.3003E+02   -.3004E+02   -.3004E+02   -.3004E+02   -.3005E+02   -.3005E+02   -.3005E+02   -.3006E+02   -.3006E+02   -.3007E+02   -.3007E+02   -.3008E+02   -.3008E+02   -.3009E+02   -.3010E+02   -.3011E+02   -.3012E+02   -.3012E+02   -.3013E+02   -.3015E+02   -.3016E+02   -.3017E+02   -.3019E+02   -.3020E+02   -.3022E+02   -.3024E+02   -.3026E+02   -.3029E+02   -.3031E+02   -.3034E+02   -.3038E+02   -.3042E+02   -.3047E+02   -.3052E+02   -.3058E+02   -.3065E+02   -.3073E+02   -.3083E+02   -.3093E+02   -.3105E+02   -.3117E+02   -.3126E+02   -.3128E+02   -.3111E+02   -.3063E+02   -.2949E+02   -.2766E+02   -.4360E+02   -.2010E+02   -.1249E+02
0.1214E+06   0.1100E+02   -.3000E+02   -.3000E+02   -.3000E+02   -.3000E+02   -.3000E+02   -.3000E+02   -.3000E+02   -.3000E+02   -.3000E+02   -.3000E+02   -.3000E+02   -.3000E+02   -.3000E+02   -.3000E+02   -.3000E+02   -.3000E+02   -.3000E+02   -.3000E+02   -.3000E+02   -.3000E+02   -.3000E+02   -.3000E+02   -.3000E+02   -.3000E+02   -.3000E+02   -.3000E+02   -.3000E+02   -.3000E+02   -.3000E+02   -.3000E+02   -.3000E+02   -.3000E+02   -.3000E+02   -.3000E+02   -.3000E+02   -.3000E+02   -.3000E+02   -.3000E+02   -.3000E+02   -.3000E+02   -.3000E+02   -.3000E+02   -.3000E+02   -.3000E+02   -.3000E+02   -.3000E+02   -.3000E+02   -.3000E+02   -.3000E+02   -.3000E+02   -.3000E+02   -.3000E+02   -.3000E+02   -.3000E+02   -.3000E+02   -.3000E+02   -.3000E+02   -.3000E+02   -.3000E+02   -.3000E+02   -.3000E+02   -.3001E+02   -.3001E+02   -.3001E+02   -.3001E+02   -.3001E+02   -.3001E+02   -.3001E+02   -.3001E+02   -.3002E+02   -.3002E+02   -.3002E+02   -.3002E+02   -.3002E+02   -.3003E+02   -.3003E+02   -.3003E+02   -.3003E+02   -.3004E+02   -.3004E+02   -.3004E+02   -.3005E+02   -.3005E+02   -.3005E+02   -.3006E+02   -.3006E+02   -.3007E+02   -.3007E+02   -.3008E+02   -.3009E+02   -.3009E+02   -.3010E+02   -.3011E+02   -.3012E+02   -.3013E+02   -.3014E+02   -.3015E+02   -.3016E+02   -.3017E+02   -.3019E+02   -.3020E+02   -.3022E+02   -.3024E+02   -.3026E+02   -.3029E+02   -.3031E+02   -.3034E+02   -.3038E+02   -.3042E+02   -.3047E+02   -.3052E+02   -.3058E+02   -.3065E+02   -.3073E+02   -.3083E+02   -.3093E+02   -.3105E+02   -.3117E+02   -.3126E+02   -.3128E+02   -.3111E+02   -.3063E+02   -.2949E+02   -.2766E+02   -.4359E+02   -.2011E+02   -.1245E+02   -.1215E+02
0.1214E+06   0.1133E+02   -.3000E+02   -.3000E+02   -.3000E+02   -.3000E+02   -.3000E+02   -.3000E+02   -.3000E+02   -.3000E+02   -.3000E+02   -.3000E+02   -.3000E+02   -.3000E+02   -.3000E+02   -.3000E+02   -.3000E+02   -.3000E+02   -.3000E+02   -.3000E+02   -.3000E+02   -.3000E+02   -.3000E+02   -.3000E+02   -.3000E+02   -.3000E+02   -.3000E+02   -.3000E+02   -.3000E+02   -.3000E+02   -.3000E+02   -.3000E+02   -.3000E+02   -.3000E+02   -.3000E+02   -.3000E+02   -.3000E+02   -.3000E+02   -.3000E+02   -.3000E+02   -.3000E+02   -.3000E+02   -.3000E+02   -.3000E+02   -.3000E+02   -.3000E+02   -.3000E+02   -.3000E+02   -.3000E+02   -.3000E+02   -.3000E+02   -.3000E+02   -.3000E+02   -.3000E+02   -.3000E+02   -.3000E+02   -.3000E+02   -.3000E+02   -.3000E+02   -.3000E+02   -.3000E+02   -.3001E+02   -.3001E+02   -.3001E+02   -.3001E+02   -.3001E+02   -.3001E+02   -.3001E+02   -.3001E+02   -.3001E+02   -.3002E+02   -.3002E+02   -.3002E+02   -.3002E+02   -.3002E+02   -.3003E+02   -.3003E+02   -.3003E+02   -.3003E+02   -.3004E+02   -.3004E+02   -.3004E+02   -.3005E+02   -.3005E+02   -.3005E+02   -.3006E+02   -.3006E+02   -.3007E+02   -.3007E+02   -.3008E+02   -.3009E+02   -.3009E+02   -.3010E+02   -.3011E+02   -.3012E+02   -.3013E+02   -.3014E+02   -.3015E+02   -.3016E+02   -.3017E+02   -.3019E+02   -.3020E+02   -.3022E+02   -.3024E+02   -.3026E+02   -.3029E+02   -.3031E+02   -.3035E+02   -.3038E+02   -.3042E+02   -.3047E+02   -.3052E+02   -.3058E+02   -.3065E+02   -.3073E+02   -.3083E+02   -.3093E+02   -.3105E+02   -.3117E+02   -.3126E+02   -.3128E+02   -.3111E+02   -.3063E+02   -.2949E+02   -.2766E+02   -.4358E+02   -.2011E+02   -.1244E+02   -.1214E+02   -.1049E+02
0.1214E+06   0.1167E+02   -.3000E+02   -.3000E+02   -.3000E+02   -.3000E+02   -.3000E+02   -.3000E+02   -.3000E+02   -.3000E+02   -.3000E+02   -.3000E+02   -.3000E+02   -.3000E+02   -.3000E+02   -.3000E+02   -.3000E+02   -.3000E+02   -.3000E+02   -.3000E+02   -.3000E+02   -.3000E+02   -.3000E+02   -.3000E+02   -.3000E+02   -.3000E+02   -.3000E+02   -.3000E+02   -.3000E+02   -.3000E+02   -.3000E+02   -.3000E+02   -.3000E+02   -.3000E+02   -.3000E+02   -.3000E+02   -.3000E+02   -.3000E+02   -.3000E+02   -.3000E+02   -.3000E+02   -.3000E+02   -.3000E+02   -.3000E+02   -.3000E+02   -.3000E+02   -.3000E+02   -.3000E+02   -.3000E+02   -.3000E+02   -.3000E+02   -.3000E+02   -.3000E+02   -.3000E+02   -.3000E+02   -.3000E+02   -.3000E+02   -.3000E+02   -.3000E+02   -.3000E+02   -.3001E+02   -.3001E+02   -.3001E+02   -.3001E+02   -.3001E+02   -.3001E+02   -.3001E+02   -.3001E+02   -.3002E+02   -.3002E+02   -.3002E+02   -.3002E+02   -.3002E+02   -.3002E+02   -.3003E+02   -.3003E+02   -.3003E+02   -.3003E+02   -.3004E+02   -.3004E+02   -.3004E+02   -.3005E+02   -.3005E+02   -.3006E+02   -.3006E+02   -.3006E+02   -.3007E+02   -.3007E+02   -.3008E+02   -.3009E+02   -.3009E+02   -.3010E+02   -.3011E+02   -.3012E+02   -.3013E+02   -.3014E+02   -.3015E+02   -.3016E+02   -.3017E+02   -.3019E+02   -.3020E+02   -.3022E+02   -.3024E+02   -.3026E+02   -.3029E+02   -.3031E+02   -.3035E+02   -.3038E+02   -.3042E+02   -.3047E+02   -.3052E+02   -.3058E+02   -.3065E+02   -.3073E+02   -.3083E+02   -.3093E+02   -.3105E+02   -.3117E+02   -.3126E+02   -.3128E+02   -.3111E+02   -.3063E+02   -.2949E+02   -.2766E+02   -.4358E+02   -.2011E+02   -.1244E+02   -.1214E+02   -.1048E+02   -.1010E+02
0.1214E+06   0.1200E+02   -.3000E+02   -.3000E+02   -.3000E+02   -.3000E+02   -.3000E+02   -.3000E+02   -.3000E+02   -.3000E+02   -.3000E+02   -.3000E+02   -.3000E+02   -.3000E+02   -.3000E+02   -.3000E+02   -.3000E+02   -.3000E+02   -.3000E+02   -.3000E+02   -.3000E+02   -.3000E+02   -.3000E+02   -.3000E+02   -.3000E+02   -.3000E+02   -.3000E+02   -.3000E+02   -.3000E+02   -.3000E+02   -.3000E+02   -.3000E+02   -.3000E+02   -.3000E+02   -.3000E+02   -.3000E+02   -.3000E+02   -.3000E+02   -.3000E+02   -.3000E+02   -.3000E+02   -.3000E+02   -.3000E+02   -.3000E+02   -.3000E+02   -.3000E+02   -.3000E+02   -.3000E+02   -.3000E+02   -.3000E+02   -.3000E+02   -.3000E+02   -.3000E+02   -.3000E+02   -.3000E+02   -.3000E+02   -.3000E+02   -.3000E+02   -.3000E+02   -.3001E+02   -.3001E+02   -.3001E+02   -.3001E+02   -.3001E+02   -.3001E+02   -.3001E+02   -.3001E+02   -.3002E+02   -.3002E+02   -.3002E+02   -.3002E+02   -.3002E+02   -.3002E+02   -.3003E+02   -.3003E+02   -.3003E+02   -.3003E+02   -.3004E+02   -.3004E+02   -.3004E+02   -.3005E+02   -.3005E+02   -.3006E+02   -.3006E+02   -.3006E+02   -.3007E+02   -.3008E+02   -.3008E+02   -.3009E+02   -.3009E+02   -.3010E+02   -.3011E+02   -.3012E+02   -.3013E+02   -.3014E+02   -.3015E+02   -.3016E+02   -.3017E+02   -.3019E+02   -.3020E+02   -.3022E+02   -.3024E+02   -.3026E+02   -.3029E+02   -.3032E+02   -.3035E+02   -.3038E+02   -.3042E+02   -.3047E+02   -.3052E+02   -.3058E+02   -.3065E+02   -.3073E+02   -.3083E+02   -.3093E+02   -.3105E+02   -.3117E+02   -.3126E+02   -.3128E+02   -.3111E+02   -.3063E+02   -.2949E+02   -.2766E+02   -.4358E+02   -.2011E+02   -.1244E+02   -.1214E+02   -.1048E+02   -.1009E+02   -.9195E+01
0.1214E+06   0.1233E+02   -.3000E+02   -.3000E+02   -.3000E+02   -.3000E+02   -.3000E+02   -.3000E+02   -.3000E+02   -.3000E+02   -.3000E+02   -.3000E+02   -.3000E+02   -.3000E+02   -.3000E+02   -.3000E+02   -.3000E+02   -.3000E+02   -.3000E+02   -.3000E+02   -.3000E+02   -.3000E+02   -.3000E+02   -.3000E+02   -.3000E+02   -.3000E+02   -.3000E+02   -.3000E+02   -.3000E+02   -.3000E+02   -.3000E+02   -.3000E+02   -.3000E+02   -.3000E+02   -.3000E+02   -.3000E+02   -.3000E+02   -.3000E+02   -.3000E+02   -.3000E+02   -.3000E+02   -.3000E+02   -.3000E+02   -.3000E+02   -.3000E+02   -.3000E+02   -.3000E+02   -.3000E+02   -.3000E+02   -.3000E+02   -.3000E+02   -.3000E+02   -.3000E+02   -.3000E+02   -.3000E+02   -.3000E+02   -.3000E+02   -.3001E+02   -.3001E+02   -.3001E+02   -.3001E+02   -.3001E+02   -.3001E+02   -.3001E+02   -.3001E+02   -.3001E+02   -.3002E+02   -.3002E+02   -.3002E+02   -.3002E+02   -.3002E+02   -.3003E+02   -.3003E+02   -.3003E+02   -.3003E+02   -.3004E+02   -.3004E+02   -.3004E+02   -.3004E+02   -.3005E+02   -.3005E+02   -.3006E+02   -.3006E+02   -.3007E+02   -.3007E+02   -.3008E+02   -.3008E+02   -.3009E+02   -.3009E+02   -.3010E+02   -.3011E+02   -.3012E+02   -.3013E+02   -.3014E+02   -.3015E+02   -.3016E+02   -.3017E+02   -.3019E+02   -.3020E+02   -.3022E+02   -.3024E+02   -.3026E+02   -.3029E+02   -.3032E+02   -.3035E+02   -.3038E+02   -.3042E+02   -.3047E+02   -.3052E+02   -.3058E+02   -.3065E+02   -.3073E+02   -.3083E+02   -.3093E+02   -.3105E+02   -.3117E+02   -.3126E+02   -.3128E+02   -.3111E+02   -.3063E+02   -.2949E+02   -.2766E+02   -.4358E+02   -.2011E+02   -.1244E+02   -.1214E+02   -.1047E+02   -.1009E+02   -.9191E+01   -.8661E+01
0.1214E+06   0.1267E+02   -.3000E+02   -.3000E+02   -.3000E+02   -.3000E+02   -.3000E+02   -.3000E+02   -.3000E+02   -.3000E+02   -.3000E+02   -.3000E+02   -.3000E+02   -.3000E+02   -.3000E+02   -.3000E+02   -.3000E+02   -.3000E+02   -.3000E+02   -.3000E+02   -.3000E+02   -.3000E+02   -.3000E+02   -.3000E+02   -.3000E+02   -.3000E+02   -.3000E+02   -.3000E+02   -.3000E+02   -.3000E+02   -.3000E+02   -.3000E+02   -.3000E+02   -.3000E+02   -.3000E+02   -.3000E+02   -.3000E+02   -.3000E+02   -.3000E+02   -.3000E+02   -.3000E+02   -.3000E+02   -.3000E+02   -.3000E+02   -.3000E+02   -.3000E+02   -.3000E+02   -.3000E+02   -.3000E+02   -.3000E+02   -.3000E+02   -.3000E+02   -.3000E+02   -.3000E+02   -.3000E+02   -.3000E+02   -.3001E+02   -.3001E+02   -.3001E+02   -.3001E+02   -.3001E+02   -.3001E+02   -.3001E+02   -.3001E+02   -.3001E+02   -.3002E+02   -.3002E+02   -.3002E+02   -.3002E+02   -.3002E+02   -.3003E+02   -.3003E+02   -.3003E+02   -.3003E+02   -.3004E+02   -.3004E+02   -.3004E+02   -.3005E+02   -.3005E+02   -.3005E+02   -.3006E+02   -.3006E+02   -.3007E+02   -.3007E+02   -.3008E+02   -.3008E+02   -.3009E+02   -.3010E+02   -.3010E+02   -.3011E+02   -.3012E+02   -.3013E+02   -.3014E+02   -.3015E+02   -.3016E+02   -.3017E+02   -.3019E+02   -.3020E+02   -.3022E+02   -.3024E+02   -.3026E+02   -.3029E+02   -.3032E+02   -.3035E+02   -.3038E+02   -.3042E+02   -.3047E+02   -.3052E+02   -.3058E+02   -.3065E+02   -.3073E+02   -.3083E+02   -.3094E+02   -.3105E+02   -.3117E+02   -.3126E+02   -.3128E+02   -.3111E+02   -.3063E+02   -.2949E+02   -.2766E+02   -.4358E+02   -.2011E+02   -.1244E+02   -.1214E+02   -.1047E+02   -.1009E+02   -.9190E+01   -.8658E+01   -.8044E+01
0.1214E+06   0.1300E+02   -.3000E+02   -.3000E+02   -.3000E+02   -.3000E+02   -.3000E+02   -.3000E+02   -.3000E+02   -.3000E+02   -.3000E+02   -.3000E+02   -.3000E+02   -.3000E+02   -.3000E+02   -.3000E+02   -.3000E+02   -.3000E+02   -.3000E+02   -.3000E+02   -.3000E+02   -.3000E+02   -.3000E+02   -.3000E+02   -.3000E+02   -.3000E+02   -.3000E+02   -.3000E+02   -.3000E+02   -.3000E+02   -.3000E+02   -.3000E+02   -.3000E+02   -.3000E+02   -.3000E+02   -.3000E+02   -.3000E+02   -.3000E+02   -.3000E+02   -.3000E+02   -.3000E+02   -.3000E+02   -.3000E+02   -.3000E+02   -.3000E+02   -.3000E+02   -.3000E+02   -.3000E+02   -.3000E+02   -.3000E+02   -.3000E+02   -.3000E+02   -.3000E+02   -.3000E+02   -.3001E+02   -.3001E+02   -.3001E+02   -.3001E+02   -.3001E+02   -.3001E+02   -.3001E+02   -.3001E+02   -.3001E+02   -.3002E+02   -.3002E+02   -.3002E+02   -.3002E+02   -.3002E+02   -.3002E+02   -.3003E+02   -.3003E+02   -.3003E+02   -.3003E+02   -.3004E+02   -.3004E+02   -.3004E+02   -.3005E+02   -.3005E+02   -.3005E+02   -.3006E+02   -.3006E+02   -.3007E+02   -.3007E+02   -.3008E+02   -.3008E+02   -.3009E+02   -.3010E+02   -.3010E+02   -.3011E+02   -.3012E+02   -.3013E+02   -.3014E+02   -.3015E+02   -.3016E+02   -.3017E+02   -.3019E+02   -.3021E+02   -.3022E+02   -.3024E+02   -.3026E+02   -.3029E+02   -.3032E+02   -.3035E+02   -.3038E+02   -.3042E+02   -.3047E+02   -.3052E+02   -.3058E+02   -.3065E+02   -.3073E+02   -.3083E+02   -.3094E+02   -.3105E+02   -.3117E+02   -.3127E+02   -.3128E+02   -.3111E+02   -.3063E+02   -.2949E+02   -.2766E+02   -.4358E+02   -.2011E+02   -.1244E+02   -.1214E+02   -.1047E+02   -.1009E+02   -.9189E+01   -.8657E+01   -.8042E+01   -.7558E+01
0.1214E+06   0.1333E+02   -.3000E+02   -.3000E+02   -.3000E+02   -.3000E+02   -.3000E+02   -.3000E+02   -.3000E+02   -.3000E+02   -.3000E+02   -.3000E+02   -.3000E+02   -.3000E+02   -.3000E+02   -.3000E+02   -.3000E+02   -.3000E+02   -.3000E+02   -.3000E+02   -.3000E+02   -.3000E+02   -.3000E+02   -.3000E+02   -.3000E+02   -.3000E+02   -.3000E+02   -.3000E+02   -.3000E+02   -.3000E+02   -.3000E+02   -.3000E+02   -.3000E+02   -.3000E+02   -.3000E+02   -.3000E+02   -.3000E+02   -.3000E+02   -.3000E+02   -.3000E+02   -.3000E+02   -.3000E+02   -.3000E+02   -.3000E+02   -.3000E+02   -.3000E+02   -.3000E+02   -.3000E+02   -.3000E+02   -.3000E+02   -.3000E+02   -.3000E+02   -.3000E+02   -.3001E+02   -.3001E+02   -.3001E+02   -.3001E+02   -.3001E+02   -.3001E+02   -.3001E+02   -.3001E+02   -.3001E+02   -.3002E+02   -.3002E+02   -.3002E+02   -.3002E+02   -.3002E+02   -.3002E+02   -.3003E+02   -.3003E+02   -.3003E+02   -.3003E+02   -.3004E+02   -.3004E+02   -.3004E+02   -.3005E+02   -.3005E+02   -.3005E+02   -.3006E+02   -.3006E+02   -.3007E+02   -.3007E+02   -.3008E+02   -.3008E+02   -.3009E+02   -.3010E+02   -.3010E+02   -.3011E+02   -.3012E+02   -.3013E+02   -.3014E+02   -.3015E+02   -.3016E+02   -.3018E+02   -.3019E+02   -.3021E+02   -.3022E+02   -.3024E+02   -.3027E+02   -.3029E+02   -.3032E+02   -.3035E+02   -.3038E+02   -.3042E+02   -.3047E+02   -.3052E+02   -.3058E+02   -.3065E+02   -.3073E+02   -.3083E+02   -.3094E+02   -.3105E+02   -.3117E+02   -.3127E+02   -.3128E+02   -.3111E+02   -.3063E+02   -.2949E+02   -.2766E+02   -.4358E+02   -.2011E+02   -.1244E+02   -.1214E+02   -.1047E+02   -.1009E+02   -.9188E+01   -.8657E+01   -.8041E+01   -.7557E+01   -.7095E+01
0.1214E+06   0.1367E+02   -.3000E+02   -.3000E+02   -.3000E+02   -.3000E+02   -.3000E+02   -.3000E+02   -.3000E+02   -.3000E+02   -.3000E+02   -.3000E+02   -.3000E+02   -.3000E+02   -.3000E+02   -.3000E+02   -.3000E+02   -.3000E+02   -.3000E+02   -.3000E+02   -.3000E+02   -.3000E+02   -.3000E+02   -.3000E+02   -.3000E+02   -.3000E+02   -.3000E+02   -.3000E+02   -.3000E+02   -.3000E+02   -.3000E+02   -.3000E+02   -.3000E+02   -.3000E+02   -.3000E+02   -.3000E+02   -.3000E+02   -.3000E+02   -.3000E+02   -.3000E+02   -.3000E+02   -.3000E+02   -.3000E+02   -.3000E+02   -.3000E+02   -.3000E+02   -.3000E+02   -.3000E+02   -.3000E+02   -.3000E+02   -.3000E+02   -.3000E+02   -.3001E+02   -.3001E+02   -.3001E+02   -.3001E+02   -.3001E+02   -.3001E+02   -.3001E+02   -.3001E+02   -.3001E+02   -.3002E+02   -.3002E+02   -.3002E+02   -.3002E+02   -.3002E+02   -.3002E+02   -.3003E+02   -.3003E+02   -.3003E+02   -.3003E+02   -.3004E+02   -.3004E+02   -.3004E+02   -.3005E+02   -.3005E+02   -.3005E+02   -.3006E+02   -.3006E+02   -.3007E+02   -.3007E+02   -.3008E+02   -.3008E+02   -.3009E+02   -.3010E+02   -.3010E+02   -.3011E+02   -.3012E+02   -.3013E+02   -.3014E+02   -.3015E+02   -.3016E+02   -.3018E+02   -.3019E+02   -.3021E+02   -.3022E+02   -.3024E+02   -.3027E+02   -.3029E+02   -.3032E+02   -.3035E+02   -.3038E+02   -.3042E+02   -.3047E+02   -.3052E+02   -.3058E+02   -.3065E+02   -.3074E+02   -.3083E+02   -.3094E+02   -.3105E+02   -.3117E+02   -.3127E+02   -.3128E+02   -.3111E+02   -.3063E+02   -.2949E+02   -.2766E+02   -.4358E+02   -.2011E+02   -.1244E+02   -.1214E+02   -.1047E+02   -.1009E+02   -.9188E+01   -.8656E+01   -.8040E+01   -.7556E+01   -.7094E+01   -.6697E+01
0.1214E+06   0.1400E+02   -.3000E+02   -.3000E+02   -.3000E+02   -.3000E+02   -.3000E+02   -.3000E+02   -.3000E+02   -.3000E+02   -.3000E+02   -.3000E+02   -.3000E+02   -.3000E+02   -.3000E+02   -.3000E+02   -.3000E+02   -.3000E+02   -.3000E+02   -.3000E+02   -.3000E+02   -.3000E+02   -.3000E+02   -.3000E+02   -.3000E+02   -.3000E+02   -.3000E+02   -.3000E+02   -.3000E+02   -.3000E+02   -.3000E+02   -.3000E+02   -.3000E+02   -.3000E+02   -.3000E+02   -.3000E+02   -.3000E+02   -.3000E+02   -.3000E+02   -.3000E+02   -.3000E+02   -.3000E+02   -.3000E+02   -.3000E+02   -.3000E+02   -.3000E+02   -.3000E+02   -.3000E+02   -.3000E+02   -.3000E+02   -.3001E+02   -.3001E+02   -.3001E+02   -.3001E+02   -.3001E+02   -.3001E+02   -.3001E+02   -.3001E+02   -.3001E+02   -.3001E+02   -.3002E+02   -.3002E+02   -.3002E+02   -.3002E+02   -.3002E+02   -.3002E+02   -.3003E+02   -.3003E+02   -.3003E+02   -.3003E+02   -.3004E+02   -.3004E+02   -.3004E+02   -.3005E+02   -.3005E+02   -.3005E+02   -.3006E+02   -.3006E+02   -.3007E+02   -.3007E+02   -.3008E+02   -.3008E+02   -.3009E+02   -.3010E+02   -.3010E+02   -.3011E+02   -.3012E+02   -.3013E+02   -.3014E+02   -.3015E+02   -.3016E+02   -.3018E+02   -.3019E+02   -.3021E+02   -.3022E+02   -.3024E+02   -.3027E+02   -.3029E+02   -.3032E+02   -.3035E+02   -.3038E+02   -.3042E+02   -.3047E+02   -.3052E+02   -.3058E+02   -.3065E+02   -.3074E+02   -.3083E+02   -.3094E+02   -.3105E+02   -.3117E+02   -.3127E+02   -.3128E+02   -.3111E+02   -.3063E+02   -.2949E+02   -.2766E+02   -.4358E+02   -.2011E+02   -.1244E+02   -.1214E+02   -.1047E+02   -.1009E+02   -.9187E+01   -.8656E+01   -.8040E+01   -.7555E+01   -.7093E+01   -.6696E+01   -.6335E+01
0.1214E+06   0.1433E+02   -.3000E+02   -.3000E+02   -.3000E+02   -.3000E+02   -.3000E+02   -.3000E+02   -.3000E+02   -.3000E+02   -.3000E+02   -.3000E+02   -.3000E+02   -.3000E+02   -.3000E+02   -.3000E+02   -.3000E+02   -.3000E+02   -.3000E+02   -.3000E+02   -.3000E+02   -.3000E+02   -.3000E+02   -.3000E+02   -.3000E+02   -.3000E+02   -.3000E+02   -.3000E+02   -.3000E+02   -.3000E+02   -.3000E+02   -.3000E+02   -.3000E+02   -.3000E+02   -.3000E+02   -.3000E+02   -.3000E+02   -.3000E+02   -.3000E+02   -.3000E+02   -.3000E+02   -.3000E+02   -.3000E+02   -.3000E+02   -.3000E+02   -.3000E+02   -.3000E+02   -.3000E+02   -.3000E+02   -.3001E+02   -.3001E+02   -.3001E+02   -.3001E+02   -.3001E+02   -.3001E+02   -.3001E+02   -.3001E+02   -.3001E+02   -.3001E+02   -.3002E+02   -.3002E+02   -.3002E+02   -.3002E+02   -.3002E+02   -.3003E+02   -.3003E+02   -.3003E+02   -.3003E+02   -.3003E+02   -.3004E+02   -.3004E+02   -.3004E+02   -.3005E+02   -.3005E+02   -.3005E+02   -.3006E+02   -.3006E+02   -.3007E+02   -.3007E+02   -.3008E+02   -.3008E+02   -.3009E+02   -.3010E+02   -.3010E+02   -.3011E+02   -.3012E+02   -.3013E+02   -.3014E+02   -.3015E+02   -.3016E+02   -.3018E+02   -.3019E+02   -.3021E+02   -.3022E+02   -.3024E+02   -.3027E+02   -.3029E+02   -.3032E+02   -.3035E+02   -.3038E+02   -.3042E+02   -.3047E+02   -.3052E+02   -.3058E+02   -.3065E+02   -.3074E+02   -.3083E+02   -.3094E+02   -.3105E+02   -.3117E+02   -.3127E+02   -.3128E+02   -.3111E+02   -.3063E+02   -.2949E+02   -.2766E+02   -.4358E+02   -.2011E+02   -.1244E+02   -.1214E+02   -.1047E+02   -.1009E+02   -.9187E+01   -.8655E+01   -.8039E+01   -.7555E+01   -.7093E+01   -.6695E+01   -.6334E+01   -.6014E+01
0.1214E+06   0.1467E+02   -.3000E+02   -.3000E+02   -.3000E+02   -.3000E+02   -.3000E+02   -.3000E+02   -.3000E+02   -.3000E+02   -.3000E+02   -.3000E+02   -.3000E+02   -.3000E+02   -.3000E+02   -.3000E+02   -.3000E+02   -.3000E+02   -.3000E+02   -.3000E+02   -.3000E+02   -.3000E+02   -.3000E+02   -.3000E+02   -.3000E+02   -.3000E+02   -.3000E+02   -.3000E+02   -.3000E+02   -.3000E+02   -.3000E+02   -.3000E+02   -.3000E+02   -.3000E+02   -.3000E+02   -.3000E+02   -.3000E+02   -.3000E+02   -.3000E+02   -.3000E+02   -.3000E+02   -.3000E+02   -.3000E+02   -.3000E+02   -.3000E+02   -.3000E+02   -.3000E+02   -.3000E+02   -.3001E+02   -.3001E+02   -.3001E+02   -.3001E+02   -.3001E+02   -.3001E+02   -.3001E+02   -.3001E+02   -.3001E+02   -.3001E+02   -.3002E+02   -.3002E+02   -.3002E+02   -.3002E+02   -.3002E+02   -.3003E+02   -.3003E+02   -.3003E+02   -.3003E+02   -.3004E+02   -.3004E+02   -.3004E+02   -.3004E+02   -.3005E+02   -.3005E+02   -.3005E+02   -.3006E+02   -.3006E+02   -.3007E+02   -.3007E+02   -.3008E+02   -.3008E+02   -.3009E+02   -.3010E+02   -.3010E+02   -.3011E+02   -.3012E+02   -.3013E+02   -.3014E+02   -.3015E+02   -.3016E+02   -.3018E+02   -.3019E+02   -.3021E+02   -.3022E+02   -.3024E+02   -.3027E+02   -.3029E+02   -.3032E+02   -.3035E+02   -.3038E+02   -.3042E+02   -.3047E+02   -.3052E+02   -.3058E+02   -.3065E+02   -.3074E+02   -.3083E+02   -.3094E+02   -.3105E+02   -.3117E+02   -.3127E+02   -.3128E+02   -.3111E+02   -.3063E+02   -.2949E+02   -.2766E+02   -.4358E+02   -.2011E+02   -.1244E+02   -.1214E+02   -.1047E+02   -.1009E+02   -.9187E+01   -.8655E+01   -.8039E+01   -.7554E+01   -.7092E+01   -.6695E+01   -.6333E+01   -.6013E+01   -.5724E+01
0.1214E+06   0.1500E+02   -.3000E+02   -.3000E+02   -.3000E+02   -.3000E+02   -.3000E+02   -.3000E+02   -.3000E+02   -.3000E+02   -.3000E+02   -.3000E+02   -.3000E+02   -.3000E+02   -.3000E+02   -.3000E+02   -.3000E+02   -.3000E+02   -.3000E+02   -.3000E+02   -.3000E+02   -.3000E+02   -.3000E+02   -.3000E+02   -.3000E+02   -.3000E+02   -.3000E+02   -.3000E+02   -.3000E+02   -.3000E+02   -.3000E+02   -.3000E+02   -.3000E+02   -.3000E+02   -.3000E+02   -.3000E+02   -.3000E+02   -.3000E+02   -.3000E+02   -.3000E+02   -.3000E+02   -.3000E+02   -.3000E+02   -.3000E+02   -.3000E+02   -.3000E+02   -.3000E+02   -.3001E+02   -.3001E+02   -.3001E+02   -.3001E+02   -.3001E+02   -.3001E+02   -.3001E+02   -.3001E+02   -.3001E+02   -.3002E+02   -.3002E+02   -.3002E+02   -.3002E+02   -.3002E+02   -.3002E+02   -.3003E+02   -.3003E+02   -.3003E+02   -.3003E+02   -.3004E+02   -.3004E+02   -.3004E+02   -.3004E+02   -.3005E+02   -.3005E+02   -.3005E+02   -.3006E+02   -.3006E+02   -.3007E+02   -.3007E+02   -.3008E+02   -.3008E+02   -.3009E+02   -.3010E+02   -.3011E+02   -.3011E+02   -.3012E+02   -.3013E+02   -.3014E+02   -.3015E+02   -.3016E+02   -.3018E+02   -.3019E+02   -.3021E+02   -.3023E+02   -.3024E+02   -.3027E+02   -.3029E+02   -.3032E+02   -.3035E+02   -.3038E+02   -.3042E+02   -.3047E+02   -.3052E+02   -.3058E+02   -.3065E+02   -.3074E+02   -.3083E+02   -.3094E+02   -.3105E+02   -.3117E+02   -.3127E+02   -.3128E+02   -.3111E+02   -.3063E+02   -.2949E+02   -.2766E+02   -.4358E+02   -.2010E+02   -.1244E+02   -.1214E+02   -.1047E+02   -.1009E+02   -.9186E+01   -.8655E+01   -.8038E+01   -.7554E+01   -.7092E+01   -.6695E+01   -.6333E+01   -.6012E+01   -.5723E+01   -.5465E+01
0.1214E+06   0.1533E+02   -.3000E+02   -.3000E+02   -.3000E+02   -.3000E+02   -.3000E+02   -.3000E+02   -.3000E+02   -.3000E+02   -.3000E+02   -.3000E+02   -.3000E+02   -.3000E+02   -.3000E+02   -.3000E+02   -.3000E+02   -.3000E+02   -.3000E+02   -.3000E+02   -.3000E+02   -.3000E+02   -.3000E+02   -.3000E+02   -.3000E+02   -.3000E+02   -.3000E+02   -.3000E+02   -.3000E+02   -.3000E+02   -.3000E+02   -.3000E+02   -.3000E+02   -.3000E+02   -.3000E+02   -.3000E+02   -.3000E+02   -.3000E+02   -.3000E+02   -.3000E+02   -.3000E+02   -.3000E+02   -.3000E+02   -.3000E+02   -.3000E+02   -.3001E+02   -.3001E+02   -.3001E+02   -.3001E+02   -.3001E+02   -.3001E+02   -.3001E+02   -.3001E+02   -.3001E+02   -.3001E+02   -.3002E+02   -.3002E+02   -.3002E+02   -.3002E+02   -.3002E+02   -.3002E+02   -.3003E+02   -.3003E+02   -.3003E+02   -.3003E+02   -.3004E+02   -.3004E+02   -.3004E+02   -.3004E+02   -.3005E+02   -.3005E+02   -.3006E+02   -.3006E+02   -.3006E+02   -.3007E+02   -.3007E+02   -.3008E+02   -.3008E+02   -.3009E+02   -.3010E+02   -.3011E+02   -.3011E+02   -.3012E+02   -.3013E+02   -.3014E+02   -.3015E+02   -.3016E+02   -.3018E+02   -.3019E+02   -.3021E+02   -.3023E+02   -.3025E+02   -.3027E+02   -.3029E+02   -.3032E+02   -.3035E+02   -.3039E+02   -.3043E+02   -.3047E+02   -.3052E+02   -.3058E+02   -.3065E+02   -.3074E+02   -.3083E+02   -.3094E+02   -.3105E+02   -.3117E+02   -.3127E+02   -.3128E+02   -.3111E+02   -.3063E+02   -.2949E+02   -.2766E+02   -.4358E+02   -.2010E+02   -.1244E+02   -.1214E+02   -.1047E+02   -.1009E+02   -.9186E+01   -.8654E+01   -.8038E+01   -.7554E+01   -.7091E+01   -.6694E+01   -.6332E+01   -.6012E+01   -.5723E+01   -.5464E+01   -.5231E+01
0.1214E+06   0.1567E+02   -.3000E+02   -.3000E+02   -.3000E+02   -.3000E+02   -.3000E+02   -.3000E+02   -.3000E+02   -.3000E+02   -.3000E+02   -.3000E+02   -.3000E+02   -.3000E+02   -.3000E+02   -.3000E+02   -.3000E+02   -.3000E+02   -.3000E+02   -.3000E+02   -.3000E+02   -.3000E+02   -.3000E+02   -.3000E+02   -.3000E+02   -.3000E+02   -.3000E+02   -.3000E+02   -.3000E+02   -.3000E+02   -.3000E+02   -.3000E+02   -.3000E+02   -.3000E+02   -.3000E+02   -.3000E+02   -.3000E+02   -.3000E+02   -.3000E+02   -.3000E+02   -.3000E+02   -.3000E+02   -.3000E+02   -.3000E+02   -.3001E+02   -.3001E+02   -.3001E+02   -.3001E+02   -.3001E+02   -.3001E+02   -.3001E+02   -.3001E+02   -.3001E+02   -.3001E+02   -.3002E+02   -.3002E+02   -.3002E+02   -.3002E+02   -.3002E+02   -.3002E+02   -.3003E+02   -.3003E+02   -.3003E+02   -.3003E+02   -.3004E+02   -.3004E+02   -.3004E+02   -.3004E+02   -.3005E+02   -.3005E+02   -.3006E+02   -.3006E+02   -.3006E+02   -.3007E+02   -.3007E+02   -.3008E+02   -.3009E+02   -.3009E+02   -.3010E+02   -.3011E+02   -.3011E+02   -.3012E+02   -.3013E+02   -.3014E+02   -.3015E+02   -.3016E+02   -.3018E+02   -.3019E+02   -.3021E+02   -.3023E+02   -.3025E+02   -.3027E+02   -.3029E+02   -.3032E+02   -.3035E+02   -.3039E+02   -.3043E+02   -.3047E+02   -.3052E+02   -.3058E+02   -.3066E+02   -.3074E+02   -.3083E+02   -.3094E+02   -.3105E+02   -.3117E+02   -.3127E+02   -.3128E+02   -.3111E+02   -.3063E+02   -.2949E+02   -.2766E+02   -.4358E+02   -.2010E+02   -.1244E+02   -.1214E+02   -.1047E+02   -.1009E+02   -.9186E+01   -.8654E+01   -.8038E+01   -.7554E+01   -.7091E+01   -.6694E+01   -.6332E+01   -.6011E+01   -.5723E+01   -.5464E+01   -.5230E+01   -.5018E+01
0.1214E+06   0.1600E+02   -.3000E+02   -.3000E+02   -.3000E+02   -.3000E+02   -.3000E+02   -.3000E+02   -.3000E+02   -.3000E+02   -.3000E+02   -.3000E+02   -.3000E+02   -.3000E+02   -.3000E+02   -.3000E+02   -.3000E+02   -.3000E+02   -.3000E+02   -.3000E+02   -.3000E+02   -.3000E+02   -.3000E+02   -.3000E+02   -.3000E+02   -.3000E+02   -.3000E+02   -.3000E+02   -.3000E+02   -.3000E+02   -.3000E+02   -.3000E+02   -.3000E+02   -.3000E+02   -.3000E+02   -.3000E+02   -.3000E+02   -.3000E+02   -.3000E+02   -.3000E+02   -.3000E+02   -.3000E+02   -.3000E+02   -.3001E+02   -.3001E+02   -.3001E+02   -.3001E+02   -.3001E+02   -.3001E+02   -.3001E+02   -.3001E+02   -.3001E+02   -.3001E+02   -.3002E+02   -.3002E+02   -.3002E+02   -.3002E+02   -.3002E+02   -.3002E+02   -.3003E+02   -.3003E+02   -.3003E+02   -.3003E+02   -.3004E+02   -.3004E+02   -.3004E+02   -.3004E+02   -.3005E+02   -.3005E+02   -.3006E+02   -.3006E+02   -.3006E+02   -.3007E+02   -.3007E+02   -.3008E+02   -.3009E+02   -.3009E+02   -.3010E+02   -.3011E+02   -.3011E+02   -.3012E+02   -.3013E+02   -.3014E+02   -.3015E+02   -.3016E+02   -.3018E+02   -.3019E+02   -.3021E+02   -.3023E+02   -.3025E+02   -.3027E+02   -.3029E+02   -.3032E+02   -.3035E+02   -.3039E+02   -.3043E+02   -.3047E+02   -.3052E+02   -.3058E+02   -.3066E+02   -.3074E+02   -.3083E+02   -.3094E+02   -.3105E+02   -.3117E+02   -.3127E+02   -.3129E+02   -.3112E+02   -.3063E+02   -.2949E+02   -.2766E+02   -.4358E+02   -.2010E+02   -.1244E+02   -.1214E+02   -.1047E+02   -.1009E+02   -.9186E+01   -.8654E+01   -.8038E+01   -.7553E+01   -.7091E+01   -.6694E+01   -.6332E+01   -.6011E+01   -.5722E+01   -.5464E+01   -.5230E+01   -.5017E+01   -.4824E+01
0.1214E+06   0.1633E+02   -.3000E+02   -.3000E+02   -.3000E+02   -.3000E+02   -.3000E+02   -.3000E+02   -.3000E+02   -.3000E+02   -.3000E+02   -.3000E+02   -.3000E+02   -.3000E+02   -.3000E+02   -.3000E+02   -.3000E+02   -.3000E+02   -.3000E+02   -.3000E+02   -.3000E+02   -.3000E+02   -.3000E+02   -.3000E+02   -.3000E+02   -.3000E+02   -.3000E+02   -.3000E+02   -.3000E+02   -.3000E+02   -.3000E+02   -.3000E+02   -.3000E+02   -.3000E+02   -.3000E+02   -.3000E+02   -.3000E+02   -.3000E+02   -.3000E+02   -.3000E+02   -.3000E+02   -.3001E+02   -.3001E+02   -.3001E+02   -.3001E+02   -.3001E+02   -.3001E+02   -.3001E+02   -.3001E+02   -.3001E+02   -.3001E+02   -.3001E+02   -.3002E+02   -.3002E+02   -.3002E+02   -.3002E+02   -.3002E+02   -.3002E+02   -.3003E+02   -.3003E+02   -.3003E+02   -.3003E+02   -.3004E+02   -.3004E+02   -.3004E+02   -.3005E+02   -.3005E+02   -.3005E+02   -.3006E+02   -.3006E+02   -.3006E+02   -.3007E+02   -.3007E+02   -.3008E+02   -.3009E+02   -.3009E+02   -.3010E+02   -.3011E+02   -.3011E+02   -.3012E+02   -.3013E+02   -.3014E+02   -.3015E+02   -.3016E+02   -.3018E+02   -.3019E+02   -.3021E+02   -.3023E+02   -.3025E+02   -.3027E+02   -.3029E+02   -.3032E+02   -.3035E+02   -.3039E+02   -.3043E+02   -.3047E+02   -.3052E+02   -.3059E+02   -.3066E+02   -.3074E+02   -.3083E+02   -.3094E+02   -.3105E+02   -.3117E+02   -.3127E+02   -.3129E+02   -.3112E+02   -.3063E+02   -.2949E+02   -.2766E+02   -.4358E+02   -.2011E+02   -.1244E+02   -.1214E+02   -.1047E+02   -.1009E+02   -.9186E+01   -.8654E+01   -.8038E+01   -.7553E+01   -.7091E+01   -.6693E+01   -.6332E+01   -.6011E+01   -.5722E+01   -.5463E+01   -.5229E+01   -.5017E+01   -.4823E+01   -.4645E+01
0.1214E+06   0.1667E+02   -.3000E+02   -.3000E+02   -.3000E+02   -.3000E+02   -.3000E+02   -.3000E+02   -.3000E+02   -.3000E+02   -.3000E+02   -.3000E+02   -.3000E+02   -.3000E+02   -.3000E+02   -.3000E+02   -.3000E+02   -.3000E+02   -.3000E+02   -.3000E+02   -.3000E+02   -.3000E+02   -.3000E+02   -.3000E+02   -.3000E+02   -.3000E+02   -.3000E+02   -.3000E+02   -.3000E+02   -.3000E+02   -.3000E+02   -.3000E+02   -.3000E+02   -.3000E+02   -.3000E+02   -.3000E+02   -.3000E+02   -.3000E+02   -.3000E+02   -.3000E+02   -.3001E+02   -.3001E+02   -.3001E+02   -.3001E+02   -.3001E+02   -.3001E+02   -.3001E+02   -.3001E+02   -.3001E+02   -.3001E+02   -.3001E+02   -.3002E+02   -.3002E+02   -.3002E+02   -.3002E+02   -.3002E+02   -.3002E+02   -.3003E+02   -.3003E+02   -.3003E+02   -.3003E+02   -.3004E+02   -.3004E+02   -.3004E+02   -.3005E+02   -.3005E+02   -.3005E+02   -.3006E+02   -.3006E+02   -.3006E+02   -.3007E+02   -.3007E+02   -.3008E+02   -.3009E+02   -.3009E+02   -.3010E+02   -.3011E+02   -.3011E+02   -.3012E+02   -.3013E+02   -.3014E+02   -.3015E+02   -.3017E+02   -.3018E+02   -.3019E+02   -.3021E+02   -.3023E+02   -.3025E+02   -.3027E+02   -.3029E+02   -.3032E+02   -.3035E+02   -.3039E+02   -.3043E+02   -.3047E+02   -.3052E+02   -.3059E+02   -.3066E+02   -.3074E+02   -.3083E+02   -.3094E+02   -.3105E+02   -.3117E+02   -.3127E+02   -.3129E+02   -.3112E+02   -.3063E+02   -.2949E+02   -.2766E+02   -.4358E+02   -.2011E+02   -.1244E+02   -.1214E+02   -.1047E+02   -.1009E+02   -.9186E+01   -.8654E+01   -.8038E+01   -.7553E+01   -.7091E+01   -.6693E+01   -.6331E+01   -.6010E+01   -.5722E+01   -.5463E+01   -.5229E+01   -.5017E+01   -.4823E+01   -.4645E+01   -.4481E+01
0.1214E+06   0.1700E+02   -.3000E+02   -.3000E+02   -.3000E+02   -.3000E+02   -.3000E+02   -.3000E+02   -.3000E+02   -.3000E+02   -.3000E+02   -.3000E+02   -.3000E+02   -.3000E+02   -.3000E+02   -.3000E+02   -.3000E+02   -.3000E+02   -.3000E+02   -.3000E+02   -.3000E+02   -.3000E+02   -.3000E+02   -.3000E+02   -.3000E+02   -.3000E+02   -.3000E+02   -.3000E+02   -.3000E+02   -.3000E+02   -.3000E+02   -.3000E+02   -.3000E+02   -.3000E+02   -.3000E+02   -.3000E+02   -.3000E+02   -.3000E+02   -.3000E+02   -.3001E+02   -.3001E+02   -.3001E+02   -.3001E+02   -.3001E+02   -.3001E+02   -.3001E+02   -.3001E+02   -.3001E+02   -.3001E+02   -.3001E+02   -.3002E+02   -.3002E+02   -.3002E+02   -.3002E+02   -.3002E+02   -.3002E+02   -.3003E+02   -.3003E+02   -.3003E+02   -.3003E+02   -.3004E+02   -.3004E+02   -.3004E+02   -.3005E+02   -.3005E+02   -.3005E+02   -.3006E+02   -.3006E+02   -.3006E+02   -.3007E+02   -.3007E+02   -.3008E+02   -.3009E+02   -.3009E+02   -.3010E+02   -.3011E+02   -.3011E+02   -.3012E+02   -.3013E+02   -.3014E+02   -.3015E+02   -.3017E+02   -.3018E+02   -.3019E+02   -.3021E+02   -.3023E+02   -.3025E+02   -.3027E+02   -.3029E+02   -.3032E+02   -.3035E+02   -.3039E+02   -.3043E+02   -.3047E+02   -.3052E+02   -.3059E+02   -.3066E+02   -.3074E+02   -.3083E+02   -.3094E+02   -.3105E+02   -.3117E+02   -.3127E+02   -.3129E+02   -.3112E+02   -.3063E+02   -.2949E+02   -.2766E+02   -.4358E+02   -.2011E+02   -.1244E+02   -.1214E+02   -.1047E+02   -.1009E+02   -.9186E+01   -.8654E+01   -.8037E+01   -.7553E+01   -.7090E+01   -.6693E+01   -.6331E+01   -.6010E+01   -.5721E+01   -.5463E+01   -.5229E+01   -.5016E+01   -.4822E+01   -.4644E+01   -.4481E+01   -.4330E+01
0.1214E+06   0.1733E+02   -.3000E+02   -.3000E+02   -.3000E+02   -.3000E+02   -.3000E+02   -.3000E+02   -.3000E+02   -.3000E+02   -.3000E+02   -.3000E+02   -.3000E+02   -.3000E+02   -.3000E+02   -.3000E+02   -.3000E+02   -.3000E+02   -.3000E+02   -.3000E+02   -.3000E+02   -.3000E+02   -.3000E+02   -.3000E+02   -.3000E+02   -.3000E+02   -.3000E+02   -.3000E+02   -.3000E+02   -.3000E+02   -.3000E+02   -.3000E+02   -.3000E+02   -.3000E+02   -.3000E+02   -.3000E+02   -.3000E+02   -.3001E+02   -.3001E+02   -.3001E+02   -.3001E+02   -.3001E+02   -.3001E+02   -.3001E+02   -.3001E+02   -.3001E+02   -.3001E+02   -.3001E+02   -.3002E+02   -.3002E+02   -.3002E+02   -.3002E+02   -.3002E+02   -.3002E+02   -.3002E+02   -.3003E+02   -.3003E+02   -.3003E+02   -.3003E+02   -.3004E+02   -.3004E+02   -.3004E+02   -.3005E+02   -.3005E+02   -.3005E+02   -.3006E+02   -.3006E+02   -.3007E+02   -.3007E+02   -.3007E+02   -.3008E+02   -.3009E+02   -.3009E+02   -.3010E+02   -.3011E+02   -.3011E+02   -.3012E+02   -.3013E+02   -.3014E+02   -.3015E+02   -.3017E+02   -.3018E+02   -.3019E+02   -.3021E+02   -.3023E+02   -.3025E+02   -.3027E+02   -.3029E+02   -.3032E+02   -.3035E+02   -.3039E+02   -.3043E+02   -.3047E+02   -.3052E+02   -.3059E+02   -.3066E+02   -.3074E+02   -.3083E+02   -.3094E+02   -.3106E+02   -.3117E+02   -.3127E+02   -.3129E+02   -.3112E+02   -.3063E+02   -.2949E+02   -.2766E+02   -.4358E+02   -.2011E+02   -.1244E+02   -.1214E+02   -.1047E+02   -.1009E+02   -.9186E+01   -.8654E+01   -.8037E+01   -.7553E+01   -.7090E+01   -.6693E+01   -.6331E+01   -.6010E+01   -.5721E+01   -.5462E+01   -.5229E+01   -.5016E+01   -.4822E+01   -.4644E+01   -.4480E+01   -.4329E+01   -.4191E+01
0.1214E+06   0.1767E+02   -.3000E+02   -.3000E+02   -.3000E+02   -.3000E+02   -.3000E+02   -.3000E+02   -.3000E+02   -.3000E+02   -.3000E+02   -.3000E+02   -.3000E+02   -.3000E+02   -.3000E+02   -.3000E+02   -.3000E+02   -.3000E+02   -.3000E+02   -.3000E+02   -.3000E+02   -.3000E+02   -.3000E+02   -.3000E+02   -.3000E+02   -.3000E+02   -.3000E+02   -.3000E+02   -.3000E+02   -.3000E+02   -.3000E+02   -.3000E+02   -.3000E+02   -.3000E+02   -.3000E+02   -.3000E+02   -.3001E+02   -.3001E+02   -.3001E+02   -.3001E+02   -.3001E+02   -.3001E+02   -.3001E+02   -.3001E+02   -.3001E+02   -.3001E+02   -.3001E+02   -.3002E+02   -.3002E+02   -.3002E+02   -.3002E+02   -.3002E+02   -.3002E+02   -.3002E+02   -.3003E+02   -.3003E+02   -.3003E+02   -.3003E+02   -.3004E+02   -.3004E+02   -.3004E+02   -.3005E+02   -.3005E+02   -.3005E+02   -.3006E+02   -.3006E+02   -.3007E+02   -.3007E+02   -.3007E+02   -.3008E+02   -.3009E+02   -.3009E+02   -.3010E+02   -.3011E+02   -.3011E+02   -.3012E+02   -.3013E+02   -.3014E+02   -.3015E+02   -.3017E+02   -.3018E+02   -.3019E+02   -.3021E+02   -.3023E+02   -.3025E+02   -.3027E+02   -.3029E+02   -.3032E+02   -.3035E+02   -.3039E+02   -.3043E+02   -.3047E+02   -.3053E+02   -.3059E+02   -.3066E+02   -.3074E+02   -.3083E+02   -.3094E+02   -.3106E+02   -.3117E+02   -.3127E+02   -.3129E+02   -.3112E+02   -.3063E+02   -.2949E+02   -.2766E+02   -.4358E+02   -.2011E+02   -.1244E+02   -.1214E+02   -.1047E+02   -.1009E+02   -.9186E+01   -.8654E+01   -.8037E+01   -.7553E+01   -.7090E+01   -.6693E+01   -.6331E+01   -.6010E+01   -.5721E+01   -.5462E+01   -.5228E+01   -.5016E+01   -.4822E+01   -.4644E+01   -.4480E+01   -.4329E+01   -.4190E+01   -.4063E+01
0.1214E+06   0.1800E+02   -.3000E+02   -.3000E+02   -.3000E+02   -.3000E+02   -.3000E+02   -.3000E+02   -.3000E+02   -.3000E+02   -.3000E+02   -.3000E+02   -.3000E+02   -.3000E+02   -.3000E+02   -.3000E+02   -.3000E+02   -.3000E+02   -.3000E+02   -.3000E+02   -.3000E+02   -.3000E+02   -.3000E+02   -.3000E+02   -.3000E+02   -.3000E+02   -.3000E+02   -.3000E+02   -.3000E+02   -.3000E+02   -.3000E+02   -.3000E+02   -.3000E+02   -.3000E+02   -.3000E+02   -.3001E+02   -.3001E+02   -.3001E+02   -.3001E+02   -.3001E+02   -.3001E+02   -.3001E+02   -.3001E+02   -.3001E+02   -.3001E+02   -.3001E+02   -.3002E+02   -.3002E+02   -.3002E+02   -.3002E+02   -.3002E+02   -.3002E+02   -.3003E+02   -.3003E+02   -.3003E+02   -.3003E+02   -.3003E+02   -.3004E+02   -.3004E+02   -.3004E+02   -.3005E+02   -.3005E+02   -.3005E+02   -.3006E+02   -.3006E+02   -.3007E+02   -.3007E+02   -.3008E+02   -.3008E+02   -.3009E+02   -.3009E+02   -.3010E+02   -.3011E+02   -.3011E+02   -.3012E+02   -.3013E+02   -.3014E+02   -.3015E+02   -.3017E+02   -.3018E+02   -.3019E+02   -.3021E+02   -.3023E+02   -.3025E+02   -.3027E+02   -.3029E+02   -.3032E+02   -.3035E+02   -.3039E+02   -.3043E+02   -.3047E+02   -.3053E+02   -.3059E+02   -.3066E+02   -.3074E+02   -.3083E+02   -.3094E+02   -.3106E+02   -.3117E+02   -.3127E+02   -.3129E+02   -.3112E+02   -.3063E+02   -.2949E+02   -.2766E+02   -.4358E+02   -.2011E+02   -.1244E+02   -.1214E+02   -.1047E+02   -.1009E+02   -.9186E+01   -.8654E+01   -.8037E+01   -.7553E+01   -.7090E+01   -.6693E+01   -.6331E+01   -.6010E+01   -.5721E+01   -.5462E+01   -.5228E+01   -.5016E+01   -.4822E+01   -.4644E+01   -.4480E+01   -.4329E+01   -.4190E+01   -.4062E+01   -.3945E+01
0.1214E+06   0.1833E+02   -.3000E+02   -.3000E+02   -.3000E+02   -.3000E+02   -.3000E+02   -.3000E+02   -.3000E+02   -.3000E+02   -.3000E+02   -.3000E+02   -.3000E+02   -.3000E+02   -.3000E+02   -.3000E+02   -.3000E+02   -.3000E+02   -.3000E+02   -.3000E+02   -.3000E+02   -.3000E+02   -.3000E+02   -.3000E+02   -.3000E+02   -.3000E+02   -.3000E+02   -.3000E+02   -.3000E+02   -.3000E+02   -.3000E+02   -.3000E+02   -.3000E+02   -.3001E+02   -.3001E+02   -.3001E+02   -.3001E+02   -.3001E+02   -.3001E+02   -.3001E+02   -.3001E+02   -.3001E+02   -.3001E+02   -.3001E+02   -.3001E+02   -.3002E+02   -.3002E+02   -.3002E+02   -.3002E+02   -.3002E+02   -.3002E+02   -.3003E+02   -.3003E+02   -.3003E+02   -.3003E+02   -.3003E+02   -.3004E+02   -.3004E+02   -.3004E+02   -.3005E+02   -.3005E+02   -.3005E+02   -.3006E+02   -.3006E+02   -.3007E+02   -.3007E+02   -.3008E+02   -.3008E+02   -.3009E+02   -.3009E+02   -.3010E+02   -.3011E+02   -.3011E+02   -.3012E+02   -.3013E+02   -.3014E+02   -.3015E+02   -.3017E+02   -.3018E+02   -.3019E+02   -.3021E+02   -.3023E+02   -.3025E+02   -.3027E+02   -.3029E+02   -.3032E+02   -.3035E+02   -.3039E+02   -.3043E+02   -.3047E+02   -.3053E+02   -.3059E+02   -.3066E+02   -.3074E+02   -.3083E+02   -.3094E+02   -.3106E+02   -.3117E+02   -.3127E+02   -.3129E+02   -.3112E+02   -.3063E+02   -.2949E+02   -.2766E+02   -.4358E+02   -.2011E+02   -.1244E+02   -.1214E+02   -.1047E+02   -.1009E+02   -.9186E+01   -.8654E+01   -.8037E+01   -.7553E+01   -.7090E+01   -.6693E+01   -.6331E+01   -.6010E+01   -.5721E+01   -.5462E+01   -.5228E+01   -.5016E+01   -.4822E+01   -.4644E+01   -.4480E+01   -.4328E+01   -.4190E+01   -.4062E+01   -.3944E+01   -.3836E+01
0.1214E+06   0.1867E+02   -.3000E+02   -.3000E+02   -.3000E+02   -.3000E+02   -.3000E+02   -.3000E+02   -.3000E+02   -.3000E+02   -.3000E+02   -.3000E+02   -.3000E+02   -.3000E+02   -.3000E+02   -.3000E+02   -.3000E+02   -.3000E+02   -.3000E+02   -.3000E+02   -.3000E+02   -.3000E+02   -.3000E+02   -.3000E+02   -.3000E+02   -.3000E+02   -.3000E+02   -.3000E+02   -.3000E+02   -.3000E+02   -.3000E+02   -.3000E+02   -.3001E+02   -.3001E+02   -.3001E+02   -.3001E+02   -.3001E+02   -.3001E+02   -.3001E+02   -.3001E+02   -.3001E+02   -.3001E+02   -.3001E+02   -.3001E+02   -.3002E+02   -.3002E+02   -.3002E+02   -.3002E+02   -.3002E+02   -.3002E+02   -.3003E+02   -.3003E+02   -.3003E+02   -.3003E+02   -.3003E+02   -.3004E+02   -.3004E+02   -.3004E+02   -.3005E+02   -.3005E+02   -.3005E+02   -.3006E+02   -.3006E+02   -.3007E+02   -.3007E+02   -.3008E+02   -.3008E+02   -.3009E+02   -.3009E+02   -.3010E+02   -.3011E+02   -.3011E+02   -.3012E+02   -.3013E+02   -.3014E+02   -.3015E+02   -.3017E+02   -.3018E+02   -.3019E+02   -.3021E+02   -.3023E+02   -.3025E+02   -.3027E+02   -.3029E+02   -.3032E+02   -.3035E+02   -.3039E+02   -.3043E+02   -.3047E+02   -.3053E+02   -.3059E+02   -.3066E+02   -.3074E+02   -.3083E+02   -.3094E+02   -.3106E+02   -.3117E+02   -.3127E+02   -.3129E+02   -.3112E+02   -.3063E+02   -.2949E+02   -.2766E+02   -.4358E+02   -.2011E+02   -.1244E+02   -.1214E+02   -.1047E+02   -.1009E+02   -.9186E+01   -.8654E+01   -.8037E+01   -.7553E+01   -.7090E+01   -.6693E+01   -.6331E+01   -.6010E+01   -.5721E+01   -.5462E+01   -.5228E+01   -.5015E+01   -.4821E+01   -.4643E+01   -.4479E+01   -.4328E+01   -.4189E+01   -.4062E+01   -.3944E+01   -.3835E+01   -.3734E+01
0.1214E+06   0.1900E+02   -.3000E+02   -.3000E+02   -.3000E+02   -.3000E+02   -.3000E+02   -.3000E+02   -.3000E+02   -.3000E+02   -.3000E+02   -.3000E+02   -.3000E+02   -.3000E+02   -.3000E+02   -.3000E+02   -.3000E+02   -.3000E+02   -.3000E+02   -.3000E+02   -.3000E+02   -.3000E+02   -.3000E+02   -.3000E+02   -.3000E+02   -.3000E+02   -.3000E+02   -.3000E+02   -.3000E+02   -.3000E+02   -.3001E+02   -.3001E+02   -.3001E+02   -.3001E+02   -.3001E+02   -.3001E+02   -.3001E+02   -.3001E+02   -.3001E+02   -.3001E+02   -.3001E+02   -.3001E+02   -.3001E+02   -.3002E+02   -.3002E+02   -.3002E+02   -.3002E+02   -.3002E+02   -.3002E+02   -.3003E+02   -.3003E+02   -.3003E+02   -.3003E+02   -.3003E+02   -.3004E+02   -.3004E+02   -.3004E+02   -.3005E+02   -.3005E+02   -.3005E+02   -.3006E+02   -.3006E+02   -.3007E+02   -.3007E+02   -.3008E+02   -.3008E+02   -.3009E+02   -.3009E+02   -.3010E+02   -.3011E+02   -.3011E+02   -.3012E+02   -.3013E+02   -.3014E+02   -.3015E+02   -.3017E+02   -.3018E+02   -.3019E+02   -.3021E+02   -.3023E+02   -.3025E+02   -.3027E+02   -.3029E+02   -.3032E+02   -.3035E+02   -.3039E+02   -.3043E+02   -.3047E+02   -.3053E+02   -.3059E+02   -.3066E+02   -.3074E+02   -.3083E+02   -.3094E+02   -.3106E+02   -.3117E+02   -.3127E+02   -.3129E+02   -.3112E+02   -.3063E+02   -.2949E+02   -.2766E+02   -.4358E+02   -.2011E+02   -.1244E+02   -.1214E+02   -.1047E+02   -.1009E+02   -.9186E+01   -.8654E+01   -.8037E+01   -.7553E+01   -.7090E+01   -.6693E+01   -.6331E+01   -.6010E+01   -.5721E+01   -.5462E+01   -.5228E+01   -.5015E+01   -.4821E+01   -.4643E+01   -.4479E+01   -.4328E+01   -.4189E+01   -.4061E+01   -.3944E+01   -.3835E+01   -.3734E+01   -.3639E+01
0.1214E+06   0.1933E+02   -.3000E+02   -.3000E+02   -.3000E+02   -.3000E+02   -.3000E+02   -.3000E+02   -.3000E+02   -.3000E+02   -.3000E+02   -.3000E+02   -.3000E+02   -.3000E+02   -.3000E+02   -.3000E+02   -.3000E+02   -.3000E+02   -.3000E+02   -.3000E+02   -.3000E+02   -.3000E+02   -.3000E+02   -.3000E+02   -.3000E+02   -.3000E+02   -.3000E+02   -.3000E+02   -.3000E+02   -.3001E+02   -.3001E+02   -.3001E+02   -.3001E+02   -.3001E+02   -.3001E+02   -.3001E+02   -.3001E+02   -.3001E+02   -.3001E+02   -.3001E+02   -.3001E+02   -.3001E+02   -.3002E+02   -.3002E+02   -.3002E+02   -.3002E+02   -.3002E+02   -.3002E+02   -.3003E+02   -.3003E+02   -.3003E+02   -.3003E+02   -.3003E+02   -.3004E+02   -.3004E+02   -.3004E+02   -.3005E+02   -.3005E+02   -.3005E+02   -.3006E+02   -.3006E+02   -.3007E+02   -.3007E+02   -.3008E+02   -.3008E+02   -.3009E+02   -.3009E+02   -.3010E+02   -.3011E+02   -.3012E+02   -.3012E+02   -.3013E+02   -.3014E+02   -.3015E+02   -.3017E+02   -.3018E+02   -.3019E+02   -.3021E+02   -.3023E+02   -.3025E+02   -.3027E+02   -.3029E+02   -.3032E+02   -.3035E+02   -.3039E+02   -.3043E+02   -.3047E+02   -.3053E+02   -.3059E+02   -.3066E+02   -.3074E+02   -.3083E+02   -.3094E+02   -.3106E+02   -.3118E+02   -.3127E+02   -.3129E+02   -.3112E+02   -.3063E+02   -.2949E+02   -.2766E+02   -.4358E+02   -.2011E+02   -.1244E+02   -.1214E+02   -.1047E+02   -.1009E+02   -.9186E+01   -.8654E+01   -.8037E+01   -.7553E+01   -.7090E+01   -.6693E+01   -.6331E+01   -.6010E+01   -.5721E+01   -.5462E+01   -.5228E+01   -.5015E+01   -.4821E+01   -.4643E+01   -.4479E+01   -.4328E+01   -.4189E+01   -.4061E+01   -.3944E+01   -.3835E+01   -.3734E+01   -.3639E+01   -.3549E+01
0.1214E+06   0.1967E+02   -.3000E+02   -.3000E+02   -.3000E+02   -.3000E+02   -.3000E+02   -.3000E+02   -.3000E+02   -.3000E+02   -.3000E+02   -.3000E+02   -.3000E+02   -.3000E+02   -.3000E+02   -.3000E+02   -.3000E+02   -.3000E+02   -.3000E+02   -.3000E+02   -.3000E+02   -.3000E+02   -.3000E+02   -.3000E+02   -.3000E+02   -.3000E+02   -.3000E+02   -.3001E+02   -.3001E+02   -.3001E+02   -.3001E+02   -.3001E+02   -.3001E+02   -.3001E+02   -.3001E+02   -.3001E+02   -.3001E+02   -.3001E+02   -.3001E+02   -.3001E+02   -.3002E+02   -.3002E+02   -.3002E+02   -.3002E+02   -.3002E+02   -.3002E+02   -.3002E+02   -.3003E+02   -.3003E+02   -.3003E+02   -.3003E+02   -.3003E+02   -.3004E+02   -.3004E+02   -.3004E+02   -.3005E+02   -.3005E+02   -.3005E+02   -.3006E+02   -.3006E+02   -.3007E+02   -.3007E+02   -.3008E+02   -.3008E+02   -.3009E+02   -.3009E+02   -.3010E+02   -.3011E+02   -.3012E+02   -.3012E+02   -.3013E+02   -.3014E+02   -.3015E+02   -.3017E+02   -.3018E+02   -.3019E+02   -.3021E+02   -.3023E+02   -.3025E+02   -.3027E+02   -.3029E+02   -.3032E+02   -.3035E+02   -.3039E+02   -.3043E+02   -.3047E+02   -.3053E+02   -.3059E+02   -.3066E+02   -.3074E+02   -.3083E+02   -.3094E+02   -.3106E+02   -.3118E+02   -.3127E+02   -.3129E+02   -.3112E+02   -.3063E+02   -.2949E+02   -.2766E+02   -.4358E+02   -.2011E+02   -.1244E+02   -.1214E+02   -.1047E+02   -.1009E+02   -.9186E+01   -.8654E+01   -.8037E+01   -.7553E+01   -.7090E+01   -.6693E+01   -.6331E+01   -.6009E+01   -.5721E+01   -.5462E+01   -.5228E+01   -.5015E+01   -.4821E+01   -.4643E+01   -.4479E+01   -.4328E+01   -.4189E+01   -.4061E+01   -.3943E+01   -.3835E+01   -.3733E+01   -.3638E+01   -.3549E+01   -.3464E+01
0.1214E+06   0.2000E+02   -.3000E+02   -.3000E+02   -.3000E+02   -.3000E+02   -.3000E+02   -.3000E+02   -.3000E+02   -.3000E+02   -.3000E+02   -.3000E+02   -.3000E+02   -.3000E+02   -.3000E+02   -.3000E+02   -.3000E+02   -.3000E+02   -.3000E+02   -.3000E+02   -.3000E+02   -.3000E+02   -.3000E+02   -.3000E+02   -.3000E+02   -.3000E+02   -.3001E+02   -.3001E+02   -.3001E+02   -.3001E+02   -.3001E+02   -.3001E+02   -.3001E+02   -.3001E+02   -.3001E+02   -.3001E+02   -.3001E+02   -.3001E+02   -.3001E+02   -.3002E+02   -.3002E+02   -.3002E+02   -.3002E+02   -.3002E+02   -.3002E+02   -.3002E+02   -.3003E+02   -.3003E+02   -.3003E+02   -.3003E+02   -.3003E+02   -.3004E+02   -.3004E+02   -.3004E+02   -.3005E+02   -.3005E+02   -.3005E+02   -.3006E+02   -.3006E+02   -.3007E+02   -.3007E+02   -.3008E+02   -.3008E+02   -.3009E+02   -.3009E+02   -.3010E+02   -.3011E+02   -.3012E+02   -.3012E+02   -.3013E+02   -.3014E+02   -.3015E+02   -.3017E+02   -.3018E+02   -.3019E+02   -.3021E+02   -.3023E+02   -.3025E+02   -.3027E+02   -.3029E+02   -.3032E+02   -.3035E+02   -.3039E+02   -.3043E+02   -.3047E+02   -.3053E+02   -.3059E+02   -.3066E+02   -.3074E+02   -.3083E+02   -.3094E+02   -.3106E+02   -.3118E+02   -.3127E+02   -.3129E+02   -.3112E+02   -.3063E+02   -.2949E+02   -.2766E+02   -.4358E+02   -.2011E+02   -.1244E+02   -.1214E+02   -.1047E+02   -.1009E+02   -.9186E+01   -.8654E+01   -.8037E+01   -.7553E+01   -.7090E+01   -.6693E+01   -.6331E+01   -.6009E+01   -.5721E+01   -.5462E+01   -.5228E+01   -.5015E+01   -.4821E+01   -.4643E+01   -.4479E+01   -.4328E+01   -.4189E+01   -.4061E+01   -.3943E+01   -.3835E+01   -.3733E+01   -.3638E+01   -.3548E+01   -.3463E+01   -.3383E+01
0.1214E+06   0.2033E+02   -.3000E+02   -.3000E+02   -.3000E+02   -.3000E+02   -.3000E+02   -.3000E+02   -.3000E+02   -.3000E+02   -.3000E+02   -.3000E+02   -.3000E+02   -.3000E+02   -.3000E+02   -.3000E+02   -.3000E+02   -.3000E+02   -.3000E+02   -.3000E+02   -.3000E+02   -.3000E+02   -.3000E+02   -.3000E+02   -.3001E+02   -.3001E+02   -.3001E+02   -.3001E+02   -.3001E+02   -.3001E+02   -.3001E+02   -.3001E+02   -.3001E+02   -.3001E+02   -.3001E+02   -.3001E+02   -.3001E+02   -.3001E+02   -.3002E+02   -.3002E+02   -.3002E+02   -.3002E+02   -.3002E+02   -.3002E+02   -.3002E+02   -.3003E+02   -.3003E+02   -.3003E+02   -.3003E+02   -.3004E+02   -.3004E+02   -.3004E+02   -.3004E+02   -.3005E+02   -.3005E+02   -.3005E+02   -.3006E+02   -.3006E+02   -.3007E+02   -.3007E+02   -.3008E+02   -.3008E+02   -.3009E+02   -.3009E+02   -.3010E+02   -.3011E+02   -.3012E+02   -.3012E+02   -.3013E+02   -.3014E+02   -.3015E+02   -.3017E+02   -.3018E+02   -.3019E+02   -.3021E+02   -.3023E+02   -.3025E+02   -.3027E+02   -.3029E+02   -.3032E+02   -.3035E+02   -.3039E+02   -.3043E+02   -.3047E+02   -.3053E+02   -.3059E+02   -.3066E+02   -.3074E+02   -.3083E+02   -.3094E+02   -.3106E+02   -.3118E+02   -.3127E+02   -.3129E+02   -.3112E+02   -.3063E+02   -.2949E+02   -.2766E+02   -.4358E+02   -.2011E+02   -.1244E+02   -.1214E+02   -.1047E+02   -.1009E+02   -.9186E+01   -.8654E+01   -.8037E+01   -.7553E+01   -.7090E+01   -.6693E+01   -.6331E+01   -.6009E+01   -.5721E+01   -.5462E+01   -.5228E+01   -.5015E+01   -.4821E+01   -.4643E+01   -.4479E+01   -.4328E+01   -.4189E+01   -.4061E+01   -.3943E+01   -.3834E+01   -.3733E+01   -.3638E+01   -.3548E+01   -.3463E+01   -.3383E+01   -.3307E+01
0.1214E+06   0.2067E+02   -.3000E+02   -.3000E+02   -.3000E+02   -.3000E+02   -.3000E+02   -.3000E+02   -.3000E+02   -.3000E+02   -.3000E+02   -.3000E+02   -.3000E+02   -.3000E+02   -.3000E+02   -.3000E+02   -.3000E+02   -.3000E+02   -.3000E+02   -.3000E+02   -.3000E+02   -.3000E+02   -.3000E+02   -.3001E+02   -.3001E+02   -.3001E+02   -.3001E+02   -.3001E+02   -.3001E+02   -.3001E+02   -.3001E+02   -.3001E+02   -.3001E+02   -.3001E+02   -.3001E+02   -.3001E+02   -.3001E+02   -.3002E+02   -.3002E+02   -.3002E+02   -.3002E+02   -.3002E+02   -.3002E+02   -.3002E+02   -.3003E+02   -.3003E+02   -.3003E+02   -.3003E+02   -.3004E+02   -.3004E+02   -.3004E+02   -.3004E+02   -.3005E+02   -.3005E+02   -.3005E+02   -.3006E+02   -.3006E+02   -.3007E+02   -.3007E+02   -.3008E+02   -.3008E+02   -.3009E+02   -.3009E+02   -.3010E+02   -.3011E+02   -.3012E+02   -.3012E+02   -.3013E+02   -.3014E+02   -.3015E+02   -.3017E+02   -.3018E+02   -.3019E+02   -.3021E+02   -.3023E+02   -.3025E+02   -.3027E+02   -.3029E+02   -.3032E+02   -.3035E+02   -.3039E+02   -.3043E+02   -.3047E+02   -.3053E+02   -.3059E+02   -.3066E+02   -.3074E+02   -.3083E+02   -.3094E+02   -.3106E+02   -.3118E+02   -.3127E+02   -.3129E+02   -.3112E+02   -.3063E+02   -.2949E+02   -.2766E+02   -.4358E+02   -.2011E+02   -.1244E+02   -.1214E+02   -.1047E+02   -.1009E+02   -.9186E+01   -.8654E+01   -.8037E+01   -.7553E+01   -.7090E+01   -.6693E+01   -.6331E+01   -.6009E+01   -.5721E+01   -.5462E+01   -.5228E+01   -.5015E+01   -.4821E+01   -.4643E+01   -.4479E+01   -.4328E+01   -.4189E+01   -.4061E+01   -.3943E+01   -.3834E+01   -.3733E+01   -.3638E+01   -.3548E+01   -.3463E+01   -.3382E+01   -.3306E+01   -.3234E+01
0.1214E+06   0.2100E+02   -.3000E+02   -.3000E+02   -.3000E+02   -.3000E+02   -.3000E+02   -.3000E+02   -.3000E+02   -.3000E+02   -.3000E+02   -.3000E+02   -.3000E+02   -.3000E+02   -.3000E+02   -.3000E+02   -.3000E+02   -.3000E+02   -.3000E+02   -.3000E+02   -.3000E+02   -.3001E+02   -.3001E+02   -.3001E+02   -.3001E+02   -.3001E+02   -.3001E+02   -.3001E+02   -.3001E+02   -.3001E+02   -.3001E+02   -.3001E+02   -.3001E+02   -.3001E+02   -.3001E+02   -.3001E+02   -.3002E+02   -.3002E+02   -.3002E+02   -.3002E+02   -.3002E+02   -.3002E+02   -.3002E+02   -.3003E+02   -.3003E+02   -.3003E+02   -.3003E+02   -.3004E+02   -.3004E+02   -.3004E+02   -.3004E+02   -.3005E+02   -.3005E+02   -.3005E+02   -.3006E+02   -.3006E+02   -.3007E+02   -.3007E+02   -.3008E+02   -.3008E+02   -.3009E+02   -.3009E+02   -.3010E+02   -.3011E+02   -.3012E+02   -.3012E+02   -.3013E+02   -.3014E+02   -.3016E+02   -.3017E+02   -.3018E+02   -.3019E+02   -.3021E+02   -.3023E+02   -.3025E+02   -.3027E+02   -.3029E+02   -.3032E+02   -.3035E+02   -.3039E+02   -.3043E+02   -.3047E+02   -.3053E+02   -.3059E+02   -.3066E+02   -.3074E+02   -.3083E+02   -.3094E+02   -.3106E+02   -.3118E+02   -.3127E+02   -.3129E+02   -.3112E+02   -.3063E+02   -.2949E+02   -.2766E+02   -.4358E+02   -.2011E+02   -.1244E+02   -.1214E+02   -.1047E+02   -.1009E+02   -.9186E+01   -.8654E+01   -.8038E+01   -.7553E+01   -.7090E+01   -.6693E+01   -.6331E+01   -.6010E+01   -.5721E+01   -.5462E+01   -.5228E+01   -.5015E+01   -.4821E+01   -.4643E+01   -.4479E+01   -.4328E+01   -.4189E+01   -.4061E+01   -.3943E+01   -.3834E+01   -.3733E+01   -.3638E+01   -.3548E+01   -.3463E+01   -.3382E+01   -.3306E+01   -.3234E+01   -.3166E+01
0.1214E+06   0.2133E+02   -.3000E+02   -.3000E+02   -.3000E+02   -.3000E+02   -.3000E+02   -.3000E+02   -.3000E+02   -.3000E+02   -.3000E+02   -.3000E+02   -.3000E+02   -.3000E+02   -.3000E+02   -.3000E+02   -.3000E+02   -.3000E+02   -.3000E+02   -.3000E+02   -.3001E+02   -.3001E+02   -.3001E+02   -.3001E+02   -.3001E+02   -.3001E+02   -.3001E+02   -.3001E+02   -.3001E+02   -.3001E+02   -.3001E+02   -.3001E+02   -.3001E+02   -.3001E+02   -.3001E+02   -.3002E+02   -.3002E+02   -.3002E+02   -.3002E+02   -.3002E+02   -.3002E+02   -.3002E+02   -.3003E+02   -.3003E+02   -.3003E+02   -.3003E+02   -.3004E+02   -.3004E+02   -.3004E+02   -.3004E+02   -.3005E+02   -.3005E+02   -.3005E+02   -.3006E+02   -.3006E+02   -.3007E+02   -.3007E+02   -.3008E+02   -.3008E+02   -.3009E+02   -.3009E+02   -.3010E+02   -.3011E+02   -.3012E+02   -.3012E+02   -.3013E+02   -.3014E+02   -.3016E+02   -.3017E+02   -.3018E+02   -.3019E+02   -.3021E+02   -.3023E+02   -.3025E+02   -.3027E+02   -.3029E+02   -.3032E+02   -.3035E+02   -.3039E+02   -.3043E+02   -.3047E+02   -.3053E+02   -.3059E+02   -.3066E+02   -.3074E+02   -.3083E+02   -.3094E+02   -.3106E+02   -.3118E+02   -.3127E+02   -.3129E+02   -.3112E+02   -.3063E+02   -.2949E+02   -.2766E+02   -.4358E+02   -.2011E+02   -.1244E+02   -.1214E+02   -.1047E+02   -.1009E+02   -.9186E+01   -.8654E+01   -.8038E+01   -.7553E+01   -.7090E+01   -.6693E+01   -.6331E+01   -.6010E+01   -.5721E+01   -.5462E+01   -.5228E+01   -.5015E+01   -.4821E+01   -.4643E+01   -.4479E+01   -.4328E+01   -.4189E+01   -.4061E+01   -.3943E+01   -.3834E+01   -.3733E+01   -.3638E+01   -.3548E+01   -.3463E+01   -.3382E+01   -.3306E+01   -.3234E+01   -.3166E+01   -.3102E+01
0.1214E+06   0.2167E+02   -.3000E+02   -.3000E+02   -.3000E+02   -.3000E+02   -.3000E+02   -.3000E+02   -.3000E+02   -.3000E+02   -.3000E+02   -.3000E+02   -.3000E+02   -.3000E+02   -.3000E+02   -.3000E+02   -.3000E+02   -.3000E+02   -.3001E+02   -.3001E+02   -.3001E+02   -.3001E+02   -.3001E+02   -.3001E+02   -.3001E+02   -.3001E+02   -.3001E+02   -.3001E+02   -.3001E+02   -.3001E+02   -.3001E+02   -.3001E+02   -.3001E+02   -.3002E+02   -.3002E+02   -.3002E+02   -.3002E+02   -.3002E+02   -.3002E+02   -.3002E+02   -.3003E+02   -.3003E+02   -.3003E+02   -.3003E+02   -.3003E+02   -.3004E+02   -.3004E+02   -.3004E+02   -.3004E+02   -.3005E+02   -.3005E+02   -.3005E+02   -.3006E+02   -.3006E+02   -.3007E+02   -.3007E+02   -.3008E+02   -.3008E+02   -.3009E+02   -.3009E+02   -.3010E+02   -.3011E+02   -.3012E+02   -.3012E+02   -.3013E+02   -.3014E+02   -.3016E+02   -.3017E+02   -.3018E+02   -.3019E+02   -.3021E+02   -.3023E+02   -.3025E+02   -.3027E+02   -.3029E+02   -.3032E+02   -.3035E+02   -.3039E+02   -.3043E+02   -.3047E+02   -.3053E+02   -.3059E+02   -.3066E+02   -.3074E+02   -.3083E+02   -.3094E+02   -.3106E+02   -.3118E+02   -.3127E+02   -.3129E+02   -.3112E+02   -.3063E+02   -.2949E+02   -.2766E+02   -.4358E+02   -.2011E+02   -.1244E+02   -.1214E+02   -.1047E+02   -.1009E+02   -.9186E+01   -.8654E+01   -.8038E+01   -.7553E+01   -.7090E+01   -.6693E+01   -.6331E+01   -.6010E+01   -.5721E+01   -.5462E+01   -.5228E+01   -.5015E+01   -.4821E+01   -.4643E+01   -.4479E+01   -.4328E+01   -.4189E+01   -.4061E+01   -.3943E+01   -.3834E+01   -.3733E+01   -.3638E+01   -.3548E+01   -.3463E+01   -.3382E+01   -.3306E+01   -.3234E+01   -.3166E+01   -.3102E+01   -.3042E+01
0.1214E+06   0.2200E+02   -.3000E+02   -.3000E+02   -.3000E+02   -.3000E+02   -.3000E+02   -.3000E+02   -.3000E+02   -.3000E+02   -.3000E+02   -.3000E+02   -.3000E+02   -.3000E+02   -.3000E+02   -.3000E+02   -.3000E+02   -.3001E+02   -.3001E+02   -.3001E+02   -.3001E+02   -.3001E+02   -.3001E+02   -.3001E+02   -.3001E+02   -.3001E+02   -.3001E+02   -.3001E+02   -.3001E+02   -.3001E+02   -.3001E+02   -.3001E+02   -.3002E+02   -.3002E+02   -.3002E+02   -.3002E+02   -.3002E+02   -.3002E+02   -.3002E+02   -.3003E+02   -.3003E+02   -.3003E+02   -.3003E+02   -.3003E+02   -.3004E+02   -.3004E+02   -.3004E+02   -.3004E+02   -.3005E+02   -.3005E+02   -.3005E+02   -.3006E+02   -.3006E+02   -.3007E+02   -.3007E+02   -.3008E+02   -.3008E+02   -.3009E+02   -.3009E+02   -.3010E+02   -.3011E+02   -.3012E+02   -.3012E+02   -.3013E+02   -.3014E+02   -.3016E+02   -.3017E+02   -.3018E+02   -.3020E+02   -.3021E+02   -.3023E+02   -.3025E+02   -.3027E+02   -.3029E+02   -.3032E+02   -.3035E+02   -.3039E+02   -.3043E+02   -.3047E+02   -.3053E+02   -.3059E+02   -.3066E+02   -.3074E+02   -.3083E+02   -.3094E+02   -.3106E+02   -.3118E+02   -.3127E+02   -.3129E+02   -.3112E+02   -.3063E+02   -.2949E+02   -.2766E+02   -.4358E+02   -.2011E+02   -.1244E+02   -.1214E+02   -.1047E+02   -.1009E+02   -.9186E+01   -.8654E+01   -.8038E+01   -.7553E+01   -.7090E+01   -.6693E+01   -.6331E+01   -.6010E+01   -.5721E+01   -.5462E+01   -.5228E+01   -.5015E+01   -.4821E+01   -.4643E+01   -.4479E+01   -.4328E+01   -.4189E+01   -.4061E+01   -.3943E+01   -.3834E+01   -.3733E+01   -.3638E+01   -.3548E+01   -.3463E+01   -.3382E+01   -.3306E+01   -.3234E+01   -.3166E+01   -.3102E+01   -.3042E+01   -.2985E+01
0.1214E+06   0.2233E+02   -.3000E+02   -.3000E+02   -.3000E+02   -.3000E+02   -.3000E+02   -.3000E+02   -.3000E+02   -.3000E+02   -.3000E+02   -.3000E+02   -.3000E+02   -.3000E+02   -.3000E+02   -.3001E+02   -.3001E+02   -.3001E+02   -.3001E+02   -.3001E+02   -.3001E+02   -.3001E+02   -.3001E+02   -.3001E+02   -.3001E+02   -.3001E+02   -.3001E+02   -.3001E+02   -.3001E+02   -.3001E+02   -.3001E+02   -.3002E+02   -.3002E+02   -.3002E+02   -.3002E+02   -.3002E+02   -.3002E+02   -.3002E+02   -.3003E+02   -.3003E+02   -.3003E+02   -.3003E+02   -.3003E+02   -.3004E+02   -.3004E+02   -.3004E+02   -.3004E+02   -.3005E+02   -.3005E+02   -.3005E+02   -.3006E+02   -.3006E+02   -.3007E+02   -.3007E+02   -.3008E+02   -.3008E+02   -.3009E+02   -.3009E+02   -.3010E+02   -.3011E+02   -.3012E+02   -.3012E+02   -.3013E+02   -.3014E+02   -.3016E+02   -.3017E+02   -.3018E+02   -.3020E+02   -.3021E+02   -.3023E+02   -.3025E+02   -.3027E+02   -.3029E+02   -.3032E+02   -.3035E+02   -.3039E+02   -.3043E+02   -.3047E+02   -.3053E+02   -.3059E+02   -.3066E+02   -.3074E+02   -.3083E+02   -.3094E+02   -.3106E+02   -.3118E+02   -.3127E+02   -.3129E+02   -.3112E+02   -.3063E+02   -.2949E+02   -.2766E+02   -.4358E+02   -.2011E+02   -.1244E+02   -.1214E+02   -.1047E+02   -.1009E+02   -.9186E+01   -.8654E+01   -.8038E+01   -.7553E+01   -.7090E+01   -.6693E+01   -.6331E+01   -.6010E+01   -.5721E+01   -.5462E+01   -.5228E+01   -.5015E+01   -.4821E+01   -.4643E+01   -.4479E+01   -.4328E+01   -.4189E+01   -.4061E+01   -.3943E+01   -.3834E+01   -.3733E+01   -.3638E+01   -.3548E+01   -.3463E+01   -.3382E+01   -.3306E+01   -.3234E+01   -.3166E+01   -.3102E+01   -.3042E+01   -.2985E+01   -.2932E+01
0.1214E+06   0.2267E+02   -.3000E+02   -.3000E+02   -.3000E+02   -.3000E+02   -.3000E+02   -.3000E+02   -.3000E+02   -.3000E+02   -.3000E+02   -.3000E+02   -.3000E+02   -.3000E+02   -.3001E+02   -.3001E+02   -.3001E+02   -.3001E+02   -.3001E+02   -.3001E+02   -.3001E+02   -.3001E+02   -.3001E+02   -.3001E+02   -.3001E+02   -.3001E+02   -.3001E+02   -.3001E+02   -.3001E+02   -.3001E+02   -.3002E+02   -.3002E+02   -.3002E+02   -.3002E+02   -.3002E+02   -.3002E+02   -.3002E+02   -.3003E+02   -.3003E+02   -.3003E+02   -.3003E+02   -.3003E+02   -.3004E+02   -.3004E+02   -.3004E+02   -.3004E+02   -.3005E+02   -.3005E+02   -.3005E+02   -.3006E+02   -.3006E+02   -.3007E+02   -.3007E+02   -.3008E+02   -.3008E+02   -.3009E+02   -.3009E+02   -.3010E+02   -.3011E+02   -.3012E+02   -.3012E+02   -.3013E+02   -.3014E+02   -.3016E+02   -.3017E+02   -.3018E+02   -.3020E+02   -.3021E+02   -.3023E+02   -.3025E+02   -.3027E+02   -.3029E+02   -.3032E+02   -.3035E+02   -.3039E+02   -.3043E+02   -.3047E+02   -.3053E+02   -.3059E+02   -.3066E+02   -.3074E+02   -.3083E+02   -.3094E+02   -.3106E+02   -.3118E+02   -.3127E+02   -.3129E+02   -.3112E+02   -.3064E+02   -.2949E+02   -.2766E+02   -.4358E+02   -.2011E+02   -.1244E+02   -.1214E+02   -.1047E+02   -.1009E+02   -.9187E+01   -.8654E+01   -.8038E+01   -.7553E+01   -.7091E+01   -.6693E+01   -.6331E+01   -.6010E+01   -.5721E+01   -.5462E+01   -.5228E+01   -.5015E+01   -.4821E+01   -.4643E+01   -.4479E+01   -.4328E+01   -.4189E+01   -.4061E+01   -.3943E+01   -.3834E+01   -.3733E+01   -.3638E+01   -.3548E+01   -.3463E+01   -.3382E+01   -.3306E+01   -.3234E+01   -.3166E+01   -.3102E+01   -.3042E+01   -.2985E+01   -.2932E+01   -.2882E+01
0.1214E+06   0.2300E+02   -.3000E+02   -.3000E+02   -.3000E+02   -.3000E+02   -.3000E+02   -.3000E+02   -.3000E+02   -.3000E+02   -.3000E+02   -.3000E+02   -.3000E+02   -.3001E+02   -.3001E+02   -.3001E+02   -.3001E+02   -.3001E+02   -.3001E+02   -.3001E+02   -.3001E+02   -.3001E+02   -.3001E+02   -.3001E+02   -.3001E+02   -.3001E+02   -.3001E+02   -.3001E+02   -.3001E+02   -.3002E+02   -.3002E+02   -.3002E+02   -.3002E+02   -.3002E+02   -.3002E+02   -.3002E+02   -.3003E+02   -.3003E+02   -.3003E+02   -.3003E+02   -.3003E+02   -.3004E+02   -.3004E+02   -.3004E+02   -.3004E+02   -.3005E+02   -.3005E+02   -.3005E+02   -.3006E+02   -.3006E+02   -.3007E+02   -.3007E+02   -.3008E+02   -.3008E+02   -.3009E+02   -.3009E+02   -.3010E+02   -.3011E+02   -.3012E+02   -.3012E+02   -.3013E+02   -.3014E+02   -.3016E+02   -.3017E+02   -.3018E+02   -.3020E+02   -.3021E+02   -.3023E+02   -.3025E+02   -.3027E+02   -.3029E+02   -.3032E+02   -.3035E+02   -.3039E+02   -.3043E+02   -.3047E+02   -.3053E+02   -.3059E+02   -.3066E+02   -.3074E+02   -.3083E+02   -.3094E+02   -.3106E+02   -.3118E+02   -.3127E+02   -.3129E+02   -.3112E+02   -.3064E+02   -.2949E+02   -.2766E+02   -.4358E+02   -.2011E+02   -.1244E+02   -.1214E+02   -.1047E+02   -.1009E+02   -.9187E+01   -.8655E+01   -.8038E+01   -.7553E+01   -.7091E+01   -.6693E+01   -.6331E+01   -.6010E+01   -.5721E+01   -.5462E+01   -.5228E+01   -.5015E+01   -.4821E+01   -.4643E+01   -.4479E+01   -.4328E+01   -.4189E+01   -.4061E+01   -.3943E+01   -.3834E+01   -.3733E+01   -.3638E+01   -.3548E+01   -.3463E+01   -.3382E+01   -.3306E+01   -.3234E+01   -.3166E+01   -.3102E+01   -.3042E+01   -.2985E+01   -.2932E+01   -.2882E+01   -.2834E+01
0.1214E+06   0.2333E+02   -.3000E+02   -.3000E+02   -.3000E+02   -.3000E+02   -.3000E+02   -.3000E+02   -.3000E+02   -.3000E+02   -.3000E+02   -.3001E+02   -.3001E+02   -.3001E+02   -.3001E+02   -.3001E+02   -.3001E+02   -.3001E+02   -.3001E+02   -.3001E+02   -.3001E+02   -.3001E+02   -.3001E+02   -.3001E+02   -.3001E+02   -.3001E+02   -.3001E+02   -.3001E+02   -.3002E+02   -.3002E+02   -.3002E+02   -.3002E+02   -.3002E+02   -.3002E+02   -.3002E+02   -.3003E+02   -.3003E+02   -.3003E+02   -.3003E+02   -.3003E+02   -.3004E+02   -.3004E+02   -.3004E+02   -.3004E+02   -.3005E+02   -.3005E+02   -.3005E+02   -.3006E+02   -.3006E+02   -.3007E+02   -.3007E+02   -.3008E+02   -.3008E+02   -.3009E+02   -.3009E+02   -.3010E+02   -.3011E+02   -.3012E+02   -.3012E+02   -.3013E+02   -.3014E+02   -.3016E+02   -.3017E+02   -.3018E+02   -.3020E+02   -.3021E+02   -.3023E+02   -.3025E+02   -.3027E+02   -.3030E+02   -.3032E+02   -.3035E+02   -.3039E+02   -.3043E+02   -.3047E+02   -.3053E+02   -.3059E+02   -.3066E+02   -.3074E+02   -.3083E+02   -.3094E+02   -.3106E+02   -.3118E+02   -.3127E+02   -.3129E+02   -.3112E+02   -.3064E+02   -.2949E+02   -.2766E+02   -.4358E+02   -.2011E+02   -.1244E+02   -.1214E+02   -.1047E+02   -.1009E+02   -.9187E+01   -.8655E+01   -.8038E+01   -.7553E+01   -.7091E+01   -.6693E+01   -.6331E+01   -.6010E+01   -.5721E+01   -.5462E+01   -.5228E+01   -.5015E+01   -.4821E+01   -.4643E+01   -.4479E+01   -.4328E+01   -.4189E+01   -.4061E+01   -.3943E+01   -.3834E+01   -.3733E+01   -.3638E+01   -.3548E+01   -.3463E+01   -.3382E+01   -.3306E+01   -.3234E+01   -.3166E+01   -.3102E+01   -.3042E+01   -.2985E+01   -.2932E+01   -.2882E+01   -.2834E+01   -.2789E+01
0.1214E+06   0.2367E+02   -.3000E+02   -.3000E+02   -.3000E+02   -.3000E+02   -.3000E+02   -.3000E+02   -.3000E+02   -.3000E+02   -.3001E+02   -.3001E+02   -.3001E+02   -.3001E+02   -.3001E+02   -.3001E+02   -.3001E+02   -.3001E+02   -.3001E+02   -.3001E+02   -.3001E+02   -.3001E+02   -.3001E+02   -.3001E+02   -.3001E+02   -.3001E+02   -.3002E+02   -.3002E+02   -.3002E+02   -.3002E+02   -.3002E+02   -.3002E+02   -.3002E+02   -.3002E+02   -.3003E+02   -.3003E+02   -.3003E+02   -.3003E+02   -.3003E+02   -.3004E+02   -.3004E+02   -.3004E+02   -.3004E+02   -.3005E+02   -.3005E+02   -.3005E+02   -.3006E+02   -.3006E+02   -.3007E+02   -.3007E+02   -.3008E+02   -.3008E+02   -.3009E+02   -.3009E+02   -.3010E+02   -.3011E+02   -.3012E+02   -.3012E+02   -.3013E+02   -.3014E+02   -.3016E+02   -.3017E+02   -.3018E+02   -.3020E+02   -.3021E+02   -.3023E+02   -.3025E+02   -.3027E+02   -.3030E+02   -.3032E+02   -.3035E+02   -.3039E+02   -.3043E+02   -.3047E+02   -.3053E+02   -.3059E+02   -.3066E+02   -.3074E+02   -.3083E+02   -.3094E+02   -.3106E+02   -.3118E+02   -.3127E+02   -.3129E+02   -.3112E+02   -.3064E+02   -.2949E+02   -.2766E+02   -.4359E+02   -.2011E+02   -.1244E+02   -.1214E+02   -.1047E+02   -.1009E+02   -.9187E+01   -.8655E+01   -.8038E+01   -.7553E+01   -.7091E+01   -.6693E+01   -.6331E+01   -.6010E+01   -.5721E+01   -.5462E+01   -.5228E+01   -.5015E+01   -.4821E+01   -.4643E+01   -.4479E+01   -.4328E+01   -.4189E+01   -.4061E+01   -.3943E+01   -.3834E+01   -.3733E+01   -.3638E+01   -.3548E+01   -.3463E+01   -.3382E+01   -.3306E+01   -.3234E+01   -.3166E+01   -.3102E+01   -.3042E+01   -.2985E+01   -.2932E+01   -.2882E+01   -.2834E+01   -.2789E+01   -.2746E+01
0.1214E+06   0.2400E+02   -.3000E+02   -.3000E+02   -.3000E+02   -.3000E+02   -.3000E+02   -.3000E+02   -.3000E+02   -.3001E+02   -.3001E+02   -.3001E+02   -.3001E+02   -.3001E+02   -.3001E+02   -.3001E+02   -.3001E+02   -.3001E+02   -.3001E+02   -.3001E+02   -.3001E+02   -.3001E+02   -.3001E+02   -.3001E+02   -.3001E+02   -.3002E+02   -.3002E+02   -.3002E+02   -.3002E+02   -.3002E+02   -.3002E+02   -.3002E+02   -.3002E+02   -.3003E+02   -.3003E+02   -.3003E+02   -.3003E+02   -.3003E+02   -.3004E+02   -.3004E+02   -.3004E+02   -.3005E+02   -.3005E+02   -.3005E+02   -.3006E+02   -.3006E+02   -.3006E+02   -.3007E+02   -.3007E+02   -.3008E+02   -.3008E+02   -.3009E+02   -.3009E+02   -.3010E+02   -.3011E+02   -.3012E+02   -.3012E+02   -.3013E+02   -.3014E+02   -.3016E+02   -.3017E+02   -.3018E+02   -.3020E+02   -.3021E+02   -.3023E+02   -.3025E+02   -.3027E+02   -.3030E+02   -.3032E+02   -.3035E+02   -.3039E+02   -.3043E+02   -.3047E+02   -.3053E+02   -.3059E+02   -.3066E+02   -.3074E+02   -.3083E+02   -.3094E+02   -.3106E+02   -.3118E+02   -.3127E+02   -.3129E+02   -.3112E+02   -.3064E+02   -.2949E+02   -.2766E+02   -.4359E+02   -.2011E+02   -.1244E+02   -.1214E+02   -.1047E+02   -.1009E+02   -.9187E+01   -.8655E+01   -.8038E+01   -.7553E+01   -.7091E+01   -.6693E+01   -.6331E+01   -.6010E+01   -.5721E+01   -.5462E+01   -.5228E+01   -.5015E+01   -.4821E+01   -.4643E+01   -.4479E+01   -.4328E+01   -.4189E+01   -.4061E+01   -.3943E+01   -.3834E+01   -.3733E+01   -.3638E+01   -.3548E+01   -.3463E+01   -.3382E+01   -.3306E+01   -.3234E+01   -.3166E+01   -.3102E+01   -.3042E+01   -.2985E+01   -.2932E+01   -.2882E+01   -.2834E+01   -.2789E+01   -.2746E+01   -.2706E+01
0.1214E+06   0.2433E+02   -.3000E+02   -.3000E+02   -.3000E+02   -.3000E+02   -.3000E+02   -.3000E+02   -.3001E+02   -.3001E+02   -.3001E+02   -.3001E+02   -.3001E+02   -.3001E+02   -.3001E+02   -.3001E+02   -.3001E+02   -.3001E+02   -.3001E+02   -.3001E+02   -.3001E+02   -.3001E+02   -.3001E+02   -.3001E+02   -.3002E+02   -.3002E+02   -.3002E+02   -.3002E+02   -.3002E+02   -.3002E+02   -.3002E+02   -.3002E+02   -.3003E+02   -.3003E+02   -.3003E+02   -.3003E+02   -.3003E+02   -.3004E+02   -.3004E+02   -.3004E+02   -.3005E+02   -.3005E+02   -.3005E+02   -.3006E+02   -.3006E+02   -.3006E+02   -.3007E+02   -.3007E+02   -.3008E+02   -.3008E+02   -.3009E+02   -.3009E+02   -.3010E+02   -.3011E+02   -.3012E+02   -.3012E+02   -.3013E+02   -.3014E+02   -.3016E+02   -.3017E+02   -.3018E+02   -.3020E+02   -.3021E+02   -.3023E+02   -.3025E+02   -.3027E+02   -.3030E+02   -.3032E+02   -.3035E+02   -.3039E+02   -.3043E+02   -.3047E+02   -.3053E+02   -.3059E+02   -.3066E+02   -.3074E+02   -.3083E+02   -.3094E+02   -.3106E+02   -.3118E+02   -.3127E+02   -.3129E+02   -.3112E+02   -.3064E+02   -.2949E+02   -.2766E+02   -.4359E+02   -.2011E+02   -.1244E+02   -.1214E+02   -.1047E+02   -.1009E+02   -.9187E+01   -.8655E+01   -.8038E+01   -.7554E+01   -.7091E+01   -.6693E+01   -.6331E+01   -.6010E+01   -.5721E+01   -.5462E+01   -.5228E+01   -.5015E+01   -.4821E+01   -.4643E+01   -.4479E+01   -.4328E+01   -.4189E+01   -.4061E+01   -.3943E+01   -.3834E+01   -.3733E+01   -.3638E+01   -.3548E+01   -.3463E+01   -.3382E+01   -.3306E+01   -.3234E+01   -.3166E+01   -.3102E+01   -.3042E+01   -.2985E+01   -.2932E+01   -.2882E+01   -.2834E+01   -.2789E+01   -.2746E+01   -.2706E+01   -.2667E+01
0.1214E+06   0.2467E+02   -.3000E+02   -.3000E+02   -.3000E+02   -.3000E+02   -.3000E+02   -.3000E+02   -.3001E+02   -.3001E+02   -.3001E+02   -.3001E+02   -.3001E+02   -.3001E+02   -.3001E+02   -.3001E+02   -.3001E+02   -.3001E+02   -.3001E+02   -.3001E+02   -.3001E+02   -.3001E+02   -.3001E+02   -.3002E+02   -.3002E+02   -.3002E+02   -.3002E+02   -.3002E+02   -.3002E+02   -.3002E+02   -.3003E+02   -.3003E+02   -.3003E+02   -.3003E+02   -.3003E+02   -.3003E+02   -.3004E+02   -.3004E+02   -.3004E+02   -.3005E+02   -.3005E+02   -.3005E+02   -.3006E+02   -.3006E+02   -.3006E+02   -.3007E+02   -.3007E+02   -.3008E+02   -.3008E+02   -.3009E+02   -.3009E+02   -.3010E+02   -.3011E+02   -.3012E+02   -.3013E+02   -.3013E+02   -.3014E+02   -.3016E+02   -.3017E+02   -.3018E+02   -.3020E+02   -.3021E+02   -.3023E+02   -.3025E+02   -.3027E+02   -.3030E+02   -.3032E+02   -.3036E+02   -.3039E+02   -.3043E+02   -.3047E+02   -.3053E+02   -.3059E+02   -.3066E+02   -.3074E+02   -.3083E+02   -.3094E+02   -.3106E+02   -.3118E+02   -.3127E+02   -.3129E+02   -.3112E+02   -.3064E+02   -.2949E+02   -.2766E+02   -.4359E+02   -.2011E+02   -.1244E+02   -.1214E+02   -.1047E+02   -.1009E+02   -.9187E+01   -.8655E+01   -.8038E+01   -.7554E+01   -.7091E+01   -.6693E+01   -.6331E+01   -.6010E+01   -.5721E+01   -.5462E+01   -.5228E+01   -.5016E+01   -.4821E+01   -.4643E+01   -.4479E+01   -.4328E+01   -.4189E+01   -.4061E+01   -.3943E+01   -.3834E+01   -.3733E+01   -.3638E+01   -.3548E+01   -.3463E+01   -.3382E+01   -.3306E+01   -.3234E+01   -.3166E+01   -.3102E+01   -.3042E+01   -.2985E+01   -.2932E+01   -.2882E+01   -.2834E+01   -.2789E+01   -.2746E+01   -.2706E+01   -.2667E+01   -.2630E+01
0.1214E+06   0.2500E+02   -.3000E+02   -.3000E+02   -.3000E+02   -.3000E+02   -.3000E+02   -.3001E+02   -.3001E+02   -.3001E+02   -.3001E+02   -.3001E+02   -.3001E+02   -.3001E+02   -.3001E+02   -.3001E+02   -.3001E+02   -.3001E+02   -.3001E+02   -.3001E+02   -.3001E+02   -.3001E+02   -.3002E+02   -.3002E+02   -.3002E+02   -.3002E+02   -.3002E+02   -.3002E+02   -.3002E+02   -.3003E+02   -.3003E+02   -.3003E+02   -.3003E+02   -.3003E+02   -.3004E+02   -.3004E+02   -.3004E+02   -.3004E+02   -.3005E+02   -.3005E+02   -.3005E+02   -.3006E+02   -.3006E+02   -.3006E+02   -.3007E+02   -.3007E+02   -.3008E+02   -.3008E+02   -.3009E+02   -.3009E+02   -.3010E+02   -.3011E+02   -.3012E+02   -.3013E+02   -.3013E+02   -.3014E+02   -.3016E+02   -.3017E+02   -.3018E+02   -.3020E+02   -.3021E+02   -.3023E+02   -.3025E+02   -.3027E+02   -.3030E+02   -.3032E+02   -.3036E+02   -.3039E+02   -.3043E+02   -.3048E+02   -.3053E+02   -.3059E+02   -.3066E+02   -.3074E+02   -.3083E+02   -.3094E+02   -.3106E+02   -.3118E+02   -.3127E+02   -.3129E+02   -.3112E+02   -.3064E+02   -.2949E+02   -.2766E+02   -.4359E+02   -.2011E+02   -.1244E+02   -.1214E+02   -.1047E+02   -.1009E+02   -.9187E+01   -.8655E+01   -.8038E+01   -.7554E+01   -.7091E+01   -.6693E+01   -.6331E+01   -.6010E+01   -.5721E+01   -.5462E+01   -.5228E+01   -.5016E+01   -.4822E+01   -.4643E+01   -.4479E+01   -.4328E+01   -.4189E+01   -.4061E+01   -.3943E+01   -.3835E+01   -.3733E+01   -.3638E+01   -.3548E+01   -.3463E+01   -.3382E+01   -.3306E+01   -.3234E+01   -.3166E+01   -.3102E+01   -.3042E+01   -.2985E+01   -.2932E+01   -.2882E+01   -.2834E+01   -.2789E+01   -.2746E+01   -.2706E+01   -.2667E+01   -.2630E+01   -.2595E+01
0.1214E+06   0.2533E+02   -.3000E+02   -.3000E+02   -.3000E+02   -.3000E+02   -.3001E+02   -.3001E+02   -.3001E+02   -.3001E+02   -.3001E+02   -.3001E+02   -.3001E+02   -.3001E+02   -.3001E+02   -.3001E+02   -.3001E+02   -.3001E+02   -.3001E+02   -.3001E+02   -.3001E+02   -.3002E+02   -.3002E+02   -.3002E+02   -.3002E+02   -.3002E+02   -.3002E+02   -.3002E+02   -.3003E+02   -.3003E+02   -.3003E+02   -.3003E+02   -.3003E+02   -.3004E+02   -.3004E+02   -.3004E+02   -.3004E+02   -.3005E+02   -.3005E+02   -.3005E+02   -.3006E+02   -.3006E+02   -.3006E+02   -.3007E+02   -.3007E+02   -.3008E+02   -.3008E+02   -.3009E+02   -.3010E+02   -.3010E+02   -.3011E+02   -.3012E+02   -.3013E+02   -.3013E+02   -.3014E+02   -.3016E+02   -.3017E+02   -.3018E+02   -.3020E+02   -.3021E+02   -.3023E+02   -.3025E+02   -.3027E+02   -.3030E+02   -.3032E+02   -.3036E+02   -.3039E+02   -.3043E+02   -.3048E+02   -.3053E+02   -.3059E+02   -.3066E+02   -.3074E+02   -.3084E+02   -.3094E+02   -.3106E+02   -.3118E+02   -.3127E+02   -.3129E+02   -.3112E+02   -.3064E+02   -.2949E+02   -.2766E+02   -.4359E+02   -.2011E+02   -.1244E+02   -.1214E+02   -.1047E+02   -.1009E+02   -.9187E+01   -.8655E+01   -.8039E+01   -.7554E+01   -.7091E+01   -.6694E+01   -.6332E+01   -.6010E+01   -.5721E+01   -.5463E+01   -.5228E+01   -.5016E+01   -.4822E+01   -.4643E+01   -.4479E+01   -.4328E+01   -.4189E+01   -.4061E+01   -.3944E+01   -.3835E+01   -.3733E+01   -.3638E+01   -.3548E+01   -.3463E+01   -.3382E+01   -.3306E+01   -.3234E+01   -.3166E+01   -.3102E+01   -.3042E+01   -.2986E+01   -.2932E+01   -.2882E+01   -.2834E+01   -.2789E+01   -.2746E+01   -.2706E+01   -.2667E+01   -.2631E+01   -.2596E+01   -.2562E+01
0.1214E+06   0.2567E+02   -.3000E+02   -.3000E+02   -.3000E+02   -.3000E+02   -.3001E+02   -.3001E+02   -.3001E+02   -.3001E+02   -.3001E+02   -.3001E+02   -.3001E+02   -.3001E+02   -.3001E+02   -.3001E+02   -.3001E+02   -.3001E+02   -.3001E+02   -.3001E+02   -.3002E+02   -.3002E+02   -.3002E+02   -.3002E+02   -.3002E+02   -.3002E+02   -.3002E+02   -.3003E+02   -.3003E+02   -.3003E+02   -.3003E+02   -.3003E+02   -.3004E+02   -.3004E+02   -.3004E+02   -.3004E+02   -.3005E+02   -.3005E+02   -.3005E+02   -.3006E+02   -.3006E+02   -.3006E+02   -.3007E+02   -.3007E+02   -.3008E+02   -.3008E+02   -.3009E+02   -.3010E+02   -.3010E+02   -.3011E+02   -.3012E+02   -.3013E+02   -.3013E+02   -.3014E+02   -.3016E+02   -.3017E+02   -.3018E+02   -.3020E+02   -.3021E+02   -.3023E+02   -.3025E+02   -.3027E+02   -.3030E+02   -.3032E+02   -.3036E+02   -.3039E+02   -.3043E+02   -.3048E+02   -.3053E+02   -.3059E+02   -.3066E+02   -.3074E+02   -.3084E+02   -.3094E+02   -.3106E+02   -.3118E+02   -.3127E+02   -.3129E+02   -.3112E+02   -.3064E+02   -.2949E+02   -.2766E+02   -.4359E+02   -.2011E+02   -.1244E+02   -.1214E+02   -.1047E+02   -.1009E+02   -.9187E+01   -.8655E+01   -.8039E+01   -.7554E+01   -.7091E+01   -.6694E+01   -.6332E+01   -.6010E+01   -.5722E+01   -.5463E+01   -.5229E+01   -.5016E+01   -.4822E+01   -.4644E+01   -.4479E+01   -.4328E+01   -.4189E+01   -.4061E+01   -.3944E+01   -.3835E+01   -.3733E+01   -.3638E+01   -.3548E+01   -.3463E+01   -.3383E+01   -.3306E+01   -.3234E+01   -.3166E+01   -.3102E+01   -.3042E+01   -.2986E+01   -.2932E+01   -.2882E+01   -.2834E+01   -.2789E+01   -.2747E+01   -.2706E+01   -.2667E+01   -.2631E+01   -.2596E+01   -.2562E+01   -.2530E+01
0.1214E+06   0.2600E+02   -.3000E+02   -.3000E+02   -.3000E+02   -.3001E+02   -.3001E+02   -.3001E+02   -.3001E+02   -.3001E+02   -.3001E+02   -.3001E+02   -.3001E+02   -.3001E+02   -.3001E+02   -.3001E+02   -.3001E+02   -.3001E+02   -.3001E+02   -.3002E+02   -.3002E+02   -.3002E+02   -.3002E+02   -.3002E+02   -.3002E+02   -.3002E+02   -.3003E+02   -.3003E+02   -.3003E+02   -.3003E+02   -.3003E+02   -.3004E+02   -.3004E+02   -.3004E+02   -.3004E+02   -.3005E+02   -.3005E+02   -.3005E+02   -.3006E+02   -.3006E+02   -.3006E+02   -.3007E+02   -.3007E+02   -.3008E+02   -.3008E+02   -.3009E+02   -.3010E+02   -.3010E+02   -.3011E+02   -.3012E+02   -.3013E+02   -.3013E+02   -.3014E+02   -.3016E+02   -.3017E+02   -.3018E+02   -.3020E+02   -.3021E+02   -.3023E+02   -.3025E+02   -.3027E+02   -.3030E+02   -.3032E+02   -.3036E+02   -.3039E+02   -.3043E+02   -.3048E+02   -.3053E+02   -.3059E+02   -.3066E+02   -.3074E+02   -.3084E+02   -.3094E+02   -.3106E+02   -.3118E+02   -.3127E+02   -.3129E+02   -.3112E+02   -.3064E+02   -.2949E+02   -.2766E+02   -.4359E+02   -.2011E+02   -.1244E+02   -.1214E+02   -.1047E+02   -.1009E+02   -.9188E+01   -.8656E+01   -.8039E+01   -.7554E+01   -.7092E+01   -.6694E+01   -.6332E+01   -.6011E+01   -.5722E+01   -.5463E+01   -.5229E+01   -.5016E+01   -.4822E+01   -.4644E+01   -.4480E+01   -.4328E+01   -.4189E+01   -.4062E+01   -.3944E+01   -.3835E+01   -.3734E+01   -.3639E+01   -.3549E+01   -.3463E+01   -.3383E+01   -.3307E+01   -.3234E+01   -.3166E+01   -.3102E+01   -.3042E+01   -.2986E+01   -.2933E+01   -.2882E+01   -.2834E+01   -.2789E+01   -.2747E+01   -.2706E+01   -.2668E+01   -.2631E+01   -.2596E+01   -.2562E+01   -.2531E+01   -.2500E+01
0.1214E+06   0.2633E+02   -.3000E+02   -.3000E+02   -.3000E+02   -.3001E+02   -.3001E+02   -.3001E+02   -.3001E+02   -.3001E+02   -.3001E+02   -.3001E+02   -.3001E+02   -.3001E+02   -.3001E+02   -.3001E+02   -.3001E+02   -.3001E+02   -.3002E+02   -.3002E+02   -.3002E+02   -.3002E+02   -.3002E+02   -.3002E+02   -.3002E+02   -.3003E+02   -.3003E+02   -.3003E+02   -.3003E+02   -.3003E+02   -.3004E+02   -.3004E+02   -.3004E+02   -.3004E+02   -.3005E+02   -.3005E+02   -.3005E+02   -.3006E+02   -.3006E+02   -.3006E+02   -.3007E+02   -.3007E+02   -.3008E+02   -.3008E+02   -.3009E+02   -.3010E+02   -.3010E+02   -.3011E+02   -.3012E+02   -.3013E+02   -.3014E+02   -.3015E+02   -.3016E+02   -.3017E+02   -.3018E+02   -.3020E+02   -.3021E+02   -.3023E+02   -.3025E+02   -.3027E+02   -.3030E+02   -.3032E+02   -.3036E+02   -.3039E+02   -.3043E+02   -.3048E+02   -.3053E+02   -.3059E+02   -.3066E+02   -.3074E+02   -.3084E+02   -.3094E+02   -.3106E+02   -.3118E+02   -.3127E+02   -.3129E+02   -.3112E+02   -.3064E+02   -.2950E+02   -.2766E+02   -.4359E+02   -.2011E+02   -.1244E+02   -.1214E+02   -.1047E+02   -.1009E+02   -.9188E+01   -.8656E+01   -.8039E+01   -.7554E+01   -.7092E+01   -.6694E+01   -.6332E+01   -.6011E+01   -.5722E+01   -.5463E+01   -.5229E+01   -.5016E+01   -.4822E+01   -.4644E+01   -.4480E+01   -.4329E+01   -.4190E+01   -.4062E+01   -.3944E+01   -.3835E+01   -.3734E+01   -.3639E+01   -.3549E+01   -.3463E+01   -.3383E+01   -.3307E+01   -.3234E+01   -.3166E+01   -.3102E+01   -.3042E+01   -.2986E+01   -.2933E+01   -.2882E+01   -.2835E+01   -.2789E+01   -.2747E+01   -.2706E+01   -.2668E+01   -.2631E+01   -.2596E+01   -.2562E+01   -.2531E+01   -.2501E+01   -.2472E+01
0.1214E+06   0.2667E+02   -.3000E+02   -.3000E+02   -.3001E+02   -.3001E+02   -.3001E+02   -.3001E+02   -.3001E+02   -.3001E+02   -.3001E+02   -.3001E+02   -.3001E+02   -.3001E+02   -.3001E+02   -.3001E+02   -.3001E+02   -.3002E+02   -.3002E+02   -.3002E+02   -.3002E+02   -.3002E+02   -.3002E+02   -.3002E+02   -.3003E+02   -.3003E+02   -.3003E+02   -.3003E+02   -.3003E+02   -.3004E+02   -.3004E+02   -.3004E+02   -.3004E+02   -.3005E+02   -.3005E+02   -.3005E+02   -.3006E+02   -.3006E+02   -.3006E+02   -.3007E+02   -.3007E+02   -.3008E+02   -.3008E+02   -.3009E+02   -.3010E+02   -.3010E+02   -.3011E+02   -.3012E+02   -.3013E+02   -.3014E+02   -.3015E+02   -.3016E+02   -.3017E+02   -.3018E+02   -.3020E+02   -.3021E+02   -.3023E+02   -.3025E+02   -.3027E+02   -.3030E+02   -.3032E+02   -.3036E+02   -.3039E+02   -.3043E+02   -.3048E+02   -.3053E+02   -.3059E+02   -.3066E+02   -.3074E+02   -.3084E+02   -.3094E+02   -.3106E+02   -.3118E+02   -.3127E+02   -.3129E+02   -.3112E+02   -.3064E+02   -.2950E+02   -.2766E+02   -.4359E+02   -.2011E+02   -.1244E+02   -.1214E+02   -.1047E+02   -.1009E+02   -.9188E+01   -.8656E+01   -.8039E+01   -.7555E+01   -.7092E+01   -.6694E+01   -.6332E+01   -.6011E+01   -.5722E+01   -.5463E+01   -.5229E+01   -.5016E+01   -.4822E+01   -.4644E+01   -.4480E+01   -.4329E+01   -.4190E+01   -.4062E+01   -.3944E+01   -.3835E+01   -.3734E+01   -.3639E+01   -.3549E+01   -.3464E+01   -.3383E+01   -.3307E+01   -.3235E+01   -.3167E+01   -.3102E+01   -.3042E+01   -.2986E+01   -.2933E+01   -.2883E+01   -.2835E+01   -.2790E+01   -.2747E+01   -.2707E+01   -.2668E+01   -.2631E+01   -.2596E+01   -.2563E+01   -.2531E+01   -.2501E+01   -.2472E+01   -.2445E+01
0.1214E+06   0.2700E+02   -.3000E+02   -.3000E+02   -.3001E+02   -.3001E+02   -.3001E+02   -.3001E+02   -.3001E+02   -.3001E+02   -.3001E+02   -.3001E+02   -.3001E+02   -.3001E+02   -.3001E+02   -.3001E+02   -.3002E+02   -.3002E+02   -.3002E+02   -.3002E+02   -.3002E+02   -.3002E+02   -.3002E+02   -.3003E+02   -.3003E+02   -.3003E+02   -.3003E+02   -.3003E+02   -.3004E+02   -.3004E+02   -.3004E+02   -.3004E+02   -.3005E+02   -.3005E+02   -.3005E+02   -.3006E+02   -.3006E+02   -.3006E+02   -.3007E+02   -.3007E+02   -.3008E+02   -.3008E+02   -.3009E+02   -.3010E+02   -.3010E+02   -.3011E+02   -.3012E+02   -.3013E+02   -.3014E+02   -.3015E+02   -.3016E+02   -.3017E+02   -.3018E+02   -.3020E+02   -.3021E+02   -.3023E+02   -.3025E+02   -.3027E+02   -.3030E+02   -.3032E+02   -.3035E+02   -.3039E+02   -.3043E+02   -.3048E+02   -.3053E+02   -.3059E+02   -.3066E+02   -.3075E+02   -.3084E+02   -.3094E+02   -.3106E+02   -.3118E+02   -.3127E+02   -.3129E+02   -.3112E+02   -.3064E+02   -.2950E+02   -.2767E+02   -.4359E+02   -.2011E+02   -.1244E+02   -.1214E+02   -.1047E+02   -.1009E+02   -.9188E+01   -.8656E+01   -.8040E+01   -.7555E+01   -.7092E+01   -.6695E+01   -.6332E+01   -.6011E+01   -.5722E+01   -.5463E+01   -.5229E+01   -.5017E+01   -.4823E+01   -.4644E+01   -.4480E+01   -.4329E+01   -.4190E+01   -.4062E+01   -.3945E+01   -.3836E+01   -.3734E+01   -.3639E+01   -.3549E+01   -.3464E+01   -.3383E+01   -.3307E+01   -.3235E+01   -.3167E+01   -.3103E+01   -.3043E+01   -.2986E+01   -.2933E+01   -.2883E+01   -.2835E+01   -.2790E+01   -.2747E+01   -.2707E+01   -.2668E+01   -.2631E+01   -.2596E+01   -.2563E+01   -.2531E+01   -.2501E+01   -.2473E+01   -.2446E+01   -.2420E+01
0.1214E+06   0.2733E+02   -.3000E+02   -.3000E+02   -.3001E+02   -.3001E+02   -.3001E+02   -.3001E+02   -.3001E+02   -.3001E+02   -.3001E+02   -.3001E+02   -.3001E+02   -.3001E+02   -.3001E+02   -.3002E+02   -.3002E+02   -.3002E+02   -.3002E+02   -.3002E+02   -.3002E+02   -.3002E+02   -.3003E+02   -.3003E+02   -.3003E+02   -.3003E+02   -.3003E+02   -.3004E+02   -.3004E+02   -.3004E+02   -.3004E+02   -.3005E+02   -.3005E+02   -.3005E+02   -.3006E+02   -.3006E+02   -.3006E+02   -.3007E+02   -.3007E+02   -.3008E+02   -.3008E+02   -.3009E+02   -.3010E+02   -.3010E+02   -.3011E+02   -.3012E+02   -.3013E+02   -.3014E+02   -.3015E+02   -.3016E+02   -.3017E+02   -.3018E+02   -.3020E+02   -.3021E+02   -.3023E+02   -.3025E+02   -.3027E+02   -.3030E+02   -.3032E+02   -.3035E+02   -.3039E+02   -.3043E+02   -.3048E+02   -.3053E+02   -.3059E+02   -.3066E+02   -.3075E+02   -.3084E+02   -.3094E+02   -.3106E+02   -.3118E+02   -.3127E+02   -.3129E+02   -.3112E+02   -.3064E+02   -.2950E+02   -.2767E+02   -.4359E+02   -.2011E+02   -.1244E+02   -.1214E+02   -.1047E+02   -.1009E+02   -.9189E+01   -.8657E+01   -.8040E+01   -.7555E+01   -.7093E+01   -.6695E+01   -.6333E+01   -.6012E+01   -.5723E+01   -.5464E+01   -.5230E+01   -.5017E+01   -.4823E+01   -.4645E+01   -.4481E+01   -.4329E+01   -.4190E+01   -.4063E+01   -.3945E+01   -.3836E+01   -.3735E+01   -.3640E+01   -.3550E+01   -.3464E+01   -.3384E+01   -.3307E+01   -.3235E+01   -.3167E+01   -.3103E+01   -.3043E+01   -.2987E+01   -.2934E+01   -.2883E+01   -.2835E+01   -.2790E+01   -.2748E+01   -.2707E+01   -.2669E+01   -.2632E+01   -.2597E+01   -.2563E+01   -.2532E+01   -.2501E+01   -.2473E+01   -.2446E+01   -.2420E+01   -.2396E+01
0.1214E+06   0.2767E+02   -.3000E+02   -.3001E+02   -.3001E+02   -.3001E+02   -.3001E+02   -.3001E+02   -.3001E+02   -.3001E+02   -.3001E+02   -.3001E+02   -.3001E+02   -.3001E+02   -.3002E+02   -.3002E+02   -.3002E+02   -.3002E+02   -.3002E+02   -.3002E+02   -.3002E+02   -.3003E+02   -.3003E+02   -.3003E+02   -.3003E+02   -.3003E+02   -.3004E+02   -.3004E+02   -.3004E+02   -.3004E+02   -.3005E+02   -.3005E+02   -.3005E+02   -.3006E+02   -.3006E+02   -.3006E+02   -.3007E+02   -.3007E+02   -.3008E+02   -.3008E+02   -.3009E+02   -.3010E+02   -.3010E+02   -.3011E+02   -.3012E+02   -.3013E+02   -.3014E+02   -.3015E+02   -.3016E+02   -.3017E+02   -.3018E+02   -.3020E+02   -.3021E+02   -.3023E+02   -.3025E+02   -.3027E+02   -.3030E+02   -.3032E+02   -.3035E+02   -.3039E+02   -.3043E+02   -.3048E+02   -.3053E+02   -.3059E+02   -.3066E+02   -.3074E+02   -.3084E+02   -.3095E+02   -.3106E+02   -.3118E+02   -.3127E+02   -.3129E+02   -.3112E+02   -.3064E+02   -.2950E+02   -.2767E+02   -.4360E+02   -.2011E+02   -.1244E+02   -.1214E+02   -.1047E+02   -.1009E+02   -.9189E+01   -.8657E+01   -.8040E+01   -.7556E+01   -.7093E+01   -.6695E+01   -.6333E+01   -.6012E+01   -.5723E+01   -.5464E+01   -.5230E+01   -.5018E+01   -.4823E+01   -.4645E+01   -.4481E+01   -.4330E+01   -.4191E+01   -.4063E+01   -.3945E+01   -.3836E+01   -.3735E+01   -.3640E+01   -.3550E+01   -.3465E+01   -.3384E+01   -.3308E+01   -.3236E+01   -.3168E+01   -.3104E+01   -.3044E+01   -.2987E+01   -.2934E+01   -.2884E+01   -.2836E+01   -.2791E+01   -.2748E+01   -.2708E+01   -.2669E+01   -.2632E+01   -.2597E+01   -.2564E+01   -.2532E+01   -.2502E+01   -.2473E+01   -.2446E+01   -.2421E+01   -.2396E+01   -.2373E+01
0.1214E+06   0.2800E+02   -.3000E+02   -.3001E+02   -.3001E+02   -.3001E+02   -.3001E+02   -.3001E+02   -.3001E+02   -.3001E+02   -.3001E+02   -.3001E+02   -.3001E+02   -.3002E+02   -.3002E+02   -.3002E+02   -.3002E+02   -.3002E+02   -.3002E+02   -.3002E+02   -.3003E+02   -.3003E+02   -.3003E+02   -.3003E+02   -.3003E+02   -.3004E+02   -.3004E+02   -.3004E+02   -.3004E+02   -.3005E+02   -.3005E+02   -.3005E+02   -.3006E+02   -.3006E+02   -.3006E+02   -.3007E+02   -.3007E+02   -.3008E+02   -.3008E+02   -.3009E+02   -.3010E+02   -.3010E+02   -.3011E+02   -.3012E+02   -.3013E+02   -.3014E+02   -.3015E+02   -.3016E+02   -.3017E+02   -.3018E+02   -.3020E+02   -.3021E+02   -.3023E+02   -.3025E+02   -.3027E+02   -.3030E+02   -.3032E+02   -.3035E+02   -.3039E+02   -.3043E+02   -.3048E+02   -.3053E+02   -.3059E+02   -.3066E+02   -.3074E+02   -.3084E+02   -.3095E+02   -.3106E+02   -.3118E+02   -.3127E+02   -.3129E+02   -.3112E+02   -.3064E+02   -.2950E+02   -.2767E+02   -.4360E+02   -.2011E+02   -.1244E+02   -.1214E+02   -.1048E+02   -.1009E+02   -.9190E+01   -.8658E+01   -.8041E+01   -.7557E+01   -.7094E+01   -.6696E+01   -.6334E+01   -.6013E+01   -.5724E+01   -.5465E+01   -.5231E+01   -.5018E+01   -.4824E+01   -.4646E+01   -.4482E+01   -.4331E+01   -.4192E+01   -.4064E+01   -.3946E+01   -.3837E+01   -.3736E+01   -.3641E+01   -.3551E+01   -.3466E+01   -.3385E+01   -.3309E+01   -.3237E+01   -.3168E+01   -.3104E+01   -.3044E+01   -.2988E+01   -.2935E+01   -.2884E+01   -.2837E+01   -.2792E+01   -.2749E+01   -.2709E+01   -.2670E+01   -.2633E+01   -.2598E+01   -.2565E+01   -.2533E+01   -.2503E+01   -.2474E+01   -.2447E+01   -.2421E+01   -.2397E+01   -.2373E+01   -.2351E+01
0.1214E+06   0.2833E+02   -.3000E+02   -.3001E+02   -.3001E+02   -.3001E+02   -.3001E+02   -.3001E+02   -.3001E+02   -.3001E+02   -.3001E+02   -.3001E+02   -.3002E+02   -.3002E+02   -.3002E+02   -.3002E+02   -.3002E+02   -.3002E+02   -.3002E+02   -.3003E+02   -.3003E+02   -.3003E+02   -.3003E+02   -.3003E+02   -.3004E+02   -.3004E+02   -.3004E+02   -.3004E+02   -.3005E+02   -.3005E+02   -.3005E+02   -.3006E+02   -.3006E+02   -.3007E+02   -.3007E+02   -.3007E+02   -.3008E+02   -.3008E+02   -.3009E+02   -.3010E+02   -.3010E+02   -.3011E+02   -.3012E+02   -.3013E+02   -.3014E+02   -.3015E+02   -.3016E+02   -.3017E+02   -.3018E+02   -.3020E+02   -.3021E+02   -.3023E+02   -.3025E+02   -.3027E+02   -.3030E+02   -.3032E+02   -.3035E+02   -.3039E+02   -.3043E+02   -.3048E+02   -.3053E+02   -.3059E+02   -.3066E+02   -.3074E+02   -.3084E+02   -.3095E+02   -.3106E+02   -.3118E+02   -.3127E+02   -.3128E+02   -.3112E+02   -.3065E+02   -.2951E+02   -.2768E+02   -.4360E+02   -.2011E+02   -.1244E+02   -.1214E+02   -.1048E+02   -.1009E+02   -.9191E+01   -.8659E+01   -.8042E+01   -.7557E+01   -.7095E+01   -.6697E+01   -.6335E+01   -.6014E+01   -.5725E+01   -.5466E+01   -.5232E+01   -.5019E+01   -.4825E+01   -.4647E+01   -.4483E+01   -.4332E+01   -.4193E+01   -.4065E+01   -.3947E+01   -.3838E+01   -.3737E+01   -.3642E+01   -.3552E+01   -.3467E+01   -.3386E+01   -.3310E+01   -.3238E+01   -.3170E+01   -.3106E+01   -.3046E+01   -.2989E+01   -.2936E+01   -.2886E+01   -.2838E+01   -.2793E+01   -.2751E+01   -.2710E+01   -.2671E+01   -.2635E+01   -.2600E+01   -.2566E+01   -.2534E+01   -.2504E+01   -.2476E+01   -.2449E+01   -.2423E+01   -.2398E+01   -.2375E+01   -.2352E+01   -.2331E+01
0.1214E+06   0.2867E+02   -.3001E+02   -.3001E+02   -.3001E+02   -.3001E+02   -.3001E+02   -.3001E+02   -.3001E+02   -.3001E+02   -.3001E+02   -.3001E+02   -.3002E+02   -.3002E+02   -.3002E+02   -.3002E+02   -.3002E+02   -.3002E+02   -.3003E+02   -.3003E+02   -.3003E+02   -.3003E+02   -.3003E+02   -.3004E+02   -.3004E+02   -.3004E+02   -.3004E+02   -.3005E+02   -.3005E+02   -.3005E+02   -.3006E+02   -.3006E+02   -.3007E+02   -.3007E+02   -.3007E+02   -.3008E+02   -.3008E+02   -.3009E+02   -.3010E+02   -.3010E+02   -.3011E+02   -.3012E+02   -.3013E+02   -.3014E+02   -.3015E+02   -.3016E+02   -.3017E+02   -.3018E+02   -.3020E+02   -.3021E+02   -.3023E+02   -.3025E+02   -.3027E+02   -.3030E+02   -.3032E+02   -.3035E+02   -.3039E+02   -.3043E+02   -.3048E+02   -.3053E+02   -.3059E+02   -.3066E+02   -.3074E+02   -.3084E+02   -.3094E+02   -.3106E+02   -.3118E+02   -.3127E+02   -.3128E+02   -.3112E+02   -.3064E+02   -.2951E+02   -.2768E+02   -.4360E+02   -.2011E+02   -.1244E+02   -.1214E+02   -.1047E+02   -.1009E+02   -.9189E+01   -.8657E+01   -.8041E+01   -.7556E+01   -.7094E+01   -.6697E+01   -.6335E+01   -.6014E+01   -.5726E+01   -.5467E+01   -.5234E+01   -.5021E+01   -.4827E+01   -.4649E+01   -.4486E+01   -.4335E+01   -.4196E+01   -.4069E+01   -.3951E+01   -.3843E+01   -.3741E+01   -.3646E+01   -.3556E+01   -.3471E+01   -.3391E+01   -.3314E+01   -.3242E+01   -.3174E+01   -.3111E+01   -.3051E+01   -.2995E+01   -.2942E+01   -.2891E+01   -.2844E+01   -.2799E+01   -.2756E+01   -.2716E+01   -.2677E+01   -.2641E+01   -.2606E+01   -.2572E+01   -.2541E+01   -.2511E+01   -.2482E+01   -.2455E+01   -.2429E+01   -.2405E+01   -.2381E+01   -.2359E+01   -.2337E+01   -.2317E+01
0.1215E+06   0.2900E+02   -.3001E+02   -.3001E+02   -.3001E+02   -.3001E+02   -.3001E+02   -.3001E+02   -.3001E+02   -.3001E+02   -.3001E+02   -.3002E+02   -.3002E+02   -.3002E+02   -.3002E+02   -.3002E+02   -.3002E+02   -.3003E+02   -.3003E+02   -.3003E+02   -.3003E+02   -.3003E+02   -.3004E+02   -.3004E+02   -.3004E+02   -.3004E+02   -.3005E+02   -.3005E+02   -.3005E+02   -.3006E+02   -.3006E+02   -.3007E+02   -.3007E+02   -.3007E+02   -.3008E+02   -.3008E+02   -.3009E+02   -.3010E+02   -.3010E+02   -.3011E+02   -.3012E+02   -.3013E+02   -.3014E+02   -.3015E+02   -.3016E+02   -.3017E+02   -.3018E+02   -.3020E+02   -.3021E+02   -.3023E+02   -.3025E+02   -.3027E+02   -.3030E+02   -.3032E+02   -.3035E+02   -.3039E+02   -.3043E+02   -.3048E+02   -.3053E+02   -.3059E+02   -.3066E+02   -.3074E+02   -.3084E+02   -.3094E+02   -.3106E+02   -.3117E+02   -.3126E+02   -.3128E+02   -.3112E+02   -.3063E+02   -.2952E+02   -.2769E+02   -.4358E+02   -.2010E+02   -.1243E+02   -.1214E+02   -.1047E+02   -.1009E+02   -.9192E+01   -.8662E+01   -.8047E+01   -.7564E+01   -.7103E+01   -.6707E+01   -.6346E+01   -.6026E+01   -.5739E+01   -.5481E+01   -.5248E+01   -.5036E+01   -.4842E+01   -.4665E+01   -.4501E+01   -.4351E+01   -.4212E+01   -.4085E+01   -.3968E+01   -.3860E+01   -.3758E+01   -.3663E+01   -.3573E+01   -.3488E+01   -.3408E+01   -.3331E+01   -.3259E+01   -.3192E+01   -.3128E+01   -.3069E+01   -.3012E+01   -.2959E+01   -.2909E+01   -.2862E+01   -.2817E+01   -.2774E+01   -.2734E+01   -.2695E+01   -.2658E+01   -.2623E+01   -.2590E+01   -.2558E+01   -.2529E+01   -.2500E+01   -.2473E+01   -.2447E+01   -.2423E+01   -.2399E+01   -.2377E+01   -.2355E+01   -.2335E+01   -.2315E+01
0.1215E+06   0.2933E+02   -.3001E+02   -.3001E+02   -.3001E+02   -.3001E+02   -.3001E+02   -.3001E+02   -.3001E+02   -.3001E+02   -.3002E+02   -.3002E+02   -.3002E+02   -.3002E+02   -.3002E+02   -.3002E+02   -.3003E+02   -.3003E+02   -.3003E+02   -.3003E+02   -.3003E+02   -.3004E+02   -.3004E+02   -.3004E+02   -.3004E+02   -.3005E+02   -.3005E+02   -.3005E+02   -.3006E+02   -.3006E+02   -.3007E+02   -.3007E+02   -.3007E+02   -.3008E+02   -.3008E+02   -.3009E+02   -.3010E+02   -.3010E+02   -.3011E+02   -.3012E+02   -.3013E+02   -.3014E+02   -.3015E+02   -.3016E+02   -.3017E+02   -.3018E+02   -.3020E+02   -.3021E+02   -.3023E+02   -.3025E+02   -.3027E+02   -.3030E+02   -.3032E+02   -.3035E+02   -.3039E+02   -.3043E+02   -.3048E+02   -.3053E+02   -.3059E+02   -.3066E+02   -.3074E+02   -.3084E+02   -.3094E+02   -.3106E+02   -.3117E+02   -.3126E+02   -.3127E+02   -.3111E+02   -.3064E+02   -.2955E+02   -.2775E+02   -.4353E+02   -.2012E+02   -.1244E+02   -.1216E+02   -.1049E+02   -.1011E+02   -.9211E+01   -.8680E+01   -.8064E+01   -.7580E+01   -.7119E+01   -.6722E+01   -.6361E+01   -.6041E+01   -.5753E+01   -.5495E+01   -.5261E+01   -.5049E+01   -.4855E+01   -.4677E+01   -.4513E+01   -.4362E+01   -.4224E+01   -.4097E+01   -.3980E+01   -.3871E+01   -.3769E+01   -.3674E+01   -.3583E+01   -.3497E+01   -.3416E+01   -.3340E+01   -.3268E+01   -.3200E+01   -.3136E+01   -.3076E+01   -.3020E+01   -.2967E+01   -.2916E+01   -.2869E+01   -.2823E+01   -.2780E+01   -.2740E+01   -.2701E+01   -.2664E+01   -.2628E+01   -.2595E+01   -.2563E+01   -.2533E+01   -.2505E+01   -.2478E+01   -.2452E+01   -.2427E+01   -.2403E+01   -.2381E+01   -.2359E+01   -.2338E+01   -.2318E+01   -.2299E+01
0.1215E+06   0.2967E+02   -.3001E+02   -.3001E+02   -.3001E+02   -.3001E+02   -.3001E+02   -.3001E+02   -.3001E+02   -.3001E+02   -.3002E+02   -.3002E+02   -.3002E+02   -.3002E+02   -.3002E+02   -.3002E+02   -.3003E+02   -.3003E+02   -.3003E+02   -.3003E+02   -.3004E+02   -.3004E+02   -.3004E+02   -.3004E+02   -.3005E+02   -.3005E+02   -.3005E+02   -.3006E+02   -.3006E+02   -.3007E+02   -.3007E+02   -.3007E+02   -.3008E+02   -.3008E+02   -.3009E+02   -.3010E+02   -.3010E+02   -.3011E+02   -.3012E+02   -.3013E+02   -.3014E+02   -.3015E+02   -.3016E+02   -.3017E+02   -.3018E+02   -.3020E+02   -.3021E+02   -.3023E+02   -.3025E+02   -.3027E+02   -.3030E+02   -.3032E+02   -.3035E+02   -.3039E+02   -.3043E+02   -.3048E+02   -.3053E+02   -.3059E+02   -.3066E+02   -.3074E+02   -.3084E+02   -.3094E+02   -.3106E+02   -.3117E+02   -.3126E+02   -.3126E+02   -.3109E+02   -.3062E+02   -.2968E+02   -.2788E+02   -.4332E+02   -.2008E+02   -.1232E+02   -.1201E+02   -.1032E+02   -.9944E+01   -.9040E+01   -.8513E+01   -.7900E+01   -.7420E+01   -.6962E+01   -.6568E+01   -.6209E+01   -.5891E+01   -.5605E+01   -.5348E+01   -.5116E+01   -.4905E+01   -.4712E+01   -.4534E+01   -.4371E+01   -.4221E+01   -.4083E+01   -.3956E+01   -.3839E+01   -.3730E+01   -.3628E+01   -.3532E+01   -.3441E+01   -.3355E+01   -.3274E+01   -.3197E+01   -.3125E+01   -.3058E+01   -.2994E+01   -.2934E+01   -.2878E+01   -.2824E+01   -.2773E+01   -.2725E+01   -.2680E+01   -.2637E+01   -.2595E+01   -.2556E+01   -.2519E+01   -.2483E+01   -.2450E+01   -.2418E+01   -.2387E+01   -.2359E+01   -.2331E+01   -.2305E+01   -.2280E+01   -.2256E+01   -.2233E+01   -.2212E+01   -.2190E+01   -.2170E+01   -.2151E+01   -.2132E+01
0.1215E+06   0.3000E+02   -.3001E+02   -.3001E+02   -.3001E+02   -.3001E+02   -.3001E+02   -.3001E+02   -.3001E+02   -.3002E+02   -.3002E+02   -.3002E+02   -.3002E+02   -.3002E+02   -.3002E+02   -.3003E+02   -.3003E+02   -.3003E+02   -.3003E+02   -.3004E+02   -.3004E+02   -.3004E+02   -.3004E+02   -.3005E+02   -.3005E+02   -.3005E+02   -.3006E+02   -.3006E+02   -.3007E+02   -.3007E+02   -.3007E+02   -.3008E+02   -.3009E+02   -.3009E+02   -.3010E+02   -.3010E+02   -.3011E+02   -.3012E+02   -.3013E+02   -.3014E+02   -.3015E+02   -.3016E+02   -.3017E+02   -.3018E+02   -.3020E+02   -.3021E+02   -.3023E+02   -.3025E+02   -.3027E+02   -.3030E+02   -.3032E+02   -.3036E+02   -.3039E+02   -.3043E+02   -.3048E+02   -.3053E+02   -.3059E+02   -.3066E+02   -.3074E+02   -.3083E+02   -.3094E+02   -.3106E+02   -.3117E+02   -.3125E+02   -.3126E+02   -.3109E+02   -.3066E+02   -.3008E+02   -.2833E+02   -.4328E+02   -.1985E+02   -.1175E+02   -.1163E+02   -.9919E+01   -.9635E+01   -.8746E+01   -.8252E+01   -.7649E+01   -.7181E+01   -.6726E+01   -.6335E+01   -.5977E+01   -.5658E+01   -.5371E+01   -.5112E+01   -.4877E+01   -.4663E+01   -.4468E+01   -.4288E+01   -.4122E+01   -.3970E+01   -.3829E+01   -.3700E+01   -.3580E+01   -.3469E+01   -.3366E+01   -.3268E+01   -.3175E+01   -.3087E+01   -.3004E+01   -.2926E+01   -.2853E+01   -.2784E+01   -.2719E+01   -.2658E+01   -.2600E+01   -.2545E+01   -.2493E+01   -.2444E+01   -.2398E+01   -.2353E+01   -.2311E+01   -.2271E+01   -.2233E+01   -.2197E+01   -.2162E+01   -.2129E+01   -.2098E+01   -.2068E+01   -.2040E+01   -.2014E+01   -.1988E+01   -.1963E+01   -.1940E+01   -.1917E+01   -.1896E+01   -.1875E+01   -.1855E+01   -.1836E+01   -.1818E+01
0.9856E+05   0.3033E+02   -.3001E+02   -.3001E+02   -.3001E+02   -.3001E+02   -.3001E+02   -.3002E+02   -.3002E+02   -.3002E+02   -.3002E+02   -.3002E+02   -.3002E+02   -.3003E+02   -.3003E+02   -.3003E+02   -.3003E+02   -.3003E+02   -.3004E+02   -.3004E+02   -.3004E+02   -.3005E+02   -.3005E+02   -.3005E+02   -.3005E+02   -.3006E+02   -.3006E+02   -.3007E+02   -.3007E+02   -.3008E+02   -.3008E+02   -.3009E+02   -.3009E+02   -.3010E+02   -.3011E+02   -.3011E+02   -.3012E+02   -.3013E+02   -.3014E+02   -.3015E+02   -.3016E+02   -.3017E+02   -.3018E+02   -.3020E+02   -.3021E+02   -.3023E+02   -.3025E+02   -.3027E+02   -.3030E+02   -.3032E+02   -.3035E+02   -.3039E+02   -.3043E+02   -.3047E+02   -.3053E+02   -.3059E+02   -.3066E+02   -.3074E+02   -.3083E+02   -.3093E+02   -.3105E+02   -.3116E+02   -.3125E+02   -.3126E+02   -.3112E+02   -.3069E+02   -.3009E+02   -.3098E+02   -.5999E+02   -.1350E+02   -.1723E+02   -.1047E+02   -.1068E+02   -.9853E+01   -.9395E+01   -.8839E+01   -.8342E+01   -.7859E+01   -.7420E+01   -.7012E+01   -.6642E+01   -.6302E+01   -.5991E+01   -.5708E+01   -.5448E+01   -.5210E+01   -.4990E+01   -.4787E+01   -.4599E+01   -.4425E+01   -.4264E+01   -.4115E+01   -.3976E+01   -.3846E+01   -.3724E+01   -.3610E+01   -.3501E+01   -.3398E+01   -.3300E+01   -.3208E+01   -.3121E+01   -.3039E+01   -.2962E+01   -.2888E+01   -.2819E+01   -.2754E+01   -.2691E+01   -.2632E+01   -.2575E+01   -.2522E+01   -.2471E+01   -.2422E+01   -.2376E+01   -.2332E+01   -.2290E+01   -.2250E+01   -.2212E+01   -.2175E+01   -.2141E+01   -.2107E+01   -.2076E+01   -.2046E+01   -.2016E+01   -.1989E+01   -.1962E+01   -.1936E+01   -.1911E+01   -.1887E+01   -.1864E+01   -.1842E+01
0.9871E+05   0.3050E+02   -.3001E+02   -.3001E+02   -.3001E+02   -.3001E+02   -.3001E+02   -.3001E+02   -.3002E+02   -.3002E+02   -.3002E+02   -.3002E+02   -.3002E+02   -.3002E+02   -.3003E+02   -.3003E+02   -.3003E+02   -.3003E+02   -.3004E+02   -.3004E+02   -.3004E+02   -.3005E+02   -.3005E+02   -.3005E+02   -.3006E+02   -.3006E+02   -.3006E+02   -.3007E+02   -.3007E+02   -.3008E+02   -.3008E+02   -.3009E+02   -.3009E+02   -.3010E+02   -.3011E+02   -.3012E+02   -.3012E+02   -.3013E+02   -.3014E+02   -.3015E+02   -.3016E+02   -.3018E+02   -.3019E+02   -.3020E+02   -.3022E+02   -.3024E+02   -.3026E+02   -.3028E+02   -.3031E+02   -.3034E+02   -.3037E+02   -.3041E+02   -.3045E+02   -.3050E+02   -.3055E+02   -.3062E+02   -.3069E+02   -.3078E+02   -.3088E+02   -.3099E+02   -.3110E+02   -.3121E+02   -.3126E+02   -.3121E+02   -.3093E+02   -.3034E+02   -.2988E+02   -.3263E+02   -.1643E+02   -.1278E+02   -.1146E+02   -.1042E+02   -.9490E+01   -.8708E+01   -.8002E+01   -.7385E+01   -.6833E+01   -.6345E+01   -.5908E+01   -.5519E+01   -.5170E+01   -.4855E+01   -.4571E+01   -.4315E+01   -.4082E+01   -.3869E+01   -.3675E+01   -.3498E+01   -.3334E+01   -.3183E+01   -.3043E+01   -.2914E+01   -.2794E+01   -.2683E+01   -.2578E+01   -.2480E+01   -.2387E+01   -.2300E+01   -.2217E+01   -.2138E+01   -.2065E+01   -.1995E+01   -.1929E+01   -.1868E+01   -.1809E+01   -.1754E+01   -.1701E+01   -.1651E+01   -.1603E+01   -.1558E+01   -.1515E+01   -.1475E+01   -.1436E+01   -.1399E+01   -.1363E+01   -.1330E+01   -.1297E+01   -.1267E+01   -.1238E+01   -.1210E+01   -.1183E+01   -.1158E+01   -.1134E+01   -.1110E+01   -.1088E+01   -.1066E+01   -.1045E+01   -.1026E+01   -.1006E+01   -.9879E+00
0.9870E+05   0.3067E+02   -.3001E+02   -.3001E+02   -.3001E+02   -.3001E+02   -.3001E+02   -.3001E+02   -.3002E+02   -.3002E+02   -.3002E+02   -.3002E+02   -.3002E+02   -.3003E+02   -.3003E+02   -.3003E+02   -.3003E+02   -.3003E+02   -.3004E+02   -.3004E+02   -.3004E+02   -.3005E+02   -.3005E+02   -.3005E+02   -.3006E+02   -.3006E+02   -.3007E+02   -.3007E+02   -.3007E+02   -.3008E+02   -.3008E+02   -.3009E+02   -.3010E+02   -.3010E+02   -.3011E+02   -.3012E+02   -.3013E+02   -.3014E+02   -.3015E+02   -.3016E+02   -.3017E+02   -.3018E+02   -.3020E+02   -.3021E+02   -.3023E+02   -.3025E+02   -.3027E+02   -.3030E+02   -.3032E+02   -.3035E+02   -.3039E+02   -.3043E+02   -.3047E+02   -.3053E+02   -.3059E+02   -.3066E+02   -.3073E+02   -.3083E+02   -.3093E+02   -.3104E+02   -.3115E+02   -.3123E+02   -.3123E+02   -.3106E+02   -.3061E+02   -.2991E+02   -.3034E+02   -.6830E+02   -.1248E+02   -.1137E+02   -.1066E+02   -.9818E+01   -.9029E+01   -.8323E+01   -.7697E+01   -.7138E+01   -.6639E+01   -.6193E+01   -.5794E+01   -.5435E+01   -.5111E+01   -.4818E+01   -.4552E+01   -.4311E+01   -.4091E+01   -.3891E+01   -.3708E+01   -.3540E+01   -.3385E+01   -.3241E+01   -.3108E+01   -.2985E+01   -.2870E+01   -.2763E+01   -.2662E+01   -.2568E+01   -.2479E+01   -.2395E+01   -.2316E+01   -.2241E+01   -.2171E+01   -.2104E+01   -.2041E+01   -.1981E+01   -.1925E+01   -.1871E+01   -.1820E+01   -.1772E+01   -.1726E+01   -.1683E+01   -.1641E+01   -.1602E+01   -.1565E+01   -.1529E+01   -.1495E+01   -.1462E+01   -.1431E+01   -.1402E+01   -.1373E+01   -.1346E+01   -.1321E+01   -.1296E+01   -.1273E+01   -.1250E+01   -.1229E+01   -.1208E+01   -.1188E+01   -.1168E+01   -.1150E+01   -.1132E+01
0.9888E+05   0.3083E+02   -.3001E+02   -.3001E+02   -.3001E+02   -.3001E+02   -.3001E+02   -.3001E+02   -.3002E+02   -.3002E+02   -.3002E+02   -.3002E+02   -.3002E+02   -.3003E+02   -.3003E+02   -.3003E+02   -.3003E+02   -.3004E+02   -.3004E+02   -.3004E+02   -.3004E+02   -.3005E+02   -.3005E+02   -.3005E+02   -.3006E+02   -.3006E+02   -.3007E+02   -.3007E+02   -.3008E+02   -.3008E+02   -.3009E+02   -.3009E+02   -.3010E+02   -.3011E+02   -.3011E+02   -.3012E+02   -.3013E+02   -.3014E+02   -.3015E+02   -.3016E+02   -.3018E+02   -.3019E+02   -.3020E+02   -.3022E+02   -.3024E+02   -.3026E+02   -.3028E+02   -.3031E+02   -.3034E+02   -.3037E+02   -.3041E+02   -.3045E+02   -.3050E+02   -.3055E+02   -.3062E+02   -.3069E+02   -.3078E+02   -.3087E+02   -.3098E+02   -.3109E+02   -.3119E+02   -.3124E+02   -.3117E+02   -.3088E+02   -.3026E+02   -.2975E+02   -.3247E+02   -.1557E+02   -.1298E+02   -.1195E+02   -.1082E+02   -.9826E+01   -.8980E+01   -.8253E+01   -.7622E+01   -.7064E+01   -.6569E+01   -.6130E+01   -.5738E+01   -.5386E+01   -.5068E+01   -.4780E+01   -.4519E+01   -.4282E+01   -.4066E+01   -.3870E+01   -.3690E+01   -.3525E+01   -.3373E+01   -.3231E+01   -.3100E+01   -.2979E+01   -.2865E+01   -.2758E+01   -.2659E+01   -.2566E+01   -.2478E+01   -.2395E+01   -.2316E+01   -.2242E+01   -.2173E+01   -.2107E+01   -.2044E+01   -.1985E+01   -.1929E+01   -.1875E+01   -.1825E+01   -.1777E+01   -.1732E+01   -.1689E+01   -.1648E+01   -.1608E+01   -.1571E+01   -.1536E+01   -.1502E+01   -.1469E+01   -.1438E+01   -.1409E+01   -.1381E+01   -.1354E+01   -.1329E+01   -.1304E+01   -.1281E+01   -.1258E+01   -.1237E+01   -.1216E+01   -.1196E+01   -.1177E+01   -.1159E+01   -.1141E+01
0.9888E+05   0.3100E+02   -.3001E+02   -.3001E+02   -.3001E+02   -.3001E+02   -.3001E+02   -.3001E+02   -.3002E+02   -.3002E+02   -.3002E+02   -.3002E+02   -.3002E+02   -.3003E+02   -.3003E+02   -.3003E+02   -.3003E+02   -.3004E+02   -.3004E+02   -.3004E+02   -.3005E+02   -.3005E+02   -.3005E+02   -.3006E+02   -.3006E+02   -.3006E+02   -.3007E+02   -.3007E+02   -.3008E+02   -.3008E+02   -.3009E+02   -.3010E+02   -.3010E+02   -.3011E+02   -.3012E+02   -.3013E+02   -.3014E+02   -.3015E+02   -.3016E+02   -.3017E+02   -.3018E+02   -.3020E+02   -.3021E+02   -.3023E+02   -.3025E+02   -.3027E+02   -.3030E+02   -.3032E+02   -.3035E+02   -.3039E+02   -.3043E+02   -.3047E+02   -.3053E+02   -.3059E+02   -.3065E+02   -.3073E+02   -.3083E+02   -.3093E+02   -.3104E+02   -.3115E+02   -.3123E+02   -.3123E+02   -.3106E+02   -.3061E+02   -.2991E+02   -.3034E+02   -.6692E+02   -.1251E+02   -.1137E+02   -.1069E+02   -.9893E+01   -.9109E+01   -.8401E+01   -.7770E+01   -.7209E+01   -.6704E+01   -.6253E+01   -.5850E+01   -.5487E+01   -.5160E+01   -.4863E+01   -.4594E+01   -.4348E+01   -.4124E+01   -.3920E+01   -.3733E+01   -.3562E+01   -.3404E+01   -.3258E+01   -.3123E+01   -.2997E+01   -.2880E+01   -.2770E+01   -.2667E+01   -.2571E+01   -.2480E+01   -.2395E+01   -.2315E+01   -.2239E+01   -.2168E+01   -.2101E+01   -.2037E+01   -.1976E+01   -.1919E+01   -.1864E+01   -.1812E+01   -.1763E+01   -.1717E+01   -.1673E+01   -.1631E+01   -.1591E+01   -.1553E+01   -.1516E+01   -.1482E+01   -.1449E+01   -.1417E+01   -.1387E+01   -.1358E+01   -.1331E+01   -.1305E+01   -.1280E+01   -.1256E+01   -.1233E+01   -.1211E+01   -.1190E+01   -.1170E+01   -.1150E+01   -.1132E+01   -.1114E+01   -.1097E+01
0.9896E+05   0.3117E+02   -.3001E+02   -.3001E+02   -.3001E+02   -.3001E+02   -.3001E+02   -.3002E+02   -.3002E+02   -.3002E+02   -.3002E+02   -.3002E+02   -.3003E+02   -.3003E+02   -.3003E+02   -.3003E+02   -.3004E+02   -.3004E+02   -.3004E+02   -.3004E+02   -.3005E+02   -.3005E+02   -.3005E+02   -.3006E+02   -.3006E+02   -.3007E+02   -.3007E+02   -.3008E+02   -.3008E+02   -.3009E+02   -.3009E+02   -.3010E+02   -.3011E+02   -.3011E+02   -.3012E+02   -.3013E+02   -.3014E+02   -.3015E+02   -.3016E+02   -.3018E+02   -.3019E+02   -.3020E+02   -.3022E+02   -.3024E+02   -.3026E+02   -.3028E+02   -.3031E+02   -.3034E+02   -.3037E+02   -.3041E+02   -.3045E+02   -.3050E+02   -.3055E+02   -.3062E+02   -.3069E+02   -.3078E+02   -.3088E+02   -.3098E+02   -.3110E+02   -.3119E+02   -.3125E+02   -.3118E+02   -.3087E+02   -.3025E+02   -.2975E+02   -.3268E+02   -.1541E+02   -.1290E+02   -.1189E+02   -.1076E+02   -.9797E+01   -.8958E+01   -.8234E+01   -.7602E+01   -.7044E+01   -.6548E+01   -.6106E+01   -.5713E+01   -.5360E+01   -.5042E+01   -.4755E+01   -.4494E+01   -.4256E+01   -.4039E+01   -.3841E+01   -.3660E+01   -.3494E+01   -.3341E+01   -.3200E+01   -.3068E+01   -.2946E+01   -.2832E+01   -.2725E+01   -.2625E+01   -.2531E+01   -.2443E+01   -.2360E+01   -.2282E+01   -.2209E+01   -.2139E+01   -.2074E+01   -.2012E+01   -.1953E+01   -.1897E+01   -.1844E+01   -.1794E+01   -.1746E+01   -.1701E+01   -.1658E+01   -.1617E+01   -.1578E+01   -.1542E+01   -.1506E+01   -.1473E+01   -.1441E+01   -.1410E+01   -.1381E+01   -.1353E+01   -.1326E+01   -.1301E+01   -.1276E+01   -.1253E+01   -.1231E+01   -.1210E+01   -.1190E+01   -.1170E+01   -.1151E+01   -.1133E+01   -.1116E+01   -.1100E+01
0.9896E+05   0.3133E+02   -.3001E+02   -.3001E+02   -.3001E+02   -.3001E+02   -.3001E+02   -.3002E+02   -.3002E+02   -.3002E+02   -.3002E+02   -.3002E+02   -.3003E+02   -.3003E+02   -.3003E+02   -.3003E+02   -.3004E+02   -.3004E+02   -.3004E+02   -.3005E+02   -.3005E+02   -.3005E+02   -.3006E+02   -.3006E+02   -.3006E+02   -.3007E+02   -.3007E+02   -.3008E+02   -.3008E+02   -.3009E+02   -.3010E+02   -.3010E+02   -.3011E+02   -.3012E+02   -.3013E+02   -.3014E+02   -.3015E+02   -.3016E+02   -.3017E+02   -.3018E+02   -.3020E+02   -.3021E+02   -.3023E+02   -.3025E+02   -.3027E+02   -.3030E+02   -.3032E+02   -.3035E+02   -.3039E+02   -.3043E+02   -.3047E+02   -.3053E+02   -.3059E+02   -.3066E+02   -.3074E+02   -.3083E+02   -.3093E+02   -.3104E+02   -.3115E+02   -.3123E+02   -.3124E+02   -.3107E+02   -.3061E+02   -.2991E+02   -.3039E+02   -.6720E+02   -.1253E+02   -.1129E+02   -.1063E+02   -.9837E+01   -.9065E+01   -.8357E+01   -.7721E+01   -.7152E+01   -.6643E+01   -.6187E+01   -.5778E+01   -.5411E+01   -.5081E+01   -.4782E+01   -.4511E+01   -.4265E+01   -.4039E+01   -.3833E+01   -.3644E+01   -.3471E+01   -.3312E+01   -.3165E+01   -.3029E+01   -.2903E+01   -.2785E+01   -.2674E+01   -.2571E+01   -.2474E+01   -.2383E+01   -.2297E+01   -.2216E+01   -.2141E+01   -.2069E+01   -.2002E+01   -.1938E+01   -.1878E+01   -.1820E+01   -.1766E+01   -.1714E+01   -.1665E+01   -.1619E+01   -.1575E+01   -.1533E+01   -.1493E+01   -.1455E+01   -.1419E+01   -.1385E+01   -.1352E+01   -.1321E+01   -.1291E+01   -.1262E+01   -.1234E+01   -.1208E+01   -.1183E+01   -.1159E+01   -.1137E+01   -.1115E+01   -.1094E+01   -.1074E+01   -.1055E+01   -.1037E+01   -.1019E+01   -.1002E+01   -.9857E+00
0.9904E+05   0.3150E+02   -.3001E+02   -.3001E+02   -.3001E+02   -.3001E+02   -.3001E+02   -.3002E+02   -.3002E+02   -.3002E+02   -.3002E+02   -.3002E+02   -.3003E+02   -.3003E+02   -.3003E+02   -.3003E+02   -.3004E+02   -.3004E+02   -.3004E+02   -.3005E+02   -.3005E+02   -.3005E+02   -.3006E+02   -.3006E+02   -.3007E+02   -.3007E+02   -.3008E+02   -.3008E+02   -.3009E+02   -.3009E+02   -.3010E+02   -.3011E+02   -.3011E+02   -.3012E+02   -.3013E+02   -.3014E+02   -.3015E+02   -.3016E+02   -.3018E+02   -.3019E+02   -.3020E+02   -.3022E+02   -.3024E+02   -.3026E+02   -.3028E+02   -.3031E+02   -.3034E+02   -.3037E+02   -.3041E+02   -.3045E+02   -.3050E+02   -.3056E+02   -.3062E+02   -.3069E+02   -.3078E+02   -.3088E+02   -.3099E+02   -.3110E+02   -.3121E+02   -.3126E+02   -.3120E+02   -.3090E+02   -.3028E+02   -.2980E+02   -.3254E+02   -.1535E+02   -.1309E+02   -.1203E+02   -.1082E+02   -.9794E+01   -.8913E+01   -.8151E+01   -.7487E+01   -.6903E+01   -.6388E+01   -.5929E+01   -.5520E+01   -.5156E+01   -.4828E+01   -.4531E+01   -.4263E+01   -.4018E+01   -.3794E+01   -.3589E+01   -.3403E+01   -.3232E+01   -.3075E+01   -.2930E+01   -.2796E+01   -.2670E+01   -.2553E+01   -.2443E+01   -.2340E+01   -.2244E+01   -.2154E+01   -.2069E+01   -.1990E+01   -.1915E+01   -.1844E+01   -.1778E+01   -.1715E+01   -.1655E+01   -.1597E+01   -.1544E+01   -.1493E+01   -.1444E+01   -.1398E+01   -.1355E+01   -.1314E+01   -.1274E+01   -.1237E+01   -.1201E+01   -.1167E+01   -.1135E+01   -.1104E+01   -.1074E+01   -.1045E+01   -.1018E+01   -.9925E+00   -.9678E+00   -.9443E+00   -.9219E+00   -.9004E+00   -.8798E+00   -.8602E+00   -.8412E+00   -.8230E+00   -.8055E+00   -.7887E+00   -.7726E+00
0.8221E+05   0.3167E+02   -.3001E+02   -.3001E+02   -.3001E+02   -.3001E+02   -.3001E+02   -.3002E+02   -.3002E+02   -.3002E+02   -.3002E+02   -.3003E+02   -.3003E+02   -.3003E+02   -.3003E+02   -.3004E+02   -.3004E+02   -.3004E+02   -.3005E+02   -.3005E+02   -.3005E+02   -.3006E+02   -.3006E+02   -.3006E+02   -.3007E+02   -.3007E+02   -.3008E+02   -.3008E+02   -.3009E+02   -.3010E+02   -.3010E+02   -.3011E+02   -.3012E+02   -.3013E+02   -.3014E+02   -.3015E+02   -.3016E+02   -.3017E+02   -.3018E+02   -.3020E+02   -.3021E+02   -.3023E+02   -.3025E+02   -.3027E+02   -.3030E+02   -.3032E+02   -.3035E+02   -.3039E+02   -.3043E+02   -.3047E+02   -.3053E+02   -.3059E+02   -.3066E+02   -.3074E+02   -.3083E+02   -.3093E+02   -.3104E+02   -.3116E+02   -.3124E+02   -.3124E+02   -.3108E+02   -.3062E+02   -.2992E+02   -.3038E+02   -.6740E+02   -.1229E+02   -.1110E+02   -.1047E+02   -.9703E+01   -.8938E+01   -.8229E+01   -.7587E+01   -.7011E+01   -.6495E+01   -.6033E+01   -.5618E+01   -.5246E+01   -.4912E+01   -.4611E+01   -.4337E+01   -.4088E+01   -.3860E+01   -.3652E+01   -.3461E+01   -.3287E+01   -.3126E+01   -.2979E+01   -.2842E+01   -.2715E+01   -.2597E+01   -.2486E+01   -.2382E+01   -.2285E+01   -.2194E+01   -.2108E+01   -.2028E+01   -.1952E+01   -.1881E+01   -.1814E+01   -.1751E+01   -.1691E+01   -.1633E+01   -.1579E+01   -.1528E+01   -.1479E+01   -.1433E+01   -.1390E+01   -.1348E+01   -.1309E+01   -.1271E+01   -.1235E+01   -.1201E+01   -.1169E+01   -.1138E+01   -.1108E+01   -.1080E+01   -.1052E+01   -.1026E+01   -.1002E+01   -.9781E+00   -.9556E+00   -.9340E+00   -.9134E+00   -.8937E+00   -.8748E+00   -.8567E+00   -.8392E+00   -.8225E+00   -.8063E+00   -.7909E+00
0.8232E+05   0.3183E+02   -.3001E+02   -.3001E+02   -.3001E+02   -.3001E+02   -.3002E+02   -.3002E+02   -.3002E+02   -.3002E+02   -.3002E+02   -.3003E+02   -.3003E+02   -.3003E+02   -.3003E+02   -.3004E+02   -.3004E+02   -.3004E+02   -.3005E+02   -.3005E+02   -.3005E+02   -.3006E+02   -.3006E+02   -.3007E+02   -.3007E+02   -.3008E+02   -.3008E+02   -.3009E+02   -.3009E+02   -.3010E+02   -.3011E+02   -.3011E+02   -.3012E+02   -.3013E+02   -.3014E+02   -.3015E+02   -.3016E+02   -.3018E+02   -.3019E+02   -.3020E+02   -.3022E+02   -.3024E+02   -.3026E+02   -.3028E+02   -.3031E+02   -.3034E+02   -.3037E+02   -.3041E+02   -.3045E+02   -.3050E+02   -.3056E+02   -.3062E+02   -.3069E+02   -.3078E+02   -.3088E+02   -.3099E+02   -.3110E+02   -.3121E+02   -.3127E+02   -.3120E+02   -.3091E+02   -.3028E+02   -.2979E+02   -.3249E+02   -.1530E+02   -.1320E+02   -.1218E+02   -.1094E+02   -.9879E+01   -.8978E+01   -.8205E+01   -.7533E+01   -.6944E+01   -.6424E+01   -.5963E+01   -.5552E+01   -.5184E+01   -.4854E+01   -.4556E+01   -.4287E+01   -.4042E+01   -.3818E+01   -.3613E+01   -.3426E+01   -.3254E+01   -.3097E+01   -.2951E+01   -.2816E+01   -.2691E+01   -.2573E+01   -.2464E+01   -.2361E+01   -.2265E+01   -.2174E+01   -.2089E+01   -.2010E+01   -.1935E+01   -.1864E+01   -.1798E+01   -.1735E+01   -.1675E+01   -.1618E+01   -.1564E+01   -.1513E+01   -.1465E+01   -.1419E+01   -.1375E+01   -.1334E+01   -.1295E+01   -.1257E+01   -.1222E+01   -.1188E+01   -.1155E+01   -.1124E+01   -.1094E+01   -.1066E+01   -.1039E+01   -.1013E+01   -.9884E+00   -.9648E+00   -.9423E+00   -.9208E+00   -.9002E+00   -.8804E+00   -.8615E+00   -.8433E+00   -.8259E+00   -.8091E+00   -.7930E+00   -.7775E+00
0.8226E+05   0.3200E+02   -.3001E+02   -.3001E+02   -.3001E+02   -.3001E+02   -.3002E+02   -.3002E+02   -.3002E+02   -.3002E+02   -.3002E+02   -.3003E+02   -.3003E+02   -.3003E+02   -.3004E+02   -.3004E+02   -.3004E+02   -.3004E+02   -.3005E+02   -.3005E+02   -.3006E+02   -.3006E+02   -.3006E+02   -.3007E+02   -.3007E+02   -.3008E+02   -.3008E+02   -.3009E+02   -.3010E+02   -.3010E+02   -.3011E+02   -.3012E+02   -.3013E+02   -.3014E+02   -.3015E+02   -.3016E+02   -.3017E+02   -.3018E+02   -.3020E+02   -.3021E+02   -.3023E+02   -.3025E+02   -.3027E+02   -.3030E+02   -.3032E+02   -.3035E+02   -.3039E+02   -.3043E+02   -.3047E+02   -.3053E+02   -.3059E+02   -.3065E+02   -.3073E+02   -.3083E+02   -.3093E+02   -.3104E+02   -.3116E+02   -.3124E+02   -.3126E+02   -.3107E+02   -.3062E+02   -.2992E+02   -.3035E+02   -.6721E+02   -.1225E+02   -.1124E+02   -.1060E+02   -.9811E+01   -.9037E+01   -.8337E+01   -.7710E+01   -.7145E+01   -.6639E+01   -.6185E+01   -.5778E+01   -.5411E+01   -.5080E+01   -.4779E+01   -.4507E+01   -.4260E+01   -.4035E+01   -.3828E+01   -.3639E+01   -.3465E+01   -.3305E+01   -.3158E+01   -.3021E+01   -.2894E+01   -.2776E+01   -.2666E+01   -.2562E+01   -.2465E+01   -.2374E+01   -.2288E+01   -.2208E+01   -.2132E+01   -.2061E+01   -.1994E+01   -.1930E+01   -.1869E+01   -.1812E+01   -.1758E+01   -.1706E+01   -.1657E+01   -.1611E+01   -.1567E+01   -.1525E+01   -.1486E+01   -.1448E+01   -.1412E+01   -.1377E+01   -.1344E+01   -.1313E+01   -.1283E+01   -.1255E+01   -.1227E+01   -.1201E+01   -.1176E+01   -.1152E+01   -.1129E+01   -.1108E+01   -.1087E+01   -.1067E+01   -.1048E+01   -.1029E+01   -.1012E+01   -.9947E+00   -.9784E+00   -.9628E+00   -.9479E+00
0.8332E+05   0.3217E+02   -.3001E+02   -.3001E+02   -.3001E+02   -.3001E+02   -.3002E+02   -.3002E+02   -.3002E+02   -.3002E+02   -.3003E+02   -.3003E+02   -.3003E+02   -.3003E+02   -.3004E+02   -.3004E+02   -.3004E+02   -.3005E+02   -.3005E+02   -.3005E+02   -.3006E+02   -.3006E+02   -.3007E+02   -.3007E+02   -.3008E+02   -.3008E+02   -.3009E+02   -.3009E+02   -.3010E+02   -.3011E+02   -.3011E+02   -.3012E+02   -.3013E+02   -.3014E+02   -.3015E+02   -.3016E+02   -.3018E+02   -.3019E+02   -.3020E+02   -.3022E+02   -.3024E+02   -.3026E+02   -.3028E+02   -.3031E+02   -.3034E+02   -.3037E+02   -.3041E+02   -.3045E+02   -.3050E+02   -.3055E+02   -.3062E+02   -.3069E+02   -.3078E+02   -.3088E+02   -.3099E+02   -.3110E+02   -.3121E+02   -.3126E+02   -.3120E+02   -.3087E+02   -.3025E+02   -.2975E+02   -.3252E+02   -.1562E+02   -.1292E+02   -.1194E+02   -.1081E+02   -.9834E+01   -.8985E+01   -.8260E+01   -.7630E+01   -.7071E+01   -.6574E+01   -.6132E+01   -.5737E+01   -.5381E+01   -.5059E+01   -.4768E+01   -.4505E+01   -.4265E+01   -.4047E+01   -.3848E+01   -.3665E+01   -.3497E+01   -.3342E+01   -.3199E+01   -.3067E+01   -.2944E+01   -.2829E+01   -.2722E+01   -.2621E+01   -.2527E+01   -.2439E+01   -.2356E+01   -.2278E+01   -.2204E+01   -.2134E+01   -.2069E+01   -.2006E+01   -.1948E+01   -.1892E+01   -.1839E+01   -.1788E+01   -.1741E+01   -.1695E+01   -.1652E+01   -.1612E+01   -.1573E+01   -.1536E+01   -.1501E+01   -.1467E+01   -.1435E+01   -.1404E+01   -.1375E+01   -.1347E+01   -.1320E+01   -.1295E+01   -.1271E+01   -.1247E+01   -.1225E+01   -.1204E+01   -.1183E+01   -.1164E+01   -.1145E+01   -.1127E+01   -.1110E+01   -.1093E+01   -.1077E+01   -.1062E+01   -.1047E+01
0.8327E+05   0.3233E+02   -.3001E+02   -.3001E+02   -.3001E+02   -.3001E+02   -.3002E+02   -.3002E+02   -.3002E+02   -.3002E+02   -.3003E+02   -.3003E+02   -.3003E+02   -.3003E+02   -.3004E+02   -.3004E+02   -.3004E+02   -.3005E+02   -.3005E+02   -.3005E+02   -.3006E+02   -.3006E+02   -.3007E+02   -.3007E+02   -.3008E+02   -.3008E+02   -.3009E+02   -.3010E+02   -.3010E+02   -.3011E+02   -.3012E+02   -.3013E+02   -.3014E+02   -.3015E+02   -.3016E+02   -.3017E+02   -.3018E+02   -.3020E+02   -.3021E+02   -.3023E+02   -.3025E+02   -.3027E+02   -.3030E+02   -.3032E+02   -.3035E+02   -.3039E+02   -.3043E+02   -.3047E+02   -.3053E+02   -.3059E+02   -.3065E+02   -.3073E+02   -.3083E+02   -.3093E+02   -.3104E+02   -.3116E+02   -.3125E+02   -.3126E+02   -.3110E+02   -.3057E+02   -.2989E+02   -.3035E+02   -.6701E+02   -.1255E+02   -.1140E+02   -.1073E+02   -.9927E+01   -.9147E+01   -.8436E+01   -.7806E+01   -.7247E+01   -.6745E+01   -.6292E+01   -.5886E+01   -.5520E+01   -.5190E+01   -.4889E+01   -.4615E+01   -.4366E+01   -.4139E+01   -.3933E+01   -.3744E+01   -.3570E+01   -.3411E+01   -.3263E+01   -.3126E+01   -.2999E+01   -.2881E+01   -.2770E+01   -.2667E+01   -.2570E+01   -.2479E+01   -.2393E+01   -.2313E+01   -.2237E+01   -.2166E+01   -.2098E+01   -.2034E+01   -.1973E+01   -.1916E+01   -.1862E+01   -.1810E+01   -.1761E+01   -.1714E+01   -.1670E+01   -.1628E+01   -.1588E+01   -.1550E+01   -.1514E+01   -.1479E+01   -.1446E+01   -.1415E+01   -.1384E+01   -.1356E+01   -.1328E+01   -.1302E+01   -.1277E+01   -.1253E+01   -.1230E+01   -.1208E+01   -.1186E+01   -.1166E+01   -.1147E+01   -.1128E+01   -.1110E+01   -.1093E+01   -.1077E+01   -.1061E+01   -.1046E+01   -.1031E+01
0.8440E+05   0.3250E+02   -.3001E+02   -.3001E+02   -.3001E+02   -.3001E+02   -.3002E+02   -.3002E+02   -.3002E+02   -.3002E+02   -.3003E+02   -.3003E+02   -.3003E+02   -.3004E+02   -.3004E+02   -.3004E+02   -.3005E+02   -.3005E+02   -.3005E+02   -.3006E+02   -.3006E+02   -.3007E+02   -.3007E+02   -.3008E+02   -.3008E+02   -.3009E+02   -.3009E+02   -.3010E+02   -.3011E+02   -.3011E+02   -.3012E+02   -.3013E+02   -.3014E+02   -.3015E+02   -.3016E+02   -.3018E+02   -.3019E+02   -.3020E+02   -.3022E+02   -.3024E+02   -.3026E+02   -.3028E+02   -.3031E+02   -.3034E+02   -.3037E+02   -.3041E+02   -.3045E+02   -.3050E+02   -.3055E+02   -.3062E+02   -.3069E+02   -.3078E+02   -.3088E+02   -.3099E+02   -.3110E+02   -.3121E+02   -.3127E+02   -.3121E+02   -.3090E+02   -.3014E+02   -.2972E+02   -.3263E+02   -.1545E+02   -.1298E+02   -.1200E+02   -.1088E+02   -.9907E+01   -.9063E+01   -.8329E+01   -.7692E+01   -.7133E+01   -.6637E+01   -.6192E+01   -.5794E+01   -.5437E+01   -.5114E+01   -.4821E+01   -.4555E+01   -.4314E+01   -.4094E+01   -.3893E+01   -.3710E+01   -.3541E+01   -.3386E+01   -.3242E+01   -.3110E+01   -.2987E+01   -.2871E+01   -.2764E+01   -.2663E+01   -.2568E+01   -.2479E+01   -.2395E+01   -.2317E+01   -.2242E+01   -.2172E+01   -.2106E+01   -.2043E+01   -.1984E+01   -.1928E+01   -.1874E+01   -.1824E+01   -.1776E+01   -.1730E+01   -.1687E+01   -.1646E+01   -.1606E+01   -.1569E+01   -.1533E+01   -.1499E+01   -.1467E+01   -.1436E+01   -.1406E+01   -.1378E+01   -.1351E+01   -.1325E+01   -.1301E+01   -.1277E+01   -.1254E+01   -.1233E+01   -.1212E+01   -.1192E+01   -.1173E+01   -.1154E+01   -.1137E+01   -.1120E+01   -.1103E+01   -.1088E+01   -.1073E+01   -.1058E+01
0.8367E+05   0.3267E+02   -.3001E+02   -.3001E+02   -.3001E+02   -.3001E+02   -.3002E+02   -.3002E+02   -.3002E+02   -.3002E+02   -.3003E+02   -.3003E+02   -.3003E+02   -.3004E+02   -.3004E+02   -.3004E+02   -.3005E+02   -.3005E+02   -.3005E+02   -.3006E+02   -.3006E+02   -.3007E+02   -.3007E+02   -.3008E+02   -.3008E+02   -.3009E+02   -.3010E+02   -.3010E+02   -.3011E+02   -.3012E+02   -.3013E+02   -.3014E+02   -.3015E+02   -.3016E+02   -.3017E+02   -.3018E+02   -.3020E+02   -.3021E+02   -.3023E+02   -.3025E+02   -.3027E+02   -.3030E+02   -.3032E+02   -.3035E+02   -.3039E+02   -.3043E+02   -.3047E+02   -.3053E+02   -.3059E+02   -.3065E+02   -.3073E+02   -.3083E+02   -.3093E+02   -.3104E+02   -.3116E+02   -.3125E+02   -.3127E+02   -.3110E+02   -.3063E+02   -.2960E+02   -.3026E+02   -.6756E+02   -.1221E+02   -.1129E+02   -.1066E+02   -.9894E+01   -.9137E+01   -.8439E+01   -.7808E+01   -.7245E+01   -.6742E+01   -.6290E+01   -.5883E+01   -.5517E+01   -.5186E+01   -.4887E+01   -.4615E+01   -.4367E+01   -.4140E+01   -.3934E+01   -.3745E+01   -.3571E+01   -.3411E+01   -.3264E+01   -.3128E+01   -.3002E+01   -.2885E+01   -.2775E+01   -.2672E+01   -.2576E+01   -.2485E+01   -.2399E+01   -.2319E+01   -.2244E+01   -.2172E+01   -.2105E+01   -.2041E+01   -.1981E+01   -.1924E+01   -.1869E+01   -.1818E+01   -.1770E+01   -.1723E+01   -.1679E+01   -.1638E+01   -.1598E+01   -.1560E+01   -.1524E+01   -.1489E+01   -.1457E+01   -.1425E+01   -.1395E+01   -.1367E+01   -.1339E+01   -.1313E+01   -.1288E+01   -.1264E+01   -.1241E+01   -.1219E+01   -.1198E+01   -.1178E+01   -.1159E+01   -.1140E+01   -.1122E+01   -.1105E+01   -.1088E+01   -.1072E+01   -.1057E+01   -.1043E+01   -.1029E+01
0.8371E+05   0.3283E+02   -.3001E+02   -.3001E+02   -.3001E+02   -.3002E+02   -.3002E+02   -.3002E+02   -.3002E+02   -.3003E+02   -.3003E+02   -.3003E+02   -.3003E+02   -.3004E+02   -.3004E+02   -.3004E+02   -.3005E+02   -.3005E+02   -.3006E+02   -.3006E+02   -.3007E+02   -.3007E+02   -.3008E+02   -.3008E+02   -.3009E+02   -.3009E+02   -.3010E+02   -.3011E+02   -.3011E+02   -.3012E+02   -.3013E+02   -.3014E+02   -.3015E+02   -.3016E+02   -.3018E+02   -.3019E+02   -.3021E+02   -.3022E+02   -.3024E+02   -.3026E+02   -.3028E+02   -.3031E+02   -.3034E+02   -.3037E+02   -.3041E+02   -.3045E+02   -.3050E+02   -.3056E+02   -.3062E+02   -.3070E+02   -.3078E+02   -.3088E+02   -.3100E+02   -.3111E+02   -.3123E+02   -.3129E+02   -.3126E+02   -.3087E+02   -.3039E+02   -.2872E+02   -.3287E+02   -.1517E+02   -.1298E+02   -.1201E+02   -.1089E+02   -.9904E+01   -.9037E+01   -.8278E+01   -.7613E+01   -.7031E+01   -.6519E+01   -.6063E+01   -.5657E+01   -.5293E+01   -.4967E+01   -.4673E+01   -.4406E+01   -.4163E+01   -.3941E+01   -.3738E+01   -.3553E+01   -.3383E+01   -.3226E+01   -.3082E+01   -.2950E+01   -.2827E+01   -.2712E+01   -.2604E+01   -.2502E+01   -.2407E+01   -.2317E+01   -.2233E+01   -.2153E+01   -.2079E+01   -.2009E+01   -.1942E+01   -.1879E+01   -.1820E+01   -.1763E+01   -.1710E+01   -.1659E+01   -.1611E+01   -.1566E+01   -.1522E+01   -.1481E+01   -.1441E+01   -.1404E+01   -.1368E+01   -.1334E+01   -.1302E+01   -.1271E+01   -.1241E+01   -.1213E+01   -.1186E+01   -.1160E+01   -.1135E+01   -.1111E+01   -.1088E+01   -.1066E+01   -.1045E+01   -.1025E+01   -.1005E+01   -.9867E+00   -.9687E+00   -.9514E+00   -.9348E+00   -.9189E+00   -.9036E+00   -.8888E+00   -.8747E+00
0.1882E+04   0.3300E+02   -.3001E+02   -.3001E+02   -.3001E+02   -.3002E+02   -.3002E+02   -.3002E+02   -.3003E+02   -.3003E+02   -.3003E+02   -.3003E+02   -.3004E+02   -.3004E+02   -.3004E+02   -.3005E+02   -.3005E+02   -.3006E+02   -.3006E+02   -.3006E+02   -.3007E+02   -.3007E+02   -.3008E+02   -.3008E+02   -.3009E+02   -.3010E+02   -.3010E+02   -.3011E+02   -.3012E+02   -.3013E+02   -.3014E+02   -.3015E+02   -.3016E+02   -.3017E+02   -.3018E+02   -.3020E+02   -.3022E+02   -.3023E+02   -.3025E+02   -.3027E+02   -.3030E+02   -.3033E+02   -.3036E+02   -.3039E+02   -.3043E+02   -.3048E+02   -.3053E+02   -.3059E+02   -.3066E+02   -.3075E+02   -.3084E+02   -.3095E+02   -.3107E+02   -.3118E+02   -.3131E+02   -.3126E+02   -.3134E+02   -.3018E+02   -.3130E+02   -.2387E+02   -.6205E+02   -.1207E+02   -.1145E+02   -.1073E+02   -.9942E+01   -.9222E+01   -.8567E+01   -.7983E+01   -.7465E+01   -.7009E+01   -.6605E+01   -.6244E+01   -.5921E+01   -.5634E+01   -.5375E+01   -.5142E+01   -.4930E+01   -.4736E+01   -.4557E+01   -.4394E+01   -.4244E+01   -.4106E+01   -.3980E+01   -.3863E+01   -.3755E+01   -.3654E+01   -.3559E+01   -.3469E+01   -.3385E+01   -.3304E+01   -.3229E+01   -.3158E+01   -.3091E+01   -.3029E+01   -.2970E+01   -.2915E+01   -.2862E+01   -.2812E+01   -.2764E+01   -.2718E+01   -.2675E+01   -.2635E+01   -.2596E+01   -.2559E+01   -.2524E+01   -.2490E+01   -.2458E+01   -.2427E+01   -.2398E+01   -.2371E+01   -.2344E+01   -.2319E+01   -.2295E+01   -.2271E+01   -.2249E+01   -.2227E+01   -.2207E+01   -.2187E+01   -.2168E+01   -.2149E+01   -.2132E+01   -.2115E+01   -.2099E+01   -.2083E+01   -.2068E+01   -.2053E+01   -.2039E+01   -.2026E+01   -.2013E+01   -.2001E+01
0.3773E+04   0.3333E+02   -.3001E+02   -.3001E+02   -.3001E+02   -.3002E+02   -.3002E+02   -.3002E+02   -.3003E+02   -.3003E+02   -.3003E+02   -.3003E+02   -.3004E+02   -.3004E+02   -.3004E+02   -.3005E+02   -.3005E+02   -.3006E+02   -.3006E+02   -.3007E+02   -.3007E+02   -.3008E+02   -.3008E+02   -.3009E+02   -.3010E+02   -.3010E+02   -.3011E+02   -.3012E+02   -.3013E+02   -.3014E+02   -.3015E+02   -.3016E+02   -.3017E+02   -.3018E+02   -.3020E+02   -.3021E+02   -.3023E+02   -.3025E+02   -.3027E+02   -.3030E+02   -.3032E+02   -.3036E+02   -.3039E+02   -.3043E+02   -.3048E+02   -.3053E+02   -.3059E+02   -.3066E+02   -.3074E+02   -.3084E+02   -.3094E+02   -.3106E+02   -.3118E+02   -.3127E+02   -.3129E+02   -.3112E+02   -.3063E+02   -.2950E+02   -.2761E+02   -.4382E+02   -.1936E+02   -.1381E+02   -.1261E+02   -.1157E+02   -.1064E+02   -.9818E+01   -.9099E+01   -.8472E+01   -.7923E+01   -.7444E+01   -.7022E+01   -.6648E+01   -.6315E+01   -.6019E+01   -.5755E+01   -.5517E+01   -.5301E+01   -.5104E+01   -.4924E+01   -.4759E+01   -.4607E+01   -.4469E+01   -.4342E+01   -.4225E+01   -.4117E+01   -.4017E+01   -.3922E+01   -.3831E+01   -.3747E+01   -.3667E+01   -.3591E+01   -.3521E+01   -.3456E+01   -.3394E+01   -.3337E+01   -.3283E+01   -.3231E+01   -.3182E+01   -.3136E+01   -.3092E+01   -.3050E+01   -.3011E+01   -.2973E+01   -.2937E+01   -.2903E+01   -.2871E+01   -.2840E+01   -.2811E+01   -.2784E+01   -.2758E+01   -.2732E+01   -.2709E+01   -.2686E+01   -.2664E+01   -.2643E+01   -.2623E+01   -.2603E+01   -.2585E+01   -.2567E+01   -.2550E+01   -.2534E+01   -.2518E+01   -.2503E+01   -.2489E+01   -.2475E+01   -.2462E+01   -.2449E+01   -.2437E+01   -.2425E+01   -.2414E+01
0.3772E+04   0.3367E+02   -.3001E+02   -.3001E+02   -.3001E+02   -.3002E+02   -.3002E+02   -.3002E+02   -.3003E+02   -.3003E+02   -.3003E+02   -.3004E+02   -.3004E+02   -.3004E+02   -.3005E+02   -.3005E+02   -.3006E+02   -.3006E+02   -.3007E+02   -.3007E+02   -.3008E+02   -.3008E+02   -.3009E+02   -.3009E+02   -.3010E+02   -.3011E+02   -.3012E+02   -.3013E+02   -.3014E+02   -.3015E+02   -.3016E+02   -.3017E+02   -.3018E+02   -.3020E+02   -.3021E+02   -.3023E+02   -.3025E+02   -.3027E+02   -.3030E+02   -.3032E+02   -.3036E+02   -.3039E+02   -.3043E+02   -.3048E+02   -.3053E+02   -.3059E+02   -.3066E+02   -.3074E+02   -.3084E+02   -.3094E+02   -.3106E+02   -.3118E+02   -.3127E+02   -.3129E+02   -.3112E+02   -.3064E+02   -.2950E+02   -.2766E+02   -.4365E+02   -.2000E+02   -.1269E+02   -.1191E+02   -.1108E+02   -.1031E+02   -.9611E+01   -.8971E+01   -.8392E+01   -.7875E+01   -.7412E+01   -.7001E+01   -.6633E+01   -.6303E+01   -.6008E+01   -.5743E+01   -.5504E+01   -.5287E+01   -.5089E+01   -.4907E+01   -.4739E+01   -.4585E+01   -.4445E+01   -.4315E+01   -.4197E+01   -.4087E+01   -.3985E+01   -.3889E+01   -.3797E+01   -.3711E+01   -.3630E+01   -.3553E+01   -.3480E+01   -.3412E+01   -.3349E+01   -.3289E+01   -.3234E+01   -.3181E+01   -.3131E+01   -.3084E+01   -.3039E+01   -.2996E+01   -.2956E+01   -.2918E+01   -.2881E+01   -.2846E+01   -.2813E+01   -.2782E+01   -.2752E+01   -.2724E+01   -.2697E+01   -.2672E+01   -.2647E+01   -.2624E+01   -.2602E+01   -.2580E+01   -.2560E+01   -.2540E+01   -.2522E+01   -.2503E+01   -.2486E+01   -.2470E+01   -.2454E+01   -.2438E+01   -.2424E+01   -.2410E+01   -.2396E+01   -.2383E+01   -.2371E+01   -.2359E+01   -.2348E+01   -.2337E+01
0.3771E+04   0.3400E+02   -.3001E+02   -.3001E+02   -.3002E+02   -.3002E+02   -.3002E+02   -.3002E+02   -.3003E+02   -.3003E+02   -.3003E+02   -.3004E+02   -.3004E+02   -.3005E+02   -.3005E+02   -.3005E+02   -.3006E+02   -.3006E+02   -.3007E+02   -.3007E+02   -.3008E+02   -.3009E+02   -.3009E+02   -.3010E+02   -.3011E+02   -.3012E+02   -.3013E+02   -.3013E+02   -.3015E+02   -.3016E+02   -.3017E+02   -.3018E+02   -.3020E+02   -.3021E+02   -.3023E+02   -.3025E+02   -.3027E+02   -.3030E+02   -.3032E+02   -.3036E+02   -.3039E+02   -.3043E+02   -.3048E+02   -.3053E+02   -.3059E+02   -.3066E+02   -.3074E+02   -.3084E+02   -.3094E+02   -.3106E+02   -.3118E+02   -.3127E+02   -.3129E+02   -.3112E+02   -.3064E+02   -.2949E+02   -.2766E+02   -.4360E+02   -.2010E+02   -.1247E+02   -.1213E+02   -.1070E+02   -.9964E+01   -.9276E+01   -.8651E+01   -.8087E+01   -.7583E+01   -.7134E+01   -.6733E+01   -.6375E+01   -.6054E+01   -.5766E+01   -.5508E+01   -.5274E+01   -.5062E+01   -.4868E+01   -.4690E+01   -.4526E+01   -.4374E+01   -.4235E+01   -.4108E+01   -.3990E+01   -.3882E+01   -.3781E+01   -.3686E+01   -.3596E+01   -.3511E+01   -.3430E+01   -.3354E+01   -.3282E+01   -.3214E+01   -.3151E+01   -.3091E+01   -.3036E+01   -.2983E+01   -.2933E+01   -.2886E+01   -.2841E+01   -.2799E+01   -.2759E+01   -.2720E+01   -.2684E+01   -.2649E+01   -.2616E+01   -.2584E+01   -.2555E+01   -.2526E+01   -.2500E+01   -.2474E+01   -.2450E+01   -.2427E+01   -.2404E+01   -.2383E+01   -.2363E+01   -.2343E+01   -.2324E+01   -.2306E+01   -.2289E+01   -.2272E+01   -.2256E+01   -.2241E+01   -.2226E+01   -.2212E+01   -.2199E+01   -.2186E+01   -.2173E+01   -.2162E+01   -.2150E+01   -.2139E+01   -.2128E+01
0.3770E+04   0.3433E+02   -.3001E+02   -.3001E+02   -.3002E+02   -.3002E+02   -.3002E+02   -.3003E+02   -.3003E+02   -.3003E+02   -.3004E+02   -.3004E+02   -.3004E+02   -.3005E+02   -.3005E+02   -.3006E+02   -.3006E+02   -.3007E+02   -.3007E+02   -.3008E+02   -.3009E+02   -.3009E+02   -.3010E+02   -.3011E+02   -.3012E+02   -.3012E+02   -.3013E+02   -.3014E+02   -.3016E+02   -.3017E+02   -.3018E+02   -.3020E+02   -.3021E+02   -.3023E+02   -.3025E+02   -.3027E+02   -.3030E+02   -.3032E+02   -.3035E+02   -.3039E+02   -.3043E+02   -.3048E+02   -.3053E+02   -.3059E+02   -.3066E+02   -.3074E+02   -.3084E+02   -.3094E+02   -.3106E+02   -.3118E+02   -.3127E+02   -.3129E+02   -.3112E+02   -.3064E+02   -.2949E+02   -.2766E+02   -.4359E+02   -.2011E+02   -.1244E+02   -.1213E+02   -.1052E+02   -.1004E+02   -.9281E+01   -.8636E+01   -.8061E+01   -.7551E+01   -.7096E+01   -.6693E+01   -.6331E+01   -.6008E+01   -.5719E+01   -.5460E+01   -.5226E+01   -.5013E+01   -.4818E+01   -.4640E+01   -.4476E+01   -.4324E+01   -.4185E+01   -.4057E+01   -.3939E+01   -.3830E+01   -.3728E+01   -.3633E+01   -.3543E+01   -.3458E+01   -.3377E+01   -.3300E+01   -.3228E+01   -.3160E+01   -.3096E+01   -.3036E+01   -.2979E+01   -.2926E+01   -.2876E+01   -.2828E+01   -.2783E+01   -.2741E+01   -.2700E+01   -.2662E+01   -.2625E+01   -.2590E+01   -.2557E+01   -.2525E+01   -.2495E+01   -.2467E+01   -.2440E+01   -.2414E+01   -.2390E+01   -.2366E+01   -.2344E+01   -.2322E+01   -.2301E+01   -.2282E+01   -.2263E+01   -.2245E+01   -.2227E+01   -.2210E+01   -.2194E+01   -.2179E+01   -.2164E+01   -.2150E+01   -.2136E+01   -.2123E+01   -.2110E+01   -.2098E+01   -.2087E+01   -.2076E+01   -.2065E+01   -.2055E+01
0.3769E+04   0.3467E+02   -.3001E+02   -.3001E+02   -.3002E+02   -.3002E+02   -.3002E+02   -.3003E+02   -.3003E+02   -.3003E+02   -.3004E+02   -.3004E+02   -.3005E+02   -.3005E+02   -.3006E+02   -.3006E+02   -.3007E+02   -.3007E+02   -.3008E+02   -.3009E+02   -.3009E+02   -.3010E+02   -.3011E+02   -.3011E+02   -.3012E+02   -.3013E+02   -.3014E+02   -.3016E+02   -.3017E+02   -.3018E+02   -.3020E+02   -.3021E+02   -.3023E+02   -.3025E+02   -.3027E+02   -.3030E+02   -.3032E+02   -.3035E+02   -.3039E+02   -.3043E+02   -.3048E+02   -.3053E+02   -.3059E+02   -.3066E+02   -.3074E+02   -.3084E+02   -.3094E+02   -.3106E+02   -.3118E+02   -.3127E+02   -.3129E+02   -.3112E+02   -.3064E+02   -.2949E+02   -.2766E+02   -.4359E+02   -.2011E+02   -.1244E+02   -.1214E+02   -.1048E+02   -.1009E+02   -.9221E+01   -.8626E+01   -.8058E+01   -.7551E+01   -.7098E+01   -.6695E+01   -.6335E+01   -.6012E+01   -.5724E+01   -.5465E+01   -.5231E+01   -.5018E+01   -.4823E+01   -.4645E+01   -.4481E+01   -.4329E+01   -.4190E+01   -.4062E+01   -.3944E+01   -.3835E+01   -.3733E+01   -.3638E+01   -.3548E+01   -.3463E+01   -.3382E+01   -.3305E+01   -.3233E+01   -.3165E+01   -.3100E+01   -.3040E+01   -.2984E+01   -.2931E+01   -.2880E+01   -.2832E+01   -.2787E+01   -.2745E+01   -.2704E+01   -.2665E+01   -.2629E+01   -.2594E+01   -.2560E+01   -.2528E+01   -.2498E+01   -.2470E+01   -.2443E+01   -.2417E+01   -.2392E+01   -.2369E+01   -.2346E+01   -.2325E+01   -.2304E+01   -.2284E+01   -.2265E+01   -.2247E+01   -.2229E+01   -.2212E+01   -.2196E+01   -.2181E+01   -.2166E+01   -.2152E+01   -.2138E+01   -.2125E+01   -.2112E+01   -.2100E+01   -.2089E+01   -.2078E+01   -.2067E+01   -.2056E+01   -.2046E+01
0.3768E+04   0.3500E+02   -.3001E+02   -.3001E+02   -.3002E+02   -.3002E+02   -.3003E+02   -.3003E+02   -.3003E+02   -.3004E+02   -.3004E+02   -.3005E+02   -.3005E+02   -.3006E+02   -.3006E+02   -.3007E+02   -.3007E+02   -.3008E+02   -.3008E+02   -.3009E+02   -.3010E+02   -.3011E+02   -.3011E+02   -.3012E+02   -.3013E+02   -.3014E+02   -.3015E+02   -.3017E+02   -.3018E+02   -.3019E+02   -.3021E+02   -.3023E+02   -.3025E+02   -.3027E+02   -.3030E+02   -.3032E+02   -.3035E+02   -.3039E+02   -.3043E+02   -.3048E+02   -.3053E+02   -.3059E+02   -.3066E+02   -.3074E+02   -.3084E+02   -.3094E+02   -.3106E+02   -.3118E+02   -.3127E+02   -.3129E+02   -.3112E+02   -.3064E+02   -.2949E+02   -.2766E+02   -.4358E+02   -.2011E+02   -.1244E+02   -.1214E+02   -.1047E+02   -.1009E+02   -.9196E+01   -.8651E+01   -.8055E+01   -.7546E+01   -.7093E+01   -.6691E+01   -.6331E+01   -.6009E+01   -.5720E+01   -.5462E+01   -.5228E+01   -.5016E+01   -.4822E+01   -.4644E+01   -.4480E+01   -.4329E+01   -.4190E+01   -.4062E+01   -.3944E+01   -.3835E+01   -.3734E+01   -.3639E+01   -.3549E+01   -.3464E+01   -.3383E+01   -.3307E+01   -.3235E+01   -.3166E+01   -.3102E+01   -.3042E+01   -.2986E+01   -.2933E+01   -.2882E+01   -.2835E+01   -.2790E+01   -.2747E+01   -.2706E+01   -.2668E+01   -.2631E+01   -.2596E+01   -.2563E+01   -.2531E+01   -.2501E+01   -.2472E+01   -.2445E+01   -.2420E+01   -.2395E+01   -.2371E+01   -.2349E+01   -.2327E+01   -.2307E+01   -.2287E+01   -.2268E+01   -.2250E+01   -.2232E+01   -.2215E+01   -.2199E+01   -.2184E+01   -.2169E+01   -.2155E+01   -.2141E+01   -.2128E+01   -.2115E+01   -.2103E+01   -.2092E+01   -.2081E+01   -.2070E+01   -.2059E+01   -.2049E+01   -.2040E+01
0.3767E+04   0.3533E+02   -.3001E+02   -.3002E+02   -.3002E+02   -.3002E+02   -.3003E+02   -.3003E+02   -.3003E+02   -.3004E+02   -.3004E+02   -.3005E+02   -.3005E+02   -.3006E+02   -.3006E+02   -.3007E+02   -.3008E+02   -.3008E+02   -.3009E+02   -.3010E+02   -.3010E+02   -.3011E+02   -.3012E+02   -.3013E+02   -.3014E+02   -.3015E+02   -.3017E+02   -.3018E+02   -.3019E+02   -.3021E+02   -.3023E+02   -.3025E+02   -.3027E+02   -.3029E+02   -.3032E+02   -.3035E+02   -.3039E+02   -.3043E+02   -.3048E+02   -.3053E+02   -.3059E+02   -.3066E+02   -.3074E+02   -.3083E+02   -.3094E+02   -.3106E+02   -.3118E+02   -.3127E+02   -.3129E+02   -.3112E+02   -.3064E+02   -.2949E+02   -.2766E+02   -.4358E+02   -.2011E+02   -.1244E+02   -.1214E+02   -.1047E+02   -.1009E+02   -.9187E+01   -.8658E+01   -.8044E+01   -.7549E+01   -.7096E+01   -.6693E+01   -.6333E+01   -.6010E+01   -.5722E+01   -.5462E+01   -.5228E+01   -.5016E+01   -.4822E+01   -.4644E+01   -.4480E+01   -.4329E+01   -.4190E+01   -.4062E+01   -.3944E+01   -.3836E+01   -.3734E+01   -.3639E+01   -.3549E+01   -.3464E+01   -.3384E+01   -.3307E+01   -.3235E+01   -.3167E+01   -.3103E+01   -.3043E+01   -.2987E+01   -.2934E+01   -.2883E+01   -.2836E+01   -.2791E+01   -.2748E+01   -.2707E+01   -.2669E+01   -.2632E+01   -.2597E+01   -.2564E+01   -.2532E+01   -.2502E+01   -.2473E+01   -.2446E+01   -.2421E+01   -.2396E+01   -.2373E+01   -.2350E+01   -.2329E+01   -.2308E+01   -.2288E+01   -.2269E+01   -.2251E+01   -.2233E+01   -.2217E+01   -.2201E+01   -.2185E+01   -.2170E+01   -.2156E+01   -.2142E+01   -.2129E+01   -.2117E+01   -.2105E+01   -.2093E+01   -.2082E+01   -.2071E+01   -.2061E+01   -.2051E+01   -.2041E+01   -.2032E+01
0.3766E+04   0.3567E+02   -.3001E+02   -.3002E+02   -.3002E+02   -.3002E+02   -.3003E+02   -.3003E+02   -.3004E+02   -.3004E+02   -.3005E+02   -.3005E+02   -.3006E+02   -.3006E+02   -.3007E+02   -.3007E+02   -.3008E+02   -.3009E+02   -.3010E+02   -.3010E+02   -.3011E+02   -.3012E+02   -.3013E+02   -.3014E+02   -.3015E+02   -.3017E+02   -.3018E+02   -.3019E+02   -.3021E+02   -.3023E+02   -.3025E+02   -.3027E+02   -.3029E+02   -.3032E+02   -.3035E+02   -.3039E+02   -.3043E+02   -.3047E+02   -.3053E+02   -.3059E+02   -.3066E+02   -.3074E+02   -.3083E+02   -.3094E+02   -.3106E+02   -.3118E+02   -.3127E+02   -.3129E+02   -.3112E+02   -.3064E+02   -.2949E+02   -.2766E+02   -.4358E+02   -.2010E+02   -.1244E+02   -.1214E+02   -.1047E+02   -.1009E+02   -.9185E+01   -.8653E+01   -.8041E+01   -.7554E+01   -.7094E+01   -.6691E+01   -.6332E+01   -.6010E+01   -.5722E+01   -.5463E+01   -.5228E+01   -.5016E+01   -.4822E+01   -.4644E+01   -.4480E+01   -.4329E+01   -.4190E+01   -.4062E+01   -.3944E+01   -.3835E+01   -.3734E+01   -.3639E+01   -.3549E+01   -.3464E+01   -.3383E+01   -.3307E+01   -.3235E+01   -.3167E+01   -.3103E+01   -.3043E+01   -.2987E+01   -.2933E+01   -.2883E+01   -.2835E+01   -.2790E+01   -.2748E+01   -.2707E+01   -.2669E+01   -.2632E+01   -.2597E+01   -.2564E+01   -.2532E+01   -.2502E+01   -.2473E+01   -.2446E+01   -.2421E+01   -.2396E+01   -.2373E+01   -.2350E+01   -.2329E+01   -.2308E+01   -.2288E+01   -.2269E+01   -.2251E+01   -.2234E+01   -.2217E+01   -.2201E+01   -.2185E+01   -.2170E+01   -.2156E+01   -.2143E+01   -.2130E+01   -.2117E+01   -.2105E+01   -.2093E+01   -.2082E+01   -.2072E+01   -.2061E+01   -.2051E+01   -.2042E+01   -.2032E+01   -.2023E+01
0.3765E+04   0.3600E+02   -.3001E+02   -.3002E+02   -.3002E+02   -.3003E+02   -.3003E+02   -.3003E+02   -.3004E+02   -.3004E+02   -.3005E+02   -.3005E+02   -.3006E+02   -.3007E+02   -.3007E+02   -.3008E+02   -.3009E+02   -.3009E+02   -.3010E+02   -.3011E+02   -.3012E+02   -.3013E+02   -.3014E+02   -.3015E+02   -.3016E+02   -.3018E+02   -.3019E+02   -.3021E+02   -.3023E+02   -.3025E+02   -.3027E+02   -.3029E+02   -.3032E+02   -.3035E+02   -.3039E+02   -.3043E+02   -.3047E+02   -.3053E+02   -.3059E+02   -.3066E+02   -.3074E+02   -.3083E+02   -.3094E+02   -.3106E+02   -.3118E+02   -.3127E+02   -.3129E+02   -.3112E+02   -.3064E+02   -.2949E+02   -.2766E+02   -.4358E+02   -.2010E+02   -.1244E+02   -.1214E+02   -.1047E+02   -.1009E+02   -.9185E+01   -.8653E+01   -.8037E+01   -.7555E+01   -.7092E+01   -.6693E+01   -.6332E+01   -.6010E+01   -.5722E+01   -.5463E+01   -.5229E+01   -.5016E+01   -.4822E+01   -.4644E+01   -.4480E+01   -.4329E+01   -.4190E+01   -.4062E+01   -.3944E+01   -.3835E+01   -.3734E+01   -.3639E+01   -.3549E+01   -.3464E+01   -.3383E+01   -.3307E+01   -.3235E+01   -.3167E+01   -.3103E+01   -.3043E+01   -.2987E+01   -.2933E+01   -.2883E+01   -.2835E+01   -.2790E+01   -.2748E+01   -.2707E+01   -.2669E+01   -.2632E+01   -.2597E+01   -.2564E+01   -.2532E+01   -.2502E+01   -.2473E+01   -.2446E+01   -.2421E+01   -.2396E+01   -.2373E+01   -.2350E+01   -.2329E+01   -.2308E+01   -.2288E+01   -.2269E+01   -.2251E+01   -.2234E+01   -.2217E+01   -.2201E+01   -.2185E+01   -.2171E+01   -.2156E+01   -.2143E+01   -.2130E+01   -.2117E+01   -.2105E+01   -.2094E+01   -.2083E+01   -.2072E+01   -.2062E+01   -.2052E+01   -.2042E+01   -.2033E+01   -.2024E+01   -.2015E+01
0.3764E+04   0.3633E+02   -.3001E+02   -.3002E+02   -.3002E+02   -.3003E+02   -.3003E+02   -.3004E+02   -.3004E+02   -.3005E+02   -.3005E+02   -.3006E+02   -.3006E+02   -.3007E+02   -.3008E+02   -.3008E+02   -.3009E+02   -.3010E+02   -.3011E+02   -.3012E+02   -.3013E+02   -.3014E+02   -.3015E+02   -.3016E+02   -.3018E+02   -.3019E+02   -.3021E+02   -.3023E+02   -.3025E+02   -.3027E+02   -.3029E+02   -.3032E+02   -.3035E+02   -.3039E+02   -.3043E+02   -.3047E+02   -.3053E+02   -.3059E+02   -.3066E+02   -.3074E+02   -.3083E+02   -.3094E+02   -.3106E+02   -.3118E+02   -.3127E+02   -.3129E+02   -.3112E+02   -.3064E+02   -.2950E+02   -.2766E+02   -.4358E+02   -.2010E+02   -.1243E+02   -.1214E+02   -.1047E+02   -.1009E+02   -.9185E+01   -.8653E+01   -.8036E+01   -.7552E+01   -.7092E+01   -.6694E+01   -.6331E+01   -.6010E+01   -.5721E+01   -.5463E+01   -.5228E+01   -.5016E+01   -.4822E+01   -.4643E+01   -.4479E+01   -.4328E+01   -.4189E+01   -.4062E+01   -.3944E+01   -.3835E+01   -.3734E+01   -.3639E+01   -.3549E+01   -.3464E+01   -.3383E+01   -.3307E+01   -.3235E+01   -.3167E+01   -.3103E+01   -.3043E+01   -.2986E+01   -.2933E+01   -.2883E+01   -.2835E+01   -.2790E+01   -.2748E+01   -.2707E+01   -.2668E+01   -.2632E+01   -.2597E+01   -.2563E+01   -.2532E+01   -.2502E+01   -.2473E+01   -.2446E+01   -.2420E+01   -.2396E+01   -.2373E+01   -.2350E+01   -.2329E+01   -.2308E+01   -.2288E+01   -.2269E+01   -.2251E+01   -.2234E+01   -.2217E+01   -.2201E+01   -.2185E+01   -.2170E+01   -.2156E+01   -.2143E+01   -.2130E+01   -.2117E+01   -.2105E+01   -.2094E+01   -.2083E+01   -.2072E+01   -.2062E+01   -.2052E+01   -.2042E+01   -.2033E+01   -.2024E+01   -.2015E+01   -.2007E+01
0.3763E+04   0.3667E+02   -.3002E+02   -.3002E+02   -.3002E+02   -.3003E+02   -.3003E+02   -.3004E+02   -.3004E+02   -.3005E+02   -.3006E+02   -.3006E+02   -.3007E+02   -.3007E+02   -.3008E+02   -.3009E+02   -.3010E+02   -.3011E+02   -.3012E+02   -.3013E+02   -.3014E+02   -.3015E+02   -.3016E+02   -.3018E+02   -.3019E+02   -.3021E+02   -.3022E+02   -.3024E+02   -.3027E+02   -.3029E+02   -.3032E+02   -.3035E+02   -.3039E+02   -.3043E+02   -.3047E+02   -.3053E+02   -.3059E+02   -.3066E+02   -.3074E+02   -.3083E+02   -.3094E+02   -.3106E+02   -.3118E+02   -.3127E+02   -.3129E+02   -.3112E+02   -.3064E+02   -.2950E+02   -.2766E+02   -.4358E+02   -.2010E+02   -.1243E+02   -.1213E+02   -.1047E+02   -.1009E+02   -.9184E+01   -.8653E+01   -.8036E+01   -.7552E+01   -.7090E+01   -.6694E+01   -.6331E+01   -.6010E+01   -.5721E+01   -.5462E+01   -.5228E+01   -.5016E+01   -.4822E+01   -.4643E+01   -.4479E+01   -.4328E+01   -.4189E+01   -.4062E+01   -.3944E+01   -.3835E+01   -.3734E+01   -.3639E+01   -.3549E+01   -.3464E+01   -.3383E+01   -.3307E+01   -.3235E+01   -.3167E+01   -.3103E+01   -.3043E+01   -.2986E+01   -.2933E+01   -.2883E+01   -.2835E+01   -.2790E+01   -.2747E+01   -.2707E+01   -.2668E+01   -.2632E+01   -.2597E+01   -.2563E+01   -.2532E+01   -.2502E+01   -.2473E+01   -.2446E+01   -.2420E+01   -.2396E+01   -.2372E+01   -.2350E+01   -.2329E+01   -.2308E+01   -.2288E+01   -.2269E+01   -.2251E+01   -.2234E+01   -.2217E+01   -.2201E+01   -.2185E+01   -.2170E+01   -.2156E+01   -.2143E+01   -.2130E+01   -.2117E+01   -.2105E+01   -.2094E+01   -.2083E+01   -.2072E+01   -.2062E+01   -.2052E+01   -.2042E+01   -.2033E+01   -.2024E+01   -.2015E+01   -.2007E+01   -.1999E+01
0.3762E+04   0.3700E+02   -.3002E+02   -.3002E+02   -.3003E+02   -.3003E+02   -.3004E+02   -.3004E+02   -.3005E+02   -.3005E+02   -.3006E+02   -.3007E+02   -.3007E+02   -.3008E+02   -.3009E+02   -.3010E+02   -.3010E+02   -.3011E+02   -.3012E+02   -.3014E+02   -.3015E+02   -.3016E+02   -.3017E+02   -.3019E+02   -.3021E+02   -.3022E+02   -.3024E+02   -.3027E+02   -.3029E+02   -.3032E+02   -.3035E+02   -.3039E+02   -.3043E+02   -.3047E+02   -.3053E+02   -.3059E+02   -.3066E+02   -.3074E+02   -.3083E+02   -.3094E+02   -.3106E+02   -.3118E+02   -.3127E+02   -.3129E+02   -.3112E+02   -.3064E+02   -.2950E+02   -.2767E+02   -.4358E+02   -.2010E+02   -.1243E+02   -.1213E+02   -.1047E+02   -.1008E+02   -.9184E+01   -.8652E+01   -.8036E+01   -.7552E+01   -.7089E+01   -.6692E+01   -.6331E+01   -.6010E+01   -.5721E+01   -.5462E+01   -.5228E+01   -.5016E+01   -.4822E+01   -.4644E+01   -.4479E+01   -.4328E+01   -.4189E+01   -.4062E+01   -.3944E+01   -.3835E+01   -.3734E+01   -.3639E+01   -.3549E+01   -.3464E+01   -.3383E+01   -.3307E+01   -.3235E+01   -.3166E+01   -.3102E+01   -.3043E+01   -.2986E+01   -.2933E+01   -.2883E+01   -.2835E+01   -.2790E+01   -.2747E+01   -.2707E+01   -.2668E+01   -.2632E+01   -.2597E+01   -.2563E+01   -.2531E+01   -.2501E+01   -.2473E+01   -.2446E+01   -.2420E+01   -.2396E+01   -.2372E+01   -.2350E+01   -.2328E+01   -.2308E+01   -.2288E+01   -.2269E+01   -.2251E+01   -.2233E+01   -.2217E+01   -.2201E+01   -.2185E+01   -.2170E+01   -.2156E+01   -.2143E+01   -.2130E+01   -.2117E+01   -.2105E+01   -.2094E+01   -.2083E+01   -.2072E+01   -.2062E+01   -.2052E+01   -.2042E+01   -.2033E+01   -.2024E+01   -.2015E+01   -.2007E+01   -.1999E+01   -.1991E+01
0.3761E+04   0.3733E+02   -.3002E+02   -.3002E+02   -.3003E+02   -.3003E+02   -.3004E+02   -.3004E+02   -.3005E+02   -.3006E+02   -.3006E+02   -.3007E+02   -.3008E+02   -.3009E+02   -.3009E+02   -.3010E+02   -.3011E+02   -.3012E+02   -.3013E+02   -.3015E+02   -.3016E+02   -.3017E+02   -.3019E+02   -.3020E+02   -.3022E+02   -.3024E+02   -.3026E+02   -.3029E+02   -.3032E+02   -.3035E+02   -.3038E+02   -.3043E+02   -.3047E+02   -.3052E+02   -.3059E+02   -.3066E+02   -.3074E+02   -.3083E+02   -.3094E+02   -.3106E+02   -.3118E+02   -.3127E+02   -.3129E+02   -.3112E+02   -.3064E+02   -.2949E+02   -.2767E+02   -.4358E+02   -.2010E+02   -.1243E+02   -.1213E+02   -.1047E+02   -.1008E+02   -.9184E+01   -.8652E+01   -.8036E+01   -.7551E+01   -.7089E+01   -.6692E+01   -.6330E+01   -.6010E+01   -.5721E+01   -.5462E+01   -.5228E+01   -.5016E+01   -.4822E+01   -.4644E+01   -.4480E+01   -.4328E+01   -.4189E+01   -.4061E+01   -.3944E+01   -.3835E+01   -.3734E+01   -.3639E+01   -.3549E+01   -.3463E+01   -.3383E+01   -.3307E+01   -.3235E+01   -.3166E+01   -.3102E+01   -.3042E+01   -.2986E+01   -.2933E+01   -.2883E+01   -.2835E+01   -.2790E+01   -.2747E+01   -.2707E+01   -.2668E+01   -.2632E+01   -.2597E+01   -.2563E+01   -.2531E+01   -.2501E+01   -.2473E+01   -.2446E+01   -.2420E+01   -.2396E+01   -.2372E+01   -.2350E+01   -.2328E+01   -.2308E+01   -.2288E+01   -.2269E+01   -.2251E+01   -.2233E+01   -.2217E+01   -.2201E+01   -.2185E+01   -.2170E+01   -.2156E+01   -.2143E+01   -.2130E+01   -.2117E+01   -.2105E+01   -.2094E+01   -.2083E+01   -.2072E+01   -.2062E+01   -.2052E+01   -.2042E+01   -.2033E+01   -.2024E+01   -.2015E+01   -.2007E+01   -.1999E+01   -.1991E+01   -.1984E+01
0.3760E+04   0.3767E+02   -.3002E+02   -.3002E+02   -.3003E+02   -.3003E+02   -.3004E+02   -.3005E+02   -.3005E+02   -.3006E+02   -.3007E+02   -.3007E+02   -.3008E+02   -.3009E+02   -.3010E+02   -.3011E+02   -.3012E+02   -.3013E+02   -.3014E+02   -.3016E+02   -.3017E+02   -.3019E+02   -.3020E+02   -.3022E+02   -.3024E+02   -.3026E+02   -.3029E+02   -.3032E+02   -.3035E+02   -.3038E+02   -.3042E+02   -.3047E+02   -.3052E+02   -.3058E+02   -.3066E+02   -.3074E+02   -.3083E+02   -.3094E+02   -.3106E+02   -.3117E+02   -.3127E+02   -.3129E+02   -.3112E+02   -.3064E+02   -.2949E+02   -.2767E+02   -.4358E+02   -.2010E+02   -.1243E+02   -.1213E+02   -.1047E+02   -.1008E+02   -.9183E+01   -.8652E+01   -.8036E+01   -.7551E+01   -.7089E+01   -.6692E+01   -.6330E+01   -.6009E+01   -.5721E+01   -.5462E+01   -.5228E+01   -.5015E+01   -.4821E+01   -.4643E+01   -.4479E+01   -.4328E+01   -.4189E+01   -.4061E+01   -.3944E+01   -.3835E+01   -.3734E+01   -.3639E+01   -.3549E+01   -.3463E+01   -.3383E+01   -.3307E+01   -.3235E+01   -.3166E+01   -.3102E+01   -.3042E+01   -.2986E+01   -.2933E+01   -.2883E+01   -.2835E+01   -.2790E+01   -.2747E+01   -.2707E+01   -.2668E+01   -.2631E+01   -.2597E+01   -.2563E+01   -.2531E+01   -.2501E+01   -.2473E+01   -.2446E+01   -.2420E+01   -.2396E+01   -.2372E+01   -.2350E+01   -.2328E+01   -.2308E+01   -.2288E+01   -.2269E+01   -.2251E+01   -.2233E+01   -.2217E+01   -.2201E+01   -.2185E+01   -.2170E+01   -.2156E+01   -.2143E+01   -.2130E+01   -.2117E+01   -.2105E+01   -.2094E+01   -.2083E+01   -.2072E+01   -.2062E+01   -.2052E+01   -.2042E+01   -.2033E+01   -.2024E+01   -.2015E+01   -.2007E+01   -.1999E+01   -.1991E+01   -.1984E+01   -.1977E+01
0.3759E+04   0.3800E+02   -.3002E+02   -.3002E+02   -.3003E+02   -.3004E+02   -.3004E+02   -.3005E+02   -.3006E+02   -.3006E+02   -.3007E+02   -.3008E+02   -.3009E+02   -.3010E+02   -.3011E+02   -.3012E+02   -.3013E+02   -.3014E+02   -.3015E+02   -.3017E+02   -.3018E+02   -.3020E+02   -.3022E+02   -.3024E+02   -.3026E+02   -.3029E+02   -.3031E+02   -.3035E+02   -.3038E+02   -.3042E+02   -.3047E+02   -.3052E+02   -.3058E+02   -.3065E+02   -.3074E+02   -.3083E+02   -.3094E+02   -.3105E+02   -.3117E+02   -.3127E+02   -.3129E+02   -.3112E+02   -.3064E+02   -.2949E+02   -.2767E+02   -.4358E+02   -.2010E+02   -.1243E+02   -.1213E+02   -.1047E+02   -.1008E+02   -.9183E+01   -.8651E+01   -.8035E+01   -.7551E+01   -.7089E+01   -.6691E+01   -.6330E+01   -.6009E+01   -.5720E+01   -.5462E+01   -.5228E+01   -.5015E+01   -.4821E+01   -.4643E+01   -.4479E+01   -.4328E+01   -.4189E+01   -.4061E+01   -.3944E+01   -.3835E+01   -.3734E+01   -.3639E+01   -.3549E+01   -.3463E+01   -.3383E+01   -.3307E+01   -.3235E+01   -.3166E+01   -.3102E+01   -.3042E+01   -.2986E+01   -.2933E+01   -.2883E+01   -.2835E+01   -.2790E+01   -.2747E+01   -.2707E+01   -.2668E+01   -.2631E+01   -.2597E+01   -.2563E+01   -.2531E+01   -.2501E+01   -.2473E+01   -.2446E+01   -.2420E+01   -.2396E+01   -.2372E+01   -.2350E+01   -.2328E+01   -.2308E+01   -.2288E+01   -.2269E+01   -.2251E+01   -.2233E+01   -.2217E+01   -.2201E+01   -.2185E+01   -.2170E+01   -.2156E+01   -.2143E+01   -.2130E+01   -.2117E+01   -.2105E+01   -.2094E+01   -.2083E+01   -.2072E+01   -.2062E+01   -.2052E+01   -.2042E+01   -.2033E+01   -.2024E+01   -.2015E+01   -.2007E+01   -.1999E+01   -.1991E+01   -.1984E+01   -.1977E+01   -.1970E+01
0.3758E+04   0.3833E+02   -.3002E+02   -.3003E+02   -.3003E+02   -.3004E+02   -.3004E+02   -.3005E+02   -.3006E+02   -.3007E+02   -.3008E+02   -.3008E+02   -.3009E+02   -.3010E+02   -.3011E+02   -.3013E+02   -.3014E+02   -.3015E+02   -.3017E+02   -.3018E+02   -.3020E+02   -.3022E+02   -.3024E+02   -.3026E+02   -.3028E+02   -.3031E+02   -.3034E+02   -.3038E+02   -.3042E+02   -.3047E+02   -.3052E+02   -.3058E+02   -.3065E+02   -.3074E+02   -.3083E+02   -.3094E+02   -.3105E+02   -.3117E+02   -.3127E+02   -.3129E+02   -.3112E+02   -.3064E+02   -.2949E+02   -.2767E+02   -.4357E+02   -.2010E+02   -.1243E+02   -.1213E+02   -.1047E+02   -.1008E+02   -.9182E+01   -.8651E+01   -.8035E+01   -.7551E+01   -.7089E+01   -.6691E+01   -.6329E+01   -.6009E+01   -.5720E+01   -.5461E+01   -.5228E+01   -.5015E+01   -.4821E+01   -.4643E+01   -.4479E+01   -.4328E+01   -.4189E+01   -.4062E+01   -.3944E+01   -.3835E+01   -.3734E+01   -.3639E+01   -.3549E+01   -.3463E+01   -.3383E+01   -.3307E+01   -.3235E+01   -.3166E+01   -.3102E+01   -.3042E+01   -.2986E+01   -.2933E+01   -.2883E+01   -.2835E+01   -.2790E+01   -.2747E+01   -.2707E+01   -.2668E+01   -.2631E+01   -.2597E+01   -.2563E+01   -.2531E+01   -.2501E+01   -.2473E+01   -.2446E+01   -.2420E+01   -.2396E+01   -.2372E+01   -.2350E+01   -.2328E+01   -.2308E+01   -.2288E+01   -.2269E+01   -.2251E+01   -.2233E+01   -.2217E+01   -.2201E+01   -.2185E+01   -.2170E+01   -.2156E+01   -.2143E+01   -.2130E+01   -.2117E+01   -.2105E+01   -.2094E+01   -.2083E+01   -.2072E+01   -.2062E+01   -.2052E+01   -.2042E+01   -.2033E+01   -.2024E+01   -.2015E+01   -.2007E+01   -.1999E+01   -.1991E+01   -.1984E+01   -.1977E+01   -.1970E+01   -.1963E+01
0.3757E+04   0.3867E+02   -.3002E+02   -.3003E+02   -.3003E+02   -.3004E+02   -.3005E+02   -.3006E+02   -.3006E+02   -.3007E+02   -.3008E+02   -.3009E+02   -.3010E+02   -.3011E+02   -.3012E+02   -.3013E+02   -.3015E+02   -.3016E+02   -.3018E+02   -.3020E+02   -.3021E+02   -.3023E+02   -.3026E+02   -.3028E+02   -.3031E+02   -.3034E+02   -.3038E+02   -.3042E+02   -.3047E+02   -.3052E+02   -.3058E+02   -.3065E+02   -.3073E+02   -.3083E+02   -.3094E+02   -.3105E+02   -.3117E+02   -.3127E+02   -.3129E+02   -.3112E+02   -.3063E+02   -.2949E+02   -.2767E+02   -.4357E+02   -.2010E+02   -.1243E+02   -.1213E+02   -.1047E+02   -.1008E+02   -.9182E+01   -.8651E+01   -.8035E+01   -.7550E+01   -.7088E+01   -.6691E+01   -.6329E+01   -.6008E+01   -.5720E+01   -.5461E+01   -.5227E+01   -.5015E+01   -.4821E+01   -.4643E+01   -.4479E+01   -.4328E+01   -.4189E+01   -.4062E+01   -.3944E+01   -.3835E+01   -.3734E+01   -.3639E+01   -.3549E+01   -.3463E+01   -.3383E+01   -.3307E+01   -.3235E+01   -.3167E+01   -.3103E+01   -.3043E+01   -.2986E+01   -.2933E+01   -.2883E+01   -.2835E+01   -.2790E+01   -.2747E+01   -.2707E+01   -.2668E+01   -.2632E+01   -.2597E+01   -.2563E+01   -.2531E+01   -.2501E+01   -.2473E+01   -.2446E+01   -.2420E+01   -.2396E+01   -.2372E+01   -.2350E+01   -.2328E+01   -.2308E+01   -.2288E+01   -.2269E+01   -.2251E+01   -.2233E+01   -.2217E+01   -.2201E+01   -.2185E+01   -.2170E+01   -.2156E+01   -.2143E+01   -.2130E+01   -.2117E+01   -.2105E+01   -.2094E+01   -.2083E+01   -.2072E+01   -.2062E+01   -.2052E+01   -.2042E+01   -.2033E+01   -.2024E+01   -.2015E+01   -.2007E+01   -.1999E+01   -.1991E+01   -.1984E+01   -.1977E+01   -.1970E+01   -.1963E+01   -.1957E+01
0.3756E+04   0.3900E+02   -.3002E+02   -.3003E+02   -.3004E+02   -.3004E+02   -.3005E+02   -.3006E+02   -.3007E+02   -.3008E+02   -.3009E+02   -.3010E+02   -.3011E+02   -.3012E+02   -.3013E+02   -.3014E+02   -.3016E+02   -.3018E+02   -.3019E+02   -.3021E+02   -.3023E+02   -.3025E+02   -.3028E+02   -.3031E+02   -.3034E+02   -.3038E+02   -.3042E+02   -.3046E+02   -.3052E+02   -.3058E+02   -.3065E+02   -.3073E+02   -.3083E+02   -.3093E+02   -.3105E+02   -.3117E+02   -.3127E+02   -.3128E+02   -.3112E+02   -.3063E+02   -.2949E+02   -.2766E+02   -.4357E+02   -.2010E+02   -.1243E+02   -.1213E+02   -.1047E+02   -.1008E+02   -.9181E+01   -.8650E+01   -.8034E+01   -.7550E+01   -.7088E+01   -.6691E+01   -.6329E+01   -.6008E+01   -.5720E+01   -.5461E+01   -.5227E+01   -.5015E+01   -.4821E+01   -.4643E+01   -.4479E+01   -.4328E+01   -.4189E+01   -.4061E+01   -.3944E+01   -.3835E+01   -.3734E+01   -.3639E+01   -.3549E+01   -.3463E+01   -.3383E+01   -.3307E+01   -.3235E+01   -.3167E+01   -.3103E+01   -.3043E+01   -.2986E+01   -.2933E+01   -.2883E+01   -.2835E+01   -.2790E+01   -.2747E+01   -.2707E+01   -.2668E+01   -.2632E+01   -.2597E+01   -.2563E+01   -.2531E+01   -.2501E+01   -.2473E+01   -.2446E+01   -.2420E+01   -.2396E+01   -.2372E+01   -.2350E+01   -.2328E+01   -.2308E+01   -.2288E+01   -.2269E+01   -.2251E+01   -.2233E+01   -.2217E+01   -.2201E+01   -.2185E+01   -.2170E+01   -.2156E+01   -.2143E+01   -.2130E+01   -.2117E+01   -.2105E+01   -.2094E+01   -.2083E+01   -.2072E+01   -.2062E+01   -.2052E+01   -.2042E+01   -.2033E+01   -.2024E+01   -.2015E+01   -.2007E+01   -.1999E+01   -.1991E+01   -.1984E+01   -.1977E+01   -.1970E+01   -.1963E+01   -.1957E+01   -.1951E+01
0.3755E+04   0.3933E+02   -.3002E+02   -.3003E+02   -.3004E+02   -.3005E+02   -.3005E+02   -.3006E+02   -.3007E+02   -.3008E+02   -.3009E+02   -.3010E+02   -.3012E+02   -.3013E+02   -.3014E+02   -.3016E+02   -.3017E+02   -.3019E+02   -.3021E+02   -.3023E+02   -.3025E+02   -.3028E+02   -.3031E+02   -.3034E+02   -.3037E+02   -.3042E+02   -.3046E+02   -.3052E+02   -.3058E+02   -.3065E+02   -.3073E+02   -.3083E+02   -.3093E+02   -.3105E+02   -.3117E+02   -.3126E+02   -.3128E+02   -.3111E+02   -.3063E+02   -.2949E+02   -.2766E+02   -.4357E+02   -.2009E+02   -.1243E+02   -.1213E+02   -.1046E+02   -.1008E+02   -.9181E+01   -.8650E+01   -.8034E+01   -.7550E+01   -.7088E+01   -.6691E+01   -.6329E+01   -.6008E+01   -.5719E+01   -.5461E+01   -.5227E+01   -.5015E+01   -.4821E+01   -.4643E+01   -.4479E+01   -.4328E+01   -.4189E+01   -.4061E+01   -.3944E+01   -.3835E+01   -.3734E+01   -.3639E+01   -.3549E+01   -.3464E+01   -.3383E+01   -.3307E+01   -.3235E+01   -.3167E+01   -.3103E+01   -.3043E+01   -.2986E+01   -.2933E+01   -.2883E+01   -.2835E+01   -.2790E+01   -.2747E+01   -.2707E+01   -.2668E+01   -.2632E+01   -.2597E+01   -.2563E+01   -.2531E+01   -.2501E+01   -.2473E+01   -.2446E+01   -.2420E+01   -.2396E+01   -.2372E+01   -.2350E+01   -.2328E+01   -.2308E+01   -.2288E+01   -.2269E+01   -.2251E+01   -.2234E+01   -.2217E+01   -.2201E+01   -.2185E+01   -.2170E+01   -.2156E+01   -.2143E+01   -.2130E+01   -.2117E+01   -.2105E+01   -.2094E+01   -.2083E+01   -.2072E+01   -.2062E+01   -.2052E+01   -.2042E+01   -.2033E+01   -.2024E+01   -.2015E+01   -.2007E+01   -.1999E+01   -.1992E+01   -.1984E+01   -.1977E+01   -.1970E+01   -.1963E+01   -.1957E+01   -.1951E+01   -.1945E+01
0.3754E+04   0.3967E+02   -.3003E+02   -.3003E+02   -.3004E+02   -.3005E+02   -.3006E+02   -.3007E+02   -.3008E+02   -.3009E+02   -.3010E+02   -.3011E+02   -.3012E+02   -.3014E+02   -.3015E+02   -.3017E+02   -.3019E+02   -.3021E+02   -.3023E+02   -.3025E+02   -.3027E+02   -.3030E+02   -.3034E+02   -.3037E+02   -.3041E+02   -.3046E+02   -.3051E+02   -.3058E+02   -.3065E+02   -.3073E+02   -.3082E+02   -.3093E+02   -.3105E+02   -.3117E+02   -.3126E+02   -.3128E+02   -.3111E+02   -.3063E+02   -.2949E+02   -.2766E+02   -.4357E+02   -.2009E+02   -.1243E+02   -.1213E+02   -.1046E+02   -.1008E+02   -.9180E+01   -.8649E+01   -.8033E+01   -.7549E+01   -.7087E+01   -.6690E+01   -.6329E+01   -.6008E+01   -.5719E+01   -.5461E+01   -.5227E+01   -.5014E+01   -.4821E+01   -.4643E+01   -.4479E+01   -.4328E+01   -.4189E+01   -.4061E+01   -.3944E+01   -.3835E+01   -.3734E+01   -.3639E+01   -.3549E+01   -.3464E+01   -.3383E+01   -.3307E+01   -.3235E+01   -.3167E+01   -.3103E+01   -.3043E+01   -.2986E+01   -.2933E+01   -.2883E+01   -.2835E+01   -.2790E+01   -.2748E+01   -.2707E+01   -.2668E+01   -.2632E+01   -.2597E+01   -.2563E+01   -.2532E+01   -.2501E+01   -.2473E+01   -.2446E+01   -.2420E+01   -.2396E+01   -.2372E+01   -.2350E+01   -.2328E+01   -.2308E+01   -.2288E+01   -.2269E+01   -.2251E+01   -.2234E+01   -.2217E+01   -.2201E+01   -.2185E+01   -.2171E+01   -.2156E+01   -.2143E+01   -.2130E+01   -.2117E+01   -.2105E+01   -.2094E+01   -.2083E+01   -.2072E+01   -.2062E+01   -.2052E+01   -.2042E+01   -.2033E+01   -.2024E+01   -.2015E+01   -.2007E+01   -.1999E+01   -.1992E+01   -.1984E+01   -.1977E+01   -.1970E+01   -.1964E+01   -.1957E+01   -.1951E+01   -.1945E+01   -.1939E+01
0.3753E+04   0.4000E+02   -.3003E+02   -.3003E+02   -.3004E+02   -.3005E+02   -.3006E+02   -.3007E+02   -.3008E+02   -.3009E+02   -.3011E+02   -.3012E+02   -.3013E+02   -.3015E+02   -.3016E+02   -.3018E+02   -.3020E+02   -.3022E+02   -.3025E+02   -.3027E+02   -.3030E+02   -.3033E+02   -.3037E+02   -.3041E+02   -.3046E+02   -.3051E+02   -.3057E+02   -.3064E+02   -.3073E+02   -.3082E+02   -.3093E+02   -.3105E+02   -.3117E+02   -.3126E+02   -.3128E+02   -.3111E+02   -.3063E+02   -.2949E+02   -.2766E+02   -.4356E+02   -.2009E+02   -.1243E+02   -.1213E+02   -.1046E+02   -.1008E+02   -.9180E+01   -.8649E+01   -.8033E+01   -.7549E+01   -.7087E+01   -.6690E+01   -.6328E+01   -.6008E+01   -.5719E+01   -.5461E+01   -.5227E+01   -.5014E+01   -.4820E+01   -.4643E+01   -.4479E+01   -.4328E+01   -.4189E+01   -.4061E+01   -.3944E+01   -.3835E+01   -.3734E+01   -.3639E+01   -.3549E+01   -.3464E+01   -.3383E+01   -.3307E+01   -.3235E+01   -.3167E+01   -.3103E+01   -.3043E+01   -.2987E+01   -.2933E+01   -.2883E+01   -.2835E+01   -.2790E+01   -.2748E+01   -.2707E+01   -.2669E+01   -.2632E+01   -.2597E+01   -.2563E+01   -.2532E+01   -.2502E+01   -.2473E+01   -.2446E+01   -.2420E+01   -.2396E+01   -.2373E+01   -.2350E+01   -.2329E+01   -.2308E+01   -.2288E+01   -.2269E+01   -.2251E+01   -.2234E+01   -.2217E+01   -.2201E+01   -.2185E+01   -.2171E+01   -.2156E+01   -.2143E+01   -.2130E+01   -.2117E+01   -.2105E+01   -.2094E+01   -.2083E+01   -.2072E+01   -.2062E+01   -.2052E+01   -.2042E+01   -.2033E+01   -.2024E+01   -.2016E+01   -.2007E+01   -.1999E+01   -.1992E+01   -.1984E+01   -.1977E+01   -.1970E+01   -.1964E+01   -.1957E+01   -.1951E+01   -.1945E+01   -.1939E+01   -.1934E+01
0.3752E+04   0.4033E+02   -.3003E+02   -.3004E+02   -.3005E+02   -.3006E+02   -.3007E+02   -.3008E+02   -.3009E+02   -.3010E+02   -.3011E+02   -.3013E+02   -.3014E+02   -.3016E+02   -.3018E+02   -.3020E+02   -.3022E+02   -.3024E+02   -.3027E+02   -.3030E+02   -.3033E+02   -.3037E+02   -.3041E+02   -.3045E+02   -.3051E+02   -.3057E+02   -.3064E+02   -.3072E+02   -.3082E+02   -.3093E+02   -.3104E+02   -.3116E+02   -.3126E+02   -.3128E+02   -.3111E+02   -.3063E+02   -.2949E+02   -.2766E+02   -.4356E+02   -.2009E+02   -.1243E+02   -.1213E+02   -.1046E+02   -.1008E+02   -.9179E+01   -.8648E+01   -.8032E+01   -.7548E+01   -.7087E+01   -.6690E+01   -.6328E+01   -.6007E+01   -.5719E+01   -.5460E+01   -.5227E+01   -.5014E+01   -.4820E+01   -.4642E+01   -.4479E+01   -.4328E+01   -.4189E+01   -.4061E+01   -.3944E+01   -.3835E+01   -.3734E+01   -.3639E+01   -.3549E+01   -.3464E+01   -.3383E+01   -.3307E+01   -.3235E+01   -.3167E+01   -.3103E+01   -.3043E+01   -.2987E+01   -.2933E+01   -.2883E+01   -.2835E+01   -.2790E+01   -.2748E+01   -.2707E+01   -.2669E+01   -.2632E+01   -.2597E+01   -.2564E+01   -.2532E+01   -.2502E+01   -.2473E+01   -.2446E+01   -.2421E+01   -.2396E+01   -.2373E+01   -.2350E+01   -.2329E+01   -.2308E+01   -.2288E+01   -.2269E+01   -.2251E+01   -.2234E+01   -.2217E+01   -.2201E+01   -.2185E+01   -.2171E+01   -.2156E+01   -.2143E+01   -.2130E+01   -.2118E+01   -.2106E+01   -.2094E+01   -.2083E+01   -.2072E+01   -.2062E+01   -.2052E+01   -.2042E+01   -.2033E+01   -.2024E+01   -.2016E+01   -.2007E+01   -.1999E+01   -.1992E+01   -.1984E+01   -.1977E+01   -.1970E+01   -.1964E+01   -.1957E+01   -.1951E+01   -.1945E+01   -.1939E+01   -.1934E+01   -.1929E+01
0.3751E+04   0.4067E+02   -.3003E+02   -.3004E+02   -.3005E+02   -.3006E+02   -.3007E+02   -.3008E+02   -.3010E+02   -.3011E+02   -.3012E+02   -.3014E+02   -.3015E+02   -.3017E+02   -.3019E+02   -.3021E+02   -.3024E+02   -.3026E+02   -.3029E+02   -.3033E+02   -.3036E+02   -.3040E+02   -.3045E+02   -.3050E+02   -.3057E+02   -.3064E+02   -.3072E+02   -.3082E+02   -.3092E+02   -.3104E+02   -.3116E+02   -.3126E+02   -.3128E+02   -.3111E+02   -.3063E+02   -.2949E+02   -.2766E+02   -.4356E+02   -.2009E+02   -.1242E+02   -.1212E+02   -.1046E+02   -.1008E+02   -.9178E+01   -.8647E+01   -.8032E+01   -.7548E+01   -.7086E+01   -.6689E+01   -.6328E+01   -.6007E+01   -.5719E+01   -.5460E+01   -.5226E+01   -.5014E+01   -.4820E+01   -.4642E+01   -.4479E+01   -.4328E+01   -.4189E+01   -.4061E+01   -.3944E+01   -.3835E+01   -.3734E+01   -.3639E+01   -.3549E+01   -.3464E+01   -.3383E+01   -.3307E+01   -.3235E+01   -.3167E+01   -.3103E+01   -.3043E+01   -.2987E+01   -.2934E+01   -.2883E+01   -.2835E+01   -.2790E+01   -.2748E+01   -.2707E+01   -.2669E+01   -.2632E+01   -.2597E+01   -.2564E+01   -.2532E+01   -.2502E+01   -.2473E+01   -.2446E+01   -.2421E+01   -.2396E+01   -.2373E+01   -.2350E+01   -.2329E+01   -.2308E+01   -.2288E+01   -.2269E+01   -.2251E+01   -.2234E+01   -.2217E+01   -.2201E+01   -.2186E+01   -.2171E+01   -.2157E+01   -.2143E+01   -.2130E+01   -.2118E+01   -.2106E+01   -.2094E+01   -.2083E+01   -.2072E+01   -.2062E+01   -.2052E+01   -.2043E+01   -.2033E+01   -.2024E+01   -.2016E+01   -.2007E+01   -.2000E+01   -.1992E+01   -.1984E+01   -.1977E+01   -.1970E+01   -.1964E+01   -.1957E+01   -.1951E+01   -.1945E+01   -.1939E+01   -.1934E+01   -.1929E+01   -.1923E+01
0.3750E+04   0.4100E+02   -.3003E+02   -.3004E+02   -.3005E+02   -.3006E+02   -.3008E+02   -.3009E+02   -.3010E+02   -.3012E+02   -.3013E+02   -.3015E+02   -.3017E+02   -.3019E+02   -.3021E+02   -.3023E+02   -.3026E+02   -.3029E+02   -.3032E+02   -.3036E+02   -.3040E+02   -.3045E+02   -.3050E+02   -.3056E+02   -.3064E+02   -.3072E+02   -.3081E+02   -.3092E+02   -.3104E+02   -.3116E+02   -.3125E+02   -.3127E+02   -.3111E+02   -.3062E+02   -.2949E+02   -.2766E+02   -.4356E+02   -.2008E+02   -.1242E+02   -.1212E+02   -.1046E+02   -.1008E+02   -.9177E+01   -.8646E+01   -.8031E+01   -.7547E+01   -.7086E+01   -.6689E+01   -.6327E+01   -.6007E+01   -.5718E+01   -.5460E+01   -.5226E+01   -.5014E+01   -.4820E+01   -.4642E+01   -.4479E+01   -.4328E+01   -.4189E+01   -.4061E+01   -.3944E+01   -.3835E+01   -.3734E+01   -.3639E+01   -.3549E+01   -.3464E+01   -.3384E+01   -.3307E+01   -.3235E+01   -.3167E+01   -.3103E+01   -.3043E+01   -.2987E+01   -.2934E+01   -.2883E+01   -.2836E+01   -.2791E+01   -.2748E+01   -.2708E+01   -.2669E+01   -.2632E+01   -.2597E+01   -.2564E+01   -.2532E+01   -.2502E+01   -.2474E+01   -.2447E+01   -.2421E+01   -.2396E+01   -.2373E+01   -.2350E+01   -.2329E+01   -.2308E+01   -.2289E+01   -.2270E+01   -.2251E+01   -.2234E+01   -.2217E+01   -.2201E+01   -.2186E+01   -.2171E+01   -.2157E+01   -.2143E+01   -.2130E+01   -.2118E+01   -.2106E+01   -.2094E+01   -.2083E+01   -.2073E+01   -.2062E+01   -.2052E+01   -.2043E+01   -.2033E+01   -.2024E+01   -.2016E+01   -.2008E+01   -.2000E+01   -.1992E+01   -.1985E+01   -.1977E+01   -.1971E+01   -.1964E+01   -.1957E+01   -.1951E+01   -.1945E+01   -.1940E+01   -.1934E+01   -.1929E+01   -.1924E+01   -.1919E+01
0.3749E+04   0.4133E+02   -.3003E+02   -.3005E+02   -.3006E+02   -.3007E+02   -.3008E+02   -.3010E+02   -.3011E+02   -.3013E+02   -.3014E+02   -.3016E+02   -.3018E+02   -.3020E+02   -.3023E+02   -.3025E+02   -.3028E+02   -.3032E+02   -.3035E+02   -.3040E+02   -.3044E+02   -.3050E+02   -.3056E+02   -.3063E+02   -.3071E+02   -.3081E+02   -.3092E+02   -.3104E+02   -.3116E+02   -.3125E+02   -.3127E+02   -.3110E+02   -.3062E+02   -.2948E+02   -.2766E+02   -.4355E+02   -.2008E+02   -.1242E+02   -.1212E+02   -.1046E+02   -.1008E+02   -.9176E+01   -.8645E+01   -.8030E+01   -.7547E+01   -.7085E+01   -.6688E+01   -.6327E+01   -.6006E+01   -.5718E+01   -.5460E+01   -.5226E+01   -.5014E+01   -.4820E+01   -.4642E+01   -.4478E+01   -.4328E+01   -.4189E+01   -.4061E+01   -.3943E+01   -.3835E+01   -.3734E+01   -.3639E+01   -.3549E+01   -.3464E+01   -.3384E+01   -.3308E+01   -.3236E+01   -.3167E+01   -.3103E+01   -.3043E+01   -.2987E+01   -.2934E+01   -.2884E+01   -.2836E+01   -.2791E+01   -.2748E+01   -.2708E+01   -.2669E+01   -.2632E+01   -.2597E+01   -.2564E+01   -.2532E+01   -.2502E+01   -.2474E+01   -.2447E+01   -.2421E+01   -.2396E+01   -.2373E+01   -.2351E+01   -.2329E+01   -.2308E+01   -.2289E+01   -.2270E+01   -.2252E+01   -.2234E+01   -.2217E+01   -.2201E+01   -.2186E+01   -.2171E+01   -.2157E+01   -.2143E+01   -.2130E+01   -.2118E+01   -.2106E+01   -.2094E+01   -.2083E+01   -.2073E+01   -.2062E+01   -.2052E+01   -.2043E+01   -.2033E+01   -.2025E+01   -.2016E+01   -.2008E+01   -.2000E+01   -.1992E+01   -.1985E+01   -.1978E+01   -.1971E+01   -.1964E+01   -.1958E+01   -.1951E+01   -.1945E+01   -.1940E+01   -.1934E+01   -.1929E+01   -.1924E+01   -.1919E+01   -.1914E+01
0.3748E+04   0.4167E+02   -.3004E+02   -.3005E+02   -.3006E+02   -.3007E+02   -.3009E+02   -.3010E+02   -.3012E+02   -.3014E+02   -.3016E+02   -.3018E+02   -.3020E+02   -.3022E+02   -.3025E+02   -.3028E+02   -.3031E+02   -.3035E+02   -.3039E+02   -.3044E+02   -.3049E+02   -.3056E+02   -.3063E+02   -.3071E+02   -.3081E+02   -.3091E+02   -.3103E+02   -.3115E+02   -.3125E+02   -.3127E+02   -.3110E+02   -.3062E+02   -.2948E+02   -.2766E+02   -.4355E+02   -.2008E+02   -.1242E+02   -.1212E+02   -.1046E+02   -.1007E+02   -.9175E+01   -.8645E+01   -.8029E+01   -.7546E+01   -.7084E+01   -.6688E+01   -.6326E+01   -.6006E+01   -.5718E+01   -.5459E+01   -.5226E+01   -.5014E+01   -.4820E+01   -.4642E+01   -.4478E+01   -.4327E+01   -.4189E+01   -.4061E+01   -.3943E+01   -.3835E+01   -.3734E+01   -.3639E+01   -.3549E+01   -.3464E+01   -.3384E+01   -.3308E+01   -.3236E+01   -.3168E+01   -.3103E+01   -.3044E+01   -.2987E+01   -.2934E+01   -.2884E+01   -.2836E+01   -.2791E+01   -.2748E+01   -.2708E+01   -.2669E+01   -.2633E+01   -.2598E+01   -.2564E+01   -.2532E+01   -.2502E+01   -.2474E+01   -.2447E+01   -.2421E+01   -.2397E+01   -.2373E+01   -.2351E+01   -.2329E+01   -.2309E+01   -.2289E+01   -.2270E+01   -.2252E+01   -.2234E+01   -.2218E+01   -.2201E+01   -.2186E+01   -.2171E+01   -.2157E+01   -.2143E+01   -.2130E+01   -.2118E+01   -.2106E+01   -.2095E+01   -.2083E+01   -.2073E+01   -.2062E+01   -.2053E+01   -.2043E+01   -.2034E+01   -.2025E+01   -.2016E+01   -.2008E+01   -.2000E+01   -.1992E+01   -.1985E+01   -.1978E+01   -.1971E+01   -.1964E+01   -.1958E+01   -.1951E+01   -.1946E+01   -.1940E+01   -.1934E+01   -.1929E+01   -.1924E+01   -.1919E+01   -.1914E+01   -.1910E+01
0.3747E+04   0.4200E+02   -.3004E+02   -.3005E+02   -.3007E+02   -.3008E+02   -.3010E+02   -.3011E+02   -.3013E+02   -.3015E+02   -.3017E+02   -.3019E+02   -.3022E+02   -.3024E+02   -.3027E+02   -.3031E+02   -.3034E+02   -.3039E+02   -.3043E+02   -.3049E+02   -.3055E+02   -.3062E+02   -.3071E+02   -.3080E+02   -.3091E+02   -.3103E+02   -.3115E+02   -.3124E+02   -.3126E+02   -.3110E+02   -.3062E+02   -.2948E+02   -.2765E+02   -.4354E+02   -.2008E+02   -.1242E+02   -.1212E+02   -.1045E+02   -.1007E+02   -.9174E+01   -.8644E+01   -.8028E+01   -.7545E+01   -.7084E+01   -.6687E+01   -.6326E+01   -.6006E+01   -.5717E+01   -.5459E+01   -.5226E+01   -.5013E+01   -.4820E+01   -.4642E+01   -.4478E+01   -.4327E+01   -.4189E+01   -.4061E+01   -.3944E+01   -.3835E+01   -.3734E+01   -.3639E+01   -.3549E+01   -.3464E+01   -.3384E+01   -.3308E+01   -.3236E+01   -.3168E+01   -.3104E+01   -.3044E+01   -.2987E+01   -.2934E+01   -.2884E+01   -.2836E+01   -.2791E+01   -.2749E+01   -.2708E+01   -.2669E+01   -.2633E+01   -.2598E+01   -.2564E+01   -.2533E+01   -.2503E+01   -.2474E+01   -.2447E+01   -.2421E+01   -.2397E+01   -.2373E+01   -.2351E+01   -.2329E+01   -.2309E+01   -.2289E+01   -.2270E+01   -.2252E+01   -.2234E+01   -.2218E+01   -.2202E+01   -.2186E+01   -.2171E+01   -.2157E+01   -.2144E+01   -.2131E+01   -.2118E+01   -.2106E+01   -.2095E+01   -.2084E+01   -.2073E+01   -.2063E+01   -.2053E+01   -.2043E+01   -.2034E+01   -.2025E+01   -.2016E+01   -.2008E+01   -.2000E+01   -.1992E+01   -.1985E+01   -.1978E+01   -.1971E+01   -.1964E+01   -.1958E+01   -.1952E+01   -.1946E+01   -.1940E+01   -.1934E+01   -.1929E+01   -.1924E+01   -.1919E+01   -.1914E+01   -.1910E+01   -.1905E+01
0.3746E+04   0.4233E+02   -.3004E+02   -.3006E+02   -.3007E+02   -.3009E+02   -.3010E+02   -.3012E+02   -.3014E+02   -.3016E+02   -.3018E+02   -.3021E+02   -.3024E+02   -.3027E+02   -.3030E+02   -.3034E+02   -.3038E+02   -.3043E+02   -.3048E+02   -.3055E+02   -.3062E+02   -.3070E+02   -.3080E+02   -.3091E+02   -.3102E+02   -.3115E+02   -.3124E+02   -.3126E+02   -.3109E+02   -.3061E+02   -.2947E+02   -.2765E+02   -.4354E+02   -.2007E+02   -.1241E+02   -.1212E+02   -.1045E+02   -.1007E+02   -.9172E+01   -.8642E+01   -.8027E+01   -.7544E+01   -.7083E+01   -.6687E+01   -.6325E+01   -.6005E+01   -.5717E+01   -.5459E+01   -.5225E+01   -.5013E+01   -.4820E+01   -.4642E+01   -.4478E+01   -.4327E+01   -.4189E+01   -.4061E+01   -.3944E+01   -.3835E+01   -.3734E+01   -.3639E+01   -.3549E+01   -.3464E+01   -.3384E+01   -.3308E+01   -.3236E+01   -.3168E+01   -.3104E+01   -.3044E+01   -.2988E+01   -.2934E+01   -.2884E+01   -.2836E+01   -.2791E+01   -.2749E+01   -.2708E+01   -.2670E+01   -.2633E+01   -.2598E+01   -.2565E+01   -.2533E+01   -.2503E+01   -.2474E+01   -.2447E+01   -.2422E+01   -.2397E+01   -.2374E+01   -.2351E+01   -.2330E+01   -.2309E+01   -.2289E+01   -.2270E+01   -.2252E+01   -.2235E+01   -.2218E+01   -.2202E+01   -.2186E+01   -.2172E+01   -.2157E+01   -.2144E+01   -.2131E+01   -.2118E+01   -.2106E+01   -.2095E+01   -.2084E+01   -.2073E+01   -.2063E+01   -.2053E+01   -.2043E+01   -.2034E+01   -.2025E+01   -.2016E+01   -.2008E+01   -.2000E+01   -.1992E+01   -.1985E+01   -.1978E+01   -.1971E+01   -.1964E+01   -.1958E+01   -.1952E+01   -.1946E+01   -.1940E+01   -.1935E+01   -.1929E+01   -.1924E+01   -.1919E+01   -.1914E+01   -.1910E+01   -.1905E+01   -.1901E+01
0.3745E+04   0.4267E+02   -.3005E+02   -.3006E+02   -.3008E+02   -.3009E+02   -.3011E+02   -.3013E+02   -.3015E+02   -.3018E+02   -.3020E+02   -.3023E+02   -.3026E+02   -.3029E+02   -.3033E+02   -.3037E+02   -.3042E+02   -.3048E+02   -.3054E+02   -.3061E+02   -.3070E+02   -.3079E+02   -.3090E+02   -.3102E+02   -.3114E+02   -.3124E+02   -.3126E+02   -.3109E+02   -.3061E+02   -.2947E+02   -.2765E+02   -.4353E+02   -.2007E+02   -.1241E+02   -.1211E+02   -.1045E+02   -.1007E+02   -.9171E+01   -.8641E+01   -.8026E+01   -.7543E+01   -.7082E+01   -.6686E+01   -.6325E+01   -.6005E+01   -.5717E+01   -.5458E+01   -.5225E+01   -.5013E+01   -.4819E+01   -.4642E+01   -.4478E+01   -.4327E+01   -.4189E+01   -.4061E+01   -.3944E+01   -.3835E+01   -.3734E+01   -.3639E+01   -.3549E+01   -.3465E+01   -.3384E+01   -.3308E+01   -.3236E+01   -.3168E+01   -.3104E+01   -.3044E+01   -.2988E+01   -.2935E+01   -.2884E+01   -.2837E+01   -.2792E+01   -.2749E+01   -.2709E+01   -.2670E+01   -.2633E+01   -.2598E+01   -.2565E+01   -.2533E+01   -.2503E+01   -.2475E+01   -.2448E+01   -.2422E+01   -.2397E+01   -.2374E+01   -.2351E+01   -.2330E+01   -.2309E+01   -.2289E+01   -.2271E+01   -.2252E+01   -.2235E+01   -.2218E+01   -.2202E+01   -.2187E+01   -.2172E+01   -.2158E+01   -.2144E+01   -.2131E+01   -.2119E+01   -.2107E+01   -.2095E+01   -.2084E+01   -.2073E+01   -.2063E+01   -.2053E+01   -.2043E+01   -.2034E+01   -.2025E+01   -.2017E+01   -.2008E+01   -.2000E+01   -.1993E+01   -.1985E+01   -.1978E+01   -.1971E+01   -.1965E+01   -.1958E+01   -.1952E+01   -.1946E+01   -.1940E+01   -.1935E+01   -.1929E+01   -.1924E+01   -.1919E+01   -.1915E+01   -.1910E+01   -.1906E+01   -.1901E+01   -.1897E+01
0.3744E+04   0.4300E+02   -.3005E+02   -.3007E+02   -.3008E+02   -.3010E+02   -.3012E+02   -.3014E+02   -.3017E+02   -.3019E+02   -.3022E+02   -.3025E+02   -.3029E+02   -.3032E+02   -.3037E+02   -.3042E+02   -.3047E+02   -.3053E+02   -.3061E+02   -.3069E+02   -.3079E+02   -.3090E+02   -.3101E+02   -.3114E+02   -.3123E+02   -.3125E+02   -.3108E+02   -.3060E+02   -.2947E+02   -.2764E+02   -.4353E+02   -.2007E+02   -.1241E+02   -.1211E+02   -.1045E+02   -.1007E+02   -.9169E+01   -.8640E+01   -.8025E+01   -.7542E+01   -.7081E+01   -.6685E+01   -.6324E+01   -.6004E+01   -.5716E+01   -.5458E+01   -.5225E+01   -.5013E+01   -.4819E+01   -.4642E+01   -.4478E+01   -.4327E+01   -.4189E+01   -.4061E+01   -.3944E+01   -.3835E+01   -.3734E+01   -.3639E+01   -.3549E+01   -.3464E+01   -.3384E+01   -.3308E+01   -.3236E+01   -.3168E+01   -.3104E+01   -.3044E+01   -.2988E+01   -.2935E+01   -.2885E+01   -.2837E+01   -.2792E+01   -.2749E+01   -.2709E+01   -.2670E+01   -.2634E+01   -.2599E+01   -.2565E+01   -.2533E+01   -.2503E+01   -.2475E+01   -.2448E+01   -.2422E+01   -.2398E+01   -.2374E+01   -.2352E+01   -.2330E+01   -.2310E+01   -.2290E+01   -.2271E+01   -.2253E+01   -.2235E+01   -.2218E+01   -.2202E+01   -.2187E+01   -.2172E+01   -.2158E+01   -.2144E+01   -.2131E+01   -.2119E+01   -.2107E+01   -.2095E+01   -.2084E+01   -.2073E+01   -.2063E+01   -.2053E+01   -.2044E+01   -.2034E+01   -.2025E+01   -.2017E+01   -.2008E+01   -.2000E+01   -.1993E+01   -.1985E+01   -.1978E+01   -.1971E+01   -.1965E+01   -.1958E+01   -.1952E+01   -.1946E+01   -.1940E+01   -.1935E+01   -.1929E+01   -.1924E+01   -.1919E+01   -.1915E+01   -.1910E+01   -.1906E+01   -.1901E+01   -.1897E+01   -.1893E+01
0.3743E+04   0.4333E+02   -.3005E+02   -.3007E+02   -.3009E+02   -.3011E+02   -.3013E+02   -.3016E+02   -.3018E+02   -.3021E+02   -.3024E+02   -.3028E+02   -.3032E+02   -.3036E+02   -.3041E+02   -.3046E+02   -.3053E+02   -.3060E+02   -.3068E+02   -.3078E+02   -.3089E+02   -.3101E+02   -.3113E+02   -.3123E+02   -.3125E+02   -.3108E+02   -.3060E+02   -.2946E+02   -.2764E+02   -.4352E+02   -.2006E+02   -.1241E+02   -.1211E+02   -.1045E+02   -.1007E+02   -.9168E+01   -.8638E+01   -.8024E+01   -.7541E+01   -.7080E+01   -.6684E+01   -.6323E+01   -.6003E+01   -.5715E+01   -.5457E+01   -.5224E+01   -.5012E+01   -.4819E+01   -.4641E+01   -.4478E+01   -.4327E+01   -.4188E+01   -.4061E+01   -.3944E+01   -.3835E+01   -.3734E+01   -.3639E+01   -.3550E+01   -.3465E+01   -.3384E+01   -.3308E+01   -.3237E+01   -.3168E+01   -.3105E+01   -.3045E+01   -.2988E+01   -.2935E+01   -.2885E+01   -.2837E+01   -.2792E+01   -.2750E+01   -.2709E+01   -.2671E+01   -.2634E+01   -.2599E+01   -.2565E+01   -.2534E+01   -.2504E+01   -.2475E+01   -.2448E+01   -.2422E+01   -.2398E+01   -.2374E+01   -.2352E+01   -.2330E+01   -.2310E+01   -.2290E+01   -.2271E+01   -.2253E+01   -.2235E+01   -.2219E+01   -.2203E+01   -.2187E+01   -.2172E+01   -.2158E+01   -.2144E+01   -.2131E+01   -.2119E+01   -.2107E+01   -.2095E+01   -.2084E+01   -.2074E+01   -.2063E+01   -.2053E+01   -.2044E+01   -.2034E+01   -.2026E+01   -.2017E+01   -.2009E+01   -.2001E+01   -.1993E+01   -.1986E+01   -.1978E+01   -.1972E+01   -.1965E+01   -.1958E+01   -.1952E+01   -.1946E+01   -.1940E+01   -.1935E+01   -.1930E+01   -.1925E+01   -.1920E+01   -.1915E+01   -.1910E+01   -.1906E+01   -.1902E+01   -.1897E+01   -.1893E+01   -.1890E+01
0.3742E+04   0.4367E+02   -.3006E+02   -.3008E+02   -.3010E+02   -.3012E+02   -.3015E+02   -.3017E+02   -.3020E+02   -.3023E+02   -.3027E+02   -.3031E+02   -.3035E+02   -.3040E+02   -.3045E+02   -.3052E+02   -.3059E+02   -.3068E+02   -.3077E+02   -.3088E+02   -.3100E+02   -.3112E+02   -.3122E+02   -.3124E+02   -.3107E+02   -.3059E+02   -.2946E+02   -.2763E+02   -.4351E+02   -.2006E+02   -.1240E+02   -.1211E+02   -.1045E+02   -.1006E+02   -.9166E+01   -.8637E+01   -.8023E+01   -.7540E+01   -.7079E+01   -.6683E+01   -.6323E+01   -.6003E+01   -.5715E+01   -.5457E+01   -.5224E+01   -.5012E+01   -.4819E+01   -.4641E+01   -.4478E+01   -.4327E+01   -.4188E+01   -.4061E+01   -.3944E+01   -.3835E+01   -.3734E+01   -.3639E+01   -.3550E+01   -.3465E+01   -.3384E+01   -.3308E+01   -.3237E+01   -.3169E+01   -.3105E+01   -.3045E+01   -.2989E+01   -.2936E+01   -.2885E+01   -.2838E+01   -.2792E+01   -.2750E+01   -.2709E+01   -.2671E+01   -.2634E+01   -.2599E+01   -.2566E+01   -.2534E+01   -.2504E+01   -.2475E+01   -.2448E+01   -.2423E+01   -.2398E+01   -.2375E+01   -.2352E+01   -.2331E+01   -.2310E+01   -.2290E+01   -.2271E+01   -.2253E+01   -.2236E+01   -.2219E+01   -.2203E+01   -.2187E+01   -.2172E+01   -.2158E+01   -.2145E+01   -.2132E+01   -.2119E+01   -.2107E+01   -.2096E+01   -.2085E+01   -.2074E+01   -.2064E+01   -.2054E+01   -.2044E+01   -.2035E+01   -.2026E+01   -.2017E+01   -.2009E+01   -.2001E+01   -.1993E+01   -.1986E+01   -.1979E+01   -.1972E+01   -.1965E+01   -.1959E+01   -.1952E+01   -.1946E+01   -.1941E+01   -.1935E+01   -.1930E+01   -.1925E+01   -.1920E+01   -.1915E+01   -.1910E+01   -.1906E+01   -.1902E+01   -.1898E+01   -.1894E+01   -.1890E+01   -.1886E+01
0.3741E+04   0.4400E+02   -.3007E+02   -.3009E+02   -.3011E+02   -.3013E+02   -.3016E+02   -.3019E+02   -.3022E+02   -.3026E+02   -.3030E+02   -.3034E+02   -.3039E+02   -.3045E+02   -.3051E+02   -.3058E+02   -.3067E+02   -.3077E+02   -.3088E+02   -.3099E+02   -.3112E+02   -.3121E+02   -.3123E+02   -.3107E+02   -.3059E+02   -.2945E+02   -.2763E+02   -.4351E+02   -.2005E+02   -.1240E+02   -.1210E+02   -.1044E+02   -.1006E+02   -.9164E+01   -.8635E+01   -.8021E+01   -.7539E+01   -.7078E+01   -.6682E+01   -.6322E+01   -.6002E+01   -.5714E+01   -.5456E+01   -.5223E+01   -.5012E+01   -.4818E+01   -.4641E+01   -.4478E+01   -.4327E+01   -.4188E+01   -.4061E+01   -.3944E+01   -.3835E+01   -.3734E+01   -.3639E+01   -.3550E+01   -.3465E+01   -.3385E+01   -.3309E+01   -.3237E+01   -.3169E+01   -.3105E+01   -.3045E+01   -.2989E+01   -.2936E+01   -.2886E+01   -.2838E+01   -.2793E+01   -.2750E+01   -.2710E+01   -.2671E+01   -.2634E+01   -.2600E+01   -.2566E+01   -.2534E+01   -.2504E+01   -.2476E+01   -.2449E+01   -.2423E+01   -.2398E+01   -.2375E+01   -.2353E+01   -.2331E+01   -.2310E+01   -.2291E+01   -.2272E+01   -.2253E+01   -.2236E+01   -.2219E+01   -.2203E+01   -.2188E+01   -.2173E+01   -.2159E+01   -.2145E+01   -.2132E+01   -.2119E+01   -.2107E+01   -.2096E+01   -.2085E+01   -.2074E+01   -.2064E+01   -.2054E+01   -.2044E+01   -.2035E+01   -.2026E+01   -.2017E+01   -.2009E+01   -.2001E+01   -.1993E+01   -.1986E+01   -.1979E+01   -.1972E+01   -.1965E+01   -.1959E+01   -.1953E+01   -.1947E+01   -.1941E+01   -.1935E+01   -.1930E+01   -.1925E+01   -.1920E+01   -.1915E+01   -.1911E+01   -.1906E+01   -.1902E+01   -.1898E+01   -.1894E+01   -.1890E+01   -.1886E+01   -.1883E+01
0.3740E+04   0.4433E+02   -.3007E+02   -.3009E+02   -.3012E+02   -.3015E+02   -.3018E+02   -.3021E+02   -.3024E+02   -.3028E+02   -.3033E+02   -.3038E+02   -.3044E+02   -.3050E+02   -.3057E+02   -.3066E+02   -.3076E+02   -.3087E+02   -.3099E+02   -.3111E+02   -.3120E+02   -.3123E+02   -.3106E+02   -.3058E+02   -.2944E+02   -.2762E+02   -.4350E+02   -.2005E+02   -.1240E+02   -.1210E+02   -.1044E+02   -.1006E+02   -.9162E+01   -.8633E+01   -.8019E+01   -.7537E+01   -.7077E+01   -.6681E+01   -.6321E+01   -.6001E+01   -.5713E+01   -.5456E+01   -.5223E+01   -.5011E+01   -.4818E+01   -.4641E+01   -.4477E+01   -.4327E+01   -.4188E+01   -.4061E+01   -.3943E+01   -.3835E+01   -.3734E+01   -.3639E+01   -.3550E+01   -.3465E+01   -.3385E+01   -.3309E+01   -.3237E+01   -.3169E+01   -.3105E+01   -.3045E+01   -.2989E+01   -.2936E+01   -.2886E+01   -.2838E+01   -.2793E+01   -.2751E+01   -.2710E+01   -.2672E+01   -.2635E+01   -.2600E+01   -.2567E+01   -.2535E+01   -.2505E+01   -.2476E+01   -.2449E+01   -.2423E+01   -.2399E+01   -.2375E+01   -.2353E+01   -.2331E+01   -.2311E+01   -.2291E+01   -.2272E+01   -.2254E+01   -.2236E+01   -.2220E+01   -.2203E+01   -.2188E+01   -.2173E+01   -.2159E+01   -.2145E+01   -.2132E+01   -.2120E+01   -.2108E+01   -.2096E+01   -.2085E+01   -.2074E+01   -.2064E+01   -.2054E+01   -.2045E+01   -.2035E+01   -.2026E+01   -.2018E+01   -.2009E+01   -.2001E+01   -.1994E+01   -.1986E+01   -.1979E+01   -.1972E+01   -.1965E+01   -.1959E+01   -.1953E+01   -.1947E+01   -.1941E+01   -.1936E+01   -.1930E+01   -.1925E+01   -.1920E+01   -.1915E+01   -.1911E+01   -.1906E+01   -.1902E+01   -.1898E+01   -.1894E+01   -.1890E+01   -.1886E+01   -.1883E+01   -.1879E+01
0.3739E+04   0.4467E+02   -.3008E+02   -.3010E+02   -.3013E+02   -.3016E+02   -.3019E+02   -.3023E+02   -.3027E+02   -.3032E+02   -.3037E+02   -.3042E+02   -.3049E+02   -.3056E+02   -.3065E+02   -.3075E+02   -.3086E+02   -.3098E+02   -.3110E+02   -.3120E+02   -.3122E+02   -.3105E+02   -.3057E+02   -.2944E+02   -.2762E+02   -.4349E+02   -.2004E+02   -.1239E+02   -.1210E+02   -.1044E+02   -.1006E+02   -.9160E+01   -.8631E+01   -.8018E+01   -.7536E+01   -.7075E+01   -.6680E+01   -.6320E+01   -.6000E+01   -.5713E+01   -.5455E+01   -.5222E+01   -.5011E+01   -.4818E+01   -.4640E+01   -.4477E+01   -.4327E+01   -.4188E+01   -.4061E+01   -.3943E+01   -.3835E+01   -.3734E+01   -.3640E+01   -.3550E+01   -.3465E+01   -.3385E+01   -.3309E+01   -.3237E+01   -.3169E+01   -.3105E+01   -.3046E+01   -.2990E+01   -.2936E+01   -.2886E+01   -.2839E+01   -.2794E+01   -.2751E+01   -.2711E+01   -.2672E+01   -.2635E+01   -.2600E+01   -.2567E+01   -.2535E+01   -.2505E+01   -.2477E+01   -.2450E+01   -.2424E+01   -.2399E+01   -.2376E+01   -.2353E+01   -.2332E+01   -.2311E+01   -.2291E+01   -.2272E+01   -.2254E+01   -.2237E+01   -.2220E+01   -.2204E+01   -.2188E+01   -.2173E+01   -.2159E+01   -.2146E+01   -.2133E+01   -.2120E+01   -.2108E+01   -.2097E+01   -.2085E+01   -.2075E+01   -.2064E+01   -.2054E+01   -.2045E+01   -.2035E+01   -.2027E+01   -.2018E+01   -.2010E+01   -.2002E+01   -.1994E+01   -.1986E+01   -.1979E+01   -.1972E+01   -.1966E+01   -.1959E+01   -.1953E+01   -.1947E+01   -.1941E+01   -.1936E+01   -.1930E+01   -.1925E+01   -.1920E+01   -.1916E+01   -.1911E+01   -.1907E+01   -.1902E+01   -.1898E+01   -.1894E+01   -.1890E+01   -.1886E+01   -.1883E+01   -.1879E+01   -.1876E+01
0.3738E+04   0.4500E+02   -.3009E+02   -.3011E+02   -.3014E+02   -.3018E+02   -.3021E+02   -.3026E+02   -.3030E+02   -.3035E+02   -.3041E+02   -.3048E+02   -.3055E+02   -.3064E+02   -.3074E+02   -.3085E+02   -.3097E+02   -.3109E+02   -.3119E+02   -.3121E+02   -.3104E+02   -.3056E+02   -.2943E+02   -.2761E+02   -.4348E+02   -.2004E+02   -.1239E+02   -.1209E+02   -.1043E+02   -.1005E+02   -.9157E+01   -.8629E+01   -.8016E+01   -.7534E+01   -.7074E+01   -.6679E+01   -.6318E+01   -.5999E+01   -.5712E+01   -.5454E+01   -.5221E+01   -.5010E+01   -.4817E+01   -.4640E+01   -.4477E+01   -.4326E+01   -.4188E+01   -.4061E+01   -.3943E+01   -.3835E+01   -.3734E+01   -.3640E+01   -.3550E+01   -.3465E+01   -.3385E+01   -.3309E+01   -.3238E+01   -.3170E+01   -.3106E+01   -.3046E+01   -.2990E+01   -.2937E+01   -.2887E+01   -.2839E+01   -.2794E+01   -.2751E+01   -.2711E+01   -.2672E+01   -.2636E+01   -.2601E+01   -.2567E+01   -.2536E+01   -.2505E+01   -.2477E+01   -.2450E+01   -.2424E+01   -.2400E+01   -.2376E+01   -.2354E+01   -.2332E+01   -.2312E+01   -.2292E+01   -.2273E+01   -.2255E+01   -.2237E+01   -.2220E+01   -.2204E+01   -.2189E+01   -.2174E+01   -.2160E+01   -.2146E+01   -.2133E+01   -.2120E+01   -.2108E+01   -.2097E+01   -.2086E+01   -.2075E+01   -.2065E+01   -.2055E+01   -.2045E+01   -.2036E+01   -.2027E+01   -.2018E+01   -.2010E+01   -.2002E+01   -.1994E+01   -.1987E+01   -.1980E+01   -.1973E+01   -.1966E+01   -.1959E+01   -.1953E+01   -.1947E+01   -.1942E+01   -.1936E+01   -.1931E+01   -.1926E+01   -.1921E+01   -.1916E+01   -.1911E+01   -.1907E+01   -.1902E+01   -.1898E+01   -.1894E+01   -.1890E+01   -.1887E+01   -.1883E+01   -.1880E+01   -.1876E+01   -.1873E+01
0.3737E+04   0.4533E+02   -.3009E+02   -.3012E+02   -.3016E+02   -.3020E+02   -.3024E+02   -.3029E+02   -.3034E+02   -.3040E+02   -.3046E+02   -.3054E+02   -.3062E+02   -.3072E+02   -.3083E+02   -.3095E+02   -.3108E+02   -.3118E+02   -.3120E+02   -.3103E+02   -.3055E+02   -.2942E+02   -.2760E+02   -.4347E+02   -.2003E+02   -.1238E+02   -.1209E+02   -.1043E+02   -.1005E+02   -.9154E+01   -.8626E+01   -.8014E+01   -.7532E+01   -.7072E+01   -.6677E+01   -.6317E+01   -.5998E+01   -.5711E+01   -.5453E+01   -.5221E+01   -.5009E+01   -.4817E+01   -.4640E+01   -.4476E+01   -.4326E+01   -.4188E+01   -.4061E+01   -.3943E+01   -.3835E+01   -.3734E+01   -.3640E+01   -.3550E+01   -.3466E+01   -.3386E+01   -.3310E+01   -.3238E+01   -.3170E+01   -.3106E+01   -.3046E+01   -.2990E+01   -.2937E+01   -.2887E+01   -.2839E+01   -.2794E+01   -.2752E+01   -.2711E+01   -.2673E+01   -.2636E+01   -.2601E+01   -.2568E+01   -.2536E+01   -.2506E+01   -.2477E+01   -.2450E+01   -.2425E+01   -.2400E+01   -.2377E+01   -.2354E+01   -.2333E+01   -.2312E+01   -.2292E+01   -.2273E+01   -.2255E+01   -.2238E+01   -.2221E+01   -.2205E+01   -.2189E+01   -.2174E+01   -.2160E+01   -.2146E+01   -.2133E+01   -.2121E+01   -.2109E+01   -.2097E+01   -.2086E+01   -.2075E+01   -.2065E+01   -.2055E+01   -.2045E+01   -.2036E+01   -.2027E+01   -.2019E+01   -.2010E+01   -.2002E+01   -.1994E+01   -.1987E+01   -.1980E+01   -.1973E+01   -.1966E+01   -.1960E+01   -.1954E+01   -.1948E+01   -.1942E+01   -.1936E+01   -.1931E+01   -.1926E+01   -.1921E+01   -.1916E+01   -.1911E+01   -.1907E+01   -.1903E+01   -.1899E+01   -.1894E+01   -.1891E+01   -.1887E+01   -.1883E+01   -.1880E+01   -.1876E+01   -.1873E+01   -.1870E+01
0.3736E+04   0.4567E+02   -.3010E+02   -.3014E+02   -.3018E+02   -.3022E+02   -.3027E+02   -.3032E+02   -.3038E+02   -.3045E+02   -.3052E+02   -.3061E+02   -.3071E+02   -.3082E+02   -.3094E+02   -.3107E+02   -.3116E+02   -.3119E+02   -.3102E+02   -.3054E+02   -.2941E+02   -.2759E+02   -.4345E+02   -.2003E+02   -.1238E+02   -.1208E+02   -.1043E+02   -.1005E+02   -.9151E+01   -.8624E+01   -.8011E+01   -.7530E+01   -.7070E+01   -.6676E+01   -.6316E+01   -.5997E+01   -.5710E+01   -.5452E+01   -.5220E+01   -.5009E+01   -.4816E+01   -.4639E+01   -.4476E+01   -.4326E+01   -.4188E+01   -.4060E+01   -.3943E+01   -.3835E+01   -.3734E+01   -.3640E+01   -.3551E+01   -.3466E+01   -.3386E+01   -.3310E+01   -.3238E+01   -.3170E+01   -.3107E+01   -.3047E+01   -.2990E+01   -.2937E+01   -.2887E+01   -.2840E+01   -.2795E+01   -.2752E+01   -.2712E+01   -.2673E+01   -.2637E+01   -.2602E+01   -.2568E+01   -.2537E+01   -.2506E+01   -.2478E+01   -.2451E+01   -.2425E+01   -.2401E+01   -.2377E+01   -.2355E+01   -.2333E+01   -.2313E+01   -.2293E+01   -.2274E+01   -.2256E+01   -.2238E+01   -.2221E+01   -.2205E+01   -.2190E+01   -.2175E+01   -.2160E+01   -.2147E+01   -.2134E+01   -.2121E+01   -.2109E+01   -.2098E+01   -.2087E+01   -.2076E+01   -.2066E+01   -.2056E+01   -.2046E+01   -.2037E+01   -.2028E+01   -.2019E+01   -.2011E+01   -.2003E+01   -.1995E+01   -.1987E+01   -.1980E+01   -.1973E+01   -.1967E+01   -.1960E+01   -.1954E+01   -.1948E+01   -.1942E+01   -.1937E+01   -.1931E+01   -.1926E+01   -.1921E+01   -.1916E+01   -.1912E+01   -.1907E+01   -.1903E+01   -.1899E+01   -.1895E+01   -.1891E+01   -.1887E+01   -.1883E+01   -.1880E+01   -.1877E+01   -.1873E+01   -.1870E+01   -.1867E+01
0.3735E+04   0.4600E+02   -.3012E+02   -.3015E+02   -.3020E+02   -.3025E+02   -.3030E+02   -.3036E+02   -.3043E+02   -.3050E+02   -.3059E+02   -.3069E+02   -.3080E+02   -.3093E+02   -.3105E+02   -.3115E+02   -.3117E+02   -.3101E+02   -.3053E+02   -.2939E+02   -.2758E+02   -.4344E+02   -.2002E+02   -.1237E+02   -.1208E+02   -.1042E+02   -.1004E+02   -.9148E+01   -.8621E+01   -.8009E+01   -.7528E+01   -.7068E+01   -.6674E+01   -.6314E+01   -.5995E+01   -.5708E+01   -.5451E+01   -.5219E+01   -.5008E+01   -.4815E+01   -.4639E+01   -.4476E+01   -.4326E+01   -.4187E+01   -.4060E+01   -.3943E+01   -.3835E+01   -.3734E+01   -.3640E+01   -.3551E+01   -.3466E+01   -.3386E+01   -.3310E+01   -.3239E+01   -.3171E+01   -.3107E+01   -.3047E+01   -.2991E+01   -.2938E+01   -.2888E+01   -.2840E+01   -.2795E+01   -.2753E+01   -.2712E+01   -.2674E+01   -.2637E+01   -.2602E+01   -.2569E+01   -.2537E+01   -.2507E+01   -.2478E+01   -.2451E+01   -.2426E+01   -.2401E+01   -.2378E+01   -.2355E+01   -.2334E+01   -.2313E+01   -.2293E+01   -.2274E+01   -.2256E+01   -.2239E+01   -.2222E+01   -.2206E+01   -.2190E+01   -.2175E+01   -.2161E+01   -.2147E+01   -.2134E+01   -.2122E+01   -.2110E+01   -.2098E+01   -.2087E+01   -.2076E+01   -.2066E+01   -.2056E+01   -.2046E+01   -.2037E+01   -.2028E+01   -.2019E+01   -.2011E+01   -.2003E+01   -.1995E+01   -.1988E+01   -.1981E+01   -.1974E+01   -.1967E+01   -.1960E+01   -.1954E+01   -.1948E+01   -.1942E+01   -.1937E+01   -.1931E+01   -.1926E+01   -.1921E+01   -.1917E+01   -.1912E+01   -.1907E+01   -.1903E+01   -.1899E+01   -.1895E+01   -.1891E+01   -.1887E+01   -.1884E+01   -.1880E+01   -.1877E+01   -.1874E+01   -.1870E+01   -.1867E+01   -.1864E+01
0.3734E+04   0.4633E+02   -.3013E+02   -.3017E+02   -.3022E+02   -.3028E+02   -.3034E+02   -.3041E+02   -.3048E+02   -.3057E+02   -.3067E+02   -.3079E+02   -.3091E+02   -.3103E+02   -.3113E+02   -.3116E+02   -.3099E+02   -.3051E+02   -.2938E+02   -.2756E+02   -.4342E+02   -.2001E+02   -.1237E+02   -.1207E+02   -.1042E+02   -.1004E+02   -.9144E+01   -.8618E+01   -.8006E+01   -.7525E+01   -.7066E+01   -.6672E+01   -.6313E+01   -.5994E+01   -.5707E+01   -.5450E+01   -.5218E+01   -.5007E+01   -.4815E+01   -.4638E+01   -.4475E+01   -.4325E+01   -.4187E+01   -.4060E+01   -.3943E+01   -.3835E+01   -.3734E+01   -.3640E+01   -.3551E+01   -.3466E+01   -.3386E+01   -.3311E+01   -.3239E+01   -.3171E+01   -.3107E+01   -.3048E+01   -.2991E+01   -.2938E+01   -.2888E+01   -.2841E+01   -.2796E+01   -.2753E+01   -.2713E+01   -.2674E+01   -.2638E+01   -.2603E+01   -.2570E+01   -.2538E+01   -.2508E+01   -.2479E+01   -.2452E+01   -.2426E+01   -.2402E+01   -.2378E+01   -.2356E+01   -.2334E+01   -.2314E+01   -.2294E+01   -.2275E+01   -.2257E+01   -.2239E+01   -.2222E+01   -.2206E+01   -.2191E+01   -.2176E+01   -.2161E+01   -.2148E+01   -.2135E+01   -.2122E+01   -.2110E+01   -.2099E+01   -.2087E+01   -.2077E+01   -.2066E+01   -.2056E+01   -.2047E+01   -.2037E+01   -.2028E+01   -.2020E+01   -.2011E+01   -.2003E+01   -.1996E+01   -.1988E+01   -.1981E+01   -.1974E+01   -.1967E+01   -.1961E+01   -.1954E+01   -.1948E+01   -.1943E+01   -.1937E+01   -.1932E+01   -.1927E+01   -.1922E+01   -.1917E+01   -.1912E+01   -.1908E+01   -.1903E+01   -.1899E+01   -.1895E+01   -.1891E+01   -.1888E+01   -.1884E+01   -.1880E+01   -.1877E+01   -.1874E+01   -.1871E+01   -.1868E+01   -.1865E+01   -.1862E+01
0.3733E+04   0.4667E+02   -.3015E+02   -.3019E+02   -.3025E+02   -.3031E+02   -.3038E+02   -.3046E+02   -.3055E+02   -.3065E+02   -.3077E+02   -.3089E+02   -.3102E+02   -.3112E+02   -.3114E+02   -.3097E+02   -.3050E+02   -.2936E+02   -.2755E+02   -.4341E+02   -.2000E+02   -.1236E+02   -.1207E+02   -.1041E+02   -.1003E+02   -.9140E+01   -.8614E+01   -.8003E+01   -.7523E+01   -.7064E+01   -.6670E+01   -.6311E+01   -.5992E+01   -.5706E+01   -.5449E+01   -.5217E+01   -.5006E+01   -.4814E+01   -.4638E+01   -.4475E+01   -.4325E+01   -.4187E+01   -.4060E+01   -.3943E+01   -.3835E+01   -.3734E+01   -.3640E+01   -.3551E+01   -.3467E+01   -.3387E+01   -.3311E+01   -.3239E+01   -.3172E+01   -.3108E+01   -.3048E+01   -.2992E+01   -.2939E+01   -.2889E+01   -.2841E+01   -.2796E+01   -.2754E+01   -.2714E+01   -.2675E+01   -.2638E+01   -.2604E+01   -.2570E+01   -.2538E+01   -.2508E+01   -.2480E+01   -.2453E+01   -.2427E+01   -.2402E+01   -.2379E+01   -.2356E+01   -.2335E+01   -.2314E+01   -.2294E+01   -.2275E+01   -.2257E+01   -.2240E+01   -.2223E+01   -.2207E+01   -.2191E+01   -.2176E+01   -.2162E+01   -.2148E+01   -.2135E+01   -.2123E+01   -.2111E+01   -.2099E+01   -.2088E+01   -.2077E+01   -.2067E+01   -.2057E+01   -.2047E+01   -.2038E+01   -.2029E+01   -.2020E+01   -.2012E+01   -.2004E+01   -.1996E+01   -.1989E+01   -.1981E+01   -.1974E+01   -.1968E+01   -.1961E+01   -.1955E+01   -.1949E+01   -.1943E+01   -.1937E+01   -.1932E+01   -.1927E+01   -.1922E+01   -.1917E+01   -.1912E+01   -.1908E+01   -.1904E+01   -.1900E+01   -.1895E+01   -.1892E+01   -.1888E+01   -.1884E+01   -.1881E+01   -.1877E+01   -.1874E+01   -.1871E+01   -.1868E+01   -.1865E+01   -.1862E+01   -.1859E+01
0.3732E+04   0.4700E+02   -.3016E+02   -.3022E+02   -.3028E+02   -.3035E+02   -.3043E+02   -.3053E+02   -.3063E+02   -.3074E+02   -.3087E+02   -.3099E+02   -.3109E+02   -.3112E+02   -.3095E+02   -.3048E+02   -.2935E+02   -.2753E+02   -.4339E+02   -.1999E+02   -.1235E+02   -.1206E+02   -.1041E+02   -.1003E+02   -.9136E+01   -.8610E+01   -.8000E+01   -.7520E+01   -.7061E+01   -.6668E+01   -.6309E+01   -.5991E+01   -.5704E+01   -.5448E+01   -.5216E+01   -.5005E+01   -.4813E+01   -.4637E+01   -.4475E+01   -.4325E+01   -.4187E+01   -.4060E+01   -.3943E+01   -.3835E+01   -.3734E+01   -.3640E+01   -.3551E+01   -.3467E+01   -.3387E+01   -.3312E+01   -.3240E+01   -.3172E+01   -.3108E+01   -.3049E+01   -.2992E+01   -.2939E+01   -.2889E+01   -.2842E+01   -.2797E+01   -.2754E+01   -.2714E+01   -.2676E+01   -.2639E+01   -.2604E+01   -.2571E+01   -.2539E+01   -.2509E+01   -.2480E+01   -.2453E+01   -.2428E+01   -.2403E+01   -.2380E+01   -.2357E+01   -.2336E+01   -.2315E+01   -.2295E+01   -.2276E+01   -.2258E+01   -.2240E+01   -.2224E+01   -.2207E+01   -.2192E+01   -.2177E+01   -.2163E+01   -.2149E+01   -.2136E+01   -.2123E+01   -.2111E+01   -.2100E+01   -.2089E+01   -.2078E+01   -.2067E+01   -.2057E+01   -.2048E+01   -.2038E+01   -.2029E+01   -.2021E+01   -.2012E+01   -.2004E+01   -.1996E+01   -.1989E+01   -.1982E+01   -.1975E+01   -.1968E+01   -.1962E+01   -.1955E+01   -.1949E+01   -.1943E+01   -.1938E+01   -.1932E+01   -.1927E+01   -.1922E+01   -.1917E+01   -.1913E+01   -.1908E+01   -.1904E+01   -.1900E+01   -.1896E+01   -.1892E+01   -.1888E+01   -.1884E+01   -.1881E+01   -.1878E+01   -.1874E+01   -.1871E+01   -.1868E+01   -.1865E+01   -.1862E+01   -.1859E+01   -.1857E+01
0.3731E+04   0.4733E+02   -.3018E+02   -.3025E+02   -.3032E+02   -.3040E+02   -.3050E+02   -.3060E+02   -.3072E+02   -.3084E+02   -.3097E+02   -.3107E+02   -.3110E+02   -.3093E+02   -.3046E+02   -.2933E+02   -.2751E+02   -.4336E+02   -.1998E+02   -.1235E+02   -.1205E+02   -.1040E+02   -.1002E+02   -.9131E+01   -.8606E+01   -.7996E+01   -.7516E+01   -.7059E+01   -.6665E+01   -.6307E+01   -.5989E+01   -.5703E+01   -.5446E+01   -.5215E+01   -.5004E+01   -.4812E+01   -.4636E+01   -.4474E+01   -.4324E+01   -.4186E+01   -.4059E+01   -.3943E+01   -.3835E+01   -.3734E+01   -.3640E+01   -.3552E+01   -.3467E+01   -.3387E+01   -.3312E+01   -.3240E+01   -.3173E+01   -.3109E+01   -.3049E+01   -.2993E+01   -.2940E+01   -.2890E+01   -.2842E+01   -.2797E+01   -.2755E+01   -.2715E+01   -.2676E+01   -.2640E+01   -.2605E+01   -.2572E+01   -.2540E+01   -.2510E+01   -.2481E+01   -.2454E+01   -.2428E+01   -.2404E+01   -.2380E+01   -.2358E+01   -.2336E+01   -.2316E+01   -.2296E+01   -.2277E+01   -.2259E+01   -.2241E+01   -.2224E+01   -.2208E+01   -.2193E+01   -.2178E+01   -.2163E+01   -.2150E+01   -.2137E+01   -.2124E+01   -.2112E+01   -.2100E+01   -.2089E+01   -.2078E+01   -.2068E+01   -.2058E+01   -.2048E+01   -.2039E+01   -.2030E+01   -.2021E+01   -.2013E+01   -.2005E+01   -.1997E+01   -.1989E+01   -.1982E+01   -.1975E+01   -.1969E+01   -.1962E+01   -.1956E+01   -.1950E+01   -.1944E+01   -.1938E+01   -.1933E+01   -.1928E+01   -.1923E+01   -.1918E+01   -.1913E+01   -.1909E+01   -.1904E+01   -.1900E+01   -.1896E+01   -.1892E+01   -.1888E+01   -.1885E+01   -.1881E+01   -.1878E+01   -.1875E+01   -.1871E+01   -.1868E+01   -.1865E+01   -.1862E+01   -.1860E+01   -.1857E+01   -.1854E+01
0.3730E+04   0.4767E+02   -.3021E+02   -.3028E+02   -.3037E+02   -.3046E+02   -.3057E+02   -.3068E+02   -.3081E+02   -.3094E+02   -.3104E+02   -.3107E+02   -.3091E+02   -.3043E+02   -.2930E+02   -.2749E+02   -.4334E+02   -.1997E+02   -.1234E+02   -.1205E+02   -.1039E+02   -.1002E+02   -.9126E+01   -.8602E+01   -.7992E+01   -.7513E+01   -.7055E+01   -.6662E+01   -.6304E+01   -.5987E+01   -.5701E+01   -.5445E+01   -.5213E+01   -.5003E+01   -.4812E+01   -.4636E+01   -.4473E+01   -.4324E+01   -.4186E+01   -.4059E+01   -.3942E+01   -.3835E+01   -.3734E+01   -.3640E+01   -.3552E+01   -.3468E+01   -.3388E+01   -.3312E+01   -.3241E+01   -.3173E+01   -.3110E+01   -.3050E+01   -.2994E+01   -.2941E+01   -.2891E+01   -.2843E+01   -.2798E+01   -.2756E+01   -.2715E+01   -.2677E+01   -.2641E+01   -.2606E+01   -.2572E+01   -.2541E+01   -.2510E+01   -.2482E+01   -.2455E+01   -.2429E+01   -.2405E+01   -.2381E+01   -.2359E+01   -.2337E+01   -.2316E+01   -.2297E+01   -.2278E+01   -.2259E+01   -.2242E+01   -.2225E+01   -.2209E+01   -.2193E+01   -.2178E+01   -.2164E+01   -.2150E+01   -.2137E+01   -.2125E+01   -.2113E+01   -.2101E+01   -.2090E+01   -.2079E+01   -.2069E+01   -.2059E+01   -.2049E+01   -.2040E+01   -.2030E+01   -.2022E+01   -.2013E+01   -.2005E+01   -.1997E+01   -.1990E+01   -.1983E+01   -.1976E+01   -.1969E+01   -.1962E+01   -.1956E+01   -.1950E+01   -.1944E+01   -.1939E+01   -.1933E+01   -.1928E+01   -.1923E+01   -.1918E+01   -.1913E+01   -.1909E+01   -.1905E+01   -.1900E+01   -.1896E+01   -.1892E+01   -.1889E+01   -.1885E+01   -.1881E+01   -.1878E+01   -.1875E+01   -.1872E+01   -.1868E+01   -.1866E+01   -.1863E+01   -.1860E+01   -.1857E+01   -.1855E+01   -.1852E+01
0.3729E+04   0.4800E+02   -.3024E+02   -.3032E+02   -.3042E+02   -.3053E+02   -.3065E+02   -.3077E+02   -.3091E+02   -.3101E+02   -.3104E+02   -.3088E+02   -.3040E+02   -.2927E+02   -.2746E+02   -.4331E+02   -.1996E+02   -.1233E+02   -.1204E+02   -.1039E+02   -.1001E+02   -.9120E+01   -.8596E+01   -.7987E+01   -.7509E+01   -.7052E+01   -.6659E+01   -.6302E+01   -.5984E+01   -.5699E+01   -.5443E+01   -.5212E+01   -.5002E+01   -.4811E+01   -.4635E+01   -.4473E+01   -.4323E+01   -.4186E+01   -.4059E+01   -.3942E+01   -.3835E+01   -.3734E+01   -.3641E+01   -.3552E+01   -.3468E+01   -.3388E+01   -.3313E+01   -.3242E+01   -.3174E+01   -.3110E+01   -.3050E+01   -.2994E+01   -.2941E+01   -.2891E+01   -.2844E+01   -.2799E+01   -.2756E+01   -.2716E+01   -.2678E+01   -.2641E+01   -.2607E+01   -.2573E+01   -.2542E+01   -.2511E+01   -.2483E+01   -.2456E+01   -.2430E+01   -.2405E+01   -.2382E+01   -.2359E+01   -.2338E+01   -.2317E+01   -.2297E+01   -.2278E+01   -.2260E+01   -.2243E+01   -.2226E+01   -.2210E+01   -.2194E+01   -.2179E+01   -.2165E+01   -.2151E+01   -.2138E+01   -.2125E+01   -.2113E+01   -.2102E+01   -.2090E+01   -.2080E+01   -.2069E+01   -.2059E+01   -.2050E+01   -.2040E+01   -.2031E+01   -.2022E+01   -.2014E+01   -.2006E+01   -.1998E+01   -.1991E+01   -.1983E+01   -.1976E+01   -.1969E+01   -.1963E+01   -.1957E+01   -.1951E+01   -.1945E+01   -.1939E+01   -.1934E+01   -.1928E+01   -.1923E+01   -.1919E+01   -.1914E+01   -.1909E+01   -.1905E+01   -.1901E+01   -.1897E+01   -.1893E+01   -.1889E+01   -.1885E+01   -.1882E+01   -.1878E+01   -.1875E+01   -.1872E+01   -.1869E+01   -.1866E+01   -.1863E+01   -.1860E+01   -.1857E+01   -.1855E+01   -.1852E+01   -.1850E+01
0.3728E+04   0.4833E+02   -.3027E+02   -.3037E+02   -.3048E+02   -.3060E+02   -.3073E+02   -.3086E+02   -.3097E+02   -.3100E+02   -.3084E+02   -.3037E+02   -.2924E+02   -.2743E+02   -.4327E+02   -.1994E+02   -.1232E+02   -.1203E+02   -.1038E+02   -.1000E+02   -.9114E+01   -.8591E+01   -.7983E+01   -.7505E+01   -.7048E+01   -.6656E+01   -.6299E+01   -.5982E+01   -.5697E+01   -.5441E+01   -.5210E+01   -.5001E+01   -.4810E+01   -.4634E+01   -.4472E+01   -.4323E+01   -.4185E+01   -.4059E+01   -.3942E+01   -.3834E+01   -.3734E+01   -.3641E+01   -.3552E+01   -.3468E+01   -.3389E+01   -.3314E+01   -.3242E+01   -.3175E+01   -.3111E+01   -.3051E+01   -.2995E+01   -.2942E+01   -.2892E+01   -.2845E+01   -.2800E+01   -.2757E+01   -.2717E+01   -.2679E+01   -.2642E+01   -.2607E+01   -.2574E+01   -.2542E+01   -.2512E+01   -.2484E+01   -.2457E+01   -.2431E+01   -.2406E+01   -.2383E+01   -.2360E+01   -.2339E+01   -.2318E+01   -.2298E+01   -.2279E+01   -.2261E+01   -.2244E+01   -.2227E+01   -.2211E+01   -.2195E+01   -.2180E+01   -.2166E+01   -.2152E+01   -.2139E+01   -.2126E+01   -.2114E+01   -.2102E+01   -.2091E+01   -.2080E+01   -.2070E+01   -.2060E+01   -.2050E+01   -.2041E+01   -.2032E+01   -.2023E+01   -.2015E+01   -.2006E+01   -.1999E+01   -.1991E+01   -.1984E+01   -.1977E+01   -.1970E+01   -.1963E+01   -.1957E+01   -.1951E+01   -.1945E+01   -.1939E+01   -.1934E+01   -.1929E+01   -.1924E+01   -.1919E+01   -.1914E+01   -.1910E+01   -.1905E+01   -.1901E+01   -.1897E+01   -.1893E+01   -.1889E+01   -.1886E+01   -.1882E+01   -.1879E+01   -.1875E+01   -.1872E+01   -.1869E+01   -.1866E+01   -.1863E+01   -.1860E+01   -.1858E+01   -.1855E+01   -.1852E+01   -.1850E+01   -.1848E+01
0.3727E+04   0.4867E+02   -.3031E+02   -.3042E+02   -.3055E+02   -.3068E+02   -.3081E+02   -.3092E+02   -.3095E+02   -.3080E+02   -.3033E+02   -.2920E+02   -.2739E+02   -.4323E+02   -.1992E+02   -.1230E+02   -.1202E+02   -.1037E+02   -.9995E+01   -.9106E+01   -.8584E+01   -.7977E+01   -.7500E+01   -.7044E+01   -.6653E+01   -.6296E+01   -.5979E+01   -.5694E+01   -.5439E+01   -.5209E+01   -.4999E+01   -.4808E+01   -.4633E+01   -.4472E+01   -.4322E+01   -.4185E+01   -.4059E+01   -.3942E+01   -.3834E+01   -.3734E+01   -.3641E+01   -.3553E+01   -.3469E+01   -.3389E+01   -.3314E+01   -.3243E+01   -.3176E+01   -.3112E+01   -.3052E+01   -.2996E+01   -.2943E+01   -.2893E+01   -.2846E+01   -.2801E+01   -.2758E+01   -.2718E+01   -.2680E+01   -.2643E+01   -.2608E+01   -.2575E+01   -.2543E+01   -.2513E+01   -.2485E+01   -.2458E+01   -.2432E+01   -.2407E+01   -.2384E+01   -.2361E+01   -.2340E+01   -.2319E+01   -.2299E+01   -.2280E+01   -.2262E+01   -.2245E+01   -.2228E+01   -.2211E+01   -.2196E+01   -.2181E+01   -.2167E+01   -.2153E+01   -.2140E+01   -.2127E+01   -.2115E+01   -.2103E+01   -.2092E+01   -.2081E+01   -.2071E+01   -.2061E+01   -.2051E+01   -.2042E+01   -.2032E+01   -.2024E+01   -.2015E+01   -.2007E+01   -.1999E+01   -.1992E+01   -.1984E+01   -.1977E+01   -.1971E+01   -.1964E+01   -.1958E+01   -.1951E+01   -.1946E+01   -.1940E+01   -.1934E+01   -.1929E+01   -.1924E+01   -.1919E+01   -.1915E+01   -.1910E+01   -.1906E+01   -.1901E+01   -.1897E+01   -.1893E+01   -.1889E+01   -.1886E+01   -.1882E+01   -.1879E+01   -.1875E+01   -.1872E+01   -.1869E+01   -.1866E+01   -.1863E+01   -.1860E+01   -.1858E+01   -.1855E+01   -.1853E+01   -.1850E+01   -.1848E+01   -.1845E+01
0.3726E+04   0.4900E+02   -.3035E+02   -.3048E+02   -.3062E+02   -.3075E+02   -.3087E+02   -.3090E+02   -.3074E+02   -.3028E+02   -.2915E+02   -.2734E+02   -.4318E+02   -.1990E+02   -.1229E+02   -.1200E+02   -.1036E+02   -.9985E+01   -.9098E+01   -.8577E+01   -.7971E+01   -.7495E+01   -.7039E+01   -.6649E+01   -.6292E+01   -.5976E+01   -.5692E+01   -.5437E+01   -.5207E+01   -.4998E+01   -.4807E+01   -.4632E+01   -.4471E+01   -.4322E+01   -.4185E+01   -.4058E+01   -.3942E+01   -.3834E+01   -.3735E+01   -.3641E+01   -.3553E+01   -.3470E+01   -.3390E+01   -.3315E+01   -.3244E+01   -.3177E+01   -.3113E+01   -.3053E+01   -.2997E+01   -.2944E+01   -.2894E+01   -.2847E+01   -.2802E+01   -.2759E+01   -.2719E+01   -.2681E+01   -.2644E+01   -.2610E+01   -.2576E+01   -.2544E+01   -.2514E+01   -.2486E+01   -.2459E+01   -.2433E+01   -.2408E+01   -.2385E+01   -.2362E+01   -.2341E+01   -.2320E+01   -.2300E+01   -.2281E+01   -.2263E+01   -.2246E+01   -.2229E+01   -.2212E+01   -.2197E+01   -.2182E+01   -.2167E+01   -.2154E+01   -.2140E+01   -.2128E+01   -.2116E+01   -.2104E+01   -.2093E+01   -.2082E+01   -.2071E+01   -.2061E+01   -.2052E+01   -.2042E+01   -.2033E+01   -.2024E+01   -.2016E+01   -.2008E+01   -.2000E+01   -.1992E+01   -.1985E+01   -.1978E+01   -.1971E+01   -.1964E+01   -.1958E+01   -.1952E+01   -.1946E+01   -.1940E+01   -.1935E+01   -.1930E+01   -.1925E+01   -.1920E+01   -.1915E+01   -.1910E+01   -.1906E+01   -.1902E+01   -.1898E+01   -.1894E+01   -.1890E+01   -.1886E+01   -.1882E+01   -.1879E+01   -.1876E+01   -.1872E+01   -.1869E+01   -.1866E+01   -.1863E+01   -.1861E+01   -.1858E+01   -.1855E+01   -.1853E+01   -.1850E+01   -.1848E+01   -.1845E+01   -.1843E+01
0.3725E+04   0.4933E+02   -.3040E+02   -.3054E+02   -.3068E+02   -.3080E+02   -.3083E+02   -.3068E+02   -.3022E+02   -.2909E+02   -.2729E+02   -.4313E+02   -.1988E+02   -.1227E+02   -.1199E+02   -.1035E+02   -.9974E+01   -.9089E+01   -.8569E+01   -.7964E+01   -.7489E+01   -.7034E+01   -.6644E+01   -.6289E+01   -.5973E+01   -.5689E+01   -.5435E+01   -.5205E+01   -.4996E+01   -.4806E+01   -.4631E+01   -.4470E+01   -.4322E+01   -.4184E+01   -.4058E+01   -.3942E+01   -.3835E+01   -.3735E+01   -.3642E+01   -.3554E+01   -.3470E+01   -.3391E+01   -.3316E+01   -.3245E+01   -.3178E+01   -.3114E+01   -.3054E+01   -.2998E+01   -.2945E+01   -.2895E+01   -.2848E+01   -.2803E+01   -.2760E+01   -.2720E+01   -.2682E+01   -.2646E+01   -.2611E+01   -.2578E+01   -.2546E+01   -.2515E+01   -.2487E+01   -.2460E+01   -.2434E+01   -.2409E+01   -.2386E+01   -.2364E+01   -.2342E+01   -.2321E+01   -.2301E+01   -.2282E+01   -.2264E+01   -.2247E+01   -.2230E+01   -.2213E+01   -.2198E+01   -.2183E+01   -.2168E+01   -.2155E+01   -.2141E+01   -.2129E+01   -.2116E+01   -.2105E+01   -.2094E+01   -.2083E+01   -.2072E+01   -.2062E+01   -.2052E+01   -.2043E+01   -.2034E+01   -.2025E+01   -.2016E+01   -.2008E+01   -.2000E+01   -.1993E+01   -.1986E+01   -.1978E+01   -.1972E+01   -.1965E+01   -.1959E+01   -.1952E+01   -.1946E+01   -.1941E+01   -.1935E+01   -.1930E+01   -.1925E+01   -.1920E+01   -.1915E+01   -.1911E+01   -.1906E+01   -.1902E+01   -.1898E+01   -.1894E+01   -.1890E+01   -.1886E+01   -.1883E+01   -.1879E+01   -.1876E+01   -.1872E+01   -.1869E+01   -.1866E+01   -.1863E+01   -.1860E+01   -.1858E+01   -.1855E+01   -.1853E+01   -.1850E+01   -.1848E+01   -.1845E+01   -.1843E+01   -.1841E+01
0.3724E+04   0.4967E+02   -.3044E+02   -.3059E+02   -.3071E+02   -.3075E+02   -.3060E+02   -.3014E+02   -.2902E+02   -.2722E+02   -.4306E+02   -.1985E+02   -.1225E+02   -.1197E+02   -.1033E+02   -.9962E+01   -.9078E+01   -.8560E+01   -.7956E+01   -.7482E+01   -.7028E+01   -.6639E+01   -.6284E+01   -.5969E+01   -.5686E+01   -.5432E+01   -.5203E+01   -.4994E+01   -.4804E+01   -.4630E+01   -.4470E+01   -.4321E+01   -.4184E+01   -.4058E+01   -.3942E+01   -.3835E+01   -.3735E+01   -.3642E+01   -.3554E+01   -.3471E+01   -.3392E+01   -.3317E+01   -.3246E+01   -.3179E+01   -.3115E+01   -.3055E+01   -.2999E+01   -.2947E+01   -.2897E+01   -.2849E+01   -.2804E+01   -.2762E+01   -.2722E+01   -.2683E+01   -.2647E+01   -.2612E+01   -.2579E+01   -.2547E+01   -.2517E+01   -.2488E+01   -.2461E+01   -.2435E+01   -.2411E+01   -.2387E+01   -.2365E+01   -.2343E+01   -.2322E+01   -.2303E+01   -.2284E+01   -.2265E+01   -.2248E+01   -.2231E+01   -.2214E+01   -.2199E+01   -.2184E+01   -.2169E+01   -.2155E+01   -.2142E+01   -.2129E+01   -.2117E+01   -.2106E+01   -.2094E+01   -.2083E+01   -.2073E+01   -.2063E+01   -.2053E+01   -.2044E+01   -.2034E+01   -.2026E+01   -.2017E+01   -.2009E+01   -.2001E+01   -.1993E+01   -.1986E+01   -.1979E+01   -.1972E+01   -.1965E+01   -.1959E+01   -.1953E+01   -.1947E+01   -.1941E+01   -.1935E+01   -.1930E+01   -.1925E+01   -.1920E+01   -.1915E+01   -.1911E+01   -.1906E+01   -.1902E+01   -.1898E+01   -.1894E+01   -.1890E+01   -.1886E+01   -.1882E+01   -.1879E+01   -.1876E+01   -.1872E+01   -.1869E+01   -.1866E+01   -.1863E+01   -.1860E+01   -.1858E+01   -.1855E+01   -.1852E+01   -.1850E+01   -.1847E+01   -.1845E+01   -.1843E+01   -.1841E+01   -.1839E+01
0.3723E+04   0.5000E+02   -.3047E+02   -.3060E+02   -.3064E+02   -.3050E+02   -.3005E+02   -.2893E+02   -.2714E+02   -.4297E+02   -.1982E+02   -.1223E+02   -.1195E+02   -.1032E+02   -.9947E+01   -.9066E+01   -.8549E+01   -.7947E+01   -.7474E+01   -.7022E+01   -.6633E+01   -.6280E+01   -.5965E+01   -.5682E+01   -.5429E+01   -.5200E+01   -.4993E+01   -.4803E+01   -.4629E+01   -.4469E+01   -.4321E+01   -.4184E+01   -.4058E+01   -.3942E+01   -.3835E+01   -.3736E+01   -.3643E+01   -.3555E+01   -.3472E+01   -.3393E+01   -.3318E+01   -.3248E+01   -.3180E+01   -.3117E+01   -.3057E+01   -.3001E+01   -.2948E+01   -.2898E+01   -.2851E+01   -.2806E+01   -.2763E+01   -.2723E+01   -.2685E+01   -.2648E+01   -.2613E+01   -.2580E+01   -.2549E+01   -.2518E+01   -.2489E+01   -.2462E+01   -.2436E+01   -.2412E+01   -.2388E+01   -.2366E+01   -.2344E+01   -.2324E+01   -.2304E+01   -.2285E+01   -.2266E+01   -.2249E+01   -.2232E+01   -.2215E+01   -.2200E+01   -.2185E+01   -.2170E+01   -.2156E+01   -.2143E+01   -.2130E+01   -.2118E+01   -.2106E+01   -.2095E+01   -.2084E+01   -.2074E+01   -.2063E+01   -.2054E+01   -.2044E+01   -.2035E+01   -.2026E+01   -.2017E+01   -.2009E+01   -.2001E+01   -.1994E+01   -.1986E+01   -.1979E+01   -.1972E+01   -.1966E+01   -.1959E+01   -.1953E+01   -.1947E+01   -.1941E+01   -.1935E+01   -.1930E+01   -.1925E+01   -.1920E+01   -.1915E+01   -.1911E+01   -.1906E+01   -.1902E+01   -.1898E+01   -.1894E+01   -.1890E+01   -.1886E+01   -.1882E+01   -.1879E+01   -.1875E+01   -.1872E+01   -.1869E+01   -.1866E+01   -.1863E+01   -.1860E+01   -.1857E+01   -.1854E+01   -.1852E+01   -.1849E+01   -.1847E+01   -.1844E+01   -.1842E+01   -.1840E+01   -.1838E+01   -.1836E+01
0.3722E+04   0.5033E+02   -.3046E+02   -.3051E+02   -.3037E+02   -.2993E+02   -.2882E+02   -.2703E+02   -.4286E+02   -.1978E+02   -.1220E+02   -.1193E+02   -.1030E+02   -.9930E+01   -.9051E+01   -.8537E+01   -.7937E+01   -.7465E+01   -.7014E+01   -.6627E+01   -.6274E+01   -.5961E+01   -.5679E+01   -.5426E+01   -.5198E+01   -.4991E+01   -.4802E+01   -.4628E+01   -.4468E+01   -.4321E+01   -.4184E+01   -.4058E+01   -.3942E+01   -.3835E+01   -.3736E+01   -.3643E+01   -.3556E+01   -.3473E+01   -.3395E+01   -.3320E+01   -.3249E+01   -.3182E+01   -.3118E+01   -.3059E+01   -.3002E+01   -.2950E+01   -.2900E+01   -.2852E+01   -.2807E+01   -.2765E+01   -.2725E+01   -.2686E+01   -.2650E+01   -.2615E+01   -.2582E+01   -.2550E+01   -.2520E+01   -.2491E+01   -.2463E+01   -.2437E+01   -.2413E+01   -.2389E+01   -.2367E+01   -.2345E+01   -.2325E+01   -.2305E+01   -.2286E+01   -.2267E+01   -.2250E+01   -.2233E+01   -.2216E+01   -.2201E+01   -.2185E+01   -.2171E+01   -.2157E+01   -.2144E+01   -.2131E+01   -.2119E+01   -.2107E+01   -.2095E+01   -.2084E+01   -.2074E+01   -.2064E+01   -.2054E+01   -.2044E+01   -.2035E+01   -.2026E+01   -.2018E+01   -.2009E+01   -.2001E+01   -.1994E+01   -.1986E+01   -.1979E+01   -.1972E+01   -.1965E+01   -.1959E+01   -.1953E+01   -.1947E+01   -.1941E+01   -.1935E+01   -.1930E+01   -.1925E+01   -.1919E+01   -.1915E+01   -.1910E+01   -.1905E+01   -.1901E+01   -.1897E+01   -.1893E+01   -.1889E+01   -.1885E+01   -.1881E+01   -.1878E+01   -.1874E+01   -.1871E+01   -.1868E+01   -.1865E+01   -.1862E+01   -.1859E+01   -.1856E+01   -.1853E+01   -.1851E+01   -.1848E+01   -.1846E+01   -.1843E+01   -.1841E+01   -.1839E+01   -.1837E+01   -.1835E+01   -.1833E+01
0.3721E+04   0.5067E+02   -.3035E+02   -.3022E+02   -.2977E+02   -.2868E+02   -.2689E+02   -.4272E+02   -.1973E+02   -.1217E+02   -.1190E+02   -.1027E+02   -.9910E+01   -.9034E+01   -.8522E+01   -.7924E+01   -.7455E+01   -.7005E+01   -.6619E+01   -.6268E+01   -.5955E+01   -.5674E+01   -.5422E+01   -.5195E+01   -.4988E+01   -.4800E+01   -.4627E+01   -.4468E+01   -.4320E+01   -.4184E+01   -.4059E+01   -.3943E+01   -.3836E+01   -.3737E+01   -.3644E+01   -.3557E+01   -.3475E+01   -.3396E+01   -.3322E+01   -.3251E+01   -.3184E+01   -.3120E+01   -.3060E+01   -.3004E+01   -.2951E+01   -.2901E+01   -.2854E+01   -.2809E+01   -.2766E+01   -.2726E+01   -.2688E+01   -.2651E+01   -.2616E+01   -.2583E+01   -.2551E+01   -.2521E+01   -.2492E+01   -.2464E+01   -.2438E+01   -.2414E+01   -.2390E+01   -.2368E+01   -.2346E+01   -.2325E+01   -.2305E+01   -.2286E+01   -.2268E+01   -.2250E+01   -.2233E+01   -.2217E+01   -.2201E+01   -.2186E+01   -.2171E+01   -.2157E+01   -.2143E+01   -.2131E+01   -.2118E+01   -.2106E+01   -.2095E+01   -.2084E+01   -.2073E+01   -.2063E+01   -.2053E+01   -.2044E+01   -.2034E+01   -.2025E+01   -.2017E+01   -.2008E+01   -.2000E+01   -.1993E+01   -.1985E+01   -.1978E+01   -.1971E+01   -.1964E+01   -.1958E+01   -.1951E+01   -.1945E+01   -.1939E+01   -.1934E+01   -.1928E+01   -.1923E+01   -.1918E+01   -.1913E+01   -.1908E+01   -.1904E+01   -.1899E+01   -.1895E+01   -.1891E+01   -.1887E+01   -.1883E+01   -.1880E+01   -.1876E+01   -.1872E+01   -.1869E+01   -.1866E+01   -.1863E+01   -.1860E+01   -.1857E+01   -.1854E+01   -.1851E+01   -.1849E+01   -.1846E+01   -.1844E+01   -.1841E+01   -.1839E+01   -.1837E+01   -.1834E+01   -.1832E+01   -.1830E+01   -.1828E+01
0.3720E+04   0.5100E+02   -.3001E+02   -.2957E+02   -.2849E+02   -.2671E+02   -.4254E+02   -.1966E+02   -.1213E+02   -.1187E+02   -.1025E+02   -.9884E+01   -.9012E+01   -.8504E+01   -.7909E+01   -.7442E+01   -.6994E+01   -.6610E+01   -.6260E+01   -.5949E+01   -.5669E+01   -.5418E+01   -.5191E+01   -.4986E+01   -.4798E+01   -.4626E+01   -.4467E+01   -.4320E+01   -.4184E+01   -.4059E+01   -.3943E+01   -.3836E+01   -.3737E+01   -.3645E+01   -.3558E+01   -.3476E+01   -.3397E+01   -.3323E+01   -.3252E+01   -.3185E+01   -.3121E+01   -.3061E+01   -.3005E+01   -.2952E+01   -.2902E+01   -.2855E+01   -.2809E+01   -.2766E+01   -.2726E+01   -.2688E+01   -.2651E+01   -.2616E+01   -.2583E+01   -.2551E+01   -.2520E+01   -.2491E+01   -.2463E+01   -.2437E+01   -.2413E+01   -.2389E+01   -.2366E+01   -.2345E+01   -.2324E+01   -.2304E+01   -.2284E+01   -.2266E+01   -.2248E+01   -.2231E+01   -.2215E+01   -.2199E+01   -.2183E+01   -.2169E+01   -.2155E+01   -.2141E+01   -.2128E+01   -.2116E+01   -.2104E+01   -.2092E+01   -.2081E+01   -.2070E+01   -.2060E+01   -.2050E+01   -.2040E+01   -.2031E+01   -.2022E+01   -.2013E+01   -.2005E+01   -.1997E+01   -.1989E+01   -.1981E+01   -.1974E+01   -.1967E+01   -.1960E+01   -.1954E+01   -.1947E+01   -.1941E+01   -.1935E+01   -.1929E+01   -.1924E+01   -.1919E+01   -.1914E+01   -.1909E+01   -.1904E+01   -.1899E+01   -.1895E+01   -.1891E+01   -.1886E+01   -.1882E+01   -.1878E+01   -.1875E+01   -.1871E+01   -.1868E+01   -.1864E+01   -.1861E+01   -.1858E+01   -.1855E+01   -.1852E+01   -.1849E+01   -.1846E+01   -.1843E+01   -.1841E+01   -.1838E+01   -.1836E+01   -.1833E+01   -.1831E+01   -.1829E+01   -.1827E+01   -.1825E+01   -.1823E+01   -.1821E+01
0.3719E+04   0.5133E+02   -.2930E+02   -.2828E+02   -.2647E+02   -.4229E+02   -.1958E+02   -.1208E+02   -.1183E+02   -.1022E+02   -.9858E+01   -.8992E+01   -.8488E+01   -.7896E+01   -.7431E+01   -.6986E+01   -.6604E+01   -.6255E+01   -.5946E+01   -.5666E+01   -.5416E+01   -.5190E+01   -.4985E+01   -.4797E+01   -.4626E+01   -.4467E+01   -.4321E+01   -.4185E+01   -.4059E+01   -.3943E+01   -.3836E+01   -.3737E+01   -.3645E+01   -.3558E+01   -.3476E+01   -.3398E+01   -.3323E+01   -.3252E+01   -.3185E+01   -.3121E+01   -.3061E+01   -.3004E+01   -.2951E+01   -.2900E+01   -.2853E+01   -.2808E+01   -.2765E+01   -.2724E+01   -.2685E+01   -.2649E+01   -.2613E+01   -.2580E+01   -.2548E+01   -.2517E+01   -.2488E+01   -.2460E+01   -.2433E+01   -.2408E+01   -.2385E+01   -.2362E+01   -.2340E+01   -.2319E+01   -.2299E+01   -.2279E+01   -.2261E+01   -.2243E+01   -.2226E+01   -.2209E+01   -.2193E+01   -.2178E+01   -.2163E+01   -.2149E+01   -.2135E+01   -.2122E+01   -.2109E+01   -.2097E+01   -.2086E+01   -.2074E+01   -.2064E+01   -.2053E+01   -.2043E+01   -.2033E+01   -.2024E+01   -.2015E+01   -.2006E+01   -.1997E+01   -.1989E+01   -.1981E+01   -.1974E+01   -.1966E+01   -.1959E+01   -.1952E+01   -.1946E+01   -.1939E+01   -.1933E+01   -.1927E+01   -.1921E+01   -.1916E+01   -.1910E+01   -.1905E+01   -.1900E+01   -.1895E+01   -.1891E+01   -.1886E+01   -.1882E+01   -.1878E+01   -.1873E+01   -.1870E+01   -.1866E+01   -.1862E+01   -.1858E+01   -.1855E+01   -.1852E+01   -.1849E+01   -.1845E+01   -.1842E+01   -.1839E+01   -.1837E+01   -.1834E+01   -.1831E+01   -.1829E+01   -.1826E+01   -.1824E+01   -.1822E+01   -.1819E+01   -.1817E+01   -.1815E+01   -.1813E+01   -.1811E+01   -.1809E+01
0.3718E+04   0.5167E+02   -.2794E+02   -.2613E+02   -.4192E+02   -.1952E+02   -.1205E+02   -.1181E+02   -.1021E+02   -.9851E+01   -.8986E+01   -.8482E+01   -.7891E+01   -.7427E+01   -.6981E+01   -.6599E+01   -.6251E+01   -.5941E+01   -.5662E+01   -.5411E+01   -.5185E+01   -.4980E+01   -.4792E+01   -.4621E+01   -.4462E+01   -.4316E+01   -.4180E+01   -.4053E+01   -.3937E+01   -.3830E+01   -.3730E+01   -.3637E+01   -.3551E+01   -.3469E+01   -.3390E+01   -.3315E+01   -.3244E+01   -.3177E+01   -.3113E+01   -.3052E+01   -.2995E+01   -.2941E+01   -.2891E+01   -.2843E+01   -.2797E+01   -.2754E+01   -.2713E+01   -.2674E+01   -.2637E+01   -.2602E+01   -.2568E+01   -.2536E+01   -.2505E+01   -.2475E+01   -.2447E+01   -.2421E+01   -.2395E+01   -.2371E+01   -.2348E+01   -.2326E+01   -.2305E+01   -.2285E+01   -.2266E+01   -.2247E+01   -.2229E+01   -.2212E+01   -.2195E+01   -.2179E+01   -.2163E+01   -.2148E+01   -.2134E+01   -.2120E+01   -.2107E+01   -.2094E+01   -.2082E+01   -.2070E+01   -.2059E+01   -.2048E+01   -.2038E+01   -.2028E+01   -.2018E+01   -.2008E+01   -.1999E+01   -.1990E+01   -.1982E+01   -.1973E+01   -.1965E+01   -.1958E+01   -.1950E+01   -.1943E+01   -.1936E+01   -.1929E+01   -.1923E+01   -.1917E+01   -.1910E+01   -.1905E+01   -.1899E+01   -.1894E+01   -.1888E+01   -.1883E+01   -.1878E+01   -.1874E+01   -.1869E+01   -.1865E+01   -.1860E+01   -.1856E+01   -.1852E+01   -.1849E+01   -.1845E+01   -.1841E+01   -.1838E+01   -.1834E+01   -.1831E+01   -.1828E+01   -.1825E+01   -.1822E+01   -.1819E+01   -.1816E+01   -.1814E+01   -.1811E+01   -.1809E+01   -.1806E+01   -.1804E+01   -.1802E+01   -.1799E+01   -.1797E+01   -.1795E+01   -.1793E+01   -.1791E+01   -.1789E+01
0.3717E+04   0.5200E+02   -.2734E+02   -.4141E+02   -.1904E+02   -.1173E+02   -.1146E+02   -.9890E+01   -.9556E+01   -.8721E+01   -.8247E+01   -.7682E+01   -.7240E+01   -.6814E+01   -.6449E+01   -.6117E+01   -.5821E+01   -.5553E+01   -.5312E+01   -.5094E+01   -.4897E+01   -.4717E+01   -.4552E+01   -.4399E+01   -.4258E+01   -.4126E+01   -.4004E+01   -.3890E+01   -.3786E+01   -.3689E+01   -.3599E+01   -.3515E+01   -.3435E+01   -.3360E+01   -.3287E+01   -.3217E+01   -.3152E+01   -.3089E+01   -.3030E+01   -.2974E+01   -.2921E+01   -.2871E+01   -.2824E+01   -.2780E+01   -.2737E+01   -.2697E+01   -.2659E+01   -.2623E+01   -.2588E+01   -.2555E+01   -.2523E+01   -.2493E+01   -.2464E+01   -.2436E+01   -.2410E+01   -.2385E+01   -.2361E+01   -.2339E+01   -.2317E+01   -.2297E+01   -.2277E+01   -.2258E+01   -.2239E+01   -.2221E+01   -.2204E+01   -.2188E+01   -.2172E+01   -.2157E+01   -.2142E+01   -.2128E+01   -.2114E+01   -.2101E+01   -.2089E+01   -.2077E+01   -.2065E+01   -.2054E+01   -.2043E+01   -.2033E+01   -.2023E+01   -.2013E+01   -.2004E+01   -.1995E+01   -.1986E+01   -.1978E+01   -.1970E+01   -.1962E+01   -.1954E+01   -.1947E+01   -.1940E+01   -.1933E+01   -.1926E+01   -.1920E+01   -.1913E+01   -.1907E+01   -.1902E+01   -.1896E+01   -.1891E+01   -.1885E+01   -.1880E+01   -.1876E+01   -.1871E+01   -.1866E+01   -.1862E+01   -.1858E+01   -.1854E+01   -.1850E+01   -.1846E+01   -.1842E+01   -.1839E+01   -.1835E+01   -.1832E+01   -.1829E+01   -.1826E+01   -.1823E+01   -.1820E+01   -.1817E+01   -.1814E+01   -.1811E+01   -.1809E+01   -.1806E+01   -.1804E+01   -.1802E+01   -.1799E+01   -.1797E+01   -.1795E+01   -.1793E+01   -.1791E+01   -.1789E+01   -.1787E+01   -.1785E+01
0.3716E+04   0.5233E+02   -.3639E+02   -.1907E+02   -.1126E+02   -.1146E+02   -.1000E+02   -.9793E+01   -.9032E+01   -.8613E+01   -.8084E+01   -.7666E+01   -.7254E+01   -.6897E+01   -.6569E+01   -.6276E+01   -.6007E+01   -.5763E+01   -.5543E+01   -.5342E+01   -.5158E+01   -.4988E+01   -.4831E+01   -.4685E+01   -.4548E+01   -.4421E+01   -.4303E+01   -.4193E+01   -.4091E+01   -.3996E+01   -.3908E+01   -.3824E+01   -.3745E+01   -.3669E+01   -.3596E+01   -.3526E+01   -.3461E+01   -.3398E+01   -.3338E+01   -.3281E+01   -.3229E+01   -.3179E+01   -.3131E+01   -.3086E+01   -.3043E+01   -.3002E+01   -.2964E+01   -.2927E+01   -.2891E+01   -.2857E+01   -.2825E+01   -.2794E+01   -.2764E+01   -.2736E+01   -.2709E+01   -.2684E+01   -.2660E+01   -.2637E+01   -.2614E+01   -.2593E+01   -.2573E+01   -.2553E+01   -.2534E+01   -.2515E+01   -.2498E+01   -.2481E+01   -.2464E+01   -.2449E+01   -.2433E+01   -.2419E+01   -.2405E+01   -.2391E+01   -.2378E+01   -.2366E+01   -.2354E+01   -.2342E+01   -.2331E+01   -.2320E+01   -.2310E+01   -.2300E+01   -.2290E+01   -.2281E+01   -.2271E+01   -.2263E+01   -.2254E+01   -.2246E+01   -.2238E+01   -.2230E+01   -.2223E+01   -.2216E+01   -.2209E+01   -.2202E+01   -.2196E+01   -.2189E+01   -.2183E+01   -.2178E+01   -.2172E+01   -.2167E+01   -.2161E+01   -.2156E+01   -.2152E+01   -.2147E+01   -.2142E+01   -.2138E+01   -.2134E+01   -.2129E+01   -.2125E+01   -.2122E+01   -.2118E+01   -.2114E+01   -.2111E+01   -.2107E+01   -.2104E+01   -.2101E+01   -.2098E+01   -.2095E+01   -.2092E+01   -.2089E+01   -.2087E+01   -.2084E+01   -.2082E+01   -.2079E+01   -.2077E+01   -.2074E+01   -.2072E+01   -.2070E+01   -.2068E+01   -.2066E+01   -.2064E+01   -.2062E+01
0.3715E+04   0.5267E+02   -.1594E+02   -.1180E+02   -.1142E+02   -.1004E+02   -.9700E+01   -.8882E+01   -.8412E+01   -.7846E+01   -.7397E+01   -.6963E+01   -.6586E+01   -.6241E+01   -.5934E+01   -.5655E+01   -.5401E+01   -.5170E+01   -.4961E+01   -.4769E+01   -.4593E+01   -.4430E+01   -.4279E+01   -.4137E+01   -.4005E+01   -.3882E+01   -.3767E+01   -.3661E+01   -.3562E+01   -.3470E+01   -.3384E+01   -.3302E+01   -.3224E+01   -.3149E+01   -.3077E+01   -.3009E+01   -.2944E+01   -.2882E+01   -.2823E+01   -.2768E+01   -.2717E+01   -.2668E+01   -.2621E+01   -.2576E+01   -.2534E+01   -.2494E+01   -.2456E+01   -.2419E+01   -.2384E+01   -.2351E+01   -.2319E+01   -.2288E+01   -.2259E+01   -.2231E+01   -.2205E+01   -.2180E+01   -.2156E+01   -.2133E+01   -.2111E+01   -.2090E+01   -.2070E+01   -.2050E+01   -.2031E+01   -.2013E+01   -.1996E+01   -.1979E+01   -.1963E+01   -.1947E+01   -.1932E+01   -.1918E+01   -.1904E+01   -.1890E+01   -.1878E+01   -.1865E+01   -.1854E+01   -.1842E+01   -.1831E+01   -.1820E+01   -.1810E+01   -.1800E+01   -.1790E+01   -.1781E+01   -.1772E+01   -.1763E+01   -.1755E+01   -.1746E+01   -.1739E+01   -.1731E+01   -.1723E+01   -.1716E+01   -.1710E+01   -.1703E+01   -.1697E+01   -.1690E+01   -.1684E+01   -.1679E+01   -.1673E+01   -.1668E+01   -.1663E+01   -.1658E+01   -.1653E+01   -.1648E+01   -.1644E+01   -.1639E+01   -.1635E+01   -.1631E+01   -.1627E+01   -.1623E+01   -.1619E+01   -.1616E+01   -.1612E+01   -.1609E+01   -.1606E+01   -.1603E+01   -.1600E+01   -.1597E+01   -.1594E+01   -.1591E+01   -.1588E+01   -.1586E+01   -.1583E+01   -.1581E+01   -.1579E+01   -.1576E+01   -.1574E+01   -.1572E+01   -.1570E+01   -.1568E+01   -.1566E+01   -.1564E+01
0.3714E+04   0.5300E+02   -.7372E+01   -.9336E+01   -.8097E+01   -.8229E+01   -.7568E+01   -.7276E+01   -.6813E+01   -.6447E+01   -.6069E+01   -.5736E+01   -.5422E+01   -.5140E+01   -.4882E+01   -.4645E+01   -.4426E+01   -.4227E+01   -.4045E+01   -.3877E+01   -.3721E+01   -.3576E+01   -.3441E+01   -.3314E+01   -.3195E+01   -.3083E+01   -.2980E+01   -.2884E+01   -.2794E+01   -.2711E+01   -.2632E+01   -.2557E+01   -.2485E+01   -.2415E+01   -.2349E+01   -.2286E+01   -.2226E+01   -.2169E+01   -.2115E+01   -.2064E+01   -.2016E+01   -.1971E+01   -.1928E+01   -.1886E+01   -.1847E+01   -.1810E+01   -.1775E+01   -.1741E+01   -.1708E+01   -.1677E+01   -.1647E+01   -.1619E+01   -.1592E+01   -.1566E+01   -.1542E+01   -.1519E+01   -.1497E+01   -.1475E+01   -.1455E+01   -.1435E+01   -.1416E+01   -.1398E+01   -.1381E+01   -.1364E+01   -.1347E+01   -.1332E+01   -.1317E+01   -.1302E+01   -.1288E+01   -.1275E+01   -.1262E+01   -.1250E+01   -.1238E+01   -.1226E+01   -.1215E+01   -.1205E+01   -.1194E+01   -.1184E+01   -.1175E+01   -.1165E+01   -.1156E+01   -.1147E+01   -.1139E+01   -.1131E+01   -.1123E+01   -.1115E+01   -.1108E+01   -.1101E+01   -.1094E+01   -.1087E+01   -.1081E+01   -.1075E+01   -.1069E+01   -.1063E+01   -.1057E+01   -.1052E+01   -.1047E+01   -.1042E+01   -.1037E+01   -.1032E+01   -.1028E+01   -.1023E+01   -.1019E+01   -.1015E+01   -.1011E+01   -.1007E+01   -.1003E+01   -.9999E+00   -.9964E+00   -.9931E+00   -.9898E+00   -.9867E+00   -.9836E+00   -.9807E+00   -.9779E+00   -.9751E+00   -.9725E+00   -.9699E+00   -.9674E+00   -.9649E+00   -.9625E+00   -.9602E+00   -.9580E+00   -.9558E+00   -.9537E+00   -.9517E+00   -.9498E+00   -.9479E+00   -.9461E+00   -.9443E+00
0.2798E+04   0.5333E+02   -.1025E+02   -.9050E+01   -.9349E+01   -.8436E+01   -.8103E+01   -.7522E+01   -.7105E+01   -.6651E+01   -.6266E+01   -.5902E+01   -.5577E+01   -.5281E+01   -.5014E+01   -.4768E+01   -.4544E+01   -.4339E+01   -.4152E+01   -.3980E+01   -.3820E+01   -.3672E+01   -.3533E+01   -.3404E+01   -.3281E+01   -.3167E+01   -.3062E+01   -.2964E+01   -.2872E+01   -.2787E+01   -.2706E+01   -.2629E+01   -.2555E+01   -.2484E+01   -.2416E+01   -.2352E+01   -.2290E+01   -.2232E+01   -.2176E+01   -.2124E+01   -.2076E+01   -.2029E+01   -.1985E+01   -.1942E+01   -.1902E+01   -.1864E+01   -.1828E+01   -.1794E+01   -.1760E+01   -.1729E+01   -.1698E+01   -.1669E+01   -.1641E+01   -.1615E+01   -.1590E+01   -.1566E+01   -.1544E+01   -.1522E+01   -.1501E+01   -.1480E+01   -.1461E+01   -.1442E+01   -.1424E+01   -.1407E+01   -.1390E+01   -.1374E+01   -.1359E+01   -.1344E+01   -.1330E+01   -.1316E+01   -.1303E+01   -.1290E+01   -.1278E+01   -.1266E+01   -.1255E+01   -.1244E+01   -.1233E+01   -.1223E+01   -.1213E+01   -.1203E+01   -.1194E+01   -.1185E+01   -.1176E+01   -.1168E+01   -.1160E+01   -.1152E+01   -.1144E+01   -.1137E+01   -.1130E+01   -.1123E+01   -.1117E+01   -.1110E+01   -.1104E+01   -.1098E+01   -.1093E+01   -.1087E+01   -.1082E+01   -.1077E+01   -.1072E+01   -.1067E+01   -.1062E+01   -.1058E+01   -.1053E+01   -.1049E+01   -.1045E+01   -.1041E+01   -.1037E+01   -.1034E+01   -.1030E+01   -.1027E+01   -.1023E+01   -.1020E+01   -.1017E+01   -.1014E+01   -.1011E+01   -.1008E+01   -.1006E+01   -.1003E+01   -.1000E+01   -.9979E+00   -.9954E+00   -.9931E+00   -.9908E+00   -.9886E+00   -.9864E+00   -.9844E+00   -.9824E+00   -.9805E+00   -.9786E+00   -.9768E+00
