0.0000E+00   -.9000E+01   -.8999E+01   -.8999E+01   -.8999E+01   -.8998E+01   -.8998E+01   -.8997E+01   -.8996E+01   -.8996E+01   -.8995E+01   -.8994E+01   -.8994E+01   -.8993E+01   -.8992E+01   -.8992E+01   -.8991E+01   -.8990E+01   -.8989E+01   -.8988E+01   -.8988E+01   -.8987E+01   -.8986E+01   -.8985E+01   -.8984E+01   -.8983E+01   -.8983E+01   -.8982E+01   -.8981E+01   -.8980E+01   -.8979E+01   -.8978E+01   -.8977E+01   -.8976E+01   -.8975E+01   -.8974E+01   -.8974E+01   -.8973E+01   -.8972E+01   -.8971E+01   -.8970E+01   -.8969E+01   -.8968E+01   -.8967E+01   -.8966E+01   -.8965E+01   -.8965E+01   -.8964E+01   -.8963E+01   -.8962E+01   -.8961E+01   -.8960E+01   -.8960E+01   -.8959E+01   -.8958E+01   -.8957E+01   -.8957E+01   -.8956E+01   -.8955E+01   -.8955E+01   -.8954E+01   -.8954E+01   -.8953E+01   -.8953E+01   -.8953E+01   -.8952E+01   -.8952E+01   -.8952E+01   -.8952E+01   -.8952E+01   -.8953E+01   -.8953E+01   -.8954E+01   -.8954E+01   -.8955E+01   -.8956E+01   -.8957E+01   -.8958E+01   -.8960E+01   -.8961E+01   -.8963E+01   -.8965E+01   -.8968E+01   -.8970E+01   -.8974E+01   -.8976E+01   -.8980E+01   -.8984E+01   -.8989E+01   -.8993E+01   -.8999E+01   -.9004E+01   -.9012E+01   -.9017E+01   -.9027E+01   -.9034E+01   -.9046E+01   -.9053E+01   -.9068E+01
0.2167E+00   -.9000E+01   -.8999E+01   -.8999E+01   -.8999E+01   -.8998E+01   -.8998E+01   -.8997E+01   -.8996E+01   -.8996E+01   -.8995E+01   -.8994E+01   -.8994E+01   -.8993E+01   -.8992E+01   -.8992E+01   -.8991E+01   -.8990E+01   -.8989E+01   -.8989E+01   -.8988E+01   -.8987E+01   -.8986E+01   -.8985E+01   -.8985E+01   -.8984E+01   -.8983E+01   -.8982E+01   -.8981E+01   -.8980E+01   -.8979E+01   -.8979E+01   -.8978E+01   -.8977E+01   -.8976E+01   -.8975E+01   -.8974E+01   -.8973E+01   -.8972E+01   -.8971E+01   -.8971E+01   -.8970E+01   -.8969E+01   -.8968E+01   -.8967E+01   -.8966E+01   -.8965E+01   -.8965E+01   -.8964E+01   -.8963E+01   -.8962E+01   -.8961E+01   -.8961E+01   -.8960E+01   -.8959E+01   -.8958E+01   -.8958E+01   -.8957E+01   -.8957E+01   -.8956E+01   -.8956E+01   -.8955E+01   -.8955E+01   -.8954E+01   -.8954E+01   -.8954E+01   -.8954E+01   -.8954E+01   -.8954E+01   -.8954E+01   -.8955E+01   -.8955E+01   -.8956E+01   -.8956E+01   -.8957E+01   -.8958E+01   -.8959E+01   -.8960E+01   -.8962E+01   -.8964E+01   -.8966E+01   -.8968E+01   -.8970E+01   -.8973E+01   -.8976E+01   -.8979E+01   -.8983E+01   -.8987E+01   -.8992E+01   -.8996E+01   -.9003E+01   -.9008E+01   -.9016E+01   -.9022E+01   -.9031E+01   -.9038E+01   -.9050E+01   -.9059E+01   -.9073E+01
0.4333E+00   -.9000E+01   -.8999E+01   -.8999E+01   -.8999E+01   -.8998E+01   -.8998E+01   -.8997E+01   -.8996E+01   -.8996E+01   -.8995E+01   -.8995E+01   -.8994E+01   -.8993E+01   -.8993E+01   -.8992E+01   -.8991E+01   -.8990E+01   -.8990E+01   -.8989E+01   -.8988E+01   -.8987E+01   -.8986E+01   -.8986E+01   -.8985E+01   -.8984E+01   -.8983E+01   -.8982E+01   -.8982E+01   -.8981E+01   -.8980E+01   -.8979E+01   -.8978E+01   -.8977E+01   -.8976E+01   -.8976E+01   -.8975E+01   -.8974E+01   -.8973E+01   -.8972E+01   -.8971E+01   -.8970E+01   -.8969E+01   -.8969E+01   -.8968E+01   -.8967E+01   -.8966E+01   -.8965E+01   -.8965E+01   -.8964E+01   -.8963E+01   -.8962E+01   -.8962E+01   -.8961E+01   -.8960E+01   -.8959E+01   -.8959E+01   -.8958E+01   -.8958E+01   -.8957E+01   -.8957E+01   -.8956E+01   -.8956E+01   -.8956E+01   -.8956E+01   -.8956E+01   -.8956E+01   -.8956E+01   -.8956E+01   -.8956E+01   -.8956E+01   -.8957E+01   -.8958E+01   -.8958E+01   -.8959E+01   -.8960E+01   -.8961E+01   -.8963E+01   -.8964E+01   -.8966E+01   -.8968E+01   -.8970E+01   -.8973E+01   -.8976E+01   -.8979E+01   -.8982E+01   -.8986E+01   -.8990E+01   -.8995E+01   -.9000E+01   -.9006E+01   -.9012E+01   -.9019E+01   -.9026E+01   -.9035E+01   -.9043E+01   -.9054E+01   -.9064E+01   -.9077E+01
0.6500E+00   -.9000E+01   -.8999E+01   -.8999E+01   -.8999E+01   -.8998E+01   -.8998E+01   -.8997E+01   -.8997E+01   -.8996E+01   -.8995E+01   -.8995E+01   -.8994E+01   -.8993E+01   -.8993E+01   -.8992E+01   -.8991E+01   -.8991E+01   -.8990E+01   -.8989E+01   -.8988E+01   -.8988E+01   -.8987E+01   -.8986E+01   -.8985E+01   -.8984E+01   -.8984E+01   -.8983E+01   -.8982E+01   -.8981E+01   -.8980E+01   -.8979E+01   -.8979E+01   -.8978E+01   -.8977E+01   -.8976E+01   -.8975E+01   -.8974E+01   -.8973E+01   -.8973E+01   -.8972E+01   -.8971E+01   -.8970E+01   -.8969E+01   -.8968E+01   -.8968E+01   -.8967E+01   -.8966E+01   -.8965E+01   -.8965E+01   -.8964E+01   -.8963E+01   -.8963E+01   -.8962E+01   -.8961E+01   -.8961E+01   -.8960E+01   -.8959E+01   -.8959E+01   -.8958E+01   -.8958E+01   -.8958E+01   -.8958E+01   -.8957E+01   -.8957E+01   -.8957E+01   -.8957E+01   -.8957E+01   -.8957E+01   -.8958E+01   -.8958E+01   -.8959E+01   -.8959E+01   -.8960E+01   -.8961E+01   -.8962E+01   -.8964E+01   -.8965E+01   -.8967E+01   -.8969E+01   -.8971E+01   -.8973E+01   -.8976E+01   -.8979E+01   -.8982E+01   -.8985E+01   -.8989E+01   -.8994E+01   -.8998E+01   -.9004E+01   -.9009E+01   -.9016E+01   -.9023E+01   -.9030E+01   -.9039E+01   -.9048E+01   -.9058E+01   -.9069E+01   -.9082E+01
0.8667E+00   -.9000E+01   -.8999E+01   -.8999E+01   -.8999E+01   -.8998E+01   -.8998E+01   -.8997E+01   -.8997E+01   -.8996E+01   -.8995E+01   -.8995E+01   -.8994E+01   -.8993E+01   -.8993E+01   -.8992E+01   -.8991E+01   -.8991E+01   -.8990E+01   -.8989E+01   -.8988E+01   -.8988E+01   -.8987E+01   -.8986E+01   -.8985E+01   -.8985E+01   -.8984E+01   -.8983E+01   -.8982E+01   -.8981E+01   -.8981E+01   -.8980E+01   -.8979E+01   -.8978E+01   -.8977E+01   -.8977E+01   -.8976E+01   -.8975E+01   -.8974E+01   -.8973E+01   -.8972E+01   -.8972E+01   -.8971E+01   -.8970E+01   -.8969E+01   -.8968E+01   -.8968E+01   -.8967E+01   -.8966E+01   -.8966E+01   -.8965E+01   -.8964E+01   -.8964E+01   -.8963E+01   -.8962E+01   -.8962E+01   -.8961E+01   -.8961E+01   -.8960E+01   -.8960E+01   -.8959E+01   -.8959E+01   -.8959E+01   -.8959E+01   -.8959E+01   -.8959E+01   -.8959E+01   -.8959E+01   -.8959E+01   -.8960E+01   -.8960E+01   -.8961E+01   -.8961E+01   -.8962E+01   -.8963E+01   -.8964E+01   -.8966E+01   -.8967E+01   -.8969E+01   -.8971E+01   -.8973E+01   -.8976E+01   -.8978E+01   -.8981E+01   -.8985E+01   -.8988E+01   -.8992E+01   -.8997E+01   -.9002E+01   -.9007E+01   -.9013E+01   -.9020E+01   -.9026E+01   -.9035E+01   -.9043E+01   -.9053E+01   -.9063E+01   -.9075E+01   -.9087E+01
0.1083E+01   -.9000E+01   -.8999E+01   -.8999E+01   -.8999E+01   -.8998E+01   -.8998E+01   -.8997E+01   -.8997E+01   -.8996E+01   -.8996E+01   -.8995E+01   -.8994E+01   -.8994E+01   -.8993E+01   -.8992E+01   -.8992E+01   -.8991E+01   -.8990E+01   -.8989E+01   -.8989E+01   -.8988E+01   -.8987E+01   -.8986E+01   -.8986E+01   -.8985E+01   -.8984E+01   -.8983E+01   -.8983E+01   -.8982E+01   -.8981E+01   -.8980E+01   -.8979E+01   -.8979E+01   -.8978E+01   -.8977E+01   -.8976E+01   -.8975E+01   -.8975E+01   -.8974E+01   -.8973E+01   -.8972E+01   -.8971E+01   -.8971E+01   -.8970E+01   -.8969E+01   -.8969E+01   -.8968E+01   -.8967E+01   -.8966E+01   -.8966E+01   -.8965E+01   -.8965E+01   -.8964E+01   -.8963E+01   -.8963E+01   -.8962E+01   -.8962E+01   -.8961E+01   -.8961E+01   -.8961E+01   -.8961E+01   -.8960E+01   -.8960E+01   -.8960E+01   -.8960E+01   -.8960E+01   -.8961E+01   -.8961E+01   -.8961E+01   -.8962E+01   -.8963E+01   -.8963E+01   -.8964E+01   -.8965E+01   -.8967E+01   -.8968E+01   -.8970E+01   -.8971E+01   -.8973E+01   -.8976E+01   -.8978E+01   -.8981E+01   -.8984E+01   -.8987E+01   -.8991E+01   -.8995E+01   -.9000E+01   -.9005E+01   -.9011E+01   -.9016E+01   -.9024E+01   -.9030E+01   -.9039E+01   -.9047E+01   -.9058E+01   -.9067E+01   -.9080E+01   -.9092E+01
0.1300E+01   -.9000E+01   -.8999E+01   -.8999E+01   -.8999E+01   -.8998E+01   -.8998E+01   -.8997E+01   -.8997E+01   -.8996E+01   -.8996E+01   -.8995E+01   -.8994E+01   -.8994E+01   -.8993E+01   -.8992E+01   -.8992E+01   -.8991E+01   -.8990E+01   -.8990E+01   -.8989E+01   -.8988E+01   -.8988E+01   -.8987E+01   -.8986E+01   -.8985E+01   -.8985E+01   -.8984E+01   -.8983E+01   -.8982E+01   -.8981E+01   -.8981E+01   -.8980E+01   -.8979E+01   -.8978E+01   -.8978E+01   -.8977E+01   -.8976E+01   -.8975E+01   -.8974E+01   -.8974E+01   -.8973E+01   -.8972E+01   -.8971E+01   -.8971E+01   -.8970E+01   -.8969E+01   -.8969E+01   -.8968E+01   -.8967E+01   -.8967E+01   -.8966E+01   -.8966E+01   -.8965E+01   -.8964E+01   -.8964E+01   -.8963E+01   -.8963E+01   -.8963E+01   -.8962E+01   -.8962E+01   -.8962E+01   -.8962E+01   -.8962E+01   -.8962E+01   -.8962E+01   -.8962E+01   -.8962E+01   -.8962E+01   -.8963E+01   -.8964E+01   -.8964E+01   -.8965E+01   -.8966E+01   -.8967E+01   -.8969E+01   -.8970E+01   -.8972E+01   -.8974E+01   -.8976E+01   -.8978E+01   -.8981E+01   -.8983E+01   -.8987E+01   -.8990E+01   -.8995E+01   -.8998E+01   -.9004E+01   -.9008E+01   -.9015E+01   -.9020E+01   -.9028E+01   -.9034E+01   -.9043E+01   -.9051E+01   -.9062E+01   -.9071E+01   -.9086E+01   -.9097E+01
0.1517E+01   -.9000E+01   -.9000E+01   -.8999E+01   -.8999E+01   -.8998E+01   -.8998E+01   -.8997E+01   -.8997E+01   -.8996E+01   -.8996E+01   -.8995E+01   -.8995E+01   -.8994E+01   -.8993E+01   -.8993E+01   -.8992E+01   -.8991E+01   -.8991E+01   -.8990E+01   -.8989E+01   -.8989E+01   -.8988E+01   -.8987E+01   -.8987E+01   -.8986E+01   -.8985E+01   -.8984E+01   -.8984E+01   -.8983E+01   -.8982E+01   -.8981E+01   -.8981E+01   -.8980E+01   -.8979E+01   -.8978E+01   -.8978E+01   -.8977E+01   -.8976E+01   -.8975E+01   -.8975E+01   -.8974E+01   -.8973E+01   -.8973E+01   -.8972E+01   -.8971E+01   -.8971E+01   -.8970E+01   -.8969E+01   -.8969E+01   -.8968E+01   -.8968E+01   -.8967E+01   -.8967E+01   -.8966E+01   -.8966E+01   -.8965E+01   -.8965E+01   -.8965E+01   -.8964E+01   -.8964E+01   -.8964E+01   -.8964E+01   -.8964E+01   -.8964E+01   -.8964E+01   -.8965E+01   -.8965E+01   -.8965E+01   -.8966E+01   -.8967E+01   -.8967E+01   -.8968E+01   -.8970E+01   -.8971E+01   -.8972E+01   -.8974E+01   -.8976E+01   -.8977E+01   -.8980E+01   -.8982E+01   -.8985E+01   -.8988E+01   -.8992E+01   -.8995E+01   -.8999E+01   -.9003E+01   -.9009E+01   -.9014E+01   -.9020E+01   -.9026E+01   -.9034E+01   -.9040E+01   -.9050E+01   -.9058E+01   -.9070E+01   -.9080E+01   -.9094E+01   -.9106E+01
0.1733E+01   -.9000E+01   -.9000E+01   -.8999E+01   -.8999E+01   -.8998E+01   -.8998E+01   -.8997E+01   -.8997E+01   -.8996E+01   -.8996E+01   -.8995E+01   -.8995E+01   -.8994E+01   -.8994E+01   -.8993E+01   -.8992E+01   -.8992E+01   -.8991E+01   -.8990E+01   -.8990E+01   -.8989E+01   -.8988E+01   -.8988E+01   -.8987E+01   -.8986E+01   -.8986E+01   -.8985E+01   -.8984E+01   -.8984E+01   -.8983E+01   -.8982E+01   -.8981E+01   -.8981E+01   -.8980E+01   -.8979E+01   -.8979E+01   -.8978E+01   -.8977E+01   -.8977E+01   -.8976E+01   -.8975E+01   -.8975E+01   -.8974E+01   -.8973E+01   -.8973E+01   -.8972E+01   -.8972E+01   -.8971E+01   -.8970E+01   -.8970E+01   -.8969E+01   -.8969E+01   -.8968E+01   -.8968E+01   -.8968E+01   -.8967E+01   -.8967E+01   -.8967E+01   -.8967E+01   -.8967E+01   -.8966E+01   -.8966E+01   -.8967E+01   -.8967E+01   -.8967E+01   -.8967E+01   -.8968E+01   -.8968E+01   -.8969E+01   -.8970E+01   -.8971E+01   -.8972E+01   -.8973E+01   -.8974E+01   -.8976E+01   -.8978E+01   -.8980E+01   -.8982E+01   -.8984E+01   -.8987E+01   -.8990E+01   -.8993E+01   -.8996E+01   -.9000E+01   -.9004E+01   -.9009E+01   -.9014E+01   -.9019E+01   -.9026E+01   -.9032E+01   -.9040E+01   -.9048E+01   -.9057E+01   -.9066E+01   -.9077E+01   -.9088E+01   -.9102E+01   -.9116E+01
0.1950E+01   -.9000E+01   -.9000E+01   -.8999E+01   -.8999E+01   -.8998E+01   -.8998E+01   -.8998E+01   -.8997E+01   -.8997E+01   -.8996E+01   -.8996E+01   -.8995E+01   -.8994E+01   -.8994E+01   -.8993E+01   -.8993E+01   -.8992E+01   -.8991E+01   -.8991E+01   -.8990E+01   -.8989E+01   -.8989E+01   -.8988E+01   -.8988E+01   -.8987E+01   -.8986E+01   -.8986E+01   -.8985E+01   -.8984E+01   -.8984E+01   -.8983E+01   -.8982E+01   -.8982E+01   -.8981E+01   -.8980E+01   -.8980E+01   -.8979E+01   -.8978E+01   -.8978E+01   -.8977E+01   -.8976E+01   -.8976E+01   -.8975E+01   -.8975E+01   -.8974E+01   -.8973E+01   -.8973E+01   -.8972E+01   -.8972E+01   -.8972E+01   -.8971E+01   -.8971E+01   -.8970E+01   -.8970E+01   -.8970E+01   -.8969E+01   -.8969E+01   -.8969E+01   -.8969E+01   -.8969E+01   -.8969E+01   -.8969E+01   -.8969E+01   -.8969E+01   -.8970E+01   -.8970E+01   -.8971E+01   -.8971E+01   -.8972E+01   -.8973E+01   -.8974E+01   -.8975E+01   -.8976E+01   -.8978E+01   -.8980E+01   -.8981E+01   -.8983E+01   -.8986E+01   -.8988E+01   -.8991E+01   -.8994E+01   -.8997E+01   -.9001E+01   -.9005E+01   -.9010E+01   -.9014E+01   -.9020E+01   -.9025E+01   -.9032E+01   -.9039E+01   -.9046E+01   -.9055E+01   -.9064E+01   -.9074E+01   -.9085E+01   -.9097E+01   -.9110E+01   -.9125E+01
0.2167E+01   -.9000E+01   -.9000E+01   -.8999E+01   -.8999E+01   -.8999E+01   -.8998E+01   -.8998E+01   -.8997E+01   -.8997E+01   -.8996E+01   -.8996E+01   -.8995E+01   -.8995E+01   -.8994E+01   -.8993E+01   -.8993E+01   -.8992E+01   -.8992E+01   -.8991E+01   -.8991E+01   -.8990E+01   -.8989E+01   -.8989E+01   -.8988E+01   -.8987E+01   -.8987E+01   -.8986E+01   -.8986E+01   -.8985E+01   -.8984E+01   -.8984E+01   -.8983E+01   -.8982E+01   -.8982E+01   -.8981E+01   -.8980E+01   -.8980E+01   -.8979E+01   -.8979E+01   -.8978E+01   -.8977E+01   -.8977E+01   -.8976E+01   -.8976E+01   -.8975E+01   -.8975E+01   -.8974E+01   -.8974E+01   -.8974E+01   -.8973E+01   -.8973E+01   -.8973E+01   -.8972E+01   -.8972E+01   -.8971E+01   -.8971E+01   -.8971E+01   -.8971E+01   -.8971E+01   -.8971E+01   -.8971E+01   -.8971E+01   -.8972E+01   -.8972E+01   -.8972E+01   -.8973E+01   -.8973E+01   -.8974E+01   -.8975E+01   -.8976E+01   -.8977E+01   -.8978E+01   -.8980E+01   -.8981E+01   -.8983E+01   -.8985E+01   -.8987E+01   -.8990E+01   -.8992E+01   -.8995E+01   -.8998E+01   -.9002E+01   -.9006E+01   -.9010E+01   -.9015E+01   -.9020E+01   -.9025E+01   -.9031E+01   -.9038E+01   -.9045E+01   -.9053E+01   -.9062E+01   -.9071E+01   -.9082E+01   -.9092E+01   -.9106E+01   -.9119E+01   -.9135E+01
0.2383E+01   -.9000E+01   -.9000E+01   -.8999E+01   -.8999E+01   -.8999E+01   -.8998E+01   -.8998E+01   -.8997E+01   -.8997E+01   -.8996E+01   -.8996E+01   -.8995E+01   -.8995E+01   -.8994E+01   -.8994E+01   -.8993E+01   -.8993E+01   -.8992E+01   -.8992E+01   -.8991E+01   -.8990E+01   -.8990E+01   -.8989E+01   -.8989E+01   -.8988E+01   -.8987E+01   -.8987E+01   -.8986E+01   -.8986E+01   -.8985E+01   -.8984E+01   -.8984E+01   -.8983E+01   -.8983E+01   -.8982E+01   -.8981E+01   -.8981E+01   -.8980E+01   -.8980E+01   -.8979E+01   -.8979E+01   -.8978E+01   -.8978E+01   -.8977E+01   -.8977E+01   -.8976E+01   -.8976E+01   -.8975E+01   -.8975E+01   -.8975E+01   -.8974E+01   -.8974E+01   -.8974E+01   -.8974E+01   -.8973E+01   -.8973E+01   -.8973E+01   -.8973E+01   -.8973E+01   -.8973E+01   -.8974E+01   -.8974E+01   -.8974E+01   -.8975E+01   -.8975E+01   -.8976E+01   -.8976E+01   -.8977E+01   -.8978E+01   -.8979E+01   -.8980E+01   -.8982E+01   -.8983E+01   -.8985E+01   -.8987E+01   -.8989E+01   -.8991E+01   -.8994E+01   -.8997E+01   -.9000E+01   -.9003E+01   -.9007E+01   -.9011E+01   -.9015E+01   -.9020E+01   -.9025E+01   -.9031E+01   -.9037E+01   -.9043E+01   -.9052E+01   -.9059E+01   -.9069E+01   -.9078E+01   -.9089E+01   -.9100E+01   -.9114E+01   -.9127E+01   -.9145E+01
0.2600E+01   -.9000E+01   -.9000E+01   -.8999E+01   -.8999E+01   -.8999E+01   -.8998E+01   -.8998E+01   -.8997E+01   -.8997E+01   -.8997E+01   -.8996E+01   -.8996E+01   -.8995E+01   -.8995E+01   -.8994E+01   -.8993E+01   -.8993E+01   -.8992E+01   -.8992E+01   -.8991E+01   -.8991E+01   -.8990E+01   -.8990E+01   -.8989E+01   -.8988E+01   -.8988E+01   -.8987E+01   -.8987E+01   -.8986E+01   -.8986E+01   -.8985E+01   -.8984E+01   -.8984E+01   -.8983E+01   -.8983E+01   -.8982E+01   -.8982E+01   -.8981E+01   -.8981E+01   -.8980E+01   -.8980E+01   -.8979E+01   -.8979E+01   -.8978E+01   -.8978E+01   -.8978E+01   -.8977E+01   -.8977E+01   -.8977E+01   -.8976E+01   -.8976E+01   -.8976E+01   -.8976E+01   -.8975E+01   -.8975E+01   -.8975E+01   -.8975E+01   -.8975E+01   -.8975E+01   -.8976E+01   -.8976E+01   -.8976E+01   -.8976E+01   -.8977E+01   -.8978E+01   -.8978E+01   -.8979E+01   -.8980E+01   -.8981E+01   -.8982E+01   -.8984E+01   -.8985E+01   -.8987E+01   -.8989E+01   -.8990E+01   -.8993E+01   -.8995E+01   -.8998E+01   -.9001E+01   -.9004E+01   -.9007E+01   -.9011E+01   -.9015E+01   -.9020E+01   -.9025E+01   -.9031E+01   -.9036E+01   -.9043E+01   -.9049E+01   -.9058E+01   -.9066E+01   -.9076E+01   -.9085E+01   -.9097E+01   -.9108E+01   -.9123E+01   -.9136E+01   -.9155E+01
0.2817E+01   -.9000E+01   -.9000E+01   -.8999E+01   -.8999E+01   -.8999E+01   -.8998E+01   -.8998E+01   -.8998E+01   -.8997E+01   -.8997E+01   -.8996E+01   -.8996E+01   -.8995E+01   -.8995E+01   -.8994E+01   -.8994E+01   -.8993E+01   -.8993E+01   -.8992E+01   -.8992E+01   -.8991E+01   -.8991E+01   -.8990E+01   -.8989E+01   -.8989E+01   -.8988E+01   -.8988E+01   -.8987E+01   -.8987E+01   -.8986E+01   -.8986E+01   -.8985E+01   -.8985E+01   -.8984E+01   -.8984E+01   -.8983E+01   -.8983E+01   -.8982E+01   -.8982E+01   -.8981E+01   -.8981E+01   -.8980E+01   -.8980E+01   -.8979E+01   -.8979E+01   -.8979E+01   -.8978E+01   -.8978E+01   -.8978E+01   -.8978E+01   -.8977E+01   -.8977E+01   -.8977E+01   -.8977E+01   -.8977E+01   -.8977E+01   -.8977E+01   -.8977E+01   -.8977E+01   -.8978E+01   -.8978E+01   -.8978E+01   -.8979E+01   -.8979E+01   -.8980E+01   -.8981E+01   -.8982E+01   -.8983E+01   -.8984E+01   -.8985E+01   -.8987E+01   -.8988E+01   -.8990E+01   -.8992E+01   -.8994E+01   -.8996E+01   -.8999E+01   -.9002E+01   -.9005E+01   -.9008E+01   -.9012E+01   -.9016E+01   -.9020E+01   -.9025E+01   -.9030E+01   -.9036E+01   -.9042E+01   -.9049E+01   -.9056E+01   -.9064E+01   -.9072E+01   -.9083E+01   -.9093E+01   -.9105E+01   -.9117E+01   -.9132E+01   -.9147E+01   -.9165E+01
0.3033E+01   -.9000E+01   -.9000E+01   -.8999E+01   -.8999E+01   -.8999E+01   -.8998E+01   -.8998E+01   -.8998E+01   -.8997E+01   -.8997E+01   -.8996E+01   -.8996E+01   -.8995E+01   -.8995E+01   -.8994E+01   -.8994E+01   -.8993E+01   -.8993E+01   -.8992E+01   -.8992E+01   -.8991E+01   -.8991E+01   -.8990E+01   -.8990E+01   -.8989E+01   -.8989E+01   -.8988E+01   -.8988E+01   -.8987E+01   -.8987E+01   -.8986E+01   -.8986E+01   -.8985E+01   -.8985E+01   -.8984E+01   -.8984E+01   -.8983E+01   -.8983E+01   -.8983E+01   -.8982E+01   -.8982E+01   -.8981E+01   -.8981E+01   -.8981E+01   -.8980E+01   -.8980E+01   -.8980E+01   -.8980E+01   -.8979E+01   -.8979E+01   -.8979E+01   -.8979E+01   -.8979E+01   -.8979E+01   -.8979E+01   -.8979E+01   -.8979E+01   -.8979E+01   -.8979E+01   -.8980E+01   -.8980E+01   -.8981E+01   -.8981E+01   -.8982E+01   -.8982E+01   -.8983E+01   -.8984E+01   -.8985E+01   -.8987E+01   -.8988E+01   -.8990E+01   -.8991E+01   -.8993E+01   -.8995E+01   -.8997E+01   -.9000E+01   -.9002E+01   -.9005E+01   -.9009E+01   -.9012E+01   -.9016E+01   -.9020E+01   -.9025E+01   -.9030E+01   -.9035E+01   -.9041E+01   -.9047E+01   -.9054E+01   -.9062E+01   -.9070E+01   -.9079E+01   -.9089E+01   -.9100E+01   -.9112E+01   -.9126E+01   -.9141E+01   -.9157E+01   -.9175E+01
0.3250E+01   -.9000E+01   -.9000E+01   -.8999E+01   -.8999E+01   -.8999E+01   -.8999E+01   -.8998E+01   -.8998E+01   -.8997E+01   -.8997E+01   -.8996E+01   -.8996E+01   -.8996E+01   -.8995E+01   -.8995E+01   -.8994E+01   -.8994E+01   -.8993E+01   -.8993E+01   -.8992E+01   -.8992E+01   -.8991E+01   -.8991E+01   -.8990E+01   -.8990E+01   -.8989E+01   -.8989E+01   -.8988E+01   -.8988E+01   -.8987E+01   -.8987E+01   -.8986E+01   -.8986E+01   -.8986E+01   -.8985E+01   -.8985E+01   -.8984E+01   -.8984E+01   -.8983E+01   -.8983E+01   -.8983E+01   -.8982E+01   -.8982E+01   -.8982E+01   -.8981E+01   -.8981E+01   -.8981E+01   -.8981E+01   -.8981E+01   -.8981E+01   -.8980E+01   -.8980E+01   -.8980E+01   -.8980E+01   -.8980E+01   -.8981E+01   -.8981E+01   -.8981E+01   -.8981E+01   -.8982E+01   -.8982E+01   -.8983E+01   -.8983E+01   -.8984E+01   -.8985E+01   -.8986E+01   -.8987E+01   -.8988E+01   -.8989E+01   -.8991E+01   -.8993E+01   -.8994E+01   -.8996E+01   -.8998E+01   -.9001E+01   -.9003E+01   -.9006E+01   -.9009E+01   -.9013E+01   -.9016E+01   -.9020E+01   -.9024E+01   -.9029E+01   -.9034E+01   -.9040E+01   -.9046E+01   -.9053E+01   -.9060E+01   -.9068E+01   -.9076E+01   -.9086E+01   -.9096E+01   -.9108E+01   -.9120E+01   -.9135E+01   -.9150E+01   -.9167E+01   -.9186E+01
0.3467E+01   -.9000E+01   -.9000E+01   -.8999E+01   -.8999E+01   -.8999E+01   -.8999E+01   -.8998E+01   -.8998E+01   -.8997E+01   -.8997E+01   -.8997E+01   -.8996E+01   -.8996E+01   -.8995E+01   -.8995E+01   -.8994E+01   -.8994E+01   -.8994E+01   -.8993E+01   -.8993E+01   -.8992E+01   -.8992E+01   -.8991E+01   -.8991E+01   -.8990E+01   -.8990E+01   -.8989E+01   -.8989E+01   -.8988E+01   -.8988E+01   -.8988E+01   -.8987E+01   -.8987E+01   -.8986E+01   -.8986E+01   -.8985E+01   -.8985E+01   -.8985E+01   -.8984E+01   -.8984E+01   -.8984E+01   -.8983E+01   -.8983E+01   -.8983E+01   -.8983E+01   -.8982E+01   -.8982E+01   -.8982E+01   -.8982E+01   -.8982E+01   -.8982E+01   -.8982E+01   -.8982E+01   -.8982E+01   -.8982E+01   -.8982E+01   -.8983E+01   -.8983E+01   -.8983E+01   -.8984E+01   -.8984E+01   -.8985E+01   -.8986E+01   -.8986E+01   -.8987E+01   -.8988E+01   -.8990E+01   -.8991E+01   -.8992E+01   -.8994E+01   -.8996E+01   -.8997E+01   -.9000E+01   -.9002E+01   -.9004E+01   -.9007E+01   -.9010E+01   -.9013E+01   -.9017E+01   -.9020E+01   -.9025E+01   -.9029E+01   -.9034E+01   -.9039E+01   -.9045E+01   -.9051E+01   -.9058E+01   -.9065E+01   -.9074E+01   -.9082E+01   -.9093E+01   -.9103E+01   -.9116E+01   -.9128E+01   -.9143E+01   -.9158E+01   -.9178E+01   -.9196E+01
0.3683E+01   -.9000E+01   -.9000E+01   -.9000E+01   -.8999E+01   -.8999E+01   -.8999E+01   -.8998E+01   -.8998E+01   -.8998E+01   -.8997E+01   -.8997E+01   -.8996E+01   -.8996E+01   -.8996E+01   -.8995E+01   -.8995E+01   -.8994E+01   -.8994E+01   -.8993E+01   -.8993E+01   -.8992E+01   -.8992E+01   -.8992E+01   -.8991E+01   -.8991E+01   -.8990E+01   -.8990E+01   -.8989E+01   -.8989E+01   -.8989E+01   -.8988E+01   -.8988E+01   -.8987E+01   -.8987E+01   -.8987E+01   -.8986E+01   -.8986E+01   -.8986E+01   -.8985E+01   -.8985E+01   -.8985E+01   -.8984E+01   -.8984E+01   -.8984E+01   -.8984E+01   -.8984E+01   -.8984E+01   -.8983E+01   -.8983E+01   -.8983E+01   -.8983E+01   -.8983E+01   -.8983E+01   -.8984E+01   -.8984E+01   -.8984E+01   -.8984E+01   -.8985E+01   -.8985E+01   -.8986E+01   -.8986E+01   -.8987E+01   -.8988E+01   -.8989E+01   -.8990E+01   -.8991E+01   -.8992E+01   -.8993E+01   -.8995E+01   -.8997E+01   -.8999E+01   -.9000E+01   -.9003E+01   -.9005E+01   -.9008E+01   -.9010E+01   -.9014E+01   -.9017E+01   -.9021E+01   -.9024E+01   -.9029E+01   -.9033E+01   -.9039E+01   -.9044E+01   -.9050E+01   -.9056E+01   -.9064E+01   -.9071E+01   -.9080E+01   -.9089E+01   -.9100E+01   -.9111E+01   -.9124E+01   -.9137E+01   -.9153E+01   -.9169E+01   -.9189E+01   -.9209E+01
0.3900E+01   -.9000E+01   -.9000E+01   -.9000E+01   -.8999E+01   -.8999E+01   -.8999E+01   -.8998E+01   -.8998E+01   -.8998E+01   -.8997E+01   -.8997E+01   -.8997E+01   -.8996E+01   -.8996E+01   -.8995E+01   -.8995E+01   -.8994E+01   -.8994E+01   -.8994E+01   -.8993E+01   -.8993E+01   -.8992E+01   -.8992E+01   -.8992E+01   -.8991E+01   -.8991E+01   -.8990E+01   -.8990E+01   -.8990E+01   -.8989E+01   -.8989E+01   -.8988E+01   -.8988E+01   -.8988E+01   -.8987E+01   -.8987E+01   -.8987E+01   -.8986E+01   -.8986E+01   -.8986E+01   -.8986E+01   -.8985E+01   -.8985E+01   -.8985E+01   -.8985E+01   -.8985E+01   -.8985E+01   -.8985E+01   -.8985E+01   -.8985E+01   -.8985E+01   -.8985E+01   -.8985E+01   -.8985E+01   -.8985E+01   -.8986E+01   -.8986E+01   -.8987E+01   -.8987E+01   -.8988E+01   -.8988E+01   -.8989E+01   -.8990E+01   -.8991E+01   -.8992E+01   -.8993E+01   -.8995E+01   -.8996E+01   -.8998E+01   -.8999E+01   -.9001E+01   -.9003E+01   -.9006E+01   -.9008E+01   -.9011E+01   -.9014E+01   -.9017E+01   -.9021E+01   -.9025E+01   -.9029E+01   -.9033E+01   -.9038E+01   -.9043E+01   -.9049E+01   -.9055E+01   -.9062E+01   -.9070E+01   -.9078E+01   -.9087E+01   -.9096E+01   -.9108E+01   -.9119E+01   -.9133E+01   -.9147E+01   -.9163E+01   -.9181E+01   -.9201E+01   -.9224E+01
0.4117E+01   -.9000E+01   -.9000E+01   -.9000E+01   -.8999E+01   -.8999E+01   -.8999E+01   -.8998E+01   -.8998E+01   -.8998E+01   -.8997E+01   -.8997E+01   -.8997E+01   -.8996E+01   -.8996E+01   -.8996E+01   -.8995E+01   -.8995E+01   -.8994E+01   -.8994E+01   -.8994E+01   -.8993E+01   -.8993E+01   -.8992E+01   -.8992E+01   -.8992E+01   -.8991E+01   -.8991E+01   -.8990E+01   -.8990E+01   -.8990E+01   -.8989E+01   -.8989E+01   -.8989E+01   -.8988E+01   -.8988E+01   -.8988E+01   -.8987E+01   -.8987E+01   -.8987E+01   -.8987E+01   -.8986E+01   -.8986E+01   -.8986E+01   -.8986E+01   -.8986E+01   -.8986E+01   -.8986E+01   -.8986E+01   -.8986E+01   -.8986E+01   -.8986E+01   -.8986E+01   -.8986E+01   -.8987E+01   -.8987E+01   -.8987E+01   -.8988E+01   -.8988E+01   -.8989E+01   -.8990E+01   -.8990E+01   -.8991E+01   -.8992E+01   -.8993E+01   -.8994E+01   -.8996E+01   -.8997E+01   -.8999E+01   -.9000E+01   -.9002E+01   -.9004E+01   -.9007E+01   -.9009E+01   -.9012E+01   -.9014E+01   -.9018E+01   -.9021E+01   -.9025E+01   -.9029E+01   -.9033E+01   -.9038E+01   -.9043E+01   -.9048E+01   -.9054E+01   -.9061E+01   -.9068E+01   -.9076E+01   -.9084E+01   -.9093E+01   -.9104E+01   -.9115E+01   -.9127E+01   -.9141E+01   -.9156E+01   -.9173E+01   -.9193E+01   -.9214E+01   -.9238E+01
0.4333E+01   -.9000E+01   -.9000E+01   -.9000E+01   -.8999E+01   -.8999E+01   -.8999E+01   -.8999E+01   -.8998E+01   -.8998E+01   -.8998E+01   -.8997E+01   -.8997E+01   -.8996E+01   -.8996E+01   -.8996E+01   -.8995E+01   -.8995E+01   -.8995E+01   -.8994E+01   -.8994E+01   -.8993E+01   -.8993E+01   -.8993E+01   -.8992E+01   -.8992E+01   -.8992E+01   -.8991E+01   -.8991E+01   -.8991E+01   -.8990E+01   -.8990E+01   -.8990E+01   -.8989E+01   -.8989E+01   -.8989E+01   -.8988E+01   -.8988E+01   -.8988E+01   -.8988E+01   -.8988E+01   -.8987E+01   -.8987E+01   -.8987E+01   -.8987E+01   -.8987E+01   -.8987E+01   -.8987E+01   -.8987E+01   -.8987E+01   -.8987E+01   -.8988E+01   -.8988E+01   -.8988E+01   -.8988E+01   -.8989E+01   -.8989E+01   -.8990E+01   -.8990E+01   -.8991E+01   -.8992E+01   -.8992E+01   -.8993E+01   -.8994E+01   -.8996E+01   -.8997E+01   -.8998E+01   -.9000E+01   -.9001E+01   -.9003E+01   -.9005E+01   -.9007E+01   -.9010E+01   -.9012E+01   -.9015E+01   -.9018E+01   -.9021E+01   -.9025E+01   -.9028E+01   -.9033E+01   -.9037E+01   -.9042E+01   -.9047E+01   -.9053E+01   -.9059E+01   -.9066E+01   -.9074E+01   -.9081E+01   -.9091E+01   -.9100E+01   -.9111E+01   -.9122E+01   -.9136E+01   -.9150E+01   -.9166E+01   -.9184E+01   -.9204E+01   -.9226E+01   -.9253E+01
0.4550E+01   -.9000E+01   -.9000E+01   -.9000E+01   -.8999E+01   -.8999E+01   -.8999E+01   -.8999E+01   -.8998E+01   -.8998E+01   -.8998E+01   -.8997E+01   -.8997E+01   -.8997E+01   -.8996E+01   -.8996E+01   -.8996E+01   -.8995E+01   -.8995E+01   -.8994E+01   -.8994E+01   -.8994E+01   -.8993E+01   -.8993E+01   -.8993E+01   -.8992E+01   -.8992E+01   -.8992E+01   -.8991E+01   -.8991E+01   -.8991E+01   -.8990E+01   -.8990E+01   -.8990E+01   -.8990E+01   -.8989E+01   -.8989E+01   -.8989E+01   -.8989E+01   -.8989E+01   -.8988E+01   -.8988E+01   -.8988E+01   -.8988E+01   -.8988E+01   -.8988E+01   -.8988E+01   -.8988E+01   -.8988E+01   -.8988E+01   -.8989E+01   -.8989E+01   -.8989E+01   -.8989E+01   -.8990E+01   -.8990E+01   -.8991E+01   -.8991E+01   -.8992E+01   -.8993E+01   -.8994E+01   -.8994E+01   -.8995E+01   -.8997E+01   -.8998E+01   -.8999E+01   -.9001E+01   -.9002E+01   -.9004E+01   -.9006E+01   -.9008E+01   -.9010E+01   -.9013E+01   -.9015E+01   -.9018E+01   -.9021E+01   -.9025E+01   -.9028E+01   -.9032E+01   -.9037E+01   -.9041E+01   -.9046E+01   -.9052E+01   -.9058E+01   -.9064E+01   -.9071E+01   -.9079E+01   -.9087E+01   -.9097E+01   -.9107E+01   -.9119E+01   -.9130E+01   -.9145E+01   -.9159E+01   -.9177E+01   -.9195E+01   -.9217E+01   -.9240E+01   -.9269E+01
0.4767E+01   -.9000E+01   -.9000E+01   -.9000E+01   -.8999E+01   -.8999E+01   -.8999E+01   -.8999E+01   -.8998E+01   -.8998E+01   -.8998E+01   -.8997E+01   -.8997E+01   -.8997E+01   -.8996E+01   -.8996E+01   -.8996E+01   -.8995E+01   -.8995E+01   -.8995E+01   -.8994E+01   -.8994E+01   -.8994E+01   -.8993E+01   -.8993E+01   -.8993E+01   -.8992E+01   -.8992E+01   -.8992E+01   -.8992E+01   -.8991E+01   -.8991E+01   -.8991E+01   -.8990E+01   -.8990E+01   -.8990E+01   -.8990E+01   -.8990E+01   -.8990E+01   -.8989E+01   -.8989E+01   -.8989E+01   -.8989E+01   -.8989E+01   -.8989E+01   -.8989E+01   -.8989E+01   -.8989E+01   -.8989E+01   -.8990E+01   -.8990E+01   -.8990E+01   -.8991E+01   -.8991E+01   -.8991E+01   -.8992E+01   -.8992E+01   -.8993E+01   -.8994E+01   -.8995E+01   -.8995E+01   -.8996E+01   -.8998E+01   -.8999E+01   -.9000E+01   -.9001E+01   -.9003E+01   -.9005E+01   -.9007E+01   -.9009E+01   -.9011E+01   -.9013E+01   -.9016E+01   -.9018E+01   -.9022E+01   -.9025E+01   -.9028E+01   -.9032E+01   -.9036E+01   -.9041E+01   -.9046E+01   -.9051E+01   -.9057E+01   -.9063E+01   -.9070E+01   -.9077E+01   -.9086E+01   -.9094E+01   -.9104E+01   -.9115E+01   -.9127E+01   -.9140E+01   -.9154E+01   -.9170E+01   -.9189E+01   -.9209E+01   -.9232E+01   -.9258E+01   -.9288E+01
0.4983E+01   -.9000E+01   -.9000E+01   -.9000E+01   -.8999E+01   -.8999E+01   -.8999E+01   -.8999E+01   -.8998E+01   -.8998E+01   -.8998E+01   -.8998E+01   -.8997E+01   -.8997E+01   -.8997E+01   -.8996E+01   -.8996E+01   -.8996E+01   -.8995E+01   -.8995E+01   -.8995E+01   -.8994E+01   -.8994E+01   -.8994E+01   -.8993E+01   -.8993E+01   -.8993E+01   -.8993E+01   -.8992E+01   -.8992E+01   -.8992E+01   -.8992E+01   -.8991E+01   -.8991E+01   -.8991E+01   -.8991E+01   -.8991E+01   -.8990E+01   -.8990E+01   -.8990E+01   -.8990E+01   -.8990E+01   -.8990E+01   -.8990E+01   -.8990E+01   -.8990E+01   -.8990E+01   -.8990E+01   -.8991E+01   -.8991E+01   -.8991E+01   -.8992E+01   -.8992E+01   -.8992E+01   -.8993E+01   -.8993E+01   -.8994E+01   -.8995E+01   -.8995E+01   -.8996E+01   -.8997E+01   -.8998E+01   -.9000E+01   -.9001E+01   -.9002E+01   -.9004E+01   -.9005E+01   -.9007E+01   -.9009E+01   -.9011E+01   -.9014E+01   -.9016E+01   -.9019E+01   -.9022E+01   -.9025E+01   -.9028E+01   -.9032E+01   -.9036E+01   -.9040E+01   -.9045E+01   -.9050E+01   -.9056E+01   -.9062E+01   -.9068E+01   -.9075E+01   -.9083E+01   -.9092E+01   -.9101E+01   -.9111E+01   -.9123E+01   -.9135E+01   -.9149E+01   -.9164E+01   -.9181E+01   -.9201E+01   -.9222E+01   -.9247E+01   -.9275E+01   -.9308E+01
0.5200E+01   -.9000E+01   -.9000E+01   -.9000E+01   -.9000E+01   -.8999E+01   -.8999E+01   -.8999E+01   -.8999E+01   -.8998E+01   -.8998E+01   -.8998E+01   -.8997E+01   -.8997E+01   -.8997E+01   -.8996E+01   -.8996E+01   -.8996E+01   -.8996E+01   -.8995E+01   -.8995E+01   -.8995E+01   -.8994E+01   -.8994E+01   -.8994E+01   -.8994E+01   -.8993E+01   -.8993E+01   -.8993E+01   -.8992E+01   -.8992E+01   -.8992E+01   -.8992E+01   -.8992E+01   -.8991E+01   -.8991E+01   -.8991E+01   -.8991E+01   -.8991E+01   -.8991E+01   -.8991E+01   -.8991E+01   -.8991E+01   -.8991E+01   -.8991E+01   -.8991E+01   -.8991E+01   -.8992E+01   -.8992E+01   -.8992E+01   -.8992E+01   -.8993E+01   -.8993E+01   -.8994E+01   -.8994E+01   -.8995E+01   -.8996E+01   -.8996E+01   -.8997E+01   -.8998E+01   -.8999E+01   -.9000E+01   -.9002E+01   -.9003E+01   -.9005E+01   -.9006E+01   -.9008E+01   -.9010E+01   -.9012E+01   -.9014E+01   -.9016E+01   -.9019E+01   -.9022E+01   -.9025E+01   -.9028E+01   -.9032E+01   -.9036E+01   -.9040E+01   -.9044E+01   -.9049E+01   -.9055E+01   -.9060E+01   -.9067E+01   -.9074E+01   -.9081E+01   -.9089E+01   -.9098E+01   -.9108E+01   -.9118E+01   -.9130E+01   -.9143E+01   -.9158E+01   -.9174E+01   -.9193E+01   -.9213E+01   -.9236E+01   -.9262E+01   -.9293E+01   -.9327E+01
0.5417E+01   -.9000E+01   -.9000E+01   -.9000E+01   -.9000E+01   -.8999E+01   -.8999E+01   -.8999E+01   -.8999E+01   -.8998E+01   -.8998E+01   -.8998E+01   -.8998E+01   -.8997E+01   -.8997E+01   -.8997E+01   -.8996E+01   -.8996E+01   -.8996E+01   -.8995E+01   -.8995E+01   -.8995E+01   -.8995E+01   -.8994E+01   -.8994E+01   -.8994E+01   -.8994E+01   -.8993E+01   -.8993E+01   -.8993E+01   -.8993E+01   -.8993E+01   -.8992E+01   -.8992E+01   -.8992E+01   -.8992E+01   -.8992E+01   -.8992E+01   -.8992E+01   -.8992E+01   -.8992E+01   -.8992E+01   -.8992E+01   -.8992E+01   -.8992E+01   -.8992E+01   -.8992E+01   -.8993E+01   -.8993E+01   -.8993E+01   -.8994E+01   -.8994E+01   -.8995E+01   -.8995E+01   -.8996E+01   -.8996E+01   -.8997E+01   -.8998E+01   -.8999E+01   -.9000E+01   -.9001E+01   -.9002E+01   -.9004E+01   -.9005E+01   -.9007E+01   -.9008E+01   -.9010E+01   -.9012E+01   -.9014E+01   -.9017E+01   -.9019E+01   -.9022E+01   -.9025E+01   -.9028E+01   -.9032E+01   -.9035E+01   -.9039E+01   -.9044E+01   -.9049E+01   -.9054E+01   -.9059E+01   -.9065E+01   -.9072E+01   -.9079E+01   -.9087E+01   -.9095E+01   -.9105E+01   -.9115E+01   -.9126E+01   -.9139E+01   -.9153E+01   -.9168E+01   -.9185E+01   -.9205E+01   -.9227E+01   -.9252E+01   -.9280E+01   -.9313E+01   -.9351E+01
0.5633E+01   -.9000E+01   -.9000E+01   -.9000E+01   -.9000E+01   -.8999E+01   -.8999E+01   -.8999E+01   -.8999E+01   -.8998E+01   -.8998E+01   -.8998E+01   -.8998E+01   -.8997E+01   -.8997E+01   -.8997E+01   -.8997E+01   -.8996E+01   -.8996E+01   -.8996E+01   -.8995E+01   -.8995E+01   -.8995E+01   -.8995E+01   -.8994E+01   -.8994E+01   -.8994E+01   -.8994E+01   -.8994E+01   -.8993E+01   -.8993E+01   -.8993E+01   -.8993E+01   -.8993E+01   -.8993E+01   -.8993E+01   -.8993E+01   -.8993E+01   -.8992E+01   -.8992E+01   -.8993E+01   -.8993E+01   -.8993E+01   -.8993E+01   -.8993E+01   -.8993E+01   -.8994E+01   -.8994E+01   -.8994E+01   -.8995E+01   -.8995E+01   -.8996E+01   -.8996E+01   -.8997E+01   -.8997E+01   -.8998E+01   -.8999E+01   -.9000E+01   -.9001E+01   -.9002E+01   -.9003E+01   -.9004E+01   -.9006E+01   -.9007E+01   -.9009E+01   -.9011E+01   -.9013E+01   -.9015E+01   -.9017E+01   -.9020E+01   -.9022E+01   -.9025E+01   -.9028E+01   -.9032E+01   -.9035E+01   -.9039E+01   -.9043E+01   -.9048E+01   -.9053E+01   -.9058E+01   -.9064E+01   -.9070E+01   -.9077E+01   -.9085E+01   -.9093E+01   -.9102E+01   -.9112E+01   -.9123E+01   -.9135E+01   -.9148E+01   -.9163E+01   -.9179E+01   -.9198E+01   -.9219E+01   -.9242E+01   -.9270E+01   -.9301E+01   -.9337E+01   -.9379E+01
0.5850E+01   -.9000E+01   -.9000E+01   -.9000E+01   -.9000E+01   -.8999E+01   -.8999E+01   -.8999E+01   -.8999E+01   -.8999E+01   -.8998E+01   -.8998E+01   -.8998E+01   -.8998E+01   -.8997E+01   -.8997E+01   -.8997E+01   -.8996E+01   -.8996E+01   -.8996E+01   -.8996E+01   -.8995E+01   -.8995E+01   -.8995E+01   -.8995E+01   -.8995E+01   -.8994E+01   -.8994E+01   -.8994E+01   -.8994E+01   -.8994E+01   -.8994E+01   -.8993E+01   -.8993E+01   -.8993E+01   -.8993E+01   -.8993E+01   -.8993E+01   -.8993E+01   -.8993E+01   -.8993E+01   -.8993E+01   -.8994E+01   -.8994E+01   -.8994E+01   -.8994E+01   -.8995E+01   -.8995E+01   -.8995E+01   -.8996E+01   -.8996E+01   -.8997E+01   -.8997E+01   -.8998E+01   -.8999E+01   -.9000E+01   -.9000E+01   -.9001E+01   -.9003E+01   -.9004E+01   -.9005E+01   -.9006E+01   -.9008E+01   -.9010E+01   -.9011E+01   -.9013E+01   -.9015E+01   -.9017E+01   -.9020E+01   -.9022E+01   -.9025E+01   -.9028E+01   -.9031E+01   -.9035E+01   -.9039E+01   -.9043E+01   -.9047E+01   -.9052E+01   -.9057E+01   -.9063E+01   -.9069E+01   -.9076E+01   -.9083E+01   -.9091E+01   -.9099E+01   -.9109E+01   -.9119E+01   -.9131E+01   -.9143E+01   -.9157E+01   -.9173E+01   -.9191E+01   -.9210E+01   -.9233E+01   -.9258E+01   -.9288E+01   -.9321E+01   -.9361E+01   -.9407E+01
0.6067E+01   -.9000E+01   -.9000E+01   -.9000E+01   -.9000E+01   -.8999E+01   -.8999E+01   -.8999E+01   -.8999E+01   -.8999E+01   -.8998E+01   -.8998E+01   -.8998E+01   -.8998E+01   -.8997E+01   -.8997E+01   -.8997E+01   -.8997E+01   -.8996E+01   -.8996E+01   -.8996E+01   -.8996E+01   -.8996E+01   -.8995E+01   -.8995E+01   -.8995E+01   -.8995E+01   -.8995E+01   -.8994E+01   -.8994E+01   -.8994E+01   -.8994E+01   -.8994E+01   -.8994E+01   -.8994E+01   -.8994E+01   -.8994E+01   -.8994E+01   -.8994E+01   -.8994E+01   -.8994E+01   -.8994E+01   -.8994E+01   -.8995E+01   -.8995E+01   -.8995E+01   -.8996E+01   -.8996E+01   -.8996E+01   -.8997E+01   -.8998E+01   -.8998E+01   -.8999E+01   -.8999E+01   -.9000E+01   -.9001E+01   -.9002E+01   -.9003E+01   -.9004E+01   -.9006E+01   -.9007E+01   -.9008E+01   -.9010E+01   -.9012E+01   -.9014E+01   -.9016E+01   -.9018E+01   -.9020E+01   -.9023E+01   -.9025E+01   -.9028E+01   -.9031E+01   -.9035E+01   -.9038E+01   -.9042E+01   -.9047E+01   -.9051E+01   -.9056E+01   -.9062E+01   -.9067E+01   -.9074E+01   -.9081E+01   -.9088E+01   -.9097E+01   -.9106E+01   -.9116E+01   -.9126E+01   -.9138E+01   -.9152E+01   -.9167E+01   -.9183E+01   -.9202E+01   -.9223E+01   -.9247E+01   -.9274E+01   -.9306E+01   -.9342E+01   -.9385E+01   -.9435E+01
0.6283E+01   -.9000E+01   -.9000E+01   -.9000E+01   -.9000E+01   -.9000E+01   -.8999E+01   -.8999E+01   -.8999E+01   -.8999E+01   -.8999E+01   -.8998E+01   -.8998E+01   -.8998E+01   -.8998E+01   -.8997E+01   -.8997E+01   -.8997E+01   -.8997E+01   -.8996E+01   -.8996E+01   -.8996E+01   -.8996E+01   -.8996E+01   -.8995E+01   -.8995E+01   -.8995E+01   -.8995E+01   -.8995E+01   -.8995E+01   -.8995E+01   -.8995E+01   -.8995E+01   -.8995E+01   -.8994E+01   -.8994E+01   -.8995E+01   -.8995E+01   -.8995E+01   -.8995E+01   -.8995E+01   -.8995E+01   -.8995E+01   -.8996E+01   -.8996E+01   -.8996E+01   -.8997E+01   -.8997E+01   -.8998E+01   -.8998E+01   -.8999E+01   -.8999E+01   -.9000E+01   -.9001E+01   -.9002E+01   -.9003E+01   -.9004E+01   -.9005E+01   -.9006E+01   -.9007E+01   -.9009E+01   -.9010E+01   -.9012E+01   -.9014E+01   -.9016E+01   -.9018E+01   -.9020E+01   -.9023E+01   -.9025E+01   -.9028E+01   -.9031E+01   -.9035E+01   -.9038E+01   -.9042E+01   -.9046E+01   -.9051E+01   -.9055E+01   -.9061E+01   -.9066E+01   -.9072E+01   -.9079E+01   -.9086E+01   -.9094E+01   -.9103E+01   -.9113E+01   -.9123E+01   -.9135E+01   -.9148E+01   -.9162E+01   -.9178E+01   -.9196E+01   -.9216E+01   -.9239E+01   -.9265E+01   -.9295E+01   -.9330E+01   -.9371E+01   -.9418E+01   -.9475E+01
0.6500E+01   -.9000E+01   -.9000E+01   -.9000E+01   -.9000E+01   -.9000E+01   -.8999E+01   -.8999E+01   -.8999E+01   -.8999E+01   -.8999E+01   -.8998E+01   -.8998E+01   -.8998E+01   -.8998E+01   -.8998E+01   -.8997E+01   -.8997E+01   -.8997E+01   -.8997E+01   -.8996E+01   -.8996E+01   -.8996E+01   -.8996E+01   -.8996E+01   -.8996E+01   -.8996E+01   -.8995E+01   -.8995E+01   -.8995E+01   -.8995E+01   -.8995E+01   -.8995E+01   -.8995E+01   -.8995E+01   -.8995E+01   -.8995E+01   -.8995E+01   -.8995E+01   -.8996E+01   -.8996E+01   -.8996E+01   -.8996E+01   -.8996E+01   -.8997E+01   -.8997E+01   -.8998E+01   -.8998E+01   -.8999E+01   -.8999E+01   -.9000E+01   -.9001E+01   -.9002E+01   -.9002E+01   -.9003E+01   -.9004E+01   -.9005E+01   -.9007E+01   -.9008E+01   -.9009E+01   -.9011E+01   -.9012E+01   -.9014E+01   -.9016E+01   -.9018E+01   -.9020E+01   -.9023E+01   -.9025E+01   -.9028E+01   -.9031E+01   -.9034E+01   -.9038E+01   -.9042E+01   -.9045E+01   -.9050E+01   -.9055E+01   -.9060E+01   -.9065E+01   -.9071E+01   -.9077E+01   -.9085E+01   -.9092E+01   -.9101E+01   -.9110E+01   -.9120E+01   -.9131E+01   -.9143E+01   -.9157E+01   -.9172E+01   -.9189E+01   -.9209E+01   -.9230E+01   -.9255E+01   -.9283E+01   -.9317E+01   -.9354E+01   -.9399E+01   -.9451E+01   -.9514E+01
0.6717E+01   -.9000E+01   -.9000E+01   -.9000E+01   -.9000E+01   -.9000E+01   -.8999E+01   -.8999E+01   -.8999E+01   -.8999E+01   -.8999E+01   -.8999E+01   -.8998E+01   -.8998E+01   -.8998E+01   -.8998E+01   -.8997E+01   -.8997E+01   -.8997E+01   -.8997E+01   -.8997E+01   -.8997E+01   -.8996E+01   -.8996E+01   -.8996E+01   -.8996E+01   -.8996E+01   -.8996E+01   -.8996E+01   -.8996E+01   -.8996E+01   -.8996E+01   -.8996E+01   -.8996E+01   -.8996E+01   -.8996E+01   -.8996E+01   -.8996E+01   -.8996E+01   -.8996E+01   -.8997E+01   -.8997E+01   -.8997E+01   -.8997E+01   -.8998E+01   -.8998E+01   -.8999E+01   -.8999E+01   -.9000E+01   -.9001E+01   -.9001E+01   -.9002E+01   -.9003E+01   -.9004E+01   -.9005E+01   -.9006E+01   -.9007E+01   -.9008E+01   -.9010E+01   -.9011E+01   -.9013E+01   -.9015E+01   -.9016E+01   -.9018E+01   -.9021E+01   -.9023E+01   -.9025E+01   -.9028E+01   -.9031E+01   -.9034E+01   -.9037E+01   -.9041E+01   -.9045E+01   -.9049E+01   -.9054E+01   -.9058E+01   -.9064E+01   -.9069E+01   -.9076E+01   -.9082E+01   -.9090E+01   -.9098E+01   -.9107E+01   -.9116E+01   -.9127E+01   -.9139E+01   -.9152E+01   -.9166E+01   -.9183E+01   -.9201E+01   -.9222E+01   -.9244E+01   -.9272E+01   -.9302E+01   -.9338E+01   -.9379E+01   -.9428E+01   -.9485E+01   -.9554E+01
0.6933E+01   -.9000E+01   -.9000E+01   -.9000E+01   -.9000E+01   -.9000E+01   -.9000E+01   -.8999E+01   -.8999E+01   -.8999E+01   -.8999E+01   -.8999E+01   -.8998E+01   -.8998E+01   -.8998E+01   -.8998E+01   -.8998E+01   -.8998E+01   -.8997E+01   -.8997E+01   -.8997E+01   -.8997E+01   -.8997E+01   -.8997E+01   -.8996E+01   -.8996E+01   -.8996E+01   -.8996E+01   -.8996E+01   -.8996E+01   -.8996E+01   -.8996E+01   -.8996E+01   -.8996E+01   -.8996E+01   -.8996E+01   -.8996E+01   -.8997E+01   -.8997E+01   -.8997E+01   -.8997E+01   -.8998E+01   -.8998E+01   -.8998E+01   -.8999E+01   -.8999E+01   -.9000E+01   -.9000E+01   -.9001E+01   -.9002E+01   -.9003E+01   -.9003E+01   -.9004E+01   -.9005E+01   -.9006E+01   -.9007E+01   -.9009E+01   -.9010E+01   -.9011E+01   -.9013E+01   -.9015E+01   -.9017E+01   -.9019E+01   -.9021E+01   -.9023E+01   -.9025E+01   -.9028E+01   -.9031E+01   -.9034E+01   -.9037E+01   -.9041E+01   -.9044E+01   -.9049E+01   -.9053E+01   -.9058E+01   -.9063E+01   -.9068E+01   -.9074E+01   -.9081E+01   -.9088E+01   -.9096E+01   -.9104E+01   -.9114E+01   -.9124E+01   -.9135E+01   -.9148E+01   -.9162E+01   -.9177E+01   -.9195E+01   -.9215E+01   -.9237E+01   -.9262E+01   -.9292E+01   -.9326E+01   -.9365E+01   -.9411E+01   -.9466E+01   -.9530E+01   -.9607E+01
0.7150E+01   -.9000E+01   -.9000E+01   -.9000E+01   -.9000E+01   -.9000E+01   -.9000E+01   -.8999E+01   -.8999E+01   -.8999E+01   -.8999E+01   -.8999E+01   -.8999E+01   -.8998E+01   -.8998E+01   -.8998E+01   -.8998E+01   -.8998E+01   -.8998E+01   -.8997E+01   -.8997E+01   -.8997E+01   -.8997E+01   -.8997E+01   -.8997E+01   -.8997E+01   -.8997E+01   -.8997E+01   -.8997E+01   -.8997E+01   -.8997E+01   -.8997E+01   -.8997E+01   -.8997E+01   -.8997E+01   -.8997E+01   -.8997E+01   -.8997E+01   -.8998E+01   -.8998E+01   -.8998E+01   -.8998E+01   -.8999E+01   -.8999E+01   -.9000E+01   -.9000E+01   -.9001E+01   -.9002E+01   -.9002E+01   -.9003E+01   -.9004E+01   -.9005E+01   -.9006E+01   -.9007E+01   -.9008E+01   -.9009E+01   -.9010E+01   -.9012E+01   -.9013E+01   -.9015E+01   -.9017E+01   -.9019E+01   -.9021E+01   -.9023E+01   -.9025E+01   -.9028E+01   -.9031E+01   -.9034E+01   -.9037E+01   -.9040E+01   -.9044E+01   -.9048E+01   -.9052E+01   -.9057E+01   -.9062E+01   -.9067E+01   -.9073E+01   -.9079E+01   -.9086E+01   -.9094E+01   -.9102E+01   -.9111E+01   -.9121E+01   -.9132E+01   -.9144E+01   -.9157E+01   -.9172E+01   -.9189E+01   -.9207E+01   -.9229E+01   -.9252E+01   -.9281E+01   -.9312E+01   -.9350E+01   -.9392E+01   -.9444E+01   -.9504E+01   -.9576E+01   -.9661E+01
0.7367E+01   -.9000E+01   -.9000E+01   -.9000E+01   -.9000E+01   -.9000E+01   -.9000E+01   -.8999E+01   -.8999E+01   -.8999E+01   -.8999E+01   -.8999E+01   -.8999E+01   -.8999E+01   -.8998E+01   -.8998E+01   -.8998E+01   -.8998E+01   -.8998E+01   -.8998E+01   -.8998E+01   -.8997E+01   -.8997E+01   -.8997E+01   -.8997E+01   -.8997E+01   -.8997E+01   -.8997E+01   -.8997E+01   -.8997E+01   -.8997E+01   -.8997E+01   -.8997E+01   -.8997E+01   -.8997E+01   -.8998E+01   -.8998E+01   -.8998E+01   -.8998E+01   -.8999E+01   -.8999E+01   -.8999E+01   -.9000E+01   -.9000E+01   -.9001E+01   -.9001E+01   -.9002E+01   -.9003E+01   -.9003E+01   -.9004E+01   -.9005E+01   -.9006E+01   -.9007E+01   -.9008E+01   -.9009E+01   -.9011E+01   -.9012E+01   -.9014E+01   -.9015E+01   -.9017E+01   -.9019E+01   -.9021E+01   -.9023E+01   -.9025E+01   -.9028E+01   -.9031E+01   -.9033E+01   -.9037E+01   -.9040E+01   -.9043E+01   -.9047E+01   -.9051E+01   -.9056E+01   -.9061E+01   -.9066E+01   -.9072E+01   -.9078E+01   -.9084E+01   -.9091E+01   -.9100E+01   -.9108E+01   -.9118E+01   -.9128E+01   -.9140E+01   -.9152E+01   -.9167E+01   -.9182E+01   -.9200E+01   -.9220E+01   -.9243E+01   -.9269E+01   -.9300E+01   -.9334E+01   -.9375E+01   -.9422E+01   -.9479E+01   -.9545E+01   -.9625E+01   -.9717E+01
0.7583E+01   -.9000E+01   -.9000E+01   -.9000E+01   -.9000E+01   -.9000E+01   -.9000E+01   -.9000E+01   -.8999E+01   -.8999E+01   -.8999E+01   -.8999E+01   -.8999E+01   -.8999E+01   -.8999E+01   -.8998E+01   -.8998E+01   -.8998E+01   -.8998E+01   -.8998E+01   -.8998E+01   -.8998E+01   -.8998E+01   -.8998E+01   -.8997E+01   -.8997E+01   -.8997E+01   -.8997E+01   -.8997E+01   -.8997E+01   -.8998E+01   -.8998E+01   -.8998E+01   -.8998E+01   -.8998E+01   -.8998E+01   -.8998E+01   -.8999E+01   -.8999E+01   -.8999E+01   -.9000E+01   -.9000E+01   -.9001E+01   -.9001E+01   -.9002E+01   -.9002E+01   -.9003E+01   -.9004E+01   -.9005E+01   -.9005E+01   -.9006E+01   -.9007E+01   -.9009E+01   -.9010E+01   -.9011E+01   -.9012E+01   -.9014E+01   -.9015E+01   -.9017E+01   -.9019E+01   -.9021E+01   -.9023E+01   -.9025E+01   -.9028E+01   -.9030E+01   -.9033E+01   -.9036E+01   -.9039E+01   -.9043E+01   -.9047E+01   -.9051E+01   -.9055E+01   -.9060E+01   -.9065E+01   -.9070E+01   -.9076E+01   -.9083E+01   -.9090E+01   -.9097E+01   -.9106E+01   -.9115E+01   -.9125E+01   -.9136E+01   -.9148E+01   -.9162E+01   -.9177E+01   -.9194E+01   -.9213E+01   -.9236E+01   -.9260E+01   -.9289E+01   -.9322E+01   -.9361E+01   -.9405E+01   -.9459E+01   -.9522E+01   -.9596E+01   -.9683E+01   -.9783E+01
0.7800E+01   -.9000E+01   -.9000E+01   -.9000E+01   -.9000E+01   -.9000E+01   -.9000E+01   -.9000E+01   -.8999E+01   -.8999E+01   -.8999E+01   -.8999E+01   -.8999E+01   -.8999E+01   -.8999E+01   -.8999E+01   -.8998E+01   -.8998E+01   -.8998E+01   -.8998E+01   -.8998E+01   -.8998E+01   -.8998E+01   -.8998E+01   -.8998E+01   -.8998E+01   -.8998E+01   -.8998E+01   -.8998E+01   -.8998E+01   -.8998E+01   -.8998E+01   -.8998E+01   -.8998E+01   -.8999E+01   -.8999E+01   -.8999E+01   -.8999E+01   -.9000E+01   -.9000E+01   -.9000E+01   -.9001E+01   -.9001E+01   -.9002E+01   -.9003E+01   -.9003E+01   -.9004E+01   -.9005E+01   -.9006E+01   -.9007E+01   -.9008E+01   -.9009E+01   -.9010E+01   -.9011E+01   -.9013E+01   -.9014E+01   -.9016E+01   -.9017E+01   -.9019E+01   -.9021E+01   -.9023E+01   -.9025E+01   -.9028E+01   -.9030E+01   -.9033E+01   -.9036E+01   -.9039E+01   -.9042E+01   -.9046E+01   -.9050E+01   -.9054E+01   -.9059E+01   -.9064E+01   -.9069E+01   -.9075E+01   -.9081E+01   -.9088E+01   -.9095E+01   -.9103E+01   -.9112E+01   -.9122E+01   -.9132E+01   -.9144E+01   -.9157E+01   -.9172E+01   -.9188E+01   -.9207E+01   -.9227E+01   -.9251E+01   -.9277E+01   -.9309E+01   -.9344E+01   -.9387E+01   -.9436E+01   -.9496E+01   -.9564E+01   -.9648E+01   -.9742E+01   -.9848E+01
0.8017E+01   -.9000E+01   -.9000E+01   -.9000E+01   -.9000E+01   -.9000E+01   -.9000E+01   -.9000E+01   -.9000E+01   -.8999E+01   -.8999E+01   -.8999E+01   -.8999E+01   -.8999E+01   -.8999E+01   -.8999E+01   -.8999E+01   -.8998E+01   -.8998E+01   -.8998E+01   -.8998E+01   -.8998E+01   -.8998E+01   -.8998E+01   -.8998E+01   -.8998E+01   -.8998E+01   -.8998E+01   -.8998E+01   -.8998E+01   -.8998E+01   -.8999E+01   -.8999E+01   -.8999E+01   -.8999E+01   -.8999E+01   -.9000E+01   -.9000E+01   -.9000E+01   -.9001E+01   -.9001E+01   -.9002E+01   -.9002E+01   -.9003E+01   -.9004E+01   -.9004E+01   -.9005E+01   -.9006E+01   -.9007E+01   -.9008E+01   -.9009E+01   -.9010E+01   -.9011E+01   -.9013E+01   -.9014E+01   -.9016E+01   -.9017E+01   -.9019E+01   -.9021E+01   -.9023E+01   -.9025E+01   -.9027E+01   -.9030E+01   -.9033E+01   -.9036E+01   -.9039E+01   -.9042E+01   -.9045E+01   -.9049E+01   -.9053E+01   -.9058E+01   -.9063E+01   -.9068E+01   -.9073E+01   -.9079E+01   -.9086E+01   -.9093E+01   -.9101E+01   -.9109E+01   -.9119E+01   -.9129E+01   -.9140E+01   -.9153E+01   -.9167E+01   -.9183E+01   -.9200E+01   -.9220E+01   -.9242E+01   -.9268E+01   -.9298E+01   -.9332E+01   -.9372E+01   -.9419E+01   -.9474E+01   -.9540E+01   -.9617E+01   -.9708E+01   -.9807E+01   -.9911E+01
0.8233E+01   -.9000E+01   -.9000E+01   -.9000E+01   -.9000E+01   -.9000E+01   -.9000E+01   -.9000E+01   -.9000E+01   -.9000E+01   -.8999E+01   -.8999E+01   -.8999E+01   -.8999E+01   -.8999E+01   -.8999E+01   -.8999E+01   -.8999E+01   -.8999E+01   -.8999E+01   -.8999E+01   -.8998E+01   -.8998E+01   -.8998E+01   -.8998E+01   -.8998E+01   -.8999E+01   -.8999E+01   -.8999E+01   -.8999E+01   -.8999E+01   -.8999E+01   -.8999E+01   -.9000E+01   -.9000E+01   -.9000E+01   -.9000E+01   -.9001E+01   -.9001E+01   -.9002E+01   -.9002E+01   -.9003E+01   -.9003E+01   -.9004E+01   -.9005E+01   -.9005E+01   -.9006E+01   -.9007E+01   -.9008E+01   -.9009E+01   -.9010E+01   -.9012E+01   -.9013E+01   -.9014E+01   -.9016E+01   -.9017E+01   -.9019E+01   -.9021E+01   -.9023E+01   -.9025E+01   -.9027E+01   -.9030E+01   -.9032E+01   -.9035E+01   -.9038E+01   -.9041E+01   -.9045E+01   -.9049E+01   -.9053E+01   -.9057E+01   -.9061E+01   -.9067E+01   -.9072E+01   -.9078E+01   -.9084E+01   -.9091E+01   -.9098E+01   -.9107E+01   -.9116E+01   -.9126E+01   -.9136E+01   -.9149E+01   -.9162E+01   -.9177E+01   -.9193E+01   -.9213E+01   -.9234E+01   -.9259E+01   -.9286E+01   -.9319E+01   -.9356E+01   -.9401E+01   -.9452E+01   -.9515E+01   -.9586E+01   -.9673E+01   -.9770E+01   -.9875E+01   -.9973E+01
0.8450E+01   -.9000E+01   -.9000E+01   -.9000E+01   -.9000E+01   -.9000E+01   -.9000E+01   -.9000E+01   -.9000E+01   -.9000E+01   -.9000E+01   -.8999E+01   -.8999E+01   -.8999E+01   -.8999E+01   -.8999E+01   -.8999E+01   -.8999E+01   -.8999E+01   -.8999E+01   -.8999E+01   -.8999E+01   -.8999E+01   -.8999E+01   -.8999E+01   -.8999E+01   -.8999E+01   -.8999E+01   -.8999E+01   -.8999E+01   -.8999E+01   -.9000E+01   -.9000E+01   -.9000E+01   -.9000E+01   -.9001E+01   -.9001E+01   -.9001E+01   -.9002E+01   -.9002E+01   -.9003E+01   -.9004E+01   -.9004E+01   -.9005E+01   -.9006E+01   -.9007E+01   -.9007E+01   -.9008E+01   -.9009E+01   -.9011E+01   -.9012E+01   -.9013E+01   -.9014E+01   -.9016E+01   -.9017E+01   -.9019E+01   -.9021E+01   -.9023E+01   -.9025E+01   -.9027E+01   -.9029E+01   -.9032E+01   -.9035E+01   -.9038E+01   -.9041E+01   -.9044E+01   -.9048E+01   -.9052E+01   -.9056E+01   -.9061E+01   -.9065E+01   -.9071E+01   -.9076E+01   -.9083E+01   -.9089E+01   -.9097E+01   -.9104E+01   -.9113E+01   -.9123E+01   -.9133E+01   -.9145E+01   -.9158E+01   -.9172E+01   -.9188E+01   -.9206E+01   -.9227E+01   -.9250E+01   -.9277E+01   -.9307E+01   -.9343E+01   -.9384E+01   -.9433E+01   -.9491E+01   -.9560E+01   -.9640E+01   -.9734E+01   -.9836E+01   -.9937E+01   -.1003E+02
0.8667E+01   -.9000E+01   -.9000E+01   -.9000E+01   -.9000E+01   -.9000E+01   -.9000E+01   -.9000E+01   -.9000E+01   -.9000E+01   -.9000E+01   -.9000E+01   -.8999E+01   -.8999E+01   -.8999E+01   -.8999E+01   -.8999E+01   -.8999E+01   -.8999E+01   -.8999E+01   -.8999E+01   -.8999E+01   -.8999E+01   -.8999E+01   -.8999E+01   -.8999E+01   -.8999E+01   -.8999E+01   -.9000E+01   -.9000E+01   -.9000E+01   -.9000E+01   -.9000E+01   -.9001E+01   -.9001E+01   -.9001E+01   -.9002E+01   -.9002E+01   -.9003E+01   -.9003E+01   -.9004E+01   -.9004E+01   -.9005E+01   -.9006E+01   -.9007E+01   -.9008E+01   -.9009E+01   -.9010E+01   -.9011E+01   -.9012E+01   -.9013E+01   -.9014E+01   -.9016E+01   -.9017E+01   -.9019E+01   -.9021E+01   -.9023E+01   -.9025E+01   -.9027E+01   -.9029E+01   -.9032E+01   -.9034E+01   -.9037E+01   -.9040E+01   -.9044E+01   -.9047E+01   -.9051E+01   -.9055E+01   -.9060E+01   -.9064E+01   -.9069E+01   -.9075E+01   -.9081E+01   -.9087E+01   -.9095E+01   -.9102E+01   -.9111E+01   -.9119E+01   -.9130E+01   -.9141E+01   -.9154E+01   -.9167E+01   -.9183E+01   -.9199E+01   -.9220E+01   -.9241E+01   -.9267E+01   -.9295E+01   -.9330E+01   -.9367E+01   -.9415E+01   -.9468E+01   -.9534E+01   -.9608E+01   -.9699E+01   -.9799E+01   -.9904E+01   -.9996E+01   -.1008E+02
0.8883E+01   -.9000E+01   -.9000E+01   -.9000E+01   -.9000E+01   -.9000E+01   -.9000E+01   -.9000E+01   -.9000E+01   -.9000E+01   -.9000E+01   -.9000E+01   -.9000E+01   -.8999E+01   -.8999E+01   -.8999E+01   -.8999E+01   -.8999E+01   -.8999E+01   -.8999E+01   -.8999E+01   -.8999E+01   -.8999E+01   -.8999E+01   -.8999E+01   -.9000E+01   -.9000E+01   -.9000E+01   -.9000E+01   -.9000E+01   -.9000E+01   -.9001E+01   -.9001E+01   -.9001E+01   -.9002E+01   -.9002E+01   -.9002E+01   -.9003E+01   -.9003E+01   -.9004E+01   -.9005E+01   -.9005E+01   -.9006E+01   -.9007E+01   -.9008E+01   -.9009E+01   -.9010E+01   -.9011E+01   -.9012E+01   -.9013E+01   -.9015E+01   -.9016E+01   -.9017E+01   -.9019E+01   -.9021E+01   -.9023E+01   -.9025E+01   -.9027E+01   -.9029E+01   -.9032E+01   -.9034E+01   -.9037E+01   -.9040E+01   -.9043E+01   -.9047E+01   -.9050E+01   -.9054E+01   -.9059E+01   -.9063E+01   -.9068E+01   -.9074E+01   -.9079E+01   -.9086E+01   -.9092E+01   -.9100E+01   -.9108E+01   -.9117E+01   -.9127E+01   -.9137E+01   -.9149E+01   -.9163E+01   -.9177E+01   -.9194E+01   -.9212E+01   -.9234E+01   -.9257E+01   -.9285E+01   -.9317E+01   -.9354E+01   -.9397E+01   -.9449E+01   -.9509E+01   -.9581E+01   -.9665E+01   -.9763E+01   -.9867E+01   -.9966E+01   -.1005E+02   -.1009E+02
0.9100E+01   -.9000E+01   -.9000E+01   -.9000E+01   -.9000E+01   -.9000E+01   -.9000E+01   -.9000E+01   -.9000E+01   -.9000E+01   -.9000E+01   -.9000E+01   -.9000E+01   -.9000E+01   -.9000E+01   -.9000E+01   -.9000E+01   -.9000E+01   -.9000E+01   -.9000E+01   -.9000E+01   -.9000E+01   -.9000E+01   -.9000E+01   -.9000E+01   -.9000E+01   -.9000E+01   -.9000E+01   -.9000E+01   -.9001E+01   -.9001E+01   -.9001E+01   -.9001E+01   -.9002E+01   -.9002E+01   -.9003E+01   -.9003E+01   -.9004E+01   -.9004E+01   -.9005E+01   -.9005E+01   -.9006E+01   -.9007E+01   -.9008E+01   -.9009E+01   -.9010E+01   -.9011E+01   -.9012E+01   -.9013E+01   -.9015E+01   -.9016E+01   -.9017E+01   -.9019E+01   -.9021E+01   -.9022E+01   -.9024E+01   -.9026E+01   -.9029E+01   -.9031E+01   -.9034E+01   -.9036E+01   -.9040E+01   -.9042E+01   -.9046E+01   -.9049E+01   -.9054E+01   -.9057E+01   -.9062E+01   -.9067E+01   -.9072E+01   -.9078E+01   -.9084E+01   -.9090E+01   -.9098E+01   -.9105E+01   -.9114E+01   -.9123E+01   -.9134E+01   -.9145E+01   -.9158E+01   -.9172E+01   -.9188E+01   -.9205E+01   -.9226E+01   -.9248E+01   -.9275E+01   -.9304E+01   -.9341E+01   -.9379E+01   -.9429E+01   -.9484E+01   -.9554E+01   -.9631E+01   -.9727E+01   -.9828E+01   -.9937E+01   -.1002E+02   -.1009E+02   -.1008E+02
0.9317E+01   -.9000E+01   -.9000E+01   -.9000E+01   -.9000E+01   -.9000E+01   -.9000E+01   -.9000E+01   -.9000E+01   -.9000E+01   -.9000E+01   -.9000E+01   -.9000E+01   -.9000E+01   -.9000E+01   -.9000E+01   -.9000E+01   -.9000E+01   -.9000E+01   -.9000E+01   -.9000E+01   -.9000E+01   -.9000E+01   -.9000E+01   -.9000E+01   -.9000E+01   -.9000E+01   -.9001E+01   -.9001E+01   -.9001E+01   -.9001E+01   -.9002E+01   -.9002E+01   -.9002E+01   -.9003E+01   -.9003E+01   -.9004E+01   -.9004E+01   -.9005E+01   -.9006E+01   -.9006E+01   -.9007E+01   -.9008E+01   -.9009E+01   -.9010E+01   -.9011E+01   -.9012E+01   -.9013E+01   -.9015E+01   -.9016E+01   -.9017E+01   -.9019E+01   -.9021E+01   -.9022E+01   -.9024E+01   -.9026E+01   -.9029E+01   -.9031E+01   -.9033E+01   -.9036E+01   -.9039E+01   -.9042E+01   -.9045E+01   -.9049E+01   -.9053E+01   -.9057E+01   -.9061E+01   -.9066E+01   -.9071E+01   -.9076E+01   -.9082E+01   -.9089E+01   -.9096E+01   -.9103E+01   -.9112E+01   -.9121E+01   -.9131E+01   -.9142E+01   -.9154E+01   -.9167E+01   -.9183E+01   -.9199E+01   -.9219E+01   -.9240E+01   -.9266E+01   -.9294E+01   -.9328E+01   -.9366E+01   -.9412E+01   -.9464E+01   -.9529E+01   -.9603E+01   -.9692E+01   -.9791E+01   -.9897E+01   -.9993E+01   -.1007E+02   -.1010E+02   -.9983E+01
0.9533E+01   -.9000E+01   -.9000E+01   -.9000E+01   -.9000E+01   -.9000E+01   -.9000E+01   -.9000E+01   -.9000E+01   -.9000E+01   -.9000E+01   -.9000E+01   -.9000E+01   -.9000E+01   -.9000E+01   -.9000E+01   -.9000E+01   -.9000E+01   -.9000E+01   -.9000E+01   -.9000E+01   -.9000E+01   -.9000E+01   -.9000E+01   -.9001E+01   -.9001E+01   -.9001E+01   -.9001E+01   -.9001E+01   -.9002E+01   -.9002E+01   -.9002E+01   -.9003E+01   -.9003E+01   -.9004E+01   -.9004E+01   -.9005E+01   -.9005E+01   -.9006E+01   -.9006E+01   -.9007E+01   -.9008E+01   -.9009E+01   -.9010E+01   -.9011E+01   -.9012E+01   -.9013E+01   -.9015E+01   -.9016E+01   -.9017E+01   -.9019E+01   -.9021E+01   -.9022E+01   -.9024E+01   -.9026E+01   -.9028E+01   -.9031E+01   -.9033E+01   -.9036E+01   -.9038E+01   -.9041E+01   -.9045E+01   -.9048E+01   -.9052E+01   -.9056E+01   -.9060E+01   -.9065E+01   -.9069E+01   -.9075E+01   -.9081E+01   -.9087E+01   -.9094E+01   -.9101E+01   -.9109E+01   -.9118E+01   -.9127E+01   -.9138E+01   -.9150E+01   -.9163E+01   -.9177E+01   -.9194E+01   -.9212E+01   -.9233E+01   -.9256E+01   -.9284E+01   -.9315E+01   -.9352E+01   -.9394E+01   -.9445E+01   -.9504E+01   -.9575E+01   -.9658E+01   -.9755E+01   -.9858E+01   -.9961E+01   -.1004E+02   -.1008E+02   -.1007E+02   -.9727E+01
0.9750E+01   -.9000E+01   -.9000E+01   -.9000E+01   -.9000E+01   -.9000E+01   -.9000E+01   -.9000E+01   -.9000E+01   -.9000E+01   -.9000E+01   -.9000E+01   -.9000E+01   -.9000E+01   -.9000E+01   -.9000E+01   -.9000E+01   -.9000E+01   -.9000E+01   -.9000E+01   -.9000E+01   -.9000E+01   -.9001E+01   -.9001E+01   -.9001E+01   -.9001E+01   -.9001E+01   -.9002E+01   -.9002E+01   -.9002E+01   -.9002E+01   -.9003E+01   -.9003E+01   -.9004E+01   -.9004E+01   -.9005E+01   -.9005E+01   -.9006E+01   -.9007E+01   -.9007E+01   -.9008E+01   -.9009E+01   -.9010E+01   -.9011E+01   -.9012E+01   -.9013E+01   -.9014E+01   -.9016E+01   -.9017E+01   -.9019E+01   -.9020E+01   -.9022E+01   -.9024E+01   -.9026E+01   -.9028E+01   -.9030E+01   -.9032E+01   -.9035E+01   -.9038E+01   -.9041E+01   -.9044E+01   -.9048E+01   -.9051E+01   -.9055E+01   -.9059E+01   -.9064E+01   -.9068E+01   -.9074E+01   -.9079E+01   -.9085E+01   -.9091E+01   -.9099E+01   -.9106E+01   -.9116E+01   -.9124E+01   -.9135E+01   -.9145E+01   -.9159E+01   -.9172E+01   -.9189E+01   -.9205E+01   -.9226E+01   -.9247E+01   -.9275E+01   -.9302E+01   -.9339E+01   -.9376E+01   -.9427E+01   -.9479E+01   -.9550E+01   -.9624E+01   -.9721E+01   -.9819E+01   -.9928E+01   -.1001E+02   -.1006E+02   -.1005E+02   -.9965E+01   -.9149E+01
0.9967E+01   -.9000E+01   -.9000E+01   -.9000E+01   -.9000E+01   -.9000E+01   -.9000E+01   -.9000E+01   -.9000E+01   -.9000E+01   -.9000E+01   -.9000E+01   -.9000E+01   -.9000E+01   -.9000E+01   -.9000E+01   -.9000E+01   -.9000E+01   -.9000E+01   -.9001E+01   -.9001E+01   -.9001E+01   -.9001E+01   -.9001E+01   -.9001E+01   -.9001E+01   -.9002E+01   -.9002E+01   -.9002E+01   -.9003E+01   -.9003E+01   -.9003E+01   -.9004E+01   -.9004E+01   -.9005E+01   -.9005E+01   -.9006E+01   -.9007E+01   -.9007E+01   -.9008E+01   -.9009E+01   -.9010E+01   -.9011E+01   -.9012E+01   -.9013E+01   -.9015E+01   -.9016E+01   -.9017E+01   -.9019E+01   -.9020E+01   -.9022E+01   -.9024E+01   -.9026E+01   -.9028E+01   -.9030E+01   -.9033E+01   -.9035E+01   -.9038E+01   -.9040E+01   -.9044E+01   -.9046E+01   -.9051E+01   -.9054E+01   -.9059E+01   -.9062E+01   -.9068E+01   -.9071E+01   -.9079E+01   -.9083E+01   -.9091E+01   -.9096E+01   -.9106E+01   -.9111E+01   -.9124E+01   -.9130E+01   -.9145E+01   -.9153E+01   -.9171E+01   -.9181E+01   -.9204E+01   -.9216E+01   -.9246E+01   -.9261E+01   -.9300E+01   -.9322E+01   -.9372E+01   -.9404E+01   -.9472E+01   -.9519E+01   -.9611E+01   -.9680E+01   -.9802E+01   -.9883E+01   -.1001E+02   -.1004E+02   -.1007E+02   -.9967E+01   -.9403E+01   -.6939E+01
0.1018E+02   -.9000E+01   -.9000E+01   -.9000E+01   -.9000E+01   -.9000E+01   -.9000E+01   -.9000E+01   -.9000E+01   -.9000E+01   -.9000E+01   -.9000E+01   -.9000E+01   -.9000E+01   -.9000E+01   -.9000E+01   -.9001E+01   -.9001E+01   -.9001E+01   -.9001E+01   -.9001E+01   -.9001E+01   -.9001E+01   -.9001E+01   -.9002E+01   -.9002E+01   -.9002E+01   -.9002E+01   -.9003E+01   -.9003E+01   -.9004E+01   -.9004E+01   -.9004E+01   -.9005E+01   -.9006E+01   -.9006E+01   -.9007E+01   -.9008E+01   -.9008E+01   -.9009E+01   -.9010E+01   -.9011E+01   -.9012E+01   -.9013E+01   -.9014E+01   -.9016E+01   -.9017E+01   -.9019E+01   -.9020E+01   -.9022E+01   -.9024E+01   -.9026E+01   -.9028E+01   -.9030E+01   -.9032E+01   -.9034E+01   -.9037E+01   -.9040E+01   -.9043E+01   -.9046E+01   -.9049E+01   -.9053E+01   -.9057E+01   -.9062E+01   -.9066E+01   -.9071E+01   -.9076E+01   -.9082E+01   -.9088E+01   -.9095E+01   -.9102E+01   -.9111E+01   -.9119E+01   -.9129E+01   -.9139E+01   -.9152E+01   -.9163E+01   -.9179E+01   -.9194E+01   -.9214E+01   -.9232E+01   -.9259E+01   -.9283E+01   -.9317E+01   -.9350E+01   -.9396E+01   -.9442E+01   -.9506E+01   -.9572E+01   -.9661E+01   -.9750E+01   -.9861E+01   -.9954E+01   -.1004E+02   -.1005E+02   -.1003E+02   -.9644E+01   -.8003E+01   -.3117E+01
0.1040E+02   -.9000E+01   -.9000E+01   -.9000E+01   -.9000E+01   -.9000E+01   -.9000E+01   -.9000E+01   -.9000E+01   -.9000E+01   -.9000E+01   -.9001E+01   -.9001E+01   -.9001E+01   -.9001E+01   -.9001E+01   -.9001E+01   -.9001E+01   -.9001E+01   -.9001E+01   -.9001E+01   -.9001E+01   -.9002E+01   -.9002E+01   -.9002E+01   -.9002E+01   -.9003E+01   -.9003E+01   -.9003E+01   -.9004E+01   -.9004E+01   -.9005E+01   -.9005E+01   -.9006E+01   -.9006E+01   -.9007E+01   -.9008E+01   -.9008E+01   -.9009E+01   -.9010E+01   -.9011E+01   -.9012E+01   -.9013E+01   -.9014E+01   -.9016E+01   -.9017E+01   -.9018E+01   -.9020E+01   -.9022E+01   -.9023E+01   -.9025E+01   -.9027E+01   -.9029E+01   -.9031E+01   -.9034E+01   -.9036E+01   -.9039E+01   -.9042E+01   -.9045E+01   -.9049E+01   -.9052E+01   -.9056E+01   -.9060E+01   -.9065E+01   -.9070E+01   -.9075E+01   -.9080E+01   -.9086E+01   -.9093E+01   -.9100E+01   -.9108E+01   -.9116E+01   -.9126E+01   -.9135E+01   -.9147E+01   -.9159E+01   -.9174E+01   -.9188E+01   -.9207E+01   -.9225E+01   -.9249E+01   -.9273E+01   -.9304E+01   -.9337E+01   -.9379E+01   -.9424E+01   -.9482E+01   -.9545E+01   -.9627E+01   -.9715E+01   -.9821E+01   -.9920E+01   -.1001E+02   -.1005E+02   -.1005E+02   -.9882E+01   -.8898E+01   -.5587E+01   -.3005E+00
0.1062E+02   -.9000E+01   -.9000E+01   -.9000E+01   -.9001E+01   -.9001E+01   -.9001E+01   -.9001E+01   -.9001E+01   -.9001E+01   -.9001E+01   -.9001E+01   -.9001E+01   -.9001E+01   -.9001E+01   -.9001E+01   -.9001E+01   -.9001E+01   -.9001E+01   -.9001E+01   -.9001E+01   -.9002E+01   -.9002E+01   -.9002E+01   -.9002E+01   -.9003E+01   -.9003E+01   -.9003E+01   -.9004E+01   -.9004E+01   -.9005E+01   -.9005E+01   -.9006E+01   -.9006E+01   -.9007E+01   -.9008E+01   -.9008E+01   -.9009E+01   -.9010E+01   -.9011E+01   -.9012E+01   -.9013E+01   -.9014E+01   -.9015E+01   -.9017E+01   -.9018E+01   -.9020E+01   -.9021E+01   -.9023E+01   -.9025E+01   -.9027E+01   -.9029E+01   -.9031E+01   -.9033E+01   -.9036E+01   -.9039E+01   -.9041E+01   -.9045E+01   -.9048E+01   -.9052E+01   -.9055E+01   -.9059E+01   -.9063E+01   -.9068E+01   -.9073E+01   -.9079E+01   -.9084E+01   -.9091E+01   -.9098E+01   -.9106E+01   -.9113E+01   -.9123E+01   -.9132E+01   -.9144E+01   -.9155E+01   -.9169E+01   -.9183E+01   -.9201E+01   -.9218E+01   -.9241E+01   -.9264E+01   -.9294E+01   -.9324E+01   -.9364E+01   -.9406E+01   -.9462E+01   -.9521E+01   -.9598E+01   -.9681E+01   -.9785E+01   -.9884E+01   -.9988E+01   -.1004E+02   -.1006E+02   -.1002E+02   -.9493E+01   -.7295E+01   -.1232E+01   -.4081E+00
0.1083E+02   -.9000E+01   -.9001E+01   -.9001E+01   -.9001E+01   -.9001E+01   -.9001E+01   -.9001E+01   -.9001E+01   -.9001E+01   -.9001E+01   -.9001E+01   -.9001E+01   -.9001E+01   -.9001E+01   -.9001E+01   -.9001E+01   -.9001E+01   -.9001E+01   -.9002E+01   -.9002E+01   -.9002E+01   -.9002E+01   -.9002E+01   -.9003E+01   -.9003E+01   -.9003E+01   -.9004E+01   -.9004E+01   -.9005E+01   -.9005E+01   -.9006E+01   -.9006E+01   -.9007E+01   -.9008E+01   -.9008E+01   -.9009E+01   -.9010E+01   -.9011E+01   -.9012E+01   -.9013E+01   -.9014E+01   -.9015E+01   -.9017E+01   -.9018E+01   -.9020E+01   -.9021E+01   -.9023E+01   -.9025E+01   -.9027E+01   -.9029E+01   -.9031E+01   -.9033E+01   -.9035E+01   -.9038E+01   -.9041E+01   -.9044E+01   -.9047E+01   -.9050E+01   -.9054E+01   -.9058E+01   -.9062E+01   -.9067E+01   -.9072E+01   -.9077E+01   -.9083E+01   -.9089E+01   -.9096E+01   -.9103E+01   -.9111E+01   -.9120E+01   -.9129E+01   -.9140E+01   -.9151E+01   -.9164E+01   -.9178E+01   -.9195E+01   -.9213E+01   -.9233E+01   -.9256E+01   -.9283E+01   -.9314E+01   -.9350E+01   -.9392E+01   -.9442E+01   -.9500E+01   -.9570E+01   -.9652E+01   -.9747E+01   -.9850E+01   -.9952E+01   -.1003E+02   -.1006E+02   -.1004E+02   -.9709E+01   -.8166E+01   -.3580E+01   -.3333E+00   -.2994E+00
0.1105E+02   -.9000E+01   -.9001E+01   -.9001E+01   -.9001E+01   -.9001E+01   -.9001E+01   -.9001E+01   -.9001E+01   -.9001E+01   -.9001E+01   -.9001E+01   -.9001E+01   -.9001E+01   -.9001E+01   -.9001E+01   -.9001E+01   -.9002E+01   -.9002E+01   -.9002E+01   -.9002E+01   -.9002E+01   -.9003E+01   -.9003E+01   -.9003E+01   -.9004E+01   -.9004E+01   -.9004E+01   -.9005E+01   -.9005E+01   -.9006E+01   -.9006E+01   -.9007E+01   -.9008E+01   -.9008E+01   -.9009E+01   -.9010E+01   -.9011E+01   -.9012E+01   -.9013E+01   -.9014E+01   -.9015E+01   -.9016E+01   -.9018E+01   -.9019E+01   -.9021E+01   -.9023E+01   -.9024E+01   -.9026E+01   -.9028E+01   -.9030E+01   -.9033E+01   -.9035E+01   -.9037E+01   -.9040E+01   -.9043E+01   -.9046E+01   -.9050E+01   -.9053E+01   -.9057E+01   -.9061E+01   -.9066E+01   -.9071E+01   -.9076E+01   -.9081E+01   -.9087E+01   -.9094E+01   -.9101E+01   -.9109E+01   -.9117E+01   -.9126E+01   -.9136E+01   -.9148E+01   -.9159E+01   -.9174E+01   -.9188E+01   -.9207E+01   -.9225E+01   -.9249E+01   -.9273E+01   -.9304E+01   -.9336E+01   -.9377E+01   -.9422E+01   -.9479E+01   -.9542E+01   -.9623E+01   -.9710E+01   -.9816E+01   -.9915E+01   -.1001E+02   -.1005E+02   -.1006E+02   -.9921E+01   -.9036E+01   -.5924E+01   -.2665E+00   -.3959E+00   -.1915E+00
0.1127E+02   -.9000E+01   -.9001E+01   -.9001E+01   -.9001E+01   -.9001E+01   -.9001E+01   -.9001E+01   -.9001E+01   -.9001E+01   -.9001E+01   -.9001E+01   -.9001E+01   -.9001E+01   -.9001E+01   -.9001E+01   -.9002E+01   -.9002E+01   -.9002E+01   -.9002E+01   -.9002E+01   -.9003E+01   -.9003E+01   -.9003E+01   -.9004E+01   -.9004E+01   -.9004E+01   -.9005E+01   -.9005E+01   -.9006E+01   -.9006E+01   -.9007E+01   -.9008E+01   -.9008E+01   -.9009E+01   -.9010E+01   -.9011E+01   -.9012E+01   -.9013E+01   -.9014E+01   -.9015E+01   -.9016E+01   -.9018E+01   -.9019E+01   -.9021E+01   -.9022E+01   -.9024E+01   -.9026E+01   -.9028E+01   -.9030E+01   -.9032E+01   -.9034E+01   -.9037E+01   -.9040E+01   -.9042E+01   -.9046E+01   -.9049E+01   -.9052E+01   -.9056E+01   -.9060E+01   -.9064E+01   -.9069E+01   -.9074E+01   -.9080E+01   -.9085E+01   -.9092E+01   -.9098E+01   -.9106E+01   -.9114E+01   -.9123E+01   -.9133E+01   -.9144E+01   -.9155E+01   -.9169E+01   -.9183E+01   -.9201E+01   -.9218E+01   -.9241E+01   -.9264E+01   -.9293E+01   -.9323E+01   -.9363E+01   -.9405E+01   -.9459E+01   -.9518E+01   -.9594E+01   -.9677E+01   -.9780E+01   -.9879E+01   -.9983E+01   -.1004E+02   -.1006E+02   -.1002E+02   -.9529E+01   -.7425E+01   -.1572E+01   -.3972E+00   -.2067E+00   -.3027E+00
0.1148E+02   -.9001E+01   -.9001E+01   -.9001E+01   -.9001E+01   -.9001E+01   -.9001E+01   -.9001E+01   -.9001E+01   -.9001E+01   -.9001E+01   -.9001E+01   -.9001E+01   -.9001E+01   -.9002E+01   -.9002E+01   -.9002E+01   -.9002E+01   -.9002E+01   -.9002E+01   -.9003E+01   -.9003E+01   -.9003E+01   -.9004E+01   -.9004E+01   -.9004E+01   -.9005E+01   -.9005E+01   -.9006E+01   -.9006E+01   -.9007E+01   -.9008E+01   -.9008E+01   -.9009E+01   -.9010E+01   -.9011E+01   -.9012E+01   -.9013E+01   -.9014E+01   -.9015E+01   -.9016E+01   -.9017E+01   -.9019E+01   -.9020E+01   -.9022E+01   -.9024E+01   -.9025E+01   -.9027E+01   -.9029E+01   -.9032E+01   -.9034E+01   -.9036E+01   -.9039E+01   -.9042E+01   -.9045E+01   -.9048E+01   -.9051E+01   -.9055E+01   -.9059E+01   -.9063E+01   -.9068E+01   -.9073E+01   -.9078E+01   -.9084E+01   -.9090E+01   -.9097E+01   -.9104E+01   -.9112E+01   -.9120E+01   -.9130E+01   -.9140E+01   -.9152E+01   -.9164E+01   -.9179E+01   -.9195E+01   -.9213E+01   -.9233E+01   -.9256E+01   -.9282E+01   -.9313E+01   -.9349E+01   -.9390E+01   -.9439E+01   -.9497E+01   -.9566E+01   -.9648E+01   -.9742E+01   -.9845E+01   -.9946E+01   -.1002E+02   -.1006E+02   -.1004E+02   -.9740E+01   -.8293E+01   -.3916E+01   -.3247E+00   -.3084E+00   -.2375E+00   -.2955E+00
0.1170E+02   -.9001E+01   -.9001E+01   -.9001E+01   -.9001E+01   -.9001E+01   -.9001E+01   -.9001E+01   -.9001E+01   -.9001E+01   -.9001E+01   -.9001E+01   -.9001E+01   -.9002E+01   -.9002E+01   -.9002E+01   -.9002E+01   -.9002E+01   -.9003E+01   -.9003E+01   -.9003E+01   -.9003E+01   -.9004E+01   -.9004E+01   -.9004E+01   -.9005E+01   -.9005E+01   -.9006E+01   -.9006E+01   -.9007E+01   -.9008E+01   -.9008E+01   -.9009E+01   -.9010E+01   -.9011E+01   -.9012E+01   -.9013E+01   -.9014E+01   -.9015E+01   -.9016E+01   -.9017E+01   -.9019E+01   -.9020E+01   -.9022E+01   -.9023E+01   -.9025E+01   -.9027E+01   -.9029E+01   -.9031E+01   -.9033E+01   -.9036E+01   -.9038E+01   -.9041E+01   -.9044E+01   -.9047E+01   -.9050E+01   -.9054E+01   -.9058E+01   -.9062E+01   -.9066E+01   -.9071E+01   -.9076E+01   -.9082E+01   -.9088E+01   -.9095E+01   -.9101E+01   -.9109E+01   -.9117E+01   -.9127E+01   -.9136E+01   -.9148E+01   -.9160E+01   -.9174E+01   -.9188E+01   -.9207E+01   -.9225E+01   -.9248E+01   -.9272E+01   -.9303E+01   -.9334E+01   -.9376E+01   -.9419E+01   -.9477E+01   -.9538E+01   -.9619E+01   -.9704E+01   -.9811E+01   -.9909E+01   -.1001E+02   -.1005E+02   -.1006E+02   -.9950E+01   -.9160E+01   -.6260E+01   -.2529E+00   -.4086E+00   -.1702E+00   -.3356E+00   -.2508E+00
0.1192E+02   -.9001E+01   -.9001E+01   -.9001E+01   -.9001E+01   -.9001E+01   -.9001E+01   -.9001E+01   -.9001E+01   -.9001E+01   -.9001E+01   -.9001E+01   -.9002E+01   -.9002E+01   -.9002E+01   -.9002E+01   -.9002E+01   -.9003E+01   -.9003E+01   -.9003E+01   -.9003E+01   -.9004E+01   -.9004E+01   -.9004E+01   -.9005E+01   -.9005E+01   -.9006E+01   -.9006E+01   -.9007E+01   -.9008E+01   -.9008E+01   -.9009E+01   -.9010E+01   -.9011E+01   -.9011E+01   -.9012E+01   -.9013E+01   -.9015E+01   -.9016E+01   -.9017E+01   -.9018E+01   -.9020E+01   -.9021E+01   -.9023E+01   -.9025E+01   -.9027E+01   -.9029E+01   -.9031E+01   -.9033E+01   -.9035E+01   -.9038E+01   -.9041E+01   -.9043E+01   -.9046E+01   -.9050E+01   -.9053E+01   -.9057E+01   -.9061E+01   -.9065E+01   -.9070E+01   -.9075E+01   -.9080E+01   -.9086E+01   -.9093E+01   -.9099E+01   -.9107E+01   -.9115E+01   -.9124E+01   -.9133E+01   -.9144E+01   -.9156E+01   -.9170E+01   -.9183E+01   -.9201E+01   -.9218E+01   -.9241E+01   -.9263E+01   -.9292E+01   -.9323E+01   -.9362E+01   -.9403E+01   -.9457E+01   -.9515E+01   -.9591E+01   -.9673E+01   -.9774E+01   -.9875E+01   -.9978E+01   -.1004E+02   -.1006E+02   -.1002E+02   -.9559E+01   -.7549E+01   -.1907E+01   -.3860E+00   -.2223E+00   -.2965E+00   -.2654E+00   -.2901E+00
0.1213E+02   -.9001E+01   -.9001E+01   -.9001E+01   -.9001E+01   -.9001E+01   -.9001E+01   -.9001E+01   -.9001E+01   -.9001E+01   -.9001E+01   -.9002E+01   -.9002E+01   -.9002E+01   -.9002E+01   -.9002E+01   -.9003E+01   -.9003E+01   -.9003E+01   -.9003E+01   -.9004E+01   -.9004E+01   -.9004E+01   -.9005E+01   -.9005E+01   -.9006E+01   -.9006E+01   -.9007E+01   -.9008E+01   -.9008E+01   -.9009E+01   -.9010E+01   -.9010E+01   -.9011E+01   -.9012E+01   -.9013E+01   -.9014E+01   -.9016E+01   -.9017E+01   -.9018E+01   -.9019E+01   -.9021E+01   -.9023E+01   -.9024E+01   -.9026E+01   -.9028E+01   -.9030E+01   -.9032E+01   -.9035E+01   -.9037E+01   -.9040E+01   -.9043E+01   -.9046E+01   -.9049E+01   -.9052E+01   -.9056E+01   -.9060E+01   -.9064E+01   -.9068E+01   -.9074E+01   -.9079E+01   -.9084E+01   -.9090E+01   -.9097E+01   -.9104E+01   -.9112E+01   -.9121E+01   -.9130E+01   -.9141E+01   -.9152E+01   -.9165E+01   -.9179E+01   -.9195E+01   -.9213E+01   -.9232E+01   -.9256E+01   -.9282E+01   -.9312E+01   -.9347E+01   -.9389E+01   -.9437E+01   -.9495E+01   -.9563E+01   -.9644E+01   -.9737E+01   -.9840E+01   -.9941E+01   -.1002E+02   -.1006E+02   -.1004E+02   -.9769E+01   -.8417E+01   -.4251E+01   -.3142E+00   -.3226E+00   -.2285E+00   -.3028E+00   -.2666E+00   -.2887E+00
0.1235E+02   -.9001E+01   -.9001E+01   -.9001E+01   -.9001E+01   -.9001E+01   -.9001E+01   -.9001E+01   -.9001E+01   -.9001E+01   -.9002E+01   -.9002E+01   -.9002E+01   -.9002E+01   -.9002E+01   -.9003E+01   -.9003E+01   -.9003E+01   -.9003E+01   -.9004E+01   -.9004E+01   -.9004E+01   -.9005E+01   -.9005E+01   -.9006E+01   -.9006E+01   -.9007E+01   -.9007E+01   -.9008E+01   -.9009E+01   -.9010E+01   -.9010E+01   -.9011E+01   -.9012E+01   -.9013E+01   -.9014E+01   -.9015E+01   -.9017E+01   -.9018E+01   -.9019E+01   -.9021E+01   -.9022E+01   -.9024E+01   -.9026E+01   -.9028E+01   -.9030E+01   -.9032E+01   -.9034E+01   -.9037E+01   -.9039E+01   -.9042E+01   -.9045E+01   -.9048E+01   -.9051E+01   -.9055E+01   -.9059E+01   -.9063E+01   -.9067E+01   -.9072E+01   -.9077E+01   -.9083E+01   -.9088E+01   -.9095E+01   -.9102E+01   -.9110E+01   -.9118E+01   -.9127E+01   -.9137E+01   -.9149E+01   -.9160E+01   -.9175E+01   -.9188E+01   -.9207E+01   -.9224E+01   -.9248E+01   -.9271E+01   -.9302E+01   -.9333E+01   -.9375E+01   -.9417E+01   -.9475E+01   -.9535E+01   -.9615E+01   -.9699E+01   -.9806E+01   -.9904E+01   -.1001E+02   -.1005E+02   -.1006E+02   -.9980E+01   -.9284E+01   -.6594E+01   -.2424E+00   -.4227E+00   -.1605E+00   -.3399E+00   -.2428E+00   -.3066E+00   -.2653E+00
0.1257E+02   -.9001E+01   -.9001E+01   -.9001E+01   -.9001E+01   -.9001E+01   -.9001E+01   -.9001E+01   -.9001E+01   -.9002E+01   -.9002E+01   -.9002E+01   -.9002E+01   -.9002E+01   -.9003E+01   -.9003E+01   -.9003E+01   -.9003E+01   -.9004E+01   -.9004E+01   -.9004E+01   -.9005E+01   -.9005E+01   -.9006E+01   -.9006E+01   -.9007E+01   -.9007E+01   -.9008E+01   -.9009E+01   -.9009E+01   -.9010E+01   -.9011E+01   -.9012E+01   -.9013E+01   -.9014E+01   -.9015E+01   -.9016E+01   -.9018E+01   -.9019E+01   -.9020E+01   -.9022E+01   -.9024E+01   -.9025E+01   -.9027E+01   -.9029E+01   -.9031E+01   -.9034E+01   -.9036E+01   -.9038E+01   -.9041E+01   -.9044E+01   -.9047E+01   -.9050E+01   -.9054E+01   -.9058E+01   -.9062E+01   -.9066E+01   -.9071E+01   -.9075E+01   -.9081E+01   -.9086E+01   -.9093E+01   -.9100E+01   -.9107E+01   -.9115E+01   -.9124E+01   -.9134E+01   -.9145E+01   -.9156E+01   -.9170E+01   -.9184E+01   -.9201E+01   -.9218E+01   -.9240E+01   -.9263E+01   -.9291E+01   -.9322E+01   -.9360E+01   -.9402E+01   -.9455E+01   -.9513E+01   -.9587E+01   -.9669E+01   -.9769E+01   -.9870E+01   -.9972E+01   -.1004E+02   -.1006E+02   -.1003E+02   -.9588E+01   -.7673E+01   -.2241E+01   -.3755E+00   -.2367E+00   -.2868E+00   -.2711E+00   -.2876E+00   -.2758E+00   -.2828E+00
0.1278E+02   -.9001E+01   -.9001E+01   -.9001E+01   -.9001E+01   -.9001E+01   -.9001E+01   -.9001E+01   -.9002E+01   -.9002E+01   -.9002E+01   -.9002E+01   -.9002E+01   -.9003E+01   -.9003E+01   -.9003E+01   -.9003E+01   -.9004E+01   -.9004E+01   -.9004E+01   -.9005E+01   -.9005E+01   -.9006E+01   -.9006E+01   -.9007E+01   -.9007E+01   -.9008E+01   -.9009E+01   -.9009E+01   -.9010E+01   -.9011E+01   -.9012E+01   -.9013E+01   -.9014E+01   -.9015E+01   -.9016E+01   -.9017E+01   -.9019E+01   -.9020E+01   -.9022E+01   -.9023E+01   -.9025E+01   -.9027E+01   -.9029E+01   -.9031E+01   -.9033E+01   -.9035E+01   -.9038E+01   -.9040E+01   -.9043E+01   -.9046E+01   -.9050E+01   -.9053E+01   -.9057E+01   -.9060E+01   -.9065E+01   -.9069E+01   -.9074E+01   -.9079E+01   -.9085E+01   -.9091E+01   -.9098E+01   -.9105E+01   -.9113E+01   -.9121E+01   -.9131E+01   -.9141E+01   -.9152E+01   -.9165E+01   -.9179E+01   -.9194E+01   -.9213E+01   -.9232E+01   -.9255E+01   -.9281E+01   -.9312E+01   -.9346E+01   -.9387E+01   -.9435E+01   -.9493E+01   -.9559E+01   -.9640E+01   -.9732E+01   -.9836E+01   -.9936E+01   -.1002E+02   -.1006E+02   -.1005E+02   -.9799E+01   -.8540E+01   -.4585E+01   -.3038E+00   -.3368E+00   -.2188E+00   -.3081E+00   -.2635E+00   -.2921E+00   -.2726E+00   -.2840E+00
0.1300E+02   -.9001E+01   -.9001E+01   -.9001E+01   -.9001E+01   -.9001E+01   -.9001E+01   -.9002E+01   -.9002E+01   -.9002E+01   -.9002E+01   -.9002E+01   -.9003E+01   -.9003E+01   -.9003E+01   -.9003E+01   -.9004E+01   -.9004E+01   -.9004E+01   -.9005E+01   -.9005E+01   -.9006E+01   -.9006E+01   -.9007E+01   -.9007E+01   -.9008E+01   -.9009E+01   -.9009E+01   -.9010E+01   -.9011E+01   -.9012E+01   -.9013E+01   -.9014E+01   -.9015E+01   -.9016E+01   -.9017E+01   -.9018E+01   -.9020E+01   -.9021E+01   -.9023E+01   -.9024E+01   -.9026E+01   -.9028E+01   -.9030E+01   -.9032E+01   -.9035E+01   -.9037E+01   -.9040E+01   -.9042E+01   -.9045E+01   -.9049E+01   -.9052E+01   -.9056E+01   -.9059E+01   -.9063E+01   -.9068E+01   -.9073E+01   -.9077E+01   -.9083E+01   -.9089E+01   -.9096E+01   -.9102E+01   -.9110E+01   -.9118E+01   -.9128E+01   -.9137E+01   -.9149E+01   -.9160E+01   -.9175E+01   -.9188E+01   -.9207E+01   -.9224E+01   -.9248E+01   -.9270E+01   -.9301E+01   -.9331E+01   -.9373E+01   -.9415E+01   -.9472E+01   -.9531E+01   -.9611E+01   -.9694E+01   -.9802E+01   -.9899E+01   -.1000E+02   -.1005E+02   -.1007E+02   -.1001E+02   -.9408E+01   -.6929E+01   -.2319E+00   -.4369E+00   -.1508E+00   -.3451E+00   -.2394E+00   -.3084E+00   -.2620E+00   -.2931E+00   -.2712E+00
0.1322E+02   -.9001E+01   -.9001E+01   -.9001E+01   -.9001E+01   -.9001E+01   -.9001E+01   -.9002E+01   -.9002E+01   -.9002E+01   -.9002E+01   -.9002E+01   -.9003E+01   -.9003E+01   -.9003E+01   -.9004E+01   -.9004E+01   -.9004E+01   -.9005E+01   -.9005E+01   -.9006E+01   -.9006E+01   -.9007E+01   -.9007E+01   -.9008E+01   -.9008E+01   -.9009E+01   -.9010E+01   -.9011E+01   -.9012E+01   -.9012E+01   -.9013E+01   -.9014E+01   -.9016E+01   -.9017E+01   -.9018E+01   -.9019E+01   -.9021E+01   -.9022E+01   -.9024E+01   -.9026E+01   -.9028E+01   -.9030E+01   -.9032E+01   -.9034E+01   -.9036E+01   -.9039E+01   -.9042E+01   -.9045E+01   -.9048E+01   -.9051E+01   -.9055E+01   -.9058E+01   -.9062E+01   -.9066E+01   -.9071E+01   -.9076E+01   -.9082E+01   -.9087E+01   -.9094E+01   -.9100E+01   -.9108E+01   -.9116E+01   -.9125E+01   -.9134E+01   -.9145E+01   -.9156E+01   -.9170E+01   -.9184E+01   -.9200E+01   -.9218E+01   -.9240E+01   -.9262E+01   -.9291E+01   -.9321E+01   -.9359E+01   -.9400E+01   -.9452E+01   -.9511E+01   -.9583E+01   -.9665E+01   -.9764E+01   -.9865E+01   -.9967E+01   -.1003E+02   -.1006E+02   -.1003E+02   -.9618E+01   -.7797E+01   -.2576E+01   -.3651E+00   -.2510E+00   -.2770E+00   -.2764E+00   -.2842E+00   -.2782E+00   -.2819E+00   -.2775E+00   -.2802E+00
0.1343E+02   -.9001E+01   -.9001E+01   -.9001E+01   -.9001E+01   -.9001E+01   -.9002E+01   -.9002E+01   -.9002E+01   -.9002E+01   -.9002E+01   -.9003E+01   -.9003E+01   -.9003E+01   -.9004E+01   -.9004E+01   -.9004E+01   -.9005E+01   -.9005E+01   -.9005E+01   -.9006E+01   -.9006E+01   -.9007E+01   -.9008E+01   -.9008E+01   -.9009E+01   -.9010E+01   -.9011E+01   -.9011E+01   -.9012E+01   -.9013E+01   -.9014E+01   -.9015E+01   -.9017E+01   -.9018E+01   -.9019E+01   -.9021E+01   -.9022E+01   -.9024E+01   -.9025E+01   -.9027E+01   -.9029E+01   -.9031E+01   -.9033E+01   -.9036E+01   -.9038E+01   -.9041E+01   -.9044E+01   -.9047E+01   -.9050E+01   -.9053E+01   -.9057E+01   -.9061E+01   -.9065E+01   -.9070E+01   -.9074E+01   -.9080E+01   -.9085E+01   -.9091E+01   -.9098E+01   -.9105E+01   -.9113E+01   -.9121E+01   -.9131E+01   -.9141E+01   -.9153E+01   -.9165E+01   -.9179E+01   -.9194E+01   -.9212E+01   -.9231E+01   -.9255E+01   -.9280E+01   -.9311E+01   -.9344E+01   -.9386E+01   -.9432E+01   -.9490E+01   -.9555E+01   -.9637E+01   -.9727E+01   -.9831E+01   -.9931E+01   -.1002E+02   -.1006E+02   -.1005E+02   -.9829E+01   -.8664E+01   -.4920E+01   -.2932E+00   -.3511E+00   -.2091E+00   -.3133E+00   -.2601E+00   -.2944E+00   -.2712E+00   -.2857E+00   -.2743E+00   -.2815E+00
0.1365E+02   -.9001E+01   -.9001E+01   -.9001E+01   -.9001E+01   -.9001E+01   -.9002E+01   -.9002E+01   -.9002E+01   -.9002E+01   -.9003E+01   -.9003E+01   -.9003E+01   -.9003E+01   -.9004E+01   -.9004E+01   -.9005E+01   -.9005E+01   -.9005E+01   -.9006E+01   -.9006E+01   -.9007E+01   -.9008E+01   -.9008E+01   -.9009E+01   -.9010E+01   -.9010E+01   -.9011E+01   -.9012E+01   -.9013E+01   -.9014E+01   -.9015E+01   -.9016E+01   -.9017E+01   -.9019E+01   -.9020E+01   -.9022E+01   -.9023E+01   -.9025E+01   -.9027E+01   -.9029E+01   -.9031E+01   -.9033E+01   -.9035E+01   -.9037E+01   -.9040E+01   -.9043E+01   -.9046E+01   -.9049E+01   -.9052E+01   -.9056E+01   -.9060E+01   -.9064E+01   -.9068E+01   -.9073E+01   -.9078E+01   -.9084E+01   -.9089E+01   -.9096E+01   -.9103E+01   -.9111E+01   -.9118E+01   -.9128E+01   -.9137E+01   -.9149E+01   -.9160E+01   -.9175E+01   -.9188E+01   -.9206E+01   -.9224E+01   -.9247E+01   -.9270E+01   -.9300E+01   -.9330E+01   -.9372E+01   -.9413E+01   -.9470E+01   -.9528E+01   -.9608E+01   -.9690E+01   -.9797E+01   -.9895E+01   -.9999E+01   -.1005E+02   -.1007E+02   -.1001E+02   -.9438E+01   -.7053E+01   -.5663E+00   -.4265E+00   -.1652E+00   -.3353E+00   -.2447E+00   -.3049E+00   -.2643E+00   -.2912E+00   -.2706E+00   -.2854E+00   -.2739E+00
0.1387E+02   -.9001E+01   -.9001E+01   -.9001E+01   -.9001E+01   -.9002E+01   -.9002E+01   -.9002E+01   -.9002E+01   -.9002E+01   -.9003E+01   -.9003E+01   -.9003E+01   -.9004E+01   -.9004E+01   -.9004E+01   -.9005E+01   -.9005E+01   -.9006E+01   -.9006E+01   -.9007E+01   -.9007E+01   -.9008E+01   -.9009E+01   -.9009E+01   -.9010E+01   -.9011E+01   -.9012E+01   -.9013E+01   -.9014E+01   -.9015E+01   -.9016E+01   -.9017E+01   -.9018E+01   -.9020E+01   -.9021E+01   -.9023E+01   -.9024E+01   -.9026E+01   -.9028E+01   -.9030E+01   -.9032E+01   -.9034E+01   -.9037E+01   -.9039E+01   -.9042E+01   -.9045E+01   -.9048E+01   -.9051E+01   -.9055E+01   -.9059E+01   -.9063E+01   -.9067E+01   -.9072E+01   -.9076E+01   -.9082E+01   -.9087E+01   -.9094E+01   -.9100E+01   -.9108E+01   -.9116E+01   -.9125E+01   -.9134E+01   -.9145E+01   -.9156E+01   -.9170E+01   -.9184E+01   -.9200E+01   -.9218E+01   -.9239E+01   -.9262E+01   -.9290E+01   -.9320E+01   -.9357E+01   -.9399E+01   -.9450E+01   -.9508E+01   -.9580E+01   -.9662E+01   -.9759E+01   -.9861E+01   -.9962E+01   -.1003E+02   -.1006E+02   -.1003E+02   -.9648E+01   -.7920E+01   -.2910E+01   -.3546E+00   -.2652E+00   -.2673E+00   -.2817E+00   -.2807E+00   -.2806E+00   -.2804E+00   -.2787E+00   -.2794E+00   -.2776E+00   -.2787E+00
0.1408E+02   -.9001E+01   -.9001E+01   -.9001E+01   -.9001E+01   -.9002E+01   -.9002E+01   -.9002E+01   -.9002E+01   -.9003E+01   -.9003E+01   -.9003E+01   -.9004E+01   -.9004E+01   -.9004E+01   -.9005E+01   -.9005E+01   -.9006E+01   -.9006E+01   -.9007E+01   -.9007E+01   -.9008E+01   -.9009E+01   -.9009E+01   -.9010E+01   -.9011E+01   -.9012E+01   -.9013E+01   -.9014E+01   -.9015E+01   -.9016E+01   -.9017E+01   -.9018E+01   -.9019E+01   -.9021E+01   -.9022E+01   -.9024E+01   -.9026E+01   -.9028E+01   -.9029E+01   -.9032E+01   -.9034E+01   -.9036E+01   -.9039E+01   -.9041E+01   -.9044E+01   -.9047E+01   -.9050E+01   -.9054E+01   -.9058E+01   -.9061E+01   -.9066E+01   -.9070E+01   -.9075E+01   -.9080E+01   -.9086E+01   -.9091E+01   -.9098E+01   -.9105E+01   -.9113E+01   -.9121E+01   -.9131E+01   -.9141E+01   -.9153E+01   -.9165E+01   -.9179E+01   -.9194E+01   -.9212E+01   -.9231E+01   -.9254E+01   -.9279E+01   -.9310E+01   -.9343E+01   -.9384E+01   -.9430E+01   -.9488E+01   -.9552E+01   -.9633E+01   -.9722E+01   -.9827E+01   -.9926E+01   -.1002E+02   -.1005E+02   -.1005E+02   -.9859E+01   -.8788E+01   -.5255E+01   -.2826E+00   -.3653E+00   -.1994E+00   -.3186E+00   -.2567E+00   -.2967E+00   -.2697E+00   -.2869E+00   -.2736E+00   -.2825E+00   -.2746E+00   -.2806E+00
0.1430E+02   -.9001E+01   -.9001E+01   -.9001E+01   -.9001E+01   -.9002E+01   -.9002E+01   -.9002E+01   -.9002E+01   -.9003E+01   -.9003E+01   -.9003E+01   -.9004E+01   -.9004E+01   -.9005E+01   -.9005E+01   -.9005E+01   -.9006E+01   -.9007E+01   -.9007E+01   -.9008E+01   -.9008E+01   -.9009E+01   -.9010E+01   -.9011E+01   -.9011E+01   -.9012E+01   -.9013E+01   -.9014E+01   -.9015E+01   -.9017E+01   -.9018E+01   -.9019E+01   -.9020E+01   -.9022E+01   -.9024E+01   -.9025E+01   -.9027E+01   -.9029E+01   -.9031E+01   -.9033E+01   -.9035E+01   -.9038E+01   -.9040E+01   -.9043E+01   -.9046E+01   -.9049E+01   -.9053E+01   -.9056E+01   -.9060E+01   -.9064E+01   -.9069E+01   -.9074E+01   -.9078E+01   -.9084E+01   -.9089E+01   -.9096E+01   -.9103E+01   -.9111E+01   -.9118E+01   -.9128E+01   -.9137E+01   -.9149E+01   -.9160E+01   -.9174E+01   -.9188E+01   -.9206E+01   -.9223E+01   -.9247E+01   -.9269E+01   -.9299E+01   -.9329E+01   -.9370E+01   -.9411E+01   -.9467E+01   -.9526E+01   -.9604E+01   -.9687E+01   -.9792E+01   -.9890E+01   -.9994E+01   -.1005E+02   -.1006E+02   -.1002E+02   -.9468E+01   -.7177E+01   -.9008E+00   -.4161E+00   -.1794E+00   -.3256E+00   -.2500E+00   -.3014E+00   -.2667E+00   -.2896E+00   -.2718E+00   -.2844E+00   -.2733E+00   -.2820E+00   -.2760E+00
0.1452E+02   -.9001E+01   -.9001E+01   -.9001E+01   -.9002E+01   -.9002E+01   -.9002E+01   -.9002E+01   -.9003E+01   -.9003E+01   -.9003E+01   -.9004E+01   -.9004E+01   -.9004E+01   -.9005E+01   -.9005E+01   -.9006E+01   -.9006E+01   -.9007E+01   -.9008E+01   -.9008E+01   -.9009E+01   -.9010E+01   -.9010E+01   -.9011E+01   -.9012E+01   -.9013E+01   -.9014E+01   -.9015E+01   -.9016E+01   -.9017E+01   -.9019E+01   -.9020E+01   -.9022E+01   -.9023E+01   -.9025E+01   -.9027E+01   -.9028E+01   -.9030E+01   -.9032E+01   -.9035E+01   -.9037E+01   -.9040E+01   -.9042E+01   -.9045E+01   -.9048E+01   -.9052E+01   -.9055E+01   -.9059E+01   -.9063E+01   -.9067E+01   -.9072E+01   -.9077E+01   -.9082E+01   -.9088E+01   -.9094E+01   -.9101E+01   -.9108E+01   -.9116E+01   -.9125E+01   -.9134E+01   -.9145E+01   -.9156E+01   -.9169E+01   -.9183E+01   -.9200E+01   -.9218E+01   -.9238E+01   -.9261E+01   -.9289E+01   -.9319E+01   -.9355E+01   -.9397E+01   -.9447E+01   -.9506E+01   -.9576E+01   -.9658E+01   -.9754E+01   -.9856E+01   -.9957E+01   -.1003E+02   -.1006E+02   -.1004E+02   -.9678E+01   -.8044E+01   -.3245E+01   -.3441E+00   -.2795E+00   -.2576E+00   -.2870E+00   -.2773E+00   -.2829E+00   -.2789E+00   -.2799E+00   -.2785E+00   -.2783E+00   -.2780E+00   -.2784E+00   -.2787E+00
0.1473E+02   -.9001E+01   -.9001E+01   -.9001E+01   -.9002E+01   -.9002E+01   -.9002E+01   -.9002E+01   -.9003E+01   -.9003E+01   -.9003E+01   -.9004E+01   -.9004E+01   -.9005E+01   -.9005E+01   -.9006E+01   -.9006E+01   -.9007E+01   -.9007E+01   -.9008E+01   -.9009E+01   -.9009E+01   -.9010E+01   -.9011E+01   -.9012E+01   -.9013E+01   -.9014E+01   -.9015E+01   -.9016E+01   -.9017E+01   -.9018E+01   -.9020E+01   -.9021E+01   -.9023E+01   -.9024E+01   -.9026E+01   -.9028E+01   -.9030E+01   -.9032E+01   -.9034E+01   -.9036E+01   -.9039E+01   -.9042E+01   -.9044E+01   -.9047E+01   -.9051E+01   -.9054E+01   -.9058E+01   -.9062E+01   -.9066E+01   -.9070E+01   -.9075E+01   -.9080E+01   -.9086E+01   -.9092E+01   -.9099E+01   -.9105E+01   -.9114E+01   -.9121E+01   -.9131E+01   -.9141E+01   -.9153E+01   -.9164E+01   -.9179E+01   -.9193E+01   -.9212E+01   -.9230E+01   -.9254E+01   -.9278E+01   -.9309E+01   -.9341E+01   -.9383E+01   -.9427E+01   -.9485E+01   -.9548E+01   -.9629E+01   -.9717E+01   -.9822E+01   -.9921E+01   -.1001E+02   -.1005E+02   -.1005E+02   -.9890E+01   -.8912E+01   -.5589E+01   -.2720E+00   -.3795E+00   -.1897E+00   -.3239E+00   -.2533E+00   -.2990E+00   -.2682E+00   -.2880E+00   -.2728E+00   -.2832E+00   -.2741E+00   -.2813E+00   -.2761E+00   -.2803E+00
0.1495E+02   -.9001E+01   -.9001E+01   -.9001E+01   -.9002E+01   -.9002E+01   -.9002E+01   -.9003E+01   -.9003E+01   -.9003E+01   -.9004E+01   -.9004E+01   -.9005E+01   -.9005E+01   -.9005E+01   -.9006E+01   -.9007E+01   -.9007E+01   -.9008E+01   -.9008E+01   -.9009E+01   -.9010E+01   -.9011E+01   -.9012E+01   -.9012E+01   -.9013E+01   -.9014E+01   -.9016E+01   -.9017E+01   -.9018E+01   -.9019E+01   -.9021E+01   -.9022E+01   -.9024E+01   -.9026E+01   -.9027E+01   -.9029E+01   -.9031E+01   -.9033E+01   -.9036E+01   -.9038E+01   -.9041E+01   -.9043E+01   -.9046E+01   -.9050E+01   -.9053E+01   -.9057E+01   -.9060E+01   -.9065E+01   -.9069E+01   -.9074E+01   -.9079E+01   -.9084E+01   -.9090E+01   -.9096E+01   -.9103E+01   -.9111E+01   -.9119E+01   -.9128E+01   -.9137E+01   -.9149E+01   -.9160E+01   -.9174E+01   -.9188E+01   -.9206E+01   -.9223E+01   -.9246E+01   -.9268E+01   -.9298E+01   -.9328E+01   -.9368E+01   -.9410E+01   -.9465E+01   -.9523E+01   -.9601E+01   -.9683E+01   -.9787E+01   -.9886E+01   -.9989E+01   -.1004E+02   -.1006E+02   -.1002E+02   -.9498E+01   -.7301E+01   -.1235E+01   -.4057E+00   -.1937E+00   -.3159E+00   -.2553E+00   -.2980E+00   -.2690E+00   -.2881E+00   -.2730E+00   -.2835E+00   -.2741E+00   -.2814E+00   -.2760E+00   -.2810E+00   -.2764E+00
0.1517E+02   -.9001E+01   -.9001E+01   -.9002E+01   -.9002E+01   -.9002E+01   -.9002E+01   -.9003E+01   -.9003E+01   -.9003E+01   -.9004E+01   -.9004E+01   -.9005E+01   -.9005E+01   -.9006E+01   -.9006E+01   -.9007E+01   -.9008E+01   -.9008E+01   -.9009E+01   -.9010E+01   -.9010E+01   -.9011E+01   -.9012E+01   -.9013E+01   -.9014E+01   -.9015E+01   -.9016E+01   -.9018E+01   -.9019E+01   -.9020E+01   -.9022E+01   -.9023E+01   -.9025E+01   -.9027E+01   -.9029E+01   -.9031E+01   -.9033E+01   -.9035E+01   -.9037E+01   -.9040E+01   -.9043E+01   -.9046E+01   -.9049E+01   -.9052E+01   -.9056E+01   -.9059E+01   -.9063E+01   -.9068E+01   -.9072E+01   -.9077E+01   -.9082E+01   -.9088E+01   -.9094E+01   -.9101E+01   -.9108E+01   -.9116E+01   -.9125E+01   -.9134E+01   -.9145E+01   -.9156E+01   -.9169E+01   -.9183E+01   -.9199E+01   -.9217E+01   -.9238E+01   -.9261E+01   -.9287E+01   -.9318E+01   -.9354E+01   -.9395E+01   -.9445E+01   -.9503E+01   -.9573E+01   -.9654E+01   -.9749E+01   -.9852E+01   -.9952E+01   -.1003E+02   -.1006E+02   -.1004E+02   -.9709E+01   -.8168E+01   -.3580E+01   -.3336E+00   -.2937E+00   -.2479E+00   -.2923E+00   -.2739E+00   -.2852E+00   -.2774E+00   -.2811E+00   -.2777E+00   -.2790E+00   -.2775E+00   -.2789E+00   -.2784E+00   -.2785E+00   -.2786E+00
0.1538E+02   -.9001E+01   -.9001E+01   -.9002E+01   -.9002E+01   -.9002E+01   -.9003E+01   -.9003E+01   -.9003E+01   -.9004E+01   -.9004E+01   -.9005E+01   -.9005E+01   -.9006E+01   -.9006E+01   -.9007E+01   -.9007E+01   -.9008E+01   -.9009E+01   -.9009E+01   -.9010E+01   -.9011E+01   -.9012E+01   -.9013E+01   -.9014E+01   -.9015E+01   -.9016E+01   -.9017E+01   -.9019E+01   -.9020E+01   -.9021E+01   -.9023E+01   -.9024E+01   -.9026E+01   -.9028E+01   -.9030E+01   -.9032E+01   -.9034E+01   -.9037E+01   -.9039E+01   -.9042E+01   -.9045E+01   -.9048E+01   -.9051E+01   -.9054E+01   -.9058E+01   -.9062E+01   -.9066E+01   -.9071E+01   -.9075E+01   -.9081E+01   -.9086E+01   -.9092E+01   -.9099E+01   -.9105E+01   -.9113E+01   -.9121E+01   -.9131E+01   -.9140E+01   -.9153E+01   -.9164E+01   -.9179E+01   -.9193E+01   -.9211E+01   -.9229E+01   -.9253E+01   -.9277E+01   -.9308E+01   -.9339E+01   -.9381E+01   -.9425E+01   -.9483E+01   -.9545E+01   -.9625E+01   -.9712E+01   -.9818E+01   -.9916E+01   -.1001E+02   -.1005E+02   -.1006E+02   -.9920E+01   -.9035E+01   -.5924E+01   -.2614E+00   -.3937E+00   -.1800E+00   -.3291E+00   -.2498E+00   -.3013E+00   -.2667E+00   -.2892E+00   -.2720E+00   -.2839E+00   -.2736E+00   -.2818E+00   -.2758E+00   -.2809E+00   -.2760E+00   -.2811E+00
0.1560E+02   -.9001E+01   -.9001E+01   -.9002E+01   -.9002E+01   -.9002E+01   -.9003E+01   -.9003E+01   -.9003E+01   -.9004E+01   -.9004E+01   -.9005E+01   -.9005E+01   -.9006E+01   -.9006E+01   -.9007E+01   -.9008E+01   -.9008E+01   -.9009E+01   -.9010E+01   -.9011E+01   -.9012E+01   -.9013E+01   -.9014E+01   -.9015E+01   -.9016E+01   -.9017E+01   -.9018E+01   -.9019E+01   -.9021E+01   -.9022E+01   -.9024E+01   -.9026E+01   -.9027E+01   -.9029E+01   -.9031E+01   -.9034E+01   -.9036E+01   -.9038E+01   -.9041E+01   -.9044E+01   -.9047E+01   -.9050E+01   -.9053E+01   -.9057E+01   -.9061E+01   -.9065E+01   -.9069E+01   -.9074E+01   -.9079E+01   -.9084E+01   -.9090E+01   -.9097E+01   -.9103E+01   -.9111E+01   -.9119E+01   -.9128E+01   -.9137E+01   -.9148E+01   -.9160E+01   -.9174E+01   -.9188E+01   -.9205E+01   -.9223E+01   -.9245E+01   -.9268E+01   -.9297E+01   -.9327E+01   -.9367E+01   -.9408E+01   -.9462E+01   -.9521E+01   -.9597E+01   -.9679E+01   -.9782E+01   -.9881E+01   -.9984E+01   -.1004E+02   -.1006E+02   -.1002E+02   -.9528E+01   -.7425E+01   -.1570E+01   -.3953E+00   -.2080E+00   -.3062E+00   -.2606E+00   -.2946E+00   -.2713E+00   -.2866E+00   -.2742E+00   -.2827E+00   -.2748E+00   -.2808E+00   -.2765E+00   -.2806E+00   -.2764E+00   -.2808E+00   -.2783E+00
0.1582E+02   -.9001E+01   -.9001E+01   -.9002E+01   -.9002E+01   -.9002E+01   -.9003E+01   -.9003E+01   -.9004E+01   -.9004E+01   -.9005E+01   -.9005E+01   -.9006E+01   -.9006E+01   -.9007E+01   -.9007E+01   -.9008E+01   -.9009E+01   -.9010E+01   -.9010E+01   -.9011E+01   -.9012E+01   -.9013E+01   -.9014E+01   -.9015E+01   -.9017E+01   -.9018E+01   -.9019E+01   -.9020E+01   -.9022E+01   -.9023E+01   -.9025E+01   -.9027E+01   -.9029E+01   -.9031E+01   -.9033E+01   -.9035E+01   -.9038E+01   -.9040E+01   -.9043E+01   -.9046E+01   -.9049E+01   -.9052E+01   -.9056E+01   -.9059E+01   -.9063E+01   -.9068E+01   -.9072E+01   -.9077E+01   -.9083E+01   -.9088E+01   -.9094E+01   -.9101E+01   -.9108E+01   -.9116E+01   -.9125E+01   -.9134E+01   -.9145E+01   -.9156E+01   -.9169E+01   -.9183E+01   -.9199E+01   -.9217E+01   -.9237E+01   -.9260E+01   -.9286E+01   -.9317E+01   -.9352E+01   -.9394E+01   -.9442E+01   -.9501E+01   -.9569E+01   -.9650E+01   -.9744E+01   -.9847E+01   -.9948E+01   -.1003E+02   -.1006E+02   -.1004E+02   -.9739E+01   -.8292E+01   -.3914E+01   -.3231E+00   -.3080E+00   -.2381E+00   -.2975E+00   -.2705E+00   -.2875E+00   -.2759E+00   -.2822E+00   -.2769E+00   -.2797E+00   -.2770E+00   -.2793E+00   -.2780E+00   -.2789E+00   -.2782E+00   -.2799E+00   -.2795E+00
0.1603E+02   -.9001E+01   -.9001E+01   -.9002E+01   -.9002E+01   -.9003E+01   -.9003E+01   -.9003E+01   -.9004E+01   -.9004E+01   -.9005E+01   -.9005E+01   -.9006E+01   -.9007E+01   -.9007E+01   -.9008E+01   -.9009E+01   -.9009E+01   -.9010E+01   -.9011E+01   -.9012E+01   -.9013E+01   -.9014E+01   -.9015E+01   -.9016E+01   -.9017E+01   -.9019E+01   -.9020E+01   -.9021E+01   -.9023E+01   -.9025E+01   -.9026E+01   -.9028E+01   -.9030E+01   -.9032E+01   -.9034E+01   -.9037E+01   -.9039E+01   -.9042E+01   -.9045E+01   -.9048E+01   -.9051E+01   -.9054E+01   -.9058E+01   -.9062E+01   -.9066E+01   -.9071E+01   -.9076E+01   -.9081E+01   -.9086E+01   -.9092E+01   -.9099E+01   -.9106E+01   -.9113E+01   -.9121E+01   -.9131E+01   -.9140E+01   -.9152E+01   -.9163E+01   -.9178E+01   -.9192E+01   -.9211E+01   -.9229E+01   -.9252E+01   -.9276E+01   -.9307E+01   -.9338E+01   -.9379E+01   -.9422E+01   -.9480E+01   -.9541E+01   -.9622E+01   -.9707E+01   -.9813E+01   -.9911E+01   -.1001E+02   -.1005E+02   -.1006E+02   -.9950E+01   -.9159E+01   -.6259E+01   -.2507E+00   -.4080E+00   -.1703E+00   -.3344E+00   -.2464E+00   -.3036E+00   -.2652E+00   -.2903E+00   -.2711E+00   -.2846E+00   -.2731E+00   -.2822E+00   -.2754E+00   -.2813E+00   -.2757E+00   -.2816E+00   -.2775E+00   -.2817E+00
0.1625E+02   -.9001E+01   -.9002E+01   -.9002E+01   -.9002E+01   -.9003E+01   -.9003E+01   -.9004E+01   -.9004E+01   -.9004E+01   -.9005E+01   -.9006E+01   -.9006E+01   -.9007E+01   -.9008E+01   -.9008E+01   -.9009E+01   -.9010E+01   -.9011E+01   -.9012E+01   -.9013E+01   -.9013E+01   -.9015E+01   -.9016E+01   -.9017E+01   -.9018E+01   -.9019E+01   -.9021E+01   -.9022E+01   -.9024E+01   -.9026E+01   -.9028E+01   -.9029E+01   -.9032E+01   -.9034E+01   -.9036E+01   -.9038E+01   -.9041E+01   -.9044E+01   -.9047E+01   -.9050E+01   -.9053E+01   -.9057E+01   -.9061E+01   -.9065E+01   -.9069E+01   -.9074E+01   -.9079E+01   -.9084E+01   -.9090E+01   -.9097E+01   -.9104E+01   -.9111E+01   -.9119E+01   -.9128E+01   -.9137E+01   -.9148E+01   -.9160E+01   -.9173E+01   -.9187E+01   -.9204E+01   -.9222E+01   -.9244E+01   -.9267E+01   -.9296E+01   -.9326E+01   -.9365E+01   -.9406E+01   -.9460E+01   -.9518E+01   -.9593E+01   -.9675E+01   -.9777E+01   -.9876E+01   -.9979E+01   -.1004E+02   -.1006E+02   -.1002E+02   -.9558E+01   -.7548E+01   -.1905E+01   -.3848E+00   -.2222E+00   -.2965E+00   -.2659E+00   -.2911E+00   -.2737E+00   -.2851E+00   -.2753E+00   -.2819E+00   -.2755E+00   -.2803E+00   -.2769E+00   -.2803E+00   -.2769E+00   -.2804E+00   -.2784E+00   -.2811E+00   -.2797E+00
0.1647E+02   -.9001E+01   -.9002E+01   -.9002E+01   -.9002E+01   -.9003E+01   -.9003E+01   -.9004E+01   -.9004E+01   -.9005E+01   -.9005E+01   -.9006E+01   -.9007E+01   -.9007E+01   -.9008E+01   -.9009E+01   -.9009E+01   -.9010E+01   -.9011E+01   -.9012E+01   -.9013E+01   -.9014E+01   -.9015E+01   -.9016E+01   -.9018E+01   -.9019E+01   -.9020E+01   -.9022E+01   -.9024E+01   -.9025E+01   -.9027E+01   -.9029E+01   -.9031E+01   -.9033E+01   -.9035E+01   -.9038E+01   -.9040E+01   -.9043E+01   -.9046E+01   -.9049E+01   -.9052E+01   -.9056E+01   -.9059E+01   -.9063E+01   -.9068E+01   -.9072E+01   -.9077E+01   -.9083E+01   -.9088E+01   -.9095E+01   -.9101E+01   -.9108E+01   -.9116E+01   -.9125E+01   -.9134E+01   -.9144E+01   -.9156E+01   -.9169E+01   -.9182E+01   -.9198E+01   -.9216E+01   -.9236E+01   -.9259E+01   -.9285E+01   -.9316E+01   -.9350E+01   -.9392E+01   -.9440E+01   -.9498E+01   -.9565E+01   -.9647E+01   -.9739E+01   -.9842E+01   -.9943E+01   -.1002E+02   -.1006E+02   -.1004E+02   -.9769E+01   -.8416E+01   -.4249E+01   -.3125E+00   -.3222E+00   -.2284E+00   -.3028E+00   -.2670E+00   -.2898E+00   -.2743E+00   -.2834E+00   -.2761E+00   -.2804E+00   -.2764E+00   -.2797E+00   -.2777E+00   -.2793E+00   -.2779E+00   -.2802E+00   -.2792E+00   -.2809E+00   -.2803E+00
0.1668E+02   -.9001E+01   -.9002E+01   -.9002E+01   -.9002E+01   -.9003E+01   -.9003E+01   -.9004E+01   -.9004E+01   -.9005E+01   -.9006E+01   -.9006E+01   -.9007E+01   -.9008E+01   -.9008E+01   -.9009E+01   -.9010E+01   -.9011E+01   -.9012E+01   -.9013E+01   -.9014E+01   -.9015E+01   -.9016E+01   -.9017E+01   -.9019E+01   -.9020E+01   -.9021E+01   -.9023E+01   -.9025E+01   -.9026E+01   -.9028E+01   -.9030E+01   -.9032E+01   -.9034E+01   -.9037E+01   -.9039E+01   -.9042E+01   -.9045E+01   -.9048E+01   -.9051E+01   -.9054E+01   -.9058E+01   -.9062E+01   -.9066E+01   -.9070E+01   -.9076E+01   -.9081E+01   -.9086E+01   -.9092E+01   -.9099E+01   -.9106E+01   -.9114E+01   -.9122E+01   -.9131E+01   -.9140E+01   -.9152E+01   -.9163E+01   -.9178E+01   -.9192E+01   -.9210E+01   -.9227E+01   -.9252E+01   -.9274E+01   -.9305E+01   -.9336E+01   -.9378E+01   -.9420E+01   -.9477E+01   -.9537E+01   -.9618E+01   -.9702E+01   -.9809E+01   -.9906E+01   -.1001E+02   -.1005E+02   -.1006E+02   -.9980E+01   -.9283E+01   -.6594E+01   -.2400E+00   -.4222E+00   -.1605E+00   -.3396E+00   -.2430E+00   -.3059E+00   -.2636E+00   -.2915E+00   -.2703E+00   -.2853E+00   -.2726E+00   -.2826E+00   -.2751E+00   -.2817E+00   -.2754E+00   -.2819E+00   -.2773E+00   -.2821E+00   -.2787E+00   -.2823E+00
0.1690E+02   -.9001E+01   -.9002E+01   -.9002E+01   -.9003E+01   -.9003E+01   -.9003E+01   -.9004E+01   -.9005E+01   -.9005E+01   -.9006E+01   -.9006E+01   -.9007E+01   -.9008E+01   -.9009E+01   -.9010E+01   -.9010E+01   -.9011E+01   -.9012E+01   -.9013E+01   -.9014E+01   -.9016E+01   -.9017E+01   -.9018E+01   -.9019E+01   -.9021E+01   -.9022E+01   -.9024E+01   -.9026E+01   -.9028E+01   -.9030E+01   -.9032E+01   -.9034E+01   -.9036E+01   -.9038E+01   -.9041E+01   -.9044E+01   -.9047E+01   -.9050E+01   -.9053E+01   -.9057E+01   -.9061E+01   -.9065E+01   -.9069E+01   -.9074E+01   -.9079E+01   -.9084E+01   -.9090E+01   -.9097E+01   -.9104E+01   -.9111E+01   -.9119E+01   -.9128E+01   -.9137E+01   -.9148E+01   -.9159E+01   -.9173E+01   -.9187E+01   -.9204E+01   -.9222E+01   -.9243E+01   -.9266E+01   -.9295E+01   -.9325E+01   -.9363E+01   -.9405E+01   -.9457E+01   -.9516E+01   -.9590E+01   -.9672E+01   -.9772E+01   -.9872E+01   -.9974E+01   -.1004E+02   -.1006E+02   -.1003E+02   -.9588E+01   -.7672E+01   -.2239E+01   -.3743E+00   -.2364E+00   -.2867E+00   -.2712E+00   -.2877E+00   -.2760E+00   -.2835E+00   -.2765E+00   -.2811E+00   -.2763E+00   -.2798E+00   -.2773E+00   -.2799E+00   -.2772E+00   -.2801E+00   -.2787E+00   -.2808E+00   -.2798E+00   -.2815E+00   -.2809E+00
0.1712E+02   -.9001E+01   -.9002E+01   -.9002E+01   -.9003E+01   -.9003E+01   -.9004E+01   -.9004E+01   -.9005E+01   -.9005E+01   -.9006E+01   -.9007E+01   -.9008E+01   -.9008E+01   -.9009E+01   -.9010E+01   -.9011E+01   -.9012E+01   -.9013E+01   -.9014E+01   -.9015E+01   -.9016E+01   -.9018E+01   -.9019E+01   -.9020E+01   -.9022E+01   -.9023E+01   -.9025E+01   -.9027E+01   -.9029E+01   -.9031E+01   -.9033E+01   -.9035E+01   -.9038E+01   -.9040E+01   -.9043E+01   -.9046E+01   -.9049E+01   -.9052E+01   -.9056E+01   -.9059E+01   -.9063E+01   -.9068E+01   -.9072E+01   -.9077E+01   -.9083E+01   -.9088E+01   -.9094E+01   -.9101E+01   -.9108E+01   -.9116E+01   -.9125E+01   -.9134E+01   -.9144E+01   -.9156E+01   -.9168E+01   -.9182E+01   -.9198E+01   -.9215E+01   -.9235E+01   -.9258E+01   -.9284E+01   -.9315E+01   -.9349E+01   -.9390E+01   -.9437E+01   -.9495E+01   -.9562E+01   -.9643E+01   -.9734E+01   -.9838E+01   -.9938E+01   -.1002E+02   -.1006E+02   -.1005E+02   -.9799E+01   -.8540E+01   -.4584E+01   -.3018E+00   -.3364E+00   -.2187E+00   -.3081E+00   -.2636E+00   -.2922E+00   -.2728E+00   -.2846E+00   -.2753E+00   -.2812E+00   -.2759E+00   -.2802E+00   -.2774E+00   -.2797E+00   -.2776E+00   -.2805E+00   -.2790E+00   -.2811E+00   -.2801E+00   -.2818E+00   -.2811E+00
0.1733E+02   -.9001E+01   -.9002E+01   -.9002E+01   -.9003E+01   -.9003E+01   -.9004E+01   -.9004E+01   -.9005E+01   -.9006E+01   -.9006E+01   -.9007E+01   -.9008E+01   -.9009E+01   -.9010E+01   -.9010E+01   -.9011E+01   -.9012E+01   -.9013E+01   -.9015E+01   -.9016E+01   -.9017E+01   -.9018E+01   -.9020E+01   -.9021E+01   -.9023E+01   -.9024E+01   -.9026E+01   -.9028E+01   -.9030E+01   -.9032E+01   -.9034E+01   -.9037E+01   -.9039E+01   -.9042E+01   -.9045E+01   -.9048E+01   -.9051E+01   -.9054E+01   -.9058E+01   -.9062E+01   -.9066E+01   -.9071E+01   -.9075E+01   -.9080E+01   -.9086E+01   -.9092E+01   -.9099E+01   -.9106E+01   -.9113E+01   -.9122E+01   -.9131E+01   -.9140E+01   -.9152E+01   -.9163E+01   -.9177E+01   -.9191E+01   -.9210E+01   -.9227E+01   -.9251E+01   -.9272E+01   -.9304E+01   -.9334E+01   -.9376E+01   -.9417E+01   -.9475E+01   -.9533E+01   -.9614E+01   -.9696E+01   -.9804E+01   -.9901E+01   -.1001E+02   -.1005E+02   -.1007E+02   -.1001E+02   -.9407E+01   -.6929E+01   -.2292E+00   -.4365E+00   -.1508E+00   -.3449E+00   -.2395E+00   -.3083E+00   -.2621E+00   -.2927E+00   -.2695E+00   -.2860E+00   -.2720E+00   -.2830E+00   -.2747E+00   -.2820E+00   -.2750E+00   -.2821E+00   -.2770E+00   -.2823E+00   -.2786E+00   -.2826E+00   -.2798E+00   -.2828E+00
0.1755E+02   -.9001E+01   -.9002E+01   -.9002E+01   -.9003E+01   -.9003E+01   -.9004E+01   -.9005E+01   -.9005E+01   -.9006E+01   -.9007E+01   -.9007E+01   -.9008E+01   -.9009E+01   -.9010E+01   -.9011E+01   -.9012E+01   -.9013E+01   -.9014E+01   -.9015E+01   -.9017E+01   -.9018E+01   -.9019E+01   -.9021E+01   -.9022E+01   -.9024E+01   -.9026E+01   -.9027E+01   -.9029E+01   -.9031E+01   -.9034E+01   -.9036E+01   -.9038E+01   -.9041E+01   -.9044E+01   -.9047E+01   -.9050E+01   -.9053E+01   -.9057E+01   -.9061E+01   -.9065E+01   -.9069E+01   -.9074E+01   -.9079E+01   -.9084E+01   -.9090E+01   -.9096E+01   -.9103E+01   -.9111E+01   -.9119E+01   -.9128E+01   -.9137E+01   -.9148E+01   -.9159E+01   -.9172E+01   -.9186E+01   -.9203E+01   -.9221E+01   -.9242E+01   -.9265E+01   -.9293E+01   -.9324E+01   -.9361E+01   -.9403E+01   -.9455E+01   -.9513E+01   -.9586E+01   -.9668E+01   -.9766E+01   -.9867E+01   -.9969E+01   -.1004E+02   -.1006E+02   -.1003E+02   -.9618E+01   -.7796E+01   -.2574E+01   -.3638E+00   -.2507E+00   -.2770E+00   -.2764E+00   -.2843E+00   -.2783E+00   -.2820E+00   -.2777E+00   -.2803E+00   -.2770E+00   -.2792E+00   -.2777E+00   -.2796E+00   -.2776E+00   -.2798E+00   -.2790E+00   -.2806E+00   -.2800E+00   -.2813E+00   -.2810E+00   -.2820E+00   -.2818E+00
0.1777E+02   -.9001E+01   -.9002E+01   -.9002E+01   -.9003E+01   -.9004E+01   -.9004E+01   -.9005E+01   -.9005E+01   -.9006E+01   -.9007E+01   -.9008E+01   -.9009E+01   -.9009E+01   -.9010E+01   -.9011E+01   -.9012E+01   -.9014E+01   -.9015E+01   -.9016E+01   -.9017E+01   -.9019E+01   -.9020E+01   -.9022E+01   -.9023E+01   -.9025E+01   -.9027E+01   -.9029E+01   -.9031E+01   -.9033E+01   -.9035E+01   -.9038E+01   -.9040E+01   -.9043E+01   -.9046E+01   -.9049E+01   -.9052E+01   -.9056E+01   -.9059E+01   -.9063E+01   -.9067E+01   -.9072E+01   -.9077E+01   -.9082E+01   -.9088E+01   -.9094E+01   -.9101E+01   -.9108E+01   -.9116E+01   -.9125E+01   -.9134E+01   -.9144E+01   -.9156E+01   -.9168E+01   -.9182E+01   -.9197E+01   -.9215E+01   -.9234E+01   -.9257E+01   -.9283E+01   -.9313E+01   -.9347E+01   -.9388E+01   -.9435E+01   -.9493E+01   -.9558E+01   -.9639E+01   -.9729E+01   -.9833E+01   -.9933E+01   -.1002E+02   -.1006E+02   -.1005E+02   -.9830E+01   -.8663E+01   -.4919E+01   -.2912E+00   -.3506E+00   -.2089E+00   -.3134E+00   -.2602E+00   -.2945E+00   -.2713E+00   -.2858E+00   -.2745E+00   -.2819E+00   -.2754E+00   -.2806E+00   -.2770E+00   -.2800E+00   -.2773E+00   -.2807E+00   -.2788E+00   -.2813E+00   -.2799E+00   -.2819E+00   -.2809E+00   -.2825E+00   -.2818E+00
0.1798E+02   -.9002E+01   -.9002E+01   -.9003E+01   -.9003E+01   -.9004E+01   -.9004E+01   -.9005E+01   -.9006E+01   -.9006E+01   -.9007E+01   -.9008E+01   -.9009E+01   -.9010E+01   -.9011E+01   -.9012E+01   -.9013E+01   -.9014E+01   -.9015E+01   -.9017E+01   -.9018E+01   -.9019E+01   -.9021E+01   -.9023E+01   -.9024E+01   -.9026E+01   -.9028E+01   -.9030E+01   -.9032E+01   -.9034E+01   -.9037E+01   -.9039E+01   -.9042E+01   -.9045E+01   -.9048E+01   -.9051E+01   -.9054E+01   -.9058E+01   -.9062E+01   -.9066E+01   -.9070E+01   -.9075E+01   -.9080E+01   -.9086E+01   -.9092E+01   -.9099E+01   -.9105E+01   -.9113E+01   -.9121E+01   -.9131E+01   -.9140E+01   -.9151E+01   -.9163E+01   -.9177E+01   -.9191E+01   -.9209E+01   -.9226E+01   -.9250E+01   -.9272E+01   -.9303E+01   -.9332E+01   -.9374E+01   -.9415E+01   -.9472E+01   -.9531E+01   -.9610E+01   -.9693E+01   -.9799E+01   -.9896E+01   -.1000E+02   -.1005E+02   -.1007E+02   -.1001E+02   -.9437E+01   -.7053E+01   -.5638E+00   -.4261E+00   -.1650E+00   -.3352E+00   -.2448E+00   -.3048E+00   -.2644E+00   -.2912E+00   -.2706E+00   -.2852E+00   -.2727E+00   -.2824E+00   -.2751E+00   -.2816E+00   -.2754E+00   -.2818E+00   -.2773E+00   -.2820E+00   -.2788E+00   -.2824E+00   -.2800E+00   -.2828E+00   -.2809E+00   -.2830E+00
0.1820E+02   -.9002E+01   -.9002E+01   -.9003E+01   -.9003E+01   -.9004E+01   -.9004E+01   -.9005E+01   -.9006E+01   -.9007E+01   -.9008E+01   -.9008E+01   -.9009E+01   -.9010E+01   -.9011E+01   -.9012E+01   -.9014E+01   -.9015E+01   -.9016E+01   -.9017E+01   -.9019E+01   -.9020E+01   -.9022E+01   -.9024E+01   -.9025E+01   -.9027E+01   -.9029E+01   -.9031E+01   -.9033E+01   -.9036E+01   -.9038E+01   -.9041E+01   -.9044E+01   -.9047E+01   -.9050E+01   -.9053E+01   -.9057E+01   -.9060E+01   -.9064E+01   -.9069E+01   -.9073E+01   -.9079E+01   -.9084E+01   -.9090E+01   -.9096E+01   -.9103E+01   -.9110E+01   -.9119E+01   -.9127E+01   -.9137E+01   -.9148E+01   -.9159E+01   -.9172E+01   -.9186E+01   -.9202E+01   -.9220E+01   -.9241E+01   -.9265E+01   -.9291E+01   -.9323E+01   -.9359E+01   -.9401E+01   -.9452E+01   -.9510E+01   -.9582E+01   -.9664E+01   -.9761E+01   -.9863E+01   -.9964E+01   -.1003E+02   -.1006E+02   -.1003E+02   -.9648E+01   -.7920E+01   -.2909E+01   -.3533E+00   -.2649E+00   -.2673E+00   -.2817E+00   -.2809E+00   -.2806E+00   -.2805E+00   -.2788E+00   -.2795E+00   -.2777E+00   -.2787E+00   -.2781E+00   -.2792E+00   -.2780E+00   -.2794E+00   -.2792E+00   -.2803E+00   -.2802E+00   -.2812E+00   -.2811E+00   -.2819E+00   -.2819E+00   -.2824E+00   -.2824E+00
0.1842E+02   -.9002E+01   -.9002E+01   -.9003E+01   -.9003E+01   -.9004E+01   -.9005E+01   -.9005E+01   -.9006E+01   -.9007E+01   -.9008E+01   -.9009E+01   -.9010E+01   -.9011E+01   -.9012E+01   -.9013E+01   -.9014E+01   -.9016E+01   -.9017E+01   -.9018E+01   -.9020E+01   -.9021E+01   -.9023E+01   -.9025E+01   -.9026E+01   -.9028E+01   -.9030E+01   -.9033E+01   -.9035E+01   -.9037E+01   -.9040E+01   -.9043E+01   -.9046E+01   -.9049E+01   -.9052E+01   -.9055E+01   -.9059E+01   -.9063E+01   -.9067E+01   -.9072E+01   -.9077E+01   -.9082E+01   -.9088E+01   -.9094E+01   -.9100E+01   -.9108E+01   -.9116E+01   -.9124E+01   -.9134E+01   -.9144E+01   -.9155E+01   -.9168E+01   -.9182E+01   -.9196E+01   -.9214E+01   -.9233E+01   -.9256E+01   -.9281E+01   -.9311E+01   -.9345E+01   -.9386E+01   -.9432E+01   -.9490E+01   -.9554E+01   -.9635E+01   -.9724E+01   -.9829E+01   -.9928E+01   -.1002E+02   -.1006E+02   -.1005E+02   -.9860E+01   -.8787E+01   -.5254E+01   -.2805E+00   -.3649E+00   -.1992E+00   -.3186E+00   -.2567E+00   -.2968E+00   -.2698E+00   -.2870E+00   -.2737E+00   -.2826E+00   -.2748E+00   -.2810E+00   -.2767E+00   -.2804E+00   -.2770E+00   -.2810E+00   -.2785E+00   -.2815E+00   -.2798E+00   -.2821E+00   -.2808E+00   -.2827E+00   -.2816E+00   -.2830E+00   -.2823E+00
0.1863E+02   -.9002E+01   -.9002E+01   -.9003E+01   -.9003E+01   -.9004E+01   -.9005E+01   -.9006E+01   -.9006E+01   -.9007E+01   -.9008E+01   -.9009E+01   -.9010E+01   -.9011E+01   -.9012E+01   -.9014E+01   -.9015E+01   -.9016E+01   -.9018E+01   -.9019E+01   -.9021E+01   -.9022E+01   -.9024E+01   -.9026E+01   -.9028E+01   -.9030E+01   -.9032E+01   -.9034E+01   -.9036E+01   -.9039E+01   -.9042E+01   -.9044E+01   -.9047E+01   -.9051E+01   -.9054E+01   -.9058E+01   -.9062E+01   -.9066E+01   -.9070E+01   -.9075E+01   -.9080E+01   -.9086E+01   -.9092E+01   -.9098E+01   -.9105E+01   -.9113E+01   -.9121E+01   -.9130E+01   -.9140E+01   -.9151E+01   -.9163E+01   -.9177E+01   -.9191E+01   -.9208E+01   -.9226E+01   -.9248E+01   -.9271E+01   -.9302E+01   -.9331E+01   -.9372E+01   -.9413E+01   -.9470E+01   -.9528E+01   -.9606E+01   -.9689E+01   -.9794E+01   -.9892E+01   -.9996E+01   -.1005E+02   -.1007E+02   -.1002E+02   -.9467E+01   -.7177E+01   -.8985E+00   -.4157E+00   -.1793E+00   -.3255E+00   -.2501E+00   -.3014E+00   -.2667E+00   -.2897E+00   -.2718E+00   -.2844E+00   -.2734E+00   -.2819E+00   -.2755E+00   -.2813E+00   -.2758E+00   -.2815E+00   -.2776E+00   -.2818E+00   -.2790E+00   -.2822E+00   -.2802E+00   -.2827E+00   -.2811E+00   -.2830E+00   -.2817E+00   -.2832E+00
0.1885E+02   -.9002E+01   -.9002E+01   -.9003E+01   -.9004E+01   -.9004E+01   -.9005E+01   -.9006E+01   -.9007E+01   -.9008E+01   -.9009E+01   -.9010E+01   -.9011E+01   -.9012E+01   -.9013E+01   -.9014E+01   -.9016E+01   -.9017E+01   -.9018E+01   -.9020E+01   -.9022E+01   -.9023E+01   -.9025E+01   -.9027E+01   -.9029E+01   -.9031E+01   -.9033E+01   -.9035E+01   -.9038E+01   -.9041E+01   -.9043E+01   -.9046E+01   -.9049E+01   -.9053E+01   -.9056E+01   -.9060E+01   -.9064E+01   -.9069E+01   -.9073E+01   -.9078E+01   -.9084E+01   -.9089E+01   -.9096E+01   -.9103E+01   -.9110E+01   -.9118E+01   -.9127E+01   -.9137E+01   -.9147E+01   -.9159E+01   -.9172E+01   -.9186E+01   -.9202E+01   -.9220E+01   -.9240E+01   -.9263E+01   -.9290E+01   -.9321E+01   -.9357E+01   -.9399E+01   -.9448E+01   -.9508E+01   -.9578E+01   -.9660E+01   -.9756E+01   -.9858E+01   -.9959E+01   -.1003E+02   -.1006E+02   -.1004E+02   -.9679E+01   -.8044E+01   -.3244E+01   -.3427E+00   -.2792E+00   -.2576E+00   -.2870E+00   -.2774E+00   -.2829E+00   -.2790E+00   -.2800E+00   -.2786E+00   -.2784E+00   -.2781E+00   -.2786E+00   -.2788E+00   -.2783E+00   -.2791E+00   -.2795E+00   -.2801E+00   -.2804E+00   -.2810E+00   -.2813E+00   -.2818E+00   -.2820E+00   -.2823E+00   -.2825E+00   -.2827E+00   -.2828E+00
0.1907E+02   -.9002E+01   -.9002E+01   -.9003E+01   -.9004E+01   -.9004E+01   -.9005E+01   -.9006E+01   -.9007E+01   -.9008E+01   -.9009E+01   -.9010E+01   -.9011E+01   -.9012E+01   -.9014E+01   -.9015E+01   -.9016E+01   -.9018E+01   -.9019E+01   -.9021E+01   -.9022E+01   -.9024E+01   -.9026E+01   -.9028E+01   -.9030E+01   -.9032E+01   -.9034E+01   -.9037E+01   -.9040E+01   -.9042E+01   -.9045E+01   -.9048E+01   -.9052E+01   -.9055E+01   -.9059E+01   -.9063E+01   -.9067E+01   -.9072E+01   -.9076E+01   -.9082E+01   -.9087E+01   -.9093E+01   -.9100E+01   -.9107E+01   -.9115E+01   -.9124E+01   -.9133E+01   -.9143E+01   -.9155E+01   -.9167E+01   -.9181E+01   -.9196E+01   -.9214E+01   -.9233E+01   -.9255E+01   -.9280E+01   -.9310E+01   -.9343E+01   -.9384E+01   -.9430E+01   -.9486E+01   -.9550E+01   -.9631E+01   -.9719E+01   -.9824E+01   -.9923E+01   -.1002E+02   -.1006E+02   -.1006E+02   -.9890E+01   -.8911E+01   -.5589E+01   -.2699E+00   -.3791E+00   -.1894E+00   -.3239E+00   -.2533E+00   -.2992E+00   -.2683E+00   -.2882E+00   -.2729E+00   -.2833E+00   -.2743E+00   -.2815E+00   -.2764E+00   -.2808E+00   -.2767E+00   -.2813E+00   -.2783E+00   -.2818E+00   -.2796E+00   -.2823E+00   -.2807E+00   -.2828E+00   -.2816E+00   -.2832E+00   -.2822E+00   -.2834E+00   -.2827E+00
0.1928E+02   -.9002E+01   -.9003E+01   -.9003E+01   -.9004E+01   -.9005E+01   -.9005E+01   -.9006E+01   -.9007E+01   -.9008E+01   -.9009E+01   -.9010E+01   -.9012E+01   -.9013E+01   -.9014E+01   -.9015E+01   -.9017E+01   -.9018E+01   -.9020E+01   -.9022E+01   -.9023E+01   -.9025E+01   -.9027E+01   -.9029E+01   -.9031E+01   -.9034E+01   -.9036E+01   -.9039E+01   -.9041E+01   -.9044E+01   -.9047E+01   -.9050E+01   -.9054E+01   -.9057E+01   -.9061E+01   -.9065E+01   -.9070E+01   -.9075E+01   -.9080E+01   -.9085E+01   -.9091E+01   -.9098E+01   -.9105E+01   -.9112E+01   -.9120E+01   -.9130E+01   -.9140E+01   -.9150E+01   -.9163E+01   -.9176E+01   -.9191E+01   -.9208E+01   -.9226E+01   -.9247E+01   -.9270E+01   -.9299E+01   -.9330E+01   -.9370E+01   -.9411E+01   -.9467E+01   -.9524E+01   -.9603E+01   -.9685E+01   -.9789E+01   -.9887E+01   -.9990E+01   -.1005E+02   -.1007E+02   -.1002E+02   -.9497E+01   -.7301E+01   -.1233E+01   -.4052E+00   -.1935E+00   -.3158E+00   -.2553E+00   -.2980E+00   -.2690E+00   -.2882E+00   -.2729E+00   -.2835E+00   -.2741E+00   -.2814E+00   -.2759E+00   -.2809E+00   -.2761E+00   -.2811E+00   -.2778E+00   -.2815E+00   -.2792E+00   -.2820E+00   -.2803E+00   -.2825E+00   -.2812E+00   -.2829E+00   -.2818E+00   -.2831E+00   -.2823E+00   -.2833E+00
0.1950E+02   -.9002E+01   -.9003E+01   -.9003E+01   -.9004E+01   -.9005E+01   -.9006E+01   -.9007E+01   -.9008E+01   -.9009E+01   -.9010E+01   -.9011E+01   -.9012E+01   -.9013E+01   -.9015E+01   -.9016E+01   -.9018E+01   -.9019E+01   -.9021E+01   -.9023E+01   -.9024E+01   -.9026E+01   -.9028E+01   -.9030E+01   -.9033E+01   -.9035E+01   -.9037E+01   -.9040E+01   -.9043E+01   -.9046E+01   -.9049E+01   -.9052E+01   -.9056E+01   -.9060E+01   -.9064E+01   -.9068E+01   -.9073E+01   -.9078E+01   -.9083E+01   -.9089E+01   -.9095E+01   -.9102E+01   -.9109E+01   -.9117E+01   -.9126E+01   -.9136E+01   -.9147E+01   -.9158E+01   -.9171E+01   -.9186E+01   -.9202E+01   -.9220E+01   -.9240E+01   -.9263E+01   -.9289E+01   -.9319E+01   -.9355E+01   -.9397E+01   -.9446E+01   -.9505E+01   -.9573E+01   -.9656E+01   -.9751E+01   -.9853E+01   -.9954E+01   -.1003E+02   -.1006E+02   -.1004E+02   -.9709E+01   -.8168E+01   -.3578E+01   -.3322E+00   -.2935E+00   -.2478E+00   -.2923E+00   -.2740E+00   -.2852E+00   -.2775E+00   -.2812E+00   -.2778E+00   -.2791E+00   -.2776E+00   -.2790E+00   -.2785E+00   -.2787E+00   -.2788E+00   -.2798E+00   -.2798E+00   -.2806E+00   -.2808E+00   -.2814E+00   -.2816E+00   -.2821E+00   -.2822E+00   -.2826E+00   -.2827E+00   -.2829E+00   -.2830E+00   -.2832E+00
0.1972E+02   -.9002E+01   -.9003E+01   -.9003E+01   -.9004E+01   -.9005E+01   -.9006E+01   -.9007E+01   -.9008E+01   -.9009E+01   -.9010E+01   -.9011E+01   -.9013E+01   -.9014E+01   -.9015E+01   -.9017E+01   -.9018E+01   -.9020E+01   -.9022E+01   -.9023E+01   -.9025E+01   -.9027E+01   -.9029E+01   -.9032E+01   -.9034E+01   -.9036E+01   -.9039E+01   -.9042E+01   -.9045E+01   -.9048E+01   -.9051E+01   -.9055E+01   -.9058E+01   -.9062E+01   -.9067E+01   -.9071E+01   -.9076E+01   -.9081E+01   -.9087E+01   -.9093E+01   -.9100E+01   -.9107E+01   -.9115E+01   -.9123E+01   -.9132E+01   -.9143E+01   -.9154E+01   -.9166E+01   -.9180E+01   -.9196E+01   -.9213E+01   -.9232E+01   -.9255E+01   -.9279E+01   -.9309E+01   -.9341E+01   -.9382E+01   -.9427E+01   -.9483E+01   -.9547E+01   -.9625E+01   -.9714E+01   -.9819E+01   -.9918E+01   -.1001E+02   -.1005E+02   -.1006E+02   -.9920E+01   -.9035E+01   -.5924E+01   -.2592E+00   -.3933E+00   -.1796E+00   -.3292E+00   -.2499E+00   -.3015E+00   -.2668E+00   -.2894E+00   -.2721E+00   -.2841E+00   -.2738E+00   -.2820E+00   -.2760E+00   -.2812E+00   -.2764E+00   -.2817E+00   -.2781E+00   -.2820E+00   -.2795E+00   -.2825E+00   -.2806E+00   -.2830E+00   -.2815E+00   -.2833E+00   -.2821E+00   -.2835E+00   -.2826E+00   -.2837E+00   -.2830E+00
0.1993E+02   -.9002E+01   -.9003E+01   -.9004E+01   -.9004E+01   -.9005E+01   -.9006E+01   -.9007E+01   -.9008E+01   -.9009E+01   -.9011E+01   -.9012E+01   -.9013E+01   -.9015E+01   -.9016E+01   -.9018E+01   -.9019E+01   -.9021E+01   -.9023E+01   -.9024E+01   -.9026E+01   -.9028E+01   -.9031E+01   -.9033E+01   -.9035E+01   -.9038E+01   -.9041E+01   -.9044E+01   -.9047E+01   -.9050E+01   -.9053E+01   -.9057E+01   -.9061E+01   -.9065E+01   -.9070E+01   -.9074E+01   -.9079E+01   -.9085E+01   -.9091E+01   -.9097E+01   -.9104E+01   -.9112E+01   -.9120E+01   -.9129E+01   -.9139E+01   -.9150E+01   -.9162E+01   -.9175E+01   -.9190E+01   -.9207E+01   -.9225E+01   -.9247E+01   -.9270E+01   -.9298E+01   -.9329E+01   -.9367E+01   -.9409E+01   -.9464E+01   -.9521E+01   -.9599E+01   -.9679E+01   -.9784E+01   -.9882E+01   -.9985E+01   -.1004E+02   -.1006E+02   -.1002E+02   -.9527E+01   -.7424E+01   -.1568E+01   -.3948E+00   -.2077E+00   -.3061E+00   -.2606E+00   -.2946E+00   -.2713E+00   -.2867E+00   -.2741E+00   -.2827E+00   -.2747E+00   -.2808E+00   -.2764E+00   -.2806E+00   -.2764E+00   -.2808E+00   -.2781E+00   -.2813E+00   -.2793E+00   -.2818E+00   -.2804E+00   -.2824E+00   -.2813E+00   -.2828E+00   -.2819E+00   -.2831E+00   -.2824E+00   -.2833E+00   -.2827E+00   -.2834E+00
0.2015E+02   -.9002E+01   -.9003E+01   -.9004E+01   -.9005E+01   -.9005E+01   -.9006E+01   -.9007E+01   -.9009E+01   -.9010E+01   -.9011E+01   -.9012E+01   -.9014E+01   -.9015E+01   -.9017E+01   -.9018E+01   -.9020E+01   -.9022E+01   -.9024E+01   -.9025E+01   -.9028E+01   -.9030E+01   -.9032E+01   -.9034E+01   -.9037E+01   -.9040E+01   -.9042E+01   -.9045E+01   -.9049E+01   -.9052E+01   -.9056E+01   -.9059E+01   -.9063E+01   -.9068E+01   -.9073E+01   -.9078E+01   -.9083E+01   -.9089E+01   -.9095E+01   -.9102E+01   -.9109E+01   -.9117E+01   -.9126E+01   -.9135E+01   -.9145E+01   -.9158E+01   -.9170E+01   -.9185E+01   -.9201E+01   -.9219E+01   -.9239E+01   -.9262E+01   -.9288E+01   -.9318E+01   -.9353E+01   -.9395E+01   -.9443E+01   -.9502E+01   -.9569E+01   -.9652E+01   -.9744E+01   -.9849E+01   -.9949E+01   -.1003E+02   -.1006E+02   -.1004E+02   -.9739E+01   -.8292E+01   -.3913E+01   -.3216E+00   -.3077E+00   -.2381E+00   -.2975E+00   -.2706E+00   -.2876E+00   -.2760E+00   -.2824E+00   -.2770E+00   -.2798E+00   -.2770E+00   -.2794E+00   -.2781E+00   -.2790E+00   -.2784E+00   -.2800E+00   -.2795E+00   -.2808E+00   -.2806E+00   -.2815E+00   -.2815E+00   -.2822E+00   -.2821E+00   -.2827E+00   -.2826E+00   -.2830E+00   -.2829E+00   -.2832E+00   -.2832E+00   -.2834E+00
0.2037E+02   -.9002E+01   -.9003E+01   -.9004E+01   -.9005E+01   -.9006E+01   -.9007E+01   -.9008E+01   -.9009E+01   -.9010E+01   -.9011E+01   -.9013E+01   -.9014E+01   -.9016E+01   -.9017E+01   -.9019E+01   -.9021E+01   -.9023E+01   -.9024E+01   -.9026E+01   -.9029E+01   -.9031E+01   -.9033E+01   -.9036E+01   -.9038E+01   -.9041E+01   -.9044E+01   -.9047E+01   -.9051E+01   -.9054E+01   -.9058E+01   -.9062E+01   -.9066E+01   -.9071E+01   -.9076E+01   -.9081E+01   -.9086E+01   -.9093E+01   -.9099E+01   -.9106E+01   -.9114E+01   -.9122E+01   -.9132E+01   -.9142E+01   -.9153E+01   -.9166E+01   -.9179E+01   -.9195E+01   -.9212E+01   -.9232E+01   -.9253E+01   -.9279E+01   -.9308E+01   -.9340E+01   -.9380E+01   -.9423E+01   -.9480E+01   -.9543E+01   -.9622E+01   -.9709E+01   -.9813E+01   -.9913E+01   -.1001E+02   -.1005E+02   -.1006E+02   -.9951E+01   -.9159E+01   -.6259E+01   -.2485E+00   -.4076E+00   -.1699E+00   -.3345E+00   -.2464E+00   -.3039E+00   -.2653E+00   -.2906E+00   -.2713E+00   -.2848E+00   -.2733E+00   -.2824E+00   -.2757E+00   -.2816E+00   -.2761E+00   -.2820E+00   -.2779E+00   -.2823E+00   -.2793E+00   -.2827E+00   -.2806E+00   -.2832E+00   -.2815E+00   -.2835E+00   -.2821E+00   -.2837E+00   -.2826E+00   -.2838E+00   -.2830E+00   -.2840E+00   -.2834E+00
0.2058E+02   -.9002E+01   -.9003E+01   -.9004E+01   -.9005E+01   -.9006E+01   -.9007E+01   -.9008E+01   -.9009E+01   -.9011E+01   -.9012E+01   -.9013E+01   -.9015E+01   -.9016E+01   -.9018E+01   -.9020E+01   -.9022E+01   -.9023E+01   -.9025E+01   -.9028E+01   -.9030E+01   -.9032E+01   -.9035E+01   -.9037E+01   -.9040E+01   -.9043E+01   -.9046E+01   -.9049E+01   -.9053E+01   -.9056E+01   -.9060E+01   -.9065E+01   -.9069E+01   -.9074E+01   -.9079E+01   -.9084E+01   -.9090E+01   -.9097E+01   -.9104E+01   -.9111E+01   -.9119E+01   -.9128E+01   -.9138E+01   -.9149E+01   -.9161E+01   -.9175E+01   -.9189E+01   -.9206E+01   -.9225E+01   -.9246E+01   -.9270E+01   -.9297E+01   -.9328E+01   -.9366E+01   -.9407E+01   -.9460E+01   -.9519E+01   -.9595E+01   -.9675E+01   -.9778E+01   -.9877E+01   -.9981E+01   -.1004E+02   -.1006E+02   -.1003E+02   -.9558E+01   -.7548E+01   -.1903E+01   -.3843E+00   -.2219E+00   -.2964E+00   -.2658E+00   -.2911E+00   -.2736E+00   -.2851E+00   -.2752E+00   -.2819E+00   -.2754E+00   -.2803E+00   -.2767E+00   -.2802E+00   -.2768E+00   -.2804E+00   -.2783E+00   -.2810E+00   -.2795E+00   -.2816E+00   -.2806E+00   -.2822E+00   -.2814E+00   -.2827E+00   -.2820E+00   -.2830E+00   -.2824E+00   -.2832E+00   -.2827E+00   -.2834E+00   -.2830E+00   -.2835E+00
0.2080E+02   -.9002E+01   -.9003E+01   -.9004E+01   -.9005E+01   -.9006E+01   -.9007E+01   -.9008E+01   -.9010E+01   -.9011E+01   -.9012E+01   -.9014E+01   -.9015E+01   -.9017E+01   -.9019E+01   -.9021E+01   -.9022E+01   -.9024E+01   -.9027E+01   -.9029E+01   -.9031E+01   -.9033E+01   -.9036E+01   -.9039E+01   -.9042E+01   -.9045E+01   -.9048E+01   -.9051E+01   -.9055E+01   -.9059E+01   -.9063E+01   -.9067E+01   -.9072E+01   -.9077E+01   -.9082E+01   -.9088E+01   -.9094E+01   -.9101E+01   -.9108E+01   -.9116E+01   -.9125E+01   -.9134E+01   -.9145E+01   -.9156E+01   -.9169E+01   -.9184E+01   -.9200E+01   -.9218E+01   -.9238E+01   -.9261E+01   -.9287E+01   -.9318E+01   -.9352E+01   -.9393E+01   -.9441E+01   -.9498E+01   -.9565E+01   -.9648E+01   -.9739E+01   -.9844E+01   -.9943E+01   -.1003E+02   -.1006E+02   -.1005E+02   -.9770E+01   -.8415E+01   -.4248E+01   -.3110E+00   -.3221E+00   -.2284E+00   -.3028E+00   -.2671E+00   -.2899E+00   -.2744E+00   -.2836E+00   -.2761E+00   -.2805E+00   -.2765E+00   -.2798E+00   -.2777E+00   -.2794E+00   -.2780E+00   -.2803E+00   -.2793E+00   -.2809E+00   -.2803E+00   -.2817E+00   -.2813E+00   -.2823E+00   -.2820E+00   -.2827E+00   -.2825E+00   -.2830E+00   -.2828E+00   -.2833E+00   -.2831E+00   -.2835E+00   -.2833E+00   -.2837E+00
0.2102E+02   -.9002E+01   -.9003E+01   -.9004E+01   -.9005E+01   -.9006E+01   -.9007E+01   -.9009E+01   -.9010E+01   -.9011E+01   -.9013E+01   -.9014E+01   -.9016E+01   -.9018E+01   -.9020E+01   -.9021E+01   -.9023E+01   -.9025E+01   -.9028E+01   -.9030E+01   -.9032E+01   -.9035E+01   -.9037E+01   -.9040E+01   -.9043E+01   -.9047E+01   -.9050E+01   -.9053E+01   -.9057E+01   -.9061E+01   -.9066E+01   -.9070E+01   -.9075E+01   -.9080E+01   -.9086E+01   -.9092E+01   -.9098E+01   -.9106E+01   -.9113E+01   -.9122E+01   -.9131E+01   -.9141E+01   -.9152E+01   -.9164E+01   -.9178E+01   -.9194E+01   -.9211E+01   -.9230E+01   -.9252E+01   -.9277E+01   -.9306E+01   -.9339E+01   -.9379E+01   -.9422E+01   -.9477E+01   -.9538E+01   -.9618E+01   -.9704E+01   -.9808E+01   -.9908E+01   -.1001E+02   -.1005E+02   -.1007E+02   -.9981E+01   -.9283E+01   -.6594E+01   -.2379E+00   -.4219E+00   -.1601E+00   -.3399E+00   -.2430E+00   -.3064E+00   -.2638E+00   -.2919E+00   -.2705E+00   -.2857E+00   -.2728E+00   -.2830E+00   -.2754E+00   -.2821E+00   -.2758E+00   -.2824E+00   -.2777E+00   -.2826E+00   -.2793E+00   -.2830E+00   -.2805E+00   -.2834E+00   -.2815E+00   -.2837E+00   -.2822E+00   -.2839E+00   -.2827E+00   -.2840E+00   -.2831E+00   -.2842E+00   -.2834E+00   -.2843E+00   -.2837E+00
0.2123E+02   -.9002E+01   -.9003E+01   -.9004E+01   -.9005E+01   -.9007E+01   -.9008E+01   -.9009E+01   -.9010E+01   -.9012E+01   -.9013E+01   -.9015E+01   -.9017E+01   -.9018E+01   -.9020E+01   -.9022E+01   -.9024E+01   -.9026E+01   -.9029E+01   -.9031E+01   -.9034E+01   -.9036E+01   -.9039E+01   -.9042E+01   -.9045E+01   -.9048E+01   -.9052E+01   -.9056E+01   -.9060E+01   -.9064E+01   -.9068E+01   -.9073E+01   -.9078E+01   -.9084E+01   -.9090E+01   -.9096E+01   -.9103E+01   -.9110E+01   -.9119E+01   -.9128E+01   -.9137E+01   -.9148E+01   -.9160E+01   -.9173E+01   -.9187E+01   -.9205E+01   -.9223E+01   -.9244E+01   -.9268E+01   -.9296E+01   -.9327E+01   -.9365E+01   -.9407E+01   -.9458E+01   -.9516E+01   -.9589E+01   -.9672E+01   -.9773E+01   -.9872E+01   -.9976E+01   -.1004E+02   -.1006E+02   -.1003E+02   -.9588E+01   -.7672E+01   -.2238E+01   -.3738E+00   -.2361E+00   -.2866E+00   -.2710E+00   -.2877E+00   -.2758E+00   -.2836E+00   -.2763E+00   -.2810E+00   -.2761E+00   -.2797E+00   -.2771E+00   -.2798E+00   -.2771E+00   -.2800E+00   -.2785E+00   -.2807E+00   -.2796E+00   -.2814E+00   -.2807E+00   -.2821E+00   -.2815E+00   -.2825E+00   -.2820E+00   -.2829E+00   -.2825E+00   -.2831E+00   -.2828E+00   -.2833E+00   -.2830E+00   -.2835E+00   -.2833E+00   -.2836E+00
0.2145E+02   -.9003E+01   -.9004E+01   -.9005E+01   -.9006E+01   -.9007E+01   -.9008E+01   -.9009E+01   -.9011E+01   -.9012E+01   -.9014E+01   -.9016E+01   -.9017E+01   -.9019E+01   -.9021E+01   -.9023E+01   -.9025E+01   -.9028E+01   -.9030E+01   -.9032E+01   -.9035E+01   -.9038E+01   -.9041E+01   -.9044E+01   -.9047E+01   -.9050E+01   -.9054E+01   -.9058E+01   -.9062E+01   -.9067E+01   -.9071E+01   -.9076E+01   -.9082E+01   -.9087E+01   -.9094E+01   -.9100E+01   -.9108E+01   -.9116E+01   -.9124E+01   -.9134E+01   -.9144E+01   -.9156E+01   -.9168E+01   -.9182E+01   -.9198E+01   -.9217E+01   -.9237E+01   -.9260E+01   -.9286E+01   -.9316E+01   -.9351E+01   -.9392E+01   -.9439E+01   -.9496E+01   -.9562E+01   -.9643E+01   -.9734E+01   -.9840E+01   -.9939E+01   -.1002E+02   -.1006E+02   -.1005E+02   -.9800E+01   -.8539E+01   -.4583E+01   -.3005E+00   -.3365E+00   -.2186E+00   -.3081E+00   -.2637E+00   -.2922E+00   -.2728E+00   -.2847E+00   -.2752E+00   -.2812E+00   -.2759E+00   -.2803E+00   -.2773E+00   -.2797E+00   -.2776E+00   -.2805E+00   -.2790E+00   -.2811E+00   -.2801E+00   -.2818E+00   -.2811E+00   -.2824E+00   -.2818E+00   -.2828E+00   -.2823E+00   -.2831E+00   -.2827E+00   -.2833E+00   -.2830E+00   -.2835E+00   -.2833E+00   -.2837E+00   -.2835E+00   -.2838E+00
0.2167E+02   -.9003E+01   -.9004E+01   -.9005E+01   -.9006E+01   -.9007E+01   -.9008E+01   -.9010E+01   -.9011E+01   -.9013E+01   -.9014E+01   -.9016E+01   -.9018E+01   -.9020E+01   -.9022E+01   -.9024E+01   -.9026E+01   -.9029E+01   -.9031E+01   -.9034E+01   -.9036E+01   -.9039E+01   -.9042E+01   -.9046E+01   -.9049E+01   -.9053E+01   -.9056E+01   -.9060E+01   -.9065E+01   -.9069E+01   -.9074E+01   -.9079E+01   -.9085E+01   -.9091E+01   -.9098E+01   -.9105E+01   -.9113E+01   -.9121E+01   -.9130E+01   -.9140E+01   -.9151E+01   -.9163E+01   -.9177E+01   -.9192E+01   -.9209E+01   -.9229E+01   -.9251E+01   -.9276E+01   -.9304E+01   -.9338E+01   -.9376E+01   -.9421E+01   -.9475E+01   -.9535E+01   -.9613E+01   -.9697E+01   -.9804E+01   -.9903E+01   -.1001E+02   -.1005E+02   -.1007E+02   -.1001E+02   -.9407E+01   -.6929E+01   -.2274E+00   -.4364E+00   -.1505E+00   -.3454E+00   -.2396E+00   -.3090E+00   -.2624E+00   -.2934E+00   -.2699E+00   -.2866E+00   -.2724E+00   -.2837E+00   -.2753E+00   -.2828E+00   -.2757E+00   -.2830E+00   -.2777E+00   -.2831E+00   -.2793E+00   -.2835E+00   -.2807E+00   -.2839E+00   -.2817E+00   -.2841E+00   -.2824E+00   -.2843E+00   -.2829E+00   -.2844E+00   -.2833E+00   -.2845E+00   -.2837E+00   -.2847E+00   -.2840E+00   -.2848E+00   -.2842E+00
0.2188E+02   -.9003E+01   -.9004E+01   -.9005E+01   -.9006E+01   -.9007E+01   -.9009E+01   -.9010E+01   -.9012E+01   -.9013E+01   -.9015E+01   -.9017E+01   -.9019E+01   -.9021E+01   -.9023E+01   -.9025E+01   -.9027E+01   -.9030E+01   -.9032E+01   -.9035E+01   -.9038E+01   -.9041E+01   -.9044E+01   -.9047E+01   -.9051E+01   -.9055E+01   -.9059E+01   -.9063E+01   -.9067E+01   -.9072E+01   -.9077E+01   -.9083E+01   -.9089E+01   -.9095E+01   -.9102E+01   -.9110E+01   -.9118E+01   -.9127E+01   -.9136E+01   -.9147E+01   -.9159E+01   -.9172E+01   -.9187E+01   -.9203E+01   -.9221E+01   -.9243E+01   -.9267E+01   -.9294E+01   -.9326E+01   -.9363E+01   -.9405E+01   -.9456E+01   -.9514E+01   -.9586E+01   -.9668E+01   -.9766E+01   -.9868E+01   -.9971E+01   -.1004E+02   -.1006E+02   -.1004E+02   -.9615E+01   -.7796E+01   -.2573E+01   -.3633E+00   -.2501E+00   -.2768E+00   -.2761E+00   -.2841E+00   -.2780E+00   -.2820E+00   -.2773E+00   -.2801E+00   -.2765E+00   -.2790E+00   -.2774E+00   -.2793E+00   -.2772E+00   -.2795E+00   -.2786E+00   -.2803E+00   -.2797E+00   -.2811E+00   -.2806E+00   -.2817E+00   -.2814E+00   -.2823E+00   -.2820E+00   -.2826E+00   -.2824E+00   -.2829E+00   -.2827E+00   -.2831E+00   -.2829E+00   -.2833E+00   -.2832E+00   -.2834E+00   -.2833E+00   -.2836E+00
0.2210E+02   -.9003E+01   -.9004E+01   -.9005E+01   -.9006E+01   -.9008E+01   -.9009E+01   -.9010E+01   -.9012E+01   -.9014E+01   -.9016E+01   -.9017E+01   -.9019E+01   -.9022E+01   -.9024E+01   -.9026E+01   -.9028E+01   -.9031E+01   -.9034E+01   -.9036E+01   -.9039E+01   -.9042E+01   -.9046E+01   -.9049E+01   -.9053E+01   -.9057E+01   -.9061E+01   -.9066E+01   -.9070E+01   -.9075E+01   -.9081E+01   -.9086E+01   -.9093E+01   -.9099E+01   -.9107E+01   -.9115E+01   -.9123E+01   -.9133E+01   -.9143E+01   -.9154E+01   -.9167E+01   -.9181E+01   -.9197E+01   -.9215E+01   -.9234E+01   -.9258E+01   -.9284E+01   -.9314E+01   -.9349E+01   -.9390E+01   -.9437E+01   -.9494E+01   -.9558E+01   -.9638E+01   -.9729E+01   -.9833E+01   -.9934E+01   -.1002E+02   -.1006E+02   -.1005E+02   -.9842E+01   -.8660E+01   -.4919E+01   -.2903E+00   -.3509E+00   -.2088E+00   -.3135E+00   -.2602E+00   -.2946E+00   -.2713E+00   -.2860E+00   -.2743E+00   -.2819E+00   -.2752E+00   -.2807E+00   -.2769E+00   -.2800E+00   -.2772E+00   -.2807E+00   -.2786E+00   -.2813E+00   -.2798E+00   -.2819E+00   -.2809E+00   -.2825E+00   -.2816E+00   -.2828E+00   -.2822E+00   -.2831E+00   -.2826E+00   -.2833E+00   -.2829E+00   -.2835E+00   -.2832E+00   -.2837E+00   -.2834E+00   -.2838E+00   -.2836E+00   -.2839E+00
0.2232E+02   -.9003E+01   -.9004E+01   -.9005E+01   -.9006E+01   -.9008E+01   -.9009E+01   -.9011E+01   -.9013E+01   -.9014E+01   -.9016E+01   -.9018E+01   -.9020E+01   -.9022E+01   -.9025E+01   -.9027E+01   -.9030E+01   -.9032E+01   -.9035E+01   -.9038E+01   -.9041E+01   -.9044E+01   -.9048E+01   -.9051E+01   -.9055E+01   -.9059E+01   -.9063E+01   -.9068E+01   -.9073E+01   -.9078E+01   -.9084E+01   -.9090E+01   -.9097E+01   -.9104E+01   -.9112E+01   -.9120E+01   -.9129E+01   -.9139E+01   -.9150E+01   -.9162E+01   -.9176E+01   -.9191E+01   -.9208E+01   -.9227E+01   -.9248E+01   -.9274E+01   -.9303E+01   -.9336E+01   -.9374E+01   -.9419E+01   -.9472E+01   -.9535E+01   -.9608E+01   -.9694E+01   -.9798E+01   -.9898E+01   -.1000E+02   -.1005E+02   -.1007E+02   -.1001E+02   -.9459E+01   -.7050E+01   -.5636E+00   -.4273E+00   -.1657E+00   -.3368E+00   -.2457E+00   -.3065E+00   -.2656E+00   -.2929E+00   -.2719E+00   -.2868E+00   -.2740E+00   -.2842E+00   -.2766E+00   -.2834E+00   -.2769E+00   -.2836E+00   -.2789E+00   -.2838E+00   -.2804E+00   -.2843E+00   -.2817E+00   -.2847E+00   -.2827E+00   -.2850E+00   -.2834E+00   -.2852E+00   -.2839E+00   -.2853E+00   -.2843E+00   -.2854E+00   -.2847E+00   -.2856E+00   -.2849E+00   -.2857E+00   -.2851E+00   -.2858E+00   -.2854E+00
0.2253E+02   -.9003E+01   -.9004E+01   -.9005E+01   -.9007E+01   -.9008E+01   -.9010E+01   -.9011E+01   -.9013E+01   -.9015E+01   -.9017E+01   -.9019E+01   -.9021E+01   -.9023E+01   -.9026E+01   -.9028E+01   -.9031E+01   -.9033E+01   -.9036E+01   -.9039E+01   -.9043E+01   -.9046E+01   -.9050E+01   -.9053E+01   -.9057E+01   -.9062E+01   -.9066E+01   -.9071E+01   -.9076E+01   -.9082E+01   -.9088E+01   -.9094E+01   -.9101E+01   -.9109E+01   -.9117E+01   -.9126E+01   -.9135E+01   -.9146E+01   -.9158E+01   -.9171E+01   -.9185E+01   -.9202E+01   -.9220E+01   -.9241E+01   -.9264E+01   -.9293E+01   -.9324E+01   -.9360E+01   -.9403E+01   -.9454E+01   -.9513E+01   -.9583E+01   -.9663E+01   -.9761E+01   -.9863E+01   -.9966E+01   -.1004E+02   -.1006E+02   -.1004E+02   -.9646E+01   -.7981E+01   -.2903E+01   -.3531E+00   -.2640E+00   -.2674E+00   -.2813E+00   -.2807E+00   -.2802E+00   -.2805E+00   -.2784E+00   -.2792E+00   -.2772E+00   -.2785E+00   -.2778E+00   -.2789E+00   -.2775E+00   -.2792E+00   -.2788E+00   -.2800E+00   -.2798E+00   -.2808E+00   -.2808E+00   -.2816E+00   -.2815E+00   -.2821E+00   -.2820E+00   -.2825E+00   -.2824E+00   -.2828E+00   -.2827E+00   -.2830E+00   -.2830E+00   -.2832E+00   -.2832E+00   -.2834E+00   -.2834E+00   -.2835E+00   -.2835E+00   -.2836E+00
0.2275E+02   -.9003E+01   -.9004E+01   -.9006E+01   -.9007E+01   -.9008E+01   -.9010E+01   -.9012E+01   -.9014E+01   -.9015E+01   -.9017E+01   -.9020E+01   -.9022E+01   -.9024E+01   -.9027E+01   -.9029E+01   -.9032E+01   -.9035E+01   -.9038E+01   -.9041E+01   -.9044E+01   -.9048E+01   -.9052E+01   -.9056E+01   -.9060E+01   -.9064E+01   -.9069E+01   -.9074E+01   -.9080E+01   -.9085E+01   -.9092E+01   -.9098E+01   -.9106E+01   -.9114E+01   -.9122E+01   -.9132E+01   -.9142E+01   -.9153E+01   -.9166E+01   -.9180E+01   -.9196E+01   -.9213E+01   -.9233E+01   -.9256E+01   -.9281E+01   -.9312E+01   -.9347E+01   -.9387E+01   -.9435E+01   -.9491E+01   -.9557E+01   -.9636E+01   -.9722E+01   -.9828E+01   -.9929E+01   -.1002E+02   -.1006E+02   -.1005E+02   -.9872E+01   -.8783E+01   -.5299E+01   -.2717E+00   -.3639E+00   -.1971E+00   -.3189E+00   -.2561E+00   -.2965E+00   -.2690E+00   -.2867E+00   -.2728E+00   -.2821E+00   -.2740E+00   -.2806E+00   -.2759E+00   -.2798E+00   -.2761E+00   -.2803E+00   -.2776E+00   -.2808E+00   -.2788E+00   -.2813E+00   -.2800E+00   -.2819E+00   -.2808E+00   -.2822E+00   -.2813E+00   -.2825E+00   -.2818E+00   -.2827E+00   -.2821E+00   -.2828E+00   -.2824E+00   -.2830E+00   -.2827E+00   -.2831E+00   -.2829E+00   -.2832E+00   -.2830E+00   -.2833E+00
0.2297E+02   -.9003E+01   -.9005E+01   -.9006E+01   -.9007E+01   -.9009E+01   -.9010E+01   -.9012E+01   -.9014E+01   -.9016E+01   -.9018E+01   -.9020E+01   -.9023E+01   -.9025E+01   -.9028E+01   -.9030E+01   -.9033E+01   -.9036E+01   -.9039E+01   -.9043E+01   -.9046E+01   -.9050E+01   -.9054E+01   -.9058E+01   -.9062E+01   -.9067E+01   -.9072E+01   -.9077E+01   -.9083E+01   -.9089E+01   -.9096E+01   -.9103E+01   -.9110E+01   -.9119E+01   -.9128E+01   -.9138E+01   -.9149E+01   -.9161E+01   -.9175E+01   -.9190E+01   -.9206E+01   -.9225E+01   -.9247E+01   -.9272E+01   -.9299E+01   -.9334E+01   -.9371E+01   -.9416E+01   -.9469E+01   -.9532E+01   -.9605E+01   -.9693E+01   -.9788E+01   -.9894E+01   -.9997E+01   -.1005E+02   -.1007E+02   -.1002E+02   -.9488E+01   -.7175E+01   -.8357E+00   -.4044E+00   -.1764E+00   -.3243E+00   -.2520E+00   -.3040E+00   -.2679E+00   -.2916E+00   -.2735E+00   -.2864E+00   -.2751E+00   -.2842E+00   -.2773E+00   -.2834E+00   -.2774E+00   -.2833E+00   -.2791E+00   -.2835E+00   -.2805E+00   -.2840E+00   -.2818E+00   -.2845E+00   -.2828E+00   -.2849E+00   -.2835E+00   -.2851E+00   -.2840E+00   -.2853E+00   -.2844E+00   -.2855E+00   -.2848E+00   -.2856E+00   -.2850E+00   -.2857E+00   -.2853E+00   -.2858E+00   -.2855E+00   -.2859E+00   -.2856E+00
0.2318E+02   -.9003E+01   -.9005E+01   -.9006E+01   -.9007E+01   -.9009E+01   -.9011E+01   -.9013E+01   -.9015E+01   -.9017E+01   -.9019E+01   -.9021E+01   -.9024E+01   -.9026E+01   -.9029E+01   -.9032E+01   -.9035E+01   -.9038E+01   -.9041E+01   -.9044E+01   -.9048E+01   -.9052E+01   -.9056E+01   -.9060E+01   -.9065E+01   -.9070E+01   -.9075E+01   -.9081E+01   -.9087E+01   -.9093E+01   -.9100E+01   -.9107E+01   -.9116E+01   -.9125E+01   -.9134E+01   -.9145E+01   -.9157E+01   -.9170E+01   -.9184E+01   -.9200E+01   -.9218E+01   -.9239E+01   -.9263E+01   -.9290E+01   -.9320E+01   -.9358E+01   -.9400E+01   -.9450E+01   -.9510E+01   -.9580E+01   -.9662E+01   -.9759E+01   -.9851E+01   -.9960E+01   -.1003E+02   -.1007E+02   -.1004E+02   -.9676E+01   -.8102E+01   -.3238E+01   -.3092E+00   -.2720E+00   -.2555E+00   -.2849E+00   -.2776E+00   -.2826E+00   -.2787E+00   -.2792E+00   -.2782E+00   -.2777E+00   -.2778E+00   -.2780E+00   -.2783E+00   -.2776E+00   -.2784E+00   -.2786E+00   -.2792E+00   -.2795E+00   -.2801E+00   -.2804E+00   -.2809E+00   -.2811E+00   -.2816E+00   -.2817E+00   -.2820E+00   -.2821E+00   -.2823E+00   -.2824E+00   -.2826E+00   -.2826E+00   -.2828E+00   -.2829E+00   -.2830E+00   -.2830E+00   -.2832E+00   -.2832E+00   -.2833E+00   -.2833E+00   -.2834E+00
0.2340E+02   -.9003E+01   -.9005E+01   -.9006E+01   -.9008E+01   -.9009E+01   -.9011E+01   -.9013E+01   -.9015E+01   -.9017E+01   -.9020E+01   -.9022E+01   -.9024E+01   -.9027E+01   -.9030E+01   -.9033E+01   -.9036E+01   -.9039E+01   -.9043E+01   -.9046E+01   -.9050E+01   -.9054E+01   -.9058E+01   -.9063E+01   -.9067E+01   -.9073E+01   -.9078E+01   -.9084E+01   -.9090E+01   -.9097E+01   -.9104E+01   -.9112E+01   -.9121E+01   -.9130E+01   -.9141E+01   -.9152E+01   -.9165E+01   -.9179E+01   -.9194E+01   -.9212E+01   -.9231E+01   -.9254E+01   -.9279E+01   -.9309E+01   -.9342E+01   -.9385E+01   -.9431E+01   -.9487E+01   -.9553E+01   -.9631E+01   -.9722E+01   -.9826E+01   -.9915E+01   -.1001E+02   -.1006E+02   -.1006E+02   -.9899E+01   -.8907E+01   -.5643E+01   -.2609E+00   -.3798E+00   -.1868E+00   -.3235E+00   -.2520E+00   -.2987E+00   -.2667E+00   -.2875E+00   -.2711E+00   -.2822E+00   -.2726E+00   -.2805E+00   -.2746E+00   -.2794E+00   -.2748E+00   -.2797E+00   -.2763E+00   -.2801E+00   -.2777E+00   -.2806E+00   -.2789E+00   -.2811E+00   -.2797E+00   -.2815E+00   -.2804E+00   -.2817E+00   -.2808E+00   -.2819E+00   -.2812E+00   -.2821E+00   -.2815E+00   -.2822E+00   -.2818E+00   -.2824E+00   -.2820E+00   -.2825E+00   -.2822E+00   -.2825E+00   -.2823E+00   -.2826E+00
0.2362E+02   -.9003E+01   -.9005E+01   -.9006E+01   -.9008E+01   -.9010E+01   -.9012E+01   -.9014E+01   -.9016E+01   -.9018E+01   -.9020E+01   -.9023E+01   -.9025E+01   -.9028E+01   -.9031E+01   -.9034E+01   -.9037E+01   -.9041E+01   -.9044E+01   -.9048E+01   -.9052E+01   -.9056E+01   -.9060E+01   -.9065E+01   -.9070E+01   -.9076E+01   -.9081E+01   -.9088E+01   -.9094E+01   -.9101E+01   -.9109E+01   -.9118E+01   -.9127E+01   -.9137E+01   -.9148E+01   -.9160E+01   -.9173E+01   -.9188E+01   -.9205E+01   -.9224E+01   -.9245E+01   -.9270E+01   -.9298E+01   -.9330E+01   -.9367E+01   -.9414E+01   -.9466E+01   -.9528E+01   -.9602E+01   -.9688E+01   -.9787E+01   -.9894E+01   -.9979E+01   -.1005E+02   -.1007E+02   -.1003E+02   -.9513E+01   -.7301E+01   -.1179E+01   -.3967E+00   -.1831E+00   -.3162E+00   -.2576E+00   -.3020E+00   -.2716E+00   -.2917E+00   -.2757E+00   -.2867E+00   -.2769E+00   -.2850E+00   -.2788E+00   -.2841E+00   -.2789E+00   -.2842E+00   -.2805E+00   -.2846E+00   -.2820E+00   -.2852E+00   -.2832E+00   -.2857E+00   -.2842E+00   -.2861E+00   -.2849E+00   -.2863E+00   -.2853E+00   -.2865E+00   -.2857E+00   -.2867E+00   -.2861E+00   -.2869E+00   -.2864E+00   -.2870E+00   -.2866E+00   -.2871E+00   -.2867E+00   -.2872E+00   -.2869E+00   -.2872E+00   -.2870E+00
0.2383E+02   -.9004E+01   -.9005E+01   -.9007E+01   -.9008E+01   -.9010E+01   -.9012E+01   -.9014E+01   -.9016E+01   -.9019E+01   -.9021E+01   -.9024E+01   -.9026E+01   -.9029E+01   -.9032E+01   -.9035E+01   -.9039E+01   -.9042E+01   -.9046E+01   -.9050E+01   -.9054E+01   -.9058E+01   -.9063E+01   -.9068E+01   -.9073E+01   -.9079E+01   -.9085E+01   -.9092E+01   -.9098E+01   -.9106E+01   -.9114E+01   -.9123E+01   -.9133E+01   -.9143E+01   -.9155E+01   -.9168E+01   -.9183E+01   -.9199E+01   -.9217E+01   -.9237E+01   -.9261E+01   -.9287E+01   -.9318E+01   -.9354E+01   -.9395E+01   -.9447E+01   -.9505E+01   -.9574E+01   -.9657E+01   -.9751E+01   -.9856E+01   -.9963E+01   -.1001E+02   -.1006E+02   -.1005E+02   -.9718E+01   -.8220E+01   -.3573E+01   -.2950E+00   -.2842E+00   -.2412E+00   -.2890E+00   -.2738E+00   -.2842E+00   -.2768E+00   -.2800E+00   -.2768E+00   -.2777E+00   -.2768E+00   -.2778E+00   -.2772E+00   -.2771E+00   -.2774E+00   -.2782E+00   -.2784E+00   -.2791E+00   -.2794E+00   -.2800E+00   -.2803E+00   -.2807E+00   -.2810E+00   -.2813E+00   -.2814E+00   -.2817E+00   -.2818E+00   -.2820E+00   -.2821E+00   -.2822E+00   -.2823E+00   -.2825E+00   -.2825E+00   -.2826E+00   -.2827E+00   -.2828E+00   -.2828E+00   -.2829E+00   -.2829E+00   -.2829E+00   -.2830E+00
0.2405E+02   -.9004E+01   -.9005E+01   -.9007E+01   -.9009E+01   -.9010E+01   -.9012E+01   -.9015E+01   -.9017E+01   -.9019E+01   -.9022E+01   -.9025E+01   -.9027E+01   -.9030E+01   -.9034E+01   -.9037E+01   -.9040E+01   -.9044E+01   -.9048E+01   -.9052E+01   -.9056E+01   -.9061E+01   -.9066E+01   -.9071E+01   -.9076E+01   -.9082E+01   -.9088E+01   -.9095E+01   -.9103E+01   -.9111E+01   -.9119E+01   -.9129E+01   -.9139E+01   -.9151E+01   -.9163E+01   -.9177E+01   -.9192E+01   -.9210E+01   -.9229E+01   -.9252E+01   -.9277E+01   -.9306E+01   -.9340E+01   -.9380E+01   -.9426E+01   -.9483E+01   -.9548E+01   -.9625E+01   -.9716E+01   -.9818E+01   -.9924E+01   -.1002E+02   -.1004E+02   -.1006E+02   -.9930E+01   -.9060E+01   -.5985E+01   -.2501E+00   -.3965E+00   -.1729E+00   -.3293E+00   -.2455E+00   -.3001E+00   -.2624E+00   -.2870E+00   -.2677E+00   -.2807E+00   -.2695E+00   -.2789E+00   -.2715E+00   -.2774E+00   -.2717E+00   -.2776E+00   -.2734E+00   -.2780E+00   -.2750E+00   -.2785E+00   -.2763E+00   -.2790E+00   -.2772E+00   -.2793E+00   -.2779E+00   -.2796E+00   -.2784E+00   -.2797E+00   -.2788E+00   -.2799E+00   -.2792E+00   -.2801E+00   -.2795E+00   -.2802E+00   -.2797E+00   -.2803E+00   -.2799E+00   -.2803E+00   -.2800E+00   -.2804E+00   -.2801E+00   -.2804E+00
0.2427E+02   -.9004E+01   -.9006E+01   -.9007E+01   -.9009E+01   -.9011E+01   -.9013E+01   -.9015E+01   -.9018E+01   -.9020E+01   -.9023E+01   -.9026E+01   -.9028E+01   -.9032E+01   -.9035E+01   -.9038E+01   -.9042E+01   -.9046E+01   -.9050E+01   -.9054E+01   -.9059E+01   -.9063E+01   -.9068E+01   -.9074E+01   -.9080E+01   -.9086E+01   -.9092E+01   -.9100E+01   -.9108E+01   -.9116E+01   -.9125E+01   -.9135E+01   -.9146E+01   -.9158E+01   -.9172E+01   -.9187E+01   -.9203E+01   -.9222E+01   -.9243E+01   -.9267E+01   -.9295E+01   -.9328E+01   -.9365E+01   -.9409E+01   -.9460E+01   -.9524E+01   -.9596E+01   -.9682E+01   -.9781E+01   -.9887E+01   -.9990E+01   -.1005E+02   -.1004E+02   -.1002E+02   -.9544E+01   -.7506E+01   -.1520E+01   -.3964E+00   -.2022E+00   -.3132E+00   -.2631E+00   -.3042E+00   -.2773E+00   -.2947E+00   -.2809E+00   -.2903E+00   -.2816E+00   -.2889E+00   -.2834E+00   -.2880E+00   -.2835E+00   -.2882E+00   -.2851E+00   -.2887E+00   -.2864E+00   -.2893E+00   -.2876E+00   -.2899E+00   -.2885E+00   -.2903E+00   -.2892E+00   -.2905E+00   -.2896E+00   -.2907E+00   -.2900E+00   -.2909E+00   -.2903E+00   -.2910E+00   -.2905E+00   -.2911E+00   -.2907E+00   -.2911E+00   -.2908E+00   -.2912E+00   -.2909E+00   -.2912E+00   -.2910E+00   -.2912E+00   -.2910E+00
0.2448E+02   -.9004E+01   -.9006E+01   -.9007E+01   -.9009E+01   -.9011E+01   -.9013E+01   -.9016E+01   -.9018E+01   -.9021E+01   -.9024E+01   -.9027E+01   -.9030E+01   -.9033E+01   -.9036E+01   -.9040E+01   -.9044E+01   -.9048E+01   -.9052E+01   -.9056E+01   -.9061E+01   -.9066E+01   -.9071E+01   -.9077E+01   -.9083E+01   -.9090E+01   -.9096E+01   -.9104E+01   -.9112E+01   -.9121E+01   -.9131E+01   -.9142E+01   -.9154E+01   -.9166E+01   -.9181E+01   -.9197E+01   -.9215E+01   -.9235E+01   -.9259E+01   -.9285E+01   -.9316E+01   -.9351E+01   -.9393E+01   -.9442E+01   -.9499E+01   -.9571E+01   -.9651E+01   -.9745E+01   -.9851E+01   -.9957E+01   -.1004E+02   -.1006E+02   -.9994E+01   -.9709E+01   -.8341E+01   -.3912E+01   -.2660E+00   -.2867E+00   -.2216E+00   -.2853E+00   -.2604E+00   -.2786E+00   -.2670E+00   -.2727E+00   -.2678E+00   -.2700E+00   -.2678E+00   -.2700E+00   -.2684E+00   -.2692E+00   -.2689E+00   -.2704E+00   -.2701E+00   -.2714E+00   -.2713E+00   -.2723E+00   -.2723E+00   -.2731E+00   -.2731E+00   -.2737E+00   -.2736E+00   -.2740E+00   -.2740E+00   -.2743E+00   -.2743E+00   -.2746E+00   -.2745E+00   -.2747E+00   -.2747E+00   -.2749E+00   -.2749E+00   -.2750E+00   -.2750E+00   -.2751E+00   -.2751E+00   -.2752E+00   -.2751E+00   -.2752E+00   -.2751E+00
0.2470E+02   -.9004E+01   -.9006E+01   -.9008E+01   -.9010E+01   -.9012E+01   -.9014E+01   -.9016E+01   -.9019E+01   -.9022E+01   -.9024E+01   -.9028E+01   -.9031E+01   -.9034E+01   -.9038E+01   -.9041E+01   -.9045E+01   -.9049E+01   -.9054E+01   -.9058E+01   -.9064E+01   -.9069E+01   -.9074E+01   -.9080E+01   -.9086E+01   -.9094E+01   -.9101E+01   -.9109E+01   -.9118E+01   -.9127E+01   -.9137E+01   -.9149E+01   -.9161E+01   -.9175E+01   -.9191E+01   -.9208E+01   -.9227E+01   -.9250E+01   -.9275E+01   -.9304E+01   -.9337E+01   -.9377E+01   -.9423E+01   -.9478E+01   -.9542E+01   -.9621E+01   -.9710E+01   -.9813E+01   -.9924E+01   -.1002E+02   -.1007E+02   -.1006E+02   -.9876E+01   -.9114E+01   -.6324E+01   -.1434E+00   -.3864E+00   -.1288E+00   -.3142E+00   -.2161E+00   -.2847E+00   -.2383E+00   -.2690E+00   -.2448E+00   -.2614E+00   -.2472E+00   -.2584E+00   -.2493E+00   -.2562E+00   -.2494E+00   -.2567E+00   -.2514E+00   -.2569E+00   -.2532E+00   -.2574E+00   -.2546E+00   -.2579E+00   -.2557E+00   -.2583E+00   -.2565E+00   -.2585E+00   -.2571E+00   -.2587E+00   -.2575E+00   -.2588E+00   -.2578E+00   -.2589E+00   -.2581E+00   -.2589E+00   -.2583E+00   -.2590E+00   -.2585E+00   -.2590E+00   -.2586E+00   -.2590E+00   -.2587E+00   -.2590E+00   -.2587E+00   -.2590E+00
0.2492E+02   -.9004E+01   -.9006E+01   -.9008E+01   -.9010E+01   -.9012E+01   -.9014E+01   -.9017E+01   -.9020E+01   -.9022E+01   -.9025E+01   -.9029E+01   -.9032E+01   -.9035E+01   -.9039E+01   -.9043E+01   -.9047E+01   -.9051E+01   -.9056E+01   -.9061E+01   -.9066E+01   -.9071E+01   -.9077E+01   -.9084E+01   -.9090E+01   -.9098E+01   -.9105E+01   -.9114E+01   -.9123E+01   -.9133E+01   -.9144E+01   -.9156E+01   -.9170E+01   -.9185E+01   -.9201E+01   -.9220E+01   -.9241E+01   -.9265E+01   -.9293E+01   -.9325E+01   -.9362E+01   -.9406E+01   -.9458E+01   -.9519E+01   -.9591E+01   -.9679E+01   -.9776E+01   -.9885E+01   -.9993E+01   -.1008E+02   -.1009E+02   -.9978E+01   -.9502E+01   -.7610E+01   -.1824E+01   -.4009E+00   -.2187E+00   -.3324E+00   -.2878E+00   -.3304E+00   -.3019E+00   -.3225E+00   -.3078E+00   -.3173E+00   -.3088E+00   -.3147E+00   -.3091E+00   -.3126E+00   -.3074E+00   -.3112E+00   -.3078E+00   -.3105E+00   -.3079E+00   -.3101E+00   -.3081E+00   -.3097E+00   -.3081E+00   -.3093E+00   -.3081E+00   -.3090E+00   -.3079E+00   -.3086E+00   -.3076E+00   -.3081E+00   -.3074E+00   -.3078E+00   -.3072E+00   -.3075E+00   -.3070E+00   -.3072E+00   -.3068E+00   -.3070E+00   -.3066E+00   -.3068E+00   -.3065E+00   -.3066E+00   -.3063E+00   -.3064E+00   -.3062E+00
0.2513E+02   -.9004E+01   -.9006E+01   -.9007E+01   -.9009E+01   -.9012E+01   -.9014E+01   -.9017E+01   -.9019E+01   -.9022E+01   -.9026E+01   -.9029E+01   -.9032E+01   -.9036E+01   -.9040E+01   -.9044E+01   -.9048E+01   -.9052E+01   -.9057E+01   -.9062E+01   -.9068E+01   -.9073E+01   -.9079E+01   -.9086E+01   -.9093E+01   -.9101E+01   -.9109E+01   -.9118E+01   -.9128E+01   -.9138E+01   -.9150E+01   -.9163E+01   -.9177E+01   -.9193E+01   -.9211E+01   -.9231E+01   -.9254E+01   -.9280E+01   -.9310E+01   -.9345E+01   -.9386E+01   -.9435E+01   -.9492E+01   -.9559E+01   -.9638E+01   -.9732E+01   -.9832E+01   -.9935E+01   -.1002E+02   -.1005E+02   -.1013E+02   -.9963E+01   -.8594E+01   -.1541E+01   -.7912E+00   -.9051E-01   -.3249E+00   -.4702E+00   -.4296E+00   -.5759E+00   -.5084E+00   -.6148E+00   -.5658E+00   -.6404E+00   -.6061E+00   -.6636E+00   -.6388E+00   -.6830E+00   -.6620E+00   -.6987E+00   -.6822E+00   -.7125E+00   -.6999E+00   -.7248E+00   -.7149E+00   -.7348E+00   -.7273E+00   -.7434E+00   -.7376E+00   -.7506E+00   -.7459E+00   -.7565E+00   -.7526E+00   -.7613E+00   -.7579E+00   -.7651E+00   -.7623E+00   -.7681E+00   -.7657E+00   -.7705E+00   -.7685E+00   -.7724E+00   -.7707E+00   -.7739E+00   -.7725E+00   -.7752E+00   -.7742E+00   -.7764E+00   -.7756E+00
0.2535E+02   -.9003E+01   -.9005E+01   -.9007E+01   -.9009E+01   -.9011E+01   -.9014E+01   -.9016E+01   -.9019E+01   -.9022E+01   -.9025E+01   -.9029E+01   -.9032E+01   -.9036E+01   -.9040E+01   -.9044E+01   -.9049E+01   -.9053E+01   -.9058E+01   -.9064E+01   -.9069E+01   -.9075E+01   -.9081E+01   -.9088E+01   -.9096E+01   -.9104E+01   -.9112E+01   -.9122E+01   -.9132E+01   -.9143E+01   -.9156E+01   -.9169E+01   -.9184E+01   -.9201E+01   -.9221E+01   -.9242E+01   -.9267E+01   -.9295E+01   -.9328E+01   -.9366E+01   -.9411E+01   -.9464E+01   -.9527E+01   -.9601E+01   -.9687E+01   -.9785E+01   -.9887E+01   -.9978E+01   -.1003E+02   -.9992E+01   -.1014E+02   -.9881E+01   -.5943E+01   0.5602E+01   -.1424E+01   0.4457E+00   -.4134E+00   -.4484E+00   -.4939E+00   -.7068E+00   -.6266E+00   -.8075E+00   -.7323E+00   -.8706E+00   -.8129E+00   -.9239E+00   -.8809E+00   -.9693E+00   -.9329E+00   -.1005E+01   -.9760E+00   -.1036E+01   -.1014E+01   -.1064E+01   -.1047E+01   -.1087E+01   -.1074E+01   -.1106E+01   -.1096E+01   -.1123E+01   -.1115E+01   -.1136E+01   -.1130E+01   -.1148E+01   -.1142E+01   -.1156E+01   -.1151E+01   -.1163E+01   -.1159E+01   -.1169E+01   -.1166E+01   -.1174E+01   -.1171E+01   -.1177E+01   -.1175E+01   -.1180E+01   -.1178E+01   -.1183E+01   -.1182E+01
0.2557E+02   -.9005E+01   -.9007E+01   -.9009E+01   -.9011E+01   -.9013E+01   -.9016E+01   -.9019E+01   -.9022E+01   -.9025E+01   -.9028E+01   -.9032E+01   -.9036E+01   -.9040E+01   -.9044E+01   -.9048E+01   -.9053E+01   -.9058E+01   -.9063E+01   -.9068E+01   -.9075E+01   -.9081E+01   -.9087E+01   -.9095E+01   -.9102E+01   -.9111E+01   -.9120E+01   -.9130E+01   -.9141E+01   -.9153E+01   -.9167E+01   -.9181E+01   -.9198E+01   -.9216E+01   -.9237E+01   -.9261E+01   -.9288E+01   -.9319E+01   -.9356E+01   -.9398E+01   -.9449E+01   -.9508E+01   -.9579E+01   -.9663E+01   -.9760E+01   -.9868E+01   -.9977E+01   -.1007E+02   -.1010E+02   -.1003E+02   -.9457E+01   -.7421E+01   0.5525E+00   -.3326E+00   0.1096E-01   -.1750E+00   -.7045E-01   -.1525E+00   -.9943E-01   -.1421E+00   -.1126E+00   -.1363E+00   -.1216E+00   -.1324E+00   -.1236E+00   -.1335E+00   -.1270E+00   -.1348E+00   -.1300E+00   -.1360E+00   -.1323E+00   -.1370E+00   -.1341E+00   -.1377E+00   -.1354E+00   -.1384E+00   -.1366E+00   -.1390E+00   -.1375E+00   -.1395E+00   -.1383E+00   -.1399E+00   -.1390E+00   -.1404E+00   -.1396E+00   -.1407E+00   -.1401E+00   -.1410E+00   -.1405E+00   -.1412E+00   -.1408E+00   -.1415E+00   -.1411E+00   -.1417E+00   -.1414E+00   -.1419E+00   -.1417E+00   -.1421E+00   -.1419E+00
0.2578E+02   -.9005E+01   -.9007E+01   -.9009E+01   -.9011E+01   -.9014E+01   -.9017E+01   -.9020E+01   -.9023E+01   -.9026E+01   -.9030E+01   -.9033E+01   -.9037E+01   -.9041E+01   -.9046E+01   -.9050E+01   -.9055E+01   -.9060E+01   -.9066E+01   -.9072E+01   -.9078E+01   -.9084E+01   -.9091E+01   -.9099E+01   -.9107E+01   -.9117E+01   -.9126E+01   -.9137E+01   -.9149E+01   -.9162E+01   -.9176E+01   -.9192E+01   -.9210E+01   -.9230E+01   -.9253E+01   -.9279E+01   -.9309E+01   -.9344E+01   -.9384E+01   -.9432E+01   -.9488E+01   -.9556E+01   -.9635E+01   -.9729E+01   -.9837E+01   -.9947E+01   -.1005E+02   -.1010E+02   -.1007E+02   -.9732E+01   -.9364E+01   0.8363E+00   0.5888E-01   -.2710E-01   -.6558E-01   -.9076E-01   -.1298E+00   -.1488E+00   -.1480E+00   -.1522E+00   -.1493E+00   -.1515E+00   -.1524E+00   -.1528E+00   -.1558E+00   -.1598E+00   -.1625E+00   -.1659E+00   -.1682E+00   -.1712E+00   -.1733E+00   -.1759E+00   -.1776E+00   -.1799E+00   -.1814E+00   -.1834E+00   -.1847E+00   -.1864E+00   -.1875E+00   -.1889E+00   -.1899E+00   -.1911E+00   -.1920E+00   -.1930E+00   -.1937E+00   -.1946E+00   -.1952E+00   -.1960E+00   -.1965E+00   -.1971E+00   -.1976E+00   -.1981E+00   -.1982E+00   -.1983E+00   -.1984E+00   -.1985E+00   -.1986E+00   -.1987E+00   -.1987E+00
0.2600E+02   -.9005E+01   -.9007E+01   -.9009E+01   -.9012E+01   -.9014E+01   -.9017E+01   -.9020E+01   -.9024E+01   -.9027E+01   -.9031E+01   -.9035E+01   -.9039E+01   -.9043E+01   -.9047E+01   -.9052E+01   -.9057E+01   -.9063E+01   -.9068E+01   -.9074E+01   -.9081E+01   -.9088E+01   -.9095E+01   -.9104E+01   -.9112E+01   -.9122E+01   -.9132E+01   -.9144E+01   -.9156E+01   -.9170E+01   -.9185E+01   -.9202E+01   -.9222E+01   -.9243E+01   -.9268E+01   -.9297E+01   -.9330E+01   -.9368E+01   -.9413E+01   -.9466E+01   -.9528E+01   -.9602E+01   -.9690E+01   -.9790E+01   -.9904E+01   -.1000E+02   -.1008E+02   -.1008E+02   -.9895E+01   -.9173E+01   -.6981E+01   -.5041E+00   -.2607E+00   -.2232E+00   -.2140E+00   -.2104E+00   -.2079E+00   -.2062E+00   -.2012E+00   -.2004E+00   -.1954E+00   -.1956E+00   -.1929E+00   -.1907E+00   -.1901E+00   -.1905E+00   -.1911E+00   -.1917E+00   -.1922E+00   -.1927E+00   -.1931E+00   -.1934E+00   -.1937E+00   -.1939E+00   -.1940E+00   -.1941E+00   -.1941E+00   -.1940E+00   -.1940E+00   -.1939E+00   -.1938E+00   -.1936E+00   -.1935E+00   -.1933E+00   -.1932E+00   -.1931E+00   -.1929E+00   -.1928E+00   -.1927E+00   -.1925E+00   -.1924E+00   -.1923E+00   -.1922E+00   -.1921E+00   -.1920E+00   -.1919E+00   -.1918E+00   -.1917E+00   -.1916E+00
0.2622E+02   -.9005E+01   -.9007E+01   -.9010E+01   -.9012E+01   -.9015E+01   -.9018E+01   -.9021E+01   -.9024E+01   -.9028E+01   -.9032E+01   -.9036E+01   -.9040E+01   -.9045E+01   -.9049E+01   -.9054E+01   -.9060E+01   -.9065E+01   -.9071E+01   -.9078E+01   -.9085E+01   -.9092E+01   -.9100E+01   -.9108E+01   -.9117E+01   -.9128E+01   -.9139E+01   -.9151E+01   -.9164E+01   -.9179E+01   -.9196E+01   -.9214E+01   -.9235E+01   -.9259E+01   -.9286E+01   -.9317E+01   -.9353E+01   -.9396E+01   -.9446E+01   -.9505E+01   -.9574E+01   -.9657E+01   -.9753E+01   -.9861E+01   -.9979E+01   -.1006E+02   -.1008E+02   -.1001E+02   -.9367E+01   -.8550E+01   0.1949E+00   -.6414E-01   -.1018E+00   -.1111E+00   -.1246E+00   -.1308E+00   -.1351E+00   -.1407E+00   -.1346E+00   -.1381E+00   -.1330E+00   -.1343E+00   -.1343E+00   -.1353E+00   -.1367E+00   -.1380E+00   -.1390E+00   -.1399E+00   -.1409E+00   -.1418E+00   -.1423E+00   -.1427E+00   -.1430E+00   -.1433E+00   -.1436E+00   -.1440E+00   -.1443E+00   -.1446E+00   -.1448E+00   -.1451E+00   -.1454E+00   -.1456E+00   -.1458E+00   -.1460E+00   -.1462E+00   -.1464E+00   -.1466E+00   -.1467E+00   -.1469E+00   -.1470E+00   -.1471E+00   -.1472E+00   -.1473E+00   -.1474E+00   -.1475E+00   -.1476E+00   -.1476E+00   -.1477E+00   -.1477E+00
0.2643E+02   -.9005E+01   -.9008E+01   -.9010E+01   -.9013E+01   -.9016E+01   -.9019E+01   -.9022E+01   -.9025E+01   -.9029E+01   -.9033E+01   -.9037E+01   -.9042E+01   -.9046E+01   -.9051E+01   -.9057E+01   -.9062E+01   -.9068E+01   -.9074E+01   -.9081E+01   -.9089E+01   -.9096E+01   -.9104E+01   -.9114E+01   -.9123E+01   -.9134E+01   -.9146E+01   -.9159E+01   -.9173E+01   -.9189E+01   -.9207E+01   -.9227E+01   -.9250E+01   -.9276E+01   -.9306E+01   -.9340E+01   -.9381E+01   -.9428E+01   -.9484E+01   -.9551E+01   -.9629E+01   -.9721E+01   -.9825E+01   -.9938E+01   -.1006E+02   -.1010E+02   -.1003E+02   -.9634E+01   -.8901E+01   -.2402E+00   0.1218E+00   0.5564E-01   0.4634E-01   0.3946E-01   0.2815E-01   0.2458E-01   0.2192E-01   0.1717E-01   0.2284E-01   0.1939E-01   0.2202E-01   0.2121E-01   0.2055E-01   0.1982E-01   0.1906E-01   0.1842E-01   0.1788E-01   0.1743E-01   0.1698E-01   0.1661E-01   0.1626E-01   0.1596E-01   0.1568E-01   0.1542E-01   0.1512E-01   0.1486E-01   0.1463E-01   0.1444E-01   0.1425E-01   0.1408E-01   0.1393E-01   0.1380E-01   0.1368E-01   0.1357E-01   0.1347E-01   0.1338E-01   0.1328E-01   0.1320E-01   0.1312E-01   0.1304E-01   0.1297E-01   0.1290E-01   0.1284E-01   0.1278E-01   0.1273E-01   0.1268E-01   0.1263E-01   0.1258E-01   0.1254E-01
0.2665E+02   -.9006E+01   -.9008E+01   -.9010E+01   -.9013E+01   -.9016E+01   -.9019E+01   -.9023E+01   -.9026E+01   -.9030E+01   -.9034E+01   -.9039E+01   -.9043E+01   -.9048E+01   -.9053E+01   -.9059E+01   -.9065E+01   -.9071E+01   -.9077E+01   -.9085E+01   -.9092E+01   -.9100E+01   -.9109E+01   -.9119E+01   -.9129E+01   -.9141E+01   -.9153E+01   -.9167E+01   -.9182E+01   -.9200E+01   -.9219E+01   -.9241E+01   -.9265E+01   -.9294E+01   -.9326E+01   -.9365E+01   -.9409E+01   -.9462E+01   -.9524E+01   -.9597E+01   -.9683E+01   -.9782E+01   -.9890E+01   -.9997E+01   -.1010E+02   -.1008E+02   -.9932E+01   -.9424E+01   -.7146E+01   -.1439E-01   -.3255E-01   -.5737E-01   -.6580E-01   -.6382E-01   -.7237E-01   -.7331E-01   -.7431E-01   -.7690E-01   -.7274E-01   -.7445E-01   -.7108E-01   -.7204E-01   -.7263E-01   -.7401E-01   -.7524E-01   -.7621E-01   -.7706E-01   -.7784E-01   -.7860E-01   -.7926E-01   -.7990E-01   -.8042E-01   -.8084E-01   -.8122E-01   -.8158E-01   -.8189E-01   -.8218E-01   -.8244E-01   -.8268E-01   -.8292E-01   -.8316E-01   -.8336E-01   -.8356E-01   -.8373E-01   -.8389E-01   -.8404E-01   -.8418E-01   -.8431E-01   -.8442E-01   -.8453E-01   -.8463E-01   -.8472E-01   -.8480E-01   -.8488E-01   -.8495E-01   -.8501E-01   -.8506E-01   -.8511E-01   -.8516E-01
0.2687E+02   -.9006E+01   -.9008E+01   -.9011E+01   -.9014E+01   -.9017E+01   -.9020E+01   -.9024E+01   -.9027E+01   -.9031E+01   -.9036E+01   -.9040E+01   -.9045E+01   -.9050E+01   -.9056E+01   -.9061E+01   -.9067E+01   -.9074E+01   -.9081E+01   -.9088E+01   -.9096E+01   -.9105E+01   -.9114E+01   -.9124E+01   -.9135E+01   -.9148E+01   -.9161E+01   -.9176E+01   -.9192E+01   -.9211E+01   -.9231E+01   -.9255E+01   -.9282E+01   -.9313E+01   -.9349E+01   -.9391E+01   -.9441E+01   -.9500E+01   -.9569E+01   -.9651E+01   -.9746E+01   -.9852E+01   -.9962E+01   -.1006E+02   -.1014E+02   -.1006E+02   -.9546E+01   -.8929E+01   -.5661E-01   -.2896E+00   -.2922E+00   -.2937E+00   -.2900E+00   -.2864E+00   -.2944E+00   -.2924E+00   -.2913E+00   -.2939E+00   -.2868E+00   -.2867E+00   -.2861E+00   -.2847E+00   -.2849E+00   -.2847E+00   -.2846E+00   -.2844E+00   -.2841E+00   -.2838E+00   -.2836E+00   -.2833E+00   -.2831E+00   -.2828E+00   -.2824E+00   -.2820E+00   -.2816E+00   -.2813E+00   -.2809E+00   -.2805E+00   -.2802E+00   -.2799E+00   -.2796E+00   -.2794E+00   -.2791E+00   -.2789E+00   -.2787E+00   -.2785E+00   -.2783E+00   -.2782E+00   -.2780E+00   -.2779E+00   -.2778E+00   -.2777E+00   -.2776E+00   -.2775E+00   -.2774E+00   -.2773E+00   -.2773E+00   -.2772E+00   -.2771E+00
0.2708E+02   -.9006E+01   -.9009E+01   -.9011E+01   -.9014E+01   -.9017E+01   -.9021E+01   -.9025E+01   -.9028E+01   -.9033E+01   -.9037E+01   -.9042E+01   -.9047E+01   -.9052E+01   -.9058E+01   -.9064E+01   -.9070E+01   -.9077E+01   -.9084E+01   -.9092E+01   -.9101E+01   -.9110E+01   -.9120E+01   -.9131E+01   -.9142E+01   -.9155E+01   -.9169E+01   -.9186E+01   -.9203E+01   -.9223E+01   -.9246E+01   -.9272E+01   -.9302E+01   -.9336E+01   -.9376E+01   -.9423E+01   -.9478E+01   -.9544E+01   -.9621E+01   -.9712E+01   -.9813E+01   -.9921E+01   -.1002E+02   -.1009E+02   -.1009E+02   -.9784E+01   -.9349E+01   -.1984E+01   -.3270E+00   -.3808E+00   -.3683E+00   -.3526E+00   -.3468E+00   -.3487E+00   -.3590E+00   -.3588E+00   -.3603E+00   -.3641E+00   -.3613E+00   -.3637E+00   -.3647E+00   -.3643E+00   -.3656E+00   -.3662E+00   -.3667E+00   -.3671E+00   -.3675E+00   -.3679E+00   -.3683E+00   -.3686E+00   -.3689E+00   -.3692E+00   -.3694E+00   -.3696E+00   -.3697E+00   -.3698E+00   -.3699E+00   -.3700E+00   -.3700E+00   -.3701E+00   -.3701E+00   -.3702E+00   -.3702E+00   -.3702E+00   -.3702E+00   -.3702E+00   -.3702E+00   -.3702E+00   -.3702E+00   -.3702E+00   -.3702E+00   -.3702E+00   -.3702E+00   -.3702E+00   -.3702E+00   -.3702E+00   -.3702E+00   -.3703E+00   -.3703E+00
0.2730E+02   -.9006E+01   -.9009E+01   -.9012E+01   -.9015E+01   -.9018E+01   -.9022E+01   -.9025E+01   -.9030E+01   -.9034E+01   -.9039E+01   -.9044E+01   -.9049E+01   -.9054E+01   -.9060E+01   -.9067E+01   -.9073E+01   -.9080E+01   -.9088E+01   -.9096E+01   -.9105E+01   -.9115E+01   -.9125E+01   -.9137E+01   -.9149E+01   -.9164E+01   -.9178E+01   -.9196E+01   -.9215E+01   -.9237E+01   -.9262E+01   -.9290E+01   -.9323E+01   -.9361E+01   -.9405E+01   -.9457E+01   -.9519E+01   -.9593E+01   -.9678E+01   -.9777E+01   -.9882E+01   -.9985E+01   -.1006E+02   -.1010E+02   -.1001E+02   -.9530E+01   -.8733E+01   -.3064E+00   -.2110E+00   -.2189E+00   -.2251E+00   -.2281E+00   -.2295E+00   -.2273E+00   -.2300E+00   -.2256E+00   -.2219E+00   -.2204E+00   -.2141E+00   -.2145E+00   -.2123E+00   -.2122E+00   -.2133E+00   -.2144E+00   -.2155E+00   -.2165E+00   -.2172E+00   -.2179E+00   -.2186E+00   -.2191E+00   -.2196E+00   -.2200E+00   -.2204E+00   -.2207E+00   -.2210E+00   -.2212E+00   -.2214E+00   -.2216E+00   -.2218E+00   -.2219E+00   -.2220E+00   -.2221E+00   -.2221E+00   -.2222E+00   -.2222E+00   -.2222E+00   -.2222E+00   -.2222E+00   -.2222E+00   -.2222E+00   -.2222E+00   -.2222E+00   -.2222E+00   -.2221E+00   -.2221E+00   -.2221E+00   -.2220E+00   -.2220E+00   -.2220E+00
0.2752E+02   -.9006E+01   -.9009E+01   -.9012E+01   -.9015E+01   -.9019E+01   -.9022E+01   -.9026E+01   -.9031E+01   -.9035E+01   -.9040E+01   -.9045E+01   -.9051E+01   -.9057E+01   -.9063E+01   -.9069E+01   -.9077E+01   -.9084E+01   -.9092E+01   -.9101E+01   -.9111E+01   -.9120E+01   -.9132E+01   -.9144E+01   -.9157E+01   -.9172E+01   -.9189E+01   -.9207E+01   -.9228E+01   -.9251E+01   -.9279E+01   -.9309E+01   -.9346E+01   -.9387E+01   -.9438E+01   -.9495E+01   -.9566E+01   -.9647E+01   -.9745E+01   -.9849E+01   -.9958E+01   -.1005E+02   -.1011E+02   -.1008E+02   -.9644E+01   -.9453E+01   -.2063E+00   -.2481E+00   -.2825E+00   -.3121E+00   -.3298E+00   -.3386E+00   -.3455E+00   -.3459E+00   -.3519E+00   -.3485E+00   -.3453E+00   -.3452E+00   -.3421E+00   -.3417E+00   -.3443E+00   -.3438E+00   -.3452E+00   -.3462E+00   -.3472E+00   -.3481E+00   -.3489E+00   -.3495E+00   -.3501E+00   -.3506E+00   -.3510E+00   -.3514E+00   -.3517E+00   -.3520E+00   -.3522E+00   -.3525E+00   -.3527E+00   -.3529E+00   -.3531E+00   -.3533E+00   -.3535E+00   -.3537E+00   -.3538E+00   -.3539E+00   -.3540E+00   -.3542E+00   -.3543E+00   -.3543E+00   -.3544E+00   -.3545E+00   -.3546E+00   -.3546E+00   -.3547E+00   -.3547E+00   -.3547E+00   -.3548E+00   -.3548E+00   -.3548E+00   -.3548E+00
0.2773E+02   -.9006E+01   -.9010E+01   -.9012E+01   -.9016E+01   -.9019E+01   -.9024E+01   -.9027E+01   -.9032E+01   -.9036E+01   -.9042E+01   -.9047E+01   -.9054E+01   -.9058E+01   -.9067E+01   -.9071E+01   -.9081E+01   -.9087E+01   -.9098E+01   -.9104E+01   -.9118E+01   -.9124E+01   -.9140E+01   -.9149E+01   -.9168E+01   -.9179E+01   -.9203E+01   -.9216E+01   -.9247E+01   -.9263E+01   -.9303E+01   -.9326E+01   -.9379E+01   -.9411E+01   -.9483E+01   -.9529E+01   -.9629E+01   -.9693E+01   -.9826E+01   -.9893E+01   -.1003E+02   -.1002E+02   -.1008E+02   -.9760E+01   -.9212E+01   -.2317E+01   0.1617E+00   0.1669E+00   0.1411E+00   0.1286E+00   0.1177E+00   0.1107E+00   0.1034E+00   0.1018E+00   0.9384E-01   0.9501E-01   0.9574E-01   0.9391E-01   0.9450E-01   0.9408E-01   0.9167E-01   0.9158E-01   0.9020E-01   0.8927E-01   0.8841E-01   0.8767E-01   0.8699E-01   0.8636E-01   0.8578E-01   0.8524E-01   0.8476E-01   0.8431E-01   0.8392E-01   0.8356E-01   0.8324E-01   0.8293E-01   0.8266E-01   0.8241E-01   0.8219E-01   0.8198E-01   0.8179E-01   0.8162E-01   0.8146E-01   0.8131E-01   0.8118E-01   0.8105E-01   0.8094E-01   0.8084E-01   0.8074E-01   0.8065E-01   0.8057E-01   0.8049E-01   0.8042E-01   0.8035E-01   0.8029E-01   0.8024E-01   0.8019E-01   0.8014E-01   0.8010E-01
0.2795E+02   -.9005E+01   -.9009E+01   -.9012E+01   -.9016E+01   -.9019E+01   -.9024E+01   -.9027E+01   -.9033E+01   -.9036E+01   -.9044E+01   -.9047E+01   -.9056E+01   -.9059E+01   -.9069E+01   -.9073E+01   -.9085E+01   -.9089E+01   -.9103E+01   -.9107E+01   -.9124E+01   -.9129E+01   -.9149E+01   -.9155E+01   -.9179E+01   -.9187E+01   -.9216E+01   -.9228E+01   -.9265E+01   -.9279E+01   -.9327E+01   -.9348E+01   -.9410E+01   -.9442E+01   -.9525E+01   -.9574E+01   -.9683E+01   -.9754E+01   -.9886E+01   -.9954E+01   -.1006E+02   -.1004E+02   -.9895E+01   -.9933E+01   -.1263E+02   -.1436E+01   -.1899E+01   -.1971E+01   -.1989E+01   -.2010E+01   -.2031E+01   -.2051E+01   -.2070E+01   -.2083E+01   -.2095E+01   -.2102E+01   -.2108E+01   -.2113E+01   -.2115E+01   -.2115E+01   -.2115E+01   -.2114E+01   -.2113E+01   -.2112E+01   -.2110E+01   -.2108E+01   -.2107E+01   -.2105E+01   -.2103E+01   -.2102E+01   -.2100E+01   -.2099E+01   -.2097E+01   -.2096E+01   -.2095E+01   -.2094E+01   -.2093E+01   -.2092E+01   -.2091E+01   -.2090E+01   -.2089E+01   -.2088E+01   -.2088E+01   -.2087E+01   -.2087E+01   -.2086E+01   -.2086E+01   -.2086E+01   -.2085E+01   -.2085E+01   -.2085E+01   -.2085E+01   -.2084E+01   -.2084E+01   -.2084E+01   -.2084E+01   -.2084E+01   -.2084E+01   -.2084E+01
0.2817E+02   -.9006E+01   -.9009E+01   -.9012E+01   -.9016E+01   -.9020E+01   -.9024E+01   -.9029E+01   -.9034E+01   -.9039E+01   -.9045E+01   -.9050E+01   -.9057E+01   -.9063E+01   -.9071E+01   -.9078E+01   -.9087E+01   -.9095E+01   -.9106E+01   -.9115E+01   -.9128E+01   -.9138E+01   -.9154E+01   -.9167E+01   -.9185E+01   -.9202E+01   -.9225E+01   -.9247E+01   -.9277E+01   -.9305E+01   -.9344E+01   -.9383E+01   -.9435E+01   -.9490E+01   -.9562E+01   -.9641E+01   -.9734E+01   -.9836E+01   -.9930E+01   -.1001E+02   -.1003E+02   -.1004E+02   -.9578E+01   -.8488E+01   -.7500E+01   -.1429E+01   -.1779E+01   -.1798E+01   -.1798E+01   -.1813E+01   -.1829E+01   -.1844E+01   -.1859E+01   -.1871E+01   -.1881E+01   -.1888E+01   -.1894E+01   -.1898E+01   -.1900E+01   -.1901E+01   -.1902E+01   -.1901E+01   -.1901E+01   -.1900E+01   -.1899E+01   -.1898E+01   -.1897E+01   -.1896E+01   -.1895E+01   -.1894E+01   -.1893E+01   -.1891E+01   -.1891E+01   -.1890E+01   -.1889E+01   -.1888E+01   -.1887E+01   -.1886E+01   -.1886E+01   -.1885E+01   -.1885E+01   -.1884E+01   -.1884E+01   -.1883E+01   -.1883E+01   -.1883E+01   -.1882E+01   -.1882E+01   -.1882E+01   -.1882E+01   -.1882E+01   -.1882E+01   -.1882E+01   -.1881E+01   -.1881E+01   -.1881E+01   -.1881E+01   -.1881E+01   -.1881E+01
0.2838E+02   -.9007E+01   -.9011E+01   -.9014E+01   -.9018E+01   -.9022E+01   -.9026E+01   -.9031E+01   -.9036E+01   -.9041E+01   -.9048E+01   -.9053E+01   -.9060E+01   -.9067E+01   -.9075E+01   -.9082E+01   -.9092E+01   -.9100E+01   -.9111E+01   -.9121E+01   -.9134E+01   -.9146E+01   -.9162E+01   -.9177E+01   -.9196E+01   -.9214E+01   -.9239E+01   -.9263E+01   -.9295E+01   -.9326E+01   -.9370E+01   -.9412E+01   -.9472E+01   -.9532E+01   -.9615E+01   -.9699E+01   -.9808E+01   -.9902E+01   -.1000E+02   -.1003E+02   -.1004E+02   -.9856E+01   -.8969E+01   -.5897E+01   -.1456E+00   -.3456E+00   -.3031E+00   -.2807E+00   -.2680E+00   -.2668E+00   -.2657E+00   -.2629E+00   -.2633E+00   -.2633E+00   -.2648E+00   -.2647E+00   -.2647E+00   -.2659E+00   -.2667E+00   -.2671E+00   -.2690E+00   -.2692E+00   -.2703E+00   -.2710E+00   -.2716E+00   -.2721E+00   -.2724E+00   -.2727E+00   -.2729E+00   -.2732E+00   -.2734E+00   -.2736E+00   -.2738E+00   -.2740E+00   -.2741E+00   -.2742E+00   -.2744E+00   -.2745E+00   -.2746E+00   -.2747E+00   -.2748E+00   -.2748E+00   -.2749E+00   -.2750E+00   -.2750E+00   -.2751E+00   -.2751E+00   -.2751E+00   -.2752E+00   -.2752E+00   -.2752E+00   -.2753E+00   -.2753E+00   -.2753E+00   -.2753E+00   -.2753E+00   -.2753E+00   -.2753E+00   -.2754E+00
0.2860E+02   -.9008E+01   -.9011E+01   -.9015E+01   -.9018E+01   -.9023E+01   -.9027E+01   -.9032E+01   -.9037E+01   -.9043E+01   -.9049E+01   -.9056E+01   -.9062E+01   -.9070E+01   -.9078E+01   -.9087E+01   -.9095E+01   -.9106E+01   -.9115E+01   -.9128E+01   -.9140E+01   -.9155E+01   -.9169E+01   -.9188E+01   -.9205E+01   -.9230E+01   -.9251E+01   -.9283E+01   -.9313E+01   -.9354E+01   -.9394E+01   -.9450E+01   -.9507E+01   -.9586E+01   -.9666E+01   -.9771E+01   -.9867E+01   -.9973E+01   -.1003E+02   -.1005E+02   -.1000E+02   -.9490E+01   -.7394E+01   -.1547E+01   -.3629E+00   -.2960E+00   -.2889E+00   -.2813E+00   -.2749E+00   -.2743E+00   -.2731E+00   -.2708E+00   -.2695E+00   -.2680E+00   -.2674E+00   -.2662E+00   -.2662E+00   -.2672E+00   -.2685E+00   -.2689E+00   -.2706E+00   -.2707E+00   -.2715E+00   -.2719E+00   -.2724E+00   -.2728E+00   -.2731E+00   -.2734E+00   -.2736E+00   -.2738E+00   -.2740E+00   -.2742E+00   -.2744E+00   -.2745E+00   -.2746E+00   -.2747E+00   -.2749E+00   -.2750E+00   -.2750E+00   -.2751E+00   -.2752E+00   -.2752E+00   -.2753E+00   -.2754E+00   -.2754E+00   -.2754E+00   -.2755E+00   -.2755E+00   -.2755E+00   -.2756E+00   -.2756E+00   -.2756E+00   -.2756E+00   -.2756E+00   -.2757E+00   -.2757E+00   -.2757E+00   -.2757E+00   -.2757E+00
0.2882E+02   -.9008E+01   -.9012E+01   -.9015E+01   -.9019E+01   -.9024E+01   -.9028E+01   -.9034E+01   -.9039E+01   -.9045E+01   -.9051E+01   -.9058E+01   -.9065E+01   -.9073E+01   -.9081E+01   -.9090E+01   -.9100E+01   -.9110E+01   -.9122E+01   -.9134E+01   -.9148E+01   -.9163E+01   -.9179E+01   -.9199E+01   -.9219E+01   -.9243E+01   -.9269E+01   -.9301E+01   -.9337E+01   -.9379E+01   -.9428E+01   -.9487E+01   -.9555E+01   -.9637E+01   -.9731E+01   -.9834E+01   -.9934E+01   -.1001E+02   -.1005E+02   -.1003E+02   -.9725E+01   -.8271E+01   -.3898E+01   -.3031E+00   -.2810E+00   -.2629E+00   -.2702E+00   -.2712E+00   -.2713E+00   -.2717E+00   -.2717E+00   -.2710E+00   -.2704E+00   -.2692E+00   -.2696E+00   -.2685E+00   -.2688E+00   -.2693E+00   -.2707E+00   -.2709E+00   -.2725E+00   -.2724E+00   -.2731E+00   -.2734E+00   -.2738E+00   -.2742E+00   -.2745E+00   -.2747E+00   -.2749E+00   -.2751E+00   -.2753E+00   -.2755E+00   -.2756E+00   -.2758E+00   -.2759E+00   -.2760E+00   -.2761E+00   -.2761E+00   -.2762E+00   -.2763E+00   -.2763E+00   -.2764E+00   -.2764E+00   -.2765E+00   -.2765E+00   -.2766E+00   -.2766E+00   -.2766E+00   -.2766E+00   -.2767E+00   -.2767E+00   -.2767E+00   -.2767E+00   -.2767E+00   -.2767E+00   -.2767E+00   -.2767E+00   -.2768E+00   -.2768E+00
0.2903E+02   -.9008E+01   -.9012E+01   -.9016E+01   -.9020E+01   -.9024E+01   -.9030E+01   -.9035E+01   -.9041E+01   -.9047E+01   -.9054E+01   -.9060E+01   -.9069E+01   -.9076E+01   -.9086E+01   -.9094E+01   -.9105E+01   -.9115E+01   -.9129E+01   -.9140E+01   -.9157E+01   -.9171E+01   -.9191E+01   -.9209E+01   -.9233E+01   -.9257E+01   -.9289E+01   -.9320E+01   -.9364E+01   -.9406E+01   -.9465E+01   -.9525E+01   -.9608E+01   -.9691E+01   -.9800E+01   -.9895E+01   -.9997E+01   -.1004E+02   -.1005E+02   -.9938E+01   -.9154E+01   -.6249E+01   -.2384E+00   -.3925E+00   -.1231E+00   -.2456E+00   -.2560E+00   -.2610E+00   -.2658E+00   -.2669E+00   -.2683E+00   -.2692E+00   -.2701E+00   -.2698E+00   -.2721E+00   -.2718E+00   -.2724E+00   -.2724E+00   -.2738E+00   -.2737E+00   -.2750E+00   -.2748E+00   -.2755E+00   -.2758E+00   -.2762E+00   -.2764E+00   -.2767E+00   -.2769E+00   -.2771E+00   -.2773E+00   -.2775E+00   -.2776E+00   -.2778E+00   -.2779E+00   -.2780E+00   -.2781E+00   -.2782E+00   -.2782E+00   -.2783E+00   -.2783E+00   -.2784E+00   -.2784E+00   -.2785E+00   -.2785E+00   -.2786E+00   -.2786E+00   -.2786E+00   -.2786E+00   -.2786E+00   -.2787E+00   -.2787E+00   -.2787E+00   -.2787E+00   -.2787E+00   -.2787E+00   -.2787E+00   -.2787E+00   -.2787E+00   -.2787E+00
0.2925E+02   -.9009E+01   -.9012E+01   -.9016E+01   -.9021E+01   -.9026E+01   -.9031E+01   -.9037E+01   -.9042E+01   -.9049E+01   -.9056E+01   -.9064E+01   -.9071E+01   -.9080E+01   -.9089E+01   -.9099E+01   -.9110E+01   -.9122E+01   -.9134E+01   -.9149E+01   -.9164E+01   -.9182E+01   -.9200E+01   -.9224E+01   -.9246E+01   -.9277E+01   -.9306E+01   -.9347E+01   -.9389E+01   -.9443E+01   -.9501E+01   -.9577E+01   -.9659E+01   -.9761E+01   -.9860E+01   -.9964E+01   -.1002E+02   -.1005E+02   -.1001E+02   -.9553E+01   -.7545E+01   -.1890E+01   -.3713E+00   -.2208E+00   -.2776E+00   -.2756E+00   -.2778E+00   -.2770E+00   -.2758E+00   -.2744E+00   -.2756E+00   -.2759E+00   -.2764E+00   -.2765E+00   -.2781E+00   -.2784E+00   -.2789E+00   -.2788E+00   -.2801E+00   -.2799E+00   -.2811E+00   -.2808E+00   -.2813E+00   -.2816E+00   -.2818E+00   -.2821E+00   -.2823E+00   -.2824E+00   -.2826E+00   -.2827E+00   -.2829E+00   -.2830E+00   -.2831E+00   -.2832E+00   -.2833E+00   -.2833E+00   -.2834E+00   -.2835E+00   -.2835E+00   -.2835E+00   -.2836E+00   -.2836E+00   -.2837E+00   -.2837E+00   -.2837E+00   -.2838E+00   -.2838E+00   -.2838E+00   -.2838E+00   -.2838E+00   -.2838E+00   -.2838E+00   -.2838E+00   -.2838E+00   -.2838E+00   -.2838E+00   -.2838E+00   -.2838E+00   -.2838E+00
0.2947E+02   -.9009E+01   -.9013E+01   -.9017E+01   -.9022E+01   -.9027E+01   -.9032E+01   -.9038E+01   -.9044E+01   -.9051E+01   -.9058E+01   -.9066E+01   -.9075E+01   -.9084E+01   -.9093E+01   -.9104E+01   -.9115E+01   -.9128E+01   -.9141E+01   -.9157E+01   -.9174E+01   -.9192E+01   -.9213E+01   -.9237E+01   -.9263E+01   -.9295E+01   -.9329E+01   -.9373E+01   -.9421E+01   -.9480E+01   -.9547E+01   -.9629E+01   -.9721E+01   -.9825E+01   -.9925E+01   -.1001E+02   -.1004E+02   -.1003E+02   -.9760E+01   -.8413E+01   -.4242E+01   -.2982E+00   -.3155E+00   -.2274E+00   -.2942E+00   -.2825E+00   -.2799E+00   -.2781E+00   -.2767E+00   -.2758E+00   -.2768E+00   -.2766E+00   -.2770E+00   -.2775E+00   -.2785E+00   -.2789E+00   -.2795E+00   -.2794E+00   -.2807E+00   -.2804E+00   -.2815E+00   -.2812E+00   -.2817E+00   -.2820E+00   -.2822E+00   -.2824E+00   -.2826E+00   -.2828E+00   -.2829E+00   -.2830E+00   -.2832E+00   -.2833E+00   -.2834E+00   -.2835E+00   -.2836E+00   -.2837E+00   -.2837E+00   -.2838E+00   -.2838E+00   -.2839E+00   -.2839E+00   -.2839E+00   -.2840E+00   -.2840E+00   -.2840E+00   -.2840E+00   -.2841E+00   -.2841E+00   -.2841E+00   -.2841E+00   -.2841E+00   -.2841E+00   -.2841E+00   -.2841E+00   -.2841E+00   -.2841E+00   -.2841E+00   -.2841E+00   -.2841E+00
0.2968E+02   -.9009E+01   -.9014E+01   -.9018E+01   -.9023E+01   -.9028E+01   -.9034E+01   -.9039E+01   -.9047E+01   -.9053E+01   -.9061E+01   -.9069E+01   -.9079E+01   -.9087E+01   -.9098E+01   -.9108E+01   -.9122E+01   -.9134E+01   -.9150E+01   -.9164E+01   -.9185E+01   -.9202E+01   -.9227E+01   -.9251E+01   -.9282E+01   -.9314E+01   -.9356E+01   -.9399E+01   -.9458E+01   -.9517E+01   -.9599E+01   -.9681E+01   -.9790E+01   -.9886E+01   -.9990E+01   -.1003E+02   -.1005E+02   -.9967E+01   -.9280E+01   -.6591E+01   -.2279E+00   -.4118E+00   -.1643E+00   -.3317E+00   -.2332E+00   -.2758E+00   -.2708E+00   -.2709E+00   -.2725E+00   -.2738E+00   -.2746E+00   -.2739E+00   -.2744E+00   -.2754E+00   -.2759E+00   -.2763E+00   -.2768E+00   -.2768E+00   -.2781E+00   -.2779E+00   -.2789E+00   -.2787E+00   -.2792E+00   -.2795E+00   -.2797E+00   -.2799E+00   -.2801E+00   -.2803E+00   -.2804E+00   -.2806E+00   -.2807E+00   -.2809E+00   -.2810E+00   -.2811E+00   -.2812E+00   -.2813E+00   -.2813E+00   -.2814E+00   -.2815E+00   -.2815E+00   -.2816E+00   -.2816E+00   -.2816E+00   -.2817E+00   -.2817E+00   -.2817E+00   -.2817E+00   -.2817E+00   -.2817E+00   -.2817E+00   -.2817E+00   -.2817E+00   -.2817E+00   -.2817E+00   -.2817E+00   -.2817E+00   -.2817E+00   -.2817E+00   -.2817E+00
0.2990E+02   -.9010E+01   -.9014E+01   -.9019E+01   -.9023E+01   -.9029E+01   -.9035E+01   -.9041E+01   -.9048E+01   -.9056E+01   -.9064E+01   -.9073E+01   -.9082E+01   -.9092E+01   -.9102E+01   -.9115E+01   -.9127E+01   -.9142E+01   -.9157E+01   -.9175E+01   -.9194E+01   -.9216E+01   -.9240E+01   -.9270E+01   -.9300E+01   -.9340E+01   -.9381E+01   -.9435E+01   -.9494E+01   -.9569E+01   -.9650E+01   -.9751E+01   -.9851E+01   -.9954E+01   -.1002E+02   -.1004E+02   -.1001E+02   -.9581E+01   -.7670E+01   -.2232E+01   -.3651E+00   -.2352E+00   -.2832E+00   -.2713E+00   -.2772E+00   -.2793E+00   -.2749E+00   -.2738E+00   -.2754E+00   -.2763E+00   -.2767E+00   -.2765E+00   -.2774E+00   -.2784E+00   -.2790E+00   -.2794E+00   -.2799E+00   -.2799E+00   -.2811E+00   -.2809E+00   -.2819E+00   -.2816E+00   -.2820E+00   -.2822E+00   -.2824E+00   -.2826E+00   -.2828E+00   -.2829E+00   -.2831E+00   -.2832E+00   -.2833E+00   -.2834E+00   -.2835E+00   -.2836E+00   -.2837E+00   -.2837E+00   -.2838E+00   -.2839E+00   -.2839E+00   -.2840E+00   -.2840E+00   -.2840E+00   -.2840E+00   -.2841E+00   -.2841E+00   -.2841E+00   -.2841E+00   -.2841E+00   -.2841E+00   -.2841E+00   -.2841E+00   -.2841E+00   -.2841E+00   -.2841E+00   -.2841E+00   -.2841E+00   -.2841E+00   -.2841E+00   -.2841E+00
0.3012E+02   -.9010E+01   -.9015E+01   -.9019E+01   -.9024E+01   -.9030E+01   -.9036E+01   -.9043E+01   -.9050E+01   -.9058E+01   -.9067E+01   -.9076E+01   -.9086E+01   -.9097E+01   -.9108E+01   -.9121E+01   -.9134E+01   -.9150E+01   -.9166E+01   -.9185E+01   -.9206E+01   -.9230E+01   -.9256E+01   -.9288E+01   -.9322E+01   -.9366E+01   -.9412E+01   -.9472E+01   -.9538E+01   -.9620E+01   -.9711E+01   -.9815E+01   -.9914E+01   -.9999E+01   -.1004E+02   -.1003E+02   -.9788E+01   -.8536E+01   -.4580E+01   -.2939E+00   -.3320E+00   -.2188E+00   -.3047E+00   -.2642E+00   -.2837E+00   -.2802E+00   -.2752E+00   -.2751E+00   -.2765E+00   -.2768E+00   -.2771E+00   -.2776E+00   -.2784E+00   -.2792E+00   -.2797E+00   -.2802E+00   -.2807E+00   -.2807E+00   -.2818E+00   -.2816E+00   -.2824E+00   -.2822E+00   -.2826E+00   -.2827E+00   -.2829E+00   -.2831E+00   -.2832E+00   -.2834E+00   -.2835E+00   -.2836E+00   -.2837E+00   -.2838E+00   -.2839E+00   -.2840E+00   -.2841E+00   -.2841E+00   -.2842E+00   -.2842E+00   -.2843E+00   -.2843E+00   -.2844E+00   -.2844E+00   -.2844E+00   -.2844E+00   -.2844E+00   -.2844E+00   -.2844E+00   -.2844E+00   -.2844E+00   -.2844E+00   -.2844E+00   -.2844E+00   -.2844E+00   -.2844E+00   -.2844E+00   -.2844E+00   -.2844E+00   -.2844E+00   -.2844E+00
0.3033E+02   -.9010E+01   -.9015E+01   -.9020E+01   -.9026E+01   -.9031E+01   -.9038E+01   -.9045E+01   -.9053E+01   -.9061E+01   -.9070E+01   -.9079E+01   -.9090E+01   -.9101E+01   -.9114E+01   -.9126E+01   -.9142E+01   -.9157E+01   -.9177E+01   -.9195E+01   -.9220E+01   -.9242E+01   -.9275E+01   -.9306E+01   -.9348E+01   -.9391E+01   -.9448E+01   -.9508E+01   -.9589E+01   -.9671E+01   -.9780E+01   -.9876E+01   -.9982E+01   -.1003E+02   -.1005E+02   -.9995E+01   -.9402E+01   -.6927E+01   -.2227E+00   -.4303E+00   -.1529E+00   -.3398E+00   -.2429E+00   -.3030E+00   -.2579E+00   -.2788E+00   -.2722E+00   -.2751E+00   -.2762E+00   -.2758E+00   -.2761E+00   -.2772E+00   -.2778E+00   -.2782E+00   -.2785E+00   -.2790E+00   -.2795E+00   -.2794E+00   -.2805E+00   -.2802E+00   -.2811E+00   -.2808E+00   -.2812E+00   -.2814E+00   -.2815E+00   -.2817E+00   -.2818E+00   -.2820E+00   -.2821E+00   -.2822E+00   -.2823E+00   -.2824E+00   -.2825E+00   -.2826E+00   -.2827E+00   -.2827E+00   -.2828E+00   -.2829E+00   -.2829E+00   -.2829E+00   -.2830E+00   -.2830E+00   -.2830E+00   -.2830E+00   -.2830E+00   -.2830E+00   -.2830E+00   -.2830E+00   -.2830E+00   -.2830E+00   -.2830E+00   -.2830E+00   -.2830E+00   -.2830E+00   -.2830E+00   -.2830E+00   -.2830E+00   -.2830E+00   -.2830E+00
0.3055E+02   -.9011E+01   -.9016E+01   -.9021E+01   -.9027E+01   -.9033E+01   -.9040E+01   -.9047E+01   -.9055E+01   -.9064E+01   -.9073E+01   -.9084E+01   -.9094E+01   -.9107E+01   -.9119E+01   -.9134E+01   -.9149E+01   -.9167E+01   -.9186E+01   -.9209E+01   -.9233E+01   -.9261E+01   -.9292E+01   -.9332E+01   -.9373E+01   -.9427E+01   -.9484E+01   -.9559E+01   -.9641E+01   -.9740E+01   -.9840E+01   -.9942E+01   -.1001E+02   -.1004E+02   -.1001E+02   -.9609E+01   -.7793E+01   -.2570E+01   -.3585E+00   -.2497E+00   -.2752E+00   -.2761E+00   -.2825E+00   -.2775E+00   -.2756E+00   -.2782E+00   -.2746E+00   -.2764E+00   -.2767E+00   -.2768E+00   -.2776E+00   -.2786E+00   -.2792E+00   -.2797E+00   -.2800E+00   -.2805E+00   -.2811E+00   -.2810E+00   -.2820E+00   -.2817E+00   -.2825E+00   -.2822E+00   -.2825E+00   -.2827E+00   -.2829E+00   -.2830E+00   -.2831E+00   -.2833E+00   -.2834E+00   -.2835E+00   -.2836E+00   -.2837E+00   -.2837E+00   -.2838E+00   -.2839E+00   -.2839E+00   -.2840E+00   -.2840E+00   -.2841E+00   -.2841E+00   -.2841E+00   -.2841E+00   -.2841E+00   -.2842E+00   -.2842E+00   -.2842E+00   -.2842E+00   -.2842E+00   -.2842E+00   -.2841E+00   -.2841E+00   -.2841E+00   -.2841E+00   -.2841E+00   -.2841E+00   -.2841E+00   -.2841E+00   -.2841E+00   -.2841E+00
0.3077E+02   -.9011E+01   -.9017E+01   -.9022E+01   -.9028E+01   -.9035E+01   -.9041E+01   -.9050E+01   -.9058E+01   -.9067E+01   -.9077E+01   -.9088E+01   -.9099E+01   -.9112E+01   -.9126E+01   -.9141E+01   -.9158E+01   -.9177E+01   -.9197E+01   -.9222E+01   -.9248E+01   -.9279E+01   -.9314E+01   -.9357E+01   -.9403E+01   -.9463E+01   -.9526E+01   -.9610E+01   -.9700E+01   -.9804E+01   -.9903E+01   -.9991E+01   -.1003E+02   -.1003E+02   -.9815E+01   -.8659E+01   -.4916E+01   -.2868E+00   -.3478E+00   -.2094E+00   -.3112E+00   -.2607E+00   -.2917E+00   -.2716E+00   -.2802E+00   -.2782E+00   -.2756E+00   -.2769E+00   -.2769E+00   -.2775E+00   -.2784E+00   -.2793E+00   -.2799E+00   -.2804E+00   -.2807E+00   -.2812E+00   -.2816E+00   -.2815E+00   -.2824E+00   -.2822E+00   -.2829E+00   -.2826E+00   -.2829E+00   -.2831E+00   -.2832E+00   -.2834E+00   -.2835E+00   -.2836E+00   -.2837E+00   -.2838E+00   -.2839E+00   -.2840E+00   -.2841E+00   -.2841E+00   -.2842E+00   -.2842E+00   -.2843E+00   -.2843E+00   -.2844E+00   -.2844E+00   -.2844E+00   -.2844E+00   -.2844E+00   -.2844E+00   -.2844E+00   -.2844E+00   -.2844E+00   -.2844E+00   -.2844E+00   -.2844E+00   -.2844E+00   -.2844E+00   -.2844E+00   -.2844E+00   -.2844E+00   -.2844E+00   -.2844E+00   -.2844E+00   -.2844E+00
0.3098E+02   -.9012E+01   -.9018E+01   -.9023E+01   -.9029E+01   -.9036E+01   -.9044E+01   -.9051E+01   -.9061E+01   -.9070E+01   -.9081E+01   -.9091E+01   -.9105E+01   -.9117E+01   -.9133E+01   -.9148E+01   -.9168E+01   -.9186E+01   -.9211E+01   -.9234E+01   -.9267E+01   -.9297E+01   -.9339E+01   -.9382E+01   -.9439E+01   -.9499E+01   -.9577E+01   -.9661E+01   -.9768E+01   -.9865E+01   -.9969E+01   -.1002E+02   -.1004E+02   -.9994E+01   -.9430E+01   -.7051E+01   -.5606E+00   -.4223E+00   -.1661E+00   -.3325E+00   -.2462E+00   -.3016E+00   -.2653E+00   -.2887E+00   -.2693E+00   -.2790E+00   -.2751E+00   -.2764E+00   -.2767E+00   -.2777E+00   -.2785E+00   -.2791E+00   -.2796E+00   -.2801E+00   -.2802E+00   -.2807E+00   -.2811E+00   -.2810E+00   -.2818E+00   -.2815E+00   -.2822E+00   -.2820E+00   -.2823E+00   -.2824E+00   -.2825E+00   -.2827E+00   -.2828E+00   -.2829E+00   -.2830E+00   -.2831E+00   -.2832E+00   -.2833E+00   -.2833E+00   -.2834E+00   -.2835E+00   -.2835E+00   -.2836E+00   -.2836E+00   -.2836E+00   -.2837E+00   -.2837E+00   -.2837E+00   -.2837E+00   -.2837E+00   -.2837E+00   -.2837E+00   -.2837E+00   -.2837E+00   -.2837E+00   -.2837E+00   -.2837E+00   -.2837E+00   -.2837E+00   -.2837E+00   -.2837E+00   -.2837E+00   -.2837E+00   -.2837E+00   -.2836E+00
0.3120E+02   -.9012E+01   -.9018E+01   -.9024E+01   -.9030E+01   -.9038E+01   -.9046E+01   -.9054E+01   -.9063E+01   -.9074E+01   -.9085E+01   -.9097E+01   -.9110E+01   -.9125E+01   -.9140E+01   -.9158E+01   -.9177E+01   -.9199E+01   -.9223E+01   -.9252E+01   -.9284E+01   -.9322E+01   -.9364E+01   -.9417E+01   -.9474E+01   -.9548E+01   -.9628E+01   -.9728E+01   -.9828E+01   -.9930E+01   -.9999E+01   -.1003E+02   -.1001E+02   -.9636E+01   -.7916E+01   -.2907E+01   -.3504E+00   -.2642E+00   -.2663E+00   -.2812E+00   -.2798E+00   -.2795E+00   -.2793E+00   -.2788E+00   -.2766E+00   -.2786E+00   -.2758E+00   -.2770E+00   -.2776E+00   -.2786E+00   -.2793E+00   -.2799E+00   -.2804E+00   -.2809E+00   -.2810E+00   -.2815E+00   -.2818E+00   -.2817E+00   -.2825E+00   -.2822E+00   -.2829E+00   -.2826E+00   -.2829E+00   -.2830E+00   -.2832E+00   -.2833E+00   -.2834E+00   -.2835E+00   -.2836E+00   -.2837E+00   -.2838E+00   -.2838E+00   -.2839E+00   -.2840E+00   -.2840E+00   -.2841E+00   -.2841E+00   -.2841E+00   -.2842E+00   -.2842E+00   -.2842E+00   -.2842E+00   -.2842E+00   -.2842E+00   -.2842E+00   -.2842E+00   -.2842E+00   -.2842E+00   -.2842E+00   -.2842E+00   -.2842E+00   -.2842E+00   -.2842E+00   -.2842E+00   -.2842E+00   -.2842E+00   -.2842E+00   -.2842E+00   -.2842E+00
0.3142E+02   -.9013E+01   -.9019E+01   -.9025E+01   -.9032E+01   -.9040E+01   -.9048E+01   -.9057E+01   -.9067E+01   -.9078E+01   -.9089E+01   -.9102E+01   -.9116E+01   -.9132E+01   -.9148E+01   -.9168E+01   -.9188E+01   -.9212E+01   -.9238E+01   -.9270E+01   -.9305E+01   -.9346E+01   -.9392E+01   -.9452E+01   -.9515E+01   -.9598E+01   -.9685E+01   -.9792E+01   -.9891E+01   -.9981E+01   -.1002E+02   -.1002E+02   -.9842E+01   -.8781E+01   -.5252E+01   -.2784E+00   -.3631E+00   -.1996E+00   -.3170E+00   -.2571E+00   -.2948E+00   -.2696E+00   -.2851E+00   -.2747E+00   -.2800E+00   -.2784E+00   -.2765E+00   -.2775E+00   -.2783E+00   -.2792E+00   -.2799E+00   -.2804E+00   -.2809E+00   -.2814E+00   -.2815E+00   -.2820E+00   -.2823E+00   -.2821E+00   -.2829E+00   -.2826E+00   -.2832E+00   -.2830E+00   -.2832E+00   -.2833E+00   -.2835E+00   -.2836E+00   -.2837E+00   -.2838E+00   -.2839E+00   -.2840E+00   -.2840E+00   -.2841E+00   -.2842E+00   -.2842E+00   -.2843E+00   -.2843E+00   -.2843E+00   -.2844E+00   -.2844E+00   -.2844E+00   -.2844E+00   -.2844E+00   -.2844E+00   -.2844E+00   -.2844E+00   -.2844E+00   -.2844E+00   -.2844E+00   -.2844E+00   -.2844E+00   -.2844E+00   -.2844E+00   -.2844E+00   -.2844E+00   -.2844E+00   -.2844E+00   -.2844E+00   -.2844E+00   -.2844E+00
0.3163E+02   -.9013E+01   -.9020E+01   -.9026E+01   -.9034E+01   -.9041E+01   -.9050E+01   -.9059E+01   -.9071E+01   -.9081E+01   -.9094E+01   -.9107E+01   -.9123E+01   -.9138E+01   -.9158E+01   -.9176E+01   -.9201E+01   -.9225E+01   -.9256E+01   -.9287E+01   -.9330E+01   -.9371E+01   -.9428E+01   -.9488E+01   -.9565E+01   -.9649E+01   -.9753E+01   -.9852E+01   -.9956E+01   -.1001E+02   -.1003E+02   -.9992E+01   -.9458E+01   -.7174E+01   -.8972E+00   -.4135E+00   -.1797E+00   -.3239E+00   -.2506E+00   -.2995E+00   -.2670E+00   -.2874E+00   -.2724E+00   -.2835E+00   -.2751E+00   -.2786E+00   -.2768E+00   -.2779E+00   -.2787E+00   -.2793E+00   -.2800E+00   -.2805E+00   -.2809E+00   -.2813E+00   -.2814E+00   -.2817E+00   -.2820E+00   -.2819E+00   -.2825E+00   -.2823E+00   -.2828E+00   -.2826E+00   -.2829E+00   -.2830E+00   -.2831E+00   -.2832E+00   -.2833E+00   -.2834E+00   -.2835E+00   -.2835E+00   -.2836E+00   -.2837E+00   -.2837E+00   -.2838E+00   -.2838E+00   -.2839E+00   -.2839E+00   -.2840E+00   -.2840E+00   -.2840E+00   -.2840E+00   -.2840E+00   -.2840E+00   -.2840E+00   -.2840E+00   -.2840E+00   -.2840E+00   -.2840E+00   -.2840E+00   -.2840E+00   -.2840E+00   -.2840E+00   -.2840E+00   -.2840E+00   -.2839E+00   -.2839E+00   -.2839E+00   -.2839E+00   -.2839E+00
0.3185E+02   -.9014E+01   -.9021E+01   -.9028E+01   -.9035E+01   -.9044E+01   -.9053E+01   -.9063E+01   -.9074E+01   -.9086E+01   -.9099E+01   -.9114E+01   -.9129E+01   -.9147E+01   -.9167E+01   -.9189E+01   -.9213E+01   -.9242E+01   -.9273E+01   -.9311E+01   -.9354E+01   -.9404E+01   -.9463E+01   -.9535E+01   -.9616E+01   -.9714E+01   -.9814E+01   -.9916E+01   -.9988E+01   -.1002E+02   -.1001E+02   -.9663E+01   -.8039E+01   -.3242E+01   -.3414E+00   -.2786E+00   -.2570E+00   -.2864E+00   -.2767E+00   -.2822E+00   -.2782E+00   -.2791E+00   -.2783E+00   -.2784E+00   -.2776E+00   -.2785E+00   -.2778E+00   -.2786E+00   -.2793E+00   -.2799E+00   -.2805E+00   -.2810E+00   -.2814E+00   -.2818E+00   -.2818E+00   -.2821E+00   -.2824E+00   -.2823E+00   -.2829E+00   -.2827E+00   -.2832E+00   -.2830E+00   -.2832E+00   -.2833E+00   -.2834E+00   -.2835E+00   -.2836E+00   -.2837E+00   -.2838E+00   -.2839E+00   -.2839E+00   -.2840E+00   -.2840E+00   -.2841E+00   -.2841E+00   -.2842E+00   -.2842E+00   -.2842E+00   -.2842E+00   -.2842E+00   -.2842E+00   -.2842E+00   -.2842E+00   -.2842E+00   -.2842E+00   -.2842E+00   -.2842E+00   -.2842E+00   -.2842E+00   -.2842E+00   -.2842E+00   -.2842E+00   -.2842E+00   -.2842E+00   -.2842E+00   -.2842E+00   -.2842E+00   -.2842E+00   -.2842E+00
0.3207E+02   -.9015E+01   -.9022E+01   -.9029E+01   -.9037E+01   -.9046E+01   -.9055E+01   -.9066E+01   -.9077E+01   -.9091E+01   -.9104E+01   -.9120E+01   -.9137E+01   -.9156E+01   -.9176E+01   -.9201E+01   -.9227E+01   -.9259E+01   -.9292E+01   -.9335E+01   -.9382E+01   -.9439E+01   -.9502E+01   -.9585E+01   -.9671E+01   -.9779E+01   -.9876E+01   -.9969E+01   -.1001E+02   -.1002E+02   -.9867E+01   -.8904E+01   -.5587E+01   -.2694E+00   -.3780E+00   -.1897E+00   -.3226E+00   -.2534E+00   -.2976E+00   -.2683E+00   -.2866E+00   -.2730E+00   -.2823E+00   -.2748E+00   -.2794E+00   -.2783E+00   -.2786E+00   -.2792E+00   -.2798E+00   -.2804E+00   -.2809E+00   -.2814E+00   -.2818E+00   -.2822E+00   -.2822E+00   -.2825E+00   -.2827E+00   -.2826E+00   -.2832E+00   -.2829E+00   -.2834E+00   -.2833E+00   -.2835E+00   -.2836E+00   -.2837E+00   -.2838E+00   -.2839E+00   -.2839E+00   -.2840E+00   -.2841E+00   -.2841E+00   -.2842E+00   -.2842E+00   -.2843E+00   -.2843E+00   -.2844E+00   -.2844E+00   -.2844E+00   -.2844E+00   -.2844E+00   -.2844E+00   -.2844E+00   -.2844E+00   -.2844E+00   -.2844E+00   -.2844E+00   -.2844E+00   -.2844E+00   -.2844E+00   -.2844E+00   -.2844E+00   -.2844E+00   -.2844E+00   -.2844E+00   -.2844E+00   -.2843E+00   -.2843E+00   -.2843E+00   -.2843E+00
0.3228E+02   -.9015E+01   -.9023E+01   -.9030E+01   -.9039E+01   -.9048E+01   -.9059E+01   -.9069E+01   -.9082E+01   -.9095E+01   -.9111E+01   -.9126E+01   -.9146E+01   -.9165E+01   -.9189E+01   -.9213E+01   -.9244E+01   -.9276E+01   -.9317E+01   -.9359E+01   -.9417E+01   -.9474E+01   -.9552E+01   -.9636E+01   -.9738E+01   -.9838E+01   -.9941E+01   -.9996E+01   -.1002E+02   -.9989E+01   -.9486E+01   -.7297E+01   -.1233E+01   -.4041E+00   -.1937E+00   -.3148E+00   -.2554E+00   -.2967E+00   -.2691E+00   -.2869E+00   -.2731E+00   -.2824E+00   -.2747E+00   -.2806E+00   -.2767E+00   -.2781E+00   -.2789E+00   -.2795E+00   -.2801E+00   -.2806E+00   -.2811E+00   -.2815E+00   -.2819E+00   -.2821E+00   -.2821E+00   -.2824E+00   -.2826E+00   -.2824E+00   -.2830E+00   -.2828E+00   -.2832E+00   -.2831E+00   -.2833E+00   -.2834E+00   -.2835E+00   -.2835E+00   -.2836E+00   -.2837E+00   -.2838E+00   -.2838E+00   -.2839E+00   -.2839E+00   -.2840E+00   -.2840E+00   -.2841E+00   -.2841E+00   -.2841E+00   -.2841E+00   -.2841E+00   -.2841E+00   -.2841E+00   -.2841E+00   -.2841E+00   -.2841E+00   -.2841E+00   -.2841E+00   -.2841E+00   -.2841E+00   -.2841E+00   -.2841E+00   -.2841E+00   -.2841E+00   -.2841E+00   -.2841E+00   -.2841E+00   -.2841E+00   -.2841E+00   -.2841E+00   -.2841E+00
0.3250E+02   -.9016E+01   -.9024E+01   -.9032E+01   -.9041E+01   -.9051E+01   -.9061E+01   -.9073E+01   -.9087E+01   -.9101E+01   -.9117E+01   -.9135E+01   -.9154E+01   -.9176E+01   -.9201E+01   -.9229E+01   -.9261E+01   -.9298E+01   -.9341E+01   -.9391E+01   -.9451E+01   -.9520E+01   -.9602E+01   -.9698E+01   -.9799E+01   -.9901E+01   -.9975E+01   -.1001E+02   -.1000E+02   -.9689E+01   -.8162E+01   -.3578E+01   -.3320E+00   -.2930E+00   -.2474E+00   -.2916E+00   -.2733E+00   -.2845E+00   -.2769E+00   -.2805E+00   -.2775E+00   -.2786E+00   -.2773E+00   -.2783E+00   -.2780E+00   -.2782E+00   -.2795E+00   -.2799E+00   -.2805E+00   -.2810E+00   -.2814E+00   -.2818E+00   -.2821E+00   -.2824E+00   -.2824E+00   -.2826E+00   -.2828E+00   -.2827E+00   -.2832E+00   -.2830E+00   -.2834E+00   -.2833E+00   -.2834E+00   -.2835E+00   -.2836E+00   -.2837E+00   -.2838E+00   -.2839E+00   -.2839E+00   -.2840E+00   -.2840E+00   -.2841E+00   -.2841E+00   -.2842E+00   -.2842E+00   -.2842E+00   -.2842E+00   -.2842E+00   -.2842E+00   -.2842E+00   -.2842E+00   -.2842E+00   -.2842E+00   -.2842E+00   -.2842E+00   -.2842E+00   -.2842E+00   -.2842E+00   -.2842E+00   -.2842E+00   -.2842E+00   -.2842E+00   -.2842E+00   -.2842E+00   -.2842E+00   -.2842E+00   -.2842E+00   -.2842E+00   -.2842E+00
0.3272E+02   -.9017E+01   -.9025E+01   -.9034E+01   -.9043E+01   -.9054E+01   -.9064E+01   -.9078E+01   -.9091E+01   -.9107E+01   -.9123E+01   -.9144E+01   -.9163E+01   -.9189E+01   -.9214E+01   -.9246E+01   -.9279E+01   -.9322E+01   -.9367E+01   -.9426E+01   -.9489E+01   -.9569E+01   -.9655E+01   -.9763E+01   -.9859E+01   -.9956E+01   -.9999E+01   -.1001E+02   -.9891E+01   -.9026E+01   -.5921E+01   -.2602E+00   -.3927E+00   -.1799E+00   -.3281E+00   -.2498E+00   -.3001E+00   -.2667E+00   -.2881E+00   -.2721E+00   -.2832E+00   -.2741E+00   -.2807E+00   -.2756E+00   -.2795E+00   -.2785E+00   -.2802E+00   -.2804E+00   -.2809E+00   -.2814E+00   -.2818E+00   -.2822E+00   -.2824E+00   -.2827E+00   -.2826E+00   -.2829E+00   -.2830E+00   -.2829E+00   -.2834E+00   -.2832E+00   -.2836E+00   -.2835E+00   -.2836E+00   -.2837E+00   -.2838E+00   -.2839E+00   -.2840E+00   -.2840E+00   -.2841E+00   -.2842E+00   -.2842E+00   -.2843E+00   -.2843E+00   -.2843E+00   -.2844E+00   -.2844E+00   -.2844E+00   -.2844E+00   -.2844E+00   -.2844E+00   -.2844E+00   -.2844E+00   -.2844E+00   -.2843E+00   -.2843E+00   -.2843E+00   -.2843E+00   -.2843E+00   -.2843E+00   -.2843E+00   -.2843E+00   -.2843E+00   -.2843E+00   -.2843E+00   -.2843E+00   -.2843E+00   -.2843E+00   -.2843E+00   -.2843E+00
0.3293E+02   -.9018E+01   -.9027E+01   -.9035E+01   -.9045E+01   -.9056E+01   -.9069E+01   -.9081E+01   -.9097E+01   -.9113E+01   -.9132E+01   -.9151E+01   -.9176E+01   -.9200E+01   -.9231E+01   -.9262E+01   -.9303E+01   -.9346E+01   -.9401E+01   -.9460E+01   -.9538E+01   -.9618E+01   -.9721E+01   -.9822E+01   -.9923E+01   -.9982E+01   -.1001E+02   -.9983E+01   -.9513E+01   -.7420E+01   -.1569E+01   -.3945E+00   -.2079E+00   -.3054E+00   -.2605E+00   -.2936E+00   -.2712E+00   -.2859E+00   -.2741E+00   -.2823E+00   -.2751E+00   -.2801E+00   -.2763E+00   -.2801E+00   -.2776E+00   -.2790E+00   -.2804E+00   -.2807E+00   -.2812E+00   -.2816E+00   -.2820E+00   -.2823E+00   -.2826E+00   -.2827E+00   -.2827E+00   -.2829E+00   -.2831E+00   -.2829E+00   -.2834E+00   -.2832E+00   -.2836E+00   -.2834E+00   -.2836E+00   -.2837E+00   -.2838E+00   -.2838E+00   -.2839E+00   -.2840E+00   -.2840E+00   -.2841E+00   -.2841E+00   -.2842E+00   -.2842E+00   -.2842E+00   -.2842E+00   -.2842E+00   -.2842E+00   -.2842E+00   -.2842E+00   -.2842E+00   -.2842E+00   -.2842E+00   -.2842E+00   -.2842E+00   -.2842E+00   -.2842E+00   -.2842E+00   -.2842E+00   -.2842E+00   -.2842E+00   -.2842E+00   -.2842E+00   -.2842E+00   -.2842E+00   -.2842E+00   -.2842E+00   -.2842E+00   -.2842E+00   -.2842E+00
0.3315E+02   -.9019E+01   -.9028E+01   -.9037E+01   -.9048E+01   -.9059E+01   -.9072E+01   -.9087E+01   -.9103E+01   -.9120E+01   -.9140E+01   -.9162E+01   -.9187E+01   -.9215E+01   -.9247E+01   -.9284E+01   -.9326E+01   -.9376E+01   -.9435E+01   -.9504E+01   -.9587E+01   -.9679E+01   -.9782E+01   -.9883E+01   -.9960E+01   -.9997E+01   -.1000E+02   -.9712E+01   -.8284E+01   -.3913E+01   -.3225E+00   -.3074E+00   -.2377E+00   -.2968E+00   -.2699E+00   -.2867E+00   -.2754E+00   -.2816E+00   -.2767E+00   -.2795E+00   -.2768E+00   -.2786E+00   -.2776E+00   -.2787E+00   -.2783E+00   -.2792E+00   -.2807E+00   -.2809E+00   -.2814E+00   -.2818E+00   -.2821E+00   -.2824E+00   -.2826E+00   -.2828E+00   -.2827E+00   -.2829E+00   -.2831E+00   -.2829E+00   -.2834E+00   -.2832E+00   -.2836E+00   -.2834E+00   -.2836E+00   -.2837E+00   -.2837E+00   -.2838E+00   -.2839E+00   -.2839E+00   -.2840E+00   -.2840E+00   -.2841E+00   -.2841E+00   -.2841E+00   -.2842E+00   -.2842E+00   -.2842E+00   -.2842E+00   -.2842E+00   -.2842E+00   -.2842E+00   -.2842E+00   -.2842E+00   -.2842E+00   -.2842E+00   -.2841E+00   -.2841E+00   -.2841E+00   -.2841E+00   -.2841E+00   -.2841E+00   -.2841E+00   -.2841E+00   -.2841E+00   -.2841E+00   -.2841E+00   -.2841E+00   -.2841E+00   -.2841E+00   -.2841E+00
0.3337E+02   -.9020E+01   -.9029E+01   -.9040E+01   -.9050E+01   -.9063E+01   -.9076E+01   -.9092E+01   -.9108E+01   -.9128E+01   -.9148E+01   -.9174E+01   -.9199E+01   -.9231E+01   -.9264E+01   -.9307E+01   -.9351E+01   -.9410E+01   -.9471E+01   -.9552E+01   -.9639E+01   -.9743E+01   -.9841E+01   -.9940E+01   -.9984E+01   -.1000E+02   -.9921E+01   -.9144E+01   -.6256E+01   -.2511E+00   -.4071E+00   -.1699E+00   -.3332E+00   -.2460E+00   -.3024E+00   -.2649E+00   -.2893E+00   -.2710E+00   -.2840E+00   -.2732E+00   -.2812E+00   -.2753E+00   -.2805E+00   -.2761E+00   -.2798E+00   -.2794E+00   -.2811E+00   -.2812E+00   -.2817E+00   -.2820E+00   -.2823E+00   -.2825E+00   -.2827E+00   -.2829E+00   -.2828E+00   -.2830E+00   -.2832E+00   -.2830E+00   -.2835E+00   -.2833E+00   -.2837E+00   -.2835E+00   -.2837E+00   -.2837E+00   -.2838E+00   -.2839E+00   -.2839E+00   -.2840E+00   -.2840E+00   -.2841E+00   -.2841E+00   -.2842E+00   -.2842E+00   -.2842E+00   -.2842E+00   -.2842E+00   -.2842E+00   -.2842E+00   -.2842E+00   -.2842E+00   -.2842E+00   -.2842E+00   -.2842E+00   -.2842E+00   -.2842E+00   -.2842E+00   -.2842E+00   -.2842E+00   -.2842E+00   -.2842E+00   -.2842E+00   -.2842E+00   -.2842E+00   -.2841E+00   -.2841E+00   -.2841E+00   -.2841E+00   -.2841E+00   -.2841E+00
0.3358E+02   -.9021E+01   -.9032E+01   -.9042E+01   -.9054E+01   -.9066E+01   -.9082E+01   -.9097E+01   -.9116E+01   -.9136E+01   -.9160E+01   -.9184E+01   -.9215E+01   -.9247E+01   -.9287E+01   -.9330E+01   -.9384E+01   -.9443E+01   -.9519E+01   -.9601E+01   -.9704E+01   -.9801E+01   -.9904E+01   -.9965E+01   -.9999E+01   -.9976E+01   -.9556E+01   -.7539E+01   -.1905E+01   -.3855E+00   -.2227E+00   -.2963E+00   -.2660E+00   -.2908E+00   -.2739E+00   -.2850E+00   -.2756E+00   -.2821E+00   -.2762E+00   -.2804E+00   -.2771E+00   -.2803E+00   -.2775E+00   -.2805E+00   -.2794E+00   -.2805E+00   -.2819E+00   -.2821E+00   -.2825E+00   -.2828E+00   -.2831E+00   -.2833E+00   -.2835E+00   -.2836E+00   -.2835E+00   -.2837E+00   -.2838E+00   -.2837E+00   -.2841E+00   -.2839E+00   -.2843E+00   -.2841E+00   -.2842E+00   -.2843E+00   -.2844E+00   -.2845E+00   -.2845E+00   -.2846E+00   -.2846E+00   -.2847E+00   -.2847E+00   -.2847E+00   -.2847E+00   -.2847E+00   -.2847E+00   -.2847E+00   -.2847E+00   -.2847E+00   -.2847E+00   -.2847E+00   -.2847E+00   -.2847E+00   -.2847E+00   -.2847E+00   -.2847E+00   -.2847E+00   -.2847E+00   -.2847E+00   -.2847E+00   -.2847E+00   -.2847E+00   -.2847E+00   -.2847E+00   -.2847E+00   -.2847E+00   -.2847E+00   -.2847E+00   -.2847E+00   -.2847E+00
0.3380E+02   -.9022E+01   -.9033E+01   -.9044E+01   -.9057E+01   -.9070E+01   -.9086E+01   -.9104E+01   -.9123E+01   -.9145E+01   -.9170E+01   -.9198E+01   -.9230E+01   -.9267E+01   -.9310E+01   -.9359E+01   -.9417E+01   -.9485E+01   -.9567E+01   -.9659E+01   -.9764E+01   -.9862E+01   -.9943E+01   -.9982E+01   -.9990E+01   -.9735E+01   -.8453E+01   -.4243E+01   -.3134E+00   -.3221E+00   -.2285E+00   -.3024E+00   -.2667E+00   -.2893E+00   -.2742E+00   -.2832E+00   -.2762E+00   -.2805E+00   -.2766E+00   -.2795E+00   -.2777E+00   -.2792E+00   -.2781E+00   -.2800E+00   -.2796E+00   -.2805E+00   -.2819E+00   -.2821E+00   -.2824E+00   -.2827E+00   -.2829E+00   -.2831E+00   -.2833E+00   -.2834E+00   -.2833E+00   -.2835E+00   -.2836E+00   -.2835E+00   -.2839E+00   -.2837E+00   -.2840E+00   -.2839E+00   -.2840E+00   -.2841E+00   -.2842E+00   -.2842E+00   -.2843E+00   -.2843E+00   -.2844E+00   -.2844E+00   -.2844E+00   -.2844E+00   -.2844E+00   -.2844E+00   -.2844E+00   -.2844E+00   -.2844E+00   -.2844E+00   -.2844E+00   -.2844E+00   -.2844E+00   -.2844E+00   -.2844E+00   -.2844E+00   -.2844E+00   -.2844E+00   -.2844E+00   -.2844E+00   -.2844E+00   -.2844E+00   -.2844E+00   -.2844E+00   -.2844E+00   -.2844E+00   -.2844E+00   -.2844E+00   -.2844E+00   -.2844E+00   -.2844E+00
0.3402E+02   -.9024E+01   -.9035E+01   -.9047E+01   -.9059E+01   -.9075E+01   -.9091E+01   -.9111E+01   -.9131E+01   -.9156E+01   -.9181E+01   -.9214E+01   -.9246E+01   -.9289E+01   -.9333E+01   -.9391E+01   -.9452E+01   -.9532E+01   -.9616E+01   -.9723E+01   -.9821E+01   -.9921E+01   -.9966E+01   -.9991E+01   -.9940E+01   -.9266E+01   -.6667E+01   -.2361E+00   -.4209E+00   -.1592E+00   -.3386E+00   -.2420E+00   -.3043E+00   -.2628E+00   -.2902E+00   -.2696E+00   -.2844E+00   -.2722E+00   -.2815E+00   -.2745E+00   -.2806E+00   -.2751E+00   -.2806E+00   -.2771E+00   -.2803E+00   -.2800E+00   -.2816E+00   -.2816E+00   -.2819E+00   -.2821E+00   -.2823E+00   -.2825E+00   -.2826E+00   -.2828E+00   -.2827E+00   -.2828E+00   -.2830E+00   -.2829E+00   -.2832E+00   -.2831E+00   -.2834E+00   -.2833E+00   -.2834E+00   -.2834E+00   -.2835E+00   -.2836E+00   -.2836E+00   -.2836E+00   -.2837E+00   -.2837E+00   -.2837E+00   -.2837E+00   -.2837E+00   -.2837E+00   -.2837E+00   -.2837E+00   -.2837E+00   -.2837E+00   -.2837E+00   -.2837E+00   -.2837E+00   -.2837E+00   -.2837E+00   -.2837E+00   -.2837E+00   -.2837E+00   -.2837E+00   -.2837E+00   -.2837E+00   -.2837E+00   -.2837E+00   -.2837E+00   -.2837E+00   -.2837E+00   -.2837E+00   -.2837E+00   -.2837E+00   -.2837E+00   -.2837E+00
0.3423E+02   -.9025E+01   -.9038E+01   -.9049E+01   -.9064E+01   -.9079E+01   -.9098E+01   -.9117E+01   -.9141E+01   -.9166E+01   -.9196E+01   -.9228E+01   -.9268E+01   -.9311E+01   -.9365E+01   -.9424E+01   -.9498E+01   -.9580E+01   -.9680E+01   -.9780E+01   -.9881E+01   -.9944E+01   -.9981E+01   -.9967E+01   -.9579E+01   -.7661E+01   -.2209E+01   -.3638E+00   -.2335E+00   -.2837E+00   -.2716E+00   -.2873E+00   -.2757E+00   -.2832E+00   -.2764E+00   -.2811E+00   -.2764E+00   -.2796E+00   -.2771E+00   -.2797E+00   -.2771E+00   -.2795E+00   -.2784E+00   -.2803E+00   -.2799E+00   -.2808E+00   -.2820E+00   -.2822E+00   -.2825E+00   -.2827E+00   -.2828E+00   -.2830E+00   -.2832E+00   -.2833E+00   -.2832E+00   -.2834E+00   -.2835E+00   -.2834E+00   -.2837E+00   -.2836E+00   -.2839E+00   -.2837E+00   -.2838E+00   -.2839E+00   -.2839E+00   -.2840E+00   -.2840E+00   -.2840E+00   -.2841E+00   -.2841E+00   -.2841E+00   -.2841E+00   -.2841E+00   -.2841E+00   -.2841E+00   -.2841E+00   -.2841E+00   -.2841E+00   -.2841E+00   -.2841E+00   -.2841E+00   -.2841E+00   -.2841E+00   -.2841E+00   -.2841E+00   -.2841E+00   -.2841E+00   -.2841E+00   -.2841E+00   -.2841E+00   -.2841E+00   -.2841E+00   -.2841E+00   -.2840E+00   -.2840E+00   -.2840E+00   -.2840E+00   -.2840E+00   -.2840E+00
0.3445E+02   -.9027E+01   -.9040E+01   -.9053E+01   -.9068E+01   -.9085E+01   -.9104E+01   -.9126E+01   -.9151E+01   -.9178E+01   -.9211E+01   -.9247E+01   -.9290E+01   -.9338E+01   -.9397E+01   -.9464E+01   -.9545E+01   -.9636E+01   -.9739E+01   -.9838E+01   -.9922E+01   -.9964E+01   -.9977E+01   -.9756E+01   -.8571E+01   -.4578E+01   -.2522E+00   -.3274E+00   -.2158E+00   -.3054E+00   -.2638E+00   -.2917E+00   -.2726E+00   -.2843E+00   -.2753E+00   -.2812E+00   -.2760E+00   -.2799E+00   -.2771E+00   -.2794E+00   -.2774E+00   -.2798E+00   -.2787E+00   -.2805E+00   -.2802E+00   -.2810E+00   -.2822E+00   -.2823E+00   -.2825E+00   -.2827E+00   -.2829E+00   -.2831E+00   -.2832E+00   -.2833E+00   -.2832E+00   -.2834E+00   -.2835E+00   -.2834E+00   -.2837E+00   -.2836E+00   -.2838E+00   -.2837E+00   -.2838E+00   -.2839E+00   -.2839E+00   -.2839E+00   -.2840E+00   -.2840E+00   -.2840E+00   -.2840E+00   -.2840E+00   -.2840E+00   -.2840E+00   -.2840E+00   -.2840E+00   -.2840E+00   -.2840E+00   -.2840E+00   -.2840E+00   -.2840E+00   -.2840E+00   -.2840E+00   -.2840E+00   -.2840E+00   -.2840E+00   -.2840E+00   -.2840E+00   -.2840E+00   -.2840E+00   -.2840E+00   -.2840E+00   -.2840E+00   -.2840E+00   -.2840E+00   -.2840E+00   -.2840E+00   -.2840E+00   -.2840E+00   -.2840E+00
0.3467E+02   -.9028E+01   -.9042E+01   -.9057E+01   -.9071E+01   -.9091E+01   -.9110E+01   -.9136E+01   -.9160E+01   -.9193E+01   -.9225E+01   -.9268E+01   -.9311E+01   -.9370E+01   -.9429E+01   -.9510E+01   -.9592E+01   -.9699E+01   -.9796E+01   -.9898E+01   -.9945E+01   -.9979E+01   -.9956E+01   -.9387E+01   -.7009E+01   -.2277E+00   -.4392E+00   -.1505E+00   -.3437E+00   -.2390E+00   -.3066E+00   -.2612E+00   -.2915E+00   -.2687E+00   -.2852E+00   -.2715E+00   -.2820E+00   -.2739E+00   -.2810E+00   -.2744E+00   -.2808E+00   -.2765E+00   -.2810E+00   -.2783E+00   -.2810E+00   -.2807E+00   -.2820E+00   -.2820E+00   -.2822E+00   -.2823E+00   -.2825E+00   -.2827E+00   -.2828E+00   -.2829E+00   -.2828E+00   -.2829E+00   -.2830E+00   -.2830E+00   -.2833E+00   -.2831E+00   -.2834E+00   -.2833E+00   -.2834E+00   -.2834E+00   -.2834E+00   -.2835E+00   -.2835E+00   -.2835E+00   -.2835E+00   -.2835E+00   -.2835E+00   -.2835E+00   -.2835E+00   -.2835E+00   -.2835E+00   -.2835E+00   -.2835E+00   -.2835E+00   -.2835E+00   -.2835E+00   -.2835E+00   -.2835E+00   -.2835E+00   -.2835E+00   -.2835E+00   -.2835E+00   -.2835E+00   -.2835E+00   -.2835E+00   -.2835E+00   -.2835E+00   -.2835E+00   -.2835E+00   -.2835E+00   -.2835E+00   -.2835E+00   -.2835E+00   -.2835E+00   -.2835E+00
0.3488E+02   -.9030E+01   -.9045E+01   -.9060E+01   -.9077E+01   -.9097E+01   -.9120E+01   -.9144E+01   -.9174E+01   -.9207E+01   -.9246E+01   -.9289E+01   -.9342E+01   -.9401E+01   -.9474E+01   -.9556E+01   -.9654E+01   -.9754E+01   -.9855E+01   -.9921E+01   -.9958E+01   -.9961E+01   -.9599E+01   -.7783E+01   -.2552E+01   -.3543E+00   -.2420E+00   -.2740E+00   -.2765E+00   -.2838E+00   -.2779E+00   -.2817E+00   -.2774E+00   -.2802E+00   -.2770E+00   -.2791E+00   -.2774E+00   -.2793E+00   -.2773E+00   -.2791E+00   -.2784E+00   -.2800E+00   -.2797E+00   -.2809E+00   -.2809E+00   -.2815E+00   -.2825E+00   -.2826E+00   -.2828E+00   -.2829E+00   -.2831E+00   -.2832E+00   -.2833E+00   -.2834E+00   -.2834E+00   -.2835E+00   -.2836E+00   -.2835E+00   -.2838E+00   -.2837E+00   -.2839E+00   -.2838E+00   -.2838E+00   -.2839E+00   -.2839E+00   -.2839E+00   -.2840E+00   -.2840E+00   -.2840E+00   -.2840E+00   -.2840E+00   -.2840E+00   -.2840E+00   -.2840E+00   -.2840E+00   -.2840E+00   -.2840E+00   -.2840E+00   -.2840E+00   -.2840E+00   -.2840E+00   -.2840E+00   -.2840E+00   -.2840E+00   -.2840E+00   -.2839E+00   -.2839E+00   -.2839E+00   -.2839E+00   -.2839E+00   -.2839E+00   -.2839E+00   -.2839E+00   -.2839E+00   -.2839E+00   -.2839E+00   -.2839E+00   -.2839E+00   -.2839E+00
0.3510E+02   -.9032E+01   -.9048E+01   -.9064E+01   -.9083E+01   -.9104E+01   -.9128E+01   -.9155E+01   -.9188E+01   -.9223E+01   -.9266E+01   -.9314E+01   -.9373E+01   -.9439E+01   -.9520E+01   -.9609E+01   -.9712E+01   -.9811E+01   -.9896E+01   -.9940E+01   -.9956E+01   -.9788E+01   -.8686E+01   -.4912E+01   -.2383E+00   -.3412E+00   -.1994E+00   -.3103E+00   -.2606E+00   -.2941E+00   -.2714E+00   -.2857E+00   -.2747E+00   -.2821E+00   -.2756E+00   -.2806E+00   -.2770E+00   -.2800E+00   -.2772E+00   -.2802E+00   -.2786E+00   -.2809E+00   -.2800E+00   -.2817E+00   -.2812E+00   -.2819E+00   -.2829E+00   -.2829E+00   -.2831E+00   -.2833E+00   -.2834E+00   -.2836E+00   -.2836E+00   -.2837E+00   -.2837E+00   -.2838E+00   -.2839E+00   -.2838E+00   -.2841E+00   -.2839E+00   -.2841E+00   -.2840E+00   -.2841E+00   -.2841E+00   -.2842E+00   -.2842E+00   -.2842E+00   -.2842E+00   -.2842E+00   -.2842E+00   -.2842E+00   -.2842E+00   -.2842E+00   -.2842E+00   -.2842E+00   -.2842E+00   -.2842E+00   -.2842E+00   -.2842E+00   -.2842E+00   -.2842E+00   -.2842E+00   -.2842E+00   -.2842E+00   -.2842E+00   -.2842E+00   -.2842E+00   -.2842E+00   -.2842E+00   -.2842E+00   -.2842E+00   -.2842E+00   -.2841E+00   -.2842E+00   -.2841E+00   -.2841E+00   -.2841E+00   -.2841E+00   -.2841E+00
0.3532E+02   -.9034E+01   -.9051E+01   -.9069E+01   -.9088E+01   -.9112E+01   -.9136E+01   -.9169E+01   -.9201E+01   -.9243E+01   -.9286E+01   -.9344E+01   -.9404E+01   -.9483E+01   -.9565E+01   -.9670E+01   -.9767E+01   -.9869E+01   -.9918E+01   -.9956E+01   -.9938E+01   -.9435E+01   -.7125E+01   -.5642E+00   -.4262E+00   -.1650E+00   -.3373E+00   -.2450E+00   -.3045E+00   -.2642E+00   -.2907E+00   -.2704E+00   -.2851E+00   -.2728E+00   -.2823E+00   -.2749E+00   -.2814E+00   -.2752E+00   -.2812E+00   -.2772E+00   -.2816E+00   -.2790E+00   -.2822E+00   -.2804E+00   -.2823E+00   -.2821E+00   -.2831E+00   -.2831E+00   -.2832E+00   -.2834E+00   -.2835E+00   -.2836E+00   -.2837E+00   -.2838E+00   -.2837E+00   -.2838E+00   -.2839E+00   -.2838E+00   -.2841E+00   -.2839E+00   -.2841E+00   -.2840E+00   -.2841E+00   -.2841E+00   -.2841E+00   -.2842E+00   -.2842E+00   -.2842E+00   -.2842E+00   -.2842E+00   -.2842E+00   -.2842E+00   -.2842E+00   -.2842E+00   -.2842E+00   -.2842E+00   -.2842E+00   -.2842E+00   -.2842E+00   -.2842E+00   -.2842E+00   -.2842E+00   -.2842E+00   -.2842E+00   -.2842E+00   -.2842E+00   -.2842E+00   -.2842E+00   -.2842E+00   -.2841E+00   -.2841E+00   -.2841E+00   -.2841E+00   -.2841E+00   -.2841E+00   -.2841E+00   -.2841E+00   -.2841E+00   -.2841E+00
0.3553E+02   -.9036E+01   -.9055E+01   -.9073E+01   -.9095E+01   -.9120E+01   -.9149E+01   -.9181E+01   -.9220E+01   -.9263E+01   -.9315E+01   -.9374E+01   -.9446E+01   -.9527E+01   -.9624E+01   -.9724E+01   -.9823E+01   -.9892E+01   -.9934E+01   -.9943E+01   -.9604E+01   -.7967E+01   -.2891E+01   -.3448E+00   -.2569E+00   -.2645E+00   -.2797E+00   -.2801E+00   -.2791E+00   -.2792E+00   -.2779E+00   -.2788E+00   -.2771E+00   -.2781E+00   -.2774E+00   -.2785E+00   -.2772E+00   -.2785E+00   -.2783E+00   -.2795E+00   -.2795E+00   -.2805E+00   -.2806E+00   -.2813E+00   -.2814E+00   -.2818E+00   -.2827E+00   -.2827E+00   -.2829E+00   -.2830E+00   -.2831E+00   -.2832E+00   -.2833E+00   -.2834E+00   -.2833E+00   -.2834E+00   -.2835E+00   -.2834E+00   -.2836E+00   -.2835E+00   -.2837E+00   -.2836E+00   -.2836E+00   -.2837E+00   -.2837E+00   -.2837E+00   -.2837E+00   -.2837E+00   -.2837E+00   -.2837E+00   -.2837E+00   -.2837E+00   -.2837E+00   -.2837E+00   -.2837E+00   -.2837E+00   -.2837E+00   -.2837E+00   -.2837E+00   -.2837E+00   -.2837E+00   -.2837E+00   -.2837E+00   -.2837E+00   -.2837E+00   -.2837E+00   -.2837E+00   -.2837E+00   -.2837E+00   -.2837E+00   -.2836E+00   -.2836E+00   -.2836E+00   -.2836E+00   -.2836E+00   -.2836E+00   -.2836E+00   -.2836E+00   -.2837E+00
0.3575E+02   -.9039E+01   -.9059E+01   -.9079E+01   -.9103E+01   -.9129E+01   -.9161E+01   -.9196E+01   -.9239E+01   -.9285E+01   -.9344E+01   -.9409E+01   -.9489E+01   -.9577E+01   -.9681E+01   -.9778E+01   -.9866E+01   -.9911E+01   -.9939E+01   -.9800E+01   -.8766E+01   -.5293E+01   -.2173E+00   -.3528E+00   -.1867E+00   -.3150E+00   -.2528E+00   -.2957E+00   -.2680E+00   -.2851E+00   -.2727E+00   -.2817E+00   -.2740E+00   -.2800E+00   -.2756E+00   -.2793E+00   -.2759E+00   -.2796E+00   -.2774E+00   -.2803E+00   -.2789E+00   -.2811E+00   -.2801E+00   -.2816E+00   -.2811E+00   -.2817E+00   -.2825E+00   -.2825E+00   -.2827E+00   -.2828E+00   -.2829E+00   -.2830E+00   -.2831E+00   -.2832E+00   -.2831E+00   -.2832E+00   -.2833E+00   -.2832E+00   -.2834E+00   -.2833E+00   -.2834E+00   -.2833E+00   -.2834E+00   -.2834E+00   -.2834E+00   -.2834E+00   -.2834E+00   -.2834E+00   -.2834E+00   -.2834E+00   -.2834E+00   -.2834E+00   -.2834E+00   -.2834E+00   -.2834E+00   -.2834E+00   -.2834E+00   -.2834E+00   -.2834E+00   -.2834E+00   -.2834E+00   -.2834E+00   -.2834E+00   -.2834E+00   -.2834E+00   -.2834E+00   -.2834E+00   -.2834E+00   -.2834E+00   -.2834E+00   -.2834E+00   -.2834E+00   -.2834E+00   -.2834E+00   -.2834E+00   -.2834E+00   -.2834E+00   -.2834E+00   -.2834E+00
0.3597E+02   -.9042E+01   -.9062E+01   -.9086E+01   -.9109E+01   -.9140E+01   -.9172E+01   -.9214E+01   -.9257E+01   -.9314E+01   -.9373E+01   -.9451E+01   -.9533E+01   -.9636E+01   -.9733E+01   -.9833E+01   -.9885E+01   -.9927E+01   -.9927E+01   -.9454E+01   -.7164E+01   -.8383E+00   -.3984E+00   -.1744E+00   -.3225E+00   -.2502E+00   -.3011E+00   -.2667E+00   -.2890E+00   -.2708E+00   -.2837E+00   -.2727E+00   -.2810E+00   -.2745E+00   -.2804E+00   -.2747E+00   -.2801E+00   -.2765E+00   -.2806E+00   -.2782E+00   -.2813E+00   -.2797E+00   -.2818E+00   -.2807E+00   -.2820E+00   -.2819E+00   -.2828E+00   -.2828E+00   -.2829E+00   -.2830E+00   -.2831E+00   -.2832E+00   -.2833E+00   -.2833E+00   -.2833E+00   -.2833E+00   -.2834E+00   -.2833E+00   -.2835E+00   -.2834E+00   -.2835E+00   -.2834E+00   -.2835E+00   -.2835E+00   -.2835E+00   -.2835E+00   -.2835E+00   -.2835E+00   -.2835E+00   -.2835E+00   -.2835E+00   -.2835E+00   -.2835E+00   -.2835E+00   -.2835E+00   -.2835E+00   -.2835E+00   -.2835E+00   -.2835E+00   -.2835E+00   -.2835E+00   -.2835E+00   -.2835E+00   -.2835E+00   -.2835E+00   -.2835E+00   -.2835E+00   -.2835E+00   -.2835E+00   -.2835E+00   -.2835E+00   -.2835E+00   -.2835E+00   -.2835E+00   -.2835E+00   -.2835E+00   -.2835E+00   -.2835E+00   -.2835E+00
0.3618E+02   -.9045E+01   -.9068E+01   -.9092E+01   -.9119E+01   -.9151E+01   -.9189E+01   -.9232E+01   -.9283E+01   -.9342E+01   -.9412E+01   -.9493E+01   -.9588E+01   -.9688E+01   -.9786E+01   -.9857E+01   -.9902E+01   -.9921E+01   -.9635E+01   -.8082E+01   -.3241E+01   -.3113E+00   -.2693E+00   -.2555E+00   -.2837E+00   -.2771E+00   -.2801E+00   -.2786E+00   -.2797E+00   -.2784E+00   -.2784E+00   -.2780E+00   -.2782E+00   -.2785E+00   -.2780E+00   -.2785E+00   -.2790E+00   -.2797E+00   -.2801E+00   -.2808E+00   -.2811E+00   -.2816E+00   -.2819E+00   -.2822E+00   -.2824E+00   -.2827E+00   -.2834E+00   -.2835E+00   -.2836E+00   -.2837E+00   -.2838E+00   -.2839E+00   -.2839E+00   -.2840E+00   -.2839E+00   -.2840E+00   -.2840E+00   -.2839E+00   -.2841E+00   -.2840E+00   -.2841E+00   -.2840E+00   -.2841E+00   -.2841E+00   -.2841E+00   -.2841E+00   -.2841E+00   -.2841E+00   -.2841E+00   -.2841E+00   -.2841E+00   -.2841E+00   -.2841E+00   -.2841E+00   -.2841E+00   -.2841E+00   -.2841E+00   -.2841E+00   -.2841E+00   -.2841E+00   -.2841E+00   -.2841E+00   -.2841E+00   -.2841E+00   -.2841E+00   -.2841E+00   -.2841E+00   -.2840E+00   -.2840E+00   -.2840E+00   -.2840E+00   -.2840E+00   -.2840E+00   -.2840E+00   -.2840E+00   -.2840E+00   -.2840E+00   -.2840E+00   -.2841E+00
0.3640E+02   -.9048E+01   -.9074E+01   -.9098E+01   -.9130E+01   -.9163E+01   -.9206E+01   -.9252E+01   -.9310E+01   -.9373E+01   -.9453E+01   -.9540E+01   -.9643E+01   -.9739E+01   -.9828E+01   -.9875E+01   -.9912E+01   -.9811E+01   -.8919E+01   -.5632E+01   -.2704E+00   -.3798E+00   -.1816E+00   -.3234E+00   -.2495E+00   -.2984E+00   -.2641E+00   -.2876E+00   -.2728E+00   -.2834E+00   -.2746E+00   -.2816E+00   -.2763E+00   -.2809E+00   -.2766E+00   -.2811E+00   -.2783E+00   -.2817E+00   -.2798E+00   -.2824E+00   -.2810E+00   -.2828E+00   -.2819E+00   -.2832E+00   -.2827E+00   -.2832E+00   -.2838E+00   -.2838E+00   -.2839E+00   -.2840E+00   -.2841E+00   -.2842E+00   -.2843E+00   -.2843E+00   -.2842E+00   -.2843E+00   -.2843E+00   -.2842E+00   -.2844E+00   -.2843E+00   -.2844E+00   -.2843E+00   -.2844E+00   -.2844E+00   -.2844E+00   -.2844E+00   -.2844E+00   -.2844E+00   -.2844E+00   -.2844E+00   -.2844E+00   -.2844E+00   -.2844E+00   -.2844E+00   -.2844E+00   -.2844E+00   -.2844E+00   -.2844E+00   -.2844E+00   -.2844E+00   -.2844E+00   -.2844E+00   -.2843E+00   -.2843E+00   -.2843E+00   -.2843E+00   -.2843E+00   -.2843E+00   -.2843E+00   -.2843E+00   -.2843E+00   -.2843E+00   -.2843E+00   -.2843E+00   -.2843E+00   -.2843E+00   -.2843E+00   -.2843E+00   -.2843E+00
0.3662E+02   -.9053E+01   -.9079E+01   -.9108E+01   -.9139E+01   -.9179E+01   -.9222E+01   -.9277E+01   -.9337E+01   -.9413E+01   -.9494E+01   -.9595E+01   -.9692E+01   -.9791E+01   -.9846E+01   -.9892E+01   -.9905E+01   -.9474E+01   -.7361E+01   -.1178E+01   -.3942E+00   -.1812E+00   -.3137E+00   -.2554E+00   -.2976E+00   -.2692E+00   -.2876E+00   -.2734E+00   -.2835E+00   -.2739E+00   -.2811E+00   -.2754E+00   -.2806E+00   -.2755E+00   -.2803E+00   -.2772E+00   -.2809E+00   -.2788E+00   -.2816E+00   -.2801E+00   -.2822E+00   -.2811E+00   -.2826E+00   -.2818E+00   -.2828E+00   -.2827E+00   -.2835E+00   -.2834E+00   -.2835E+00   -.2836E+00   -.2837E+00   -.2837E+00   -.2838E+00   -.2838E+00   -.2837E+00   -.2838E+00   -.2838E+00   -.2837E+00   -.2839E+00   -.2837E+00   -.2839E+00   -.2838E+00   -.2838E+00   -.2838E+00   -.2838E+00   -.2838E+00   -.2838E+00   -.2838E+00   -.2838E+00   -.2838E+00   -.2838E+00   -.2838E+00   -.2838E+00   -.2838E+00   -.2838E+00   -.2838E+00   -.2838E+00   -.2838E+00   -.2838E+00   -.2838E+00   -.2838E+00   -.2838E+00   -.2838E+00   -.2838E+00   -.2838E+00   -.2838E+00   -.2838E+00   -.2838E+00   -.2838E+00   -.2838E+00   -.2838E+00   -.2838E+00   -.2838E+00   -.2838E+00   -.2838E+00   -.2838E+00   -.2838E+00   -.2838E+00   -.2838E+00
0.3683E+02   -.9057E+01   -.9086E+01   -.9116E+01   -.9152E+01   -.9195E+01   -.9244E+01   -.9303E+01   -.9372E+01   -.9452E+01   -.9545E+01   -.9645E+01   -.9741E+01   -.9814E+01   -.9862E+01   -.9893E+01   -.9648E+01   -.8198E+01   -.3576E+01   -.2883E+00   -.2845E+00   -.2396E+00   -.2896E+00   -.2733E+00   -.2820E+00   -.2766E+00   -.2788E+00   -.2776E+00   -.2786E+00   -.2769E+00   -.2781E+00   -.2775E+00   -.2778E+00   -.2776E+00   -.2786E+00   -.2789E+00   -.2798E+00   -.2801E+00   -.2808E+00   -.2810E+00   -.2815E+00   -.2817E+00   -.2820E+00   -.2822E+00   -.2824E+00   -.2826E+00   -.2833E+00   -.2833E+00   -.2833E+00   -.2834E+00   -.2835E+00   -.2835E+00   -.2835E+00   -.2836E+00   -.2835E+00   -.2835E+00   -.2836E+00   -.2835E+00   -.2836E+00   -.2835E+00   -.2836E+00   -.2835E+00   -.2836E+00   -.2836E+00   -.2836E+00   -.2836E+00   -.2836E+00   -.2836E+00   -.2836E+00   -.2836E+00   -.2836E+00   -.2836E+00   -.2836E+00   -.2836E+00   -.2836E+00   -.2836E+00   -.2836E+00   -.2836E+00   -.2836E+00   -.2836E+00   -.2836E+00   -.2836E+00   -.2836E+00   -.2836E+00   -.2836E+00   -.2835E+00   -.2835E+00   -.2835E+00   -.2835E+00   -.2835E+00   -.2835E+00   -.2835E+00   -.2835E+00   -.2835E+00   -.2835E+00   -.2835E+00   -.2835E+00   -.2835E+00   -.2836E+00
0.3705E+02   -.9061E+01   -.9094E+01   -.9126E+01   -.9167E+01   -.9211E+01   -.9269E+01   -.9331E+01   -.9410E+01   -.9494E+01   -.9597E+01   -.9692E+01   -.9782E+01   -.9830E+01   -.9875E+01   -.9815E+01   -.9034E+01   -.5973E+01   -.1922E+00   -.3828E+00   -.1754E+00   -.3274E+00   -.2460E+00   -.3001E+00   -.2610E+00   -.2875E+00   -.2678E+00   -.2832E+00   -.2729E+00   -.2809E+00   -.2747E+00   -.2800E+00   -.2751E+00   -.2803E+00   -.2770E+00   -.2809E+00   -.2786E+00   -.2816E+00   -.2799E+00   -.2821E+00   -.2809E+00   -.2825E+00   -.2816E+00   -.2828E+00   -.2822E+00   -.2827E+00   -.2832E+00   -.2833E+00   -.2833E+00   -.2834E+00   -.2834E+00   -.2835E+00   -.2835E+00   -.2835E+00   -.2834E+00   -.2834E+00   -.2835E+00   -.2834E+00   -.2835E+00   -.2834E+00   -.2835E+00   -.2835E+00   -.2835E+00   -.2835E+00   -.2835E+00   -.2835E+00   -.2835E+00   -.2835E+00   -.2835E+00   -.2835E+00   -.2835E+00   -.2835E+00   -.2835E+00   -.2835E+00   -.2835E+00   -.2835E+00   -.2835E+00   -.2835E+00   -.2835E+00   -.2835E+00   -.2835E+00   -.2835E+00   -.2835E+00   -.2835E+00   -.2835E+00   -.2835E+00   -.2835E+00   -.2834E+00   -.2835E+00   -.2835E+00   -.2834E+00   -.2834E+00   -.2834E+00   -.2834E+00   -.2834E+00   -.2835E+00   -.2835E+00   -.2835E+00   -.2835E+00
0.3727E+02   -.9067E+01   -.9101E+01   -.9139E+01   -.9180E+01   -.9234E+01   -.9292E+01   -.9367E+01   -.9447E+01   -.9546E+01   -.9642E+01   -.9738E+01   -.9796E+01   -.9847E+01   -.9876E+01   -.9490E+01   -.7477E+01   -.1521E+01   -.3714E+00   -.1939E+00   -.3016E+00   -.2565E+00   -.2931E+00   -.2708E+00   -.2851E+00   -.2738E+00   -.2814E+00   -.2745E+00   -.2802E+00   -.2755E+00   -.2798E+00   -.2755E+00   -.2798E+00   -.2772E+00   -.2805E+00   -.2788E+00   -.2813E+00   -.2800E+00   -.2819E+00   -.2810E+00   -.2824E+00   -.2817E+00   -.2828E+00   -.2823E+00   -.2830E+00   -.2830E+00   -.2835E+00   -.2835E+00   -.2835E+00   -.2836E+00   -.2836E+00   -.2836E+00   -.2836E+00   -.2836E+00   -.2835E+00   -.2835E+00   -.2836E+00   -.2835E+00   -.2836E+00   -.2835E+00   -.2837E+00   -.2836E+00   -.2836E+00   -.2836E+00   -.2836E+00   -.2836E+00   -.2836E+00   -.2836E+00   -.2836E+00   -.2836E+00   -.2836E+00   -.2836E+00   -.2836E+00   -.2836E+00   -.2836E+00   -.2836E+00   -.2836E+00   -.2836E+00   -.2836E+00   -.2836E+00   -.2836E+00   -.2836E+00   -.2836E+00   -.2836E+00   -.2835E+00   -.2835E+00   -.2835E+00   -.2835E+00   -.2835E+00   -.2835E+00   -.2835E+00   -.2835E+00   -.2835E+00   -.2835E+00   -.2835E+00   -.2835E+00   -.2835E+00   -.2836E+00   -.2836E+00
0.3748E+02   -.9073E+01   -.9111E+01   -.9151E+01   -.9199E+01   -.9256E+01   -.9323E+01   -.9402E+01   -.9492E+01   -.9591E+01   -.9686E+01   -.9761E+01   -.9812E+01   -.9855E+01   -.9655E+01   -.8313E+01   -.3918E+01   -.2754E+00   -.2956E+00   -.2294E+00   -.2951E+00   -.2676E+00   -.2848E+00   -.2751E+00   -.2802E+00   -.2768E+00   -.2789E+00   -.2766E+00   -.2786E+00   -.2773E+00   -.2782E+00   -.2774E+00   -.2790E+00   -.2788E+00   -.2801E+00   -.2800E+00   -.2810E+00   -.2810E+00   -.2817E+00   -.2817E+00   -.2823E+00   -.2823E+00   -.2827E+00   -.2827E+00   -.2830E+00   -.2831E+00   -.2836E+00   -.2836E+00   -.2836E+00   -.2836E+00   -.2836E+00   -.2837E+00   -.2837E+00   -.2837E+00   -.2836E+00   -.2836E+00   -.2836E+00   -.2836E+00   -.2837E+00   -.2836E+00   -.2837E+00   -.2836E+00   -.2837E+00   -.2837E+00   -.2837E+00   -.2837E+00   -.2837E+00   -.2837E+00   -.2837E+00   -.2837E+00   -.2837E+00   -.2836E+00   -.2836E+00   -.2836E+00   -.2836E+00   -.2836E+00   -.2836E+00   -.2836E+00   -.2836E+00   -.2836E+00   -.2836E+00   -.2836E+00   -.2836E+00   -.2836E+00   -.2836E+00   -.2836E+00   -.2836E+00   -.2836E+00   -.2836E+00   -.2836E+00   -.2836E+00   -.2836E+00   -.2836E+00   -.2836E+00   -.2836E+00   -.2836E+00   -.2836E+00   -.2836E+00   -.2836E+00
0.3770E+02   -.9079E+01   -.9122E+01   -.9164E+01   -.9219E+01   -.9279E+01   -.9357E+01   -.9439E+01   -.9540E+01   -.9634E+01   -.9724E+01   -.9773E+01   -.9828E+01   -.9811E+01   -.9147E+01   -.6313E+01   -.1800E+00   -.3976E+00   -.1566E+00   -.3328E+00   -.2464E+00   -.3026E+00   -.2602E+00   -.2891E+00   -.2671E+00   -.2842E+00   -.2719E+00   -.2815E+00   -.2747E+00   -.2808E+00   -.2750E+00   -.2808E+00   -.2769E+00   -.2814E+00   -.2787E+00   -.2821E+00   -.2800E+00   -.2825E+00   -.2810E+00   -.2829E+00   -.2818E+00   -.2832E+00   -.2824E+00   -.2834E+00   -.2828E+00   -.2832E+00   -.2836E+00   -.2836E+00   -.2836E+00   -.2836E+00   -.2837E+00   -.2837E+00   -.2837E+00   -.2837E+00   -.2836E+00   -.2837E+00   -.2837E+00   -.2836E+00   -.2837E+00   -.2836E+00   -.2837E+00   -.2837E+00   -.2837E+00   -.2837E+00   -.2837E+00   -.2837E+00   -.2837E+00   -.2837E+00   -.2837E+00   -.2837E+00   -.2837E+00   -.2837E+00   -.2837E+00   -.2837E+00   -.2837E+00   -.2837E+00   -.2837E+00   -.2837E+00   -.2837E+00   -.2837E+00   -.2837E+00   -.2836E+00   -.2836E+00   -.2836E+00   -.2836E+00   -.2836E+00   -.2836E+00   -.2836E+00   -.2836E+00   -.2836E+00   -.2836E+00   -.2836E+00   -.2836E+00   -.2836E+00   -.2836E+00   -.2836E+00   -.2836E+00   -.2836E+00   -.2837E+00
0.3792E+02   -.9086E+01   -.9132E+01   -.9182E+01   -.9239E+01   -.9310E+01   -.9389E+01   -.9484E+01   -.9580E+01   -.9674E+01   -.9734E+01   -.9790E+01   -.9837E+01   -.9501E+01   -.7593E+01   -.1865E+01   -.3585E+00   -.2085E+00   -.2919E+00   -.2618E+00   -.2898E+00   -.2683E+00   -.2824E+00   -.2748E+00   -.2804E+00   -.2751E+00   -.2797E+00   -.2761E+00   -.2796E+00   -.2760E+00   -.2796E+00   -.2776E+00   -.2804E+00   -.2791E+00   -.2813E+00   -.2803E+00   -.2819E+00   -.2812E+00   -.2825E+00   -.2819E+00   -.2829E+00   -.2825E+00   -.2831E+00   -.2828E+00   -.2832E+00   -.2832E+00   -.2837E+00   -.2836E+00   -.2836E+00   -.2836E+00   -.2836E+00   -.2837E+00   -.2837E+00   -.2837E+00   -.2836E+00   -.2836E+00   -.2837E+00   -.2836E+00   -.2837E+00   -.2836E+00   -.2837E+00   -.2836E+00   -.2837E+00   -.2837E+00   -.2837E+00   -.2837E+00   -.2837E+00   -.2837E+00   -.2837E+00   -.2837E+00   -.2837E+00   -.2837E+00   -.2837E+00   -.2837E+00   -.2836E+00   -.2836E+00   -.2836E+00   -.2836E+00   -.2836E+00   -.2836E+00   -.2836E+00   -.2836E+00   -.2836E+00   -.2836E+00   -.2836E+00   -.2836E+00   -.2836E+00   -.2836E+00   -.2836E+00   -.2836E+00   -.2836E+00   -.2836E+00   -.2836E+00   -.2836E+00   -.2836E+00   -.2836E+00   -.2836E+00   -.2836E+00   -.2836E+00
0.3813E+02   -.9094E+01   -.9145E+01   -.9200E+01   -.9264E+01   -.9341E+01   -.9428E+01   -.9525E+01   -.9617E+01   -.9693E+01   -.9747E+01   -.9805E+01   -.9655E+01   -.8427E+01   -.4259E+01   -.2633E+00   -.3108E+00   -.2193E+00   -.3002E+00   -.2637E+00   -.2885E+00   -.2700E+00   -.2806E+00   -.2758E+00   -.2795E+00   -.2759E+00   -.2783E+00   -.2772E+00   -.2787E+00   -.2772E+00   -.2795E+00   -.2787E+00   -.2805E+00   -.2800E+00   -.2813E+00   -.2810E+00   -.2820E+00   -.2818E+00   -.2826E+00   -.2824E+00   -.2830E+00   -.2828E+00   -.2832E+00   -.2831E+00   -.2833E+00   -.2833E+00   -.2838E+00   -.2837E+00   -.2837E+00   -.2837E+00   -.2837E+00   -.2838E+00   -.2838E+00   -.2838E+00   -.2837E+00   -.2837E+00   -.2838E+00   -.2837E+00   -.2838E+00   -.2837E+00   -.2838E+00   -.2837E+00   -.2838E+00   -.2838E+00   -.2838E+00   -.2838E+00   -.2838E+00   -.2838E+00   -.2838E+00   -.2838E+00   -.2838E+00   -.2838E+00   -.2838E+00   -.2838E+00   -.2838E+00   -.2838E+00   -.2838E+00   -.2837E+00   -.2837E+00   -.2837E+00   -.2837E+00   -.2837E+00   -.2837E+00   -.2837E+00   -.2837E+00   -.2837E+00   -.2837E+00   -.2837E+00   -.2837E+00   -.2837E+00   -.2837E+00   -.2837E+00   -.2837E+00   -.2837E+00   -.2837E+00   -.2837E+00   -.2837E+00   -.2837E+00   -.2837E+00
0.3835E+02   -.9103E+01   -.9161E+01   -.9218E+01   -.9292E+01   -.9371E+01   -.9469E+01   -.9561E+01   -.9651E+01   -.9700E+01   -.9764E+01   -.9796E+01   -.9258E+01   -.6651E+01   -.1691E+00   -.4131E+00   -.1467E+00   -.3390E+00   -.2381E+00   -.3050E+00   -.2629E+00   -.2909E+00   -.2662E+00   -.2848E+00   -.2712E+00   -.2819E+00   -.2722E+00   -.2816E+00   -.2749E+00   -.2814E+00   -.2770E+00   -.2819E+00   -.2787E+00   -.2825E+00   -.2801E+00   -.2830E+00   -.2812E+00   -.2834E+00   -.2820E+00   -.2836E+00   -.2826E+00   -.2838E+00   -.2830E+00   -.2838E+00   -.2832E+00   -.2835E+00   -.2839E+00   -.2838E+00   -.2839E+00   -.2839E+00   -.2839E+00   -.2839E+00   -.2839E+00   -.2839E+00   -.2839E+00   -.2839E+00   -.2839E+00   -.2839E+00   -.2840E+00   -.2839E+00   -.2840E+00   -.2839E+00   -.2839E+00   -.2839E+00   -.2839E+00   -.2839E+00   -.2839E+00   -.2839E+00   -.2839E+00   -.2839E+00   -.2839E+00   -.2839E+00   -.2839E+00   -.2839E+00   -.2839E+00   -.2839E+00   -.2839E+00   -.2839E+00   -.2839E+00   -.2839E+00   -.2839E+00   -.2839E+00   -.2839E+00   -.2839E+00   -.2839E+00   -.2839E+00   -.2839E+00   -.2839E+00   -.2839E+00   -.2839E+00   -.2839E+00   -.2839E+00   -.2839E+00   -.2839E+00   -.2839E+00   -.2839E+00   -.2839E+00   -.2839E+00   -.2839E+00
0.3857E+02   -.9113E+01   -.9175E+01   -.9242E+01   -.9318E+01   -.9409E+01   -.9502E+01   -.9592E+01   -.9653E+01   -.9716E+01   -.9784E+01   -.9506E+01   -.7707E+01   -.2208E+01   -.3463E+00   -.2238E+00   -.2822E+00   -.2673E+00   -.2854E+00   -.2714E+00   -.2822E+00   -.2732E+00   -.2794E+00   -.2759E+00   -.2793E+00   -.2765E+00   -.2790E+00   -.2766E+00   -.2796E+00   -.2782E+00   -.2805E+00   -.2796E+00   -.2814E+00   -.2807E+00   -.2821E+00   -.2816E+00   -.2827E+00   -.2823E+00   -.2831E+00   -.2828E+00   -.2834E+00   -.2831E+00   -.2835E+00   -.2832E+00   -.2835E+00   -.2835E+00   -.2839E+00   -.2839E+00   -.2839E+00   -.2839E+00   -.2839E+00   -.2839E+00   -.2839E+00   -.2839E+00   -.2838E+00   -.2839E+00   -.2839E+00   -.2838E+00   -.2839E+00   -.2839E+00   -.2839E+00   -.2839E+00   -.2839E+00   -.2839E+00   -.2839E+00   -.2839E+00   -.2839E+00   -.2839E+00   -.2839E+00   -.2839E+00   -.2839E+00   -.2839E+00   -.2839E+00   -.2839E+00   -.2839E+00   -.2839E+00   -.2839E+00   -.2839E+00   -.2839E+00   -.2838E+00   -.2838E+00   -.2838E+00   -.2838E+00   -.2838E+00   -.2838E+00   -.2838E+00   -.2838E+00   -.2838E+00   -.2838E+00   -.2838E+00   -.2838E+00   -.2838E+00   -.2838E+00   -.2838E+00   -.2838E+00   -.2838E+00   -.2838E+00   -.2839E+00   -.2839E+00
0.3878E+02   -.9125E+01   -.9193E+01   -.9266E+01   -.9348E+01   -.9442E+01   -.9531E+01   -.9605E+01   -.9663E+01   -.9737E+01   -.9643E+01   -.8538E+01   -.4600E+01   -.2522E+00   -.3263E+00   -.2096E+00   -.3061E+00   -.2598E+00   -.2893E+00   -.2684E+00   -.2835E+00   -.2724E+00   -.2805E+00   -.2757E+00   -.2792E+00   -.2770E+00   -.2798E+00   -.2770E+00   -.2802E+00   -.2788E+00   -.2810E+00   -.2801E+00   -.2819E+00   -.2812E+00   -.2825E+00   -.2820E+00   -.2830E+00   -.2826E+00   -.2834E+00   -.2831E+00   -.2836E+00   -.2833E+00   -.2836E+00   -.2834E+00   -.2837E+00   -.2837E+00   -.2840E+00   -.2840E+00   -.2840E+00   -.2840E+00   -.2840E+00   -.2840E+00   -.2840E+00   -.2840E+00   -.2840E+00   -.2840E+00   -.2840E+00   -.2840E+00   -.2841E+00   -.2840E+00   -.2841E+00   -.2840E+00   -.2840E+00   -.2840E+00   -.2840E+00   -.2840E+00   -.2840E+00   -.2840E+00   -.2840E+00   -.2840E+00   -.2840E+00   -.2840E+00   -.2840E+00   -.2840E+00   -.2840E+00   -.2840E+00   -.2840E+00   -.2840E+00   -.2840E+00   -.2840E+00   -.2840E+00   -.2839E+00   -.2839E+00   -.2839E+00   -.2839E+00   -.2839E+00   -.2839E+00   -.2839E+00   -.2839E+00   -.2839E+00   -.2839E+00   -.2839E+00   -.2839E+00   -.2839E+00   -.2840E+00   -.2840E+00   -.2840E+00   -.2840E+00   -.2840E+00
0.3900E+02   -.9136E+01   -.9214E+01   -.9289E+01   -.9382E+01   -.9471E+01   -.9556E+01   -.9604E+01   -.9678E+01   -.9763E+01   -.9365E+01   -.6989E+01   -.1593E+00   -.4289E+00   -.1372E+00   -.3456E+00   -.2343E+00   -.3074E+00   -.2558E+00   -.2917E+00   -.2694E+00   -.2859E+00   -.2711E+00   -.2830E+00   -.2720E+00   -.2824E+00   -.2754E+00   -.2822E+00   -.2773E+00   -.2827E+00   -.2790E+00   -.2832E+00   -.2804E+00   -.2837E+00   -.2815E+00   -.2840E+00   -.2824E+00   -.2842E+00   -.2829E+00   -.2843E+00   -.2832E+00   -.2842E+00   -.2835E+00   -.2842E+00   -.2837E+00   -.2840E+00   -.2843E+00   -.2842E+00   -.2843E+00   -.2843E+00   -.2843E+00   -.2843E+00   -.2843E+00   -.2843E+00   -.2843E+00   -.2843E+00   -.2844E+00   -.2843E+00   -.2844E+00   -.2843E+00   -.2844E+00   -.2843E+00   -.2843E+00   -.2843E+00   -.2843E+00   -.2843E+00   -.2843E+00   -.2843E+00   -.2843E+00   -.2843E+00   -.2843E+00   -.2842E+00   -.2842E+00   -.2842E+00   -.2842E+00   -.2842E+00   -.2842E+00   -.2842E+00   -.2842E+00   -.2842E+00   -.2842E+00   -.2842E+00   -.2842E+00   -.2842E+00   -.2842E+00   -.2842E+00   -.2842E+00   -.2842E+00   -.2842E+00   -.2842E+00   -.2842E+00   -.2842E+00   -.2842E+00   -.2842E+00   -.2842E+00   -.2842E+00   -.2842E+00   -.2842E+00   -.2842E+00
0.3922E+02   -.9150E+01   -.9231E+01   -.9316E+01   -.9405E+01   -.9489E+01   -.9549E+01   -.9617E+01   -.9710E+01   -.9499E+01   -.7818E+01   -.2551E+01   -.3350E+00   -.2394E+00   -.2728E+00   -.2731E+00   -.2816E+00   -.2734E+00   -.2790E+00   -.2747E+00   -.2802E+00   -.2762E+00   -.2791E+00   -.2773E+00   -.2789E+00   -.2773E+00   -.2803E+00   -.2787E+00   -.2807E+00   -.2802E+00   -.2817E+00   -.2813E+00   -.2824E+00   -.2821E+00   -.2830E+00   -.2827E+00   -.2834E+00   -.2832E+00   -.2836E+00   -.2834E+00   -.2837E+00   -.2836E+00   -.2838E+00   -.2837E+00   -.2839E+00   -.2839E+00   -.2842E+00   -.2841E+00   -.2842E+00   -.2842E+00   -.2842E+00   -.2842E+00   -.2842E+00   -.2842E+00   -.2841E+00   -.2842E+00   -.2842E+00   -.2841E+00   -.2842E+00   -.2841E+00   -.2842E+00   -.2841E+00   -.2841E+00   -.2841E+00   -.2841E+00   -.2841E+00   -.2841E+00   -.2841E+00   -.2841E+00   -.2841E+00   -.2840E+00   -.2840E+00   -.2840E+00   -.2840E+00   -.2840E+00   -.2840E+00   -.2840E+00   -.2840E+00   -.2840E+00   -.2840E+00   -.2840E+00   -.2840E+00   -.2840E+00   -.2840E+00   -.2840E+00   -.2840E+00   -.2840E+00   -.2840E+00   -.2840E+00   -.2840E+00   -.2840E+00   -.2840E+00   -.2840E+00   -.2840E+00   -.2840E+00   -.2840E+00   -.2840E+00   -.2840E+00   -.2840E+00
0.3943E+02   -.9163E+01   -.9251E+01   -.9339E+01   -.9423E+01   -.9493E+01   -.9550E+01   -.9642E+01   -.9613E+01   -.8644E+01   -.4939E+01   -.2420E+00   -.3423E+00   -.2003E+00   -.3124E+00   -.2561E+00   -.2916E+00   -.2663E+00   -.2840E+00   -.2721E+00   -.2820E+00   -.2751E+00   -.2801E+00   -.2770E+00   -.2807E+00   -.2771E+00   -.2817E+00   -.2788E+00   -.2818E+00   -.2804E+00   -.2825E+00   -.2815E+00   -.2831E+00   -.2823E+00   -.2836E+00   -.2829E+00   -.2838E+00   -.2833E+00   -.2839E+00   -.2835E+00   -.2840E+00   -.2837E+00   -.2840E+00   -.2838E+00   -.2841E+00   -.2840E+00   -.2843E+00   -.2843E+00   -.2843E+00   -.2843E+00   -.2843E+00   -.2843E+00   -.2843E+00   -.2843E+00   -.2843E+00   -.2843E+00   -.2843E+00   -.2842E+00   -.2843E+00   -.2842E+00   -.2842E+00   -.2842E+00   -.2842E+00   -.2842E+00   -.2842E+00   -.2842E+00   -.2842E+00   -.2842E+00   -.2842E+00   -.2842E+00   -.2841E+00   -.2841E+00   -.2841E+00   -.2841E+00   -.2841E+00   -.2841E+00   -.2841E+00   -.2841E+00   -.2841E+00   -.2841E+00   -.2841E+00   -.2841E+00   -.2841E+00   -.2841E+00   -.2841E+00   -.2841E+00   -.2841E+00   -.2841E+00   -.2841E+00   -.2841E+00   -.2841E+00   -.2841E+00   -.2841E+00   -.2841E+00   -.2841E+00   -.2841E+00   -.2841E+00   -.2841E+00   -.2841E+00
0.3965E+02   -.9177E+01   -.9274E+01   -.9357E+01   -.9435E+01   -.9479E+01   -.9560E+01   -.9681E+01   -.9365E+01   -.7101E+01   -.5054E+00   -.4173E+00   -.1532E+00   -.3368E+00   -.2401E+00   -.3039E+00   -.2581E+00   -.2906E+00   -.2676E+00   -.2862E+00   -.2736E+00   -.2840E+00   -.2731E+00   -.2828E+00   -.2763E+00   -.2826E+00   -.2787E+00   -.2831E+00   -.2799E+00   -.2838E+00   -.2812E+00   -.2842E+00   -.2823E+00   -.2845E+00   -.2830E+00   -.2847E+00   -.2834E+00   -.2848E+00   -.2838E+00   -.2848E+00   -.2840E+00   -.2847E+00   -.2841E+00   -.2847E+00   -.2843E+00   -.2845E+00   -.2848E+00   -.2848E+00   -.2848E+00   -.2848E+00   -.2848E+00   -.2848E+00   -.2848E+00   -.2848E+00   -.2847E+00   -.2847E+00   -.2847E+00   -.2846E+00   -.2847E+00   -.2846E+00   -.2847E+00   -.2846E+00   -.2846E+00   -.2846E+00   -.2846E+00   -.2846E+00   -.2846E+00   -.2846E+00   -.2846E+00   -.2846E+00   -.2846E+00   -.2846E+00   -.2846E+00   -.2846E+00   -.2846E+00   -.2846E+00   -.2846E+00   -.2846E+00   -.2846E+00   -.2846E+00   -.2846E+00   -.2845E+00   -.2846E+00   -.2845E+00   -.2845E+00   -.2845E+00   -.2845E+00   -.2845E+00   -.2845E+00   -.2845E+00   -.2845E+00   -.2846E+00   -.2846E+00   -.2846E+00   -.2846E+00   -.2846E+00   -.2846E+00   -.2846E+00   -.2846E+00
0.3987E+02   -.9189E+01   -.9284E+01   -.9361E+01   -.9414E+01   -.9480E+01   -.9602E+01   -.9473E+01   -.7925E+01   -.2892E+01   -.3245E+00   -.2553E+00   -.2637E+00   -.2791E+00   -.2779E+00   -.2758E+00   -.2774E+00   -.2765E+00   -.2788E+00   -.2776E+00   -.2793E+00   -.2770E+00   -.2789E+00   -.2782E+00   -.2805E+00   -.2795E+00   -.2817E+00   -.2807E+00   -.2820E+00   -.2819E+00   -.2828E+00   -.2827E+00   -.2833E+00   -.2832E+00   -.2837E+00   -.2836E+00   -.2839E+00   -.2838E+00   -.2840E+00   -.2839E+00   -.2841E+00   -.2840E+00   -.2841E+00   -.2841E+00   -.2842E+00   -.2842E+00   -.2845E+00   -.2844E+00   -.2844E+00   -.2844E+00   -.2844E+00   -.2844E+00   -.2844E+00   -.2844E+00   -.2844E+00   -.2844E+00   -.2844E+00   -.2843E+00   -.2844E+00   -.2843E+00   -.2843E+00   -.2843E+00   -.2843E+00   -.2843E+00   -.2843E+00   -.2843E+00   -.2843E+00   -.2843E+00   -.2843E+00   -.2843E+00   -.2842E+00   -.2842E+00   -.2842E+00   -.2842E+00   -.2842E+00   -.2842E+00   -.2842E+00   -.2842E+00   -.2842E+00   -.2842E+00   -.2842E+00   -.2842E+00   -.2842E+00   -.2842E+00   -.2842E+00   -.2842E+00   -.2842E+00   -.2842E+00   -.2842E+00   -.2842E+00   -.2842E+00   -.2842E+00   -.2842E+00   -.2842E+00   -.2842E+00   -.2842E+00   -.2842E+00   -.2842E+00   -.2842E+00
0.4008E+02   -.9199E+01   -.9287E+01   -.9349E+01   -.9396E+01   -.9500E+01   -.9550E+01   -.8742E+01   -.5276E+01   -.2329E+00   -.3586E+00   -.1911E+00   -.3190E+00   -.2524E+00   -.2941E+00   -.2643E+00   -.2858E+00   -.2717E+00   -.2835E+00   -.2748E+00   -.2817E+00   -.2752E+00   -.2815E+00   -.2772E+00   -.2825E+00   -.2790E+00   -.2833E+00   -.2804E+00   -.2832E+00   -.2818E+00   -.2837E+00   -.2826E+00   -.2840E+00   -.2831E+00   -.2842E+00   -.2835E+00   -.2843E+00   -.2837E+00   -.2844E+00   -.2839E+00   -.2843E+00   -.2840E+00   -.2844E+00   -.2841E+00   -.2843E+00   -.2843E+00   -.2846E+00   -.2845E+00   -.2845E+00   -.2845E+00   -.2845E+00   -.2845E+00   -.2845E+00   -.2845E+00   -.2844E+00   -.2844E+00   -.2844E+00   -.2844E+00   -.2844E+00   -.2844E+00   -.2844E+00   -.2844E+00   -.2844E+00   -.2844E+00   -.2844E+00   -.2844E+00   -.2844E+00   -.2844E+00   -.2843E+00   -.2843E+00   -.2843E+00   -.2843E+00   -.2843E+00   -.2843E+00   -.2843E+00   -.2843E+00   -.2843E+00   -.2843E+00   -.2843E+00   -.2843E+00   -.2843E+00   -.2843E+00   -.2843E+00   -.2843E+00   -.2843E+00   -.2843E+00   -.2843E+00   -.2843E+00   -.2843E+00   -.2843E+00   -.2843E+00   -.2843E+00   -.2843E+00   -.2843E+00   -.2843E+00   -.2843E+00   -.2843E+00   -.2843E+00   -.2843E+00
0.4030E+02   -.9205E+01   -.9281E+01   -.9315E+01   -.9386E+01   -.9551E+01   -.9344E+01   -.7208E+01   -.8527E+00   -.4070E+00   -.1700E+00   -.3286E+00   -.2463E+00   -.3008E+00   -.2610E+00   -.2898E+00   -.2699E+00   -.2867E+00   -.2742E+00   -.2842E+00   -.2768E+00   -.2836E+00   -.2773E+00   -.2833E+00   -.2800E+00   -.2840E+00   -.2816E+00   -.2844E+00   -.2823E+00   -.2850E+00   -.2832E+00   -.2852E+00   -.2838E+00   -.2854E+00   -.2842E+00   -.2854E+00   -.2845E+00   -.2854E+00   -.2847E+00   -.2854E+00   -.2848E+00   -.2854E+00   -.2849E+00   -.2853E+00   -.2850E+00   -.2852E+00   -.2854E+00   -.2853E+00   -.2853E+00   -.2853E+00   -.2853E+00   -.2854E+00   -.2854E+00   -.2854E+00   -.2853E+00   -.2853E+00   -.2853E+00   -.2853E+00   -.2853E+00   -.2853E+00   -.2853E+00   -.2853E+00   -.2853E+00   -.2853E+00   -.2853E+00   -.2853E+00   -.2853E+00   -.2852E+00   -.2852E+00   -.2852E+00   -.2852E+00   -.2852E+00   -.2852E+00   -.2852E+00   -.2852E+00   -.2852E+00   -.2852E+00   -.2852E+00   -.2852E+00   -.2852E+00   -.2852E+00   -.2852E+00   -.2852E+00   -.2852E+00   -.2852E+00   -.2852E+00   -.2852E+00   -.2852E+00   -.2852E+00   -.2852E+00   -.2852E+00   -.2852E+00   -.2852E+00   -.2852E+00   -.2852E+00   -.2852E+00   -.2852E+00   -.2852E+00   -.2852E+00
0.4052E+02   -.9190E+01   -.9238E+01   -.9287E+01   -.9429E+01   -.9408E+01   -.8021E+01   -.3233E+01   -.3163E+00   -.2717E+00   -.2551E+00   -.2857E+00   -.2746E+00   -.2785E+00   -.2759E+00   -.2783E+00   -.2786E+00   -.2791E+00   -.2791E+00   -.2780E+00   -.2798E+00   -.2796E+00   -.2805E+00   -.2803E+00   -.2821E+00   -.2815E+00   -.2830E+00   -.2824E+00   -.2831E+00   -.2833E+00   -.2836E+00   -.2837E+00   -.2840E+00   -.2840E+00   -.2842E+00   -.2842E+00   -.2843E+00   -.2843E+00   -.2844E+00   -.2843E+00   -.2844E+00   -.2844E+00   -.2844E+00   -.2844E+00   -.2845E+00   -.2845E+00   -.2847E+00   -.2847E+00   -.2847E+00   -.2847E+00   -.2847E+00   -.2847E+00   -.2847E+00   -.2847E+00   -.2847E+00   -.2847E+00   -.2847E+00   -.2846E+00   -.2847E+00   -.2846E+00   -.2846E+00   -.2846E+00   -.2846E+00   -.2846E+00   -.2846E+00   -.2846E+00   -.2846E+00   -.2846E+00   -.2846E+00   -.2846E+00   -.2846E+00   -.2846E+00   -.2846E+00   -.2846E+00   -.2845E+00   -.2845E+00   -.2845E+00   -.2845E+00   -.2845E+00   -.2845E+00   -.2845E+00   -.2845E+00   -.2845E+00   -.2845E+00   -.2845E+00   -.2845E+00   -.2845E+00   -.2845E+00   -.2845E+00   -.2845E+00   -.2845E+00   -.2845E+00   -.2845E+00   -.2845E+00   -.2845E+00   -.2845E+00   -.2845E+00   -.2845E+00   -.2845E+00
0.4073E+02   -.9161E+01   -.9190E+01   -.9285E+01   -.9422E+01   -.8819E+01   -.5609E+01   -.2269E+00   -.3762E+00   -.1822E+00   -.3263E+00   -.2488E+00   -.2971E+00   -.2626E+00   -.2877E+00   -.2709E+00   -.2851E+00   -.2745E+00   -.2825E+00   -.2748E+00   -.2820E+00   -.2778E+00   -.2832E+00   -.2791E+00   -.2841E+00   -.2806E+00   -.2845E+00   -.2817E+00   -.2841E+00   -.2827E+00   -.2844E+00   -.2832E+00   -.2845E+00   -.2836E+00   -.2846E+00   -.2838E+00   -.2846E+00   -.2840E+00   -.2845E+00   -.2841E+00   -.2845E+00   -.2842E+00   -.2845E+00   -.2843E+00   -.2845E+00   -.2844E+00   -.2847E+00   -.2847E+00   -.2847E+00   -.2847E+00   -.2847E+00   -.2847E+00   -.2847E+00   -.2847E+00   -.2846E+00   -.2846E+00   -.2846E+00   -.2845E+00   -.2846E+00   -.2845E+00   -.2846E+00   -.2845E+00   -.2845E+00   -.2845E+00   -.2845E+00   -.2845E+00   -.2845E+00   -.2845E+00   -.2845E+00   -.2845E+00   -.2845E+00   -.2845E+00   -.2845E+00   -.2845E+00   -.2845E+00   -.2845E+00   -.2844E+00   -.2844E+00   -.2844E+00   -.2844E+00   -.2844E+00   -.2844E+00   -.2844E+00   -.2844E+00   -.2844E+00   -.2844E+00   -.2844E+00   -.2844E+00   -.2844E+00   -.2844E+00   -.2844E+00   -.2844E+00   -.2844E+00   -.2845E+00   -.2845E+00   -.2845E+00   -.2845E+00   -.2845E+00   -.2845E+00
0.4095E+02   -.9110E+01   -.9143E+01   -.9337E+01   -.9280E+01   -.7307E+01   -.1204E+01   -.4012E+00   -.1880E+00   -.3220E+00   -.2542E+00   -.2994E+00   -.2652E+00   -.2900E+00   -.2729E+00   -.2879E+00   -.2767E+00   -.2857E+00   -.2767E+00   -.2850E+00   -.2790E+00   -.2859E+00   -.2816E+00   -.2856E+00   -.2835E+00   -.2861E+00   -.2845E+00   -.2863E+00   -.2848E+00   -.2867E+00   -.2853E+00   -.2868E+00   -.2856E+00   -.2868E+00   -.2859E+00   -.2867E+00   -.2860E+00   -.2867E+00   -.2861E+00   -.2866E+00   -.2862E+00   -.2866E+00   -.2863E+00   -.2866E+00   -.2864E+00   -.2865E+00   -.2866E+00   -.2866E+00   -.2866E+00   -.2866E+00   -.2866E+00   -.2866E+00   -.2866E+00   -.2866E+00   -.2865E+00   -.2865E+00   -.2865E+00   -.2864E+00   -.2865E+00   -.2864E+00   -.2864E+00   -.2864E+00   -.2864E+00   -.2864E+00   -.2864E+00   -.2864E+00   -.2864E+00   -.2864E+00   -.2863E+00   -.2863E+00   -.2863E+00   -.2863E+00   -.2863E+00   -.2863E+00   -.2863E+00   -.2863E+00   -.2863E+00   -.2863E+00   -.2863E+00   -.2863E+00   -.2863E+00   -.2863E+00   -.2863E+00   -.2863E+00   -.2863E+00   -.2863E+00   -.2863E+00   -.2863E+00   -.2863E+00   -.2863E+00   -.2863E+00   -.2863E+00   -.2863E+00   -.2863E+00   -.2863E+00   -.2863E+00   -.2863E+00   -.2863E+00   -.2863E+00
0.4117E+02   -.9025E+01   -.9162E+01   -.9269E+01   -.8096E+01   -.3567E+01   -.3130E+00   -.2897E+00   -.2469E+00   -.2932E+00   -.2723E+00   -.2817E+00   -.2747E+00   -.2803E+00   -.2782E+00   -.2808E+00   -.2792E+00   -.2792E+00   -.2791E+00   -.2805E+00   -.2802E+00   -.2823E+00   -.2824E+00   -.2826E+00   -.2836E+00   -.2833E+00   -.2842E+00   -.2838E+00   -.2841E+00   -.2843E+00   -.2844E+00   -.2846E+00   -.2846E+00   -.2847E+00   -.2847E+00   -.2848E+00   -.2848E+00   -.2848E+00   -.2848E+00   -.2849E+00   -.2848E+00   -.2849E+00   -.2849E+00   -.2849E+00   -.2849E+00   -.2849E+00   -.2851E+00   -.2850E+00   -.2850E+00   -.2850E+00   -.2850E+00   -.2850E+00   -.2850E+00   -.2850E+00   -.2849E+00   -.2849E+00   -.2849E+00   -.2848E+00   -.2849E+00   -.2848E+00   -.2849E+00   -.2848E+00   -.2848E+00   -.2848E+00   -.2848E+00   -.2848E+00   -.2848E+00   -.2848E+00   -.2848E+00   -.2848E+00   -.2848E+00   -.2848E+00   -.2847E+00   -.2847E+00   -.2847E+00   -.2847E+00   -.2847E+00   -.2847E+00   -.2847E+00   -.2847E+00   -.2847E+00   -.2847E+00   -.2847E+00   -.2847E+00   -.2847E+00   -.2847E+00   -.2847E+00   -.2847E+00   -.2847E+00   -.2847E+00   -.2847E+00   -.2847E+00   -.2847E+00   -.2847E+00   -.2847E+00   -.2847E+00   -.2847E+00   -.2847E+00   -.2847E+00
0.4138E+02   -.8940E+01   -.9177E+01   -.8853E+01   -.5934E+01   -.2173E+00   -.3955E+00   -.1719E+00   -.3333E+00   -.2449E+00   -.3001E+00   -.2596E+00   -.2887E+00   -.2690E+00   -.2856E+00   -.2731E+00   -.2828E+00   -.2733E+00   -.2825E+00   -.2763E+00   -.2823E+00   -.2790E+00   -.2840E+00   -.2799E+00   -.2844E+00   -.2810E+00   -.2844E+00   -.2818E+00   -.2841E+00   -.2825E+00   -.2841E+00   -.2828E+00   -.2841E+00   -.2832E+00   -.2841E+00   -.2834E+00   -.2841E+00   -.2835E+00   -.2840E+00   -.2835E+00   -.2840E+00   -.2836E+00   -.2839E+00   -.2836E+00   -.2838E+00   -.2837E+00   -.2839E+00   -.2839E+00   -.2839E+00   -.2839E+00   -.2839E+00   -.2839E+00   -.2838E+00   -.2838E+00   -.2838E+00   -.2838E+00   -.2837E+00   -.2837E+00   -.2837E+00   -.2837E+00   -.2837E+00   -.2837E+00   -.2837E+00   -.2837E+00   -.2837E+00   -.2837E+00   -.2836E+00   -.2836E+00   -.2836E+00   -.2836E+00   -.2836E+00   -.2836E+00   -.2836E+00   -.2836E+00   -.2836E+00   -.2836E+00   -.2836E+00   -.2836E+00   -.2836E+00   -.2836E+00   -.2836E+00   -.2836E+00   -.2836E+00   -.2836E+00   -.2836E+00   -.2836E+00   -.2836E+00   -.2836E+00   -.2836E+00   -.2836E+00   -.2836E+00   -.2836E+00   -.2836E+00   -.2836E+00   -.2836E+00   -.2836E+00   -.2836E+00   -.2836E+00   -.2836E+00
0.4160E+02   -.8895E+01   -.9113E+01   -.7391E+01   -.1552E+01   -.3989E+00   -.2091E+00   -.3190E+00   -.2643E+00   -.2999E+00   -.2704E+00   -.2908E+00   -.2766E+00   -.2895E+00   -.2800E+00   -.2880E+00   -.2793E+00   -.2870E+00   -.2818E+00   -.2877E+00   -.2833E+00   -.2886E+00   -.2857E+00   -.2881E+00   -.2867E+00   -.2883E+00   -.2872E+00   -.2883E+00   -.2872E+00   -.2885E+00   -.2873E+00   -.2884E+00   -.2875E+00   -.2883E+00   -.2877E+00   -.2883E+00   -.2877E+00   -.2881E+00   -.2876E+00   -.2880E+00   -.2876E+00   -.2879E+00   -.2876E+00   -.2878E+00   -.2876E+00   -.2877E+00   -.2878E+00   -.2878E+00   -.2877E+00   -.2877E+00   -.2877E+00   -.2877E+00   -.2877E+00   -.2877E+00   -.2876E+00   -.2876E+00   -.2876E+00   -.2875E+00   -.2876E+00   -.2875E+00   -.2875E+00   -.2875E+00   -.2875E+00   -.2875E+00   -.2875E+00   -.2874E+00   -.2874E+00   -.2874E+00   -.2874E+00   -.2874E+00   -.2874E+00   -.2874E+00   -.2874E+00   -.2874E+00   -.2874E+00   -.2874E+00   -.2874E+00   -.2874E+00   -.2874E+00   -.2874E+00   -.2874E+00   -.2873E+00   -.2873E+00   -.2873E+00   -.2873E+00   -.2873E+00   -.2873E+00   -.2873E+00   -.2873E+00   -.2874E+00   -.2874E+00   -.2874E+00   -.2874E+00   -.2874E+00   -.2874E+00   -.2874E+00   -.2874E+00   -.2874E+00   -.2874E+00
0.4182E+02   -.8951E+01   -.8100E+01   -.3876E+01   -.3104E+00   -.3082E+00   -.2394E+00   -.3025E+00   -.2713E+00   -.2859E+00   -.2736E+00   -.2823E+00   -.2779E+00   -.2824E+00   -.2794E+00   -.2807E+00   -.2789E+00   -.2814E+00   -.2809E+00   -.2829E+00   -.2819E+00   -.2844E+00   -.2840E+00   -.2842E+00   -.2847E+00   -.2846E+00   -.2849E+00   -.2848E+00   -.2847E+00   -.2851E+00   -.2848E+00   -.2851E+00   -.2850E+00   -.2852E+00   -.2851E+00   -.2852E+00   -.2851E+00   -.2851E+00   -.2850E+00   -.2850E+00   -.2850E+00   -.2850E+00   -.2849E+00   -.2850E+00   -.2849E+00   -.2849E+00   -.2851E+00   -.2850E+00   -.2850E+00   -.2850E+00   -.2850E+00   -.2850E+00   -.2850E+00   -.2850E+00   -.2849E+00   -.2849E+00   -.2849E+00   -.2848E+00   -.2849E+00   -.2848E+00   -.2849E+00   -.2848E+00   -.2848E+00   -.2848E+00   -.2848E+00   -.2848E+00   -.2848E+00   -.2848E+00   -.2848E+00   -.2848E+00   -.2848E+00   -.2848E+00   -.2847E+00   -.2847E+00   -.2847E+00   -.2847E+00   -.2847E+00   -.2847E+00   -.2847E+00   -.2847E+00   -.2847E+00   -.2847E+00   -.2847E+00   -.2847E+00   -.2847E+00   -.2847E+00   -.2847E+00   -.2847E+00   -.2847E+00   -.2847E+00   -.2847E+00   -.2847E+00   -.2847E+00   -.2847E+00   -.2847E+00   -.2847E+00   -.2847E+00   -.2847E+00   -.2847E+00
0.4203E+02   -.8884E+01   -.6209E+01   -.1630E+00   -.4123E+00   -.1542E+00   -.3366E+00   -.2364E+00   -.3016E+00   -.2537E+00   -.2873E+00   -.2639E+00   -.2836E+00   -.2689E+00   -.2809E+00   -.2690E+00   -.2800E+00   -.2720E+00   -.2807E+00   -.2750E+00   -.2806E+00   -.2775E+00   -.2822E+00   -.2782E+00   -.2823E+00   -.2790E+00   -.2822E+00   -.2797E+00   -.2818E+00   -.2802E+00   -.2818E+00   -.2806E+00   -.2818E+00   -.2808E+00   -.2818E+00   -.2810E+00   -.2817E+00   -.2811E+00   -.2816E+00   -.2811E+00   -.2816E+00   -.2812E+00   -.2815E+00   -.2812E+00   -.2815E+00   -.2814E+00   -.2816E+00   -.2815E+00   -.2815E+00   -.2815E+00   -.2815E+00   -.2815E+00   -.2815E+00   -.2815E+00   -.2815E+00   -.2814E+00   -.2814E+00   -.2814E+00   -.2814E+00   -.2814E+00   -.2814E+00   -.2814E+00   -.2814E+00   -.2814E+00   -.2814E+00   -.2814E+00   -.2814E+00   -.2814E+00   -.2814E+00   -.2814E+00   -.2814E+00   -.2814E+00   -.2814E+00   -.2814E+00   -.2814E+00   -.2813E+00   -.2813E+00   -.2813E+00   -.2813E+00   -.2813E+00   -.2813E+00   -.2813E+00   -.2813E+00   -.2813E+00   -.2813E+00   -.2813E+00   -.2813E+00   -.2813E+00   -.2813E+00   -.2813E+00   -.2813E+00   -.2814E+00   -.2814E+00   -.2814E+00   -.2814E+00   -.2814E+00   -.2814E+00   -.2814E+00   -.2814E+00
0.4225E+02   -.7892E+01   -.1814E+01   -.3889E+00   -.2288E+00   -.3172E+00   -.2723E+00   -.2980E+00   -.2756E+00   -.2907E+00   -.2781E+00   -.2889E+00   -.2811E+00   -.2882E+00   -.2814E+00   -.2874E+00   -.2821E+00   -.2879E+00   -.2846E+00   -.2890E+00   -.2860E+00   -.2900E+00   -.2881E+00   -.2896E+00   -.2888E+00   -.2899E+00   -.2893E+00   -.2900E+00   -.2892E+00   -.2902E+00   -.2894E+00   -.2902E+00   -.2896E+00   -.2902E+00   -.2897E+00   -.2901E+00   -.2897E+00   -.2900E+00   -.2897E+00   -.2899E+00   -.2897E+00   -.2899E+00   -.2897E+00   -.2898E+00   -.2897E+00   -.2897E+00   -.2899E+00   -.2899E+00   -.2899E+00   -.2899E+00   -.2899E+00   -.2899E+00   -.2898E+00   -.2898E+00   -.2898E+00   -.2898E+00   -.2898E+00   -.2897E+00   -.2897E+00   -.2897E+00   -.2897E+00   -.2897E+00   -.2897E+00   -.2897E+00   -.2897E+00   -.2897E+00   -.2897E+00   -.2897E+00   -.2896E+00   -.2896E+00   -.2896E+00   -.2896E+00   -.2896E+00   -.2896E+00   -.2896E+00   -.2896E+00   -.2896E+00   -.2896E+00   -.2896E+00   -.2896E+00   -.2896E+00   -.2896E+00   -.2896E+00   -.2896E+00   -.2896E+00   -.2896E+00   -.2896E+00   -.2896E+00   -.2896E+00   -.2896E+00   -.2896E+00   -.2896E+00   -.2896E+00   -.2896E+00   -.2896E+00   -.2896E+00   -.2896E+00   -.2896E+00   -.2896E+00
0.4247E+02   -.4681E+01   -.2595E+00   -.3297E+00   -.2285E+00   -.3126E+00   -.2689E+00   -.2910E+00   -.2740E+00   -.2845E+00   -.2768E+00   -.2834E+00   -.2792E+00   -.2832E+00   -.2794E+00   -.2825E+00   -.2800E+00   -.2838E+00   -.2824E+00   -.2852E+00   -.2835E+00   -.2864E+00   -.2853E+00   -.2860E+00   -.2860E+00   -.2863E+00   -.2863E+00   -.2865E+00   -.2861E+00   -.2867E+00   -.2864E+00   -.2868E+00   -.2865E+00   -.2868E+00   -.2865E+00   -.2867E+00   -.2865E+00   -.2866E+00   -.2864E+00   -.2866E+00   -.2864E+00   -.2865E+00   -.2864E+00   -.2865E+00   -.2864E+00   -.2864E+00   -.2866E+00   -.2866E+00   -.2866E+00   -.2865E+00   -.2865E+00   -.2865E+00   -.2865E+00   -.2865E+00   -.2864E+00   -.2864E+00   -.2864E+00   -.2864E+00   -.2864E+00   -.2864E+00   -.2864E+00   -.2863E+00   -.2863E+00   -.2863E+00   -.2863E+00   -.2863E+00   -.2863E+00   -.2863E+00   -.2863E+00   -.2863E+00   -.2863E+00   -.2863E+00   -.2863E+00   -.2863E+00   -.2863E+00   -.2863E+00   -.2863E+00   -.2863E+00   -.2863E+00   -.2863E+00   -.2862E+00   -.2862E+00   -.2862E+00   -.2862E+00   -.2862E+00   -.2862E+00   -.2862E+00   -.2862E+00   -.2862E+00   -.2862E+00   -.2863E+00   -.2863E+00   -.2863E+00   -.2863E+00   -.2863E+00   -.2863E+00   -.2863E+00   -.2863E+00   -.2863E+00
0.4268E+02   -.4313E+00   -.4351E+00   -.1193E+00   -.3252E+00   -.2140E+00   -.2961E+00   -.2451E+00   -.2829E+00   -.2533E+00   -.2772E+00   -.2597E+00   -.2751E+00   -.2633E+00   -.2737E+00   -.2634E+00   -.2735E+00   -.2671E+00   -.2748E+00   -.2701E+00   -.2747E+00   -.2723E+00   -.2760E+00   -.2726E+00   -.2762E+00   -.2733E+00   -.2762E+00   -.2739E+00   -.2758E+00   -.2744E+00   -.2758E+00   -.2747E+00   -.2758E+00   -.2749E+00   -.2758E+00   -.2750E+00   -.2757E+00   -.2751E+00   -.2756E+00   -.2751E+00   -.2756E+00   -.2752E+00   -.2755E+00   -.2752E+00   -.2754E+00   -.2753E+00   -.2755E+00   -.2755E+00   -.2755E+00   -.2755E+00   -.2754E+00   -.2754E+00   -.2754E+00   -.2754E+00   -.2754E+00   -.2754E+00   -.2754E+00   -.2753E+00   -.2754E+00   -.2753E+00   -.2753E+00   -.2753E+00   -.2753E+00   -.2753E+00   -.2753E+00   -.2753E+00   -.2753E+00   -.2753E+00   -.2753E+00   -.2753E+00   -.2753E+00   -.2753E+00   -.2753E+00   -.2753E+00   -.2752E+00   -.2752E+00   -.2752E+00   -.2752E+00   -.2752E+00   -.2752E+00   -.2752E+00   -.2752E+00   -.2752E+00   -.2752E+00   -.2752E+00   -.2752E+00   -.2752E+00   -.2752E+00   -.2752E+00   -.2752E+00   -.2752E+00   -.2752E+00   -.2752E+00   -.2752E+00   -.2752E+00   -.2752E+00   -.2752E+00   -.2752E+00   -.2752E+00
0.4290E+02   -.3653E+00   -.7520E-01   -.2315E+00   -.2123E+00   -.2458E+00   -.2336E+00   -.2468E+00   -.2348E+00   -.2451E+00   -.2384E+00   -.2463E+00   -.2415E+00   -.2466E+00   -.2423E+00   -.2469E+00   -.2447E+00   -.2492E+00   -.2484E+00   -.2519E+00   -.2504E+00   -.2539E+00   -.2530E+00   -.2542E+00   -.2543E+00   -.2551E+00   -.2552E+00   -.2558E+00   -.2556E+00   -.2565E+00   -.2562E+00   -.2569E+00   -.2567E+00   -.2572E+00   -.2571E+00   -.2575E+00   -.2573E+00   -.2577E+00   -.2576E+00   -.2579E+00   -.2578E+00   -.2580E+00   -.2579E+00   -.2581E+00   -.2581E+00   -.2582E+00   -.2584E+00   -.2584E+00   -.2585E+00   -.2585E+00   -.2585E+00   -.2586E+00   -.2586E+00   -.2586E+00   -.2586E+00   -.2586E+00   -.2586E+00   -.2586E+00   -.2587E+00   -.2587E+00   -.2587E+00   -.2587E+00   -.2587E+00   -.2588E+00   -.2588E+00   -.2588E+00   -.2588E+00   -.2588E+00   -.2588E+00   -.2588E+00   -.2588E+00   -.2588E+00   -.2588E+00   -.2588E+00   -.2588E+00   -.2588E+00   -.2588E+00   -.2588E+00   -.2589E+00   -.2589E+00   -.2589E+00   -.2588E+00   -.2588E+00   -.2588E+00   -.2588E+00   -.2588E+00   -.2588E+00   -.2589E+00   -.2589E+00   -.2589E+00   -.2589E+00   -.2589E+00   -.2589E+00   -.2589E+00   -.2589E+00   -.2589E+00   -.2589E+00   -.2589E+00   -.2589E+00
0.4312E+02   -.3212E+00   -.8712E-01   -.2427E+00   -.2070E+00   -.2432E+00   -.2255E+00   -.2388E+00   -.2280E+00   -.2368E+00   -.2313E+00   -.2379E+00   -.2344E+00   -.2384E+00   -.2348E+00   -.2387E+00   -.2375E+00   -.2417E+00   -.2416E+00   -.2450E+00   -.2440E+00   -.2473E+00   -.2469E+00   -.2479E+00   -.2485E+00   -.2492E+00   -.2497E+00   -.2502E+00   -.2503E+00   -.2511E+00   -.2510E+00   -.2517E+00   -.2517E+00   -.2522E+00   -.2522E+00   -.2526E+00   -.2526E+00   -.2529E+00   -.2529E+00   -.2532E+00   -.2532E+00   -.2534E+00   -.2534E+00   -.2536E+00   -.2537E+00   -.2538E+00   -.2540E+00   -.2541E+00   -.2541E+00   -.2542E+00   -.2542E+00   -.2543E+00   -.2543E+00   -.2544E+00   -.2544E+00   -.2544E+00   -.2545E+00   -.2544E+00   -.2545E+00   -.2545E+00   -.2546E+00   -.2546E+00   -.2546E+00   -.2547E+00   -.2547E+00   -.2547E+00   -.2547E+00   -.2547E+00   -.2548E+00   -.2548E+00   -.2548E+00   -.2548E+00   -.2548E+00   -.2548E+00   -.2548E+00   -.2548E+00   -.2548E+00   -.2548E+00   -.2548E+00   -.2549E+00   -.2549E+00   -.2548E+00   -.2548E+00   -.2548E+00   -.2548E+00   -.2548E+00   -.2549E+00   -.2549E+00   -.2549E+00   -.2549E+00   -.2549E+00   -.2549E+00   -.2549E+00   -.2549E+00   -.2549E+00   -.2549E+00   -.2549E+00   -.2549E+00   -.2549E+00
