0.1025E+04   0.0000E+00   -.3500E+02   -.3500E+02   -.3500E+02   -.3500E+02   -.3500E+02   -.3500E+02   -.3500E+02   -.3500E+02   -.3500E+02   -.3500E+02   -.3500E+02   -.3500E+02   -.3500E+02   -.3500E+02   -.3500E+02   -.3500E+02   -.3500E+02   -.3500E+02   -.3500E+02   -.3500E+02   -.3500E+02   -.3500E+02   -.3500E+02   -.3500E+02   -.3500E+02   -.3500E+02   -.3500E+02   -.3500E+02   -.3500E+02   -.3500E+02   -.3499E+02   -.3499E+02   -.3499E+02   -.3499E+02   -.3499E+02   -.3499E+02   -.3499E+02   -.3499E+02   -.3499E+02   -.3499E+02   -.3499E+02   -.3499E+02   -.3499E+02   -.3499E+02   -.3499E+02   -.3499E+02   -.3499E+02   -.3499E+02   -.3499E+02   -.3499E+02   -.3499E+02   -.3499E+02   -.3498E+02   -.3498E+02   -.3498E+02   -.3498E+02   -.3498E+02   -.3498E+02   -.3498E+02   -.3498E+02   -.3498E+02   -.3498E+02   -.3498E+02   -.3498E+02   -.3498E+02   -.3497E+02   -.3497E+02   -.3497E+02   -.3497E+02   -.3497E+02   -.3497E+02   -.3497E+02   -.3497E+02   -.3497E+02   -.3496E+02   -.3496E+02   -.3496E+02   -.3496E+02   -.3496E+02   -.3496E+02   -.3496E+02   -.3496E+02   -.3496E+02   -.3495E+02   -.3495E+02   -.3495E+02   -.3495E+02   -.3495E+02   -.3495E+02   -.3495E+02   -.3495E+02   -.3494E+02   -.3494E+02   -.3494E+02   -.3494E+02   -.3494E+02   -.3494E+02   -.3494E+02   -.3494E+02   -.3494E+02   -.3494E+02   -.3494E+02   -.3494E+02   -.3494E+02   -.3493E+02   -.3493E+02   -.3494E+02   -.3494E+02   -.3494E+02   -.3494E+02   -.3494E+02   -.3494E+02   -.3494E+02   -.3494E+02   -.3494E+02   -.3495E+02   -.3495E+02   -.3495E+02   -.3495E+02   -.3496E+02   -.3496E+02   -.3497E+02   -.3497E+02   -.3498E+02   -.3499E+02   -.3500E+02   -.3501E+02   -.3502E+02
0.1026E+04   0.1322E+01   -.3500E+02   -.3500E+02   -.3500E+02   -.3500E+02   -.3500E+02   -.3500E+02   -.3500E+02   -.3500E+02   -.3500E+02   -.3500E+02   -.3500E+02   -.3500E+02   -.3500E+02   -.3500E+02   -.3500E+02   -.3500E+02   -.3500E+02   -.3500E+02   -.3500E+02   -.3500E+02   -.3500E+02   -.3500E+02   -.3500E+02   -.3500E+02   -.3500E+02   -.3500E+02   -.3500E+02   -.3500E+02   -.3500E+02   -.3500E+02   -.3500E+02   -.3500E+02   -.3499E+02   -.3499E+02   -.3499E+02   -.3499E+02   -.3499E+02   -.3499E+02   -.3499E+02   -.3499E+02   -.3499E+02   -.3499E+02   -.3499E+02   -.3499E+02   -.3499E+02   -.3499E+02   -.3499E+02   -.3499E+02   -.3499E+02   -.3499E+02   -.3499E+02   -.3499E+02   -.3499E+02   -.3499E+02   -.3499E+02   -.3498E+02   -.3498E+02   -.3498E+02   -.3498E+02   -.3498E+02   -.3498E+02   -.3498E+02   -.3498E+02   -.3498E+02   -.3498E+02   -.3498E+02   -.3498E+02   -.3498E+02   -.3497E+02   -.3497E+02   -.3497E+02   -.3497E+02   -.3497E+02   -.3497E+02   -.3497E+02   -.3497E+02   -.3497E+02   -.3497E+02   -.3497E+02   -.3496E+02   -.3496E+02   -.3496E+02   -.3496E+02   -.3496E+02   -.3496E+02   -.3496E+02   -.3496E+02   -.3496E+02   -.3496E+02   -.3495E+02   -.3495E+02   -.3495E+02   -.3495E+02   -.3495E+02   -.3495E+02   -.3495E+02   -.3495E+02   -.3495E+02   -.3495E+02   -.3495E+02   -.3495E+02   -.3495E+02   -.3495E+02   -.3495E+02   -.3495E+02   -.3495E+02   -.3495E+02   -.3495E+02   -.3495E+02   -.3495E+02   -.3495E+02   -.3496E+02   -.3496E+02   -.3496E+02   -.3496E+02   -.3497E+02   -.3497E+02   -.3497E+02   -.3498E+02   -.3498E+02   -.3499E+02   -.3499E+02   -.3500E+02   -.3501E+02   -.3502E+02   -.3503E+02   -.3504E+02   -.3505E+02
0.1027E+04   0.2500E+01   -.3500E+02   -.3500E+02   -.3500E+02   -.3500E+02   -.3500E+02   -.3500E+02   -.3500E+02   -.3500E+02   -.3500E+02   -.3500E+02   -.3500E+02   -.3500E+02   -.3500E+02   -.3500E+02   -.3500E+02   -.3500E+02   -.3500E+02   -.3500E+02   -.3500E+02   -.3500E+02   -.3500E+02   -.3500E+02   -.3500E+02   -.3500E+02   -.3500E+02   -.3500E+02   -.3500E+02   -.3500E+02   -.3500E+02   -.3500E+02   -.3500E+02   -.3500E+02   -.3500E+02   -.3500E+02   -.3499E+02   -.3499E+02   -.3499E+02   -.3499E+02   -.3499E+02   -.3499E+02   -.3499E+02   -.3499E+02   -.3499E+02   -.3499E+02   -.3499E+02   -.3499E+02   -.3499E+02   -.3499E+02   -.3499E+02   -.3499E+02   -.3499E+02   -.3499E+02   -.3499E+02   -.3499E+02   -.3499E+02   -.3499E+02   -.3499E+02   -.3499E+02   -.3499E+02   -.3498E+02   -.3498E+02   -.3498E+02   -.3498E+02   -.3498E+02   -.3498E+02   -.3498E+02   -.3498E+02   -.3498E+02   -.3498E+02   -.3498E+02   -.3498E+02   -.3498E+02   -.3498E+02   -.3498E+02   -.3498E+02   -.3497E+02   -.3497E+02   -.3497E+02   -.3497E+02   -.3497E+02   -.3497E+02   -.3497E+02   -.3497E+02   -.3497E+02   -.3497E+02   -.3497E+02   -.3497E+02   -.3497E+02   -.3497E+02   -.3497E+02   -.3497E+02   -.3497E+02   -.3497E+02   -.3497E+02   -.3497E+02   -.3497E+02   -.3497E+02   -.3497E+02   -.3497E+02   -.3497E+02   -.3497E+02   -.3497E+02   -.3497E+02   -.3497E+02   -.3497E+02   -.3497E+02   -.3497E+02   -.3497E+02   -.3498E+02   -.3498E+02   -.3498E+02   -.3498E+02   -.3499E+02   -.3499E+02   -.3499E+02   -.3500E+02   -.3500E+02   -.3501E+02   -.3501E+02   -.3502E+02   -.3503E+02   -.3504E+02   -.3505E+02   -.3506E+02   -.3507E+02   -.3508E+02   -.3509E+02   -.3511E+02
0.1028E+04   0.3550E+01   -.3500E+02   -.3500E+02   -.3500E+02   -.3500E+02   -.3500E+02   -.3500E+02   -.3500E+02   -.3500E+02   -.3500E+02   -.3500E+02   -.3500E+02   -.3500E+02   -.3500E+02   -.3500E+02   -.3500E+02   -.3500E+02   -.3500E+02   -.3500E+02   -.3500E+02   -.3500E+02   -.3500E+02   -.3500E+02   -.3500E+02   -.3500E+02   -.3500E+02   -.3500E+02   -.3500E+02   -.3500E+02   -.3500E+02   -.3500E+02   -.3500E+02   -.3500E+02   -.3500E+02   -.3500E+02   -.3500E+02   -.3500E+02   -.3499E+02   -.3499E+02   -.3499E+02   -.3499E+02   -.3499E+02   -.3499E+02   -.3499E+02   -.3499E+02   -.3499E+02   -.3499E+02   -.3499E+02   -.3499E+02   -.3499E+02   -.3499E+02   -.3499E+02   -.3499E+02   -.3499E+02   -.3499E+02   -.3499E+02   -.3499E+02   -.3499E+02   -.3499E+02   -.3499E+02   -.3499E+02   -.3499E+02   -.3499E+02   -.3499E+02   -.3499E+02   -.3499E+02   -.3498E+02   -.3498E+02   -.3498E+02   -.3498E+02   -.3498E+02   -.3498E+02   -.3498E+02   -.3498E+02   -.3498E+02   -.3498E+02   -.3498E+02   -.3498E+02   -.3498E+02   -.3498E+02   -.3498E+02   -.3498E+02   -.3498E+02   -.3498E+02   -.3498E+02   -.3498E+02   -.3498E+02   -.3498E+02   -.3498E+02   -.3498E+02   -.3498E+02   -.3498E+02   -.3498E+02   -.3498E+02   -.3498E+02   -.3498E+02   -.3498E+02   -.3498E+02   -.3498E+02   -.3498E+02   -.3498E+02   -.3498E+02   -.3498E+02   -.3498E+02   -.3499E+02   -.3499E+02   -.3499E+02   -.3499E+02   -.3499E+02   -.3500E+02   -.3500E+02   -.3500E+02   -.3501E+02   -.3501E+02   -.3502E+02   -.3502E+02   -.3503E+02   -.3503E+02   -.3504E+02   -.3505E+02   -.3506E+02   -.3507E+02   -.3508E+02   -.3509E+02   -.3510E+02   -.3512E+02   -.3513E+02   -.3515E+02   -.3517E+02
0.1029E+04   0.4486E+01   -.3500E+02   -.3500E+02   -.3500E+02   -.3500E+02   -.3500E+02   -.3500E+02   -.3500E+02   -.3500E+02   -.3500E+02   -.3500E+02   -.3500E+02   -.3500E+02   -.3500E+02   -.3500E+02   -.3500E+02   -.3500E+02   -.3500E+02   -.3500E+02   -.3500E+02   -.3500E+02   -.3500E+02   -.3500E+02   -.3500E+02   -.3500E+02   -.3500E+02   -.3500E+02   -.3500E+02   -.3500E+02   -.3500E+02   -.3500E+02   -.3500E+02   -.3500E+02   -.3500E+02   -.3500E+02   -.3500E+02   -.3500E+02   -.3500E+02   -.3500E+02   -.3499E+02   -.3499E+02   -.3499E+02   -.3499E+02   -.3499E+02   -.3499E+02   -.3499E+02   -.3499E+02   -.3499E+02   -.3499E+02   -.3499E+02   -.3499E+02   -.3499E+02   -.3499E+02   -.3499E+02   -.3499E+02   -.3499E+02   -.3499E+02   -.3499E+02   -.3499E+02   -.3499E+02   -.3499E+02   -.3499E+02   -.3499E+02   -.3499E+02   -.3499E+02   -.3499E+02   -.3499E+02   -.3499E+02   -.3499E+02   -.3499E+02   -.3499E+02   -.3499E+02   -.3499E+02   -.3498E+02   -.3498E+02   -.3498E+02   -.3498E+02   -.3498E+02   -.3498E+02   -.3498E+02   -.3498E+02   -.3498E+02   -.3498E+02   -.3498E+02   -.3498E+02   -.3498E+02   -.3498E+02   -.3498E+02   -.3498E+02   -.3498E+02   -.3498E+02   -.3498E+02   -.3499E+02   -.3499E+02   -.3499E+02   -.3499E+02   -.3499E+02   -.3499E+02   -.3499E+02   -.3499E+02   -.3499E+02   -.3499E+02   -.3500E+02   -.3500E+02   -.3500E+02   -.3500E+02   -.3501E+02   -.3501E+02   -.3501E+02   -.3502E+02   -.3502E+02   -.3502E+02   -.3503E+02   -.3503E+02   -.3504E+02   -.3505E+02   -.3505E+02   -.3506E+02   -.3507E+02   -.3508E+02   -.3509E+02   -.3510E+02   -.3512E+02   -.3513E+02   -.3515E+02   -.3517E+02   -.3519E+02   -.3522E+02   -.3525E+02
0.1030E+04   0.5320E+01   -.3500E+02   -.3500E+02   -.3500E+02   -.3500E+02   -.3500E+02   -.3500E+02   -.3500E+02   -.3500E+02   -.3500E+02   -.3500E+02   -.3500E+02   -.3500E+02   -.3500E+02   -.3500E+02   -.3500E+02   -.3500E+02   -.3500E+02   -.3500E+02   -.3500E+02   -.3500E+02   -.3500E+02   -.3500E+02   -.3500E+02   -.3500E+02   -.3500E+02   -.3500E+02   -.3500E+02   -.3500E+02   -.3500E+02   -.3500E+02   -.3500E+02   -.3500E+02   -.3500E+02   -.3500E+02   -.3500E+02   -.3500E+02   -.3500E+02   -.3500E+02   -.3500E+02   -.3499E+02   -.3499E+02   -.3499E+02   -.3499E+02   -.3499E+02   -.3499E+02   -.3499E+02   -.3499E+02   -.3499E+02   -.3499E+02   -.3499E+02   -.3499E+02   -.3499E+02   -.3499E+02   -.3499E+02   -.3499E+02   -.3499E+02   -.3499E+02   -.3499E+02   -.3499E+02   -.3499E+02   -.3499E+02   -.3499E+02   -.3499E+02   -.3499E+02   -.3499E+02   -.3499E+02   -.3499E+02   -.3499E+02   -.3499E+02   -.3499E+02   -.3499E+02   -.3499E+02   -.3499E+02   -.3499E+02   -.3499E+02   -.3499E+02   -.3499E+02   -.3499E+02   -.3499E+02   -.3499E+02   -.3499E+02   -.3499E+02   -.3499E+02   -.3499E+02   -.3499E+02   -.3499E+02   -.3499E+02   -.3499E+02   -.3499E+02   -.3499E+02   -.3499E+02   -.3499E+02   -.3499E+02   -.3499E+02   -.3500E+02   -.3500E+02   -.3500E+02   -.3500E+02   -.3500E+02   -.3500E+02   -.3501E+02   -.3501E+02   -.3501E+02   -.3501E+02   -.3502E+02   -.3502E+02   -.3502E+02   -.3503E+02   -.3503E+02   -.3504E+02   -.3504E+02   -.3505E+02   -.3506E+02   -.3506E+02   -.3507E+02   -.3508E+02   -.3509E+02   -.3510E+02   -.3511E+02   -.3513E+02   -.3514E+02   -.3516E+02   -.3518E+02   -.3521E+02   -.3524E+02   -.3527E+02   -.3531E+02   -.3536E+02
0.1031E+04   0.6064E+01   -.3500E+02   -.3500E+02   -.3500E+02   -.3500E+02   -.3500E+02   -.3500E+02   -.3500E+02   -.3500E+02   -.3500E+02   -.3500E+02   -.3500E+02   -.3500E+02   -.3500E+02   -.3500E+02   -.3500E+02   -.3500E+02   -.3500E+02   -.3500E+02   -.3500E+02   -.3500E+02   -.3500E+02   -.3500E+02   -.3500E+02   -.3500E+02   -.3500E+02   -.3500E+02   -.3500E+02   -.3500E+02   -.3500E+02   -.3500E+02   -.3500E+02   -.3500E+02   -.3500E+02   -.3500E+02   -.3500E+02   -.3500E+02   -.3500E+02   -.3500E+02   -.3500E+02   -.3499E+02   -.3499E+02   -.3499E+02   -.3499E+02   -.3499E+02   -.3499E+02   -.3499E+02   -.3499E+02   -.3499E+02   -.3499E+02   -.3499E+02   -.3499E+02   -.3499E+02   -.3499E+02   -.3499E+02   -.3499E+02   -.3499E+02   -.3499E+02   -.3499E+02   -.3499E+02   -.3499E+02   -.3499E+02   -.3499E+02   -.3499E+02   -.3499E+02   -.3499E+02   -.3499E+02   -.3499E+02   -.3499E+02   -.3499E+02   -.3499E+02   -.3499E+02   -.3499E+02   -.3499E+02   -.3499E+02   -.3499E+02   -.3499E+02   -.3499E+02   -.3499E+02   -.3499E+02   -.3499E+02   -.3499E+02   -.3499E+02   -.3499E+02   -.3499E+02   -.3499E+02   -.3499E+02   -.3499E+02   -.3500E+02   -.3500E+02   -.3500E+02   -.3500E+02   -.3500E+02   -.3500E+02   -.3500E+02   -.3500E+02   -.3501E+02   -.3501E+02   -.3501E+02   -.3501E+02   -.3501E+02   -.3502E+02   -.3502E+02   -.3502E+02   -.3503E+02   -.3503E+02   -.3503E+02   -.3504E+02   -.3504E+02   -.3505E+02   -.3505E+02   -.3506E+02   -.3507E+02   -.3508E+02   -.3509E+02   -.3510E+02   -.3511E+02   -.3512E+02   -.3513E+02   -.3515E+02   -.3517E+02   -.3519E+02   -.3522E+02   -.3525E+02   -.3528E+02   -.3532E+02   -.3537E+02   -.3543E+02   -.3551E+02
0.1032E+04   0.6727E+01   -.3500E+02   -.3500E+02   -.3500E+02   -.3500E+02   -.3500E+02   -.3500E+02   -.3500E+02   -.3500E+02   -.3500E+02   -.3500E+02   -.3500E+02   -.3500E+02   -.3500E+02   -.3500E+02   -.3500E+02   -.3500E+02   -.3500E+02   -.3500E+02   -.3500E+02   -.3500E+02   -.3500E+02   -.3500E+02   -.3500E+02   -.3500E+02   -.3500E+02   -.3500E+02   -.3500E+02   -.3500E+02   -.3500E+02   -.3500E+02   -.3500E+02   -.3500E+02   -.3500E+02   -.3500E+02   -.3500E+02   -.3500E+02   -.3500E+02   -.3500E+02   -.3500E+02   -.3500E+02   -.3499E+02   -.3499E+02   -.3499E+02   -.3499E+02   -.3499E+02   -.3499E+02   -.3499E+02   -.3499E+02   -.3499E+02   -.3499E+02   -.3499E+02   -.3499E+02   -.3499E+02   -.3499E+02   -.3499E+02   -.3499E+02   -.3499E+02   -.3499E+02   -.3499E+02   -.3499E+02   -.3499E+02   -.3499E+02   -.3499E+02   -.3499E+02   -.3499E+02   -.3499E+02   -.3499E+02   -.3499E+02   -.3499E+02   -.3499E+02   -.3499E+02   -.3499E+02   -.3499E+02   -.3499E+02   -.3499E+02   -.3499E+02   -.3499E+02   -.3499E+02   -.3499E+02   -.3499E+02   -.3499E+02   -.3499E+02   -.3500E+02   -.3500E+02   -.3500E+02   -.3500E+02   -.3500E+02   -.3500E+02   -.3500E+02   -.3500E+02   -.3500E+02   -.3500E+02   -.3501E+02   -.3501E+02   -.3501E+02   -.3501E+02   -.3501E+02   -.3502E+02   -.3502E+02   -.3502E+02   -.3503E+02   -.3503E+02   -.3503E+02   -.3504E+02   -.3504E+02   -.3505E+02   -.3505E+02   -.3506E+02   -.3506E+02   -.3507E+02   -.3508E+02   -.3509E+02   -.3510E+02   -.3511E+02   -.3512E+02   -.3514E+02   -.3515E+02   -.3517E+02   -.3519E+02   -.3522E+02   -.3525E+02   -.3528E+02   -.3532E+02   -.3537E+02   -.3543E+02   -.3550E+02   -.3560E+02   -.3572E+02
0.1033E+04   0.7318E+01   -.3500E+02   -.3500E+02   -.3500E+02   -.3500E+02   -.3500E+02   -.3500E+02   -.3500E+02   -.3500E+02   -.3500E+02   -.3500E+02   -.3500E+02   -.3500E+02   -.3500E+02   -.3500E+02   -.3500E+02   -.3500E+02   -.3500E+02   -.3500E+02   -.3500E+02   -.3500E+02   -.3500E+02   -.3500E+02   -.3500E+02   -.3500E+02   -.3500E+02   -.3500E+02   -.3500E+02   -.3500E+02   -.3500E+02   -.3500E+02   -.3500E+02   -.3500E+02   -.3500E+02   -.3500E+02   -.3500E+02   -.3500E+02   -.3500E+02   -.3500E+02   -.3500E+02   -.3500E+02   -.3500E+02   -.3499E+02   -.3499E+02   -.3499E+02   -.3499E+02   -.3499E+02   -.3499E+02   -.3499E+02   -.3499E+02   -.3499E+02   -.3499E+02   -.3499E+02   -.3499E+02   -.3499E+02   -.3499E+02   -.3499E+02   -.3499E+02   -.3499E+02   -.3499E+02   -.3499E+02   -.3499E+02   -.3499E+02   -.3499E+02   -.3499E+02   -.3499E+02   -.3499E+02   -.3499E+02   -.3499E+02   -.3499E+02   -.3499E+02   -.3499E+02   -.3499E+02   -.3499E+02   -.3499E+02   -.3499E+02   -.3499E+02   -.3500E+02   -.3500E+02   -.3500E+02   -.3500E+02   -.3500E+02   -.3500E+02   -.3500E+02   -.3500E+02   -.3500E+02   -.3500E+02   -.3500E+02   -.3500E+02   -.3501E+02   -.3501E+02   -.3501E+02   -.3501E+02   -.3501E+02   -.3501E+02   -.3502E+02   -.3502E+02   -.3502E+02   -.3502E+02   -.3503E+02   -.3503E+02   -.3504E+02   -.3504E+02   -.3504E+02   -.3505E+02   -.3505E+02   -.3506E+02   -.3507E+02   -.3507E+02   -.3508E+02   -.3509E+02   -.3510E+02   -.3511E+02   -.3512E+02   -.3514E+02   -.3515E+02   -.3517E+02   -.3519E+02   -.3521E+02   -.3524E+02   -.3527E+02   -.3531E+02   -.3536E+02   -.3542E+02   -.3549E+02   -.3557E+02   -.3569E+02   -.3583E+02   -.3604E+02
0.1034E+04   0.7845E+01   -.3500E+02   -.3500E+02   -.3500E+02   -.3500E+02   -.3500E+02   -.3500E+02   -.3500E+02   -.3500E+02   -.3500E+02   -.3500E+02   -.3500E+02   -.3500E+02   -.3500E+02   -.3500E+02   -.3500E+02   -.3500E+02   -.3500E+02   -.3500E+02   -.3500E+02   -.3500E+02   -.3500E+02   -.3500E+02   -.3500E+02   -.3500E+02   -.3500E+02   -.3500E+02   -.3500E+02   -.3500E+02   -.3500E+02   -.3500E+02   -.3500E+02   -.3500E+02   -.3500E+02   -.3500E+02   -.3500E+02   -.3500E+02   -.3500E+02   -.3500E+02   -.3500E+02   -.3500E+02   -.3500E+02   -.3499E+02   -.3499E+02   -.3499E+02   -.3499E+02   -.3499E+02   -.3499E+02   -.3499E+02   -.3499E+02   -.3499E+02   -.3499E+02   -.3499E+02   -.3499E+02   -.3499E+02   -.3499E+02   -.3499E+02   -.3499E+02   -.3499E+02   -.3499E+02   -.3499E+02   -.3499E+02   -.3499E+02   -.3499E+02   -.3499E+02   -.3499E+02   -.3499E+02   -.3499E+02   -.3499E+02   -.3499E+02   -.3499E+02   -.3499E+02   -.3499E+02   -.3500E+02   -.3500E+02   -.3500E+02   -.3500E+02   -.3500E+02   -.3500E+02   -.3500E+02   -.3500E+02   -.3500E+02   -.3500E+02   -.3500E+02   -.3500E+02   -.3500E+02   -.3501E+02   -.3501E+02   -.3501E+02   -.3501E+02   -.3501E+02   -.3501E+02   -.3502E+02   -.3502E+02   -.3502E+02   -.3502E+02   -.3503E+02   -.3503E+02   -.3503E+02   -.3504E+02   -.3504E+02   -.3504E+02   -.3505E+02   -.3505E+02   -.3506E+02   -.3507E+02   -.3507E+02   -.3508E+02   -.3509E+02   -.3510E+02   -.3511E+02   -.3512E+02   -.3513E+02   -.3515E+02   -.3516E+02   -.3518E+02   -.3520E+02   -.3523E+02   -.3526E+02   -.3530E+02   -.3534E+02   -.3539E+02   -.3545E+02   -.3553E+02   -.3563E+02   -.3577E+02   -.3593E+02   -.3618E+02   -.3647E+02
0.1035E+04   0.8315E+01   -.3500E+02   -.3500E+02   -.3500E+02   -.3500E+02   -.3500E+02   -.3500E+02   -.3500E+02   -.3500E+02   -.3500E+02   -.3500E+02   -.3500E+02   -.3500E+02   -.3500E+02   -.3500E+02   -.3500E+02   -.3500E+02   -.3500E+02   -.3500E+02   -.3500E+02   -.3500E+02   -.3500E+02   -.3500E+02   -.3500E+02   -.3500E+02   -.3500E+02   -.3500E+02   -.3500E+02   -.3500E+02   -.3500E+02   -.3500E+02   -.3500E+02   -.3500E+02   -.3500E+02   -.3500E+02   -.3500E+02   -.3500E+02   -.3500E+02   -.3500E+02   -.3500E+02   -.3500E+02   -.3500E+02   -.3499E+02   -.3499E+02   -.3499E+02   -.3499E+02   -.3499E+02   -.3499E+02   -.3499E+02   -.3499E+02   -.3499E+02   -.3499E+02   -.3499E+02   -.3499E+02   -.3499E+02   -.3499E+02   -.3499E+02   -.3499E+02   -.3499E+02   -.3499E+02   -.3499E+02   -.3499E+02   -.3499E+02   -.3499E+02   -.3499E+02   -.3499E+02   -.3499E+02   -.3499E+02   -.3499E+02   -.3500E+02   -.3500E+02   -.3500E+02   -.3500E+02   -.3500E+02   -.3500E+02   -.3500E+02   -.3500E+02   -.3500E+02   -.3500E+02   -.3500E+02   -.3500E+02   -.3500E+02   -.3500E+02   -.3500E+02   -.3501E+02   -.3501E+02   -.3501E+02   -.3501E+02   -.3501E+02   -.3501E+02   -.3502E+02   -.3502E+02   -.3502E+02   -.3502E+02   -.3503E+02   -.3503E+02   -.3503E+02   -.3504E+02   -.3504E+02   -.3504E+02   -.3505E+02   -.3505E+02   -.3506E+02   -.3506E+02   -.3507E+02   -.3508E+02   -.3508E+02   -.3509E+02   -.3510E+02   -.3511E+02   -.3513E+02   -.3514E+02   -.3515E+02   -.3517E+02   -.3519E+02   -.3522E+02   -.3524E+02   -.3527E+02   -.3531E+02   -.3536E+02   -.3541E+02   -.3548E+02   -.3557E+02   -.3568E+02   -.3583E+02   -.3602E+02   -.3629E+02   -.3662E+02   -.3722E+02
0.1036E+04   0.8733E+01   -.3500E+02   -.3500E+02   -.3500E+02   -.3500E+02   -.3500E+02   -.3500E+02   -.3500E+02   -.3500E+02   -.3500E+02   -.3500E+02   -.3500E+02   -.3500E+02   -.3500E+02   -.3500E+02   -.3500E+02   -.3500E+02   -.3500E+02   -.3500E+02   -.3500E+02   -.3500E+02   -.3500E+02   -.3500E+02   -.3500E+02   -.3500E+02   -.3500E+02   -.3500E+02   -.3500E+02   -.3500E+02   -.3500E+02   -.3500E+02   -.3500E+02   -.3500E+02   -.3500E+02   -.3500E+02   -.3500E+02   -.3500E+02   -.3500E+02   -.3500E+02   -.3500E+02   -.3500E+02   -.3500E+02   -.3500E+02   -.3499E+02   -.3499E+02   -.3499E+02   -.3499E+02   -.3499E+02   -.3499E+02   -.3499E+02   -.3499E+02   -.3499E+02   -.3499E+02   -.3499E+02   -.3499E+02   -.3499E+02   -.3499E+02   -.3499E+02   -.3499E+02   -.3499E+02   -.3499E+02   -.3499E+02   -.3499E+02   -.3499E+02   -.3499E+02   -.3499E+02   -.3500E+02   -.3500E+02   -.3500E+02   -.3500E+02   -.3500E+02   -.3500E+02   -.3500E+02   -.3500E+02   -.3500E+02   -.3500E+02   -.3500E+02   -.3500E+02   -.3500E+02   -.3500E+02   -.3500E+02   -.3500E+02   -.3501E+02   -.3501E+02   -.3501E+02   -.3501E+02   -.3501E+02   -.3501E+02   -.3502E+02   -.3502E+02   -.3502E+02   -.3502E+02   -.3502E+02   -.3503E+02   -.3503E+02   -.3503E+02   -.3504E+02   -.3504E+02   -.3505E+02   -.3505E+02   -.3506E+02   -.3506E+02   -.3507E+02   -.3507E+02   -.3508E+02   -.3509E+02   -.3510E+02   -.3511E+02   -.3512E+02   -.3513E+02   -.3514E+02   -.3516E+02   -.3518E+02   -.3520E+02   -.3522E+02   -.3525E+02   -.3528E+02   -.3532E+02   -.3537E+02   -.3543E+02   -.3550E+02   -.3560E+02   -.3571E+02   -.3587E+02   -.3607E+02   -.3637E+02   -.3673E+02   -.3737E+02   -.3801E+02
0.1037E+04   0.9107E+01   -.3500E+02   -.3500E+02   -.3500E+02   -.3500E+02   -.3500E+02   -.3500E+02   -.3500E+02   -.3500E+02   -.3500E+02   -.3500E+02   -.3500E+02   -.3500E+02   -.3500E+02   -.3500E+02   -.3500E+02   -.3500E+02   -.3500E+02   -.3500E+02   -.3500E+02   -.3500E+02   -.3500E+02   -.3500E+02   -.3500E+02   -.3500E+02   -.3500E+02   -.3500E+02   -.3500E+02   -.3500E+02   -.3500E+02   -.3500E+02   -.3500E+02   -.3500E+02   -.3500E+02   -.3500E+02   -.3500E+02   -.3500E+02   -.3500E+02   -.3500E+02   -.3500E+02   -.3500E+02   -.3500E+02   -.3500E+02   -.3499E+02   -.3499E+02   -.3499E+02   -.3499E+02   -.3499E+02   -.3499E+02   -.3499E+02   -.3499E+02   -.3499E+02   -.3499E+02   -.3499E+02   -.3499E+02   -.3499E+02   -.3499E+02   -.3499E+02   -.3499E+02   -.3499E+02   -.3499E+02   -.3499E+02   -.3500E+02   -.3500E+02   -.3500E+02   -.3500E+02   -.3500E+02   -.3500E+02   -.3500E+02   -.3500E+02   -.3500E+02   -.3500E+02   -.3500E+02   -.3500E+02   -.3500E+02   -.3500E+02   -.3500E+02   -.3500E+02   -.3500E+02   -.3500E+02   -.3501E+02   -.3501E+02   -.3501E+02   -.3501E+02   -.3501E+02   -.3501E+02   -.3501E+02   -.3502E+02   -.3502E+02   -.3502E+02   -.3502E+02   -.3503E+02   -.3503E+02   -.3503E+02   -.3504E+02   -.3504E+02   -.3504E+02   -.3505E+02   -.3505E+02   -.3506E+02   -.3506E+02   -.3507E+02   -.3507E+02   -.3508E+02   -.3509E+02   -.3510E+02   -.3511E+02   -.3512E+02   -.3513E+02   -.3515E+02   -.3516E+02   -.3518E+02   -.3520E+02   -.3523E+02   -.3526E+02   -.3529E+02   -.3533E+02   -.3538E+02   -.3544E+02   -.3551E+02   -.3561E+02   -.3573E+02   -.3589E+02   -.3610E+02   -.3641E+02   -.3679E+02   -.3745E+02   -.3813E+02   -.3997E+02
0.1038E+04   0.9439E+01   -.3500E+02   -.3500E+02   -.3500E+02   -.3500E+02   -.3500E+02   -.3500E+02   -.3500E+02   -.3500E+02   -.3500E+02   -.3500E+02   -.3500E+02   -.3500E+02   -.3500E+02   -.3500E+02   -.3500E+02   -.3500E+02   -.3500E+02   -.3500E+02   -.3500E+02   -.3500E+02   -.3500E+02   -.3500E+02   -.3500E+02   -.3500E+02   -.3500E+02   -.3500E+02   -.3500E+02   -.3500E+02   -.3500E+02   -.3500E+02   -.3500E+02   -.3500E+02   -.3500E+02   -.3500E+02   -.3500E+02   -.3500E+02   -.3500E+02   -.3500E+02   -.3500E+02   -.3500E+02   -.3500E+02   -.3500E+02   -.3499E+02   -.3499E+02   -.3499E+02   -.3499E+02   -.3499E+02   -.3499E+02   -.3499E+02   -.3499E+02   -.3499E+02   -.3499E+02   -.3499E+02   -.3499E+02   -.3499E+02   -.3499E+02   -.3499E+02   -.3499E+02   -.3499E+02   -.3500E+02   -.3500E+02   -.3500E+02   -.3500E+02   -.3500E+02   -.3500E+02   -.3500E+02   -.3500E+02   -.3500E+02   -.3500E+02   -.3500E+02   -.3500E+02   -.3500E+02   -.3500E+02   -.3500E+02   -.3500E+02   -.3500E+02   -.3500E+02   -.3500E+02   -.3501E+02   -.3501E+02   -.3501E+02   -.3501E+02   -.3501E+02   -.3501E+02   -.3502E+02   -.3502E+02   -.3502E+02   -.3502E+02   -.3502E+02   -.3503E+02   -.3503E+02   -.3503E+02   -.3504E+02   -.3504E+02   -.3504E+02   -.3505E+02   -.3505E+02   -.3506E+02   -.3506E+02   -.3507E+02   -.3508E+02   -.3508E+02   -.3509E+02   -.3510E+02   -.3511E+02   -.3512E+02   -.3513E+02   -.3515E+02   -.3516E+02   -.3518E+02   -.3520E+02   -.3523E+02   -.3526E+02   -.3529E+02   -.3533E+02   -.3538E+02   -.3544E+02   -.3551E+02   -.3561E+02   -.3573E+02   -.3589E+02   -.3610E+02   -.3640E+02   -.3678E+02   -.3745E+02   -.3811E+02   -.3993E+02   -.4048E+02
0.1039E+04   0.9736E+01   -.3500E+02   -.3500E+02   -.3500E+02   -.3500E+02   -.3500E+02   -.3500E+02   -.3500E+02   -.3500E+02   -.3500E+02   -.3500E+02   -.3500E+02   -.3500E+02   -.3500E+02   -.3500E+02   -.3500E+02   -.3500E+02   -.3500E+02   -.3500E+02   -.3500E+02   -.3500E+02   -.3500E+02   -.3500E+02   -.3500E+02   -.3500E+02   -.3500E+02   -.3500E+02   -.3500E+02   -.3500E+02   -.3500E+02   -.3500E+02   -.3500E+02   -.3500E+02   -.3500E+02   -.3500E+02   -.3500E+02   -.3500E+02   -.3500E+02   -.3500E+02   -.3500E+02   -.3500E+02   -.3500E+02   -.3500E+02   -.3500E+02   -.3499E+02   -.3499E+02   -.3499E+02   -.3499E+02   -.3499E+02   -.3499E+02   -.3499E+02   -.3499E+02   -.3499E+02   -.3499E+02   -.3499E+02   -.3499E+02   -.3499E+02   -.3500E+02   -.3500E+02   -.3500E+02   -.3500E+02   -.3500E+02   -.3500E+02   -.3500E+02   -.3500E+02   -.3500E+02   -.3500E+02   -.3500E+02   -.3500E+02   -.3500E+02   -.3500E+02   -.3500E+02   -.3500E+02   -.3500E+02   -.3500E+02   -.3500E+02   -.3500E+02   -.3501E+02   -.3501E+02   -.3501E+02   -.3501E+02   -.3501E+02   -.3501E+02   -.3501E+02   -.3502E+02   -.3502E+02   -.3502E+02   -.3502E+02   -.3502E+02   -.3503E+02   -.3503E+02   -.3503E+02   -.3504E+02   -.3504E+02   -.3504E+02   -.3505E+02   -.3505E+02   -.3506E+02   -.3506E+02   -.3507E+02   -.3508E+02   -.3508E+02   -.3509E+02   -.3510E+02   -.3511E+02   -.3512E+02   -.3513E+02   -.3515E+02   -.3516E+02   -.3518E+02   -.3520E+02   -.3523E+02   -.3525E+02   -.3529E+02   -.3533E+02   -.3537E+02   -.3543E+02   -.3550E+02   -.3560E+02   -.3571E+02   -.3587E+02   -.3607E+02   -.3636E+02   -.3672E+02   -.3737E+02   -.3797E+02   -.3979E+02   -.3983E+02   -.4746E+02
0.1023E+04   0.1000E+02   -.3500E+02   -.3500E+02   -.3500E+02   -.3500E+02   -.3500E+02   -.3500E+02   -.3500E+02   -.3500E+02   -.3500E+02   -.3500E+02   -.3500E+02   -.3500E+02   -.3500E+02   -.3500E+02   -.3500E+02   -.3500E+02   -.3500E+02   -.3500E+02   -.3500E+02   -.3500E+02   -.3500E+02   -.3500E+02   -.3500E+02   -.3500E+02   -.3500E+02   -.3500E+02   -.3500E+02   -.3500E+02   -.3500E+02   -.3500E+02   -.3500E+02   -.3500E+02   -.3500E+02   -.3500E+02   -.3500E+02   -.3500E+02   -.3500E+02   -.3500E+02   -.3500E+02   -.3500E+02   -.3500E+02   -.3500E+02   -.3500E+02   -.3500E+02   -.3499E+02   -.3499E+02   -.3499E+02   -.3499E+02   -.3499E+02   -.3499E+02   -.3499E+02   -.3499E+02   -.3499E+02   -.3499E+02   -.3500E+02   -.3500E+02   -.3500E+02   -.3500E+02   -.3500E+02   -.3500E+02   -.3500E+02   -.3500E+02   -.3500E+02   -.3500E+02   -.3500E+02   -.3500E+02   -.3500E+02   -.3500E+02   -.3500E+02   -.3500E+02   -.3500E+02   -.3500E+02   -.3500E+02   -.3500E+02   -.3500E+02   -.3501E+02   -.3501E+02   -.3501E+02   -.3501E+02   -.3501E+02   -.3501E+02   -.3501E+02   -.3502E+02   -.3502E+02   -.3502E+02   -.3502E+02   -.3502E+02   -.3503E+02   -.3503E+02   -.3503E+02   -.3504E+02   -.3504E+02   -.3504E+02   -.3505E+02   -.3505E+02   -.3506E+02   -.3506E+02   -.3507E+02   -.3508E+02   -.3508E+02   -.3509E+02   -.3510E+02   -.3511E+02   -.3512E+02   -.3513E+02   -.3515E+02   -.3516E+02   -.3518E+02   -.3520E+02   -.3522E+02   -.3525E+02   -.3528E+02   -.3532E+02   -.3537E+02   -.3542E+02   -.3549E+02   -.3558E+02   -.3570E+02   -.3585E+02   -.3604E+02   -.3632E+02   -.3666E+02   -.3727E+02   -.3784E+02   -.3952E+02   -.3976E+02   -.4642E+02   -.5694E+02
0.1057E+04   0.1033E+02   -.3500E+02   -.3500E+02   -.3500E+02   -.3500E+02   -.3500E+02   -.3500E+02   -.3500E+02   -.3500E+02   -.3500E+02   -.3500E+02   -.3500E+02   -.3500E+02   -.3500E+02   -.3500E+02   -.3500E+02   -.3500E+02   -.3500E+02   -.3500E+02   -.3500E+02   -.3500E+02   -.3500E+02   -.3500E+02   -.3500E+02   -.3500E+02   -.3500E+02   -.3500E+02   -.3500E+02   -.3500E+02   -.3500E+02   -.3500E+02   -.3500E+02   -.3500E+02   -.3500E+02   -.3500E+02   -.3500E+02   -.3500E+02   -.3500E+02   -.3500E+02   -.3500E+02   -.3500E+02   -.3500E+02   -.3500E+02   -.3500E+02   -.3500E+02   -.3500E+02   -.3499E+02   -.3499E+02   -.3499E+02   -.3499E+02   -.3499E+02   -.3500E+02   -.3500E+02   -.3500E+02   -.3500E+02   -.3500E+02   -.3500E+02   -.3500E+02   -.3500E+02   -.3500E+02   -.3500E+02   -.3500E+02   -.3500E+02   -.3500E+02   -.3500E+02   -.3500E+02   -.3500E+02   -.3500E+02   -.3500E+02   -.3500E+02   -.3500E+02   -.3500E+02   -.3500E+02   -.3500E+02   -.3500E+02   -.3501E+02   -.3501E+02   -.3501E+02   -.3501E+02   -.3501E+02   -.3501E+02   -.3501E+02   -.3502E+02   -.3502E+02   -.3502E+02   -.3502E+02   -.3502E+02   -.3503E+02   -.3503E+02   -.3503E+02   -.3504E+02   -.3504E+02   -.3504E+02   -.3505E+02   -.3505E+02   -.3506E+02   -.3506E+02   -.3507E+02   -.3508E+02   -.3508E+02   -.3509E+02   -.3510E+02   -.3511E+02   -.3512E+02   -.3513E+02   -.3515E+02   -.3516E+02   -.3518E+02   -.3520E+02   -.3522E+02   -.3525E+02   -.3528E+02   -.3532E+02   -.3537E+02   -.3542E+02   -.3549E+02   -.3558E+02   -.3569E+02   -.3584E+02   -.3603E+02   -.3631E+02   -.3664E+02   -.3725E+02   -.3781E+02   -.3950E+02   -.3967E+02   -.4646E+02   -.5516E+02   -.6091E+02
0.1058E+04   0.1067E+02   -.3500E+02   -.3500E+02   -.3500E+02   -.3500E+02   -.3500E+02   -.3500E+02   -.3500E+02   -.3500E+02   -.3500E+02   -.3500E+02   -.3500E+02   -.3500E+02   -.3500E+02   -.3500E+02   -.3500E+02   -.3500E+02   -.3500E+02   -.3500E+02   -.3500E+02   -.3500E+02   -.3500E+02   -.3500E+02   -.3500E+02   -.3500E+02   -.3500E+02   -.3500E+02   -.3500E+02   -.3500E+02   -.3500E+02   -.3500E+02   -.3500E+02   -.3500E+02   -.3500E+02   -.3500E+02   -.3500E+02   -.3500E+02   -.3500E+02   -.3500E+02   -.3500E+02   -.3500E+02   -.3500E+02   -.3500E+02   -.3500E+02   -.3500E+02   -.3500E+02   -.3500E+02   -.3500E+02   -.3500E+02   -.3500E+02   -.3500E+02   -.3500E+02   -.3500E+02   -.3500E+02   -.3500E+02   -.3500E+02   -.3500E+02   -.3500E+02   -.3500E+02   -.3500E+02   -.3500E+02   -.3500E+02   -.3500E+02   -.3500E+02   -.3500E+02   -.3500E+02   -.3500E+02   -.3500E+02   -.3500E+02   -.3500E+02   -.3500E+02   -.3500E+02   -.3500E+02   -.3500E+02   -.3501E+02   -.3501E+02   -.3501E+02   -.3501E+02   -.3501E+02   -.3501E+02   -.3501E+02   -.3502E+02   -.3502E+02   -.3502E+02   -.3502E+02   -.3503E+02   -.3503E+02   -.3503E+02   -.3503E+02   -.3504E+02   -.3504E+02   -.3504E+02   -.3505E+02   -.3505E+02   -.3506E+02   -.3506E+02   -.3507E+02   -.3508E+02   -.3508E+02   -.3509E+02   -.3510E+02   -.3511E+02   -.3512E+02   -.3513E+02   -.3515E+02   -.3516E+02   -.3518E+02   -.3520E+02   -.3522E+02   -.3525E+02   -.3528E+02   -.3532E+02   -.3537E+02   -.3542E+02   -.3549E+02   -.3558E+02   -.3569E+02   -.3584E+02   -.3603E+02   -.3631E+02   -.3664E+02   -.3725E+02   -.3781E+02   -.3949E+02   -.3968E+02   -.4642E+02   -.5524E+02   -.6114E+02   -.4531E+02
0.1059E+04   0.1100E+02   -.3500E+02   -.3500E+02   -.3500E+02   -.3500E+02   -.3500E+02   -.3500E+02   -.3500E+02   -.3500E+02   -.3500E+02   -.3500E+02   -.3500E+02   -.3500E+02   -.3500E+02   -.3500E+02   -.3500E+02   -.3500E+02   -.3500E+02   -.3500E+02   -.3500E+02   -.3500E+02   -.3500E+02   -.3500E+02   -.3500E+02   -.3500E+02   -.3500E+02   -.3500E+02   -.3500E+02   -.3500E+02   -.3500E+02   -.3500E+02   -.3500E+02   -.3500E+02   -.3500E+02   -.3500E+02   -.3500E+02   -.3500E+02   -.3500E+02   -.3500E+02   -.3500E+02   -.3500E+02   -.3500E+02   -.3500E+02   -.3500E+02   -.3500E+02   -.3500E+02   -.3500E+02   -.3500E+02   -.3500E+02   -.3500E+02   -.3500E+02   -.3500E+02   -.3500E+02   -.3500E+02   -.3500E+02   -.3500E+02   -.3500E+02   -.3500E+02   -.3500E+02   -.3500E+02   -.3500E+02   -.3500E+02   -.3500E+02   -.3500E+02   -.3500E+02   -.3500E+02   -.3500E+02   -.3500E+02   -.3500E+02   -.3500E+02   -.3500E+02   -.3500E+02   -.3501E+02   -.3501E+02   -.3501E+02   -.3501E+02   -.3501E+02   -.3501E+02   -.3501E+02   -.3501E+02   -.3502E+02   -.3502E+02   -.3502E+02   -.3502E+02   -.3503E+02   -.3503E+02   -.3503E+02   -.3503E+02   -.3504E+02   -.3504E+02   -.3505E+02   -.3505E+02   -.3505E+02   -.3506E+02   -.3506E+02   -.3507E+02   -.3508E+02   -.3508E+02   -.3509E+02   -.3510E+02   -.3511E+02   -.3512E+02   -.3513E+02   -.3515E+02   -.3516E+02   -.3518E+02   -.3520E+02   -.3522E+02   -.3525E+02   -.3528E+02   -.3532E+02   -.3537E+02   -.3542E+02   -.3549E+02   -.3558E+02   -.3569E+02   -.3584E+02   -.3603E+02   -.3631E+02   -.3665E+02   -.3725E+02   -.3781E+02   -.3949E+02   -.3968E+02   -.4641E+02   -.5524E+02   -.6118E+02   -.4519E+02   -.4811E+02
0.1060E+04   0.1133E+02   -.3500E+02   -.3500E+02   -.3500E+02   -.3500E+02   -.3500E+02   -.3500E+02   -.3500E+02   -.3500E+02   -.3500E+02   -.3500E+02   -.3500E+02   -.3500E+02   -.3500E+02   -.3500E+02   -.3500E+02   -.3500E+02   -.3500E+02   -.3500E+02   -.3500E+02   -.3500E+02   -.3500E+02   -.3500E+02   -.3500E+02   -.3500E+02   -.3500E+02   -.3500E+02   -.3500E+02   -.3500E+02   -.3500E+02   -.3500E+02   -.3500E+02   -.3500E+02   -.3500E+02   -.3500E+02   -.3500E+02   -.3500E+02   -.3500E+02   -.3500E+02   -.3500E+02   -.3500E+02   -.3500E+02   -.3500E+02   -.3500E+02   -.3500E+02   -.3500E+02   -.3500E+02   -.3500E+02   -.3500E+02   -.3500E+02   -.3500E+02   -.3500E+02   -.3500E+02   -.3500E+02   -.3500E+02   -.3500E+02   -.3500E+02   -.3500E+02   -.3500E+02   -.3500E+02   -.3500E+02   -.3500E+02   -.3500E+02   -.3500E+02   -.3500E+02   -.3500E+02   -.3500E+02   -.3500E+02   -.3500E+02   -.3500E+02   -.3500E+02   -.3501E+02   -.3501E+02   -.3501E+02   -.3501E+02   -.3501E+02   -.3501E+02   -.3501E+02   -.3502E+02   -.3502E+02   -.3502E+02   -.3502E+02   -.3502E+02   -.3503E+02   -.3503E+02   -.3503E+02   -.3503E+02   -.3504E+02   -.3504E+02   -.3505E+02   -.3505E+02   -.3505E+02   -.3506E+02   -.3506E+02   -.3507E+02   -.3508E+02   -.3508E+02   -.3509E+02   -.3510E+02   -.3511E+02   -.3512E+02   -.3513E+02   -.3515E+02   -.3516E+02   -.3518E+02   -.3520E+02   -.3522E+02   -.3525E+02   -.3528E+02   -.3532E+02   -.3537E+02   -.3542E+02   -.3549E+02   -.3558E+02   -.3569E+02   -.3584E+02   -.3603E+02   -.3631E+02   -.3665E+02   -.3725E+02   -.3781E+02   -.3949E+02   -.3968E+02   -.4641E+02   -.5524E+02   -.6119E+02   -.4517E+02   -.4810E+02   -.4464E+02
0.1061E+04   0.1167E+02   -.3500E+02   -.3500E+02   -.3500E+02   -.3500E+02   -.3500E+02   -.3500E+02   -.3500E+02   -.3500E+02   -.3500E+02   -.3500E+02   -.3500E+02   -.3500E+02   -.3500E+02   -.3500E+02   -.3500E+02   -.3500E+02   -.3500E+02   -.3500E+02   -.3500E+02   -.3500E+02   -.3500E+02   -.3500E+02   -.3500E+02   -.3500E+02   -.3500E+02   -.3500E+02   -.3500E+02   -.3500E+02   -.3500E+02   -.3500E+02   -.3500E+02   -.3500E+02   -.3500E+02   -.3500E+02   -.3500E+02   -.3500E+02   -.3500E+02   -.3500E+02   -.3500E+02   -.3500E+02   -.3500E+02   -.3500E+02   -.3500E+02   -.3500E+02   -.3500E+02   -.3500E+02   -.3500E+02   -.3500E+02   -.3500E+02   -.3500E+02   -.3500E+02   -.3500E+02   -.3500E+02   -.3500E+02   -.3500E+02   -.3500E+02   -.3500E+02   -.3500E+02   -.3500E+02   -.3500E+02   -.3500E+02   -.3500E+02   -.3500E+02   -.3500E+02   -.3500E+02   -.3500E+02   -.3500E+02   -.3500E+02   -.3500E+02   -.3501E+02   -.3501E+02   -.3501E+02   -.3501E+02   -.3501E+02   -.3501E+02   -.3501E+02   -.3502E+02   -.3502E+02   -.3502E+02   -.3502E+02   -.3502E+02   -.3503E+02   -.3503E+02   -.3503E+02   -.3503E+02   -.3504E+02   -.3504E+02   -.3505E+02   -.3505E+02   -.3505E+02   -.3506E+02   -.3507E+02   -.3507E+02   -.3508E+02   -.3509E+02   -.3509E+02   -.3510E+02   -.3511E+02   -.3512E+02   -.3513E+02   -.3515E+02   -.3516E+02   -.3518E+02   -.3520E+02   -.3522E+02   -.3525E+02   -.3528E+02   -.3532E+02   -.3537E+02   -.3542E+02   -.3549E+02   -.3558E+02   -.3569E+02   -.3584E+02   -.3603E+02   -.3631E+02   -.3665E+02   -.3725E+02   -.3781E+02   -.3949E+02   -.3968E+02   -.4641E+02   -.5524E+02   -.6119E+02   -.4517E+02   -.4811E+02   -.4461E+02   -.4443E+02
0.1062E+04   0.1200E+02   -.3500E+02   -.3500E+02   -.3500E+02   -.3500E+02   -.3500E+02   -.3500E+02   -.3500E+02   -.3500E+02   -.3500E+02   -.3500E+02   -.3500E+02   -.3500E+02   -.3500E+02   -.3500E+02   -.3500E+02   -.3500E+02   -.3500E+02   -.3500E+02   -.3500E+02   -.3500E+02   -.3500E+02   -.3500E+02   -.3500E+02   -.3500E+02   -.3500E+02   -.3500E+02   -.3500E+02   -.3500E+02   -.3500E+02   -.3500E+02   -.3500E+02   -.3500E+02   -.3500E+02   -.3500E+02   -.3500E+02   -.3500E+02   -.3500E+02   -.3500E+02   -.3500E+02   -.3500E+02   -.3500E+02   -.3500E+02   -.3500E+02   -.3500E+02   -.3500E+02   -.3500E+02   -.3500E+02   -.3500E+02   -.3500E+02   -.3500E+02   -.3500E+02   -.3500E+02   -.3500E+02   -.3500E+02   -.3500E+02   -.3500E+02   -.3500E+02   -.3500E+02   -.3500E+02   -.3500E+02   -.3500E+02   -.3500E+02   -.3500E+02   -.3500E+02   -.3500E+02   -.3500E+02   -.3500E+02   -.3500E+02   -.3501E+02   -.3501E+02   -.3501E+02   -.3501E+02   -.3501E+02   -.3501E+02   -.3501E+02   -.3502E+02   -.3502E+02   -.3502E+02   -.3502E+02   -.3502E+02   -.3503E+02   -.3503E+02   -.3503E+02   -.3504E+02   -.3504E+02   -.3504E+02   -.3505E+02   -.3505E+02   -.3506E+02   -.3506E+02   -.3507E+02   -.3507E+02   -.3508E+02   -.3509E+02   -.3509E+02   -.3510E+02   -.3511E+02   -.3512E+02   -.3513E+02   -.3515E+02   -.3516E+02   -.3518E+02   -.3520E+02   -.3522E+02   -.3525E+02   -.3528E+02   -.3532E+02   -.3537E+02   -.3543E+02   -.3549E+02   -.3558E+02   -.3569E+02   -.3584E+02   -.3603E+02   -.3631E+02   -.3665E+02   -.3725E+02   -.3781E+02   -.3949E+02   -.3968E+02   -.4641E+02   -.5524E+02   -.6119E+02   -.4517E+02   -.4811E+02   -.4461E+02   -.4442E+02   -.4269E+02
0.1063E+04   0.1233E+02   -.3500E+02   -.3500E+02   -.3500E+02   -.3500E+02   -.3500E+02   -.3500E+02   -.3500E+02   -.3500E+02   -.3500E+02   -.3500E+02   -.3500E+02   -.3500E+02   -.3500E+02   -.3500E+02   -.3500E+02   -.3500E+02   -.3500E+02   -.3500E+02   -.3500E+02   -.3500E+02   -.3500E+02   -.3500E+02   -.3500E+02   -.3500E+02   -.3500E+02   -.3500E+02   -.3500E+02   -.3500E+02   -.3500E+02   -.3500E+02   -.3500E+02   -.3500E+02   -.3500E+02   -.3500E+02   -.3500E+02   -.3500E+02   -.3500E+02   -.3500E+02   -.3500E+02   -.3500E+02   -.3500E+02   -.3500E+02   -.3500E+02   -.3500E+02   -.3500E+02   -.3500E+02   -.3500E+02   -.3500E+02   -.3500E+02   -.3500E+02   -.3500E+02   -.3500E+02   -.3500E+02   -.3500E+02   -.3500E+02   -.3500E+02   -.3500E+02   -.3500E+02   -.3500E+02   -.3500E+02   -.3500E+02   -.3500E+02   -.3500E+02   -.3500E+02   -.3500E+02   -.3500E+02   -.3500E+02   -.3501E+02   -.3501E+02   -.3501E+02   -.3501E+02   -.3501E+02   -.3501E+02   -.3501E+02   -.3502E+02   -.3502E+02   -.3502E+02   -.3502E+02   -.3502E+02   -.3503E+02   -.3503E+02   -.3503E+02   -.3504E+02   -.3504E+02   -.3504E+02   -.3505E+02   -.3505E+02   -.3506E+02   -.3506E+02   -.3507E+02   -.3507E+02   -.3508E+02   -.3509E+02   -.3509E+02   -.3510E+02   -.3511E+02   -.3512E+02   -.3514E+02   -.3515E+02   -.3516E+02   -.3518E+02   -.3520E+02   -.3523E+02   -.3525E+02   -.3528E+02   -.3532E+02   -.3537E+02   -.3543E+02   -.3549E+02   -.3558E+02   -.3569E+02   -.3584E+02   -.3603E+02   -.3631E+02   -.3665E+02   -.3725E+02   -.3781E+02   -.3949E+02   -.3968E+02   -.4641E+02   -.5524E+02   -.6119E+02   -.4517E+02   -.4811E+02   -.4461E+02   -.4442E+02   -.4268E+02   -.4175E+02
0.1064E+04   0.1267E+02   -.3500E+02   -.3500E+02   -.3500E+02   -.3500E+02   -.3500E+02   -.3500E+02   -.3500E+02   -.3500E+02   -.3500E+02   -.3500E+02   -.3500E+02   -.3500E+02   -.3500E+02   -.3500E+02   -.3500E+02   -.3500E+02   -.3500E+02   -.3500E+02   -.3500E+02   -.3500E+02   -.3500E+02   -.3500E+02   -.3500E+02   -.3500E+02   -.3500E+02   -.3500E+02   -.3500E+02   -.3500E+02   -.3500E+02   -.3500E+02   -.3500E+02   -.3500E+02   -.3500E+02   -.3500E+02   -.3500E+02   -.3500E+02   -.3500E+02   -.3500E+02   -.3500E+02   -.3500E+02   -.3500E+02   -.3500E+02   -.3500E+02   -.3500E+02   -.3500E+02   -.3500E+02   -.3500E+02   -.3500E+02   -.3500E+02   -.3500E+02   -.3500E+02   -.3500E+02   -.3500E+02   -.3500E+02   -.3500E+02   -.3500E+02   -.3500E+02   -.3500E+02   -.3500E+02   -.3500E+02   -.3500E+02   -.3500E+02   -.3500E+02   -.3500E+02   -.3500E+02   -.3501E+02   -.3501E+02   -.3501E+02   -.3501E+02   -.3501E+02   -.3501E+02   -.3501E+02   -.3501E+02   -.3502E+02   -.3502E+02   -.3502E+02   -.3502E+02   -.3502E+02   -.3503E+02   -.3503E+02   -.3503E+02   -.3504E+02   -.3504E+02   -.3504E+02   -.3505E+02   -.3505E+02   -.3506E+02   -.3506E+02   -.3507E+02   -.3507E+02   -.3508E+02   -.3509E+02   -.3509E+02   -.3510E+02   -.3511E+02   -.3512E+02   -.3514E+02   -.3515E+02   -.3516E+02   -.3518E+02   -.3520E+02   -.3523E+02   -.3525E+02   -.3528E+02   -.3532E+02   -.3537E+02   -.3543E+02   -.3550E+02   -.3558E+02   -.3569E+02   -.3584E+02   -.3603E+02   -.3631E+02   -.3665E+02   -.3725E+02   -.3781E+02   -.3949E+02   -.3968E+02   -.4641E+02   -.5524E+02   -.6119E+02   -.4517E+02   -.4811E+02   -.4461E+02   -.4442E+02   -.4268E+02   -.4174E+02   -.4054E+02
0.1065E+04   0.1300E+02   -.3500E+02   -.3500E+02   -.3500E+02   -.3500E+02   -.3500E+02   -.3500E+02   -.3500E+02   -.3500E+02   -.3500E+02   -.3500E+02   -.3500E+02   -.3500E+02   -.3500E+02   -.3500E+02   -.3500E+02   -.3500E+02   -.3500E+02   -.3500E+02   -.3500E+02   -.3500E+02   -.3500E+02   -.3500E+02   -.3500E+02   -.3500E+02   -.3500E+02   -.3500E+02   -.3500E+02   -.3500E+02   -.3500E+02   -.3500E+02   -.3500E+02   -.3500E+02   -.3500E+02   -.3500E+02   -.3500E+02   -.3500E+02   -.3500E+02   -.3500E+02   -.3500E+02   -.3500E+02   -.3500E+02   -.3500E+02   -.3500E+02   -.3500E+02   -.3500E+02   -.3500E+02   -.3500E+02   -.3500E+02   -.3500E+02   -.3500E+02   -.3500E+02   -.3500E+02   -.3500E+02   -.3500E+02   -.3500E+02   -.3500E+02   -.3500E+02   -.3500E+02   -.3500E+02   -.3500E+02   -.3500E+02   -.3500E+02   -.3500E+02   -.3500E+02   -.3501E+02   -.3501E+02   -.3501E+02   -.3501E+02   -.3501E+02   -.3501E+02   -.3501E+02   -.3501E+02   -.3502E+02   -.3502E+02   -.3502E+02   -.3502E+02   -.3502E+02   -.3503E+02   -.3503E+02   -.3503E+02   -.3504E+02   -.3504E+02   -.3504E+02   -.3505E+02   -.3505E+02   -.3506E+02   -.3506E+02   -.3507E+02   -.3507E+02   -.3508E+02   -.3509E+02   -.3509E+02   -.3510E+02   -.3511E+02   -.3512E+02   -.3514E+02   -.3515E+02   -.3516E+02   -.3518E+02   -.3520E+02   -.3523E+02   -.3525E+02   -.3529E+02   -.3532E+02   -.3537E+02   -.3543E+02   -.3550E+02   -.3558E+02   -.3569E+02   -.3584E+02   -.3603E+02   -.3631E+02   -.3665E+02   -.3725E+02   -.3781E+02   -.3949E+02   -.3968E+02   -.4641E+02   -.5524E+02   -.6119E+02   -.4517E+02   -.4811E+02   -.4461E+02   -.4442E+02   -.4268E+02   -.4174E+02   -.4054E+02   -.3960E+02
0.1066E+04   0.1333E+02   -.3500E+02   -.3500E+02   -.3500E+02   -.3500E+02   -.3500E+02   -.3500E+02   -.3500E+02   -.3500E+02   -.3500E+02   -.3500E+02   -.3500E+02   -.3500E+02   -.3500E+02   -.3500E+02   -.3500E+02   -.3500E+02   -.3500E+02   -.3500E+02   -.3500E+02   -.3500E+02   -.3500E+02   -.3500E+02   -.3500E+02   -.3500E+02   -.3500E+02   -.3500E+02   -.3500E+02   -.3500E+02   -.3500E+02   -.3500E+02   -.3500E+02   -.3500E+02   -.3500E+02   -.3500E+02   -.3500E+02   -.3500E+02   -.3500E+02   -.3500E+02   -.3500E+02   -.3500E+02   -.3500E+02   -.3500E+02   -.3500E+02   -.3500E+02   -.3500E+02   -.3500E+02   -.3500E+02   -.3500E+02   -.3500E+02   -.3500E+02   -.3500E+02   -.3500E+02   -.3500E+02   -.3500E+02   -.3500E+02   -.3500E+02   -.3500E+02   -.3500E+02   -.3500E+02   -.3500E+02   -.3500E+02   -.3500E+02   -.3500E+02   -.3501E+02   -.3501E+02   -.3501E+02   -.3501E+02   -.3501E+02   -.3501E+02   -.3501E+02   -.3501E+02   -.3502E+02   -.3502E+02   -.3502E+02   -.3502E+02   -.3502E+02   -.3503E+02   -.3503E+02   -.3503E+02   -.3504E+02   -.3504E+02   -.3504E+02   -.3505E+02   -.3505E+02   -.3506E+02   -.3506E+02   -.3507E+02   -.3507E+02   -.3508E+02   -.3509E+02   -.3509E+02   -.3510E+02   -.3511E+02   -.3512E+02   -.3514E+02   -.3515E+02   -.3516E+02   -.3518E+02   -.3520E+02   -.3523E+02   -.3525E+02   -.3529E+02   -.3532E+02   -.3537E+02   -.3543E+02   -.3550E+02   -.3558E+02   -.3569E+02   -.3584E+02   -.3603E+02   -.3631E+02   -.3665E+02   -.3725E+02   -.3781E+02   -.3949E+02   -.3968E+02   -.4641E+02   -.5524E+02   -.6119E+02   -.4517E+02   -.4811E+02   -.4461E+02   -.4442E+02   -.4268E+02   -.4174E+02   -.4054E+02   -.3959E+02   -.3867E+02
0.1067E+04   0.1367E+02   -.3500E+02   -.3500E+02   -.3500E+02   -.3500E+02   -.3500E+02   -.3500E+02   -.3500E+02   -.3500E+02   -.3500E+02   -.3500E+02   -.3500E+02   -.3500E+02   -.3500E+02   -.3500E+02   -.3500E+02   -.3500E+02   -.3500E+02   -.3500E+02   -.3500E+02   -.3500E+02   -.3500E+02   -.3500E+02   -.3500E+02   -.3500E+02   -.3500E+02   -.3500E+02   -.3500E+02   -.3500E+02   -.3500E+02   -.3500E+02   -.3500E+02   -.3500E+02   -.3500E+02   -.3500E+02   -.3500E+02   -.3500E+02   -.3500E+02   -.3500E+02   -.3500E+02   -.3500E+02   -.3500E+02   -.3500E+02   -.3500E+02   -.3500E+02   -.3500E+02   -.3500E+02   -.3500E+02   -.3500E+02   -.3500E+02   -.3500E+02   -.3500E+02   -.3500E+02   -.3500E+02   -.3500E+02   -.3500E+02   -.3500E+02   -.3500E+02   -.3500E+02   -.3500E+02   -.3500E+02   -.3500E+02   -.3500E+02   -.3501E+02   -.3501E+02   -.3501E+02   -.3501E+02   -.3501E+02   -.3501E+02   -.3501E+02   -.3501E+02   -.3502E+02   -.3502E+02   -.3502E+02   -.3502E+02   -.3502E+02   -.3503E+02   -.3503E+02   -.3503E+02   -.3504E+02   -.3504E+02   -.3504E+02   -.3505E+02   -.3505E+02   -.3506E+02   -.3506E+02   -.3507E+02   -.3507E+02   -.3508E+02   -.3509E+02   -.3509E+02   -.3510E+02   -.3511E+02   -.3512E+02   -.3514E+02   -.3515E+02   -.3517E+02   -.3518E+02   -.3520E+02   -.3523E+02   -.3525E+02   -.3529E+02   -.3532E+02   -.3537E+02   -.3543E+02   -.3550E+02   -.3558E+02   -.3570E+02   -.3584E+02   -.3603E+02   -.3631E+02   -.3665E+02   -.3725E+02   -.3781E+02   -.3949E+02   -.3968E+02   -.4641E+02   -.5524E+02   -.6119E+02   -.4517E+02   -.4811E+02   -.4461E+02   -.4442E+02   -.4268E+02   -.4174E+02   -.4054E+02   -.3959E+02   -.3867E+02   -.3787E+02
0.1068E+04   0.1400E+02   -.3500E+02   -.3500E+02   -.3500E+02   -.3500E+02   -.3500E+02   -.3500E+02   -.3500E+02   -.3500E+02   -.3500E+02   -.3500E+02   -.3500E+02   -.3500E+02   -.3500E+02   -.3500E+02   -.3500E+02   -.3500E+02   -.3500E+02   -.3500E+02   -.3500E+02   -.3500E+02   -.3500E+02   -.3500E+02   -.3500E+02   -.3500E+02   -.3500E+02   -.3500E+02   -.3500E+02   -.3500E+02   -.3500E+02   -.3500E+02   -.3500E+02   -.3500E+02   -.3500E+02   -.3500E+02   -.3500E+02   -.3500E+02   -.3500E+02   -.3500E+02   -.3500E+02   -.3500E+02   -.3500E+02   -.3500E+02   -.3500E+02   -.3500E+02   -.3500E+02   -.3500E+02   -.3500E+02   -.3500E+02   -.3500E+02   -.3500E+02   -.3500E+02   -.3500E+02   -.3500E+02   -.3500E+02   -.3500E+02   -.3500E+02   -.3500E+02   -.3500E+02   -.3500E+02   -.3500E+02   -.3500E+02   -.3501E+02   -.3501E+02   -.3501E+02   -.3501E+02   -.3501E+02   -.3501E+02   -.3501E+02   -.3501E+02   -.3502E+02   -.3502E+02   -.3502E+02   -.3502E+02   -.3503E+02   -.3503E+02   -.3503E+02   -.3503E+02   -.3504E+02   -.3504E+02   -.3504E+02   -.3505E+02   -.3505E+02   -.3506E+02   -.3506E+02   -.3507E+02   -.3507E+02   -.3508E+02   -.3509E+02   -.3509E+02   -.3510E+02   -.3511E+02   -.3512E+02   -.3514E+02   -.3515E+02   -.3517E+02   -.3518E+02   -.3520E+02   -.3523E+02   -.3525E+02   -.3529E+02   -.3532E+02   -.3537E+02   -.3543E+02   -.3550E+02   -.3558E+02   -.3570E+02   -.3584E+02   -.3603E+02   -.3631E+02   -.3665E+02   -.3725E+02   -.3781E+02   -.3949E+02   -.3968E+02   -.4641E+02   -.5524E+02   -.6119E+02   -.4517E+02   -.4811E+02   -.4461E+02   -.4442E+02   -.4268E+02   -.4174E+02   -.4054E+02   -.3959E+02   -.3867E+02   -.3787E+02   -.3714E+02
0.1069E+04   0.1433E+02   -.3500E+02   -.3500E+02   -.3500E+02   -.3500E+02   -.3500E+02   -.3500E+02   -.3500E+02   -.3500E+02   -.3500E+02   -.3500E+02   -.3500E+02   -.3500E+02   -.3500E+02   -.3500E+02   -.3500E+02   -.3500E+02   -.3500E+02   -.3500E+02   -.3500E+02   -.3500E+02   -.3500E+02   -.3500E+02   -.3500E+02   -.3500E+02   -.3500E+02   -.3500E+02   -.3500E+02   -.3500E+02   -.3500E+02   -.3500E+02   -.3500E+02   -.3500E+02   -.3500E+02   -.3500E+02   -.3500E+02   -.3500E+02   -.3500E+02   -.3500E+02   -.3500E+02   -.3500E+02   -.3500E+02   -.3500E+02   -.3500E+02   -.3500E+02   -.3500E+02   -.3500E+02   -.3500E+02   -.3500E+02   -.3500E+02   -.3500E+02   -.3500E+02   -.3500E+02   -.3500E+02   -.3500E+02   -.3500E+02   -.3500E+02   -.3500E+02   -.3500E+02   -.3500E+02   -.3500E+02   -.3501E+02   -.3501E+02   -.3501E+02   -.3501E+02   -.3501E+02   -.3501E+02   -.3501E+02   -.3501E+02   -.3502E+02   -.3502E+02   -.3502E+02   -.3502E+02   -.3503E+02   -.3503E+02   -.3503E+02   -.3503E+02   -.3504E+02   -.3504E+02   -.3504E+02   -.3505E+02   -.3505E+02   -.3506E+02   -.3506E+02   -.3507E+02   -.3507E+02   -.3508E+02   -.3509E+02   -.3509E+02   -.3510E+02   -.3511E+02   -.3512E+02   -.3514E+02   -.3515E+02   -.3517E+02   -.3518E+02   -.3520E+02   -.3523E+02   -.3525E+02   -.3529E+02   -.3532E+02   -.3537E+02   -.3543E+02   -.3550E+02   -.3558E+02   -.3570E+02   -.3584E+02   -.3603E+02   -.3631E+02   -.3665E+02   -.3725E+02   -.3781E+02   -.3949E+02   -.3968E+02   -.4641E+02   -.5525E+02   -.6119E+02   -.4517E+02   -.4811E+02   -.4461E+02   -.4442E+02   -.4268E+02   -.4174E+02   -.4054E+02   -.3959E+02   -.3867E+02   -.3787E+02   -.3713E+02   -.3647E+02
0.1070E+04   0.1467E+02   -.3500E+02   -.3500E+02   -.3500E+02   -.3500E+02   -.3500E+02   -.3500E+02   -.3500E+02   -.3500E+02   -.3500E+02   -.3500E+02   -.3500E+02   -.3500E+02   -.3500E+02   -.3500E+02   -.3500E+02   -.3500E+02   -.3500E+02   -.3500E+02   -.3500E+02   -.3500E+02   -.3500E+02   -.3500E+02   -.3500E+02   -.3500E+02   -.3500E+02   -.3500E+02   -.3500E+02   -.3500E+02   -.3500E+02   -.3500E+02   -.3500E+02   -.3500E+02   -.3500E+02   -.3500E+02   -.3500E+02   -.3500E+02   -.3500E+02   -.3500E+02   -.3500E+02   -.3500E+02   -.3500E+02   -.3500E+02   -.3500E+02   -.3500E+02   -.3500E+02   -.3500E+02   -.3500E+02   -.3500E+02   -.3500E+02   -.3500E+02   -.3500E+02   -.3500E+02   -.3500E+02   -.3500E+02   -.3500E+02   -.3500E+02   -.3500E+02   -.3500E+02   -.3500E+02   -.3501E+02   -.3501E+02   -.3501E+02   -.3501E+02   -.3501E+02   -.3501E+02   -.3501E+02   -.3501E+02   -.3502E+02   -.3502E+02   -.3502E+02   -.3502E+02   -.3503E+02   -.3503E+02   -.3503E+02   -.3503E+02   -.3504E+02   -.3504E+02   -.3504E+02   -.3505E+02   -.3505E+02   -.3506E+02   -.3506E+02   -.3507E+02   -.3507E+02   -.3508E+02   -.3509E+02   -.3510E+02   -.3510E+02   -.3511E+02   -.3512E+02   -.3514E+02   -.3515E+02   -.3517E+02   -.3518E+02   -.3520E+02   -.3523E+02   -.3525E+02   -.3529E+02   -.3532E+02   -.3537E+02   -.3543E+02   -.3550E+02   -.3558E+02   -.3570E+02   -.3584E+02   -.3603E+02   -.3631E+02   -.3665E+02   -.3725E+02   -.3781E+02   -.3949E+02   -.3968E+02   -.4641E+02   -.5525E+02   -.6119E+02   -.4517E+02   -.4811E+02   -.4461E+02   -.4442E+02   -.4268E+02   -.4174E+02   -.4054E+02   -.3959E+02   -.3867E+02   -.3787E+02   -.3713E+02   -.3647E+02   -.3586E+02
0.1071E+04   0.1500E+02   -.3500E+02   -.3500E+02   -.3500E+02   -.3500E+02   -.3500E+02   -.3500E+02   -.3500E+02   -.3500E+02   -.3500E+02   -.3500E+02   -.3500E+02   -.3500E+02   -.3500E+02   -.3500E+02   -.3500E+02   -.3500E+02   -.3500E+02   -.3500E+02   -.3500E+02   -.3500E+02   -.3500E+02   -.3500E+02   -.3500E+02   -.3500E+02   -.3500E+02   -.3500E+02   -.3500E+02   -.3500E+02   -.3500E+02   -.3500E+02   -.3500E+02   -.3500E+02   -.3500E+02   -.3500E+02   -.3500E+02   -.3500E+02   -.3500E+02   -.3500E+02   -.3500E+02   -.3500E+02   -.3500E+02   -.3500E+02   -.3500E+02   -.3500E+02   -.3500E+02   -.3500E+02   -.3500E+02   -.3500E+02   -.3500E+02   -.3500E+02   -.3500E+02   -.3500E+02   -.3500E+02   -.3500E+02   -.3500E+02   -.3500E+02   -.3500E+02   -.3500E+02   -.3501E+02   -.3501E+02   -.3501E+02   -.3501E+02   -.3501E+02   -.3501E+02   -.3501E+02   -.3501E+02   -.3502E+02   -.3502E+02   -.3502E+02   -.3502E+02   -.3503E+02   -.3503E+02   -.3503E+02   -.3503E+02   -.3504E+02   -.3504E+02   -.3504E+02   -.3505E+02   -.3505E+02   -.3506E+02   -.3506E+02   -.3507E+02   -.3507E+02   -.3508E+02   -.3509E+02   -.3510E+02   -.3510E+02   -.3511E+02   -.3512E+02   -.3514E+02   -.3515E+02   -.3517E+02   -.3518E+02   -.3520E+02   -.3523E+02   -.3525E+02   -.3529E+02   -.3532E+02   -.3537E+02   -.3543E+02   -.3550E+02   -.3558E+02   -.3570E+02   -.3584E+02   -.3603E+02   -.3631E+02   -.3665E+02   -.3725E+02   -.3781E+02   -.3949E+02   -.3968E+02   -.4641E+02   -.5525E+02   -.6119E+02   -.4517E+02   -.4811E+02   -.4461E+02   -.4442E+02   -.4268E+02   -.4174E+02   -.4054E+02   -.3959E+02   -.3867E+02   -.3787E+02   -.3713E+02   -.3647E+02   -.3586E+02   -.3530E+02
0.1072E+04   0.1533E+02   -.3500E+02   -.3500E+02   -.3500E+02   -.3500E+02   -.3500E+02   -.3500E+02   -.3500E+02   -.3500E+02   -.3500E+02   -.3500E+02   -.3500E+02   -.3500E+02   -.3500E+02   -.3500E+02   -.3500E+02   -.3500E+02   -.3500E+02   -.3500E+02   -.3500E+02   -.3500E+02   -.3500E+02   -.3500E+02   -.3500E+02   -.3500E+02   -.3500E+02   -.3500E+02   -.3500E+02   -.3500E+02   -.3500E+02   -.3500E+02   -.3500E+02   -.3500E+02   -.3500E+02   -.3500E+02   -.3500E+02   -.3500E+02   -.3500E+02   -.3500E+02   -.3500E+02   -.3500E+02   -.3500E+02   -.3500E+02   -.3500E+02   -.3500E+02   -.3500E+02   -.3500E+02   -.3500E+02   -.3500E+02   -.3500E+02   -.3500E+02   -.3500E+02   -.3500E+02   -.3500E+02   -.3500E+02   -.3500E+02   -.3500E+02   -.3500E+02   -.3501E+02   -.3501E+02   -.3501E+02   -.3501E+02   -.3501E+02   -.3501E+02   -.3501E+02   -.3502E+02   -.3502E+02   -.3502E+02   -.3502E+02   -.3502E+02   -.3503E+02   -.3503E+02   -.3503E+02   -.3503E+02   -.3504E+02   -.3504E+02   -.3504E+02   -.3505E+02   -.3505E+02   -.3506E+02   -.3506E+02   -.3507E+02   -.3507E+02   -.3508E+02   -.3509E+02   -.3510E+02   -.3510E+02   -.3511E+02   -.3512E+02   -.3514E+02   -.3515E+02   -.3517E+02   -.3518E+02   -.3520E+02   -.3523E+02   -.3525E+02   -.3529E+02   -.3532E+02   -.3537E+02   -.3543E+02   -.3550E+02   -.3558E+02   -.3570E+02   -.3584E+02   -.3603E+02   -.3631E+02   -.3665E+02   -.3725E+02   -.3781E+02   -.3949E+02   -.3968E+02   -.4641E+02   -.5525E+02   -.6119E+02   -.4517E+02   -.4811E+02   -.4461E+02   -.4442E+02   -.4268E+02   -.4174E+02   -.4054E+02   -.3959E+02   -.3867E+02   -.3787E+02   -.3713E+02   -.3647E+02   -.3586E+02   -.3530E+02   -.3478E+02
0.1073E+04   0.1567E+02   -.3500E+02   -.3500E+02   -.3500E+02   -.3500E+02   -.3500E+02   -.3500E+02   -.3500E+02   -.3500E+02   -.3500E+02   -.3500E+02   -.3500E+02   -.3500E+02   -.3500E+02   -.3500E+02   -.3500E+02   -.3500E+02   -.3500E+02   -.3500E+02   -.3500E+02   -.3500E+02   -.3500E+02   -.3500E+02   -.3500E+02   -.3500E+02   -.3500E+02   -.3500E+02   -.3500E+02   -.3500E+02   -.3500E+02   -.3500E+02   -.3500E+02   -.3500E+02   -.3500E+02   -.3500E+02   -.3500E+02   -.3500E+02   -.3500E+02   -.3500E+02   -.3500E+02   -.3500E+02   -.3500E+02   -.3500E+02   -.3500E+02   -.3500E+02   -.3500E+02   -.3500E+02   -.3500E+02   -.3500E+02   -.3500E+02   -.3500E+02   -.3500E+02   -.3500E+02   -.3500E+02   -.3500E+02   -.3500E+02   -.3500E+02   -.3501E+02   -.3501E+02   -.3501E+02   -.3501E+02   -.3501E+02   -.3501E+02   -.3501E+02   -.3502E+02   -.3502E+02   -.3502E+02   -.3502E+02   -.3502E+02   -.3503E+02   -.3503E+02   -.3503E+02   -.3503E+02   -.3504E+02   -.3504E+02   -.3504E+02   -.3505E+02   -.3505E+02   -.3506E+02   -.3506E+02   -.3507E+02   -.3507E+02   -.3508E+02   -.3509E+02   -.3510E+02   -.3510E+02   -.3511E+02   -.3512E+02   -.3514E+02   -.3515E+02   -.3517E+02   -.3518E+02   -.3520E+02   -.3523E+02   -.3525E+02   -.3529E+02   -.3532E+02   -.3537E+02   -.3543E+02   -.3550E+02   -.3558E+02   -.3570E+02   -.3584E+02   -.3603E+02   -.3631E+02   -.3665E+02   -.3725E+02   -.3781E+02   -.3949E+02   -.3968E+02   -.4641E+02   -.5525E+02   -.6119E+02   -.4517E+02   -.4811E+02   -.4461E+02   -.4442E+02   -.4268E+02   -.4174E+02   -.4054E+02   -.3959E+02   -.3867E+02   -.3787E+02   -.3713E+02   -.3647E+02   -.3586E+02   -.3530E+02   -.3478E+02   -.3430E+02
0.1074E+04   0.1600E+02   -.3500E+02   -.3500E+02   -.3500E+02   -.3500E+02   -.3500E+02   -.3500E+02   -.3500E+02   -.3500E+02   -.3500E+02   -.3500E+02   -.3500E+02   -.3500E+02   -.3500E+02   -.3500E+02   -.3500E+02   -.3500E+02   -.3500E+02   -.3500E+02   -.3500E+02   -.3500E+02   -.3500E+02   -.3500E+02   -.3500E+02   -.3500E+02   -.3500E+02   -.3500E+02   -.3500E+02   -.3500E+02   -.3500E+02   -.3500E+02   -.3500E+02   -.3500E+02   -.3500E+02   -.3500E+02   -.3500E+02   -.3500E+02   -.3500E+02   -.3500E+02   -.3500E+02   -.3500E+02   -.3500E+02   -.3500E+02   -.3500E+02   -.3500E+02   -.3500E+02   -.3500E+02   -.3500E+02   -.3500E+02   -.3500E+02   -.3500E+02   -.3500E+02   -.3500E+02   -.3500E+02   -.3500E+02   -.3500E+02   -.3501E+02   -.3501E+02   -.3501E+02   -.3501E+02   -.3501E+02   -.3501E+02   -.3501E+02   -.3502E+02   -.3502E+02   -.3502E+02   -.3502E+02   -.3502E+02   -.3503E+02   -.3503E+02   -.3503E+02   -.3503E+02   -.3504E+02   -.3504E+02   -.3504E+02   -.3505E+02   -.3505E+02   -.3506E+02   -.3506E+02   -.3507E+02   -.3507E+02   -.3508E+02   -.3509E+02   -.3510E+02   -.3510E+02   -.3511E+02   -.3512E+02   -.3514E+02   -.3515E+02   -.3517E+02   -.3518E+02   -.3520E+02   -.3523E+02   -.3525E+02   -.3529E+02   -.3532E+02   -.3537E+02   -.3543E+02   -.3550E+02   -.3558E+02   -.3570E+02   -.3584E+02   -.3603E+02   -.3631E+02   -.3665E+02   -.3725E+02   -.3781E+02   -.3949E+02   -.3968E+02   -.4641E+02   -.5525E+02   -.6119E+02   -.4517E+02   -.4811E+02   -.4461E+02   -.4442E+02   -.4268E+02   -.4174E+02   -.4054E+02   -.3959E+02   -.3867E+02   -.3787E+02   -.3713E+02   -.3647E+02   -.3586E+02   -.3530E+02   -.3478E+02   -.3430E+02   -.3385E+02
0.1075E+04   0.1633E+02   -.3500E+02   -.3500E+02   -.3500E+02   -.3500E+02   -.3500E+02   -.3500E+02   -.3500E+02   -.3500E+02   -.3500E+02   -.3500E+02   -.3500E+02   -.3500E+02   -.3500E+02   -.3500E+02   -.3500E+02   -.3500E+02   -.3500E+02   -.3500E+02   -.3500E+02   -.3500E+02   -.3500E+02   -.3500E+02   -.3500E+02   -.3500E+02   -.3500E+02   -.3500E+02   -.3500E+02   -.3500E+02   -.3500E+02   -.3500E+02   -.3500E+02   -.3500E+02   -.3500E+02   -.3500E+02   -.3500E+02   -.3500E+02   -.3500E+02   -.3500E+02   -.3500E+02   -.3500E+02   -.3500E+02   -.3500E+02   -.3500E+02   -.3500E+02   -.3500E+02   -.3500E+02   -.3500E+02   -.3500E+02   -.3500E+02   -.3500E+02   -.3500E+02   -.3500E+02   -.3500E+02   -.3500E+02   -.3501E+02   -.3501E+02   -.3501E+02   -.3501E+02   -.3501E+02   -.3501E+02   -.3501E+02   -.3502E+02   -.3502E+02   -.3502E+02   -.3502E+02   -.3502E+02   -.3503E+02   -.3503E+02   -.3503E+02   -.3503E+02   -.3504E+02   -.3504E+02   -.3504E+02   -.3505E+02   -.3505E+02   -.3506E+02   -.3506E+02   -.3507E+02   -.3507E+02   -.3508E+02   -.3509E+02   -.3510E+02   -.3510E+02   -.3511E+02   -.3512E+02   -.3514E+02   -.3515E+02   -.3517E+02   -.3518E+02   -.3520E+02   -.3523E+02   -.3525E+02   -.3529E+02   -.3532E+02   -.3537E+02   -.3543E+02   -.3550E+02   -.3558E+02   -.3570E+02   -.3584E+02   -.3603E+02   -.3631E+02   -.3665E+02   -.3725E+02   -.3781E+02   -.3950E+02   -.3968E+02   -.4641E+02   -.5525E+02   -.6119E+02   -.4517E+02   -.4811E+02   -.4461E+02   -.4442E+02   -.4268E+02   -.4174E+02   -.4054E+02   -.3959E+02   -.3867E+02   -.3787E+02   -.3713E+02   -.3647E+02   -.3586E+02   -.3530E+02   -.3478E+02   -.3430E+02   -.3385E+02   -.3343E+02
0.1076E+04   0.1667E+02   -.3500E+02   -.3500E+02   -.3500E+02   -.3500E+02   -.3500E+02   -.3500E+02   -.3500E+02   -.3500E+02   -.3500E+02   -.3500E+02   -.3500E+02   -.3500E+02   -.3500E+02   -.3500E+02   -.3500E+02   -.3500E+02   -.3500E+02   -.3500E+02   -.3500E+02   -.3500E+02   -.3500E+02   -.3500E+02   -.3500E+02   -.3500E+02   -.3500E+02   -.3500E+02   -.3500E+02   -.3500E+02   -.3500E+02   -.3500E+02   -.3500E+02   -.3500E+02   -.3500E+02   -.3500E+02   -.3500E+02   -.3500E+02   -.3500E+02   -.3500E+02   -.3500E+02   -.3500E+02   -.3500E+02   -.3500E+02   -.3500E+02   -.3500E+02   -.3500E+02   -.3500E+02   -.3500E+02   -.3500E+02   -.3500E+02   -.3500E+02   -.3500E+02   -.3500E+02   -.3500E+02   -.3501E+02   -.3501E+02   -.3501E+02   -.3501E+02   -.3501E+02   -.3501E+02   -.3501E+02   -.3502E+02   -.3502E+02   -.3502E+02   -.3502E+02   -.3502E+02   -.3503E+02   -.3503E+02   -.3503E+02   -.3503E+02   -.3504E+02   -.3504E+02   -.3504E+02   -.3505E+02   -.3505E+02   -.3506E+02   -.3506E+02   -.3507E+02   -.3507E+02   -.3508E+02   -.3509E+02   -.3510E+02   -.3510E+02   -.3511E+02   -.3512E+02   -.3514E+02   -.3515E+02   -.3517E+02   -.3518E+02   -.3520E+02   -.3523E+02   -.3525E+02   -.3529E+02   -.3532E+02   -.3537E+02   -.3543E+02   -.3550E+02   -.3558E+02   -.3570E+02   -.3584E+02   -.3603E+02   -.3631E+02   -.3665E+02   -.3725E+02   -.3781E+02   -.3950E+02   -.3968E+02   -.4641E+02   -.5525E+02   -.6119E+02   -.4517E+02   -.4811E+02   -.4461E+02   -.4442E+02   -.4268E+02   -.4174E+02   -.4054E+02   -.3959E+02   -.3867E+02   -.3787E+02   -.3713E+02   -.3647E+02   -.3586E+02   -.3530E+02   -.3478E+02   -.3430E+02   -.3385E+02   -.3343E+02   -.3304E+02
0.1077E+04   0.1700E+02   -.3500E+02   -.3500E+02   -.3500E+02   -.3500E+02   -.3500E+02   -.3500E+02   -.3500E+02   -.3500E+02   -.3500E+02   -.3500E+02   -.3500E+02   -.3500E+02   -.3500E+02   -.3500E+02   -.3500E+02   -.3500E+02   -.3500E+02   -.3500E+02   -.3500E+02   -.3500E+02   -.3500E+02   -.3500E+02   -.3500E+02   -.3500E+02   -.3500E+02   -.3500E+02   -.3500E+02   -.3500E+02   -.3500E+02   -.3500E+02   -.3500E+02   -.3500E+02   -.3500E+02   -.3500E+02   -.3500E+02   -.3500E+02   -.3500E+02   -.3500E+02   -.3500E+02   -.3500E+02   -.3500E+02   -.3500E+02   -.3500E+02   -.3500E+02   -.3500E+02   -.3500E+02   -.3500E+02   -.3500E+02   -.3500E+02   -.3500E+02   -.3500E+02   -.3500E+02   -.3501E+02   -.3501E+02   -.3501E+02   -.3501E+02   -.3501E+02   -.3501E+02   -.3501E+02   -.3502E+02   -.3502E+02   -.3502E+02   -.3502E+02   -.3502E+02   -.3503E+02   -.3503E+02   -.3503E+02   -.3503E+02   -.3504E+02   -.3504E+02   -.3504E+02   -.3505E+02   -.3505E+02   -.3506E+02   -.3506E+02   -.3507E+02   -.3507E+02   -.3508E+02   -.3509E+02   -.3510E+02   -.3510E+02   -.3511E+02   -.3512E+02   -.3514E+02   -.3515E+02   -.3517E+02   -.3518E+02   -.3520E+02   -.3523E+02   -.3525E+02   -.3529E+02   -.3532E+02   -.3537E+02   -.3543E+02   -.3550E+02   -.3558E+02   -.3570E+02   -.3584E+02   -.3603E+02   -.3631E+02   -.3665E+02   -.3725E+02   -.3781E+02   -.3950E+02   -.3968E+02   -.4641E+02   -.5525E+02   -.6119E+02   -.4517E+02   -.4811E+02   -.4461E+02   -.4442E+02   -.4268E+02   -.4174E+02   -.4054E+02   -.3959E+02   -.3867E+02   -.3787E+02   -.3713E+02   -.3647E+02   -.3586E+02   -.3530E+02   -.3478E+02   -.3430E+02   -.3385E+02   -.3343E+02   -.3304E+02   -.3268E+02
0.1078E+04   0.1733E+02   -.3500E+02   -.3500E+02   -.3500E+02   -.3500E+02   -.3500E+02   -.3500E+02   -.3500E+02   -.3500E+02   -.3500E+02   -.3500E+02   -.3500E+02   -.3500E+02   -.3500E+02   -.3500E+02   -.3500E+02   -.3500E+02   -.3500E+02   -.3500E+02   -.3500E+02   -.3500E+02   -.3500E+02   -.3500E+02   -.3500E+02   -.3500E+02   -.3500E+02   -.3500E+02   -.3500E+02   -.3500E+02   -.3500E+02   -.3500E+02   -.3500E+02   -.3500E+02   -.3500E+02   -.3500E+02   -.3500E+02   -.3500E+02   -.3500E+02   -.3500E+02   -.3500E+02   -.3500E+02   -.3500E+02   -.3500E+02   -.3500E+02   -.3500E+02   -.3500E+02   -.3500E+02   -.3500E+02   -.3500E+02   -.3500E+02   -.3500E+02   -.3500E+02   -.3501E+02   -.3501E+02   -.3501E+02   -.3501E+02   -.3501E+02   -.3501E+02   -.3501E+02   -.3502E+02   -.3502E+02   -.3502E+02   -.3502E+02   -.3502E+02   -.3503E+02   -.3503E+02   -.3503E+02   -.3503E+02   -.3504E+02   -.3504E+02   -.3504E+02   -.3505E+02   -.3505E+02   -.3506E+02   -.3506E+02   -.3507E+02   -.3507E+02   -.3508E+02   -.3509E+02   -.3510E+02   -.3510E+02   -.3511E+02   -.3512E+02   -.3514E+02   -.3515E+02   -.3517E+02   -.3518E+02   -.3520E+02   -.3523E+02   -.3525E+02   -.3529E+02   -.3532E+02   -.3537E+02   -.3543E+02   -.3550E+02   -.3558E+02   -.3570E+02   -.3584E+02   -.3603E+02   -.3631E+02   -.3665E+02   -.3725E+02   -.3781E+02   -.3949E+02   -.3968E+02   -.4641E+02   -.5525E+02   -.6120E+02   -.4518E+02   -.4811E+02   -.4461E+02   -.4442E+02   -.4268E+02   -.4174E+02   -.4054E+02   -.3959E+02   -.3867E+02   -.3787E+02   -.3713E+02   -.3647E+02   -.3586E+02   -.3530E+02   -.3478E+02   -.3430E+02   -.3385E+02   -.3343E+02   -.3304E+02   -.3268E+02   -.3234E+02
0.1079E+04   0.1767E+02   -.3500E+02   -.3500E+02   -.3500E+02   -.3500E+02   -.3500E+02   -.3500E+02   -.3500E+02   -.3500E+02   -.3500E+02   -.3500E+02   -.3500E+02   -.3500E+02   -.3500E+02   -.3500E+02   -.3500E+02   -.3500E+02   -.3500E+02   -.3500E+02   -.3500E+02   -.3500E+02   -.3500E+02   -.3500E+02   -.3500E+02   -.3500E+02   -.3500E+02   -.3500E+02   -.3500E+02   -.3500E+02   -.3500E+02   -.3500E+02   -.3500E+02   -.3500E+02   -.3500E+02   -.3500E+02   -.3500E+02   -.3500E+02   -.3500E+02   -.3500E+02   -.3500E+02   -.3500E+02   -.3500E+02   -.3500E+02   -.3500E+02   -.3500E+02   -.3500E+02   -.3500E+02   -.3500E+02   -.3500E+02   -.3500E+02   -.3501E+02   -.3501E+02   -.3501E+02   -.3501E+02   -.3501E+02   -.3501E+02   -.3501E+02   -.3501E+02   -.3502E+02   -.3502E+02   -.3502E+02   -.3502E+02   -.3502E+02   -.3503E+02   -.3503E+02   -.3503E+02   -.3503E+02   -.3504E+02   -.3504E+02   -.3504E+02   -.3505E+02   -.3505E+02   -.3506E+02   -.3506E+02   -.3507E+02   -.3507E+02   -.3508E+02   -.3509E+02   -.3510E+02   -.3510E+02   -.3511E+02   -.3512E+02   -.3514E+02   -.3515E+02   -.3517E+02   -.3518E+02   -.3520E+02   -.3523E+02   -.3525E+02   -.3529E+02   -.3532E+02   -.3537E+02   -.3543E+02   -.3550E+02   -.3558E+02   -.3570E+02   -.3584E+02   -.3603E+02   -.3631E+02   -.3665E+02   -.3725E+02   -.3781E+02   -.3949E+02   -.3968E+02   -.4641E+02   -.5525E+02   -.6120E+02   -.4518E+02   -.4811E+02   -.4461E+02   -.4442E+02   -.4268E+02   -.4174E+02   -.4054E+02   -.3959E+02   -.3867E+02   -.3787E+02   -.3713E+02   -.3647E+02   -.3586E+02   -.3530E+02   -.3478E+02   -.3430E+02   -.3385E+02   -.3343E+02   -.3304E+02   -.3268E+02   -.3234E+02   -.3203E+02
0.1080E+04   0.1800E+02   -.3500E+02   -.3500E+02   -.3500E+02   -.3500E+02   -.3500E+02   -.3500E+02   -.3500E+02   -.3500E+02   -.3500E+02   -.3500E+02   -.3500E+02   -.3500E+02   -.3500E+02   -.3500E+02   -.3500E+02   -.3500E+02   -.3500E+02   -.3500E+02   -.3500E+02   -.3500E+02   -.3500E+02   -.3500E+02   -.3500E+02   -.3500E+02   -.3500E+02   -.3500E+02   -.3500E+02   -.3500E+02   -.3500E+02   -.3500E+02   -.3500E+02   -.3500E+02   -.3500E+02   -.3500E+02   -.3500E+02   -.3500E+02   -.3500E+02   -.3500E+02   -.3500E+02   -.3500E+02   -.3500E+02   -.3500E+02   -.3500E+02   -.3500E+02   -.3500E+02   -.3500E+02   -.3500E+02   -.3500E+02   -.3501E+02   -.3501E+02   -.3501E+02   -.3501E+02   -.3501E+02   -.3501E+02   -.3501E+02   -.3501E+02   -.3502E+02   -.3502E+02   -.3502E+02   -.3502E+02   -.3502E+02   -.3503E+02   -.3503E+02   -.3503E+02   -.3503E+02   -.3504E+02   -.3504E+02   -.3504E+02   -.3505E+02   -.3505E+02   -.3506E+02   -.3506E+02   -.3507E+02   -.3507E+02   -.3508E+02   -.3509E+02   -.3510E+02   -.3510E+02   -.3511E+02   -.3512E+02   -.3514E+02   -.3515E+02   -.3517E+02   -.3518E+02   -.3520E+02   -.3523E+02   -.3525E+02   -.3529E+02   -.3532E+02   -.3537E+02   -.3543E+02   -.3550E+02   -.3558E+02   -.3570E+02   -.3584E+02   -.3603E+02   -.3631E+02   -.3665E+02   -.3725E+02   -.3781E+02   -.3949E+02   -.3968E+02   -.4641E+02   -.5525E+02   -.6120E+02   -.4518E+02   -.4811E+02   -.4461E+02   -.4442E+02   -.4268E+02   -.4174E+02   -.4054E+02   -.3959E+02   -.3867E+02   -.3787E+02   -.3713E+02   -.3647E+02   -.3586E+02   -.3530E+02   -.3478E+02   -.3430E+02   -.3385E+02   -.3343E+02   -.3304E+02   -.3268E+02   -.3234E+02   -.3203E+02   -.3173E+02
0.1081E+04   0.1833E+02   -.3500E+02   -.3500E+02   -.3500E+02   -.3500E+02   -.3500E+02   -.3500E+02   -.3500E+02   -.3500E+02   -.3500E+02   -.3500E+02   -.3500E+02   -.3500E+02   -.3500E+02   -.3500E+02   -.3500E+02   -.3500E+02   -.3500E+02   -.3500E+02   -.3500E+02   -.3500E+02   -.3500E+02   -.3500E+02   -.3500E+02   -.3500E+02   -.3500E+02   -.3500E+02   -.3500E+02   -.3500E+02   -.3500E+02   -.3500E+02   -.3500E+02   -.3500E+02   -.3500E+02   -.3500E+02   -.3500E+02   -.3500E+02   -.3500E+02   -.3500E+02   -.3500E+02   -.3500E+02   -.3500E+02   -.3500E+02   -.3500E+02   -.3500E+02   -.3500E+02   -.3500E+02   -.3500E+02   -.3501E+02   -.3501E+02   -.3501E+02   -.3501E+02   -.3501E+02   -.3501E+02   -.3501E+02   -.3501E+02   -.3502E+02   -.3502E+02   -.3502E+02   -.3502E+02   -.3502E+02   -.3503E+02   -.3503E+02   -.3503E+02   -.3503E+02   -.3504E+02   -.3504E+02   -.3504E+02   -.3505E+02   -.3505E+02   -.3506E+02   -.3506E+02   -.3507E+02   -.3507E+02   -.3508E+02   -.3509E+02   -.3510E+02   -.3510E+02   -.3511E+02   -.3512E+02   -.3514E+02   -.3515E+02   -.3517E+02   -.3518E+02   -.3520E+02   -.3523E+02   -.3525E+02   -.3529E+02   -.3532E+02   -.3537E+02   -.3543E+02   -.3550E+02   -.3558E+02   -.3570E+02   -.3584E+02   -.3603E+02   -.3631E+02   -.3665E+02   -.3725E+02   -.3781E+02   -.3949E+02   -.3968E+02   -.4641E+02   -.5525E+02   -.6120E+02   -.4518E+02   -.4811E+02   -.4461E+02   -.4442E+02   -.4268E+02   -.4174E+02   -.4054E+02   -.3959E+02   -.3867E+02   -.3787E+02   -.3713E+02   -.3647E+02   -.3586E+02   -.3530E+02   -.3478E+02   -.3430E+02   -.3385E+02   -.3343E+02   -.3304E+02   -.3268E+02   -.3234E+02   -.3203E+02   -.3173E+02   -.3145E+02
0.1082E+04   0.1867E+02   -.3500E+02   -.3500E+02   -.3500E+02   -.3500E+02   -.3500E+02   -.3500E+02   -.3500E+02   -.3500E+02   -.3500E+02   -.3500E+02   -.3500E+02   -.3500E+02   -.3500E+02   -.3500E+02   -.3500E+02   -.3500E+02   -.3500E+02   -.3500E+02   -.3500E+02   -.3500E+02   -.3500E+02   -.3500E+02   -.3500E+02   -.3500E+02   -.3500E+02   -.3500E+02   -.3500E+02   -.3500E+02   -.3500E+02   -.3500E+02   -.3500E+02   -.3500E+02   -.3500E+02   -.3500E+02   -.3500E+02   -.3500E+02   -.3500E+02   -.3500E+02   -.3500E+02   -.3500E+02   -.3500E+02   -.3500E+02   -.3500E+02   -.3500E+02   -.3500E+02   -.3500E+02   -.3501E+02   -.3501E+02   -.3501E+02   -.3501E+02   -.3501E+02   -.3501E+02   -.3501E+02   -.3501E+02   -.3502E+02   -.3502E+02   -.3502E+02   -.3502E+02   -.3502E+02   -.3503E+02   -.3503E+02   -.3503E+02   -.3503E+02   -.3504E+02   -.3504E+02   -.3504E+02   -.3505E+02   -.3505E+02   -.3506E+02   -.3506E+02   -.3507E+02   -.3507E+02   -.3508E+02   -.3509E+02   -.3510E+02   -.3510E+02   -.3511E+02   -.3512E+02   -.3514E+02   -.3515E+02   -.3517E+02   -.3518E+02   -.3520E+02   -.3523E+02   -.3525E+02   -.3529E+02   -.3532E+02   -.3537E+02   -.3543E+02   -.3550E+02   -.3558E+02   -.3570E+02   -.3584E+02   -.3603E+02   -.3631E+02   -.3665E+02   -.3725E+02   -.3781E+02   -.3949E+02   -.3968E+02   -.4641E+02   -.5525E+02   -.6120E+02   -.4518E+02   -.4811E+02   -.4461E+02   -.4442E+02   -.4268E+02   -.4174E+02   -.4054E+02   -.3959E+02   -.3867E+02   -.3787E+02   -.3713E+02   -.3647E+02   -.3586E+02   -.3530E+02   -.3478E+02   -.3430E+02   -.3385E+02   -.3343E+02   -.3304E+02   -.3268E+02   -.3234E+02   -.3203E+02   -.3173E+02   -.3145E+02   -.3120E+02
0.1083E+04   0.1900E+02   -.3500E+02   -.3500E+02   -.3500E+02   -.3500E+02   -.3500E+02   -.3500E+02   -.3500E+02   -.3500E+02   -.3500E+02   -.3500E+02   -.3500E+02   -.3500E+02   -.3500E+02   -.3500E+02   -.3500E+02   -.3500E+02   -.3500E+02   -.3500E+02   -.3500E+02   -.3500E+02   -.3500E+02   -.3500E+02   -.3500E+02   -.3500E+02   -.3500E+02   -.3500E+02   -.3500E+02   -.3500E+02   -.3500E+02   -.3500E+02   -.3500E+02   -.3500E+02   -.3500E+02   -.3500E+02   -.3500E+02   -.3500E+02   -.3500E+02   -.3500E+02   -.3500E+02   -.3500E+02   -.3500E+02   -.3500E+02   -.3500E+02   -.3500E+02   -.3500E+02   -.3501E+02   -.3501E+02   -.3501E+02   -.3501E+02   -.3501E+02   -.3501E+02   -.3501E+02   -.3501E+02   -.3502E+02   -.3502E+02   -.3502E+02   -.3502E+02   -.3502E+02   -.3503E+02   -.3503E+02   -.3503E+02   -.3503E+02   -.3504E+02   -.3504E+02   -.3504E+02   -.3505E+02   -.3505E+02   -.3506E+02   -.3506E+02   -.3507E+02   -.3507E+02   -.3508E+02   -.3509E+02   -.3510E+02   -.3510E+02   -.3511E+02   -.3512E+02   -.3514E+02   -.3515E+02   -.3517E+02   -.3518E+02   -.3520E+02   -.3523E+02   -.3525E+02   -.3529E+02   -.3532E+02   -.3537E+02   -.3543E+02   -.3550E+02   -.3558E+02   -.3570E+02   -.3584E+02   -.3603E+02   -.3631E+02   -.3665E+02   -.3725E+02   -.3781E+02   -.3949E+02   -.3968E+02   -.4641E+02   -.5525E+02   -.6120E+02   -.4518E+02   -.4811E+02   -.4461E+02   -.4442E+02   -.4268E+02   -.4174E+02   -.4054E+02   -.3959E+02   -.3867E+02   -.3787E+02   -.3713E+02   -.3647E+02   -.3586E+02   -.3530E+02   -.3478E+02   -.3430E+02   -.3385E+02   -.3343E+02   -.3304E+02   -.3268E+02   -.3234E+02   -.3203E+02   -.3173E+02   -.3146E+02   -.3120E+02   -.3095E+02
0.1084E+04   0.1933E+02   -.3500E+02   -.3500E+02   -.3500E+02   -.3500E+02   -.3500E+02   -.3500E+02   -.3500E+02   -.3500E+02   -.3500E+02   -.3500E+02   -.3500E+02   -.3500E+02   -.3500E+02   -.3500E+02   -.3500E+02   -.3500E+02   -.3500E+02   -.3500E+02   -.3500E+02   -.3500E+02   -.3500E+02   -.3500E+02   -.3500E+02   -.3500E+02   -.3500E+02   -.3500E+02   -.3500E+02   -.3500E+02   -.3500E+02   -.3500E+02   -.3500E+02   -.3500E+02   -.3500E+02   -.3500E+02   -.3500E+02   -.3500E+02   -.3500E+02   -.3500E+02   -.3500E+02   -.3500E+02   -.3500E+02   -.3500E+02   -.3500E+02   -.3500E+02   -.3501E+02   -.3501E+02   -.3501E+02   -.3501E+02   -.3501E+02   -.3501E+02   -.3501E+02   -.3501E+02   -.3502E+02   -.3502E+02   -.3502E+02   -.3502E+02   -.3502E+02   -.3503E+02   -.3503E+02   -.3503E+02   -.3503E+02   -.3504E+02   -.3504E+02   -.3504E+02   -.3505E+02   -.3505E+02   -.3506E+02   -.3506E+02   -.3507E+02   -.3507E+02   -.3508E+02   -.3509E+02   -.3510E+02   -.3510E+02   -.3511E+02   -.3512E+02   -.3514E+02   -.3515E+02   -.3517E+02   -.3518E+02   -.3520E+02   -.3523E+02   -.3525E+02   -.3529E+02   -.3532E+02   -.3537E+02   -.3543E+02   -.3550E+02   -.3558E+02   -.3570E+02   -.3584E+02   -.3603E+02   -.3631E+02   -.3665E+02   -.3725E+02   -.3781E+02   -.3949E+02   -.3968E+02   -.4641E+02   -.5525E+02   -.6120E+02   -.4518E+02   -.4811E+02   -.4461E+02   -.4442E+02   -.4268E+02   -.4174E+02   -.4054E+02   -.3959E+02   -.3867E+02   -.3787E+02   -.3713E+02   -.3647E+02   -.3586E+02   -.3530E+02   -.3478E+02   -.3430E+02   -.3385E+02   -.3343E+02   -.3304E+02   -.3268E+02   -.3234E+02   -.3203E+02   -.3173E+02   -.3146E+02   -.3120E+02   -.3095E+02   -.3072E+02
0.1085E+04   0.1967E+02   -.3500E+02   -.3500E+02   -.3500E+02   -.3500E+02   -.3500E+02   -.3500E+02   -.3500E+02   -.3500E+02   -.3500E+02   -.3500E+02   -.3500E+02   -.3500E+02   -.3500E+02   -.3500E+02   -.3500E+02   -.3500E+02   -.3500E+02   -.3500E+02   -.3500E+02   -.3500E+02   -.3500E+02   -.3500E+02   -.3500E+02   -.3500E+02   -.3500E+02   -.3500E+02   -.3500E+02   -.3500E+02   -.3500E+02   -.3500E+02   -.3500E+02   -.3500E+02   -.3500E+02   -.3500E+02   -.3500E+02   -.3500E+02   -.3500E+02   -.3500E+02   -.3500E+02   -.3500E+02   -.3500E+02   -.3500E+02   -.3500E+02   -.3501E+02   -.3501E+02   -.3501E+02   -.3501E+02   -.3501E+02   -.3501E+02   -.3501E+02   -.3501E+02   -.3502E+02   -.3502E+02   -.3502E+02   -.3502E+02   -.3502E+02   -.3503E+02   -.3503E+02   -.3503E+02   -.3503E+02   -.3504E+02   -.3504E+02   -.3504E+02   -.3505E+02   -.3505E+02   -.3506E+02   -.3506E+02   -.3507E+02   -.3507E+02   -.3508E+02   -.3509E+02   -.3510E+02   -.3510E+02   -.3511E+02   -.3512E+02   -.3514E+02   -.3515E+02   -.3517E+02   -.3518E+02   -.3520E+02   -.3523E+02   -.3525E+02   -.3529E+02   -.3532E+02   -.3537E+02   -.3543E+02   -.3550E+02   -.3558E+02   -.3570E+02   -.3584E+02   -.3603E+02   -.3631E+02   -.3665E+02   -.3725E+02   -.3781E+02   -.3949E+02   -.3968E+02   -.4641E+02   -.5525E+02   -.6120E+02   -.4518E+02   -.4811E+02   -.4461E+02   -.4442E+02   -.4268E+02   -.4174E+02   -.4054E+02   -.3959E+02   -.3867E+02   -.3787E+02   -.3713E+02   -.3647E+02   -.3586E+02   -.3530E+02   -.3478E+02   -.3430E+02   -.3385E+02   -.3343E+02   -.3304E+02   -.3268E+02   -.3234E+02   -.3203E+02   -.3173E+02   -.3146E+02   -.3120E+02   -.3095E+02   -.3072E+02   -.3051E+02
0.1086E+04   0.2000E+02   -.3500E+02   -.3500E+02   -.3500E+02   -.3500E+02   -.3500E+02   -.3500E+02   -.3500E+02   -.3500E+02   -.3500E+02   -.3500E+02   -.3500E+02   -.3500E+02   -.3500E+02   -.3500E+02   -.3500E+02   -.3500E+02   -.3500E+02   -.3500E+02   -.3500E+02   -.3500E+02   -.3500E+02   -.3500E+02   -.3500E+02   -.3500E+02   -.3500E+02   -.3500E+02   -.3500E+02   -.3500E+02   -.3500E+02   -.3500E+02   -.3500E+02   -.3500E+02   -.3500E+02   -.3500E+02   -.3500E+02   -.3500E+02   -.3500E+02   -.3500E+02   -.3500E+02   -.3500E+02   -.3500E+02   -.3500E+02   -.3501E+02   -.3501E+02   -.3501E+02   -.3501E+02   -.3501E+02   -.3501E+02   -.3501E+02   -.3501E+02   -.3502E+02   -.3502E+02   -.3502E+02   -.3502E+02   -.3502E+02   -.3503E+02   -.3503E+02   -.3503E+02   -.3503E+02   -.3504E+02   -.3504E+02   -.3504E+02   -.3505E+02   -.3505E+02   -.3506E+02   -.3506E+02   -.3507E+02   -.3507E+02   -.3508E+02   -.3509E+02   -.3510E+02   -.3510E+02   -.3511E+02   -.3512E+02   -.3514E+02   -.3515E+02   -.3517E+02   -.3518E+02   -.3520E+02   -.3523E+02   -.3525E+02   -.3529E+02   -.3532E+02   -.3537E+02   -.3543E+02   -.3550E+02   -.3558E+02   -.3570E+02   -.3584E+02   -.3603E+02   -.3631E+02   -.3665E+02   -.3725E+02   -.3781E+02   -.3949E+02   -.3968E+02   -.4641E+02   -.5525E+02   -.6120E+02   -.4518E+02   -.4811E+02   -.4461E+02   -.4442E+02   -.4268E+02   -.4174E+02   -.4054E+02   -.3959E+02   -.3867E+02   -.3787E+02   -.3713E+02   -.3647E+02   -.3586E+02   -.3530E+02   -.3478E+02   -.3430E+02   -.3385E+02   -.3343E+02   -.3304E+02   -.3268E+02   -.3234E+02   -.3203E+02   -.3173E+02   -.3146E+02   -.3120E+02   -.3095E+02   -.3072E+02   -.3051E+02   -.3031E+02
0.1087E+04   0.2033E+02   -.3500E+02   -.3500E+02   -.3500E+02   -.3500E+02   -.3500E+02   -.3500E+02   -.3500E+02   -.3500E+02   -.3500E+02   -.3500E+02   -.3500E+02   -.3500E+02   -.3500E+02   -.3500E+02   -.3500E+02   -.3500E+02   -.3500E+02   -.3500E+02   -.3500E+02   -.3500E+02   -.3500E+02   -.3500E+02   -.3500E+02   -.3500E+02   -.3500E+02   -.3500E+02   -.3500E+02   -.3500E+02   -.3500E+02   -.3500E+02   -.3500E+02   -.3500E+02   -.3500E+02   -.3500E+02   -.3500E+02   -.3500E+02   -.3500E+02   -.3500E+02   -.3500E+02   -.3500E+02   -.3500E+02   -.3501E+02   -.3501E+02   -.3501E+02   -.3501E+02   -.3501E+02   -.3501E+02   -.3501E+02   -.3501E+02   -.3502E+02   -.3502E+02   -.3502E+02   -.3502E+02   -.3502E+02   -.3503E+02   -.3503E+02   -.3503E+02   -.3503E+02   -.3504E+02   -.3504E+02   -.3504E+02   -.3505E+02   -.3505E+02   -.3506E+02   -.3506E+02   -.3507E+02   -.3507E+02   -.3508E+02   -.3509E+02   -.3510E+02   -.3510E+02   -.3511E+02   -.3512E+02   -.3514E+02   -.3515E+02   -.3517E+02   -.3518E+02   -.3520E+02   -.3523E+02   -.3525E+02   -.3529E+02   -.3532E+02   -.3537E+02   -.3543E+02   -.3550E+02   -.3558E+02   -.3570E+02   -.3584E+02   -.3603E+02   -.3631E+02   -.3665E+02   -.3725E+02   -.3781E+02   -.3949E+02   -.3968E+02   -.4641E+02   -.5525E+02   -.6120E+02   -.4518E+02   -.4811E+02   -.4461E+02   -.4442E+02   -.4268E+02   -.4174E+02   -.4054E+02   -.3959E+02   -.3867E+02   -.3787E+02   -.3713E+02   -.3647E+02   -.3586E+02   -.3530E+02   -.3478E+02   -.3430E+02   -.3385E+02   -.3343E+02   -.3304E+02   -.3268E+02   -.3234E+02   -.3203E+02   -.3173E+02   -.3146E+02   -.3120E+02   -.3095E+02   -.3072E+02   -.3051E+02   -.3031E+02   -.3012E+02
0.1088E+04   0.2067E+02   -.3500E+02   -.3500E+02   -.3500E+02   -.3500E+02   -.3500E+02   -.3500E+02   -.3500E+02   -.3500E+02   -.3500E+02   -.3500E+02   -.3500E+02   -.3500E+02   -.3500E+02   -.3500E+02   -.3500E+02   -.3500E+02   -.3500E+02   -.3500E+02   -.3500E+02   -.3500E+02   -.3500E+02   -.3500E+02   -.3500E+02   -.3500E+02   -.3500E+02   -.3500E+02   -.3500E+02   -.3500E+02   -.3500E+02   -.3500E+02   -.3500E+02   -.3500E+02   -.3500E+02   -.3500E+02   -.3500E+02   -.3500E+02   -.3500E+02   -.3500E+02   -.3500E+02   -.3500E+02   -.3501E+02   -.3501E+02   -.3501E+02   -.3501E+02   -.3501E+02   -.3501E+02   -.3501E+02   -.3501E+02   -.3502E+02   -.3502E+02   -.3502E+02   -.3502E+02   -.3502E+02   -.3503E+02   -.3503E+02   -.3503E+02   -.3503E+02   -.3504E+02   -.3504E+02   -.3504E+02   -.3505E+02   -.3505E+02   -.3506E+02   -.3506E+02   -.3507E+02   -.3507E+02   -.3508E+02   -.3509E+02   -.3510E+02   -.3510E+02   -.3511E+02   -.3512E+02   -.3514E+02   -.3515E+02   -.3517E+02   -.3518E+02   -.3520E+02   -.3523E+02   -.3525E+02   -.3529E+02   -.3532E+02   -.3537E+02   -.3543E+02   -.3550E+02   -.3558E+02   -.3570E+02   -.3584E+02   -.3603E+02   -.3631E+02   -.3665E+02   -.3725E+02   -.3781E+02   -.3949E+02   -.3968E+02   -.4641E+02   -.5525E+02   -.6120E+02   -.4518E+02   -.4811E+02   -.4461E+02   -.4442E+02   -.4268E+02   -.4174E+02   -.4054E+02   -.3959E+02   -.3867E+02   -.3787E+02   -.3713E+02   -.3647E+02   -.3586E+02   -.3530E+02   -.3478E+02   -.3430E+02   -.3385E+02   -.3343E+02   -.3304E+02   -.3268E+02   -.3234E+02   -.3203E+02   -.3173E+02   -.3146E+02   -.3120E+02   -.3095E+02   -.3072E+02   -.3051E+02   -.3031E+02   -.3012E+02   -.2994E+02
0.1089E+04   0.2100E+02   -.3500E+02   -.3500E+02   -.3500E+02   -.3500E+02   -.3500E+02   -.3500E+02   -.3500E+02   -.3500E+02   -.3500E+02   -.3500E+02   -.3500E+02   -.3500E+02   -.3500E+02   -.3500E+02   -.3500E+02   -.3500E+02   -.3500E+02   -.3500E+02   -.3500E+02   -.3500E+02   -.3500E+02   -.3500E+02   -.3500E+02   -.3500E+02   -.3500E+02   -.3500E+02   -.3500E+02   -.3500E+02   -.3500E+02   -.3500E+02   -.3500E+02   -.3500E+02   -.3500E+02   -.3500E+02   -.3500E+02   -.3500E+02   -.3500E+02   -.3500E+02   -.3500E+02   -.3501E+02   -.3501E+02   -.3501E+02   -.3501E+02   -.3501E+02   -.3501E+02   -.3501E+02   -.3501E+02   -.3502E+02   -.3502E+02   -.3502E+02   -.3502E+02   -.3502E+02   -.3503E+02   -.3503E+02   -.3503E+02   -.3503E+02   -.3504E+02   -.3504E+02   -.3504E+02   -.3505E+02   -.3505E+02   -.3506E+02   -.3506E+02   -.3507E+02   -.3507E+02   -.3508E+02   -.3509E+02   -.3510E+02   -.3510E+02   -.3511E+02   -.3512E+02   -.3514E+02   -.3515E+02   -.3517E+02   -.3518E+02   -.3520E+02   -.3523E+02   -.3525E+02   -.3529E+02   -.3532E+02   -.3537E+02   -.3543E+02   -.3550E+02   -.3558E+02   -.3570E+02   -.3584E+02   -.3603E+02   -.3631E+02   -.3665E+02   -.3725E+02   -.3781E+02   -.3949E+02   -.3968E+02   -.4641E+02   -.5525E+02   -.6120E+02   -.4518E+02   -.4811E+02   -.4461E+02   -.4442E+02   -.4268E+02   -.4174E+02   -.4054E+02   -.3959E+02   -.3867E+02   -.3787E+02   -.3713E+02   -.3647E+02   -.3586E+02   -.3530E+02   -.3478E+02   -.3430E+02   -.3385E+02   -.3343E+02   -.3304E+02   -.3268E+02   -.3234E+02   -.3203E+02   -.3173E+02   -.3146E+02   -.3120E+02   -.3095E+02   -.3072E+02   -.3051E+02   -.3031E+02   -.3012E+02   -.2994E+02   -.2977E+02
0.1090E+04   0.2133E+02   -.3500E+02   -.3500E+02   -.3500E+02   -.3500E+02   -.3500E+02   -.3500E+02   -.3500E+02   -.3500E+02   -.3500E+02   -.3500E+02   -.3500E+02   -.3500E+02   -.3500E+02   -.3500E+02   -.3500E+02   -.3500E+02   -.3500E+02   -.3500E+02   -.3500E+02   -.3500E+02   -.3500E+02   -.3500E+02   -.3500E+02   -.3500E+02   -.3500E+02   -.3500E+02   -.3500E+02   -.3500E+02   -.3500E+02   -.3500E+02   -.3500E+02   -.3500E+02   -.3500E+02   -.3500E+02   -.3500E+02   -.3500E+02   -.3500E+02   -.3501E+02   -.3501E+02   -.3501E+02   -.3501E+02   -.3501E+02   -.3501E+02   -.3501E+02   -.3501E+02   -.3501E+02   -.3502E+02   -.3502E+02   -.3502E+02   -.3502E+02   -.3502E+02   -.3503E+02   -.3503E+02   -.3503E+02   -.3503E+02   -.3504E+02   -.3504E+02   -.3504E+02   -.3505E+02   -.3505E+02   -.3506E+02   -.3506E+02   -.3507E+02   -.3507E+02   -.3508E+02   -.3509E+02   -.3510E+02   -.3510E+02   -.3511E+02   -.3512E+02   -.3514E+02   -.3515E+02   -.3517E+02   -.3518E+02   -.3520E+02   -.3523E+02   -.3525E+02   -.3529E+02   -.3532E+02   -.3537E+02   -.3543E+02   -.3550E+02   -.3558E+02   -.3570E+02   -.3584E+02   -.3603E+02   -.3631E+02   -.3665E+02   -.3725E+02   -.3781E+02   -.3949E+02   -.3968E+02   -.4641E+02   -.5525E+02   -.6120E+02   -.4518E+02   -.4811E+02   -.4461E+02   -.4442E+02   -.4268E+02   -.4174E+02   -.4054E+02   -.3959E+02   -.3867E+02   -.3787E+02   -.3713E+02   -.3647E+02   -.3586E+02   -.3530E+02   -.3478E+02   -.3430E+02   -.3385E+02   -.3343E+02   -.3304E+02   -.3268E+02   -.3234E+02   -.3203E+02   -.3173E+02   -.3146E+02   -.3120E+02   -.3095E+02   -.3072E+02   -.3051E+02   -.3031E+02   -.3012E+02   -.2994E+02   -.2977E+02   -.2961E+02
0.1091E+04   0.2167E+02   -.3500E+02   -.3500E+02   -.3500E+02   -.3500E+02   -.3500E+02   -.3500E+02   -.3500E+02   -.3500E+02   -.3500E+02   -.3500E+02   -.3500E+02   -.3500E+02   -.3500E+02   -.3500E+02   -.3500E+02   -.3500E+02   -.3500E+02   -.3500E+02   -.3500E+02   -.3500E+02   -.3500E+02   -.3500E+02   -.3500E+02   -.3500E+02   -.3500E+02   -.3500E+02   -.3500E+02   -.3500E+02   -.3500E+02   -.3500E+02   -.3500E+02   -.3500E+02   -.3500E+02   -.3500E+02   -.3500E+02   -.3500E+02   -.3501E+02   -.3501E+02   -.3501E+02   -.3501E+02   -.3501E+02   -.3501E+02   -.3501E+02   -.3501E+02   -.3501E+02   -.3502E+02   -.3502E+02   -.3502E+02   -.3502E+02   -.3502E+02   -.3503E+02   -.3503E+02   -.3503E+02   -.3503E+02   -.3504E+02   -.3504E+02   -.3504E+02   -.3505E+02   -.3505E+02   -.3506E+02   -.3506E+02   -.3507E+02   -.3507E+02   -.3508E+02   -.3509E+02   -.3510E+02   -.3510E+02   -.3511E+02   -.3512E+02   -.3514E+02   -.3515E+02   -.3517E+02   -.3518E+02   -.3520E+02   -.3523E+02   -.3525E+02   -.3529E+02   -.3532E+02   -.3537E+02   -.3543E+02   -.3550E+02   -.3558E+02   -.3570E+02   -.3584E+02   -.3603E+02   -.3631E+02   -.3665E+02   -.3725E+02   -.3781E+02   -.3949E+02   -.3968E+02   -.4641E+02   -.5525E+02   -.6120E+02   -.4518E+02   -.4811E+02   -.4461E+02   -.4442E+02   -.4268E+02   -.4174E+02   -.4054E+02   -.3959E+02   -.3867E+02   -.3787E+02   -.3713E+02   -.3647E+02   -.3586E+02   -.3530E+02   -.3478E+02   -.3430E+02   -.3385E+02   -.3343E+02   -.3304E+02   -.3268E+02   -.3234E+02   -.3203E+02   -.3173E+02   -.3146E+02   -.3120E+02   -.3095E+02   -.3072E+02   -.3051E+02   -.3031E+02   -.3012E+02   -.2994E+02   -.2977E+02   -.2961E+02   -.2946E+02
0.1092E+04   0.2200E+02   -.3500E+02   -.3500E+02   -.3500E+02   -.3500E+02   -.3500E+02   -.3500E+02   -.3500E+02   -.3500E+02   -.3500E+02   -.3500E+02   -.3500E+02   -.3500E+02   -.3500E+02   -.3500E+02   -.3500E+02   -.3500E+02   -.3500E+02   -.3500E+02   -.3500E+02   -.3500E+02   -.3500E+02   -.3500E+02   -.3500E+02   -.3500E+02   -.3500E+02   -.3500E+02   -.3500E+02   -.3500E+02   -.3500E+02   -.3500E+02   -.3500E+02   -.3500E+02   -.3500E+02   -.3500E+02   -.3500E+02   -.3501E+02   -.3501E+02   -.3501E+02   -.3501E+02   -.3501E+02   -.3501E+02   -.3501E+02   -.3501E+02   -.3501E+02   -.3502E+02   -.3502E+02   -.3502E+02   -.3502E+02   -.3502E+02   -.3503E+02   -.3503E+02   -.3503E+02   -.3503E+02   -.3504E+02   -.3504E+02   -.3504E+02   -.3505E+02   -.3505E+02   -.3506E+02   -.3506E+02   -.3507E+02   -.3507E+02   -.3508E+02   -.3509E+02   -.3510E+02   -.3510E+02   -.3511E+02   -.3512E+02   -.3514E+02   -.3515E+02   -.3517E+02   -.3518E+02   -.3520E+02   -.3523E+02   -.3525E+02   -.3529E+02   -.3532E+02   -.3537E+02   -.3543E+02   -.3550E+02   -.3558E+02   -.3570E+02   -.3584E+02   -.3603E+02   -.3631E+02   -.3665E+02   -.3725E+02   -.3781E+02   -.3949E+02   -.3968E+02   -.4641E+02   -.5525E+02   -.6120E+02   -.4518E+02   -.4811E+02   -.4461E+02   -.4442E+02   -.4268E+02   -.4174E+02   -.4054E+02   -.3959E+02   -.3867E+02   -.3787E+02   -.3713E+02   -.3647E+02   -.3586E+02   -.3530E+02   -.3478E+02   -.3430E+02   -.3385E+02   -.3343E+02   -.3304E+02   -.3268E+02   -.3234E+02   -.3203E+02   -.3173E+02   -.3146E+02   -.3120E+02   -.3095E+02   -.3072E+02   -.3051E+02   -.3031E+02   -.3012E+02   -.2994E+02   -.2977E+02   -.2961E+02   -.2946E+02   -.2931E+02
0.1093E+04   0.2233E+02   -.3500E+02   -.3500E+02   -.3500E+02   -.3500E+02   -.3500E+02   -.3500E+02   -.3500E+02   -.3500E+02   -.3500E+02   -.3500E+02   -.3500E+02   -.3500E+02   -.3500E+02   -.3500E+02   -.3500E+02   -.3500E+02   -.3500E+02   -.3500E+02   -.3500E+02   -.3500E+02   -.3500E+02   -.3500E+02   -.3500E+02   -.3500E+02   -.3500E+02   -.3500E+02   -.3500E+02   -.3500E+02   -.3500E+02   -.3500E+02   -.3500E+02   -.3500E+02   -.3500E+02   -.3500E+02   -.3501E+02   -.3501E+02   -.3501E+02   -.3501E+02   -.3501E+02   -.3501E+02   -.3501E+02   -.3501E+02   -.3501E+02   -.3502E+02   -.3502E+02   -.3502E+02   -.3502E+02   -.3502E+02   -.3503E+02   -.3503E+02   -.3503E+02   -.3503E+02   -.3504E+02   -.3504E+02   -.3504E+02   -.3505E+02   -.3505E+02   -.3506E+02   -.3506E+02   -.3507E+02   -.3507E+02   -.3508E+02   -.3509E+02   -.3510E+02   -.3510E+02   -.3511E+02   -.3512E+02   -.3514E+02   -.3515E+02   -.3517E+02   -.3518E+02   -.3520E+02   -.3523E+02   -.3525E+02   -.3529E+02   -.3532E+02   -.3537E+02   -.3543E+02   -.3550E+02   -.3558E+02   -.3570E+02   -.3584E+02   -.3603E+02   -.3631E+02   -.3665E+02   -.3725E+02   -.3781E+02   -.3949E+02   -.3968E+02   -.4641E+02   -.5525E+02   -.6120E+02   -.4518E+02   -.4811E+02   -.4461E+02   -.4442E+02   -.4268E+02   -.4174E+02   -.4054E+02   -.3959E+02   -.3867E+02   -.3787E+02   -.3713E+02   -.3647E+02   -.3586E+02   -.3530E+02   -.3478E+02   -.3430E+02   -.3385E+02   -.3343E+02   -.3304E+02   -.3268E+02   -.3234E+02   -.3203E+02   -.3173E+02   -.3146E+02   -.3120E+02   -.3095E+02   -.3072E+02   -.3051E+02   -.3031E+02   -.3012E+02   -.2994E+02   -.2977E+02   -.2961E+02   -.2946E+02   -.2931E+02   -.2918E+02
0.1094E+04   0.2267E+02   -.3500E+02   -.3500E+02   -.3500E+02   -.3500E+02   -.3500E+02   -.3500E+02   -.3500E+02   -.3500E+02   -.3500E+02   -.3500E+02   -.3500E+02   -.3500E+02   -.3500E+02   -.3500E+02   -.3500E+02   -.3500E+02   -.3500E+02   -.3500E+02   -.3500E+02   -.3500E+02   -.3500E+02   -.3500E+02   -.3500E+02   -.3500E+02   -.3500E+02   -.3500E+02   -.3500E+02   -.3500E+02   -.3500E+02   -.3500E+02   -.3500E+02   -.3500E+02   -.3500E+02   -.3501E+02   -.3501E+02   -.3501E+02   -.3501E+02   -.3501E+02   -.3501E+02   -.3501E+02   -.3501E+02   -.3501E+02   -.3502E+02   -.3502E+02   -.3502E+02   -.3502E+02   -.3502E+02   -.3503E+02   -.3503E+02   -.3503E+02   -.3503E+02   -.3504E+02   -.3504E+02   -.3504E+02   -.3505E+02   -.3505E+02   -.3506E+02   -.3506E+02   -.3507E+02   -.3507E+02   -.3508E+02   -.3509E+02   -.3510E+02   -.3510E+02   -.3511E+02   -.3512E+02   -.3514E+02   -.3515E+02   -.3517E+02   -.3518E+02   -.3520E+02   -.3523E+02   -.3525E+02   -.3529E+02   -.3532E+02   -.3537E+02   -.3543E+02   -.3550E+02   -.3558E+02   -.3569E+02   -.3584E+02   -.3603E+02   -.3631E+02   -.3665E+02   -.3725E+02   -.3781E+02   -.3949E+02   -.3968E+02   -.4641E+02   -.5525E+02   -.6120E+02   -.4518E+02   -.4811E+02   -.4461E+02   -.4442E+02   -.4268E+02   -.4174E+02   -.4054E+02   -.3959E+02   -.3867E+02   -.3787E+02   -.3713E+02   -.3647E+02   -.3586E+02   -.3530E+02   -.3478E+02   -.3430E+02   -.3385E+02   -.3343E+02   -.3304E+02   -.3268E+02   -.3234E+02   -.3203E+02   -.3173E+02   -.3146E+02   -.3120E+02   -.3095E+02   -.3072E+02   -.3051E+02   -.3031E+02   -.3012E+02   -.2994E+02   -.2977E+02   -.2961E+02   -.2946E+02   -.2931E+02   -.2918E+02   -.2905E+02
0.1095E+04   0.2300E+02   -.3500E+02   -.3500E+02   -.3500E+02   -.3500E+02   -.3500E+02   -.3500E+02   -.3500E+02   -.3500E+02   -.3500E+02   -.3500E+02   -.3500E+02   -.3500E+02   -.3500E+02   -.3500E+02   -.3500E+02   -.3500E+02   -.3500E+02   -.3500E+02   -.3500E+02   -.3500E+02   -.3500E+02   -.3500E+02   -.3500E+02   -.3500E+02   -.3500E+02   -.3500E+02   -.3500E+02   -.3500E+02   -.3500E+02   -.3500E+02   -.3500E+02   -.3501E+02   -.3501E+02   -.3501E+02   -.3501E+02   -.3501E+02   -.3501E+02   -.3501E+02   -.3501E+02   -.3501E+02   -.3501E+02   -.3502E+02   -.3502E+02   -.3502E+02   -.3502E+02   -.3502E+02   -.3503E+02   -.3503E+02   -.3503E+02   -.3503E+02   -.3504E+02   -.3504E+02   -.3504E+02   -.3505E+02   -.3505E+02   -.3506E+02   -.3506E+02   -.3507E+02   -.3507E+02   -.3508E+02   -.3509E+02   -.3510E+02   -.3510E+02   -.3511E+02   -.3512E+02   -.3514E+02   -.3515E+02   -.3517E+02   -.3518E+02   -.3520E+02   -.3523E+02   -.3525E+02   -.3529E+02   -.3532E+02   -.3537E+02   -.3543E+02   -.3550E+02   -.3558E+02   -.3569E+02   -.3584E+02   -.3603E+02   -.3631E+02   -.3665E+02   -.3725E+02   -.3781E+02   -.3949E+02   -.3968E+02   -.4641E+02   -.5525E+02   -.6120E+02   -.4518E+02   -.4811E+02   -.4461E+02   -.4442E+02   -.4268E+02   -.4174E+02   -.4054E+02   -.3959E+02   -.3867E+02   -.3787E+02   -.3713E+02   -.3647E+02   -.3586E+02   -.3530E+02   -.3478E+02   -.3430E+02   -.3385E+02   -.3343E+02   -.3304E+02   -.3268E+02   -.3234E+02   -.3203E+02   -.3173E+02   -.3146E+02   -.3120E+02   -.3095E+02   -.3072E+02   -.3051E+02   -.3031E+02   -.3012E+02   -.2994E+02   -.2977E+02   -.2961E+02   -.2946E+02   -.2931E+02   -.2918E+02   -.2905E+02   -.2893E+02
0.1096E+04   0.2333E+02   -.3500E+02   -.3500E+02   -.3500E+02   -.3500E+02   -.3500E+02   -.3500E+02   -.3500E+02   -.3500E+02   -.3500E+02   -.3500E+02   -.3500E+02   -.3500E+02   -.3500E+02   -.3500E+02   -.3500E+02   -.3500E+02   -.3500E+02   -.3500E+02   -.3500E+02   -.3500E+02   -.3500E+02   -.3500E+02   -.3500E+02   -.3500E+02   -.3500E+02   -.3500E+02   -.3500E+02   -.3500E+02   -.3500E+02   -.3500E+02   -.3501E+02   -.3501E+02   -.3501E+02   -.3501E+02   -.3501E+02   -.3501E+02   -.3501E+02   -.3501E+02   -.3501E+02   -.3501E+02   -.3502E+02   -.3502E+02   -.3502E+02   -.3502E+02   -.3502E+02   -.3503E+02   -.3503E+02   -.3503E+02   -.3503E+02   -.3504E+02   -.3504E+02   -.3504E+02   -.3505E+02   -.3505E+02   -.3506E+02   -.3506E+02   -.3507E+02   -.3507E+02   -.3508E+02   -.3509E+02   -.3510E+02   -.3510E+02   -.3511E+02   -.3512E+02   -.3514E+02   -.3515E+02   -.3517E+02   -.3518E+02   -.3520E+02   -.3523E+02   -.3525E+02   -.3529E+02   -.3532E+02   -.3537E+02   -.3543E+02   -.3550E+02   -.3558E+02   -.3569E+02   -.3584E+02   -.3603E+02   -.3631E+02   -.3665E+02   -.3725E+02   -.3781E+02   -.3949E+02   -.3968E+02   -.4641E+02   -.5525E+02   -.6120E+02   -.4518E+02   -.4811E+02   -.4461E+02   -.4442E+02   -.4268E+02   -.4174E+02   -.4054E+02   -.3959E+02   -.3867E+02   -.3787E+02   -.3713E+02   -.3647E+02   -.3586E+02   -.3530E+02   -.3478E+02   -.3430E+02   -.3385E+02   -.3343E+02   -.3304E+02   -.3268E+02   -.3234E+02   -.3203E+02   -.3173E+02   -.3146E+02   -.3120E+02   -.3095E+02   -.3072E+02   -.3051E+02   -.3031E+02   -.3012E+02   -.2994E+02   -.2977E+02   -.2961E+02   -.2946E+02   -.2931E+02   -.2918E+02   -.2905E+02   -.2893E+02   -.2881E+02
0.1097E+04   0.2367E+02   -.3500E+02   -.3500E+02   -.3500E+02   -.3500E+02   -.3500E+02   -.3500E+02   -.3500E+02   -.3500E+02   -.3500E+02   -.3500E+02   -.3500E+02   -.3500E+02   -.3500E+02   -.3500E+02   -.3500E+02   -.3500E+02   -.3500E+02   -.3500E+02   -.3500E+02   -.3500E+02   -.3500E+02   -.3500E+02   -.3500E+02   -.3500E+02   -.3500E+02   -.3500E+02   -.3500E+02   -.3500E+02   -.3500E+02   -.3501E+02   -.3501E+02   -.3501E+02   -.3501E+02   -.3501E+02   -.3501E+02   -.3501E+02   -.3501E+02   -.3501E+02   -.3501E+02   -.3502E+02   -.3502E+02   -.3502E+02   -.3502E+02   -.3502E+02   -.3503E+02   -.3503E+02   -.3503E+02   -.3503E+02   -.3504E+02   -.3504E+02   -.3504E+02   -.3505E+02   -.3505E+02   -.3506E+02   -.3506E+02   -.3507E+02   -.3507E+02   -.3508E+02   -.3509E+02   -.3510E+02   -.3510E+02   -.3511E+02   -.3512E+02   -.3514E+02   -.3515E+02   -.3517E+02   -.3518E+02   -.3520E+02   -.3523E+02   -.3525E+02   -.3529E+02   -.3532E+02   -.3537E+02   -.3543E+02   -.3550E+02   -.3558E+02   -.3569E+02   -.3584E+02   -.3603E+02   -.3631E+02   -.3665E+02   -.3725E+02   -.3781E+02   -.3949E+02   -.3968E+02   -.4641E+02   -.5525E+02   -.6120E+02   -.4518E+02   -.4811E+02   -.4461E+02   -.4442E+02   -.4268E+02   -.4174E+02   -.4054E+02   -.3959E+02   -.3867E+02   -.3787E+02   -.3713E+02   -.3647E+02   -.3586E+02   -.3530E+02   -.3478E+02   -.3430E+02   -.3385E+02   -.3343E+02   -.3304E+02   -.3268E+02   -.3234E+02   -.3203E+02   -.3173E+02   -.3146E+02   -.3120E+02   -.3095E+02   -.3072E+02   -.3051E+02   -.3031E+02   -.3012E+02   -.2994E+02   -.2977E+02   -.2961E+02   -.2946E+02   -.2931E+02   -.2918E+02   -.2905E+02   -.2893E+02   -.2881E+02   -.2870E+02
0.1098E+04   0.2400E+02   -.3500E+02   -.3500E+02   -.3500E+02   -.3500E+02   -.3500E+02   -.3500E+02   -.3500E+02   -.3500E+02   -.3500E+02   -.3500E+02   -.3500E+02   -.3500E+02   -.3500E+02   -.3500E+02   -.3500E+02   -.3500E+02   -.3500E+02   -.3500E+02   -.3500E+02   -.3500E+02   -.3500E+02   -.3500E+02   -.3500E+02   -.3500E+02   -.3500E+02   -.3500E+02   -.3500E+02   -.3500E+02   -.3501E+02   -.3501E+02   -.3501E+02   -.3501E+02   -.3501E+02   -.3501E+02   -.3501E+02   -.3501E+02   -.3501E+02   -.3502E+02   -.3502E+02   -.3502E+02   -.3502E+02   -.3502E+02   -.3502E+02   -.3503E+02   -.3503E+02   -.3503E+02   -.3503E+02   -.3504E+02   -.3504E+02   -.3504E+02   -.3505E+02   -.3505E+02   -.3506E+02   -.3506E+02   -.3507E+02   -.3507E+02   -.3508E+02   -.3509E+02   -.3510E+02   -.3510E+02   -.3511E+02   -.3512E+02   -.3514E+02   -.3515E+02   -.3517E+02   -.3518E+02   -.3520E+02   -.3523E+02   -.3525E+02   -.3529E+02   -.3532E+02   -.3537E+02   -.3543E+02   -.3550E+02   -.3558E+02   -.3569E+02   -.3584E+02   -.3603E+02   -.3631E+02   -.3665E+02   -.3725E+02   -.3781E+02   -.3949E+02   -.3968E+02   -.4641E+02   -.5525E+02   -.6120E+02   -.4518E+02   -.4811E+02   -.4461E+02   -.4442E+02   -.4268E+02   -.4174E+02   -.4054E+02   -.3959E+02   -.3867E+02   -.3787E+02   -.3713E+02   -.3647E+02   -.3586E+02   -.3530E+02   -.3478E+02   -.3430E+02   -.3385E+02   -.3343E+02   -.3304E+02   -.3268E+02   -.3234E+02   -.3203E+02   -.3173E+02   -.3146E+02   -.3120E+02   -.3095E+02   -.3072E+02   -.3051E+02   -.3031E+02   -.3012E+02   -.2994E+02   -.2977E+02   -.2961E+02   -.2946E+02   -.2931E+02   -.2918E+02   -.2905E+02   -.2893E+02   -.2881E+02   -.2870E+02   -.2860E+02
0.1099E+04   0.2433E+02   -.3500E+02   -.3500E+02   -.3500E+02   -.3500E+02   -.3500E+02   -.3500E+02   -.3500E+02   -.3500E+02   -.3500E+02   -.3500E+02   -.3500E+02   -.3500E+02   -.3500E+02   -.3500E+02   -.3500E+02   -.3500E+02   -.3500E+02   -.3500E+02   -.3500E+02   -.3500E+02   -.3500E+02   -.3500E+02   -.3500E+02   -.3500E+02   -.3500E+02   -.3500E+02   -.3501E+02   -.3501E+02   -.3501E+02   -.3501E+02   -.3501E+02   -.3501E+02   -.3501E+02   -.3501E+02   -.3501E+02   -.3501E+02   -.3502E+02   -.3502E+02   -.3502E+02   -.3502E+02   -.3502E+02   -.3502E+02   -.3503E+02   -.3503E+02   -.3503E+02   -.3503E+02   -.3504E+02   -.3504E+02   -.3504E+02   -.3505E+02   -.3505E+02   -.3506E+02   -.3506E+02   -.3507E+02   -.3507E+02   -.3508E+02   -.3509E+02   -.3510E+02   -.3510E+02   -.3511E+02   -.3512E+02   -.3514E+02   -.3515E+02   -.3517E+02   -.3518E+02   -.3520E+02   -.3523E+02   -.3525E+02   -.3529E+02   -.3532E+02   -.3537E+02   -.3543E+02   -.3550E+02   -.3558E+02   -.3569E+02   -.3584E+02   -.3603E+02   -.3631E+02   -.3665E+02   -.3725E+02   -.3781E+02   -.3949E+02   -.3968E+02   -.4641E+02   -.5525E+02   -.6120E+02   -.4518E+02   -.4811E+02   -.4461E+02   -.4442E+02   -.4268E+02   -.4174E+02   -.4054E+02   -.3959E+02   -.3867E+02   -.3787E+02   -.3713E+02   -.3647E+02   -.3586E+02   -.3530E+02   -.3478E+02   -.3430E+02   -.3385E+02   -.3343E+02   -.3304E+02   -.3268E+02   -.3234E+02   -.3203E+02   -.3173E+02   -.3146E+02   -.3120E+02   -.3095E+02   -.3072E+02   -.3051E+02   -.3031E+02   -.3012E+02   -.2994E+02   -.2977E+02   -.2961E+02   -.2946E+02   -.2931E+02   -.2918E+02   -.2905E+02   -.2893E+02   -.2881E+02   -.2870E+02   -.2860E+02   -.2850E+02
0.1100E+04   0.2467E+02   -.3500E+02   -.3500E+02   -.3500E+02   -.3500E+02   -.3500E+02   -.3500E+02   -.3500E+02   -.3500E+02   -.3500E+02   -.3500E+02   -.3500E+02   -.3500E+02   -.3500E+02   -.3500E+02   -.3500E+02   -.3500E+02   -.3500E+02   -.3500E+02   -.3500E+02   -.3500E+02   -.3500E+02   -.3500E+02   -.3500E+02   -.3500E+02   -.3500E+02   -.3501E+02   -.3501E+02   -.3501E+02   -.3501E+02   -.3501E+02   -.3501E+02   -.3501E+02   -.3501E+02   -.3501E+02   -.3501E+02   -.3502E+02   -.3502E+02   -.3502E+02   -.3502E+02   -.3502E+02   -.3502E+02   -.3503E+02   -.3503E+02   -.3503E+02   -.3503E+02   -.3504E+02   -.3504E+02   -.3504E+02   -.3505E+02   -.3505E+02   -.3506E+02   -.3506E+02   -.3507E+02   -.3507E+02   -.3508E+02   -.3509E+02   -.3510E+02   -.3510E+02   -.3511E+02   -.3512E+02   -.3514E+02   -.3515E+02   -.3517E+02   -.3518E+02   -.3520E+02   -.3523E+02   -.3525E+02   -.3529E+02   -.3532E+02   -.3537E+02   -.3543E+02   -.3550E+02   -.3558E+02   -.3569E+02   -.3584E+02   -.3603E+02   -.3631E+02   -.3665E+02   -.3725E+02   -.3781E+02   -.3949E+02   -.3968E+02   -.4641E+02   -.5525E+02   -.6120E+02   -.4518E+02   -.4811E+02   -.4461E+02   -.4442E+02   -.4268E+02   -.4174E+02   -.4054E+02   -.3959E+02   -.3867E+02   -.3787E+02   -.3713E+02   -.3647E+02   -.3586E+02   -.3530E+02   -.3478E+02   -.3430E+02   -.3385E+02   -.3343E+02   -.3304E+02   -.3268E+02   -.3234E+02   -.3203E+02   -.3173E+02   -.3146E+02   -.3120E+02   -.3095E+02   -.3072E+02   -.3051E+02   -.3031E+02   -.3012E+02   -.2994E+02   -.2977E+02   -.2961E+02   -.2946E+02   -.2931E+02   -.2918E+02   -.2905E+02   -.2893E+02   -.2881E+02   -.2870E+02   -.2860E+02   -.2850E+02   -.2841E+02
0.1101E+04   0.2500E+02   -.3500E+02   -.3500E+02   -.3500E+02   -.3500E+02   -.3500E+02   -.3500E+02   -.3500E+02   -.3500E+02   -.3500E+02   -.3500E+02   -.3500E+02   -.3500E+02   -.3500E+02   -.3500E+02   -.3500E+02   -.3500E+02   -.3500E+02   -.3500E+02   -.3500E+02   -.3500E+02   -.3500E+02   -.3500E+02   -.3500E+02   -.3500E+02   -.3501E+02   -.3501E+02   -.3501E+02   -.3501E+02   -.3501E+02   -.3501E+02   -.3501E+02   -.3501E+02   -.3501E+02   -.3501E+02   -.3502E+02   -.3502E+02   -.3502E+02   -.3502E+02   -.3502E+02   -.3502E+02   -.3503E+02   -.3503E+02   -.3503E+02   -.3503E+02   -.3504E+02   -.3504E+02   -.3504E+02   -.3505E+02   -.3505E+02   -.3506E+02   -.3506E+02   -.3507E+02   -.3507E+02   -.3508E+02   -.3509E+02   -.3510E+02   -.3510E+02   -.3511E+02   -.3512E+02   -.3514E+02   -.3515E+02   -.3517E+02   -.3518E+02   -.3520E+02   -.3523E+02   -.3525E+02   -.3529E+02   -.3532E+02   -.3537E+02   -.3543E+02   -.3550E+02   -.3558E+02   -.3569E+02   -.3584E+02   -.3603E+02   -.3631E+02   -.3665E+02   -.3725E+02   -.3781E+02   -.3949E+02   -.3968E+02   -.4641E+02   -.5525E+02   -.6120E+02   -.4518E+02   -.4811E+02   -.4461E+02   -.4442E+02   -.4268E+02   -.4174E+02   -.4054E+02   -.3959E+02   -.3867E+02   -.3787E+02   -.3713E+02   -.3647E+02   -.3586E+02   -.3530E+02   -.3478E+02   -.3430E+02   -.3385E+02   -.3343E+02   -.3304E+02   -.3268E+02   -.3234E+02   -.3203E+02   -.3173E+02   -.3146E+02   -.3120E+02   -.3095E+02   -.3072E+02   -.3051E+02   -.3031E+02   -.3012E+02   -.2994E+02   -.2977E+02   -.2961E+02   -.2946E+02   -.2931E+02   -.2918E+02   -.2905E+02   -.2893E+02   -.2881E+02   -.2870E+02   -.2860E+02   -.2850E+02   -.2841E+02   -.2832E+02
0.1102E+04   0.2533E+02   -.3500E+02   -.3500E+02   -.3500E+02   -.3500E+02   -.3500E+02   -.3500E+02   -.3500E+02   -.3500E+02   -.3500E+02   -.3500E+02   -.3500E+02   -.3500E+02   -.3500E+02   -.3500E+02   -.3500E+02   -.3500E+02   -.3500E+02   -.3500E+02   -.3500E+02   -.3500E+02   -.3500E+02   -.3500E+02   -.3501E+02   -.3501E+02   -.3501E+02   -.3501E+02   -.3501E+02   -.3501E+02   -.3501E+02   -.3501E+02   -.3501E+02   -.3501E+02   -.3501E+02   -.3502E+02   -.3502E+02   -.3502E+02   -.3502E+02   -.3502E+02   -.3502E+02   -.3503E+02   -.3503E+02   -.3503E+02   -.3504E+02   -.3504E+02   -.3504E+02   -.3505E+02   -.3505E+02   -.3505E+02   -.3506E+02   -.3506E+02   -.3507E+02   -.3507E+02   -.3508E+02   -.3509E+02   -.3510E+02   -.3510E+02   -.3511E+02   -.3512E+02   -.3514E+02   -.3515E+02   -.3517E+02   -.3518E+02   -.3520E+02   -.3523E+02   -.3525E+02   -.3529E+02   -.3532E+02   -.3537E+02   -.3543E+02   -.3550E+02   -.3558E+02   -.3569E+02   -.3584E+02   -.3603E+02   -.3631E+02   -.3665E+02   -.3725E+02   -.3781E+02   -.3949E+02   -.3968E+02   -.4641E+02   -.5525E+02   -.6120E+02   -.4518E+02   -.4811E+02   -.4461E+02   -.4442E+02   -.4268E+02   -.4174E+02   -.4054E+02   -.3959E+02   -.3867E+02   -.3787E+02   -.3713E+02   -.3647E+02   -.3586E+02   -.3530E+02   -.3478E+02   -.3429E+02   -.3385E+02   -.3343E+02   -.3304E+02   -.3268E+02   -.3234E+02   -.3203E+02   -.3173E+02   -.3146E+02   -.3120E+02   -.3095E+02   -.3072E+02   -.3051E+02   -.3031E+02   -.3012E+02   -.2994E+02   -.2977E+02   -.2961E+02   -.2946E+02   -.2931E+02   -.2918E+02   -.2905E+02   -.2893E+02   -.2881E+02   -.2870E+02   -.2860E+02   -.2850E+02   -.2841E+02   -.2832E+02   -.2823E+02
0.1103E+04   0.2567E+02   -.3500E+02   -.3500E+02   -.3500E+02   -.3500E+02   -.3500E+02   -.3500E+02   -.3500E+02   -.3500E+02   -.3500E+02   -.3500E+02   -.3500E+02   -.3500E+02   -.3500E+02   -.3500E+02   -.3500E+02   -.3500E+02   -.3500E+02   -.3500E+02   -.3500E+02   -.3500E+02   -.3500E+02   -.3501E+02   -.3501E+02   -.3501E+02   -.3501E+02   -.3501E+02   -.3501E+02   -.3501E+02   -.3501E+02   -.3501E+02   -.3501E+02   -.3501E+02   -.3502E+02   -.3502E+02   -.3502E+02   -.3502E+02   -.3502E+02   -.3503E+02   -.3503E+02   -.3503E+02   -.3503E+02   -.3504E+02   -.3504E+02   -.3504E+02   -.3505E+02   -.3505E+02   -.3505E+02   -.3506E+02   -.3506E+02   -.3507E+02   -.3507E+02   -.3508E+02   -.3509E+02   -.3510E+02   -.3510E+02   -.3511E+02   -.3512E+02   -.3514E+02   -.3515E+02   -.3517E+02   -.3518E+02   -.3520E+02   -.3523E+02   -.3525E+02   -.3529E+02   -.3532E+02   -.3537E+02   -.3543E+02   -.3550E+02   -.3558E+02   -.3569E+02   -.3584E+02   -.3603E+02   -.3631E+02   -.3665E+02   -.3725E+02   -.3781E+02   -.3949E+02   -.3968E+02   -.4641E+02   -.5525E+02   -.6120E+02   -.4518E+02   -.4811E+02   -.4461E+02   -.4442E+02   -.4268E+02   -.4174E+02   -.4054E+02   -.3959E+02   -.3867E+02   -.3787E+02   -.3713E+02   -.3647E+02   -.3586E+02   -.3530E+02   -.3478E+02   -.3429E+02   -.3385E+02   -.3343E+02   -.3304E+02   -.3268E+02   -.3234E+02   -.3203E+02   -.3173E+02   -.3146E+02   -.3120E+02   -.3095E+02   -.3072E+02   -.3051E+02   -.3031E+02   -.3012E+02   -.2994E+02   -.2977E+02   -.2961E+02   -.2946E+02   -.2931E+02   -.2918E+02   -.2905E+02   -.2893E+02   -.2881E+02   -.2870E+02   -.2860E+02   -.2850E+02   -.2841E+02   -.2832E+02   -.2823E+02   -.2815E+02
0.1104E+04   0.2600E+02   -.3500E+02   -.3500E+02   -.3500E+02   -.3500E+02   -.3500E+02   -.3500E+02   -.3500E+02   -.3500E+02   -.3500E+02   -.3500E+02   -.3500E+02   -.3500E+02   -.3500E+02   -.3500E+02   -.3500E+02   -.3500E+02   -.3500E+02   -.3500E+02   -.3500E+02   -.3501E+02   -.3501E+02   -.3501E+02   -.3501E+02   -.3501E+02   -.3501E+02   -.3501E+02   -.3501E+02   -.3501E+02   -.3501E+02   -.3501E+02   -.3501E+02   -.3502E+02   -.3502E+02   -.3502E+02   -.3502E+02   -.3502E+02   -.3503E+02   -.3503E+02   -.3503E+02   -.3503E+02   -.3504E+02   -.3504E+02   -.3504E+02   -.3505E+02   -.3505E+02   -.3505E+02   -.3506E+02   -.3506E+02   -.3507E+02   -.3507E+02   -.3508E+02   -.3509E+02   -.3510E+02   -.3510E+02   -.3511E+02   -.3512E+02   -.3514E+02   -.3515E+02   -.3517E+02   -.3518E+02   -.3520E+02   -.3523E+02   -.3525E+02   -.3529E+02   -.3532E+02   -.3537E+02   -.3543E+02   -.3550E+02   -.3558E+02   -.3569E+02   -.3584E+02   -.3603E+02   -.3631E+02   -.3665E+02   -.3725E+02   -.3781E+02   -.3949E+02   -.3968E+02   -.4641E+02   -.5525E+02   -.6120E+02   -.4518E+02   -.4811E+02   -.4461E+02   -.4442E+02   -.4268E+02   -.4174E+02   -.4054E+02   -.3959E+02   -.3867E+02   -.3787E+02   -.3713E+02   -.3647E+02   -.3586E+02   -.3530E+02   -.3478E+02   -.3429E+02   -.3385E+02   -.3343E+02   -.3304E+02   -.3268E+02   -.3234E+02   -.3203E+02   -.3173E+02   -.3146E+02   -.3120E+02   -.3095E+02   -.3072E+02   -.3051E+02   -.3031E+02   -.3012E+02   -.2994E+02   -.2977E+02   -.2961E+02   -.2946E+02   -.2931E+02   -.2918E+02   -.2905E+02   -.2893E+02   -.2881E+02   -.2870E+02   -.2860E+02   -.2850E+02   -.2841E+02   -.2832E+02   -.2823E+02   -.2815E+02   -.2808E+02
0.1105E+04   0.2633E+02   -.3500E+02   -.3500E+02   -.3500E+02   -.3500E+02   -.3500E+02   -.3500E+02   -.3500E+02   -.3500E+02   -.3500E+02   -.3500E+02   -.3500E+02   -.3500E+02   -.3500E+02   -.3500E+02   -.3500E+02   -.3500E+02   -.3500E+02   -.3500E+02   -.3501E+02   -.3501E+02   -.3501E+02   -.3501E+02   -.3501E+02   -.3501E+02   -.3501E+02   -.3501E+02   -.3501E+02   -.3501E+02   -.3501E+02   -.3502E+02   -.3502E+02   -.3502E+02   -.3502E+02   -.3502E+02   -.3502E+02   -.3503E+02   -.3503E+02   -.3503E+02   -.3503E+02   -.3504E+02   -.3504E+02   -.3504E+02   -.3505E+02   -.3505E+02   -.3505E+02   -.3506E+02   -.3506E+02   -.3507E+02   -.3507E+02   -.3508E+02   -.3509E+02   -.3510E+02   -.3510E+02   -.3511E+02   -.3512E+02   -.3514E+02   -.3515E+02   -.3517E+02   -.3518E+02   -.3520E+02   -.3523E+02   -.3525E+02   -.3529E+02   -.3532E+02   -.3537E+02   -.3543E+02   -.3550E+02   -.3558E+02   -.3569E+02   -.3584E+02   -.3603E+02   -.3631E+02   -.3665E+02   -.3725E+02   -.3781E+02   -.3949E+02   -.3968E+02   -.4641E+02   -.5525E+02   -.6120E+02   -.4518E+02   -.4811E+02   -.4461E+02   -.4442E+02   -.4268E+02   -.4174E+02   -.4054E+02   -.3959E+02   -.3867E+02   -.3787E+02   -.3713E+02   -.3647E+02   -.3586E+02   -.3530E+02   -.3478E+02   -.3429E+02   -.3385E+02   -.3343E+02   -.3304E+02   -.3268E+02   -.3234E+02   -.3203E+02   -.3173E+02   -.3146E+02   -.3120E+02   -.3095E+02   -.3072E+02   -.3051E+02   -.3031E+02   -.3012E+02   -.2994E+02   -.2977E+02   -.2961E+02   -.2946E+02   -.2931E+02   -.2918E+02   -.2905E+02   -.2893E+02   -.2881E+02   -.2870E+02   -.2860E+02   -.2850E+02   -.2841E+02   -.2832E+02   -.2823E+02   -.2815E+02   -.2808E+02   -.2800E+02
0.1106E+04   0.2667E+02   -.3500E+02   -.3500E+02   -.3500E+02   -.3500E+02   -.3500E+02   -.3500E+02   -.3500E+02   -.3500E+02   -.3500E+02   -.3500E+02   -.3500E+02   -.3500E+02   -.3500E+02   -.3500E+02   -.3500E+02   -.3500E+02   -.3501E+02   -.3501E+02   -.3501E+02   -.3501E+02   -.3501E+02   -.3501E+02   -.3501E+02   -.3501E+02   -.3501E+02   -.3501E+02   -.3501E+02   -.3501E+02   -.3502E+02   -.3502E+02   -.3502E+02   -.3502E+02   -.3502E+02   -.3502E+02   -.3503E+02   -.3503E+02   -.3503E+02   -.3503E+02   -.3504E+02   -.3504E+02   -.3504E+02   -.3505E+02   -.3505E+02   -.3505E+02   -.3506E+02   -.3506E+02   -.3507E+02   -.3507E+02   -.3508E+02   -.3509E+02   -.3510E+02   -.3510E+02   -.3511E+02   -.3513E+02   -.3514E+02   -.3515E+02   -.3517E+02   -.3518E+02   -.3520E+02   -.3523E+02   -.3525E+02   -.3529E+02   -.3532E+02   -.3537E+02   -.3543E+02   -.3550E+02   -.3558E+02   -.3569E+02   -.3584E+02   -.3603E+02   -.3631E+02   -.3665E+02   -.3725E+02   -.3781E+02   -.3949E+02   -.3968E+02   -.4641E+02   -.5525E+02   -.6120E+02   -.4518E+02   -.4811E+02   -.4461E+02   -.4442E+02   -.4268E+02   -.4174E+02   -.4054E+02   -.3959E+02   -.3867E+02   -.3787E+02   -.3713E+02   -.3647E+02   -.3586E+02   -.3530E+02   -.3478E+02   -.3429E+02   -.3385E+02   -.3343E+02   -.3304E+02   -.3268E+02   -.3234E+02   -.3203E+02   -.3173E+02   -.3146E+02   -.3120E+02   -.3095E+02   -.3072E+02   -.3051E+02   -.3031E+02   -.3012E+02   -.2994E+02   -.2977E+02   -.2961E+02   -.2946E+02   -.2931E+02   -.2918E+02   -.2905E+02   -.2893E+02   -.2881E+02   -.2870E+02   -.2860E+02   -.2850E+02   -.2841E+02   -.2832E+02   -.2823E+02   -.2815E+02   -.2808E+02   -.2800E+02   -.2793E+02
0.1107E+04   0.2700E+02   -.3500E+02   -.3500E+02   -.3500E+02   -.3500E+02   -.3500E+02   -.3500E+02   -.3500E+02   -.3500E+02   -.3500E+02   -.3500E+02   -.3500E+02   -.3500E+02   -.3500E+02   -.3500E+02   -.3500E+02   -.3501E+02   -.3501E+02   -.3501E+02   -.3501E+02   -.3501E+02   -.3501E+02   -.3501E+02   -.3501E+02   -.3501E+02   -.3501E+02   -.3501E+02   -.3501E+02   -.3502E+02   -.3502E+02   -.3502E+02   -.3502E+02   -.3502E+02   -.3502E+02   -.3503E+02   -.3503E+02   -.3503E+02   -.3503E+02   -.3504E+02   -.3504E+02   -.3504E+02   -.3505E+02   -.3505E+02   -.3505E+02   -.3506E+02   -.3506E+02   -.3507E+02   -.3507E+02   -.3508E+02   -.3509E+02   -.3510E+02   -.3510E+02   -.3511E+02   -.3513E+02   -.3514E+02   -.3515E+02   -.3517E+02   -.3518E+02   -.3520E+02   -.3523E+02   -.3525E+02   -.3529E+02   -.3532E+02   -.3537E+02   -.3543E+02   -.3550E+02   -.3558E+02   -.3569E+02   -.3584E+02   -.3603E+02   -.3631E+02   -.3665E+02   -.3725E+02   -.3781E+02   -.3949E+02   -.3968E+02   -.4641E+02   -.5525E+02   -.6120E+02   -.4518E+02   -.4811E+02   -.4461E+02   -.4442E+02   -.4268E+02   -.4174E+02   -.4054E+02   -.3959E+02   -.3867E+02   -.3787E+02   -.3713E+02   -.3647E+02   -.3586E+02   -.3530E+02   -.3478E+02   -.3429E+02   -.3385E+02   -.3343E+02   -.3304E+02   -.3268E+02   -.3234E+02   -.3203E+02   -.3173E+02   -.3146E+02   -.3120E+02   -.3095E+02   -.3072E+02   -.3051E+02   -.3031E+02   -.3012E+02   -.2994E+02   -.2977E+02   -.2961E+02   -.2946E+02   -.2931E+02   -.2918E+02   -.2905E+02   -.2893E+02   -.2881E+02   -.2870E+02   -.2860E+02   -.2850E+02   -.2841E+02   -.2832E+02   -.2823E+02   -.2815E+02   -.2808E+02   -.2800E+02   -.2793E+02   -.2787E+02
0.1108E+04   0.2733E+02   -.3500E+02   -.3500E+02   -.3500E+02   -.3500E+02   -.3500E+02   -.3500E+02   -.3500E+02   -.3500E+02   -.3500E+02   -.3500E+02   -.3500E+02   -.3500E+02   -.3500E+02   -.3500E+02   -.3501E+02   -.3501E+02   -.3501E+02   -.3501E+02   -.3501E+02   -.3501E+02   -.3501E+02   -.3501E+02   -.3501E+02   -.3501E+02   -.3501E+02   -.3501E+02   -.3502E+02   -.3502E+02   -.3502E+02   -.3502E+02   -.3502E+02   -.3502E+02   -.3503E+02   -.3503E+02   -.3503E+02   -.3503E+02   -.3504E+02   -.3504E+02   -.3504E+02   -.3505E+02   -.3505E+02   -.3505E+02   -.3506E+02   -.3506E+02   -.3507E+02   -.3507E+02   -.3508E+02   -.3509E+02   -.3510E+02   -.3510E+02   -.3511E+02   -.3513E+02   -.3514E+02   -.3515E+02   -.3517E+02   -.3518E+02   -.3520E+02   -.3523E+02   -.3525E+02   -.3529E+02   -.3532E+02   -.3537E+02   -.3543E+02   -.3550E+02   -.3558E+02   -.3569E+02   -.3584E+02   -.3603E+02   -.3631E+02   -.3665E+02   -.3725E+02   -.3781E+02   -.3949E+02   -.3968E+02   -.4641E+02   -.5525E+02   -.6120E+02   -.4518E+02   -.4811E+02   -.4461E+02   -.4442E+02   -.4268E+02   -.4174E+02   -.4054E+02   -.3959E+02   -.3867E+02   -.3787E+02   -.3713E+02   -.3647E+02   -.3586E+02   -.3530E+02   -.3478E+02   -.3429E+02   -.3385E+02   -.3343E+02   -.3304E+02   -.3268E+02   -.3234E+02   -.3203E+02   -.3173E+02   -.3146E+02   -.3120E+02   -.3095E+02   -.3072E+02   -.3051E+02   -.3031E+02   -.3012E+02   -.2994E+02   -.2977E+02   -.2961E+02   -.2946E+02   -.2931E+02   -.2918E+02   -.2905E+02   -.2893E+02   -.2881E+02   -.2870E+02   -.2860E+02   -.2850E+02   -.2841E+02   -.2832E+02   -.2823E+02   -.2815E+02   -.2808E+02   -.2800E+02   -.2794E+02   -.2787E+02   -.2781E+02
0.1109E+04   0.2767E+02   -.3500E+02   -.3500E+02   -.3500E+02   -.3500E+02   -.3500E+02   -.3500E+02   -.3500E+02   -.3500E+02   -.3500E+02   -.3500E+02   -.3500E+02   -.3500E+02   -.3501E+02   -.3501E+02   -.3501E+02   -.3501E+02   -.3501E+02   -.3501E+02   -.3501E+02   -.3501E+02   -.3501E+02   -.3501E+02   -.3501E+02   -.3501E+02   -.3501E+02   -.3502E+02   -.3502E+02   -.3502E+02   -.3502E+02   -.3502E+02   -.3502E+02   -.3503E+02   -.3503E+02   -.3503E+02   -.3503E+02   -.3504E+02   -.3504E+02   -.3504E+02   -.3505E+02   -.3505E+02   -.3505E+02   -.3506E+02   -.3506E+02   -.3507E+02   -.3507E+02   -.3508E+02   -.3509E+02   -.3510E+02   -.3511E+02   -.3511E+02   -.3513E+02   -.3514E+02   -.3515E+02   -.3517E+02   -.3518E+02   -.3520E+02   -.3523E+02   -.3525E+02   -.3529E+02   -.3532E+02   -.3537E+02   -.3543E+02   -.3550E+02   -.3558E+02   -.3570E+02   -.3584E+02   -.3603E+02   -.3631E+02   -.3665E+02   -.3725E+02   -.3781E+02   -.3949E+02   -.3968E+02   -.4641E+02   -.5525E+02   -.6120E+02   -.4518E+02   -.4811E+02   -.4461E+02   -.4442E+02   -.4268E+02   -.4174E+02   -.4054E+02   -.3959E+02   -.3867E+02   -.3787E+02   -.3713E+02   -.3647E+02   -.3586E+02   -.3530E+02   -.3478E+02   -.3429E+02   -.3385E+02   -.3343E+02   -.3304E+02   -.3268E+02   -.3234E+02   -.3203E+02   -.3173E+02   -.3145E+02   -.3120E+02   -.3095E+02   -.3072E+02   -.3051E+02   -.3031E+02   -.3012E+02   -.2994E+02   -.2977E+02   -.2961E+02   -.2946E+02   -.2931E+02   -.2918E+02   -.2905E+02   -.2893E+02   -.2881E+02   -.2870E+02   -.2860E+02   -.2850E+02   -.2841E+02   -.2832E+02   -.2823E+02   -.2815E+02   -.2808E+02   -.2800E+02   -.2794E+02   -.2787E+02   -.2781E+02   -.2775E+02
0.1110E+04   0.2800E+02   -.3500E+02   -.3500E+02   -.3500E+02   -.3500E+02   -.3500E+02   -.3500E+02   -.3500E+02   -.3500E+02   -.3500E+02   -.3500E+02   -.3500E+02   -.3501E+02   -.3501E+02   -.3501E+02   -.3501E+02   -.3501E+02   -.3501E+02   -.3501E+02   -.3501E+02   -.3501E+02   -.3501E+02   -.3501E+02   -.3501E+02   -.3501E+02   -.3502E+02   -.3502E+02   -.3502E+02   -.3502E+02   -.3502E+02   -.3502E+02   -.3503E+02   -.3503E+02   -.3503E+02   -.3503E+02   -.3504E+02   -.3504E+02   -.3504E+02   -.3505E+02   -.3505E+02   -.3505E+02   -.3506E+02   -.3506E+02   -.3507E+02   -.3508E+02   -.3508E+02   -.3509E+02   -.3510E+02   -.3511E+02   -.3511E+02   -.3513E+02   -.3514E+02   -.3515E+02   -.3517E+02   -.3518E+02   -.3520E+02   -.3523E+02   -.3525E+02   -.3529E+02   -.3532E+02   -.3537E+02   -.3543E+02   -.3550E+02   -.3558E+02   -.3570E+02   -.3584E+02   -.3603E+02   -.3631E+02   -.3665E+02   -.3725E+02   -.3781E+02   -.3949E+02   -.3968E+02   -.4641E+02   -.5525E+02   -.6120E+02   -.4518E+02   -.4811E+02   -.4461E+02   -.4442E+02   -.4268E+02   -.4174E+02   -.4054E+02   -.3959E+02   -.3867E+02   -.3787E+02   -.3713E+02   -.3647E+02   -.3586E+02   -.3530E+02   -.3478E+02   -.3429E+02   -.3385E+02   -.3343E+02   -.3304E+02   -.3268E+02   -.3234E+02   -.3203E+02   -.3173E+02   -.3145E+02   -.3120E+02   -.3095E+02   -.3072E+02   -.3051E+02   -.3031E+02   -.3012E+02   -.2994E+02   -.2977E+02   -.2961E+02   -.2946E+02   -.2931E+02   -.2918E+02   -.2905E+02   -.2893E+02   -.2881E+02   -.2870E+02   -.2860E+02   -.2850E+02   -.2841E+02   -.2832E+02   -.2823E+02   -.2815E+02   -.2808E+02   -.2800E+02   -.2794E+02   -.2787E+02   -.2781E+02   -.2775E+02   -.2769E+02
0.1111E+04   0.2833E+02   -.3500E+02   -.3500E+02   -.3500E+02   -.3500E+02   -.3500E+02   -.3500E+02   -.3500E+02   -.3500E+02   -.3500E+02   -.3500E+02   -.3501E+02   -.3501E+02   -.3501E+02   -.3501E+02   -.3501E+02   -.3501E+02   -.3501E+02   -.3501E+02   -.3501E+02   -.3501E+02   -.3501E+02   -.3501E+02   -.3502E+02   -.3502E+02   -.3502E+02   -.3502E+02   -.3502E+02   -.3502E+02   -.3502E+02   -.3503E+02   -.3503E+02   -.3503E+02   -.3503E+02   -.3504E+02   -.3504E+02   -.3504E+02   -.3505E+02   -.3505E+02   -.3505E+02   -.3506E+02   -.3506E+02   -.3507E+02   -.3508E+02   -.3508E+02   -.3509E+02   -.3510E+02   -.3511E+02   -.3511E+02   -.3513E+02   -.3514E+02   -.3515E+02   -.3517E+02   -.3518E+02   -.3520E+02   -.3523E+02   -.3525E+02   -.3529E+02   -.3532E+02   -.3537E+02   -.3543E+02   -.3550E+02   -.3558E+02   -.3570E+02   -.3584E+02   -.3603E+02   -.3631E+02   -.3665E+02   -.3725E+02   -.3781E+02   -.3949E+02   -.3968E+02   -.4641E+02   -.5525E+02   -.6120E+02   -.4518E+02   -.4811E+02   -.4461E+02   -.4442E+02   -.4268E+02   -.4174E+02   -.4054E+02   -.3959E+02   -.3867E+02   -.3787E+02   -.3713E+02   -.3647E+02   -.3586E+02   -.3530E+02   -.3478E+02   -.3429E+02   -.3385E+02   -.3343E+02   -.3304E+02   -.3268E+02   -.3234E+02   -.3203E+02   -.3173E+02   -.3145E+02   -.3120E+02   -.3095E+02   -.3072E+02   -.3051E+02   -.3031E+02   -.3012E+02   -.2994E+02   -.2977E+02   -.2961E+02   -.2946E+02   -.2931E+02   -.2918E+02   -.2905E+02   -.2893E+02   -.2881E+02   -.2870E+02   -.2860E+02   -.2850E+02   -.2841E+02   -.2832E+02   -.2823E+02   -.2815E+02   -.2808E+02   -.2800E+02   -.2794E+02   -.2787E+02   -.2781E+02   -.2775E+02   -.2769E+02   -.2764E+02
0.1112E+04   0.2867E+02   -.3500E+02   -.3500E+02   -.3500E+02   -.3500E+02   -.3500E+02   -.3500E+02   -.3500E+02   -.3500E+02   -.3501E+02   -.3501E+02   -.3501E+02   -.3501E+02   -.3501E+02   -.3501E+02   -.3501E+02   -.3501E+02   -.3501E+02   -.3501E+02   -.3501E+02   -.3501E+02   -.3501E+02   -.3502E+02   -.3502E+02   -.3502E+02   -.3502E+02   -.3502E+02   -.3502E+02   -.3502E+02   -.3503E+02   -.3503E+02   -.3503E+02   -.3503E+02   -.3504E+02   -.3504E+02   -.3504E+02   -.3505E+02   -.3505E+02   -.3505E+02   -.3506E+02   -.3506E+02   -.3507E+02   -.3508E+02   -.3508E+02   -.3509E+02   -.3510E+02   -.3511E+02   -.3512E+02   -.3513E+02   -.3514E+02   -.3515E+02   -.3517E+02   -.3518E+02   -.3520E+02   -.3523E+02   -.3525E+02   -.3529E+02   -.3532E+02   -.3537E+02   -.3543E+02   -.3550E+02   -.3558E+02   -.3570E+02   -.3584E+02   -.3603E+02   -.3631E+02   -.3665E+02   -.3725E+02   -.3781E+02   -.3949E+02   -.3968E+02   -.4641E+02   -.5525E+02   -.6120E+02   -.4518E+02   -.4811E+02   -.4461E+02   -.4442E+02   -.4268E+02   -.4174E+02   -.4054E+02   -.3959E+02   -.3867E+02   -.3787E+02   -.3713E+02   -.3647E+02   -.3586E+02   -.3530E+02   -.3478E+02   -.3429E+02   -.3385E+02   -.3343E+02   -.3304E+02   -.3268E+02   -.3234E+02   -.3203E+02   -.3173E+02   -.3145E+02   -.3120E+02   -.3095E+02   -.3072E+02   -.3051E+02   -.3031E+02   -.3012E+02   -.2994E+02   -.2977E+02   -.2961E+02   -.2946E+02   -.2931E+02   -.2918E+02   -.2905E+02   -.2893E+02   -.2881E+02   -.2870E+02   -.2860E+02   -.2850E+02   -.2841E+02   -.2832E+02   -.2823E+02   -.2815E+02   -.2808E+02   -.2800E+02   -.2794E+02   -.2787E+02   -.2781E+02   -.2775E+02   -.2769E+02   -.2764E+02   -.2758E+02
0.1113E+04   0.2900E+02   -.3500E+02   -.3500E+02   -.3500E+02   -.3500E+02   -.3500E+02   -.3500E+02   -.3500E+02   -.3501E+02   -.3501E+02   -.3501E+02   -.3501E+02   -.3501E+02   -.3501E+02   -.3501E+02   -.3501E+02   -.3501E+02   -.3501E+02   -.3501E+02   -.3501E+02   -.3501E+02   -.3502E+02   -.3502E+02   -.3502E+02   -.3502E+02   -.3502E+02   -.3502E+02   -.3503E+02   -.3503E+02   -.3503E+02   -.3503E+02   -.3503E+02   -.3504E+02   -.3504E+02   -.3504E+02   -.3505E+02   -.3505E+02   -.3505E+02   -.3506E+02   -.3506E+02   -.3507E+02   -.3508E+02   -.3508E+02   -.3509E+02   -.3510E+02   -.3511E+02   -.3512E+02   -.3513E+02   -.3514E+02   -.3515E+02   -.3517E+02   -.3518E+02   -.3520E+02   -.3523E+02   -.3525E+02   -.3529E+02   -.3532E+02   -.3537E+02   -.3543E+02   -.3550E+02   -.3558E+02   -.3570E+02   -.3584E+02   -.3603E+02   -.3631E+02   -.3665E+02   -.3725E+02   -.3781E+02   -.3949E+02   -.3968E+02   -.4641E+02   -.5525E+02   -.6120E+02   -.4518E+02   -.4811E+02   -.4461E+02   -.4442E+02   -.4268E+02   -.4174E+02   -.4054E+02   -.3959E+02   -.3867E+02   -.3787E+02   -.3713E+02   -.3647E+02   -.3586E+02   -.3530E+02   -.3478E+02   -.3429E+02   -.3385E+02   -.3343E+02   -.3304E+02   -.3268E+02   -.3234E+02   -.3203E+02   -.3173E+02   -.3145E+02   -.3120E+02   -.3095E+02   -.3072E+02   -.3051E+02   -.3031E+02   -.3012E+02   -.2994E+02   -.2977E+02   -.2961E+02   -.2946E+02   -.2931E+02   -.2918E+02   -.2905E+02   -.2893E+02   -.2881E+02   -.2870E+02   -.2860E+02   -.2850E+02   -.2841E+02   -.2832E+02   -.2823E+02   -.2815E+02   -.2808E+02   -.2800E+02   -.2794E+02   -.2787E+02   -.2781E+02   -.2775E+02   -.2769E+02   -.2764E+02   -.2758E+02   -.2753E+02
0.1114E+04   0.2933E+02   -.3500E+02   -.3500E+02   -.3500E+02   -.3500E+02   -.3500E+02   -.3500E+02   -.3501E+02   -.3501E+02   -.3501E+02   -.3501E+02   -.3501E+02   -.3501E+02   -.3501E+02   -.3501E+02   -.3501E+02   -.3501E+02   -.3501E+02   -.3501E+02   -.3501E+02   -.3502E+02   -.3502E+02   -.3502E+02   -.3502E+02   -.3502E+02   -.3502E+02   -.3503E+02   -.3503E+02   -.3503E+02   -.3503E+02   -.3503E+02   -.3504E+02   -.3504E+02   -.3504E+02   -.3505E+02   -.3505E+02   -.3506E+02   -.3506E+02   -.3506E+02   -.3507E+02   -.3508E+02   -.3508E+02   -.3509E+02   -.3510E+02   -.3511E+02   -.3512E+02   -.3513E+02   -.3514E+02   -.3515E+02   -.3517E+02   -.3518E+02   -.3520E+02   -.3523E+02   -.3525E+02   -.3529E+02   -.3532E+02   -.3537E+02   -.3543E+02   -.3550E+02   -.3558E+02   -.3570E+02   -.3584E+02   -.3603E+02   -.3631E+02   -.3665E+02   -.3725E+02   -.3781E+02   -.3949E+02   -.3968E+02   -.4641E+02   -.5525E+02   -.6120E+02   -.4518E+02   -.4811E+02   -.4461E+02   -.4442E+02   -.4268E+02   -.4174E+02   -.4054E+02   -.3959E+02   -.3867E+02   -.3787E+02   -.3713E+02   -.3647E+02   -.3586E+02   -.3530E+02   -.3478E+02   -.3429E+02   -.3385E+02   -.3343E+02   -.3304E+02   -.3268E+02   -.3234E+02   -.3203E+02   -.3173E+02   -.3145E+02   -.3120E+02   -.3095E+02   -.3072E+02   -.3051E+02   -.3031E+02   -.3012E+02   -.2994E+02   -.2977E+02   -.2961E+02   -.2946E+02   -.2931E+02   -.2918E+02   -.2905E+02   -.2893E+02   -.2881E+02   -.2870E+02   -.2860E+02   -.2850E+02   -.2841E+02   -.2832E+02   -.2823E+02   -.2815E+02   -.2808E+02   -.2800E+02   -.2794E+02   -.2787E+02   -.2781E+02   -.2775E+02   -.2769E+02   -.2764E+02   -.2758E+02   -.2753E+02   -.2749E+02
0.1115E+04   0.2967E+02   -.3500E+02   -.3500E+02   -.3500E+02   -.3500E+02   -.3500E+02   -.3500E+02   -.3501E+02   -.3501E+02   -.3501E+02   -.3501E+02   -.3501E+02   -.3501E+02   -.3501E+02   -.3501E+02   -.3501E+02   -.3501E+02   -.3501E+02   -.3501E+02   -.3502E+02   -.3502E+02   -.3502E+02   -.3502E+02   -.3502E+02   -.3502E+02   -.3503E+02   -.3503E+02   -.3503E+02   -.3503E+02   -.3503E+02   -.3504E+02   -.3504E+02   -.3504E+02   -.3505E+02   -.3505E+02   -.3506E+02   -.3506E+02   -.3506E+02   -.3507E+02   -.3508E+02   -.3508E+02   -.3509E+02   -.3510E+02   -.3511E+02   -.3512E+02   -.3513E+02   -.3514E+02   -.3515E+02   -.3517E+02   -.3518E+02   -.3520E+02   -.3523E+02   -.3525E+02   -.3529E+02   -.3533E+02   -.3537E+02   -.3543E+02   -.3550E+02   -.3558E+02   -.3570E+02   -.3584E+02   -.3603E+02   -.3631E+02   -.3665E+02   -.3725E+02   -.3781E+02   -.3949E+02   -.3968E+02   -.4641E+02   -.5525E+02   -.6120E+02   -.4518E+02   -.4811E+02   -.4461E+02   -.4442E+02   -.4268E+02   -.4174E+02   -.4054E+02   -.3959E+02   -.3867E+02   -.3787E+02   -.3713E+02   -.3647E+02   -.3586E+02   -.3530E+02   -.3478E+02   -.3429E+02   -.3385E+02   -.3343E+02   -.3304E+02   -.3268E+02   -.3234E+02   -.3203E+02   -.3173E+02   -.3145E+02   -.3120E+02   -.3095E+02   -.3072E+02   -.3051E+02   -.3031E+02   -.3012E+02   -.2994E+02   -.2977E+02   -.2961E+02   -.2946E+02   -.2931E+02   -.2918E+02   -.2905E+02   -.2893E+02   -.2881E+02   -.2870E+02   -.2860E+02   -.2850E+02   -.2841E+02   -.2832E+02   -.2823E+02   -.2815E+02   -.2808E+02   -.2800E+02   -.2794E+02   -.2787E+02   -.2781E+02   -.2775E+02   -.2769E+02   -.2764E+02   -.2758E+02   -.2753E+02   -.2749E+02   -.2744E+02
0.1116E+04   0.3000E+02   -.3500E+02   -.3500E+02   -.3500E+02   -.3500E+02   -.3500E+02   -.3501E+02   -.3501E+02   -.3501E+02   -.3501E+02   -.3501E+02   -.3501E+02   -.3501E+02   -.3501E+02   -.3501E+02   -.3501E+02   -.3501E+02   -.3501E+02   -.3502E+02   -.3502E+02   -.3502E+02   -.3502E+02   -.3502E+02   -.3502E+02   -.3503E+02   -.3503E+02   -.3503E+02   -.3503E+02   -.3503E+02   -.3504E+02   -.3504E+02   -.3504E+02   -.3505E+02   -.3505E+02   -.3506E+02   -.3506E+02   -.3507E+02   -.3507E+02   -.3508E+02   -.3508E+02   -.3509E+02   -.3510E+02   -.3511E+02   -.3512E+02   -.3513E+02   -.3514E+02   -.3515E+02   -.3517E+02   -.3518E+02   -.3520E+02   -.3523E+02   -.3526E+02   -.3529E+02   -.3533E+02   -.3537E+02   -.3543E+02   -.3550E+02   -.3558E+02   -.3570E+02   -.3584E+02   -.3603E+02   -.3631E+02   -.3665E+02   -.3725E+02   -.3781E+02   -.3949E+02   -.3968E+02   -.4641E+02   -.5525E+02   -.6120E+02   -.4518E+02   -.4811E+02   -.4461E+02   -.4442E+02   -.4268E+02   -.4174E+02   -.4054E+02   -.3959E+02   -.3867E+02   -.3787E+02   -.3713E+02   -.3647E+02   -.3586E+02   -.3530E+02   -.3478E+02   -.3429E+02   -.3385E+02   -.3343E+02   -.3304E+02   -.3268E+02   -.3234E+02   -.3203E+02   -.3173E+02   -.3145E+02   -.3120E+02   -.3095E+02   -.3072E+02   -.3051E+02   -.3031E+02   -.3012E+02   -.2994E+02   -.2977E+02   -.2961E+02   -.2946E+02   -.2931E+02   -.2918E+02   -.2905E+02   -.2893E+02   -.2881E+02   -.2870E+02   -.2860E+02   -.2850E+02   -.2841E+02   -.2832E+02   -.2823E+02   -.2815E+02   -.2808E+02   -.2800E+02   -.2794E+02   -.2787E+02   -.2781E+02   -.2775E+02   -.2769E+02   -.2764E+02   -.2758E+02   -.2753E+02   -.2749E+02   -.2744E+02   -.2740E+02
0.1117E+04   0.3033E+02   -.3500E+02   -.3500E+02   -.3500E+02   -.3500E+02   -.3501E+02   -.3501E+02   -.3501E+02   -.3501E+02   -.3501E+02   -.3501E+02   -.3501E+02   -.3501E+02   -.3501E+02   -.3501E+02   -.3501E+02   -.3501E+02   -.3502E+02   -.3502E+02   -.3502E+02   -.3502E+02   -.3502E+02   -.3502E+02   -.3503E+02   -.3503E+02   -.3503E+02   -.3503E+02   -.3504E+02   -.3504E+02   -.3504E+02   -.3504E+02   -.3505E+02   -.3505E+02   -.3506E+02   -.3506E+02   -.3507E+02   -.3507E+02   -.3508E+02   -.3508E+02   -.3509E+02   -.3510E+02   -.3511E+02   -.3512E+02   -.3513E+02   -.3514E+02   -.3515E+02   -.3517E+02   -.3518E+02   -.3520E+02   -.3523E+02   -.3526E+02   -.3529E+02   -.3533E+02   -.3537E+02   -.3543E+02   -.3550E+02   -.3558E+02   -.3570E+02   -.3584E+02   -.3603E+02   -.3631E+02   -.3665E+02   -.3725E+02   -.3781E+02   -.3949E+02   -.3968E+02   -.4641E+02   -.5525E+02   -.6120E+02   -.4518E+02   -.4811E+02   -.4461E+02   -.4442E+02   -.4268E+02   -.4174E+02   -.4054E+02   -.3959E+02   -.3867E+02   -.3787E+02   -.3713E+02   -.3647E+02   -.3586E+02   -.3530E+02   -.3478E+02   -.3429E+02   -.3385E+02   -.3343E+02   -.3304E+02   -.3268E+02   -.3234E+02   -.3203E+02   -.3173E+02   -.3145E+02   -.3120E+02   -.3095E+02   -.3072E+02   -.3051E+02   -.3031E+02   -.3012E+02   -.2994E+02   -.2977E+02   -.2961E+02   -.2946E+02   -.2931E+02   -.2918E+02   -.2905E+02   -.2893E+02   -.2881E+02   -.2870E+02   -.2860E+02   -.2850E+02   -.2841E+02   -.2832E+02   -.2823E+02   -.2815E+02   -.2808E+02   -.2800E+02   -.2794E+02   -.2787E+02   -.2781E+02   -.2775E+02   -.2769E+02   -.2764E+02   -.2758E+02   -.2753E+02   -.2749E+02   -.2744E+02   -.2740E+02   -.2736E+02
0.1118E+04   0.3067E+02   -.3500E+02   -.3500E+02   -.3500E+02   -.3500E+02   -.3501E+02   -.3501E+02   -.3501E+02   -.3501E+02   -.3501E+02   -.3501E+02   -.3501E+02   -.3501E+02   -.3501E+02   -.3501E+02   -.3501E+02   -.3502E+02   -.3502E+02   -.3502E+02   -.3502E+02   -.3502E+02   -.3502E+02   -.3503E+02   -.3503E+02   -.3503E+02   -.3503E+02   -.3504E+02   -.3504E+02   -.3504E+02   -.3504E+02   -.3505E+02   -.3505E+02   -.3506E+02   -.3506E+02   -.3507E+02   -.3507E+02   -.3508E+02   -.3508E+02   -.3509E+02   -.3510E+02   -.3511E+02   -.3512E+02   -.3513E+02   -.3514E+02   -.3515E+02   -.3517E+02   -.3519E+02   -.3521E+02   -.3523E+02   -.3526E+02   -.3529E+02   -.3533E+02   -.3537E+02   -.3543E+02   -.3550E+02   -.3559E+02   -.3570E+02   -.3584E+02   -.3603E+02   -.3631E+02   -.3665E+02   -.3725E+02   -.3781E+02   -.3949E+02   -.3968E+02   -.4641E+02   -.5525E+02   -.6120E+02   -.4518E+02   -.4811E+02   -.4461E+02   -.4442E+02   -.4268E+02   -.4174E+02   -.4054E+02   -.3959E+02   -.3867E+02   -.3787E+02   -.3713E+02   -.3647E+02   -.3586E+02   -.3530E+02   -.3478E+02   -.3429E+02   -.3385E+02   -.3343E+02   -.3304E+02   -.3268E+02   -.3234E+02   -.3203E+02   -.3173E+02   -.3145E+02   -.3120E+02   -.3095E+02   -.3072E+02   -.3051E+02   -.3031E+02   -.3012E+02   -.2994E+02   -.2977E+02   -.2961E+02   -.2946E+02   -.2931E+02   -.2918E+02   -.2905E+02   -.2893E+02   -.2881E+02   -.2870E+02   -.2860E+02   -.2850E+02   -.2841E+02   -.2832E+02   -.2823E+02   -.2815E+02   -.2808E+02   -.2800E+02   -.2794E+02   -.2787E+02   -.2781E+02   -.2775E+02   -.2769E+02   -.2764E+02   -.2758E+02   -.2753E+02   -.2749E+02   -.2744E+02   -.2740E+02   -.2736E+02   -.2732E+02
0.1119E+04   0.3100E+02   -.3500E+02   -.3500E+02   -.3500E+02   -.3501E+02   -.3501E+02   -.3501E+02   -.3501E+02   -.3501E+02   -.3501E+02   -.3501E+02   -.3501E+02   -.3501E+02   -.3501E+02   -.3501E+02   -.3502E+02   -.3502E+02   -.3502E+02   -.3502E+02   -.3502E+02   -.3502E+02   -.3503E+02   -.3503E+02   -.3503E+02   -.3503E+02   -.3504E+02   -.3504E+02   -.3504E+02   -.3504E+02   -.3505E+02   -.3505E+02   -.3506E+02   -.3506E+02   -.3507E+02   -.3507E+02   -.3508E+02   -.3508E+02   -.3509E+02   -.3510E+02   -.3511E+02   -.3512E+02   -.3513E+02   -.3514E+02   -.3515E+02   -.3517E+02   -.3519E+02   -.3521E+02   -.3523E+02   -.3526E+02   -.3529E+02   -.3533E+02   -.3537E+02   -.3543E+02   -.3550E+02   -.3559E+02   -.3570E+02   -.3584E+02   -.3603E+02   -.3631E+02   -.3665E+02   -.3725E+02   -.3781E+02   -.3949E+02   -.3968E+02   -.4641E+02   -.5525E+02   -.6120E+02   -.4518E+02   -.4811E+02   -.4461E+02   -.4442E+02   -.4268E+02   -.4174E+02   -.4054E+02   -.3959E+02   -.3867E+02   -.3787E+02   -.3713E+02   -.3647E+02   -.3586E+02   -.3530E+02   -.3478E+02   -.3429E+02   -.3385E+02   -.3343E+02   -.3304E+02   -.3268E+02   -.3234E+02   -.3203E+02   -.3173E+02   -.3145E+02   -.3120E+02   -.3095E+02   -.3072E+02   -.3051E+02   -.3031E+02   -.3012E+02   -.2994E+02   -.2977E+02   -.2961E+02   -.2946E+02   -.2931E+02   -.2918E+02   -.2905E+02   -.2893E+02   -.2881E+02   -.2870E+02   -.2860E+02   -.2850E+02   -.2841E+02   -.2832E+02   -.2823E+02   -.2815E+02   -.2808E+02   -.2800E+02   -.2794E+02   -.2787E+02   -.2781E+02   -.2775E+02   -.2769E+02   -.2764E+02   -.2758E+02   -.2753E+02   -.2749E+02   -.2744E+02   -.2740E+02   -.2736E+02   -.2732E+02   -.2729E+02
0.1120E+04   0.3133E+02   -.3500E+02   -.3500E+02   -.3500E+02   -.3501E+02   -.3501E+02   -.3501E+02   -.3501E+02   -.3501E+02   -.3501E+02   -.3501E+02   -.3501E+02   -.3501E+02   -.3501E+02   -.3502E+02   -.3502E+02   -.3502E+02   -.3502E+02   -.3502E+02   -.3502E+02   -.3503E+02   -.3503E+02   -.3503E+02   -.3503E+02   -.3504E+02   -.3504E+02   -.3504E+02   -.3504E+02   -.3505E+02   -.3505E+02   -.3506E+02   -.3506E+02   -.3507E+02   -.3507E+02   -.3508E+02   -.3508E+02   -.3509E+02   -.3510E+02   -.3511E+02   -.3512E+02   -.3513E+02   -.3514E+02   -.3515E+02   -.3517E+02   -.3519E+02   -.3521E+02   -.3523E+02   -.3526E+02   -.3529E+02   -.3533E+02   -.3537E+02   -.3543E+02   -.3550E+02   -.3559E+02   -.3570E+02   -.3584E+02   -.3603E+02   -.3631E+02   -.3665E+02   -.3725E+02   -.3781E+02   -.3949E+02   -.3968E+02   -.4641E+02   -.5525E+02   -.6120E+02   -.4518E+02   -.4811E+02   -.4461E+02   -.4442E+02   -.4268E+02   -.4174E+02   -.4054E+02   -.3959E+02   -.3867E+02   -.3787E+02   -.3713E+02   -.3647E+02   -.3586E+02   -.3530E+02   -.3478E+02   -.3429E+02   -.3385E+02   -.3343E+02   -.3304E+02   -.3268E+02   -.3234E+02   -.3203E+02   -.3173E+02   -.3145E+02   -.3120E+02   -.3095E+02   -.3072E+02   -.3051E+02   -.3031E+02   -.3012E+02   -.2994E+02   -.2977E+02   -.2961E+02   -.2946E+02   -.2931E+02   -.2918E+02   -.2905E+02   -.2893E+02   -.2881E+02   -.2870E+02   -.2860E+02   -.2850E+02   -.2841E+02   -.2832E+02   -.2823E+02   -.2815E+02   -.2808E+02   -.2800E+02   -.2794E+02   -.2787E+02   -.2781E+02   -.2775E+02   -.2769E+02   -.2764E+02   -.2758E+02   -.2753E+02   -.2749E+02   -.2744E+02   -.2740E+02   -.2736E+02   -.2732E+02   -.2729E+02   -.2725E+02
0.1121E+04   0.3167E+02   -.3500E+02   -.3500E+02   -.3501E+02   -.3501E+02   -.3501E+02   -.3501E+02   -.3501E+02   -.3501E+02   -.3501E+02   -.3501E+02   -.3501E+02   -.3501E+02   -.3502E+02   -.3502E+02   -.3502E+02   -.3502E+02   -.3502E+02   -.3502E+02   -.3503E+02   -.3503E+02   -.3503E+02   -.3503E+02   -.3504E+02   -.3504E+02   -.3504E+02   -.3504E+02   -.3505E+02   -.3505E+02   -.3506E+02   -.3506E+02   -.3507E+02   -.3507E+02   -.3508E+02   -.3508E+02   -.3509E+02   -.3510E+02   -.3511E+02   -.3512E+02   -.3513E+02   -.3514E+02   -.3515E+02   -.3517E+02   -.3519E+02   -.3521E+02   -.3523E+02   -.3526E+02   -.3529E+02   -.3533E+02   -.3537E+02   -.3543E+02   -.3550E+02   -.3559E+02   -.3570E+02   -.3585E+02   -.3603E+02   -.3631E+02   -.3665E+02   -.3725E+02   -.3781E+02   -.3949E+02   -.3968E+02   -.4641E+02   -.5525E+02   -.6120E+02   -.4518E+02   -.4811E+02   -.4461E+02   -.4442E+02   -.4268E+02   -.4174E+02   -.4054E+02   -.3959E+02   -.3867E+02   -.3787E+02   -.3713E+02   -.3647E+02   -.3586E+02   -.3530E+02   -.3478E+02   -.3429E+02   -.3385E+02   -.3343E+02   -.3304E+02   -.3268E+02   -.3234E+02   -.3203E+02   -.3173E+02   -.3145E+02   -.3119E+02   -.3095E+02   -.3072E+02   -.3051E+02   -.3031E+02   -.3012E+02   -.2994E+02   -.2977E+02   -.2961E+02   -.2946E+02   -.2931E+02   -.2918E+02   -.2905E+02   -.2893E+02   -.2881E+02   -.2870E+02   -.2860E+02   -.2850E+02   -.2841E+02   -.2832E+02   -.2823E+02   -.2815E+02   -.2808E+02   -.2800E+02   -.2794E+02   -.2787E+02   -.2781E+02   -.2775E+02   -.2769E+02   -.2764E+02   -.2758E+02   -.2753E+02   -.2749E+02   -.2744E+02   -.2740E+02   -.2736E+02   -.2732E+02   -.2729E+02   -.2725E+02   -.2722E+02
0.1122E+04   0.3200E+02   -.3500E+02   -.3500E+02   -.3501E+02   -.3501E+02   -.3501E+02   -.3501E+02   -.3501E+02   -.3501E+02   -.3501E+02   -.3501E+02   -.3501E+02   -.3502E+02   -.3502E+02   -.3502E+02   -.3502E+02   -.3502E+02   -.3502E+02   -.3503E+02   -.3503E+02   -.3503E+02   -.3503E+02   -.3504E+02   -.3504E+02   -.3504E+02   -.3505E+02   -.3505E+02   -.3505E+02   -.3506E+02   -.3506E+02   -.3507E+02   -.3507E+02   -.3508E+02   -.3508E+02   -.3509E+02   -.3510E+02   -.3511E+02   -.3512E+02   -.3513E+02   -.3514E+02   -.3515E+02   -.3517E+02   -.3519E+02   -.3521E+02   -.3523E+02   -.3526E+02   -.3529E+02   -.3533E+02   -.3537E+02   -.3543E+02   -.3550E+02   -.3559E+02   -.3570E+02   -.3585E+02   -.3603E+02   -.3631E+02   -.3665E+02   -.3725E+02   -.3781E+02   -.3949E+02   -.3968E+02   -.4641E+02   -.5525E+02   -.6120E+02   -.4518E+02   -.4811E+02   -.4461E+02   -.4442E+02   -.4268E+02   -.4174E+02   -.4054E+02   -.3959E+02   -.3867E+02   -.3787E+02   -.3713E+02   -.3647E+02   -.3586E+02   -.3530E+02   -.3478E+02   -.3429E+02   -.3385E+02   -.3343E+02   -.3304E+02   -.3268E+02   -.3234E+02   -.3203E+02   -.3173E+02   -.3145E+02   -.3119E+02   -.3095E+02   -.3072E+02   -.3051E+02   -.3031E+02   -.3012E+02   -.2994E+02   -.2977E+02   -.2961E+02   -.2946E+02   -.2931E+02   -.2918E+02   -.2905E+02   -.2893E+02   -.2881E+02   -.2870E+02   -.2860E+02   -.2850E+02   -.2841E+02   -.2832E+02   -.2823E+02   -.2815E+02   -.2808E+02   -.2800E+02   -.2794E+02   -.2787E+02   -.2781E+02   -.2775E+02   -.2769E+02   -.2764E+02   -.2758E+02   -.2753E+02   -.2749E+02   -.2744E+02   -.2740E+02   -.2736E+02   -.2732E+02   -.2729E+02   -.2725E+02   -.2722E+02   -.2719E+02
0.1123E+04   0.3233E+02   -.3500E+02   -.3501E+02   -.3501E+02   -.3501E+02   -.3501E+02   -.3501E+02   -.3501E+02   -.3501E+02   -.3501E+02   -.3501E+02   -.3502E+02   -.3502E+02   -.3502E+02   -.3502E+02   -.3502E+02   -.3502E+02   -.3503E+02   -.3503E+02   -.3503E+02   -.3503E+02   -.3504E+02   -.3504E+02   -.3504E+02   -.3505E+02   -.3505E+02   -.3505E+02   -.3506E+02   -.3506E+02   -.3507E+02   -.3507E+02   -.3508E+02   -.3508E+02   -.3509E+02   -.3510E+02   -.3511E+02   -.3512E+02   -.3513E+02   -.3514E+02   -.3515E+02   -.3517E+02   -.3519E+02   -.3521E+02   -.3523E+02   -.3526E+02   -.3529E+02   -.3533E+02   -.3537E+02   -.3543E+02   -.3550E+02   -.3559E+02   -.3570E+02   -.3585E+02   -.3603E+02   -.3631E+02   -.3665E+02   -.3725E+02   -.3781E+02   -.3949E+02   -.3968E+02   -.4641E+02   -.5525E+02   -.6120E+02   -.4518E+02   -.4811E+02   -.4461E+02   -.4442E+02   -.4268E+02   -.4174E+02   -.4054E+02   -.3959E+02   -.3867E+02   -.3787E+02   -.3713E+02   -.3647E+02   -.3586E+02   -.3530E+02   -.3478E+02   -.3429E+02   -.3385E+02   -.3343E+02   -.3304E+02   -.3268E+02   -.3234E+02   -.3203E+02   -.3173E+02   -.3145E+02   -.3119E+02   -.3095E+02   -.3072E+02   -.3051E+02   -.3031E+02   -.3012E+02   -.2994E+02   -.2977E+02   -.2961E+02   -.2946E+02   -.2931E+02   -.2918E+02   -.2905E+02   -.2893E+02   -.2881E+02   -.2870E+02   -.2860E+02   -.2850E+02   -.2841E+02   -.2832E+02   -.2823E+02   -.2815E+02   -.2808E+02   -.2800E+02   -.2794E+02   -.2787E+02   -.2781E+02   -.2775E+02   -.2769E+02   -.2764E+02   -.2758E+02   -.2753E+02   -.2749E+02   -.2744E+02   -.2740E+02   -.2736E+02   -.2732E+02   -.2729E+02   -.2725E+02   -.2722E+02   -.2719E+02   -.2716E+02
0.1124E+04   0.3267E+02   -.3500E+02   -.3501E+02   -.3501E+02   -.3501E+02   -.3501E+02   -.3501E+02   -.3501E+02   -.3501E+02   -.3501E+02   -.3502E+02   -.3502E+02   -.3502E+02   -.3502E+02   -.3502E+02   -.3502E+02   -.3503E+02   -.3503E+02   -.3503E+02   -.3503E+02   -.3504E+02   -.3504E+02   -.3504E+02   -.3505E+02   -.3505E+02   -.3505E+02   -.3506E+02   -.3506E+02   -.3507E+02   -.3507E+02   -.3508E+02   -.3508E+02   -.3509E+02   -.3510E+02   -.3511E+02   -.3512E+02   -.3513E+02   -.3514E+02   -.3515E+02   -.3517E+02   -.3519E+02   -.3521E+02   -.3523E+02   -.3526E+02   -.3529E+02   -.3533E+02   -.3537E+02   -.3543E+02   -.3550E+02   -.3559E+02   -.3570E+02   -.3585E+02   -.3603E+02   -.3631E+02   -.3665E+02   -.3725E+02   -.3781E+02   -.3949E+02   -.3968E+02   -.4641E+02   -.5525E+02   -.6120E+02   -.4518E+02   -.4811E+02   -.4461E+02   -.4442E+02   -.4268E+02   -.4174E+02   -.4054E+02   -.3959E+02   -.3867E+02   -.3787E+02   -.3713E+02   -.3647E+02   -.3586E+02   -.3530E+02   -.3478E+02   -.3429E+02   -.3385E+02   -.3343E+02   -.3304E+02   -.3268E+02   -.3234E+02   -.3203E+02   -.3173E+02   -.3145E+02   -.3119E+02   -.3095E+02   -.3072E+02   -.3051E+02   -.3031E+02   -.3012E+02   -.2994E+02   -.2977E+02   -.2961E+02   -.2946E+02   -.2931E+02   -.2918E+02   -.2905E+02   -.2893E+02   -.2881E+02   -.2870E+02   -.2860E+02   -.2850E+02   -.2841E+02   -.2832E+02   -.2823E+02   -.2815E+02   -.2808E+02   -.2800E+02   -.2794E+02   -.2787E+02   -.2781E+02   -.2775E+02   -.2769E+02   -.2764E+02   -.2758E+02   -.2753E+02   -.2749E+02   -.2744E+02   -.2740E+02   -.2736E+02   -.2732E+02   -.2729E+02   -.2725E+02   -.2722E+02   -.2719E+02   -.2716E+02   -.2713E+02
0.1125E+04   0.3300E+02   -.3500E+02   -.3501E+02   -.3501E+02   -.3501E+02   -.3501E+02   -.3501E+02   -.3501E+02   -.3501E+02   -.3501E+02   -.3502E+02   -.3502E+02   -.3502E+02   -.3502E+02   -.3502E+02   -.3503E+02   -.3503E+02   -.3503E+02   -.3503E+02   -.3504E+02   -.3504E+02   -.3504E+02   -.3505E+02   -.3505E+02   -.3505E+02   -.3506E+02   -.3506E+02   -.3507E+02   -.3507E+02   -.3508E+02   -.3508E+02   -.3509E+02   -.3510E+02   -.3511E+02   -.3512E+02   -.3513E+02   -.3514E+02   -.3515E+02   -.3517E+02   -.3519E+02   -.3521E+02   -.3523E+02   -.3526E+02   -.3529E+02   -.3533E+02   -.3537E+02   -.3543E+02   -.3550E+02   -.3559E+02   -.3570E+02   -.3585E+02   -.3603E+02   -.3631E+02   -.3665E+02   -.3725E+02   -.3781E+02   -.3950E+02   -.3968E+02   -.4641E+02   -.5525E+02   -.6120E+02   -.4518E+02   -.4811E+02   -.4461E+02   -.4442E+02   -.4268E+02   -.4174E+02   -.4054E+02   -.3959E+02   -.3867E+02   -.3787E+02   -.3713E+02   -.3647E+02   -.3586E+02   -.3530E+02   -.3478E+02   -.3429E+02   -.3385E+02   -.3343E+02   -.3304E+02   -.3268E+02   -.3234E+02   -.3203E+02   -.3173E+02   -.3145E+02   -.3119E+02   -.3095E+02   -.3072E+02   -.3051E+02   -.3031E+02   -.3012E+02   -.2994E+02   -.2977E+02   -.2961E+02   -.2946E+02   -.2931E+02   -.2918E+02   -.2905E+02   -.2893E+02   -.2881E+02   -.2870E+02   -.2860E+02   -.2850E+02   -.2841E+02   -.2832E+02   -.2823E+02   -.2815E+02   -.2808E+02   -.2800E+02   -.2794E+02   -.2787E+02   -.2781E+02   -.2775E+02   -.2769E+02   -.2764E+02   -.2758E+02   -.2753E+02   -.2749E+02   -.2744E+02   -.2740E+02   -.2736E+02   -.2732E+02   -.2729E+02   -.2725E+02   -.2722E+02   -.2719E+02   -.2716E+02   -.2713E+02   -.2710E+02
0.1126E+04   0.3333E+02   -.3500E+02   -.3501E+02   -.3501E+02   -.3501E+02   -.3501E+02   -.3501E+02   -.3501E+02   -.3501E+02   -.3502E+02   -.3502E+02   -.3502E+02   -.3502E+02   -.3502E+02   -.3503E+02   -.3503E+02   -.3503E+02   -.3503E+02   -.3504E+02   -.3504E+02   -.3504E+02   -.3505E+02   -.3505E+02   -.3505E+02   -.3506E+02   -.3506E+02   -.3507E+02   -.3507E+02   -.3508E+02   -.3508E+02   -.3509E+02   -.3510E+02   -.3511E+02   -.3512E+02   -.3513E+02   -.3514E+02   -.3515E+02   -.3517E+02   -.3519E+02   -.3521E+02   -.3523E+02   -.3526E+02   -.3529E+02   -.3533E+02   -.3537E+02   -.3543E+02   -.3550E+02   -.3559E+02   -.3570E+02   -.3585E+02   -.3603E+02   -.3631E+02   -.3665E+02   -.3726E+02   -.3781E+02   -.3950E+02   -.3968E+02   -.4641E+02   -.5525E+02   -.6120E+02   -.4518E+02   -.4811E+02   -.4461E+02   -.4442E+02   -.4268E+02   -.4174E+02   -.4054E+02   -.3959E+02   -.3867E+02   -.3787E+02   -.3713E+02   -.3647E+02   -.3586E+02   -.3530E+02   -.3478E+02   -.3429E+02   -.3385E+02   -.3343E+02   -.3304E+02   -.3268E+02   -.3234E+02   -.3203E+02   -.3173E+02   -.3145E+02   -.3119E+02   -.3095E+02   -.3072E+02   -.3051E+02   -.3031E+02   -.3012E+02   -.2994E+02   -.2977E+02   -.2961E+02   -.2945E+02   -.2931E+02   -.2918E+02   -.2905E+02   -.2893E+02   -.2881E+02   -.2870E+02   -.2860E+02   -.2850E+02   -.2841E+02   -.2832E+02   -.2823E+02   -.2815E+02   -.2808E+02   -.2800E+02   -.2793E+02   -.2787E+02   -.2781E+02   -.2775E+02   -.2769E+02   -.2764E+02   -.2758E+02   -.2753E+02   -.2749E+02   -.2744E+02   -.2740E+02   -.2736E+02   -.2732E+02   -.2729E+02   -.2725E+02   -.2722E+02   -.2719E+02   -.2716E+02   -.2713E+02   -.2710E+02   -.2708E+02
0.1127E+04   0.3367E+02   -.3501E+02   -.3501E+02   -.3501E+02   -.3501E+02   -.3501E+02   -.3501E+02   -.3501E+02   -.3502E+02   -.3502E+02   -.3502E+02   -.3502E+02   -.3502E+02   -.3503E+02   -.3503E+02   -.3503E+02   -.3503E+02   -.3504E+02   -.3504E+02   -.3504E+02   -.3505E+02   -.3505E+02   -.3505E+02   -.3506E+02   -.3506E+02   -.3507E+02   -.3507E+02   -.3508E+02   -.3508E+02   -.3509E+02   -.3510E+02   -.3511E+02   -.3512E+02   -.3513E+02   -.3514E+02   -.3515E+02   -.3517E+02   -.3519E+02   -.3521E+02   -.3523E+02   -.3526E+02   -.3529E+02   -.3533E+02   -.3537E+02   -.3543E+02   -.3550E+02   -.3559E+02   -.3570E+02   -.3585E+02   -.3603E+02   -.3631E+02   -.3665E+02   -.3726E+02   -.3781E+02   -.3950E+02   -.3968E+02   -.4641E+02   -.5525E+02   -.6120E+02   -.4518E+02   -.4811E+02   -.4461E+02   -.4442E+02   -.4268E+02   -.4174E+02   -.4054E+02   -.3959E+02   -.3867E+02   -.3787E+02   -.3713E+02   -.3647E+02   -.3586E+02   -.3530E+02   -.3478E+02   -.3429E+02   -.3385E+02   -.3343E+02   -.3304E+02   -.3268E+02   -.3234E+02   -.3203E+02   -.3173E+02   -.3145E+02   -.3119E+02   -.3095E+02   -.3072E+02   -.3051E+02   -.3031E+02   -.3012E+02   -.2994E+02   -.2977E+02   -.2961E+02   -.2945E+02   -.2931E+02   -.2918E+02   -.2905E+02   -.2893E+02   -.2881E+02   -.2870E+02   -.2860E+02   -.2850E+02   -.2841E+02   -.2832E+02   -.2823E+02   -.2815E+02   -.2808E+02   -.2800E+02   -.2793E+02   -.2787E+02   -.2781E+02   -.2775E+02   -.2769E+02   -.2764E+02   -.2758E+02   -.2753E+02   -.2749E+02   -.2744E+02   -.2740E+02   -.2736E+02   -.2732E+02   -.2729E+02   -.2725E+02   -.2722E+02   -.2719E+02   -.2716E+02   -.2713E+02   -.2710E+02   -.2708E+02   -.2705E+02
0.1128E+04   0.3400E+02   -.3501E+02   -.3501E+02   -.3501E+02   -.3501E+02   -.3501E+02   -.3501E+02   -.3501E+02   -.3502E+02   -.3502E+02   -.3502E+02   -.3502E+02   -.3502E+02   -.3503E+02   -.3503E+02   -.3503E+02   -.3504E+02   -.3504E+02   -.3504E+02   -.3504E+02   -.3505E+02   -.3505E+02   -.3506E+02   -.3506E+02   -.3507E+02   -.3507E+02   -.3508E+02   -.3508E+02   -.3509E+02   -.3510E+02   -.3511E+02   -.3512E+02   -.3513E+02   -.3514E+02   -.3515E+02   -.3517E+02   -.3519E+02   -.3521E+02   -.3523E+02   -.3526E+02   -.3529E+02   -.3533E+02   -.3537E+02   -.3543E+02   -.3550E+02   -.3559E+02   -.3570E+02   -.3585E+02   -.3604E+02   -.3631E+02   -.3665E+02   -.3726E+02   -.3781E+02   -.3950E+02   -.3968E+02   -.4641E+02   -.5525E+02   -.6120E+02   -.4518E+02   -.4811E+02   -.4461E+02   -.4442E+02   -.4268E+02   -.4174E+02   -.4054E+02   -.3959E+02   -.3867E+02   -.3787E+02   -.3713E+02   -.3647E+02   -.3586E+02   -.3530E+02   -.3478E+02   -.3429E+02   -.3385E+02   -.3343E+02   -.3304E+02   -.3268E+02   -.3234E+02   -.3203E+02   -.3173E+02   -.3145E+02   -.3119E+02   -.3095E+02   -.3072E+02   -.3051E+02   -.3031E+02   -.3012E+02   -.2994E+02   -.2977E+02   -.2961E+02   -.2945E+02   -.2931E+02   -.2918E+02   -.2905E+02   -.2893E+02   -.2881E+02   -.2870E+02   -.2860E+02   -.2850E+02   -.2841E+02   -.2832E+02   -.2823E+02   -.2815E+02   -.2808E+02   -.2800E+02   -.2793E+02   -.2787E+02   -.2781E+02   -.2775E+02   -.2769E+02   -.2764E+02   -.2758E+02   -.2753E+02   -.2749E+02   -.2744E+02   -.2740E+02   -.2736E+02   -.2732E+02   -.2729E+02   -.2725E+02   -.2722E+02   -.2719E+02   -.2716E+02   -.2713E+02   -.2710E+02   -.2708E+02   -.2705E+02   -.2703E+02
0.1129E+04   0.3433E+02   -.3501E+02   -.3501E+02   -.3501E+02   -.3501E+02   -.3501E+02   -.3501E+02   -.3502E+02   -.3502E+02   -.3502E+02   -.3502E+02   -.3502E+02   -.3503E+02   -.3503E+02   -.3503E+02   -.3503E+02   -.3504E+02   -.3504E+02   -.3504E+02   -.3505E+02   -.3505E+02   -.3506E+02   -.3506E+02   -.3507E+02   -.3507E+02   -.3508E+02   -.3508E+02   -.3509E+02   -.3510E+02   -.3511E+02   -.3512E+02   -.3513E+02   -.3514E+02   -.3515E+02   -.3517E+02   -.3519E+02   -.3521E+02   -.3523E+02   -.3526E+02   -.3529E+02   -.3533E+02   -.3537E+02   -.3543E+02   -.3550E+02   -.3559E+02   -.3570E+02   -.3585E+02   -.3604E+02   -.3631E+02   -.3665E+02   -.3726E+02   -.3781E+02   -.3950E+02   -.3968E+02   -.4641E+02   -.5525E+02   -.6120E+02   -.4518E+02   -.4811E+02   -.4461E+02   -.4442E+02   -.4268E+02   -.4174E+02   -.4054E+02   -.3959E+02   -.3867E+02   -.3787E+02   -.3713E+02   -.3647E+02   -.3586E+02   -.3530E+02   -.3478E+02   -.3429E+02   -.3385E+02   -.3343E+02   -.3304E+02   -.3268E+02   -.3234E+02   -.3203E+02   -.3173E+02   -.3145E+02   -.3119E+02   -.3095E+02   -.3072E+02   -.3051E+02   -.3031E+02   -.3012E+02   -.2994E+02   -.2977E+02   -.2961E+02   -.2945E+02   -.2931E+02   -.2918E+02   -.2905E+02   -.2893E+02   -.2881E+02   -.2870E+02   -.2860E+02   -.2850E+02   -.2841E+02   -.2832E+02   -.2823E+02   -.2815E+02   -.2808E+02   -.2800E+02   -.2793E+02   -.2787E+02   -.2781E+02   -.2775E+02   -.2769E+02   -.2764E+02   -.2758E+02   -.2753E+02   -.2749E+02   -.2744E+02   -.2740E+02   -.2736E+02   -.2732E+02   -.2729E+02   -.2725E+02   -.2722E+02   -.2719E+02   -.2716E+02   -.2713E+02   -.2710E+02   -.2708E+02   -.2705E+02   -.2703E+02   -.2701E+02
0.1130E+04   0.3467E+02   -.3501E+02   -.3501E+02   -.3501E+02   -.3501E+02   -.3501E+02   -.3501E+02   -.3502E+02   -.3502E+02   -.3502E+02   -.3502E+02   -.3503E+02   -.3503E+02   -.3503E+02   -.3503E+02   -.3504E+02   -.3504E+02   -.3504E+02   -.3505E+02   -.3505E+02   -.3506E+02   -.3506E+02   -.3507E+02   -.3507E+02   -.3508E+02   -.3508E+02   -.3509E+02   -.3510E+02   -.3511E+02   -.3512E+02   -.3513E+02   -.3514E+02   -.3515E+02   -.3517E+02   -.3519E+02   -.3521E+02   -.3523E+02   -.3526E+02   -.3529E+02   -.3533E+02   -.3537E+02   -.3543E+02   -.3550E+02   -.3559E+02   -.3570E+02   -.3585E+02   -.3604E+02   -.3631E+02   -.3665E+02   -.3726E+02   -.3781E+02   -.3950E+02   -.3968E+02   -.4641E+02   -.5525E+02   -.6120E+02   -.4518E+02   -.4811E+02   -.4461E+02   -.4442E+02   -.4268E+02   -.4174E+02   -.4054E+02   -.3959E+02   -.3867E+02   -.3787E+02   -.3713E+02   -.3647E+02   -.3586E+02   -.3530E+02   -.3478E+02   -.3429E+02   -.3385E+02   -.3343E+02   -.3304E+02   -.3268E+02   -.3234E+02   -.3203E+02   -.3173E+02   -.3145E+02   -.3119E+02   -.3095E+02   -.3072E+02   -.3051E+02   -.3031E+02   -.3012E+02   -.2994E+02   -.2977E+02   -.2961E+02   -.2945E+02   -.2931E+02   -.2918E+02   -.2905E+02   -.2893E+02   -.2881E+02   -.2870E+02   -.2860E+02   -.2850E+02   -.2841E+02   -.2832E+02   -.2823E+02   -.2815E+02   -.2808E+02   -.2800E+02   -.2793E+02   -.2787E+02   -.2781E+02   -.2775E+02   -.2769E+02   -.2764E+02   -.2758E+02   -.2753E+02   -.2749E+02   -.2744E+02   -.2740E+02   -.2736E+02   -.2732E+02   -.2729E+02   -.2725E+02   -.2722E+02   -.2719E+02   -.2716E+02   -.2713E+02   -.2710E+02   -.2708E+02   -.2705E+02   -.2703E+02   -.2701E+02   -.2698E+02
0.1131E+04   0.3500E+02   -.3501E+02   -.3501E+02   -.3501E+02   -.3501E+02   -.3501E+02   -.3502E+02   -.3502E+02   -.3502E+02   -.3502E+02   -.3503E+02   -.3503E+02   -.3503E+02   -.3503E+02   -.3504E+02   -.3504E+02   -.3504E+02   -.3505E+02   -.3505E+02   -.3506E+02   -.3506E+02   -.3507E+02   -.3507E+02   -.3508E+02   -.3508E+02   -.3509E+02   -.3510E+02   -.3511E+02   -.3512E+02   -.3513E+02   -.3514E+02   -.3515E+02   -.3517E+02   -.3519E+02   -.3521E+02   -.3523E+02   -.3526E+02   -.3529E+02   -.3533E+02   -.3537E+02   -.3543E+02   -.3550E+02   -.3559E+02   -.3570E+02   -.3585E+02   -.3604E+02   -.3631E+02   -.3665E+02   -.3726E+02   -.3781E+02   -.3950E+02   -.3968E+02   -.4641E+02   -.5525E+02   -.6120E+02   -.4518E+02   -.4811E+02   -.4461E+02   -.4442E+02   -.4268E+02   -.4174E+02   -.4054E+02   -.3959E+02   -.3867E+02   -.3787E+02   -.3713E+02   -.3647E+02   -.3586E+02   -.3530E+02   -.3478E+02   -.3429E+02   -.3385E+02   -.3343E+02   -.3304E+02   -.3268E+02   -.3234E+02   -.3203E+02   -.3173E+02   -.3145E+02   -.3119E+02   -.3095E+02   -.3072E+02   -.3051E+02   -.3031E+02   -.3012E+02   -.2994E+02   -.2977E+02   -.2961E+02   -.2945E+02   -.2931E+02   -.2918E+02   -.2905E+02   -.2893E+02   -.2881E+02   -.2870E+02   -.2860E+02   -.2850E+02   -.2841E+02   -.2832E+02   -.2823E+02   -.2815E+02   -.2808E+02   -.2800E+02   -.2793E+02   -.2787E+02   -.2781E+02   -.2775E+02   -.2769E+02   -.2763E+02   -.2758E+02   -.2753E+02   -.2749E+02   -.2744E+02   -.2740E+02   -.2736E+02   -.2732E+02   -.2729E+02   -.2725E+02   -.2722E+02   -.2719E+02   -.2716E+02   -.2713E+02   -.2710E+02   -.2708E+02   -.2705E+02   -.2703E+02   -.2701E+02   -.2698E+02   -.2696E+02
0.1132E+04   0.3533E+02   -.3501E+02   -.3501E+02   -.3501E+02   -.3501E+02   -.3501E+02   -.3502E+02   -.3502E+02   -.3502E+02   -.3502E+02   -.3503E+02   -.3503E+02   -.3503E+02   -.3504E+02   -.3504E+02   -.3504E+02   -.3505E+02   -.3505E+02   -.3506E+02   -.3506E+02   -.3507E+02   -.3507E+02   -.3508E+02   -.3508E+02   -.3509E+02   -.3510E+02   -.3511E+02   -.3512E+02   -.3513E+02   -.3514E+02   -.3515E+02   -.3517E+02   -.3519E+02   -.3521E+02   -.3523E+02   -.3526E+02   -.3529E+02   -.3533E+02   -.3537E+02   -.3543E+02   -.3550E+02   -.3559E+02   -.3570E+02   -.3585E+02   -.3604E+02   -.3631E+02   -.3665E+02   -.3726E+02   -.3781E+02   -.3950E+02   -.3968E+02   -.4641E+02   -.5525E+02   -.6120E+02   -.4518E+02   -.4811E+02   -.4461E+02   -.4442E+02   -.4268E+02   -.4174E+02   -.4054E+02   -.3959E+02   -.3867E+02   -.3787E+02   -.3713E+02   -.3647E+02   -.3586E+02   -.3530E+02   -.3478E+02   -.3429E+02   -.3385E+02   -.3343E+02   -.3304E+02   -.3268E+02   -.3234E+02   -.3203E+02   -.3173E+02   -.3145E+02   -.3119E+02   -.3095E+02   -.3072E+02   -.3051E+02   -.3031E+02   -.3012E+02   -.2994E+02   -.2977E+02   -.2961E+02   -.2945E+02   -.2931E+02   -.2918E+02   -.2905E+02   -.2893E+02   -.2881E+02   -.2870E+02   -.2860E+02   -.2850E+02   -.2841E+02   -.2832E+02   -.2823E+02   -.2815E+02   -.2808E+02   -.2800E+02   -.2793E+02   -.2787E+02   -.2781E+02   -.2775E+02   -.2769E+02   -.2763E+02   -.2758E+02   -.2753E+02   -.2749E+02   -.2744E+02   -.2740E+02   -.2736E+02   -.2732E+02   -.2729E+02   -.2725E+02   -.2722E+02   -.2719E+02   -.2716E+02   -.2713E+02   -.2710E+02   -.2708E+02   -.2705E+02   -.2703E+02   -.2701E+02   -.2698E+02   -.2696E+02   -.2694E+02
0.1133E+04   0.3567E+02   -.3501E+02   -.3501E+02   -.3501E+02   -.3501E+02   -.3502E+02   -.3502E+02   -.3502E+02   -.3502E+02   -.3503E+02   -.3503E+02   -.3503E+02   -.3504E+02   -.3504E+02   -.3504E+02   -.3505E+02   -.3505E+02   -.3506E+02   -.3506E+02   -.3507E+02   -.3507E+02   -.3508E+02   -.3508E+02   -.3509E+02   -.3510E+02   -.3511E+02   -.3512E+02   -.3513E+02   -.3514E+02   -.3515E+02   -.3517E+02   -.3519E+02   -.3521E+02   -.3523E+02   -.3526E+02   -.3529E+02   -.3533E+02   -.3537E+02   -.3543E+02   -.3550E+02   -.3559E+02   -.3570E+02   -.3585E+02   -.3604E+02   -.3631E+02   -.3665E+02   -.3726E+02   -.3781E+02   -.3950E+02   -.3969E+02   -.4641E+02   -.5525E+02   -.6120E+02   -.4518E+02   -.4811E+02   -.4461E+02   -.4442E+02   -.4268E+02   -.4174E+02   -.4054E+02   -.3959E+02   -.3867E+02   -.3787E+02   -.3713E+02   -.3647E+02   -.3586E+02   -.3530E+02   -.3478E+02   -.3429E+02   -.3385E+02   -.3343E+02   -.3304E+02   -.3268E+02   -.3234E+02   -.3203E+02   -.3173E+02   -.3145E+02   -.3119E+02   -.3095E+02   -.3072E+02   -.3051E+02   -.3031E+02   -.3012E+02   -.2994E+02   -.2977E+02   -.2961E+02   -.2945E+02   -.2931E+02   -.2918E+02   -.2905E+02   -.2893E+02   -.2881E+02   -.2870E+02   -.2860E+02   -.2850E+02   -.2841E+02   -.2832E+02   -.2823E+02   -.2815E+02   -.2808E+02   -.2800E+02   -.2793E+02   -.2787E+02   -.2781E+02   -.2775E+02   -.2769E+02   -.2763E+02   -.2758E+02   -.2753E+02   -.2749E+02   -.2744E+02   -.2740E+02   -.2736E+02   -.2732E+02   -.2729E+02   -.2725E+02   -.2722E+02   -.2719E+02   -.2716E+02   -.2713E+02   -.2710E+02   -.2708E+02   -.2705E+02   -.2703E+02   -.2701E+02   -.2698E+02   -.2696E+02   -.2694E+02   -.2692E+02
0.1134E+04   0.3600E+02   -.3501E+02   -.3501E+02   -.3501E+02   -.3501E+02   -.3502E+02   -.3502E+02   -.3502E+02   -.3503E+02   -.3503E+02   -.3503E+02   -.3503E+02   -.3504E+02   -.3504E+02   -.3505E+02   -.3505E+02   -.3505E+02   -.3506E+02   -.3506E+02   -.3507E+02   -.3508E+02   -.3508E+02   -.3509E+02   -.3510E+02   -.3511E+02   -.3512E+02   -.3513E+02   -.3514E+02   -.3515E+02   -.3517E+02   -.3519E+02   -.3521E+02   -.3523E+02   -.3526E+02   -.3529E+02   -.3533E+02   -.3537E+02   -.3543E+02   -.3550E+02   -.3559E+02   -.3570E+02   -.3585E+02   -.3604E+02   -.3631E+02   -.3665E+02   -.3726E+02   -.3781E+02   -.3950E+02   -.3969E+02   -.4641E+02   -.5525E+02   -.6120E+02   -.4518E+02   -.4811E+02   -.4461E+02   -.4442E+02   -.4268E+02   -.4174E+02   -.4054E+02   -.3959E+02   -.3867E+02   -.3787E+02   -.3713E+02   -.3647E+02   -.3586E+02   -.3530E+02   -.3478E+02   -.3429E+02   -.3385E+02   -.3343E+02   -.3304E+02   -.3268E+02   -.3234E+02   -.3203E+02   -.3173E+02   -.3145E+02   -.3119E+02   -.3095E+02   -.3072E+02   -.3051E+02   -.3031E+02   -.3011E+02   -.2994E+02   -.2977E+02   -.2961E+02   -.2945E+02   -.2931E+02   -.2918E+02   -.2905E+02   -.2893E+02   -.2881E+02   -.2870E+02   -.2860E+02   -.2850E+02   -.2841E+02   -.2832E+02   -.2823E+02   -.2815E+02   -.2808E+02   -.2800E+02   -.2793E+02   -.2787E+02   -.2781E+02   -.2775E+02   -.2769E+02   -.2763E+02   -.2758E+02   -.2753E+02   -.2749E+02   -.2744E+02   -.2740E+02   -.2736E+02   -.2732E+02   -.2729E+02   -.2725E+02   -.2722E+02   -.2719E+02   -.2716E+02   -.2713E+02   -.2710E+02   -.2708E+02   -.2705E+02   -.2703E+02   -.2701E+02   -.2698E+02   -.2696E+02   -.2694E+02   -.2692E+02   -.2691E+02
0.1135E+04   0.3633E+02   -.3501E+02   -.3501E+02   -.3501E+02   -.3502E+02   -.3502E+02   -.3502E+02   -.3502E+02   -.3503E+02   -.3503E+02   -.3503E+02   -.3504E+02   -.3504E+02   -.3505E+02   -.3505E+02   -.3505E+02   -.3506E+02   -.3506E+02   -.3507E+02   -.3508E+02   -.3508E+02   -.3509E+02   -.3510E+02   -.3511E+02   -.3512E+02   -.3513E+02   -.3514E+02   -.3515E+02   -.3517E+02   -.3519E+02   -.3521E+02   -.3523E+02   -.3526E+02   -.3529E+02   -.3533E+02   -.3537E+02   -.3543E+02   -.3550E+02   -.3559E+02   -.3570E+02   -.3585E+02   -.3604E+02   -.3631E+02   -.3665E+02   -.3726E+02   -.3781E+02   -.3950E+02   -.3969E+02   -.4641E+02   -.5525E+02   -.6120E+02   -.4518E+02   -.4811E+02   -.4461E+02   -.4442E+02   -.4268E+02   -.4174E+02   -.4054E+02   -.3959E+02   -.3867E+02   -.3787E+02   -.3713E+02   -.3647E+02   -.3586E+02   -.3530E+02   -.3478E+02   -.3429E+02   -.3385E+02   -.3343E+02   -.3304E+02   -.3268E+02   -.3234E+02   -.3203E+02   -.3173E+02   -.3145E+02   -.3119E+02   -.3095E+02   -.3072E+02   -.3051E+02   -.3031E+02   -.3011E+02   -.2994E+02   -.2977E+02   -.2961E+02   -.2945E+02   -.2931E+02   -.2918E+02   -.2905E+02   -.2893E+02   -.2881E+02   -.2870E+02   -.2860E+02   -.2850E+02   -.2841E+02   -.2832E+02   -.2823E+02   -.2815E+02   -.2808E+02   -.2800E+02   -.2793E+02   -.2787E+02   -.2781E+02   -.2775E+02   -.2769E+02   -.2763E+02   -.2758E+02   -.2753E+02   -.2749E+02   -.2744E+02   -.2740E+02   -.2736E+02   -.2732E+02   -.2729E+02   -.2725E+02   -.2722E+02   -.2719E+02   -.2716E+02   -.2713E+02   -.2710E+02   -.2708E+02   -.2705E+02   -.2703E+02   -.2701E+02   -.2698E+02   -.2696E+02   -.2694E+02   -.2692E+02   -.2691E+02   -.2689E+02
0.1136E+04   0.3667E+02   -.3501E+02   -.3501E+02   -.3501E+02   -.3502E+02   -.3502E+02   -.3502E+02   -.3503E+02   -.3503E+02   -.3503E+02   -.3504E+02   -.3504E+02   -.3504E+02   -.3505E+02   -.3505E+02   -.3506E+02   -.3506E+02   -.3507E+02   -.3508E+02   -.3508E+02   -.3509E+02   -.3510E+02   -.3511E+02   -.3512E+02   -.3513E+02   -.3514E+02   -.3515E+02   -.3517E+02   -.3519E+02   -.3521E+02   -.3523E+02   -.3526E+02   -.3529E+02   -.3533E+02   -.3537E+02   -.3543E+02   -.3550E+02   -.3559E+02   -.3570E+02   -.3585E+02   -.3604E+02   -.3631E+02   -.3665E+02   -.3726E+02   -.3781E+02   -.3950E+02   -.3969E+02   -.4641E+02   -.5525E+02   -.6120E+02   -.4518E+02   -.4811E+02   -.4461E+02   -.4442E+02   -.4268E+02   -.4174E+02   -.4054E+02   -.3959E+02   -.3867E+02   -.3787E+02   -.3713E+02   -.3647E+02   -.3586E+02   -.3530E+02   -.3478E+02   -.3429E+02   -.3385E+02   -.3343E+02   -.3304E+02   -.3268E+02   -.3234E+02   -.3203E+02   -.3173E+02   -.3145E+02   -.3119E+02   -.3095E+02   -.3072E+02   -.3051E+02   -.3031E+02   -.3011E+02   -.2994E+02   -.2977E+02   -.2961E+02   -.2945E+02   -.2931E+02   -.2918E+02   -.2905E+02   -.2893E+02   -.2881E+02   -.2870E+02   -.2860E+02   -.2850E+02   -.2841E+02   -.2832E+02   -.2823E+02   -.2815E+02   -.2808E+02   -.2800E+02   -.2793E+02   -.2787E+02   -.2781E+02   -.2775E+02   -.2769E+02   -.2763E+02   -.2758E+02   -.2753E+02   -.2749E+02   -.2744E+02   -.2740E+02   -.2736E+02   -.2732E+02   -.2729E+02   -.2725E+02   -.2722E+02   -.2719E+02   -.2716E+02   -.2713E+02   -.2710E+02   -.2708E+02   -.2705E+02   -.2703E+02   -.2701E+02   -.2698E+02   -.2696E+02   -.2694E+02   -.2692E+02   -.2691E+02   -.2689E+02   -.2687E+02
0.1137E+04   0.3700E+02   -.3501E+02   -.3501E+02   -.3501E+02   -.3502E+02   -.3502E+02   -.3502E+02   -.3503E+02   -.3503E+02   -.3503E+02   -.3504E+02   -.3504E+02   -.3505E+02   -.3505E+02   -.3506E+02   -.3506E+02   -.3507E+02   -.3507E+02   -.3508E+02   -.3509E+02   -.3510E+02   -.3511E+02   -.3512E+02   -.3513E+02   -.3514E+02   -.3515E+02   -.3517E+02   -.3519E+02   -.3521E+02   -.3523E+02   -.3526E+02   -.3529E+02   -.3533E+02   -.3537E+02   -.3543E+02   -.3550E+02   -.3559E+02   -.3570E+02   -.3585E+02   -.3604E+02   -.3631E+02   -.3665E+02   -.3726E+02   -.3781E+02   -.3950E+02   -.3969E+02   -.4641E+02   -.5525E+02   -.6120E+02   -.4518E+02   -.4811E+02   -.4461E+02   -.4442E+02   -.4268E+02   -.4174E+02   -.4054E+02   -.3959E+02   -.3867E+02   -.3787E+02   -.3713E+02   -.3647E+02   -.3586E+02   -.3530E+02   -.3478E+02   -.3429E+02   -.3385E+02   -.3343E+02   -.3304E+02   -.3268E+02   -.3234E+02   -.3203E+02   -.3173E+02   -.3145E+02   -.3119E+02   -.3095E+02   -.3072E+02   -.3051E+02   -.3031E+02   -.3011E+02   -.2994E+02   -.2977E+02   -.2961E+02   -.2945E+02   -.2931E+02   -.2918E+02   -.2905E+02   -.2893E+02   -.2881E+02   -.2870E+02   -.2860E+02   -.2850E+02   -.2841E+02   -.2832E+02   -.2823E+02   -.2815E+02   -.2808E+02   -.2800E+02   -.2793E+02   -.2787E+02   -.2781E+02   -.2775E+02   -.2769E+02   -.2763E+02   -.2758E+02   -.2753E+02   -.2749E+02   -.2744E+02   -.2740E+02   -.2736E+02   -.2732E+02   -.2729E+02   -.2725E+02   -.2722E+02   -.2719E+02   -.2716E+02   -.2713E+02   -.2710E+02   -.2708E+02   -.2705E+02   -.2703E+02   -.2701E+02   -.2698E+02   -.2696E+02   -.2694E+02   -.2692E+02   -.2691E+02   -.2689E+02   -.2687E+02   -.2686E+02
0.1138E+04   0.3733E+02   -.3501E+02   -.3501E+02   -.3502E+02   -.3502E+02   -.3502E+02   -.3503E+02   -.3503E+02   -.3503E+02   -.3504E+02   -.3504E+02   -.3505E+02   -.3505E+02   -.3506E+02   -.3506E+02   -.3507E+02   -.3507E+02   -.3508E+02   -.3509E+02   -.3510E+02   -.3511E+02   -.3512E+02   -.3513E+02   -.3514E+02   -.3515E+02   -.3517E+02   -.3519E+02   -.3521E+02   -.3523E+02   -.3526E+02   -.3529E+02   -.3533E+02   -.3537E+02   -.3543E+02   -.3550E+02   -.3559E+02   -.3570E+02   -.3585E+02   -.3604E+02   -.3631E+02   -.3665E+02   -.3726E+02   -.3781E+02   -.3950E+02   -.3969E+02   -.4641E+02   -.5525E+02   -.6120E+02   -.4518E+02   -.4811E+02   -.4461E+02   -.4442E+02   -.4268E+02   -.4174E+02   -.4054E+02   -.3959E+02   -.3867E+02   -.3787E+02   -.3713E+02   -.3647E+02   -.3586E+02   -.3530E+02   -.3478E+02   -.3429E+02   -.3385E+02   -.3343E+02   -.3304E+02   -.3268E+02   -.3234E+02   -.3203E+02   -.3173E+02   -.3145E+02   -.3119E+02   -.3095E+02   -.3072E+02   -.3051E+02   -.3031E+02   -.3011E+02   -.2994E+02   -.2977E+02   -.2961E+02   -.2945E+02   -.2931E+02   -.2918E+02   -.2905E+02   -.2893E+02   -.2881E+02   -.2870E+02   -.2860E+02   -.2850E+02   -.2841E+02   -.2832E+02   -.2823E+02   -.2815E+02   -.2808E+02   -.2800E+02   -.2793E+02   -.2787E+02   -.2781E+02   -.2775E+02   -.2769E+02   -.2763E+02   -.2758E+02   -.2753E+02   -.2749E+02   -.2744E+02   -.2740E+02   -.2736E+02   -.2732E+02   -.2729E+02   -.2725E+02   -.2722E+02   -.2719E+02   -.2716E+02   -.2713E+02   -.2710E+02   -.2708E+02   -.2705E+02   -.2703E+02   -.2701E+02   -.2698E+02   -.2696E+02   -.2694E+02   -.2692E+02   -.2691E+02   -.2689E+02   -.2687E+02   -.2686E+02   -.2684E+02
0.1139E+04   0.3767E+02   -.3501E+02   -.3501E+02   -.3502E+02   -.3502E+02   -.3502E+02   -.3503E+02   -.3503E+02   -.3504E+02   -.3504E+02   -.3504E+02   -.3505E+02   -.3505E+02   -.3506E+02   -.3507E+02   -.3507E+02   -.3508E+02   -.3509E+02   -.3510E+02   -.3510E+02   -.3511E+02   -.3513E+02   -.3514E+02   -.3515E+02   -.3517E+02   -.3519E+02   -.3521E+02   -.3523E+02   -.3526E+02   -.3529E+02   -.3533E+02   -.3537E+02   -.3543E+02   -.3550E+02   -.3559E+02   -.3570E+02   -.3585E+02   -.3604E+02   -.3631E+02   -.3665E+02   -.3726E+02   -.3781E+02   -.3950E+02   -.3969E+02   -.4641E+02   -.5525E+02   -.6120E+02   -.4518E+02   -.4811E+02   -.4461E+02   -.4442E+02   -.4268E+02   -.4174E+02   -.4054E+02   -.3959E+02   -.3867E+02   -.3787E+02   -.3713E+02   -.3647E+02   -.3586E+02   -.3530E+02   -.3478E+02   -.3429E+02   -.3385E+02   -.3343E+02   -.3304E+02   -.3268E+02   -.3234E+02   -.3203E+02   -.3173E+02   -.3145E+02   -.3119E+02   -.3095E+02   -.3072E+02   -.3051E+02   -.3031E+02   -.3011E+02   -.2994E+02   -.2977E+02   -.2961E+02   -.2945E+02   -.2931E+02   -.2918E+02   -.2905E+02   -.2893E+02   -.2881E+02   -.2870E+02   -.2860E+02   -.2850E+02   -.2841E+02   -.2832E+02   -.2823E+02   -.2815E+02   -.2808E+02   -.2800E+02   -.2793E+02   -.2787E+02   -.2781E+02   -.2775E+02   -.2769E+02   -.2763E+02   -.2758E+02   -.2753E+02   -.2749E+02   -.2744E+02   -.2740E+02   -.2736E+02   -.2732E+02   -.2729E+02   -.2725E+02   -.2722E+02   -.2719E+02   -.2716E+02   -.2713E+02   -.2710E+02   -.2708E+02   -.2705E+02   -.2703E+02   -.2701E+02   -.2698E+02   -.2696E+02   -.2694E+02   -.2692E+02   -.2691E+02   -.2689E+02   -.2687E+02   -.2686E+02   -.2684E+02   -.2682E+02
0.1140E+04   0.3800E+02   -.3501E+02   -.3501E+02   -.3502E+02   -.3502E+02   -.3503E+02   -.3503E+02   -.3503E+02   -.3504E+02   -.3504E+02   -.3505E+02   -.3505E+02   -.3506E+02   -.3506E+02   -.3507E+02   -.3508E+02   -.3509E+02   -.3509E+02   -.3510E+02   -.3511E+02   -.3513E+02   -.3514E+02   -.3515E+02   -.3517E+02   -.3518E+02   -.3521E+02   -.3523E+02   -.3526E+02   -.3529E+02   -.3533E+02   -.3537E+02   -.3543E+02   -.3550E+02   -.3559E+02   -.3570E+02   -.3585E+02   -.3604E+02   -.3631E+02   -.3665E+02   -.3726E+02   -.3781E+02   -.3950E+02   -.3969E+02   -.4641E+02   -.5525E+02   -.6120E+02   -.4518E+02   -.4811E+02   -.4461E+02   -.4442E+02   -.4268E+02   -.4174E+02   -.4054E+02   -.3959E+02   -.3867E+02   -.3787E+02   -.3713E+02   -.3647E+02   -.3586E+02   -.3530E+02   -.3478E+02   -.3429E+02   -.3385E+02   -.3343E+02   -.3304E+02   -.3268E+02   -.3234E+02   -.3203E+02   -.3173E+02   -.3145E+02   -.3119E+02   -.3095E+02   -.3072E+02   -.3051E+02   -.3031E+02   -.3011E+02   -.2994E+02   -.2977E+02   -.2961E+02   -.2945E+02   -.2931E+02   -.2918E+02   -.2905E+02   -.2893E+02   -.2881E+02   -.2870E+02   -.2860E+02   -.2850E+02   -.2841E+02   -.2832E+02   -.2823E+02   -.2815E+02   -.2808E+02   -.2800E+02   -.2793E+02   -.2787E+02   -.2780E+02   -.2775E+02   -.2769E+02   -.2763E+02   -.2758E+02   -.2753E+02   -.2749E+02   -.2744E+02   -.2740E+02   -.2736E+02   -.2732E+02   -.2729E+02   -.2725E+02   -.2722E+02   -.2719E+02   -.2716E+02   -.2713E+02   -.2710E+02   -.2708E+02   -.2705E+02   -.2703E+02   -.2701E+02   -.2698E+02   -.2696E+02   -.2694E+02   -.2692E+02   -.2691E+02   -.2689E+02   -.2687E+02   -.2686E+02   -.2684E+02   -.2682E+02   -.2681E+02
0.1141E+04   0.3833E+02   -.3501E+02   -.3502E+02   -.3502E+02   -.3502E+02   -.3503E+02   -.3503E+02   -.3504E+02   -.3504E+02   -.3505E+02   -.3505E+02   -.3506E+02   -.3506E+02   -.3507E+02   -.3508E+02   -.3509E+02   -.3509E+02   -.3510E+02   -.3511E+02   -.3512E+02   -.3514E+02   -.3515E+02   -.3517E+02   -.3518E+02   -.3520E+02   -.3523E+02   -.3526E+02   -.3529E+02   -.3533E+02   -.3537E+02   -.3543E+02   -.3550E+02   -.3559E+02   -.3570E+02   -.3585E+02   -.3604E+02   -.3631E+02   -.3665E+02   -.3726E+02   -.3781E+02   -.3950E+02   -.3969E+02   -.4641E+02   -.5525E+02   -.6120E+02   -.4518E+02   -.4811E+02   -.4461E+02   -.4442E+02   -.4268E+02   -.4174E+02   -.4054E+02   -.3959E+02   -.3867E+02   -.3787E+02   -.3713E+02   -.3647E+02   -.3586E+02   -.3530E+02   -.3478E+02   -.3429E+02   -.3385E+02   -.3343E+02   -.3304E+02   -.3268E+02   -.3234E+02   -.3203E+02   -.3173E+02   -.3145E+02   -.3119E+02   -.3095E+02   -.3072E+02   -.3051E+02   -.3031E+02   -.3011E+02   -.2994E+02   -.2977E+02   -.2961E+02   -.2945E+02   -.2931E+02   -.2918E+02   -.2905E+02   -.2893E+02   -.2881E+02   -.2870E+02   -.2860E+02   -.2850E+02   -.2841E+02   -.2832E+02   -.2823E+02   -.2815E+02   -.2808E+02   -.2800E+02   -.2793E+02   -.2787E+02   -.2780E+02   -.2775E+02   -.2769E+02   -.2763E+02   -.2758E+02   -.2753E+02   -.2749E+02   -.2744E+02   -.2740E+02   -.2736E+02   -.2732E+02   -.2729E+02   -.2725E+02   -.2722E+02   -.2719E+02   -.2716E+02   -.2713E+02   -.2710E+02   -.2708E+02   -.2705E+02   -.2703E+02   -.2701E+02   -.2698E+02   -.2696E+02   -.2694E+02   -.2692E+02   -.2691E+02   -.2689E+02   -.2687E+02   -.2685E+02   -.2684E+02   -.2682E+02   -.2681E+02   -.2680E+02
0.1142E+04   0.3867E+02   -.3501E+02   -.3502E+02   -.3502E+02   -.3502E+02   -.3503E+02   -.3503E+02   -.3504E+02   -.3504E+02   -.3505E+02   -.3506E+02   -.3506E+02   -.3507E+02   -.3508E+02   -.3508E+02   -.3509E+02   -.3510E+02   -.3511E+02   -.3512E+02   -.3514E+02   -.3515E+02   -.3517E+02   -.3518E+02   -.3520E+02   -.3523E+02   -.3525E+02   -.3529E+02   -.3533E+02   -.3537E+02   -.3543E+02   -.3550E+02   -.3559E+02   -.3570E+02   -.3585E+02   -.3604E+02   -.3631E+02   -.3665E+02   -.3726E+02   -.3781E+02   -.3950E+02   -.3969E+02   -.4641E+02   -.5525E+02   -.6120E+02   -.4518E+02   -.4811E+02   -.4461E+02   -.4442E+02   -.4268E+02   -.4174E+02   -.4054E+02   -.3959E+02   -.3867E+02   -.3787E+02   -.3713E+02   -.3647E+02   -.3586E+02   -.3530E+02   -.3478E+02   -.3429E+02   -.3385E+02   -.3343E+02   -.3304E+02   -.3268E+02   -.3234E+02   -.3203E+02   -.3173E+02   -.3145E+02   -.3119E+02   -.3095E+02   -.3072E+02   -.3051E+02   -.3031E+02   -.3011E+02   -.2993E+02   -.2977E+02   -.2961E+02   -.2945E+02   -.2931E+02   -.2918E+02   -.2905E+02   -.2893E+02   -.2881E+02   -.2870E+02   -.2860E+02   -.2850E+02   -.2841E+02   -.2832E+02   -.2823E+02   -.2815E+02   -.2808E+02   -.2800E+02   -.2793E+02   -.2787E+02   -.2780E+02   -.2775E+02   -.2769E+02   -.2763E+02   -.2758E+02   -.2753E+02   -.2749E+02   -.2744E+02   -.2740E+02   -.2736E+02   -.2732E+02   -.2729E+02   -.2725E+02   -.2722E+02   -.2719E+02   -.2716E+02   -.2713E+02   -.2710E+02   -.2708E+02   -.2705E+02   -.2703E+02   -.2701E+02   -.2698E+02   -.2696E+02   -.2694E+02   -.2692E+02   -.2691E+02   -.2689E+02   -.2687E+02   -.2685E+02   -.2684E+02   -.2682E+02   -.2681E+02   -.2680E+02   -.2678E+02
0.1143E+04   0.3900E+02   -.3501E+02   -.3502E+02   -.3502E+02   -.3503E+02   -.3503E+02   -.3504E+02   -.3504E+02   -.3505E+02   -.3505E+02   -.3506E+02   -.3507E+02   -.3507E+02   -.3508E+02   -.3509E+02   -.3510E+02   -.3511E+02   -.3512E+02   -.3513E+02   -.3515E+02   -.3516E+02   -.3518E+02   -.3520E+02   -.3523E+02   -.3525E+02   -.3529E+02   -.3532E+02   -.3537E+02   -.3543E+02   -.3550E+02   -.3559E+02   -.3570E+02   -.3585E+02   -.3603E+02   -.3631E+02   -.3665E+02   -.3726E+02   -.3781E+02   -.3950E+02   -.3969E+02   -.4641E+02   -.5525E+02   -.6120E+02   -.4518E+02   -.4811E+02   -.4461E+02   -.4442E+02   -.4268E+02   -.4174E+02   -.4054E+02   -.3959E+02   -.3867E+02   -.3787E+02   -.3713E+02   -.3647E+02   -.3586E+02   -.3530E+02   -.3478E+02   -.3430E+02   -.3385E+02   -.3343E+02   -.3304E+02   -.3268E+02   -.3234E+02   -.3203E+02   -.3173E+02   -.3145E+02   -.3119E+02   -.3095E+02   -.3072E+02   -.3051E+02   -.3031E+02   -.3011E+02   -.2993E+02   -.2977E+02   -.2961E+02   -.2945E+02   -.2931E+02   -.2918E+02   -.2905E+02   -.2893E+02   -.2881E+02   -.2870E+02   -.2860E+02   -.2850E+02   -.2841E+02   -.2832E+02   -.2823E+02   -.2815E+02   -.2808E+02   -.2800E+02   -.2793E+02   -.2787E+02   -.2780E+02   -.2774E+02   -.2769E+02   -.2763E+02   -.2758E+02   -.2753E+02   -.2749E+02   -.2744E+02   -.2740E+02   -.2736E+02   -.2732E+02   -.2729E+02   -.2725E+02   -.2722E+02   -.2719E+02   -.2716E+02   -.2713E+02   -.2710E+02   -.2708E+02   -.2705E+02   -.2703E+02   -.2701E+02   -.2698E+02   -.2696E+02   -.2694E+02   -.2692E+02   -.2691E+02   -.2689E+02   -.2687E+02   -.2685E+02   -.2684E+02   -.2682E+02   -.2681E+02   -.2680E+02   -.2678E+02   -.2677E+02
0.1144E+04   0.3933E+02   -.3501E+02   -.3502E+02   -.3502E+02   -.3503E+02   -.3503E+02   -.3504E+02   -.3504E+02   -.3505E+02   -.3506E+02   -.3506E+02   -.3507E+02   -.3508E+02   -.3509E+02   -.3510E+02   -.3511E+02   -.3512E+02   -.3513E+02   -.3515E+02   -.3516E+02   -.3518E+02   -.3520E+02   -.3523E+02   -.3525E+02   -.3529E+02   -.3532E+02   -.3537E+02   -.3543E+02   -.3550E+02   -.3558E+02   -.3570E+02   -.3585E+02   -.3603E+02   -.3631E+02   -.3665E+02   -.3726E+02   -.3781E+02   -.3950E+02   -.3969E+02   -.4641E+02   -.5525E+02   -.6120E+02   -.4517E+02   -.4811E+02   -.4461E+02   -.4442E+02   -.4268E+02   -.4174E+02   -.4054E+02   -.3959E+02   -.3867E+02   -.3787E+02   -.3713E+02   -.3647E+02   -.3586E+02   -.3530E+02   -.3478E+02   -.3430E+02   -.3385E+02   -.3343E+02   -.3304E+02   -.3268E+02   -.3234E+02   -.3203E+02   -.3173E+02   -.3145E+02   -.3119E+02   -.3095E+02   -.3072E+02   -.3051E+02   -.3031E+02   -.3011E+02   -.2993E+02   -.2977E+02   -.2961E+02   -.2945E+02   -.2931E+02   -.2918E+02   -.2905E+02   -.2893E+02   -.2881E+02   -.2870E+02   -.2860E+02   -.2850E+02   -.2841E+02   -.2832E+02   -.2823E+02   -.2815E+02   -.2808E+02   -.2800E+02   -.2793E+02   -.2787E+02   -.2780E+02   -.2774E+02   -.2769E+02   -.2763E+02   -.2758E+02   -.2753E+02   -.2749E+02   -.2744E+02   -.2740E+02   -.2736E+02   -.2732E+02   -.2728E+02   -.2725E+02   -.2722E+02   -.2719E+02   -.2716E+02   -.2713E+02   -.2710E+02   -.2708E+02   -.2705E+02   -.2703E+02   -.2701E+02   -.2698E+02   -.2696E+02   -.2694E+02   -.2692E+02   -.2691E+02   -.2689E+02   -.2687E+02   -.2685E+02   -.2684E+02   -.2682E+02   -.2681E+02   -.2680E+02   -.2678E+02   -.2677E+02   -.2676E+02
0.1145E+04   0.3967E+02   -.3502E+02   -.3502E+02   -.3502E+02   -.3503E+02   -.3504E+02   -.3504E+02   -.3505E+02   -.3505E+02   -.3506E+02   -.3507E+02   -.3508E+02   -.3509E+02   -.3510E+02   -.3511E+02   -.3512E+02   -.3513E+02   -.3515E+02   -.3516E+02   -.3518E+02   -.3520E+02   -.3522E+02   -.3525E+02   -.3528E+02   -.3532E+02   -.3537E+02   -.3543E+02   -.3550E+02   -.3558E+02   -.3570E+02   -.3584E+02   -.3603E+02   -.3631E+02   -.3665E+02   -.3725E+02   -.3781E+02   -.3950E+02   -.3969E+02   -.4641E+02   -.5525E+02   -.6119E+02   -.4517E+02   -.4811E+02   -.4461E+02   -.4442E+02   -.4268E+02   -.4174E+02   -.4054E+02   -.3959E+02   -.3867E+02   -.3787E+02   -.3713E+02   -.3647E+02   -.3586E+02   -.3530E+02   -.3478E+02   -.3430E+02   -.3385E+02   -.3343E+02   -.3304E+02   -.3268E+02   -.3234E+02   -.3203E+02   -.3173E+02   -.3145E+02   -.3119E+02   -.3095E+02   -.3072E+02   -.3051E+02   -.3031E+02   -.3011E+02   -.2993E+02   -.2977E+02   -.2961E+02   -.2945E+02   -.2931E+02   -.2918E+02   -.2905E+02   -.2893E+02   -.2881E+02   -.2870E+02   -.2860E+02   -.2850E+02   -.2841E+02   -.2832E+02   -.2823E+02   -.2815E+02   -.2808E+02   -.2800E+02   -.2793E+02   -.2787E+02   -.2780E+02   -.2774E+02   -.2769E+02   -.2763E+02   -.2758E+02   -.2753E+02   -.2749E+02   -.2744E+02   -.2740E+02   -.2736E+02   -.2732E+02   -.2728E+02   -.2725E+02   -.2722E+02   -.2719E+02   -.2716E+02   -.2713E+02   -.2710E+02   -.2708E+02   -.2705E+02   -.2703E+02   -.2701E+02   -.2698E+02   -.2696E+02   -.2694E+02   -.2692E+02   -.2691E+02   -.2689E+02   -.2687E+02   -.2685E+02   -.2684E+02   -.2682E+02   -.2681E+02   -.2680E+02   -.2678E+02   -.2677E+02   -.2676E+02   -.2675E+02
0.1146E+04   0.4000E+02   -.3502E+02   -.3502E+02   -.3503E+02   -.3503E+02   -.3504E+02   -.3504E+02   -.3505E+02   -.3506E+02   -.3507E+02   -.3507E+02   -.3508E+02   -.3509E+02   -.3510E+02   -.3512E+02   -.3513E+02   -.3514E+02   -.3516E+02   -.3518E+02   -.3520E+02   -.3522E+02   -.3525E+02   -.3528E+02   -.3532E+02   -.3537E+02   -.3542E+02   -.3549E+02   -.3558E+02   -.3569E+02   -.3584E+02   -.3603E+02   -.3631E+02   -.3665E+02   -.3725E+02   -.3781E+02   -.3949E+02   -.3968E+02   -.4641E+02   -.5525E+02   -.6119E+02   -.4517E+02   -.4811E+02   -.4461E+02   -.4442E+02   -.4268E+02   -.4174E+02   -.4054E+02   -.3959E+02   -.3867E+02   -.3787E+02   -.3713E+02   -.3647E+02   -.3586E+02   -.3530E+02   -.3478E+02   -.3430E+02   -.3385E+02   -.3343E+02   -.3304E+02   -.3268E+02   -.3234E+02   -.3203E+02   -.3173E+02   -.3145E+02   -.3119E+02   -.3095E+02   -.3072E+02   -.3051E+02   -.3031E+02   -.3011E+02   -.2993E+02   -.2977E+02   -.2961E+02   -.2945E+02   -.2931E+02   -.2918E+02   -.2905E+02   -.2893E+02   -.2881E+02   -.2870E+02   -.2860E+02   -.2850E+02   -.2841E+02   -.2832E+02   -.2823E+02   -.2815E+02   -.2808E+02   -.2800E+02   -.2793E+02   -.2787E+02   -.2780E+02   -.2774E+02   -.2769E+02   -.2763E+02   -.2758E+02   -.2753E+02   -.2749E+02   -.2744E+02   -.2740E+02   -.2736E+02   -.2732E+02   -.2728E+02   -.2725E+02   -.2722E+02   -.2719E+02   -.2716E+02   -.2713E+02   -.2710E+02   -.2708E+02   -.2705E+02   -.2703E+02   -.2701E+02   -.2698E+02   -.2696E+02   -.2694E+02   -.2692E+02   -.2691E+02   -.2689E+02   -.2687E+02   -.2685E+02   -.2684E+02   -.2682E+02   -.2681E+02   -.2680E+02   -.2678E+02   -.2677E+02   -.2676E+02   -.2675E+02   -.2674E+02
0.1147E+04   0.4033E+02   -.3502E+02   -.3502E+02   -.3503E+02   -.3503E+02   -.3504E+02   -.3505E+02   -.3506E+02   -.3506E+02   -.3507E+02   -.3508E+02   -.3509E+02   -.3510E+02   -.3511E+02   -.3513E+02   -.3514E+02   -.3516E+02   -.3518E+02   -.3520E+02   -.3522E+02   -.3525E+02   -.3528E+02   -.3532E+02   -.3537E+02   -.3542E+02   -.3549E+02   -.3558E+02   -.3569E+02   -.3584E+02   -.3603E+02   -.3631E+02   -.3665E+02   -.3725E+02   -.3781E+02   -.3949E+02   -.3968E+02   -.4641E+02   -.5524E+02   -.6119E+02   -.4517E+02   -.4811E+02   -.4461E+02   -.4442E+02   -.4268E+02   -.4174E+02   -.4054E+02   -.3959E+02   -.3867E+02   -.3787E+02   -.3713E+02   -.3647E+02   -.3586E+02   -.3530E+02   -.3478E+02   -.3430E+02   -.3385E+02   -.3343E+02   -.3304E+02   -.3268E+02   -.3234E+02   -.3203E+02   -.3173E+02   -.3145E+02   -.3119E+02   -.3095E+02   -.3072E+02   -.3051E+02   -.3031E+02   -.3011E+02   -.2993E+02   -.2977E+02   -.2961E+02   -.2945E+02   -.2931E+02   -.2918E+02   -.2905E+02   -.2893E+02   -.2881E+02   -.2870E+02   -.2860E+02   -.2850E+02   -.2841E+02   -.2832E+02   -.2823E+02   -.2815E+02   -.2807E+02   -.2800E+02   -.2793E+02   -.2787E+02   -.2780E+02   -.2774E+02   -.2769E+02   -.2763E+02   -.2758E+02   -.2753E+02   -.2749E+02   -.2744E+02   -.2740E+02   -.2736E+02   -.2732E+02   -.2728E+02   -.2725E+02   -.2722E+02   -.2719E+02   -.2716E+02   -.2713E+02   -.2710E+02   -.2708E+02   -.2705E+02   -.2703E+02   -.2701E+02   -.2698E+02   -.2696E+02   -.2694E+02   -.2692E+02   -.2690E+02   -.2689E+02   -.2687E+02   -.2685E+02   -.2684E+02   -.2682E+02   -.2681E+02   -.2680E+02   -.2678E+02   -.2677E+02   -.2676E+02   -.2675E+02   -.2674E+02   -.2673E+02
0.1148E+04   0.4067E+02   -.3502E+02   -.3502E+02   -.3503E+02   -.3504E+02   -.3504E+02   -.3505E+02   -.3506E+02   -.3507E+02   -.3508E+02   -.3509E+02   -.3510E+02   -.3511E+02   -.3512E+02   -.3514E+02   -.3516E+02   -.3517E+02   -.3519E+02   -.3522E+02   -.3525E+02   -.3528E+02   -.3532E+02   -.3537E+02   -.3542E+02   -.3549E+02   -.3558E+02   -.3569E+02   -.3584E+02   -.3603E+02   -.3631E+02   -.3665E+02   -.3725E+02   -.3781E+02   -.3949E+02   -.3968E+02   -.4641E+02   -.5524E+02   -.6119E+02   -.4517E+02   -.4811E+02   -.4461E+02   -.4442E+02   -.4268E+02   -.4174E+02   -.4054E+02   -.3959E+02   -.3867E+02   -.3787E+02   -.3713E+02   -.3647E+02   -.3586E+02   -.3530E+02   -.3478E+02   -.3430E+02   -.3385E+02   -.3343E+02   -.3304E+02   -.3268E+02   -.3234E+02   -.3203E+02   -.3173E+02   -.3145E+02   -.3119E+02   -.3095E+02   -.3072E+02   -.3051E+02   -.3031E+02   -.3011E+02   -.2994E+02   -.2977E+02   -.2961E+02   -.2945E+02   -.2931E+02   -.2918E+02   -.2905E+02   -.2893E+02   -.2881E+02   -.2870E+02   -.2860E+02   -.2850E+02   -.2841E+02   -.2832E+02   -.2823E+02   -.2815E+02   -.2807E+02   -.2800E+02   -.2793E+02   -.2787E+02   -.2780E+02   -.2774E+02   -.2769E+02   -.2763E+02   -.2758E+02   -.2753E+02   -.2749E+02   -.2744E+02   -.2740E+02   -.2736E+02   -.2732E+02   -.2728E+02   -.2725E+02   -.2722E+02   -.2719E+02   -.2716E+02   -.2713E+02   -.2710E+02   -.2708E+02   -.2705E+02   -.2703E+02   -.2701E+02   -.2698E+02   -.2696E+02   -.2694E+02   -.2692E+02   -.2690E+02   -.2689E+02   -.2687E+02   -.2685E+02   -.2684E+02   -.2682E+02   -.2681E+02   -.2680E+02   -.2678E+02   -.2677E+02   -.2676E+02   -.2675E+02   -.2674E+02   -.2673E+02   -.2672E+02
0.1149E+04   0.4100E+02   -.3502E+02   -.3503E+02   -.3503E+02   -.3504E+02   -.3505E+02   -.3506E+02   -.3506E+02   -.3507E+02   -.3508E+02   -.3510E+02   -.3511E+02   -.3512E+02   -.3514E+02   -.3515E+02   -.3517E+02   -.3519E+02   -.3522E+02   -.3524E+02   -.3528E+02   -.3532E+02   -.3536E+02   -.3542E+02   -.3549E+02   -.3558E+02   -.3569E+02   -.3584E+02   -.3603E+02   -.3631E+02   -.3664E+02   -.3725E+02   -.3781E+02   -.3949E+02   -.3968E+02   -.4641E+02   -.5524E+02   -.6119E+02   -.4517E+02   -.4810E+02   -.4461E+02   -.4442E+02   -.4268E+02   -.4174E+02   -.4054E+02   -.3959E+02   -.3867E+02   -.3787E+02   -.3713E+02   -.3647E+02   -.3586E+02   -.3530E+02   -.3478E+02   -.3430E+02   -.3385E+02   -.3343E+02   -.3304E+02   -.3268E+02   -.3234E+02   -.3203E+02   -.3173E+02   -.3145E+02   -.3119E+02   -.3095E+02   -.3072E+02   -.3051E+02   -.3031E+02   -.3011E+02   -.2994E+02   -.2977E+02   -.2961E+02   -.2945E+02   -.2931E+02   -.2918E+02   -.2905E+02   -.2893E+02   -.2881E+02   -.2870E+02   -.2860E+02   -.2850E+02   -.2841E+02   -.2832E+02   -.2823E+02   -.2815E+02   -.2807E+02   -.2800E+02   -.2793E+02   -.2787E+02   -.2780E+02   -.2774E+02   -.2769E+02   -.2763E+02   -.2758E+02   -.2753E+02   -.2749E+02   -.2744E+02   -.2740E+02   -.2736E+02   -.2732E+02   -.2728E+02   -.2725E+02   -.2722E+02   -.2719E+02   -.2716E+02   -.2713E+02   -.2710E+02   -.2708E+02   -.2705E+02   -.2703E+02   -.2700E+02   -.2698E+02   -.2696E+02   -.2694E+02   -.2692E+02   -.2690E+02   -.2689E+02   -.2687E+02   -.2685E+02   -.2684E+02   -.2682E+02   -.2681E+02   -.2680E+02   -.2678E+02   -.2677E+02   -.2676E+02   -.2675E+02   -.2674E+02   -.2673E+02   -.2672E+02   -.2671E+02
0.1150E+04   0.4133E+02   -.3502E+02   -.3503E+02   -.3504E+02   -.3504E+02   -.3505E+02   -.3506E+02   -.3507E+02   -.3508E+02   -.3509E+02   -.3510E+02   -.3512E+02   -.3513E+02   -.3515E+02   -.3517E+02   -.3519E+02   -.3521E+02   -.3524E+02   -.3528E+02   -.3531E+02   -.3536E+02   -.3542E+02   -.3549E+02   -.3558E+02   -.3569E+02   -.3584E+02   -.3603E+02   -.3631E+02   -.3664E+02   -.3725E+02   -.3781E+02   -.3949E+02   -.3968E+02   -.4641E+02   -.5524E+02   -.6118E+02   -.4517E+02   -.4810E+02   -.4461E+02   -.4442E+02   -.4268E+02   -.4174E+02   -.4054E+02   -.3959E+02   -.3867E+02   -.3787E+02   -.3713E+02   -.3647E+02   -.3586E+02   -.3530E+02   -.3478E+02   -.3430E+02   -.3385E+02   -.3343E+02   -.3304E+02   -.3268E+02   -.3234E+02   -.3203E+02   -.3173E+02   -.3145E+02   -.3119E+02   -.3095E+02   -.3072E+02   -.3051E+02   -.3031E+02   -.3011E+02   -.2994E+02   -.2977E+02   -.2961E+02   -.2945E+02   -.2931E+02   -.2918E+02   -.2905E+02   -.2893E+02   -.2881E+02   -.2870E+02   -.2860E+02   -.2850E+02   -.2841E+02   -.2832E+02   -.2823E+02   -.2815E+02   -.2807E+02   -.2800E+02   -.2793E+02   -.2787E+02   -.2780E+02   -.2774E+02   -.2769E+02   -.2763E+02   -.2758E+02   -.2753E+02   -.2749E+02   -.2744E+02   -.2740E+02   -.2736E+02   -.2732E+02   -.2728E+02   -.2725E+02   -.2722E+02   -.2719E+02   -.2716E+02   -.2713E+02   -.2710E+02   -.2708E+02   -.2705E+02   -.2703E+02   -.2700E+02   -.2698E+02   -.2696E+02   -.2694E+02   -.2692E+02   -.2690E+02   -.2689E+02   -.2687E+02   -.2685E+02   -.2684E+02   -.2682E+02   -.2681E+02   -.2680E+02   -.2678E+02   -.2677E+02   -.2676E+02   -.2675E+02   -.2674E+02   -.2673E+02   -.2672E+02   -.2671E+02   -.2670E+02
0.1151E+04   0.4167E+02   -.3502E+02   -.3503E+02   -.3504E+02   -.3505E+02   -.3506E+02   -.3507E+02   -.3508E+02   -.3509E+02   -.3510E+02   -.3511E+02   -.3513E+02   -.3515E+02   -.3517E+02   -.3519E+02   -.3521E+02   -.3524E+02   -.3527E+02   -.3531E+02   -.3536E+02   -.3542E+02   -.3549E+02   -.3558E+02   -.3569E+02   -.3584E+02   -.3603E+02   -.3631E+02   -.3664E+02   -.3725E+02   -.3780E+02   -.3949E+02   -.3968E+02   -.4641E+02   -.5524E+02   -.6118E+02   -.4517E+02   -.4810E+02   -.4461E+02   -.4442E+02   -.4268E+02   -.4174E+02   -.4054E+02   -.3959E+02   -.3867E+02   -.3787E+02   -.3713E+02   -.3647E+02   -.3586E+02   -.3530E+02   -.3478E+02   -.3430E+02   -.3385E+02   -.3343E+02   -.3304E+02   -.3268E+02   -.3234E+02   -.3203E+02   -.3173E+02   -.3145E+02   -.3119E+02   -.3095E+02   -.3072E+02   -.3051E+02   -.3031E+02   -.3011E+02   -.2994E+02   -.2977E+02   -.2961E+02   -.2945E+02   -.2931E+02   -.2918E+02   -.2905E+02   -.2893E+02   -.2881E+02   -.2870E+02   -.2860E+02   -.2850E+02   -.2841E+02   -.2832E+02   -.2823E+02   -.2815E+02   -.2807E+02   -.2800E+02   -.2793E+02   -.2787E+02   -.2780E+02   -.2774E+02   -.2769E+02   -.2763E+02   -.2758E+02   -.2753E+02   -.2748E+02   -.2744E+02   -.2740E+02   -.2736E+02   -.2732E+02   -.2728E+02   -.2725E+02   -.2722E+02   -.2719E+02   -.2716E+02   -.2713E+02   -.2710E+02   -.2708E+02   -.2705E+02   -.2703E+02   -.2700E+02   -.2698E+02   -.2696E+02   -.2694E+02   -.2692E+02   -.2690E+02   -.2689E+02   -.2687E+02   -.2685E+02   -.2684E+02   -.2682E+02   -.2681E+02   -.2680E+02   -.2678E+02   -.2677E+02   -.2676E+02   -.2675E+02   -.2674E+02   -.2672E+02   -.2671E+02   -.2671E+02   -.2670E+02   -.2669E+02
0.1152E+04   0.4200E+02   -.3503E+02   -.3503E+02   -.3504E+02   -.3505E+02   -.3506E+02   -.3507E+02   -.3508E+02   -.3510E+02   -.3511E+02   -.3513E+02   -.3514E+02   -.3516E+02   -.3518E+02   -.3521E+02   -.3524E+02   -.3527E+02   -.3531E+02   -.3536E+02   -.3541E+02   -.3548E+02   -.3557E+02   -.3568E+02   -.3583E+02   -.3602E+02   -.3630E+02   -.3664E+02   -.3725E+02   -.3780E+02   -.3949E+02   -.3968E+02   -.4641E+02   -.5523E+02   -.6118E+02   -.4516E+02   -.4810E+02   -.4460E+02   -.4442E+02   -.4268E+02   -.4174E+02   -.4054E+02   -.3959E+02   -.3867E+02   -.3787E+02   -.3713E+02   -.3647E+02   -.3586E+02   -.3530E+02   -.3478E+02   -.3430E+02   -.3385E+02   -.3343E+02   -.3304E+02   -.3268E+02   -.3234E+02   -.3203E+02   -.3173E+02   -.3145E+02   -.3119E+02   -.3095E+02   -.3072E+02   -.3051E+02   -.3031E+02   -.3012E+02   -.2994E+02   -.2977E+02   -.2961E+02   -.2945E+02   -.2931E+02   -.2918E+02   -.2905E+02   -.2893E+02   -.2881E+02   -.2870E+02   -.2860E+02   -.2850E+02   -.2841E+02   -.2832E+02   -.2823E+02   -.2815E+02   -.2807E+02   -.2800E+02   -.2793E+02   -.2787E+02   -.2780E+02   -.2774E+02   -.2769E+02   -.2763E+02   -.2758E+02   -.2753E+02   -.2748E+02   -.2744E+02   -.2740E+02   -.2736E+02   -.2732E+02   -.2728E+02   -.2725E+02   -.2722E+02   -.2719E+02   -.2716E+02   -.2713E+02   -.2710E+02   -.2708E+02   -.2705E+02   -.2703E+02   -.2700E+02   -.2698E+02   -.2696E+02   -.2694E+02   -.2692E+02   -.2690E+02   -.2689E+02   -.2687E+02   -.2685E+02   -.2684E+02   -.2682E+02   -.2681E+02   -.2680E+02   -.2678E+02   -.2677E+02   -.2676E+02   -.2675E+02   -.2674E+02   -.2672E+02   -.2671E+02   -.2671E+02   -.2670E+02   -.2669E+02   -.2668E+02
0.1153E+04   0.4233E+02   -.3503E+02   -.3504E+02   -.3505E+02   -.3506E+02   -.3507E+02   -.3508E+02   -.3509E+02   -.3511E+02   -.3512E+02   -.3514E+02   -.3516E+02   -.3518E+02   -.3520E+02   -.3523E+02   -.3527E+02   -.3531E+02   -.3535E+02   -.3541E+02   -.3548E+02   -.3557E+02   -.3568E+02   -.3583E+02   -.3602E+02   -.3630E+02   -.3664E+02   -.3724E+02   -.3780E+02   -.3949E+02   -.3968E+02   -.4640E+02   -.5523E+02   -.6118E+02   -.4516E+02   -.4810E+02   -.4460E+02   -.4441E+02   -.4268E+02   -.4174E+02   -.4054E+02   -.3959E+02   -.3867E+02   -.3787E+02   -.3713E+02   -.3647E+02   -.3586E+02   -.3530E+02   -.3478E+02   -.3430E+02   -.3385E+02   -.3343E+02   -.3304E+02   -.3268E+02   -.3234E+02   -.3203E+02   -.3173E+02   -.3145E+02   -.3119E+02   -.3095E+02   -.3072E+02   -.3051E+02   -.3031E+02   -.3012E+02   -.2994E+02   -.2977E+02   -.2961E+02   -.2945E+02   -.2931E+02   -.2918E+02   -.2905E+02   -.2893E+02   -.2881E+02   -.2870E+02   -.2860E+02   -.2850E+02   -.2841E+02   -.2832E+02   -.2823E+02   -.2815E+02   -.2807E+02   -.2800E+02   -.2793E+02   -.2787E+02   -.2780E+02   -.2774E+02   -.2769E+02   -.2763E+02   -.2758E+02   -.2753E+02   -.2748E+02   -.2744E+02   -.2740E+02   -.2736E+02   -.2732E+02   -.2728E+02   -.2725E+02   -.2722E+02   -.2719E+02   -.2716E+02   -.2713E+02   -.2710E+02   -.2708E+02   -.2705E+02   -.2703E+02   -.2700E+02   -.2698E+02   -.2696E+02   -.2694E+02   -.2692E+02   -.2690E+02   -.2689E+02   -.2687E+02   -.2685E+02   -.2684E+02   -.2682E+02   -.2681E+02   -.2680E+02   -.2678E+02   -.2677E+02   -.2676E+02   -.2675E+02   -.2674E+02   -.2672E+02   -.2671E+02   -.2670E+02   -.2670E+02   -.2669E+02   -.2668E+02   -.2667E+02
0.1154E+04   0.4267E+02   -.3503E+02   -.3504E+02   -.3505E+02   -.3506E+02   -.3507E+02   -.3509E+02   -.3510E+02   -.3512E+02   -.3513E+02   -.3515E+02   -.3517E+02   -.3520E+02   -.3523E+02   -.3526E+02   -.3530E+02   -.3535E+02   -.3541E+02   -.3548E+02   -.3557E+02   -.3568E+02   -.3583E+02   -.3602E+02   -.3630E+02   -.3663E+02   -.3724E+02   -.3780E+02   -.3948E+02   -.3968E+02   -.4640E+02   -.5523E+02   -.6117E+02   -.4516E+02   -.4810E+02   -.4460E+02   -.4441E+02   -.4267E+02   -.4174E+02   -.4054E+02   -.3959E+02   -.3867E+02   -.3787E+02   -.3713E+02   -.3647E+02   -.3586E+02   -.3530E+02   -.3478E+02   -.3430E+02   -.3385E+02   -.3343E+02   -.3304E+02   -.3268E+02   -.3234E+02   -.3203E+02   -.3173E+02   -.3145E+02   -.3119E+02   -.3095E+02   -.3072E+02   -.3051E+02   -.3031E+02   -.3012E+02   -.2994E+02   -.2977E+02   -.2961E+02   -.2945E+02   -.2931E+02   -.2918E+02   -.2905E+02   -.2893E+02   -.2881E+02   -.2870E+02   -.2860E+02   -.2850E+02   -.2841E+02   -.2832E+02   -.2823E+02   -.2815E+02   -.2808E+02   -.2800E+02   -.2793E+02   -.2787E+02   -.2780E+02   -.2774E+02   -.2769E+02   -.2763E+02   -.2758E+02   -.2753E+02   -.2748E+02   -.2744E+02   -.2740E+02   -.2736E+02   -.2732E+02   -.2728E+02   -.2725E+02   -.2722E+02   -.2719E+02   -.2716E+02   -.2713E+02   -.2710E+02   -.2708E+02   -.2705E+02   -.2703E+02   -.2700E+02   -.2698E+02   -.2696E+02   -.2694E+02   -.2692E+02   -.2690E+02   -.2689E+02   -.2687E+02   -.2685E+02   -.2684E+02   -.2682E+02   -.2681E+02   -.2679E+02   -.2678E+02   -.2677E+02   -.2676E+02   -.2675E+02   -.2673E+02   -.2672E+02   -.2671E+02   -.2670E+02   -.2670E+02   -.2669E+02   -.2668E+02   -.2667E+02   -.2666E+02
0.1155E+04   0.4300E+02   -.3503E+02   -.3504E+02   -.3505E+02   -.3507E+02   -.3508E+02   -.3509E+02   -.3511E+02   -.3513E+02   -.3515E+02   -.3517E+02   -.3520E+02   -.3522E+02   -.3526E+02   -.3530E+02   -.3535E+02   -.3540E+02   -.3547E+02   -.3556E+02   -.3568E+02   -.3583E+02   -.3602E+02   -.3630E+02   -.3663E+02   -.3724E+02   -.3780E+02   -.3948E+02   -.3967E+02   -.4640E+02   -.5522E+02   -.6117E+02   -.4516E+02   -.4809E+02   -.4460E+02   -.4441E+02   -.4267E+02   -.4174E+02   -.4053E+02   -.3959E+02   -.3867E+02   -.3787E+02   -.3713E+02   -.3647E+02   -.3586E+02   -.3530E+02   -.3478E+02   -.3429E+02   -.3385E+02   -.3343E+02   -.3304E+02   -.3268E+02   -.3234E+02   -.3203E+02   -.3173E+02   -.3145E+02   -.3120E+02   -.3095E+02   -.3072E+02   -.3051E+02   -.3031E+02   -.3012E+02   -.2994E+02   -.2977E+02   -.2961E+02   -.2945E+02   -.2931E+02   -.2918E+02   -.2905E+02   -.2893E+02   -.2881E+02   -.2870E+02   -.2860E+02   -.2850E+02   -.2841E+02   -.2832E+02   -.2823E+02   -.2815E+02   -.2808E+02   -.2800E+02   -.2793E+02   -.2787E+02   -.2780E+02   -.2774E+02   -.2769E+02   -.2763E+02   -.2758E+02   -.2753E+02   -.2748E+02   -.2744E+02   -.2740E+02   -.2736E+02   -.2732E+02   -.2728E+02   -.2725E+02   -.2722E+02   -.2719E+02   -.2716E+02   -.2713E+02   -.2710E+02   -.2708E+02   -.2705E+02   -.2703E+02   -.2700E+02   -.2698E+02   -.2696E+02   -.2694E+02   -.2692E+02   -.2690E+02   -.2689E+02   -.2687E+02   -.2685E+02   -.2684E+02   -.2682E+02   -.2681E+02   -.2679E+02   -.2678E+02   -.2677E+02   -.2676E+02   -.2675E+02   -.2673E+02   -.2672E+02   -.2671E+02   -.2670E+02   -.2670E+02   -.2669E+02   -.2668E+02   -.2667E+02   -.2666E+02   -.2665E+02
0.1156E+04   0.4333E+02   -.3504E+02   -.3505E+02   -.3506E+02   -.3507E+02   -.3509E+02   -.3510E+02   -.3512E+02   -.3514E+02   -.3516E+02   -.3519E+02   -.3522E+02   -.3525E+02   -.3529E+02   -.3534E+02   -.3540E+02   -.3547E+02   -.3556E+02   -.3567E+02   -.3582E+02   -.3601E+02   -.3629E+02   -.3663E+02   -.3724E+02   -.3779E+02   -.3948E+02   -.3967E+02   -.4639E+02   -.5522E+02   -.6116E+02   -.4515E+02   -.4809E+02   -.4460E+02   -.4441E+02   -.4267E+02   -.4173E+02   -.4053E+02   -.3959E+02   -.3867E+02   -.3787E+02   -.3713E+02   -.3647E+02   -.3586E+02   -.3530E+02   -.3478E+02   -.3429E+02   -.3385E+02   -.3343E+02   -.3304E+02   -.3268E+02   -.3234E+02   -.3203E+02   -.3173E+02   -.3145E+02   -.3120E+02   -.3095E+02   -.3072E+02   -.3051E+02   -.3031E+02   -.3012E+02   -.2994E+02   -.2977E+02   -.2961E+02   -.2945E+02   -.2931E+02   -.2918E+02   -.2905E+02   -.2893E+02   -.2881E+02   -.2870E+02   -.2860E+02   -.2850E+02   -.2841E+02   -.2832E+02   -.2823E+02   -.2815E+02   -.2808E+02   -.2800E+02   -.2793E+02   -.2787E+02   -.2780E+02   -.2774E+02   -.2769E+02   -.2763E+02   -.2758E+02   -.2753E+02   -.2748E+02   -.2744E+02   -.2740E+02   -.2736E+02   -.2732E+02   -.2728E+02   -.2725E+02   -.2722E+02   -.2719E+02   -.2716E+02   -.2713E+02   -.2710E+02   -.2708E+02   -.2705E+02   -.2703E+02   -.2700E+02   -.2698E+02   -.2696E+02   -.2694E+02   -.2692E+02   -.2690E+02   -.2689E+02   -.2687E+02   -.2685E+02   -.2684E+02   -.2682E+02   -.2681E+02   -.2679E+02   -.2678E+02   -.2677E+02   -.2676E+02   -.2675E+02   -.2673E+02   -.2672E+02   -.2671E+02   -.2670E+02   -.2669E+02   -.2669E+02   -.2668E+02   -.2667E+02   -.2666E+02   -.2665E+02   -.2665E+02
0.1157E+04   0.4367E+02   -.3504E+02   -.3505E+02   -.3507E+02   -.3508E+02   -.3510E+02   -.3512E+02   -.3514E+02   -.3516E+02   -.3518E+02   -.3521E+02   -.3525E+02   -.3529E+02   -.3534E+02   -.3539E+02   -.3547E+02   -.3556E+02   -.3567E+02   -.3582E+02   -.3601E+02   -.3629E+02   -.3663E+02   -.3723E+02   -.3779E+02   -.3947E+02   -.3967E+02   -.4639E+02   -.5522E+02   -.6116E+02   -.4515E+02   -.4809E+02   -.4459E+02   -.4441E+02   -.4267E+02   -.4173E+02   -.4053E+02   -.3959E+02   -.3866E+02   -.3787E+02   -.3713E+02   -.3647E+02   -.3586E+02   -.3530E+02   -.3478E+02   -.3429E+02   -.3385E+02   -.3343E+02   -.3304E+02   -.3268E+02   -.3234E+02   -.3203E+02   -.3173E+02   -.3145E+02   -.3120E+02   -.3095E+02   -.3072E+02   -.3051E+02   -.3031E+02   -.3012E+02   -.2994E+02   -.2977E+02   -.2961E+02   -.2946E+02   -.2931E+02   -.2918E+02   -.2905E+02   -.2893E+02   -.2881E+02   -.2870E+02   -.2860E+02   -.2850E+02   -.2841E+02   -.2832E+02   -.2823E+02   -.2815E+02   -.2808E+02   -.2800E+02   -.2793E+02   -.2787E+02   -.2780E+02   -.2774E+02   -.2769E+02   -.2763E+02   -.2758E+02   -.2753E+02   -.2748E+02   -.2744E+02   -.2740E+02   -.2736E+02   -.2732E+02   -.2728E+02   -.2725E+02   -.2722E+02   -.2719E+02   -.2716E+02   -.2713E+02   -.2710E+02   -.2708E+02   -.2705E+02   -.2703E+02   -.2700E+02   -.2698E+02   -.2696E+02   -.2694E+02   -.2692E+02   -.2690E+02   -.2689E+02   -.2687E+02   -.2685E+02   -.2684E+02   -.2682E+02   -.2681E+02   -.2679E+02   -.2678E+02   -.2677E+02   -.2676E+02   -.2675E+02   -.2673E+02   -.2672E+02   -.2671E+02   -.2670E+02   -.2669E+02   -.2669E+02   -.2668E+02   -.2667E+02   -.2666E+02   -.2665E+02   -.2665E+02   -.2664E+02
0.1158E+04   0.4400E+02   -.3504E+02   -.3506E+02   -.3507E+02   -.3509E+02   -.3511E+02   -.3513E+02   -.3515E+02   -.3518E+02   -.3521E+02   -.3524E+02   -.3528E+02   -.3533E+02   -.3539E+02   -.3546E+02   -.3555E+02   -.3566E+02   -.3581E+02   -.3600E+02   -.3628E+02   -.3662E+02   -.3723E+02   -.3779E+02   -.3947E+02   -.3966E+02   -.4639E+02   -.5521E+02   -.6115E+02   -.4514E+02   -.4808E+02   -.4459E+02   -.4440E+02   -.4267E+02   -.4173E+02   -.4053E+02   -.3958E+02   -.3866E+02   -.3786E+02   -.3713E+02   -.3647E+02   -.3586E+02   -.3530E+02   -.3478E+02   -.3429E+02   -.3385E+02   -.3343E+02   -.3304E+02   -.3268E+02   -.3234E+02   -.3203E+02   -.3173E+02   -.3145E+02   -.3120E+02   -.3095E+02   -.3072E+02   -.3051E+02   -.3031E+02   -.3012E+02   -.2994E+02   -.2977E+02   -.2961E+02   -.2946E+02   -.2931E+02   -.2918E+02   -.2905E+02   -.2893E+02   -.2881E+02   -.2870E+02   -.2860E+02   -.2850E+02   -.2841E+02   -.2832E+02   -.2823E+02   -.2815E+02   -.2808E+02   -.2800E+02   -.2793E+02   -.2787E+02   -.2780E+02   -.2774E+02   -.2769E+02   -.2763E+02   -.2758E+02   -.2753E+02   -.2749E+02   -.2744E+02   -.2740E+02   -.2736E+02   -.2732E+02   -.2728E+02   -.2725E+02   -.2722E+02   -.2719E+02   -.2716E+02   -.2713E+02   -.2710E+02   -.2708E+02   -.2705E+02   -.2703E+02   -.2700E+02   -.2698E+02   -.2696E+02   -.2694E+02   -.2692E+02   -.2690E+02   -.2689E+02   -.2687E+02   -.2685E+02   -.2684E+02   -.2682E+02   -.2681E+02   -.2679E+02   -.2678E+02   -.2677E+02   -.2676E+02   -.2674E+02   -.2673E+02   -.2672E+02   -.2671E+02   -.2670E+02   -.2669E+02   -.2669E+02   -.2668E+02   -.2667E+02   -.2666E+02   -.2665E+02   -.2665E+02   -.2664E+02   -.2663E+02
0.1159E+04   0.4433E+02   -.3505E+02   -.3506E+02   -.3508E+02   -.3510E+02   -.3512E+02   -.3514E+02   -.3517E+02   -.3520E+02   -.3523E+02   -.3528E+02   -.3532E+02   -.3538E+02   -.3545E+02   -.3555E+02   -.3566E+02   -.3581E+02   -.3600E+02   -.3628E+02   -.3662E+02   -.3722E+02   -.3778E+02   -.3947E+02   -.3966E+02   -.4638E+02   -.5520E+02   -.6114E+02   -.4514E+02   -.4808E+02   -.4459E+02   -.4440E+02   -.4266E+02   -.4173E+02   -.4053E+02   -.3958E+02   -.3866E+02   -.3786E+02   -.3713E+02   -.3647E+02   -.3586E+02   -.3529E+02   -.3478E+02   -.3429E+02   -.3385E+02   -.3343E+02   -.3304E+02   -.3268E+02   -.3234E+02   -.3203E+02   -.3173E+02   -.3145E+02   -.3120E+02   -.3095E+02   -.3072E+02   -.3051E+02   -.3031E+02   -.3012E+02   -.2994E+02   -.2977E+02   -.2961E+02   -.2946E+02   -.2931E+02   -.2918E+02   -.2905E+02   -.2893E+02   -.2881E+02   -.2870E+02   -.2860E+02   -.2850E+02   -.2841E+02   -.2832E+02   -.2823E+02   -.2815E+02   -.2808E+02   -.2800E+02   -.2793E+02   -.2787E+02   -.2780E+02   -.2775E+02   -.2769E+02   -.2763E+02   -.2758E+02   -.2753E+02   -.2749E+02   -.2744E+02   -.2740E+02   -.2736E+02   -.2732E+02   -.2728E+02   -.2725E+02   -.2722E+02   -.2719E+02   -.2716E+02   -.2713E+02   -.2710E+02   -.2708E+02   -.2705E+02   -.2703E+02   -.2700E+02   -.2698E+02   -.2696E+02   -.2694E+02   -.2692E+02   -.2690E+02   -.2689E+02   -.2687E+02   -.2685E+02   -.2684E+02   -.2682E+02   -.2681E+02   -.2679E+02   -.2678E+02   -.2677E+02   -.2676E+02   -.2674E+02   -.2673E+02   -.2672E+02   -.2671E+02   -.2670E+02   -.2669E+02   -.2669E+02   -.2668E+02   -.2667E+02   -.2666E+02   -.2665E+02   -.2665E+02   -.2664E+02   -.2663E+02   -.2663E+02
0.1160E+04   0.4467E+02   -.3505E+02   -.3507E+02   -.3509E+02   -.3511E+02   -.3513E+02   -.3516E+02   -.3519E+02   -.3523E+02   -.3527E+02   -.3532E+02   -.3538E+02   -.3545E+02   -.3554E+02   -.3565E+02   -.3580E+02   -.3599E+02   -.3627E+02   -.3661E+02   -.3722E+02   -.3778E+02   -.3946E+02   -.3965E+02   -.4638E+02   -.5520E+02   -.6114E+02   -.4513E+02   -.4807E+02   -.4458E+02   -.4440E+02   -.4266E+02   -.4173E+02   -.4053E+02   -.3958E+02   -.3866E+02   -.3786E+02   -.3713E+02   -.3646E+02   -.3585E+02   -.3529E+02   -.3477E+02   -.3429E+02   -.3385E+02   -.3343E+02   -.3304E+02   -.3268E+02   -.3234E+02   -.3203E+02   -.3173E+02   -.3145E+02   -.3120E+02   -.3095E+02   -.3072E+02   -.3051E+02   -.3031E+02   -.3012E+02   -.2994E+02   -.2977E+02   -.2961E+02   -.2946E+02   -.2931E+02   -.2918E+02   -.2905E+02   -.2893E+02   -.2881E+02   -.2870E+02   -.2860E+02   -.2850E+02   -.2841E+02   -.2832E+02   -.2823E+02   -.2815E+02   -.2808E+02   -.2800E+02   -.2793E+02   -.2787E+02   -.2781E+02   -.2775E+02   -.2769E+02   -.2763E+02   -.2758E+02   -.2753E+02   -.2749E+02   -.2744E+02   -.2740E+02   -.2736E+02   -.2732E+02   -.2728E+02   -.2725E+02   -.2722E+02   -.2719E+02   -.2716E+02   -.2713E+02   -.2710E+02   -.2708E+02   -.2705E+02   -.2703E+02   -.2700E+02   -.2698E+02   -.2696E+02   -.2694E+02   -.2692E+02   -.2690E+02   -.2689E+02   -.2687E+02   -.2685E+02   -.2684E+02   -.2682E+02   -.2681E+02   -.2679E+02   -.2678E+02   -.2677E+02   -.2676E+02   -.2674E+02   -.2673E+02   -.2672E+02   -.2671E+02   -.2670E+02   -.2669E+02   -.2668E+02   -.2668E+02   -.2667E+02   -.2666E+02   -.2665E+02   -.2665E+02   -.2664E+02   -.2663E+02   -.2663E+02   -.2662E+02
0.1161E+04   0.4500E+02   -.3506E+02   -.3508E+02   -.3510E+02   -.3512E+02   -.3515E+02   -.3518E+02   -.3522E+02   -.3526E+02   -.3531E+02   -.3537E+02   -.3544E+02   -.3553E+02   -.3565E+02   -.3580E+02   -.3599E+02   -.3627E+02   -.3661E+02   -.3721E+02   -.3777E+02   -.3945E+02   -.3965E+02   -.4637E+02   -.5519E+02   -.6113E+02   -.4513E+02   -.4807E+02   -.4458E+02   -.4439E+02   -.4266E+02   -.4172E+02   -.4052E+02   -.3958E+02   -.3866E+02   -.3786E+02   -.3713E+02   -.3646E+02   -.3585E+02   -.3529E+02   -.3477E+02   -.3429E+02   -.3384E+02   -.3343E+02   -.3304E+02   -.3268E+02   -.3234E+02   -.3203E+02   -.3173E+02   -.3145E+02   -.3120E+02   -.3095E+02   -.3072E+02   -.3051E+02   -.3031E+02   -.3012E+02   -.2994E+02   -.2977E+02   -.2961E+02   -.2946E+02   -.2931E+02   -.2918E+02   -.2905E+02   -.2893E+02   -.2881E+02   -.2870E+02   -.2860E+02   -.2850E+02   -.2841E+02   -.2832E+02   -.2823E+02   -.2815E+02   -.2808E+02   -.2800E+02   -.2793E+02   -.2787E+02   -.2781E+02   -.2775E+02   -.2769E+02   -.2763E+02   -.2758E+02   -.2753E+02   -.2749E+02   -.2744E+02   -.2740E+02   -.2736E+02   -.2732E+02   -.2728E+02   -.2725E+02   -.2722E+02   -.2719E+02   -.2716E+02   -.2713E+02   -.2710E+02   -.2708E+02   -.2705E+02   -.2703E+02   -.2700E+02   -.2698E+02   -.2696E+02   -.2694E+02   -.2692E+02   -.2690E+02   -.2689E+02   -.2687E+02   -.2685E+02   -.2684E+02   -.2682E+02   -.2681E+02   -.2679E+02   -.2678E+02   -.2677E+02   -.2676E+02   -.2674E+02   -.2673E+02   -.2672E+02   -.2671E+02   -.2670E+02   -.2669E+02   -.2668E+02   -.2668E+02   -.2667E+02   -.2666E+02   -.2665E+02   -.2665E+02   -.2664E+02   -.2663E+02   -.2663E+02   -.2662E+02   -.2661E+02
0.1162E+04   0.4533E+02   -.3507E+02   -.3509E+02   -.3511E+02   -.3514E+02   -.3517E+02   -.3521E+02   -.3525E+02   -.3530E+02   -.3536E+02   -.3543E+02   -.3552E+02   -.3564E+02   -.3579E+02   -.3598E+02   -.3626E+02   -.3660E+02   -.3721E+02   -.3776E+02   -.3945E+02   -.3964E+02   -.4636E+02   -.5518E+02   -.6112E+02   -.4512E+02   -.4806E+02   -.4457E+02   -.4439E+02   -.4265E+02   -.4172E+02   -.4052E+02   -.3958E+02   -.3866E+02   -.3786E+02   -.3712E+02   -.3646E+02   -.3585E+02   -.3529E+02   -.3477E+02   -.3429E+02   -.3384E+02   -.3343E+02   -.3304E+02   -.3268E+02   -.3234E+02   -.3203E+02   -.3173E+02   -.3145E+02   -.3120E+02   -.3095E+02   -.3072E+02   -.3051E+02   -.3031E+02   -.3012E+02   -.2994E+02   -.2977E+02   -.2961E+02   -.2946E+02   -.2931E+02   -.2918E+02   -.2905E+02   -.2893E+02   -.2881E+02   -.2870E+02   -.2860E+02   -.2850E+02   -.2841E+02   -.2832E+02   -.2823E+02   -.2815E+02   -.2808E+02   -.2800E+02   -.2793E+02   -.2787E+02   -.2781E+02   -.2775E+02   -.2769E+02   -.2763E+02   -.2758E+02   -.2753E+02   -.2749E+02   -.2744E+02   -.2740E+02   -.2736E+02   -.2732E+02   -.2728E+02   -.2725E+02   -.2722E+02   -.2719E+02   -.2716E+02   -.2713E+02   -.2710E+02   -.2708E+02   -.2705E+02   -.2703E+02   -.2700E+02   -.2698E+02   -.2696E+02   -.2694E+02   -.2692E+02   -.2690E+02   -.2689E+02   -.2687E+02   -.2685E+02   -.2684E+02   -.2682E+02   -.2681E+02   -.2679E+02   -.2678E+02   -.2677E+02   -.2676E+02   -.2674E+02   -.2673E+02   -.2672E+02   -.2671E+02   -.2670E+02   -.2669E+02   -.2668E+02   -.2668E+02   -.2667E+02   -.2666E+02   -.2665E+02   -.2665E+02   -.2664E+02   -.2663E+02   -.2663E+02   -.2662E+02   -.2661E+02   -.2661E+02
0.1163E+04   0.4567E+02   -.3507E+02   -.3510E+02   -.3513E+02   -.3516E+02   -.3520E+02   -.3524E+02   -.3529E+02   -.3535E+02   -.3542E+02   -.3551E+02   -.3563E+02   -.3578E+02   -.3597E+02   -.3625E+02   -.3659E+02   -.3720E+02   -.3776E+02   -.3944E+02   -.3964E+02   -.4636E+02   -.5517E+02   -.6111E+02   -.4511E+02   -.4805E+02   -.4457E+02   -.4438E+02   -.4265E+02   -.4172E+02   -.4052E+02   -.3957E+02   -.3865E+02   -.3786E+02   -.3712E+02   -.3646E+02   -.3585E+02   -.3529E+02   -.3477E+02   -.3429E+02   -.3384E+02   -.3343E+02   -.3304E+02   -.3268E+02   -.3234E+02   -.3203E+02   -.3173E+02   -.3145E+02   -.3120E+02   -.3095E+02   -.3072E+02   -.3051E+02   -.3031E+02   -.3012E+02   -.2994E+02   -.2977E+02   -.2961E+02   -.2946E+02   -.2931E+02   -.2918E+02   -.2905E+02   -.2893E+02   -.2881E+02   -.2870E+02   -.2860E+02   -.2850E+02   -.2841E+02   -.2832E+02   -.2823E+02   -.2815E+02   -.2808E+02   -.2800E+02   -.2794E+02   -.2787E+02   -.2781E+02   -.2775E+02   -.2769E+02   -.2763E+02   -.2758E+02   -.2753E+02   -.2749E+02   -.2744E+02   -.2740E+02   -.2736E+02   -.2732E+02   -.2728E+02   -.2725E+02   -.2722E+02   -.2719E+02   -.2716E+02   -.2713E+02   -.2710E+02   -.2708E+02   -.2705E+02   -.2703E+02   -.2700E+02   -.2698E+02   -.2696E+02   -.2694E+02   -.2692E+02   -.2690E+02   -.2688E+02   -.2687E+02   -.2685E+02   -.2684E+02   -.2682E+02   -.2681E+02   -.2679E+02   -.2678E+02   -.2677E+02   -.2676E+02   -.2674E+02   -.2673E+02   -.2672E+02   -.2671E+02   -.2670E+02   -.2669E+02   -.2668E+02   -.2668E+02   -.2667E+02   -.2666E+02   -.2665E+02   -.2664E+02   -.2664E+02   -.2663E+02   -.2662E+02   -.2662E+02   -.2661E+02   -.2661E+02   -.2660E+02
0.1164E+04   0.4600E+02   -.3508E+02   -.3511E+02   -.3515E+02   -.3518E+02   -.3523E+02   -.3528E+02   -.3534E+02   -.3541E+02   -.3550E+02   -.3562E+02   -.3577E+02   -.3596E+02   -.3624E+02   -.3658E+02   -.3719E+02   -.3775E+02   -.3943E+02   -.3963E+02   -.4635E+02   -.5516E+02   -.6110E+02   -.4511E+02   -.4805E+02   -.4456E+02   -.4438E+02   -.4264E+02   -.4171E+02   -.4051E+02   -.3957E+02   -.3865E+02   -.3785E+02   -.3712E+02   -.3646E+02   -.3585E+02   -.3529E+02   -.3477E+02   -.3429E+02   -.3384E+02   -.3343E+02   -.3304E+02   -.3268E+02   -.3234E+02   -.3203E+02   -.3173E+02   -.3145E+02   -.3120E+02   -.3095E+02   -.3072E+02   -.3051E+02   -.3031E+02   -.3012E+02   -.2994E+02   -.2977E+02   -.2961E+02   -.2946E+02   -.2932E+02   -.2918E+02   -.2905E+02   -.2893E+02   -.2881E+02   -.2871E+02   -.2860E+02   -.2850E+02   -.2841E+02   -.2832E+02   -.2824E+02   -.2815E+02   -.2808E+02   -.2801E+02   -.2794E+02   -.2787E+02   -.2781E+02   -.2775E+02   -.2769E+02   -.2764E+02   -.2758E+02   -.2753E+02   -.2749E+02   -.2744E+02   -.2740E+02   -.2736E+02   -.2732E+02   -.2729E+02   -.2725E+02   -.2722E+02   -.2719E+02   -.2716E+02   -.2713E+02   -.2710E+02   -.2708E+02   -.2705E+02   -.2703E+02   -.2700E+02   -.2698E+02   -.2696E+02   -.2694E+02   -.2692E+02   -.2690E+02   -.2688E+02   -.2687E+02   -.2685E+02   -.2684E+02   -.2682E+02   -.2681E+02   -.2679E+02   -.2678E+02   -.2677E+02   -.2676E+02   -.2674E+02   -.2673E+02   -.2672E+02   -.2671E+02   -.2670E+02   -.2669E+02   -.2668E+02   -.2668E+02   -.2667E+02   -.2666E+02   -.2665E+02   -.2664E+02   -.2664E+02   -.2663E+02   -.2662E+02   -.2662E+02   -.2661E+02   -.2661E+02   -.2660E+02   -.2660E+02
0.1165E+04   0.4633E+02   -.3510E+02   -.3513E+02   -.3517E+02   -.3521E+02   -.3526E+02   -.3532E+02   -.3540E+02   -.3549E+02   -.3561E+02   -.3576E+02   -.3595E+02   -.3623E+02   -.3657E+02   -.3718E+02   -.3774E+02   -.3942E+02   -.3962E+02   -.4634E+02   -.5515E+02   -.6108E+02   -.4510E+02   -.4804E+02   -.4455E+02   -.4437E+02   -.4264E+02   -.4171E+02   -.4051E+02   -.3956E+02   -.3865E+02   -.3785E+02   -.3712E+02   -.3646E+02   -.3585E+02   -.3529E+02   -.3477E+02   -.3429E+02   -.3384E+02   -.3343E+02   -.3304E+02   -.3268E+02   -.3234E+02   -.3203E+02   -.3173E+02   -.3145E+02   -.3120E+02   -.3095E+02   -.3073E+02   -.3051E+02   -.3031E+02   -.3012E+02   -.2994E+02   -.2977E+02   -.2961E+02   -.2946E+02   -.2932E+02   -.2918E+02   -.2905E+02   -.2893E+02   -.2882E+02   -.2871E+02   -.2860E+02   -.2850E+02   -.2841E+02   -.2832E+02   -.2824E+02   -.2816E+02   -.2808E+02   -.2801E+02   -.2794E+02   -.2787E+02   -.2781E+02   -.2775E+02   -.2769E+02   -.2764E+02   -.2758E+02   -.2753E+02   -.2749E+02   -.2744E+02   -.2740E+02   -.2736E+02   -.2732E+02   -.2729E+02   -.2725E+02   -.2722E+02   -.2719E+02   -.2716E+02   -.2713E+02   -.2710E+02   -.2708E+02   -.2705E+02   -.2703E+02   -.2700E+02   -.2698E+02   -.2696E+02   -.2694E+02   -.2692E+02   -.2690E+02   -.2688E+02   -.2687E+02   -.2685E+02   -.2684E+02   -.2682E+02   -.2681E+02   -.2679E+02   -.2678E+02   -.2677E+02   -.2676E+02   -.2674E+02   -.2673E+02   -.2672E+02   -.2671E+02   -.2670E+02   -.2669E+02   -.2668E+02   -.2667E+02   -.2667E+02   -.2666E+02   -.2665E+02   -.2664E+02   -.2664E+02   -.2663E+02   -.2662E+02   -.2662E+02   -.2661E+02   -.2661E+02   -.2660E+02   -.2660E+02   -.2659E+02
0.1166E+04   0.4667E+02   -.3511E+02   -.3515E+02   -.3519E+02   -.3525E+02   -.3531E+02   -.3538E+02   -.3548E+02   -.3559E+02   -.3575E+02   -.3594E+02   -.3622E+02   -.3656E+02   -.3717E+02   -.3773E+02   -.3941E+02   -.3961E+02   -.4633E+02   -.5513E+02   -.6107E+02   -.4509E+02   -.4803E+02   -.4454E+02   -.4436E+02   -.4263E+02   -.4170E+02   -.4050E+02   -.3956E+02   -.3864E+02   -.3785E+02   -.3711E+02   -.3645E+02   -.3584E+02   -.3528E+02   -.3477E+02   -.3429E+02   -.3384E+02   -.3342E+02   -.3304E+02   -.3268E+02   -.3234E+02   -.3203E+02   -.3173E+02   -.3145E+02   -.3120E+02   -.3095E+02   -.3073E+02   -.3051E+02   -.3031E+02   -.3012E+02   -.2994E+02   -.2977E+02   -.2961E+02   -.2946E+02   -.2932E+02   -.2918E+02   -.2905E+02   -.2893E+02   -.2882E+02   -.2871E+02   -.2860E+02   -.2850E+02   -.2841E+02   -.2832E+02   -.2824E+02   -.2816E+02   -.2808E+02   -.2801E+02   -.2794E+02   -.2787E+02   -.2781E+02   -.2775E+02   -.2769E+02   -.2764E+02   -.2758E+02   -.2754E+02   -.2749E+02   -.2744E+02   -.2740E+02   -.2736E+02   -.2732E+02   -.2729E+02   -.2725E+02   -.2722E+02   -.2719E+02   -.2716E+02   -.2713E+02   -.2710E+02   -.2708E+02   -.2705E+02   -.2703E+02   -.2700E+02   -.2698E+02   -.2696E+02   -.2694E+02   -.2692E+02   -.2690E+02   -.2689E+02   -.2687E+02   -.2685E+02   -.2684E+02   -.2682E+02   -.2681E+02   -.2679E+02   -.2678E+02   -.2677E+02   -.2675E+02   -.2674E+02   -.2673E+02   -.2672E+02   -.2671E+02   -.2670E+02   -.2669E+02   -.2668E+02   -.2667E+02   -.2667E+02   -.2666E+02   -.2665E+02   -.2664E+02   -.2664E+02   -.2663E+02   -.2662E+02   -.2662E+02   -.2661E+02   -.2661E+02   -.2660E+02   -.2660E+02   -.2659E+02   -.2659E+02
0.1167E+04   0.4700E+02   -.3513E+02   -.3517E+02   -.3523E+02   -.3529E+02   -.3537E+02   -.3546E+02   -.3558E+02   -.3573E+02   -.3592E+02   -.3621E+02   -.3655E+02   -.3716E+02   -.3772E+02   -.3940E+02   -.3960E+02   -.4631E+02   -.5512E+02   -.6105E+02   -.4507E+02   -.4801E+02   -.4453E+02   -.4435E+02   -.4262E+02   -.4169E+02   -.4050E+02   -.3955E+02   -.3864E+02   -.3784E+02   -.3711E+02   -.3645E+02   -.3584E+02   -.3528E+02   -.3476E+02   -.3428E+02   -.3384E+02   -.3342E+02   -.3304E+02   -.3268E+02   -.3234E+02   -.3202E+02   -.3173E+02   -.3145E+02   -.3120E+02   -.3095E+02   -.3073E+02   -.3051E+02   -.3031E+02   -.3012E+02   -.2994E+02   -.2977E+02   -.2961E+02   -.2946E+02   -.2932E+02   -.2918E+02   -.2905E+02   -.2893E+02   -.2882E+02   -.2871E+02   -.2860E+02   -.2851E+02   -.2841E+02   -.2832E+02   -.2824E+02   -.2816E+02   -.2808E+02   -.2801E+02   -.2794E+02   -.2787E+02   -.2781E+02   -.2775E+02   -.2769E+02   -.2764E+02   -.2759E+02   -.2754E+02   -.2749E+02   -.2744E+02   -.2740E+02   -.2736E+02   -.2732E+02   -.2729E+02   -.2725E+02   -.2722E+02   -.2719E+02   -.2716E+02   -.2713E+02   -.2710E+02   -.2708E+02   -.2705E+02   -.2703E+02   -.2700E+02   -.2698E+02   -.2696E+02   -.2694E+02   -.2692E+02   -.2690E+02   -.2689E+02   -.2687E+02   -.2685E+02   -.2684E+02   -.2682E+02   -.2681E+02   -.2679E+02   -.2678E+02   -.2677E+02   -.2675E+02   -.2674E+02   -.2673E+02   -.2672E+02   -.2671E+02   -.2670E+02   -.2669E+02   -.2668E+02   -.2667E+02   -.2667E+02   -.2666E+02   -.2665E+02   -.2664E+02   -.2664E+02   -.2663E+02   -.2662E+02   -.2662E+02   -.2661E+02   -.2661E+02   -.2660E+02   -.2660E+02   -.2659E+02   -.2659E+02   -.2658E+02
0.1168E+04   0.4733E+02   -.3515E+02   -.3520E+02   -.3527E+02   -.3535E+02   -.3544E+02   -.3556E+02   -.3571E+02   -.3591E+02   -.3619E+02   -.3653E+02   -.3714E+02   -.3770E+02   -.3938E+02   -.3958E+02   -.4630E+02   -.5510E+02   -.6103E+02   -.4506E+02   -.4800E+02   -.4452E+02   -.4434E+02   -.4261E+02   -.4168E+02   -.4049E+02   -.3955E+02   -.3863E+02   -.3784E+02   -.3711E+02   -.3645E+02   -.3584E+02   -.3528E+02   -.3476E+02   -.3428E+02   -.3384E+02   -.3342E+02   -.3304E+02   -.3268E+02   -.3234E+02   -.3202E+02   -.3173E+02   -.3145E+02   -.3120E+02   -.3095E+02   -.3073E+02   -.3051E+02   -.3031E+02   -.3012E+02   -.2994E+02   -.2977E+02   -.2961E+02   -.2946E+02   -.2932E+02   -.2918E+02   -.2905E+02   -.2893E+02   -.2882E+02   -.2871E+02   -.2861E+02   -.2851E+02   -.2841E+02   -.2832E+02   -.2824E+02   -.2816E+02   -.2808E+02   -.2801E+02   -.2794E+02   -.2787E+02   -.2781E+02   -.2775E+02   -.2769E+02   -.2764E+02   -.2759E+02   -.2754E+02   -.2749E+02   -.2744E+02   -.2740E+02   -.2736E+02   -.2732E+02   -.2729E+02   -.2725E+02   -.2722E+02   -.2719E+02   -.2716E+02   -.2713E+02   -.2710E+02   -.2708E+02   -.2705E+02   -.2703E+02   -.2700E+02   -.2698E+02   -.2696E+02   -.2694E+02   -.2692E+02   -.2690E+02   -.2689E+02   -.2687E+02   -.2685E+02   -.2684E+02   -.2682E+02   -.2681E+02   -.2679E+02   -.2678E+02   -.2677E+02   -.2675E+02   -.2674E+02   -.2673E+02   -.2672E+02   -.2671E+02   -.2670E+02   -.2669E+02   -.2668E+02   -.2667E+02   -.2667E+02   -.2666E+02   -.2665E+02   -.2664E+02   -.2664E+02   -.2663E+02   -.2662E+02   -.2662E+02   -.2661E+02   -.2661E+02   -.2660E+02   -.2659E+02   -.2659E+02   -.2659E+02   -.2658E+02   -.2658E+02
0.1169E+04   0.4767E+02   -.3518E+02   -.3524E+02   -.3532E+02   -.3542E+02   -.3554E+02   -.3569E+02   -.3589E+02   -.3617E+02   -.3651E+02   -.3712E+02   -.3768E+02   -.3937E+02   -.3957E+02   -.4628E+02   -.5508E+02   -.6101E+02   -.4504E+02   -.4799E+02   -.4451E+02   -.4433E+02   -.4260E+02   -.4168E+02   -.4048E+02   -.3954E+02   -.3863E+02   -.3783E+02   -.3710E+02   -.3644E+02   -.3583E+02   -.3528E+02   -.3476E+02   -.3428E+02   -.3383E+02   -.3342E+02   -.3303E+02   -.3267E+02   -.3234E+02   -.3202E+02   -.3173E+02   -.3145E+02   -.3120E+02   -.3095E+02   -.3073E+02   -.3051E+02   -.3031E+02   -.3012E+02   -.2994E+02   -.2977E+02   -.2961E+02   -.2946E+02   -.2932E+02   -.2918E+02   -.2906E+02   -.2893E+02   -.2882E+02   -.2871E+02   -.2861E+02   -.2851E+02   -.2841E+02   -.2833E+02   -.2824E+02   -.2816E+02   -.2808E+02   -.2801E+02   -.2794E+02   -.2787E+02   -.2781E+02   -.2775E+02   -.2769E+02   -.2764E+02   -.2759E+02   -.2754E+02   -.2749E+02   -.2745E+02   -.2740E+02   -.2736E+02   -.2732E+02   -.2729E+02   -.2725E+02   -.2722E+02   -.2719E+02   -.2716E+02   -.2713E+02   -.2710E+02   -.2708E+02   -.2705E+02   -.2703E+02   -.2701E+02   -.2698E+02   -.2696E+02   -.2694E+02   -.2692E+02   -.2690E+02   -.2689E+02   -.2687E+02   -.2685E+02   -.2684E+02   -.2682E+02   -.2681E+02   -.2679E+02   -.2678E+02   -.2677E+02   -.2675E+02   -.2674E+02   -.2673E+02   -.2672E+02   -.2671E+02   -.2670E+02   -.2669E+02   -.2668E+02   -.2667E+02   -.2667E+02   -.2666E+02   -.2665E+02   -.2664E+02   -.2664E+02   -.2663E+02   -.2662E+02   -.2662E+02   -.2661E+02   -.2660E+02   -.2660E+02   -.2659E+02   -.2659E+02   -.2658E+02   -.2658E+02   -.2658E+02   -.2657E+02
0.1170E+04   0.4800E+02   -.3521E+02   -.3529E+02   -.3539E+02   -.3551E+02   -.3567E+02   -.3586E+02   -.3615E+02   -.3649E+02   -.3710E+02   -.3766E+02   -.3935E+02   -.3955E+02   -.4626E+02   -.5505E+02   -.6098E+02   -.4502E+02   -.4797E+02   -.4449E+02   -.4432E+02   -.4259E+02   -.4167E+02   -.4047E+02   -.3953E+02   -.3862E+02   -.3782E+02   -.3709E+02   -.3644E+02   -.3583E+02   -.3527E+02   -.3476E+02   -.3428E+02   -.3383E+02   -.3342E+02   -.3303E+02   -.3267E+02   -.3234E+02   -.3202E+02   -.3173E+02   -.3145E+02   -.3120E+02   -.3095E+02   -.3073E+02   -.3051E+02   -.3031E+02   -.3012E+02   -.2994E+02   -.2977E+02   -.2961E+02   -.2946E+02   -.2932E+02   -.2919E+02   -.2906E+02   -.2894E+02   -.2882E+02   -.2871E+02   -.2861E+02   -.2851E+02   -.2842E+02   -.2833E+02   -.2824E+02   -.2816E+02   -.2808E+02   -.2801E+02   -.2794E+02   -.2788E+02   -.2781E+02   -.2775E+02   -.2770E+02   -.2764E+02   -.2759E+02   -.2754E+02   -.2749E+02   -.2745E+02   -.2740E+02   -.2736E+02   -.2733E+02   -.2729E+02   -.2725E+02   -.2722E+02   -.2719E+02   -.2716E+02   -.2713E+02   -.2710E+02   -.2708E+02   -.2705E+02   -.2703E+02   -.2701E+02   -.2698E+02   -.2696E+02   -.2694E+02   -.2692E+02   -.2690E+02   -.2689E+02   -.2687E+02   -.2685E+02   -.2684E+02   -.2682E+02   -.2681E+02   -.2679E+02   -.2678E+02   -.2677E+02   -.2675E+02   -.2674E+02   -.2673E+02   -.2672E+02   -.2671E+02   -.2670E+02   -.2669E+02   -.2668E+02   -.2667E+02   -.2666E+02   -.2666E+02   -.2665E+02   -.2664E+02   -.2664E+02   -.2663E+02   -.2662E+02   -.2662E+02   -.2661E+02   -.2660E+02   -.2660E+02   -.2659E+02   -.2659E+02   -.2658E+02   -.2658E+02   -.2657E+02   -.2657E+02   -.2657E+02
0.1171E+04   0.4833E+02   -.3525E+02   -.3535E+02   -.3548E+02   -.3564E+02   -.3583E+02   -.3612E+02   -.3647E+02   -.3708E+02   -.3764E+02   -.3932E+02   -.3953E+02   -.4623E+02   -.5502E+02   -.6095E+02   -.4500E+02   -.4795E+02   -.4448E+02   -.4430E+02   -.4258E+02   -.4165E+02   -.4046E+02   -.3952E+02   -.3861E+02   -.3782E+02   -.3709E+02   -.3643E+02   -.3583E+02   -.3527E+02   -.3475E+02   -.3427E+02   -.3383E+02   -.3342E+02   -.3303E+02   -.3267E+02   -.3234E+02   -.3202E+02   -.3173E+02   -.3145E+02   -.3120E+02   -.3096E+02   -.3073E+02   -.3051E+02   -.3031E+02   -.3012E+02   -.2994E+02   -.2978E+02   -.2962E+02   -.2947E+02   -.2932E+02   -.2919E+02   -.2906E+02   -.2894E+02   -.2882E+02   -.2871E+02   -.2861E+02   -.2851E+02   -.2842E+02   -.2833E+02   -.2824E+02   -.2816E+02   -.2809E+02   -.2801E+02   -.2794E+02   -.2788E+02   -.2781E+02   -.2775E+02   -.2770E+02   -.2764E+02   -.2759E+02   -.2754E+02   -.2749E+02   -.2745E+02   -.2740E+02   -.2736E+02   -.2733E+02   -.2729E+02   -.2726E+02   -.2722E+02   -.2719E+02   -.2716E+02   -.2713E+02   -.2711E+02   -.2708E+02   -.2705E+02   -.2703E+02   -.2701E+02   -.2698E+02   -.2696E+02   -.2694E+02   -.2692E+02   -.2690E+02   -.2689E+02   -.2687E+02   -.2685E+02   -.2684E+02   -.2682E+02   -.2681E+02   -.2679E+02   -.2678E+02   -.2677E+02   -.2675E+02   -.2674E+02   -.2673E+02   -.2672E+02   -.2671E+02   -.2670E+02   -.2669E+02   -.2668E+02   -.2667E+02   -.2666E+02   -.2666E+02   -.2665E+02   -.2664E+02   -.2663E+02   -.2663E+02   -.2662E+02   -.2662E+02   -.2661E+02   -.2660E+02   -.2660E+02   -.2659E+02   -.2659E+02   -.2658E+02   -.2658E+02   -.2657E+02   -.2657E+02   -.2657E+02   -.2656E+02
0.1172E+04   0.4867E+02   -.3531E+02   -.3544E+02   -.3560E+02   -.3580E+02   -.3609E+02   -.3643E+02   -.3705E+02   -.3761E+02   -.3929E+02   -.3950E+02   -.4620E+02   -.5498E+02   -.6091E+02   -.4498E+02   -.4792E+02   -.4446E+02   -.4429E+02   -.4256E+02   -.4164E+02   -.4045E+02   -.3951E+02   -.3860E+02   -.3781E+02   -.3708E+02   -.3642E+02   -.3582E+02   -.3526E+02   -.3475E+02   -.3427E+02   -.3383E+02   -.3341E+02   -.3303E+02   -.3267E+02   -.3234E+02   -.3202E+02   -.3173E+02   -.3145E+02   -.3120E+02   -.3096E+02   -.3073E+02   -.3052E+02   -.3031E+02   -.3012E+02   -.2995E+02   -.2978E+02   -.2962E+02   -.2947E+02   -.2932E+02   -.2919E+02   -.2906E+02   -.2894E+02   -.2882E+02   -.2872E+02   -.2861E+02   -.2851E+02   -.2842E+02   -.2833E+02   -.2825E+02   -.2817E+02   -.2809E+02   -.2802E+02   -.2795E+02   -.2788E+02   -.2782E+02   -.2776E+02   -.2770E+02   -.2764E+02   -.2759E+02   -.2754E+02   -.2749E+02   -.2745E+02   -.2741E+02   -.2737E+02   -.2733E+02   -.2729E+02   -.2726E+02   -.2722E+02   -.2719E+02   -.2716E+02   -.2713E+02   -.2711E+02   -.2708E+02   -.2705E+02   -.2703E+02   -.2701E+02   -.2698E+02   -.2696E+02   -.2694E+02   -.2692E+02   -.2690E+02   -.2689E+02   -.2687E+02   -.2685E+02   -.2684E+02   -.2682E+02   -.2681E+02   -.2679E+02   -.2678E+02   -.2677E+02   -.2675E+02   -.2674E+02   -.2673E+02   -.2672E+02   -.2671E+02   -.2670E+02   -.2669E+02   -.2668E+02   -.2667E+02   -.2666E+02   -.2666E+02   -.2665E+02   -.2664E+02   -.2663E+02   -.2663E+02   -.2662E+02   -.2661E+02   -.2661E+02   -.2660E+02   -.2660E+02   -.2659E+02   -.2659E+02   -.2658E+02   -.2658E+02   -.2657E+02   -.2657E+02   -.2656E+02   -.2656E+02   -.2656E+02
0.1173E+04   0.4900E+02   -.3538E+02   -.3555E+02   -.3575E+02   -.3604E+02   -.3639E+02   -.3701E+02   -.3757E+02   -.3926E+02   -.3947E+02   -.4616E+02   -.5494E+02   -.6087E+02   -.4494E+02   -.4789E+02   -.4443E+02   -.4426E+02   -.4255E+02   -.4163E+02   -.4044E+02   -.3950E+02   -.3859E+02   -.3780E+02   -.3707E+02   -.3642E+02   -.3581E+02   -.3526E+02   -.3474E+02   -.3427E+02   -.3382E+02   -.3341E+02   -.3303E+02   -.3267E+02   -.3233E+02   -.3202E+02   -.3173E+02   -.3146E+02   -.3120E+02   -.3096E+02   -.3073E+02   -.3052E+02   -.3032E+02   -.3013E+02   -.2995E+02   -.2978E+02   -.2962E+02   -.2947E+02   -.2933E+02   -.2919E+02   -.2906E+02   -.2894E+02   -.2883E+02   -.2872E+02   -.2861E+02   -.2852E+02   -.2842E+02   -.2833E+02   -.2825E+02   -.2817E+02   -.2809E+02   -.2802E+02   -.2795E+02   -.2788E+02   -.2782E+02   -.2776E+02   -.2770E+02   -.2765E+02   -.2759E+02   -.2754E+02   -.2750E+02   -.2745E+02   -.2741E+02   -.2737E+02   -.2733E+02   -.2729E+02   -.2726E+02   -.2722E+02   -.2719E+02   -.2716E+02   -.2713E+02   -.2711E+02   -.2708E+02   -.2705E+02   -.2703E+02   -.2701E+02   -.2698E+02   -.2696E+02   -.2694E+02   -.2692E+02   -.2690E+02   -.2689E+02   -.2687E+02   -.2685E+02   -.2684E+02   -.2682E+02   -.2681E+02   -.2679E+02   -.2678E+02   -.2677E+02   -.2675E+02   -.2674E+02   -.2673E+02   -.2672E+02   -.2671E+02   -.2670E+02   -.2669E+02   -.2668E+02   -.2667E+02   -.2666E+02   -.2666E+02   -.2665E+02   -.2664E+02   -.2663E+02   -.2663E+02   -.2662E+02   -.2661E+02   -.2661E+02   -.2660E+02   -.2660E+02   -.2659E+02   -.2659E+02   -.2658E+02   -.2658E+02   -.2657E+02   -.2657E+02   -.2656E+02   -.2656E+02   -.2656E+02   -.2655E+02
0.1174E+04   0.4933E+02   -.3548E+02   -.3569E+02   -.3599E+02   -.3634E+02   -.3696E+02   -.3753E+02   -.3921E+02   -.3943E+02   -.4612E+02   -.5489E+02   -.6081E+02   -.4491E+02   -.4786E+02   -.4440E+02   -.4424E+02   -.4252E+02   -.4161E+02   -.4042E+02   -.3949E+02   -.3858E+02   -.3779E+02   -.3706E+02   -.3641E+02   -.3581E+02   -.3525E+02   -.3474E+02   -.3426E+02   -.3382E+02   -.3341E+02   -.3303E+02   -.3267E+02   -.3233E+02   -.3202E+02   -.3173E+02   -.3146E+02   -.3120E+02   -.3096E+02   -.3073E+02   -.3052E+02   -.3032E+02   -.3013E+02   -.2995E+02   -.2978E+02   -.2962E+02   -.2947E+02   -.2933E+02   -.2919E+02   -.2907E+02   -.2895E+02   -.2883E+02   -.2872E+02   -.2862E+02   -.2852E+02   -.2842E+02   -.2834E+02   -.2825E+02   -.2817E+02   -.2809E+02   -.2802E+02   -.2795E+02   -.2788E+02   -.2782E+02   -.2776E+02   -.2770E+02   -.2765E+02   -.2760E+02   -.2755E+02   -.2750E+02   -.2745E+02   -.2741E+02   -.2737E+02   -.2733E+02   -.2729E+02   -.2726E+02   -.2723E+02   -.2719E+02   -.2716E+02   -.2714E+02   -.2711E+02   -.2708E+02   -.2706E+02   -.2703E+02   -.2701E+02   -.2699E+02   -.2696E+02   -.2694E+02   -.2692E+02   -.2690E+02   -.2689E+02   -.2687E+02   -.2685E+02   -.2684E+02   -.2682E+02   -.2681E+02   -.2679E+02   -.2678E+02   -.2677E+02   -.2675E+02   -.2674E+02   -.2673E+02   -.2672E+02   -.2671E+02   -.2670E+02   -.2669E+02   -.2668E+02   -.2667E+02   -.2666E+02   -.2665E+02   -.2665E+02   -.2664E+02   -.2663E+02   -.2662E+02   -.2662E+02   -.2661E+02   -.2661E+02   -.2660E+02   -.2659E+02   -.2659E+02   -.2658E+02   -.2658E+02   -.2657E+02   -.2657E+02   -.2657E+02   -.2656E+02   -.2656E+02   -.2655E+02   -.2655E+02   -.2655E+02
0.1175E+04   0.4967E+02   -.3562E+02   -.3592E+02   -.3627E+02   -.3689E+02   -.3747E+02   -.3915E+02   -.3938E+02   -.4606E+02   -.5482E+02   -.6074E+02   -.4486E+02   -.4781E+02   -.4437E+02   -.4421E+02   -.4250E+02   -.4159E+02   -.4040E+02   -.3947E+02   -.3856E+02   -.3777E+02   -.3705E+02   -.3640E+02   -.3580E+02   -.3525E+02   -.3473E+02   -.3426E+02   -.3382E+02   -.3341E+02   -.3302E+02   -.3267E+02   -.3233E+02   -.3202E+02   -.3173E+02   -.3146E+02   -.3120E+02   -.3096E+02   -.3073E+02   -.3052E+02   -.3032E+02   -.3013E+02   -.2995E+02   -.2978E+02   -.2963E+02   -.2948E+02   -.2933E+02   -.2920E+02   -.2907E+02   -.2895E+02   -.2883E+02   -.2872E+02   -.2862E+02   -.2852E+02   -.2843E+02   -.2834E+02   -.2825E+02   -.2817E+02   -.2810E+02   -.2802E+02   -.2795E+02   -.2789E+02   -.2782E+02   -.2776E+02   -.2771E+02   -.2765E+02   -.2760E+02   -.2755E+02   -.2750E+02   -.2745E+02   -.2741E+02   -.2737E+02   -.2733E+02   -.2729E+02   -.2726E+02   -.2723E+02   -.2720E+02   -.2717E+02   -.2714E+02   -.2711E+02   -.2708E+02   -.2706E+02   -.2703E+02   -.2701E+02   -.2699E+02   -.2696E+02   -.2694E+02   -.2692E+02   -.2690E+02   -.2689E+02   -.2687E+02   -.2685E+02   -.2684E+02   -.2682E+02   -.2681E+02   -.2679E+02   -.2678E+02   -.2676E+02   -.2675E+02   -.2674E+02   -.2673E+02   -.2672E+02   -.2671E+02   -.2670E+02   -.2669E+02   -.2668E+02   -.2667E+02   -.2666E+02   -.2665E+02   -.2664E+02   -.2664E+02   -.2663E+02   -.2662E+02   -.2662E+02   -.2661E+02   -.2660E+02   -.2660E+02   -.2659E+02   -.2659E+02   -.2658E+02   -.2658E+02   -.2657E+02   -.2657E+02   -.2656E+02   -.2656E+02   -.2656E+02   -.2655E+02   -.2655E+02   -.2654E+02   -.2654E+02
0.1176E+04   0.5000E+02   -.3582E+02   -.3619E+02   -.3681E+02   -.3739E+02   -.3908E+02   -.3931E+02   -.4598E+02   -.5474E+02   -.6066E+02   -.4480E+02   -.4776E+02   -.4433E+02   -.4417E+02   -.4247E+02   -.4156E+02   -.4038E+02   -.3945E+02   -.3855E+02   -.3776E+02   -.3704E+02   -.3639E+02   -.3579E+02   -.3524E+02   -.3473E+02   -.3425E+02   -.3381E+02   -.3340E+02   -.3302E+02   -.3267E+02   -.3233E+02   -.3202E+02   -.3173E+02   -.3146E+02   -.3120E+02   -.3096E+02   -.3074E+02   -.3052E+02   -.3032E+02   -.3013E+02   -.2996E+02   -.2979E+02   -.2963E+02   -.2948E+02   -.2934E+02   -.2920E+02   -.2907E+02   -.2895E+02   -.2884E+02   -.2873E+02   -.2862E+02   -.2853E+02   -.2843E+02   -.2834E+02   -.2826E+02   -.2818E+02   -.2810E+02   -.2803E+02   -.2796E+02   -.2789E+02   -.2783E+02   -.2777E+02   -.2771E+02   -.2765E+02   -.2760E+02   -.2755E+02   -.2750E+02   -.2746E+02   -.2741E+02   -.2737E+02   -.2733E+02   -.2730E+02   -.2726E+02   -.2723E+02   -.2720E+02   -.2717E+02   -.2714E+02   -.2711E+02   -.2708E+02   -.2706E+02   -.2703E+02   -.2701E+02   -.2699E+02   -.2696E+02   -.2694E+02   -.2692E+02   -.2690E+02   -.2689E+02   -.2687E+02   -.2685E+02   -.2683E+02   -.2682E+02   -.2680E+02   -.2679E+02   -.2678E+02   -.2676E+02   -.2675E+02   -.2674E+02   -.2673E+02   -.2672E+02   -.2671E+02   -.2670E+02   -.2669E+02   -.2668E+02   -.2667E+02   -.2666E+02   -.2665E+02   -.2664E+02   -.2663E+02   -.2663E+02   -.2662E+02   -.2661E+02   -.2661E+02   -.2660E+02   -.2660E+02   -.2659E+02   -.2658E+02   -.2658E+02   -.2657E+02   -.2657E+02   -.2657E+02   -.2656E+02   -.2656E+02   -.2655E+02   -.2655E+02   -.2655E+02   -.2654E+02   -.2654E+02   -.2654E+02
0.1177E+04   0.5033E+02   -.3606E+02   -.3670E+02   -.3729E+02   -.3897E+02   -.3922E+02   -.4588E+02   -.5463E+02   -.6055E+02   -.4473E+02   -.4770E+02   -.4427E+02   -.4413E+02   -.4243E+02   -.4153E+02   -.4035E+02   -.3943E+02   -.3852E+02   -.3774E+02   -.3702E+02   -.3638E+02   -.3578E+02   -.3523E+02   -.3472E+02   -.3425E+02   -.3381E+02   -.3340E+02   -.3302E+02   -.3267E+02   -.3233E+02   -.3202E+02   -.3173E+02   -.3146E+02   -.3121E+02   -.3097E+02   -.3074E+02   -.3053E+02   -.3033E+02   -.3014E+02   -.2996E+02   -.2979E+02   -.2963E+02   -.2948E+02   -.2934E+02   -.2921E+02   -.2908E+02   -.2896E+02   -.2884E+02   -.2873E+02   -.2863E+02   -.2853E+02   -.2844E+02   -.2835E+02   -.2826E+02   -.2818E+02   -.2810E+02   -.2803E+02   -.2796E+02   -.2789E+02   -.2783E+02   -.2777E+02   -.2771E+02   -.2766E+02   -.2760E+02   -.2755E+02   -.2750E+02   -.2746E+02   -.2741E+02   -.2737E+02   -.2733E+02   -.2730E+02   -.2726E+02   -.2723E+02   -.2720E+02   -.2717E+02   -.2714E+02   -.2711E+02   -.2708E+02   -.2706E+02   -.2703E+02   -.2701E+02   -.2698E+02   -.2696E+02   -.2694E+02   -.2692E+02   -.2690E+02   -.2688E+02   -.2687E+02   -.2685E+02   -.2683E+02   -.2682E+02   -.2680E+02   -.2679E+02   -.2677E+02   -.2676E+02   -.2675E+02   -.2674E+02   -.2672E+02   -.2671E+02   -.2670E+02   -.2669E+02   -.2668E+02   -.2667E+02   -.2666E+02   -.2666E+02   -.2665E+02   -.2664E+02   -.2663E+02   -.2662E+02   -.2662E+02   -.2661E+02   -.2660E+02   -.2660E+02   -.2659E+02   -.2659E+02   -.2658E+02   -.2658E+02   -.2657E+02   -.2657E+02   -.2656E+02   -.2656E+02   -.2655E+02   -.2655E+02   -.2654E+02   -.2654E+02   -.2654E+02   -.2653E+02   -.2653E+02   -.2653E+02
0.1178E+04   0.5067E+02   -.3651E+02   -.3714E+02   -.3883E+02   -.3910E+02   -.4574E+02   -.5448E+02   -.6040E+02   -.4463E+02   -.4761E+02   -.4421E+02   -.4407E+02   -.4239E+02   -.4149E+02   -.4032E+02   -.3940E+02   -.3850E+02   -.3772E+02   -.3701E+02   -.3636E+02   -.3577E+02   -.3522E+02   -.3472E+02   -.3425E+02   -.3381E+02   -.3340E+02   -.3302E+02   -.3267E+02   -.3234E+02   -.3203E+02   -.3174E+02   -.3147E+02   -.3121E+02   -.3097E+02   -.3075E+02   -.3053E+02   -.3033E+02   -.3015E+02   -.2997E+02   -.2980E+02   -.2964E+02   -.2949E+02   -.2935E+02   -.2921E+02   -.2908E+02   -.2896E+02   -.2885E+02   -.2874E+02   -.2863E+02   -.2853E+02   -.2844E+02   -.2835E+02   -.2827E+02   -.2818E+02   -.2811E+02   -.2803E+02   -.2796E+02   -.2790E+02   -.2783E+02   -.2777E+02   -.2771E+02   -.2766E+02   -.2760E+02   -.2755E+02   -.2750E+02   -.2746E+02   -.2741E+02   -.2737E+02   -.2733E+02   -.2730E+02   -.2726E+02   -.2723E+02   -.2720E+02   -.2716E+02   -.2714E+02   -.2711E+02   -.2708E+02   -.2705E+02   -.2703E+02   -.2700E+02   -.2698E+02   -.2696E+02   -.2694E+02   -.2692E+02   -.2690E+02   -.2688E+02   -.2686E+02   -.2685E+02   -.2683E+02   -.2681E+02   -.2680E+02   -.2678E+02   -.2677E+02   -.2676E+02   -.2674E+02   -.2673E+02   -.2672E+02   -.2671E+02   -.2670E+02   -.2669E+02   -.2668E+02   -.2667E+02   -.2666E+02   -.2665E+02   -.2664E+02   -.2663E+02   -.2663E+02   -.2662E+02   -.2661E+02   -.2660E+02   -.2660E+02   -.2659E+02   -.2658E+02   -.2658E+02   -.2657E+02   -.2657E+02   -.2656E+02   -.2656E+02   -.2655E+02   -.2655E+02   -.2654E+02   -.2654E+02   -.2654E+02   -.2653E+02   -.2653E+02   -.2653E+02   -.2652E+02   -.2652E+02   -.2652E+02
0.1179E+04   0.5100E+02   -.3692E+02   -.3863E+02   -.3893E+02   -.4554E+02   -.5428E+02   -.6021E+02   -.4450E+02   -.4750E+02   -.4413E+02   -.4401E+02   -.4234E+02   -.4145E+02   -.4029E+02   -.3937E+02   -.3847E+02   -.3770E+02   -.3699E+02   -.3635E+02   -.3576E+02   -.3521E+02   -.3471E+02   -.3424E+02   -.3381E+02   -.3340E+02   -.3302E+02   -.3267E+02   -.3234E+02   -.3203E+02   -.3174E+02   -.3147E+02   -.3122E+02   -.3098E+02   -.3075E+02   -.3054E+02   -.3034E+02   -.3015E+02   -.2997E+02   -.2980E+02   -.2964E+02   -.2949E+02   -.2935E+02   -.2922E+02   -.2909E+02   -.2897E+02   -.2885E+02   -.2874E+02   -.2863E+02   -.2854E+02   -.2844E+02   -.2835E+02   -.2827E+02   -.2818E+02   -.2811E+02   -.2803E+02   -.2796E+02   -.2789E+02   -.2783E+02   -.2777E+02   -.2771E+02   -.2765E+02   -.2760E+02   -.2755E+02   -.2750E+02   -.2745E+02   -.2741E+02   -.2737E+02   -.2733E+02   -.2729E+02   -.2725E+02   -.2722E+02   -.2719E+02   -.2716E+02   -.2713E+02   -.2710E+02   -.2707E+02   -.2705E+02   -.2702E+02   -.2700E+02   -.2697E+02   -.2695E+02   -.2693E+02   -.2691E+02   -.2689E+02   -.2687E+02   -.2685E+02   -.2683E+02   -.2682E+02   -.2680E+02   -.2679E+02   -.2677E+02   -.2676E+02   -.2674E+02   -.2673E+02   -.2672E+02   -.2671E+02   -.2670E+02   -.2668E+02   -.2667E+02   -.2666E+02   -.2665E+02   -.2664E+02   -.2664E+02   -.2663E+02   -.2662E+02   -.2661E+02   -.2660E+02   -.2660E+02   -.2659E+02   -.2658E+02   -.2658E+02   -.2657E+02   -.2656E+02   -.2656E+02   -.2655E+02   -.2655E+02   -.2654E+02   -.2654E+02   -.2653E+02   -.2653E+02   -.2653E+02   -.2652E+02   -.2652E+02   -.2651E+02   -.2651E+02   -.2651E+02   -.2650E+02   -.2650E+02   -.2650E+02
0.1180E+04   0.5133E+02   -.3821E+02   -.3870E+02   -.4525E+02   -.5399E+02   -.5993E+02   -.4433E+02   -.4735E+02   -.4402E+02   -.4392E+02   -.4227E+02   -.4140E+02   -.4024E+02   -.3933E+02   -.3844E+02   -.3767E+02   -.3696E+02   -.3632E+02   -.3574E+02   -.3520E+02   -.3470E+02   -.3423E+02   -.3380E+02   -.3339E+02   -.3302E+02   -.3266E+02   -.3233E+02   -.3203E+02   -.3174E+02   -.3146E+02   -.3121E+02   -.3097E+02   -.3074E+02   -.3053E+02   -.3033E+02   -.3014E+02   -.2996E+02   -.2980E+02   -.2964E+02   -.2948E+02   -.2934E+02   -.2921E+02   -.2908E+02   -.2895E+02   -.2884E+02   -.2873E+02   -.2862E+02   -.2852E+02   -.2843E+02   -.2834E+02   -.2825E+02   -.2817E+02   -.2809E+02   -.2802E+02   -.2794E+02   -.2788E+02   -.2781E+02   -.2775E+02   -.2769E+02   -.2763E+02   -.2758E+02   -.2753E+02   -.2748E+02   -.2743E+02   -.2739E+02   -.2735E+02   -.2731E+02   -.2727E+02   -.2723E+02   -.2720E+02   -.2717E+02   -.2713E+02   -.2710E+02   -.2708E+02   -.2705E+02   -.2702E+02   -.2700E+02   -.2697E+02   -.2695E+02   -.2692E+02   -.2690E+02   -.2688E+02   -.2686E+02   -.2684E+02   -.2683E+02   -.2681E+02   -.2679E+02   -.2677E+02   -.2676E+02   -.2674E+02   -.2673E+02   -.2672E+02   -.2670E+02   -.2669E+02   -.2668E+02   -.2667E+02   -.2666E+02   -.2664E+02   -.2663E+02   -.2662E+02   -.2662E+02   -.2661E+02   -.2660E+02   -.2659E+02   -.2658E+02   -.2657E+02   -.2657E+02   -.2656E+02   -.2655E+02   -.2655E+02   -.2654E+02   -.2653E+02   -.2653E+02   -.2652E+02   -.2652E+02   -.2651E+02   -.2651E+02   -.2650E+02   -.2650E+02   -.2649E+02   -.2649E+02   -.2649E+02   -.2648E+02   -.2648E+02   -.2648E+02   -.2647E+02   -.2647E+02   -.2647E+02   -.2646E+02
0.1181E+04   0.5167E+02   -.3834E+02   -.4485E+02   -.5356E+02   -.5955E+02   -.4408E+02   -.4715E+02   -.4387E+02   -.4381E+02   -.4218E+02   -.4133E+02   -.4018E+02   -.3928E+02   -.3839E+02   -.3762E+02   -.3692E+02   -.3629E+02   -.3571E+02   -.3518E+02   -.3468E+02   -.3422E+02   -.3379E+02   -.3338E+02   -.3301E+02   -.3266E+02   -.3233E+02   -.3202E+02   -.3173E+02   -.3146E+02   -.3121E+02   -.3097E+02   -.3074E+02   -.3053E+02   -.3033E+02   -.3014E+02   -.2996E+02   -.2979E+02   -.2963E+02   -.2948E+02   -.2934E+02   -.2920E+02   -.2907E+02   -.2895E+02   -.2883E+02   -.2872E+02   -.2862E+02   -.2851E+02   -.2842E+02   -.2833E+02   -.2824E+02   -.2816E+02   -.2808E+02   -.2801E+02   -.2793E+02   -.2787E+02   -.2780E+02   -.2774E+02   -.2768E+02   -.2762E+02   -.2757E+02   -.2752E+02   -.2747E+02   -.2742E+02   -.2737E+02   -.2733E+02   -.2729E+02   -.2725E+02   -.2722E+02   -.2718E+02   -.2715E+02   -.2712E+02   -.2709E+02   -.2706E+02   -.2703E+02   -.2700E+02   -.2698E+02   -.2695E+02   -.2693E+02   -.2691E+02   -.2688E+02   -.2686E+02   -.2684E+02   -.2682E+02   -.2680E+02   -.2679E+02   -.2677E+02   -.2675E+02   -.2674E+02   -.2672E+02   -.2671E+02   -.2669E+02   -.2668E+02   -.2667E+02   -.2666E+02   -.2664E+02   -.2663E+02   -.2662E+02   -.2661E+02   -.2660E+02   -.2659E+02   -.2658E+02   -.2657E+02   -.2657E+02   -.2656E+02   -.2655E+02   -.2654E+02   -.2654E+02   -.2653E+02   -.2652E+02   -.2652E+02   -.2651E+02   -.2650E+02   -.2650E+02   -.2649E+02   -.2649E+02   -.2648E+02   -.2648E+02   -.2647E+02   -.2647E+02   -.2647E+02   -.2646E+02   -.2646E+02   -.2645E+02   -.2645E+02   -.2645E+02   -.2644E+02   -.2644E+02   -.2644E+02   -.2643E+02
0.1182E+04   0.5200E+02   -.4435E+02   -.5291E+02   -.5897E+02   -.4371E+02   -.4685E+02   -.4365E+02   -.4365E+02   -.4208E+02   -.4127E+02   -.4016E+02   -.3927E+02   -.3839E+02   -.3764E+02   -.3696E+02   -.3634E+02   -.3577E+02   -.3524E+02   -.3475E+02   -.3429E+02   -.3387E+02   -.3347E+02   -.3310E+02   -.3275E+02   -.3242E+02   -.3211E+02   -.3182E+02   -.3155E+02   -.3130E+02   -.3106E+02   -.3083E+02   -.3062E+02   -.3042E+02   -.3023E+02   -.3005E+02   -.2988E+02   -.2972E+02   -.2957E+02   -.2942E+02   -.2929E+02   -.2916E+02   -.2903E+02   -.2892E+02   -.2880E+02   -.2870E+02   -.2860E+02   -.2850E+02   -.2841E+02   -.2832E+02   -.2824E+02   -.2816E+02   -.2808E+02   -.2801E+02   -.2794E+02   -.2787E+02   -.2781E+02   -.2775E+02   -.2769E+02   -.2764E+02   -.2758E+02   -.2753E+02   -.2749E+02   -.2744E+02   -.2740E+02   -.2736E+02   -.2732E+02   -.2728E+02   -.2724E+02   -.2721E+02   -.2718E+02   -.2715E+02   -.2712E+02   -.2709E+02   -.2706E+02   -.2704E+02   -.2701E+02   -.2699E+02   -.2696E+02   -.2694E+02   -.2692E+02   -.2690E+02   -.2688E+02   -.2686E+02   -.2684E+02   -.2683E+02   -.2681E+02   -.2679E+02   -.2678E+02   -.2676E+02   -.2675E+02   -.2674E+02   -.2672E+02   -.2671E+02   -.2670E+02   -.2669E+02   -.2668E+02   -.2667E+02   -.2665E+02   -.2665E+02   -.2664E+02   -.2663E+02   -.2662E+02   -.2661E+02   -.2660E+02   -.2659E+02   -.2659E+02   -.2658E+02   -.2657E+02   -.2657E+02   -.2656E+02   -.2655E+02   -.2655E+02   -.2654E+02   -.2654E+02   -.2653E+02   -.2653E+02   -.2652E+02   -.2652E+02   -.2652E+02   -.2651E+02   -.2651E+02   -.2650E+02   -.2650E+02   -.2650E+02   -.2649E+02   -.2649E+02   -.2649E+02   -.2648E+02   -.2648E+02
0.1183E+04   0.5233E+02   -.4922E+02   -.5832E+02   -.4331E+02   -.4674E+02   -.4376E+02   -.4393E+02   -.4248E+02   -.4174E+02   -.4068E+02   -.3982E+02   -.3895E+02   -.3819E+02   -.3750E+02   -.3688E+02   -.3630E+02   -.3576E+02   -.3526E+02   -.3480E+02   -.3436E+02   -.3395E+02   -.3356E+02   -.3320E+02   -.3286E+02   -.3254E+02   -.3224E+02   -.3196E+02   -.3170E+02   -.3144E+02   -.3121E+02   -.3099E+02   -.3078E+02   -.3058E+02   -.3039E+02   -.3021E+02   -.3004E+02   -.2988E+02   -.2973E+02   -.2959E+02   -.2945E+02   -.2932E+02   -.2920E+02   -.2908E+02   -.2897E+02   -.2886E+02   -.2876E+02   -.2866E+02   -.2857E+02   -.2848E+02   -.2840E+02   -.2832E+02   -.2824E+02   -.2817E+02   -.2810E+02   -.2803E+02   -.2797E+02   -.2791E+02   -.2785E+02   -.2779E+02   -.2774E+02   -.2769E+02   -.2764E+02   -.2760E+02   -.2755E+02   -.2751E+02   -.2747E+02   -.2743E+02   -.2740E+02   -.2736E+02   -.2733E+02   -.2730E+02   -.2727E+02   -.2724E+02   -.2721E+02   -.2719E+02   -.2716E+02   -.2714E+02   -.2711E+02   -.2709E+02   -.2707E+02   -.2705E+02   -.2703E+02   -.2701E+02   -.2699E+02   -.2697E+02   -.2696E+02   -.2694E+02   -.2693E+02   -.2691E+02   -.2690E+02   -.2688E+02   -.2687E+02   -.2686E+02   -.2684E+02   -.2683E+02   -.2682E+02   -.2681E+02   -.2680E+02   -.2679E+02   -.2678E+02   -.2677E+02   -.2676E+02   -.2675E+02   -.2675E+02   -.2674E+02   -.2673E+02   -.2672E+02   -.2672E+02   -.2671E+02   -.2670E+02   -.2670E+02   -.2669E+02   -.2669E+02   -.2668E+02   -.2668E+02   -.2667E+02   -.2667E+02   -.2666E+02   -.2666E+02   -.2665E+02   -.2665E+02   -.2665E+02   -.2664E+02   -.2664E+02   -.2664E+02   -.2663E+02   -.2663E+02   -.2663E+02   -.2662E+02
0.1184E+04   0.5267E+02   -.5434E+02   -.4195E+02   -.4554E+02   -.4256E+02   -.4276E+02   -.4127E+02   -.4051E+02   -.3941E+02   -.3851E+02   -.3759E+02   -.3678E+02   -.3605E+02   -.3540E+02   -.3481E+02   -.3426E+02   -.3374E+02   -.3326E+02   -.3281E+02   -.3239E+02   -.3200E+02   -.3163E+02   -.3128E+02   -.3096E+02   -.3065E+02   -.3037E+02   -.3009E+02   -.2984E+02   -.2960E+02   -.2937E+02   -.2916E+02   -.2896E+02   -.2877E+02   -.2859E+02   -.2841E+02   -.2825E+02   -.2810E+02   -.2795E+02   -.2781E+02   -.2768E+02   -.2756E+02   -.2744E+02   -.2732E+02   -.2722E+02   -.2711E+02   -.2701E+02   -.2692E+02   -.2683E+02   -.2675E+02   -.2667E+02   -.2659E+02   -.2651E+02   -.2644E+02   -.2638E+02   -.2631E+02   -.2625E+02   -.2619E+02   -.2614E+02   -.2608E+02   -.2603E+02   -.2598E+02   -.2594E+02   -.2589E+02   -.2585E+02   -.2581E+02   -.2577E+02   -.2574E+02   -.2570E+02   -.2567E+02   -.2564E+02   -.2561E+02   -.2558E+02   -.2555E+02   -.2552E+02   -.2550E+02   -.2547E+02   -.2545E+02   -.2543E+02   -.2540E+02   -.2538E+02   -.2536E+02   -.2534E+02   -.2532E+02   -.2531E+02   -.2529E+02   -.2527E+02   -.2526E+02   -.2524E+02   -.2523E+02   -.2521E+02   -.2520E+02   -.2519E+02   -.2517E+02   -.2516E+02   -.2515E+02   -.2514E+02   -.2513E+02   -.2512E+02   -.2511E+02   -.2510E+02   -.2509E+02   -.2508E+02   -.2508E+02   -.2507E+02   -.2506E+02   -.2505E+02   -.2505E+02   -.2504E+02   -.2503E+02   -.2503E+02   -.2502E+02   -.2501E+02   -.2501E+02   -.2500E+02   -.2500E+02   -.2499E+02   -.2499E+02   -.2499E+02   -.2498E+02   -.2498E+02   -.2497E+02   -.2497E+02   -.2497E+02   -.2496E+02   -.2496E+02   -.2496E+02   -.2495E+02   -.2495E+02   -.2495E+02
0.1185E+04   0.5300E+02   -.3863E+02   -.4318E+02   -.4030E+02   -.4091E+02   -.3954E+02   -.3896E+02   -.3795E+02   -.3714E+02   -.3627E+02   -.3547E+02   -.3475E+02   -.3412E+02   -.3353E+02   -.3300E+02   -.3250E+02   -.3202E+02   -.3158E+02   -.3117E+02   -.3078E+02   -.3041E+02   -.3007E+02   -.2974E+02   -.2944E+02   -.2915E+02   -.2888E+02   -.2863E+02   -.2839E+02   -.2816E+02   -.2794E+02   -.2774E+02   -.2755E+02   -.2737E+02   -.2720E+02   -.2703E+02   -.2688E+02   -.2673E+02   -.2659E+02   -.2646E+02   -.2633E+02   -.2621E+02   -.2610E+02   -.2599E+02   -.2589E+02   -.2579E+02   -.2570E+02   -.2561E+02   -.2552E+02   -.2544E+02   -.2536E+02   -.2529E+02   -.2522E+02   -.2515E+02   -.2508E+02   -.2502E+02   -.2496E+02   -.2491E+02   -.2485E+02   -.2480E+02   -.2475E+02   -.2470E+02   -.2466E+02   -.2461E+02   -.2457E+02   -.2454E+02   -.2450E+02   -.2447E+02   -.2443E+02   -.2440E+02   -.2437E+02   -.2434E+02   -.2431E+02   -.2429E+02   -.2426E+02   -.2424E+02   -.2421E+02   -.2419E+02   -.2417E+02   -.2415E+02   -.2413E+02   -.2411E+02   -.2409E+02   -.2407E+02   -.2405E+02   -.2404E+02   -.2402E+02   -.2400E+02   -.2399E+02   -.2398E+02   -.2396E+02   -.2395E+02   -.2394E+02   -.2392E+02   -.2391E+02   -.2390E+02   -.2389E+02   -.2388E+02   -.2387E+02   -.2386E+02   -.2385E+02   -.2384E+02   -.2384E+02   -.2383E+02   -.2382E+02   -.2381E+02   -.2381E+02   -.2380E+02   -.2379E+02   -.2379E+02   -.2378E+02   -.2377E+02   -.2377E+02   -.2376E+02   -.2376E+02   -.2375E+02   -.2375E+02   -.2374E+02   -.2374E+02   -.2374E+02   -.2373E+02   -.2373E+02   -.2373E+02   -.2372E+02   -.2372E+02   -.2372E+02   -.2371E+02   -.2371E+02   -.2371E+02   -.2370E+02
0.1055E+04   0.5333E+02   -.4469E+02   -.4199E+02   -.4337E+02   -.4154E+02   -.4102E+02   -.3979E+02   -.3887E+02   -.3786E+02   -.3695E+02   -.3607E+02   -.3531E+02   -.3463E+02   -.3401E+02   -.3344E+02   -.3291E+02   -.3242E+02   -.3195E+02   -.3152E+02   -.3111E+02   -.3073E+02   -.3038E+02   -.3004E+02   -.2972E+02   -.2943E+02   -.2915E+02   -.2888E+02   -.2863E+02   -.2840E+02   -.2818E+02   -.2797E+02   -.2777E+02   -.2759E+02   -.2741E+02   -.2724E+02   -.2708E+02   -.2693E+02   -.2679E+02   -.2665E+02   -.2652E+02   -.2640E+02   -.2628E+02   -.2617E+02   -.2606E+02   -.2596E+02   -.2586E+02   -.2577E+02   -.2568E+02   -.2560E+02   -.2552E+02   -.2544E+02   -.2537E+02   -.2530E+02   -.2523E+02   -.2517E+02   -.2511E+02   -.2505E+02   -.2500E+02   -.2494E+02   -.2489E+02   -.2484E+02   -.2480E+02   -.2475E+02   -.2471E+02   -.2467E+02   -.2464E+02   -.2460E+02   -.2457E+02   -.2454E+02   -.2450E+02   -.2447E+02   -.2444E+02   -.2442E+02   -.2439E+02   -.2436E+02   -.2434E+02   -.2432E+02   -.2429E+02   -.2427E+02   -.2425E+02   -.2423E+02   -.2421E+02   -.2419E+02   -.2418E+02   -.2416E+02   -.2414E+02   -.2413E+02   -.2411E+02   -.2410E+02   -.2408E+02   -.2407E+02   -.2406E+02   -.2404E+02   -.2403E+02   -.2402E+02   -.2401E+02   -.2400E+02   -.2399E+02   -.2398E+02   -.2397E+02   -.2396E+02   -.2395E+02   -.2395E+02   -.2394E+02   -.2393E+02   -.2392E+02   -.2392E+02   -.2391E+02   -.2390E+02   -.2390E+02   -.2389E+02   -.2389E+02   -.2388E+02   -.2387E+02   -.2387E+02   -.2387E+02   -.2386E+02   -.2386E+02   -.2385E+02   -.2385E+02   -.2384E+02   -.2384E+02   -.2384E+02   -.2383E+02   -.2383E+02   -.2383E+02   -.2382E+02   -.2382E+02   -.2382E+02
