0.1300E+06   0.0000E+00   -.3000E+02   -.3000E+02   -.3000E+02   -.3000E+02   -.3000E+02   -.3000E+02   -.3000E+02   -.3000E+02   -.3000E+02   -.3000E+02   -.3000E+02   -.3000E+02   -.3000E+02   -.2999E+02   -.2999E+02   -.2999E+02   -.2999E+02   -.2999E+02   -.2999E+02   -.2999E+02   -.2999E+02   -.2999E+02   -.2999E+02   -.2999E+02   -.2999E+02   -.2999E+02   -.2999E+02   -.2999E+02   -.2999E+02   -.2999E+02   -.2999E+02   -.2999E+02   -.2998E+02   -.2998E+02   -.2998E+02   -.2998E+02   -.2998E+02   -.2998E+02   -.2998E+02   -.2998E+02   -.2998E+02   -.2998E+02   -.2998E+02   -.2998E+02   -.2998E+02   -.2998E+02   -.2997E+02   -.2997E+02   -.2997E+02   -.2997E+02   -.2997E+02   -.2997E+02   -.2997E+02   -.2997E+02   -.2997E+02   -.2997E+02   -.2997E+02   -.2996E+02   -.2996E+02   -.2996E+02   -.2996E+02   -.2996E+02   -.2996E+02   -.2996E+02   -.2996E+02   -.2996E+02   -.2996E+02   -.2995E+02   -.2995E+02   -.2995E+02   -.2995E+02   -.2995E+02   -.2995E+02   -.2995E+02   -.2995E+02   -.2995E+02   -.2995E+02   -.2995E+02   -.2994E+02   -.2994E+02   -.2994E+02   -.2994E+02   -.2994E+02   -.2994E+02   -.2994E+02   -.2994E+02   -.2994E+02   -.2994E+02   -.2994E+02   -.2994E+02   -.2994E+02   -.2994E+02   -.2994E+02   -.2994E+02   -.2994E+02   -.2994E+02   -.2995E+02   -.2995E+02   -.2995E+02   -.2995E+02   -.2995E+02   -.2995E+02   -.2996E+02   -.2996E+02   -.2996E+02   -.2997E+02   -.2997E+02   -.2997E+02   -.2998E+02   -.2998E+02   -.2999E+02   -.3000E+02   -.3000E+02   -.3001E+02   -.3002E+02   -.3003E+02   -.3004E+02   -.3005E+02   -.3006E+02   -.3007E+02   -.3009E+02   -.3010E+02   -.3012E+02   -.3014E+02   -.3016E+02   -.3018E+02   -.3021E+02   -.3023E+02
0.1300E+06   0.1322E+01   -.3000E+02   -.3000E+02   -.3000E+02   -.3000E+02   -.3000E+02   -.3000E+02   -.3000E+02   -.3000E+02   -.3000E+02   -.3000E+02   -.3000E+02   -.3000E+02   -.3000E+02   -.3000E+02   -.2999E+02   -.2999E+02   -.2999E+02   -.2999E+02   -.2999E+02   -.2999E+02   -.2999E+02   -.2999E+02   -.2999E+02   -.2999E+02   -.2999E+02   -.2999E+02   -.2999E+02   -.2999E+02   -.2999E+02   -.2999E+02   -.2999E+02   -.2999E+02   -.2999E+02   -.2999E+02   -.2998E+02   -.2998E+02   -.2998E+02   -.2998E+02   -.2998E+02   -.2998E+02   -.2998E+02   -.2998E+02   -.2998E+02   -.2998E+02   -.2998E+02   -.2998E+02   -.2998E+02   -.2998E+02   -.2997E+02   -.2997E+02   -.2997E+02   -.2997E+02   -.2997E+02   -.2997E+02   -.2997E+02   -.2997E+02   -.2997E+02   -.2997E+02   -.2997E+02   -.2997E+02   -.2997E+02   -.2996E+02   -.2996E+02   -.2996E+02   -.2996E+02   -.2996E+02   -.2996E+02   -.2996E+02   -.2996E+02   -.2996E+02   -.2996E+02   -.2996E+02   -.2995E+02   -.2995E+02   -.2995E+02   -.2995E+02   -.2995E+02   -.2995E+02   -.2995E+02   -.2995E+02   -.2995E+02   -.2995E+02   -.2995E+02   -.2995E+02   -.2995E+02   -.2995E+02   -.2995E+02   -.2995E+02   -.2995E+02   -.2995E+02   -.2995E+02   -.2995E+02   -.2995E+02   -.2995E+02   -.2995E+02   -.2995E+02   -.2996E+02   -.2996E+02   -.2996E+02   -.2996E+02   -.2996E+02   -.2997E+02   -.2997E+02   -.2997E+02   -.2997E+02   -.2998E+02   -.2998E+02   -.2999E+02   -.2999E+02   -.3000E+02   -.3000E+02   -.3001E+02   -.3002E+02   -.3002E+02   -.3003E+02   -.3004E+02   -.3005E+02   -.3006E+02   -.3007E+02   -.3009E+02   -.3010E+02   -.3011E+02   -.3013E+02   -.3015E+02   -.3017E+02   -.3019E+02   -.3021E+02   -.3024E+02
0.1300E+06   0.2500E+01   -.3000E+02   -.3000E+02   -.3000E+02   -.3000E+02   -.3000E+02   -.3000E+02   -.3000E+02   -.3000E+02   -.3000E+02   -.3000E+02   -.3000E+02   -.3000E+02   -.3000E+02   -.3000E+02   -.3000E+02   -.3000E+02   -.2999E+02   -.2999E+02   -.2999E+02   -.2999E+02   -.2999E+02   -.2999E+02   -.2999E+02   -.2999E+02   -.2999E+02   -.2999E+02   -.2999E+02   -.2999E+02   -.2999E+02   -.2999E+02   -.2999E+02   -.2999E+02   -.2999E+02   -.2999E+02   -.2999E+02   -.2999E+02   -.2999E+02   -.2999E+02   -.2998E+02   -.2998E+02   -.2998E+02   -.2998E+02   -.2998E+02   -.2998E+02   -.2998E+02   -.2998E+02   -.2998E+02   -.2998E+02   -.2998E+02   -.2998E+02   -.2998E+02   -.2998E+02   -.2998E+02   -.2998E+02   -.2998E+02   -.2997E+02   -.2997E+02   -.2997E+02   -.2997E+02   -.2997E+02   -.2997E+02   -.2997E+02   -.2997E+02   -.2997E+02   -.2997E+02   -.2997E+02   -.2997E+02   -.2997E+02   -.2997E+02   -.2997E+02   -.2997E+02   -.2996E+02   -.2996E+02   -.2996E+02   -.2996E+02   -.2996E+02   -.2996E+02   -.2996E+02   -.2996E+02   -.2996E+02   -.2996E+02   -.2996E+02   -.2996E+02   -.2996E+02   -.2996E+02   -.2996E+02   -.2996E+02   -.2996E+02   -.2996E+02   -.2997E+02   -.2997E+02   -.2997E+02   -.2997E+02   -.2997E+02   -.2997E+02   -.2997E+02   -.2997E+02   -.2998E+02   -.2998E+02   -.2998E+02   -.2998E+02   -.2999E+02   -.2999E+02   -.2999E+02   -.3000E+02   -.3000E+02   -.3001E+02   -.3001E+02   -.3002E+02   -.3002E+02   -.3003E+02   -.3003E+02   -.3004E+02   -.3005E+02   -.3006E+02   -.3007E+02   -.3008E+02   -.3009E+02   -.3010E+02   -.3012E+02   -.3013E+02   -.3015E+02   -.3016E+02   -.3018E+02   -.3020E+02   -.3023E+02   -.3025E+02   -.3028E+02
0.1300E+06   0.3550E+01   -.3000E+02   -.3000E+02   -.3000E+02   -.3000E+02   -.3000E+02   -.3000E+02   -.3000E+02   -.3000E+02   -.3000E+02   -.3000E+02   -.3000E+02   -.3000E+02   -.3000E+02   -.3000E+02   -.3000E+02   -.3000E+02   -.3000E+02   -.3000E+02   -.2999E+02   -.2999E+02   -.2999E+02   -.2999E+02   -.2999E+02   -.2999E+02   -.2999E+02   -.2999E+02   -.2999E+02   -.2999E+02   -.2999E+02   -.2999E+02   -.2999E+02   -.2999E+02   -.2999E+02   -.2999E+02   -.2999E+02   -.2999E+02   -.2999E+02   -.2999E+02   -.2999E+02   -.2999E+02   -.2999E+02   -.2999E+02   -.2999E+02   -.2998E+02   -.2998E+02   -.2998E+02   -.2998E+02   -.2998E+02   -.2998E+02   -.2998E+02   -.2998E+02   -.2998E+02   -.2998E+02   -.2998E+02   -.2998E+02   -.2998E+02   -.2998E+02   -.2998E+02   -.2998E+02   -.2998E+02   -.2998E+02   -.2998E+02   -.2998E+02   -.2998E+02   -.2998E+02   -.2997E+02   -.2997E+02   -.2997E+02   -.2997E+02   -.2997E+02   -.2997E+02   -.2997E+02   -.2997E+02   -.2997E+02   -.2997E+02   -.2997E+02   -.2997E+02   -.2997E+02   -.2997E+02   -.2997E+02   -.2997E+02   -.2997E+02   -.2997E+02   -.2997E+02   -.2997E+02   -.2997E+02   -.2998E+02   -.2998E+02   -.2998E+02   -.2998E+02   -.2998E+02   -.2998E+02   -.2998E+02   -.2998E+02   -.2999E+02   -.2999E+02   -.2999E+02   -.2999E+02   -.3000E+02   -.3000E+02   -.3000E+02   -.3000E+02   -.3001E+02   -.3001E+02   -.3002E+02   -.3002E+02   -.3003E+02   -.3003E+02   -.3004E+02   -.3005E+02   -.3005E+02   -.3006E+02   -.3007E+02   -.3008E+02   -.3009E+02   -.3010E+02   -.3011E+02   -.3012E+02   -.3014E+02   -.3015E+02   -.3017E+02   -.3019E+02   -.3021E+02   -.3023E+02   -.3025E+02   -.3028E+02   -.3031E+02   -.3035E+02
0.1300E+06   0.4486E+01   -.3000E+02   -.3000E+02   -.3000E+02   -.3000E+02   -.3000E+02   -.3000E+02   -.3000E+02   -.3000E+02   -.3000E+02   -.3000E+02   -.3000E+02   -.3000E+02   -.3000E+02   -.3000E+02   -.3000E+02   -.3000E+02   -.3000E+02   -.3000E+02   -.3000E+02   -.2999E+02   -.2999E+02   -.2999E+02   -.2999E+02   -.2999E+02   -.2999E+02   -.2999E+02   -.2999E+02   -.2999E+02   -.2999E+02   -.2999E+02   -.2999E+02   -.2999E+02   -.2999E+02   -.2999E+02   -.2999E+02   -.2999E+02   -.2999E+02   -.2999E+02   -.2999E+02   -.2999E+02   -.2999E+02   -.2999E+02   -.2999E+02   -.2999E+02   -.2999E+02   -.2999E+02   -.2999E+02   -.2998E+02   -.2998E+02   -.2998E+02   -.2998E+02   -.2998E+02   -.2998E+02   -.2998E+02   -.2998E+02   -.2998E+02   -.2998E+02   -.2998E+02   -.2998E+02   -.2998E+02   -.2998E+02   -.2998E+02   -.2998E+02   -.2998E+02   -.2998E+02   -.2998E+02   -.2998E+02   -.2998E+02   -.2998E+02   -.2998E+02   -.2998E+02   -.2998E+02   -.2998E+02   -.2998E+02   -.2998E+02   -.2998E+02   -.2998E+02   -.2998E+02   -.2998E+02   -.2998E+02   -.2998E+02   -.2998E+02   -.2998E+02   -.2998E+02   -.2998E+02   -.2998E+02   -.2999E+02   -.2999E+02   -.2999E+02   -.2999E+02   -.2999E+02   -.2999E+02   -.3000E+02   -.3000E+02   -.3000E+02   -.3000E+02   -.3000E+02   -.3001E+02   -.3001E+02   -.3001E+02   -.3002E+02   -.3002E+02   -.3003E+02   -.3003E+02   -.3004E+02   -.3004E+02   -.3005E+02   -.3005E+02   -.3006E+02   -.3007E+02   -.3008E+02   -.3009E+02   -.3010E+02   -.3011E+02   -.3012E+02   -.3013E+02   -.3014E+02   -.3016E+02   -.3018E+02   -.3019E+02   -.3021E+02   -.3024E+02   -.3026E+02   -.3029E+02   -.3032E+02   -.3035E+02   -.3039E+02   -.3044E+02
0.1300E+06   0.5320E+01   -.3000E+02   -.3000E+02   -.3000E+02   -.3000E+02   -.3000E+02   -.3000E+02   -.3000E+02   -.3000E+02   -.3000E+02   -.3000E+02   -.3000E+02   -.3000E+02   -.3000E+02   -.3000E+02   -.3000E+02   -.3000E+02   -.3000E+02   -.3000E+02   -.3000E+02   -.3000E+02   -.3000E+02   -.2999E+02   -.2999E+02   -.2999E+02   -.2999E+02   -.2999E+02   -.2999E+02   -.2999E+02   -.2999E+02   -.2999E+02   -.2999E+02   -.2999E+02   -.2999E+02   -.2999E+02   -.2999E+02   -.2999E+02   -.2999E+02   -.2999E+02   -.2999E+02   -.2999E+02   -.2999E+02   -.2999E+02   -.2999E+02   -.2999E+02   -.2999E+02   -.2999E+02   -.2999E+02   -.2999E+02   -.2999E+02   -.2999E+02   -.2999E+02   -.2999E+02   -.2999E+02   -.2999E+02   -.2998E+02   -.2998E+02   -.2998E+02   -.2998E+02   -.2998E+02   -.2998E+02   -.2998E+02   -.2998E+02   -.2998E+02   -.2998E+02   -.2998E+02   -.2998E+02   -.2998E+02   -.2998E+02   -.2998E+02   -.2998E+02   -.2998E+02   -.2998E+02   -.2998E+02   -.2998E+02   -.2998E+02   -.2998E+02   -.2999E+02   -.2999E+02   -.2999E+02   -.2999E+02   -.2999E+02   -.2999E+02   -.2999E+02   -.2999E+02   -.2999E+02   -.2999E+02   -.2999E+02   -.3000E+02   -.3000E+02   -.3000E+02   -.3000E+02   -.3000E+02   -.3001E+02   -.3001E+02   -.3001E+02   -.3001E+02   -.3002E+02   -.3002E+02   -.3002E+02   -.3003E+02   -.3003E+02   -.3004E+02   -.3004E+02   -.3005E+02   -.3005E+02   -.3006E+02   -.3007E+02   -.3008E+02   -.3008E+02   -.3009E+02   -.3010E+02   -.3011E+02   -.3012E+02   -.3014E+02   -.3015E+02   -.3017E+02   -.3018E+02   -.3020E+02   -.3022E+02   -.3024E+02   -.3027E+02   -.3029E+02   -.3032E+02   -.3036E+02   -.3040E+02   -.3044E+02   -.3049E+02   -.3055E+02
0.1300E+06   0.6064E+01   -.3000E+02   -.3000E+02   -.3000E+02   -.3000E+02   -.3000E+02   -.3000E+02   -.3000E+02   -.3000E+02   -.3000E+02   -.3000E+02   -.3000E+02   -.3000E+02   -.3000E+02   -.3000E+02   -.3000E+02   -.3000E+02   -.3000E+02   -.3000E+02   -.3000E+02   -.3000E+02   -.3000E+02   -.3000E+02   -.2999E+02   -.2999E+02   -.2999E+02   -.2999E+02   -.2999E+02   -.2999E+02   -.2999E+02   -.2999E+02   -.2999E+02   -.2999E+02   -.2999E+02   -.2999E+02   -.2999E+02   -.2999E+02   -.2999E+02   -.2999E+02   -.2999E+02   -.2999E+02   -.2999E+02   -.2999E+02   -.2999E+02   -.2999E+02   -.2999E+02   -.2999E+02   -.2999E+02   -.2999E+02   -.2999E+02   -.2999E+02   -.2999E+02   -.2999E+02   -.2999E+02   -.2999E+02   -.2999E+02   -.2999E+02   -.2999E+02   -.2999E+02   -.2999E+02   -.2999E+02   -.2999E+02   -.2999E+02   -.2999E+02   -.2999E+02   -.2999E+02   -.2999E+02   -.2999E+02   -.2999E+02   -.2999E+02   -.2999E+02   -.2999E+02   -.2999E+02   -.2999E+02   -.2999E+02   -.2999E+02   -.2999E+02   -.2999E+02   -.2999E+02   -.2999E+02   -.2999E+02   -.2999E+02   -.3000E+02   -.3000E+02   -.3000E+02   -.3000E+02   -.3000E+02   -.3000E+02   -.3000E+02   -.3001E+02   -.3001E+02   -.3001E+02   -.3001E+02   -.3002E+02   -.3002E+02   -.3002E+02   -.3003E+02   -.3003E+02   -.3003E+02   -.3004E+02   -.3004E+02   -.3005E+02   -.3005E+02   -.3006E+02   -.3007E+02   -.3007E+02   -.3008E+02   -.3009E+02   -.3010E+02   -.3011E+02   -.3012E+02   -.3013E+02   -.3014E+02   -.3015E+02   -.3017E+02   -.3018E+02   -.3020E+02   -.3022E+02   -.3024E+02   -.3027E+02   -.3030E+02   -.3033E+02   -.3036E+02   -.3040E+02   -.3045E+02   -.3050E+02   -.3056E+02   -.3062E+02   -.3070E+02
0.1300E+06   0.6727E+01   -.3000E+02   -.3000E+02   -.3000E+02   -.3000E+02   -.3000E+02   -.3000E+02   -.3000E+02   -.3000E+02   -.3000E+02   -.3000E+02   -.3000E+02   -.3000E+02   -.3000E+02   -.3000E+02   -.3000E+02   -.3000E+02   -.3000E+02   -.3000E+02   -.3000E+02   -.3000E+02   -.3000E+02   -.3000E+02   -.3000E+02   -.2999E+02   -.2999E+02   -.2999E+02   -.2999E+02   -.2999E+02   -.2999E+02   -.2999E+02   -.2999E+02   -.2999E+02   -.2999E+02   -.2999E+02   -.2999E+02   -.2999E+02   -.2999E+02   -.2999E+02   -.2999E+02   -.2999E+02   -.2999E+02   -.2999E+02   -.2999E+02   -.2999E+02   -.2999E+02   -.2999E+02   -.2999E+02   -.2999E+02   -.2999E+02   -.2999E+02   -.2999E+02   -.2999E+02   -.2999E+02   -.2999E+02   -.2999E+02   -.2999E+02   -.2999E+02   -.2999E+02   -.2999E+02   -.2999E+02   -.2999E+02   -.2999E+02   -.2999E+02   -.2999E+02   -.2999E+02   -.2999E+02   -.2999E+02   -.2999E+02   -.2999E+02   -.2999E+02   -.2999E+02   -.2999E+02   -.2999E+02   -.2999E+02   -.2999E+02   -.2999E+02   -.3000E+02   -.3000E+02   -.3000E+02   -.3000E+02   -.3000E+02   -.3000E+02   -.3000E+02   -.3000E+02   -.3001E+02   -.3001E+02   -.3001E+02   -.3001E+02   -.3001E+02   -.3002E+02   -.3002E+02   -.3002E+02   -.3003E+02   -.3003E+02   -.3003E+02   -.3004E+02   -.3004E+02   -.3005E+02   -.3005E+02   -.3006E+02   -.3006E+02   -.3007E+02   -.3008E+02   -.3008E+02   -.3009E+02   -.3010E+02   -.3011E+02   -.3012E+02   -.3013E+02   -.3014E+02   -.3015E+02   -.3017E+02   -.3018E+02   -.3020E+02   -.3022E+02   -.3024E+02   -.3027E+02   -.3029E+02   -.3032E+02   -.3036E+02   -.3040E+02   -.3044E+02   -.3049E+02   -.3055E+02   -.3062E+02   -.3069E+02   -.3078E+02   -.3089E+02
0.1300E+06   0.7318E+01   -.3000E+02   -.3000E+02   -.3000E+02   -.3000E+02   -.3000E+02   -.3000E+02   -.3000E+02   -.3000E+02   -.3000E+02   -.3000E+02   -.3000E+02   -.3000E+02   -.3000E+02   -.3000E+02   -.3000E+02   -.3000E+02   -.3000E+02   -.3000E+02   -.3000E+02   -.3000E+02   -.3000E+02   -.3000E+02   -.3000E+02   -.3000E+02   -.3000E+02   -.2999E+02   -.2999E+02   -.2999E+02   -.2999E+02   -.2999E+02   -.2999E+02   -.2999E+02   -.2999E+02   -.2999E+02   -.2999E+02   -.2999E+02   -.2999E+02   -.2999E+02   -.2999E+02   -.2999E+02   -.2999E+02   -.2999E+02   -.2999E+02   -.2999E+02   -.2999E+02   -.2999E+02   -.2999E+02   -.2999E+02   -.2999E+02   -.2999E+02   -.2999E+02   -.2999E+02   -.2999E+02   -.2999E+02   -.2999E+02   -.2999E+02   -.2999E+02   -.2999E+02   -.2999E+02   -.2999E+02   -.2999E+02   -.2999E+02   -.2999E+02   -.2999E+02   -.2999E+02   -.2999E+02   -.2999E+02   -.2999E+02   -.2999E+02   -.2999E+02   -.2999E+02   -.3000E+02   -.3000E+02   -.3000E+02   -.3000E+02   -.3000E+02   -.3000E+02   -.3000E+02   -.3000E+02   -.3000E+02   -.3001E+02   -.3001E+02   -.3001E+02   -.3001E+02   -.3001E+02   -.3001E+02   -.3002E+02   -.3002E+02   -.3002E+02   -.3003E+02   -.3003E+02   -.3003E+02   -.3004E+02   -.3004E+02   -.3004E+02   -.3005E+02   -.3005E+02   -.3006E+02   -.3006E+02   -.3007E+02   -.3008E+02   -.3008E+02   -.3009E+02   -.3010E+02   -.3011E+02   -.3012E+02   -.3013E+02   -.3014E+02   -.3015E+02   -.3017E+02   -.3018E+02   -.3020E+02   -.3022E+02   -.3024E+02   -.3026E+02   -.3029E+02   -.3032E+02   -.3035E+02   -.3039E+02   -.3043E+02   -.3048E+02   -.3053E+02   -.3059E+02   -.3067E+02   -.3075E+02   -.3085E+02   -.3097E+02   -.3109E+02
0.1300E+06   0.7845E+01   -.3000E+02   -.3000E+02   -.3000E+02   -.3000E+02   -.3000E+02   -.3000E+02   -.3000E+02   -.3000E+02   -.3000E+02   -.3000E+02   -.3000E+02   -.3000E+02   -.3000E+02   -.3000E+02   -.3000E+02   -.3000E+02   -.3000E+02   -.3000E+02   -.3000E+02   -.3000E+02   -.3000E+02   -.3000E+02   -.3000E+02   -.3000E+02   -.3000E+02   -.3000E+02   -.2999E+02   -.2999E+02   -.2999E+02   -.2999E+02   -.2999E+02   -.2999E+02   -.2999E+02   -.2999E+02   -.2999E+02   -.2999E+02   -.2999E+02   -.2999E+02   -.2999E+02   -.2999E+02   -.2999E+02   -.2999E+02   -.2999E+02   -.2999E+02   -.2999E+02   -.2999E+02   -.2999E+02   -.2999E+02   -.2999E+02   -.2999E+02   -.2999E+02   -.2999E+02   -.2999E+02   -.2999E+02   -.2999E+02   -.2999E+02   -.2999E+02   -.2999E+02   -.2999E+02   -.2999E+02   -.2999E+02   -.2999E+02   -.2999E+02   -.2999E+02   -.2999E+02   -.2999E+02   -.3000E+02   -.3000E+02   -.3000E+02   -.3000E+02   -.3000E+02   -.3000E+02   -.3000E+02   -.3000E+02   -.3000E+02   -.3000E+02   -.3000E+02   -.3001E+02   -.3001E+02   -.3001E+02   -.3001E+02   -.3001E+02   -.3001E+02   -.3002E+02   -.3002E+02   -.3002E+02   -.3002E+02   -.3003E+02   -.3003E+02   -.3003E+02   -.3004E+02   -.3004E+02   -.3004E+02   -.3005E+02   -.3005E+02   -.3006E+02   -.3006E+02   -.3007E+02   -.3008E+02   -.3008E+02   -.3009E+02   -.3010E+02   -.3011E+02   -.3012E+02   -.3013E+02   -.3014E+02   -.3015E+02   -.3016E+02   -.3018E+02   -.3019E+02   -.3021E+02   -.3023E+02   -.3025E+02   -.3028E+02   -.3030E+02   -.3033E+02   -.3037E+02   -.3041E+02   -.3045E+02   -.3050E+02   -.3056E+02   -.3063E+02   -.3071E+02   -.3081E+02   -.3091E+02   -.3103E+02   -.3116E+02   -.3128E+02
0.1300E+06   0.8315E+01   -.3000E+02   -.3000E+02   -.3000E+02   -.3000E+02   -.3000E+02   -.3000E+02   -.3000E+02   -.3000E+02   -.3000E+02   -.3000E+02   -.3000E+02   -.3000E+02   -.3000E+02   -.3000E+02   -.3000E+02   -.3000E+02   -.3000E+02   -.3000E+02   -.3000E+02   -.3000E+02   -.3000E+02   -.3000E+02   -.3000E+02   -.3000E+02   -.3000E+02   -.3000E+02   -.3000E+02   -.2999E+02   -.2999E+02   -.2999E+02   -.2999E+02   -.2999E+02   -.2999E+02   -.2999E+02   -.2999E+02   -.2999E+02   -.2999E+02   -.2999E+02   -.2999E+02   -.2999E+02   -.2999E+02   -.2999E+02   -.2999E+02   -.2999E+02   -.2999E+02   -.2999E+02   -.2999E+02   -.2999E+02   -.2999E+02   -.2999E+02   -.2999E+02   -.2999E+02   -.2999E+02   -.2999E+02   -.2999E+02   -.2999E+02   -.2999E+02   -.2999E+02   -.2999E+02   -.2999E+02   -.2999E+02   -.2999E+02   -.3000E+02   -.3000E+02   -.3000E+02   -.3000E+02   -.3000E+02   -.3000E+02   -.3000E+02   -.3000E+02   -.3000E+02   -.3000E+02   -.3000E+02   -.3000E+02   -.3000E+02   -.3001E+02   -.3001E+02   -.3001E+02   -.3001E+02   -.3001E+02   -.3001E+02   -.3002E+02   -.3002E+02   -.3002E+02   -.3002E+02   -.3003E+02   -.3003E+02   -.3003E+02   -.3004E+02   -.3004E+02   -.3004E+02   -.3005E+02   -.3005E+02   -.3006E+02   -.3006E+02   -.3007E+02   -.3007E+02   -.3008E+02   -.3009E+02   -.3009E+02   -.3010E+02   -.3011E+02   -.3012E+02   -.3013E+02   -.3014E+02   -.3015E+02   -.3017E+02   -.3018E+02   -.3020E+02   -.3022E+02   -.3024E+02   -.3026E+02   -.3029E+02   -.3032E+02   -.3035E+02   -.3038E+02   -.3043E+02   -.3047E+02   -.3053E+02   -.3059E+02   -.3066E+02   -.3075E+02   -.3084E+02   -.3095E+02   -.3108E+02   -.3121E+02   -.3132E+02   -.3136E+02
0.1300E+06   0.8733E+01   -.3000E+02   -.3000E+02   -.3000E+02   -.3000E+02   -.3000E+02   -.3000E+02   -.3000E+02   -.3000E+02   -.3000E+02   -.3000E+02   -.3000E+02   -.3000E+02   -.3000E+02   -.3000E+02   -.3000E+02   -.3000E+02   -.3000E+02   -.3000E+02   -.3000E+02   -.3000E+02   -.3000E+02   -.3000E+02   -.3000E+02   -.3000E+02   -.3000E+02   -.3000E+02   -.3000E+02   -.3000E+02   -.2999E+02   -.2999E+02   -.2999E+02   -.2999E+02   -.2999E+02   -.2999E+02   -.2999E+02   -.2999E+02   -.2999E+02   -.2999E+02   -.2999E+02   -.2999E+02   -.2999E+02   -.2999E+02   -.2999E+02   -.2999E+02   -.2999E+02   -.2999E+02   -.2999E+02   -.2999E+02   -.2999E+02   -.2999E+02   -.2999E+02   -.2999E+02   -.2999E+02   -.2999E+02   -.2999E+02   -.2999E+02   -.2999E+02   -.2999E+02   -.3000E+02   -.3000E+02   -.3000E+02   -.3000E+02   -.3000E+02   -.3000E+02   -.3000E+02   -.3000E+02   -.3000E+02   -.3000E+02   -.3000E+02   -.3000E+02   -.3000E+02   -.3000E+02   -.3001E+02   -.3001E+02   -.3001E+02   -.3001E+02   -.3001E+02   -.3001E+02   -.3001E+02   -.3002E+02   -.3002E+02   -.3002E+02   -.3002E+02   -.3003E+02   -.3003E+02   -.3003E+02   -.3003E+02   -.3004E+02   -.3004E+02   -.3005E+02   -.3005E+02   -.3005E+02   -.3006E+02   -.3006E+02   -.3007E+02   -.3008E+02   -.3008E+02   -.3009E+02   -.3010E+02   -.3011E+02   -.3011E+02   -.3012E+02   -.3013E+02   -.3015E+02   -.3016E+02   -.3017E+02   -.3019E+02   -.3021E+02   -.3022E+02   -.3025E+02   -.3027E+02   -.3029E+02   -.3032E+02   -.3036E+02   -.3039E+02   -.3044E+02   -.3049E+02   -.3054E+02   -.3061E+02   -.3068E+02   -.3077E+02   -.3087E+02   -.3098E+02   -.3111E+02   -.3123E+02   -.3133E+02   -.3135E+02   -.3115E+02
0.1300E+06   0.9107E+01   -.3000E+02   -.3000E+02   -.3000E+02   -.3000E+02   -.3000E+02   -.3000E+02   -.3000E+02   -.3000E+02   -.3000E+02   -.3000E+02   -.3000E+02   -.3000E+02   -.3000E+02   -.3000E+02   -.3000E+02   -.3000E+02   -.3000E+02   -.3000E+02   -.3000E+02   -.3000E+02   -.3000E+02   -.3000E+02   -.3000E+02   -.3000E+02   -.3000E+02   -.3000E+02   -.3000E+02   -.3000E+02   -.3000E+02   -.2999E+02   -.2999E+02   -.2999E+02   -.2999E+02   -.2999E+02   -.2999E+02   -.2999E+02   -.2999E+02   -.2999E+02   -.2999E+02   -.2999E+02   -.2999E+02   -.2999E+02   -.2999E+02   -.2999E+02   -.2999E+02   -.2999E+02   -.2999E+02   -.2999E+02   -.2999E+02   -.2999E+02   -.2999E+02   -.2999E+02   -.2999E+02   -.2999E+02   -.2999E+02   -.3000E+02   -.3000E+02   -.3000E+02   -.3000E+02   -.3000E+02   -.3000E+02   -.3000E+02   -.3000E+02   -.3000E+02   -.3000E+02   -.3000E+02   -.3000E+02   -.3000E+02   -.3000E+02   -.3000E+02   -.3001E+02   -.3001E+02   -.3001E+02   -.3001E+02   -.3001E+02   -.3001E+02   -.3001E+02   -.3002E+02   -.3002E+02   -.3002E+02   -.3002E+02   -.3002E+02   -.3003E+02   -.3003E+02   -.3003E+02   -.3004E+02   -.3004E+02   -.3004E+02   -.3005E+02   -.3005E+02   -.3006E+02   -.3006E+02   -.3007E+02   -.3007E+02   -.3008E+02   -.3008E+02   -.3009E+02   -.3010E+02   -.3011E+02   -.3012E+02   -.3013E+02   -.3014E+02   -.3015E+02   -.3016E+02   -.3018E+02   -.3019E+02   -.3021E+02   -.3023E+02   -.3025E+02   -.3027E+02   -.3030E+02   -.3033E+02   -.3036E+02   -.3040E+02   -.3044E+02   -.3049E+02   -.3055E+02   -.3061E+02   -.3069E+02   -.3078E+02   -.3088E+02   -.3100E+02   -.3112E+02   -.3125E+02   -.3134E+02   -.3134E+02   -.3111E+02   -.3059E+02
0.1300E+06   0.9439E+01   -.3000E+02   -.3000E+02   -.3000E+02   -.3000E+02   -.3000E+02   -.3000E+02   -.3000E+02   -.3000E+02   -.3000E+02   -.3000E+02   -.3000E+02   -.3000E+02   -.3000E+02   -.3000E+02   -.3000E+02   -.3000E+02   -.3000E+02   -.3000E+02   -.3000E+02   -.3000E+02   -.3000E+02   -.3000E+02   -.3000E+02   -.3000E+02   -.3000E+02   -.3000E+02   -.3000E+02   -.3000E+02   -.3000E+02   -.3000E+02   -.3000E+02   -.2999E+02   -.2999E+02   -.2999E+02   -.2999E+02   -.2999E+02   -.2999E+02   -.2999E+02   -.2999E+02   -.2999E+02   -.2999E+02   -.2999E+02   -.2999E+02   -.2999E+02   -.2999E+02   -.2999E+02   -.2999E+02   -.2999E+02   -.2999E+02   -.2999E+02   -.2999E+02   -.3000E+02   -.3000E+02   -.3000E+02   -.3000E+02   -.3000E+02   -.3000E+02   -.3000E+02   -.3000E+02   -.3000E+02   -.3000E+02   -.3000E+02   -.3000E+02   -.3000E+02   -.3000E+02   -.3000E+02   -.3000E+02   -.3000E+02   -.3001E+02   -.3001E+02   -.3001E+02   -.3001E+02   -.3001E+02   -.3001E+02   -.3001E+02   -.3002E+02   -.3002E+02   -.3002E+02   -.3002E+02   -.3002E+02   -.3003E+02   -.3003E+02   -.3003E+02   -.3003E+02   -.3004E+02   -.3004E+02   -.3004E+02   -.3005E+02   -.3005E+02   -.3006E+02   -.3006E+02   -.3007E+02   -.3007E+02   -.3008E+02   -.3009E+02   -.3009E+02   -.3010E+02   -.3011E+02   -.3012E+02   -.3013E+02   -.3014E+02   -.3015E+02   -.3016E+02   -.3018E+02   -.3019E+02   -.3021E+02   -.3023E+02   -.3025E+02   -.3027E+02   -.3030E+02   -.3033E+02   -.3036E+02   -.3040E+02   -.3044E+02   -.3049E+02   -.3055E+02   -.3061E+02   -.3069E+02   -.3078E+02   -.3088E+02   -.3099E+02   -.3112E+02   -.3125E+02   -.3134E+02   -.3135E+02   -.3112E+02   -.3061E+02   -.2956E+02
0.1300E+06   0.9736E+01   -.3000E+02   -.3000E+02   -.3000E+02   -.3000E+02   -.3000E+02   -.3000E+02   -.3000E+02   -.3000E+02   -.3000E+02   -.3000E+02   -.3000E+02   -.3000E+02   -.3000E+02   -.3000E+02   -.3000E+02   -.3000E+02   -.3000E+02   -.3000E+02   -.3000E+02   -.3000E+02   -.3000E+02   -.3000E+02   -.3000E+02   -.3000E+02   -.3000E+02   -.3000E+02   -.3000E+02   -.3000E+02   -.3000E+02   -.3000E+02   -.3000E+02   -.3000E+02   -.3000E+02   -.2999E+02   -.2999E+02   -.2999E+02   -.2999E+02   -.2999E+02   -.2999E+02   -.2999E+02   -.2999E+02   -.2999E+02   -.2999E+02   -.2999E+02   -.2999E+02   -.2999E+02   -.2999E+02   -.2999E+02   -.3000E+02   -.3000E+02   -.3000E+02   -.3000E+02   -.3000E+02   -.3000E+02   -.3000E+02   -.3000E+02   -.3000E+02   -.3000E+02   -.3000E+02   -.3000E+02   -.3000E+02   -.3000E+02   -.3000E+02   -.3000E+02   -.3000E+02   -.3000E+02   -.3000E+02   -.3001E+02   -.3001E+02   -.3001E+02   -.3001E+02   -.3001E+02   -.3001E+02   -.3001E+02   -.3002E+02   -.3002E+02   -.3002E+02   -.3002E+02   -.3002E+02   -.3003E+02   -.3003E+02   -.3003E+02   -.3003E+02   -.3004E+02   -.3004E+02   -.3004E+02   -.3005E+02   -.3005E+02   -.3006E+02   -.3006E+02   -.3007E+02   -.3007E+02   -.3008E+02   -.3009E+02   -.3009E+02   -.3010E+02   -.3011E+02   -.3012E+02   -.3013E+02   -.3014E+02   -.3015E+02   -.3016E+02   -.3018E+02   -.3019E+02   -.3021E+02   -.3023E+02   -.3025E+02   -.3027E+02   -.3030E+02   -.3032E+02   -.3036E+02   -.3039E+02   -.3044E+02   -.3049E+02   -.3054E+02   -.3061E+02   -.3068E+02   -.3077E+02   -.3087E+02   -.3098E+02   -.3110E+02   -.3123E+02   -.3133E+02   -.3136E+02   -.3115E+02   -.3074E+02   -.2918E+02   -.2919E+02
0.1194E+06   0.1000E+02   -.3000E+02   -.3000E+02   -.3000E+02   -.3000E+02   -.3000E+02   -.3000E+02   -.3000E+02   -.3000E+02   -.3000E+02   -.3000E+02   -.3000E+02   -.3000E+02   -.3000E+02   -.3000E+02   -.3000E+02   -.3000E+02   -.3000E+02   -.3000E+02   -.3000E+02   -.3000E+02   -.3000E+02   -.3000E+02   -.3000E+02   -.3000E+02   -.3000E+02   -.3000E+02   -.3000E+02   -.3000E+02   -.3000E+02   -.3000E+02   -.3000E+02   -.3000E+02   -.3000E+02   -.3000E+02   -.3000E+02   -.2999E+02   -.2999E+02   -.2999E+02   -.2999E+02   -.2999E+02   -.2999E+02   -.2999E+02   -.2999E+02   -.2999E+02   -.3000E+02   -.3000E+02   -.3000E+02   -.3000E+02   -.3000E+02   -.3000E+02   -.3000E+02   -.3000E+02   -.3000E+02   -.3000E+02   -.3000E+02   -.3000E+02   -.3000E+02   -.3000E+02   -.3000E+02   -.3000E+02   -.3000E+02   -.3000E+02   -.3000E+02   -.3000E+02   -.3000E+02   -.3001E+02   -.3001E+02   -.3001E+02   -.3001E+02   -.3001E+02   -.3001E+02   -.3001E+02   -.3001E+02   -.3002E+02   -.3002E+02   -.3002E+02   -.3002E+02   -.3002E+02   -.3003E+02   -.3003E+02   -.3003E+02   -.3004E+02   -.3004E+02   -.3004E+02   -.3005E+02   -.3005E+02   -.3005E+02   -.3006E+02   -.3006E+02   -.3007E+02   -.3007E+02   -.3008E+02   -.3009E+02   -.3009E+02   -.3010E+02   -.3011E+02   -.3012E+02   -.3013E+02   -.3014E+02   -.3015E+02   -.3016E+02   -.3017E+02   -.3019E+02   -.3021E+02   -.3022E+02   -.3024E+02   -.3027E+02   -.3029E+02   -.3032E+02   -.3035E+02   -.3039E+02   -.3043E+02   -.3048E+02   -.3053E+02   -.3060E+02   -.3067E+02   -.3075E+02   -.3085E+02   -.3096E+02   -.3109E+02   -.3122E+02   -.3133E+02   -.3136E+02   -.3124E+02   -.3075E+02   -.2979E+02   -.2725E+02   -.4555E+02
0.1194E+06   0.1033E+02   -.3000E+02   -.3000E+02   -.3000E+02   -.3000E+02   -.3000E+02   -.3000E+02   -.3000E+02   -.3000E+02   -.3000E+02   -.3000E+02   -.3000E+02   -.3000E+02   -.3000E+02   -.3000E+02   -.3000E+02   -.3000E+02   -.3000E+02   -.3000E+02   -.3000E+02   -.3000E+02   -.3000E+02   -.3000E+02   -.3000E+02   -.3000E+02   -.3000E+02   -.3000E+02   -.3000E+02   -.3000E+02   -.3000E+02   -.3000E+02   -.3000E+02   -.3000E+02   -.3000E+02   -.3000E+02   -.3000E+02   -.3000E+02   -.3000E+02   -.3000E+02   -.3000E+02   -.3000E+02   -.3000E+02   -.3000E+02   -.3000E+02   -.3000E+02   -.3000E+02   -.3000E+02   -.3000E+02   -.3000E+02   -.3000E+02   -.3000E+02   -.3000E+02   -.3000E+02   -.3000E+02   -.3000E+02   -.3000E+02   -.3000E+02   -.3000E+02   -.3000E+02   -.3000E+02   -.3000E+02   -.3000E+02   -.3000E+02   -.3000E+02   -.3000E+02   -.3001E+02   -.3001E+02   -.3001E+02   -.3001E+02   -.3001E+02   -.3001E+02   -.3001E+02   -.3002E+02   -.3002E+02   -.3002E+02   -.3002E+02   -.3002E+02   -.3002E+02   -.3003E+02   -.3003E+02   -.3003E+02   -.3004E+02   -.3004E+02   -.3004E+02   -.3005E+02   -.3005E+02   -.3005E+02   -.3006E+02   -.3006E+02   -.3007E+02   -.3007E+02   -.3008E+02   -.3009E+02   -.3009E+02   -.3010E+02   -.3011E+02   -.3012E+02   -.3013E+02   -.3014E+02   -.3015E+02   -.3016E+02   -.3017E+02   -.3019E+02   -.3021E+02   -.3022E+02   -.3024E+02   -.3027E+02   -.3029E+02   -.3032E+02   -.3035E+02   -.3039E+02   -.3043E+02   -.3048E+02   -.3053E+02   -.3059E+02   -.3067E+02   -.3075E+02   -.3085E+02   -.3096E+02   -.3108E+02   -.3121E+02   -.3132E+02   -.3136E+02   -.3123E+02   -.3080E+02   -.2970E+02   -.2784E+02   -.4399E+02   -.2116E+02
0.1194E+06   0.1067E+02   -.3000E+02   -.3000E+02   -.3000E+02   -.3000E+02   -.3000E+02   -.3000E+02   -.3000E+02   -.3000E+02   -.3000E+02   -.3000E+02   -.3000E+02   -.3000E+02   -.3000E+02   -.3000E+02   -.3000E+02   -.3000E+02   -.3000E+02   -.3000E+02   -.3000E+02   -.3000E+02   -.3000E+02   -.3000E+02   -.3000E+02   -.3000E+02   -.3000E+02   -.3000E+02   -.3000E+02   -.3000E+02   -.3000E+02   -.3000E+02   -.3000E+02   -.3000E+02   -.3000E+02   -.3000E+02   -.3000E+02   -.3000E+02   -.3000E+02   -.3000E+02   -.3000E+02   -.3000E+02   -.3000E+02   -.3000E+02   -.3000E+02   -.3000E+02   -.3000E+02   -.3000E+02   -.3000E+02   -.3000E+02   -.3000E+02   -.3000E+02   -.3000E+02   -.3000E+02   -.3000E+02   -.3000E+02   -.3000E+02   -.3000E+02   -.3000E+02   -.3000E+02   -.3000E+02   -.3000E+02   -.3000E+02   -.3000E+02   -.3001E+02   -.3001E+02   -.3001E+02   -.3001E+02   -.3001E+02   -.3001E+02   -.3001E+02   -.3001E+02   -.3002E+02   -.3002E+02   -.3002E+02   -.3002E+02   -.3002E+02   -.3003E+02   -.3003E+02   -.3003E+02   -.3003E+02   -.3004E+02   -.3004E+02   -.3004E+02   -.3005E+02   -.3005E+02   -.3005E+02   -.3006E+02   -.3006E+02   -.3007E+02   -.3007E+02   -.3008E+02   -.3009E+02   -.3009E+02   -.3010E+02   -.3011E+02   -.3012E+02   -.3013E+02   -.3014E+02   -.3015E+02   -.3016E+02   -.3018E+02   -.3019E+02   -.3021E+02   -.3022E+02   -.3025E+02   -.3027E+02   -.3029E+02   -.3032E+02   -.3035E+02   -.3039E+02   -.3043E+02   -.3048E+02   -.3053E+02   -.3059E+02   -.3067E+02   -.3075E+02   -.3085E+02   -.3096E+02   -.3108E+02   -.3121E+02   -.3132E+02   -.3136E+02   -.3123E+02   -.3080E+02   -.2970E+02   -.2785E+02   -.4396E+02   -.2125E+02   -.1271E+02
0.1194E+06   0.1100E+02   -.3000E+02   -.3000E+02   -.3000E+02   -.3000E+02   -.3000E+02   -.3000E+02   -.3000E+02   -.3000E+02   -.3000E+02   -.3000E+02   -.3000E+02   -.3000E+02   -.3000E+02   -.3000E+02   -.3000E+02   -.3000E+02   -.3000E+02   -.3000E+02   -.3000E+02   -.3000E+02   -.3000E+02   -.3000E+02   -.3000E+02   -.3000E+02   -.3000E+02   -.3000E+02   -.3000E+02   -.3000E+02   -.3000E+02   -.3000E+02   -.3000E+02   -.3000E+02   -.3000E+02   -.3000E+02   -.3000E+02   -.3000E+02   -.3000E+02   -.3000E+02   -.3000E+02   -.3000E+02   -.3000E+02   -.3000E+02   -.3000E+02   -.3000E+02   -.3000E+02   -.3000E+02   -.3000E+02   -.3000E+02   -.3000E+02   -.3000E+02   -.3000E+02   -.3000E+02   -.3000E+02   -.3000E+02   -.3000E+02   -.3000E+02   -.3000E+02   -.3000E+02   -.3000E+02   -.3000E+02   -.3000E+02   -.3001E+02   -.3001E+02   -.3001E+02   -.3001E+02   -.3001E+02   -.3001E+02   -.3001E+02   -.3001E+02   -.3002E+02   -.3002E+02   -.3002E+02   -.3002E+02   -.3002E+02   -.3003E+02   -.3003E+02   -.3003E+02   -.3003E+02   -.3004E+02   -.3004E+02   -.3004E+02   -.3005E+02   -.3005E+02   -.3006E+02   -.3006E+02   -.3006E+02   -.3007E+02   -.3008E+02   -.3008E+02   -.3009E+02   -.3009E+02   -.3010E+02   -.3011E+02   -.3012E+02   -.3013E+02   -.3014E+02   -.3015E+02   -.3016E+02   -.3018E+02   -.3019E+02   -.3021E+02   -.3023E+02   -.3025E+02   -.3027E+02   -.3029E+02   -.3032E+02   -.3035E+02   -.3039E+02   -.3043E+02   -.3048E+02   -.3053E+02   -.3059E+02   -.3067E+02   -.3075E+02   -.3085E+02   -.3096E+02   -.3108E+02   -.3121E+02   -.3132E+02   -.3136E+02   -.3123E+02   -.3080E+02   -.2969E+02   -.2785E+02   -.4395E+02   -.2126E+02   -.1268E+02   -.1281E+02
0.1194E+06   0.1133E+02   -.3000E+02   -.3000E+02   -.3000E+02   -.3000E+02   -.3000E+02   -.3000E+02   -.3000E+02   -.3000E+02   -.3000E+02   -.3000E+02   -.3000E+02   -.3000E+02   -.3000E+02   -.3000E+02   -.3000E+02   -.3000E+02   -.3000E+02   -.3000E+02   -.3000E+02   -.3000E+02   -.3000E+02   -.3000E+02   -.3000E+02   -.3000E+02   -.3000E+02   -.3000E+02   -.3000E+02   -.3000E+02   -.3000E+02   -.3000E+02   -.3000E+02   -.3000E+02   -.3000E+02   -.3000E+02   -.3000E+02   -.3000E+02   -.3000E+02   -.3000E+02   -.3000E+02   -.3000E+02   -.3000E+02   -.3000E+02   -.3000E+02   -.3000E+02   -.3000E+02   -.3000E+02   -.3000E+02   -.3000E+02   -.3000E+02   -.3000E+02   -.3000E+02   -.3000E+02   -.3000E+02   -.3000E+02   -.3000E+02   -.3000E+02   -.3000E+02   -.3000E+02   -.3000E+02   -.3001E+02   -.3001E+02   -.3001E+02   -.3001E+02   -.3001E+02   -.3001E+02   -.3001E+02   -.3001E+02   -.3002E+02   -.3002E+02   -.3002E+02   -.3002E+02   -.3002E+02   -.3002E+02   -.3003E+02   -.3003E+02   -.3003E+02   -.3003E+02   -.3004E+02   -.3004E+02   -.3004E+02   -.3005E+02   -.3005E+02   -.3006E+02   -.3006E+02   -.3007E+02   -.3007E+02   -.3008E+02   -.3008E+02   -.3009E+02   -.3010E+02   -.3010E+02   -.3011E+02   -.3012E+02   -.3013E+02   -.3014E+02   -.3015E+02   -.3016E+02   -.3018E+02   -.3019E+02   -.3021E+02   -.3023E+02   -.3025E+02   -.3027E+02   -.3029E+02   -.3032E+02   -.3035E+02   -.3039E+02   -.3043E+02   -.3048E+02   -.3053E+02   -.3059E+02   -.3067E+02   -.3075E+02   -.3085E+02   -.3096E+02   -.3108E+02   -.3121E+02   -.3132E+02   -.3136E+02   -.3123E+02   -.3080E+02   -.2969E+02   -.2785E+02   -.4395E+02   -.2126E+02   -.1268E+02   -.1280E+02   -.1110E+02
0.1194E+06   0.1167E+02   -.3000E+02   -.3000E+02   -.3000E+02   -.3000E+02   -.3000E+02   -.3000E+02   -.3000E+02   -.3000E+02   -.3000E+02   -.3000E+02   -.3000E+02   -.3000E+02   -.3000E+02   -.3000E+02   -.3000E+02   -.3000E+02   -.3000E+02   -.3000E+02   -.3000E+02   -.3000E+02   -.3000E+02   -.3000E+02   -.3000E+02   -.3000E+02   -.3000E+02   -.3000E+02   -.3000E+02   -.3000E+02   -.3000E+02   -.3000E+02   -.3000E+02   -.3000E+02   -.3000E+02   -.3000E+02   -.3000E+02   -.3000E+02   -.3000E+02   -.3000E+02   -.3000E+02   -.3000E+02   -.3000E+02   -.3000E+02   -.3000E+02   -.3000E+02   -.3000E+02   -.3000E+02   -.3000E+02   -.3000E+02   -.3000E+02   -.3000E+02   -.3000E+02   -.3000E+02   -.3000E+02   -.3000E+02   -.3000E+02   -.3000E+02   -.3000E+02   -.3000E+02   -.3001E+02   -.3001E+02   -.3001E+02   -.3001E+02   -.3001E+02   -.3001E+02   -.3001E+02   -.3001E+02   -.3002E+02   -.3002E+02   -.3002E+02   -.3002E+02   -.3002E+02   -.3003E+02   -.3003E+02   -.3003E+02   -.3003E+02   -.3004E+02   -.3004E+02   -.3004E+02   -.3005E+02   -.3005E+02   -.3005E+02   -.3006E+02   -.3006E+02   -.3007E+02   -.3007E+02   -.3008E+02   -.3008E+02   -.3009E+02   -.3010E+02   -.3010E+02   -.3011E+02   -.3012E+02   -.3013E+02   -.3014E+02   -.3015E+02   -.3016E+02   -.3018E+02   -.3019E+02   -.3021E+02   -.3023E+02   -.3025E+02   -.3027E+02   -.3029E+02   -.3032E+02   -.3035E+02   -.3039E+02   -.3043E+02   -.3048E+02   -.3053E+02   -.3059E+02   -.3067E+02   -.3075E+02   -.3085E+02   -.3096E+02   -.3108E+02   -.3121E+02   -.3132E+02   -.3136E+02   -.3123E+02   -.3080E+02   -.2969E+02   -.2785E+02   -.4394E+02   -.2126E+02   -.1267E+02   -.1280E+02   -.1109E+02   -.1067E+02
0.1194E+06   0.1200E+02   -.3000E+02   -.3000E+02   -.3000E+02   -.3000E+02   -.3000E+02   -.3000E+02   -.3000E+02   -.3000E+02   -.3000E+02   -.3000E+02   -.3000E+02   -.3000E+02   -.3000E+02   -.3000E+02   -.3000E+02   -.3000E+02   -.3000E+02   -.3000E+02   -.3000E+02   -.3000E+02   -.3000E+02   -.3000E+02   -.3000E+02   -.3000E+02   -.3000E+02   -.3000E+02   -.3000E+02   -.3000E+02   -.3000E+02   -.3000E+02   -.3000E+02   -.3000E+02   -.3000E+02   -.3000E+02   -.3000E+02   -.3000E+02   -.3000E+02   -.3000E+02   -.3000E+02   -.3000E+02   -.3000E+02   -.3000E+02   -.3000E+02   -.3000E+02   -.3000E+02   -.3000E+02   -.3000E+02   -.3000E+02   -.3000E+02   -.3000E+02   -.3000E+02   -.3000E+02   -.3000E+02   -.3000E+02   -.3000E+02   -.3000E+02   -.3000E+02   -.3001E+02   -.3001E+02   -.3001E+02   -.3001E+02   -.3001E+02   -.3001E+02   -.3001E+02   -.3001E+02   -.3002E+02   -.3002E+02   -.3002E+02   -.3002E+02   -.3002E+02   -.3003E+02   -.3003E+02   -.3003E+02   -.3003E+02   -.3004E+02   -.3004E+02   -.3004E+02   -.3005E+02   -.3005E+02   -.3005E+02   -.3006E+02   -.3006E+02   -.3007E+02   -.3007E+02   -.3008E+02   -.3008E+02   -.3009E+02   -.3010E+02   -.3010E+02   -.3011E+02   -.3012E+02   -.3013E+02   -.3014E+02   -.3015E+02   -.3016E+02   -.3018E+02   -.3019E+02   -.3021E+02   -.3023E+02   -.3025E+02   -.3027E+02   -.3029E+02   -.3032E+02   -.3035E+02   -.3039E+02   -.3043E+02   -.3048E+02   -.3053E+02   -.3060E+02   -.3067E+02   -.3075E+02   -.3085E+02   -.3096E+02   -.3108E+02   -.3121E+02   -.3132E+02   -.3136E+02   -.3123E+02   -.3080E+02   -.2969E+02   -.2785E+02   -.4394E+02   -.2126E+02   -.1267E+02   -.1280E+02   -.1109E+02   -.1067E+02   -.9687E+01
0.1194E+06   0.1233E+02   -.3000E+02   -.3000E+02   -.3000E+02   -.3000E+02   -.3000E+02   -.3000E+02   -.3000E+02   -.3000E+02   -.3000E+02   -.3000E+02   -.3000E+02   -.3000E+02   -.3000E+02   -.3000E+02   -.3000E+02   -.3000E+02   -.3000E+02   -.3000E+02   -.3000E+02   -.3000E+02   -.3000E+02   -.3000E+02   -.3000E+02   -.3000E+02   -.3000E+02   -.3000E+02   -.3000E+02   -.3000E+02   -.3000E+02   -.3000E+02   -.3000E+02   -.3000E+02   -.3000E+02   -.3000E+02   -.3000E+02   -.3000E+02   -.3000E+02   -.3000E+02   -.3000E+02   -.3000E+02   -.3000E+02   -.3000E+02   -.3000E+02   -.3000E+02   -.3000E+02   -.3000E+02   -.3000E+02   -.3000E+02   -.3000E+02   -.3000E+02   -.3000E+02   -.3000E+02   -.3000E+02   -.3000E+02   -.3000E+02   -.3001E+02   -.3001E+02   -.3001E+02   -.3001E+02   -.3001E+02   -.3001E+02   -.3001E+02   -.3001E+02   -.3001E+02   -.3002E+02   -.3002E+02   -.3002E+02   -.3002E+02   -.3002E+02   -.3003E+02   -.3003E+02   -.3003E+02   -.3003E+02   -.3004E+02   -.3004E+02   -.3004E+02   -.3005E+02   -.3005E+02   -.3005E+02   -.3006E+02   -.3006E+02   -.3007E+02   -.3007E+02   -.3008E+02   -.3008E+02   -.3009E+02   -.3010E+02   -.3010E+02   -.3011E+02   -.3012E+02   -.3013E+02   -.3014E+02   -.3015E+02   -.3017E+02   -.3018E+02   -.3019E+02   -.3021E+02   -.3023E+02   -.3025E+02   -.3027E+02   -.3030E+02   -.3032E+02   -.3036E+02   -.3039E+02   -.3043E+02   -.3048E+02   -.3053E+02   -.3060E+02   -.3067E+02   -.3075E+02   -.3085E+02   -.3096E+02   -.3108E+02   -.3121E+02   -.3132E+02   -.3136E+02   -.3123E+02   -.3080E+02   -.2969E+02   -.2785E+02   -.4394E+02   -.2126E+02   -.1267E+02   -.1280E+02   -.1108E+02   -.1067E+02   -.9683E+01   -.9090E+01
0.1194E+06   0.1267E+02   -.3000E+02   -.3000E+02   -.3000E+02   -.3000E+02   -.3000E+02   -.3000E+02   -.3000E+02   -.3000E+02   -.3000E+02   -.3000E+02   -.3000E+02   -.3000E+02   -.3000E+02   -.3000E+02   -.3000E+02   -.3000E+02   -.3000E+02   -.3000E+02   -.3000E+02   -.3000E+02   -.3000E+02   -.3000E+02   -.3000E+02   -.3000E+02   -.3000E+02   -.3000E+02   -.3000E+02   -.3000E+02   -.3000E+02   -.3000E+02   -.3000E+02   -.3000E+02   -.3000E+02   -.3000E+02   -.3000E+02   -.3000E+02   -.3000E+02   -.3000E+02   -.3000E+02   -.3000E+02   -.3000E+02   -.3000E+02   -.3000E+02   -.3000E+02   -.3000E+02   -.3000E+02   -.3000E+02   -.3000E+02   -.3000E+02   -.3000E+02   -.3000E+02   -.3000E+02   -.3000E+02   -.3000E+02   -.3001E+02   -.3001E+02   -.3001E+02   -.3001E+02   -.3001E+02   -.3001E+02   -.3001E+02   -.3001E+02   -.3002E+02   -.3002E+02   -.3002E+02   -.3002E+02   -.3002E+02   -.3003E+02   -.3003E+02   -.3003E+02   -.3003E+02   -.3003E+02   -.3004E+02   -.3004E+02   -.3004E+02   -.3005E+02   -.3005E+02   -.3005E+02   -.3006E+02   -.3006E+02   -.3007E+02   -.3007E+02   -.3008E+02   -.3008E+02   -.3009E+02   -.3010E+02   -.3011E+02   -.3011E+02   -.3012E+02   -.3013E+02   -.3014E+02   -.3015E+02   -.3017E+02   -.3018E+02   -.3019E+02   -.3021E+02   -.3023E+02   -.3025E+02   -.3027E+02   -.3030E+02   -.3032E+02   -.3036E+02   -.3039E+02   -.3043E+02   -.3048E+02   -.3053E+02   -.3060E+02   -.3067E+02   -.3075E+02   -.3085E+02   -.3096E+02   -.3108E+02   -.3121E+02   -.3132E+02   -.3136E+02   -.3123E+02   -.3080E+02   -.2969E+02   -.2785E+02   -.4394E+02   -.2126E+02   -.1267E+02   -.1280E+02   -.1108E+02   -.1067E+02   -.9681E+01   -.9087E+01   -.8406E+01
0.1194E+06   0.1300E+02   -.3000E+02   -.3000E+02   -.3000E+02   -.3000E+02   -.3000E+02   -.3000E+02   -.3000E+02   -.3000E+02   -.3000E+02   -.3000E+02   -.3000E+02   -.3000E+02   -.3000E+02   -.3000E+02   -.3000E+02   -.3000E+02   -.3000E+02   -.3000E+02   -.3000E+02   -.3000E+02   -.3000E+02   -.3000E+02   -.3000E+02   -.3000E+02   -.3000E+02   -.3000E+02   -.3000E+02   -.3000E+02   -.3000E+02   -.3000E+02   -.3000E+02   -.3000E+02   -.3000E+02   -.3000E+02   -.3000E+02   -.3000E+02   -.3000E+02   -.3000E+02   -.3000E+02   -.3000E+02   -.3000E+02   -.3000E+02   -.3000E+02   -.3000E+02   -.3000E+02   -.3000E+02   -.3000E+02   -.3000E+02   -.3000E+02   -.3000E+02   -.3000E+02   -.3000E+02   -.3001E+02   -.3001E+02   -.3001E+02   -.3001E+02   -.3001E+02   -.3001E+02   -.3001E+02   -.3001E+02   -.3001E+02   -.3002E+02   -.3002E+02   -.3002E+02   -.3002E+02   -.3002E+02   -.3002E+02   -.3003E+02   -.3003E+02   -.3003E+02   -.3004E+02   -.3004E+02   -.3004E+02   -.3004E+02   -.3005E+02   -.3005E+02   -.3006E+02   -.3006E+02   -.3006E+02   -.3007E+02   -.3007E+02   -.3008E+02   -.3009E+02   -.3009E+02   -.3010E+02   -.3011E+02   -.3011E+02   -.3012E+02   -.3013E+02   -.3014E+02   -.3015E+02   -.3017E+02   -.3018E+02   -.3019E+02   -.3021E+02   -.3023E+02   -.3025E+02   -.3027E+02   -.3030E+02   -.3032E+02   -.3036E+02   -.3039E+02   -.3043E+02   -.3048E+02   -.3053E+02   -.3060E+02   -.3067E+02   -.3075E+02   -.3085E+02   -.3096E+02   -.3108E+02   -.3121E+02   -.3132E+02   -.3136E+02   -.3123E+02   -.3080E+02   -.2970E+02   -.2785E+02   -.4394E+02   -.2126E+02   -.1267E+02   -.1280E+02   -.1108E+02   -.1067E+02   -.9680E+01   -.9086E+01   -.8404E+01   -.7863E+01
0.1194E+06   0.1333E+02   -.3000E+02   -.3000E+02   -.3000E+02   -.3000E+02   -.3000E+02   -.3000E+02   -.3000E+02   -.3000E+02   -.3000E+02   -.3000E+02   -.3000E+02   -.3000E+02   -.3000E+02   -.3000E+02   -.3000E+02   -.3000E+02   -.3000E+02   -.3000E+02   -.3000E+02   -.3000E+02   -.3000E+02   -.3000E+02   -.3000E+02   -.3000E+02   -.3000E+02   -.3000E+02   -.3000E+02   -.3000E+02   -.3000E+02   -.3000E+02   -.3000E+02   -.3000E+02   -.3000E+02   -.3000E+02   -.3000E+02   -.3000E+02   -.3000E+02   -.3000E+02   -.3000E+02   -.3000E+02   -.3000E+02   -.3000E+02   -.3000E+02   -.3000E+02   -.3000E+02   -.3000E+02   -.3000E+02   -.3000E+02   -.3000E+02   -.3000E+02   -.3000E+02   -.3001E+02   -.3001E+02   -.3001E+02   -.3001E+02   -.3001E+02   -.3001E+02   -.3001E+02   -.3001E+02   -.3001E+02   -.3002E+02   -.3002E+02   -.3002E+02   -.3002E+02   -.3002E+02   -.3002E+02   -.3003E+02   -.3003E+02   -.3003E+02   -.3004E+02   -.3004E+02   -.3004E+02   -.3004E+02   -.3005E+02   -.3005E+02   -.3006E+02   -.3006E+02   -.3006E+02   -.3007E+02   -.3007E+02   -.3008E+02   -.3009E+02   -.3009E+02   -.3010E+02   -.3011E+02   -.3011E+02   -.3012E+02   -.3013E+02   -.3014E+02   -.3015E+02   -.3017E+02   -.3018E+02   -.3020E+02   -.3021E+02   -.3023E+02   -.3025E+02   -.3027E+02   -.3030E+02   -.3033E+02   -.3036E+02   -.3039E+02   -.3043E+02   -.3048E+02   -.3053E+02   -.3060E+02   -.3067E+02   -.3075E+02   -.3085E+02   -.3096E+02   -.3108E+02   -.3121E+02   -.3132E+02   -.3136E+02   -.3123E+02   -.3080E+02   -.2970E+02   -.2785E+02   -.4394E+02   -.2126E+02   -.1267E+02   -.1280E+02   -.1108E+02   -.1066E+02   -.9680E+01   -.9085E+01   -.8403E+01   -.7861E+01   -.7329E+01
0.1195E+06   0.1367E+02   -.3000E+02   -.3000E+02   -.3000E+02   -.3000E+02   -.3000E+02   -.3000E+02   -.3000E+02   -.3000E+02   -.3000E+02   -.3000E+02   -.3000E+02   -.3000E+02   -.3000E+02   -.3000E+02   -.3000E+02   -.3000E+02   -.3000E+02   -.3000E+02   -.3000E+02   -.3000E+02   -.3000E+02   -.3000E+02   -.3000E+02   -.3000E+02   -.3000E+02   -.3000E+02   -.3000E+02   -.3000E+02   -.3000E+02   -.3000E+02   -.3000E+02   -.3000E+02   -.3000E+02   -.3000E+02   -.3000E+02   -.3000E+02   -.3000E+02   -.3000E+02   -.3000E+02   -.3000E+02   -.3000E+02   -.3000E+02   -.3000E+02   -.3000E+02   -.3000E+02   -.3000E+02   -.3000E+02   -.3000E+02   -.3000E+02   -.3000E+02   -.3001E+02   -.3001E+02   -.3001E+02   -.3001E+02   -.3001E+02   -.3001E+02   -.3001E+02   -.3001E+02   -.3001E+02   -.3002E+02   -.3002E+02   -.3002E+02   -.3002E+02   -.3002E+02   -.3003E+02   -.3003E+02   -.3003E+02   -.3003E+02   -.3004E+02   -.3004E+02   -.3004E+02   -.3005E+02   -.3005E+02   -.3005E+02   -.3006E+02   -.3006E+02   -.3006E+02   -.3007E+02   -.3007E+02   -.3008E+02   -.3009E+02   -.3009E+02   -.3010E+02   -.3011E+02   -.3012E+02   -.3012E+02   -.3013E+02   -.3014E+02   -.3015E+02   -.3017E+02   -.3018E+02   -.3020E+02   -.3021E+02   -.3023E+02   -.3025E+02   -.3027E+02   -.3030E+02   -.3033E+02   -.3036E+02   -.3039E+02   -.3043E+02   -.3048E+02   -.3054E+02   -.3060E+02   -.3067E+02   -.3075E+02   -.3085E+02   -.3096E+02   -.3108E+02   -.3121E+02   -.3132E+02   -.3136E+02   -.3123E+02   -.3080E+02   -.2970E+02   -.2785E+02   -.4394E+02   -.2126E+02   -.1267E+02   -.1280E+02   -.1108E+02   -.1066E+02   -.9679E+01   -.9085E+01   -.8402E+01   -.7860E+01   -.7328E+01   -.6865E+01
0.1195E+06   0.1400E+02   -.3000E+02   -.3000E+02   -.3000E+02   -.3000E+02   -.3000E+02   -.3000E+02   -.3000E+02   -.3000E+02   -.3000E+02   -.3000E+02   -.3000E+02   -.3000E+02   -.3000E+02   -.3000E+02   -.3000E+02   -.3000E+02   -.3000E+02   -.3000E+02   -.3000E+02   -.3000E+02   -.3000E+02   -.3000E+02   -.3000E+02   -.3000E+02   -.3000E+02   -.3000E+02   -.3000E+02   -.3000E+02   -.3000E+02   -.3000E+02   -.3000E+02   -.3000E+02   -.3000E+02   -.3000E+02   -.3000E+02   -.3000E+02   -.3000E+02   -.3000E+02   -.3000E+02   -.3000E+02   -.3000E+02   -.3000E+02   -.3000E+02   -.3000E+02   -.3000E+02   -.3000E+02   -.3000E+02   -.3000E+02   -.3001E+02   -.3001E+02   -.3001E+02   -.3001E+02   -.3001E+02   -.3001E+02   -.3001E+02   -.3001E+02   -.3001E+02   -.3001E+02   -.3002E+02   -.3002E+02   -.3002E+02   -.3002E+02   -.3002E+02   -.3003E+02   -.3003E+02   -.3003E+02   -.3003E+02   -.3004E+02   -.3004E+02   -.3004E+02   -.3005E+02   -.3005E+02   -.3005E+02   -.3006E+02   -.3006E+02   -.3007E+02   -.3007E+02   -.3008E+02   -.3008E+02   -.3009E+02   -.3009E+02   -.3010E+02   -.3011E+02   -.3012E+02   -.3012E+02   -.3013E+02   -.3014E+02   -.3016E+02   -.3017E+02   -.3018E+02   -.3020E+02   -.3021E+02   -.3023E+02   -.3025E+02   -.3027E+02   -.3030E+02   -.3033E+02   -.3036E+02   -.3039E+02   -.3043E+02   -.3048E+02   -.3054E+02   -.3060E+02   -.3067E+02   -.3075E+02   -.3085E+02   -.3096E+02   -.3108E+02   -.3121E+02   -.3132E+02   -.3136E+02   -.3123E+02   -.3080E+02   -.2970E+02   -.2785E+02   -.4394E+02   -.2126E+02   -.1267E+02   -.1280E+02   -.1108E+02   -.1066E+02   -.9678E+01   -.9084E+01   -.8401E+01   -.7859E+01   -.7327E+01   -.6864E+01   -.6440E+01
0.1195E+06   0.1433E+02   -.3000E+02   -.3000E+02   -.3000E+02   -.3000E+02   -.3000E+02   -.3000E+02   -.3000E+02   -.3000E+02   -.3000E+02   -.3000E+02   -.3000E+02   -.3000E+02   -.3000E+02   -.3000E+02   -.3000E+02   -.3000E+02   -.3000E+02   -.3000E+02   -.3000E+02   -.3000E+02   -.3000E+02   -.3000E+02   -.3000E+02   -.3000E+02   -.3000E+02   -.3000E+02   -.3000E+02   -.3000E+02   -.3000E+02   -.3000E+02   -.3000E+02   -.3000E+02   -.3000E+02   -.3000E+02   -.3000E+02   -.3000E+02   -.3000E+02   -.3000E+02   -.3000E+02   -.3000E+02   -.3000E+02   -.3000E+02   -.3000E+02   -.3000E+02   -.3000E+02   -.3000E+02   -.3000E+02   -.3001E+02   -.3001E+02   -.3001E+02   -.3001E+02   -.3001E+02   -.3001E+02   -.3001E+02   -.3001E+02   -.3001E+02   -.3001E+02   -.3002E+02   -.3002E+02   -.3002E+02   -.3002E+02   -.3002E+02   -.3003E+02   -.3003E+02   -.3003E+02   -.3003E+02   -.3004E+02   -.3004E+02   -.3004E+02   -.3005E+02   -.3005E+02   -.3005E+02   -.3006E+02   -.3006E+02   -.3007E+02   -.3007E+02   -.3008E+02   -.3008E+02   -.3009E+02   -.3009E+02   -.3010E+02   -.3011E+02   -.3012E+02   -.3012E+02   -.3013E+02   -.3014E+02   -.3016E+02   -.3017E+02   -.3018E+02   -.3020E+02   -.3021E+02   -.3023E+02   -.3025E+02   -.3027E+02   -.3030E+02   -.3033E+02   -.3036E+02   -.3039E+02   -.3043E+02   -.3048E+02   -.3054E+02   -.3060E+02   -.3067E+02   -.3075E+02   -.3085E+02   -.3096E+02   -.3109E+02   -.3121E+02   -.3132E+02   -.3136E+02   -.3123E+02   -.3080E+02   -.2970E+02   -.2786E+02   -.4394E+02   -.2126E+02   -.1267E+02   -.1280E+02   -.1108E+02   -.1066E+02   -.9678E+01   -.9084E+01   -.8401E+01   -.7859E+01   -.7327E+01   -.6863E+01   -.6439E+01   -.6069E+01
0.1195E+06   0.1467E+02   -.3000E+02   -.3000E+02   -.3000E+02   -.3000E+02   -.3000E+02   -.3000E+02   -.3000E+02   -.3000E+02   -.3000E+02   -.3000E+02   -.3000E+02   -.3000E+02   -.3000E+02   -.3000E+02   -.3000E+02   -.3000E+02   -.3000E+02   -.3000E+02   -.3000E+02   -.3000E+02   -.3000E+02   -.3000E+02   -.3000E+02   -.3000E+02   -.3000E+02   -.3000E+02   -.3000E+02   -.3000E+02   -.3000E+02   -.3000E+02   -.3000E+02   -.3000E+02   -.3000E+02   -.3000E+02   -.3000E+02   -.3000E+02   -.3000E+02   -.3000E+02   -.3000E+02   -.3000E+02   -.3000E+02   -.3000E+02   -.3000E+02   -.3000E+02   -.3000E+02   -.3000E+02   -.3001E+02   -.3001E+02   -.3001E+02   -.3001E+02   -.3001E+02   -.3001E+02   -.3001E+02   -.3001E+02   -.3001E+02   -.3002E+02   -.3002E+02   -.3002E+02   -.3002E+02   -.3002E+02   -.3002E+02   -.3003E+02   -.3003E+02   -.3003E+02   -.3003E+02   -.3004E+02   -.3004E+02   -.3004E+02   -.3005E+02   -.3005E+02   -.3005E+02   -.3006E+02   -.3006E+02   -.3007E+02   -.3007E+02   -.3008E+02   -.3008E+02   -.3009E+02   -.3009E+02   -.3010E+02   -.3011E+02   -.3012E+02   -.3013E+02   -.3013E+02   -.3014E+02   -.3016E+02   -.3017E+02   -.3018E+02   -.3020E+02   -.3021E+02   -.3023E+02   -.3025E+02   -.3027E+02   -.3030E+02   -.3033E+02   -.3036E+02   -.3039E+02   -.3044E+02   -.3048E+02   -.3054E+02   -.3060E+02   -.3067E+02   -.3075E+02   -.3085E+02   -.3096E+02   -.3109E+02   -.3121E+02   -.3132E+02   -.3136E+02   -.3123E+02   -.3080E+02   -.2970E+02   -.2786E+02   -.4394E+02   -.2126E+02   -.1267E+02   -.1279E+02   -.1108E+02   -.1066E+02   -.9678E+01   -.9083E+01   -.8400E+01   -.7859E+01   -.7326E+01   -.6863E+01   -.6438E+01   -.6068E+01   -.5729E+01
0.1195E+06   0.1500E+02   -.3000E+02   -.3000E+02   -.3000E+02   -.3000E+02   -.3000E+02   -.3000E+02   -.3000E+02   -.3000E+02   -.3000E+02   -.3000E+02   -.3000E+02   -.3000E+02   -.3000E+02   -.3000E+02   -.3000E+02   -.3000E+02   -.3000E+02   -.3000E+02   -.3000E+02   -.3000E+02   -.3000E+02   -.3000E+02   -.3000E+02   -.3000E+02   -.3000E+02   -.3000E+02   -.3000E+02   -.3000E+02   -.3000E+02   -.3000E+02   -.3000E+02   -.3000E+02   -.3000E+02   -.3000E+02   -.3000E+02   -.3000E+02   -.3000E+02   -.3000E+02   -.3000E+02   -.3000E+02   -.3000E+02   -.3000E+02   -.3000E+02   -.3000E+02   -.3001E+02   -.3001E+02   -.3001E+02   -.3001E+02   -.3001E+02   -.3001E+02   -.3001E+02   -.3001E+02   -.3001E+02   -.3001E+02   -.3002E+02   -.3002E+02   -.3002E+02   -.3002E+02   -.3002E+02   -.3002E+02   -.3003E+02   -.3003E+02   -.3003E+02   -.3003E+02   -.3004E+02   -.3004E+02   -.3004E+02   -.3005E+02   -.3005E+02   -.3005E+02   -.3006E+02   -.3006E+02   -.3007E+02   -.3007E+02   -.3008E+02   -.3008E+02   -.3009E+02   -.3009E+02   -.3010E+02   -.3011E+02   -.3012E+02   -.3013E+02   -.3014E+02   -.3015E+02   -.3016E+02   -.3017E+02   -.3018E+02   -.3020E+02   -.3021E+02   -.3023E+02   -.3025E+02   -.3027E+02   -.3030E+02   -.3033E+02   -.3036E+02   -.3039E+02   -.3044E+02   -.3048E+02   -.3054E+02   -.3060E+02   -.3067E+02   -.3076E+02   -.3085E+02   -.3096E+02   -.3109E+02   -.3121E+02   -.3132E+02   -.3136E+02   -.3123E+02   -.3080E+02   -.2970E+02   -.2786E+02   -.4394E+02   -.2126E+02   -.1267E+02   -.1279E+02   -.1108E+02   -.1066E+02   -.9677E+01   -.9083E+01   -.8400E+01   -.7858E+01   -.7326E+01   -.6863E+01   -.6438E+01   -.6068E+01   -.5728E+01   -.5434E+01
0.1195E+06   0.1533E+02   -.3000E+02   -.3000E+02   -.3000E+02   -.3000E+02   -.3000E+02   -.3000E+02   -.3000E+02   -.3000E+02   -.3000E+02   -.3000E+02   -.3000E+02   -.3000E+02   -.3000E+02   -.3000E+02   -.3000E+02   -.3000E+02   -.3000E+02   -.3000E+02   -.3000E+02   -.3000E+02   -.3000E+02   -.3000E+02   -.3000E+02   -.3000E+02   -.3000E+02   -.3000E+02   -.3000E+02   -.3000E+02   -.3000E+02   -.3000E+02   -.3000E+02   -.3000E+02   -.3000E+02   -.3000E+02   -.3000E+02   -.3000E+02   -.3000E+02   -.3000E+02   -.3000E+02   -.3000E+02   -.3000E+02   -.3000E+02   -.3000E+02   -.3001E+02   -.3001E+02   -.3001E+02   -.3001E+02   -.3001E+02   -.3001E+02   -.3001E+02   -.3001E+02   -.3001E+02   -.3001E+02   -.3002E+02   -.3002E+02   -.3002E+02   -.3002E+02   -.3002E+02   -.3002E+02   -.3003E+02   -.3003E+02   -.3003E+02   -.3003E+02   -.3004E+02   -.3004E+02   -.3004E+02   -.3005E+02   -.3005E+02   -.3005E+02   -.3006E+02   -.3006E+02   -.3007E+02   -.3007E+02   -.3008E+02   -.3008E+02   -.3009E+02   -.3009E+02   -.3010E+02   -.3011E+02   -.3012E+02   -.3013E+02   -.3014E+02   -.3015E+02   -.3016E+02   -.3017E+02   -.3018E+02   -.3020E+02   -.3021E+02   -.3023E+02   -.3025E+02   -.3027E+02   -.3030E+02   -.3033E+02   -.3036E+02   -.3040E+02   -.3044E+02   -.3048E+02   -.3054E+02   -.3060E+02   -.3067E+02   -.3076E+02   -.3085E+02   -.3096E+02   -.3109E+02   -.3121E+02   -.3132E+02   -.3136E+02   -.3123E+02   -.3080E+02   -.2970E+02   -.2786E+02   -.4394E+02   -.2126E+02   -.1267E+02   -.1279E+02   -.1108E+02   -.1066E+02   -.9677E+01   -.9083E+01   -.8400E+01   -.7858E+01   -.7326E+01   -.6862E+01   -.6438E+01   -.6067E+01   -.5728E+01   -.5433E+01   -.5158E+01
0.1195E+06   0.1567E+02   -.3000E+02   -.3000E+02   -.3000E+02   -.3000E+02   -.3000E+02   -.3000E+02   -.3000E+02   -.3000E+02   -.3000E+02   -.3000E+02   -.3000E+02   -.3000E+02   -.3000E+02   -.3000E+02   -.3000E+02   -.3000E+02   -.3000E+02   -.3000E+02   -.3000E+02   -.3000E+02   -.3000E+02   -.3000E+02   -.3000E+02   -.3000E+02   -.3000E+02   -.3000E+02   -.3000E+02   -.3000E+02   -.3000E+02   -.3000E+02   -.3000E+02   -.3000E+02   -.3000E+02   -.3000E+02   -.3000E+02   -.3000E+02   -.3000E+02   -.3000E+02   -.3000E+02   -.3000E+02   -.3000E+02   -.3000E+02   -.3001E+02   -.3001E+02   -.3001E+02   -.3001E+02   -.3001E+02   -.3001E+02   -.3001E+02   -.3001E+02   -.3001E+02   -.3001E+02   -.3002E+02   -.3002E+02   -.3002E+02   -.3002E+02   -.3002E+02   -.3002E+02   -.3003E+02   -.3003E+02   -.3003E+02   -.3003E+02   -.3004E+02   -.3004E+02   -.3004E+02   -.3005E+02   -.3005E+02   -.3006E+02   -.3006E+02   -.3006E+02   -.3007E+02   -.3007E+02   -.3008E+02   -.3008E+02   -.3009E+02   -.3010E+02   -.3010E+02   -.3011E+02   -.3012E+02   -.3013E+02   -.3014E+02   -.3015E+02   -.3016E+02   -.3017E+02   -.3018E+02   -.3020E+02   -.3021E+02   -.3023E+02   -.3025E+02   -.3027E+02   -.3030E+02   -.3033E+02   -.3036E+02   -.3040E+02   -.3044E+02   -.3048E+02   -.3054E+02   -.3060E+02   -.3067E+02   -.3076E+02   -.3085E+02   -.3096E+02   -.3109E+02   -.3121E+02   -.3132E+02   -.3136E+02   -.3123E+02   -.3080E+02   -.2970E+02   -.2786E+02   -.4394E+02   -.2126E+02   -.1267E+02   -.1279E+02   -.1108E+02   -.1066E+02   -.9677E+01   -.9082E+01   -.8400E+01   -.7858E+01   -.7325E+01   -.6862E+01   -.6438E+01   -.6067E+01   -.5728E+01   -.5433E+01   -.5157E+01   -.4926E+01
0.1195E+06   0.1600E+02   -.3000E+02   -.3000E+02   -.3000E+02   -.3000E+02   -.3000E+02   -.3000E+02   -.3000E+02   -.3000E+02   -.3000E+02   -.3000E+02   -.3000E+02   -.3000E+02   -.3000E+02   -.3000E+02   -.3000E+02   -.3000E+02   -.3000E+02   -.3000E+02   -.3000E+02   -.3000E+02   -.3000E+02   -.3000E+02   -.3000E+02   -.3000E+02   -.3000E+02   -.3000E+02   -.3000E+02   -.3000E+02   -.3000E+02   -.3000E+02   -.3000E+02   -.3000E+02   -.3000E+02   -.3000E+02   -.3000E+02   -.3000E+02   -.3000E+02   -.3000E+02   -.3000E+02   -.3000E+02   -.3001E+02   -.3001E+02   -.3001E+02   -.3001E+02   -.3001E+02   -.3001E+02   -.3001E+02   -.3001E+02   -.3001E+02   -.3001E+02   -.3001E+02   -.3002E+02   -.3002E+02   -.3002E+02   -.3002E+02   -.3002E+02   -.3002E+02   -.3003E+02   -.3003E+02   -.3003E+02   -.3003E+02   -.3004E+02   -.3004E+02   -.3004E+02   -.3005E+02   -.3005E+02   -.3005E+02   -.3006E+02   -.3006E+02   -.3007E+02   -.3007E+02   -.3008E+02   -.3008E+02   -.3009E+02   -.3010E+02   -.3010E+02   -.3011E+02   -.3012E+02   -.3013E+02   -.3014E+02   -.3015E+02   -.3016E+02   -.3017E+02   -.3018E+02   -.3020E+02   -.3021E+02   -.3023E+02   -.3025E+02   -.3028E+02   -.3030E+02   -.3033E+02   -.3036E+02   -.3040E+02   -.3044E+02   -.3048E+02   -.3054E+02   -.3060E+02   -.3067E+02   -.3076E+02   -.3085E+02   -.3096E+02   -.3109E+02   -.3121E+02   -.3132E+02   -.3136E+02   -.3123E+02   -.3080E+02   -.2970E+02   -.2786E+02   -.4394E+02   -.2126E+02   -.1267E+02   -.1279E+02   -.1108E+02   -.1066E+02   -.9677E+01   -.9082E+01   -.8399E+01   -.7858E+01   -.7325E+01   -.6862E+01   -.6437E+01   -.6067E+01   -.5727E+01   -.5433E+01   -.5157E+01   -.4926E+01   -.4729E+01
0.1195E+06   0.1633E+02   -.3000E+02   -.3000E+02   -.3000E+02   -.3000E+02   -.3000E+02   -.3000E+02   -.3000E+02   -.3000E+02   -.3000E+02   -.3000E+02   -.3000E+02   -.3000E+02   -.3000E+02   -.3000E+02   -.3000E+02   -.3000E+02   -.3000E+02   -.3000E+02   -.3000E+02   -.3000E+02   -.3000E+02   -.3000E+02   -.3000E+02   -.3000E+02   -.3000E+02   -.3000E+02   -.3000E+02   -.3000E+02   -.3000E+02   -.3000E+02   -.3000E+02   -.3000E+02   -.3000E+02   -.3000E+02   -.3000E+02   -.3000E+02   -.3000E+02   -.3000E+02   -.3000E+02   -.3001E+02   -.3001E+02   -.3001E+02   -.3001E+02   -.3001E+02   -.3001E+02   -.3001E+02   -.3001E+02   -.3001E+02   -.3001E+02   -.3001E+02   -.3002E+02   -.3002E+02   -.3002E+02   -.3002E+02   -.3002E+02   -.3002E+02   -.3003E+02   -.3003E+02   -.3003E+02   -.3003E+02   -.3004E+02   -.3004E+02   -.3004E+02   -.3005E+02   -.3005E+02   -.3005E+02   -.3006E+02   -.3006E+02   -.3007E+02   -.3007E+02   -.3008E+02   -.3008E+02   -.3009E+02   -.3010E+02   -.3010E+02   -.3011E+02   -.3012E+02   -.3013E+02   -.3014E+02   -.3015E+02   -.3016E+02   -.3017E+02   -.3018E+02   -.3020E+02   -.3022E+02   -.3023E+02   -.3025E+02   -.3028E+02   -.3030E+02   -.3033E+02   -.3036E+02   -.3040E+02   -.3044E+02   -.3048E+02   -.3054E+02   -.3060E+02   -.3067E+02   -.3076E+02   -.3085E+02   -.3096E+02   -.3109E+02   -.3122E+02   -.3132E+02   -.3136E+02   -.3123E+02   -.3080E+02   -.2970E+02   -.2786E+02   -.4394E+02   -.2126E+02   -.1267E+02   -.1279E+02   -.1108E+02   -.1066E+02   -.9677E+01   -.9082E+01   -.8399E+01   -.7858E+01   -.7325E+01   -.6862E+01   -.6437E+01   -.6067E+01   -.5727E+01   -.5433E+01   -.5157E+01   -.4926E+01   -.4729E+01   -.4556E+01
0.1195E+06   0.1667E+02   -.3000E+02   -.3000E+02   -.3000E+02   -.3000E+02   -.3000E+02   -.3000E+02   -.3000E+02   -.3000E+02   -.3000E+02   -.3000E+02   -.3000E+02   -.3000E+02   -.3000E+02   -.3000E+02   -.3000E+02   -.3000E+02   -.3000E+02   -.3000E+02   -.3000E+02   -.3000E+02   -.3000E+02   -.3000E+02   -.3000E+02   -.3000E+02   -.3000E+02   -.3000E+02   -.3000E+02   -.3000E+02   -.3000E+02   -.3000E+02   -.3000E+02   -.3000E+02   -.3000E+02   -.3000E+02   -.3000E+02   -.3000E+02   -.3000E+02   -.3000E+02   -.3001E+02   -.3001E+02   -.3001E+02   -.3001E+02   -.3001E+02   -.3001E+02   -.3001E+02   -.3001E+02   -.3001E+02   -.3001E+02   -.3002E+02   -.3002E+02   -.3002E+02   -.3002E+02   -.3002E+02   -.3002E+02   -.3003E+02   -.3003E+02   -.3003E+02   -.3003E+02   -.3003E+02   -.3004E+02   -.3004E+02   -.3004E+02   -.3005E+02   -.3005E+02   -.3005E+02   -.3006E+02   -.3006E+02   -.3007E+02   -.3007E+02   -.3008E+02   -.3008E+02   -.3009E+02   -.3010E+02   -.3010E+02   -.3011E+02   -.3012E+02   -.3013E+02   -.3014E+02   -.3015E+02   -.3016E+02   -.3017E+02   -.3018E+02   -.3020E+02   -.3022E+02   -.3023E+02   -.3025E+02   -.3028E+02   -.3030E+02   -.3033E+02   -.3036E+02   -.3040E+02   -.3044E+02   -.3048E+02   -.3054E+02   -.3060E+02   -.3067E+02   -.3076E+02   -.3085E+02   -.3096E+02   -.3109E+02   -.3122E+02   -.3132E+02   -.3137E+02   -.3123E+02   -.3080E+02   -.2970E+02   -.2786E+02   -.4394E+02   -.2126E+02   -.1267E+02   -.1279E+02   -.1108E+02   -.1066E+02   -.9677E+01   -.9082E+01   -.8399E+01   -.7858E+01   -.7325E+01   -.6862E+01   -.6437E+01   -.6067E+01   -.5727E+01   -.5432E+01   -.5157E+01   -.4925E+01   -.4728E+01   -.4556E+01   -.4370E+01
0.1195E+06   0.1700E+02   -.3000E+02   -.3000E+02   -.3000E+02   -.3000E+02   -.3000E+02   -.3000E+02   -.3000E+02   -.3000E+02   -.3000E+02   -.3000E+02   -.3000E+02   -.3000E+02   -.3000E+02   -.3000E+02   -.3000E+02   -.3000E+02   -.3000E+02   -.3000E+02   -.3000E+02   -.3000E+02   -.3000E+02   -.3000E+02   -.3000E+02   -.3000E+02   -.3000E+02   -.3000E+02   -.3000E+02   -.3000E+02   -.3000E+02   -.3000E+02   -.3000E+02   -.3000E+02   -.3000E+02   -.3000E+02   -.3000E+02   -.3000E+02   -.3001E+02   -.3001E+02   -.3001E+02   -.3001E+02   -.3001E+02   -.3001E+02   -.3001E+02   -.3001E+02   -.3001E+02   -.3001E+02   -.3001E+02   -.3002E+02   -.3002E+02   -.3002E+02   -.3002E+02   -.3002E+02   -.3002E+02   -.3003E+02   -.3003E+02   -.3003E+02   -.3003E+02   -.3003E+02   -.3004E+02   -.3004E+02   -.3004E+02   -.3005E+02   -.3005E+02   -.3005E+02   -.3006E+02   -.3006E+02   -.3007E+02   -.3007E+02   -.3008E+02   -.3008E+02   -.3009E+02   -.3010E+02   -.3010E+02   -.3011E+02   -.3012E+02   -.3013E+02   -.3014E+02   -.3015E+02   -.3016E+02   -.3017E+02   -.3018E+02   -.3020E+02   -.3022E+02   -.3023E+02   -.3025E+02   -.3028E+02   -.3030E+02   -.3033E+02   -.3036E+02   -.3040E+02   -.3044E+02   -.3048E+02   -.3054E+02   -.3060E+02   -.3067E+02   -.3076E+02   -.3085E+02   -.3096E+02   -.3109E+02   -.3122E+02   -.3132E+02   -.3137E+02   -.3123E+02   -.3080E+02   -.2970E+02   -.2786E+02   -.4394E+02   -.2126E+02   -.1267E+02   -.1279E+02   -.1108E+02   -.1066E+02   -.9677E+01   -.9082E+01   -.8399E+01   -.7858E+01   -.7325E+01   -.6862E+01   -.6437E+01   -.6067E+01   -.5727E+01   -.5432E+01   -.5157E+01   -.4925E+01   -.4728E+01   -.4555E+01   -.4370E+01   -.4232E+01
0.1195E+06   0.1733E+02   -.3000E+02   -.3000E+02   -.3000E+02   -.3000E+02   -.3000E+02   -.3000E+02   -.3000E+02   -.3000E+02   -.3000E+02   -.3000E+02   -.3000E+02   -.3000E+02   -.3000E+02   -.3000E+02   -.3000E+02   -.3000E+02   -.3000E+02   -.3000E+02   -.3000E+02   -.3000E+02   -.3000E+02   -.3000E+02   -.3000E+02   -.3000E+02   -.3000E+02   -.3000E+02   -.3000E+02   -.3000E+02   -.3000E+02   -.3000E+02   -.3000E+02   -.3000E+02   -.3000E+02   -.3000E+02   -.3000E+02   -.3001E+02   -.3001E+02   -.3001E+02   -.3001E+02   -.3001E+02   -.3001E+02   -.3001E+02   -.3001E+02   -.3001E+02   -.3001E+02   -.3001E+02   -.3002E+02   -.3002E+02   -.3002E+02   -.3002E+02   -.3002E+02   -.3002E+02   -.3003E+02   -.3003E+02   -.3003E+02   -.3003E+02   -.3003E+02   -.3004E+02   -.3004E+02   -.3004E+02   -.3005E+02   -.3005E+02   -.3005E+02   -.3006E+02   -.3006E+02   -.3007E+02   -.3007E+02   -.3008E+02   -.3009E+02   -.3009E+02   -.3010E+02   -.3010E+02   -.3011E+02   -.3012E+02   -.3013E+02   -.3014E+02   -.3015E+02   -.3016E+02   -.3017E+02   -.3018E+02   -.3020E+02   -.3022E+02   -.3023E+02   -.3025E+02   -.3028E+02   -.3030E+02   -.3033E+02   -.3036E+02   -.3040E+02   -.3044E+02   -.3048E+02   -.3054E+02   -.3060E+02   -.3067E+02   -.3076E+02   -.3085E+02   -.3097E+02   -.3109E+02   -.3122E+02   -.3132E+02   -.3137E+02   -.3123E+02   -.3080E+02   -.2970E+02   -.2786E+02   -.4394E+02   -.2126E+02   -.1267E+02   -.1279E+02   -.1108E+02   -.1066E+02   -.9677E+01   -.9082E+01   -.8399E+01   -.7858E+01   -.7325E+01   -.6862E+01   -.6437E+01   -.6067E+01   -.5727E+01   -.5432E+01   -.5157E+01   -.4925E+01   -.4728E+01   -.4555E+01   -.4369E+01   -.4231E+01   -.4046E+01
0.1195E+06   0.1767E+02   -.3000E+02   -.3000E+02   -.3000E+02   -.3000E+02   -.3000E+02   -.3000E+02   -.3000E+02   -.3000E+02   -.3000E+02   -.3000E+02   -.3000E+02   -.3000E+02   -.3000E+02   -.3000E+02   -.3000E+02   -.3000E+02   -.3000E+02   -.3000E+02   -.3000E+02   -.3000E+02   -.3000E+02   -.3000E+02   -.3000E+02   -.3000E+02   -.3000E+02   -.3000E+02   -.3000E+02   -.3000E+02   -.3000E+02   -.3000E+02   -.3000E+02   -.3000E+02   -.3000E+02   -.3000E+02   -.3001E+02   -.3001E+02   -.3001E+02   -.3001E+02   -.3001E+02   -.3001E+02   -.3001E+02   -.3001E+02   -.3001E+02   -.3001E+02   -.3001E+02   -.3002E+02   -.3002E+02   -.3002E+02   -.3002E+02   -.3002E+02   -.3002E+02   -.3003E+02   -.3003E+02   -.3003E+02   -.3003E+02   -.3003E+02   -.3004E+02   -.3004E+02   -.3004E+02   -.3005E+02   -.3005E+02   -.3005E+02   -.3006E+02   -.3006E+02   -.3007E+02   -.3007E+02   -.3008E+02   -.3009E+02   -.3009E+02   -.3010E+02   -.3010E+02   -.3011E+02   -.3012E+02   -.3013E+02   -.3014E+02   -.3015E+02   -.3016E+02   -.3017E+02   -.3019E+02   -.3020E+02   -.3022E+02   -.3023E+02   -.3025E+02   -.3028E+02   -.3030E+02   -.3033E+02   -.3036E+02   -.3040E+02   -.3044E+02   -.3049E+02   -.3054E+02   -.3060E+02   -.3067E+02   -.3076E+02   -.3085E+02   -.3097E+02   -.3109E+02   -.3122E+02   -.3132E+02   -.3137E+02   -.3123E+02   -.3080E+02   -.2970E+02   -.2786E+02   -.4394E+02   -.2126E+02   -.1267E+02   -.1279E+02   -.1108E+02   -.1066E+02   -.9677E+01   -.9082E+01   -.8399E+01   -.7858E+01   -.7325E+01   -.6862E+01   -.6437E+01   -.6067E+01   -.5727E+01   -.5432E+01   -.5157E+01   -.4925E+01   -.4728E+01   -.4555E+01   -.4369E+01   -.4230E+01   -.4048E+01   -.3894E+01
0.1195E+06   0.1800E+02   -.3000E+02   -.3000E+02   -.3000E+02   -.3000E+02   -.3000E+02   -.3000E+02   -.3000E+02   -.3000E+02   -.3000E+02   -.3000E+02   -.3000E+02   -.3000E+02   -.3000E+02   -.3000E+02   -.3000E+02   -.3000E+02   -.3000E+02   -.3000E+02   -.3000E+02   -.3000E+02   -.3000E+02   -.3000E+02   -.3000E+02   -.3000E+02   -.3000E+02   -.3000E+02   -.3000E+02   -.3000E+02   -.3000E+02   -.3000E+02   -.3000E+02   -.3000E+02   -.3001E+02   -.3001E+02   -.3001E+02   -.3001E+02   -.3001E+02   -.3001E+02   -.3001E+02   -.3001E+02   -.3001E+02   -.3001E+02   -.3001E+02   -.3001E+02   -.3002E+02   -.3002E+02   -.3002E+02   -.3002E+02   -.3002E+02   -.3002E+02   -.3003E+02   -.3003E+02   -.3003E+02   -.3003E+02   -.3003E+02   -.3004E+02   -.3004E+02   -.3004E+02   -.3005E+02   -.3005E+02   -.3005E+02   -.3006E+02   -.3006E+02   -.3007E+02   -.3007E+02   -.3008E+02   -.3008E+02   -.3009E+02   -.3010E+02   -.3011E+02   -.3011E+02   -.3012E+02   -.3013E+02   -.3014E+02   -.3015E+02   -.3016E+02   -.3017E+02   -.3019E+02   -.3020E+02   -.3022E+02   -.3023E+02   -.3025E+02   -.3028E+02   -.3030E+02   -.3033E+02   -.3036E+02   -.3040E+02   -.3044E+02   -.3049E+02   -.3054E+02   -.3060E+02   -.3067E+02   -.3076E+02   -.3085E+02   -.3097E+02   -.3109E+02   -.3122E+02   -.3132E+02   -.3137E+02   -.3123E+02   -.3080E+02   -.2970E+02   -.2786E+02   -.4394E+02   -.2126E+02   -.1267E+02   -.1280E+02   -.1108E+02   -.1066E+02   -.9677E+01   -.9082E+01   -.8399E+01   -.7858E+01   -.7325E+01   -.6862E+01   -.6437E+01   -.6067E+01   -.5727E+01   -.5433E+01   -.5157E+01   -.4925E+01   -.4728E+01   -.4555E+01   -.4368E+01   -.4230E+01   -.4051E+01   -.3890E+01   -.3775E+01
0.1195E+06   0.1833E+02   -.3000E+02   -.3000E+02   -.3000E+02   -.3000E+02   -.3000E+02   -.3000E+02   -.3000E+02   -.3000E+02   -.3000E+02   -.3000E+02   -.3000E+02   -.3000E+02   -.3000E+02   -.3000E+02   -.3000E+02   -.3000E+02   -.3000E+02   -.3000E+02   -.3000E+02   -.3000E+02   -.3000E+02   -.3000E+02   -.3000E+02   -.3000E+02   -.3000E+02   -.3000E+02   -.3000E+02   -.3000E+02   -.3000E+02   -.3000E+02   -.3000E+02   -.3001E+02   -.3001E+02   -.3001E+02   -.3001E+02   -.3001E+02   -.3001E+02   -.3001E+02   -.3001E+02   -.3001E+02   -.3001E+02   -.3001E+02   -.3001E+02   -.3002E+02   -.3002E+02   -.3002E+02   -.3002E+02   -.3002E+02   -.3002E+02   -.3003E+02   -.3003E+02   -.3003E+02   -.3003E+02   -.3004E+02   -.3004E+02   -.3004E+02   -.3004E+02   -.3005E+02   -.3005E+02   -.3005E+02   -.3006E+02   -.3006E+02   -.3007E+02   -.3007E+02   -.3008E+02   -.3008E+02   -.3009E+02   -.3010E+02   -.3011E+02   -.3011E+02   -.3012E+02   -.3013E+02   -.3014E+02   -.3015E+02   -.3016E+02   -.3017E+02   -.3019E+02   -.3020E+02   -.3022E+02   -.3024E+02   -.3026E+02   -.3028E+02   -.3030E+02   -.3033E+02   -.3036E+02   -.3040E+02   -.3044E+02   -.3049E+02   -.3054E+02   -.3060E+02   -.3067E+02   -.3076E+02   -.3085E+02   -.3097E+02   -.3109E+02   -.3122E+02   -.3133E+02   -.3137E+02   -.3123E+02   -.3080E+02   -.2970E+02   -.2786E+02   -.4394E+02   -.2126E+02   -.1267E+02   -.1280E+02   -.1108E+02   -.1066E+02   -.9677E+01   -.9083E+01   -.8400E+01   -.7858E+01   -.7325E+01   -.6862E+01   -.6437E+01   -.6067E+01   -.5727E+01   -.5433E+01   -.5157E+01   -.4925E+01   -.4728E+01   -.4555E+01   -.4368E+01   -.4230E+01   -.4052E+01   -.3889E+01   -.3774E+01   -.3626E+01
0.1195E+06   0.1867E+02   -.3000E+02   -.3000E+02   -.3000E+02   -.3000E+02   -.3000E+02   -.3000E+02   -.3000E+02   -.3000E+02   -.3000E+02   -.3000E+02   -.3000E+02   -.3000E+02   -.3000E+02   -.3000E+02   -.3000E+02   -.3000E+02   -.3000E+02   -.3000E+02   -.3000E+02   -.3000E+02   -.3000E+02   -.3000E+02   -.3000E+02   -.3000E+02   -.3000E+02   -.3000E+02   -.3000E+02   -.3000E+02   -.3000E+02   -.3001E+02   -.3001E+02   -.3001E+02   -.3001E+02   -.3001E+02   -.3001E+02   -.3001E+02   -.3001E+02   -.3001E+02   -.3001E+02   -.3001E+02   -.3001E+02   -.3001E+02   -.3002E+02   -.3002E+02   -.3002E+02   -.3002E+02   -.3002E+02   -.3002E+02   -.3003E+02   -.3003E+02   -.3003E+02   -.3003E+02   -.3004E+02   -.3004E+02   -.3004E+02   -.3004E+02   -.3005E+02   -.3005E+02   -.3005E+02   -.3006E+02   -.3006E+02   -.3007E+02   -.3007E+02   -.3008E+02   -.3008E+02   -.3009E+02   -.3010E+02   -.3011E+02   -.3011E+02   -.3012E+02   -.3013E+02   -.3014E+02   -.3015E+02   -.3016E+02   -.3017E+02   -.3019E+02   -.3020E+02   -.3022E+02   -.3024E+02   -.3026E+02   -.3028E+02   -.3030E+02   -.3033E+02   -.3036E+02   -.3040E+02   -.3044E+02   -.3049E+02   -.3054E+02   -.3060E+02   -.3067E+02   -.3076E+02   -.3086E+02   -.3097E+02   -.3109E+02   -.3122E+02   -.3133E+02   -.3137E+02   -.3123E+02   -.3080E+02   -.2970E+02   -.2786E+02   -.4395E+02   -.2126E+02   -.1267E+02   -.1280E+02   -.1108E+02   -.1066E+02   -.9677E+01   -.9083E+01   -.8400E+01   -.7858E+01   -.7325E+01   -.6862E+01   -.6437E+01   -.6067E+01   -.5727E+01   -.5433E+01   -.5157E+01   -.4925E+01   -.4728E+01   -.4555E+01   -.4367E+01   -.4229E+01   -.4055E+01   -.3887E+01   -.3773E+01   -.3620E+01   -.3504E+01
0.1195E+06   0.1900E+02   -.3000E+02   -.3000E+02   -.3000E+02   -.3000E+02   -.3000E+02   -.3000E+02   -.3000E+02   -.3000E+02   -.3000E+02   -.3000E+02   -.3000E+02   -.3000E+02   -.3000E+02   -.3000E+02   -.3000E+02   -.3000E+02   -.3000E+02   -.3000E+02   -.3000E+02   -.3000E+02   -.3000E+02   -.3000E+02   -.3000E+02   -.3000E+02   -.3000E+02   -.3000E+02   -.3000E+02   -.3000E+02   -.3001E+02   -.3001E+02   -.3001E+02   -.3001E+02   -.3001E+02   -.3001E+02   -.3001E+02   -.3001E+02   -.3001E+02   -.3001E+02   -.3001E+02   -.3001E+02   -.3002E+02   -.3002E+02   -.3002E+02   -.3002E+02   -.3002E+02   -.3002E+02   -.3002E+02   -.3003E+02   -.3003E+02   -.3003E+02   -.3003E+02   -.3004E+02   -.3004E+02   -.3004E+02   -.3004E+02   -.3005E+02   -.3005E+02   -.3005E+02   -.3006E+02   -.3006E+02   -.3007E+02   -.3007E+02   -.3008E+02   -.3008E+02   -.3009E+02   -.3010E+02   -.3010E+02   -.3012E+02   -.3012E+02   -.3013E+02   -.3014E+02   -.3015E+02   -.3016E+02   -.3017E+02   -.3019E+02   -.3020E+02   -.3022E+02   -.3024E+02   -.3026E+02   -.3028E+02   -.3030E+02   -.3033E+02   -.3036E+02   -.3040E+02   -.3044E+02   -.3049E+02   -.3054E+02   -.3060E+02   -.3067E+02   -.3076E+02   -.3086E+02   -.3097E+02   -.3109E+02   -.3122E+02   -.3133E+02   -.3137E+02   -.3123E+02   -.3080E+02   -.2970E+02   -.2786E+02   -.4395E+02   -.2126E+02   -.1267E+02   -.1280E+02   -.1108E+02   -.1066E+02   -.9677E+01   -.9083E+01   -.8400E+01   -.7858E+01   -.7325E+01   -.6862E+01   -.6438E+01   -.6067E+01   -.5728E+01   -.5433E+01   -.5157E+01   -.4925E+01   -.4728E+01   -.4555E+01   -.4368E+01   -.4230E+01   -.4055E+01   -.3887E+01   -.3773E+01   -.3621E+01   -.3501E+01   -.3410E+01
0.1195E+06   0.1933E+02   -.3000E+02   -.3000E+02   -.3000E+02   -.3000E+02   -.3000E+02   -.3000E+02   -.3000E+02   -.3000E+02   -.3000E+02   -.3000E+02   -.3000E+02   -.3000E+02   -.3000E+02   -.3000E+02   -.3000E+02   -.3000E+02   -.3000E+02   -.3000E+02   -.3000E+02   -.3000E+02   -.3000E+02   -.3000E+02   -.3000E+02   -.3000E+02   -.3000E+02   -.3000E+02   -.3000E+02   -.3001E+02   -.3001E+02   -.3001E+02   -.3001E+02   -.3001E+02   -.3001E+02   -.3001E+02   -.3001E+02   -.3001E+02   -.3001E+02   -.3001E+02   -.3001E+02   -.3002E+02   -.3002E+02   -.3002E+02   -.3002E+02   -.3002E+02   -.3002E+02   -.3002E+02   -.3003E+02   -.3003E+02   -.3003E+02   -.3003E+02   -.3004E+02   -.3004E+02   -.3004E+02   -.3004E+02   -.3005E+02   -.3005E+02   -.3005E+02   -.3006E+02   -.3006E+02   -.3007E+02   -.3007E+02   -.3008E+02   -.3008E+02   -.3009E+02   -.3010E+02   -.3010E+02   -.3011E+02   -.3012E+02   -.3013E+02   -.3014E+02   -.3015E+02   -.3016E+02   -.3017E+02   -.3019E+02   -.3020E+02   -.3022E+02   -.3024E+02   -.3026E+02   -.3028E+02   -.3030E+02   -.3033E+02   -.3036E+02   -.3040E+02   -.3044E+02   -.3049E+02   -.3054E+02   -.3060E+02   -.3068E+02   -.3076E+02   -.3086E+02   -.3097E+02   -.3109E+02   -.3122E+02   -.3133E+02   -.3137E+02   -.3123E+02   -.3080E+02   -.2970E+02   -.2786E+02   -.4395E+02   -.2126E+02   -.1267E+02   -.1280E+02   -.1108E+02   -.1066E+02   -.9678E+01   -.9083E+01   -.8400E+01   -.7858E+01   -.7325E+01   -.6862E+01   -.6438E+01   -.6067E+01   -.5728E+01   -.5433E+01   -.5157E+01   -.4925E+01   -.4728E+01   -.4555E+01   -.4367E+01   -.4229E+01   -.4058E+01   -.3886E+01   -.3773E+01   -.3621E+01   -.3517E+01   -.3423E+01   -.3282E+01
0.1195E+06   0.1967E+02   -.3000E+02   -.3000E+02   -.3000E+02   -.3000E+02   -.3000E+02   -.3000E+02   -.3000E+02   -.3000E+02   -.3000E+02   -.3000E+02   -.3000E+02   -.3000E+02   -.3000E+02   -.3000E+02   -.3000E+02   -.3000E+02   -.3000E+02   -.3000E+02   -.3000E+02   -.3000E+02   -.3000E+02   -.3000E+02   -.3000E+02   -.3000E+02   -.3000E+02   -.3001E+02   -.3001E+02   -.3001E+02   -.3001E+02   -.3001E+02   -.3001E+02   -.3001E+02   -.3001E+02   -.3001E+02   -.3001E+02   -.3001E+02   -.3001E+02   -.3001E+02   -.3002E+02   -.3002E+02   -.3002E+02   -.3002E+02   -.3002E+02   -.3002E+02   -.3002E+02   -.3003E+02   -.3003E+02   -.3003E+02   -.3003E+02   -.3004E+02   -.3004E+02   -.3004E+02   -.3004E+02   -.3005E+02   -.3005E+02   -.3005E+02   -.3006E+02   -.3006E+02   -.3007E+02   -.3007E+02   -.3008E+02   -.3008E+02   -.3009E+02   -.3010E+02   -.3010E+02   -.3011E+02   -.3012E+02   -.3013E+02   -.3014E+02   -.3015E+02   -.3016E+02   -.3018E+02   -.3019E+02   -.3020E+02   -.3022E+02   -.3024E+02   -.3026E+02   -.3028E+02   -.3030E+02   -.3033E+02   -.3036E+02   -.3040E+02   -.3044E+02   -.3049E+02   -.3054E+02   -.3060E+02   -.3068E+02   -.3076E+02   -.3086E+02   -.3097E+02   -.3109E+02   -.3122E+02   -.3133E+02   -.3137E+02   -.3123E+02   -.3080E+02   -.2970E+02   -.2786E+02   -.4395E+02   -.2126E+02   -.1267E+02   -.1280E+02   -.1108E+02   -.1066E+02   -.9678E+01   -.9083E+01   -.8400E+01   -.7858E+01   -.7326E+01   -.6862E+01   -.6438E+01   -.6067E+01   -.5728E+01   -.5433E+01   -.5157E+01   -.4925E+01   -.4727E+01   -.4554E+01   -.4367E+01   -.4230E+01   -.4057E+01   -.3886E+01   -.3773E+01   -.3622E+01   -.3518E+01   -.3422E+01   -.3286E+01   -.3191E+01
0.1195E+06   0.2000E+02   -.3000E+02   -.3000E+02   -.3000E+02   -.3000E+02   -.3000E+02   -.3000E+02   -.3000E+02   -.3000E+02   -.3000E+02   -.3000E+02   -.3000E+02   -.3000E+02   -.3000E+02   -.3000E+02   -.3000E+02   -.3000E+02   -.3000E+02   -.3000E+02   -.3000E+02   -.3000E+02   -.3000E+02   -.3000E+02   -.3000E+02   -.3000E+02   -.3001E+02   -.3001E+02   -.3001E+02   -.3001E+02   -.3001E+02   -.3001E+02   -.3001E+02   -.3001E+02   -.3001E+02   -.3001E+02   -.3001E+02   -.3001E+02   -.3001E+02   -.3002E+02   -.3002E+02   -.3002E+02   -.3002E+02   -.3002E+02   -.3002E+02   -.3002E+02   -.3003E+02   -.3003E+02   -.3003E+02   -.3003E+02   -.3004E+02   -.3004E+02   -.3004E+02   -.3004E+02   -.3005E+02   -.3005E+02   -.3005E+02   -.3006E+02   -.3006E+02   -.3007E+02   -.3007E+02   -.3008E+02   -.3008E+02   -.3009E+02   -.3010E+02   -.3010E+02   -.3011E+02   -.3012E+02   -.3013E+02   -.3014E+02   -.3015E+02   -.3016E+02   -.3018E+02   -.3019E+02   -.3020E+02   -.3022E+02   -.3024E+02   -.3026E+02   -.3028E+02   -.3030E+02   -.3033E+02   -.3036E+02   -.3040E+02   -.3044E+02   -.3049E+02   -.3054E+02   -.3060E+02   -.3068E+02   -.3076E+02   -.3086E+02   -.3097E+02   -.3109E+02   -.3122E+02   -.3133E+02   -.3137E+02   -.3123E+02   -.3080E+02   -.2970E+02   -.2786E+02   -.4395E+02   -.2126E+02   -.1267E+02   -.1280E+02   -.1108E+02   -.1066E+02   -.9678E+01   -.9083E+01   -.8400E+01   -.7858E+01   -.7326E+01   -.6863E+01   -.6438E+01   -.6067E+01   -.5728E+01   -.5433E+01   -.5157E+01   -.4925E+01   -.4728E+01   -.4555E+01   -.4366E+01   -.4229E+01   -.4057E+01   -.3885E+01   -.3772E+01   -.3620E+01   -.3518E+01   -.3420E+01   -.3285E+01   -.3188E+01   -.3119E+01
0.1195E+06   0.2033E+02   -.3000E+02   -.3000E+02   -.3000E+02   -.3000E+02   -.3000E+02   -.3000E+02   -.3000E+02   -.3000E+02   -.3000E+02   -.3000E+02   -.3000E+02   -.3000E+02   -.3000E+02   -.3000E+02   -.3000E+02   -.3000E+02   -.3000E+02   -.3000E+02   -.3000E+02   -.3000E+02   -.3000E+02   -.3000E+02   -.3001E+02   -.3001E+02   -.3001E+02   -.3001E+02   -.3001E+02   -.3001E+02   -.3001E+02   -.3001E+02   -.3001E+02   -.3001E+02   -.3001E+02   -.3001E+02   -.3001E+02   -.3001E+02   -.3002E+02   -.3002E+02   -.3002E+02   -.3002E+02   -.3002E+02   -.3002E+02   -.3003E+02   -.3003E+02   -.3003E+02   -.3003E+02   -.3003E+02   -.3004E+02   -.3004E+02   -.3004E+02   -.3004E+02   -.3005E+02   -.3005E+02   -.3005E+02   -.3006E+02   -.3006E+02   -.3007E+02   -.3007E+02   -.3008E+02   -.3008E+02   -.3009E+02   -.3010E+02   -.3010E+02   -.3011E+02   -.3012E+02   -.3013E+02   -.3014E+02   -.3015E+02   -.3016E+02   -.3018E+02   -.3019E+02   -.3020E+02   -.3022E+02   -.3024E+02   -.3026E+02   -.3028E+02   -.3031E+02   -.3033E+02   -.3036E+02   -.3040E+02   -.3044E+02   -.3049E+02   -.3054E+02   -.3060E+02   -.3068E+02   -.3076E+02   -.3086E+02   -.3097E+02   -.3109E+02   -.3122E+02   -.3133E+02   -.3137E+02   -.3123E+02   -.3080E+02   -.2970E+02   -.2786E+02   -.4395E+02   -.2126E+02   -.1267E+02   -.1280E+02   -.1108E+02   -.1066E+02   -.9678E+01   -.9083E+01   -.8400E+01   -.7858E+01   -.7326E+01   -.6863E+01   -.6438E+01   -.6067E+01   -.5728E+01   -.5433E+01   -.5157E+01   -.4925E+01   -.4727E+01   -.4554E+01   -.4366E+01   -.4229E+01   -.4057E+01   -.3887E+01   -.3773E+01   -.3632E+01   -.3514E+01   -.3422E+01   -.3300E+01   -.3189E+01   -.3112E+01   -.3034E+01
0.1195E+06   0.2067E+02   -.3000E+02   -.3000E+02   -.3000E+02   -.3000E+02   -.3000E+02   -.3000E+02   -.3000E+02   -.3000E+02   -.3000E+02   -.3000E+02   -.3000E+02   -.3000E+02   -.3000E+02   -.3000E+02   -.3000E+02   -.3000E+02   -.3000E+02   -.3000E+02   -.3000E+02   -.3000E+02   -.3000E+02   -.3001E+02   -.3001E+02   -.3001E+02   -.3001E+02   -.3001E+02   -.3001E+02   -.3001E+02   -.3001E+02   -.3001E+02   -.3001E+02   -.3001E+02   -.3001E+02   -.3001E+02   -.3001E+02   -.3002E+02   -.3002E+02   -.3002E+02   -.3002E+02   -.3002E+02   -.3002E+02   -.3003E+02   -.3003E+02   -.3003E+02   -.3003E+02   -.3003E+02   -.3004E+02   -.3004E+02   -.3004E+02   -.3004E+02   -.3005E+02   -.3005E+02   -.3006E+02   -.3006E+02   -.3006E+02   -.3007E+02   -.3007E+02   -.3008E+02   -.3008E+02   -.3009E+02   -.3010E+02   -.3010E+02   -.3011E+02   -.3012E+02   -.3013E+02   -.3014E+02   -.3015E+02   -.3017E+02   -.3018E+02   -.3019E+02   -.3021E+02   -.3022E+02   -.3024E+02   -.3026E+02   -.3028E+02   -.3031E+02   -.3033E+02   -.3037E+02   -.3040E+02   -.3044E+02   -.3049E+02   -.3054E+02   -.3060E+02   -.3068E+02   -.3076E+02   -.3086E+02   -.3097E+02   -.3109E+02   -.3122E+02   -.3133E+02   -.3137E+02   -.3123E+02   -.3080E+02   -.2970E+02   -.2786E+02   -.4395E+02   -.2126E+02   -.1267E+02   -.1280E+02   -.1108E+02   -.1066E+02   -.9678E+01   -.9083E+01   -.8400E+01   -.7858E+01   -.7326E+01   -.6863E+01   -.6438E+01   -.6068E+01   -.5728E+01   -.5433E+01   -.5158E+01   -.4925E+01   -.4727E+01   -.4554E+01   -.4366E+01   -.4229E+01   -.4057E+01   -.3887E+01   -.3774E+01   -.3639E+01   -.3513E+01   -.3417E+01   -.3304E+01   -.3194E+01   -.3118E+01   -.3036E+01   -.2938E+01
0.1195E+06   0.2100E+02   -.3000E+02   -.3000E+02   -.3000E+02   -.3000E+02   -.3000E+02   -.3000E+02   -.3000E+02   -.3000E+02   -.3000E+02   -.3000E+02   -.3000E+02   -.3000E+02   -.3000E+02   -.3000E+02   -.3000E+02   -.3000E+02   -.3000E+02   -.3000E+02   -.3000E+02   -.3001E+02   -.3001E+02   -.3001E+02   -.3001E+02   -.3001E+02   -.3001E+02   -.3001E+02   -.3001E+02   -.3001E+02   -.3001E+02   -.3001E+02   -.3001E+02   -.3001E+02   -.3001E+02   -.3002E+02   -.3002E+02   -.3002E+02   -.3002E+02   -.3002E+02   -.3002E+02   -.3002E+02   -.3003E+02   -.3003E+02   -.3003E+02   -.3003E+02   -.3003E+02   -.3004E+02   -.3004E+02   -.3004E+02   -.3004E+02   -.3005E+02   -.3005E+02   -.3006E+02   -.3006E+02   -.3006E+02   -.3007E+02   -.3007E+02   -.3008E+02   -.3008E+02   -.3009E+02   -.3010E+02   -.3010E+02   -.3011E+02   -.3012E+02   -.3013E+02   -.3014E+02   -.3015E+02   -.3016E+02   -.3018E+02   -.3019E+02   -.3021E+02   -.3022E+02   -.3024E+02   -.3026E+02   -.3028E+02   -.3031E+02   -.3033E+02   -.3037E+02   -.3040E+02   -.3044E+02   -.3049E+02   -.3054E+02   -.3061E+02   -.3068E+02   -.3076E+02   -.3086E+02   -.3097E+02   -.3109E+02   -.3122E+02   -.3133E+02   -.3137E+02   -.3123E+02   -.3081E+02   -.2970E+02   -.2786E+02   -.4395E+02   -.2126E+02   -.1267E+02   -.1280E+02   -.1108E+02   -.1066E+02   -.9678E+01   -.9083E+01   -.8400E+01   -.7858E+01   -.7326E+01   -.6863E+01   -.6438E+01   -.6068E+01   -.5728E+01   -.5433E+01   -.5158E+01   -.4925E+01   -.4727E+01   -.4554E+01   -.4366E+01   -.4229E+01   -.4058E+01   -.3887E+01   -.3773E+01   -.3637E+01   -.3512E+01   -.3417E+01   -.3299E+01   -.3198E+01   -.3122E+01   -.3023E+01   -.2943E+01   -.2872E+01
0.1195E+06   0.2133E+02   -.3000E+02   -.3000E+02   -.3000E+02   -.3000E+02   -.3000E+02   -.3000E+02   -.3000E+02   -.3000E+02   -.3000E+02   -.3000E+02   -.3000E+02   -.3000E+02   -.3000E+02   -.3000E+02   -.3000E+02   -.3000E+02   -.3000E+02   -.3001E+02   -.3001E+02   -.3001E+02   -.3001E+02   -.3001E+02   -.3001E+02   -.3001E+02   -.3001E+02   -.3001E+02   -.3001E+02   -.3001E+02   -.3001E+02   -.3001E+02   -.3001E+02   -.3001E+02   -.3002E+02   -.3002E+02   -.3002E+02   -.3002E+02   -.3002E+02   -.3002E+02   -.3002E+02   -.3003E+02   -.3003E+02   -.3003E+02   -.3003E+02   -.3003E+02   -.3004E+02   -.3004E+02   -.3004E+02   -.3004E+02   -.3005E+02   -.3005E+02   -.3006E+02   -.3006E+02   -.3006E+02   -.3007E+02   -.3007E+02   -.3008E+02   -.3008E+02   -.3009E+02   -.3010E+02   -.3010E+02   -.3011E+02   -.3012E+02   -.3013E+02   -.3014E+02   -.3015E+02   -.3016E+02   -.3017E+02   -.3019E+02   -.3021E+02   -.3022E+02   -.3024E+02   -.3026E+02   -.3028E+02   -.3031E+02   -.3034E+02   -.3037E+02   -.3040E+02   -.3044E+02   -.3049E+02   -.3054E+02   -.3061E+02   -.3068E+02   -.3076E+02   -.3086E+02   -.3097E+02   -.3109E+02   -.3122E+02   -.3133E+02   -.3137E+02   -.3123E+02   -.3081E+02   -.2970E+02   -.2786E+02   -.4395E+02   -.2126E+02   -.1267E+02   -.1280E+02   -.1108E+02   -.1066E+02   -.9678E+01   -.9084E+01   -.8400E+01   -.7858E+01   -.7326E+01   -.6863E+01   -.6438E+01   -.6068E+01   -.5728E+01   -.5433E+01   -.5158E+01   -.4925E+01   -.4727E+01   -.4554E+01   -.4365E+01   -.4229E+01   -.4057E+01   -.3888E+01   -.3775E+01   -.3638E+01   -.3511E+01   -.3415E+01   -.3306E+01   -.3194E+01   -.3119E+01   -.3029E+01   -.2950E+01   -.2862E+01   -.2806E+01
0.1195E+06   0.2167E+02   -.3000E+02   -.3000E+02   -.3000E+02   -.3000E+02   -.3000E+02   -.3000E+02   -.3000E+02   -.3000E+02   -.3000E+02   -.3000E+02   -.3000E+02   -.3000E+02   -.3000E+02   -.3000E+02   -.3000E+02   -.3000E+02   -.3001E+02   -.3001E+02   -.3001E+02   -.3001E+02   -.3001E+02   -.3001E+02   -.3001E+02   -.3001E+02   -.3001E+02   -.3001E+02   -.3001E+02   -.3001E+02   -.3001E+02   -.3001E+02   -.3001E+02   -.3002E+02   -.3002E+02   -.3002E+02   -.3002E+02   -.3002E+02   -.3002E+02   -.3002E+02   -.3003E+02   -.3003E+02   -.3003E+02   -.3003E+02   -.3003E+02   -.3004E+02   -.3004E+02   -.3004E+02   -.3005E+02   -.3005E+02   -.3005E+02   -.3006E+02   -.3006E+02   -.3006E+02   -.3007E+02   -.3007E+02   -.3008E+02   -.3008E+02   -.3009E+02   -.3010E+02   -.3010E+02   -.3011E+02   -.3012E+02   -.3013E+02   -.3014E+02   -.3015E+02   -.3016E+02   -.3017E+02   -.3019E+02   -.3021E+02   -.3022E+02   -.3024E+02   -.3026E+02   -.3028E+02   -.3031E+02   -.3034E+02   -.3037E+02   -.3040E+02   -.3044E+02   -.3049E+02   -.3054E+02   -.3061E+02   -.3068E+02   -.3076E+02   -.3086E+02   -.3097E+02   -.3109E+02   -.3122E+02   -.3133E+02   -.3137E+02   -.3124E+02   -.3081E+02   -.2970E+02   -.2786E+02   -.4395E+02   -.2126E+02   -.1267E+02   -.1280E+02   -.1108E+02   -.1066E+02   -.9678E+01   -.9084E+01   -.8400E+01   -.7858E+01   -.7326E+01   -.6863E+01   -.6438E+01   -.6068E+01   -.5728E+01   -.5433E+01   -.5158E+01   -.4925E+01   -.4727E+01   -.4554E+01   -.4365E+01   -.4228E+01   -.4059E+01   -.3886E+01   -.3774E+01   -.3638E+01   -.3509E+01   -.3418E+01   -.3305E+01   -.3187E+01   -.3107E+01   -.3038E+01   -.2956E+01   -.2860E+01   -.2794E+01   -.2740E+01
0.1195E+06   0.2200E+02   -.3000E+02   -.3000E+02   -.3000E+02   -.3000E+02   -.3000E+02   -.3000E+02   -.3000E+02   -.3000E+02   -.3000E+02   -.3000E+02   -.3000E+02   -.3000E+02   -.3000E+02   -.3000E+02   -.3001E+02   -.3001E+02   -.3001E+02   -.3001E+02   -.3001E+02   -.3001E+02   -.3001E+02   -.3001E+02   -.3001E+02   -.3001E+02   -.3001E+02   -.3001E+02   -.3001E+02   -.3001E+02   -.3001E+02   -.3001E+02   -.3002E+02   -.3002E+02   -.3002E+02   -.3002E+02   -.3002E+02   -.3002E+02   -.3002E+02   -.3003E+02   -.3003E+02   -.3003E+02   -.3003E+02   -.3003E+02   -.3004E+02   -.3004E+02   -.3004E+02   -.3005E+02   -.3005E+02   -.3005E+02   -.3006E+02   -.3006E+02   -.3006E+02   -.3007E+02   -.3007E+02   -.3008E+02   -.3008E+02   -.3009E+02   -.3010E+02   -.3010E+02   -.3011E+02   -.3012E+02   -.3013E+02   -.3014E+02   -.3015E+02   -.3016E+02   -.3017E+02   -.3019E+02   -.3020E+02   -.3023E+02   -.3024E+02   -.3026E+02   -.3029E+02   -.3031E+02   -.3034E+02   -.3037E+02   -.3040E+02   -.3044E+02   -.3049E+02   -.3055E+02   -.3061E+02   -.3068E+02   -.3076E+02   -.3086E+02   -.3097E+02   -.3109E+02   -.3122E+02   -.3133E+02   -.3137E+02   -.3124E+02   -.3081E+02   -.2970E+02   -.2786E+02   -.4395E+02   -.2126E+02   -.1267E+02   -.1280E+02   -.1108E+02   -.1066E+02   -.9678E+01   -.9084E+01   -.8400E+01   -.7858E+01   -.7326E+01   -.6863E+01   -.6438E+01   -.6068E+01   -.5728E+01   -.5433E+01   -.5158E+01   -.4925E+01   -.4727E+01   -.4554E+01   -.4365E+01   -.4227E+01   -.4059E+01   -.3886E+01   -.3772E+01   -.3650E+01   -.3505E+01   -.3413E+01   -.3313E+01   -.3194E+01   -.3114E+01   -.3025E+01   -.2958E+01   -.2874E+01   -.2793E+01   -.2723E+01   -.2670E+01
0.1195E+06   0.2233E+02   -.3000E+02   -.3000E+02   -.3000E+02   -.3000E+02   -.3000E+02   -.3000E+02   -.3000E+02   -.3000E+02   -.3000E+02   -.3000E+02   -.3000E+02   -.3000E+02   -.3000E+02   -.3001E+02   -.3001E+02   -.3001E+02   -.3001E+02   -.3001E+02   -.3001E+02   -.3001E+02   -.3001E+02   -.3001E+02   -.3001E+02   -.3001E+02   -.3001E+02   -.3001E+02   -.3001E+02   -.3001E+02   -.3001E+02   -.3002E+02   -.3002E+02   -.3002E+02   -.3002E+02   -.3002E+02   -.3002E+02   -.3002E+02   -.3003E+02   -.3003E+02   -.3003E+02   -.3003E+02   -.3003E+02   -.3004E+02   -.3004E+02   -.3004E+02   -.3005E+02   -.3005E+02   -.3005E+02   -.3006E+02   -.3006E+02   -.3006E+02   -.3007E+02   -.3007E+02   -.3008E+02   -.3008E+02   -.3009E+02   -.3010E+02   -.3010E+02   -.3011E+02   -.3012E+02   -.3013E+02   -.3014E+02   -.3015E+02   -.3016E+02   -.3017E+02   -.3019E+02   -.3020E+02   -.3022E+02   -.3025E+02   -.3026E+02   -.3029E+02   -.3031E+02   -.3034E+02   -.3037E+02   -.3041E+02   -.3045E+02   -.3049E+02   -.3055E+02   -.3061E+02   -.3068E+02   -.3076E+02   -.3086E+02   -.3097E+02   -.3109E+02   -.3122E+02   -.3133E+02   -.3137E+02   -.3124E+02   -.3081E+02   -.2970E+02   -.2786E+02   -.4395E+02   -.2126E+02   -.1267E+02   -.1280E+02   -.1108E+02   -.1066E+02   -.9678E+01   -.9084E+01   -.8400E+01   -.7858E+01   -.7326E+01   -.6863E+01   -.6438E+01   -.6068E+01   -.5728E+01   -.5433E+01   -.5158E+01   -.4925E+01   -.4727E+01   -.4554E+01   -.4365E+01   -.4227E+01   -.4058E+01   -.3886E+01   -.3772E+01   -.3636E+01   -.3506E+01   -.3416E+01   -.3303E+01   -.3182E+01   -.3111E+01   -.3041E+01   -.2958E+01   -.2852E+01   -.2794E+01   -.2741E+01   -.2686E+01   -.2595E+01
0.1195E+06   0.2267E+02   -.3000E+02   -.3000E+02   -.3000E+02   -.3000E+02   -.3000E+02   -.3000E+02   -.3000E+02   -.3000E+02   -.3000E+02   -.3000E+02   -.3000E+02   -.3000E+02   -.3001E+02   -.3001E+02   -.3001E+02   -.3001E+02   -.3001E+02   -.3001E+02   -.3001E+02   -.3001E+02   -.3001E+02   -.3001E+02   -.3001E+02   -.3001E+02   -.3001E+02   -.3001E+02   -.3001E+02   -.3001E+02   -.3002E+02   -.3002E+02   -.3002E+02   -.3002E+02   -.3002E+02   -.3002E+02   -.3002E+02   -.3003E+02   -.3003E+02   -.3003E+02   -.3003E+02   -.3003E+02   -.3004E+02   -.3004E+02   -.3004E+02   -.3005E+02   -.3005E+02   -.3005E+02   -.3006E+02   -.3006E+02   -.3006E+02   -.3007E+02   -.3007E+02   -.3008E+02   -.3008E+02   -.3009E+02   -.3010E+02   -.3010E+02   -.3011E+02   -.3012E+02   -.3013E+02   -.3014E+02   -.3015E+02   -.3016E+02   -.3017E+02   -.3019E+02   -.3020E+02   -.3022E+02   -.3024E+02   -.3027E+02   -.3029E+02   -.3031E+02   -.3034E+02   -.3037E+02   -.3041E+02   -.3045E+02   -.3049E+02   -.3055E+02   -.3061E+02   -.3068E+02   -.3076E+02   -.3086E+02   -.3097E+02   -.3109E+02   -.3122E+02   -.3133E+02   -.3137E+02   -.3124E+02   -.3081E+02   -.2970E+02   -.2786E+02   -.4395E+02   -.2126E+02   -.1267E+02   -.1280E+02   -.1108E+02   -.1066E+02   -.9678E+01   -.9083E+01   -.8400E+01   -.7858E+01   -.7326E+01   -.6863E+01   -.6438E+01   -.6068E+01   -.5728E+01   -.5433E+01   -.5158E+01   -.4925E+01   -.4727E+01   -.4554E+01   -.4365E+01   -.4227E+01   -.4058E+01   -.3885E+01   -.3771E+01   -.3641E+01   -.3506E+01   -.3412E+01   -.3295E+01   -.3196E+01   -.3105E+01   -.3030E+01   -.2943E+01   -.2879E+01   -.2805E+01   -.2737E+01   -.2660E+01   -.2603E+01   -.2555E+01
0.1195E+06   0.2300E+02   -.3000E+02   -.3000E+02   -.3000E+02   -.3000E+02   -.3000E+02   -.3000E+02   -.3000E+02   -.3000E+02   -.3000E+02   -.3000E+02   -.3001E+02   -.3001E+02   -.3001E+02   -.3001E+02   -.3001E+02   -.3001E+02   -.3001E+02   -.3001E+02   -.3001E+02   -.3001E+02   -.3001E+02   -.3001E+02   -.3001E+02   -.3001E+02   -.3001E+02   -.3001E+02   -.3002E+02   -.3002E+02   -.3002E+02   -.3002E+02   -.3002E+02   -.3002E+02   -.3002E+02   -.3002E+02   -.3003E+02   -.3003E+02   -.3003E+02   -.3003E+02   -.3003E+02   -.3004E+02   -.3004E+02   -.3004E+02   -.3005E+02   -.3005E+02   -.3005E+02   -.3006E+02   -.3006E+02   -.3006E+02   -.3007E+02   -.3007E+02   -.3008E+02   -.3008E+02   -.3009E+02   -.3010E+02   -.3010E+02   -.3011E+02   -.3012E+02   -.3013E+02   -.3014E+02   -.3015E+02   -.3016E+02   -.3017E+02   -.3019E+02   -.3020E+02   -.3022E+02   -.3024E+02   -.3026E+02   -.3029E+02   -.3031E+02   -.3034E+02   -.3037E+02   -.3041E+02   -.3045E+02   -.3050E+02   -.3055E+02   -.3061E+02   -.3068E+02   -.3077E+02   -.3086E+02   -.3097E+02   -.3110E+02   -.3122E+02   -.3133E+02   -.3137E+02   -.3124E+02   -.3081E+02   -.2971E+02   -.2786E+02   -.4396E+02   -.2126E+02   -.1267E+02   -.1280E+02   -.1108E+02   -.1066E+02   -.9678E+01   -.9083E+01   -.8400E+01   -.7858E+01   -.7326E+01   -.6863E+01   -.6438E+01   -.6067E+01   -.5728E+01   -.5433E+01   -.5158E+01   -.4925E+01   -.4727E+01   -.4554E+01   -.4365E+01   -.4228E+01   -.4060E+01   -.3882E+01   -.3770E+01   -.3640E+01   -.3505E+01   -.3405E+01   -.3296E+01   -.3210E+01   -.3113E+01   -.3025E+01   -.2946E+01   -.2865E+01   -.2795E+01   -.2740E+01   -.2664E+01   -.2607E+01   -.2542E+01   -.2489E+01
0.1195E+06   0.2333E+02   -.3000E+02   -.3000E+02   -.3000E+02   -.3000E+02   -.3000E+02   -.3000E+02   -.3000E+02   -.3000E+02   -.3000E+02   -.3001E+02   -.3001E+02   -.3001E+02   -.3001E+02   -.3001E+02   -.3001E+02   -.3001E+02   -.3001E+02   -.3001E+02   -.3001E+02   -.3001E+02   -.3001E+02   -.3001E+02   -.3001E+02   -.3001E+02   -.3001E+02   -.3002E+02   -.3002E+02   -.3002E+02   -.3002E+02   -.3002E+02   -.3002E+02   -.3002E+02   -.3002E+02   -.3003E+02   -.3003E+02   -.3003E+02   -.3003E+02   -.3004E+02   -.3004E+02   -.3004E+02   -.3004E+02   -.3005E+02   -.3005E+02   -.3005E+02   -.3006E+02   -.3006E+02   -.3006E+02   -.3007E+02   -.3007E+02   -.3008E+02   -.3008E+02   -.3009E+02   -.3010E+02   -.3010E+02   -.3011E+02   -.3012E+02   -.3013E+02   -.3014E+02   -.3015E+02   -.3016E+02   -.3017E+02   -.3019E+02   -.3020E+02   -.3022E+02   -.3024E+02   -.3026E+02   -.3028E+02   -.3032E+02   -.3034E+02   -.3037E+02   -.3041E+02   -.3045E+02   -.3050E+02   -.3055E+02   -.3061E+02   -.3068E+02   -.3077E+02   -.3086E+02   -.3097E+02   -.3110E+02   -.3123E+02   -.3133E+02   -.3137E+02   -.3124E+02   -.3081E+02   -.2971E+02   -.2786E+02   -.4396E+02   -.2126E+02   -.1267E+02   -.1280E+02   -.1108E+02   -.1066E+02   -.9678E+01   -.9083E+01   -.8400E+01   -.7858E+01   -.7325E+01   -.6863E+01   -.6438E+01   -.6067E+01   -.5728E+01   -.5433E+01   -.5157E+01   -.4925E+01   -.4727E+01   -.4554E+01   -.4364E+01   -.4227E+01   -.4057E+01   -.3884E+01   -.3768E+01   -.3632E+01   -.3503E+01   -.3401E+01   -.3314E+01   -.3201E+01   -.3111E+01   -.3038E+01   -.2944E+01   -.2866E+01   -.2806E+01   -.2742E+01   -.2667E+01   -.2601E+01   -.2546E+01   -.2498E+01   -.2448E+01
0.1195E+06   0.2367E+02   -.3000E+02   -.3000E+02   -.3000E+02   -.3000E+02   -.3000E+02   -.3000E+02   -.3000E+02   -.3000E+02   -.3001E+02   -.3001E+02   -.3001E+02   -.3001E+02   -.3001E+02   -.3001E+02   -.3001E+02   -.3001E+02   -.3001E+02   -.3001E+02   -.3001E+02   -.3001E+02   -.3001E+02   -.3001E+02   -.3001E+02   -.3001E+02   -.3002E+02   -.3002E+02   -.3002E+02   -.3002E+02   -.3002E+02   -.3002E+02   -.3002E+02   -.3003E+02   -.3003E+02   -.3003E+02   -.3003E+02   -.3003E+02   -.3004E+02   -.3004E+02   -.3004E+02   -.3004E+02   -.3005E+02   -.3005E+02   -.3005E+02   -.3006E+02   -.3006E+02   -.3006E+02   -.3007E+02   -.3007E+02   -.3008E+02   -.3008E+02   -.3009E+02   -.3010E+02   -.3010E+02   -.3011E+02   -.3012E+02   -.3013E+02   -.3014E+02   -.3015E+02   -.3016E+02   -.3017E+02   -.3019E+02   -.3020E+02   -.3022E+02   -.3024E+02   -.3026E+02   -.3028E+02   -.3030E+02   -.3035E+02   -.3038E+02   -.3041E+02   -.3045E+02   -.3050E+02   -.3055E+02   -.3061E+02   -.3069E+02   -.3077E+02   -.3087E+02   -.3098E+02   -.3110E+02   -.3123E+02   -.3133E+02   -.3138E+02   -.3124E+02   -.3081E+02   -.2971E+02   -.2787E+02   -.4396E+02   -.2126E+02   -.1267E+02   -.1280E+02   -.1108E+02   -.1066E+02   -.9678E+01   -.9083E+01   -.8400E+01   -.7858E+01   -.7325E+01   -.6862E+01   -.6438E+01   -.6067E+01   -.5728E+01   -.5432E+01   -.5157E+01   -.4925E+01   -.4727E+01   -.4553E+01   -.4364E+01   -.4227E+01   -.4059E+01   -.3882E+01   -.3771E+01   -.3642E+01   -.3505E+01   -.3401E+01   -.3295E+01   -.3209E+01   -.3113E+01   -.3023E+01   -.2952E+01   -.2868E+01   -.2793E+01   -.2733E+01   -.2676E+01   -.2599E+01   -.2550E+01   -.2492E+01   -.2435E+01   -.2384E+01
0.1195E+06   0.2400E+02   -.3000E+02   -.3000E+02   -.3000E+02   -.3000E+02   -.3000E+02   -.3000E+02   -.3000E+02   -.3001E+02   -.3001E+02   -.3001E+02   -.3001E+02   -.3001E+02   -.3001E+02   -.3001E+02   -.3001E+02   -.3001E+02   -.3001E+02   -.3001E+02   -.3001E+02   -.3001E+02   -.3001E+02   -.3001E+02   -.3001E+02   -.3002E+02   -.3002E+02   -.3002E+02   -.3002E+02   -.3002E+02   -.3002E+02   -.3002E+02   -.3003E+02   -.3003E+02   -.3003E+02   -.3003E+02   -.3003E+02   -.3004E+02   -.3004E+02   -.3004E+02   -.3004E+02   -.3005E+02   -.3005E+02   -.3005E+02   -.3006E+02   -.3006E+02   -.3006E+02   -.3007E+02   -.3007E+02   -.3008E+02   -.3008E+02   -.3009E+02   -.3010E+02   -.3010E+02   -.3011E+02   -.3012E+02   -.3013E+02   -.3014E+02   -.3015E+02   -.3016E+02   -.3017E+02   -.3019E+02   -.3020E+02   -.3022E+02   -.3024E+02   -.3026E+02   -.3028E+02   -.3030E+02   -.3033E+02   -.3038E+02   -.3042E+02   -.3045E+02   -.3050E+02   -.3055E+02   -.3062E+02   -.3069E+02   -.3077E+02   -.3087E+02   -.3098E+02   -.3110E+02   -.3123E+02   -.3134E+02   -.3138E+02   -.3124E+02   -.3081E+02   -.2971E+02   -.2787E+02   -.4396E+02   -.2126E+02   -.1267E+02   -.1280E+02   -.1108E+02   -.1066E+02   -.9678E+01   -.9083E+01   -.8400E+01   -.7857E+01   -.7325E+01   -.6862E+01   -.6437E+01   -.6067E+01   -.5727E+01   -.5432E+01   -.5157E+01   -.4924E+01   -.4727E+01   -.4553E+01   -.4363E+01   -.4227E+01   -.4057E+01   -.3879E+01   -.3770E+01   -.3641E+01   -.3513E+01   -.3401E+01   -.3290E+01   -.3209E+01   -.3117E+01   -.3029E+01   -.2943E+01   -.2861E+01   -.2800E+01   -.2747E+01   -.2665E+01   -.2592E+01   -.2540E+01   -.2496E+01   -.2454E+01   -.2379E+01   -.2328E+01
0.1195E+06   0.2433E+02   -.3000E+02   -.3000E+02   -.3000E+02   -.3000E+02   -.3000E+02   -.3000E+02   -.3001E+02   -.3001E+02   -.3001E+02   -.3001E+02   -.3001E+02   -.3001E+02   -.3001E+02   -.3001E+02   -.3001E+02   -.3001E+02   -.3001E+02   -.3001E+02   -.3001E+02   -.3001E+02   -.3001E+02   -.3001E+02   -.3002E+02   -.3002E+02   -.3002E+02   -.3002E+02   -.3002E+02   -.3002E+02   -.3002E+02   -.3003E+02   -.3003E+02   -.3003E+02   -.3003E+02   -.3003E+02   -.3004E+02   -.3004E+02   -.3004E+02   -.3004E+02   -.3005E+02   -.3005E+02   -.3005E+02   -.3006E+02   -.3006E+02   -.3006E+02   -.3007E+02   -.3007E+02   -.3008E+02   -.3008E+02   -.3009E+02   -.3010E+02   -.3010E+02   -.3011E+02   -.3012E+02   -.3013E+02   -.3014E+02   -.3015E+02   -.3016E+02   -.3017E+02   -.3019E+02   -.3020E+02   -.3022E+02   -.3024E+02   -.3026E+02   -.3028E+02   -.3030E+02   -.3033E+02   -.3036E+02   -.3042E+02   -.3046E+02   -.3050E+02   -.3056E+02   -.3062E+02   -.3069E+02   -.3077E+02   -.3087E+02   -.3098E+02   -.3110E+02   -.3123E+02   -.3134E+02   -.3138E+02   -.3124E+02   -.3082E+02   -.2971E+02   -.2787E+02   -.4396E+02   -.2127E+02   -.1267E+02   -.1280E+02   -.1108E+02   -.1066E+02   -.9677E+01   -.9082E+01   -.8399E+01   -.7857E+01   -.7325E+01   -.6862E+01   -.6437E+01   -.6067E+01   -.5727E+01   -.5432E+01   -.5157E+01   -.4924E+01   -.4727E+01   -.4552E+01   -.4362E+01   -.4224E+01   -.4055E+01   -.3876E+01   -.3767E+01   -.3633E+01   -.3513E+01   -.3403E+01   -.3293E+01   -.3195E+01   -.3099E+01   -.3026E+01   -.2960E+01   -.2873E+01   -.2785E+01   -.2730E+01   -.2676E+01   -.2607E+01   -.2532E+01   -.2485E+01   -.2446E+01   -.2385E+01   -.2330E+01   -.2293E+01
0.1195E+06   0.2467E+02   -.3000E+02   -.3000E+02   -.3000E+02   -.3000E+02   -.3000E+02   -.3000E+02   -.3001E+02   -.3001E+02   -.3001E+02   -.3001E+02   -.3001E+02   -.3001E+02   -.3001E+02   -.3001E+02   -.3001E+02   -.3001E+02   -.3001E+02   -.3001E+02   -.3001E+02   -.3001E+02   -.3001E+02   -.3002E+02   -.3002E+02   -.3002E+02   -.3002E+02   -.3002E+02   -.3002E+02   -.3002E+02   -.3003E+02   -.3003E+02   -.3003E+02   -.3003E+02   -.3003E+02   -.3004E+02   -.3004E+02   -.3004E+02   -.3004E+02   -.3005E+02   -.3005E+02   -.3005E+02   -.3006E+02   -.3006E+02   -.3007E+02   -.3007E+02   -.3007E+02   -.3008E+02   -.3009E+02   -.3009E+02   -.3010E+02   -.3010E+02   -.3011E+02   -.3012E+02   -.3013E+02   -.3014E+02   -.3015E+02   -.3016E+02   -.3017E+02   -.3019E+02   -.3020E+02   -.3022E+02   -.3024E+02   -.3026E+02   -.3028E+02   -.3030E+02   -.3033E+02   -.3036E+02   -.3040E+02   -.3046E+02   -.3051E+02   -.3056E+02   -.3062E+02   -.3069E+02   -.3078E+02   -.3087E+02   -.3098E+02   -.3110E+02   -.3123E+02   -.3134E+02   -.3138E+02   -.3125E+02   -.3082E+02   -.2971E+02   -.2787E+02   -.4396E+02   -.2127E+02   -.1267E+02   -.1280E+02   -.1108E+02   -.1066E+02   -.9677E+01   -.9082E+01   -.8399E+01   -.7857E+01   -.7324E+01   -.6862E+01   -.6436E+01   -.6066E+01   -.5727E+01   -.5431E+01   -.5156E+01   -.4924E+01   -.4727E+01   -.4552E+01   -.4362E+01   -.4224E+01   -.4054E+01   -.3876E+01   -.3768E+01   -.3633E+01   -.3507E+01   -.3404E+01   -.3293E+01   -.3193E+01   -.3100E+01   -.3022E+01   -.2955E+01   -.2872E+01   -.2791E+01   -.2726E+01   -.2672E+01   -.2606E+01   -.2548E+01   -.2486E+01   -.2432E+01   -.2392E+01   -.2335E+01   -.2293E+01   -.2268E+01
0.1195E+06   0.2500E+02   -.3000E+02   -.3000E+02   -.3000E+02   -.3000E+02   -.3000E+02   -.3001E+02   -.3001E+02   -.3001E+02   -.3001E+02   -.3001E+02   -.3001E+02   -.3001E+02   -.3001E+02   -.3001E+02   -.3001E+02   -.3001E+02   -.3001E+02   -.3001E+02   -.3001E+02   -.3002E+02   -.3002E+02   -.3002E+02   -.3002E+02   -.3002E+02   -.3002E+02   -.3002E+02   -.3002E+02   -.3003E+02   -.3003E+02   -.3003E+02   -.3003E+02   -.3003E+02   -.3004E+02   -.3004E+02   -.3004E+02   -.3004E+02   -.3005E+02   -.3005E+02   -.3005E+02   -.3006E+02   -.3006E+02   -.3007E+02   -.3007E+02   -.3007E+02   -.3008E+02   -.3009E+02   -.3009E+02   -.3010E+02   -.3010E+02   -.3011E+02   -.3012E+02   -.3013E+02   -.3014E+02   -.3015E+02   -.3016E+02   -.3017E+02   -.3019E+02   -.3020E+02   -.3022E+02   -.3024E+02   -.3026E+02   -.3028E+02   -.3030E+02   -.3033E+02   -.3036E+02   -.3040E+02   -.3044E+02   -.3052E+02   -.3056E+02   -.3062E+02   -.3070E+02   -.3078E+02   -.3088E+02   -.3099E+02   -.3111E+02   -.3124E+02   -.3134E+02   -.3138E+02   -.3125E+02   -.3082E+02   -.2972E+02   -.2788E+02   -.4397E+02   -.2127E+02   -.1267E+02   -.1280E+02   -.1108E+02   -.1066E+02   -.9676E+01   -.9081E+01   -.8398E+01   -.7856E+01   -.7323E+01   -.6861E+01   -.6436E+01   -.6066E+01   -.5726E+01   -.5431E+01   -.5156E+01   -.4924E+01   -.4727E+01   -.4552E+01   -.4363E+01   -.4223E+01   -.4054E+01   -.3876E+01   -.3766E+01   -.3631E+01   -.3505E+01   -.3405E+01   -.3288E+01   -.3196E+01   -.3100E+01   -.3029E+01   -.2946E+01   -.2870E+01   -.2786E+01   -.2730E+01   -.2677E+01   -.2608E+01   -.2535E+01   -.2486E+01   -.2445E+01   -.2398E+01   -.2333E+01   -.2304E+01   -.2277E+01   -.2216E+01
0.1195E+06   0.2533E+02   -.3000E+02   -.3000E+02   -.3000E+02   -.3000E+02   -.3001E+02   -.3001E+02   -.3001E+02   -.3001E+02   -.3001E+02   -.3001E+02   -.3001E+02   -.3001E+02   -.3001E+02   -.3001E+02   -.3001E+02   -.3001E+02   -.3001E+02   -.3001E+02   -.3002E+02   -.3002E+02   -.3002E+02   -.3002E+02   -.3002E+02   -.3002E+02   -.3002E+02   -.3002E+02   -.3003E+02   -.3003E+02   -.3003E+02   -.3003E+02   -.3003E+02   -.3004E+02   -.3004E+02   -.3004E+02   -.3004E+02   -.3005E+02   -.3005E+02   -.3005E+02   -.3006E+02   -.3006E+02   -.3007E+02   -.3007E+02   -.3007E+02   -.3008E+02   -.3009E+02   -.3009E+02   -.3010E+02   -.3010E+02   -.3011E+02   -.3012E+02   -.3013E+02   -.3014E+02   -.3015E+02   -.3016E+02   -.3017E+02   -.3019E+02   -.3020E+02   -.3022E+02   -.3024E+02   -.3026E+02   -.3028E+02   -.3030E+02   -.3033E+02   -.3036E+02   -.3040E+02   -.3044E+02   -.3049E+02   -.3057E+02   -.3063E+02   -.3070E+02   -.3078E+02   -.3088E+02   -.3099E+02   -.3111E+02   -.3124E+02   -.3135E+02   -.3139E+02   -.3125E+02   -.3082E+02   -.2972E+02   -.2788E+02   -.4397E+02   -.2127E+02   -.1267E+02   -.1280E+02   -.1108E+02   -.1066E+02   -.9676E+01   -.9081E+01   -.8397E+01   -.7855E+01   -.7323E+01   -.6860E+01   -.6435E+01   -.6065E+01   -.5726E+01   -.5430E+01   -.5156E+01   -.4923E+01   -.4727E+01   -.4551E+01   -.4361E+01   -.4222E+01   -.4055E+01   -.3872E+01   -.3762E+01   -.3655E+01   -.3497E+01   -.3388E+01   -.3300E+01   -.3195E+01   -.3112E+01   -.3012E+01   -.2942E+01   -.2877E+01   -.2797E+01   -.2722E+01   -.2659E+01   -.2604E+01   -.2548E+01   -.2493E+01   -.2430E+01   -.2384E+01   -.2348E+01   -.2310E+01   -.2266E+01   -.2218E+01   -.2192E+01
0.1195E+06   0.2567E+02   -.3000E+02   -.3000E+02   -.3000E+02   -.3000E+02   -.3001E+02   -.3001E+02   -.3001E+02   -.3001E+02   -.3001E+02   -.3001E+02   -.3001E+02   -.3001E+02   -.3001E+02   -.3001E+02   -.3001E+02   -.3001E+02   -.3001E+02   -.3002E+02   -.3002E+02   -.3002E+02   -.3002E+02   -.3002E+02   -.3002E+02   -.3002E+02   -.3002E+02   -.3003E+02   -.3003E+02   -.3003E+02   -.3003E+02   -.3003E+02   -.3004E+02   -.3004E+02   -.3004E+02   -.3004E+02   -.3005E+02   -.3005E+02   -.3005E+02   -.3006E+02   -.3006E+02   -.3007E+02   -.3007E+02   -.3007E+02   -.3008E+02   -.3009E+02   -.3009E+02   -.3010E+02   -.3010E+02   -.3011E+02   -.3012E+02   -.3013E+02   -.3014E+02   -.3015E+02   -.3016E+02   -.3017E+02   -.3019E+02   -.3020E+02   -.3022E+02   -.3024E+02   -.3026E+02   -.3028E+02   -.3030E+02   -.3033E+02   -.3036E+02   -.3040E+02   -.3044E+02   -.3049E+02   -.3054E+02   -.3064E+02   -.3071E+02   -.3079E+02   -.3088E+02   -.3099E+02   -.3112E+02   -.3124E+02   -.3135E+02   -.3139E+02   -.3126E+02   -.3083E+02   -.2972E+02   -.2788E+02   -.4398E+02   -.2127E+02   -.1267E+02   -.1279E+02   -.1108E+02   -.1066E+02   -.9674E+01   -.9080E+01   -.8396E+01   -.7854E+01   -.7322E+01   -.6860E+01   -.6434E+01   -.6065E+01   -.5725E+01   -.5429E+01   -.5155E+01   -.4922E+01   -.4726E+01   -.4549E+01   -.4357E+01   -.4221E+01   -.4053E+01   -.3872E+01   -.3757E+01   -.3652E+01   -.3494E+01   -.3383E+01   -.3296E+01   -.3213E+01   -.3100E+01   -.3010E+01   -.2942E+01   -.2880E+01   -.2797E+01   -.2717E+01   -.2654E+01   -.2607E+01   -.2560E+01   -.2478E+01   -.2421E+01   -.2380E+01   -.2350E+01   -.2314E+01   -.2258E+01   -.2224E+01   -.2193E+01   -.2158E+01
0.1195E+06   0.2600E+02   -.3000E+02   -.3000E+02   -.3000E+02   -.3001E+02   -.3001E+02   -.3001E+02   -.3001E+02   -.3001E+02   -.3001E+02   -.3001E+02   -.3001E+02   -.3001E+02   -.3001E+02   -.3001E+02   -.3001E+02   -.3001E+02   -.3002E+02   -.3002E+02   -.3002E+02   -.3002E+02   -.3002E+02   -.3002E+02   -.3002E+02   -.3002E+02   -.3003E+02   -.3003E+02   -.3003E+02   -.3003E+02   -.3003E+02   -.3004E+02   -.3004E+02   -.3004E+02   -.3004E+02   -.3005E+02   -.3005E+02   -.3005E+02   -.3006E+02   -.3006E+02   -.3007E+02   -.3007E+02   -.3008E+02   -.3008E+02   -.3009E+02   -.3009E+02   -.3010E+02   -.3010E+02   -.3011E+02   -.3012E+02   -.3013E+02   -.3014E+02   -.3015E+02   -.3016E+02   -.3017E+02   -.3019E+02   -.3020E+02   -.3022E+02   -.3023E+02   -.3026E+02   -.3028E+02   -.3030E+02   -.3033E+02   -.3036E+02   -.3040E+02   -.3044E+02   -.3049E+02   -.3054E+02   -.3060E+02   -.3072E+02   -.3079E+02   -.3089E+02   -.3100E+02   -.3112E+02   -.3125E+02   -.3136E+02   -.3140E+02   -.3126E+02   -.3083E+02   -.2973E+02   -.2789E+02   -.4398E+02   -.2127E+02   -.1267E+02   -.1279E+02   -.1108E+02   -.1066E+02   -.9673E+01   -.9078E+01   -.8395E+01   -.7854E+01   -.7321E+01   -.6859E+01   -.6434E+01   -.6064E+01   -.5725E+01   -.5429E+01   -.5154E+01   -.4921E+01   -.4725E+01   -.4548E+01   -.4354E+01   -.4218E+01   -.4054E+01   -.3871E+01   -.3756E+01   -.3655E+01   -.3497E+01   -.3375E+01   -.3286E+01   -.3206E+01   -.3106E+01   -.3005E+01   -.2925E+01   -.2864E+01   -.2808E+01   -.2725E+01   -.2649E+01   -.2590E+01   -.2545E+01   -.2498E+01   -.2423E+01   -.2376E+01   -.2345E+01   -.2317E+01   -.2263E+01   -.2219E+01   -.2192E+01   -.2152E+01   -.2116E+01
0.1195E+06   0.2633E+02   -.3000E+02   -.3000E+02   -.3000E+02   -.3001E+02   -.3001E+02   -.3001E+02   -.3001E+02   -.3001E+02   -.3001E+02   -.3001E+02   -.3001E+02   -.3001E+02   -.3001E+02   -.3001E+02   -.3001E+02   -.3002E+02   -.3002E+02   -.3002E+02   -.3002E+02   -.3002E+02   -.3002E+02   -.3002E+02   -.3002E+02   -.3003E+02   -.3003E+02   -.3003E+02   -.3003E+02   -.3003E+02   -.3004E+02   -.3004E+02   -.3004E+02   -.3004E+02   -.3005E+02   -.3005E+02   -.3005E+02   -.3006E+02   -.3006E+02   -.3007E+02   -.3007E+02   -.3008E+02   -.3008E+02   -.3009E+02   -.3009E+02   -.3010E+02   -.3011E+02   -.3011E+02   -.3012E+02   -.3013E+02   -.3014E+02   -.3015E+02   -.3016E+02   -.3017E+02   -.3019E+02   -.3020E+02   -.3022E+02   -.3024E+02   -.3026E+02   -.3028E+02   -.3030E+02   -.3033E+02   -.3036E+02   -.3040E+02   -.3044E+02   -.3049E+02   -.3054E+02   -.3061E+02   -.3068E+02   -.3081E+02   -.3090E+02   -.3101E+02   -.3113E+02   -.3125E+02   -.3136E+02   -.3140E+02   -.3127E+02   -.3084E+02   -.2974E+02   -.2790E+02   -.4399E+02   -.2128E+02   -.1267E+02   -.1279E+02   -.1108E+02   -.1066E+02   -.9671E+01   -.9076E+01   -.8393E+01   -.7852E+01   -.7319E+01   -.6858E+01   -.6432E+01   -.6063E+01   -.5724E+01   -.5428E+01   -.5153E+01   -.4920E+01   -.4723E+01   -.4548E+01   -.4352E+01   -.4216E+01   -.4045E+01   -.3876E+01   -.3762E+01   -.3624E+01   -.3499E+01   -.3389E+01   -.3296E+01   -.3187E+01   -.3096E+01   -.3009E+01   -.2940E+01   -.2862E+01   -.2792E+01   -.2719E+01   -.2655E+01   -.2604E+01   -.2539E+01   -.2476E+01   -.2431E+01   -.2400E+01   -.2355E+01   -.2296E+01   -.2255E+01   -.2229E+01   -.2191E+01   -.2155E+01   -.2121E+01   -.2090E+01
0.1195E+06   0.2667E+02   -.3000E+02   -.3000E+02   -.3001E+02   -.3001E+02   -.3001E+02   -.3001E+02   -.3001E+02   -.3001E+02   -.3001E+02   -.3001E+02   -.3001E+02   -.3001E+02   -.3001E+02   -.3001E+02   -.3002E+02   -.3002E+02   -.3002E+02   -.3002E+02   -.3002E+02   -.3002E+02   -.3002E+02   -.3002E+02   -.3003E+02   -.3003E+02   -.3003E+02   -.3003E+02   -.3003E+02   -.3004E+02   -.3004E+02   -.3004E+02   -.3004E+02   -.3005E+02   -.3005E+02   -.3005E+02   -.3006E+02   -.3006E+02   -.3007E+02   -.3007E+02   -.3008E+02   -.3008E+02   -.3009E+02   -.3009E+02   -.3010E+02   -.3011E+02   -.3011E+02   -.3012E+02   -.3013E+02   -.3014E+02   -.3015E+02   -.3016E+02   -.3017E+02   -.3019E+02   -.3020E+02   -.3022E+02   -.3024E+02   -.3026E+02   -.3028E+02   -.3030E+02   -.3033E+02   -.3036E+02   -.3040E+02   -.3044E+02   -.3049E+02   -.3054E+02   -.3061E+02   -.3068E+02   -.3076E+02   -.3091E+02   -.3101E+02   -.3114E+02   -.3126E+02   -.3137E+02   -.3141E+02   -.3128E+02   -.3085E+02   -.2974E+02   -.2790E+02   -.4399E+02   -.2128E+02   -.1267E+02   -.1279E+02   -.1107E+02   -.1066E+02   -.9670E+01   -.9075E+01   -.8392E+01   -.7851E+01   -.7318E+01   -.6857E+01   -.6431E+01   -.6063E+01   -.5724E+01   -.5427E+01   -.5152E+01   -.4918E+01   -.4720E+01   -.4547E+01   -.4342E+01   -.4204E+01   -.4050E+01   -.3886E+01   -.3749E+01   -.3626E+01   -.3518E+01   -.3392E+01   -.3287E+01   -.3194E+01   -.3110E+01   -.3018E+01   -.2942E+01   -.2868E+01   -.2787E+01   -.2729E+01   -.2668E+01   -.2592E+01   -.2534E+01   -.2482E+01   -.2447E+01   -.2390E+01   -.2345E+01   -.2310E+01   -.2266E+01   -.2223E+01   -.2194E+01   -.2161E+01   -.2119E+01   -.2086E+01   -.2061E+01
0.1195E+06   0.2700E+02   -.3000E+02   -.3000E+02   -.3001E+02   -.3001E+02   -.3001E+02   -.3001E+02   -.3001E+02   -.3001E+02   -.3001E+02   -.3001E+02   -.3001E+02   -.3001E+02   -.3001E+02   -.3002E+02   -.3002E+02   -.3002E+02   -.3002E+02   -.3002E+02   -.3002E+02   -.3002E+02   -.3002E+02   -.3003E+02   -.3003E+02   -.3003E+02   -.3003E+02   -.3003E+02   -.3004E+02   -.3004E+02   -.3004E+02   -.3004E+02   -.3005E+02   -.3005E+02   -.3005E+02   -.3006E+02   -.3006E+02   -.3007E+02   -.3007E+02   -.3008E+02   -.3008E+02   -.3009E+02   -.3009E+02   -.3010E+02   -.3011E+02   -.3011E+02   -.3012E+02   -.3013E+02   -.3014E+02   -.3015E+02   -.3016E+02   -.3017E+02   -.3019E+02   -.3020E+02   -.3022E+02   -.3024E+02   -.3026E+02   -.3028E+02   -.3030E+02   -.3033E+02   -.3036E+02   -.3040E+02   -.3044E+02   -.3049E+02   -.3054E+02   -.3061E+02   -.3068E+02   -.3076E+02   -.3086E+02   -.3103E+02   -.3115E+02   -.3127E+02   -.3138E+02   -.3142E+02   -.3129E+02   -.3086E+02   -.2975E+02   -.2792E+02   -.4400E+02   -.2128E+02   -.1267E+02   -.1279E+02   -.1107E+02   -.1065E+02   -.9666E+01   -.9071E+01   -.8389E+01   -.7848E+01   -.7315E+01   -.6855E+01   -.6430E+01   -.6062E+01   -.5723E+01   -.5425E+01   -.5152E+01   -.4914E+01   -.4718E+01   -.4544E+01   -.4338E+01   -.4194E+01   -.4059E+01   -.3873E+01   -.3739E+01   -.3627E+01   -.3506E+01   -.3383E+01   -.3292E+01   -.3204E+01   -.3085E+01   -.3007E+01   -.2947E+01   -.2868E+01   -.2777E+01   -.2706E+01   -.2654E+01   -.2599E+01   -.2536E+01   -.2482E+01   -.2445E+01   -.2398E+01   -.2348E+01   -.2303E+01   -.2268E+01   -.2240E+01   -.2193E+01   -.2152E+01   -.2128E+01   -.2096E+01   -.2062E+01   -.2034E+01
0.1195E+06   0.2733E+02   -.3000E+02   -.3000E+02   -.3001E+02   -.3001E+02   -.3001E+02   -.3001E+02   -.3001E+02   -.3001E+02   -.3001E+02   -.3001E+02   -.3001E+02   -.3001E+02   -.3002E+02   -.3002E+02   -.3002E+02   -.3002E+02   -.3002E+02   -.3002E+02   -.3002E+02   -.3002E+02   -.3003E+02   -.3003E+02   -.3003E+02   -.3003E+02   -.3003E+02   -.3004E+02   -.3004E+02   -.3004E+02   -.3005E+02   -.3005E+02   -.3005E+02   -.3005E+02   -.3006E+02   -.3006E+02   -.3007E+02   -.3007E+02   -.3008E+02   -.3008E+02   -.3009E+02   -.3009E+02   -.3010E+02   -.3011E+02   -.3011E+02   -.3012E+02   -.3013E+02   -.3014E+02   -.3015E+02   -.3016E+02   -.3017E+02   -.3019E+02   -.3020E+02   -.3022E+02   -.3024E+02   -.3026E+02   -.3028E+02   -.3030E+02   -.3033E+02   -.3036E+02   -.3040E+02   -.3044E+02   -.3049E+02   -.3054E+02   -.3061E+02   -.3068E+02   -.3076E+02   -.3086E+02   -.3097E+02   -.3116E+02   -.3128E+02   -.3139E+02   -.3143E+02   -.3130E+02   -.3087E+02   -.2977E+02   -.2793E+02   -.4401E+02   -.2129E+02   -.1267E+02   -.1279E+02   -.1107E+02   -.1065E+02   -.9663E+01   -.9067E+01   -.8386E+01   -.7845E+01   -.7313E+01   -.6853E+01   -.6429E+01   -.6061E+01   -.5721E+01   -.5425E+01   -.5151E+01   -.4912E+01   -.4714E+01   -.4541E+01   -.4333E+01   -.4185E+01   -.4052E+01   -.3869E+01   -.3745E+01   -.3631E+01   -.3492E+01   -.3386E+01   -.3266E+01   -.3181E+01   -.3108E+01   -.2997E+01   -.2928E+01   -.2858E+01   -.2794E+01   -.2716E+01   -.2646E+01   -.2602E+01   -.2548E+01   -.2498E+01   -.2449E+01   -.2400E+01   -.2351E+01   -.2310E+01   -.2272E+01   -.2236E+01   -.2195E+01   -.2153E+01   -.2124E+01   -.2101E+01   -.2072E+01   -.2034E+01   -.2007E+01
0.1195E+06   0.2767E+02   -.3000E+02   -.3001E+02   -.3001E+02   -.3001E+02   -.3001E+02   -.3001E+02   -.3001E+02   -.3001E+02   -.3001E+02   -.3001E+02   -.3001E+02   -.3001E+02   -.3002E+02   -.3002E+02   -.3002E+02   -.3002E+02   -.3002E+02   -.3002E+02   -.3002E+02   -.3003E+02   -.3003E+02   -.3003E+02   -.3003E+02   -.3003E+02   -.3004E+02   -.3004E+02   -.3004E+02   -.3005E+02   -.3005E+02   -.3005E+02   -.3005E+02   -.3006E+02   -.3006E+02   -.3007E+02   -.3007E+02   -.3008E+02   -.3008E+02   -.3009E+02   -.3009E+02   -.3010E+02   -.3011E+02   -.3011E+02   -.3012E+02   -.3013E+02   -.3014E+02   -.3015E+02   -.3016E+02   -.3017E+02   -.3019E+02   -.3020E+02   -.3022E+02   -.3024E+02   -.3026E+02   -.3028E+02   -.3030E+02   -.3033E+02   -.3036E+02   -.3040E+02   -.3044E+02   -.3049E+02   -.3054E+02   -.3061E+02   -.3068E+02   -.3076E+02   -.3086E+02   -.3097E+02   -.3109E+02   -.3131E+02   -.3141E+02   -.3145E+02   -.3132E+02   -.3089E+02   -.2979E+02   -.2795E+02   -.4403E+02   -.2130E+02   -.1267E+02   -.1279E+02   -.1107E+02   -.1065E+02   -.9662E+01   -.9065E+01   -.8385E+01   -.7844E+01   -.7313E+01   -.6852E+01   -.6429E+01   -.6061E+01   -.5722E+01   -.5425E+01   -.5154E+01   -.4910E+01   -.4714E+01   -.4538E+01   -.4328E+01   -.4178E+01   -.4046E+01   -.3892E+01   -.3734E+01   -.3627E+01   -.3508E+01   -.3386E+01   -.3274E+01   -.3185E+01   -.3101E+01   -.3012E+01   -.2920E+01   -.2855E+01   -.2801E+01   -.2708E+01   -.2646E+01   -.2603E+01   -.2565E+01   -.2495E+01   -.2442E+01   -.2406E+01   -.2363E+01   -.2321E+01   -.2274E+01   -.2231E+01   -.2201E+01   -.2169E+01   -.2135E+01   -.2099E+01   -.2070E+01   -.2046E+01   -.2017E+01   -.1993E+01
0.1195E+06   0.2800E+02   -.3000E+02   -.3001E+02   -.3001E+02   -.3001E+02   -.3001E+02   -.3001E+02   -.3001E+02   -.3001E+02   -.3001E+02   -.3001E+02   -.3001E+02   -.3002E+02   -.3002E+02   -.3002E+02   -.3002E+02   -.3002E+02   -.3002E+02   -.3002E+02   -.3003E+02   -.3003E+02   -.3003E+02   -.3003E+02   -.3003E+02   -.3004E+02   -.3004E+02   -.3004E+02   -.3005E+02   -.3005E+02   -.3005E+02   -.3005E+02   -.3006E+02   -.3006E+02   -.3007E+02   -.3007E+02   -.3008E+02   -.3008E+02   -.3009E+02   -.3009E+02   -.3010E+02   -.3011E+02   -.3011E+02   -.3012E+02   -.3013E+02   -.3014E+02   -.3015E+02   -.3016E+02   -.3017E+02   -.3019E+02   -.3020E+02   -.3022E+02   -.3024E+02   -.3026E+02   -.3028E+02   -.3030E+02   -.3033E+02   -.3036E+02   -.3040E+02   -.3044E+02   -.3049E+02   -.3054E+02   -.3061E+02   -.3068E+02   -.3076E+02   -.3086E+02   -.3097E+02   -.3109E+02   -.3121E+02   -.3143E+02   -.3147E+02   -.3134E+02   -.3091E+02   -.2981E+02   -.2798E+02   -.4405E+02   -.2131E+02   -.1270E+02   -.1281E+02   -.1110E+02   -.1067E+02   -.9687E+01   -.9089E+01   -.8413E+01   -.7869E+01   -.7344E+01   -.6881E+01   -.6460E+01   -.6091E+01   -.5752E+01   -.5456E+01   -.5185E+01   -.4938E+01   -.4726E+01   -.4553E+01   -.4387E+01   -.4181E+01   -.4049E+01   -.3927E+01   -.3745E+01   -.3625E+01   -.3525E+01   -.3408E+01   -.3285E+01   -.3196E+01   -.3120E+01   -.3052E+01   -.2941E+01   -.2868E+01   -.2810E+01   -.2754E+01   -.2685E+01   -.2627E+01   -.2592E+01   -.2534E+01   -.2467E+01   -.2430E+01   -.2385E+01   -.2346E+01   -.2301E+01   -.2266E+01   -.2226E+01   -.2189E+01   -.2167E+01   -.2136E+01   -.2091E+01   -.2062E+01   -.2040E+01   -.2021E+01   -.1988E+01
0.1195E+06   0.2833E+02   -.3000E+02   -.3001E+02   -.3001E+02   -.3001E+02   -.3001E+02   -.3001E+02   -.3001E+02   -.3001E+02   -.3001E+02   -.3001E+02   -.3002E+02   -.3002E+02   -.3002E+02   -.3002E+02   -.3002E+02   -.3002E+02   -.3002E+02   -.3003E+02   -.3003E+02   -.3003E+02   -.3003E+02   -.3003E+02   -.3004E+02   -.3004E+02   -.3004E+02   -.3005E+02   -.3005E+02   -.3005E+02   -.3006E+02   -.3006E+02   -.3006E+02   -.3007E+02   -.3007E+02   -.3008E+02   -.3008E+02   -.3009E+02   -.3009E+02   -.3010E+02   -.3011E+02   -.3011E+02   -.3012E+02   -.3013E+02   -.3014E+02   -.3015E+02   -.3016E+02   -.3017E+02   -.3019E+02   -.3020E+02   -.3022E+02   -.3024E+02   -.3026E+02   -.3028E+02   -.3030E+02   -.3033E+02   -.3036E+02   -.3040E+02   -.3044E+02   -.3049E+02   -.3054E+02   -.3061E+02   -.3068E+02   -.3076E+02   -.3086E+02   -.3097E+02   -.3109E+02   -.3121E+02   -.3132E+02   -.3151E+02   -.3138E+02   -.3095E+02   -.2984E+02   -.2801E+02   -.4408E+02   -.2131E+02   -.1271E+02   -.1282E+02   -.1110E+02   -.1068E+02   -.9694E+01   -.9098E+01   -.8426E+01   -.7888E+01   -.7361E+01   -.6902E+01   -.6482E+01   -.6117E+01   -.5779E+01   -.5483E+01   -.5212E+01   -.4965E+01   -.4744E+01   -.4550E+01   -.4385E+01   -.4222E+01   -.4045E+01   -.3919E+01   -.3802E+01   -.3652E+01   -.3534E+01   -.3418E+01   -.3332E+01   -.3245E+01   -.3138E+01   -.3058E+01   -.2974E+01   -.2909E+01   -.2846E+01   -.2790E+01   -.2746E+01   -.2665E+01   -.2609E+01   -.2562E+01   -.2512E+01   -.2470E+01   -.2419E+01   -.2378E+01   -.2346E+01   -.2304E+01   -.2267E+01   -.2228E+01   -.2197E+01   -.2169E+01   -.2145E+01   -.2107E+01   -.2083E+01   -.2058E+01   -.2027E+01   -.2006E+01
0.1195E+06   0.2867E+02   -.3001E+02   -.3001E+02   -.3001E+02   -.3001E+02   -.3001E+02   -.3001E+02   -.3001E+02   -.3001E+02   -.3001E+02   -.3002E+02   -.3002E+02   -.3002E+02   -.3002E+02   -.3002E+02   -.3002E+02   -.3002E+02   -.3003E+02   -.3003E+02   -.3003E+02   -.3003E+02   -.3003E+02   -.3004E+02   -.3004E+02   -.3004E+02   -.3005E+02   -.3005E+02   -.3005E+02   -.3006E+02   -.3006E+02   -.3006E+02   -.3007E+02   -.3007E+02   -.3008E+02   -.3008E+02   -.3009E+02   -.3009E+02   -.3010E+02   -.3011E+02   -.3011E+02   -.3012E+02   -.3013E+02   -.3014E+02   -.3015E+02   -.3016E+02   -.3017E+02   -.3019E+02   -.3020E+02   -.3022E+02   -.3024E+02   -.3026E+02   -.3028E+02   -.3030E+02   -.3033E+02   -.3036E+02   -.3040E+02   -.3044E+02   -.3049E+02   -.3054E+02   -.3061E+02   -.3068E+02   -.3076E+02   -.3086E+02   -.3097E+02   -.3109E+02   -.3121E+02   -.3132E+02   -.3135E+02   -.3138E+02   -.3097E+02   -.2989E+02   -.2807E+02   -.4410E+02   -.2131E+02   -.1271E+02   -.1282E+02   -.1111E+02   -.1069E+02   -.9702E+01   -.9105E+01   -.8436E+01   -.7906E+01   -.7384E+01   -.6923E+01   -.6513E+01   -.6144E+01   -.5814E+01   -.5515E+01   -.5252E+01   -.5008E+01   -.4787E+01   -.4576E+01   -.4385E+01   -.4235E+01   -.4085E+01   -.3919E+01   -.3783E+01   -.3677E+01   -.3579E+01   -.3439E+01   -.3347E+01   -.3274E+01   -.3156E+01   -.3077E+01   -.3025E+01   -.2960E+01   -.2882E+01   -.2817E+01   -.2756E+01   -.2715E+01   -.2665E+01   -.2602E+01   -.2550E+01   -.2511E+01   -.2476E+01   -.2428E+01   -.2386E+01   -.2349E+01   -.2316E+01   -.2276E+01   -.2250E+01   -.2225E+01   -.2186E+01   -.2158E+01   -.2138E+01   -.2111E+01   -.2084E+01   -.2062E+01   -.2034E+01
0.1195E+06   0.2900E+02   -.3001E+02   -.3001E+02   -.3001E+02   -.3001E+02   -.3001E+02   -.3001E+02   -.3001E+02   -.3001E+02   -.3001E+02   -.3002E+02   -.3002E+02   -.3002E+02   -.3002E+02   -.3002E+02   -.3002E+02   -.3003E+02   -.3003E+02   -.3003E+02   -.3003E+02   -.3003E+02   -.3004E+02   -.3004E+02   -.3004E+02   -.3005E+02   -.3005E+02   -.3005E+02   -.3006E+02   -.3006E+02   -.3006E+02   -.3007E+02   -.3007E+02   -.3008E+02   -.3008E+02   -.3009E+02   -.3009E+02   -.3010E+02   -.3011E+02   -.3011E+02   -.3012E+02   -.3013E+02   -.3014E+02   -.3015E+02   -.3016E+02   -.3017E+02   -.3019E+02   -.3020E+02   -.3022E+02   -.3024E+02   -.3026E+02   -.3028E+02   -.3030E+02   -.3033E+02   -.3036E+02   -.3040E+02   -.3044E+02   -.3049E+02   -.3054E+02   -.3060E+02   -.3068E+02   -.3076E+02   -.3086E+02   -.3097E+02   -.3109E+02   -.3121E+02   -.3131E+02   -.3134E+02   -.3122E+02   -.3102E+02   -.3005E+02   -.2813E+02   -.4414E+02   -.2128E+02   -.1269E+02   -.1278E+02   -.1107E+02   -.1064E+02   -.9659E+01   -.9064E+01   -.8401E+01   -.7900E+01   -.7392E+01   -.6958E+01   -.6548E+01   -.6189E+01   -.5856E+01   -.5570E+01   -.5301E+01   -.5066E+01   -.4841E+01   -.4640E+01   -.4451E+01   -.4270E+01   -.4100E+01   -.3958E+01   -.3834E+01   -.3714E+01   -.3574E+01   -.3463E+01   -.3370E+01   -.3263E+01   -.3200E+01   -.3147E+01   -.3079E+01   -.2978E+01   -.2930E+01   -.2886E+01   -.2833E+01   -.2751E+01   -.2707E+01   -.2672E+01   -.2618E+01   -.2563E+01   -.2528E+01   -.2487E+01   -.2446E+01   -.2411E+01   -.2381E+01   -.2350E+01   -.2312E+01   -.2286E+01   -.2262E+01   -.2223E+01   -.2200E+01   -.2178E+01   -.2156E+01   -.2136E+01   -.2106E+01   -.2084E+01
0.1195E+06   0.2933E+02   -.3001E+02   -.3001E+02   -.3001E+02   -.3001E+02   -.3001E+02   -.3001E+02   -.3001E+02   -.3001E+02   -.3002E+02   -.3002E+02   -.3002E+02   -.3002E+02   -.3002E+02   -.3002E+02   -.3003E+02   -.3003E+02   -.3003E+02   -.3003E+02   -.3003E+02   -.3004E+02   -.3004E+02   -.3004E+02   -.3005E+02   -.3005E+02   -.3005E+02   -.3006E+02   -.3006E+02   -.3006E+02   -.3007E+02   -.3007E+02   -.3008E+02   -.3008E+02   -.3009E+02   -.3009E+02   -.3010E+02   -.3011E+02   -.3011E+02   -.3012E+02   -.3013E+02   -.3014E+02   -.3015E+02   -.3016E+02   -.3017E+02   -.3019E+02   -.3020E+02   -.3022E+02   -.3024E+02   -.3026E+02   -.3028E+02   -.3030E+02   -.3033E+02   -.3036E+02   -.3040E+02   -.3044E+02   -.3049E+02   -.3054E+02   -.3060E+02   -.3068E+02   -.3076E+02   -.3086E+02   -.3097E+02   -.3109E+02   -.3121E+02   -.3131E+02   -.3133E+02   -.3120E+02   -.3077E+02   -.3020E+02   -.2834E+02   -.4411E+02   -.2152E+02   -.1288E+02   -.1299E+02   -.1127E+02   -.1084E+02   -.9852E+01   -.9251E+01   -.8583E+01   -.8070E+01   -.7585E+01   -.7148E+01   -.6757E+01   -.6395E+01   -.6078E+01   -.5779E+01   -.5515E+01   -.5269E+01   -.5051E+01   -.4841E+01   -.4647E+01   -.4463E+01   -.4293E+01   -.4143E+01   -.3990E+01   -.3862E+01   -.3724E+01   -.3610E+01   -.3499E+01   -.3402E+01   -.3304E+01   -.3210E+01   -.3129E+01   -.3046E+01   -.2967E+01   -.2906E+01   -.2847E+01   -.2784E+01   -.2720E+01   -.2670E+01   -.2609E+01   -.2559E+01   -.2515E+01   -.2459E+01   -.2424E+01   -.2392E+01   -.2347E+01   -.2307E+01   -.2273E+01   -.2245E+01   -.2209E+01   -.2181E+01   -.2157E+01   -.2127E+01   -.2101E+01   -.2074E+01   -.2053E+01   -.2033E+01   -.2001E+01
0.1195E+06   0.2967E+02   -.3001E+02   -.3001E+02   -.3001E+02   -.3001E+02   -.3001E+02   -.3001E+02   -.3001E+02   -.3001E+02   -.3002E+02   -.3002E+02   -.3002E+02   -.3002E+02   -.3002E+02   -.3003E+02   -.3003E+02   -.3003E+02   -.3003E+02   -.3003E+02   -.3004E+02   -.3004E+02   -.3004E+02   -.3004E+02   -.3005E+02   -.3005E+02   -.3005E+02   -.3006E+02   -.3006E+02   -.3007E+02   -.3007E+02   -.3008E+02   -.3008E+02   -.3009E+02   -.3009E+02   -.3010E+02   -.3011E+02   -.3011E+02   -.3012E+02   -.3013E+02   -.3014E+02   -.3015E+02   -.3016E+02   -.3017E+02   -.3019E+02   -.3020E+02   -.3022E+02   -.3024E+02   -.3026E+02   -.3028E+02   -.3030E+02   -.3033E+02   -.3036E+02   -.3040E+02   -.3044E+02   -.3049E+02   -.3054E+02   -.3060E+02   -.3068E+02   -.3076E+02   -.3086E+02   -.3097E+02   -.3109E+02   -.3121E+02   -.3130E+02   -.3133E+02   -.3118E+02   -.3074E+02   -.2987E+02   -.3043E+02   -.4362E+02   -.2025E+02   -.1222E+02   -.1190E+02   -.1020E+02   -.9773E+01   -.8790E+01   -.8195E+01   -.7535E+01   -.7029E+01   -.6543E+01   -.6136E+01   -.5753E+01   -.5414E+01   -.5105E+01   -.4832E+01   -.4585E+01   -.4354E+01   -.4142E+01   -.3942E+01   -.3754E+01   -.3570E+01   -.3408E+01   -.3250E+01   -.3117E+01   -.2981E+01   -.2866E+01   -.2752E+01   -.2649E+01   -.2549E+01   -.2460E+01   -.2374E+01   -.2295E+01   -.2219E+01   -.2142E+01   -.2074E+01   -.2009E+01   -.1947E+01   -.1886E+01   -.1827E+01   -.1774E+01   -.1721E+01   -.1670E+01   -.1624E+01   -.1576E+01   -.1534E+01   -.1496E+01   -.1453E+01   -.1418E+01   -.1382E+01   -.1346E+01   -.1315E+01   -.1281E+01   -.1249E+01   -.1221E+01   -.1193E+01   -.1165E+01   -.1140E+01   -.1114E+01   -.1092E+01
0.1195E+06   0.3000E+02   -.3001E+02   -.3001E+02   -.3001E+02   -.3001E+02   -.3001E+02   -.3001E+02   -.3001E+02   -.3002E+02   -.3002E+02   -.3002E+02   -.3002E+02   -.3002E+02   -.3003E+02   -.3003E+02   -.3003E+02   -.3003E+02   -.3003E+02   -.3004E+02   -.3004E+02   -.3004E+02   -.3005E+02   -.3005E+02   -.3005E+02   -.3006E+02   -.3006E+02   -.3006E+02   -.3007E+02   -.3007E+02   -.3008E+02   -.3008E+02   -.3009E+02   -.3009E+02   -.3010E+02   -.3011E+02   -.3011E+02   -.3012E+02   -.3013E+02   -.3014E+02   -.3015E+02   -.3016E+02   -.3017E+02   -.3019E+02   -.3020E+02   -.3022E+02   -.3024E+02   -.3026E+02   -.3028E+02   -.3030E+02   -.3033E+02   -.3036E+02   -.3040E+02   -.3044E+02   -.3049E+02   -.3054E+02   -.3060E+02   -.3068E+02   -.3076E+02   -.3086E+02   -.3097E+02   -.3109E+02   -.3121E+02   -.3130E+02   -.3132E+02   -.3119E+02   -.3078E+02   -.3022E+02   -.2842E+02   -.3560E+02   -.1880E+02   -.7608E+01   -.9256E+01   -.7724E+01   -.7741E+01   -.6950E+01   -.6548E+01   -.5995E+01   -.5574E+01   -.5194E+01   -.4954E+01   -.4672E+01   -.4412E+01   -.4228E+01   -.3981E+01   -.3827E+01   -.3623E+01   -.3488E+01   -.3306E+01   -.3189E+01   -.3060E+01   -.2915E+01   -.2805E+01   -.2705E+01   -.2589E+01   -.2509E+01   -.2420E+01   -.2325E+01   -.2257E+01   -.2183E+01   -.2116E+01   -.2061E+01   -.1976E+01   -.1929E+01   -.1887E+01   -.1825E+01   -.1764E+01   -.1728E+01   -.1685E+01   -.1641E+01   -.1584E+01   -.1552E+01   -.1523E+01   -.1483E+01   -.1437E+01   -.1408E+01   -.1384E+01   -.1350E+01   -.1314E+01   -.1287E+01   -.1271E+01   -.1260E+01   -.1224E+01   -.1199E+01   -.1185E+01   -.1173E+01   -.1140E+01   -.1121E+01   -.1110E+01   -.1087E+01
0.9753E+05   0.3033E+02   -.3001E+02   -.3001E+02   -.3001E+02   -.3001E+02   -.3001E+02   -.3002E+02   -.3002E+02   -.3002E+02   -.3002E+02   -.3002E+02   -.3002E+02   -.3003E+02   -.3003E+02   -.3003E+02   -.3003E+02   -.3004E+02   -.3004E+02   -.3004E+02   -.3004E+02   -.3005E+02   -.3005E+02   -.3005E+02   -.3006E+02   -.3006E+02   -.3006E+02   -.3007E+02   -.3007E+02   -.3008E+02   -.3008E+02   -.3009E+02   -.3009E+02   -.3010E+02   -.3011E+02   -.3012E+02   -.3012E+02   -.3013E+02   -.3014E+02   -.3015E+02   -.3016E+02   -.3018E+02   -.3019E+02   -.3020E+02   -.3022E+02   -.3024E+02   -.3026E+02   -.3028E+02   -.3030E+02   -.3033E+02   -.3036E+02   -.3040E+02   -.3044E+02   -.3049E+02   -.3054E+02   -.3060E+02   -.3067E+02   -.3076E+02   -.3085E+02   -.3096E+02   -.3108E+02   -.3120E+02   -.3130E+02   -.3133E+02   -.3121E+02   -.3081E+02   -.3023E+02   -.3127E+02   -.6051E+02   -.8939E+01   -.2203E+02   -.9884E+01   -.1115E+02   -.9833E+01   -.9483E+01   -.8856E+01   -.8376E+01   -.7890E+01   -.7481E+01   -.7107E+01   -.6772E+01   -.6436E+01   -.6152E+01   -.5893E+01   -.5646E+01   -.5427E+01   -.5217E+01   -.5042E+01   -.4860E+01   -.4714E+01   -.4547E+01   -.4416E+01   -.4292E+01   -.4172E+01   -.4062E+01   -.3953E+01   -.3852E+01   -.3767E+01   -.3673E+01   -.3598E+01   -.3520E+01   -.3445E+01   -.3378E+01   -.3312E+01   -.3247E+01   -.3183E+01   -.3132E+01   -.3069E+01   -.3015E+01   -.2970E+01   -.2917E+01   -.2873E+01   -.2827E+01   -.2784E+01   -.2752E+01   -.2712E+01   -.2682E+01   -.2640E+01   -.2612E+01   -.2582E+01   -.2553E+01   -.2518E+01   -.2490E+01   -.2468E+01   -.2443E+01   -.2417E+01   -.2392E+01   -.2369E+01   -.2345E+01   -.2325E+01
0.9768E+05   0.3050E+02   -.3001E+02   -.3001E+02   -.3001E+02   -.3001E+02   -.3001E+02   -.3001E+02   -.3002E+02   -.3002E+02   -.3002E+02   -.3002E+02   -.3002E+02   -.3003E+02   -.3003E+02   -.3003E+02   -.3003E+02   -.3003E+02   -.3004E+02   -.3004E+02   -.3004E+02   -.3005E+02   -.3005E+02   -.3005E+02   -.3006E+02   -.3006E+02   -.3006E+02   -.3007E+02   -.3007E+02   -.3008E+02   -.3008E+02   -.3009E+02   -.3010E+02   -.3010E+02   -.3011E+02   -.3012E+02   -.3013E+02   -.3014E+02   -.3015E+02   -.3016E+02   -.3017E+02   -.3018E+02   -.3019E+02   -.3021E+02   -.3023E+02   -.3025E+02   -.3027E+02   -.3029E+02   -.3032E+02   -.3035E+02   -.3038E+02   -.3042E+02   -.3046E+02   -.3051E+02   -.3057E+02   -.3063E+02   -.3071E+02   -.3080E+02   -.3090E+02   -.3101E+02   -.3114E+02   -.3125E+02   -.3132E+02   -.3129E+02   -.3104E+02   -.3047E+02   -.3003E+02   -.3283E+02   -.1699E+02   -.3267E+01   -.4563E+01   -.5105E+01   -.5312E+01   -.5351E+01   -.5243E+01   -.5082E+01   -.4877E+01   -.4661E+01   -.4449E+01   -.4248E+01   -.4058E+01   -.3876E+01   -.3706E+01   -.3549E+01   -.3402E+01   -.3258E+01   -.3129E+01   -.3003E+01   -.2878E+01   -.2767E+01   -.2659E+01   -.2556E+01   -.2463E+01   -.2375E+01   -.2292E+01   -.2217E+01   -.2137E+01   -.2069E+01   -.2005E+01   -.1945E+01   -.1891E+01   -.1837E+01   -.1782E+01   -.1737E+01   -.1687E+01   -.1637E+01   -.1597E+01   -.1554E+01   -.1509E+01   -.1471E+01   -.1434E+01   -.1396E+01   -.1360E+01   -.1327E+01   -.1297E+01   -.1264E+01   -.1238E+01   -.1211E+01   -.1187E+01   -.1163E+01   -.1136E+01   -.1113E+01   -.1093E+01   -.1071E+01   -.1049E+01   -.1029E+01   -.1013E+01   -.9910E+00   -.9734E+00   -.9592E+00
0.9767E+05   0.3067E+02   -.3001E+02   -.3001E+02   -.3001E+02   -.3001E+02   -.3001E+02   -.3001E+02   -.3002E+02   -.3002E+02   -.3002E+02   -.3002E+02   -.3002E+02   -.3003E+02   -.3003E+02   -.3003E+02   -.3003E+02   -.3004E+02   -.3004E+02   -.3004E+02   -.3004E+02   -.3005E+02   -.3005E+02   -.3005E+02   -.3006E+02   -.3006E+02   -.3007E+02   -.3007E+02   -.3008E+02   -.3008E+02   -.3009E+02   -.3009E+02   -.3010E+02   -.3011E+02   -.3011E+02   -.3012E+02   -.3013E+02   -.3014E+02   -.3015E+02   -.3016E+02   -.3017E+02   -.3019E+02   -.3020E+02   -.3022E+02   -.3024E+02   -.3026E+02   -.3028E+02   -.3030E+02   -.3033E+02   -.3036E+02   -.3040E+02   -.3044E+02   -.3049E+02   -.3054E+02   -.3060E+02   -.3067E+02   -.3075E+02   -.3085E+02   -.3095E+02   -.3107E+02   -.3119E+02   -.3128E+02   -.3130E+02   -.3116E+02   -.3073E+02   -.3004E+02   -.3072E+02   -.6906E+02   -.1267E+02   -.3118E+01   -.3866E+01   -.4262E+01   -.4415E+01   -.4407E+01   -.4322E+01   -.4196E+01   -.4054E+01   -.3895E+01   -.3749E+01   -.3596E+01   -.3469E+01   -.3346E+01   -.3221E+01   -.3107E+01   -.2991E+01   -.2885E+01   -.2787E+01   -.2685E+01   -.2598E+01   -.2509E+01   -.2420E+01   -.2352E+01   -.2265E+01   -.2199E+01   -.2126E+01   -.2059E+01   -.1990E+01   -.1933E+01   -.1875E+01   -.1823E+01   -.1768E+01   -.1715E+01   -.1670E+01   -.1620E+01   -.1577E+01   -.1536E+01   -.1492E+01   -.1459E+01   -.1419E+01   -.1382E+01   -.1346E+01   -.1310E+01   -.1281E+01   -.1253E+01   -.1223E+01   -.1198E+01   -.1170E+01   -.1144E+01   -.1118E+01   -.1098E+01   -.1075E+01   -.1052E+01   -.1032E+01   -.1014E+01   -.9924E+00   -.9765E+00   -.9584E+00   -.9400E+00   -.9236E+00   -.9100E+00
0.9785E+05   0.3083E+02   -.3001E+02   -.3001E+02   -.3001E+02   -.3001E+02   -.3001E+02   -.3001E+02   -.3002E+02   -.3002E+02   -.3002E+02   -.3002E+02   -.3002E+02   -.3003E+02   -.3003E+02   -.3003E+02   -.3003E+02   -.3004E+02   -.3004E+02   -.3004E+02   -.3005E+02   -.3005E+02   -.3005E+02   -.3006E+02   -.3006E+02   -.3006E+02   -.3007E+02   -.3007E+02   -.3008E+02   -.3008E+02   -.3009E+02   -.3010E+02   -.3010E+02   -.3011E+02   -.3012E+02   -.3013E+02   -.3014E+02   -.3015E+02   -.3016E+02   -.3017E+02   -.3018E+02   -.3019E+02   -.3021E+02   -.3023E+02   -.3025E+02   -.3027E+02   -.3029E+02   -.3032E+02   -.3035E+02   -.3038E+02   -.3042E+02   -.3046E+02   -.3051E+02   -.3057E+02   -.3063E+02   -.3071E+02   -.3080E+02   -.3090E+02   -.3101E+02   -.3113E+02   -.3124E+02   -.3130E+02   -.3125E+02   -.3098E+02   -.3039E+02   -.2990E+02   -.3244E+02   -.1582E+02   -.1422E+02   -.3759E+01   -.4446E+01   -.4794E+01   -.4869E+01   -.4812E+01   -.4687E+01   -.4530E+01   -.4363E+01   -.4194E+01   -.4032E+01   -.3886E+01   -.3748E+01   -.3615E+01   -.3476E+01   -.3356E+01   -.3245E+01   -.3142E+01   -.3038E+01   -.2930E+01   -.2844E+01   -.2752E+01   -.2664E+01   -.2587E+01   -.2505E+01   -.2426E+01   -.2357E+01   -.2293E+01   -.2223E+01   -.2158E+01   -.2102E+01   -.2047E+01   -.1995E+01   -.1949E+01   -.1892E+01   -.1847E+01   -.1804E+01   -.1763E+01   -.1719E+01   -.1676E+01   -.1641E+01   -.1606E+01   -.1573E+01   -.1537E+01   -.1508E+01   -.1480E+01   -.1451E+01   -.1422E+01   -.1394E+01   -.1369E+01   -.1345E+01   -.1321E+01   -.1298E+01   -.1276E+01   -.1255E+01   -.1235E+01   -.1215E+01   -.1196E+01   -.1179E+01   -.1162E+01   -.1145E+01   -.1128E+01
0.9784E+05   0.3100E+02   -.3001E+02   -.3001E+02   -.3001E+02   -.3001E+02   -.3001E+02   -.3002E+02   -.3002E+02   -.3002E+02   -.3002E+02   -.3002E+02   -.3003E+02   -.3003E+02   -.3003E+02   -.3003E+02   -.3004E+02   -.3004E+02   -.3004E+02   -.3004E+02   -.3005E+02   -.3005E+02   -.3005E+02   -.3006E+02   -.3006E+02   -.3007E+02   -.3007E+02   -.3008E+02   -.3008E+02   -.3009E+02   -.3009E+02   -.3010E+02   -.3011E+02   -.3011E+02   -.3012E+02   -.3013E+02   -.3014E+02   -.3015E+02   -.3016E+02   -.3017E+02   -.3019E+02   -.3020E+02   -.3022E+02   -.3024E+02   -.3026E+02   -.3028E+02   -.3030E+02   -.3033E+02   -.3036E+02   -.3040E+02   -.3044E+02   -.3048E+02   -.3054E+02   -.3060E+02   -.3067E+02   -.3075E+02   -.3085E+02   -.3095E+02   -.3107E+02   -.3119E+02   -.3128E+02   -.3130E+02   -.3116E+02   -.3073E+02   -.3004E+02   -.3066E+02   -.6739E+02   -.1289E+02   -.1205E+02   -.3483E+01   -.3841E+01   -.4057E+01   -.4097E+01   -.4032E+01   -.3917E+01   -.3795E+01   -.3669E+01   -.3533E+01   -.3396E+01   -.3275E+01   -.3155E+01   -.3042E+01   -.2924E+01   -.2828E+01   -.2734E+01   -.2651E+01   -.2559E+01   -.2479E+01   -.2399E+01   -.2322E+01   -.2247E+01   -.2183E+01   -.2110E+01   -.2051E+01   -.1983E+01   -.1931E+01   -.1870E+01   -.1814E+01   -.1767E+01   -.1714E+01   -.1666E+01   -.1624E+01   -.1575E+01   -.1537E+01   -.1501E+01   -.1457E+01   -.1425E+01   -.1388E+01   -.1356E+01   -.1322E+01   -.1291E+01   -.1266E+01   -.1236E+01   -.1213E+01   -.1188E+01   -.1162E+01   -.1139E+01   -.1118E+01   -.1096E+01   -.1073E+01   -.1053E+01   -.1036E+01   -.1017E+01   -.9976E+00   -.9802E+00   -.9639E+00   -.9498E+00   -.9340E+00   -.9192E+00   -.9058E+00
0.9793E+05   0.3117E+02   -.3001E+02   -.3001E+02   -.3001E+02   -.3001E+02   -.3001E+02   -.3002E+02   -.3002E+02   -.3002E+02   -.3002E+02   -.3002E+02   -.3003E+02   -.3003E+02   -.3003E+02   -.3003E+02   -.3004E+02   -.3004E+02   -.3004E+02   -.3005E+02   -.3005E+02   -.3005E+02   -.3006E+02   -.3006E+02   -.3006E+02   -.3007E+02   -.3007E+02   -.3008E+02   -.3008E+02   -.3009E+02   -.3010E+02   -.3010E+02   -.3011E+02   -.3012E+02   -.3013E+02   -.3014E+02   -.3015E+02   -.3016E+02   -.3017E+02   -.3018E+02   -.3019E+02   -.3021E+02   -.3023E+02   -.3025E+02   -.3027E+02   -.3029E+02   -.3032E+02   -.3035E+02   -.3038E+02   -.3042E+02   -.3046E+02   -.3051E+02   -.3057E+02   -.3063E+02   -.3071E+02   -.3080E+02   -.3090E+02   -.3101E+02   -.3113E+02   -.3125E+02   -.3131E+02   -.3127E+02   -.3100E+02   -.3040E+02   -.2993E+02   -.3259E+02   -.1580E+02   -.1400E+02   -.1295E+02   -.3887E+01   -.4122E+01   -.4226E+01   -.4205E+01   -.4111E+01   -.3979E+01   -.3826E+01   -.3691E+01   -.3549E+01   -.3403E+01   -.3276E+01   -.3151E+01   -.3037E+01   -.2928E+01   -.2824E+01   -.2723E+01   -.2633E+01   -.2543E+01   -.2466E+01   -.2382E+01   -.2306E+01   -.2226E+01   -.2157E+01   -.2088E+01   -.2025E+01   -.1958E+01   -.1903E+01   -.1848E+01   -.1798E+01   -.1750E+01   -.1703E+01   -.1660E+01   -.1610E+01   -.1571E+01   -.1528E+01   -.1490E+01   -.1452E+01   -.1418E+01   -.1384E+01   -.1349E+01   -.1318E+01   -.1288E+01   -.1261E+01   -.1235E+01   -.1206E+01   -.1183E+01   -.1159E+01   -.1137E+01   -.1116E+01   -.1093E+01   -.1073E+01   -.1051E+01   -.1033E+01   -.1015E+01   -.9961E+00   -.9796E+00   -.9623E+00   -.9472E+00   -.9308E+00   -.9174E+00   -.9033E+00
0.9793E+05   0.3133E+02   -.3001E+02   -.3001E+02   -.3001E+02   -.3001E+02   -.3001E+02   -.3002E+02   -.3002E+02   -.3002E+02   -.3002E+02   -.3002E+02   -.3003E+02   -.3003E+02   -.3003E+02   -.3003E+02   -.3004E+02   -.3004E+02   -.3004E+02   -.3005E+02   -.3005E+02   -.3005E+02   -.3006E+02   -.3006E+02   -.3007E+02   -.3007E+02   -.3008E+02   -.3008E+02   -.3009E+02   -.3009E+02   -.3010E+02   -.3011E+02   -.3011E+02   -.3012E+02   -.3013E+02   -.3014E+02   -.3015E+02   -.3016E+02   -.3017E+02   -.3019E+02   -.3020E+02   -.3022E+02   -.3024E+02   -.3026E+02   -.3028E+02   -.3030E+02   -.3033E+02   -.3036E+02   -.3040E+02   -.3044E+02   -.3049E+02   -.3054E+02   -.3060E+02   -.3067E+02   -.3075E+02   -.3085E+02   -.3096E+02   -.3107E+02   -.3119E+02   -.3129E+02   -.3131E+02   -.3116E+02   -.3073E+02   -.3004E+02   -.3070E+02   -.6737E+02   -.1268E+02   -.1194E+02   -.1098E+02   -.3592E+01   -.3721E+01   -.3788E+01   -.3755E+01   -.3672E+01   -.3565E+01   -.3443E+01   -.3321E+01   -.3195E+01   -.3086E+01   -.2996E+01   -.2889E+01   -.2789E+01   -.2694E+01   -.2608E+01   -.2521E+01   -.2446E+01   -.2358E+01   -.2293E+01   -.2226E+01   -.2150E+01   -.2080E+01   -.2021E+01   -.1957E+01   -.1897E+01   -.1838E+01   -.1784E+01   -.1733E+01   -.1683E+01   -.1636E+01   -.1596E+01   -.1550E+01   -.1509E+01   -.1475E+01   -.1434E+01   -.1394E+01   -.1365E+01   -.1331E+01   -.1295E+01   -.1268E+01   -.1240E+01   -.1212E+01   -.1187E+01   -.1157E+01   -.1134E+01   -.1109E+01   -.1085E+01   -.1064E+01   -.1044E+01   -.1023E+01   -.1003E+01   -.9835E+00   -.9654E+00   -.9473E+00   -.9318E+00   -.9150E+00   -.8992E+00   -.8843E+00   -.8694E+00   -.8581E+00   -.8434E+00
0.9801E+05   0.3150E+02   -.3001E+02   -.3001E+02   -.3001E+02   -.3001E+02   -.3001E+02   -.3002E+02   -.3002E+02   -.3002E+02   -.3002E+02   -.3003E+02   -.3003E+02   -.3003E+02   -.3003E+02   -.3004E+02   -.3004E+02   -.3004E+02   -.3004E+02   -.3005E+02   -.3005E+02   -.3006E+02   -.3006E+02   -.3006E+02   -.3007E+02   -.3007E+02   -.3008E+02   -.3008E+02   -.3009E+02   -.3010E+02   -.3010E+02   -.3011E+02   -.3012E+02   -.3013E+02   -.3014E+02   -.3015E+02   -.3016E+02   -.3017E+02   -.3018E+02   -.3019E+02   -.3021E+02   -.3023E+02   -.3025E+02   -.3027E+02   -.3029E+02   -.3032E+02   -.3035E+02   -.3038E+02   -.3042E+02   -.3046E+02   -.3051E+02   -.3057E+02   -.3063E+02   -.3071E+02   -.3080E+02   -.3090E+02   -.3101E+02   -.3113E+02   -.3125E+02   -.3132E+02   -.3127E+02   -.3099E+02   -.3040E+02   -.2993E+02   -.3266E+02   -.1585E+02   -.1413E+02   -.1304E+02   -.1172E+02   -.3832E+01   -.3945E+01   -.3966E+01   -.3896E+01   -.3781E+01   -.3638E+01   -.3494E+01   -.3351E+01   -.3217E+01   -.3088E+01   -.2971E+01   -.2855E+01   -.2753E+01   -.2653E+01   -.2559E+01   -.2461E+01   -.2381E+01   -.2294E+01   -.2217E+01   -.2153E+01   -.2080E+01   -.2019E+01   -.1961E+01   -.1890E+01   -.1834E+01   -.1783E+01   -.1725E+01   -.1674E+01   -.1632E+01   -.1582E+01   -.1545E+01   -.1500E+01   -.1458E+01   -.1426E+01   -.1386E+01   -.1350E+01   -.1315E+01   -.1284E+01   -.1258E+01   -.1225E+01   -.1198E+01   -.1173E+01   -.1147E+01   -.1121E+01   -.1095E+01   -.1076E+01   -.1054E+01   -.1030E+01   -.1009E+01   -.9919E+00   -.9726E+00   -.9528E+00   -.9344E+00   -.9184E+00   -.9017E+00   -.8852E+00   -.8737E+00   -.8593E+00   -.8433E+00   -.8310E+00   -.8174E+00
0.8205E+05   0.3167E+02   -.3001E+02   -.3001E+02   -.3001E+02   -.3001E+02   -.3001E+02   -.3002E+02   -.3002E+02   -.3002E+02   -.3002E+02   -.3003E+02   -.3003E+02   -.3003E+02   -.3003E+02   -.3004E+02   -.3004E+02   -.3004E+02   -.3005E+02   -.3005E+02   -.3005E+02   -.3006E+02   -.3006E+02   -.3007E+02   -.3007E+02   -.3008E+02   -.3008E+02   -.3009E+02   -.3009E+02   -.3010E+02   -.3011E+02   -.3011E+02   -.3012E+02   -.3013E+02   -.3014E+02   -.3015E+02   -.3016E+02   -.3017E+02   -.3019E+02   -.3020E+02   -.3022E+02   -.3024E+02   -.3026E+02   -.3028E+02   -.3030E+02   -.3033E+02   -.3036E+02   -.3040E+02   -.3044E+02   -.3049E+02   -.3054E+02   -.3060E+02   -.3067E+02   -.3075E+02   -.3085E+02   -.3096E+02   -.3108E+02   -.3120E+02   -.3130E+02   -.3132E+02   -.3118E+02   -.3074E+02   -.3005E+02   -.3073E+02   -.6821E+02   -.1273E+02   -.1173E+02   -.1080E+02   -.9782E+01   -.3555E+01   -.3540E+01   -.3527E+01   -.3448E+01   -.3341E+01   -.3219E+01   -.3094E+01   -.2964E+01   -.2844E+01   -.2730E+01   -.2628E+01   -.2535E+01   -.2437E+01   -.2349E+01   -.2262E+01   -.2180E+01   -.2107E+01   -.2038E+01   -.1969E+01   -.1906E+01   -.1841E+01   -.1781E+01   -.1724E+01   -.1664E+01   -.1609E+01   -.1564E+01   -.1512E+01   -.1466E+01   -.1419E+01   -.1382E+01   -.1339E+01   -.1298E+01   -.1265E+01   -.1230E+01   -.1199E+01   -.1165E+01   -.1134E+01   -.1103E+01   -.1072E+01   -.1047E+01   -.1025E+01   -.9991E+00   -.9731E+00   -.9514E+00   -.9271E+00   -.9067E+00   -.8889E+00   -.8644E+00   -.8471E+00   -.8315E+00   -.8128E+00   -.7954E+00   -.7777E+00   -.7637E+00   -.7512E+00   -.7336E+00   -.7224E+00   -.7077E+00   -.6962E+00   -.6821E+00   -.6685E+00
0.8216E+05   0.3183E+02   -.3001E+02   -.3001E+02   -.3001E+02   -.3001E+02   -.3002E+02   -.3002E+02   -.3002E+02   -.3002E+02   -.3002E+02   -.3003E+02   -.3003E+02   -.3003E+02   -.3003E+02   -.3004E+02   -.3004E+02   -.3004E+02   -.3005E+02   -.3005E+02   -.3005E+02   -.3006E+02   -.3006E+02   -.3007E+02   -.3007E+02   -.3008E+02   -.3008E+02   -.3009E+02   -.3010E+02   -.3010E+02   -.3011E+02   -.3012E+02   -.3013E+02   -.3014E+02   -.3015E+02   -.3016E+02   -.3017E+02   -.3018E+02   -.3019E+02   -.3021E+02   -.3023E+02   -.3025E+02   -.3027E+02   -.3029E+02   -.3032E+02   -.3035E+02   -.3038E+02   -.3042E+02   -.3046E+02   -.3051E+02   -.3057E+02   -.3063E+02   -.3071E+02   -.3080E+02   -.3090E+02   -.3102E+02   -.3114E+02   -.3125E+02   -.3133E+02   -.3128E+02   -.3100E+02   -.3039E+02   -.2992E+02   -.3266E+02   -.1524E+02   -.1351E+02   -.1249E+02   -.1127E+02   -.1010E+02   -.3787E+01   -.3700E+01   -.3668E+01   -.3570E+01   -.3455E+01   -.3318E+01   -.3191E+01   -.3058E+01   -.2942E+01   -.2828E+01   -.2719E+01   -.2612E+01   -.2515E+01   -.2419E+01   -.2335E+01   -.2248E+01   -.2178E+01   -.2105E+01   -.2040E+01   -.1968E+01   -.1908E+01   -.1855E+01   -.1794E+01   -.1742E+01   -.1679E+01   -.1637E+01   -.1589E+01   -.1544E+01   -.1499E+01   -.1462E+01   -.1426E+01   -.1385E+01   -.1347E+01   -.1313E+01   -.1284E+01   -.1252E+01   -.1217E+01   -.1193E+01   -.1164E+01   -.1141E+01   -.1120E+01   -.1090E+01   -.1067E+01   -.1047E+01   -.1023E+01   -.9998E+00   -.9827E+00   -.9634E+00   -.9446E+00   -.9307E+00   -.9141E+00   -.8936E+00   -.8814E+00   -.8629E+00   -.8491E+00   -.8327E+00   -.8189E+00   -.8070E+00   -.7916E+00   -.7809E+00   -.7678E+00
0.8210E+05   0.3200E+02   -.3001E+02   -.3001E+02   -.3001E+02   -.3001E+02   -.3002E+02   -.3002E+02   -.3002E+02   -.3002E+02   -.3002E+02   -.3003E+02   -.3003E+02   -.3003E+02   -.3004E+02   -.3004E+02   -.3004E+02   -.3005E+02   -.3005E+02   -.3005E+02   -.3006E+02   -.3006E+02   -.3007E+02   -.3007E+02   -.3008E+02   -.3008E+02   -.3009E+02   -.3009E+02   -.3010E+02   -.3011E+02   -.3011E+02   -.3012E+02   -.3013E+02   -.3014E+02   -.3015E+02   -.3016E+02   -.3017E+02   -.3019E+02   -.3020E+02   -.3022E+02   -.3024E+02   -.3026E+02   -.3028E+02   -.3030E+02   -.3033E+02   -.3036E+02   -.3040E+02   -.3044E+02   -.3049E+02   -.3054E+02   -.3060E+02   -.3067E+02   -.3075E+02   -.3085E+02   -.3096E+02   -.3108E+02   -.3120E+02   -.3130E+02   -.3133E+02   -.3119E+02   -.3074E+02   -.3004E+02   -.3070E+02   -.6800E+02   -.1267E+02   -.1200E+02   -.1105E+02   -.1005E+02   -.9058E+01   -.3626E+01   -.3568E+01   -.3516E+01   -.3421E+01   -.3309E+01   -.3187E+01   -.3073E+01   -.2966E+01   -.2859E+01   -.2753E+01   -.2651E+01   -.2559E+01   -.2467E+01   -.2381E+01   -.2296E+01   -.2218E+01   -.2147E+01   -.2085E+01   -.2014E+01   -.1952E+01   -.1897E+01   -.1847E+01   -.1797E+01   -.1742E+01   -.1698E+01   -.1648E+01   -.1607E+01   -.1563E+01   -.1522E+01   -.1485E+01   -.1443E+01   -.1407E+01   -.1374E+01   -.1340E+01   -.1308E+01   -.1278E+01   -.1246E+01   -.1221E+01   -.1189E+01   -.1166E+01   -.1141E+01   -.1116E+01   -.1093E+01   -.1073E+01   -.1054E+01   -.1030E+01   -.1013E+01   -.9959E+00   -.9763E+00   -.9577E+00   -.9401E+00   -.9258E+00   -.9091E+00   -.8938E+00   -.8790E+00   -.8637E+00   -.8505E+00   -.8357E+00   -.8252E+00   -.8103E+00   -.7986E+00
0.8316E+05   0.3217E+02   -.3001E+02   -.3001E+02   -.3001E+02   -.3001E+02   -.3002E+02   -.3002E+02   -.3002E+02   -.3002E+02   -.3003E+02   -.3003E+02   -.3003E+02   -.3003E+02   -.3004E+02   -.3004E+02   -.3004E+02   -.3005E+02   -.3005E+02   -.3005E+02   -.3006E+02   -.3006E+02   -.3007E+02   -.3007E+02   -.3008E+02   -.3008E+02   -.3009E+02   -.3010E+02   -.3010E+02   -.3011E+02   -.3012E+02   -.3013E+02   -.3014E+02   -.3015E+02   -.3016E+02   -.3017E+02   -.3018E+02   -.3019E+02   -.3021E+02   -.3023E+02   -.3025E+02   -.3027E+02   -.3029E+02   -.3032E+02   -.3035E+02   -.3038E+02   -.3042E+02   -.3046E+02   -.3051E+02   -.3057E+02   -.3063E+02   -.3071E+02   -.3080E+02   -.3090E+02   -.3102E+02   -.3114E+02   -.3126E+02   -.3133E+02   -.3131E+02   -.3102E+02   -.3041E+02   -.2994E+02   -.3263E+02   -.1573E+02   -.1409E+02   -.1302E+02   -.1176E+02   -.1060E+02   -.9542E+01   -.3984E+01   -.3933E+01   -.3847E+01   -.3731E+01   -.3601E+01   -.3470E+01   -.3341E+01   -.3212E+01   -.3092E+01   -.2974E+01   -.2864E+01   -.2757E+01   -.2657E+01   -.2561E+01   -.2468E+01   -.2384E+01   -.2315E+01   -.2243E+01   -.2173E+01   -.2105E+01   -.2040E+01   -.1978E+01   -.1920E+01   -.1865E+01   -.1809E+01   -.1760E+01   -.1715E+01   -.1667E+01   -.1627E+01   -.1589E+01   -.1546E+01   -.1509E+01   -.1477E+01   -.1445E+01   -.1410E+01   -.1374E+01   -.1344E+01   -.1318E+01   -.1287E+01   -.1258E+01   -.1233E+01   -.1208E+01   -.1183E+01   -.1163E+01   -.1138E+01   -.1116E+01   -.1096E+01   -.1077E+01   -.1058E+01   -.1042E+01   -.1021E+01   -.1005E+01   -.9876E+00   -.9722E+00   -.9608E+00   -.9448E+00   -.9302E+00   -.9182E+00   -.9077E+00   -.8912E+00   -.8823E+00
0.8311E+05   0.3233E+02   -.3001E+02   -.3001E+02   -.3001E+02   -.3001E+02   -.3002E+02   -.3002E+02   -.3002E+02   -.3002E+02   -.3003E+02   -.3003E+02   -.3003E+02   -.3003E+02   -.3004E+02   -.3004E+02   -.3004E+02   -.3005E+02   -.3005E+02   -.3006E+02   -.3006E+02   -.3006E+02   -.3007E+02   -.3007E+02   -.3008E+02   -.3009E+02   -.3009E+02   -.3010E+02   -.3011E+02   -.3011E+02   -.3012E+02   -.3013E+02   -.3014E+02   -.3015E+02   -.3016E+02   -.3017E+02   -.3019E+02   -.3020E+02   -.3022E+02   -.3024E+02   -.3026E+02   -.3028E+02   -.3030E+02   -.3033E+02   -.3036E+02   -.3040E+02   -.3044E+02   -.3049E+02   -.3054E+02   -.3060E+02   -.3067E+02   -.3075E+02   -.3085E+02   -.3096E+02   -.3108E+02   -.3120E+02   -.3130E+02   -.3134E+02   -.3121E+02   -.3073E+02   -.3003E+02   -.3073E+02   -.6790E+02   -.1270E+02   -.1222E+02   -.1125E+02   -.1021E+02   -.9204E+01   -.8295E+01   -.3535E+01   -.3446E+01   -.3371E+01   -.3261E+01   -.3146E+01   -.3027E+01   -.2908E+01   -.2792E+01   -.2684E+01   -.2583E+01   -.2491E+01   -.2407E+01   -.2327E+01   -.2253E+01   -.2169E+01   -.2105E+01   -.2050E+01   -.1986E+01   -.1920E+01   -.1870E+01   -.1814E+01   -.1757E+01   -.1698E+01   -.1654E+01   -.1614E+01   -.1563E+01   -.1524E+01   -.1477E+01   -.1443E+01   -.1413E+01   -.1369E+01   -.1338E+01   -.1304E+01   -.1273E+01   -.1247E+01   -.1216E+01   -.1183E+01   -.1164E+01   -.1137E+01   -.1113E+01   -.1089E+01   -.1070E+01   -.1046E+01   -.1023E+01   -.1007E+01   -.9872E+00   -.9687E+00   -.9515E+00   -.9360E+00   -.9187E+00   -.9033E+00   -.8902E+00   -.8719E+00   -.8602E+00   -.8458E+00   -.8327E+00   -.8222E+00   -.8061E+00   -.7967E+00   -.7868E+00   -.7747E+00
0.8424E+05   0.3250E+02   -.3001E+02   -.3001E+02   -.3001E+02   -.3001E+02   -.3002E+02   -.3002E+02   -.3002E+02   -.3002E+02   -.3003E+02   -.3003E+02   -.3003E+02   -.3004E+02   -.3004E+02   -.3004E+02   -.3005E+02   -.3005E+02   -.3005E+02   -.3006E+02   -.3006E+02   -.3007E+02   -.3007E+02   -.3008E+02   -.3008E+02   -.3009E+02   -.3010E+02   -.3010E+02   -.3011E+02   -.3012E+02   -.3013E+02   -.3013E+02   -.3014E+02   -.3016E+02   -.3017E+02   -.3018E+02   -.3019E+02   -.3021E+02   -.3023E+02   -.3025E+02   -.3027E+02   -.3029E+02   -.3032E+02   -.3035E+02   -.3038E+02   -.3042E+02   -.3046E+02   -.3051E+02   -.3057E+02   -.3063E+02   -.3071E+02   -.3080E+02   -.3090E+02   -.3101E+02   -.3114E+02   -.3125E+02   -.3133E+02   -.3130E+02   -.3104E+02   -.3032E+02   -.2989E+02   -.3282E+02   -.1542E+02   -.1383E+02   -.1280E+02   -.1159E+02   -.1045E+02   -.9432E+01   -.8533E+01   -.3923E+01   -.3815E+01   -.3721E+01   -.3612E+01   -.3485E+01   -.3371E+01   -.3254E+01   -.3135E+01   -.3025E+01   -.2921E+01   -.2818E+01   -.2721E+01   -.2635E+01   -.2552E+01   -.2468E+01   -.2394E+01   -.2320E+01   -.2242E+01   -.2181E+01   -.2118E+01   -.2061E+01   -.2007E+01   -.1952E+01   -.1901E+01   -.1855E+01   -.1806E+01   -.1765E+01   -.1715E+01   -.1675E+01   -.1634E+01   -.1597E+01   -.1561E+01   -.1527E+01   -.1496E+01   -.1471E+01   -.1438E+01   -.1404E+01   -.1380E+01   -.1354E+01   -.1321E+01   -.1301E+01   -.1277E+01   -.1255E+01   -.1234E+01   -.1210E+01   -.1189E+01   -.1171E+01   -.1151E+01   -.1131E+01   -.1115E+01   -.1098E+01   -.1081E+01   -.1063E+01   -.1049E+01   -.1035E+01   -.1020E+01   -.1007E+01   -.9950E+00   -.9796E+00   -.9691E+00   -.9569E+00
0.8351E+05   0.3267E+02   -.3001E+02   -.3001E+02   -.3001E+02   -.3002E+02   -.3002E+02   -.3002E+02   -.3002E+02   -.3003E+02   -.3003E+02   -.3003E+02   -.3003E+02   -.3004E+02   -.3004E+02   -.3004E+02   -.3005E+02   -.3005E+02   -.3006E+02   -.3006E+02   -.3006E+02   -.3007E+02   -.3007E+02   -.3008E+02   -.3009E+02   -.3009E+02   -.3010E+02   -.3011E+02   -.3011E+02   -.3012E+02   -.3013E+02   -.3014E+02   -.3015E+02   -.3016E+02   -.3017E+02   -.3019E+02   -.3020E+02   -.3022E+02   -.3024E+02   -.3026E+02   -.3028E+02   -.3030E+02   -.3033E+02   -.3036E+02   -.3040E+02   -.3044E+02   -.3049E+02   -.3054E+02   -.3060E+02   -.3067E+02   -.3075E+02   -.3085E+02   -.3096E+02   -.3108E+02   -.3120E+02   -.3131E+02   -.3134E+02   -.3121E+02   -.3079E+02   -.2981E+02   -.3068E+02   -.6904E+02   -.1260E+02   -.1191E+02   -.1098E+02   -.9972E+01   -.8991E+01   -.8106E+01   -.7328E+01   -.3470E+01   -.3335E+01   -.3232E+01   -.3136E+01   -.3034E+01   -.2929E+01   -.2827E+01   -.2732E+01   -.2634E+01   -.2545E+01   -.2457E+01   -.2378E+01   -.2305E+01   -.2241E+01   -.2171E+01   -.2103E+01   -.2043E+01   -.1985E+01   -.1931E+01   -.1874E+01   -.1821E+01   -.1778E+01   -.1727E+01   -.1677E+01   -.1640E+01   -.1592E+01   -.1554E+01   -.1512E+01   -.1479E+01   -.1441E+01   -.1409E+01   -.1378E+01   -.1341E+01   -.1316E+01   -.1289E+01   -.1256E+01   -.1230E+01   -.1206E+01   -.1183E+01   -.1161E+01   -.1135E+01   -.1115E+01   -.1093E+01   -.1076E+01   -.1055E+01   -.1036E+01   -.1019E+01   -.1002E+01   -.9846E+00   -.9707E+00   -.9604E+00   -.9401E+00   -.9294E+00   -.9151E+00   -.9016E+00   -.8893E+00   -.8774E+00   -.8659E+00   -.8558E+00   -.8419E+00   -.8346E+00
0.8355E+05   0.3283E+02   -.3001E+02   -.3001E+02   -.3001E+02   -.3002E+02   -.3002E+02   -.3002E+02   -.3002E+02   -.3003E+02   -.3003E+02   -.3003E+02   -.3004E+02   -.3004E+02   -.3004E+02   -.3005E+02   -.3005E+02   -.3005E+02   -.3006E+02   -.3006E+02   -.3007E+02   -.3007E+02   -.3008E+02   -.3008E+02   -.3009E+02   -.3010E+02   -.3010E+02   -.3011E+02   -.3012E+02   -.3013E+02   -.3014E+02   -.3015E+02   -.3016E+02   -.3017E+02   -.3018E+02   -.3020E+02   -.3021E+02   -.3023E+02   -.3025E+02   -.3027E+02   -.3029E+02   -.3032E+02   -.3035E+02   -.3038E+02   -.3042E+02   -.3046E+02   -.3051E+02   -.3057E+02   -.3064E+02   -.3071E+02   -.3080E+02   -.3091E+02   -.3102E+02   -.3115E+02   -.3128E+02   -.3135E+02   -.3135E+02   -.3101E+02   -.3057E+02   -.2912E+02   -.3297E+02   -.1537E+02   -.1391E+02   -.1287E+02   -.1162E+02   -.1043E+02   -.9356E+01   -.8422E+01   -.7617E+01   -.3589E+01   -.3475E+01   -.3368E+01   -.3252E+01   -.3139E+01   -.3017E+01   -.2902E+01   -.2792E+01   -.2688E+01   -.2593E+01   -.2496E+01   -.2406E+01   -.2330E+01   -.2256E+01   -.2191E+01   -.2114E+01   -.2052E+01   -.1995E+01   -.1929E+01   -.1884E+01   -.1816E+01   -.1774E+01   -.1722E+01   -.1670E+01   -.1624E+01   -.1577E+01   -.1535E+01   -.1497E+01   -.1458E+01   -.1422E+01   -.1391E+01   -.1353E+01   -.1323E+01   -.1292E+01   -.1264E+01   -.1229E+01   -.1203E+01   -.1173E+01   -.1152E+01   -.1134E+01   -.1102E+01   -.1085E+01   -.1060E+01   -.1041E+01   -.1016E+01   -.9961E+00   -.9801E+00   -.9601E+00   -.9458E+00   -.9253E+00   -.9092E+00   -.8960E+00   -.8771E+00   -.8622E+00   -.8496E+00   -.8327E+00   -.8234E+00   -.8099E+00   -.7964E+00   -.7869E+00   -.7741E+00
0.1878E+04   0.3300E+02   -.3001E+02   -.3001E+02   -.3002E+02   -.3002E+02   -.3002E+02   -.3002E+02   -.3003E+02   -.3003E+02   -.3003E+02   -.3003E+02   -.3004E+02   -.3004E+02   -.3004E+02   -.3005E+02   -.3005E+02   -.3006E+02   -.3006E+02   -.3007E+02   -.3007E+02   -.3008E+02   -.3008E+02   -.3009E+02   -.3009E+02   -.3010E+02   -.3011E+02   -.3011E+02   -.3012E+02   -.3013E+02   -.3014E+02   -.3015E+02   -.3016E+02   -.3018E+02   -.3019E+02   -.3020E+02   -.3022E+02   -.3024E+02   -.3026E+02   -.3028E+02   -.3031E+02   -.3033E+02   -.3037E+02   -.3040E+02   -.3044E+02   -.3049E+02   -.3054E+02   -.3061E+02   -.3068E+02   -.3076E+02   -.3086E+02   -.3097E+02   -.3110E+02   -.3122E+02   -.3136E+02   -.3135E+02   -.3143E+02   -.3040E+02   -.3136E+02   -.2462E+02   -.6241E+02   -.1374E+02   -.1291E+02   -.1197E+02   -.1101E+02   -.1009E+02   -.9276E+01   -.8577E+01   -.7979E+01   -.4757E+01   -.4641E+01   -.4517E+01   -.4375E+01   -.4233E+01   -.4103E+01   -.3975E+01   -.3852E+01   -.3737E+01   -.3627E+01   -.3537E+01   -.3457E+01   -.3369E+01   -.3315E+01   -.3243E+01   -.3177E+01   -.3116E+01   -.3057E+01   -.3008E+01   -.2940E+01   -.2893E+01   -.2828E+01   -.2786E+01   -.2731E+01   -.2700E+01   -.2636E+01   -.2608E+01   -.2566E+01   -.2527E+01   -.2501E+01   -.2451E+01   -.2427E+01   -.2397E+01   -.2366E+01   -.2330E+01   -.2307E+01   -.2271E+01   -.2255E+01   -.2222E+01   -.2202E+01   -.2172E+01   -.2158E+01   -.2132E+01   -.2110E+01   -.2093E+01   -.2071E+01   -.2054E+01   -.2035E+01   -.2020E+01   -.2000E+01   -.1988E+01   -.1968E+01   -.1958E+01   -.1939E+01   -.1930E+01   -.1915E+01   -.1902E+01   -.1893E+01   -.1877E+01   -.1867E+01   -.1859E+01
0.3769E+04   0.3333E+02   -.3001E+02   -.3001E+02   -.3001E+02   -.3002E+02   -.3002E+02   -.3002E+02   -.3003E+02   -.3003E+02   -.3003E+02   -.3003E+02   -.3004E+02   -.3004E+02   -.3005E+02   -.3005E+02   -.3005E+02   -.3006E+02   -.3006E+02   -.3007E+02   -.3007E+02   -.3008E+02   -.3008E+02   -.3009E+02   -.3010E+02   -.3010E+02   -.3011E+02   -.3012E+02   -.3013E+02   -.3014E+02   -.3015E+02   -.3016E+02   -.3017E+02   -.3019E+02   -.3020E+02   -.3022E+02   -.3024E+02   -.3026E+02   -.3028E+02   -.3030E+02   -.3033E+02   -.3036E+02   -.3040E+02   -.3044E+02   -.3049E+02   -.3054E+02   -.3060E+02   -.3068E+02   -.3076E+02   -.3086E+02   -.3097E+02   -.3109E+02   -.3122E+02   -.3133E+02   -.3137E+02   -.3124E+02   -.3080E+02   -.2971E+02   -.2784E+02   -.4420E+02   -.2045E+02   -.1394E+02   -.1281E+02   -.1178E+02   -.1081E+02   -.9931E+01   -.9167E+01   -.8494E+01   -.7925E+01   -.4783E+01   -.4652E+01   -.4521E+01   -.4380E+01   -.4228E+01   -.4105E+01   -.3990E+01   -.3902E+01   -.3796E+01   -.3701E+01   -.3633E+01   -.3549E+01   -.3459E+01   -.3393E+01   -.3349E+01   -.3270E+01   -.3198E+01   -.3160E+01   -.3105E+01   -.3039E+01   -.2989E+01   -.2956E+01   -.2895E+01   -.2866E+01   -.2815E+01   -.2768E+01   -.2731E+01   -.2689E+01   -.2665E+01   -.2629E+01   -.2594E+01   -.2563E+01   -.2541E+01   -.2518E+01   -.2495E+01   -.2466E+01   -.2438E+01   -.2423E+01   -.2399E+01   -.2376E+01   -.2360E+01   -.2341E+01   -.2321E+01   -.2301E+01   -.2286E+01   -.2271E+01   -.2256E+01   -.2241E+01   -.2225E+01   -.2213E+01   -.2200E+01   -.2184E+01   -.2174E+01   -.2163E+01   -.2152E+01   -.2139E+01   -.2129E+01   -.2118E+01   -.2109E+01   -.2102E+01   -.2092E+01
0.3768E+04   0.3367E+02   -.3001E+02   -.3001E+02   -.3001E+02   -.3002E+02   -.3002E+02   -.3002E+02   -.3003E+02   -.3003E+02   -.3003E+02   -.3004E+02   -.3004E+02   -.3004E+02   -.3005E+02   -.3005E+02   -.3006E+02   -.3006E+02   -.3007E+02   -.3007E+02   -.3008E+02   -.3008E+02   -.3009E+02   -.3010E+02   -.3010E+02   -.3011E+02   -.3012E+02   -.3013E+02   -.3014E+02   -.3015E+02   -.3016E+02   -.3017E+02   -.3019E+02   -.3020E+02   -.3022E+02   -.3024E+02   -.3026E+02   -.3028E+02   -.3030E+02   -.3033E+02   -.3036E+02   -.3040E+02   -.3044E+02   -.3049E+02   -.3054E+02   -.3060E+02   -.3068E+02   -.3076E+02   -.3086E+02   -.3097E+02   -.3109E+02   -.3122E+02   -.3133E+02   -.3137E+02   -.3124E+02   -.3081E+02   -.2970E+02   -.2786E+02   -.4402E+02   -.2119E+02   -.1290E+02   -.1250E+02   -.1165E+02   -.1080E+02   -.9992E+01   -.9271E+01   -.8618E+01   -.8044E+01   -.7530E+01   -.4729E+01   -.4582E+01   -.4448E+01   -.4312E+01   -.4184E+01   -.4050E+01   -.3941E+01   -.3813E+01   -.3717E+01   -.3631E+01   -.3515E+01   -.3441E+01   -.3360E+01   -.3275E+01   -.3194E+01   -.3135E+01   -.3073E+01   -.3003E+01   -.2943E+01   -.2890E+01   -.2822E+01   -.2780E+01   -.2741E+01   -.2706E+01   -.2646E+01   -.2611E+01   -.2568E+01   -.2535E+01   -.2501E+01   -.2466E+01   -.2434E+01   -.2405E+01   -.2375E+01   -.2350E+01   -.2318E+01   -.2295E+01   -.2265E+01   -.2249E+01   -.2229E+01   -.2201E+01   -.2184E+01   -.2163E+01   -.2141E+01   -.2130E+01   -.2110E+01   -.2090E+01   -.2074E+01   -.2063E+01   -.2054E+01   -.2026E+01   -.2019E+01   -.2011E+01   -.1990E+01   -.1976E+01   -.1969E+01   -.1960E+01   -.1942E+01   -.1933E+01   -.1927E+01   -.1918E+01   -.1904E+01
0.3767E+04   0.3400E+02   -.3001E+02   -.3001E+02   -.3002E+02   -.3002E+02   -.3002E+02   -.3002E+02   -.3003E+02   -.3003E+02   -.3004E+02   -.3004E+02   -.3004E+02   -.3005E+02   -.3005E+02   -.3006E+02   -.3006E+02   -.3007E+02   -.3007E+02   -.3008E+02   -.3008E+02   -.3009E+02   -.3010E+02   -.3010E+02   -.3011E+02   -.3012E+02   -.3013E+02   -.3014E+02   -.3015E+02   -.3016E+02   -.3017E+02   -.3019E+02   -.3020E+02   -.3022E+02   -.3024E+02   -.3026E+02   -.3028E+02   -.3030E+02   -.3033E+02   -.3036E+02   -.3040E+02   -.3044E+02   -.3049E+02   -.3054E+02   -.3060E+02   -.3068E+02   -.3076E+02   -.3086E+02   -.3097E+02   -.3109E+02   -.3122E+02   -.3133E+02   -.3137E+02   -.3123E+02   -.3081E+02   -.2970E+02   -.2786E+02   -.4397E+02   -.2125E+02   -.1271E+02   -.1280E+02   -.1131E+02   -.1049E+02   -.9722E+01   -.9028E+01   -.8398E+01   -.7839E+01   -.7326E+01   -.6871E+01   -.4337E+01   -.4198E+01   -.4045E+01   -.3896E+01   -.3783E+01   -.3660E+01   -.3541E+01   -.3450E+01   -.3343E+01   -.3244E+01   -.3171E+01   -.3074E+01   -.2990E+01   -.2928E+01   -.2847E+01   -.2768E+01   -.2716E+01   -.2653E+01   -.2608E+01   -.2556E+01   -.2500E+01   -.2453E+01   -.2418E+01   -.2374E+01   -.2320E+01   -.2273E+01   -.2247E+01   -.2215E+01   -.2173E+01   -.2135E+01   -.2111E+01   -.2093E+01   -.2053E+01   -.2019E+01   -.2001E+01   -.1983E+01   -.1952E+01   -.1923E+01   -.1909E+01   -.1896E+01   -.1869E+01   -.1841E+01   -.1830E+01   -.1819E+01   -.1801E+01   -.1778E+01   -.1765E+01   -.1751E+01   -.1736E+01   -.1725E+01   -.1706E+01   -.1696E+01   -.1683E+01   -.1673E+01   -.1658E+01   -.1646E+01   -.1639E+01   -.1628E+01   -.1615E+01   -.1609E+01   -.1600E+01
0.3766E+04   0.3433E+02   -.3001E+02   -.3001E+02   -.3002E+02   -.3002E+02   -.3002E+02   -.3003E+02   -.3003E+02   -.3003E+02   -.3004E+02   -.3004E+02   -.3005E+02   -.3005E+02   -.3005E+02   -.3006E+02   -.3006E+02   -.3007E+02   -.3008E+02   -.3008E+02   -.3009E+02   -.3009E+02   -.3010E+02   -.3011E+02   -.3012E+02   -.3013E+02   -.3014E+02   -.3015E+02   -.3016E+02   -.3017E+02   -.3019E+02   -.3020E+02   -.3022E+02   -.3024E+02   -.3026E+02   -.3028E+02   -.3030E+02   -.3033E+02   -.3036E+02   -.3040E+02   -.3044E+02   -.3049E+02   -.3054E+02   -.3060E+02   -.3068E+02   -.3076E+02   -.3086E+02   -.3097E+02   -.3109E+02   -.3122E+02   -.3133E+02   -.3137E+02   -.3123E+02   -.3081E+02   -.2970E+02   -.2786E+02   -.4395E+02   -.2126E+02   -.1268E+02   -.1279E+02   -.1113E+02   -.1061E+02   -.9777E+01   -.9060E+01   -.8418E+01   -.7852E+01   -.7332E+01   -.6866E+01   -.6444E+01   -.4251E+01   -.4032E+01   -.3874E+01   -.3773E+01   -.3670E+01   -.3523E+01   -.3429E+01   -.3340E+01   -.3240E+01   -.3145E+01   -.3073E+01   -.2988E+01   -.2905E+01   -.2840E+01   -.2772E+01   -.2712E+01   -.2643E+01   -.2575E+01   -.2528E+01   -.2483E+01   -.2412E+01   -.2373E+01   -.2346E+01   -.2306E+01   -.2245E+01   -.2208E+01   -.2183E+01   -.2160E+01   -.2117E+01   -.2074E+01   -.2051E+01   -.2030E+01   -.2001E+01   -.1974E+01   -.1945E+01   -.1925E+01   -.1897E+01   -.1881E+01   -.1862E+01   -.1838E+01   -.1815E+01   -.1801E+01   -.1786E+01   -.1764E+01   -.1744E+01   -.1734E+01   -.1725E+01   -.1701E+01   -.1687E+01   -.1676E+01   -.1668E+01   -.1645E+01   -.1634E+01   -.1626E+01   -.1614E+01   -.1603E+01   -.1594E+01   -.1583E+01   -.1570E+01   -.1563E+01   -.1557E+01
0.3765E+04   0.3467E+02   -.3001E+02   -.3001E+02   -.3002E+02   -.3002E+02   -.3002E+02   -.3003E+02   -.3003E+02   -.3004E+02   -.3004E+02   -.3004E+02   -.3005E+02   -.3005E+02   -.3006E+02   -.3006E+02   -.3007E+02   -.3007E+02   -.3008E+02   -.3009E+02   -.3009E+02   -.3010E+02   -.3011E+02   -.3012E+02   -.3013E+02   -.3014E+02   -.3015E+02   -.3016E+02   -.3017E+02   -.3019E+02   -.3020E+02   -.3022E+02   -.3024E+02   -.3026E+02   -.3028E+02   -.3030E+02   -.3033E+02   -.3036E+02   -.3040E+02   -.3044E+02   -.3049E+02   -.3054E+02   -.3060E+02   -.3068E+02   -.3076E+02   -.3086E+02   -.3097E+02   -.3109E+02   -.3122E+02   -.3133E+02   -.3137E+02   -.3123E+02   -.3081E+02   -.2970E+02   -.2786E+02   -.4395E+02   -.2126E+02   -.1267E+02   -.1279E+02   -.1109E+02   -.1067E+02   -.9713E+01   -.9045E+01   -.8416E+01   -.7852E+01   -.7333E+01   -.6865E+01   -.6446E+01   -.6075E+01   -.4128E+01   -.3921E+01   -.3763E+01   -.3661E+01   -.3550E+01   -.3449E+01   -.3338E+01   -.3248E+01   -.3160E+01   -.3077E+01   -.3000E+01   -.2924E+01   -.2857E+01   -.2785E+01   -.2719E+01   -.2664E+01   -.2604E+01   -.2545E+01   -.2487E+01   -.2438E+01   -.2395E+01   -.2350E+01   -.2305E+01   -.2276E+01   -.2234E+01   -.2195E+01   -.2155E+01   -.2126E+01   -.2097E+01   -.2063E+01   -.2040E+01   -.2019E+01   -.1984E+01   -.1954E+01   -.1935E+01   -.1913E+01   -.1899E+01   -.1874E+01   -.1843E+01   -.1827E+01   -.1815E+01   -.1794E+01   -.1779E+01   -.1765E+01   -.1747E+01   -.1735E+01   -.1717E+01   -.1706E+01   -.1696E+01   -.1676E+01   -.1664E+01   -.1652E+01   -.1643E+01   -.1633E+01   -.1619E+01   -.1608E+01   -.1598E+01   -.1592E+01   -.1580E+01   -.1573E+01   -.1564E+01
0.3764E+04   0.3500E+02   -.3001E+02   -.3001E+02   -.3002E+02   -.3002E+02   -.3003E+02   -.3003E+02   -.3003E+02   -.3004E+02   -.3004E+02   -.3005E+02   -.3005E+02   -.3006E+02   -.3006E+02   -.3007E+02   -.3007E+02   -.3008E+02   -.3009E+02   -.3009E+02   -.3010E+02   -.3011E+02   -.3012E+02   -.3013E+02   -.3014E+02   -.3015E+02   -.3016E+02   -.3017E+02   -.3018E+02   -.3020E+02   -.3022E+02   -.3023E+02   -.3026E+02   -.3028E+02   -.3030E+02   -.3033E+02   -.3036E+02   -.3040E+02   -.3044E+02   -.3049E+02   -.3054E+02   -.3060E+02   -.3068E+02   -.3076E+02   -.3086E+02   -.3097E+02   -.3109E+02   -.3122E+02   -.3133E+02   -.3137E+02   -.3123E+02   -.3081E+02   -.2970E+02   -.2786E+02   -.4395E+02   -.2126E+02   -.1267E+02   -.1279E+02   -.1108E+02   -.1066E+02   -.9688E+01   -.9078E+01   -.8418E+01   -.7849E+01   -.7329E+01   -.6862E+01   -.6442E+01   -.6071E+01   -.5734E+01   -.4036E+01   -.3784E+01   -.3643E+01   -.3526E+01   -.3422E+01   -.3329E+01   -.3242E+01   -.3159E+01   -.3070E+01   -.2990E+01   -.2923E+01   -.2851E+01   -.2780E+01   -.2713E+01   -.2646E+01   -.2596E+01   -.2546E+01   -.2491E+01   -.2439E+01   -.2397E+01   -.2342E+01   -.2295E+01   -.2268E+01   -.2240E+01   -.2193E+01   -.2157E+01   -.2131E+01   -.2102E+01   -.2072E+01   -.2040E+01   -.2012E+01   -.1984E+01   -.1964E+01   -.1942E+01   -.1916E+01   -.1892E+01   -.1873E+01   -.1856E+01   -.1838E+01   -.1809E+01   -.1796E+01   -.1780E+01   -.1772E+01   -.1750E+01   -.1735E+01   -.1721E+01   -.1712E+01   -.1696E+01   -.1682E+01   -.1669E+01   -.1660E+01   -.1647E+01   -.1636E+01   -.1625E+01   -.1614E+01   -.1604E+01   -.1595E+01   -.1586E+01   -.1577E+01   -.1570E+01   -.1562E+01
0.3763E+04   0.3533E+02   -.3001E+02   -.3002E+02   -.3002E+02   -.3002E+02   -.3003E+02   -.3003E+02   -.3004E+02   -.3004E+02   -.3004E+02   -.3005E+02   -.3005E+02   -.3006E+02   -.3007E+02   -.3007E+02   -.3008E+02   -.3008E+02   -.3009E+02   -.3010E+02   -.3011E+02   -.3012E+02   -.3012E+02   -.3013E+02   -.3015E+02   -.3016E+02   -.3017E+02   -.3018E+02   -.3020E+02   -.3022E+02   -.3023E+02   -.3025E+02   -.3028E+02   -.3030E+02   -.3033E+02   -.3036E+02   -.3040E+02   -.3044E+02   -.3049E+02   -.3054E+02   -.3060E+02   -.3068E+02   -.3076E+02   -.3086E+02   -.3097E+02   -.3109E+02   -.3122E+02   -.3133E+02   -.3137E+02   -.3123E+02   -.3081E+02   -.2970E+02   -.2786E+02   -.4395E+02   -.2126E+02   -.1267E+02   -.1279E+02   -.1108E+02   -.1066E+02   -.9676E+01   -.9085E+01   -.8405E+01   -.7851E+01   -.7331E+01   -.6862E+01   -.6441E+01   -.6070E+01   -.5733E+01   -.5436E+01   -.3908E+01   -.3654E+01   -.3507E+01   -.3415E+01   -.3333E+01   -.3221E+01   -.3145E+01   -.3071E+01   -.2982E+01   -.2919E+01   -.2854E+01   -.2776E+01   -.2711E+01   -.2654E+01   -.2595E+01   -.2548E+01   -.2488E+01   -.2432E+01   -.2384E+01   -.2344E+01   -.2301E+01   -.2269E+01   -.2233E+01   -.2196E+01   -.2152E+01   -.2123E+01   -.2100E+01   -.2077E+01   -.2042E+01   -.2012E+01   -.1984E+01   -.1957E+01   -.1944E+01   -.1926E+01   -.1891E+01   -.1868E+01   -.1852E+01   -.1838E+01   -.1819E+01   -.1800E+01   -.1783E+01   -.1771E+01   -.1752E+01   -.1735E+01   -.1725E+01   -.1712E+01   -.1699E+01   -.1680E+01   -.1669E+01   -.1660E+01   -.1650E+01   -.1637E+01   -.1626E+01   -.1618E+01   -.1608E+01   -.1598E+01   -.1589E+01   -.1582E+01   -.1574E+01   -.1564E+01   -.1556E+01
0.3762E+04   0.3567E+02   -.3001E+02   -.3002E+02   -.3002E+02   -.3002E+02   -.3003E+02   -.3003E+02   -.3004E+02   -.3004E+02   -.3005E+02   -.3005E+02   -.3006E+02   -.3006E+02   -.3007E+02   -.3008E+02   -.3008E+02   -.3009E+02   -.3010E+02   -.3011E+02   -.3011E+02   -.3012E+02   -.3013E+02   -.3014E+02   -.3016E+02   -.3017E+02   -.3018E+02   -.3020E+02   -.3021E+02   -.3023E+02   -.3025E+02   -.3028E+02   -.3030E+02   -.3033E+02   -.3036E+02   -.3040E+02   -.3044E+02   -.3049E+02   -.3054E+02   -.3060E+02   -.3068E+02   -.3076E+02   -.3086E+02   -.3097E+02   -.3109E+02   -.3122E+02   -.3133E+02   -.3137E+02   -.3123E+02   -.3081E+02   -.2970E+02   -.2786E+02   -.4395E+02   -.2125E+02   -.1266E+02   -.1279E+02   -.1108E+02   -.1066E+02   -.9674E+01   -.9080E+01   -.8401E+01   -.7858E+01   -.7328E+01   -.6860E+01   -.6439E+01   -.6068E+01   -.5730E+01   -.5434E+01   -.5160E+01   -.3715E+01   -.3560E+01   -.3424E+01   -.3328E+01   -.3239E+01   -.3153E+01   -.3081E+01   -.2980E+01   -.2910E+01   -.2846E+01   -.2763E+01   -.2694E+01   -.2640E+01   -.2592E+01   -.2545E+01   -.2477E+01   -.2426E+01   -.2380E+01   -.2342E+01   -.2297E+01   -.2256E+01   -.2223E+01   -.2185E+01   -.2153E+01   -.2124E+01   -.2099E+01   -.2069E+01   -.2035E+01   -.2005E+01   -.1985E+01   -.1963E+01   -.1933E+01   -.1910E+01   -.1892E+01   -.1871E+01   -.1853E+01   -.1831E+01   -.1815E+01   -.1798E+01   -.1776E+01   -.1762E+01   -.1748E+01   -.1734E+01   -.1724E+01   -.1704E+01   -.1690E+01   -.1678E+01   -.1670E+01   -.1656E+01   -.1644E+01   -.1631E+01   -.1624E+01   -.1618E+01   -.1603E+01   -.1592E+01   -.1585E+01   -.1579E+01   -.1570E+01   -.1559E+01   -.1552E+01   -.1547E+01
0.3761E+04   0.3600E+02   -.3001E+02   -.3002E+02   -.3002E+02   -.3003E+02   -.3003E+02   -.3003E+02   -.3004E+02   -.3004E+02   -.3005E+02   -.3006E+02   -.3006E+02   -.3007E+02   -.3007E+02   -.3008E+02   -.3009E+02   -.3010E+02   -.3010E+02   -.3011E+02   -.3012E+02   -.3013E+02   -.3014E+02   -.3015E+02   -.3017E+02   -.3018E+02   -.3020E+02   -.3021E+02   -.3023E+02   -.3025E+02   -.3028E+02   -.3030E+02   -.3033E+02   -.3036E+02   -.3040E+02   -.3044E+02   -.3049E+02   -.3054E+02   -.3060E+02   -.3067E+02   -.3076E+02   -.3086E+02   -.3097E+02   -.3109E+02   -.3122E+02   -.3133E+02   -.3137E+02   -.3123E+02   -.3081E+02   -.2970E+02   -.2786E+02   -.4394E+02   -.2125E+02   -.1266E+02   -.1279E+02   -.1107E+02   -.1066E+02   -.9673E+01   -.9079E+01   -.8396E+01   -.7858E+01   -.7326E+01   -.6861E+01   -.6439E+01   -.6067E+01   -.5729E+01   -.5433E+01   -.5160E+01   -.4923E+01   -.3554E+01   -.3379E+01   -.3292E+01   -.3206E+01   -.3129E+01   -.3046E+01   -.2961E+01   -.2898E+01   -.2841E+01   -.2769E+01   -.2695E+01   -.2638E+01   -.2592E+01   -.2533E+01   -.2470E+01   -.2421E+01   -.2382E+01   -.2341E+01   -.2286E+01   -.2257E+01   -.2231E+01   -.2185E+01   -.2144E+01   -.2118E+01   -.2097E+01   -.2063E+01   -.2032E+01   -.2006E+01   -.1979E+01   -.1958E+01   -.1937E+01   -.1911E+01   -.1887E+01   -.1870E+01   -.1851E+01   -.1831E+01   -.1812E+01   -.1795E+01   -.1782E+01   -.1763E+01   -.1749E+01   -.1733E+01   -.1720E+01   -.1705E+01   -.1693E+01   -.1680E+01   -.1667E+01   -.1659E+01   -.1645E+01   -.1633E+01   -.1621E+01   -.1614E+01   -.1605E+01   -.1593E+01   -.1586E+01   -.1578E+01   -.1570E+01   -.1560E+01   -.1552E+01   -.1546E+01   -.1540E+01
0.3760E+04   0.3633E+02   -.3001E+02   -.3002E+02   -.3002E+02   -.3003E+02   -.3003E+02   -.3004E+02   -.3004E+02   -.3005E+02   -.3005E+02   -.3006E+02   -.3007E+02   -.3007E+02   -.3008E+02   -.3009E+02   -.3009E+02   -.3010E+02   -.3011E+02   -.3012E+02   -.3013E+02   -.3014E+02   -.3015E+02   -.3017E+02   -.3018E+02   -.3020E+02   -.3021E+02   -.3023E+02   -.3025E+02   -.3027E+02   -.3030E+02   -.3033E+02   -.3036E+02   -.3040E+02   -.3044E+02   -.3048E+02   -.3054E+02   -.3060E+02   -.3067E+02   -.3076E+02   -.3086E+02   -.3097E+02   -.3109E+02   -.3122E+02   -.3133E+02   -.3137E+02   -.3123E+02   -.3081E+02   -.2970E+02   -.2786E+02   -.4394E+02   -.2125E+02   -.1266E+02   -.1279E+02   -.1107E+02   -.1066E+02   -.9672E+01   -.9078E+01   -.8395E+01   -.7854E+01   -.7324E+01   -.6862E+01   -.6437E+01   -.6066E+01   -.5728E+01   -.5432E+01   -.5157E+01   -.4923E+01   -.4727E+01   -.3410E+01   -.3251E+01   -.3187E+01   -.3117E+01   -.3049E+01   -.2953E+01   -.2890E+01   -.2834E+01   -.2758E+01   -.2691E+01   -.2636E+01   -.2571E+01   -.2526E+01   -.2472E+01   -.2431E+01   -.2376E+01   -.2318E+01   -.2287E+01   -.2260E+01   -.2237E+01   -.2179E+01   -.2144E+01   -.2117E+01   -.2088E+01   -.2063E+01   -.2031E+01   -.2001E+01   -.1977E+01   -.1951E+01   -.1929E+01   -.1909E+01   -.1892E+01   -.1866E+01   -.1845E+01   -.1825E+01   -.1811E+01   -.1800E+01   -.1777E+01   -.1762E+01   -.1748E+01   -.1732E+01   -.1714E+01   -.1703E+01   -.1691E+01   -.1682E+01   -.1665E+01   -.1654E+01   -.1643E+01   -.1634E+01   -.1623E+01   -.1611E+01   -.1603E+01   -.1594E+01   -.1583E+01   -.1576E+01   -.1569E+01   -.1562E+01   -.1551E+01   -.1543E+01   -.1538E+01   -.1531E+01
0.3759E+04   0.3667E+02   -.3002E+02   -.3002E+02   -.3002E+02   -.3003E+02   -.3003E+02   -.3004E+02   -.3004E+02   -.3005E+02   -.3006E+02   -.3006E+02   -.3007E+02   -.3008E+02   -.3008E+02   -.3009E+02   -.3010E+02   -.3011E+02   -.3012E+02   -.3013E+02   -.3014E+02   -.3015E+02   -.3017E+02   -.3018E+02   -.3019E+02   -.3021E+02   -.3023E+02   -.3025E+02   -.3027E+02   -.3030E+02   -.3033E+02   -.3036E+02   -.3040E+02   -.3044E+02   -.3048E+02   -.3054E+02   -.3060E+02   -.3067E+02   -.3076E+02   -.3085E+02   -.3097E+02   -.3109E+02   -.3122E+02   -.3133E+02   -.3137E+02   -.3123E+02   -.3081E+02   -.2970E+02   -.2786E+02   -.4394E+02   -.2125E+02   -.1266E+02   -.1279E+02   -.1107E+02   -.1066E+02   -.9672E+01   -.9077E+01   -.8395E+01   -.7853E+01   -.7321E+01   -.6861E+01   -.6436E+01   -.6066E+01   -.5728E+01   -.5432E+01   -.5157E+01   -.4922E+01   -.4725E+01   -.4552E+01   -.3249E+01   -.3184E+01   -.3115E+01   -.3052E+01   -.2974E+01   -.2905E+01   -.2837E+01   -.2764E+01   -.2708E+01   -.2654E+01   -.2573E+01   -.2526E+01   -.2484E+01   -.2442E+01   -.2372E+01   -.2332E+01   -.2302E+01   -.2270E+01   -.2221E+01   -.2178E+01   -.2153E+01   -.2130E+01   -.2100E+01   -.2053E+01   -.2031E+01   -.2011E+01   -.1983E+01   -.1953E+01   -.1928E+01   -.1908E+01   -.1893E+01   -.1866E+01   -.1848E+01   -.1832E+01   -.1812E+01   -.1797E+01   -.1775E+01   -.1759E+01   -.1749E+01   -.1739E+01   -.1721E+01   -.1705E+01   -.1695E+01   -.1683E+01   -.1666E+01   -.1655E+01   -.1643E+01   -.1634E+01   -.1625E+01   -.1615E+01   -.1601E+01   -.1593E+01   -.1586E+01   -.1578E+01   -.1571E+01   -.1561E+01   -.1552E+01   -.1547E+01   -.1540E+01   -.1532E+01   -.1526E+01
0.3758E+04   0.3700E+02   -.3002E+02   -.3002E+02   -.3003E+02   -.3003E+02   -.3004E+02   -.3004E+02   -.3005E+02   -.3005E+02   -.3006E+02   -.3007E+02   -.3007E+02   -.3008E+02   -.3009E+02   -.3010E+02   -.3011E+02   -.3012E+02   -.3013E+02   -.3014E+02   -.3015E+02   -.3016E+02   -.3018E+02   -.3019E+02   -.3021E+02   -.3023E+02   -.3025E+02   -.3027E+02   -.3030E+02   -.3033E+02   -.3036E+02   -.3039E+02   -.3044E+02   -.3048E+02   -.3054E+02   -.3060E+02   -.3067E+02   -.3076E+02   -.3085E+02   -.3097E+02   -.3109E+02   -.3122E+02   -.3133E+02   -.3137E+02   -.3123E+02   -.3080E+02   -.2970E+02   -.2786E+02   -.4394E+02   -.2125E+02   -.1266E+02   -.1279E+02   -.1107E+02   -.1066E+02   -.9671E+01   -.9077E+01   -.8394E+01   -.7853E+01   -.7321E+01   -.6859E+01   -.6435E+01   -.6066E+01   -.5726E+01   -.5431E+01   -.5156E+01   -.4922E+01   -.4726E+01   -.4551E+01   -.4358E+01   -.3178E+01   -.3105E+01   -.3034E+01   -.2959E+01   -.2890E+01   -.2829E+01   -.2770E+01   -.2691E+01   -.2635E+01   -.2582E+01   -.2528E+01   -.2470E+01   -.2421E+01   -.2367E+01   -.2330E+01   -.2300E+01   -.2262E+01   -.2220E+01   -.2176E+01   -.2149E+01   -.2125E+01   -.2103E+01   -.2053E+01   -.2026E+01   -.2007E+01   -.1983E+01   -.1959E+01   -.1931E+01   -.1903E+01   -.1885E+01   -.1869E+01   -.1849E+01   -.1828E+01   -.1810E+01   -.1791E+01   -.1777E+01   -.1765E+01   -.1745E+01   -.1731E+01   -.1717E+01   -.1705E+01   -.1691E+01   -.1677E+01   -.1670E+01   -.1656E+01   -.1642E+01   -.1632E+01   -.1624E+01   -.1612E+01   -.1603E+01   -.1593E+01   -.1586E+01   -.1576E+01   -.1567E+01   -.1560E+01   -.1551E+01   -.1547E+01   -.1541E+01   -.1531E+01   -.1523E+01   -.1517E+01
0.3757E+04   0.3733E+02   -.3002E+02   -.3002E+02   -.3003E+02   -.3003E+02   -.3004E+02   -.3004E+02   -.3005E+02   -.3006E+02   -.3006E+02   -.3007E+02   -.3008E+02   -.3009E+02   -.3010E+02   -.3010E+02   -.3011E+02   -.3012E+02   -.3014E+02   -.3015E+02   -.3016E+02   -.3018E+02   -.3019E+02   -.3021E+02   -.3023E+02   -.3025E+02   -.3027E+02   -.3030E+02   -.3033E+02   -.3036E+02   -.3039E+02   -.3044E+02   -.3048E+02   -.3054E+02   -.3060E+02   -.3067E+02   -.3076E+02   -.3085E+02   -.3096E+02   -.3109E+02   -.3122E+02   -.3132E+02   -.3137E+02   -.3123E+02   -.3080E+02   -.2970E+02   -.2786E+02   -.4394E+02   -.2125E+02   -.1266E+02   -.1279E+02   -.1107E+02   -.1065E+02   -.9670E+01   -.9076E+01   -.8394E+01   -.7852E+01   -.7320E+01   -.6858E+01   -.6434E+01   -.6065E+01   -.5726E+01   -.5430E+01   -.5156E+01   -.4923E+01   -.4726E+01   -.4552E+01   -.4361E+01   -.4223E+01   -.3210E+01   -.3008E+01   -.2933E+01   -.2872E+01   -.2817E+01   -.2750E+01   -.2672E+01   -.2614E+01   -.2570E+01   -.2523E+01   -.2466E+01   -.2407E+01   -.2361E+01   -.2334E+01   -.2296E+01   -.2254E+01   -.2210E+01   -.2179E+01   -.2146E+01   -.2118E+01   -.2087E+01   -.2048E+01   -.2029E+01   -.2007E+01   -.1979E+01   -.1948E+01   -.1930E+01   -.1906E+01   -.1888E+01   -.1866E+01   -.1844E+01   -.1829E+01   -.1809E+01   -.1788E+01   -.1775E+01   -.1765E+01   -.1745E+01   -.1726E+01   -.1713E+01   -.1702E+01   -.1694E+01   -.1677E+01   -.1663E+01   -.1653E+01   -.1641E+01   -.1632E+01   -.1623E+01   -.1611E+01   -.1602E+01   -.1592E+01   -.1584E+01   -.1576E+01   -.1566E+01   -.1557E+01   -.1551E+01   -.1545E+01   -.1537E+01   -.1529E+01   -.1524E+01   -.1519E+01   -.1510E+01
0.3756E+04   0.3767E+02   -.3002E+02   -.3002E+02   -.3003E+02   -.3003E+02   -.3004E+02   -.3005E+02   -.3005E+02   -.3006E+02   -.3007E+02   -.3008E+02   -.3008E+02   -.3009E+02   -.3010E+02   -.3011E+02   -.3012E+02   -.3013E+02   -.3015E+02   -.3016E+02   -.3017E+02   -.3019E+02   -.3021E+02   -.3023E+02   -.3025E+02   -.3027E+02   -.3029E+02   -.3032E+02   -.3036E+02   -.3039E+02   -.3043E+02   -.3048E+02   -.3054E+02   -.3060E+02   -.3067E+02   -.3076E+02   -.3085E+02   -.3096E+02   -.3109E+02   -.3122E+02   -.3132E+02   -.3137E+02   -.3123E+02   -.3080E+02   -.2970E+02   -.2786E+02   -.4394E+02   -.2125E+02   -.1266E+02   -.1278E+02   -.1107E+02   -.1065E+02   -.9669E+01   -.9075E+01   -.8393E+01   -.7852E+01   -.7320E+01   -.6858E+01   -.6433E+01   -.6063E+01   -.5725E+01   -.5430E+01   -.5155E+01   -.4922E+01   -.4726E+01   -.4550E+01   -.4360E+01   -.4223E+01   -.4060E+01   -.3086E+01   -.2937E+01   -.2874E+01   -.2820E+01   -.2743E+01   -.2687E+01   -.2638E+01   -.2560E+01   -.2513E+01   -.2473E+01   -.2428E+01   -.2360E+01   -.2322E+01   -.2294E+01   -.2268E+01   -.2214E+01   -.2166E+01   -.2141E+01   -.2119E+01   -.2100E+01   -.2051E+01   -.2019E+01   -.2001E+01   -.1984E+01   -.1956E+01   -.1923E+01   -.1907E+01   -.1890E+01   -.1865E+01   -.1844E+01   -.1823E+01   -.1812E+01   -.1792E+01   -.1777E+01   -.1763E+01   -.1743E+01   -.1730E+01   -.1719E+01   -.1703E+01   -.1690E+01   -.1675E+01   -.1664E+01   -.1655E+01   -.1644E+01   -.1632E+01   -.1621E+01   -.1609E+01   -.1600E+01   -.1595E+01   -.1585E+01   -.1577E+01   -.1569E+01   -.1559E+01   -.1552E+01   -.1545E+01   -.1536E+01   -.1530E+01   -.1526E+01   -.1520E+01   -.1510E+01   -.1506E+01
0.3755E+04   0.3800E+02   -.3002E+02   -.3002E+02   -.3003E+02   -.3004E+02   -.3004E+02   -.3005E+02   -.3006E+02   -.3006E+02   -.3007E+02   -.3008E+02   -.3009E+02   -.3010E+02   -.3011E+02   -.3012E+02   -.3013E+02   -.3014E+02   -.3016E+02   -.3017E+02   -.3019E+02   -.3020E+02   -.3022E+02   -.3024E+02   -.3027E+02   -.3029E+02   -.3032E+02   -.3035E+02   -.3039E+02   -.3043E+02   -.3048E+02   -.3053E+02   -.3060E+02   -.3067E+02   -.3075E+02   -.3085E+02   -.3096E+02   -.3109E+02   -.3121E+02   -.3132E+02   -.3137E+02   -.3123E+02   -.3080E+02   -.2970E+02   -.2786E+02   -.4394E+02   -.2125E+02   -.1266E+02   -.1278E+02   -.1107E+02   -.1065E+02   -.9669E+01   -.9075E+01   -.8392E+01   -.7851E+01   -.7319E+01   -.6857E+01   -.6433E+01   -.6063E+01   -.5724E+01   -.5430E+01   -.5155E+01   -.4921E+01   -.4725E+01   -.4549E+01   -.4357E+01   -.4222E+01   -.4056E+01   -.3870E+01   -.2931E+01   -.2849E+01   -.2798E+01   -.2737E+01   -.2683E+01   -.2621E+01   -.2571E+01   -.2510E+01   -.2465E+01   -.2412E+01   -.2372E+01   -.2326E+01   -.2285E+01   -.2253E+01   -.2217E+01   -.2181E+01   -.2140E+01   -.2115E+01   -.2082E+01   -.2053E+01   -.2031E+01   -.1994E+01   -.1967E+01   -.1953E+01   -.1935E+01   -.1906E+01   -.1879E+01   -.1861E+01   -.1848E+01   -.1830E+01   -.1802E+01   -.1783E+01   -.1772E+01   -.1762E+01   -.1746E+01   -.1727E+01   -.1711E+01   -.1702E+01   -.1689E+01   -.1677E+01   -.1663E+01   -.1653E+01   -.1642E+01   -.1630E+01   -.1619E+01   -.1611E+01   -.1602E+01   -.1589E+01   -.1581E+01   -.1573E+01   -.1566E+01   -.1558E+01   -.1549E+01   -.1543E+01   -.1536E+01   -.1531E+01   -.1522E+01   -.1515E+01   -.1511E+01   -.1505E+01   -.1500E+01
0.3754E+04   0.3833E+02   -.3002E+02   -.3003E+02   -.3003E+02   -.3004E+02   -.3005E+02   -.3005E+02   -.3006E+02   -.3007E+02   -.3008E+02   -.3009E+02   -.3010E+02   -.3011E+02   -.3012E+02   -.3013E+02   -.3014E+02   -.3015E+02   -.3017E+02   -.3018E+02   -.3020E+02   -.3022E+02   -.3024E+02   -.3027E+02   -.3029E+02   -.3032E+02   -.3035E+02   -.3039E+02   -.3043E+02   -.3048E+02   -.3053E+02   -.3060E+02   -.3067E+02   -.3075E+02   -.3085E+02   -.3096E+02   -.3108E+02   -.3121E+02   -.3132E+02   -.3136E+02   -.3123E+02   -.3080E+02   -.2970E+02   -.2786E+02   -.4394E+02   -.2125E+02   -.1266E+02   -.1278E+02   -.1107E+02   -.1065E+02   -.9668E+01   -.9074E+01   -.8392E+01   -.7851E+01   -.7319E+01   -.6857E+01   -.6432E+01   -.6063E+01   -.5724E+01   -.5428E+01   -.5155E+01   -.4922E+01   -.4725E+01   -.4551E+01   -.4357E+01   -.4222E+01   -.4060E+01   -.3869E+01   -.3757E+01   -.2879E+01   -.2797E+01   -.2731E+01   -.2679E+01   -.2620E+01   -.2573E+01   -.2515E+01   -.2454E+01   -.2404E+01   -.2360E+01   -.2327E+01   -.2295E+01   -.2255E+01   -.2206E+01   -.2176E+01   -.2147E+01   -.2125E+01   -.2081E+01   -.2048E+01   -.2025E+01   -.1998E+01   -.1978E+01   -.1951E+01   -.1927E+01   -.1904E+01   -.1882E+01   -.1860E+01   -.1847E+01   -.1835E+01   -.1807E+01   -.1784E+01   -.1770E+01   -.1760E+01   -.1749E+01   -.1728E+01   -.1713E+01   -.1700E+01   -.1691E+01   -.1673E+01   -.1663E+01   -.1655E+01   -.1643E+01   -.1629E+01   -.1618E+01   -.1610E+01   -.1600E+01   -.1594E+01   -.1583E+01   -.1573E+01   -.1567E+01   -.1558E+01   -.1551E+01   -.1544E+01   -.1538E+01   -.1530E+01   -.1522E+01   -.1517E+01   -.1512E+01   -.1504E+01   -.1500E+01   -.1494E+01
0.3753E+04   0.3867E+02   -.3002E+02   -.3003E+02   -.3003E+02   -.3004E+02   -.3005E+02   -.3006E+02   -.3006E+02   -.3007E+02   -.3008E+02   -.3009E+02   -.3010E+02   -.3011E+02   -.3012E+02   -.3014E+02   -.3015E+02   -.3017E+02   -.3018E+02   -.3020E+02   -.3022E+02   -.3024E+02   -.3026E+02   -.3029E+02   -.3032E+02   -.3035E+02   -.3039E+02   -.3043E+02   -.3048E+02   -.3053E+02   -.3059E+02   -.3067E+02   -.3075E+02   -.3085E+02   -.3096E+02   -.3108E+02   -.3121E+02   -.3132E+02   -.3136E+02   -.3123E+02   -.3080E+02   -.2970E+02   -.2786E+02   -.4394E+02   -.2125E+02   -.1266E+02   -.1278E+02   -.1107E+02   -.1065E+02   -.9667E+01   -.9073E+01   -.8391E+01   -.7850E+01   -.7318E+01   -.6857E+01   -.6432E+01   -.6062E+01   -.5724E+01   -.5428E+01   -.5154E+01   -.4921E+01   -.4726E+01   -.4550E+01   -.4358E+01   -.4223E+01   -.4057E+01   -.3873E+01   -.3759E+01   -.3652E+01   -.2870E+01   -.2750E+01   -.2659E+01   -.2607E+01   -.2559E+01   -.2521E+01   -.2475E+01   -.2397E+01   -.2358E+01   -.2328E+01   -.2290E+01   -.2258E+01   -.2207E+01   -.2172E+01   -.2150E+01   -.2118E+01   -.2087E+01   -.2050E+01   -.2023E+01   -.1994E+01   -.1979E+01   -.1955E+01   -.1926E+01   -.1904E+01   -.1885E+01   -.1862E+01   -.1844E+01   -.1828E+01   -.1808E+01   -.1794E+01   -.1777E+01   -.1757E+01   -.1742E+01   -.1731E+01   -.1720E+01   -.1699E+01   -.1684E+01   -.1675E+01   -.1666E+01   -.1651E+01   -.1639E+01   -.1630E+01   -.1619E+01   -.1612E+01   -.1600E+01   -.1592E+01   -.1581E+01   -.1573E+01   -.1568E+01   -.1561E+01   -.1549E+01   -.1544E+01   -.1538E+01   -.1531E+01   -.1523E+01   -.1517E+01   -.1511E+01   -.1506E+01   -.1499E+01   -.1496E+01   -.1491E+01
0.3752E+04   0.3900E+02   -.3002E+02   -.3003E+02   -.3004E+02   -.3004E+02   -.3005E+02   -.3006E+02   -.3007E+02   -.3008E+02   -.3009E+02   -.3010E+02   -.3011E+02   -.3012E+02   -.3013E+02   -.3015E+02   -.3016E+02   -.3018E+02   -.3020E+02   -.3022E+02   -.3024E+02   -.3026E+02   -.3029E+02   -.3032E+02   -.3035E+02   -.3039E+02   -.3043E+02   -.3047E+02   -.3053E+02   -.3059E+02   -.3067E+02   -.3075E+02   -.3085E+02   -.3096E+02   -.3108E+02   -.3121E+02   -.3132E+02   -.3136E+02   -.3123E+02   -.3080E+02   -.2970E+02   -.2786E+02   -.4393E+02   -.2124E+02   -.1265E+02   -.1278E+02   -.1107E+02   -.1065E+02   -.9666E+01   -.9073E+01   -.8390E+01   -.7850E+01   -.7318E+01   -.6856E+01   -.6432E+01   -.6062E+01   -.5723E+01   -.5428E+01   -.5154E+01   -.4920E+01   -.4726E+01   -.4549E+01   -.4358E+01   -.4222E+01   -.4056E+01   -.3873E+01   -.3761E+01   -.3650E+01   -.3497E+01   -.2790E+01   -.2667E+01   -.2605E+01   -.2560E+01   -.2517E+01   -.2454E+01   -.2403E+01   -.2364E+01   -.2334E+01   -.2289E+01   -.2255E+01   -.2205E+01   -.2175E+01   -.2153E+01   -.2120E+01   -.2075E+01   -.2047E+01   -.2024E+01   -.2005E+01   -.1977E+01   -.1954E+01   -.1929E+01   -.1904E+01   -.1878E+01   -.1860E+01   -.1848E+01   -.1824E+01   -.1807E+01   -.1788E+01   -.1772E+01   -.1761E+01   -.1745E+01   -.1728E+01   -.1717E+01   -.1704E+01   -.1687E+01   -.1673E+01   -.1663E+01   -.1655E+01   -.1639E+01   -.1629E+01   -.1620E+01   -.1611E+01   -.1600E+01   -.1587E+01   -.1581E+01   -.1576E+01   -.1568E+01   -.1556E+01   -.1548E+01   -.1542E+01   -.1536E+01   -.1530E+01   -.1523E+01   -.1515E+01   -.1511E+01   -.1505E+01   -.1500E+01   -.1493E+01   -.1488E+01   -.1484E+01
0.3751E+04   0.3933E+02   -.3002E+02   -.3003E+02   -.3004E+02   -.3005E+02   -.3005E+02   -.3006E+02   -.3007E+02   -.3008E+02   -.3009E+02   -.3011E+02   -.3012E+02   -.3013E+02   -.3014E+02   -.3016E+02   -.3018E+02   -.3019E+02   -.3021E+02   -.3023E+02   -.3026E+02   -.3028E+02   -.3031E+02   -.3035E+02   -.3038E+02   -.3042E+02   -.3047E+02   -.3053E+02   -.3059E+02   -.3066E+02   -.3075E+02   -.3085E+02   -.3096E+02   -.3108E+02   -.3121E+02   -.3132E+02   -.3136E+02   -.3123E+02   -.3080E+02   -.2970E+02   -.2786E+02   -.4393E+02   -.2124E+02   -.1265E+02   -.1278E+02   -.1107E+02   -.1065E+02   -.9665E+01   -.9072E+01   -.8390E+01   -.7849E+01   -.7317E+01   -.6856E+01   -.6431E+01   -.6062E+01   -.5723E+01   -.5428E+01   -.5153E+01   -.4920E+01   -.4725E+01   -.4549E+01   -.4358E+01   -.4222E+01   -.4056E+01   -.3875E+01   -.3760E+01   -.3648E+01   -.3498E+01   -.3387E+01   -.2738E+01   -.2607E+01   -.2558E+01   -.2500E+01   -.2457E+01   -.2416E+01   -.2356E+01   -.2314E+01   -.2282E+01   -.2257E+01   -.2208E+01   -.2178E+01   -.2143E+01   -.2110E+01   -.2082E+01   -.2049E+01   -.2027E+01   -.2000E+01   -.1969E+01   -.1950E+01   -.1929E+01   -.1905E+01   -.1878E+01   -.1859E+01   -.1840E+01   -.1826E+01   -.1805E+01   -.1790E+01   -.1771E+01   -.1759E+01   -.1745E+01   -.1731E+01   -.1712E+01   -.1697E+01   -.1688E+01   -.1679E+01   -.1662E+01   -.1649E+01   -.1641E+01   -.1635E+01   -.1618E+01   -.1608E+01   -.1601E+01   -.1592E+01   -.1582E+01   -.1572E+01   -.1565E+01   -.1559E+01   -.1551E+01   -.1541E+01   -.1534E+01   -.1530E+01   -.1524E+01   -.1515E+01   -.1510E+01   -.1504E+01   -.1499E+01   -.1494E+01   -.1489E+01   -.1484E+01   -.1479E+01
0.3750E+04   0.3967E+02   -.3003E+02   -.3003E+02   -.3004E+02   -.3005E+02   -.3006E+02   -.3007E+02   -.3008E+02   -.3009E+02   -.3010E+02   -.3011E+02   -.3013E+02   -.3014E+02   -.3016E+02   -.3017E+02   -.3019E+02   -.3021E+02   -.3023E+02   -.3025E+02   -.3028E+02   -.3031E+02   -.3034E+02   -.3038E+02   -.3042E+02   -.3047E+02   -.3052E+02   -.3059E+02   -.3066E+02   -.3075E+02   -.3084E+02   -.3096E+02   -.3108E+02   -.3121E+02   -.3132E+02   -.3136E+02   -.3123E+02   -.3080E+02   -.2970E+02   -.2786E+02   -.4393E+02   -.2124E+02   -.1265E+02   -.1278E+02   -.1106E+02   -.1065E+02   -.9664E+01   -.9071E+01   -.8389E+01   -.7849E+01   -.7317E+01   -.6855E+01   -.6431E+01   -.6062E+01   -.5723E+01   -.5427E+01   -.5153E+01   -.4920E+01   -.4725E+01   -.4549E+01   -.4359E+01   -.4222E+01   -.4056E+01   -.3874E+01   -.3761E+01   -.3651E+01   -.3498E+01   -.3387E+01   -.3299E+01   -.2646E+01   -.2550E+01   -.2484E+01   -.2446E+01   -.2406E+01   -.2369E+01   -.2327E+01   -.2287E+01   -.2248E+01   -.2210E+01   -.2176E+01   -.2144E+01   -.2115E+01   -.2076E+01   -.2051E+01   -.2024E+01   -.2005E+01   -.1979E+01   -.1941E+01   -.1923E+01   -.1906E+01   -.1888E+01   -.1861E+01   -.1840E+01   -.1826E+01   -.1808E+01   -.1791E+01   -.1775E+01   -.1763E+01   -.1740E+01   -.1730E+01   -.1715E+01   -.1698E+01   -.1690E+01   -.1677E+01   -.1666E+01   -.1652E+01   -.1641E+01   -.1629E+01   -.1620E+01   -.1609E+01   -.1601E+01   -.1591E+01   -.1585E+01   -.1576E+01   -.1565E+01   -.1557E+01   -.1552E+01   -.1544E+01   -.1537E+01   -.1528E+01   -.1523E+01   -.1519E+01   -.1513E+01   -.1504E+01   -.1499E+01   -.1495E+01   -.1491E+01   -.1486E+01   -.1479E+01   -.1475E+01
0.3749E+04   0.4000E+02   -.3003E+02   -.3003E+02   -.3004E+02   -.3005E+02   -.3006E+02   -.3007E+02   -.3008E+02   -.3010E+02   -.3011E+02   -.3012E+02   -.3014E+02   -.3015E+02   -.3017E+02   -.3019E+02   -.3021E+02   -.3023E+02   -.3025E+02   -.3028E+02   -.3031E+02   -.3034E+02   -.3038E+02   -.3042E+02   -.3047E+02   -.3052E+02   -.3059E+02   -.3066E+02   -.3074E+02   -.3084E+02   -.3095E+02   -.3108E+02   -.3121E+02   -.3132E+02   -.3136E+02   -.3122E+02   -.3080E+02   -.2970E+02   -.2786E+02   -.4393E+02   -.2124E+02   -.1265E+02   -.1278E+02   -.1106E+02   -.1065E+02   -.9664E+01   -.9070E+01   -.8388E+01   -.7848E+01   -.7316E+01   -.6855E+01   -.6431E+01   -.6061E+01   -.5723E+01   -.5427E+01   -.5153E+01   -.4920E+01   -.4725E+01   -.4549E+01   -.4358E+01   -.4222E+01   -.4055E+01   -.3873E+01   -.3759E+01   -.3650E+01   -.3498E+01   -.3385E+01   -.3296E+01   -.3196E+01   -.2626E+01   -.2511E+01   -.2437E+01   -.2399E+01   -.2363E+01   -.2325E+01   -.2279E+01   -.2232E+01   -.2205E+01   -.2179E+01   -.2156E+01   -.2099E+01   -.2078E+01   -.2057E+01   -.2036E+01   -.1990E+01   -.1965E+01   -.1949E+01   -.1927E+01   -.1901E+01   -.1877E+01   -.1857E+01   -.1842E+01   -.1826E+01   -.1805E+01   -.1789E+01   -.1773E+01   -.1757E+01   -.1746E+01   -.1725E+01   -.1716E+01   -.1702E+01   -.1684E+01   -.1670E+01   -.1661E+01   -.1653E+01   -.1641E+01   -.1628E+01   -.1617E+01   -.1611E+01   -.1599E+01   -.1591E+01   -.1581E+01   -.1574E+01   -.1565E+01   -.1554E+01   -.1548E+01   -.1543E+01   -.1537E+01   -.1531E+01   -.1521E+01   -.1515E+01   -.1511E+01   -.1506E+01   -.1499E+01   -.1493E+01   -.1488E+01   -.1485E+01   -.1478E+01   -.1474E+01   -.1471E+01
0.3748E+04   0.4033E+02   -.3003E+02   -.3004E+02   -.3005E+02   -.3006E+02   -.3007E+02   -.3008E+02   -.3009E+02   -.3010E+02   -.3012E+02   -.3013E+02   -.3015E+02   -.3016E+02   -.3018E+02   -.3020E+02   -.3022E+02   -.3025E+02   -.3027E+02   -.3030E+02   -.3034E+02   -.3037E+02   -.3042E+02   -.3046E+02   -.3052E+02   -.3058E+02   -.3066E+02   -.3074E+02   -.3084E+02   -.3095E+02   -.3107E+02   -.3120E+02   -.3131E+02   -.3136E+02   -.3122E+02   -.3080E+02   -.2970E+02   -.2786E+02   -.4392E+02   -.2124E+02   -.1265E+02   -.1277E+02   -.1106E+02   -.1065E+02   -.9663E+01   -.9069E+01   -.8388E+01   -.7847E+01   -.7316E+01   -.6855E+01   -.6430E+01   -.6061E+01   -.5723E+01   -.5427E+01   -.5153E+01   -.4919E+01   -.4725E+01   -.4549E+01   -.4358E+01   -.4222E+01   -.4057E+01   -.3873E+01   -.3758E+01   -.3648E+01   -.3502E+01   -.3376E+01   -.3288E+01   -.3206E+01   -.3116E+01   -.2546E+01   -.2445E+01   -.2392E+01   -.2355E+01   -.2327E+01   -.2285E+01   -.2241E+01   -.2201E+01   -.2175E+01   -.2153E+01   -.2113E+01   -.2068E+01   -.2049E+01   -.2032E+01   -.1998E+01   -.1967E+01   -.1944E+01   -.1927E+01   -.1901E+01   -.1880E+01   -.1862E+01   -.1842E+01   -.1820E+01   -.1804E+01   -.1787E+01   -.1776E+01   -.1757E+01   -.1736E+01   -.1723E+01   -.1712E+01   -.1704E+01   -.1686E+01   -.1673E+01   -.1664E+01   -.1648E+01   -.1639E+01   -.1632E+01   -.1619E+01   -.1607E+01   -.1599E+01   -.1591E+01   -.1583E+01   -.1573E+01   -.1563E+01   -.1556E+01   -.1551E+01   -.1543E+01   -.1534E+01   -.1529E+01   -.1524E+01   -.1516E+01   -.1509E+01   -.1504E+01   -.1501E+01   -.1494E+01   -.1489E+01   -.1483E+01   -.1479E+01   -.1475E+01   -.1471E+01   -.1466E+01
0.3747E+04   0.4067E+02   -.3003E+02   -.3004E+02   -.3005E+02   -.3006E+02   -.3007E+02   -.3008E+02   -.3010E+02   -.3011E+02   -.3012E+02   -.3014E+02   -.3016E+02   -.3018E+02   -.3020E+02   -.3022E+02   -.3024E+02   -.3027E+02   -.3030E+02   -.3033E+02   -.3037E+02   -.3041E+02   -.3046E+02   -.3052E+02   -.3058E+02   -.3065E+02   -.3074E+02   -.3084E+02   -.3095E+02   -.3107E+02   -.3120E+02   -.3131E+02   -.3135E+02   -.3122E+02   -.3079E+02   -.2969E+02   -.2786E+02   -.4392E+02   -.2124E+02   -.1265E+02   -.1277E+02   -.1106E+02   -.1065E+02   -.9662E+01   -.9069E+01   -.8387E+01   -.7847E+01   -.7315E+01   -.6854E+01   -.6430E+01   -.6061E+01   -.5723E+01   -.5427E+01   -.5153E+01   -.4919E+01   -.4724E+01   -.4549E+01   -.4357E+01   -.4222E+01   -.4055E+01   -.3874E+01   -.3761E+01   -.3651E+01   -.3500E+01   -.3380E+01   -.3291E+01   -.3204E+01   -.3101E+01   -.3013E+01   -.2465E+01   -.2390E+01   -.2352E+01   -.2326E+01   -.2297E+01   -.2231E+01   -.2205E+01   -.2183E+01   -.2139E+01   -.2108E+01   -.2076E+01   -.2056E+01   -.2030E+01   -.1995E+01   -.1964E+01   -.1948E+01   -.1928E+01   -.1902E+01   -.1876E+01   -.1859E+01   -.1842E+01   -.1817E+01   -.1803E+01   -.1791E+01   -.1775E+01   -.1757E+01   -.1741E+01   -.1726E+01   -.1716E+01   -.1705E+01   -.1685E+01   -.1672E+01   -.1664E+01   -.1655E+01   -.1637E+01   -.1627E+01   -.1619E+01   -.1612E+01   -.1597E+01   -.1590E+01   -.1583E+01   -.1574E+01   -.1564E+01   -.1556E+01   -.1549E+01   -.1543E+01   -.1535E+01   -.1528E+01   -.1521E+01   -.1516E+01   -.1510E+01   -.1506E+01   -.1499E+01   -.1493E+01   -.1488E+01   -.1484E+01   -.1479E+01   -.1474E+01   -.1469E+01   -.1465E+01   -.1461E+01
0.3746E+04   0.4100E+02   -.3003E+02   -.3004E+02   -.3005E+02   -.3006E+02   -.3008E+02   -.3009E+02   -.3010E+02   -.3012E+02   -.3013E+02   -.3015E+02   -.3017E+02   -.3019E+02   -.3021E+02   -.3024E+02   -.3026E+02   -.3029E+02   -.3033E+02   -.3037E+02   -.3041E+02   -.3046E+02   -.3051E+02   -.3058E+02   -.3065E+02   -.3073E+02   -.3083E+02   -.3094E+02   -.3107E+02   -.3120E+02   -.3131E+02   -.3135E+02   -.3122E+02   -.3079E+02   -.2969E+02   -.2786E+02   -.4392E+02   -.2123E+02   -.1265E+02   -.1277E+02   -.1106E+02   -.1064E+02   -.9661E+01   -.9068E+01   -.8386E+01   -.7846E+01   -.7315E+01   -.6854E+01   -.6430E+01   -.6061E+01   -.5723E+01   -.5427E+01   -.5153E+01   -.4919E+01   -.4724E+01   -.4549E+01   -.4357E+01   -.4220E+01   -.4056E+01   -.3872E+01   -.3758E+01   -.3649E+01   -.3506E+01   -.3374E+01   -.3289E+01   -.3207E+01   -.3125E+01   -.3020E+01   -.2946E+01   -.2402E+01   -.2342E+01   -.2303E+01   -.2274E+01   -.2245E+01   -.2201E+01   -.2173E+01   -.2133E+01   -.2108E+01   -.2081E+01   -.2051E+01   -.2021E+01   -.1995E+01   -.1966E+01   -.1944E+01   -.1928E+01   -.1911E+01   -.1875E+01   -.1858E+01   -.1844E+01   -.1819E+01   -.1808E+01   -.1788E+01   -.1771E+01   -.1752E+01   -.1740E+01   -.1730E+01   -.1714E+01   -.1696E+01   -.1685E+01   -.1673E+01   -.1663E+01   -.1645E+01   -.1637E+01   -.1629E+01   -.1622E+01   -.1605E+01   -.1598E+01   -.1592E+01   -.1584E+01   -.1569E+01   -.1562E+01   -.1557E+01   -.1553E+01   -.1540E+01   -.1532E+01   -.1527E+01   -.1523E+01   -.1516E+01   -.1511E+01   -.1504E+01   -.1499E+01   -.1493E+01   -.1486E+01   -.1483E+01   -.1479E+01   -.1474E+01   -.1467E+01   -.1464E+01   -.1462E+01   -.1457E+01
0.3745E+04   0.4133E+02   -.3004E+02   -.3005E+02   -.3006E+02   -.3007E+02   -.3008E+02   -.3010E+02   -.3011E+02   -.3013E+02   -.3015E+02   -.3016E+02   -.3018E+02   -.3021E+02   -.3023E+02   -.3026E+02   -.3029E+02   -.3032E+02   -.3036E+02   -.3040E+02   -.3045E+02   -.3051E+02   -.3057E+02   -.3065E+02   -.3073E+02   -.3083E+02   -.3094E+02   -.3107E+02   -.3119E+02   -.3130E+02   -.3135E+02   -.3121E+02   -.3079E+02   -.2969E+02   -.2785E+02   -.4391E+02   -.2123E+02   -.1264E+02   -.1277E+02   -.1106E+02   -.1064E+02   -.9660E+01   -.9067E+01   -.8385E+01   -.7846E+01   -.7315E+01   -.6854E+01   -.6430E+01   -.6061E+01   -.5723E+01   -.5427E+01   -.5153E+01   -.4919E+01   -.4724E+01   -.4549E+01   -.4357E+01   -.4220E+01   -.4056E+01   -.3873E+01   -.3758E+01   -.3650E+01   -.3506E+01   -.3379E+01   -.3285E+01   -.3206E+01   -.3132E+01   -.3015E+01   -.2945E+01   -.2878E+01   -.2383E+01   -.2295E+01   -.2271E+01   -.2235E+01   -.2203E+01   -.2167E+01   -.2139E+01   -.2106E+01   -.2076E+01   -.2053E+01   -.2021E+01   -.1996E+01   -.1970E+01   -.1943E+01   -.1924E+01   -.1902E+01   -.1881E+01   -.1859E+01   -.1843E+01   -.1820E+01   -.1806E+01   -.1789E+01   -.1770E+01   -.1757E+01   -.1742E+01   -.1727E+01   -.1712E+01   -.1700E+01   -.1687E+01   -.1674E+01   -.1660E+01   -.1650E+01   -.1640E+01   -.1631E+01   -.1617E+01   -.1607E+01   -.1599E+01   -.1591E+01   -.1581E+01   -.1572E+01   -.1565E+01   -.1558E+01   -.1549E+01   -.1541E+01   -.1537E+01   -.1530E+01   -.1522E+01   -.1515E+01   -.1509E+01   -.1505E+01   -.1500E+01   -.1494E+01   -.1488E+01   -.1483E+01   -.1480E+01   -.1475E+01   -.1470E+01   -.1467E+01   -.1461E+01   -.1458E+01   -.1454E+01
0.3744E+04   0.4167E+02   -.3004E+02   -.3005E+02   -.3006E+02   -.3007E+02   -.3009E+02   -.3010E+02   -.3012E+02   -.3014E+02   -.3016E+02   -.3018E+02   -.3020E+02   -.3023E+02   -.3025E+02   -.3028E+02   -.3032E+02   -.3036E+02   -.3040E+02   -.3045E+02   -.3050E+02   -.3057E+02   -.3064E+02   -.3073E+02   -.3083E+02   -.3094E+02   -.3106E+02   -.3119E+02   -.3130E+02   -.3134E+02   -.3121E+02   -.3079E+02   -.2969E+02   -.2785E+02   -.4391E+02   -.2123E+02   -.1264E+02   -.1277E+02   -.1106E+02   -.1064E+02   -.9659E+01   -.9066E+01   -.8385E+01   -.7845E+01   -.7314E+01   -.6854E+01   -.6429E+01   -.6061E+01   -.5723E+01   -.5427E+01   -.5153E+01   -.4919E+01   -.4724E+01   -.4550E+01   -.4356E+01   -.4219E+01   -.4055E+01   -.3874E+01   -.3757E+01   -.3650E+01   -.3505E+01   -.3384E+01   -.3294E+01   -.3214E+01   -.3101E+01   -.3011E+01   -.2943E+01   -.2878E+01   -.2800E+01   -.2362E+01   -.2293E+01   -.2226E+01   -.2194E+01   -.2167E+01   -.2136E+01   -.2111E+01   -.2074E+01   -.2054E+01   -.2023E+01   -.1990E+01   -.1969E+01   -.1948E+01   -.1922E+01   -.1899E+01   -.1879E+01   -.1858E+01   -.1836E+01   -.1819E+01   -.1807E+01   -.1791E+01   -.1770E+01   -.1752E+01   -.1742E+01   -.1730E+01   -.1713E+01   -.1698E+01   -.1686E+01   -.1676E+01   -.1661E+01   -.1648E+01   -.1638E+01   -.1631E+01   -.1618E+01   -.1607E+01   -.1599E+01   -.1592E+01   -.1581E+01   -.1570E+01   -.1563E+01   -.1558E+01   -.1553E+01   -.1541E+01   -.1533E+01   -.1528E+01   -.1525E+01   -.1519E+01   -.1509E+01   -.1504E+01   -.1500E+01   -.1497E+01   -.1488E+01   -.1482E+01   -.1479E+01   -.1476E+01   -.1470E+01   -.1466E+01   -.1462E+01   -.1458E+01   -.1454E+01   -.1451E+01
0.3743E+04   0.4200E+02   -.3004E+02   -.3005E+02   -.3007E+02   -.3008E+02   -.3010E+02   -.3011E+02   -.3013E+02   -.3015E+02   -.3017E+02   -.3019E+02   -.3022E+02   -.3025E+02   -.3028E+02   -.3031E+02   -.3035E+02   -.3039E+02   -.3044E+02   -.3050E+02   -.3056E+02   -.3064E+02   -.3072E+02   -.3082E+02   -.3093E+02   -.3106E+02   -.3119E+02   -.3130E+02   -.3134E+02   -.3121E+02   -.3078E+02   -.2968E+02   -.2785E+02   -.4390E+02   -.2122E+02   -.1264E+02   -.1277E+02   -.1106E+02   -.1064E+02   -.9658E+01   -.9065E+01   -.8384E+01   -.7845E+01   -.7314E+01   -.6853E+01   -.6429E+01   -.6061E+01   -.5723E+01   -.5427E+01   -.5153E+01   -.4919E+01   -.4724E+01   -.4550E+01   -.4356E+01   -.4218E+01   -.4054E+01   -.3876E+01   -.3756E+01   -.3649E+01   -.3500E+01   -.3400E+01   -.3307E+01   -.3197E+01   -.3107E+01   -.3020E+01   -.2954E+01   -.2864E+01   -.2789E+01   -.2737E+01   -.2312E+01   -.2230E+01   -.2189E+01   -.2160E+01   -.2137E+01   -.2115E+01   -.2074E+01   -.2047E+01   -.2024E+01   -.1996E+01   -.1967E+01   -.1944E+01   -.1918E+01   -.1901E+01   -.1881E+01   -.1863E+01   -.1841E+01   -.1824E+01   -.1811E+01   -.1786E+01   -.1774E+01   -.1760E+01   -.1745E+01   -.1725E+01   -.1712E+01   -.1702E+01   -.1689E+01   -.1674E+01   -.1664E+01   -.1654E+01   -.1644E+01   -.1630E+01   -.1619E+01   -.1613E+01   -.1602E+01   -.1589E+01   -.1582E+01   -.1577E+01   -.1568E+01   -.1556E+01   -.1550E+01   -.1545E+01   -.1536E+01   -.1530E+01   -.1523E+01   -.1518E+01   -.1514E+01   -.1505E+01   -.1501E+01   -.1497E+01   -.1490E+01   -.1483E+01   -.1480E+01   -.1477E+01   -.1472E+01   -.1466E+01   -.1462E+01   -.1459E+01   -.1455E+01   -.1452E+01   -.1448E+01
0.3742E+04   0.4233E+02   -.3004E+02   -.3006E+02   -.3007E+02   -.3009E+02   -.3010E+02   -.3012E+02   -.3014E+02   -.3016E+02   -.3019E+02   -.3021E+02   -.3024E+02   -.3027E+02   -.3031E+02   -.3034E+02   -.3039E+02   -.3044E+02   -.3049E+02   -.3056E+02   -.3063E+02   -.3072E+02   -.3082E+02   -.3093E+02   -.3105E+02   -.3118E+02   -.3129E+02   -.3134E+02   -.3120E+02   -.3078E+02   -.2968E+02   -.2785E+02   -.4390E+02   -.2122E+02   -.1264E+02   -.1276E+02   -.1105E+02   -.1064E+02   -.9657E+01   -.9065E+01   -.8384E+01   -.7844E+01   -.7313E+01   -.6853E+01   -.6429E+01   -.6061E+01   -.5723E+01   -.5428E+01   -.5154E+01   -.4919E+01   -.4724E+01   -.4550E+01   -.4355E+01   -.4217E+01   -.4052E+01   -.3880E+01   -.3754E+01   -.3644E+01   -.3518E+01   -.3397E+01   -.3303E+01   -.3197E+01   -.3109E+01   -.3020E+01   -.2953E+01   -.2888E+01   -.2789E+01   -.2732E+01   -.2682E+01   -.2286E+01   -.2198E+01   -.2169E+01   -.2130E+01   -.2102E+01   -.2077E+01   -.2046E+01   -.2017E+01   -.1994E+01   -.1966E+01   -.1944E+01   -.1922E+01   -.1903E+01   -.1882E+01   -.1857E+01   -.1842E+01   -.1823E+01   -.1811E+01   -.1788E+01   -.1770E+01   -.1756E+01   -.1741E+01   -.1727E+01   -.1718E+01   -.1701E+01   -.1685E+01   -.1671E+01   -.1663E+01   -.1656E+01   -.1638E+01   -.1627E+01   -.1619E+01   -.1611E+01   -.1599E+01   -.1592E+01   -.1581E+01   -.1574E+01   -.1565E+01   -.1556E+01   -.1551E+01   -.1545E+01   -.1535E+01   -.1529E+01   -.1524E+01   -.1516E+01   -.1513E+01   -.1506E+01   -.1499E+01   -.1495E+01   -.1490E+01   -.1485E+01   -.1480E+01   -.1475E+01   -.1471E+01   -.1468E+01   -.1462E+01   -.1458E+01   -.1455E+01   -.1451E+01   -.1448E+01   -.1442E+01
0.3741E+04   0.4267E+02   -.3005E+02   -.3006E+02   -.3008E+02   -.3009E+02   -.3011E+02   -.3013E+02   -.3015E+02   -.3018E+02   -.3020E+02   -.3023E+02   -.3026E+02   -.3030E+02   -.3034E+02   -.3038E+02   -.3043E+02   -.3049E+02   -.3055E+02   -.3063E+02   -.3071E+02   -.3081E+02   -.3092E+02   -.3105E+02   -.3118E+02   -.3129E+02   -.3133E+02   -.3120E+02   -.3077E+02   -.2968E+02   -.2784E+02   -.4389E+02   -.2122E+02   -.1264E+02   -.1276E+02   -.1105E+02   -.1064E+02   -.9656E+01   -.9064E+01   -.8383E+01   -.7844E+01   -.7313E+01   -.6853E+01   -.6429E+01   -.6061E+01   -.5724E+01   -.5428E+01   -.5154E+01   -.4919E+01   -.4724E+01   -.4550E+01   -.4355E+01   -.4216E+01   -.4051E+01   -.3883E+01   -.3754E+01   -.3645E+01   -.3524E+01   -.3404E+01   -.3299E+01   -.3205E+01   -.3125E+01   -.3017E+01   -.2941E+01   -.2875E+01   -.2792E+01   -.2741E+01   -.2672E+01   -.2601E+01   -.2251E+01   -.2171E+01   -.2137E+01   -.2109E+01   -.2075E+01   -.2050E+01   -.2020E+01   -.1996E+01   -.1972E+01   -.1949E+01   -.1918E+01   -.1900E+01   -.1885E+01   -.1865E+01   -.1839E+01   -.1822E+01   -.1808E+01   -.1791E+01   -.1771E+01   -.1755E+01   -.1742E+01   -.1731E+01   -.1712E+01   -.1701E+01   -.1688E+01   -.1676E+01   -.1664E+01   -.1652E+01   -.1644E+01   -.1629E+01   -.1619E+01   -.1612E+01   -.1602E+01   -.1593E+01   -.1584E+01   -.1576E+01   -.1565E+01   -.1558E+01   -.1552E+01   -.1547E+01   -.1539E+01   -.1530E+01   -.1525E+01   -.1521E+01   -.1513E+01   -.1507E+01   -.1502E+01   -.1496E+01   -.1490E+01   -.1487E+01   -.1482E+01   -.1477E+01   -.1471E+01   -.1468E+01   -.1465E+01   -.1460E+01   -.1456E+01   -.1452E+01   -.1449E+01   -.1445E+01   -.1441E+01
0.3740E+04   0.4300E+02   -.3005E+02   -.3007E+02   -.3008E+02   -.3010E+02   -.3012E+02   -.3014E+02   -.3017E+02   -.3019E+02   -.3022E+02   -.3025E+02   -.3029E+02   -.3033E+02   -.3037E+02   -.3042E+02   -.3048E+02   -.3054E+02   -.3062E+02   -.3071E+02   -.3080E+02   -.3092E+02   -.3104E+02   -.3117E+02   -.3128E+02   -.3133E+02   -.3119E+02   -.3077E+02   -.2967E+02   -.2784E+02   -.4389E+02   -.2121E+02   -.1263E+02   -.1276E+02   -.1105E+02   -.1064E+02   -.9655E+01   -.9063E+01   -.8382E+01   -.7844E+01   -.7313E+01   -.6853E+01   -.6429E+01   -.6061E+01   -.5724E+01   -.5428E+01   -.5154E+01   -.4919E+01   -.4724E+01   -.4550E+01   -.4354E+01   -.4216E+01   -.4050E+01   -.3885E+01   -.3754E+01   -.3646E+01   -.3518E+01   -.3399E+01   -.3307E+01   -.3198E+01   -.3101E+01   -.3025E+01   -.2950E+01   -.2864E+01   -.2802E+01   -.2732E+01   -.2671E+01   -.2600E+01   -.2547E+01   -.2196E+01   -.2127E+01   -.2101E+01   -.2078E+01   -.2050E+01   -.2013E+01   -.1993E+01   -.1976E+01   -.1946E+01   -.1924E+01   -.1906E+01   -.1875E+01   -.1860E+01   -.1842E+01   -.1829E+01   -.1805E+01   -.1782E+01   -.1770E+01   -.1760E+01   -.1746E+01   -.1722E+01   -.1713E+01   -.1702E+01   -.1694E+01   -.1672E+01   -.1663E+01   -.1653E+01   -.1640E+01   -.1628E+01   -.1621E+01   -.1612E+01   -.1600E+01   -.1589E+01   -.1583E+01   -.1575E+01   -.1568E+01   -.1559E+01   -.1551E+01   -.1543E+01   -.1537E+01   -.1532E+01   -.1525E+01   -.1517E+01   -.1513E+01   -.1507E+01   -.1501E+01   -.1495E+01   -.1491E+01   -.1487E+01   -.1480E+01   -.1476E+01   -.1473E+01   -.1467E+01   -.1462E+01   -.1460E+01   -.1455E+01   -.1452E+01   -.1448E+01   -.1444E+01   -.1440E+01   -.1437E+01
0.3739E+04   0.4333E+02   -.3006E+02   -.3007E+02   -.3009E+02   -.3011E+02   -.3013E+02   -.3016E+02   -.3018E+02   -.3021E+02   -.3025E+02   -.3028E+02   -.3032E+02   -.3036E+02   -.3041E+02   -.3047E+02   -.3054E+02   -.3061E+02   -.3070E+02   -.3080E+02   -.3091E+02   -.3104E+02   -.3117E+02   -.3128E+02   -.3132E+02   -.3119E+02   -.3076E+02   -.2967E+02   -.2783E+02   -.4388E+02   -.2121E+02   -.1263E+02   -.1276E+02   -.1105E+02   -.1064E+02   -.9654E+01   -.9062E+01   -.8382E+01   -.7843E+01   -.7313E+01   -.6853E+01   -.6429E+01   -.6061E+01   -.5724E+01   -.5428E+01   -.5155E+01   -.4919E+01   -.4724E+01   -.4551E+01   -.4355E+01   -.4215E+01   -.4049E+01   -.3887E+01   -.3755E+01   -.3630E+01   -.3515E+01   -.3388E+01   -.3300E+01   -.3221E+01   -.3104E+01   -.3011E+01   -.2938E+01   -.2872E+01   -.2803E+01   -.2739E+01   -.2674E+01   -.2608E+01   -.2547E+01   -.2492E+01   -.2177E+01   -.2099E+01   -.2067E+01   -.2049E+01   -.2028E+01   -.1989E+01   -.1964E+01   -.1944E+01   -.1922E+01   -.1903E+01   -.1878E+01   -.1857E+01   -.1844E+01   -.1825E+01   -.1802E+01   -.1786E+01   -.1773E+01   -.1758E+01   -.1743E+01   -.1729E+01   -.1712E+01   -.1702E+01   -.1688E+01   -.1675E+01   -.1661E+01   -.1652E+01   -.1640E+01   -.1630E+01   -.1621E+01   -.1610E+01   -.1598E+01   -.1591E+01   -.1582E+01   -.1576E+01   -.1565E+01   -.1558E+01   -.1551E+01   -.1544E+01   -.1537E+01   -.1529E+01   -.1524E+01   -.1517E+01   -.1514E+01   -.1508E+01   -.1500E+01   -.1494E+01   -.1489E+01   -.1486E+01   -.1483E+01   -.1475E+01   -.1471E+01   -.1469E+01   -.1463E+01   -.1459E+01   -.1456E+01   -.1452E+01   -.1447E+01   -.1444E+01   -.1441E+01   -.1437E+01   -.1433E+01
0.3738E+04   0.4367E+02   -.3006E+02   -.3008E+02   -.3010E+02   -.3012E+02   -.3015E+02   -.3017E+02   -.3020E+02   -.3023E+02   -.3027E+02   -.3031E+02   -.3036E+02   -.3041E+02   -.3046E+02   -.3053E+02   -.3060E+02   -.3069E+02   -.3079E+02   -.3090E+02   -.3103E+02   -.3116E+02   -.3127E+02   -.3131E+02   -.3118E+02   -.3076E+02   -.2966E+02   -.2783E+02   -.4387E+02   -.2120E+02   -.1263E+02   -.1276E+02   -.1105E+02   -.1063E+02   -.9653E+01   -.9062E+01   -.8381E+01   -.7843E+01   -.7313E+01   -.6853E+01   -.6430E+01   -.6062E+01   -.5725E+01   -.5429E+01   -.5155E+01   -.4920E+01   -.4724E+01   -.4552E+01   -.4356E+01   -.4216E+01   -.4047E+01   -.3894E+01   -.3761E+01   -.3624E+01   -.3513E+01   -.3406E+01   -.3309E+01   -.3212E+01   -.3100E+01   -.3013E+01   -.2955E+01   -.2888E+01   -.2798E+01   -.2739E+01   -.2671E+01   -.2620E+01   -.2555E+01   -.2489E+01   -.2447E+01   -.2147E+01   -.2083E+01   -.2032E+01   -.2011E+01   -.1992E+01   -.1976E+01   -.1944E+01   -.1917E+01   -.1902E+01   -.1887E+01   -.1867E+01   -.1836E+01   -.1823E+01   -.1810E+01   -.1798E+01   -.1768E+01   -.1755E+01   -.1745E+01   -.1733E+01   -.1715E+01   -.1701E+01   -.1689E+01   -.1677E+01   -.1665E+01   -.1653E+01   -.1642E+01   -.1632E+01   -.1621E+01   -.1613E+01   -.1602E+01   -.1592E+01   -.1583E+01   -.1576E+01   -.1568E+01   -.1561E+01   -.1551E+01   -.1545E+01   -.1540E+01   -.1531E+01   -.1524E+01   -.1520E+01   -.1514E+01   -.1509E+01   -.1502E+01   -.1498E+01   -.1492E+01   -.1487E+01   -.1483E+01   -.1477E+01   -.1473E+01   -.1470E+01   -.1466E+01   -.1461E+01   -.1457E+01   -.1453E+01   -.1450E+01   -.1447E+01   -.1442E+01   -.1438E+01   -.1437E+01   -.1434E+01
0.3737E+04   0.4400E+02   -.3007E+02   -.3009E+02   -.3011E+02   -.3013E+02   -.3016E+02   -.3019E+02   -.3022E+02   -.3026E+02   -.3030E+02   -.3034E+02   -.3040E+02   -.3045E+02   -.3052E+02   -.3059E+02   -.3068E+02   -.3078E+02   -.3090E+02   -.3102E+02   -.3115E+02   -.3126E+02   -.3131E+02   -.3118E+02   -.3075E+02   -.2965E+02   -.2782E+02   -.4387E+02   -.2120E+02   -.1263E+02   -.1275E+02   -.1105E+02   -.1063E+02   -.9652E+01   -.9061E+01   -.8381E+01   -.7843E+01   -.7313E+01   -.6853E+01   -.6430E+01   -.6062E+01   -.5726E+01   -.5430E+01   -.5156E+01   -.4920E+01   -.4725E+01   -.4552E+01   -.4358E+01   -.4216E+01   -.4049E+01   -.3898E+01   -.3763E+01   -.3623E+01   -.3519E+01   -.3411E+01   -.3314E+01   -.3212E+01   -.3100E+01   -.3019E+01   -.2955E+01   -.2888E+01   -.2804E+01   -.2735E+01   -.2671E+01   -.2607E+01   -.2556E+01   -.2490E+01   -.2447E+01   -.2397E+01   -.2143E+01   -.2054E+01   -.2012E+01   -.1989E+01   -.1965E+01   -.1944E+01   -.1919E+01   -.1899E+01   -.1878E+01   -.1862E+01   -.1842E+01   -.1824E+01   -.1810E+01   -.1788E+01   -.1773E+01   -.1756E+01   -.1746E+01   -.1734E+01   -.1711E+01   -.1702E+01   -.1693E+01   -.1681E+01   -.1662E+01   -.1651E+01   -.1642E+01   -.1635E+01   -.1620E+01   -.1612E+01   -.1603E+01   -.1597E+01   -.1585E+01   -.1573E+01   -.1567E+01   -.1562E+01   -.1554E+01   -.1545E+01   -.1540E+01   -.1534E+01   -.1525E+01   -.1520E+01   -.1514E+01   -.1510E+01   -.1502E+01   -.1497E+01   -.1492E+01   -.1489E+01   -.1482E+01   -.1478E+01   -.1474E+01   -.1469E+01   -.1464E+01   -.1461E+01   -.1458E+01   -.1453E+01   -.1449E+01   -.1447E+01   -.1444E+01   -.1438E+01   -.1436E+01   -.1434E+01   -.1430E+01
0.3736E+04   0.4433E+02   -.3007E+02   -.3009E+02   -.3012E+02   -.3015E+02   -.3018E+02   -.3021E+02   -.3025E+02   -.3029E+02   -.3033E+02   -.3038E+02   -.3044E+02   -.3051E+02   -.3058E+02   -.3067E+02   -.3077E+02   -.3089E+02   -.3101E+02   -.3114E+02   -.3125E+02   -.3130E+02   -.3117E+02   -.3074E+02   -.2965E+02   -.2782E+02   -.4386E+02   -.2119E+02   -.1262E+02   -.1275E+02   -.1104E+02   -.1063E+02   -.9651E+01   -.9060E+01   -.8381E+01   -.7843E+01   -.7313E+01   -.6854E+01   -.6430E+01   -.6063E+01   -.5726E+01   -.5431E+01   -.5157E+01   -.4921E+01   -.4725E+01   -.4552E+01   -.4359E+01   -.4217E+01   -.4049E+01   -.3900E+01   -.3766E+01   -.3623E+01   -.3516E+01   -.3422E+01   -.3308E+01   -.3204E+01   -.3117E+01   -.3027E+01   -.2948E+01   -.2882E+01   -.2807E+01   -.2752E+01   -.2680E+01   -.2604E+01   -.2552E+01   -.2505E+01   -.2451E+01   -.2389E+01   -.2340E+01   -.2075E+01   -.2009E+01   -.1987E+01   -.1970E+01   -.1948E+01   -.1920E+01   -.1902E+01   -.1878E+01   -.1864E+01   -.1848E+01   -.1823E+01   -.1802E+01   -.1790E+01   -.1777E+01   -.1759E+01   -.1746E+01   -.1730E+01   -.1716E+01   -.1704E+01   -.1690E+01   -.1676E+01   -.1668E+01   -.1652E+01   -.1641E+01   -.1632E+01   -.1623E+01   -.1611E+01   -.1602E+01   -.1595E+01   -.1585E+01   -.1576E+01   -.1566E+01   -.1560E+01   -.1555E+01   -.1548E+01   -.1537E+01   -.1532E+01   -.1528E+01   -.1519E+01   -.1513E+01   -.1510E+01   -.1504E+01   -.1497E+01   -.1492E+01   -.1488E+01   -.1483E+01   -.1479E+01   -.1473E+01   -.1469E+01   -.1465E+01   -.1462E+01   -.1458E+01   -.1453E+01   -.1451E+01   -.1447E+01   -.1443E+01   -.1441E+01   -.1436E+01   -.1433E+01   -.1431E+01   -.1428E+01
0.3735E+04   0.4467E+02   -.3008E+02   -.3010E+02   -.3013E+02   -.3016E+02   -.3020E+02   -.3023E+02   -.3027E+02   -.3032E+02   -.3037E+02   -.3043E+02   -.3050E+02   -.3057E+02   -.3066E+02   -.3076E+02   -.3088E+02   -.3100E+02   -.3113E+02   -.3125E+02   -.3129E+02   -.3116E+02   -.3073E+02   -.2964E+02   -.2781E+02   -.4385E+02   -.2119E+02   -.1262E+02   -.1275E+02   -.1104E+02   -.1063E+02   -.9650E+01   -.9060E+01   -.8380E+01   -.7843E+01   -.7313E+01   -.6854E+01   -.6431E+01   -.6064E+01   -.5727E+01   -.5432E+01   -.5158E+01   -.4921E+01   -.4726E+01   -.4553E+01   -.4360E+01   -.4217E+01   -.4052E+01   -.3907E+01   -.3770E+01   -.3622E+01   -.3523E+01   -.3437E+01   -.3308E+01   -.3199E+01   -.3117E+01   -.3043E+01   -.2964E+01   -.2875E+01   -.2809E+01   -.2751E+01   -.2681E+01   -.2616E+01   -.2561E+01   -.2503E+01   -.2453E+01   -.2391E+01   -.2344E+01   -.2307E+01   -.2082E+01   -.1993E+01   -.1964E+01   -.1946E+01   -.1931E+01   -.1895E+01   -.1876E+01   -.1862E+01   -.1849E+01   -.1828E+01   -.1804E+01   -.1789E+01   -.1779E+01   -.1761E+01   -.1745E+01   -.1730E+01   -.1718E+01   -.1703E+01   -.1688E+01   -.1678E+01   -.1670E+01   -.1653E+01   -.1642E+01   -.1633E+01   -.1624E+01   -.1614E+01   -.1605E+01   -.1595E+01   -.1587E+01   -.1579E+01   -.1570E+01   -.1564E+01   -.1555E+01   -.1546E+01   -.1542E+01   -.1536E+01   -.1526E+01   -.1520E+01   -.1516E+01   -.1511E+01   -.1506E+01   -.1498E+01   -.1494E+01   -.1491E+01   -.1485E+01   -.1480E+01   -.1476E+01   -.1470E+01   -.1467E+01   -.1464E+01   -.1460E+01   -.1456E+01   -.1452E+01   -.1448E+01   -.1445E+01   -.1442E+01   -.1438E+01   -.1435E+01   -.1432E+01   -.1429E+01   -.1426E+01
0.3734E+04   0.4500E+02   -.3009E+02   -.3011E+02   -.3015E+02   -.3018E+02   -.3022E+02   -.3026E+02   -.3031E+02   -.3036E+02   -.3042E+02   -.3048E+02   -.3056E+02   -.3065E+02   -.3075E+02   -.3087E+02   -.3099E+02   -.3112E+02   -.3124E+02   -.3128E+02   -.3115E+02   -.3072E+02   -.2963E+02   -.2780E+02   -.4384E+02   -.2118E+02   -.1262E+02   -.1275E+02   -.1104E+02   -.1063E+02   -.9649E+01   -.9059E+01   -.8380E+01   -.7843E+01   -.7313E+01   -.6854E+01   -.6432E+01   -.6065E+01   -.5728E+01   -.5433E+01   -.5160E+01   -.4922E+01   -.4726E+01   -.4555E+01   -.4363E+01   -.4219E+01   -.4054E+01   -.3894E+01   -.3766E+01   -.3651E+01   -.3528E+01   -.3409E+01   -.3309E+01   -.3211E+01   -.3126E+01   -.3036E+01   -.2958E+01   -.2875E+01   -.2812E+01   -.2748E+01   -.2684E+01   -.2622E+01   -.2559E+01   -.2504E+01   -.2458E+01   -.2408E+01   -.2352E+01   -.2305E+01   -.2278E+01   -.2022E+01   -.1963E+01   -.1940E+01   -.1925E+01   -.1904E+01   -.1877E+01   -.1858E+01   -.1842E+01   -.1830E+01   -.1811E+01   -.1789E+01   -.1773E+01   -.1760E+01   -.1750E+01   -.1734E+01   -.1719E+01   -.1706E+01   -.1692E+01   -.1679E+01   -.1671E+01   -.1659E+01   -.1644E+01   -.1637E+01   -.1625E+01   -.1616E+01   -.1606E+01   -.1598E+01   -.1585E+01   -.1577E+01   -.1572E+01   -.1565E+01   -.1555E+01   -.1547E+01   -.1541E+01   -.1536E+01   -.1530E+01   -.1524E+01   -.1516E+01   -.1512E+01   -.1507E+01   -.1501E+01   -.1495E+01   -.1491E+01   -.1487E+01   -.1480E+01   -.1476E+01   -.1472E+01   -.1469E+01   -.1464E+01   -.1460E+01   -.1457E+01   -.1453E+01   -.1450E+01   -.1447E+01   -.1442E+01   -.1440E+01   -.1436E+01   -.1433E+01   -.1430E+01   -.1427E+01   -.1425E+01
0.3733E+04   0.4533E+02   -.3010E+02   -.3013E+02   -.3016E+02   -.3020E+02   -.3024E+02   -.3029E+02   -.3034E+02   -.3040E+02   -.3047E+02   -.3055E+02   -.3064E+02   -.3074E+02   -.3085E+02   -.3098E+02   -.3111E+02   -.3122E+02   -.3127E+02   -.3114E+02   -.3071E+02   -.2962E+02   -.2779E+02   -.4382E+02   -.2118E+02   -.1262E+02   -.1275E+02   -.1104E+02   -.1063E+02   -.9649E+01   -.9059E+01   -.8380E+01   -.7843E+01   -.7314E+01   -.6855E+01   -.6433E+01   -.6066E+01   -.5730E+01   -.5434E+01   -.5162E+01   -.4923E+01   -.4727E+01   -.4556E+01   -.4367E+01   -.4222E+01   -.4050E+01   -.3925E+01   -.3777E+01   -.3638E+01   -.3515E+01   -.3420E+01   -.3315E+01   -.3225E+01   -.3121E+01   -.3048E+01   -.2976E+01   -.2872E+01   -.2812E+01   -.2755E+01   -.2685E+01   -.2626E+01   -.2566E+01   -.2498E+01   -.2452E+01   -.2408E+01   -.2367E+01   -.2316E+01   -.2260E+01   -.2232E+01   -.1975E+01   -.1936E+01   -.1917E+01   -.1901E+01   -.1884E+01   -.1855E+01   -.1839E+01   -.1828E+01   -.1810E+01   -.1791E+01   -.1772E+01   -.1759E+01   -.1749E+01   -.1735E+01   -.1715E+01   -.1703E+01   -.1695E+01   -.1681E+01   -.1667E+01   -.1656E+01   -.1646E+01   -.1634E+01   -.1625E+01   -.1613E+01   -.1604E+01   -.1596E+01   -.1587E+01   -.1580E+01   -.1572E+01   -.1562E+01   -.1556E+01   -.1549E+01   -.1543E+01   -.1535E+01   -.1530E+01   -.1522E+01   -.1518E+01   -.1512E+01   -.1506E+01   -.1500E+01   -.1495E+01   -.1490E+01   -.1485E+01   -.1482E+01   -.1478E+01   -.1471E+01   -.1468E+01   -.1466E+01   -.1460E+01   -.1455E+01   -.1452E+01   -.1450E+01   -.1446E+01   -.1441E+01   -.1439E+01   -.1437E+01   -.1433E+01   -.1430E+01   -.1427E+01   -.1425E+01   -.1421E+01
0.3732E+04   0.4567E+02   -.3011E+02   -.3014E+02   -.3018E+02   -.3022E+02   -.3027E+02   -.3032E+02   -.3038E+02   -.3045E+02   -.3053E+02   -.3062E+02   -.3072E+02   -.3084E+02   -.3097E+02   -.3110E+02   -.3121E+02   -.3126E+02   -.3113E+02   -.3070E+02   -.2961E+02   -.2778E+02   -.4381E+02   -.2117E+02   -.1261E+02   -.1274E+02   -.1104E+02   -.1063E+02   -.9648E+01   -.9059E+01   -.8381E+01   -.7844E+01   -.7315E+01   -.6856E+01   -.6434E+01   -.6067E+01   -.5731E+01   -.5436E+01   -.5163E+01   -.4924E+01   -.4728E+01   -.4558E+01   -.4373E+01   -.4223E+01   -.4059E+01   -.3896E+01   -.3787E+01   -.3667E+01   -.3519E+01   -.3414E+01   -.3323E+01   -.3218E+01   -.3117E+01   -.3032E+01   -.2967E+01   -.2885E+01   -.2818E+01   -.2746E+01   -.2680E+01   -.2631E+01   -.2567E+01   -.2511E+01   -.2451E+01   -.2414E+01   -.2373E+01   -.2310E+01   -.2265E+01   -.2233E+01   -.2208E+01   -.1965E+01   -.1912E+01   -.1892E+01   -.1879E+01   -.1866E+01   -.1848E+01   -.1824E+01   -.1812E+01   -.1796E+01   -.1778E+01   -.1765E+01   -.1750E+01   -.1733E+01   -.1717E+01   -.1706E+01   -.1695E+01   -.1681E+01   -.1672E+01   -.1660E+01   -.1645E+01   -.1634E+01   -.1626E+01   -.1619E+01   -.1608E+01   -.1597E+01   -.1589E+01   -.1581E+01   -.1573E+01   -.1564E+01   -.1558E+01   -.1549E+01   -.1543E+01   -.1536E+01   -.1530E+01   -.1524E+01   -.1518E+01   -.1513E+01   -.1507E+01   -.1501E+01   -.1497E+01   -.1492E+01   -.1486E+01   -.1481E+01   -.1478E+01   -.1473E+01   -.1471E+01   -.1465E+01   -.1461E+01   -.1458E+01   -.1454E+01   -.1450E+01   -.1447E+01   -.1444E+01   -.1441E+01   -.1436E+01   -.1434E+01   -.1432E+01   -.1429E+01   -.1425E+01   -.1423E+01   -.1420E+01
0.3731E+04   0.4600E+02   -.3012E+02   -.3016E+02   -.3020E+02   -.3025E+02   -.3030E+02   -.3036E+02   -.3043E+02   -.3051E+02   -.3060E+02   -.3071E+02   -.3082E+02   -.3095E+02   -.3108E+02   -.3120E+02   -.3124E+02   -.3111E+02   -.3069E+02   -.2959E+02   -.2777E+02   -.4379E+02   -.2116E+02   -.1261E+02   -.1274E+02   -.1104E+02   -.1063E+02   -.9648E+01   -.9059E+01   -.8381E+01   -.7844E+01   -.7316E+01   -.6857E+01   -.6436E+01   -.6069E+01   -.5733E+01   -.5438E+01   -.5166E+01   -.4925E+01   -.4730E+01   -.4560E+01   -.4377E+01   -.4226E+01   -.4060E+01   -.3916E+01   -.3783E+01   -.3666E+01   -.3514E+01   -.3421E+01   -.3335E+01   -.3210E+01   -.3120E+01   -.3050E+01   -.2965E+01   -.2886E+01   -.2820E+01   -.2763E+01   -.2683E+01   -.2626E+01   -.2577E+01   -.2516E+01   -.2458E+01   -.2410E+01   -.2370E+01   -.2318E+01   -.2280E+01   -.2233E+01   -.2205E+01   -.2171E+01   -.1959E+01   -.1911E+01   -.1880E+01   -.1863E+01   -.1848E+01   -.1826E+01   -.1810E+01   -.1796E+01   -.1783E+01   -.1761E+01   -.1751E+01   -.1735E+01   -.1720E+01   -.1708E+01   -.1694E+01   -.1683E+01   -.1672E+01   -.1659E+01   -.1647E+01   -.1637E+01   -.1628E+01   -.1618E+01   -.1608E+01   -.1598E+01   -.1590E+01   -.1583E+01   -.1572E+01   -.1565E+01   -.1560E+01   -.1553E+01   -.1543E+01   -.1536E+01   -.1532E+01   -.1528E+01   -.1520E+01   -.1512E+01   -.1509E+01   -.1504E+01   -.1499E+01   -.1492E+01   -.1488E+01   -.1484E+01   -.1480E+01   -.1475E+01   -.1471E+01   -.1466E+01   -.1463E+01   -.1459E+01   -.1456E+01   -.1452E+01   -.1448E+01   -.1445E+01   -.1442E+01   -.1438E+01   -.1436E+01   -.1433E+01   -.1430E+01   -.1427E+01   -.1424E+01   -.1422E+01   -.1420E+01
0.3730E+04   0.4633E+02   -.3013E+02   -.3017E+02   -.3022E+02   -.3028E+02   -.3034E+02   -.3041E+02   -.3049E+02   -.3058E+02   -.3069E+02   -.3080E+02   -.3093E+02   -.3107E+02   -.3118E+02   -.3123E+02   -.3110E+02   -.3067E+02   -.2958E+02   -.2775E+02   -.4378E+02   -.2115E+02   -.1261E+02   -.1274E+02   -.1103E+02   -.1063E+02   -.9647E+01   -.9059E+01   -.8382E+01   -.7845E+01   -.7317E+01   -.6858E+01   -.6437E+01   -.6071E+01   -.5735E+01   -.5441E+01   -.5168E+01   -.4927E+01   -.4731E+01   -.4563E+01   -.4380E+01   -.4228E+01   -.4064E+01   -.3919E+01   -.3782E+01   -.3669E+01   -.3518E+01   -.3419E+01   -.3330E+01   -.3226E+01   -.3117E+01   -.3043E+01   -.2980E+01   -.2905E+01   -.2814E+01   -.2744E+01   -.2693E+01   -.2647E+01   -.2591E+01   -.2515E+01   -.2470E+01   -.2431E+01   -.2363E+01   -.2314E+01   -.2277E+01   -.2244E+01   -.2200E+01   -.2161E+01   -.2137E+01   -.1948E+01   -.1885E+01   -.1865E+01   -.1852E+01   -.1833E+01   -.1806E+01   -.1791E+01   -.1780E+01   -.1766E+01   -.1750E+01   -.1737E+01   -.1723E+01   -.1710E+01   -.1699E+01   -.1686E+01   -.1675E+01   -.1661E+01   -.1650E+01   -.1643E+01   -.1630E+01   -.1618E+01   -.1609E+01   -.1603E+01   -.1594E+01   -.1581E+01   -.1574E+01   -.1569E+01   -.1561E+01   -.1554E+01   -.1546E+01   -.1538E+01   -.1532E+01   -.1529E+01   -.1522E+01   -.1515E+01   -.1509E+01   -.1504E+01   -.1499E+01   -.1496E+01   -.1491E+01   -.1484E+01   -.1480E+01   -.1477E+01   -.1471E+01   -.1469E+01   -.1465E+01   -.1460E+01   -.1456E+01   -.1454E+01   -.1451E+01   -.1446E+01   -.1443E+01   -.1441E+01   -.1437E+01   -.1433E+01   -.1432E+01   -.1429E+01   -.1426E+01   -.1423E+01   -.1421E+01   -.1418E+01
0.3729E+04   0.4667E+02   -.3015E+02   -.3020E+02   -.3025E+02   -.3032E+02   -.3039E+02   -.3047E+02   -.3056E+02   -.3066E+02   -.3078E+02   -.3091E+02   -.3105E+02   -.3116E+02   -.3121E+02   -.3108E+02   -.3065E+02   -.2956E+02   -.2774E+02   -.4376E+02   -.2114E+02   -.1260E+02   -.1274E+02   -.1103E+02   -.1062E+02   -.9647E+01   -.9059E+01   -.8382E+01   -.7847E+01   -.7318E+01   -.6860E+01   -.6439E+01   -.6073E+01   -.5737E+01   -.5443E+01   -.5171E+01   -.4930E+01   -.4732E+01   -.4565E+01   -.4384E+01   -.4236E+01   -.4072E+01   -.3922E+01   -.3787E+01   -.3676E+01   -.3522E+01   -.3419E+01   -.3333E+01   -.3234E+01   -.3124E+01   -.3053E+01   -.2985E+01   -.2896E+01   -.2827E+01   -.2770E+01   -.2700E+01   -.2637E+01   -.2587E+01   -.2523E+01   -.2472E+01   -.2415E+01   -.2373E+01   -.2336E+01   -.2293E+01   -.2236E+01   -.2198E+01   -.2166E+01   -.2139E+01   -.2113E+01   -.1923E+01   -.1877E+01   -.1841E+01   -.1829E+01   -.1814E+01   -.1796E+01   -.1786E+01   -.1766E+01   -.1752E+01   -.1739E+01   -.1722E+01   -.1712E+01   -.1701E+01   -.1686E+01   -.1673E+01   -.1662E+01   -.1651E+01   -.1644E+01   -.1629E+01   -.1621E+01   -.1614E+01   -.1604E+01   -.1594E+01   -.1585E+01   -.1579E+01   -.1569E+01   -.1564E+01   -.1556E+01   -.1547E+01   -.1540E+01   -.1536E+01   -.1530E+01   -.1521E+01   -.1517E+01   -.1512E+01   -.1507E+01   -.1500E+01   -.1496E+01   -.1492E+01   -.1487E+01   -.1483E+01   -.1477E+01   -.1475E+01   -.1470E+01   -.1466E+01   -.1463E+01   -.1459E+01   -.1455E+01   -.1452E+01   -.1448E+01   -.1445E+01   -.1441E+01   -.1439E+01   -.1436E+01   -.1433E+01   -.1430E+01   -.1428E+01   -.1425E+01   -.1422E+01   -.1420E+01   -.1418E+01
0.3728E+04   0.4700E+02   -.3016E+02   -.3022E+02   -.3029E+02   -.3036E+02   -.3044E+02   -.3053E+02   -.3064E+02   -.3076E+02   -.3089E+02   -.3102E+02   -.3114E+02   -.3119E+02   -.3106E+02   -.3063E+02   -.2954E+02   -.2772E+02   -.4374E+02   -.2113E+02   -.1260E+02   -.1273E+02   -.1103E+02   -.1062E+02   -.9648E+01   -.9060E+01   -.8384E+01   -.7848E+01   -.7320E+01   -.6862E+01   -.6442E+01   -.6075E+01   -.5740E+01   -.5447E+01   -.5174E+01   -.4935E+01   -.4734E+01   -.4568E+01   -.4390E+01   -.4242E+01   -.4077E+01   -.3926E+01   -.3792E+01   -.3680E+01   -.3532E+01   -.3433E+01   -.3344E+01   -.3240E+01   -.3130E+01   -.3057E+01   -.2993E+01   -.2911E+01   -.2827E+01   -.2762E+01   -.2706E+01   -.2658E+01   -.2581E+01   -.2525E+01   -.2479E+01   -.2437E+01   -.2381E+01   -.2332E+01   -.2292E+01   -.2248E+01   -.2214E+01   -.2177E+01   -.2134E+01   -.2102E+01   -.2082E+01   -.1879E+01   -.1842E+01   -.1824E+01   -.1813E+01   -.1803E+01   -.1782E+01   -.1761E+01   -.1750E+01   -.1742E+01   -.1727E+01   -.1714E+01   -.1698E+01   -.1688E+01   -.1680E+01   -.1663E+01   -.1654E+01   -.1644E+01   -.1635E+01   -.1620E+01   -.1612E+01   -.1606E+01   -.1596E+01   -.1588E+01   -.1579E+01   -.1573E+01   -.1565E+01   -.1557E+01   -.1549E+01   -.1543E+01   -.1538E+01   -.1531E+01   -.1523E+01   -.1518E+01   -.1514E+01   -.1508E+01   -.1501E+01   -.1498E+01   -.1495E+01   -.1487E+01   -.1483E+01   -.1480E+01   -.1477E+01   -.1471E+01   -.1467E+01   -.1464E+01   -.1461E+01   -.1456E+01   -.1452E+01   -.1450E+01   -.1448E+01   -.1442E+01   -.1440E+01   -.1438E+01   -.1435E+01   -.1431E+01   -.1429E+01   -.1426E+01   -.1424E+01   -.1421E+01   -.1419E+01   -.1416E+01
0.3727E+04   0.4733E+02   -.3019E+02   -.3025E+02   -.3032E+02   -.3041E+02   -.3050E+02   -.3061E+02   -.3073E+02   -.3086E+02   -.3100E+02   -.3111E+02   -.3116E+02   -.3103E+02   -.3061E+02   -.2952E+02   -.2769E+02   -.4371E+02   -.2112E+02   -.1259E+02   -.1273E+02   -.1103E+02   -.1062E+02   -.9648E+01   -.9061E+01   -.8385E+01   -.7850E+01   -.7322E+01   -.6865E+01   -.6445E+01   -.6078E+01   -.5743E+01   -.5450E+01   -.5179E+01   -.4939E+01   -.4737E+01   -.4572E+01   -.4395E+01   -.4249E+01   -.4081E+01   -.3929E+01   -.3799E+01   -.3686E+01   -.3529E+01   -.3433E+01   -.3345E+01   -.3263E+01   -.3138E+01   -.3060E+01   -.2996E+01   -.2909E+01   -.2831E+01   -.2778E+01   -.2721E+01   -.2652E+01   -.2585E+01   -.2528E+01   -.2486E+01   -.2444E+01   -.2385E+01   -.2335E+01   -.2297E+01   -.2258E+01   -.2224E+01   -.2181E+01   -.2136E+01   -.2107E+01   -.2079E+01   -.2058E+01   -.1869E+01   -.1832E+01   -.1811E+01   -.1801E+01   -.1786E+01   -.1769E+01   -.1752E+01   -.1741E+01   -.1727E+01   -.1717E+01   -.1701E+01   -.1688E+01   -.1678E+01   -.1667E+01   -.1657E+01   -.1644E+01   -.1634E+01   -.1623E+01   -.1615E+01   -.1607E+01   -.1601E+01   -.1590E+01   -.1580E+01   -.1575E+01   -.1567E+01   -.1558E+01   -.1551E+01   -.1545E+01   -.1539E+01   -.1534E+01   -.1526E+01   -.1522E+01   -.1515E+01   -.1511E+01   -.1505E+01   -.1500E+01   -.1495E+01   -.1492E+01   -.1486E+01   -.1480E+01   -.1478E+01   -.1474E+01   -.1470E+01   -.1465E+01   -.1462E+01   -.1459E+01   -.1456E+01   -.1451E+01   -.1449E+01   -.1446E+01   -.1442E+01   -.1439E+01   -.1437E+01   -.1434E+01   -.1431E+01   -.1429E+01   -.1426E+01   -.1423E+01   -.1421E+01   -.1419E+01   -.1417E+01
0.3726E+04   0.4767E+02   -.3021E+02   -.3028E+02   -.3037E+02   -.3047E+02   -.3057E+02   -.3070E+02   -.3083E+02   -.3097E+02   -.3108E+02   -.3113E+02   -.3101E+02   -.3058E+02   -.2949E+02   -.2767E+02   -.4369E+02   -.2110E+02   -.1259E+02   -.1273E+02   -.1103E+02   -.1062E+02   -.9649E+01   -.9063E+01   -.8387E+01   -.7853E+01   -.7325E+01   -.6868E+01   -.6449E+01   -.6082E+01   -.5748E+01   -.5455E+01   -.5183E+01   -.4945E+01   -.4741E+01   -.4577E+01   -.4402E+01   -.4255E+01   -.4086E+01   -.3930E+01   -.3812E+01   -.3696E+01   -.3539E+01   -.3439E+01   -.3353E+01   -.3261E+01   -.3147E+01   -.3068E+01   -.3000E+01   -.2929E+01   -.2851E+01   -.2780E+01   -.2715E+01   -.2661E+01   -.2606E+01   -.2541E+01   -.2490E+01   -.2447E+01   -.2396E+01   -.2342E+01   -.2307E+01   -.2267E+01   -.2229E+01   -.2186E+01   -.2152E+01   -.2116E+01   -.2086E+01   -.2059E+01   -.2027E+01   -.1864E+01   -.1825E+01   -.1796E+01   -.1781E+01   -.1769E+01   -.1759E+01   -.1745E+01   -.1730E+01   -.1715E+01   -.1703E+01   -.1694E+01   -.1683E+01   -.1669E+01   -.1657E+01   -.1649E+01   -.1639E+01   -.1628E+01   -.1616E+01   -.1609E+01   -.1604E+01   -.1595E+01   -.1583E+01   -.1575E+01   -.1569E+01   -.1563E+01   -.1557E+01   -.1547E+01   -.1540E+01   -.1537E+01   -.1531E+01   -.1523E+01   -.1518E+01   -.1513E+01   -.1508E+01   -.1502E+01   -.1498E+01   -.1495E+01   -.1488E+01   -.1484E+01   -.1481E+01   -.1478E+01   -.1472E+01   -.1469E+01   -.1466E+01   -.1462E+01   -.1458E+01   -.1455E+01   -.1453E+01   -.1448E+01   -.1445E+01   -.1443E+01   -.1440E+01   -.1436E+01   -.1433E+01   -.1432E+01   -.1429E+01   -.1427E+01   -.1424E+01   -.1422E+01   -.1419E+01   -.1417E+01
0.3725E+04   0.4800E+02   -.3024E+02   -.3032E+02   -.3042E+02   -.3053E+02   -.3066E+02   -.3079E+02   -.3093E+02   -.3105E+02   -.3110E+02   -.3097E+02   -.3055E+02   -.2946E+02   -.2764E+02   -.4366E+02   -.2109E+02   -.1258E+02   -.1273E+02   -.1103E+02   -.1062E+02   -.9650E+01   -.9064E+01   -.8390E+01   -.7856E+01   -.7329E+01   -.6872E+01   -.6453E+01   -.6086E+01   -.5753E+01   -.5461E+01   -.5189E+01   -.4951E+01   -.4745E+01   -.4584E+01   -.4407E+01   -.4259E+01   -.4085E+01   -.3950E+01   -.3810E+01   -.3700E+01   -.3555E+01   -.3452E+01   -.3363E+01   -.3267E+01   -.3160E+01   -.3083E+01   -.3014E+01   -.2928E+01   -.2849E+01   -.2790E+01   -.2731E+01   -.2676E+01   -.2610E+01   -.2560E+01   -.2504E+01   -.2452E+01   -.2408E+01   -.2355E+01   -.2319E+01   -.2273E+01   -.2237E+01   -.2198E+01   -.2163E+01   -.2128E+01   -.2098E+01   -.2068E+01   -.2035E+01   -.2009E+01   -.1855E+01   -.1807E+01   -.1783E+01   -.1773E+01   -.1763E+01   -.1744E+01   -.1733E+01   -.1724E+01   -.1707E+01   -.1694E+01   -.1683E+01   -.1675E+01   -.1665E+01   -.1651E+01   -.1640E+01   -.1630E+01   -.1624E+01   -.1617E+01   -.1604E+01   -.1595E+01   -.1590E+01   -.1583E+01   -.1572E+01   -.1565E+01   -.1560E+01   -.1554E+01   -.1546E+01   -.1540E+01   -.1534E+01   -.1528E+01   -.1524E+01   -.1516E+01   -.1512E+01   -.1508E+01   -.1502E+01   -.1497E+01   -.1492E+01   -.1490E+01   -.1486E+01   -.1479E+01   -.1476E+01   -.1474E+01   -.1470E+01   -.1465E+01   -.1462E+01   -.1458E+01   -.1455E+01   -.1452E+01   -.1449E+01   -.1446E+01   -.1443E+01   -.1440E+01   -.1438E+01   -.1435E+01   -.1433E+01   -.1430E+01   -.1427E+01   -.1426E+01   -.1423E+01   -.1421E+01   -.1419E+01
0.3724E+04   0.4833E+02   -.3027E+02   -.3037E+02   -.3048E+02   -.3061E+02   -.3075E+02   -.3089E+02   -.3101E+02   -.3106E+02   -.3094E+02   -.3052E+02   -.2943E+02   -.2760E+02   -.4362E+02   -.2107E+02   -.1258E+02   -.1272E+02   -.1103E+02   -.1062E+02   -.9652E+01   -.9067E+01   -.8393E+01   -.7860E+01   -.7333E+01   -.6876E+01   -.6457E+01   -.6092E+01   -.5758E+01   -.5467E+01   -.5195E+01   -.4958E+01   -.4751E+01   -.4591E+01   -.4439E+01   -.4274E+01   -.4094E+01   -.3936E+01   -.3820E+01   -.3709E+01   -.3578E+01   -.3451E+01   -.3367E+01   -.3270E+01   -.3168E+01   -.3080E+01   -.3008E+01   -.2946E+01   -.2867E+01   -.2790E+01   -.2725E+01   -.2679E+01   -.2625E+01   -.2561E+01   -.2514E+01   -.2467E+01   -.2409E+01   -.2366E+01   -.2327E+01   -.2286E+01   -.2243E+01   -.2199E+01   -.2170E+01   -.2136E+01   -.2107E+01   -.2077E+01   -.2040E+01   -.2007E+01   -.1983E+01   -.1842E+01   -.1801E+01   -.1775E+01   -.1761E+01   -.1752E+01   -.1740E+01   -.1722E+01   -.1710E+01   -.1698E+01   -.1689E+01   -.1679E+01   -.1662E+01   -.1653E+01   -.1646E+01   -.1639E+01   -.1625E+01   -.1615E+01   -.1608E+01   -.1602E+01   -.1594E+01   -.1582E+01   -.1576E+01   -.1571E+01   -.1562E+01   -.1555E+01   -.1549E+01   -.1544E+01   -.1537E+01   -.1530E+01   -.1525E+01   -.1522E+01   -.1516E+01   -.1509E+01   -.1506E+01   -.1502E+01   -.1495E+01   -.1491E+01   -.1488E+01   -.1484E+01   -.1479E+01   -.1475E+01   -.1472E+01   -.1469E+01   -.1465E+01   -.1461E+01   -.1458E+01   -.1456E+01   -.1452E+01   -.1449E+01   -.1446E+01   -.1444E+01   -.1441E+01   -.1437E+01   -.1435E+01   -.1434E+01   -.1430E+01   -.1429E+01   -.1426E+01   -.1424E+01   -.1422E+01   -.1419E+01
0.3723E+04   0.4867E+02   -.3031E+02   -.3043E+02   -.3055E+02   -.3069E+02   -.3084E+02   -.3096E+02   -.3101E+02   -.3089E+02   -.3047E+02   -.2939E+02   -.2756E+02   -.4358E+02   -.2105E+02   -.1257E+02   -.1272E+02   -.1103E+02   -.1062E+02   -.9653E+01   -.9069E+01   -.8397E+01   -.7864E+01   -.7338E+01   -.6881E+01   -.6463E+01   -.6097E+01   -.5765E+01   -.5474E+01   -.5202E+01   -.4965E+01   -.4756E+01   -.4598E+01   -.4454E+01   -.4278E+01   -.4096E+01   -.3970E+01   -.3827E+01   -.3700E+01   -.3582E+01   -.3489E+01   -.3372E+01   -.3264E+01   -.3189E+01   -.3109E+01   -.3020E+01   -.2941E+01   -.2875E+01   -.2815E+01   -.2761E+01   -.2682E+01   -.2633E+01   -.2585E+01   -.2523E+01   -.2469E+01   -.2430E+01   -.2390E+01   -.2328E+01   -.2285E+01   -.2254E+01   -.2224E+01   -.2182E+01   -.2143E+01   -.2117E+01   -.2087E+01   -.2053E+01   -.2025E+01   -.1996E+01   -.1972E+01   -.1799E+01   -.1772E+01   -.1762E+01   -.1750E+01   -.1742E+01   -.1730E+01   -.1720E+01   -.1702E+01   -.1691E+01   -.1683E+01   -.1672E+01   -.1660E+01   -.1650E+01   -.1642E+01   -.1630E+01   -.1622E+01   -.1616E+01   -.1605E+01   -.1594E+01   -.1588E+01   -.1583E+01   -.1577E+01   -.1567E+01   -.1559E+01   -.1554E+01   -.1550E+01   -.1544E+01   -.1536E+01   -.1531E+01   -.1528E+01   -.1521E+01   -.1514E+01   -.1511E+01   -.1508E+01   -.1501E+01   -.1496E+01   -.1493E+01   -.1490E+01   -.1485E+01   -.1480E+01   -.1477E+01   -.1474E+01   -.1471E+01   -.1466E+01   -.1462E+01   -.1461E+01   -.1458E+01   -.1454E+01   -.1451E+01   -.1449E+01   -.1446E+01   -.1443E+01   -.1441E+01   -.1438E+01   -.1435E+01   -.1433E+01   -.1432E+01   -.1428E+01   -.1427E+01   -.1425E+01   -.1423E+01
0.3722E+04   0.4900E+02   -.3035E+02   -.3049E+02   -.3063E+02   -.3078E+02   -.3090E+02   -.3096E+02   -.3084E+02   -.3042E+02   -.2934E+02   -.2751E+02   -.4353E+02   -.2103E+02   -.1256E+02   -.1272E+02   -.1102E+02   -.1062E+02   -.9654E+01   -.9072E+01   -.8401E+01   -.7869E+01   -.7344E+01   -.6887E+01   -.6470E+01   -.6105E+01   -.5773E+01   -.5483E+01   -.5211E+01   -.4974E+01   -.4762E+01   -.4606E+01   -.4465E+01   -.4293E+01   -.4101E+01   -.3980E+01   -.3867E+01   -.3693E+01   -.3596E+01   -.3503E+01   -.3370E+01   -.3272E+01   -.3190E+01   -.3126E+01   -.3040E+01   -.2948E+01   -.2878E+01   -.2818E+01   -.2770E+01   -.2699E+01   -.2647E+01   -.2591E+01   -.2545E+01   -.2489E+01   -.2434E+01   -.2395E+01   -.2349E+01   -.2306E+01   -.2268E+01   -.2226E+01   -.2192E+01   -.2164E+01   -.2126E+01   -.2097E+01   -.2064E+01   -.2041E+01   -.2016E+01   -.1985E+01   -.1957E+01   -.1809E+01   -.1778E+01   -.1761E+01   -.1750E+01   -.1736E+01   -.1722E+01   -.1712E+01   -.1700E+01   -.1689E+01   -.1678E+01   -.1669E+01   -.1655E+01   -.1647E+01   -.1642E+01   -.1627E+01   -.1618E+01   -.1612E+01   -.1605E+01   -.1598E+01   -.1587E+01   -.1581E+01   -.1574E+01   -.1567E+01   -.1561E+01   -.1555E+01   -.1547E+01   -.1542E+01   -.1539E+01   -.1532E+01   -.1527E+01   -.1521E+01   -.1516E+01   -.1513E+01   -.1508E+01   -.1504E+01   -.1499E+01   -.1496E+01   -.1491E+01   -.1488E+01   -.1484E+01   -.1479E+01   -.1475E+01   -.1473E+01   -.1471E+01   -.1466E+01   -.1462E+01   -.1461E+01   -.1459E+01   -.1454E+01   -.1451E+01   -.1450E+01   -.1447E+01   -.1444E+01   -.1442E+01   -.1440E+01   -.1437E+01   -.1435E+01   -.1434E+01   -.1430E+01   -.1429E+01   -.1428E+01
0.3721E+04   0.4933E+02   -.3040E+02   -.3055E+02   -.3070E+02   -.3083E+02   -.3089E+02   -.3077E+02   -.3036E+02   -.2927E+02   -.2745E+02   -.4347E+02   -.2101E+02   -.1255E+02   -.1271E+02   -.1102E+02   -.1062E+02   -.9654E+01   -.9074E+01   -.8404E+01   -.7873E+01   -.7349E+01   -.6892E+01   -.6476E+01   -.6112E+01   -.5780E+01   -.5491E+01   -.5220E+01   -.4983E+01   -.4766E+01   -.4613E+01   -.4471E+01   -.4304E+01   -.4115E+01   -.3989E+01   -.3881E+01   -.3704E+01   -.3588E+01   -.3498E+01   -.3413E+01   -.3282E+01   -.3193E+01   -.3125E+01   -.3060E+01   -.2980E+01   -.2898E+01   -.2837E+01   -.2766E+01   -.2719E+01   -.2666E+01   -.2596E+01   -.2544E+01   -.2500E+01   -.2444E+01   -.2402E+01   -.2354E+01   -.2316E+01   -.2283E+01   -.2242E+01   -.2208E+01   -.2172E+01   -.2140E+01   -.2114E+01   -.2081E+01   -.2049E+01   -.2021E+01   -.1999E+01   -.1978E+01   -.1949E+01   -.1800E+01   -.1768E+01   -.1751E+01   -.1738E+01   -.1730E+01   -.1722E+01   -.1706E+01   -.1691E+01   -.1682E+01   -.1677E+01   -.1664E+01   -.1654E+01   -.1645E+01   -.1636E+01   -.1627E+01   -.1621E+01   -.1611E+01   -.1601E+01   -.1595E+01   -.1590E+01   -.1582E+01   -.1572E+01   -.1566E+01   -.1563E+01   -.1557E+01   -.1548E+01   -.1543E+01   -.1540E+01   -.1534E+01   -.1528E+01   -.1524E+01   -.1518E+01   -.1514E+01   -.1511E+01   -.1505E+01   -.1502E+01   -.1498E+01   -.1494E+01   -.1490E+01   -.1486E+01   -.1482E+01   -.1479E+01   -.1477E+01   -.1473E+01   -.1469E+01   -.1466E+01   -.1465E+01   -.1461E+01   -.1458E+01   -.1456E+01   -.1453E+01   -.1451E+01   -.1448E+01   -.1446E+01   -.1444E+01   -.1441E+01   -.1439E+01   -.1437E+01   -.1435E+01   -.1433E+01   -.1431E+01
0.3720E+04   0.4967E+02   -.3045E+02   -.3061E+02   -.3074E+02   -.3080E+02   -.3069E+02   -.3028E+02   -.2920E+02   -.2738E+02   -.4340E+02   -.2098E+02   -.1253E+02   -.1270E+02   -.1101E+02   -.1062E+02   -.9655E+01   -.9077E+01   -.8408E+01   -.7879E+01   -.7356E+01   -.6898E+01   -.6483E+01   -.6121E+01   -.5789E+01   -.5502E+01   -.5231E+01   -.4996E+01   -.4775E+01   -.4617E+01   -.4480E+01   -.4314E+01   -.4134E+01   -.4007E+01   -.3888E+01   -.3719E+01   -.3621E+01   -.3518E+01   -.3421E+01   -.3306E+01   -.3221E+01   -.3146E+01   -.3080E+01   -.2979E+01   -.2913E+01   -.2859E+01   -.2790E+01   -.2729E+01   -.2672E+01   -.2621E+01   -.2570E+01   -.2513E+01   -.2468E+01   -.2424E+01   -.2377E+01   -.2336E+01   -.2297E+01   -.2259E+01   -.2226E+01   -.2192E+01   -.2158E+01   -.2124E+01   -.2100E+01   -.2068E+01   -.2038E+01   -.2019E+01   -.1988E+01   -.1968E+01   -.1945E+01   -.1794E+01   -.1769E+01   -.1750E+01   -.1740E+01   -.1730E+01   -.1719E+01   -.1703E+01   -.1690E+01   -.1680E+01   -.1674E+01   -.1667E+01   -.1654E+01   -.1644E+01   -.1637E+01   -.1629E+01   -.1621E+01   -.1611E+01   -.1604E+01   -.1599E+01   -.1591E+01   -.1581E+01   -.1576E+01   -.1572E+01   -.1566E+01   -.1557E+01   -.1552E+01   -.1548E+01   -.1544E+01   -.1538E+01   -.1531E+01   -.1528E+01   -.1525E+01   -.1518E+01   -.1513E+01   -.1510E+01   -.1508E+01   -.1503E+01   -.1498E+01   -.1495E+01   -.1492E+01   -.1488E+01   -.1485E+01   -.1482E+01   -.1479E+01   -.1475E+01   -.1473E+01   -.1470E+01   -.1467E+01   -.1464E+01   -.1462E+01   -.1460E+01   -.1456E+01   -.1454E+01   -.1453E+01   -.1449E+01   -.1447E+01   -.1446E+01   -.1443E+01   -.1441E+01   -.1440E+01   -.1438E+01
0.3719E+04   0.5000E+02   -.3048E+02   -.3063E+02   -.3070E+02   -.3059E+02   -.3018E+02   -.2911E+02   -.2729E+02   -.4331E+02   -.2095E+02   -.1251E+02   -.1268E+02   -.1100E+02   -.1061E+02   -.9650E+01   -.9075E+01   -.8408E+01   -.7880E+01   -.7358E+01   -.6901E+01   -.6487E+01   -.6128E+01   -.5795E+01   -.5509E+01   -.5238E+01   -.5001E+01   -.4782E+01   -.4623E+01   -.4486E+01   -.4342E+01   -.4151E+01   -.4022E+01   -.3876E+01   -.3751E+01   -.3645E+01   -.3529E+01   -.3424E+01   -.3332E+01   -.3240E+01   -.3156E+01   -.3085E+01   -.2989E+01   -.2930E+01   -.2878E+01   -.2795E+01   -.2743E+01   -.2690E+01   -.2628E+01   -.2573E+01   -.2526E+01   -.2470E+01   -.2433E+01   -.2399E+01   -.2350E+01   -.2305E+01   -.2273E+01   -.2244E+01   -.2202E+01   -.2167E+01   -.2133E+01   -.2109E+01   -.2077E+01   -.2052E+01   -.2029E+01   -.2004E+01   -.1975E+01   -.1952E+01   -.1933E+01   -.1787E+01   -.1759E+01   -.1748E+01   -.1739E+01   -.1724E+01   -.1714E+01   -.1700E+01   -.1690E+01   -.1681E+01   -.1671E+01   -.1660E+01   -.1652E+01   -.1646E+01   -.1637E+01   -.1626E+01   -.1618E+01   -.1613E+01   -.1606E+01   -.1598E+01   -.1590E+01   -.1585E+01   -.1578E+01   -.1572E+01   -.1567E+01   -.1560E+01   -.1555E+01   -.1549E+01   -.1545E+01   -.1541E+01   -.1533E+01   -.1529E+01   -.1527E+01   -.1524E+01   -.1516E+01   -.1513E+01   -.1510E+01   -.1507E+01   -.1502E+01   -.1499E+01   -.1496E+01   -.1491E+01   -.1489E+01   -.1486E+01   -.1482E+01   -.1478E+01   -.1477E+01   -.1474E+01   -.1471E+01   -.1468E+01   -.1465E+01   -.1463E+01   -.1461E+01   -.1458E+01   -.1456E+01   -.1454E+01   -.1452E+01   -.1449E+01   -.1448E+01   -.1446E+01   -.1443E+01   -.1442E+01
0.3718E+04   0.5033E+02   -.3048E+02   -.3056E+02   -.3046E+02   -.3006E+02   -.2899E+02   -.2718E+02   -.4320E+02   -.2091E+02   -.1248E+02   -.1266E+02   -.1099E+02   -.1060E+02   -.9646E+01   -.9074E+01   -.8410E+01   -.7881E+01   -.7363E+01   -.6906E+01   -.6492E+01   -.6135E+01   -.5800E+01   -.5514E+01   -.5243E+01   -.5012E+01   -.4793E+01   -.4625E+01   -.4490E+01   -.4352E+01   -.4162E+01   -.4017E+01   -.3894E+01   -.3783E+01   -.3635E+01   -.3544E+01   -.3451E+01   -.3330E+01   -.3251E+01   -.3164E+01   -.3101E+01   -.3011E+01   -.2932E+01   -.2873E+01   -.2820E+01   -.2755E+01   -.2697E+01   -.2633E+01   -.2593E+01   -.2551E+01   -.2497E+01   -.2439E+01   -.2403E+01   -.2367E+01   -.2328E+01   -.2286E+01   -.2250E+01   -.2219E+01   -.2180E+01   -.2154E+01   -.2131E+01   -.2099E+01   -.2065E+01   -.2042E+01   -.2021E+01   -.1993E+01   -.1974E+01   -.1947E+01   -.1931E+01   -.1797E+01   -.1765E+01   -.1749E+01   -.1738E+01   -.1726E+01   -.1711E+01   -.1700E+01   -.1692E+01   -.1683E+01   -.1671E+01   -.1660E+01   -.1652E+01   -.1643E+01   -.1632E+01   -.1625E+01   -.1620E+01   -.1616E+01   -.1605E+01   -.1595E+01   -.1591E+01   -.1587E+01   -.1580E+01   -.1571E+01   -.1567E+01   -.1563E+01   -.1559E+01   -.1550E+01   -.1545E+01   -.1542E+01   -.1538E+01   -.1531E+01   -.1528E+01   -.1526E+01   -.1520E+01   -.1515E+01   -.1512E+01   -.1509E+01   -.1506E+01   -.1502E+01   -.1498E+01   -.1494E+01   -.1491E+01   -.1488E+01   -.1485E+01   -.1482E+01   -.1480E+01   -.1476E+01   -.1473E+01   -.1471E+01   -.1468E+01   -.1466E+01   -.1463E+01   -.1461E+01   -.1459E+01   -.1455E+01   -.1454E+01   -.1453E+01   -.1449E+01   -.1448E+01   -.1447E+01   -.1444E+01
0.3717E+04   0.5067E+02   -.3038E+02   -.3029E+02   -.2990E+02   -.2884E+02   -.2703E+02   -.4305E+02   -.2086E+02   -.1244E+02   -.1263E+02   -.1096E+02   -.1058E+02   -.9629E+01   -.9060E+01   -.8399E+01   -.7873E+01   -.7355E+01   -.6900E+01   -.6486E+01   -.6131E+01   -.5799E+01   -.5514E+01   -.5246E+01   -.5010E+01   -.4800E+01   -.4620E+01   -.4486E+01   -.4339E+01   -.4169E+01   -.4030E+01   -.3893E+01   -.3760E+01   -.3652E+01   -.3545E+01   -.3429E+01   -.3353E+01   -.3268E+01   -.3155E+01   -.3093E+01   -.3025E+01   -.2956E+01   -.2883E+01   -.2816E+01   -.2771E+01   -.2705E+01   -.2646E+01   -.2598E+01   -.2550E+01   -.2501E+01   -.2457E+01   -.2410E+01   -.2367E+01   -.2332E+01   -.2288E+01   -.2255E+01   -.2224E+01   -.2190E+01   -.2158E+01   -.2130E+01   -.2094E+01   -.2068E+01   -.2048E+01   -.2029E+01   -.2001E+01   -.1971E+01   -.1951E+01   -.1933E+01   -.1913E+01   -.1783E+01   -.1753E+01   -.1732E+01   -.1722E+01   -.1713E+01   -.1703E+01   -.1694E+01   -.1679E+01   -.1667E+01   -.1659E+01   -.1651E+01   -.1641E+01   -.1633E+01   -.1622E+01   -.1614E+01   -.1608E+01   -.1602E+01   -.1592E+01   -.1586E+01   -.1580E+01   -.1575E+01   -.1566E+01   -.1562E+01   -.1555E+01   -.1551E+01   -.1544E+01   -.1540E+01   -.1535E+01   -.1529E+01   -.1525E+01   -.1520E+01   -.1516E+01   -.1512E+01   -.1507E+01   -.1503E+01   -.1500E+01   -.1498E+01   -.1492E+01   -.1489E+01   -.1485E+01   -.1482E+01   -.1478E+01   -.1475E+01   -.1473E+01   -.1470E+01   -.1466E+01   -.1463E+01   -.1462E+01   -.1458E+01   -.1456E+01   -.1454E+01   -.1451E+01   -.1449E+01   -.1447E+01   -.1444E+01   -.1442E+01   -.1440E+01   -.1438E+01   -.1436E+01   -.1434E+01   -.1432E+01
0.3716E+04   0.5100E+02   -.3005E+02   -.2968E+02   -.2864E+02   -.2684E+02   -.4286E+02   -.2079E+02   -.1238E+02   -.1259E+02   -.1093E+02   -.1055E+02   -.9606E+01   -.9041E+01   -.8386E+01   -.7858E+01   -.7344E+01   -.6891E+01   -.6478E+01   -.6124E+01   -.5796E+01   -.5508E+01   -.5242E+01   -.5012E+01   -.4796E+01   -.4613E+01   -.4460E+01   -.4335E+01   -.4178E+01   -.4021E+01   -.3892E+01   -.3755E+01   -.3661E+01   -.3544E+01   -.3418E+01   -.3339E+01   -.3263E+01   -.3172E+01   -.3086E+01   -.3020E+01   -.2949E+01   -.2885E+01   -.2814E+01   -.2757E+01   -.2708E+01   -.2644E+01   -.2594E+01   -.2550E+01   -.2499E+01   -.2457E+01   -.2404E+01   -.2369E+01   -.2337E+01   -.2290E+01   -.2259E+01   -.2231E+01   -.2185E+01   -.2154E+01   -.2127E+01   -.2103E+01   -.2072E+01   -.2044E+01   -.2019E+01   -.2000E+01   -.1979E+01   -.1945E+01   -.1927E+01   -.1910E+01   -.1893E+01   -.1756E+01   -.1731E+01   -.1712E+01   -.1702E+01   -.1692E+01   -.1681E+01   -.1671E+01   -.1656E+01   -.1646E+01   -.1638E+01   -.1631E+01   -.1622E+01   -.1611E+01   -.1600E+01   -.1594E+01   -.1590E+01   -.1584E+01   -.1572E+01   -.1567E+01   -.1563E+01   -.1558E+01   -.1549E+01   -.1543E+01   -.1538E+01   -.1533E+01   -.1528E+01   -.1522E+01   -.1517E+01   -.1513E+01   -.1508E+01   -.1502E+01   -.1499E+01   -.1497E+01   -.1491E+01   -.1485E+01   -.1483E+01   -.1480E+01   -.1474E+01   -.1471E+01   -.1470E+01   -.1468E+01   -.1463E+01   -.1461E+01   -.1460E+01   -.1456E+01   -.1453E+01   -.1451E+01   -.1448E+01   -.1446E+01   -.1444E+01   -.1443E+01   -.1440E+01   -.1438E+01   -.1436E+01   -.1434E+01   -.1432E+01   -.1430E+01   -.1429E+01   -.1426E+01   -.1426E+01   -.1424E+01
0.3715E+04   0.5133E+02   -.2937E+02   -.2840E+02   -.2659E+02   -.4260E+02   -.2069E+02   -.1229E+02   -.1250E+02   -.1086E+02   -.1049E+02   -.9555E+01   -.8998E+01   -.8348E+01   -.7820E+01   -.7311E+01   -.6862E+01   -.6453E+01   -.6098E+01   -.5772E+01   -.5483E+01   -.5221E+01   -.4986E+01   -.4773E+01   -.4588E+01   -.4434E+01   -.4300E+01   -.4135E+01   -.4024E+01   -.3868E+01   -.3733E+01   -.3624E+01   -.3523E+01   -.3417E+01   -.3301E+01   -.3228E+01   -.3160E+01   -.3081E+01   -.2990E+01   -.2915E+01   -.2858E+01   -.2809E+01   -.2739E+01   -.2675E+01   -.2627E+01   -.2581E+01   -.2523E+01   -.2481E+01   -.2427E+01   -.2387E+01   -.2354E+01   -.2309E+01   -.2271E+01   -.2232E+01   -.2203E+01   -.2174E+01   -.2134E+01   -.2103E+01   -.2076E+01   -.2048E+01   -.2019E+01   -.1995E+01   -.1970E+01   -.1950E+01   -.1924E+01   -.1902E+01   -.1885E+01   -.1867E+01   -.1848E+01   -.1735E+01   -.1707E+01   -.1691E+01   -.1682E+01   -.1672E+01   -.1664E+01   -.1656E+01   -.1646E+01   -.1640E+01   -.1632E+01   -.1621E+01   -.1616E+01   -.1608E+01   -.1601E+01   -.1593E+01   -.1586E+01   -.1584E+01   -.1575E+01   -.1569E+01   -.1562E+01   -.1558E+01   -.1556E+01   -.1548E+01   -.1543E+01   -.1538E+01   -.1533E+01   -.1529E+01   -.1524E+01   -.1520E+01   -.1517E+01   -.1512E+01   -.1506E+01   -.1504E+01   -.1501E+01   -.1500E+01   -.1493E+01   -.1489E+01   -.1488E+01   -.1485E+01   -.1480E+01   -.1478E+01   -.1477E+01   -.1473E+01   -.1470E+01   -.1467E+01   -.1465E+01   -.1462E+01   -.1460E+01   -.1458E+01   -.1456E+01   -.1453E+01   -.1451E+01   -.1449E+01   -.1447E+01   -.1445E+01   -.1444E+01   -.1442E+01   -.1440E+01   -.1438E+01   -.1437E+01   -.1434E+01
0.3714E+04   0.5167E+02   -.2802E+02   -.2620E+02   -.4223E+02   -.2065E+02   -.1225E+02   -.1248E+02   -.1086E+02   -.1049E+02   -.9561E+01   -.8996E+01   -.8350E+01   -.7838E+01   -.7314E+01   -.6860E+01   -.6454E+01   -.6095E+01   -.5775E+01   -.5483E+01   -.5222E+01   -.4986E+01   -.4769E+01   -.4584E+01   -.4406E+01   -.4262E+01   -.4133E+01   -.3980E+01   -.3846E+01   -.3736E+01   -.3618E+01   -.3482E+01   -.3396E+01   -.3315E+01   -.3234E+01   -.3118E+01   -.3049E+01   -.2989E+01   -.2917E+01   -.2828E+01   -.2778E+01   -.2728E+01   -.2674E+01   -.2597E+01   -.2549E+01   -.2508E+01   -.2459E+01   -.2413E+01   -.2354E+01   -.2324E+01   -.2291E+01   -.2259E+01   -.2206E+01   -.2172E+01   -.2145E+01   -.2126E+01   -.2093E+01   -.2062E+01   -.2025E+01   -.2008E+01   -.1990E+01   -.1974E+01   -.1938E+01   -.1913E+01   -.1900E+01   -.1885E+01   -.1864E+01   -.1845E+01   -.1835E+01   -.1754E+01   -.1710E+01   -.1692E+01   -.1681E+01   -.1676E+01   -.1669E+01   -.1652E+01   -.1645E+01   -.1640E+01   -.1633E+01   -.1622E+01   -.1614E+01   -.1608E+01   -.1602E+01   -.1593E+01   -.1589E+01   -.1582E+01   -.1576E+01   -.1572E+01   -.1562E+01   -.1558E+01   -.1553E+01   -.1549E+01   -.1542E+01   -.1537E+01   -.1532E+01   -.1529E+01   -.1526E+01   -.1520E+01   -.1515E+01   -.1511E+01   -.1508E+01   -.1505E+01   -.1500E+01   -.1496E+01   -.1493E+01   -.1491E+01   -.1487E+01   -.1483E+01   -.1481E+01   -.1478E+01   -.1475E+01   -.1472E+01   -.1470E+01   -.1467E+01   -.1464E+01   -.1462E+01   -.1460E+01   -.1456E+01   -.1454E+01   -.1454E+01   -.1450E+01   -.1448E+01   -.1447E+01   -.1446E+01   -.1442E+01   -.1441E+01   -.1440E+01   -.1437E+01   -.1436E+01   -.1435E+01
0.3713E+04   0.5200E+02   -.2734E+02   -.4167E+02   -.2013E+02   -.1197E+02   -.1210E+02   -.1049E+02   -.1013E+02   -.9217E+01   -.8669E+01   -.8047E+01   -.7531E+01   -.7042E+01   -.6596E+01   -.6200E+01   -.5857E+01   -.5543E+01   -.5263E+01   -.5007E+01   -.4778E+01   -.4571E+01   -.4380E+01   -.4210E+01   -.4053E+01   -.3936E+01   -.3826E+01   -.3686E+01   -.3541E+01   -.3439E+01   -.3353E+01   -.3237E+01   -.3139E+01   -.3061E+01   -.2967E+01   -.2901E+01   -.2820E+01   -.2761E+01   -.2690E+01   -.2634E+01   -.2587E+01   -.2521E+01   -.2464E+01   -.2409E+01   -.2368E+01   -.2329E+01   -.2267E+01   -.2225E+01   -.2191E+01   -.2161E+01   -.2118E+01   -.2087E+01   -.2062E+01   -.2040E+01   -.1988E+01   -.1964E+01   -.1946E+01   -.1923E+01   -.1886E+01   -.1864E+01   -.1844E+01   -.1828E+01   -.1809E+01   -.1790E+01   -.1771E+01   -.1748E+01   -.1739E+01   -.1724E+01   -.1704E+01   -.1625E+01   -.1588E+01   -.1568E+01   -.1562E+01   -.1557E+01   -.1548E+01   -.1538E+01   -.1527E+01   -.1523E+01   -.1516E+01   -.1506E+01   -.1499E+01   -.1493E+01   -.1487E+01   -.1481E+01   -.1475E+01   -.1467E+01   -.1463E+01   -.1456E+01   -.1453E+01   -.1447E+01   -.1440E+01   -.1435E+01   -.1432E+01   -.1429E+01   -.1422E+01   -.1418E+01   -.1414E+01   -.1411E+01   -.1407E+01   -.1401E+01   -.1399E+01   -.1395E+01   -.1391E+01   -.1388E+01   -.1386E+01   -.1382E+01   -.1379E+01   -.1376E+01   -.1374E+01   -.1370E+01   -.1367E+01   -.1366E+01   -.1363E+01   -.1359E+01   -.1358E+01   -.1357E+01   -.1353E+01   -.1350E+01   -.1349E+01   -.1348E+01   -.1345E+01   -.1343E+01   -.1342E+01   -.1340E+01   -.1337E+01   -.1336E+01   -.1335E+01   -.1332E+01   -.1331E+01   -.1330E+01
0.3712E+04   0.5233E+02   -.3662E+02   -.1986E+02   -.1132E+02   -.1209E+02   -.1060E+02   -.1039E+02   -.9549E+01   -.9052E+01   -.8462E+01   -.7993E+01   -.7510E+01   -.7104E+01   -.6734E+01   -.6409E+01   -.6110E+01   -.5845E+01   -.5605E+01   -.5388E+01   -.5186E+01   -.5011E+01   -.4842E+01   -.4685E+01   -.4537E+01   -.4391E+01   -.4268E+01   -.4152E+01   -.4041E+01   -.3931E+01   -.3832E+01   -.3759E+01   -.3669E+01   -.3587E+01   -.3497E+01   -.3430E+01   -.3365E+01   -.3311E+01   -.3238E+01   -.3161E+01   -.3118E+01   -.3065E+01   -.3011E+01   -.2963E+01   -.2900E+01   -.2852E+01   -.2818E+01   -.2769E+01   -.2722E+01   -.2678E+01   -.2645E+01   -.2613E+01   -.2581E+01   -.2544E+01   -.2514E+01   -.2482E+01   -.2455E+01   -.2437E+01   -.2410E+01   -.2378E+01   -.2351E+01   -.2330E+01   -.2314E+01   -.2292E+01   -.2266E+01   -.2243E+01   -.2227E+01   -.2214E+01   -.2190E+01   -.2083E+01   -.2050E+01   -.2034E+01   -.2027E+01   -.2019E+01   -.2008E+01   -.1995E+01   -.1987E+01   -.1981E+01   -.1972E+01   -.1960E+01   -.1952E+01   -.1945E+01   -.1936E+01   -.1928E+01   -.1922E+01   -.1914E+01   -.1909E+01   -.1903E+01   -.1899E+01   -.1891E+01   -.1886E+01   -.1881E+01   -.1876E+01   -.1870E+01   -.1866E+01   -.1862E+01   -.1857E+01   -.1851E+01   -.1846E+01   -.1844E+01   -.1840E+01   -.1835E+01   -.1831E+01   -.1827E+01   -.1824E+01   -.1820E+01   -.1818E+01   -.1813E+01   -.1810E+01   -.1808E+01   -.1805E+01   -.1802E+01   -.1799E+01   -.1796E+01   -.1794E+01   -.1791E+01   -.1788E+01   -.1786E+01   -.1784E+01   -.1782E+01   -.1780E+01   -.1778E+01   -.1776E+01   -.1774E+01   -.1773E+01   -.1770E+01   -.1769E+01   -.1766E+01   -.1765E+01   -.1763E+01
0.3711E+04   0.5267E+02   -.1587E+02   -.1123E+02   -.1164E+02   -.1031E+02   -.1008E+02   -.9261E+01   -.8752E+01   -.8156E+01   -.7707E+01   -.7373E+01   -.7005E+01   -.6659E+01   -.6405E+01   -.6080E+01   -.5879E+01   -.5653E+01   -.5424E+01   -.5273E+01   -.5096E+01   -.4931E+01   -.4805E+01   -.4652E+01   -.4542E+01   -.4388E+01   -.4264E+01   -.4168E+01   -.4051E+01   -.3969E+01   -.3878E+01   -.3771E+01   -.3682E+01   -.3625E+01   -.3566E+01   -.3468E+01   -.3410E+01   -.3359E+01   -.3276E+01   -.3231E+01   -.3188E+01   -.3114E+01   -.3064E+01   -.3025E+01   -.2982E+01   -.2925E+01   -.2888E+01   -.2849E+01   -.2803E+01   -.2766E+01   -.2734E+01   -.2705E+01   -.2658E+01   -.2633E+01   -.2606E+01   -.2570E+01   -.2540E+01   -.2521E+01   -.2493E+01   -.2464E+01   -.2441E+01   -.2417E+01   -.2403E+01   -.2380E+01   -.2353E+01   -.2336E+01   -.2322E+01   -.2307E+01   -.2283E+01   -.2163E+01   -.2142E+01   -.2132E+01   -.2126E+01   -.2114E+01   -.2102E+01   -.2095E+01   -.2088E+01   -.2077E+01   -.2066E+01   -.2059E+01   -.2053E+01   -.2046E+01   -.2036E+01   -.2028E+01   -.2023E+01   -.2016E+01   -.2007E+01   -.2001E+01   -.1996E+01   -.1989E+01   -.1982E+01   -.1976E+01   -.1973E+01   -.1967E+01   -.1960E+01   -.1956E+01   -.1952E+01   -.1944E+01   -.1941E+01   -.1938E+01   -.1931E+01   -.1927E+01   -.1924E+01   -.1919E+01   -.1914E+01   -.1912E+01   -.1909E+01   -.1904E+01   -.1901E+01   -.1898E+01   -.1894E+01   -.1891E+01   -.1888E+01   -.1885E+01   -.1882E+01   -.1879E+01   -.1877E+01   -.1873E+01   -.1871E+01   -.1869E+01   -.1866E+01   -.1864E+01   -.1862E+01   -.1859E+01   -.1857E+01   -.1856E+01   -.1853E+01   -.1851E+01   -.1849E+01   -.1847E+01
0.3710E+04   0.5300E+02   -.7135E+01   -.9204E+01   -.8008E+01   -.8148E+01   -.7430E+01   -.7053E+01   -.6485E+01   -.6061E+01   -.5632E+01   -.5276E+01   -.4911E+01   -.4586E+01   -.4300E+01   -.4033E+01   -.3850E+01   -.3676E+01   -.3495E+01   -.3317E+01   -.3178E+01   -.3035E+01   -.2931E+01   -.2750E+01   -.2658E+01   -.2563E+01   -.2401E+01   -.2312E+01   -.2245E+01   -.2187E+01   -.2080E+01   -.2008E+01   -.1959E+01   -.1911E+01   -.1823E+01   -.1773E+01   -.1741E+01   -.1674E+01   -.1627E+01   -.1595E+01   -.1534E+01   -.1484E+01   -.1465E+01   -.1405E+01   -.1348E+01   -.1335E+01   -.1313E+01   -.1269E+01   -.1237E+01   -.1190E+01   -.1173E+01   -.1151E+01   -.1107E+01   -.1091E+01   -.1071E+01   -.1030E+01   -.1012E+01   -.9969E+00   -.9734E+00   -.9453E+00   -.9363E+00   -.9156E+00   -.8971E+00   -.8777E+00   -.8621E+00   -.8423E+00   -.8324E+00   -.8172E+00   -.7972E+00   -.7220E+00   -.6846E+00   -.6740E+00   -.6672E+00   -.6580E+00   -.6519E+00   -.6467E+00   -.6342E+00   -.6278E+00   -.6218E+00   -.6161E+00   -.6098E+00   -.6027E+00   -.5967E+00   -.5885E+00   -.5865E+00   -.5781E+00   -.5718E+00   -.5664E+00   -.5636E+00   -.5559E+00   -.5517E+00   -.5475E+00   -.5420E+00   -.5386E+00   -.5339E+00   -.5287E+00   -.5255E+00   -.5231E+00   -.5160E+00   -.5136E+00   -.5123E+00   -.5072E+00   -.5038E+00   -.5012E+00   -.4976E+00   -.4941E+00   -.4918E+00   -.4878E+00   -.4860E+00   -.4839E+00   -.4808E+00   -.4793E+00   -.4757E+00   -.4741E+00   -.4705E+00   -.4691E+00   -.4669E+00   -.4648E+00   -.4632E+00   -.4603E+00   -.4593E+00   -.4572E+00   -.4550E+00   -.4535E+00   -.4517E+00   -.4504E+00   -.4494E+00   -.4471E+00   -.4459E+00   -.4445E+00
0.2794E+04   0.5333E+02   -.1050E+02   -.9395E+01   -.1000E+02   -.9182E+01   -.8895E+01   -.8282E+01   -.7806E+01   -.7321E+01   -.6899E+01   -.6512E+01   -.6159E+01   -.5817E+01   -.5506E+01   -.5228E+01   -.4983E+01   -.4760E+01   -.4532E+01   -.4328E+01   -.4147E+01   -.3965E+01   -.3816E+01   -.3646E+01   -.3489E+01   -.3356E+01   -.3206E+01   -.3091E+01   -.2975E+01   -.2859E+01   -.2766E+01   -.2668E+01   -.2571E+01   -.2493E+01   -.2402E+01   -.2318E+01   -.2245E+01   -.2170E+01   -.2104E+01   -.2044E+01   -.1993E+01   -.1959E+01   -.1920E+01   -.1861E+01   -.1800E+01   -.1757E+01   -.1720E+01   -.1697E+01   -.1642E+01   -.1606E+01   -.1582E+01   -.1535E+01   -.1512E+01   -.1494E+01   -.1444E+01   -.1408E+01   -.1393E+01   -.1375E+01   -.1338E+01   -.1315E+01   -.1281E+01   -.1265E+01   -.1255E+01   -.1240E+01   -.1207E+01   -.1182E+01   -.1165E+01   -.1151E+01   -.1142E+01   -.1054E+01   -.1010E+01   -.9856E+00   -.9767E+00   -.9670E+00   -.9592E+00   -.9542E+00   -.9489E+00   -.9369E+00   -.9267E+00   -.9198E+00   -.9133E+00   -.9067E+00   -.8966E+00   -.8894E+00   -.8815E+00   -.8777E+00   -.8738E+00   -.8603E+00   -.8544E+00   -.8505E+00   -.8479E+00   -.8378E+00   -.8302E+00   -.8263E+00   -.8229E+00   -.8206E+00   -.8124E+00   -.8078E+00   -.8060E+00   -.7986E+00   -.7936E+00   -.7905E+00   -.7886E+00   -.7835E+00   -.7791E+00   -.7753E+00   -.7732E+00   -.7693E+00   -.7670E+00   -.7639E+00   -.7596E+00   -.7581E+00   -.7549E+00   -.7503E+00   -.7485E+00   -.7471E+00   -.7442E+00   -.7410E+00   -.7387E+00   -.7375E+00   -.7337E+00   -.7315E+00   -.7307E+00   -.7281E+00   -.7252E+00   -.7243E+00   -.7224E+00   -.7198E+00   -.7189E+00   -.7167E+00
