/NOPR
*SET,ALPHA   ,  1.000000000000    
*SET,ANALISE2,  0.000000000000    
*SET,BETASC  ,  8.000000000000    
*SET,C1      ,  3.464101615138    
*SET,C2      ,  3.464101615138    
*SET,C3      ,  3.464101615138    
*SET,CVP     ,  1.732050807569    
*SET,D0      , 0.6666666666667    
*SET,D01     , 0.4000000000000    
*SET,D1      ,  4.000000000000    
*SET,D2      ,  16.66666666667    
*SET,D3      ,  20.00000000000    
*SET,D4      ,  20.00000000000    
*SET,D5      , 0.6666666666667    
*SET,DALG    ,  1.000000000000    
*SET,DELTAUMIN, 0.1000000000000E-07
*SET,DIRECAO ,'Y                               '
*SET,DTP     , 0.1333333333333E-01
*SET,DTP1    , 0.8000000000000E-02
*SET,DTP2    ,  50.00000000000    
*SET,DTP2MAX ,  100.0000000000    
*SET,DTP2MIN ,  50.00000000000    
*SET,DTPMAX  , 0.1333333333333E-01
*SET,DTPMAX1 , 0.8000000000000E-02
*SET,E1      ,  1500.000000000    
*SET,E2      ,  30303.38454788    
*SET,EPS1    , 0.1000000000000E-01
*SET,EPS2    , 0.1000000000000E-01
*SET,EPS3    , 0.1000000000000E-01
*SET,ESCAVAGALERIA,  1.000000000000    
*SET,ESP     , 0.1000000000000    
*SET,ESP1    , 0.1000000000000    
*SET,ETA     ,  40000.00000000    
*SET,F0      ,  1.000000000000    
*SET,FCK     ,  20.00000000000    
*SET,FCM     ,  28.00000000000    
*SET,FF      ,  15.66666666667    
*SET,FI      , 0.2000000000000    
*SET,FIVP    ,  0.000000000000    
*SET,FLAG1   ,  1.000000000000    
*SET,FLAG2   ,  1.000000000000    
*SET,FLAG3   ,  1.000000000000    
*SET,FORMAINT,  0.000000000000    
*SET,FORMAINT1,  0.000000000000    
*SET,HF      , 0.2111111111111    
*SET,HF1     , 0.2176470588235    
*SET,I       ,  200.0000000000    
*SET,ISO     ,  0.000000000000    
*SET,J       ,  3.000000000000    
*SET,KELEMID ,  2060.000000000    
*SET,KKDOMINTPT,  1.000000000000    
*SET,KTIME   ,  10.00000000000    
*SET,L1      ,  10.00000000000    
*SET,L2      ,  33.33333333333    
*SET,L3      ,  44.00000000000    
*SET,LIGAFLUENCIA,  1.000000000000    
*SET,LIGARETRACAO,  1.000000000000    
*SET,LP      , 0.3333333333333    
*SET,LP1     , 0.2000000000000    
*SET,LT      ,  43.33333333333    
*SET,M1      , 0.3333333333333    
*SET,M4GA    , 0.1538461538462    
*SET,M9      , 0.3333333333333    
*SET,MATMACICO,  6.000000000000    
*SET,MATREV  ,  1.000000000000    
*SET,MD1     ,  5.000000000000    
*SET,MD4     ,  6.000000000000    
*SET,MD5     ,  4.000000000000    
*SET,MD6     ,  5.000000000000    
*SET,ML1     , 0.2000000000000    
*SET,MRI     ,  0.000000000000    
*SET,N1      ,  1.000000000000    
*SET,NANALISES,  100.0000000000    
*SET,NCRE    ,  16.00000000000    
*SET,ND0     ,  2.000000000000    
*SET,ND01    ,  2.000000000000    
*SET,ND1     ,  7.000000000000    
*SET,ND3     ,  8.000000000000    
*SET,ND4     ,  12.00000000000    
*SET,ND5     ,  6.000000000000    
*SET,ND6     ,  14.00000000000    
*SET,NDEC    ,  10.00000000000    
*SET,NESC    ,  98.00000000000    
*SET,NESC1   ,  3.000000000000    
*SET,NESCGAL ,  4.000000000000    
*SET,NESCINIG,  65.00000000000    
*SET,NESP    ,  1.000000000000    
*SET,NL1     ,  15.00000000000    
*SET,NLG     ,  0.000000000000    
*SET,NLP     ,  1.000000000000    
*SET,NLP1    ,  2.000000000000    
*SET,NO1     ,  110970.0000000    
*SET,NO2     ,  2183.000000000    
*SET,NOCONTROLE,  2183.000000000    
*SET,NP      ,  100.0000000000    
*SET,NP1     ,  5.000000000000    
*SET,NP2MAX  ,  30.00000000000    
*SET,NPI     ,  3.000000000000    
*SET,NPI1    ,  3.000000000000    
*SET,NPOINTS ,  200.0000000000    
*SET,NR      ,  2.000000000000    
*SET,NRI     ,  8.000000000000    
*SET,NU1     , 0.4980000000000    
*SET,NU2     , 0.2000000000000    
*SET,PIG1    ,  15.00000000000    
*SET,PLSLIMIT, 0.9900000000000    
*SET,PRX     ,  9.000000000000    
*SET,PRY     ,  9.000000000000    
*SET,PRZ     ,  9.000000000000    
*SET,PSC     ,  1.000000000000    
*SET,PSI     ,  0.000000000000    
*SET,PSIVP   ,  0.000000000000    
*SET,RE      ,  1.000000000000    
*SET,RE1     , 0.6666666666667    
*SET,REVESTED0,  1.000000000000    
*SET,REVESTEFACE,  1.000000000000    
*SET,REVESTEGALERIA,  1.000000000000    
*SET,RH      ,  70.00000000000    
*SET,RI      , 0.9000000000000    
*SET,RI1     , 0.5666666666667    
*SET,S       , 0.2000000000000    
*SET,SOLEQ   ,  0.000000000000    
*SET,SUBPASSO,  100.0000000000    
*SET,SUPERFICIEF,  2.000000000000    
*SET,SUPERFICIEFVP,  2.000000000000    
*SET,SUPERFICIEG,  2.000000000000    
*SET,SUPERFICIEGVP,  2.000000000000    
*SET,T0      ,  1.000000000000    
*DIM,TABELA  ,TABLE,     200,     101,       1,        ,        ,        
*PREAD,TABELA  ,     20502
 0.7888609052210E-30 0.7888609052210E-30 0.7888609052210E-30 0.7888609052210E-30
 0.7888609052210E-30 0.7888609052210E-30 0.7888609052210E-30 0.7888609052210E-30
 0.7888609052210E-30 0.7888609052210E-30 0.7888609052210E-30 0.7888609052210E-30
 0.7888609052210E-30 0.7888609052210E-30 0.7888609052210E-30 0.7888609052210E-30
 0.7888609052210E-30 0.7888609052210E-30 0.7888609052210E-30 0.7888609052210E-30
 0.7888609052210E-30 0.7888609052210E-30 0.7888609052210E-30 0.7888609052210E-30
 0.7888609052210E-30 0.7888609052210E-30 0.7888609052210E-30 0.7888609052210E-30
 0.7888609052210E-30 0.7888609052210E-30 0.7888609052210E-30 0.7888609052210E-30
 0.7888609052210E-30 0.7888609052210E-30 0.7888609052210E-30 0.7888609052210E-30
 0.7888609052210E-30 0.7888609052210E-30 0.7888609052210E-30 0.7888609052210E-30
 0.7888609052210E-30 0.7888609052210E-30 0.7888609052210E-30 0.7888609052210E-30
 0.7888609052210E-30 0.7888609052210E-30 0.7888609052210E-30 0.7888609052210E-30
 0.7888609052210E-30 0.7888609052210E-30 0.7888609052210E-30 0.7888609052210E-30
 0.7888609052210E-30 0.7888609052210E-30 0.7888609052210E-30 0.7888609052210E-30
 0.7888609052210E-30 0.7888609052210E-30 0.7888609052210E-30 0.7888609052210E-30
 0.7888609052210E-30 0.7888609052210E-30 0.7888609052210E-30 0.7888609052210E-30
 0.7888609052210E-30 0.7888609052210E-30 0.7888609052210E-30 0.7888609052210E-30
 0.7888609052210E-30 0.7888609052210E-30 0.7888609052210E-30 0.7888609052210E-30
 0.7888609052210E-30 0.7888609052210E-30 0.7888609052210E-30 0.7888609052210E-30
 0.7888609052210E-30 0.7888609052210E-30 0.7888609052210E-30 0.7888609052210E-30
 0.7888609052210E-30 0.7888609052210E-30 0.7888609052210E-30 0.7888609052210E-30
 0.7888609052210E-30 0.7888609052210E-30 0.7888609052210E-30 0.7888609052210E-30
 0.7888609052210E-30 0.7888609052210E-30 0.7888609052210E-30 0.7888609052210E-30
 0.7888609052210E-30 0.7888609052210E-30 0.7888609052210E-30 0.7888609052210E-30
 0.7888609052210E-30 0.7888609052210E-30 0.7888609052210E-30 0.7888609052210E-30
 0.7888609052210E-30 0.7888609052210E-30 0.7888609052210E-30 0.7888609052210E-30
 0.7888609052210E-30 0.7888609052210E-30 0.7888609052210E-30 0.7888609052210E-30
 0.7888609052210E-30 0.7888609052210E-30 0.7888609052210E-30 0.7888609052210E-30
 0.7888609052210E-30 0.7888609052210E-30 0.7888609052210E-30 0.7888609052210E-30
 0.7888609052210E-30 0.7888609052210E-30 0.7888609052210E-30 0.7888609052210E-30
 0.7888609052210E-30 0.7888609052210E-30 0.7888609052210E-30 0.7888609052210E-30
 0.7888609052210E-30 0.7888609052210E-30 0.7888609052210E-30 0.7888609052210E-30
 0.7888609052210E-30 0.7888609052210E-30 0.7888609052210E-30 0.7888609052210E-30
 0.7888609052210E-30 0.7888609052210E-30 0.7888609052210E-30 0.7888609052210E-30
 0.7888609052210E-30 0.7888609052210E-30 0.7888609052210E-30 0.7888609052210E-30
 0.7888609052210E-30 0.7888609052210E-30 0.7888609052210E-30 0.7888609052210E-30
 0.7888609052210E-30 0.7888609052210E-30 0.7888609052210E-30 0.7888609052210E-30
 0.7888609052210E-30 0.7888609052210E-30 0.7888609052210E-30 0.7888609052210E-30
 0.7888609052210E-30 0.7888609052210E-30 0.7888609052210E-30 0.7888609052210E-30
 0.7888609052210E-30 0.7888609052210E-30 0.7888609052210E-30 0.7888609052210E-30
 0.7888609052210E-30 0.7888609052210E-30 0.7888609052210E-30 0.7888609052210E-30
 0.7888609052210E-30 0.7888609052210E-30 0.7888609052210E-30 0.7888609052210E-30
 0.7888609052210E-30 0.7888609052210E-30 0.7888609052210E-30 0.7888609052210E-30
 0.7888609052210E-30 0.7888609052210E-30 0.7888609052210E-30 0.7888609052210E-30
 0.7888609052210E-30 0.7888609052210E-30 0.7888609052210E-30 0.7888609052210E-30
 0.7888609052210E-30 0.7888609052210E-30 0.7888609052210E-30 0.7888609052210E-30
 0.7888609052210E-30 0.7888609052210E-30 0.7888609052210E-30 0.7888609052210E-30
 0.7888609052210E-30 0.7888609052210E-30 0.7888609052210E-30 0.7888609052210E-30
 0.7888609052210E-30 0.7888609052210E-30 0.7888609052210E-30 0.7888609052210E-30
 0.7888609052210E-30 0.7888609052210E-30 0.7888609052210E-30 0.7888609052210E-30
 0.7888609052210E-30 0.7888609052210E-30  0.000000000000     0.2166666666667    
 0.4333333333333     0.6500000000000     0.8666666666667      1.083333333333    
  1.300000000000      1.516666666667      1.733333333333      1.950000000000    
  2.166666666667      2.383333333333      2.600000000000      2.816666666667    
  3.033333333333      3.250000000000      3.466666666667      3.683333333333    
  3.900000000000      4.116666666667      4.333333333333      4.550000000000    
  4.766666666667      4.983333333333      5.200000000000      5.416666666667    
  5.633333333333      5.850000000000      6.066666666667      6.283333333333    
  6.500000000000      6.716666666667      6.933333333333      7.150000000000    
  7.366666666667      7.583333333333      7.800000000000      8.016666666667    
  8.233333333333      8.450000000000      8.666666666667      8.883333333333    
  9.100000000000      9.316666666667      9.533333333333      9.750000000000    
  9.966666666667      10.18333333333      10.40000000000      10.61666666667    
  10.83333333333      11.05000000000      11.26666666667      11.48333333333    
  11.70000000000      11.91666666667      12.13333333333      12.35000000000    
  12.56666666667      12.78333333333      13.00000000000      13.21666666667    
  13.43333333333      13.65000000000      13.86666666667      14.08333333333    
  14.30000000000      14.51666666667      14.73333333333      14.95000000000    
  15.16666666667      15.38333333333      15.60000000000      15.81666666667    
  16.03333333333      16.25000000000      16.46666666667      16.68333333333    
  16.90000000000      17.11666666667      17.33333333333      17.55000000000    
  17.76666666667      17.98333333333      18.20000000000      18.41666666667    
  18.63333333333      18.85000000000      19.06666666667      19.28333333333    
  19.50000000000      19.71666666667      19.93333333333      20.15000000000    
  20.36666666667      20.58333333333      20.80000000000      21.01666666667    
  21.23333333333      21.45000000000      21.66666666667      21.88333333333    
  22.10000000000      22.31666666667      22.53333333333      22.75000000000    
  22.96666666667      23.18333333333      23.40000000000      23.61666666667    
  23.83333333333      24.05000000000      24.26666666667      24.48333333333    
  24.70000000000      24.91666666667      25.13333333333      25.35000000000    
  25.56666666667      25.78333333333      26.00000000000      26.21666666667    
  26.43333333333      26.65000000000      26.86666666667      27.08333333333    
  27.30000000000      27.51666666667      27.73333333333      27.95000000000    
  28.16666666667      28.38333333333      28.60000000000      28.81666666667    
  29.03333333333      29.25000000000      29.46666666667      29.68333333333    
  29.90000000000      30.11666666667      30.33333333333      30.55000000000    
  30.76666666667      30.98333333333      31.20000000000      31.41666666667    
  31.63333333333      31.85000000000      32.06666666667      32.28333333333    
  32.50000000000      32.71666666667      32.93333333333      33.15000000000    
  33.36666666667      33.58333333333      33.80000000000      34.01666666667    
  34.23333333333      34.45000000000      34.66666666667      34.88333333333    
  35.10000000000      35.31666666667      35.53333333333      35.75000000000    
  35.96666666667      36.18333333333      36.40000000000      36.61666666667    
  36.83333333333      37.05000000000      37.26666666667      37.48333333333    
  37.70000000000      37.91666666667      38.13333333333      38.35000000000    
  38.56666666667      38.78333333333      39.00000000000      39.21666666667    
  39.43333333333      39.65000000000      39.86666666667      40.08333333333    
  40.30000000000      40.51666666667      40.73333333333      40.95000000000    
  41.16666666667      41.38333333333      41.60000000000      41.81666666667    
  42.03333333333      42.25000000000      42.46666666667      42.68333333333    
  42.90000000000      43.11666666667     0.7888609052210E-30-0.1073984571309E-04
-0.1025813434427E-04-0.9776422975443E-05-0.9294711606617E-05-0.8813000237792E-05
-0.8331288868967E-05-0.7849577500141E-05-0.7401937731096E-05-0.6958069821437E-05
-0.6514201911778E-05-0.6070334002118E-05-0.5626466092459E-05-0.5184241010672E-05
-0.4743920771481E-05-0.4303600532289E-05-0.3863280293097E-05-0.3422960053905E-05
-0.2982313497791E-05-0.2541463772863E-05-0.2100614047934E-05-0.1659764323005E-05
-0.1213446753664E-05-0.7541158069342E-06-0.2947848602042E-06 0.1645460865258E-06
 0.6369078344971E-06 0.1125546568384E-05 0.1614185302270E-05 0.2103257993456E-05
 0.2629255468260E-05 0.3155252943065E-05 0.3681250417870E-05 0.4247180300463E-05
 0.4815148696778E-05 0.5393300149407E-05 0.6006815043314E-05 0.6620329937221E-05
 0.7270530479272E-05 0.7930368010140E-05 0.8619767287084E-05 0.9326948106196E-05
 0.1006587248583E-04 0.1081890845881E-04 0.1161703952256E-04 0.1243540551896E-04
 0.1328104552337E-04 0.1416586165866E-04 0.1508711545777E-04 0.1603189499202E-04
 0.1701470111335E-04 0.1804161537179E-04 0.1909663813153E-04 0.2020124775847E-04
 0.2135052102306E-04 0.2253079398559E-04 0.2377238750583E-04 0.2505849134043E-04
 0.2637870872632E-04 0.2777446137008E-04 0.2921381004530E-04 0.3069052674750E-04
 0.3225940824438E-04 0.3386998807858E-04 0.3552921597299E-04 0.3728410504724E-04
 0.3908564951752E-04 0.4094908779745E-04 0.4291104461721E-04 0.4492530260584E-04
 0.4701693518538E-04 0.4920917963858E-04 0.5146022875839E-04 0.5380668155990E-04
 0.5625491601413E-04 0.5876954032248E-04 0.6140050923303E-04 0.6413330056676E-04
 0.6694144901405E-04 0.6989021465006E-04 0.7293944787941E-04 0.7607479618874E-04
 0.7937884654807E-04 0.8278026489279E-04 0.8629527922047E-04 0.8998269939712E-04
 0.9377654785270E-04 0.9771769410806E-04 0.1018337557901E-03 0.1060655466718E-03
 0.1104861719418E-03 0.1150827006056E-03 0.1198041179869E-03 0.1247659276993E-03
 0.1299026707807E-03 0.1351726199166E-03 0.1407475874504E-03 0.1464939632913E-03
 0.1523797306731E-03 0.1586526342414E-03 0.1650900085419E-03 0.1716683577558E-03
 0.1787403018296E-03 0.1859650177778E-03 0.1933679675796E-03 0.2013161687228E-03
 0.2094437010917E-03 0.2177854632428E-03 0.2267422436279E-03 0.2359138309793E-03
 0.2453171356365E-03 0.2554469318930E-03 0.2658398696716E-03 0.2763834542578E-03
 0.2878696862492E-03 0.2996972724901E-03 0.3110980578911E-03 0.3246285919574E-03
 0.3393663795514E-03 0.3517414605641E-03 0.3661891715403E-03 0.3815060190376E-03
 0.3975494836541E-03 0.4143494816953E-03 0.4319583883014E-03 0.4504224412464E-03
 0.4697732402394E-03 0.4900875608435E-03 0.5114436992929E-03 0.5338552173486E-03
 0.5594474103713E-03 0.5832786010237E-03 0.6104562329584E-03 0.6335196174190E-03
 0.6648516840571E-03 0.6986239323632E-03 0.7256048456317E-03 0.7616408905781E-03
 0.8026257926153E-03 0.8350834921588E-03 0.8767968143376E-03 0.9264435273467E-03
 0.9658403072213E-03 0.1014627395435E-02 0.1074369843378E-02 0.1123486990142E-02
 0.1181148716364E-02 0.1253898476541E-02 0.1315568028239E-02 0.1384465008344E-02
 0.1474156514921E-02 0.1552309883939E-02 0.1635618104861E-02 0.1747647303022E-02
 0.1847792171200E-02 0.1949893208794E-02 0.2091803762586E-02 0.2221750056146E-02
 0.2348842157095E-02 0.2531415898467E-02 0.2702417505797E-02 0.2863500141090E-02
 0.3102546127719E-02 0.3331155391972E-02 0.3547588480117E-02 0.3859076897649E-02
 0.4170273160800E-02 0.4468327933027E-02 0.4884138313908E-02 0.5316848625985E-02
 0.5739411034256E-02 0.6311086079539E-02 0.6928452028676E-02 0.7549008353643E-02
 0.8364336228746E-02 0.9273970760892E-02 0.1022618367311E-01 0.1144423688427E-01
 0.1284080439105E-01 0.1438574120301E-01 0.1631590368120E-01 0.1857625958760E-01
 0.2126523978991E-01 0.2455455247676E-01 0.2854425306222E-01 0.3354203467430E-01
 0.3962536979499E-01 0.4731117972591E-01 0.5724482972433E-01 0.6921722599000E-01
 0.8485723042026E-01 0.1038044291455     0.1257694511276     0.1544866896707    
 0.1882268392874     0.2318874313447     0.3178322297572     0.5228188996719    
 0.7759474134577     0.7139640174305     0.7219747078609     0.7888609052210E-30
-0.1978631060165E-04-0.1902082451580E-04-0.1825533842995E-04-0.1748985234410E-04
-0.1672436625825E-04-0.1595888017240E-04-0.1519339408655E-04-0.1454596317950E-04
-0.1391160144258E-04-0.1327723970566E-04-0.1264287796874E-04-0.1200851623182E-04
-0.1140203270548E-04-0.1082787368727E-04-0.1025371466907E-04-0.9679555650872E-05
-0.9105396632671E-05-0.8559161542912E-05-0.8030312224719E-05-0.7501462906526E-05
-0.6972613588332E-05-0.6446850465744E-05-0.5928432436591E-05-0.5410014407439E-05
-0.4891596378286E-05-0.4368407742831E-05-0.3839260065397E-05-0.3310112387963E-05
-0.2780662707485E-05-0.2225516035497E-05-0.1670369363509E-05-0.1115222691521E-05
-0.5261035684469E-06 0.6474981788666E-07 0.6652111305645E-06 0.1299038588791E-05
 0.1932866047018E-05 0.2603395239882E-05 0.3283565647339E-05 0.3994465524130E-05
 0.4723849334629E-05 0.5487143393227E-05 0.6265512245699E-05 0.7092831174314E-05
 0.7942477616432E-05 0.8822273526642E-05 0.9745612572671E-05 0.1071033912151E-04
 0.1170175798186E-04 0.1273630329195E-04 0.1382155504707E-04 0.1493909288921E-04
 0.1611354457635E-04 0.1734008174818E-04 0.1860271488183E-04 0.1993655573180E-04
 0.2132289086908E-04 0.2274940545168E-04 0.2426436622324E-04 0.2583119723273E-04
 0.2744248844616E-04 0.2916237579572E-04 0.3093222967884E-04 0.3276037785111E-04
 0.3470176441877E-04 0.3669921081694E-04 0.3877125449124E-04 0.4096030072334E-04
 0.4321226403786E-04 0.4555792610511E-04 0.4802332977463E-04 0.5055945081380E-04
 0.5321155481623E-04 0.5598492700927E-04 0.5883799570091E-04 0.6183296178013E-04
 0.6494927045286E-04 0.6815574841726E-04 0.7153418843025E-04 0.7503228473888E-04
 0.7863294358663E-04 0.8244038091375E-04 0.8636362687201E-04 0.9042198289995E-04
 0.9469208373849E-04 0.9908910310986E-04 0.1036609594923E-03 0.1084480542661E-03
 0.1133736316008E-03 0.1185227426285E-03 0.1238887448717E-03 0.1294048984375E-03
 0.1352046651965E-03 0.1412206492773E-03 0.1473978965014E-03 0.1539335597828E-03
 0.1606817811854E-03 0.1676005806118E-03 0.1749721304154E-03 0.1825486573867E-03
 0.1903008790733E-03 0.1986270741198E-03 0.2071452844433E-03 0.2158875125899E-03
 0.2252593052916E-03 0.2348546381873E-03 0.2447236934526E-03 0.2552961429315E-03
 0.2661334964346E-03 0.2772791318138E-03 0.2892435387736E-03 0.3015274539369E-03
 0.3140576248648E-03 0.3276194604264E-03 0.3415831146548E-03 0.3552349246683E-03
 0.3711204905172E-03 0.3882825322019E-03 0.4032403078851E-03 0.4203916278106E-03
 0.4385343397525E-03 0.4575345169528E-03 0.4774337771365E-03 0.4982940838092E-03
 0.5201737810598E-03 0.5431199712272E-03 0.5671974902366E-03 0.5926275406259E-03
 0.6203640524784E-03 0.6477637229852E-03 0.6775113465334E-03 0.7001858826487E-03
 0.7472179361167E-03 0.7754896974954E-03 0.8008114179237E-03 0.8557664048984E-03
 0.8924319872382E-03 0.9206721751232E-03 0.9849781643139E-03 0.1031657713230E-02
 0.1063228884767E-02 0.1139568199549E-02 0.1198846632113E-02 0.1238220702090E-02
 0.1326183197638E-02 0.1401761014774E-02 0.1451044889708E-02 0.1553825128578E-02
 0.1650869846425E-02 0.1713124765809E-02 0.1834809762045E-02 0.1960522013830E-02
 0.2040228373930E-02 0.2186258652343E-02 0.2350734249193E-02 0.2454533963796E-02
 0.2632424165830E-02 0.2849984442024E-02 0.2987906952401E-02 0.3208414430648E-02
 0.3499709024212E-02 0.3687266535332E-02 0.3966366604912E-02 0.4352266326031E-02
 0.4623723302863E-02 0.4986101365358E-02 0.5509212197483E-02 0.5908875338444E-02
 0.6394419448808E-02 0.7123697068536E-02 0.7725501520444E-02 0.8402075030488E-02
 0.9455351902139E-02 0.1038911407163E-01 0.1137927704981E-01 0.1297179152559E-01
 0.1448017873807E-01 0.1602069615000E-01 0.1857773042998E-01 0.2114785734916E-01
 0.2372920653051E-01 0.2816283367909E-01 0.3284127271273E-01 0.3780532561229E-01
 0.4594097492019E-01 0.5505483955568E-01 0.6531096919420E-01 0.8118428761609E-01
 0.9898159999354E-01 0.1188099579051     0.1473139963458     0.1793028567960    
 0.2142321100823     0.3015256602342     0.4257728935580     0.6252637697663    
 0.7686311232850     0.8624567931024     0.7827086786779     0.7771701571176    
 0.7888609052210E-30-0.2889821912551E-04-0.2784613544638E-04-0.2679405176724E-04
-0.2574196808810E-04-0.2468988440897E-04-0.2363780072983E-04-0.2258571705069E-04
-0.2173613294893E-04-0.2090896634257E-04-0.2008179973622E-04-0.1925463312986E-04
-0.1842746652350E-04-0.1765452722734E-04-0.1694446395854E-04-0.1623440068973E-04
-0.1552433742093E-04-0.1481427415213E-04-0.1416049829205E-04-0.1354176764533E-04
-0.1292303699861E-04-0.1230430635189E-04-0.1169723365846E-04-0.1111790669702E-04
-0.1053857973559E-04-0.9959252774151E-05-0.9383403489005E-05-0.8811898225914E-05
-0.8240392962822E-05-0.7668716792510E-05-0.7082498380088E-05-0.6496279967666E-05
-0.5910061555244E-05-0.5295714822077E-05-0.4679932163281E-05-0.4055086358821E-05
-0.3398766308359E-05-0.2742446257896E-05-0.2049276845836E-05-0.1346427438912E-05
-0.6115825729354E-06 0.1425077260713E-06 0.9328021037691E-06 0.1739190997261E-05
 0.2598537827090E-05 0.3482392400010E-05 0.4399388659090E-05 0.5364421044231E-05
 0.6375966120850E-05 0.7417460701121E-05 0.8507313745370E-05 0.9654681772517E-05
 0.1083862938624E-04 0.1208699397233E-04 0.1339508693511E-04 0.1474451079250E-04
 0.1617525187165E-04 0.1766669965181E-04 0.1920455882377E-04 0.2084405443984E-04
 0.2254392639136E-04 0.2429554948757E-04 0.2617254791980E-04 0.2810801116366E-04
 0.3011168335442E-04 0.3224654036255E-04 0.3444711413315E-04 0.3673534341473E-04
 0.3915944921547E-04 0.4165736402586E-04 0.4426576325920E-04 0.4701344379594E-04
 0.4984405538045E-04 0.5281182248747E-04 0.5592077333028E-04 0.5912305540512E-04
 0.6249354345757E-04 0.6600534070796E-04 0.6962247812916E-04 0.7344387861547E-04
 0.7740458519046E-04 0.8148469698433E-04 0.8581086673860E-04 0.9027175668789E-04
 0.9488982019805E-04 0.9976025945859E-04 0.1047786875880E-03 0.1100002478076E-03
 0.1154787499570E-03 0.1211191988773E-03 0.1270189154243E-03 0.1331779778301E-03
 0.1395133182101E-03 0.1461769059779E-03 0.1530995438132E-03 0.1602125410153E-03
 0.1677392812371E-03 0.1755213546586E-03 0.1835064276697E-03 0.1920124967588E-03
 0.2007657455910E-03 0.2097308627744E-03 0.2193539149607E-03 0.2292099867955E-03
 0.2393379148866E-03 0.2501838952661E-03 0.2612997842728E-03 0.2727517867777E-03
 0.2850004254889E-03 0.2975667665883E-03 0.3105220414315E-03 0.3243940449567E-03
 0.3386453301054E-03 0.3532441586504E-03 0.3689694273296E-03 0.3851607531866E-03
 0.4011618731940E-03 0.4195076108838E-03 0.4392037129454E-03 0.4568641590680E-03
 0.4768463878274E-03 0.4979511985333E-03 0.5200552937334E-03 0.5432114088059E-03
 0.5674916165266E-03 0.5929576776244E-03 0.6196489059393E-03 0.6476852753479E-03
 0.6771191995859E-03 0.7075982584605E-03 0.7432870236029E-03 0.7762178337255E-03
 0.8170922021219E-03 0.8429850346153E-03 0.8890113925119E-03 0.9402477760032E-03
 0.9709240159470E-03 0.1022741574801E-02 0.1085668410088E-02 0.1123346670762E-02
 0.1182286389754E-02 0.1259450215876E-02 0.1305988027712E-02 0.1373878537082E-02
 0.1466680526910E-02 0.1527214037222E-02 0.1606350936689E-02 0.1719555722736E-02
 0.1798412220007E-02 0.1891783152454E-02 0.2031863136726E-02 0.2135248969969E-02
 0.2246903783479E-02 0.2422816015576E-02 0.2559664468031E-02 0.2695295404581E-02
 0.2919719242769E-02 0.3103017939475E-02 0.3270902395420E-02 0.3562254523339E-02
 0.3811195196189E-02 0.4023783193266E-02 0.4409625310715E-02 0.4753213548346E-02
 0.5047505592856E-02 0.5552986138914E-02 0.6036372421364E-02 0.6456249415171E-02
 0.7138180832263E-02 0.7834356313564E-02 0.8455376857079E-02 0.9409865798784E-02
 0.1044260280756E-01 0.1140269830838E-01 0.1280303667050E-01 0.1439494018596E-01
 0.1596430282830E-01 0.1814674815142E-01 0.2072663377679E-01 0.2347768292331E-01
 0.2714596632282E-01 0.3160045051063E-01 0.3683477802714E-01 0.4355469537574E-01
 0.5200780086176E-01 0.6256156258879E-01 0.7571183998118E-01 0.9273645493932E-01
 0.1128182799751     0.1367700018957     0.1681783149573     0.2052988101035    
 0.2594856832982     0.3648483012366     0.5601384801612     0.7613269767458    
 0.7751332936037     0.8377796401444     0.9163503839169     0.8197136718496    
 0.8039813159383     0.7888609052210E-30-0.3827637254714E-04-0.3693011121518E-04
-0.3558384988322E-04-0.3423758855126E-04-0.3289132721929E-04-0.3154506588733E-04
-0.3019880455537E-04-0.2914241787695E-04-0.2811812145667E-04-0.2709382503640E-04
-0.2606952861612E-04-0.2504523219585E-04-0.2410250357854E-04-0.2325435201828E-04
-0.2240620045801E-04-0.2155804889775E-04-0.2070989733749E-04-0.1994747051993E-04
-0.1923841695168E-04-0.1852936338343E-04-0.1782030981518E-04-0.1713185382216E-04
-0.1649241971044E-04-0.1585298559872E-04-0.1521355148700E-04-0.1458626767443E-04
-0.1397416099828E-04-0.1336205432212E-04-0.1274991640241E-04-0.1213512001442E-04
-0.1152032362644E-04-0.1090552723845E-04-0.1026901810465E-04-0.9631400554575E-05
-0.8985370733470E-05-0.8310127006089E-05-0.7634883278709E-05-0.6922964860923E-05
-0.6201412332817E-05-0.5446797569339E-05-0.4672295701392E-05-0.3859499998433E-05
-0.3029680778933E-05-0.2143114440963E-05-0.1229968950029E-05-0.2808317482633E-06
 0.7207007951785E-06 0.1773707809975E-05 0.2859845625831E-05 0.3999470005789E-05
 0.5203247615514E-05 0.6447814274538E-05 0.7764191201458E-05 0.9147791358290E-05
 0.1057787341442E-04 0.1209928246578E-04 0.1368948203430E-04 0.1533223712802E-04
 0.1708972964537E-04 0.1891599297650E-04 0.2080120271943E-04 0.2282849232168E-04
 0.2492264938894E-04 0.2709481849873E-04 0.2941607166007E-04 0.3181261452118E-04
 0.3430974302838E-04 0.3696160050709E-04 0.3969809058255E-04 0.4256170578507E-04
 0.4558414438890E-04 0.4870168005950E-04 0.5197738255139E-04 0.5541420870576E-04
 0.5895797981607E-04 0.6269609034249E-04 0.6659552076323E-04 0.7061547451213E-04
 0.7487180899164E-04 0.7928716030211E-04 0.8383881175340E-04 0.8867562028178E-04
 0.9366613470968E-04 0.9883597268702E-04 0.1042986823858E-03 0.1099305226795E-03
 0.1157939223620E-03 0.1219558931513E-03 0.1283033466439E-03 0.1349459934934E-03
 0.1418904451853E-03 0.1490373834334E-03 0.1565574720259E-03 0.1643795458561E-03
 0.1724211879816E-03 0.1809322695954E-03 0.1897416772952E-03 0.1987866845229E-03
 0.2084214404384E-03 0.2183459215380E-03 0.2285187385097E-03 0.2394341580709E-03
 0.2506240649643E-03 0.2621342070785E-03 0.2744517511965E-03 0.2870862060067E-03
 0.3001200643239E-03 0.3140448558592E-03 0.3283409692096E-03 0.3431080839639E-03
 0.3588911496791E-03 0.3751142861762E-03 0.3917883743186E-03 0.4096857939925E-03
 0.4281152620071E-03 0.4464806299295E-03 0.4673045737146E-03 0.4895548094355E-03
 0.5099434083788E-03 0.5327880444390E-03 0.5568914693077E-03 0.5821401401212E-03
 0.6086007519836E-03 0.6363567291781E-03 0.6654863139109E-03 0.6960524633722E-03
 0.7281488438568E-03 0.7620567686556E-03 0.7989716466130E-03 0.8352337917904E-03
 0.8752940936198E-03 0.9064574390023E-03 0.9683372244066E-03 0.1006679992819E-02
 0.1041458959197E-02 0.1114171944816E-02 0.1163821213495E-02 0.1202919383319E-02
 0.1288382243939E-02 0.1351630724558E-02 0.1395838308033E-02 0.1497780153850E-02
 0.1578266251087E-02 0.1633720641648E-02 0.1752038435735E-02 0.1854990737617E-02
 0.1924976464833E-02 0.2064434971594E-02 0.2197216595679E-02 0.2286554551199E-02
 0.2453427466382E-02 0.2626417690584E-02 0.2742263985185E-02 0.2945147876013E-02
 0.3173113094707E-02 0.3326267048109E-02 0.3577395315731E-02 0.3881662768747E-02
 0.4088793089838E-02 0.4406242708528E-02 0.4818251725159E-02 0.5105845205170E-02
 0.5517417317632E-02 0.6073631167954E-02 0.6496469334882E-02 0.7046873943291E-02
 0.7819168282522E-02 0.8455208566749E-02 0.9220159232234E-02 0.1033089855078E-01
 0.1131708889094E-01 0.1243276465821E-01 0.1410460749426E-01 0.1569719754101E-01
 0.1742596726494E-01 0.2009745425376E-01 0.2281192223625E-01 0.2569700814902E-01
 0.3030715177266E-01 0.3525472917236E-01 0.4049153552296E-01 0.4919442446143E-01
 0.5885352476846E-01 0.6962820500549E-01 0.8658808167246E-01 0.1053137574143    
 0.1260400188185     0.1566728090452     0.1912392687356     0.2306038138375    
 0.3260362757116     0.4629942114671     0.6823024767217     0.7894140562684    
 0.8372207605251     0.8331092157499     0.8786828336539     0.9415415220887    
 0.8391823367993     0.8200735064367     0.7888609052210E-30-0.4768001119789E-04
-0.4603659970952E-04-0.4439318822115E-04-0.4274977673278E-04-0.4110636524441E-04
-0.3946295375603E-04-0.3781954226766E-04-0.3655278151465E-04-0.3532771747151E-04
-0.3410265342837E-04-0.3287758938523E-04-0.3165252534209E-04-0.3053608814115E-04
-0.2954560268436E-04-0.2855511722758E-04-0.2756463177079E-04-0.2657414631401E-04
-0.2569847257651E-04-0.2489428198755E-04-0.2409009139859E-04-0.2328590080963E-04
-0.2251108407758E-04-0.2180617662906E-04-0.2110126918055E-04-0.2039636173204E-04
-0.1971202766959E-04-0.1905339215852E-04-0.1839475664746E-04-0.1773622322107E-04
-0.1708637602862E-04-0.1643652883617E-04-0.1578668164373E-04-0.1512101178206E-04
-0.1445453418727E-04-0.1378017855534E-04-0.1307846429010E-04-0.1237675002487E-04
-0.1163811941819E-04-0.1088979122166E-04-0.1010703567624E-04-0.9303571903566E-05
-0.8459386124050E-05-0.7597097384702E-05-0.6673857070745E-05-0.5721754670685E-05
-0.4730529069176E-05-0.3682222798384E-05-0.2577094118020E-05-0.1435443235596E-05
-0.2348629297251E-06 0.1036956313457E-05 0.2354027634740E-05 0.3750700279052E-05
 0.5222539382550E-05 0.6746297402418E-05 0.8371869228756E-05 0.1007476007023E-04
 0.1183667630714E-04 0.1372700467574E-04 0.1569493400042E-04 0.1772937843031E-04
 0.1992329426754E-04 0.2219289909383E-04 0.2455080774071E-04 0.2707640317359E-04
 0.2968731231205E-04 0.3241236514132E-04 0.3531171816166E-04 0.3830701197063E-04
 0.4144686793041E-04 0.4476582207564E-04 0.4819255922953E-04 0.5179947489346E-04
 0.5558819903857E-04 0.5949803986194E-04 0.6362960168401E-04 0.6794324868441E-04
 0.7239320291160E-04 0.7711320502269E-04 0.8201269492868E-04 0.8706603151600E-04
 0.9244554094529E-04 0.9799850095576E-04 0.1037538199776E-03 0.1098445336670E-03
 0.1161264345768E-03 0.1226695157501E-03 0.1295549335237E-03 0.1366504714957E-03
 0.1440787331231E-03 0.1518535004605E-03 0.1598582829242E-03 0.1682832767652E-03
 0.1770555320968E-03 0.1860781337962E-03 0.1956287790967E-03 0.2055231758153E-03
 0.2156876192368E-03 0.2265144874574E-03 0.2376761425874E-03 0.2491247579255E-03
 0.2614059396140E-03 0.2740056688617E-03 0.2869770369285E-03 0.3008512844091E-03
 0.3150926052481E-03 0.3298008595391E-03 0.3455014479700E-03 0.3616309123816E-03
 0.3783193928740E-03 0.3961312988057E-03 0.4144490061349E-03 0.4333292926827E-03
 0.4535380897741E-03 0.4743503498977E-03 0.4952341864808E-03 0.5187004510826E-03
 0.5436757451089E-03 0.5669780505044E-03 0.5928811962335E-03 0.6201921554876E-03
 0.6488101144744E-03 0.6788148871966E-03 0.7103020647908E-03 0.7433535626551E-03
 0.7780229345493E-03 0.8144745991622E-03 0.8527626584217E-03 0.8923276894794E-03
 0.9386378866246E-03 0.9818544018718E-03 0.1036170500736E-02 0.1068750917897E-02
 0.1129577250614E-02 0.1197679807458E-02 0.1236756025639E-02 0.1305294474549E-02
 0.1389291203927E-02 0.1437820568454E-02 0.1515979076031E-02 0.1619533991938E-02
 0.1680122187178E-02 0.1770524128000E-02 0.1895708772003E-02 0.1975650192070E-02
 0.2081646952048E-02 0.2235364685744E-02 0.2340955457581E-02 0.2467005379174E-02
 0.2658776690298E-02 0.2799192843915E-02 0.2951487206377E-02 0.3194730755829E-02
 0.3383420913756E-02 0.3570893481825E-02 0.3885022040511E-02 0.4141960298821E-02
 0.4377982429295E-02 0.4791938278579E-02 0.5147412268155E-02 0.5452758949408E-02
 0.6011257919083E-02 0.6512522036800E-02 0.6947012160565E-02 0.7696000673464E-02
 0.8419589127191E-02 0.9060604367692E-02 0.1010248844102E-01 0.1117843476302E-01
 0.1216702934929E-01 0.1368593782764E-01 0.1534873866286E-01 0.1696086679558E-01
 0.1931367827864E-01 0.2201691492536E-01 0.2483693067128E-01 0.2877127012225E-01
 0.3345797781041E-01 0.3881567655680E-01 0.4600066172789E-01 0.5475189240587E-01
 0.6573366789512E-01 0.7976937947630E-01 0.9736801649809E-01 0.1181729596416    
 0.1437658722734     0.1765920286040     0.2163225468739     0.2791717116296    
 0.3912133192757     0.5925425992500     0.7768203440786     0.8149719660929    
 0.8540393592917     0.8842112832617     0.8632195746888     0.8985165202000    
 0.9555721095697     0.8515665196090     0.8317065389854     0.7888609052210E-30
-0.5715894141978E-04-0.5521422211764E-04-0.5326950281550E-04-0.5132478351337E-04
-0.4938006421123E-04-0.4743534490910E-04-0.4549062560696E-04-0.4400944377052E-04
-0.4257957734491E-04-0.4114971091931E-04-0.3971984449370E-04-0.3828997806810E-04
-0.3699576423038E-04-0.3585883822044E-04-0.3472191221050E-04-0.3358498620056E-04
-0.3244806019062E-04-0.3145496513305E-04-0.3055142094533E-04-0.2964787675761E-04
-0.2874433256989E-04-0.2787887579023E-04-0.2710406639873E-04-0.2632925700723E-04
-0.2555444761572E-04-0.2480851925392E-04-0.2409866665636E-04-0.2338881405880E-04
-0.2267919328178E-04-0.2198929777087E-04-0.2129940225995E-04-0.2060950674904E-04
-0.1990937689520E-04-0.1920872458730E-04-0.1850065134281E-04-0.1776680687134E-04
-0.1703296239988E-04-0.1626170203751E-04-0.1548061285814E-04-0.1466351488839E-04
-0.1382475744618E-04-0.1294263818777E-04-0.1204124244280E-04-0.1107436343345E-04
-0.1007621097519E-04-0.9035629244385E-05-0.7932988660354E-05-0.6767957079116E-05
-0.5562848863526E-05-0.4293091810410E-05-0.2944743044348E-05-0.1546492026374E-05
-0.6049188163606E-07 0.1508883849400E-05 0.3135813833459E-05 0.4875485220419E-05
 0.6701265669759E-05 0.8592750123393E-05 0.1062686466070E-04 0.1274766427730E-04
 0.1494276539043E-04 0.1731539456254E-04 0.1977277636304E-04 0.2232903622997E-04
 0.2507228033082E-04 0.2791114532274E-04 0.3087807250919E-04 0.3403959318561E-04
 0.3730869655175E-04 0.4074025454206E-04 0.4437193180398E-04 0.4812447375474E-04
 0.5207977873005E-04 0.5623834301475E-04 0.6053266710908E-04 0.6507681406672E-04
 0.6982459068296E-04 0.7472502115664E-04 0.7993007548019E-04 0.8533587159606E-04
 0.9091373210536E-04 0.9685993530632E-04 0.1030001074236E-03 0.1093665766098E-03
 0.1161122305143E-03 0.1230719797595E-03 0.1303237235874E-03 0.1379629719992E-03
 0.1458379261533E-03 0.1540846936254E-03 0.1627242297331E-03 0.1716223845140E-03
 0.1809898329033E-03 0.1907515635900E-03 0.2007956683220E-03 0.2114290291318E-03
 0.2224535096350E-03 0.2337839787795E-03 0.2458529139192E-03 0.2583038386587E-03
 0.2710821830553E-03 0.2847874171287E-03 0.2988575694717E-03 0.3133534597958E-03
 0.3288525825478E-03 0.3447717614551E-03 0.3612292658873E-03 0.3787859693374E-03
 0.3968325128901E-03 0.4155315243483E-03 0.4354675072419E-03 0.4559790628466E-03
 0.4771722227192E-03 0.4998061923834E-03 0.5231203658463E-03 0.5466536807116E-03
 0.5729031345102E-03 0.6007515141443E-03 0.6271297268654E-03 0.6562687873539E-03
 0.6869782131627E-03 0.7191694661172E-03 0.7529395955805E-03 0.7883985069652E-03
 0.8256496450134E-03 0.8647780747412E-03 0.9059126352617E-03 0.9494083288344E-03
 0.9967347144114E-03 0.1043079601681E-02 0.1094956365757E-02 0.1135799569938E-02
 0.1214872910632E-02 0.1264846323985E-02 0.1310569186416E-02 0.1404047174500E-02
 0.1468915524155E-02 0.1520788864355E-02 0.1631294379299E-02 0.1714260588162E-02
 0.1773621677527E-02 0.1906296765804E-02 0.2012421797842E-02 0.2087571764266E-02
 0.2242917216377E-02 0.2379520082230E-02 0.2475442078647E-02 0.2660475395291E-02
 0.2837978938011E-02 0.2962085858398E-02 0.3186313002709E-02 0.3419628418234E-02
 0.3583117847218E-02 0.3859952521498E-02 0.4170691257099E-02 0.4390836174793E-02
 0.4739976303855E-02 0.5160079844524E-02 0.5464280239204E-02 0.5915870565448E-02
 0.6493795118747E-02 0.6927111844564E-02 0.7529431141624E-02 0.8328920105136E-02
 0.8981210517357E-02 0.9815737598698E-02 0.1096146982414E-01 0.1197397974268E-01
 0.1318691349397E-01 0.1490530090358E-01 0.1654315930341E-01 0.1841594410702E-01
 0.2115234593296E-01 0.2395113034927E-01 0.2706710941354E-01 0.3177516826520E-01
 0.3689522629413E-01 0.4254161487204E-01 0.5141397620811E-01 0.6145361829808E-01
 0.7249378674853E-01 0.9030810966288E-01 0.1096818396020     0.1308748777366    
 0.1632947879484     0.1998380755184     0.2414818505845     0.3447757321057    
 0.4932829774720     0.7182997933947     0.8075939968544     0.8494840150997    
 0.8690826950930     0.8907844635641     0.9057234174410     0.8783260081036    
 0.9099475735394     0.9651559424859     0.8607636427615     0.8405549563694    
 0.7888609052210E-30-0.6665478428836E-04-0.6440558881214E-04-0.6215639333592E-04
-0.5990719785970E-04-0.5765800238348E-04-0.5540880690726E-04-0.5315961143104E-04
-0.5146011857455E-04-0.4982147994853E-04-0.4818284132251E-04-0.4654420269648E-04
-0.4490556407046E-04-0.4342927036124E-04-0.4214121396993E-04-0.4085315757863E-04
-0.3956510118732E-04-0.3827704479601E-04-0.3716142845333E-04-0.3615317534574E-04
-0.3514492223816E-04-0.3413666913057E-04-0.3317502938522E-04-0.3232432865506E-04
-0.3147362792490E-04-0.3062292719473E-04-0.2980913185952E-04-0.2904143565381E-04
-0.2827373944809E-04-0.2750639770932E-04-0.2676921703735E-04-0.2603203636538E-04
-0.2529485569342E-04-0.2455244376712E-04-0.2380976478997E-04-0.2305999369525E-04
-0.2228559328730E-04-0.2151119287936E-04-0.2069841862173E-04-0.1987556389997E-04
-0.1901479509234E-04-0.1813122076726E-04-0.1720127432207E-04-0.1625071316035E-04
-0.1522969149278E-04-0.1417475376470E-04-0.1307377352649E-04-0.1190541227850E-04
-0.1066866919490E-04-0.9388070974677E-05-0.8036773084392E-05-0.6599044040970E-05
-0.5106491572631E-05-0.3517625507701E-05-0.1836688261061E-05-0.9225497974137E-07
 0.1776343603686E-05 0.3740322864033E-05 0.5777035182571E-05 0.7971189122490E-05
 0.1026158350599E-04 0.1263446969827E-04 0.1520364811975E-04 0.1786709564564E-04
 0.2064052379333E-04 0.2362095560820E-04 0.2670780000317E-04 0.2993730403736E-04
 0.3338243105000E-04 0.3694729953149E-04 0.4069337691763E-04 0.4466134496256E-04
 0.4876380979454E-04 0.5309270659126E-04 0.5764707779638E-04 0.6235243819856E-04
 0.6733707951966E-04 0.7254767255655E-04 0.7792789280072E-04 0.8364900166388E-04
 0.8959289513846E-04 0.9572774685142E-04 0.1022752079363E-03 0.1090379513598E-03
 0.1160518575115E-03 0.1234909657484E-03 0.1311680539872E-03 0.1391692166176E-03
 0.1476054111607E-03 0.1563040928315E-03 0.1654154029393E-03 0.1749682348079E-03
 0.1848097431527E-03 0.1951719846576E-03 0.2059781468741E-03 0.2171004612827E-03
 0.2288764732312E-03 0.2410937141201E-03 0.2536549678847E-03 0.2670351591052E-03
 0.2808474048527E-03 0.2950299830518E-03 0.3102398522888E-03 0.3258639936547E-03
 0.3419714525041E-03 0.3591896397043E-03 0.3768845524296E-03 0.3951941288815E-03
 0.4147181783095E-03 0.4347976912263E-03 0.4556301671390E-03 0.4778230816129E-03
 0.5006672857825E-03 0.5243220170435E-03 0.5495399459835E-03 0.5755214074197E-03
 0.6018811477032E-03 0.6311027871931E-03 0.6620214732165E-03 0.6916909918756E-03
 0.7242942253571E-03 0.7586463319146E-03 0.7946749065094E-03 0.8324932942725E-03
 0.8722269178495E-03 0.9139843077274E-03 0.9578408152279E-03 0.1004015264718E-02
 0.1052572091284E-02 0.1102735692722E-02 0.1161401400001E-02 0.1216719146550E-02
 0.1286680354599E-02 0.1327546414101E-02 0.1405773396747E-02 0.1493658833203E-02
 0.1543339064598E-02 0.1631876763093E-02 0.1740825082589E-02 0.1803269850847E-02
 0.1904865229574E-02 0.2040018274419E-02 0.2118945786517E-02 0.2237406588097E-02
 0.2401989560741E-02 0.2507484901927E-02 0.2647796805759E-02 0.2851693560687E-02
 0.2992902653546E-02 0.3161879068089E-02 0.3418976909085E-02 0.3609450904603E-02
 0.3816821169088E-02 0.4147136175607E-02 0.4407145006527E-02 0.4667370404162E-02
 0.5100646459089E-02 0.5461071640385E-02 0.5796515993433E-02 0.6378571959744E-02
 0.6887763926338E-02 0.7334501036033E-02 0.8139065782795E-02 0.8875579784364E-02
 0.9532701249875E-02 0.1064690725317E-01 0.1174466701384E-01 0.1275516818125E-01
 0.1437229639620E-01 0.1607385386674E-01 0.1771721155202E-01 0.2021178044880E-01
 0.2298892108140E-01 0.2585675628859E-01 0.3001444914843E-01 0.3485441788692E-01
 0.4029391858479E-01 0.4787447818125E-01 0.5696447607427E-01 0.6810979178674E-01
 0.8290343662456E-01 0.1008242207127     0.1221924133387     0.1492491686954    
 0.1829425805712     0.2247282227429     0.2951381502517     0.4102679702607    
 0.6205911640315     0.7919190357660     0.8365646891069     0.8698935566175    
 0.8935402605551     0.8962298717465     0.9081869760282     0.9172463020418    
 0.8877139755819     0.9181174463022     0.9726839921693     0.8676889609435    
 0.8471610476443     0.7888609052210E-30-0.7618282794381E-04-0.7362554305093E-04
-0.7106825815805E-04-0.6851097326517E-04-0.6595368837230E-04-0.6339640347942E-04
-0.6083911858654E-04-0.5891726752886E-04-0.5706576148257E-04-0.5521425543629E-04
-0.5336274939001E-04-0.5151124334372E-04-0.4984853273291E-04-0.4840472855358E-04
-0.4696092437425E-04-0.4551712019491E-04-0.4407331601558E-04-0.4283026679623E-04
-0.4171221001418E-04-0.4059415323213E-04-0.3947609645007E-04-0.3841302758141E-04
-0.3748082901827E-04-0.3654863045514E-04-0.3561643189200E-04-0.3472893517683E-04
-0.3389727626748E-04-0.3306561735814E-04-0.3223442936297E-04-0.3144331075619E-04
-0.3065219214941E-04-0.2986107354264E-04-0.2906923821057E-04-0.2827736629031E-04
-0.2747861345229E-04-0.2665596475004E-04-0.2583331604779E-04-0.2497095186966E-04
-0.2409815479431E-04-0.2318522774603E-04-0.2224816231284E-04-0.2126141270929E-04
-0.2025257601796E-04-0.1916784658958E-04-0.1804637907383E-04-0.1687501268152E-04
-0.1563054595356E-04-0.1431140642890E-04-0.1294441458227E-04-0.1150030297346E-04
-0.9961560956605E-05-0.8362824657673E-05-0.6658737826529E-05-0.4853530834859E-05
-0.2978624000656E-05-0.9675506471355E-06 0.1148518870928E-05 0.3344624268781E-05
 0.5713688990049E-05 0.8188880769709E-05 0.1075503859942E-04 0.1353711257463E-04
 0.1642328602812E-04 0.1943090887295E-04 0.2266644934956E-04 0.2601955954646E-04
 0.2953039227826E-04 0.3327880504851E-04 0.3715954752422E-04 0.4124084000331E-04
 0.4556675228268E-04 0.5004130208473E-04 0.5476669049541E-04 0.5974075176109E-04
 0.6488163750191E-04 0.7033219087716E-04 0.7603201979627E-04 0.8191917327543E-04
 0.8818465489608E-04 0.9469597326930E-04 0.1014180088590E-03 0.1085984179411E-03
 0.1160164236394E-03 0.1237116253899E-03 0.1318796983890E-03 0.1403107431039E-03
 0.1490994930643E-03 0.1583726401936E-03 0.1679362957081E-03 0.1779554326112E-03
 0.1884669028053E-03 0.1992985223057E-03 0.2107049728691E-03 0.2226072943464E-03
 0.2348612018998E-03 0.2478367039710E-03 0.2613061333065E-03 0.2751595923890E-03
 0.2899169539531E-03 0.3051593041188E-03 0.3208173588003E-03 0.3376089768391E-03
 0.3548673359128E-03 0.3726702261938E-03 0.3916979643775E-03 0.4112629257634E-03
 0.4315241312191E-03 0.4531225754826E-03 0.4753467731912E-03 0.4984318639118E-03
 0.5230092715198E-03 0.5483192701188E-03 0.5745789218005E-03 0.6025340371962E-03
 0.6313433763602E-03 0.6607064793937E-03 0.6930909590936E-03 0.7272805772929E-03
 0.7604617625458E-03 0.7967705444453E-03 0.8350257024452E-03 0.8751705912943E-03
 0.9173402853661E-03 0.9616786521302E-03 0.1008322309238E-02 0.1057387924942E-02
 0.1109049278229E-02 0.1163755412118E-02 0.1223314215224E-02 0.1281503542004E-02
 0.1347404267663E-02 0.1399633895255E-02 0.1499431812816E-02 0.1563285443128E-02
 0.1622072256721E-02 0.1740855391628E-02 0.1824221960040E-02 0.1891621597755E-02
 0.2033042315796E-02 0.2140403603692E-02 0.2218571094320E-02 0.2389758390853E-02
 0.2528179480875E-02 0.2628373329967E-02 0.2830911836686E-02 0.3010703898568E-02
 0.3140455694359E-02 0.3384737618638E-02 0.3620797934298E-02 0.3791506396185E-02
 0.4092037751905E-02 0.4406082163861E-02 0.4635347202771E-02 0.5013265061501E-02
 0.5437519344352E-02 0.5753250400309E-02 0.6240725395001E-02 0.6824250165023E-02
 0.7272292698508E-02 0.7920645053312E-02 0.8740691540675E-02 0.9399859521360E-02
 0.1029546273416E-01 0.1146690705111E-01 0.1249286063027E-01 0.1379046630072E-01
 0.1554211408226E-01 0.1720697899657E-01 0.1920452764326E-01 0.2198611676984E-01
 0.2484226784047E-01 0.2815838463090E-01 0.3293315854324E-01 0.3818349020455E-01
 0.4418748890155E-01 0.5317418179744E-01 0.6352157979724E-01 0.7524586278519E-01
 0.9328747735145E-01 0.1131800915664     0.1346592769089     0.1686770185078    
 0.2068344331860     0.2498214664569     0.3604458600363     0.5193874933896    
 0.7466183956736     0.8219217025996     0.8628442750058     0.8885623928435    
 0.9045367984274     0.9136641193271     0.9097115368664     0.9180826000131    
 0.9251350975758     0.8948110173864     0.9244322572475     0.9782565087214    
 0.8729269991687     0.8521230023440     0.7888609052210E-30-0.8573065001580E-04
-0.8286167242621E-04-0.7999269483661E-04-0.7712371724702E-04-0.7425473965742E-04
-0.7138576206783E-04-0.6851678447823E-04-0.6636834516876E-04-0.6429967226567E-04
-0.6223099936259E-04-0.6016232645951E-04-0.5809365355643E-04-0.5623991487468E-04
-0.5463539028692E-04-0.5303086569915E-04-0.5142634111139E-04-0.4982181652362E-04
-0.4844597752851E-04-0.4721252091641E-04-0.4597906430430E-04-0.4474560769220E-04
-0.4357533227959E-04-0.4255542705514E-04-0.4153552183069E-04-0.4051561660624E-04
-0.3954792905709E-04-0.3864546745602E-04-0.3774300585495E-04-0.3684112455484E-04
-0.3598862020334E-04-0.3513611585183E-04-0.3428361150033E-04-0.3343431300635E-04
-0.3258517816854E-04-0.3172924437004E-04-0.3084969932561E-04-0.2997015428118E-04
-0.2904908331974E-04-0.2811710387451E-04-0.2714245132368E-04-0.2614213068056E-04
-0.2508843164927E-04-0.2401100326643E-04-0.2285180093902E-04-0.2165279796657E-04
-0.2039972081942E-04-0.1906748244185E-04-0.1765383719378E-04-0.1618811457536E-04
-0.1463852068430E-04-0.1298558690809E-04-0.1126720984287E-04-0.9434028366120E-05
-0.7490166102859E-05-0.5470082622186E-05-0.3301335479432E-05-0.1017468532829E-05
 0.1354104115663E-05 0.3914746657948E-05 0.6591901864210E-05 0.9368925068167E-05
 0.1238219524928E-04 0.1550987662150E-04 0.1877103771667E-04 0.2228175287547E-04
 0.2592170806737E-04 0.2973517343709E-04 0.3380891484890E-04 0.3802811936371E-04
 0.4246813929759E-04 0.4717626504470E-04 0.5204774687398E-04 0.5719564316394E-04
 0.6261618730567E-04 0.6822000373275E-04 0.7416534520274E-04 0.8038408378655E-04
 0.8680849645057E-04 0.9365051972333E-04 0.1007622510578E-03 0.1081051607310E-03
 0.1159545118081E-03 0.1240646114770E-03 0.1324789178365E-03 0.1414162296111E-03
 0.1506425573049E-03 0.1602615764141E-03 0.1704169894315E-03 0.1808922465049E-03
 0.1918677188332E-03 0.2033891366926E-03 0.2152638020575E-03 0.2277700135765E-03
 0.2408270171091E-03 0.2542730247912E-03 0.2685121748188E-03 0.2833010929739E-03
 0.2985164466432E-03 0.3147257655289E-03 0.3314763265486E-03 0.3486908093973E-03
 0.3671522381772E-03 0.3861363821594E-03 0.4057303605444E-03 0.4266717931646E-03
 0.4482153395015E-03 0.4705426072203E-03 0.4943400211217E-03 0.5188391120773E-03
 0.5443155529665E-03 0.5714283313662E-03 0.5993622988183E-03 0.6283972256005E-03
 0.6592724227912E-03 0.6911007314002E-03 0.7236727140341E-03 0.7594405874549E-03
 0.7971318811795E-03 0.8340785366087E-03 0.8743628905051E-03 0.9168115042437E-03
 0.9613884751311E-03 0.1008249697701E-02 0.1057559282623E-02 0.1109461445053E-02
 0.1164063956052E-02 0.1221654630405E-02 0.1282319163080E-02 0.1345042628534E-02
 0.1418359842043E-02 0.1488169481454E-02 0.1576777737259E-02 0.1627893224549E-02
 0.1727079658301E-02 0.1838788913339E-02 0.1901866927434E-02 0.2014911593124E-02
 0.2154269993667E-02 0.2234643325488E-02 0.2365530353757E-02 0.2539714836126E-02
 0.2642768385529E-02 0.2797089803190E-02 0.3011223733819E-02 0.3150839484671E-02
 0.3336127892800E-02 0.3604428309876E-02 0.3794026435823E-02 0.4020888712430E-02
 0.4363791719853E-02 0.4623649140508E-02 0.4907709270137E-02 0.5355490683112E-02
 0.5716711598061E-02 0.6081988921280E-02 0.6681168818496E-02 0.7192696202858E-02
 0.7677789383359E-02 0.8503065963919E-02 0.9244760415241E-02 0.9914813041501E-02
 0.1109282491225E-01 0.1220143898121E-01 0.1322908894808E-01 0.1493310196725E-01
 0.1665759252502E-01 0.1832466540422E-01 0.2094538489036E-01 0.2377299337849E-01
 0.2667597396370E-01 0.3103426186679E-01 0.3599136020781E-01 0.4148918602409E-01
 0.4942891139584E-01 0.5879773279501E-01 0.7005749454263E-01 0.8554198011164E-01
 0.1039332377419     0.1255203314466     0.1539426014329     0.1882235939462    
 0.2317022205947     0.3090591325834     0.4259407108023     0.6455428669368    
 0.8040542174812     0.8511242020260     0.8826084209634     0.9051608526810    
 0.9139927581753     0.9209198543159     0.9243708347014     0.9181395719231    
 0.9252079701139     0.9313920836115     0.9002023489281     0.9291957899605    
 0.9825478871202     0.8768300399409     0.8558255878731     0.7888609052210E-30
-0.9530413380542E-04-0.9211953588420E-04-0.8893493796298E-04-0.8575034004176E-04
-0.8256574212054E-04-0.7938114419932E-04-0.7619654627810E-04-0.7381708211818E-04
-0.7152674941536E-04-0.6923641671254E-04-0.6694608400972E-04-0.6465575130690E-04
-0.6260620638156E-04-0.6083585249167E-04-0.5906549860178E-04-0.5729514471189E-04
-0.5552479082200E-04-0.5401071391909E-04-0.5265619813101E-04-0.5130168234294E-04
-0.4994716655487E-04-0.4866385092069E-04-0.4754999045074E-04-0.4643612998080E-04
-0.4532226951086E-04-0.4426788201057E-04-0.4328778316463E-04-0.4230768431870E-04
-0.4132826808233E-04-0.4040693408266E-04-0.3948560008298E-04-0.3856426608331E-04
-0.3764950626465E-04-0.3673508205204E-04-0.3581380713478E-04-0.3486874127650E-04
-0.3392367541822E-04-0.3293484020944E-04-0.3193450718713E-04-0.3088860542209E-04
-0.2981529382413E-04-0.2868457064329E-04-0.2752832515499E-04-0.2628390730587E-04
-0.2499642548959E-04-0.2365042184847E-04-0.2221874291577E-04-0.2069859052231E-04
-0.1912188855140E-04-0.1745414371969E-04-0.1567394925053E-04-0.1382258090420E-04
-0.1184641593810E-04-0.9749617035961E-05-0.7569781359381E-05-0.5228126378123E-05
-0.2760846269011E-05-0.1978848405270E-06 0.2571063961513E-05 0.5467278821738E-05
 0.8472578874693E-05 0.1173544145886E-04 0.1512337594922E-04 0.1865722766345E-04
 0.2246329747103E-04 0.2641068755424E-04 0.3054789433269E-04 0.3496914252493E-04
 0.3954947358396E-04 0.4437154233306E-04 0.4948631171624E-04 0.5477973751911E-04
 0.6037598408683E-04 0.6626999743024E-04 0.7236443075402E-04 0.7883329962924E-04
 0.8560085886221E-04 0.9259328599948E-04 0.1000439503053E-03 0.1077893815610E-03
 0.1157874702021E-03 0.1243417992033E-03 0.1331812140942E-03 0.1423532291897E-03
 0.1521003152134E-03 0.1621637785165E-03 0.1726567693430E-03 0.1837403258542E-03
 0.1951745460589E-03 0.2071561645210E-03 0.2197398068059E-03 0.2327115010096E-03
 0.2463746777864E-03 0.2606463710427E-03 0.2753465006237E-03 0.2909155452631E-03
 0.3070933753926E-03 0.3237424944203E-03 0.3414811890510E-03 0.3598209390019E-03
 0.3786758792273E-03 0.3988984727124E-03 0.4197036623482E-03 0.4411885474929E-03
 0.4641518506923E-03 0.4877870085015E-03 0.5123000112794E-03 0.5384256355109E-03
 0.5653348373026E-03 0.5933473798284E-03 0.6231511669859E-03 0.6538719834843E-03
 0.6858583198204E-03 0.7198426787560E-03 0.7548886771853E-03 0.7908896375859E-03
 0.8302790377804E-03 0.8717231948681E-03 0.9127127228669E-03 0.9572777263806E-03
 0.1004250281412E-02 0.1053614979313E-02 0.1105555624863E-02 0.1160260497187E-02
 0.1217910515942E-02 0.1278667431296E-02 0.1342763997338E-02 0.1410770479500E-02
 0.1484911345407E-02 0.1557262303399E-02 0.1640066793854E-02 0.1706011629584E-02
 0.1831022425390E-02 0.1911835175603E-02 0.1986664851425E-02 0.2136627285100E-02
 0.2242995169723E-02 0.2329883493610E-02 0.2509976206527E-02 0.2648214033304E-02
 0.2750576243390E-02 0.2970784535280E-02 0.3150848053069E-02 0.3284076001072E-02
 0.3547927894784E-02 0.3784527469508E-02 0.3960106807755E-02 0.4283217366473E-02
 0.4598000969835E-02 0.4833695242545E-02 0.5238602555123E-02 0.5663888744520E-02
 0.5987891483446E-02 0.6508676189017E-02 0.7093900132545E-02 0.7552517299701E-02
 0.8243316858968E-02 0.9066681693682E-02 0.9739461892919E-02 0.1069115601572E-01
 0.1188191921587E-01 0.1291360150876E-01 0.1428883393029E-01 0.1606487483526E-01
 0.1774608070530E-01 0.1985813269068E-01 0.2267218313193E-01 0.2557027117632E-01
 0.2907090424956E-01 0.3389288461827E-01 0.3924968318705E-01 0.4558613547319E-01
 0.5465328195046E-01 0.6526760924270E-01 0.7763105752564E-01 0.9583267370978E-01
 0.1161720517912     0.1388340768844     0.1733346518892     0.2128822885553    
 0.2567559780738     0.3742884138249     0.5429635456163     0.7713051561214    
 0.8332646362198     0.8735917374722     0.9014913166253     0.9157526955141    
 0.9245575911476     0.9266646632015     0.9302664531056     0.9317342723661    
 0.9245941382985     0.9307526684977     0.9360809635218     0.9043351190976    
 0.9328185031809     0.9857126436018     0.8798166462674     0.8586586895075    
 0.7888609052210E-30-0.1049013382257E-03-0.1013969493055E-03-0.9789256038534E-04
-0.9438817146514E-04-0.9088378254494E-04-0.8737939362473E-04-0.8387500470453E-04
-0.8125977209497E-04-0.7874297256742E-04-0.7622617303987E-04-0.7370937351232E-04
-0.7119257398478E-04-0.6894210797085E-04-0.6700045301958E-04-0.6505879806831E-04
-0.6311714311704E-04-0.6117548816577E-04-0.5951732058450E-04-0.5803565562773E-04
-0.5655399067096E-04-0.5507232571419E-04-0.5366969490926E-04-0.5245516405140E-04
-0.5124063319354E-04-0.5002610233569E-04-0.4887800687728E-04-0.4781289695760E-04
-0.4674778703791E-04-0.4568345463312E-04-0.4468527981824E-04-0.4368710500336E-04
-0.4268893018848E-04-0.4170006866265E-04-0.4071168257191E-04-0.3971625707717E-04
-0.3869638533154E-04-0.3767651358590E-04-0.3661012575205E-04-0.3553151856144E-04
-0.3440409907737E-04-0.3324731874795E-04-0.3202868014679E-04-0.3078254246354E-04
-0.2944135740617E-04-0.2805358288846E-04-0.2660249173854E-04-0.2505885283383E-04
-0.2341918703650E-04-0.2171825526895E-04-0.1991875879716E-04-0.1799714239752E-04
-0.1599832095584E-04-0.1386426930190E-04-0.1159906648509E-04-0.9243665147120E-05
-0.6712763674227E-05-0.4045169476192E-05-0.1273514528447E-05 0.1721673977236E-05
 0.4855436225275E-05 0.8107975966762E-05 0.1164014514102E-04 0.1530858388783E-04
 0.1913600380260E-04 0.2325907638479E-04 0.2753612134750E-04 0.3202010176341E-04
 0.3681268099241E-04 0.4177856960157E-04 0.4700815934707E-04 0.5255586121684E-04
 0.5829816214448E-04 0.6437101447410E-04 0.7076759758242E-04 0.7738242865133E-04
 0.8440628160005E-04 0.9175499536515E-04 0.9934849524677E-04 0.1074429724038E-03
 0.1158581871434E-03 0.1245483198108E-03 0.1338471520854E-03 0.1434563525633E-03
 0.1534276492787E-03 0.1640289498221E-03 0.1749751973713E-03 0.1863893596195E-03
 0.1984513444017E-03 0.2108963443154E-03 0.2239381099658E-03 0.2376412888652E-03
 0.2517692426554E-03 0.2666516994991E-03 0.2822039416804E-03 0.2982264208268E-03
 0.3151979502330E-03 0.3328410690458E-03 0.3510032110520E-03 0.3703567108302E-03
 0.3903751224810E-03 0.4109634585939E-03 0.4330488700418E-03 0.4557810784803E-03
 0.4792678834077E-03 0.5043745938916E-03 0.5302283746884E-03 0.5570614805785E-03
 0.5856624008458E-03 0.6151358978583E-03 0.6458494957569E-03 0.6785246404486E-03
 0.7122219480370E-03 0.7473649184880E-03 0.7846798246844E-03 0.8231755061642E-03
 0.8628562754348E-03 0.9061375708304E-03 0.9516181627422E-03 0.9969643629868E-03
 0.1046145346212E-02 0.1098004227448E-02 0.1152552572352E-02 0.1210001460450E-02
 0.1270566063130E-02 0.1334439065221E-02 0.1401775946259E-02 0.1472953919278E-02
 0.1548095544999E-02 0.1625913024922E-02 0.1716886533078E-02 0.1804316318005E-02
 0.1915564695898E-02 0.1979461651988E-02 0.2104383229159E-02 0.2245371748549E-02
 0.2325557154162E-02 0.2469246262502E-02 0.2646502278163E-02 0.2750283411225E-02
 0.2918576889435E-02 0.3142166663486E-02 0.3277465489863E-02 0.3478690514432E-02
 0.3756829436892E-02 0.3942916019076E-02 0.4188646804844E-02 0.4542081961713E-02
 0.4799016889430E-02 0.5106101253410E-02 0.5565499215459E-02 0.5924347656290E-02
 0.6318496910730E-02 0.6930865065083E-02 0.7440842009014E-02 0.7963190106206E-02
 0.8803869171805E-02 0.9545719659328E-02 0.1026552980172E-01 0.1146207013816E-01
 0.1257478570877E-01 0.1361565148008E-01 0.1539910888530E-01 0.1713716933995E-01
 0.1882226668559E-01 0.2155895749229E-01 0.2442362529735E-01 0.2735284383833E-01
 0.3189710521849E-01 0.3695123021474E-01 0.4249184900391E-01 0.5076776633663E-01
 0.6038262576932E-01 0.7172532699169E-01 0.8785963213394E-01 0.1066598722537    
 0.1284099451679     0.1581270856415     0.1935551792687     0.2377617040455    
 0.3217159734578     0.4397397382720     0.6685033314918     0.8139316761817    
 0.8621355642532     0.8924827287723     0.9144871694674     0.9255241485175    
 0.9314839142924     0.9349051942795     0.9346919230383     0.9370429744055    
 0.9375807099438     0.9295097367769     0.9349700951191     0.9397136923446    
 0.9074385152944     0.9355595239729     0.9881986174763     0.8820833359133    
 0.8608172500600     0.7888609052210E-30-0.1145240826003E-03-0.1106954463834E-03
-0.1068668101666E-03-0.1030381739498E-03-0.9920953773296E-04-0.9538090151614E-04
-0.9155226529932E-04-0.8869627580182E-04-0.8594796210118E-04-0.8319964840055E-04
-0.8045133469991E-04-0.7770302099928E-04-0.7524627427237E-04-0.7312759655437E-04
-0.7100891883638E-04-0.6889024111838E-04-0.6677156340039E-04-0.6496321526373E-04
-0.6334808203315E-04-0.6173294880257E-04-0.6011781557199E-04-0.5858935798749E-04
-0.5726718697735E-04-0.5594501596721E-04-0.5462284495707E-04-0.5337378331239E-04
-0.5221604376600E-04-0.5105830421962E-04-0.4990142920348E-04-0.4881811578509E-04
-0.4773480236670E-04-0.4665148894831E-04-0.4557961129132E-04-0.4450831741974E-04
-0.4342964577146E-04-0.4232535278076E-04-0.4122105979006E-04-0.4006702159101E-04
-0.3889991577450E-04-0.3768035814668E-04-0.3642925048484E-04-0.3511146045336E-04
-0.3376402678806E-04-0.3231408720238E-04-0.3081380951107E-04-0.2924511725040E-04
-0.2757649038855E-04-0.2580391582126E-04-0.2396508031472E-04-0.2201968175622E-04
-0.1994204844006E-04-0.1778086187339E-04-0.1547339922934E-04-0.1302383187312E-04
-0.1047657376583E-04-0.7739383601857E-05-0.4854008147015E-05-0.1855849958207E-05
 0.1384311356711E-05 0.4774764648850E-05 0.8294039635748E-05 0.1211614202122E-04
 0.1608610263436E-04 0.2022856451314E-04 0.2469129892130E-04 0.2932112165217E-04
 0.3417558269544E-04 0.3936443924458E-04 0.4474138767022E-04 0.5040474465645E-04
 0.5641291698139E-04 0.6263230282674E-04 0.6921091840143E-04 0.7614056903328E-04
 0.8330711172672E-04 0.9091847506364E-04 0.9888225099200E-04 0.1071117248219E-03
 0.1158864790340E-03 0.1250093508848E-03 0.1344306092831E-03 0.1445150615225E-03
 0.1549365810777E-03 0.1657513458346E-03 0.1772533438045E-03 0.1891304424230E-03
 0.2015160709841E-03 0.2146093951749E-03 0.2281198832981E-03 0.2422794784209E-03
 0.2571628762856E-03 0.2725098557107E-03 0.2886783042619E-03 0.3055812547212E-03
 0.3229987248336E-03 0.3414506039290E-03 0.3606408236115E-03 0.3804008452024E-03
 0.4014609352885E-03 0.4232542614589E-03 0.4456760757016E-03 0.4697336346998E-03
 0.4945071436402E-03 0.5201159275130E-03 0.5474967770102E-03 0.5757061219046E-03
 0.6050047840180E-03 0.6362388223486E-03 0.6684421729059E-03 0.7020347311574E-03
 0.7377734062294E-03 0.7746488758365E-03 0.8131675437398E-03 0.8540492144742E-03
 0.8962435432575E-03 0.9398812621662E-03 0.9873555342309E-03 0.1037190891737E-02
 0.1087247212041E-02 0.1141434326607E-02 0.1198603979725E-02 0.1258794793965E-02
 0.1322254396230E-02 0.1389230184940E-02 0.1459963144494E-02 0.1534679521404E-02
 0.1613691354846E-02 0.1697727425619E-02 0.1789528885357E-02 0.1879111082279E-02
 0.1982645274832E-02 0.2065450469226E-02 0.2221609493445E-02 0.2323588221314E-02
 0.2418585094121E-02 0.2607622488494E-02 0.2743224846611E-02 0.2855214546982E-02
 0.3084615126299E-02 0.3262846972656E-02 0.3397219905046E-02 0.3681186588506E-02
 0.3916293990561E-02 0.4094398897642E-02 0.4439906546146E-02 0.4753286057689E-02
 0.4992940184573E-02 0.5423972925306E-02 0.5847862234622E-02 0.6177387572126E-02
 0.6729926416896E-02 0.7313948811045E-02 0.7779902862522E-02 0.8510816963681E-02
 0.9333905903012E-02 0.1001627633084E-01 0.1102076387393E-01 0.1221414927158E-01
 0.1325843055948E-01 0.1470668566672E-01 0.1650120404769E-01 0.1819149569996E-01
 0.2041153294690E-01 0.2324960672097E-01 0.2617956448946E-01 0.2985515068943E-01
 0.3471149118054E-01 0.4015962266686E-01 0.4681369490964E-01 0.5593903753824E-01
 0.6679438133756E-01 0.7977097501199E-01 0.9808840043271E-01 0.1188289322647    
 0.1426525831043     0.1775102394804     0.2182979803804     0.2684815620901    
 0.3869395995874     0.5649226314261     0.7939270869860     0.8425639825173    
 0.8820845100444     0.9109692749000     0.9242727622537     0.9333061642638    
 0.9375849333912     0.9405347284803     0.9420543306007     0.9408996697389    
 0.9423109392263     0.9419844993495     0.9332997645760     0.9381902327773    
 0.9424222532917     0.9098489820340     0.9376905884123     0.9900758863263    
 0.8838739003970     0.8625242933725     0.7888609052210E-30-0.1241720767716E-03
-0.1200144477769E-03-0.1158568187821E-03-0.1116991897873E-03-0.1075415607926E-03
-0.1033839317978E-03-0.9922630280302E-04-0.9612423565470E-04-0.9313902333219E-04
-0.9015381100968E-04-0.8716859868716E-04-0.8418338636465E-04-0.8151464907531E-04
-0.7921286144230E-04-0.7691107380929E-04-0.7460928617629E-04-0.7230749854328E-04
-0.7034247908807E-04-0.6858713552504E-04-0.6683179196202E-04-0.6507644839899E-04
-0.6341522310736E-04-0.6197799771269E-04-0.6054077231803E-04-0.5910354692336E-04
-0.5774578581625E-04-0.5648728484405E-04-0.5522878387184E-04-0.5397122637712E-04
-0.5279394798297E-04-0.5161666958883E-04-0.5043939119468E-04-0.4927497920880E-04
-0.4811122404156E-04-0.4693960276948E-04-0.4574066430225E-04-0.4454172583502E-04
-0.4328925654134E-04-0.4202272518246E-04-0.4069972119087E-04-0.3934274862050E-04
-0.3791380992423E-04-0.3645287870138E-04-0.3488146173799E-04-0.3325566493215E-04
-0.3155596794282E-04-0.2974856139731E-04-0.2782873846411E-04-0.2583739033106E-04
-0.2373109902058E-04-0.2148182721927E-04-0.1914232007195E-04-0.1664500892880E-04
-0.1399400248282E-04-0.1123742549326E-04-0.8275910143269E-05-0.5154079573377E-05
-0.1910288486090E-05 0.1594664660701E-05 0.5262258895594E-05 0.9069259777431E-05
 0.1320311291076E-04 0.1749702682276E-04 0.2197767830987E-04 0.2680407446464E-04
 0.3181132918119E-04 0.3706185830756E-04 0.4267346138591E-04 0.4848863371448E-04
 0.5461412478481E-04 0.6111205096954E-04 0.6783854175648E-04 0.7495447943641E-04
 0.8244971406988E-04 0.9020126675323E-04 0.9843539838006E-04 0.1070504993973E-03
 0.1159530455755E-03 0.1254476632579E-03 0.1353188358842E-03 0.1455127698909E-03
 0.1564275460305E-03 0.1677071984078E-03 0.1794125397293E-03 0.1918657691137E-03
 0.2047256914099E-03 0.2181366039564E-03 0.2323188006344E-03 0.2469541550515E-03
 0.2622935890549E-03 0.2784232375953E-03 0.2950576089015E-03 0.3125841748903E-03
 0.3309143053163E-03 0.3498061473443E-03 0.3698231345591E-03 0.3906499032691E-03
 0.4121008242782E-03 0.4349682116633E-03 0.4586422209840E-03 0.4830076205353E-03
 0.5091583959202E-03 0.5360997422053E-03 0.5639634212073E-03 0.5937646897093E-03
 0.6244828766970E-03 0.6564097879953E-03 0.6904559392588E-03 0.7255772948442E-03
 0.7622508983499E-03 0.8012751063944E-03 0.8415628324733E-03 0.8837116807951E-03
 0.9284358705437E-03 0.9746186508840E-03 0.1022528400435E-02 0.1074536736596E-02
 0.1129085520149E-02 0.1184251037408E-02 0.1243872814223E-02 0.1306818547996E-02
 0.1373162403559E-02 0.1443188581882E-02 0.1517180854519E-02 0.1595398766044E-02
 0.1678067943525E-02 0.1765684232069E-02 0.1858430486293E-02 0.1954707479126E-02
 0.2067341496869E-02 0.2176596445782E-02 0.2315865636929E-02 0.2395992695522E-02
 0.2553165782238E-02 0.2730896575196E-02 0.2833360017072E-02 0.3016225433030E-02
 0.3241794847549E-02 0.3376797439197E-02 0.3594023886645E-02 0.3881727924778E-02
 0.4061140325989E-02 0.4325348347630E-02 0.4688484593106E-02 0.4939553089679E-02
 0.5268904281638E-02 0.5738450152736E-02 0.6091974290992E-02 0.6513917475001E-02
 0.7137266948120E-02 0.7642483278433E-02 0.8200689734557E-02 0.9053663086193E-02
 0.9791910667111E-02 0.1055971307973E-01 0.1177050783960E-01 0.1288264826208E-01
 0.1399083573493E-01 0.1579149534272E-01 0.1753701250362E-01 0.1923526471003E-01
 0.2208152743501E-01 0.2497487888307E-01 0.2792316717474E-01 0.3264404499339E-01
 0.3778300441279E-01 0.4335454912314E-01 0.5195171175848E-01 0.6179291104902E-01
 0.7319544002626E-01 0.8995237898657E-01 0.1091254831352     0.1309980612617    
 0.1619612861526     0.1984621500475     0.2431984474844     0.3335241243830    
 0.4608380743110     0.6900909546283     0.8222026818269     0.8710505634950    
 0.9003205913175     0.9216362723089     0.9336718819972     0.9394318147597    
 0.9434026920485     0.9453478375029     0.9471368649553     0.9477103862148    
 0.9456128849961     0.9463273922329     0.9453924173406     0.9361471602288    
 0.9406449405798     0.9445630053223     0.9116985426422     0.9393488652586    
 0.9916057073045     0.8852798927814     0.8638738291682     0.7888609052210E-30
-0.1338452050069E-03-0.1293535454944E-03-0.1248618859819E-03-0.1203702264694E-03
-0.1158785669569E-03-0.1113869074444E-03-0.1068952479319E-03-0.1035414877498E-03
-0.1003136974751E-03-0.9708590720035E-04-0.9385811692564E-04-0.9063032665093E-04
-0.8774357039936E-04-0.8525223970899E-04-0.8276090901861E-04-0.8026957832823E-04
-0.7777824763785E-04-0.7564971435519E-04-0.7374706307436E-04-0.7184441179353E-04
-0.6994176051270E-04-0.6814045400068E-04-0.6658034632749E-04-0.6502023865431E-04
-0.6346013098112E-04-0.6198551862638E-04-0.6061769986539E-04-0.5924988110440E-04
-0.5788307587143E-04-0.5660251023640E-04-0.5532194460136E-04-0.5404137896632E-04
-0.5277441667662E-04-0.5150814882553E-04-0.5023335735405E-04-0.4892896528524E-04
-0.4762457321643E-04-0.4626232168363E-04-0.4488487099159E-04-0.4344647801834E-04
-0.4197142794978E-04-0.4041870330072E-04-0.3883144843276E-04-0.3712506400800E-04
-0.3536000716010E-04-0.3351522336066E-04-0.3155436648624E-04-0.2947221315086E-04
-0.2731295317657E-04-0.2502982454422E-04-0.2259246941196E-04-0.2005783593245E-04
-0.1735316779532E-04-0.1448272168675E-04-0.1149844926290E-04-0.8293367146306E-05
-0.4915359149064E-05-0.1405823430974E-05 0.2385100832474E-05 0.6351481613305E-05
 0.1046825369475E-04 0.1493721622313E-04 0.1957888849081E-04 0.2442205545434E-04
 0.2963782220796E-04 0.3504875248932E-04 0.4072226444305E-04 0.4678498253481E-04
 0.5306739440503E-04 0.5968489658396E-04 0.6670397774356E-04 0.7396976387277E-04
 0.8165632091998E-04 0.8975202815601E-04 0.9812444666530E-04 0.1070186322715E-03
 0.1163239951880E-03 0.1259397376845E-03 0.1361962053136E-03 0.1468593619815E-03
 0.1578711092540E-03 0.1696637980424E-03 0.1818508906173E-03 0.1944981209428E-03
 0.2079566900682E-03 0.2218554801752E-03 0.2363504453463E-03 0.2516835016747E-03
 0.2675079247647E-03 0.2840950675945E-03 0.3015425641431E-03 0.3195385160965E-03
 0.3385022990139E-03 0.3583430325084E-03 0.3787957848235E-03 0.4004709836857E-03
 0.4230323989682E-03 0.4462761714985E-03 0.4710616078493E-03 0.4967327536202E-03
 0.5231630788942E-03 0.5515402859254E-03 0.5807890616708E-03 0.6110546675828E-03
 0.6434372510167E-03 0.6768332494743E-03 0.7115684483003E-03 0.7486230181062E-03
 0.7868688560294E-03 0.8268462136337E-03 0.8693976910205E-03 0.9133520695785E-03
 0.9594086655913E-03 0.1008276034721E-02 0.1058765033126E-02 0.1111302213812E-02
 0.1168232283087E-02 0.1227905304622E-02 0.1288638522024E-02 0.1354202782000E-02
 0.1423479407903E-02 0.1496578890239E-02 0.1573834263876E-02 0.1655573077630E-02
 0.1742119141610E-02 0.1833791734076E-02 0.1931011818594E-02 0.2034719153609E-02
 0.2148301538773E-02 0.2259281928722E-02 0.2388730068056E-02 0.2492765952588E-02
 0.2688047566301E-02 0.2817090104456E-02 0.2938126632115E-02 0.3177047842299E-02
 0.3350733326289E-02 0.3496006959727E-02 0.3789606332971E-02 0.4020996783871E-02
 0.4199065301334E-02 0.4567962736798E-02 0.4877879213139E-02 0.5118984570502E-02
 0.5576307673453E-02 0.5996703627414E-02 0.6329187110246E-02 0.6912895615097E-02
 0.7493398388282E-02 0.7963914392571E-02 0.8733630069475E-02 0.9553712054668E-02
 0.1024248206154E-01 0.1129766231851E-01 0.1249029940671E-01 0.1354327956646E-01
 0.1506150002466E-01 0.1686228064689E-01 0.1856448099900E-01 0.2088814315422E-01
 0.2374448685496E-01 0.2669921213897E-01 0.3054339692366E-01 0.3542528445916E-01
 0.4095442442618E-01 0.4791636583407E-01 0.5708448922315E-01 0.6816356125752E-01
 0.8173672219370E-01 0.1001398314404     0.1212510258470     0.1462214878378    
 0.1813480899496     0.2232758357425     0.2796384503610     0.3987678256320    
 0.5857862920254     0.8013611727630     0.8504448422118     0.8889418947232    
 0.9183647041454     0.9307879894696     0.9399048853842     0.9451643269876    
 0.9482458405613     0.9504126266548     0.9514062391840     0.9522502678803    
 0.9519770386904     0.9492511726431     0.9493869657717     0.9479426774702    
 0.9383697918925     0.9425580902638     0.9461981500297     0.9131844478126    
 0.9406860430389     0.9928031393183     0.8864415174071     0.8649920147341    
 0.7888609052210E-30-0.1435425798801E-03-0.1387115676720E-03-0.1338805554639E-03
-0.1290495432558E-03-0.1242185310477E-03-0.1193875188395E-03-0.1145565066314E-03
-0.1109451054506E-03-0.1074687199816E-03-0.1039923345126E-03-0.1005159490436E-03
-0.9703956357468E-04-0.9392840937559E-04-0.9124073720487E-04-0.8855306503415E-04
-0.8586539286343E-04-0.8317772069271E-04-0.8087842628796E-04-0.7882094052180E-04
-0.7676345475564E-04-0.7470596898948E-04-0.7275683270453E-04-0.7106556635566E-04
-0.6937430000678E-04-0.6768303365791E-04-0.6608293594460E-04-0.6459671845782E-04
-0.6311050097104E-04-0.6162535804140E-04-0.6023164758763E-04-0.5883793713385E-04
-0.5744422668008E-04-0.5606407887407E-04-0.5468462342911E-04-0.5329581907417E-04
-0.5187454807872E-04-0.5045327708327E-04-0.4896919076001E-04-0.4746860341680E-04
-0.4590217768015E-04-0.4429614981154E-04-0.4260621882082E-04-0.4087898871431E-04
-0.3902340334768E-04-0.3710451983265E-04-0.3509964231741E-04-0.3296989841781E-04
-0.3070935160059E-04-0.2836581372438E-04-0.2588905624993E-04-0.2324610451207E-04
-0.2049845331538E-04-0.1756799818605E-04-0.1445895102305E-04-0.1122737969816E-04
-0.7758483787433E-05-0.4103316616455E-05-0.3065306928327E-06 0.3792645810634E-05
 0.8080824761177E-05 0.1253100580921E-04 0.1735965075463E-04 0.2237436876727E-04
 0.2760617202501E-04 0.3323840067306E-04 0.3908086111138E-04 0.4520630236208E-04
 0.5175009417867E-04 0.5853051745746E-04 0.6567221811291E-04 0.7324570382252E-04
 0.8108490027402E-04 0.8937801414435E-04 0.9811125305234E-04 0.1071425197412E-03
 0.1167370780218E-03 0.1267742121814E-03 0.1371456534615E-03 0.1482094610946E-03
 0.1597113592675E-03 0.1715887636172E-03 0.1843110247768E-03 0.1974585634478E-03
 0.2111022592156E-03 0.2256249218436E-03 0.2406230963592E-03 0.2562648943137E-03
 0.2728161597672E-03 0.2898992818614E-03 0.3078070265112E-03 0.3266502556244E-03
 0.3460885824619E-03 0.3665750839172E-03 0.3880173676708E-03 0.4101256330326E-03
 0.4335604405098E-03 0.4579638364965E-03 0.4831123216215E-03 0.5099374625860E-03
 0.5377338777594E-03 0.5663628136834E-03 0.5971142188095E-03 0.6288252638710E-03
 0.6616558888570E-03 0.6968001890449E-03 0.7330635350738E-03 0.7708088644213E-03
 0.8110949882158E-03 0.8527004926220E-03 0.8962351874942E-03 0.9425937532949E-03
 0.9905106362351E-03 0.1040798038711E-02 0.1094160181603E-02 0.1149325984066E-02
 0.1206895882051E-02 0.1269188340026E-02 0.1334450194080E-02 0.1401270781545E-02
 0.1473338516165E-02 0.1549558108376E-02 0.1630087610878E-02 0.1715310223671E-02
 0.1805603638816E-02 0.1901321241964E-02 0.2002792420417E-02 0.2110673974999E-02
 0.2225246087161E-02 0.2344556821719E-02 0.2484292741054E-02 0.2621163795115E-02
 0.2795809289454E-02 0.2897104311877E-02 0.3095573401387E-02 0.3320404202182E-02
 0.3452687806615E-02 0.3686848012439E-02 0.3975451677667E-02 0.4153302345326E-02
 0.4436265740323E-02 0.4809325758752E-02 0.5050946491094E-02 0.5402286651497E-02
 0.5881632811306E-02 0.6226630378267E-02 0.6675644693693E-02 0.7308998952379E-02
 0.7806389899668E-02 0.8399343339792E-02 0.9262933743454E-02 0.9994397205737E-02
 0.1080869525085E-01 0.1203123551341E-01 0.1313922142475E-01 0.1431278836607E-01
 0.1612707271979E-01 0.1787571585740E-01 0.1967221693327E-01 0.2253532238917E-01
 0.2545175345015E-01 0.2841389217264E-01 0.3330557000359E-01 0.3852153661756E-01
 0.4411584014505E-01 0.5302489323560E-01 0.6308011344261E-01 0.7452723442753E-01
 0.9189014721714E-01 0.1114140570673     0.1333801136561     0.1655566692482    
 0.2030787897928     0.2482089611763     0.3447569437238     0.4811138524210    
 0.7107318720956     0.8293626823121     0.8771152306431     0.9067327072858    
 0.9271749162050     0.9397526099328     0.9453932732100     0.9497781992317    
 0.9526980984555     0.9547192950033     0.9559360013404     0.9559853503637    
 0.9561504859236     0.9552664504002     0.9519744127194     0.9517235332345    
 0.9499525494527     0.9400733931517     0.9440566601154     0.9475368541352    
 0.9143642234282     0.9417690594239     0.9938273728912     0.8873964157446    
 0.8659192464279     0.7888609052210E-30-0.1532624748582E-03-0.1480865132801E-03
-0.1429105517021E-03-0.1377345901240E-03-0.1325586285459E-03-0.1273826669679E-03
-0.1222067053898E-03-0.1183314200409E-03-0.1146001246389E-03-0.1108688292368E-03
-0.1071375338348E-03-0.1034062384328E-03-0.1000639763043E-03-0.9717279439084E-04
-0.9428161247739E-04-0.9139043056394E-04-0.8849924865048E-04-0.8602156326979E-04
-0.8380132577208E-04-0.8158108827437E-04-0.7936085077665E-04-0.7725572324930E-04
-0.7542455550810E-04-0.7359338776689E-04-0.7176222002569E-04-0.7002752936777E-04
-0.6841334980482E-04-0.6679917024186E-04-0.6518611622430E-04-0.6366883319672E-04
-0.6215155016914E-04-0.6063426714156E-04-0.5912972575953E-04-0.5762583482711E-04
-0.5611157867956E-04-0.5456132649451E-04-0.5301107430946E-04-0.5139244050733E-04
-0.4975584347129E-04-0.4804800418531E-04-0.4629731231993E-04-0.4445601168910E-04
-0.4257443095010E-04-0.4055451540965E-04-0.3846639448753E-04-0.3628562920345E-04
-0.3397053233920E-04-0.3151466578923E-04-0.2896956317417E-04-0.2628126701137E-04
-0.2341424614664E-04-0.2043469431731E-04-0.1725876397454E-04-0.1389087240537E-04
-0.1039133115447E-04-0.6636955207466E-05-0.2682418041709E-05 0.1424272077777E-05
 0.5855588501331E-05 0.1048998437663E-04 0.1529844835343E-04 0.2051317501794E-04
 0.2592784983100E-04 0.3157579748405E-04 0.3765361128361E-04 0.4395734438549E-04
 0.5056523288489E-04 0.5762232449363E-04 0.6493374212648E-04 0.7263362840523E-04
 0.8079730834752E-04 0.8924663655806E-04 0.9818433199928E-04 0.1075950225991E-03
 0.1173262092359E-03 0.1276639136882E-03 0.1384775736762E-03 0.1496508932818E-03
 0.1615704617799E-03 0.1739615741569E-03 0.1867568670016E-03 0.2004639144127E-03
 0.2146292084543E-03 0.2293291235648E-03 0.2449790723537E-03 0.2611422046934E-03
 0.2779997595573E-03 0.2958421573013E-03 0.3142596518417E-03 0.3335682239049E-03
 0.3538920866268E-03 0.3748609385449E-03 0.3969644637914E-03 0.4201080746289E-03
 0.4439755734913E-03 0.4692820250458E-03 0.4956458108371E-03 0.5228223402724E-03
 0.5518217866613E-03 0.5818854105692E-03 0.6128611866365E-03 0.6461504044660E-03
 0.6804956152487E-03 0.7160728178102E-03 0.7541785739731E-03 0.7935195978195E-03
 0.8344999094791E-03 0.8782640478453E-03 0.9234891810142E-03 0.9708627142907E-03
 0.1021335515115E-02 0.1073539097534E-02 0.1128412684388E-02 0.1186656402855E-02
 0.1246909010079E-02 0.1309972405967E-02 0.1378132022679E-02 0.1449518884609E-02
 0.1523028480218E-02 0.1602268328652E-02 0.1686164713515E-02 0.1774925336112E-02
 0.1869000008916E-02 0.1968827066629E-02 0.2074846678697E-02 0.2187513936348E-02
 0.2307403001911E-02 0.2435740177238E-02 0.2576734884787E-02 0.2714884451255E-02
 0.2877428750819E-02 0.3008889577856E-02 0.3254254639080E-02 0.3418813528634E-02
 0.3574431974851E-02 0.3878404180134E-02 0.4103045486212E-02 0.4293810407137E-02
 0.4673040450281E-02 0.4977132509806E-02 0.5216820583372E-02 0.5702041664546E-02
 0.6116872052818E-02 0.6449579966038E-02 0.7065112511787E-02 0.7640085749827E-02
 0.8112454144527E-02 0.8920791630327E-02 0.9735723631391E-02 0.1042805139089E-01
 0.1153296737319E-01 0.1272238424807E-01 0.1378088254209E-01 0.1536730376858E-01
 0.1717131520236E-01 0.1888159449693E-01 0.2130615479954E-01 0.2418451034628E-01
 0.2715130126221E-01 0.3116001582134E-01 0.3606180778894E-01 0.4166469153114E-01
 0.4892823990537E-01 0.5812923035031E-01 0.6942022095636E-01 0.8357892626204E-01
 0.1020473083990     0.1235096222212     0.1496177618700     0.1849542193936    
 0.2279485112350     0.2903947103892     0.4100227662686     0.6059044268827    
 0.8079300086002     0.8573494559228     0.8946674472183     0.9231156978849    
 0.9358879812103     0.9449001875811     0.9506894708479     0.9539884868390    
 0.9566714290543     0.9586356185312     0.9597117281989     0.9601039498292    
 0.9595203612406     0.9591088185552     0.9577291303790     0.9541007324338    
 0.9535357741372     0.9514902468059     0.9414460497102     0.9452650574514    
 0.9485960129521     0.9153548470848     0.9426833363664     0.9946658995092    
 0.8882249353688     0.8667259873367     0.7888609052210E-30-0.1630027164703E-03
-0.1574759351633E-03-0.1519491538564E-03-0.1464223725494E-03-0.1408955912425E-03
-0.1353688099356E-03-0.1298420286286E-03-0.1256962772614E-03-0.1217034113111E-03
-0.1177105453609E-03-0.1137176794107E-03-0.1097248134604E-03-0.1061443711091E-03
-0.1030421298228E-03-0.9993988853652E-04-0.9683764725022E-04-0.9373540596391E-04
-0.9107126930540E-04-0.8867990182391E-04-0.8628853434242E-04-0.8389716686092E-04
-0.8162741880459E-04-0.7964712292689E-04-0.7766682704919E-04-0.7568653117149E-04
-0.7380761567768E-04-0.7205533607142E-04-0.7030305646516E-04-0.6855194322427E-04
-0.6690007428511E-04-0.6524820534595E-04-0.6359633640678E-04-0.6195550871823E-04
-0.6031524467565E-04-0.5866341037381E-04-0.5697139518997E-04-0.5527938000613E-04
-0.5351270680294E-04-0.5172642161157E-04-0.4986301110949E-04-0.4795320933670E-04
-0.4594550242786E-04-0.4389427181075E-04-0.4169407428319E-04-0.3942038413821E-04
-0.3704689743962E-04-0.3452913542199E-04-0.3185991829880E-04-0.2909487747338E-04
-0.2617619222476E-04-0.2306542299809E-04-0.1983386092873E-04-0.1639174002849E-04
-0.1274344546650E-04-0.8953868811720E-05-0.4891220708586E-05-0.6136705334024E-06
 0.3827171973889E-05 0.8615756926086E-05 0.1362234857914E-04 0.1881580311865E-04
 0.2444438812521E-04 0.3028763242071E-04 0.3638131255330E-04 0.4293541803067E-04
 0.4973202699868E-04 0.5685525150577E-04 0.6445970949023E-04 0.7233714769902E-04
 0.8063192317181E-04 0.8942375022508E-04 0.9852219020089E-04 0.1081456216713E-03
 0.1182762529331E-03 0.1287509521136E-03 0.1398782031346E-03 0.1515162230454E-03
 0.1635404526234E-03 0.1763684315324E-03 0.1897029520776E-03 0.2034716511681E-03
 0.2182236606796E-03 0.2334685452534E-03 0.2492884507334E-03 0.2661345992014E-03
 0.2835337939865E-03 0.3016810304804E-03 0.3208941608522E-03 0.3407284844599E-03
 0.3615244453527E-03 0.3834217626417E-03 0.4060176310246E-03 0.4298406466581E-03
 0.4547949500250E-03 0.4805356948471E-03 0.5078364976577E-03 0.5362909837387E-03
 0.5656316726983E-03 0.5969541716723E-03 0.6294421397814E-03 0.6629290814350E-03
 0.6989387396042E-03 0.7361100064560E-03 0.7746364834374E-03 0.8159290732897E-03
 0.8585852229788E-03 0.9030542533574E-03 0.9505782785159E-03 0.9997209641792E-03
 0.1051255865387E-02 0.1106200403285E-02 0.1163069713768E-02 0.1222945296180E-02
 0.1286525190294E-02 0.1352345232608E-02 0.1421431105862E-02 0.1496035693486E-02
 0.1574158501825E-02 0.1655044179192E-02 0.1742202146575E-02 0.1834593442914E-02
 0.1932490502649E-02 0.2036413476392E-02 0.2146871203238E-02 0.2264351228978E-02
 0.2389337972406E-02 0.2522711586658E-02 0.2664909086477E-02 0.2813585389972E-02
 0.2987956135625E-02 0.3160574697591E-02 0.3380838570114E-02 0.3510549325629E-02
 0.3763122091785E-02 0.4049718417653E-02 0.4223114962588E-02 0.4526194026311E-02
 0.4899122436459E-02 0.5137624112788E-02 0.5511514561999E-02 0.6001452530821E-02
 0.6333792047300E-02 0.6809763511792E-02 0.7453305582300E-02 0.7939302292234E-02
 0.8566352203563E-02 0.9440093285201E-02 0.1016149507844E-01 0.1102117244723E-01
 0.1225429047899E-01 0.1335485979464E-01 0.1459222873883E-01 0.1641814516091E-01
 0.1816636358840E-01 0.2005899822536E-01 0.2293585044566E-01 0.2587111197948E-01
 0.2899196578642E-01 0.3390185701944E-01 0.3918915345946E-01 0.4479994007692E-01
 0.5401467466169E-01 0.6427501838036E-01 0.7575523942192E-01 0.9371193298641E-01
 0.1135709033027     0.1356099867520     0.1689770987190     0.2074810117499    
 0.2529085336901     0.3555736747587     0.5008075954391     0.7306998290300    
 0.8357479035876     0.8822810107681     0.9121564083455     0.9315910448912    
 0.9439671353580     0.9499463806144     0.9545615201545     0.9580074262236    
 0.9603495951510     0.9620814800615     0.9631013669522     0.9635197320312    
 0.9633037308346     0.9621529465052     0.9613679297898     0.9596590906643    
 0.9557220189105     0.9549564573722     0.9527432104395     0.9425328353101    
 0.9462491670052     0.9495038847008     0.9161766642725     0.9434586353700    
 0.9954180185140     0.8889374097726     0.8674255882548     0.7888609052210E-30
-0.1727604444525E-03-0.1668766978384E-03-0.1609929512242E-03-0.1551092046100E-03
-0.1492254579959E-03-0.1433417113817E-03-0.1374579647676E-03-0.1330348572720E-03
-0.1287734482411E-03-0.1245120392101E-03-0.1202506301791E-03-0.1159892211481E-03
-0.1121631724558E-03-0.1088419197503E-03-0.1055206670448E-03-0.1021994143394E-03
-0.9887816163387E-04-0.9601909340091E-04-0.9344778674407E-04-0.9087648008724E-04
-0.8830517343040E-04-0.8586171726214E-04-0.8372254309823E-04-0.8158336893433E-04
-0.7944419477043E-04-0.7741089051447E-04-0.7550983008364E-04-0.7360876965280E-04
-0.7170890502176E-04-0.6991078922360E-04-0.6811267342544E-04-0.6631455762729E-04
-0.6452490114691E-04-0.6273567650714E-04-0.6093346018587E-04-0.5908612670608E-04
-0.5723879322629E-04-0.5530983650979E-04-0.5335943810535E-04-0.5132545525717E-04
-0.4924119593658E-04-0.4705119694317E-04-0.4481419139977E-04-0.4241672868003E-04
-0.3994016869661E-04-0.3735622729784E-04-0.3461729795386E-04-0.3171570974106E-04
-0.2871129861519E-04-0.2554207819945E-04-0.2216677753439E-04-0.1866195321924E-04
-0.1493146365308E-04-0.1097995688983E-04-0.6877046096659E-05-0.2481677398467E-05
 0.2143956722219E-05 0.6944530980189E-05 0.1211739621686E-04 0.1752380656475E-04
 0.2313039843653E-04 0.2920276956944E-04 0.3550510478402E-04 0.4207573142722E-04
 0.4913924019865E-04 0.5646256217165E-04 0.6413586765006E-04 0.7232445725089E-04
 0.8080557643345E-04 0.8973408912482E-04 0.9919505857136E-04 0.1089847172336E-03
 0.1193375498597E-03 0.1302340617922E-03 0.1414995986780E-03 0.1534657789471E-03
 0.1659799383378E-03 0.1789085838686E-03 0.1927012196703E-03 0.2070378981180E-03
 0.2218408988338E-03 0.2377024523739E-03 0.2540940882297E-03 0.2711041534536E-03
 0.2892209653072E-03 0.3079336452485E-03 0.3274521479130E-03 0.3481226370574E-03
 0.3694638700241E-03 0.3918430093946E-03 0.4154155169798E-03 0.4397442613674E-03
 0.4654004268816E-03 0.4922860978573E-03 0.5200258187886E-03 0.5494573566798E-03
 0.5801471640559E-03 0.6118029990746E-03 0.6456141446688E-03 0.6807016129215E-03
 0.7168830720245E-03 0.7558167086819E-03 0.7960284583237E-03 0.8377313397805E-03
 0.8824620492550E-03 0.9286986812901E-03 0.9769410790194E-03 0.1028538737784E-02
 0.1081930883986E-02 0.1137988020132E-02 0.1197800222474E-02 0.1259754471631E-02
 0.1325093810642E-02 0.1394515023298E-02 0.1466439560846E-02 0.1542154471947E-02
 0.1623871491192E-02 0.1709440991383E-02 0.1798504725819E-02 0.1894475249756E-02
 0.1996347841007E-02 0.2104464102828E-02 0.2219437017883E-02 0.2341861228413E-02
 0.2472343673689E-02 0.2611540713731E-02 0.2760247191631E-02 0.2920087619103E-02
 0.3096333182943E-02 0.3269801818807E-02 0.3475592441733E-02 0.3643437149944E-02
 0.3954268280373E-02 0.4166730504125E-02 0.4369640171359E-02 0.4760468105183E-02
 0.5055278798815E-02 0.5310217790024E-02 0.5806825653591E-02 0.6213525298066E-02
 0.6543160754747E-02 0.7192904607941E-02 0.7760218262708E-02 0.8231363352645E-02
 0.9079593294575E-02 0.9887421554876E-02 0.1058032914431E-01 0.1173530007709E-01
 0.1291950646005E-01 0.1398046669269E-01 0.1563454632961E-01 0.1743955388957E-01
 0.1915453512208E-01 0.2167856712949E-01 0.2457619809817E-01 0.2755094368179E-01
 0.3172167276032E-01 0.3669363856305E-01 0.4231056884444E-01 0.4987155854700E-01
 0.5909888489626E-01 0.7059271490912E-01 0.8532949416436E-01 0.1038497142024    
 0.1256473705233     0.1528846069615     0.1883881800829     0.2323940327922    
 0.3008555527990     0.4208641189392     0.6254873762275     0.8138803387964    
 0.8635576278184     0.8996004505749     0.9269751660796     0.9400039870146    
 0.9487762403304     0.9546975586755     0.9583319145156     0.9613489427639    
 0.9638368330763     0.9652348065141     0.9661651076945     0.9665497912416    
 0.9663958449986     0.9657000810965     0.9642092262452     0.9631104045786    
 0.9611351099303     0.9570273738610     0.9560942039156     0.9537348880738    
 0.9434471864534     0.9470784276667     0.9502539702637     0.9168990879880    
 0.9441424479763     0.9960599781246     0.8895807332132     0.8680580654250    
 0.7888609052210E-30-0.1825321926635E-03-0.1762850763904E-03-0.1700379601173E-03
-0.1637908438441E-03-0.1575437275710E-03-0.1512966112979E-03-0.1450494950248E-03
-0.1403418049662E-03-0.1358045354119E-03-0.1312672658575E-03-0.1267299963032E-03
-0.1221927267488E-03-0.1181132825197E-03-0.1145646822060E-03-0.1110160818923E-03
-0.1074674815786E-03-0.1039188812648E-03-0.1008559598618E-03-0.9809542795282E-04
-0.9533489604386E-04-0.9257436413490E-04-0.8994762845520E-04-0.8763932554233E-04
-0.8533102262946E-04-0.8302271971660E-04-0.8082431633825E-04-0.7876319025715E-04
-0.7670206417605E-04-0.7464215185227E-04-0.7268551633998E-04-0.7072888082770E-04
-0.6877224531542E-04-0.6682049196905E-04-0.6486898785289E-04-0.6290285818153E-04
-0.6088593727949E-04-0.5886901637746E-04-0.5676270273266E-04-0.5463290642078E-04
-0.5241252772790E-04-0.5013766326739E-04-0.4774855330476E-04-0.4530865552747E-04
-0.4269607776132E-04-0.3999836437901E-04-0.3718511235130E-04-0.3420562596194E-04
-0.3105145165304E-04-0.2778706693514E-04-0.2434617203678E-04-0.2068424753681E-04
-0.1688357758089E-04-0.1284145237341E-04-0.8562492439930E-05-0.4121423767316E-05
 0.6323136403047E-06 0.5632667627542E-05 0.1082031074035E-04 0.1640579901283E-04
 0.2224136336065E-04 0.2829127863017E-04 0.3483885316455E-04 0.4163267851804E-04
 0.4871379649384E-04 0.5632155410289E-04 0.6420749289280E-04 0.7246830295432E-04
 0.8127983258704E-04 0.9040458043777E-04 0.1000087749090E-03 0.1101823175929E-03
 0.1207078540100E-03 0.1318373546584E-03 0.1435486213951E-03 0.1556552014582E-03
 0.1685139099344E-03 0.1819595558658E-03 0.1958494243137E-03 0.2106679320468E-03
 0.2260698890693E-03 0.2419719454827E-03 0.2590135209068E-03 0.2766244562347E-03
 0.2948996447838E-03 0.3143684592776E-03 0.3344787166067E-03 0.3554561323465E-03
 0.3776787307376E-03 0.4006252358921E-03 0.4246911383617E-03 0.4500503347466E-03
 0.4762281272424E-03 0.5038412795254E-03 0.5327909716092E-03 0.5626682842761E-03
 0.5943804128594E-03 0.6274652253375E-03 0.6616034039689E-03 0.6980868472281E-03
 0.7359684377515E-03 0.7750484402157E-03 0.8171341070079E-03 0.8606266478998E-03
 0.9057605419080E-03 0.9542140039664E-03 0.1004331875899E-02 0.1056670194559E-02
 0.1112701622536E-02 0.1170724994547E-02 0.1231719423184E-02 0.1296861509455E-02
 0.1364392172342E-02 0.1435737099653E-02 0.1511594881364E-02 0.1590255326089E-02
 0.1673298995527E-02 0.1762896592196E-02 0.1856727460466E-02 0.1954890752412E-02
 0.2060680678435E-02 0.2173144895311E-02 0.2292714794933E-02 0.2420104185639E-02
 0.2556008985989E-02 0.2701112495218E-02 0.2856134025680E-02 0.3022271574495E-02
 0.3200216215348E-02 0.3387206271508E-02 0.3606842500100E-02 0.3826884232627E-02
 0.4107307439603E-02 0.4276365350939E-02 0.4601601467132E-02 0.4971214437615E-02
 0.5203131161489E-02 0.5601479514019E-02 0.6090383240449E-02 0.6417714238761E-02
 0.6921578488749E-02 0.7576756954461E-02 0.8046543397805E-02 0.8707812274386E-02
 0.9592477323077E-02 0.1029978470494E-01 0.1120432832173E-01 0.1244809760333E-01
 0.1353768347064E-01 0.1483779891184E-01 0.1667468092743E-01 0.1841905571278E-01
 0.2040623700467E-01 0.2329528054865E-01 0.2624573554159E-01 0.2952309602044E-01
 0.3444831979647E-01 0.3980251635891E-01 0.4570300117644E-01 0.5494164915704E-01
 0.6540054883798E-01 0.7690537854780E-01 0.9544817446204E-01 0.1156309553018    
 0.1377270518881     0.1722660116897     0.2117186384121     0.2573740837792    
 0.3660811949686     0.5200761395536     0.7501748459878     0.8415704827518    
 0.8868052474899     0.9168735084793     0.9352189769299     0.9472916734958    
 0.9535198397903     0.9582326971402     0.9619146347255     0.9645903522218    
 0.9666564183636     0.9681999262016     0.9689621297569     0.9692880905951    
 0.9691051015967     0.9685924485658     0.9675675994009     0.9657671916261    
 0.9644749077726     0.9623287975862     0.9580537092733     0.9570207392619    
 0.9545795932367     0.9442024088635     0.9477847111783     0.9509267002133    
 0.9175237765277     0.9447453896515     0.9966561783343     0.8901530476527    
 0.8686245970478     0.7888609052210E-30-0.1923135068127E-03-0.1856963544566E-03
-0.1790792021004E-03-0.1724620497443E-03-0.1658448973882E-03-0.1592277450320E-03
-0.1526105926759E-03-0.1476107856619E-03-0.1427900251043E-03-0.1379692645468E-03
-0.1331485039892E-03-0.1283277434317E-03-0.1239867503911E-03-0.1202020430193E-03
-0.1164173356475E-03-0.1126326282756E-03-0.1088479209038E-03-0.1055717790945E-03
-0.1026122762823E-03-0.9965277347000E-04-0.9669327065774E-04-0.9387319182387E-04
-0.9138493970473E-04-0.8889668758559E-04-0.8640843546645E-04-0.8403364279918E-04
-0.8180057417986E-04-0.7956750556054E-04-0.7733565574672E-04-0.7520751228677E-04
-0.7307936882683E-04-0.7095122536688E-04-0.6882339114969E-04-0.6669557271907E-04
-0.6455124991494E-04-0.6234961117096E-04-0.6014797242697E-04-0.5784839431390E-04
-0.5552308841209E-04-0.5309954903930E-04-0.5061692172893E-04-0.4801093586835E-04
-0.4535011098945E-04-0.4250340698628E-04-0.3956517077595E-04-0.3650274986213E-04
-0.3326196882243E-04-0.2983388565312E-04-0.2628773447729E-04-0.2255255388523E-04
-0.1858067117177E-04-0.1446028457126E-04-0.1008158713527E-04-0.5449517117012E-05
-0.6440717454626E-06 0.4495582868048E-05 0.9898920526549E-05 0.1550248220041E-04
 0.2153110922109E-04 0.2782705122322E-04 0.3435212035230E-04 0.4140881324363E-04
 0.4872873774869E-04 0.5635576580311E-04 0.6454542710787E-04 0.7303249414311E-04
 0.8192039258042E-04 0.9139684418832E-04 0.1012082691331E-03 0.1115326123344E-03
 0.1224657638973E-03 0.1337755491379E-03 0.1457319716094E-03 0.1583109905330E-03
 0.1713132878017E-03 0.1851217135289E-03 0.1995589504187E-03 0.2144722506337E-03
 0.2303822270322E-03 0.2469181312288E-03 0.2639905449667E-03 0.2822880502905E-03
 0.3011973871680E-03 0.3208205275248E-03 0.3417295924052E-03 0.3633293797113E-03
 0.3858628662953E-03 0.4097411520983E-03 0.4344008814303E-03 0.4602687135672E-03
 0.4875374012805E-03 0.5156923246376E-03 0.5454005112308E-03 0.5765613530733E-03
 0.6087299257656E-03 0.6428900830784E-03 0.6785480852959E-03 0.7153551015645E-03
 0.7547164496613E-03 0.7956103490591E-03 0.8378178638577E-03 0.8833112822753E-03
 0.9303547966081E-03 0.9792067561753E-03 0.1031702463904E-02 0.1086039964197E-02
 0.1142838499504E-02 0.1203707627090E-02 0.1266790869364E-02 0.1333190627387E-02
 0.1404179159223E-02 0.1477834997344E-02 0.1555793082607E-02 0.1638755697397E-02
 0.1724864829518E-02 0.1816046512546E-02 0.1914419527988E-02 0.2017467168862E-02
 0.2125814514391E-02 0.2242638028792E-02 0.2367039991143E-02 0.2499550152719E-02
 0.2641014680565E-02 0.2792253726123E-02 0.2954118542968E-02 0.3127569235710E-02
 0.3313726716162E-02 0.3514783888096E-02 0.3737409695763E-02 0.3957958518303E-02
 0.4221653065716E-02 0.4439171963603E-02 0.4837518335313E-02 0.5116527856620E-02
 0.5386174870831E-02 0.5896040396990E-02 0.6290598765885E-02 0.6639250947015E-02
 0.7301832554455E-02 0.7858630666708E-02 0.8324757211659E-02 0.9216156489699E-02
 0.1001461700033E-01 0.1070464894899E-01 0.1191161286675E-01 0.1308862269680E-01
 0.1414878172400E-01 0.1587133964955E-01 0.1767537821445E-01 0.1939176685038E-01
 0.2201509177183E-01 0.2492979239332E-01 0.2790880906271E-01 0.3224032229698E-01
 0.3727964183568E-01 0.4290579333464E-01 0.5076155866566E-01 0.6018508369348E-01
 0.7169962134239E-01 0.8700901051343E-01 0.1055711295606     0.1276914502292    
 0.1560506296725     0.1916884776860     0.2366620163734     0.3110880272530    
 0.4313932348838     0.6446802204190     0.8193890373198     0.8692589747407    
 0.9039570689230     0.9301972079017     0.9434160061067     0.9518666488092    
 0.9578211135052     0.9617020903933     0.9649218400943     0.9676456233534    
 0.9693770132133     0.9706644770736     0.9715714329345     0.9717659145974    
 0.9716281455586     0.9711027507011     0.9702777016301     0.9689952979992    
 0.9670210809676     0.9655600506750     0.9632727329666     0.9589163285430    
 0.9577953524170     0.9552773434214     0.9448671298964     0.9484053094187    
 0.9515044423875     0.9180927474183     0.9452944850112     0.9971809426051    
 0.8906832959947     0.8691493086057     0.7888609052210E-30-0.2020991430165E-03
-0.1951050438258E-03-0.1881109446351E-03-0.1811168454444E-03-0.1741227462537E-03
-0.1671286470630E-03-0.1601345478723E-03-0.1548347445866E-03-0.1497225064856E-03
-0.1446102683847E-03-0.1394980302837E-03-0.1343857921828E-03-0.1297747174612E-03
-0.1257447366981E-03-0.1217147559351E-03-0.1176847751721E-03-0.1136547944091E-03
-0.1101555875969E-03-0.1069868469897E-03-0.1038181063826E-03-0.1006493657754E-03
-0.9762535013989E-04-0.9494577749372E-04-0.9226620484755E-04-0.8958663220137E-04
-0.8702355397383E-04-0.8460599082063E-04-0.8218842766743E-04-0.7977207534906E-04
-0.7745875117301E-04-0.7514542699696E-04-0.7283210282091E-04-0.7051338394075E-04
-0.6819438966576E-04-0.6585677199793E-04-0.6345447951743E-04-0.6105218703693E-04
-0.5854249402945E-04-0.5600458787242E-04-0.5336018847788E-04-0.5065173285378E-04
-0.4781003973951E-04-0.4490911592618E-04-0.4180828702191E-04-0.3860903233331E-04
-0.3527629134322E-04-0.3175246477160E-04-0.2802777017538E-04-0.2417670710054E-04
-0.2012348823159E-04-0.1581679358942E-04-0.1135127282134E-04-0.6609807406817E-05
-0.1597300645895E-05 0.3600522510699E-05 0.9155040330084E-05 0.1499146102199E-04
 0.2104185832803E-04 0.2754570345989E-04 0.3433526846253E-04 0.4136973621155E-04
 0.4897122915278E-04 0.5685409566030E-04 0.6506523132852E-04 0.7387652873013E-04
 0.8300571549819E-04 0.9256350368814E-04 0.1027493323837E-03 0.1132932550101E-03
 0.1243859633196E-03 0.1361287373681E-03 0.1482742701941E-03 0.1611122665395E-03
 0.1746156577947E-03 0.1885719192846E-03 0.2033924461753E-03 0.2188858247328E-03
 0.2348889133086E-03 0.2519621346040E-03 0.2697061514619E-03 0.2880251359448E-03
 0.3076618848010E-03 0.3279555599458E-03 0.3490156490940E-03 0.3714619447590E-03
 0.3946517492021E-03 0.4188463401548E-03 0.4444943307756E-03 0.4709859286012E-03
 0.4987810700462E-03 0.5280947443613E-03 0.5583683174723E-03 0.5903230203658E-03
 0.6238578920226E-03 0.6584883466026E-03 0.6952818725066E-03 0.7337112632352E-03
 0.7733951614593E-03 0.8158641634447E-03 0.8600146531126E-03 0.9056064179370E-03
 0.9547962717648E-03 0.1005695878670E-02 0.1058590197500E-02 0.1115492721427E-02
 0.1174436260913E-02 0.1236110997948E-02 0.1302284714832E-02 0.1370924289270E-02
 0.1443271551450E-02 0.1520713260724E-02 0.1601141384357E-02 0.1686429775421E-02
 0.1777289160080E-02 0.1871690004174E-02 0.1971950890821E-02 0.2080138168109E-02
 0.2193507996009E-02 0.2313297513483E-02 0.2442538654689E-02 0.2580413906450E-02
 0.2727580281790E-02 0.2885031864962E-02 0.3053737807297E-02 0.3234673515855E-02
 0.3428920576581E-02 0.3638141901885E-02 0.3863445112924E-02 0.4101667550909E-02
 0.4381914774480E-02 0.4666553810459E-02 0.5028287113073E-02 0.5253623221589E-02
 0.5679169913057E-02 0.6163481853304E-02 0.6481599014620E-02 0.7015955220622E-02
 0.7669535721041E-02 0.8132014919300E-02 0.8828917144672E-02 0.9726753393284E-02
 0.1041426197704E-01 0.1136410523276E-01 0.1262000560578E-01 0.1369395113037E-01
 0.1505649212028E-01 0.1690504650119E-01 0.1864158340927E-01 0.2072235535890E-01
 0.2362348148180E-01 0.2658540963092E-01 0.3001770228220E-01 0.3495707458112E-01
 0.4037422536387E-01 0.4656215505180E-01 0.5582146575773E-01 0.6647368182060E-01
 0.7853940399387E-01 0.9712040931486E-01 0.1176183167231     0.1397592830633    
 0.1754553108669     0.2158297487769     0.2616623318113     0.3763536898086    
 0.5390291887978     0.7692981433791     0.8469919861562     0.8908691164438    
 0.9210757348228     0.9382736589232     0.9499805516671     0.9563927008342    
 0.9611233880957     0.9649433617356     0.9678646506705     0.9701340503477    
 0.9719369743733     0.9730313600110     0.9737189163553     0.9740577618766    
 0.9739089509563     0.9734431890468     0.9726076509832     0.9715972261663    
 0.9701424823839     0.9680001464904     0.9664431111506     0.9640706129174    
 0.9596238820388     0.9584552746600     0.9558990541948     0.9454393332753    
 0.9489547249378     0.9520402650130     0.9186002350461     0.9457918903110    
 0.9976783840490     0.8911653002256     0.8696287494409     0.7888609052210E-30
-0.2118837478353E-03-0.2045055327327E-03-0.1971273176302E-03-0.1897491025276E-03
-0.1823708874250E-03-0.1749926723224E-03-0.1676144572198E-03-0.1620064786421E-03
-0.1565944721730E-03-0.1511824657039E-03-0.1457704592348E-03-0.1403584527657E-03
-0.1354684047834E-03-0.1311835624801E-03-0.1268987201769E-03-0.1226138778736E-03
-0.1183290355704E-03-0.1145964774625E-03-0.1112077780951E-03-0.1078190787277E-03
-0.1044303793602E-03-0.1011913435853E-03-0.9830850463407E-04-0.9542566568279E-04
-0.9254282673152E-04-0.8977898514391E-04-0.8716378510001E-04-0.8454858505611E-04
-0.8193457327511E-04-0.7942166902398E-04-0.7690876477285E-04-0.7439586052172E-04
-0.7187073505233E-04-0.6934498570067E-04-0.6679821725011E-04-0.6417845424396E-04
-0.6155869123781E-04-0.5882119100788E-04-0.5605276227139E-04-0.5316884125298E-04
-0.5021545103352E-04-0.4711825959061E-04-0.4395714134316E-04-0.4058098285123E-04
-0.3709910048784E-04-0.3347387772447E-04-0.2964383960353E-04-0.2559870541973E-04
-0.2141836523335E-04-0.1702180538506E-04-0.1235417290553E-04-0.7516777276087E-05
-0.2384577111522E-05 0.3037158584351E-05 0.8656798359003E-05 0.1465715704596E-04
 0.2095846471189E-04 0.2748817970035E-04 0.3450166521682E-04 0.4182010088464E-04
 0.4939992239647E-04 0.5758461491640E-04 0.6606964062003E-04 0.7490505503798E-04
 0.8438080141534E-04 0.9419593947781E-04 0.1044687266418E-03 0.1154118972950E-03
 0.1267375617456E-03 0.1386495894494E-03 0.1512560245149E-03 0.1642929578521E-03
 0.1780704780665E-03 0.1925595145910E-03 0.2075330545964E-03 0.2234321016560E-03
 0.2400516039196E-03 0.2572170422349E-03 0.2755302991399E-03 0.2945630091081E-03
 0.3142123931305E-03 0.3352780251829E-03 0.3570496576306E-03 0.3796449572059E-03
 0.4037336475927E-03 0.4286233034541E-03 0.4545953853000E-03 0.4821377171264E-03
 0.5105914004357E-03 0.5404532495892E-03 0.5719612017098E-03 0.6045095324679E-03
 0.6388796890506E-03 0.6749693867596E-03 0.7122510534119E-03 0.7518852264990E-03
 0.7933074322250E-03 0.8361005846323E-03 0.8819348524239E-03 0.9296162517679E-03
 0.9788809067282E-03 0.1032091646242E-02 0.1087191198482E-02 0.1144494365570E-02
 0.1206214233998E-02 0.1270200000382E-02 0.1337222309987E-02 0.1409226612687E-02
 0.1483982560710E-02 0.1562891622619E-02 0.1647468832837E-02 0.1735396695603E-02
 0.1828825251889E-02 0.1928477415675E-02 0.2032129007508E-02 0.2142564190817E-02
 0.2261783123486E-02 0.2386778702892E-02 0.2519499812472E-02 0.2662833354711E-02
 0.2816049697020E-02 0.2979948955432E-02 0.3155718677276E-02 0.3344512621139E-02
 0.3547548920344E-02 0.3766256289805E-02 0.4002251691331E-02 0.4258564166278E-02
 0.4543753345330E-02 0.4828768289789E-02 0.5172112198367E-02 0.5459517572164E-02
 0.5977970950891E-02 0.6352434704292E-02 0.6719472477519E-02 0.7397641999484E-02
 0.7939192360360E-02 0.8429984402509E-02 0.9336320328102E-02 0.1012218768393E-01
 0.1080479626567E-01 0.1206830416838E-01 0.1323570798336E-01 0.1429099036265E-01
 0.1608496928888E-01 0.1788607369580E-01 0.1960008599890E-01 0.2232432595481E-01
 0.2525427278179E-01 0.2823378511980E-01 0.3272652548797E-01 0.3783116893282E-01
 0.4346226126980E-01 0.5161194639423E-01 0.6122870685571E-01 0.7275782152389E-01
 0.8863691953892E-01 0.1075086860275     0.1296675990973     0.1591431736561    
 0.1948901723485     0.2407976935466     0.3211485803147     0.4416833935815    
 0.6635784951122     0.8245664202629     0.8745881581035     0.9078962152967    
 0.9329607263165     0.9463146732562     0.9543858609584     0.9603130594111    
 0.9643763862694     0.9677196892645     0.9705819802039     0.9725587631690    
 0.9740725809509     0.9752433309257     0.9757695060899     0.9760095543571    
 0.9760043509982     0.9755451246912     0.9748310093530     0.9738195234781    
 0.9726400422701     0.9710492903638     0.9688229047178     0.9671761538416    
 0.9647296911387     0.9602467535107     0.9590313859841     0.9564338914913    
 0.9459617370101     0.9494532433784     0.9525141269219     0.9190731917415    
 0.9462539352742     0.9981250665770     0.8916182607700     0.8700786672657    
 0.7888609052210E-30-0.2216597569591E-03-0.2138900443554E-03-0.2061203317516E-03
-0.1983506191478E-03-0.1905809065441E-03-0.1828111939403E-03-0.1750414813365E-03
-0.1691168092474E-03-0.1633963903610E-03-0.1576759714747E-03-0.1519555525884E-03
-0.1462351337020E-03-0.1410568382564E-03-0.1365071295537E-03-0.1319574208509E-03
-0.1274077121481E-03-0.1228580034454E-03-0.1188813057060E-03-0.1152613714406E-03
-0.1116414371752E-03-0.1080215029097E-03-0.1045557978522E-03-0.1014571557055E-03
-0.9835851355892E-04-0.9525987141229E-04-0.9228213232135E-04-0.8945541520505E-04
-0.8662869808875E-04-0.8380313194304E-04-0.8107550017951E-04-0.7834786841598E-04
-0.7562023665246E-04-0.7287227572532E-04-0.7012327701255E-04-0.6735059269744E-04
-0.6449565366604E-04-0.6164071463464E-04-0.5865666450604E-04-0.5563869805694E-04
-0.5249555422144E-04-0.4927711554479E-04-0.4590343992963E-04-0.4246075376513E-04
-0.3878696039630E-04-0.3499957657740E-04-0.3105824872486E-04-0.2689770229206E-04
-0.2250673574860E-04-0.1797122059048E-04-0.1320473382191E-04-0.8148306435823E-05
-0.2910531337675E-05 0.2641795516489E-05 0.8503464811452E-05 0.1457640679599E-04
 0.2105517816238E-04 0.2785529162156E-04 0.3489919740839E-04 0.4245854543099E-04
 0.5034344467120E-04 0.5850738781220E-04 0.6731573397881E-04 0.7644474779674E-04
 0.8594787387456E-04 0.9613332515570E-04 0.1066811718456E-03 0.1177178744956E-03
 0.1294692930720E-03 0.1416292474120E-03 0.1544160234320E-03 0.1679437388165E-03
 0.1819314960292E-03 0.1967117866380E-03 0.2122521444263E-03 0.2283106385306E-03
 0.2453609403778E-03 0.2631820084198E-03 0.2815874879896E-03 0.3012251594327E-03
 0.3216339606158E-03 0.3427037301473E-03 0.3652970752348E-03 0.3886488434736E-03
 0.4128854387225E-03 0.4387326522663E-03 0.4654427858507E-03 0.4933188423940E-03
 0.5228934210654E-03 0.5534530612696E-03 0.5855342399610E-03 0.6194020986207E-03
 0.6543986313271E-03 0.6913707308880E-03 0.7302165779521E-03 0.7703609034034E-03
 0.8130665883099E-03 0.8577294240129E-03 0.9038926447893E-03 0.9533818554744E-03
 0.1004903252171E-02 0.1058166522592E-02 0.1115766725594E-02 0.1175457044893E-02
 0.1237585833207E-02 0.1304594380873E-02 0.1374123598233E-02 0.1447035252523E-02
 0.1525481633504E-02 0.1607006351800E-02 0.1693193122682E-02 0.1785711246257E-02
 0.1882000734147E-02 0.1984530083733E-02 0.2094041906130E-02 0.2208084377399E-02
 0.2329977150581E-02 0.2461652735337E-02 0.2599795875170E-02 0.2747192585173E-02
 0.2906551440287E-02 0.3077267932935E-02 0.3260327013722E-02 0.3457138693602E-02
 0.3669081935272E-02 0.3897579268781E-02 0.4144283498722E-02 0.4411559353916E-02
 0.4701209747846E-02 0.5009778991135E-02 0.5373362324778E-02 0.5748582195727E-02
 0.6223294115894E-02 0.6531888379887E-02 0.7100336903615E-02 0.7748275904346E-02
 0.8198213227023E-02 0.8934206807683E-02 0.9830719759032E-02 0.1050804322379E-01
 0.1150517973577E-01 0.1277644171678E-01 0.1382780707570E-01 0.1525355889859E-01
 0.1711609492944E-01 0.1883919975999E-01 0.2101341711563E-01 0.2392800533814E-01
 0.2689663650774E-01 0.3048290503800E-01 0.3543674915138E-01 0.4091230090183E-01
 0.4738585908381E-01 0.5666439773388E-01 0.6750452026885E-01 0.8012786047374E-01
 0.9874169281125E-01 0.1195462214907     0.1427677109278     0.1785625068930    
 0.2198366456213     0.2658073638608     0.3864430772332     0.5577414442212    
 0.7881462404276     0.8521015390727     0.8945821667470     0.9248965872096    
 0.9409112348323     0.9522115009455     0.9587543157335     0.9634464673011    
 0.9673448410578     0.9704479519981     0.9728417726188     0.9748065661339    
 0.9761455313501     0.9770641741949     0.9776836189096     0.9778651038453    
 0.9777788090620     0.9774629888052     0.9768269805080     0.9759397888593    
 0.9747595499669     0.9734885322416     0.9718103834233     0.9694929287005    
 0.9678004848624     0.9653126430359     0.9607794694647     0.9595418248607    
 0.9569269157809     0.9464255961474     0.9499063871084     0.9529623605560    
 0.9195033451147     0.9466792328154     0.9985526850196     0.8920351377003    
 0.8704943645979     0.7888609052210E-30-0.2314198192925E-03-0.2232509813381E-03
-0.2150821433838E-03-0.2069133054294E-03-0.1987444674751E-03-0.1905756295207E-03
-0.1824067915664E-03-0.1761566048901E-03-0.1701188204162E-03-0.1640810359422E-03
-0.1580432514683E-03-0.1520054669943E-03-0.1465292747021E-03-0.1417042429645E-03
-0.1368792112269E-03-0.1320541794894E-03-0.1272291477518E-03-0.1229970441487E-03
-0.1191341046882E-03-0.1152711652278E-03-0.1114082257673E-03-0.1077036654666E-03
-0.1043760448923E-03-0.1010484243180E-03-0.9772080374374E-04-0.9451538555015E-04
-0.9146261233920E-04-0.8840983912826E-04-0.8535816299825E-04-0.8239983586018E-04
-0.7944150872210E-04-0.7648318158403E-04-0.7349514462606E-04-0.7050559100833E-04
-0.6748937128650E-04-0.6438054624283E-04-0.6127172119916E-04-0.5802141868721E-04
-0.5473395132063E-04-0.5131078076903E-04-0.4780598405433E-04-0.4413373678760E-04
-0.4038704941215E-04-0.3639192196974E-04-0.3227487676056E-04-0.2799265414295E-04
-0.2347565811781E-04-0.1871216002687E-04-0.1379415318381E-04-0.8629343402627E-05
-0.3154777282926E-05 0.2513430966401E-05 0.8517356642627E-05 0.1485138951661E-04
 0.2141081513792E-04 0.2840297216392E-04 0.3573783217437E-04 0.4333266390434E-04
 0.5147688388506E-04 0.5996823294525E-04 0.6875712121641E-04 0.7823283110991E-04
 0.8805052171728E-04 0.9826718982417E-04 0.1092113208219E-03 0.1205420800415E-03
 0.1323944493638E-03 0.1450092946344E-03 0.1580602723992E-03 0.1717806262970E-03
 0.1862921860257E-03 0.2012953061326E-03 0.2171457550027E-03 0.2338088821434E-03
 0.2510262910332E-03 0.2693057026598E-03 0.2884105863407E-03 0.3081415506011E-03
 0.3291944414068E-03 0.3510748592721E-03 0.3736645860455E-03 0.3978926542765E-03
 0.4229365764784E-03 0.4489323283131E-03 0.4766648406117E-03 0.5053281802766E-03
 0.5352492756657E-03 0.5670079086945E-03 0.5998325179685E-03 0.6343038538508E-03
 0.6707154308726E-03 0.7083528865356E-03 0.7481363631962E-03 0.7899634799983E-03
 0.8332068630641E-03 0.8792441457887E-03 0.9274265660371E-03 0.9772534167056E-03
 0.1030724900986E-02 0.1086436114660E-02 0.1144067096386E-02 0.1206474460280E-02
 0.1271199646397E-02 0.1338628958441E-02 0.1411461755390E-02 0.1487105365700E-02
 0.1566525812734E-02 0.1652110190225E-02 0.1741147257637E-02 0.1835431269455E-02
 0.1936806816404E-02 0.2042438796529E-02 0.2155167352108E-02 0.2275761807464E-02
 0.2401509092603E-02 0.2536369186533E-02 0.2682189660598E-02 0.2835293849893E-02
 0.2999453171084E-02 0.3177195650772E-02 0.3368059996934E-02 0.3573244834813E-02
 0.3794450923003E-02 0.4033339850711E-02 0.4291696468875E-02 0.4571691971164E-02
 0.4875723114067E-02 0.5208094003054E-02 0.5580011904386E-02 0.5955952405891E-02
 0.6412180340041E-02 0.6801240962448E-02 0.7489542479313E-02 0.8005995349578E-02
 0.8520682224111E-02 0.9445730591592E-02 0.1021330344112E-01 0.1092954145433E-01
 0.1221082781632E-01 0.1336485084280E-01 0.1440979101025E-01 0.1628120639350E-01
 0.1807664676688E-01 0.1978344962877E-01 0.2261263564939E-01 0.2555566354918E-01
 0.2853118736781E-01 0.3318755010849E-01 0.3835548790787E-01 0.4398685366666E-01
 0.5243127174411E-01 0.6223866852522E-01 0.7377627533319E-01 0.9022361721134E-01
 0.1094002721685     0.1315865744441     0.1621734833714     0.1987945595341    
 0.2448210926345     0.3310687539623     0.4517916680565     0.6822651947178    
 0.8295026957835     0.8796315003206     0.9115140795540     0.9353747134861    
 0.9488330649767     0.9564896454778     0.9623501942866     0.9665431235557    
 0.9699541746278     0.9728957128064     0.9750540862030     0.9767154064735    
 0.9780527219034     0.9788230294626     0.9793104882767     0.9795873161916    
 0.9794579389059     0.9791325983613     0.9786392893089     0.9778342538046    
 0.9768164003500     0.9755502592868     0.9741882873296     0.9724391372217    
 0.9700832795252     0.9683421020116     0.9658145992092     0.9612664044325    
 0.9600026020485     0.9573641548907     0.9468591660938     0.9503259865584    
 0.9533665600227     0.9199094634573     0.9470786405551     0.9989413622214    
 0.8924295662338     0.8708869132667     0.7888609052210E-30-0.2411552318314E-03
-0.2325794340934E-03-0.2240036363555E-03-0.2154278386175E-03-0.2068520408796E-03
-0.1982762431416E-03-0.1897004454036E-03-0.1831155842574E-03-0.1767511275805E-03
-0.1703866709036E-03-0.1640222142268E-03-0.1576577575499E-03-0.1518736380224E-03
-0.1467624136532E-03-0.1416511892840E-03-0.1365399649148E-03-0.1314287405456E-03
-0.1269294592422E-03-0.1228111810048E-03-0.1186929027674E-03-0.1145746245300E-03
-0.1106184505065E-03-0.1070480817754E-03-0.1034777130443E-03-0.9990734431328E-04
-0.9645979888162E-04-0.9316567403229E-04-0.8987154918296E-04-0.8657845089643E-04
-0.8337270131688E-04-0.8016695173734E-04-0.7696120215779E-04-0.7371491121052E-04
-0.7046655066267E-04-0.6718823817594E-04-0.6380590940969E-04-0.6042358064343E-04
-0.5688623153357E-04-0.5330815997791E-04-0.4958308513450E-04-0.4576958705811E-04
-0.4177543121622E-04-0.3770096400154E-04-0.3335967097081E-04-0.2888748182856E-04
-0.2423802376735E-04-0.1933747746478E-04-0.1417308311620E-04-0.8843641501502E-05
-0.3250781375008E-05 0.2673121284425E-05 0.8803707233621E-05 0.1529219494909E-04
 0.2213308245392E-04 0.2921439073773E-04 0.3675659159861E-04 0.4466443453000E-04
 0.5284954669375E-04 0.6161957411704E-04 0.7075992599892E-04 0.8021769884531E-04
 0.9040671221259E-04 0.1009606540040E-03 0.1119403456235E-03 0.1236948285657E-03
 0.1358619724394E-03 0.1485860682940E-03 0.1621228228042E-03 0.1761252943729E-03
 0.1908431780553E-03 0.2064052366942E-03 0.2224925832158E-03 0.2394867143902E-03
 0.2573491706204E-03 0.2758045346763E-03 0.2953983194147E-03 0.3158757051301E-03
 0.3370236718755E-03 0.3595916036538E-03 0.3830473182261E-03 0.4072639894788E-03
 0.4332448588872E-03 0.4601033343247E-03 0.4879856834629E-03 0.5177436629579E-03
 0.5485062037785E-03 0.5806259586724E-03 0.6147369047813E-03 0.6500025076339E-03
 0.6870515099355E-03 0.7262111856743E-03 0.7667041825609E-03 0.8095309098359E-03
 0.8545906602475E-03 0.9011978341413E-03 0.9508573361868E-03 0.1002872539092E-02
 0.1056693562077E-02 0.1114516669580E-02 0.1174813270992E-02 0.1237230010041E-02
 0.1304920749259E-02 0.1375187496193E-02 0.1448459585462E-02 0.1527733766533E-02
 0.1610150367102E-02 0.1696794559961E-02 0.1790328772675E-02 0.1887747463689E-02
 0.1991087586392E-02 0.2102405568021E-02 0.2218545384499E-02 0.2342780124878E-02
 0.2475917959901E-02 0.2614937821138E-02 0.2764545706316E-02 0.2926501514914E-02
 0.3096700919921E-02 0.3280087658013E-02 0.3478968051377E-02 0.3693080383296E-02
 0.3923899573098E-02 0.4173470509173E-02 0.4443806125912E-02 0.4737034087191E-02
 0.5055733136221E-02 0.5403367180909E-02 0.5782929047800E-02 0.6190981070963E-02
 0.6672645747314E-02 0.7179133337856E-02 0.7815962594208E-02 0.8252451079244E-02
 0.9032220721782E-02 0.9922744593574E-02 0.1058328500792E-01 0.1163229846261E-01
 0.1290455162538E-01 0.1394213348238E-01 0.1543387410634E-01 0.1731489367342E-01
 0.1901605068183E-01 0.2128501865384E-01 0.2421643275008E-01 0.2718499525257E-01
 0.3092543716352E-01 0.3589593300718E-01 0.4142414549916E-01 0.4818260604353E-01
 0.5748096789512E-01 0.6850326931236E-01 0.8168240983982E-01 0.1003270745023    
 0.1214305449440     0.1457316601893     0.1816094077279     0.2237622308541    
 0.2755853702882     0.3963892385121     0.5762728595124     0.8067962686070    
 0.8569803720567     0.8980307147693     0.9284250032886     0.9432285487111    
 0.9540942109868     0.9607380259739     0.9653575100892     0.9692953745051    
 0.9725277299543     0.9749902068234     0.9770574979121     0.9785773816462    
 0.9796484575152     0.9804512861353     0.9808758407790     0.9810388991710    
 0.9810148961885     0.9807073785975     0.9802086673794     0.9795460759093    
 0.9786544010733     0.9775476021712     0.9761898251920     0.9747845917481    
 0.9729917207035     0.9705849570267     0.9688223754111     0.9662745911972    
 0.9616965721124     0.9604221181978     0.9577755788267     0.9472518560967    
 0.9507132811331     0.9537523715172     0.9202827045512     0.9474492605925    
 0.9993146926176     0.8927949638940     0.8712516984322     0.7888609052210E-30
-0.2508560718905E-03-0.2418652636334E-03-0.2328744553763E-03-0.2238836471191E-03
-0.2148928388620E-03-0.2059020306049E-03-0.1969112223478E-03-0.1899822372607E-03
-0.1832815040645E-03-0.1765807708682E-03-0.1698800376720E-03-0.1631793044758E-03
-0.1570768508674E-03-0.1516680964965E-03-0.1462593421256E-03-0.1408505877547E-03
-0.1354418333838E-03-0.1306631019417E-03-0.1262766303045E-03-0.1218901586674E-03
-0.1175036870302E-03-0.1132825694535E-03-0.1094549917493E-03-0.1056274140451E-03
-0.1017998363409E-03-0.9809501332180E-04-0.9454352517766E-04-0.9099203703353E-04
-0.8744148610916E-04-0.8397068182640E-04-0.8049987754364E-04-0.7702907326088E-04
-0.7350545468790E-04-0.6997913999261E-04-0.6641923165842E-04-0.6274266024782E-04
-0.5906608883722E-04-0.5521982896069E-04-0.5132899345497E-04-0.4727889917357E-04
-0.4313300992024E-04-0.3879237064539E-04-0.3436515528823E-04-0.2965128415199E-04
-0.2479701218131E-04-0.1975265995476E-04-0.1443958494635E-04-0.8844443488487E-05
-0.3073005019769E-05 0.2979710903148E-05 0.9385852820492E-05 0.1601254117701E-04
 0.2302095833634E-04 0.3040518702027E-04 0.3804574177266E-04 0.4617743950819E-04
 0.5469886090461E-04 0.6351578577031E-04 0.7295582481077E-04 0.8279054983408E-04
 0.9296357712839E-04 0.1039156822115E-03 0.1152568456553E-03 0.1270519105201E-03
 0.1396728505220E-03 0.1527339796654E-03 0.1663892947503E-03 0.1809115812265E-03
 0.1959310732221E-03 0.2117146075215E-03 0.2283998274701E-03 0.2456464954701E-03
 0.2638629713253E-03 0.2830084043073E-03 0.3027884833153E-03 0.3237883313786E-03
 0.3457353594648E-03 0.3684014468280E-03 0.3925923953441E-03 0.4177372974858E-03
 0.4436998741639E-03 0.4715621100729E-03 0.5003700478459E-03 0.5302813044601E-03
 0.5622186727690E-03 0.5952419795054E-03 0.6297326394997E-03 0.6663822532212E-03
 0.7042845805598E-03 0.7441223051941E-03 0.7862583248677E-03 0.8298468531869E-03
 0.8759787819519E-03 0.9245540551830E-03 0.9748229527497E-03 0.1028434164355E-02
 0.1084637052347E-02 0.1142826836927E-02 0.1205421807674E-02 0.1270754635899E-02
 0.1338434199105E-02 0.1411952094961E-02 0.1488340546189E-02 0.1568077978684E-02
 0.1654500735717E-02 0.1744446935932E-02 0.1839139268636E-02 0.1941556257437E-02
 0.2048357235884E-02 0.2161862104453E-02 0.2284371566891E-02 0.2412361571203E-02
 0.2549615454562E-02 0.2696993040083E-02 0.2851115675578E-02 0.3017589258422E-02
 0.3198064619882E-02 0.3387929580480E-02 0.3593526126194E-02 0.3816934303585E-02
 0.4058129974486E-02 0.4318916854658E-02 0.4601790901756E-02 0.4909213105728E-02
 0.5243873458145E-02 0.5609158399635E-02 0.6008739335066E-02 0.6448950998093E-02
 0.6944876403978E-02 0.7453400675445E-02 0.8075294406395E-02 0.8617844839416E-02
 0.9555423928449E-02 0.1029223646824E-01 0.1104087373997E-01 0.1234530971324E-01
 0.1347892323273E-01 0.1457242591105E-01 0.1646576689844E-01 0.1825101893297E-01
 0.1994362329361E-01 0.2288598944418E-01 0.2583894518719E-01 0.2880425545471E-01
 0.3362999735144E-01 0.3885881460478E-01 0.4448449487814E-01 0.5322729639108E-01
 0.6322292173196E-01 0.7476221472405E-01 0.9177886467408E-01 0.1112565562914    
 0.1334603631753     0.1651568134841     0.2026417496964     0.2487591188935    
 0.3408814317676     0.4701949194008     0.7007654265663     0.8342284986048    
 0.8844566262486     0.9148903098903     0.9375245819060     0.9510595403580    
 0.9582746063120     0.9640417741201     0.9683349572276     0.9717799326692    
 0.9747619385225     0.9770492568475     0.9788023061920     0.9802469737593    
 0.9811979710498     0.9818543431188     0.9823163671580     0.9824296720194    
 0.9823630580985     0.9821610733771     0.9816840299170     0.9810600948257    
 0.9803102526218     0.9793266846087     0.9781519839808     0.9767542953025    
 0.9752987491309     0.9734679091791     0.9710443135114     0.9692536305915    
 0.9666831820522     0.9620993420176     0.9608089113196     0.9581476471415    
 0.9476235286935     0.9510758718912     0.9541043892852     0.9206371807361    
 0.9477991428615     0.9996566364778     0.8931417279232     0.8715971490061    
 0.7888609052210E-30-0.2605118698320E-03-0.2510978076263E-03-0.2416837454207E-03
-0.2322696832151E-03-0.2228556210094E-03-0.2134415588038E-03-0.2040274965982E-03
-0.1967445986672E-03-0.1896976289586E-03-0.1826506592501E-03-0.1756036895415E-03
-0.1685567198330E-03-0.1621251408684E-03-0.1564071013567E-03-0.1506890618450E-03
-0.1449710223333E-03-0.1392529828216E-03-0.1341820064639E-03-0.1295138993587E-03
-0.1248457922536E-03-0.1201776851485E-03-0.1156776974640E-03-0.1115778311626E-03
-0.1074779648611E-03-0.1033780985597E-03-0.9940014707358E-04-0.9557448136763E-04
-0.9174881566169E-04-0.8792397901918E-04-0.8416968615629E-04-0.8041539329340E-04
-0.7666110043050E-04-0.7284007523961E-04-0.6901564342303E-04-0.6515363113819E-04
-0.6116111042428E-04-0.5716858971038E-04-0.5299037510211E-04-0.4876338038299E-04
-0.4436399425284E-04-0.3986091380313E-04-0.3514785606150E-04-0.3034145295759E-04
-0.2522736813426E-04-0.1996263026998E-04-0.1449401556543E-04-0.8738178689420E-05
-0.2680595354754E-05 0.3565201188158E-05 0.1011103571654E-04 0.1703438649990E-04
 0.2419301316319E-04 0.3175837650458E-04 0.3972474811334E-04 0.4796441276282E-04
 0.5672694670493E-04 0.6590514287910E-04 0.7539839367537E-04 0.8555483319611E-04
 0.9613223786775E-04 0.1070704698116E-03 0.1188380208207E-03 0.1310207135897E-03
 0.1436877384118E-03 0.1572343905541E-03 0.1712509313921E-03 0.1859020105004E-03
 0.2014773643027E-03 0.2175838367555E-03 0.2345072137973E-03 0.2523931667065E-03
 0.2708794567189E-03 0.2904042945417E-03 0.3109225638888E-03 0.3321203261807E-03
 0.3546269114990E-03 0.3781486371779E-03 0.4024415040495E-03 0.4283745125306E-03
 0.4553326343666E-03 0.4831694247926E-03 0.5130553505787E-03 0.5439607131228E-03
 0.5760554185513E-03 0.6103429802450E-03 0.6458054851677E-03 0.6828555184214E-03
 0.7222511962237E-03 0.7630078579862E-03 0.8058671517982E-03 0.8512344593620E-03
 0.8981870150289E-03 0.9479157172869E-03 0.1000323966154E-02 0.1054589890378E-02
 0.1112523026242E-02 0.1173314233129E-02 0.1236296826602E-02 0.1304140526423E-02
 0.1375022316973E-02 0.1448508185293E-02 0.1528476733939E-02 0.1611652730461E-02
 0.1698570749504E-02 0.1792961618190E-02 0.1891315354323E-02 0.1995013298422E-02
 0.2107407416679E-02 0.2224767075625E-02 0.2349741675326E-02 0.2484928771219E-02
 0.2626371633272E-02 0.2778454552997E-02 0.2942109117092E-02 0.3113531506064E-02
 0.3299390690071E-02 0.3501224335925E-02 0.3713812130637E-02 0.3945180924592E-02
 0.4197134292924E-02 0.4469975008964E-02 0.4765934173083E-02 0.5088057741615E-02
 0.5439375933375E-02 0.5823168826548E-02 0.6243568850998E-02 0.6705839053413E-02
 0.7215078157344E-02 0.7768631587157E-02 0.8423589921425E-02 0.9127780658681E-02
 0.1000647761456E-01 0.1064798022489E-01 0.1175495368353E-01 0.1302283452182E-01
 0.1403788831899E-01 0.1560169243255E-01 0.1749121499212E-01 0.1917373153064E-01
 0.2154123803639E-01 0.2449587879978E-01 0.2745330956953E-01 0.3134982743827E-01
 0.3634194692249E-01 0.4191387753943E-01 0.4895767648167E-01 0.5827915659335E-01
 0.6947561824945E-01 0.8320937902232E-01 0.1018850249033     0.1232783244554    
 0.1486582318810     0.1846091785469     0.2276229951004     0.2852820831436    
 0.4062253713217     0.5946567661283     0.8113958477601     0.8616663715780    
 0.9012702544305     0.9317313021697     0.9453043665515     0.9557134967417    
 0.9624313703753     0.9669519215376     0.9709028287544     0.9742352819881    
 0.9767326663513     0.9788636939527     0.9805120379237     0.9816799718857    
 0.9826070040475     0.9832114402180     0.9835455790935     0.9837165277418    
 0.9836506568615     0.9834106810764     0.9830452716280     0.9824804450055    
 0.9817663912860     0.9809244286260     0.9799003399770     0.9786800904011    
 0.9772309864104     0.9757552989219     0.9739019721306     0.9714479669214    
 0.9696469532424     0.9670659342424     0.9624627703715     0.9611667840757    
 0.9585013918641     0.9479641356916     0.9514133522073     0.9544415477220    
 0.9209649722708     0.9481252503277     0.9999851520171     0.8934641359845    
 0.8719191609255     0.7888609052210E-30-0.2701098441045E-03-0.2602640982282E-03
-0.2504183523519E-03-0.2405726064755E-03-0.2307268605992E-03-0.2208811147229E-03
-0.2110353688466E-03-0.2033884902717E-03-0.1959850349091E-03-0.1885815795465E-03
-0.1811781241840E-03-0.1737746688214E-03-0.1670027907592E-03-0.1609632203012E-03
-0.1549236498432E-03-0.1488840793852E-03-0.1428445089273E-03-0.1374679609768E-03
-0.1325042187632E-03-0.1275404765496E-03-0.1225767343360E-03-0.1177833331817E-03
-0.1133953408727E-03-0.1090073485637E-03-0.1046193562546E-03-0.1003516533026E-03
-0.9623420574410E-04-0.9211675818563E-04-0.8800001014792E-04-0.8394278329629E-04
-0.7988555644466E-04-0.7582832959303E-04-0.7168881502262E-04-0.6754509973774E-04
-0.6335941286494E-04-0.5902796820209E-04-0.5469652353923E-04-0.5016209819575E-04
-0.4557435165860E-04-0.4079999208112E-04-0.3591338380096E-04-0.3080055794637E-04
-0.2558716711523E-04-0.2004341580631E-04-0.1433815321170E-04-0.8414388249490E-05
-0.2183385419136E-05 0.4370058933592E-05 0.1112445626868E-04 0.1819908991854E-04
 0.2567661372892E-04 0.3340510116500E-04 0.4156724385957E-04 0.5015691419582E-04
 0.5903787754785E-04 0.6847588491814E-04 0.7835685849919E-04 0.8857355425264E-04
 0.9949666949418E-04 0.1108684391741E-03 0.1226247698011E-03 0.1352647331308E-03
 0.1483473685776E-03 0.1619464548276E-03 0.1764834345765E-03 0.1915218436979E-03
 0.2072374873492E-03 0.2239397198056E-03 0.2412093403277E-03 0.2593519794867E-03
 0.2785236483928E-03 0.2983375691095E-03 0.3192632994473E-03 0.3412531044502E-03
 0.3639711392588E-03 0.3880933665948E-03 0.4133055090898E-03 0.4393458728925E-03
 0.4671505286954E-03 0.4960589341592E-03 0.5259134107610E-03 0.5579790342432E-03
 0.5911459398211E-03 0.6255976745106E-03 0.6624242945650E-03 0.7005247746536E-03
 0.7403467794146E-03 0.7827198454426E-03 0.8265744983163E-03 0.8727191056202E-03
 0.9216044502604E-03 0.9722234389445E-03 0.1025880503772E-02 0.1082481587441E-02
 0.1141124699172E-02 0.1203802474745E-02 0.1269639363974E-02 0.1337898994905E-02
 0.1411538173859E-02 0.1488557873355E-02 0.1568475161887E-02 0.1655612354523E-02
 0.1746344716232E-02 0.1841271441859E-02 0.1944578415390E-02 0.2052357863554E-02
 0.2166175904741E-02 0.2289818351986E-02 0.2419105886776E-02 0.2557075793337E-02
 0.2706673281617E-02 0.2863439788301E-02 0.3032475441278E-02 0.3214806808487E-02
 0.3406130343558E-02 0.3614410167078E-02 0.3841045236464E-02 0.4080083162368E-02
 0.4341590385545E-02 0.4627086885213E-02 0.4937279011730E-02 0.5274922373204E-02
 0.5643789475920E-02 0.6047651212102E-02 0.6490702913445E-02 0.6978401605439E-02
 0.7516601774501E-02 0.8115045946232E-02 0.8794840900965E-02 0.9504430364267E-02
 0.1037983891702E-01 0.1116477037135E-01 0.1248533709499E-01 0.1358244163078E-01
 0.1472253179640E-01 0.1664528382971E-01 0.1841149064107E-01 0.2018000382529E-01
 0.2315028264840E-01 0.2610755537810E-01 0.2905368002773E-01 0.3405991992931E-01
 0.3934573331160E-01 0.4495771575473E-01 0.5400682350673E-01 0.6418755939870E-01
 0.7572061694013E-01 0.9331192845428E-01 0.1130873309508     0.1352985615324    
 0.1681052001453     0.2064438712140     0.2526272424370     0.3506085316736    
 0.4884799329334     0.7191298173996     0.8387990473299     0.8875810591063    
 0.9180713620575     0.9394660997824     0.9530646387419     0.9598194058769    
 0.9654719492298     0.9698385648370     0.9732913226240     0.9762874012221    
 0.9786746408275     0.9804857603434     0.9819991923536     0.9830785129669    
 0.9838482815275     0.9844365594357     0.9847294205558     0.9848433512329    
 0.9848361898284     0.9846004075012     0.9842407790213     0.9837868147259    
 0.9831296667908     0.9823509098545     0.9814679166313     0.9803921932414    
 0.9791357819578     0.9776685681316     0.9761631942520     0.9742881804093    
 0.9718268306326     0.9700080923422     0.9674128204209     0.9628074613128    
 0.9615006549902     0.9588250755852     0.9482883664534     0.9517310333888    
 0.9547513573534     0.9212769868150     0.9484338126849      1.000287563915    
 0.8937704464005     0.8722244699270     0.7888609052210E-30-0.2796378010427E-03
-0.2693517615836E-03-0.2590657221246E-03-0.2487796826656E-03-0.2384936432066E-03
-0.2282076037475E-03-0.2179215642885E-03-0.2099003006325E-03-0.2021297565178E-03
-0.1943592124031E-03-0.1865886682884E-03-0.1788181241737E-03-0.1716943912303E-03
-0.1653206294131E-03-0.1589468675959E-03-0.1525731057787E-03-0.1461993439615E-03
-0.1405033677229E-03-0.1352293888858E-03-0.1299554100487E-03-0.1246814312117E-03
-0.1195794627072E-03-0.1148868758906E-03-0.1101942890739E-03-0.1055017022572E-03
-0.1009269023818E-03-0.9649923209165E-04-0.9207156180152E-04-0.8764444017551E-04
-0.8326400356632E-04-0.7888356695714E-04-0.7450313034796E-04-0.7002298291565E-04
-0.6553774533494E-04-0.6100575384541E-04-0.5631139665167E-04-0.5161703945794E-04
-0.4670089145449E-04-0.4172648100615E-04-0.3655023787146E-04-0.3125259133880E-04
-0.2571118700593E-04-0.2006142019272E-04-0.1405724701081E-04-0.7879843814723E-05
-0.1468178241534E-05 0.5271735100559E-05 0.1235647929622E-04 0.1965568962794E-04
 0.2729638159837E-04 0.3536732533380E-04 0.4370593197464E-04 0.5250649653521E-04
 0.6176320143918E-04 0.7133044813954E-04 0.8149066499171E-04 0.9212334618989E-04
 0.1031139763448E-03 0.1148565113857E-03 0.1270776740071E-03 0.1397090888404E-03
 0.1532813788161E-03 0.1673262172651E-03 0.1819223622663E-03 0.1975179619385E-03
 0.2136491673429E-03 0.2305040812962E-03 0.2484116397929E-03 0.2669258354951E-03
 0.2863743375967E-03 0.3069226044553E-03 0.3281584386915E-03 0.3505863994295E-03
 0.3741540017442E-03 0.3985025052483E-03 0.4243601747736E-03 0.4513882081239E-03
 0.4793061789068E-03 0.5091256701924E-03 0.5401340705202E-03 0.5721615357413E-03
 0.6065800061430E-03 0.6421890426607E-03 0.6791870729804E-03 0.7187629736671E-03
 0.7597217410551E-03 0.8025493791163E-03 0.8481581974619E-03 0.8953827788567E-03
 0.9451050715410E-03 0.9978300613377E-03 0.1052455224682E-02 0.1110411602740E-02
 0.1171611222924E-02 0.1235061331916E-02 0.1302961204154E-02 0.1374362723315E-02
 0.1448450340276E-02 0.1528508778909E-02 0.1612339903595E-02 0.1699404759185E-02
 0.1794538412145E-02 0.1893714674476E-02 0.1997607314408E-02 0.2110935236829E-02
 0.2229328897065E-02 0.2354569700141E-02 0.2490960153012E-02 0.2633794696677E-02
 0.2786567224253E-02 0.2952648276731E-02 0.3126984396482E-02 0.3315528882241E-02
 0.3519437609099E-02 0.3733807336483E-02 0.3968155532954E-02 0.4223737926282E-02
 0.4493713716671E-02 0.4790643584619E-02 0.5115704556181E-02 0.5470156124463E-02
 0.5857442971067E-02 0.6282251745185E-02 0.6749318766449E-02 0.7263892074751E-02
 0.7832826764901E-02 0.8464490895506E-02 0.9167879019664E-02 0.9942923879908E-02
 0.1086324129043E-01 0.1187952517348E-01 0.1313685016117E-01 0.1412478818642E-01
 0.1576849962881E-01 0.1766013054076E-01 0.1931231684891E-01 0.2178648066109E-01
 0.2477010601147E-01 0.2770243854015E-01 0.3176028035532E-01 0.3678284441604E-01
 0.4238397437686E-01 0.4971602363681E-01 0.5906747874577E-01 0.7042603436486E-01
 0.8471559334702E-01 0.1034271443088     0.1250986753259     0.1515579737500    
 0.1875788479084     0.2314336337051     0.2949135960124     0.4159769017173    
 0.6129243272827     0.8158559417845     0.8662060802207     0.9043475698274    
 0.9335598337674     0.9471862559277     0.9571257316360     0.9639049675281    
 0.9683081458320     0.9722509663038     0.9756567026380     0.9781629860387    
 0.9803314443809     0.9820793096873     0.9833105435342     0.9843231682150    
 0.9850552715058     0.9855051405074     0.9858121103977     0.9859249842064    
 0.9858657936576     0.9857010887423     0.9853766565753     0.9849260108143    
 0.9843834737309     0.9836848427337     0.9828590360262     0.9819242215671    
 0.9808298766624     0.9795491977652     0.9780511292100     0.9765360502217    
 0.9746485158440     0.9721673209007     0.9703430564276     0.9677415484055    
 0.9631224981151     0.9618122826319     0.9591341709338     0.9485875703788    
 0.9520280720208     0.9550483398707     0.9215666276043     0.9487221598692    
  1.000577835688     0.8940559001728     0.8725096108359     0.7888609052210E-30
-0.2890800444987E-03-0.2783449489754E-03-0.2676098534520E-03-0.2568747579287E-03
-0.2461396624053E-03-0.2354045668820E-03-0.2246694713586E-03-0.2162631580717E-03
-0.2081146500886E-03-0.1999661421055E-03-0.1918176341225E-03-0.1836691261394E-03
-0.1761816036689E-03-0.1694604873326E-03-0.1627393709963E-03-0.1560182546600E-03
-0.1492971383236E-03-0.1432673261240E-03-0.1376679281417E-03-0.1320685301594E-03
-0.1264691321771E-03-0.1210427933913E-03-0.1160283325716E-03-0.1110138717520E-03
-0.1059994109323E-03-0.1010993407449E-03-0.9634215775797E-04-0.9158497477104E-04
-0.8682816531909E-04-0.8210313940489E-04-0.7737811349069E-04-0.7265308757650E-04
-0.6780906683293E-04-0.6295897150969E-04-0.5805688053216E-04-0.5297422045917E-04
-0.4789156038619E-04-0.4256683716913E-04-0.3717852614783E-04-0.3157192010689E-04
-0.2583400848993E-04-0.1983363498948E-04-0.1371658411229E-04-0.7219186645697E-05
-0.5361389405851E-06 0.6397890656028E-05 0.1368292225751E-04 0.2133636438897E-04
 0.2921874299342E-04 0.3746551526350E-04 0.4617141410730E-04 0.5516279782987E-04
 0.6464667124129E-04 0.7461687409628E-04 0.8491809173996E-04 0.9585108541491E-04
 0.1072876881569E-03 0.1191058077513E-03 0.1317250615708E-03 0.1448546371814E-03
 0.1584216314702E-03 0.1729916177512E-03 0.1880658164234E-03 0.2037282628854E-03
 0.2204571794242E-03 0.2377581640380E-03 0.2558322615615E-03 0.2750311735181E-03
 0.2948789110680E-03 0.3157263548437E-03 0.3377511563434E-03 0.3605126322863E-03
 0.3845523319826E-03 0.4098149242765E-03 0.4359159871273E-03 0.4636393450247E-03
 0.4926220970769E-03 0.5225628298542E-03 0.5545538751728E-03 0.5878285125763E-03
 0.6222033717669E-03 0.6591655843646E-03 0.6974181032850E-03 0.7371759795819E-03
 0.7797349936423E-03 0.8237988511487E-03 0.8698969731334E-03 0.9190314610035E-03
 0.9699322636468E-03 0.1023565124850E-02 0.1080493717774E-02 0.1139510095658E-02
 0.1202190025020E-02 0.1268450984224E-02 0.1337198588381E-02 0.1410869111281E-02
 0.1488431607104E-02 0.1568980654410E-02 0.1656178522611E-02 0.1747600207410E-02
 0.1842642306436E-02 0.1946733226628E-02 0.2055386332045E-02 0.2169361986891E-02
 0.2294000456870E-02 0.2424399329169E-02 0.2562593136495E-02 0.2713492175135E-02
 0.2871778902045E-02 0.3041490332937E-02 0.3226503301499E-02 0.3421066151057E-02
 0.3632160399595E-02 0.3861113609949E-02 0.4102308407791E-02 0.4367176696828E-02
 0.4656803186167E-02 0.4963261236844E-02 0.5302182938339E-02 0.5674394440862E-02
 0.6081862245008E-02 0.6528905262920E-02 0.7021434371821E-02 0.7565473907070E-02
 0.8167850361273E-02 0.8837728567204E-02 0.9584918515074E-02 0.1042525996129E-01
 0.1138996889288E-01 0.1241936789703E-01 0.1370341865122E-01 0.1489270684395E-01
 0.1683722057223E-01 0.1856290879068E-01 0.2040373001140E-01 0.2341268954635E-01
 0.2636267863508E-01 0.2943967781963E-01 0.3448307650077E-01 0.3981847125598E-01
 0.4540414836038E-01 0.5477518046143E-01 0.6513555525309E-01 0.7665016318380E-01
 0.9482757419136E-01 0.1148954846246     0.1370998203954     0.1710246928888    
 0.2102093985257     0.2564339637127     0.3602676019112     0.5066727033329    
 0.7373736091535     0.8432387914628     0.8905680314124     0.9211035791896    
 0.9412454109806     0.9543650528295     0.9611712852684     0.9666966171809    
 0.9711240343567     0.9745662284289     0.9775553339609     0.9800158361962    
 0.9818590331547     0.9834150230289     0.9845937889384     0.9854434103507    
 0.9861195003318     0.9865397946146     0.9867789847218     0.9869079557980    
 0.9868506342800     0.9866774563108     0.9864231876532     0.9860061248678    
 0.9854940879483     0.9849089066722     0.9841582991244     0.9832982430937    
 0.9823443740776     0.9812189927670     0.9799177102264     0.9784112095840    
 0.9768769697426     0.9749757509290     0.9724910643196     0.9706544699207    
 0.9680430126714     0.9634229853773     0.9621047416729     0.9594189652619    
 0.9488729629057     0.9523083651227     0.9553224423100     0.9218424650985    
 0.9489952349038      1.000846004087     0.8943271631770     0.8727800661194    
 0.7888609052210E-30-0.2984210715832E-03-0.2872280171358E-03-0.2760349626885E-03
-0.2648419082411E-03-0.2536488537937E-03-0.2424557993463E-03-0.2312627448989E-03
-0.2224603870542E-03-0.2139226886760E-03-0.2053849902978E-03-0.1968472919196E-03
-0.1883095935414E-03-0.1804459591323E-03-0.1733638951976E-03-0.1662818312629E-03
-0.1591997673283E-03-0.1521177033936E-03-0.1457390804398E-03-0.1397984282476E-03
-0.1338577760554E-03-0.1279171238631E-03-0.1221499470194E-03-0.1167956385764E-03
-0.1114413301335E-03-0.1060870216905E-03-0.1008427063675E-03-0.9573578524084E-04
-0.9062886411419E-04-0.8552211710865E-04-0.8043018580955E-04-0.7533825451046E-04
-0.7024632321136E-04-0.6501398253630E-04-0.5977447408811E-04-0.5447728164109E-04
-0.4897976577032E-04-0.4348224989955E-04-0.3772065400436E-04-0.3188968666908E-04
-0.2582281615583E-04-0.1961404866885E-04-0.1312261828031E-04-0.6505530156555E-05
 0.5194257692626E-06 0.7743447681978E-05 0.1523648442954E-04 0.2310444006389E-04
 0.3136635821631E-04 0.3987259086676E-04 0.4876736465313E-04 0.5815246699660E-04
 0.6784206927592E-04 0.7805634278428E-04 0.8878960365593E-04 0.9987583420570E-04
 0.1116347622082E-03 0.1239310521009E-03 0.1366342867977E-03 0.1501906449685E-03
 0.1642917563310E-03 0.1788597990007E-03 0.1944965840875E-03 0.2106720816167E-03
 0.2274760769953E-03 0.2454176996066E-03 0.2639710781279E-03 0.2833515824741E-03
 0.3039338331309E-03 0.3252107953273E-03 0.3475592349974E-03 0.3711681372964E-03
 0.3955671070704E-03 0.4213391724662E-03 0.4484237883414E-03 0.4764094861132E-03
 0.5061426775877E-03 0.5372317482580E-03 0.5693528869488E-03 0.6036897479173E-03
 0.6394135312465E-03 0.6763261051708E-03 0.7160453260045E-03 0.7571645375011E-03
 0.7999170714374E-03 0.8457212959782E-03 0.8931658598489E-03 0.9428280745670E-03
 0.9958144463871E-03 0.1050735955946E-02 0.1108651642964E-02 0.1170195260157E-02
 0.1234038860892E-02 0.1301921143256E-02 0.1373769540068E-02 0.1448373756054E-02
 0.1528440031066E-02 0.1612846040299E-02 0.1700583454206E-02 0.1795749717550E-02
 0.1895661020080E-02 0.1999639499056E-02 0.2113805412163E-02 0.2233138841794E-02
 0.2358501040703E-02 0.2495966712143E-02 0.2640009736508E-02 0.2792962729215E-02
 0.2960466496506E-02 0.3136479563053E-02 0.3325685963324E-02 0.3532587323657E-02
 0.3750596618572E-02 0.3987937402027E-02 0.4246169574576E-02 0.4518809627502E-02
 0.4819625182495E-02 0.5149529206213E-02 0.5499256561149E-02 0.5888263049569E-02
 0.6316959022465E-02 0.6788284810968E-02 0.7307728114748E-02 0.7882793852201E-02
 0.8521237578662E-02 0.9231856157350E-02 0.1002654132380E-01 0.1091937283604E-01
 0.1192696827516E-01 0.1305611980800E-01 0.1440495304936E-01 0.1594361712895E-01
 0.1783120418299E-01 0.1944352299622E-01 0.2203457004490E-01 0.2503973774965E-01
 0.2793012226489E-01 0.3216035252763E-01 0.3726635621390E-01 0.4283279787622E-01
 0.5046032583031E-01 0.5985449917734E-01 0.7135417974409E-01 0.8620315660993E-01
 0.1049596458247     0.1268902789644     0.1544305944850     0.1905231826252    
 0.2351979972669     0.3044904970836     0.4256618777024     0.6311028732595    
 0.8202157931426     0.8706321791738     0.9072957274738     0.9352496706175    
 0.9489188331888     0.9583761558660     0.9650187154679     0.9694729173711    
 0.9733951837032     0.9768615052601     0.9793584833353     0.9815433441631    
 0.9833640682021     0.9846327226912     0.9857047154776     0.9865356588130    
 0.9870678570718     0.9874724255726     0.9877120410125     0.9877785359572    
 0.9877558912859     0.9876092350558     0.9873443647906     0.9870051303099    
 0.9865458602863     0.9859855335594     0.9853507739491     0.9845807450106    
 0.9836949323022     0.9827098763627     0.9815756497154     0.9802602688801    
 0.9787335414922     0.9771941208175     0.9752850214308     0.9727861285431    
 0.9709460646065     0.9683303193158     0.9636997700440     0.9623789847415    
 0.9596912954733     0.9491374956838     0.9525711839472     0.9555851808594    
 0.9220992378778     0.9492508801274      1.001103103763     0.8945804147980    
 0.8730330411752     0.7888609052210E-30-0.3076424702561E-03-0.2959824266849E-03
-0.2843223831137E-03-0.2726623395425E-03-0.2610022959713E-03-0.2493422524001E-03
-0.2376822088288E-03-0.2284725681589E-03-0.2195341966763E-03-0.2105958251937E-03
-0.2016574537110E-03-0.1927190822284E-03-0.1844666383672E-03-0.1770095207673E-03
-0.1695524031675E-03-0.1620952855676E-03-0.1546381679677E-03-0.1478951929017E-03
-0.1415968515118E-03-0.1352985101220E-03-0.1290001687321E-03-0.1228750093580E-03
-0.1171620202576E-03-0.1114490311571E-03-0.1057360420567E-03-0.1001276280461E-03
-0.9464984048208E-04-0.8917205291809E-04-0.8369421241346E-04-0.7821186726749E-04
-0.7272952212153E-04-0.6724717697556E-04-0.6160088256726E-04-0.5594621869568E-04
-0.5022765787626E-04-0.4428719747258E-04-0.3834673706890E-04-0.3211850045353E-04
-0.2581466762345E-04-0.1925589720465E-04-0.1254378051624E-04-0.5527452139463E-05
 0.1624113481296E-05 0.9213252765544E-05 0.1701569327205E-04 0.2510630227749E-04
 0.3359776621887E-04 0.4251015607905E-04 0.5168336007340E-04 0.6127119890282E-04
 0.7138237162215E-04 0.8181838665404E-04 0.9281387550457E-04 0.1043629099764E-03
 0.1162883346485E-03 0.1289307939032E-03 0.1421463766604E-03 0.1557959610761E-03
 0.1703551391258E-03 0.1854956266991E-03 0.2011343795784E-03 0.2179135146145E-03
 0.2352680954931E-03 0.2532940298546E-03 0.2725354035503E-03 0.2924310902327E-03
 0.3132116191159E-03 0.3352783625179E-03 0.3580894089164E-03 0.3820489583901E-03
 0.4073606177213E-03 0.4335205392533E-03 0.4611558915974E-03 0.4902031282448E-03
 0.5202202920339E-03 0.5521207823608E-03 0.5854845659835E-03 0.6199626039436E-03
 0.6568369942336E-03 0.6952139105694E-03 0.7348787063730E-03 0.7775913463589E-03
 0.8218273064735E-03 0.8678404734050E-03 0.9171830718888E-03 0.9683186890234E-03
 0.1021879211793E-02 0.1079085601478E-02 0.1138417973167E-02 0.1201042313350E-02
 0.1267669255287E-02 0.1336837141070E-02 0.1410472237917E-02 0.1488511832999E-02
 0.1569614729133E-02 0.1656799229812E-02 0.1748838123714E-02 0.1844605275067E-02
 0.1948703566680E-02 0.2058151894241E-02 0.2172185966899E-02 0.2297734525731E-02
 0.2429160254392E-02 0.2567442681187E-02 0.2719522382420E-02 0.2879146047264E-02
 0.3049000417292E-02 0.3235597273221E-02 0.3432043615618E-02 0.3643802103792E-02
 0.3876131285326E-02 0.4121451059833E-02 0.4389502117556E-02 0.4682155606270E-02
 0.4991881651722E-02 0.5335367483486E-02 0.5713332021992E-02 0.6114845020206E-02
 0.6564168614436E-02 0.7061296791475E-02 0.7610458705319E-02 0.8218680329034E-02
 0.8895646518135E-02 0.9651494856877E-02 0.1049794263861E-01 0.1145121269440E-01
 0.1252877928172E-01 0.1375825641988E-01 0.1518947135891E-01 0.1675885452780E-01
 0.1874628176046E-01 0.2065812237138E-01 0.2369816999323E-01 0.2661116916074E-01
 0.2981234381109E-01 0.3490904650543E-01 0.4027835020891E-01 0.4611679700888E-01
 0.5554045339833E-01 0.6607033425690E-01 0.7754840751759E-01 0.9633428138178E-01
 0.1166864689360     0.1388660224621     0.1739246890119     0.2139440458683    
 0.2601832921456     0.3698720018978     0.5247941286825     0.7555348450963    
 0.8475862310224     0.8934445124038     0.9240151091246     0.9428947711579    
 0.9555267744293     0.9623744948573     0.9677607116124     0.9721581204892    
 0.9756511123726     0.9786208362505     0.9811420446951     0.9829990415763    
 0.9845766439911     0.9858282861951     0.9867318286750     0.9874696170835    
 0.9879886122741     0.9883196682153     0.9885465090635     0.9886157501909    
 0.9885739659103     0.9884609368781     0.9882214507483     0.9878985703453    
 0.9875153143894     0.9870038455607     0.9864112727576     0.9857558507180    
 0.9849545176483     0.9840492769924     0.9830549726912     0.9819003686463    
 0.9805719680171     0.9790408047060     0.9774878160101     0.9755690919166    
 0.9730681012384     0.9712187301855     0.9685954171265     0.9639641628886    
 0.9626370340970     0.9599432498044     0.9493898217290     0.9528193570694    
 0.9558283338854     0.9223436615796     0.9494930207712      1.001341273716    
 0.8948210154670     0.8732729739658     0.7888609052210E-30-0.3167255617288E-03
-0.3045893942646E-03-0.2924532268004E-03-0.2803170593361E-03-0.2681808918719E-03
-0.2560447244077E-03-0.2439085569434E-03-0.2342800745276E-03-0.2249292026568E-03
-0.2155783307861E-03-0.2062274589153E-03-0.1968765870445E-03-0.1882222490324E-03
-0.1803755351082E-03-0.1725288211841E-03-0.1646821072600E-03-0.1568353933358E-03
-0.1497119313533E-03-0.1430387746733E-03-0.1363656179932E-03-0.1296924613131E-03
-0.1231914682412E-03-0.1171002216502E-03-0.1110089750592E-03-0.1049177284682E-03
-0.9892449575631E-04-0.9305369377603E-04-0.8718289179574E-04-0.8131178206051E-04
-0.7541448591274E-04-0.6951718976497E-04-0.6361989361719E-04-0.5753267415551E-04
-0.5143575927842E-04-0.4526822194295E-04-0.3885542885290E-04-0.3244263576285E-04
-0.2571636773506E-04-0.1890775266905E-04-0.1182383963829E-04-0.4574333467098E-05
 0.3002660765439E-05 0.1072523974882E-04 0.1891694745683E-04 0.2733734494864E-04
 0.3606658823678E-04 0.4522400789098E-04 0.5483161285566E-04 0.6471760775102E-04
 0.7504581327244E-04 0.8593308659925E-04 0.9716696330463E-04 0.1089971167999E-03
 0.1214182910136E-03 0.1342410452576E-03 0.1478277723571E-03 0.1620264913139E-03
 0.1766884970887E-03 0.1923200057496E-03 0.2085726690328E-03 0.2253577505637E-03
 0.2433594411339E-03 0.2619767497277E-03 0.2813122793490E-03 0.3019463541766E-03
 0.3232812661050E-03 0.3455643780336E-03 0.3692243296300E-03 0.3936827964382E-03
 0.4193746698820E-03 0.4465175025896E-03 0.4745722422514E-03 0.5042157124968E-03
 0.5353788535233E-03 0.5675872967010E-03 0.6018301509119E-03 0.6376536353581E-03
 0.6746815331388E-03 0.7143076641668E-03 0.7555635316143E-03 0.7982163159929E-03
 0.8441878627699E-03 0.8918195152561E-03 0.9413879577366E-03 0.9945994074036E-03
 0.1049774883603E-02 0.1107607067963E-02 0.1169450296151E-02 0.1233635240693E-02
 0.1301448165469E-02 0.1373691425047E-02 0.1448750346593E-02 0.1528764473228E-02
 0.1613686689331E-02 0.1702025526240E-02 0.1797158225552E-02 0.1897740654066E-02
 0.2002510720038E-02 0.2116659466503E-02 0.2236863676535E-02 0.2362258283909E-02
 0.2500723794204E-02 0.2645901631056E-02 0.2798910515558E-02 0.2967724668638E-02
 0.3145232120675E-02 0.3334541481899E-02 0.3543222454822E-02 0.3763365317857E-02
 0.4001372683403E-02 0.4263447576947E-02 0.4540809263734E-02 0.4845059400008E-02
 0.5178491966070E-02 0.5532292266101E-02 0.5926780274593E-02 0.6362498074750E-02
 0.6826424164733E-02 0.7348937613112E-02 0.7929560729281E-02 0.8574322641874E-02
 0.9292358572366E-02 0.1009630216588E-01 0.1099961077226E-01 0.1201792576618E-01
 0.1317309198682E-01 0.1449051497417E-01 0.1600278488177E-01 0.1773408118502E-01
 0.1982302808364E-01 0.2230262726812E-01 0.2532306711195E-01 0.2815306733337E-01
 0.3256897640082E-01 0.3774916269796E-01 0.4325620769028E-01 0.5119486029223E-01
 0.6080652747493E-01 0.7225731255435E-01 0.8767643236283E-01 0.1064969819391    
 0.1286548953980     0.1572818656621     0.1934560688656     0.2389183158398    
 0.3140173603550     0.4352968750996     0.6492241803740     0.8245139335837    
 0.8749678257945     0.9101388512817     0.9368286550875     0.9505305866786    
 0.9594970447627     0.9659947892118     0.9704902105739     0.9743801057981    
 0.9778174325591     0.9803653837959     0.9825542184109     0.9844352387786    
 0.9857231927475     0.9868335894955     0.9877368361524     0.9883255993787    
 0.9888016747268     0.9891393805936     0.9892983361497     0.9893795155324    
 0.9893588236519     0.9892248366178     0.9890304852661     0.9887482146766    
 0.9883759675070     0.9879453900672     0.9874139388932     0.9867942983283    
 0.9861090745540     0.9852982726967     0.9843775566022     0.9833626283042    
 0.9822033323243     0.9808656603333     0.9793198829963     0.9777635319082    
 0.9758391178575     0.9733272129000     0.9714751944748     0.9688485062488    
 0.9642088573898     0.9628795940326     0.9601841535995     0.9496244040787    
 0.9530524394653     0.9560612114621     0.9225716717087     0.9497200254547    
  1.001569341340     0.8950460016526     0.8734977072722     0.7888609052210E-30
-0.3256487902717E-03-0.3130272647873E-03-0.3004057393029E-03-0.2877842138185E-03
-0.2751626883341E-03-0.2625411628496E-03-0.2499196373652E-03-0.2398605259898E-03
-0.2300850838806E-03-0.2203096417713E-03-0.2105341996620E-03-0.2007587575528E-03
-0.1916890644725E-03-0.1834376803787E-03-0.1751862962849E-03-0.1669349121911E-03
-0.1586835280973E-03-0.1511628511076E-03-0.1440971210935E-03-0.1370313910794E-03
-0.1299656610654E-03-0.1230702637802E-03-0.1165802555142E-03-0.1100902472482E-03
-0.1036002389821E-03-0.9720051601395E-04-0.9091356988076E-04-0.8462662374756E-04
-0.7833908343752E-04-0.7200098550017E-04-0.6566288756281E-04-0.5932478962546E-04
-0.5276835766359E-04-0.4620077994495E-04-0.3955525192998E-04-0.3263902024398E-04
-0.2572278855798E-04-0.1846544451713E-04-0.1111849333792E-04-0.3474235308737E-05
 0.4348854318420E-05 0.1252427849056E-04 0.2085633291278E-04 0.2969161176762E-04
 0.3877193216664E-04 0.4818309312336E-04 0.5805211257849E-04 0.6840225997449E-04
 0.7904969977436E-04 0.9016922241621E-04 0.1018857102333E-03 0.1139721462978E-03
 0.1266947780115E-03 0.1400482120218E-03 0.1538301861967E-03 0.1684271701076E-03
 0.1836774815930E-03 0.1994223594851E-03 0.2162020774474E-03 0.2336454361994E-03
 0.2516576299138E-03 0.2709698639282E-03 0.2909406964875E-03 0.3116798940157E-03
 0.3338089663277E-03 0.3566890288151E-03 0.3805853589449E-03 0.4059585640005E-03
 0.4321892097046E-03 0.4597449207617E-03 0.4888612213633E-03 0.5189592166442E-03
 0.5507689379786E-03 0.5842184639305E-03 0.6187966920335E-03 0.6555743706810E-03
 0.6940641246206E-03 0.7338589494421E-03 0.7764740601570E-03 0.8208621543553E-03
 0.8667699486821E-03 0.9162967416434E-03 0.9676384856527E-03 0.1021097672551E-02
 0.1078550204814E-02 0.1138160852704E-02 0.1200692039546E-02 0.1267645804870E-02
 0.1337187041591E-02 0.1410740852304E-02 0.1489211460909E-02 0.1570812238925E-02
 0.1657930117092E-02 0.1750534341493E-02 0.1846962278985E-02 0.1951009569907E-02
 0.2061197048903E-02 0.2176105621348E-02 0.2301615904632E-02 0.2434008294423E-02
 0.2572299632649E-02 0.2725494503457E-02 0.2886390965418E-02 0.3056272617059E-02
 0.3244347432106E-02 0.3442491238082E-02 0.3654319674427E-02 0.3888682746987E-02
 0.4136460027408E-02 0.4405200560699E-02 0.4702274102606E-02 0.5017452337343E-02
 0.5364646539569E-02 0.5746725244260E-02 0.6153296188442E-02 0.6609301221570E-02
 0.7115113671137E-02 0.7655054825300E-02 0.8267390448576E-02 0.8951205761755E-02
 0.9715000317491E-02 0.1057080138413E-01 0.1153539369207E-01 0.1262697343475E-01
 0.1386705004751E-01 0.1528629013962E-01 0.1691821192204E-01 0.1881521178822E-01
 0.2106513571581E-01 0.2361702645885E-01 0.2691693382668E-01 0.3023116537998E-01
 0.3537470773539E-01 0.4073466838671E-01 0.4681313106014E-01 0.5631433235404E-01
 0.6699116340135E-01 0.7897614279469E-01 0.9784167918994E-01 0.1184625221292    
 0.1405879135346     0.1768132041315     0.2176520545577     0.2638733914515    
 0.3794348031430     0.5428655196932     0.7736417807109     0.8518643870923    
 0.8962304514106     0.9268276093476     0.9444394309108     0.9565779838168    
 0.9634576442389     0.9686963691653     0.9730557210113     0.9765896965719    
 0.9795283239893     0.9820441654277     0.9839516861924     0.9855385716313    
 0.9868506267911     0.9877898813133     0.9885685329088     0.9891598144231    
 0.9895569525236     0.9898557209213     0.9900229835832     0.9900793702813    
 0.9900694952140     0.9899558895234     0.9897673269448     0.9895277594610    
 0.9891931325147     0.9887907267513     0.9883381201667     0.9877750906175    
 0.9871372593859     0.9864413750004     0.9856098653851     0.9846768295188    
 0.9836567711518     0.9824828257828     0.9811359195728     0.9795872257150    
 0.9780205421136     0.9760887494940     0.9735751810777     0.9717157568483    
 0.9690829912930     0.9644426033146     0.9631081483534     0.9604077127895    
 0.9498480755325     0.9532726528635     0.9562772915271     0.9227886318606    
 0.9499350711505      1.001781153530     0.8952597108158     0.8737108575074    
 0.7888609052210E-30-0.3343899854032E-03-0.3212737991878E-03-0.3081576129723E-03
-0.2950414267568E-03-0.2819252405414E-03-0.2688090543259E-03-0.2556928681105E-03
-0.2451910293692E-03-0.2349786091208E-03-0.2247661888723E-03-0.2145537686239E-03
-0.2043413483755E-03-0.1948424499528E-03-0.1861708729973E-03-0.1774992960419E-03
-0.1688277190864E-03-0.1601561421309E-03-0.1522208957435E-03-0.1447440975675E-03
-0.1372672993915E-03-0.1297905012155E-03-0.1224813714015E-03-0.1155712894582E-03
-0.1086612075150E-03-0.1017511255718E-03-0.9492229416574E-04-0.8819495412804E-04
-0.8146761409033E-04-0.7473936153865E-04-0.6793346452475E-04-0.6112756751084E-04
-0.5432167049693E-04-0.4726624251384E-04-0.4019807619783E-04-0.3304403788827E-04
-0.2559178565278E-04-0.1813953341729E-04-0.1031622823105E-04-0.2395450781995E-05
 0.5846197480021E-05 0.1428085118484E-04 0.2309468072594E-04 0.3207707280768E-04
 0.4159898987002E-04 0.5138363374450E-04 0.6152287918954E-04 0.7215136990186E-04
 0.8329458898286E-04 0.9475529770196E-04 0.1067197874105E-03 0.1193223295600E-03
 0.1323198692000E-03 0.1459960147003E-03 0.1603461810108E-03 0.1751539725465E-03
 0.1908310963959E-03 0.2072065757670E-03 0.2241105754504E-03 0.2421191524672E-03
 0.2608378009765E-03 0.2801650821934E-03 0.3008817744065E-03 0.3223042106491E-03
 0.3445500149263E-03 0.3682839533099E-03 0.3928239274426E-03 0.4184551408929E-03
 0.4456714042499E-03 0.4738098460738E-03 0.5033747599406E-03 0.5346195003842E-03
 0.5669227234696E-03 0.6010743954513E-03 0.6369973723181E-03 0.6741410186364E-03
 0.7136684905526E-03 0.7550529272823E-03 0.7978537707293E-03 0.8437242586811E-03
 0.8915268182003E-03 0.9409854390629E-03 0.9944020415661E-03 0.1049806941829E-02
 0.1107531522813E-02 0.1169647240995E-02 0.1234140379975E-02 0.1301851907273E-02
 0.1374456089310E-02 0.1449927890426E-02 0.1529850293894E-02 0.1615248735874E-02
 0.1704138884252E-02 0.1799192015446E-02 0.1900400955666E-02 0.2005905337888E-02
 0.2119987117945E-02 0.2241014782187E-02 0.2367386583839E-02 0.2505793903004E-02
 0.2652056688557E-02 0.2805052731014E-02 0.2975123922474E-02 0.3154073833021E-02
 0.3343382249169E-02 0.3553746672788E-02 0.3775836125326E-02 0.4013878156468E-02
 0.4278297603542E-02 0.4558513135585E-02 0.4863479097744E-02 0.5202042252243E-02
 0.5562202642142E-02 0.5960756624368E-02 0.6401362869520E-02 0.6871663052644E-02
 0.7402485474130E-02 0.7994112971719E-02 0.8627451992533E-02 0.9351088984354E-02
 0.1016367626856E-01 0.1107724244699E-01 0.1210791517194E-01 0.1327833811445E-01
 0.1461358904671E-01 0.1614360289594E-01 0.1791144865351E-01 0.1996695900086E-01
 0.2237878877647E-01 0.2521556048495E-01 0.2869361379643E-01 0.3302097939212E-01
 0.3826913326449E-01 0.4367868280858E-01 0.5194641699128E-01 0.6176492142747E-01
 0.7312598869681E-01 0.8913891839751E-01 0.1083024859334     0.1303847392562    
 0.1601151976025     0.1964012602546     0.2425947399299     0.3235041710788    
 0.4449155456137     0.6672718146766     0.8287125787378     0.8792292155258    
 0.9129016584067     0.9383166657101     0.9520432495626     0.9605137761819    
 0.9668613706548     0.9713885818730     0.9752377014054     0.9786379867269    
 0.9812272413433     0.9834082334889     0.9852888959831     0.9866275711917    
 0.9877639785015     0.9887270133265     0.9893543547862     0.9898810990336    
 0.9902904798667     0.9905163229568     0.9906754213756     0.9907522000193    
 0.9907160411028     0.9906285234401     0.9904716503277     0.9902327246880    
 0.9899480487275     0.9895929242250     0.9891622351531     0.9886812237478    
 0.9881081529008     0.9874536307642     0.9867380931811     0.9859012549116    
 0.9849577726827     0.9839228813456     0.9827457968372     0.9813920360654    
 0.9798321529863     0.9782628017907     0.9763264578006     0.9738041877547    
 0.9719424739038     0.9693068271054     0.9646596036410     0.9633232434379    
 0.9606212845713     0.9500564668980     0.9534796906916     0.9564840099589    
 0.9229913640802     0.9501368948334      1.001983724781     0.8954598203265    
 0.8739107339798     0.7888609052210E-30-0.3429233392663E-03-0.3293031434158E-03
-0.3156829475653E-03-0.3020627517149E-03-0.2884425558644E-03-0.2748223600139E-03
-0.2612021641635E-03-0.2502453007224E-03-0.2395832785981E-03-0.2289212564738E-03
-0.2182592343495E-03-0.2075972122252E-03-0.1976548889223E-03-0.1885470492516E-03
-0.1794392095809E-03-0.1703313699102E-03-0.1612235302395E-03-0.1528557368303E-03
-0.1449487050680E-03-0.1370416733056E-03-0.1291346415432E-03-0.1213916793161E-03
-0.1140391998133E-03-0.1066867203105E-03-0.9933424080770E-04-0.9205263849860E-04
-0.8485957004573E-04-0.7766650159286E-04-0.7047216590616E-04-0.6317000317083E-04
-0.5586784043550E-04-0.4856567770017E-04-0.4097998343714E-04-0.3337981514308E-04
-0.2568515514377E-04-0.1766234691798E-04-0.9639538692192E-05-0.1213490158181E-05
 0.7318485967074E-05 0.1619682509722E-04 0.2528350335462E-04 0.3477803258079E-04
 0.4445387187192E-04 0.5470853636073E-04 0.6524474483056E-04 0.7616086655442E-04
 0.8760043718967E-04 0.9959033321836E-04 0.1119195065060E-03 0.1247869205108E-03
 0.1383360645951E-03 0.1523071655438E-03 0.1670030592944E-03 0.1824189858039E-03
 0.1983237762981E-03 0.2151572386307E-03 0.2327371083179E-03 0.2508819012122E-03
 0.2702077174313E-03 0.2902933113080E-03 0.3110301431769E-03 0.3332547490600E-03
 0.3562357689196E-03 0.3800992717520E-03 0.4055595354806E-03 0.4318854822764E-03
 0.4593836205270E-03 0.4885869676217E-03 0.5187832663137E-03 0.5505161206639E-03
 0.5840619112854E-03 0.6187509131912E-03 0.6554376831066E-03 0.6940433174338E-03
 0.7339720597278E-03 0.7764873383874E-03 0.8210230268194E-03 0.8671002888922E-03
 0.9165233613618E-03 0.9680589359336E-03 0.1021405226593E-02 0.1079087901283E-02
 0.1138956560808E-02 0.1201375535976E-02 0.1268633475292E-02 0.1338519660471E-02
 0.1411965843811E-02 0.1490838678765E-02 0.1572900847195E-02 0.1659919022104E-02
 0.1753054612816E-02 0.1850099344016E-02 0.1954057127708E-02 0.2064946268416E-02
 0.2180679288285E-02 0.2306110326394E-02 0.2439430545252E-02 0.2578825376064E-02
 0.2731946694725E-02 0.2894075878390E-02 0.3063926089203E-02 0.3253437331035E-02
 0.3453237721949E-02 0.3665042120126E-02 0.3901350672734E-02 0.4151392662724E-02
 0.4420140931936E-02 0.4719958769871E-02 0.5038501500475E-02 0.5386464961470E-02
 0.5774561533053E-02 0.6188620963278E-02 0.6649090145058E-02 0.7160722875871E-02
 0.7708700936447E-02 0.8331511857534E-02 0.9029461509381E-02 0.9779003413751E-02
 0.1064245953430E-01 0.1161820592208E-01 0.1272330595585E-01 0.1397976849119E-01
 0.1541878992911E-01 0.1707568357328E-01 0.1899329304024E-01 0.2123427962514E-01
 0.2386863524953E-01 0.2700547591216E-01 0.3081820387378E-01 0.3532187735492E-01
 0.4129849274278E-01 0.4758018824677E-01 0.5715849564927E-01 0.6791406090222E-01
 0.8037892074789E-01 0.9936715944128E-01 0.1202212199049     0.1433446461913    
 0.1797067990748     0.2213392339196     0.2674890533026     0.3889798343405    
 0.5609071657259     0.7916771391835     0.8560731795043     0.8989466458214    
 0.9295671848176     0.9459029459931     0.9575384896798     0.9644423167615    
 0.9695288652319     0.9738449820284     0.9774102718565     0.9803095617973    
 0.9828120698761     0.9847602774384     0.9863447603122     0.9876736184786    
 0.9886629153188     0.9894701744879     0.9901214013674     0.9905665080501    
 0.9909165063094     0.9911555447415     0.9912844818810     0.9913519835087    
 0.9913358684897     0.9912485688836     0.9911147421576     0.9909053503789    
 0.9906383139470     0.9903303140738     0.9899434140495     0.9894957940956    
 0.9890028251175     0.9884088629999     0.9877428437789     0.9870209674470    
 0.9861692340601     0.9852170167942     0.9841786704892     0.9829902867463    
 0.9816293493986     0.9800670995119     0.9784894750493     0.9765471299576    
 0.9740232818029     0.9721555007941     0.9695148292825     0.9648667630345    
 0.9635260836553     0.9608199750503     0.9502550488234     0.9536753690208    
 0.9566762677714     0.9231841906387     0.9503281094792      1.002172306353    
 0.8956498698264     0.8741003147000     0.7888609052210E-30-0.3512225782852E-03
-0.3370890118857E-03-0.3229554454862E-03-0.3088218790867E-03-0.2946883126872E-03
-0.2805547462877E-03-0.2664211798882E-03-0.2549967172949E-03-0.2438721630912E-03
-0.2327476088875E-03-0.2216230546837E-03-0.2104985004800E-03-0.2000981623422E-03
-0.1905375455366E-03-0.1809769287311E-03-0.1714163119256E-03-0.1618556951200E-03
-0.1530367375127E-03-0.1446795457857E-03-0.1363223540587E-03-0.1279651623317E-03
-0.1197674769107E-03-0.1119494138054E-03-0.1041313507000E-03-0.9631328759464E-04
-0.8855423787803E-04-0.8086890274577E-04-0.7318356761352E-04-0.6549657344456E-04
-0.5766841430105E-04-0.4984025515754E-04-0.4201209601403E-04-0.3386322034859E-04
-0.2569797239139E-04-0.1742891469228E-04-0.8799349342102E-05-0.1697839919264E-06
 0.8897848996554E-05 0.1808055840170E-04 0.2763698589972E-04 0.3741820675095E-04
 0.4763823837355E-04 0.5805334323503E-04 0.6908928703760E-04 0.8042711124964E-04
 0.9217218383493E-04 0.1044771235274E-03 0.1173709887039E-03 0.1306275085335E-03
 0.1444590772711E-03 0.1590197160561E-03 0.1740313409432E-03 0.1898171827896E-03
 0.2063730473806E-03 0.2234515695695E-03 0.2415224307266E-03 0.2603920643492E-03
 0.2798662082321E-03 0.3006036817456E-03 0.3221552947208E-03 0.3444047415204E-03
 0.3682483129301E-03 0.3929039397552E-03 0.4185069645648E-03 0.4458247741547E-03
 0.4740739111823E-03 0.5035845341397E-03 0.5349316411318E-03 0.5673497985436E-03
 0.6014265304763E-03 0.6374625083081E-03 0.6747355004876E-03 0.7141726279271E-03
 0.7556918820408E-03 0.7986480948701E-03 0.8444179376536E-03 0.8923903039799E-03
 0.9420439958857E-03 0.9953546681760E-03 0.1050980384487E-02 0.1108590424246E-02
 0.1170965804496E-02 0.1235750829509E-02 0.1303347106746E-02 0.1376293271006E-02
 0.1452153812484E-02 0.1531964039239E-02 0.1617814343435E-02 0.1707223976472E-02
 0.1802171158626E-02 0.1903978031439E-02 0.2010178021143E-02 0.2124162043156E-02
 0.2245982354479E-02 0.2373287638432E-02 0.2511604897990E-02 0.2658922159387E-02
 0.2813175260378E-02 0.2983158422722E-02 0.3163520812762E-02 0.3352779683685E-02
 0.3564799027998E-02 0.3788806498819E-02 0.4026800117234E-02 0.4293485194189E-02
 0.4576355779538E-02 0.4881297650511E-02 0.5223095392137E-02 0.5587250637475E-02
 0.5986632864536E-02 0.6434360926056E-02 0.6913569474176E-02 0.7449367143173E-02
 0.8048043986642E-02 0.8691659770887E-02 0.9428735080687E-02 0.1025986653917E-01
 0.1115561985189E-01 0.1219692996807E-01 0.1338211436701E-01 0.1473564694751E-01
 0.1628821659450E-01 0.1808365089784E-01 0.2017277823942E-01 0.2261806434938E-01
 0.2551149623152E-01 0.2896013652172E-01 0.3311928845700E-01 0.3817195991724E-01
 0.4450587549184E-01 0.5279269026213E-01 0.6280776005605E-01 0.7399875266489E-01
 0.9063015223376E-01 0.1101232090839     0.1320566084120     0.1629271308139    
 0.2001241468540     0.2462106635002     0.3329529486240     0.4545430353001    
 0.6852879170313     0.8328731231911     0.8834387078508     0.9155986575902    
 0.9397334769040     0.9534821721931     0.9614492706193     0.9676377559148    
 0.9721895603826     0.9759931061343     0.9793511193318     0.9819722827308    
 0.9841370040325     0.9860093109549     0.9873890861411     0.9885396923550    
 0.9895217043315     0.9901993527517     0.9907644511519     0.9912330781062    
 0.9915079636573     0.9917242635462     0.9918722134959     0.9919084333538    
 0.9919019428711     0.9918420131890     0.9917035026277     0.9915268057344    
 0.9912963363178     0.9909999887534     0.9906650919444     0.9902675758005    
 0.9898022094561     0.9892906335339     0.9886907609804     0.9880132743976    
 0.9872773191446     0.9864218450694     0.9854617924390     0.9844121010470    
 0.9832211116620     0.9818546561823     0.9802834902589     0.9787034790061    
 0.9767572743650     0.9742263396797     0.9723564679137     0.9697132531481    
 0.9650595818028     0.9637171886287     0.9610096656692     0.9504404319209    
 0.9538594964002     0.9568599777126     0.9233646337174     0.9505077248965    
  1.002352414459     0.8958280208152     0.8742782491371     0.7888609052210E-30
-0.3592551512850E-03-0.3445988960833E-03-0.3299426408816E-03-0.3152863856799E-03
-0.3006301304782E-03-0.2859738752766E-03-0.2713176200749E-03-0.2594128097787E-03
-0.2478125951974E-03-0.2362123806161E-03-0.2246121660347E-03-0.2130119514534E-03
-0.2021386202781E-03-0.1921081031896E-03-0.1820775861012E-03-0.1720470690127E-03
-0.1620165519242E-03-0.1527270956081E-03-0.1438990325854E-03-0.1350709695626E-03
-0.1262429065399E-03-0.1175686985570E-03-0.1092606629717E-03-0.1009526273863E-03
-0.9264459180101E-04-0.8438216361708E-04-0.7617670438054E-04-0.6797124514399E-04
-0.5976369255410E-04-0.5137801962992E-04-0.4299234670574E-04-0.3460667378157E-04
-0.2585985978893E-04-0.1709460986759E-04-0.8215408114702E-05 0.1059522462523E-05
 0.1033445303975E-04 0.2008488785758E-04 0.2996023334978E-04 0.4023896052106E-04
 0.5076032384510E-04 0.6175359213858E-04 0.7295664568993E-04 0.8482620190617E-04
 0.9701928875772E-04 0.1096487689474E-03 0.1228780409350E-03 0.1367371416249E-03
 0.1509842250903E-03 0.1658466126041E-03 0.1814884553173E-03 0.1976126523564E-03
 0.2145652419493E-03 0.2323411648617E-03 0.2506761738694E-03 0.2700735638427E-03
 0.2903257297671E-03 0.3112249839637E-03 0.3334784777932E-03 0.3566044645845E-03
 0.3804783024859E-03 0.4060642526195E-03 0.4325222519999E-03 0.4599976421684E-03
 0.4893193774687E-03 0.5196438914619E-03 0.5513266720128E-03 0.5849929978407E-03
 0.6198162374965E-03 0.6564310829242E-03 0.6951699217171E-03 0.7352499729805E-03
 0.7776767391140E-03 0.8223704350014E-03 0.8686288666051E-03 0.9179519608060E-03
 0.9696848222573E-03 0.1023257427110E-02 0.1080833698400E-02 0.1140956759876E-02
 0.1203262784371E-02 0.1270816128924E-02 0.1341036462109E-02 0.1414368282033E-02
 0.1493629290065E-02 0.1576134830973E-02 0.1663041066068E-02 0.1756689639776E-02
 0.1854326247804E-02 0.1958177703620E-02 0.2069747361991E-02 0.2186274128470E-02
 0.2311606386087E-02 0.2445833003284E-02 0.2586297243538E-02 0.2739326642745E-02
 0.2902669959376E-02 0.3073969506133E-02 0.3263389433737E-02 0.3464831021404E-02
 0.3676576889125E-02 0.3914821999173E-02 0.4167118147016E-02 0.4435807172286E-02
 0.4738306831579E-02 0.5060012575452E-02 0.5407939970118E-02 0.5799914619149E-02
 0.6218797802603E-02 0.6680205857174E-02 0.7200378661901E-02 0.7759086998261E-02
 0.8387482356576E-02 0.9094039883489E-02 0.9856823502414E-02 0.1073778754862E-01
 0.1173826128862E-01 0.1282088264182E-01 0.1409234646029E-01 0.1555145428900E-01
 0.1723368510474E-01 0.1918277687317E-01 0.2146174314884E-01 0.2414543236506E-01
 0.2732724212699E-01 0.3114598825135E-01 0.3576063227181E-01 0.4141748615279E-01
 0.4849278054321E-01 0.5723123152668E-01 0.6905332984067E-01 0.8189171628701E-01
 0.1010229718616     0.1219905023820     0.1460501207311     0.1826275500494    
 0.2249962977078     0.2768100101553     0.3985284125219     0.5789313534920    
 0.8096353275510     0.8602315095494     0.9016146854143     0.9322493541234    
 0.9473010632379     0.9584283152284     0.9653541637667     0.9702816137426    
 0.9745456616857     0.9781345817397     0.9809899257300     0.9834737949581    
 0.9854529910423     0.9870268532150     0.9883645366108     0.9893940529613    
 0.9902182971781     0.9908987602502     0.9913933905867     0.9917824526134    
 0.9920810275176     0.9922644663358     0.9923887172028     0.9924439154600    
 0.9924322564450     0.9923784127823     0.9922659879861     0.9921013093709    
 0.9919000444409     0.9916378368650     0.9913257769259     0.9909776683858    
 0.9905592502063     0.9900831635503     0.9895640444399     0.9889492142168    
 0.9882634976823     0.9875229509994     0.9866560898725     0.9856892222093    
 0.9846366346578     0.9834366551857     0.9820643599166     0.9804910295509    
 0.9789041935317     0.9769529369574     0.9744204082488     0.9725454971915    
 0.9698980686372     0.9652434503119     0.9638974360729     0.9611864435722    
 0.9506169194460     0.9540335358311     0.9570311833104     0.9235361583355    
 0.9506778922984      1.002520447941     0.8959971717034     0.8744470083783    
 0.7888609052210E-30-0.3669858551832E-03-0.3517977378617E-03-0.3366096205402E-03
-0.3214215032187E-03-0.3062333858972E-03-0.2910452685757E-03-0.2758571512542E-03
-0.2634590401127E-03-0.2513697935699E-03-0.2392805470271E-03-0.2271913004842E-03
-0.2151020539414E-03-0.2037403982657E-03-0.1932223769706E-03-0.1827043556756E-03
-0.1721863343805E-03-0.1616683130855E-03-0.1518883084682E-03-0.1425678018545E-03
-0.1332472952409E-03-0.1239267886272E-03-0.1147533404701E-03-0.1059298889568E-03
-0.9710643744359E-04-0.8828298593033E-04-0.7949002058235E-04-0.7073513599961E-04
-0.6198025141687E-04-0.5322279481007E-04-0.4424648848641E-04-0.3527018216275E-04
-0.2629387583909E-04-0.1691234583083E-04-0.7510129515711E-05 0.2017030691261E-05
 0.1197809265098E-04 0.2193915461070E-04 0.3241618162375E-04 0.4302874800167E-04
 0.5407669036823E-04 0.6538651362914E-04 0.7720392278073E-04 0.8924697913645E-04
 0.1020057419238E-03 0.1151113714868E-03 0.1286848115000E-03 0.1429011048811E-03
 0.1577913630868E-03 0.1730969614751E-03 0.1890613623915E-03 0.2058596649717E-03
 0.2231742607764E-03 0.2413759323329E-03 0.2604586960404E-03 0.2801400595893E-03
 0.3009599414530E-03 0.3226954770286E-03 0.3451244186764E-03 0.3690068303486E-03
 0.3938254159522E-03 0.4194464363540E-03 0.4469089651910E-03 0.4753093077633E-03
 0.5048037663601E-03 0.5362896094794E-03 0.5688569548005E-03 0.6028891857085E-03
 0.6390680143569E-03 0.6764988933970E-03 0.7158687321972E-03 0.7575463373698E-03
 0.8006813151003E-03 0.8463664349843E-03 0.8945259527636E-03 0.9443935887304E-03
 0.9976073465399E-03 0.1053465098375E-02 0.1111341595270E-02 0.1173613077704E-02
 0.1238695113132E-02 0.1306186193983E-02 0.1379472524850E-02 0.1455720900993E-02
 0.1535424996624E-02 0.1621721898791E-02 0.1711644336316E-02 0.1806488589541E-02
 0.1908886300122E-02 0.2015770217050E-02 0.2129658047525E-02 0.2252264572908E-02
 0.2380488550079E-02 0.2518718671638E-02 0.2667088391934E-02 0.2822584374806E-02
 0.2992489116049E-02 0.3174271197393E-02 0.3365225699608E-02 0.3577169201511E-02
 0.3803113259992E-02 0.4041057795539E-02 0.4310045705909E-02 0.4595606506181E-02
 0.4900502344673E-02 0.5245525012815E-02 0.5613506396311E-02 0.6012871480418E-02
 0.6465321557953E-02 0.6950443521862E-02 0.7487360641896E-02 0.8096441558496E-02
 0.8753201097468E-02 0.9496725581120E-02 0.1033864133920E-01 0.1125181989846E-01
 0.1231643186003E-01 0.1353537740664E-01 0.1486043305234E-01 0.1643472068123E-01
 0.1825841097399E-01 0.2038372305954E-01 0.2287447734558E-01 0.2582320971379E-01
 0.2934243927426E-01 0.3357425812696E-01 0.3872969365548E-01 0.4505685760213E-01
 0.5292257029725E-01 0.6279006935093E-01 0.7542837731885E-01 0.9235425066234E-01
 0.1121614113466     0.1337513574241     0.1658018461179     0.2039069811163    
 0.2497424555047     0.3423871317125     0.4726499024021     0.7032607932251    
 0.8369738746837     0.8876316909727     0.9182601393153     0.9411039984838    
 0.9548658369491     0.9623216473215     0.9683458779898     0.9729203848770    
 0.9766706537120     0.9799772830374     0.9826229117602     0.9847662283868    
 0.9866247427930     0.9880362285607     0.9891925041730     0.9901854407445    
 0.9909038596375     0.9914955061058     0.9919934914996     0.9923183371870    
 0.9925795785680     0.9927863019720     0.9928771228105     0.9929309614043    
 0.9929416540461     0.9928781973914     0.9927837462827     0.9926495906204    
 0.9924547943466     0.9922281691644     0.9919547364610     0.9916240517690    
 0.9912584093447     0.9908334931343     0.9903450661452     0.9898126436866    
 0.9891934947156     0.9884991039517     0.9877477920160     0.9868777394644    
 0.9859045407102     0.9848429309252     0.9836404900594     0.9822635217456    
 0.9806829380760     0.9790938333660     0.9771391960419     0.9746008426741    
 0.9727239653134     0.9700742433002     0.9654150169976     0.9640674357929    
 0.9613551142137     0.9507820129550     0.9541974643894     0.9571946236332    
 0.9236969359121     0.9508379149049      1.002680755953     0.8961559413031    
 0.8746055753298     0.7888609052210E-30-0.3743805092880E-03-0.3586512616349E-03
-0.3429220139819E-03-0.3271927663288E-03-0.3114635186757E-03-0.2957342710227E-03
-0.2800050233696E-03-0.2671003332431E-03-0.2545083326846E-03-0.2419163321261E-03
-0.2293243315676E-03-0.2167323310091E-03-0.2048664551876E-03-0.1938425137834E-03
-0.1828185723792E-03-0.1717946309750E-03-0.1607706895709E-03-0.1504791450760E-03
-0.1406435996497E-03-0.1308080542235E-03-0.1209725087972E-03-0.1112759354952E-03
-0.1019101135026E-03-0.9254429151006E-04-0.8317846951752E-04-0.7382622437103E-04
-0.6449093828393E-04-0.5515565219683E-04-0.4581726456467E-04-0.3621497105807E-04
-0.2661267755148E-04-0.1701038404488E-04-0.6955017951564E-05 0.3123477092295E-05
 0.1333890934713E-04 0.2402989342751E-04 0.3472087750788E-04 0.4597132568568E-04
 0.5736874003483E-04 0.6923638805642E-04 0.8138688404831E-04 0.9408311393846E-04
 0.1070219497217E-03 0.1207303402854E-03 0.1348104244554E-03 0.1493918160082E-03
 0.1646637593915E-03 0.1806563254100E-03 0.1970940648760E-03 0.2142386444297E-03
 0.2322750341645E-03 0.2508645859870E-03 0.2704062012540E-03 0.2908904847932E-03
 0.3120161313115E-03 0.3343649739935E-03 0.3576945868962E-03 0.3817675414448E-03
 0.4074048190895E-03 0.4340466724673E-03 0.4615495907593E-03 0.4910392559140E-03
 0.5215377314117E-03 0.5532131523095E-03 0.5870435598098E-03 0.6220414626061E-03
 0.6586200263290E-03 0.6975300401020E-03 0.7377972998196E-03 0.7801645878921E-03
 0.8250490546122E-03 0.8715209170391E-03 0.9207669198406E-03 0.9727249567055E-03
 0.1026553532047E-02 0.1084040652409E-02 0.1144441454978E-02 0.1207066072158E-02
 0.1274523848137E-02 0.1345097494240E-02 0.1418341886162E-02 0.1498000845439E-02
 0.1580965288377E-02 0.1667786128921E-02 0.1761957415066E-02 0.1860198729789E-02
 0.1963972030821E-02 0.2076234776744E-02 0.2193567214496E-02 0.2318833504137E-02
 0.2453986221280E-02 0.2595534368883E-02 0.2748514190520E-02 0.2913104795020E-02
 0.3085876977561E-02 0.3275265925659E-02 0.3478403726663E-02 0.3692172961896E-02
 0.3930403011100E-02 0.4185036888457E-02 0.4453731189946E-02 0.4759039867045E-02
 0.5084034417765E-02 0.5431995821044E-02 0.5827953075132E-02 0.6251584299722E-02
 0.6713094430341E-02 0.7239179485104E-02 0.7805333048704E-02 0.8435223742767E-02
 0.9154755231674E-02 0.9934003303050E-02 0.1082266585447E-01 0.1183699782522E-01
 0.1294302975715E-01 0.1424621956168E-01 0.1575246627270E-01 0.1739833663131E-01
 0.1937973667352E-01 0.2169986813626E-01 0.2443668066816E-01 0.2768540614832E-01
 0.3158469791994E-01 0.3630637860440E-01 0.4206901113030E-01 0.4919443305715E-01
 0.5805696562276E-01 0.6921314987860E-01 0.8345108429629E-01 0.1015541142087    
 0.1243008419980     0.1490441960910     0.1859312186377     0.2288085034666    
 0.2861295585510     0.4082484866843     0.5970266050611     0.8136434094183    
 0.8643805187113     0.9042880813426     0.9349131754067     0.9486677956835    
 0.9592762422426     0.9662141527978     0.9709748693161     0.9751811677769    
 0.9787906898838     0.9815947498893     0.9840506376863     0.9860526452375    
 0.9876111044665     0.9889521453464     0.9900120067177     0.9908449914463    
 0.9915466991445     0.9920809705243     0.9924975035656     0.9928319540257    
 0.9930644510516     0.9932333171911     0.9933476425710     0.9933935246053    
 0.9933990601069     0.9933575246538     0.9932696455866     0.9931494701521    
 0.9929837996787     0.9927743729501     0.9925333553443     0.9922391585515    
 0.9918984481070     0.9915241329137     0.9910843155425     0.9905881136524    
 0.9900500397198     0.9894194983779     0.9887185908087     0.9879633806890    
 0.9870842866692     0.9861054415077     0.9850410953676     0.9838313568372    
 0.9824494715440     0.9808667483609     0.9792720016541     0.9773130859901    
 0.9747731031310     0.9728920223722     0.9702387469272     0.9655784825793    
 0.9642278619142     0.9615126394655     0.9509391007216     0.9543524906729    
 0.9573473125372     0.9238497397794     0.9509895797235      1.002830709186    
 0.8963067176028     0.8747560263432     0.7888609052210E-30-0.3814589754260E-03
-0.3651771105619E-03-0.3488952456978E-03-0.3326133808337E-03-0.3163315159696E-03
-0.3000496511055E-03-0.2837677862414E-03-0.2703413638412E-03-0.2572310500924E-03
-0.2441207363436E-03-0.2310104225948E-03-0.2179001088460E-03-0.2055123646552E-03
-0.1939624326871E-03-0.1824125007190E-03-0.1708625687509E-03-0.1593126367829E-03
-0.1484868839254E-03-0.1381120136369E-03-0.1277371433484E-03-0.1173622730599E-03
-0.1071169974934E-03-0.9718015517734E-04-0.8724331286125E-04-0.7730647054517E-04
-0.6736439869537E-04-0.5741579454988E-04-0.4746719040440E-04-0.3751490316676E-04
-0.2724922707467E-04-0.1698355098259E-04-0.6717874890513E-05 0.4052847137054E-05
 0.1484935130816E-04 0.2579581680612E-04 0.3726306392539E-04 0.4873031104465E-04
 0.6080395264454E-04 0.7303688860405E-04 0.8577784478389E-04 0.9882437773674E-04
 0.1124576973056E-03 0.1263518727448E-03 0.1410741044402E-03 0.1561947031677E-03
 0.1718526350898E-03 0.1882532629634E-03 0.2054245607043E-03 0.2230734854455E-03
 0.2414817969010E-03 0.2608442656840E-03 0.2807999937168E-03 0.3017790952548E-03
 0.3237673538173E-03 0.3464434937180E-03 0.3704361526969E-03 0.3954801525040E-03
 0.4213218298509E-03 0.4488505814626E-03 0.4774583645470E-03 0.5069910317507E-03
 0.5386721064695E-03 0.5714396611253E-03 0.6054747757077E-03 0.6418479853275E-03
 0.6794835576392E-03 0.7188271642531E-03 0.7607103174054E-03 0.8040678009121E-03
 0.8497036223140E-03 0.8980937958589E-03 0.9482174155834E-03 0.1001364837096E-02
 0.1057495121646E-02 0.1115680090729E-02 0.1177874381772E-02 0.1243291712584E-02
 0.1311167527800E-02 0.1384372357593E-02 0.1461045657183E-02 0.1540691930887E-02
 0.1627459573367E-02 0.1717932149163E-02 0.1812727147160E-02 0.1915745156246E-02
 0.2023352830175E-02 0.2137207566374E-02 0.2260640360216E-02 0.2389829140078E-02
 0.2528050592172E-02 0.2677531221929E-02 0.2834329066744E-02 0.3004258450758E-02
 0.3187548581557E-02 0.3380281766220E-02 0.3592292143881E-02 0.3820307051824E-02
 0.4060716050116E-02 0.4329820155474E-02 0.4618268625241E-02 0.4923297978787E-02
 0.5271836010162E-02 0.5643936645722E-02 0.6043526986162E-02 0.6501027755959E-02
 0.6992192786193E-02 0.7529499242544E-02 0.8146187938497E-02 0.8812568732526E-02
 0.9558282194662E-02 0.1041681143934E-01 0.1135117418303E-01 0.1242549947416E-01
 0.1366295590665E-01 0.1502039848563E-01 0.1663899985821E-01 0.1853018682113E-01
 0.2060879650037E-01 0.2314900147483E-01 0.2615973557671E-01 0.2975898308914E-01
 0.3409164970195E-01 0.3936820556485E-01 0.4585194560349E-01 0.5387550653080E-01
 0.6391208975317E-01 0.7650538829972E-01 0.9237964464838E-01 0.1122773792144    
 0.1368096716026     0.1696236723646     0.2089479397166     0.2540282640106    
 0.3524697265181     0.4912399884422     0.7213803093028     0.8411715611667    
 0.8904365298714     0.9210041181414     0.9425125207583     0.9562559071010    
 0.9631802654094     0.9690248640387     0.9736097430423     0.9772958791458    
 0.9805438268476     0.9832105054934     0.9853233541905     0.9871579625830    
 0.9885930970872     0.9897493242369     0.9907473562803     0.9914969786576    
 0.9921064235328     0.9926255838904     0.9929908355180     0.9932851430581    
 0.9935266842294     0.9936671096329     0.9937689942849     0.9938378440071    
 0.9938317923120     0.9937989532544     0.9937348622738     0.9936163666854    
 0.9934723406271     0.9932947197646     0.9930660177036     0.9928085338545    
 0.9925071878361     0.9921534453260     0.9917666118430     0.9913218716084    
 0.9908163087313     0.9902680652864     0.9896337562895     0.9889258475524    
 0.9881620766364     0.9872799576238     0.9862957802093     0.9852241241645    
 0.9840119568175     0.9826260211930     0.9810373559115     0.9794404200900    
 0.9774785064837     0.9749337311604     0.9730507885272     0.9703954276446    
 0.9657313759638     0.9643792934582     0.9616628082946     0.9510863450962    
 0.9544986609416     0.9574929388388     0.9239932148032     0.9511323634400    
  1.002973606406     0.8964484362816     0.8748975585250     0.7888609052210E-30
-0.3884814516870E-03-0.3716245558508E-03-0.3547676600145E-03-0.3379107641783E-03
-0.3210538683421E-03-0.3041969725058E-03-0.2873400766696E-03-0.2733698311130E-03
-0.2597191490352E-03-0.2460684669573E-03-0.2324177848794E-03-0.2187671028015E-03
-0.2058344854973E-03-0.1937344571632E-03-0.1816344288291E-03-0.1695344004950E-03
-0.1574343721609E-03-0.1460490541081E-03-0.1351087232180E-03-0.1241683923278E-03
-0.1132280614376E-03-0.1024070359982E-03-0.9186995551735E-04-0.8133287503650E-04
-0.7079579455564E-04-0.6023333508608E-04-0.4963917430867E-04-0.3904501353126E-04
-0.2844654381734E-04-0.1748143308031E-04-0.6516322343286E-05 0.4448788393741E-05
 0.1597414618453E-04 0.2752810408660E-04 0.3924600606142E-04 0.5153324855752E-04
 0.6382049105362E-04 0.7676380762964E-04 0.8987946894786E-04 0.1035438454879E-03
 0.1175382770536E-03 0.1321628080843E-03 0.1470674497036E-03 0.1628636034750E-03
 0.1790861397100E-03 0.1958839505015E-03 0.2134818264505E-03 0.2319025659486E-03
 0.2508360512951E-03 0.2705865888035E-03 0.2913568052952E-03 0.3127634951338E-03
 0.3352720838124E-03 0.3588599074492E-03 0.3831855316360E-03 0.4089309289498E-03
 0.4358023348440E-03 0.4635294576521E-03 0.4930801190733E-03 0.5237889674533E-03
 0.5554905475125E-03 0.5895211536653E-03 0.6247212803935E-03 0.6612858477932E-03
 0.7003941467292E-03 0.7408676148950E-03 0.7831861896234E-03 0.8282792438410E-03
 0.8749752563561E-03 0.9241429107046E-03 0.9763341203620E-03 0.1030421399846E-02
 0.1087805356779E-02 0.1148481275737E-02 0.1211419591165E-02 0.1278754068892E-02
 0.1349666666591E-02 0.1423305688072E-02 0.1502825895152E-02 0.1586221693948E-02
 0.1672939428501E-02 0.1767573881720E-02 0.1866377413901E-02 0.1970044871536E-02
 0.2082928296579E-02 0.2201007046642E-02 0.2326169521085E-02 0.2462163839909E-02
 0.2604717965377E-02 0.2757600446732E-02 0.2923343683699E-02 0.3097491347268E-02
 0.3286793010564E-02 0.3491525841651E-02 0.3707203570354E-02 0.3945357603572E-02
 0.4202226257067E-02 0.4473612617079E-02 0.4778851803209E-02 0.5107029899687E-02
 0.5454869919320E-02 0.5854751714000E-02 0.6283031025547E-02 0.6744440773440E-02
 0.7276281460540E-02 0.7849426846172E-02 0.8479268957560E-02 0.9207676213633E-02
 0.9998384991021E-02 0.1088895008673E-01 0.1192333787169E-01 0.1305536654509E-01
 0.1436904215740E-01 0.1589800509056E-01 0.1758669054656E-01 0.1962759198275E-01
 0.2204198856341E-01 0.2471318542651E-01 0.2803351330001E-01 0.3202234456112E-01
 0.3685993121578E-01 0.4276964492839E-01 0.5007203557839E-01 0.5916465264412E-01
 0.7053511885056E-01 0.8482745552483E-01 0.1027321454410     0.1250904442446    
 0.1530090005191     0.1900509358719     0.2365399697289     0.2980935062288    
 0.4198829949789     0.6161662425701     0.8181044764522     0.8690492799884    
 0.9073780498001     0.9365315426208     0.9502019644840     0.9602259601070    
 0.9671244475242     0.9716900860198     0.9758146629976     0.9794246682046    
 0.9821638468163     0.9845807133227     0.9865979906735     0.9881307962336    
 0.9894632700304     0.9905431903650     0.9913788471159     0.9920952434569    
 0.9926583686816     0.9930936321762     0.9934555852176     0.9937268816616    
 0.9939286139214     0.9940819451972     0.9941761960477     0.9942289986446    
 0.9942462741668     0.9942171384743     0.9941575699640     0.9940624964997    
 0.9939301954984     0.9937707211216     0.9935727330156     0.9933345461992    
 0.9930673682867     0.9927514053352     0.9923902594742     0.9919968087789    
 0.9915408582124     0.9910290342439     0.9904759774658     0.9898327196618    
 0.9891193346425     0.9883519523561     0.9874625569808     0.9864735658215    
 0.9853992068473     0.9841810970973     0.9827909658043     0.9812001427111    
 0.9795985711197     0.9776330408015     0.9750866096534     0.9732001653982    
 0.9705418042740     0.9658766355566     0.9645220200206     0.9618031299652    
 0.9512261049974     0.9546366976656     0.9576290713532     0.9241292864261    
 0.9512674859919      1.003107383551     0.8965827733238     0.8750316284262    
 0.7888609052210E-30-0.3950472403124E-03-0.3776085016787E-03-0.3601697630450E-03
-0.3427310244113E-03-0.3252922857776E-03-0.3078535471439E-03-0.2904148085102E-03
-0.2758896315815E-03-0.2616869973317E-03-0.2474843630818E-03-0.2332817288319E-03
-0.2190790945821E-03-0.2055876411932E-03-0.1929207949460E-03-0.1802539486988E-03
-0.1675871024516E-03-0.1549202562044E-03-0.1429558240210E-03-0.1314287232284E-03
-0.1199016224357E-03-0.1083745216430E-03-0.9695500736699E-04-0.8579154718424E-04
-0.7462808700149E-04-0.6346462681874E-04-0.5225369920882E-04-0.4098347926306E-04
-0.2971325931730E-04-0.1843804813696E-04-0.6738140200792E-05 0.4961767735372E-05
 0.1666167567154E-04 0.2898111729522E-04 0.4133218555983E-04 0.5386230750152E-04
 0.6701424218784E-04 0.8016617687416E-04 0.9402718353257E-04 0.1080744570013E-03
 0.1227144325210E-03 0.1377109213698E-03 0.1533835252682E-03 0.1693566959738E-03
 0.1862903145228E-03 0.2036799489887E-03 0.2216850848075E-03 0.2405533329440E-03
 0.2602993082354E-03 0.2805961286000E-03 0.3017732801796E-03 0.3240394404562E-03
 0.3469888070691E-03 0.3711265194391E-03 0.3964178295062E-03 0.4225007519813E-03
 0.4501176372180E-03 0.4789400647025E-03 0.5086805529604E-03 0.5403962036400E-03
 0.5733547471618E-03 0.6073786274054E-03 0.6439332052626E-03 0.6817466515351E-03
 0.7210287776254E-03 0.7630854137800E-03 0.8066191997980E-03 0.8521464909225E-03
 0.9007133027380E-03 0.9510249177547E-03 0.1004018899691E-02 0.1060341773627E-02
 0.1118742237649E-02 0.1180739109957E-02 0.1246380467825E-02 0.1314518795201E-02
 0.1387481712399E-02 0.1464430029927E-02 0.1544410738231E-02 0.1630889633349E-02
 0.1721713897891E-02 0.1816262764796E-02 0.1919625646718E-02 0.2027696630259E-02
 0.2141260399023E-02 0.2265172006660E-02 0.2394984816247E-02 0.2532859837101E-02
 0.2683011977902E-02 0.2840665523515E-02 0.3010174771799E-02 0.3194413663152E-02
 0.3388339438299E-02 0.3599825183024E-02 0.3829191002167E-02 0.4071289642565E-02
 0.4339711951293E-02 0.4630103757110E-02 0.4937571387619E-02 0.5285177686263E-02
 0.5660117027282E-02 0.6058484690337E-02 0.6519467961254E-02 0.7014884552943E-02
 0.7550473352199E-02 0.8172339049096E-02 0.8845278279545E-02 0.9588431577324E-02
 0.1045509122845E-01 0.1140064066952E-01 0.1247316681162E-01 0.1373120888387E-01
 0.1511654902271E-01 0.1674070012004E-01 0.1865305620481E-01 0.2078115792572E-01
 0.2339135956497E-01 0.2652161839794E-01 0.3000942913755E-01 0.3442476406975E-01
 0.3980370287603E-01 0.4641992561465E-01 0.5461485561313E-01 0.6486665023583E-01
 0.7774971928351E-01 0.9392846280772E-01 0.1141851588582     0.1393805142437    
 0.1707142238997     0.2107856691015     0.2654288247990     0.3663466403541    
 0.5109863990005     0.7404449122457     0.8460239606772     0.8934922881683    
 0.9241681200323     0.9443084926901     0.9573476153979     0.9641876827521    
 0.9697952341639     0.9743463433393     0.9779408648717     0.9811084032336    
 0.9837777945634     0.9858457012550     0.9876458482084     0.9890977775324    
 0.9902427801893     0.9912340444412     0.9920049581912     0.9926253643636    
 0.9931590520838     0.9935541858742     0.9938722437875     0.9941400821092    
 0.9943201203764     0.9944579414059     0.9945641130972     0.9946071220132    
 0.9946235410587     0.9946171687867     0.9945573047068     0.9944752584420    
 0.9943673329616     0.9942154209995     0.9940404888940     0.9938345894232    
 0.9935829435593     0.9933040300943     0.9929824789605     0.9926115051871    
 0.9922085075151     0.9917481861534     0.9912288727879     0.9906677535585    
 0.9900209047536     0.9893016845209     0.9885273923488     0.9876350226131    
 0.9866414632730     0.9855611699863     0.9843406406097     0.9829469694848    
 0.9813512996534     0.9797476087036     0.9777794097564     0.9752290674959    
 0.9733408579372     0.9706805968689     0.9660123474352     0.9646563650199    
 0.9619362747694     0.9513568913829     0.9547664910444     0.9577582754758    
 0.9242567842463     0.9513943474308      1.003234208441     0.8967087352512    
 0.8751574157618     0.7888609052210E-30-0.4020519060887E-03-0.3840031849750E-03
-0.3659544638612E-03-0.3479057427474E-03-0.3298570216337E-03-0.3118083005199E-03
-0.2937595794061E-03-0.2786608062451E-03-0.2638886038627E-03-0.2491164014803E-03
-0.2343441990979E-03-0.2195719967155E-03-0.2055063988619E-03-0.1922601019384E-03
-0.1790138050148E-03-0.1657675080913E-03-0.1525212111677E-03-0.1399677001055E-03
-0.1278455258001E-03-0.1157233514946E-03-0.1036011771892E-03-0.9157542093770E-04
-0.7977913802685E-04-0.6798285511600E-04-0.5618657220515E-04-0.4432158329094E-04
-0.3237077258968E-04-0.2041996188842E-04-0.8463480027522E-05 0.3975552404914E-05
 0.1641458483735E-04 0.2885361726979E-04 0.4197043203222E-04 0.5512184697671E-04
 0.6846760934034E-04 0.8248829614047E-04 0.9650898294059E-04 0.1112910815142E-03
 0.1262731960918E-03 0.1418930962260E-03 0.1578966276497E-03 0.1746215838192E-03
 0.1916672492122E-03 0.2097450983589E-03 0.2283079002971E-03 0.2475257091062E-03
 0.2676738843511E-03 0.2887524982045E-03 0.3104213731265E-03 0.3330377014769E-03
 0.3568106914138E-03 0.3813148107756E-03 0.4070993666337E-03 0.4341103610309E-03
 0.4619675798561E-03 0.4914810721630E-03 0.5222784070190E-03 0.5540563423796E-03
 0.5879726646772E-03 0.6232158013821E-03 0.6595962075788E-03 0.6987254814911E-03
 0.7392028155029E-03 0.7812528862975E-03 0.8263283324742E-03 0.8729952352746E-03
 0.9218050852886E-03 0.9739439409430E-03 0.1027975486195E-02 0.1084903717096E-02
 0.1145495921540E-02 0.1208358701293E-02 0.1275126091863E-02 0.1345926690567E-02
 0.1419478082337E-02 0.1498299882753E-02 0.1581558409368E-02 0.1668185596808E-02
 0.1761961267635E-02 0.1860605619027E-02 0.1963423125189E-02 0.2076013231876E-02
 0.2193915322162E-02 0.2318014726647E-02 0.2453688435766E-02 0.2596055108708E-02
 0.2747587283149E-02 0.2912986060618E-02 0.3086946371569E-02 0.3274497431614E-02
 0.3478865708963E-02 0.3694374417773E-02 0.3930200680812E-02 0.4186687787522E-02
 0.4457954131749E-02 0.4760001997795E-02 0.5087781124438E-02 0.5435602398580E-02
 0.5830944988239E-02 0.6258798884592E-02 0.6714519615255E-02 0.7245489279959E-02
 0.7818164858165E-02 0.8439497335458E-02 0.9166455241477E-02 0.9956548704336E-02
 0.1083357566764E-01 0.1186541250139E-01 0.1299721837733E-01 0.1429062328760E-01
 0.1582367453157E-01 0.1752297884400E-01 0.1953681371761E-01 0.2193730860919E-01
 0.2462983814347E-01 0.2798338927975E-01 0.3206221129846E-01 0.3663972785035E-01
 0.4254237658416E-01 0.4983134830067E-01 0.5891412575579E-01 0.7030043164179E-01
 0.8468332409138E-01 0.1028667034416     0.1257155195437     0.1542483969977    
 0.1899473946101     0.2379271010446     0.3071698566707     0.4168617953307    
 0.6462953039461     0.8221042755888     0.8713924019370     0.9089471706050    
 0.9383825576097     0.9518428864634     0.9611544624387     0.9677075803472    
 0.9722748480436     0.9763387236228     0.9799711202444     0.9826369142747    
 0.9850106880844     0.9870437716368     0.9885435309150     0.9898640348876    
 0.9909688402743     0.9918001021382     0.9925225401794     0.9931120287879    
 0.9935616237892     0.9939454968400     0.9942501903301     0.9944772479945    
 0.9946611728162     0.9947976434650     0.9948871211286     0.9949442938400    
 0.9949662545164     0.9949563339795     0.9949190866883     0.9948484632549    
 0.9947512307831     0.9946229544332     0.9944637247410     0.9942793162145    
 0.9940587486654     0.9938012535486     0.9935159175175     0.9931830461611    
 0.9928069196926     0.9923992789042     0.9919298454953     0.9914058277993    
 0.9908412335125     0.9901868962346     0.9894633717908     0.9886864672655    
 0.9877879055056     0.9867904585066     0.9857082527313     0.9844826123185    
 0.9830854898363     0.9814883049398     0.9798806275525     0.9779094152392    
 0.9753579460433     0.9734666988944     0.9708038681782     0.9661348835980    
 0.9647767284835     0.9620545689301     0.9514748984475     0.9548830067318    
 0.9578730930683     0.9243717105937     0.9515085292312      1.003347267821    
 0.8968225374995     0.8752710478692     0.7888609052210E-30-0.4032899336645E-03
-0.3847486851697E-03-0.3662074366749E-03-0.3476661881801E-03-0.3291249396853E-03
-0.3105836911905E-03-0.2920424426957E-03-0.2764009635279E-03-0.2610805001686E-03
-0.2457600368093E-03-0.2304395734500E-03-0.2151191100908E-03-0.2004684045065E-03
-0.1865942764073E-03-0.1727201483082E-03-0.1588460202090E-03-0.1449718921099E-03
-0.1317450615083E-03-0.1189212460645E-03-0.1060974306206E-03-0.9327361517679E-04
-0.8052012410387E-04-0.6793400384647E-04-0.5534788358907E-04-0.4276176333168E-04
-0.3006671636924E-04-0.1723560728668E-04-0.4404498204121E-05 0.8433460939126E-05
 0.2185428159715E-04 0.3527510225517E-04 0.4869592291320E-04 0.6288834097952E-04
 0.7712014840378E-04 0.9157069386880E-04 0.1067808668583E-03 0.1219910398479E-03
 0.1380420074589E-03 0.1543138442319E-03 0.1712935637706E-03 0.1886990784302E-03
 0.2068925065250E-03 0.2254362013766E-03 0.2451234864880E-03 0.2653370638766E-03
 0.2862624721368E-03 0.3082248674770E-03 0.3311905907191E-03 0.3548065709804E-03
 0.3794751772112E-03 0.4053953931601E-03 0.4321184944008E-03 0.4602662702292E-03
 0.4897426722564E-03 0.5201456480966E-03 0.5523970269787E-03 0.5860423126905E-03
 0.6207584095260E-03 0.6578699386250E-03 0.6964266904879E-03 0.7362222047197E-03
 0.7791109442619E-03 0.8234742217484E-03 0.8695577935034E-03 0.9190634080184E-03
 0.9703267735027E-03 0.1023946268170E-02 0.1081353013231E-02 0.1140872551586E-02
 0.1203596545149E-02 0.1270515150553E-02 0.1339997256840E-02 0.1413829754231E-02
 0.1492310878235E-02 0.1573934452778E-02 0.1661478195780E-02 0.1754172603266E-02
 0.1850761500615E-02 0.1955454292708E-02 0.2065842588948E-02 0.2181112745886E-02
 0.2307575788141E-02 0.2440303726816E-02 0.2580340711313E-02 0.2733785485312E-02
 0.2895163069192E-02 0.3067445443612E-02 0.3255993409056E-02 0.3454754563890E-02
 0.3669841289435E-02 0.3904929006910E-02 0.4153418018952E-02 0.4426577020952E-02
 0.4724687687912E-02 0.5040768691959E-02 0.5394693591195E-02 0.5780233400248E-02
 0.6190474389266E-02 0.6660017714217E-02 0.7170304052259E-02 0.7715512972950E-02
 0.8356375260118E-02 0.9050737470970E-02 0.9807516259455E-02 0.1070174021594E-01
 0.1167911947500E-01 0.1277122119580E-01 0.1407089201773E-01 0.1550645698991E-01
 0.1716286916784E-01 0.1915283710739E-01 0.2137725967032E-01 0.2404964188293E-01
 0.2728391589632E-01 0.3094640687511E-01 0.3559057787286E-01 0.4132684614111E-01
 0.4781284542376E-01 0.5633529621122E-01 0.6697338537824E-01 0.8031902894241E-01
 0.9708820170378E-01 0.1181800384022     0.1445345199074     0.1771075371910    
 0.2187660726766     0.2759601079466     0.3463798174284     0.6393510879405    
 0.7456517576852     0.8346363258159     0.9070470499572     0.9267810857149    
 0.9444255932973     0.9595867744399     0.9661973957024     0.9713369737387    
 0.9754960395991     0.9789217835443     0.9819312158004     0.9845838094659    
 0.9865348327775     0.9882565753392     0.9897108236928     0.9908036571622    
 0.9917616992158     0.9925522636556     0.9931583138320     0.9936838713388    
 0.9941038034469     0.9944304494685     0.9947094020009     0.9949226623221    
 0.9950821431661     0.9952099903820     0.9952953135873     0.9953458955133    
 0.9953718638985     0.9953630293905     0.9953287986784     0.9952727997912    
 0.9951817896666     0.9950677600685     0.9949268744179     0.9947530329212    
 0.9945559191808     0.9943259639634     0.9940573288723     0.9937617579067    
 0.9934214048078     0.9930364392327     0.9926202623830     0.9921446604274    
 0.9916134826755     0.9910416667845     0.9903821930745     0.9896528320239    
 0.9888698087026     0.9879669931860     0.9869648043177     0.9858774382906    
 0.9846483316453     0.9832474049757     0.9816460216108     0.9800354830336    
 0.9780612902253     0.9755064713423     0.9736129425441     0.9709478719375    
 0.9662763044998     0.9649164322231     0.9621927172366     0.9516111647231    
 0.9550180957249     0.9580072575459     0.9245046180577     0.9516407294831    
  1.003479078134     0.8969536416470     0.8754019162235     0.7888609052210E-30
-0.4063466459325E-03-0.3872447642102E-03-0.3681428824879E-03-0.3490410007656E-03
-0.3299391190433E-03-0.3108372373210E-03-0.2917353555987E-03-0.2755172172784E-03
-0.2596183206341E-03-0.2437194239897E-03-0.2278205273453E-03-0.2119216307010E-03
-0.1966661772923E-03-0.1821567899217E-03-0.1676474025512E-03-0.1531380151807E-03
-0.1386286278102E-03-0.1247335556085E-03-0.1112209633725E-03-0.9770837113648E-04
-0.8419577890050E-04-0.7073142754248E-04-0.5738188865959E-04-0.4403234977670E-04
-0.3068281089381E-04-0.1719023831656E-04-0.3519000023702E-05 0.1015223826915E-04
 0.2383139701952E-04 0.3818449576410E-04 0.5253759450868E-04 0.6689069325326E-04
 0.8209792322366E-04 0.9734875582962E-04 0.1128411608470E-03 0.1291724919708E-03
 0.1455038230947E-03 0.1627463137489E-03 0.1802281577920E-03 0.1984850513572E-03
 0.2172081411926E-03 0.2367774182518E-03 0.2567228676685E-03 0.2779215385322E-03
 0.2996818156632E-03 0.3222031724713E-03 0.3458708327503E-03 0.3706009052206E-03
 0.3960393483733E-03 0.4226370023924E-03 0.4505663212921E-03 0.4793665929445E-03
 0.5097383755584E-03 0.5415252904643E-03 0.5743129927023E-03 0.6091458129982E-03
 0.6454663487208E-03 0.6829383635873E-03 0.7230702624791E-03 0.7647492795487E-03
 0.8077543979135E-03 0.8542086157819E-03 0.9022475455079E-03 0.9521353057343E-03
 0.1005856805325E-02 0.1061488134273E-02 0.1119664024944E-02 0.1182104780606E-02
 0.1246868119604E-02 0.1315112553613E-02 0.1388107027288E-02 0.1463954099054E-02
 0.1544559791452E-02 0.1630461149847E-02 0.1719902923895E-02 0.1815872022711E-02
 0.1917746028476E-02 0.2024061933037E-02 0.2139393821054E-02 0.2261299446692E-02
 0.2388839704577E-02 0.2528959427913E-02 0.2676362593824E-02 0.2832263109406E-02
 0.3003403401976E-02 0.3183799910296E-02 0.3376974393553E-02 0.3588869671992E-02
 0.3812745867367E-02 0.4055920618730E-02 0.4322436906642E-02 0.4604792953775E-02
 0.4916606661763E-02 0.5257993653335E-02 0.5620839142920E-02 0.6029416122815E-02
 0.6476126267341E-02 0.6952729891219E-02 0.7502056532575E-02 0.8101534084156E-02
 0.8743998130214E-02 0.9505968163846E-02 0.1033540241544E-01 0.1124354492134E-01
 0.1232758795766E-01 0.1351941176957E-01 0.1486023141838E-01 0.1647507921757E-01
 0.1827192952402E-01 0.2036618304661E-01 0.2291803106577E-01 0.2579581962221E-01
 0.2930248213971E-01 0.3361311027716E-01 0.3854139143369E-01 0.4490151490194E-01
 0.5286664283226E-01 0.6193175951813E-01 0.7402900641294E-01 0.8921398785627E-01
 0.1082364981628     0.1319682422883     0.1615480825568     0.1985076766199    
 0.2473595480297     0.3132235878071     0.4423143991320     0.6974471640444    
 0.8458098141568     0.8661239608174     0.9086785092735     0.9435191519255    
 0.9514856072952     0.9612487549811     0.9708125266277     0.9748878155082    
 0.9782747741916     0.9811982140534     0.9837219045326     0.9859356060539    
 0.9878836027541     0.9893138414558     0.9905742422039     0.9916364986725    
 0.9924390969846     0.9931424439527     0.9937216098580     0.9941682152469    
 0.9945552319078     0.9948624032326     0.9951020427694     0.9953059463474    
 0.9954582618508     0.9955691448075     0.9956551723997     0.9957057750467    
 0.9957275255834     0.9957286197685     0.9956982285611     0.9956453228534    
 0.9955731190026     0.9954673123579     0.9953399839232     0.9951875467336    
 0.9950025978228     0.9947952480236     0.9945563916991     0.9942789554370    
 0.9939750934694     0.9936275563660     0.9932353953475     0.9928123143424    
 0.9923307906302     0.9917936552007     0.9912160298382     0.9905516495972    
 0.9898173498993     0.9890294378618     0.9881225736761     0.9871163172682    
 0.9860248675269     0.9847924639059     0.9833882329198     0.9817835366744    
 0.9801703197093     0.9781935011628     0.9756360561821     0.9737404130264    
 0.9710733238226     0.9663997439001     0.9650383025959     0.9623131496339    
 0.9517301525275     0.9551359762870     0.9581241841402     0.9246206090578    
 0.9517559997440      1.003593775534     0.8970679293071     0.8755159779756    
 0.7888609052210E-30-0.4089810145114E-03-0.3893026887740E-03-0.3696243630366E-03
-0.3499460372992E-03-0.3302677115618E-03-0.3105893858244E-03-0.2909110600870E-03
-0.2740999539792E-03-0.2576062603012E-03-0.2411125666232E-03-0.2246188729451E-03
-0.2081251792671E-03-0.1922450046668E-03-0.1770761993412E-03-0.1619073940155E-03
-0.1467385886899E-03-0.1315697833642E-03-0.1169814327347E-03-0.1027544801361E-03
-0.8852752753744E-04-0.7430057493879E-04-0.6009698294852E-04-0.4594898881180E-04
-0.3180099467508E-04-0.1765300053837E-04-0.3327442873783E-05 0.1121991228341E-04
 0.2576726744061E-04 0.4032374885031E-04 0.5565676956364E-04 0.7098979027698E-04
 0.8632281099031E-04 0.1025921203923E-03 0.1189092264949E-03 0.1354940385308E-03
 0.1530085324577E-03 0.1705230263845E-03 0.1890165342956E-03 0.2077672203483E-03
 0.2273722741664E-03 0.2474912345856E-03 0.2685087268569E-03 0.2899256612798E-03
 0.3127319891363E-03 0.3361279253489E-03 0.3603263205902E-03 0.3858186547522E-03
 0.4124082828172E-03 0.4397745850541E-03 0.4684395112176E-03 0.4984933769304E-03
 0.5294931726535E-03 0.5622571288616E-03 0.5964978092450E-03 0.6318138252386E-03
 0.6694344168819E-03 0.7086100693001E-03 0.7490084302043E-03 0.7924163371297E-03
 0.8374460546245E-03 0.8838658954644E-03 0.9342056899618E-03 0.9862135003916E-03
 0.1040167329409E-02 0.1098499033754E-02 0.1158878524865E-02 0.1221950758093E-02
 0.1289917424248E-02 0.1360422302076E-02 0.1434635888152E-02 0.1514328608593E-02
 0.1597198472802E-02 0.1685179681878E-02 0.1779301300754E-02 0.1877439099291E-02
 0.1982655995338E-02 0.2094756207411E-02 0.2211982460744E-02 0.2339096339019E-02
 0.2473915304048E-02 0.2615338629153E-02 0.2770732702275E-02 0.2934713273363E-02
 0.3108711425410E-02 0.3299874660865E-02 0.3501943246497E-02 0.3719171714627E-02
 0.3957815651131E-02 0.4210603636074E-02 0.4486454856576E-02 0.4789465215353E-02
 0.5111277772644E-02 0.5468605186702E-02 0.5860991211805E-02 0.6279095391254E-02
 0.6752950592604E-02 0.7272959860546E-02 0.7829311831606E-02 0.8475620740641E-02
 0.9184078130315E-02 0.9945805646252E-02 0.1085826841547E-01 0.1185667416584E-01
 0.1295534672754E-01 0.1428174379854E-01 0.1574973344836E-01 0.1741390795637E-01
 0.1944510679698E-01 0.2172407273829E-01 0.2441036833829E-01 0.2773508924319E-01
 0.3152090072857E-01 0.3620525551064E-01 0.4205687028250E-01 0.4881054303239E-01
 0.5767223246419E-01 0.6888388795492E-01 0.8170038177354E-01 0.9895750252474E-01
 0.1205492354524     0.1473143399474     0.1804700762841     0.2229078117211    
 0.2812778311509     0.3513552870374     0.6649735797024     0.7470078023887    
 0.8493613693836     0.9354690295737     0.9175828749791     0.9393340815339    
 0.9632264308963     0.9648921557813     0.9709759871067     0.9782228520202    
 0.9810665859255     0.9834306665735     0.9854767571834     0.9873043667643    
 0.9889180943701     0.9903484945687     0.9913937434918     0.9923178535667    
 0.9931006349853     0.9936906835351     0.9942093856167     0.9946396310651    
 0.9949701969543     0.9952567190356     0.9954849205506     0.9956606444542    
 0.9958088712535     0.9959179186498     0.9959920886272     0.9960455832792    
 0.9960706195534     0.9960696353462     0.9960500989224     0.9960030895118    
 0.9959347751114     0.9958481992914     0.9957304532098     0.9955917333437    
 0.9954285440624     0.9952342251994     0.9950178961877     0.9947705015490    
 0.9944853980942     0.9941741814380     0.9938196364127     0.9934210764810    
 0.9929918675402     0.9925045101421     0.9919619944169     0.9913792398197    
 0.9907100028926     0.9899711898572     0.9891790008614     0.9882681211530    
 0.9872581091987     0.9861631267480     0.9849274404083     0.9835201223983    
 0.9819125674396     0.9802967004442     0.9783173941176     0.9757576931326    
 0.9738599632902     0.9711909220624     0.9665156238408     0.9651526484420    
 0.9624260806543     0.9518418820809     0.9552466343507     0.9582338681224    
 0.9247295369823     0.9518642882230      1.003701533015     0.8971755825656    
 0.8756234578824     0.7888609052210E-30-0.4111551555303E-03-0.3908807275399E-03
-0.3706062995494E-03-0.3503318715590E-03-0.3300574435685E-03-0.3097830155781E-03
-0.2895085875876E-03-0.2720842451863E-03-0.2549754184093E-03-0.2378665916323E-03
-0.2207577648553E-03-0.2036489380783E-03-0.1871194180038E-03-0.1712615982947E-03
-0.1554037785855E-03-0.1395459588764E-03-0.1236881391672E-03-0.1083758820214E-03
-0.9340329864747E-04-0.7843071527356E-04-0.6345813189965E-04-0.4848068970208E-04
-0.3349168358624E-04-0.1850267747039E-04-0.3513671354539E-05 0.1168796673283E-04
 0.2715520687653E-04 0.4262244702024E-04 0.5810018130022E-04 0.7447084608658E-04
 0.9084151087293E-04 0.1072121756593E-03 0.1246010512286E-03 0.1420419055482E-03
 0.1597805396572E-03 0.1785532953283E-03 0.1973260509993E-03 0.2171430070533E-03
 0.2372342651279E-03 0.2582736401383E-03 0.2798833123575E-03 0.3024372438519E-03
 0.3254109456143E-03 0.3499415644671E-03 0.3750814642802E-03 0.4010563030823E-03
 0.4285179266923E-03 0.4570837217242E-03 0.4865067229168E-03 0.5174067314804E-03
 0.5497266484968E-03 0.5830759205006E-03 0.6184364673429E-03 0.6553065631104E-03
 0.6933273432805E-03 0.7339868791803E-03 0.7762382623160E-03 0.8197729615199E-03
 0.8667685992721E-03 0.9154293199570E-03 0.9655172545841E-03 0.1020133712376E-02
 0.1076470448434E-02 0.1134814175801E-02 0.1198239191407E-02 0.1263834162582E-02
 0.1332223557567E-02 0.1406320628417E-02 0.1483179788642E-02 0.1563918691657E-02
 0.1651077049128E-02 0.1741781316929E-02 0.1837885831375E-02 0.1941217756694E-02
 0.2049137856017E-02 0.2164625908012E-02 0.2288252797053E-02 0.2417859436117E-02
 0.2558181797592E-02 0.2707656719866E-02 0.2864976694253E-02 0.3037672755064E-02
 0.3220617908749E-02 0.3415520337452E-02 0.3629639804498E-02 0.3856731496030E-02
 0.4102016474960E-02 0.4371727827494E-02 0.4658261255902E-02 0.4972651747644E-02
 0.5318651294967E-02 0.5687108692046E-02 0.6098816532733E-02 0.6552230674199E-02
 0.7036661836750E-02 0.7589737880034E-02 0.8199057834973E-02 0.8852901498563E-02
 0.9619200328558E-02 0.1046331598204E-01 0.1137413176995E-01 0.1247739874261E-01
 0.1369170745954E-01 0.1503556487809E-01 0.1667865959324E-01 0.1851107404802E-01
 0.2060650178000E-01 0.2320254936851E-01 0.2614279438669E-01 0.2965268458946E-01
 0.3407117220516E-01 0.3915491361097E-01 0.4554757023750E-01 0.5365688412523E-01
 0.6309375957229E-01 0.7563595029054E-01 0.9154441625343E-01 0.1097339817059    
 0.1341940572518     0.1644785363280     0.2019077882262     0.2533794623073    
 0.3188613460420     0.4456431545936     0.7208137253928     0.8638367597539    
 0.8606329713377     0.9192554175164     0.9716832438057     0.9399003228017    
 0.9556705782240     0.9748264659006     0.9737526475143     0.9779857406345    
 0.9838573523439     0.9857683659450     0.9873488547761     0.9887176534203    
 0.9900251055970     0.9911909165482     0.9922353207345     0.9929958065043    
 0.9936705264193     0.9942451861702     0.9946788826839     0.9950615605659    
 0.9953814037356     0.9956266340931     0.9958390746962     0.9960082617755    
 0.9961362689219     0.9962426786413     0.9963182768700     0.9963641209955    
 0.9963924090421     0.9963968709073     0.9963775970081     0.9963414171414    
 0.9962803838958     0.9961991055960     0.9961004743926     0.9959722538287    
 0.9958235942148     0.9956510890425     0.9954483654540     0.9952240042346    
 0.9949690519280     0.9946769893341     0.9943590988731     0.9939982771921    
 0.9935938669745     0.9931590448181     0.9926664380688     0.9921189875879    
 0.9915315014755     0.9908578818437     0.9901149228750     0.9893187642124    
 0.9884042542507     0.9873907903285     0.9862925087260     0.9850538508861    
 0.9836436960995     0.9820334615417     0.9804151864725     0.9784335958328    
 0.9758717723486     0.9739721406030     0.9713013109221     0.9666243892663    
 0.9652600142602     0.9625321573174     0.9519468139358     0.9553505843472    
 0.9583369372711     0.9248318825192     0.9519660554824      1.003802844791    
 0.8972768223824     0.8757245499703     0.7888609052210E-30-0.4126700672516E-03
-0.3917869728485E-03-0.3709038784455E-03-0.3500207840424E-03-0.3291376896394E-03
-0.3082545952363E-03-0.2873715008333E-03-0.2693138659936E-03-0.2515690205810E-03
-0.2338241751683E-03-0.2160793297557E-03-0.1983344843430E-03-0.1811318522285E-03
-0.1645579110455E-03-0.1479839698625E-03-0.1314100286795E-03-0.1148360874965E-03
-0.9876671478611E-04-0.8301149243685E-04-0.6725627008758E-04-0.5150104773832E-04
-0.3571098887469E-04-0.1983801969500E-04-0.3965050515312E-05 0.1190791866438E-04
 0.2803370493570E-04 0.4447528915095E-04 0.6091687336620E-04 0.7737038318739E-04
 0.9483862514903E-04 0.1123068671107E-03 0.1297751090723E-03 0.1483568669523E-03
 0.1669954688244E-03 0.1859628232702E-03 0.2060718607210E-03 0.2261808981717E-03
 0.2474135106396E-03 0.2689412761284E-03 0.2915112258151E-03 0.3147080546521E-03
 0.3389114395420E-03 0.3635622887198E-03 0.3899313506747E-03 0.4169439417642E-03
 0.4448418553447E-03 0.4744009369933E-03 0.5051095106968E-03 0.5367573063204E-03
 0.5700481045144E-03 0.6048326330041E-03 0.6407376742991E-03 0.6788840279832E-03
 0.7186219318154E-03 0.7596035292349E-03 0.8035349854666E-03 0.8491507082691E-03
 0.8961426367545E-03 0.9470170341529E-03 0.9996617662463E-03 0.1053823928078E-02
 0.1113086164269E-02 0.1174188682617E-02 0.1237438196816E-02 0.1306435229985E-02
 0.1377793472102E-02 0.1452163312673E-02 0.1533019931202E-02 0.1616930465531E-02
 0.1705058628515E-02 0.1800520332916E-02 0.1899960715678E-02 0.2005329818226E-02
 0.2119002123524E-02 0.2237892096283E-02 0.2365182522244E-02 0.2501881182630E-02
 0.2645463245661E-02 0.2801084382245E-02 0.2967358264294E-02 0.3142763071026E-02
 0.3335671341993E-02 0.3540600887990E-02 0.3759555254853E-02 0.4000699233287E-02
 0.4257147818381E-02 0.4535125159255E-02 0.4841747967762E-02 0.5168383226520E-02
 0.5528327897946E-02 0.5925980910346E-02 0.6350658254556E-02 0.6827708363829E-02
 0.7355481499492E-02 0.7921152075182E-02 0.8571268950951E-02 0.9291337009750E-02
 0.1006688960485E-01 0.1098362276290E-01 0.1199975474296E-01 0.1310108571332E-01
 0.1445052937369E-01 0.1594647484120E-01 0.1761333908369E-01 0.1967946237447E-01
 0.2200429972830E-01 0.2468984504324E-01 0.2807188594510E-01 0.3194293409358E-01
 0.3662931853410E-01 0.4263483940047E-01 0.4961767305018E-01 0.5853907955191E-01
 0.6999215155605E-01 0.8338260658378E-01 0.1012401525687     0.1237235474478    
 0.1493049409834     0.1837012063964     0.2275391373887     0.2868796295673    
 0.3544954311824     0.6724475885807     0.7391432195097     0.8627766287716    
 0.9509474926476     0.9104738440359     0.9472183084515     0.9894721299995    
 0.9526767625896     0.9658662543843     0.9827935649841     0.9801281792016    
 0.9831630491413     0.9880613112533     0.9892742718814     0.9902716847726    
 0.9911393345992     0.9920664356791     0.9929053977564     0.9936688121173    
 0.9942232463262     0.9947178260712     0.9951425756082     0.9954639024311    
 0.9957488395263     0.9959893427523     0.9961725904426     0.9963309288441    
 0.9964566440652     0.9965490944832     0.9966240584272     0.9966739989275    
 0.9966977639274     0.9967061501538     0.9966939376825     0.9966596131906    
 0.9966095537157     0.9965365145987     0.9964440269579     0.9963348691537    
 0.9961973128241     0.9960397471831     0.9958588373456     0.9956484489477    
 0.9954167415969     0.9951548543965     0.9948563598482     0.9945322941987    
 0.9941656693047     0.9937558187604     0.9933157715337     0.9928182943497    
 0.9922662460802     0.9916743443212     0.9909966443563     0.9902498168578    
 0.9894499483462     0.9885320441795     0.9875153513303     0.9864139824676    
 0.9851725425482     0.9837597307406     0.9821469850635     0.9805264557767    
 0.9785427252359     0.9759789105033     0.9740774975824     0.9714049925127    
 0.9667265475486     0.9653608606720     0.9626317958072     0.9520453795604    
 0.9554482285523     0.9584337553424     0.9249280283276     0.9520616698921    
  1.003898044966     0.8973719578094     0.8758195561573     0.7888609052210E-30
-0.4137647665611E-03-0.3922670061873E-03-0.3707692458136E-03-0.3492714854398E-03
-0.3277737250660E-03-0.3062759646923E-03-0.2847782043185E-03-0.2660575334854E-03
-0.2476442973285E-03-0.2292310611716E-03-0.2108178250148E-03-0.1924045888579E-03
-0.1745091320022E-03-0.1572140351013E-03-0.1399189382005E-03-0.1226238412996E-03
-0.1053287443987E-03-0.8847361423093E-04-0.7189241260914E-04-0.5531121098734E-04
-0.3873000936555E-04-0.2209456333569E-04-0.5330016530432E-05 0.1143453027483E-04
 0.2819907708009E-04 0.4528003089444E-04 0.6275621385358E-04 0.8023239681272E-04
 0.9772134728657E-04 0.1162966666707E-03 0.1348719860547E-03 0.1534473054388E-03
 0.1733024694842E-03 0.1932229684555E-03 0.2134860127745E-03 0.2349386392696E-03
 0.2563912657648E-03 0.2791348052628E-03 0.3022174559612E-03 0.3263595998790E-03
 0.3511390344126E-03 0.3771079246643E-03 0.4036055872127E-03 0.4317826997712E-03
 0.4607566608226E-03 0.4908054710619E-03 0.5223534520179E-03 0.5554435562484E-03
 0.5894969587138E-03 0.6250869135955E-03 0.6626058676637E-03 0.7013311205523E-03
 0.7421483703217E-03 0.7850467014148E-03 0.8293685038462E-03 0.8764323109595E-03
 0.9257245735897E-03 0.9767098914046E-03 0.1031298455059E-02 0.1088254605399E-02
 0.1147240115755E-02 0.1210960362594E-02 0.1277165501053E-02 0.1346269679736E-02
 0.1420722503495E-02 0.1498183213286E-02 0.1579743388050E-02 0.1667368865900E-02
 0.1758664621645E-02 0.1855737242300E-02 0.1959717248339E-02 0.2068215652790E-02
 0.2184867999902E-02 0.2309420356234E-02 0.2439588546667E-02 0.2581332691000E-02
 0.2732145689998E-02 0.2890009153597E-02 0.3064461782434E-02 0.3249349862020E-02
 0.3443182613678E-02 0.3661093842280E-02 0.3891011341722E-02 0.4134936157144E-02
 0.4409304532746E-02 0.4699957920738E-02 0.5012608187200E-02 0.5364449585579E-02
 0.5738947780702E-02 0.6148391032715E-02 0.6609332485625E-02 0.7102717846459E-02
 0.7652751366147E-02 0.8272101536303E-02 0.8939463836600E-02 0.9701452151523E-02
 0.1055949612278E-01 0.1149131118344E-01 0.1258796189458E-01 0.1382262219117E-01
 0.1517557641813E-01 0.1683237476125E-01 0.1869652662368E-01 0.2080259092531E-01
 0.2342479657115E-01 0.2641799950536E-01 0.2993597925509E-01 0.3440679262400E-01
 0.3959400063307E-01 0.4600330101108E-01 0.5430359580327E-01 0.6404645921008E-01
 0.7670689025144E-01 0.9294261692959E-01 0.1117969454805     0.1363139727750    
 0.1669688225861     0.2019228226797     0.2560522616774     0.3247372305095    
 0.4904927741088     0.7057654611322     0.8603337539724     0.8477932005843    
 0.9301586923374     0.9860162537475     0.9320213618219     0.9618778129833    
  1.000434229155     0.9612921424926     0.9729476779535     0.9885014903337    
 0.9847857050140     0.9869981159702     0.9912073524969     0.9919079832092    
 0.9924756421133     0.9929726887777     0.9936196771287     0.9942186464083    
 0.9947764564840     0.9951806515453     0.9955440303738     0.9958597902637    
 0.9960988728162     0.9963121642960     0.9964944137044     0.9966317940335    
 0.9967498077050     0.9968426019292     0.9969078145302     0.9969584814346    
 0.9969882443073     0.9969943898592     0.9969867136958     0.9969607493273    
 0.9969138870830     0.9968521627390     0.9967688272642     0.9966666729428    
 0.9965483881816     0.9964026161058     0.9962371991217     0.9960488630778    
 0.9958316324297     0.9955933628419     0.9953252835642     0.9950210096080    
 0.9946913884066     0.9943195428174     0.9939047860691     0.9934600195371    
 0.9929581315519     0.9924019175995     0.9918060135083     0.9911246104628    
 0.9903742692528     0.9895710296119     0.9886500450353     0.9876304159869    
 0.9865262345340     0.9852822647072     0.9838670335041     0.9822519973618    
 0.9806294129399     0.9786437305588     0.9760780978805     0.9741750586970    
 0.9715010238981     0.9668211879893     0.9654543037695     0.9627241365573    
 0.9521367410143     0.9555387490708     0.9585235222972     0.9250171840486    
 0.9521503449500      1.003986347289     0.8974602032517     0.8759076874610    
 0.7888609052210E-30-0.4136751167704E-03-0.3915665971768E-03-0.3694580775832E-03
-0.3473495579896E-03-0.3252410383960E-03-0.3031325188024E-03-0.2810239992088E-03
-0.2616312890812E-03-0.2425392296859E-03-0.2234471702906E-03-0.2043551108952E-03
-0.1852630514999E-03-0.1666585090888E-03-0.1486192377769E-03-0.1305799664650E-03
-0.1125406951531E-03-0.9450142384114E-04-0.7682941832705E-04-0.5938607688786E-04
-0.4194273544867E-04-0.2449939400948E-04-0.6979154846671E-05 0.1072409960013E-04
 0.2842735404693E-04 0.4613060849373E-04 0.6421980909467E-04 0.8279110131828E-04
 0.1013623935419E-03 0.1199474130535E-03 0.1397004671652E-03 0.1594535212769E-03
 0.1792065753886E-03 0.2004206589280E-03 0.2217093267136E-03 0.2433563024548E-03
 0.2662476003286E-03 0.2891388982024E-03 0.3135038591216E-03 0.3382559380286E-03
 0.3640881316777E-03 0.3905700198944E-03 0.4184423917302E-03 0.4469329027752E-03
 0.4770611677083E-03 0.5081567606854E-03 0.5405376546798E-03 0.5742343278298E-03
 0.6099151017194E-03 0.6465851886100E-03 0.6846695521773E-03 0.7251742950538E-03
 0.7669813230580E-03 0.8107089221783E-03 0.8570713720263E-03 0.9050604358649E-03
 0.9555551304279E-03 0.1008893771356E-02 0.1064284140234E-02 0.1122965646781E-02
 0.1184688591465E-02 0.1249018483124E-02 0.1317686527315E-02 0.1389562862262E-02
 0.1465182203092E-02 0.1545738147270E-02 0.1630023811992E-02 0.1719618815804E-02
 0.1814879878364E-02 0.1914499001754E-02 0.2021605828885E-02 0.2135277835846E-02
 0.2254084369258E-02 0.2383440811012E-02 0.2520478392925E-02 0.2663640841696E-02
 0.2821713937795E-02 0.2988856096817E-02 0.3163434583485E-02 0.3359231029981E-02
 0.3565815560103E-02 0.3781647019048E-02 0.4027992437237E-02 0.4287227175638E-02
 0.4561499454286E-02 0.4873942932313E-02 0.5204952044763E-02 0.5560576679040E-02
 0.5964809767408E-02 0.6396050162442E-02 0.6868171720805E-02 0.7403578990495E-02
 0.7978798444101E-02 0.8623439466095E-02 0.9352836048463E-02 0.1014201458340E-01
 0.1105281359878E-01 0.1208137064544E-01 0.1320204936276E-01 0.1454500289347E-01
 0.1605959154426E-01 0.1772129601224E-01 0.1981257390773E-01 0.2216947463682E-01
 0.2483626867177E-01 0.2826579719325E-01 0.3219805446079E-01 0.3683297979048E-01
 0.4292495229386E-01 0.5004715168183E-01 0.5889129680726E-01 0.7062222215774E-01
 0.8446507480558E-01 0.1024609048863     0.1247621850098     0.1507143628462    
 0.1862220446652     0.2299658777219     0.2805928428210     0.3654467782288    
 0.6955468581568     0.7658622312645     0.8435284503360     0.9446376504680    
 0.8939270277148     0.9568214077755      1.003232964250     0.9444762762160    
 0.9715111683689      1.008082992230     0.9674689148619     0.9780910920293    
 0.9927086435075     0.9882576070483     0.9898827164797     0.9935924762042    
 0.9939150114746     0.9941653963315     0.9943888399569     0.9948301169057    
 0.9952532100762     0.9956607171512     0.9959548339483     0.9962220445256    
 0.9964578645130     0.9966361640374     0.9967961524639     0.9969345125289    
 0.9970368979858     0.9971238625388     0.9971908469429     0.9972343164169    
 0.9972653370550     0.9972783765034     0.9972696884225     0.9972483237758    
 0.9972103497560     0.9971524203111     0.9970803063791     0.9969876442890    
 0.9968766753747     0.9967500148968     0.9965966402126     0.9964239284914    
 0.9962286568936     0.9960050276099     0.9957606017195     0.9954866822833    
 0.9951769651920     0.9948421060383     0.9944653217392     0.9940459281742    
 0.9935967019511     0.9930906428005     0.9925304896194     0.9919308000340    
 0.9912458900779     0.9904922211894     0.9896857885627     0.9887618830725    
 0.9877394721549     0.9866326280138     0.9853862566693     0.9839687313814    
 0.9823515264928     0.9807269902756     0.9787394555131     0.9761721005885    
 0.9742675165551     0.9715920286833     0.9669108736291     0.9655428503223    
 0.9628116344537     0.9522233116313     0.9556245197645     0.9586085749575    
 0.9251016577551     0.9522343621737      1.004070009628     0.8975438113482    
 0.8759911870915     0.7888609052210E-30-0.4105587263281E-03-0.3876680855060E-03
-0.3647774446839E-03-0.3418868038618E-03-0.3189961630397E-03-0.2961055222176E-03
-0.2732148813954E-03-0.2534326467593E-03-0.2339945248481E-03-0.2145564029369E-03
-0.1951182810258E-03-0.1756801591146E-03-0.1563805770357E-03-0.1372416305158E-03
-0.1181026839959E-03-0.9896373747592E-04-0.7982479095598E-04-0.6141234845968E-04
-0.4345223605089E-04-0.2549212364211E-04-0.7532011233325E-05 0.1079072446460E-04
 0.2997649746874E-04 0.4916227047288E-04 0.6834804347702E-04 0.8755648705674E-04
 0.1067932488214E-03 0.1260300105860E-03 0.1452956261487E-03 0.1670163686340E-03
 0.1887371111192E-03 0.2104578536045E-03 0.2324877729167E-03 0.2545334754296E-03
 0.2773489160488E-03 0.3028374822490E-03 0.3283260484492E-03 0.3537936704340E-03
 0.3792557905623E-03 0.4075135150664E-03 0.4374528099679E-03 0.4666489386364E-03
 0.4955146929077E-03 0.5302411736691E-03 0.5637838203001E-03 0.5961243067533E-03
 0.6365765626639E-03 0.6726473899038E-03 0.7110196326354E-03 0.7563624628616E-03
 0.7976269625158E-03 0.8405578832854E-03 0.8931218716781E-03 0.9410490295820E-03
 0.9892842191322E-03 0.1050548057266E-02 0.1106662985609E-02 0.1161017342933E-02
 0.1232861671461E-02 0.1299125321126E-02 0.1360605531766E-02 0.1445427615496E-02
 0.1524361435328E-02 0.1596425613945E-02 0.1695100381217E-02 0.1789986848312E-02
 0.1875263956636E-02 0.1990781127299E-02 0.2105949557792E-02 0.2207962388305E-02
 0.2344225380232E-02 0.2485461558417E-02 0.2609024862721E-02 0.2771232650307E-02
 0.2946376954951E-02 0.3098207810948E-02 0.3293436293570E-02 0.3513274840549E-02
 0.3702951960134E-02 0.3941061816238E-02 0.4220685446503E-02 0.4462201399177E-02
 0.4757297955332E-02 0.5114905215550E-02 0.5432592819950E-02 0.5805455327585E-02
 0.6271920301171E-02 0.6698869254547E-02 0.7181159360400E-02 0.7804132703960E-02
 0.8392208669567E-02 0.9034114347150E-02 0.9890349775942E-02 0.1072426444449E-01
 0.1160916496061E-01 0.1282904949677E-01 0.1405448005095E-01 0.1532885724281E-01
 0.1714899895172E-01 0.1903287281118E-01 0.2097137422825E-01 0.2385638995784E-01
 0.2692500145282E-01 0.3020780800744E-01 0.3502254100451E-01 0.4039205541008E-01
 0.4644496321026E-01 0.5522818425912E-01 0.6538015697547E-01 0.7749487461469E-01
 0.9457611286457E-01 0.1142090879085     0.1373813316551     0.1691337004303    
 0.2069853574739     0.2574094610351     0.3238968674788     0.4556194742928    
 0.7149182776379     0.8754110095923     0.8703031257118     0.9082494367592    
 0.9781185391985     0.9145740692903     0.9710163929569      1.013955198429    
 0.9529481485465     0.9783275488431      1.013612097046     0.9720004154319    
 0.9818975462499     0.9958537739269     0.9908754834121     0.9920755780789    
 0.9954215550593     0.9954671654311     0.9954855003829     0.9955090484521    
 0.9957997195792     0.9960942010321     0.9963919484785     0.9966050710873    
 0.9968012245371     0.9969775806345     0.9971100484228     0.9972294509394    
 0.9973338007962     0.9974085222475     0.9974706451670     0.9975165421014    
 0.9975418302079     0.9975561926222     0.9975547448911     0.9975329594686    
 0.9974993603429     0.9974505002073     0.9973824024756     0.9973006470915    
 0.9971992818481     0.9970800248666     0.9969454321097     0.9967848458302    
 0.9966051888801     0.9964032828141     0.9961735356406     0.9959232159010    
 0.9956436922033     0.9953287596210     0.9949888777797     0.9946073455588    
 0.9941835011394     0.9937299928344     0.9932199171087     0.9926559775724    
 0.9920526506706     0.9913643603515     0.9906074911618     0.9897979914667    
 0.9888712672347     0.9878461782412     0.9867367765951     0.9854880859352    
 0.9840683493033     0.9824490590373     0.9808226374999     0.9788333157268    
 0.9762643044127     0.9743582276036     0.9716813360372     0.9669989107874    
 0.9656297854441     0.9628975545373     0.9523083385128     0.9557087712832    
 0.9586921288560     0.9251846535648     0.9523169126549      1.004152209165    
 0.8976259468590     0.8760732142234     0.7888609052210E-30-0.4132194135110E-03
-0.3899157221601E-03-0.3666120308091E-03-0.3433083394582E-03-0.3200046481072E-03
-0.2967009567563E-03-0.2733972654054E-03-0.2524574795417E-03-0.2317793872631E-03
-0.2111012949846E-03-0.1904232027060E-03-0.1697451104275E-03-0.1496472716001E-03
-0.1302222308838E-03-0.1107971901674E-03-0.9137214945104E-04-0.7194710873468E-04
-0.5251980799900E-04-0.3309110014827E-04-0.1366239229754E-04 0.5766315553190E-05
 0.2519336736232E-04 0.4461647782038E-04 0.6403958827845E-04 0.8346269873652E-04
 0.1036333067841E-03 0.1247376262367E-03 0.1458419456893E-03 0.1669553034012E-03
 0.1888377132023E-03 0.2107201230034E-03 0.2326025328045E-03 0.2569800575977E-03
 0.2814849557808E-03 0.3061961015270E-03 0.3316234982062E-03 0.3570508948854E-03
 0.3851454045406E-03 0.4139405407139E-03 0.4430707193632E-03 0.4724024277835E-03
 0.5046609437587E-03 0.5382205714353E-03 0.5713435783147E-03 0.6068975289273E-03
 0.6454649703242E-03 0.6816849085503E-03 0.7240755455015E-03 0.7669089193286E-03
 0.8082140743750E-03 0.8563542071750E-03 0.9058893884382E-03 0.9532397534917E-03
 0.1008201583268E-02 0.1065977062960E-02 0.1120621814530E-02 0.1183638213316E-02
 0.1251524629449E-02 0.1315063899643E-02 0.1387687949066E-02 0.1468098952114E-02
 0.1542594350472E-02 0.1626779077101E-02 0.1722268020048E-02 0.1810981827469E-02
 0.1909224750302E-02 0.2023617609195E-02 0.2130403134853E-02 0.2245959568983E-02
 0.2384362638044E-02 0.2514419679070E-02 0.2651618811332E-02 0.2820970942419E-02
 0.2981430041459E-02 0.3146153641226E-02 0.3356070517762E-02 0.3556880448959E-02
 0.3757304892376E-02 0.4021405572491E-02 0.4276716747292E-02 0.4524494060396E-02
 0.4862553653066E-02 0.5192941670292E-02 0.5514379516167E-02 0.5946718155600E-02
 0.6382891148483E-02 0.6810412334412E-02 0.7376147745043E-02 0.7965405623883E-02
 0.8551046873358E-02 0.9312432053834E-02 0.1013052543161E-01 0.1096190220271E-01
 0.1202318644882E-01 0.1319745682743E-01 0.1443115488481E-01 0.1597812875002E-01
 0.1773584577593E-01 0.1967291217154E-01 0.2206206874921E-01 0.2483873119724E-01
 0.2810797303188E-01 0.3207948900036E-01 0.3687032479166E-01 0.4279608514878E-01
 0.4999576887508E-01 0.5908240671661E-01 0.7068694371548E-01 0.8470438474226E-01
 0.1031208101766     0.1249769487350     0.1509229546984     0.1870621388878    
 0.2304385925559     0.2889872276968     0.4132917577682     0.5779741012506    
 0.7815627039336     0.8530650597560     0.9588376525666     0.9137552259553    
 0.9340797336221     0.9946787309100     0.9265060913853     0.9802441607195    
  1.021299441432     0.9588886350944     0.9831710588769      1.017573902969    
 0.9752617475247     0.9846373876639     0.9981165087718     0.9927560808234    
 0.9936480757137     0.9967304703458     0.9965763632857     0.9964282686166    
 0.9963092127965     0.9964935302287     0.9966977239084     0.9969189543715    
 0.9970760913553     0.9972231456879     0.9973584369275     0.9974593649520    
 0.9975508719016     0.9976318868935     0.9976875289992     0.9977324744717    
 0.9977637323367     0.9977762907459     0.9977789299577     0.9977672046341    
 0.9977360394305     0.9976936232556     0.9976368464454     0.9975612982738    
 0.9974724368028     0.9973646009498     0.9972391509975     0.9970986032460    
 0.9969325669121     0.9967476425206     0.9965406820619     0.9963062522187    
 0.9960514080280     0.9957675634660     0.9954485951485     0.9951048177741    
 0.9947195888306     0.9942922714759     0.9938354154395     0.9933221855423    
 0.9927552691303     0.9921490786477     0.9914581144788     0.9906987120828    
 0.9898867826084     0.9889578148986     0.9879305935731     0.9868191548628    
 0.9855686079794     0.9841471013336     0.9825261416316     0.9808982049791    
 0.9789074468388     0.9763371045781     0.9744298242929     0.9717518006388    
 0.9670683517785     0.9656983407737     0.9629652947294     0.9523753606975    
 0.9557751706798     0.9587579685301     0.9252500476196     0.9523819589304    
  1.004216990260     0.8976907201614     0.8761379091058     0.7888609052210E-30
-0.4116820908864E-03-0.3872160180858E-03-0.3627499452851E-03-0.3382838724845E-03
-0.3138177996838E-03-0.2893517268832E-03-0.2648856540826E-03-0.2437049148189E-03
-0.2228878748302E-03-0.2020708348415E-03-0.1812537948528E-03-0.1604367548641E-03
-0.1395667653509E-03-0.1186353813900E-03-0.9770399742912E-04-0.7677261346824E-04
-0.5584122950737E-04-0.3571202097641E-04-0.1608225645488E-04 0.3547508066652E-05
 0.2317727258818E-04 0.4333653298518E-04 0.6475598462663E-04 0.8617543626808E-04
 0.1075948879095E-03 0.1289701507631E-03 0.1502902166824E-03 0.1716102826018E-03
 0.1929679307083E-03 0.2175233914337E-03 0.2420788521592E-03 0.2666343128847E-03
 0.2912342596777E-03 0.3158364774448E-03 0.3414333127432E-03 0.3704842287794E-03
 0.3995351448157E-03 0.4281349585424E-03 0.4566162717618E-03 0.4887722285132E-03
 0.5231385022312E-03 0.5560360604411E-03 0.5882807014715E-03 0.6284370379763E-03
 0.6666041550395E-03 0.7026637425651E-03 0.7500136180106E-03 0.7904381891154E-03
 0.8338985949113E-03 0.8870227078108E-03 0.9334982320983E-03 0.9820058572966E-03
 0.1043935740810E-02 0.1098319032236E-02 0.1152670323985E-02 0.1225292842611E-02
 0.1289533894075E-02 0.1350593727422E-02 0.1436339947100E-02 0.1512983594235E-02
 0.1581825036334E-02 0.1683837259260E-02 0.1776210136996E-02 0.1857337112010E-02
 0.1976554099527E-02 0.2089059980139E-02 0.2185749421370E-02 0.2326060750351E-02
 0.2464608050111E-02 0.2581340966413E-02 0.2747897888040E-02 0.2920524684675E-02
 0.3063560392675E-02 0.3263336411529E-02 0.3481143706373E-02 0.3659424481527E-02
 0.3902091426430E-02 0.4180669754553E-02 0.4407288408186E-02 0.4706627409890E-02
 0.5068298138513E-02 0.5362963375685E-02 0.5739219346420E-02 0.6210664506311E-02
 0.6610027209142E-02 0.7094006252765E-02 0.7722982435927E-02 0.8278015327913E-02
 0.8918578466866E-02 0.9781834189707E-02 0.1057632697216E-01 0.1145490996020E-01
 0.1268255657397E-01 0.1386163416939E-01 0.1512226182321E-01 0.1695013906525E-01
 0.1878200442996E-01 0.2069769690830E-01 0.2358940383013E-01 0.2660856382818E-01
 0.2973696932015E-01 0.3468722461802E-01 0.4004129760499E-01 0.4586649122924E-01
 0.5491230043824E-01 0.6518255636738E-01 0.7698251163744E-01 0.9465179681592E-01
 0.1145758029208     0.1371718416021     0.1703390659423     0.2092042910645    
 0.2564916664680     0.3525036565144     0.4901196372469     0.7374529531806    
 0.8280721799048     0.8543218384279     0.9181861861755     0.9928061476234    
 0.9345289943655     0.9484287450196      1.005549806912     0.9350938354712    
 0.9871621374009      1.026934160266     0.9635270047282     0.9870093345404    
  1.020755558320     0.9779129831869     0.9868876485001     0.9999997523028    
 0.9943450949547     0.9949990129587     0.9978770855188     0.9975670461657    
 0.9972883735174     0.9970568842971     0.9971563459277     0.9972876511404    
 0.9974462508522     0.9975564590707     0.9976617990295     0.9977614593520    
 0.9978340573872     0.9979000472999     0.9979590725219     0.9979960992459    
 0.9980239578083     0.9980401873928     0.9980393454033     0.9980294567919    
 0.9980064843481     0.9979649187248     0.9979126392693     0.9978468837312    
 0.9977628488296     0.9976658648533     0.9975505872067     0.9974180137057    
 0.9972706151866     0.9970982972352     0.9969073109787     0.9966945450328    
 0.9964547407051     0.9961947113146     0.9959059269414     0.9955823538151    
 0.9952341375214     0.9948447058637     0.9944134477909     0.9939527978787    
 0.9934360015833     0.9928657244031     0.9922563046036     0.9915623314502    
 0.9908000814513     0.9899854230703     0.9890539404444     0.9880243305383    
 0.9869106115349     0.9856579892085     0.9842345054863     0.9826116834690    
 0.9809820568888     0.9789896973896     0.9764178724952     0.9745092526060    
 0.9718299691883     0.9671453816928     0.9657743806317     0.9630404223238    
 0.9524496867589     0.9558487993156     0.9588309692128     0.9253225479623    
 0.9524540606763      1.004288778900     0.8977624585137     0.8762095505096    
 0.7888609052210E-30-0.4079216660926E-03-0.3835991825857E-03-0.3592766990788E-03
-0.3349542155720E-03-0.3106317320651E-03-0.2863092485582E-03-0.2619867650513E-03
-0.2392173949317E-03-0.2166199605400E-03-0.1940225261482E-03-0.1714250917565E-03
-0.1488276573647E-03-0.1271278689337E-03-0.1064688920747E-03-0.8580991521582E-04
-0.6515093835690E-04-0.4449196149799E-04-0.2305487300627E-04-0.1133322912812E-05
 0.2078822718065E-04 0.4270977727411E-04 0.6435760312347E-04 0.8535396989299E-04
 0.1063503366625E-03 0.1273467034320E-03 0.1498437533717E-03 0.1742153310839E-03
 0.1985869087960E-03 0.2229521618509E-03 0.2467792591848E-03 0.2706063565188E-03
 0.2944334538528E-03 0.3229641093731E-03 0.3517348773343E-03 0.3802567357957E-03
 0.4079141881094E-03 0.4355716404232E-03 0.4685297572821E-03 0.5028803108986E-03
 0.5355069748070E-03 0.5670967101978E-03 0.6051017466444E-03 0.6459587038663E-03
 0.6809854068722E-03 0.7217988596690E-03 0.7695666794262E-03 0.8059199529017E-03
 0.8580522999819E-03 0.9091510464316E-03 0.9514691158970E-03 0.1010573765158E-02
 0.1071052524221E-02 0.1119325069501E-02 0.1186333944981E-02 0.1258625730523E-02
 0.1314173603136E-02 0.1390327613065E-02 0.1477477494533E-02 0.1542031804593E-02
 0.1628895591661E-02 0.1734881787595E-02 0.1810731319268E-02 0.1910275703955E-02
 0.2037464083822E-02 0.2130533986515E-02 0.2245297795286E-02 0.2399320984069E-02
 0.2515116330056E-02 0.2648456841692E-02 0.2836912639003E-02 0.2983037750858E-02
 0.3139519703941E-02 0.3372855146577E-02 0.3559975906398E-02 0.3745989511934E-02
 0.4038882993563E-02 0.4282220992610E-02 0.4506988910595E-02 0.4880581975201E-02
 0.5202307924523E-02 0.5479576346459E-02 0.5965219484107E-02 0.6398432357232E-02
 0.6770476588414E-02 0.7395255016866E-02 0.7990898977536E-02 0.8506229896784E-02
 0.9332862524996E-02 0.1017240594169E-01 0.1091364793336E-01 0.1204720576915E-01
 0.1326736444962E-01 0.1438387676821E-01 0.1601214018028E-01 0.1785654208722E-01
 0.1963875859858E-01 0.2212392530866E-01 0.2505896309278E-01 0.2812032727504E-01
 0.3221980813239E-01 0.3720910328267E-01 0.4294832757095E-01 0.5036004383290E-01
 0.5972300073079E-01 0.7123734356697E-01 0.8566683781474E-01 0.1044737228626    
 0.1263684686324     0.1531422027937     0.1896304450861     0.2339840970589    
 0.2983678543210     0.4216532195334     0.6142698152902     0.8142425538620    
 0.8851977365847     0.8967289074998     0.9035505650998     0.9441545997442    
  1.008761207108     0.9461227828332     0.9575564104645      1.012906884965    
 0.9410806567223     0.9920658931290      1.030968400705     0.9668644758847    
 0.9897748136996      1.023045794345     0.9798176260537     0.9884993093500    
  1.001343994757     0.9954768738711     0.9959602639147     0.9986929027889    
 0.9982729390702     0.9979027409763     0.9975928938406     0.9976340160177    
 0.9977153719493     0.9978312139560     0.9979097007772     0.9979868783752    
 0.9980625285462     0.9981160568825     0.9981648364505     0.9982089675672    
 0.9982333134538     0.9982494760960     0.9982553203958     0.9982451267501    
 0.9982264379320     0.9981954698186     0.9981464379677     0.9980870289605    
 0.9980147013964     0.9979244084022     0.9978213991770     0.9977005359045    
 0.9975625870188     0.9974099933217     0.9972328641014     0.9970372165779    
 0.9968199643672     0.9965759774188     0.9963118993653     0.9960192401754    
 0.9956920363526     0.9953403105483     0.9949475421810     0.9945131434802    
 0.9940494629642     0.9935298067306     0.9929568265093     0.9923448039579    
 0.9916483961173     0.9908838366209     0.9900669608118     0.9891334266687    
 0.9881018642294     0.9869862775363     0.9857319515956     0.9843068423823    
 0.9826824860176     0.9810514630534     0.9790577796702     0.9764847284965    
 0.9745749971645     0.9718946674655     0.9672091333236     0.9658373119315    
 0.9631025980467     0.9525111964372     0.9559097303204     0.9588913796528    
 0.9253825438621     0.9525137324229      1.004348202832     0.8978218727886    
 0.8762688911047     0.7888609052210E-30-0.4073710193423E-03-0.3813128640852E-03
-0.3552547088282E-03-0.3291965535711E-03-0.3031383983140E-03-0.2770802430570E-03
-0.2510220877999E-03-0.2284242164229E-03-0.2062094120082E-03-0.1839946075935E-03
-0.1617798031788E-03-0.1395649987641E-03-0.1170420081226E-03-0.9416167861351E-04
-0.7128134910441E-04-0.4840101959530E-04-0.2552069008620E-04-0.3530970873065E-05
 0.1790424372617E-04 0.3933945832540E-04 0.6077467292463E-04 0.8295437686547E-04
 0.1069059528706E-03 0.1308575288756E-03 0.1548091048807E-03 0.1786283820118E-03
 0.2022824024662E-03 0.2259364229206E-03 0.2496391613005E-03 0.2774872357805E-03
 0.3053353102605E-03 0.3331833847405E-03 0.3607287853201E-03 0.3882587346676E-03
 0.4170700475192E-03 0.4503312447317E-03 0.4835924419442E-03 0.5158500200261E-03
 0.5478439564161E-03 0.5846310952948E-03 0.6243013701003E-03 0.6615869004986E-03
 0.6978122932573E-03 0.7445394701051E-03 0.7882768540763E-03 0.8287812115243E-03
 0.8845386639907E-03 0.9302529354380E-03 0.9799177781198E-03 0.1042579980132E-02
 0.1095488970107E-02 0.1150897682856E-02 0.1224392016894E-02 0.1286867511024E-02
 0.1348934328690E-02 0.1435688367801E-02 0.1510254716893E-02 0.1579990800593E-02
 0.1683171374735E-02 0.1773164408711E-02 0.1851853836832E-02 0.1975611046394E-02
 0.2085452061411E-02 0.2179057516126E-02 0.2324578210646E-02 0.2460203512201E-02
 0.2573074153037E-02 0.2745615268921E-02 0.2915108099735E-02 0.3053331640261E-02
 0.3260003157790E-02 0.3474537073070E-02 0.3646831003845E-02 0.3897489095548E-02
 0.4172771520173E-02 0.4391930938049E-02 0.4700620107513E-02 0.5059164440273E-02
 0.5344497595660E-02 0.5731863677199E-02 0.6206686552583E-02 0.6588288259375E-02
 0.7085790794280E-02 0.7718510961983E-02 0.8253313270774E-02 0.8910958930452E-02
 0.9778209666067E-02 0.1055015944635E-01 0.1145155850301E-01 0.1268320518599E-01
 0.1383847013356E-01 0.1513215035797E-01 0.1696359657395E-01 0.1877397119525E-01
 0.2074317131755E-01 0.2363742003790E-01 0.2664830726963E-01 0.2987576959205E-01
 0.3482734416730E-01 0.4021764032763E-01 0.4598398356088E-01 0.5530117466056E-01
 0.6573087052641E-01 0.7745848861944E-01 0.9567218964833E-01 0.1158681618043    
 0.1383709567055     0.1726116102778     0.2122837268900     0.2593747840673    
 0.3635136896787     0.5107549958641     0.7446231221955     0.8452978699926    
 0.8887049588891     0.9427237380286     0.9347958568450     0.9214583994318    
 0.9563819499699      1.018632830762     0.9542094030986     0.9641459741214    
  1.018303120832     0.9455282771351     0.9957465992433      1.034021227163    
 0.9694075029607     0.9918957665630      1.024815282658     0.9813015575848    
 0.9897653101362      1.002411647800     0.9963882768578     0.9967463069007    
 0.9993719577085     0.9988705425378     0.9984320617399     0.9980633735626    
 0.9980601890370     0.9981032362883     0.9981859107769     0.9982391215560    
 0.9982935682203     0.9983494567505     0.9983868006678     0.9984207539181    
 0.9984517547162     0.9984646327610     0.9984700811978     0.9984662268705    
 0.9984471652487     0.9984200590317     0.9983813447917     0.9983250372350    
 0.9982586528755     0.9981798519859     0.9980833852349     0.9979744244842    
 0.9978480296977     0.9977047577006     0.9975470195227     0.9973651239002    
 0.9971648615941     0.9969431714906     0.9966950487030     0.9964269701851    
 0.9961304868568     0.9957997010685     0.9954445145522     0.9950484592220    
 0.9946109669462     0.9941443020889     0.9936218322389     0.9930461928175    
 0.9924316101374     0.9917328095980     0.9909659802069     0.9901469249525    
 0.9892113757264     0.9881778949828     0.9870604729383     0.9858044737817    
 0.9843777676666     0.9827519034333     0.9811195085117     0.9791245241306    
 0.9765502673730     0.9746394434945     0.9719580851318     0.9672716198198    
 0.9658989905122     0.9631635322087     0.9525714745813     0.9559694384001    
 0.9589505748037     0.9254413302218     0.9525721974763      1.004406420237    
 0.8978800702966     0.8763270137644     0.7888609052210E-30-0.3986054189500E-03
-0.3730047846718E-03-0.3474041503935E-03-0.3218035161152E-03-0.2962028818369E-03
-0.2706022475586E-03-0.2450016132803E-03-0.2205554002701E-03-0.1962369862104E-03
-0.1719185721508E-03-0.1476001580911E-03-0.1232817440314E-03-0.9989245065098E-04
-0.7758046346605E-04-0.5526847628113E-04-0.3295648909620E-04-0.1064450191128E-04
 0.1285317514185E-04 0.3708907687705E-04 0.6132497861224E-04 0.8556088034743E-04
 0.1094901096431E-03 0.1326894637099E-03 0.1558888177767E-03 0.1790881718436E-03
 0.2041775052016E-03 0.2316276424527E-03 0.2590777797039E-03 0.2865190690990E-03
 0.3132075075254E-03 0.3398959459518E-03 0.3665843843782E-03 0.3990682987395E-03
 0.4318480669665E-03 0.4642785017240E-03 0.4954957807004E-03 0.5267130596767E-03
 0.5644599403129E-03 0.6039220884000E-03 0.6410983030650E-03 0.6768995170303E-03
 0.7206490035648E-03 0.7679318930481E-03 0.8076945344869E-03 0.8546646168700E-03
 0.9102845518037E-03 0.9513725445932E-03 0.1012208234507E-02 0.1071652928425E-02
 0.1119889277984E-02 0.1189141113659E-02 0.1260028566206E-02 0.1315352588875E-02
 0.1394191363663E-02 0.1479606188429E-02 0.1543708782894E-02 0.1633746966720E-02
 0.1737601982338E-02 0.1812742059248E-02 0.1916055222705E-02 0.2043516746059E-02
 0.2132742852143E-02 0.2252009577117E-02 0.2406323690794E-02 0.2517429466009E-02
 0.2656190043148E-02 0.2844959415161E-02 0.2985423215187E-02 0.3148486288867E-02
 0.3382159098628E-02 0.3562499875726E-02 0.3756588774853E-02 0.4049836780073E-02
 0.4285112557287E-02 0.4519920288979E-02 0.4893863660989E-02 0.5206078153170E-02
 0.5496043410636E-02 0.5981984450238E-02 0.6404100913075E-02 0.6771510595829E-02
 0.7417499821099E-02 0.8000445843205E-02 0.8509841461618E-02 0.9364153591843E-02
 0.1018972448775E-01 0.1092332054052E-01 0.1209423512228E-01 0.1330040805960E-01
 0.1440700926229E-01 0.1608829179177E-01 0.1792250892430E-01 0.1969182674015E-01
 0.2225806136940E-01 0.2519759464030E-01 0.2824225156307E-01 0.3247907583842E-01
 0.3751764357332E-01 0.4323587767859E-01 0.5091022342356E-01 0.6026123628827E-01
 0.7193093646580E-01 0.8688577953726E-01 0.1056732893183     0.1278258523857    
 0.1556309681451     0.1920314944400     0.2372364388800     0.3072815861861    
 0.4296153825185     0.6345736769207     0.8237460438266     0.8776741543409    
 0.9093439272092     0.9334721774980     0.9705313234015     0.9519664398506    
 0.9320733268777     0.9642303475248      1.025445917924     0.9599962481034    
 0.9689592702826      1.022290389703     0.9488380582872     0.9984992693418    
  1.036313743486     0.9713257751960     0.9935042363222      1.026166303802    
 0.9824439343070     0.9907479930467      1.003249536262     0.9971133817015    
 0.9973810674965     0.9999296167897     0.9993690833424     0.9988807231690    
 0.9984687755648     0.9984324792384     0.9984465961739     0.9985039244766    
 0.9985372738190     0.9985736330057     0.9986135036777     0.9986373607291    
 0.9986587974608     0.9986784968307     0.9986812992001     0.9986772364717    
 0.9986646396827     0.9986374939842     0.9986026654540     0.9985567763942    
 0.9984936954832     0.9984207957077     0.9983359167028     0.9982336430772    
 0.9981190768368     0.9979874588757     0.9978391597658     0.9976765625282    
 0.9974901596997     0.9972855345963     0.9970596501723     0.9968076149325    
 0.9965357522846     0.9962356525592     0.9959014761543     0.9955430136002    
 0.9951438476706     0.9947034255708     0.9942339339119     0.9937087998925    
 0.9931306406570     0.9925136313307     0.9918125636996     0.9910435821587    
 0.9902224596439     0.9892849997661     0.9882496990480     0.9871305347526    
 0.9858729477147     0.9844447253607     0.9828174284713     0.9811837305090    
 0.9791875098454     0.9766121063358     0.9747002431624     0.9720179062493    
 0.9673305551024     0.9659571565549     0.9632209891635     0.9526283063597    
 0.9560257273430     0.9590063754394     0.9254967411773     0.9526273023846    
  1.004461289277     0.8979349183702     0.8763817902779     0.7888609052210E-30
-0.3957053534852E-03-0.3680741842264E-03-0.3404430149677E-03-0.3128118457090E-03
-0.2851806764503E-03-0.2575495071916E-03-0.2299183379329E-03-0.2058959554615E-03
-0.1822730798053E-03-0.1586502041491E-03-0.1350273284929E-03-0.1114044528367E-03
-0.8715122794102E-04-0.6216711936554E-04-0.3718301079006E-04-0.1219890221458E-04
 0.1278520636090E-04 0.3679387460622E-04 0.6019522204456E-04 0.8359656948290E-04
 0.1069979169212E-03 0.1314077610336E-03 0.1582178102044E-03 0.1850278593751E-03
 0.2118379085459E-03 0.2384194138892E-03 0.2647154414178E-03 0.2910114689464E-03
 0.3173697553615E-03 0.3490255581873E-03 0.3806813610130E-03 0.4123371638387E-03
 0.4432950174070E-03 0.4742172412895E-03 0.5067689120348E-03 0.5449792815708E-03
 0.5831896511068E-03 0.6197558746605E-03 0.6558901958968E-03 0.6981742347993E-03
 0.7441573604785E-03 0.7866810112368E-03 0.8276667531250E-03 0.8822898938680E-03
 0.9327408553730E-03 0.9786332068484E-03 0.1044566757140E-02 0.1096755416124E-02
 0.1154020026221E-02 0.1228328436403E-02 0.1289210866163E-02 0.1353194613189E-02
 0.1440942064857E-02 0.1513566956375E-02 0.1585385280102E-02 0.1689733739135E-02
 0.1777401595648E-02 0.1858327691880E-02 0.1983457183627E-02 0.2090585131668E-02
 0.2182283185101E-02 0.2333754089699E-02 0.2466280582629E-02 0.2576705261947E-02
 0.2756265003046E-02 0.2922284476435E-02 0.3057421513248E-02 0.3272410481780E-02
 0.3483126284209E-02 0.3651560763566E-02 0.3912147556155E-02 0.4183331318011E-02
 0.4397685997524E-02 0.4718353614501E-02 0.5072646711298E-02 0.5352003877759E-02
 0.5754040899056E-02 0.6224709972913E-02 0.6598864766239E-02 0.7114723428166E-02
 0.7752042548896E-02 0.8269364061548E-02 0.8950682510607E-02 0.9823330718805E-02
 0.1057618988545E-01 0.1150946419445E-01 0.1274737460342E-01 0.1388333083884E-01
 0.1522264982419E-01 0.1706124352239E-01 0.1885617801516E-01 0.2089655889917E-01
 0.2379875362610E-01 0.2680945657084E-01 0.3016086116727E-01 0.3512088253771E-01
 0.4055712816938E-01 0.4656726505161E-01 0.5589241498137E-01 0.6648813684016E-01
 0.7817292035239E-01 0.9693098491906E-01 0.1173886147478     0.1398290707156    
 0.1751046987520     0.2154951507728     0.2623579648927     0.3725357460076    
 0.5281719148967     0.7601878788709     0.8512614980060     0.8967317938918    
 0.9311333571189     0.9450482502204     0.9537891866632     0.9841518884569    
 0.9612263686369     0.9386340612777     0.9704379642295      1.030718176930    
 0.9643639991560     0.9725707382530      1.025289189728     0.9513369462025    
  1.000586099288      1.038060109509     0.9727961393261     0.9947465397158    
  1.027219465929     0.9833439582565     0.9915300899418      1.003925041798    
 0.9977066807887     0.9979084384101      1.000400588181     0.9997962714541    
 0.9992706126674     0.9988260142954     0.9987642063439     0.9987557623354    
 0.9987930588493     0.9988102710368     0.9988317583981     0.9988582334620    
 0.9988705209990     0.9988811054512     0.9988908566378     0.9988846446662    
 0.9988720076582     0.9988514447008     0.9988168707357     0.9987749139375    
 0.9987223587037     0.9986529616526     0.9985739723011     0.9984833941841    
 0.9983756693480     0.9982558361387     0.9981193028447     0.9979662707616    
 0.9977990968594     0.9976084442130     0.9973997047189     0.9971698639026    
 0.9969141349675     0.9966386987981     0.9963351828030     0.9959978006764    
 0.9956362399542     0.9952341317185     0.9947909366764     0.9943187688548    
 0.9937911119083     0.9932105649193     0.9925912553045     0.9918880380173    
 0.9911170147995     0.9902939304377     0.9893546568275     0.9883176276790    
 0.9871968080694     0.9859377119686     0.9845080480900     0.9828793884706    
 0.9812444508780     0.9792470536235     0.9766705579733     0.9747577044811    
 0.9720744348810     0.9673862390642     0.9660121064694     0.9632752621825    
 0.9526819823666     0.9560788850935     0.9590590670190     0.9255490605443    
 0.9526793294681      1.004513091039     0.8979866988786     0.8764335021530    
 0.7888609052210E-30-0.3827556631697E-03-0.3558999673152E-03-0.3290442714606E-03
-0.3021885756061E-03-0.2753328797515E-03-0.2484771838970E-03-0.2216214880424E-03
-0.1954241115462E-03-0.1692996135784E-03-0.1431751156106E-03-0.1170506176428E-03
-0.9092611967498E-04-0.6575219831940E-04-0.4168046110044E-04-0.1760872388147E-04
 0.6463013337495E-05 0.3053475055646E-04 0.5627833190084E-04 0.8306282337782E-04
 0.1098473148548E-03 0.1366318063318E-03 0.1630804980187E-03 0.1887299918742E-03
 0.2143794857297E-03 0.2400289795852E-03 0.2680269843698E-03 0.2989585523795E-03
 0.3298901203892E-03 0.3608103215393E-03 0.3907633334524E-03 0.4207163453655E-03
 0.4506693572786E-03 0.4877019906188E-03 0.5250960323041E-03 0.5620345550663E-03
 0.5973911640893E-03 0.6327477731124E-03 0.6760779392599E-03 0.7215026869326E-03
 0.7640269687707E-03 0.8048066055051E-03 0.8553312662575E-03 0.9101880754486E-03
 0.9556361412252E-03 0.1009954356067E-02 0.1074910899183E-02 0.1121796798827E-02
 0.1193074002937E-02 0.1262586582577E-02 0.1318150496244E-02 0.1399711637270E-02
 0.1483267434949E-02 0.1547474860781E-02 0.1640852983140E-02 0.1742386054161E-02
 0.1817465195756E-02 0.1924825021523E-02 0.2049394901441E-02 0.2138380299878E-02
 0.2262569812518E-02 0.2416934280191E-02 0.2524007209687E-02 0.2668796705093E-02
 0.2857588860729E-02 0.2993068904117E-02 0.3163576444364E-02 0.3397236261220E-02
 0.3571493692612E-02 0.3774866628499E-02 0.4068050425371E-02 0.4295973967663E-02
 0.4542501202693E-02 0.4916301001432E-02 0.5219717393049E-02 0.5524703565242E-02
 0.6010371859122E-02 0.6422094661433E-02 0.6809139540446E-02 0.7454640526653E-02
 0.8025564350082E-02 0.8532564891131E-02 0.9414768754570E-02 0.1022700117991E-01
 0.1095760026082E-01 0.1216668880096E-01 0.1335946287306E-01 0.1446233520174E-01
 0.1619839812101E-01 0.1802297912337E-01 0.1978769329834E-01 0.2243814855849E-01
 0.2538267859995E-01 0.2842171682728E-01 0.3280083930116E-01 0.3788889764774E-01
 0.4360034180267E-01 0.5154375754615E-01 0.6106082742800E-01 0.7272196005603E-01
 0.8820741611525E-01 0.1069708636869     0.1293894903106     0.1582261286837    
 0.1945504474311     0.2405120874481     0.3161782947182     0.4380868334242    
 0.6522650431335     0.8280125699833     0.8795443768071     0.9138094756833    
 0.9402002130912     0.9576097868853     0.9615770682696     0.9641823200220    
 0.9921553458012     0.9679233001499     0.9446272422896     0.9750446353194    
  1.034569007405     0.9676033398202     0.9752797833229      1.027549436525    
 0.9532268430701      1.002171120346      1.039394432034     0.9739284838270    
 0.9957123853389      1.028047570512     0.9840607391115     0.9921601238076    
  1.004476835962     0.9981987665494     0.9983524984273      1.000803396701    
  1.000166529222     0.9996127881772     0.9991433138286     0.9990615915805    
 0.9990352943953     0.9990565044069     0.9990603681638     0.9990694136832    
 0.9990845045921     0.9990867445512     0.9990878173843     0.9990887362758    
 0.9990744185923     0.9990540244156     0.9990261912736     0.9989847964649    
 0.9989362720756     0.9988775440842     0.9988022843504     0.9987176335250    
 0.9986217426223     0.9985089317308     0.9983841809197     0.9982430509874    
 0.9980855918472     0.9979141362431     0.9977195024388     0.9975069080488    
 0.9972733596423     0.9970141650237     0.9967353753451     0.9964286530654    
 0.9960882593962     0.9957237874209     0.9953189139163     0.9948731100534    
 0.9943984234683     0.9938683915007     0.9932855948827     0.9926641171339    
 0.9919588734222     0.9911859242516     0.9903609883663     0.9894200028466    
 0.9883813413274     0.9872589575230     0.9859984353115     0.9845674084271    
 0.9829374594244     0.9813013488688     0.9793028377607     0.9767253073091    
 0.9748115154586     0.9721273617958     0.9674383646274     0.9660635356794    
 0.9633260491416     0.9527322024173     0.9561286133555     0.9591083530422    
 0.9255979932264     0.9527279851318      1.004561533480     0.8980351212299    
 0.8764818594123     0.7888609052210E-30-0.3777023937645E-03-0.3484603472846E-03
-0.3192183008047E-03-0.2899762543248E-03-0.2607342078449E-03-0.2314921613651E-03
-0.2022501148852E-03-0.1767585018391E-03-0.1516820764460E-03-0.1266056510529E-03
-0.1015292256598E-03-0.7645280026671E-04-0.5036345134751E-04-0.2309962766457E-04
 0.4164196018369E-05 0.3142801970131E-04 0.5869184338424E-04 0.8489802056434E-04
 0.1104456943919E-03 0.1359933682194E-03 0.1615410420470E-03 0.1884090955123E-03
 0.2184196302245E-03 0.2484301649366E-03 0.2784406996488E-03 0.3081226311427E-03
 0.3373940990084E-03 0.3666655668741E-03 0.3960152718515E-03 0.4320220567415E-03
 0.4680288416315E-03 0.5040356265215E-03 0.5389188447991E-03 0.5737447060055E-03
 0.6106111585822E-03 0.6545641214244E-03 0.6985170842667E-03 0.7401191248888E-03
 0.7811035994518E-03 0.8298393718943E-03 0.8832375898416E-03 0.9319676952262E-03
 0.9786225921236E-03 0.1042609782615E-02 0.1101079244614E-02 0.1153489314612E-02
 0.1231570715536E-02 0.1291660657172E-02 0.1358183975973E-02 0.1446542535833E-02
 0.1517281397351E-02 0.1591889628070E-02 0.1697015454467E-02 0.1782338480151E-02
 0.1866480378835E-02 0.1992532925202E-02 0.2096790072326E-02 0.2192188390709E-02
 0.2344746258525E-02 0.2473837477107E-02 0.2582814424917E-02 0.2769421980434E-02
 0.2931401549518E-02 0.3064648467762E-02 0.3288161345968E-02 0.3494192884466E-02
 0.3660218818101E-02 0.3931187082457E-02 0.4197014307363E-02 0.4408343240032E-02
 0.4741785281114E-02 0.5090055974786E-02 0.5365642402010E-02 0.5783624678837E-02
 0.6247694663048E-02 0.6617168294399E-02 0.7153324793375E-02 0.7783748991149E-02
 0.8295264067315E-02 0.9003131386068E-02 0.9879300627037E-02 0.1061496580405E-01
 0.1158430776238E-01 0.1282627263224E-01 0.1394498231271E-01 0.1533600226616E-01
 0.1717915268160E-01 0.1896092987168E-01 0.2108123021953E-01 0.2398831490094E-01
 0.2700139731288E-01 0.3048931846713E-01 0.3545403769858E-01 0.4093905422807E-01
 0.4721096593823E-01 0.5653896330230E-01 0.6730351600475E-01 0.7951141266014E-01
 0.9826527171279E-01 0.1189878007603     0.1413977612318     0.1777030980168    
 0.2188287292060     0.2655780372002     0.3815157208430     0.5454446929354    
 0.7769346097943     0.8550760511622     0.8996618768847     0.9314810346516    
 0.9481384792037     0.9599025423660     0.9705170474431     0.9707733375966    
 0.9712596426044     0.9983311102353     0.9729874946826     0.9485156674338    
 0.9786274545402      1.037559594838     0.9700749422208     0.9773333698386    
  1.029265797467     0.9546699612553      1.003390656803      1.040430687643    
 0.9748177635978     0.9964805833110      1.028715544221     0.9846474493052    
 0.9926823344899      1.004940931369     0.9986188246495     0.9987368608250    
  1.001156855864      1.000495053133     0.9999194649413     0.9994303647947    
 0.9993325121450     0.9992915542122     0.9992993631795     0.9992918025885    
 0.9992900943092     0.9992952137271     0.9992885022237     0.9992810419009    
 0.9992739609233     0.9992522380181     0.9992247282647     0.9991901879825    
 0.9991424768734     0.9990878577281     0.9990233826220     0.9989426565993    
 0.9988527216434     0.9987518620180     0.9986342924037     0.9985049386396    
 0.9983594999939     0.9981978898340     0.9980224183762     0.9978240461382    
 0.9976078307041     0.9973707982078     0.9971083440194     0.9968263996235    
 0.9965166604544     0.9961734312082     0.9958062173019     0.9953987383966    
 0.9949504745219     0.9944734118974     0.9939411384096     0.9933562172682    
 0.9927326911766     0.9920255321236     0.9912507615053     0.9904240737950    
 0.9894814677210     0.9884412602168     0.9873173943440     0.9860555202763    
 0.9846232008610     0.9829920285400     0.9813548047333     0.9793552361444    
 0.9767767227688     0.9748620394703     0.9721770457626     0.9674872867844    
 0.9661117957323     0.9633736984293     0.9527793123639     0.9561752554576    
 0.9591545744134     0.9256438782213     0.9527736065604      1.004606952117    
 0.8980805203075     0.8765271963437     0.7888609052210E-30-0.3601370215995E-03
-0.3320435087408E-03-0.3039499958820E-03-0.2758564830233E-03-0.2477629701645E-03
-0.2196694573058E-03-0.1915759444470E-03-0.1635218277962E-03-0.1354720724597E-03
-0.1074223171232E-03-0.7937256178673E-04-0.5132280645025E-04-0.2425058832406E-04
 0.1688185119969E-05 0.2762695856400E-04 0.5356573200802E-04 0.7950450545205E-04
 0.1077098186770E-03 0.1373263066569E-03 0.1669427946368E-03 0.1965592826167E-03
 0.2258034672024E-03 0.2541615759954E-03 0.2825196847884E-03 0.3108777935814E-03
 0.3421436058558E-03 0.3770414778735E-03 0.4119393498911E-03 0.4468227669912E-03
 0.4804762365730E-03 0.5141297061548E-03 0.5477831757366E-03 0.5900893484080E-03
 0.6328372338374E-03 0.6750014143146E-03 0.7151385200940E-03 0.7552756258734E-03
 0.8051631897825E-03 0.8576121110810E-03 0.9064195650935E-03 0.9530366578215E-03
 0.1011615736169E-02 0.1075512512782E-02 0.1127712216705E-02 0.1190837359506E-02
 0.1267061084886E-02 0.1320898408836E-02 0.1404879349137E-02 0.1486661395311E-02
 0.1551164450277E-02 0.1647868990342E-02 0.1747051785023E-02 0.1822293943330E-02
 0.1933785304870E-02 0.2055445972708E-02 0.2144428661716E-02 0.2273681238654E-02
 0.2424446370268E-02 0.2531337998536E-02 0.2682353366434E-02 0.2871189082588E-02
 0.3001857728622E-02 0.3180072638731E-02 0.3413758190260E-02 0.3582088463115E-02
 0.3795087782571E-02 0.4088271613743E-02 0.4308990017808E-02 0.4567676635005E-02
 0.4941436679201E-02 0.5236202271402E-02 0.5556768656041E-02 0.6042332134135E-02
 0.6443823964292E-02 0.6851206005927E-02 0.7496492683417E-02 0.8055600173767E-02
 0.8589811663652E-02 0.9471615051509E-02 0.1027081079140E-01 0.1099919997590E-01
 0.1224744533007E-01 0.1342731841123E-01 0.1452742384054E-01 0.1631967717186E-01
 0.1813550359733E-01 0.1989676058649E-01 0.2263341439437E-01 0.2558455052729E-01
 0.2861924592028E-01 0.3314333579639E-01 0.3828384066464E-01 0.4398966769026E-01
 0.5220551771318E-01 0.6189411142259E-01 0.7354718363645E-01 0.8956736198610E-01
 0.1085981092879     0.1310023879968     0.1608778092228     0.1971570668920    
 0.2438716910526     0.3252052287568     0.4469274989283     0.6697040632895    
 0.8315655922628     0.8824891587235     0.9161230339466     0.9418070179225    
 0.9566768020987     0.9641834325963     0.9701618296634     0.9784092689746    
 0.9772733951231     0.9767993593210      1.002902420523     0.9769172956817    
 0.9519686566926     0.9812226057495      1.039738612874     0.9719237627673    
 0.9788933894231      1.030580661164     0.9557845217938      1.004341563878    
  1.041247881042     0.9755282326905     0.9971029859711      1.029264843166    
 0.9851371412220     0.9931236684588      1.005338723226     0.9989838096318    
 0.9990749583440      1.001471433164      1.000790160382      1.000197221816    
 0.9996923008144     0.9995810839665     0.9995278132176     0.9995242105537    
 0.9995066829526     0.9994955132986     0.9994917612494     0.9994769738203    
 0.9994617735777     0.9994473842174     0.9994188505190     0.9993847767771    
 0.9993440242577     0.9992904454290     0.9992301553101     0.9991603205334    
 0.9990744899031     0.9989796162070     0.9988741066241     0.9987520809339    
 0.9986184149490     0.9984689362305     0.9983034336460     0.9981241963192    
 0.9979223143693     0.9977026981870     0.9974623920670     0.9971968726420    
 0.9969119607287     0.9965993826082     0.9962534830085     0.9958836861833    
 0.9954737521148     0.9950231685008     0.9945438644940     0.9940094753902    
 0.9934225476501     0.9927970861005     0.9920881163772     0.9913116228635    
 0.9904832774074     0.9895391370697     0.9884974652596     0.9873721950448    
 0.9861090395453     0.9846754945347     0.9830431617610     0.9814048817178    
 0.9794043095561     0.9768248629742     0.9749093332485     0.9722235417434    
 0.9675330588846     0.9661569385320     0.9634182605910     0.9528233615156    
 0.9562188596666     0.9591977784847     0.9256867621958     0.9528162399225    
  1.004649392775     0.8981229420235     0.8765695587566     0.7888609052210E-30
-0.3526959034289E-03-0.3217928353551E-03-0.2908897672812E-03-0.2599866992074E-03
-0.2290836311336E-03-0.1981805630597E-03-0.1672774949859E-03-0.1402693776885E-03
-0.1136924466794E-03-0.8711551567018E-04-0.6053858466100E-04-0.3396165365183E-04
-0.5916395366724E-05 0.2383137380499E-04 0.5357914297670E-04 0.8332691214842E-04
 0.1130746813201E-03 0.1416804720922E-03 0.1695752534649E-03 0.1974700348375E-03
 0.2253648162102E-03 0.2549513031090E-03 0.2885640205998E-03 0.3221767380905E-03
 0.3557894555813E-03 0.3889661102891E-03 0.4215980718774E-03 0.4542300334657E-03
 0.4869592937925E-03 0.5279675596175E-03 0.5689758254424E-03 0.6099840912674E-03
 0.6494018336207E-03 0.6887383811726E-03 0.7306074113785E-03 0.7812711785345E-03
 0.8319349456906E-03 0.8794567554713E-03 0.9261532013939E-03 0.9825185661811E-03
 0.1044699835349E-02 0.1100835589631E-02 0.1154283811504E-02 0.1229482976593E-02
 0.1297612457285E-02 0.1357961366571E-02 0.1450703638795E-02 0.1520515342802E-02
 0.1598424631144E-02 0.1703934171237E-02 0.1786974047360E-02 0.1874878913088E-02
 0.2001470074796E-02 0.2102857521063E-02 0.2202739647598E-02 0.2355951597788E-02
 0.2481484600224E-02 0.2595806522302E-02 0.2783187588244E-02 0.2940845939087E-02
 0.3073027676989E-02 0.3304976726186E-02 0.3505841251754E-02 0.3670440499754E-02
 0.3951834161539E-02 0.4211561158046E-02 0.4421048901602E-02 0.4767490800784E-02
 0.5108654784423E-02 0.5381916758056E-02 0.5816322554175E-02 0.6272262823184E-02
 0.6638840846008E-02 0.7196126488745E-02 0.7817539154751E-02 0.8325476266724E-02
 0.9061216649665E-02 0.9928037771662E-02 0.1065930323006E-01 0.1166672447376E-01
 0.1291085067629E-01 0.1401389512026E-01 0.1545958407019E-01 0.1730502494373E-01
 0.1907530867453E-01 0.2127981717804E-01 0.2418910627025E-01 0.2720631253238E-01
 0.3083682557206E-01 0.3580313092806E-01 0.4133875046005E-01 0.4788079999045E-01
 0.5720830200620E-01 0.6814374898758E-01 0.8088570715375E-01 0.9963294469811E-01
 0.1206237032637     0.1440843450820     0.1803571782751     0.2222374644261    
 0.2689241388269     0.3905781839566     0.5628390858781     0.7941413207232    
 0.8586361328316     0.9017472569133     0.9328854698506     0.9491430404684    
 0.9610035373602     0.9690581538629     0.9731740005164     0.9771171657789    
 0.9844234962544     0.9823482954440     0.9809867600547      1.006483016513    
 0.9797910057401     0.9541159372951     0.9832587961464      1.041454346945    
 0.9733531110838     0.9800948522385      1.031600218542     0.9566585758723    
  1.005097146149      1.041906506154     0.9761094624572     0.9976200257848    
  1.029728232204     0.9855562763850     0.9935059389050      1.005687743225    
 0.9993077416686     0.9993780405599      1.001756044160      1.001059022566    
  1.000451810543     0.9999336855140     0.9998110326247     0.9997471038434    
 0.9997335100119     0.9997070891513     0.9996874245357     0.9996756422059    
 0.9996534716400     0.9996311690659     0.9996100403767     0.9995751971889    
 0.9995350305815     0.9994884967563     0.9994294463012     0.9993638624309    
 0.9992890171402     0.9991984100496     0.9990989125049     0.9989890463061    
 0.9988628436858     0.9987251341230     0.9985718644126     0.9984027074844    
 0.9982199329410     0.9980147525058     0.9977919405529     0.9975485584961    
 0.9972801556652     0.9969924507090     0.9966771984553     0.9963287820206    
 0.9959565499234     0.9955442997511     0.9950915264112     0.9946101058250    
 0.9940737175851     0.9934848923672     0.9928575997224     0.9921469155091    
 0.9913687897790     0.9905388732063     0.9895932779000     0.9885502171639    
 0.9874236146310     0.9861592429072     0.9847245342179     0.9830910990688    
 0.9814518163556     0.9794502911286     0.9768699575545     0.9749536234586    
 0.9722670737699     0.9675759028475     0.9661991840787     0.9634599538541    
 0.9528645666230     0.9562596413461     0.9592381793362     0.9257268582955    
 0.9528560975414      1.004689067074     0.8981625979018     0.8766091579676    
 0.7888609052210E-30-0.3298268827938E-03-0.3005200481480E-03-0.2712132135023E-03
-0.2419063788565E-03-0.2125995442108E-03-0.1832927095650E-03-0.1539858749193E-03
-0.1239549861377E-03-0.9384394173074E-04-0.6373289732378E-04-0.3362185291683E-04
-0.3510808509868E-05 0.2558784993831E-04 0.5351265692672E-04 0.8143746391513E-04
 0.1093622709035E-03 0.1372870778920E-03 0.1682039390279E-03 0.2009836888340E-03
 0.2337634386401E-03 0.2665431884462E-03 0.2989055428410E-03 0.3302745032035E-03
 0.3616434635660E-03 0.3930124239285E-03 0.4279716060676E-03 0.4674153926608E-03
 0.5068591792540E-03 0.5462847978763E-03 0.5841645307694E-03 0.6220442636625E-03
 0.6599239965556E-03 0.7083874770058E-03 0.7573912483077E-03 0.8056587906941E-03
 0.8513695773069E-03 0.8970803639198E-03 0.9547335747417E-03 0.1015523952668E-02
 0.1071787697984E-02 0.1125328650524E-02 0.1193573539591E-02 0.1268355060640E-02
 0.1328681762987E-02 0.1402480730498E-02 0.1492430658625E-02 0.1554743461866E-02
 0.1654345125247E-02 0.1751254296246E-02 0.1826850825691E-02 0.1942407826794E-02
 0.2061105505463E-02 0.2150311637695E-02 0.2284673824477E-02 0.2431800094348E-02
 0.2538747354524E-02 0.2696094475226E-02 0.2880456631054E-02 0.3011000254467E-02
 0.3197086038929E-02 0.3430779390003E-02 0.3593350395388E-02 0.3816203827107E-02
 0.4109386756215E-02 0.4323040301941E-02 0.4594188295893E-02 0.4967931324790E-02
 0.5254164249541E-02 0.5590700463217E-02 0.6076218665033E-02 0.6467582426831E-02
 0.6895793981965E-02 0.7540985954905E-02 0.8088376747779E-02 0.8650407831211E-02
 0.9532030063981E-02 0.1031830892708E-01 0.1108509235311E-01 0.1233300580704E-01
 0.1350016440399E-01 0.1459810455210E-01 0.1644744239206E-01 0.1825485789045E-01
 0.2001336399033E-01 0.2283750232697E-01 0.2579591733575E-01 0.2882709072174E-01
 0.3349795838472E-01 0.3869223518643E-01 0.4439339852784E-01 0.5288419523728E-01
 0.6274693099575E-01 0.7439316354971E-01 0.9095140242491E-01 0.1102544279683    
 0.1326466536233     0.1635680867196     0.2006217316617     0.2472928629438    
 0.3343289807345     0.4559636583897     0.6871645314215     0.8350884680868    
 0.8858559789912     0.9181702998234     0.9425759634007     0.9567882007130    
 0.9646712723220     0.9710845323687     0.9767799205517     0.9796202806716    
 0.9826117085804     0.9889617238483     0.9861482125669     0.9841535378818    
  1.009062196041     0.9820187482284     0.9561153009946     0.9847466233100    
  1.042717863099     0.9744430590510     0.9810317177268      1.032406612519    
 0.9573591048126      1.005711086940      1.042449570226     0.9765957736161    
 0.9980589713162      1.030127215086     0.9859218232301     0.9938428141873    
  1.005998680170     0.9995989973515     0.9996527150962      1.002015846449    
  1.001305773492      1.000686559476      1.000157195365      1.000024588075    
 0.9999512893527     0.9999288265459     0.9998943860724     0.9998670212678    
 0.9998479114103     0.9998189480152     0.9997900914528     0.9997627196281    
 0.9997220098534     0.9996761690081     0.9996242396878     0.9995600748655    
 0.9994895391477     0.9994100026136     0.9993149202354     0.9992110882609    
 0.9990971344596     0.9989670110074     0.9988255043939     0.9986686722267    
 0.9984960799565     0.9983099790266     0.9981016944637     0.9978758744649    
 0.9976295964575     0.9973584772782     0.9970681401938     0.9967503666174    
 0.9963995750744     0.9960250439464     0.9956106061023     0.9951557630172    
 0.9946723410424     0.9941340613425     0.9935434396498     0.9929144126452    
 0.9922021035174     0.9914224300662     0.9905910231571     0.9896440471789    
 0.9885996681293     0.9874718007328     0.9862062741580     0.9847704602108    
 0.9831359776627     0.9814957422130     0.9794933110153     0.9769121336743    
 0.9749950342363     0.9723077629936     0.9676159369570     0.9662386482608    
 0.9634988919472     0.9529030395682     0.9562977108977     0.9592758861075    
 0.9257642747045     0.9528932869408      1.004726082102     0.8981995950661    
 0.8766461010335     0.7888609052210E-30-0.3197292085933E-03-0.2871056256779E-03
-0.2544820427626E-03-0.2218584598473E-03-0.1892348769320E-03-0.1566112940166E-03
-0.1239877111013E-03-0.9541704924007E-04-0.6729506159472E-04-0.3917307394938E-04
-0.1105108630403E-04 0.1707090134131E-04 0.4720767864782E-04 0.7968058454676E-04
 0.1121534904457E-03 0.1446263963446E-03 0.1770993022436E-03 0.2083374147015E-03
 0.2388067300062E-03 0.2692760453109E-03 0.2997453606155E-03 0.3323535546907E-03
 0.3700522441305E-03 0.4077509335703E-03 0.4454496230101E-03 0.4825921543026E-03
 0.5190399794016E-03 0.5554878045006E-03 0.5920559865830E-03 0.6388651660509E-03
 0.6856743455188E-03 0.7324835249868E-03 0.7771776933823E-03 0.8217638923532E-03
 0.8694803420121E-03 0.9280674412072E-03 0.9866545404023E-03 0.1041198242442E-02
 0.1094679780525E-02 0.1160165536088E-02 0.1232871890149E-02 0.1297936257171E-02
 0.1359603380414E-02 0.1448401213751E-02 0.1528308446565E-02 0.1598428289785E-02
 0.1709118543941E-02 0.1791032330961E-02 0.1883124495557E-02 0.2009890200799E-02
 0.2108483963155E-02 0.2213257394653E-02 0.2366801666171E-02 0.2488812419435E-02
 0.2609087739777E-02 0.2796900112564E-02 0.2950171214883E-02 0.3089606933722E-02
 0.3322077579288E-02 0.3517583840184E-02 0.3681406342792E-02 0.3973154016741E-02
 0.4226436819713E-02 0.4434843939877E-02 0.4794326725744E-02 0.5127848784950E-02
 0.5399690259403E-02 0.5850707641605E-02 0.6297741209189E-02 0.6662511958896E-02
 0.7241311750477E-02 0.7852629962964E-02 0.8358313869924E-02 0.9122578396472E-02
 0.9978583713144E-02 0.1070707741650E-01 0.1175358857333E-01 0.1298766028364E-01
 0.1408732773490E-01 0.1558917921750E-01 0.1743575986984E-01 0.1919569753938E-01
 0.2148654707764E-01 0.2439679379608E-01 0.2741935386334E-01 0.3119541213591E-01
 0.3616209242378E-01 0.4174969872880E-01 0.4856581476156E-01 0.5789206249293E-01
 0.6900019144775E-01 0.8228106750935E-01 0.1010225527034     0.1222846492969    
 0.1468004598687     0.1830502027893     0.2256987301963     0.2781125454637    
 0.3997189314089     0.5803435507083     0.8115552271687     0.8622350356673    
 0.9037943117809     0.9347129667785     0.9498850262157     0.9612570773368    
 0.9686486612269     0.9734856767049     0.9779723165476     0.9827156619249    
 0.9846034881852     0.9867172178701     0.9924394780875     0.9890402928269    
 0.9865153880987      1.011095893023     0.9836487935475     0.9573220649926    
 0.9859437446337      1.043742429357     0.9753110959806     0.9817777062891    
  1.033056006911     0.9579318791185      1.006220985429      1.042907604309    
 0.9770120338347     0.9984399110577      1.030477884386     0.9862466959752    
 0.9941448229060      1.006279911991     0.9998643567026     0.9999044632141    
  1.002255211103      1.001533979942      1.000904368021      1.000365162957    
  1.000223695853      1.000141995168      1.000111522844      1.000069758048    
  1.000035334804      1.000009476704     0.9999742231938     0.9999392849030    
 0.9999061036852     0.9998599221786     0.9998087838509     0.9997518109758    
 0.9996828607978     0.9996076891905     0.9995237567888     0.9994244787969    
 0.9993165818848     0.9991987923542     0.9990649881406     0.9989199157788    
 0.9987597357616     0.9985839138210     0.9983946845176     0.9981834779323    
 0.9979548251049     0.9977058183286     0.9974321383263     0.9971393195603    
 0.9968191685358     0.9964661351893     0.9960894328798     0.9956729272626    
 0.9952161266511     0.9947308110727     0.9941907405985     0.9935984170643    
 0.9929677464213     0.9922538963822     0.9914727547114     0.9906399336434    
 0.9896916470446     0.9886460163272     0.9875169477936     0.9862503240527    
 0.9848134597966     0.9831779816061     0.9815368399931     0.9795335468798    
 0.9769515664890     0.9750337383419     0.9723457799136     0.9676533297072    
 0.9662754977244     0.9635352398025     0.9529389438601     0.9563332305171    
 0.9593110597803     0.9257991714671     0.9529279673107      1.004760596289    
 0.8982340917052     0.8766805458485     0.7888609052210E-30-0.3042448107720E-03
-0.2712507711518E-03-0.2382567315316E-03-0.2052626919114E-03-0.1722686522912E-03
-0.1392746126709E-03-0.1062805730507E-03-0.7192223699283E-04-0.3741286798208E-04
-0.2903498971337E-05 0.3160587003941E-04 0.6611523905016E-04 0.9953384168703E-04
 0.1316877115517E-03 0.1638415814163E-03 0.1959954512809E-03 0.2281493211456E-03
 0.2641494089085E-03 0.3025441979008E-03 0.3409389868930E-03 0.3793337758853E-03
 0.4172765058784E-03 0.4541433430852E-03 0.4910101802920E-03 0.5278770174988E-03
 0.5691898808993E-03 0.6160563479802E-03 0.6629228150612E-03 0.7097682839538E-03
 0.7548270481129E-03 0.7998858122720E-03 0.8449445764311E-03 0.9030279203741E-03
 0.9617761574720E-03 0.1019646531101E-02 0.1074468284327E-02 0.1129290037553E-02
 0.1198809618892E-02 0.1272190187083E-02 0.1340118687717E-02 0.1404767741700E-02
 0.1487533614366E-02 0.1578353315082E-02 0.1651645186003E-02 0.1741558621615E-02
 0.1851413260429E-02 0.1927553305544E-02 0.2049789125620E-02 0.2168886085039E-02
 0.2262063245496E-02 0.2404867644697E-02 0.2551816405952E-02 0.2662952468635E-02
 0.2830421608232E-02 0.3014076714200E-02 0.3149051558310E-02 0.3347259045841E-02
 0.3579570943805E-02 0.3746890941342E-02 0.3984396656560E-02 0.4282061558362E-02
 0.4494268008873E-02 0.4783351487027E-02 0.5162124830764E-02 0.5446107401847E-02
 0.5804943338569E-02 0.6296183430000E-02 0.6684554965226E-02 0.7141037025247E-02
 0.7792850357230E-02 0.8336782287351E-02 0.8935554734687E-02 0.9825010307932E-02
 0.1060815302860E-01 0.1142428606833E-01 0.1268174172479E-01 0.1384812721899E-01
 0.1501543872991E-01 0.1687688865823E-01 0.1869110260640E-01 0.2046482857159E-01
 0.2339414164313E-01 0.2638047619682E-01 0.2943333581301E-01 0.3427754629746E-01
 0.3955651463033E-01 0.4529224873825E-01 0.5410376126173E-01 0.6419408230878E-01
 0.7590344954564E-01 0.9308524298159E-01 0.1127628233684     0.1352872673924    
 0.1674841125737     0.2056085258310     0.2526909162323     0.3460238050576    
 0.4766571964247     0.7080178801125     0.8421221363485     0.8928637404828    
 0.9230577974734     0.9457665922672     0.9597425811647     0.9676037316482    
 0.9742692920925     0.9798372202626     0.9842077752347     0.9885658046719    
 0.9933854861457     0.9959627318265     0.9991407430689      1.006563741977    
  1.005876890019      1.006784983087      1.036289353690      1.014957412545    
 0.9955272385997      1.033023998806      1.101575245185      1.044624372061    
  1.062056551163      1.121530933989      1.049552960327      1.094672391530    
  1.123072899792      1.046110881858      1.055913506919      1.077046284873    
  1.023478969598      1.024461150780      1.030285238160      1.018838244633    
  1.015024091718      1.014222212564      1.011329784270      1.008975235558    
  1.007024259144      1.005882053459      1.004955422208      1.004213569042    
  1.003653747378      1.003163590656      1.002754709702      1.002424117240    
  1.002127694106      1.001875503429      1.001652360769      1.001443262522    
  1.001253880924      1.001073251692      1.000897338544      1.000728393309    
  1.000554615188      1.000378712518      1.000202938541      1.000016687750    
 0.9998231876818     0.9996212724019     0.9994067627813     0.9991814580117    
 0.9989388886927     0.9986806193344     0.9984040332635     0.9981057721949    
 0.9977896536358     0.9974478530916     0.9970751587754     0.9966797667828    
 0.9962459433796     0.9957731911860     0.9952726850997     0.9947185948278    
 0.9941132144425     0.9934701021896     0.9927448404981     0.9919529836887    
 0.9911099604988     0.9901524041246     0.9890980147985     0.9879606257994    
 0.9866865335259     0.9852425727164     0.9836004319485     0.9819533048905    
 0.9799443563790     0.9773571583804     0.9754346606696     0.9727423344877    
 0.9680459714008     0.9666647299388     0.9639213447580     0.9533223588896    
 0.9567143471298     0.9596901277105     0.9261766072308     0.9533040489598    
  1.005135549999     0.8986085461926     0.8770545720514     0.7888609052210E-30
-0.3015396090335E-03-0.2681697505132E-03-0.2347998919928E-03-0.2014300334724E-03
-0.1680601749521E-03-0.1346903164317E-03-0.1013204579114E-03-0.6657280011744E-04
-0.3167261455390E-04 0.3227571009652E-05 0.3812775657320E-04 0.7302794213675E-04
 0.1068596338071E-03 0.1394524174253E-03 0.1720452010435E-03 0.2046379846617E-03
 0.2372307682800E-03 0.2736899182416E-03 0.3125563140953E-03 0.3514227099491E-03
 0.3902891058029E-03 0.4287210891900E-03 0.4661191782402E-03 0.5035172672905E-03
 0.5409153563408E-03 0.5827746276187E-03 0.6302064342257E-03 0.6776382408327E-03
 0.7250498289280E-03 0.7707410538156E-03 0.8164322787032E-03 0.8621235035908E-03
 0.9208669027933E-03 0.9802766038268E-03 0.1038825201696E-02 0.1094383383892E-02
 0.1149941566089E-02 0.1220211620846E-02 0.1294346351805E-02 0.1363083180370E-02
 0.1428573142908E-02 0.1512178220632E-02 0.1603836369118E-02 0.1678071937854E-02
 0.1768915996360E-02 0.1879689786564E-02 0.1956887183662E-02 0.2080121430762E-02
 0.2200259324698E-02 0.2294597167199E-02 0.2438509060724E-02 0.2586598746138E-02
 0.2699040353497E-02 0.2867752971251E-02 0.3052664401110E-02 0.3189117938803E-02
 0.3388733961680E-02 0.3622435484497E-02 0.3791444367736E-02 0.4030561904653E-02
 0.4329772573294E-02 0.4543926587120E-02 0.4834875343568E-02 0.5215417966407E-02
 0.5501632288375E-02 0.5862653495817E-02 0.6355942826800E-02 0.6746896265827E-02
 0.7205972919215E-02 0.7860191487989E-02 0.8407142866271E-02 0.9009040890424E-02
 0.9901361591302E-02 0.1068807895712E-01 0.1150803733813E-01 0.1276896278840E-01
 0.1393964024308E-01 0.1511171737281E-01 0.1697745057018E-01 0.1879690645613E-01
 0.2057669607513E-01 0.2351142876177E-01 0.2650431559667E-01 0.2956504893786E-01
 0.3441644528001E-01 0.3970391667997E-01 0.4545035310565E-01 0.5427207490459E-01
 0.6437417251158E-01 0.7609904439763E-01 0.9329607126083E-01 0.1129910571794    
 0.1355404183055     0.1677656858794     0.2059210136414     0.2530394566756    
 0.3464824687174     0.4772695629664     0.7087513761466     0.8429435141422    
 0.8937445019796     0.9239238639266     0.9466391316378     0.9606462894072    
 0.9686057600291     0.9753936034560     0.9811132016572     0.9856648270369    
 0.9902206088275     0.9952635496058     0.9980970737638      1.001551473592    
  1.009284875609      1.008931749412      1.010182677672      1.040022974411    
  1.018985672413     0.9998172400800      1.037507137498      1.106179251700    
  1.049299784557      1.066801198633      1.126360175654      1.054436954395    
  1.099545199234      1.127882202055      1.050838788019      1.060535107792    
  1.081506050475      1.027701708578      1.028404193400      1.033923438477    
  1.022138424414      1.017994246472      1.016871890375      1.013691955028    
  1.011076177368      1.008883333860      1.007534517526      1.006418639072    
  1.005502421657      1.004796579165      1.004171907445      1.003641934959    
  1.003210749363      1.002822750083      1.002490677324      1.002201288365    
  1.001932462013      1.001692439974      1.001469360568      1.001255380571    
  1.001054789299      1.000853931459      1.000653756931      1.000457992235    
  1.000254186812      1.000044886273     0.9998299497977     0.9996036934256    
 0.9993677342850     0.9991163152473     0.9988498617098     0.9985658679225    
 0.9982612248076     0.9979391598710     0.9975919732632     0.9972144975097    
 0.9968146202373     0.9963767305615     0.9959002831056     0.9953962901359    
 0.9948390365669     0.9942307312587     0.9935848478290     0.9928570778712    
 0.9920628730732     0.9912176207300     0.9902580591465     0.9892017768364    
 0.9880625910462     0.9867868992106     0.9853414182361     0.9836978499331    
 0.9820494484474     0.9800392956364     0.9774509851296     0.9755274972670    
 0.9728342451540     0.9681370505772     0.9667550834247     0.9640110321973    
 0.9534114732962     0.9568029714660     0.9597783144594     0.9262644422534    
 0.9533915840742      1.005222826603     0.8986956724261     0.8771415999854    
 0.7888609052210E-30-0.3009412571519E-03-0.2675222694614E-03-0.2341032817709E-03
-0.2006842940804E-03-0.1672653063900E-03-0.1338463186995E-03-0.1004273310090E-03
-0.6562564669943E-04-0.3067089246494E-04 0.4283861769554E-05 0.3923861600404E-04
 0.7419337023853E-04 0.1080836148516E-03 0.1407395711359E-03 0.1733955274203E-03
 0.2060514837046E-03 0.2387074399890E-03 0.2752339039521E-03 0.3141701922523E-03
 0.3531064805526E-03 0.3920427688528E-03 0.4305474616800E-03 0.4680249645677E-03
 0.5055024674554E-03 0.5429799703431E-03 0.5849215099056E-03 0.6324391503337E-03
 0.6799567907618E-03 0.7274543302430E-03 0.7732415099287E-03 0.8190286896145E-03
 0.8648158693003E-03 0.9236606035765E-03 0.9831719143421E-03 0.1041824553668E-02
 0.1097495222151E-02 0.1153165890634E-02 0.1223551781386E-02 0.1297803228279E-02
 0.1366664326379E-02 0.1432283101982E-02 0.1516018224895E-02 0.1607806966308E-02
 0.1682187169380E-02 0.1773175266787E-02 0.1884092997879E-02 0.1961451897084E-02
 0.2084842544099E-02 0.2205142791923E-02 0.2299658472010E-02 0.2443744150882E-02
 0.2592012772854E-02 0.2704654539712E-02 0.2873562375252E-02 0.3058672027153E-02
 0.3195352390042E-02 0.3395189499371E-02 0.3629111728043E-02 0.3798379790535E-02
 0.4037750098087E-02 0.4337208044261E-02 0.4551661026929E-02 0.4842901836225E-02
 0.5223728443253E-02 0.5510286356078E-02 0.5871648924226E-02 0.6365268100120E-02
 0.6756620241518E-02 0.7216100949621E-02 0.7870707446923E-02 0.8418126481549E-02
 0.9020509377945E-02 0.9913292609581E-02 0.1070056510846E-01 0.1152111417163E-01
 0.1278259946293E-01 0.1395394483638E-01 0.1512675388817E-01 0.1699317646377E-01
 0.1881344900714E-01 0.2059416438001E-01 0.2352976499723E-01 0.2652367240445E-01
 0.2958560440003E-01 0.3443813841985E-01 0.3972693213211E-01 0.4547499441571E-01
 0.5429831240016E-01 0.6440223615224E-01 0.7612946373113E-01 0.9332884143909E-01
 0.1130264981453     0.1355796013831     0.1678092701875     0.2059694641547    
 0.2530937195773     0.3465517609312     0.4773595502017     0.7088609199876    
 0.8430671096389     0.8938774306032     0.9240607762818     0.9467822309643    
 0.9607981461514     0.9687744366750     0.9755822153407     0.9813256583224    
 0.9859043963292     0.9904885496021     0.9955613574404     0.9984245467404    
  1.001907449434      1.009665681976      1.009328951504      1.010589125297    
  1.040419959926      1.019356547290      1.000150024059      1.037779554583    
  1.106379317282      1.049429080083      1.066876206305      1.126405419171    
  1.054473951103      1.099591557099      1.127957714628      1.050965161097    
  1.060727159836      1.081765459477      1.028016529359      1.028754739093    
  1.034300120075      1.022523132512      1.018373786903      1.017238763290    
  1.014037163664      1.011396860525      1.009177638256      1.007801662796    
  1.006659275903      1.005717107782      1.004987808941      1.004341090126    
  1.003790714676      1.003342149361      1.002938211209      1.002592101835    
  1.002291034077      1.002011677714      1.001762745876      1.001532243640    
  1.001311637908      1.001105590925      1.000900110391      1.000695824289    
  1.000496722916      1.000290018788      1.000078134305     0.9998611062024    
 0.9996329814086     0.9993953451653     0.9991425586268     0.9988748501174    
 0.9985897326419     0.9982841347514     0.9979611859087     0.9976132062644    
 0.9972350326633     0.9968345038117     0.9963960277196     0.9959190498655    
 0.9954145578931     0.9948568539556     0.9942481331090     0.9936018566174    
 0.9928737320782     0.9920791955287     0.9912336283799     0.9902737841152    
 0.9892172348304     0.9880777955283     0.9868018781253     0.9853561826016    
 0.9837124126039     0.9820638310681     0.9800535079890     0.9774650399791    
 0.9755414119810     0.9728480287697     0.9681507163238     0.9667686463284    
 0.9640245006959     0.9534248604889     0.9568162891228     0.9597915700241    
 0.9262776478966     0.9534047473479      1.005235953523     0.8987087785356    
 0.8771546923490     0.7888609052210E-30-0.2901080060010E-03-0.2526086074217E-03
-0.2151092088424E-03-0.1776098102631E-03-0.1401104116838E-03-0.1026110131045E-03
-0.6511161452515E-04-0.3231774316501E-04-0.4479207628489E-07 0.3222815901244E-04
 0.6450111010117E-04 0.9677406118990E-04 0.1317864623298E-03 0.1699752285839E-03
 0.2081639948381E-03 0.2463527610922E-03 0.2845415273463E-03 0.3212326181308E-03
 0.3569912382692E-03 0.3927498584076E-03 0.4285084785460E-03 0.4670562521382E-03
 0.5122421638628E-03 0.5574280755874E-03 0.6026139873120E-03 0.6470058349361E-03
 0.6904058041682E-03 0.7338057734003E-03 0.7773604737195E-03 0.8340810129790E-03
 0.8908015522385E-03 0.9475220914980E-03 0.1001210679560E-02 0.1054744489224E-02
 0.1112307102330E-02 0.1183860834561E-02 0.1255414566792E-02 0.1321435149441E-02
 0.1386002223611E-02 0.1466105588428E-02 0.1555554111903E-02 0.1634802697752E-02
 0.1709516903410E-02 0.1819545994688E-02 0.1917809353013E-02 0.2003100481260E-02
 0.2141467767492E-02 0.2241912389147E-02 0.2355668212742E-02 0.2514888058031E-02
 0.2636975444235E-02 0.2767172327604E-02 0.2961533327279E-02 0.3114414679469E-02
 0.3265089585473E-02 0.3505023731309E-02 0.3699637715550E-02 0.3876231876758E-02
 0.4176489373548E-02 0.4428423188835E-02 0.4638936705693E-02 0.5020752069321E-02
 0.5352569860627E-02 0.5626057150888E-02 0.6103829282970E-02 0.6549009682117E-02
 0.6914805329659E-02 0.7526097996302E-02 0.8135839260708E-02 0.8641659271356E-02
 0.9446157053028E-02 0.1030175623215E-01 0.1102901563177E-01 0.1212674428785E-01
 0.1336354778414E-01 0.1445967138579E-01 0.1602944310917E-01 0.1788650046572E-01
 0.1963862450759E-01 0.2202533243236E-01 0.2495596939963E-01 0.2797163271179E-01
 0.3189639129533E-01 0.3688176102880E-01 0.4249718774895E-01 0.4957728151309E-01
 0.5891683494942E-01 0.7016332629345E-01 0.8397184301583E-01 0.1027648058773    
 0.1243580112987     0.1500598580694     0.1866569334444     0.2309963925133    
 0.2896734146359     0.4082812067459     0.5986857807313     0.8196986001221    
 0.8695345003110     0.9095299232766     0.9410906514794     0.9543746100282    
 0.9648574842661     0.9720724268077     0.9773547553760     0.9823530653609    
 0.9871546274753     0.9907840234518     0.9945173021815     0.9989638396169    
  1.001235866991      1.004195615751      1.011622279194      1.010965931489    
  1.011936640685      1.041614634529      1.020320890676      1.000856505360    
  1.038549463607      1.107082574614      1.050073850491      1.067482611710    
  1.126981423070      1.055016244093      1.100091532163      1.128409122482    
  1.051366908912      1.061082437379      1.082079816965      1.028296755666    
  1.029009351926      1.034531940074      1.022737715900      1.018574677502    
  1.017427977607      1.014217129802      1.011568743896      1.009342274941    
  1.007960345182      1.006812482561      1.005865248914      1.005131400383    
  1.004480235321      1.003925534309      1.003472748494      1.003064617631    
  1.002714345997      1.002409178185      1.002125762644      1.001872838149    
  1.001638450662      1.001414029869      1.001204294380      1.000995254539    
  1.000787496090      1.000585084820      1.000375191318      1.000160207362    
 0.9999402546841     0.9997093043524     0.9994689274601     0.9992135741814    
 0.9989433754414     0.9986558569967     0.9983480017770     0.9980228643041    
 0.9976727867960     0.9972926337080     0.9968901879404     0.9964498872904    
 0.9959711809365     0.9954650166329     0.9949057315337     0.9942955078638    
 0.9936477799313     0.9929182950609     0.9921224616523     0.9912756448894    
 0.9903146419095     0.9892569852099     0.9881164824648     0.9868395923567    
 0.9853929650343     0.9837483109618     0.9820989239523     0.9800878346264    
 0.9774986526524     0.9755743778785     0.9728803853765     0.9681825204952    
 0.9667999648954     0.9640553697144     0.9534553333151     0.9568464199284    
 0.9598213937796     0.9263072245193     0.9534341280538      1.005265180469    
 0.8987379734852     0.8771838336998     0.7888609052210E-30-0.2533841114535E-03
-0.2187492190690E-03-0.1841143266846E-03-0.1494794343002E-03-0.1148445419157E-03
-0.8020964953131E-04-0.4557475714688E-04-0.8445408852450E-05 0.2896008546964E-04
 0.6636557979173E-04 0.1037710741138E-03 0.1411765684359E-03 0.1774404587943E-03
 0.2123806707000E-03 0.2473208826057E-03 0.2822610945115E-03 0.3172013064172E-03
 0.3570869630251E-03 0.4000517126073E-03 0.4430164621895E-03 0.4859812117717E-03
 0.5284392314560E-03 0.5696912425382E-03 0.6109432536204E-03 0.6521952647026E-03
 0.6989376315753E-03 0.7525380912249E-03 0.8061385508745E-03 0.8597134451815E-03
 0.9111130223665E-03 0.9625125995515E-03 0.1013912176737E-02 0.1081322791881E-02
 0.1149550756202E-02 0.1216704129841E-02 0.1280125694163E-02 0.1343547258486E-02
 0.1425079507165E-02 0.1511369269245E-02 0.1591005503944E-02 0.1666639607734E-02
 0.1764666707989E-02 0.1872648610252E-02 0.1959195672487E-02 0.2066344077733E-02
 0.2198222639186E-02 0.2288681904678E-02 0.2436451332898E-02 0.2580530641510E-02
 0.2692862114436E-02 0.2867228793956E-02 0.3047073501951E-02 0.3183143098272E-02
 0.3390026805265E-02 0.3617598428227E-02 0.3785852429596E-02 0.4034160023934E-02
 0.4325932185032E-02 0.4538877199994E-02 0.4841487962133E-02 0.5220955078996E-02
 0.5497540243322E-02 0.5873503622824E-02 0.6365408253364E-02 0.6744649129861E-02
 0.7223161179405E-02 0.7875528939697E-02 0.8408519994239E-02 0.9036256483194E-02
 0.9926006124656E-02 0.1069662011452E-01 0.1155202847549E-01 0.1280922039174E-01
 0.1396256154714E-01 0.1518556532773E-01 0.1704557096228E-01 0.1884964981832E-01
 0.2070771363294E-01 0.2363304778947E-01 0.2662215267030E-01 0.2966591817194E-01
 0.3465005249383E-01 0.3997301063851E-01 0.4569126324311E-01 0.5476415389430E-01
 0.6501383353251E-01 0.7669909047712E-01 0.9442875197692E-01 0.1144094864542    
 0.1369824241766     0.1704421095385     0.2096076636334     0.2569060325323    
 0.3554404430908     0.4936757752101     0.7250225185234     0.8462087274932    
 0.8968189849898     0.9267218323827     0.9482669884927     0.9626484092171    
 0.9690059423993     0.9746582220308     0.9794877058531     0.9837029788580    
 0.9877439990077     0.9915881093645     0.9945287892947     0.9976400730868    
  1.001504800743      1.003375034101      1.005992371684      1.013094550977    
  1.012211628893      1.012999792175      1.042498061670      1.021137360277    
  1.001664449364      1.039167190611      1.107661982295      1.050635085611    
  1.068027175191      1.127507986887      1.055518158580      1.100558796282    
  1.128834256914      1.051747547476      1.061420767154      1.082380600677    
  1.028566061050      1.029254902358      1.034756308191      1.022945993450    
  1.018770215308      1.017612684701      1.014393314973      1.011737455009    
  1.009504247819      1.008116550666      1.006963250571      1.006010862241    
  1.005272221499      1.004616364358      1.004057088086      1.003599886349    
  1.003187409905      1.002832883994      1.002523602241      1.002236150650    
  1.001979307950      1.001741144448      1.001513033821      1.001299753576    
  1.001087301863      1.000876219534      1.000670643522      1.000457699368    
  1.000239749736      1.000016995447     0.9997833356947     0.9995403284011    
 0.9992825064464     0.9990099100231     0.9987200767197     0.9984100403997    
 0.9980827860880     0.9977306767252     0.9973486032786     0.9969442963221    
 0.9965022220027     0.9960218336871     0.9955140413071     0.9949532160426    
 0.9943415276850     0.9936923846131     0.9929615726174     0.9921644733469    
 0.9913164363546     0.9903543012634     0.9892955619704     0.9881540190758    
 0.9868761769546     0.9854286372059     0.9837831168920     0.9821329404497    
 0.9801210998358     0.9775312173646     0.9756063080538     0.9729117176082    
 0.9682133101346     0.9668302774660     0.9640852405182     0.9534848145018    
 0.9568755644716     0.9598502359887     0.9263358236060     0.9534625373127    
  1.005293443939     0.8987662199312     0.8772120336623     0.7888609052210E-30
-0.2375833249179E-03-0.1982352286782E-03-0.1588871324386E-03-0.1195390361989E-03
-0.8019093995921E-04-0.4084284371954E-04-0.1494747479859E-05 0.3305411669016E-04
 0.6707168709525E-04 0.1010892575003E-03 0.1351068279054E-03 0.1691243983105E-03
 0.2066007528581E-03 0.2480875332511E-03 0.2895743136442E-03 0.3310610940372E-03
 0.3725478744302E-03 0.4125300190366E-03 0.4515753594203E-03 0.4906206998040E-03
 0.5296660401877E-03 0.5720983104294E-03 0.6225914165538E-03 0.6730845226782E-03
 0.7235776288025E-03 0.7732398517575E-03 0.8218642050223E-03 0.8704885582871E-03
 0.9192988085408E-03 0.9839267581432E-03 0.1048554707746E-02 0.1113182657348E-02
 0.1174474708538E-02 0.1235596465097E-02 0.1301558939801E-02 0.1384332128955E-02
 0.1467105318109E-02 0.1543619238462E-02 0.1618488905368E-02 0.1712049620076E-02
 0.1816853096081E-02 0.1909906003796E-02 0.1997735198777E-02 0.2128054369392E-02
 0.2244667811015E-02 0.2346257353835E-02 0.2511678194735E-02 0.2632592015298E-02
 0.2769901646929E-02 0.2962309270873E-02 0.3111434172599E-02 0.3271036980882E-02
 0.3508848866577E-02 0.3698502883636E-02 0.3886681152932E-02 0.4184462043983E-02
 0.4429939645307E-02 0.4655501880788E-02 0.5034354399086E-02 0.5357958988756E-02
 0.5634208211032E-02 0.6125426730400E-02 0.6560373314890E-02 0.6929669308687E-02
 0.7559543925901E-02 0.8156847935939E-02 0.8667295158039E-02 0.9497931352434E-02
 0.1033903299957E-01 0.1107269551763E-01 0.1220825927129E-01 0.1342962732496E-01
 0.1453510847639E-01 0.1616205633497E-01 0.1800662246910E-01 0.1977339272357E-01
 0.2225207958972E-01 0.2518470971016E-01 0.2822528429433E-01 0.3231102084074E-01
 0.3729261049766E-01 0.4300664287192E-01 0.5039771693105E-01 0.5974533962252E-01
 0.7124591350190E-01 0.8567063722124E-01 0.1044869405261     0.1264760706179    
 0.1533834986280     0.1900591223600     0.2349216443350     0.2992447677938    
 0.4202496646219     0.6182616707400     0.8225327622691     0.8729892230715    
 0.9121910201990     0.9428829252702     0.9558661032263     0.9659195047943    
 0.9734616694580     0.9774557275398     0.9813953244421     0.9852713833014    
 0.9885386049363     0.9917522901509     0.9949614953893     0.9973171404223    
 0.9999231253368      1.003441558705      1.004985533331      1.007315816783    
  1.014241588401      1.013186923624      1.013820026903      1.043243587898    
  1.021755617194      1.002135892119      1.039707621313      1.108173299104    
  1.051120057395      1.068497614619      1.127966470305      1.055958688960    
  1.100971661703      1.129212034431      1.052087496833      1.061724346564    
  1.082651748896      1.028809852250      1.029477952139      1.034960841665    
  1.023136417633      1.018949419110      1.017782311457      1.014555341221    
  1.011892784547      1.009653515704      1.008260599098      1.007102364587    
  1.006145286157      1.005402264084      1.004742109972      1.004178635150    
  1.003717371437      1.003300894699      1.002942448972      1.002629374189    
  1.002338200415      1.002077743068      1.001836094560      1.001604577569    
  1.001388023463      1.001172418640      1.000958263123      1.000749758312    
  1.000533988512      1.000313290107      1.000087935877     0.9998517598975    
 0.9996063081315     0.9993461894416     0.9990713612535     0.9987793719843    
 0.9984673028855     0.9981380750240     0.9977840704529     0.9974002050476    
 0.9969941608306     0.9965504300830     0.9960684704202     0.9955591566929    
 0.9949968916658     0.9943838336380     0.9937333668624     0.9930013126428    
 0.9922030281853     0.9913538484772     0.9903906525458     0.9893308985353    
 0.9881883804569     0.9869096451399     0.9854612490775     0.9838149154787    
 0.9821639972665     0.9801514504983     0.9775609093222     0.9756354029899    
 0.9729402497922     0.9682413314383     0.9668578494987     0.9641123964750    
 0.9535116034229     0.9569020363318     0.9598764231450     0.9263617818599    
 0.9534883173546      1.005319087552     0.8987918483323     0.8772376185580    
 0.7888609052210E-30-0.1934705466179E-03-0.1577197132648E-03-0.1219688799116E-03
-0.8621804655853E-04-0.5046721320542E-04-0.1471637985231E-04 0.2103445350080E-04
 0.6066461980450E-04 0.1007242434420E-03 0.1407838670794E-03 0.1808434907169E-03
 0.2209031143544E-03 0.2597321796634E-03 0.2971344248178E-03 0.3345366699722E-03
 0.3719389151266E-03 0.4093411602810E-03 0.4530136058445E-03 0.5005899531175E-03
 0.5481663003905E-03 0.5957426476634E-03 0.6427280071542E-03 0.6883068257004E-03
 0.7338856442467E-03 0.7794644627929E-03 0.8318044011580E-03 0.8925897643302E-03
 0.9533751275025E-03 0.1014128911193E-02 0.1072195643536E-02 0.1130262375880E-02
 0.1188329108224E-02 0.1266093614198E-02 0.1344863673908E-02 0.1422318384293E-02
 0.1495205185283E-02 0.1568091986273E-02 0.1663352217749E-02 0.1764489747578E-02
 0.1857524106471E-02 0.1945684366408E-02 0.2061618113888E-02 0.2189898559587E-02
 0.2291993677334E-02 0.2419723197675E-02 0.2578249352631E-02 0.2685863555265E-02
 0.2865043885463E-02 0.3039966212980E-02 0.3176030982274E-02 0.3390089257469E-02
 0.3611521593693E-02 0.3779540627442E-02 0.4037215791688E-02 0.4321641610803E-02
 0.4534036601596E-02 0.4848700143096E-02 0.5219365001061E-02 0.5495031526317E-02
 0.5886593523098E-02 0.6377494495472E-02 0.6746005170396E-02 0.7244978777696E-02
 0.7896159139437E-02 0.8416500521285E-02 0.9071650192537E-02 0.9959938324151E-02
 0.1071631987342E-01 0.1160961877994E-01 0.1286494352393E-01 0.1400379836300E-01
 0.1528162299248E-01 0.1713915016160E-01 0.1893249164490E-01 0.2087531727794E-01
 0.2379720407777E-01 0.2679057543739E-01 0.2997792632359E-01 0.3495689733044E-01
 0.4032974353002E-01 0.4604019703768E-01 0.5538366375904E-01 0.6580268199406E-01
 0.7747651032835E-01 0.9573698227912E-01 0.1159849196838     0.1385345826659    
 0.1730215242539     0.2129400909005     0.2601963817719     0.3642169705335    
 0.5108230463577     0.7426164478338     0.8496041809669     0.8978516162365    
 0.9281079358727     0.9491348234070     0.9636922138071     0.9698363793606    
 0.9754609446348     0.9806401382409     0.9836797504856     0.9866680856263    
 0.9895965974790     0.9922036662593     0.9948050023869     0.9974400253467    
 0.9994136868647      1.001681333180      1.004881002244      1.006213069331    
  1.008363841254      1.015111231275      1.013938603205      1.014479404588    
  1.043804112180      1.022295404042      1.002695190273      1.040144809056    
  1.108596154214      1.051541148764      1.068915653241      1.128378020316    
  1.056356407274      1.101346096145      1.129555983367      1.052398129622    
  1.062002726213      1.082901247803      1.029034917093      1.029684450990    
  1.035150763557      1.023313698875      1.019116592589      1.017940824556    
  1.014706963054      1.012038309573      1.009793501778      1.008395782046    
  1.007232990251      1.006271565257      1.005524462423      1.004860299180    
  1.004292898793      1.003827828708      1.003407600225      1.003045474265    
  1.002728835503      1.002434162901      1.002170305762      1.001925378013    
  1.001690654927      1.001471017997      1.001252443491      1.001035393098    
  1.000824128301      1.000605695202      1.000382405477      1.000154598504    
 0.9999160479772     0.9996682886907     0.9994060001269     0.9991290629777    
 0.9988350358121     0.9985210439364     0.9981899488632     0.9978341506353    
 0.9974485881110     0.9970408980042     0.9965955971397     0.9961121468497    
 0.9956013894214     0.9950377576246     0.9944233984458     0.9937716736481    
 0.9930384382132     0.9922390263443     0.9913887593193     0.9904245536766    
 0.9893638336188     0.9882203869193     0.9869408010353     0.9854915893827    
 0.9838444810004     0.9821928559779     0.9801796361248     0.9775884667613    
 0.9756623908322     0.9729667005403     0.9682672942545     0.9668833830819    
 0.9641375324758     0.9535363886448     0.9569265186580     0.9599006335571    
 0.9263857737088     0.9535121392104      1.005342779355     0.8988155250873    
 0.8772612536126     0.7888609052210E-30-0.1741417461616E-03-0.1327706441778E-03
-0.9139954219397E-04-0.5002844021016E-04-0.8657338226361E-05 0.3271376375744E-04
 0.7408486574124E-04 0.1103698093912E-03 0.1460916954163E-03 0.1818135814415E-03
 0.2175354674666E-03 0.2532573534917E-03 0.2934024577806E-03 0.3386762396957E-03
 0.3839500216107E-03 0.4292238035258E-03 0.4744975854409E-03 0.5181122371244E-03
 0.5606938944977E-03 0.6032755518710E-03 0.6458572092443E-03 0.6926381073685E-03
 0.7494131275867E-03 0.8061881478049E-03 0.8629631680232E-03 0.9187321355515E-03
 0.9732444262907E-03 0.1027756717030E-02 0.1082497904418E-02 0.1156715568538E-02
 0.1230933232657E-02 0.1305150896777E-02 0.1375299923120E-02 0.1445241249142E-02
 0.1521162935750E-02 0.1617853056103E-02 0.1714543176457E-02 0.1803651873451E-02
 0.1890768998921E-02 0.2001083119004E-02 0.2125350350545E-02 0.2235349552253E-02
 0.2339005904209E-02 0.2495561699482E-02 0.2635384147073E-02 0.2756944174651E-02
 0.2958153621694E-02 0.3104768135066E-02 0.3272249377490E-02 0.3509015051329E-02
 0.3693006389821E-02 0.3890869856716E-02 0.4187748086972E-02 0.4426195991565E-02
 0.4664129256361E-02 0.5042061687233E-02 0.5357024236320E-02 0.5649137715208E-02
 0.6139336465085E-02 0.6563890449087E-02 0.6932177490911E-02 0.7582579750414E-02
 0.8167727423268E-02 0.8676744745031E-02 0.9535044434965E-02 0.1036257446438E-01
 0.1109430205452E-01 0.1226820928904E-01 0.1347593159927E-01 0.1457884615714E-01
 0.1626129569752E-01 0.1809615855325E-01 0.1985953081099E-01 0.2242389789352E-01
 0.2536205045940E-01 0.2839803583432E-01 0.3262841395570E-01 0.3766148315532E-01
 0.4336889969519E-01 0.5103227901129E-01 0.6037219784986E-01 0.7204101974816E-01
 0.8700178130138E-01 0.1058031391187     0.1280550357894     0.1560131699713    
 0.1926412123242     0.2382355028028     0.3081485357965     0.4291107288525    
 0.6354681906058     0.8256736787966     0.8766439864149     0.9140267289927    
 0.9426014805405     0.9559463293009     0.9662589423396     0.9743200564782    
 0.9781049517270     0.9821269750655     0.9863522510523     0.9884452480907    
 0.9906303572132     0.9929229304337     0.9949508776698     0.9970652389619    
 0.9993531462083      1.001003664568      1.002994961590      1.006013760600    
  1.007167405257      1.009161429130      1.015821871414      1.014558256508    
  1.015015695457      1.044308848179      1.022725001371      1.003031898172    
  1.040548073577      1.108988118015      1.051921744339      1.069292133582    
  1.128750372493      1.056718146420      1.101688101250      1.129871239040    
  1.052683763631      1.062259509223      1.083132090743      1.029243729405    
  1.029876503757      1.035327830775      1.023479297128      1.019272989079    
  1.018089313613      1.014849121451      1.012174847344      1.009924917760    
  1.008522737055      1.007355705724      1.006390230997      1.005639317246    
  1.004971406904      1.004400333872      1.003931697957      1.003507952742    
  1.003142374365      1.002822388612      1.002524428389      1.002257374079    
  1.002009359963      1.001771618050      1.001549076618      1.001327702950    
  1.001107923179      1.000894055301      1.000673109516      1.000447374409    
  1.000217251762     0.9999764584873     0.9997265189608     0.9994621788489    
 0.9991832470279     0.9988872915462     0.9985714794620     0.9982386163089    
 0.9978811189926     0.9974939480577     0.9970846974820     0.9966379069225    
 0.9961530418156     0.9956409137899     0.9950759839155     0.9944603881211    
 0.9938074671096     0.9930731074310     0.9922726222277     0.9914213197898    
 0.9904561519721     0.9893945112020     0.9882501793299     0.9869697821289    
 0.9855197924835     0.9838719449861     0.9822196452320     0.9802057829201    
 0.9776140141503     0.9756873952061     0.9729911936592     0.9682913245092    
 0.9669070008609     0.9641607672625     0.9535592883286     0.9569491288883    
 0.9599229839507     0.9264079155722     0.9535341188374      1.005364634785    
 0.8988373655966     0.8772830540591     0.7888609052210E-30-0.1202757448791E-03
-0.8349782607984E-04-0.4671990728059E-04-0.9941988481328E-05 0.2683593031793E-04
 0.6361384911719E-04 0.1003917679164E-03 0.1427466035363E-03 0.1857188256654E-03
 0.2286910477945E-03 0.2716632699236E-03 0.3146354920526E-03 0.3562681883744E-03
 0.3963477178325E-03 0.4364272472906E-03 0.4765067767487E-03 0.5165863062069E-03
 0.5645623562669E-03 0.6174548744246E-03 0.6703473925823E-03 0.7232399107400E-03
 0.7754469091522E-03 0.8260223821432E-03 0.8765978551343E-03 0.9271733281254E-03
 0.9860842155963E-03 0.1055407004958E-02 0.1124729794320E-02 0.1194014569296E-02
 0.1260064756475E-02 0.1326114943654E-02 0.1392165130833E-02 0.1482527364692E-02
 0.1574130706802E-02 0.1664157900578E-02 0.1748711489247E-02 0.1833265077915E-02
 0.1945565249813E-02 0.2065154198816E-02 0.2175008409435E-02 0.2279007124895E-02
 0.2417581963376E-02 0.2571527610292E-02 0.2693742445734E-02 0.2847972118751E-02
 0.3040713158520E-02 0.3171122385359E-02 0.3391243856758E-02 0.3606672705365E-02
 0.3774842689006E-02 0.4041643859268E-02 0.4318638105193E-02 0.4530978083371E-02
 0.4857707679901E-02 0.5219545874268E-02 0.5494862289654E-02 0.5902186490043E-02
 0.6382630058241E-02 0.6750447652612E-02 0.7270203284842E-02 0.7920191520951E-02
 0.8428551178840E-02 0.9111621233498E-02 0.9998520084388E-02 0.1074138725811E-01
 0.1167331646284E-01 0.1292694914082E-01 0.1405212272146E-01 0.1538580366486E-01
 0.1724117762338E-01 0.1902471526917E-01 0.2105370517114E-01 0.2397270557306E-01
 0.2697144972466E-01 0.3030418751279E-01 0.3527896113592E-01 0.4070300965547E-01
 0.4668719724366E-01 0.5602349193235E-01 0.6661335919570E-01 0.7827771723731E-01
 0.9707187509306E-01 0.1175893656305     0.1401174109632     0.1756412400970    
 0.2163176672957     0.2635054802246     0.3730891848325     0.5281558599324    
 0.7600336265888     0.8529273169772     0.8994146482550     0.9301981920985    
 0.9496656819916     0.9628832183516     0.9693874754912     0.9756171066836    
 0.9814267883899     0.9842567708684     0.9873284185890     0.9906072079458    
 0.9920633596930     0.9936410995013     0.9953606920475     0.9970235787501    
 0.9988018466349      1.000772285190      1.002220551604      1.004032006513    
  1.006874251410      1.007918362268      1.009820546650      1.016381110152    
  1.015056120763      1.015467330255      1.044703429543      1.023119201034    
  1.003454760169      1.040886911086      1.109323175179      1.052261523851    
  1.069634381975      1.129091012255      1.057050086156      1.102002696213    
  1.130161841447      1.052947604682      1.062497219842      1.083346229227    
  1.029437820054      1.030055353486      1.035493042669      1.023634051240    
  1.019419340169      1.018228432827      1.014982427347      1.012302975639    
  1.010048314957      1.008641993280      1.007471019404      1.006501772214    
  1.005747297840      1.005075882907      1.004501370656      1.004029389945    
  1.003602343987      1.003233522761      1.002910390108      1.002609337296    
  1.002339273345      1.002088351776      1.001847764881      1.001622484514    
  1.001398470149      1.001176114808      1.000959789437      1.000736470977    
  1.000508426345      1.000276115798      1.000033203050     0.9997812027007    
 0.9995149220306     0.9992341028694     0.9989363221352     0.9986187857618    
 0.9982842471239     0.9979251389481     0.9975364416871     0.9971257096832    
 0.9966775041335     0.9961912948968     0.9956778644023     0.9951117000687    
 0.9944949274656     0.9938408676501     0.9931054372707     0.9923039295084    
 0.9914516403964     0.9904855554598     0.9894230369408     0.9882778610655    
 0.9869966901531     0.9855459584677     0.9838974058803     0.9822444623021    
 0.9802299868883     0.9776376460031     0.9757105089180     0.9730138197169    
 0.9683135094274     0.9669287912513     0.9641821910959     0.9535803922293    
 0.9569699564910     0.9599435635589     0.9264282961917     0.9535543447100    
  1.005384742199     0.8988574581927     0.8773031081893     0.7888609052210E-30
-0.9715342284615E-04-0.5364665013826E-04-0.1013987743037E-04 0.3336689527752E-04
 0.7687366798541E-04 0.1203804406933E-03 0.1638872134012E-03 0.2019614128719E-03
 0.2394342052327E-03 0.2769069975936E-03 0.3143797899545E-03 0.3518525823153E-03
 0.3949287959046E-03 0.4445021207307E-03 0.4940754455568E-03 0.5436487703828E-03
 0.5932220952089E-03 0.6409562971844E-03 0.6875454392938E-03 0.7341345814032E-03
 0.7807237235126E-03 0.8325170679617E-03 0.8966963261197E-03 0.9608755842778E-03
 0.1025054842436E-02 0.1088039269063E-02 0.1149531212179E-02 0.1211023155296E-02
 0.1272797814142E-02 0.1358628335583E-02 0.1444458857024E-02 0.1530289378465E-02
 0.1611279469908E-02 0.1692022461726E-02 0.1780186217950E-02 0.1894120603171E-02
 0.2008054988391E-02 0.2112965141399E-02 0.2215504710014E-02 0.2346969229209E-02
 0.2495832254809E-02 0.2627551961254E-02 0.2751650608666E-02 0.2941907600070E-02
 0.3111867134330E-02 0.3259820131483E-02 0.3507580961768E-02 0.3688632468495E-02
 0.3896526946847E-02 0.4192108289175E-02 0.4423793233324E-02 0.4674230865150E-02
 0.5051073854083E-02 0.5357718612046E-02 0.5666037568828E-02 0.6155160294815E-02
 0.6569620104637E-02 0.6959065645023E-02 0.7608311823405E-02 0.8181592140320E-02
 0.8689758861690E-02 0.9575856487962E-02 0.1039012383290E-01 0.1112058918295E-01
 0.1233315754716E-01 0.1352759729790E-01 0.1462875086517E-01 0.1636723062036E-01
 0.1819285168063E-01 0.1995381632770E-01 0.2260464053921E-01 0.2554892890756E-01
 0.2858157156767E-01 0.3295765203724E-01 0.3804301037346E-01 0.4374543788638E-01
 0.5168246633155E-01 0.6119507243215E-01 0.7285510340603E-01 0.8835339539793E-01
 0.1071416254053     0.1296600843950     0.1586707234959     0.1952555727265    
 0.2415980811654     0.3171097944328     0.4379912141979     0.6528117401316    
 0.8290725291816     0.8801442759017     0.9157902881136     0.9428535087149    
 0.9567331584561     0.9662638882353     0.9733305281451     0.9774753670139    
 0.9822092982639     0.9870639450060     0.9889489847941     0.9912415829040    
 0.9938835167183     0.9947672665300     0.9958764488523     0.9972486357703    
 0.9985918032516      1.000105018157      1.001894178199      1.003165209447    
  1.004826665871      1.007578540723      1.008525562021      1.010342026994    
  1.016861491098      1.015487453502      1.015852370250      1.045076762257    
  1.023445207413      1.003718108980      1.041208343895      1.109641198822    
  1.052575038468      1.069948080833      1.129403755128      1.057355742177    
  1.102293110093      1.130430666526      1.053192169817      1.062718004916    
  1.083545526500      1.029618811127      1.030222414261      1.035647621909    
  1.023779031430      1.019556587904      1.018359011035      1.015107619347    
  1.012423357597      1.010164291604      1.008754100181      1.007579436537    
  1.006606653848      1.005848836404      1.005174129626      1.004596385294    
  1.004121259977      1.003691110794      1.003319240888      1.002993149943    
  1.002689189448      1.002416294709      1.002162636099      1.001919369641    
  1.001691507564      1.001465002218      1.001240216151      1.001021569670    
  1.000796009043      1.000565781071      1.000331401066      1.000086482954    
 0.9998325321799     0.9995644142326     0.9992818077444     0.9989822979587    
 0.9986631275572     0.9983270006912     0.9979663648975     0.9975762194638    
 0.9971640813847     0.9967145319793     0.9962270454922     0.9957123768828    
 0.9951450382802     0.9945271457668     0.9938720018636     0.9931355515428    
 0.9923330694077     0.9914798398923     0.9905128804182     0.9894495248386    
 0.9883035440257     0.9870216351042     0.9855701956574     0.9839209705981    
 0.9822674128540     0.9802523524712     0.9776594655577     0.9757318339927    
 0.9730346792955     0.9683339476354     0.9669488526087     0.9642019023138    
 0.9535997978253     0.9569890981154     0.9599624682401     0.9264470107731    
 0.9535729115114      1.005403195864     0.8988758970402     0.8773215100418    
 0.7888609052210E-30-0.3190328438837E-04 0.5788898851333E-05 0.4348108209104E-04
 0.8117326533074E-04 0.1188654485704E-03 0.1565576318101E-03 0.1942498150498E-03
 0.2396069993578E-03 0.2858127292698E-03 0.3320184591818E-03 0.3782241890939E-03
 0.4244299190059E-03 0.4691609426141E-03 0.5121820589163E-03 0.5552031752185E-03
 0.5982242915207E-03 0.6412454078229E-03 0.6941712610332E-03 0.7532639218134E-03
 0.8123565825936E-03 0.8714492433738E-03 0.9297518249537E-03 0.9861740313754E-03
 0.1042596237797E-02 0.1099018444219E-02 0.1165742376251E-02 0.1245334361409E-02
 0.1324926346567E-02 0.1404473726936E-02 0.1480225751926E-02 0.1555977776915E-02
 0.1631729801905E-02 0.1737627164974E-02 0.1845063420605E-02 0.1950652037546E-02
 0.2049824225049E-02 0.2148996412553E-02 0.2282766996987E-02 0.2425626268174E-02
 0.2556954610637E-02 0.2681347040220E-02 0.2849027162549E-02 0.3035950819856E-02
 0.3184723360161E-02 0.3373713002200E-02 0.3611168482670E-02 0.3772537113415E-02
 0.4047072277349E-02 0.4316798911937E-02 0.4529410955551E-02 0.4867859701851E-02
 0.5220797330459E-02 0.5496194530739E-02 0.5919220307803E-02 0.6389238438898E-02
 0.6756844662806E-02 0.7297469007431E-02 0.7935387056888E-02 0.8443193658956E-02
 0.9154409537593E-02 0.1003997622472E-01 0.1076990619252E-01 0.1174084181969E-01
 0.1299295071611E-01 0.1410504726059E-01 0.1549513163858E-01 0.1734866486374E-01
 0.1912307101834E-01 0.2123897061214E-01 0.2415560060939E-01 0.2716051259018E-01
 0.3063960642674E-01 0.3561102446568E-01 0.4108729048492E-01 0.4734639606445E-01
 0.5667704638492E-01 0.6743925931629E-01 0.7964429913191E-01 0.9842654197694E-01
 0.1192164304714     0.1417271580940     0.1782934401074     0.2197341136741    
 0.2668615773864     0.3820341646479     0.5455801779243     0.7774509896849    
 0.8563620032877     0.9012443100368     0.9321364892474     0.9501248851856    
 0.9626088509309     0.9696484993057     0.9754414331634     0.9803648796550    
 0.9835536700086     0.9873380760956     0.9912709703586     0.9925186047324    
 0.9942089778626     0.9962788413553     0.9968146518375     0.9975904671269    
 0.9986462880249     0.9997975603403      1.001131541022      1.002745128235    
  1.003912613375      1.005481100487      1.008134338339      1.009025411285    
  1.010795242938      1.017256435189      1.015849431789      1.016190543445    
  1.045379655056      1.023755156761      1.004056757787      1.041486233022    
  1.109919531771      1.052859944931      1.070237183483      1.129693077310    
  1.057638893220      1.102562451250      1.130680267374      1.053419523633    
  1.062923488373      1.083731262472      1.029787730451      1.030378539838    
  1.035792275731      1.023914849497      1.019685282951      1.018481557083    
  1.015225186813      1.012536468703      1.010273312874      1.008859513209    
  1.007681403091      1.006705312583      1.005944359041      1.005266562039    
  1.004685781002      1.004207698226      1.003774629649      1.003399890690    
  1.003071014436      1.002764315623      1.002488754036      1.002232515213    
  1.001986721620      1.001756422700      1.001527564488      1.001300481366    
  1.001079639511      1.000851957005      1.000619661938      1.000383321031    
  1.000136502126     0.9998807020806     0.9996108410727     0.9993265386016    
 0.9990253877566     0.9987046657266     0.9983670304775     0.9980049435694    
 0.9976134220633     0.9971999477671     0.9967491211195     0.9962604202541    
 0.9957445742515     0.9951761186765     0.9945571605161     0.9939009848056    
 0.9931635633332     0.9923601530113     0.9915060273654     0.9905382342044    
 0.9894740804403     0.9883273318733     0.9870447189330     0.9855926042667    
 0.9839427375867     0.9822885938671     0.9802729752193     0.9776795669584    
 0.9757514635627     0.9730538645724     0.9683527303221     0.9669672753605    
 0.9642199906596     0.9536175942053     0.9570066423543     0.9599797861638    
 0.9264641470767     0.9535899067270      1.005420083089     0.8988927694647    
 0.8773383468956     0.7888609052210E-30-0.4724850270504E-05 0.4105789550131E-04
 0.8684064127312E-04 0.1326233870449E-03 0.1784061328167E-03 0.2241888785885E-03
 0.2699716243604E-03 0.3098998827218E-03 0.3491800264239E-03 0.3884601701259E-03
 0.4277403138280E-03 0.4670204575301E-03 0.5133550016796E-03 0.5678690530527E-03
 0.6223831044258E-03 0.6768971557990E-03 0.7314112071721E-03 0.7838787688359E-03
 0.8350721615491E-03 0.8862655542624E-03 0.9374589469757E-03 0.9951078250758E-03
 0.1068120649413E-02 0.1141133473749E-02 0.1214146298086E-02 0.1285771641711E-02
 0.1355663860597E-02 0.1425556079482E-02 0.1495798945482E-02 0.1595877854890E-02
 0.1695956764297E-02 0.1796035673705E-02 0.1890516622090E-02 0.1984711799568E-02
 0.2088166985380E-02 0.2223780076522E-02 0.2359393167665E-02 0.2484480234313E-02
 0.2606802209284E-02 0.2765415975174E-02 0.2945859439788E-02 0.3105952359612E-02
 0.3256998448900E-02 0.3491305598914E-02 0.3701169035033E-02 0.3884784863246E-02
 0.4194235226116E-02 0.4422510741357E-02 0.4685792671371E-02 0.5061046926836E-02
 0.5359645026509E-02 0.5684220420349E-02 0.6172042950537E-02 0.6576755302173E-02
 0.6987640883182E-02 0.7635637439981E-02 0.8197366908599E-02 0.8734177598270E-02
 0.9618966101930E-02 0.1042027424455E-01 0.1115002779201E-01 0.1240131749249E-01
 0.1358279620917E-01 0.1468282877809E-01 0.1647757194030E-01 0.1829432343941E-01
 0.2005366019843E-01 0.2279136395285E-01 0.2574224922276E-01 0.2877255185898E-01
 0.3329498380095E-01 0.3843323373058E-01 0.4413208097993E-01 0.5234373255204E-01
 0.6202989379190E-01 0.7368344763765E-01 0.8972090332380E-01 0.1087848245627    
 0.1312870686318     0.1613527243927     0.1979013044609     0.2450008203941    
 0.3261209010905     0.4469316406773     0.6702500157797     0.8325730854418    
 0.8836359816638     0.9176595880931     0.9433752117837     0.9573684928636    
 0.9661960601632     0.9728746579878     0.9775557380090     0.9819610174235    
 0.9859299681226     0.9881732901481     0.9912017863330     0.9945023081284    
 0.9951783310552     0.9964178962037     0.9981404975423     0.9983597878852    
 0.9988814522347     0.9997558862583      1.000731355629      1.001922611365    
  1.003445653909      1.004516176877      1.006003265113      1.008612746851    
  1.009449317307      1.011170270685      1.017612078419      1.016176936040    
  1.016490418603      1.045676105295      1.024019444963      1.004276091384    
  1.041753877516      1.110186982117      1.053125890865      1.070504876375    
  1.129961016260      1.057901544686      1.102812661399      1.130912415721    
  1.053631244075      1.063115095686      1.083904712477      1.029945709873    
  1.030524731554      1.035927886754      1.024042292323      1.019806128112    
  1.018596697153      1.015335691874      1.012642817262      1.010375840801    
  1.008958662131      1.007777321192      1.006798126878      1.006034225993    
  1.005353523165      1.004769884739      1.004289016873      1.003853198284    
  1.003475755799      1.003144253213      1.002834971628      1.002556893701    
  1.002298220638      1.002050042317      1.001817441610      1.001586359292    
  1.001357103867      1.001134184734      1.000904493351      1.000670240432    
  1.000432040964      1.000183419672     0.9999258653885     0.9996543499543    
 0.9993684372375     0.9990657276910     0.9987435313088     0.9984044624635    
 0.9980409959217     0.9976481659695     0.9972334210121     0.9967813795974    
 0.9962915237994     0.9957745580677     0.9952050402739     0.9945850689426    
 0.9939279122976     0.9931895672959     0.9923852740601     0.9915302958002    
 0.9905617090062     0.9894967952682     0.9883493155781     0.9870660318450    
 0.9856132737375     0.9839627955265     0.9823080930619     0.9802919420110    
 0.9776980364562     0.9757694828324     0.9730714598166     0.9683699412428    
 0.9669841426256     0.9642365386177     0.9536338633509     0.9570226706951    
 0.9599955983600     0.9264797858507     0.9536054108353      1.005435484115    
 0.8989081557289     0.8773536989558     0.7888609052210E-30 0.7388202950265E-04
 0.1123466232704E-03 0.1508112170381E-03 0.1892758108059E-03 0.2277404045736E-03
 0.2662049983413E-03 0.3046695921091E-03 0.3533765109074E-03 0.4032172951551E-03
 0.4530580794028E-03 0.5028988636505E-03 0.5527396478982E-03 0.6009397130000E-03
 0.6472373805551E-03 0.6935350481101E-03 0.7398327156651E-03 0.7861303832201E-03
 0.8448255887049E-03 0.9112396494670E-03 0.9776537102291E-03 0.1044067770991E-02
 0.1109581468403E-02 0.1172952316241E-02 0.1236323164079E-02 0.1299694011916E-02
 0.1375841071818E-02 0.1467947106149E-02 0.1560053140480E-02 0.1652108483245E-02
 0.1739850555787E-02 0.1827592628329E-02 0.1915334700870E-02 0.2040667409804E-02
 0.2167919087122E-02 0.2293064458984E-02 0.2410895110490E-02 0.2528725761996E-02
 0.2689992492788E-02 0.2862669489762E-02 0.3021930892709E-02 0.3173122746913E-02
 0.3378902439639E-02 0.3608949144841E-02 0.3793571169005E-02 0.4029104846562E-02
 0.4326143002943E-02 0.4530625556673E-02 0.4879070915731E-02 0.5223281970652E-02
 0.5499071966355E-02 0.5937325878145E-02 0.6396818806385E-02 0.6764644540038E-02
 0.7326001169163E-02 0.7951889045762E-02 0.8459623261201E-02 0.9199009616999E-02
 0.1007128179868E-01 0.1080079283825E-01 0.1181090447237E-01 0.1306153090183E-01
 0.1416115375264E-01 0.1560796351617E-01 0.1745982467786E-01 0.1922572846797E-01
 0.2142902889771E-01 0.2434362493374E-01 0.2735541475935E-01 0.3098155101217E-01
 0.3595020563047E-01 0.4147956337652E-01 0.4801448192745E-01 0.5734056670026E-01
 0.6827634113671E-01 0.8102312801931E-01 0.9979568640019E-01 0.1208598625387    
 0.1444360924770     0.1809698348294     0.2231800440904     0.2702557964159    
 0.3910326735122     0.5630728871564     0.7949203267730     0.8598814887151    
 0.9031796463575     0.9340685008103     0.9506907129894     0.9626037834186    
 0.9697576385684     0.9751926604821     0.9798363114731     0.9835608926242    
 0.9870172830364     0.9900880772653     0.9916936698484     0.9941250732109    
 0.9968711092100     0.9971991560033     0.9981082312212     0.9995153308030    
 0.9995532492949     0.9998965625018      1.000596169543      1.001474609297    
  1.002572581386      1.003997960850      1.005016330814      1.006455392217    
  1.009007513245      1.009814668789      1.011510982575      1.017916122653    
  1.016461764135      1.016761894654      1.045923822561      1.024275804206    
  1.004557660489      1.041989760844      1.110424704414      1.053370132893    
  1.070753484593      1.130210440866      1.058146150269      1.103045779741    
  1.131128828231      1.053828755849      1.063293989577      1.084066809518    
  1.030093515646      1.030661636062      1.036055002338      1.024161842343    
  1.019919565479      1.018704846602      1.015439537886      1.012742798227    
  1.010472264192      1.009051929723      1.007867566345      1.006885463901    
  1.006118793683      1.005435357935      1.004849029068      1.004365536759    
  1.003927125616      1.003547132800      1.003213150371      1.002901429201    
  1.002620973436      1.002359999204      1.002109566115      1.001874788633    
  1.001641602521      1.001410291958      1.001185406899      1.000953813646    
  1.000717706630      1.000477745911      1.000227415948     0.9999681980615    
 0.9996951123928     0.9994076708846     0.9991034808972     0.9987798832027    
 0.9984394514067     0.9980746727425     0.9976805977152     0.9972646433790    
 0.9968114454735     0.9963204898100     0.9958024575856     0.9952319279167    
 0.9946109912605     0.9939528999369     0.9932136750226     0.9924085405655    
 0.9915527499547     0.9905834070711     0.9895177691911     0.9883695927427    
 0.9870856696354     0.9856322981249     0.9839812368109     0.9823260014851    
 0.9803093425976     0.9777149625462     0.9757859792621     0.9730875515127    
 0.9683856659481     0.9669995392185     0.9642516303427     0.9536486888114    
 0.9570372661789     0.9600099874162     0.9264940092963     0.9536195057777    
  1.005449480716     0.8989221376266     0.8773676479742     0.7888609052210E-30
 0.1053589257327E-03 0.1535931194278E-03 0.2018273131229E-03 0.2500615068179E-03
 0.2982957005130E-03 0.3465298942081E-03 0.3947640879031E-03 0.4366297383085E-03
 0.4777903660576E-03 0.5189509938067E-03 0.5601116215559E-03 0.6012722493050E-03
 0.6512804116657E-03 0.7115472024963E-03 0.7718139933269E-03 0.8320807841575E-03
 0.8923475749881E-03 0.9503351798911E-03 0.1006903736397E-02 0.1063472292903E-02
 0.1120040849409E-02 0.1184633632158E-02 0.1268323937897E-02 0.1352014243635E-02
 0.1435704549373E-02 0.1517831410339E-02 0.1598005346992E-02 0.1678179283646E-02
 0.1758790401193E-02 0.1876600593270E-02 0.1994410785347E-02 0.2112220977424E-02
 0.2223796202926E-02 0.2335053138957E-02 0.2457945451929E-02 0.2621244785797E-02
 0.2784544119664E-02 0.2935894992592E-02 0.3084107112622E-02 0.3278212243401E-02
 0.3499922255967E-02 0.3697859419472E-02 0.3885228367777E-02 0.4178243380871E-02
 0.4442103778330E-02 0.4675100377477E-02 0.5068046189106E-02 0.5362786098955E-02
 0.5703977207770E-02 0.6189858655899E-02 0.6585107532280E-02 0.7017408848118E-02
 0.7663850867229E-02 0.8214418257897E-02 0.8780123185571E-02 0.9663444769629E-02
 0.1045214975804E-01 0.1122173514656E-01 0.1247150980358E-01 0.1364036913244E-01
 0.1473987246574E-01 0.1659083489217E-01 0.1839908063049E-01 0.2015749023267E-01
 0.2298221095651E-01 0.2594012139978E-01 0.2896896057792E-01 0.3363809490445E-01
 0.3882978939938E-01 0.4452621443973E-01 0.5301314411919E-01 0.6287368013658E-01
 0.7452239930799E-01 0.9110010788588E-01 0.1104409868753     0.1329306623565    
 0.1640527990445     0.2013806399391     0.2484334722624     0.3351722910336    
 0.4559276696171     0.6877621683766     0.8361505883098     0.8871852496122    
 0.9196189108718     0.9440062233743     0.9579995112046     0.9662356334471    
 0.9726884700698     0.9774841181521     0.9816390687931     0.9853287206033    
 0.9881080737525     0.9908320275426     0.9932751579085     0.9943091800960    
 0.9963065372927     0.9987070102129     0.9987198592446     0.9993858083357    
  1.000611557478      1.000474941711      1.000682465681      1.001291486010    
  1.002073272172      1.003094576972      1.004476076145      1.005439508072    
  1.006832512686      1.009363083357      1.010137358773      1.011803521648    
  1.018198937972      1.016726795369      1.017008784625      1.046170309817    
  1.024498902164      1.004746919804      1.042218319056      1.110654253824    
  1.053599515220      1.070985032622      1.130442602267      1.058374024289    
  1.103263128977      1.131330764108      1.054013228801      1.063461235532    
  1.084218511263      1.030231997824      1.030790019280      1.036174306943    
  1.024274115921      1.020026149585      1.018806502411      1.015537172509    
  1.012836817239      1.010562951989      1.009139657221      1.007952455896    
  1.006967620381      1.006198343924      1.005512334489      1.004923469910    
  1.004437503192      1.003996646158      1.003614244903      1.003277920763    
  1.002963895603      1.002681193421      1.002418044265      1.002165479658    
  1.001928643861      1.001693467718      1.001460212681      1.001233466789    
  1.001000072548      1.000762209201      1.000520579198      1.000268629129    
  1.000007833289     0.9997332573729     0.9994443644900     0.9991387684798    
 0.9988138393386     0.9984721121949     0.9981060859978     0.9977108267640    
 0.9972937218761     0.9968394232363     0.9963474203618     0.9958283724482    
 0.9952568786392     0.9946350220487     0.9939760399036     0.9932359762296    
 0.9924300399686     0.9915734751214     0.9906034116430     0.9895370836734    
 0.9883882432830     0.9871037108838     0.9856497548396     0.9839981378762    
 0.9823423946346     0.9803252516237     0.9777304191523     0.9758010260541    
 0.9731022122013     0.9683999764531     0.9670135366159     0.9642653368013    
 0.9536621411507     0.9570504990624     0.9600230233364     0.9265068872291    
 0.9536322611883      1.005462142366     0.8989347846680     0.8773802634238    
 0.7888609052210E-30 0.1997052631699E-03 0.2387641845442E-03 0.2778231059184E-03
 0.3168820272927E-03 0.3559409486669E-03 0.3949998700412E-03 0.4340587914154E-03
 0.4865564143751E-03 0.5405417541731E-03 0.5945270939711E-03 0.6485124337691E-03
 0.7024977735671E-03 0.7546412576460E-03 0.8046491283199E-03 0.8546569989938E-03
 0.9046648696677E-03 0.9546727403416E-03 0.1020191849803E-02 0.1095368441907E-02
 0.1170545034011E-02 0.1245721626115E-02 0.1319890711811E-02 0.1391661949268E-02
 0.1463433186724E-02 0.1535204424181E-02 0.1622893244413E-02 0.1730464976358E-02
 0.1838036708303E-02 0.1945553362420E-02 0.2048383525735E-02 0.2151213689050E-02
 0.2254043852365E-02 0.2404075580059E-02 0.2556516905420E-02 0.2706650693514E-02
 0.2848770928886E-02 0.2990891164258E-02 0.3188005458057E-02 0.3399566194890E-02
 0.3595907718095E-02 0.3783094806098E-02 0.4039763791731E-02 0.4327320940777E-02
 0.4561520580366E-02 0.4860828750440E-02 0.5239048280970E-02 0.5505220372688E-02
 0.5956617314009E-02 0.6405768961143E-02 0.6774094894249E-02 0.7355567640913E-02
 0.7969293144046E-02 0.8477381021844E-02 0.9244724111818E-02 0.1010375439077E-01
 0.1083332924603E-01 0.1188258173801E-01 0.1312011618571E-01 0.1421945182654E-01
 0.1572310731004E-01 0.1757332265868E-01 0.1933138299327E-01 0.2162236815107E-01
 0.2453509893597E-01 0.2755447876617E-01 0.3132813023294E-01 0.3629439644553E-01
 0.4187769592478E-01 0.4868912602459E-01 0.5801142732068E-01 0.6912187614656E-01
 0.8241132838843E-01 0.1011759778205     0.1225158704912     0.1471574627957    
 0.1836633640586     0.2266488552874     0.2793523214009     0.4000745613847    
 0.5806227188952     0.8124502342855     0.8634727980809     0.9051927914593    
 0.9360597860176     0.9513474315948     0.9627079859680     0.9698624409458    
 0.9750510855914     0.9795769309909     0.9834156732227     0.9866226400559    
 0.9894378918766     0.9915792023878     0.9937111961002     0.9956171997895    
 0.9963030327483     0.9979725964849      1.000068301551     0.9998997217430    
  1.000388123491      1.001439652287      1.001212542164      1.001326674012    
  1.001838921494      1.002572826954      1.003545449612      1.004870465391    
  1.005806973130      1.007173989817      1.009668586745      1.010426045948    
  1.012077877174      1.018448086205      1.016963361027      1.017236782992    
  1.046380964530      1.024717480992      1.004986372946      1.042422424089    
  1.110860432606      1.053811501160      1.071200998411      1.130659463268    
  1.058586863472      1.103466149310      1.131519442931      1.054185675025    
  1.063617668946      1.084360497191      1.030361721475      1.030910374586    
  1.036286236438      1.024379513594      1.020126259362      1.018902029404    
  1.015628954120      1.012925226676      1.010648250584      1.009222181919    
  1.008032317567      1.007044914056      1.006273181729      1.005584746668    
  1.004993491752      1.004505188326      1.004062021266      1.003677345526    
  1.003338809024      1.003022606610      1.002737780749      1.002472574849    
  1.002217994048      1.001979210284      1.001742150001      1.001507053378    
  1.001278543929      1.001043442238      1.000803913302      1.000560699252    
  1.000307211421      1.000044917490     0.9997689258728     0.9994786539710    
 0.9991717217371     0.9988455265972     0.9985025675459     0.9981353546239    
 0.9977389683265     0.9973207681696     0.9968654213919     0.9963724209577    
 0.9958524053503     0.9952799928225     0.9946572594810     0.9939974282663    
 0.9932565651827     0.9924498646846     0.9915925618522     0.9906218116160    
 0.9895548259475     0.9884053527655     0.9871202397597     0.9856657266548    
 0.9840135801009     0.9823573527544     0.9803397482457     0.9777444843828    
 0.9758147004901     0.9731155183880     0.9684129485089     0.9670262099537    
 0.9642777325613     0.9536742943872     0.9570624429526     0.9600347793807    
 0.9265184925787     0.9536437497639      1.005473541604     0.8989461693979    
 0.8773916178071     0.7888609052210E-30 0.2356863598495E-03 0.2865928190387E-03
 0.3374992782278E-03 0.3884057374170E-03 0.4393121966061E-03 0.4902186557953E-03
 0.5411251149844E-03 0.5850416950767E-03 0.6281844682081E-03 0.6713272413395E-03
 0.7144700144710E-03 0.7576127876024E-03 0.8118305665433E-03 0.8788897046750E-03
 0.9459488428066E-03 0.1013007980938E-02 0.1080067119070E-02 0.1144599545119E-02
 0.1207558810029E-02 0.1270518074939E-02 0.1333477339849E-02 0.1406441517304E-02
 0.1503217217710E-02 0.1599992918116E-02 0.1696768618522E-02 0.1791862020964E-02
 0.1884854037637E-02 0.1977846054311E-02 0.2071386566603E-02 0.2211597758337E-02
 0.2351808950072E-02 0.2492020141806E-02 0.2625682733753E-02 0.2759011025536E-02
 0.2907081552943E-02 0.3106348515667E-02 0.3305615478390E-02 0.3491874833045E-02
 0.3674717206404E-02 0.3916160011862E-02 0.4192851278347E-02 0.4442436952589E-02
 0.4679972841332E-02 0.5052973517012E-02 0.5391710687782E-02 0.5694960753531E-02
 0.6203725727224E-02 0.6594807358904E-02 0.7048919538202E-02 0.7692993635012E-02
 0.8232682607549E-02 0.8827155733917E-02 0.9708627830657E-02 0.1048515819313E-01
 0.1129476771486E-01 0.1254283685173E-01 0.1369946842341E-01 0.1485662528665E-01
 0.1670586738743E-01 0.1850598933168E-01 0.2026400828460E-01 0.2317571997872E-01
 0.2614109287552E-01 0.2916907050879E-01 0.3398515021930E-01 0.3923088733721E-01
 0.4492566269666E-01 0.5368846167147E-01 0.6372434111749E-01 0.7536955105382E-01
 0.9248877918178E-01 0.1121082687135     0.1345879447329     0.1667707551619    
 0.2048845447273     0.2518999465419     0.3442600402939     0.4735078949858    
 0.7053236914258     0.8397835188475     0.8907953728249     0.9216520541677    
 0.9447166329184     0.9586904253116     0.9663661600129     0.9726115166779    
 0.9774080095104     0.9814241360944     0.9849966213362     0.9878901542957    
 0.9903881241077     0.9925806475614     0.9941505796348     0.9958656276894    
 0.9974284353912     0.9977991931981     0.9992356627034      1.001150156029    
  1.000808097454      1.001167706440      1.002128744766      1.001805188185    
  1.001847166876      1.002315603384      1.002994411150      1.003924269206    
  1.005227758222      1.006130820838      1.007469644431      1.009952741024    
  1.010688358232      1.012319689457      1.018684213455      1.017186950075    
  1.017447247499      1.046591831830      1.024910371283      1.005152812916    
  1.042620447840      1.111059757290      1.054011198532      1.071402791424    
  1.130861901020      1.058785651747      1.103655856451      1.131695844875    
  1.054347007580      1.063764134091      1.084493548140      1.030483387285    
  1.031023338880      1.036391366351      1.024478555978      1.020220365112    
  1.018991850755      1.015715265079      1.013008373460      1.010728475503    
  1.009299796075      1.008107422884      1.007117597897      1.006343547691    
  1.005652822404      1.005059309522      1.004568797858      1.004123448123    
  1.003736623978      1.003395996651      1.003077736186      1.002790902463    
  1.002523751756      1.002267264220      1.002026637577      1.001787793876    
  1.001550953513      1.001320773205      1.001084053091      1.000842944881    
  1.000598228068      1.000343280882      1.000079564805     0.9998022286297    
 0.9995106466731     0.9992024446381     0.9988750459994     0.9985309155898    
 0.9981625738940     0.9977651152592     0.9973458728137     0.9968895282690    
 0.9963955780647     0.9958746410258     0.9953013535314     0.9946777852349    
 0.9940171454420     0.9932755210468     0.9924680927783     0.9916100871976    
 0.9906386829187     0.9895710708763     0.9884209950367     0.9871353289363    
 0.9856802851329     0.9840276340093     0.9823709452986     0.9803529009325    
 0.9777572258631     0.9758270693920     0.9731275361745     0.9684246476692    
 0.9670376242738     0.9642888822066     0.9536852127898     0.9570731617521    
 0.9600453190894     0.9265288886736     0.9536540346436      1.005483741409    
 0.8989563548301     0.8774017741006     0.7888609052210E-30 0.3486546861927E-03
 0.3880890957606E-03 0.4275235053285E-03 0.4669579148963E-03 0.5063923244642E-03
 0.5458267340321E-03 0.5852611436000E-03 0.6421133508669E-03 0.7008937764784E-03
 0.7596742020899E-03 0.8184546277014E-03 0.8772350533128E-03 0.9339388384497E-03
 0.9882347795907E-03 0.1042530720732E-02 0.1096826661872E-02 0.1151122603013E-02
 0.1224839821473E-02 0.1310648959294E-02 0.1396458097115E-02 0.1482267234935E-02
 0.1566985696256E-02 0.1649108365921E-02 0.1731231035585E-02 0.1813353705250E-02
 0.1915414664637E-02 0.2042380866226E-02 0.2169347067814E-02 0.2296257869760E-02
 0.2418454798189E-02 0.2540651726617E-02 0.2662848655045E-02 0.2844794520341E-02
 0.3029790515454E-02 0.3212425118000E-02 0.3386859140603E-02 0.3561293163206E-02
 0.3806057472970E-02 0.4069296914704E-02 0.4315979585765E-02 0.4552703274187E-02
 0.4878882734488E-02 0.5244829739925E-02 0.5549499365353E-02 0.5938504406025E-02
 0.6430166925338E-02 0.6787422521740E-02 0.7386484111288E-02 0.7988197403560E-02
 0.8496956393400E-02 0.9291408013605E-02 0.1013695310697E-01 0.1086711714717E-01
 0.1195515835365E-01 0.1317957301016E-01 0.1427923079080E-01 0.1583959386855E-01
 0.1768095366266E-01 0.1943898432485E-01 0.2181770360296E-01 0.2472844169474E-01
 0.2775624649350E-01 0.3167765923682E-01 0.3664161458213E-01 0.4227974503424E-01
 0.4936816278516E-01 0.5868715019992E-01 0.6997345510318E-01 0.8380645006295E-01
 0.1025646859500     0.1241825740676     0.1498910611162     0.1863752257038    
 0.2301399644372     0.2884756677485     0.4091547172154     0.5982218569774    
 0.8161230656025     0.8671224233706     0.9072694126181     0.9381143717053    
 0.9520789063152     0.9628915758545     0.9700270694782     0.9750003002955    
 0.9794265322801     0.9832658678403     0.9863349291657     0.9890566342934    
 0.9913119001630     0.9932230815259     0.9948957119578     0.9961172571266    
 0.9975070490907     0.9987753517199     0.9989641930626      1.000224027033    
  1.001971554802      1.001538963450      1.001804991096      1.002669835025    
  1.002302535253      1.002295249377      1.002707979712      1.003362705777    
  1.004265823068      1.005534100224      1.006422033677      1.007745304984    
  1.010203681616      1.010928352715      1.012550110515      1.018895862854    
  1.017389350599      1.017643337956      1.046774497746      1.025099592849    
  1.005358866626      1.042798675839      1.111239916505      1.054196346426    
  1.071591396890      1.131051320091      1.058971613224      1.103833316447    
  1.131860892112      1.054498010028      1.063901285385      1.084618206764    
  1.030597447991      1.031129307959      1.036490045602      1.024571563497    
  1.020308771766      1.019076262912      1.015796400076      1.013086549414    
  1.010803914869      1.009372782428      1.008178048939      1.007185943123    
  1.006409706146      1.005716819213      1.005121173996      1.004628575319    
  1.004181162066      1.003792305953      1.003449700072      1.003129491563    
  1.002840756590      1.002571763653      1.002313469517      1.002071096017    
  1.001830561256      1.001592067093      1.001360301520      1.001122045686    
  1.000879438739      1.000633295393      1.000376962752      1.000111896430    
 0.9998332832509     0.9995404569235     0.9992310485895     0.9989025061305    
 0.9985572622531     0.9981878473229     0.9977893686654     0.9973691346101    
 0.9969118406166     0.9964169863658     0.9958951721436     0.9953210516075    
 0.9946966882314     0.9940352784145     0.9932929290048     0.9924848075880    
 0.9916261326419     0.9906541053955     0.9895858966746     0.9884352466898    
 0.9871490536596     0.9856935042074     0.9840403722629     0.9823832439103    
 0.9803647803589     0.9777687133439     0.9758382017728     0.9731383338806    
 0.9684351415841     0.9670478466827     0.9642988523406     0.9536949624678    
 0.9570827211946     0.9600547078751     0.9265381406121     0.9536631807056    
  1.005492806512     0.8989654056910     0.8774107969931     0.7888609052210E-30
 0.3893111931576E-03 0.4431700897960E-03 0.4970289864344E-03 0.5508878830727E-03
 0.6047467797111E-03 0.6586056763495E-03 0.7124645729879E-03 0.7585917122374E-03
 0.8038629156971E-03 0.8491341191567E-03 0.8944053226163E-03 0.9396765260759E-03
 0.9988064950372E-03 0.1074005564892E-02 0.1149204634747E-02 0.1224403704602E-02
 0.1299602774456E-02 0.1372035380688E-02 0.1442745553607E-02 0.1513455726526E-02
 0.1584165899445E-02 0.1667402605043E-02 0.1780452246940E-02 0.1893501888838E-02
 0.2006551530735E-02 0.2117928331633E-02 0.2227215559614E-02 0.2336502787594E-02
 0.2446483391896E-02 0.2615462360091E-02 0.2784441328286E-02 0.2953420296481E-02
 0.3116222101209E-02 0.3278708567264E-02 0.3460064860224E-02 0.3706951775338E-02
 0.3953838690453E-02 0.4187561805459E-02 0.4417826908931E-02 0.4723844196185E-02
 0.5075426811239E-02 0.5397324974888E-02 0.5706026921722E-02 0.6190841969837E-02
 0.6636378698880E-02 0.7042682102381E-02 0.7716902611014E-02 0.8252522278686E-02
 0.8876220753121E-02 0.9754796886803E-02 0.1051942985242E-01 0.1136881996394E-01
 0.1261467706317E-01 0.1375957433870E-01 0.1497455451739E-01 0.1682178134365E-01
 0.1861423224888E-01 0.2046102282616E-01 0.2337070887591E-01 0.2634397650002E-01
 0.2937174261643E-01 0.3433456847103E-01 0.3963482006752E-01 0.4532873502958E-01
 0.5436747045542E-01 0.6457930032411E-01 0.7622210523951E-01 0.9388327406037E-01
 0.1137821923611     0.1362539890303     0.1694970009080     0.2083968246147    
 0.2553814725427     0.3533728739381     0.4911328238672     0.7229366155895    
 0.8434698666311     0.8929087774379     0.9237446605340     0.9454902823703    
 0.9594442516981     0.9665709242442     0.9726135163845     0.9773913480512    
 0.9812996796223     0.9847733598165     0.9876675311537     0.9900510672626    
 0.9921550806196     0.9938390640150     0.9953503744912     0.9966823015533    
 0.9975889568202     0.9987558582276     0.9998434927290     0.9998590020148    
  1.000996286646      1.002652629374      1.002124354180      1.002322678024    
  1.003143801042      1.002721097223      1.002674102319      1.003065434482    
  1.003686358791      1.004563637934      1.005820472523      1.006686001405    
  1.007990178788      1.010441394907      1.011150088655      1.012756578282    
  1.019098243214      1.017582042707      1.017825779432      1.046957286457    
  1.025268092382      1.005506277033      1.042971410584      1.111413955962    
  1.054370976520      1.071767946372      1.131228428376      1.059145535982    
  1.103999347423      1.132015381217      1.054639428443      1.064029812914    
  1.084735106938      1.030704484234      1.031228810189      1.036582752642    
  1.024658971332      1.020391873634      1.019155621062      1.015872678976    
  1.013160044405      1.010874832535      1.009441386687      1.008244425982    
  1.007250166829      1.006471863970      1.005776934396      1.005179273654    
  1.004684701451      1.004235336477      1.003844557931      1.003500079519    
  1.003178027020      1.002887491863      1.002616753998      1.002356748331    
  1.002112719365      1.001870581588      1.001630519481      1.001397250655    
  1.001157538251      1.000913509594      1.000666012717      1.000408365178    
  1.000142017071     0.9998621911349     0.9995681827803     0.9992576282702    
 0.9989279987331     0.9985816964585     0.9982112611410     0.9978118125490    
 0.9973906354656     0.9969324383433     0.9964367240667     0.9959140752951    
 0.9953391620275     0.9947140419923     0.9940518993089     0.9933088597129    
 0.9925000784055     0.9916407661737     0.9906681456845     0.9895993687476    
 0.9884481719985     0.9871614771190     0.9857054461126     0.9840518562915    
 0.9823943093000     0.9803754466181     0.9777790064542     0.9758481568290    
 0.9731479703249     0.9684444888049     0.9670569354430     0.9643077009567    
 0.9537036012306     0.9570911788920     0.9600630031595     0.9265463057021    
 0.9536712451400      1.005500793993     0.8989733791101     0.8774187435890    
 0.7888609052210E-30 0.5244450418363E-03 0.5639789171570E-03 0.6035127924778E-03
 0.6430466677985E-03 0.6825805431192E-03 0.7221144184400E-03 0.7616482937607E-03
 0.8235905857717E-03 0.8880135771730E-03 0.9524365685743E-03 0.1016859559976E-02
 0.1081282551377E-02 0.1143360810728E-02 0.1202720376563E-02 0.1262079942399E-02
 0.1321439508235E-02 0.1380799074071E-02 0.1464533474634E-02 0.1563443938600E-02
 0.1662354402567E-02 0.1761264866534E-02 0.1859056252603E-02 0.1954184252170E-02
 0.2049312251736E-02 0.2144440251302E-02 0.2264716025599E-02 0.2416404294607E-02
 0.2568092563616E-02 0.2719732945244E-02 0.2867298660654E-02 0.3014864376063E-02
 0.3162430091472E-02 0.3386397060969E-02 0.3614264246189E-02 0.3840016620651E-02
 0.4058424737770E-02 0.4276832854890E-02 0.4586357886740E-02 0.4919818510101E-02
 0.5236562247419E-02 0.5543250691881E-02 0.5966890554965E-02 0.6442521147333E-02
 0.6850404014104E-02 0.7369477102900E-02 0.8024677786723E-02 0.8521141814745E-02
 0.9339845628092E-02 0.1017209642765E-01 0.1090300257947E-01 0.1202879272683E-01
 0.1323985244447E-01 0.1434026006745E-01 0.1595690232389E-01 0.1778951244999E-01
 0.1954803897749E-01 0.2201429855988E-01 0.2493206952266E-01 0.2795997913853E-01
 0.3202915471014E-01 0.3699084395809E-01 0.4268466353213E-01 0.5005027070368E-01
 0.5936629673899E-01 0.7082942890729E-01 0.8520631797244E-01 0.1039589372548    
 0.1258565125777     0.1526322060609     0.1890970924790     0.2336432882933    
 0.2976157552324     0.4182611498581     0.6158591520602     0.8198399383482    
 0.8708196630330     0.9093973434782     0.9389252160465     0.9528707258877    
 0.9631388430272     0.9702549092795     0.9750238767466     0.9793550631363    
 0.9831755049359     0.9861376785912     0.9887841273780     0.9910398521277    
 0.9928417635839     0.9944430301959     0.9957784968016     0.9969672009914    
 0.9980149383494     0.9987395486840     0.9997304914841      1.000657547327    
  1.000582189991      1.001625737917      1.003190534023      1.002618518835    
  1.002766920106      1.003532821199      1.003088776727      1.003014359351    
  1.003371173586      1.003978994790      1.004840061614      1.006072853836    
  1.006928663216      1.008222242524      1.010655024427      1.011355599902    
  1.012954806096      1.019281654452      1.017758040813      1.017996625274    
  1.047117317488      1.025433269551      1.005684844432      1.043127814770    
  1.111572016897      1.054533223413      1.071933144447      1.131394301075    
  1.059308378702      1.104154788544      1.132160039152      1.054771883430    
  1.064150237303      1.084844684329      1.030804866913      1.031322171843    
  1.036669777677      1.024741048607      1.020469928192      1.019230176113    
  1.015944350956      1.013229105757      1.010941473701      1.009505849651    
  1.008306789728      1.007310499056      1.006530244380      1.005833384242    
  1.005233817731      1.004737378369      1.004286166422      1.003893568051    
  1.003547316291      1.003223517130      1.002931276338      1.002658884705    
  1.002397256626      1.002151657907      1.001907999734      1.001666450234    
  1.001431754877      1.001190659991      1.000945281737      1.000696499527    
  1.000437603179      1.000170037567     0.9998890592857     0.9995939276855    
 0.9992822838802     0.9989516209150     0.9986043123990     0.9982329068900    
 0.9978325358642     0.9974104618679     0.9969514057175     0.9964548732406    
 0.9959314304311     0.9953557628399     0.9947299226661     0.9940670824143    
 0.9933233858245     0.9925139762873     0.9916540573023     0.9906808720487    
 0.9896115541834     0.9884598369367     0.9871726644770     0.9857161752303    
 0.9840621497320     0.9824042045198     0.9803849621771     0.9777881670541    
 0.9758569958904     0.9731565063075     0.9684527495708     0.9670649503165    
 0.9643154873628     0.9537111879291     0.9570985933321     0.9600702631132    
 0.9265534418179     0.9536782856123      1.005507761377     0.8989803326070    
 0.8774256713726     0.7888609052210E-30 0.5698695985112E-03 0.6270422932001E-03
 0.6842149878890E-03 0.7413876825779E-03 0.7985603772668E-03 0.8557330719557E-03
 0.9129057666446E-03 0.9614700173100E-03 0.1009081279545E-02 0.1056692541781E-02
 0.1104303804016E-02 0.1151915066251E-02 0.1216891660034E-02 0.1302003183198E-02
 0.1387114706361E-02 0.1472226229525E-02 0.1557337752689E-02 0.1639489128420E-02
 0.1719797480985E-02 0.1800105833549E-02 0.1880414186114E-02 0.1976493342138E-02
 0.2110106744147E-02 0.2243720146156E-02 0.2377333548165E-02 0.2509531042818E-02
 0.2639959904548E-02 0.2770388766277E-02 0.2901702373234E-02 0.3108297640747E-02
 0.3314892908260E-02 0.3521488175772E-02 0.3723594796395E-02 0.3925472275608E-02
 0.4151813516394E-02 0.4463111843663E-02 0.4774410170933E-02 0.5074302710318E-02
 0.5371199052120E-02 0.5767599435704E-02 0.6223852011725E-02 0.6649986280690E-02
 0.7062731462399E-02 0.7708751429376E-02 0.8311796229803E-02 0.8874754212343E-02
 0.9794094213587E-02 0.1055574054515E-01 0.1144544637416E-01 0.1268779711912E-01
 0.1382118180245E-01 0.1509355671564E-01 0.1693819845673E-01 0.1872355465884E-01
 0.2065923298613E-01 0.2356660320828E-01 0.2654833416408E-01 0.2972517786013E-01
 0.3468566893669E-01 0.4004104610958E-01 0.4573489707932E-01 0.5504951129910E-01
 0.6543809583548E-01 0.7707964574123E-01 0.9528318322404E-01 0.1154624786285    
 0.1379280550305     0.1722327534345     0.2119217813725     0.2588822735790    
 0.3625080567149     0.5087889728086     0.7405883744995     0.8471966707987    
 0.8950649136609     0.9258855646884     0.9463164090842     0.9597283084612    
 0.9668364173484     0.9726793931695     0.9774379692195     0.9812496045601    
 0.9846290757407     0.9875043554012     0.9898044795871     0.9918383208604    
 0.9935227968701     0.9949418968579     0.9962049985633     0.9972256670513    
 0.9982016637984     0.9990693893945     0.9996208828950      1.000495728944    
  1.001331267544      1.001160197832      1.002139957118      1.003660056772    
  1.003033023369      1.003144558381      1.003889152034      1.003410825526    
  1.003312756504      1.003658321213      1.004243385999      1.005087144400    
  1.006312879242      1.007152234732      1.008431609705      1.010859092797    
  1.011547112120      1.013134189558      1.019457591148      1.017926044337    
  1.018156238416      1.047276992371      1.025581331686      1.005815845099    
  1.043279110824      1.111724484417      1.054686322540      1.072087928531    
  1.131549538113      1.059460802801      1.104300321588      1.132295519240    
  1.054895989704      1.064263132077      1.084947468581      1.030899078240    
  1.031409832618      1.036751519275      1.024818156194      1.020543260982    
  1.019300220111      1.016011678878      1.013293971649      1.011004055235    
  1.009566373568      1.008365330043      1.007367119211      1.006585019054    
  1.005886333190      1.005284964002      1.004786757915      1.004333798039    
  1.003939477021      1.003591546147      1.003266092914      1.002972236590    
  1.002698278166      1.002435112771      1.002188026236      1.001942926592    
  1.001699966637      1.001463918133      1.001221511563      1.000974852599    
  1.000724850383      1.000464768485      1.000196046860     0.9999139742300    
 0.9996177757746     0.9993050971903     0.9989734524090     0.9986251878168    
 0.9982528603533     0.9978516127124     0.9974286862932     0.9969688136042    
 0.9964715033696     0.9959473057358     0.9953709209835     0.9947443961638    
 0.9940808927190     0.9933365714457     0.9925265645829     0.9916660686931    
 0.9906923463993     0.9896225141674     0.9884703019885     0.9871826753551    
 0.9857257503278     0.9840713105078     0.9824129865576     0.9803933831231    
 0.9777962503977     0.9758647733969     0.9731639955244     0.9684599769848    
 0.9670719438194     0.9643222635381     0.9537177741624     0.9571050157526    
 0.9600765386407     0.9265595996392     0.9536843526020      1.005513758972    
 0.8989863164905     0.8774316306026     0.7888609052210E-30 0.7315535337195E-03
 0.7708419546210E-03 0.8101303755226E-03 0.8494187964241E-03 0.8887072173256E-03
 0.9279956382272E-03 0.9672840591287E-03 0.1035283873113E-02 0.1106462150633E-02
 0.1177640428152E-02 0.1248818705671E-02 0.1319996983191E-02 0.1388539667969E-02
 0.1454026409151E-02 0.1519513150333E-02 0.1584999891515E-02 0.1650486632697E-02
 0.1746678440702E-02 0.1861987590264E-02 0.1977296739827E-02 0.2092605889390E-02
 0.2206880382392E-02 0.2318692410248E-02 0.2430504438105E-02 0.2542316465962E-02
 0.2686113017027E-02 0.2869861956601E-02 0.3053610896175E-02 0.3237334144718E-02
 0.3418871381497E-02 0.3600408618276E-02 0.3781945855055E-02 0.4062390451879E-02
 0.4347884181018E-02 0.4632100315935E-02 0.4911879656351E-02 0.5191658996768E-02
 0.5591433570132E-02 0.6022729808686E-02 0.6439794142195E-02 0.6848297911690E-02
 0.7412818308177E-02 0.8046695864360E-02 0.8611252914077E-02 0.9325974430033E-02
 0.1022597118546E-01 0.1094446866998E-01 0.1210489984278E-01 0.1330273430866E-01
 0.1440393512966E-01 0.1607549341039E-01 0.1789897657264E-01 0.1965851854694E-01
 0.2221175992842E-01 0.2513664157069E-01 0.2816539054080E-01 0.3238208650003E-01
 0.3739779319023E-01 0.4309202623339E-01 0.5073489896783E-01 0.6004803429479E-01
 0.7168950004889E-01 0.8661089178099E-01 0.1053588638208     0.1275370295135    
 0.1553799725750     0.1918292002727     0.2371625833991     0.3067774184296    
 0.4273910930236     0.6335291247005     0.8235936886575     0.8745556697986    
 0.9115663190057     0.9397796757087     0.9537111794773     0.9634385059851    
 0.9703575193548     0.9751081045233     0.9793474072961     0.9831484680154    
 0.9860148838870     0.9885906662445     0.9908273761690     0.9925510396382    
 0.9940992370147     0.9954350948370     0.9965342101903     0.9975233475443    
 0.9983618835915     0.9991626736936     0.9998762458040      1.000336837220    
  1.001117606822      1.001865611103      1.001650748340      1.002579823324    
  1.004047521098      1.003399159227      1.003482482700      1.004192965039    
  1.003703449114      1.003588529915      1.003910640230      1.004487487988    
  1.005320097659      1.006527961394      1.007360108059      1.008631341079    
  1.011044220839      1.011725610757      1.013306630699      1.019617907229    
  1.018080123020      1.018305884010      1.047417736511      1.025726007370    
  1.005971107747      1.043416598723      1.111863379758      1.054828718307    
  1.072232820225      1.131694970606      1.059603558001      1.104436609936    
  1.132422409064      1.055012256586      1.064368928686      1.085043823637    
  1.030987429819      1.031492069495      1.036828225886      1.024890525777    
  1.020612094507      1.019365970393      1.016074878479      1.013354855907    
  1.011062788682      1.009623165545      1.008420248882      1.007420223481    
  1.006636377412      1.005935963772      1.005332887967      1.004833008437    
  1.004378392670      1.003982439417      1.003632917379      1.003305896669    
  1.003010509356      1.002735066041      1.002470443584      1.002221946655    
  1.001975480263      1.001731182748      1.001493850525      1.001250199319    
  1.001002324921      1.000751164573      1.000489957257      1.000220138252    
 0.9999370267341     0.9996398155114     0.9993261546333     0.9989935776498    
 0.9986444052226     0.9982712022332     0.9978691219037     0.9974453857067    
 0.9969847372650     0.9964866879955     0.9959617730748     0.9953847068115    
 0.9947575313200     0.9940933975696     0.9933484826191     0.9925379080434    
 0.9916768638290     0.9907026311369     0.9896323100293     0.9884796274225    
 0.9871915691427     0.9857342299278     0.9840793962886     0.9824207123806    
 0.9804007657440     0.9778033121110     0.9758715444433     0.9731704925650    
 0.9684662251360     0.9670779696356     0.9643280827914     0.9537234128728    
 0.9571104988281     0.9600818821948     0.9265648314102     0.9536894982104    
  1.005518838786     0.8989913827785     0.8774366732749     0.7888609052210E-30
 0.7817400477338E-03 0.8426943327489E-03 0.9036486177641E-03 0.9646029027792E-03
 0.1025557187794E-02 0.1086511472809E-02 0.1147465757825E-02 0.1198796065673E-02
 0.1249060961601E-02 0.1299325857528E-02 0.1349590753455E-02 0.1399855649382E-02
 0.1471939021838E-02 0.1569320701033E-02 0.1666702380229E-02 0.1764084059424E-02
 0.1861465738619E-02 0.1955813736821E-02 0.2048272928982E-02 0.2140732121143E-02
 0.2233191313304E-02 0.2345643451565E-02 0.2505678464016E-02 0.2665713476467E-02
 0.2825748488918E-02 0.2985082983525E-02 0.3143542449892E-02 0.3302001916259E-02
 0.3461603200481E-02 0.3718360074227E-02 0.3975116947973E-02 0.4231873821719E-02
 0.4488300855253E-02 0.4744711050739E-02 0.5033349289999E-02 0.5433908204001E-02
 0.5834467118003E-02 0.6229267783699E-02 0.6622555809510E-02 0.7149312660519E-02
 0.7756351695717E-02 0.8337997185715E-02 0.8908353980376E-02 0.9795684535632E-02
 0.1064069651346E-01 0.1145239291423E-01 0.1275178553156E-01 0.1388569079571E-01
 0.1521612018788E-01 0.1705642823986E-01 0.1883483351768E-01 0.2085877046510E-01
 0.2376304908534E-01 0.2675399861900E-01 0.3008011937851E-01 0.3503781964735E-01
 0.4044912129148E-01 0.4642213796496E-01 0.5573372467613E-01 0.6629995913044E-01
 0.7794160593603E-01 0.9668721983559E-01 0.1171481216932     0.1396101928353    
 0.1749772289138     0.2154567540312     0.2623955996194     0.3716627034176    
 0.5264766866867     0.7582732249520     0.8509598666912     0.8972638317502    
 0.9280687710676     0.9471853012556     0.9600566178175     0.9671509261958    
 0.9727978480739     0.9774671388896     0.9812602557095     0.9845486903984    
 0.9874045404037     0.9896323789337     0.9916006528275     0.9932661013124    
 0.9946240077923     0.9958366017302     0.9968577012015     0.9977542563973    
 0.9985640251307     0.9992294742547     0.9999203967309      1.000542010939    
  1.000907124233      1.001628177211      1.002330648237      1.002060843751    
  1.002955668641      1.004401070218      1.003718671714      1.003780278745    
  1.004479604807      1.003966833989      1.003836221185      1.004151459395    
  1.004711557871      1.005531353004      1.006734014753      1.007553189262    
  1.008813086270      1.011221490044      1.011892544754      1.013463537450    
  1.019771672489      1.018227185169      1.018445903382      1.047557551115    
  1.025856283455      1.006087477803      1.043549260845      1.111997072568    
  1.054963045831      1.072368609895      1.131831111251      1.059737201792    
  1.104564222648      1.132541257524      1.055121207595      1.064468107561    
  1.085134189544      1.031070323752      1.031569249852      1.036900232092    
  1.024958463001      1.020676707381      1.019427679952      1.016134180198    
  1.013411969569      1.011117868026      1.009676407049      1.008471716764    
  1.007469972787      1.006684472916      1.005982422562      1.005377729976    
  1.004876264999      1.004420080327      1.004022580463      1.003671550576    
  1.003343044388      1.003046206076      1.002769355345      1.002503351806    
  1.002253517993      1.002005756003      1.001760190509      1.001521641284    
  1.001276809975      1.001027783049      1.000775524345      1.000513249540    
  1.000242389508     0.9999582923315     0.9996601201519     0.9993455271354    
 0.9990120655394     0.9986620315773     0.9982879976402     0.9978851270047    
 0.9974606222064     0.9969992373725     0.9965004865547     0.9959748907062    
 0.9953971774064     0.9947693841735     0.9941046520176     0.9933591733990    
 0.9925480598290     0.9916864950397     0.9907117777561     0.9896409925086    
 0.9884878632923     0.9871993952039     0.9857416627653     0.9840864552513    
 0.9824274296071     0.9804071571404     0.9778093988421     0.9758773552069    
 0.9731760431612     0.9684715393753     0.9670830728638     0.9643329900166    
 0.9537281487760     0.9571150870920     0.9600863381371     0.9265691813873    
 0.9536937666006      1.005523044907     0.8989955756070     0.8774408435107    
 0.7888609052210E-30 0.9754309103099E-03 0.1014040832694E-02 0.1052650755077E-02
 0.1091260677461E-02 0.1129870599845E-02 0.1168480522229E-02 0.1207090444613E-02
 0.1282435504528E-02 0.1361847287878E-02 0.1441259071228E-02 0.1520670854579E-02
 0.1600082637929E-02 0.1676568631621E-02 0.1749662201278E-02 0.1822755770935E-02
 0.1895849340592E-02 0.1968942910249E-02 0.2080912969248E-02 0.2217087995122E-02
 0.2353263020996E-02 0.2489438046871E-02 0.2624875853013E-02 0.2758559088639E-02
 0.2892242324265E-02 0.3025925559891E-02 0.3200703864671E-02 0.3426814689180E-02
 0.3652925513689E-02 0.3879059607970E-02 0.4107173692686E-02 0.4335287777402E-02
 0.4563401862119E-02 0.4921533796329E-02 0.5286303025529E-02 0.5651766662196E-02
 0.6019641818245E-02 0.6387516974293E-02 0.6916803005136E-02 0.7488490216662E-02
 0.8054077377862E-02 0.8615995327445E-02 0.9391829611844E-02 0.1026276035924E-01
 0.1107564514925E-01 0.1209831172916E-01 0.1338256719918E-01 0.1447433202537E-01
 0.1619786221159E-01 0.1801221107652E-01 0.1977245250313E-01 0.2241084072095E-01
 0.2534228059972E-01 0.2837241255712E-01 0.3273588595197E-01 0.3780572720707E-01
 0.4350131262424E-01 0.5142109216417E-01 0.6091039481603E-01 0.7255251889026E-01
 0.8801840972130E-01 0.1067618149153     0.1292231490244     0.1581342322161    
 0.1945700226709     0.2406915867209     0.3159506659601     0.4365383330227    
 0.6512263579120     0.8273779926326     0.8783271485443     0.9137748874558    
 0.9406767432692     0.9545937390893     0.9637806078898     0.9705040215260    
 0.9752409644725     0.9793919462325     0.9831046364185     0.9859525366167    
 0.9884608372120     0.9906780524332     0.9923346102624     0.9938343462115    
 0.9951511233007     0.9961916726113     0.9971405007440     0.9979794053627    
 0.9987014631739     0.9993633941125     0.9999378405548      1.000534413084    
  1.001072558941      1.001393823134      1.002063380362      1.002716117121    
  1.002424958320      1.003290687484      1.004703906721      1.004010347103    
  1.004054369445      1.004730604895      1.004211037085      1.004068753947    
  1.004366636259      1.004920689504      1.005731903975      1.006920420283    
  1.007733642692      1.008986755008      1.011383148938      1.012048491261    
  1.013614205977      1.019912213610      1.018362350986      1.018577167413    
  1.047681401464      1.025983097572      1.006222658409      1.043670128826    
  1.112119129963      1.055088025280      1.072495690614      1.131958614545    
  1.059862340268      1.104683697755      1.132652538836      1.055223245558    
  1.064561018418      1.085218864753      1.031148015066      1.031641600890    
  1.036967742776      1.025022159435      1.020737283885      1.019485528966    
  1.016189762916      1.013465490020      1.011169468887      1.009726270245    
  1.008519901962      1.007516531130      1.006729464817      1.006025864138    
  1.005419640032      1.004916673165      1.004459002264      1.004060037276    
  1.003707578766      1.003377665000      1.003079451537      1.002801266686    
  1.002533953849      1.002282852447      1.002033861982      1.001787094178    
  1.001547390951      1.001301440654      1.001051320892      1.000798020588    
  1.000534733399      1.000262886021     0.9999778537835     0.9996787699382    
 0.9993632925506     0.9990289915517     0.9986781400852     0.9983033176854    
 0.9978996971212     0.9974744630063     0.9970123794697     0.9965129629689    
 0.9959867209958     0.9954083937456     0.9947800143393     0.9941147143624    
 0.9933687009618     0.9925570760210     0.9916950173430     0.9907198403706    
 0.9896486148246     0.9884950619298     0.9872062051268     0.9857480996922    
 0.9840925375205     0.9824331877514     0.9804126062364     0.9778145589409    
 0.9758822535745     0.9731806947710     0.9684759667633     0.9670873001630    
 0.9643370314851     0.9537320278081     0.9571188262169     0.9600899519121    
 0.9265726948053     0.9536972028579      1.005526422317     0.8989989399614    
 0.8774441862720     0.7888609052210E-30 0.1030205011319E-02 0.1095558053573E-02
 0.1160911095827E-02 0.1226264138082E-02 0.1291617180336E-02 0.1356970222590E-02
 0.1422323264845E-02 0.1476897180913E-02 0.1530277805545E-02 0.1583658430176E-02
 0.1637039054808E-02 0.1690419679439E-02 0.1771331976187E-02 0.1884166973190E-02
 0.1997001970192E-02 0.2109836967195E-02 0.2222671964197E-02 0.2332640698054E-02
 0.2440824862223E-02 0.2549009026391E-02 0.2657193190559E-02 0.2790944772450E-02
 0.2985546376884E-02 0.3180147981317E-02 0.3374749585750E-02 0.3570181774949E-02
 0.3766651461097E-02 0.3963121147245E-02 0.4161085474604E-02 0.4486226608145E-02
 0.4811367741686E-02 0.5136508875227E-02 0.5470029454326E-02 0.5803977796629E-02
 0.6181272838115E-02 0.6709101118736E-02 0.7236929399357E-02 0.7772408829413E-02
 0.8309898147404E-02 0.9031581881694E-02 0.9864059503876E-02 0.1068757020295E-01
 0.1150709465819E-01 0.1277325309494E-01 0.1400947573342E-01 0.1523799281806E-01
 0.1716238888456E-01 0.1895052361641E-01 0.2106330318012E-01 0.2396227688881E-01
 0.2696217915523E-01 0.3043637104188E-01 0.3539059977154E-01 0.4085869322353E-01
 0.4711085697456E-01 0.5641929360469E-01 0.6716427561069E-01 0.7935315408344E-01
 0.9809469983811E-01 0.1188384848913     0.1412984750574     0.1777287459993    
 0.2190018792688     0.2659250185871     0.3808325053862     0.5441865766288    
 0.7759906033168     0.8547560177746     0.8994968453402     0.9302890574016    
 0.9480945453893     0.9604279386630     0.9675077402972     0.9729588217652    
 0.9775402091287     0.9813195948791     0.9845205937726     0.9873116183270    
 0.9895208522392     0.9914267587216     0.9930726702643     0.9943805182728    
 0.9955472100096     0.9965492194292     0.9973973411890     0.9981674541252    
 0.9988332712982     0.9994516966905      1.000021271709      1.000500320932    
  1.001041116055      1.001532836194      1.001799227152      1.002437091802    
  1.003066517646      1.002741483248      1.003587317551      1.004988467820    
  1.004271894433      1.004301650019      1.004971116152      1.004434368296    
  1.004280518761      1.004573383932      1.005114249436      1.005915248112    
  1.007099393150      1.007901940663      1.009145633933      1.011538013232    
  1.012194639590      1.013751887439      1.020046959864      1.018491341107    
  1.018700162345      1.047803982009      1.026097779051      1.006325933382    
  1.043786491019      1.112236372912      1.055205862839      1.072614773757    
  1.132077950983      1.059979459444      1.104795525428      1.132756719046    
  1.055318805200      1.064648068619      1.085298226406      1.031220847629    
  1.031709436813      1.037031043740      1.025081876103      1.020794062133    
  1.019539733983      1.016241824433      1.013515599111      1.011217759261    
  1.009772913345      1.008564954232      1.007560040949      1.006771489782    
  1.006066419680      1.005458744154      1.004954354235      1.004495275187    
  1.004094922118      1.003741110099      1.003409862750      1.003110346387    
  1.002830897442      1.002562344007      1.002310041517      1.002059886961    
  1.001811979825      1.001571182994      1.001324172165      1.001073016583    
  1.000818728952      1.000554482051      1.000281698634     0.9999957799313    
 0.9996958317698     0.9993795159065     0.9990444191139     0.9986927926009    
 0.9983172226592     0.9979128911469     0.9974869656280     0.9970242196911    
 0.9965241720414     0.9959973174324     0.9954184080051     0.9947894729900    
 0.9941236348854     0.9933771145582     0.9925650048816     0.9917024780449    
 0.9907268654075     0.9896552226319     0.9885012683091     0.9872120432617    
 0.9857535845162     0.9840976864562     0.9824380297742     0.9804171556533    
 0.9778188347801     0.9758862816250     0.9731844891927     0.9684795488656    
 0.9670906928559     0.9643402482881     0.9537350908759     0.9571217569183    
 0.9600927640510     0.9265754120693     0.9536998472717      1.005529011206    
 0.8990015160475     0.8774467417346     0.7888609052210E-30 0.1262837514449E-02
 0.1300214780920E-02 0.1337592047391E-02 0.1374969313862E-02 0.1412346580334E-02
 0.1449723846805E-02 0.1487101113276E-02 0.1571533098402E-02 0.1661174224965E-02
 0.1750815351527E-02 0.1840456478089E-02 0.1930097604651E-02 0.2016560811726E-02
 0.2099339252733E-02 0.2182117693739E-02 0.2264896134746E-02 0.2347674575752E-02
 0.2480014534092E-02 0.2643212085431E-02 0.2806409636770E-02 0.2969607188108E-02
 0.3132744243938E-02 0.3295737321479E-02 0.3458730399019E-02 0.3621723476559E-02
 0.3838189806836E-02 0.4121450447416E-02 0.4404711087997E-02 0.4688092057519E-02
 0.4981711638381E-02 0.5275331219242E-02 0.5568950800104E-02 0.6036861021441E-02
 0.6513668624172E-02 0.6995320279625E-02 0.7493794229756E-02 0.7992268179886E-02
 0.8714110023518E-02 0.9494628597718E-02 0.1028916951242E-01 0.1109214493699E-01
 0.1219993797471E-01 0.1344323762014E-01 0.1467142629684E-01 0.1620743556919E-01
 0.1813287091124E-01 0.1989473456471E-01 0.2261672500995E-01 0.2555439143617E-01
 0.2858454967748E-01 0.3309243472476E-01 0.3821581082127E-01 0.4391309694255E-01
 0.5210915664362E-01 0.6177536884782E-01 0.7341930662425E-01 0.8942961349124E-01
 0.1084551088376     0.1309150977573     0.1608940770812     0.1973179053230    
 0.2442331536938     0.3251407125851     0.4457059670836     0.6689561235164    
 0.8311971869456     0.8821323813110     0.9160181877110     0.9416099156124    
 0.9555147165142     0.9641638372916     0.9706939674913     0.9754164758896    
 0.9794793049897     0.9831050214735     0.9859391679630     0.9883835740588    
 0.9905410915474     0.9921789987028     0.9936334348481     0.9949306101277    
 0.9959236841710     0.9968367626007     0.9976565128145     0.9983308204532    
 0.9989593721790     0.9995341067879      1.000057865479      1.000547937846    
  1.000983069768      1.001471534983      1.001916116242      1.002161084353    
  1.002768927056      1.003367996358      1.003031785172      1.003859205870    
  1.005238663293      1.004515322282      1.004532783919      1.005185219256    
  1.004643532137      1.004480709240      1.004759894601      1.005295762503    
  1.006089663041      1.007262191458      1.008059567034      1.009297393007    
  1.011679703991      1.012331305086      1.013883877793      1.020170399098    
  1.018610093059      1.018815441655      1.047913024244      1.026209007710    
  1.006443749110      1.043892718159      1.112343584121      1.055315492316    
  1.072726146908      1.132189628200      1.060089028874      1.104900132504    
  1.132854182591      1.055408222231      1.064729539304      1.085372511479    
  1.031289029678      1.031772945303      1.037090305643      1.025137772970    
  1.020847195977      1.019590445211      1.016290513695      1.013562444539    
  1.011262885513      1.009816480351      1.008607014862      1.007600640521    
  1.006810682279      1.006104219657      1.005495168590      1.004989430025    
  1.004529016492      1.004127348009      1.003772253306      1.003439742146    
  1.003138991048      1.002858344275      1.002588615375      1.002335175057    
  1.002083917800      1.001834931424      1.001593098530      1.001345082926    
  1.001092945946      1.000837722789      1.000572566571      1.000298896301    
  1.000012137773     0.9997113708521     0.9993942608066     0.9990584103120    
 0.9987060497868     0.9983297719390     0.9979247671421     0.9974981868508    
 0.9970348136310     0.9965341682247     0.9960067333663     0.9954272725206    
 0.9947978112876     0.9941314635654     0.9933844633220     0.9925718947492    
 0.9917089247216     0.9907328997061     0.9896608620335     0.9885065277978    
 0.9872169543766     0.9857581613991     0.9841019456061     0.9824419986836    
 0.9804208478534     0.9778222682546     0.9758894807969     0.9731874674253    
 0.9684823262354     0.9670932911421     0.9643426802987     0.9537373775256    
 0.9571239185046     0.9600948136664     0.9265773721059     0.9537017386359    
  1.005530850277     0.8990033425661     0.8774485485748     0.7888609052210E-30
 0.1321798815902E-02 0.1392363686610E-02 0.1462928557318E-02 0.1533493428027E-02
 0.1604058298735E-02 0.1674623169443E-02 0.1745188040151E-02 0.1803712478899E-02
 0.1860903994726E-02 0.1918095510553E-02 0.1975287026380E-02 0.2032478542207E-02
 0.2124605754411E-02 0.2257240559431E-02 0.2389875364450E-02 0.2522510169470E-02
 0.2655144974489E-02 0.2785547275815E-02 0.2914559593661E-02 0.3043571911506E-02
 0.3172584229352E-02 0.3334639601255E-02 0.3575336883968E-02 0.3816034166681E-02
 0.4056731449395E-02 0.4301253454958E-02 0.4550552984084E-02 0.4799852513210E-02
 0.5051143186073E-02 0.5471857329418E-02 0.5892571472762E-02 0.6313285616106E-02
 0.6759630413421E-02 0.7207283632710E-02 0.7714832742490E-02 0.8430386673324E-02
 0.9145940604158E-02 0.9898440827773E-02 0.1066064650920E-01 0.1168714866218E-01
 0.1287262650088E-01 0.1409251041598E-01 0.1532768954531E-01 0.1722569760511E-01
 0.1913690455601E-01 0.2111325713873E-01 0.2414531163423E-01 0.2717874473959E-01
 0.3080120240393E-01 0.3574840134921E-01 0.4127241254602E-01 0.4780188346745E-01
 0.5710607455277E-01 0.6803120137619E-01 0.8076771109400E-01 0.9950453937113E-01
 0.1205329961144     0.1440673815092     0.1804856972268     0.2225526227182    
 0.2694612137301     0.3900200077745     0.5619212873045     0.7937221332344    
 0.8585748378766     0.9017611903587     0.9325411315563     0.9490372561475    
 0.9608344357311     0.9679023685684     0.9731604812984     0.9776563754089    
 0.9814213608954     0.9845351688771     0.9872628045083     0.9894582594459    
 0.9913054147171     0.9929087040633     0.9941978498067     0.9953218099357    
 0.9963041823952     0.9971149669165     0.9978499865168     0.9984966137095    
 0.9990735133377     0.9996093281725      1.000088704346      1.000560599950    
  1.001003363653      1.001383640814      1.001842945899      1.002263219038    
  1.002474357762      1.003064036489      1.003650107026      1.003291012517    
  1.004105477457      1.005477397389      1.004737081371      1.004744064188    
  1.005391588864      1.004836399187      1.004664376100      1.004939380703    
  1.005464421315      1.006249809359      1.007418415156      1.008206797800    
  1.009436629160      1.011815265965      1.012459424559      1.014004769040    
  1.020288544688      1.018723255538      1.018923458899      1.048020473910    
  1.026309871193      1.006535204709      1.043994694041      1.112446291242    
  1.055418724713      1.072830416292      1.132294054292      1.060191466668    
  1.104997931347      1.132945317278      1.055491856039      1.064805764370    
  1.085442030394      1.031352845999      1.031832386755      1.037145765288    
  1.025190066358      1.020896882985      1.019637842631      1.016335995289    
  1.013606177573      1.011304987149      1.009857102056      1.008646207014    
  1.007638446301      1.006847153701      1.006139370843      1.005529016017    
  1.005021999747      1.004560322104      1.004157407792      1.003801098417    
  1.003467390531      1.003165470334      1.002883689536      1.002612847881    
  1.002358330637      1.002106029768      1.001856022020      1.001613208629    
  1.001364242085      1.001111176254      1.000855067639      1.000589050731    
  1.000314541000      1.000026987629     0.9997254458406     0.9994075842333    
 0.9990710206558     0.9987179657215     0.9983410182123     0.9979353765919    
 0.9975081770037     0.9970442104884     0.9965429997665     0.9960150161670    
 0.9954350338492     0.9948050750323     0.9941382454565     0.9933907914825    
 0.9925777890907     0.9917144001171     0.9907379852955     0.9896655743828    
 0.9885108811063     0.9872209785132     0.9857618697694     0.9841053538497    
 0.9824451327546     0.9804237205115     0.9778248964551     0.9758918876858    
 0.9731896656472     0.9684843347717     0.9670951306121     0.9643443628093    
 0.9537389228133     0.9571253458016     0.9600961353707     0.9265786093945    
 0.9537029113181      1.005531973806     0.8990044538190     0.8774496410740    
 0.7888609052210E-30 0.1602213459696E-02 0.1637647649544E-02 0.1673081839392E-02
 0.1708516029240E-02 0.1743950219088E-02 0.1779384408936E-02 0.1814818598784E-02
 0.1910716498803E-02 0.2013307968074E-02 0.2115899437345E-02 0.2218490906616E-02
 0.2321082375887E-02 0.2420358439970E-02 0.2515790324679E-02 0.2611222209389E-02
 0.2706654094099E-02 0.2802085978808E-02 0.2961246505158E-02 0.3160085245411E-02
 0.3358923985664E-02 0.3557762725916E-02 0.3757893057059E-02 0.3961097352717E-02
 0.4164301648374E-02 0.4367505944032E-02 0.4641383080577E-02 0.5003538812920E-02
 0.5365694545263E-02 0.5728155543473E-02 0.6116591161970E-02 0.6505026780468E-02
 0.6893462398965E-02 0.7521491306874E-02 0.8161751238030E-02 0.8815305178504E-02
 0.9515026193324E-02 0.1021474720814E-01 0.1123568745466E-01 0.1234100909555E-01
 0.1350679311365E-01 0.1470894556233E-01 0.1636972964306E-01 0.1823439832223E-01
 0.2020585671037E-01 0.2266196185312E-01 0.2574301048755E-01 0.2880787550535E-01
 0.3346252673270E-01 0.3863754934358E-01 0.4433304048168E-01 0.5280159347000E-01
 0.6264338030955E-01 0.7428955146963E-01 0.9084346284726E-01 0.1101518035442    
 0.1326128071880     0.1636596980772     0.2008798209079     0.2477845726947    
 0.3343423996472     0.4548885767416     0.6867123885022     0.8350434831681    
 0.8859664078903     0.9182918554380     0.9425742233244     0.9564673273760    
 0.9645804648326     0.9709191510627     0.9756298538224     0.9796074160566    
 0.9831485989416     0.9859683245215     0.9883490900522     0.9904483600575    
 0.9920724181272     0.9934851618739     0.9947422678509     0.9957165780140    
 0.9965970573902     0.9973971103776     0.9980347352513     0.9986344443436    
 0.9991899183577     0.9996718046242      1.000132036424      1.000567432776    
  1.000986142296      1.001384317010      1.001743114847      1.002171444268    
  1.002563107904      1.002763020668      1.003333421591      1.003899111296    
  1.003533251577      1.004334711102      1.005690649230      1.004945436254    
  1.004942946149      1.005577075649      1.005017775357      1.004838364291    
  1.005102157323      1.005622806754      1.006402094251      1.007560955133    
  1.008344738738      1.009569406693      1.011939505138      1.012579203817    
  1.014120381637      1.020396889693      1.018827494933      1.019024601328    
  1.048116337620      1.026407315562      1.006637823977      1.044087888641    
  1.112540283197      1.055514698588      1.072927813011      1.132391641627    
  1.060287160914      1.105089280594      1.133030447880      1.055569990403    
  1.064876988062      1.085506990104      1.031412474712      1.031887921831    
  1.037197569308      1.025238894379      1.020943256567      1.019682056978    
  1.016378399108      1.013646927057      1.011344191732      1.009894903490    
  1.008682652830      1.007673577240      1.006881019341      1.006171984857    
  1.005560394356      1.005052167602      1.004589292597      1.004185198559    
  1.003827739337      1.003492898790      1.003189872379      1.002907018596    
  1.002635124106      1.002379587962      1.002126300261      1.001875326900    
  1.001631586212      1.001381720257      1.001127775866      1.000870829752    
  1.000603998788      1.000328695097      1.000040389973     0.9997381153970    
 0.9994195431269     0.9990823053937     0.9987285940555     0.9983510136780    
 0.9979447703454     0.9975169856833     0.9970524587838     0.9965507141596    
 0.9960222123521     0.9954417376580     0.9948113090356     0.9941440245271    
 0.9933961422482     0.9925827303651     0.9917189459569     0.9907421632814    
 0.9896694001586     0.9885143680810     0.9872241549552     0.9857647483167    
 0.9841079492467     0.9824474694928     0.9804258106464     0.9778267560098    
 0.9758935385237     0.9731911196783     0.9684856098495     0.9670962462659    
 0.9643453305079     0.9537397612565     0.9571260731641     0.9600967633586    
 0.9265791579650     0.9537033992232      1.005532415606     0.8990048835990    
 0.8774500529980     0.7888609052210E-30 0.1664561163481E-02 0.1741447156992E-02
 0.1818333150503E-02 0.1895219144013E-02 0.1972105137524E-02 0.2048991131035E-02
 0.2125877124546E-02 0.2189381194912E-02 0.2251403834035E-02 0.2313426473158E-02
 0.2375449112281E-02 0.2437471751404E-02 0.2544166272073E-02 0.2702657395518E-02
 0.2861148518963E-02 0.3019639642408E-02 0.3178130765853E-02 0.3335836587167E-02
 0.3493053469990E-02 0.3650270352813E-02 0.3807487235636E-02 0.4007988327355E-02
 0.4311505105506E-02 0.4615021883658E-02 0.4918538661809E-02 0.5231462599530E-02
 0.5556137173378E-02 0.5880811747226E-02 0.6208200051414E-02 0.6766495649500E-02
 0.7324791247585E-02 0.7883086845671E-02 0.8500530465081E-02 0.9120993538106E-02
 0.9827307833895E-02 0.1083176392341E-01 0.1183622001293E-01 0.1294043196771E-01
 0.1407084888836E-01 0.1560193635991E-01 0.1737402922668E-01 0.1928775692015E-01
 0.2126444834692E-01 0.2430083438759E-01 0.2747408703672E-01 0.3090633678547E-01
 0.3608668041724E-01 0.4170459870034E-01 0.4850890823855E-01 0.5780359028881E-01
 0.6890579037731E-01 0.8218590525154E-01 0.1009182180400     0.1222328551865    
 0.1468405809112     0.1832479453846     0.2261116894703     0.2786758284537    
 0.3992218591158     0.5796838587418     0.8115024031941     0.8624338246266    
 0.9040584911545     0.9348252769602     0.9500124403742     0.9612733280661    
 0.9683294575881     0.9733961390531     0.9778082549282     0.9815614633403    
 0.9845908983328     0.9872575128980     0.9894384994585     0.9912271011083    
 0.9927891591808     0.9940643906920     0.9951491869841     0.9961015908863    
 0.9968935502562     0.9975966042170     0.9982234535414     0.9987699042854    
 0.9992764973556     0.9997365898061      1.000170518760      1.000582563457    
  1.000963081809      1.001355154466      1.001728032763      1.002052996993    
  1.002464863343      1.002842597905      1.003019657718      1.003578331558    
  1.004135687791      1.003752962895      1.004544933016      1.005895340051    
  1.005136777404      1.005125929228      1.005755979170      1.005185614393    
  1.004998520412      1.005258575694      1.005770122806      1.006542150533    
  1.007697414999      1.008473521632      1.009691322413      1.012058045051    
  1.012691345462      1.014226316434      1.020500278169      1.018926560219    
  1.019119240014      1.048210324418      1.026495794103      1.006718517472    
  1.044177054657      1.112630041568      1.055604897619      1.073018844708    
  1.132482732360      1.060376461655      1.105174525715      1.133109896357    
  1.055642923045      1.064943484429      1.085567644459      1.031468150449    
  1.031939766111      1.037245914921      1.025284437817      1.020986482232    
  1.019723239346      1.016417863696      1.013684820880      1.011380617911    
  1.009929996847      1.008716458953      1.007706135203      1.006912377339    
  1.006202156311      1.005589394925      1.005080021964      1.004616013492    
  1.004210803079      1.003852256180      1.003516344407      1.003212272047    
  1.002928403924      1.002655514249      1.002399015162      1.002144794913    
  1.001892909114      1.001648292290      1.001397576574      1.001142802150    
  1.000885064903      1.000617464984      1.000341411347      1.000052396294    
 0.9997494297473     0.9994301864589     0.9990923123615     0.9987379814831    
 0.9983598038630     0.9979529928410     0.9975246562491     0.9970596007892    
 0.9965573527035     0.9960283622902     0.9954474234105     0.9948165519622    
 0.9941488386921     0.9934005527922     0.9925867550608     0.9917225980823    
 0.9907454688714     0.9896723739931     0.9885170228285     0.9872265172284    
 0.9857668300249     0.9841097642840     0.9824490410388     0.9804271500363    
 0.9778278782893     0.9758944643263     0.9731918602233     0.9684861819394    
 0.9670966683901     0.9643456134778     0.9537399226212     0.9571261301238    
 0.9600967269772     0.9265790470490     0.9537032314911      1.005532204749    
 0.8990046610244     0.8774498134451     0.7888609052210E-30 0.2004281188294E-02
 0.2036843995091E-02 0.2069406801889E-02 0.2101969608687E-02 0.2134532415484E-02
 0.2167095222282E-02 0.2199658029080E-02 0.2310323810164E-02 0.2429635896044E-02
 0.2548947981924E-02 0.2668260067804E-02 0.2787572153684E-02 0.2903672244963E-02
 0.3016048060419E-02 0.3128423875875E-02 0.3240799691330E-02 0.3353175506786E-02
 0.3548387417626E-02 0.3795174071424E-02 0.4041960725221E-02 0.4288747379018E-02
 0.4539369917125E-02 0.4799121795130E-02 0.5058873673135E-02 0.5318625551140E-02
 0.5673634892982E-02 0.6147631883279E-02 0.6621628873576E-02 0.7096279833519E-02
 0.7626576101663E-02 0.8156872369806E-02 0.8687168637950E-02 0.9557985274185E-02
 0.1044618517081E-01 0.1136495941723E-01 0.1238991143488E-01 0.1341486345252E-01
 0.1492699472725E-01 0.1656710359786E-01 0.1837466780859E-01 0.2028295726688E-01
 0.2293608673201E-01 0.2592033467021E-01 0.2933511367652E-01 0.3358906395681E-01
 0.3894980769988E-01 0.4477149857962E-01 0.5352582029623E-01 0.6353677544896E-01
 0.7517544321789E-01 0.9226693342776E-01 0.1118560701587     0.1343178728525    
 0.1664322824297     0.2044509820431     0.2513480155850     0.3435603137847    
 0.4726564903387     0.7044947222124     0.8389161256273     0.8898373903631    
 0.9206017589829     0.9435734507237     0.9574536861054     0.9650308119240    
 0.9711776351345     0.9758763887805     0.9797701337397     0.9832284192063    
 0.9860362425504     0.9883561346393     0.9903994765190     0.9920089156234    
 0.9933801309387     0.9945985357803     0.9955588078350     0.9964102284367    
 0.9971809486447     0.9977996500241     0.9983736212795     0.9989092524284    
 0.9993603027595     0.9997952011106      1.000211255485      1.000591127723    
  1.000961113426      1.001320104960      1.001680224551      1.002026199581    
  1.002339887873      1.002731573959      1.003090160031      1.003260414929    
  1.003805330754      1.004347678584      1.003960064628      1.004741973779    
  1.006079797285      1.005317169763      1.005298535396      1.005917609447    
  1.005343567867      1.005150151426      1.005400797649      1.005908380585    
  1.006675063497      1.007822048144      1.008594030959      1.009807257623    
  1.012166692789      1.012796031796      1.014327293954      1.020595062773    
  1.019017754860      1.019207688094      1.048294301862      1.026580900503    
  1.006807694013      1.044258541645      1.112712160092      1.055688622027    
  1.073103699444      1.132567665623      1.060459688178      1.105253957191    
  1.133183927342      1.055710889519      1.065005455386      1.085624166379    
  1.031520026640      1.031988057076      1.037290927787      1.025326815184    
  1.021026674488      1.019761501903      1.016454500374      1.013719969374    
  1.011414374856      1.009962489171      1.008747730039      1.007736222239    
  1.006941327012      1.006229981900      1.005616111921      1.005105654407    
  1.004640573663      1.004234307422      1.003874732155      1.003537807738    
  1.003232746884      1.002947920345      1.002674090469      1.002416681818    
  1.002161580869      1.001908833462      1.001663389482      1.001411871660    
  1.001156313857      1.000897830103      1.000629504712      1.000352743632    
  1.000063059014     0.9997594399257     0.9994395639550     0.9991010899662    
 0.9987461751388     0.9983674347054     0.9979600888236     0.9975312322932    
 0.9970656790323     0.9965629568702     0.9960335064311     0.9954521306361    
 0.9948208424378     0.9941527257015     0.9934040601035     0.9925898994270    
 0.9917253920210     0.9907479369495     0.9896745301318     0.9885188789601    
 0.9872280984640     0.9857681475398     0.9841108311161     0.9824498790404    
 0.9804277698812     0.9778282941422     0.9758946956047     0.9731919174579    
 0.9684860808805     0.9670964265081     0.9643452409711     0.9537394360135    
 0.9571255456357     0.9600960550300     0.9265783053091     0.9537024366813    
  1.005531369720     0.8990038145649     0.8774489508655     0.7888609052210E-30
 0.2068613798978E-02 0.2153343095865E-02 0.2238072392752E-02 0.2322801689639E-02
 0.2407530986526E-02 0.2492260283413E-02 0.2576989580300E-02 0.2646997643717E-02
 0.2715376008999E-02 0.2783754374281E-02 0.2852132739563E-02 0.2920511104844E-02
 0.3046554725216E-02 0.3239460635883E-02 0.3432366546549E-02 0.3625272457215E-02
 0.3818178367882E-02 0.4013188223030E-02 0.4209508019157E-02 0.4405827815285E-02
 0.4602147611412E-02 0.4856120746376E-02 0.5247307854447E-02 0.5638494962517E-02
 0.6029682070587E-02 0.6440571819225E-02 0.6876072456870E-02 0.7311573094514E-02
 0.7750883094498E-02 0.8514326091813E-02 0.9277769089127E-02 0.1004121208644E-01
 0.1092974838455E-01 0.1182467058385E-01 0.1284894396812E-01 0.1432242463294E-01
 0.1579590529777E-01 0.1750693445079E-01 0.1928036544869E-01 0.2170920296628E-01
 0.2453227087331E-01 0.2776306669137E-01 0.3117511786908E-01 0.3645602475390E-01
 0.4220938840623E-01 0.4873069813400E-01 0.5848483116208E-01 0.6982664540297E-01
 0.8363809199245E-01 0.1023567054156     0.1239493060410     0.1496224083133    
 0.1860231955397     0.2296882992558     0.2879104245312     0.4084389502957    
 0.5974805296220     0.8154233883769     0.8663336985641     0.9063915882497    
 0.9371474032196     0.9510247839114     0.9617478266441     0.9687908084246    
 0.9736659588134     0.9779938291728     0.9817350956709     0.9846815633702    
 0.9872887775744     0.9894578163779     0.9911905921202     0.9927137142781    
 0.9939742542159     0.9950200117642     0.9959437799961     0.9967216306075    
 0.9973962271559     0.9979999354786     0.9985273905644     0.9990078477721    
 0.9994480210841     0.9998550105100      1.000240829203      1.000601948709    
  1.000957703722      1.001301399270      1.001626514939      1.001971862849    
  1.002302980297      1.002593802380      1.002974965132      1.003324417316    
  1.003477826938      1.004014163759      1.004550320947      1.004149445897    
  1.004923759291      1.006256998859      1.005483439185      1.005457795880    
  1.006073223749      1.005489901916      1.005289903945      1.005537117145    
  1.006036949765      1.006797371399      1.007941052867      1.008706445688    
  1.009913748345      1.012270102580      1.012893929345      1.014419850870    
  1.020685282398      1.019104221001      1.019290339016      1.048376259849    
  1.026658231300      1.006878553079      1.044336220041      1.112790297304    
  1.055767101979      1.073182813635      1.132646737530      1.060537136166    
  1.105327861259      1.133252809000      1.055774137229      1.065063130280    
  1.085676768535      1.031568296748      1.032032973655      1.037332771438    
  1.025366176194      1.021063970326      1.019796969642      1.016488423436    
  1.013752477547      1.011445559362      1.009992471245      1.008776551623    
  1.007763919281      1.006967945775      1.006255535807      1.005640616632    
  1.005129133814      1.004663039759      1.004255776212      1.003895230106    
  1.003557349940      1.003251356461      1.002965625914      1.002690909348    
  1.002432643119      1.002176711949      1.001923152425      1.001676929019    
  1.001424655489      1.001168359713      1.000909172917      1.000640164363    
  1.000362737158      1.000072422249     0.9997681889484     0.9994477175258    
 0.9991086791303     0.9987532149728     0.9983739451925     0.9979660964250    
 0.9975367511108     0.9970707299708     0.9965675623546     0.9960376797261    
 0.9954558935329     0.9948242139625     0.9941557183822     0.9934066963352    
 0.9925921950161     0.9917273587735     0.9907495979903     0.9896758985269    
 0.9885199659089     0.9872289275531     0.9857687293158     0.9841111778835    
 0.9824500112890     0.9804276976289     0.9778280306857     0.9758942591745    
 0.9731913179287     0.9684853330125     0.9670955467548     0.9643442389308    
 0.9537383272275     0.9571243454174     0.9600947732154     0.9265769585626    
 0.9537010404131      1.005529935771     0.8990023694467     0.8774474904378    
 0.7888609052210E-30 0.2482990846120E-02 0.2511415273361E-02 0.2539839700601E-02
 0.2568264127842E-02 0.2596688555082E-02 0.2625112982322E-02 0.2653537409563E-02
 0.2783652825899E-02 0.2925025832548E-02 0.3066398839197E-02 0.3207771845846E-02
 0.3349144852496E-02 0.3487833887538E-02 0.3623410884170E-02 0.3758987880802E-02
 0.3894564877434E-02 0.4030141874066E-02 0.4274903857097E-02 0.4587645717525E-02
 0.4900387577952E-02 0.5213129438380E-02 0.5534351768941E-02 0.5875757475249E-02
 0.6217163181557E-02 0.6558568887864E-02 0.7031685494592E-02 0.7669324330711E-02
 0.8306963166831E-02 0.8945919699454E-02 0.9696997075200E-02 0.1044807445095E-01
 0.1119915182669E-01 0.1245659178696E-01 0.1373988110451E-01 0.1509017270911E-01
 0.1667314803558E-01 0.1825612336206E-01 0.2063424120890E-01 0.2322123582266E-01
 0.2622972725632E-01 0.2949175119302E-01 0.3408953735564E-01 0.3928113634323E-01
 0.4575001134723E-01 0.5383933299802E-01 0.6410716601965E-01 0.7610259948226E-01
 0.9377101572352E-01 0.1136196529217     0.1360530215908     0.1692246355496    
 0.2080395558358     0.2549272519241     0.3527972030258     0.4904545602494    
 0.7223193611101     0.8428319221119     0.8921980745946     0.9229491237882    
 0.9446098546025     0.9584788839488     0.9655187203817     0.9714719165843    
 0.9761573658513     0.9799673184282     0.9833422934482     0.9861380372694    
 0.9883984903199     0.9903875137247     0.9919848030148     0.9933172134257    
 0.9944991854159     0.9954445748825     0.9962670441132     0.9970097433755    
 0.9976141794994     0.9981659048790     0.9986780055675     0.9991099405469    
 0.9995225687303     0.9999186482314      1.000270668403      1.000616934361    
  1.000956487069      1.001279279695      1.001597754184      1.001911554331    
  1.002235795745      1.002548964306      1.002832947521      1.003199566714    
  1.003534919007      1.003683412323      1.004209057856      1.004733372373    
  1.004328438663      1.005094489704      1.006417398346      1.005640212588    
  1.005607937669      1.006214157754      1.005627466896      1.005421967931    
  1.005661192841      1.006157436147      1.006913154612      1.008049764211    
  1.008811469883      1.010014727636      1.012364847359      1.012985167474    
  1.014507800422      1.020767942420      1.019183740199      1.019367422976    
  1.048449536890      1.026732282830      1.006955789648      1.044407132690    
  1.112861683471      1.055839759318      1.073256330849      1.132720217535    
  1.060609062722      1.105396476685      1.133316760925      1.055832861666    
  1.065116677881      1.085725595784      1.031613087200      1.032074630389    
  1.037371550684      1.025402619808      1.021098465439      1.019829736425    
  1.016519726508      1.013782438780      1.011474264489      1.010020035037    
  1.008803014321      1.007789315377      1.006992320381      1.006278902236    
  1.005662990417      1.005150538589      1.004683487313      1.004275282255    
  1.003913820253      1.003575038727      1.003268166111      1.002981583743    
  1.002706031853      1.002446957972      1.002190245092      1.001935921010    
  1.001688963986      1.001435979290      1.001178989130      1.000919140960    
  1.000649489854      1.000371436232      1.000080528828     0.9997757182916    
 0.9994546874342     0.9991151190149     0.9987591391243     0.9983793725550    
 0.9979710519995     0.9975412482180     0.9970747883538     0.9965712031242    
 0.9960409153708     0.9954587445702     0.9948266982680     0.9941578477328    
 0.9934084918091     0.9925936714595     0.9917285272707     0.9907504802052    
 0.9896765067554     0.9885203106907     0.9872290311126     0.9857686015333    
 0.9841108302858     0.9824494631134     0.9804269582619     0.9778271125803    
 0.9758931794325     0.9731900857863     0.9684839622549     0.9670940528567    
 0.9643426309103     0.9537366196702     0.9571225527749     0.9600929047620    
 0.9265750299813     0.9536990657422      1.005527925815     0.8990003485623    
 0.8774454550183     0.7888609052210E-30 0.2546854201214E-02 0.2641559152015E-02
 0.2736264102816E-02 0.2830969053617E-02 0.2925674004419E-02 0.3020378955220E-02
 0.3115083906021E-02 0.3193863540018E-02 0.3270880179144E-02 0.3347896818270E-02
 0.3424913457396E-02 0.3501930096522E-02 0.3654261542545E-02 0.3893919758807E-02
 0.4133577975070E-02 0.4373236191333E-02 0.4612894407595E-02 0.4860089833249E-02
 0.5111978015546E-02 0.5363866197843E-02 0.5615754380140E-02 0.5946063381694E-02
 0.6463012609147E-02 0.6979961836600E-02 0.7496911064054E-02 0.8052703652920E-02
 0.8657016116728E-02 0.9261328580536E-02 0.9871201884419E-02 0.1095423883115E-01
 0.1203727577789E-01 0.1312031272462E-01 0.1446272911015E-01 0.1581838658416E-01
 0.1738269959546E-01 0.1967162588723E-01 0.2196055217900E-01 0.2480330668478E-01
 0.2779154686617E-01 0.3196160206531E-01 0.3684252507042E-01 0.4280217331686E-01
 0.4924136864920E-01 0.5934770650906E-01 0.7075343236818E-01 0.8414622077657E-01
 0.1038244632639     0.1257962384304     0.1524904845133     0.1888720267890    
 0.2333169283172     0.2971794202087     0.4177038540591     0.6153205245953    
 0.8193589486373     0.8702693272849     0.9087691551118     0.9382139438463    
 0.9520773946289     0.9622617313592     0.9692925417590     0.9739745323710    
 0.9782161821116     0.9819441008355     0.9848074794561     0.9873547940836    
 0.9895116783358     0.9911899378442     0.9926756545223     0.9939239508639    
 0.9949332995005     0.9958306306498     0.9965935178801     0.9972397015807    
 0.9978215258835     0.9983346487940     0.9987924176257     0.9992128702787    
 0.9996006843785     0.9999633148707      1.000304359413      1.000634790935    
  1.000953758080      1.001259350116      1.001569067666      1.001871750899    
  1.002162629158      1.002477544220      1.002780775133      1.003047883471    
  1.003406817231      1.003735318010      1.003870550095      1.004389299252    
  1.004908499521      1.004492694725      1.005252339955      1.006571206484    
  1.005784853436      1.005746550682      1.006349433896      1.005754860976    
  1.005543662131      1.005779733042      1.006269337147      1.007019632400    
  1.008153229062      1.008909263832      1.010107403184      1.012454734980    
  1.013070302282      1.014588335608      1.020846353510      1.019258892155    
  1.019439282648      1.048520696495      1.026799530249      1.007017616988    
  1.044474437153      1.112929308816      1.055907606348      1.073324615689    
  1.132788355102      1.060675717330      1.105460044447      1.133376007598    
  1.055887272320      1.065166290358      1.085770826370      1.031654562444    
  1.032113178418      1.037407403852      1.025436273100      1.021130276597    
  1.019859909348      1.016548508173      1.013809944391      1.011500575226    
  1.010045261015      1.008827194687      1.007812483686      1.007014521348    
  1.006300149227      1.005683299026      1.005169932436      1.004701978033    
  1.004292885313      1.003930560467      1.003590930096      1.003283229981    
  1.002995846153      1.002719508520      1.002459675247      1.002202227594    
  1.001947185020      1.001699538868      1.001445886291      1.001188244135    
  1.000927775221      1.000657521159      1.000378879828      1.000087416811    
 0.9997820650703     0.9994605098177     0.9991204448051     0.9987639818057    
 0.9983837499953     0.9979749878022     0.9975447549387     0.9970778845872    
 0.9965739087681     0.9960432421836     0.9954607118491     0.9948283228287    
 0.9941591406451     0.9934094728516     0.9925943545336     0.9917289227634    
 0.9907506085003     0.9896763793884     0.9885199375490     0.9872284329674    
 0.9857677876247     0.9841098113942     0.9824482572100     0.9804255741125    
 0.9778255618143     0.9758914780188     0.9731882423384     0.9684819896205    
 0.9670919655451     0.9643404373789     0.9537343336014     0.9571201877801    
 0.9600904695732     0.9265725393524     0.9536965323628      1.005525359472    
 0.8989977715248     0.8774428641909     0.7888609052210E-30 0.3056645770693E-02
 0.3079205654636E-02 0.3101765538579E-02 0.3124325422522E-02 0.3146885306465E-02
 0.3169445190408E-02 0.3192005074351E-02 0.3348297904030E-02 0.3519395493971E-02
 0.3690493083912E-02 0.3861590673853E-02 0.4032688263795E-02 0.4202408942670E-02
 0.4370533106847E-02 0.4538657271024E-02 0.4706781435200E-02 0.4874905599377E-02
 0.5189436008419E-02 0.5595120695206E-02 0.6000805381993E-02 0.6406490068781E-02
 0.6829147917051E-02 0.7292201603105E-02 0.7755255289158E-02 0.8218308975212E-02
 0.8869584186010E-02 0.9755969966792E-02 0.1064235574757E-01 0.1153136517035E-01
 0.1264361640314E-01 0.1375586763593E-01 0.1486811886872E-01 0.1678103600518E-01
 0.1873482642029E-01 0.2083656621869E-01 0.2345210061541E-01 0.2606763501213E-01
 0.3010986654831E-01 0.3452687855245E-01 0.3999000057331E-01 0.4608236314468E-01
 0.5483225172520E-01 0.6476354295083E-01 0.7799795835996E-01 0.9439106699111E-01
 0.1149338254162     0.1379388252392     0.1723013484472     0.2119153461205    
 0.2586989017745     0.3621755522460     0.5083627905012     0.7402255598847    
 0.8468195550482     0.8946316105866     0.9253555573920     0.9456980851257    
 0.9590268139767     0.9660505992713     0.9718082206425     0.9764805586507    
 0.9802048996803     0.9834943162088     0.9862763208196     0.9884771427978    
 0.9904112074803     0.9919959515074     0.9932908222227     0.9944378028368    
 0.9953706152596     0.9961667336457     0.9968835596757     0.9974727718887    
 0.9980022769979     0.9984920817700     0.9989094853868     0.9993032750105    
 0.9996787418346      1.000011440010      1.000337001221      1.000656445036    
  1.000952851823      1.001248261918      1.001542509205      1.001830152230    
  1.002116060951      1.002400075353      1.002699629447      1.002989637205    
  1.003251808562      1.003599387234      1.003916731580      1.004047887520    
  1.004557853696      1.005067295911      1.004647875762      1.005400506943    
  1.006710683510      1.005921019753      1.005876975710      1.006472034279    
  1.005874365583      1.005658347814      1.005887589459      1.006373951346    
  1.007120103017      1.008247635644      1.009000384331      1.010194953805    
  1.012536940750      1.013149413967      1.014664542620      1.020918036457    
  1.019327832334      1.019506071378      1.048584231745      1.026863569230    
  1.007084138002      1.044535709812      1.112990902964      1.055970162911    
  1.073387775525      1.132851361838      1.060737302797      1.105518753629    
  1.133430721878      1.055937521438      1.065212103026      1.085812576687    
  1.031692822820      1.032148708918      1.037440414384      1.025467214257    
  1.021159478837      1.019887561473      1.016574840805      1.013835066079    
  1.011524562546      1.010068218778      1.008849160741      1.007833490474    
  1.007034612952      1.006319339046      1.005701602691      1.005187373467    
  1.004718567900      1.004308639234      1.003945502486      1.003605073719    
  1.003296595758      1.003008458992      1.002731383426      1.002470837336    
  1.002212700256      1.001956983714      1.001708691430      1.001454412849    
  1.001196159730      1.000935109394      1.000664290739      1.000385099238    
  1.000093116359     0.9997872583662     0.9994652127421     0.9991246835727    
 0.9987677691352     0.9983871027414     0.9979779281823     0.9975472947752    
 0.9970800413915     0.9965757012471     0.9960446813876     0.9954618159053    
 0.9948291075059     0.9941596163180     0.9934096580357     0.9925942622750    
 0.9917285628076     0.9907499999477     0.9896755330142     0.9885188625889    
 0.9872271488133     0.9857663028922     0.9841081361344     0.9824464081701    
 0.9804235594566     0.9778233923718     0.9758891686527     0.9731858010732    
 0.9684794284309     0.9670892980887     0.9643376716100     0.9537314823765    
 0.9571172634799     0.9600874802531     0.9265694990531     0.9536934525101    
  1.005522248894     0.8989946504749     0.8774397300582     0.7888609052210E-30
 0.3115688395465E-02 0.3223294567513E-02 0.3330900739561E-02 0.3438506911610E-02
 0.3546113083658E-02 0.3653719255706E-02 0.3761325427754E-02 0.3852484915146E-02
 0.3941823690205E-02 0.4031162465265E-02 0.4120501240325E-02 0.4209840015384E-02
 0.4398696292623E-02 0.4702942124795E-02 0.5007187956968E-02 0.5311433789140E-02
 0.5615679621313E-02 0.5937798816315E-02 0.6271046180618E-02 0.6604293544921E-02
 0.6937540909224E-02 0.7380117346903E-02 0.8082895133481E-02 0.8785672920058E-02
 0.9488450706635E-02 0.1026691564374E-01 0.1113992263241E-01 0.1201292962108E-01
 0.1289448127362E-01 0.1450308571364E-01 0.1611169015366E-01 0.1772029459369E-01
 0.1987753851992E-01 0.2206279000147E-01 0.2461574165747E-01 0.2844563248838E-01
 0.3227552331930E-01 0.3742353939466E-01 0.4291781508062E-01 0.5077983506452E-01
 0.6006606541037E-01 0.7202327629502E-01 0.8516787103318E-01 0.1053788873504    
 0.1277851571365     0.1536824429559     0.1925881936839     0.2378599914564    
 0.3070357252752     0.4273910232258     0.6334210223960     0.8234299349312    
 0.8743605241300     0.9112790906335     0.9393763505900     0.9532080355702    
 0.9628418877816     0.9696715208964     0.9743342706162     0.9784858215604    
 0.9821992021257     0.9849767037506     0.9874611321583     0.9896036418124    
 0.9912266850090     0.9926740016940     0.9939094181548     0.9948833685066    
 0.9957555448454     0.9965056930634     0.9971259438207     0.9976879651227    
 0.9981857857015     0.9986208382568     0.9990227763007     0.9993960174788    
 0.9997388671714      1.000061740213      1.000372829586      1.000670073932    
  1.000955451112      1.001240507196      1.001519190685      1.001790439481    
  1.002069970362      1.002345139920      1.002612227083      1.002904994820    
  1.003187491903      1.003436374319      1.003777748579      1.004089446372    
  1.004209730771      1.004713847254      1.005218824994      1.004790283433    
  1.005537375860      1.006843907630      1.006046456606      1.005997167958    
  1.006589161347      1.005984749818      1.005763768692      1.005990123033    
  1.006470774641      1.007212217212      1.008337019022      1.009084883265    
  1.010275031246      1.012614519367      1.013222902053      1.014734077208    
  1.020985666032      1.019392642886      1.019568048477      1.048645530263    
  1.026921548263      1.007137554339      1.044593510466      1.113048888368    
  1.056028234719      1.073446082961      1.132909409842      1.060793987029    
  1.105572765321      1.133481053563      1.055983747801      1.065254244671    
  1.085850966066      1.031727979304      1.032181320398      1.037470668978    
  1.025495518981      1.021186137313      1.019912747737      1.016598769875    
  1.013857841122      1.011546256533      1.010088933602      1.008868933974    
  1.007852354321      1.007052612164      1.006336487328      1.005717916031    
  1.005202875589      1.004733270140      1.004322556564      1.003958658103    
  1.003617480603      1.003308273629      1.003019431672      1.002741665205    
  1.002480452021      1.002221669890      1.001965322876      1.001716426433    
  1.001461562695      1.001202738620      1.000941145215      1.000669799356    
  1.000390094252      1.000097626366     0.9997912961879     0.9994687933355    
 0.9991278316462     0.9987704966550     0.9983894255592     0.9979798672043    
 0.9975488611061     0.9970812514642     0.9965765726209     0.9960452244170    
 0.9954620475455     0.9948290425077     0.9941592643903     0.9934090365194    
 0.9925933833912     0.9917274356778     0.9907486423708     0.9896739550512    
 0.9885170728634     0.9872251653622     0.9857641337340     0.9841057906242    
 0.9824439018267     0.9804208998637     0.9778205895944     0.9758862364905    
 0.9731827469933     0.9684762635890     0.9670860350940     0.9643343178815    
 0.9537280500342     0.9571137637522     0.9600839205566     0.9265658927309    
 0.9536898097671      1.005518577629     0.8989909689353     0.8774360361121    
 0.7888609052210E-30 0.3751331980789E-02 0.3764251245689E-02 0.3777170510588E-02
 0.3790089775488E-02 0.3803009040387E-02 0.3815928305287E-02 0.3828847570186E-02
 0.4022571737919E-02 0.4236311715712E-02 0.4450051693506E-02 0.4663791671300E-02
 0.4877531649093E-02 0.5090692801820E-02 0.5303182812634E-02 0.5515672823447E-02
 0.5728162834261E-02 0.5940652845075E-02 0.6356404672274E-02 0.6898709735525E-02
 0.7441014798777E-02 0.7983319862028E-02 0.8556595226129E-02 0.9203579383396E-02
 0.9850563540664E-02 0.1049754769793E-01 0.1142852028850E-01 0.1271422745319E-01
 0.1399993461789E-01 0.1529083653946E-01 0.1702375262734E-01 0.1875666871522E-01
 0.2048958480309E-01 0.2360903568310E-01 0.2679926792480E-01 0.3032173553631E-01
 0.3499798111287E-01 0.3967422668943E-01 0.4724025183240E-01 0.5556539599807E-01
 0.6638240576228E-01 0.7869828548853E-01 0.9637840535223E-01 0.1164431970745    
 0.1416744944344     0.1734920347011     0.2143575299736     0.2649647138911    
 0.3729380066173     0.5263192803699     0.7584005578280     0.8510127938040    
 0.8971648133172     0.9279184861029     0.9469320076666     0.9596804142447    
 0.9666688358336     0.9722179056477     0.9767946817978     0.9804990722926    
 0.9836982290307     0.9864643282630     0.9886022661375     0.9904777562087    
 0.9920470571760     0.9933033742551     0.9944139736712     0.9953331560117    
 0.9961037578596     0.9967957717990     0.9973717458729     0.9978814260120    
 0.9983509046214     0.9987526720667     0.9991275609196     0.9994835739485    
 0.9998014731713      1.000109725327      1.000410000957      1.000686911298    
  1.000962265323      1.001236285361      1.001498265231      1.001761351657    
  1.002025729068      1.002289058993      1.002551879475      1.002814024514    
  1.003094758653      1.003366778826      1.003611587944      1.003943644306    
  1.004246130922      1.004362804473      1.004859494884      1.005356248396    
  1.004924418854      1.005665472313      1.006964609640      1.006164130890    
  1.006109845419      1.006695154186      1.006087921218      1.005862718848    
  1.006083218844      1.006560960165      1.007298760934      1.008418357977    
  1.009163308727      1.010350318284      1.012685224549      1.013290890468    
  1.014799514226      1.021047237797      1.019451829802      1.019625346226    
  1.048700046338      1.026976362940      1.007194288906      1.044645848940    
  1.113101399115      1.056081419828      1.073499622249      1.132962675079    
  1.060845942592      1.105622241785      1.133527151589      1.056026083784    
  1.065292830298      1.085886094096      1.031760119252      1.032211096727    
  1.037498248856      1.025521268283      1.021210334439      1.019935552803    
  1.016620382971      1.013878359431      1.011565748916      1.010107497512    
  1.008886606026      1.007869165898      1.007068607741      1.006351680739    
  1.005732323418      1.005216520780      1.004746164414      1.004334714793    
  1.003970102912      1.003628224569      1.003318335793      1.003028834817    
  1.002750422962      1.002488587045      1.002229203065      1.001972268005    
  1.001722808385      1.001467399419      1.001208043523      1.000945944575    
  1.000674108133      1.000393925268      1.000101006525     0.9997942375576    
 0.9994713099940     0.9991299467970     0.9987722215390     0.9983907750679    
 0.9979808609333     0.9975495094642     0.9970815698549     0.9965765774557    
 0.9960449253747     0.9954614604781     0.9948281811658     0.9941581378258    
 0.9934076609052     0.9925917700984     0.9917255931931     0.9907465872507    
 0.9896716966313     0.9885146191459     0.9872225330683     0.9857613302858    
 0.9841028246809     0.9824407877920     0.9804176447880     0.9778172028377    
 0.9758827308299     0.9731791293224     0.9684725441911     0.9670822255186    
 0.9643304249530     0.9537240849516     0.9571097368612     0.9600798386854    
 0.9265617681458     0.9536856516691      1.005514393126     0.8989867743111    
 0.8774318297285     0.7888609052210E-30 0.3724624909230E-02 0.3732992706024E-02
 0.3741360502817E-02 0.3749728299611E-02 0.3758096096404E-02 0.3766463893198E-02
 0.3774831689991E-02 0.3979166104211E-02 0.4205194789611E-02 0.4431223475011E-02
 0.4657252160411E-02 0.4883280845810E-02 0.5094250084323E-02 0.5287758043807E-02
 0.5481266003291E-02 0.5674773962775E-02 0.5868281922259E-02 0.6283322524672E-02
 0.6836291998097E-02 0.7389261471522E-02 0.7942230944947E-02 0.8514295046246E-02
 0.9131804039523E-02 0.9749313032799E-02 0.1036682202608E-01 0.1128736618579E-01
 0.1258643650401E-01 0.1388550682222E-01 0.1518910849396E-01 0.1687827632337E-01
 0.1856744415278E-01 0.2025661198219E-01 0.2340293355648E-01 0.2662364152687E-01
 0.3016219613829E-01 0.3480455992834E-01 0.3944692371839E-01 0.4717026891621E-01
 0.5570296013560E-01 0.6680376991015E-01 0.7944931619199E-01 0.9817587190517E-01
 0.1196057391202     0.1479032434359     0.1849290126124     0.2342254018028    
 0.3004008042924     0.4217903326368     0.5780294271156     0.7900924484559    
 0.8676593438877     0.9027130313305     0.9305521513853     0.9485681797837    
 0.9611729970704     0.9680281550691     0.9733657737616     0.9776858672803    
 0.9811772035108     0.9842009728173     0.9868239704744     0.9888692982773    
 0.9906660488252     0.9921727925755     0.9933865888831     0.9944618994000    
 0.9953546923109     0.9961080124446     0.9967864375613     0.9973534059350    
 0.9978577976661     0.9983236873106     0.9987238133097     0.9990984329739    
 0.9994548866374     0.9997737761152      1.000083471524      1.000385466018    
  1.000664005070      1.000941111414      1.001216989722      1.001480490952    
  1.001745122664      1.002011073273      1.002275633866      1.002539660079    
  1.002803016617      1.003084680838      1.003357583129      1.003603281574    
  1.003936016036      1.004239122646      1.004356433729      1.004853609844    
  1.005350786889      1.004919410088      1.005660808806      1.006960227343    
  1.006160067314      1.006106025358      1.006691513178      1.006084501578    
  1.005859469059      1.006080078798      1.006557971749      1.007295895071    
  1.008415562560      1.009160630284      1.010347748996      1.012682727791    
  1.013288518028      1.014797274289      1.021045105851      1.019449841843    
  1.019623510086      1.048698317109      1.026974746844      1.007192779610    
  1.044644220235      1.113099681677      1.056079463769      1.073497327624    
  1.132960093618      1.060843248477      1.105619682035      1.133524877641    
  1.056024096631      1.065291032713      1.085884359427      1.031758366793    
  1.032209245243      1.037496271357      1.025519125769      1.021208028753    
  1.019933088031      1.016617777088      1.013875628526      1.011562905051    
  1.010104564764      1.008883595111      1.007866086002      1.007065474047    
  1.006348497616      1.005729095962      1.005213255190      1.004742862687    
  1.004331379295      1.003966736203      1.003624827686      1.003314910021    
  1.003025381468      1.002746942720      1.002485080880      1.002225671922    
  1.001968712490      1.001719229527      1.001463797985      1.001204420077    
  1.000942300126      1.000670443316      1.000390240628      1.000097303182    
 0.9997905160671     0.9994675710044     0.9991261913672     0.9987684502099    
 0.9983869885637     0.9979770601853     0.9975456949791     0.9970777423918    
 0.9965727377951     0.9960410739770     0.9954575980965     0.9948243084260    
 0.9941542551480     0.9934037690704     0.9925878696634     0.9917216845686    
 0.9907426711906     0.9896677735378     0.9885106893638     0.9872185972927    
 0.9857573888123     0.9840988778542     0.9824368361478     0.9804136885914    
 0.9778132424412     0.9758787666991     0.9731751617369     0.9684685735897    
 0.9670782523594     0.9643264495371     0.9537201078246     0.9571057583752    
 0.9600758591191     0.9265577881716     0.9536816716401      1.005510413339    
 0.8989827956796     0.8774278503097    
END PREAD
*DIM,TABELASR,TABLE,     200,     101,       1,        ,        ,        
*PREAD,TABELASR,     20502
 0.7888609052210E-30 0.7888609052210E-30 0.7888609052210E-30 0.7888609052210E-30
 0.7888609052210E-30 0.7888609052210E-30 0.7888609052210E-30 0.7888609052210E-30
 0.7888609052210E-30 0.7888609052210E-30 0.7888609052210E-30 0.7888609052210E-30
 0.7888609052210E-30 0.7888609052210E-30 0.7888609052210E-30 0.7888609052210E-30
 0.7888609052210E-30 0.7888609052210E-30 0.7888609052210E-30 0.7888609052210E-30
 0.7888609052210E-30 0.7888609052210E-30 0.7888609052210E-30 0.7888609052210E-30
 0.7888609052210E-30 0.7888609052210E-30 0.7888609052210E-30 0.7888609052210E-30
 0.7888609052210E-30 0.7888609052210E-30 0.7888609052210E-30 0.7888609052210E-30
 0.7888609052210E-30 0.7888609052210E-30 0.7888609052210E-30 0.7888609052210E-30
 0.7888609052210E-30 0.7888609052210E-30 0.7888609052210E-30 0.7888609052210E-30
 0.7888609052210E-30 0.7888609052210E-30 0.7888609052210E-30 0.7888609052210E-30
 0.7888609052210E-30 0.7888609052210E-30 0.7888609052210E-30 0.7888609052210E-30
 0.7888609052210E-30 0.7888609052210E-30 0.7888609052210E-30 0.7888609052210E-30
 0.7888609052210E-30 0.7888609052210E-30 0.7888609052210E-30 0.7888609052210E-30
 0.7888609052210E-30 0.7888609052210E-30 0.7888609052210E-30 0.7888609052210E-30
 0.7888609052210E-30 0.7888609052210E-30 0.7888609052210E-30 0.7888609052210E-30
 0.7888609052210E-30 0.7888609052210E-30 0.7888609052210E-30 0.7888609052210E-30
 0.7888609052210E-30 0.7888609052210E-30 0.7888609052210E-30 0.7888609052210E-30
 0.7888609052210E-30 0.7888609052210E-30 0.7888609052210E-30 0.7888609052210E-30
 0.7888609052210E-30 0.7888609052210E-30 0.7888609052210E-30 0.7888609052210E-30
 0.7888609052210E-30 0.7888609052210E-30 0.7888609052210E-30 0.7888609052210E-30
 0.7888609052210E-30 0.7888609052210E-30 0.7888609052210E-30 0.7888609052210E-30
 0.7888609052210E-30 0.7888609052210E-30 0.7888609052210E-30 0.7888609052210E-30
 0.7888609052210E-30 0.7888609052210E-30 0.7888609052210E-30 0.7888609052210E-30
 0.7888609052210E-30 0.7888609052210E-30 0.7888609052210E-30 0.7888609052210E-30
 0.7888609052210E-30 0.7888609052210E-30 0.7888609052210E-30 0.7888609052210E-30
 0.7888609052210E-30 0.7888609052210E-30 0.7888609052210E-30 0.7888609052210E-30
 0.7888609052210E-30 0.7888609052210E-30 0.7888609052210E-30 0.7888609052210E-30
 0.7888609052210E-30 0.7888609052210E-30 0.7888609052210E-30 0.7888609052210E-30
 0.7888609052210E-30 0.7888609052210E-30 0.7888609052210E-30 0.7888609052210E-30
 0.7888609052210E-30 0.7888609052210E-30 0.7888609052210E-30 0.7888609052210E-30
 0.7888609052210E-30 0.7888609052210E-30 0.7888609052210E-30 0.7888609052210E-30
 0.7888609052210E-30 0.7888609052210E-30 0.7888609052210E-30 0.7888609052210E-30
 0.7888609052210E-30 0.7888609052210E-30 0.7888609052210E-30 0.7888609052210E-30
 0.7888609052210E-30 0.7888609052210E-30 0.7888609052210E-30 0.7888609052210E-30
 0.7888609052210E-30 0.7888609052210E-30 0.7888609052210E-30 0.7888609052210E-30
 0.7888609052210E-30 0.7888609052210E-30 0.7888609052210E-30 0.7888609052210E-30
 0.7888609052210E-30 0.7888609052210E-30 0.7888609052210E-30 0.7888609052210E-30
 0.7888609052210E-30 0.7888609052210E-30 0.7888609052210E-30 0.7888609052210E-30
 0.7888609052210E-30 0.7888609052210E-30 0.7888609052210E-30 0.7888609052210E-30
 0.7888609052210E-30 0.7888609052210E-30 0.7888609052210E-30 0.7888609052210E-30
 0.7888609052210E-30 0.7888609052210E-30 0.7888609052210E-30 0.7888609052210E-30
 0.7888609052210E-30 0.7888609052210E-30 0.7888609052210E-30 0.7888609052210E-30
 0.7888609052210E-30 0.7888609052210E-30 0.7888609052210E-30 0.7888609052210E-30
 0.7888609052210E-30 0.7888609052210E-30 0.7888609052210E-30 0.7888609052210E-30
 0.7888609052210E-30 0.7888609052210E-30 0.7888609052210E-30 0.7888609052210E-30
 0.7888609052210E-30 0.7888609052210E-30 0.7888609052210E-30 0.7888609052210E-30
 0.7888609052210E-30 0.7888609052210E-30 0.7888609052210E-30 0.7888609052210E-30
 0.7888609052210E-30 0.7888609052210E-30 0.7888609052210E-30 0.7888609052210E-30
 0.7888609052210E-30 0.7888609052210E-30 0.7888609052210E-30 0.7888609052210E-30
 0.7888609052210E-30 0.7888609052210E-30  0.000000000000     0.2166666666667    
 0.4333333333333     0.6500000000000     0.8666666666667      1.083333333333    
  1.300000000000      1.516666666667      1.733333333333      1.950000000000    
  2.166666666667      2.383333333333      2.600000000000      2.816666666667    
  3.033333333333      3.250000000000      3.466666666667      3.683333333333    
  3.900000000000      4.116666666667      4.333333333333      4.550000000000    
  4.766666666667      4.983333333333      5.200000000000      5.416666666667    
  5.633333333333      5.850000000000      6.066666666667      6.283333333333    
  6.500000000000      6.716666666667      6.933333333333      7.150000000000    
  7.366666666667      7.583333333333      7.800000000000      8.016666666667    
  8.233333333333      8.450000000000      8.666666666667      8.883333333333    
  9.100000000000      9.316666666667      9.533333333333      9.750000000000    
  9.966666666667      10.18333333333      10.40000000000      10.61666666667    
  10.83333333333      11.05000000000      11.26666666667      11.48333333333    
  11.70000000000      11.91666666667      12.13333333333      12.35000000000    
  12.56666666667      12.78333333333      13.00000000000      13.21666666667    
  13.43333333333      13.65000000000      13.86666666667      14.08333333333    
  14.30000000000      14.51666666667      14.73333333333      14.95000000000    
  15.16666666667      15.38333333333      15.60000000000      15.81666666667    
  16.03333333333      16.25000000000      16.46666666667      16.68333333333    
  16.90000000000      17.11666666667      17.33333333333      17.55000000000    
  17.76666666667      17.98333333333      18.20000000000      18.41666666667    
  18.63333333333      18.85000000000      19.06666666667      19.28333333333    
  19.50000000000      19.71666666667      19.93333333333      20.15000000000    
  20.36666666667      20.58333333333      20.80000000000      21.01666666667    
  21.23333333333      21.45000000000      21.66666666667      21.88333333333    
  22.10000000000      22.31666666667      22.53333333333      22.75000000000    
  22.96666666667      23.18333333333      23.40000000000      23.61666666667    
  23.83333333333      24.05000000000      24.26666666667      24.48333333333    
  24.70000000000      24.91666666667      25.13333333333      25.35000000000    
  25.56666666667      25.78333333333      26.00000000000      26.21666666667    
  26.43333333333      26.65000000000      26.86666666667      27.08333333333    
  27.30000000000      27.51666666667      27.73333333333      27.95000000000    
  28.16666666667      28.38333333333      28.60000000000      28.81666666667    
  29.03333333333      29.25000000000      29.46666666667      29.68333333333    
  29.90000000000      30.11666666667      30.33333333333      30.55000000000    
  30.76666666667      30.98333333333      31.20000000000      31.41666666667    
  31.63333333333      31.85000000000      32.06666666667      32.28333333333    
  32.50000000000      32.71666666667      32.93333333333      33.15000000000    
  33.36666666667      33.58333333333      33.80000000000      34.01666666667    
  34.23333333333      34.45000000000      34.66666666667      34.88333333333    
  35.10000000000      35.31666666667      35.53333333333      35.75000000000    
  35.96666666667      36.18333333333      36.40000000000      36.61666666667    
  36.83333333333      37.05000000000      37.26666666667      37.48333333333    
  37.70000000000      37.91666666667      38.13333333333      38.35000000000    
  38.56666666667      38.78333333333      39.00000000000      39.21666666667    
  39.43333333333      39.65000000000      39.86666666667      40.08333333333    
  40.30000000000      40.51666666667      40.73333333333      40.95000000000    
  41.16666666667      41.38333333333      41.60000000000      41.81666666667    
  42.03333333333      42.25000000000      42.46666666667      42.68333333333    
  42.90000000000      43.11666666667     0.7888609052210E-30 -8.999773025513    
 -8.999779983021     -8.999786940530     -8.999793898039     -8.999800855547    
 -8.999807813056     -8.999814770565     -8.999827307603     -8.999840462318    
 -8.999853617033     -8.999866771748     -8.999879926463     -8.999892912144    
 -8.999905701832     -8.999918491520     -8.999931281208     -8.999944070897    
 -8.999956868594     -8.999969671278     -8.999982473962     -8.999995276646    
 -9.000008174475     -9.000021298751     -9.000034423026     -9.000047547301    
 -9.000060826672     -9.000074299775     -9.000087772878     -9.000101251472    
 -9.000115197334     -9.000129143196     -9.000143089057     -9.000157528790    
 -9.000171993733     -9.000186600574     -9.000201700190     -9.000216799806    
 -9.000232354501     -9.000248028740     -9.000264124843     -9.000280474698    
 -9.000297197252     -9.000314085488     -9.000331538405     -9.000349252441    
 -9.000367428526     -9.000387656114     -9.000406175852     -9.000424909592    
 -9.000444823503     -9.000465393066     -9.000486284494     -9.000507593155    
 -9.000529491901     -9.000551784039     -9.000574797392     -9.000598478317    
 -9.000622636080     -9.000647509098     -9.000673049688     -9.000699162483    
 -9.000726205111     -9.000753819942     -9.000782102346     -9.000811314583    
 -9.000841140747     -9.000871825218     -9.000903558731     -9.000935983658    
 -9.000969535112     -9.001003921032     -9.001038986444     -9.001075482368    
 -9.001112782955     -9.001150774956     -9.001190602779     -9.001231288910    
 -9.001272672415     -9.001315987110     -9.001360261440     -9.001405358315    
 -9.001452469826     -9.001500618458     -9.001549977064     -9.001601409912    
 -9.001653879881     -9.001707732677     -9.001763880253     -9.001821160316    
 -9.001880049706     -9.001941382885     -9.002004003525     -9.002068471909    
 -9.002135407925     -9.002203834057     -9.002274423838     -9.002347731590    
 -9.002422940731     -9.002500581741     -9.002580976486     -9.002663731575    
 -9.002748966217     -9.002837026119     -9.002928382158     -9.003022170067    
 -9.003119111061     -9.003220772743     -9.003323680162     -9.003430104256    
 -9.003543931246     -9.003657281399     -9.003774118423     -9.003903055191    
 -9.004028451443     -9.004156422615     -9.004307210445     -9.003649500438    
 -9.002901632871     -9.004704560133     -9.004899748166     -9.005056953430    
 -9.005234059420     -9.005421617826     -9.005604030192     -9.005795431137    
 -9.006006968021     -9.006221466064     -9.006439590454     -9.006555265280    
 -9.005631722723     -9.006081078734     -9.007414925098     -9.007760977745    
 -9.008026349545     -9.008283042908     -9.008689224720     -9.009011626244    
 -9.009297299385     -9.009770584106     -9.010163259506     -9.010486841202    
 -9.011044430733     -9.011524879932     -9.011915332079     -9.012558841705    
 -9.013150721788     -9.013626253605     -9.014377552271     -9.015112829208    
 -9.015699243546     -9.016586959362     -9.017508542538     -9.018241715431    
 -9.019303941727     -9.020469808578     -9.021401345730     -9.022690320015    
 -9.024178987741     -9.025383198261     -9.026972180605     -9.028890967369    
 -9.030477261543     -9.032471573353     -9.034941905737     -9.037099957466    
 -9.039654284716     -9.042884290218     -9.045857214928     -9.049204087257    
 -9.053497511148     -9.057641983032     -9.062133532763     -9.067930960655    
 -9.073764222860     -9.079931318760     -9.087846904993     -9.096069526672    
 -9.104662299156     -9.115394115448     -9.126713311672     -9.138535976410    
 -9.152066743374     -9.166016793251     -9.180456006527     -9.192016673088    
 -9.201143205166     -9.206758928299     -9.190229183435     -9.159350752831    
 -9.105247288942     -9.022671282291     -8.946482741833     -8.920058298111    
 -8.944307541847     -8.812789209684     -7.700680196285     -4.516553658248    
-0.3773423116654    -0.3172446973622    -0.2752735827118     0.7888609052210E-30
 -8.999531030655     -8.999542346378     -8.999553662102     -8.999564977825    
 -8.999576293548     -8.999587609272     -8.999598924995     -8.999618864392    
 -8.999639758464     -8.999660652536     -8.999681546608     -8.999702440680    
 -8.999722657007     -8.999742087495     -8.999761517983     -8.999780948471    
 -8.999800378958     -8.999819397805     -8.999838160359     -8.999856922913    
 -8.999875685467     -8.999894391670     -8.999912963758     -8.999931535845    
 -8.999950107933     -8.999968759669     -8.999987510894     -9.000006262120    
 -9.000025016804     -9.000044065760     -9.000063114717     -9.000082163673    
 -9.000101632755     -9.000121123283     -9.000140750106     -9.000160850244    
 -9.000180950382     -9.000201683175     -9.000222582161     -9.000243838166    
 -9.000265308920     -9.000287344681     -9.000309631616     -9.000332443365    
 -9.000355571533     -9.000379260096     -9.000405350753     -9.000429689884    
 -9.000454258919     -9.000480061769     -9.000506579876     -9.000533527136    
 -9.000561189651     -9.000589603186     -9.000618541241     -9.000648528337    
 -9.000679183006     -9.000710350275     -9.000742661953     -9.000775724649    
 -9.000809431076     -9.000844532251     -9.000880455971     -9.000917339325    
 -9.000955295563     -9.000994116068     -9.001034176350     -9.001075482368    
 -9.001117634773     -9.001161181927     -9.001206040382     -9.001251828671    
 -9.001299405098     -9.001348322630     -9.001398193836     -9.001450031996    
 -9.001503252983     -9.001557564735     -9.001614594460     -9.001672750711    
 -9.001731872559     -9.001794016361     -9.001857447624     -9.001922380924    
 -9.001990318298     -9.002059578896     -9.002130556107     -9.002204811573    
 -9.002280640602     -9.002358669043     -9.002439796925     -9.002522659302    
 -9.002608203888     -9.002697020769     -9.002787888050     -9.002882033587    
 -9.002979516983     -9.003079390526     -9.003182911873     -9.003289854527    
 -9.003399729729     -9.003513789177     -9.003631389141     -9.003753119707    
 -9.003878426552     -9.004007816315     -9.004143261909     -9.004281526804    
 -9.004424142838     -9.004575395584     -9.004727900028     -9.004884892702    
 -9.005055594444     -9.005224633217     -9.005397474766     -9.005595296621    
 -9.004982086590     -9.004278825436     -9.006139647044     -9.006392426572    
 -9.006604894002     -9.006841287830     -9.007092673779     -9.007337304950    
 -9.007593536377     -9.007877051830     -9.008159078251     -9.008483682738    
 -9.009072713852     -9.008508090462     -9.008557524000     -9.009930425882    
 -9.010076332092     -9.010566365719     -9.011140549183     -9.011336356401    
 -9.011859512329     -9.012550616264     -9.012801980972     -9.013371402025    
 -9.014213442802     -9.014528346062     -9.015155422688     -9.016146701574    
 -9.016584086418     -9.017280668020     -9.018465816975     -9.019060879946    
 -9.019840645790     -9.021277391911     -9.022081613541     -9.022961544991    
 -9.024726366997     -9.025814092159     -9.026817727089     -9.029013991356    
 -9.030490326881     -9.031650888920     -9.034421634674     -9.036437189579    
 -9.037805438042     -9.041351354122     -9.044121396542     -9.045986253023    
 -9.050384688377     -9.054221302271     -9.056821191311     -9.062377345562    
 -9.067736172676     -9.071441632509     -9.078601121902     -9.086146974564    
 -9.091526675224     -9.100929743052     -9.111610281467     -9.119482010603    
 -9.131951594353     -9.146978110075     -9.158203899860     -9.174290531874    
 -9.194543600082     -9.208363467455     -9.225713300705     -9.247181427479    
 -9.253321695328     -9.254217118025     -9.248764503002     -9.201262557507    
 -9.142917442322     -9.077377194166     -9.074887126684     -9.093752065301    
 -9.120750176907     -8.276591128111     -6.548669588566     -2.089549630881    
-0.4143224000931    -0.5325947622457     -1.293666787942     -1.259955616357    
 0.7888609052210E-30 -8.999287128448     -8.999302821930     -8.999318515412    
 -8.999334208893     -8.999349902375     -8.999365595856     -8.999381289338    
 -8.999408731738     -8.999437474790     -8.999466217842     -8.999494960894    
 -8.999523703946     -8.999551198388     -8.999577245080     -8.999603291772    
 -8.999629338464     -8.999655385156     -8.999680666728     -8.999705471928    
 -8.999730277129     -8.999755082329     -8.999779728453     -8.999803995981    
 -8.999828263509     -8.999852531037     -8.999876677226     -8.999900671850    
 -8.999924666474     -8.999948663832     -8.999972893793     -8.999997123754    
 -9.000021353715     -9.000045897508     -9.000070457322     -9.000095203820    
 -9.000120598629     -9.000145993437     -9.000171791301     -9.000197695045    
 -9.000224259475     -9.000251221312     -9.000278588375     -9.000306135580    
 -9.000334377310     -9.000363001368     -9.000392335422     -9.000425070891    
 -9.000454825163     -9.000484871864     -9.000516796112     -9.000549495220    
 -9.000582659245     -9.000616598129     -9.000651717186     -9.000687551498    
 -9.000724434853     -9.000762176514     -9.000800573826     -9.000840401649    
 -9.000881230831     -9.000922918320     -9.000966155529     -9.001010358334    
 -9.001055687666     -9.001102662086     -9.001150637865     -9.001199996471    
 -9.001250994205     -9.001303052902     -9.001356828213     -9.001412391663    
 -9.001469153166     -9.001528120041     -9.001588696241     -9.001650476456    
 -9.001714944839     -9.001781129837     -9.001848644018     -9.001919233799    
 -9.001991409063     -9.002064943314     -9.002142274380     -9.002221214771    
 -9.002302032709     -9.002386641502     -9.002473026514     -9.002561748028    
 -9.002654337883     -9.002748894691     -9.002846294641     -9.002947628498    
 -9.003051215410     -9.003158378601     -9.003269618750     -9.003383409977    
 -9.003501266241     -9.003623318672     -9.003748387098     -9.003878176212    
 -9.004012304544     -9.004150152206     -9.004293501377     -9.004441177845    
 -9.004593902826     -9.004751634598     -9.004914283752     -9.005084133148    
 -9.005258309841     -9.005437779427     -9.005627387762     -9.005819976330    
 -9.006018090248     -9.006231641769     -9.006445515156     -9.006664454937    
 -9.006910473108     -9.006343129703     -9.005685893978     -9.007605339564    
 -9.007917419662     -9.008186626434     -9.008483717875     -9.008800694942    
 -9.009109161794     -9.009432299932     -9.009789617856     -9.010154364326    
 -9.010514807701     -9.010629862272     -9.009770853179     -9.010600285871    
 -9.012132459879     -9.012800621986     -9.013220840693     -9.013602006435    
 -9.014374464750     -9.014902353287     -9.015317350626     -9.016211926937    
 -9.016871225834     -9.017328858376     -9.018380498886     -9.019204866886    
 -9.019764083624     -9.020964384079     -9.022000461817     -9.022688305378    
 -9.024076515436     -9.025389051437     -9.026244807243     -9.027870118618    
 -9.029547429085     -9.030628514290     -9.032556426525     -9.034720027447    
 -9.036109894514     -9.038429403305     -9.041247022152     -9.043069648743    
 -9.045906484127     -9.049612641335     -9.052054691315     -9.055590617657    
 -9.060402733088     -9.063861656189     -9.068365663290     -9.074722230434    
 -9.079668360949     -9.085545182228     -9.094093054533     -9.101226687431    
 -9.109082782269     -9.120761322975     -9.131085348129     -9.141779828072    
 -9.157822847366     -9.172543120384     -9.187006109953     -9.208302295208    
 -9.227731531858     -9.245560526848     -9.268624788523     -9.286165702343    
 -9.297262710333     -9.295110249519     -9.275751829147     -9.230630469322    
 -9.178657424450     -9.151117801666     -9.181356340647     -9.191495895386    
 -8.906715929508     -7.658969879151     -4.152426719666    -0.3500862538814    
-0.4423646479845    -0.6859239776929     -1.030831944446     -1.457316538691    
 -1.675768414140     0.7888609052210E-30 -8.999036073685     -8.999056320817    
 -8.999076567948     -8.999096815080     -8.999117062212     -8.999137309344    
 -8.999157556476     -8.999192677325     -8.999229444753     -8.999266212181    
 -8.999302979609     -8.999339747036     -8.999374716275     -8.999407600531    
 -8.999440484787     -8.999473369043     -8.999506253299     -8.999537933550    
 -8.999568864172     -8.999599794794     -8.999630725416     -8.999661323959    
 -8.999691132160     -8.999720940360     -8.999750748561     -8.999780411323    
 -8.999809892417     -8.999839373511     -8.999868854695     -8.999898343570    
 -8.999927832446     -8.999957321321     -8.999987068344     -9.000016828546    
 -9.000046752668     -9.000077246049     -9.000107739429     -9.000138866457    
 -9.000170159939     -9.000201946240     -9.000234028976     -9.000266757160    
 -9.000299772278     -9.000333600856     -9.000367846458     -9.000402862147    
 -9.000441558403     -9.000477147102     -9.000513124466     -9.000551247597    
 -9.000590145588     -9.000629669428     -9.000670504570     -9.000712198019    
 -9.000754535198     -9.000798314810     -9.000843238831     -9.000889027119    
 -9.000936603546     -9.000985181332     -9.001034617424     -9.001086223125    
 -9.001138830185     -9.001192605495     -9.001248741150     -9.001305967569    
 -9.001364624500     -9.001425510645     -9.001487684250     -9.001551842690    
 -9.001618325710     -9.001686203480     -9.001756405830     -9.001828861237    
 -9.001902854443     -9.001979798079     -9.002058839798     -9.002139520645    
 -9.002224135399     -9.002310669422     -9.002398848534     -9.002491599321    
 -9.002586245537     -9.002683103085     -9.002784609795     -9.002888292074    
 -9.002994835377     -9.003105968237     -9.003219509125     -9.003336590528    
 -9.003458559513     -9.003583264351     -9.003712201118     -9.003846019506    
 -9.003982949257     -9.004125058651     -9.004272127151     -9.004422789812    
 -9.004579389095     -9.004741162062     -9.004907369614     -9.005080550909    
 -9.005258774757     -9.005442881584     -9.005633783340     -9.005830407143    
 -9.006035280228     -9.006246185303     -9.006463360786     -9.006692177057    
 -9.006925523281     -9.007165503502     -9.007423067093     -9.007682722807    
 -9.007948696613     -9.008244305849     -9.007723835536     -9.007113484825    
 -9.009093885789     -9.009466813976     -9.009794362386     -9.010154473131    
 -9.010538956324     -9.010913613439     -9.011306015650     -9.011740092436    
 -9.012174221675     -9.012665287654     -9.013509211173     -9.013193090047    
 -9.013322259699     -9.014862847328     -9.015149855614     -9.015882110596    
 -9.016725444794     -9.017091333866     -9.017884087563     -9.018897414207    
 -9.019356131554     -9.020231455564     -9.021463871002     -9.022031921148    
 -9.023010849953     -9.024469137192     -9.025229620934     -9.026335805655    
 -9.028088152409     -9.029098170996     -9.030361151695     -9.032496976852    
 -9.033839404583     -9.035298275948     -9.037938690186     -9.039732384682    
 -9.041441130638     -9.044752418995     -9.047167539597     -9.049204140902    
 -9.053419768810     -9.056701546907     -9.059182882309     -9.064637666941    
 -9.069142091274     -9.072537761927     -9.079428744316     -9.085677802563    
 -9.090433740616     -9.099314904213     -9.108076190948     -9.114880162477    
 -9.126555085182     -9.138936573267     -9.148802328110     -9.164344441891    
 -9.181803238392     -9.195928245783     -9.216255617142     -9.239998310804    
 -9.258207142353     -9.281368023157     -9.308773517609     -9.320393633842    
 -9.328124260902     -9.331317150593     -9.290468811989     -9.247714072466    
 -9.207781255245     -9.233319723606     -9.256458258629     -9.247413235903    
 -8.252083241940     -6.226309421659     -1.752007818223    -0.3935147419572    
-0.4690320511658    -0.8151856362819     -1.008359226584     -1.159985475615    
 -1.960393590480     -2.178505409509     0.7888609052210E-30 -8.998785972595    
 -8.998810675660     -8.998835378724     -8.998860081788     -8.998884784853    
 -8.998909487917     -8.998934190982     -8.998977000279     -8.999021814007    
 -8.999066627736     -8.999111441464     -8.999156255192     -8.999198756557    
 -8.999238576760     -8.999278396962     -8.999318217164     -8.999358037367    
 -8.999396188055     -8.999433299283     -8.999470410511     -8.999507521739    
 -8.999544212295     -8.999579901656     -8.999615591018     -8.999651280380    
 -8.999686617938     -8.999721516052     -8.999756414166     -8.999791310082    
 -8.999826018917     -8.999860727752     -8.999895436587     -8.999930634418    
 -8.999965857211     -9.000001195422     -9.000036934448     -9.000072673474    
 -9.000109029597     -9.000145547825     -9.000182686652     -9.000220198774    
 -9.000258478842     -9.000297100301     -9.000336595201     -9.000376581967    
 -9.000417480736     -9.000462724085     -9.000504237413     -9.000546073914    
 -9.000590163469     -9.000635504723     -9.000681596994     -9.000728940964    
 -9.000777518749     -9.000826942921     -9.000878006220     -9.000930404663    
 -9.000983786583     -9.001038956642     -9.001095503569     -9.001153230667    
 -9.001213127375     -9.001274347305     -9.001337110996     -9.001402378082    
 -9.001468956470     -9.001537299156     -9.001608395576     -9.001681017876    
 -9.001755946875     -9.001833200455     -9.001912081242     -9.001994061470    
 -9.002078777552     -9.002165281773     -9.002254933119     -9.002347302437    
 -9.002441728115     -9.002540445328     -9.002641540766     -9.002744674683    
 -9.002853310108     -9.002964162827     -9.003077602386     -9.003196263313    
 -9.003317564726     -9.003442394733     -9.003572666645     -9.003705787659    
 -9.003843092918     -9.003986001015     -9.004132127762     -9.004283380508    
 -9.004440426826     -9.004601180553     -9.004768162966     -9.004940962791    
 -9.005117988586     -9.005302095413     -9.005492126942     -9.005687236786    
 -9.005891102552     -9.006100833416     -9.006317406893     -9.006542348862    
 -9.006773889065     -9.007014870644     -9.007263523340     -9.007519412041    
 -9.007788443565     -9.008063912392     -9.008347231150     -9.008650279045    
 -9.008957242966     -9.009271800518     -9.009618550539     -9.009146857262    
 -9.008585488796     -9.010628465506     -9.011064373734     -9.011452166239    
 -9.011877386787     -9.012332230409     -9.012775361538     -9.013239399592    
 -9.013753239314     -9.014278166222     -9.014797255728     -9.014984851250    
 -9.014241741811     -9.015395317759     -9.017134523392     -9.018097829819    
 -9.018710517883     -9.019268286228     -9.020381063223     -9.021151232719    
 -9.021763890982     -9.023055970669     -9.024019438028     -9.024701237679    
 -9.026225775480     -9.027433133125     -9.028270447254     -9.030020427704    
 -9.031542688608     -9.032578909397     -9.034615916014     -9.036551761627    
 -9.037850582600     -9.040254294872     -9.042739957571     -9.044393897057    
 -9.047271460295     -9.050496685505     -9.052642971277     -9.056143093109    
 -9.060373824835     -9.063218104839     -9.067553365231     -9.073166608810    
 -9.077022081614     -9.082503759861     -9.089882677794     -9.095388340950    
 -9.102481305599     -9.112363719940     -9.120304751396     -9.129701995850    
 -9.143169921637     -9.154686868191     -9.167369931936     -9.185891032219    
 -9.202407449484     -9.219453847408     -9.244315475225     -9.266436719894    
 -9.287459301949     -9.315850806236     -9.336991351843     -9.351916790009    
 -9.356438797712     -9.340713095665     -9.301365065575     -9.266953730583    
 -9.262930870056     -9.306871342659     -9.290743750334     -8.872482744853    
 -7.573994859060     -3.819889436166    -0.3756869852543    -0.4201119780540    
-0.6384235151112    -0.9070230812649     -1.027150810376     -1.331377643836    
 -1.754670936987     -2.226018463820     -2.320392427593     0.7888609052210E-30
 -8.998534202576     -8.998563557008     -8.998592911441     -8.998622265873    
 -8.998651620306     -8.998680974738     -8.998710329171     -8.998760945092    
 -8.998813914744     -8.998866884395     -8.998919854047     -8.998972823698    
 -8.999022927438     -8.999069708183     -8.999116488927     -8.999163269671    
 -8.999210050415     -8.999254748997     -8.999298151199     -8.999341553401    
 -8.999384955603     -8.999427806728     -8.999469346297     -8.999510885866    
 -8.999552425436     -8.999593466916     -8.999633886224     -8.999674305533    
 -8.999714723669     -8.999755042012     -8.999795360356     -8.999835678699    
 -8.999876138367     -8.999916605249     -8.999957209818     -8.999998292539    
 -9.000039375261     -9.000081242210     -9.000123315168     -9.000165968984    
 -9.000208972189     -9.000252871042     -9.000297168056     -9.000342557295    
 -9.000388379056     -9.000435086015     -9.000486974176     -9.000534427166    
 -9.000582289696     -9.000632888079     -9.000684738159     -9.000737428665    
 -9.000791668892     -9.000847303867     -9.000903844833     -9.000961959362    
 -9.001021742821     -9.001082754135     -9.001145982742     -9.001210671663    
 -9.001276612282     -9.001345264912     -9.001415383816     -9.001487213373    
 -9.001561832428     -9.001638025045     -9.001716363430     -9.001797717810    
 -9.001880788803     -9.001966488361     -9.002055287361     -9.002145981789    
 -9.002239894867     -9.002336758375     -9.002435719967     -9.002539008856    
 -9.002645111084     -9.002753371000     -9.002866423130     -9.002982479334    
 -9.003101110458     -9.003225398064     -9.003352546692     -9.003483033180    
 -9.003619527817     -9.003759026527     -9.003902530670     -9.004052197933    
 -9.004205250740     -9.004363399744     -9.004527866840     -9.004696071148    
 -9.004870414734     -9.005051195621     -9.005236160755     -9.005428403616    
 -9.005627417564     -9.005831378698     -9.006043922901     -9.006263142824    
 -9.006488084793     -9.006723332405     -9.006965303421     -9.007215118408    
 -9.007474875450     -9.007742166519     -9.008020186424     -9.008307778835    
 -9.008603715897     -9.008914512396     -9.009233653545     -9.009561753273    
 -9.009911370277     -9.010267156363     -9.010632038116     -9.011031866074    
 -9.010610716684     -9.010100034305     -9.012207735135     -9.012709252040    
 -9.013160292308     -9.013653768409     -9.014181750615     -9.014696748555    
 -9.015236282349     -9.015833878517     -9.016433311809     -9.017106326421    
 -9.018232158514     -9.018185549123     -9.018397493022     -9.020129746199    
 -9.020569634438     -9.021571284533     -9.022715258598     -9.023268818855    
 -9.024364304543     -9.025741285086     -9.026431763172     -9.027653628588    
 -9.029330968857     -9.030187112093     -9.031569397449     -9.033565515280    
 -9.034700250626     -9.036282718182     -9.038696408272     -9.040195530653    
 -9.042029833794     -9.044992434978     -9.046980321407     -9.049136596918    
 -9.052828884125     -9.055485355854     -9.058062779903     -9.062737435102    
 -9.066322708130     -9.069466602802     -9.075484323502     -9.080377393961    
 -9.084306478500     -9.092193627357     -9.098952317238     -9.104394471645    
 -9.114536786079     -9.123984634876     -9.131694650650     -9.145001238585    
 -9.158333468437     -9.169433885813     -9.187134683132     -9.205937296152    
 -9.221812248230     -9.245036131144     -9.270650541782     -9.291448801756    
 -9.318381237984     -9.347973203659     -9.363473200798     -9.374908769131    
 -9.382860541344     -9.344455826283     -9.311505115032     -9.284917408228    
 -9.325462675095     -9.339727491140     -9.302992522717     -8.180393872659    
 -5.890255959829     -1.417371666432    -0.3999089002609    -0.4863595318747    
-0.7970999622096    -0.9530872317186     -1.091318475967     -1.510177085525    
 -1.737027712911     -1.873568177037     -2.366446548328     -2.431901790202    
 0.7888609052210E-30 -8.998283863068     -8.998317810238     -8.998351757408    
 -8.998385704578     -8.998419651748     -8.998453598918     -8.998487546088    
 -8.998546022007     -8.998607213355     -8.998668404704     -8.998729596052    
 -8.998790787400     -8.998848551610     -8.998902342087     -8.998956132564    
 -8.999009923042     -8.999063713519     -8.999115046888     -8.999164850432    
 -8.999214653976     -8.999264457520     -8.999313537771     -8.999360896594    
 -8.999408255417     -8.999455614241     -8.999502419647     -8.999548533773    
 -8.999594647898     -8.999640758955     -8.999686608897     -8.999732458839    
 -8.999778308781     -8.999824275971     -8.999870249146     -8.999916389419    
 -8.999963109984     -9.000009830549     -9.000057182409     -9.000104700103    
 -9.000153020218     -9.000201822995     -9.000251531396     -9.000301642393    
 -9.000352779509     -9.000404537771     -9.000457466123     -9.000516096814    
 -9.000569701195     -9.000623726845     -9.000680756569     -9.000739395618    
 -9.000798964500     -9.000860023499     -9.000922799110     -9.000986695290    
 -9.001052558422     -9.001120090485     -9.001188880205     -9.001260244846    
 -9.001333236694     -9.001407623291     -9.001485341787     -9.001564598083    
 -9.001645648479     -9.001730060577     -9.001816183329     -9.001904594898    
 -9.001996481419     -9.002090334892     -9.002187192440     -9.002287507057    
 -9.002389985323     -9.002496218681     -9.002605885267     -9.002717900276    
 -9.002834439278     -9.002954363823     -9.003076893091     -9.003205287457    
 -9.003336727619     -9.003470778465     -9.003611803055     -9.003755903244    
 -9.003903591633     -9.004058218002     -9.004216343164     -9.004379141331    
 -9.004548889399     -9.004722452164     -9.004901754856     -9.005088388920    
 -9.005279278755     -9.005477023125     -9.005682170391     -9.005892157555    
 -9.006110668182     -9.006336617470     -9.006568068266     -9.006809747219    
 -9.007058978081     -9.007314682007     -9.007582318783     -9.007857501507    
 -9.008141487837     -9.008437418938     -9.008741796017     -9.009058094025    
 -9.009385997057     -9.009723353386     -9.010077232122     -9.010441303253    
 -9.010815620422     -9.011213898659     -9.011620438099     -9.012037503719    
 -9.012492269278     -9.012124102456     -9.011666787096     -9.013841162828    
 -9.014411066332     -9.014927641551     -9.015491864681     -9.016096670628    
 -9.016686703265     -9.017305008570     -9.017990044753     -9.018691530806    
 -9.019385719299     -9.019654329740     -9.019036845650     -9.020550812994    
 -9.022522556782     -9.023815488815     -9.024644827843     -9.025402426720    
 -9.026898682117     -9.027944946289     -9.028785306215     -9.030529749393    
 -9.031843858957     -9.032789111137     -9.034857988358     -9.036512088776    
 -9.037682282925     -9.040073990822     -9.042170673609     -9.043632447720    
 -9.046439617872     -9.049121975899     -9.050973117352     -9.054318547249    
 -9.057787376642     -9.060173249245     -9.064224666357     -9.068761873245    
 -9.071899592876     -9.076895070076     -9.082902652025     -9.087122309208    
 -9.093407392502     -9.101462841034     -9.107273364067     -9.115360760689    
 -9.126104509830     -9.134487986565     -9.145139366388     -9.159734094143    
 -9.171909797192     -9.186202239990     -9.206246948242     -9.223759114742    
 -9.242877316475     -9.269881510735     -9.293464010954     -9.316982161999    
 -9.348510533571     -9.371317172050     -9.388031369448     -9.397049272060    
 -9.382115817070     -9.346652626991     -9.323804086447     -9.334267938137    
 -9.383596247435     -9.341928863525     -8.802253743013     -7.477899003029    
 -3.483000794054    -0.3892503619194    -0.4155774831772    -0.6477500684559    
-0.8973300198093    -0.9990890607238     -1.294579594582     -1.634490698203    
 -1.745149063878     -1.859197326004     -1.999874014407     -2.434667594731    
 -2.492613081634     0.7888609052210E-30 -8.998033523560     -8.998072141641    
 -8.998110759723     -8.998149377805     -8.998187995886     -8.998226613968    
 -8.998265232050     -8.998331595498     -8.998401030468     -8.998470465437    
 -8.998539900407     -8.998609335376     -8.998674817386     -8.998735715979    
 -8.998796614571     -8.998857513163     -8.998918411756     -8.998976468677    
 -8.999032756339     -8.999089044001     -8.999145331663     -8.999200772588    
 -8.999254198293     -8.999307623998     -8.999361049704     -8.999413802883    
 -8.999465715998     -8.999517629114     -8.999569536054     -8.999620917595    
 -8.999672299136     -8.999723680678     -8.999775196967     -8.999826720136    
 -8.999878451965     -8.999930908423     -8.999983364881     -9.000036483383    
 -9.000089775797     -9.000143847625     -9.000198388275     -9.000253935152    
 -9.000309929345     -9.000367192978     -9.000425107230     -9.000484263434    
 -9.000549734372     -9.000609636307     -9.000670051575     -9.000733900070    
 -9.000799357891     -9.000865870714     -9.000934290886     -9.001004374027    
 -9.001075637341     -9.001149326563     -9.001224827766     -9.001301699877    
 -9.001381433010     -9.001463001966     -9.001546144485     -9.001632851362    
 -9.001721310616     -9.001811814308     -9.001906180382     -9.002002477646    
 -9.002101349831     -9.002204155922     -9.002309203148     -9.002417683601    
 -9.002529859543     -9.002644395828     -9.002763104439     -9.002885836363    
 -9.003011262417     -9.003141671419     -9.003275990486     -9.003413259983    
 -9.003556609154     -9.003703796864     -9.003854274750     -9.004012036324    
 -9.004173374176     -9.004338884354     -9.004512190819     -9.004689365625    
 -9.004871690273     -9.005061948299     -9.005256581306     -9.005457812548    
 -9.005667150021     -9.005881297588     -9.006103372574     -9.006333601475    
 -9.006569218636     -9.006814539433     -9.007068395615     -9.007328534126    
 -9.007600045204     -9.007880109549     -9.008167505264     -9.008468538523    
 -9.008778011799     -9.009097331762     -9.009430456161     -9.009773135185    
 -9.010129261017     -9.010498762131     -9.010878872871     -9.011277383566    
 -9.011688232422     -9.012110632658     -9.012559199333     -9.013018548489    
 -9.013490116596     -9.014002531767     -9.013689909663     -9.013288403409    
 -9.015531875537     -9.016173601354     -9.016759363810     -9.017398655198    
 -9.018084184329     -9.018753758073     -9.019455560048     -9.020233972867    
 -9.021016752937     -9.021893029743     -9.023343817638     -9.023602436270    
 -9.023895706449     -9.025847148895     -9.026453399658     -9.027764427662    
 -9.029256069660     -9.030018299818     -9.031463885307     -9.033265930414    
 -9.034220325947     -9.035847884417     -9.038052439690     -9.039243322611    
 -9.041103756428     -9.043745332956     -9.045325756073     -9.047481894493    
 -9.050700664520     -9.052795779705     -9.055331397057     -9.059317821264    
 -9.062110722065     -9.065142035484     -9.070161581039     -9.073919683695    
 -9.077614510059     -9.084044843912     -9.089160251617     -9.093769043684    
 -9.102160394192     -9.109211844206     -9.115114808083     -9.126279848814    
 -9.136125457287     -9.144431728125     -9.159042906761     -9.172933816910    
 -9.184831643105     -9.204231035709     -9.223832035065     -9.240817826986    
 -9.266270637512     -9.292977613211     -9.315398120880     -9.345104259253    
 -9.375733387470     -9.393629640341     -9.407296442986     -9.414821463823    
 -9.380365979671     -9.354473525286     -9.335920810699     -9.385974621773    
 -9.387016499043     -9.330877786875     -8.093341922760     -5.551024407149    
 -1.078575869402    -0.4028367593884    -0.5053772916396    -0.8058477076391    
-0.9446064944689     -1.103927205037     -1.493499290571     -1.666733275913    
 -1.749848086014     -1.866133899428     -1.948193901777     -2.039977213368    
 -2.505133818835     -2.561365325749     0.7888609052210E-30 -8.997784137726    
 -8.997827387632     -8.997870637538     -8.997913887445     -8.997957137351    
 -8.998000387257     -8.998043637163     -8.998117963203     -8.998195729492    
 -8.998273495780     -8.998351262069     -8.998429028358     -8.998502343592    
 -8.998570497873     -8.998638652154     -8.998706806435     -8.998774960716    
 -8.998839814819     -8.998902614191     -8.998965413563     -8.999028212935    
 -8.999090033963     -8.999149526550     -8.999209019137     -8.999268511724    
 -8.999327243554     -8.999385025109     -8.999442806663     -8.999500580846    
 -8.999557727715     -8.999614874584     -8.999672021454     -8.999729430821    
 -8.999786853589     -8.999844404574     -8.999902400827     -8.999960397079    
 -9.000019372093     -9.000078604219     -9.000138643828     -9.000199169142    
 -9.000260678355     -9.000322624960     -9.000386318436     -9.000450677850    
 -9.000516331784     -9.000589033841     -9.000655359030     -9.000722217560    
 -9.000792884827     -9.000865459442     -9.000939196348     -9.001014900208    
 -9.001092535257     -9.001171493530     -9.001253008842     -9.001336669922    
 -9.001421928406     -9.001510262489     -9.001600682735     -9.001692891121    
 -9.001788973808     -9.001887094975     -9.001987594366     -9.002091956139    
 -9.002198576927     -9.002308297157     -9.002422213554     -9.002538537979    
 -9.002658563852     -9.002782940865     -9.002910071611     -9.003042030334    
 -9.003178119659     -9.003317093849     -9.003461837769     -9.003610825539    
 -9.003763049841     -9.003922283649     -9.004085648060     -9.004252552986    
 -9.004427826405     -9.004607069492     -9.004790943861     -9.004983329773    
 -9.005180031061     -9.005382502079     -9.005594086647     -9.005810499191    
 -9.006034046412     -9.006266772747     -9.006504881382     -9.006751751900    
 -9.007008010149     -9.007270383835     -9.007543444633     -9.007825899124    
 -9.008115315437     -9.008417820930     -9.008729714155     -9.009049654007    
 -9.009385401011     -9.009730446339     -9.010086339712     -9.010458183289    
 -9.010840594769     -9.011237788200     -9.011650586128     -9.012075233459    
 -9.012520158291     -9.012979507446     -9.013451927900     -9.013953495026    
 -9.014467990398     -9.014996254444     -9.015568643808     -9.015314395087    
 -9.014971822074     -9.017287388581     -9.018004425163     -9.018662420909    
 -9.019379954988     -9.020150810083     -9.020903977752     -9.021693897247    
 -9.022570188840     -9.023469346364     -9.024360065990     -9.024717352207    
 -9.024238131302     -9.026164727552     -9.028404206038     -9.030075192451    
 -9.031154268980     -9.032143259048     -9.034083664417     -9.035452485085    
 -9.036561286449     -9.038836741447     -9.040566456318     -9.041828393936    
 -9.044545131922     -9.046737122536     -9.048316907883     -9.051484704018    
 -9.054283946753     -9.056281769276     -9.060037982464     -9.063649177551    
 -9.066214740276     -9.070745348930     -9.075458759069     -9.078816461563    
 -9.084381943941     -9.090612399578     -9.095103412867     -9.102079558372    
 -9.110425877571     -9.116575789452     -9.125517070293     -9.136850953102    
 -9.145472282171     -9.157199466228     -9.172550147772     -9.185093951225    
 -9.200764864683     -9.221813404560     -9.239896303415     -9.260778880119    
 -9.289173948765     -9.313578426838     -9.339171123505     -9.372715139389    
 -9.396205806732     -9.414130568504     -9.426017701626     -9.410500907898    
 -9.379133772850     -9.363091993332     -9.383381944895     -9.434813380241    
 -9.370591092110     -8.717687284947     -7.377988372247     -3.145342763266    
-0.3981675654650    -0.4134712517261    -0.6632930075284    -0.8953195362352    
-0.9913675937103     -1.303305523237     -1.613065701537     -1.699676837027    
 -1.781716365181     -1.859141682461     -1.922363880090     -1.998929462582    
 -2.111317325011     -2.553497160226     -2.608506321907     0.7888609052210E-30
 -8.997534275055     -8.997582332678     -8.997630390301     -8.997678447924    
 -8.997726505547     -8.997774563169     -8.997822620792     -8.997905065129    
 -8.997991316208     -8.998077567288     -8.998163818368     -8.998250069448    
 -8.998331266141     -8.998406602324     -8.998481938507     -8.998557274690    
 -8.998632610873     -8.998704335872     -8.998773812506     -8.998843289140    
 -8.998912765774     -8.998981138425     -8.999046883615     -8.999112628805    
 -8.999178373995     -8.999243233938     -8.999306988105     -8.999370742273    
 -8.999434488922     -8.999497595894     -8.999560702867     -8.999623809839    
 -8.999687038588     -8.999750273555     -8.999813674481     -8.999877651750    
 -8.999941629020     -9.000006508783     -9.000071625623     -9.000137727931    
 -9.000204423002     -9.000272238996     -9.000340553297     -9.000410538481    
 -9.000481255260     -9.000553413383     -9.000633444276     -9.000706535578    
 -9.000780153275     -9.000857794285     -9.000937640667     -9.001018774509    
 -9.001101994514     -9.001187467575     -9.001274454594     -9.001364260912    
 -9.001456260681     -9.001549923420     -9.001647090912     -9.001746594906    
 -9.001848101616     -9.001953715086     -9.002061617374     -9.002172189951    
 -9.002287268639     -9.002404749393     -9.002525472641     -9.002650916576    
 -9.002779006958     -9.002911120653     -9.003048121929     -9.003188073635    
 -9.003332972527     -9.003482860327     -9.003636097908     -9.003795564175    
 -9.003959655762     -9.004127287865     -9.004302716255     -9.004482734203    
 -9.004666686058     -9.004859936237     -9.005057477951     -9.005260026455    
 -9.005472302437     -9.005689382553     -9.005912852287     -9.006146025658    
 -9.006384611130     -9.006631404161     -9.006888210773     -9.007151025534    
 -9.007423853874     -9.007706767321     -9.007996392250     -9.008298277855    
 -9.008610367775     -9.008930075169     -9.009264659882     -9.009609591961    
 -9.009963393211     -9.010334938765     -9.010716784000     -9.011110645533    
 -9.011522459984     -9.011946052313     -9.012386095524     -9.012844038010    
 -9.013315105438     -9.013808381557     -9.014318466187     -9.014843142033    
 -9.015399646759     -9.015971922874     -9.016559910774     -9.017195761204    
 -9.017003018515     -9.016722270421     -9.019113583198     -9.019910480833    
 -9.020645395915     -9.021446804350     -9.022308283647     -9.023150674999    
 -9.024035088221     -9.025016967456     -9.026007318786     -9.027115167512    
 -9.028944402108     -9.029552109327     -9.029931332384     -9.032140040398    
 -9.032934117317     -9.034607315063     -9.036508190632     -9.037512332201    
 -9.039373064041     -9.041682344675     -9.042949783802     -9.045064997673    
 -9.047906875610     -9.049504637718     -9.051950085163     -9.055384498835    
 -9.057519435883     -9.060391664505     -9.064616823196     -9.067470884323    
 -9.070902037621     -9.076192551851     -9.080034971237     -9.084213203192    
 -9.090958905220     -9.096187603474     -9.101390266418     -9.110157966614    
 -9.117364215851     -9.124009579420     -9.135635197163     -9.145699238777    
 -9.154424786568     -9.170142751932     -9.184352958202     -9.196804112196    
 -9.217631125450     -9.237702876329     -9.255449426174     -9.282750058174    
 -9.310089206696     -9.333606529236     -9.365531682968     -9.396528810263    
 -9.416024684906     -9.431122970581     -9.437357079983     -9.405587881804    
 -9.385155010223     -9.376819580793     -9.428631007671     -9.415025216341    
 -9.345347523690     -7.998964097103     -5.210136524837    -0.7384574492782    
-0.4048590481281    -0.5252417715576    -0.8202502043917    -0.9420756769832    
 -1.121356822550     -1.500760806957     -1.646257143468     -1.724603682570    
 -1.813025211543     -1.859211854264     -1.895614770055     -1.981448020786    
 -2.053162337840     -2.146449779347     -2.604506716877     -2.657966545224    
 0.7888609052210E-30 -8.997285366058     -8.997338172767     -8.997390979476    
 -8.997443786185     -8.997496592894     -8.997549399603     -8.997602206312    
 -8.997692763101     -8.997787498972     -8.997882234843     -8.997976970713    
 -8.998071706584     -8.998160921411     -8.998243734642     -8.998326547874    
 -8.998409361105     -8.998492174336     -8.998570849474     -8.998646948186    
 -8.998723046898     -8.998799145610     -8.998874085973     -8.998946269487    
 -8.999018453000     -8.999090636514     -8.999161820352     -8.999231755479    
 -8.999301690606     -8.999371615197     -8.999440643317     -8.999509671438    
 -8.999578699558     -8.999647912110     -8.999717134077     -8.999786553548    
 -8.999856658909     -8.999926764269     -8.999997884268     -9.000069270804    
 -9.000141657454     -9.000214645677     -9.000288854341     -9.000363605551    
 -9.000440110459     -9.000517429878     -9.000596355612     -9.000684008494    
 -9.000763845444     -9.000844359398     -9.000929594040     -9.001016914845    
 -9.001105594635     -9.001196718216     -9.001290094852     -9.001385092735    
 -9.001483500004     -9.001584148407     -9.001686531305     -9.001792919636    
 -9.001901686192     -9.002012491226     -9.002128177881     -9.002246260643    
 -9.002367138863     -9.002493095398     -9.002621650696     -9.002753686905    
 -9.002890968323     -9.003031158447     -9.003175747395     -9.003325641155    
 -9.003478825092     -9.003637671471     -9.003801667690     -9.003969240189    
 -9.004143893719     -9.004323697090     -9.004507416487     -9.004699504375    
 -9.004896557331     -9.005097866058     -9.005309635401     -9.005526161194    
 -9.005748236179     -9.005980825424     -9.006218791008     -9.006463956833    
 -9.006719678640     -9.006981348991     -9.007252085209     -9.007533729076    
 -9.007821971178     -9.008121299744     -9.008431893587     -9.008749926090    
 -9.009081333876     -9.009424233437     -9.009775674343     -9.010143423080    
 -9.010522645712     -9.010911703110     -9.011320364475     -9.011740434170    
 -9.012173813581     -9.012627577782     -9.013094246387     -9.013578844070    
 -9.014083766937     -9.014603257179     -9.015147209167     -9.015710592270    
 -9.016290229559     -9.016904616356     -9.017537671328     -9.018188357353    
 -9.018890380859     -9.018762741770     -9.018547979849     -9.021018586526    
 -9.021899864001     -9.022715950012     -9.023605594418     -9.024563409487    
 -9.025500847399     -9.026485490799     -9.027579220136     -9.028704442400    
 -9.029820500480     -9.030274862876     -9.029953365241     -9.032363031592    
 -9.034916013479     -9.037031769753     -9.038405305147     -9.039668285847    
 -9.042137533426     -9.043893146515     -9.045326304436     -9.048242259026    
 -9.050478833914     -9.052133083344     -9.055643975735     -9.058503377438    
 -9.060602706671     -9.064739227295     -9.068426072598     -9.071121811867    
 -9.076088070869     -9.080895233154     -9.084415578842     -9.090493500233    
 -9.096842163801     -9.101535725594     -9.109129452705     -9.117630708218    
 -9.124034076929     -9.133736014366     -9.145282679796     -9.154226815701    
 -9.166911149025     -9.182801365852     -9.195534878969     -9.212430500984    
 -9.234181916714     -9.252584791183     -9.275027751923     -9.304381322861    
 -9.329240798950     -9.356628870964     -9.391544777155     -9.415167093277    
 -9.433922845125     -9.447750306129     -9.430829030275     -9.403171777725    
 -9.391630232334     -9.419464230537     -9.462076264620     -9.386708152294    
 -8.625262838602     -7.275751352311     -2.803475970031    -0.4005103141069    
-0.4117393389344    -0.6819935657083    -0.8970235242741    -0.9891579601137    
 -1.319256156147     -1.601781991683     -1.679921205109     -1.756530191284    
 -1.823449655902     -1.859600942582     -1.904491541814     -1.955786062777    
 -2.020939389244     -2.092411781102     -2.196296352521     -2.641734088212    
 -2.695003747940     0.7888609052210E-30 -8.997036457062     -8.997094051944    
 -8.997151646826     -8.997209241708     -8.997266836590     -8.997324431471    
 -8.997382026353     -8.997480857406     -8.997584253464     -8.997687649522    
 -8.997791045580     -8.997894441638     -8.997991768774     -8.998082059054    
 -8.998172349333     -8.998262639613     -8.998352929893     -8.998438742221    
 -8.998521766523     -8.998604790824     -8.998687815126     -8.998769555232    
 -8.998848238977     -8.998926922721     -8.999005606465     -8.999083164019    
 -8.999159314830     -8.999235465641     -8.999311605662     -8.999386827615    
 -8.999462049568     -8.999537271521     -8.999612730589     -8.999688201761    
 -8.999763854320     -8.999840136796     -8.999916419272     -8.999993789707    
 -9.000071445939     -9.000150271029     -9.000229799195     -9.000310476476    
 -9.000391664596     -9.000475141097     -9.000559440122     -9.000645390429    
 -9.000740860737     -9.000827735662     -9.000915312767     -9.001007986069    
 -9.001103103161     -9.001199722290     -9.001298904419     -9.001400607824    
 -9.001504051685     -9.001610904932     -9.001720428467     -9.001831978559    
 -9.001947820187     -9.002066290379     -9.002187013626     -9.002313005924    
 -9.002441573143     -9.002573144436     -9.002710151672     -9.002850055695    
 -9.002993869781     -9.003143388033     -9.003296041489     -9.003453415632    
 -9.003616750240     -9.003783679008     -9.003956627846     -9.004135316610    
 -9.004317927361     -9.004508078098     -9.004703998566     -9.004904270172    
 -9.005113482475     -9.005328327417     -9.005548000336     -9.005778676271    
 -9.006014680862     -9.006256902218     -9.006510496140     -9.006769955158    
 -9.007037281990     -9.007316344976     -9.007601928711     -9.007897382975    
 -9.008204877377     -9.008519613743     -9.008846449852     -9.009185677767    
 -9.009533107281     -9.009895354509     -9.010270142555     -9.010654270649    
 -9.011056423187     -9.011471217871     -9.011896848679     -9.012344330549    
 -9.012804436684     -9.013279271126     -9.013776564598     -9.014288127422    
 -9.014819526672     -9.015373742580     -9.015943980217     -9.016540932655    
 -9.017160177231     -9.017797517776     -9.018472886086     -9.019170033932    
 -9.019886982441     -9.020659595728     -9.020601347515     -9.020456708755    
 -9.023011094240     -9.023982764717     -9.024885845184     -9.025870875879    
 -9.026932182312     -9.027971863747     -9.029065100352     -9.030280685425    
 -9.031510800448     -9.032887570063     -9.035164686350     -9.036178073713    
 -9.036652573517     -9.039171373844     -9.040185046196     -9.042291986942    
 -9.044685041904     -9.045979291201     -9.048344182968     -9.051271969080    
 -9.052924668789     -9.055642604828     -9.059273600578     -9.061385250092    
 -9.064568173885     -9.069000917673     -9.071852660179     -9.075648546219    
 -9.081165862083     -9.085023921728     -9.089640283585     -9.096641612053    
 -9.101905047894     -9.107644450665     -9.116708302498     -9.123974484205    
 -9.131289827824     -9.143269866705     -9.153433632851     -9.163010489941    
 -9.179166483879     -9.193541729450     -9.206390619278     -9.228479951620    
 -9.248815369606     -9.267104554176     -9.296020650864     -9.323703795671    
 -9.347997295856     -9.381804358959     -9.412749910355     -9.433365148306    
 -9.449418723583     -9.453820604086     -9.423945164680     -9.407990175486    
 -9.407816803455     -9.460414558649     -9.431668376923     -9.254071905216    
 -7.900351480643     -4.867816631994    -0.3962979912758    -0.4056797683239    
-0.5459109833463    -0.8387998760056    -0.9441762783254     -1.143130209995    
 -1.516809854004     -1.636038565217     -1.710600206256     -1.788754502824    
 -1.825270118192     -1.856878259033     -1.913766832650     -1.950775654241    
 -1.986424960941     -2.063191885129     -2.131422115862     -2.224526533112    
 -2.680146389455     -2.732488024235     0.7888609052210E-30 -8.996787786484    
 -8.996850306344     -8.996912826204     -8.996975346064     -8.997037865924    
 -8.997100385784     -8.997162905644     -8.997270064074     -8.997382164168    
 -8.997494264262     -8.997606364357     -8.997718464451     -8.997824007165    
 -8.997921946663     -8.998019886160     -8.998117825657     -8.998215765154    
 -8.998308831749     -8.998398864416     -8.998488897083     -8.998578929751    
 -8.998667537045     -8.998752751973     -8.998837966901     -8.998923181830    
 -8.999007222925     -8.999089797767     -8.999172372609     -8.999254935798    
 -8.999336507403     -8.999418079008     -8.999499650613     -8.999581405343    
 -8.999663169421     -8.999745143802     -8.999827848517     -8.999910553233    
 -8.999994486432     -9.000078742344     -9.000164168338     -9.000250298143    
 -9.000337894254     -9.000426142211     -9.000516383101     -9.000607681480    
 -9.000700975300     -9.000804165316     -9.000898456573     -9.000993490219    
 -9.001093834639     -9.001196980476     -9.001301753521     -9.001409149170    
 -9.001519441605     -9.001631665230     -9.001747429371     -9.001866245270    
 -9.001987320185     -9.002112615108     -9.002240997553     -9.002372026443    
 -9.002508556843     -9.002647948265     -9.002790677547     -9.002939271927    
 -9.003091007471     -9.003246986866     -9.003408932686     -9.003574371338    
 -9.003745228052     -9.003922402859     -9.004103440046     -9.004291033745    
 -9.004484903812     -9.004683041573     -9.004889309406     -9.005101680756    
 -9.005318713188     -9.005545902252     -9.005779224634     -9.006017804146    
 -9.006268084049     -9.006524264812     -9.006787329912     -9.007062625885    
 -9.007344365120     -9.007634782791     -9.007938051224     -9.008248400688    
 -9.008569425344     -9.008903682232     -9.009245932102     -9.009601593018    
 -9.009970557690     -9.010348427296     -9.010742753744     -9.011150717735    
 -9.011568874121     -9.012007057667     -9.012459093332     -9.012923002243    
 -9.013411086798     -9.013912904263     -9.014430743456     -9.014973759651    
 -9.015532404184     -9.016112697124     -9.016718691587     -9.017342376709    
 -9.017995351553     -9.018673717976     -9.019372093678     -9.020111775398    
 -9.020876777172     -9.021663975716     -9.022511363029     -9.022527044160    
 -9.022457299062     -9.025100571926     -9.026168173195     -9.027163791656    
 -9.028250099312     -9.029422532717     -9.030571870506     -9.031781609853    
 -9.033127570152     -9.034516899802     -9.035896470812     -9.036460071710    
 -9.036322051287     -9.039309859276     -9.042238909006     -9.044889783859    
 -9.046618944407     -9.048214530945     -9.051328539848     -9.053560209274    
 -9.055396497250     -9.059105753899     -9.061977791786     -9.064132213593    
 -9.068644225597     -9.072356438637     -9.075135552883     -9.080518269539    
 -9.085361778736     -9.088995409012     -9.095553702116     -9.101951503754    
 -9.106791746616     -9.114957273006     -9.123526793718     -9.130117678642    
 -9.140519553423     -9.152167415619     -9.161352455616     -9.174914336205    
 -9.190961951017     -9.204012072086     -9.222027969360     -9.244300246239    
 -9.262855595350     -9.286718034744     -9.316772079468     -9.341847801208    
 -9.370834857225     -9.406743824482     -9.430144804716     -9.449459218979    
 -9.464695763588     -9.445859253407     -9.421562409401     -9.413137507439    
 -9.447066026926     -9.478845393658     -9.395273834467     -8.528593818347    
 -6.932756667337     -2.460347324611    -0.4013012260199    -0.4108521938323    
-0.7025467905526    -0.9013131660099    -0.9916632833270     -1.341179360449    
 -1.597763372120     -1.671100617759     -1.743754997663     -1.801958587766    
 -1.827927254979     -1.868167201057     -1.910755977407     -1.946902909130    
 -1.985079233721     -2.028133235127     -2.093053720891     -2.161595795304    
 -2.261390576139     -2.709055919200     -2.761386746168     0.7888609052210E-30
 -8.996539115906     -8.996606619374     -8.996674122843     -8.996741626312    
 -8.996809129781     -8.996876633249     -8.996944136718     -8.997059766544    
 -8.997180724146     -8.997301681749     -8.997422639351     -8.997543596953    
 -8.997657471818     -8.997763134320     -8.997868796821     -8.997974459322    
 -8.998080121823     -8.998180539016     -8.998277690417     -8.998374841818    
 -8.998471993219     -8.998567646151     -8.998659732752     -8.998751819353    
 -8.998843905954     -8.998934681449     -8.999023819219     -8.999112956990    
 -8.999202081988     -8.999290120110     -8.999378158232     -8.999466196353    
 -8.999554460313     -8.999642735801     -8.999731234538     -8.999820508567    
 -8.999909782595     -9.000000439824     -9.000091460408     -9.000183703373    
 -9.000276681608     -9.000371272497     -9.000466580290     -9.000564112751    
 -9.000662755627     -9.000763513057     -9.000875009088     -9.000976741314    
 -9.001079368591     -9.001188004017     -9.001299202442     -9.001412153244    
 -9.001528382301     -9.001647561789     -9.001768767834     -9.001893907785    
 -9.002022147179     -9.002152746916     -9.002288424969     -9.002427148819    
 -9.002568483353     -9.002716016769     -9.002866625786     -9.003020823002    
 -9.003181242943     -9.003345102072     -9.003513634205     -9.003688788414    
 -9.003867673874     -9.004052245617     -9.004243671894     -9.004439282417    
 -9.004641985893     -9.004851502180     -9.005065631866     -9.005288481712    
 -9.005518198013     -9.005753105879     -9.005998814106     -9.006251031160    
 -9.006508827209     -9.006779563427     -9.007056701183     -9.007341307402    
 -9.007639217377     -9.007944107056     -9.008258390427     -9.008586901426    
 -9.008923101425     -9.009270781279     -9.009632766247     -9.010003441572    
 -9.010388779640     -9.010788708925     -9.011198437214     -9.011626392603    
 -9.012068986893     -9.012522590160     -9.012998509407     -9.013489365578    
 -9.013993024826     -9.014523649216     -9.015069258213     -9.015632349253    
 -9.016223478317     -9.016831696033     -9.017463517189     -9.018124121428    
 -9.018804216385     -9.019516390562     -9.020257174969     -9.021020078659    
 -9.021828103065     -9.022665309906     -9.023527336121     -9.024454534054    
 -9.024549453599     -9.024560121128     -9.027298246530     -9.028469732480    
 -9.029565779368     -9.030762283802     -9.032055093447     -9.033323924243    
 -9.034661118189     -9.036150785287     -9.037663324240     -9.039358994696    
 -9.042173958558     -9.043668319498     -9.044255171503     -9.047155237198    
 -9.048434686661     -9.051072245836     -9.054069399834     -9.055724501610    
 -9.058716797829     -9.062415331602     -9.064559757710     -9.068042498827    
 -9.072672367096     -9.075457215309     -9.079597508907     -9.085319155455    
 -9.089131140709     -9.094156503677     -9.101377892494     -9.106611871719    
 -9.112849855423     -9.122159880400     -9.129414498806     -9.137351059914    
 -9.149616169929     -9.159794467688     -9.170160520077     -9.186660319567    
 -9.201094126701     -9.214958286285     -9.237481617928     -9.257940608263    
 -9.276630163193     -9.307010114193     -9.334844899178     -9.359710323811    
 -9.395179271698     -9.425795167685     -9.447232377529     -9.463931393623    
 -9.466125512123     -9.437621963024     -9.425508081913     -9.432161903381    
 -9.484985065460     -9.441020017862     -9.158351957798     -7.799410730601    
 -4.524896574022    -0.3977675646543    -0.4060572922230    -0.5672616046542    
-0.8595355612536    -0.9489094025145     -1.168260972947     -1.539253227413    
 -1.633514799830     -1.705129901762     -1.777408075193     -1.805948770512    
 -1.834348472580     -1.880323544517     -1.909255933948     -1.938392966427    
 -1.985254824907     -2.018356729858     -2.052377023920     -2.125083900057    
 -2.191356682777     -2.283778524771     -2.738244778663     -2.789825911820    
 0.7888609052210E-30 -8.996290683746     -8.996363268542     -8.996435853337    
 -8.996508438132     -8.996581022927     -8.996653607722     -8.996726192518    
 -8.996850402176     -8.996980326909     -8.997110251642     -8.997240176375    
 -8.997370101108     -8.997492423930     -8.997605932413     -8.997719440896    
 -8.997832949379     -8.997946457862     -8.998054391874     -8.998158855153    
 -8.998263318431     -8.998367781710     -8.998470616281     -8.998569574554    
 -8.998668532827     -8.998767491101     -8.998865062751     -8.998960902349    
 -8.999056741947     -8.999152570563     -8.999247464751     -8.999342358939    
 -8.999437253127     -8.999532211549     -8.999627173250     -8.999722386867    
 -8.999818475333     -8.999914563799     -9.000012083164     -9.000109978414    
 -9.000209272287     -9.000309407440     -9.000411231783     -9.000513807055    
 -9.000618712642     -9.000724857494     -9.000833348413     -9.000953541329    
 -9.001063168049     -9.001173639297     -9.001290333271     -9.001410305500    
 -9.001532191038     -9.001657176018     -9.001785326004     -9.001915693283    
 -9.002050518990     -9.002188730240     -9.002329498529     -9.002475559711    
 -9.002624917030     -9.002777099609     -9.002935945988     -9.003098082542    
 -9.003264057636     -9.003437113762     -9.003613770008     -9.003795242310    
 -9.003983730078     -9.004176330566     -9.004375314713     -9.004581511021    
 -9.004792195559     -9.005010628700     -9.005236411095     -9.005467188358    
 -9.005707472563     -9.005955052376     -9.006208169460     -9.006473016739    
 -9.006744873524     -9.007022738457     -9.007314783335     -9.007613730431    
 -9.007920730114     -9.008242177963     -9.008571177721     -9.008910334110    
 -9.009264767170     -9.009627580643     -9.010003000498     -9.010393977165    
 -9.010794430971     -9.011210918427     -9.011643230915     -9.012086164951    
 -9.012548834085     -9.013027715683     -9.013518744707     -9.014033949375    
 -9.014565551281     -9.015111207962     -9.015686464310     -9.016278100014    
 -9.016888844967     -9.017530488968     -9.018190950155     -9.018877398968    
 -9.019595843554     -9.020335674286     -9.021110534668     -9.021917581558    
 -9.022749125957     -9.023630142212     -9.024544364214     -9.025486230850    
 -9.026498973370     -9.026679069655     -9.026776191166     -9.029615848981    
 -9.030898415125     -9.032102044423     -9.033416875709     -9.034840258757    
 -9.036238485575     -9.037713559469     -9.039358095328     -9.041061689781    
 -9.042756544219     -9.043448534745     -9.043529901334     -9.047221788338    
 -9.050612366199     -9.053919625282     -9.056090325117     -9.058102226257    
 -9.062018990517     -9.064852952957     -9.067206841707     -9.071920859814    
 -9.075612074137     -9.078426599503     -9.084231311083     -9.089064490795    
 -9.092764216661     -9.099793028831     -9.106188446283     -9.111126554012    
 -9.119840425253     -9.128417634964     -9.135142725706     -9.146207094192    
 -9.157880449295     -9.167244482040     -9.181631058455     -9.197737765312    
 -9.211027860641     -9.230091881752     -9.252473306656     -9.271359133720    
 -9.296542668343     -9.327124238014     -9.352259391546     -9.382706570625    
 -9.419351112843     -9.442302012444     -9.461978942156     -9.478243339062    
 -9.457132214308     -9.435891985893     -9.429651260376     -9.468849837780    
 -9.488702535629     -9.398629665375     -8.428867697716     -6.589437794687    
 -2.117185374102    -0.4021987438202    -0.4323115310631    -0.7241239013150    
-0.9070836355909    -0.9967411104589     -1.366696794238     -1.598698343663    
 -1.669753403007     -1.739940747060     -1.790797592606     -1.810841335915    
 -1.848072068021     -1.883796641976     -1.909101319220     -1.941099267453    
 -1.975352869369     -2.010432045907     -2.044637139142     -2.083251447976    
 -2.148253090680     -2.214709337056     -2.311430455372     -2.760420509428    
 -2.811957679689     0.7888609052210E-30 -8.996042966843     -8.996120554790    
 -8.996198142738     -8.996275730685     -8.996353318633     -8.996430906580    
 -8.996508494528     -8.996641453881     -8.996780543065     -8.996919632249    
 -8.997058721433     -8.997197810617     -8.997328767071     -8.997450293705    
 -8.997571820339     -8.997693346972     -8.997814873606     -8.997930492527    
 -8.998042433235     -8.998154373944     -8.998266314652     -8.998376511539    
 -8.998482558159     -8.998588604779     -8.998694651399     -8.998799278495    
 -8.998902132440     -8.999004986385     -8.999107824795     -8.999209341320    
 -8.999310857844     -8.999412374369     -8.999514348527     -8.999616346046    
 -8.999718611751     -8.999821808802     -8.999925005853     -9.000029666328    
 -9.000134711231     -9.000241274868     -9.000348752031     -9.000458058446    
 -9.000568178053     -9.000680916959     -9.000794827173     -9.000911070956    
 -9.001040253911     -9.001158016920     -9.001276683807     -9.001402056217    
 -9.001530706882     -9.001661413908     -9.001795697212     -9.001933521032    
 -9.002073729038     -9.002218395472     -9.002366685867     -9.002517729998    
 -9.002674639225     -9.002835220098     -9.002998948097     -9.003169572353    
 -9.003343629837     -9.003521692753     -9.003707551956     -9.003897309303    
 -9.004092264175     -9.004294890165     -9.004501867294     -9.004715496302    
 -9.004937052727     -9.005163490772     -9.005398273468     -9.005640888214    
 -9.005888867378     -9.006147205830     -9.006413316727     -9.006685340405    
 -9.006970024109     -9.007262343168     -9.007561206818     -9.007875412703    
 -9.008197021484     -9.008527266979     -9.008873105049     -9.009227186441    
 -9.009592378139     -9.009973895550     -9.010364532471     -9.010769009590    
 -9.011190354824     -9.011621963978     -9.012070918083     -9.012537038326    
 -9.013014721870     -9.013514041901     -9.014030814171     -9.014560723305    
 -9.015117383003     -9.015691816807     -9.016281485558     -9.016903775930    
 -9.017543876171     -9.018204754591     -9.018900108337     -9.019615978003    
 -9.020360076427     -9.021139711142     -9.021942901611     -9.022784554958    
 -9.023662447929     -9.024567377567     -9.025526189804     -9.026522982121    
 -9.027550637722     -9.028655201197     -9.028927479471     -9.029118464249    
 -9.032067006185     -9.033471191031     -9.034792613983     -9.036237578175    
 -9.037803653876     -9.039344179630     -9.040971914927     -9.042789069812    
 -9.044641635779     -9.046723511484     -9.050194468865     -9.052267590165    
 -9.052995920181     -9.056376248598     -9.057989120483     -9.061289960146    
 -9.065043902397     -9.067163765430     -9.070955896378     -9.075635999441    
 -9.078429758549     -9.082909303904     -9.088833808899     -9.092530822754    
 -9.097949671745     -9.105377328396     -9.110518670082     -9.117230474949    
 -9.126759862900     -9.133939856291     -9.142463779449     -9.154972660542    
 -9.165097236633     -9.176208347082     -9.192992210388     -9.207404464483    
 -9.222226321697     -9.245098263025     -9.265580105782     -9.285479390621    
 -9.316313719749     -9.344164419174     -9.369457721710     -9.406441575289    
 -9.436532437801     -9.458581477404     -9.475716567039     -9.475447475910    
 -9.447986888886     -9.439215701818     -9.451713514328     -9.504420912266    
 -9.445309221745     -9.059570795298     -7.696895670891     -4.181696045400    
-0.3989523023367    -0.4064424708486    -0.5891316066185    -0.8657060722199    
-0.9549122413620     -1.195274629351     -1.565199490637     -1.635426473035    
 -1.705360551784     -1.774952909606     -1.796972683258     -1.823315289570    
 -1.862917439360     -1.885690799449     -1.910184123740     -1.945431872364    
 -1.970566478558     -1.997240133770     -2.039157094806     -2.069914725237    
 -2.102527429536     -2.172621403821     -2.237296232581     -2.328766705096    
 -2.782428494096     -2.833355733752     0.7888609052210E-30 -8.995795249939    
 -8.995878036474     -8.995960823010     -8.996043609545     -8.996126396081    
 -8.996209182616     -8.996291969152     -8.996433756896     -8.996582076305    
 -8.996730395714     -8.996878715123     -8.997027034532     -8.997166751049    
 -8.997296492598     -8.997426234147     -8.997555975696     -8.997685717244    
 -8.997809147589     -8.997928648503     -8.998048149417     -8.998167650331    
 -8.998285331925     -8.998398683566     -8.998512035207     -8.998625386848    
 -8.998737189726     -8.998847058019     -8.998956926311     -8.999066781755    
 -8.999175543895     -8.999284306035     -8.999393068175     -8.999502171497    
 -8.999611292237     -8.999720699811     -8.999831103497     -8.999941507183    
 -9.000053546944     -9.000166016487     -9.000280068743     -9.000395073010    
 -9.000512110112     -9.000630050911     -9.000750932707     -9.000873086756    
 -9.000997727737     -9.001135803014     -9.001261883974     -9.001389026642    
 -9.001523464918     -9.001661300659     -9.001801317930     -9.001945209503    
 -9.002092802525     -9.002242958546     -9.002398163080     -9.002557134628    
 -9.002718973160     -9.002886962891     -9.003058916330     -9.003234267235    
 -9.003417134285     -9.003603792191     -9.003794872761     -9.003993892670    
 -9.004197090864     -9.004405915737     -9.004623198509     -9.004845142365    
 -9.005074113607     -9.005311608315     -9.005554324389     -9.005805921555    
 -9.006066209078     -9.006332314014     -9.006609171629     -9.006894612312    
 -9.007186532021     -9.007491827011     -9.007805424929     -9.008126139641    
 -9.008463281393     -9.008808398247     -9.009162819386     -9.009534263611    
 -9.009914547205     -9.010306704044     -9.010716694593     -9.011136507988    
 -9.011571127176     -9.012024044991     -9.012488138676     -9.012971186638    
 -9.013472849131     -9.013987052441     -9.014524728060     -9.015081477165    
 -9.015652561188     -9.016252613068     -9.016872191429     -9.017508506775    
 -9.018180310726     -9.018871784210     -9.019586205482     -9.020338106155    
 -9.021112620831     -9.021918320656     -9.022763359547     -9.023634219170    
 -9.024547082186     -9.025500655174     -9.026484125853     -9.027526545525    
 -9.028612041473     -9.029731976986     -9.030936032534     -9.031308143479    
 -9.031600711175     -9.034666959689     -9.036202464552     -9.037651220957    
 -9.039237255400     -9.040959459146     -9.042655435205     -9.044449822108    
 -9.046455200513     -9.048541141279     -9.050621252590     -9.051469912162    
 -9.051826867887     -9.056389995984     -9.060356485844     -9.064485406876    
 -9.067218828201     -9.069766640663     -9.074704825878     -9.078321075439    
 -9.081359350681     -9.087376451492     -9.092152702808     -9.095865368843    
 -9.103382289410     -9.109730839729     -9.114716291428     -9.123979043961    
 -9.132516831160     -9.139324367046     -9.151036435366     -9.162681126595    
 -9.172167819738     -9.187349557877     -9.203449112177     -9.216913008690    
 -9.236978787184     -9.259383714199     -9.278516024351     -9.304952001572    
 -9.335529214144     -9.361023747921     -9.392830759287     -9.430048465729    
 -9.452377229929     -9.472274732590     -9.489335763454     -9.465718054771    
 -9.447301089764     -9.442629146576     -9.486452436447     -9.493611693382    
 -9.398437917233     -8.327235003313     -6.245967064303     -1.773844846091    
-0.4029684141278    -0.4542080444593    -0.7462629843502    -0.9135625880211    
 -1.024442477757     -1.393950821925     -1.602249246649     -1.672367740422    
 -1.741134802625     -1.786172655039     -1.803526429366     -1.839287674427    
 -1.869599741418     -1.888738794066     -1.916474650614     -1.944007270411    
 -1.967565733194     -1.994875590317     -2.024648950808     -2.058882594854    
 -2.090374865383     -2.125923874974     -2.190486084670     -2.255156563222    
 -2.349509677291     -2.799242401123     -2.850096429884     0.7888609052210E-30
 -8.995548009872     -8.995636053626     -8.995724097381     -8.995812141135    
 -8.995900184889     -8.995988228643     -8.996076272397     -8.996227012812    
 -8.996384693993     -8.996542375174     -8.996700056355     -8.996857737536    
 -8.997006341695     -8.997144421137     -8.997282500579     -8.997420580020    
 -8.997558659462     -8.997690118466     -8.997817455505     -8.997944792545    
 -8.998072129584     -8.998197535960     -8.998318347390     -8.998439158819    
 -8.998559970249     -8.998679220134     -8.998796519468     -8.998913818802    
 -8.999031102228     -8.999147032073     -8.999262961919     -8.999378891764    
 -8.999495328358     -8.999611790822     -8.999728575682     -8.999846480151    
 -8.999964384620     -9.000084169751     -9.000204448915     -9.000326404058    
 -9.000449367311     -9.000574459666     -9.000700498512     -9.000829380902    
 -9.000959842429     -9.001093238296     -9.001240694483     -9.001375561953    
 -9.001511526108     -9.001655107737     -9.001802384853     -9.001952075958    
 -9.002106118202     -9.002264022827     -9.002424597740     -9.002590417862    
 -9.002760243416     -9.002933144569     -9.003112912178     -9.003296893835    
 -9.003484487534     -9.003680062294     -9.003879678249     -9.004084008932    
 -9.004296922684     -9.004514336586     -9.004737806320     -9.004970127344    
 -9.005207467079     -9.005452477932     -9.005706608295     -9.005966335535    
 -9.006235599518     -9.006513929367     -9.006798458099     -9.007094919682    
 -9.007400488853     -9.007712960243     -9.008039951324     -9.008375829458    
 -9.008719325066     -9.009080487490     -9.009450197220     -9.009829878807    
 -9.010227942467     -9.010635584593     -9.011056101322     -9.011495566368    
 -9.011945796013     -9.012412494421     -9.012898683548     -9.013396888971    
 -9.013915657997     -9.014454543591     -9.015006995201     -9.015584886074    
 -9.016183662415     -9.016798132658     -9.017444288731     -9.018111640215    
 -9.018797159195     -9.019521653652     -9.020267534256     -9.021038365364    
 -9.021850752831     -9.022687792778     -9.023558735847     -9.024473673105    
 -9.025416994095     -9.026406180859     -9.027441143990     -9.028509205580    
 -9.029641819000     -9.030823248625     -9.032043063641     -9.033354669809    
 -9.033835584777     -9.034239247016     -9.037433408590     -9.039113802380    
 -9.040703328451     -9.042445787733     -9.044340357780     -9.046209104359    
 -9.048189894358     -9.050406785806     -9.052677341808     -9.055236392551    
 -9.059520264405     -9.062298515865     -9.063216873578     -9.067219281197    
 -9.069263982773     -9.073412609100     -9.078135395050     -9.080873131752    
 -9.085709619522     -9.091667896509     -9.095347011089     -9.101160103083    
 -9.108802318573     -9.113775217533     -9.120949745178     -9.130692839622    
 -9.137731480598     -9.146821886301     -9.159555709362     -9.169561761618    
 -9.181386733055     -9.198420178890     -9.212742328644     -9.228479701281    
 -9.251645779610     -9.272070908546     -9.293123674393     -9.324328541756    
 -9.352093315124     -9.378621095419     -9.416105663776     -9.445528674126    
 -9.468041777611     -9.485459631681     -9.482528996468     -9.455858457088    
 -9.450090408325     -9.467796653509     -9.520274770260     -9.446078079939    
 -8.958627255758     -7.593176142375     -3.838018198810    -0.3996128842235    
-0.4067564964294    -0.6113369945436    -0.8724038422107    -0.9615221135318    
 -1.223192234337     -1.569651216385     -1.639437662205     -1.708517463156    
 -1.776991568506     -1.793590420578     -1.819370516576     -1.855862063821    
 -1.874202701449     -1.895542283542     -1.924100298062     -1.943438270316    
 -1.964804895967     -1.994507827237     -2.017274446785     -2.042103150859    
 -2.080741781741     -2.109651824273     -2.140921532363     -2.208950394765    
 -2.272227029502     -2.362746173516     -2.815817136317     -2.866191859543    
 0.7888609052210E-30 -8.995301485062     -8.995394805578     -8.995488126094    
 -8.995581446610     -8.995674767127     -8.995768087643     -8.995861408159    
 -8.996021320326     -8.996188604448     -8.996355888571     -8.996523172694    
 -8.996690456817     -8.996848157835     -8.996994747339     -8.997141336842    
 -8.997287926346     -8.997434515849     -8.997574120588     -8.997709376529    
 -8.997844632470     -8.997979888411     -8.998113151119     -8.998241669965    
 -8.998370188811     -8.998498707656     -8.998625557515     -8.998750322615    
 -8.998875087715     -8.998999839327     -8.999123443292     -8.999247047257    
 -8.999370651221     -8.999494653575     -8.999618676266     -8.999743062866    
 -8.999868713243     -8.999994363619     -9.000121988672     -9.000250132454    
 -9.000380203763     -9.000511434490     -9.000644820774     -9.000779165311    
 -9.000916657029     -9.001055815078     -9.001198098843     -9.001355717683    
 -9.001499557495     -9.001644563675     -9.001797831059     -9.001955091953    
 -9.002114874125     -9.002279067039     -9.002447444201     -9.002618753910    
 -9.002795964479     -9.002977418900     -9.003162121773     -9.003353977203    
 -9.003550255299     -9.003750324249     -9.003959149122     -9.004172229767    
 -9.004390275478     -9.004617619514     -9.004849791527     -9.005088448524    
 -9.005336612463     -9.005590057373     -9.005851495266     -9.006122946739    
 -9.006400442123     -9.006688070297     -9.006985461712     -9.007289493084    
 -9.007606178522     -9.007932782173     -9.008266860247     -9.008616244793    
 -9.008975225687     -9.009342432022     -9.009728544950     -9.010123956203    
 -9.010530215502     -9.010956144333     -9.011392414570     -9.011842608452    
 -9.012313193083     -9.012795376778     -9.013295316696     -9.013816475868    
 -9.014350616932     -9.014906811714     -9.015485000610     -9.016078007221    
 -9.016698747873     -9.017341995239     -9.018002206087     -9.018697178364    
 -9.019415056705     -9.020152568817     -9.020933163166     -9.021737074852    
 -9.022568190098     -9.023445153236     -9.024349063635     -9.025289976597    
 -9.026279670000     -9.027300691605     -9.028372246027     -9.029494822025    
 -9.030654036999     -9.031884360313     -9.033169776201     -9.034498000145    
 -9.035926997662     -9.036526775360     -9.037051817775     -9.040385341644    
 -9.042223736771     -9.043966897329     -9.045880378376     -9.047965726058    
 -9.050024983287     -9.052211586634     -9.054661560059     -9.057222372402    
 -9.059784219000     -9.060834484834     -9.061547610164     -9.067206859589    
 -9.071909534931     -9.077086067200     -9.080556499958     -9.083815264702    
 -9.090080320835     -9.094740200043     -9.098711442947     -9.106457877159    
 -9.112710869312     -9.117683768272     -9.127525424957     -9.135979413986    
 -9.142814457417     -9.155184292793     -9.166755288839     -9.176310169697    
 -9.192279416323     -9.208320593834     -9.221899557114     -9.242942094803    
 -9.265307265520     -9.284617638588     -9.312261205912     -9.342749702930    
 -9.368515282869     -9.401610374451     -9.438136518002     -9.460863947868    
 -9.480876487494     -9.498561978340     -9.472247642279     -9.456455862522    
 -9.452940398455     -9.501044869423     -9.495085656643     -9.395741891861    
 -8.224435844024     -5.902457741898     -1.429997542502    -0.4034012109041    
-0.4763733536004    -0.7687098761399    -0.9203816486212     -1.052652680687    
 -1.422066807281     -1.607028760388     -1.676589678833     -1.744729482476    
 -1.784898773348     -1.801093338989     -1.836638726620     -1.863238659129    
 -1.879402227327     -1.904735632241     -1.927332387771     -1.944327859394    
 -1.966914047394     -1.990037809685     -2.012084002886     -2.036215589382    
 -2.062901672348     -2.096017350256     -2.125449141487     -2.158791484684    
 -2.222646920010     -2.285815784335     -2.378359964490     -2.828557217121    
 -2.878868575394     0.7888609052210E-30 -8.995055198669     -8.995153991383    
 -8.995252784097     -8.995351576812     -8.995450369526     -8.995549162240    
 -8.995647954954     -8.995817117568     -8.995994070407     -8.996171023245    
 -8.996347976083     -8.996524928921     -8.996691876010     -8.996847221530    
 -8.997002567051     -8.997157912572     -8.997313258093     -8.997461238980    
 -8.997604634559     -8.997748030137     -8.997891425716     -8.998032745973    
 -8.998169127003     -8.998305508033     -8.998441889062     -8.998576579241    
 -8.998709157352     -8.998841735462     -8.998974298924     -8.999105615963    
 -8.999236933003     -8.999368250042     -8.999500111094     -8.999631999918    
 -8.999764291536     -8.999897981967     -9.000031672399     -9.000167547013    
 -9.000303995392     -9.000442386643     -9.000581946542     -9.000723933226    
 -9.000866998737     -9.001013714764     -9.001161996236     -9.001313324140    
 -9.001481007916     -9.001634263992     -9.001788806915     -9.001952147484    
 -9.002119779587     -9.002290093899     -9.002465057373     -9.002644526958    
 -9.002827095985     -9.003015697002     -9.003209066391     -9.003406035900    
 -9.003610444069     -9.003819566965     -9.004032731056     -9.004255348444    
 -9.004482543468     -9.004715079069     -9.004957413673     -9.005204886198    
 -9.005459272861     -9.005723756552     -9.005993986130     -9.006273013353    
 -9.006562530994     -9.006858450174     -9.007165217400     -9.007482445240    
 -9.007806777954     -9.008144617081     -9.008492994308     -9.008849346638    
 -9.009222364426     -9.009605646133     -9.009997725487     -9.010410183668    
 -9.010832583904     -9.011266583204     -9.011721897125     -9.012188285589    
 -9.012669551373     -9.013172847033     -9.013688611984     -9.014223420620    
 -9.014781117439     -9.015352958441     -9.015949058533     -9.016568762064    
 -9.017204463482     -9.017870455980     -9.018560767174     -9.019269442558    
 -9.020016098022     -9.020787787437     -9.021580934525     -9.022421270609    
 -9.023286998272     -9.024182349443     -9.025128340721     -9.026104003191    
 -9.027120387554     -9.028190666437     -9.029295420647     -9.030455696583    
 -9.031673192978     -9.032931280136     -9.034267449379     -9.035666167736    
 -9.037112796307     -9.038670033216     -9.039400604793     -9.040059654202    
 -9.043545951843     -9.045560193877     -9.047474575043     -9.049579764496    
 -9.051877754529     -9.054151132703     -9.056569846471     -9.059284730752    
 -9.062079894037     -9.065241244104     -9.070547495622     -9.074199665444    
 -9.075386660440     -9.080212932825     -9.082836532593     -9.088092988729    
 -9.094082677364     -9.097669273615     -9.103903651237     -9.111564815044    
 -9.116489052773     -9.124133187532     -9.134108662605     -9.140919530392    
 -9.150569391251     -9.163531410694     -9.173345589638     -9.185866326094    
 -9.203137266636     -9.217300486565     -9.233923983574     -9.257354444265    
 -9.277651369572     -9.299815577269     -9.331337594986     -9.358933395147    
 -9.386637437344     -9.424534231424     -9.453180575371     -9.475669187307    
 -9.493643391132     -9.487910985947     -9.461858630180     -9.458835279942    
 -9.481319379806     -9.533562171459     -9.444350767136     -8.856315294902    
 -7.489021873475     -3.494420069458    -0.4003193974495    -0.4071542471647    
-0.6337994293619    -0.8794002734745    -0.9683763248225     -1.251548210904    
 -1.574888601340     -1.644454836380     -1.713021003082     -1.776957176253    
 -1.792833939567     -1.819036713429     -1.854090353474     -1.869332847558    
 -1.889224463142     -1.914540053811     -1.929961562157     -1.947711025830    
 -1.970504429005     -1.987560829800     -2.006630825251     -2.032578364201    
 -2.053392058238     -2.076547548734     -2.112642872334     -2.140119991824    
 -2.170333956555     -2.236667291261     -2.298768360913     -2.388470194489    
 -2.841123183072     -2.891067078710     0.7888609052210E-30 -8.994810104370    
 -8.994914369282     -8.995018634194     -8.995122899106     -8.995227164017    
 -8.995331428929     -8.995435693841     -8.995614343776     -8.995801228424    
 -8.995988113072     -8.996174997719     -8.996361882367     -8.996538262346    
 -8.996702462267     -8.996866662187     -8.997030862108     -8.997195062028    
 -8.997351592851     -8.997503348803     -8.997655104755     -8.997806860707    
 -8.997956467207     -8.998100958048     -8.998245448889     -8.998389939730    
 -8.998532684954     -8.998673249697     -8.998813814441     -8.998954364978    
 -8.999093706731     -8.999233048484     -8.999372390237     -8.999512374594    
 -8.999652391754     -8.999792868696     -8.999934942356     -9.000077016017    
 -9.000221342253     -9.000366260221     -9.000513341581     -9.000661724232    
 -9.000812702782     -9.000964835338     -9.001120635456     -9.001278255437    
 -9.001439329937     -9.001617860391     -9.001780849695     -9.001945185661    
 -9.002118909359     -9.002297222614     -9.002478396893     -9.002664518356    
 -9.002855467796     -9.003049755096     -9.003250598907     -9.003456306458    
 -9.003665751219     -9.003883564472     -9.004106259346     -9.004333138466    
 -9.004570168257     -9.004812026024     -9.005059516430     -9.005317449570    
 -9.005580872297     -9.005851686001     -9.006133317947     -9.006421089172    
 -9.006718248129     -9.007026433945     -9.007341450453     -9.007668209076    
 -9.008006232977     -9.008351898193     -9.008712053299     -9.009083318710    
 -9.009463030100     -9.009860765934     -9.010269433260     -9.010687470436    
 -9.011127436161     -9.011578130722     -9.012041342258     -9.012527155876    
 -9.013024985790     -9.013539028168     -9.014076870680     -9.014628148079    
 -9.015199917555     -9.015796422958     -9.016408234835     -9.017046332359    
 -9.017709857225     -9.018390715122     -9.019104748964     -9.019845151901    
 -9.020605492592     -9.021407318115     -9.022236263752     -9.023088455200    
 -9.023992794752     -9.024924850464     -9.025889241695     -9.026909494400    
 -9.027962327003     -9.029059839249     -9.030217146873     -9.031412577629    
 -9.032669323683     -9.033989965916     -9.035355651379     -9.036807584763    
 -9.038330221176     -9.039906430244     -9.041604459286     -9.042479058674    
 -9.043285782848     -9.046940255165     -9.049148065412     -9.051251157125    
 -9.053568256552     -9.056103889147     -9.058615589142     -9.061293490728    
 -9.064303346475     -9.067466162768     -9.070644368066     -9.071966043619    
 -9.073158021484     -9.080219243254     -9.085883057117     -9.092423033714    
 -9.096884459257     -9.101112866402     -9.109140574932     -9.115230607986    
 -9.120510929823     -9.130607283115     -9.138924682140     -9.145717263222    
 -9.158791249990     -9.170242857933     -9.179801690578     -9.196581101418    
 -9.212519764900     -9.226150488853     -9.248171645403     -9.270448231697    
 -9.289867085218     -9.318699479103     -9.349039363861     -9.374990677834    
 -9.409330439568     -9.445082175732     -9.468094676733     -9.488147544861    
 -9.502965229750     -9.477157962322     -9.463834166527     -9.461210489273    
 -9.513297843933     -9.494038152695     -9.391540241241     -8.120865821839    
 -5.558887809517     -1.086580916248    -0.4041084244847    -0.4987277199824    
-0.7914167361954    -0.9274472522859     -1.081179675553     -1.450576956198    
 -1.612378136022     -1.681651512999     -1.749479109654     -1.785171989352    
 -1.802243427327     -1.836867941823     -1.860837609181     -1.875674550422    
 -1.899992741412     -1.919479025900     -1.933328086138     -1.953121570870    
 -1.971472287551     -1.986721985415     -2.005805263948     -2.025809404254    
 -2.046317200549     -2.067985333502     -2.092317523062     -2.124369564652    
 -2.152168246359     -2.183828764409     -2.247126484290     -2.309150068462    
 -2.400324324891     -2.850862666219     -2.900766736269     0.7888609052210E-30
 -8.994565725327     -8.994675599241     -8.994785473156     -8.994895347070    
 -8.995005220985     -8.995115094899     -8.995224968814     -8.995413238140    
 -8.995610186145     -8.995807134149     -8.996004082154     -8.996201030158    
 -8.996386993387     -8.996560219875     -8.996733446364     -8.996906672853    
 -8.997079899342     -8.997245216211     -8.997405608456     -8.997566000701    
 -8.997726392946     -8.997884553238     -8.998037401518     -8.998190249799    
 -8.998343098079     -8.998494097631     -8.998642787906     -8.998791478181    
 -8.998940157151     -8.999087874212     -8.999235591273     -8.999383308334    
 -8.999531765648     -8.999680260752     -8.999829249265     -8.999979951277    
 -9.000130653289     -9.000283743477     -9.000437461018     -9.000593549048    
 -9.000751062939     -9.000911415774     -9.001073030659     -9.001238529848    
 -9.001405915240     -9.001576911951     -9.001766484518     -9.001939630508    
 -9.002114200592     -9.002298694849     -9.002488076687     -9.002680534124    
 -9.002878355980     -9.003081434965     -9.003288078308     -9.003501474857    
 -9.003720116615     -9.003942769766     -9.004174220562     -9.004410928488    
 -9.004652142525     -9.004903972149     -9.005161023140     -9.005424165726    
 -9.005698537827     -9.005978673697     -9.006266534328     -9.006566196680    
 -9.006872367859     -9.007188355923     -9.007516324520     -9.007851588726    
 -9.008199191093     -9.008558917046     -9.008926796913     -9.009309887886    
 -9.009705185890     -9.010109692812     -9.010533154011     -9.010968506336    
 -9.011414051056     -9.011882841587     -9.012363219261     -9.012857115269    
 -9.013375329971     -9.013906449080     -9.014454972744     -9.015029066801    
 -9.015617728233     -9.016228705645     -9.016866326332     -9.017520433664    
 -9.018202853203     -9.018913006783     -9.019642019272     -9.020406961441    
 -9.021200609207     -9.022015964985     -9.022876524925     -9.023766833544    
 -9.024682641029     -9.025655478239     -9.026658713818     -9.027697414160    
 -9.028797698021     -9.029933750629     -9.031118822098     -9.032370704412    
 -9.033664631844     -9.035025829077     -9.036459088326     -9.037942469120    
 -9.039520859718     -9.041179609299     -9.042898547649     -9.044752091169    
 -9.045786598751     -9.046757624831     -9.050598221926     -9.053023549634    
 -9.055339177450     -9.057895835096     -9.060698789756     -9.063481059670    
 -9.066454617182     -9.069802999496     -9.073271104350     -9.077209493849    
 -9.083823566437     -9.088573025380     -9.090156529631     -9.096103554964    
 -9.099527430534     -9.106265765429     -9.113950312138     -9.118737012148    
 -9.126889562607     -9.136874115467     -9.143598818779     -9.153821974993    
 -9.167043805122     -9.176564049721     -9.189778125286     -9.207301670313    
 -9.221219968796     -9.238712966442     -9.262406182289     -9.282494890690    
 -9.305739164352     -9.337558031082     -9.364901423454     -9.393731939793    
 -9.431995010376     -9.459764313698     -9.482153666019     -9.500604718924    
 -9.491935467720     -9.468116283417     -9.465900182724     -9.492830735445    
 -9.544744133949     -9.440870070458     -8.753172457219     -7.384347369274    
 -3.150842539471    -0.4011597409844    -0.4075494915247    -0.6563448825229    
-0.8864759598548    -0.9754463876132     -1.280216012616     -1.580475630262    
 -1.649902692810     -1.718170149648     -1.777881647833     -1.793369965162    
 -1.820435047522     -1.853206886584     -1.867634068336     -1.887133974722    
 -1.910981930792     -1.923871143628     -1.939794822782     -1.959258712642    
 -1.972559178993     -1.987706328277     -2.006629960053     -2.021706460696    
 -2.038779444247     -2.061918340717     -2.081092424691     -2.102812671848    
 -2.136984942108     -2.163325733691     -2.192702741921     -2.257922556251    
 -2.319128397107     -2.408110483736     -2.860512320697     -2.910137483478    
 0.7888609052210E-30 -8.994322299957     -8.994437900136     -8.994553500315    
 -8.994669100493     -8.994784700672     -8.994900300851     -8.995015901030    
 -8.995213998827     -8.995421229434     -8.995628460041     -8.995835690647    
 -8.996042921254     -8.996238699345     -8.996421198358     -8.996603697370    
 -8.996786196383     -8.996968695396     -8.997143011719     -8.997312233401    
 -8.997481455083     -8.997650676765     -8.997817581797     -8.997978973237    
 -8.998140364678     -8.998301756119     -8.998461313855     -8.998618581079    
 -8.998775848303     -8.998933103238     -8.999089312472     -8.999245521706    
 -8.999401730940     -8.999558833201     -8.999715981050     -8.999873682619    
 -9.000033307132     -9.000192931644     -9.000355238981     -9.000518251071    
 -9.000683762826     -9.000850778142     -9.001020762925     -9.001192067782    
 -9.001367648843     -9.001545170576     -9.001726447184     -9.001927550453    
 -9.002111321688     -9.002296638489     -9.002492523193     -9.002693712711    
 -9.002898138762     -9.003108048439     -9.003323429823     -9.003542590141    
 -9.003769159317     -9.004001307487     -9.004237723351     -9.004483509064    
 -9.004734843969     -9.004990935326     -9.005258494616     -9.005531561375    
 -9.005811053514     -9.006102418900     -9.006400018930     -9.006706011295    
 -9.007024198771     -9.007349371910     -9.007685273886     -9.008033752441    
 -9.008390009403     -9.008759617805     -9.009142047167     -9.009533166885    
 -9.009940743446     -9.010361289978     -9.010791629553     -9.011242210865    
 -9.011705559492     -9.012179851532     -9.012679094076     -9.013190710545    
 -9.013716763258     -9.014269065857     -9.014835327864     -9.015420424938    
 -9.016032862663     -9.016661000252     -9.017313277721     -9.017994463444    
 -9.018693494797     -9.019423103333     -9.020182859898     -9.020963108540    
 -9.021782368422     -9.022632956505     -9.023507249355     -9.024431037903    
 -9.025387161970     -9.026371002197     -9.027417683601     -9.028497624397    
 -9.029616367817     -9.030803489685     -9.032029956579     -9.033310258389    
 -9.034664845467     -9.036066079140     -9.037541878223     -9.039098381996    
 -9.040710765123     -9.042428708076     -9.044237577915     -9.046114051342    
 -9.048140078783     -9.049352295058     -9.050506099633     -9.054553388449    
 -9.057220737139     -9.059772904714     -9.062597167058     -9.065701991717    
 -9.068788839877     -9.072096045812     -9.075825572014     -9.079768749584    
 -9.083754102389     -9.085457214209     -9.087313204152     -9.096199137824    
 -9.103147459030     -9.111499214172     -9.117330068350     -9.122919237614    
 -9.133341342211     -9.141443824768     -9.148612767458     -9.161976397038    
 -9.173249357939     -9.182730317116     -9.200383883715     -9.216170668602    
 -9.229779541492     -9.252813982964     -9.274954974651     -9.294409704208    
 -9.324440741539     -9.354580450058     -9.380637997389     -9.416206717491    
 -9.451116704941     -9.474319744110     -9.494370651245     -9.506239354610    
 -9.480811148882     -9.469869112968     -9.472107684612     -9.523867273331    
 -9.491166526079     -9.386071205140     -8.016633796693     -5.215113729240    
-0.7428305596130    -0.4046303331852    -0.5211848216130    -0.8141357947140    
-0.9345076092984     -1.109821612388     -1.479356104461     -1.618043109309    
 -1.687061667582     -1.754699557833     -1.786155850766     -1.804413544480    
 -1.838522847043     -1.860355711728     -1.875226552179     -1.898626385909    
 -1.916117982008     -1.928545374423     -1.946988884546     -1.962457596324    
 -1.974455710035     -1.990496921912     -2.005798241589     -2.019376653992    
 -2.035755490512     -2.053346787393     -2.072520492040     -2.092274691910    
 -2.114802045003     -2.145992746949     -2.172581326403     -2.203034317121    
 -2.265991202556     -2.327150091529     -2.417245606705     -2.868065609783    
 -2.917666287720     0.7888609052210E-30 -8.994080781937     -8.994202147467    
 -8.994323512997     -8.994444878527     -8.994566244057     -8.994687609587    
 -8.994808975117     -8.995017023717     -8.995234668473     -8.995452313229    
 -8.995669957985     -8.995887602741     -8.996093380221     -8.996285397714    
 -8.996477415206     -8.996669432698     -8.996861450191     -8.997044962371    
 -8.997223179042     -8.997401395713     -8.997579612385     -8.997755451990    
 -8.997925634219     -8.998095816448     -8.998265998677     -8.998434360198    
 -8.998600447444     -8.998766534689     -8.998932610361     -8.999097701317    
 -8.999262792273     -8.999427883229     -8.999594106717     -8.999760388021    
 -8.999927230684     -9.000096022820     -9.000264814957     -9.000436651770    
 -9.000609288393     -9.000784501911     -9.000961265443     -9.001141341433    
 -9.001322889974     -9.001508795493     -9.001696888139     -9.001889127728    
 -9.002102250290     -9.002296984196     -9.002493381500     -9.002701044083    
 -9.002914190292     -9.003130823374     -9.003353595734     -9.003582108021    
 -9.003814601898     -9.004054963589     -9.004301238060     -9.004552024603    
 -9.004812610149     -9.005079162121     -9.005350828171     -9.005634737015    
 -9.005924475193     -9.006221014261     -9.006530284882     -9.006846159697    
 -9.007170903683     -9.007508695126     -9.007853937149     -9.008210605383    
 -9.008580625057     -9.008958941698     -9.009351563454     -9.009757810831    
 -9.010173344612     -9.010606646538     -9.011053633690     -9.011510998011    
 -9.011990249157     -9.012483102083     -9.012987613678     -9.013518857956    
 -9.014063441753     -9.014623588324     -9.015212130547     -9.015815526247    
 -9.016438901424     -9.017092174292     -9.017762446404     -9.018458735943    
 -9.019186079502     -9.019932752848     -9.020712804794     -9.021525472403    
 -9.022360348701     -9.023237645626     -9.024149227142     -9.025086730719    
 -9.026078164577     -9.027105104923     -9.028162479401     -9.029288893938    
 -9.030451822281     -9.031657350063     -9.032938480377     -9.034263134003    
 -9.035647344589     -9.037114495039     -9.038633298874     -9.040234392881    
 -9.041926383972     -9.043680888414     -9.045552873611     -9.047528016567    
 -9.049579334259     -9.051797449589     -9.053208640644     -9.054567576732    
 -9.058846384562     -9.061788025473     -9.064608860016     -9.067738947868    
 -9.071187109947     -9.074622988701     -9.078314797084     -9.082486359278    
 -9.086837140575     -9.091800326771     -9.100116584484     -9.106261074117    
 -9.108451298305     -9.115963077545     -9.120527935028     -9.129295545816    
 -9.139299941063     -9.145833253860     -9.156681990623     -9.169908225536    
 -9.179298758507     -9.193228238821     -9.211048245430     -9.224602413177    
 -9.242967820168     -9.266946339607     -9.286727881432     -9.311038404703    
 -9.343154895306     -9.370155012608     -9.400081253052     -9.438684332371    
 -9.465481638908     -9.487723749876     -9.506587648392     -9.494870716333    
 -9.473216533661     -9.471660614014     -9.502831935883     -9.542318302393    
 -9.436130893230     -8.649358536800     -7.279227654141     -2.807108419142    
-0.4018479019403    -0.4079225555062    -0.6789866164326    -0.8935970044694    
-0.9825495949015     -1.308973868284     -1.586208969727     -1.655620927643    
 -1.723649081774     -1.779178995872     -1.794431913644     -1.822630941542    
 -1.853512127511     -1.867499135900     -1.887089876458     -1.909329728503    
 -1.921330927126     -1.936527528986     -1.954463047907     -1.965466590784    
 -1.978560221568     -1.994092288241     -2.005498501658     -2.018468144815    
 -2.034489389323     -2.047913888749     -2.063355439156     -2.084397659078    
 -2.102283753455     -2.122878756002     -2.155659577996     -2.181140862033    
 -2.209886060283     -2.274426101707     -2.334966863692     -2.423332983255    
 -2.875597989559     -2.924983885884     0.7888609052210E-30 -8.993840932846    
 -8.993968122358     -8.994095311870     -8.994222501382     -8.994349690894    
 -8.994476880406     -8.994604069918     -8.994822292298     -8.995050592373    
 -8.995278892448     -8.995507192522     -8.995735492597     -8.995951490074    
 -8.996153222810     -8.996354955546     -8.996556688283     -8.996758421019    
 -8.996951374604     -8.997138862184     -8.997326349765     -8.997513837345    
 -8.997698906548     -8.997878220053     -8.998057533559     -8.998236847064    
 -8.998414278667     -8.998589359556     -8.998764440445     -8.998939512533    
 -8.999113835805     -8.999288159077     -8.999462482350     -8.999638010407    
 -8.999813599967     -8.999989840012     -9.000168339045     -9.000346838077    
 -9.000528490781     -9.000710971927     -9.000896316554     -9.001083383580    
 -9.001273865402     -9.001465865270     -9.001662703982     -9.001861832305    
 -9.002065304754     -9.002290837478     -9.002497184277     -9.002705287933    
 -9.002925193310     -9.003151059151     -9.003380626440     -9.003616571426    
 -9.003858578205     -9.004104804993     -9.004359424114     -9.004620432854    
 -9.004886299372     -9.005162537098     -9.005445116758     -9.005733132362    
 -9.006034165621     -9.006341350079     -9.006655710936     -9.006983590126    
 -9.007318556309     -9.007663059235     -9.008021461964     -9.008387732506    
 -9.008766019344     -9.009158670902     -9.009560173750     -9.009976816177    
 -9.010408103466     -9.010849332809     -9.011309444904     -9.011784291267    
 -9.012270289660     -9.012779605389     -9.013303607702     -9.013840198517    
 -9.014405226707     -9.014984667301     -9.015580922365     -9.016207504272    
 -9.016850203276     -9.017514646053     -9.018211150169     -9.018926000595    
 -9.019669014215     -9.020445585251     -9.021243131161     -9.022077035904    
 -9.022946399450     -9.023839938641     -9.024779766798     -9.025756835938    
 -9.026762115955     -9.027826619148     -9.028930091858     -9.030066967010    
 -9.031279546022     -9.032532501221     -9.033832561970     -9.035216379166    
 -9.036648303270     -9.038146030903     -9.039736336470     -9.041384196281    
 -9.043123680353     -9.044965565205     -9.046877437830     -9.048920202255    
 -9.051080501080     -9.053326940536     -9.055759847164     -9.057394249099    
 -9.058983617595     -9.063522149966     -9.066772315033     -9.069895490011    
 -9.073370600614     -9.077210908731     -9.081044198573     -9.085175164541    
 -9.089850322405     -9.094827331774     -9.099895797835     -9.102154566691    
 -9.104963257909     -9.116269588470     -9.124975419044     -9.135787200928    
 -9.143560522795     -9.151110494137     -9.164859384298     -9.175860977173    
 -9.185815185308     -9.203805506229     -9.219372081757     -9.232861161232    
 -9.256994420290     -9.278944897652     -9.298348796368     -9.329626584053    
 -9.359513878822     -9.385593199730     -9.422406643629     -9.456414461136    
 -9.479718387127     -9.499751627445     -9.508594673872     -9.483407759666    
 -9.474781608582     -9.481629288197     -9.533101171255     -9.486946177483    
 -9.282588108381     -7.911994711559     -4.871323092781    -0.3991558551788    
-0.4051479473710    -0.5437124576418    -0.8369447890047    -0.9416599359984    
 -1.138596731471     -1.508223789092     -1.623788252729     -1.692612069473    
 -1.760204128246     -1.787506467197     -1.807010733755     -1.840811145492    
 -1.860797304055     -1.876034947019     -1.898923928617     -1.914932158589    
 -1.927082942240     -1.944550007209     -1.958281840477     -1.968812046573    
 -1.983299948927     -1.995832470618     -2.006083714869     -2.019274847955    
 -2.032209774014     -2.044342783652     -2.058670357894     -2.074440415949    
 -2.092558286153     -2.110883701593     -2.132079461776     -2.162635492533    
 -2.188328180462     -2.217905916274     -2.280739586800     -2.341259333491    
 -2.430486178398     -2.881552630663     -2.930922587216     0.7888609052210E-30
 -8.993602514267     -8.993735703653     -8.993868893039     -8.994002082425    
 -8.994135271811     -8.994268461197     -8.994401650583     -8.994630261667    
 -8.994869436306     -8.995108610945     -8.995347785584     -8.995586960223    
 -8.995813386531     -8.996025031275     -8.996236676020     -8.996448320765    
 -8.996659965509     -8.996862589041     -8.997059595859     -8.997256602676    
 -8.997453609493     -8.997648156414     -8.997836848824     -8.998025541234    
 -8.998214233643     -8.998401027248     -8.998585449025     -8.998769870802    
 -8.998954285233     -8.999138074551     -8.999321863869     -8.999505653187    
 -8.999690912947     -8.999876247771     -9.000062301228     -9.000250850329    
 -9.000439399431     -9.000631244309     -9.000823954958     -9.001019806438    
 -9.001217547143     -9.001418932031     -9.001621936938     -9.001830177362    
 -9.002040794049     -9.002255951310     -9.002494578222     -9.002712839842    
 -9.002933049202     -9.003165972233     -9.003404915333     -9.003647756577    
 -9.003897571564     -9.004153770208     -9.004414427280     -9.004684001207    
 -9.004960489273     -9.005242186785     -9.005534541607     -9.005833739042    
 -9.006138801575     -9.006457734108     -9.006783211231     -9.007116323709    
 -9.007463955879     -9.007818996906     -9.008183956146     -9.008563864231    
 -9.008952164650     -9.009353232384     -9.009769618511     -9.010195463896    
 -9.010637521744     -9.011095297337     -9.011563694477     -9.012052088976    
 -9.012556266785     -9.013072383404     -9.013613390923     -9.014170169830    
 -9.014740467072     -9.015341603756     -9.015958046913     -9.016592347622    
 -9.017259335518     -9.017943769693     -9.018651759624     -9.019394236803    
 -9.020156550407     -9.020949387550     -9.021778821945     -9.022631001472    
 -9.023522400856     -9.024452477694     -9.025408923626     -9.026415854692    
 -9.027463507652     -9.028542023897     -9.029685485363     -9.030871754885    
 -9.032094717026     -9.033401364088     -9.034752535820     -9.036155653000    
 -9.037651753426     -9.039201200008     -9.040823602676     -9.042549663782    
 -9.044339966774     -9.046232408285     -9.048240363598     -9.050326943398    
 -9.052560091019     -9.054927349091     -9.057392323017     -9.060066908598    
 -9.061953650202     -9.063804072993     -9.068636152561     -9.072239356571    
 -9.075709406535     -9.079582782875     -9.083873697917     -9.088167034090    
 -9.092809851964     -9.098075679938     -9.103610436700     -9.109957898988    
 -9.120532272045     -9.128476186735     -9.131614250796     -9.141371726990    
 -9.147606253624     -9.159219306707     -9.172473037243     -9.181602984667    
 -9.196317553520     -9.214150381088     -9.227517652512     -9.246787261963    
 -9.271116018295     -9.290441578627     -9.315825998783     -9.348279088736    
 -9.374812579155     -9.405820488930     -9.444776749611     -9.470487612486    
 -9.492546701431     -9.511807870865     -9.496934950352     -9.477393215895    
 -9.476422858238     -9.511629223824     -9.538406300545     -9.430390298367    
 -8.545110432308     -6.935499267779     -2.463391500714    -0.4024772331119    
-0.4083002507685    -0.7017168027658    -0.9007558524298    -0.9896878160381    
 -1.337821221724     -1.592014077352     -1.661341860611     -1.729171201447    
 -1.780616883561     -1.795812332723     -1.825266674161     -1.854377166042    
 -1.868082600459     -1.888027878152     -1.909024031553     -1.920547051122    
 -1.935526859947     -1.952124407329     -1.962208897993     -1.974387848936    
 -1.988362051547     -1.997593084350     -2.008369507641     -2.020948886499    
 -2.030753145739     -2.041973077226     -2.055828100257     -2.067966191284    
 -2.082156664133     -2.101667377353     -2.118595557287     -2.138355570473    
 -2.170137561113     -2.194996728376     -2.223282419145     -2.287336446345    
 -2.347401420772     -2.435329282656     -2.887529689819     -2.936734242737    
 0.7888609052210E-30 -8.993366479874     -8.993505805939     -8.993645132004    
 -8.993784458068     -8.993923784133     -8.994063110198     -8.994202436263    
 -8.994441568122     -8.994691748872     -8.994941929623     -8.995192110373    
 -8.995442291123     -8.995679330789     -8.995901133498     -8.996122936206    
 -8.996344738915     -8.996566541624     -8.996779065516     -8.996985812306    
 -8.997192559096     -8.997399305886     -8.997603568376     -8.997801918271    
 -8.998000268166     -8.998198618061     -8.998395082778     -8.998589192688    
 -8.998783302599     -8.998977406655     -8.999171012613     -8.999364618571    
 -8.999558224530     -8.999753607224     -8.999949080620     -9.000145318625    
 -9.000344211944     -9.000543105263     -9.000745639066     -9.000949129192    
 -9.001155886711     -9.001364609584     -9.001577375783     -9.001791939443    
 -9.002011824163     -9.002234401648     -9.002462008154     -9.002714217842    
 -9.002944862843     -9.003177618980     -9.003423947096     -9.003676652908    
 -9.003933489323     -9.004197716713     -9.004468756914     -9.004744553566    
 -9.005029857159     -9.005322408676     -9.005620449781     -9.005930006504    
 -9.006246823072     -9.006569862366     -9.006907236576     -9.007251799107    
 -9.007604748011     -9.007972645760     -9.008348524570     -9.008735179901    
 -9.009137898684     -9.009549498558     -9.009974509478     -9.010415971279    
 -9.010867500305     -9.011336135864     -9.011821669340     -9.012318575382    
 -9.012836724520     -9.013371896744     -9.013919919729     -9.014494478703    
 -9.015085977316     -9.015691995621     -9.016331177950     -9.016986882687    
 -9.017661863565     -9.018371820450     -9.019100666046     -9.019855070114    
 -9.020646584034     -9.021459603310     -9.022305828333     -9.023191630840    
 -9.024102199078     -9.025055742264     -9.026051127911     -9.027075171471    
 -9.028154551983     -9.029278564453     -9.030436432362     -9.031665825844    
 -9.032942116261     -9.034258604050     -9.035667997599     -9.037126529217    
 -9.038642388582     -9.040261673927     -9.041940361261     -9.043700301647    
 -9.045576554537     -9.047524762154     -9.049587285519     -9.051780343056    
 -9.054062002897     -9.056508469582     -9.059108358622     -9.061819374561    
 -9.064766556025     -9.066938897542     -9.069085438762     -9.074250945311    
 -9.078255608347     -9.082119973501     -9.086448563012     -9.091259518464    
 -9.096083259583     -9.101317675908     -9.107264411449     -9.113642860181    
 -9.120201653904     -9.123292518762     -9.127497710926     -9.142086012023    
 -9.153258973360     -9.167487192154     -9.178080105782     -9.188515746593    
 -9.206972688437     -9.222205972672     -9.236295133829     -9.260832250118    
 -9.282510656118     -9.301738739014     -9.334380894899     -9.363952207565    
 -9.389940869808     -9.428069996834     -9.461115509272     -9.484408509731    
 -9.504455053806     -9.510213208199     -9.485150581598     -9.478830695152    
 -9.490092974901     -9.541219735146     -9.481634563208     -9.178588116170    
 -7.807133823634     -4.527555632594    -0.3998542904854    -0.4056043744087    
-0.5663226312025    -0.8598707504570    -0.9488094000611     -1.167370152753    
 -1.537156692380     -1.629591081850     -1.698220040882     -1.765740597900    
 -1.788950996054     -1.809804199263     -1.843480597017     -1.861748797353    
 -1.877449410642     -1.899999597855     -1.914811295643     -1.927038203925    
 -1.943965077400     -1.956494439393     -1.966560664680     -1.980050585605    
 -1.990985498484     -1.999730404466     -2.011243002769     -2.021480357647    
 -2.030229928531     -2.041275227815     -2.052419797517     -2.063417102769    
 -2.076228379458     -2.090660039335     -2.107995482162     -2.125278754160    
 -2.145509236306     -2.175615923107     -2.200662330911     -2.229607130587    
 -2.292362656444     -2.352423053980     -2.441023039445     -2.892311542481    
 -2.941508047283     0.7888609052210E-30 -8.993133068085     -8.993278550372    
 -8.993424032660     -8.993569514947     -8.993714997235     -8.993860479522    
 -8.994005961810     -8.994255873002     -8.994517344882     -8.994778816763    
 -8.995040288644     -8.995301760524     -8.995549669088     -8.995781851120    
 -8.996014033153     -8.996246215185     -8.996478397218     -8.996701093460    
 -8.996917883735     -8.997134674010     -8.997351464285     -8.997565747636    
 -8.997774064551     -8.997982381467     -8.998190698382     -8.998397175952    
 -8.998601355965     -8.998805535978     -8.999009710813     -8.999213445051    
 -8.999417179288     -8.999620913526     -8.999826683761     -9.000032557932    
 -9.000239293674     -9.000449021458     -9.000658749242     -9.000872335296    
 -9.001086934883     -9.001305146151     -9.001525529864     -9.001749982060    
 -9.001976242900     -9.002208604506     -9.002443663524     -9.002683839372    
 -9.002950218144     -9.003194057941     -9.003440093994     -9.003700292110    
 -9.003967344761     -9.004238796234     -9.004518055916     -9.004804718494    
 -9.005096483231     -9.005398213863     -9.005707478523     -9.006022500992    
 -9.006350111961     -9.006685316563     -9.007027029991     -9.007384240627    
 -9.007748889923     -9.008122217655     -9.008511853218     -9.008909910917    
 -9.009319269657     -9.009745544195     -9.010181355476     -9.010631704330    
 -9.011099576950     -9.011578160524     -9.012074923515     -9.012589657307    
 -9.013116562366     -9.013666480780     -9.014234423637     -9.014816015959    
 -9.015426218510     -9.016054612398     -9.016698598862     -9.017377918959    
 -9.018075191975     -9.018793410063     -9.019549322128     -9.020325601101    
 -9.021129441261     -9.021973538399     -9.022841000557     -9.023744565248    
 -9.024690985680     -9.025664299726     -9.026684403419     -9.027750319242    
 -9.028847610950     -9.030005484819     -9.031212282181     -9.032456225157    
 -9.033778989315     -9.035153490305     -9.036572337151     -9.038094007969    
 -9.039670217037     -9.041310054064     -9.043065476418     -9.044887095690    
 -9.046799218655     -9.048842340708     -9.050966143608     -9.053217887878    
 -9.055618107319     -9.058118623495     -9.060804986954     -9.063667142391    
 -9.066656208038     -9.069913566113     -9.072412051473     -9.074897187097    
 -9.080443482766     -9.084912336178     -9.089233748118     -9.094092820341    
 -9.099508388837     -9.104952654243     -9.110884507497     -9.117638576031    
 -9.124799124978     -9.133063493835     -9.146694523738     -9.156987378427    
 -9.161631115845     -9.174693816900     -9.183427500725     -9.199107784033    
 -9.216991043091     -9.230010092258     -9.250275826454     -9.274630129337    
 -9.293697118759     -9.320199900866     -9.353076219559     -9.378957796097    
 -9.411061418056     -9.450424093008     -9.474895501137     -9.496759623289    
 -9.516437590122     -9.498249739409     -9.480761981010     -9.480339992046    
 -9.519427835941     -9.533356863260     -9.423913335800     -8.440528255702    
 -6.591712367537     -2.119328608118    -0.4027263522148    -0.4306445428479    
-0.7244468155005    -0.9079235929374    -0.9968356601892     -1.366709352843    
 -1.597855021339     -1.667151328316     -1.734814057127     -1.782178718015    
 -1.797284280648     -1.828044313728     -1.855496219732     -1.869100738270    
 -1.889519163873     -1.909388271812     -1.920612413809     -1.935660941619    
 -1.951307716966     -1.960896355100     -1.972679500654     -1.985459424928    
 -1.993741888180     -2.003483251203     -2.014475099742     -2.022179589793    
 -2.031116715260     -2.041491915379     -2.050044651702     -2.059933922719    
 -2.072204644419     -2.083388377540     -2.096657942235     -2.115065305121    
 -2.131300756708     -2.150458843261     -2.181530957669     -2.205949113332    
 -2.233912196755     -2.297637615353     -2.357354094088     -2.444947771728    
 -2.897134885192     -2.946203386784     0.7888609052210E-30 -8.992902040482    
 -8.993053913514     -8.993205786547     -8.993357659580     -8.993509532613    
 -8.993661405645     -8.993813278678     -8.994074150494     -8.994347088900    
 -8.994620027307     -8.994892965714     -8.995165904121     -8.995424889653    
 -8.995667696965     -8.995910504277     -8.996153311589     -8.996396118901    
 -8.996629285924     -8.996856450788     -8.997083615651     -8.997310780515    
 -8.997535391135     -8.997753922699     -8.997972454262     -8.998190985826    
 -8.998407690972     -8.998622114710     -8.998836538448     -8.999050961550    
 -8.999265330481     -8.999479699412     -8.999694068343     -8.999910666497    
 -9.000127378451     -9.000345006037     -9.000565813409     -9.000786620782    
 -9.001011789194     -9.001238103213     -9.001468188073     -9.001700541114    
 -9.001937397124     -9.002176254927     -9.002421346409     -9.002669397255    
 -9.002922981769     -9.003203920495     -9.003461408615     -9.003721261024    
 -9.003996026516     -9.004278123379     -9.004564923048     -9.004860067368    
 -9.005162990093     -9.005471277237     -9.005790054798     -9.006116938591    
 -9.006449991465     -9.006796276569     -9.007150655985     -9.007511973381    
 -9.007889795303     -9.008275556564     -9.008670580387     -9.009082913399    
 -9.009504169226     -9.009937393665     -9.010388779640     -9.010850262642    
 -9.011327034235     -9.011822640896     -9.012329763174     -9.012856435776    
 -9.013402152061     -9.013960778713     -9.014543861151     -9.015146541595    
 -9.015764003992     -9.016411864758     -9.017079377174     -9.017763733864    
 -9.018486136198     -9.019227814674     -9.019991981983     -9.020796990395    
 -9.021624028683     -9.022480869293     -9.023381245136     -9.024306988716    
 -9.025271999836     -9.026283681393     -9.027324724197     -9.028416967392    
 -9.029559153318     -9.030735683441     -9.031979024410     -9.033275866508    
 -9.034613424540     -9.036038315296     -9.037520366907     -9.039051413536    
 -9.040696597099     -9.042402541637     -9.044179373980     -9.046085453033    
 -9.048065543175     -9.050146818161     -9.052375876904     -9.054695892334    
 -9.057160103321     -9.059793412685     -9.062540590763     -9.065498232841    
 -9.068657952547     -9.071963083744     -9.075574010611     -9.078445322173    
 -9.081318315438     -9.087302200244     -9.092304862259     -9.097152042389    
 -9.102624972734     -9.108747133414     -9.114914807677     -9.121663522720    
 -9.129360457261     -9.137683500521     -9.146346367730     -9.150710382462    
 -9.157003019963     -9.176133487906     -9.190853935480     -9.209912323952    
 -9.224647849798     -9.239354288578     -9.264467746019     -9.285734081268    
 -9.305693966150     -9.338829863071     -9.367985028028     -9.393728137016    
 -9.433326059580     -9.465331041813     -9.488477593660     -9.508631730080    
 -9.511228531599     -9.486132586002     -9.482141196728     -9.497652363777    
 -9.548410600424     -9.475425064564     -9.074099659920     -7.702051798503    
 -4.183847894273    -0.4006219983101    -0.4059343636036    -0.5888408367831    
-0.8669761810607    -0.9559021693654     -1.196162248170     -1.566137261689    
 -1.635434579011     -1.703893587552     -1.771374569181     -1.790521864127    
 -1.812724242802     -1.846259246999     -1.862880131323     -1.879148754477    
 -1.901544202678     -1.915295201354     -1.927702906169     -1.944277414307    
 -1.955907266773     -1.965877827816     -1.978809222113     -1.988688209653    
 -1.996853601467     -2.007348895259     -2.016074936092     -2.023284474388    
 -2.032574218605     -2.041069745086     -2.048638684209     -2.058106171340    
 -2.067934345454     -2.078086479008     -2.089796394482     -2.103261306137    
 -2.120037684776     -2.136570289731     -2.156107344851     -2.185903007537    
 -2.210484672152     -2.238974934071     -2.301707809791     -2.361431077123    
 -2.449553886801     -2.901043267548     -2.950107982755     0.7888609052210E-30
 -8.992674827576     -8.992833071810     -8.992991316045     -8.993149560279    
 -8.993307804514     -8.993466048748     -8.993624292983     -8.993896360345    
 -8.994181028372     -8.994465696400     -8.994750364428     -8.995035032455    
 -8.995305372892     -8.995559100630     -8.995812828368     -8.996066556106    
 -8.996320283845     -8.996564187941     -8.996801975722     -8.997039763502    
 -8.997277551282     -8.997512746450     -8.997741771243     -8.997970796036    
 -8.998199820829     -8.998427124419     -8.998652278025     -8.998877431631    
 -8.999102586210     -8.999327823564     -8.999553060918     -8.999778298273    
 -9.000006193057     -9.000234223502     -9.000463247695     -9.000695722952    
 -9.000928198210     -9.001165245593     -9.001403494032     -9.001645958882    
 -9.001890959925     -9.002140620260     -9.002392351883     -9.002650708747    
 -9.002912248005     -9.003179731884     -9.003476500898     -9.003748160601    
 -9.004022312164     -9.004312342405     -9.004610240459     -9.004913091660    
 -9.005224585533     -9.005544447899     -9.005870056152     -9.006206810474    
 -9.006552147865     -9.006904023886     -9.007269990444     -9.007644593716    
 -9.008026599884     -9.008426040411     -9.008833885193     -9.009251534939    
 -9.009687781334     -9.010133504868     -9.010591912270     -9.011069661379    
 -9.011558198929     -9.012063097954     -9.012588024139     -9.013125216961    
 -9.013683271408     -9.014261764288     -9.014854133129     -9.015472859144    
 -9.016112327576     -9.016767501831     -9.017455577850     -9.018164765835    
 -9.018892049789     -9.019660246372     -9.020449328423     -9.021262776852    
 -9.022120213509     -9.023001581430     -9.023915374279     -9.024876439571    
 -9.025865054131     -9.026896315813     -9.027978479862     -9.029092687368    
 -9.030262804031     -9.031487905979     -9.032750773430     -9.034086942673    
 -9.035482192039     -9.036922413111     -9.038459193707     -9.040059268475    
 -9.041713595390     -9.043495386839     -9.045344734192     -9.047272896767    
 -9.049346399307     -9.051503032446     -9.053773295879     -9.056210750341    
 -9.058750987053     -9.061454087496     -9.064350485802     -9.067376631498    
 -9.070641970634     -9.074140930176     -9.077807414532     -9.081824213266    
 -9.085125361170     -9.088446474927     -9.094936160308     -9.100562718995    
 -9.106025155385     -9.112221081907     -9.119174034595     -9.126198029518    
 -9.133921066920     -9.142747024695     -9.152192509969     -9.163177975019    
 -9.181034238522     -9.194384955083     -9.201435003962     -9.219484126568    
 -9.231981229782     -9.253483635187     -9.277926433086     -9.296528428793    
 -9.324270534515     -9.357115274668     -9.382640802860     -9.415901488066    
 -9.455792307854     -9.478783732653     -9.500478327274     -9.520659953356    
 -9.498962426186     -9.483530551195     -9.483707606792     -9.526466971636    
 -9.527385973930     -9.416744124889     -8.335627496243     -6.248041778805    
 -1.776033878329    -0.4035707026720    -0.4531375287720    -0.7472044816239    
-0.9149889897555     -1.025478797918     -1.395550541859     -1.603688113298    
 -1.673024965450     -1.740469269548     -1.783752741804     -1.798848576914    
 -1.830953544937     -1.856771529885     -1.870262457523     -1.891214550147    
 -1.910078667663     -1.921192546422     -1.936434451025     -1.951253467519    
 -1.960534831136     -1.972214618511     -1.984194827639     -1.991964542773    
 -2.001201984286     -2.011093601864     -2.017827384360     -2.025654497929    
 -2.034418752417     -2.040922673792     -2.048468165100     -2.057228821330    
 -2.064851638675     -2.073763539083     -2.084889684245     -2.095382640511    
 -2.107988272607     -2.125606457144     -2.141348082572     -2.160077383183    
 -2.190642160177     -2.214747024514     -2.242485150695     -2.305997114629    
 -2.365457154810     -2.452790838852     -2.904997677356     -2.953962118924    
 0.7888609052210E-30 -8.992451190948     -8.992615982277     -8.992780773605    
 -8.992945564933     -8.993110356262     -8.993275147590     -8.993439938918    
 -8.993723377273     -8.994019950317     -8.994316523362     -8.994613096406    
 -8.994909669451     -8.995191561474     -8.995456430998     -8.995721300522    
 -8.995986170046     -8.996251039570     -8.996505918721     -8.996754577746    
 -8.997003236771     -8.997251895796     -8.997497996895     -8.997738010173    
 -8.997978023451     -8.998218036729     -8.998456337331     -8.998692498601    
 -8.998928659871     -8.999164825927     -8.999401399163     -8.999637972399    
 -8.999874545636     -9.000114050803     -9.000353705644     -9.000594462602    
 -9.000839046967     -9.001083631333     -9.001333302813     -9.001584310634    
 -9.001839542367     -9.002097314806     -9.002360296581     -9.002625594164    
 -9.002897990338     -9.003173722007     -9.003455674696     -9.003768273996    
 -9.004054892063     -9.004344224930     -9.004650294781     -9.004964649677    
 -9.005284261703     -9.005613112450     -9.005950760841     -9.006294488907    
 -9.006650149822     -9.007014918327     -9.007386624813     -9.007773280144    
 -9.008168989420     -9.008572459221     -9.008994758129     -9.009425997734    
 -9.009867668152     -9.010328865051     -9.010800212622     -9.011285197735    
 -9.011790770292     -9.012307858467     -9.012842434645     -9.013398349285    
 -9.013967353106     -9.014558649063     -9.015171885490     -9.015799987316    
 -9.016456216574     -9.017134904861     -9.017830556631     -9.018561327457    
 -9.019314879179     -9.020087957382     -9.020905280113     -9.021745169163    
 -9.022611385584     -9.023525166512     -9.024464905262     -9.025439834595    
 -9.026466035843     -9.027522325516     -9.028625339270     -9.029784023762    
 -9.030977791548     -9.032232832909     -9.033548223972     -9.034905123711    
 -9.036342799664     -9.037845802307     -9.039398550987     -9.041058301926    
 -9.042788439989     -9.044578909874     -9.046512109041     -9.048520803452    
 -9.050617575645     -9.052877998352     -9.055232048035     -9.057714080811    
 -9.060386055708     -9.063174772263     -9.066148453951     -9.069343507290    
 -9.072687011957     -9.076303982735     -9.080191749334     -9.084273183346    
 -9.088757842779     -9.092555672782     -9.096395557693     -9.103473096627    
 -9.109826175372     -9.116004880269     -9.123048579693     -9.130984243552    
 -9.139018392563     -9.147897926966     -9.158059239388     -9.169141139406    
 -9.180846288469     -9.187169394126     -9.196597728985     -9.222119169576    
 -9.242001134157     -9.267894721031     -9.288551402092     -9.309271407127    
 -9.343141019344     -9.371699237823     -9.398090571165     -9.438314735889    
 -9.469149833918     -9.491937160492     -9.512417185307     -9.511764228344    
 -9.486456125975     -9.484971475601     -9.504594236612     -9.554812395573    
 -9.468568122387     -8.969385337830     -7.596916443110     -3.840277791026    
-0.4014797762036    -0.4063203096390    -0.6115319455041    -0.8741871547885    
-0.9629859897152     -1.224901053868     -1.571878621099     -1.641234506061    
 -1.709558329568     -1.776997528970     -1.792094898666     -1.815671933861    
 -1.849141912139     -1.864175226353     -1.881028018193     -1.903250196110    
 -1.916023840941     -1.928726293147     -1.945133870933     -1.956006654538    
 -1.965992587246     -1.978557144478     -1.987690184079     -1.995654268004    
 -2.005577249918     -2.013341332972     -2.019897634629     -2.028152300976    
 -2.035194721073     -2.041198072955     -2.048853751644     -2.056062277593    
 -2.062749125343     -2.071056289971     -2.079928093590     -2.089487277344    
 -2.100387490913     -2.113153640181     -2.129569541663     -2.145573055372    
 -2.164612920769     -2.194186346233     -2.218425665982     -2.246584929526    
 -2.309342809021     -2.368820382655     -2.456574131176     -2.908244272321    
 -2.957206632197     0.7888609052210E-30 -8.992231369019     -8.992402883333    
 -8.992574397647     -8.992745911961     -8.992917426275     -8.993088940590    
 -8.993260454904     -8.993555459436     -8.993864134818     -8.994172810200    
 -8.994481485582     -8.994790160964     -8.995083847194     -8.995360153651    
 -8.995636460108     -8.995912766564     -8.996189073021     -8.996455278542    
 -8.996715195099     -8.996975111657     -8.997235028214     -8.997492353035    
 -8.997743509565     -8.997994666096     -8.998245822627     -8.998495437784    
 -8.998743127585     -8.998990817387     -8.999238513356     -8.999486734113    
 -8.999734954871     -8.999983175629     -9.000234805254     -9.000486608899    
 -9.000739626355     -9.000996859100     -9.001254091845     -9.001516630280    
 -9.001780562474     -9.002049239455     -9.002320770452     -9.002597712855    
 -9.002877060897     -9.003163962819     -9.003454415306     -9.003751477287    
 -9.004080981769     -9.004383182526     -9.004688262939     -9.005010992289    
 -9.005342602730     -9.005679792166     -9.006026697159     -9.006383043528    
 -9.006745886803     -9.007121384144     -9.007506418228     -9.007898747921    
 -9.008307099342     -9.008725130558     -9.009151458740     -9.009597778320    
 -9.010053503513     -9.010520201921     -9.011008000374     -9.011506587267    
 -9.012019622326     -9.012554490566     -9.013101649284     -9.013667529821    
 -9.014256358147     -9.014859205484     -9.015485835075     -9.016135960817    
 -9.016802012920     -9.017498224974     -9.018218612671     -9.018957263231    
 -9.019733750820     -9.020534729958     -9.021356701851     -9.022226482630    
 -9.023120760918     -9.024043619633     -9.025018048286     -9.026020675898    
 -9.027061545849     -9.028158605099     -9.029288458824     -9.030469113588    
 -9.031710743904     -9.032990890741     -9.034338450432     -9.035752421618    
 -9.037212193012     -9.038761526346     -9.040383005142     -9.042059516907    
 -9.043855333328     -9.045729631186     -9.047671198845     -9.049772465229    
 -9.051958560944     -9.054243624210     -9.056713795662     -9.059289753437    
 -9.062010288239     -9.064947319031     -9.068017339706     -9.071298021078    
 -9.074833810329     -9.078540223837     -9.082560276985     -9.086895543337    
 -9.091455912590     -9.096483826637     -9.100860210827     -9.105305512462    
 -9.113071355453     -9.120282518150     -9.127307987213     -9.135361371907    
 -9.144465710322     -9.153707708418     -9.163982454936     -9.175756597519    
 -9.188478324486     -9.203413203028     -9.227203586285     -9.244462847710    
 -9.255252063274     -9.280839544535     -9.298757338524     -9.328072160482    
 -9.360993349552     -9.385890156031     -9.420466995239     -9.459698390961    
 -9.482184219360     -9.503790730238     -9.524643540382     -9.499114292860    
 -9.485779011250     -9.486670023203     -9.532794594765     -9.520658075810    
 -9.409272670746     -8.230625126760     -5.904345067344     -1.432499086859    
-0.4040989875793    -0.4756335667333    -0.7701711927849    -0.9222291730033    
 -1.054255852103     -1.424393953755     -1.609434072860     -1.678638573340    
 -1.746050519450     -1.785310357227     -1.800439816434     -1.833873024560    
 -1.858094293252     -1.871568299271     -1.893086440116     -1.910973518388    
 -1.921978345234     -1.937476330576     -1.951592449471     -1.960761258565    
 -1.972464535385     -1.983771744650     -1.991224261001     -2.000254161004    
 -2.009443127923     -2.015651136171     -2.022905470431     -2.030629694369    
 -2.036145149358     -2.042530418094     -2.049661241472     -2.055266671069    
 -2.061787828058     -2.069377333671     -2.076311566681     -2.084513716400    
 -2.094831902534     -2.104816395044     -2.116943123192     -2.134026392549    
 -2.149428198114     -2.167854388803     -2.198043327034     -2.221917889267    
 -2.249496509880     -2.312882592902     -2.372156831622     -2.459287400916    
 -2.911532769352     -2.960416047275     0.7888609052210E-30 -8.992017030716    
 -8.992195189842     -8.992373348968     -8.992551508093     -8.992729667219    
 -8.992907826345     -8.993085985471     -8.993392864217     -8.993713992729    
 -8.994035121241     -8.994356249754     -8.994677378266     -8.994983149558    
 -8.995271114308     -8.995559079058     -8.995847043807     -8.996135008557    
 -8.996412744418     -8.996684111652     -8.996955478886     -8.997226846119    
 -8.997495686346     -8.997758512339     -8.998021338331     -8.998284164323    
 -8.998545494356     -8.998804955760     -8.999064417164     -8.999323890535    
 -8.999584382092     -8.999844873650     -9.000105365208     -9.000369482189    
 -9.000633784245     -9.000899432287     -9.001169754634     -9.001440076981    
 -9.001716227499     -9.001993909025     -9.002276495199     -9.002562031544    
 -9.002853441748     -9.003147463176     -9.003449642693     -9.003755633576    
 -9.004068663546     -9.004415757236     -9.004734236002     -9.005055761337    
 -9.005395847559     -9.005745470524     -9.006101047993     -9.006466937065    
 -9.006842803955     -9.007225561142     -9.007621824741     -9.008028197289    
 -9.008442324400     -9.008873689175     -9.009315317869     -9.009765744209    
 -9.010237014294     -9.010718512535     -9.011211943626     -9.011727619171    
 -9.012254774570     -9.012797331810     -9.013363492489     -9.013942742348    
 -9.014541786909     -9.015165388584     -9.015804010630     -9.016468143463    
 -9.017157542706     -9.017864048481     -9.018602877855     -9.019367742538    
 -9.020152276754     -9.020977580547     -9.021829462051     -9.022704124451    
 -9.023630392551     -9.024583125114     -9.025566732883     -9.026606774330    
 -9.027677506208     -9.028789818287     -9.029963433743     -9.031172895432    
 -9.032437932491     -9.033770024776     -9.035144567490     -9.036593556404    
 -9.038115555048     -9.039688122272     -9.041360348463     -9.043112540245    
 -9.044925832748     -9.046872591972     -9.048907011747     -9.051016569138    
 -9.053305894136     -9.055690741539     -9.058187031746     -9.060893392563    
 -9.063719779253     -9.066710197926     -9.069948321581     -9.073338675499    
 -9.076970213652     -9.080896615982     -9.085020017624     -9.089505219460    
 -9.094358956814     -9.099475550652     -9.105136990547     -9.110189189230    
 -9.115342917187     -9.123919049777     -9.132142272974     -9.140165138245    
 -9.149417251240     -9.159920604229     -9.170602354407     -9.182553068797    
 -9.196251412233     -9.211310459484     -9.227489119106     -9.236770000458    
 -9.250813930375     -9.285191638129     -9.312317150831     -9.347238636017    
 -9.374972552061     -9.402072525024     -9.443255424499     -9.472678089142    
 -9.494690459967     -9.515981066227     -9.511896175146     -9.486060857773    
 -9.487396329641     -9.510982620716     -9.560528200865     -9.461276555061    
 -8.864521235228     -7.491599667073     -3.494729906323    -0.3993247866631    
-0.4056484609842    -0.6340889638909    -0.8815333815601    -0.9702073531846    
 -1.253758086357     -1.577642164193     -1.646994220559     -1.715124526247    
 -1.778474172740     -1.793619038956     -1.818608434289     -1.852035997435    
 -1.865504156891     -1.882967875712     -1.905093080457     -1.916956882179    
 -1.929973773193     -1.946203794144     -1.956405274384     -1.966521227732    
 -1.978910966776     -1.987440466881     -1.995311903767     -2.004850035533    
 -2.011965309456     -2.018251628987     -2.025901240762     -2.032050196081    
 -2.037367198057     -2.043955683336     -2.049756910186     -2.054883344099    
 -2.061336006038     -2.067615228519     -2.073692104965     -2.081160385162    
 -2.089346099645     -2.098494188488     -2.108811223321     -2.121076270938    
 -2.137246142142     -2.152870452031     -2.171552101895     -2.200970446318    
 -2.224961194955     -2.252881416678     -2.315681196749     -2.374971950054    
 -2.462433928996     -2.914268316328     -2.963150322437     0.7888609052210E-30
 -8.991807222366     -8.991992339001     -8.992177455635     -8.992362572270    
 -8.992547688904     -8.992732805539     -8.992917922173     -8.993236785258    
 -8.993570454598     -8.993904123938     -8.994237793278     -8.994571462619    
 -8.994889514125     -8.995189456910     -8.995489399695     -8.995789342479    
 -8.996089285264     -8.996378963234     -8.996662250208     -8.996945537182    
 -8.997228824155     -8.997509574180     -8.997784286309     -8.998058998437    
 -8.998333710566     -8.998607076519     -8.998878760945     -8.999150445370    
 -8.999422145484     -8.999695180527     -8.999968215569     -9.000241250612    
 -9.000518491866     -9.000795947844     -9.001074855995     -9.001358807216    
 -9.001642758437     -9.001932938118     -9.002224753958     -9.002521933264    
 -9.002822338722     -9.003128913772     -9.003438231513     -9.003756309847    
 -9.004078417469     -9.004407948730     -9.004773315652     -9.005108833313    
 -9.005447697639     -9.005806303024     -9.006174743176     -9.006549477577    
 -9.006935358047     -9.007331806421     -9.007735550404     -9.008153587580    
 -9.008582496643     -9.009019708633     -9.009475016594     -9.009941214323    
 -9.010416746140     -9.010914748907     -9.011423552036     -9.011944955587    
 -9.012490034103     -9.013047516346     -9.013621687889     -9.014220774174    
 -9.014833807945     -9.015468031168     -9.016128718853     -9.016805517673    
 -9.017509555817     -9.018240737915     -9.018990325928     -9.019774794579    
 -9.020587253571     -9.021420878172     -9.022298562527     -9.023204952478    
 -9.024135947227     -9.025122964382     -9.026138842106     -9.027188390493    
 -9.028299236298     -9.029443532228     -9.030633175373     -9.031890022755    
 -9.033186340332     -9.034543973207     -9.035974979401     -9.037452673912    
 -9.039012622833     -9.040653681755     -9.042350888252     -9.044158637524    
 -9.046055698395     -9.048021018505     -9.050135612488     -9.052348631620    
 -9.054646015167     -9.057146334648     -9.059754693508     -9.062489098310    
 -9.065462183952     -9.068572223186     -9.071869564056     -9.075451654196    
 -9.079208612442     -9.083242535591     -9.087619006634     -9.092223966122    
 -9.097248005867     -9.102705436945     -9.108471655846     -9.114876806736    
 -9.120724248886     -9.126713138819     -9.136249441367     -9.145681385912    
 -9.154894320170     -9.165588599985     -9.177772567272     -9.190187968314    
 -9.204176934560     -9.220204007626     -9.237661668315     -9.258379997147    
 -9.290455671457     -9.312202217962     -9.328096653734     -9.364355725050    
 -9.388378643990     -9.424765151739     -9.463528025150     -9.485138803720    
 -9.506872129440     -9.524984008074     -9.498719418049     -9.487601619959    
 -9.489466786385     -9.538542181253     -9.513372528553     -9.401583653688    
 -8.125539302827     -5.559792801740     -1.085756923758    -0.4026176676154    
-0.4977862098563    -0.7933259531544    -0.9295941226494     -1.083094110200    
 -1.453305065073     -1.615241429419     -1.684291889379     -1.751585540944    
 -1.786787629686     -1.803336331598     -1.836731112702     -1.859416520735    
 -1.872922466137     -1.894992708461     -1.911949555948     -1.922940776125    
 -1.938730541989     -1.952177888714     -1.961237558722     -1.973027832154    
 -1.983789714053     -1.991120649967     -2.000057192519     -2.008659039810    
 -2.014539629593     -2.021502515860     -2.028568493761     -2.033555862028    
 -2.039322765172     -2.045450991299     -2.050068581663     -2.055408158991    
 -2.061366582289     -2.066317805741     -2.072109446302     -2.078881573491    
 -2.085321189463     -2.093014743179     -2.102758932114     -2.112382147275    
 -2.124167790264     -2.140868385136     -2.156031286344     -2.174242895842    
 -2.204154559970     -2.227864081785     -2.255333154649     -2.318640550598    
 -2.377772831917     -2.464739805832     -2.917036450654     -2.965855202079    
 0.7888609052210E-30 -8.991603851318     -8.991795886374     -8.991987921430    
 -8.992179956486     -8.992371991542     -8.992564026598     -8.992756061654    
 -8.993087221011     -8.993433781971     -8.993780342932     -8.994126903892    
 -8.994473464853     -8.994804121599     -8.995116337565     -8.995428553531    
 -8.995740769497     -8.996052985463     -8.996354854830     -8.996650282280    
 -8.996945709730     -8.997241137180     -8.997534089800     -8.997821152367    
 -8.998108214933     -8.998395277500     -8.998681107071     -8.998965396487    
 -8.999249685903     -8.999533996628     -8.999820120524     -9.000106244420    
 -9.000392368316     -9.000683176114     -9.000974223021     -9.001266840192    
 -9.001564910534     -9.001862980877     -9.002167770823     -9.002474325948    
 -9.002786633804     -9.003102401957     -9.003424868715     -9.003750313337    
 -9.004084917956     -9.004423834240     -9.004770676431     -9.005155489198    
 -9.005508750677     -9.005865597725     -9.006243419647     -9.006631731987    
 -9.007026749849     -9.007433629036     -9.007851666212     -9.008277416229    
 -9.008718311787     -9.009170746803     -9.009632015228     -9.010112738609    
 -9.010605019331     -9.011107206345     -9.011633414030     -9.012171030045    
 -9.012721955776     -9.013298487663     -9.013888120651     -9.014495301247    
 -9.015129232407     -9.015778231621     -9.016450190544     -9.017150163651    
 -9.017867374420     -9.018614029884     -9.019389867783     -9.020185482502    
 -9.021018534899     -9.021882057190     -9.022768592834     -9.023702764511    
 -9.024667894840     -9.025659561157     -9.026712286472     -9.027796375751    
 -9.028917056322     -9.030104684830     -9.031329005957     -9.032603108883    
 -9.033950775862     -9.035341787338     -9.036800229549     -9.038339912891    
 -9.039931273460     -9.041613650322     -9.043386042118     -9.045220875740    
 -9.047179102898     -9.049237227440     -9.051371753216     -9.053673863411    
 -9.056086957455     -9.058595180511     -9.061333149672     -9.064193820953    
 -9.067197644711     -9.070474481583     -9.073908001184     -9.077555811405    
 -9.081532233953     -9.085710668564     -9.090209197998     -9.095107018948    
 -9.100271236897     -9.105924153328     -9.112088888884     -9.118618118763    
 -9.125900954008     -9.132687224661     -9.139663486821     -9.150344913189    
 -9.161219460333     -9.171847947439     -9.184272198027     -9.198485371272    
 -9.212974303961     -9.229425764084     -9.248219426473     -9.268976777395    
 -9.291663116879     -9.304900553777     -9.325001921611     -9.370156007154    
 -9.405200648308     -9.447918391228     -9.475693762302     -9.497053670883    
 -9.519654333591     -9.511791157722     -9.487151342630     -9.489670646191    
 -9.516937178373     -9.565415620804     -9.453631705046     -8.759639585019    
 -7.386404560010     -3.151025791965    -0.4000437259674    -0.4057155489922    
-0.6569642059193    -0.8890609507759    -0.9776026432402     -1.282690240070    
 -1.583380232938     -1.652865641564     -1.720776895247     -1.779980139295    
 -1.795137264649     -1.821468260046     -1.853262116807     -1.866806284618    
 -1.884924494242     -1.906963311136     -1.917961525032     -1.931321404409    
 -1.947436560178     -1.957043657079     -1.967309904750     -1.979498534836    
 -1.987518965546     -1.995414333418     -2.004733482376     -2.011354274116    
 -2.017495268118     -2.024735293537     -2.030301983468     -2.035305597633    
 -2.041302670725     -2.046259610727     -2.050651383121     -2.056062142365    
 -2.060976283439     -2.065464751795     -2.071065389365     -2.076685360633    
 -2.082327887882     -2.089188199490     -2.096879491583     -2.105737981200    
 -2.115629451163     -2.127530939877     -2.143532387912     -2.158879294991    
 -2.177297905274     -2.206610067189     -2.230417135917     -2.258160883933    
 -2.321013262495     -2.380158953369     -2.467384570837     -2.919369465113    
 -2.968186827004     0.7888609052210E-30 -8.991406440735     -8.991605648279    
 -8.991804855823     -8.992004063366     -8.992203270910     -8.992402478454    
 -8.992601685998     -8.992945305124     -8.993304911176     -8.993664517229    
 -8.994024123282     -8.994383729335     -8.994727221786     -8.995052030676    
 -8.995376839565     -8.995701648455     -8.996026457345     -8.996340861857    
 -8.996648788479     -8.996956715102     -8.997264641724     -8.997570168564    
 -8.997869983964     -8.998169799364     -8.998469614764     -8.998768301266    
 -8.999065577642     -8.999362854018     -8.999660157864     -8.999959799118    
 -9.000259440371     -9.000559081625     -9.000864058874     -9.001169308520    
 -9.001476230303     -9.001788959039     -9.002101687775     -9.002421809956    
 -9.002743874329     -9.003071985170     -9.003403732993     -9.003742760469    
 -9.004085024113     -9.004436778322     -9.004793233051     -9.005158251327    
 -9.005563291682     -9.005935269594     -9.006311106682     -9.006709152460    
 -9.007118225098     -9.007534378767     -9.007963109016     -9.008403801918    
 -9.008852744102     -9.009317815304     -9.009795284271     -9.010282194614    
 -9.010789418221     -9.011309075356     -9.011839389801     -9.012395274639    
 -9.012963390350     -9.013545775414     -9.014155554771     -9.014779269695    
 -9.015421628952     -9.016092705727     -9.016779971123     -9.017491912842    
 -9.018233835697     -9.018994247913     -9.019786310196     -9.020610022545    
 -9.021455109119     -9.022340387106     -9.023258614540     -9.024201732874    
 -9.025196421146     -9.026224946976     -9.027282476425     -9.028406178951    
 -9.029564142227     -9.030762076378     -9.032033324242     -9.033344775438    
 -9.034710776806     -9.036157947779     -9.037652897835     -9.039222145081    
 -9.040881395340     -9.042597991228     -9.044415736198     -9.046333849430    
 -9.048321640491     -9.050447314978     -9.052685236931     -9.055009043217    
 -9.057521605492     -9.060159879923     -9.062905907631     -9.065912908316    
 -9.069059813023     -9.072369939089     -9.075993490219     -9.079797238111    
 -9.083847510815     -9.088278782368     -9.092944455147     -9.097981667519    
 -9.103486835957     -9.109304088354     -9.115693664551     -9.122691136599    
 -9.130121457577     -9.138446480036     -9.146348180090     -9.154499222977    
 -9.166554361857     -9.179167949848     -9.191493765513     -9.206011291851    
 -9.222670656045     -9.239644399285     -9.259078359604     -9.281146526337    
 -9.305220935128     -9.334071063995     -9.376730118531     -9.401318766390    
 -9.420231614794     -9.466418260336     -9.486993360519     -9.509676945209    
 -9.525425100327     -9.497874319553     -9.489284062386     -9.495964717865    
 -9.543692398071     -9.505571609736     -9.393866419793     -8.020457877716    
 -5.215216813487    -0.7395044734105    -0.4015861868858    -0.5199121641925    
-0.8165230898185    -0.9370656308718     -1.112227921188     -1.482312622852    
 -1.621108017163     -1.690002382663     -1.757182626147     -1.788361833384    
 -1.806317359488     -1.839545172406     -1.860665596649     -1.874868055293    
 -1.896860341821     -1.912956665829     -1.923999307677     -1.940050285030    
 -1.952870670706     -1.961922032759     -1.973817598075     -1.984059379902    
 -1.991275881045     -2.000167569704     -2.008307189867     -2.014069351926    
 -2.020882672630     -2.027440821938     -2.032097241282     -2.037543117721    
 -2.043075743131     -2.047155703884     -2.051842918992     -2.056825179607    
 -2.060793578625     -2.065373849776     -2.070478582755     -2.074986003712    
 -2.080263854004     -2.086440538522     -2.092534171790     -2.099867271259    
 -2.109194590151     -2.118556754850     -2.130095656961     -2.146517963149    
 -2.161509029567     -2.179565587640     -2.209271690994     -2.232860797085    
 -2.260252959281     -2.323514590040     -2.382536053658     -2.469367728755    
 -2.921723195165     -2.970489361882     0.7888609052210E-30 -8.991216659546    
 -8.991423039578     -8.991629419609     -8.991835799641     -8.992042179673    
 -8.992248559704     -8.992454939736     -8.992811275242     -8.993184211406    
 -8.993557147569     -8.993930083733     -8.994303019897     -8.994659592204    
 -8.994997190782     -8.995334789360     -8.995672387939     -8.996009986517    
 -8.996337256745     -8.996658096419     -8.996978936093     -8.997299775767    
 -8.997618259836     -8.997931137604     -8.998244015372     -8.998556893141    
 -8.998868870949     -8.999179724601     -8.999490578253     -8.999801465467    
 -9.000115208403     -9.000428951338     -9.000742694273     -9.001062285134    
 -9.001382174527     -9.001703893676     -9.002031967152     -9.002360040628    
 -9.002696073389     -9.003034196982     -9.003378818193     -9.003727347755    
 -9.004083614005     -9.004443319598     -9.004813221177     -9.005188163623    
 -9.005572223139     -9.005998272826     -9.006389939785     -9.006785678864    
 -9.007204645872     -9.007635653019     -9.008074223995     -9.008525967598    
 -9.008990532160     -9.009463906288     -9.009954392910     -9.010458040237    
 -9.010971724987     -9.011507153511     -9.012055850029     -9.012615919113    
 -9.013203340769     -9.013803815842     -9.014419519901     -9.015064191818    
 -9.015723913908     -9.016403853893     -9.017114543915     -9.017842578888    
 -9.018597060442     -9.019383847713     -9.020190536976     -9.021031260490    
 -9.021906155348     -9.022804164886     -9.023745775223     -9.024723005295    
 -9.025727164745     -9.026787328720     -9.027884292603     -9.029012799263    
 -9.030213755369     -9.031452190876     -9.032734352350     -9.034096693993    
 -9.035503387451     -9.036970353127     -9.038526552916     -9.040135598183    
 -9.041827040911     -9.043618440628     -9.045473641157     -9.047441554070    
 -9.049521744251     -9.051679956913     -9.053992837667     -9.056432318687    
 -9.058968716860     -9.061718618870     -9.064611339569     -9.067626476288    
 -9.070939391851     -9.074412703514     -9.078073143959     -9.082094645500    
 -9.086324363947     -9.090839087963     -9.095797687769     -9.101029610634    
 -9.106694924831     -9.112911641598     -9.119495964050     -9.126754236221    
 -9.134738421440     -9.143239367008     -9.152808040380     -9.162037723405    
 -9.171588346788     -9.185299774317     -9.200006565885     -9.214355723063    
 -9.231388186325     -9.250990336736     -9.270879848301     -9.293850644430    
 -9.319609975815     -9.347841679833     -9.378934741020     -9.394706391555    
 -9.419203814651     -9.467949833189     -9.497685658932     -9.522842741013    
 -9.511058723927     -9.487898778915     -9.492471694946     -9.522907876968    
 -9.557346487045     -9.445839738846     -8.654730848472     -7.281105836235    
 -2.803798458976    -0.3965967863798    -0.4045184358954    -0.6796380590646    
-0.8966559327673    -0.9850846108359     -1.311802825564     -1.589373970032    
 -1.658882123232     -1.726454010233     -1.781510733999     -1.796786513180    
 -1.824421753921     -1.854542093910     -1.868118462618     -1.886816416308    
 -1.907883771975     -1.918972063996     -1.932711092196     -1.948722179979    
 -1.957778743282     -1.968213530071     -1.980256244261     -1.987851663679    
 -1.995791106485     -2.004873959348     -2.011098797340     -2.017213352397    
 -2.024248958752     -2.029398807324     -2.034216032922     -2.039810273051    
 -2.044238582067     -2.048287096620     -2.053096795455     -2.057191426307    
 -2.060909273569     -2.065468727611     -2.069738223311     -2.073759183288    
 -2.078760638274     -2.083915312216     -2.089248741604     -2.095669598877    
 -2.103006135672     -2.111662769318     -2.121237627976     -2.132868937403    
 -2.148751623556     -2.163882931694     -2.182100158185     -2.211355157197    
 -2.235028593242     -2.262639391422     -2.325549501926     -2.384580089152    
 -2.471610358730     -2.923733241111     -2.972497349978     0.7888609052210E-30
 -8.991034746170     -8.991248474582     -8.991462202993     -8.991675931405    
 -8.991889659816     -8.992103388228     -8.992317116640     -8.992686403190    
 -8.993072910634     -8.993459418078     -8.993845925523     -8.994232432967    
 -8.994602362685     -8.994953070694     -8.995303778702     -8.995654486711    
 -8.996005194720     -8.996345657408     -8.996679741238     -8.997013825068    
 -8.997347908897     -8.997679702391     -8.998006044923     -8.998332387455    
 -8.998658729986     -8.998984423292     -8.999309305639     -8.999634187987    
 -8.999959109721     -9.000287382842     -9.000615655962     -9.000943929083    
 -9.001278736465     -9.001613877415     -9.001951033365     -9.002295186951    
 -9.002639340538     -9.002991872422     -9.003346605209     -9.003708367125    
 -9.004074357098     -9.004448645947     -9.004826624058     -9.005215526409    
 -9.005609818049     -9.006013809794     -9.006462041425     -9.006874167919    
 -9.007290720940     -9.007732003927     -9.008185982704     -9.008647972345    
 -9.009123969078     -9.009613645077     -9.010112738609     -9.010630190372    
 -9.011161518097     -9.011703461409     -9.012268722057     -9.012848085165    
 -9.013439536095     -9.014060199261     -9.014694881439     -9.015345919132    
 -9.016027998924     -9.016726255417     -9.017446255684     -9.018199235201    
 -9.018970727921     -9.019770383835     -9.020605206490     -9.021461594105    
 -9.022354698181     -9.023284602165     -9.024239468575     -9.025241672993    
 -9.026282453537     -9.027352452278     -9.028483748436     -9.029655057192    
 -9.030860662460     -9.032145690918     -9.033471775055     -9.034845757484    
 -9.036308073997     -9.037819236517     -9.039396774769     -9.041073185205    
 -9.042808270454     -9.044634926319     -9.046572923660     -9.048582106829    
 -9.050717234612     -9.052978479862     -9.055327451229     -9.057850629091    
 -9.060517048836     -9.063293200731     -9.066311824322     -9.069493335485    
 -9.072814464569     -9.076477074623     -9.080324292183     -9.084386885166    
 -9.088867759705     -9.093590348959     -9.098643910885     -9.104217141867    
 -9.110110831261     -9.116512960196     -9.123567521572     -9.131057119370    
 -9.139344406128     -9.148503571749     -9.158283162117     -9.169343829155    
 -9.180160008158     -9.191382435816     -9.207098065890     -9.224334236496    
 -9.241088358561     -9.261130918156     -9.284213238557     -9.307430613041    
 -9.334470844269     -9.364080011845     -9.395644094583     -9.433257979817    
 -9.483448696870     -9.498271100862     -9.494679433959     -9.523614984751    
 -9.495160484314     -9.490752041340     -9.503078341484     -9.548666477203    
 -9.497663521767     -9.289179720482     -7.915358952682     -4.869563995801    
-0.3906483054161    -0.3994294881821    -0.5418293122200    -0.8401175510758    
-0.9448358346087     -1.141562020290     -1.511310176784     -1.627126699197    
 -1.695921854302     -1.762800055998     -1.789991823956     -1.809375484288    
 -1.842418552935     -1.862028460437     -1.876919456664     -1.898693057010    
 -1.913914097473     -1.925410012854     -1.941348626371     -1.953614326101    
 -1.962731814012     -1.974683577754     -1.984451056644     -1.991670203209    
 -2.000547518209     -2.008272194769     -2.013931560703     -2.020657927077    
 -2.026846462861     -2.031388379633     -2.036648584530     -2.041725259274    
 -2.045471878722     -2.049810386263     -2.054230583459     -2.057653236203    
 -2.061557298526     -2.065708248783     -2.069211282395     -2.073241858929    
 -2.077724615112     -2.081909869704     -2.086807411164     -2.092535953969    
 -2.098397679627     -2.105481479317     -2.114502839744     -2.123673688620    
 -2.135029818863     -2.151241677813     -2.166098829359     -2.184037556872    
 -2.213602911681     -2.237107769959     -2.264446064085     -2.327682802454    
 -2.386616085470     -2.473334583640     -2.925751578808     -2.974474243820    
 0.7888609052210E-30 -8.990861892700     -8.991083067210     -8.991304241719    
 -8.991525416228     -8.991746590737     -8.991967765247     -8.992188939756    
 -8.992571404222     -8.992971724117     -8.993372044012     -8.993772363907    
 -8.994172683802     -8.994556248485     -8.994920385666     -8.995284522847    
 -8.995648660029     -8.996012797210     -8.996366728089     -8.996714304402    
 -8.997061880716     -8.997409457029     -8.997754917963     -8.998095344328    
 -8.998435770693     -8.998776197058     -8.999116104073     -8.999455362360    
 -8.999794620646     -9.000133927352     -9.000477353937     -9.000820780522    
 -9.001164207107     -9.001514843377     -9.001865847694     -9.002219025077    
 -9.002579749021     -9.002940472966     -9.003310346410     -9.003682623346    
 -9.004062339421     -9.004446530177     -9.004839644435     -9.005236725634    
 -9.005645557470     -9.006059990097     -9.006484561010     -9.006956147200    
 -9.007389831543     -9.007828283310     -9.008292967081     -9.008771002293    
 -9.009257584810     -9.009759306908     -9.010275405645     -9.010801482201    
 -9.011347293854     -9.011907982826     -9.012480032444     -9.013076829910    
 -9.013688731194     -9.014313578606     -9.014969575405     -9.015640592575    
 -9.016329133511     -9.017051005363     -9.017790228128     -9.018552768230    
 -9.019350844622     -9.020168900490     -9.021017372608     -9.021903812885    
 -9.022813463211     -9.023762512207     -9.024751633406     -9.025767922401    
 -9.026835680008     -9.027945399284     -9.029086911678     -9.030295228958    
 -9.031547313929     -9.032836914062     -9.034213453531     -9.035635232925    
 -9.037109792233     -9.038682055473     -9.040308207273     -9.042007553577    
 -9.043817114830     -9.045691919327     -9.047668433189     -9.049769639969    
 -9.051950597763     -9.054272699356     -9.056737118959     -9.059300565720    
 -9.062060773373     -9.064983677864     -9.068031346798     -9.071355962753    
 -9.074867039919     -9.078537940979     -9.082602316141     -9.086880087852    
 -9.091406822205     -9.096420288086     -9.101716041565     -9.107398557663    
 -9.113692533970     -9.120363950729     -9.127634465694     -9.135681390762    
 -9.144245892763     -9.153759241104     -9.164324551821     -9.175637769699    
 -9.188493013382     -9.201200260435     -9.214412041647     -9.232553094350    
 -9.252816155629     -9.272366460164     -9.295913071416     -9.322979253928    
 -9.349678580463     -9.380977725983     -9.413678507010     -9.447535629272    
 -9.482956398858     -9.484098573831     -9.492303984931     -9.500085345336    
 -9.483907586336     -9.494240117073     -9.528139287233     -9.548710954189    
 -9.438374012709     -8.550043757757     -6.936706794304     -2.458239179852    
-0.3954533636570    -0.4032519459723    -0.7024164963279    -0.9044692488852    
-0.9932249040110     -1.341178769618     -1.595387470792     -1.665044147475    
 -1.732223254419     -1.783173051290     -1.798620451754     -1.827421824913    
 -1.855836008210     -1.869605585933     -1.888826354500     -1.908858568873    
 -1.920028602006     -1.934063209034     -1.949376262724     -1.958546372131    
 -1.969177327957     -1.981060437858     -1.988304659631     -1.996318012103    
 -2.005228683725     -2.011161397025     -2.017276922241     -2.024082007632    
 -2.028925633896     -2.033686677739     -2.039064326230     -2.043132770807    
 -2.046973797865     -2.051365970448     -2.054969970882     -2.058329528384    
 -2.062271292787     -2.065744587034     -2.068983083405     -2.072917531431    
 -2.076720243506     -2.080410039052     -2.084963374119     -2.089769977331    
 -2.094872060046     -2.100982559472     -2.108069960028     -2.116585946828    
 -2.125921858102     -2.137348342687     -2.153143193573     -2.168102057651    
 -2.186161611788     -2.215392786264     -2.238967450149     -2.266475686431    
 -2.329445596784     -2.388383255899     -2.475249412656     -2.927499425411    
 -2.976219142973     0.7888609052210E-30 -8.990699052811     -8.990927790679    
 -8.991156528548     -8.991385266416     -8.991614004284     -8.991842742153    
 -8.992071480021     -8.992467292005     -8.992881599746     -8.993295907488    
 -8.993710215230     -8.994124522972     -8.994521964859     -8.994899850955    
 -8.995277737051     -8.995655623147     -8.996033509243     -8.996401303076    
 -8.996762813345     -8.997124323614     -8.997485833883     -8.997845337220    
 -8.998200064092     -8.998554790964     -8.998909517837     -8.999264052242    
 -8.999618346234     -8.999972640226     -9.000326990339     -9.000686115758    
 -9.001045241176     -9.001404366594     -9.001771565069     -9.002139175667    
 -9.002509115709     -9.002887145382     -9.003265175055     -9.003653065715    
 -9.004043546768     -9.004442042749     -9.004845359751     -9.005258255018    
 -9.005675408301     -9.006104876564     -9.006540451019     -9.006986947894    
 -9.007482572667     -9.007938969135     -9.008400487900     -9.008889579773    
 -9.009393215179     -9.009905970097     -9.010434579849     -9.010978639126    
 -9.011533379555     -9.012109100819     -9.012700748444     -9.013304543495    
 -9.013934659958     -9.014581090212     -9.015241503716     -9.015935081244    
 -9.016644823551     -9.017373424768     -9.018137788773     -9.018920809031    
 -9.019728910923     -9.020575171709     -9.021443057060     -9.022343987226    
 -9.023285627365     -9.024252390862     -9.025262188911     -9.026315277815    
 -9.027397835255     -9.028536647558     -9.029721093178     -9.030940175056    
 -9.032232642174     -9.033572924137     -9.034954190254     -9.036431461573    
 -9.037958514690     -9.039543646574     -9.041236996651     -9.042990118265    
 -9.044824445248     -9.046781772375     -9.048811793327     -9.050955057144    
 -9.053238809109     -9.055612325668     -9.058144569397     -9.060837906599    
 -9.063643443584     -9.066672295332     -9.069886970520     -9.073244172335    
 -9.076918017864     -9.080806905031     -9.084880113602     -9.089408475161    
 -9.094184851646     -9.099250578880     -9.104885649681     -9.110851883888    
 -9.117272067070     -9.124415695667     -9.132006311417     -9.140306693316    
 -9.149534821510     -9.159381073713     -9.170359992981     -9.182613337040    
 -9.195770740509     -9.210785210133     -9.225731444359     -9.241287899017    
 -9.262345109353     -9.286171664540     -9.308839607239     -9.336251719865    
 -9.367488678296     -9.397129400074     -9.431893189748     -9.464717197418    
 -9.495129688725     -9.527075282733     -9.548899296247     -9.506702512929    
 -9.464079924992     -9.501707422733     -9.548019742966     -9.487101852894    
 -9.183818682035     -7.809644758702     -4.525504636767    -0.3925803855062    
-0.3989930719137    -0.5634749432869    -0.8634446874881    -0.9531999254967    
 -1.171694301383     -1.540384338127     -1.633477933425     -1.702087446232    
 -1.768268619245     -1.791792444000     -1.812729550153     -1.845297272829    
 -1.863482465502     -1.879109386494     -1.900591265224     -1.915014617564    
 -1.926972871181     -1.942627257435     -1.954332376644     -1.963764229789    
 -1.975536393002     -1.984909996670     -1.992227692157     -2.001042991783    
 -2.008412791416     -2.014096174389     -2.020754035190     -2.026612461545    
 -2.031061862409     -2.036190383602     -2.040945596248     -2.044583042711    
 -2.048702137545     -2.052695764508     -2.055789516866     -2.059320902638    
 -2.062928564660     -2.065885975491     -2.069221892208     -2.072763722949    
 -2.075937727839     -2.079569192324     -2.083592765033     -2.087546800077    
 -2.092162866890     -2.097551304102     -2.103252178431     -2.110156239010    
 -2.118943739310     -2.127976244129     -2.139196706563     -2.155239844508    
 -2.169990096241     -2.187838422321     -2.217306549102     -2.240752417594    
 -2.268053280562     -2.331277688965     -2.390140190721     -2.476764308661    
 -2.929242120683     -2.977928403020     0.7888609052210E-30 -8.990545511246    
 -8.990781988365     -8.991018465485     -8.991254942605     -8.991491419724    
 -8.991727896844     -8.991964373963     -8.992373807607     -8.992802388214    
 -8.993230968821     -8.993659549428     -8.994088130036     -8.994499773004    
 -8.994891776948     -8.995283780892     -8.995675784837     -8.996067788781    
 -8.996449842201     -8.996825700305     -8.997201558410     -8.997577416514    
 -8.997951427684     -8.998321043180     -8.998690658676     -8.999060274171    
 -8.999430009622     -8.999799894911     -9.000169780200     -9.000539730099    
 -9.000915177630     -9.001290625160     -9.001666072690     -9.002050279425    
 -9.002434933310     -9.002822183568     -9.003218450440     -9.003614717312    
 -9.004021428750     -9.004430883882     -9.004849026828     -9.005272395540    
 -9.005705883675     -9.006143870397     -9.006595428899     -9.007053319981    
 -9.007522597661     -9.008044117656     -9.008524495363     -9.009010338783    
 -9.009525310993     -9.010055601597     -9.010595673323     -9.011153030396    
 -9.011726695299     -9.012311697006     -9.012919187546     -9.013543701172    
 -9.014181208611     -9.014846968651     -9.015530085564     -9.016228079796    
 -9.016961872578     -9.017713010311     -9.018484383821     -9.019294095039    
 -9.020123988390     -9.020981061459     -9.021879112720     -9.022800612450    
 -9.023758107424     -9.024759531021     -9.025788205862     -9.026863789558    
 -9.027986311913     -9.029140901566     -9.030357122421     -9.031622982025    
 -9.032926607132     -9.034311127663     -9.035748094320     -9.037230014801    
 -9.038818246126     -9.040461373329     -9.042168545723     -9.043996167183    
 -9.045890241861     -9.047874581814     -9.049996805191     -9.052200484276    
 -9.054531031847     -9.057020246983     -9.059610742331     -9.062380170822    
 -9.065333223343     -9.068414044380     -9.071748733521     -9.075296950340    
 -9.079008978605     -9.083085286617     -9.087410515547     -9.091949105263    
 -9.097017002106     -9.102374935150     -9.108071243763     -9.114437031746    
 -9.121193528175     -9.128485894203     -9.136639130116     -9.145324349403    
 -9.154854357243     -9.165497899055     -9.176882249117     -9.189622426033    
 -9.203909432888     -9.219288492203     -9.236892700195     -9.254445723125    
 -9.272705365505     -9.297223257652     -9.325070686218     -9.350884373983    
 -9.382016637542     -9.416765618324     -9.447077275813     -9.482041788101    
 -9.507452376684     -9.524696264845     -9.530236551497     -9.448851044361    
 -9.458778131434     -9.533402749470     -9.512743359804     -9.415954542160    
 -8.437598651648     -6.589690709116     -2.114188214145    -0.3957944273949    
-0.4234106162251    -0.7248312003288    -0.9126532957811     -1.003105258103    
 -1.371446268749     -1.602109381696     -1.672148280661     -1.738394694217    
 -1.785038681002     -1.800824449677     -1.830641238810     -1.857374581881    
 -1.871430208394     -1.890979416203     -1.909925921308     -1.921369836107    
 -1.935608824762     -1.950139710121     -1.959443624597     -1.970167414844    
 -1.981455033179     -1.988859520294     -1.996973067988     -2.005694381893    
 -2.011425050721     -2.017561383545     -2.024170991033     -2.028825169802    
 -2.033555140719     -2.038667102903     -2.042499237228     -2.046266006678    
 -2.050409271102     -2.053700245917     -2.056842732802     -2.060342549533    
 -2.063356448058     -2.066230881587     -2.069526057690     -2.072552377358    
 -2.075457167905     -2.078920032270     -2.082382924668     -2.085845841095    
 -2.090052348655     -2.094597085565     -2.099536423385     -2.105410826206    
 -2.112312496640     -2.120733119920     -2.129882630520     -2.141150647402    
 -2.156887122244     -2.171709254384     -2.189643678814     -2.218866753578    
 -2.242363647372     -2.269789377600     -2.332821039483     -2.391682203114    
 -2.478407009318     -2.930774263292     -2.979455915093     0.7888609052210E-30
 -8.990394830704     -8.990639222967     -8.990883615230     -8.991128007492    
 -8.991372399755     -8.991616792018     -8.991861184281     -8.992284869034    
 -8.992728402167     -8.993171935300     -8.993615468433     -8.994059001566    
 -8.994485438334     -8.994892052038     -8.995298665741     -8.995705279445    
 -8.996111893148     -8.996508837028     -8.996899760360     -8.997290683691    
 -8.997681607023     -8.998070850959     -8.998456097962     -8.998841344965    
 -8.999226591968     -8.999612234392     -8.999998370743     -9.000384507094    
 -9.000770717931     -9.001163266671     -9.001555815412     -9.001948364153    
 -9.002350739600     -9.002753616692     -9.003159246735     -9.003574437152    
 -9.003989627568     -9.004416304353     -9.004845998502     -9.005284918430    
 -9.005729387710     -9.006184749770     -9.006644954213     -9.007119473005    
 -9.007600845071     -9.008094445339     -9.008643033170     -9.009148883820    
 -9.009660577774     -9.010202902555     -9.010761797428     -9.011331152916    
 -9.011918807030     -9.012524110079     -9.013141560555     -9.013782680035    
 -9.014442205429     -9.015115755796     -9.015819561481     -9.016542184353    
 -9.017280936241     -9.018057656288     -9.018853187561     -9.019670665264    
 -9.020529341698     -9.021409839392     -9.022319757938     -9.023273998499    
 -9.024253630638     -9.025272262096     -9.026338398457     -9.027434271574    
 -9.028581762314     -9.029780107737     -9.031013369560     -9.032314360142    
 -9.033669614792     -9.035066241026     -9.036552345753     -9.038096112013    
 -9.039689302444     -9.041400814056     -9.043172872066     -9.045015567541    
 -9.046993732452     -9.049045801163     -9.051198053360     -9.053506153822    
 -9.055905795097     -9.058447647095     -9.061170160770     -9.064007598162    
 -9.067047452927     -9.070297700167     -9.073694288731     -9.077381461859    
 -9.081315398216     -9.085438632965     -9.089982724190     -9.094817501307    
 -9.099901437759     -9.105604022741     -9.111648428440     -9.118091624975    
 -9.125327467918     -9.133028000593     -9.141366350651     -9.150736171007    
 -9.160743808746     -9.171764570475     -9.184129357338     -9.197386282682    
 -9.212272977829     -9.229042476416     -9.247130084038     -9.267864882946    
 -9.288416481018     -9.309731468558     -9.338360135005     -9.370540259231    
 -9.399023310343     -9.432824079990     -9.468913903236     -9.494889675081    
 -9.523388576508     -9.529045764605     -9.522524138942     -9.515458459324    
 -9.504759590076     -9.515328150881     -9.424750668662     -9.031247276068    
 -7.684357142449     -4.176374781134    -0.3956913411617    -0.3978218585253    
-0.5844222396611    -0.8703220335904    -0.9642908027468     -1.204532093548    
 -1.570149831474     -1.641749936389     -1.709957879502     -1.774208300514    
 -1.794525178336     -1.816866311477     -1.848304058891     -1.865476317331    
 -1.881962923333     -1.902742693201     -1.916480664629     -1.928939285083    
 -1.944175200723     -1.955401423015     -1.965145516582     -1.976539374795    
 -1.985519152507     -1.993077547941     -2.001684959792     -2.008778509963    
 -2.014574464411     -2.021083775908     -2.026656069420     -2.031135175284    
 -2.036133085191     -2.040600817651     -2.044151092321     -2.048097215313    
 -2.051797575131     -2.054783029854     -2.058066331781     -2.061267064419    
 -2.063894718885     -2.066835898440     -2.069846514240     -2.072472634725    
 -2.075391228497     -2.078480153996     -2.081419510581     -2.084755854122    
 -2.088432472199     -2.092221183516     -2.096628842503     -2.101758607104    
 -2.107339000702     -2.114104515873     -2.122706141695     -2.131640698947    
 -2.142763214558     -2.158672437258     -2.173340981826     -2.191120810062    
 -2.220512261987     -2.243914170191     -2.271189277619     -2.334408087656    
 -2.393213397264     -2.479759441316     -2.932295551896     -2.980950902402    
 0.7888609052210E-30 -8.990256547928     -8.990509011683     -8.990761475437    
 -8.991013939192     -8.991266402946     -8.991518866701     -8.991771330456    
 -8.992209420077     -8.992668059207     -8.993126698338     -8.993585337468    
 -8.994043976598     -8.994485460413     -8.994907052809     -8.995328645205    
 -8.995750237601     -8.996171829997     -8.996583958942     -8.996990195829    
 -8.997396432715     -8.997802669602     -8.998207421899     -8.998608640897    
 -8.999009859896     -8.999411078894     -8.999813064418     -9.000216007424    
 -9.000618950429     -9.001021978581     -9.001432251811     -9.001842525041    
 -9.002252798271     -9.002673788485     -9.003095325792     -9.003519894137    
 -9.003954988593     -9.004390083049     -9.004837364719     -9.005287847860    
 -9.005748329202     -9.006214824514     -9.006692968185     -9.007176290132    
 -9.007675001256     -9.008180973131     -9.008699881239     -9.009276904954    
 -9.009809291363     -9.010347962379     -9.010919034481     -9.011507928371    
 -9.012107980251     -9.012727403641     -9.013365870714     -9.014017391205    
 -9.014694154263     -9.015390753746     -9.016102451086     -9.016846549511    
 -9.017610883713     -9.018392562866     -9.019214999676     -9.020057857037    
 -9.020924538374     -9.021835279465     -9.022769749165     -9.023736310005    
 -9.024750471115     -9.025792312622     -9.026876962185     -9.028012812138    
 -9.029181045294     -9.030406022072     -9.031686145067     -9.033004426956    
 -9.034397780895     -9.035850310326     -9.037348103523     -9.038945245743    
 -9.040605723858     -9.042320489883     -9.044167679548     -9.046081817150    
 -9.048074060678     -9.050218582153     -9.052445709705     -9.054784703255    
 -9.057300198078     -9.059918856621     -9.062697428465     -9.065682113171    
 -9.068797582388     -9.072142887115     -9.075730395317     -9.079486131668    
 -9.083575069904     -9.087950348854     -9.092545318604     -9.097629022598    
 -9.103053021431     -9.108768701553     -9.115211278200     -9.122058117390    
 -9.129376596212     -9.137638068199     -9.146454125643     -9.156031787395    
 -9.166850006580     -9.178434586525     -9.191235977411     -9.205659925938    
 -9.221155899763     -9.238602733612     -9.258323973417     -9.279614102840    
 -9.303973466158     -9.327716142791     -9.352164727024     -9.385281887054    
 -9.421308878141     -9.450632158915     -9.483898328001     -9.516311152776    
 -9.529029820859     -9.541488281886     -9.515854887168     -9.496163881186    
 -9.518224618170     -9.401761520092     -9.723312156541     -8.535291289645    
 -6.225542715194     -1.774960827829    -0.4021258220077    -0.4441555464348    
-0.7445600212230    -0.9188187817228     -1.035220785811     -1.403434570133    
 -1.610779832746     -1.680237791035     -1.745833160519     -1.788264004979    
 -1.803669570247     -1.834444169700     -1.859530928312     -1.873467937019    
 -1.893463882012     -1.911581045389     -1.922992294375     -1.937376143411    
 -1.951282602828     -1.960625163466     -1.971412875690     -1.982217256166    
 -1.989580719266     -1.997703821957     -2.006083597988     -2.011846157163    
 -2.018014439754     -2.024530485272     -2.028969949763     -2.033659040183    
 -2.038639360853     -2.042280864716     -2.045964311343     -2.049893375300    
 -2.052951982524     -2.055972132087     -2.059261847846     -2.061969212256    
 -2.064582481422     -2.067464451119     -2.070039136056     -2.072539846040    
 -2.075384834316     -2.078079328313     -2.080720612127     -2.083852080815    
 -2.087062328216     -2.090340100229     -2.094301111437     -2.098652095720    
 -2.103458048590     -2.109158527106     -2.115917733870     -2.124251635745    
 -2.133268123679     -2.144421843439     -2.160105095059     -2.174823608249    
 -2.192664070241     -2.221875766665     -2.245314576477     -2.272681089491    
 -2.335761470720     -2.394561424851     -2.481174180657     -2.933643759787    
 -2.982294188440     0.7888609052210E-30 -8.990106344223     -8.990367328971    
 -8.990628313720     -8.990889298468     -8.991150283217     -8.991411267965    
 -8.991672252713     -8.992125463140     -8.992599953702     -8.993074444264    
 -8.993548934826     -8.994023425387     -8.994480629841     -8.994917791222    
 -8.995354952604     -8.995792113986     -8.996229275368     -8.996657223992    
 -8.997079436641     -8.997501649291     -8.997923861941     -8.998344790359    
 -8.998762662329     -8.999180534299     -8.999598406269     -9.000017375562    
 -9.000437715537     -9.000858055513     -9.001278491681     -9.001707112678    
 -9.002135733676     -9.002564354674     -9.003004655178     -9.003445551911    
 -9.003889722013     -9.004345259780     -9.004800797547     -9.005269449628    
 -9.005741546720     -9.006224477193     -9.006713924000     -9.007215661140    
 -9.007722861946     -9.008246541411     -9.008778006394     -9.009323250196    
 -9.009929491539     -9.010489517450     -9.011056303978     -9.011657208204    
 -9.012277424335     -9.012909567356     -9.013562154770     -9.014235341549    
 -9.014922523499     -9.015636324883     -9.016371774673     -9.017123597860    
 -9.017909538746     -9.018717426062     -9.019544124603     -9.020414292812    
 -9.021306777000     -9.022225296497     -9.023190951347     -9.024182379246    
 -9.025208759308     -9.026286280155     -9.027393913269     -9.028548377752    
 -9.029758453369     -9.031003880501     -9.032311534882     -9.033679056168    
 -9.035088264942     -9.036580413580     -9.038137269020     -9.039743781090    
 -9.041460871696     -9.043247514963     -9.045093774796     -9.047088265419    
 -9.049156749249     -9.051311558485     -9.053638315201     -9.056057214737    
 -9.058600616455     -9.061344581842     -9.064205002785     -9.067245399952    
 -9.070521295071     -9.073946195841     -9.077632284164     -9.081597858667    
 -9.085757160187     -9.090298771858     -9.095173883438     -9.100304710865    
 -9.106002879143     -9.112100881338     -9.118541598320     -9.125838226080    
 -9.133614397049     -9.141950035095     -9.151410627365     -9.161535143852    
 -9.172571945190     -9.185105401278     -9.198561954498     -9.213483208418    
 -9.230365812778     -9.248536109924     -9.269037365913     -9.292274582386    
 -9.317361152172     -9.345931261778     -9.372986507416     -9.400525051355    
 -9.438681818522     -9.477776119241     -9.505550320943     -9.534089283726    
 -9.557090511322     -9.549675945938     -9.546144437790     -9.497629785538    
 -9.521300864653     -9.501601862908     -9.273642477989     -12.80190905841    
 -7.669697155559    -0.3650290966034    -0.3993833065033    -0.5931378185748    
-0.8407877968623    -0.9952176562510     -1.258978182450     -1.571863185428    
 -1.654261908680     -1.719881801121     -1.771119838580     -1.797562810546    
 -1.822963718045     -1.847148883669     -1.867697458342     -1.886302327272    
 -1.902282145806     -1.917809224967     -1.932216961682     -1.944291389454    
 -1.956220323220     -1.967507886048     -1.976803039759     -1.985971081071    
 -1.994772800058     -2.001870465465     -2.008861568198     -2.015677418560    
 -2.021189460531     -2.026568537019     -2.031833643094     -2.036095141526    
 -2.040254703164     -2.044295338541     -2.047772803903     -2.051119586919    
 -2.054332367517     -2.057250085659     -2.060074562207     -2.062809952535    
 -2.065395799465     -2.067914793734     -2.070360489190     -2.072825873736    
 -2.075303781033     -2.077802434564     -2.080399487913     -2.083072395157    
 -2.085917550512     -2.089035342541     -2.092386823148     -2.096106215939    
 -2.100365703925     -2.105255302973     -2.110772863030     -2.117441243492    
 -2.125867208466     -2.134747935086     -2.145811799914     -2.161601686850    
 -2.176211467013     -2.193944333121     -2.223267592490     -2.246641718969    
 -2.273909325898     -2.337133400142     -2.395885495841     -2.482354903966    
 -2.934971900284     -2.983593861759     0.7888609052210E-30 -8.990116834641    
 -8.990384346939     -8.990651859238     -8.990919371536     -8.991186883835    
 -8.991454396134     -8.991721908432     -8.992187060344     -8.992674091734    
 -8.993161123123     -8.993648154513     -8.994135185903     -8.994605410889    
 -8.995056149017     -8.995506887145     -8.995957625273     -8.996408363401    
 -8.996850636060     -8.997287638017     -8.997724639974     -8.998161641931    
 -8.998597709566     -8.999031553531     -8.999465397497     -8.999899241462    
 -9.000334800882     -9.000772503103     -9.001210205325     -9.001648021522    
 -9.002095535656     -9.002543049790     -9.002990563925     -9.003451074351    
 -9.003912248225     -9.004377028559     -9.004854333305     -9.005331638051    
 -9.005823199033     -9.006318504999     -9.006825523803     -9.007339587940    
 -9.007867012359     -9.008400376088     -9.008951577854     -9.009511082514    
 -9.010085227792     -9.010723813733     -9.011314910650     -9.011913323402    
 -9.012547624111     -9.013202965260     -9.013871181011     -9.014561271667    
 -9.015273678303     -9.016001236439     -9.016757577658     -9.017537426949    
 -9.018335008621     -9.019169068336     -9.020027369261     -9.020906448364    
 -9.021832019091     -9.022782123089     -9.023760849237     -9.024790430069    
 -9.025848448277     -9.026945185661     -9.028097128868     -9.029282402992    
 -9.030520087481     -9.031817495823     -9.033153867722     -9.034560394287    
 -9.036032044888     -9.037549698353     -9.039161175489     -9.040843272209    
 -9.042580002546     -9.044442689419     -9.046381938457     -9.048386812210    
 -9.050561457872     -9.052818429470     -9.055171447992     -9.057722234726    
 -9.060377001762     -9.063171768188     -9.066198962927     -9.069359087944    
 -9.072723221779     -9.076362490654     -9.080174297094     -9.084286093712    
 -9.088726300001     -9.093393301964     -9.098504900932     -9.104011559486    
 -9.109820818901     -9.116298341751     -9.123253262043     -9.130617380142    
 -9.139001291990     -9.147961735725     -9.157594799995     -9.168582272530    
 -9.180369257927     -9.193254876137     -9.207945173979     -9.223735642433    
 -9.241263216734     -9.261092662811     -9.282395428419     -9.306307387352    
 -9.333240908384     -9.362076532841     -9.393987685442     -9.421622187751    
 -9.448559441737     -9.487627992263     -9.519820546493     -9.530877304077    
 -9.533470466787     -9.522407423655     -9.487943036854     -9.504613240560    
 -9.520709663630     -9.457795274330     -9.528002337776     -3.187946320347    
 -1.350923084815     -1.330035811989    -0.4348927859216    -0.7240987498312    
-0.9251305360812     -1.110483518708     -1.425139960134     -1.611911389232    
 -1.713755970541     -1.755615970865     -1.788711274369     -1.814293980598    
 -1.838037102297     -1.859972711280     -1.879799555428     -1.896431214735    
 -1.912186494563     -1.926965591870     -1.939648783673     -1.951752737910    
 -1.963410823513     -1.973227131180     -1.982438128535     -1.991473202780    
 -1.999093008600     -2.006075482257     -2.013012174051     -2.018923414871    
 -2.024206509441     -2.029642731324     -2.034306916595     -2.038309356198    
 -2.042558570672     -2.046270953864     -2.049357033893     -2.052786304802    
 -2.055872910656     -2.058365493640     -2.061213123985     -2.063903423771    
 -2.066094483156     -2.068597299047     -2.071063537430     -2.073096094280    
 -2.075472307485     -2.077948097885     -2.080131513998     -2.082637802511    
 -2.085338087007     -2.087944780290     -2.090974033624     -2.094365481287    
 -2.097910082527     -2.102087805793     -2.107004171424     -2.112405862659    
 -2.119002579711     -2.127446627989     -2.136251036450     -2.147254049033    
 -2.163056500815     -2.177615035325     -2.195297217369     -2.224635475129    
 -2.247975031100     -2.275199212879     -2.338452329859     -2.397177538276    
 -2.483592944220     -2.936250034720     -2.984865696728     0.7888609052210E-30
 -8.990076541901     -8.990351598015     -8.990626654129     -8.990901710243    
 -8.991176766357     -8.991451822472     -8.991726878586     -8.992205652417    
 -8.992706978597     -8.993208304777     -8.993709630957     -8.994210957137    
 -8.994695725272     -8.995161294519     -8.995626863766     -8.996092433014    
 -8.996558002261     -8.997015760458     -8.997468655402     -8.997921550346    
 -8.998374445290     -8.998826694866     -8.999277408477     -8.999728122089    
 -9.000178835700     -9.000631854326     -9.001087752181     -9.001543650037    
 -9.001999676304     -9.002466628944     -9.002933581584     -9.003400534224    
 -9.003881696841     -9.004363584866     -9.004849457224     -9.005349166271    
 -9.005848875317     -9.006363826234     -9.006882781052     -9.007414477210    
 -9.007953837350     -9.008507445388     -9.009067387325     -9.009646726373    
 -9.010234849052     -9.010838409733     -9.011509731143     -9.012132614851    
 -9.012763404846     -9.013431799412     -9.014122962952     -9.014827859402    
 -9.015555763245     -9.016308397055     -9.017077493668     -9.017876684666    
 -9.018701767921     -9.019546258450     -9.020429444313     -9.021339374781    
 -9.022272229195     -9.023254054785     -9.024263346195     -9.025304681063    
 -9.026399517059     -9.027525842190     -9.028695416450     -9.029923933744    
 -9.031189203262     -9.032513052225     -9.033901214600     -9.035332238674    
 -9.036841821671     -9.038421893120     -9.040052545071     -9.041789084673    
 -9.043602633476     -9.045476204157     -9.047492468357     -9.049592888355    
 -9.051765441895     -9.054131788015     -9.056589329243     -9.059153264761    
 -9.061944651604     -9.064852803946     -9.067917454243     -9.071250659227    
 -9.074735426903     -9.078451347351     -9.082487881184     -9.086723542213    
 -9.091302347183     -9.096266746521     -9.101496291161     -9.107241570950    
 -9.113454389572     -9.120024889708     -9.127381026745     -9.135306519270    
 -9.143720030785     -9.153349298239     -9.163670361042     -9.174798518419    
 -9.187557601929     -9.201277405024     -9.216316902637     -9.233525228500    
 -9.252034235001     -9.272582525015     -9.295776426792     -9.320594227314    
 -9.348179411888     -9.378808742762     -9.411085999012     -9.444985598326    
 -9.469191425187     -9.490334725806     -9.526750761546     -9.541531872342    
 -9.526449966431     -9.496532048962     -9.462131324609     -9.515080346912    
 -9.474830802282     -9.452143635352     -9.471018873696    -0.5577223787715    
 0.3745820581935E-01 -1.647798247447     -1.743811455866    -0.7721395718729    
-0.9408707699117     -1.192727136047     -1.463319421513     -1.633764407947    
 -1.734550913610     -1.789149159612     -1.811926895473     -1.832037005713    
 -1.849860579707     -1.871231208462     -1.889804378431     -1.905113846483    
 -1.920462973788     -1.934485066216     -1.946378614940     -1.958020632341    
 -1.968972963095     -1.978476398066     -1.987314243801     -1.995661961660    
 -2.003041509166     -2.009800035600     -2.016161766835     -2.021859175991    
 -2.027063069120     -2.031928778719     -2.036437656172     -2.040534834005    
 -2.044279126450     -2.047837089188     -2.051100589521     -2.054020550381    
 -2.056955918297     -2.059684173670     -2.062078994699     -2.064573452156    
 -2.066971477494     -2.069111770205     -2.071363672614     -2.073586192261    
 -2.075599159673     -2.077799837291     -2.080068157986     -2.082249668427    
 -2.084636073560     -2.087158042938     -2.089770073071     -2.092720300797    
 -2.095960412174     -2.099509689212     -2.103637001291     -2.108438687585    
 -2.113836043328     -2.120402085595     -2.128758603707     -2.137555877119    
 -2.148544984311     -2.164285408519     -2.178829187527     -2.196502361260    
 -2.225803495944     -2.249138469063     -2.276368015259     -2.339601663873    
 -2.398312488198     -2.484715987369     -2.937352766842     -2.985962381959    
 0.7888609052210E-30 -8.990047931671     -8.990330648862     -8.990613366053    
 -8.990896083244     -8.991178800436     -8.991461517627     -8.991744234818    
 -8.992237076522     -8.992753179831     -8.993269283141     -8.993785386450    
 -8.994301489760     -8.994801287816     -8.995282180093     -8.995763072371    
 -8.996243964648     -8.996724856926     -8.997198510473     -8.997667657099    
 -8.998136803726     -8.998605950353     -8.999074835916     -8.999543100150    
 -9.000011364384     -9.000479628618     -9.000950777995     -9.001425531250    
 -9.001900284504     -9.002375182899     -9.002862431053     -9.003349679207    
 -9.003836927361     -9.004339823250     -9.004843517942     -9.005351560758    
 -9.005874703624     -9.006397846491     -9.006937316193     -9.007481074808    
 -9.008038806696     -9.008604943580     -9.009185909633     -9.009773467990    
 -9.010382707703     -9.011001025952     -9.011635306228     -9.012340633439    
 -9.012997663021     -9.013663029671     -9.014366912842     -9.015096366405    
 -9.015840607882     -9.016608572006     -9.017404109240     -9.018217575550    
 -9.019062250853     -9.019935917854     -9.020831024647     -9.021765971184    
 -9.022731250525     -9.023722529411     -9.024764794111     -9.025837779045    
 -9.026946604252     -9.028111648560     -9.029312103987     -9.030561721325    
 -9.031872969866     -9.033225035667     -9.034643727541     -9.036130189896    
 -9.037664091587     -9.039288353920     -9.040987235308     -9.042741477489    
 -9.044617801905     -9.046576380730     -9.048600167036     -9.050789535046    
 -9.053069692850     -9.055427670479     -9.058011287451     -9.060694360733    
 -9.063493466377     -9.066558933258     -9.069754749537     -9.073123610020    
 -9.076808559895     -9.080666136742     -9.084782814980     -9.089278519154    
 -9.094005197287     -9.099122762680     -9.104698824883     -9.110587215424    
 -9.117072641850     -9.124117112160     -9.131588089466     -9.139984321594    
 -9.149065065384     -9.158732533455     -9.169852554798     -9.181807351112    
 -9.194736051559     -9.209630990028     -9.225678265095     -9.243307113647    
 -9.263521784544     -9.285240554810     -9.309285712242     -9.336207389832    
 -9.364738392830     -9.395757293701     -9.429061758518     -9.462994027138    
 -9.494792282581     -9.506177071163     -9.509959213223     -9.538624950922    
 -9.523228913088     -9.492284138997     -9.479858693643     -9.400416939557    
 -9.401299480163     -9.198736408353     -2.642405807342    -0.3583415865895    
-0.2333203761220     0.5685475826291E-01 -1.720073207326     -1.935787467985    
-0.9965116671052     -1.292509404849     -1.475092038020     -1.606132007617    
 -1.730924249845     -1.800731278397     -1.834799963562     -1.852397630643    
 -1.867717435071     -1.881084785797     -1.899343641242     -1.915174932405    
 -1.928174065240     -1.941554907709     -1.953778458294     -1.964099447243    
 -1.974223921169     -1.983747432753     -1.991999171581     -1.999641580507    
 -2.006861131638     -2.013280486688     -2.019125503674     -2.024626773223    
 -2.029641369358     -2.034181931242     -2.038407922350     -2.042414321005    
 -2.046023821365     -2.049293123186     -2.052493495122     -2.055403552018    
 -2.057974908035     -2.060650956258     -2.063123481814     -2.065256412141    
 -2.067563586868     -2.069779653475     -2.071719445009     -2.073832440190    
 -2.075926620234     -2.077784879506     -2.079879620764     -2.082058165222    
 -2.084119560197     -2.086421994120     -2.088880261220     -2.091400734335    
 -2.094283956569     -2.097478106618     -2.100957854465     -2.105031896010    
 -2.109799280204     -2.115144921839     -2.121668555774     -2.129999876395    
 -2.138761289790     -2.149720386416     -2.165448323265     -2.179959435016    
 -2.197602719255     -2.226903403550     -2.250221968815     -2.277435214072    
 -2.340692156926     -2.399380156398     -2.485739212483     -2.938418023288    
 -2.987010143697     0.7888609052210E-30 -8.990032672882     -8.990323246586    
 -8.990613820289     -8.990904393993     -8.991194967697     -8.991485541400    
 -8.991776115104     -8.992283359988     -8.992814591220     -8.993345822451    
 -8.993877053683     -8.994408284914     -8.994923494864     -8.995420128296    
 -8.995916761728     -8.996413395160     -8.996910028592     -8.997400231063    
 -8.997886429541     -8.998372628018     -8.998858826495     -8.999345140422    
 -8.999831729116     -9.000318317810     -9.000804906504     -9.001295002385    
 -9.001789479151     -9.002283955917     -9.002778595328     -9.003287073914    
 -9.003795552500     -9.004304031086     -9.004829703532     -9.005356253709    
 -9.005887522447     -9.006435177677     -9.006982832907     -9.007548178223    
 -9.008118170565     -9.008703284267     -9.009297493544     -9.009907462102    
 -9.010524436445     -9.011165438411     -9.011815687258     -9.012482274116    
 -9.013223463766     -9.013917219639     -9.014619731903     -9.015361350775    
 -9.016131758690     -9.016918063164     -9.017728567123     -9.018570238352    
 -9.019431519508     -9.020324468613     -9.021250462532     -9.022200500965    
 -9.023191237450     -9.024216437340     -9.025271177292     -9.026377755404    
 -9.027519774437     -9.028703141212     -9.029944014549     -9.031224995852    
 -9.032562482357     -9.033963567019     -9.035410547256     -9.036934775114    
 -9.038529038429     -9.040175926685     -9.041928195953     -9.043758141994    
 -9.045648598671     -9.047681987286     -9.049802064896     -9.051992547512    
 -9.054377722740     -9.056859487295     -9.059424042702     -9.062255537510    
 -9.065194463730     -9.068258726597     -9.071638703346     -9.075163751841    
 -9.078878819942     -9.082970297337     -9.087258720398     -9.091836285591    
 -9.096867203712     -9.102167487144     -9.107912302017     -9.114207828045    
 -9.120873987675     -9.128232449293     -9.136265110970     -9.144810175896    
 -9.154447579384     -9.164913773537     -9.176090359688     -9.189007979631    
 -9.202935540676     -9.218041366339     -9.235514473915     -9.254358679056    
 -9.275081002712     -9.298818928003     -9.324213433266     -9.352101588249    
 -9.382705628872     -9.414463913441     -9.447353792191     -9.479981297255    
 -9.510790097713     -9.532237380743     -9.514115660531     -9.481608951517    
 -9.511219651149     -9.490958641534     -9.503490988413     -9.350688624274    
 -8.988026887579     -8.226398902355    -0.2436229844886    -0.2968331705778    
-0.2509542610494    -0.2246582989894     -1.062451331608     -1.416027889464    
 -1.643407347745     -1.230199188646     -1.473985748738     -1.602161312872    
 -1.683582337713     -1.790458053234     -1.847407696210     -1.872190598631    
 -1.885418158490     -1.897229137365     -1.907825903967     -1.923525902256    
 -1.937227654830     -1.948598120734     -1.960121100396     -1.970703362953    
 -1.979760142975     -1.988447042555     -1.996624717116     -2.003807950113    
 -2.010360447690     -2.016564483568     -2.022237715870     -2.027288378123    
 -2.032014067844     -2.036474246532     -2.040435299650     -2.044080987293    
 -2.047685731016     -2.050876830425     -2.053713377565     -2.056625871919    
 -2.059234909527     -2.061489914265     -2.063951612264     -2.066209988669    
 -2.068115491420     -2.070256503019     -2.072314833105     -2.074090785254    
 -2.076075821184     -2.078051631991     -2.079787608609     -2.081783553306    
 -2.083873078227     -2.085841816850     -2.088067444786     -2.090458660293    
 -2.092910256796     -2.095734295901     -2.098877571523     -2.102303870954    
 -2.106330754980     -2.111058321036     -2.116364303231     -2.122851440683    
 -2.131151304394     -2.139885918051     -2.150821269304     -2.166530427895    
 -2.181015241891     -2.198635768890     -2.227933017164     -2.251237783022    
 -2.278438854218     -2.341717895120     -2.400384216011     -2.486701087281    
 -2.939419963211     -2.987997843325     0.7888609052210E-30 -8.990035057068    
 -8.990333741350     -8.990632425633     -8.990931109916     -8.991229794198    
 -8.991528478481     -8.991827162763     -8.992349151979     -8.992895861925    
 -8.993442571871     -8.993989281817     -8.994535991763     -8.995067052525    
 -8.995579968214     -8.996092883903     -8.996605799592     -8.997118715281    
 -8.997626014396     -8.998129816564     -8.998633618731     -8.999137420899    
 -8.999641725762     -9.000147227032     -9.000652728302     -9.001158229572    
 -9.001668000005     -9.002183103119     -9.002698206234     -9.003213490774    
 -9.003744212620     -9.004274934466     -9.004805656312     -9.005355235541    
 -9.005905777423     -9.006461472132     -9.007035061443     -9.007608650754    
 -9.008201256350     -9.008798857352     -9.009412947968     -9.010036957170    
 -9.010677657717     -9.011325778398     -9.012000176191     -9.012684299711    
 -9.013385557487     -9.014165150239     -9.014897662401     -9.015639519691    
 -9.016421663761     -9.017235696316     -9.018066877127     -9.018923330307    
 -9.019814437628     -9.020726931095     -9.021672338247     -9.022654604912    
 -9.023663467169     -9.024715030193     -9.025804936886     -9.026927709579    
 -9.028105652332     -9.029323112965     -9.030586677790     -9.031911110878    
 -9.033280402422     -9.034713351727     -9.036214160919     -9.037766051292    
 -9.039405113459     -9.041119873524     -9.042893016338     -9.044785070419    
 -9.046761989594     -9.048806166649     -9.051012814045     -9.053314828873    
 -9.055694997311     -9.058297753334     -9.061008113623     -9.063810706139    
 -9.066919833422     -9.070150125027     -9.073521775007     -9.077258634567    
 -9.081161320210     -9.085280632973     -9.089838904142     -9.094625568390    
 -9.099746543169     -9.105400383472     -9.111370295286     -9.117860913277    
 -9.125004649162     -9.132588088512     -9.140993386507     -9.150205826759    
 -9.160032093525     -9.171170711517     -9.183308684826     -9.196303248405    
 -9.211403650045     -9.227719628811     -9.245453780890     -9.266021990776    
 -9.288188397884     -9.312534046173     -9.340221548080     -9.369538497925    
 -9.401154583693     -9.434290170670     -9.467111867666     -9.497367763519    
 -9.521595662832     -9.540122294426     -9.542027056217     -9.477625758307    
 -9.395373296312     -9.503964476585     -9.560823765169     -9.238268828392    
 -8.686017697945    -0.8049130054092    -0.8520316178944E-01-0.3007041076815    
-0.3159521220118     -1.314427250205    -0.6590865593404     -1.246409653976    
 -1.696987102926     -1.831051431863     -1.342615699768     -1.567009367794    
 -1.674869880895     -1.737333271326     -1.834971310222     -1.884688328393    
 -1.903700817749     -1.913666616753     -1.922771056835     -1.931137189269    
 -1.944760605320     -1.956630768627     -1.966455470398     -1.976376004145    
 -1.985475482419     -1.993248494342     -2.000737438258     -2.007802343369    
 -2.014029370807     -2.019653109834     -2.024993486889     -2.029992612451    
 -2.034374526516     -2.038459003530     -2.042416315991     -2.045889037475    
 -2.049064743705     -2.052310699224     -2.055146068614     -2.057629507035    
 -2.060283993464     -2.062639103457     -2.064644940943     -2.066906413063    
 -2.068975141272     -2.070701394603     -2.072692273837     -2.074609278142    
 -2.076251807809     -2.078124210238     -2.079994407669     -2.081627382338    
 -2.083535767067     -2.085544434376     -2.087431431282     -2.089585483819    
 -2.091912098601     -2.094306543097     -2.097076827381     -2.100169260055    
 -2.103553855047     -2.107540598139     -2.112229847349     -2.117502199858    
 -2.123958091252     -2.132229897752     -2.140940091014     -2.151854245365    
 -2.167547972128     -2.182008054107     -2.199606763199     -2.228901207447    
 -2.252193917334     -2.279384366423     -2.342683287337     -2.401329320669    
 -2.487607317045     -2.940365526825     -2.988930049539     0.7888609052210E-30
 -8.990046739578     -8.990353866680     -8.990660993782     -8.990968120884    
 -8.991275247986     -8.991582375089     -8.991889502191     -8.992426525464    
 -8.992988999143     -8.993551472822     -8.994113946501     -8.994676420180    
 -8.995223769528     -8.995753582362     -8.996283395197     -8.996813208032    
 -8.997343020867     -8.997867907634     -8.998389727372     -8.998911547110    
 -8.999433366848     -8.999956183024     -9.000481370707     -9.001006558390    
 -9.001531746072     -9.002061883297     -9.002598203076     -9.003134522855    
 -9.003671045488     -9.004224828647     -9.004778611807     -9.005332394966    
 -9.005906918588     -9.006482500991     -9.007063622332     -9.007663979144    
 -9.008264335956     -9.008885551220     -9.009512245810     -9.010156256307    
 -9.010810682411     -9.011484125547     -9.012166022700     -9.012873970720    
 -9.013593678654     -9.014333722724     -9.015159829157     -9.015927624702    
 -9.016706681252     -9.017534929514     -9.018393039703     -9.019269818068    
 -9.020178961754     -9.021120345592     -9.022083902359     -9.023090600967    
 -9.024131250381     -9.025197809935     -9.026320660114     -9.027479058504    
 -9.028667926788     -9.029929864407     -9.031228387356     -9.032569593191    
 -9.033992552757     -9.035459160805     -9.036984705925     -9.038602370024    
 -9.040272617340     -9.042023491859     -9.043877720833     -9.045796269178    
 -9.047825860977     -9.049971860647     -9.052197360992     -9.054575562477    
 -9.057085037231     -9.059694206715     -9.062515163422     -9.065483987331    
 -9.068579554558     -9.071971273422     -9.075528967381     -9.079280298948    
 -9.083391118050     -9.087716400623     -9.092336893082     -9.097399032116    
 -9.102742457390     -9.108538103104     -9.114883124828     -9.121602547169    
 -9.129020595551     -9.137130600214     -9.145746684074     -9.155454754829    
 -9.166040778160     -9.177319335937     -9.190323662758     -9.204436326027    
 -9.219498991966     -9.237286531925     -9.256415927410     -9.277110821009    
 -9.301327490807     -9.327203512192     -9.355264925957     -9.386845350265    
 -9.419380497932     -9.452624177933     -9.484103500843     -9.511497944593    
 -9.527040481567     -9.527309608459     -9.523534142971     -9.534848421812    
 -9.532372399739     -9.530788864408     -9.427777155729     -9.457837948480    
 -8.207652587785    -0.5275403891380E-01 0.5256532728641E-01-0.7867606690876E-01
-0.2691343716200    -0.8040181652226     -1.401347443160     -1.013324301773    
 -1.466355304489     -1.851564715028     -1.934688646480     -1.408730440494    
 -1.625107016787     -1.723501770676     -1.776583490078     -1.868843530130    
 -1.914254979603     -1.929737170599     -1.937432689220     -1.944493202120    
 -1.951009424403     -1.962949134223     -1.973243931308     -1.981619663537    
 -1.990270321071     -1.998156209476     -2.004781810567     -2.011240146868    
 -2.017360093072     -2.022787088063     -2.027653922327     -2.032282027137    
 -2.036674527824     -2.040497242659     -2.044059528224     -2.047582262661    
 -2.050641763955     -2.053424402885     -2.056358942017     -2.058897428401    
 -2.061096441001     -2.063518807106     -2.065653254837     -2.067451797798    
 -2.069540783763     -2.071445327718     -2.073016038723     -2.074875484128    
 -2.076668923721     -2.078195731621     -2.079964629374     -2.081738947704    
 -2.083289244771     -2.085118349921     -2.087051709555     -2.088876937982    
 -2.090969245881     -2.093235083576     -2.095580182783     -2.098303600401    
 -2.101351290941     -2.104697639309     -2.108648055792     -2.113303218409    
 -2.118545447290     -2.124972946011     -2.133218600973     -2.141907672770    
 -2.152803117782     -2.168481504731     -2.182919960469     -2.200499694236    
 -2.229790285975     -2.253072784841     -2.280254819244     -2.343570748344    
 -2.402198211849     -2.488441507518     -2.941238281131     -2.989789560437    
 0.7888609052210E-30 -8.990090847015     -8.990406377850     -8.990721908684    
 -8.991037439519     -8.991352970353     -8.991668501187     -8.991984032022    
 -8.992535907803     -8.993113947895     -8.993691987986     -8.994270028078    
 -8.994848068169     -8.995411714050     -8.995958669986     -8.996505625922    
 -8.997052581859     -8.997599537795     -8.998142174609     -8.998682122285    
 -8.999222069961     -8.999762017637     -9.000303633473     -9.000849219498    
 -9.001394805524     -9.001940391549     -9.002491491668     -9.003049479530    
 -9.003607467391     -9.004165688771     -9.004743779801     -9.005321870831    
 -9.005899961861     -9.006499989359     -9.007101136694     -9.007708497376    
 -9.008337435604     -9.008966373832     -9.009617055244     -9.010273448393    
 -9.010949416654     -9.011637159444     -9.012343997987     -9.013059325543    
 -9.013805633319     -9.014563015784     -9.015340520083     -9.016216462604    
 -9.017022478580     -9.017842268944     -9.018721657991     -9.019625425339    
 -9.020549702644     -9.021517968178     -9.022512090206     -9.023528480530    
 -9.024604141712     -9.025706696510     -9.026832586527     -9.028036797047    
 -9.029268544912     -9.030523896217     -9.031882923841     -9.033269989491    
 -9.034689766169     -9.036226487160     -9.037801116705     -9.039420807362    
 -9.041172742844     -9.042976236343     -9.044841635227     -9.046856582165    
 -9.048942053318     -9.051113057137     -9.053453147411     -9.055890166759    
 -9.058446973562     -9.061194086075     -9.064074361324     -9.067125296593    
 -9.070389521122     -9.073836565018     -9.077531099319     -9.081462848186    
 -9.085671347380     -9.090194058418     -9.095003098249     -9.100228369236    
 -9.105860143900     -9.111844420433     -9.118455529213     -9.125600636005    
 -9.133191311359     -9.141733217239     -9.150983923674     -9.160815107822    
 -9.172106295824     -9.184338331223     -9.197347134352     -9.212620794773    
 -9.229112523794     -9.246648311615     -9.267674612999     -9.290132141113    
 -9.314259433746     -9.342638349533     -9.372476160526     -9.404081320763    
 -9.438737881184     -9.472324395180     -9.502255004644     -9.523667275906    
 -9.534604716301     -9.519144392014     -9.516140568256     -9.519011151791    
 -9.523741751909     -9.801431202888     -10.08993581496     -7.885525300601    
 0.1242756237736    -0.5630053098178    -0.1260902072405     0.3022988566298E-01
 -1.245300805832    -0.6312834046780     -1.081636967635     -1.667621030400    
 -1.209142419448     -1.598715689550     -1.949160679934     -2.001369397023    
 -1.454645113740     -1.666931117326     -1.760163129668     -1.807946578390    
 -1.896783794684     -1.939330318198     -1.952341464721     -1.958108283207    
 -1.963394351397     -1.968268347904     -1.978790673427     -1.987719178386    
 -1.994788226020     -2.002296792716     -2.009122383315     -2.014796609618    
 -2.020370256994     -2.025672714785     -2.030406141933     -2.034622938372    
 -2.038644585386     -2.042532365024     -2.045869996771     -2.048973903246    
 -2.052137126680     -2.054844790325     -2.057286664098     -2.059955757856    
 -2.062238541245     -2.064190201461     -2.066413050704     -2.068357243575    
 -2.069976337347     -2.071911296993     -2.073673019186     -2.075115446001    
 -2.076857035141     -2.078541129455     -2.079973475821     -2.081652594730    
 -2.083342287969     -2.084820456430     -2.086581185553     -2.088449346833    
 -2.090217681136     -2.092256905138     -2.094472276606     -2.096769744903    
 -2.099449569639     -2.102457128465     -2.105768445879     -2.109685943648    
 -2.114310651831     -2.119525463879     -2.125927204266     -2.134149349481    
 -2.142819236778     -2.153697950393     -2.169363356009     -2.183782162145    
 -2.201344311051     -2.230630868673     -2.253903799690     -2.281078196317    
 -2.344410629943     -2.403020691872     -2.489231195301     -2.942064784467    
 -2.990603442490     0.7888609052210E-30 -8.990248441696     -8.990567314480    
 -8.990886187264     -8.991205060048     -8.991523932831     -8.991842805615    
 -8.992161678399     -8.992728731231     -8.993323258565     -8.993917785899    
 -8.994512313233     -8.995106840567     -8.995685056444     -8.996244359348    
 -8.996803662253     -8.997362965157     -8.997922268062     -8.998481596815    
 -8.999040941661     -8.999600286507     -9.000159631353     -9.000720272039    
 -9.001283996803     -9.001847721568     -9.002411446332     -9.002982146329    
 -9.003561559203     -9.004140972076     -9.004720670507     -9.005324666559    
 -9.005928662612     -9.006532658665     -9.007154567151     -9.007777390051    
 -9.008409745908     -9.009075207558     -9.009740669208     -9.010413453006    
 -9.011088160267     -9.011803830155     -9.012544139274     -9.013273000227    
 -9.013996771901     -9.014817967298     -9.015613552051     -9.016374546297    
 -9.017172998588     -9.018133825064     -9.019085884094     -9.019951790571    
 -9.020945906639     -9.021958905458     -9.022906637192     -9.023995399475    
 -9.025130712986     -9.026177316904     -9.027376890182     -9.028662091494    
 -9.029827558994     -9.031155830622     -9.032623648643     -9.033932542801    
 -9.035411381721     -9.037088489532     -9.038587427139     -9.040244191885    
 -9.042177236080     -9.043912994862     -9.045781755447     -9.048030477762    
 -9.050064504147     -9.052189403772     -9.054831910133     -9.057245463133    
 -9.059684705734     -9.062824904919     -9.065726828575     -9.068558681011    
 -9.072336745262     -9.075874525309     -9.079206347466     -9.083814829588    
 -9.088191783428     -9.092298620939     -9.097884392738     -9.103384375572    
 -9.108549904823     -9.115433895588     -9.122460079193     -9.129103189707    
 -9.137750864029     -9.146884876490     -9.155635452271     -9.166733282804    
 -9.178823435307     -9.190633624792     -9.205195307732     -9.221476119757    
 -9.237750279903     -9.257202458382     -9.279378652573     -9.301909810305    
 -9.327840685844     -9.357737898827     -9.387326121330     -9.419333249331    
 -9.455251824856     -9.483910244703     -9.508155655861     -9.525441861153    
 -9.514770746231     -9.500684767961     -9.503173232079     -9.507935297489    
 -9.496884405613     -9.393304556608     -9.468386363983     -7.863053324825    
 0.3575586086605     0.3392999253487E-01-0.3551301793857    -0.1287512823110    
-0.5587855022029     -1.326610678364    -0.9591095323364     -1.285012645275    
 -1.819087178973     -1.328373746077     -1.686919087906     -2.017196666475    
 -2.049324199158     -1.489086442348     -1.699182000384     -1.789349878870    
 -1.833828189434     -1.920170426427     -1.960499783605     -1.971509972960    
 -1.975786747038     -1.979613613430     -1.983054844663     -1.992356388550    
 -2.000118651800     -2.006085087638     -2.012586196139     -2.018495390657    
 -2.023386233114     -2.028219723515     -2.032834037021     -2.036978664715    
 -2.040642370470     -2.044148600101     -2.047610831261     -2.050542509742    
 -2.053262803145     -2.056117385160     -2.058533580974     -2.060698252171    
 -2.063132524490     -2.065198195353     -2.066947922111     -2.068996103294    
 -2.070778371952     -2.072250409331     -2.074054327607     -2.075693425722    
 -2.077024560794     -2.078666079044     -2.080256184563     -2.081603636499    
 -2.083207418211     -2.084825656470     -2.086235753447     -2.087937175203    
 -2.089750252664     -2.091465309262     -2.093457493186     -2.095629788749    
 -2.097884969041     -2.100525411405     -2.103496078402     -2.106775227003    
 -2.110663184524     -2.115261419117     -2.120450756699     -2.126829028130    
 -2.135030779988     -2.143682912923     -2.154546528310     -2.170201732405    
 -2.184601768851     -2.202146859094     -2.231430629641     -2.254694485478    
 -2.281861376762     -2.345210310072     -2.403804008663     -2.489983054623    
 -2.942850529402     -2.991377706826     0.7888609052210E-30 -8.990169048309    
 -8.990504611296     -8.990840174284     -8.991175737271     -8.991511300258    
 -8.991846863245     -8.992182426232     -8.992765532531     -8.993376042844    
 -8.993986553156     -8.994597063469     -8.995207573781     -8.995806239242    
 -8.996391170714     -8.996976102186     -8.997561033658     -8.998145965130    
 -8.998726673988     -8.999304753796     -8.999882833604     -9.000460913412    
 -9.001042374659     -9.001631883671     -9.002221392684     -9.002810901697    
 -9.003407223247     -9.004012054448     -9.004616885650     -9.005221989057    
 -9.005850254026     -9.006478518994     -9.007106783963     -9.007764630563    
 -9.008423987279     -9.009089104147     -9.009774224712     -9.010459345278    
 -9.011178772803     -9.011907212456     -9.012647416849     -9.013394697793    
 -9.014182194820     -9.014987569899     -9.015793370270     -9.016632994040    
 -9.017527048778     -9.018568818436     -9.019404739141     -9.020270061493    
 -9.021285748482     -9.022274315357     -9.023288846016     -9.024417042732    
 -9.025514072180     -9.026625180244     -9.027889907360     -9.029119300842    
 -9.030343711376     -9.031773328781     -9.033163976669     -9.034521222115    
 -9.036151063442     -9.037739491463     -9.039279603958     -9.041128706932    
 -9.042961418629     -9.044726705551     -9.046841257811     -9.048978686333    
 -9.051024705172     -9.053463995457     -9.055985307693     -9.058386754990    
 -9.061228567362     -9.064238548279     -9.067097008228     -9.070445275307    
 -9.074084502459     -9.077541697025     -9.081538456678     -9.085997700691    
 -9.090255016088     -9.095098912716     -9.100627154112     -9.105990314484    
 -9.111964851618     -9.118939602375     -9.125830364227     -9.133351135254    
 -9.142323786020     -9.151362717152     -9.161051404476     -9.172839665413    
 -9.184947270155     -9.197745501995     -9.213561564684     -9.230081343651    
 -9.247393286228     -9.268933320045     -9.291639143229     -9.315344214439    
 -9.344320040941     -9.374559545517     -9.406273341179     -9.440467000008    
 -9.473614722490     -9.504758298397     -9.520942473412     -9.526247048378    
 -9.513192278147     -9.505974113941     -9.514955633879     -9.572099494934    
 -9.481576591730     -9.145571585497     -7.820378214121    -0.9670702298510    
  7.196784533907    -0.3584156540042    -0.2827952466276E-01 -1.985902075063    
-0.5998467129469    -0.8871732334768     -1.575377434957     -1.138579623029    
 -1.405034872642     -1.916570388428     -1.409548594058     -1.750544910775    
 -2.068019800452     -2.086249162576     -1.517106969375     -1.725923070684    
 -1.814028086246     -1.856160382950     -1.940514268877     -1.979023813084    
 -1.988350483030     -1.991315224767     -1.993831886817     -1.995964480564    
 -2.004150138330     -2.010879274458     -2.015909135342     -2.021561840922    
 -2.026683275588     -2.030871630833     -2.035064736474     -2.039084941149    
 -2.042714175303     -2.045899781398     -2.048960395716     -2.052047998831    
 -2.054636486433     -2.057034764811     -2.059606952593     -2.061769047007    
 -2.063699636795     -2.065927871317     -2.067804228235     -2.069378975779    
 -2.071274131723     -2.072914149240     -2.074256505258     -2.075945991650    
 -2.077476981562     -2.078708093055     -2.080263675004     -2.081771715358    
 -2.083040049206     -2.084576511756     -2.086131518707     -2.087480211630    
 -2.089128371514     -2.090892027505     -2.092558881734     -2.094508641958    
 -2.096642154362     -2.098858897947     -2.101463694498     -2.104401107878    
 -2.107650911063     -2.111512035504     -2.116086368077     -2.121252353489    
 -2.127609152347     -2.135792365670     -2.144428353198     -2.155278243870    
 -2.170924190804     -2.185307001695     -2.202836391889     -2.232117515802    
 -2.255373466201     -2.282533956319     -2.345897616819     -2.404476317763    
 -2.490627143905     -2.943530669063     -2.992046426237     0.7888609052210E-30
 -8.990320444107     -8.990657629210     -8.990994814313     -8.991331999416    
 -8.991669184519     -8.992006369621     -8.992343554724     -8.992947430536    
 -8.993580830052     -8.994214229568     -8.994847629084     -8.995481028600    
 -8.996097769785     -8.996695195798     -8.997292621812     -8.997890047826    
 -8.998487473839     -8.999088179155     -8.999690926203     -9.000293673251    
 -9.000896420300     -9.001501093477     -9.002110350810     -9.002719608142    
 -9.003328865474     -9.003947255629     -9.004577053740     -9.005206851852    
 -9.005836993248     -9.006496344244     -9.007155695239     -9.007815046235    
 -9.008494859151     -9.009175716629     -9.009868279675     -9.010601493499    
 -9.011334707322     -9.012073199772     -9.012813078871     -9.013604657006    
 -9.014427332378     -9.015230365266     -9.016024666091     -9.016944757581    
 -9.017827871962     -9.018659261309     -9.019511067529     -9.020615953207    
 -9.021704673767     -9.022653490305     -9.023780286312     -9.024928414822    
 -9.025969672203     -9.027207911015     -9.028507196903     -9.029660731554    
 -9.031028985977     -9.032515060902     -9.033804583549     -9.035324543715    
 -9.037042021751     -9.038497674465     -9.040195405483     -9.042175561190    
 -9.043860673904     -9.045769304037     -9.048074901104     -9.050051492453    
 -9.052212882042     -9.054924660921     -9.057274878025     -9.059743827581    
 -9.062970113754     -9.065804958344     -9.068654322624     -9.072540402412    
 -9.076011729240     -9.079341822863     -9.084087765217     -9.088405668736    
 -9.092356681824     -9.098243373632     -9.103703844547     -9.108667057753    
 -9.115906357765     -9.122932821512     -9.129315268993     -9.138384640217    
 -9.147592043877     -9.156010824442     -9.167614281178     -9.179906171560    
 -9.191308164597     -9.206487512588     -9.223184740543     -9.238996773958    
 -9.259227561951     -9.282152587175     -9.304267799854     -9.331204468012    
 -9.362273812294     -9.391732144356     -9.424910628796     -9.462429291010    
 -9.491010546684     -9.515073955059     -9.533100461960     -9.520749801397    
 -9.508257126808     -9.507871943712     -9.548823177814     -9.560638004541    
 -9.433995056152     -8.449634772539     -6.592365109922     -2.030736237765    
-0.2734214782715    -0.6908188611342E-01-0.9185597621635E-01-0.5204404124634    
 -1.848129115874    -0.9513590912590     -1.101792231023     -1.725794356293    
 -1.254046527793     -1.488620114622     -1.988059303724     -1.471554468241    
 -1.801528401284     -2.109640990353     -2.117060847681     -1.541811389569    
 -1.749518791586     -1.835938946676     -1.876151311689     -1.958700768213    
 -1.995543111488     -2.003317290451     -2.005076847039     -2.006435256731    
 -2.007449826226     -2.014648665395     -2.020467767306     -2.024677175749    
 -2.029575162008     -2.033997783903     -2.037568012439     -2.041200755257    
 -2.044700928405     -2.047877245769     -2.050655706786     -2.053336983267    
 -2.056092167646     -2.058383196592     -2.060504864715     -2.062829650473    
 -2.064770170301     -2.066497192439     -2.068544236757     -2.070254719816    
 -2.071676721796     -2.073440163583     -2.074954403564     -2.076177908108    
 -2.077767790109     -2.079203136265     -2.080342374742     -2.081820452679    
 -2.083254759759     -2.084451966267     -2.085927112959     -2.087424356863    
 -2.088717317954     -2.090316702146     -2.092034904659     -2.093657573685    
 -2.095568215847     -2.097665795032     -2.099846819974     -2.102418578602    
 -2.105325251818     -2.108549339324     -2.112385157123     -2.116934660263    
 -2.122078804672     -2.128415657207     -2.136581557244     -2.145202126727    
 -2.156038982421     -2.171676480956     -2.186042729765     -2.203557051532    
 -2.232836199552     -2.256084382161     -2.283238459378     -2.346617316827    
 -2.405181278288     -2.491303719953     -2.944239643961     -2.992744934559    
 0.7888609052210E-30 -8.990354299545     -8.990713451614     -8.991072603682    
 -8.991431755750     -8.991790907819     -8.992150059887     -8.992509211956    
 -8.993122580759     -8.993764092349     -8.994405603939     -8.995047115530    
 -8.995688627120     -8.996323641894     -8.996951123675     -8.997578605456    
 -8.998206087237     -8.998833569018     -8.999454802497     -9.000072145709    
 -9.000689488921     -9.001306832132     -9.001930290730     -9.002568303845    
 -9.003206316960     -9.003844330074     -9.004490686878     -9.005147465920    
 -9.005804244961     -9.006461317233     -9.007143339993     -9.007825362752    
 -9.008507385512     -9.009233702990     -9.009962281673     -9.010693562683    
 -9.011434228265     -9.012174893847     -9.012980008713     -9.013802053824    
 -9.014608928484     -9.015406678038     -9.016298634704     -9.017232471122    
 -9.018073012028     -9.019008322764     -9.020088880166     -9.021426832531    
 -9.022204202414     -9.023049020767     -9.024274927378     -9.025332331657    
 -9.026425087452     -9.027804183960     -9.028994989395     -9.030172836781    
 -9.031739681959     -9.033099055290     -9.034372252226     -9.036167371273    
 -9.037738645077     -9.039118051529     -9.041193050146     -9.043032336235    
 -9.044596624374     -9.046951842308     -9.049132555723     -9.050928604603    
 -9.053619551659     -9.056238460541     -9.058329188824     -9.061427474022    
 -9.064613860846     -9.067086362839     -9.070686519146     -9.074614799023    
 -9.077591270208     -9.081821203232     -9.086730128527     -9.090385997295    
 -9.095422446728     -9.101642251015     -9.106235313416     -9.112329804897    
 -9.120175963640     -9.126240921021     -9.133760541677     -9.143845117092    
 -9.152021223307     -9.161511898041     -9.174741089344     -9.185986876488    
 -9.198269605637     -9.215992212296     -9.231723332405     -9.247997272015    
 -9.272124797106     -9.294237208366     -9.315993690491     -9.348592376709    
 -9.378584527969     -9.406342506409     -9.445981109142     -9.479039072990    
 -9.504419624805     -9.525718569756     -9.530167281628     -9.508199834824    
 -9.507795965672     -9.525874495506     -9.576716959476     -9.494751155376    
 -9.083179616928     -7.705730565389     -4.171122683089    -0.3670771777630    
-0.3541796654463      2.304278333981      5.175638139702    -0.8172519327896    
-0.8967806602163     -2.075688374166     -1.131760114042     -1.224690443104    
 -1.819772273767     -1.330331981182     -1.547868957619     -2.040345662575    
 -1.518949103852     -1.841626191598     -2.143592065279     -2.143154017361    
 -1.563230830524     -1.770193751529     -1.855153772584     -1.893632174982    
 -1.974690985749     -2.010142859817     -2.016605716944     -2.017252396047    
 -2.017572607659     -2.017612989992     -2.023955136258     -2.028970621713    
 -2.032438336220     -2.036681499705     -2.040495071094     -2.043517901935    
 -2.046662819106     -2.049710541591     -2.052489631623     -2.054914505221    
 -2.057265178021     -2.059722731262     -2.061750947498     -2.063630261645    
 -2.065740104765     -2.067483554408     -2.069026945904     -2.070917590708    
 -2.072479831800     -2.073760583997     -2.075407203473     -2.076809119992    
 -2.077925549727     -2.079425299540     -2.080774438567     -2.081831490993    
 -2.083238891605     -2.084606030956     -2.085739258211     -2.087158353999    
 -2.088602680992     -2.089845243469     -2.091399818100     -2.093076026998    
 -2.094658527989     -2.096533149853     -2.098597403616     -2.100746333599    
 -2.103288951144     -2.106169015169     -2.109367140010     -2.113178537413    
 -2.117705419473     -2.122830912471     -2.129149482585     -2.137297161296    
 -2.145903662592     -2.156728842854     -2.172358350642     -2.186709349975    
 -2.204209779575     -2.233486818522     -2.256728094257     -2.283876656741    
 -2.347269384190     -2.405819606781     -2.491915988177     -2.944885061681    
 -2.993380013108     0.7888609052210E-30 -8.990543127060     -8.990897920914    
 -8.991252714767     -8.991607508621     -8.991962302475     -8.992317096328    
 -8.992671890182     -8.993312755720     -8.993985290513     -8.994657825305    
 -8.995330360098     -8.996002894891     -8.996658587382     -8.997294751394    
 -8.997930915406     -8.998567079418     -8.999203243429     -8.999846819593    
 -9.000495010651     -9.001143201708     -9.001791392766     -9.002442351205    
 -9.003099895965     -9.003757440725     -9.004414985485     -9.005084263224    
 -9.005768196819     -9.006452130413     -9.007136484355     -9.007856605028    
 -9.008576725701     -9.009296846373     -9.010039774517     -9.010783866961    
 -9.011542549188     -9.012351898413     -9.013161247638     -9.013971983914    
 -9.014783084557     -9.015660779230     -9.016578530554     -9.017463623552    
 -9.018334198297     -9.019371659321     -9.020354560615     -9.021259806934    
 -9.022165651107     -9.023443943262     -9.024696850777     -9.025740277767    
 -9.027023196220     -9.028330522776     -9.029479718208     -9.030894774199    
 -9.032388949394     -9.033668398857     -9.035238528252     -9.036966258287    
 -9.038405096531     -9.040156692266     -9.042176365852     -9.043812406063    
 -9.045778429508     -9.048129433393     -9.050048565865     -9.052271008492    
 -9.055036330223     -9.057320928574     -9.059854245186     -9.063143837452    
 -9.065905332565     -9.068822109699     -9.072784590721     -9.076176136732    
 -9.079575634003     -9.084414482117     -9.088648557663     -9.092669618130    
 -9.098670291901     -9.104047453403     -9.108890175819     -9.116460561752    
 -9.123412072659     -9.129641562700     -9.139107584953     -9.148261815310    
 -9.156485641003     -9.168570333719     -9.180854225159     -9.192006868124    
 -9.207777380943     -9.224549144506     -9.240040540695     -9.261002409458    
 -9.284134817123     -9.305832922459     -9.333638691902     -9.365051972866    
 -9.393947911263     -9.427896535397     -9.466176033020     -9.493144893646    
 -9.516381764412     -9.535264647007     -9.518515706062     -9.506536245346    
 -9.506938862801     -9.552463650703     -9.550998139381     -9.425345385075    
 -8.345771968365     -6.257149204613     -1.758949279786    -0.3975127071142    
-0.4656337155727    -0.7286776705295    -0.2400993071965     0.4544298984117    
 -1.092771577577     -1.088420934703     -2.214204188933     -1.238525014398    
 -1.305585321909     -1.886213992070     -1.386881319185     -1.593431067964    
 -2.081856942641     -1.557246359190     -1.874816007959     -2.171784976909    
 -2.165145073885     -1.582013752870     -1.788352924585     -1.871906039724    
 -1.908702638838     -1.988482093671     -2.022766416520     -2.028139538597    
 -2.027791741304     -2.027200678550     -2.026401102543     -2.031999391317    
 -2.036320169084     -2.039150517341     -2.042839206010     -2.046136839781    
 -2.048694340326     -2.051434505265     -2.054104202613     -2.056540621538    
 -2.058663967997     -2.060734975617     -2.062944592908     -2.064746822882    
 -2.066415214352     -2.068343329709     -2.069917975366     -2.071302590147    
 -2.073057857156     -2.074492490757     -2.075652295724     -2.077196751069    
 -2.078501018509     -2.079525066726     -2.080945221335     -2.082218504511    
 -2.083203979209     -2.084548514057     -2.085855943337     -2.086932996847    
 -2.088301965967     -2.089698808268     -2.090896645561     -2.092410889640    
 -2.094049116410     -2.095595809165     -2.097437851131     -2.099471670389    
 -2.101591698080     -2.104107867181     -2.106963586062     -2.110138118826    
 -2.113927206025     -2.118433273397     -2.123542073369     -2.129843953997    
 -2.137974399328     -2.146568045765     -2.157382621616     -2.173004797287    
 -2.187341667712     -2.204829251394     -2.234104517847     -2.257339421101    
 -2.284482897818     -2.347888860852     -2.406426191330     -2.492497962713    
 -2.945497769117     -2.993983153999     0.7888609052210E-30 -8.990676879883    
 -8.991056572237     -8.991436264590     -8.991815956944     -8.992195649298    
 -8.992575341651     -8.992955034005     -8.993601539467     -8.994277582183    
 -8.994953624900     -8.995629667616     -8.996305710333     -8.996978457167    
 -8.997647382457     -8.998316307747     -8.998985233037     -8.999654158327    
 -9.000318093452     -9.000978921642     -9.001639749832     -9.002300578022    
 -9.002969638447     -9.003658291454     -9.004346944460     -9.005035597467    
 -9.005734889449     -9.006447470750     -9.007160052050     -9.007872985186    
 -9.008615855533     -9.009358725880     -9.010101596227     -9.010898433636    
 -9.011698026017     -9.012500271093     -9.013311728381     -9.014123185670    
 -9.015013893133     -9.015925418903     -9.016815290085     -9.017692135921    
 -9.018685958666     -9.019731783472     -9.020656124546     -9.021699083533    
 -9.022923135260     -9.024456718696     -9.025296705961     -9.026220822334    
 -9.027617973089     -9.028800427914     -9.030025672913     -9.031608247757    
 -9.032951247692     -9.034276247025     -9.036087870598     -9.037635755539    
 -9.039073359966     -9.041165637970     -9.042973780632     -9.044538378716    
 -9.046978336573     -9.049119353294     -9.050911605358     -9.053702497482    
 -9.056272327900     -9.058355307579     -9.061572629213     -9.064699578285    
 -9.067159140110     -9.070901691914     -9.074759203196     -9.077716922760    
 -9.082118636370     -9.086944687366     -9.090574830770     -9.095820260048    
 -9.101944738626     -9.106503164768     -9.112854647636     -9.120743036270    
 -9.126613765955     -9.134452629089     -9.144587647915     -9.152538919449    
 -9.162431806326     -9.175722444057     -9.186713910103     -9.199509882927    
 -9.217306566238     -9.232756912708     -9.249688589573     -9.273904371262    
 -9.295704287291     -9.318271374702     -9.350963354111     -9.380520892143    
 -9.409049522877     -9.448739576340     -9.480608397722     -9.505773305893    
 -9.526534837484     -9.527387654781     -9.505013638735     -9.505678009987    
 -9.526915371418     -9.577997732162     -9.484499651194     -8.977403211594    
 -7.598857009411     -3.835594445468    -0.3942998528480    -0.4109481930733    
-0.6383652167394    -0.9123748050304    -0.9274311614572      1.101710739565    
  3.254019015951     -1.419233782784     -1.192165625802     -2.293939636647    
 -1.310130880536     -1.363072246363     -1.936014429433     -1.431213938942    
 -1.630045489843     -2.115926497322     -1.589034960999     -1.902770733834    
 -2.195468099314     -2.183917412867     -1.598566899169     -1.804212358966    
 -1.886472018156     -1.921778514981     -2.000452353619     -2.033707156405    
 -2.038108126167     -2.036905868538     -2.035528879799     -2.034002121538    
 -2.038952920027     -2.042677782476     -2.044972386211     -2.048189941421    
 -2.051050439011     -2.053216584213     -2.055609031487     -2.057954587787    
 -2.060102061275     -2.061968336813     -2.063800080027     -2.065797913447    
 -2.067408429179     -2.068897999451     -2.070669146255     -2.072099270299    
 -2.073348596785     -2.074986023270     -2.076310367603     -2.077366355807    
 -2.078820981830     -2.080039935559     -2.080983938277     -2.082333547994    
 -2.083539833315     -2.084462718666     -2.085751236044     -2.087005450577    
 -2.088032906968     -2.089356946759     -2.090711136814     -2.091869244352    
 -2.093347179331     -2.094951040857     -2.096465697978     -2.098278257623    
 -2.100284338556     -2.102378406003     -2.104870587587     -2.107704009861    
 -2.110857083835     -2.114625757188     -2.119112629816     -2.124206175655    
 -2.130492812023     -2.138607503474     -2.147190356441     -2.157995592803    
 -2.173609671183     -2.187933340669     -2.205409220420     -2.234682876617    
 -2.257911965251     -2.285050860047     -2.348469298333     -2.406994585693    
 -2.493043316156     -2.946071995795     -2.994548520446     0.7888609052210E-30
 -8.990967035294     -8.991338108936     -8.991709182578     -8.992080256220    
 -8.992451329862     -8.992822403504     -8.993193477147     -8.993870232727    
 -8.994580828495     -8.995291424262     -8.996002020030     -8.996712615797    
 -8.997406546100     -8.998081152963     -8.998755759826     -8.999430366689    
 -9.000104973552     -9.000792276579     -9.001487484390     -9.002182692201    
 -9.002877900012     -9.003576983776     -9.004285292242     -9.004993600708    
 -9.005701909174     -9.006425070888     -9.007166786037     -9.007908501186    
 -9.008650730670     -9.009436724115     -9.010222717559     -9.011008711003    
 -9.011820532132     -9.012633671740     -9.013464871124     -9.014358788004    
 -9.015252704884     -9.016143667695     -9.017033854500     -9.018008324510    
 -9.019033491300     -9.020010862274     -9.020966985627     -9.022139266097    
 -9.023236051887     -9.024224199211     -9.025187990050     -9.026670318842    
 -9.028116083145     -9.029267448187     -9.030733883381     -9.032228857279    
 -9.033503890038     -9.035129326582     -9.036856222153     -9.038284599781    
 -9.040097355843     -9.042116934061     -9.043735539913     -9.045769208670    
 -9.048158645630     -9.050016140938     -9.052313339710     -9.055123525858    
 -9.057335329056     -9.059951394796     -9.063294064999     -9.065971380472    
 -9.068979740143     -9.073005139828     -9.076301038265     -9.079802125692    
 -9.084716677666     -9.088844323158     -9.092978298664     -9.099070638418    
 -9.104332470894     -9.109301370382     -9.116983878613     -9.123815023899    
 -9.129916429520     -9.139790087938     -9.148826646805     -9.156886589527    
 -9.169466948509     -9.181648731232     -9.192590069771     -9.208969575167    
 -9.225675320625     -9.240890401602     -9.262601256371     -9.285722881556    
 -9.307051301002     -9.335739058256     -9.367146790028     -9.395524889231    
 -9.430252075195     -9.467985314131     -9.494173038006     -9.516680061817    
 -9.536032199860     -9.514969867468     -9.503905165195     -9.504504364729    
 -9.553198862076     -9.538570672274     -9.416213476658     -8.238098480304    
 -5.908234850567     -1.418837714196    -0.4038857668638    -0.4953174736350    
-0.8002495050430    -0.9415520142764     -1.051522481441     -1.389149993658    
-0.5674563578201     0.5519175884724     -1.415204316962     -1.264605783910    
 -2.361780454715     -1.364927746735     -1.407694162802     -1.976274043368    
 -1.467686900745     -1.660721982768     -2.144792633642     -1.615970193347    
 -1.926724760946     -2.215708587600     -2.200136973357     -1.613155128807    
 -1.818116121739     -1.899192783819     -1.933164150314     -2.010884755407    
 -2.043235672265     -2.046774019580     -2.044834194146     -2.042780570500    
 -2.040629405528     -2.045025856793     -2.048240876570     -2.050077559613    
 -2.052892145887     -2.055377282668     -2.057204913162     -2.059300037008    
 -2.061368955299     -2.063269481994     -2.064915172756     -2.066541353799    
 -2.068357338384     -2.069802565407     -2.071137611382     -2.072772957850    
 -2.074077446386     -2.075208751112     -2.076743284613     -2.077970963810    
 -2.078935625032     -2.080310896877     -2.081454301253     -2.082327193581    
 -2.083613956347     -2.084760423750     -2.085627235845     -2.086865517311    
 -2.088071959466     -2.089054798428     -2.090338241309     -2.091653820965    
 -2.092775919288     -2.094220851641     -2.095793419331     -2.097278831527    
 -2.099064468592     -2.101045206841     -2.103115472756     -2.105585647561    
 -2.108398601413     -2.111531943083     -2.115281778201     -2.119750855677    
 -2.124830310047     -2.131102895364     -2.139203106612     -2.147776277922    
 -2.158572944999     -2.174178993888     -2.188490340486     -2.205955427326    
 -2.235227683932     -2.258451316133     -2.285585901141     -2.349016252905    
 -2.407530225813     -2.493557221442     -2.946613331139     -2.995081456006    
 0.7888609052210E-30 -8.991173267365     -8.991573441373     -8.991973615381    
 -8.992373789390     -8.992773963398     -8.993174137406     -8.993574311415    
 -8.994253513427     -8.994963604930     -8.995673696433     -8.996383787936    
 -8.997093879440     -8.997804668827     -8.998516267404     -8.999227865980    
 -8.999939464557     -9.000651063134     -9.001359362111     -9.002065606718    
 -9.002771851326     -9.003478095933     -9.004195162188     -9.004937983784    
 -9.005680805379     -9.006423626974     -9.007179805560     -9.007952668578    
 -9.008725531597     -9.009498821804     -9.010308460886     -9.011118099967    
 -9.011927739049     -9.012802535431     -9.013680658035     -9.014561588437    
 -9.015452269685     -9.016342950933     -9.017329847042     -9.018342017928    
 -9.019325743643     -9.020292359441     -9.021402161565     -9.022575617141    
 -9.023596429213     -9.024763120729     -9.026151922681     -9.027911038841    
 -9.028825783730     -9.029844260216     -9.031441557407     -9.032771945000    
 -9.034154421091     -9.035977435112     -9.037503045797     -9.039005732536    
 -9.041109323502     -9.042886137962     -9.044526284933     -9.046977245808    
 -9.049076563120     -9.050874471664     -9.053759974241     -9.056276404858    
 -9.058362251520     -9.061693501472     -9.064753472805     -9.067213344574    
 -9.071094405651     -9.074869370461     -9.077824223042     -9.082395076752    
 -9.087120318413     -9.090744185448     -9.096198499203     -9.102201783657    
 -9.106749981642     -9.113361597061     -9.121105480194     -9.126960945129    
 -9.135127627850     -9.145275354385     -9.153023880720     -9.163335239887    
 -9.176636570692     -9.187393593788     -9.200730144978     -9.218533182144    
 -9.233717024326     -9.251348590851     -9.275559026003     -9.297048687935    
 -9.320487904549     -9.353146409988     -9.382248520851     -9.411626040936    
 -9.451211720705     -9.481848454475     -9.506540536880     -9.527013897896    
 -9.524276447296     -9.501644015312     -9.503449517488     -9.527977657318    
 -9.579015541077     -9.473129677773     -8.870308051507     -7.493312370777    
 -3.494474273921    -0.3995060384274    -0.4108168885112    -0.6496034527274    
-0.9045732267472    -0.9860113193126     -1.270902882959     -1.592309855856    
 -1.617220872547     0.2996208319166      2.419816959200     -1.573184021642    
 -1.316917555746     -2.405458844701     -1.408248800405     -1.443928852392    
 -2.010014179907     -1.498491183855     -1.686809826519     -2.169551969910    
 -1.639007973837     -1.947326747489     -2.233398422315     -2.214448142498    
 -1.625976413488     -1.830266270786     -1.910273976810     -1.943063365482    
 -2.019952822942     -2.051518986002     -2.054311255459     -2.051741509698    
 -2.049105321616     -2.046412182972     -2.050341857132     -2.053121539205    
 -2.054559563845     -2.057030309364     -2.059195247013     -2.060733195953    
 -2.062573964521     -2.064406064898     -2.066094781086     -2.067550815642    
 -2.068999992125     -2.070658989996     -2.071961092297     -2.073162036948    
 -2.074679025915     -2.075874023885     -2.076902407128     -2.078346346132    
 -2.079488915484     -2.080373167992     -2.081677954178     -2.082754286565    
 -2.083564089518     -2.084794572368     -2.085887485184     -2.086704195291    
 -2.087897174340     -2.089060464874     -2.090003028046     -2.091249722056    
 -2.092530311923     -2.093619757146     -2.095034584496     -2.096578547545    
 -2.098037378397     -2.099798377976     -2.101755817607     -2.103804272413    
 -2.106254160963     -2.109048135579     -2.112163406052     -2.115895852819    
 -2.120348338597     -2.125414866954     -2.131674475968     -2.139761141688    
 -2.148325389810     -2.159114181995     -2.174712823704     -2.189012654126    
 -2.206467637978     -2.235738611221     -2.258957277052     -2.286087987572    
 -2.349529473111     -2.408032794297     -2.494039390609     -2.947121521085    
 -2.995581743121     0.7888609052210E-30 -8.991564750671     -8.991951615513    
 -8.992338480355     -8.992725345196     -8.993112210038     -8.993499074879    
 -8.993885939721     -8.994599128826     -8.995348443304     -8.996097757782    
 -8.996847072259     -8.997596386737     -8.998329443316     -8.999043649021    
 -8.999757854726     -9.000472060432     -9.001186266137     -9.001919508080    
 -9.002664602211     -9.003409696342     -9.004154790473     -9.004905100769    
 -9.005667825452     -9.006430550134     -9.007193274817     -9.007974695796    
 -9.008779470622     -9.009584245449     -9.010389646926     -9.011248369209    
 -9.012107091491     -9.012965813773     -9.013854178648     -9.014744056750    
 -9.015656123504     -9.016645246404     -9.017634369305     -9.018615960327    
 -9.019595572793     -9.020680371233     -9.021828439579     -9.022911622513    
 -9.023965960652     -9.025293624924     -9.026522458166     -9.027607932599    
 -9.028639930475     -9.030360591412     -9.032032299042     -9.033312135935    
 -9.034996390343     -9.036714512110     -9.038141107559     -9.040018904209    
 -9.042025434971     -9.043637067080     -9.045745038986     -9.048119074106    
 -9.049963319302     -9.052345460653     -9.055188655853     -9.057330060005    
 -9.060043561459     -9.063424509764     -9.066017389297     -9.069138288498    
 -9.073209095001     -9.076405590773     -9.080037283897     -9.085005843639    
 -9.089018464088     -9.093305456638     -9.099462962151     -9.104593664408    
 -9.109742963314     -9.117504507303     -9.124189972878     -9.130507290363    
 -9.140477418900     -9.149357318878     -9.157302737236     -9.170378506184    
 -9.182400238514     -9.193192261457     -9.210189700127     -9.226744472980    
 -9.241763591766     -9.264246380329     -9.287232589722     -9.308298176527    
 -9.337912082672     -9.369129502773     -9.397143650055     -9.432732516527    
 -9.469642090797     -9.495299577713     -9.517248749733     -9.533684331179    
 -9.511769187450     -9.502009195089     -9.502667903900     -9.554583084583    
 -9.527073156834     -9.406900602579     -8.130503177643     -5.561453193427    
 -1.078322430453    -0.4047338426113    -0.5091727184752    -0.8057243160282    
-0.9422771375781     -1.098228826164     -1.478842180874     -1.634333150368    
 -1.685814682208     -1.715543470811    -0.6031603844043     0.7060523361513    
 -1.552442428790     -1.359698731747     -2.448290463288     -1.444760658077    
 -1.474598441693     -2.038857989385     -1.524889541728     -1.709276350216    
 -2.190885280985     -1.658831633462     -1.965110950608     -2.248821118114    
 -2.226982563535     -1.637175787520     -1.840842973068     -1.919905585912    
 -1.951663324470     -2.027833209955     -2.058724356443     -2.060877981316    
 -2.057771889307     -2.054635676369     -2.051473645493     -2.055006359890    
 -2.057415492460     -2.058513779566     -2.060691411048     -2.062582908198    
 -2.063872677833     -2.065495394263     -2.067124067247     -2.068629936967    
 -2.069922253489     -2.071218341589     -2.072740554810     -2.073918134347    
 -2.075002317317     -2.076415257063     -2.077513927594     -2.078451656923    
 -2.079815110937     -2.080882167537     -2.081695169210     -2.082936885394    
 -2.083953280374     -2.084706800617     -2.085886788741     -2.086931536905    
 -2.087703038752     -2.088854948338     -2.089979092404     -2.090885142703    
 -2.092098370194     -2.093347034976     -2.094406646863     -2.095793978591    
 -2.097311787866     -2.098746130709     -2.100484427437     -2.102420396917    
 -2.104448785260     -2.106880008988     -2.109656520188     -2.112754997984    
 -2.116471308097     -2.120908422582     -2.125962932408     -2.132210454904    
 -2.140284478292     -2.148840509728     -2.159622042626     -2.175213768706    
 -2.189502865076     -2.206948433071     -2.236218202859     -2.259432216920    
 -2.286559321731     -2.350011384115     -2.408504691720     -2.494492069259    
 -2.947598946840     -2.996051700413     0.7888609052210E-30 -8.991846561432    
 -8.992267686140     -8.992688810849     -8.993109935558     -8.993531060266    
 -8.993952184975     -8.994373309683     -8.995085274734     -8.995829436949    
 -8.996573599163     -8.997317761378     -8.998061923592     -8.998811667077    
 -8.999567881989     -9.000324096901     -9.001080311814     -9.001836526726    
 -9.002591584575     -9.003345922023     -9.004100259471     -9.004854596919    
 -9.005622844844     -9.006424199469     -9.007225554093     -9.008026908718    
 -9.008845022492     -9.009684070392     -9.010523118292     -9.011362679351    
 -9.012245904278     -9.013129129206     -9.014012354134     -9.014974629377    
 -9.015940940068     -9.016910268464     -9.017890076666     -9.018869884868    
 -9.019966267208     -9.021093272521     -9.022184156716     -9.023253313872    
 -9.024497351951     -9.025819133309     -9.026951121926     -9.028262059382    
 -9.029844865723     -9.031872119576     -9.032872700691     -9.034001326561    
 -9.035838055611     -9.037344813347     -9.038915479183     -9.041029143333    
 -9.042775505781     -9.044493663311     -9.046954542398     -9.049012446404    
 -9.050902307034     -9.053797960281     -9.056260609627     -9.058352112770    
 -9.061797374487     -9.064789271355     -9.067252242565     -9.071272039413    
 -9.074962317944     -9.077917790413     -9.082659059763     -9.087280583382    
 -9.090902125835     -9.096567034721     -9.102444553375     -9.106987404823    
 -9.113862061501     -9.121455442905     -9.127301841974     -9.135800552368    
 -9.145770668983     -9.153505325317     -9.164241218567     -9.177549600601    
 -9.188074606657     -9.201959919930     -9.219765591621     -9.234685778618    
 -9.253028571606     -9.277232265472     -9.298414587975     -9.322739696503    
 -9.355372089148     -9.384025633335     -9.414267671108     -9.453783535957    
 -9.483210808039     -9.507440865040     -9.527747243643     -9.521498656273    
 -9.500514698029     -9.501868534088     -9.529918617010     -9.580851197243    
 -9.462466710806     -8.763527321816     -7.387273879846     -3.150172928970    
-0.3999664708972    -0.4102375358343    -0.6665150985432    -0.9006649366269    
-0.9843883724883     -1.295037138276     -1.602869407367     -1.674388024211    
 -1.740160641912     -1.789708875678     -1.764068773482     0.2388279155883E-01
  1.993208614101     -1.658694237883     -1.393867553257     -2.477653034528    
 -1.475299315913     -1.500645324812     -2.063636114774     -1.547618483162    
 -1.728700123417     -2.209310753509     -1.675922008356     -1.980497536603    
 -2.262258746264     -2.237913257676     -1.646927509364     -1.850043347850    
 -1.928281119047     -1.959142533038     -2.034691480221     -2.065003309771    
 -2.066610793583     -2.063044510782     -2.059480599035     -2.055918719620    
 -2.059112501610     -2.061205312237     -2.062013656273     -2.063940493762    
 -2.065597851295     -2.066674908437     -2.068110027909     -2.069563379511    
 -2.070911273360     -2.072061857209     -2.073225124832     -2.074627981707    
 -2.075696862489     -2.076678992622     -2.078000380192     -2.079014342651    
 -2.079872323386     -2.081164211780     -2.082163936365     -2.082913234830    
 -2.084098188858     -2.085060741939     -2.085763827246     -2.086898246408    
 -2.087899522390     -2.088630258106     -2.089744906221     -2.090833462775    
 -2.091706258245     -2.092888808809     -2.094108207058     -2.095140675828    
 -2.096502756234     -2.097996463999     -2.099408404902     -2.101125770435    
 -2.103041843791     -2.105051726289     -2.107465661317     -2.110225927085    
 -2.113308878615     -2.117010215670     -2.121433002502     -2.126476378739    
 -2.132712709717     -2.140775023028     -2.149323356152     -2.160098078102    
 -2.175683348626     -2.189962415025     -2.207399195805     -2.236667895317    
 -2.259877598658     -2.287001367658     -2.350463377312     -2.408947302401    
 -2.494916672260     -2.948047013581     -2.996492697299     0.7888609052210E-30
 -8.992354869843     -8.992757037294     -8.993159204746     -8.993561372198    
 -8.993963539650     -8.994365707102     -8.994767874554     -8.995518099883    
 -8.996306856580     -8.997095613278     -8.997884369976     -8.998673126673    
 -8.999446301643     -9.000201409756     -9.000956517868     -9.001711625980    
 -9.002466734092     -9.003248523720     -9.004046925578     -9.004845327436    
 -9.005643729294     -9.006448975694     -9.007270511987     -9.008092048280    
 -9.008913584573     -9.009758469546     -9.010632519734     -9.011506569922    
 -9.012381383259     -9.013321131777     -9.014260880295     -9.015200628814    
 -9.016174879750     -9.017150892005     -9.018154003818     -9.019251226242    
 -9.020348448667     -9.021433542294     -9.022515449796     -9.023727121765    
 -9.025016847726     -9.026222778614     -9.027391458418     -9.028900522028    
 -9.030284045385     -9.031484414714     -9.032598104686     -9.034600609541    
 -9.036540150642     -9.037974417210     -9.039919912815     -9.041906660795    
 -9.043519687653     -9.045704561472     -9.048051536083     -9.049892216921    
 -9.052364420891     -9.055174833536     -9.057307326794     -9.060126751661    
 -9.063534975052     -9.066046762466     -9.069292759895     -9.073395335674    
 -9.076493620872     -9.080274075270     -9.085279905796     -9.089175587893    
 -9.093641114235     -9.099842941761     -9.104836940765     -9.110203051567    
 -9.118017363548     -9.124545234442     -9.131128752232     -9.141162961721    
 -9.149865889549     -9.158143097162     -9.171296274662     -9.183125740290    
 -9.193820595741     -9.211428910494     -9.227783203125     -9.242674469948    
 -9.265930008888     -9.288706660271     -9.309601855278     -9.340156954527    
 -9.371074509621     -9.398855811357     -9.435347080231     -9.471272349358    
 -9.496600985527     -9.518085747957     -9.531370234489     -9.508949339390    
 -9.500734138489     -9.505303084850     -9.556739091873     -9.516411232948    
 -9.397428631783     -8.023423085610     -5.216750540337    -0.7386331627776    
-0.4060541331768    -0.5276904719842    -0.8233329538488    -0.9439065597718    
 -1.120452084951     -1.494553514069     -1.635202760342     -1.706887291605    
 -1.782141622342     -1.806897278503     -1.808098531887     -1.803191774525    
-0.5826386748685     0.8216308857729     -1.641533251427     -1.422937118786    
 -2.508191790183     -1.501813652854     -1.523242869279     -2.085016173543    
 -1.567268803716     -1.745473758939     -2.225242788282     -1.690707671808    
 -1.993868414141     -2.273924105527     -2.247455524880     -1.655481453333    
 -1.858057260141     -1.935565056093     -1.965655371733     -2.040671349969    
 -2.070488242432     -2.071630510315     -2.067670426518     -2.063741541281    
 -2.059839397669     -2.062742989603     -2.064565235004     -2.065125909448    
 -2.066837049276     -2.068292994518     -2.069187233038     -2.070460265782    
 -2.071761896089     -2.072972909641     -2.074000016786     -2.075047386345    
 -2.076346203685     -2.077319625486     -2.078211813048     -2.079452623613    
 -2.080391506106     -2.081178463530     -2.082406780683     -2.083346568514    
 -2.084039045498     -2.085173087567     -2.086086971685     -2.086744004861    
 -2.087836785242     -2.088798435405     -2.089492177591     -2.090572965983    
 -2.091629103571     -2.092471439764     -2.093625978567     -2.094818589091    
 -2.095825902745     -2.097164695524     -2.098636218533     -2.100027475506    
 -2.101725523546     -2.103623239230     -2.105616033636     -2.108013898879    
 -2.110758967698     -2.113827710226     -2.117515634000     -2.121925935894    
 -2.126957902312     -2.133183095604     -2.141234563291     -2.149775808491    
 -2.160544220358     -2.176123393700     -2.190393093973     -2.207821669802    
 -2.237089303881     -2.260294999741     -2.287415713817     -2.350887099281    
 -2.409362140298     -2.495314494520     -2.948467190564     -2.996906200051    
 0.7888609052210E-30 -8.992721557617     -8.993164082528     -8.993606607439    
 -8.994049132349     -8.994491657260     -8.994934182171     -8.995376707081    
 -8.996121262841     -8.996899254597     -8.997677246353     -8.998455238109    
 -8.999233229865     -9.000022857182     -9.000825975816     -9.001629094450    
 -9.002432213085     -9.003235331719     -9.004039828628     -9.004845183668    
 -9.005650538708     -9.006455893747     -9.007278939617     -9.008144089362    
 -9.009009239108     -9.009874388853     -9.010760278285     -9.011672073996    
 -9.012583869707     -9.013496289217     -9.014461786939     -9.015427284660    
 -9.016392782381     -9.017454018210     -9.018520141383     -9.019589578618    
 -9.020670524833     -9.021751471048     -9.022974255326     -9.024234299184    
 -9.025448810280     -9.026635933187     -9.028036634213     -9.029532281349    
 -9.030794063324     -9.032275059544     -9.034088557114     -9.036438084331    
 -9.037539386749     -9.038798952103     -9.040925246477     -9.042645037174    
 -9.044444042444     -9.046913599968     -9.048931366205     -9.050915539265    
 -9.053819328547     -9.056228494644     -9.058432650566     -9.061886358261    
 -9.064809888601     -9.067278981209     -9.071437036991     -9.075041699409    
 -9.078000736237     -9.082912421227     -9.087428480387     -9.091051185131    
 -9.096927559376     -9.102676725388     -9.107217717171     -9.114357233047    
 -9.121796816587     -9.127638101578     -9.136472088099     -9.146260952950    
 -9.153986155987     -9.165150976181     -9.178249871731     -9.188760542870    
 -9.203201001883     -9.221009850502     -9.235668039322     -9.254730737209    
 -9.278932029009     -9.299809169769     -9.325031518936     -9.357649421692    
 -9.385858529806     -9.416979265213     -9.456454759836     -9.484685003757    
 -9.508469611406     -9.528680682182     -9.518971604109     -9.499671328068    
 -9.500757604837     -9.532438707352     -9.570265483856     -9.452379155159    
 -8.657100278139     -7.281199216843     -2.808212435246    -0.4031060397625    
-0.4105267614126    -0.6858894724398    -0.9022646555677    -0.9885341954728    
 -1.319218697492     -1.600146282185     -1.669132863847     -1.740486727329    
 -1.800222918950     -1.818866255879     -1.843227175623     -1.861992552504    
 -1.836006130092    -0.1425059903953      1.729538879759     -1.717794591624    
 -1.447684068045     -2.529729698101     -1.524360207699     -1.542626516075    
 -2.103507588245     -1.584247305182     -1.760119201243     -2.239051465292    
 -1.703542578552     -2.005528094196     -2.284064006176     -2.255798933562    
 -1.663004132174     -1.865045531094     -1.941911129141     -1.971347089019    
 -2.045905329986     -2.075299033150     -2.076044497918     -2.071745135449    
 -2.067503540125     -2.063311459497     -2.065965598449     -2.067555574328    
 -2.067904026620     -2.069429187477     -2.070711443201     -2.071448156238    
 -2.072580538318     -2.073750355467     -2.074842536915     -2.075761619955    
 -2.076707290113     -2.077914682403     -2.078803750966     -2.079616222717    
 -2.080785536673     -2.081657605246     -2.082381228823     -2.083552852832    
 -2.084438984189     -2.085080407560     -2.086168574262     -2.087038487941    
 -2.087653773092     -2.088708637655     -2.089634187520     -2.090294223279    
 -2.091344042588     -2.092370496690     -2.093184922170     -2.094313699752    
 -2.095481667481     -2.096465916932     -2.097783218790     -2.099234210700    
 -2.100606369786     -2.102286512777     -2.104167168215     -2.106144093722    
 -2.108527026884     -2.111257966608     -2.114313560724     -2.117989104986    
 -2.122387924418     -2.127408998460     -2.133623603731     -2.141664891690    
 -2.150199596025     -2.160962169617     -2.176535596885     -2.190796520561    
 -2.208217416145     -2.237484055012     -2.260686003044     -2.287803856283    
 -2.351283987984     -2.409750701487     -2.495687152445     -2.948861089349    
 -2.997293797135     0.7888609052210E-30 -8.993363857269     -8.993780643307    
 -8.994197429344     -8.994614215382     -8.995031001419     -8.995447787457    
 -8.995864573494     -8.996652497224     -8.997481507349     -8.998310517474    
 -8.999139527599     -8.999968537723     -9.000782938627     -9.001580400284    
 -9.002377861940     -9.003175323597     -9.003972785254     -9.004806094046    
 -9.005661721694     -9.006517349342     -9.007372976990     -9.008237447725    
 -9.009122964860     -9.010008481995     -9.010893999130     -9.011808569289    
 -9.012759430053     -9.013710290818     -9.014662076824     -9.015692590309    
 -9.016723103793     -9.017753617278     -9.018825245509     -9.019898972611    
 -9.021005705174     -9.022227058208     -9.023448411242     -9.024652668842    
 -9.025852435625     -9.027211812978     -9.028667196910     -9.030016869248    
 -9.031319547519     -9.033042910181     -9.034609875140     -9.035947576544    
 -9.037159961513     -9.039500558376     -9.041762280464     -9.043384993076    
 -9.045648813248     -9.047963809967     -9.049808287621     -9.052372348309    
 -9.055140483379     -9.057272046804     -9.060201215744     -9.063557994366    
 -9.066064047813     -9.069441741705     -9.073566555977     -9.076569759846    
 -9.080509340763     -9.085541361570     -9.089321255684     -9.093980222940    
 -9.100212657452     -9.105068355799     -9.110672330856     -9.118523138762    
 -9.124888896942     -9.131768494844     -9.141845941544     -9.150362664461    
 -9.159013688564     -9.172218471766     -9.183839583397     -9.195012325048    
 -9.212682163715     -9.228810453415     -9.243617415428     -9.267642968893    
 -9.290171849728     -9.310954612494     -9.342456269264     -9.373018056154    
 -9.400646865368     -9.438061136007     -9.472923064232     -9.498039078712    
 -9.519108414650     -9.529135042429     -9.506399321556     -9.499847567081    
 -9.508257615566     -9.559396773577     -9.506283354759     -9.291380089522    
 -7.916892993450     -4.873185449839    -0.3987175226212    -0.4073536127806    
-0.5481636008247    -0.8431764697345    -0.9477899790120     -1.145865087747    
 -1.518865336897     -1.635346371657     -1.705104022846     -1.774673739611    
 -1.803720460739     -1.826056672586     -1.866547515802     -1.880077304039    
 -1.878892785497     -1.862684380729    -0.5733611396386     0.8958877384147    
 -1.704009921848     -1.468826773267     -2.552347090840     -1.544098295095    
 -1.559551147074     -2.119578220928     -1.598987869422     -1.772846480459    
 -2.251052645352     -1.714702102211     -2.015691763977     -2.292926099845    
 -2.263088539177     -1.669567979453     -1.871145278774     -1.947456976864    
 -1.976330703124     -2.050500387326     -2.079533934966     -2.079940921906    
 -2.075350204669     -2.070840120222     -2.066399149597     -2.068839083239    
 -2.070229258947     -2.070394717064     -2.071759178489     -2.072891119402    
 -2.073491160385     -2.074501144141     -2.075555957481     -2.076543933526    
 -2.077367950231     -2.078223965410     -2.079350601509     -2.080164919514    
 -2.080906596966     -2.082012195606     -2.082824546844     -2.083491428755    
 -2.084612034261     -2.085449818056     -2.086045183241     -2.087091944553    
 -2.087922135927     -2.088499662373     -2.089520042762     -2.090412521269    
 -2.091041309573     -2.092062620819     -2.093061787263     -2.093850550335    
 -2.094955621287     -2.096100865025     -2.097063710168     -2.098361168429    
 -2.099793228507     -2.101147655398     -2.102811169624     -2.104675972648    
 -2.106638086215     -2.109007105790     -2.111724901944     -2.114768207259    
 -2.118432195857     -2.122820314951     -2.127831196040     -2.134035898373    
 -2.142067679763     -2.150596221350     -2.161353293806     -2.176921340637    
 -2.191174004227     -2.208587670699     -2.237853396684     -2.261051853560    
 -2.288167048991     -2.351655408740     -2.410114295781     -2.496035809815    
 -2.949229893088     -2.997656597197     0.7888609052210E-30 -8.993477106094    
 -8.993969994768     -8.994462883443     -8.994955772117     -8.995448660791    
 -8.995941549465     -8.996434438139     -8.997256634565     -8.998115286647    
 -8.998973938729     -8.999832590811     -9.000691242893     -9.001567709718    
 -9.002464832561     -9.003361955404     -9.004259078246     -9.005156201089    
 -9.006057900137     -9.006962448385     -9.007866996634     -9.008771544882    
 -9.009698595602     -9.010679201825     -9.011659808048     -9.012640414271    
 -9.013647520084     -9.014687726967     -9.015727933849     -9.016768923175    
 -9.017876489494     -9.018984055813     -9.020091622131     -9.021317298009    
 -9.022549003274     -9.023785211596     -9.025037058011     -9.026288904425    
 -9.027714932150     -9.029186715734     -9.030604918837     -9.031990893004    
 -9.033638263967     -9.035401838822     -9.036884507674     -9.038635206733    
 -9.040792181507     -9.043603620849     -9.044902855158     -9.046398472786    
 -9.048954582214     -9.051019012928     -9.053184527159     -9.056178665161    
 -9.058627134562     -9.061040449142     -9.064594268799     -9.067552280426    
 -9.070267558098     -9.074538588524     -9.078173172474     -9.081262230873    
 -9.086465650797     -9.091007637978     -9.094777953625     -9.101008534431    
 -9.106781303883     -9.111493539810     -9.119067758322     -9.126531410217    
 -9.132575476170     -9.141950428486     -9.151770037413     -9.159740948677    
 -9.171589475870     -9.184737277031     -9.195552468300     -9.210870099068    
 -9.228764414787     -9.243810653687     -9.264010548592     -9.288627862930    
 -9.309737384319     -9.336413168907     -9.369582927227     -9.398066043854    
 -9.430822014809     -9.471039438248     -9.499006676674     -9.523342132568    
 -9.544517517090     -9.532771170139     -9.516717642546     -9.519228577614    
 -9.555020576715     -9.578459262848     -9.452601015568     -8.551619855563    
 -6.928065689405     -2.447057294846    -0.3899259552360    -0.4104035198688    
-0.7307609947902    -0.9448399021601     -1.034927147386     -1.389313010219    
 -1.645521450788     -1.709406200051     -1.782075045072     -1.838960049301    
 -1.856737918034     -1.893489668146     -1.930093128141     -1.947228406370    
 -1.953669911716     -1.945733942249     -1.884862195016    -0.3191023856259    
  1.383197738126     -1.829557680304     -1.474635376293     -2.439058511952    
 -1.460430694978     -1.310562276009     -1.931472463347     -1.363457101832    
 -1.704097556820     -2.168192393508     -1.773647508274     -2.148941746962    
 -2.495287200461     -2.392911099430     -1.683605463430     -1.910548562556    
 -2.002338438900     -2.039925584290     -2.109772254014     -2.134523086250    
 -2.130615659524     -2.121027906425     -2.111947575212     -2.103302177042    
 -2.101972216368     -2.099899871089     -2.096961410437     -2.095640062541    
 -2.094300657976     -2.092716747709     -2.091793965269     -2.091068146005    
 -2.090515032504     -2.089945323765     -2.089512526710     -2.089552697167    
 -2.089364352636     -2.089171249047     -2.089510562830     -2.089601429552    
 -2.089586354978     -2.090163337812     -2.090479410160     -2.090571844950    
 -2.091229074262     -2.091678917408     -2.091886810027     -2.092616870627    
 -2.093227998354     -2.093579211086     -2.094380283449     -2.095169839263    
 -2.095749449357     -2.096686105244     -2.097674376611     -2.098477653787    
 -2.099644494336     -2.100957890600     -2.102188632824     -2.103749128804    
 -2.105523319449     -2.107388692908     -2.109675676562     -2.112324040383    
 -2.115290477127     -2.118888515979     -2.123223423958     -2.128174209595    
 -2.134324422106     -2.142311600596     -2.150801499560     -2.161523526907    
 -2.177062184736     -2.191274631768     -2.208653889783     -2.237915395200    
 -2.261091860197     -2.288186866790     -2.351708395407     -2.410139946640    
 -2.496007365361     -2.949280024320     -2.997690433264     0.7888609052210E-30
 -8.993553400040     -8.994049493858     -8.994545587677     -8.995041681495    
 -8.995537775314     -8.996033869132     -8.996529962951     -8.997357058353    
 -8.998220796924     -8.999084535496     -8.999948274068     -9.000812012640    
 -9.001693795963     -9.002596501997     -9.003499208030     -9.004401914064    
 -9.005304620097     -9.006212372545     -9.007123266952     -9.008034161358    
 -9.008945055764     -9.009878644752     -9.010866246461     -9.011853848171    
 -9.012841449880     -9.013855822032     -9.014903633578     -9.015951445124    
 -9.017000048971     -9.018116068507     -9.019232088044     -9.020348107580    
 -9.021582717560     -9.022823381477     -9.024068726699     -9.025330329034    
 -9.026591931370     -9.028028133629     -9.029510201714     -9.030939317573    
 -9.032336582396     -9.033995142122     -9.035769860444     -9.037265592024    
 -9.039028783058     -9.041197472329     -9.044021224117     -9.045336055756    
 -9.046847200394     -9.049417334795     -9.051497995853     -9.053680080175    
 -9.056689715385     -9.059156095982     -9.061588191986     -9.065159678459    
 -9.068137836456     -9.070874667168     -9.075165534019     -9.078822833300    
 -9.081937074661     -9.087163197994     -9.091731071472     -9.095530986786    
 -9.101788091660     -9.107590466738     -9.112337648869     -9.119943600893    
 -9.127441811562     -9.133528107405     -9.142941653728     -9.152801984549    
 -9.160824346542     -9.172720569372     -9.185917270184     -9.196797162294    
 -9.212175154686     -9.230129075050     -9.245258378983     -9.265536707640    
 -9.290228486061     -9.311447495222     -9.338228154182     -9.371497404575    
 -9.400125074387     -9.433024644852     -9.473378133774     -9.501536971331    
 -9.526071214676     -9.547438842058     -9.535983920097     -9.520240485668    
 -9.523024559021     -9.559311354160     -9.583349454403     -9.458124190569    
 -8.556460976601     -6.931327620149     -2.447837179900    -0.3898128628731    
-0.4107595086097    -0.7327306215496    -0.9476913722969     -1.037806700486    
 -1.391724326601     -1.646979779936     -1.709202117100     -1.780980584305    
 -1.837011745572     -1.853702142555     -1.889572273009     -1.925197202899    
 -1.940825064108     -1.946872584336     -1.939330685581     -1.880465593713    
-0.3540232979234      1.298913668843     -1.875961865920     -1.537848460809    
 -2.500120453040     -1.539620396603     -1.388999113690     -2.017765705031    
 -1.443010197052     -1.784778463717     -2.233243977146     -1.841090975040    
 -2.206747421577     -2.568437572035     -2.442240332786     -1.683057191595    
 -1.907881643250     -1.998749582069     -2.036082181838     -2.106419670432    
 -2.131690698862     -2.128326246049     -2.119334469549     -2.110767020471    
 -2.102563280612     -2.101668411307     -2.099979761243     -2.097365033627    
 -2.096318566799     -2.095205776393     -2.093777766824     -2.092970487755    
 -2.092328247800     -2.091803410649     -2.091239491478     -2.090796011873    
 -2.090793079510     -2.090555369202     -2.090307409130     -2.090576977003    
 -2.090599425510     -2.090516440384     -2.091021646932     -2.091269473173    
 -2.091296687722     -2.091890440229     -2.092280147597     -2.092431802303    
 -2.093109316379     -2.093670657836     -2.093976008520     -2.094734647684    
 -2.095483840257     -2.096026341803     -2.096929336898     -2.097885900177    
 -2.098660530522     -2.099801269826     -2.101090123318     -2.102298671845    
 -2.103838818893     -2.105593963154     -2.107442085072     -2.109713207744    
 -2.112346902490     -2.115299752541     -2.118885339051     -2.123209118098    
 -2.128149268776     -2.134289477952     -2.142267597839     -2.150750427693    
 -2.161465868354     -2.176998211071     -2.191203674302     -2.208577028103    
 -2.237836896628     -2.261008893326     -2.288099753112     -2.351625824347    
 -2.410053323209     -2.495912572369     -2.949192117900     -2.997601000965    
 0.7888609052210E-30 -8.993570089340     -8.994066534943     -8.994562980546    
 -8.995059426148     -8.995555871751     -8.996052317354     -8.996548762956    
 -8.997376307946     -8.998240506933     -8.999104705919     -8.999968904906    
 -9.000833103893     -9.001715476112     -9.002618920012     -9.003522363912    
 -9.004425807812     -9.005329251712     -9.006237746413     -9.007149385803    
 -9.008061025193     -9.008972664583     -9.009907052881     -9.010895583195    
 -9.011884113508     -9.012872643822     -9.013887979439     -9.014936797995    
 -9.015985616551     -9.017035227476     -9.018152259840     -9.019269292205    
 -9.020386324570     -9.021622147932     -9.022864035469     -9.024110648601    
 -9.025373672654     -9.026636696706     -9.028074240077     -9.029557628097    
 -9.030988202826     -9.032387010088     -9.034047098595     -9.035823339627    
 -9.037320999783     -9.039085969742     -9.041256239543     -9.044081750251    
 -9.045398622751     -9.046911835670     -9.049483984709     -9.051566720009    
 -9.053750967979     -9.056763005257     -9.059231895208     -9.061666512489    
 -9.065240323544     -9.068221235275     -9.070961076021     -9.075254809856    
 -9.078915226460     -9.082032799721     -9.087262022495     -9.091833424568    
 -9.095637369156     -9.101898145676     -9.107704669237     -9.112456810474    
 -9.120067131519     -9.127570009232     -9.133661884069     -9.143080830574    
 -9.152946937084     -9.160976505280     -9.172879236937     -9.186082553864    
 -9.196971356869     -9.212357735634     -9.230319964886     -9.245460581779    
 -9.265749847889     -9.290452241898     -9.311685973406     -9.338481104374    
 -9.371764534712     -9.400412106514     -9.433331638575     -9.473704421520    
 -9.501889568567     -9.526451277733     -9.547846102715     -9.536431372166    
 -9.520731508732     -9.523557424545     -9.559906715155     -9.584020900726    
 -9.458895981312     -8.557171416283     -6.931857284904     -2.447965699435    
-0.3897926732898    -0.4108069837093    -0.7327868160481    -0.9476950515139    
 -1.037686423961     -1.391481185052     -1.646550671896     -1.708485934790    
 -1.780030132225     -1.835822809674     -1.852243639389     -1.887918538880    
 -1.923375826422     -1.938853671029     -1.945167896058     -1.938144294033    
 -1.880162602174    -0.3606020219232      1.283881844050     -1.885741302325    
 -1.551487084981     -2.514675114800     -1.558060695278     -1.407939309975    
 -2.038224226678     -1.462245616938     -1.803489820784     -2.248575619438    
 -1.855236671369     -2.218273070753     -2.581345134972     -2.450963776559    
 -1.683413207997     -1.907325938344     -1.997595903614     -2.034541914167    
 -2.104888488415     -2.130220740661     -2.126957199536     -2.118151552975    
 -2.109764783084     -2.101737050340     -2.101010928676     -2.099476307631    
 -2.096998437308     -2.096064519137     -2.095050212462     -2.093701423891    
 -2.092954737134     -2.092362910137     -2.091873203218     -2.091333661228    
 -2.090908615757     -2.090915060416     -2.090682013985     -2.090435836837    
 -2.090702863410     -2.090721063688     -2.090632646903     -2.091131022573    
 -2.091371587664     -2.091391172260     -2.091977431625     -2.092359674908    
 -2.092503899429     -2.093174529821     -2.093729184009     -2.094028088823    
 -2.094780877326     -2.095524449274     -2.096061604284     -2.096959784627    
 -2.097911815345     -2.098682321981     -2.099819282070     -2.101104564592    
 -2.102309845388     -2.103847024217     -2.105599408131     -2.107445017807    
 -2.109713814035     -2.112345341593     -2.115296208486     -2.118879979476    
 -2.123202138580     -2.128140774369     -2.134279548191     -2.142256345972    
 -2.150738140568     -2.161452627927     -2.176984084398     -2.191188532859    
 -2.208561018854     -2.237820637971     -2.260991966166     -2.288082223386    
 -2.351609079167     -2.410036012530     -2.495894028619     -2.949174455553    
 -2.997583067417     0.7888609052210E-30 -8.994318485260     -8.994781081411    
 -8.995243677561     -8.995706273712     -8.996168869862     -8.996631466013    
 -8.997094062163     -8.997973740305     -8.998899591055     -8.999825441805    
 -9.000751292555     -9.001677143305     -9.002587561117     -9.003480084591    
 -9.004372608065     -9.005265131540     -9.006157655014     -9.007098502491    
 -9.008069437070     -9.009040371649     -9.010011306228     -9.010993646557    
 -9.012003132376     -9.013012618195     -9.014022104014     -9.015068731984    
 -9.016161754819     -9.017254777654     -9.018348967184     -9.019542429104    
 -9.020735891024     -9.021929352943     -9.023172796816     -9.024418792222    
 -9.025706858615     -9.027141027991     -9.028575197367     -9.029983447987    
 -9.031384889984     -9.032992142541     -9.034723191206     -9.036312890658    
 -9.037839753346     -9.039913578937     -9.041781298283     -9.043345561342    
 -9.044721721373     -9.047604626417     -9.050382423401     -9.052307331562    
 -9.055078208447     -9.057914960384     -9.060125327110     -9.063288414478    
 -9.066720938683     -9.069306492805     -9.072952628136     -9.077167409658    
 -9.080251586437     -9.084500801563     -9.089748620987     -9.093507856131    
 -9.098526620865     -9.105014836788     -9.109845876694     -9.115871608257    
 -9.124029803276     -9.130373549461     -9.137753224373     -9.148206013441    
 -9.156715214252     -9.165967458487     -9.179640102386     -9.191290253401    
 -9.203198039532     -9.221466690302     -9.237700104713     -9.253420186043    
 -9.278244543076     -9.301020371914     -9.322040319443     -9.355582785606    
 -9.386615419388     -9.414719915390     -9.454798650742     -9.490215957165    
 -9.516578412056     -9.540465325117     -9.550404405594     -9.529973584414    
 -9.530411064625     -9.545153427124     -9.586710429192     -9.507631003857    
 -9.194366832574     -7.887975603342     -4.584700751305    -0.3848646283150    
-0.4029204249382    -0.5693679820746    -0.8630084767938    -0.9694541172590    
 -1.204740679730     -1.590341651207     -1.683666358143     -1.750857241452    
 -1.815204175562     -1.839038892230     -1.862564940006     -1.901969662635    
 -1.923907442950     -1.943784310389     -1.974258410558     -1.972273561778    
 -1.951080291613     -1.903584801272    -0.7007715850907     0.6308518840282    
 -1.875907031733     -1.568864422961     -2.531156651427     -1.572230785381    
 -1.420187431010     -2.049627586780     -1.472451938068     -1.813313662137    
 -2.257401928273     -1.863966480394     -2.226484073986     -2.588505809513    
 -2.457073863463     -1.688958141673     -1.912467319891     -2.002306082327    
 -2.038818667725     -2.108787184656     -2.133807867393     -2.130276479479    
 -2.121229000203     -2.112611902785     -2.104363704100     -2.103448024951    
 -2.101735225134     -2.099092451204     -2.098017619550     -2.096871927381    
 -2.095403799415     -2.094554732088     -2.093867208436     -2.093289905973    
 -2.092673409730     -2.092176384944     -2.092116792127     -2.091823868919    
 -2.091521359980     -2.091736492701     -2.091706664488     -2.091572919488    
 -2.092029380053     -2.092230545171     -2.092212885618     -2.092764678225    
 -2.093114097603     -2.093227414880     -2.093869299442     -2.094396450091    
 -2.094669550844     -2.095397932641     -2.096117970347     -2.096632982511    
 -2.097510524094     -2.098442783859     -2.099194908142     -2.100314647611    
 -2.101583426446     -2.102773306891     -2.104295963049     -2.106034456380    
 -2.107867177948     -2.110123805143     -2.112743780017     -2.115683929622    
 -2.119257563353     -2.123570261896     -2.128499908745     -2.134629926644    
 -2.142598278448     -2.151074358262     -2.161783467978     -2.177309188060    
 -2.191507194191     -2.208874446526     -2.238133566827     -2.261301553063    
 -2.288388952613     -2.351922564208     -2.410343140364     -2.496189028770    
 -2.949486429989     -2.997890661657     0.7888609052210E-30 -8.994892358780    
 -8.995412667074     -8.995932975368     -8.996453283661     -8.996973591955    
 -8.997493900249     -8.998014208543     -8.998875734557     -8.999775034708    
 -9.000674334859     -9.001573635009     -9.002472935160     -9.003399245278    
 -9.004356873184     -9.005314501090     -9.006272128997     -9.007229756903    
 -9.008195891667     -9.009167322902     -9.010138754137     -9.011110185372    
 -9.012109918230     -9.013177008474     -9.014244098718     -9.015311188962    
 -9.016411084509     -9.017551957694     -9.018692830879     -9.019834663355    
 -9.021058120565     -9.022281577774     -9.023505034983     -9.024872383534    
 -9.026247077610     -9.027627188129     -9.029026108726     -9.030425029323    
 -9.032036930354     -9.033704779424     -9.035307111204     -9.036870033997    
 -9.038753166004     -9.040778646951     -9.042462515930     -9.044474577109    
 -9.046983674609     -9.050289370675     -9.051757025719     -9.053468966484    
 -9.056482475996     -9.058894693851     -9.061434996128     -9.065003538132    
 -9.067906355858     -9.070771694183     -9.075058221817     -9.078619909286    
 -9.081890946627     -9.087110483646     -9.091559058428     -9.095346808434    
 -9.101798993349     -9.107455205917     -9.112182784081     -9.120034527779    
 -9.127356112003     -9.133412885666     -9.143138420582     -9.152789068222    
 -9.160770362616     -9.173067688942     -9.186021012068     -9.196844959259    
 -9.212745898962     -9.230426406860     -9.245484113693     -9.266451263428    
 -9.290841102600     -9.311982393265     -9.339656043053     -9.372928857803    
 -9.401144623756     -9.435047280788     -9.475584644079     -9.502920246124    
 -9.527582615614     -9.549728047848     -9.535494613647     -9.521903800964    
 -9.524641150236     -9.558203518391     -9.561646682024     -9.433867478371    
 -8.451029133797     -6.608830344677     -2.130293677251    -0.4080793619156    
-0.4317866473769    -0.7341355017075    -0.9190341025901     -1.003261057660    
 -1.397192144487     -1.644736278476     -1.721495634154     -1.790681897290    
 -1.836489058565     -1.845899402536     -1.878590159863     -1.909462255985    
 -1.926718558930     -1.951894985512     -1.976926525868     -1.993554988503    
 -1.993365347665     -1.978451760428     -1.923667387600    -0.4548746559476    
  1.140435607521     -1.917216317424     -1.584114822070     -2.542494166642    
 -1.583964691298     -1.430429089157     -2.059142246400     -1.480947769185    
 -1.821582495297     -2.264845069231     -1.871475605336     -2.233569644427    
 -2.594713041771     -2.462363068547     -1.693789000157     -1.916986800730    
 -2.006484194899     -2.042648584131     -2.112304661867     -2.137048155442    
 -2.133264564164     -2.124000335857     -2.115180155076     -2.106740586460    
 -2.105660967436     -2.103795884177     -2.101014425978     -2.099816830084    
 -2.098556905985     -2.096986075118     -2.096046043094     -2.095273140073    
 -2.094618223235     -2.093931742012     -2.093368799705     -2.093249218166    
 -2.092900977470     -2.092546074465     -2.092713473365     -2.092638951913    
 -2.092462726496     -2.092880456150     -2.093044871558     -2.092992160469    
 -2.093511988875     -2.093830782361     -2.093915035110     -2.094530171901    
 -2.095031647943     -2.095280482247     -2.095986082032     -2.096684124693    
 -2.097178305220     -2.098036438227     -2.098950123694     -2.099685031548    
 -2.100788476598     -2.102041596733     -2.103217061143     -2.104726018757    
 -2.106451349519     -2.108271959051     -2.110517038777     -2.113125950098    
 -2.116055927239     -2.119619968534     -2.123923751339     -2.128844929487    
 -2.134966623969     -2.142926825210     -2.151397536881     -2.162101595849    
 -2.177621841058     -2.191813785583     -2.209176089987     -2.238434561342    
 -2.261599420942     -2.288684276491     -2.352224605158     -2.410638576746    
 -2.496472037956     -2.949787052721     -2.998186187446     0.7888609052210E-30
 -8.995856523514     -8.996333230117     -8.996809936721     -8.997286643324    
 -8.997763349928     -8.998240056531     -8.998716763135     -8.999635905048    
 -9.000604026282     -9.001572147515     -9.002540268749     -9.003508389982    
 -9.004463462982     -9.005403406685     -9.006343350388     -9.007283294090    
 -9.008223237793     -9.009224027353     -9.010262700270     -9.011301373188    
 -9.012340046106     -9.013393463811     -9.014481973863     -9.015570483915    
 -9.016658993966     -9.017792971755     -9.018983744035     -9.020174516315    
 -9.021366699052     -9.022678895572     -9.023991092092     -9.025303288611    
 -9.026678065567     -9.028056037198     -9.029484289011     -9.031087152474    
 -9.032690015937     -9.034266424298     -9.035835883142     -9.037650246184    
 -9.039611920359     -9.041412597706     -9.043141703947     -9.045518790193    
 -9.047658204235     -9.049446707742     -9.051014296979     -9.054373544455    
 -9.057614517212     -9.059856420755     -9.063112378120     -9.066454738379    
 -9.069071054459     -9.072834122181     -9.076929092407     -9.080046355724    
 -9.084446597099     -9.089540576935     -9.093337082863     -9.098551678658    
 -9.104981780052     -9.109718191624     -9.115999305248     -9.124082571268    
 -9.130304026604     -9.138019889593     -9.148375046253     -9.156730008125    
 -9.166429471970     -9.179972326756     -9.191431820393     -9.203941166401    
 -9.222033381462     -9.238031864166     -9.254562222958     -9.279135912657    
 -9.301601934433     -9.323674237728     -9.356829428673     -9.387324470282    
 -9.415539383888     -9.455914568901     -9.489754927158     -9.515971320868    
 -9.538216042519     -9.543657571077     -9.522743546963     -9.521654641628    
 -9.536631202698     -9.579644787312     -9.491616010666     -9.079082810879    
 -7.715910561880     -4.195812727015    -0.4065220773220    -0.4091557115316    
-0.5918202931682    -0.8714793568787    -0.9648400997743     -1.207384112384    
 -1.577799499035     -1.667699206760     -1.750975563657     -1.826524677919    
 -1.845987882465     -1.866184291895     -1.895031950437     -1.912851866987    
 -1.932246485353     -1.959695531800     -1.977426904254     -1.994338047691    
 -2.018232768402     -2.013291128725     -1.990466941032     -1.939777620195    
-0.6969049212063     0.6744985359272     -1.909804835159     -1.596515904456    
 -2.554427227378     -1.594178183499     -1.439325506319     -2.067355444701    
 -1.488266259804     -1.828690967833     -2.271296329301     -1.878048614413    
 -2.239800226437     -2.600201532989     -2.467057042756     -1.698045374639    
 -1.920973997190     -2.010178019550     -2.046043400609     -2.115428610537    
 -2.139932491258     -2.135931284353     -2.126478995010     -2.117482461780    
 -2.108876576647     -2.107653158065     -2.105654809624     -2.102752376348    
 -2.101446717978     -2.100086133927     -2.098424765468     -2.097404342052    
 -2.096555892378     -2.095832178835     -2.095083269291     -2.094461424928    
 -2.094288327172     -2.093890384026     -2.093488262221     -2.093612779863    
 -2.093497857451     -2.093283072114     -2.093665732071     -2.093796753231    
 -2.093712083995     -2.094202833343     -2.094493668713     -2.094551271107    
 -2.095141873136     -2.095619775821     -2.095846292935     -2.096530938055    
 -2.097208746150     -2.097683754936     -2.098523977213     -2.099420468323    
 -2.100139308721     -2.101227639336     -2.102466249652     -2.103628200013    
 -2.105124384910     -2.106837478932     -2.108646723442     -2.110881039873    
 -2.113479703665     -2.116400210559     -2.119955301285     -2.124250739813    
 -2.129163971543     -2.135277873836     -2.143230476603     -2.151696159132    
 -2.162395476550     -2.177910576202     -2.192096868530     -2.209454570152    
 -2.238712443411     -2.261874369718     -2.288956833631     -2.352503458038    
 -2.410911285877     -2.496733177081     -2.950064802915     -2.998459076881    
 0.7888609052210E-30 -8.996534585953     -8.997078991461     -8.997623396968    
 -8.998167802476     -8.998712207984     -8.999256613492     -8.999801018999    
 -9.000695029487     -9.001627742613     -9.002560455739     -9.003493168865    
 -9.004425881992     -9.005396544758     -9.006411209755     -9.007425874751    
 -9.008440539748     -9.009455204744     -9.010482795075     -9.011518432874    
 -9.012554070673     -9.013589708471     -9.014660458679     -9.015814775827    
 -9.016969092976     -9.018123410125     -9.019317928393     -9.020562662533    
 -9.021807396673     -9.023053298624     -9.024398567872     -9.025743837120    
 -9.027089106368     -9.028609766031     -9.030139379219     -9.031675515663    
 -9.033234305896     -9.034793096129     -9.036612392038     -9.038500120439    
 -9.040308122665     -9.042068169188     -9.044221252728     -9.046549060793    
 -9.048461327825     -9.050776511492     -9.053701416923     -9.057599673837    
 -9.059260314703     -9.061225938797     -9.064793163538     -9.067625939846    
 -9.070622545481     -9.074899697304     -9.078366178274     -9.081795740128    
 -9.087003886700     -9.091333031654     -9.095317310095     -9.101755702496    
 -9.107264876366     -9.111977577209     -9.120071303844     -9.127214241028    
 -9.133247923851     -9.143282890320     -9.152720153332     -9.160667586327    
 -9.173363113403     -9.186065745354     -9.196841961145     -9.213260233402    
 -9.230650985241     -9.245641279221     -9.267280179262     -9.291328084469    
 -9.312373369932     -9.340882587433     -9.373664510250     -9.401739406586    
 -9.436442959309     -9.476828217506     -9.502854615450     -9.526974499226    
 -9.548870116472     -9.530988788605     -9.518904447556     -9.521398878098    
 -9.558120918274     -9.548837828636     -9.422040992975     -8.344537317753    
 -6.262842947245     -1.784553098679    -0.4079061865807    -0.4550141998877    
-0.7509804582223    -0.9192727625370     -1.029990214016     -1.407364086620    
 -1.617674231599     -1.684786895756     -1.773267503898     -1.831115881819    
 -1.853226657817     -1.886488247290     -1.910487843212     -1.918181474321    
 -1.941086614411     -1.963488772884     -1.978536332678     -1.998492893763    
 -2.018428774737     -2.033386720717     -2.029623377509     -2.010854817391    
 -1.955320715613    -0.5152106610599      1.051542974079     -1.940958765836    
 -1.607953338407     -2.562833629052     -1.602918719290     -1.447004341312    
 -2.074481067364     -1.494647463411     -1.834915711607     -2.277005230294    
 -1.883848727577     -2.245349537192     -2.605127761432     -2.471261376782    
 -1.701833052188     -1.924515179545     -2.013471043151     -2.049089112028    
 -2.118235732400     -2.142528779432     -2.138336270116     -2.128718884662    
 -2.119567127433     -2.110814480111     -2.109463992901     -2.107347740047    
 -2.104338093940     -2.102936576307     -2.101486569270     -2.099744562060    
 -2.098652281519     -2.097736217454     -2.096950843185     -2.096145882271    
 -2.095471054595     -2.095249591023     -2.094806697685     -2.094361824729    
 -2.094447336625     -2.094295610115     -2.094045651797     -2.094396199845    
 -2.094496594835     -2.094382572919     -2.094846486673     -2.095111512952    
 -2.095144503843     -2.095712474734     -2.096168574877     -2.096374351159    
 -2.097039544210     -2.097698573023     -2.098155789077     -2.098979299888    
 -2.099859734997     -2.100563623011     -2.101637751423     -2.102862684615    
 -2.104012012016     -2.105496231839     -2.107197844144     -2.108996473067    
 -2.111220716313     -2.113809771836     -2.116721341200     -2.120267967135    
 -2.124555492401     -2.129461266845     -2.135567836463     -2.143513245136    
 -2.151974239387     -2.162669125199     -2.178179345652     -2.192360308021    
 -2.209713663161     -2.238970918953     -2.262130112201     -2.289210370183    
 -2.352762859315     -2.411164923012     -2.496975991502     -2.950323308259    
 -2.998713026941     0.7888609052210E-30 -8.997706890106     -8.998195244674    
 -8.998683599241     -8.999171953808     -8.999660308376     -9.000148662943    
 -9.000637017510     -9.001597647780     -9.002610560817     -9.003623473854    
 -9.004636386892     -9.005649299929     -9.006650951359     -9.007639545068    
 -9.008628138778     -9.009616732487     -9.010605326196     -9.011671018950    
 -9.012784714492     -9.013898410034     -9.015012105576     -9.016144257394    
 -9.017320334838     -9.018496412283     -9.019672489728     -9.020904583321    
 -9.022206647597     -9.023508711874     -9.024812493881     -9.026262435002    
 -9.027712376123     -9.029162317243     -9.030688767615     -9.032219123715    
 -9.033810936421     -9.035616173958     -9.037421411496     -9.039195589787    
 -9.040961609093     -9.043027782062     -9.045274499001     -9.047327193134    
 -9.049293634468     -9.052054791457     -9.054528705635     -9.056576859832    
 -9.058341155036     -9.062333732843     -9.066185259819     -9.068807852268    
 -9.072695851326     -9.076697558165     -9.079812884331     -9.084366303682    
 -9.089342808723     -9.093130946159     -9.098538327217     -9.104827064276    
 -9.109547746181     -9.116072124243     -9.124142527580     -9.130184191465    
 -9.138208901882     -9.148547166586     -9.156686091423     -9.166781753302    
 -9.180301439762     -9.191506677866     -9.204529643059     -9.222589313984    
 -9.238293468952     -9.255489808321     -9.280015611649     -9.302134615183    
 -9.325035011768     -9.358116358519     -9.388114619255     -9.417123156786    
 -9.457378160954     -9.489960926771     -9.515967488289     -9.537677061558    
 -9.539556670189     -9.518301320076     -9.518714356422     -9.536684900522    
 -9.579858338833     -9.479674583673     -8.973051881790     -7.610587674379    
 -3.851367503405    -0.4069864302874    -0.4088249802589    -0.6139521786943    
-0.8777830515057    -0.9675563260292     -1.230436508357     -1.578745394992    
 -1.653896924760     -1.723824591329     -1.789274660870     -1.824447743222    
 -1.862368662097     -1.903495390248     -1.919099195302     -1.934037720319    
 -1.951314853691     -1.965455160663     -1.981432689726     -2.002827215660    
 -2.017834159546     -2.032448291685     -2.052140633389     -2.044832238927    
 -2.020362503827     -1.967507194728    -0.6995025204766     0.6969177256954    
 -1.934464341654     -1.617174565416     -2.571828628828     -1.610677990351    
 -1.453792199115     -2.080727505288     -1.500232193867     -1.840387353426    
 -2.282062229087     -1.888972250124     -2.250325322863     -2.609567603681    
 -2.475054458316     -1.705222591851     -1.927689592540     -2.016429088853    
 -2.051831252186     -2.120767539280     -2.144875063375     -2.140514421090    
 -2.130751504749     -2.121462465450     -2.112579606473     -2.111116094980    
 -2.108894915879     -2.105789791234     -2.104302638769     -2.102772673126    
 -2.100958476774     -2.099801658746     -2.098824797571     -2.097983911820    
 -2.097128302790     -2.096405536309     -2.096140301600     -2.095656517148    
 -2.095172658004     -2.095222620759     -2.095037237555     -2.094755036384    
 -2.095076114312     -2.095148335863     -2.095007251948     -2.095446497295    
 -2.095687709004     -2.095697881468     -2.096244837716     -2.096680687740    
 -2.096867196634     -2.097514312714     -2.098155902326     -2.098596627172    
 -2.099404637702     -2.100270097516     -2.100959769264     -2.102020558994    
 -2.103232706897     -2.104370147455     -2.105843118206     -2.107533946540    
 -2.109322589450     -2.111537355185     -2.114117369056     -2.117020531185    
 -2.120559238270     -2.124839414470     -2.129738034308     -2.135837699287    
 -2.143776577339     -2.152232577652     -2.162922603637     -2.178427637368    
 -2.192604212090     -2.209954285994     -2.239211149514     -2.262367747724    
 -2.289445829391     -2.353003829718     -2.411400473118     -2.497201378643    
 -2.950563606620     -2.998948983848     0.7888609052210E-30 -8.998520851135    
 -8.999089959707     -8.999659068280     -9.000228176852     -9.000797285424    
 -9.001366393996     -9.001935502568     -9.002861070949     -9.003826100824    
 -9.004791130700     -9.005756160575     -9.006721190451     -9.007737564879    
 -9.008813472806     -9.009889380732     -9.010965288659     -9.012041196586    
 -9.013135359269     -9.014240887581     -9.015346415894     -9.016451944206    
 -9.017601010900     -9.018853698205     -9.020106385511     -9.021359072817    
 -9.022661149474     -9.024024919173     -9.025388688871     -9.026753891217    
 -9.028240995332     -9.029728099448     -9.031215203564     -9.032916964785    
 -9.034629684059     -9.036350691547     -9.038100482118     -9.039850272689    
 -9.041919765342     -9.044073240848     -9.046131917216     -9.048133571415    
 -9.050617826738     -9.053316622292     -9.055515233125     -9.058208476858    
 -9.061649919847     -9.066287509772     -9.068202859163     -9.070500826836    
 -9.074773329496     -9.078153610229     -9.081746643782     -9.086941075325    
 -9.091154515743     -9.095338964462     -9.101761937141     -9.107127380371    
 -9.112091183662     -9.120166778564     -9.127134746313     -9.133153319359    
 -9.143499022722     -9.152726852894     -9.160650497675     -9.173748660088    
 -9.186205506325     -9.196946310997     -9.213889837265     -9.230997228622    
 -9.245935839415     -9.268259048462     -9.291974055767     -9.312943792343    
 -9.342306697369     -9.374610412121     -9.402571946383     -9.438102030754    
 -9.477254414558     -9.503110265732     -9.526725286245     -9.548419594765    
 -9.526948213577     -9.516405081749     -9.518611574173     -9.558530354500    
 -9.536691963673     -9.411013793945     -8.238988274336     -5.918039691448    
 -1.440065404773    -0.4079161882401    -0.4773211367428    -0.7727482318878    
-0.9255851655267     -1.058557729609     -1.430829989258     -1.616449577361    
 -1.685747181624     -1.759076016396     -1.799609847227     -1.812033674680    
 -1.866276231455     -1.904850017466     -1.925143570919     -1.947903823480    
 -1.964063287713     -1.969332597405     -1.986802471615     -2.004508518428    
 -2.017754813563     -2.034135610797     -2.050542906299     -2.063904027268    
 -2.057360569015     -2.035685344832     -1.979441046133    -0.5600877241504    
 0.9860606732931     -1.958661844019     -1.625843852395     -2.578187795232    
 -1.617328407825     -1.459691475022     -2.086198959243     -1.505144596597    
 -1.845223459974     -2.286564382623     -1.893581891640     -2.254801442624    
 -2.613583178923     -2.478489299571     -1.708269866183     -1.930546944961    
 -2.019096574577     -2.054309387354     -2.123059027683     -2.147002525628    
 -2.142493624054     -2.132601996139     -2.123190927506     -2.114191766828    
 -2.112627156638     -2.110312175006     -2.107121760026     -2.105557907000    
 -2.103956239764     -2.102077194862     -2.100862182118     -2.099830394238    
 -2.098939212784     -2.098037700169     -2.097271466721     -2.096966494992    
 -2.096445463784     -2.095926016010     -2.095943422522     -2.095727184787    
 -2.095415395126     -2.095709314197     -2.095755539928     -2.095589457080    
 -2.096005804092     -2.096224941686     -2.096214001626     -2.096741455793    
 -2.097158482298     -2.097327038646     -2.097957394645     -2.098582818359    
 -2.099008226395     -2.099801608361     -2.100652887765     -2.101329184696    
 -2.102377421875     -2.103577553108     -2.104703914374     -2.106166345254    
 -2.107847031020     -2.109626253322     -2.111832127161     -2.114403702319    
 -2.117298905179     -2.120830125734     -2.125103366934     -2.129995297641    
 -2.136088473722     -2.144021150470     -2.152472373471     -2.163157700002    
 -2.178657626919     -2.192830206826     -2.210177401267     -2.239433991164    
 -2.262588097900     -2.289664039016     -2.353227250278     -2.411618784070    
 -2.497410109267     -2.950786512345     -2.999167823792     0.7888609052210E-30
 -8.999932765961     -9.000430990028     -9.000929214095     -9.001427438162    
 -9.001925662229     -9.002423886296     -9.002922110363     -9.003925097911    
 -9.004983964752     -9.006042831593     -9.007101698434     -9.008160565275    
 -9.009210512440     -9.010250117328     -9.011289722217     -9.012329327106    
 -9.013368931994     -9.014505603370     -9.015702709502     -9.016899815633    
 -9.018096921764     -9.019317047470     -9.020591959373     -9.021866871277    
 -9.023141783181     -9.024485861604     -9.025916337052     -9.027346812500    
 -9.028779391024     -9.030390917158     -9.032002443292     -9.033613969426    
 -9.035320775906     -9.037032446363     -9.038819554605     -9.040868641136    
 -9.042917727668     -9.044932321321     -9.046937854005     -9.049312690124    
 -9.051909664157     -9.054275410741     -9.056538365210     -9.059777704329    
 -9.062672496988     -9.065054537366     -9.067080227734     -9.071873641014    
 -9.076501321793     -9.079623854160     -9.084331750870     -9.089192819595    
 -9.092979097366     -9.098578655720     -9.104723632336     -9.109435945749    
 -9.116205286980     -9.124104201794     -9.130130290985     -9.138468599319    
 -9.148788809776     -9.156719505787     -9.167219436169     -9.180716806650    
 -9.191675877571     -9.205224245787     -9.223253929615     -9.238673269749    
 -9.256553053856     -9.281036704779     -9.302819967270     -9.326572847366    
 -9.359591507912     -9.389106988907     -9.418942058086     -9.459098190069    
 -9.490443420410     -9.515951591730     -9.537496817112     -9.535850965977    
 -9.514327049255     -9.516305887699     -9.537338781357     -9.580601406097    
 -9.468299484253     -8.867348293463     -7.505300211906     -3.506727293134    
-0.4071120977402    -0.4087301224470    -0.6361502353102    -0.8838846191764    
-0.9735311515629     -1.258524175175     -1.583963186620     -1.654341485933    
 -1.722822010238     -1.786478708498     -1.806482806802     -1.832584801968    
 -1.863913565874     -1.897436629049     -1.929121205583     -1.958660881035    
 -1.971282658353     -1.982498540543     -1.993720710278     -2.005388458446    
 -2.018849558383     -2.036163417716     -2.048919409513     -2.061508579366    
 -2.078099543601     -2.068875490781     -2.042994198715     -1.988601465826    
-0.7021508712194     0.7126047439009     -1.953210709461     -1.632833396159    
 -2.585061654200     -1.623294845521     -1.464930436351     -2.091036009718    
 -1.509481293957     -1.849521952495     -2.290586234290     -1.897730549094    
 -2.258824166656     -2.617237447547     -2.481606728797     -1.711016757879    
 -1.933127429336     -2.021510206134     -2.056556147465     -2.125139902899    
 -2.148937734216     -2.144297228567     -2.134291110188     -2.124771239143    
 -2.115668151528     -2.114013052173     -2.111614004709     -2.108347017784    
 -2.106714259461     -2.105048189871     -2.103110925108     -2.101842941809    
 -2.100761064887     -2.099824130349     -2.098880807869     -2.098074940220    
 -2.097733643278     -2.097178498842     -2.096626421064     -2.096613948233    
 -2.096369319782     -2.096030256432     -2.096299141459     -2.096321324073    
 -2.096132047474     -2.096527235955     -2.096725926362     -2.096695369016    
 -2.097204585001     -2.097604027949     -2.097755864263     -2.098370596394    
 -2.098980906233     -2.099391899444     -2.100171620958     -2.101009669621    
 -2.101673413813     -2.102709877770     -2.103898728825     -2.105014616158    
 -2.106467165425     -2.108138388768     -2.109908736497     -2.112106220797    
 -2.114669822156     -2.117557508871     -2.121081682667     -2.125348424725    
 -2.130234061927     -2.136321217753     -2.144248284027     -2.152694746852    
 -2.163375406712     -2.178870529495     -2.193039380014     -2.210383866541    
 -2.239640078694     -2.262791866437     -2.289865846932     -2.353433813900    
 -2.411820551753     -2.497602972388     -2.950992804766     -2.999370259047    
 0.7888609052210E-30 -9.000898599625     -9.001493329809     -9.002088059993    
 -9.002682790177     -9.003277520361     -9.003872250545     -9.004466980729    
 -9.005422994456     -9.006419003685     -9.007415012914     -9.008411022143    
 -9.009407031371     -9.010470791176     -9.011613107099     -9.012755423023    
 -9.013897738946     -9.015040054869     -9.016207295034     -9.017390053330    
 -9.018572811626     -9.019755569922     -9.020992223849     -9.022357148471    
 -9.023722073092     -9.025086997714     -9.026512918494     -9.028015030569    
 -9.029517142644     -9.031021026583     -9.032675675815     -9.034330325047    
 -9.035984974278     -9.037903720441     -9.039835948516     -9.041779210330    
 -9.043760789812     -9.045742369295     -9.048118368478     -9.050597978158    
 -9.052966915990     -9.055269284135     -9.058166482580     -9.061328112712    
 -9.063892571605     -9.067065321635     -9.071158156720     -9.076731687907    
 -9.078991985321     -9.081735563278     -9.086921936274     -9.091030120850    
 -9.095419347286     -9.101823568344     -9.107049548626     -9.112267673016    
 -9.120322734118     -9.127119660378     -9.133461922407     -9.143784224987    
 -9.152806681395     -9.160714983940     -9.174216073751     -9.186431777477    
 -9.197147864103     -9.214619827271     -9.231449574232     -9.246350991726    
 -9.269365304708     -9.292754626274     -9.313668805361     -9.343897283077    
 -9.375732547045     -9.403609466553     -9.439985823631     -9.477919983864    
 -9.503645658493     -9.526786351204     -9.544987189770     -9.523297142982    
 -9.514329725504     -9.516267418861     -9.559448295832     -9.525099420547    
 -9.400299167633     -8.133573770523     -5.573305428028     -1.095625058810    
-0.4079342454672    -0.4997259289026    -0.7949029572308    -0.9318567402661    
 -1.086496882699     -1.458314801753     -1.621203303104     -1.691007737909    
 -1.759566161083     -1.794690199383     -1.810812782147     -1.849675785052    
 -1.873374722758     -1.884075890295     -1.926861497061     -1.958083462622    
 -1.975814513443     -1.992899710685     -2.004688711837     -2.008089913055    
 -2.021824175492     -2.036195363104     -2.047772470955     -2.061415702105    
 -2.075143615901     -2.087087681890     -2.078402879182     -2.054557305155    
 -1.997753612348    -0.5938371494285     0.9370092361653     -1.972143798195    
 -1.639606298808     -2.589951418588     -1.628485282822     -1.469511337486    
 -2.095298102474     -1.513331950953     -1.853357970467     -2.294193159865    
 -1.901475624575     -2.262469738402     -2.620576625742     -2.484450119681    
 -1.713503344543     -1.935466437787     -2.023701781692     -2.058600215253    
 -2.127035695856     -2.150703473017     -2.145945532154     -2.135836750828    
 -2.126219403557     -2.117023285478     -2.115286669601     -2.112811877392    
 -2.109475879464     -2.107780987769     -2.106056739576     -2.104066706821    
 -2.102750558406     -2.101623117551     -2.100644588750     -2.099663058296    
 -2.098820907716     -2.098446358368     -2.097859952226     -2.097277930193    
 -2.097237892915     -2.096967095509     -2.096602897905     -2.096848598868    
 -2.096848543361     -2.096637839451     -2.097013305314     -2.097192912921    
 -2.097144019231     -2.097636361793     -2.098019459285     -2.098155599833    
 -2.098755688313     -2.099351862818     -2.099749433994     -2.100516350940    
 -2.101341957692     -2.101993851364     -2.103019251861     -2.104197527282    
 -2.105303598102     -2.106746855378     -2.108409160841     -2.110171146132    
 -2.112360680662     -2.114916685969     -2.117797394097     -2.121314916760    
 -2.125575389713     -2.130455171317     -2.136536818929     -2.144458877668    
 -2.152900505066     -2.163576474041     -2.179067160748     -2.193232532591    
 -2.210574470833     -2.239830278605     -2.262979861535     -2.290051981807    
 -2.353624384850     -2.412006638944     -2.497780746967     -2.951183219254    
 -2.999557046592     0.7888609052210E-30 -9.002588510513     -9.003094082960    
 -9.003599655407     -9.004105227854     -9.004610800301     -9.005116372748    
 -9.005621945195     -9.006668756062     -9.007775484140     -9.008882212219    
 -9.009988940297     -9.011095668375     -9.012196313559     -9.013289905690    
 -9.014383497820     -9.015477089951     -9.016570682081     -9.017785867781    
 -9.019076759090     -9.020367650399     -9.021658541709     -9.022978195726    
 -9.024366304504     -9.025754413282     -9.027142522059     -9.028616334918    
 -9.030197202141     -9.031778069364     -9.033361527609     -9.035165452099    
 -9.036969376588     -9.038773301078     -9.040697800675     -9.042628455524    
 -9.044652273638     -9.046999626612     -9.049346979585     -9.051659173742    
 -9.053962131994     -9.056721239937     -9.059754724263     -9.062516461816    
 -9.065157394397     -9.069001930525     -9.072435905703     -9.075256356023    
 -9.077639302734     -9.083460271358     -9.089090633392     -9.092885667086    
 -9.098677754402     -9.104681181908     -9.109392023087     -9.116404414177    
 -9.124129283428     -9.130146771669     -9.138799595833     -9.148916006088    
 -9.156830430031     -9.167738413811     -9.181212306023     -9.191933816671    
 -9.206015026569     -9.224015885592     -9.239159584045     -9.257734298706    
 -9.282179594040     -9.303638267517     -9.328260946274     -9.361224436760    
 -9.390271902084     -9.420959573984     -9.461030626297     -9.491159319878    
 -9.516206943989     -9.537612229586     -9.532469749451     -9.512543320656    
 -9.514317750931     -9.538477581739     -9.581824898720     -9.457328623533    
 -8.761825776100     -7.400148594379     -3.162171781063    -0.4072391837835    
-0.4086839497089    -0.6584836159522    -0.8902672265967    -0.9799149801955    
 -1.286404855549     -1.588384989195     -1.658490528725     -1.727272017777    
 -1.787363507319     -1.802896567388     -1.829214418121     -1.861129972478    
 -1.879332040343     -1.898367740074     -1.918117981404     -1.949322276097    
 -1.976964059658     -2.000449580234     -2.010836662725     -2.019326939248    
 -2.026528784633     -2.036051256862     -2.047328452766     -2.061604429595    
 -2.072571217082     -2.083537688572     -2.097812296078     -2.087105255574    
 -2.060119442828     -2.004666633438    -0.7045706484472     0.7237144265109    
 -1.967653125570     -1.645030507811     -2.595310365160     -1.633171602406    
 -1.473621285074     -2.099105587671     -1.516798486312     -1.856794984267    
 -2.297437275778     -1.904866304166     -2.265791326693     -2.623634963934    
 -2.487052293229     -1.715760303941     -1.937592928857     -2.025697799353    
 -2.060465325881     -2.128767526941     -2.152318783104     -2.147455847170    
 -2.137254692800     -2.127549638972     -2.118269814178     -2.116459527239    
 -2.113916303776     -2.110517987702     -2.108766632900     -2.106989523396    
 -2.104951611534     -2.103591706418     -2.102422782779     -2.101406201068    
 -2.100389624014     -2.099514133949     -2.099108929187     -2.098493712489    
 -2.097884098627     -2.097818662878     -2.097523657605     -2.097136153560    
 -2.097360435687     -2.097339735832     -2.097109051421     -2.097466243897    
 -2.097628134117     -2.097562171705     -2.098038709536     -2.098406520206    
 -2.098528034054     -2.099114399403     -2.099697310850     -2.100082284492    
 -2.100837226957     -2.101651203446     -2.102291991189     -2.103306967206    
 -2.104475246370     -2.105572010390     -2.107006416842     -2.108660212811    
 -2.110414364748     -2.112596441433     -2.115145310760     -2.118019376881    
 -2.121530616283     -2.125785224512     -2.130659447610     -2.136735883541    
 -2.144653244689     -2.153090328164     -2.163761851937     -2.179248252697    
 -2.193410366774     -2.210749931261     -2.240005283803     -2.263152802177    
 -2.290223196149     -2.353799667209     -2.412177692354     -2.497944035381    
 -2.951358537376     -2.999728956819     0.7888609052210E-30 -9.003724336624    
 -9.004345841490     -9.004967346357     -9.005588851223     -9.006210356089    
 -9.006831860955     -9.007453365821     -9.008438380417     -9.009463636962    
 -9.010488893506     -9.011514150051     -9.012539406595     -9.013652685578    
 -9.014868025702     -9.016083365826     -9.017298705950     -9.018514046074    
 -9.019762547975     -9.021031696796     -9.022300845616     -9.023569994436    
 -9.024905997477     -9.026401112432     -9.027896227387     -9.029391342343    
 -9.030962117018     -9.032627399481     -9.034292681944     -9.035960176689    
 -9.037815911223     -9.039671645758     -9.041527380293     -9.043710019100    
 -9.045909346078     -9.048124044508     -9.050392124497     -9.052660204486    
 -9.055417161020     -9.058302541011     -9.061062464765     -9.063746925950    
 -9.067167589828     -9.070915532464     -9.073957624398     -9.077750070735    
 -9.082677734616     -9.089452999529     -9.092193746567     -9.095550107956    
 -9.101942086220     -9.107040584087     -9.112517273426     -9.120548081398    
 -9.127178239822     -9.133845710754     -9.144142210484     -9.152963519096    
 -9.161291539669     -9.174764037132     -9.186743175983     -9.197442293167    
 -9.215442919731     -9.232000482082     -9.246874469519     -9.270583796501    
 -9.293654710054     -9.314526116848     -9.345628499985     -9.377005767822    
 -9.404816126823     -9.442052900791     -9.478784722090     -9.504406952858    
 -9.527095919847     -9.541827440262     -9.519963204861     -9.512615418434    
 -9.517536514997     -9.560810840130     -9.513978838921     -9.389912843704    
 -8.028387637933     -5.228711036841    -0.7511911412082    -0.4079733848572    
-0.5222307968264    -0.8172081928700    -0.9383164052851     -1.114600405842    
 -1.486158232111     -1.625721540535     -1.695280146622     -1.763484262768    
 -1.795031574625     -1.813217258966     -1.847519513569     -1.868427663669    
 -1.882101234840     -1.909415642638     -1.926355055813     -1.934401616454    
 -1.971226083674     -1.998378958367     -2.014248308446     -2.027418913692    
 -2.036039304454     -2.037739184685     -2.048623140622     -2.060409527272    
 -2.070469261147     -2.082047848031     -2.093803124316     -2.104628512263    
 -2.094349108730     -2.068914636970     -2.011716780253    -0.6196296328419    
 0.8994764284117     -1.982663911626     -1.650352991158     -2.599172845979    
 -1.637261809781     -1.477247128525     -2.102504790923     -1.519912920892    
 -1.859895076355     -2.300375732535     -1.907950421671     -2.268824076550    
 -2.626450237551     -2.489444788812     -1.717816245649     -1.939532329142    
 -2.027521179517     -2.062172187853     -2.130353857035     -2.153800150752    
 -2.148842835519     -2.138557528891     -2.128771749977     -2.119414137676    
 -2.117539935652     -2.114936221391     -2.111481409520     -2.109678389132    
 -2.107853038237     -2.105771719664     -2.104371787515     -2.103164894879    
 -2.102113592159     -2.101064790972     -2.100158590544     -2.099725224450    
 -2.099083428923     -2.098448313400     -2.098359432071     -2.098041945323    
 -2.097632713895     -2.097837086953     -2.097797208838     -2.097547972575    
 -2.097888062429     -2.098033400998     -2.097951529734     -2.098413296416    
 -2.098766799551     -2.098874595948     -2.099448150489     -2.100018653274    
 -2.100391752180     -2.101135403849     -2.101938425377     -2.102568793669    
 -2.103573983908     -2.104732864350     -2.105820809491     -2.107246914133    
 -2.108892773744     -2.110639496706     -2.112814513408     -2.115356639028    
 -2.118224411830     -2.121729687601     -2.125978716835     -2.130847736448    
 -2.136919255368     -2.144832107797     -2.153264889494     -2.163932226598    
 -2.179414615035     -2.193573605269     -2.210910861194     -2.240165734291    
 -2.263311349973     -2.290380170196     -2.353960355744     -2.412334409356    
 -2.498093527183     -2.951519405097     -2.999886626005     0.7888609052210E-30
 -9.005738496780     -9.006248407898     -9.006758319016     -9.007268230134    
 -9.007778141252     -9.008288052371     -9.008797963489     -9.009890192671    
 -9.011046886740     -9.012203580810     -9.013360274880     -9.014516968949    
 -9.015671230410     -9.016822671284     -9.017974112158     -9.019125553032    
 -9.020276993906     -9.021580388884     -9.022978392303     -9.024376395723    
 -9.025774399142     -9.027208441916     -9.028728257748     -9.030248073580    
 -9.031767889412     -9.033394438786     -9.035154310765     -9.036914182744    
 -9.038677270113     -9.040713950257     -9.042750630401     -9.044787310544    
 -9.046978862554     -9.049178320634     -9.051493718173     -9.054211747110    
 -9.056929776048     -9.059616832301     -9.062295752311     -9.065541595137    
 -9.069128444951     -9.072400953261     -9.075533721121     -9.080156027580    
 -9.084294337704     -9.087705793496     -9.090591009791     -9.097752493620    
 -9.104701232910     -9.109421914816     -9.116677343845     -9.124231749773    
 -9.130247998238     -9.139211404324     -9.149120485783     -9.157026618719    
 -9.168342185020     -9.181577783823     -9.192283022404     -9.206899857521    
 -9.224869489670     -9.239748436213     -9.259024667740     -9.283431065083    
 -9.304577255249     -9.330081105232     -9.362991905212     -9.391586160660    
 -9.423144364357     -9.463137310743     -9.492067694664     -9.516680848598    
 -9.537965798378     -9.529349052906     -9.511057281494     -9.512645900249    
 -9.540022873878     -9.570646947622     -9.446823561192     -8.656560438871    
 -7.295063257217     -2.817721062899    -0.4074144124985    -0.4086492300034    
-0.6809009537101    -0.8968105805106    -0.9864372647678     -1.314435216691    
 -1.593067956530     -1.663113450585     -1.731607009191     -1.787463567173    
 -1.802748725191     -1.830978703359     -1.861861862522     -1.875694623450    
 -1.894319375046     -1.915478494111     -1.931110092811     -1.945657295734    
 -1.959275016561     -1.988546589110     -2.013305453397     -2.032799491379    
 -2.041177076101     -2.047385713551     -2.051606229134     -2.059382970631    
 -2.068901684135     -2.080885014962     -2.090468093753     -2.100188422576    
 -2.112766503543     -2.100963880401     -2.073165781703     -2.016989844153    
-0.7066524014149     0.7317387678346     -1.979089659337     -1.654622040106    
 -2.603442939122     -1.640989490700     -1.480528898799     -2.105572241754    
 -1.522712828964     -1.862697115541     -2.303040434277     -1.910759809200    
 -2.271597428254     -2.629039997234     -2.491641557776     -1.719693365227    
 -1.941305842623     -2.029191206710     -2.063737902674     -2.131810423161    
 -2.155161654204     -2.150118677784     -2.139754882641     -2.129895504005    
 -2.120468482375     -2.118537216727     -2.115878754482     -2.112371896207    
 -2.110522262007     -2.108653378207     -2.106532731839     -2.105095903948    
 -2.103854007646     -2.102770963497     -2.101692443714     -2.100757865515    
 -2.100298568234     -2.099632176757     -2.098973407783     -2.098862792831    
 -2.098524447903     -2.098095043469     -2.098280899785     -2.098223104700    
 -2.097956465557     -2.098280676827     -2.098410564847     -2.098313742410    
 -2.098761695623     -2.099101797678     -2.099196701124     -2.099758211989    
 -2.100317069143     -2.100679070596     -2.101412099786     -2.102204793878    
 -2.102825343236     -2.103821313847     -2.104971346632     -2.106051024981    
 -2.107469269633     -2.109107569233     -2.110847280920     -2.113015644252    
 -2.115551423281     -2.118413290195     -2.121912922710     -2.126156615093    
 -2.131020693481     -2.137087561190     -2.144996173680     -2.153424918279    
 -2.164088307321     -2.179566865042     -2.193722929806     -2.211058023013    
 -2.240312370658     -2.263456180133     -2.290523517877     -2.354107132182    
 -2.412477470934     -2.498229860887     -2.951666431874     -3.000030629337    
 0.7888609052210E-30 -9.007063865662     -9.007713532803     -9.008363199944    
 -9.009012867086     -9.009662534227     -9.010312201368     -9.010961868510    
 -9.011974364173     -9.013027026374     -9.014079688574     -9.015132350775    
 -9.016185012975     -9.017350728902     -9.018647529502     -9.019944330102    
 -9.021241130702     -9.022537931302     -9.023878329054     -9.025245870915    
 -9.026613412776     -9.027980954637     -9.029431590027     -9.031079986611    
 -9.032728383196     -9.034376779781     -9.036119560367     -9.037980237547    
 -9.039840914726     -9.041704384780     -9.043805496363     -9.045906607946    
 -9.048007719529     -9.050516565881     -9.053046226728     -9.055598042526    
 -9.058226797435     -9.060855552344     -9.064094440820     -9.067493605880    
 -9.070755738912     -9.073935446475     -9.078031307946     -9.082534445450    
 -9.086214239783     -9.090823148731     -9.096838512025     -9.105181659328    
 -9.108609920740     -9.112830567360     -9.120844715834     -9.127322614193    
 -9.134320020676     -9.144585371017     -9.153210496902     -9.161959457397    
 -9.175398945808     -9.187146186829     -9.198395389318     -9.216359984875    
 -9.232650518417     -9.247506141663     -9.271908587217     -9.294667196274    
 -9.315507996082     -9.347485828400     -9.378412812948     -9.406173503399    
 -9.444276827574     -9.479816770554     -9.505358028412     -9.527608156204    
 -9.538884687424     -9.516873693466     -9.511181366444     -9.519180428982    
 -9.562592059374     -9.503279519081     -9.284554954370     -7.923317376773    
 -4.884163676699    -0.4067961573601    -0.4080162137747    -0.5447505380958    
-0.8395848416413    -0.9448938087871     -1.142807258759     -1.514157926105    
 -1.630458992429     -1.699819520302     -1.767902309808     -1.795272047631    
 -1.814773522690     -1.848760506883     -1.868593089376     -1.883572645485    
 -1.906460205093     -1.921394839510     -1.932217321498     -1.953340913262    
 -1.966401043069     -1.972549634054     -2.005354216415     -2.029518830217    
 -2.043603480700     -2.053819112852     -2.059977299999     -2.060159444250    
 -2.068886569329     -2.078731980175     -2.087597860023     -2.097649782896    
 -2.107961430214     -2.117952782661     -2.106510074809     -2.079927830491    
 -2.022472505225    -0.6395875642614     0.8703589843871     -1.991077691293    
 -1.658895423938     -2.606579367320     -1.644283272360     -1.483449827483    
 -2.108335663401     -1.525248058885     -1.865244107446     -2.305468807565    
 -1.913330514150     -2.274144385034     -2.631428919545     -2.493667179719    
 -1.721412647981     -1.942931689322     -2.030724200944     -2.065177293611    
 -2.133150654670     -2.156415197253     -2.151293777395     -2.140856946819    
 -2.130930897500     -2.121442660689     -2.119459358323     -2.116750964895    
 -2.113196631894     -2.111304583400     -2.109395892825     -2.107238936983    
 -2.105768353585     -2.104494351149     -2.103381867148     -2.102275978774    
 -2.101315251552     -2.100831799209     -2.100142581202     -2.099461888894    
 -2.099331070669     -2.098973362148     -2.098525234964     -2.098693761043    
 -2.098619240057     -2.098336393014     -2.098645724542     -2.098761139624    
 -2.098650318850     -2.099085310847     -2.099412844516     -2.099495669827    
 -2.100045871921     -2.100593760237     -2.100945242960     -2.101668315940    
 -2.102451353054     -2.103062680364     -2.104049942736     -2.105191600882    
 -2.106263483409     -2.107674347982     -2.109305565059     -2.111038646847    
 -2.113200704940     -2.115730457008     -2.118586669862     -2.122080969065    
 -2.126319702342     -2.131179130077     -2.137241596356     -2.145146165043    
 -2.153571033850     -2.164230664074     -2.179705657437     -2.193858958781    
 -2.211191991530     -2.240445820987     -2.263587911986     -2.290653819591    
 -2.354240523651     -2.412607416511     -2.498353629932     -2.951800274104    
 -3.000161641836     0.7888609052210E-30 -9.009456396103     -9.009966971702    
 -9.010477547301     -9.010988122900     -9.011498698500     -9.012009274099    
 -9.012519849698     -9.013659815533     -9.014869457330     -9.016079099127    
 -9.017288740923     -9.018498382720     -9.019710264621     -9.020924743901    
 -9.022139223180     -9.023353702460     -9.024568181740     -9.025972456256    
 -9.027494899556     -9.029017342856     -9.030539786156     -9.032107543703    
 -9.033783148396     -9.035458753089     -9.037134357782     -9.038943785188    
 -9.040920372721     -9.042896960255     -9.044877568065     -9.047200255240    
 -9.049522942415     -9.051845629589     -9.054371308212     -9.056907349367    
 -9.059588621603     -9.062774248390     -9.065959875178     -9.069128502300    
 -9.072292663764     -9.076166141674     -9.080466277071     -9.084411703573    
 -9.088199444308     -9.093839247912     -9.098916331674     -9.103143302544    
 -9.106755832559     -9.115697252750     -9.124412822723     -9.130440229177    
 -9.139714717865     -9.149422168732     -9.157325744629     -9.169044011831    
 -9.182039368153     -9.192733913660     -9.207885217667     -9.225585216284    
 -9.240443861485     -9.260423952341     -9.284793853760     -9.305634731054    
 -9.332025527954     -9.364891231060     -9.393040108681     -9.425478279591    
 -9.465408229828     -9.493152642250     -9.517345166206     -9.538530933857    
 -9.526464521885     -9.509843093157     -9.511290454865     -9.541831469536    
 -9.559646880627     -9.436353653669     -8.551414775848     -6.950729712844    
 -2.473432809114    -0.4075773000717    -0.4086715579033    -0.7033953348796    
-0.9034417557841    -0.9930312612715     -1.342589928955     -1.597937977465    
 -1.667886480340     -1.736154188600     -1.787887070701     -1.803104191739    
 -1.832642055117     -1.861800580099     -1.875373901427     -1.895162349474    
 -1.915987837035     -1.927324509947     -1.941234977730     -1.956602362823    
 -1.970149294101     -1.981601535622     -1.991258328781     -2.018675989751    
 -2.041047133133     -2.057530672662     -2.064231002331     -2.068605417386    
 -2.070562797040     -2.076987054851     -2.085168071091     -2.095474434551    
 -2.104034148157     -2.112835629657     -2.124189653993     -2.111594982538    
 -2.083210125007     -2.026520500425    -0.7084781540297     0.7374506976340    
 -1.988239016762     -1.662332342256     -2.610060445964     -1.647308510257    
 -1.486127950649     -2.110846487549     -1.527540641775     -1.867562402537    
 -2.307685413665     -1.915688389954     -2.276490277924     -2.633639339090    
 -2.495538424967     -1.722989878990     -1.944425650686     -2.032134557178    
 -2.066502926755     -2.134386236023     -2.157571862265     -2.152378884889    
 -2.141875286773     -2.131888319645     -2.122344179079     -2.120313317236    
 -2.117559272610     -2.113961514737     -2.112030568719     -2.110085352324    
 -2.107895061746     -2.106393195596     -2.105089425668     -2.103949744068    
 -2.102818620391     -2.101833749749     -2.101327831298     -2.100617420394    
 -2.099916371517     -2.099766684230     -2.099390856922     -2.098925195448    
 -2.099077574164     -2.098987435829     -2.098689425737     -2.098984803725    
 -2.099086667597     -2.098962765001     -2.099385574833     -2.099701283034    
 -2.099772733636     -2.100312285312     -2.100849869475     -2.101191530842    
 -2.101905235089     -2.102679151576     -2.103281732649     -2.104260801151    
 -2.105394600518     -2.106459117029     -2.107862987369     -2.109487479366    
 -2.111214277521     -2.113370368816     -2.115894425660     -2.118745350093    
 -2.122234613448     -2.126468605548     -2.131323600560     -2.137381887063    
 -2.145282639563     -2.153703890927     -2.164359986782     -2.179831551388    
 -2.193982219324     -2.211313288100     -2.240566589683     -2.263707091659    
 -2.290771689266     -2.354361211881     -2.412724858522     -2.498465315998    
 -2.951921573281     -3.000280295312     0.7888609052210E-30 -9.010994434357    
 -9.011674120412     -9.012353806467     -9.013033492522     -9.013713178577    
 -9.014392864632     -9.015072550687     -9.016110797757     -9.017188738935    
 -9.018266680112     -9.019344621289     -9.020422562466     -9.021644664581    
 -9.023033919869     -9.024423175158     -9.025812430446     -9.027201685735    
 -9.028647822571     -9.030129374540     -9.031610926509     -9.033092478478    
 -9.034677726706     -9.036509770284     -9.038341813861     -9.040173857438    
 -9.042124606534     -9.044223632627     -9.046322658719     -9.048425250742    
 -9.050831262493     -9.053237274244     -9.055643285996     -9.058562058943    
 -9.061507007892     -9.064484765674     -9.067576461084     -9.070668156494    
 -9.074527460570     -9.078588408519     -9.082508925037     -9.086344971328    
 -9.091328177427     -9.096821353186     -9.101372825206     -9.107080348818    
 -9.114539506513     -9.124965509107     -9.129402971268     -9.134873127937    
 -9.145116704702     -9.153562843800     -9.162737578154     -9.176138401031    
 -9.187658995390     -9.199457693100     -9.217382073402     -9.233410692215    
 -9.248986399174     -9.273345375061     -9.295797473192     -9.316615104675    
 -9.349469494820     -9.379954528809     -9.407675313950     -9.446651721001    
 -9.481013178825     -9.506489968300     -9.528313273191     -9.536155366898    
 -9.514034342766     -9.510010659695     -9.521126490831     -9.564610028267    
 -9.492814636230     -9.179335832596     -7.818391203880     -4.539790463447    
-0.4071270883083    -0.4081329345703    -0.5673060157647    -0.8620510126154    
-0.9515588833330     -1.171080320142     -1.542284250725     -1.635359572014    
 -1.704519428022     -1.772498354153     -1.795743733062     -1.816631000489    
 -1.850512604578     -1.868670987431     -1.884218642628     -1.906787093543    
 -1.921356201405     -1.933271502052     -1.950144812698     -1.961530233920    
 -1.970180062763     -1.987161953747     -1.997344355751     -2.001698624343    
 -2.031463272031     -2.053269102052     -2.065789644793     -2.073783062398    
 -2.078071955591     -2.077037226409     -2.084172708914     -2.092596300691    
 -2.100575779006     -2.109518880025     -2.118788413703     -2.128182433546    
 -2.115897363238     -2.088481543027     -2.030839929823    -0.6552568902401    
 0.8473730270371     -1.997922649223     -1.665823099657     -2.612637965878    
 -1.649997650547     -1.488529924043     -2.113125650933     -1.529627236600    
 -1.869683242590     -2.309719877999     -1.917856777211     -2.278656455520    
 -2.635688584536     -2.497272427327     -1.724439811520     -1.945800717175    
 -2.033433885488     -2.067725217878     -2.135526477301     -2.158639987931    
 -2.153381483164     -2.142816909589     -2.132774220221     -2.123178860173    
 -2.121104482654     -2.118308612145     -2.114670999814     -2.112704267353    
 -2.110725407954     -2.108504361473     -2.106973715592     -2.105642491207    
 -2.104477528576     -2.103322992101     -2.102315712254     -2.101788861677    
 -2.101058746595     -2.100338781811     -2.100171512458     -2.099778819829    
 -2.099296837859     -2.099434058368     -2.099329300970     -2.099017133936    
 -2.099299376830     -2.099388503470     -2.099252327811     -2.099663686007    
 -2.099968279712     -2.100029045716     -2.100558575615     -2.101086458564    
 -2.101418868825     -2.102123687975     -2.102888969705     -2.103483384475    
 -2.104454723373     -2.105581081659     -2.106638676487     -2.108035936579    
 -2.109654050320     -2.111374918371     -2.113525348157     -2.116043973714    
 -2.118889926933     -2.122374435887     -2.126603926532     -2.131454744190    
 -2.137509069406     -2.145406163111     -2.153824056871     -2.164476853609    
 -2.179945127480     -2.194093318656     -2.211422543786     -2.240675298125    
 -2.263814250380     -2.290877557546     -2.354469666257     -2.412830325961    
 -2.498565500230     -2.952030716836     -3.000386929512     0.7888609052210E-30
 -9.013830184937     -9.014337008171     -9.014843831406     -9.015350654641    
 -9.015857477876     -9.016364301111     -9.016871124346     -9.018062077858    
 -9.019328767268     -9.020595456678     -9.021862146087     -9.023128835497    
 -9.024403785194     -9.025688312612     -9.026972840031     -9.028257367449    
 -9.029541894867     -9.031063597437     -9.032732968090     -9.034402338743    
 -9.036071709396     -9.037798521937     -9.039662045202     -9.041525568468    
 -9.043389091733     -9.045421504684     -9.047664880490     -9.049908256296    
 -9.052156710029     -9.054837237110     -9.057517764191     -9.060198291271    
 -9.063149648047     -9.066114830437     -9.069263676872     -9.073050346818    
 -9.076837016764     -9.080637193961     -9.084440919390     -9.089139453530    
 -9.094376219708     -9.099226923408     -9.103906003114     -9.110904191973    
 -9.117260327765     -9.122639240074     -9.127331845131     -9.138683593273    
 -9.149817180634     -9.157735711336     -9.169856309891     -9.182617062330    
 -9.193309593201     -9.208987599611     -9.226412749290     -9.241260468960    
 -9.261941194534     -9.285997760296     -9.306816864014     -9.334095811844    
 -9.366911768913     -9.394629919529     -9.427954602242     -9.467820239067    
 -9.494394636154     -9.518178820610     -9.539270830154     -9.523770296574    
 -9.508840298653     -9.510163682699     -9.543969154358     -9.549116832018    
 -9.426256442070     -8.446385478973     -6.606174570322     -2.129008695483    
-0.4076621651649    -0.4312849686171    -0.7258946934094    -0.9101135070125    
-0.9997115395963     -1.370824144408     -1.602911363984     -1.672802300786    
 -1.740870253835     -1.788489128463     -1.803632542118     -1.834529042803    
 -1.862057867460     -1.875564976363     -1.895924031269     -1.915717630694    
 -1.926774432510     -1.941612086212     -1.957031522505     -1.966408680659    
 -1.977036784589     -1.988463992439     -2.000098353997     -2.009054631740    
 -2.015715409070     -2.041551748291     -2.062018087134     -2.076219425537    
 -2.081619515270     -2.084603157826     -2.084893984720     -2.090307106264    
 -2.097497657686     -2.106591942161     -2.114413278177     -2.122552983463    
 -2.133026868105     -2.119864159636     -2.091063427925     -2.034031907097    
-0.7101540604878     0.7414437742589     -1.995703624280     -1.668636895133    
 -2.615491223832     -1.652474981275     -1.490738238792     -2.115210679126    
 -1.531532067433     -1.871631624426     -2.311586605834     -1.919854092350    
 -2.280657777271     -2.637589266310     -2.498877844241     -1.725774860103    
 -1.947068334743     -2.034632847342     -2.068854060722     -2.136580146733    
 -2.159627661482     -2.154309227597     -2.143688694574     -2.133594855666    
 -2.123952468857     -2.121838083118     -2.119003691897     -2.115329294279    
 -2.113329575211     -2.111319704913     -2.109070302173     -2.107512953505    
 -2.106156226993     -2.104967787303     -2.103791579604     -2.102763558086    
 -2.102217258513     -2.101468715351     -2.100731019676     -2.100547358394    
 -2.100138912350     -2.099641669821     -2.099764755182     -2.099646294210    
 -2.099320793524     -2.099590725824     -2.099667893350     -2.099520168640    
 -2.099920710921     -2.100214838050     -2.100265598670     -2.100785696879    
 -2.101304427534     -2.101628079452     -2.102324587293     -2.103081789613    
 -2.103668450937     -2.104632483143     -2.105751806498     -2.106802769005    
 -2.108193795383     -2.109805955179     -2.111521236971     -2.113666325621    
 -2.116179820150     -2.119021066092     -2.122501078993     -2.126726320013    
 -2.131573151797     -2.137623739429     -2.145517457649     -2.153932078369    
 -2.164581684023     -2.180046909302     -2.194192789495     -2.211520257965    
 -2.240772365779     -2.263909913786     -2.290972094238     -2.354566454887    
 -2.412924285233     -2.498654569313     -2.952128275484     -3.000482179225    
 0.7888609052210E-30 -9.015608072281     -9.016320063847     -9.017032055412    
 -9.017744046978     -9.018456038544     -9.019168030109     -9.019880021675    
 -9.020942293866     -9.022043343492     -9.023144393118     -9.024245442745    
 -9.025346492371     -9.026630466735     -9.028126540516     -9.029622614297    
 -9.031118688077     -9.032614761858     -9.034185123878     -9.035801738644    
 -9.037418353410     -9.039034968175     -9.040781549381     -9.042837448521    
 -9.044893347660     -9.046949246799     -9.049155924502     -9.051550942165    
 -9.053945959827     -9.056345584478     -9.059137210994     -9.061928837510    
 -9.064720464026     -9.068164430288     -9.071641697910     -9.075168268393    
 -9.078866056508     -9.082563844623     -9.087237115027     -9.092166635829    
 -9.096968287706     -9.101693025766     -9.107867368290     -9.114686132181    
 -9.120456466146     -9.127675764101     -9.137093048264     -9.150339871111    
 -9.156292080879     -9.163609480858     -9.176982718706     -9.188298463821    
 -9.200653153658     -9.218528485298     -9.234301233292     -9.250596380234    
 -9.274904370308     -9.297055864334     -9.318782186508     -9.351580166817    
 -9.381629210711     -9.409322023392     -9.449166893959     -9.482356953621    
 -9.507783067226     -9.529182791710     -9.533601850271     -9.511388695240    
 -9.509030556679     -9.523307442665     -9.566890627146     -9.482656776905    
 -9.074329006672     -7.713505204519     -4.195296756426    -0.4071811318398    
-0.4081829488277    -0.5898959626754    -0.8687709819215    -0.9582560895011    
 -1.199384770449     -1.570493657142     -1.640365093341     -1.709328045230    
 -1.777231098758     -1.796386792976     -1.818665652652     -1.852441224968    
 -1.868982764753     -1.885178269818     -1.907645482803     -1.921225882601    
 -1.933439284516     -1.949982840009     -1.961333127134     -1.970956352353    
 -1.983775393106     -1.992438947037     -1.999107351806     -2.013000117801    
 -2.020915715769     -2.023708026856     -2.051191835478     -2.071196755208    
 -2.082476304565     -2.088834282011     -2.091748220846     -2.089807907492    
 -2.095781360194     -2.103170984238     -2.110509544052     -2.118654280901    
 -2.127175845765     -2.136147326976     -2.123250971828     -2.095230228640    
 -2.037480062339    -0.6677374486418     0.8290149682487     -2.003576087859    
 -1.671520777505     -2.617633861800     -1.654698981555     -1.492733074688    
 -2.117114693997     -1.533280434460     -1.873425262298     -2.313307556816    
 -1.921699885610     -2.282509270105     -2.639353907214     -2.500368471524    
 -1.727006509341     -1.948238371685     -2.035740316135     -2.069897586177    
 -2.137554501824     -2.160541406646     -2.155168005917     -2.144496019743    
 -2.134355208371     -2.124669689685     -2.122518389113     -2.119648474455    
 -2.115940176696     -2.113910020888     -2.111871467903     -2.109595727175    
 -2.108013636619     -2.106633272395     -2.105423026439     -2.104226621799    
 -2.103179252706     -2.102614827454     -2.101849119179     -2.101094909012    
 -2.100895963609     -2.100472788513     -2.099961242918     -2.100070974045    
 -2.099939634092     -2.099601661786     -2.099860012345     -2.099925932288    
 -2.099767349847     -2.100157810003     -2.100442120805     -2.100483386964    
 -2.100994552113     -2.101504651830     -2.101820122916     -2.102508727461    
 -2.103258224018     -2.103837560490     -2.104794729687     -2.105907468684    
 -2.106952250469     -2.108337358385     -2.109943799768     -2.111653796770    
 -2.113793867268     -2.116302572191     -2.119139251299     -2.122614972293    
 -2.126836242154     -2.131679350883     -2.137726392597     -2.145616815239    
 -2.154028380103     -2.164675009251     -2.180137338489     -2.194281006232    
 -2.211606795341     -2.240858317167     -2.263994518109     -2.291055588424    
 -2.354652002454     -2.413007242978     -2.498733070865     -2.952214748412    
 -3.000566458702     0.7888609052210E-30 -9.018966197968     -9.019463816184    
 -9.019961434401     -9.020459052617     -9.020956670834     -9.021454289050    
 -9.021951907267     -9.023198062161     -9.024527082994     -9.025856103828    
 -9.027185124661     -9.028514145494     -9.029859578598     -9.031224041568    
 -9.032588504538     -9.033952967508     -9.035317430477     -9.036978822074    
 -9.038825084983     -9.040671347892     -9.042517610800     -9.044437288975    
 -9.046531694242     -9.048626099509     -9.050720504777     -9.053029994240    
 -9.055608148873     -9.058186303506     -9.060770943335     -9.063907398813    
 -9.067043854291     -9.070180309769     -9.073684764532     -9.077208005330    
 -9.080966236917     -9.085540538133     -9.090114839350     -9.094760739585    
 -9.099425448237     -9.105231219692     -9.111723346285     -9.117820337651    
 -9.123741671732     -9.132591996475     -9.140730541057     -9.147774850948    
 -9.154108529041     -9.168792277575     -9.183305239677     -9.194017994404    
 -9.210222899914     -9.227381652594     -9.242227745056     -9.263598740101    
 -9.287336719036     -9.308143347502     -9.336305141449     -9.368674153090    
 -9.396366035938     -9.430576342344     -9.470373868942     -9.495792776346    
 -9.519171059132     -9.540168613195     -9.521249890327     -9.508029490709    
 -9.509248578548     -9.546329289675     -9.538817167282     -9.416300505400    
 -8.341439286868     -6.261639704307     -1.784390131632    -0.4075988262892    
-0.4539222928385    -0.7484790179879    -0.9168820053339     -1.028088480420    
 -1.399089841917     -1.607948406017     -1.677827429492     -1.745697377413    
 -1.789210372185     -1.804306921619     -1.836587761156     -1.862501277355    
 -1.875935837533     -1.896917299321     -1.915772849880     -1.926757731335    
 -1.941899812315     -1.956596699264     -1.965652406588     -1.977035048418    
 -1.988706540316     -1.996278645471     -2.004299069196     -2.012734090164    
 -2.022781888768     -2.029793743882     -2.034203361720     -2.058787870407    
 -2.077805879526     -2.090329639148     -2.094755248725     -2.096709123813    
 -2.095787977055     -2.100468434580     -2.106943696737     -2.115165703930    
 -2.122459644452     -2.130127795041     -2.139971379191     -2.126396287978    
 -2.097293851338     -2.040036665741    -0.7117337578647     0.7441266787124    
 -2.001840585057     -1.673851240056     -2.619998313486     -1.656762464426    
 -1.494579321606     -2.118864561058     -1.534881428505     -1.875075357284    
 -2.314892998369     -1.923406448381     -2.284225291278     -2.640995162644    
 -2.501752057379     -1.728143522143     -1.949319538847     -2.036764359521    
 -2.070863038767     -2.138456419343     -2.161387614533     -2.155963662732    
 -2.145244337432     -2.135060207360     -2.125334816054     -2.123149488214    
 -2.120246749371     -2.116507031024     -2.114448669925     -2.112383541651    
 -2.110083404928     -2.108478307538     -2.107075945660     -2.105845404416    
 -2.104630194604     -2.103564797342     -2.102983443812     -2.102201653831    
 -2.101431955397     -2.101218716241     -2.100781730935     -2.100256758928    
 -2.100354042649     -2.100210626237     -2.099860895425     -2.100108389463    
 -2.100163738430     -2.099994918145     -2.100375802070     -2.100650838576    
 -2.100683225319     -2.101186038647     -2.101688014343     -2.101995658129    
 -2.102676860057     -2.103419166338     -2.103991595656     -2.104942235723    
 -2.106048685871     -2.107087576296     -2.108467134088     -2.110068261717    
 -2.111773222126     -2.113908514194     -2.116412661970     -2.119245135039    
 -2.122716818750     -2.126934248209     -2.131773849577     -2.137817552313    
 -2.145704860985     -2.154113551602     -2.164757376164     -2.180216959491    
 -2.194358557463     -2.211682746187     -2.240933556110     -2.264068532176    
 -2.291128644347     -2.354726821184     -2.413079637289     -2.498801385239    
 -2.952290520817     -3.000640186667     0.7888609052210E-30 -9.021014213562    
 -9.021761637609     -9.022509061655     -9.023256485702     -9.024003909748    
 -9.024751333795     -9.025498757841     -9.026583333669     -9.027705233518    
 -9.028827133367     -9.029949033217     -9.031070933066     -9.032424507949    
 -9.034046707732     -9.035668907515     -9.037291107298     -9.038913307081    
 -9.040632749562     -9.042412736508     -9.044192723453     -9.045972710399    
 -9.047916612129     -9.050250628280     -9.052584644430     -9.054918660580    
 -9.057446279753     -9.060215731613     -9.062985183472     -9.065760676747    
 -9.069050225065     -9.072339773383     -9.075629321702     -9.079758107983    
 -9.083929736612     -9.088176804054     -9.092685853358     -9.097194902662    
 -9.102958455296     -9.109051554637     -9.115059493938     -9.121016209036    
 -9.128824406176     -9.137455679278     -9.144971409176     -9.154318538581    
 -9.166447872178     -9.183594710861     -9.191862040758     -9.201957702637    
 -9.219799637794     -9.235344231129     -9.252366811037     -9.276613354683    
 -9.298470908403     -9.321103286743     -9.353836953640     -9.383456683159    
 -9.412060809135     -9.451832222939     -9.483858174086     -9.509245157242    
 -9.530210322142     -9.531208980083     -9.508913379908     -9.508258199692    
 -9.525752156973     -9.569399344921     -9.472624164820     -8.969308280945    
 -7.608721327782     -3.850873231888    -0.4072396904230    -0.4082491397858    
-0.6125040741637    -0.8755358487368    -0.9650179476788     -1.227760346979    
 -1.575619727501     -1.645430630003     -1.714200865466     -1.782079100609    
 -1.797144625057     -1.820813370124     -1.854519205913     -1.869468812272    
 -1.886311465874     -1.908683825657     -1.921329947747     -1.933921219036    
 -1.950367991440     -1.961032412946     -1.970773971826     -1.983221672848    
 -1.991988368053     -1.999524910003     -2.009293623269     -2.015819305182    
 -2.020867504459     -2.032508647256     -2.038710675947     -2.040250606835    
 -2.066055532731     -2.084726227447     -2.095073652454     -2.100243211538    
 -2.102157771587     -2.099554715306     -2.104691179655     -2.111338598281    
 -2.118219496496     -2.125788517296     -2.133772643469     -2.142452331632    
 -2.129104341380     -2.100631331187     -2.042816147441    -0.6777956665366    
 0.8141787370154     -2.008279076562     -1.676256922973     -2.621796614925    
 -1.658625358824     -1.496256729713     -2.120469834678     -1.536355816200    
 -1.876598885283     -2.316359641531     -1.924987987926     -2.285817894455    
 -2.642523605162     -2.503038688962     -1.729194399994     -1.950319427252    
 -2.037711889506     -2.071756743873     -2.139291580417     -2.162171418965    
 -2.156700841710     -2.145937759802     -2.135713664070     -2.125951556489    
 -2.123734741472     -2.120801636949     -2.117032861337     -2.114948296174    
 -2.112858482637     -2.110535710305     -2.108909173869     -2.107486299425    
 -2.106236840691     -2.105004116893     -2.103921902459     -2.103324650973    
 -2.102527833916     -2.101743677817     -2.101516983937     -2.101067043096    
 -2.100529500563     -2.100615089945     -2.100460356660     -2.100099632517    
 -2.100336874183     -2.100382269174     -2.100203843042     -2.100575712323    
 -2.100841993000     -2.100865959190     -2.101360842679     -2.101855148748    
 -2.102155507635     -2.102829690091     -2.103565160185     -2.104131098837    
 -2.105075610336     -2.106176166236     -2.107209566049     -2.108583833650    
 -2.110179832019     -2.111880091205     -2.114010870457     -2.116510666907    
 -2.119339185767     -2.122807042673     -2.127020793967     -2.131857090443    
 -2.137897646986     -2.145782013610     -2.154187975265     -2.164829113334    
 -2.180286018550     -2.194425670430     -2.211748383567     -2.240998554230    
 -2.264132349566     -2.291191502661     -2.354791263118     -2.413141848147    
 -2.498859877512     -2.952356054634     -3.000703838468     0.7888609052210E-30
 -9.024991750717     -9.025473401842     -9.025955052967     -9.026436704092    
 -9.026918355217     -9.027400006342     -9.027881657467     -9.029189209047    
 -9.030588191039     -9.031987173030     -9.033386155021     -9.034785137012    
 -9.036211425765     -9.037669376437     -9.039127327108     -9.040585277780    
 -9.042043228452     -9.043874284981     -9.045937641677     -9.048000998372    
 -9.050064355068     -9.052222523954     -9.054606344253     -9.056990164551    
 -9.059373984850     -9.062034667520     -9.065041183487     -9.068047699453    
 -9.071062601862     -9.074791094232     -9.078519586602     -9.082248078972    
 -9.086486870934     -9.090751713235     -9.095321069059     -9.100947931172    
 -9.106574793286     -9.112379382148     -9.118230658224     -9.125555427205    
 -9.133766509741     -9.141619956937     -9.149314417416     -9.160745438802    
 -9.171424235214     -9.180928989048     -9.189798933108     -9.209168636799    
 -9.228476738930     -9.243350881338     -9.265414714813     -9.288846886158    
 -9.309650492668     -9.338681775331     -9.370598399639     -9.398272305727    
 -9.433360934258     -9.471980458498     -9.497360312939     -9.520329606533    
 -9.541232705116     -9.518912309408     -9.507394170761     -9.508478665352    
 -9.548894286156     -9.528778225183     -9.406567323208     -8.236618959904    
 -5.917219626903     -1.440175482631    -0.4077916741371    -0.4765374613926    
-0.7710548986991    -0.9236607082809     -1.056490994990     -1.427450995892    
 -1.613103136700     -1.682782236126     -1.750593789690     -1.790009599738    
 -1.805086201057     -1.838763771392     -1.863072204590     -1.876449977793    
 -1.898084150255     -1.916013951180     -1.926915904414     -1.942415409116    
 -1.956490191817     -1.965478533506     -1.977019778453     -1.988143241685    
 -1.995321195945     -2.003978271969     -2.012779020146     -2.018754334189    
 -2.024774996191     -2.031037663482     -2.039864284545     -2.045413394924    
 -2.048153210431     -2.071797675453     -2.089748109691     -2.101055508014    
 -2.104765075445     -2.105963557959     -2.104157348722     -2.108319123648    
 -2.114287455380     -2.121879091859     -2.128794593737     -2.136124636605    
 -2.145512617379     -2.131635565590     -2.102311790455     -2.044901116518    
-0.7132172456549     0.7458663080172     -2.006950117739     -1.678213635051    
 -2.623774314920     -1.660362103080     -1.497813986056     -2.121950888563    
 -1.537712797026     -1.878004172817     -2.317717363615     -1.926450491117    
 -2.287295431679     -2.643946429634     -2.504233680001     -1.730165921617    
 -1.951244382188     -2.038588887092     -2.072584324167     -2.140065113141    
 -2.162897549197     -2.157383949682     -2.146580570191     -2.136319476273    
 -2.126523198560     -2.124277279060     -2.121316025034     -2.117520214058    
 -2.115411356092     -2.113298611715     -2.110954722017     -2.109308235068    
 -2.107866277918     -2.106599211693     -2.105350068770     -2.104252087325    
 -2.103640054166     -2.102829148620     -2.102031392045     -2.101792087313    
 -2.101330005005     -2.100780675840     -2.100855216198     -2.100689825043    
 -2.100318778306     -2.100546372961     -2.100582379103     -2.100394865312    
 -2.100758309662     -2.101016369183     -2.101032351889     -2.101519781537    
 -2.102006855607     -2.102300264966     -2.102967857383     -2.103696919885    
 -2.104256699607     -2.105195383262     -2.106290323287     -2.107318463735    
 -2.108687772974     -2.110279024020     -2.111974810809     -2.114101318456    
 -2.116597015411     -2.119421722926     -2.122885976359     -2.127096366696    
 -2.131929514557     -2.137967068702     -2.145848638564     -2.154252063669    
 -2.164890722185     -2.180345169641     -2.194482976571     -2.211804239266    
 -2.241053661704     -2.264186350070     -2.291244637221     -2.354845734313    
 -2.413194264472     -2.498908946291     -2.952411700040     -3.000757731497    
 0.7888609052210E-30 -9.027345418930     -9.028132223257     -9.028919027584    
 -9.029705831912     -9.030492636239     -9.031279440566     -9.032066244893    
 -9.033171780777     -9.034312601491     -9.035453422205     -9.036594242918    
 -9.037735063632     -9.039169196273     -9.040943421177     -9.042717646081    
 -9.044491870985     -9.046266095889     -9.048168550171     -9.050150841597    
 -9.052133133022     -9.054115424448     -9.056306002793     -9.058992300491    
 -9.061678598189     -9.064364895887     -9.067302986144     -9.070555594585    
 -9.073808203026     -9.077068859275     -9.081014291602     -9.084959723928    
 -9.088905156254     -9.093946050812     -9.099042867739     -9.104256413863    
 -9.109875333971     -9.115494254079     -9.122750207297     -9.130436194346    
 -9.138133846577     -9.145838515475     -9.155939720721     -9.167106305713    
 -9.177174815795     -9.189580060597     -9.205540775182     -9.228167629099    
 -9.239988106489     -9.254259276390     -9.278465294838     -9.300066471100    
 -9.323617291451     -9.356271767616     -9.385469895601     -9.414981639385    
 -9.454667121172     -9.485536599159     -9.510550081730     -9.531411647797    
 -9.528998357058     -9.506635189056     -9.507657772303     -9.528380930424    
 -9.572088092566     -9.462793183327     -8.864455252886     -7.504048764706    
 -3.506512251496    -0.4073426961899    -0.4083247154951    -0.6351180889954    
-0.8823334816533    -0.9718109173079     -1.256159794237     -1.580787289585    
 -1.650594774226     -1.719187562587     -1.782957913238     -1.797969233477    
 -1.823033191892     -1.856713697314     -1.870074654836     -1.887564996071    
 -1.909872951638     -1.921609965526     -1.934579443885     -1.950930324290    
 -1.960973105114     -1.970939045399     -1.983312680665     -1.991569406353    
 -1.999127784837     -2.008475248888     -2.015185378958     -2.021027144976    
 -2.028539725114     -2.033426158130     -2.037191188708     -2.047195493430    
 -2.052136821114     -2.052738454193     -2.077321229130     -2.095020191744    
 -2.104688039981     -2.108992192149     -2.110177977011     -2.107089533657    
 -2.111628865451     -2.117747975141     -2.124301131628     -2.131449960172    
 -2.139042314328     -2.147517415136     -2.133832883742     -2.105020652525    
 -2.047174062114    -0.6859920397407     0.8020829799604     -2.012243494391    
 -1.680238501090     -2.625301111738     -1.661937949793     -1.499234331648    
 -2.123315159254     -1.538966726263     -1.879304665452     -2.318975766921    
 -1.927805889978     -2.288666922611     -2.645271012691     -2.505345052907    
 -1.731064532045     -1.952100171894     -2.039400528488     -2.073350428836    
 -2.140781290014     -2.163569965959     -2.158016653918     -2.147175875306    
 -2.136880551279     -2.127052759752     -2.124779810943     -2.121792421676    
 -2.117971518543     -2.115840005875     -2.113705893047     -2.111342367902    
 -2.109677236155     -2.108217418939     -2.106933853030     -2.105669444427    
 -2.104556793254     -2.103930842876     -2.103106734250     -2.102296262048    
 -2.102045177016     -2.101571672037     -2.101011209562     -2.101075406745    
 -2.100899987947     -2.100519184023     -2.100737699494     -2.100764887407    
 -2.100568859838     -2.100924275443     -2.101174548734     -2.101183068566    
 -2.101663475856     -2.102143732458     -2.102430605143     -2.103091929108    
 -2.103814900853     -2.104368913919     -2.105302118417     -2.106391773559    
 -2.107414994854     -2.108779603243     -2.110366316047     -2.112057878636    
 -2.114180359617     -2.116672199219     -2.119493402913     -2.122954239696    
 -2.127161315084     -2.131991485506     -2.138026221655     -2.145905183628    
 -2.154306189343     -2.164942479879     -2.180394597910     -2.194530649111    
 -2.211850534938     -2.241099269688     -2.264230925031     -2.291288385540    
 -2.354890635237     -2.413237302005     -2.498948996141     -2.952457890660    
 -3.000802281499     0.7888609052210E-30 -9.032060146332     -9.032517778417    
 -9.032975410503     -9.033433042588     -9.033890674673     -9.034348306759    
 -9.034805938844     -9.036183401524     -9.037662693049     -9.039141984574    
 -9.040621276099     -9.042100567623     -9.043622254685     -9.045193098951    
 -9.046763943217     -9.048334787483     -9.049905631748     -9.051947519713    
 -9.054282685114     -9.056617850516     -9.058953015917     -9.061412232783    
 -9.064166690042     -9.066921147301     -9.069675604561     -9.072790687152    
 -9.076356232715     -9.079921778278     -9.083498331300     -9.088011492647    
 -9.092524653994     -9.097037815341     -9.102272597136     -9.107544217009    
 -9.113216781367     -9.120281734835     -9.127346688303     -9.134775639313    
 -9.142300209195     -9.151756912710     -9.162375804535     -9.172760015312    
 -9.183039898676     -9.198141022416     -9.212504131132     -9.225685479523    
 -9.238479868873     -9.264444214106     -9.290491652489     -9.311338341236    
 -9.341246247292     -9.372728449106     -9.400397086143     -9.436345380545    
 -9.473777270317     -9.499129772186     -9.521678471565     -9.539153087139    
 -9.516767215729     -9.506955522299     -9.507921695709     -9.551646369696    
 -9.518882274628     -9.396881282330     -8.131861734390     -5.572776213288    
 -1.095587609211    -0.4077683478594    -0.4991843864322    -0.7936833005399    
-0.9304936220869     -1.084935692977     -1.455838854238     -1.618296656688    
 -1.687800154509     -1.755588076194     -1.790921623819     -1.807398611098    
 -1.841004679678     -1.863714675372     -1.877085180022     -1.899368605809    
 -1.916375400871     -1.927226126753     -1.943105969951     -1.956563985441    
 -1.965476527624     -1.977225145977     -1.987903592736     -1.995013940427    
 -2.003718142398     -2.012069217861     -2.017649350688     -2.024258655496    
 -2.030962974206     -2.035674115643     -2.040190292522     -2.044854448363    
 -2.052756585926     -2.057224034145     -2.058747462928     -2.081704730913    
 -2.098877170868     -2.109300644789     -2.112494389713     -2.113146902993    
 -2.110697409511     -2.114486958645     -2.120089392364     -2.127218480781    
 -2.133860006928     -2.140945293941     -2.149997346103     -2.135896877665    
 -2.106410736498     -2.048898445675    -0.7146135325150     0.7469264415377    
 -2.011242638780     -1.681895685495     -2.626968750357     -1.663410126072    
 -1.500556431786     -2.124577188049     -1.540123672411     -1.880506980544    
 -2.320139611415     -1.929058286300     -2.289941363908     -2.646504152964    
 -2.506377273772     -1.731895437557     -1.952892043814     -2.040151792066    
 -2.074059639592     -2.141444352688     -2.164192550629     -2.158602480311    
 -2.147727054544     -2.137399977911     -2.127542914823     -2.125244861748    
 -2.122233184054     -2.118388944305     -2.116236329079     -2.114082277752    
 -2.111700378731     -2.110017865803     -2.108541414514     -2.107242489420    
 -2.105963735841     -2.104837275017     -2.104198285192     -2.103361784201    
 -2.102539364621     -2.102277197875     -2.101792950928     -2.101222023182    
 -2.101276527345     -2.101091696508     -2.100701721385     -2.100911669806    
 -2.100930528156     -2.100726448093     -2.101074333116     -2.101317297667    
 -2.101318794116     -2.101792528387     -2.102266324684     -2.102547072340    
 -2.103202549741     -2.103919837810     -2.104468431696     -2.105396444164    
 -2.106481066719     -2.107499577105     -2.108859737590     -2.110442188941    
 -2.112129754946     -2.114248423837     -2.116736609489     -2.119554394111    
 -2.123012015224     -2.127216112241     -2.132043465227     -2.138075502589    
 -2.145951934159     -2.154350679927     -2.164984762669     -2.180434679613    
 -2.194569095969     -2.211887682788     -2.241135671735     -2.264266363345    
 -2.291323067993     -2.354926237836     -2.413271169364     -2.498980171978    
 -2.952494814992     -3.000837728381     0.7888609052210E-30 -9.034763813019    
 -9.035595137584     -9.036426462149     -9.037257786714     -9.038089111279    
 -9.038920435844     -9.039751760409     -9.040877682987     -9.042036218716    
 -9.043194754446     -9.044353290176     -9.045511825906     -9.047042178641    
 -9.049003649500     -9.050965120359     -9.052926591218     -9.054888062077    
 -9.057020439921     -9.059259226497     -9.061498013073     -9.063736799649    
 -9.066242644092     -9.069384081748     -9.072525519405     -9.075666957062    
 -9.079140761628     -9.083029731110     -9.086918700591     -9.090818581368    
 -9.095646888027     -9.100475194687     -9.105303501346     -9.111585228103    
 -9.117941150656     -9.124479850799     -9.131653295989     -9.138826741179    
 -9.148172149817     -9.158088113659     -9.168207030568     -9.178448024789    
 -9.191834036292     -9.206618164586     -9.220472538188     -9.237322038216    
 -9.258735115447     -9.289054218281     -9.306098961830     -9.326261520386    
 -9.358869582415     -9.387698411942     -9.418136566877     -9.457718372345    
 -9.487436032295     -9.512063086033     -9.532804161310     -9.526982164383    
 -9.506352293491     -9.507250976562     -9.531235927343     -9.575009107590    
 -9.453113031387     -8.759624767303     -7.399278950691     -3.161912202835    
-0.4072116911411    -0.4083799481392    -0.6577320959419    -0.8891370370984    
-0.9786309897900     -1.284598739818     -1.586020914500     -1.655817374028    
 -1.724224278925     -1.783893386181     -1.798901295522     -1.825371423922    
 -1.857441868260     -1.870749460906     -1.888891818747     -1.911178261042    
 -1.922009418067     -1.935357601941     -1.951642317139     -1.961088558286    
 -1.971276374534     -1.983562507480     -1.991366583947     -1.999054854363    
 -2.008316129725     -2.014626609161     -2.020437493920     -2.027533859015    
 -2.032680109795     -2.037200704589     -2.043047137558     -2.046715097502    
 -2.049521557894     -2.058328571357     -2.062346593942     -2.062259767205    
 -2.085955261625     -2.102948839962     -2.112123516202     -2.115798629075    
 -2.116455315612     -2.113015795127     -2.117119442113     -2.122852927446    
 -2.129167707823     -2.136006757617     -2.143310525268     -2.151639083028    
 -2.137700208090     -2.108630730771     -2.050774442498    -0.6927200577627    
 0.7921646424322     -2.015614136411     -1.683611826751     -2.628272366524    
 -1.664750371332     -1.501766531419     -2.125741717778     -1.541194209581    
 -1.881621129066     -2.321218886989     -1.930220976058     -2.291124872532    
 -2.647652506774     -2.507337227331     -1.732663703523     -1.953624388948    
 -2.040846718207     -2.074715764471     -2.142057735997     -2.164768441767    
 -2.159144317545     -2.148236726597     -2.137880167458     -2.127995921299    
 -2.125674555823     -2.122640271485     -2.118774248473     -2.116601977870    
 -2.114429359324     -2.112030350417     -2.110331622977     -2.108839612454    
 -2.107526236214     -2.106234035455     -2.105094656348     -2.104443507269    
 -2.103595394362     -2.102761748247     -2.102489136625     -2.101994814351    
 -2.101414091233     -2.101459387876     -2.101265647449     -2.100867018104    
 -2.101068958826     -2.101080012321     -2.100868364051     -2.101209159195    
 -2.101445219945     -2.101440046541     -2.101907526888     -2.102375256643    
 -2.102650189213     -2.103300162591     -2.104012095276     -2.104555518180    
 -2.105478630401     -2.106558528915     -2.107572622597     -2.108928582445    
 -2.110506992601     -2.112190810218     -2.114305880666     -2.116790596396    
 -2.119605242833     -2.123059828579     -2.127261010185     -2.132085711509    
 -2.138115226291     -2.145989306644     -2.154385934770     -2.165017930418    
 -2.180465733446     -2.194598628208     -2.211916000769     -2.241163207591    
 -2.264293019846     -2.291349051148     -2.354952918366     -2.413296252489    
 -2.499002872780     -2.952522925287     -3.000864444673     0.7888609052210E-30
 -9.040362358093     -9.040785906204     -9.041209454314     -9.041633002425    
 -9.042056550535     -9.042480098646     -9.042903646756     -9.044363005826    
 -9.045937033222     -9.047511060618     -9.049085088014     -9.050659115409    
 -9.052296782669     -9.054008239719     -9.055719696768     -9.057431153818    
 -9.059142610868     -9.061452525194     -9.064135046173     -9.066817567151    
 -9.069500088130     -9.072347277063     -9.075586372947     -9.078825468831    
 -9.082064564715     -9.085780146414     -9.090090914300     -9.094401682186    
 -9.098727142507     -9.104302760374     -9.109878378242     -9.115453996109    
 -9.122071341031     -9.128741865189     -9.135949688603     -9.145023430276    
 -9.154097171950     -9.163855602990     -9.173793895748     -9.186305996056    
 -9.200366254829     -9.214457773318     -9.228563188306     -9.248922744856    
 -9.268621560689     -9.287207582449     -9.305777387997     -9.340432506800    
 -9.374984526634     -9.402724218369     -9.439550578594     -9.475822544098    
 -9.501159858704     -9.523259586096     -9.537289321423     -9.514848202467    
 -9.506719970703     -9.510842883587     -9.554632878304     -9.509244763851    
 -9.387418270111     -8.027091411749     -5.228305109342    -0.7513161222139    
-0.4079322457314    -0.5218512983993    -0.8163076896221    -0.9372902438976    
 -1.113346737623     -1.484286164772     -1.623556933715     -1.692869132047    
 -1.760654753214     -1.791895129555     -1.809755299846     -1.843357157544    
 -1.864482415468     -1.878494462091     -1.900722471438     -1.916814361839    
 -1.927646721713     -1.943914315524     -1.956762328930     -1.965620831866    
 -1.977604568750     -1.987839606591     -1.994860028103     -2.003672102280    
 -2.011692738533     -2.017199690640     -2.023806311190     -2.030137809459    
 -2.034452565014     -2.039524841774     -2.044679821283     -2.048437947407    
 -2.051845923066     -2.055345759355     -2.062574051693     -2.066255890485    
 -2.066897911951     -2.089348202106     -2.105946123414     -2.115716281068    
 -2.118545415998     -2.118806950748     -2.115885794908     -2.119404435903    
 -2.124738839269     -2.131524245627     -2.137964257970     -2.144869318977    
 -2.153669936210     -2.139400337264     -2.109791967645     -2.052214221098    
-0.7159296052802     0.7474789430539     -2.014870910713     -1.685023743617    
 -2.629685330391     -1.666003498510     -1.502894671659     -2.126820239168    
 -1.542182800795     -1.882651797186     -2.322217620999     -1.931299696780    
 -2.292223285288     -2.648720554847     -2.508228040833     -1.733373270836    
 -1.954301251098     -2.041489070887     -2.075322164688     -2.142624657834    
 -2.165300662071     -2.159644966386     -2.148707538471     -2.138323584478    
 -2.128414036706     -2.126070944872     -2.123015604727     -2.119129308220    
 -2.116938716546     -2.114748755470     -2.112333709374     -2.110619789921    
 -2.109113216400     -2.107786346693     -2.106481513008     -2.105329980422    
 -2.104667415470     -2.103808405530     -2.102964225970     -2.102681812365    
 -2.102178034559     -2.101588117890     -2.101624766365     -2.101422696561    
 -2.101016011089     -2.101210332755     -2.101214001328     -2.100995241292    
 -2.101329358295     -2.101558911148     -2.101547444426     -2.102009026892    
 -2.102471034601     -2.102740478981     -2.103385255672     -2.104092145897    
 -2.104630748928     -2.105549249146     -2.106624679081     -2.107634584885    
 -2.108986557275     -2.110561131407     -2.112241427042     -2.114353111759    
 -2.116834558547     -2.119646214508     -2.123097924888     -2.127296365425    
 -2.132118598372     -2.138145739213     -2.146017560363     -2.154412179254    
 -2.165042217821     -2.180488078855     -2.194619521499     -2.211935716867    
 -2.241182173043     -2.264311135747     -2.291366492957     -2.354970892891    
 -2.413312819600     -2.499017404765     -2.952542440593     -3.000882692635    
 0.7888609052210E-30 -9.043468475342     -9.044350984500     -9.045233493658    
 -9.046116002816     -9.046998511974     -9.047881021133     -9.048763530291    
 -9.049910720931     -9.051087212846     -9.052263704762     -9.053440196677    
 -9.054616688592     -9.056265976331     -9.058463466129     -9.060660955927    
 -9.062858445725     -9.065055935523     -9.067483986532     -9.070055587706    
 -9.072627188880     -9.075198790054     -9.078116608983     -9.081858420323    
 -9.085600231664     -9.089342043005     -9.093530013632     -9.098275289087    
 -9.103020564541     -9.107780920623     -9.113824465004     -9.119868009384    
 -9.125911553764     -9.133919715028     -9.142028168227     -9.150425587478    
 -9.159826520183     -9.169227452887     -9.181560711495     -9.194664265664    
 -9.208313459525     -9.222290858465     -9.240429371358     -9.260417706611    
 -9.279807393378     -9.302954833913     -9.331826522329     -9.372176847773    
 -9.395356512070     -9.421406364441     -9.460938501358     -9.489588737488    
 -9.513867348433     -9.534455776215     -9.525229680538     -9.506325507164    
 -9.507071852684     -9.534329438210     -9.565411031246     -9.443546414375    
 -8.654854897658     -7.294597466787     -2.817509994904    -0.4073116421700    
-0.4084839284420    -0.6803627289832    -0.8959756274708    -0.9854688807701    
 -1.313043315057     -1.591275320249     -1.661090013210     -1.729325789143    
 -1.784909287142     -1.799897442386     -1.827765472280     -1.858235342149    
 -1.871531193843     -1.890336828865     -1.911703228811     -1.922475432884    
 -1.936206662981     -1.952474201098     -1.961320838984     -1.971729944646    
 -1.983961929381     -1.991336320713     -1.999150466640     -2.008315899037    
 -2.014284716826     -2.020171866566     -2.027182969172     -2.032003904693    
 -2.036461469065     -2.041897963360     -2.045875470899     -2.049404659681    
 -2.054034507368     -2.056811394915     -2.058916651458     -2.066859536991    
 -2.070209848415     -2.069623667747     -2.092666831426     -2.109138319828    
 -2.117942853738     -2.121166466177     -2.121442287229     -2.117745764926    
 -2.121526076645     -2.126973538101     -2.133113381639     -2.139720426872    
 -2.146807777509     -2.155028944463     -2.140893935319     -2.111625675205    
 -2.053772965213    -0.6982800011928     0.7839809632613     -2.018493513396    
 -1.686485420243     -2.630804087718     -1.667146541029     -1.503928397299    
 -2.127815554291     -1.543095149472     -1.883607524510     -2.323143749304    
 -1.932300459511     -2.293241470216     -2.649712847518     -2.509054674235    
 -1.734028252028     -1.954926096275     -2.042082026554     -2.075881851185    
 -2.143147773342     -2.165791651607     -2.160106731858     -2.149141565152    
 -2.138732140418     -2.128799065948     -2.126435778104     -2.123360834830    
 -2.119455626886     -2.117247885093     -2.115041713230     -2.112611724436    
 -2.110883616284     -2.109363430366     -2.108023936488     -2.106707292609    
 -2.105544384569     -2.104871079326     -2.104001832847     -2.103147752769    
 -2.102856055368     -2.102343335003     -2.101744741201     -2.101773338392    
 -2.101563411579     -2.101149035618     -2.101336296368     -2.101333034784    
 -2.101107497141     -2.101435315982     -2.101658758242     -2.101641417108    
 -2.102097414061     -2.102554001287     -2.102818278316     -2.103458157741    
 -2.104160298500     -2.104694374651     -2.105608527362     -2.106679745950    
 -2.107685750816     -2.109034011513     -2.110605008807     -2.112281926535    
 -2.114390425012     -2.116868849844     -2.119677667879     -2.123126643151    
 -2.127322468534     -2.132142403722     -2.138167325407     -2.146037010849    
 -2.154429762438     -2.165057966858     -2.180501958542     -2.194632040337    
 -2.211947119050     -2.241192764044     -2.264320957474     -2.291375737637    
 -2.354980515316     -2.413321174681     -2.499023993686     -2.952553615719    
 -3.000892709196     0.7888609052210E-30 -9.050132989883     -9.050510200205    
 -9.050887410526     -9.051264620847     -9.051641831168     -9.052019041489    
 -9.052396251810     -9.053954584270     -9.055643671571     -9.057332758872    
 -9.059021846173     -9.060710933474     -9.062494138112     -9.064386470868    
 -9.066278803624     -9.068171136380     -9.070063469136     -9.072722055027    
 -9.075857719277     -9.078993383528     -9.082129047778     -9.085486969366    
 -9.089373859664     -9.093260749962     -9.097147640260     -9.101674435996    
 -9.107000548028     -9.112326660060     -9.117672762563     -9.124719824668    
 -9.131766886772     -9.138813948877     -9.147394777643     -9.156053903826    
 -9.165446950603     -9.177388736880     -9.189330523158     -9.202488778672    
 -9.215966589681     -9.232908636489     -9.251934438931     -9.271421058720    
 -9.291112534768     -9.318722207214     -9.345611849021     -9.371211287077    
 -9.396325548052     -9.438635087013     -9.477929019928     -9.503403407335    
 -9.525099575520     -9.535726785660     -9.513235688210     -9.506752389669    
 -9.514040470123     -9.557940959930     -9.499846601486     -9.282731058200    
 -7.922322658698     -4.883812343081    -0.4069289565086    -0.4080176740885    
-0.5445000551641    -0.8389417103181    -0.9441413116952     -1.141842716374    
 -1.512779280171     -1.628840573272     -1.697970264778     -1.765771008888    
 -1.792930162512     -1.812193343602     -1.845778206736     -1.865308023896    
 -1.879965953529     -1.902185280807     -1.917373034358     -1.928582645999    
 -1.944791357685     -1.957034829445     -1.965879524127     -1.978097043186    
 -1.987888732739     -1.994850287866     -2.003798034415     -2.011489592958    
 -2.016906425171     -2.023569079489     -2.029643575102     -2.033885059133    
 -2.038927045651     -2.043765715417     -2.047126160190     -2.051065445784    
 -2.055086984858     -2.058145973831     -2.060747194663     -2.063402687665    
 -2.070142707787     -2.073253072333     -2.073252303526     -2.095332263689    
 -2.111508152075     -2.120795956720     -2.123358631879     -2.123331951909    
 -2.120058987662     -2.123377771489     -2.128512991220     -2.135038567521    
 -2.141328215599     -2.148098547943     -2.156707089394     -2.142306484375    
 -2.112603787147     -2.054984163027    -0.7171627324613     0.7476648070203    
 -2.017947401771     -1.687694398571     -2.632010943691     -1.668214646273    
 -1.504891906208     -2.128736616927     -1.543936814865     -1.884491885081    
 -2.323999836891     -1.933227485750     -2.294185351455     -2.650634275296    
 -2.509819950244     -1.734631767217     -1.955502134189     -2.042628626036    
 -2.076397602959     -2.143629720318     -2.166243803129     -2.160531718284    
 -2.149540880695     -2.139107819740     -2.129152853042     -2.126770727616    
 -2.123677496053     -2.119754640665     -2.117530921102     -2.115309613757    
 -2.112865614519     -2.111124174111     -2.109591203928     -2.108239881322    
 -2.106912194751     -2.105738635175     -2.105055196211     -2.104176364187    
 -2.103313038684     -2.103012626525     -2.102491505072     -2.101884751208    
 -2.101905728132     -2.101688411180     -2.101266842335     -2.101447416283    
 -2.101437637769     -2.101205781382     -2.101527670398     -2.101745347027    
 -2.101722451113     -2.102173212916     -2.102624710649     -2.102884095162    
 -2.103519366123     -2.104217045661     -2.104746867344     -2.105656940769    
 -2.106724200211     -2.107726478484     -2.109071198106     -2.110638795607    
 -2.112312617525     -2.114418101683     -2.116893582046     -2.119699770398    
 -2.123146221042     -2.127339644358     -2.132157325000     -2.138180116192    
 -2.146047849953     -2.154438869096     -2.165065355599     -2.180507572368    
 -2.194636376575     -2.211950401776     -2.241195242852     -2.264322724566    
 -2.291376963258     -2.354981910437     -2.413321439922     -2.499022797495    
 -2.952556724846     -3.000894790888     0.7888609052210E-30 -9.053707838058    
 -9.054650287326     -9.055592736594     -9.056535185862     -9.057477635129    
 -9.058420084397     -9.059362533665     -9.060534510097     -9.061731896085    
 -9.062929282072     -9.064126668059     -9.065324054047     -9.067125357632    
 -9.069626897673     -9.072128437713     -9.074629977753     -9.077131517793    
 -9.079948752774     -9.082962543200     -9.085976333625     -9.088990124050    
 -9.092458693334     -9.097009628623     -9.101560563911     -9.106111499200    
 -9.111272739242     -9.117196320883     -9.123119902524     -9.129064769026    
 -9.136820732786     -9.144576696546     -9.152332660307     -9.162797568284    
 -9.173400765441     -9.184462244501     -9.197115232499     -9.209768220497    
 -9.226426957079     -9.244137967678     -9.262923443666     -9.282355216105    
 -9.307157815275     -9.334348014373     -9.360951753863     -9.391647485792    
 -9.428518823831     -9.477110376894     -9.498208332062     -9.515682458878    
 -9.536250352859     -9.523762822151     -9.506653881073     -9.507195663452    
 -9.537729853392     -9.556091105938     -9.434186428785     -8.550171089172    
 -6.950088909268     -2.473034614324    -0.4073778420687    -0.4086332321167    
-0.7030280501892    -0.9028422101090    -0.9923122688507     -1.341552269459    
 -1.596632412227     -1.666420790204     -1.734459743288     -1.785955296643    
 -1.800943874428     -1.830224981997     -1.859109857725     -1.872381430864    
 -1.891842000978     -1.912291293498     -1.923049899982     -1.937176488526    
 -1.952835328225     -1.961621316336     -1.972256366815     -1.984476327896    
 -1.991418659221     -1.999360020645     -2.008466917183     -2.014117131382    
 -2.020076236688     -2.026990458742     -2.031544620637     -2.036048384011    
 -2.041404229868     -2.045109662227     -2.048553495668     -2.052775746211    
 -2.055897211470     -2.058700910956     -2.062447707169     -2.064577145502    
 -2.066172325145     -2.073486584611     -2.076350597758     -2.075400114059    
 -2.097961547039     -2.114047639631     -2.122579168435     -2.125467070192    
 -2.125459644012     -2.121572176740     -2.125109126233     -2.130341079831    
 -2.136349531263     -2.142779707909     -2.149701940827     -2.157842636108    
 -2.143554287218     -2.114130241796     -2.056286417879    -0.7028959341353    
 0.7772011789512     -2.020965983890     -1.688941341565     -2.632975609104    
 -1.669189172123     -1.505775148323     -2.129585967515     -1.544715539987    
 -1.885310233633     -2.324791799424     -1.934086002161     -2.295059005344    
 -2.651489948986     -2.510527566874     -1.735186883062     -1.956032039225    
 -2.043131364451     -2.076871794905     -2.144072557508     -2.166659047082    
 -2.160921827331     -2.149907143414     -2.139452169742     -2.129476947710    
 -2.127077306807     -2.123967009038     -2.120027611591     -2.117788932472    
 -2.115553458687     -2.113096350990     -2.111342413723     -2.109797460586    
 -2.108435061108     -2.107097012922     -2.105913469475     -2.105220590532    
 -2.104332769476     -2.103460744768     -2.103152125143     -2.102623094246    
 -2.102008663584     -2.102022520266     -2.101798257791     -2.101369893178    
 -2.101544160489     -2.101528256945     -2.101290487405     -2.101606808603    
 -2.101819062606     -2.101790930331     -2.102236756962     -2.102683472633    
 -2.102938296366     -2.103569229133     -2.104262688663     -2.104788461700    
 -2.105694696866     -2.106758248806     -2.107757024467     -2.109098447859    
 -2.110662893578     -2.112333749235     -2.114436388388     -2.116909127682    
 -2.119712821953     -2.123156886920     -2.127348051034     -2.132163754106    
 -2.138184595853     -2.146050387621     -2.154439749569     -2.165064618737    
 -2.180505191348     -2.194632835686     -2.211945874803     -2.241189824790    
 -2.264316653460     -2.291370429844     -2.354975381866     -2.413313899934    
 -2.499014043063     -2.952551941574     -3.000889034569     0.7888609052210E-30
 -9.061666011810     -9.061982265757     -9.062298519703     -9.062614773649    
 -9.062931027595     -9.063247281542     -9.063563535488     -9.065245203314    
 -9.067078027798     -9.068910852283     -9.070743676767     -9.072576501252    
 -9.074548032688     -9.076680393459     -9.078812754229     -9.080945114999    
 -9.083077475769     -9.086200106026     -9.089939289901     -9.093678473776    
 -9.097417657650     -9.101462677021     -9.106235579709     -9.111008482398    
 -9.115781385086     -9.121429494077     -9.128170837505     -9.134912180933    
 -9.141681297816     -9.150813616851     -9.159945935886     -9.169078254921    
 -9.180507560760     -9.192054125722     -9.204617675778     -9.220712984036    
 -9.236808292294     -9.254926535567     -9.273576185620     -9.296784110315    
 -9.322733860629     -9.349396997543     -9.376377270324     -9.411844962377    
 -9.445029578687     -9.474297089719     -9.495012583116     -9.521628749371    
 -9.533977222443     -9.511809474230     -9.507103204727     -9.517647618055    
 -9.561566162109     -9.490585523844     -9.178029910723     -7.817676603794    
 -4.539311408996    -0.4066858172417    -0.4080246210098    -0.5671353249500    
-0.8614790861805    -0.9510051693457     -1.170393216424     -1.541286888067    
 -1.634209028119     -1.703194552392     -1.770944362297     -1.794003655412    
 -1.814673202857     -1.848248306685     -1.866200417280     -1.881525405776    
 -1.903716313839     -1.917991685309     -1.929585194960     -1.945777554065    
 -1.957428209111     -1.966497598030     -1.978654573858     -1.988006873615    
 -1.994955165312     -2.004039101768     -2.011404188164     -2.016763949487    
 -2.023505714536     -2.029322579503     -2.033475337178     -2.038544782158    
 -2.043181414902     -2.046469211672     -2.050356687978     -2.054100151174    
 -2.056763891131     -2.059883550461     -2.063085803762     -2.065627854317    
 -2.067641459033     -2.069685936254     -2.076064227335     -2.078751771525    
 -2.078275818378     -2.100084455125     -2.115947702900     -2.124874663539    
 -2.127239789814     -2.126997279003     -2.123457460105     -2.126626093127    
 -2.131610545516     -2.137936224788     -2.144111178815     -2.150778512098    
 -2.159237834811     -2.144734216295     -2.114957290981     -2.057308812393    
-0.7183028262913     0.7476027260021     -2.020569900801     -1.689975068960    
 -2.634006329377     -1.670096398064     -1.506597482041     -2.130369994300    
 -1.545431366749     -1.886065094422     -2.325522124604     -1.934879148669    
 -2.295866466612     -2.652282104055     -2.511180312772     -1.735696273111    
 -1.956518495828     -2.043592757557     -2.077306729765     -2.144478569797    
 -2.167039547488     -2.161279049609     -2.150242312439     -2.139767024852    
 -2.129772979766     -2.127357030474     -2.124230782501     -2.120275852736    
 -2.118023066223     -2.115774292499     -2.113304986805     -2.111539416015    
 -2.109983263910     -2.108610412292     -2.107262622565     -2.106069698837    
 -2.105367933214     -2.104471616913     -2.103591368161     -2.103275059257    
 -2.102738635615     -2.102117036842     -2.102124197036     -2.101893441472    
 -2.101458758116     -2.101627085637     -2.101605391502     -2.101362005435    
 -2.101673076674     -2.101880241651     -2.101847228967     -2.102288453840    
 -2.102730688080     -2.102981187124     -2.103608042002     -2.104297555238    
 -2.104819573835     -2.105722217169     -2.106782287732     -2.107777792029    
 -2.109116096795     -2.110677537601     -2.112345607392     -2.114445579983    
 -2.116915754974     -2.119717146456     -2.123158971220     -2.127347968146    
 -2.132161723077     -2.138180685230     -2.146044677868     -2.154432529584    
 -2.165055918694     -2.180494960956     -2.194621518254     -2.211933626235    
 -2.241176721454     -2.264302904904     -2.291356214881     -2.354961171746    
 -2.413298821449     -2.498997937515     -2.952539453655     -3.000875723362    
 0.7888609052210E-30 -9.065795898438     -9.066809701256     -9.067823504074    
 -9.068837306893     -9.069851109711     -9.070864912530     -9.071878715348    
 -9.073083563387     -9.074309560879     -9.075535558371     -9.076761555863    
 -9.077987553355     -9.079989640629     -9.082891596293     -9.085793551956    
 -9.088695507620     -9.091597463284     -9.094939264634     -9.098554919164    
 -9.102170573693     -9.105786228223     -9.110008525356     -9.115674621642    
 -9.121340717928     -9.127006814214     -9.133525339483     -9.141108647669    
 -9.148691955854     -9.156305938543     -9.166529969244     -9.176753999944    
 -9.186978030645     -9.201001994740     -9.215219942038     -9.230153208431    
 -9.247570615538     -9.264988022645     -9.287779870973     -9.311983536525    
 -9.337709572894     -9.364351323131     -9.396801439261     -9.431833663264    
 -9.462581803427     -9.494051643204     -9.526245230671     -9.552959425481    
 -9.529119157791     -9.506506609917     -9.507337802649     -9.541496813297    
 -9.547261190414     -9.425048971176     -8.445385169983     -6.605242818594    
 -2.128461197019    -0.4074478030205    -0.4313265620420    -0.7256494504710    
-0.9096778266753    -0.9991680495441     -1.370099085197     -1.602037404780    
 -1.671817555616     -1.739682204928     -1.787101489725     -1.802063591499    
 -1.832727661030     -1.860016467236     -1.873287398694     -1.893417492975    
 -1.912961849803     -1.923694585636     -1.938208481809     -1.953260707855    
 -1.962030911818     -1.972903698683     -1.984682570212     -1.991565085948    
 -1.999638712499     -2.008733291179     -2.014064082410     -2.020097562112    
 -2.026950845029     -2.031260214746     -2.035805934574     -2.041069003008    
 -2.044560124166     -2.048028899729     -2.052172285225     -2.055059030652    
 -2.057761024684     -2.061103820801     -2.063608708233     -2.065890236944    
 -2.068991513923     -2.070645606518     -2.071864160523     -2.078710134327    
 -2.081213218998     -2.079993827268     -2.102195646334     -2.117994019948    
 -2.126321707200     -2.128955201060     -2.128733039834     -2.124701056257    
 -2.128051763400     -2.133118531853     -2.139026246592     -2.145318482071    
 -2.152111636288     -2.160189998895     -2.145779515803     -2.116231275722    
 -2.058398106135    -0.7067321452717     0.7715811137794     -2.023088566019    
 -1.691036202627     -2.634834093352     -1.670921764651     -1.507350524342    
 -2.131090729124     -1.546089866199     -1.886761213343     -2.326195993120    
 -1.935610988322     -2.296610728927     -2.653013856069     -2.511781543760    
 -1.736162225064     -1.956963462382     -2.044014631712     -2.077704165759    
 -2.144849316392     -2.167386755720     -2.161604769062     -2.150547505356    
 -2.140053308662     -2.130041740835     -2.127610676922     -2.124469583668    
 -2.120500122849     -2.118234252557     -2.115973083768     -2.113492291979    
 -2.111715778057     -2.110149130225     -2.108766567428     -2.107409644872    
 -2.106207914930     -2.105497853458     -2.104593613464     -2.103705688752    
 -2.103382156696     -2.102838752791     -2.102210368030     -2.102211251855    
 -2.101974364650     -2.101533673704     -2.101696493663     -2.101669417694    
 -2.101420796476     -2.101726972312     -2.101929348893     -2.101891673729    
 -2.102328547556     -2.102766583115     -2.103013098892     -2.103636121377    
 -2.104321906716     -2.104840394855     -2.105739620887     -2.106796376407    
 -2.107788851485     -2.109124258161     -2.110682900343     -2.112348381616    
 -2.114445880428     -2.116913679987     -2.119712894596     -2.123152615130    
 -2.127339592576     -2.132151551545     -2.138168797828     -2.146031172946    
 -2.154417581297     -2.165039550513     -2.180477154441     -2.194602668285    
 -2.211913867481     -2.241156107932     -2.264281686395     -2.291334587336    
 -2.354939602315     -2.413276451826     -2.498974593356     -2.952519480139    
 -3.000855010748     0.7888609052210E-30 -9.075336456299     -9.075574301468    
 -9.075812146637     -9.076049991806     -9.076287836975     -9.076525682144    
 -9.076763527313     -9.078603565352     -9.080620972409     -9.082638379466    
 -9.084655786523     -9.086673193580     -9.088895563695     -9.091355586440    
 -9.093815609184     -9.096275631929     -9.098735654673     -9.102490785377    
 -9.107052265774     -9.111613746171     -9.116175226568     -9.121166077128    
 -9.127178821429     -9.133191565729     -9.139204310029     -9.146439578623    
 -9.155201922210     -9.163964265797     -9.172765946671     -9.184914778981    
 -9.197063611292     -9.209212443603     -9.224821845456     -9.240607906291    
 -9.257788705294     -9.279813113110     -9.301837520927     -9.326723003419    
 -9.352360064418     -9.383051343841     -9.416782761618     -9.448853192215    
 -9.480185231299     -9.511382650993     -9.530007587668     -9.529815867642    
 -9.494738493376     -9.498411399126     -9.519740414619     -9.564943289757    
 -9.481312036514     -9.073316222429     -7.712939333916     -4.194918626547    
-0.4069144546986    -0.4082416743040    -0.5898365467787    -0.8683512195013    
-0.9578960986808     -1.198944491055     -1.569853037596     -1.639643046865    
 -1.708481052425     -1.776208386989     -1.795171901025     -1.817249390529    
 -1.850811083522     -1.867141124560     -1.883110237122     -1.905316572776    
 -1.918685247656     -1.930663309759     -1.946843656711     -1.957888278738    
 -1.967171917669     -1.979324143846     -1.988247900084     -1.995317587070    
 -2.004351967573     -2.011395038106     -2.016731271520     -2.023559300043    
 -2.029123813100     -2.033214224782     -2.038337557390     -2.042772074230    
 -2.045966763049     -2.049863660336     -2.053445790336     -2.056032426842    
 -2.059082113206     -2.062031706795     -2.064184607938     -2.066710461862    
 -2.069321090356     -2.071486316621     -2.073065896705     -2.074655854609    
 -2.080762692727     -2.083134153113     -2.082303861156     -2.103908805270    
 -2.119535877183     -2.128188764863     -2.130403613299     -2.129995934665    
 -2.126250617951     -2.129304005578     -2.134171979129     -2.140341482870    
 -2.146426245570     -2.153012153879     -2.161353288591     -2.146766666789    
 -2.116929295938     -2.059258432360    -0.7193454916196     0.7473699623072    
 -2.022800636612     -1.691917228030     -2.635705736776     -1.671688987193    
 -1.508049580406     -2.131754202488     -1.546694245500     -1.887400638685    
 -2.326815733317     -1.936284221957     -2.297295227304     -2.653687835590    
 -2.512333008727     -1.736586940382     -1.957369244471     -2.044399170205    
 -2.078066065721     -2.145186553244     -2.167702208087     -2.161900315154    
 -2.150824094005     -2.140312399529     -2.130284585059     -2.127839392051    
 -2.124684457481     -2.120701491088     -2.118423344567     -2.116150575690    
 -2.113659101725     -2.111872361507     -2.110295887664     -2.108904212993    
 -2.107538760640     -2.106328797620     -2.105610910058     -2.104699210264    
 -2.103804069944     -2.103473769967     -2.102923855931     -2.102289155778    
 -2.102284127660     -2.102041501924     -2.101595221087     -2.101752838586    
 -2.101720681414     -2.101467120461     -2.101768697426     -2.101966609247    
 -2.101924638450     -2.102357428707     -2.102791487798     -2.103034181334    
 -2.103653656319     -2.104336010665     -2.104851181433     -2.105747236777    
 -2.106800924242     -2.107790537179     -2.109123209119     -2.110679214261    
 -2.112342275307     -2.114437460154     -2.116903036833     -2.119700185955    
 -2.123137938231     -2.127323060855     -2.132133348286     -2.138148972765    
 -2.146009781212     -2.154394858517     -2.165015535057     -2.180451836251    
 -2.194576386362     -2.211886726320     -2.241128116846     -2.264253064990    
 -2.291305539757     -2.354910714552     -2.413246898353     -2.498944186419    
 -2.952492158115     -3.000826995075     0.7888609052210E-30 -9.080139875412    
 -9.081239376757     -9.082338878102     -9.083438379447     -9.084537880791    
 -9.085637382136     -9.086736883481     -9.087991034763     -9.089262306399    
 -9.090533578034     -9.091804849670     -9.093076121305     -9.095352153010    
 -9.098793194033     -9.102234235056     -9.105675276079     -9.109116317101    
 -9.113182304006     -9.117637389685     -9.122092475363     -9.126547561042    
 -9.131826677968     -9.139066975349     -9.146307272730     -9.153547570111    
 -9.162004197314     -9.171980161897     -9.181956126479     -9.191977044081    
 -9.205822947533     -9.219668850984     -9.233514754436     -9.252692831927    
 -9.272143112136     -9.292620417952     -9.316664350390     -9.340708282828    
 -9.370960219149     -9.402842942086     -9.434555571376     -9.466165888462    
 -9.497409446310     -9.528489961414     -9.532544478094     -9.525414612954    
 -9.507041120329     -9.519960295333     -9.548629450798     -9.533410358429    
 -9.412999534607     -8.339191158613     -6.260193298260     -1.783961375554    
-0.4075960338116    -0.4540113616735    -0.7482687300071    -0.9166080601513    
 -1.027883868106     -1.398782696202     -1.607542753604     -1.677326721838    
 -1.745029576414     -1.788367909333     -1.803280966985     -1.835353580303    
 -1.861058065668     -1.874285605550     -1.895055784285     -1.913684341311    
 -1.924408624507     -1.939324940555     -1.953782962356     -1.962521303818    
 -1.973623008374     -1.984961362928     -1.991824182682     -2.000041561946    
 -2.008813632466     -2.014082801715     -2.020196095575     -2.027032924816    
 -2.031094776839     -2.035683987476     -2.040888449829     -2.044186742231    
 -2.047676899936     -2.051728198119     -2.054438480828     -2.057150208205    
 -2.060413783323     -2.062706538476     -2.064871215355     -2.067579784617    
 -2.069631842989     -2.071525027603     -2.074149210937     -2.075452909246    
 -2.076393789239     -2.082884487137     -2.085115353204     -2.083694934845    
 -2.105623365007     -2.121202588454     -2.129374404065     -2.131811808795    
 -2.131423797458     -2.127279708534     -2.130485240929     -2.135422882438    
 -2.141251106188     -2.147433541715     -2.154123630002     -2.162151682377    
 -2.147641385533     -2.117991567682     -2.060168126831    -0.7099194793569    
 0.7669196889089     -2.024901597545     -1.692816585318     -2.636407705148    
 -1.672385594107     -1.508687860594     -2.132361957291     -1.547248581673    
 -1.887987679616     -2.327384078588     -1.936902300683     -2.297922273325    
 -2.654306470362     -2.512837284112     -1.736972327996     -1.957737459242    
 -2.044747892965     -2.078393925936     -2.145491682051     -2.167987254262    
 -2.162167001236     -2.151073224656     -2.140545326192     -2.130502466112    
 -2.128044122271     -2.124876276031     -2.120880676992     -2.118591130525    
 -2.116307547782     -2.113806033321     -2.112009739224     -2.110424099863    
 -2.109023934416     -2.107650462538     -2.106432749610     -2.105707539618    
 -2.104788877815     -2.103886999749     -2.103550314438     -2.102994288504    
 -2.102353678737     -2.102343117632     -2.102095123846     -2.101643616334    
 -2.101796382479     -2.101759481244     -2.101501301397     -2.101798555627    
 -2.101992268581     -2.101946257614     -2.102375266887     -2.102805651352    
 -2.103044803534     -2.103660897352     -2.104339973629     -2.104852049798    
 -2.105745151360     -2.106795980036     -2.107782912441     -2.109113058820    
 -2.110666647833     -2.112327443622     -2.114420453832     -2.116883933544    
 -2.119679186679     -2.123115102202     -2.127298457175     -2.132107182592    
 -2.138121308759     -2.145980693400     -2.154364533350     -2.164983999729    
 -2.180419075675     -2.194542709738     -2.211852261052     -2.241092978418    
 -2.264217253402     -2.291269203275     -2.354874668643     -2.413210266829    
 -2.498906725272     -2.952457510680     -3.000791779161     0.7888609052210E-30
 -9.091600656509     -9.091745122532     -9.091889588554     -9.092034054576    
 -9.092178520598     -9.092322986620     -9.092467452642     -9.094515651513    
 -9.096774601058     -9.099033550603     -9.101292500148     -9.103551449693    
 -9.106119148437     -9.109044838811     -9.111970529185     -9.114896219558    
 -9.117821909932     -9.122461687971     -9.128168677476     -9.133875666981    
 -9.139582656485     -9.145907829266     -9.153704267809     -9.161500706352    
 -9.169297144895     -9.178837580629     -9.190556471638     -9.202275362647    
 -9.214050611837     -9.230621295160     -9.247191978483     -9.263762661806    
 -9.285394641687     -9.307284996233     -9.330894639837     -9.360474983767    
 -9.390055327696     -9.421242547186     -9.452851878389     -9.484309344272    
 -9.515675462384     -9.530050462217     -9.536872063885     -9.523878620343    
 -9.506808294788     -9.489013837091     -9.524632372632     -9.444956773520    
 -8.958768653870     -7.605093145370     -3.849839776754    -0.4073281168938    
-0.4088666796684    -0.6128705030307    -0.8754185644910    -0.9650448540536    
 -1.227810214087     -1.575619201874     -1.645408694167     -1.714040847356    
 -1.781680995598     -1.796553053753     -1.820030925889     -1.853548914334    
 -1.868262966909     -1.884885017062     -1.907067054790     -1.919483967545    
 -1.931832624972     -1.948022531765     -1.958464574069     -1.967970889900    
 -1.980105981976     -1.988583902176     -1.995770796575     -2.004796802532    
 -2.011524213478     -2.016928978264     -2.023701451719     -2.029016686510    
 -2.033082859591     -2.038260320481     -2.042493446544     -2.045624848641    
 -2.049554548785     -2.052972382866     -2.055464791507     -2.058506943099    
 -2.061321457103     -2.063398891687     -2.065844171681     -2.068220169656    
 -2.069997382164     -2.072078806628     -2.074245186523     -2.076135192066    
 -2.077390282974     -2.078636689484     -2.084540743008     -2.086673100665    
 -2.085572576150     -2.107021819334     -2.122466751002     -2.130906652566    
 -2.133005581796     -2.132469230331     -2.128561892733     -2.131525131129    
 -2.136301212758     -2.142345501482     -2.148357752711     -2.154877792485    
 -2.163122498244     -2.148466866370     -2.118578439672     -2.060888244538    
-0.7202714043808     0.7470598289362     -2.024689667889     -1.693562802140    
 -2.637138826151     -1.673029550084     -1.509277939226     -2.132918357022    
 -1.547754364895     -1.888524003079     -2.327902389114     -1.937467055851    
 -2.298495238894     -2.654871129642     -2.513295542050     -1.737319946941    
 -1.958069786802     -2.045062367839     -2.078689140524     -2.145766155503    
 -2.168243242055     -2.162405985780     -2.151296078786     -2.140753177088    
 -2.130696279928     -2.128225771990     -2.125045934878     -2.121038547065    
 -2.118738328293     -2.116444618441     -2.113933700323     -2.112128491234    
 -2.110534308851     -2.109126237407     -2.107745204121     -2.106520162243    
 -2.105788053572     -2.104862856865     -2.103954672627     -2.103612049948    
 -2.103050304949     -2.102404144034     -2.102388409525     -2.102135394234    
 -2.101678995416     -2.101827191096     -2.101785822771     -2.101523296442    
 -2.101816551760     -2.102006358095     -2.101956541836     -2.102381997835    
 -2.102808936313     -2.103044780809     -2.103657745756     -2.104333791789    
 -2.104842987657     -2.105733353924     -2.106781542301     -2.107766002417    
 -2.109093764424     -2.110645043291     -2.112303760275     -2.114394743182    
 -2.116856239736     -2.119649761543     -2.123083979264     -2.127265675552    
 -2.132072925568     -2.138085632585     -2.145943663642     -2.154326344654    
 -2.164944725484     -2.180378801376     -2.194501500577     -2.211810251139    
 -2.241050549597     -2.264174135774     -2.291225449741     -2.354831229895    
 -2.413166326284     -2.498862045258     -2.952415363491     -3.000749163330    
 0.7888609052210E-30 -9.097169876099     -9.098388612725     -9.099607349351    
 -9.100826085978     -9.102044822604     -9.103263559231     -9.104482295857    
 -9.105811615541     -9.107153177203     -9.108494738864     -9.109836300525    
 -9.111177862186     -9.113842329251     -9.118040691986     -9.122239054721    
 -9.126437417456     -9.130635780191     -9.135727964083     -9.141376651710    
 -9.147025339337     -9.152674026965     -9.159472334510     -9.169006718053    
 -9.178541101596     -9.188075485139     -9.199370192113     -9.212863747735    
 -9.226357303357     -9.239917071726     -9.259110784666     -9.278304497606    
 -9.297498210546     -9.323731114073     -9.350323361988     -9.377937956097    
 -9.409102926291     -9.440267896485     -9.472219119542     -9.504376884133    
 -9.523571879845     -9.534969703466     -9.528308668160     -9.513619570804    
 -9.517326180325     -9.550614772167     -9.600605839287     -9.353358848068    
 -8.203946985801     -5.922563890616     -1.463312968612    -0.4245861470699    
-0.4818945853040    -0.7721297889948    -0.9234714684077     -1.056427817978    
 -1.427782357205     -1.613453720603     -1.682931108621     -1.750704610790    
 -1.789912468451     -1.804635487963     -1.838195466879     -1.862316573039    
 -1.875425660983     -1.896885072440     -1.914614059264     -1.925260990206    
 -1.940558496350     -1.954414015263     -1.963122554868     -1.974469541572    
 -1.985380147956     -1.992197706178     -2.000547964964     -2.008996248059    
 -2.014237063471     -2.020440766588     -2.027029881347     -2.031022278033    
 -2.035658924747     -2.040847785771     -2.043946878612     -2.047458738275    
 -2.051452159230     -2.054004781321     -2.056721697561     -2.059893590957    
 -2.062033184245     -2.064193074405     -2.066820937116     -2.068681612611    
 -2.070451003872     -2.072683301568     -2.074397528917     -2.076001978293    
 -2.078269043006     -2.079309497774     -2.080040723458     -2.086260774732    
 -2.088283846993     -2.086709508672     -2.108426020574     -2.123834695481    
 -2.131884227227     -2.134168028831     -2.133649548516     -2.129416181147    
 -2.132506192662     -2.137340627611     -2.143104087561     -2.149197414517    
 -2.155803629011     -2.163789601624     -2.149195898045     -2.119460946787    
 -2.061643897323    -0.7125683639470     0.7630430077354     -2.026436190238    
 -1.694318938325     -2.637727044523     -1.673610481417     -1.509813441039    
 -2.133424209570     -1.548214499032     -1.889012287433     -2.328373449609    
 -1.937980669240     -2.299015350893     -2.655384511872     -2.513709879481    
 -1.737631148286     -1.958367274329     -2.045343582763     -2.078952699085    
 -2.146010701836     -2.168470869213     -2.162618053053     -2.151493199728    
 -2.140936450195     -2.130866646767     -2.128384817392     -2.125193834864    
 -2.121175506990     -2.118865346164     -2.116562220734     -2.114042596333    
 -2.112229057960     -2.110626869649     -2.109211365599     -2.107823305763    
 -2.106591482088     -2.105853001401     -2.104921675753     -2.104007544927    
 -2.103659384418     -2.103092275187     -2.102440895326     -2.102420383319    
 -2.102162690926     -2.101701701060     -2.101845660433     -2.101800167002    
 -2.101533645298     -2.101823129877     -2.102009266615     -2.101955912635    
 -2.102378052194     -2.102801785246     -2.103034583572     -2.103644647636    
 -2.104317872133     -2.104824365675     -2.105712183006     -2.106757916883    
 -2.107740066946     -2.109065632895     -2.110614797845     -2.112271531671    
 -2.114360640943     -2.116820357740     -2.119612199068     -2.123044834659    
 -2.127225063555     -2.132030969113     -2.138042390347     -2.145899213105    
 -2.154280862026     -2.164898274094     -2.180331451632     -2.194453315809    
 -2.211761349812     -2.241001263261     -2.264124161005     -2.291174820811    
 -2.354780877009     -2.413115492463     -2.498810509965     -2.952366157621    
 -3.000699540973     0.7888609052210E-30 -9.096168041229     -9.097545608397    
 -9.098923175565     -9.100300742733     -9.101678309901     -9.103055877068    
 -9.104433444236     -9.105887654235     -9.107350348895     -9.108813043554    
 -9.110275738214     -9.111738432874     -9.114562427057     -9.118964834510    
 -9.123367241963     -9.127769649417     -9.132172056870     -9.137442794273    
 -9.143254164281     -9.149065534288     -9.154876904295     -9.161903229230    
 -9.171821126381     -9.181739023533     -9.191656920684     -9.203424372422    
 -9.217502132897     -9.231579893372     -9.245730842788     -9.266109330700    
 -9.286487818613     -9.306866306525     -9.335326346572     -9.364198942630    
 -9.394557278740     -9.430075252531     -9.465593226321     -9.504527327666    
 -9.544358814901     -9.574820835081     -9.599647072682     -9.610813730902    
 -9.615908025896     -9.614138357146     -9.606108549371     -9.583549921676    
 -9.466836004120     -5.526337239146     -1.869063365459    -0.4133211165666    
-0.4495137035847    -0.8332834814675    -0.8837090596557    -0.9613496447913    
 -1.091357900947     -1.442862775177     -1.621253402624     -1.691402500344    
 -1.761010092194     -1.800162099302     -1.813209319487     -1.846153526846    
 -1.869530987553     -1.881747243833     -1.902793692052     -1.920084820827    
 -1.930190079566     -1.945098053245     -1.958574433997     -1.966864983644    
 -1.977880087681     -1.988482220937     -1.994983230531     -2.003072265442    
 -2.011284939572     -2.016295789741     -2.022306223959     -2.028725180030    
 -2.032549517974     -2.037045035698     -2.042115850374     -2.045090567227    
 -2.048498028889     -2.052410359494     -2.054872290045     -2.057511546649    
 -2.060627911612     -2.062701364141     -2.064802642167     -2.067393173557    
 -2.069204909727     -2.070928096399     -2.073134913296     -2.074813284725    
 -2.076380782388     -2.078630229924     -2.079644333199     -2.080345258024    
 -2.086553123407     -2.088556839246     -2.086956998333     -2.108664766420    
 -2.124059159309     -2.132087947801     -2.134364441782     -2.133835539222    
 -2.129584974796     -2.132668179274     -2.137494610250     -2.143243122660    
 -2.149329261854     -2.155928573571     -2.163900833577     -2.149299359322    
 -2.119558595680     -2.061731979717    -0.7124798987067     0.7633009829577    
 -2.026545047462     -1.694395931494     -2.637782725195     -1.673662349426    
 -1.509882991687     -2.133470116264     -1.548255079923     -1.889056107030    
 -2.328405831128     -1.938017183625     -2.299044782612     -2.655411635444    
 -2.513730958371     -1.737648171559     -1.958385559171     -2.045360761182    
 -2.078967947606     -2.146025279770     -2.168484429270     -2.162630369700    
 -2.151504171267     -2.140945934504     -2.130874522030     -2.128391162306    
 -2.125198530406     -2.121178414300     -2.118866571411     -2.116561776958    
 -2.114040490240     -2.112225421704     -2.110621735081     -2.109204750322    
 -2.107815255411     -2.106582041364     -2.105842273682     -2.104909715522    
 -2.103994389251     -2.103645103984     -2.103076920658     -2.102424498461    
 -2.102402945235     -2.102144302242     -2.101682439446     -2.101825512573    
 -2.101779173687     -2.101511854120     -2.101800583303     -2.101985991467    
 -2.101931946166     -2.102353406698     -2.102776474506     -2.103008633573    
 -2.103618096560     -2.104290754069     -2.104796756059     -2.105684053339    
 -2.106729265302     -2.107710952871     -2.109036067501     -2.110584791843    
 -2.112241129763     -2.114329843782     -2.116789165884     -2.119580663368    
 -2.123012962937     -2.127192864940     -2.131998486072     -2.138009629212    
 -2.145866178349     -2.154247606918     -2.164864815772     -2.180297806859    
 -2.194419465959     -2.211727316678     -2.240967138112     -2.264089900255    
 -2.291140435636     -2.354746535420     -2.413081015646     -2.498775850609    
 -2.952332089096     -3.000665494800    
END PREAD
*SET,TAD1    , 0.8000000000000E-01
*SET,TEMPERATURA,  20.00000000000    
*SET,TETA    ,  90.00000000000    
*SET,THETA   ,  90.00000000000    
*SET,THETAVP ,  1.000000000000    
*SET,TI      ,  0.000000000000    
*SET,TINF    ,  3000.000000000    
*SET,TIPOELEM,  1.000000000000    
*SET,TIPOELEM1,  2.000000000000    
*SET,TOLF    , 0.1000000000000E-05
*SET,TOLF1   , 0.1000000000000E-05
*SET,TOLF2   , 0.1000000000000E-05
*SET,TOLU    , 0.1000000000000E-03
*SET,TOLU1   , 0.1000000000000E-03
*SET,TOLU2   , 0.1000000000000E-03
*SET,TP      , 0.2666666666667E-01
*SET,TP1     , 0.1600000000000E-01
*SET,TP2     ,  100.0000000000    
*SET,TP2AUTOTS,  1.000000000000    
*SET,TP2CARRY,  1.000000000000    
*SET,TS      ,  7.000000000000    
*SET,UANTERIOR, 0.9414866414837E-02
*SET,UATUAL  , 0.9414792219388E-02
*SET,VP      ,  12.50000000000    
*SET,VP1     ,  12.50000000000    
*SET,VPI     ,  3.141592653590    
*SET,_RETURN ,  0.000000000000    
*SET,_STATUS ,  1.000000000000    
/GO  
